evt	cid	grp	npts	qfrac	plen	prms	maxd	dvtx	seg	ang	cls	sev	flag	f_m	f_em	f_trk	own_pdg	d_had	hadseg	d_a5	d_sec	xcd	xcn	hit54	a5	cen
166738	16	0	1	2.364122956440304e-05	0.0	0.0	3.0292416823356976	34.18211115554451	16004	66.42650873717537	sub	0	0	-1.0	-1.0	-1.0		-1.0	-1	-1.0	-1.0	87.7	0			38.5,56.8,206.8
166870	10	0	212	0.052249526500141294	12.380455368566302	0.5230578698974727	6.30763870239886	5.320132047233407	10066	28.172400702435795	NEARVTX	1	1	0.82	0.15	0.85	211:147;11:26	3.0	10066	-1.0	5.2	26.4	0	pr54drop(cid10,npts15,9.6cm,d2.9)		-142.8,156.9,147.4
166870	10	1	26	0.009370853821391164	4.773659206879874	0.2666425606918044	4.270001990631852	3.9301381655102134	10065	1.8206864196630022	sub	0	0	-1.0	-1.0	-1.0		-1.0	-1	-1.0	-1.0	16.8	0			-140.7,142.4,140.3
166870	10	4	24	0.0021308283464156687	3.2019045115192375	0.2267246329630384	4.771042967737774	13.516209083911049	10068	49.6007941639654	sub	0	0	-1.0	-1.0	-1.0		-1.0	-1	-1.0	-1.0	36.6	0			-137.3,153.4,156.7
166870	10	2	2	0.00029150549064394264	0.0	0.0	3.027666593269488	3.9810894237633003	10067	83.43383790710314	sub	0	0	-1.0	-1.0	-1.0		-1.0	-1	-1.0	-1.0	26.1	0			-141.3,146.6,147.4
166870	10	3	2	0.00022875532923780165	0.3120000000000118	0.0	3.3294080554957635	18.74055615503445	10016	88.7290320929154	sub	0	0	-1.0	-1.0	-1.0		-1.0	-1	-1.0	-1.0	42.5	0			-141.2,159.5,158.1
167112	16	1	20	0.027237847582257668	5.427747481176138	0.23480689320935333	4.30261246221408	4.437321376686626	16002	71.81866645293519	sub	0	0	-1.0	-1.0	-1.0		-1.0	-1	-1.0	-1.0	30.3	0	pr54drop(cid16,npts11,4.7cm,d0.3)		-106.6,173.4,226.9
167112	16	0	7	0.005031727451484212	1.9581004623156526	0.18780250724171998	3.9246669922427824	4.794594560544205	16002	20.903072381954942	sub	0	0	-1.0	-1.0	-1.0		-1.0	-1	-1.0	-1.0	35.2	0			-109.2,175.0,228.9
167684	10	0	7	0.006625750533839899	1.2139502052542022	0.10022844183522293	3.664191703500234	11.912943491580915	10000	39.71309857523388	sub	0	0	-1.0	-1.0	-1.0		-1.0	-1	-1.0	-1.0	40.0	0			14.3,-175.5,249.5
168432	19	0	15	0.008192486219281932	5.447975060805108	0.2090697655619998	4.344440465698631	15.961445166713453	19032	0.5234827608472352	sub	0	0	-1.0	-1.0	-1.0		-1.0	-1	-1.0	-1.0	37.4	0			-96.7,-173.3,446.1
168432	19	1	1	3.5076628212945505e-05	0.0	0.0	3.1576390800723177	69.93986879634534	19032	77.25374317173342	sub	0	0	-1.0	-1.0	-1.0		-1.0	-1	-1.0	-1.0	76.1	0			-86.7,-123.7,467.0
168526	19	2	383	0.06913961442518711	23.946841680672208	1.205715333080267	9.87891879559702	6.008049927389088	19024	2.9180062163623726	sub	0	0	-1.0	-1.0	-1.0		-1.0	-1	-1.0	-1.0	5.0	0			-156.4,-97.1,55.1
168526	19	0	43	0.01019222482135676	8.247286400627623	0.6131934480241403	5.01157723276814	28.320318380978705	19023	7.875950414095581	sub	0	0	-1.0	-1.0	-1.0		-1.0	-1	-1.0	-1.0	5.0	0			-156.6,-108.7,70.6
168526	19	1	42	0.0066847195861102215	6.91568663351579	0.4147139750202102	5.382049610510852	16.023587045352862	19024	16.161150296795817	sub	0	0	-1.0	-1.0	-1.0		-1.0	-1	-1.0	-1.0	4.1	9			-156.4,-108.5,56.1
168526	19	8	36	0.003032999404247833	3.7557335305472765	0.08066787295594854	6.668185547058509	328.2072684311242	19001	41.128063576944655	sub	0	0	-1.0	-1.0	-1.0		-1.0	-1	-1.0	-1.0	46.2	0			-66.2,136.4,250.5
168526	19	3	20	0.005873372725619697	3.564301208402366	0.1644676604338367	4.033897357395206	28.479581001131322	19032	44.44996715179387	sub	0	0	-1.0	-1.0	-1.0		-1.0	-1	-1.0	-1.0	2.0	20			-155.5,-113.9,65.1
168526	19	7	5	0.00011273061800018	2.2887889347872825	0.06384863453786171	3.5599102741501656	209.16557007896878	19027	15.546713154365648	sub	0	0	-1.0	-1.0	-1.0		-1.0	-1	-1.0	-1.0	109.2	0			-111.2,43.7,186.9
168526	19	5	2	9.731468849876811e-05	0.0	1.2268090012305021e-14	3.674072221663606	201.38993995343958	19027	79.48741754937505	sub	0	0	-1.0	-1.0	-1.0		-1.0	-1	-1.0	-1.0	119.2	0			-113.3,42.2,176.6
168526	19	4	1	5.638105953842008e-05	0.0	0.0	3.192755501130652	178.01183475516453	19027	76.71889932661183	sub	0	0	-1.0	-1.0	-1.0		-1.0	-1	-1.0	-1.0	118.1	0			-117.1,24.3,161.2
168526	19	6	1	2.4856009200979992e-05	0.0	0.0	3.3404699085607645	202.12382967680975	19027	79.54808326601054	sub	0	0	-1.0	-1.0	-1.0		-1.0	-1	-1.0	-1.0	112.8	0			-113.0,37.5,181.6
168614	5	1	1086	0.2549183548721124	37.16482315662852	2.3885453873332336	20.58168406156308	4.454213444593779	5002	12.086284338045752	sub	0	0	-1.0	-1.0	-1.0		-1.0	-1	-1.0	-1.0	60.3	0			107.6,92.3,245.6
168614	5	19	631	0.12356613327531674	52.64043451977956	2.1360523636564968	20.904106055988123	89.48854246349082	5002	1.1610914267657566	sub	0	0	-1.0	-1.0	-1.0		-1.0	-1	-1.0	-1.0	84.7	0			105.8,160.5,307.3
168614	5	10	302	0.058170159260605966	55.09434279611222	1.6184637802555484	14.882902035557436	79.55342718978233	5002	6.79499178993235	sub	0	0	-1.0	-1.0	-1.0		-1.0	-1	-1.0	-1.0	91.6	0			106.2,147.4,318.8
168614	5	22	231	0.047477887431749397	34.68381552680272	1.824158658784777	17.215561477918772	135.608760725257	5002	8.484198285417927	sub	0	0	-1.0	-1.0	-1.0		-1.0	-1	-1.0	-1.0	105.1	0			105.4,175.4,341.4
168614	5	2	130	0.029627665451514514	23.920101260270904	1.7254165511604485	16.470401629589976	41.407607980176785	5002	8.636792758670087	sub	0	0	-1.0	-1.0	-1.0		-1.0	-1	-1.0	-1.0	64.6	0			107.2,111.2,266.9
168614	5	5	89	0.018062110959501398	17.137157967778663	1.1563221967343817	12.481556353275822	46.41787379760086	5002	10.02559919078263	sub	0	0	-1.0	-1.0	-1.0		-1.0	-1	-1.0	-1.0	84.4	0			107.3,101.8,279.2
168614	5	32	33	0.005594333738426493	9.350896500914821	0.7767438986833181	12.603980006331328	141.6737457683674	5002	39.04267581829931	sub	0	0	-1.0	-1.0	-1.0		-1.0	-1	-1.0	-1.0	102.8	0			105.3,184.9,325.9
168614	5	25	27	0.004160080674472091	7.958071186104439	0.3987046286796157	5.7576879908518945	119.47008851691707	5002	7.431639520250572	sub	0	0	-1.0	-1.0	-1.0		-1.0	-1	-1.0	-1.0	99.2	0			105.4,162.5,316.2
168614	5	4	21	0.005002596627116335	11.218991806419558	0.46932338328663437	14.259286412720689	64.06912071848652	5002	83.38864988602651	sub	0	0	-1.0	-1.0	-1.0		-1.0	-1	-1.0	-1.0	86.8	0			107.2,110.3,287.2
168614	5	13	19	0.003479427290759597	6.989136778429854	0.4005240553077651	9.31996035399291	76.55186566008695	5002	46.91912233618276	sub	0	0	-1.0	-1.0	-1.0		-1.0	-1	-1.0	-1.0	81.4	0			106.5,131.2,285.0
168614	5	11	18	0.004600159420515159	10.361869999020191	0.784457298882509	13.854047928313257	73.2266897629546	5002	80.62295685844562	sub	0	0	-1.0	-1.0	-1.0		-1.0	-1	-1.0	-1.0	89.8	0			106.9,118.7,293.1
168614	5	12	18	0.004462516080477243	11.605658844594284	0.5151987112434866	15.007501524237794	69.60646659068395	5002	79.77378734713432	sub	0	0	-1.0	-1.0	-1.0		-1.0	-1	-1.0	-1.0	88.6	0			107.0,113.9,290.8
168614	5	37	18	0.004103952042888766	10.821745223966794	0.4209377263435367	5.916379382696813	153.11143615497832	5002	8.182741648647937	sub	0	0	-1.0	-1.0	-1.0		-1.0	-1	-1.0	-1.0	108.4	0			105.2,191.7,336.3
168614	5	3	14	0.002678039627173369	8.021762324594809	0.45537530231347223	10.830108817551187	65.19569091466094	5002	80.51825967968799	sub	0	0	-1.0	-1.0	-1.0		-1.0	-1	-1.0	-1.0	73.8	0			107.1,121.5,277.5
168614	5	7	14	0.004030456997124299	6.0138698548593155	0.29726698735837165	5.839111144686355	34.40250805159417	5002	14.136671927687779	sub	0	0	-1.0	-1.0	-1.0		-1.0	-1	-1.0	-1.0	84.9	0			107.8,90.3,265.5
168614	5	6	13	0.0027967648499303338	5.643297736778269	0.33601650072016176	8.060839829695194	41.68605445901543	5002	63.87297645015142	sub	0	0	-1.0	-1.0	-1.0		-1.0	-1	-1.0	-1.0	84.0	0			107.5,94.1,270.0
168614	5	9	12	0.0029698419459576746	7.19628271381395	0.7563450779923184	9.307744409898703	69.66179177167352	5002	49.23745459234147	sub	0	0	-1.0	-1.0	-1.0		-1.0	-1	-1.0	-1.0	76.4	0			106.8,125.5,281.0
168614	5	24	6	0.001515400112941014	4.21218927692762	0.1719021873611028	5.338039434099361	142.5962807896475	5002	21.39120188147301	sub	0	0	-1.0	-1.0	-1.0		-1.0	-1	-1.0	-1.0	104.9	0			105.9,179.9,328.5
168614	5	18	5	0.0008566147515743599	4.157191476227602	0.00012246242139908763	7.201693689681587	86.86143964867266	5002	75.39796485197192	sub	0	0	-1.0	-1.0	-1.0		-1.0	-1	-1.0	-1.0	86.0	0			106.4,136.6,291.5
168614	5	29	5	0.0009764448423676064	3.0978693313907737	0.18441026504259483	10.297756551793192	120.91361021092702	5002	32.6011690470666	sub	0	0	-1.0	-1.0	-1.0		-1.0	-1	-1.0	-1.0	105.1	0			106.0,151.8,325.5
168614	5	14	4	0.0009343580058051075	2.7632856660892724	0.16827202403710897	5.387649209070684	81.45565079992916	5002	54.938764774478464	sub	0	0	-1.0	-1.0	-1.0		-1.0	-1	-1.0	-1.0	85.0	0			106.6,132.0,289.1
168614	5	15	4	0.0008187518731962906	2.077559349570797	0.09483727672712189	5.122656927806151	84.87007755881926	5002	74.72762905103788	sub	0	0	-1.0	-1.0	-1.0		-1.0	-1	-1.0	-1.0	86.8	0			106.5,134.2,291.0
168614	5	28	4	0.0012571317767670611	2.0482398152996457	0.18371371199056039	13.079143894001618	134.17401934741318	5002	43.57965040726088	sub	0	0	-1.0	-1.0	-1.0		-1.0	-1	-1.0	-1.0	109.0	0			105.9,160.2,335.0
168614	5	23	3	0.0005054599624385287	1.5124692609474983	0.05164464951276545	17.256978762228357	115.63446267890902	5002	-1.0	sub	0	0	-1.0	-1.0	-1.0		-1.0	-1	-1.0	-1.0	94.6	0			106.0,165.4,302.2
168614	5	31	3	0.0006068179521736673	1.672653919825312	0.2578954585343066	17.55904578842488	123.63133889528171	5002	-1.0	sub	0	0	-1.0	-1.0	-1.0		-1.0	-1	-1.0	-1.0	95.9	0			105.7,171.8,307.1
168614	5	0	2	6.87457697861483e-05	0.0	2.4633077268106353e-14	18.749551274630562	79.46223937846202	5002	-1.0	sub	0	0	-1.0	-1.0	-1.0		-1.0	-1	-1.0	-1.0	104.2	0			105.8,111.7,301.7
168614	5	8	2	0.0002039716401682581	0.3130000000000024	2.1038799550228007e-14	3.036035607498728	30.971016208707145	5002	89.58544834256601	sub	0	0	-1.0	-1.0	-1.0		-1.0	-1	-1.0	-1.0	85.0	0			107.8,86.6,260.7
168614	5	17	2	0.00010182913806826612	0.0	2.8171909249863347e-14	15.47782355500928	83.18633270579969	5002	-1.0	sub	0	0	-1.0	-1.0	-1.0		-1.0	-1	-1.0	-1.0	102.9	0			106.7,117.6,302.5
168614	5	27	2	0.0005686754082074849	0.625	0.0	7.32716357126	124.15415409014714	5002	89.67179552771015	sub	0	0	-1.0	-1.0	-1.0		-1.0	-1	-1.0	-1.0	104.7	0			105.8,155.0,325.2
168614	5	30	2	0.0002551318614081662	0.0	1.1435297153639112e-14	19.206803091613118	120.76372924367647	5002	-1.0	sub	0	0	-1.0	-1.0	-1.0		-1.0	-1	-1.0	-1.0	95.0	0			105.8,170.1,303.7
168614	5	16	1	5.8488530440138475e-05	0.0	0.0	14.559966552159361	81.111254548552	5002	88.571645385739	sub	0	0	-1.0	-1.0	-1.0		-1.0	-1	-1.0	-1.0	101.6	0			106.7,116.5,300.5
168614	5	20	1	0.00014580529204415537	0.0	0.0	8.87152867323323	96.55383140114122	5002	87.75745896579086	sub	0	0	-1.0	-1.0	-1.0		-1.0	-1	-1.0	-1.0	91.1	0			106.1,145.3,295.7
168614	5	21	1	0.0002007630444343655	0.0	0.0	6.871452975899644	96.96741519520874	5002	87.80705137114724	sub	0	0	-1.0	-1.0	-1.0		-1.0	-1	-1.0	-1.0	92.9	0			106.1,144.2,297.5
168614	5	26	1	0.00022564162904359657	0.0	0.0	10.597408268062543	136.88768962269765	5002	89.12193368855176	sub	0	0	-1.0	-1.0	-1.0		-1.0	-1	-1.0	-1.0	108.8	0			106.1,162.8,335.2
168614	5	33	1	0.0003080645577943589	0.0	0.0	12.40959858335473	147.04461370359675	5002	89.31815143790044	sub	0	0	-1.0	-1.0	-1.0		-1.0	-1	-1.0	-1.0	112.8	0			105.8,169.9,342.5
168614	5	34	1	0.00014424854992473732	0.0	0.0	19.035755251631073	128.17224834120685	5002	-1.0	sub	0	0	-1.0	-1.0	-1.0		-1.0	-1	-1.0	-1.0	96.6	0			105.5,176.3,307.4
168614	5	35	1	0.00019312829985436702	0.0	0.0	14.928496039454254	138.35147694780852	5002	-1.0	sub	0	0	-1.0	-1.0	-1.0		-1.0	-1	-1.0	-1.0	100.5	0			105.5,181.8,317.0
168614	5	36	1	0.00019803000617575538	0.0	0.0	7.107684995833756	153.85594686992118	5002	88.3801896652775	sub	0	0	-1.0	-1.0	-1.0		-1.0	-1	-1.0	-1.0	108.2	0			105.5,190.1,331.4
168614	5	38	1	9.214004818279243e-05	0.0	0.0	16.183657188657946	145.92388163779086	5002	-1.0	sub	0	0	-1.0	-1.0	-1.0		-1.0	-1	-1.0	-1.0	114.3	0			105.5,166.0,344.3
169824	18	0	3	0.00032754819430982104	1.8542702214260869	0.08809785710573188	3.5583635691143147	130.81030905203917	18008	2.233479283257305	sub	0	0	-1.0	-1.0	-1.0		-1.0	-1	-1.0	-1.0	92.0	0			88.4,-163.4,240.1
169890	21	7	27	0.005592008422310166	7.674557528454328	0.2471148262581049	5.434382357729359	103.42129463142496	21001	20.35307848924902	sub	0	0	-1.0	-1.0	-1.0		-1.0	-1	-1.0	-1.0	87.0	0			-42.9,-100.5,457.6
169890	21	5	11	0.0021840999857333896	4.771823805705826	0.11587097532088952	5.397236123239379	89.20003314349161	21001	25.01098526335552	sub	0	0	-1.0	-1.0	-1.0		-1.0	-1	-1.0	-1.0	92.7	0			-45.3,-98.5,441.7
169890	21	1	3	0.00040709981605262984	1.2818560943081252	0.0700286942916599	3.6001339100094656	41.67449997216525	21002	16.73927626300177	sub	0	0	-1.0	-1.0	-1.0		-1.0	-1	-1.0	-1.0	117.2	0			-53.9,-88.2,394.1
169890	21	6	3	0.0005594117846444859	1.8000000000000111	0.08164726300101068	3.5211445482967587	94.59753791743209	21001	10.665963555801316	sub	0	0	-1.0	-1.0	-1.0		-1.0	-1	-1.0	-1.0	93.1	0			-45.2,-91.6,446.5
169890	21	0	1	0.000136651028326064	0.0	0.0	3.078757868037027	13.84199595000667	21002	81.19138772351322	sub	0	0	-1.0	-1.0	-1.0		-1.0	-1	-1.0	-1.0	92.9	0			-58.4,-92.9,365.5
169890	21	2	1	0.0002748387112302591	0.0	0.0	3.061502384451133	48.0175112563115	21002	80.534075710739	sub	0	0	-1.0	-1.0	-1.0		-1.0	-1	-1.0	-1.0	119.9	0			-53.0,-94.9,399.4
169890	21	3	1	0.00016901628643508867	0.0	0.0	3.0015200232548773	77.15401698550764	21002	80.96138240848266	sub	0	0	-1.0	-1.0	-1.0		-1.0	-1	-1.0	-1.0	101.6	0			-47.7,-90.8,428.3
169890	21	4	1	7.56497104134792e-05	0.0	0.0	3.284472263545539	87.07967425226165	21001	80.890902531153	sub	0	0	-1.0	-1.0	-1.0		-1.0	-1	-1.0	-1.0	96.4	0			-45.8,-90.9,438.1
169890	21	8	1	0.00017906015575674437	0.0	0.0	3.0058539186061557	110.21576707082342	21001	81.01129586293817	sub	0	0	-1.0	-1.0	-1.0		-1.0	-1	-1.0	-1.0	87.8	0			-42.4,-94.0,460.9
170792	10	1	177	0.11205463182590744	14.010943168140617	0.8640944544298507	7.0563498354319005	4.215791859188495	10009	25.247398850010764	sub	0	0	-1.0	-1.0	-1.0		-1.0	-1	-1.0	-1.0	59.3	0			-140.9,175.1,122.0
170792	10	3	25	0.010594237540232426	4.552449048542406	0.5493560452211651	6.362817300535964	8.094140843844986	10003	27.239706740240376	sub	0	0	-1.0	-1.0	-1.0		-1.0	-1	-1.0	-1.0	59.3	0			-140.8,185.9,118.0
170792	10	2	15	0.010899329655153207	4.532654148447042	0.21599124511026682	3.871601735716118	9.291863537525735	10009	15.801110934756506	sub	0	0	-1.0	-1.0	-1.0		-1.0	-1	-1.0	-1.0	57.2	0			-141.2,167.0,116.2
170792	10	0	2	0.0006584429303541068	0.3129999999999882	6.994405055138486e-15	3.109795009321369	4.756447939376611	10004	62.16240043583387	sub	0	0	-1.0	-1.0	-1.0		-1.0	-1	-1.0	-1.0	61.4	0			-143.9,177.9,118.1
170814	18	0	4	0.006166470135391571	1.1627303896381838	0.020085724484356884	3.2342602137119436	47.313388572474906	18011	13.847786457121645	sub	0	0	-1.0	-1.0	-1.0		-1.0	-1	-1.0	-1.0	68.6	0			58.4,-38.5,201.6
170880	13	0	25	0.07142142465288337	6.5974693604830605	0.1962904291049566	4.406725098074535	6.906272094263293	13001	6.384635639204746	sub	0	0	-1.0	-1.0	-1.0		-1.0	-1	-1.0	-1.0	11.0	0			-128.5,-70.6,483.7
170880	13	1	3	0.005252174943804442	1.6111745649581386	0.07888103541669599	3.6347023000515235	3.903003234689927	13001	9.239552826917404	sub	0	0	-1.0	-1.0	-1.0		-1.0	-1	-1.0	-1.0	4.0	3			-128.6,-70.5,474.5
171358	10	0	4	0.002885806082703151	0.6625342403724621	0.06629438749042771	3.250684906292847	4.303744649720759	10012	14.643622515269806	sub	0	0	-1.0	-1.0	-1.0		-1.0	-1	-1.0	-1.0	154.2	0			165.9,-16.0,270.0
171600	14	0	1	0.00014070413910513392	0.0	0.0	3.0073551985091522	5.776365432518963	14000	78.95981430405	sub	0	0	-1.0	-1.0	-1.0		-1.0	-1	-1.0	-1.0	101.1	0			170.4,-101.7,20.9
172090	10	5	1105	0.12408309819353522	73.71861872920755	1.9995827016070031	18.387237434971016	83.29872242693762	10002	6.488979518030584	sub	0	0	-1.0	-1.0	-1.0		-1.0	-1	-1.0	-1.0	38.3	0			42.9,86.5,298.9
172090	10	4	770	0.11383944081028109	44.262637901762346	1.587873873860844	15.552971032249772	146.9775707924512	10002	7.439470974240579	sub	0	0	-1.0	-1.0	-1.0		-1.0	-1	-1.0	-1.0	102.4	0			43.1,31.1,292.2
172090	10	23	345	0.03876601422295996	31.40441349370807	1.2714382764409011	13.41581869175339	251.17201509499424	10002	2.8264030978438424	sub	0	0	-1.0	-1.0	-1.0		-1.0	-1	-1.0	-1.0	162.8	0	pr54drop(cid10,npts3,5.6cm,d0.9)		35.3,-60.2,341.8
172090	10	17	250	0.01598831078471413	33.12430243599266	0.24901515268657762	6.170109305352693	12.573176438752494	10002	3.3995821675271944	sub	0	0	-1.0	-1.0	-1.0		-1.0	-1	-1.0	-1.0	20.7	0			38.9,169.8,283.8
172090	10	18	149	0.012756699922482644	22.292911152999576	0.6481327432373241	8.213690275387814	218.75279265904243	10002	3.0812675810219683	sub	0	0	-1.0	-1.0	-1.0		-1.0	-1	-1.0	-1.0	148.4	0			37.4,-29.1,312.2
172090	10	27	111	0.01090706413379482	22.261876339942233	0.7261986981635359	7.9905563542221465	254.13897348783405	10002	2.004528114720951	sub	0	0	-1.0	-1.0	-1.0		-1.0	-1	-1.0	-1.0	159.6	0			35.2,-61.5,329.6
172090	10	19	83	0.005283563074255688	15.732244443957912	0.4465633824361076	6.277198666602779	220.6404638894915	10002	1.7565889227071374	sub	0	0	-1.0	-1.0	-1.0		-1.0	-1	-1.0	-1.0	146.8	0			37.3,-25.9,320.9
172090	10	2	45	0.001902999145474122	16.806103057283774	0.245081326613301	4.108711922245225	96.54160569640429	10002	3.168761948738851	sub	0	0	-1.0	-1.0	-1.0		-1.0	-1	-1.0	-1.0	55.8	0			42.5,92.1,286.1
172090	10	7	21	0.002051117847506148	7.783044095255191	0.30528550354313666	4.207088522957426	161.8564141455321	10002	3.8221023308613145	sub	0	0	-1.0	-1.0	-1.0		-1.0	-1	-1.0	-1.0	114.8	0			42.9,35.9,302.3
172090	10	1	20	0.0013763529672537074	8.551777800081243	0.36033365992866606	5.506932199509985	115.30980786476925	10002	4.187366889407395	sub	0	0	-1.0	-1.0	-1.0		-1.0	-1	-1.0	-1.0	72.6	0			42.8,79.1,287.5
172090	10	6	18	0.0012242570823150717	7.785210479575207	0.34492999712408773	5.059928738628615	137.27119228931468	10002	11.013642496782435	sub	0	0	-1.0	-1.0	-1.0		-1.0	-1	-1.0	-1.0	92.7	0			43.3,57.7,290.2
172090	10	11	15	0.0005314225310569228	5.245804714498012	0.1451627609293398	4.310504936779413	76.24902705241557	10002	6.5294279665213555	sub	0	0	-1.0	-1.0	-1.0		-1.0	-1	-1.0	-1.0	35.5	0			41.9,120.6,288.9
172090	10	3	12	0.0006340250889005559	6.64692632512692	0.5658698745861197	6.705210837848413	126.19984889563062	10002	17.934619157759414	sub	0	0	-1.0	-1.0	-1.0		-1.0	-1	-1.0	-1.0	82.4	0			43.3,70.7,288.1
172090	10	12	3	4.7818459144940474e-05	1.1776725524713623	0.01893223035227092	3.9682764520632676	66.36790675047692	10002	75.9735864807865	sub	0	0	-1.0	-1.0	-1.0		-1.0	-1	-1.0	-1.0	27.8	0			41.3,133.1,287.2
172090	10	0	2	8.349811872379045e-05	0.0	2.6395552410463097e-14	8.175210310444605	148.0111750857009	10002	88.54898430122675	sub	0	0	-1.0	-1.0	-1.0		-1.0	-1	-1.0	-1.0	104.6	0			44.2,50.9,286.3
172090	10	8	2	0.00013479555040767552	0.0	2.4591502649036963e-14	4.044519260678621	134.94112734244518	10002	88.09534737437151	sub	0	0	-1.0	-1.0	-1.0		-1.0	-1	-1.0	-1.0	90.7	0			43.3,64.2,289.7
172090	10	14	2	8.044282847041386e-06	0.0	1.4210854715202004e-14	3.213172413674681	48.8789283286776	10002	87.08657572170081	sub	0	0	-1.0	-1.0	-1.0		-1.0	-1	-1.0	-1.0	20.8	0			40.4,150.3,285.2
172090	10	15	2	0.00010102305139406968	0.0	0.0	3.211541880467997	62.666179006223146	10002	87.08318368620472	sub	0	0	-1.0	-1.0	-1.0		-1.0	-1	-1.0	-1.0	31.2	0			39.8,135.7,280.4
172090	10	20	2	3.735640253656833e-05	0.0	1.4210854715202004e-14	3.1455720640290505	55.940035726123746	10002	87.4684423478292	sub	0	0	-1.0	-1.0	-1.0		-1.0	-1	-1.0	-1.0	25.8	0	pr54drop(cid10,npts2,3.0cm,d0.8)		37.0,142.7,282.7
172090	10	9	1	3.641598202990351e-05	0.0	0.0	3.446427872449931	160.1089650113322	10002	87.98511976487269	sub	0	0	-1.0	-1.0	-1.0		-1.0	-1	-1.0	-1.0	112.8	0			42.9,40.7,302.8
172090	10	10	1	3.7456541834353794e-05	0.0	0.0	3.0467959514873804	171.63605021547778	10002	88.2149752241448	sub	0	0	-1.0	-1.0	-1.0		-1.0	-1	-1.0	-1.0	124.4	0			42.6,29.1,303.4
172090	10	13	1	1.7670488820180987e-05	0.0	0.0	3.0447118763521503	71.82020890696435	10002	86.6669292961896	sub	0	0	-1.0	-1.0	-1.0		-1.0	-1	-1.0	-1.0	32.2	0			41.4,127.8,287.6
172090	10	16	1	2.3802458303160152e-05	0.0	0.0	3.0764334691327355	60.34784949971294	10002	87.34075457045923	sub	0	0	-1.0	-1.0	-1.0		-1.0	-1	-1.0	-1.0	29.7	0			39.8,138.4,280.6
172090	10	21	1	6.813861156221172e-05	0.0	0.0	3.3770760844257066	242.58905692194776	10002	84.90337686675122	sub	0	0	-1.0	-1.0	-1.0		-1.0	-1	-1.0	-1.0	159.6	0			36.7,-40.2,319.4
172090	10	22	1	5.243854745448885e-05	0.0	0.0	3.032629146466788	240.44082227910053	10002	84.99716329751764	sub	0	0	-1.0	-1.0	-1.0		-1.0	-1	-1.0	-1.0	156.8	0			36.7,-37.0,325.1
172090	10	24	1	4.364656710994644e-05	0.0	0.0	3.2940999028566416	248.52504743033447	10002	84.52786833448718	sub	0	0	-1.0	-1.0	-1.0		-1.0	-1	-1.0	-1.0	162.8	0			36.1,-45.7,322.6
172090	10	25	1	5.120159795923602e-05	0.0	0.0	3.2256030908963194	251.07532435577974	10002	84.87896569224671	sub	0	0	-1.0	-1.0	-1.0		-1.0	-1	-1.0	-1.0	164.2	0			35.8,-48.0,323.9
172090	10	26	1	4.33042046008741e-05	0.0	0.0	3.2807823487698577	249.00031549130617	10002	84.76107864858315	sub	0	0	-1.0	-1.0	-1.0		-1.0	-1	-1.0	-1.0	161.5	0			35.8,-44.8,329.6
172266	16	0	11	0.01023818678273328	2.401352047706454	0.09108146106948803	3.787025682511278	6.185262162592627	16006	22.131051376385642	sub	0	0	-1.0	-1.0	-1.0		-1.0	-1	-1.0	-1.0	64.5	0			-25.3,129.7,75.0
172266	16	1	2	0.0023283187142215493	0.0	9.769962616701378e-15	3.35943086995401	5.895012435101383	16006	75.06289774867676	sub	0	0	-1.0	-1.0	-1.0		-1.0	-1	-1.0	-1.0	67.9	0			-25.4,126.0,69.4
172788	26	14	345	0.06618510547933568	30.835298730380615	1.4345999790013264	14.073095359585976	132.1224476724527	26004	1.5356900406283964	sub	0	0	-1.0	-1.0	-1.0		-1.0	-1	-1.0	-1.0	121.2	0			158.1,-116.9,349.3
172788	26	12	214	0.04181346541953722	23.99751132514796	1.1350268718821868	11.400994028592411	129.03676815094215	26004	7.301161416241698	sub	0	0	-1.0	-1.0	-1.0		-1.0	-1	-1.0	-1.0	109.1	0			158.3,-103.9,340.8
172788	26	9	79	0.026297328858987203	7.678012744809578	0.4787627490904363	5.842881566487553	171.72170785011429	26004	7.110663208539744	sub	0	0	-1.0	-1.0	-1.0		-1.0	-1	-1.0	-1.0	134.4	0			160.4,-140.9,334.8
172788	26	10	40	0.009695784208113241	6.084106496195295	0.2638224934224653	4.750500289443215	173.3827171904974	26004	7.3335758241037325	sub	0	0	-1.0	-1.0	-1.0		-1.0	-1	-1.0	-1.0	128.6	0			160.3,-137.1,327.7
172788	26	4	22	0.003075178196178152	12.720419221882608	0.2022782993079241	4.612137770058466	53.05018143465674	26005	5.307841404692664	sub	0	0	-1.0	-1.0	-1.0		-1.0	-1	-1.0	-1.0	89.2	0			168.4,-33.9,386.2
172788	26	8	12	0.002105522752383191	2.827057325899707	0.09459577299006743	4.235121958102286	102.52560219847531	26004	23.71940720044892	sub	0	0	-1.0	-1.0	-1.0		-1.0	-1	-1.0	-1.0	107.5	0			161.4,-75.1,366.8
172788	26	7	9	0.0010859250299761654	2.5272710812999017	0.11349441144652665	4.1615996023163895	90.53140843839775	26004	19.731271573206605	sub	0	0	-1.0	-1.0	-1.0		-1.0	-1	-1.0	-1.0	102.9	0			164.3,-61.4,367.4
172788	26	13	6	0.0005666670610755322	2.2486868156555415	0.05873639287160156	3.49481501084107	125.80125894219026	26004	31.70469930552367	sub	0	0	-1.0	-1.0	-1.0		-1.0	-1	-1.0	-1.0	118.4	0			158.9,-95.5,356.4
172788	26	2	5	0.0005186702787542736	2.4249906207913137	0.10563246677253375	4.066776395377559	38.26737166320676	26005	7.303753034741424	sub	0	0	-1.0	-1.0	-1.0		-1.0	-1	-1.0	-1.0	84.5	0			170.0,-17.8,395.8
172788	26	0	2	0.0002883782741379453	0.0	1.7763568394002505e-15	3.9520711228417955	71.36742168167491	26004	82.16228144626123	sub	0	0	-1.0	-1.0	-1.0		-1.0	-1	-1.0	-1.0	96.2	0			167.4,-44.5,378.4
172788	26	1	2	0.00015742952570052738	0.0	1.929014502089177e-14	3.137516452546501	4.129727714995289	26005	77.0730532031148	sub	0	0	-1.0	-1.0	-1.0		-1.0	-1	-1.0	-1.0	77.0	0			176.5,13.6,414.2
172788	26	15	2	0.00030070411444730797	0.0	2.1066481892262345e-14	3.636741536045707	130.03988784557606	26004	85.97537438858699	sub	0	0	-1.0	-1.0	-1.0		-1.0	-1	-1.0	-1.0	120.0	0			158.3,-98.1,354.8
172788	26	3	1	0.0001453996649321884	0.0	0.0	3.1368475082477083	50.85791751104245	26005	83.862305872387	sub	0	0	-1.0	-1.0	-1.0		-1.0	-1	-1.0	-1.0	88.9	0			169.0,-27.8,390.2
172788	26	5	1	8.252137280311246e-05	0.0	0.0	3.3740477412152994	50.8046219992827	26005	83.86988351224883	sub	0	0	-1.0	-1.0	-1.0		-1.0	-1	-1.0	-1.0	92.1	0			169.0,-31.1,395.9
172788	26	6	1	0.0001779115945350811	0.0	0.0	3.2089237152042314	83.81083196037372	26004	81.96151925624463	sub	0	0	-1.0	-1.0	-1.0		-1.0	-1	-1.0	-1.0	100.3	0			165.2,-55.2,372.4
172788	26	11	1	8.45573705305006e-05	0.0	0.0	3.3912327036049947	126.56910486406231	26004	84.5354485329044	sub	0	0	-1.0	-1.0	-1.0		-1.0	-1	-1.0	-1.0	114.9	0			158.7,-91.6,350.8
172942	4	3	149	0.08060325327510533	11.356921886874666	0.7152302844521453	8.700353383627586	42.25448360825155	4003	4.02866319276185	EM-INT	0	0	1.0	1.0	1.0	11:149	42.3	4001	-1.0	-1.0	6.4	0	pr54drop(cid4,npts16,2.0cm,d0.1)		-141.6,129.2,223.4
172942	4	0	27	0.01638110308730838	12.167846307377571	0.3042024711104124	5.698273159475611	20.93175150339789	4002	7.918440718469303	sub	0	0	-1.0	-1.0	-1.0		-1.0	-1	-1.0	-1.0	16.5	0			-140.0,143.6,246.2
172942	4	2	12	0.007337145571562257	3.9774638808846996	0.09044533878241094	3.738761024724637	6.249898079168975	4002	1.1782712273624034	sub	0	0	-1.0	-1.0	-1.0		-1.0	-1	-1.0	-1.0	38.6	0			-142.8,141.7,265.6
172942	4	7	7	0.0018943660495155798	5.689441452384322	0.13727130133545046	3.9716773534616383	35.633186077026565	4003	7.015541462926034	sub	0	0	-1.0	-1.0	-1.0		-1.0	-1	-1.0	-1.0	9.0	0			-139.4,134.6,234.4
172942	4	5	5	0.0017712286080419897	1.5397038098500961	0.0862856815627737	3.6317139204513325	15.988441887813813	4002	7.626872724071606	sub	0	0	-1.0	-1.0	-1.0		-1.0	-1	-1.0	-1.0	31.2	0			-141.7,142.6,256.1
172942	4	4	2	0.0006970102692807426	0.0	0.0	3.0808247272443356	10.70456253192998	4002	82.05825560616361	sub	0	0	-1.0	-1.0	-1.0		-1.0	-1	-1.0	-1.0	35.7	0			-141.7,135.7,261.0
172942	4	1	1	0.00045385982878706055	0.0	0.0	3.181003143663964	3.955646470553187	4002	82.78783700607104	sub	0	0	-1.0	-1.0	-1.0		-1.0	-1	-1.0	-1.0	45.7	0			-143.0,135.1,269.9
172942	4	6	1	0.000447498808039797	0.0	0.0	3.1019008688221916	14.554077847806058	4002	81.73622741801118	sub	0	0	-1.0	-1.0	-1.0		-1.0	-1	-1.0	-1.0	33.6	0			-141.4,136.1,257.9
172942	4	8	1	0.0004899660332459903	0.0	0.0	3.3746242753823767	33.063520487086656	4003	81.13519517635035	sub	0	0	-1.0	-1.0	-1.0		-1.0	-1	-1.0	-1.0	15.2	0			-138.9,136.4,239.5
173146	15	0	3	0.0020423686663599665	0.625	0.0	3.398276939862348	8.405746094785401	15001	54.96311399389173	sub	0	0	-1.0	-1.0	-1.0		-1.0	-1	-1.0	-1.0	94.7	0			-129.8,-78.4,250.3
173498	6	3	13	0.0033922211826329937	3.2870080158824644	0.21803510240553606	4.3726886465880614	99.54485857642271	6000	5.584776491423616	sub	0	0	-1.0	-1.0	-1.0		-1.0	-1	-1.0	-1.0	178.4	0			-156.5,148.2,439.1
173498	6	2	4	0.00035941151321183085	2.1275994860656384	0.07387251909374248	3.575686088011638	94.60633065498311	6000	6.18538093464349	sub	0	0	-1.0	-1.0	-1.0		-1.0	-1	-1.0	-1.0	173.8	0			-158.4,141.5,433.8
173498	6	0	3	0.00033600094355876534	1.2400142184133907	0.05971759330770247	3.5470851413519595	5.945188642927989	6000	5.194476342637742	sub	0	0	-1.0	-1.0	-1.0		-1.0	-1	-1.0	-1.0	138.3	0			-173.7,145.7,344.8
173498	6	1	2	0.00014914655267055698	0.0	7.0777262044734226e-15	3.4880154816170057	31.41052564030085	6000	80.19820844152417	sub	0	0	-1.0	-1.0	-1.0		-1.0	-1	-1.0	-1.0	145.3	0			-170.1,145.9,370.6
174114	17	0	88	0.05374534535424406	23.665362347259578	0.44759901600783786	6.329929699451612	5.98047631882278	17015	2.939775559259013	NEARVTX	1	1	1.0	0.0	1.0	13:88	6.0	17018	-1.0	-1.0	48.8	0			172.8,-165.2,331.2
174114	17	1	62	0.0566958023408255	10.416419768405515	0.5333637796873371	8.29687682203368	12.925615072405659	17015	27.500426769298098	NEARVTX	1	1	1.0	0.0	1.0	13:62	12.9	17018	-1.0	-1.0	45.8	0			173.2,-155.8,337.9
174114	17	2	2	0.0009307127741982757	0.0	0.0	3.669497104508998	10.722142509778548	17015	84.06558428252958	sub	0	0	-1.0	-1.0	-1.0		-1.0	-1	-1.0	-1.0	48.4	0			173.0,-152.0,334.1
174224	20	8	70	0.011710419749669153	12.610566890247242	0.4241118192340058	6.286212784820124	6.148261610855634	20028	7.338934195244528	sub	0	0	-1.0	-1.0	-1.0		-1.0	-1	-1.0	-1.0	108.8	0			-102.5,2.3,199.7
174224	20	1	53	0.011027957400483209	5.0349401385643375	0.3637796962685082	6.190940639353598	217.30069515804337	20016	46.81124755186184	sub	0	0	-1.0	-1.0	-1.0		-1.0	-1	-1.0	-1.0	32.7	0	pr54drop(cid20,npts8,4.8cm,d0.2)		-138.3,25.9,403.2
174224	20	5	20	0.0036303001201743535	6.050401795186337	0.19499255858141973	4.057064822762882	87.45807384501505	20028	4.412600318743252	sub	0	0	-1.0	-1.0	-1.0		-1.0	-1	-1.0	-1.0	87.3	0	pr54drop(cid20,npts4,3.1cm,d1.2)		-113.2,10.3,277.7
174224	20	2	13	0.002098340735910784	6.080966608548092	0.1804626224870329	3.7394406747533777	210.64162408667693	20016	14.704603477263975	sub	0	0	-1.0	-1.0	-1.0		-1.0	-1	-1.0	-1.0	25.9	0			-138.6,23.6,395.8
174224	20	7	10	0.0008660748306944959	3.2566474049157925	0.19517454103194296	4.279332326426638	44.49850425637247	20028	8.106965934790932	sub	0	0	-1.0	-1.0	-1.0		-1.0	-1	-1.0	-1.0	115.8	0			-106.2,5.3,233.2
174224	20	10	5	0.0006070091463160649	1.7889039298434262	0.17086831620124204	3.7972130649859483	8.570655882538977	20028	12.793733076196668	sub	0	0	-1.0	-1.0	-1.0		-1.0	-1	-1.0	-1.0	113.1	0			-102.3,-5.5,196.9
174224	20	0	3	0.000566021399863731	0.3000000000168598	0.08164726299183676	3.6194246780393096	209.81031799020016	20016	16.27967272473823	sub	0	0	-1.0	-1.0	-1.0		-1.0	-1	-1.0	-1.0	26.1	0			-138.3,17.0,393.8
174224	20	4	3	0.00027368887919540996	0.9649978725147478	0.04730817887953474	3.267972247434186	154.5606085887245	20028	21.196939951889245	sub	0	0	-1.0	-1.0	-1.0		-1.0	-1	-1.0	-1.0	28.8	0			-125.3,15.8,340.1
174224	20	6	2	0.0001357546652377775	0.0	1.2323475573339238e-14	3.5426432337451113	48.84378125462852	20028	81.6657068504041	sub	0	0	-1.0	-1.0	-1.0		-1.0	-1	-1.0	-1.0	119.4	0			-107.7,-0.9,236.9
174224	20	11	2	0.0002952327337051317	0.0	1.2295751324518482e-14	3.2261814245482268	6.309390640695814	20028	83.98546926226193	sub	0	0	-1.0	-1.0	-1.0		-1.0	-1	-1.0	-1.0	113.7	0			-101.4,-5.7,193.9
174224	20	3	1	9.481636753475962e-06	0.0	0.0	3.1359028109939877	195.4665655629036	20016	76.85242532518565	sub	0	0	-1.0	-1.0	-1.0		-1.0	-1	-1.0	-1.0	14.6	0			-133.0,20.5,379.6
174224	20	9	1	7.769978536765093e-05	0.0	0.0	3.0510072048266283	20.968827568009143	20028	83.16124117247527	sub	0	0	-1.0	-1.0	-1.0		-1.0	-1	-1.0	-1.0	113.7	0			-103.6,-3.6,208.9
174576	5	0	243	0.10125848510500364	33.44217176963427	0.6599265395329852	8.272013250110284	62.43277598217143	5001	1.5697723382687945	TRK-COR	2	1	0.84	0.03	0.97	13:197;11:7	62.4	5005	-1.0	-1.0	140.3	0			-194.9,-118.0,61.5
174576	5	1	46	0.021361353502104632	9.70624697392697	0.30071851451773324	5.978409622131957	78.9954174926622	5001	20.739206480213497	sub	0	0	-1.0	-1.0	-1.0		-1.0	-1	-1.0	-1.0	142.4	0			-194.8,-113.9,52.6
174576	5	2	27	0.008028676949201114	16.860636282630498	0.2699797221441534	5.173823368651083	60.17271376496162	5001	2.2899037147952126	sub	0	0	-1.0	-1.0	-1.0		-1.0	-1	-1.0	-1.0	140.3	0			-194.1,-126.2,46.1
174576	5	3	3	0.00031802339479973464	0.6059428754473679	0.028036294486147802	3.243286026547769	9.280925902624167	5001	29.67636053771765	sub	0	0	-1.0	-1.0	-1.0		-1.0	-1	-1.0	-1.0	130.3	0			-182.9,-179.3,19.1
174576	5	4	1	0.00015573379281142618	0.0	0.0	3.349496762201738	4.850368629289942	5005	82.87633549017428	sub	0	0	-1.0	-1.0	-1.0		-1.0	-1	-1.0	-1.0	129.8	0			-181.5,-184.7,16.3
175808	18	0	6	0.0018640469814350058	3.019746430380449	0.0583018796082971	3.254867180085849	106.65582728426045	18001	4.6141680353742	sub	0	0	-1.0	-1.0	-1.0		-1.0	-1	-1.0	-1.0	131.1	0			-197.1,-46.7,386.3
277298	17	1	125	0.0838386913606226	13.005561396410375	0.6202196423527804	6.203672000517111	9.072507164505296	17003	29.034156700577206	NEARVTX	1	1	1.0	1.0	1.0	11:125	9.3	17010	-1.0	9.3	44.7	0			-169.3,-97.8,91.8
277298	17	0	111	0.10154393749627325	13.730508617921274	0.6885919676715536	6.442393829160094	4.223392391194552	17011	7.676687858613218	NEARVTX	1	1	0.93	1.0	1.0	11:103	3.3	17010	-1.0	3.3	48.7	0	pr54drop(cid17,npts8,17.1cm,d2.7)		-169.0,-88.0,84.5
278046	3	0	79	0.06600716752498123	5.2085219418184545	0.38486046437251004	5.1830636692983125	5.053177614135479	3031	7.77638652696688	NEARVTX	1	1	0.97	0.0	1.0	2212:77	3.0	3031	-1.0	14.5	138.4	0			-105.2,-173.5,250.7
278420	18	2	468	0.12035854390911052	33.265062473822596	1.1468911545947047	11.555153131395542	4.180330754856605	18002	3.916027736198598	sub	0	0	-1.0	-1.0	-1.0		-1.0	-1	-1.0	-1.0	37.1	0			20.9,-33.1,79.0
278420	18	3	333	0.13612805210116366	21.026438290292436	0.6893739645278472	7.986854246197299	3.058383978508909	18002	3.6304589052012703	NEARVTX	1	1	1.0	0.0	1.0	211:333	3.0	18002	-1.0	15.4	48.0	0			20.7,-24.8,69.5
278420	18	0	2	0.00015558358043520835	0.31259999999999977	7.924228990431202e-15	3.1428485470986343	23.17348982112966	18002	88.94298264215536	sub	0	0	-1.0	-1.0	-1.0		-1.0	-1	-1.0	-1.0	46.9	0			18.7,-41.2,67.0
278420	18	1	1	3.9033111694207815e-05	0.0	0.0	3.212725581184924	7.566921969334693	18002	87.3268365795512	sub	0	0	-1.0	-1.0	-1.0		-1.0	-1	-1.0	-1.0	53.8	0			23.6,-26.0,73.4
278785	5	0	104	0.05650307808044504	11.564599580784193	0.5906031296502142	7.234248102601948	178.0280307585297	5002	5.464933167279199	TRK-COR	2	1	1.0	0.0	1.0	13:104	165.9	25006	-1.0	-1.0	170.0	0			-128.4,39.9,463.5
278785	5	1	19	0.006953844687244975	5.310136906960741	0.3294307418082074	5.184690722695025	176.25368390567044	5002	12.96848472489416	sub	0	0	-1.0	-1.0	-1.0		-1.0	-1	-1.0	-1.0	169.4	0			-128.5,41.8,454.2
278785	5	2	2	0.00023492728590065827	0.0	0.0	3.2905819743625964	5.556821552830371	5002	80.7385473372246	sub	0	0	-1.0	-1.0	-1.0		-1.0	-1	-1.0	-1.0	43.1	0			-87.7,-78.8,335.9
279256	15	0	13	0.0027347503174398	4.591857218666268	0.6158018850978167	6.933910897898795	47.54656611891126	15007	46.91905775376611	sub	0	0	-1.0	-1.0	-1.0		-1.0	-1	-1.0	-1.0	24.3	0			87.0,-12.1,251.2
279256	15	3	12	0.0031743456241699487	6.56167516605306	0.1542527877640846	4.171125388908844	33.818934871754905	15007	2.5437644273071984	sub	0	0	-1.0	-1.0	-1.0		-1.0	-1	-1.0	-1.0	27.7	0			86.8,-28.9,249.5
279256	15	8	6	0.0005307980939571964	2.078400000000002	0.04714045207910049	3.658609939580872	33.99348723402764	15007	4.721173279244132	sub	0	0	-1.0	-1.0	-1.0		-1.0	-1	-1.0	-1.0	29.9	0			87.3,-44.1,255.1
279256	15	4	3	0.0012360530682051383	1.732038105816382	1.7460170335487622e-15	4.691375331392702	40.311973084556406	15007	68.48113974193807	sub	0	0	-1.0	-1.0	-1.0		-1.0	-1	-1.0	-1.0	27.2	0			87.0,-23.3,249.9
279256	15	5	3	0.0009672171749716911	1.732038105816382	1.7460170335487622e-15	4.854550694966508	42.63201448794087	15007	67.68690094037453	sub	0	0	-1.0	-1.0	-1.0		-1.0	-1	-1.0	-1.0	26.6	0			87.0,-20.2,249.9
279256	15	6	3	0.0010991422698712588	1.732038105816382	3.1218502092257003e-15	5.283927529783106	45.04844338276296	15007	65.12107590347154	sub	0	0	-1.0	-1.0	-1.0		-1.0	-1	-1.0	-1.0	25.9	0	pr54drop(cid15,npts19,45.3cm,d2.4)		87.0,-17.1,249.9
279256	15	7	3	0.00016076106190209975	2.0784999999999987	1.5700924586837752e-16	3.214363280651383	35.66609227403528	15007	5.42015370615393	sub	0	0	-1.0	-1.0	-1.0		-1.0	-1	-1.0	-1.0	29.1	0			87.3,-38.7,255.2
279256	15	1	2	0.0006213356251911458	0.3126000000000033	0.0	3.4560431999614694	27.65875621390087	15006	78.77407212607278	sub	0	0	-1.0	-1.0	-1.0		-1.0	-1	-1.0	-1.0	33.2	0			87.2,-54.8,248.9
279256	15	2	2	0.0006714560674589066	0.3126000000000033	3.552713678800501e-15	3.1123583999918605	30.89485537836357	15007	88.17174859847522	sub	0	0	-1.0	-1.0	-1.0		-1.0	-1	-1.0	-1.0	29.3	0	pr54drop(cid15,npts19,45.3cm,d1.8)		86.8,-38.1,249.1
279256	15	9	1	5.869443989948472e-05	0.0	0.0	3.1356621326284433	29.587553093995446	15006	78.77407212607278	sub	0	0	-1.0	-1.0	-1.0		-1.0	-1	-1.0	-1.0	34.0	0			86.7,-55.8,251.0
280598	15	2	35	0.026403359927436275	4.269245637139619	0.15413685122594278	4.507573182988805	11.104312585657881	15007	23.2365728779261	sub	0	0	-1.0	-1.0	-1.0		-1.0	-1	-1.0	-1.0	75.7	0			-123.8,154.4,477.3
280598	15	1	11	0.007092251930018621	2.264691202533865	0.10701106622511285	3.532297127932479	11.428894128479811	15006	75.60890437460658	sub	0	0	-1.0	-1.0	-1.0		-1.0	-1	-1.0	-1.0	80.1	0			-127.7,153.3,476.8
280598	15	0	8	0.002996967429723255	2.1266118708262187	0.2678438705407613	3.7634559915057015	7.393944076066552	15006	3.0488504467659685	sub	0	0	-1.0	-1.0	-1.0		-1.0	-1	-1.0	-1.0	83.1	0			-129.6,160.0,480.7
280598	15	3	7	0.0050017155390127445	1.0085929222948977	0.09929160937342797	3.551906952610105	13.667674162051133	15007	23.08981493803452	sub	0	0	-1.0	-1.0	-1.0		-1.0	-1	-1.0	-1.0	77.5	0			-123.7,156.4,482.6
280598	15	4	4	0.002059206383171945	0.9120664658644821	0.11448275668727273	3.80130411832571	21.514650729212388	15008	20.349449365216543	sub	0	0	-1.0	-1.0	-1.0		-1.0	-1	-1.0	-1.0	79.1	0			-122.3,167.1,493.4
280752	13	0	3	0.0014480408274908433	0.30030000000198637	0.0816472629999211	3.288138471840868	4.63939578501339	13001	45.896200215615394	sub	0	0	-1.0	-1.0	-1.0		-1.0	-1	-1.0	-1.0	57.3	0			-108.6,-91.7,100.2
280774	16	0	1	0.0004621137021996887	0.0	0.0	3.0457491590740036	31.571134310665812	16003	77.91119974695522	sub	0	0	-1.0	-1.0	-1.0		-1.0	-1	-1.0	-1.0	71.9	0			-117.0,12.0,31.9
280972	7	5	977	0.19202555324941126	24.682066154128123	1.6228677305075834	7.946083828528347	22.334989865679383	7024	33.36043296810049	sub	0	0	-1.0	-1.0	-1.0		-1.0	-1	-1.0	-1.0	47.7	0			58.4,-161.0,116.7
280972	7	4	233	0.04318189697192726	19.209259131884615	0.6129084801723803	9.305207185226989	30.26824906102103	7159	61.82651150974225	EM-INT	0	0	1.0	1.0	1.0	11:233	19.9	30037	-1.0	26.4	37.7	0			51.5,-159.0,117.6
280972	7	6	104	0.010070078853536276	18.13085220090641	0.5169679611420532	6.427471008102646	12.83205984438976	7159	1.4970443796168271	sub	0	0	-1.0	-1.0	-1.0		-1.0	-1	-1.0	-1.0	44.7	0			50.6,-162.5,101.5
280972	7	7	65	0.012539756693167143	5.125082707525564	0.47420912463229625	5.448529071226478	29.398970883689117	7159	28.232485916754214	sub	0	0	-1.0	-1.0	-1.0		-1.0	-1	-1.0	-1.0	42.8	0			49.1,-161.1,113.2
280972	7	9	13	0.0026408261271357895	1.612608301479522	0.18433922310458278	3.5684510337119777	7.228819711405181	7012	53.088094234118486	sub	0	0	-1.0	-1.0	-1.0		-1.0	-1	-1.0	-1.0	54.7	0			45.3,-173.0,91.7
280972	7	8	9	0.001042436585130098	2.5153291291925255	0.16730799747956332	3.8734727945346443	9.350601401514236	7159	6.163733140644543	sub	0	0	-1.0	-1.0	-1.0		-1.0	-1	-1.0	-1.0	54.8	0			48.6,-172.2,94.3
280972	7	3	6	0.0006683656352752082	1.3344625259019653	0.10001644838793164	4.9252775769493455	41.26536309327716	7159	71.10189820392402	sub	0	0	-1.0	-1.0	-1.0		-1.0	-1	-1.0	-1.0	43.1	0			53.3,-155.0,121.3
280972	7	1	4	0.0008330764008975084	1.6985243687170102	0.14081803396989975	7.546103336159665	41.31091906578696	7159	65.5182829034724	sub	0	0	-1.0	-1.0	-1.0		-1.0	-1	-1.0	-1.0	40.0	0			50.0,-153.7,121.3
280972	7	0	3	0.00014469213018431358	0.4342005290478743	0.08154283309960367	3.4721730947635554	464.8101975215905	7012	50.414865567715886	sub	0	0	-1.0	-1.0	-1.0		-1.0	-1	-1.0	-1.0	163.6	0			-166.7,-132.0,495.0
280972	7	10	3	0.0002964905428311642	0.9684372838733128	0.07617008926242248	3.3028053651403564	8.517662264377478	7012	11.982429909342697	sub	0	0	-1.0	-1.0	-1.0		-1.0	-1	-1.0	-1.0	51.1	0			44.8,-168.5,91.9
280972	7	2	1	0.00016319974260899895	0.0	0.0	3.2010893473941016	40.352506438881846	7159	74.12150207868413	sub	0	0	-1.0	-1.0	-1.0		-1.0	-1	-1.0	-1.0	45.1	0			52.7,-158.0,121.4
280994	18	1	69	0.036407711697058656	19.24154258939734	0.3631655908939995	6.1319951312766126	16.387918235090154	18001	4.743212107561321	TRK-COR	2	1	1.0	0.0	1.0	13:69	81.0	32002	-1.0	-1.0	111.7	0			-28.8,-162.8,55.7
280994	18	4	17	0.008798997474255308	9.344290290367711	0.3500035241608191	4.717730811523698	3.6292571429977136	18001	1.2656165263782344	sub	0	0	-1.0	-1.0	-1.0		-1.0	-1	-1.0	-1.0	111.4	0			-28.6,-148.5,40.2
280994	18	2	6	0.0007221547721240819	4.552129414735145	0.08125539773044231	3.5776994857030515	16.327418659420722	18001	3.419772195516108	sub	0	0	-1.0	-1.0	-1.0		-1.0	-1	-1.0	-1.0	109.5	0			-28.9,-153.1,51.2
280994	18	0	2	0.0001634314411231992	0.0	9.85420660408561e-16	3.1900385076045614	37.66991288867018	18001	84.8665069869369	sub	0	0	-1.0	-1.0	-1.0		-1.0	-1	-1.0	-1.0	111.5	0			-29.3,-166.0,67.1
280994	18	3	2	0.000725168876308985	0.6251999999999995	3.9968028886505635e-15	3.0783505485892757	13.803875267836933	18001	88.5733113080408	sub	0	0	-1.0	-1.0	-1.0		-1.0	-1	-1.0	-1.0	115.2	0			-28.4,-157.2,44.7
280994	18	5	1	0.00011288392737807772	0.0	0.0	3.357953236720235	14.10244461361221	18001	88.5733113080408	sub	0	0	-1.0	-1.0	-1.0		-1.0	-1	-1.0	-1.0	110.9	0			-28.7,-151.1,46.9
281214	60	0	5	0.009623895141036466	0.8830052815344338	0.12289747846920963	3.4355321654730564	4.249422360745046	60040	74.34821241090962	sub	0	0	-1.0	-1.0	-1.0		-1.0	-1	-1.0	-1.0	99.2	0			31.8,29.3,297.0
281595	20	4	2	0.0002591900008223295	0.0	2.4633077268106353e-14	3.3401087766718023	269.2668887629892	20002	82.82223108005725	sub	0	0	-1.0	-1.0	-1.0		-1.0	-1	-1.0	-1.0	94.8	0			36.0,-143.4,446.8
281595	20	0	1	0.0002384653019985287	0.0	0.0	3.105050513276717	8.25234294125006	20008	74.44998690221186	sub	0	0	-1.0	-1.0	-1.0		-1.0	-1	-1.0	-1.0	94.8	0			-31.0,-68.9,205.6
281595	20	1	1	5.66601415817354e-05	0.0	0.0	3.0700721229313066	277.01771818730293	20002	82.2522364280998	sub	0	0	-1.0	-1.0	-1.0		-1.0	-1	-1.0	-1.0	99.4	0			37.0,-144.5,454.4
281595	20	2	1	9.993521386811142e-05	0.0	0.0	3.157881885061578	276.3430278110522	20002	82.50896497300374	sub	0	0	-1.0	-1.0	-1.0		-1.0	-1	-1.0	-1.0	98.2	0			36.3,-150.4,452.0
281595	20	3	1	0.0001019270778869326	0.0	0.0	3.2849228438427622	273.7282954429446	20002	82.73284323859453	sub	0	0	-1.0	-1.0	-1.0		-1.0	-1	-1.0	-1.0	96.6	0			36.0,-150.2,449.3
281837	63	2	61	0.022420889551826365	21.93018099616754	0.5663419414053262	6.843274321551037	61.55079865314504	63049	2.420897715233106	sub	0	0	-1.0	-1.0	-1.0		-1.0	-1	-1.0	-1.0	75.0	0			151.4,-69.5,222.4
281837	63	1	49	0.023453749697739508	15.946308694691487	0.5661578698095692	6.939203006109574	69.60552934393934	63049	1.0155770880634125	sub	0	0	-1.0	-1.0	-1.0		-1.0	-1	-1.0	-1.0	83.0	0			151.8,-60.7,217.5
281837	63	0	31	0.012068644286993821	5.718994405259798	0.3732071267752905	5.290494494846391	11.368436523990455	63054	18.45445701661583	sub	0	0	-1.0	-1.0	-1.0		-1.0	-1	-1.0	-1.0	56.6	0			149.3,-131.0,197.4
281837	63	6	29	0.004813806136042795	3.970491627805817	0.3478658910825781	4.608646439031751	5.753526657624868	63049	9.861670557677066	sub	0	0	-1.0	-1.0	-1.0		-1.0	-1	-1.0	-1.0	64.7	0			144.9,-131.1,190.7
281837	63	7	24	0.003828012827496132	8.089999378771413	0.33619954670353414	5.227004782856031	14.023702578135362	63049	0.5854040695632644	sub	0	0	-1.0	-1.0	-1.0		-1.0	-1	-1.0	-1.0	67.8	0			144.2,-116.7,192.3
281837	63	8	14	0.003476247970511919	5.408987177947004	0.25208892260124205	4.784409054418322	19.99143744206505	63049	12.908034852983869	sub	0	0	-1.0	-1.0	-1.0		-1.0	-1	-1.0	-1.0	63.5	0			144.2,-117.5,201.1
281837	63	5	10	0.003243356779903589	4.199639077983763	0.3056555745274273	4.792803134909673	47.20268250862445	63049	9.299538739667316	sub	0	0	-1.0	-1.0	-1.0		-1.0	-1	-1.0	-1.0	71.8	0			149.2,-88.2,205.6
281837	63	4	7	0.0023114512511206026	2.241497088842073	0.046498268055654775	3.495529144492982	17.81777957546901	63054	12.044373709714304	sub	0	0	-1.0	-1.0	-1.0		-1.0	-1	-1.0	-1.0	51.5	0			149.9,-139.0,201.3
281837	63	3	1	0.00019866234864240895	0.0	0.0	3.2030546295684696	59.14725226382034	63049	83.37973667239216	sub	0	0	-1.0	-1.0	-1.0		-1.0	-1	-1.0	-1.0	73.9	0			150.2,-82.4,214.9
281953	10	2	150	0.03948354444011266	31.798521256190227	0.39528788280794536	5.701085247564715	13.367386618183854	10000	0.4636117968386857	NEARVTX	1	1	1.0	0.0	1.0	13:150	-1.0	-1	-1.0	-1.0	131.2	0			194.5,171.3,176.3
281953	10	3	65	0.016742285388676625	9.111400660307341	0.43488373476263803	5.998904733365903	4.141327927126777	10000	3.053517946013996	sub	0	0	-1.0	-1.0	-1.0		-1.0	-1	-1.0	-1.0	131.8	0			194.5,192.9,176.5
281953	10	1	15	0.008564924429697128	4.895072208677925	0.2045753636352368	4.427388056179399	73.22372342349166	10000	5.130227152038606	sub	0	0	-1.0	-1.0	-1.0		-1.0	-1	-1.0	-1.0	144.7	0			194.9,124.0,181.3
281953	10	4	3	0.00032137643745132463	1.7317911508984267	0.05357451451189917	4.270286875609165	47.214429584608986	10000	17.700465397957597	sub	0	0	-1.0	-1.0	-1.0		-1.0	-1	-1.0	-1.0	133.6	0			194.2,151.7,175.6
281953	10	0	2	0.00027929532034213844	0.3129999999999882	7.105427357601002e-15	3.176113977803687	71.10885565103689	10000	85.2842452203268	sub	0	0	-1.0	-1.0	-1.0		-1.0	-1	-1.0	-1.0	140.3	0			194.8,128.6,175.5
282072	7	0	120	0.024947652485392463	26.779512401682624	0.24899087118145258	6.460408752548099	15.12078599676614	7003	4.227935343901093	sub	0	0	-1.0	-1.0	-1.0		-1.0	-1	-1.0	-1.0	145.2	0			87.4,24.1,277.4
282072	7	2	13	0.0030335022824941925	3.880535920313105	0.16881792352318184	3.2833561427295925	86.32420870422152	7005	9.179386067650489	sub	0	0	-1.0	-1.0	-1.0		-1.0	-1	-1.0	-1.0	96.0	0			108.8,83.6,320.4
282072	7	1	4	0.0002533980980898818	1.8108342617011735	0.08952430031915523	3.4023899908740787	3.1279871866745257	7003	62.534363233874075	sub	0	0	-1.0	-1.0	-1.0		-1.0	-1	-1.0	-1.0	145.8	0			90.8,29.0,249.1
282204	4	0	455	0.08811601492962648	46.267090891015975	0.3756699514158494	6.449578423307988	4.743450000000017	4018	1.07508117639474	NEARVTX	1	1	1.0	0.0	1.0	13:445;2212:10	3.1	4017	-1.0	48.8	96.7	0			-198.4,0.9,234.5
282217	9	0	1	0.0002789385677432882	0.0	0.0	3.0223068408088554	251.72999438243352	9004	66.5839486030765	sub	0	0	-1.0	-1.0	-1.0		-1.0	-1	-1.0	-1.0	50.6	0			142.8,79.1,248.9
282231	19	0	1	0.0001467849801205718	0.0	0.0	3.175511090848219	3.175511090848219	19000	84.25510622693321	sub	0	0	-1.0	-1.0	-1.0		-1.0	-1	-1.0	-1.0	138.7	0			-0.7,54.2,466.4
282979	14	1	90	0.06329648950000474	5.820624756786696	0.49080386064533793	5.474610313985823	8.552807141517935	14002	32.52251174727426	NEARVTX	1	1	0.47	1.0	0.0	11:42	84.9	46037	-1.0	5.1	56.2	0			-25.0,160.9,398.2
282979	14	2	39	0.016541107699005728	9.37481360627113	0.219975200509369	5.197676515521141	20.381501810219966	14002	3.106048680982444	sub	0	0	-1.0	-1.0	-1.0		-1.0	-1	-1.0	-1.0	66.5	0			-25.9,154.0,411.1
282979	14	0	17	0.0055675091492432835	3.962995207563856	0.18204493444868844	4.4514399119835515	13.755487674379275	14002	8.959741764531378	sub	0	0	-1.0	-1.0	-1.0		-1.0	-1	-1.0	-1.0	60.8	0			-25.8,164.1,406.9
282979	14	4	11	0.003821936565113417	4.879578486814377	0.12493621788321604	3.8702461433350557	7.430822430929202	14003	5.360155816888463	sub	0	0	-1.0	-1.0	-1.0		-1.0	-1	-1.0	-1.0	53.9	0			-25.2,168.5,402.9
282979	14	3	9	0.0023492374023052613	6.5932165185462726	0.07777883328234644	3.322673443177952	20.45990139370179	14002	2.198931012410209	sub	0	0	-1.0	-1.0	-1.0		-1.0	-1	-1.0	-1.0	66.3	0			-25.7,160.5,413.6
283009	23	2	17	0.0061421695709862265	5.14649812402506	0.22566735989819847	4.6400201982319	11.874402700346677	23030	2.698897116911557	sub	0	0	-1.0	-1.0	-1.0		-1.0	-1	-1.0	-1.0	91.7	0			-178.2,26.5,295.1
283009	23	3	3	0.0007476501378153483	1.0967245057768964	0.041624767275408966	3.5740559606698836	17.760881881539575	23030	68.27332738402032	sub	0	0	-1.0	-1.0	-1.0		-1.0	-1	-1.0	-1.0	95.5	0			-178.0,34.2,298.6
283009	23	0	1	0.00015676240052225947	0.0	0.0	3.166983321711691	7.039898241452072	23030	84.69010527415787	sub	0	0	-1.0	-1.0	-1.0		-1.0	-1	-1.0	-1.0	87.1	0			-179.0,26.6,287.3
283009	23	1	1	0.00022248165126091996	0.0	0.0	3.0164794065267495	9.033483629807515	23030	84.69010527415787	sub	0	0	-1.0	-1.0	-1.0		-1.0	-1	-1.0	-1.0	89.0	0			-178.7,26.5,289.4
283463	14	0	1	0.0006786430505027657	0.0	0.0	3.0173056021722426	4.06911396812623	14045	72.02098585412897	sub	0	0	-1.0	-1.0	-1.0		-1.0	-1	-1.0	-1.0	109.8	0			-63.9,39.0,7.9
283515	23	1	17	0.00990927700663147	8.495450812502446	0.21226636980576954	4.478692677556699	3.646683157336266	23004	1.2016261755280437	sub	0	0	-1.0	-1.0	-1.0		-1.0	-1	-1.0	-1.0	9.5	0			-96.6,179.9,81.7
283515	23	3	12	0.0036655479971946926	7.822437681470071	0.21485446632371316	4.213526430438061	10.181386701721916	23003	1.3321101492006826	sub	0	0	-1.0	-1.0	-1.0		-1.0	-1	-1.0	-1.0	8.3	0			-96.4,190.6,86.7
283515	23	2	10	0.0045483304195579445	4.20974264087277	0.19824182516559735	4.356279252986433	4.520849306269789	23004	7.2163394625619315	sub	0	0	-1.0	-1.0	-1.0		-1.0	-1	-1.0	-1.0	2.6	9			-96.9,181.3,89.0
283515	23	4	6	0.0021343917911809777	3.968926572048456	0.070627993812249	3.410301552648973	13.400564090365737	23005	11.245246280717334	sub	0	0	-1.0	-1.0	-1.0		-1.0	-1	-1.0	-1.0	15.2	0			-95.7,188.4,78.1
283515	23	0	4	0.003182252721431162	1.0394229168148978	0.1562624836883966	3.3596791334887786	4.526509561461239	23002	37.005825743844056	sub	0	0	-1.0	-1.0	-1.0		-1.0	-1	-1.0	-1.0	9.0	0			-97.6,171.9,88.6
283515	23	5	2	0.0011723240920640994	0.3126000000000033	0.0	3.1524497236276448	22.055227024449323	23005	87.13414691633746	sub	0	0	-1.0	-1.0	-1.0		-1.0	-1	-1.0	-1.0	20.0	0			-95.5,197.5,82.0
283713	17	28	1198	0.09034322597508608	123.66070217289669	1.3068253791152025	15.835992631976062	190.86692909689725	17007	1.5186162882511647	sub	0	0	-1.0	-1.0	-1.0		-1.0	-1	-1.0	-1.0	31.1	0			-98.2,85.9,264.6
283713	17	29	1198	0.07290337344774091	227.79889237507552	1.1217466108492653	11.538783612235731	70.3462310546912	17007	4.989353633006102	sub	0	0	-1.0	-1.0	-1.0		-1.0	-1	-1.0	-1.0	20.2	0			-95.7,73.1,227.0
283713	17	37	462	0.027729087332571317	73.87765478371648	0.693474391323517	8.249830672201703	25.71907653571566	17007	1.0845495939274064	sub	0	0	-1.0	-1.0	-1.0		-1.0	-1	-1.0	-1.0	14.7	0			-87.6,73.3,102.9
283713	17	39	348	0.025281157088371017	58.34791549512353	0.7930004550706525	9.345083581220656	6.4186670306224825	17007	0.8886622894138335	sub	0	0	-1.0	-1.0	-1.0		-1.0	-1	-1.0	-1.0	12.3	0			-84.9,62.5,63.1
283713	17	17	196	0.008197716996275282	57.9362400614377	0.3434069763194753	5.791001969434992	348.1937741167984	17006	1.1253791015759902	sub	0	0	-1.0	-1.0	-1.0		-1.0	-1	-1.0	-1.0	56.9	0			-108.9,85.3,411.3
283713	17	36	156	0.010130361734182292	27.543477741532875	0.5625589253642264	8.413964645159853	102.05571558281288	17007	8.315287340110395	sub	0	0	-1.0	-1.0	-1.0		-1.0	-1	-1.0	-1.0	18.6	0			-91.3,78.0,154.1
283713	17	41	134	0.00792133520997012	17.076387857880945	0.724254451228766	8.670342421150385	5.2336410509319435	17007	3.496131416301329	sub	0	0	-1.0	-1.0	-1.0		-1.0	-1	-1.0	-1.0	13.4	0			-84.1,72.1,46.6
283713	17	23	116	0.005155910465894501	44.331068800033705	0.3776277622150125	5.720473449811645	321.1522815414831	17006	1.1441062248176195	sub	0	0	-1.0	-1.0	-1.0		-1.0	-1	-1.0	-1.0	63.0	0			-105.9,90.7,377.3
283713	17	25	68	0.0025747435006952604	17.314363289385224	0.361539779301665	5.83355277768188	323.7935748003966	17006	2.0773030035638422	sub	0	0	-1.0	-1.0	-1.0		-1.0	-1	-1.0	-1.0	54.4	0			-105.3,82.1,367.8
283713	17	34	62	0.0026978129209095335	29.345010813759185	0.40768301452745187	5.592044935441764	137.18168698791396	17007	0.23085789376385532	sub	0	0	-1.0	-1.0	-1.0		-1.0	-1	-1.0	-1.0	11.6	0			-93.3,79.5,186.9
283713	17	26	60	0.0026879442626141885	20.581061714891575	0.3107121875228742	5.0992510832474	301.129348552827	17006	0.18916127842356883	sub	0	0	-1.0	-1.0	-1.0		-1.0	-1	-1.0	-1.0	59.2	0			-103.6,81.0,346.6
283713	17	35	21	0.0008114570689174496	6.243214622016619	0.3436157524314101	5.536895886685974	128.90613635917416	17007	9.268364355173688	sub	0	0	-1.0	-1.0	-1.0		-1.0	-1	-1.0	-1.0	16.5	0			-92.1,78.4,167.0
283713	17	18	19	0.0007675769909406368	8.403582399772251	0.22410509872276235	4.468107640825129	395.0771090625348	17006	1.9071281148763959	sub	0	0	-1.0	-1.0	-1.0		-1.0	-1	-1.0	-1.0	84.1	0			-110.7,94.3,433.9
283713	17	22	18	0.0006381264869635292	12.987156483799009	0.1926753990651632	4.383277810041249	367.6259696205506	17006	0.3006785083716883	sub	0	0	-1.0	-1.0	-1.0		-1.0	-1	-1.0	-1.0	69.3	0			-108.6,92.8,408.7
283713	17	5	9	0.0003301397616488818	5.78964997954642	0.1431550788297624	3.797116591573129	440.83374072910976	17006	2.576309597176333	sub	0	0	-1.0	-1.0	-1.0		-1.0	-1	-1.0	-1.0	115.6	0			-114.8,90.4,477.1
283713	17	10	8	0.00028765070638774775	4.363773057307516	0.1393331742089138	4.158164750223353	422.63560522768313	17006	5.954833577647862	sub	0	0	-1.0	-1.0	-1.0		-1.0	-1	-1.0	-1.0	103.8	0			-112.9,95.4,458.3
283713	17	13	8	0.00032160490681919614	5.418595141779952	0.18266834382352506	4.061050356742702	412.52715078618763	17006	1.1677767537365145	sub	0	0	-1.0	-1.0	-1.0		-1.0	-1	-1.0	-1.0	95.9	0			-112.0,94.6,449.2
283713	17	20	8	0.0003521101163408534	3.299786110426896	0.18537294279993197	4.6447106863614165	386.9368659119598	17006	24.295662200095954	sub	0	0	-1.0	-1.0	-1.0		-1.0	-1	-1.0	-1.0	79.1	0			-109.8,94.0,422.2
283713	17	15	7	0.00021333829906552534	3.3021144549507158	0.17332353029974695	4.176183836949706	409.73573195036334	17006	0.5973971722090754	sub	0	0	-1.0	-1.0	-1.0		-1.0	-1	-1.0	-1.0	89.8	0			-111.6,87.4,445.9
283713	17	16	5	0.0001662612923491126	3.612875665665457	0.0874390898449985	3.7518203528420577	406.5117575088942	17006	1.7844653289303665	sub	0	0	-1.0	-1.0	-1.0		-1.0	-1	-1.0	-1.0	91.7	0			-111.3,94.5,442.1
283713	17	38	5	0.0003538940620715716	2.7052370716691687	0.07975907383101923	4.042496763140321	64.94314448230854	17007	6.5451772864950035	sub	0	0	-1.0	-1.0	-1.0		-1.0	-1	-1.0	-1.0	36.1	0			-87.4,64.5,101.9
283713	17	24	4	7.921812684488552e-05	1.3653048411923083	0.035550151837278644	3.497909274123624	343.83331868546423	17006	13.154804436615898	sub	0	0	-1.0	-1.0	-1.0		-1.0	-1	-1.0	-1.0	56.6	0			-106.2,83.3,379.1
283713	17	27	4	0.00013406846491672346	1.8000000000000118	0.25981250060139055	4.110044019228988	317.2607543268155	17006	5.247814401474496	sub	0	0	-1.0	-1.0	-1.0		-1.0	-1	-1.0	-1.0	66.9	0			-104.0,88.8,352.4
283713	17	8	3	8.8011343211737e-05	1.951468564173902	0.08921622112598697	3.6289166923477274	431.0328093799473	17006	6.263703805884129	sub	0	0	-1.0	-1.0	-1.0		-1.0	-1	-1.0	-1.0	107.2	0			-113.7,89.1,466.0
283713	17	11	3	8.224803486845108e-05	1.951468564173902	0.08921622112598691	3.874941817627715	423.7811143815283	17006	5.724507089858365	sub	0	0	-1.0	-1.0	-1.0		-1.0	-1	-1.0	-1.0	101.0	0			-113.1,88.4,458.8
283713	17	31	3	9.864904922522903e-05	1.7267600644523644	0.06726896614535455	3.6895427901028532	183.12696333377562	17007	25.571230600647816	sub	0	0	-1.0	-1.0	-1.0		-1.0	-1	-1.0	-1.0	28.1	0			-95.2,83.1,218.2
283713	17	32	3	7.810462624092031e-05	1.4677614912375057	0.11162616938405695	4.098413323470451	176.40437333935347	17007	35.22455273631124	sub	0	0	-1.0	-1.0	-1.0		-1.0	-1	-1.0	-1.0	27.5	0			-94.9,83.1,211.6
283713	17	2	2	7.61862065235364e-05	0.0	2.3593871897712903e-15	3.116942612561233	457.15739957307915	17006	83.49070666990303	sub	0	0	-1.0	-1.0	-1.0		-1.0	-1	-1.0	-1.0	130.1	0			-116.5,90.6,491.4
283713	17	7	2	4.811998940674582e-05	0.0	3.552713678800501e-15	3.5526433947132965	437.4790301896766	17006	83.81486765012212	sub	0	0	-1.0	-1.0	-1.0		-1.0	-1	-1.0	-1.0	116.3	0			-114.3,96.7,471.4
283713	17	21	2	5.8171766800393834e-05	0.0	0.0	3.783279529720205	382.9986696424023	17006	85.51069523654952	sub	0	0	-1.0	-1.0	-1.0		-1.0	-1	-1.0	-1.0	76.6	0			-109.3,93.2,417.4
283713	17	33	2	6.104244082543527e-05	0.0	0.0	3.1743872353573948	171.06642554376356	17007	86.33835492570577	sub	0	0	-1.0	-1.0	-1.0		-1.0	-1	-1.0	-1.0	26.0	0			-94.6,82.3,206.5
283713	17	0	1	3.098098671065408e-05	0.0	0.0	3.086013441318748	460.8368237818024	17006	83.50592631152644	sub	0	0	-1.0	-1.0	-1.0		-1.0	-1	-1.0	-1.0	136.1	0			-116.8,97.1,494.3
283713	17	1	1	2.4200855548221185e-05	0.0	0.0	3.396289068969247	460.4408457083928	17006	83.50592631152644	sub	0	0	-1.0	-1.0	-1.0		-1.0	-1	-1.0	-1.0	132.7	0			-116.8,90.2,494.3
283713	17	3	1	2.5510161475646285e-05	0.0	0.0	3.4001213581282683	450.7280685949123	17006	83.5677351392828	sub	0	0	-1.0	-1.0	-1.0		-1.0	-1	-1.0	-1.0	127.3	0			-115.6,96.9,484.3
283713	17	4	1	3.166114336149289e-05	0.0	0.0	3.0418192336166223	449.4569926789659	17006	83.52325070862797	sub	0	0	-1.0	-1.0	-1.0		-1.0	-1	-1.0	-1.0	123.3	0			-115.6,90.5,483.4
283713	17	6	1	2.7413445214049607e-05	0.0	0.0	3.425626949917335	438.1132359996671	17006	83.8389677772761	sub	0	0	-1.0	-1.0	-1.0		-1.0	-1	-1.0	-1.0	113.2	0			-114.3,89.5,472.1
283713	17	9	1	4.14700451617876e-05	0.0	0.0	3.3175484638509807	430.0464961666587	17006	84.18036614044551	sub	0	0	-1.0	-1.0	-1.0		-1.0	-1	-1.0	-1.0	109.9	0			-113.4,95.8,463.7
283713	17	12	1	3.178179373729772e-05	0.0	0.0	3.2521817292396213	420.3801887773733	17006	84.5082695351046	sub	0	0	-1.0	-1.0	-1.0		-1.0	-1	-1.0	-1.0	102.1	0			-112.4,95.1,454.1
283713	17	14	1	2.4890986196769743e-05	0.0	0.0	3.0093552066846443	415.75683612768177	17006	84.6228269060091	sub	0	0	-1.0	-1.0	-1.0		-1.0	-1	-1.0	-1.0	94.3	0			-112.1,87.8,449.9
283713	17	19	1	3.4462524349813924e-05	0.0	0.0	3.3206083614301805	391.7594697355126	17006	85.55700746460012	sub	0	0	-1.0	-1.0	-1.0		-1.0	-1	-1.0	-1.0	82.0	0			-109.9,93.9,425.6
283713	17	30	1	2.671902749631001e-05	0.0	0.0	3.8886039255753446	189.12778951949394	17007	86.84328913220133	sub	0	0	-1.0	-1.0	-1.0		-1.0	-1	-1.0	-1.0	30.0	0			-95.5,83.3,223.7
283713	17	40	1	4.540924930989236e-05	0.0	0.0	3.2399833471794284	22.76155331298811	17007	85.8182900969909	sub	0	0	-1.0	-1.0	-1.0		-1.0	-1	-1.0	-1.0	16.6	0			-84.6,69.5,58.3
283771	21	3	953	0.1744415520766899	110.70582164035243	1.845431095206928	18.31888825775189	15.196435337275659	21001	4.492899558624908	sub	0	0	-1.0	-1.0	-1.0		-1.0	-1	-1.0	-1.0	88.8	0	pr54drop(cid21,npts4,3.7cm,d0.3)		101.6,136.6,441.2
283771	21	11	365	0.06556141654265434	53.36881344885643	0.5232923598042054	7.145299573845732	4.141759461871276	21001	1.2755167701621506	NEARVTX	1	1	1.0	0.0	1.0	13:365	3.2	21002	-1.0	-1.0	89.3	0			100.2,166.6,399.7
283771	21	6	186	0.036904589590859516	33.19690142394423	0.4186940005158369	6.624111261142862	70.34094003672402	21001	1.490607708196865	TRK-COR	2	1	1.0	0.0	1.0	13:186	57.4	50006	-1.0	-1.0	84.6	0			102.5,143.1,460.9
283771	21	2	33	0.004032326326381427	11.729910210461416	0.25509700864700086	4.656556882504488	105.57233011660774	21001	4.6745259527372935	sub	0	0	-1.0	-1.0	-1.0		-1.0	-1	-1.0	-1.0	88.4	0			103.3,133.7,482.1
283771	21	1	15	0.0014356053801174644	4.1760794207302006	0.4006372375625994	5.324089123972291	125.51504760087533	21001	13.383661415893068	sub	0	0	-1.0	-1.0	-1.0		-1.0	-1	-1.0	-1.0	99.1	0			103.1,120.3,495.5
283771	21	9	14	0.00146460974580296	4.7319355759632975	0.2565064947403199	4.873068232643587	61.059791108797604	21001	11.134477981542254	sub	0	0	-1.0	-1.0	-1.0		-1.0	-1	-1.0	-1.0	86.8	0			101.7,152.3,438.6
283771	21	8	5	0.0005504861049706363	2.855377402390256	0.1226219482086873	4.418992419092823	112.3494272493189	21001	8.458943108994484	sub	0	0	-1.0	-1.0	-1.0		-1.0	-1	-1.0	-1.0	94.1	0			102.7,125.3,482.5
283771	21	0	4	0.00040330116951676077	1.826877909501758	0.17189110741111135	4.586576610065507	121.99446024000433	21001	36.53779261793043	sub	0	0	-1.0	-1.0	-1.0		-1.0	-1	-1.0	-1.0	97.5	0			103.1,122.6,490.8
283771	21	5	2	0.0002665250640184932	0.0	7.105427357601002e-15	4.302575391553281	119.59163676967552	21001	87.63284537812271	sub	0	0	-1.0	-1.0	-1.0		-1.0	-1	-1.0	-1.0	96.5	0			103.0,123.7,488.2
283771	21	12	2	0.0001705631701001341	0.0	0.0	3.7046908103106024	58.37418157242122	21001	88.43099328975508	sub	0	0	-1.0	-1.0	-1.0		-1.0	-1	-1.0	-1.0	88.6	0			101.5,154.0,433.9
283771	21	4	1	0.00012084480941904104	0.0	0.0	3.4168268905521075	117.58674506189037	21001	87.8106643930019	sub	0	0	-1.0	-1.0	-1.0		-1.0	-1	-1.0	-1.0	96.1	0			103.0,124.4,486.1
283771	21	7	1	0.0001683128203229695	0.0	0.0	3.6796283779751535	110.34779573806631	21001	88.1897387162785	sub	0	0	-1.0	-1.0	-1.0		-1.0	-1	-1.0	-1.0	93.8	0			102.7,126.6,479.2
283771	21	10	1	0.00011628098716856794	0.0	0.0	3.6542536857749783	67.98394665102933	21001	88.13949463460368	sub	0	0	-1.0	-1.0	-1.0		-1.0	-1	-1.0	-1.0	86.5	0			101.8,150.7,442.9
284103	8	0	3	0.0004231471988127011	1.385730493277809	6.803698044554597e-05	3.083678485186156	156.3275025294334	8004	36.78527707401547	sub	0	0	-1.0	-1.0	-1.0		-1.0	-1	-1.0	-1.0	183.4	0			200.8,-101.7,338.3
284145	11	0	1	0.00021933855045642815	0.0	0.0	3.2612158300241427	30.83133573574134	11009	89.11689010922383	sub	0	0	-1.0	-1.0	-1.0		-1.0	-1	-1.0	-1.0	43.8	0			201.2,43.3,301.9
284200	31	1	6	0.005287951255038038	1.268185669673581	0.05876167979797482	3.5116180031432864	10.278084159997928	31035	20.09045209294633	sub	0	0	-1.0	-1.0	-1.0		-1.0	-1	-1.0	-1.0	10.0	0			200.9,-132.1,480.6
284200	31	0	2	0.0006695970403917512	0.3129999999999882	2.6924339008921937e-15	3.2632980250047576	7.594481022426771	31029	78.32538822274931	sub	0	0	-1.0	-1.0	-1.0		-1.0	-1	-1.0	-1.0	7.4	0			199.4,-128.7,479.2
284211	14	0	20	0.011194511556826615	5.458801304378676	0.12498298157501112	3.9711429085340266	123.18925861620403	14004	8.64488063724651	sub	0	0	-1.0	-1.0	-1.0		-1.0	-1	-1.0	-1.0	287.1	0			-200.6,166.0,458.8
284657	5	0	1	0.00022062823222144897	0.0	0.0	3.223701693705546	25.27523651105959	5005	71.08586298017262	sub	0	0	-1.0	-1.0	-1.0		-1.0	-1	-1.0	-1.0	8.9	0			-32.8,93.8,448.9
284769	16	19	2091	0.20734577345485505	241.41981390938528	1.8809695816331693	18.328742155423537	105.55152016855133	16004	1.8548814535541227	sub	0	0	-1.0	-1.0	-1.0		-1.0	-1	-1.0	-1.0	112.3	0			138.4,-54.5,416.8
284769	16	20	1668	0.17243269378886275	170.55075229840423	2.1917289943603535	20.624137025339994	172.0854421134458	16004	5.372960151263279	sub	0	0	-1.0	-1.0	-1.0		-1.0	-1	-1.0	-1.0	126.9	0			138.7,-40.4,420.3
284769	16	1	314	0.02926464250877202	85.51732089876748	0.6608453701657936	7.676727268830122	77.14731227839435	16004	1.5149268082461023	sub	0	0	-1.0	-1.0	-1.0		-1.0	-1	-1.0	-1.0	95.8	0			132.0,-20.2,265.2
284769	16	2	84	0.006328341090659984	43.387792334743686	0.2659553324588877	4.915583307197627	36.26967975342627	16029	0.4332234721211209	sub	0	0	-1.0	-1.0	-1.0		-1.0	-1	-1.0	-1.0	53.9	0			127.8,-19.0,208.0
284769	16	0	57	0.004467480738026552	13.52883166035555	0.6610078981317474	7.6636692908814865	87.48424153373051	16004	11.18219010422632	sub	0	0	-1.0	-1.0	-1.0		-1.0	-1	-1.0	-1.0	101.1	0			130.8,-26.5,244.5
284769	16	6	34	0.0021941787019951822	17.019040082834263	0.2333712358720749	4.584284937435719	38.20531786777332	16029	0.9428877211648403	sub	0	0	-1.0	-1.0	-1.0		-1.0	-1	-1.0	-1.0	57.2	0			127.4,-10.1,199.8
284769	16	17	22	0.001358319365341983	5.575441954241404	0.3932481326459891	5.472218879111105	3.9378481129799847	16029	17.183895953560807	sub	0	0	-1.0	-1.0	-1.0		-1.0	-1	-1.0	-1.0	23.1	0			124.2,-3.4,158.8
284769	16	5	15	0.0009659785428412519	9.318280393293202	0.17974703193590966	4.2088080557326455	58.79542029399993	16029	1.4800993972155698	sub	0	0	-1.0	-1.0	-1.0		-1.0	-1	-1.0	-1.0	77.3	0			128.5,-13.0,215.3
284769	16	10	9	0.0005598222401104743	4.509704628158433	0.20845184320125687	4.226183569131848	25.940740533533347	16029	3.8205690863213615	sub	0	0	-1.0	-1.0	-1.0		-1.0	-1	-1.0	-1.0	43.7	0			125.6,-14.5,179.9
284769	16	14	8	0.00045876967536448524	4.9128745139636445	0.18353549096768357	4.354976819972759	14.97527457166979	16029	1.3578113215259027	sub	0	0	-1.0	-1.0	-1.0		-1.0	-1	-1.0	-1.0	34.7	0			125.0,-5.4,170.0
284769	16	11	7	0.00041916605567184686	3.8187342273166074	0.1662322445252617	4.02007530627226	24.725236000089055	16029	7.8075237924583405	sub	0	0	-1.0	-1.0	-1.0		-1.0	-1	-1.0	-1.0	44.3	0			125.7,-7.1,179.2
284769	16	4	4	0.00024283830098431716	2.4492483910742937	0.10791383504677987	3.7759238617853508	70.44154860679953	16029	8.201167945039444	sub	0	0	-1.0	-1.0	-1.0		-1.0	-1	-1.0	-1.0	88.7	0			129.2,-14.3,223.8
284769	16	16	4	0.00018519503123732087	3.425854127948249	0.10047992552934441	3.553881501696421	11.924703753640992	16029	5.465657164276579	sub	0	0	-1.0	-1.0	-1.0		-1.0	-1	-1.0	-1.0	30.1	0			124.4,-11.7,165.8
284769	16	7	3	0.00017549194534017938	2.0784657268283353	4.2095532278465476e-19	3.618549409487176	34.22181637526563	16029	21.52742611481388	sub	0	0	-1.0	-1.0	-1.0		-1.0	-1	-1.0	-1.0	53.4	0			126.3,-8.6,187.9
284769	16	8	2	0.00010679469882958492	0.0	1.2712174834767208e-14	3.365370067318006	32.600032327040715	16029	85.40945485964072	sub	0	0	-1.0	-1.0	-1.0		-1.0	-1	-1.0	-1.0	50.3	0			126.0,-15.1,184.7
284769	16	13	2	0.00011784189238394205	0.0	1.182400551940662e-14	3.3810249466692817	21.611212238375227	16029	85.27351161393015	sub	0	0	-1.0	-1.0	-1.0		-1.0	-1	-1.0	-1.0	39.6	0			125.1,-13.1,173.9
284769	16	15	2	0.0001317704752550291	0.0	0.0	3.3976746551869894	17.73711185295115	16029	85.21736860813483	sub	0	0	-1.0	-1.0	-1.0		-1.0	-1	-1.0	-1.0	35.7	0			124.8,-12.5,170.0
284769	16	24	2	0.00011130656520235797	0.0	8.881784197001252e-16	3.782148987017831	164.97270370037612	16004	86.7804370007811	sub	0	0	-1.0	-1.0	-1.0		-1.0	-1	-1.0	-1.0	148.9	0			135.1,-26.7,317.0
284769	16	3	1	4.3123957827658476e-05	0.0	0.0	3.311170700824709	75.8723601894926	16029	85.49855060524929	sub	0	0	-1.0	-1.0	-1.0		-1.0	-1	-1.0	-1.0	94.1	0			129.5,-14.9,228.1
284769	16	9	1	0.00010073640821092926	0.0	0.0	3.275609895714077	30.614136326579576	16029	85.41348880027081	sub	0	0	-1.0	-1.0	-1.0		-1.0	-1	-1.0	-1.0	49.9	0			126.0,-8.1,183.4
284769	16	12	1	5.826319608719755e-05	0.0	0.0	3.3867570126154574	22.141752062853996	16029	85.27351161393015	sub	0	0	-1.0	-1.0	-1.0		-1.0	-1	-1.0	-1.0	41.9	0			125.4,-6.4,175.0
284769	16	18	1	4.979303220014707e-05	0.0	0.0	3.110566726498566	7.821836931316059	16029	84.74357561804231	sub	0	0	-1.0	-1.0	-1.0		-1.0	-1	-1.0	-1.0	25.9	0			123.8,-10.7,159.4
284769	16	21	1	6.0882547081725365e-05	0.0	0.0	11.178522371494362	290.0240593173955	16004	88.38488688601414	sub	0	0	-1.0	-1.0	-1.0		-1.0	-1	-1.0	-1.0	149.4	0			139.5,-40.7,440.5
284769	16	22	1	6.38914902244006e-05	0.0	0.0	13.282407229489692	292.5219199093088	16004	88.46200777568582	sub	0	0	-1.0	-1.0	-1.0		-1.0	-1	-1.0	-1.0	149.7	0			139.5,-39.1,443.2
284769	16	23	1	6.157413950216872e-05	0.0	0.0	3.014778640298468	169.32334824453508	16004	86.84175848872393	sub	0	0	-1.0	-1.0	-1.0		-1.0	-1	-1.0	-1.0	149.1	0			135.4,-27.7,320.5
284791	4	2	89	0.0824138493586573	13.898151664014602	0.6065276288961928	7.350969119782784	4.628552797581527	4000	6.573236434744852	NEARVTX	1	1	1.0	0.0	1.0	13:89	34.6	31010	-1.0	-1.0	95.4	0			-122.3,186.8,210.5
284791	4	1	76	0.0784408215220476	12.940734852761569	0.29021025510822746	5.238654407383635	17.140386372541325	4000	3.7643164750616593	TRK-COR	2	1	1.0	0.0	1.0	13:76	30.1	31010	-1.0	-1.0	109.8	0			-122.7,190.0,228.1
284791	4	0	33	0.02662278908624258	13.00299223574298	0.11443354384875346	4.688017278125156	18.790416626567904	4000	8.053699765967371	sub	0	0	-1.0	-1.0	-1.0		-1.0	-1	-1.0	-1.0	105.0	0			-122.7,197.1,224.5
284791	4	3	1	0.0005185613363385762	0.0	0.0	3.2255557660657677	15.067330287745065	4000	89.25391560082821	sub	0	0	-1.0	-1.0	-1.0		-1.0	-1	-1.0	-1.0	108.3	0			-122.4,184.7,220.6
284794	12	13	1379	0.06506405446181651	141.48315020424974	0.5539441594079674	7.124861701113921	6.813212424400104	12003	0.5012438989227821	NEARVTX	1	1	1.0	0.0	1.0	13:1379	8.8	44008	-1.0	-1.0	106.7	0			-48.3,22.9,343.6
284794	12	0	1295	0.07393249067720209	90.41044794002565	0.8581437664173795	9.853832409778441	46.66898354798504	12003	5.105350947666807	sub	0	0	-1.0	-1.0	-1.0		-1.0	-1	-1.0	-1.0	132.7	0	pr54drop(cid12,npts21,71.3cm,d0.9)		-48.4,26.2,369.5
284794	12	12	68	0.0034001848728085933	26.14910671469559	0.2067059901653874	4.574686782720761	154.74961272342495	12003	1.7168849624220264	sub	0	0	-1.0	-1.0	-1.0		-1.0	-1	-1.0	-1.0	150.6	0			-52.2,70.5,419.0
284794	12	15	8	0.00027788623010432484	4.00522196357515	0.2985995740382676	6.4828070309087495	3.5183782357785245	12003	74.4967706108981	sub	0	0	-1.0	-1.0	-1.0		-1.0	-1	-1.0	-1.0	104.7	0			-47.8,-15.6,280.2
284794	12	1	2	6.309030282706076e-05	0.0	8.881784197001252e-16	4.805337753998136	4.616542872106792	12003	88.0327285409252	sub	0	0	-1.0	-1.0	-1.0		-1.0	-1	-1.0	-1.0	113.5	0			-47.6,-23.9,284.3
284794	12	2	2	0.00013954523827640586	0.0	0.0	5.728023789231332	7.063882072911493	12003	88.47171949369566	sub	0	0	-1.0	-1.0	-1.0		-1.0	-1	-1.0	-1.0	115.4	0	pr54drop(cid12,npts21,71.3cm,d0.2)		-47.6,-21.8,287.9
284794	12	3	2	0.0001277441676574182	0.0	2.547967888473924e-14	5.513818572459588	10.632239102841877	12003	88.87110997075021	sub	0	0	-1.0	-1.0	-1.0		-1.0	-1	-1.0	-1.0	117.5	0			-47.6,-19.8,291.5
284794	12	4	2	0.0002429584751458862	0.0	8.881784197001252e-16	5.714831091992132	14.517255370420417	12003	89.18181385812036	sub	0	0	-1.0	-1.0	-1.0		-1.0	-1	-1.0	-1.0	119.7	0			-47.6,-17.7,295.1
284794	12	5	2	0.00011863749243165339	0.0	2.4591502649036963e-14	5.735598490131613	18.520696094099687	12003	89.78123314435149	sub	0	0	-1.0	-1.0	-1.0		-1.0	-1	-1.0	-1.0	122.0	0			-47.6,-15.6,298.7
284794	12	6	2	0.0001019071695440008	0.0	0.0	5.652610054160799	22.57969468925566	12003	89.74804429209584	sub	0	0	-1.0	-1.0	-1.0		-1.0	-1	-1.0	-1.0	124.2	0			-47.6,-13.5,302.3
284794	12	7	2	0.00012221577686089924	0.0	0.0	5.652513736604291	26.668883838848625	12003	89.79284215148229	sub	0	0	-1.0	-1.0	-1.0		-1.0	-1	-1.0	-1.0	125.4	0			-47.6,-11.5,305.9
284794	12	8	2	0.00012439523358230627	0.0	2.4646951146678475e-14	5.833109228781873	30.77620577931756	12003	89.9186022241156	sub	0	0	-1.0	-1.0	-1.0		-1.0	-1	-1.0	-1.0	126.8	0			-47.6,-9.4,309.5
284794	12	9	2	0.00013146163319198095	0.0	0.0	5.870161689945184	34.89528438471452	12003	89.96538505214092	sub	0	0	-1.0	-1.0	-1.0		-1.0	-1	-1.0	-1.0	128.2	0			-47.6,-7.3,313.1
284794	12	10	2	0.00011059357857289827	0.0	2.4591502649036963e-14	5.687347485892629	39.022393649436715	12003	89.81215088939842	sub	0	0	-1.0	-1.0	-1.0		-1.0	-1	-1.0	-1.0	129.8	0	pr54drop(cid12,npts21,71.3cm,d1.3)		-47.6,-5.2,316.7
284794	12	11	2	0.00013537472724778674	0.0	1.1102230246251565e-16	5.714132989351901	43.155222878655145	12003	89.582498312628	sub	0	0	-1.0	-1.0	-1.0		-1.0	-1	-1.0	-1.0	131.6	0	pr54drop(cid12,npts21,71.3cm,d3.0)		-47.6,-3.1,320.3
284794	12	14	2	2.158166934424438e-05	0.9378000000000029	1.8623991238087e-14	3.1568472009268937	78.79952676317289	12003	89.8580521362144	sub	0	0	-1.0	-1.0	-1.0		-1.0	-1	-1.0	-1.0	150.0	0			-48.1,18.3,349.3
285311	11	0	16	0.0133121548166961	5.749978019292827	0.19673333106458804	4.235397360342916	13.723854913616627	11009	14.397295148155557	sub	0	0	-1.0	-1.0	-1.0		-1.0	-1	-1.0	-1.0	101.5	0			86.8,-13.9,281.3
285311	11	4	6	0.0025527271136201457	1.3779718829093448	0.1317297719098015	3.835648165564735	3.785845264930901	11003	63.05889540976114	sub	0	0	-1.0	-1.0	-1.0		-1.0	-1	-1.0	-1.0	113.8	0			85.6,-23.9,271.3
285311	11	1	1	0.0005292089906623416	0.0	0.0	3.0596958100438747	14.1555802442005	11009	82.59774744192497	sub	0	0	-1.0	-1.0	-1.0		-1.0	-1	-1.0	-1.0	107.1	0			86.8,-10.5,275.6
285311	11	2	1	0.00019708141630732023	0.0	0.0	3.461295563802653	4.079131957904769	11010	89.31965928798735	sub	0	0	-1.0	-1.0	-1.0		-1.0	-1	-1.0	-1.0	116.7	0			86.5,-17.9,266.9
285311	11	3	1	0.00022191045163094447	0.0	0.0	3.263340166148801	6.432491207145163	11010	89.31965928798735	sub	0	0	-1.0	-1.0	-1.0		-1.0	-1	-1.0	-1.0	114.0	0			86.5,-15.8,269.3
285443	7	2	12	0.00851865234228809	3.969517806323128	0.11511402027568689	3.8163053926540043	7.870778417030926	7000	19.35889147109101	sub	0	0	-1.0	-1.0	-1.0		-1.0	-1	-1.0	-1.0	90.6	0			-72.4,43.8,438.5
285443	7	0	4	0.0010517600156583914	0.34640762116328694	0.0	3.4484468402456216	64.63305021403522	7000	31.98720737566712	sub	0	0	-1.0	-1.0	-1.0		-1.0	-1	-1.0	-1.0	130.9	0			-81.6,51.6,494.0
285443	7	1	1	0.00014618662649439166	0.0	0.0	3.488785387495204	65.477216369131	7000	82.56324826597165	sub	0	0	-1.0	-1.0	-1.0		-1.0	-1	-1.0	-1.0	131.3	0			-81.4,44.4,494.8
285443	7	3	1	0.0005653128997396463	0.0	0.0	3.146211602864617	4.883824028361357	7000	80.7218324385907	sub	0	0	-1.0	-1.0	-1.0		-1.0	-1	-1.0	-1.0	89.3	0			-72.3,50.4,434.0
285531	15	3	8	0.0017786457508245114	1.9599205817131897	0.12893546438143508	5.180632076387986	60.90765167954455	15001	52.25928677580362	sub	0	0	-1.0	-1.0	-1.0		-1.0	-1	-1.0	-1.0	108.6	0			-5.3,-12.3,444.0
285531	15	0	4	0.0005273194458676357	1.0664368087702272	0.1388454029689125	4.300624416291202	84.95149376625005	15001	51.62487786561381	sub	0	0	-1.0	-1.0	-1.0		-1.0	-1	-1.0	-1.0	110.4	0			-20.3,-25.4,460.0
285531	15	2	3	0.00047383638431271484	1.0754517928693457	0.08070766163136953	3.7229914260040946	63.421696199539795	15001	47.82462707527427	sub	0	0	-1.0	-1.0	-1.0		-1.0	-1	-1.0	-1.0	108.1	0			-7.5,-13.8,445.0
285531	15	1	1	0.0001501463708057626	0.0	0.0	3.3497283195656355	67.35082479771295	15001	61.52479673143099	sub	0	0	-1.0	-1.0	-1.0		-1.0	-1	-1.0	-1.0	104.0	0			-10.2,-20.5,445.7
285564	9	0	24	0.04363122040815104	2.7818509066193817	0.18768133301692247	4.037837724574892	28.628771767024872	9004	43.8388633469392	sub	0	0	-1.0	-1.0	-1.0		-1.0	-1	-1.0	-1.0	28.2	0	pr54drop(cid9,npts7,5.6cm,d0.1)		64.6,18.0,401.5
285665	9	4	83	0.0268007213944529	32.84700982450667	0.3183469808778473	5.701561740435677	43.02033933211127	9005	0.6572181555623186	sub	0	0	-1.0	-1.0	-1.0		-1.0	-1	-1.0	-1.0	22.6	0			-35.9,-96.0,77.1
285665	9	5	26	0.006658741432115567	13.396355250013677	0.2642325238591732	4.698187732519855	55.01030937606151	9005	5.075670564878685	sub	0	0	-1.0	-1.0	-1.0		-1.0	-1	-1.0	-1.0	33.5	0			-36.2,-88.3,76.1
285665	9	3	17	0.004219164179190813	6.271288193591747	0.2132797270086444	4.386460778349665	46.27252175967936	9005	5.8030063671746985	sub	0	0	-1.0	-1.0	-1.0		-1.0	-1	-1.0	-1.0	30.1	0			-36.9,-90.3,66.8
285665	9	7	10	0.0021358957011976694	3.6623571542043445	0.2995076435742486	4.552928739833299	84.51030104673632	9005	4.4036080663553445	sub	0	0	-1.0	-1.0	-1.0		-1.0	-1	-1.0	-1.0	50.4	0			-33.8,-86.0,102.5
285665	9	0	1	0.00012681497491163872	0.0	0.0	3.026718231021841	23.42764026806797	9005	82.71593139297114	sub	0	0	-1.0	-1.0	-1.0		-1.0	-1	-1.0	-1.0	35.3	0			-40.1,-94.7,40.3
285665	9	1	1	0.0002167560314605324	0.0	0.0	3.1462438208123644	25.458732531098246	9005	82.72311306936685	sub	0	0	-1.0	-1.0	-1.0		-1.0	-1	-1.0	-1.0	34.3	0			-39.8,-94.5,42.4
285665	9	2	1	0.00014933390286028933	0.0	0.0	3.05604720022449	34.942550239786456	9005	82.77406461580092	sub	0	0	-1.0	-1.0	-1.0		-1.0	-1	-1.0	-1.0	25.2	0			-38.2,-99.0,53.2
285665	9	6	1	0.0002541537463753924	0.0	0.0	3.2803690783203012	78.93491343892131	9005	83.87055191660968	sub	0	0	-1.0	-1.0	-1.0		-1.0	-1	-1.0	-1.0	46.3	0			-34.4,-86.7,95.5
285971	7	0	2	0.00013126539675742925	0.0	0.0	3.1574156647486067	265.0264684459649	7005	54.06049061204661	sub	0	0	-1.0	-1.0	-1.0		-1.0	-1	-1.0	-1.0	118.8	0			25.7,-28.6,315.4
286241	11	3	62	0.006886520916773074	15.253994902336302	0.42768939150678625	6.342193472577145	96.07507439652807	11000	2.8335023969039104	sub	0	0	-1.0	-1.0	-1.0		-1.0	-1	-1.0	-1.0	115.0	0			-5.0,129.8,194.3
286241	11	1	25	0.0028546576105889544	11.687077258461333	0.2719956181044948	4.454628931841576	101.98267840186588	11000	2.050129346709257	sub	0	0	-1.0	-1.0	-1.0		-1.0	-1	-1.0	-1.0	115.1	0			-6.2,121.5,197.4
286241	11	4	4	0.00037260566335270206	1.295610324455421	0.03300023745636371	3.203269716336726	37.02454978268339	11000	74.16721242532985	sub	0	0	-1.0	-1.0	-1.0		-1.0	-1	-1.0	-1.0	90.3	0			6.9,127.8,129.2
286241	11	0	2	0.0006302431858191092	0.0	1.2309605608408197e-14	3.188757784780777	150.20973559410191	11000	78.9862511912552	sub	0	0	-1.0	-1.0	-1.0		-1.0	-1	-1.0	-1.0	93.8	0			-14.5,127.3,240.5
286241	11	2	1	4.799760449335715e-05	0.0	0.0	3.0039664824361734	114.51707107125294	11000	79.93507487829855	sub	0	0	-1.0	-1.0	-1.0		-1.0	-1	-1.0	-1.0	113.8	0			-7.3,128.1,205.4
286353	9	0	3	0.0006083966146846202	0.965166436004876	0.047324993937112314	3.44861939912193	77.99272199904296	9004	4.458214784302231	sub	0	0	-1.0	-1.0	-1.0		-1.0	-1	-1.0	-1.0	89.9	0			-87.6,-28.0,384.0
286353	9	1	2	0.0001699300112911656	0.0	2.4619195571062846e-14	3.1803722140655273	70.48798828864389	9006	84.16652937281759	sub	0	0	-1.0	-1.0	-1.0		-1.0	-1	-1.0	-1.0	90.0	0			-84.7,-19.6,389.0
286681	10	0	35	0.033937662157838826	8.275701678029275	0.22110562004163686	4.698751855546311	6.053690857650434	10000	6.716561232499783	sub	0	0	-1.0	-1.0	-1.0		-1.0	-1	-1.0	-1.0	7.8	0			162.6,186.6,346.9
286681	10	1	31	0.0649735604670262	8.481171807020104	0.18973450596063293	4.501490975221423	16.364891139265172	10000	5.153607712337169	sub	0	0	-1.0	-1.0	-1.0		-1.0	-1	-1.0	-1.0	4.2	9			162.6,197.4,356.8
286681	10	2	3	0.010705027573285465	0.7149806825293235	0.025417278073211678	3.080498985554135	26.672179007347708	10000	60.01474261366741	sub	0	0	-1.0	-1.0	-1.0		-1.0	-1	-1.0	-1.0	11.3	0			162.4,199.3,363.0
287007	21	0	4	0.003880672861720808	3.117768588272197	8.661984121574153e-05	3.6847024357470057	4.160070739783161	21008	13.503783341118197	sub	0	0	-1.0	-1.0	-1.0		-1.0	-1	-1.0	-1.0	50.9	0			72.1,174.1,395.8
287211	10	1	83	0.028176344701230482	16.449281266582098	0.394915568291697	8.33812539663445	7.212581286197059	10001	17.084299250120306	sub	0	0	-1.0	-1.0	-1.0		-1.0	-1	-1.0	-1.0	82.2	0			100.5,-36.4,289.1
287211	10	0	33	0.014655622695829462	8.567914999070041	0.35022670703235864	5.521270143725993	4.186696011176353	10001	1.4054113635963377	sub	0	0	-1.0	-1.0	-1.0		-1.0	-1	-1.0	-1.0	77.0	0			101.0,-36.3,276.9
287211	10	3	6	0.0013030762741700523	3.6521768683127487	0.15474611235026856	4.175863383780632	19.704881812383437	10001	4.823499003149129	sub	0	0	-1.0	-1.0	-1.0		-1.0	-1	-1.0	-1.0	82.4	0			100.5,-30.4,292.1
287211	10	5	5	0.00209320317928742	2.739086646091959	0.09476382270537699	3.8719862706367962	84.92876807784275	10001	13.70454796220008	sub	0	0	-1.0	-1.0	-1.0		-1.0	-1	-1.0	-1.0	94.6	0			86.7,23.1,328.1
287211	10	2	2	0.00042723202328676384	0.0	2.4591502649036963e-14	3.383511341786777	14.682103431048297	10001	86.48082332014658	sub	0	0	-1.0	-1.0	-1.0		-1.0	-1	-1.0	-1.0	77.8	0			100.5,-30.5,282.8
287211	10	4	1	0.00013437186067966368	0.0	0.0	3.143579655424674	25.93246142598114	10001	84.77268343895061	sub	0	0	-1.0	-1.0	-1.0		-1.0	-1	-1.0	-1.0	83.0	0			100.2,-27.3,295.1
287517	13	0	216	0.20195104578511633	7.117868216871891	0.8849669898986333	9.101061624338111	3.9059150477192772	13001	59.86845937945837	sub	0	0	-1.0	-1.0	-1.0		-1.0	-1	-1.0	-1.0	1.8	113	pr54drop(cid13,npts14,14.3cm,d0.2)		69.6,144.9,361.7
287555	18	0	34	0.028238382153551556	7.705850811364826	0.29983926883620204	5.41436785229818	4.773536690966139	18006	7.651073897726255	sub	0	0	-1.0	-1.0	-1.0		-1.0	-1	-1.0	-1.0	99.0	0			-71.1,-45.1,23.8
287555	18	1	22	0.013720465622746968	6.493329855961932	0.179600249303638	4.082468607350212	5.032598809760219	18006	8.875229589217797	sub	0	0	-1.0	-1.0	-1.0		-1.0	-1	-1.0	-1.0	93.9	0			-71.2,-50.6,29.6
287555	18	2	11	0.00424668898780282	2.078456138443361	0.09880558746215143	4.749540797803514	46.83129656661237	18005	41.576631562902556	sub	0	0	-1.0	-1.0	-1.0		-1.0	-1	-1.0	-1.0	64.3	0			-39.5,-59.6,58.8
287599	6	0	21	0.019034792855908277	6.729985142087671	0.2734078210511591	4.3219841508270465	3.140755800758823	6006	2.5284039513844485	sub	0	0	-1.0	-1.0	-1.0		-1.0	-1	-1.0	-1.0	17.8	0			-178.7,147.1,476.6
287599	6	1	13	0.011821342483777492	7.521230296342114	0.10043530500265416	4.015970741925282	11.338231034866071	6006	1.0436475000478016	sub	0	0	-1.0	-1.0	-1.0		-1.0	-1	-1.0	-1.0	24.5	0			-178.5,139.3,482.1
287599	6	2	1	0.00042539801972656474	0.0	0.0	3.0329431250849335	12.411418009236531	6006	85.01788455251946	sub	0	0	-1.0	-1.0	-1.0		-1.0	-1	-1.0	-1.0	27.1	0			-178.0,145.6,483.2
287621	6	3	35	0.010494393272818849	20.95825051147034	0.09874488800154492	3.64429694865828	26.193851282314345	6020	0.5545336739183667	sub	0	0	-1.0	-1.0	-1.0		-1.0	-1	-1.0	-1.0	56.3	0			99.1,104.6,376.1
287621	6	0	4	0.0007653977024535916	1.3961043785289873	0.12700537119093688	3.8884259964669505	51.3790165628927	6020	10.294874609292712	sub	0	0	-1.0	-1.0	-1.0		-1.0	-1	-1.0	-1.0	70.5	0			94.7,97.5,389.0
287621	6	1	4	0.001248154846695384	1.2185103732006541	0.06426999115388235	3.9585163495936264	55.23367841779147	6020	42.297622836106804	sub	0	0	-1.0	-1.0	-1.0		-1.0	-1	-1.0	-1.0	72.8	0			93.8,95.8,391.8
287621	6	2	4	0.0005175282582196107	2.027019063791908	0.031924764329618424	3.400564554599737	64.64428757786723	6021	1.4753022601575132	sub	0	0	-1.0	-1.0	-1.0		-1.0	-1	-1.0	-1.0	80.0	0			90.7,91.6,400.2
287654	12	4	177	0.08907811615007791	28.965617423908547	0.6898512833297041	8.825424192434062	4.782991079868326	12001	2.0499114844914774	NEARVTX	1	1	1.0	0.0	1.0	13:177	55.9	89020	-1.0	-1.0	41.0	0			-5.8,81.8,488.7
287654	12	3	61	0.038190102866534466	20.12156482301813	0.5206572822518685	6.845100248235949	14.91416188332753	12001	0.3619831770401102	NEARVTX	1	1	1.0	0.0	1.0	13:61	58.5	89020	-1.0	-1.0	33.9	0			-5.8,82.7,477.2
287654	12	1	46	0.021452965674290333	7.290082625873131	0.3673554728891217	5.967490776909485	37.19018999446091	12001	7.3379808010365695	sub	0	0	-1.0	-1.0	-1.0		-1.0	-1	-1.0	-1.0	44.7	0			-7.2,63.7,473.0
287654	12	0	11	0.008328602558536322	3.267970903521338	0.16379693203992016	4.207092696970202	48.28756407691424	12001	52.43697962657319	sub	0	0	-1.0	-1.0	-1.0		-1.0	-1	-1.0	-1.0	43.8	0			-7.6,62.4,462.4
287654	12	5	2	0.0011215047620019368	0.6251999999999995	2.8171909249863347e-14	3.1758762497301483	12.491002782887348	12001	88.96119629495415	sub	0	0	-1.0	-1.0	-1.0		-1.0	-1	-1.0	-1.0	36.1	0			-5.5,91.3,486.5
287654	12	2	1	0.00028130931403709883	0.0	0.0	3.016796448635573	35.06940393879112	12001	83.88076086671211	sub	0	0	-1.0	-1.0	-1.0		-1.0	-1	-1.0	-1.0	44.2	0			-6.7,69.5,476.5
287825	5	1	98	0.041643043251333035	19.666254892583797	0.4547988403596691	6.246159742593822	46.05446181025786	5001	1.0314162259392583	TRK-COR	2	1	1.0	0.0	1.0	13:98	35.6	38010	-1.0	-1.0	70.6	0			-40.3,45.6,453.2
287825	5	2	20	0.005713353195725958	14.330900612777477	0.18778841457738862	4.417382940158122	45.03293955997654	5001	1.5684366830135015	sub	0	0	-1.0	-1.0	-1.0		-1.0	-1	-1.0	-1.0	68.9	0			-39.9,44.8,443.4
287825	5	0	12	0.0033646175212239337	5.578105556554382	0.15015880694696965	3.7447926845153723	74.71425799559611	5001	0.6857405015934229	sub	0	0	-1.0	-1.0	-1.0		-1.0	-1	-1.0	-1.0	78.3	0			-42.0,61.6,465.5
287825	5	5	8	0.0017780517637249447	4.562350314448133	0.16835219230513468	4.16593656936828	19.26315618875837	5001	5.350275800330187	sub	0	0	-1.0	-1.0	-1.0		-1.0	-1	-1.0	-1.0	69.9	0			-37.0,21.1,426.6
287825	5	8	4	0.0006992204972221345	1.8289057687521368	0.054104163862128594	3.854939028584017	8.467979335567575	5001	6.59217283242306	sub	0	0	-1.0	-1.0	-1.0		-1.0	-1	-1.0	-1.0	75.2	0			-35.5,7.6,423.6
287825	5	7	3	0.0005503106747257269	1.0315895943183662	0.06520118203592054	3.371261646624296	16.334990291166374	5001	14.069033224418728	sub	0	0	-1.0	-1.0	-1.0		-1.0	-1	-1.0	-1.0	72.7	0			-36.1,13.8,428.4
287825	5	3	2	0.0003465553772827935	0.0	1.7763568394002505e-15	3.1323250996663607	43.61840107560685	5001	84.11436686433628	sub	0	0	-1.0	-1.0	-1.0		-1.0	-1	-1.0	-1.0	70.3	0			-39.2,34.8,445.1
287825	5	4	1	0.00018895901194475372	0.0	0.0	3.076736963082806	33.55508817351699	5001	83.11096208211002	sub	0	0	-1.0	-1.0	-1.0		-1.0	-1	-1.0	-1.0	70.0	0			-38.0,26.9,438.7
287825	5	6	1	0.00025185076173168405	0.0	0.0	3.034473952763466	16.55216859425071	5001	84.37367639351162	sub	0	0	-1.0	-1.0	-1.0		-1.0	-1	-1.0	-1.0	71.8	0			-36.4,17.6,423.1
287825	5	9	1	0.00020211760068237223	0.0	0.0	3.3103245837832502	10.233532088800038	5001	84.37838862586503	sub	0	0	-1.0	-1.0	-1.0		-1.0	-1	-1.0	-1.0	74.0	0			-35.8,12.6,418.7
287825	5	10	1	0.00014580350691214977	0.0	0.0	3.0025149203459516	6.258929304194124	5001	84.19954797417192	sub	0	0	-1.0	-1.0	-1.0		-1.0	-1	-1.0	-1.0	75.9	0			-35.5,9.2,416.3
288287	10	1	60	0.008402987936106842	15.197739529369834	0.2613929837866695	6.686569726747497	10.188930473803413	10014	10.2054115832049	sub	0	0	-1.0	-1.0	-1.0		-1.0	-1	-1.0	-1.0	21.9	0	pr54drop(cid10,npts7,3.5cm,d2.4)		-162.4,-2.3,99.9
288287	10	5	28	0.00595902832770658	9.124821774686511	0.2142746909140813	4.505549973088753	37.36663817082827	10016	2.680475565068456	sub	0	0	-1.0	-1.0	-1.0		-1.0	-1	-1.0	-1.0	46.8	0			-151.4,27.6,116.1
288287	10	4	26	0.002814265344398109	10.827020956610276	0.11473192261810498	3.555273129648413	8.085198346515687	10016	1.6706295759481808	sub	0	0	-1.0	-1.0	-1.0		-1.0	-1	-1.0	-1.0	22.8	0			-156.3,9.9,94.4
288287	10	10	14	0.0017702810599214901	4.205777984312787	0.15365132365425307	4.072233092542713	148.61485055198756	10003	4.297473623012923	sub	0	0	-1.0	-1.0	-1.0		-1.0	-1	-1.0	-1.0	40.8	0			-186.3,-16.0,227.8
288287	10	3	11	0.0011431698391230656	1.53199099891352	0.11324642293795216	3.5656971181523467	16.51342941447657	10014	45.03554632490658	sub	0	0	-1.0	-1.0	-1.0		-1.0	-1	-1.0	-1.0	26.8	0	pr54drop(cid10,npts7,3.5cm,d0.0)		-159.1,1.2,97.9
288287	10	0	7	0.0006902846651952735	2.7548964754142786	0.0879543229068821	7.272022882939793	48.07882890651143	10016	30.201011824868594	sub	0	0	-1.0	-1.0	-1.0		-1.0	-1	-1.0	-1.0	56.2	0			-150.7,30.7,122.9
288287	10	11	4	0.00031528717757381213	1.7266930051282001	0.07528417784896499	3.498436788052635	145.74099659630298	10003	22.187764739337204	sub	0	0	-1.0	-1.0	-1.0		-1.0	-1	-1.0	-1.0	44.2	0			-186.0,-22.0,222.7
288287	10	2	2	0.0004517307958113923	0.0	4.440892098500626e-16	3.054768651223855	6.863483629440659	10014	79.9841188485971	sub	0	0	-1.0	-1.0	-1.0		-1.0	-1	-1.0	-1.0	23.8	0			-160.4,8.0,88.0
288287	10	6	1	0.00013202475670579214	0.0	0.0	3.109990250788581	36.420484366652786	10016	82.13541421083355	sub	0	0	-1.0	-1.0	-1.0		-1.0	-1	-1.0	-1.0	42.6	0			-151.7,29.0,108.7
288287	10	7	1	0.00012970661860137498	0.0	0.0	3.2386535103341934	38.48271023383878	10016	82.48013142078243	sub	0	0	-1.0	-1.0	-1.0		-1.0	-1	-1.0	-1.0	44.0	0			-151.4,30.7,109.9
288287	10	8	1	8.395979678008656e-05	0.0	0.0	3.0452335805320474	188.95462183526922	10001	80.537885266222	sub	0	0	-1.0	-1.0	-1.0		-1.0	-1	-1.0	-1.0	50.2	0			-193.2,-28.9,264.1
288287	10	9	1	7.195181692475808e-05	0.0	0.0	3.0395538833848526	185.43762195954625	10001	80.45537354231753	sub	0	0	-1.0	-1.0	-1.0		-1.0	-1	-1.0	-1.0	53.7	0			-192.3,-28.0,260.8
288327	22	18	74	0.02884044624084535	12.93621618664498	0.604642161236061	7.255049896451433	91.53435350211417	22001	8.374248946872095	sub	0	0	-1.0	-1.0	-1.0		-1.0	-1	-1.0	-1.0	30.5	0			18.0,-119.6,114.7
288327	22	7	59	0.01564030222161907	25.071613027566535	0.35271443470122654	5.7032765188091705	43.84644568149168	22005	0.2816665684754934	sub	0	0	-1.0	-1.0	-1.0		-1.0	-1	-1.0	-1.0	50.3	0			23.1,-154.9,89.9
288327	22	0	57	0.014618126960118449	12.60197656935506	0.5616998585257499	6.884760040117583	5.325780867628725	22005	2.0951632303947108	sub	0	0	-1.0	-1.0	-1.0		-1.0	-1	-1.0	-1.0	93.9	0			27.1,-188.0,59.6
288327	22	1	39	0.01020181357172019	18.042394296346085	0.41104259161567863	5.755762028610966	7.309497778917505	22005	2.7553685664576255	sub	0	0	-1.0	-1.0	-1.0		-1.0	-1	-1.0	-1.0	83.9	0			26.8,-189.2,68.7
288327	22	13	33	0.008284812746952504	7.470707060508975	0.4867536424242565	6.327828486929786	77.73125108455415	22004	14.178287866355385	sub	0	0	-1.0	-1.0	-1.0		-1.0	-1	-1.0	-1.0	37.9	0			19.8,-132.7,106.0
288327	22	3	32	0.006300637205875995	8.642920912049885	0.2966506926048056	6.138243795256102	33.06342671744718	22005	17.621461270306124	sub	0	0	-1.0	-1.0	-1.0		-1.0	-1	-1.0	-1.0	70.9	0			25.3,-169.6,81.0
288327	22	19	24	0.010865223016590092	5.734101872309793	0.2526143399701005	4.457338220283495	97.8240290193059	22001	9.841534107782053	sub	0	0	-1.0	-1.0	-1.0		-1.0	-1	-1.0	-1.0	37.7	0			17.9,-111.9,109.3
288327	22	12	21	0.006078344790596824	5.200955363372048	0.4399981031883597	5.736246174982373	77.00502572936392	22004	8.391347556675937	sub	0	0	-1.0	-1.0	-1.0		-1.0	-1	-1.0	-1.0	45.9	0			20.0,-129.5,98.1
288327	22	8	14	0.002652125693291941	4.751955243498939	0.17310153879150822	5.4173166097248	51.413902305699374	22005	24.096700184658793	sub	0	0	-1.0	-1.0	-1.0		-1.0	-1	-1.0	-1.0	66.0	0			22.6,-150.3,82.8
288327	22	2	11	0.002040195160198548	7.520422347364768	0.2126146945233162	4.2952895420448645	19.64779416372231	22005	2.311613121039946	sub	0	0	-1.0	-1.0	-1.0		-1.0	-1	-1.0	-1.0	86.3	0			26.1,-176.4,67.6
288327	22	5	5	0.0008728301327521356	4.206329544538232	0.09139622597600741	3.5020349983973698	35.75488042072019	22005	2.08002779642873	sub	0	0	-1.0	-1.0	-1.0		-1.0	-1	-1.0	-1.0	76.7	0			24.7,-164.7,75.3
288327	22	6	4	0.0014536036925681755	1.8270505299699282	0.021037637655442896	3.492103802867246	43.57172476388788	22005	5.04062187609968	sub	0	0	-1.0	-1.0	-1.0		-1.0	-1	-1.0	-1.0	72.5	0			24.0,-158.9,79.2
288327	22	9	2	0.00025683921086453056	0.31259999999999977	0.0	3.216555140208228	62.53008999177916	22005	83.73481772294959	sub	0	0	-1.0	-1.0	-1.0		-1.0	-1	-1.0	-1.0	58.8	0			22.1,-143.2,89.1
288327	22	11	2	0.00034996722453965365	0.0	0.0	3.5583264226318545	73.45213276120714	22004	84.70745351605932	sub	0	0	-1.0	-1.0	-1.0		-1.0	-1	-1.0	-1.0	46.1	0			21.0,-138.4,101.5
288327	22	4	1	0.00014689879823526672	0.0	0.0	3.2271472495069005	30.666864935627178	22005	84.44942535721867	sub	0	0	-1.0	-1.0	-1.0		-1.0	-1	-1.0	-1.0	83.6	0			25.4,-170.5,71.6
288327	22	10	1	0.00022423313416302024	0.0	0.0	3.307777194733643	73.09416062244644	22004	84.82357772352283	sub	0	0	-1.0	-1.0	-1.0		-1.0	-1	-1.0	-1.0	51.6	0			21.0,-135.3,95.3
288327	22	14	1	6.685520374976083e-05	0.0	0.0	3.2912916385516424	75.00362966643682	22004	84.63563568065966	sub	0	0	-1.0	-1.0	-1.0		-1.0	-1	-1.0	-1.0	49.9	0			19.8,-134.0,96.5
288327	22	15	1	0.00014548418537208604	0.0	0.0	3.3685446130339463	84.2659335331307	22004	83.97214748862261	sub	0	0	-1.0	-1.0	-1.0		-1.0	-1	-1.0	-1.0	45.0	0			19.8,-126.0,101.3
288327	22	16	1	0.00022099102143136306	0.0	0.0	3.0369934491203576	88.78399999870473	22004	83.8522098418495	sub	0	0	-1.0	-1.0	-1.0		-1.0	-1	-1.0	-1.0	42.5	0			19.5,-122.3,104.0
288327	22	17	1	0.0002600423342663898	0.0	0.0	3.0522091491246046	91.19599957152728	22004	83.38596641378967	sub	0	0	-1.0	-1.0	-1.0		-1.0	-1	-1.0	-1.0	41.8	0			19.1,-120.1,104.9
288859	9	14	715	0.06652031475320179	108.29111967425717	1.7649352254817998	14.74721678826211	125.58633214347013	9005	1.54465347591237	sub	0	0	-1.0	-1.0	-1.0		-1.0	-1	-1.0	-1.0	39.5	0			180.0,102.8,366.9
288859	9	4	654	0.06984084991329853	93.6573275789291	1.5265629800751679	13.027083604552473	154.03433023845687	9005	4.982953278324834	sub	0	0	-1.0	-1.0	-1.0		-1.0	-1	-1.0	-1.0	33.2	0			181.3,99.1,391.7
288859	9	28	185	0.01783084126136292	21.280819335425775	0.7094730919971931	7.601584374326176	4.128473102734214	9002	6.78414569891769	sub	0	0	-1.0	-1.0	-1.0		-1.0	-1	-1.0	-1.0	25.5	0			169.5,37.1,213.3
288859	9	11	155	0.01417146439540887	35.48154145964126	0.40827188097943234	5.982745272865959	238.25815135302298	9005	0.6076314262526673	sub	0	0	-1.0	-1.0	-1.0		-1.0	-1	-1.0	-1.0	22.1	0			183.0,126.9,442.9
288859	9	3	116	0.009148219349604313	14.695468948130474	0.7750825298520877	24.487495303725936	64.46155763251457	9005	-1.0	sub	0	0	-1.0	-1.0	-1.0		-1.0	-1	-1.0	-1.0	46.8	0	pr54drop(cid9,npts12,43.9cm,d0.4)		172.4,41.5,270.4
288859	9	5	93	0.00723139622430479	18.38557085382058	0.1475793566902769	6.457528552008119	68.2697078810214	9005	9.971647891695179	sub	0	0	-1.0	-1.0	-1.0		-1.0	-1	-1.0	-1.0	41.3	0	pr54drop(cid9,npts12,43.9cm,d0.6)		174.2,59.8,274.8
288859	9	18	75	0.00529835889764154	15.980451252756822	0.43537089672534685	6.90801284668752	106.42432343989788	9005	9.055736300775475	sub	0	0	-1.0	-1.0	-1.0		-1.0	-1	-1.0	-1.0	62.1	0			177.5,71.6,308.7
288859	9	17	74	0.0050616291383471694	24.7949172037151	0.3556652415160292	5.6989966564299825	127.31846051178125	9005	0.2958001594298968	sub	0	0	-1.0	-1.0	-1.0		-1.0	-1	-1.0	-1.0	51.7	0			179.2,79.4,332.3
288859	9	32	48	0.005119030505666617	10.984544359007817	0.3189677616675255	5.590707740528029	19.688106794712382	9002	9.988011506595182	sub	0	0	-1.0	-1.0	-1.0		-1.0	-1	-1.0	-1.0	15.2	0			169.7,50.8,224.6
288859	9	9	47	0.0039212613672989505	10.8804363539532	0.25606371519657445	4.586980924311762	269.67034764905094	9004	3.9275230531855474	sub	0	0	-1.0	-1.0	-1.0		-1.0	-1	-1.0	-1.0	13.0	0			184.6,126.2,461.6
288859	9	16	39	0.002695283655246405	8.841900239541555	0.35246236977748735	18.10282867399456	195.41334303409272	9005	-1.0	sub	0	0	-1.0	-1.0	-1.0		-1.0	-1	-1.0	-1.0	37.4	0			180.8,120.0,381.4
288859	9	23	27	0.002054935437388085	11.81451475658061	0.157262441926161	4.631885686197355	64.62053733914625	9005	9.896821389077713	sub	0	0	-1.0	-1.0	-1.0		-1.0	-1	-1.0	-1.0	33.3	0			173.6,64.7,264.3
288859	9	24	24	0.002184507607390932	8.0569060896722	0.2817582816462319	4.991842822044766	51.30847253621957	9005	8.296453078654757	sub	0	0	-1.0	-1.0	-1.0		-1.0	-1	-1.0	-1.0	27.1	0			173.1,53.5,253.5
288859	9	12	23	0.0023146708676829606	11.133404728481178	0.10105565510288178	4.207148796988287	249.91072823462378	9005	8.563071472765035	sub	0	0	-1.0	-1.0	-1.0		-1.0	-1	-1.0	-1.0	22.9	0			183.3,118.2,441.9
288859	9	1	11	0.0008187055602868531	3.478183609841401	0.16301225669510747	5.475503812435901	276.80737442337045	9004	10.470539465864457	sub	0	0	-1.0	-1.0	-1.0		-1.0	-1	-1.0	-1.0	21.2	0			185.0,135.7,460.9
288859	9	6	10	0.000657277836715792	4.513476820531087	0.08697166642029584	3.7233212324482667	302.9738928811524	9004	11.935179428479326	sub	0	0	-1.0	-1.0	-1.0		-1.0	-1	-1.0	-1.0	24.6	0			186.4,141.2,486.7
288859	9	8	8	0.0007079563780117855	3.13908397158406	0.035742135661505525	3.3729810257397106	291.75785772273554	9004	11.315128643012555	sub	0	0	-1.0	-1.0	-1.0		-1.0	-1	-1.0	-1.0	19.8	0			185.2,137.5,475.8
288859	9	2	6	0.0006087706722726615	0.625	2.4633077268106353e-14	9.347836594635165	295.0010382323425	9004	84.95439980479136	sub	0	0	-1.0	-1.0	-1.0		-1.0	-1	-1.0	-1.0	24.5	0			186.5,144.0,475.3
288859	9	30	4	0.00022875045845565986	1.7320381058163814	3.605742601711465e-15	16.31875369781652	160.4806633679273	9005	-1.0	sub	0	0	-1.0	-1.0	-1.0		-1.0	-1	-1.0	-1.0	51.9	0			180.0,75.6,356.9
288859	9	34	4	0.00024500496939899955	0.9036520340049139	0.04822765725962858	3.2480535032539133	36.45707225779382	9005	17.792382772615312	sub	0	0	-1.0	-1.0	-1.0		-1.0	-1	-1.0	-1.0	17.6	0			169.1,52.3,234.3
288859	9	21	3	0.00026230936350484706	2.078445726979665	1.580311052741292e-15	7.715522240263448	102.15791936707596	9005	48.82373042813752	sub	0	0	-1.0	-1.0	-1.0		-1.0	-1	-1.0	-1.0	68.9	0			176.9,65.7,299.2
288859	9	0	2	0.00013939171306150908	0.0	7.105427357601002e-15	6.638329684491447	282.0810339550676	9004	85.90363495382128	sub	0	0	-1.0	-1.0	-1.0		-1.0	-1	-1.0	-1.0	21.9	0			184.4,137.6,464.3
288859	9	7	2	0.0001481546299701064	0.0	0.0	3.2731110583052367	283.30489972811984	9004	85.77397393557924	sub	0	0	-1.0	-1.0	-1.0		-1.0	-1	-1.0	-1.0	12.9	0			185.3,128.7,468.4
288859	9	10	2	2.9103044470192874e-05	0.0	2.4619211216816394e-14	3.114126041122954	285.33221271135864	9004	85.59699689615894	sub	0	0	-1.0	-1.0	-1.0		-1.0	-1	-1.0	-1.0	18.9	0			184.4,135.2,468.5
288859	9	20	2	4.015651379372222e-05	0.0	0.0	3.383357799583128	119.50849504382522	9005	86.04830657521228	sub	0	0	-1.0	-1.0	-1.0		-1.0	-1	-1.0	-1.0	63.9	0			177.5,80.8,311.9
288859	9	29	2	0.00010366749984825963	0.0	1.2309605608408197e-14	3.2427807033470537	25.888001298864307	9002	86.45341265238041	sub	0	0	-1.0	-1.0	-1.0		-1.0	-1	-1.0	-1.0	24.9	0			169.7,43.3,226.0
288859	9	31	2	0.0001829771708873344	0.0	2.8171922922557376e-14	16.723101856115107	149.97209267797126	9005	-1.0	sub	0	0	-1.0	-1.0	-1.0		-1.0	-1	-1.0	-1.0	53.4	0			178.7,69.9,347.0
288859	9	13	1	1.6443044875412385e-05	0.0	0.0	3.5160140784701013	263.7698130987699	9004	86.743601286989	sub	0	0	-1.0	-1.0	-1.0		-1.0	-1	-1.0	-1.0	20.4	0			184.0,121.2,450.2
288859	9	15	1	2.5646818310437188e-05	0.0	0.0	3.6191385715388233	236.2104698059762	9005	87.76209537408651	sub	0	0	-1.0	-1.0	-1.0		-1.0	-1	-1.0	-1.0	46.7	0			181.9,120.1,421.4
288859	9	19	1	5.0034046545367294e-05	0.0	0.0	3.0753151724660746	117.45928328386817	9005	85.9648703076358	sub	0	0	-1.0	-1.0	-1.0		-1.0	-1	-1.0	-1.0	65.2	0			177.5,79.6,309.8
288859	9	22	1	1.4449952613536676e-05	0.0	0.0	3.0704902295887453	95.71663489509021	9005	84.75829473015656	sub	0	0	-1.0	-1.0	-1.0		-1.0	-1	-1.0	-1.0	64.0	0			176.5,67.1,291.2
288859	9	25	1	2.1824623244053713e-05	0.0	0.0	3.1594377806818645	29.403208002019078	9002	86.4076011713702	sub	0	0	-1.0	-1.0	-1.0		-1.0	-1	-1.0	-1.0	23.7	0			171.2,44.7,229.0
288859	9	26	1	2.0218308748404374e-05	0.0	0.0	3.1974880766001315	43.144185485879774	9005	85.74831522223415	sub	0	0	-1.0	-1.0	-1.0		-1.0	-1	-1.0	-1.0	18.7	0			171.2,54.8,239.9
288859	9	27	1	2.7734716977353738e-05	0.0	0.0	3.182226775388579	38.22242717306162	9005	85.69317558833286	sub	0	0	-1.0	-1.0	-1.0		-1.0	-1	-1.0	-1.0	17.4	0			170.9,53.2,235.3
288859	9	33	1	0.0003269796039800546	0.0	0.0	3.0194072613677023	32.72430476404349	9005	85.33251555329498	sub	0	0	-1.0	-1.0	-1.0		-1.0	-1	-1.0	-1.0	17.1	0			169.7,51.6,230.0
288947	16	0	1	3.855509600079748e-05	0.0	0.0	3.0352939165754305	12.160797565949332	16005	73.56573942343073	sub	0	0	-1.0	-1.0	-1.0		-1.0	-1	-1.0	-1.0	115.4	0			-113.0,-91.6,329.0
289559	14	0	31	0.04058550357813202	3.274467102870693	0.15959059134673584	6.145154152867117	3.026486493031151	14007	66.90041221916344	sub	0	0	-1.0	-1.0	-1.0		-1.0	-1	-1.0	-1.0	86.5	0			-5.1,16.1,355.1
290052	8	0	446	0.2959883500030892	48.11610172117622	0.9512750253277558	10.41804776769624	21.853949928788623	8014	6.617719222291354	sub	0	0	-1.0	-1.0	-1.0		-1.0	-1	-1.0	-1.0	10.2	0			107.0,-63.1,416.2
290052	8	3	139	0.10086479265109032	27.14265349438042	0.6296584157426652	8.005910506619479	16.360738988505407	8014	3.4400304435108344	TRK-COR	2	1	1.0	0.0	1.0	13:139	16.1	8012	-1.0	28.0	5.2	0			106.9,-45.6,432.7
290052	8	1	78	0.04013993999466972	14.543693381179438	0.9003352494715672	8.795633111948224	3.2927285418024	8014	13.150308110025017	sub	0	0	-1.0	-1.0	-1.0		-1.0	-1	-1.0	-1.0	4.5	2			107.2,-36.7,451.0
290052	8	4	6	0.0041487537754615715	3.0691816211106806	0.14076377965994724	4.1236337422229905	45.087431091602475	8014	2.0780498435735844	sub	0	0	-1.0	-1.0	-1.0		-1.0	-1	-1.0	-1.0	28.7	0			107.0,-53.5,416.3
290052	8	2	4	0.000408061821759742	2.5229586700494355	0.1624060114689848	3.446252143996432	10.77425763614365	8014	21.419278342235682	sub	0	0	-1.0	-1.0	-1.0		-1.0	-1	-1.0	-1.0	9.1	0			107.3,-45.9,450.8
290729	12	1	37	0.037462121686082955	5.329521014412687	0.2276302496048625	4.521716011648661	104.49849880280577	12007	9.115381206204608	sub	0	0	-1.0	-1.0	-1.0		-1.0	-1	-1.0	-1.0	55.3	0			-84.0,-188.5,156.8
290729	12	2	32	0.020976051922282492	5.1906619939397185	0.1955988039096925	4.153614239430521	101.8001628535043	12007	20.067753698274572	sub	0	0	-1.0	-1.0	-1.0		-1.0	-1	-1.0	-1.0	54.3	0			-84.1,-188.7,149.0
290729	12	0	4	0.0027274955463125693	1.1609645523247445	0.06909481590589792	3.0820806284067266	7.21465321411917	12012	63.31395161057539	sub	0	0	-1.0	-1.0	-1.0		-1.0	-1	-1.0	-1.0	30.4	0			-129.0,-105.1,111.7
291262	18	0	11	0.009050035195422905	2.8508902705739168	0.10752982529583334	3.730420996348807	131.89877790704352	18001	12.801675190537724	sub	0	0	-1.0	-1.0	-1.0		-1.0	-1	-1.0	-1.0	42.7	0			-166.2,23.0,228.4
291961	4	0	1	4.432847713156163e-05	0.0	0.0	3.129465769105015	98.3777944011757	4001	75.46857035746879	sub	0	0	-1.0	-1.0	-1.0		-1.0	-1	-1.0	-1.0	114.4	0			-178.3,25.4,143.2
292027	12	1	2	7.333218876636339e-05	0.3130000000000166	5.551115123125783e-16	3.0696991709286445	226.7988793512878	12004	74.66796546878007	sub	0	0	-1.0	-1.0	-1.0		-1.0	-1	-1.0	-1.0	42.1	0			189.7,125.6,318.0
292027	12	0	1	0.00015138431868189008	0.0	0.0	3.507983608855661	232.2082182632648	12004	75.1949722166439	sub	0	0	-1.0	-1.0	-1.0		-1.0	-1	-1.0	-1.0	37.9	0			190.1,123.8,322.7
292027	12	2	1	0.00010878898830576164	0.0	0.0	3.0216950541045713	224.43375617985814	12004	74.38461518345105	sub	0	0	-1.0	-1.0	-1.0		-1.0	-1	-1.0	-1.0	45.5	0			188.9,126.0,315.2
292384	19	0	378	0.0804582369385716	39.40055111132372	0.605785973328458	116.72962999383877	108.15080184247365	19004	-1.0	TRK-COR	2	1	0.62	0.0	1.0	13:235	106.9	47012	-1.0	94.7	108.1	0	pr54drop(cid19,npts23,145.5cm,d0.4)		-25.1,-93.6,57.0
292384	19	20	35	0.0046814798365608775	6.461876087290893	0.44126152115173034	9.709631261793618	122.11465562499039	19004	42.850150471485435	sub	0	0	-1.0	-1.0	-1.0		-1.0	-1	-1.0	-1.0	29.5	0	pr54drop(cid19,npts23,145.5cm,d0.7)		-24.6,-34.0,158.6
292384	19	18	28	0.003385465986726537	7.531250103326286	0.4316386883808311	20.283356073884814	115.92465013468878	19004	-1.0	sub	0	0	-1.0	-1.0	-1.0		-1.0	-1	-1.0	-1.0	32.5	0			-24.6,-40.3,148.1
292384	19	11	18	0.0034593739393045247	6.822763064574826	0.41984083359309216	42.16251384025862	106.48461437508237	19004	-1.0	sub	0	0	-1.0	-1.0	-1.0		-1.0	-1	-1.0	-1.0	52.1	0			-24.7,-54.6,123.0
292384	19	1	16	0.0030535770828875315	5.400285467242265	0.4479896824751499	83.38222597617852	107.40354725650359	19004	-1.0	sub	0	0	-1.0	-1.0	-1.0		-1.0	-1	-1.0	-1.0	101.6	0			-25.2,-82.7,76.6
292384	19	3	16	0.003579749198504638	5.400611558013254	0.44980227115270577	75.64040911342032	105.18657018369787	19004	-1.0	sub	0	0	-1.0	-1.0	-1.0		-1.0	-1	-1.0	-1.0	91.8	0			-25.2,-77.4,85.8
292384	19	5	16	0.005374090872779194	5.402493932213896	0.46342114180731153	67.78416609483442	103.96580717202171	19004	-1.0	sub	0	0	-1.0	-1.0	-1.0		-1.0	-1	-1.0	-1.0	82.3	0			-25.2,-72.1,94.9
292384	19	7	16	0.0038512337976713395	4.808068142075523	0.4766601536846328	59.44282142111359	103.77673344661606	19004	-1.0	sub	0	0	-1.0	-1.0	-1.0		-1.0	-1	-1.0	-1.0	73.2	0	pr54drop(cid19,npts23,145.5cm,d1.6)		-25.2,-67.2,103.5
292384	19	2	12	0.0025855549837024453	4.036524101428642	0.1116142846517559	78.46692073190843	106.17372142771488	19004	-1.0	sub	0	0	-1.0	-1.0	-1.0		-1.0	-1	-1.0	-1.0	98.3	0			-25.1,-80.0,81.0
292384	19	4	12	0.0026871353069268422	4.037299311621178	0.09471017398362096	70.45264179953509	104.44879932464518	19004	-1.0	sub	0	0	-1.0	-1.0	-1.0		-1.0	-1	-1.0	-1.0	88.3	0			-25.1,-74.7,90.2
292384	19	6	12	0.0024598213374790777	4.3043636015920175	0.17632921941209637	62.359058708053	103.74115233946459	19004	-1.0	sub	0	0	-1.0	-1.0	-1.0		-1.0	-1	-1.0	-1.0	78.2	0	pr54drop(cid19,npts23,145.5cm,d1.2)		-25.1,-69.4,99.4
292384	19	8	8	0.0022488693919128274	4.825631543888919	0.3463258135759352	53.96808001239622	104.07185357943807	19004	-1.0	sub	0	0	-1.0	-1.0	-1.0		-1.0	-1	-1.0	-1.0	68.3	0			-25.0,-63.8,108.6
292384	19	15	5	0.0008710160463417406	2.6904177726694263	0.30892980645574064	30.824283944967807	110.68703295260019	19004	-1.0	sub	0	0	-1.0	-1.0	-1.0		-1.0	-1	-1.0	-1.0	43.4	0			-24.8,-48.7,133.6
292384	19	16	5	0.0009508536142499177	2.6513350228173986	0.26987972524519876	27.327994976214402	112.33838304341931	19004	-1.0	sub	0	0	-1.0	-1.0	-1.0		-1.0	-1	-1.0	-1.0	40.5	0			-24.8,-46.5,137.4
292384	19	17	5	0.0011443046281390703	2.6686803720572634	0.21692725534900692	23.725519582508614	114.08984836566312	19004	-1.0	sub	0	0	-1.0	-1.0	-1.0		-1.0	-1	-1.0	-1.0	37.8	0			-24.8,-44.3,141.2
292384	19	19	5	0.0015405988663966558	2.9582856097654555	0.04761811299941715	13.264926620603672	119.94280950461349	19004	25.52184385059824	sub	0	0	-1.0	-1.0	-1.0		-1.0	-1	-1.0	-1.0	31.6	0			-24.8,-37.6,152.8
292384	19	9	4	0.001587629580781711	3.117668590469488	1.6891753431065374e-15	48.52248471008055	105.39573699486142	19004	-1.0	sub	0	0	-1.0	-1.0	-1.0		-1.0	-1	-1.0	-1.0	63.5	0			-25.1,-60.6,114.5
292384	19	10	4	0.001002575669257465	3.117668590469492	1.9357689108234093e-16	44.230931028523464	106.39366708324324	19004	-1.0	sub	0	0	-1.0	-1.0	-1.0		-1.0	-1	-1.0	-1.0	58.8	0			-25.1,-57.9,119.3
292384	19	12	4	0.0011832956261263866	2.424853348142943	1.62162430271327e-15	50.055106803745815	104.62452512336675	19004	-1.0	sub	0	0	-1.0	-1.0	-1.0		-1.0	-1	-1.0	-1.0	65.6	0			-24.8,-61.6,112.0
292384	19	13	4	0.0011828990128230773	2.4249033485464313	1.0205938370674695e-05	46.164793595986104	105.43069787467024	19004	-1.0	sub	0	0	-1.0	-1.0	-1.0		-1.0	-1	-1.0	-1.0	61.1	0			-24.8,-59.0,116.5
292384	19	14	4	0.0008177295539381241	2.4248533481429306	2.5430207987307898e-15	34.33709826601543	109.19660473631951	19004	-1.0	sub	0	0	-1.0	-1.0	-1.0		-1.0	-1	-1.0	-1.0	48.5	0			-24.8,-51.4,129.7
292384	19	21	1	0.00017964676793055513	0.0	0.0	35.37091589314589	108.04604012336594	19004	-1.0	sub	0	0	-1.0	-1.0	-1.0		-1.0	-1	-1.0	-1.0	49.8	0			-24.8,-51.2,126.4
292384	19	22	1	0.000182904123088555	0.0	0.0	32.1254873004286	109.35149690178	19004	-1.0	sub	0	0	-1.0	-1.0	-1.0		-1.0	-1	-1.0	-1.0	46.5	0			-24.8,-49.1,130.0
292533	3	3	210	0.041730099730646425	27.87815420485812	0.8898467588266721	10.457026871917273	6.787915291162669	3017	4.1832055734853535	sub	0	0	-1.0	-1.0	-1.0		-1.0	-1	-1.0	-1.0	110.6	0			-118.7,136.0,143.6
292533	3	0	26	0.009178366100761417	11.810089142433101	0.26798090348146275	5.001127972767735	5.2924214684773645	3017	5.269003337950923	sub	0	0	-1.0	-1.0	-1.0		-1.0	-1	-1.0	-1.0	112.4	0			-119.0,134.8,129.3
292533	3	1	5	0.00041272771940086065	4.37469971112606	0.08446037770071728	3.78878149277574	205.3833020432771	3016	6.495467827979162	sub	0	0	-1.0	-1.0	-1.0		-1.0	-1	-1.0	-1.0	75.8	0			-51.0,-68.5,152.4
292533	3	2	4	0.00035428544080223496	3.1034085578376205	0.06638259918483808	3.5161230936928156	226.20436521157146	3016	3.0200454750892987	sub	0	0	-1.0	-1.0	-1.0		-1.0	-1	-1.0	-1.0	59.5	0			-45.3,-87.1,160.3
292643	18	0	28	0.00636899685432807	4.924045927631347	0.16924573772878615	4.1427167716366995	10.88641070004251	18009	5.734230052802727	sub	0	0	-1.0	-1.0	-1.0		-1.0	-1	-1.0	-1.0	2.7	17			-30.4,-22.6,62.4
292643	18	1	2	0.0007616519546180745	0.31259999999999977	7.0360521047298885e-15	3.0638838424457324	14.293302686223363	18012	41.10813375782237	sub	0	0	-1.0	-1.0	-1.0		-1.0	-1	-1.0	-1.0	7.4	0			-28.8,-27.1,65.2
292687	11	0	5	0.003647458314312653	1.0882390398486925	0.12279034538294833	3.808384467198644	71.04417592772823	11013	41.473661155538046	sub	0	0	-1.0	-1.0	-1.0		-1.0	-1	-1.0	-1.0	139.1	0			-186.5,53.9,250.4
313847	19	5	20	0.005085288400629023	5.362689535400053	0.3714697070341469	5.522796651154167	53.58750583056842	19023	4.76712722514636	sub	0	0	-1.0	-1.0	-1.0		-1.0	-1	-1.0	-1.0	51.3	0			-34.6,-42.1,286.3
313847	19	3	7	0.0017449853705249726	5.798713108400588	0.1216423853288417	3.8488945542843758	36.46390139988322	19023	3.6757249483827454	sub	0	0	-1.0	-1.0	-1.0		-1.0	-1	-1.0	-1.0	59.8	0			-36.2,-32.2,271.4
313847	19	0	5	0.0012208301649766177	1.2742502860974454	0.14076232628236943	3.3944213365461935	30.577792371752487	19025	36.375879640996416	sub	0	0	-1.0	-1.0	-1.0		-1.0	-1	-1.0	-1.0	45.8	0			-51.5,27.2,261.0
313847	19	2	4	0.0008415893293355056	3.0875456297596986	0.08782886360941798	3.669847562229251	31.285517399672404	19023	0.8010222071848924	sub	0	0	-1.0	-1.0	-1.0		-1.0	-1	-1.0	-1.0	63.4	0			-37.0,-26.7,267.2
313847	19	1	1	0.00025413159019660583	0.0	0.0	3.1932940112836774	11.484122793014025	19023	80.0458572255835	sub	0	0	-1.0	-1.0	-1.0		-1.0	-1	-1.0	-1.0	61.1	0			-40.3,-6.0,258.7
313847	19	4	1	0.00021888003735120483	0.0	0.0	3.0148031245837696	46.165545186327044	19023	83.23673664196892	sub	0	0	-1.0	-1.0	-1.0		-1.0	-1	-1.0	-1.0	58.2	0			-35.3,-37.5,274.9
314507	17	0	9	0.016173170145279362	2.756330729563019	0.19169639900862093	3.423474404753169	34.89305773144566	17001	23.359801621091744	sub	0	0	-1.0	-1.0	-1.0		-1.0	-1	-1.0	-1.0	44.8	0			63.5,-117.7,134.4
314507	17	1	1	0.00010228209918393833	0.0	0.0	3.2784362751165204	31.704857152966333	17001	89.57030805398136	sub	0	0	-1.0	-1.0	-1.0		-1.0	-1	-1.0	-1.0	51.1	0			64.0,-113.5,139.7
315013	15	0	13	0.007318323131380181	2.511810635589756	0.1645385446531305	3.7738830519771307	201.73549357267302	15017	6.7300013863030745	sub	0	0	-1.0	-1.0	-1.0		-1.0	-1	-1.0	-1.0	114.6	0			-10.4,-175.2,400.7
315167	8	3	354	0.06656005072812657	20.567853189275517	1.410248747435552	10.80931214277761	10.256972311554717	8006	63.49642565617292	sub	0	0	-1.0	-1.0	-1.0		-1.0	-1	-1.0	-1.0	27.1	0			136.8,154.7,235.5
315167	8	12	148	0.037507750010983616	12.060765680693837	0.8062128440674146	8.671136315385668	11.380683415331418	8011	63.34473909170295	sub	0	0	-1.0	-1.0	-1.0		-1.0	-1	-1.0	-1.0	27.0	0			130.6,161.1,231.6
315167	8	2	88	0.04486571893582415	6.536660318819475	0.5148874574994652	7.873662299082928	13.879506655497508	8011	65.18956987457574	NEARVTX	1	1	1.0	1.0	0.0	11:88	6.5	8001	-1.0	-1.0	22.3	0			132.4,173.7,235.2
315167	8	5	44	0.006807187186532884	6.708937243877092	0.32778312462626735	5.575331918370421	9.635353392585035	8011	24.17469922477788	sub	0	0	-1.0	-1.0	-1.0		-1.0	-1	-1.0	-1.0	23.8	0			136.7,169.6,233.9
315167	8	7	27	0.002769739612248344	11.793133554283536	0.22164459638195105	4.427860657247474	31.01598971498409	8001	2.815343176400254	sub	0	0	-1.0	-1.0	-1.0		-1.0	-1	-1.0	-1.0	14.9	0			133.9,165.9,256.6
315167	8	1	25	0.0028334195842949733	3.0026766061739005	0.2464845747073189	5.101979811798573	26.72201001047637	8001	44.936434245309535	sub	0	0	-1.0	-1.0	-1.0		-1.0	-1	-1.0	-1.0	18.8	0			133.7,163.6,249.8
315167	8	4	15	0.004171312479667285	3.413838425253822	0.24435514392831922	3.8229032161434593	7.048947935685154	8013	20.668218189506597	sub	0	0	-1.0	-1.0	-1.0		-1.0	-1	-1.0	-1.0	35.2	0			136.7,156.6,223.8
315167	8	14	14	0.0011172331388319655	5.695308856799121	0.14085671699880709	3.8151200505357563	53.40301465273282	8001	1.2089556983439482	sub	0	0	-1.0	-1.0	-1.0		-1.0	-1	-1.0	-1.0	20.5	0			131.5,169.9,277.7
315167	8	10	7	0.0002977576781791418	2.0007737519744335	0.12211547537262442	3.987796509351995	47.911636801511996	8001	13.528058722732277	sub	0	0	-1.0	-1.0	-1.0		-1.0	-1	-1.0	-1.0	11.9	0			133.1,174.7,269.7
315167	8	6	3	8.50379863666073e-05	1.200000000000017	0.05452578957149732	3.377646221853332	23.25288870226663	8001	14.02206217129582	sub	0	0	-1.0	-1.0	-1.0		-1.0	-1	-1.0	-1.0	17.0	0			136.1,170.3,245.3
315167	8	11	3	0.00022285840514304437	1.9540175709764869	0.03621611486127264	3.234550355149861	46.197772446298764	8001	11.05835532185461	sub	0	0	-1.0	-1.0	-1.0		-1.0	-1	-1.0	-1.0	16.8	0			132.6,167.7,268.9
315167	8	0	2	7.827860768932633e-05	0.0	1.2309605608408197e-14	9.31583479887874	28.065451662141477	8001	82.07778385586207	sub	0	0	-1.0	-1.0	-1.0		-1.0	-1	-1.0	-1.0	25.0	0			133.0,158.3,249.1
315167	8	8	1	3.48108310302066e-05	0.0	0.0	3.007767278231467	37.70082351885696	8001	83.23345217292153	sub	0	0	-1.0	-1.0	-1.0		-1.0	-1	-1.0	-1.0	8.7	0			134.2,172.8,258.8
315167	8	9	1	2.670781148745866e-05	0.0	0.0	3.222291265543826	40.14005673887371	8001	83.37457847668963	sub	0	0	-1.0	-1.0	-1.0		-1.0	-1	-1.0	-1.0	8.7	0			133.9,173.1,261.2
315167	8	13	1	4.8888911857630755e-05	0.0	0.0	3.045745393167349	50.500216128250386	8001	83.41778645420543	sub	0	0	-1.0	-1.0	-1.0		-1.0	-1	-1.0	-1.0	18.7	0			132.1,168.4,272.2
315167	8	15	1	6.603193727373347e-05	0.0	0.0	3.1919100864529484	61.814616993070466	8001	82.86776407416147	sub	0	0	-1.0	-1.0	-1.0		-1.0	-1	-1.0	-1.0	26.9	0			130.8,170.6,283.3
315167	8	16	1	6.620958840159045e-05	0.0	0.0	3.099645302288607	78.59958281695899	8001	82.92922596073853	sub	0	0	-1.0	-1.0	-1.0		-1.0	-1	-1.0	-1.0	42.1	0			128.6,172.9,299.8
315167	8	17	1	5.5091434438825244e-05	0.0	0.0	3.082310983661424	81.04260448677597	8001	82.93704521684798	sub	0	0	-1.0	-1.0	-1.0		-1.0	-1	-1.0	-1.0	44.4	0			128.3,173.2,302.2
315167	8	18	1	5.217113981362746e-05	0.0	0.0	3.0602923063001883	83.79967344805108	8001	82.83657302178835	sub	0	0	-1.0	-1.0	-1.0		-1.0	-1	-1.0	-1.0	47.0	0			128.0,173.7,304.9
315167	8	19	1	3.3318839136095145e-05	0.0	0.0	3.0954854223530157	114.76041656424918	8001	81.64689072823775	sub	0	0	-1.0	-1.0	-1.0		-1.0	-1	-1.0	-1.0	76.2	0			124.2,184.2,334.4
315167	8	20	1	4.918114179451356e-05	0.0	0.0	3.406438022333599	140.3530796562726	8001	81.99555986447793	sub	0	0	-1.0	-1.0	-1.0		-1.0	-1	-1.0	-1.0	101.7	0			120.5,188.0,359.5
315167	8	21	1	0.0001333024976889143	0.0	0.0	3.331510618323163	135.79762388569247	8001	81.59921728646273	sub	0	0	-1.0	-1.0	-1.0		-1.0	-1	-1.0	-1.0	97.9	0			120.5,180.7,355.9
315167	8	22	1	0.00015623892377457556	0.0	0.0	3.3683258452827807	138.55713404585126	8001	81.8505117129003	sub	0	0	-1.0	-1.0	-1.0		-1.0	-1	-1.0	-1.0	100.6	0			120.2,181.2,358.6
315343	7	0	17	0.013380199656580168	6.744257982634438	0.1907168886242082	4.450164525048487	4.586909226265537	7025	3.5432066830635267	sub	0	0	-1.0	-1.0	-1.0		-1.0	-1	-1.0	-1.0	71.3	0			-89.5,-17.8,375.1
315343	7	4	4	0.0021486565530830907	1.5389180623868883	0.06735799994470987	3.361386727230293	16.394899997560216	7025	6.466892159299946	sub	0	0	-1.0	-1.0	-1.0		-1.0	-1	-1.0	-1.0	74.1	0			-88.1,-17.5,385.0
315343	7	1	2	0.0009871602256308336	0.0	2.550738909172456e-14	3.509186763339908	6.906845014187023	7025	82.80196284211212	sub	0	0	-1.0	-1.0	-1.0		-1.0	-1	-1.0	-1.0	76.1	0			-89.2,-25.1,374.5
315343	7	2	2	0.0010479179401569406	0.0	2.0483614804334138e-14	3.3483955889351	13.838727680679307	7025	82.49302855222925	sub	0	0	-1.0	-1.0	-1.0		-1.0	-1	-1.0	-1.0	73.4	0			-88.6,-17.6,382.0
315343	7	7	2	0.0009250554562980331	0.0	2.4591502649036963e-14	3.767817677383025	23.641267949287307	7025	82.40011217170965	sub	0	0	-1.0	-1.0	-1.0		-1.0	-1	-1.0	-1.0	76.3	0			-87.4,-17.2,392.0
315343	7	3	1	0.0004956313480805974	0.0	0.0	3.254066528207439	12.140358942387174	7025	82.57021935470684	sub	0	0	-1.0	-1.0	-1.0		-1.0	-1	-1.0	-1.0	77.3	0			-88.9,-24.5,380.2
315343	7	5	1	0.0006152059768471069	0.0	0.0	3.2186571190482476	20.09398211156763	7025	82.32333893475422	sub	0	0	-1.0	-1.0	-1.0		-1.0	-1	-1.0	-1.0	75.4	0			-87.7,-17.7,388.1
315343	7	6	1	0.0006008469100859783	0.0	0.0	3.4062393060382576	25.36112708970165	7025	82.45710035404262	sub	0	0	-1.0	-1.0	-1.0		-1.0	-1	-1.0	-1.0	81.5	0			-87.0,-24.3,393.5
315343	7	8	1	0.00070695015097582	0.0	0.0	3.0199258169696854	26.675136857755785	7025	82.45532641650199	sub	0	0	-1.0	-1.0	-1.0		-1.0	-1	-1.0	-1.0	78.0	0			-86.7,-17.7,394.7
315497	14	0	936	0.12133224667837936	134.75328464264206	1.1496110295126105	12.685851497238973	160.73281709894093	14001	2.963673900405243	sub	0	0	-1.0	-1.0	-1.0		-1.0	-1	-1.0	-1.0	2.3	17			20.0,191.3,438.4
315497	14	1	828	0.11631570415528805	128.24526341730746	1.2646805356435258	12.54900475137372	157.89966735846406	14001	0.5570751253222089	sub	0	0	-1.0	-1.0	-1.0		-1.0	-1	-1.0	-1.0	3.0	21			20.0,180.0,437.0
315497	14	12	31	0.0031069759491540562	7.524300978648028	0.29258089166912327	5.2684280824644345	114.09084839531387	14001	15.904423184991517	sub	0	0	-1.0	-1.0	-1.0		-1.0	-1	-1.0	-1.0	35.9	0			9.8,192.5,317.5
315497	14	11	6	0.0006027148812078648	2.416849745649581	0.12701159395307512	4.085857008021679	125.79541449554353	14001	9.66384322769909	sub	0	0	-1.0	-1.0	-1.0		-1.0	-1	-1.0	-1.0	38.2	0			11.6,185.3,326.6
315497	14	2	5	0.0003587476057898316	3.941407830197113	0.0669794117978821	3.6497874677849356	154.71244633766736	14001	11.04651062273115	sub	0	0	-1.0	-1.0	-1.0		-1.0	-1	-1.0	-1.0	36.1	0			15.0,190.9,356.8
315497	14	13	2	0.00011609962646737571	0.0	3.172462292866385e-14	3.415172581817804	111.67312131404987	14001	82.58752424858362	sub	0	0	-1.0	-1.0	-1.0		-1.0	-1	-1.0	-1.0	38.1	0			9.4,193.0,311.8
315497	14	14	2	0.00011795700337446126	0.3125999999999989	2.836625259531569e-14	3.0946206374934113	100.03990758253677	14001	82.42857862018194	sub	0	0	-1.0	-1.0	-1.0		-1.0	-1	-1.0	-1.0	42.3	0			8.0,193.6,301.1
315497	14	3	1	8.944365482799957e-05	0.0	0.0	3.4203308158714596	155.05254314839726	14001	83.96243985597393	sub	0	0	-1.0	-1.0	-1.0		-1.0	-1	-1.0	-1.0	38.3	0			14.8,184.1,354.5
315497	14	4	1	7.115675751951133e-05	0.0	0.0	3.2630082194196213	151.99595046966743	14001	83.6440072579753	sub	0	0	-1.0	-1.0	-1.0		-1.0	-1	-1.0	-1.0	42.3	0			14.5,190.7,351.7
315497	14	5	1	8.032409346280322e-05	0.0	0.0	3.2597258535036318	149.57700939345457	14001	83.46606825935044	sub	0	0	-1.0	-1.0	-1.0		-1.0	-1	-1.0	-1.0	44.1	0			14.1,190.7,349.3
315497	14	6	1	5.416919415894562e-05	0.0	0.0	3.2592747061271217	147.15811209893118	14001	83.37774081060797	sub	0	0	-1.0	-1.0	-1.0		-1.0	-1	-1.0	-1.0	42.8	0			13.8,190.7,346.9
315497	14	7	1	0.00013221199544423805	0.0	0.0	3.2071573020355615	143.40552601442386	14001	83.309281001281	sub	0	0	-1.0	-1.0	-1.0		-1.0	-1	-1.0	-1.0	41.0	0			13.5,191.0,343.1
315497	14	8	1	6.334729620434357e-05	0.0	0.0	3.1016142587368813	137.97463222613644	14001	82.85372345255088	sub	0	0	-1.0	-1.0	-1.0		-1.0	-1	-1.0	-1.0	38.8	0			12.9,191.3,337.7
315497	14	9	1	6.3366361176823e-05	0.0	0.0	3.171694230218299	133.73962234686323	14001	82.51368016801936	sub	0	0	-1.0	-1.0	-1.0		-1.0	-1	-1.0	-1.0	39.2	0			12.3,185.4,333.4
315497	14	10	1	5.369817719180643e-05	0.0	0.0	3.044133466193604	131.61947131041666	14001	82.40047614628425	sub	0	0	-1.0	-1.0	-1.0		-1.0	-1	-1.0	-1.0	38.8	0			11.9,185.4,331.3
315497	14	15	1	7.208062365648578e-05	0.0	0.0	3.2000848431877325	97.47724306063695	14001	82.30849097506818	sub	0	0	-1.0	-1.0	-1.0		-1.0	-1	-1.0	-1.0	44.8	0			7.6,193.8,297.5
315497	14	16	1	0.00014684783837601593	0.0	0.0	3.1337961679726303	95.35928979288018	14001	82.28790999609578	sub	0	0	-1.0	-1.0	-1.0		-1.0	-1	-1.0	-1.0	46.1	0			7.3,193.9,295.4
316003	16	0	27	0.04191286193792753	11.548416459426152	0.133909695263243	3.6006258400450446	15.555492734400946	16001	1.880269490347403	sub	0	0	-1.0	-1.0	-1.0		-1.0	-1	-1.0	-1.0	25.8	0			154.2,26.8,410.6
316025	16	0	6	0.0025226946284456304	3.6331803337181494	0.1060560006444756	3.606533162193307	59.10479157471076	16009	13.173063281550908	sub	0	0	-1.0	-1.0	-1.0		-1.0	-1	-1.0	-1.0	80.9	0			60.0,97.6,87.3
316553	11	1	9	0.0008349143718875603	3.3525959592973047	0.08160302452700131	3.771876356669186	20.97384027211039	11002	3.6874571187168876	sub	0	0	-1.0	-1.0	-1.0		-1.0	-1	-1.0	-1.0	122.5	0			176.1,-94.6,138.6
316553	11	0	2	0.0003098184625312563	0.0	1.2268090012305021e-14	3.040842102115797	17.160188361728434	11002	85.39821494737916	sub	0	0	-1.0	-1.0	-1.0		-1.0	-1	-1.0	-1.0	124.4	0			176.5,-92.8,133.9
316729	8	0	17	0.004859147382252702	3.8531899641837573	0.311963463034277	3.829230701133041	109.59524536937539	8009	18.985551717147434	sub	0	0	-1.0	-1.0	-1.0		-1.0	-1	-1.0	-1.0	47.0	0			6.7,-69.2,191.1
316729	8	1	1	0.00015645255101932282	0.0	0.0	3.0458937313045076	112.07170103163241	8009	78.89223357852029	sub	0	0	-1.0	-1.0	-1.0		-1.0	-1	-1.0	-1.0	48.2	0			6.4,-70.5,184.0
317191	17	0	4	0.00311671049237465	0.6250973677047458	0.08650179489516496	3.146742601484932	70.86506465812336	17012	86.15424081061731	sub	0	0	-1.0	-1.0	-1.0		-1.0	-1	-1.0	-1.0	57.9	0			-146.4,-155.6,353.9
317939	26	17	407	0.07747018440868259	32.708346159917646	1.2620726664644553	11.906782310935226	8.489235080382684	26000	7.535660111691032	sub	0	0	-1.0	-1.0	-1.0		-1.0	-1	-1.0	-1.0	89.8	0			-131.7,103.4,145.3
317939	26	16	397	0.060500634186437134	41.240515280488	0.888523199773075	9.81185935488276	9.075497163241238	26000	3.785192406444614	sub	0	0	-1.0	-1.0	-1.0		-1.0	-1	-1.0	-1.0	93.0	0			-132.1,102.5,158.7
317939	26	0	381	0.0737312593393442	35.124240212918295	1.4780194945298228	14.84474543399112	69.15364965784524	26000	3.0225340008353645	sub	0	0	-1.0	-1.0	-1.0		-1.0	-1	-1.0	-1.0	88.9	0			-135.7,156.2,185.3
317939	26	1	162	0.02862476882649145	31.201611409265734	1.0208303274096773	10.708924969388857	81.78582681002864	26000	1.1029853112986967	sub	0	0	-1.0	-1.0	-1.0		-1.0	-1	-1.0	-1.0	91.4	0			-135.6,156.3,200.3
317939	26	8	54	0.010295691162377042	16.869647087286438	0.4905331765353952	6.837515191939264	119.08108801568785	26000	0.9436562340106314	sub	0	0	-1.0	-1.0	-1.0		-1.0	-1	-1.0	-1.0	80.1	0			-133.5,190.9,210.8
317939	26	13	54	0.009620465906666254	13.48839736474535	0.42492254766165616	5.996773799302402	125.79677359137635	26000	3.327447067408647	sub	0	0	-1.0	-1.0	-1.0		-1.0	-1	-1.0	-1.0	73.7	0			-133.3,189.1,219.5
317939	26	7	52	0.005898046446585971	15.555829691392386	0.35900077462323804	5.118092808849798	51.864309558693634	26000	2.033649444513627	sub	0	0	-1.0	-1.0	-1.0		-1.0	-1	-1.0	-1.0	94.4	0			-134.0,129.7,176.3
317939	26	2	12	0.0013949396509272249	5.793958569817325	0.15824524225677913	4.054126416381201	73.60462921583125	26000	4.721323808727619	sub	0	0	-1.0	-1.0	-1.0		-1.0	-1	-1.0	-1.0	96.5	0			-135.1,142.2,187.0
317939	26	3	9	0.0013372811408473657	3.3480544391686315	0.28410860564638285	4.816865785964991	106.23688005113854	26000	9.864980416707962	sub	0	0	-1.0	-1.0	-1.0		-1.0	-1	-1.0	-1.0	91.0	0			-135.1,172.5,199.0
317939	26	14	9	0.0010634245795907175	5.004314345885474	0.13123990516970518	4.01076613628868	49.4979100366874	26000	7.365742554293734	sub	0	0	-1.0	-1.0	-1.0		-1.0	-1	-1.0	-1.0	91.4	0			-133.4,127.7,165.2
317939	26	10	5	0.00032965957007429256	2.2920579404731365	0.034156715520576336	4.528219186391049	60.23150353428014	26000	32.68064567774144	sub	0	0	-1.0	-1.0	-1.0		-1.0	-1	-1.0	-1.0	92.5	0			-134.5,135.1,170.9
317939	26	18	5	0.000961099893812002	1.427118309892834	0.08865880084500176	3.562195283810244	12.522668012847726	26001	27.345615853701247	sub	0	0	-1.0	-1.0	-1.0		-1.0	-1	-1.0	-1.0	100.7	0			-128.6,80.7,151.3
317939	26	5	4	0.0002280806981259205	0.8958632277753479	0.04192420183348229	3.46343500011187	70.72865909233683	26000	23.672427358077023	sub	0	0	-1.0	-1.0	-1.0		-1.0	-1	-1.0	-1.0	96.2	0			-134.9,138.5,182.9
317939	26	15	2	0.00014289333923920306	0.0	3.552713678800501e-15	3.532986555309833	44.691224228029384	26000	85.71350921569775	sub	0	0	-1.0	-1.0	-1.0		-1.0	-1	-1.0	-1.0	91.0	0			-133.0,122.4,160.7
317939	26	4	1	8.626186246946543e-05	0.0	0.0	3.372178672609144	111.90178219313579	26000	84.99334121637023	sub	0	0	-1.0	-1.0	-1.0		-1.0	-1	-1.0	-1.0	91.7	0			-134.9,175.7,201.4
317939	26	6	1	2.0692319761624508e-05	0.0	0.0	3.341639418010274	64.91295767410385	26000	85.13136517033236	sub	0	0	-1.0	-1.0	-1.0		-1.0	-1	-1.0	-1.0	92.9	0			-134.6,137.8,173.5
317939	26	9	1	7.623083538966934e-05	0.0	0.0	3.0481746997178614	119.77739674496186	26000	84.72443683156226	sub	0	0	-1.0	-1.0	-1.0		-1.0	-1	-1.0	-1.0	86.0	0			-134.2,178.3,211.3
317939	26	11	1	9.107032184964216e-05	0.0	0.0	3.244249219773356	123.10601521452963	26000	85.19615605391992	sub	0	0	-1.0	-1.0	-1.0		-1.0	-1	-1.0	-1.0	83.4	0			-133.9,180.9,213.4
317939	26	12	1	7.167759853408503e-05	0.0	0.0	3.328145429514746	56.596442123158226	26000	84.97292316596497	sub	0	0	-1.0	-1.0	-1.0		-1.0	-1	-1.0	-1.0	92.4	0			-133.9,131.3,168.2
317939	26	19	1	5.169093833689982e-05	0.0	0.0	3.0307034760926372	17.619525503259162	26001	77.54032372180883	sub	0	0	-1.0	-1.0	-1.0		-1.0	-1	-1.0	-1.0	101.2	0			-127.1,80.7,155.6
319039	20	0	11	0.0026965008381201446	3.0282011296201956	0.08765927050069322	3.65091800099645	47.556736007005334	20000	2.815290231719634	sub	0	0	-1.0	-1.0	-1.0		-1.0	-1	-1.0	-1.0	56.9	0			68.6,175.3,269.2
319039	20	2	4	0.0008411793277553066	1.855047240188241	0.04789466410936023	4.125456853489077	22.568867223677834	20000	14.908611889147533	sub	0	0	-1.0	-1.0	-1.0		-1.0	-1	-1.0	-1.0	58.7	0			63.6,181.6,243.9
319039	20	1	1	0.00031853339186100666	0.0	0.0	3.1074761608096173	27.58530112215561	20000	81.27881224713445	sub	0	0	-1.0	-1.0	-1.0		-1.0	-1	-1.0	-1.0	59.4	0			64.7,181.1,248.0
319611	2	8	336	0.1743575971908495	42.367722078897245	1.2266439755121676	11.920644445666536	54.55898423724548	2001	3.3166642264382937	sub	0	0	-1.0	-1.0	-1.0		-1.0	-1	-1.0	-1.0	88.1	0			-195.7,-183.8,472.7
319611	2	4	229	0.1209847754848152	40.52647687762739	1.1504470004843126	11.553310391398652	9.640666211419251	2001	1.7754112191122149	sub	0	0	-1.0	-1.0	-1.0		-1.0	-1	-1.0	-1.0	76.7	0			-195.9,-158.6,436.4
319611	2	7	57	0.02964441471458156	8.191487997967128	0.5418659496495842	6.937396269494773	45.01824592318101	2001	3.4762450522283994	sub	0	0	-1.0	-1.0	-1.0		-1.0	-1	-1.0	-1.0	87.8	0			-196.2,-174.3,448.5
319611	2	10	33	0.015160401045288307	10.18304202203128	0.3004125416727711	5.644635417810454	56.33303422504421	2001	10.024678950810321	sub	0	0	-1.0	-1.0	-1.0		-1.0	-1	-1.0	-1.0	79.1	0			-195.4,-169.4,462.5
319611	2	3	27	0.007457163307429463	10.198072108012697	0.2860933089448181	4.706741972957517	24.75286765205198	2001	1.5699608981656041	sub	0	0	-1.0	-1.0	-1.0		-1.0	-1	-1.0	-1.0	89.8	0			-196.7,-167.3,430.2
319611	2	0	26	0.007467067009865438	6.1174035458043114	0.40990178281061906	5.5179373863790975	3.3963665879878358	2001	9.877933454247676	sub	0	0	-1.0	-1.0	-1.0		-1.0	-1	-1.0	-1.0	90.4	0			-196.8,-149.9,409.2
319611	2	14	24	0.01525885487983997	6.065362950033676	0.7068663901887766	8.236942758086881	95.89987992693216	2001	32.972797131306265	sub	0	0	-1.0	-1.0	-1.0		-1.0	-1	-1.0	-1.0	100.9	0			-195.7,-194.1,493.5
319611	2	9	15	0.011628466081922249	5.096121957623966	0.35405179455265756	7.011074240086173	50.99873974913499	2001	57.08783300230399	sub	0	0	-1.0	-1.0	-1.0		-1.0	-1	-1.0	-1.0	77.9	0			-195.6,-166.0,454.9
319611	2	2	8	0.0014036332469207062	5.715325797494745	0.00013231656237035991	3.215020217665785	16.984051636756185	2001	6.3561290670110004	sub	0	0	-1.0	-1.0	-1.0		-1.0	-1	-1.0	-1.0	93.3	0			-196.9,-162.9,420.7
319611	2	1	7	0.002893949423546396	3.648908672708145	0.06855761798525395	3.3745050007371544	11.309297325652041	2001	6.061563573563349	sub	0	0	-1.0	-1.0	-1.0		-1.0	-1	-1.0	-1.0	94.6	0			-197.1,-159.5,414.8
319611	2	5	5	0.0012875702948607747	3.011356341037861	0.11893867825107789	4.756041841699889	36.486444510256156	2001	4.454123940505386	sub	0	0	-1.0	-1.0	-1.0		-1.0	-1	-1.0	-1.0	89.6	0			-196.4,-170.2,437.4
319611	2	6	2	0.00043391694472578844	0.0	0.0	4.2421809249488724	42.22026795272622	2001	88.7703718794528	sub	0	0	-1.0	-1.0	-1.0		-1.0	-1	-1.0	-1.0	89.8	0			-196.3,-172.0,441.5
319611	2	11	1	0.00015057165781443956	0.0	0.0	11.002222320967721	20.77739427839789	2001	88.2038172780202	sub	0	0	-1.0	-1.0	-1.0		-1.0	-1	-1.0	-1.0	80.3	0			-196.3,-148.7,424.9
319611	2	12	1	0.00018820129729702642	0.0	0.0	10.912334351549204	22.45276423962096	2001	88.30939934315244	sub	0	0	-1.0	-1.0	-1.0		-1.0	-1	-1.0	-1.0	79.8	0			-196.3,-149.8,426.7
319611	2	13	1	0.00025088929829773364	0.0	0.0	10.840941103059277	24.19074560653314	2001	88.33836750473101	sub	0	0	-1.0	-1.0	-1.0		-1.0	-1	-1.0	-1.0	79.4	0			-196.3,-150.8,428.5
320667	21	0	13	0.0030747359013184082	4.140733839978133	0.1297675145804675	7.1470669942921345	12.263796596486745	21008	8.857047910248586	sub	0	0	-1.0	-1.0	-1.0		-1.0	-1	-1.0	-1.0	132.2	0			-127.2,-9.5,426.9
320667	21	1	6	0.00400189802788085	2.0829204842081785	0.011928915883943386	4.05147882296083	136.0416197140614	21001	28.339217141811915	sub	0	0	-1.0	-1.0	-1.0		-1.0	-1	-1.0	-1.0	21.4	0			-6.1,72.4,429.8
320667	21	2	1	0.0006819573051756154	0.0	0.0	3.0379186629829587	140.88955547980586	21001	81.5819675225309	sub	0	0	-1.0	-1.0	-1.0		-1.0	-1	-1.0	-1.0	20.0	0			-5.0,77.6,431.9
320865	13	1	535	0.21609462576202287	40.33658983790433	1.4979833364061892	14.68820598112989	3.2885196335129256	13001	2.5327843637811926	sub	0	0	-1.0	-1.0	-1.0		-1.0	-1	-1.0	-1.0	37.3	0			43.1,-0.9,92.9
320865	13	0	432	0.15189819267654056	35.382929869007114	1.3944196926137937	13.534565715326819	6.560642600386033	13001	2.094493168013381	sub	0	0	-1.0	-1.0	-1.0		-1.0	-1	-1.0	-1.0	41.4	0			42.9,-6.8,81.1
321107	13	0	3051	0.3368945957060327	201.97926188405586	2.824307064186807	24.153994634635485	4.144766405963065	13000	6.552820164201754	sub	0	0	-1.0	-1.0	-1.0		-1.0	-1	-1.0	-1.0	5.0	0			-130.3,161.3,121.4
321107	13	2	1857	0.2515172166222759	105.10249419319138	2.6835869344489978	25.11379162930201	49.36123723692509	13000	0.30862252624029224	sub	0	0	-1.0	-1.0	-1.0		-1.0	-1	-1.0	-1.0	20.3	0			-130.4,180.6,123.0
321107	13	10	341	0.03794176551452328	61.34604339185846	1.1168166737793492	11.712890121571194	152.84042480839287	13000	6.3162629156261305	sub	0	0	-1.0	-1.0	-1.0		-1.0	-1	-1.0	-1.0	0.4	81			-128.0,193.4,211.5
321107	13	1	277	0.038654303254011396	45.32514531965535	1.257061972916538	13.022508161256804	4.423248761939584	13000	8.34223835915721	sub	0	0	-1.0	-1.0	-1.0		-1.0	-1	-1.0	-1.0	123.7	0			-131.5,166.8,61.2
321107	13	3	36	0.004377727949264078	14.24561965356862	0.3299788973609318	14.811137277062844	42.78090574730742	13000	48.48334803210033	sub	0	0	-1.0	-1.0	-1.0		-1.0	-1	-1.0	-1.0	118.8	0			-131.3,173.3,79.5
321107	13	6	2	0.00015089593021868974	0.0	1.3267281275877899e-14	24.872377561463658	62.75348640960118	13000	-1.0	sub	0	0	-1.0	-1.0	-1.0		-1.0	-1	-1.0	-1.0	112.2	0			-130.7,142.9,97.4
321107	13	7	2	0.0001243363765475459	0.0	4.6629367034256575e-15	24.044922774673246	64.58692815547121	13000	-1.0	sub	0	0	-1.0	-1.0	-1.0		-1.0	-1	-1.0	-1.0	110.2	0			-130.7,144.0,99.4
321107	13	8	2	0.00013408740949067828	0.0	2.3314683517128287e-15	23.01019547939565	66.45840402545039	13000	-1.0	sub	0	0	-1.0	-1.0	-1.0		-1.0	-1	-1.0	-1.0	108.3	0			-130.7,145.1,101.3
321107	13	9	2	0.00010917702018424765	0.0	6.147875662259241e-15	24.145820135170375	98.49505364032247	13000	-1.0	sub	0	0	-1.0	-1.0	-1.0		-1.0	-1	-1.0	-1.0	75.8	0			-130.4,193.8,126.5
321107	13	4	1	0.00010618999034745122	0.0	0.0	11.842867095429224	49.148954542390825	13000	89.36530965251853	sub	0	0	-1.0	-1.0	-1.0		-1.0	-1	-1.0	-1.0	124.3	0			-131.1,177.2,79.7
321107	13	5	1	0.00015328591397123975	0.0	0.0	6.874499839261044	51.43289793128519	13000	89.28898568632653	sub	0	0	-1.0	-1.0	-1.0		-1.0	-1	-1.0	-1.0	120.9	0			-131.1,173.9,83.6
321371	27	1	6	0.0012933993926356883	2.4612774054313684	0.10735259483895566	3.880744562580761	6.825734685731644	27011	8.398378306268402	sub	0	0	-1.0	-1.0	-1.0		-1.0	-1	-1.0	-1.0	56.7	0			38.0,-113.5,147.5
321371	27	0	2	0.0003250543164219052	0.0	0.0	3.2374198816341444	3.7480977255135817	27011	75.39829702728318	sub	0	0	-1.0	-1.0	-1.0		-1.0	-1	-1.0	-1.0	59.3	0			38.6,-109.0,146.9
321767	15	0	3	0.0004271826073142769	1.0759018281273087	0.06936758295888014	3.3309811242335186	35.37816845175	15008	64.00306804540065	sub	0	0	-1.0	-1.0	-1.0		-1.0	-1	-1.0	-1.0	109.9	0			25.4,119.4,250.0
345633	8	3	601	0.1956926635090566	42.71582363593038	0.9927953505373545	37.28878077974662	6.526103223976771	8042	-1.0	sub	0	0	-1.0	-1.0	-1.0		-1.0	-1	-1.0	-1.0	19.0	0			85.6,-126.5,209.5
345633	8	4	166	0.052539964361975174	16.23631515328284	0.4671349320612493	6.626958745156031	181.817696415998	8013	10.746726289444098	TRK-COR	2	1	1.0	0.0	1.0	13:166	179.4	8042	-1.0	-1.0	9.5	0			114.5,29.1,304.4
345633	8	15	110	0.021701443648529873	6.455181791936045	0.3486862100409286	4.973467687640088	4.370873103854669	8041	14.689275333792835	sub	0	0	-1.0	-1.0	-1.0		-1.0	-1	-1.0	-1.0	27.2	0			78.6,-112.2,192.1
345633	8	5	81	0.015002322382767826	17.214935503705362	0.6852836422649282	8.397468107114193	180.90500697506965	8013	7.034633465585304	sub	0	0	-1.0	-1.0	-1.0		-1.0	-1	-1.0	-1.0	16.2	0			114.0,37.3,296.7
345633	8	8	52	0.010501857421566646	13.270497021043052	0.2794423123829452	4.918465538153151	143.45905296524023	8013	1.541780437692898	sub	0	0	-1.0	-1.0	-1.0		-1.0	-1	-1.0	-1.0	43.0	0			110.9,0.6,278.2
345633	8	6	24	0.003476972517942204	7.3356758474809975	0.23796528380223972	4.333607139554735	171.4294792439445	8013	4.2269333550818615	sub	0	0	-1.0	-1.0	-1.0		-1.0	-1	-1.0	-1.0	20.1	0			113.2,17.0,297.5
345633	8	14	9	0.000726735181071467	1.7461245528684683	0.09040533356818777	3.498346616617627	98.45363179207766	8012	16.73392787738403	sub	0	0	-1.0	-1.0	-1.0		-1.0	-1	-1.0	-1.0	53.5	0			99.4,-41.0,249.8
345633	8	1	8	0.0014559611985543377	2.4129123863828186	0.2746307290265832	5.257243406957681	206.59459440132989	8013	63.60731385576405	sub	0	0	-1.0	-1.0	-1.0		-1.0	-1	-1.0	-1.0	13.6	0			114.3,54.2,301.0
345633	8	2	8	0.0007137136810329274	2.372313721918584	0.07965077649625495	4.229146160869822	88.77952486001489	8041	24.37100182184489	sub	0	0	-1.0	-1.0	-1.0		-1.0	-1	-1.0	-1.0	50.3	0			100.8,-46.3,240.9
345633	8	0	5	0.0007904636187478905	1.8583221172675812	0.1434994977053331	3.693167821802819	201.0556898644005	8013	33.314602046295185	sub	0	0	-1.0	-1.0	-1.0		-1.0	-1	-1.0	-1.0	14.3	0			114.7,47.9,300.6
345633	8	7	3	0.00043028274645611793	2.7656468790343185	0.089231597193693	3.47173898932508	170.4735529154596	8013	4.363063609032969	sub	0	0	-1.0	-1.0	-1.0		-1.0	-1	-1.0	-1.0	27.5	0			113.2,18.3,290.0
345633	8	9	1	0.00012459855236833905	0.0	0.0	3.0902879170071005	141.28848202496232	8013	83.58998926113787	sub	0	0	-1.0	-1.0	-1.0		-1.0	-1	-1.0	-1.0	57.9	0			109.9,-7.0,272.6
345633	8	10	1	6.665478236916406e-05	0.0	0.0	3.32154431100957	133.5258495262247	8013	82.61942329182065	sub	0	0	-1.0	-1.0	-1.0		-1.0	-1	-1.0	-1.0	65.1	0			108.6,-17.3,273.1
345633	8	11	1	8.78693701527719e-05	0.0	0.0	3.1210436011052547	131.44576290154814	8013	82.30132889930826	sub	0	0	-1.0	-1.0	-1.0		-1.0	-1	-1.0	-1.0	67.2	0			108.6,-18.9,271.7
345633	8	12	1	7.14775497075953e-05	0.0	0.0	3.106783746899668	129.33272942905828	8013	82.10419094718388	sub	0	0	-1.0	-1.0	-1.0		-1.0	-1	-1.0	-1.0	69.3	0			108.3,-20.7,270.5
345633	8	13	1	3.7922525711024924e-05	0.0	0.0	3.053761223475099	111.0295070202962	8013	78.59954460342065	sub	0	0	-1.0	-1.0	-1.0		-1.0	-1	-1.0	-1.0	64.3	0			105.5,-35.1,259.4
348471	12	1	289	0.18553980174053317	24.76304470867833	1.0727257203807417	13.772874259209662	25.504575452259534	12007	21.605012093034446	sub	0	0	-1.0	-1.0	-1.0		-1.0	-1	-1.0	-1.0	45.2	0	pr54drop(cid12,npts10,9.8cm,d0.0)		-161.9,35.6,196.1
348471	12	4	50	0.011765841871457258	17.0462568989484	0.24049548811556817	5.010388164603615	8.203954905409953	12007	2.0192673818092417	sub	0	0	-1.0	-1.0	-1.0		-1.0	-1	-1.0	-1.0	48.7	0			-161.3,32.6,173.7
348471	12	0	40	0.020915405732786184	8.52178120429234	0.27293678828734175	5.035133209757224	37.52779531280782	12007	4.072549549420257	sub	0	0	-1.0	-1.0	-1.0		-1.0	-1	-1.0	-1.0	53.1	0			-163.7,23.5,195.5
348471	12	5	3	0.0005585228096642842	1.2454080223450492	0.05181347331391734	3.516492536605199	3.787673968281845	12006	60.027035373181214	sub	0	0	-1.0	-1.0	-1.0		-1.0	-1	-1.0	-1.0	54.9	0			-160.4,42.8,160.2
348471	12	2	2	0.0008118186699851761	0.0	0.0	3.1879291648341264	34.67353947335055	12007	84.28834950088503	sub	0	0	-1.0	-1.0	-1.0		-1.0	-1	-1.0	-1.0	55.2	0			-162.3,28.6,189.8
348471	12	3	1	9.432720296980929e-05	0.0	0.0	3.109456944548359	23.556870778819498	12007	84.62602940234085	sub	0	0	-1.0	-1.0	-1.0		-1.0	-1	-1.0	-1.0	56.8	0			-162.3,37.8,180.4
348691	9	1	87	0.01571216767094574	11.956067100695535	0.2510749649363066	7.622461337389631	10.985603517331237	9011	31.369337418604317	sub	0	0	-1.0	-1.0	-1.0		-1.0	-1	-1.0	-1.0	42.8	0	pr54drop(cid9,npts5,7.0cm,d0.0)		56.9,-152.3,193.5
348691	9	2	23	0.0036571412457951286	4.796296368048818	0.2886586339575786	4.913391334913195	20.77534230861193	9010	54.24572190117475	sub	0	0	-1.0	-1.0	-1.0		-1.0	-1	-1.0	-1.0	40.3	0			56.2,-150.5,200.4
348691	9	0	2	0.00014354204720397156	0.3126000000000033	0.0	3.369992743315638	101.42062893691795	9003	70.41237130344619	sub	0	0	-1.0	-1.0	-1.0		-1.0	-1	-1.0	-1.0	88.6	0			92.0,-131.0,272.6
348691	9	3	2	0.00011694914032971778	0.0	0.0	3.474824543771964	20.272130525428274	9011	77.29883719219599	sub	0	0	-1.0	-1.0	-1.0		-1.0	-1	-1.0	-1.0	36.8	0			56.8,-143.9,196.8
348713	7	0	28	0.03028743408113964	8.787181767795758	0.17379106836341612	4.265154158995903	96.32239637716664	7003	6.274407502808491	sub	0	0	-1.0	-1.0	-1.0		-1.0	-1	-1.0	-1.0	72.9	0			130.4,134.7,118.1
348713	7	2	10	0.00521900906245492	3.478000357472408	0.056508818520832185	5.840303673611509	91.33728954288058	7003	12.934756793361041	sub	0	0	-1.0	-1.0	-1.0		-1.0	-1	-1.0	-1.0	81.2	0			131.8,130.4,110.3
348713	7	1	2	0.0014414386055799895	0.0	3.552713678800501e-15	3.290020364678617	108.18569515439647	7001	50.89722377340118	sub	0	0	-1.0	-1.0	-1.0		-1.0	-1	-1.0	-1.0	68.4	0			129.9,143.4,126.2
349461	17	0	712	0.26550908159580516	50.201740365262694	1.530422078741004	14.52615682966421	7.5980727714335625	17004	9.645858425856291	sub	0	0	-1.0	-1.0	-1.0		-1.0	-1	-1.0	-1.0	43.4	0			-142.3,15.5,238.6
349461	17	1	454	0.19610180929748108	37.98285456521989	1.3460308734253572	12.30235791807408	24.152546702625383	17004	1.3424533469686626	sub	0	0	-1.0	-1.0	-1.0		-1.0	-1	-1.0	-1.0	42.7	0			-142.1,-1.8,251.7
349461	17	7	7	0.0027203291561283273	3.1163529332167887	0.05644215949225687	6.522264720938584	5.168913158488928	17004	76.03110659200289	sub	0	0	-1.0	-1.0	-1.0		-1.0	-1	-1.0	-1.0	68.2	0			-141.8,22.1,211.8
349461	17	3	6	0.0021344417818595436	3.6961437918105156	0.09742551653850863	4.387447756965316	11.163688861662164	17004	10.215776602659743	sub	0	0	-1.0	-1.0	-1.0		-1.0	-1	-1.0	-1.0	70.6	0			-141.8,11.0,218.7
349461	17	2	5	0.0010171038697814822	2.0005001280939507	0.16332570158028362	3.810749665092147	7.049983251043938	17004	14.681422713222977	sub	0	0	-1.0	-1.0	-1.0		-1.0	-1	-1.0	-1.0	71.7	0			-141.6,13.0,214.4
349461	17	4	4	0.001226553870958613	1.5191729501271962	0.14447574325356946	4.471739065240726	16.708569931508208	17004	51.01898978136895	sub	0	0	-1.0	-1.0	-1.0		-1.0	-1	-1.0	-1.0	69.3	0			-141.8,8.8,222.5
349461	17	5	4	0.001265232689087065	1.2434563442178468	0.041906585075871965	4.05568004192885	20.5135227556093	17004	62.249090513467216	sub	0	0	-1.0	-1.0	-1.0		-1.0	-1	-1.0	-1.0	68.1	0			-141.8,7.0,225.7
349461	17	6	4	0.0013344735825610878	1.8714939587055612	0.0846042906648654	4.340914563775704	3.4517333674546795	17004	38.062839120615365	sub	0	0	-1.0	-1.0	-1.0		-1.0	-1	-1.0	-1.0	64.8	0			-141.7,21.4,208.6
349945	18	0	16	0.011748122017717954	3.184593815421671	0.17060056567164508	3.5802327801415372	4.08819895430738	18060	17.536067374629187	sub	0	0	-1.0	-1.0	-1.0		-1.0	-1	-1.0	-1.0	104.4	0			-155.5,-95.9,103.6
349945	18	1	5	0.0006270953248605073	2.3549498051232503	0.0386952173579971	3.3776289020553896	11.154136118947086	18060	15.905952055766981	sub	0	0	-1.0	-1.0	-1.0		-1.0	-1	-1.0	-1.0	108.2	0			-157.7,-95.6,114.4
350121	2	1	364	0.06287885633268145	28.637834247808684	0.9240611806910655	9.728038192770416	19.261241780580995	2013	14.213675561967035	sub	0	0	-1.0	-1.0	-1.0		-1.0	-1	-1.0	-1.0	93.3	0	pr54drop(cid2,npts2,3.2cm,d2.3)		-43.9,-38.0,367.1
350121	2	2	57	0.011713763275181538	13.211903302936214	0.3092421099215999	5.566989141358192	13.112867422878944	2009	3.5112583706404297	sub	0	0	-1.0	-1.0	-1.0		-1.0	-1	-1.0	-1.0	85.0	0			-43.6,-35.5,347.5
350121	2	3	29	0.004801203825870215	7.863524855638026	0.12698461579584	4.245505290304088	29.21933961916318	2012	4.258244490260292	sub	0	0	-1.0	-1.0	-1.0		-1.0	-1	-1.0	-1.0	92.3	0	pr54drop(cid2,npts4,4.9cm,d2.8)		-43.2,-44.4,361.2
350121	2	4	11	0.003438924386671608	3.3957194189321873	0.18226361810505873	4.2140317583046265	6.939559970199824	2015	4.980834586643388	sub	0	0	-1.0	-1.0	-1.0		-1.0	-1	-1.0	-1.0	85.7	0			-45.4,-28.2,341.2
350121	2	0	7	0.0010913226392372352	3.1387854636739676	0.07038407771822541	3.4066417789371517	41.8527106698001	2014	55.094405605586815	sub	0	0	-1.0	-1.0	-1.0		-1.0	-1	-1.0	-1.0	97.2	0	pr54drop(cid2,npts4,4.9cm,d0.8)		-40.8,-49.0,367.7
353729	32	0	19	0.057237999755841665	2.339804863190813	0.15033245770478243	4.419268181497913	3.0359278482862644	32000	76.7188030551789	sub	0	0	-1.0	-1.0	-1.0		-1.0	-1	-1.0	-1.0	29.6	0			54.0,69.3,166.0
386442	16	0	19	0.017449475035842432	5.311269289621233	0.18571327538875276	4.302102576647844	4.900635544498285	16015	77.15258429041029	sub	0	0	-1.0	-1.0	-1.0		-1.0	-1	-1.0	-1.0	95.3	0			19.0,-36.5,97.5
387850	15	0	279	0.23758288223169494	73.95867680934569	0.15020887930167404	35.39308172510553	45.94408143177966	15000	-1.0	TRK-COR	2	1	1.0	0.0	1.0	13:279	-1.0	-1	-1.0	-1.0	21.3	0	pr54drop(cid15,npts16,67.1cm,d0.3)		153.3,182.9,128.5
387850	15	3	7	0.006138629422725329	3.3238436974757013	0.10225114870103623	5.151283723500395	105.21897006058367	15000	15.94090602144929	sub	0	0	-1.0	-1.0	-1.0		-1.0	-1	-1.0	-1.0	21.9	0			153.5,158.0,171.4
387850	15	2	4	0.0036292297911613446	1.0394228945660013	0.000123502946337431	6.2059336928459174	102.69220607529084	15000	59.170452633563734	sub	0	0	-1.0	-1.0	-1.0		-1.0	-1	-1.0	-1.0	22.1	0			153.5,160.4,167.4
387850	15	1	2	0.001570372635981849	0.0	1.2268090012305021e-14	6.4177676804321875	100.18838154002688	15000	72.72144917296241	sub	0	0	-1.0	-1.0	-1.0		-1.0	-1	-1.0	-1.0	22.0	0			153.6,161.6,165.1
388026	12	0	2	0.00041730781471809264	0.3126000000000033	0.0	3.298321915762632	211.28380522351918	12007	70.51711645448316	sub	0	0	-1.0	-1.0	-1.0		-1.0	-1	-1.0	-1.0	40.4	0			-65.8,-52.4,250.3
388224	3	2	6	0.0007521848028605837	1.9109659107373647	0.093513133196813	3.714021418029787	5.648194981650001	3039	3.002516571541376	sub	0	0	-1.0	-1.0	-1.0		-1.0	-1	-1.0	-1.0	7.8	0			-70.1,-3.3,349.0
388224	3	0	4	0.0012980549324786647	1.0392278634158916	0.15629999999999453	3.4328083710478214	3.073605484172614	3040	58.91875495402615	sub	0	0	-1.0	-1.0	-1.0		-1.0	-1	-1.0	-1.0	14.1	0			-68.6,-3.1,343.6
388224	3	1	2	0.0002578165353002908	0.3126000000000033	2.550737399076297e-14	3.7066156720113272	54.45670959109557	3040	61.793025436365554	sub	0	0	-1.0	-1.0	-1.0		-1.0	-1	-1.0	-1.0	38.8	0			-92.9,21.2,387.1
390182	4	0	52	0.023018377338793656	8.704780427986293	0.773526944014822	5.058759754129477	7.0652814699769815	4009	18.087006124728582	sub	0	0	-1.0	-1.0	-1.0		-1.0	-1	-1.0	-1.0	185.1	0			-183.9,-44.7,497.5
390182	4	1	5	0.0011588340856416564	1.4157745221138667	0.09228629640902966	3.575201427891869	6.712582698931895	4010	19.338711236407118	sub	0	0	-1.0	-1.0	-1.0		-1.0	-1	-1.0	-1.0	189.0	0			-184.9,-52.8,495.6
390842	3	0	126	0.01226501256368651	35.98128091567172	0.6845560215940507	8.398745278313907	310.9796350818651	3001	0.7455558822121607	sub	0	0	-1.0	-1.0	-1.0		-1.0	-1	-1.0	-1.0	35.2	0			-24.5,-116.6,335.6
390842	3	25	42	0.003663197971940591	19.709885725946027	0.267426517287179	4.785623554982152	326.12296816803627	3001	1.7740826822411544	sub	0	0	-1.0	-1.0	-1.0		-1.0	-1	-1.0	-1.0	41.9	0			-23.8,-124.0,342.7
390842	3	7	11	0.0007554165030718332	3.1945865856360465	0.1737949459771368	4.335865151270281	34.023568859835976	3008	18.546186879167234	sub	0	0	-1.0	-1.0	-1.0		-1.0	-1	-1.0	-1.0	70.0	0			-72.4,-109.0,45.3
390842	3	1	9	0.0007380764578977512	5.633564738003887	0.16416938682453383	4.311538177959225	46.80653408927005	3001	12.830766699108285	sub	0	0	-1.0	-1.0	-1.0		-1.0	-1	-1.0	-1.0	61.4	0			-68.8,-109.3,59.7
390842	3	10	8	0.0006874151749744642	2.294491958433398	0.13811046898070153	3.5390089926418615	85.72955247830237	3001	13.783086448337809	sub	0	0	-1.0	-1.0	-1.0		-1.0	-1	-1.0	-1.0	55.5	0			-62.9,-117.3,95.8
390842	3	24	8	0.0005582387120382093	4.190026521975389	0.13173689487866094	3.9749762779166433	318.3535635369109	3001	3.0091791340186926	sub	0	0	-1.0	-1.0	-1.0		-1.0	-1	-1.0	-1.0	53.0	0			-25.2,-124.6,327.1
390842	3	4	7	0.0005511410159387917	3.3263741945904304	0.12274989218166125	3.981089097219491	8.789596628401101	3008	9.615379065178322	sub	0	0	-1.0	-1.0	-1.0		-1.0	-1	-1.0	-1.0	86.5	0			-75.6,-115.3,20.8
390842	3	26	7	0.0003958301101723799	5.0033901572263755	0.14551065047178616	3.892490104033652	366.16666734487177	3001	2.142892145542478	sub	0	0	-1.0	-1.0	-1.0		-1.0	-1	-1.0	-1.0	35.7	0			-20.4,-114.5,374.9
390842	3	6	6	0.0006207394308180806	2.2513929127588224	0.11634287493559788	3.8308891474434565	22.881737232998724	3008	9.566784533707015	sub	0	0	-1.0	-1.0	-1.0		-1.0	-1	-1.0	-1.0	77.2	0			-73.5,-109.4,33.9
390842	3	8	6	0.0003666051237359792	2.4247625372142205	0.12155075935931921	3.9682620692187163	32.870694744103	3008	12.237996193488712	sub	0	0	-1.0	-1.0	-1.0		-1.0	-1	-1.0	-1.0	71.4	0			-72.6,-116.0,44.2
390842	3	13	6	0.0005816399625365635	1.7619220095207033	0.1253774003426154	3.9032428005441826	139.19093347459813	3001	11.488796430973858	sub	0	0	-1.0	-1.0	-1.0		-1.0	-1	-1.0	-1.0	81.9	0			-54.0,-118.8,148.6
390842	3	30	6	0.000575870527166704	4.223456847221863	0.09955551191685792	3.7115571193233667	397.31983258987964	3001	3.791651455609279	sub	0	0	-1.0	-1.0	-1.0		-1.0	-1	-1.0	-1.0	57.4	0			-15.8,-120.2,405.2
390842	3	9	5	0.0004714132507024384	0.9478878066334939	0.04318472937388531	3.6050730159041184	45.049956998869604	3001	23.372380623970237	sub	0	0	-1.0	-1.0	-1.0		-1.0	-1	-1.0	-1.0	64.6	0			-69.9,-116.1,55.4
390842	3	20	5	0.0003424289429458589	3.9010590279335293	0.09962297421261625	3.7143044624801633	308.126951162877	3001	2.708504537918208	sub	0	0	-1.0	-1.0	-1.0		-1.0	-1	-1.0	-1.0	59.7	0			-26.2,-124.5,316.2
390842	3	28	5	0.00032758194392878097	2.749339622828341	0.12525127136650407	3.8068522114734176	372.9012578944324	3001	10.803772899116062	sub	0	0	-1.0	-1.0	-1.0		-1.0	-1	-1.0	-1.0	43.1	0			-19.7,-120.8,380.2
390842	3	16	3	0.0001980347457752217	0.9651613514852233	0.047272204681635455	3.4266285529657257	237.19477112122433	3001	19.19029692461335	sub	0	0	-1.0	-1.0	-1.0		-1.0	-1	-1.0	-1.0	104.1	0			-39.3,-123.3,245.0
390842	3	2	2	0.00016271413816147258	0.3126000000000033	8.345155887641791e-16	3.130609560453044	6.667993920213183	3008	83.77933666410651	sub	0	0	-1.0	-1.0	-1.0		-1.0	-1	-1.0	-1.0	89.9	0			-75.8,-109.1,16.1
390842	3	3	2	0.00011303714863616529	0.0	7.771561172376096e-16	3.30415217567231	5.251936301974735	3008	83.85435972617128	sub	0	0	-1.0	-1.0	-1.0		-1.0	-1	-1.0	-1.0	91.3	0			-76.0,-116.2,14.9
390842	3	11	2	7.226430509840913e-05	0.0	0.0	3.284941192776516	130.72176919675618	3001	79.95164051384972	sub	0	0	-1.0	-1.0	-1.0		-1.0	-1	-1.0	-1.0	76.3	0			-56.3,-117.8,139.7
390842	3	12	2	3.902237677062649e-05	0.3125999999999962	1.3933409538589448e-14	3.2665825092900924	135.04981865641287	3001	80.0141366515086	sub	0	0	-1.0	-1.0	-1.0		-1.0	-1	-1.0	-1.0	78.6	0			-54.6,-112.0,144.7
390842	3	27	2	0.00013357748574796752	0.0	0.0	3.7222637265513696	368.0845765928396	3001	83.33447468718535	sub	0	0	-1.0	-1.0	-1.0		-1.0	-1	-1.0	-1.0	41.9	0			-20.4,-121.6,374.6
390842	3	29	2	0.00011122343317904888	0.0	0.0	3.2418776673403302	373.57268577112274	3001	82.90320116340504	sub	0	0	-1.0	-1.0	-1.0		-1.0	-1	-1.0	-1.0	38.4	0			-19.7,-114.3,379.9
390842	3	5	1	7.963140084773987e-05	0.0	0.0	3.039797532731416	14.045363310715747	3008	83.16073647690133	sub	0	0	-1.0	-1.0	-1.0		-1.0	-1	-1.0	-1.0	84.9	0			-75.1,-115.0,24.2
390842	3	14	1	5.156469906653752e-05	0.0	0.0	3.3037672678322867	162.59326563929395	3001	82.31167249194502	sub	0	0	-1.0	-1.0	-1.0		-1.0	-1	-1.0	-1.0	100.5	0			-51.0,-113.4,171.1
390842	3	15	1	5.590205255005905e-05	0.0	0.0	3.2009398447955903	172.83391364234626	3001	82.77625086233853	sub	0	0	-1.0	-1.0	-1.0		-1.0	-1	-1.0	-1.0	109.5	0			-49.7,-119.9,181.1
390842	3	17	1	4.431633801031971e-05	0.0	0.0	3.067287369973669	294.80312507931455	3001	81.05764435361297	sub	0	0	-1.0	-1.0	-1.0		-1.0	-1	-1.0	-1.0	69.9	0			-28.2,-118.9,301.3
390842	3	18	1	5.2084760846355846e-05	0.0	0.0	3.0130455837906056	300.8689210136035	3001	82.42324433535278	sub	0	0	-1.0	-1.0	-1.0		-1.0	-1	-1.0	-1.0	64.7	0			-27.2,-118.6,307.3
390842	3	19	1	5.3922185002258064e-05	0.0	0.0	3.125834608548558	305.1296574486492	3001	83.26736637584138	sub	0	0	-1.0	-1.0	-1.0		-1.0	-1	-1.0	-1.0	65.0	0			-26.6,-124.7,311.3
390842	3	21	1	5.7276392282902456e-05	0.0	0.0	3.20310405856569	308.85682822940794	3001	84.05150206843952	sub	0	0	-1.0	-1.0	-1.0		-1.0	-1	-1.0	-1.0	58.0	0			-26.3,-118.0,315.2
390842	3	22	1	8.449837607026755e-05	0.0	0.0	3.24886408456863	305.9947758258791	3001	83.5401589293075	sub	0	0	-1.0	-1.0	-1.0		-1.0	-1	-1.0	-1.0	60.3	0			-26.6,-118.1,312.4
390842	3	23	1	6.578227037068831e-05	0.0	0.0	3.121279154449346	315.337341101383	3001	84.9259259978311	sub	0	0	-1.0	-1.0	-1.0		-1.0	-1	-1.0	-1.0	57.5	0			-25.7,-124.6,321.5
390842	3	31	1	4.193284898560826e-05	0.0	0.0	3.0351997446626053	396.18467172757954	3001	81.61702745987445	sub	0	0	-1.0	-1.0	-1.0		-1.0	-1	-1.0	-1.0	53.4	0			-16.3,-113.7,402.1
390842	3	32	1	3.886983806182537e-05	0.0	0.0	3.487835552316086	398.60449650154476	3001	82.19157870919416	sub	0	0	-1.0	-1.0	-1.0		-1.0	-1	-1.0	-1.0	55.2	0			-16.0,-113.4,404.5
390842	3	33	1	7.650777978270609e-05	0.0	0.0	3.0673987367148845	400.9225509391184	3001	82.6880168939765	sub	0	0	-1.0	-1.0	-1.0		-1.0	-1	-1.0	-1.0	57.4	0			-15.4,-114.0,406.7
391260	13	0	17	0.003529701897779994	9.924755773104195	0.12913204322843502	3.9627313673778053	12.62380265252906	13004	3.442978291944278	sub	0	0	-1.0	-1.0	-1.0		-1.0	-1	-1.0	-1.0	106.4	0			-44.7,187.2,143.9
391260	13	3	7	0.003894075586266921	4.0566939410869205	0.1102244485690832	3.58069825871994	92.6388127263082	13002	10.295235485304074	sub	0	0	-1.0	-1.0	-1.0		-1.0	-1	-1.0	-1.0	104.6	0			-25.6,104.3,92.0
391260	13	1	5	0.0005915439708935814	2.170893224703057	0.011596692151689163	3.9049710165377807	12.837322049789037	13002	25.90452774087827	sub	0	0	-1.0	-1.0	-1.0		-1.0	-1	-1.0	-1.0	96.9	0			-45.6,176.9,122.6
391260	13	2	5	0.0029570326089416172	2.5167718413293665	0.08518689431180489	3.4307786827482767	87.74587179035832	13002	11.508364690181637	sub	0	0	-1.0	-1.0	-1.0		-1.0	-1	-1.0	-1.0	106.6	0			-25.8,113.0,88.0
391766	17	0	1	3.497238390489536e-05	0.0	0.0	3.310329847613381	64.53674468403773	17002	71.39979602070422	sub	0	0	-1.0	-1.0	-1.0		-1.0	-1	-1.0	-1.0	98.0	0			101.1,-42.9,58.3
392552	12	0	1	0.0004170215906948159	0.0	0.0	3.1474066610465226	125.55460832147898	12000	50.597638291221536	sub	0	0	-1.0	-1.0	-1.0		-1.0	-1	-1.0	-1.0	65.6	0			-46.2,-121.4,252.1
393042	15	16	319	0.030456163175088754	103.96651250982444	0.517976822083748	6.793507267972854	174.28162310669592	15002	1.4680652670216308	TRK-COR	2	1	1.0	0.0	1.0	13:319	176.4	33006	-1.0	-1.0	24.9	0			-30.7,-114.1,244.6
393042	15	0	240	0.027221321763951745	39.8771675076091	0.7848212972484212	8.645447530347987	315.98237911809	15002	0.42513193859381226	sub	0	0	-1.0	-1.0	-1.0		-1.0	-1	-1.0	-1.0	95.2	0			-40.1,-116.7,351.5
393042	15	2	129	0.014939377892053306	38.48349568388892	0.6387788045288368	7.88262086872127	319.0438888973497	15002	0.9186195385979162	sub	0	0	-1.0	-1.0	-1.0		-1.0	-1	-1.0	-1.0	98.0	0			-40.3,-107.3,354.8
393042	15	19	99	0.009576114530359192	29.517289037166144	0.433518095322904	6.395253142761425	163.28706627252632	15002	0.30022857170103	sub	0	0	-1.0	-1.0	-1.0		-1.0	-1	-1.0	-1.0	20.5	0			-27.2,-127.9,194.5
393042	15	18	96	0.008264033003859044	33.40529665812557	0.7019696419799815	8.21414481002131	196.09625787740165	15002	1.520663491357897	sub	0	0	-1.0	-1.0	-1.0		-1.0	-1	-1.0	-1.0	19.3	0			-29.8,-122.8,233.2
393042	15	14	85	0.006722683159144844	39.61659590132476	0.3432298326314353	4.958099636957694	242.20350819741734	15002	0.7104969038090005	sub	0	0	-1.0	-1.0	-1.0		-1.0	-1	-1.0	-1.0	36.2	0			-33.1,-119.3,275.7
393042	15	17	14	0.0010714165676618632	7.277166968988707	0.19258628905047798	4.087227178662829	232.0654340468317	15002	2.9845709722544336	sub	0	0	-1.0	-1.0	-1.0		-1.0	-1	-1.0	-1.0	30.6	0			-31.3,-120.1,251.1
393042	15	7	12	0.0006724864305221165	7.245856158173172	0.12732210614432005	3.9911406339541604	297.0207830579813	15002	2.880564206728475	sub	0	0	-1.0	-1.0	-1.0		-1.0	-1	-1.0	-1.0	78.5	0			-36.7,-116.8,315.0
393042	15	27	10	0.000821076375701487	3.4955095978466337	0.10537130020001573	3.9881093064257707	104.82717017308252	15002	8.915411919870229	sub	0	0	-1.0	-1.0	-1.0		-1.0	-1	-1.0	-1.0	92.0	0			-19.1,-139.1,123.6
393042	15	21	9	0.0007855162935630259	3.342575008815475	0.07815875903587018	3.6538144848910985	159.47827017752732	15002	14.138258173598755	sub	0	0	-1.0	-1.0	-1.0		-1.0	-1	-1.0	-1.0	44.3	0			-25.8,-123.4,176.7
393042	15	26	6	0.00024957761801481143	2.185637481445027	0.1366009848528947	3.7691194780744137	114.26141123700687	15002	4.2183413047300045	sub	0	0	-1.0	-1.0	-1.0		-1.0	-1	-1.0	-1.0	85.5	0			-19.8,-130.8,131.8
393042	15	20	5	0.00019164097978241544	5.50964316218628	0.15202370321398795	3.8906188723646444	166.241711672758	15002	5.58432716084842	sub	0	0	-1.0	-1.0	-1.0		-1.0	-1	-1.0	-1.0	37.8	0			-26.2,-121.7,183.8
393042	15	8	4	0.00020872845255260253	2.897553026792191	0.08839878989601513	3.783204329665529	290.3971880562627	15002	8.621838970468588	sub	0	0	-1.0	-1.0	-1.0		-1.0	-1	-1.0	-1.0	72.9	0			-35.9,-116.9,306.8
393042	15	13	4	0.0002544248995345179	1.4141983759917625	0.06653255473784796	3.537975127103069	284.0113978580726	15002	26.26072366480127	sub	0	0	-1.0	-1.0	-1.0		-1.0	-1	-1.0	-1.0	67.9	0			-35.2,-110.5,299.1
393042	15	1	3	0.0001242715160397647	1.2455763588976314	0.051799579979658214	3.513309613455661	360.5744969041604	15002	22.1626112258998	sub	0	0	-1.0	-1.0	-1.0		-1.0	-1	-1.0	-1.0	117.2	0			-41.8,-107.6,375.6
393042	15	22	3	0.00021615148909145677	1.5079277199221175	0.0706914440631387	3.3752796047142666	155.06498450268003	15002	20.19556606412325	sub	0	0	-1.0	-1.0	-1.0		-1.0	-1	-1.0	-1.0	46.5	0			-25.5,-131.1,172.2
393042	15	31	3	0.0001602439697477843	0.6350820173707225	0.14248744839485628	3.568845034461426	54.08275783968862	15002	62.491058097021906	sub	0	0	-1.0	-1.0	-1.0		-1.0	-1	-1.0	-1.0	126.4	0			-11.5,-139.7,71.9
393042	15	3	2	0.00011886366691768944	0.0	0.0	3.5158497536157567	358.61501458024924	15002	83.24264592878188	sub	0	0	-1.0	-1.0	-1.0		-1.0	-1	-1.0	-1.0	119.9	0			-41.5,-114.3,374.2
393042	15	9	2	0.00010612211682060436	0.0	0.0	3.4303818286016017	291.4799887882261	15002	83.78075464416591	sub	0	0	-1.0	-1.0	-1.0		-1.0	-1	-1.0	-1.0	74.1	0			-35.9,-110.1,306.4
393042	15	10	2	0.00011070853152814914	0.0	0.0	3.4743589969949724	288.39617451965	15002	83.8133877700775	sub	0	0	-1.0	-1.0	-1.0		-1.0	-1	-1.0	-1.0	71.5	0			-35.5,-110.4,302.9
393042	15	30	2	0.00011146170173015132	0.0	6.147875662259241e-15	3.1726136606905055	101.44202166995885	15002	82.12133329654309	sub	0	0	-1.0	-1.0	-1.0		-1.0	-1	-1.0	-1.0	99.6	0			-18.4,-133.2,118.1
393042	15	4	1	0.00010556781838061062	0.0	0.0	3.1887525397873007	316.9178790130472	15002	84.32345143042963	sub	0	0	-1.0	-1.0	-1.0		-1.0	-1	-1.0	-1.0	96.1	0			-38.7,-109.7,331.4
393042	15	5	1	4.5996321915521805e-05	0.0	0.0	3.0038489459358693	310.2647364082106	15002	83.47981442540367	sub	0	0	-1.0	-1.0	-1.0		-1.0	-1	-1.0	-1.0	90.1	0			-38.0,-116.3,325.6
393042	15	6	1	4.7797138807754045e-05	0.0	0.0	3.0705328544081762	306.23253812399554	15002	83.16289940922184	sub	0	0	-1.0	-1.0	-1.0		-1.0	-1	-1.0	-1.0	86.5	0			-37.4,-110.1,320.8
393042	15	11	1	6.69191289120432e-05	0.0	0.0	3.0432797702478704	285.15821752085697	15002	83.87682080061258	sub	0	0	-1.0	-1.0	-1.0		-1.0	-1	-1.0	-1.0	68.6	0			-35.2,-116.9,300.5
393042	15	12	1	5.303467568530719e-05	0.0	0.0	3.5627923332689426	287.3611341806132	15002	83.81769353267839	sub	0	0	-1.0	-1.0	-1.0		-1.0	-1	-1.0	-1.0	70.5	0			-35.5,-117.4,302.8
393042	15	15	1	5.329832879185778e-05	0.0	0.0	3.3785640500070473	280.7562759092669	15002	84.17925428699556	sub	0	0	-1.0	-1.0	-1.0		-1.0	-1	-1.0	-1.0	65.5	0			-34.6,-110.6,295.3
393042	15	23	1	5.533110469196676e-05	0.0	0.0	3.0769138125726077	150.13059786340824	15002	83.5386604769845	sub	0	0	-1.0	-1.0	-1.0		-1.0	-1	-1.0	-1.0	52.4	0			-24.9,-131.9,166.6
393042	15	24	1	3.2681840034717155e-05	0.0	0.0	3.3115188494103367	146.7799678076283	15002	83.15766219945702	sub	0	0	-1.0	-1.0	-1.0		-1.0	-1	-1.0	-1.0	55.5	0			-24.6,-132.4,163.3
393042	15	25	1	3.951679431411213e-05	0.0	0.0	3.0113338390155375	120.48004983627953	15002	82.57283021815229	sub	0	0	-1.0	-1.0	-1.0		-1.0	-1	-1.0	-1.0	80.3	0			-21.2,-136.2,137.5
393042	15	28	1	5.6297948844918455e-05	0.0	0.0	3.0689877810118413	106.91330263648393	15002	82.47432209860195	sub	0	0	-1.0	-1.0	-1.0		-1.0	-1	-1.0	-1.0	94.6	0			-19.0,-132.6,123.4
393042	15	29	1	6.160514308219434e-05	0.0	0.0	3.0986581111829437	109.09467168700952	15002	82.5665004764959	sub	0	0	-1.0	-1.0	-1.0		-1.0	-1	-1.0	-1.0	92.5	0			-19.3,-132.1,125.5
393042	15	32	1	1.0577121787100104e-05	0.0	0.0	3.1336550394228113	45.212222320076236	15002	82.32508703834776	sub	0	0	-1.0	-1.0	-1.0		-1.0	-1	-1.0	-1.0	133.3	0			-9.9,-141.5,62.9
393042	15	33	1	4.7319985893653254e-05	0.0	0.0	3.2368539542123154	19.782054694090796	15002	82.81717282990223	sub	0	0	-1.0	-1.0	-1.0		-1.0	-1	-1.0	-1.0	151.7	0			-6.8,-145.0,37.7
393042	15	34	1	4.4980369323965575e-05	0.0	0.0	3.033550601671269	6.512109548372176	15002	82.4596530431077	sub	0	0	-1.0	-1.0	-1.0		-1.0	-1	-1.0	-1.0	159.8	0			-5.2,-153.2,25.3
393608	9	0	8	0.006461361127723189	2.4369344725658744	0.059347904237671716	3.48229206270812	7.291296315470924	9000	14.313671762016074	sub	0	0	-1.0	-1.0	-1.0		-1.0	-1	-1.0	-1.0	86.9	0			101.3,92.9,462.4
393608	9	1	2	0.0010298197212386172	0.0	2.4619195571062846e-14	3.124645997549161	12.345836960287466	9000	84.18027701161856	sub	0	0	-1.0	-1.0	-1.0		-1.0	-1	-1.0	-1.0	86.5	0			100.8,94.2,466.6
393608	9	2	1	0.0005261201309172272	0.0	0.0	3.0402200265770234	15.87899829838141	9000	84.00116314265455	sub	0	0	-1.0	-1.0	-1.0		-1.0	-1	-1.0	-1.0	86.1	0			100.5,95.1,469.9
393608	9	3	1	0.0004261847051601115	0.0	0.0	3.072421151144483	32.38287181180816	9000	83.48750687936023	sub	0	0	-1.0	-1.0	-1.0		-1.0	-1	-1.0	-1.0	80.6	0			98.0,94.3,487.1
394642	13	1	1317	0.1541866071940482	251.00848422942934	0.8594908711191709	10.43425969630811	9.476899283737275	13012	2.255808486587123	sub	0	0	-1.0	-1.0	-1.0		-1.0	-1	-1.0	-1.0	39.8	0			12.2,149.4,136.7
394642	13	0	1063	0.12209429612992953	212.31484898770725	2.257111258486229	17.8756402895113	4.4513999317630395	13012	2.1383727676824993	sub	0	0	-1.0	-1.0	-1.0		-1.0	-1	-1.0	-1.0	33.9	0			13.5,133.4,107.2
394642	13	2	256	0.027031833070286677	34.577722023356046	0.7364548608240439	9.08907335259761	218.12461542256918	13012	2.030604657566278	sub	0	0	-1.0	-1.0	-1.0		-1.0	-1	-1.0	-1.0	62.7	0			6.8,157.5,238.8
394642	13	5	25	0.0019020091393701615	15.114871874043786	0.17493659606396414	4.412337762955152	270.8720746263736	13012	2.004774713317304	sub	0	0	-1.0	-1.0	-1.0		-1.0	-1	-1.0	-1.0	32.2	0			3.8,165.7,274.5
394642	13	4	21	0.0011269114276419203	8.612324035643892	0.20304102390802012	4.483008046936776	275.1460685435351	13012	3.3884276320073266	sub	0	0	-1.0	-1.0	-1.0		-1.0	-1	-1.0	-1.0	33.4	0			4.2,173.0,274.9
394642	13	9	9	0.0006265905494665374	6.095520014622341	0.12627921983960025	3.946911371135674	288.0710381283681	13012	1.9912826277178393	sub	0	0	-1.0	-1.0	-1.0		-1.0	-1	-1.0	-1.0	26.0	0			2.5,168.4,288.7
394642	13	7	5	0.00025641372476098694	3.9976356841975953	0.1083783701649481	3.739453737232202	286.75422277067116	13012	1.9677276749590107	sub	0	0	-1.0	-1.0	-1.0		-1.0	-1	-1.0	-1.0	27.5	0			3.2,174.7,285.1
394642	13	3	3	0.00028211513654100067	1.0318110629675974	0.06511388617912156	3.5146112121968818	267.842775930141	13012	13.746840047016121	sub	0	0	-1.0	-1.0	-1.0		-1.0	-1	-1.0	-1.0	47.4	0			4.6,164.5,265.9
394642	13	6	1	4.3842125139111426e-05	0.0	0.0	3.2868365579079137	272.85975580499905	13012	84.39685292647893	sub	0	0	-1.0	-1.0	-1.0		-1.0	-1	-1.0	-1.0	43.1	0			4.6,171.9,269.3
394642	13	8	1	5.5448106926977785e-05	0.0	0.0	3.1054612988089283	294.63487005504913	13012	85.21126076057429	sub	0	0	-1.0	-1.0	-1.0		-1.0	-1	-1.0	-1.0	24.6	0			2.7,175.3,290.8
394642	13	10	1	5.1551522519692494e-05	0.0	0.0	3.1182901889497057	298.0498733734133	13012	85.2318069304702	sub	0	0	-1.0	-1.0	-1.0		-1.0	-1	-1.0	-1.0	22.3	0			2.4,176.2,294.1
395148	21	3	127	0.0638976756500537	13.620372106611896	0.7066204997120035	6.978704164098085	4.408166172003957	21007	12.310277145078116	NEARVTX	1	1	1.0	0.35	0.65	211:83;11:44	3.0	21006	-1.0	4.0	90.7	0			-153.5,-64.5,191.7
395148	21	2	49	0.011373059825447243	12.746880612268463	0.28950623568015466	5.206812296607201	129.2981814041095	21008	5.120678965576474	sub	0	0	-1.0	-1.0	-1.0		-1.0	-1	-1.0	-1.0	87.1	0			-132.9,-10.6,306.4
395148	21	1	6	0.0019594605386342285	3.23166228918284	0.14554699702822632	3.6602997598010902	143.9476890747316	21008	8.622676418615123	sub	0	0	-1.0	-1.0	-1.0		-1.0	-1	-1.0	-1.0	101.2	0			-132.7,-1.4,312.2
395148	21	4	3	0.0009827246928052257	2.517264072322663	0.046010463595492136	3.587097100720859	17.35276479296599	21007	4.769360165104893	sub	0	0	-1.0	-1.0	-1.0		-1.0	-1	-1.0	-1.0	91.9	0			-152.6,-59.0,199.9
395148	21	0	1	0.0001499934228795124	0.0	0.0	3.1081284159442273	108.87246930372253	21010	77.33658827401432	sub	0	0	-1.0	-1.0	-1.0		-1.0	-1	-1.0	-1.0	84.6	0			-136.8,-14.8,278.2
395610	22	0	7	0.004063547731238366	3.5142284952050478	0.13071086664930695	3.974885532943037	123.34821073371921	22000	3.877280844313298	sub	0	0	-1.0	-1.0	-1.0		-1.0	-1	-1.0	-1.0	4.4	2			-30.8,163.5,285.0
395654	15	3	15	0.001994210460872946	6.308424121285489	0.6365891621797684	7.009915968825865	146.57245680277038	15001	23.74863422650472	sub	0	0	-1.0	-1.0	-1.0		-1.0	-1	-1.0	-1.0	48.6	0			-25.2,87.5,262.6
395654	15	4	11	0.0012222417320453484	4.503233895471151	0.017485688756471374	6.759495522596335	142.58660733771595	15001	57.74426754931265	sub	0	0	-1.0	-1.0	-1.0		-1.0	-1	-1.0	-1.0	44.7	0			-24.3,90.3,257.8
395654	15	2	9	0.0010473826329960515	4.777154657417753	0.12772709494330783	4.348528901824153	178.86065519842535	15001	3.8268826212825315	sub	0	0	-1.0	-1.0	-1.0		-1.0	-1	-1.0	-1.0	71.0	0			-30.7,62.0,284.5
395654	15	0	8	0.0010596858861883864	3.4578701667326834	0.09680389862006207	6.560790812851745	164.6392630096782	15001	68.62088649947934	sub	0	0	-1.0	-1.0	-1.0		-1.0	-1	-1.0	-1.0	66.9	0			-28.1,78.2,275.9
395654	15	10	7	0.00506094614731616	0.9974595485933292	0.12146744073946127	3.7527025248479453	3.1830553184008727	15001	53.445134880715976	sub	0	0	-1.0	-1.0	-1.0		-1.0	-1	-1.0	-1.0	91.5	0			22.7,155.5,136.8
395654	15	7	6	0.00012983408519845433	2.322645518580682	0.08668867871071637	3.765812136843783	121.38067682118928	15001	3.5257345235133988	sub	0	0	-1.0	-1.0	-1.0		-1.0	-1	-1.0	-1.0	24.5	0			-19.0,97.5,238.2
395654	15	1	5	6.522732636592417e-05	1.7035366208578437	0.04152951252945805	3.7821693136214836	69.75964965106976	15001	12.543106421947874	sub	0	0	-1.0	-1.0	-1.0		-1.0	-1	-1.0	-1.0	18.9	0			-2.9,122.0,195.4
395654	15	8	4	6.831331070254608e-05	1.2635456260167715	0.024521616656174618	3.612111383941525	118.12867126388072	15001	2.178556884282567	sub	0	0	-1.0	-1.0	-1.0		-1.0	-1	-1.0	-1.0	21.5	0			-17.9,99.3,235.0
395654	15	5	3	0.00020346354816532124	0.3000000000010233	0.08164726300045311	4.245792469021534	138.2610387840696	15001	27.788797413051807	sub	0	0	-1.0	-1.0	-1.0		-1.0	-1	-1.0	-1.0	40.3	0			-23.1,91.6,252.4
395654	15	6	2	0.00027080628952810224	0.0	3.552713678800501e-15	3.110483361151446	137.62121608967126	15001	77.71079159980353	sub	0	0	-1.0	-1.0	-1.0		-1.0	-1	-1.0	-1.0	41.1	0			-19.9,87.8,250.7
395654	15	9	1	5.0466868343429036e-05	0.0	0.0	3.1298444836924477	51.11883348629934	15001	70.31011426304367	sub	0	0	-1.0	-1.0	-1.0		-1.0	-1	-1.0	-1.0	39.3	0			5.2,131.0,179.8
398690	18	2	10	0.00139149514400408	2.4450432520266796	0.18385582482501853	4.117932278462083	135.8444714392529	18002	6.388814722116237	sub	0	0	-1.0	-1.0	-1.0		-1.0	-1	-1.0	-1.0	112.5	0			29.1,-75.9,176.8
398690	18	3	3	0.00018673867160248084	0.5527074070186339	0.04716379860830027	3.5750043860113023	8.44383943239092	18002	41.049262244113024	sub	0	0	-1.0	-1.0	-1.0		-1.0	-1	-1.0	-1.0	87.3	0			56.6,-189.6,121.3
398690	18	0	2	8.313120939230006e-05	0.0	0.0	3.395043048327962	206.0881326347541	18001	77.79828192972134	sub	0	0	-1.0	-1.0	-1.0		-1.0	-1	-1.0	-1.0	45.3	0			12.8,-13.7,202.1
398690	18	1	1	4.8017272570100616e-05	0.0	0.0	3.296156278151886	16.205677461926722	18002	76.85656232799066	sub	0	0	-1.0	-1.0	-1.0		-1.0	-1	-1.0	-1.0	95.7	0			55.6,-184.8,130.6
399118	9	1	6	0.0016183048254875393	2.412259012450366	0.12023053186466368	5.407122217418421	25.72123370303316	9000	65.1513992258928	sub	0	0	-1.0	-1.0	-1.0		-1.0	-1	-1.0	-1.0	33.4	0			-10.4,57.5,310.8
399118	9	0	2	6.404924119461113e-05	0.0	1.7763568394002505e-15	3.7203269345582988	56.29697269892272	9000	72.8799557984639	sub	0	0	-1.0	-1.0	-1.0		-1.0	-1	-1.0	-1.0	30.0	0			-18.9,42.2,335.6
399328	12	0	5	0.005607918258942436	1.9206684360607302	0.05132470819377993	3.6554939721055475	6.292702294722042	12005	66.80449434102384	sub	0	0	-1.0	-1.0	-1.0		-1.0	-1	-1.0	-1.0	47.2	0			10.1,-126.6,69.9
399702	27	4	1029	0.1883067773629632	66.20272886056557	2.2767043187756126	19.71925653694886	127.38117452374978	27002	4.718934846130772	sub	0	0	-1.0	-1.0	-1.0		-1.0	-1	-1.0	-1.0	81.2	0			27.7,29.7,164.5
399702	27	0	521	0.11755676351483518	31.818073273655337	1.6683193030722503	15.36976653823993	173.50469379382795	27002	7.892659448742693	sub	0	0	-1.0	-1.0	-1.0		-1.0	-1	-1.0	-1.0	114.5	0			27.7,22.2,133.8
399702	27	9	222	0.03973937395648129	50.51707006893267	0.733296446072805	8.742254986558109	100.02616856408127	27002	1.3161114988100124	TRK-COR	2	1	1.0	0.0	1.0	13:222	56.2	27001	-1.0	48.0	81.3	0			26.5,64.8,179.5
399702	27	13	126	0.020972508347677315	32.62537462414713	0.7198214815637662	7.885799257526146	90.35120566793783	27002	1.4076849680807226	sub	0	0	-1.0	-1.0	-1.0		-1.0	-1	-1.0	-1.0	72.2	0			26.1,71.9,199.1
399702	27	8	21	0.0037005619850641156	7.639556551361699	0.5309584567260102	6.6840237551941835	152.32694080355583	27002	10.68926947003253	sub	0	0	-1.0	-1.0	-1.0		-1.0	-1	-1.0	-1.0	103.5	0			27.5,43.4,158.9
399702	27	1	12	0.0011613212402264486	7.113287884113798	0.06901107938748761	3.3913526563895036	16.25833997553257	27002	9.81917387931898	sub	0	0	-1.0	-1.0	-1.0		-1.0	-1	-1.0	-1.0	22.6	0			14.5,137.2,256.8
399702	27	5	10	0.0016893985989952097	5.917170135046351	0.14616865138167176	8.836572624043784	168.99159722329392	27002	80.59979851117993	sub	0	0	-1.0	-1.0	-1.0		-1.0	-1	-1.0	-1.0	111.6	0			27.8,34.9,148.2
399702	27	6	7	0.0009765106836544784	4.315882597829278	0.2521786281355693	7.541857228163361	164.5331257736569	27002	83.24844457977176	sub	0	0	-1.0	-1.0	-1.0		-1.0	-1	-1.0	-1.0	109.7	0			27.8,37.8,151.5
399702	27	14	5	0.0006343626796845228	2.765305218158403	0.10283402231299914	5.712865471897611	124.78911230972835	27002	78.73985959015359	sub	0	0	-1.0	-1.0	-1.0		-1.0	-1	-1.0	-1.0	86.7	0			26.7,59.5,187.7
399702	27	10	3	0.0005557432321283368	1.7267751067195718	0.06726927848949708	3.0860774646142604	200.35932713275815	27004	59.8940253850581	sub	0	0	-1.0	-1.0	-1.0		-1.0	-1	-1.0	-1.0	125.4	0			27.4,4.6,134.6
399702	27	2	2	0.00023527341187492968	0.0	7.133236932186591e-15	3.2502258936880266	13.167216860065748	27002	82.71304959737805	sub	0	0	-1.0	-1.0	-1.0		-1.0	-1	-1.0	-1.0	22.2	0			13.6,141.6,262.4
399702	27	15	2	0.00010554592345685812	0.0	2.3314683517128287e-15	3.644791968000357	85.42384593472715	27002	85.11568065342748	sub	0	0	-1.0	-1.0	-1.0		-1.0	-1	-1.0	-1.0	69.8	0			24.9,89.1,213.6
399702	27	16	2	0.00015843760749826723	0.0	9.325873406851315e-15	3.019535792137599	82.43520996206658	27002	84.7640818077799	sub	0	0	-1.0	-1.0	-1.0		-1.0	-1	-1.0	-1.0	67.8	0			24.6,91.4,215.3
399702	27	3	1	0.00011006528617096447	0.0	0.0	3.0070591979540375	199.60602218195822	27004	86.75541905389046	sub	0	0	-1.0	-1.0	-1.0		-1.0	-1	-1.0	-1.0	126.3	0	pr54drop(cid27,npts2,5.7cm,d1.5)		29.6,6.3,134.9
399702	27	7	1	0.00016453661526701316	0.0	0.0	3.5636236066677913	162.32582889093774	27002	88.74398998389624	sub	0	0	-1.0	-1.0	-1.0		-1.0	-1	-1.0	-1.0	108.5	0			28.0,38.7,155.0
399702	27	11	1	0.00010583928246247973	0.0	0.0	6.907489355764501	161.9737787195199	27002	88.69382467923421	sub	0	0	-1.0	-1.0	-1.0		-1.0	-1	-1.0	-1.0	110.7	0			27.7,41.3,152.9
399702	27	12	1	0.00013811081561527407	0.0	0.0	6.414948539933903	157.9639933609239	27002	88.20916239160567	sub	0	0	-1.0	-1.0	-1.0		-1.0	-1	-1.0	-1.0	108.0	0			27.7,43.4,156.5
399702	27	17	1	7.023050338933718e-05	0.0	0.0	3.116996260825485	79.92990739091344	27002	84.03011006106591	sub	0	0	-1.0	-1.0	-1.0		-1.0	-1	-1.0	-1.0	65.7	0			24.2,93.5,217.4
399856	3	0	1	0.00022440620196847034	0.0	0.0	3.045793466405761	54.412793293489344	3001	76.26468726022642	sub	0	0	-1.0	-1.0	-1.0		-1.0	-1	-1.0	-1.0	45.6	0			-119.3,102.1,214.3
399998	20	0	40	0.03513278143911002	9.938431460739384	0.1336143317469318	4.698022349883019	16.36921641374443	20002	11.160417527335023	TRK-COR	2	1	1.0	0.0	1.0	13:40	16.4	20003	-1.0	-1.0	65.4	0			-122.7,150.8,433.7
400460	18	17	326	0.08692139671251851	47.1842321483195	1.0970272270875372	11.756080892882636	88.79754684201588	18010	1.7860513396015238	sub	0	0	-1.0	-1.0	-1.0		-1.0	-1	-1.0	-1.0	65.1	0			134.1,-81.0,272.9
400460	18	0	151	0.03171877264879502	26.6115055091585	0.7937409719746087	9.591110793333584	82.7948375272275	18010	6.535595836491328	TRK-COR	2	1	1.0	0.0	1.0	13:151	-1.0	-1	-1.0	48.3	62.0	0			133.5,-70.4,260.8
400460	18	1	28	0.007185399895960151	4.925565970028199	0.20053609100818098	4.715610844842909	76.06757824487383	18010	15.388080976648709	sub	0	0	-1.0	-1.0	-1.0		-1.0	-1	-1.0	-1.0	79.6	0			132.0,-70.6,241.1
400460	18	6	21	0.00340872899805999	16.743233139545197	0.27604690086423855	4.804878584314078	20.36267225218736	18010	0.2223373146868778	sub	0	0	-1.0	-1.0	-1.0		-1.0	-1	-1.0	-1.0	113.6	0			126.1,-70.6,191.0
400460	18	14	20	0.0078722307823729	4.838825966189734	0.19608034790698967	4.473269588343633	149.21454747192047	18010	7.745643768538847	sub	0	0	-1.0	-1.0	-1.0		-1.0	-1	-1.0	-1.0	66.8	0			137.5,-81.1,314.0
400460	18	15	13	0.0025032716855800333	4.078059105251306	0.32670684876154005	5.292056307334615	150.42300525321917	18010	3.316629576755351	sub	0	0	-1.0	-1.0	-1.0		-1.0	-1	-1.0	-1.0	61.8	0			137.3,-73.3,314.9
400460	18	9	11	0.0024057267559862805	6.420517715111334	0.16846647852949276	4.233758997628476	18.649903250419307	18010	1.7543923112778883	sub	0	0	-1.0	-1.0	-1.0		-1.0	-1	-1.0	-1.0	114.7	0			125.8,-62.5,185.0
400460	18	7	8	0.001084505194455312	5.5059452210509345	0.15740583228867977	3.8318999151856765	29.765981243023063	18010	2.2494621235653907	sub	0	0	-1.0	-1.0	-1.0		-1.0	-1	-1.0	-1.0	110.6	0			126.7,-64.1,196.0
400460	18	3	6	0.0016767490506297228	3.007868746285286	0.09342984804766176	3.6713355662483314	45.04328015908701	18010	14.553964896582018	sub	0	0	-1.0	-1.0	-1.0		-1.0	-1	-1.0	-1.0	101.5	0			128.1,-66.3,209.9
400460	18	4	3	0.0007450931430219642	2.07849572768383	6.804024390547815e-06	3.921761206396943	42.07790930215047	18010	21.656925154006125	sub	0	0	-1.0	-1.0	-1.0		-1.0	-1	-1.0	-1.0	108.7	0			127.5,-72.2,205.6
400460	18	20	3	0.0004857468977548617	1.198760614463104	0.033507985570872846	3.5979787784254538	123.13402678723703	18010	4.712926899524364	sub	0	0	-1.0	-1.0	-1.0		-1.0	-1	-1.0	-1.0	60.8	0			134.7,-72.1,286.7
400460	18	2	2	0.0005508121605379898	0.3130000000000166	1.9436831477661174e-15	3.1005850157671837	52.78698290686826	18010	83.07629003738903	sub	0	0	-1.0	-1.0	-1.0		-1.0	-1	-1.0	-1.0	101.3	0			128.6,-73.8,215.8
400460	18	11	2	0.0002762721830714725	0.0	1.4044430966912228e-14	3.5326059785942787	15.383010459919744	18010	84.23166547610717	sub	0	0	-1.0	-1.0	-1.0		-1.0	-1	-1.0	-1.0	118.6	0			125.3,-61.9,179.3
400460	18	18	2	0.0001687609833663603	0.3129999999999882	2.8310687127941492e-14	3.1994321371143295	131.66401251294906	18010	84.50064022337065	sub	0	0	-1.0	-1.0	-1.0		-1.0	-1	-1.0	-1.0	61.0	0			135.4,-73.8,294.9
400460	18	21	2	0.00038171634361397065	0.0	7.105427357601002e-15	4.806699409158028	111.3249800348511	18010	87.35818693127928	sub	0	0	-1.0	-1.0	-1.0		-1.0	-1	-1.0	-1.0	62.6	0			134.0,-70.8,274.3
400460	18	5	1	0.00013931024121126	0.0	0.0	3.3618754423684387	40.20470162754601	18010	84.57245381882376	sub	0	0	-1.0	-1.0	-1.0		-1.0	-1	-1.0	-1.0	107.0	0			127.5,-65.2,203.6
400460	18	8	1	0.00019953969570407854	0.0	0.0	3.618734896341541	27.042081780809724	18010	85.46104320653126	sub	0	0	-1.0	-1.0	-1.0		-1.0	-1	-1.0	-1.0	113.4	0			126.2,-63.2,190.6
400460	18	10	1	0.00010274154640861891	0.0	0.0	3.062342299613157	17.9477253937651	18010	84.66932637189363	sub	0	0	-1.0	-1.0	-1.0		-1.0	-1	-1.0	-1.0	123.3	0			125.3,-68.6,180.7
400460	18	12	1	0.00011739629804491737	0.0	0.0	3.002170741313691	12.385102656417514	18010	83.8259866878071	sub	0	0	-1.0	-1.0	-1.0		-1.0	-1	-1.0	-1.0	120.6	0			125.0,-61.6,175.9
400460	18	13	1	0.00015979556119825812	0.0	0.0	3.0885226306439786	14.252029112024735	18010	84.02069664181258	sub	0	0	-1.0	-1.0	-1.0		-1.0	-1	-1.0	-1.0	125.1	0			125.0,-68.1,176.9
400460	18	16	1	0.00011680496168914893	0.0	0.0	3.380707868183817	148.56766243126398	18010	82.87532281424538	sub	0	0	-1.0	-1.0	-1.0		-1.0	-1	-1.0	-1.0	62.4	0			137.2,-74.5,311.2
400460	18	19	1	0.00014093408250119105	0.0	0.0	3.1897803121845176	126.78896260069328	18010	86.08984593281758	sub	0	0	-1.0	-1.0	-1.0		-1.0	-1	-1.0	-1.0	60.9	0			135.0,-72.7,289.6
400460	18	22	1	0.00018568529773529922	0.0	0.0	3.2653640976160774	113.80323890048122	18010	87.07347170768257	sub	0	0	-1.0	-1.0	-1.0		-1.0	-1	-1.0	-1.0	62.9	0			134.0,-71.5,276.7
400504	6	1	129	0.06032436375595826	27.812161057859353	0.3924725535910009	5.621831912286217	21.851471758442266	6001	1.7951479726764392	TRK-COR	2	1	1.0	0.0	1.0	13:129	33.0	62005	-1.0	26.8	16.9	0			45.4,45.5,486.1
400504	6	0	15	0.00798270603825379	8.89491304309821	0.10659640662133195	3.548282235110364	7.748513412261731	6001	2.864248199287287	sub	0	0	-1.0	-1.0	-1.0		-1.0	-1	-1.0	-1.0	2.3	3			48.2,58.4,468.4
400636	6	0	18	0.01308971354829156	2.653385029527482	0.13593513637716406	3.7218274127100424	3.432329711726431	6012	12.347499771452595	sub	0	0	-1.0	-1.0	-1.0		-1.0	-1	-1.0	-1.0	65.2	0			-176.6,93.0,244.3
401450	23	3	532	0.05382783039555547	16.085709337765966	0.9712058183603703	6.397251591894747	29.453217670061107	23033	9.894779749889933	sub	0	0	-1.0	-1.0	-1.0		-1.0	-1	-1.0	-1.0	3.5	22	pr54drop(cid23,npts6,6.1cm,d0.1)		-150.4,99.4,48.8
401450	23	9	519	0.09651671022423322	23.09341512744745	0.8747318851065082	9.765872477664237	26.821434742571096	23036	14.111056714001043	sub	0	0	-1.0	-1.0	-1.0		-1.0	-1	-1.0	-1.0	4.1	22	pr54drop(cid23,npts2,2.9cm,d0.1)		-149.4,111.3,46.8
401450	23	0	181	0.02389450633897781	9.02502852256951	0.643906982153524	7.1959457863438665	48.40523833739485	23011	50.301140832590235	sub	0	0	-1.0	-1.0	-1.0		-1.0	-1	-1.0	-1.0	16.1	0	pr54drop(cid23,npts5,8.4cm,d0.5)		-152.0,93.1,61.0
401450	23	15	29	0.002482268952099348	4.0749492176036615	0.43905346453099714	5.409489966715899	56.643582596619005	23014	54.190446477881245	sub	0	0	-1.0	-1.0	-1.0		-1.0	-1	-1.0	-1.0	27.1	0			-152.7,83.4,66.6
401450	23	7	15	0.001972165746304787	2.4929281010849826	0.22628443475721116	3.906438594167326	25.66240309324129	23032	38.02241910120208	sub	0	0	-1.0	-1.0	-1.0		-1.0	-1	-1.0	-1.0	12.0	0			-151.9,102.6,34.5
401450	23	6	13	0.0012863574321427458	3.52476297403809	0.2693039787763477	3.612713690565591	33.15207391582011	23032	65.01335395026454	sub	0	0	-1.0	-1.0	-1.0		-1.0	-1	-1.0	-1.0	4.5	1			-154.8,102.0,41.9
401450	23	5	12	0.00040529382004525765	3.3786458835034043	0.23704043000010577	3.863406999010071	53.421357521594295	23040	49.66428515218561	sub	0	0	-1.0	-1.0	-1.0		-1.0	-1	-1.0	-1.0	14.3	0			-152.4,108.0,63.1
401450	23	4	11	0.001865842870567544	1.9346059060314316	0.19294135552879346	4.022275183276241	34.98349755499012	23033	20.541255331350765	sub	0	0	-1.0	-1.0	-1.0		-1.0	-1	-1.0	-1.0	15.9	0			-148.3,90.2,44.8
401450	23	10	8	0.0005679408297599576	4.708817968765111	0.4195319485884667	3.612908794863221	48.82709867399454	23037	21.18308529943309	sub	0	0	-1.0	-1.0	-1.0		-1.0	-1	-1.0	-1.0	11.4	0			-150.1,102.8,59.4
401450	23	1	6	0.00024281709836264202	1.2366969251545854	0.05622298544743391	9.500118648206437	57.737825239439005	23012	23.04672124655195	sub	0	0	-1.0	-1.0	-1.0		-1.0	-1	-1.0	-1.0	21.7	0	pr54drop(cid23,npts5,8.4cm,d0.5)		-160.1,93.2,66.1
401450	23	11	5	0.00045738326628213307	1.3814177570716653	0.07385587482966734	3.850797616079049	21.14682532107361	23041	17.786548937676905	sub	0	0	-1.0	-1.0	-1.0		-1.0	-1	-1.0	-1.0	19.0	0	pr54drop(cid23,npts3,4.3cm,d0.7)		-148.5,95.5,31.5
401450	23	12	3	0.00012995087591052783	2.1845365708913516	0.10464473476997171	3.752563034780366	10.748159679219512	23119	55.19033566029829	sub	0	0	-1.0	-1.0	-1.0		-1.0	-1	-1.0	-1.0	29.0	0			-145.6,93.4,20.8
401450	23	2	2	4.843433271143788e-05	0.3130000000000166	6.1340450061525105e-15	3.0874233205053003	49.160437621323105	23040	41.22460180471019	sub	0	0	-1.0	-1.0	-1.0		-1.0	-1	-1.0	-1.0	10.6	0			-152.0,111.0,56.6
401450	23	13	2	8.573751901834334e-05	0.3130000000000166	5.026748538604307e-16	3.1740079552515343	4.139868355394893	23115	75.07094626971006	sub	0	0	-1.0	-1.0	-1.0		-1.0	-1	-1.0	-1.0	35.8	0			-143.6,93.7,13.9
401450	23	8	1	2.1665601013994503e-05	0.0	0.0	3.159030889370975	27.457227056824223	23032	51.86674123992368	sub	0	0	-1.0	-1.0	-1.0		-1.0	-1	-1.0	-1.0	12.6	0			-152.8,105.3,34.4
401450	23	14	1	6.441426960288855e-05	0.0	0.0	3.11656087097622	5.361384474517753	23117	74.01829584751776	sub	0	0	-1.0	-1.0	-1.0		-1.0	-1	-1.0	-1.0	35.3	0			-139.7,97.8,6.4
401450	23	16	1	1.1738539875876028e-05	0.0	0.0	3.119274699349176	58.416812755404585	23012	71.70339815589313	sub	0	0	-1.0	-1.0	-1.0		-1.0	-1	-1.0	-1.0	24.7	0			-151.6,90.9,67.7
401780	13	0	476	0.13192363719937047	52.78385689263825	0.9150049121022255	10.704972949055035	82.1164904561806	13001	2.9134083020454495	sub	0	0	-1.0	-1.0	-1.0		-1.0	-1	-1.0	-1.0	179.4	0			-151.7,-36.1,221.6
401780	13	1	244	0.09507989725542515	28.07504973760566	1.1690192300030073	10.570429885297948	70.77094064381228	13001	10.930443755239232	sub	0	0	-1.0	-1.0	-1.0		-1.0	-1	-1.0	-1.0	178.3	0			-151.5,-58.8,196.9
401780	13	4	63	0.020377301212664244	17.896272666235326	0.26831200753251083	4.810973312127186	125.36906194767514	13001	3.013722201187126	sub	0	0	-1.0	-1.0	-1.0		-1.0	-1	-1.0	-1.0	189.8	0			-150.2,-34.9,250.3
401780	13	3	7	0.0010647434958445524	6.927012633155076	0.06953797161319435	4.0431405664408935	113.4474056514295	13001	6.831115196364125	sub	0	0	-1.0	-1.0	-1.0		-1.0	-1	-1.0	-1.0	194.5	0			-151.4,-42.2,232.0
401780	13	2	1	0.00011868275945369972	0.0	0.0	3.034096728847003	101.19625692806035	13001	89.53126283550357	sub	0	0	-1.0	-1.0	-1.0		-1.0	-1	-1.0	-1.0	201.0	0			-152.1,-48.3,216.5
402330	1	0	1	0.000969531351399882	0.0	0.0	3.187385147734741	6.83000784919022	1010	86.18724732371932	sub	0	0	-1.0	-1.0	-1.0		-1.0	-1	-1.0	-1.0	61.7	0			-68.0,-173.0,84.7
402880	9	1	615	0.29475836650680853	57.5811701826094	1.5260674258251803	15.615517458284883	5.38776464315211	9000	1.1257555517789024	sub	0	0	-1.0	-1.0	-1.0		-1.0	-1	-1.0	-1.0	88.8	0			166.8,20.5,111.7
402880	9	0	351	0.1696478436462296	34.6758714442086	1.9115055943166805	17.156170746993638	3.314325496990303	9000	4.447643849169972	sub	0	0	-1.0	-1.0	-1.0		-1.0	-1	-1.0	-1.0	79.1	0			167.0,39.7,92.7
402880	9	2	203	0.11581552709221062	23.214517179352583	0.7049055848177553	10.567676660458533	34.529499929335785	9000	11.303962669288703	HAD-ADJ	1	1	1.0	0.0	1.0	13:203	34.5	9002	-1.0	4.1	79.3	0			166.7,31.3,119.3
404684	9	1	25	0.009493614518184753	2.355131655317879	0.18896161024964397	4.598177379136245	53.51460896263842	9004	37.01962315570144	sub	0	0	-1.0	-1.0	-1.0		-1.0	-1	-1.0	-1.0	75.0	0			12.9,199.2,304.8
404684	9	0	16	0.012240474110656364	3.4199528160314134	0.18553844336121733	3.441200232480656	11.797536315417714	9004	21.095913306886015	sub	0	0	-1.0	-1.0	-1.0		-1.0	-1	-1.0	-1.0	104.2	0			-1.2,166.4,325.6
405740	14	0	10	0.016549812876185954	6.118541229816395	0.10966562806624167	3.5602622066359033	3.92050365386896	14003	7.511791458437981	sub	0	0	-1.0	-1.0	-1.0		-1.0	-1	-1.0	-1.0	51.1	0			-21.2,60.6,482.3
405740	14	1	3	0.0018663553065657204	2.122599384422398	0.048219342573347174	3.4928331480332675	16.580220376400284	14003	6.392244855154528	sub	0	0	-1.0	-1.0	-1.0		-1.0	-1	-1.0	-1.0	57.2	0			-21.2,50.5,491.6
407918	11	2	548	0.21742232287827165	75.4018382193177	1.516818734474433	8.216301540230878	8.687678861468138	11008	9.598469236030299	sub	0	0	-1.0	-1.0	-1.0		-1.0	-1	-1.0	-1.0	105.1	0			-105.0,-137.2,157.4
407918	11	4	136	0.04570276023544089	24.93413556989094	0.7716214275666017	8.594850784045065	4.479884373507871	11008	3.900762855178157	NEARVTX	1	1	1.0	0.0	1.0	13:136	38.3	53023	-1.0	-1.0	122.7	0	pr54drop(cid11,npts10,4.6cm,d2.7)		-103.6,-160.8,193.1
407918	11	3	39	0.01915689326512961	11.054216170857412	0.3766156452894634	7.967448023049797	39.93800478241246	11008	19.64065829608236	sub	0	0	-1.0	-1.0	-1.0		-1.0	-1	-1.0	-1.0	114.2	0			-104.9,-136.6,175.3
407918	11	1	6	0.0008949726063766601	3.861755261070213	0.11240419317063717	3.745623846570812	34.719183184516325	11008	16.892430026312496	sub	0	0	-1.0	-1.0	-1.0		-1.0	-1	-1.0	-1.0	118.8	0			-104.5,-143.6,178.2
407918	11	0	2	0.0004837242110118944	0.0	0.0	10.578913885650081	19.64915257714694	11008	87.89119254212143	sub	0	0	-1.0	-1.0	-1.0		-1.0	-1	-1.0	-1.0	119.8	0			-102.9,-154.8,195.4
409942	17	0	56	0.048988838465167536	13.713377280067888	0.5486639494531772	6.9383154363536965	4.305670858494063	17007	5.149226804634734	NEARVTX	1	1	1.0	0.0	1.0	2212:56	3.0	17007	-1.0	-1.0	98.6	0			105.8,-5.1,3.8
409942	17	1	51	0.03704763392095018	14.022211208711237	0.5360959283741455	6.045591555670958	5.011569825194496	17007	3.081307370344232	NEARVTX	1	1	1.0	0.0	1.0	2212:51	3.0	17007	-1.0	-1.0	95.7	0			106.0,-1.4,11.6
412208	7	0	3	0.0013503322152287533	1.5079430507864826	0.07078067220400375	3.3913942988098547	29.71332128957651	7003	77.3840891090255	sub	0	0	-1.0	-1.0	-1.0		-1.0	-1	-1.0	-1.0	73.2	0			-181.1,-22.3,176.6
48367	19	4	212	0.06724869726090144	20.665113259922705	0.8696431518416261	11.825901149595312	89.53674831492376	19000	17.931050753609757	sub	0	0	-1.0	-1.0	-1.0		-1.0	-1	-1.0	-1.0	56.2	0			-155.9,-157.2,245.5
48367	19	0	136	0.04731975258695996	25.19235415581646	0.6565936997175281	9.58262359690706	109.34051588505518	19000	10.967417045557156	TRK-COR	2	1	1.0	0.0	1.0	13:136	48.6	68021	-1.0	-1.0	53.9	0			-155.7,-164.7,270.9
48367	19	11	33	0.006544524818599233	9.541000726817739	0.32041322023687263	5.625692579585187	49.235783954457354	19000	4.146585485704925	sub	0	0	-1.0	-1.0	-1.0		-1.0	-1	-1.0	-1.0	60.2	0			-159.3,-120.9,218.1
48367	19	9	21	0.007200495546396263	8.839113937470074	0.32184859683358785	4.993962354683909	30.408234753270364	19000	3.9655622858385406	sub	0	0	-1.0	-1.0	-1.0		-1.0	-1	-1.0	-1.0	58.6	0			-159.7,-113.4,198.6
48367	19	8	14	0.003845691536642314	5.492920887638599	0.2610494875303766	5.10306437349167	22.651492516167668	19000	10.941688315822018	sub	0	0	-1.0	-1.0	-1.0		-1.0	-1	-1.0	-1.0	60.3	0			-159.7,-109.0,190.1
48367	19	10	4	0.0008904636368452352	1.9050565768528838	0.033280270603527444	4.708220045834714	40.914903448621246	19000	78.20025708108672	sub	0	0	-1.0	-1.0	-1.0		-1.0	-1	-1.0	-1.0	58.5	0			-159.8,-117.1,204.4
48367	19	6	3	0.0004204933567860128	2.77146098655565	3.3628917127645715e-15	3.4685338747084495	13.516055549234766	19000	7.1477705427287495	sub	0	0	-1.0	-1.0	-1.0		-1.0	-1	-1.0	-1.0	65.2	0			-160.5,-102.1,182.2
48367	19	1	1	5.7978879115909145e-05	0.0	0.0	3.0797158959877695	133.50468377854767	19000	84.35335874145223	sub	0	0	-1.0	-1.0	-1.0		-1.0	-1	-1.0	-1.0	53.2	0			-156.7,-178.4,273.2
48367	19	2	1	5.586169284648691e-05	0.0	0.0	3.0154725997760448	128.49163490208224	19000	85.52533464570449	sub	0	0	-1.0	-1.0	-1.0		-1.0	-1	-1.0	-1.0	52.8	0			-156.1,-174.4,270.1
48367	19	3	1	0.00010569484111105966	0.0	0.0	3.414543746974114	124.08897190568545	19000	86.63664138127014	sub	0	0	-1.0	-1.0	-1.0		-1.0	-1	-1.0	-1.0	52.9	0			-155.8,-171.4,266.8
48367	19	5	1	9.445299715499021e-05	0.0	0.0	3.248070504160862	111.19224631965125	19000	89.84271167462184	sub	0	0	-1.0	-1.0	-1.0		-1.0	-1	-1.0	-1.0	55.4	0			-155.5,-164.1,256.0
48367	19	7	1	0.00031300473899813355	0.0	0.0	3.133411240166209	19.226955978781454	19000	86.76780336710812	sub	0	0	-1.0	-1.0	-1.0		-1.0	-1	-1.0	-1.0	63.7	0			-160.2,-105.1,185.5
48367	19	12	1	0.00017672396941111244	0.0	0.0	3.079471707939527	46.7928155170214	19000	87.60804185046308	sub	0	0	-1.0	-1.0	-1.0		-1.0	-1	-1.0	-1.0	60.7	0			-159.9,-115.6,212.2
48367	19	13	1	0.00012588026501121882	0.0	0.0	3.605398868363945	43.95318413050412	19000	88.0347678236476	sub	0	0	-1.0	-1.0	-1.0		-1.0	-1	-1.0	-1.0	58.5	0			-159.6,-119.1,206.2
48367	19	14	1	6.77436347615096e-05	0.0	0.0	3.041079084798671	48.7244068882321	19000	87.1203255999069	sub	0	0	-1.0	-1.0	-1.0		-1.0	-1	-1.0	-1.0	58.4	0			-159.2,-122.2,209.8
48367	19	15	1	4.968330445577518e-05	0.0	0.0	3.036060111394389	68.07489941241191	19000	85.52859384243732	sub	0	0	-1.0	-1.0	-1.0		-1.0	-1	-1.0	-1.0	63.6	0			-158.6,-130.5,227.8
48367	19	16	1	9.175976225913507e-05	0.0	0.0	3.230184050483788	65.99364429253774	19000	85.49352381566696	sub	0	0	-1.0	-1.0	-1.0		-1.0	-1	-1.0	-1.0	60.8	0			-158.0,-134.0,222.4
48367	19	17	1	7.445379075864017e-05	0.0	0.0	3.354016398290289	77.88304753545536	19000	85.44625159196963	sub	0	0	-1.0	-1.0	-1.0		-1.0	-1	-1.0	-1.0	65.3	0			-157.1,-141.2,231.8
486687	20	2	302	0.04844846019696285	44.48447014078776	0.6053708763754776	7.390791094328126	4.4265495591939175	20001	1.878972605523832	NEARVTX	1	1	0.24	0.0	1.0	13:67;2212:4	3.0	20008	-1.0	3.1	78.6	0			-138.8,144.0,168.2
486687	20	3	37	0.007574362072248365	3.404859233974882	0.33388687269944367	4.181939263069217	5.301249758311713	20008	72.9002346752846	sub	0	0	-1.0	-1.0	-1.0		-1.0	-1	-1.0	-1.0	79.4	0			-136.9,145.6,153.5
486687	20	5	22	0.0048264625779043365	9.048714026807467	0.12359716123606296	4.776882793464798	244.95173763716824	20001	12.22641532112898	sub	0	0	-1.0	-1.0	-1.0		-1.0	-1	-1.0	-1.0	48.6	0			-199.4,-2.4,336.5
486687	20	4	21	0.003948732290612842	8.101149434903	0.131909339218647	3.877026284409254	257.2392884386211	20001	4.188167042418198	sub	0	0	-1.0	-1.0	-1.0		-1.0	-1	-1.0	-1.0	46.6	0			-200.7,-9.4,345.2
486687	20	0	9	0.0005695849867451922	2.177182478759917	0.32801447848717596	4.965120743748327	55.96118942624433	20001	33.652809271943305	sub	0	0	-1.0	-1.0	-1.0		-1.0	-1	-1.0	-1.0	68.3	0			-147.4,123.2,197.4
486687	20	6	4	0.0007455596008848723	2.0971949230725633	0.05762944855492307	3.3696961749148873	250.30508290180285	20001	12.085837783092712	sub	0	0	-1.0	-1.0	-1.0		-1.0	-1	-1.0	-1.0	54.1	0			-199.3,2.3,341.5
486687	20	7	2	0.00016542194196198315	0.0	2.4619195571062846e-14	3.2214509134239444	246.292254670409	20001	83.97939438339736	sub	0	0	-1.0	-1.0	-1.0		-1.0	-1	-1.0	-1.0	55.9	0			-198.8,5.3,338.0
486687	20	1	1	8.192204610037376e-06	0.0	0.0	3.1134858278142086	54.180549757269894	20001	74.17043446977489	sub	0	0	-1.0	-1.0	-1.0		-1.0	-1	-1.0	-1.0	71.7	0			-146.2,123.9,195.1
487303	4	0	78	0.12334193562642022	6.437442334469522	0.2332208814051135	4.744027103632529	12.24633408371661	4004	9.610545242925747	NEARVTX	1	1	-1.0	-1	-1	FRAME_MISMATCH	-1.0	-1	-1.0	-1.0	41.2	0			-83.1,-164.9,419.6
487303	4	1	19	0.028708591959632095	3.129760248147842	0.10265569277221182	6.085228492834103	13.301720024493068	4005	26.714994693209643	sub	0	0	-1.0	-1.0	-1.0		-1.0	-1	-1.0	-1.0	43.1	0			-83.0,-161.0,420.6
487853	13	0	31	0.0669116172779026	3.291307138395779	0.29032347564877825	4.825605390507992	7.22251598284836	13001	8.890879399213347	sub	0	0	-1.0	-1.0	-1.0		-1.0	-1	-1.0	-1.0	43.0	0			9.9,104.4,153.3
487853	13	1	15	0.04984546996569387	3.1263429329343366	0.15714106727227012	3.4859157317554335	3.033621878629547	13001	16.80169326094138	sub	0	0	-1.0	-1.0	-1.0		-1.0	-1	-1.0	-1.0	42.0	0			9.6,111.2,152.3
487853	13	2	6	0.008248252477370778	0.9800559312883836	0.126331200040887	3.4759809465674607	4.463855587101811	13001	13.566995416439877	sub	0	0	-1.0	-1.0	-1.0		-1.0	-1	-1.0	-1.0	43.4	0			9.4,110.0,159.4
48895	17	5	307	0.06137358087969396	48.59431869555529	0.4521402853180039	6.540924170176557	56.77009283064457	17003	1.6036741873812814	TRK-COR	2	1	1.0	0.0	1.0	13:307	125.7	49007	-1.0	-1.0	50.0	0			-159.0,-182.7,261.9
48895	17	0	137	0.027331789323912926	29.678835164400258	0.6298198236276842	9.83762694962563	17.50403841974761	17003	11.138063869262652	sub	0	0	-1.0	-1.0	-1.0		-1.0	-1	-1.0	-1.0	28.2	0	pr54drop(cid17,npts3,13.4cm,d0.0)		-163.2,-165.7,214.0
48895	17	2	102	0.021239857365431096	32.12612917513739	0.35343115935762714	5.546920677276737	9.717894627953115	17003	0.8813073041266585	sub	0	0	-1.0	-1.0	-1.0		-1.0	-1	-1.0	-1.0	39.4	0			-163.7,-173.5,206.1
48895	17	1	90	0.017610921597296072	17.99777766569907	0.5250806041608311	6.828406402668213	4.983141980718598	17003	0.9888667006756958	sub	0	0	-1.0	-1.0	-1.0		-1.0	-1	-1.0	-1.0	31.8	0			-163.9,-163.3,196.7
48895	17	6	84	0.013094591167803335	11.177032575299489	0.3903149699572467	7.428776009545575	55.483185524985856	17003	16.354073326932408	sub	0	0	-1.0	-1.0	-1.0		-1.0	-1	-1.0	-1.0	44.7	0			-160.5,-170.7,246.4
48895	17	8	24	0.0036059071108123938	6.574824344903826	0.20922939132883803	4.631429800828257	93.03691109446831	17003	0.11030159904378461	sub	0	0	-1.0	-1.0	-1.0		-1.0	-1	-1.0	-1.0	68.8	0			-157.2,-179.8,280.7
48895	17	3	12	0.0017166294939236254	6.51691492898973	0.1883082584610135	4.2645997467523316	44.49151007776653	17003	0.8362576179548651	sub	0	0	-1.0	-1.0	-1.0		-1.0	-1	-1.0	-1.0	45.4	0			-161.9,-177.8,231.9
48895	17	16	9	0.0011788947887380284	5.60953277691517	0.1078642394952571	3.9044167298074037	148.36358538738543	17003	0.6112134970287616	sub	0	0	-1.0	-1.0	-1.0		-1.0	-1	-1.0	-1.0	43.0	0			-151.5,-192.7,333.6
48895	17	11	3	0.0001814442140489269	1.8256207405850327	0.03806587389728414	3.489826070164533	114.65767310128007	17003	13.191333829133542	sub	0	0	-1.0	-1.0	-1.0		-1.0	-1	-1.0	-1.0	61.9	0			-156.1,-190.0,297.8
48895	17	7	2	0.00030449156886294264	0.0	0.0	3.476731511060363	54.84871890026241	17003	84.57500066773721	sub	0	0	-1.0	-1.0	-1.0		-1.0	-1	-1.0	-1.0	46.2	0			-160.9,-171.7,240.2
48895	17	10	2	0.00019266083323178935	0.0	0.0	3.19175594305079	108.2257470891285	17003	84.34941483327263	sub	0	0	-1.0	-1.0	-1.0		-1.0	-1	-1.0	-1.0	63.1	0			-156.2,-182.4,292.4
48895	17	15	2	6.657264063828668e-05	0.0	0.0	3.4265462203215584	143.4907553468167	17003	83.75972575589748	sub	0	0	-1.0	-1.0	-1.0		-1.0	-1	-1.0	-1.0	48.5	0			-153.4,-196.6,325.1
48895	17	4	1	0.00014437251376285862	0.0	0.0	3.1727852117658406	54.67018625356969	17003	84.6289349900277	sub	0	0	-1.0	-1.0	-1.0		-1.0	-1	-1.0	-1.0	49.1	0			-161.2,-178.3,238.4
48895	17	9	1	0.00014338004354397512	0.0	0.0	3.12645949917793	101.67679790886415	17003	85.06107886410808	sub	0	0	-1.0	-1.0	-1.0		-1.0	-1	-1.0	-1.0	67.5	0			-156.8,-181.2,285.5
48895	17	12	1	4.7098745043623505e-05	0.0	0.0	3.1853007707279453	120.11397551076232	17003	83.70124671645299	sub	0	0	-1.0	-1.0	-1.0		-1.0	-1	-1.0	-1.0	59.8	0			-155.5,-190.6,302.5
48895	17	13	1	5.853868581934103e-05	0.0	0.0	3.2128009586652	122.55036779218578	17003	83.72450046118492	sub	0	0	-1.0	-1.0	-1.0		-1.0	-1	-1.0	-1.0	58.4	0			-155.2,-191.0,304.9
48895	17	14	1	5.349768256562935e-05	0.0	0.0	3.288757972244233	135.6561828963207	17003	84.12234583462728	sub	0	0	-1.0	-1.0	-1.0		-1.0	-1	-1.0	-1.0	51.9	0			-154.0,-194.4,317.5
489327	19	0	5	0.0013403492829519774	1.036462234261569	0.11604679061844983	3.968135724745307	28.95060503288319	19003	21.316361872130145	sub	0	0	-1.0	-1.0	-1.0		-1.0	-1	-1.0	-1.0	51.3	0			-78.9,85.0,167.3
489327	19	3	4	0.0005279816063630949	1.1772042700087537	0.03800474564604188	3.4943130941574223	252.21894944508037	19003	26.39061611177727	sub	0	0	-1.0	-1.0	-1.0		-1.0	-1	-1.0	-1.0	41.9	0			-22.8,129.7,379.5
489327	19	1	3	0.0003555378706062679	0.6755802737065696	0.03734713713802479	3.298791204365623	126.92648356548763	19003	16.762832963511247	sub	0	0	-1.0	-1.0	-1.0		-1.0	-1	-1.0	-1.0	90.9	0			-56.3,110.2,259.9
489327	19	2	1	0.00011875296605527057	0.0	0.0	3.175870823884371	241.89885838254796	19003	74.69222889922526	sub	0	0	-1.0	-1.0	-1.0		-1.0	-1	-1.0	-1.0	46.2	0			-26.4,122.2,370.3
489503	18	0	10	0.0022557171359170055	6.020235344481021	0.07000521406550964	3.1895148914059104	62.81502871440958	18007	10.366413483859116	sub	0	0	-1.0	-1.0	-1.0		-1.0	-1	-1.0	-1.0	90.1	0			32.7,-4.3,429.3
490361	20	0	164	0.11320544794415223	14.897540670214656	0.6231597209916045	7.709051498076783	5.320411732187691	20010	3.648480799698534	NEARVTX	1	1	1.0	0.0	1.0	2212:164	3.0	20010	-1.0	-1.0	76.2	0			-176.8,-120.0,453.9
490361	20	1	20	0.016488783117811788	9.900873589931859	0.2646161360833693	4.889120677586079	5.7730378484815015	20010	7.060342070412806	sub	0	0	-1.0	-1.0	-1.0		-1.0	-1	-1.0	-1.0	81.0	0			-176.3,-114.0,447.4
490581	6	6	121	0.019608934393997267	23.571521886484742	0.2631638792006504	6.900998771192473	140.62495465639233	6002	8.310207686347667	sub	0	0	-1.0	-1.0	-1.0		-1.0	-1	-1.0	-1.0	43.0	0			165.0,-51.6,439.2
490581	6	5	12	0.0016883797025577737	5.013657964814245	0.13124983469243562	3.500408690424592	169.906391252879	6002	7.308206440473527	sub	0	0	-1.0	-1.0	-1.0		-1.0	-1	-1.0	-1.0	47.8	0			166.7,-59.7,457.6
490581	6	4	4	0.000884388460729831	3.1177185905602443	9.682389624752932e-06	3.382505025864711	178.46881130671096	6002	6.736414689253973	sub	0	0	-1.0	-1.0	-1.0		-1.0	-1	-1.0	-1.0	51.9	0			167.3,-62.7,464.5
490581	6	8	4	0.0009407368080926127	2.0973013392707136	0.05780872736092444	3.344865593712223	137.6933839158236	6002	10.263689749136367	sub	0	0	-1.0	-1.0	-1.0		-1.0	-1	-1.0	-1.0	47.4	0			164.3,-48.2,426.2
490581	6	0	3	0.0005152242512840743	2.314077420794613	0.16671513782644062	4.4431051180452865	179.3224529349752	6003	37.172512965702204	sub	0	0	-1.0	-1.0	-1.0		-1.0	-1	-1.0	-1.0	58.2	0			165.2,-69.0,461.8
490581	6	3	2	0.000233250325131566	0.0	0.0	3.216516444851467	192.0159975278112	6001	85.37624967978141	sub	0	0	-1.0	-1.0	-1.0		-1.0	-1	-1.0	-1.0	64.5	0			168.0,-72.6,473.9
490581	6	1	1	7.070839588259434e-05	0.0	0.0	3.0175824114678385	208.37908011091807	6001	85.5371562661327	sub	0	0	-1.0	-1.0	-1.0		-1.0	-1	-1.0	-1.0	75.6	0			169.2,-78.2,488.9
490581	6	2	1	9.013387520590335e-05	0.0	0.0	3.0012039184300674	196.4365582714134	6001	85.50374932162389	sub	0	0	-1.0	-1.0	-1.0		-1.0	-1	-1.0	-1.0	67.2	0			168.3,-73.8,477.8
490581	6	7	1	0.00015682239672593212	0.0	0.0	3.0100861598964297	152.89204448302857	6002	85.51153722412157	sub	0	0	-1.0	-1.0	-1.0		-1.0	-1	-1.0	-1.0	51.7	0			164.5,-59.0,437.0
492803	16	0	3	0.0007720194992276699	0.6755892258483616	0.03721050507155534	3.413776331278898	109.47019240578689	16001	12.667872554327891	sub	0	0	-1.0	-1.0	-1.0		-1.0	-1	-1.0	-1.0	59.9	0			73.6,-134.4,353.0
492913	15	0	1	0.0004789263673194378	0.0	0.0	3.016701337040164	9.602244342673204	15000	83.29735854811977	sub	0	0	-1.0	-1.0	-1.0		-1.0	-1	-1.0	-1.0	187.1	0			-2.3,-129.1,459.5
52657	23	0	6	0.002893181438553651	1.5323025069941694	0.06243719287258212	4.524212268450732	23.988014578117973	23000	47.34616799991622	sub	0	0	-1.0	-1.0	-1.0		-1.0	-1	-1.0	-1.0	73.5	0			-46.7,-74.0,262.4
54175	18	0	5	0.0037572742541131746	1.7318912116678806	0.03139775199009002	3.1159391874682028	11.407930675192592	18012	1.77182411822412	sub	0	0	-1.0	-1.0	-1.0		-1.0	-1	-1.0	-1.0	13.1	0			-77.2,149.9,58.1
54341	18	1	67	0.062303935448372046	20.433333019420644	0.39218554189053767	6.140631075060601	9.802468464626664	18001	5.138124715719763	NEARVTX	1	1	1.0	0.0	1.0	2212:67	3.0	18001	-1.0	17.2	126.8	0			116.8,175.0,158.9
54341	18	0	36	0.05108487892168524	8.891275802783698	0.34207869830291765	5.460325356606516	4.856974881549208	18001	5.074209257723497	sub	0	0	-1.0	-1.0	-1.0		-1.0	-1	-1.0	-1.0	131.1	0			116.8,172.2,144.2
54351	17	0	4	0.0034334815409596143	1.5406618060159913	0.13070074005527424	3.7830080901314567	57.42293611476165	17013	6.876432820712196	sub	0	0	-1.0	-1.0	-1.0		-1.0	-1	-1.0	-1.0	112.5	0			-183.6,85.3,227.7
54351	17	1	1	0.0008375360989588431	0.0	0.0	3.112921041401465	54.02054936049798	17013	83.15338071577573	sub	0	0	-1.0	-1.0	-1.0		-1.0	-1	-1.0	-1.0	115.7	0			-183.5,82.0,222.1
54351	17	2	1	0.0002660553724436284	0.0	0.0	3.0732431989674955	13.250384873278213	17012	79.74991549502684	sub	0	0	-1.0	-1.0	-1.0		-1.0	-1	-1.0	-1.0	130.4	0			-136.7,79.9,202.3
55595	8	0	68	0.016904375137010937	15.365503147216682	0.5843806304213635	7.443226333385281	5.034046770740201	8013	3.8133166157076435	sub	0	0	-1.0	-1.0	-1.0		-1.0	-1	-1.0	-1.0	116.5	0			-178.2,-58.1,201.0
55595	8	1	34	0.008968068556254748	8.749114897456842	0.38020990074525185	5.45199826118828	6.236138331531778	8013	8.054243214676346	sub	0	0	-1.0	-1.0	-1.0		-1.0	-1	-1.0	-1.0	111.1	0			-177.8,-64.9,194.9
55595	8	22	23	0.012984250236385435	4.248231934941677	0.18369925078864344	4.320198375074937	177.84182501315598	8013	20.672617311233008	sub	0	0	-1.0	-1.0	-1.0		-1.0	-1	-1.0	-1.0	157.2	0			-159.3,-187.6,311.6
55595	8	8	16	0.00477445562451354	5.52088380570634	0.28037880282518013	4.0005892066044595	65.69535029520735	8013	11.596955433300513	sub	0	0	-1.0	-1.0	-1.0		-1.0	-1	-1.0	-1.0	115.5	0			-171.0,-107.7,234.7
55595	8	23	10	0.001595155552301104	5.145093788328657	0.271740151690549	4.746584561555819	175.30867305529978	8013	5.421553696945754	sub	0	0	-1.0	-1.0	-1.0		-1.0	-1	-1.0	-1.0	160.6	0			-159.6,-190.5,304.8
55595	8	7	8	0.001927310816397275	1.7404398527434417	0.20912236844944893	4.261732980842418	61.915804744911455	8013	41.862994126351154	sub	0	0	-1.0	-1.0	-1.0		-1.0	-1	-1.0	-1.0	113.4	0			-171.3,-104.3,229.4
55595	8	12	8	0.0014838353169091473	6.444090475266101	0.11695259559778416	3.8084528354700846	119.70998489353342	8013	1.5077784811212775	sub	0	0	-1.0	-1.0	-1.0		-1.0	-1	-1.0	-1.0	134.9	0			-164.6,-149.1,269.0
55595	8	4	5	0.0006791925093875598	3.080179618458665	0.06778681704851824	3.65035596757356	21.52236904362529	8013	9.882114071272786	sub	0	0	-1.0	-1.0	-1.0		-1.0	-1	-1.0	-1.0	111.4	0			-177.1,-74.4,203.8
55595	8	20	4	0.0003950730704493	3.5237383686314496	0.07941041808197447	3.31752166533997	154.84116833326337	8013	3.687294683370962	sub	0	0	-1.0	-1.0	-1.0		-1.0	-1	-1.0	-1.0	153.9	0			-162.0,-170.6,296.1
55595	8	3	3	0.00035869442487557564	1.0316382222198208	0.06520628938028877	3.3392941230146302	21.179618368846953	8013	15.495845833856508	sub	0	0	-1.0	-1.0	-1.0		-1.0	-1	-1.0	-1.0	116.3	0			-177.5,-69.4,208.2
55595	8	15	3	0.00044721065614952823	1.0317974449039864	0.06517495483922568	3.884227207566482	133.42771726747785	8013	13.309331665616941	sub	0	0	-1.0	-1.0	-1.0		-1.0	-1	-1.0	-1.0	144.8	0			-164.0,-153.6,281.4
55595	8	24	3	0.0001979361097174044	0.5999999999999942	0.16310596419369863	4.365461258561344	97.5069430051522	8013	47.4191149742811	sub	0	0	-1.0	-1.0	-1.0		-1.0	-1	-1.0	-1.0	126.4	0			-166.5,-131.1,251.9
55595	8	14	2	0.0002257954563825796	0.0	0.0	3.2998202981374467	129.50607231172597	8013	85.47653743901066	sub	0	0	-1.0	-1.0	-1.0		-1.0	-1	-1.0	-1.0	138.0	0			-164.0,-154.7,273.8
55595	8	2	1	9.714304684154013e-05	0.0	0.0	3.172352193562389	17.64123445227118	8013	85.63087582515172	sub	0	0	-1.0	-1.0	-1.0		-1.0	-1	-1.0	-1.0	112.0	0			-177.5,-70.3,200.2
55595	8	5	1	0.00014557825449817218	0.0	0.0	3.3135306321203584	27.85531195014695	8013	83.69327746322556	sub	0	0	-1.0	-1.0	-1.0		-1.0	-1	-1.0	-1.0	110.9	0			-176.5,-78.3,206.6
55595	8	6	1	7.868823121366597e-05	0.0	0.0	3.2631342295406673	29.0447416413023	8013	83.39747904172371	sub	0	0	-1.0	-1.0	-1.0		-1.0	-1	-1.0	-1.0	115.7	0			-176.9,-75.2,212.6
55595	8	9	1	0.0003046501987857304	0.0	0.0	3.189087330256108	90.21881275548908	8013	82.54257616457633	sub	0	0	-1.0	-1.0	-1.0		-1.0	-1	-1.0	-1.0	128.0	0			-168.7,-121.4,252.1
55595	8	10	1	7.103499993847516e-05	0.0	0.0	3.203439557725389	108.27059010373037	8013	84.2337743642535	sub	0	0	-1.0	-1.0	-1.0		-1.0	-1	-1.0	-1.0	137.5	0			-166.5,-134.3,264.5
55595	8	11	1	0.00011709820857508706	0.0	0.0	3.166710754079077	116.03487417328466	8013	84.64922785223112	sub	0	0	-1.0	-1.0	-1.0		-1.0	-1	-1.0	-1.0	133.8	0			-165.3,-144.2,264.7
55595	8	13	1	0.00014434600187997185	0.0	0.0	3.151726828264155	127.63848262107315	8013	85.42766643629905	sub	0	0	-1.0	-1.0	-1.0		-1.0	-1	-1.0	-1.0	143.0	0			-164.7,-148.7,277.3
55595	8	16	1	8.934948538150044e-05	0.0	0.0	3.0387895616511207	133.47636169528298	8013	85.3093015442836	sub	0	0	-1.0	-1.0	-1.0		-1.0	-1	-1.0	-1.0	139.4	0			-163.7,-157.5,275.9
55595	8	17	1	0.00011614242736584273	0.0	0.0	3.351124587358681	138.9985148244757	8013	84.7514620559959	sub	0	0	-1.0	-1.0	-1.0		-1.0	-1	-1.0	-1.0	147.3	0			-163.7,-157.2,284.8
55595	8	18	1	0.00011859785652063621	0.0	0.0	3.256423191171549	142.34865726029872	8013	84.42295932673284	sub	0	0	-1.0	-1.0	-1.0		-1.0	-1	-1.0	-1.0	148.6	0			-163.4,-159.8,286.9
55595	8	19	1	8.803170814815592e-05	0.0	0.0	3.130764922506959	145.407128240709	8013	84.37262656146504	sub	0	0	-1.0	-1.0	-1.0		-1.0	-1	-1.0	-1.0	149.9	0			-163.1,-162.1,288.8
55595	8	21	1	0.00012731892370491336	0.0	0.0	3.0288502769202648	161.0992576947827	8013	83.43771706101786	sub	0	0	-1.0	-1.0	-1.0		-1.0	-1	-1.0	-1.0	157.5	0			-161.5,-173.8,299.2
55715	15	0	1	0.00024354417203224023	0.0	0.0	3.166719106583341	4.725435498448816	15001	74.84323632074367	sub	0	0	-1.0	-1.0	-1.0		-1.0	-1	-1.0	-1.0	16.9	0			-48.3,-35.9,485.9
56243	9	0	3	0.0005468415207795581	2.078445726979669	3.9887982147549926e-17	3.1270436453621837	3.630980034370885	9001	18.380556664765034	sub	0	0	-1.0	-1.0	-1.0		-1.0	-1	-1.0	-1.0	2.1	3			135.1,-23.6,110.0
56463	14	0	81	0.02638233477924374	14.967218263595166	0.34003801983497584	5.343591114596997	68.01110731343816	14013	3.112811189951108	sub	0	0	-1.0	-1.0	-1.0		-1.0	-1	-1.0	-1.0	107.0	0			153.1,196.9,251.0
56463	14	1	51	0.018360655691627575	15.647828426754593	0.15373513078748408	4.322311071637493	52.71274944451295	14013	8.011581168029972	sub	0	0	-1.0	-1.0	-1.0		-1.0	-1	-1.0	-1.0	99.6	0			153.3,184.3,238.8
57485	16	1	41	0.03749536453196646	9.544224103115592	0.14055087680238415	4.019489854446703	3.0448200729928234	16005	10.596552340835256	NEARVTX	1	1	1.0	0.0	1.0	2212:25;13:16	3.0	16005	-1.0	-1.0	36.5	0			-10.1,-104.4,51.0
57485	16	0	7	0.0021552949611564577	3.533021053517488	0.056931841817516406	3.6165788944802557	29.123219938202226	16005	3.5722091018732107	sub	0	0	-1.0	-1.0	-1.0		-1.0	-1	-1.0	-1.0	12.6	0			-16.5,-123.4,72.2
57575	12	2	24	0.004367717762687913	7.184892948383792	0.26847862224258007	4.156808915502362	81.70095027385179	12002	14.064267893674794	sub	0	0	-1.0	-1.0	-1.0		-1.0	-1	-1.0	-1.0	74.2	0			-21.2,17.3,311.4
57575	12	0	1	0.00018687818868363393	0.0	0.0	3.239277478713422	34.50402109770544	12005	72.7054973540716	sub	0	0	-1.0	-1.0	-1.0		-1.0	-1	-1.0	-1.0	103.0	0			-35.1,9.8,264.2
57575	12	1	1	0.00013858500658875392	0.0	0.0	3.0901585396222004	78.05978099047167	12005	73.39202088533327	sub	0	0	-1.0	-1.0	-1.0		-1.0	-1	-1.0	-1.0	85.2	0			-22.9,20.7,304.9
57883	16	0	12	0.0028680069466688715	3.374654564629534	0.2233834611259309	3.56313749524206	13.819893641052388	16013	19.54655556193869	sub	0	0	-1.0	-1.0	-1.0		-1.0	-1	-1.0	-1.0	97.6	0			102.5,30.5,280.6
57903	14	1	321	0.306459814749707	41.0901025071538	1.7942217725658234	17.06536592780829	6.029908017540568	14003	1.0425327994402172	sub	0	0	-1.0	-1.0	-1.0		-1.0	-1	-1.0	-1.0	21.1	0			-16.7,-51.6,292.7
57903	14	3	59	0.04044456938213309	16.412649150125166	0.963673171194288	10.89173855635545	6.025540339255895	14003	15.560294701445983	sub	0	0	-1.0	-1.0	-1.0		-1.0	-1	-1.0	-1.0	15.0	0			-16.1,-64.1,280.3
57903	14	2	31	0.038980072177018536	13.831838716009251	0.6973825434468108	7.963238734334167	26.439751853033723	14003	1.8918810104988701	sub	0	0	-1.0	-1.0	-1.0		-1.0	-1	-1.0	-1.0	27.2	0			-16.8,-64.3,298.0
57903	14	4	11	0.013172903551715045	4.167865031521723	0.40697054098256563	13.099999818702294	24.924118066042006	14003	29.17086834575956	sub	0	0	-1.0	-1.0	-1.0		-1.0	-1	-1.0	-1.0	21.8	0			-16.9,-71.1,290.1
57903	14	6	8	0.009725696618777195	4.845657214145544	0.1852321711343457	8.252885719552895	23.178590853846178	14003	89.28581056675274	sub	0	0	-1.0	-1.0	-1.0		-1.0	-1	-1.0	-1.0	23.4	0			-16.4,-65.1,288.9
57903	14	9	4	0.0041329948331076385	2.7872092375997317	0.3652011149659385	15.375968838417954	21.596475540467264	14003	29.191549148904635	sub	0	0	-1.0	-1.0	-1.0		-1.0	-1	-1.0	-1.0	35.7	0			-16.6,-44.6,284.1
57903	14	0	2	0.0010716735246387016	0.31259999999999977	0.0	3.0907362585636475	41.77076943761034	14003	88.71514744837569	sub	0	0	-1.0	-1.0	-1.0		-1.0	-1	-1.0	-1.0	27.5	0			-17.2,-62.6,307.4
57903	14	5	2	0.0008183567612943132	0.0	2.55351295663786e-15	4.1124372639591815	3.724857825474698	14003	89.61829930026025	sub	0	0	-1.0	-1.0	-1.0		-1.0	-1	-1.0	-1.0	19.8	0			-16.7,-54.2,266.8
57903	14	7	2	0.003008800814089516	0.31259999999999977	2.4591502649036963e-14	10.385444901880705	28.746562600944156	14003	88.603230170665	sub	0	0	-1.0	-1.0	-1.0		-1.0	-1	-1.0	-1.0	26.4	0			-16.6,-69.5,293.0
57903	14	8	2	0.0031830753474941333	0.31259999999999977	2.4591502649036963e-14	7.827856242931397	31.92077110064857	14003	88.58515511740698	sub	0	0	-1.0	-1.0	-1.0		-1.0	-1	-1.0	-1.0	30.1	0			-16.6,-67.1,297.2
57903	14	10	1	0.00032328002517089657	0.0	0.0	5.2917516816267955	5.80329495200786	14003	89.61951192225385	sub	0	0	-1.0	-1.0	-1.0		-1.0	-1	-1.0	-1.0	21.9	0			-16.7,-52.8,268.3
57903	14	11	1	0.0007663638378881607	0.0	0.0	10.926129618945584	15.470430757415897	14003	89.90321982028354	sub	0	0	-1.0	-1.0	-1.0		-1.0	-1	-1.0	-1.0	30.3	0			-16.7,-47.6,277.3
57903	14	12	1	0.0010047968210026765	0.0	0.0	13.197004518071518	19.54680038701988	14003	89.76750019490669	sub	0	0	-1.0	-1.0	-1.0		-1.0	-1	-1.0	-1.0	33.9	0			-16.7,-45.5,280.9
58321	19	0	10	0.003346152344241767	1.2645181632198477	0.18087568599380915	4.2557149293626635	143.83765547063814	19004	71.14272964069131	sub	0	0	-1.0	-1.0	-1.0		-1.0	-1	-1.0	-1.0	71.3	0			75.0,129.5,476.6
58345	7	0	18	0.01594774822547441	6.0394249958087265	0.15216085615032982	4.098242184156508	12.752665801313858	7001	2.3750988450889503	sub	0	0	-1.0	-1.0	-1.0		-1.0	-1	-1.0	-1.0	86.6	0			86.0,177.7,106.9
58345	7	1	2	0.0016156357436595702	0.0	0.0	3.5268889704667346	5.268425324515841	7001	84.59485403064893	sub	0	0	-1.0	-1.0	-1.0		-1.0	-1	-1.0	-1.0	77.5	0			85.9,175.5,94.3
58607	23	0	17	0.03215443453940987	4.849801680827252	0.14084877890705166	3.5760330101943967	3.079694348470313	23006	10.244292404461802	sub	0	0	-1.0	-1.0	-1.0		-1.0	-1	-1.0	-1.0	63.8	0			38.9,27.0,189.9
58717	21	0	1	0.0011791173326876907	0.0	0.0	3.057984502903831	4.168199310253772	21002	83.19487196955076	sub	0	0	-1.0	-1.0	-1.0		-1.0	-1	-1.0	-1.0	79.5	0			195.7,76.4,42.1
58755	30	0	25	0.04409920433009572	7.3572777362783	0.26473873751266846	4.1457712925341195	7.985427352371315	30001	15.634494271593312	sub	0	0	-1.0	-1.0	-1.0		-1.0	-1	-1.0	-1.0	15.7	0	pr54drop(cid30,npts8,5.0cm,d0.3)		-26.8,145.7,187.6
59003	19	1	7	0.0002690455227955521	3.4600459506336163	0.09693736880749908	3.7813193560449245	226.41888646032072	19000	4.718509821021095	sub	0	0	-1.0	-1.0	-1.0		-1.0	-1	-1.0	-1.0	23.8	0			-16.1,-4.9,430.7
59003	19	0	6	0.0008611080378522988	3.016658247482864	0.02919914714175562	3.5816014582306583	290.3061475325413	19000	11.370751784837191	sub	0	0	-1.0	-1.0	-1.0		-1.0	-1	-1.0	-1.0	42.1	0			-28.4,-4.7,492.5
59003	19	2	4	0.0004369328649247375	2.6015470314436913	0.09546993960440776	3.7410930698928	197.05336370116825	19000	8.973868984005156	sub	0	0	-1.0	-1.0	-1.0		-1.0	-1	-1.0	-1.0	48.2	0			-10.8,-8.6,401.1
59003	19	3	4	0.0006565438252903293	3.4335417158293766	0.0316880496360567	3.2734364477716653	145.68179158162633	19000	4.069102381665575	sub	0	0	-1.0	-1.0	-1.0		-1.0	-1	-1.0	-1.0	91.1	0			3.2,-11.3,352.1
59261	11	0	26	0.05669521212162833	2.309386955165917	0.20145501131262447	5.136478595302444	85.81725463104725	11007	75.52240867609777	sub	0	0	-1.0	-1.0	-1.0		-1.0	-1	-1.0	-1.0	53.2	0			46.8,184.1,220.7
61461	10	0	4	0.0008097293272468178	1.3481314183281565	0.0982836037789787	3.6826322433824337	3.4724418440054596	10015	8.002073694232529	sub	0	0	-1.0	-1.0	-1.0		-1.0	-1	-1.0	-1.0	156.6	0			103.8,-93.6,165.5
61843	17	0	65	0.03666937047323498	11.792582485718626	0.4364511071563368	6.25075121565402	3.8185579752047745	17046	4.812648221354033	NEARVTX	1	1	0.85	1.0	0.0	11:55	12.2	62029	-1.0	29.5	131.4	0			149.6,169.4,71.5
61843	17	1	11	0.007439143548379091	6.658102512047469	0.31313374643126285	3.3333645405205745	3.3419817713446784	17047	31.556652203033178	sub	0	0	-1.0	-1.0	-1.0		-1.0	-1	-1.0	-1.0	134.6	0	pr54drop(cid17,npts6,4.6cm,d1.3)		148.8,168.9,61.6
61843	17	2	8	0.007370983319824604	1.5259393742387424	0.114187451392662	3.3358994124523758	12.042770445790294	17046	57.89188851926864	sub	0	0	-1.0	-1.0	-1.0		-1.0	-1	-1.0	-1.0	128.3	0			148.8,161.3,68.1
62149	13	1	36	0.014093805314581358	7.725268708348292	0.4184614164692974	6.780109651768174	43.13492675605232	13001	23.685020266273977	sub	0	0	-1.0	-1.0	-1.0		-1.0	-1	-1.0	-1.0	24.2	0	pr54drop(cid13,npts8,4.0cm,d2.6)		105.5,-57.6,334.3
62149	13	3	17	0.015254361495018324	1.775564330688004	0.1651707156675746	4.570981295083154	50.09931585999947	13001	67.99980647635034	sub	0	0	-1.0	-1.0	-1.0		-1.0	-1	-1.0	-1.0	30.5	0	pr54drop(cid13,npts8,4.0cm,d0.0)		102.6,-59.3,337.7
62149	13	2	8	0.005890622897633615	2.241498659409275	0.09782238112205333	3.7428730622344104	46.07064587825956	13001	22.236853889051506	sub	0	0	-1.0	-1.0	-1.0		-1.0	-1	-1.0	-1.0	24.0	0			106.0,-65.5,334.7
62149	13	0	5	0.0009188830123208883	1.3761471259529992	0.11005126710728669	4.27644099222707	39.15030342360066	13001	39.77784061721841	sub	0	0	-1.0	-1.0	-1.0		-1.0	-1	-1.0	-1.0	17.7	0			107.3,-66.7,327.5
62281	19	0	58	0.04090391391690487	5.552338975046286	0.3149073738223586	4.7003178998871835	4.493772161558707	19011	16.396739785238864	NEARVTX	1	1	1.0	0.74	0.26	11:43;13:15	-1.0	-1	-1.0	26.0	31.2	0			184.5,-88.0,321.3
62281	19	1	2	0.00022801115652860193	0.0	3.552713678800501e-15	3.2009142584580346	4.5284842110799115	19010	74.1140832978719	sub	0	0	-1.0	-1.0	-1.0		-1.0	-1	-1.0	-1.0	34.7	0			182.7,-95.6,322.9
62459	10	1	31	0.009940462918927057	6.2949778933320415	0.2606463452242665	4.674182415139583	5.2601620735486785	10018	11.496872424010867	sub	0	0	-1.0	-1.0	-1.0		-1.0	-1	-1.0	-1.0	49.4	0			66.8,189.9,406.6
62459	10	0	17	0.00796299558208252	3.034849745130412	0.19371684203094303	4.045045690718475	11.884734778698242	10018	8.386343636936328	sub	0	0	-1.0	-1.0	-1.0		-1.0	-1	-1.0	-1.0	45.8	0			67.5,189.9,416.3
62459	10	2	1	0.000913552519188001	0.0	0.0	3.0370042410243543	3.0979513617873335	10017	77.29430526871084	sub	0	0	-1.0	-1.0	-1.0		-1.0	-1	-1.0	-1.0	52.2	0			65.1,199.9,403.9
62613	17	5	2429	0.18051942353462946	161.50602255905795	1.8274570861556307	17.194730614569103	85.08807922833488	17000	1.5773078027588927	sub	0	0	-1.0	-1.0	-1.0		-1.0	-1	-1.0	-1.0	35.7	0			190.9,-25.5,104.7
62613	17	0	2016	0.17182741120539288	161.77988953725782	1.6525586370372018	17.115770565183453	87.44882679282684	17000	3.5301236880985893	sub	0	0	-1.0	-1.0	-1.0		-1.0	-1	-1.0	-1.0	50.5	0			191.2,-41.6,99.0
62613	17	14	470	0.040144211097055064	65.08214110689326	0.8190060176344535	9.86286104839767	4.436097021237053	17000	2.587547011815908	sub	0	0	-1.0	-1.0	-1.0		-1.0	-1	-1.0	-1.0	99.6	0			184.3,74.2,20.1
62613	17	11	147	0.009205939019388206	40.36682636989309	0.4997831461744079	6.866571797483812	42.72507533172795	17000	1.2068954181189855	sub	0	0	-1.0	-1.0	-1.0		-1.0	-1	-1.0	-1.0	86.1	0			185.6,60.5,41.9
62613	17	1	86	0.008948582659890403	16.974547732475756	0.47465985497596014	6.267963066260054	259.2559944020559	17000	2.1524964579415333	sub	0	0	-1.0	-1.0	-1.0		-1.0	-1	-1.0	-1.0	95.5	0			196.4,-120.0,146.5
62613	17	15	76	0.0054134438578254925	12.466491613952186	0.42679789058235684	7.25719957834977	30.418008335053663	17000	16.323979776348658	sub	0	0	-1.0	-1.0	-1.0		-1.0	-1	-1.0	-1.0	109.5	0			184.5,80.3,27.8
62613	17	16	26	0.002101118970604725	8.183870334030857	0.18378022605509106	4.6360128699131105	8.349255451043854	17000	2.9921076544488874	sub	0	0	-1.0	-1.0	-1.0		-1.0	-1	-1.0	-1.0	129.1	0			182.7,96.8,10.7
62613	17	2	16	0.0018029479033515694	4.056822167296751	0.4800505984727224	6.362621000814058	273.33732972061614	17000	31.603161787371075	sub	0	0	-1.0	-1.0	-1.0		-1.0	-1	-1.0	-1.0	102.5	0			196.8,-121.6,158.6
62613	17	3	11	0.0006621812918229617	5.115581456276977	0.2084685251889228	4.64937597963425	265.75289957885656	17000	2.264757007580958	sub	0	0	-1.0	-1.0	-1.0		-1.0	-1	-1.0	-1.0	97.0	0			196.3,-116.2,153.5
62613	17	10	7	0.0002922372899925716	4.251709639882511	0.14920474116154794	3.732241752620003	79.75722820293716	17000	6.864189707924875	sub	0	0	-1.0	-1.0	-1.0		-1.0	-1	-1.0	-1.0	90.2	0			187.2,37.9,49.1
62613	17	4	4	0.00018216313533284424	2.7458375375782214	0.11440403808619697	3.8541811062792704	256.3207643621032	17000	13.979400235245537	sub	0	0	-1.0	-1.0	-1.0		-1.0	-1	-1.0	-1.0	89.7	0			195.5,-108.2,146.9
62613	17	13	3	0.00014690450849479155	1.8000470020608088	0.08165298789451153	3.705891419078546	71.31400082754713	17000	7.403600483098497	sub	0	0	-1.0	-1.0	-1.0		-1.0	-1	-1.0	-1.0	96.7	0			186.4,45.7,43.4
62613	17	6	1	3.0497149109504908e-05	0.0	0.0	13.254369357310063	155.56185458367804	17000	87.68707697261495	sub	0	0	-1.0	-1.0	-1.0		-1.0	-1	-1.0	-1.0	63.9	0			190.5,-28.1,83.0
62613	17	7	1	4.095454279926919e-05	0.0	0.0	12.279563445008943	157.71007994672183	17000	87.9165169388571	sub	0	0	-1.0	-1.0	-1.0		-1.0	-1	-1.0	-1.0	62.3	0			190.5,-29.3,85.1
62613	17	8	1	4.536300790427723e-05	0.0	0.0	11.47610717970166	159.86613650213542	17000	88.3337321737127	sub	0	0	-1.0	-1.0	-1.0		-1.0	-1	-1.0	-1.0	60.8	0			190.5,-30.5,87.2
62613	17	9	1	4.5839911542234265e-05	0.0	0.0	10.263140720559173	162.02979266467446	17000	88.38618299052695	sub	0	0	-1.0	-1.0	-1.0		-1.0	-1	-1.0	-1.0	59.1	0			190.5,-31.8,89.3
62613	17	12	1	3.6909129151190314e-05	0.0	0.0	3.4306638104017164	75.81132761502988	17000	85.52638160127361	sub	0	0	-1.0	-1.0	-1.0		-1.0	-1	-1.0	-1.0	95.2	0			186.7,42.7,45.5
63163	6	2	49	0.012959644178378422	10.821338840517178	0.28988015877409584	5.470899560401383	77.16114380593385	6004	7.206007795928561	sub	0	0	-1.0	-1.0	-1.0		-1.0	-1	-1.0	-1.0	86.5	0			104.9,109.7,414.4
63163	6	11	49	0.010510689630290082	8.705580678168424	0.31275951069635416	5.229640084174058	18.844206834197088	6004	10.955942199551801	sub	0	0	-1.0	-1.0	-1.0		-1.0	-1	-1.0	-1.0	111.8	0			96.9,117.0,353.8
63163	6	17	32	0.011648526990311842	8.467476022741943	0.29540676556909423	5.1195688920064395	3.9923603907963936	6004	7.038817362437561	sub	0	0	-1.0	-1.0	-1.0		-1.0	-1	-1.0	-1.0	119.9	0			95.1,116.1,338.4
63163	6	15	14	0.0030838172541111666	7.727046291847554	0.23310731571145604	4.48840398805634	7.989791354597439	6004	9.627057306548	sub	0	0	-1.0	-1.0	-1.0		-1.0	-1	-1.0	-1.0	121.6	0			95.6,108.8,341.8
63163	6	3	13	0.002043297611389152	3.129925541020439	0.18679848920935904	4.330605615846348	85.72165136206841	6005	54.88621922993219	sub	0	0	-1.0	-1.0	-1.0		-1.0	-1	-1.0	-1.0	83.0	0			104.6,117.1,417.3
63163	6	7	13	0.0015060270795862762	5.487312390981137	0.08765874025917626	3.7518807283814297	49.3531492312294	6004	2.978154936827158	sub	0	0	-1.0	-1.0	-1.0		-1.0	-1	-1.0	-1.0	99.7	0			101.1,109.6,383.1
63163	6	16	4	0.0012051060956590133	2.3118789140504363	0.11230697858543538	3.7327234842672143	14.403484259372805	6004	10.134010457698984	sub	0	0	-1.0	-1.0	-1.0		-1.0	-1	-1.0	-1.0	117.3	0			96.1,116.4,346.7
63163	6	4	2	0.00019183158498271125	0.0	3.552713678800501e-15	3.6627630280977685	80.4496730598702	6004	81.60696905970228	sub	0	0	-1.0	-1.0	-1.0		-1.0	-1	-1.0	-1.0	85.6	0			104.3,116.6,411.7
63163	6	9	2	0.0002120650979725126	0.0	2.4619211216816394e-14	3.3507030247397376	35.19843907746481	6004	82.38086557436037	sub	0	0	-1.0	-1.0	-1.0		-1.0	-1	-1.0	-1.0	106.7	0			98.7,116.2,366.5
63163	6	14	2	0.000200356808914083	0.0	0.0	3.8663267011467117	19.611297501440344	6004	83.10737024458122	sub	0	0	-1.0	-1.0	-1.0		-1.0	-1	-1.0	-1.0	119.2	0			96.8,109.2,350.9
63163	6	0	1	0.00011025831426557756	0.0	0.0	3.0483782573690035	116.58555834682099	6003	81.27739930021816	sub	0	0	-1.0	-1.0	-1.0		-1.0	-1	-1.0	-1.0	86.5	0			110.3,109.6,446.9
63163	6	1	1	0.00012668053630444668	0.0	0.0	3.174202577026242	90.31967000294014	6003	80.97280529605115	sub	0	0	-1.0	-1.0	-1.0		-1.0	-1	-1.0	-1.0	86.9	0			106.2,110.2,421.0
63163	6	5	1	0.00012614758257570294	0.0	0.0	3.156200405550959	63.20062331369842	6004	82.14580884132931	sub	0	0	-1.0	-1.0	-1.0		-1.0	-1	-1.0	-1.0	95.5	0			102.2,109.9,394.1
63163	6	6	1	0.0001019578347637448	0.0	0.0	3.2156282434385974	58.99841797065411	6004	82.28498158166866	sub	0	0	-1.0	-1.0	-1.0		-1.0	-1	-1.0	-1.0	97.4	0			101.8,109.9,389.9
63163	6	8	1	0.00010813708513895036	0.0	0.0	3.0961994444802827	54.46039159646212	6004	82.38536381498388	sub	0	0	-1.0	-1.0	-1.0		-1.0	-1	-1.0	-1.0	96.3	0			100.9,116.3,385.4
63163	6	10	1	0.0001138977897287101	0.0	0.0	3.053268903978161	33.02852350454075	6004	82.43344385955024	sub	0	0	-1.0	-1.0	-1.0		-1.0	-1	-1.0	-1.0	110.7	0			98.4,109.9,364.1
63163	6	12	1	0.00018436371844900753	0.0	0.0	3.052136753161629	29.443005404509897	6004	82.5572133543215	sub	0	0	-1.0	-1.0	-1.0		-1.0	-1	-1.0	-1.0	110.5	0			97.8,116.2,360.5
63163	6	13	1	0.0001213713563022934	0.0	0.0	3.056468720598985	26.12053437833923	6004	82.63594918212945	sub	0	0	-1.0	-1.0	-1.0		-1.0	-1	-1.0	-1.0	115.0	0			97.5,109.7,357.2
63551	6	0	581	0.2959080138073916	40.2065826828393	0.8574709648162588	9.782451068111712	36.77954309939154	6000	1.1956659841301034	sub	0	0	-1.0	-1.0	-1.0		-1.0	-1	-1.0	-1.0	158.7	0			62.9,14.8,250.0
63551	6	5	57	0.034873447283725746	7.315687449570843	0.763670105277181	8.370704861633579	83.9875794213049	6000	19.799884948391544	TRK-COR	2	1	1.0	0.0	1.0	13:57	-1.0	-1	-1.0	-1.0	194.4	0			62.9,-5.6,277.5
63551	6	3	32	0.02244828368449382	7.706128192608439	0.42144176453053617	6.806636738279782	73.85096867141012	6000	11.344635278824779	sub	0	0	-1.0	-1.0	-1.0		-1.0	-1	-1.0	-1.0	185.2	0			62.8,-2.9,267.7
63551	6	4	15	0.011642871074251937	4.51332131810438	0.13749218997609722	7.6235387251666795	81.913699648535	6000	75.94331808011098	sub	0	0	-1.0	-1.0	-1.0		-1.0	-1	-1.0	-1.0	192.5	0			62.8,-4.7,272.5
63551	6	1	5	0.0020833027543098394	4.161180001834579	0.14451574631061553	3.3554864538358427	65.39015260685356	6000	9.85370531199663	sub	0	0	-1.0	-1.0	-1.0		-1.0	-1	-1.0	-1.0	178.6	0			62.7,1.3,258.4
63551	6	6	5	0.001829359478472607	0.7102264754222923	0.07880224170255128	3.9377025027800237	78.79159858079352	6000	84.5679104443753	sub	0	0	-1.0	-1.0	-1.0		-1.0	-1	-1.0	-1.0	192.5	0			62.7,4.7,272.5
63551	6	2	3	0.001401540652339305	0.8665303158141705	0.027216549525176888	3.7753896749999094	71.45933819628084	6000	58.91374210958797	sub	0	0	-1.0	-1.0	-1.0		-1.0	-1	-1.0	-1.0	183.2	0			62.8,-0.6,261.8
63551	6	7	1	0.00021984288312601157	0.0	0.0	3.1685289790325357	81.19583895715407	6000	89.71876511712105	sub	0	0	-1.0	-1.0	-1.0		-1.0	-1	-1.0	-1.0	194.3	0			62.5,3.7,274.6
64409	8	1	289	0.0723889465209378	11.243473132377165	0.6236409082758417	7.429518003208525	26.081001703155486	8038	23.190581564918155	EM-INT	0	0	0.69	1.0	1.0	11:200	22.1	8017	-1.0	4.3	16.3	0	pr54drop(cid8,npts17,5.7cm,d2.9)		66.3,131.9,332.2
64409	8	3	75	0.014247735046643471	4.99375889841541	0.4109712172416883	4.8015230594052145	35.972955397631715	8027	22.854649676119887	sub	0	0	-1.0	-1.0	-1.0		-1.0	-1	-1.0	-1.0	13.5	0	pr54drop(cid8,npts17,5.7cm,d1.2)		65.1,136.8,341.1
64409	8	2	11	0.0015528172711140851	1.677567885093489	0.16574040589453334	3.708694266180467	31.23844152898798	8016	46.66663947844769	sub	0	0	-1.0	-1.0	-1.0		-1.0	-1	-1.0	-1.0	19.5	0			66.5,140.2,335.4
64409	8	0	2	0.000165909868363268	0.0	0.0	3.0229298767917085	24.777181995537763	8104	76.84145751257422	sub	0	0	-1.0	-1.0	-1.0		-1.0	-1	-1.0	-1.0	28.1	0			70.7,137.5,328.7
64591	17	0	14	0.0023348252711787153	4.420184188332608	0.23852148621356006	4.468927051317797	35.459949168232036	17002	7.1946746074838925	sub	0	0	-1.0	-1.0	-1.0		-1.0	-1	-1.0	-1.0	17.4	0			-70.7,-34.2,39.4
64591	17	1	7	0.001027116506011611	4.400491847042725	0.19609490255123607	4.4415339850101345	31.730454322300524	17002	1.2483353156907346	sub	0	0	-1.0	-1.0	-1.0		-1.0	-1	-1.0	-1.0	15.5	0			-69.1,-41.8,35.2
64921	62	0	28	0.02436545985335925	4.549506116328599	0.2341484553255404	4.722317863083772	17.206891758827325	62017	20.910781189375474	sub	0	0	-1.0	-1.0	-1.0		-1.0	-1	-1.0	-1.0	88.1	0			111.1,141.4,108.9
65025	16	0	1	0.001390898269980913	0.0	0.0	3.0105260736290234	13.254995980384155	16003	75.22160193483215	sub	0	0	-1.0	-1.0	-1.0		-1.0	-1	-1.0	-1.0	66.4	0			42.7,-187.6,404.8
65289	18	0	740	0.15638830805878404	33.60422718449323	1.8487628664450904	15.889054964031036	3.80800723738808	18011	1.9182540736653166	sub	0	0	-1.0	-1.0	-1.0		-1.0	-1	-1.0	-1.0	4.0	26			-80.9,50.8,305.5
65289	18	1	195	0.039866602022869985	24.023379018682455	0.8351956042085776	9.299862644146934	13.809357439070073	18011	2.462811661997338	sub	0	0	-1.0	-1.0	-1.0		-1.0	-1	-1.0	-1.0	2.8	21			-80.6,53.1,290.9
65289	18	4	69	0.008451227062038635	25.58170887896133	0.3838378087795054	5.192450505300932	9.297078412598212	18007	1.1674360551714131	sub	0	0	-1.0	-1.0	-1.0		-1.0	-1	-1.0	-1.0	15.9	0			-76.0,52.5,322.3
65289	18	7	10	0.0006157774412611497	7.313536337256732	0.08267523814044983	3.476327465875446	26.003969902305307	18007	1.1066773244328783	sub	0	0	-1.0	-1.0	-1.0		-1.0	-1	-1.0	-1.0	33.4	0			-72.4,50.7,334.0
65289	18	5	9	0.0007871354180013096	2.5584839438506872	0.10794564411798777	4.392565934621835	51.03379830788612	18011	29.610823493240616	sub	0	0	-1.0	-1.0	-1.0		-1.0	-1	-1.0	-1.0	18.5	0			-77.6,21.5,283.2
65289	18	2	8	0.00044969075109960595	2.1265845951631808	0.17368046018720326	4.263824632885352	37.06809631435096	18011	9.159849233129735	sub	0	0	-1.0	-1.0	-1.0		-1.0	-1	-1.0	-1.0	13.3	0			-79.9,38.0,284.6
65289	18	3	3	0.000291891126730539	2.397554628685275	0.0670205422562269	3.6418835305374753	42.524507844300786	18011	8.55428818689336	sub	0	0	-1.0	-1.0	-1.0		-1.0	-1	-1.0	-1.0	15.6	0			-79.3,32.5,282.4
65289	18	6	1	0.0003301326818973651	0.0	0.0	3.0663011675306806	19.86845401761292	18007	72.98132034008131	sub	0	0	-1.0	-1.0	-1.0		-1.0	-1	-1.0	-1.0	27.7	0			-75.3,56.9,326.8
65295	13	2	17	0.0031242943653087426	5.62664658423116	0.10826338641937208	3.709828297913547	13.856694390798973	13000	2.395771167384715	sub	0	0	-1.0	-1.0	-1.0		-1.0	-1	-1.0	-1.0	171.4	0			195.6,-44.9,460.5
65295	13	1	12	0.003717853033572702	9.53418204902243	0.04855505713369304	3.349702286771133	35.03305099473924	13000	3.6965913242950776	sub	0	0	-1.0	-1.0	-1.0		-1.0	-1	-1.0	-1.0	180.1	0			196.3,-52.4,483.2
65295	13	3	8	0.0031441560067009856	1.2444557261791755	0.09910410264947883	3.6469914189644244	23.284481081827856	13000	55.93497899351028	sub	0	0	-1.0	-1.0	-1.0		-1.0	-1	-1.0	-1.0	177.0	0	pr54drop(cid13,npts4,4.7cm,d0.1)		194.7,-48.8,466.3
65295	13	0	4	0.00092325885020853	1.5606418851216342	0.08105314055363824	3.404133324357337	47.941962488095974	13000	8.678323262249057	sub	0	0	-1.0	-1.0	-1.0		-1.0	-1	-1.0	-1.0	189.0	0			196.8,-57.8,490.7
66712	11	0	8	0.0041952749273987	2.4980690975971798	0.07363127975475761	3.7769970730727223	6.375879151928767	11017	15.156547693798036	sub	0	0	-1.0	-1.0	-1.0		-1.0	-1	-1.0	-1.0	33.6	0			68.6,135.3,465.3
67394	19	4	64	0.0329958077811798	8.474380330858473	0.5457566912190207	4.7477081049702505	4.83909170092902	19045	14.580955021653986	NEARVTX	1	1	1.0	0.81	0.19	11:52;2212:12	3.1	19047	-1.0	19.1	17.1	0			54.7,182.9,388.6
67394	19	5	17	0.006301462277805619	5.282696463553895	0.3038365886764015	4.476564398062454	5.456821940470468	19047	25.249204750581026	sub	0	0	-1.0	-1.0	-1.0		-1.0	-1	-1.0	-1.0	10.6	0			56.2,177.5,394.0
67394	19	6	14	0.0029497514140227788	3.503379732936696	0.19561095118930835	3.5288332646924263	18.986484472118562	19045	22.31908579431748	sub	0	0	-1.0	-1.0	-1.0		-1.0	-1	-1.0	-1.0	21.2	0			52.8,191.1,400.0
67394	19	2	6	0.0022322721355612926	1.9189948236152157	0.08529757962399365	4.176417503076077	25.735140139700025	19047	28.360414724182256	sub	0	0	-1.0	-1.0	-1.0		-1.0	-1	-1.0	-1.0	24.9	0			58.9,194.4,405.8
67394	19	1	5	0.002078326337277627	2.291815774421556	0.03632328245317673	3.571463242145972	21.302633382049272	19047	14.220230536359743	sub	0	0	-1.0	-1.0	-1.0		-1.0	-1	-1.0	-1.0	25.8	0			58.9,195.0,397.2
67394	19	0	4	0.0025756589301799237	0.8959907193463719	0.04199185600997093	4.0852837649298905	16.995694932835185	19047	42.97285642467483	sub	0	0	-1.0	-1.0	-1.0		-1.0	-1	-1.0	-1.0	22.9	0			59.1,191.1,393.4
67394	19	3	1	0.00023882971809526367	0.0	0.0	3.2727496467038284	23.39145891153434	19047	83.37123080312357	sub	0	0	-1.0	-1.0	-1.0		-1.0	-1	-1.0	-1.0	23.4	0			58.8,192.2,403.4
67746	10	23	994	0.20356986589990547	99.14148800460973	1.174544816328207	11.627234445473254	3.7861796272760198	10001	8.801910836195331	sub	0	0	-1.0	-1.0	-1.0		-1.0	-1	-1.0	-1.0	147.2	0			72.8,35.8,377.1
67746	10	21	708	0.12326122417836066	100.34639815439664	1.2172068873388504	12.643557575698383	9.717309329747604	10001	1.0723938852207724	sub	0	0	-1.0	-1.0	-1.0		-1.0	-1	-1.0	-1.0	153.0	0			73.0,23.4,383.5
67746	10	1	30	0.00399336748480257	11.499772582664544	0.35737769298502003	5.3381899497863525	150.04942305004042	10001	2.1547228913462444	sub	0	0	-1.0	-1.0	-1.0		-1.0	-1	-1.0	-1.0	149.3	0			80.4,16.4,486.3
67746	10	0	23	0.003592274573820912	10.56995776107245	0.39867997899027285	5.699513539320703	156.60518202226388	10001	4.192679631411827	sub	0	0	-1.0	-1.0	-1.0		-1.0	-1	-1.0	-1.0	143.1	0			80.6,8.1,490.6
67746	10	7	9	0.0009983393463517086	6.353712281743718	0.12173069450929377	3.825626909409748	136.91993533160175	10001	4.312951582009982	sub	0	0	-1.0	-1.0	-1.0		-1.0	-1	-1.0	-1.0	150.6	0			78.7,12.3,468.0
67746	10	22	5	0.0004014341481405834	2.925920831400373	0.13846972992656942	3.471757393597658	104.30252320773455	10001	1.2650956729750067	sub	0	0	-1.0	-1.0	-1.0		-1.0	-1	-1.0	-1.0	171.2	0			75.6,24.3,435.1
67746	10	9	3	0.00045081223618513203	0.9141612580616185	0.042766324637464555	3.5546676919228286	134.0828731549634	10001	24.929936597122907	sub	0	0	-1.0	-1.0	-1.0		-1.0	-1	-1.0	-1.0	158.2	0			78.7,19.9,463.9
67746	10	10	3	0.00010382402226469793	0.4570194862073629	0.021423059398507364	3.2621418868590077	133.24268431523737	10001	24.898873185754635	sub	0	0	-1.0	-1.0	-1.0		-1.0	-1	-1.0	-1.0	154.7	0			78.0,13.4,461.8
67746	10	11	3	0.0003295781716551385	2.929615709361056	0.059173247066634245	3.491041202850521	127.45559612135517	10001	1.4407292459497107	sub	0	0	-1.0	-1.0	-1.0		-1.0	-1	-1.0	-1.0	155.9	0			77.6,14.1,457.5
67746	10	3	2	0.00026311190602694597	0.0	2.5035590747517903e-14	3.230406850537556	149.24971315449824	10001	85.06692483804822	sub	0	0	-1.0	-1.0	-1.0		-1.0	-1	-1.0	-1.0	148.3	0			79.6,10.6,477.9
67746	10	5	2	0.00022614107866400957	0.0	0.0	3.0225050289453663	142.77428543816987	10001	84.57898583751985	sub	0	0	-1.0	-1.0	-1.0		-1.0	-1	-1.0	-1.0	154.7	0			79.3,18.1,472.4
67746	10	8	2	0.00024249903933178235	0.0	2.4619195571062846e-14	3.3442187847089193	139.2620536314541	10001	84.34923425909163	sub	0	0	-1.0	-1.0	-1.0		-1.0	-1	-1.0	-1.0	156.3	0			79.0,18.9,468.7
67746	10	12	2	0.0001679477483542686	0.0	8.881784197001252e-16	3.3696319517122295	127.04298787438053	10001	84.15933697456977	sub	0	0	-1.0	-1.0	-1.0		-1.0	-1	-1.0	-1.0	161.1	0			77.7,20.8,456.8
67746	10	14	2	0.0001939711367827448	0.0	2.4591502649036963e-14	3.2852792651462672	119.61330856058618	10001	84.15112645474457	sub	0	0	-1.0	-1.0	-1.0		-1.0	-1	-1.0	-1.0	160.5	0			76.8,15.7,448.7
67746	10	2	1	7.941369096048046e-05	0.0	0.0	3.2394928465579427	153.5784514274672	10001	85.45641595965722	sub	0	0	-1.0	-1.0	-1.0		-1.0	-1	-1.0	-1.0	147.3	0			79.9,9.9,481.6
67746	10	4	1	9.192653623386786e-05	0.0	0.0	3.0028335618212347	146.48711120907535	10001	84.78142178738396	sub	0	0	-1.0	-1.0	-1.0		-1.0	-1	-1.0	-1.0	149.9	0			79.3,11.5,474.7
67746	10	6	1	9.163089937689745e-05	0.0	0.0	3.2622153515670838	146.240364758503	10001	84.78142178738396	sub	0	0	-1.0	-1.0	-1.0		-1.0	-1	-1.0	-1.0	154.0	0			79.6,18.0,475.4
67746	10	13	1	0.00010830377756622565	0.0	0.0	3.1979993323951765	123.28997560097902	10001	84.1424210773048	sub	0	0	-1.0	-1.0	-1.0		-1.0	-1	-1.0	-1.0	159.4	0			77.1,15.3,451.9
67746	10	15	1	7.882578371178464e-05	0.0	0.0	3.0128546330681116	120.34090159330702	10001	84.1430561884151	sub	0	0	-1.0	-1.0	-1.0		-1.0	-1	-1.0	-1.0	164.5	0			77.1,21.9,449.9
67746	10	16	1	0.00010182486218106663	0.0	0.0	3.0261436201872502	117.50406902201304	10001	84.16553691706324	sub	0	0	-1.0	-1.0	-1.0		-1.0	-1	-1.0	-1.0	162.2	0			76.5,16.1,446.2
67746	10	17	1	0.00011842398417729973	0.0	0.0	3.67489763394845	116.62791007567614	10001	84.16213827491879	sub	0	0	-1.0	-1.0	-1.0		-1.0	-1	-1.0	-1.0	166.5	0			76.8,23.0,446.3
67746	10	18	1	0.00011492714491462486	0.0	0.0	3.1625179398700656	114.15382636044225	10001	84.30444499957632	sub	0	0	-1.0	-1.0	-1.0		-1.0	-1	-1.0	-1.0	163.9	0			76.2,16.7,442.9
67746	10	19	1	9.150419786676728e-05	0.0	0.0	3.009765891228091	114.55347161347842	10001	84.26833831179006	sub	0	0	-1.0	-1.0	-1.0		-1.0	-1	-1.0	-1.0	167.3	0			76.5,22.8,444.2
67746	10	20	1	8.980872355246492e-05	0.0	0.0	3.266422431345952	111.45657623312322	10001	84.45678463816924	sub	0	0	-1.0	-1.0	-1.0		-1.0	-1	-1.0	-1.0	165.1	0			75.9,16.8,440.2
68714	5	0	2	0.0013765152317150656	0.3130000000000166	3.552713678800501e-15	3.2761945973949964	36.99347157283294	5001	75.73892687588605	sub	0	0	-1.0	-1.0	-1.0		-1.0	-1	-1.0	-1.0	162.0	0			-164.7,-79.6,307.6
71046	19	0	1	7.49302083765887e-05	0.0	0.0	3.0901878988177978	17.948519072335767	19001	86.31846620503495	sub	0	0	-1.0	-1.0	-1.0		-1.0	-1	-1.0	-1.0	150.9	0			-82.0,112.0,362.2
71222	15	0	121	0.12427592688146777	20.41166872656217	0.4699267092934433	6.73256266216661	50.33817102517732	15001	1.9683424618723566	HAD-ADJ	1	1	1.0	0.0	1.0	2212:121	3.0	15001	-1.0	-1.0	60.5	0			-129.2,124.6,151.7
71222	15	1	5	0.004678801114475356	2.070308714561178	0.07880860237519698	3.8607406025269375	70.0075039846444	15001	10.680452365266778	sub	0	0	-1.0	-1.0	-1.0		-1.0	-1	-1.0	-1.0	62.7	0			-129.1,124.5,163.7
71640	9	3	28	0.012572138655427728	5.287726160072745	0.2708709866943165	5.489553081991273	216.66496254793944	9001	20.086563807102007	sub	0	0	-1.0	-1.0	-1.0		-1.0	-1	-1.0	-1.0	5.6	0			-70.2,168.1,446.3
71640	9	4	24	0.010774383491100084	7.322394385645037	0.3571317409267196	5.67411961100578	217.09603179104863	9001	11.969492694167625	sub	0	0	-1.0	-1.0	-1.0		-1.0	-1	-1.0	-1.0	7.0	0			-70.0,174.1,440.1
71640	9	0	1	0.0002152914908273418	0.0	0.0	3.0037099664415354	23.46665207824925	9001	75.8122843662359	sub	0	0	-1.0	-1.0	-1.0		-1.0	-1	-1.0	-1.0	32.7	0			-107.7,7.8,339.5
71640	9	1	1	0.00014173655751982658	0.0	0.0	3.0522698275218008	123.25864413748027	9001	81.96860514959515	sub	0	0	-1.0	-1.0	-1.0		-1.0	-1	-1.0	-1.0	12.9	0			-88.3,90.3,393.1
71640	9	2	1	0.00012642068093644655	0.0	0.0	3.0575813006361723	127.49330957026726	9001	81.93517208755078	sub	0	0	-1.0	-1.0	-1.0		-1.0	-1	-1.0	-1.0	11.7	0			-87.6,93.9,395.2
72586	17	0	8	0.001378812288807913	2.4911505155363405	0.08565511622552974	3.348693215270692	265.61224372133603	17004	11.442947259294886	sub	0	0	-1.0	-1.0	-1.0		-1.0	-1	-1.0	-1.0	60.4	0			-8.3,-115.2,305.0
72586	17	2	4	0.00024516793217642586	2.134948942925138	0.016838012449175658	3.328395892333128	286.3669004056621	17004	13.437909294012234	sub	0	0	-1.0	-1.0	-1.0		-1.0	-1	-1.0	-1.0	67.0	0			-4.7,-105.7,323.2
72586	17	1	1	6.0630252330104674e-05	0.0	0.0	3.0232084480068684	283.3996254931089	17004	80.95773333507569	sub	0	0	-1.0	-1.0	-1.0		-1.0	-1	-1.0	-1.0	65.5	0			-6.1,-106.5,319.3
73004	15	3	25	0.014916600668960101	3.0232203640649216	0.31989120574544866	4.362297836003395	6.132854963228779	15023	4.614266308623236	sub	0	0	-1.0	-1.0	-1.0		-1.0	-1	-1.0	-1.0	96.4	0			-11.3,155.1,164.8
73004	15	2	24	0.009280541340167139	5.825379257426855	0.20910357517399636	4.958248147279443	12.675711670750502	15023	16.885360384052884	sub	0	0	-1.0	-1.0	-1.0		-1.0	-1	-1.0	-1.0	101.8	0			-11.6,146.0,172.2
73004	15	0	20	0.005661842700300822	7.044957733669088	0.1507187209187584	4.236370173863486	23.295561432169862	15009	12.198309154262656	sub	0	0	-1.0	-1.0	-1.0		-1.0	-1	-1.0	-1.0	107.9	0			-13.8,141.9,183.0
73004	15	1	3	0.0012403523184658565	0.93014671747114	0.05618484590973988	3.4954650749220737	3.1756527895851674	15022	42.29748393479135	sub	0	0	-1.0	-1.0	-1.0		-1.0	-1	-1.0	-1.0	99.7	0			-11.9,148.4,156.2
