evt	sample	CP24_best_dl	CP24_top1	CP24_admit5	CP24_admit10	CP24_target_rank	CP24_target_dl	ft2u_best_dl	ft2u_top1	ft2u_admit5	ft2u_admit10	ft2u_target_rank	ft2u_target_dl
388	nuecc48	1.0	1	1	1	0	1.0	1.0	1	1	1	0	1.0
10550	nuecc48	0.01796889305114746	0	0	1	8	0.005268871784210205	0.028014004230499268	0	0	1	6	0.010377585887908936
18625	ncpi0	0.7420549988746643	1	1	1	0	0.7420549988746643	0.7459216713905334	1	1	1	0	0.7459216713905334
21073	ncpi0	0.5634920001029968	1	1	1	0	0.5634920001029968	0.6390584707260132	1	1	1	0	0.6390584707260132
30504	nuecc48	0.005914747714996338	0	0	0	-1	-9	0.010898888111114502	0	0	0	-1	-9
37112	ncpi0	0.8199920654296875	1	1	1	0	0.8199920654296875	0.9003351926803589	1	1	1	0	0.9003351926803589
38856	nuecc48	0.008638620376586914	0	0	0	-1	-9	0.012694835662841797	0	0	0	-1	-9
42280	nuecc48	0.19515612721443176	1	1	1	0	0.19515612721443176	0.2226298749446869	1	1	1	0	0.2226298749446869
46363	nuecc48	0.009811341762542725	0	1	1	3	0.007336974143981934	0.016714632511138916	0	1	1	3	0.013283014297485352
47058	mcp2k	0.036457180976867676	1	1	1	0	0.036457180976867676	0.04741770029067993	1	1	1	0	0.04741770029067993
47278	mcp2k	0.009267330169677734	1	1	1	0	0.009267330169677734	0.01760488748550415	1	1	1	0	0.01760488748550415
47784	mcp2k	0.9987973570823669	1	1	1	0	0.9987973570823669	0.999517023563385	1	1	1	0	0.999517023563385
47916	mcp2k	0.5842742323875427	1	1	1	0	0.5842742323875427	0.5827983617782593	1	1	1	0	0.5827983617782593
48367	mcp1k	0.025152206420898438	0	0	0	-1	-9	0.0311964750289917	0	0	0	-1	-9
48488	mcp2k	0.060959815979003906	1	1	1	0	0.060959815979003906	0.07651698589324951	1	1	1	0	0.07651698589324951
48774	mcp2k	0.011971831321716309	1	1	1	0	0.011971831321716309	0.022578716278076172	1	1	1	0	0.022578716278076172
48895	mcp1k	0.0054541826248168945	0	0	1	5	0.005204617977142334	0.010531842708587646	1	1	1	0	0.010531842708587646
49742	mcp2k	0.005264639854431152	0	1	1	3	0.004081606864929199	0.010231554508209229	0	1	1	3	0.009238600730895996
49951	mcp1k	0.993261456489563	1	1	1	0	0.993261456489563	0.9932922720909119	1	1	1	0	0.9932922720909119
50182	mcp2k	0.018877089023590088	1	1	1	0	0.018877089023590088	0.029528319835662842	1	1	1	0	0.029528319835662842
50303	mcp1k	0.005474984645843506	0	0	0	-1	-9	0.010445833206176758	0	0	0	-1	-9
50831	mcp1k	0.011102139949798584	0	0	0	-1	-9	0.018440544605255127	0	0	0	-1	-9
51051	mcp1k	0.00536876916885376	0	0	0	-1	-9	0.010337769985198975	0	0	0	-1	-9
51128	mcp2k	0.005495786666870117	0	0	0	-1	-9	0.010466814041137695	0	0	0	-1	-9
51219	mcp2k	0.9932757019996643	1	1	1	0	0.9932757019996643	0.9944702982902527	1	1	1	0	0.9944702982902527
51513	mcp1k	0.005762636661529541	1	1	1	0	0.005762636661529541	0.011114954948425293	1	1	1	0	0.011114954948425293
51546	mcp2k	0.005504965782165527	0	0	0	-1	-9	0.01047605276107788	0	0	0	-1	-9
51868	mcp2k	0.005315721035003662	0	0	0	-1	-9	0.010283410549163818	0	0	0	-1	-9
51890	mcp2k	0.9999905228614807	1	1	1	0	0.9999905228614807	0.9999815225601196	1	1	1	0	0.9999815225601196
51964	mcp2k	0.8415225744247437	1	1	1	0	0.8415225744247437	0.8595660328865051	1	1	1	0	0.8595660328865051
52044	mcp2k	0.5991137027740479	1	1	1	0	0.5991137027740479	0.602491557598114	1	1	1	0	0.602491557598114
52085	mcp1k	0.007970809936523438	1	1	1	0	0.007970809936523438	0.014097213745117188	1	1	1	0	0.014097213745117188
52605	mcp2k	0.004980862140655518	0	1	1	1	0.004371285438537598	0.010090291500091553	0	1	1	1	0.009321093559265137
52657	mcp1k	0.005532801151275635	0	1	1	4	0.0044133663177490234	0.010717809200286865	0	1	1	4	0.009521126747131348
52672	nuecc48	0.007789790630340576	0	0	0	-1	-9	0.013233006000518799	0	0	0	-1	-9
52693	mcp2k	0.005824685096740723	0	0	0	-1	-9	0.01088416576385498	0	0	0	-1	-9
52723	mcp1k	0.674730658531189	1	1	1	0	0.674730658531189	0.692241907119751	1	1	1	0	0.692241907119751
52759	mcp2k	0.005404412746429443	0	1	1	3	0.004363358020782471	0.01048344373703003	1	1	1	0	0.01048344373703003
53130	mcp2k	0.048426926136016846	1	1	1	0	0.048426926136016846	0.06680858135223389	1	1	1	0	0.06680858135223389
53361	mcp1k	0.005465865135192871	0	0	1	6	0.0030941367149353027	0.01043689250946045	0	0	1	5	0.008255839347839355
53427	mcp1k	0.00826352834701538	1	1	1	0	0.00826352834701538	0.015880882740020752	1	1	1	0	0.015880882740020752
53658	mcp2k	0.0056362152099609375	0	0	0	-1	-9	0.011199116706848145	0	0	0	-1	-9
53793	mcp2k	0.9998693466186523	1	1	1	0	0.9998693466186523	0.9998863935470581	1	1	1	0	0.9998863935470581
53881	mcp2k	0.011443257331848145	1	1	1	0	0.011443257331848145	0.018251001834869385	1	1	1	0	0.018251001834869385
54095	nuecc48	1.0	1	1	1	0	1.0	1.0	1	1	1	0	1.0
54341	mcp1k	0.9272270798683167	1	1	1	0	0.9272270798683167	0.928214967250824	1	1	1	0	0.928214967250824
54351	mcp1k	0.18472370505332947	1	1	1	0	0.18472370505332947	0.2129041850566864	1	1	1	0	0.2129041850566864
54508	mcp2k	0.005409538745880127	0	0	1	9	0.0023121237754821777	0.010379552841186523	0	0	1	9	0.007298529148101807
54629	mcp2k	0.005406677722930908	0	0	0	-1	-9	0.01037663221359253	0	0	0	-1	-9
55278	mcp2k	0.7771104574203491	1	1	1	0	0.7771104574203491	0.7892671823501587	1	1	1	0	0.7892671823501587
55322	mcp2k	0.9999939799308777	1	1	1	0	0.9999939799308777	0.9999901056289673	1	1	1	0	0.9999901056289673
55539	mcp1k	0.004934906959533691	0	0	1	6	0.0034292936325073242	0.00990229845046997	0	0	1	7	0.008477449417114258
55542	mcp2k	0.046111106872558594	1	1	1	0	0.046111106872558594	0.05855530500411987	1	1	1	0	0.05855530500411987
55595	mcp1k	0.02310889959335327	0	0	1	7	0.013754665851593018	0.041349709033966064	0	0	1	7	0.0326274037361145
55627	mcp1k	0.0902898907661438	1	1	1	0	0.0902898907661438	0.10899406671524048	1	1	1	0	0.10899406671524048
55715	mcp1k	0.9260793924331665	1	1	1	0	0.9260793924331665	0.9074546694755554	1	1	1	0	0.9074546694755554
55740	mcp2k	0.9357889890670776	1	1	1	0	0.9357889890670776	0.9284491539001465	1	1	1	0	0.9284491539001465
56180	mcp2k	0.00938636064529419	1	1	1	0	0.00938636064529419	0.016022026538848877	1	1	1	0	0.016022026538848877
56211	mcp1k	0.005052924156188965	0	0	1	6	0.001851797103881836	0.010022759437561035	0	0	1	6	0.006904661655426025
56243	mcp1k	0.934577226638794	1	1	1	0	0.934577226638794	0.9378721117973328	1	1	1	0	0.9378721117973328
56463	mcp1k	0.8497744202613831	1	1	1	0	0.8497744202613831	0.847554087638855	1	1	1	0	0.847554087638855
56763	mcp2k	0.0053980350494384766	0	0	1	9	0.0026178956031799316	0.010367810726165771	0	0	1	9	0.007776916027069092
56939	mcp2k	0.21394872665405273	1	1	1	0	0.21394872665405273	0.2474374771118164	1	1	1	0	0.2474374771118164
56972	mcp2k	0.005786597728729248	0	0	1	6	0.003747999668121338	0.010940730571746826	0	0	1	6	0.008992373943328857
56982	ncpi0	0.02895599603652954	0	0	0	-1	-9	0.04153329133987427	0	0	0	-1	-9
57280	mcp2k	0.005471765995025635	0	0	0	-1	-9	0.010442614555358887	0	0	0	-1	-9
57441	mcp1k	0.005360603332519531	0	0	1	9	0.0031892061233520508	0.01032942533493042	0	0	1	8	0.008404731750488281
57485	mcp1k	0.9476110339164734	1	1	1	0	0.9476110339164734	0.9406440854072571	1	1	1	0	0.9406440854072571
57575	mcp1k	0.007974982261657715	1	1	1	0	0.007974982261657715	0.01438915729522705	1	1	1	0	0.01438915729522705
57577	mcp2k	0.7327161431312561	1	1	1	0	0.7327161431312561	0.7692281603813171	1	1	1	0	0.7692281603813171
57661	mcp1k	0.08952343463897705	1	1	1	0	0.08952343463897705	0.11047422885894775	1	1	1	0	0.11047422885894775
57709	mcp2k	0.005428135395050049	0	0	0	-1	-9	0.010398447513580322	0	0	0	-1	-9
57742	mcp2k	0.766507089138031	1	1	1	0	0.766507089138031	0.7911413908004761	1	1	1	0	0.7911413908004761
57883	mcp1k	0.8371348977088928	1	1	1	0	0.8371348977088928	0.890459418296814	1	1	1	0	0.890459418296814
57903	mcp1k	0.00533682107925415	0	1	1	3	0.003466308116912842	0.01030510663986206	0	1	1	3	0.008509278297424316
58072	mcp2k	0.0057419538497924805	1	1	1	0	0.0057419538497924805	0.011056900024414062	1	1	1	0	0.011056900024414062
58321	mcp1k	0.9447653293609619	1	1	1	0	0.9447653293609619	0.9424213171005249	1	1	1	0	0.9424213171005249
58325	mcp2k	0.00548022985458374	0	0	0	-1	-9	0.010643720626831055	0	0	0	-1	-9
58345	mcp1k	0.005479097366333008	0	1	1	4	0.003368675708770752	0.010449886322021484	0	1	1	4	0.00839221477508545
58607	mcp1k	0.005419135093688965	0	0	0	-1	-9	0.010389208793640137	0	0	0	-1	-9
58653	mcp1k	0.0053765177726745605	0	1	1	2	0.004564821720123291	0.010345816612243652	0	1	1	2	0.009806931018829346
58717	mcp1k	0.007895350456237793	0	1	1	2	0.005768239498138428	0.012902975082397461	0	1	1	2	0.012047052383422852
58919	mcp2k	0.005487322807312012	0	0	0	-1	-9	0.010458230972290039	0	0	0	-1	-9
59003	mcp1k	0.013580024242401123	1	1	1	0	0.013580024242401123	0.020544767379760742	1	1	1	0	0.020544767379760742
59025	mcp1k	0.9986814856529236	1	1	1	0	0.9986814856529236	0.9989666938781738	1	1	1	0	0.9989666938781738
59085	mcp1k	0.005490422248840332	0	0	0	-1	-9	0.010577499866485596	0	0	0	-1	-9
59093	mcp1k	0.0054724812507629395	0	0	1	7	0.0036221742630004883	0.01044321060180664	0	0	1	7	0.008592605590820312
59179	mcp1k	0.829996645450592	1	1	1	0	0.829996645450592	0.8443942666053772	1	1	1	0	0.8443942666053772
59261	mcp1k	0.01075589656829834	0	0	0	-1	-9	0.017797470092773438	0	0	0	-1	-9
59335	mcp1k	0.16361790895462036	1	1	1	0	0.16361790895462036	0.1746193766593933	1	1	1	0	0.1746193766593933
59371	mcp1k	0.9999841451644897	1	1	1	0	0.9999841451644897	0.9999775290489197	1	1	1	0	0.9999775290489197
59553	mcp1k	0.005421459674835205	0	0	0	-1	-9	0.010391592979431152	0	0	0	-1	-9
59685	mcp1k	0.5830684900283813	1	1	1	0	0.5830684900283813	0.5758154392242432	1	1	1	0	0.5758154392242432
59899	mcp1k	0.013349056243896484	1	1	1	0	0.013349056243896484	0.018559694290161133	1	1	1	0	0.018559694290161133
59929	mcp1k	0.005324184894561768	0	0	1	6	0.003882169723510742	0.010292291641235352	0	0	1	7	0.008910596370697021
60017	mcp1k	0.00499272346496582	0	1	1	4	0.0005166530609130859	0.009962201118469238	0	1	1	4	0.005647242069244385
60669	mcp1k	0.9810506701469421	1	1	1	0	0.9810506701469421	0.9816696047782898	1	1	1	0	0.9816696047782898
60933	mcp1k	0.982650101184845	1	1	1	0	0.982650101184845	0.9845066666603088	1	1	1	0	0.9845066666603088
61351	mcp1k	0.00528794527053833	0	1	1	2	0.003961741924285889	0.010255038738250732	0	1	1	2	0.009617090225219727
61417	mcp1k	0.9978067874908447	1	1	1	0	0.9978067874908447	0.9978641271591187	1	1	1	0	0.9978641271591187
61461	mcp1k	0.5330421328544617	1	1	1	0	0.5330421328544617	0.5413892269134521	1	1	1	0	0.5413892269134521
61681	mcp1k	0.04929840564727783	1	1	1	0	0.04929840564727783	0.06068885326385498	1	1	1	0	0.06068885326385498
61843	mcp1k	0.005400419235229492	0	0	0	-1	-9	0.010370254516601562	0	0	0	-1	-9
62149	mcp1k	0.8297573924064636	1	1	1	0	0.8297573924064636	0.8148064017295837	1	1	1	0	0.8148064017295837
62281	mcp1k	0.005359053611755371	0	1	1	1	0.004595398902893066	0.01032787561416626	0	1	1	1	0.009979248046875
62459	mcp1k	0.8651614189147949	1	1	1	0	0.8651614189147949	0.8413655757904053	1	1	1	0	0.8413655757904053
62495	mcp1k	0.7490177154541016	1	1	1	0	0.7490177154541016	0.7705408334732056	1	1	1	0	0.7705408334732056
62613	mcp1k	0.005453050136566162	0	1	1	3	0.005342066287994385	0.010423898696899414	0	1	1	4	0.010310471057891846
62721	mcp1k	0.005395472049713135	0	0	0	-1	-9	0.010365128517150879	0	0	0	-1	-9
63163	mcp1k	0.10148745775222778	1	1	1	0	0.10148745775222778	0.10633403062820435	1	1	1	0	0.10633403062820435
63359	mcp1k	0.005432844161987305	0	0	0	-1	-9	0.010403275489807129	0	0	0	-1	-9
63427	mcp1k	0.03686481714248657	1	1	1	0	0.03686481714248657	0.0447077751159668	1	1	1	0	0.0447077751159668
63551	mcp1k	0.005303621292114258	0	0	1	7	0.0026100873947143555	0.010271191596984863	0	0	1	7	0.007642626762390137
63559	mcp1k	0.0054705142974853516	0	0	0	-1	-9	0.010441362857818604	0	0	0	-1	-9
63603	mcp1k	0.999997079372406	1	1	1	0	0.999997079372406	0.9999986886978149	1	1	1	0	0.9999986886978149
63669	mcp1k	0.0054669976234436035	0	0	0	-1	-9	0.010438084602355957	0	0	0	-1	-9
64409	mcp1k	0.6924008131027222	1	1	1	0	0.6924008131027222	0.6921157240867615	1	1	1	0	0.6921157240867615
64591	mcp1k	0.011086523532867432	1	1	1	0	0.011086523532867432	0.016687631607055664	1	1	1	0	0.016687631607055664
64717	mcp1k	0.0054779052734375	0	0	1	9	0.003271639347076416	0.010448753833770752	0	0	1	9	0.008513033390045166
64921	mcp1k	0.586685061454773	1	1	1	0	0.586685061454773	0.6341955661773682	1	1	1	0	0.6341955661773682
64959	mcp1k	0.0074582695960998535	0	1	1	2	0.004532873630523682	0.012744784355163574	0	1	1	2	0.009486258029937744
65025	mcp1k	0.0036844611167907715	1	1	1	0	0.0036844611167907715	0.008856415748596191	1	1	1	0	0.008856415748596191
65053	mcp1k	0.005297839641571045	0	0	0	-1	-9	0.010264933109283447	0	0	0	-1	-9
65266	mcp2k	0.0091094970703125	0	0	0	-1	-9	0.016632437705993652	0	0	0	-1	-9
65267	mcp1k	0.005471765995025635	0	0	0	-1	-9	0.010442554950714111	0	0	0	-1	-9
65289	mcp1k	0.9999066591262817	0	0	1	5	0.23480308055877686	0.9999552965164185	0	0	1	5	0.2588621973991394
65295	mcp1k	0.005478501319885254	0	1	1	1	0.0046651363372802734	0.010449349880218506	0	1	1	1	0.010234832763671875
66118	mcp1k	0.005431413650512695	0	1	1	3	0.002699434757232666	0.010401785373687744	0	1	1	2	0.00787353515625
66272	mcp1k	0.004758358001708984	0	0	0	-1	-9	0.009814679622650146	0	0	0	-1	-9
66278	mcp2k	0.0054585933685302734	0	1	1	4	0.0038563013076782227	0.0104295015335083	0	1	1	3	0.009667396545410156
66366	mcp2k	0.07880932092666626	1	1	1	0	0.07880932092666626	0.12949377298355103	1	1	1	0	0.12949377298355103
66646	mcp1k	0.004957079887390137	0	0	1	7	0.0010233521461486816	0.009925305843353271	0	0	1	7	0.006019413471221924
66652	mcp2k	0.9995670914649963	1	1	1	0	0.9995670914649963	0.9997643232345581	1	1	1	0	0.9997643232345581
66712	mcp1k	0.8358636498451233	0	1	1	4	0.0739525556564331	0.8841847777366638	0	1	1	3	0.09936404228210449
66872	mcp2k	0.005368709564208984	0	0	0	-1	-9	0.0103377103805542	0	0	0	-1	-9
66900	mcp2k	0.6893507242202759	1	1	1	0	0.6893507242202759	0.6385722756385803	1	1	1	0	0.6385722756385803
66944	mcp2k	0.006327569484710693	0	0	0	-1	-9	0.01179736852645874	0	0	0	-1	-9
67026	mcp2k	0.9999994039535522	1	1	1	0	0.9999994039535522	0.9999995827674866	1	1	1	0	0.9999995827674866
67394	mcp1k	0.9441469311714172	1	1	1	0	0.9441469311714172	0.9488089084625244	1	1	1	0	0.9488089084625244
67746	mcp1k	0.015414059162139893	1	1	1	0	0.015414059162139893	0.02560293674468994	1	1	1	0	0.02560293674468994
67868	mcp2k	0.1162947416305542	1	1	1	0	0.1162947416305542	0.18432778120040894	1	1	1	0	0.18432778120040894
67898	mcp2k	0.07682496309280396	1	1	1	0	0.07682496309280396	0.1231737732887268	1	1	1	0	0.1231737732887268
67928	mcp2k	0.59735506772995	1	1	1	0	0.59735506772995	0.6179566979408264	1	1	1	0	0.6179566979408264
67942	mcp2k	0.003581702709197998	0	1	1	1	0.003184020519256592	0.00876474380493164	0	1	1	1	0.008295416831970215
68280	mcp2k	0.005404531955718994	0	0	1	9	0.004014015197753906	0.01050424575805664	0	0	1	9	0.008999109268188477
68308	mcp2k	0.999998927116394	1	1	1	0	0.999998927116394	0.9999988675117493	1	1	1	0	0.9999988675117493
68648	mcp1k	0.00528794527053833	0	1	1	2	0.004213154315948486	0.010254979133605957	0	1	1	2	0.009380102157592773
68714	mcp1k	0.01667100191116333	1	1	1	0	0.01667100191116333	0.02569413185119629	1	1	1	0	0.02569413185119629
68748	mcp2k	0.027531802654266357	1	1	1	0	0.027531802654266357	0.033677875995635986	1	1	1	0	0.033677875995635986
68978	mcp1k	0.005367398262023926	0	1	1	1	0.005321383476257324	0.010655343532562256	1	1	1	0	0.010655343532562256
69006	mcp2k	0.027927398681640625	1	1	1	0	0.027927398681640625	0.03954637050628662	1	1	1	0	0.03954637050628662
69144	mcp2k	0.9967066645622253	1	1	1	0	0.9967066645622253	0.9951496124267578	1	1	1	0	0.9951496124267578
69152	mcp2k	0.0671120285987854	1	1	1	0	0.0671120285987854	0.08975785970687866	1	1	1	0	0.08975785970687866
69232	mcp2k	0.006527423858642578	0	0	0	-1	-9	0.011692404747009277	0	0	0	-1	-9
69254	mcp2k	0.005477607250213623	0	0	0	-1	-9	0.010448455810546875	0	0	0	-1	-9
69306	mcp2k	0.005572974681854248	0	0	0	-1	-9	0.01062244176864624	0	0	0	-1	-9
69314	nuecc48	0.9260767102241516	1	1	1	0	0.9260767102241516	0.9640958905220032	1	1	1	0	0.9640958905220032
69666	mcp2k	1.0	0	1	1	3	0.9778019785881042	1.0	0	1	1	3	0.982573926448822
69936	mcp2k	0.005391299724578857	0	1	1	4	0.003890514373779297	0.010360896587371826	0	1	1	4	0.008970379829406738
70010	mcp2k	0.004817843437194824	1	1	1	0	0.004817843437194824	0.009864389896392822	1	1	1	0	0.009864389896392822
70084	mcp2k	0.3827359974384308	1	1	1	0	0.3827359974384308	0.4569786787033081	1	1	1	0	0.4569786787033081
70178	mcp2k	0.47564220428466797	1	1	1	0	0.47564220428466797	0.5853334665298462	1	1	1	0	0.5853334665298462
70186	mcp2k	0.18224915862083435	1	1	1	0	0.18224915862083435	0.22034525871276855	1	1	1	0	0.22034525871276855
70538	mcp2k	0.004800617694854736	0	1	1	1	0.00438237190246582	0.009910762310028076	0	1	1	1	0.009478986263275146
70612	mcp2k	0.005434811115264893	0	0	0	-1	-9	0.010405242443084717	0	0	0	-1	-9
70692	mcp2k	0.6414097547531128	1	1	1	0	0.6414097547531128	0.6513628959655762	1	1	1	0	0.6513628959655762
70766	mcp2k	0.005531251430511475	0	0	1	8	0.0040749311447143555	0.010830044746398926	0	0	1	6	0.009244084358215332
70912	mcp2k	0.7803807854652405	1	1	1	0	0.7803807854652405	0.7862985134124756	1	1	1	0	0.7862985134124756
71022	mcp2k	0.012287735939025879	1	1	1	0	0.012287735939025879	0.02289891242980957	1	1	1	0	0.02289891242980957
71046	mcp1k	0.006201505661010742	1	1	1	0	0.006201505661010742	0.013467967510223389	1	1	1	0	0.013467967510223389
71092	mcp2k	0.005388021469116211	0	0	0	-1	-9	0.010991334915161133	0	0	0	-1	-9
71178	mcp1k	0.0054860711097717285	0	0	0	-1	-9	0.010456979274749756	0	0	1	9	0.008891522884368896
71222	mcp1k	0.4654960036277771	1	1	1	0	0.4654960036277771	0.4341813325881958	1	1	1	0	0.4341813325881958
71266	mcp1k	0.002553880214691162	0	0	1	9	0.0008083581924438477	0.0078032612800598145	0	0	1	9	0.00591123104095459
71372	ncpi0	0.9999654293060303	1	1	1	0	0.9999654293060303	0.9999616742134094	1	1	1	0	0.9999616742134094
71640	mcp1k	0.005420207977294922	0	0	0	-1	-9	0.010390400886535645	0	0	0	-1	-9
71748	mcp2k	0.03477740287780762	1	1	1	0	0.03477740287780762	0.04559922218322754	1	1	1	0	0.04559922218322754
71778	mcp2k	0.006937503814697266	1	1	1	0	0.006937503814697266	0.01356494426727295	1	1	1	0	0.01356494426727295
71872	mcp2k	0.19336989521980286	1	1	1	0	0.19336989521980286	0.23366358876228333	1	1	1	0	0.23366358876228333
72055	mcp2k	0.9399346113204956	1	1	1	0	0.9399346113204956	0.9487711191177368	1	1	1	0	0.9487711191177368
72099	mcp2k	0.0053743720054626465	0	0	1	5	0.004533588886260986	0.010343670845031738	0	0	1	6	0.009644627571105957
72170	mcp2k	0.18555361032485962	1	1	1	0	0.18555361032485962	0.29278531670570374	1	1	1	0	0.29278531670570374
72174	mcp2k	0.04263538122177124	1	1	1	0	0.04263538122177124	0.053568124771118164	1	1	1	0	0.053568124771118164
72256	mcp1k	0.005470097064971924	0	0	1	8	0.0008335113525390625	0.010440945625305176	0	0	1	5	0.006634950637817383
72586	mcp1k	0.08854418992996216	0	0	0	-1	-9	0.1044740080833435	0	0	0	-1	-9
72742	mcp2k	0.005290806293487549	0	0	1	6	0.0006519556045532227	0.010257899761199951	0	0	1	6	0.0056648850440979
72759	mcp2k	0.43278998136520386	0	1	1	1	0.329026997089386	0.45870304107666016	0	1	1	1	0.4493139386177063
72840	mcp2k	0.2359791398048401	1	1	1	0	0.2359791398048401	0.28171953558921814	1	1	1	0	0.28171953558921814
72940	mcp2k	0.9027149677276611	1	1	1	0	0.9027149677276611	0.9177970290184021	1	1	1	0	0.9177970290184021
73004	mcp1k	0.04940265417098999	1	1	1	0	0.04940265417098999	0.0609707236289978	1	1	1	0	0.0609707236289978
73336	mcp2k	0.6012693643569946	1	1	1	0	0.6012693643569946	0.6902366280555725	1	1	1	0	0.6902366280555725
73412	mcp2k	0.011011183261871338	0	1	1	1	0.009508311748504639	0.020550847053527832	0	1	1	1	0.018137693405151367
73688	mcp2k	0.7023329734802246	0	0	0	-1	-9	0.6774328947067261	0	0	0	-1	-9
73698	mcp2k	0.181086003780365	1	1	1	0	0.181086003780365	0.2064310908317566	1	1	1	0	0.2064310908317566
73838	mcp2k	0.48816922307014465	1	1	1	0	0.48816922307014465	0.4850652813911438	1	1	1	0	0.4850652813911438
74146	mcp2k	0.09746825695037842	0	0	0	-1	-9	0.13046109676361084	0	0	0	-1	-9
74270	mcp2k	0.00532764196395874	0	1	1	3	0.0027907490730285645	0.0102958083152771	0	1	1	3	0.00784987211227417
74326	mcp2k	1.0	1	1	1	0	1.0	1.0	1	1	1	0	1.0
74336	mcp2k	0.09773409366607666	1	1	1	0	0.09773409366607666	0.1255251169204712	1	1	1	0	0.1255251169204712
74380	mcp2k	0.005070924758911133	0	1	1	3	0.0029861927032470703	0.010041475296020508	0	1	1	3	0.00806349515914917
74544	nuecc48	0.9505849480628967	1	1	1	0	0.9505849480628967	0.9574408531188965	1	1	1	0	0.9574408531188965
75040	mcp2k	0.0043929219245910645	1	1	1	0	0.0043929219245910645	0.009562313556671143	1	1	1	0	0.009562313556671143
75135	mcp2k	0.7609992623329163	1	1	1	0	0.7609992623329163	0.7692385911941528	1	1	1	0	0.7692385911941528
75206	mcp2k	0.9945297837257385	1	1	1	0	0.9945297837257385	0.992432177066803	1	1	1	0	0.992432177066803
75316	mcp2k	0.005356431007385254	0	0	0	-1	-9	0.010369420051574707	0	0	0	-1	-9
75377	mcp2k	0.9623154997825623	1	1	1	0	0.9623154997825623	0.9664881229400635	1	1	1	0	0.9664881229400635
75554	mcp2k	0.005469918251037598	0	0	0	-1	-9	0.01044076681137085	0	0	0	-1	-9
75678	mcp2k	0.005439698696136475	0	0	1	5	0.002986907958984375	0.010410308837890625	0	0	1	6	0.007934808731079102
75700	mcp2k	0.9423618912696838	1	1	1	0	0.9423618912696838	0.9345478415489197	1	1	1	0	0.9345478415489197
75729	mcp2k	0.011840462684631348	0	0	0	-1	-9	0.018473267555236816	0	0	0	-1	-9
75862	mcp2k	0.6499677896499634	1	1	1	0	0.6499677896499634	0.6602916717529297	1	1	1	0	0.6602916717529297
75954	mcp2k	0.04814565181732178	1	1	1	0	0.04814565181732178	0.06201648712158203	1	1	1	0	0.06201648712158203
76038	mcp2k	0.8504924178123474	1	1	1	0	0.8504924178123474	0.8530392646789551	1	1	1	0	0.8530392646789551
76059	mcp2k	0.044906795024871826	1	1	1	0	0.044906795024871826	0.060831308364868164	1	1	1	0	0.060831308364868164
76250	mcp2k	0.35446131229400635	1	1	1	0	0.35446131229400635	0.39498043060302734	1	1	1	0	0.39498043060302734
76280	mcp2k	0.049320876598358154	1	1	1	0	0.049320876598358154	0.05925321578979492	1	1	1	0	0.05925321578979492
76346	mcp2k	0.005506694316864014	0	0	1	5	0.004122138023376465	0.01059657335281372	0	1	1	4	0.009304821491241455
76350	mcp2k	0.0061637163162231445	0	0	0	-1	-9	0.01145869493484497	0	0	0	-1	-9
76866	mcp2k	0.004738807678222656	0	0	0	-1	-9	0.009888112545013428	0	0	0	-1	-9
76888	mcp2k	0.9230608940124512	1	1	1	0	0.9230608940124512	0.9259740114212036	1	1	1	0	0.9259740114212036
76998	mcp2k	0.005390524864196777	0	0	0	-1	-9	0.01036006212234497	0	0	0	-1	-9
77328	mcp2k	0.47985145449638367	1	1	1	0	0.47985145449638367	0.5149272680282593	1	1	1	0	0.5149272680282593
77702	mcp2k	0.07130980491638184	1	1	1	0	0.07130980491638184	0.09316080808639526	1	1	1	0	0.09316080808639526
77846	mcp2k	0.05956953763961792	1	1	1	0	0.05956953763961792	0.07578229904174805	1	1	1	0	0.07578229904174805
77878	mcp2k	0.9983176589012146	0	0	1	7	0.8667765855789185	0.9979669451713562	0	0	1	7	0.8656191825866699
77978	mcp2k	0.7225674390792847	1	1	1	0	0.7225674390792847	0.7484277486801147	1	1	1	0	0.7484277486801147
78242	mcp2k	0.9370269775390625	1	1	1	0	0.9370269775390625	0.9477864503860474	1	1	1	0	0.9477864503860474
79491	mcp2k	0.8549070358276367	1	1	1	0	0.8549070358276367	0.8681036233901978	1	1	1	0	0.8681036233901978
79616	mcp2k	0.004682064056396484	0	1	1	1	0.003968238830566406	0.009772241115570068	0	1	1	2	0.008936703205108643
81420	mcp2k	0.997749924659729	1	1	1	0	0.997749924659729	0.9985917806625366	1	1	1	0	0.9985917806625366
81597	nuecc48	0.9999747276306152	1	1	1	0	0.9999747276306152	0.999954879283905	1	1	1	0	0.999954879283905
84229	ncpi0	0.015535950660705566	0	1	1	2	0.006948709487915039	0.020114600658416748	0	1	1	2	0.013842225074768066
90055	nuecc48	0.9710356593132019	1	1	1	0	0.9710356593132019	0.9664251208305359	1	1	1	0	0.9664251208305359
90135	mcp2k	0.005409359931945801	0	0	0	-1	-9	0.010379314422607422	0	0	0	-1	-9
90179	mcp2k	0.005347609519958496	0	0	0	-1	-9	0.010316133499145508	0	0	0	-1	-9
91235	mcp2k	0.6449920535087585	1	1	1	0	0.6449920535087585	0.6352880597114563	1	1	1	0	0.6352880597114563
91367	mcp2k	0.46344271302223206	1	1	1	0	0.46344271302223206	0.5145210027694702	1	1	1	0	0.5145210027694702
91697	mcp2k	0.8421867489814758	1	1	1	0	0.8421867489814758	0.8720519542694092	1	1	1	0	0.8720519542694092
91917	mcp2k	0.3610626459121704	1	1	1	0	0.3610626459121704	0.4049489498138428	1	1	1	0	0.4049489498138428
92134	mcp2k	0.045049071311950684	1	1	1	0	0.045049071311950684	0.05996906757354736	1	1	1	0	0.05996906757354736
92225	mcp2k	0.05151301622390747	0	0	0	-1	-9	0.07280576229095459	0	0	0	-1	-9
92904	mcp2k	0.005238652229309082	0	0	0	-1	-9	0.010213136672973633	0	0	0	-1	-9
92992	mcp2k	0.010415077209472656	0	0	0	-1	-9	0.016649246215820312	0	0	0	-1	-9
93105	mcp2k	0.17449945211410522	1	1	1	0	0.17449945211410522	0.17753082513809204	1	1	1	0	0.17753082513809204
93545	mcp2k	0.005215466022491455	0	1	1	4	0.0012973546981811523	0.010580897331237793	0	1	1	4	0.006546974182128906
93677	mcp2k	0.04215151071548462	1	1	1	0	0.04215151071548462	0.06163984537124634	1	1	1	0	0.06163984537124634
93696	mcp2k	0.6030294895172119	1	1	1	0	0.6030294895172119	0.5960389971733093	1	1	1	0	0.5960389971733093
93776	mcp2k	0.005450427532196045	0	1	1	3	0.004976093769073486	0.0104522705078125	1	1	1	0	0.0104522705078125
94224	mcp2k	0.8123207688331604	1	1	1	0	0.8123207688331604	0.820163369178772	1	1	1	0	0.820163369178772
94293	mcp2k	0.1461883783340454	1	1	1	0	0.1461883783340454	0.17531311511993408	1	1	1	0	0.17531311511993408
94392	mcp2k	0.40412193536758423	1	1	1	0	0.40412193536758423	0.42817574739456177	1	1	1	0	0.42817574739456177
94546	mcp2k	0.007475078105926514	0	0	0	-1	-9	0.013000071048736572	0	0	0	-1	-9
94678	mcp2k	0.06747186183929443	1	1	1	0	0.06747186183929443	0.07757341861724854	1	1	1	0	0.07757341861724854
94942	mcp2k	0.9999861121177673	0	0	1	6	0.3755050301551819	0.9999722242355347	0	0	1	7	0.4154469966888428
95074	mcp2k	0.07392585277557373	1	1	1	0	0.07392585277557373	0.08099442720413208	1	1	1	0	0.08099442720413208
95170	mcp2k	0.012370109558105469	0	0	0	-1	-9	0.01904839277267456	0	0	0	-1	-9
95405	mcp2k	0.37677913904190063	1	1	1	0	0.37677913904190063	0.3942517042160034	1	1	1	0	0.3942517042160034
95412	mcp2k	0.9993302226066589	0	1	1	1	0.15275228023529053	0.9997720718383789	0	1	1	1	0.19837206602096558
95690	mcp2k	0.02263796329498291	1	1	1	0	0.02263796329498291	0.03264278173446655	1	1	1	0	0.03264278173446655
95899	mcp2k	0.024181604385375977	0	1	1	2	0.017018616199493408	0.038870811462402344	0	1	1	2	0.029289186000823975
96306	mcp2k	0.1486215591430664	1	1	1	0	0.1486215591430664	0.18262505531311035	1	1	1	0	0.18262505531311035
96383	mcp2k	0.005444049835205078	0	0	0	-1	-9	0.010414719581604004	0	0	0	-1	-9
97062	mcp2k	0.007181704044342041	0	1	1	4	0.0033235549926757812	0.012341558933258057	0	1	1	4	0.008498549461364746
97084	mcp2k	0.005724430084228516	0	0	0	-1	-9	0.01088649034500122	0	0	0	-1	-9
97231	mcp2k	0.005378305912017822	0	0	0	-1	-9	0.01034766435623169	0	0	0	-1	-9
97260	mcp2k	0.009299933910369873	1	1	1	0	0.009299933910369873	0.01662963628768921	1	1	1	0	0.01662963628768921
98294	mcp2k	0.026631712913513184	0	0	0	-1	-9	0.033707618713378906	0	0	0	-1	-9
98338	mcp2k	0.0054572224617004395	0	1	1	3	0.003578007221221924	0.010428071022033691	0	1	1	3	0.008670151233673096
98353	mcp2k	0.005471348762512207	0	0	0	-1	-9	0.010442137718200684	0	0	0	-1	-9
98470	mcp2k	0.9866859912872314	1	1	1	0	0.9866859912872314	0.9887190461158752	1	1	1	0	0.9887190461158752
98704	mcp2k	0.0021358132362365723	0	1	1	3	0.000467836856842041	0.00744318962097168	0	1	1	1	0.005525708198547363
98778	mcp2k	0.9999992847442627	1	1	1	0	0.9999992847442627	0.9999988675117493	1	1	1	0	0.9999988675117493
98844	mcp2k	0.2793729305267334	1	1	1	0	0.2793729305267334	0.3163178563117981	1	1	1	0	0.3163178563117981
98947	mcp2k	0.9834024310112	1	1	1	0	0.9834024310112	0.9873348474502563	1	1	1	0	0.9873348474502563
99035	mcp2k	0.004869341850280762	0	1	1	3	0.003704249858856201	0.01007235050201416	0	1	1	4	0.008836090564727783
99232	mcp2k	0.014374971389770508	1	1	1	0	0.014374971389770508	0.025550544261932373	1	1	1	0	0.025550544261932373
99716	mcp2k	0.9989849925041199	1	1	1	0	0.9989849925041199	0.9989006519317627	1	1	1	0	0.9989006519317627
99782	mcp2k	0.9951043128967285	1	1	1	0	0.9951043128967285	0.9961928129196167	1	1	1	0	0.9961928129196167
99838	mcp2k	0.3254808783531189	1	1	1	0	0.3254808783531189	0.4031680226325989	1	1	1	0	0.4031680226325989
99959	mcp2k	0.001073300838470459	0	1	1	2	0.00025475025177001953	0.006139397621154785	0	1	1	2	0.004807114601135254
99966	mcp2k	0.005284667015075684	0	1	1	4	0.0029044151306152344	0.010251641273498535	0	1	1	3	0.008363783359527588
100135	mcp2k	0.8237043619155884	1	1	1	0	0.8237043619155884	0.8410813808441162	1	1	1	0	0.8410813808441162
100222	mcp2k	0.7508278489112854	1	1	1	0	0.7508278489112854	0.7533999681472778	1	1	1	0	0.7533999681472778
100245	mcp2k	0.5642409920692444	1	1	1	0	0.5642409920692444	0.5753636360168457	1	1	1	0	0.5753636360168457
100322	mcp2k	0.0033558011054992676	0	1	1	1	0.003194451332092285	0.008507490158081055	1	1	1	0	0.008507490158081055
100420	mcp2k	0.005426287651062012	0	0	1	5	0.003791511058807373	0.01039654016494751	0	0	1	5	0.008916974067687988
100421	mcp2k	0.007735133171081543	1	1	1	0	0.007735133171081543	0.015212416648864746	1	1	1	0	0.015212416648864746
100564	mcp2k	0.9829887747764587	1	1	1	0	0.9829887747764587	0.9877147078514099	1	1	1	0	0.9877147078514099
101004	mcp2k	0.004516780376434326	1	1	1	0	0.004516780376434326	0.00946962833404541	1	1	1	0	0.00946962833404541
101224	mcp2k	0.005439698696136475	0	0	0	-1	-9	0.01041024923324585	0	0	0	-1	-9
101454	mcp2k	0.005478620529174805	0	0	0	-1	-9	0.010449469089508057	0	0	0	-1	-9
101498	mcp2k	0.009032845497131348	0	0	0	-1	-9	0.011931538581848145	0	0	0	-1	-9
101554	mcp2k	0.6023950576782227	1	1	1	0	0.6023950576782227	0.6352726817131042	1	1	1	0	0.6352726817131042
101675	mcp2k	0.9958664178848267	1	1	1	0	0.9958664178848267	0.9954345226287842	1	1	1	0	0.9954345226287842
102247	mcp2k	0.005359292030334473	0	1	1	1	0.003915607929229736	0.010328054428100586	0	1	1	1	0.009009897708892822
102841	mcp2k	0.01343083381652832	1	1	1	0	0.01343083381652832	0.02133411169052124	1	1	1	0	0.02133411169052124
103204	mcp2k	0.8290081024169922	1	1	1	0	0.8290081024169922	0.8300899267196655	1	1	1	0	0.8300899267196655
103391	mcp2k	0.005482792854309082	0	0	0	-1	-9	0.01045370101928711	0	0	0	-1	-9
103798	mcp2k	0.005802929401397705	0	0	0	-1	-9	0.011252343654632568	0	0	0	-1	-9
103952	mcp2k	0.09525185823440552	0	0	0	-1	-9	0.11638975143432617	0	0	0	-1	-9
104216	mcp2k	0.8612543344497681	1	1	1	0	0.8612543344497681	0.8730942606925964	1	1	1	0	0.8730942606925964
104260	mcp2k	0.007760167121887207	1	1	1	0	0.007760167121887207	0.014316976070404053	1	1	1	0	0.014316976070404053
104304	mcp2k	0.0298006534576416	1	1	1	0	0.0298006534576416	0.04540735483169556	1	1	1	0	0.04540735483169556
104920	mcp2k	0.054696083068847656	1	1	1	0	0.054696083068847656	0.08490884304046631	1	1	1	0	0.08490884304046631
105140	mcp2k	0.005406975746154785	0	1	1	3	0.0036025643348693848	0.01037687063217163	0	1	1	3	0.008682966232299805
105316	mcp2k	0.17863595485687256	1	1	1	0	0.17863595485687256	0.317085325717926	1	1	1	0	0.317085325717926
105426	mcp2k	0.00195235013961792	1	1	1	0	0.00195235013961792	0.007225394248962402	1	1	1	0	0.007225394248962402
105492	mcp2k	0.00540316104888916	0	0	0	-1	-9	0.01037299633026123	0	0	0	-1	-9
105946	ncpi0	0.16887032985687256	1	1	1	0	0.16887032985687256	0.18559876084327698	1	1	1	0	0.18559876084327698
111412	nuecc48	0.009379565715789795	0	0	0	-1	-9	0.015127301216125488	0	0	0	-1	-9
114446	ncpi0	0.0053171515464782715	0	0	0	-1	-9	0.010284960269927979	0	0	0	-1	-9
122660	nuecc48	0.9997704029083252	0	1	1	1	0.8097544312477112	0.9996700286865234	0	1	1	1	0.8431158065795898
131357	nuecc48	0.9253593683242798	1	1	1	0	0.9253593683242798	0.9370520710945129	1	1	1	0	0.9370520710945129
137238	nuecc48	0.20969367027282715	1	1	1	0	0.20969367027282715	0.2251853048801422	1	1	1	0	0.2251853048801422
138009	nuecc48	0.573090136051178	1	1	1	0	0.573090136051178	0.6137232780456543	1	1	1	0	0.6137232780456543
142421	ncpi0	1.0	1	1	1	0	1.0	1.0	1	1	1	0	1.0
156093	mcp2k	0.10201859474182129	1	1	1	0	0.10201859474182129	0.10915881395339966	1	1	1	0	0.10915881395339966
157281	mcp2k	0.0045198798179626465	0	0	1	7	0.003430187702178955	0.0096016526222229	0	0	1	7	0.00848078727722168
158227	mcp2k	0.01148766279220581	1	1	1	0	0.01148766279220581	0.016315162181854248	1	1	1	0	0.016315162181854248
159569	mcp2k	0.8482940793037415	1	1	1	0	0.8482940793037415	0.8809312582015991	1	1	1	0	0.8809312582015991
161043	mcp2k	0.0054610371589660645	0	0	0	-1	-9	0.01060330867767334	0	0	0	-1	-9
162143	mcp2k	0.48019328713417053	1	1	1	0	0.48019328713417053	0.49503293633461	1	1	1	0	0.49503293633461
163309	mcp2k	0.01818084716796875	1	1	1	0	0.01818084716796875	0.02846163511276245	1	1	1	0	0.02846163511276245
163543	nuecc48	0.021732330322265625	0	0	0	-1	-9	0.028042733669281006	0	0	0	-1	-9
163771	mcp2k	0.005369603633880615	0	1	1	3	0.003841400146484375	0.010338783264160156	0	1	1	4	0.00894254446029663
164475	mcp2k	0.9545984268188477	1	1	1	0	0.9545984268188477	0.958979070186615	1	1	1	0	0.958979070186615
165544	mcp2k	0.0054547786712646484	0	0	0	-1	-9	0.010425567626953125	0	0	0	-1	-9
165767	mcp2k	0.08703505992889404	0	0	0	-1	-9	0.11520224809646606	0	0	0	-1	-9
166006	mcp2k	0.9455669522285461	1	1	1	0	0.9455669522285461	0.9548954367637634	1	1	1	0	0.9548954367637634
166050	mcp2k	0.005459189414978027	0	0	0	-1	-9	0.010456681251525879	0	0	0	-1	-9
166295	mcp2k	0.011501789093017578	0	0	0	-1	-9	0.017205893993377686	0	0	0	-1	-9
166738	mcp1k	0.7980029582977295	1	1	1	0	0.7980029582977295	0.784582257270813	1	1	1	0	0.784582257270813
166804	mcp1k	0.005404233932495117	0	0	1	6	0.00025475025177001953	0.010374069213867188	0	0	1	6	0.005191683769226074
166870	mcp1k	0.005281984806060791	0	0	0	-1	-9	0.010249018669128418	0	0	0	-1	-9
166996	mcp2k	0.005470454692840576	0	0	1	5	0.004247605800628662	0.010441243648529053	0	0	1	5	0.009331166744232178
167112	mcp1k	0.8889678716659546	1	1	1	0	0.8889678716659546	0.9113253355026245	1	1	1	0	0.9113253355026245
167351	mcp2k	0.005961358547210693	0	0	0	-1	-9	0.01132732629776001	0	0	0	-1	-9
167684	mcp1k	0.0032251477241516113	1	1	1	0	0.0032251477241516113	0.008389830589294434	1	1	1	0	0.008389830589294434
167744	mcp2k	0.005576133728027344	0	0	0	-1	-9	0.010622918605804443	0	0	0	-1	-9
168209	mcp2k	1.0	1	1	1	0	1.0	1.0	1	1	1	0	1.0
168432	mcp1k	0.006200075149536133	0	0	0	-1	-9	0.011374890804290771	0	0	0	-1	-9
168448	mcp2k	0.7682374715805054	1	1	1	0	0.7682374715805054	0.7563689947128296	1	1	1	0	0.7563689947128296
168526	mcp1k	1.0	1	1	1	0	1.0	1.0	1	1	1	0	1.0
168596	nuecc48	0.9999675154685974	1	1	1	0	0.9999675154685974	0.999950647354126	1	1	1	0	0.999950647354126
168614	mcp1k	0.005427896976470947	0	1	1	2	0.004306375980377197	0.010398268699645996	0	1	1	2	0.009512126445770264
168658	mcp1k	0.005383551120758057	0	0	1	6	0.003922641277313232	0.0103529691696167	0	0	1	7	0.008929908275604248
168869	mcp2k	0.005504965782165527	0	0	0	-1	-9	0.01047605276107788	0	0	0	-1	-9
169067	mcp2k	0.06957453489303589	1	1	1	0	0.06957453489303589	0.0831763744354248	1	1	1	0	0.0831763744354248
169152	mcp2k	0.29107335209846497	0	0	0	-1	-9	0.35837748646736145	0	0	0	-1	-9
169221	mcp2k	0.022755146026611328	1	1	1	0	0.022755146026611328	0.03459930419921875	1	1	1	0	0.03459930419921875
169240	mcp2k	0.004336535930633545	0	1	1	1	0.004189014434814453	0.009393095970153809	0	1	1	1	0.009282231330871582
169356	mcp1k	0.9954258799552917	1	1	1	0	0.9954258799552917	0.9966487288475037	1	1	1	0	0.9966487288475037
169488	mcp1k	0.01603555679321289	1	1	1	0	0.01603555679321289	0.017873406410217285	0	1	1	1	0.016880273818969727
169598	mcp1k	0.005272865295410156	0	1	1	2	0.00487905740737915	0.010239779949188232	0	1	1	2	0.009941458702087402
169620	mcp1k	1.0	1	1	1	0	1.0	1.0	1	1	1	0	1.0
169626	mcp1k	0.005476593971252441	0	0	1	9	0.0047664642333984375	0.010447442531585693	0	0	1	9	0.010030090808868408
169658	mcp2k	0.8563451766967773	1	1	1	0	0.8563451766967773	0.8596405982971191	1	1	1	0	0.8596405982971191
169724	mcp2k	0.005563318729400635	0	0	1	6	0.003709077835083008	0.01076364517211914	0	0	1	6	0.009410381317138672
169774	mcp1k	0.0053539276123046875	0	0	1	7	0.0033516883850097656	0.010322630405426025	0	0	1	7	0.008507847785949707
169793	mcp2k	0.9912405610084534	1	1	1	0	0.9912405610084534	0.9901481866836548	1	1	1	0	0.9901481866836548
169824	mcp1k	0.20923060178756714	1	1	1	0	0.20923060178756714	0.2787545323371887	1	1	1	0	0.2787545323371887
169846	mcp1k	0.005373656749725342	0	0	0	-1	-9	0.010342955589294434	0	0	0	-1	-9
169890	mcp1k	0.044336557388305664	1	1	1	0	0.044336557388305664	0.051499903202056885	1	1	1	0	0.051499903202056885
170076	mcp2k	0.00734102725982666	1	1	1	0	0.00734102725982666	0.013705253601074219	1	1	1	0	0.013705253601074219
170098	mcp2k	0.9685863852500916	1	1	1	0	0.9685863852500916	0.9686447381973267	1	1	1	0	0.9686447381973267
170274	mcp2k	0.00540846586227417	0	0	0	-1	-9	0.010378360748291016	0	0	0	-1	-9
170326	mcp2k	0.018894672393798828	0	0	0	-1	-9	0.024538099765777588	0	0	0	-1	-9
170365	mcp2k	0.2564721405506134	1	1	1	0	0.2564721405506134	0.37769997119903564	1	1	1	0	0.37769997119903564
170428	mcp2k	0.14676225185394287	1	1	1	0	0.14676225185394287	0.20049989223480225	1	1	1	0	0.20049989223480225
170585	mcp2k	0.03565496206283569	1	1	1	0	0.03565496206283569	0.046709299087524414	1	1	1	0	0.046709299087524414
170761	mcp2k	0.9971765279769897	1	1	1	0	0.9971765279769897	0.998542308807373	1	1	1	0	0.998542308807373
170808	mcp1k	0.010640144348144531	1	1	1	0	0.010640144348144531	0.01920938491821289	1	1	1	0	0.01920938491821289
170814	mcp1k	0.0048670172691345215	0	1	1	3	0.004712164402008057	0.009989619255065918	0	1	1	4	0.009793102741241455
170880	mcp1k	0.005392313003540039	0	0	0	-1	-9	0.010361909866333008	0	0	0	-1	-9
170924	mcp1k	0.005542337894439697	1	1	1	0	0.005542337894439697	0.011557817459106445	1	1	1	0	0.011557817459106445
171143	mcp2k	0.7527744770050049	1	1	1	0	0.7527744770050049	0.76454097032547	1	1	1	0	0.76454097032547
171352	mcp2k	1.0	1	1	1	0	1.0	1.0	1	1	1	0	1.0
171358	mcp1k	0.0061702728271484375	0	1	1	1	0.005329012870788574	0.010859668254852295	0	1	1	1	0.010606110095977783
171528	mcp2k	0.0054166316986083984	0	1	1	3	0.005008280277252197	0.010386765003204346	0	1	1	3	0.009977161884307861
171572	mcp2k	0.7659989595413208	1	1	1	0	0.7659989595413208	0.7417356967926025	1	1	1	0	0.7417356967926025
171600	mcp1k	0.005482017993927002	0	0	0	-1	-9	0.010452985763549805	0	0	0	-1	-9
171729	mcp2k	0.9951369166374207	1	1	1	0	0.9951369166374207	0.9944555163383484	1	1	1	0	0.9944555163383484
171866	mcp2k	0.984972357749939	1	1	1	0	0.984972357749939	0.9819307327270508	1	1	1	0	0.9819307327270508
171892	mcp1k	0.0054610371589660645	0	1	1	2	0.00270998477935791	0.010432004928588867	0	1	1	2	0.0076462626457214355
172020	mcp2k	0.13441264629364014	1	1	1	0	0.13441264629364014	0.20169860124588013	1	1	1	0	0.20169860124588013
172090	mcp1k	0.0049741268157958984	1	1	1	0	0.0049741268157958984	0.010104477405548096	1	1	1	0	0.010104477405548096
172177	mcp2k	0.00874185562133789	0	1	1	1	0.006750345230102539	0.014110147953033447	0	1	1	1	0.011227548122406006
172230	nuecc48	0.8333885073661804	1	1	1	0	0.8333885073661804	0.8243630528450012	1	1	1	0	0.8243630528450012
172266	mcp1k	0.00938183069229126	0	0	1	8	0.0051413774490356445	0.015824198722839355	0	1	1	1	0.011857569217681885
172344	mcp2k	1.0	1	1	1	0	1.0	1.0	1	1	1	0	1.0
172617	mcp2k	0.707331657409668	1	1	1	0	0.707331657409668	0.694743812084198	1	1	1	0	0.694743812084198
172656	mcp1k	0.0055558085441589355	0	0	0	-1	-9	0.010661959648132324	0	0	0	-1	-9
172762	mcp2k	0.004874706268310547	1	1	1	0	0.004874706268310547	0.01007223129272461	1	1	1	0	0.01007223129272461
172788	mcp1k	0.0051724910736083984	0	1	1	3	0.004692375659942627	0.010202884674072266	0	1	1	2	0.00992119312286377
172794	mcp1k	0.40137356519699097	1	1	1	0	0.40137356519699097	0.45648396015167236	1	1	1	0	0.45648396015167236
172850	mcp2k	0.8147251009941101	1	1	1	0	0.8147251009941101	0.8220824003219604	1	1	1	0	0.8220824003219604
172942	mcp1k	0.0054711103439331055	0	0	0	-1	-9	0.010441899299621582	0	0	0	-1	-9
173049	mcp2k	0.0054972171783447266	1	1	1	0	0.0054972171783447266	0.012799620628356934	1	1	1	0	0.012799620628356934
173058	mcp1k	0.005462169647216797	0	0	0	-1	-9	0.010433077812194824	0	0	0	-1	-9
173093	mcp2k	0.0054389238357543945	0	0	0	-1	-9	0.01040947437286377	0	0	0	-1	-9
173108	mcp2k	0.07904607057571411	1	1	1	0	0.07904607057571411	0.11433166265487671	1	1	1	0	0.11433166265487671
173146	mcp1k	0.890938937664032	1	1	1	0	0.890938937664032	0.8880873918533325	1	1	1	0	0.8880873918533325
173234	mcp1k	0.005472064018249512	0	1	1	2	0.0051152706146240234	0.010442912578582764	0	1	1	2	0.01008760929107666
173340	mcp2k	0.018688738346099854	1	1	1	0	0.018688738346099854	0.02861696481704712	1	1	1	0	0.02861696481704712
173498	mcp1k	1.0	1	1	1	0	1.0	1.0	1	1	1	0	1.0
173585	mcp2k	0.005469143390655518	0	0	1	9	0.0021116137504577637	0.010439872741699219	0	0	0	-1	-9
173620	mcp2k	0.006421923637390137	0	0	0	-1	-9	0.011886894702911377	0	0	0	-1	-9
173819	mcp2k	0.9480867385864258	1	1	1	0	0.9480867385864258	0.9833161234855652	1	1	1	0	0.9833161234855652
173912	mcp2k	0.01154094934463501	0	0	0	-1	-9	0.01719421148300171	0	0	1	5	0.009705781936645508
174114	mcp1k	0.005480051040649414	0	0	0	-1	-9	0.010450899600982666	0	0	1	7	0.007902324199676514
174224	mcp1k	0.5482778549194336	1	1	1	0	0.5482778549194336	0.580775260925293	1	1	1	0	0.580775260925293
174311	mcp2k	0.014937758445739746	0	1	1	2	0.005152463912963867	0.02075403928756714	0	1	1	1	0.013475298881530762
174352	mcp2k	0.005772233009338379	0	0	1	7	0.004099726676940918	0.010845839977264404	0	0	1	5	0.00947558879852295
174576	mcp1k	0.005297720432281494	0	0	1	9	0.003898799419403076	0.010264754295349121	0	0	1	9	0.008987903594970703
174637	nuecc48	0.997495710849762	1	1	1	0	0.997495710849762	0.9985907077789307	1	1	1	0	0.9985907077789307
174661	mcp2k	0.8416417837142944	1	1	1	0	0.8416417837142944	0.8409972786903381	1	1	1	0	0.8409972786903381
174752	mcp1k	0.0053781867027282715	0	0	0	-1	-9	0.010347485542297363	0	0	0	-1	-9
174771	mcp2k	0.9579690098762512	0	1	1	2	0.9104923009872437	0.965027391910553	0	1	1	2	0.9198641777038574
174795	mcp2k	0.005337655544281006	0	1	1	1	0.00464552640914917	0.010305941104888916	0	1	1	1	0.00997251272201538
174896	mcp2k	0.013383865356445312	1	1	1	0	0.013383865356445312	0.023504912853240967	1	1	1	0	0.023504912853240967
174928	mcp1k	0.9476503729820251	1	1	1	0	0.9476503729820251	0.9455512762069702	1	1	1	0	0.9455512762069702
174993	mcp2k	0.005438506603240967	0	1	1	1	0.004122257232666016	0.010576069355010986	0	1	1	1	0.009247422218322754
175016	mcp1k	0.017130613327026367	1	1	1	0	0.017130613327026367	0.019570648670196533	1	1	1	0	0.019570648670196533
175057	mcp2k	0.9999924898147583	1	1	1	0	0.9999924898147583	0.9999967813491821	1	1	1	0	0.9999967813491821
175094	mcp2k	0.005481243133544922	0	0	1	5	0.004346072673797607	0.010569214820861816	0	0	1	5	0.009460806846618652
175117	mcp2k	0.008145630359649658	1	1	1	0	0.008145630359649658	0.013251960277557373	1	1	1	0	0.013251960277557373
175808	mcp1k	0.015961885452270508	1	1	1	0	0.015961885452270508	0.032386720180511475	1	1	1	0	0.032386720180511475
175814	mcp2k	0.9917669296264648	1	1	1	0	0.9917669296264648	0.993522584438324	1	1	1	0	0.993522584438324
175896	mcp1k	0.00984722375869751	1	1	1	0	0.00984722375869751	0.016958177089691162	1	1	1	0	0.016958177089691162
175952	mcp2k	0.9671268463134766	1	1	1	0	0.9671268463134766	0.9763209223747253	1	1	1	0	0.9763209223747253
176150	mcp2k	0.9792885184288025	1	1	1	0	0.9792885184288025	0.9769924879074097	1	1	1	0	0.9769924879074097
176502	mcp2k	0.43547970056533813	0	0	0	-1	-9	0.44752103090286255	0	0	0	-1	-9
176533	mcp2k	0.10445016622543335	1	1	1	0	0.10445016622543335	0.13298243284225464	1	1	1	0	0.13298243284225464
176810	mcp2k	0.0030219554901123047	1	1	1	0	0.0030219554901123047	0.008249223232269287	1	1	1	0	0.008249223232269287
176948	mcp2k	0.04648947715759277	1	1	1	0	0.04648947715759277	0.057231783866882324	1	1	1	0	0.057231783866882324
176986	mcp2k	0.00544583797454834	0	0	1	8	0.0047318339347839355	0.01041644811630249	0	0	1	9	0.009691119194030762
177068	mcp2k	0.005376875400543213	0	0	0	-1	-9	0.010396718978881836	0	0	0	-1	-9
177149	mcp2k	0.11457383632659912	1	1	1	0	0.11457383632659912	0.15922921895980835	1	1	1	0	0.15922921895980835
177178	mcp2k	0.0028424859046936035	0	0	1	9	0.0017592310905456543	0.007840454578399658	0	0	0	-1	-9
177360	mcp2k	0.0034176111221313477	1	1	1	0	0.0034176111221313477	0.008779764175415039	1	1	1	0	0.008779764175415039
177521	mcp2k	0.0054482221603393555	0	0	0	-1	-9	0.010418951511383057	0	0	0	-1	-9
177536	mcp2k	0.9798934459686279	1	1	1	0	0.9798934459686279	0.9853944778442383	1	1	1	0	0.9853944778442383
177939	mcp2k	0.0025559663772583008	0	1	1	3	0.0020315051078796387	0.007494151592254639	0	1	1	1	0.007323324680328369
177961	mcp2k	0.005759000778198242	0	0	1	5	0.0023137927055358887	0.010731399059295654	0	0	1	5	0.007436573505401611
178225	mcp2k	0.005410313606262207	0	0	0	-1	-9	0.010380327701568604	0	0	0	-1	-9
178350	mcp2k	0.12176358699798584	1	1	1	0	0.12176358699798584	0.15781044960021973	1	1	1	0	0.15781044960021973
178388	mcp2k	0.005396246910095215	0	1	1	2	0.0039010047912597656	0.010365903377532959	0	1	1	1	0.009037673473358154
178535	mcp2k	0.0032625794410705566	0	0	1	6	0.0023099780082702637	0.0084342360496521	0	0	1	6	0.007293522357940674
178570	mcp2k	0.997403621673584	1	1	1	0	0.997403621673584	0.9979044795036316	1	1	1	0	0.9979044795036316
178645	mcp2k	0.004006862640380859	0	0	1	9	0.0029254555702209473	0.009189784526824951	0	0	1	8	0.008115708827972412
178865	mcp2k	0.003156602382659912	0	0	1	5	0.002283811569213867	0.008255243301391602	0	0	1	5	0.007344543933868408
178885	mcp2k	0.005462527275085449	0	0	0	-1	-9	0.010433495044708252	0	0	0	-1	-9
179048	mcp2k	0.005502581596374512	0	0	1	9	0.0028423666954040527	0.010473787784576416	0	0	0	-1	-9
179054	mcp2k	0.9999971985816956	1	1	1	0	0.9999971985816956	0.9999953508377075	1	1	1	0	0.9999953508377075
179246	mcp2k	0.01749342679977417	0	0	0	-1	-9	0.02413231134414673	0	0	0	-1	-9
179369	mcp2k	0.005557417869567871	0	0	0	-1	-9	0.010796964168548584	0	0	0	-1	-9
179604	mcp2k	0.04624748229980469	1	1	1	0	0.04624748229980469	0.05813789367675781	1	1	1	0	0.05813789367675781
179611	mcp2k	0.5241982936859131	1	1	1	0	0.5241982936859131	0.5345665216445923	1	1	1	0	0.5345665216445923
179752	mcp2k	0.9999502897262573	1	1	1	0	0.9999502897262573	0.9999772310256958	1	1	1	0	0.9999772310256958
179765	mcp2k	0.9973686933517456	1	1	1	0	0.9973686933517456	0.9983838200569153	1	1	1	0	0.9983838200569153
179897	mcp2k	0.024613380432128906	1	1	1	0	0.024613380432128906	0.03406870365142822	1	1	1	0	0.03406870365142822
179912	mcp2k	0.006645083427429199	0	1	1	1	0.005962729454040527	0.012169241905212402	0	1	1	1	0.01141512393951416
180117	mcp2k	0.7155037522315979	1	1	1	0	0.7155037522315979	0.7509499788284302	1	1	1	0	0.7509499788284302
180544	mcp2k	0.008412063121795654	0	0	0	-1	-9	0.013122498989105225	0	0	0	-1	-9
180645	mcp2k	0.5358564853668213	1	1	1	0	0.5358564853668213	0.5809475779533386	0	1	1	1	0.546015739440918
180698	mcp2k	0.005504965782165527	0	0	0	-1	-9	0.01047605276107788	0	0	0	-1	-9
180801	ncpi0	0.005896389484405518	0	1	1	1	0.005604088306427002	0.011518537998199463	1	1	1	0	0.011518537998199463
196649	nuecc48	0.8154485821723938	1	1	1	0	0.8154485821723938	0.7952594757080078	1	1	1	0	0.7952594757080078
214469	nuecc48	0.9245499968528748	1	1	1	0	0.9245499968528748	0.9127898216247559	1	1	1	0	0.9127898216247559
219295	nuecc48	0.9832984209060669	1	1	1	0	0.9832984209060669	0.9862119555473328	1	1	1	0	0.9862119555473328
234638	nuecc48	0.8620638847351074	1	1	1	0	0.8620638847351074	0.879253625869751	1	1	1	0	0.879253625869751
235435	nuecc48	0.010932087898254395	0	0	1	7	0.0041612982749938965	0.01569998264312744	0	0	1	6	0.009399473667144775
236610	mcp2k	0.0036385655403137207	1	1	1	0	0.0036385655403137207	0.008666932582855225	1	1	1	0	0.008666932582855225
237292	mcp2k	0.005504965782165527	0	0	0	-1	-9	0.010660171508789062	0	0	0	-1	-9
237446	mcp2k	0.01984691619873047	1	1	1	0	0.01984691619873047	0.02861112356185913	1	1	1	0	0.02861112356185913
237798	mcp2k	0.06790387630462646	1	1	1	0	0.06790387630462646	0.08162188529968262	1	1	1	0	0.08162188529968262
239794	nuecc48	0.9999997019767761	1	1	1	0	0.9999997019767761	0.9999998807907104	1	1	1	0	0.9999998807907104
240372	mcp2k	0.9625864028930664	1	1	1	0	0.9625864028930664	0.9757895469665527	1	1	1	0	0.9757895469665527
240636	mcp2k	1.0	1	1	1	0	1.0	1.0	1	1	1	0	1.0
241626	mcp2k	0.005343139171600342	0	1	1	3	0.003096282482147217	0.010311663150787354	0	1	1	3	0.008193612098693848
242000	mcp2k	0.04862016439437866	1	1	1	0	0.04862016439437866	0.059874117374420166	1	1	1	0	0.059874117374420166
242022	mcp2k	0.005468428134918213	0	0	0	-1	-9	0.010456204414367676	0	0	0	-1	-9
242484	mcp2k	0.005471348762512207	0	0	1	5	0.004185080528259277	0.010442137718200684	0	1	1	4	0.009376585483551025
242550	mcp2k	0.9844837784767151	1	1	1	0	0.9844837784767151	0.989209771156311	1	1	1	0	0.989209771156311
242726	mcp2k	0.4949875473976135	1	1	1	0	0.4949875473976135	0.5796297788619995	1	1	1	0	0.5796297788619995
242814	mcp2k	0.9904085397720337	1	1	1	0	0.9904085397720337	0.9863579273223877	1	1	1	0	0.9863579273223877
243628	mcp2k	0.005480766296386719	0	0	1	7	0.005115330219268799	0.010535717010498047	1	1	1	0	0.010535717010498047
246579	nuecc48	0.6577870845794678	1	1	1	0	0.6577870845794678	0.7161800265312195	1	1	1	0	0.7161800265312195
256587	nuecc48	0.9998317360877991	1	1	1	0	0.9998317360877991	0.9996501207351685	1	1	1	0	0.9996501207351685
259542	ncpi0	0.01077347993850708	0	0	0	-1	-9	0.017317116260528564	0	0	0	-1	-9
267597	nuecc48	0.9200356006622314	1	1	1	0	0.9200356006622314	0.9398816823959351	1	1	1	0	0.9398816823959351
268067	nuecc48	0.9088618159294128	0	1	1	2	0.3468492031097412	0.9348508715629578	0	1	1	2	0.3915223777294159
268784	nuecc48	0.9986861944198608	1	1	1	0	0.9986861944198608	0.9991907477378845	1	1	1	0	0.9991907477378845
269774	nuecc48	0.560603141784668	1	1	1	0	0.560603141784668	0.5818766355514526	1	1	1	0	0.5818766355514526
271851	nuecc48	0.09703904390335083	1	1	1	0	0.09703904390335083	0.11655670404434204	1	1	1	0	0.11655670404434204
275231	mcp2k	0.10994577407836914	1	1	1	0	0.10994577407836914	0.14332032203674316	1	1	1	0	0.14332032203674316
276836	mcp1k	0.005944728851318359	0	0	0	-1	-9	0.011119723320007324	0	0	0	-1	-9
277123	mcp2k	0.005367636680603027	0	0	1	5	0.0029198527336120605	0.010336577892303467	0	1	1	4	0.008184194564819336
277276	mcp1k	0.29656851291656494	1	1	1	0	0.29656851291656494	0.4290335476398468	1	1	1	0	0.4290335476398468
277298	mcp1k	0.9506362080574036	0	1	1	2	0.7573320269584656	0.9489734172821045	0	1	1	3	0.7473216652870178
278046	mcp1k	0.007833361625671387	0	0	1	7	0.003527820110321045	0.013310551643371582	0	0	1	7	0.008519113063812256
278266	mcp1k	0.005321681499481201	0	0	1	6	0.0011726021766662598	0.010289609432220459	0	0	1	6	0.00612485408782959
278509	mcp2k	0.00543588399887085	0	0	1	8	0.0028940439224243164	0.010406315326690674	0	0	1	8	0.0078125
278640	mcp1k	0.004868447780609131	1	1	1	0	0.004868447780609131	0.009881854057312012	1	1	1	0	0.009881854057312012
278684	mcp1k	0.005386650562286377	0	0	0	-1	-9	0.010356128215789795	0	0	0	-1	-9
278785	mcp1k	0.005646467208862305	1	1	1	0	0.005646467208862305	0.011373460292816162	1	1	1	0	0.011373460292816162
278794	mcp1k	0.005431652069091797	0	0	0	-1	-9	0.010535836219787598	0	0	0	-1	-9
279190	mcp1k	0.004951834678649902	0	0	1	6	0.00046515464782714844	0.009919822216033936	0	0	1	6	0.005575716495513916
279213	mcp2k	0.0053830742835998535	0	0	0	-1	-9	0.010352492332458496	0	0	0	-1	-9
279256	mcp1k	0.005478620529174805	0	1	1	3	0.005428194999694824	0.010862410068511963	1	1	1	0	0.010862410068511963
279445	mcp1k	0.8604927659034729	1	1	1	0	0.8604927659034729	0.8266223669052124	1	1	1	0	0.8266223669052124
279643	mcp1k	0.005442976951599121	0	0	0	-1	-9	0.010413587093353271	0	0	0	-1	-9
279955	mcp2k	0.005375802516937256	0	0	0	-1	-9	0.010345041751861572	0	0	0	-1	-9
279977	mcp2k	0.05386322736740112	1	1	1	0	0.05386322736740112	0.06416356563568115	1	1	1	0	0.06416356563568115
280017	mcp1k	0.005482137203216553	0	0	1	9	0.0035504698753356934	0.010452985763549805	0	0	1	9	0.0086517333984375
280159	mcp2k	0.7444959878921509	1	1	1	0	0.7444959878921509	0.7668691277503967	1	1	1	0	0.7668691277503967
280351	mcp2k	0.8927534818649292	1	1	1	0	0.8927534818649292	0.8731534481048584	1	1	1	0	0.8731534481048584
280598	mcp1k	1.0	1	1	1	0	1.0	1.0	1	1	1	0	1.0
280709	mcp2k	0.005358517169952393	0	0	0	-1	-9	0.010327279567718506	0	0	0	-1	-9
280752	mcp1k	0.005451679229736328	0	0	0	-1	-9	0.01042240858078003	0	0	0	-1	-9
280774	mcp1k	0.8666845560073853	0	0	0	-1	-9	0.871889054775238	0	0	0	-1	-9
280853	mcp1k	0.034516215324401855	1	1	1	0	0.034516215324401855	0.047722816467285156	1	1	1	0	0.047722816467285156
280945	mcp2k	0.005352616310119629	0	0	0	-1	-9	0.010321319103240967	0	0	0	-1	-9
280972	mcp1k	1.0	1	1	1	0	1.0	1.0	1	1	1	0	1.0
280994	mcp1k	0.005287230014801025	0	0	0	-1	-9	0.010254263877868652	0	0	0	-1	-9
281214	mcp1k	0.962256669998169	1	1	1	0	0.962256669998169	0.9540684223175049	1	1	1	0	0.9540684223175049
281485	mcp1k	0.00553739070892334	0	0	0	-1	-9	0.01056748628616333	0	0	0	-1	-9
281505	mcp1k	0.005421280860900879	0	1	1	4	0.004869699478149414	0.010391414165496826	0	1	1	4	0.010112941265106201
281507	mcp1k	0.8776998519897461	1	1	1	0	0.8776998519897461	0.8786160349845886	1	1	1	0	0.8786160349845886
281527	mcp1k	0.0053383708000183105	0	1	1	4	0.0036211013793945312	0.01030665636062622	0	1	1	4	0.008608102798461914
281567	mcp2k	0.0070953369140625	0	0	0	-1	-9	0.012662172317504883	0	0	0	-1	-9
281595	mcp1k	0.012953460216522217	1	1	1	0	0.012953460216522217	0.022628605365753174	1	1	1	0	0.022628605365753174
281639	mcp1k	0.006183505058288574	0	0	0	-1	-9	0.011335790157318115	0	0	0	-1	-9
281727	mcp1k	0.005472064018249512	0	0	0	-1	-9	0.010442852973937988	0	0	0	-1	-9
281781	mcp2k	0.006145060062408447	0	0	0	-1	-9	0.011580944061279297	0	0	0	-1	-9
281837	mcp1k	0.6854215860366821	0	0	0	-1	-9	0.6912264823913574	0	0	0	-1	-9
281953	mcp1k	0.005468845367431641	0	1	1	3	0.0038180947303771973	0.010439634323120117	0	1	1	3	0.008939683437347412
281985	mcp2k	0.005443692207336426	0	1	1	3	0.0047217607498168945	0.010414302349090576	0	1	1	2	0.009920477867126465
282057	mcp1k	0.006675302982330322	0	1	1	1	0.0046384334564208984	0.0127410888671875	0	1	1	1	0.010112643241882324
282072	mcp1k	0.704383373260498	0	1	1	2	0.3153262734413147	0.7276374101638794	0	1	1	2	0.3154323697090149
282204	mcp1k	0.1210421621799469	1	1	1	0	0.1210421621799469	0.1542578637599945	1	1	1	0	0.1542578637599945
282217	mcp1k	0.9908207058906555	1	1	1	0	0.9908207058906555	0.9938216805458069	1	1	1	0	0.9938216805458069
282231	mcp1k	0.004697263240814209	0	1	1	1	0.0039067864418029785	0.009773850440979004	0	1	1	1	0.0090140700340271
282385	mcp1k	0.0056841373443603516	0	0	0	-1	-9	0.01090395450592041	0	0	1	8	0.007369875907897949
282459	mcp1k	0.9177409410476685	1	1	1	0	0.9177409410476685	0.9320141673088074	1	1	1	0	0.9320141673088074
282491	mcp2k	0.00520402193069458	0	0	0	-1	-9	0.01017773151397705	0	0	0	-1	-9
282666	mcp1k	1.0	1	1	1	0	1.0	1.0	1	1	1	0	1.0
282737	mcp1k	0.00538402795791626	0	1	1	2	0.004526495933532715	0.010353505611419678	0	1	1	2	0.009540259838104248
282749	mcp2k	0.926873505115509	1	1	1	0	0.926873505115509	0.9380618333816528	1	1	1	0	0.9380618333816528
282899	mcp1k	0.015025138854980469	0	0	0	-1	-9	0.02087646722793579	0	0	0	-1	-9
282909	mcp2k	0.005459785461425781	0	0	0	-1	-9	0.010430693626403809	0	0	0	-1	-9
282979	mcp1k	0.006389439105987549	0	0	0	-1	-9	0.012534081935882568	0	0	0	-1	-9
283009	mcp1k	0.7932250499725342	1	1	1	0	0.7932250499725342	0.8117282390594482	1	1	1	0	0.8117282390594482
283040	mcp1k	0.9868003129959106	1	1	1	0	0.9868003129959106	0.9831582307815552	1	1	1	0	0.9831582307815552
283091	mcp1k	0.0054503679275512695	0	0	0	-1	-9	0.010421156883239746	0	0	0	-1	-9
283229	mcp1k	0.3281095027923584	1	1	1	0	0.3281095027923584	0.44414323568344116	1	1	1	0	0.44414323568344116
283299	mcp2k	0.010328710079193115	1	1	1	0	0.010328710079193115	0.018675148487091064	1	1	1	0	0.018675148487091064
283463	mcp1k	0.005504965782165527	0	0	0	-1	-9	0.01047605276107788	0	0	0	-1	-9
283568	mcp2k	1.0	1	1	1	0	1.0	1.0	1	1	1	0	1.0
283591	mcp2k	0.9472121596336365	1	1	1	0	0.9472121596336365	0.9426888227462769	1	1	1	0	0.9426888227462769
283595	mcp1k	0.0054781436920166016	0	0	0	-1	-9	0.010448992252349854	0	0	0	-1	-9
283691	mcp1k	0.00526803731918335	0	1	1	2	0.004754245281219482	0.010376155376434326	1	1	1	0	0.010376155376434326
283713	mcp1k	0.9453287720680237	1	1	1	0	0.9453287720680237	0.9566484689712524	1	1	1	0	0.9566484689712524
283771	mcp1k	0.9678091406822205	1	1	1	0	0.9678091406822205	0.9651230573654175	1	1	1	0	0.9651230573654175
283833	mcp2k	0.005448043346405029	0	0	1	5	0.005029916763305664	0.010418713092803955	0	0	1	6	0.009998917579650879
283849	mcp2k	0.8174329400062561	1	1	1	0	0.8174329400062561	0.8629500865936279	1	1	1	0	0.8629500865936279
283905	mcp1k	0.0037424564361572266	1	1	1	0	0.0037424564361572266	0.008779644966125488	1	1	1	0	0.008779644966125488
283991	mcp1k	0.04658108949661255	1	1	1	0	0.04658108949661255	0.059203267097473145	1	1	1	0	0.059203267097473145
284013	mcp1k	0.0056816935539245605	0	0	0	-1	-9	0.011087596416473389	0	0	0	-1	-9
284047	mcp2k	0.0013297796249389648	0	1	1	2	0.0003376603126525879	0.005918979644775391	1	1	1	0	0.005918979644775391
284103	mcp1k	0.40994665026664734	1	1	1	0	0.40994665026664734	0.4577553868293762	1	1	1	0	0.4577553868293762
284145	mcp1k	0.9999310374259949	1	1	1	0	0.9999310374259949	0.9999643564224243	1	1	1	0	0.9999643564224243
284153	mcp1k	0.00544428825378418	0	0	1	5	0.004875361919403076	0.01041489839553833	0	1	1	4	0.010107755661010742
284200	mcp1k	0.9999966025352478	1	1	1	0	0.9999966025352478	0.9999964237213135	1	1	1	0	0.9999964237213135
284206	mcp2k	0.513896107673645	1	1	1	0	0.513896107673645	0.5229737758636475	1	1	1	0	0.5229737758636475
284211	mcp1k	0.006951630115509033	1	1	1	0	0.006951630115509033	0.012109637260437012	1	1	1	0	0.012109637260437012
284235	mcp1k	0.005381941795349121	0	0	1	6	0.0031045079231262207	0.010351300239562988	0	0	1	6	0.008279740810394287
284637	mcp1k	0.005484819412231445	0	1	1	4	0.004184722900390625	0.010508894920349121	0	1	1	4	0.009250283241271973
284657	mcp1k	0.9168063998222351	1	1	1	0	0.9168063998222351	0.9148648381233215	1	1	1	0	0.9148648381233215
284791	mcp1k	0.005478084087371826	0	0	0	-1	-9	0.010704994201660156	0	0	0	-1	-9
284794	mcp1k	0.021973371505737305	1	1	1	0	0.021973371505737305	0.02733832597732544	1	1	1	0	0.02733832597732544
284866	mcp2k	0.04475492238998413	1	1	1	0	0.04475492238998413	0.054155826568603516	1	1	1	0	0.054155826568603516
285069	mcp1k	0.23289567232131958	1	1	1	0	0.23289567232131958	0.2630535960197449	1	1	1	0	0.2630535960197449
285311	mcp1k	0.9986764192581177	1	1	1	0	0.9986764192581177	0.9988417625427246	1	1	1	0	0.9988417625427246
285350	mcp2k	0.2967790961265564	1	1	1	0	0.2967790961265564	0.3166255056858063	1	1	1	0	0.3166255056858063
285366	mcp1k	0.005434513092041016	0	0	1	5	0.003935635089874268	0.01040494441986084	0	1	1	4	0.009198784828186035
285443	mcp1k	0.011020660400390625	1	1	1	0	0.011020660400390625	0.01640111207962036	1	1	1	0	0.01640111207962036
285467	mcp1k	0.0047029852867126465	0	0	1	7	0.0019199252128601074	0.009773313999176025	0	0	1	8	0.006909668445587158
285531	mcp1k	0.05533599853515625	1	1	1	0	0.05533599853515625	0.06890952587127686	1	1	1	0	0.06890952587127686
285564	mcp1k	0.00330197811126709	0	1	1	4	0.0016466975212097168	0.008289098739624023	0	1	1	3	0.006662607192993164
285567	ncpi0	0.9919326901435852	1	1	1	0	0.9919326901435852	0.9958357214927673	1	1	1	0	0.9958357214927673
285665	mcp1k	0.01650381088256836	0	0	0	-1	-9	0.026027798652648926	0	0	0	-1	-9
285680	mcp2k	0.7422294020652771	1	1	1	0	0.7422294020652771	0.774783194065094	1	1	1	0	0.774783194065094
285753	mcp1k	0.005400419235229492	0	0	1	6	0.002908647060394287	0.010370194911956787	0	0	1	6	0.007896900177001953
285929	mcp1k	0.9544769525527954	1	1	1	0	0.9544769525527954	0.9691441655158997	1	1	1	0	0.9691441655158997
285971	mcp1k	0.008208870887756348	1	1	1	0	0.008208870887756348	0.015987753868103027	1	1	1	0	0.015987753868103027
286177	mcp1k	0.004081428050994873	0	1	1	3	0.0029501914978027344	0.00918036699295044	0	1	1	3	0.00813668966293335
286180	mcp1k	0.0046877264976501465	0	0	1	9	0.0024834871292114258	0.00964576005935669	0	0	1	9	0.007547438144683838
286191	mcp1k	0.005349576473236084	0	0	0	-1	-9	0.010318160057067871	0	0	0	-1	-9
286241	mcp1k	0.06239140033721924	1	1	1	0	0.06239140033721924	0.06678378582000732	1	1	1	0	0.06678378582000732
286268	mcp1k	0.005414068698883057	0	0	0	-1	-9	0.010384142398834229	0	0	0	-1	-9
286296	mcp2k	0.0054700374603271484	0	0	0	-1	-9	0.01044076681137085	0	0	0	-1	-9
286353	mcp1k	0.0052672624588012695	0	1	1	1	0.004871785640716553	0.010234177112579346	0	1	1	1	0.00996178388595581
286400	mcp1k	0.004200756549835205	0	0	1	5	0.003180265426635742	0.009224891662597656	0	1	1	4	0.00823986530303955
286489	mcp2k	0.04234123229980469	1	1	1	0	0.04234123229980469	0.06135135889053345	1	1	1	0	0.06135135889053345
286527	mcp1k	0.020991623401641846	1	1	1	0	0.020991623401641846	0.027688920497894287	1	1	1	0	0.027688920497894287
286655	mcp1k	0.005403399467468262	0	0	0	-1	-9	0.010373234748840332	0	0	0	-1	-9
286681	mcp1k	0.006451964378356934	0	0	1	5	0.005256831645965576	0.01165318489074707	0	1	1	3	0.010356128215789795
286818	mcp1k	0.005343258380889893	0	1	1	2	0.0036013126373291016	0.010311782360076904	0	1	1	1	0.008660316467285156
286906	mcp1k	0.1660076379776001	0	1	1	3	0.11542877554893494	0.21496868133544922	0	1	1	3	0.13798612356185913
287211	mcp1k	0.9999995231628418	1	1	1	0	0.9999995231628418	0.9999997615814209	1	1	1	0	0.9999997615814209
287249	mcp1k	0.00547105073928833	0	0	1	7	0.004117250442504883	0.010595202445983887	0	0	1	7	0.009290814399719238
287374	mcp2k	0.005450844764709473	0	1	1	2	0.005148768424987793	0.010421574115753174	0	1	1	2	0.010276317596435547
287431	mcp1k	0.00504988431930542	1	1	1	0	0.00504988431930542	0.010019540786743164	1	1	1	0	0.010019540786743164
287464	mcp2k	0.005504906177520752	0	0	1	6	0.004555225372314453	0.01047605276107788	0	0	1	6	0.009589016437530518
287517	mcp1k	0.7724776268005371	1	1	1	0	0.7724776268005371	0.7817351222038269	1	1	1	0	0.7817351222038269
287555	mcp1k	0.998246967792511	0	1	1	1	0.9953629374504089	0.9994176626205444	0	1	1	1	0.9973388910293579
287599	mcp1k	0.02745819091796875	1	1	1	0	0.02745819091796875	0.04426705837249756	1	1	1	0	0.04426705837249756
287621	mcp1k	0.0053460001945495605	1	1	1	0	0.0053460001945495605	0.010956823825836182	1	1	1	0	0.010956823825836182
287638	mcp2k	0.004581093788146973	0	1	1	4	0.003039836883544922	0.009535908699035645	0	1	1	4	0.008121788501739502
287654	mcp1k	0.0062601566314697266	0	1	1	4	0.004615306854248047	0.012738645076751709	0	0	1	5	0.009571254253387451
287770	mcp2k	0.008224964141845703	1	1	1	0	0.008224964141845703	0.013904094696044922	1	1	1	0	0.013904094696044922
287825	mcp1k	0.06077003479003906	1	1	1	0	0.06077003479003906	0.07807910442352295	1	1	1	0	0.07807910442352295
287830	mcp1k	0.9999970197677612	1	1	1	0	0.9999970197677612	0.9999983310699463	1	1	1	0	0.9999983310699463
288067	mcp1k	0.7916544079780579	1	1	1	0	0.7916544079780579	0.7696051597595215	1	1	1	0	0.7696051597595215
288287	mcp1k	1.0	1	1	1	0	1.0	1.0	1	1	1	0	1.0
288358	mcp1k	0.00528717041015625	0	0	0	-1	-9	0.010254144668579102	0	0	1	9	0.007360637187957764
288639	mcp1k	0.9999922513961792	1	1	1	0	0.9999922513961792	0.9999914169311523	1	1	1	0	0.9999914169311523
288745	mcp1k	0.9342992305755615	1	1	1	0	0.9342992305755615	0.9260395169258118	1	1	1	0	0.9260395169258118
288859	mcp1k	0.013916730880737305	1	1	1	0	0.013916730880737305	0.024677574634552002	1	1	1	0	0.024677574634552002
288947	mcp1k	1.0	1	1	1	0	1.0	1.0	1	1	1	0	1.0
289246	mcp2k	0.9575398564338684	1	1	1	0	0.9575398564338684	0.9613339900970459	1	1	1	0	0.9613339900970459
289251	mcp1k	0.005212128162384033	0	1	1	1	0.004874229431152344	0.010186076164245605	0	1	1	1	0.010011374950408936
289464	mcp2k	0.9999516606330872	1	1	1	0	0.9999516606330872	0.9999763369560242	1	1	1	0	0.9999763369560242
289559	mcp1k	0.006547451019287109	1	1	1	0	0.006547451019287109	0.01571500301361084	1	1	1	0	0.01571500301361084
289832	mcp1k	0.012151718139648438	1	1	1	0	0.012151718139648438	0.017593979835510254	1	1	1	0	0.017593979835510254
289862	mcp2k	0.0016246438026428223	0	1	1	1	0.0013637542724609375	0.006684422492980957	0	1	1	1	0.0064334869384765625
290052	mcp1k	0.005504727363586426	0	1	1	2	0.0053539276123046875	0.010478854179382324	1	1	1	0	0.010478854179382324
290294	mcp1k	0.018553435802459717	1	1	1	0	0.018553435802459717	0.031613826751708984	1	1	1	0	0.031613826751708984
290542	mcp2k	0.017186224460601807	0	1	1	3	0.00471872091293335	0.02116835117340088	0	1	1	2	0.010443150997161865
290588	mcp2k	0.35665056109428406	0	0	1	8	0.08763045072555542	0.4276684522628784	0	0	1	7	0.11264997720718384
290729	mcp1k	0.011316657066345215	1	1	1	0	0.011316657066345215	0.022593140602111816	1	1	1	0	0.022593140602111816
291037	mcp1k	0.004699289798736572	0	0	0	-1	-9	0.009843945503234863	0	0	1	9	0.007816851139068604
291064	mcp1k	0.0029714107513427734	1	1	1	0	0.0029714107513427734	0.007960319519042969	1	1	1	0	0.007960319519042969
291262	mcp1k	0.005960404872894287	1	1	1	0	0.005960404872894287	0.011301875114440918	1	1	1	0	0.011301875114440918
291372	mcp1k	0.0054010748863220215	0	0	0	-1	-9	0.010370850563049316	0	0	1	6	0.007690787315368652
291499	mcp1k	0.005487501621246338	0	1	1	4	0.004888951778411865	0.01045846939086914	0	1	1	4	0.01016610860824585
291548	mcp1k	0.22392955422401428	1	1	1	0	0.22392955422401428	0.28591296076774597	1	1	1	0	0.28591296076774597
291961	mcp1k	0.8005876541137695	1	1	1	0	0.8005876541137695	0.7434449195861816	1	1	1	0	0.7434449195861816
292005	mcp1k	0.04114365577697754	1	1	1	0	0.04114365577697754	0.05747425556182861	1	1	1	0	0.05747425556182861
292027	mcp1k	0.9876940250396729	1	1	1	0	0.9876940250396729	0.9920109510421753	1	1	1	0	0.9920109510421753
292370	mcp2k	0.22706195712089539	1	1	1	0	0.22706195712089539	0.32115134596824646	1	1	1	0	0.32115134596824646
292384	mcp1k	0.9999546408653259	1	1	1	0	0.9999546408653259	0.9999721050262451	1	1	1	0	0.9999721050262451
292406	mcp1k	0.005426228046417236	0	0	1	6	0.003184497356414795	0.010396480560302734	0	0	1	6	0.008298397064208984
292436	mcp2k	0.04709845781326294	1	1	1	0	0.04709845781326294	0.062086403369903564	1	1	1	0	0.062086403369903564
292524	mcp2k	0.9979361295700073	1	1	1	0	0.9979361295700073	0.9988502860069275	1	1	1	0	0.9988502860069275
292533	mcp1k	0.6921037435531616	1	1	1	0	0.6921037435531616	0.7358784675598145	1	1	1	0	0.7358784675598145
292568	mcp2k	0.4467267394065857	1	1	1	0	0.4467267394065857	0.495891809463501	1	1	1	0	0.495891809463501
292577	mcp1k	0.005472421646118164	0	1	1	4	0.0030161142349243164	0.01044321060180664	0	1	1	4	0.008188843727111816
292643	mcp1k	0.005425095558166504	0	0	1	6	0.004805564880371094	0.010395348072052002	0	0	1	6	0.009951174259185791
292687	mcp1k	0.9999917149543762	1	1	1	0	0.9999917149543762	0.9999940991401672	1	1	1	0	0.9999940991401672
292722	mcp2k	0.005398094654083252	0	1	1	3	0.0036352872848510742	0.010367870330810547	0	1	1	3	0.008637309074401855
292788	mcp2k	0.0053601861000061035	0	1	1	4	0.004204452037811279	0.010329008102416992	0	1	1	3	0.009588420391082764
292810	mcp2k	0.9999901652336121	1	1	1	0	0.9999901652336121	0.9999866485595703	1	1	1	0	0.9999866485595703
293149	mcp1k	0.006255984306335449	0	0	0	-1	-9	0.011348187923431396	0	0	1	9	0.009329617023468018
293470	mcp2k	0.005429267883300781	0	0	0	-1	-9	0.01039963960647583	0	0	0	-1	-9
293536	mcp2k	0.07506102323532104	1	1	1	0	0.07506102323532104	0.09804332256317139	1	1	1	0	0.09804332256317139
293734	mcp2k	0.9779581427574158	1	1	1	0	0.9779581427574158	0.986595094203949	1	1	1	0	0.986595094203949
294174	mcp2k	1.0	1	1	1	0	1.0	1.0	1	1	1	0	1.0
313781	mcp1k	0.005255639553070068	0	0	1	7	0.0021499991416931152	0.010222434997558594	0	1	1	4	0.0072904229164123535
313979	mcp1k	0.7728621959686279	1	1	1	0	0.7728621959686279	0.7916370034217834	1	1	1	0	0.7916370034217834
314507	mcp1k	0.005751132965087891	0	0	1	6	0.0032202601432800293	0.010818243026733398	0	0	1	6	0.008231401443481445
314705	mcp1k	0.005331158638000488	0	0	0	-1	-9	0.010299384593963623	0	0	0	-1	-9
314838	ncpi0	0.028986036777496338	1	1	1	0	0.028986036777496338	0.038189589977264404	1	1	1	0	0.038189589977264404
315013	mcp1k	0.00541454553604126	0	0	0	-1	-9	0.010384559631347656	0	0	0	-1	-9
315167	mcp1k	1.0	1	1	1	0	1.0	1.0	1	1	1	0	1.0
315343	mcp1k	0.9364056587219238	1	1	1	0	0.9364056587219238	0.924005389213562	1	1	1	0	0.924005389213562
315497	mcp1k	0.006402075290679932	1	1	1	0	0.006402075290679932	0.011879980564117432	1	1	1	0	0.011879980564117432
315849	mcp1k	0.005359768867492676	0	1	1	4	0.004501283168792725	0.010487735271453857	0	1	1	4	0.00956815481185913
315871	mcp1k	0.005442261695861816	0	0	0	-1	-9	0.010412752628326416	0	0	0	-1	-9
315955	mcp2k	0.06119406223297119	1	1	1	0	0.06119406223297119	0.07138800621032715	1	1	1	0	0.07138800621032715
316003	mcp1k	0.01448822021484375	0	0	0	-1	-9	0.019950449466705322	0	0	0	-1	-9
316021	mcp2k	0.9999862313270569	1	1	1	0	0.9999862313270569	0.9999977350234985	1	1	1	0	0.9999977350234985
316025	mcp1k	0.021852314472198486	1	1	1	0	0.021852314472198486	0.02940601110458374	1	1	1	0	0.02940601110458374
316197	mcp2k	0.002810180187225342	0	0	1	5	0.0025864243507385254	0.007835149765014648	1	1	1	0	0.007835149765014648
316311	mcp1k	0.7995569109916687	1	1	1	0	0.7995569109916687	0.8423818945884705	1	1	1	0	0.8423818945884705
316553	mcp1k	0.004872679710388184	1	1	1	0	0.004872679710388184	0.009922564029693604	1	1	1	0	0.009922564029693604
316729	mcp1k	0.00540614128112793	0	0	0	-1	-9	0.010376036167144775	0	0	0	-1	-9
316811	mcp2k	0.005689740180969238	0	0	0	-1	-9	0.011075437068939209	0	0	0	-1	-9
316987	mcp2k	0.9698140025138855	0	1	1	1	0.8246119618415833	0.9672207832336426	0	1	1	1	0.7968592643737793
317077	mcp2k	0.005450606346130371	0	0	0	-1	-9	0.010421335697174072	0	0	0	-1	-9
317191	mcp1k	0.827462911605835	1	1	1	0	0.827462911605835	0.8057340383529663	1	1	1	0	0.8057340383529663
317407	mcp2k	0.8694126605987549	0	1	1	1	0.8476763367652893	0.8864261507987976	0	1	1	1	0.8463013768196106
317741	mcp1k	0.005368232727050781	0	0	0	-1	-9	0.010337233543395996	0	0	0	-1	-9
317939	mcp1k	0.038372814655303955	1	1	1	0	0.038372814655303955	0.06008267402648926	1	1	1	0	0.06008267402648926
317957	mcp2k	0.004061639308929443	0	1	1	1	0.0035320520401000977	0.009107828140258789	0	1	1	1	0.008735358715057373
318021	mcp2k	0.00492018461227417	0	0	0	-1	-9	0.01004403829574585	0	0	0	-1	-9
318549	mcp2k	0.002742767333984375	0	1	1	2	0.002622544765472412	0.007743477821350098	1	1	1	0	0.007743477821350098
318703	mcp2k	0.5908074378967285	1	1	1	0	0.5908074378967285	0.6181998252868652	1	1	1	0	0.6181998252868652
318731	mcp1k	0.005225241184234619	0	1	1	1	0.0051177144050598145	0.012062430381774902	1	1	1	0	0.012062430381774902
319039	mcp1k	0.029621422290802002	1	1	1	0	0.029621422290802002	0.0396273136138916	1	1	1	0	0.0396273136138916
319475	mcp2k	0.13541829586029053	1	1	1	0	0.13541829586029053	0.1367916464805603	1	1	1	0	0.1367916464805603
319611	mcp1k	0.06024140119552612	0	1	1	4	0.02266448736190796	0.07438713312149048	0	1	1	4	0.03553885221481323
319871	mcp2k	0.03201538324356079	1	1	1	0	0.03201538324356079	0.05523592233657837	1	1	1	0	0.05523592233657837
320029	mcp1k	0.03086787462234497	1	1	1	0	0.03086787462234497	0.042477190494537354	1	1	1	0	0.042477190494537354
320485	mcp2k	0.9239692091941833	1	1	1	0	0.9239692091941833	0.9100814461708069	1	1	1	0	0.9100814461708069
320667	mcp1k	0.42653778195381165	0	0	0	-1	-9	0.47571906447410583	0	0	0	-1	-9
321107	mcp1k	0.008659839630126953	1	1	1	0	0.008659839630126953	0.015159845352172852	1	1	1	0	0.015159845352172852
321169	mcp2k	0.005478978157043457	0	0	0	-1	-9	0.010449826717376709	0	0	0	-1	-9
321173	mcp1k	0.005243360996246338	0	0	0	-1	-9	0.010215342044830322	0	0	0	-1	-9
321235	mcp2k	0.012248039245605469	1	1	1	0	0.012248039245605469	0.02034682035446167	1	1	1	0	0.02034682035446167
321371	mcp1k	0.03467446565628052	1	1	1	0	0.03467446565628052	0.042947471141815186	1	1	1	0	0.042947471141815186
321629	mcp2k	0.9594559669494629	1	1	1	0	0.9594559669494629	0.9570401310920715	1	1	1	0	0.9570401310920715
321741	mcp2k	0.8920482397079468	1	1	1	0	0.8920482397079468	0.9086339473724365	1	1	1	0	0.9086339473724365
321767	mcp1k	0.0059070587158203125	0	0	0	-1	-9	0.011688828468322754	0	0	0	-1	-9
321789	mcp1k	0.005333960056304932	0	0	0	-1	-9	0.010302245616912842	0	1	1	4	0.0050356388092041016
321849	mcp2k	0.9999398589134216	1	1	1	0	0.9999398589134216	0.9999635219573975	1	1	1	0	0.9999635219573975
321895	mcp2k	0.9997420310974121	1	1	1	0	0.9997420310974121	0.9997222423553467	1	1	1	0	0.9997222423553467
321937	mcp2k	0.005376160144805908	0	0	0	-1	-9	0.010345458984375	0	0	0	-1	-9
321983	mcp2k	0.005494236946105957	0	0	0	-1	-9	0.01046520471572876	0	0	0	-1	-9
322135	mcp2k	0.4305074214935303	1	1	1	0	0.4305074214935303	0.41038864850997925	1	1	1	0	0.41038864850997925
322181	mcp2k	0.004749774932861328	0	1	1	1	0.004191160202026367	0.010072290897369385	0	1	1	1	0.009482920169830322
322269	mcp2k	0.8571091890335083	1	1	1	0	0.8571091890335083	0.856773316860199	1	1	1	0	0.856773316860199
322707	mcp2k	0.9981651902198792	0	1	1	1	0.9834505319595337	0.9986693263053894	0	1	1	1	0.9861090779304504
322861	mcp2k	0.0038360953330993652	1	1	1	0	0.0038360953330993652	0.00888592004776001	1	1	1	0	0.00888592004776001
322907	mcp2k	0.9301997423171997	1	1	1	0	0.9301997423171997	0.9408726692199707	1	1	1	0	0.9408726692199707
323125	mcp2k	0.06792956590652466	1	1	1	0	0.06792956590652466	0.08120858669281006	1	1	1	0	0.08120858669281006
323171	mcp2k	0.005014240741729736	0	0	1	9	0.003309190273284912	0.0099831223487854	0	0	1	7	0.008751630783081055
323369	mcp2k	0.009498298168182373	0	0	1	8	0.003925025463104248	0.019091427326202393	0	0	1	9	0.00907289981842041
342199	nuecc48	0.89229416847229	1	1	1	0	0.89229416847229	0.890844464302063	1	1	1	0	0.890844464302063
345633	mcp1k	0.7590007781982422	0	0	1	9	0.3212306499481201	0.8043146729469299	0	0	1	9	0.32972264289855957
346623	mcp1k	0.005447566509246826	0	0	0	-1	-9	0.010418236255645752	0	0	0	-1	-9
347085	mcp1k	0.005482017993927002	0	0	0	-1	-9	0.010452806949615479	0	0	0	-1	-9
347129	mcp1k	0.0059090256690979	0	1	1	4	0.0051116943359375	0.010977625846862793	0	1	1	4	0.01008385419845581
347384	mcp2k	0.04134809970855713	1	1	1	0	0.04134809970855713	0.0566677451133728	1	1	1	0	0.0566677451133728
347824	mcp2k	0.4986231327056885	1	1	1	0	0.4986231327056885	0.48410969972610474	1	1	1	0	0.48410969972610474
347890	mcp2k	0.00524216890335083	0	0	0	-1	-9	0.010214745998382568	0	0	1	6	0.00774151086807251
348471	mcp1k	0.2564416527748108	1	1	1	0	0.2564416527748108	0.27132153511047363	1	1	1	0	0.27132153511047363
348515	mcp1k	0.005312740802764893	0	0	1	5	0.003538072109222412	0.010280430316925049	0	0	1	6	0.008694648742675781
348594	mcp2k	0.03934276103973389	1	1	1	0	0.03934276103973389	0.04827010631561279	1	1	1	0	0.04827010631561279
348682	mcp2k	0.006446242332458496	1	1	1	0	0.006446242332458496	0.013422071933746338	1	1	1	0	0.013422071933746338
348691	mcp1k	0.5506664514541626	1	1	1	0	0.5506664514541626	0.5200597047805786	1	1	1	0	0.5200597047805786
348713	mcp1k	0.30736035108566284	0	0	0	-1	-9	0.3126736879348755	0	0	0	-1	-9
348845	mcp1k	0.982183575630188	1	1	1	0	0.982183575630188	0.9808947443962097	1	1	1	0	0.9808947443962097
349056	mcp2k	0.009067356586456299	0	0	1	9	0.0037984251976013184	0.014603495597839355	0	0	1	8	0.009188234806060791
349087	mcp1k	0.0054569244384765625	0	1	1	3	0.0032877326011657715	0.010427772998809814	0	1	1	3	0.008386194705963135
349241	mcp1k	0.005476236343383789	0	0	0	-1	-9	0.010447084903717041	0	0	0	-1	-9
349461	mcp1k	0.010002374649047852	0	0	1	6	0.0033012032508850098	0.015782952308654785	0	0	1	5	0.008429467678070068
349549	mcp1k	0.9931578636169434	1	1	1	0	0.9931578636169434	0.990313708782196	1	1	1	0	0.990313708782196
349835	mcp1k	0.06341242790222168	1	1	1	0	0.06341242790222168	0.07333910465240479	1	1	1	0	0.07333910465240479
349879	mcp1k	0.9821249842643738	1	1	1	0	0.9821249842643738	0.9873161315917969	1	1	1	0	0.9873161315917969
349945	mcp1k	0.07925313711166382	1	1	1	0	0.07925313711166382	0.12084472179412842	1	1	1	0	0.12084472179412842
350121	mcp1k	0.934679388999939	1	1	1	0	0.934679388999939	0.9863216876983643	1	1	1	0	0.9863216876983643
350186	nuecc48	0.6512455940246582	1	1	1	0	0.6512455940246582	0.6235717535018921	1	1	1	0	0.6235717535018921
350297	mcp1k	0.00817561149597168	1	1	1	0	0.00817561149597168	0.01377415657043457	1	1	1	0	0.01377415657043457
350354	mcp2k	0.010741651058197021	0	0	0	-1	-9	0.017449676990509033	0	0	0	-1	-9
350596	mcp2k	0.006568014621734619	1	1	1	0	0.006568014621734619	0.012160897254943848	1	1	1	0	0.012160897254943848
350935	mcp1k	0.21838313341140747	1	1	1	0	0.21838313341140747	0.5040919184684753	1	1	1	0	0.5040919184684753
351564	mcp2k	0.6083558797836304	1	1	1	0	0.6083558797836304	0.6178876161575317	1	1	1	0	0.6178876161575317
351705	mcp1k	0.0061661601066589355	0	1	1	2	0.004084467887878418	0.01126396656036377	0	1	1	2	0.009184777736663818
351749	mcp1k	0.006980776786804199	1	1	1	0	0.006980776786804199	0.01220005750656128	1	1	1	0	0.01220005750656128
352123	mcp1k	0.9745028018951416	1	1	1	0	0.9745028018951416	0.9827732443809509	1	1	1	0	0.9827732443809509
352202	mcp2k	0.00715327262878418	0	1	1	2	0.0039864182472229	0.012129068374633789	0	1	1	2	0.009577453136444092
352233	mcp1k	0.005469262599945068	0	0	1	6	0.004370689392089844	0.010440051555633545	0	0	1	6	0.009448409080505371
352664	mcp2k	0.9988603591918945	1	1	1	0	0.9988603591918945	0.9997217655181885	1	1	1	0	0.9997217655181885
352796	mcp2k	0.08373534679412842	1	1	1	0	0.08373534679412842	0.10539674758911133	1	1	1	0	0.10539674758911133
353223	mcp1k	0.23241972923278809	1	1	1	0	0.23241972923278809	0.3160896897315979	1	1	1	0	0.3160896897315979
353751	mcp1k	0.006189167499542236	0	0	1	6	0.0031291842460632324	0.011677443981170654	0	0	1	6	0.008625209331512451
354578	mcp2k	0.9978895783424377	1	1	1	0	0.9978895783424377	0.9970046281814575	1	1	1	0	0.9970046281814575
355106	mcp2k	0.005418956279754639	0	1	1	4	0.004565179347991943	0.01038902997970581	0	1	1	4	0.009772241115570068
355238	mcp2k	0.35621899366378784	1	1	1	0	0.35621899366378784	0.39734190702438354	1	1	1	0	0.39734190702438354
359980	ncpi0	0.005453824996948242	0	0	0	-1	-9	0.01073002815246582	0	0	0	-1	-9
360535	nuecc48	0.9929919838905334	0	1	1	3	0.7355202436447144	0.9961265921592712	0	1	1	2	0.8022071123123169
386332	mcp1k	0.0906071662902832	1	1	1	0	0.0906071662902832	0.12013190984725952	1	1	1	0	0.12013190984725952
386948	mcp1k	0.0063315629959106445	0	0	0	-1	-9	0.011686861515045166	0	0	0	-1	-9
387850	mcp1k	0.00486224889755249	1	1	1	0	0.00486224889755249	0.009830892086029053	1	1	1	0	0.009830892086029053
388026	mcp1k	0.03838706016540527	1	1	1	0	0.03838706016540527	0.04835474491119385	1	1	1	0	0.04835474491119385
388224	mcp1k	0.9905725717544556	1	1	1	0	0.9905725717544556	0.9865226745605469	1	1	1	0	0.9865226745605469
388323	mcp2k	0.00547260046005249	0	0	1	9	0.002980530261993408	0.010443389415740967	0	0	1	9	0.007945060729980469
389225	mcp2k	0.43783900141716003	1	1	1	0	0.43783900141716003	0.4539368152618408	1	1	1	0	0.4539368152618408
389379	mcp2k	0.006444811820983887	0	0	0	-1	-9	0.011713266372680664	0	0	0	-1	-9
389538	nuecc48	0.9821001291275024	0	1	1	1	0.7476164102554321	0.9864822030067444	0	1	1	1	0.7371789216995239
389588	mcp1k	0.005439937114715576	0	0	0	-1	-9	0.010410487651824951	0	0	0	-1	-9
389874	mcp1k	0.00444561243057251	0	1	1	3	0.0019033551216125488	0.009558558464050293	0	1	1	3	0.007070302963256836
390182	mcp1k	1.0	1	1	1	0	1.0	1.0	1	1	1	0	1.0
390216	mcp2k	0.08171790838241577	1	1	1	0	0.08171790838241577	0.15685611963272095	1	1	1	0	0.15685611963272095
390370	mcp2k	0.9701497554779053	1	1	1	0	0.9701497554779053	0.9699376821517944	1	1	1	0	0.9699376821517944
390391	mcp2k	0.017831921577453613	0	1	1	4	0.003940761089324951	0.02820533514022827	0	1	1	3	0.011145591735839844
390634	mcp2k	0.005470931529998779	0	0	0	-1	-9	0.01044166088104248	0	0	0	-1	-9
390743	mcp2k	0.007382631301879883	0	1	1	1	0.006501138210296631	0.01273113489151001	0	1	1	1	0.011737525463104248
390810	mcp2k	0.0054261088371276855	0	0	1	8	0.0024066567420959473	0.010396420955657959	0	0	1	9	0.007346153259277344
390842	mcp1k	0.0046773552894592285	0	1	1	4	0.003860771656036377	0.010146081447601318	0	1	1	1	0.009568750858306885
390864	mcp1k	0.005397379398345947	0	1	1	4	0.0028440356254577637	0.010367095470428467	0	1	1	4	0.007998406887054443
390942	mcp2k	0.0054552555084228516	0	0	0	-1	-9	0.010426163673400879	0	0	0	-1	-9
391260	mcp1k	0.005305647850036621	0	1	1	3	0.00465083122253418	0.010273337364196777	0	1	1	3	0.009768664836883545
391415	mcp2k	0.004592418670654297	0	1	1	2	0.003911495208740234	0.009882032871246338	0	1	1	2	0.009028315544128418
391513	mcp2k	0.0320773720741272	1	1	1	0	0.0320773720741272	0.043801307678222656	1	1	1	0	0.043801307678222656
391766	mcp1k	0.006606638431549072	1	1	1	0	0.006606638431549072	0.013628602027893066	1	1	1	0	0.013628602027893066
391777	mcp2k	0.6052154302597046	1	1	1	0	0.6052154302597046	0.6100350618362427	1	1	1	0	0.6100350618362427
391899	mcp2k	0.0054724812507629395	0	0	0	-1	-9	0.01044321060180664	0	0	1	6	0.008836328983306885
392009	mcp2k	0.9999998211860657	1	1	1	0	0.9999998211860657	0.9999998211860657	1	1	1	0	0.9999998211860657
392327	mcp2k	0.04547321796417236	1	1	1	0	0.04547321796417236	0.059937119483947754	1	1	1	0	0.059937119483947754
392527	mcp2k	0.00506281852722168	0	0	1	7	0.0031008124351501465	0.010033011436462402	0	0	1	7	0.008383572101593018
392552	mcp1k	0.005629420280456543	0	0	0	-1	-9	0.0115889310836792	0	0	0	-1	-9
392649	mcp2k	0.005464375019073486	0	0	0	-1	-9	0.010435342788696289	0	0	0	-1	-9
392759	mcp2k	0.006327331066131592	1	1	1	0	0.006327331066131592	0.010776221752166748	1	1	1	0	0.010776221752166748
392891	mcp2k	0.08016407489776611	1	1	1	0	0.08016407489776611	0.09927862882614136	0	1	1	1	0.09860789775848389
392988	mcp2k	0.16570615768432617	1	1	1	0	0.16570615768432617	0.21508479118347168	1	1	1	0	0.21508479118347168
393042	mcp1k	0.005101263523101807	1	1	1	0	0.005101263523101807	0.010105669498443604	1	1	1	0	0.010105669498443604
393089	mcp2k	0.01086723804473877	1	1	1	0	0.01086723804473877	0.021060287952423096	1	1	1	0	0.021060287952423096
393133	mcp2k	0.005489766597747803	0	0	0	-1	-9	0.01046067476272583	0	0	0	-1	-9
393212	mcp1k	0.005546867847442627	0	0	0	-1	-9	0.010730266571044922	0	0	0	-1	-9
393485	mcp2k	0.9272089004516602	1	1	1	0	0.9272089004516602	0.940305769443512	1	1	1	0	0.940305769443512
393538	mcp2k	0.9689446687698364	1	1	1	0	0.9689446687698364	0.973865270614624	1	1	1	0	0.973865270614624
393608	mcp1k	0.004732310771942139	0	1	1	1	0.003358185291290283	0.009713351726531982	0	1	1	1	0.008269429206848145
393727	mcp2k	0.008138000965118408	1	1	1	0	0.008138000965118408	0.01256328821182251	1	1	1	0	0.01256328821182251
393758	mcp2k	0.9999995231628418	1	1	1	0	0.9999995231628418	0.9999998211860657	1	1	1	0	0.9999998211860657
393935	mcp2k	0.004624903202056885	0	0	1	5	0.003185868263244629	0.009581029415130615	0	0	1	5	0.008306324481964111
394407	mcp2k	0.005569040775299072	0	0	1	5	0.004423558712005615	0.010619699954986572	0	1	1	4	0.009712636470794678
394532	mcp1k	0.005375206470489502	0	0	0	-1	-9	0.01034456491470337	0	0	0	-1	-9
394642	mcp1k	0.13709187507629395	1	1	1	0	0.13709187507629395	0.13441094756126404	1	1	1	0	0.13441094756126404
394796	mcp1k	0.9884920120239258	1	1	1	0	0.9884920120239258	0.9934060573577881	1	1	1	0	0.9934060573577881
395012	mcp2k	0.008493602275848389	1	1	1	0	0.008493602275848389	0.016175925731658936	1	1	1	0	0.016175925731658936
395033	mcp2k	0.663718581199646	1	1	1	0	0.663718581199646	0.6458806991577148	1	1	1	0	0.6458806991577148
395089	mcp2k	0.008095920085906982	1	1	1	0	0.008095920085906982	0.014512479305267334	1	1	1	0	0.014512479305267334
395209	mcp2k	0.2604701519012451	1	1	1	0	0.2604701519012451	0.36050641536712646	1	1	1	0	0.36050641536712646
395277	mcp2k	0.011056482791900635	0	0	0	-1	-9	0.01662623882293701	0	0	0	-1	-9
395298	mcp2k	0.33280766010284424	0	1	1	2	0.17177003622055054	0.3672211766242981	0	1	1	2	0.17295265197753906
395443	mcp2k	0.10812115669250488	1	1	1	0	0.10812115669250488	0.11746728420257568	1	1	1	0	0.11746728420257568
395573	mcp2k	0.005473017692565918	0	0	0	-1	-9	0.01044386625289917	0	0	0	-1	-9
395597	mcp2k	0.019837141036987305	1	1	1	0	0.019837141036987305	0.03010004758834839	1	1	1	0	0.03010004758834839
395610	mcp1k	0.006949305534362793	1	1	1	0	0.006949305534362793	0.01258307695388794	1	1	1	0	0.01258307695388794
395654	mcp1k	0.005082547664642334	1	1	1	0	0.005082547664642334	0.01010751724243164	1	1	1	0	0.01010751724243164
395695	mcp2k	0.9989815354347229	1	1	1	0	0.9989815354347229	0.9984511733055115	1	1	1	0	0.9984511733055115
395837	mcp2k	0.009857237339019775	0	0	0	-1	-9	0.012616991996765137	0	0	0	-1	-9
395870	mcp2k	0.7422813773155212	1	1	1	0	0.7422813773155212	0.7557535171508789	1	1	1	0	0.7557535171508789
395962	mcp1k	0.005316495895385742	0	0	1	9	0.0035004019737243652	0.010284245014190674	0	0	1	9	0.008538365364074707
396037	mcp2k	0.005469858646392822	0	0	1	7	0.004171490669250488	0.010440587997436523	0	0	1	7	0.009234368801116943
396091	mcp2k	0.008614718914031982	1	1	1	0	0.008614718914031982	0.015460312366485596	1	1	1	0	0.015460312366485596
396157	mcp2k	0.005329430103302002	0	1	1	3	0.0030303597450256348	0.010297536849975586	0	1	1	3	0.008315980434417725
396323	mcp2k	0.004369020462036133	1	1	1	0	0.004369020462036133	0.009439706802368164	1	1	1	0	0.009439706802368164
396355	mcp2k	0.10323774814605713	1	1	1	0	0.10323774814605713	0.11645400524139404	1	1	1	0	0.11645400524139404
396420	mcp2k	0.040575504302978516	1	1	1	0	0.040575504302978516	0.05051124095916748	1	1	1	0	0.05051124095916748
396551	mcp2k	0.12048816680908203	1	1	1	0	0.12048816680908203	0.1768900454044342	1	1	1	0	0.1768900454044342
396761	mcp2k	0.005433499813079834	0	0	1	5	0.00332564115524292	0.010403931140899658	0	0	1	5	0.008433222770690918
396805	mcp2k	0.9990219473838806	1	1	1	0	0.9990219473838806	0.9995027184486389	1	1	1	0	0.9995027184486389
396816	mcp2k	0.006665468215942383	0	0	0	-1	-9	0.01172858476638794	0	0	0	-1	-9
396829	mcp2k	0.005438506603240967	0	0	0	-1	-9	0.010408997535705566	0	0	0	-1	-9
396882	mcp2k	0.0042313337326049805	0	1	1	3	0.002956688404083252	0.009287834167480469	0	1	1	2	0.00883781909942627
396927	mcp2k	0.9999982118606567	1	1	1	0	0.9999982118606567	0.9999974966049194	1	1	1	0	0.9999974966049194
396971	mcp2k	0.005445003509521484	0	0	0	-1	-9	0.010415613651275635	0	0	1	8	0.010144531726837158
397005	mcp2k	0.5607262253761292	1	1	1	0	0.5607262253761292	0.6074202656745911	1	1	1	0	0.6074202656745911
397103	mcp2k	0.00538712739944458	0	0	0	-1	-9	0.010356664657592773	0	0	0	-1	-9
397190	mcp2k	0.004515647888183594	0	0	0	-1	-9	0.009468436241149902	0	0	0	-1	-9
397379	mcp2k	0.015166878700256348	1	1	1	0	0.015166878700256348	0.022166848182678223	1	1	1	0	0.022166848182678223
397401	mcp2k	0.6809589862823486	1	1	1	0	0.6809589862823486	0.6863141059875488	1	1	1	0	0.6863141059875488
397476	mcp2k	0.009077727794647217	0	1	1	3	0.006254673004150391	0.020090579986572266	0	1	1	2	0.015393316745758057
397487	mcp2k	0.004254341125488281	0	1	1	3	0.0030953288078308105	0.009318947792053223	0	1	1	2	0.00817251205444336
397542	mcp2k	0.005369067192077637	0	1	1	2	0.0034657716751098633	0.010338246822357178	0	1	1	2	0.00852668285369873
397599	mcp2k	0.5876321792602539	1	1	1	0	0.5876321792602539	0.6341594457626343	1	1	1	0	0.6341594457626343
397630	mcp2k	0.014528870582580566	1	1	1	0	0.014528870582580566	0.024109601974487305	1	1	1	0	0.024109601974487305
397722	mcp1k	0.005307257175445557	0	1	1	1	0.0033223628997802734	0.010274946689605713	0	1	1	1	0.008525252342224121
397920	mcp1k	0.7007496356964111	1	1	1	0	0.7007496356964111	0.70125412940979	1	1	1	0	0.70125412940979
397927	mcp2k	0.9331504702568054	1	1	1	0	0.9331504702568054	0.9353125095367432	1	1	1	0	0.9353125095367432
398181	mcp2k	0.9999998807907104	1	1	1	0	0.9999998807907104	0.9999997615814209	1	1	1	0	0.9999997615814209
398260	mcp1k	0.5722963213920593	1	1	1	0	0.5722963213920593	0.6155359148979187	1	1	1	0	0.6155359148979187
398268	mcp2k	0.006436288356781006	1	1	1	0	0.006436288356781006	0.011824727058410645	1	1	1	0	0.011824727058410645
398313	mcp2k	0.005408167839050293	0	0	1	7	0.0028042197227478027	0.010378062725067139	0	0	1	5	0.008095860481262207
398414	mcp1k	0.0036802291870117188	1	1	1	0	0.0036802291870117188	0.008693516254425049	1	1	1	0	0.008693516254425049
399052	mcp1k	0.17364081740379333	1	1	1	0	0.17364081740379333	0.2077859342098236	1	1	1	0	0.2077859342098236
399061	mcp2k	0.005484163761138916	0	0	1	9	0.001996755599975586	0.010455071926116943	0	0	1	9	0.007144272327423096
399118	mcp1k	0.0059549808502197266	0	0	0	-1	-9	0.010686397552490234	0	0	0	-1	-9
399303	mcp2k	0.6934202909469604	1	1	1	0	0.6934202909469604	0.662246584892273	1	1	1	0	0.662246584892273
399328	mcp1k	0.002768099308013916	0	1	1	4	0.00037169456481933594	0.007712900638580322	0	1	1	4	0.005179345607757568
399702	mcp1k	0.0056816935539245605	0	0	0	-1	-9	0.011501312255859375	0	0	0	-1	-9
399856	mcp1k	0.003842175006866455	0	1	1	1	0.003080308437347412	0.008899986743927002	0	1	1	1	0.008493483066558838
399860	ncpi0	0.49165844917297363	1	1	1	0	0.49165844917297363	0.5700898170471191	1	1	1	0	0.5700898170471191
399998	mcp1k	0.005001842975616455	0	1	1	1	0.004612445831298828	0.010302603244781494	0	1	1	1	0.00975048542022705
400029	mcp2k	0.07901215553283691	1	1	1	0	0.07901215553283691	0.09723794460296631	1	1	1	0	0.09723794460296631
400054	mcp1k	0.005358397960662842	0	0	0	-1	-9	0.010327279567718506	0	0	0	-1	-9
400117	mcp2k	0.85859614610672	1	1	1	0	0.85859614610672	0.9418716430664062	1	1	1	0	0.9418716430664062
400185	mcp2k	0.006996095180511475	0	0	0	-1	-9	0.012271404266357422	0	0	0	-1	-9
400251	mcp2k	0.2657105326652527	0	1	1	1	0.20383203029632568	0.32186204195022583	0	1	1	1	0.23795467615127563
400460	mcp1k	0.005563557147979736	1	1	1	0	0.005563557147979736	0.010616660118103027	1	1	1	0	0.010616660118103027
400474	nuecc48	0.9711194038391113	1	1	1	0	0.9711194038391113	0.9756560325622559	1	1	1	0	0.9756560325622559
400504	mcp1k	0.004473984241485596	0	1	1	3	0.003786325454711914	0.009461462497711182	0	1	1	3	0.008916795253753662
400592	mcp1k	0.9258648753166199	1	1	1	0	0.9258648753166199	0.9169648885726929	1	1	1	0	0.9169648885726929
400636	mcp1k	0.0116959810256958	1	1	1	0	0.0116959810256958	0.01873725652694702	1	1	1	0	0.01873725652694702
400779	mcp2k	0.0038638710975646973	0	0	0	-1	-9	0.008949339389801025	0	0	0	-1	-9
400856	mcp1k	0.00446772575378418	0	1	1	1	0.004431962966918945	0.009755074977874756	0	1	1	1	0.009579062461853027
401054	mcp1k	0.005504965782165527	0	0	0	-1	-9	0.01047605276107788	0	0	0	-1	-9
401197	mcp2k	0.005170166492462158	1	1	1	0	0.005170166492462158	0.010077297687530518	0	1	1	1	0.009915649890899658
401241	mcp2k	0.0043753981590271	0	1	1	2	0.002889573574066162	0.00944054126739502	0	1	1	2	0.007929861545562744
401516	mcp1k	0.7989155054092407	1	1	1	0	0.7989155054092407	0.798827588558197	1	1	1	0	0.798827588558197
401626	mcp1k	0.00530850887298584	0	0	0	-1	-9	0.010276257991790771	0	0	0	-1	-9
401780	mcp1k	0.1196972131729126	0	0	1	9	0.004555881023406982	0.1622440218925476	0	0	1	9	0.009652316570281982
402077	mcp2k	0.12931475043296814	1	1	1	0	0.12931475043296814	0.21363699436187744	1	1	1	0	0.21363699436187744
402209	mcp2k	0.995705783367157	1	1	1	0	0.995705783367157	0.9936121106147766	1	1	1	0	0.9936121106147766
402330	mcp1k	0.0052130818367004395	0	1	1	3	0.0029850006103515625	0.010187029838562012	0	1	1	3	0.008041024208068848
402880	mcp1k	0.005483269691467285	0	0	0	-1	-9	0.010454058647155762	0	0	0	-1	-9
403023	mcp2k	0.005444645881652832	0	0	0	-1	-9	0.010415196418762207	0	0	0	-1	-9
403397	mcp2k	0.00554579496383667	1	1	1	0	0.00554579496383667	0.01098489761352539	1	1	1	0	0.01098489761352539
404189	mcp2k	0.6115965843200684	1	1	1	0	0.6115965843200684	0.6586322784423828	1	1	1	0	0.6586322784423828
404244	mcp1k	0.005342543125152588	0	0	0	-1	-9	0.010311007499694824	0	0	0	-1	-9
404684	mcp1k	0.004838287830352783	1	1	1	0	0.004838287830352783	0.009804189205169678	1	1	1	0	0.009804189205169678
405201	mcp2k	1.0	1	1	1	0	1.0	0.9999998807907104	1	1	1	0	0.9999998807907104
405234	mcp1k	0.0040051937103271484	0	0	1	6	0.0022830963134765625	0.008648455142974854	0	0	1	5	0.007432997226715088
405432	mcp1k	0.9938492178916931	1	1	1	0	0.9938492178916931	0.9944995045661926	1	1	1	0	0.9944995045661926
405674	mcp1k	0.9524277448654175	1	1	1	0	0.9524277448654175	0.964894711971283	1	1	1	0	0.964894711971283
405707	mcp2k	0.9497063755989075	1	1	1	0	0.9497063755989075	0.9534135460853577	1	1	1	0	0.9534135460853577
405740	mcp1k	0.005407571792602539	0	1	1	2	0.004377603530883789	0.01037752628326416	0	1	1	2	0.009438872337341309
405927	mcp2k	0.005417287349700928	0	0	0	-1	-9	0.01038748025894165	0	0	1	9	0.008335351943969727
406125	mcp2k	0.006517648696899414	0	0	0	-1	-9	0.011715054512023926	0	0	0	-1	-9
406367	mcp2k	0.00534975528717041	0	0	1	7	0.004153132438659668	0.010318398475646973	0	0	1	7	0.009339094161987305
406631	mcp2k	0.005425214767456055	0	0	1	9	0.004382610321044922	0.010579884052276611	0	0	1	7	0.009470641613006592
406752	mcp1k	0.00342714786529541	0	1	1	2	0.002803206443786621	0.00856250524520874	0	1	1	3	0.00775378942489624
406796	mcp1k	0.005468845367431641	0	0	0	-1	-9	0.010439634323120117	0	0	0	-1	-9
407148	mcp1k	0.9999997615814209	1	1	1	0	0.9999997615814209	0.9999996423721313	1	1	1	0	0.9999996423721313
407280	mcp1k	0.8907445669174194	1	1	1	0	0.8907445669174194	0.9004135131835938	1	1	1	0	0.9004135131835938
407534	mcp2k	0.005419909954071045	0	0	1	6	0.004486262798309326	0.010390102863311768	0	1	1	4	0.010280966758728027
407886	mcp2k	0.009174227714538574	0	0	1	8	0.003300189971923828	0.01516103744506836	0	0	1	8	0.008424043655395508
407918	mcp1k	0.005464375019073486	0	0	0	-1	-9	0.010435402393341064	0	0	0	-1	-9
408326	mcp2k	0.8290435075759888	1	1	1	0	0.8290435075759888	0.8333483338356018	1	1	1	0	0.8333483338356018
408534	mcp1k	0.006183743476867676	1	1	1	0	0.006183743476867676	0.0118943452835083	1	1	1	0	0.0118943452835083
408678	mcp2k	0.00544893741607666	0	0	1	8	0.004077553749084473	0.010419666767120361	0	0	1	6	0.009758234024047852
409052	mcp2k	0.011008203029632568	1	1	1	0	0.011008203029632568	0.017319440841674805	1	1	1	0	0.017319440841674805
409140	mcp2k	0.0347905158996582	0	1	1	1	0.032144010066986084	0.042827486991882324	0	1	1	1	0.0413394570350647
409514	mcp2k	0.016185998916625977	0	1	1	2	0.004376471042633057	0.023116230964660645	0	1	1	2	0.009768784046173096
409546	mcp1k	0.018774569034576416	0	1	1	1	0.009067356586456299	0.024447739124298096	0	1	1	1	0.015614628791809082
409634	mcp1k	0.005454003810882568	0	0	0	-1	-9	0.01042473316192627	0	0	0	-1	-9
409888	mcp2k	0.2833789587020874	0	0	1	5	0.1136506199836731	0.3354831039905548	0	0	1	5	0.1355627179145813
409906	mcp2k	0.005420565605163574	0	0	0	-1	-9	0.010390758514404297	0	0	0	-1	-9
409920	mcp1k	0.00541234016418457	0	0	0	-1	-9	0.010382413864135742	0	0	0	-1	-9
409942	mcp1k	0.9999921917915344	1	1	1	0	0.9999921917915344	0.9999940991401672	1	1	1	0	0.9999940991401672
409964	mcp1k	0.0631948709487915	1	1	1	0	0.0631948709487915	0.07016903162002563	1	1	1	0	0.07016903162002563
410008	mcp1k	0.005649685859680176	0	0	0	-1	-9	0.011718809604644775	0	0	0	-1	-9
410566	mcp2k	0.005510807037353516	0	1	1	4	0.004518270492553711	0.010670721530914307	0	1	1	4	0.009635746479034424
410680	mcp2k	0.820772647857666	1	1	1	0	0.820772647857666	0.8403913378715515	1	1	1	0	0.8403913378715515
410698	mcp2k	0.010063648223876953	1	1	1	0	0.010063648223876953	0.01580369472503662	1	1	1	0	0.01580369472503662
411460	mcp1k	0.005468130111694336	0	1	1	4	0.003294825553894043	0.010438919067382812	0	1	1	4	0.008361399173736572
412208	mcp1k	0.005516529083251953	1	1	1	0	0.005516529083251953	0.012003660202026367	1	1	1	0	0.012003660202026367
412396	mcp2k	0.7615643739700317	1	1	1	0	0.7615643739700317	0.7503958344459534	1	1	1	0	0.7503958344459534
412612	mcp2k	0.0048828125	0	0	1	8	0.0033292174339294434	0.009848415851593018	0	0	1	7	0.008385419845581055
412638	mcp2k	0.0047959089279174805	1	1	1	0	0.0047959089279174805	0.010175764560699463	1	1	1	0	0.010175764560699463
414024	mcp2k	0.005388021469116211	0	0	0	-1	-9	0.010357558727264404	0	0	0	-1	-9
414200	mcp2k	0.7455456256866455	1	1	1	0	0.7455456256866455	0.7697308659553528	1	1	1	0	0.7697308659553528
414240	mcp2k	0.005300581455230713	0	1	1	1	0.0033121109008789062	0.01026761531829834	0	1	1	1	0.008425235748291016
414288	mcp2k	0.001804947853088379	0	1	1	2	0.0004939436912536621	0.00607377290725708	0	1	1	2	0.005448520183563232
414306	mcp2k	0.0071700215339660645	1	1	1	0	0.0071700215339660645	0.013546645641326904	1	1	1	0	0.013546645641326904
415186	mcp2k	0.006196856498718262	0	1	1	1	0.005675077438354492	0.01086360216140747	1	1	1	0	0.01086360216140747
417100	mcp2k	0.657232403755188	1	1	1	0	0.657232403755188	0.658327579498291	1	1	1	0	0.658327579498291
417496	mcp2k	0.005445897579193115	0	0	1	8	0.0013605356216430664	0.010416507720947266	0	0	1	8	0.006494998931884766
417782	mcp2k	0.005399167537689209	0	0	0	-1	-9	0.010368883609771729	0	0	0	-1	-9
422851	nuecc48	0.8311303853988647	1	1	1	0	0.8311303853988647	0.8523948192596436	1	1	1	0	0.8523948192596436
423981	nuecc48	1.0	1	1	1	0	1.0	1.0	1	1	1	0	1.0
433451	nuecc48	0.9930174946784973	1	1	1	0	0.9930174946784973	0.9962320327758789	1	1	1	0	0.9962320327758789
437699	nuecc48	0.658201277256012	1	1	1	0	0.658201277256012	0.6595726013183594	1	1	1	0	0.6595726013183594
444187	nuecc48	0.9998700022697449	1	1	1	0	0.9998700022697449	0.9998058676719666	1	1	1	0	0.9998058676719666
447477	nuecc48	0.7089559435844421	1	1	1	0	0.7089559435844421	0.7535769939422607	1	1	1	0	0.7535769939422607
463565	ncpi0	0.005384624004364014	0	0	0	-1	-9	0.010658442974090576	0	0	0	-1	-9
469665	nuecc48	0.019782066345214844	1	1	1	0	0.019782066345214844	0.03866147994995117	1	1	1	0	0.03866147994995117
473952	mcp2k	0.03626531362533569	1	1	1	0	0.03626531362533569	0.04153275489807129	1	1	1	0	0.04153275489807129
474370	mcp2k	0.0054724812507629395	0	0	0	-1	-9	0.01057291030883789	0	0	0	-1	-9
474612	mcp2k	0.003600597381591797	1	1	1	0	0.003600597381591797	0.00856637954711914	1	1	1	0	0.00856637954711914
474678	mcp2k	0.9945788383483887	1	1	1	0	0.9945788383483887	0.9967023730278015	1	1	1	0	0.9967023730278015
477142	mcp2k	0.00543898344039917	0	0	0	-1	-9	0.01040959358215332	0	0	0	-1	-9
478088	mcp2k	0.006513118743896484	1	1	1	0	0.006513118743896484	0.01287013292312622	1	1	1	0	0.01287013292312622
478220	mcp2k	0.39749112725257874	1	1	1	0	0.39749112725257874	0.47180402278900146	1	1	1	0	0.47180402278900146
478594	mcp2k	0.714402437210083	1	1	1	0	0.714402437210083	0.7212144136428833	1	1	1	0	0.7212144136428833
478638	mcp2k	0.035774827003479004	1	1	1	0	0.035774827003479004	0.04916501045227051	1	1	1	0	0.04916501045227051
478880	mcp2k	0.3836493492126465	1	1	1	0	0.3836493492126465	0.3439090847969055	1	1	1	0	0.3439090847969055
479650	mcp2k	0.005426228046417236	0	0	0	-1	-9	0.010396480560302734	0	0	0	-1	-9
480728	mcp2k	0.0054808855056762695	0	1	1	4	0.003921627998352051	0.010451853275299072	0	1	1	3	0.0090445876121521
480772	mcp2k	0.8889992237091064	1	1	1	0	0.8889992237091064	0.918748676776886	1	1	1	0	0.918748676776886
481014	mcp2k	0.0053820013999938965	0	1	1	1	0.004158437252044678	0.010351359844207764	0	1	1	1	0.009122252464294434
486247	mcp1k	0.005475401878356934	0	1	1	1	0.0036690831184387207	0.01044619083404541	0	1	1	1	0.008743822574615479
486687	mcp1k	0.04957771301269531	1	1	1	0	0.04957771301269531	0.059616267681121826	1	1	1	0	0.059616267681121826
487303	mcp1k	0.005375206470489502	0	0	0	-1	-9	0.010344445705413818	0	0	0	-1	-9
487853	mcp1k	0.005363762378692627	0	0	0	-1	-9	0.010332643985748291	0	0	0	-1	-9
488139	mcp1k	0.004577994346618652	1	1	1	0	0.004577994346618652	0.00976639986038208	1	1	1	0	0.00976639986038208
488755	mcp1k	0.005247950553894043	0	0	1	6	0.0031014680862426758	0.010217547416687012	0	0	1	6	0.00826960802078247
489327	mcp1k	0.999998152256012	1	1	1	0	0.999998152256012	0.9999986290931702	1	1	1	0	0.9999986290931702
489330	nuecc48	0.1329149603843689	1	1	1	0	0.1329149603843689	0.15713894367218018	1	1	1	0	0.15713894367218018
489503	mcp1k	0.02915322780609131	0	0	0	-1	-9	0.04455673694610596	0	0	0	-1	-9
490361	mcp1k	0.9999942183494568	1	1	1	0	0.9999942183494568	0.9999970197677612	1	1	1	0	0.9999970197677612
490581	mcp1k	0.0048656463623046875	1	1	1	0	0.0048656463623046875	0.009830594062805176	1	1	1	0	0.009830594062805176
490779	mcp1k	0.0054683685302734375	0	0	0	-1	-9	0.010439097881317139	0	0	0	-1	-9
490977	mcp1k	0.00837719440460205	0	0	0	-1	-9	0.014094829559326172	0	0	0	-1	-9
491483	mcp1k	0.005378365516662598	0	1	1	2	0.003836393356323242	0.010347723960876465	0	1	1	2	0.008806347846984863
492649	mcp1k	0.005475223064422607	0	0	0	-1	-9	0.011003196239471436	0	0	0	-1	-9
492803	mcp1k	0.903373122215271	1	1	1	0	0.903373122215271	0.9250177145004272	1	1	1	0	0.9250177145004272
492913	mcp1k	0.005363941192626953	0	1	1	1	0.003272414207458496	0.010332882404327393	0	1	1	1	0.00836789608001709
493243	mcp1k	0.006994783878326416	0	0	0	-1	-9	0.013033270835876465	0	0	0	-1	-9
493659	mcp2k	0.005475521087646484	0	0	1	5	0.00508570671081543	0.010446369647979736	0	1	1	3	0.010217845439910889
494297	mcp2k	0.10656297206878662	1	1	1	0	0.10656297206878662	0.19021260738372803	1	1	1	0	0.19021260738372803
494847	mcp2k	0.005504965782165527	0	0	1	5	0.004697978496551514	0.01047605276107788	0	0	1	5	0.009806573390960693
495199	mcp2k	0.15675202012062073	1	1	1	0	0.15675202012062073	0.17302191257476807	1	1	1	0	0.17302191257476807
495881	mcp2k	0.005182385444641113	0	1	1	3	0.0037192106246948242	0.010155320167541504	0	1	1	2	0.009012877941131592
497311	mcp2k	0.011154770851135254	0	0	0	-1	-9	0.023319244384765625	0	0	0	-1	-9
497399	mcp2k	0.0055048465728759766	0	0	0	-1	-9	0.01047593355178833	0	0	0	-1	-9
497553	mcp2k	0.029834270477294922	1	1	1	0	0.029834270477294922	0.04334980249404907	1	1	1	0	0.04334980249404907
498851	mcp2k	0.9974135756492615	1	1	1	0	0.9974135756492615	0.9979738593101501	1	1	1	0	0.9979738593101501
499115	mcp2k	0.5673390626907349	1	1	1	0	0.5673390626907349	0.5792101621627808	1	1	1	0	0.5792101621627808
499423	mcp2k	0.006129741668701172	0	0	0	-1	-9	0.01146388053894043	0	0	0	-1	-9
499577	mcp2k	0.9731045961380005	1	1	1	0	0.9731045961380005	0.9805697202682495	1	1	1	0	0.9805697202682495
500149	mcp2k	0.005372762680053711	0	0	1	8	0.00315016508102417	0.01046520471572876	0	0	1	7	0.008437633514404297
502019	mcp2k	0.005331814289093018	0	1	1	4	0.0049620866775512695	0.010489702224731445	0	1	1	4	0.010118067264556885
502525	mcp2k	0.005386173725128174	0	0	0	-1	-9	0.010355651378631592	0	0	0	-1	-9
502921	mcp2k	0.9822002649307251	1	1	1	0	0.9822002649307251	0.9808604717254639	1	1	1	0	0.9808604717254639
506114	ncpi0	0.3472582697868347	1	1	1	0	0.3472582697868347	0.38022878766059875	1	1	1	0	0.38022878766059875
506746	ncpi0	0.8148414492607117	1	1	1	0	0.8148414492607117	0.8478721380233765	1	1	1	0	0.8478721380233765
521075	ncpi0	0.019604265689849854	1	1	1	0	0.019604265689849854	0.03263247013092041	1	1	1	0	0.03263247013092041
