run	subrun	event	row	nu_index	gid	cluster_id	sel_cluster_id	cid_relation	n_act	sel_demoted	sel_fc	sel_length_cm	bundle_has_vetoed	n_vetoed	nu_x	nu_y	nu_z	vertex_default	reco_Enu	numu_score	nue_score	neutrino_type	nt_cosmic	nt_numucc	nt_nc	nt_nue	cosmict_flag	n_truth	t_idx	t_flav	t_mode	t_ccnc	t_Etot	t_Edep	t_T	t_dist_cm	mc_reco_Enu	flash_time_us	flash_pe	flash_tpc	flash_group	has_vertex	vertex_moved_cluster	br_filled	mip_filled	n_act_all_roles	n_companion
291	3	3746	0	0	1000002	15	15	same	1	0	1	111.8	0	0	39.93	18.22	72.76	0	800.5	-0.0931	9.0606	40	0	0	1	1	0	2	0	nue	RES	CC	2163.5	1331.4	0.08	1.35		0.2163	24380.6	1	8	1	0	1	1	37	36
291	3	6540	0	0	1000000	12	12	same	2	0	0	53.1	0	0	180.16	-35.60	197.92	0	1279.2	0.3050	4.9070	8	0	0	1	0	0	1	0	nue	RES	CC	1263.5	1093.7	0.617	0.31		0.7513	51080.6	1	1000000	1	0	1	1	37	35
291	3	7221	0	0	0	4	4	same	2	0	0	57.4	0	0	-200.87	-132.08	241.06	0	840.6	-0.9414	-15.0000	10	1	0	1	0	1	2	1	nue	QE	CC	1876.2	897.6	1.335	26.84		1.4704	46108.1	0	0	1	0	0	0	33	31
291	3	8498	0	0	1000000	9	9	same	2	0	0	78.5	0	0	33.41	-122.32	421.44	0	1697.6	-1.4819	11.3031	40	0	0	1	1	0	1	0	nue	RES	CC	2912.1	1893.9	1.264	1.02		1.3999	29853.2	1	6	1	0	1	1	45	43
291	3	9313	0	0	5	60	8	not_in_act	1	0	1	41.2	0	0	-27.50	86.75	304.83	0	607.2	-0.7161	-7.2523	8	0	0	1	0	0	2	1	nue	RES	CC	813.5	668.4	0.527	23.46		0.6625	14446.1	0	5	1	1	1	1	17	16
291	3	11934	0	0	0	4	4	same	1	0	0	26.8	0	0	-157.83	-43.78	486.12	0	244.7	0.3951	-15.0000	8	0	0	1	0	0	1	0	nue	RES	CC	1499.0	435.8	0.457	0.42		0.5903	16640.6	0	0	1	0	0	0	4	3
291	3	12273	0	0	0	6	6	same	1	0	1	84.3	0	0	-103.99	-30.98	333.75	0	1443.7	-0.2287	10.4710	40	0	0	1	1	0	2	1	nue	QE	CC	1392.2	1306.4	0.621	2.19		0.7561	38435.6	0	0	1	0	1	1	50	49
291	14	761	0	0	1	24	18	in_act_not_selected	28	0	1	193.0	0	0	-176.75	160.30	70.51	0	1582.8	-0.7788	15.3525	40	0	0	1	1	0	2	0	nue	RES	CC	1687.8	1334.2	0.802	0.31		0.9344	48912.4	0	1	1	1	1	1	35	7
291	14	761	1	1	1000004	82	11	not_in_act	2	0	1	17.8	0	0	12.76	22.80	212.66	0	398.9	-0.4728	-10.7166	8	0	0	1	0	0	2	1	numu	RES	CC	1080.9	844.9	0.541	28.37		0.6759	10966.9	1	1000004	1	1	1	1	10	8
291	14	3143	0	0	1000002	11	11	same	1	0	0	59.2	0	0	117.15	-187.90	449.77	0	841.2	1.1829	15.6536	36	0	1	0	1	0	3	0	nue	QE	CC	1410.5	704.1	0.716	0.83		0.8525	16908.6	1	1000002	1	0	1	1	21	20
291	14	3812	0	0	0	3	3	same	1	0	0	46.4	0	0	-173.27	17.26	209.69	0	1011.3	-0.4911	-1.4830	8	0	0	1	0	0	1	0	nue	QE	CC	1260.4	1027.6	0.993	28.51		1.1261	43783.2	0	0	1	0	1	1	30	29
291	14	6248	0	0	0	7	7	same	2	0	1	139.0	0	0	-136.26	-109.33	25.86	0	2608.0	0.1863	2.0348	4	0	1	0	0	0	1	0	nue	RES	CC	3398.6	3358.7	1.423	7.67		1.5574	72904.5	0	0	1	0	1	1	93	91
291	14	10406	0	0	1000002	27	27	same	1	0	1	123.8	0	0	11.89	-110.76	292.55	0	1618.5	0.0229	14.6993	36	0	1	0	1	0	1	0	nue	RES	CC	2069.3	1678.6	1.414	1.22		1.5488	27627.3	1	6	1	0	1	1	43	42
291	14	11963	0	0	1	8	8	same	1	0	1	39.2	0	0	-119.38	-166.41	46.21	0	865.9	-0.2167	-1.4049	40	0	0	1	1	0	1	0	nue	MEC	CC	1005.3	907.3	0.839	15.77		0.9739	15421.6	0	1	1	0	1	1	37	36
291	18	1601	0	0	1000001	15	15	same	1	0	0	80.8	0	0	169.27	178.32	322.52	0	1472.3	1.5909	4.3513	8	0	0	1	0	0	1	0	nue	QE	CC	1639.1	1448.3	0.335	25.18		0.4669	52185.2	1	1000001	1	0	1	1	28	27
291	18	2019	0	0	1	15	15	same	16	0	1	64.3	0	0	-41.76	85.57	375.79	0	1778.0	0.7982	5.9817	36	0	1	0	1	0	2	0	nue	RES	CC	2367.7	1561.1	0.433	0.93		0.5683	27535.2	0	1	1	0	1	1	68	52
291	18	3179	0	0	1000001	10	10	same	1	0	1	57.7	0	0	168.74	-147.31	52.62	0	1404.2	-0.0312	-3.7325	8	0	0	1	0	0	1	0	nue	QE	CC	1052.5	1053.7	1.575	42.68		1.7113	27107.2	1	1000001	1	0	1	1	40	39
291	18	5657	0	0	1000004	6	6	same	1	0	1	33.5	0	0	41.87	-180.98	217.98	0	454.1	0.5898	-15.0000	8	0	0	1	0	0	2	0	nue	QE	CC	379.1	327.8	1.109	43.02		1.2504	5514.1	1	16	1	0	0	0	14	13
291	18	7087	0	0	1	4	4	same	1	0	1	106.8	0	0	-170.22	84.43	92.25	0	906.0	-0.4767	-15.0000	8	0	0	1	0	0	1	0	nue	MEC	CC	1666.8	1641.2	1.484	0.14		1.6197	45754.3	0	1	1	0	0	0	42	41
291	18	7098	0	0	1000003	9	9	same	1	0	0	37.8	0	0	71.15	195.54	446.19	0	644.6	1.2072	-15.0000	6	1	1	0	0	1	2	1	nue	RES	CC	1990.3	359.6	0.452	3.47		0.5885	5732.3	1	22	1	0	0	0	19	18
291	18	8573	0	0	1000001	54	9	not_in_act	1	0	1	62.8	0	0	116.52	21.62	121.80	0	1629.4	-0.4520	15.0515	40	0	0	1	1	0	1	0	nue	QE	CC	1563.4	1514.7	0.615	0.72		0.7520	49593.4	1	1000001	1	1	1	1	42	41
291	18	9249	0	0	1000005	9	9	same	1	0	0	37.1	0	0	166.81	-185.77	36.61	0	741.7	1.1560	-15.0000	4	0	1	0	0	0	1	0	nue	DIS	CC	1325.4	477.9	1.577	0.59		1.7085	17098.5	1	1000005	1	0	0	0	7	6
291	18	9497	0	0	0	6	6	same	1	0	1	27.8	0	0	-130.12	-158.55	29.08	0	483.4	1.0005	12.0559	40	0	0	1	1	0	2	1	nue	QE	CC	313.0	293.5	0.8	0.32		0.4033	26658.3	0	0	1	0	1	1	22	21
291	18	12115	0	0	1000004	18	18	same	12	0	1	80.0	0	0	-8.82	-63.18	43.34	0	873.6	0.0182	4.8917	8	0	0	1	0	0	2	1	nue	RES	CC	1140.1	977.5	0.534	3.56		0.6699	7487.0	1	4	1	0	1	1	34	22
291	18	12331	0	0	3	4	4	same	1	0	0	57.3	0	0	-56.37	-147.14	468.94	0	588.3	0.9708	15.6536	36	0	1	0	1	0	2	1	nue	QE	CC	1195.7	450.7	1.532	1.34		1.6677	7085.9	0	3	1	0	1	1	16	15
291	19	562	0	0	1000001	10	10	same	1	0	1	42.3	0	0	122.88	85.65	319.31	0	1113.1	1.0502	-3.6321	4	0	1	0	0	0	3	1	nue	DIS	CC	889.9	831.3	0.546	1.36		0.6797	24010.1	1	1000001	1	0	1	1	38	37
291	19	1655	0	0	1000003	11	11	same	1	0	1	49.9	0	0	132.72	107.84	265.57	0	519.0	1.3472	4.5241	4	0	1	0	0	0	1	0	nue	RES	CC	602.2	448.4	1.375	0.85		1.5103	14559.4	1	1000003	1	0	1	1	16	15
291	19	3596	0	0	1000000	27	27	same	30	1	0	150.0	1	1	181.28	-155.20	131.02	0	1898.4	0.6217	-8.4692	4	0	1	0	0	0	2	1	numu	DIS	CC	4339.7	1894.5	0.252	17.49		0.3861	48118.6	1	1000000	1	0	1	1	31	1
291	19	3596	1	1	0	24	24	same	91	1	1	128.9	1	1	-95.50	-117.49	103.96	0	3828.1	-1.6884	7.8428	40	0	0	1	1	0	2	0	nue	RES	CC	4614.6	4126.8	1.578	1.22		1.7134	105810.4	0	0	1	0	1	1	95	4
291	19	3726	0	0	1000005	12	12	same	1	0	0	50.6	0	0	147.35	186.74	348.62	0	837.8	-0.1082	7.7457	40	0	0	1	1	0	1	0	nue	QE	CC	1332.4	738.3	0.11	0.66		0.2423	18946.6	1	1000005	1	0	1	1	21	20
291	19	4976	0	0	1000000	9	9	same	1	0	0	77.4	0	0	164.34	17.53	383.22	0	1137.5	-0.1311	-15.0000	8	0	0	1	0	0	1	0	nue	MEC	CC	1609.4	1355.3	0.98	38.54		1.1141	62642.8	1	1000000	1	0	0	0	34	33
291	19	6515	0	0	1000004	8	8	same	1	0	0	67.0	0	0	159.93	-167.81	0.09	0	495.5	-1.3185	-15.0000	10	1	0	1	0	1	2	0	nue	QE	CC	524.1	405.6	1.502	31.01		1.6383	10231.6	1	1000004	1	0	0	0	2	1
291	19	7520	0	0	1000005	20	20	same	1	0	1	30.0	0	0	156.13	193.76	415.65	0	494.8	-1.7750	10.1962	40	0	0	1	1	0	1	0	nue	QE	CC	764.1	521.2	1.249	0.50		1.3857	13352.4	1	1000005	1	0	1	1	26	25
291	19	7906	0	0	0	7	7	same	1	0	1	47.7	0	0	-135.15	-134.32	85.24	0	731.2	-1.1654	12.7944	40	0	0	1	1	0	3	2	nue	QE	CC	689.2	684.0	1.329	0.26		1.4657	16909.9	0	0	1	0	1	1	36	35
291	19	8935	0	0	1000002	13	13	same	1	0	0	93.2	0	0	156.15	-198.08	182.80	0	1490.5	-1.9676	5.1248	10	1	0	1	0	1	2	0	nue	QE	CC	1653.1	1423.3	1.409	1.32		1.5430	33164.7	1	1000002	1	0	1	1	48	47
291	26	923	0	0	3	5	5	same	1	0	1	34.2	0	0	-18.45	-121.43	146.43	0	631.4	0.1908	10.5230	40	0	0	1	1	0	1	0	nue	RES	CC	856.8	546.2	0.405	1.03		0.5404	13080.7	0	3	1	0	1	1	13	12
291	26	3245	0	0	1000002	18	18	same	10	0	0	97.3	0	0	95.16	-57.20	460.52	0	408.0	-0.2349	-15.0000	6	1	1	0	0	1	1	0	nue	QE	CC	813.9	627.8	0.226	36.46		0.3618	11659.4	1	1000002	1	0	0	0	15	5
291	26	5381	0	0	1000001	10	10	same	1	0	1	109.8	0	0	120.91	167.28	105.34	0	1371.8	0.9064	0.3643	4	0	1	0	0	0	2	0	nue	DIS	CC	1704.5	1394.6	0.255	0.63		0.3910	29446.0	1	1000001	1	0	1	1	17	16
291	26	5474	0	0	0	7	7	same	2	0	1	80.4	0	0	-168.56	-91.42	130.47	0	1551.5	-0.7770	-2.3416	8	0	0	1	0	0	1	0	nue	MEC	CC	1568.1	1375.3	1.256	49.15		1.3912	38827.1	0	0	1	0	1	1	36	34
291	26	6105	0	0	1000000	13	13	same	6	0	0	47.2	0	0	153.54	-24.54	118.61	0	1261.1	0.0833	-0.0798	8	0	0	1	0	0	1	0	nue	RES	CC	1996.6	1763.4	0.71	0.11		0.8441	56365.3	1	10	1	0	1	1	63	57
291	26	8472	0	0	0	12	12	same	3	0	1	64.4	0	0	-53.56	43.95	133.83	0	1504.7	-0.1767	2.2759	8	0	0	1	0	0	2	1	nue	QE	CC	1582.6	1599.9	0.141	24.55		0.2783	36576.8	0	0	1	0	1	1	50	47
291	26	9856	0	0	1000002	13	13	same	1	0	0	40.9	0	0	179.31	-199.73	100.70	0	336.7	-2.2488	-15.0000	10	1	0	1	0	1	2	1	numu	MEC	CC	3788.0	420.0	0.328	14.25		0.4617	12303.1	1	1000002	1	0	0	0	3	2
291	26	11568	0	0	0	17	17	same	4	0	1	86.2	0	0	-116.01	108.90	266.96	0	1447.7	0.5117	9.4553	4	0	1	0	0	0	3	0	nue	RES	CC	1341.9	1234.3	0.806	0.56		0.9411	29012.1	0	0	1	0	1	1	27	23
291	28	440	0	0	1000007	10	10	same	1	0	1	10.9	0	0	92.55	-170.09	227.96	0	196.3	-1.9345	-15.0000	10	1	0	1	0	1	2	0	nue	RES	CC	679.9	300.5	0.428	7.08		0.5659	5766.7	1	1000007	1	0	0	0	5	4
291	28	1911	0	0	1000006	18	18	same	1	0	0	22.1	0	0	131.57	-184.39	78.11	0	243.1	-1.0474	-15.0000	8	0	0	1	0	0	1	0	nue	QE	CC	232.9	151.3	0.309	3.14		0.4444	3431.8	1	1000006	1	0	0	0	5	4
291	28	2162	0	0	4	1	1	same	1	0	0	13.6	0	0	-86.84	-84.77	493.05	0	420.2	1.7978	-15.0000	4	0	1	0	0	0	1	0	nue	DIS	CC	1829.9	176.3	0.853	1.61		0.9883	7312.0	0	4	1	0	0	0	9	8
291	28	3972	0	0	0	15	15	same	2	0	0	188.0	0	0	-39.81	76.47	338.88	0	1308.1	1.1398	-15.0000	4	0	1	0	0	0	2	1	nue	RES	CC	2351.8	1599.2	0.263	3.80		0.4006	30401.6	0	0	1	0	0	0	13	11
291	28	6975	0	0	2	2	2	same	1	0	1	90.2	0	0	-132.99	151.67	21.48	0	2139.5	-1.2029	12.2479	40	0	0	1	1	0	1	0	nue	RES	CC	2481.6	2108.0	1.238	0.54		1.3707	36070.3	0	2	1	0	1	1	38	37
291	28	7423	0	0	9	78	2	not_in_act	1	0	1	39.9	0	0	-74.98	-14.31	432.10	0	526.5	-1.0753	-15.0000	8	0	0	1	0	0	1	0	nue	QE	CC	347.6	317.7	0.832	90.30		0.9686	6146.5	0	9	1	1	0	0	20	19
291	28	8682	0	0	1000002	10	10	same	1	0	0	57.1	0	0	164.31	-23.42	413.51	0	1047.3	-0.8516	16.2556	40	0	0	1	1	0	1	0	nue	QE	CC	1075.0	961.7	1.455	0.20		1.5910	24934.8	1	1000002	1	0	1	1	21	20
291	28	8877	0	0	4	4	4	same	1	0	1	45.8	0	0	-65.89	-130.38	100.51	0	507.2	-0.6779	6.3695	8	0	0	1	0	0	3	0	nue	QE	CC	671.6	579.6	1.237	1.14		1.3723	10880.7	0	4	1	0	1	1	38	37
291	28	8877	1	1	1000005	26	26	same	15	1	0	33.4	1	1	67.37	-114.82	484.30	0	407.3	1.2492	-15.0000	8	0	0	1	0	0	3	1	numu	RES	NC	2048.1	553.6	0.57	2.26		0.7060	8374.9	1	1000005	1	0	0	0	25	10
291	28	11603	0	0	1000001	10	10	same	2	0	0	100.0	0	0	153.81	-26.18	283.18	0	1349.3	0.1646	11.3874	40	0	0	1	1	0	1	0	nue	QE	CC	1400.7	1216.8	1.073	0.27		1.2085	37233.4	1	1000001	1	0	1	1	18	16
291	28	12135	0	0	1000006	13	13	same	1	0	1	30.9	0	0	125.18	178.71	26.44	0	661.1	-0.7638	-15.0000	8	0	0	1	0	0	3	2	nue	MEC	CC	849.5	592.6	0.289	9.45		0.4248	10410.6	1	1000006	1	0	0	0	22	21
291	37	293	0	0	6	8	8	same	1	0	1	78.2	0	0	-65.03	-152.46	394.27	0	528.7	0.3779	-15.0000	4	0	1	0	0	0	1	0	nue	MEC	CC	663.2	532.8	0.299	1.17		0.4330	8455.5	0	6	1	0	0	0	4	3
291	37	690	0	0	0	68	19	not_in_act	3	0	1	76.8	1	1	-190.45	-131.73	403.53	0	1592.7	0.8101	-15.0000	4	0	1	0	0	0	1	0	nue	RES	CC	2188.1	1400.2	1.135	5.65		1.2689	55575.7	0	0	1	1	0	0	45	42
291	37	4348	0	0	1000004	21	21	same	24	0	1	203.4	0	0	82.55	122.48	391.36	0	813.0	4.3201	-15.0000	4	0	1	0	0	0	3	0	numu	QE	CC	814.2	660.1	1.323	0.74		1.4600	17905.3	1	1000004	1	0	0	0	25	1
291	37	4819	0	0	0	3	3	same	2	0	0	44.5	0	0	-187.57	192.35	318.42	0	990.3	0.2833	12.3990	40	0	0	1	1	0	3	1	nue	QE	CC	1331.0	952.9	0.865	0.14		1.0001	17752.1	0	0	1	0	1	1	34	32
291	37	9656	0	0	1000008	13	13	same	1	0	1	39.8	0	0	177.96	-149.20	138.75	0	412.0	-0.0339	6.2385	40	0	0	1	1	0	1	0	nue	QE	CC	548.2	453.7	0.274	0.38		0.4076	9253.3	1	1000008	1	0	1	1	21	20
291	37	10354	0	0	1000005	21	21	same	12	0	0	67.0	0	0	-4.43	-190.22	162.91	0	1173.7	-0.4877	6.9948	8	0	0	1	0	0	3	1	nue	RES	CC	1349.4	1114.6	1.127	4.69		1.2615	10880.8	1	8	1	0	1	1	24	12
291	37	11789	0	0	1000009	8	8	same	1	0	0	68.0	0	0	79.17	-180.03	195.70	0	719.9	-0.2184	14.4775	40	0	0	1	1	0	2	0	nue	QE	CC	719.3	657.1	1.09	2.20		1.2260	10122.3	1	1000009	1	0	1	1	13	12
291	42	410	0	0	1	94	4	not_in_act	1	0	1	167.8	0	0	-111.82	73.13	175.42	0	1166.6	2.4057	-15.0000	4	0	1	0	0	0	4	1	numu	QE	CC	1053.1	943.2	1.506	0.58		1.6460	25263.8	0	1	1	1	0	0	5	4
291	42	410	1	1	1000000	12	12	same	2	0	1	66.4	0	0	63.26	22.20	316.22	0	1791.6	-0.7729	-0.8832	8	0	0	1	0	0	4	0	nue	QE	CC	2398.0	2322.3	0.525	71.94		0.6647	51482.3	1	1000000	1	0	1	1	62	60
291	42	3653	0	0	1000000	15	15	same	35	0	1	98.2	0	0	171.07	37.35	240.11	0	1217.1	2.6248	0.5856	4	0	1	0	0	0	1	0	nue	RES	CC	1433.0	1229.6	1.183	0.12		1.3190	45410.2	1	15	1	0	1	1	52	17
291	42	4539	0	0	1000012	31	31	same	3	0	0	66.8	0	0	97.23	9.39	6.86	0	752.5	1.6761	-15.0000	6	1	1	0	0	1	1	0	nue	QE	CC	629.7	460.4	1.215	2.84		1.3507	8682.1	1	1000012	1	0	0	0	5	2
291	42	4958	0	0	1000001	22	22	same	2	0	0	72.1	0	0	143.74	177.92	0.86	0	1547.5	-2.0809	10.8130	42	1	0	1	1	1	1	0	nue	QE	CC	1385.2	1325.6	1.404	0.61		1.5383	20819.6	1	1000001	1	0	1	1	38	36
291	42	6815	0	0	7	26	26	same	2	0	1	64.9	0	0	-16.50	159.48	438.87	0	592.5	0.0635	12.7643	8	0	0	1	0	0	1	0	nue	QE	CC	1565.0	640.8	1.591	1.73		1.7257	4958.7	0	7	1	0	1	1	16	14
291	42	7180	0	0	1000004	11	11	same	2	0	0	107.2	0	0	143.66	118.87	73.90	0	817.0	1.3444	-15.0000	8	0	0	1	0	0	2	0	nue	QE	CC	993.6	771.1	0.253	0.25		0.3903	19063.4	1	1000004	1	0	0	0	9	7
291	42	9911	0	0	1	4	4	same	1	0	1	75.1	0	0	-101.14	-51.84	184.57	0	1275.1	-1.7966	-0.4750	8	0	0	1	0	0	2	0	nue	QE	CC	1206.4	1182.0	0.725	36.42		0.8616	31292.9	0	1	1	0	1	1	49	48
291	42	10003	0	0	0	12	12	same	5	0	1	64.4	1	1	-18.50	62.21	247.61	0	1141.3	0.0101	10.7159	8	0	0	1	0	0	3	2	nue	DIS	CC	2076.0	1440.2	0.75	0.30		0.8846	32300.6	0	0	1	0	1	1	37	32
291	45	540	0	0	4	5	5	same	1	0	1	78.7	0	0	-30.30	-108.38	34.68	0	1268.6	0.4903	10.3930	40	0	0	1	1	0	1	0	nue	MEC	CC	1435.9	1313.1	0.724	3.37		0.8610	24761.9	0	4	1	0	1	1	34	33
291	45	1571	0	0	7	5	5	same	1	0	0	40.3	0	0	-124.19	163.96	479.79	0	420.6	0.4434	-15.0000	8	0	0	1	0	0	4	0	nue	RES	CC	1383.0	335.4	1.08	29.31		1.2158	6201.3	0	7	1	0	0	0	9	8
291	45	1832	0	0	1000000	21	21	same	2	0	1	56.2	0	0	122.31	103.06	311.37	0	1656.0	-0.4149	2.0164	8	0	0	1	0	0	1	0	nue	RES	CC	1975.0	1632.3	1.548	4.40		1.6842	40484.8	1	1000000	1	0	1	1	59	57
291	45	2138	0	0	1000002	12	12	same	1	0	0	62.0	0	0	123.21	5.00	473.41	0	1027.0	0.6822	9.0005	8	0	0	1	0	0	2	1	nue	RES	CC	2279.4	1004.0	0.889	0.97		1.0243	24708.4	1	10	1	0	1	1	11	10
291	45	3433	0	0	1	5	5	same	1	0	1	49.9	0	0	-139.83	164.21	65.14	0	644.8	-3.0558	-9.1208	8	0	0	1	0	0	4	2	nue	DIS	CC	1551.3	809.0	0.537	5.57		0.6703	17667.0	0	1	1	0	1	1	24	23
291	45	3460	0	0	0	20	20	same	9	0	1	79.0	0	0	-16.06	22.39	188.54	0	2384.7	-0.4982	1.1847	8	0	0	1	0	0	1	0	nue	RES	CC	2592.9	1870.1	0.162	2.55		0.2960	45380.0	0	0	1	0	1	1	45	36
291	45	4221	0	0	4	14	14	same	8	0	1	15.7	0	0	-53.07	2.79	31.54	0	356.7	-1.2806	-15.0000	10	1	0	1	0	1	2	0	nue	MEC	CC	379.9	331.3	0.686	9.31		0.8225	5990.9	0	4	1	0	0	0	31	23
291	45	6535	0	0	1000000	11	11	same	32	0	1	115.1	0	0	20.48	-8.43	212.47	0	2742.5	-1.8400	12.5016	40	0	0	1	1	0	2	1	nue	QE	CC	2656.4	2615.7	0.391	0.29		0.5272	60287.8	1	10	1	0	1	1	72	40
291	45	9190	0	0	0	13	13	same	3	0	0	56.9	0	0	-185.26	-16.12	16.99	0	849.6	1.2974	-15.0000	4	0	1	0	0	0	2	1	nue	DIS	CC	1598.7	819.0	1.539	0.33		1.6745	38139.6	0	0	1	0	0	0	13	10
291	45	9852	0	0	1000002	9	9	same	2	0	0	60.7	0	0	139.01	-110.20	100.59	0	1010.8	-0.3883	6.8718	40	0	0	1	1	0	1	0	nue	RES	CC	1006.1	961.4	1.577	0.62		1.7127	23242.4	1	1000002	1	0	1	1	30	28
291	45	12214	0	0	12	16	16	same	3	0	0	33.4	0	0	-86.20	-183.40	140.15	0	336.4	0.5142	-15.0000	8	0	0	1	0	0	2	1	nue	QE	CC	739.4	376.1	1.126	1.30		1.2593	5911.4	0	12	1	0	0	0	10	7
291	52	93	0	0	0	12	12	same	23	0	1	105.4	0	0	-18.36	13.86	332.82	0	597.4	0.8113	-15.0000	8	0	0	1	0	0	1	0	nue	RES	CC	1925.5	1478.2	0.977	70.05		1.1134	33031.0	0	0	1	0	0	0	34	11
291	52	1290	0	0	1	4	4	same	1	0	0	49.8	0	0	-191.82	-80.33	489.33	0	511.9	-0.1829	-4.3484	8	0	0	1	0	0	1	0	nue	QE	CC	999.0	650.7	0.53	14.23		0.6631	25826.5	0	1	1	0	1	1	12	11
291	52	1981	0	0	1000003	16	16	same	2	0	0	84.1	0	0	83.59	161.43	135.37	0	1136.5	0.9866	13.6492	36	0	1	0	1	0	3	2	nue	RES	CC	1247.1	1003.4	1.012	1.44		1.1496	16625.5	1	15	1	0	1	1	12	10
291	52	2953	0	0	4	9	9	same	1	0	1	39.5	0	0	-74.90	51.12	482.07	0	734.4	0.0553	12.4964	40	0	0	1	1	0	1	0	nue	RES	CC	1399.3	782.6	0.512	1.59		0.6488	14700.3	0	4	1	0	1	1	27	26
291	52	5271	0	0	1000000	8	8	same	2	0	0	27.0	0	0	198.40	73.09	328.95	0	415.7	0.7947	-15.0000	8	0	0	1	0	0	1	0	nue	RES	CC	426.0	340.4	0.884	5.89		1.0164	14213.5	1	1000000	1	0	0	0	6	4
291	52	5987	0	0	1000002	19	19	same	16	0	0	104.1	0	0	99.53	-185.19	388.11	0	1328.0	2.5067	10.8158	36	0	1	0	1	0	3	2	nue	RES	CC	1483.2	1198.2	0.698	1.07		0.8351	20687.3	1	1000002	1	0	1	1	30	14
291	52	6321	0	0	4	59	18	not_in_act	2	0	1	24.6	0	0	-39.71	-128.72	90.90	0	367.3	-1.5823	-9.7336	8	0	0	1	0	0	2	0	nue	QE	CC	505.5	482.9	1.484	22.36		1.6218	8769.0	0	4	1	1	1	1	19	17
291	52	6372	0	0	6	23	23	same	2	0	0	382.5	0	0	24.05	89.37	112.87	0	1086.6	5.9159	-15.0000	4	0	1	0	0	0	3	2	numu	QE	CC	1296.5	903.3	1.314	1.16		1.4556	9881.6	0	6	1	0	0	0	7	5
291	52	6372	1	1	1000006	19	19	same	2	0	0	73.9	0	0	96.21	-117.02	451.80	0	854.9	1.2385	-1.5962	8	0	0	1	0	0	3	1	nue	QE	CC	772.3	550.6	0.607	17.68		0.7400	17819.3	1	1000006	1	0	1	1	16	14
291	52	7370	0	0	1000001	21	21	same	4	0	0	110.7	1	1	19.34	174.82	385.30	0	2036.6	0.6005	-15.0000	4	0	1	0	0	0	2	0	nue	RES	CC	2706.3	1888.8	0.945	2.92		1.0804	25752.7	1	9	1	0	0	0	62	58
291	52	8141	0	0	9	52	5	not_in_act	1	0	0	15.4	0	0	-70.27	-183.22	416.27	0	148.1	-1.0096	-15.0000	8	0	0	1	0	0	2	1	nue	QE	CC	347.8	147.0	0.755	1.75		0.8929	2364.2	0	9	1	1	0	0	2	1
291	52	9006	0	0	0	7	7	same	1	0	1	99.4	0	0	-144.82	73.95	67.51	0	2460.5	-1.7142	7.5669	8	0	0	1	0	0	1	0	nue	MEC	CC	2194.3	2162.5	0.704	0.93		0.8402	58261.1	0	0	1	0	1	1	32	31
291	52	11557	0	0	1	99	12	not_in_act	2	0	0	33.6	0	0	-169.32	-104.35	254.06	0	340.8	-1.0739	5.8199	8	0	0	1	0	0	3	2	nue	RES	CC	925.9	433.5	0.087	0.54		0.2224	19651.5	0	1	1	1	1	1	20	18
291	52	12313	0	0	1000000	34	34	same	5	0	1	121.8	0	0	49.58	82.13	214.06	0	2134.8	-0.8956	10.3972	40	0	0	1	1	0	2	0	nue	MEC	CC	2927.8	2689.6	1.431	1.18		1.5656	69264.8	1	9	1	0	1	1	31	26
291	69	3289	0	0	1000000	24	24	same	3	0	0	30.4	0	0	135.32	134.56	490.17	0	1019.3	0.7496	-15.0000	10	1	0	1	0	1	2	0	nue	RES	CC	2011.7	927.4	0.192	32.80		0.3256	25475.5	1	19	1	0	0	0	34	31
291	69	7548	0	0	2	72	15	not_in_act	6	0	1	53.6	0	0	-38.44	75.08	64.45	0	731.3	0.7597	11.9737	8	0	0	1	0	0	2	1	nue	MEC	CC	961.3	792.5	0.667	2.16		0.8027	16782.5	0	2	1	1	1	1	23	17
291	69	11249	0	0	1000001	12	12	same	1	0	1	92.7	0	0	65.13	114.53	323.46	0	1968.9	0.2482	8.5655	8	0	0	1	0	0	2	0	nue	RES	CC	2259.1	1956.0	0.943	0.97		1.0779	42945.8	1	14	1	0	1	1	36	35
291	90	687	0	0	5	10	10	same	21	0	0	49.9	0	0	-77.91	191.12	118.17	0	693.7	-1.0698	12.4080	40	0	0	1	1	0	1	0	nue	QE	CC	1391.0	716.6	0.406	2.16		0.5438	11369.5	0	5	1	0	1	1	30	9
291	90	2904	0	0	1	7	7	same	1	0	0	78.5	0	0	-49.64	127.59	430.05	0	2329.4	0.1635	-15.0000	8	0	0	1	0	0	1	0	nue	QE	CC	5227.8	2313.3	1.096	1.03		1.2324	35378.3	0	1	1	0	0	0	37	36
291	90	3899	0	0	1000001	14	14	same	1	0	1	143.8	0	0	55.89	-156.53	356.92	0	1688.2	-0.0830	10.9861	8	0	0	1	0	0	2	1	nue	RES	CC	2210.3	1733.1	1.02	2.49		1.1554	26961.7	1	15	1	0	1	1	35	34
291	90	5486	0	0	1000001	15	15	same	9	0	1	43.6	0	0	20.81	96.73	365.56	0	398.5	-1.0199	2.6712	8	0	0	1	0	0	2	1	nue	QE	CC	423.4	670.5	0.698	1.41		0.8340	15272.0	1	20	1	0	1	1	28	19
291	90	5915	0	0	0	22	22	same	2	0	1	63.7	0	0	-142.26	139.66	267.02	0	2044.8	-1.5772	9.4246	8	0	0	1	0	0	1	0	nue	DIS	CC	2445.9	2358.5	1.055	1.50		1.1899	49882.6	0	0	1	0	1	1	59	57
291	90	8299	0	0	1000001	117	23	in_act_not_selected	46	0	0	115.6	0	0	68.53	116.29	330.52	0	1454.9	0.3326	-6.2845	8	0	0	1	0	0	1	0	nue	RES	CC	2406.2	1577.3	0.73	61.21		0.8663	26923.7	1	1000001	1	1	1	1	69	23
291	90	8570	0	0	1000007	16	16	same	1	0	0	32.1	0	0	142.44	183.20	221.42	0	296.9	0.0051	5.9617	8	0	0	1	0	0	2	1	nue	QE	CC	645.7	303.6	1.165	0.48		1.3014	8412.8	1	1000007	1	0	1	1	2	1
291	90	11280	0	0	0	4	4	same	1	0	1	104.3	0	0	-44.07	-89.80	135.90	0	1055.1	-1.0909	11.2000	40	0	0	1	1	0	3	0	nue	QE	CC	998.2	986.8	0.159	0.91		0.2942	22506.3	0	0	1	0	1	1	27	26
291	90	12130	0	0	1000003	7	7	same	1	0	1	59.4	0	0	91.90	-159.98	371.09	0	1032.6	-1.0668	-15.0000	8	0	0	1	0	0	2	1	nue	QE	CC	790.4	750.0	1.567	49.28		1.7032	12187.5	1	1000003	1	0	0	0	29	28
292	11	124	0	0	8	7	7	same	1	0	1	70.3	0	0	-101.77	-159.80	10.54	0	766.4	-1.0225	10.6067	40	0	0	1	1	0	1	0	nue	MEC	CC	900.0	792.4	0.174	0.82		0.3105	12064.0	0	8	1	0	1	1	38	37
292	11	2794	0	0	1	3	3	same	3	0	1	57.0	0	0	-8.87	-102.46	341.81	0	1261.6	-0.1749	0.2314	40	0	0	1	1	0	1	0	nue	RES	CC	2289.9	1710.1	0.752	13.43		0.8850	33981.5	0	1	1	0	1	1	14	11
292	11	4202	0	0	1000001	14	14	same	15	0	0	119.0	0	0	85.24	-191.20	76.19	0	1957.0	-1.0470	8.2761	8	0	0	1	0	0	2	0	nue	RES	CC	2021.0	1851.4	0.592	1.31		0.7308	25755.7	1	1000001	1	0	1	1	60	45
292	11	4551	0	0	1000002	8	8	same	7	0	1	62.2	0	0	119.83	-176.54	348.84	0	416.5	1.0751	-15.0000	4	0	1	0	0	0	3	0	nue	RES	CC	825.4	653.3	1.039	30.81		1.1748	15112.6	1	13	1	0	0	0	25	18
292	11	5630	0	0	1000005	17	17	same	1	0	1	27.9	0	0	174.57	-179.45	390.13	0	222.2	-1.0996	-9.9018	8	0	0	1	0	0	1	0	nue	QE	CC	329.7	243.9	1.06	17.90		1.1945	8483.4	1	1000005	1	0	1	1	7	6
292	11	5693	0	0	3	21	21	same	2	0	0	83.4	0	0	-15.72	-8.42	146.80	0	950.2	0.6068	13.4231	4	0	1	0	0	0	1	0	nue	MEC	CC	1211.3	1074.2	0.253	0.27		0.3884	26243.1	0	3	1	0	1	1	33	31
292	11	7372	0	0	1000005	11	11	same	1	0	0	31.1	0	0	117.29	185.46	449.76	0	339.1	-0.3173	7.7221	8	0	0	1	0	0	3	2	nue	QE	CC	570.0	304.6	0.702	0.40		0.8368	5145.4	1	1000005	1	0	1	1	7	6
292	11	7380	0	0	3	8	8	same	2	0	0	45.6	0	0	-167.29	143.91	420.58	0	592.1	0.0704	14.9546	40	0	0	1	1	0	1	0	nue	QE	CC	673.9	544.1	1.305	0.08		1.4391	12073.0	0	3	1	0	1	1	12	10
292	11	7993	0	0	0	4	4	same	1	0	0	148.8	0	0	-141.39	-163.45	391.96	0	486.0	0.3383	-15.0000	6	1	1	0	0	1	5	1	numu	QE	CC	1120.2	527.5	1.454	0.09		1.5904	16036.3	0	0	1	0	0	0	7	6
292	11	7993	1	1	1000005	13	13	same	1	0	1	33.0	0	0	71.72	-128.11	282.37	0	235.7	-1.0422	-7.9220	8	0	0	1	0	0	5	2	nue	QE	CC	526.6	476.2	0.809	75.63		0.9467	9861.1	1	1000005	1	0	1	1	8	7
292	11	9329	0	0	1000003	15	15	same	3	0	1	121.7	0	0	12.18	153.94	252.56	0	1572.7	0.7865	11.6509	36	0	1	0	1	0	4	3	nue	RES	CC	2083.1	1848.4	1.584	2.15		1.7181	14098.8	1	0	1	0	1	1	28	25
292	11	11165	0	0	1000001	9	9	same	6	0	0	57.8	0	0	109.02	160.40	463.45	0	839.4	-0.1726	-4.3040	8	0	0	1	0	0	1	0	nue	DIS	CC	3588.3	798.0	0.437	6.19		0.5714	18029.9	1	13	1	0	1	1	28	22
292	11	11584	0	0	0	5	5	same	1	0	1	80.0	0	0	-157.79	-35.63	282.09	0	902.1	-0.6350	2.4137	8	0	0	1	0	0	1	0	nue	RES	CC	1668.7	1506.6	1.564	19.15		1.6985	47775.4	0	0	1	0	1	1	27	26
292	15	312	0	0	0	6	6	same	2	0	0	78.4	0	0	-162.97	4.79	296.71	0	614.6	0.1639	-15.0000	8	0	0	1	0	0	2	0	nue	RES	CC	879.9	565.6	0.637	0.22		0.7724	20431.5	0	0	1	0	0	0	4	2
292	15	8217	0	0	1000000	20	20	same	5	0	0	128.6	0	0	116.90	43.31	69.53	0	2880.9	-1.8187	6.3609	8	0	0	1	0	0	2	0	nue	RES	CC	3226.7	2835.3	0.271	5.98		0.4046	75295.2	1	11	1	0	1	1	92	87
292	15	8398	0	0	4	19	14	in_act_not_selected	14	0	1	48.5	0	0	19.58	154.67	142.43	0	1465.2	-0.1174	9.2363	40	0	0	1	1	0	2	1	nue	RES	CC	1913.2	1557.5	1.145	3.02		1.2807	6481.3	0	4	1	1	1	1	47	33
292	20	793	0	0	0	9	9	same	2	0	0	86.7	0	0	-196.65	-0.31	120.52	0	1444.9	-0.7746	1.1507	8	0	0	1	0	0	2	1	nue	DIS	CC	2314.7	1817.0	1.218	4.33		1.3518	82422.4	0	0	1	0	1	1	30	28
292	20	1399	0	0	1000005	14	14	same	5	0	1	53.0	0	0	31.14	-163.08	158.91	0	660.9	-0.6739	-15.0000	8	0	0	1	0	0	1	0	nue	MEC	CC	999.2	955.4	0.538	1.43		0.6748	15301.5	1	9	1	0	0	0	26	21
292	20	2424	0	0	1000007	65	19	in_act_not_selected	18	1	1	36.4	1	1	26.51	128.72	103.27	0	850.1	0.0504	-15.0000	8	0	0	1	0	0	2	1	nue	MEC	CC	761.9	781.5	0.746	1.98		0.8814	13407.8	1	1000007	1	1	0	0	19	1
292	20	4450	0	0	0	26	26	same	18	0	0	111.1	0	0	-1.10	123.89	420.85	0	2718.4	-0.9961	6.9236	40	0	0	1	1	0	3	1	nue	DIS	CC	4029.8	2795.1	1.059	1.09		1.1931	35232.5	0	0	1	0	1	1	46	28
292	20	4753	0	0	1000001	9	9	same	1	0	1	45.1	0	0	109.94	126.41	372.94	0	462.7	-1.2286	12.1846	40	0	0	1	1	0	2	1	nue	QE	CC	496.7	457.4	1.53	0.68		1.6661	10346.6	1	1000001	1	0	1	1	22	21
292	20	5939	0	0	0	5	5	same	1	0	1	93.2	0	0	-117.39	2.26	292.19	0	2336.4	-0.4986	6.2867	4	0	1	0	0	0	2	1	nue	DIS	CC	1971.7	1816.2	0.92	30.53		1.0555	52512.7	0	0	1	0	1	1	65	64
292	20	6688	0	0	0	23	23	same	3	0	0	69.9	0	0	-150.48	65.86	306.32	0	1275.2	-0.2773	14.2386	40	0	0	1	1	0	2	1	nue	MEC	CC	2074.3	1488.0	0.469	0.17		0.6026	41939.1	0	0	1	0	1	1	36	33
292	20	10695	0	0	5	48	5	not_in_act	1	0	1	49.7	0	0	-147.25	79.05	301.98	0	280.2	-2.5488	-15.0000	10	1	0	1	0	1	2	1	nue	QE	CC	620.3	505.4	1.49	88.15		1.6266	12607.1	0	5	1	1	0	0	23	22
292	20	11081	0	0	1000005	19	19	same	1	0	1	36.1	0	0	146.76	-72.59	308.16	0	327.1	-0.2405	2.0574	8	0	0	1	0	0	2	1	nue	QE	CC	358.0	327.8	0.845	5.76		0.9798	9570.0	1	1000005	1	0	1	1	5	4
292	26	339	0	0	0	5	5	same	1	0	1	110.8	0	0	-178.15	59.46	145.89	0	1874.9	-1.4037	6.2876	8	0	0	1	0	0	1	0	nue	MEC	CC	1983.7	1992.7	1.222	3.12		1.3554	72351.0	0	0	1	0	1	1	55	54
292	26	1643	0	0	1000000	19	19	same	3	0	1	107.8	0	0	88.10	-7.82	48.78	0	2075.1	-1.2313	7.6911	40	0	0	1	1	0	4	2	nue	MEC	CC	2313.6	2238.3	0.727	1.67		0.8638	57311.5	1	1000000	1	0	1	1	36	33
292	26	3585	0	0	1000007	19	19	same	1	0	1	17.3	0	0	36.06	24.51	107.81	0	332.4	-0.2243	-7.8325	8	0	0	1	0	0	2	0	nue	MEC	CC	608.1	456.9	1.236	0.76		1.3714	7826.4	1	7	1	0	1	1	29	28
292	26	6046	0	0	1000001	12	12	same	2	0	0	97.6	0	0	105.42	-108.97	84.54	0	1046.1	0.4600	14.3111	40	0	0	1	1	0	2	0	nue	QE	CC	1227.9	975.9	0.425	0.65		0.5605	24599.1	1	1000001	1	0	1	1	28	26
292	26	6733	0	0	2	6	6	same	2	0	1	60.3	0	0	-172.12	178.04	412.68	0	644.2	0.0287	-15.0000	8	0	0	1	0	0	3	1	nue	QE	CC	966.7	755.0	1.59	3.44		1.7241	17163.7	0	2	1	0	0	0	19	17
292	26	7989	0	0	1000000	14	14	same	1	0	0	60.2	0	0	68.24	199.58	245.89	0	282.6	-2.6295	-15.0000	6	1	1	0	0	1	1	0	nue	QE	CC	3616.4	1676.4	0.748	386.55		0.8840	37588.8	1	1000000	1	0	0	0	2	1
292	26	8039	0	0	1000002	15	15	same	1	0	1	68.3	0	0	150.02	6.86	260.00	0	540.2	0.0708	-15.0000	6	1	1	0	0	1	1	0	nue	QE	CC	808.3	534.5	1.224	41.97		1.3612	18520.8	1	1000002	1	0	0	0	17	16
292	26	8687	0	0	6	4	4	same	1	0	0	17.7	0	0	-89.10	188.80	493.97	0	198.9	-1.8603	-15.0000	6	1	1	0	0	1	2	1	nue	MEC	CC	3004.1	329.9	0.247	3.20		0.3866	6988.7	0	6	1	0	0	0	2	1
292	26	9241	0	0	0	16	16	same	6	0	1	71.4	0	0	-108.08	45.24	304.49	0	953.4	-0.5766	-15.0000	8	0	0	1	0	0	2	1	nue	QE	CC	1365.5	1175.8	1.473	1.25		1.6065	36819.5	0	0	1	0	0	0	57	51
292	26	10658	0	0	2	19	19	same	3	0	0	124.4	0	0	-43.55	106.76	315.52	0	1024.5	0.0016	-10.3468	8	0	0	1	0	0	1	0	nue	DIS	CC	2226.3	1641.9	0.506	1.61		0.6436	25692.7	0	2	1	0	1	1	23	20
292	26	10709	0	0	5	38	5	not_in_act	2	0	0	51.2	0	0	-201.41	178.95	400.51	0	811.0	-1.9428	0.9213	10	1	0	1	0	1	2	0	nue	QE	CC	1245.3	726.1	0.963	0.90		1.0924	23031.0	0	5	1	1	1	1	19	17
292	26	11557	0	0	4	4	4	same	2	0	0	94.8	0	0	-161.72	134.75	418.74	0	1308.4	1.6912	13.6623	40	0	0	1	1	0	1	0	nue	RES	CC	1916.7	1190.1	0.888	0.17		1.0227	32727.0	0	4	1	0	1	1	23	21
292	26	11863	0	0	0	4	4	same	1	0	0	103.8	0	0	-84.08	187.72	102.26	0	2769.3	0.8048	10.0017	40	0	0	1	1	0	2	0	nue	RES	CC	3330.5	2727.8	0.138	2.00		0.2734	40341.5	0	0	1	0	1	1	50	49
292	41	2895	0	0	1000001	36	12	in_act_not_selected	29	1	1	75.4	1	1	35.84	168.97	38.03	0	1653.2	-0.0686	7.1279	8	0	0	1	0	0	2	1	nue	RES	CC	2160.7	1562.3	0.422	1.82		0.5580	23366.5	1	3	1	1	1	1	31	2
292	41	3222	0	0	1000003	81	10	not_in_act	3	0	1	89.3	1	1	7.36	-9.33	5.52	0	1335.9	0.1080	-4.8576	8	0	0	1	0	0	1	0	nue	RES	CC	1618.3	1400.7	0.855	4.59		0.9883	26121.4	1	12	1	1	1	1	35	32
292	41	8082	0	0	1000005	14	14	same	1	0	1	47.2	0	0	53.33	-51.57	121.93	0	907.5	0.5594	2.5845	8	0	0	1	0	0	2	0	nue	MEC	CC	1143.9	917.6	0.52	0.99		0.6581	19243.7	1	1000005	1	0	1	1	15	14
292	41	8911	0	0	0	26	26	same	39	1	0	271.3	1	1	-83.77	-1.98	132.22	0	2973.3	4.0228	-15.0000	4	0	1	0	0	0	3	1	nue	DIS	CC	3835.6	2944.3	1.544	1.17		1.6834	74710.9	0	0	1	0	0	0	42	3
292	41	8911	1	1	1000004	17	17	same	1	0	1	69.3	0	0	87.93	17.78	335.71	0	789.1	0.5631	-15.0000	4	0	1	0	0	0	3	0	numu	RES	NC	995.3	666.2	0.545	1.74		0.6813	16452.7	1	1000004	1	0	0	0	6	5
292	41	10003	0	0	0	3	3	same	1	0	1	79.6	0	0	-111.36	-28.68	55.77	0	1234.9	-0.6735	-0.2288	8	0	0	1	0	0	2	0	nue	QE	CC	1205.3	1127.0	0.516	42.08		0.6521	25666.3	0	0	1	0	1	1	43	42
292	49	382	0	0	1000000	91	18	not_in_act	3	0	0	42.8	1	1	184.56	98.23	86.02	0	1109.6	0.4259	-15.0000	8	0	0	1	0	0	3	1	nue	DIS	CC	2203.6	1206.0	1.466	20.11		1.5984	59127.3	1	1000000	1	1	0	0	50	47
292	49	3165	0	0	4	5	5	same	1	0	1	91.5	0	0	-97.54	41.64	344.41	0	800.5	0.6990	-15.0000	8	0	0	1	0	0	2	0	nue	RES	CC	838.3	550.8	0.187	1.91		0.3238	9673.1	0	4	1	0	0	0	6	5
292	49	4569	0	0	0	6	6	same	1	0	1	109.7	0	0	-137.16	-92.71	167.70	0	1923.8	-1.1231	8.6476	40	0	0	1	1	0	2	0	nue	QE	CC	1796.5	1739.2	0.996	3.25		1.1317	48613.2	0	0	1	0	1	1	48	47
292	49	5314	0	0	2	5	5	same	1	0	1	66.9	0	0	-97.55	-192.02	201.74	0	467.7	0.2213	-7.2816	8	0	0	1	0	0	2	1	nue	QE	CC	681.6	601.0	0.293	102.82		0.4293	12770.7	0	2	1	0	1	1	10	9
292	49	6739	0	0	1	21	21	same	15	0	1	74.2	0	0	-113.77	95.77	436.99	0	1192.0	-0.9152	7.3131	40	0	0	1	1	0	3	1	nue	RES	CC	1206.7	1038.9	0.851	2.23		0.9865	30721.4	0	1	1	0	1	1	22	7
292	49	6954	0	0	1000004	8	8	same	1	0	1	29.7	0	0	77.11	-71.89	393.35	0	474.9	-0.1635	-15.0000	4	0	1	0	0	0	2	0	nue	MEC	CC	433.0	449.5	0.149	4.73		0.2858	9286.7	1	1000004	1	0	0	0	7	6
292	49	8234	0	0	4	7	7	same	1	0	0	73.9	0	0	-166.49	-188.14	39.97	0	611.5	0.9074	8.7337	8	0	0	1	0	0	2	0	nue	MEC	CC	1009.4	593.6	0.554	0.19		0.6882	18354.5	0	4	1	0	1	1	4	3
292	49	9392	0	0	0	91	13	not_in_act	25	0	0	125.1	1	1	-0.98	-161.63	85.79	0	4272.9	-1.4794	10.5203	40	0	0	1	1	0	1	0	nue	RES	CC	4391.1	3962.7	1.238	2.00		1.3727	57935.7	0	0	1	1	1	1	91	66
292	49	9654	0	0	0	23	23	same	62	1	1	100.2	1	2	-31.68	43.94	11.65	0	2796.2	-1.6766	8.5460	8	0	0	1	0	0	1	0	nue	RES	CC	2511.9	2442.7	0.173	2.79		0.3119	46504.5	0	0	1	0	1	1	63	1
292	49	12417	0	0	0	4	4	same	1	0	0	91.1	0	0	-147.75	152.35	54.88	0	1602.5	-1.0878	10.4694	40	0	0	1	1	0	3	1	nue	QE	CC	1706.0	1613.4	1.519	0.66		1.6536	33822.1	0	0	1	0	1	1	41	40
292	85	5275	0	0	1000000	29	29	same	19	0	1	56.9	0	0	160.64	-26.54	179.33	0	761.3	-0.0176	-15.0000	8	0	0	1	0	0	3	2	nue	RES	CC	1358.5	821.6	0.366	7.33		0.4986	35487.7	1	1000000	1	0	0	0	28	9
292	85	6246	0	0	2	25	25	same	6	0	1	55.3	0	0	-126.18	-54.11	152.85	0	593.4	-0.2495	5.5121	8	0	0	1	0	0	1	0	nue	MEC	CC	1432.2	892.3	0.256	1.67		0.3924	26109.4	0	2	1	0	1	1	19	13
292	85	6356	0	0	0	19	19	same	12	0	1	95.2	1	1	-25.11	138.95	255.14	0	2451.0	-0.6372	5.5136	8	0	0	1	0	0	2	0	nue	QE	CC	2317.2	2287.9	0.654	25.39		0.7909	44348.0	0	0	1	0	1	1	63	51
292	85	9060	0	0	3	2	2	same	1	0	1	67.2	0	0	-108.31	-63.06	94.53	0	1208.6	0.1510	10.2251	40	0	0	1	1	0	1	0	nue	RES	CC	1236.7	1110.3	1.199	0.15		1.3345	25359.0	0	3	1	0	1	1	37	36
292	85	9530	0	0	0	6	6	same	1	0	1	54.4	0	0	-167.13	-69.84	99.41	0	885.3	-0.2306	9.5893	40	0	0	1	1	0	2	1	nue	RES	CC	1390.3	1272.4	0.743	0.52		0.8784	39586.3	0	0	1	0	1	1	22	21
292	85	9536	0	0	1000003	13	13	same	2	0	1	54.1	0	0	38.91	-98.73	429.51	0	633.9	-0.8101	-1.1515	8	0	0	1	0	0	1	0	nue	QE	CC	685.1	636.0	0.511	1.44		0.6469	10183.3	1	11	1	0	1	1	30	28
292	85	9543	0	0	1000000	9	9	same	9	0	1	203.9	1	1	70.72	78.19	133.06	0	1740.8	2.7562	-15.0000	4	0	1	0	0	0	2	0	nue	DIS	CC	2242.2	1796.2	1.164	1.22		1.3004	42551.7	1	17	1	0	0	0	38	29
292	85	11974	0	0	4	7	7	same	1	0	1	48.0	0	0	-80.10	33.52	123.34	0	646.9	0.6380	-15.0000	8	0	0	1	0	0	1	0	nue	QE	CC	606.4	561.9	0.123	5.03		0.2587	11877.6	0	4	1	0	0	0	15	14
292	99	609	0	0	1	2	2	same	1	0	1	108.6	0	0	-73.74	83.22	333.15	0	1206.4	-0.1267	6.9262	40	0	0	1	1	0	2	1	nue	QE	CC	802.0	776.6	1.19	0.59		1.3272	16545.9	0	1	1	0	1	1	28	27
292	99	1331	0	0	0	22	22	same	5	0	1	67.1	0	0	-11.56	51.80	109.83	0	1496.6	0.5373	8.1041	8	0	0	1	0	0	2	1	nue	RES	CC	2275.3	1867.0	1.276	0.70		1.4103	33089.6	0	0	1	0	1	1	44	39
292	99	1334	0	0	0	15	15	same	1	0	1	44.0	0	0	-127.88	25.86	357.19	0	1220.5	-0.6048	2.7075	8	0	0	1	0	0	2	0	nue	QE	CC	1248.6	1183.1	0.942	37.49		1.0794	30078.3	0	0	1	0	1	1	52	51
292	99	4313	0	0	4	22	22	same	40	0	0	301.5	0	0	-44.27	-33.67	39.05	0	963.9	2.6663	-8.9829	4	0	1	0	0	0	2	1	nue	DIS	CC	2618.8	1458.6	0.214	1.54		0.3543	27147.5	0	4	1	0	1	1	47	7
292	99	4849	0	0	5	22	19	in_act_not_selected	8	0	0	130.9	0	0	-85.22	-38.11	472.19	0	384.8	0.5297	0.7351	40	0	0	1	1	0	2	1	nue	RES	CC	1374.1	410.5	0.15	2.36		0.2880	10812.4	0	5	1	1	1	1	25	17
292	99	7157	0	0	1000001	13	13	same	2	0	1	105.6	0	0	8.14	-91.45	182.64	0	1472.4	-1.3405	11.8965	40	0	0	1	1	0	1	0	nue	RES	CC	1685.7	1473.1	0.654	1.41		0.7888	30750.3	1	1000001	1	0	1	1	40	38
292	99	7632	0	0	0	6	6	same	1	0	1	70.4	0	0	-164.86	-70.64	446.03	0	1197.0	-0.4892	2.8926	8	0	0	1	0	0	4	2	nue	RES	CC	1937.2	1469.6	0.945	40.43		1.0789	48455.5	0	0	1	0	1	1	45	44
292	99	8803	0	0	1000000	14	14	same	2	0	0	79.3	0	0	147.06	170.88	351.52	0	1273.3	-0.6423	12.8360	40	0	0	1	1	0	2	0	nue	QE	CC	1206.9	1165.7	0.696	0.34		0.8308	28007.8	1	1000000	1	0	1	1	34	32
292	99	10175	0	0	1000001	17	17	same	2	0	1	68.5	0	0	11.41	-25.93	309.64	0	808.2	-0.4982	0.3086	8	0	0	1	0	0	3	0	nue	QE	CC	1297.2	1236.0	1.15	25.18		1.2850	24296.2	1	5	1	0	1	1	26	24
293	6	100	0	0	1000003	58	19	not_in_act	1	0	1	56.2	0	0	-5.23	-84.06	149.74	0	582.8	0.0522	-15.0000	4	0	1	0	0	0	1	0	nue	RES	CC	788.3	740.1	1.409	17.80		1.5431	11468.8	1	5	1	1	0	0	18	17
293	6	647	0	0	1000000	8	8	same	1	0	1	106.4	0	0	167.87	104.08	356.74	0	2335.7	-0.1243	-15.0000	4	0	1	0	0	0	2	1	nue	RES	CC	2486.3	2194.8	0.354	64.78		0.4872	75129.4	1	1000000	1	0	0	0	62	61
293	6	689	0	0	1000001	6	6	same	3	0	0	61.7	0	0	187.88	96.51	130.15	0	1002.4	1.5967	9.0523	4	0	1	0	0	0	1	0	nue	RES	CC	1133.8	690.9	1.178	0.18		1.3111	24536.3	1	6	1	0	1	1	28	25
293	6	1427	0	0	8	16	16	same	3	0	1	62.4	0	0	-135.93	72.08	236.74	0	827.1	-0.1311	10.4602	40	0	0	1	1	0	1	0	nue	MEC	CC	828.0	770.0	1.317	0.27		1.4497	21075.2	0	8	1	0	1	1	14	11
293	6	3014	0	0	1000002	19	19	same	1	0	0	51.4	0	0	153.67	-168.83	88.74	0	448.2	-0.1577	-15.0000	8	0	0	1	0	0	1	0	nue	RES	CC	2450.9	846.9	0.857	35.74		0.9924	20471.1	1	24	1	0	0	0	10	9
293	6	3526	0	0	3	3	3	same	1	0	1	89.6	0	0	-65.40	29.48	325.12	0	1481.7	-1.3804	10.4586	8	0	0	1	0	0	3	2	nue	QE	CC	1308.2	1277.2	1.017	0.54		1.1544	29327.8	0	3	1	0	1	1	46	45
293	6	3526	1	1	1000011	15	15	same	1	0	1	16.5	0	0	3.78	101.74	273.24	0	186.3	-2.1432	-15.0000	8	0	0	1	0	0	3	0	numu	RES	NC	978.1	134.7	0.487	4.88		0.6210	2189.8	1	1000011	1	0	0	0	3	2
293	6	3620	0	0	1	8	8	same	4	0	1	52.2	0	0	-11.26	-183.85	263.76	0	976.0	-0.0648	-0.0485	8	0	0	1	0	0	2	0	nue	QE	CC	796.7	752.4	0.694	23.69		0.8283	11990.5	0	1	1	0	1	1	30	26
293	6	6518	0	0	3	20	20	same	2	0	0	44.6	0	0	-165.68	-80.75	491.39	0	484.2	0.8512	-15.0000	4	0	1	0	0	0	2	0	nue	RES	CC	2016.9	277.5	1.251	32.41		1.3870	20253.1	0	3	1	0	0	0	3	1
293	6	8488	0	0	1	7	7	same	1	0	0	120.5	0	0	-168.22	150.10	204.37	0	1377.0	1.0009	-15.0000	6	1	1	0	0	1	2	1	nue	MEC	CC	1391.7	1362.6	0.577	33.53		0.7110	37634.5	0	1	1	0	0	0	16	15
293	11	1059	0	0	1000003	69	16	not_in_act	4	0	1	28.6	1	1	140.88	-16.79	148.81	0	452.1	-0.8579	-15.0000	8	0	0	1	0	0	2	1	nue	RES	CC	727.0	467.7	0.461	1.17		0.5944	13292.4	1	8	1	1	0	0	14	10
293	11	1488	0	0	2	4	4	same	1	0	1	67.8	0	0	-102.61	-125.04	326.47	0	740.0	1.3063	12.4672	40	0	0	1	1	0	1	0	nue	MEC	CC	1050.2	929.8	0.905	0.40		1.0410	22441.6	0	2	1	0	1	1	13	12
293	11	2521	0	0	1	3	3	same	1	0	0	77.5	0	0	-101.09	-61.38	4.04	0	590.9	0.4030	-15.0000	10	1	0	1	0	1	2	1	nue	QE	CC	844.3	518.5	0.155	1.53		0.2916	9099.2	0	1	1	0	0	0	5	4
293	11	2913	0	0	1000000	23	23	same	3	0	1	105.0	0	0	89.58	160.40	264.12	0	1812.9	0.5680	7.9573	36	0	1	0	1	0	1	0	nue	RES	CC	1672.3	1523.1	0.696	1.78		0.8327	33001.0	1	1000000	1	0	1	1	37	34
293	11	3962	0	0	1000003	14	14	same	6	0	1	47.5	0	0	82.03	65.80	264.41	0	310.8	1.2114	-3.9890	8	0	0	1	0	0	2	1	nue	QE	CC	397.2	347.6	1.073	170.28		1.2098	6431.9	1	1000003	1	0	1	1	13	7
293	11	4685	0	0	1000001	10	10	same	1	0	1	96.4	0	0	90.66	64.39	356.75	0	2447.6	-0.6837	11.8860	40	0	0	1	1	0	3	0	nue	QE	CC	2465.4	2307.4	1.571	1.17		1.7071	47071.1	1	1000001	1	0	1	1	54	53
293	11	6856	0	0	7	9	9	same	1	0	1	35.2	0	0	-133.68	-81.15	124.84	0	460.4	-0.3439	-15.0000	8	0	0	1	0	0	3	0	nue	QE	CC	398.7	365.5	1.45	0.56		1.5854	8145.4	0	7	1	0	0	0	14	13
293	11	11151	0	0	1000007	16	16	same	2	0	1	159.3	0	0	-49.57	28.61	125.12	0	980.9	0.4348	-15.0000	8	0	0	1	0	0	2	0	nue	MEC	CC	1735.0	1088.0	1.103	105.97		1.2380	12227.3	1	4	1	0	0	0	26	24
293	11	11601	0	0	1000003	13	13	same	1	0	1	60.2	0	0	56.78	-4.90	410.56	0	1164.0	0.2176	9.8586	8	0	0	1	0	0	2	0	nue	RES	CC	1453.7	1092.2	0.359	0.53		0.4954	19404.4	1	10	1	0	1	1	24	23
293	15	3181	0	0	1000000	89	11	not_in_act	1	0	0	192.6	0	0	120.59	-96.59	313.85	0	3544.1	-1.7981	9.1275	36	0	1	0	1	0	1	0	nue	DIS	CC	4157.7	3305.6	1.034	2.10		1.1699	73919.6	1	1000000	1	1	1	1	65	64
293	15	4870	0	0	4	22	22	same	7	0	0	59.5	0	0	-163.95	-77.21	472.07	0	379.4	1.0233	9.3843	4	0	1	0	0	0	2	0	nue	QE	CC	4359.5	763.3	1.384	0.29		1.5180	43205.8	0	4	1	0	1	1	7	0
293	15	9898	0	0	0	10	10	same	2	0	0	45.6	0	0	-165.49	-40.30	476.78	0	591.7	0.3223	-7.6786	8	0	0	1	0	0	2	0	nue	DIS	CC	2002.3	637.8	0.153	0.82		0.2866	26022.4	0	0	1	0	1	1	16	14
293	15	11165	0	0	1	10	10	same	3	0	0	36.5	0	0	-6.99	198.10	97.90	0	571.9	-1.6163	-3.3793	10	1	0	1	0	1	2	0	nue	QE	CC	684.1	564.6	0.709	3.67		0.8420	5285.7	0	1	1	0	1	1	33	30
293	15	11396	0	0	0	16	16	same	19	0	1	277.3	0	0	-45.55	-110.79	188.13	0	2899.8	3.2223	8.8005	4	0	1	0	0	0	2	0	nue	RES	CC	2970.8	2718.5	1.336	0.66		1.4728	51969.0	0	0	1	0	1	1	74	55
293	15	11600	0	0	1000005	17	17	same	1	0	1	53.0	0	0	112.37	-181.71	117.15	0	400.3	0.0553	-15.0000	8	0	0	1	0	0	1	0	nue	QE	CC	476.0	361.5	0.098	36.12		0.2338	6153.1	1	1000005	1	0	0	0	7	6
293	16	2368	0	0	2	7	7	same	1	0	1	43.6	0	0	-172.82	-165.90	251.59	0	1076.0	-0.1721	-2.3941	8	0	0	1	0	0	1	0	nue	DIS	CC	1066.7	882.0	1.109	0.76		1.2425	21912.0	0	2	1	0	1	1	33	32
293	16	2863	0	0	1000002	136	20	not_in_act	12	0	1	31.1	0	0	48.13	-80.08	59.25	0	725.6	-0.3648	-3.4104	8	0	0	1	0	0	1	0	nue	RES	CC	1246.3	833.7	0.84	1.61		0.9774	17627.8	1	13	1	1	1	1	64	52
293	16	3230	0	0	7	14	14	same	1	0	1	60.8	0	0	52.35	89.29	129.70	0	556.0	1.6756	-15.0000	4	0	1	0	0	0	1	0	nue	DIS	CC	861.6	729.9	1.523	1.04		1.6591	903.4	0	7	1	0	0	0	19	18
293	16	4590	0	0	1000002	16	16	same	1	0	1	129.5	0	0	62.65	9.48	161.74	0	962.8	0.8216	0.9736	8	0	0	1	0	0	3	0	nue	DIS	CC	1470.5	1184.2	0.9	1.90		1.0372	29771.8	1	1000002	1	0	1	1	24	23
293	16	5245	0	0	1000005	14	14	same	2	0	0	46.5	0	0	77.10	29.46	473.15	0	397.4	0.0941	-12.2553	4	0	1	0	0	0	2	0	nue	DIS	CC	2615.1	473.7	0.226	27.05		0.3628	7229.3	1	13	1	0	1	1	7	5
293	16	8245	0	0	1000001	15	15	same	11	0	1	74.1	0	0	27.78	28.64	408.52	0	1073.1	0.4529	-9.0321	4	0	1	0	0	0	1	0	nue	DIS	CC	1816.3	1186.8	0.091	7.73		0.2263	22063.0	1	3	1	0	1	1	35	24
293	16	10152	0	0	6	83	23	not_in_act	3	0	1	26.1	0	0	-159.24	-30.57	182.75	0	229.8	-1.6094	-15.0000	8	0	0	1	0	0	2	0	nue	MEC	CC	1048.0	408.8	1.581	5.89		1.7158	12997.5	0	6	1	1	0	0	17	14
293	16	11685	0	0	1	4	4	same	1	0	0	242.6	0	0	-67.07	13.77	291.76	0	1045.6	4.8076	-15.0000	4	0	1	0	0	0	2	0	numu	COH	CC	1670.9	750.5	1.376	1.67		1.5139	19005.3	0	1	1	0	0	0	5	4
293	29	718	0	0	1000003	13	13	same	2	0	0	54.6	0	0	201.28	35.30	382.97	0	563.1	-1.8343	-2.2079	10	1	0	1	0	1	1	0	nue	QE	CC	920.9	507.9	0.794	0.57		0.9243	26015.9	1	1000003	1	0	1	1	25	23
293	29	1651	0	0	2	4	4	same	1	0	1	71.7	0	0	-68.94	25.14	390.31	0	1052.1	-0.3729	7.6939	36	0	1	0	1	0	2	0	nue	MEC	CC	1147.5	1020.1	1.038	0.84		1.1736	20506.8	0	2	1	0	1	1	30	29
293	29	3266	0	0	1	7	7	same	2	0	1	145.8	0	0	-190.85	-111.11	201.91	0	1028.5	2.3586	-8.2597	4	0	1	0	0	0	3	2	nue	RES	CC	2165.3	1215.6	1.048	35.04		1.1825	33495.7	0	1	1	0	1	1	27	25
293	29	4260	0	0	11	9	9	same	1	0	0	28.6	0	0	-124.94	-55.56	15.78	0	229.3	-2.0339	-15.0000	8	0	0	1	0	0	1	0	nue	QE	CC	518.8	272.4	1.253	3.16		1.3876	5973.8	0	11	1	0	0	0	5	4
293	29	6587	0	0	1000003	12	12	same	5	0	1	3.8	0	0	146.05	109.13	393.40	0	108.0	-1.5028	-15.0000	8	0	0	1	0	0	1	0	nue	RES	CC	858.6	407.6	0.565	134.62		0.7016	7013.6	1	7	1	0	0	0	20	15
293	29	7571	0	0	1000001	21	21	same	6	0	0	57.0	1	2	142.55	181.88	112.48	0	1007.5	0.7301	-7.6094	8	0	0	1	0	0	1	0	nue	RES	CC	1896.8	1245.9	0.481	22.55		0.6175	27487.5	1	1000001	1	0	1	1	45	39
293	29	7670	0	0	1000000	17	17	same	2	0	0	88.3	0	0	197.62	121.96	279.02	0	1477.4	0.5108	5.8624	8	0	0	1	0	0	1	0	nue	MEC	CC	1870.9	1211.3	1.11	13.38		1.2409	54531.4	1	1000000	1	0	1	1	46	44
293	29	10509	0	0	1000005	14	14	same	1	0	1	80.4	0	0	179.28	-79.86	224.27	0	900.4	1.1022	11.9047	40	0	0	1	1	0	2	1	nue	QE	CC	887.0	852.4	0.387	0.18		0.5215	25803.8	1	1000005	1	0	1	1	14	13
293	37	956	0	0	1000001	31	31	same	7	0	1	49.0	0	0	135.19	36.85	190.70	0	740.8	0.7586	-8.4616	8	0	0	1	0	0	1	0	nue	QE	CC	745.3	593.2	0.561	42.31		0.6973	21785.7	1	1000001	1	0	1	1	29	22
293	37	1277	0	0	8	6	6	same	1	0	0	26.2	0	0	-143.42	-187.89	494.46	0	540.8	0.9018	-15.0000	8	0	0	1	0	0	1	0	nue	RES	CC	1100.8	393.1	0.795	0.25		0.9309	8163.2	0	8	1	0	0	0	8	7
293	37	1456	0	0	1000000	17	17	same	26	1	0	91.7	1	1	148.77	157.93	416.98	0	2088.1	-0.1513	10.1678	36	0	1	0	1	0	1	0	nue	RES	CC	2811.6	1954.1	0.605	0.27		0.7400	58603.6	1	1000000	1	0	1	1	28	2
293	37	7268	0	0	1000000	9	9	same	3	0	1	97.7	0	0	19.59	9.11	87.30	0	1505.9	-0.1388	0.1260	8	0	0	1	0	0	1	0	nue	QE	CC	1249.0	1262.9	0.797	78.11		0.9332	25254.7	1	9	1	0	1	1	35	32
293	37	8899	0	0	1	3	3	same	1	0	1	78.3	0	0	-86.94	-139.27	189.13	0	1006.5	-1.1607	11.3825	40	0	0	1	1	0	2	0	nue	QE	CC	1026.8	986.6	0.161	1.19		0.2977	19547.6	0	1	1	0	1	1	33	32
293	37	9056	0	0	5	7	7	same	1	0	0	24.0	0	0	-148.71	192.02	411.62	0	228.6	1.1353	-15.0000	8	0	0	1	0	0	1	0	nue	RES	CC	603.2	306.7	0.133	0.66		0.2661	5768.4	0	5	1	0	0	0	11	10
293	37	10168	0	0	0	6	6	same	2	0	0	86.4	0	0	-195.98	126.70	131.94	0	1718.9	-0.0448	9.7215	40	0	0	1	1	0	2	1	nue	DIS	CC	2730.3	1537.3	0.331	0.73		0.4658	66862.0	0	0	1	0	1	1	38	36
293	37	11087	0	0	4	17	17	same	4	0	1	64.1	1	1	-65.66	-45.37	446.60	0	815.3	-0.2181	-1.6024	8	0	0	1	0	0	1	0	nue	RES	CC	1056.1	741.1	0.681	14.20		0.8152	11034.2	0	4	1	0	1	1	41	37
293	38	948	0	0	1000001	13	13	same	1	0	1	67.4	0	0	90.67	-7.66	389.94	0	988.6	-0.8586	5.8134	8	0	0	1	0	0	2	1	nue	QE	CC	1131.1	1066.7	1.379	6.34		1.5168	20727.1	1	1000001	1	0	1	1	21	20
293	38	2044	0	0	5	30	2	not_in_act	1	0	1	56.4	0	0	-86.22	44.13	189.09	0	482.4	-0.2441	-15.0000	8	0	0	1	0	0	2	1	nue	QE	CC	542.0	486.9	0.447	63.51		0.5852	11234.6	0	5	1	1	0	0	24	23
293	38	3137	0	0	1000009	25	25	same	8	1	1	32.5	1	1	118.24	-73.12	444.87	0	610.4	-0.0030	-15.0000	8	0	0	1	0	0	2	1	nue	RES	CC	595.8	490.1	1.098	0.88		1.2330	10598.1	1	1000009	1	0	0	0	9	1
293	38	3703	0	0	1000008	15	15	same	3	0	0	34.5	0	0	18.10	89.09	476.50	0	648.8	0.4381	-15.0000	8	0	0	1	0	0	1	0	nue	RES	CC	1443.2	495.4	0.662	2.91		0.7968	7552.6	1	8	1	0	0	0	10	7
293	38	4912	0	0	1000009	24	24	same	3	0	1	21.9	0	0	14.96	135.03	482.83	0	200.9	-0.9395	-15.0000	4	0	1	0	0	0	1	0	nue	QE	CC	981.5	968.2	1.113	134.27		1.2523	537.0	1	1000009	1	0	0	0	7	4
293	38	6691	0	0	6	25	25	same	2	0	1	33.2	0	0	-43.35	59.07	324.00	0	725.9	-0.2616	-15.0000	8	0	0	1	0	0	3	1	nue	MEC	CC	753.0	686.9	1.507	0.39		1.6448	18112.4	0	6	1	0	0	0	28	26
293	38	7183	0	0	0	23	23	same	4	0	0	69.4	1	1	-184.71	176.68	32.94	0	695.9	3.8932	7.2734	4	0	1	0	0	0	2	0	nue	DIS	CC	2209.7	872.2	1.257	0.42		1.3908	34584.8	0	0	1	0	1	1	9	5
293	38	7584	0	0	5	95	6	not_in_act	1	0	0	75.0	0	0	-74.58	-0.25	471.57	0	1007.1	0.5816	-15.0000	8	0	0	1	0	0	2	0	nue	RES	CC	1227.3	985.6	0.871	66.45		1.0055	20741.7	0	5	1	1	0	0	16	15
293	38	11937	0	0	6	7	7	same	1	0	1	57.6	0	0	-189.60	166.99	37.84	0	467.5	-1.2628	1.0309	8	0	0	1	0	0	2	1	nue	QE	CC	497.8	454.5	0.176	4.85		0.3102	15332.4	0	6	1	0	1	1	15	14
293	39	199	0	0	1000005	56	8	not_in_act	1	0	1	34.5	0	0	135.66	54.57	52.86	0	256.6	-1.5343	-11.0249	8	0	0	1	0	0	2	0	nue	QE	CC	288.4	274.3	0.613	37.66		0.7489	7306.4	1	1000005	1	1	1	1	11	10
293	39	2881	0	0	0	4	4	same	2	0	0	43.0	0	0	-192.47	-159.90	314.73	0	518.0	0.1509	5.6604	8	0	0	1	0	0	2	0	nue	RES	CC	1311.1	636.8	0.507	0.29		0.6399	34996.0	0	0	1	0	1	1	18	16
293	39	3515	0	0	7	4	4	same	1	0	1	102.6	0	0	-64.44	-49.87	481.78	0	697.7	-0.8478	-7.5887	8	0	0	1	0	0	2	0	nue	QE	CC	826.3	808.9	1.248	104.42		1.3829	18392.7	0	7	1	0	1	1	19	18
293	39	3719	0	0	1000000	5	5	same	2	0	0	55.3	0	0	179.83	-130.24	371.34	0	865.0	-0.5960	-15.0000	8	0	0	1	0	0	2	1	nue	QE	CC	672.7	614.5	0.225	27.71		0.3611	18533.6	1	1000000	1	0	0	0	22	20
293	39	3755	0	0	1000006	16	16	same	1	0	0	48.6	0	0	30.22	186.10	319.26	0	608.7	0.2778	13.9054	40	0	0	1	1	0	2	0	nue	MEC	CC	730.9	477.4	0.772	3.48		0.9063	7244.4	1	1000006	1	0	1	1	18	17
293	39	5336	0	0	2	100	15	not_in_act	2	0	1	67.4	0	0	-59.84	-40.72	294.03	0	1584.1	-0.3294	11.0173	40	0	0	1	1	0	3	0	nue	QE	CC	1520.4	1406.0	0.884	0.55		1.0208	29345.3	0	2	1	1	1	1	32	30
293	39	10317	0	0	4	8	8	same	1	0	1	51.4	0	0	-141.92	-120.04	133.27	0	759.2	-0.2467	-15.0000	4	0	1	0	0	0	1	0	nue	QE	CC	543.3	491.9	0.746	28.11		0.8821	13295.5	0	4	1	0	0	0	15	14
293	39	12153	0	0	1	19	19	same	11	0	1	179.3	0	0	-55.10	-103.89	192.16	0	1907.7	2.8600	7.9657	4	0	1	0	0	0	2	0	nue	RES	CC	1959.3	1660.7	0.426	1.10		0.5620	33341.4	0	1	1	0	1	1	23	12
293	43	4013	0	0	1000002	32	32	same	5	0	0	82.2	0	0	115.30	-11.71	256.35	0	926.5	0.1068	14.3525	40	0	0	1	1	0	2	1	nue	QE	CC	934.2	851.9	0.619	0.65		0.7542	30150.0	1	1000002	1	0	1	1	24	19
293	43	5521	0	0	0	21	21	same	2	0	1	108.0	0	0	-117.61	48.30	346.45	0	1807.9	-1.2332	8.4908	40	0	0	1	1	0	1	0	nue	QE	CC	1844.7	1699.7	1.283	0.45		1.4169	45578.1	0	0	1	0	1	1	46	44
293	43	6406	0	0	1000000	21	21	same	3	0	1	83.8	0	0	153.95	-108.90	322.95	0	976.7	1.4767	2.1207	8	0	0	1	0	0	3	0	nue	RES	CC	2743.1	1495.6	1.094	0.33		1.2276	54054.5	1	21	1	0	1	1	21	18
293	43	8667	0	0	1000000	7	7	same	1	0	1	116.3	0	0	98.13	100.62	367.19	0	2174.5	-1.2425	5.6375	40	0	0	1	1	0	2	0	nue	RES	CC	2352.6	2233.0	0.11	1.05		0.2453	42868.2	1	1000000	1	0	1	1	36	35
293	43	10202	0	0	1000001	88	25	not_in_act	26	0	0	96.5	0	0	7.85	153.73	397.05	0	2067.2	0.3174	7.3942	4	0	1	0	0	0	2	1	nue	RES	CC	3309.6	2109.1	0.132	3.35		0.2659	28796.5	1	10	1	1	1	1	54	28
293	46	486	0	0	0	15	15	same	6	0	0	157.0	0	0	-40.96	46.46	404.37	0	1988.3	3.4587	1.5813	4	0	1	0	0	0	1	0	nue	RES	CC	2369.9	1677.4	0.227	1.19		0.3622	27416.2	0	0	1	0	1	1	40	34
293	46	558	0	0	4	8	8	same	1	0	1	23.8	0	0	-81.37	-18.47	319.72	0	369.2	-1.1457	-12.4348	8	0	0	1	0	0	1	0	nue	QE	CC	457.7	377.4	0.506	11.31		0.6434	8562.2	0	4	1	0	1	1	12	11
293	46	861	0	0	1000008	12	12	same	1	0	1	22.1	0	0	23.83	-25.49	327.73	0	126.1	-1.9632	3.0420	8	0	0	1	0	0	1	0	nue	MEC	CC	328.2	245.5	0.921	0.70		1.0560	3715.0	1	10	1	0	1	1	7	6
293	46	1006	0	0	0	6	6	same	2	0	0	22.6	0	0	-198.82	15.07	196.75	0	369.2	-0.0655	-15.0000	6	1	1	0	0	1	1	0	nue	MEC	CC	1190.4	668.1	0.067	23.56		0.2004	48547.4	0	0	1	0	0	0	31	29
293	46	1088	0	0	0	18	18	same	4	0	1	115.2	1	1	-163.67	134.67	300.74	0	1665.1	0.3998	6.4324	8	0	0	1	0	0	3	0	nue	RES	CC	2272.2	2049.5	0.674	1.04		0.8061	41986.6	0	0	1	0	1	1	39	35
293	46	1169	0	0	1000004	15	15	same	1	0	1	81.3	0	0	135.06	-141.14	284.09	0	742.0	0.5200	11.6156	40	0	0	1	1	0	2	0	nue	MEC	CC	746.0	695.6	1.471	1.07		1.6035	15362.2	1	1000004	1	0	1	1	15	14
293	46	2839	0	0	2	4	4	same	1	0	1	59.2	0	0	-135.53	160.75	162.51	0	693.8	0.1941	0.8265	8	0	0	1	0	0	2	1	nue	QE	CC	757.0	650.3	1.484	10.16		1.6202	21940.4	0	2	1	0	1	1	48	47
293	46	4101	0	0	1000007	18	18	same	1	0	0	60.0	0	0	57.67	-69.71	457.30	0	951.0	0.2584	16.2556	40	0	0	1	1	0	3	1	nue	QE	CC	1717.5	872.4	0.814	1.81		0.9499	14799.5	1	12	1	0	1	1	11	10
293	46	4469	0	0	2	46	3	not_in_act	2	0	0	40.9	0	0	-180.49	-22.85	211.13	0	790.0	-1.1808	-15.0000	4	0	1	0	0	0	1	0	nue	QE	CC	766.6	615.8	1.412	11.34		1.5464	27963.9	0	2	1	1	0	0	12	10
293	46	4547	0	0	1000009	21	21	same	3	0	0	169.1	0	0	-15.74	-55.17	353.04	0	622.5	4.8204	-15.0000	4	0	1	0	0	0	2	1	numu	QE	CC	1147.2	457.5	0.471	0.43		0.6062	7489.3	1	1000009	1	0	0	0	5	2
293	46	4547	1	1	4	22	22	same	14	0	0	68.8	0	0	-29.94	192.29	206.38	0	1678.2	-0.1384	6.8502	40	0	0	1	1	0	2	0	nue	RES	CC	2222.7	1691.7	1.281	4.05		1.4171	25083.7	0	4	1	0	1	1	48	34
293	46	5234	0	0	1000000	12	12	same	2	0	0	42.2	0	0	154.64	120.60	276.26	0	649.6	-0.0039	13.5817	40	0	0	1	1	0	3	2	nue	QE	CC	689.9	625.2	0.806	0.31		0.9363	42974.5	1	1000000	1	0	1	1	10	8
293	46	6532	0	0	2	17	17	same	2	0	1	48.0	0	0	-69.97	-18.99	82.16	0	767.6	-0.1573	8.4960	8	0	0	1	0	0	1	0	nue	RES	CC	867.1	751.8	1.331	0.75		1.4691	16394.4	0	2	1	0	1	1	31	29
293	46	8384	0	0	1000004	16	16	same	21	0	1	92.6	0	0	74.08	-154.00	91.05	0	1111.8	1.4477	9.0514	4	0	1	0	0	0	3	1	nue	QE	CC	1215.0	1119.5	1.427	1.30		1.5627	15478.7	1	5	1	0	1	1	44	23
293	46	9455	0	0	1000003	14	14	same	1	0	1	57.2	0	0	108.24	-146.34	47.54	0	801.3	-0.9676	13.5780	40	0	0	1	1	0	1	0	nue	QE	CC	987.7	841.1	1.104	0.83		1.2388	18390.3	1	1000003	1	0	1	1	37	36
293	46	9606	0	0	1000004	8	8	same	1	0	1	63.8	0	0	126.74	138.45	382.79	0	652.1	0.1028	-9.7307	8	0	0	1	0	0	1	0	nue	QE	CC	575.0	570.7	0.395	47.13		0.5297	13259.5	1	1000004	1	0	1	1	23	22
293	47	5463	0	0	1	18	16	in_act_not_selected	42	0	0	110.4	0	0	-13.69	-129.15	87.75	0	1638.6	0.1535	-2.6222	8	0	0	1	0	0	1	0	nue	DIS	CC	2490.9	2274.4	1.522	1.87		1.6571	37405.1	0	1	1	1	1	1	49	7
293	47	5839	0	0	3	16	16	same	4	0	0	65.6	0	0	-128.33	8.31	438.19	0	1155.5	0.3093	14.7505	40	0	0	1	1	0	3	0	nue	MEC	CC	1446.1	1092.5	0.49	0.70		0.6262	24025.2	0	3	1	0	1	1	12	8
293	47	6786	0	0	1000001	16	16	same	7	0	1	58.2	0	0	116.00	-39.94	101.52	0	1395.8	-0.1197	14.2556	40	0	0	1	1	0	2	1	nue	RES	CC	1580.0	1439.8	1.105	0.77		1.2408	40261.1	1	1000001	1	0	1	1	57	50
293	47	7274	0	0	1000000	14	14	same	1	0	1	325.1	0	0	155.20	62.78	52.68	0	913.0	3.6955	-15.0000	4	0	1	0	0	0	2	0	numu	QE	CC	1080.8	931.9	0.31	0.31		0.4413	41903.2	1	1000000	1	0	0	0	16	15
293	47	7274	1	1	5	17	17	same	1	0	1	53.5	0	0	28.58	44.59	227.06	0	731.0	0.6341	-15.0000	8	0	0	1	0	0	2	1	nue	MEC	CC	879.2	614.4	1.413	4.33		1.5486	1698.6	0	5	1	0	0	0	12	11
293	47	8324	0	0	2	4	4	same	1	0	1	54.4	0	0	-32.84	150.81	402.65	0	1278.7	0.3844	-15.0000	8	0	0	1	0	0	2	0	nue	RES	CC	1308.3	1322.1	1.419	1.53		1.5543	17265.7	0	2	1	0	0	0	29	28
293	47	8681	0	0	1000003	73	21	not_in_act	5	0	0	84.6	0	0	41.67	58.11	451.67	0	1188.2	0.0096	-15.0000	8	0	0	1	0	0	2	1	nue	RES	CC	2948.9	1472.4	0.397	3.99		0.5327	25743.4	1	16	1	1	0	0	50	45
293	47	10755	0	0	1000001	12	12	same	4	0	0	89.6	1	1	69.44	-168.54	275.97	0	1408.4	0.0460	15.0515	40	0	0	1	1	0	1	0	nue	QE	CC	1446.8	1313.0	0.845	2.10		0.9825	18912.2	1	21	1	0	1	1	20	16
293	47	11595	0	0	2	5	5	same	1	0	1	53.2	0	0	-84.75	129.63	9.09	0	1086.9	-0.3550	0.5048	8	0	0	1	0	0	2	1	nue	DIS	CC	1225.3	1047.4	0.95	3.00		1.0869	29847.2	0	2	1	0	1	1	41	40
293	49	3659	0	0	0	37	37	same	48	1	1	49.9	1	1	-2.42	-115.58	384.82	0	774.9	-0.5041	-8.0680	8	0	0	1	0	0	2	0	nue	DIS	CC	2132.5	1133.9	0.149	4.40		0.2835	36217.0	0	0	1	0	1	1	53	5
293	49	4163	0	0	7	19	19	same	2	0	1	53.2	1	1	-8.08	-45.14	331.92	0	446.6	0.2703	-10.0543	8	0	0	1	0	0	1	0	nue	QE	CC	472.6	402.0	0.826	29.38		0.9594	7946.9	0	7	1	0	1	1	16	14
293	49	4491	0	0	1	75	4	not_in_act	1	0	1	21.8	0	0	-109.50	-40.59	62.43	0	260.3	-1.6458	-15.0000	8	0	0	1	0	0	2	0	nue	MEC	CC	738.1	576.1	1.408	0.72		1.5435	15050.3	0	1	1	1	0	0	30	29
293	49	5265	0	0	1000000	121	16	not_in_act	1	0	0	289.7	0	0	27.66	69.13	260.60	0	3257.2	-1.6708	10.4637	40	0	0	1	1	0	2	1	nue	DIS	CC	3834.6	3585.6	1.261	0.75		1.3984	77689.6	1	8	1	1	1	1	47	46
293	49	7503	0	0	1000004	15	15	same	1	0	1	41.7	0	0	69.46	85.64	264.75	0	518.0	0.1919	-15.0000	8	0	0	1	0	0	1	0	nue	QE	CC	497.4	439.3	1.415	0.68		1.5489	12996.7	1	1000004	1	0	0	0	15	14
293	49	9330	0	0	1000004	20	20	same	1	0	1	22.5	0	0	177.67	-54.28	361.97	0	346.7	-0.7310	-15.0000	8	0	0	1	0	0	2	1	nue	MEC	CC	343.3	318.3	0.887	3.38		1.0235	9115.8	1	1000004	1	0	0	0	12	11
293	49	10221	0	0	1000005	9	9	same	1	0	1	27.3	0	0	186.63	-161.77	368.59	0	418.8	-1.1911	-15.0000	8	0	0	1	0	0	2	0	nue	QE	CC	374.3	337.3	1.055	0.37		1.1903	7871.7	1	1000005	1	0	0	0	13	12
293	50	1004	0	0	1000008	12	12	same	1	0	0	35.4	0	0	105.18	-179.33	377.86	0	669.1	0.6684	-15.0000	4	0	1	0	0	0	2	0	nue	RES	CC	520.5	339.5	1.474	1.21		1.6110	4616.3	1	1000008	1	0	0	0	3	2
293	50	1705	0	0	1000004	80	21	not_in_act	16	0	0	61.9	1	1	39.03	188.23	276.55	0	1501.9	1.3238	12.5622	36	0	1	0	1	0	2	1	nue	RES	CC	2369.1	1482.0	1.318	3.83		1.4541	20639.2	1	7	1	1	1	1	61	45
293	50	2838	0	0	7	78	24	not_in_act	15	0	1	43.7	0	0	-56.31	57.22	358.99	0	530.2	-0.1610	-15.0000	8	0	0	1	0	0	2	1	nue	QE	CC	833.2	781.6	0.374	0.38		0.5096	14108.4	0	7	1	1	0	0	30	15
293	50	3741	0	0	0	4	4	same	1	0	1	46.4	0	0	-164.91	-154.35	55.31	0	729.1	-0.8209	11.6106	40	0	0	1	1	0	1	0	nue	QE	CC	772.6	719.0	0.478	0.58		0.6137	24368.2	0	0	1	0	1	1	16	15
293	50	6562	0	0	3	2	2	same	1	0	1	32.9	0	0	-157.61	91.94	276.46	0	1093.3	-0.1170	-15.0000	8	0	0	1	0	0	1	0	nue	QE	CC	492.2	465.7	0.732	13.58		0.8677	14827.5	0	3	1	0	0	0	29	28
293	50	6942	0	0	1000006	31	8	not_in_act	1	0	1	41.7	0	0	101.07	-155.47	145.37	0	594.7	-1.2951	-15.0000	8	0	0	1	0	0	2	0	nue	DIS	CC	1105.5	683.8	0.197	29.09		0.3325	12847.9	1	1000006	1	1	0	0	22	21
293	50	9173	0	0	1000003	9	9	same	1	0	0	35.0	0	0	141.07	-39.09	470.30	0	467.7	-0.8680	6.7944	8	0	0	1	0	0	2	0	nue	QE	CC	1109.6	463.0	0.304	0.85		0.4397	14893.3	1	1000003	1	0	1	1	3	2
293	50	9403	0	0	0	21	21	same	2	0	1	123.2	1	1	-143.11	173.46	62.50	0	2314.0	1.3002	11.2719	4	0	1	0	0	0	2	0	nue	RES	CC	2727.9	2102.7	0.156	0.31		0.2903	41833.0	0	0	1	0	1	1	42	40
293	50	9781	0	0	1	23	23	same	11	0	1	117.6	0	0	-158.90	-101.10	42.98	0	881.3	1.8762	-15.0000	4	0	1	0	0	0	1	0	nue	QE	CC	1782.0	1213.1	1.482	16.44		1.6146	33231.9	0	1	1	0	0	0	19	8
293	50	10310	0	0	1	17	17	same	4	0	0	67.1	0	0	-177.61	42.84	152.05	0	1881.6	-1.1368	8.6601	40	0	0	1	1	0	1	0	nue	RES	CC	1935.9	1665.2	1.275	0.32		1.4074	83504.5	0	1	1	0	1	1	37	33
293	50	10974	0	0	0	25	25	same	18	0	1	74.2	1	1	-15.98	-146.21	318.21	0	1381.3	2.2392	-15.0000	4	0	1	0	0	0	1	0	nue	MEC	CC	1962.4	1649.7	1.036	27.04		1.1701	32093.8	0	0	1	0	0	0	56	38
293	50	11290	0	0	2	5	5	same	1	0	1	81.1	0	0	-145.14	-146.32	276.68	0	1664.8	-0.2648	13.2049	40	0	0	1	1	0	1	0	nue	QE	CC	1608.7	1540.0	1.356	0.15		1.4908	40006.3	0	2	1	0	1	1	54	53
293	54	114	0	0	3	33	27	in_act_not_selected	38	0	0	409.2	1	1	-116.69	-70.67	208.52	0	2052.8	-0.2666	0.6428	8	0	0	1	0	0	2	0	nue	RES	CC	1125.2	992.6	1.317	0.43		1.4487	49846.8	0	3	1	1	1	1	56	18
293	54	863	0	0	5	67	16	not_in_act	3	0	1	36.9	0	0	-34.63	-168.92	235.54	0	478.7	-1.0252	4.0877	8	0	0	1	0	0	1	0	nue	QE	CC	1030.4	834.9	0.864	2.82		1.0005	15854.2	0	5	1	1	1	1	25	22
293	54	2140	0	0	1000001	92	15	not_in_act	3	0	1	55.7	0	0	79.34	-41.81	164.45	0	1537.0	0.5725	-15.0000	4	0	1	0	0	0	3	2	nue	QE	CC	1465.6	1213.9	1.295	26.28		1.4332	32585.7	1	1000001	1	1	0	0	28	25
293	54	5074	0	0	1000001	19	19	same	5	0	0	107.0	0	0	126.45	130.46	214.46	0	1373.7	0.8016	9.4575	8	0	0	1	0	0	2	1	nue	QE	CC	2187.1	1581.8	0.07	0.31		0.2053	35262.5	1	4	1	0	1	1	19	14
293	54	5671	0	0	1000003	12	12	same	5	0	0	18.6	0	0	124.13	-199.46	37.06	0	199.1	-2.3605	-15.0000	10	1	0	1	0	1	3	0	nue	QE	CC	832.4	502.3	1.273	14.74		1.4085	9869.8	1	1000003	1	0	0	0	22	17
293	54	6869	0	0	0	19	19	same	4	0	1	128.2	0	0	-48.26	-105.90	253.10	0	1844.6	1.6286	-6.6595	4	0	1	0	0	0	1	0	nue	DIS	CC	2815.4	2354.1	0.204	1.12		0.3401	47911.3	0	0	1	0	1	1	54	50
293	54	7766	0	0	1000000	13	13	same	1	0	1	29.7	0	0	146.58	104.75	359.73	0	1289.8	0.3901	6.6399	4	0	1	0	0	0	1	0	nue	MEC	CC	1124.3	994.1	1.359	0.66		1.4949	31302.3	1	1000000	1	0	1	1	19	18
293	54	9869	0	0	1	7	7	same	1	0	1	79.9	0	0	-115.57	5.04	157.84	0	1541.2	-0.3793	-15.0000	8	0	0	1	0	0	3	0	nue	QE	CC	971.4	938.6	0.67	0.86		0.8050	27538.3	0	1	1	0	0	0	18	17
293	54	10628	0	0	0	21	13	in_act_not_selected	41	0	1	53.1	0	0	-105.99	12.81	161.46	0	1997.4	-1.3714	1.6983	8	0	0	1	0	0	2	0	nue	RES	CC	2890.3	2691.5	0.501	7.30		0.6356	68656.3	0	0	1	1	1	1	77	36
293	62	71	0	0	1000001	11	11	same	1	0	1	82.8	0	0	111.15	-128.31	283.21	0	1885.5	-1.2309	12.9244	40	0	0	1	1	0	2	0	nue	RES	CC	2008.6	1736.1	1.568	0.76		1.7034	43838.6	1	1000001	1	0	1	1	49	48
293	62	376	0	0	1	66	12	not_in_act	2	0	1	51.7	0	0	-91.25	-117.87	119.03	0	825.4	-0.7035	-2.2271	8	0	0	1	0	0	1	0	nue	RES	CC	1178.3	1014.6	1.105	3.20		1.2391	22124.6	0	1	1	1	1	1	25	23
293	62	2662	0	0	1000000	17	17	same	11	0	1	109.9	0	0	89.61	-106.59	353.46	0	1770.1	-0.4430	8.4522	8	0	0	1	0	0	3	1	nue	DIS	CC	2596.2	2168.5	0.489	0.70		0.6236	50789.9	1	7	1	0	1	1	79	68
293	62	5247	0	0	4	63	20	not_in_act	2	0	0	71.4	1	1	-85.55	183.65	215.87	0	1312.3	0.2025	12.6654	40	0	0	1	1	0	2	0	nue	RES	CC	1382.0	1200.2	1.3	1.33		1.4352	17547.8	0	4	1	1	1	1	21	19
293	62	7192	0	0	0	19	19	same	4	0	1	98.6	1	1	-176.16	90.80	27.73	0	2788.8	-2.2072	3.2609	8	0	0	1	0	0	1	0	nue	QE	CC	2783.8	2688.9	0.952	19.11		1.0853	177049.8	0	0	1	0	1	1	54	50
293	62	8282	0	0	1000003	12	12	same	1	0	1	95.0	0	0	37.84	-47.42	275.83	0	1237.9	0.0526	13.7397	40	0	0	1	1	0	1	0	nue	QE	CC	1324.0	1228.4	1.13	0.54		1.2661	27425.0	1	1000003	1	0	1	1	29	28
293	62	8775	0	0	1000000	12	12	same	2	0	0	99.9	0	0	193.75	7.68	413.50	0	1083.8	1.5468	0.3302	4	0	1	0	0	0	3	2	nue	DIS	CC	2688.2	1254.1	1.268	0.57		1.4011	42349.4	1	1000000	1	0	1	1	38	36
293	64	899	0	0	1000000	9	9	same	2	0	0	69.0	0	0	192.75	-97.38	172.03	0	1378.3	0.0676	12.9038	40	0	0	1	1	0	4	3	nue	QE	CC	1469.5	1256.4	0.462	1.86		0.5968	28932.0	1	1000000	1	0	1	1	30	28
293	64	2676	0	0	1000002	13	13	same	1	0	1	170.6	0	0	99.27	-47.21	368.90	0	1342.3	2.1010	7.6873	4	0	1	0	0	0	3	1	nue	RES	CC	1827.2	1519.1	0.808	1.67		0.9431	33273.6	1	1000002	1	0	1	1	33	32
293	64	7591	0	0	0	25	25	same	13	0	1	77.4	0	0	-37.82	-83.91	93.95	0	1158.2	-0.4766	11.7148	8	0	0	1	0	0	3	1	nue	MEC	CC	1294.4	1171.0	1.503	0.47		1.6398	22274.3	0	0	1	0	1	1	33	20
293	64	8782	0	0	1000006	9	9	same	1	0	0	39.2	0	0	19.04	-145.79	400.31	0	1072.0	-0.3150	8.8892	8	0	0	1	0	0	2	0	nue	RES	CC	1077.9	937.3	0.432	2.05		0.5660	13529.4	1	1000006	1	0	1	1	16	15
293	67	2048	0	0	1000003	18	18	same	27	0	1	31.4	0	0	1.29	105.94	159.89	0	579.6	-1.0291	4.2688	8	0	0	1	0	0	1	0	nue	RES	CC	991.8	686.3	0.105	1.78		0.2380	6434.3	1	5	1	0	1	1	67	40
293	67	3048	0	0	2	1	1	same	1	0	1	77.7	0	0	-90.74	14.50	256.35	0	728.2	1.1609	-11.6585	4	0	1	0	0	0	2	0	nue	MEC	CC	947.2	770.8	0.712	0.82		0.8487	20167.6	0	2	1	0	1	1	11	10
293	67	5204	0	0	1	8	8	same	12	0	1	57.4	0	0	-6.54	55.64	214.48	0	601.0	-0.6301	4.1814	8	0	0	1	0	0	2	1	nue	QE	CC	804.0	742.4	1.583	1.92		1.7172	16342.4	0	1	1	0	1	1	41	29
293	67	5570	0	0	7	1	1	same	1	0	0	42.6	0	0	-98.40	-188.72	470.99	0	422.9	1.0315	5.7198	8	0	0	1	0	0	2	0	nue	QE	CC	854.5	522.6	0.965	0.66		1.1026	6951.5	0	7	1	0	1	1	2	1
293	67	6125	0	0	1000000	10	10	same	1	0	1	101.6	0	0	60.45	162.17	125.96	0	2830.4	-1.6732	1.8592	8	0	0	1	0	0	2	1	nue	RES	CC	3296.3	3144.1	1.522	36.13		1.6585	52911.9	1	1000000	1	0	1	1	64	63
293	67	6955	0	0	0	4	4	same	2	0	0	191.8	0	0	-138.04	-50.98	127.17	0	1655.2	0.4686	13.8542	40	0	0	1	1	0	1	0	nue	RES	CC	1913.9	1510.2	1.563	0.32		1.6973	48503.2	0	0	1	0	1	1	47	45
293	67	7886	0	0	6	3	3	same	1	0	1	35.7	0	0	-142.73	46.51	193.58	0	198.5	-1.0518	10.3051	8	0	0	1	0	0	2	1	nue	QE	CC	243.1	212.4	1.296	1.06		1.4294	7060.6	0	6	1	0	1	1	11	10
293	67	8801	0	0	1	4	4	same	1	0	1	82.5	0	0	-62.63	64.93	396.86	0	1372.2	-0.0557	14.4775	40	0	0	1	1	0	2	1	nue	MEC	CC	1319.8	1243.9	1.397	0.68		1.5337	22540.6	0	1	1	0	1	1	31	30
293	67	9277	0	0	1000001	13	13	same	2	0	1	35.9	0	0	143.46	185.30	281.61	0	632.4	-0.3789	13.8682	40	0	0	1	1	0	2	0	nue	QE	CC	1043.1	632.0	0.579	1.42		0.7124	21448.3	1	1000001	1	0	1	1	20	18
293	67	9772	0	0	12	90	20	in_act_not_selected	7	0	1	47.7	0	0	-95.38	199.84	220.69	0	492.2	-1.5261	-15.0000	10	1	0	1	0	1	2	1	nue	MEC	CC	612.0	461.0	0.825	2.55		0.9592	6584.4	0	12	1	1	0	0	16	9
293	67	11469	0	0	1	12	12	same	11	0	1	28.0	0	0	-9.41	135.22	388.68	0	232.4	-1.0770	-8.8927	8	0	0	1	0	0	2	1	nue	RES	CC	2091.2	1397.1	0.392	78.31		0.5273	25879.3	0	1	1	0	1	1	16	5
293	73	1072	0	0	5	43	8	not_in_act	1	0	1	51.2	0	0	-147.65	74.49	311.52	0	876.3	-0.1313	-15.0000	8	0	0	1	0	0	2	1	nue	QE	CC	745.6	715.8	0.792	0.69		0.9265	20543.9	0	5	1	1	0	0	19	18
293	73	5123	0	0	0	1	1	same	1	0	1	128.4	0	0	-171.81	24.84	263.58	0	3061.6	1.0745	-2.6475	4	0	1	0	0	0	4	1	nue	RES	CC	3272.6	2963.8	1.275	125.90		1.4089	110157.0	0	0	1	0	1	1	86	85
293	73	5516	0	0	1000002	16	16	same	1	0	1	70.1	0	0	123.40	107.43	209.71	0	775.8	-0.1386	13.1083	40	0	0	1	1	0	3	2	nue	QE	CC	742.2	777.1	0.787	0.62		0.9230	24854.7	1	1000002	1	0	1	1	35	34
293	73	8016	0	0	0	9	9	same	2	0	0	165.4	0	0	-162.51	-59.85	333.30	0	1414.1	1.3157	-15.0000	8	0	0	1	0	0	3	1	nue	DIS	CC	2834.2	1361.1	0.887	0.13		1.0218	69839.0	0	0	1	0	0	0	24	22
293	73	9454	0	0	10	23	23	same	18	0	0	34.1	0	0	-12.48	167.07	33.61	0	1446.1	1.3988	-6.1096	8	0	0	1	0	0	2	0	nue	RES	CC	1331.4	1070.8	0.306	62.49		0.4405	12600.3	0	10	1	0	1	1	45	27
293	73	12398	0	0	3	8	8	same	1	0	0	61.7	0	0	-8.55	-22.29	441.65	0	1223.5	1.2299	6.3323	40	0	0	1	1	0	3	0	nue	MEC	CC	3422.3	1224.6	1.04	8.14		1.1734	27530.5	0	3	1	0	1	1	14	13
293	77	262	0	0	0	3	3	same	1	0	0	44.0	0	0	-183.03	-21.44	205.98	0	939.9	-0.1243	9.9625	8	0	0	1	0	0	4	2	nue	RES	CC	927.9	886.7	0.806	0.75		0.9388	42819.1	0	0	1	0	1	1	26	25
293	77	4066	0	0	1000001	22	22	same	10	0	1	157.7	0	0	34.10	152.29	366.71	0	1276.4	0.7213	10.4675	8	0	0	1	0	0	2	1	nue	RES	CC	1664.1	1598.8	1.55	1.97		1.6839	26877.1	1	12	1	0	1	1	15	5
293	77	8034	0	0	3	18	18	same	24	0	1	66.9	0	0	-50.31	52.38	394.52	0	662.5	-1.4134	11.4869	8	0	0	1	0	0	2	0	nue	RES	CC	1095.2	858.3	0.336	0.94		0.4725	14810.9	0	3	1	0	1	1	60	36
293	77	10416	0	0	1000007	39	13	not_in_act	1	0	1	37.9	0	0	50.59	117.47	196.62	0	417.3	-0.7422	-15.0000	8	0	0	1	0	0	2	1	nue	QE	CC	478.7	451.6	1.05	80.62		1.1856	8320.6	1	1000007	1	1	0	0	17	16
293	78	789	0	0	0	4	4	same	1	0	1	77.8	0	0	-126.78	-160.91	282.00	0	1092.2	0.2566	14.8085	40	0	0	1	1	0	1	0	nue	QE	CC	1112.0	1033.5	0.864	0.43		0.9965	31461.4	0	0	1	0	1	1	32	31
293	78	1755	0	0	1	5	5	same	1	0	1	84.9	0	0	-177.52	179.18	408.16	0	1224.3	1.0817	-1.8109	8	0	0	1	0	0	1	0	nue	RES	CC	1757.1	1618.1	0.981	93.39		1.1164	37247.4	0	1	1	0	1	1	36	35
293	78	3501	0	0	0	3	3	same	1	0	1	102.9	0	0	-146.17	-115.92	279.33	0	1364.8	-0.4579	14.9546	40	0	0	1	1	0	2	0	nue	QE	CC	1273.7	1264.2	0.278	0.37		0.4135	33351.5	0	0	1	0	1	1	35	34
293	78	4009	0	0	2	14	14	same	4	0	1	51.6	0	0	-134.34	-53.36	202.51	0	851.0	1.6547	-15.0000	4	0	1	0	0	0	1	0	nue	MEC	CC	432.4	500.0	1.143	0.38		1.2783	16398.3	0	2	1	0	0	0	12	8
293	78	8256	0	0	9	6	6	same	1	0	1	21.5	0	0	-31.89	-133.52	18.22	0	181.7	-3.1944	-15.0000	8	0	0	1	0	0	2	1	numu	RES	NC	785.2	189.8	0.194	76.07		0.3351	2709.7	0	9	1	0	0	0	3	2
293	78	9061	0	0	1000003	11	11	same	19	0	1	68.5	0	0	52.76	154.84	77.64	0	980.0	0.5852	10.7511	8	0	0	1	0	0	1	0	nue	RES	CC	1586.1	1331.0	0.176	1.90		0.3112	18262.8	1	6	1	0	1	1	36	17
293	78	11856	0	0	0	18	18	same	24	0	1	96.0	0	0	-72.69	8.16	164.56	0	2079.1	-0.8939	11.1549	40	0	0	1	1	0	3	2	nue	DIS	CC	2099.4	2067.9	1.011	0.65		1.1480	54811.9	0	0	1	0	1	1	56	32
293	79	682	0	0	1000007	12	12	same	1	0	1	73.1	0	0	14.07	151.52	358.06	0	797.1	0.0521	15.6536	40	0	0	1	1	0	4	3	nue	QE	CC	828.1	709.2	1.225	2.39		1.3591	12776.3	1	14	1	0	1	1	21	20
293	79	1329	0	0	1000008	19	19	same	1	0	0	47.1	0	0	118.21	41.84	476.36	0	569.6	0.4973	13.9376	40	0	0	1	1	0	3	1	nue	QE	CC	805.6	425.8	0.797	0.96		0.9318	8337.7	1	1000008	1	0	1	1	10	9
293	79	1924	0	0	1000000	8	8	same	2	0	1	63.6	0	0	64.61	7.85	158.13	0	2802.3	-0.8704	11.7807	40	0	0	1	1	0	1	0	nue	DIS	CC	3129.7	2756.0	0.083	0.64		0.2213	68394.0	1	6	1	0	1	1	92	90
293	79	4349	0	0	1000003	19	19	same	5	0	1	28.9	0	0	172.68	-97.01	328.09	0	432.3	-0.5136	-15.0000	8	0	0	1	0	0	2	1	nue	QE	CC	705.4	205.1	1.092	0.03		1.2265	11585.1	1	1000003	1	0	0	0	7	2
293	79	4723	0	0	1000000	7	7	same	1	0	1	143.8	0	0	54.83	-10.05	34.03	0	2614.2	-0.7623	7.9730	40	0	0	1	1	0	4	1	nue	RES	CC	2562.0	2358.0	0.668	2.29		0.8055	50187.8	1	1000000	1	0	1	1	56	55
293	79	4785	0	0	1000000	16	16	same	1	0	1	138.4	0	0	98.32	80.02	115.99	0	2756.8	-1.8044	11.6174	40	0	0	1	1	0	3	0	nue	QE	CC	2684.8	2657.1	1.484	0.61		1.6198	72257.8	1	1000000	1	0	1	1	60	59
293	79	10521	0	0	1000001	12	12	same	2	0	1	55.5	0	0	104.51	58.50	135.15	0	1031.6	-0.0643	8.4960	8	0	0	1	0	0	2	0	nue	QE	CC	969.7	923.5	1.161	0.85		1.2981	24404.6	1	1000001	1	0	1	1	33	31
293	79	11188	0	0	1	1	1	same	1	0	1	97.3	0	0	-123.84	-109.88	337.32	0	942.7	1.6621	-5.3284	4	0	1	0	0	0	1	0	nue	DIS	CC	1089.3	878.6	0.088	0.83		0.2241	22368.7	0	1	1	0	1	1	15	14
293	86	539	0	0	2	4	4	same	1	0	1	19.7	0	0	-89.11	16.21	109.78	0	388.4	0.0570	-10.7142	8	0	0	1	0	0	1	0	nue	RES	CC	661.0	354.4	1.183	9.72		1.3180	8122.5	0	2	1	0	1	1	13	12
293	86	3932	0	0	5	18	18	same	3	0	1	60.6	1	1	-83.18	18.12	51.00	0	848.7	0.3435	2.0059	40	0	0	1	1	0	2	0	nue	RES	CC	744.5	661.2	0.916	0.95		1.0509	13283.8	0	5	1	0	1	1	14	11
293	86	4733	0	0	1000000	12	12	same	2	0	0	99.5	0	0	170.44	122.81	162.44	0	2064.2	-1.1271	3.0784	8	0	0	1	0	0	3	2	nue	RES	CC	2163.8	1824.9	0.273	2.14		0.4064	68881.3	1	1000000	1	0	1	1	46	44
293	86	6533	0	0	4	8	8	same	1	0	1	60.7	0	0	-112.52	-29.62	277.14	0	955.9	-1.2346	0.6020	4	0	1	0	0	0	1	0	nue	MEC	CC	945.8	871.5	0.994	20.60		1.1284	25860.3	0	4	1	0	1	1	24	23
293	86	6999	0	0	1000002	12	12	same	1	0	1	46.7	0	0	117.18	-70.43	186.35	0	446.9	0.3313	-15.0000	8	0	0	1	0	0	2	1	nue	QE	CC	524.5	530.8	1.181	0.58		1.3175	15525.6	1	1000002	1	0	0	0	26	25
293	86	8767	0	0	1	6	6	same	1	0	0	105.5	0	0	-53.73	183.60	202.30	0	2594.9	-0.0739	8.7282	8	0	0	1	0	0	1	0	nue	RES	CC	2607.8	2444.3	1.089	2.49		1.2261	33932.4	0	1	1	0	1	1	52	51
293	86	12364	0	0	1000001	12	12	same	1	0	1	56.5	0	0	158.60	61.74	223.37	0	615.9	-0.8069	4.9792	8	0	0	1	0	0	2	1	nue	MEC	CC	801.4	690.0	0.334	0.14		0.4696	29466.9	1	1000001	1	0	1	1	33	32
293	87	3652	0	0	1000000	12	12	same	2	0	0	91.7	0	0	157.07	-64.68	272.94	0	2235.3	-2.5527	9.4188	40	0	0	1	1	0	3	1	nue	MEC	CC	2352.8	2053.2	1.167	1.26		1.3013	59599.4	1	1000000	1	0	1	1	73	71
293	87	4688	0	0	1000011	20	20	same	1	0	1	42.8	0	0	17.80	-184.45	393.29	0	610.7	0.5961	-15.0000	4	0	1	0	0	0	2	1	nue	MEC	CC	790.7	583.6	0.339	44.38		0.4752	4034.2	1	10	1	0	0	0	21	20
293	87	4780	0	0	0	13	13	same	28	0	0	84.1	0	0	-1.95	-17.44	301.50	0	1699.8	0.5907	15.6536	40	0	0	1	1	0	2	0	nue	DIS	CC	2541.1	1938.4	0.807	0.55		0.9416	31888.3	0	0	1	0	1	1	59	31
293	87	6972	0	0	1000005	34	34	same	11	0	1	28.9	0	0	4.47	75.50	39.70	0	357.3	-1.0082	-15.0000	4	0	1	0	0	0	1	0	nue	QE	CC	1340.4	1268.5	0.953	2.32		1.0867	5999.5	1	1000005	1	0	0	0	17	6
293	87	7699	0	0	0	26	26	same	4	0	1	110.4	1	1	-80.32	5.33	67.30	0	1074.3	0.9996	-1.9246	4	0	1	0	0	0	1	0	nue	DIS	CC	2006.5	1467.2	0.498	0.73		0.6352	33385.4	0	0	1	0	1	1	33	29
293	87	10712	0	0	0	20	20	same	8	0	1	97.7	0	0	1.96	-151.06	291.94	0	2011.0	0.1255	-15.0000	8	0	0	1	0	0	1	0	nue	RES	CC	2312.7	1706.1	0.128	4.70		0.2623	23261.6	0	0	1	0	0	0	47	39
293	87	11705	0	0	1000000	18	18	same	2	0	0	89.3	0	0	190.71	99.80	378.36	0	2210.0	-0.4071	8.6071	40	0	0	1	1	0	3	0	nue	MEC	CC	2776.5	1995.9	0.924	3.18		1.0573	107770.3	1	1000000	1	0	1	1	27	25
293	91	1420	0	0	4	9	8	in_act_not_selected	3	0	1	76.0	0	0	22.79	-60.00	457.42	0	734.2	0.8245	14.2222	8	0	0	1	0	0	1	0	nue	QE	CC	1151.6	666.2	1.514	2.50		1.6504	1240.2	0	4	1	1	1	1	6	3
293	91	1758	0	0	4	5	5	same	1	0	1	66.3	0	0	-112.60	147.23	295.02	0	1165.1	-0.8707	10.7082	8	0	0	1	0	0	1	0	nue	QE	CC	1111.3	1057.1	0.943	0.68		1.0787	17476.7	0	4	1	0	1	1	28	27
293	91	4677	0	0	1000001	22	22	same	7	0	1	83.7	0	0	29.28	-47.35	175.48	0	1804.6	2.0697	-7.2425	4	0	1	0	0	0	2	1	nue	DIS	CC	2614.1	2244.0	0.502	3.78		0.6391	45095.4	1	7	1	0	1	1	40	33
293	91	6450	0	0	5	6	6	same	1	0	0	76.1	0	0	-48.22	-149.66	453.91	0	749.3	0.4704	10.4330	40	0	0	1	1	0	1	0	nue	QE	CC	785.1	695.5	0.265	0.38		0.4014	8670.3	0	5	1	0	1	1	16	15
293	91	6779	0	0	2	3	3	same	1	0	0	69.9	0	0	-112.60	199.73	67.62	0	886.0	-2.0453	3.0201	10	1	0	1	0	1	1	0	nue	QE	CC	1309.3	981.7	0.591	1.44		0.7255	21061.2	0	2	1	0	1	1	38	37
293	91	7952	0	0	0	12	12	same	3	0	0	55.1	1	1	-176.03	-174.13	63.38	0	1451.4	-0.4931	9.6659	40	0	0	1	1	0	1	0	nue	RES	CC	2129.4	1610.1	0.781	0.63		0.9147	57010.2	0	0	1	0	1	1	43	40
293	91	8077	0	0	0	4	4	same	1	0	1	100.0	0	0	-141.68	56.25	236.04	0	1089.0	3.1405	-7.8219	4	0	1	0	0	0	1	0	nue	RES	CC	1692.4	1184.6	1.222	0.31		1.3572	34941.7	0	0	1	0	1	1	30	29
293	91	11796	0	0	5	5	5	same	2	0	0	61.3	0	0	-50.96	187.51	20.45	0	865.3	0.4110	-15.0000	8	0	0	1	0	0	2	0	nue	RES	CC	1583.5	1035.7	0.703	4.05		0.8391	13495.7	0	5	1	0	0	0	29	27
293	93	349	0	0	1000005	13	13	same	1	0	1	43.2	0	0	107.89	-72.43	131.68	0	719.0	0.0222	15.3525	40	0	0	1	1	0	2	1	nue	QE	CC	736.9	657.4	0.577	0.57		0.7120	17025.8	1	1000005	1	0	1	1	25	24
293	93	682	0	0	1000001	16	16	same	3	0	1	79.1	0	0	8.68	-161.36	9.48	0	1576.5	0.2879	7.8742	40	0	0	1	1	0	1	0	nue	RES	CC	2195.0	1694.0	0.343	3.24		0.4751	26286.0	1	4	1	0	1	1	44	41
293	93	831	0	0	1000000	10	10	same	2	0	1	73.4	0	0	104.50	18.91	97.07	0	2226.8	0.1571	9.8795	40	0	0	1	1	0	1	0	nue	RES	CC	2280.2	2007.6	1.236	1.14		1.3714	49961.8	1	11	1	0	1	1	42	40
293	93	2078	0	0	1000002	23	23	same	11	0	1	38.5	0	0	171.79	89.23	165.37	0	920.1	-0.1011	13.2644	40	0	0	1	1	0	2	1	nue	QE	CC	964.4	852.1	1.144	0.10		1.2760	39389.9	1	1000002	1	0	1	1	34	23
293	93	2519	0	0	8	94	27	in_act_not_selected	8	0	1	67.4	0	0	-45.32	100.30	353.58	0	768.7	-0.2443	-15.0000	8	0	0	1	0	0	2	1	nue	RES	CC	1187.0	971.3	0.944	0.61		1.0788	15549.4	0	8	1	1	0	0	32	24
293	93	2706	0	0	1	5	5	same	2	0	0	244.0	0	0	-106.32	-40.79	266.33	0	839.5	6.0333	-15.0000	4	0	1	0	0	0	2	0	numu	QE	CC	990.0	635.6	0.335	2.09		0.4721	20732.2	0	1	1	0	0	0	4	2
293	93	2706	1	1	1000001	13	13	same	3	0	0	37.7	1	1	189.22	77.16	84.04	0	384.8	1.9649	-15.0000	4	0	1	0	0	0	2	1	nue	QE	CC	679.9	242.2	0.858	0.19		0.9913	29172.8	1	1000001	1	0	0	0	4	1
293	93	3929	0	0	4	4	4	same	1	0	1	51.7	0	0	-114.01	-45.33	413.69	0	573.7	0.9226	-15.0000	4	0	1	0	0	0	2	1	nue	QE	CC	955.4	461.3	0.32	41.65		0.4550	14238.9	0	4	1	0	0	0	15	14
293	93	4516	0	0	1000008	64	21	not_in_act	2	0	1	36.5	1	1	142.25	-28.24	344.31	0	777.4	0.5766	11.5677	40	0	0	1	1	0	1	0	nue	QE	CC	718.8	695.2	0.41	0.28		0.5473	19632.7	1	1000008	1	1	1	1	30	28
293	93	4628	0	0	1000000	10	10	same	1	0	0	87.6	0	0	183.59	86.94	269.30	0	808.8	-0.2421	-15.0000	8	0	0	1	0	0	2	0	nue	RES	CC	974.4	828.9	0.542	16.98		0.6708	42561.8	1	1000000	1	0	0	0	17	16
293	93	6517	0	0	1000000	12	12	same	1	0	1	107.8	0	0	168.00	-80.72	113.73	0	1464.4	1.4685	0.9627	4	0	1	0	0	0	3	0	nue	RES	CC	2131.6	1453.0	0.443	0.73		0.5764	50252.2	1	1000000	1	0	1	1	33	32
293	93	8408	0	0	1000000	63	8	not_in_act	1	0	1	44.5	0	0	176.15	-5.31	281.31	0	927.4	-0.9044	-15.0000	8	0	0	1	0	0	1	0	nue	QE	CC	1225.4	914.7	1.429	0.47		1.5647	32124.8	1	1000000	1	1	0	0	34	33
293	93	10963	0	0	1000000	10	10	same	2	0	1	172.7	0	0	66.85	145.75	324.81	0	3788.8	0.9275	7.9665	4	0	1	0	0	0	2	1	nue	RES	CC	4160.6	3773.5	1.075	1.56		1.2122	60378.0	1	20	1	0	1	1	69	67
293	93	11164	0	0	1000000	33	33	same	11	0	1	65.7	0	0	30.69	98.42	34.32	0	1446.7	0.0098	7.3343	40	0	0	1	1	0	1	0	nue	RES	CC	2461.4	1846.4	1.518	2.35		1.6547	32983.7	1	9	1	0	1	1	67	56
293	94	233	0	0	0	27	6	not_in_act	1	0	0	52.7	0	0	-168.55	-39.28	447.19	0	735.5	-0.2739	-15.0000	8	0	0	1	0	0	1	0	nue	RES	CC	800.3	712.4	0.549	56.23		0.6813	43177.5	0	0	1	1	0	0	15	14
293	94	1106	0	0	2	4	4	same	2	0	1	44.5	0	0	-177.23	58.26	394.38	0	815.2	-0.7512	-15.0000	8	0	0	1	0	0	1	0	nue	RES	CC	1160.2	818.8	1.115	1.04		1.2495	21517.3	0	2	1	0	0	0	23	21
293	94	1877	0	0	1000000	20	20	same	7	0	1	85.3	0	0	61.54	49.33	348.13	0	1744.0	0.9388	11.1393	36	0	1	0	1	0	2	1	nue	DIS	CC	2578.0	1888.4	0.961	0.85		1.0987	42343.4	1	20	1	0	1	1	49	42
293	94	2639	0	0	3	14	14	same	2	0	0	38.6	0	0	-99.22	-136.61	454.80	0	650.6	0.3762	13.1403	40	0	0	1	1	0	3	1	nue	MEC	CC	924.7	664.0	0.663	0.62		0.7988	11075.6	0	3	1	0	1	1	19	17
293	94	5776	0	0	3	11	11	same	1	0	1	99.9	0	0	-51.56	-69.49	360.73	0	1094.7	0.0089	12.9651	40	0	0	1	1	0	2	1	nue	RES	CC	1374.8	1119.2	0.792	0.39		0.9285	22035.2	0	3	1	0	1	1	38	37
293	94	7493	0	0	3	135	29	not_in_act	3	0	1	43.3	0	0	-9.47	-20.78	371.19	0	883.8	1.2160	12.4508	40	0	0	1	1	0	1	0	nue	QE	CC	1132.0	982.9	0.113	0.62		0.2483	19296.1	0	3	1	1	1	1	24	21
293	94	8424	0	0	1000002	14	14	same	1	0	0	131.4	0	0	47.66	-129.97	239.38	0	1058.7	2.4314	-15.0000	4	0	1	0	0	0	2	1	numu	RES	CC	1679.7	1165.9	1.261	7.97		1.3980	19175.1	1	1000002	1	0	0	0	23	22
293	94	8424	1	1	8	18	18	same	2	0	1	112.9	1	1	-112.30	139.96	395.78	0	1016.6	-0.3404	11.3080	40	0	0	1	1	0	2	0	nue	QE	CC	1161.8	971.6	0.887	0.78		1.0200	15878.8	0	8	1	0	1	1	16	14
293	94	10548	0	0	0	3	3	same	1	0	1	62.0	0	0	-164.33	-101.40	226.31	0	1392.1	0.1052	7.8632	8	0	0	1	0	0	1	0	nue	QE	CC	1316.3	1297.4	1.259	0.91		1.3931	43437.5	0	0	1	0	1	1	37	36
293	94	10701	0	0	1	27	27	same	26	1	1	64.1	1	2	-58.42	-165.95	296.70	0	1007.1	0.3236	3.0154	8	0	0	1	0	0	2	0	nue	RES	CC	1753.1	1419.0	0.753	3.17		0.8885	25317.1	0	1	1	0	1	1	30	4
293	95	2119	0	0	1000005	11	11	same	1	0	0	46.3	0	0	125.20	54.25	477.72	0	618.0	0.7590	-15.0000	8	0	0	1	0	0	2	0	nue	RES	CC	673.9	498.8	1.438	6.33		1.5735	9673.0	1	1000005	1	0	0	0	2	1
293	95	2193	0	0	1000001	20	20	same	20	0	1	110.5	0	0	44.82	156.40	261.91	0	2044.6	-1.7874	7.1977	40	0	0	1	1	0	3	2	nue	MEC	CC	1873.2	1914.5	0.901	1.67		1.0379	33801.2	1	12	1	0	1	1	64	44
293	95	3804	0	0	1000001	29	29	same	4	0	1	126.0	0	0	95.37	69.27	305.18	0	1329.3	1.2680	7.3307	8	0	0	1	0	0	2	1	nue	DIS	CC	1515.8	1307.7	0.165	1.50		0.3020	35448.2	1	1000001	1	0	1	1	32	28
293	95	5273	0	0	1000004	25	25	same	13	0	1	45.9	0	0	10.88	-23.05	336.93	0	466.5	0.2051	-15.0000	8	0	0	1	0	0	3	2	nue	QE	CC	360.3	361.3	0.772	24.96		0.9065	5292.6	1	11	1	0	0	0	14	1
293	95	6540	0	0	2	3	3	same	1	0	1	84.3	0	0	-169.58	-92.35	155.85	0	1041.8	-0.5895	13.2174	40	0	0	1	1	0	4	1	nue	QE	CC	1077.5	1008.6	0.065	0.27		0.2001	34518.2	0	2	1	0	1	1	48	47
293	95	7877	0	0	2	5	5	same	1	0	1	46.1	0	0	-84.04	-104.22	405.13	0	1236.7	0.7728	-1.5180	8	0	0	1	0	0	2	0	nue	RES	CC	3241.6	1203.1	0.357	10.75		0.4917	26048.5	0	2	1	0	1	1	25	24
293	95	10151	0	0	0	98	6	not_in_act	2	0	0	74.7	0	0	-176.73	56.55	130.49	0	1650.4	-0.1153	7.5212	8	0	0	1	0	0	1	0	nue	DIS	CC	1938.1	1588.7	0.311	0.06		0.4439	76173.2	0	0	1	1	1	1	47	45
293	95	11105	0	0	0	16	16	same	2	0	1	114.5	0	0	-5.80	61.58	93.78	0	2272.7	0.7366	5.2808	4	0	1	0	0	0	2	0	nue	RES	CC	2381.9	2324.2	0.427	3.95		0.5615	49155.2	0	0	1	0	1	1	40	38
293	95	12113	0	0	1000000	110	21	not_in_act	26	0	1	87.0	0	0	118.52	108.86	19.11	0	2759.7	-0.5534	11.5731	40	0	0	1	1	0	1	0	nue	QE	CC	2558.6	2523.9	0.401	1.32		0.5364	49251.3	1	1000000	1	1	1	1	79	53
293	96	942	0	0	1000000	13	13	same	2	0	0	98.5	0	0	194.89	4.15	35.91	0	2877.5	-2.0768	10.4431	8	0	0	1	0	0	2	1	nue	RES	CC	3631.5	2621.6	0.838	0.51		0.9707	92847.9	1	1000000	1	0	1	1	67	65
293	96	3172	0	0	1000007	20	20	same	1	0	1	52.5	0	0	38.76	-137.59	219.08	0	763.1	0.5923	3.0394	8	0	0	1	0	0	1	0	nue	RES	CC	999.6	773.7	1.394	1.90		1.5320	15735.7	1	1000007	1	0	1	1	20	19
293	96	4024	0	0	2	17	17	same	1	0	0	38.8	0	0	-149.36	-199.95	192.12	0	867.7	-0.9416	-15.0000	6	1	1	0	0	1	1	0	nue	RES	CC	1142.6	791.3	1.45	0.57		1.5860	15101.2	0	2	1	0	0	0	33	32
293	96	6506	0	0	10	4	4	same	1	0	1	50.3	0	0	-34.62	-48.39	78.31	0	516.8	0.4654	-8.3597	8	0	0	1	0	0	2	0	nue	QE	CC	589.8	584.2	0.972	43.26		1.1085	11529.1	0	10	1	0	1	1	23	22
293	96	6853	0	0	0	7	7	same	1	0	1	88.4	0	0	-109.16	36.44	406.79	0	1556.3	-1.6255	3.5576	8	0	0	1	0	0	1	0	nue	QE	CC	1499.6	1466.8	0.792	32.20		0.9281	33411.6	0	0	1	0	1	1	29	28
293	96	7567	0	0	2	7	7	same	1	0	1	65.6	0	0	-109.45	134.76	362.01	0	1378.1	0.0018	15.0515	40	0	0	1	1	0	2	1	nue	QE	CC	1326.3	1298.7	0.623	0.59		0.7577	23320.5	0	2	1	0	1	1	60	59
293	96	9317	0	0	0	20	20	same	41	0	1	148.0	0	0	-10.44	38.72	324.29	0	2688.0	0.3400	0.0392	4	0	1	0	0	0	2	1	nue	DIS	CC	2762.7	2425.1	1.528	2.63		1.6622	37112.9	0	0	1	0	1	1	78	37
293	96	10744	0	0	1000002	20	20	same	13	0	1	130.2	0	0	151.08	-150.57	394.11	0	1448.1	0.2162	2.7468	8	0	0	1	0	0	1	0	nue	RES	CC	2204.9	1708.4	0.55	0.31		0.6848	33325.4	1	22	1	0	1	1	28	15
293	99	576	0	0	1000009	13	13	same	1	0	1	33.2	0	0	98.55	-102.80	335.85	0	517.7	0.3557	-2.4723	8	0	0	1	0	0	1	0	nue	RES	CC	570.6	520.0	1.208	3.83		1.3438	10678.0	1	1000009	1	0	1	1	11	10
293	99	1816	0	0	1000002	22	22	same	15	1	1	28.6	1	1	164.16	12.25	454.48	0	382.3	0.0421	8.9373	40	0	0	1	1	0	1	0	nue	MEC	CC	542.8	480.1	1.402	0.28		1.5367	13929.2	1	1000002	1	0	1	1	18	3
293	99	2344	0	0	1	109	22	not_in_act	3	0	1	60.1	1	1	-65.57	-72.11	93.58	0	1689.4	-0.6212	12.8886	40	0	0	1	1	0	1	0	nue	QE	CC	1472.7	1418.9	0.557	0.49		0.6950	32779.5	0	1	1	1	1	1	37	34
293	99	4071	0	0	1000003	10	10	same	1	0	1	122.7	0	0	78.74	115.91	11.46	0	1219.9	0.7465	-0.9250	8	0	0	1	0	0	2	0	nue	MEC	CC	1736.3	1533.1	0.968	8.77		1.1052	24199.9	1	1000003	1	0	1	1	33	32
293	99	6629	0	0	1000005	14	14	same	16	0	1	75.9	0	0	39.58	164.59	26.99	0	559.5	-0.0506	-15.0000	4	0	1	0	0	0	2	1	nue	MEC	CC	1222.6	730.9	0.364	2.02		0.5008	10002.5	1	10	1	0	0	0	20	4
293	99	8828	0	0	6	26	4	not_in_act	1	0	0	51.2	0	0	-77.06	-176.40	78.96	0	727.8	-0.2340	14.8754	40	0	0	1	1	0	1	0	nue	QE	CC	829.1	692.3	0.251	1.33		0.3856	8940.1	0	6	1	1	1	1	15	14
293	99	9344	0	0	1000004	14	14	same	1	0	0	54.2	0	0	135.86	172.87	321.51	0	867.0	-0.7076	12.9607	40	0	0	1	1	0	1	0	nue	QE	CC	945.9	799.5	1.378	0.90		1.5105	17423.5	1	1000004	1	0	1	1	12	11
293	99	10032	0	0	1	23	17	in_act_not_selected	4	0	0	54.5	0	0	-155.23	-119.66	67.29	0	808.6	-0.2182	-15.0000	8	0	0	1	0	0	2	0	nue	DIS	CC	1328.7	903.8	1.16	62.76		1.2963	22991.7	0	1	1	1	0	0	11	7
293	99	10755	0	0	0	14	14	same	18	0	1	102.8	1	1	-148.65	-72.06	52.37	0	2578.7	-1.4092	14.0303	40	0	0	1	1	0	1	0	nue	QE	CC	2381.9	2360.0	0.574	0.30		0.7096	62788.5	0	0	1	0	1	1	69	51
293	99	11798	0	0	4	7	7	same	1	0	0	250.9	0	0	-51.85	54.72	258.99	0	711.1	3.6952	-15.0000	4	0	1	0	0	0	2	1	numu	QE	CC	1088.3	587.5	1.545	0.73		1.6819	9212.4	0	4	1	0	0	0	2	1
293	99	11920	0	0	4	6	6	same	1	0	1	58.9	0	0	-138.87	104.96	258.01	0	701.0	0.3937	11.2350	40	0	0	1	1	0	2	1	nue	MEC	CC	682.9	643.3	0.828	0.11		0.9634	16788.0	0	4	1	0	1	1	14	13
293	99	12019	0	0	1000010	5	5	same	1	0	0	0.7	0	0	0.00	0.00	0.00	1	0.0	-1.9417	-15.0000	0	0	0	0	0	0	3	-1				-1	-1	-1	-1		0.6097	707.7	1	7	0	0	0	0	1	0
294	2	4697	0	0	1000006	12	12	same	6	0	0	66.5	0	0	82.98	51.72	466.40	0	797.4	0.7386	-15.0000	8	0	0	1	0	0	1	0	nue	QE	CC	1679.5	483.9	1.06	1.48		1.1975	9636.5	1	12	1	0	0	0	12	6
294	2	8752	0	0	1000004	13	13	same	1	0	1	185.0	0	0	57.73	144.18	206.16	0	763.4	3.8193	-15.0000	4	0	1	0	0	0	2	1	numu	QE	CC	893.8	648.2	0.521	15.28		0.6349	17819.9	1	1000004	1	0	0	0	3	2
294	2	10486	0	0	0	25	25	same	4	0	0	145.5	0	0	-39.31	-165.94	153.30	0	3644.2	-1.3688	9.0271	40	0	0	1	1	0	1	0	nue	QE	CC	3624.2	3342.2	0.388	2.16		0.5259	50398.9	0	0	1	0	1	1	59	55
294	2	12081	0	0	1000000	18	18	same	2	0	1	114.8	0	0	73.13	-71.60	219.35	0	2487.9	-1.3472	10.9528	40	0	0	1	1	0	2	1	nue	QE	CC	2489.8	2417.1	0.462	0.93		0.6000	57637.0	1	15	1	0	1	1	61	59
294	10	3205	0	0	0	65	7	not_in_act	1	0	0	98.5	0	0	-179.57	-123.10	476.22	0	1135.3	0.5855	-15.0000	8	0	0	1	0	0	1	0	nue	RES	CC	2726.8	1072.6	1.362	39.95		1.4977	45252.3	0	0	1	1	0	0	22	21
294	10	3288	0	0	1000000	24	24	same	3	0	1	101.0	1	1	49.73	77.65	142.67	0	2152.7	-1.2725	11.1976	40	0	0	1	1	0	3	0	nue	RES	CC	2492.4	2296.5	1.146	1.02		1.2819	48533.7	1	1000000	1	0	1	1	42	39
294	10	3288	1	1	2	22	22	same	6	0	0	30.8	0	0	-195.65	-125.52	341.56	0	618.9	0.3290	-15.0000	8	0	0	1	0	0	3	1	numu	MEC	CC	1461.7	532.6	1.358	0.42		1.4921	26937.0	0	2	1	0	0	0	14	8
294	10	4719	0	0	1000003	17	17	same	3	0	1	47.7	0	0	43.92	-47.94	363.90	0	1082.1	-0.3312	12.6467	40	0	0	1	1	0	3	2	nue	MEC	CC	1248.4	1156.4	0.603	0.83		0.7399	22775.7	1	17	1	0	1	1	41	38
294	10	4834	0	0	3	10	10	same	1	0	1	37.1	0	0	-184.34	-184.98	20.55	0	687.6	-0.2766	-15.0000	4	0	1	0	0	0	1	0	nue	QE	CC	305.5	281.7	1.577	27.00		1.7113	10317.1	0	3	1	0	0	0	5	4
294	10	5091	0	0	1000007	13	13	same	1	0	0	46.8	0	0	80.32	-99.61	477.23	0	528.3	1.4248	0.9259	4	0	1	0	0	0	2	1	nue	RES	CC	1686.1	409.1	0.53	1.76		0.6671	9479.1	1	15	1	0	1	1	3	2
294	10	11666	0	0	4	14	14	same	2	0	0	64.1	0	0	-27.40	171.12	420.31	0	433.1	-0.7543	-15.0000	8	0	0	1	0	0	2	0	nue	RES	CC	1872.5	997.5	0.714	47.62		0.8490	15563.1	0	4	1	0	0	0	15	13
294	11	667	0	0	3	9	9	same	1	0	0	74.8	0	0	-167.00	163.96	221.01	0	1263.2	0.0560	11.0543	40	0	0	1	1	0	2	1	nue	QE	CC	1341.9	1200.0	0.636	0.42		0.7711	30573.7	0	3	1	0	1	1	39	38
294	11	1701	0	0	1000002	8	8	same	1	0	0	60.2	0	0	130.71	-36.99	445.86	0	623.7	3.4254	-15.0000	4	0	1	0	0	0	3	1	nue	RES	CC	1966.0	476.6	0.153	0.38		0.2884	21685.2	1	11	1	0	0	0	20	19
294	11	2982	0	0	1000003	3	3	same	1	0	0	38.7	0	0	139.29	-122.44	483.09	0	599.8	-0.1502	-15.0000	8	0	0	1	0	0	2	0	nue	QE	CC	1529.5	492.8	1.307	82.41		1.4453	16716.8	1	16	1	0	0	0	15	14
294	11	9909	0	0	1000005	78	24	not_in_act	1	0	0	31.2	0	0	117.48	-198.53	110.60	0	294.6	-1.8439	-15.0000	10	1	0	1	0	1	2	1	nue	RES	CC	924.4	389.1	0.161	7.54		0.2972	7817.1	1	1000005	1	1	0	0	4	3
294	16	8243	0	0	2	25	25	same	3	0	1	23.7	0	0	-59.83	-13.97	424.06	0	435.8	0.0883	-15.0000	8	0	0	1	0	0	2	1	nue	RES	CC	920.6	426.5	1.153	6.95		1.2898	8732.8	0	2	1	0	0	0	13	10
294	16	9766	0	0	1000004	106	27	not_in_act	2	0	1	24.8	0	0	201.38	75.26	319.05	0	368.6	-2.0335	-15.0000	10	1	0	1	0	1	1	0	nue	RES	CC	618.1	282.7	1.378	28.92		1.5128	15991.7	1	1000004	1	1	0	0	16	14
294	16	11306	0	0	6	18	18	same	3	0	1	120.4	1	1	-16.35	1.52	24.44	0	1286.1	0.6739	-15.0000	8	0	0	1	0	0	1	0	nue	QE	CC	850.0	790.3	1.119	28.05		1.2539	12561.4	0	6	1	0	0	0	16	13
294	16	11516	0	0	1000003	19	19	same	12	1	1	226.2	1	1	62.57	91.38	230.56	0	1148.2	1.3522	13.0033	40	0	0	1	1	0	2	1	nue	QE	CC	1206.9	1159.5	1.052	1.01		1.1894	22035.0	1	8	1	0	1	1	14	2
294	17	887	0	0	1	50	21	in_act_not_selected	67	1	1	67.0	1	2	-51.15	-85.03	227.62	0	1821.7	-0.9191	6.3655	40	0	0	1	1	0	1	0	nue	RES	CC	1818.9	1751.7	1.393	3.13		1.5275	41174.0	0	1	1	1	1	1	68	1
294	17	5173	0	0	1000008	21	21	same	11	0	1	21.3	0	0	5.50	74.80	391.48	0	247.8	-0.2892	-15.0000	4	0	1	0	0	0	3	2	nue	QE	CC	252.7	169.6	1.232	19.51		1.3658	2092.3	1	13	1	0	0	0	17	6
294	17	9212	0	0	0	8	8	same	2	0	0	172.3	0	0	-180.40	-169.41	103.87	0	1760.4	1.0075	-15.0000	4	0	1	0	0	0	1	0	nue	DIS	CC	2208.5	1449.7	0.367	0.36		0.5011	40840.0	0	0	1	0	0	0	18	16
294	17	11241	0	0	4	5	5	same	1	0	0	182.4	0	0	-80.88	48.95	4.65	0	1533.8	2.9503	-15.0000	4	0	1	0	0	0	2	1	numu	QE	CC	2899.3	1365.4	0.647	1.99		0.7862	31253.0	0	4	1	0	0	0	12	11
294	17	11241	1	1	1000010	17	17	same	2	0	1	39.1	0	0	1.45	1.02	332.89	0	844.4	-0.7056	1.7469	8	0	0	1	0	0	2	0	nue	QE	CC	1547.3	952.5	0.602	4.91		1.4948	7238.5	1	1000010	1	0	1	1	38	36
294	18	360	0	0	1000007	23	23	same	3	0	1	67.5	0	0	-9.38	34.04	397.60	0	612.1	0.5396	13.2049	8	0	0	1	0	0	1	0	nue	QE	CC	843.1	732.6	0.094	0.73		0.2285	8776.8	1	6	1	0	1	1	29	26
294	18	759	0	0	0	6	6	same	1	0	1	82.3	0	0	-159.09	0.66	42.64	0	1075.1	1.1621	-1.2614	4	0	1	0	0	0	2	1	nue	RES	CC	1072.4	944.8	1.175	0.43		1.3123	22773.8	0	0	1	0	1	1	14	13
294	18	1199	0	0	0	14	14	same	5	0	0	135.1	1	1	-162.23	-88.60	429.07	0	1998.6	2.0365	4.1853	4	0	1	0	0	0	3	1	nue	RES	CC	3095.9	2309.8	0.073	6.69		0.2056	66227.9	0	0	1	0	1	1	40	35
294	18	4080	0	0	8	3	3	same	1	0	0	90.7	0	0	-56.06	166.00	368.38	0	584.8	0.0238	13.0062	40	0	0	1	1	0	2	1	nue	QE	CC	802.1	565.4	1.454	1.31		1.5913	7448.5	0	8	1	0	1	1	2	1
294	18	4512	0	0	6	34	34	same	2	0	1	84.6	0	0	-82.78	149.72	156.05	0	1099.4	0.0954	12.9696	8	0	0	1	0	0	2	1	nue	QE	CC	1047.8	1024.6	0.236	0.94		0.3719	17490.8	0	6	1	0	1	1	18	16
294	18	5045	0	0	1000009	14	14	same	1	0	0	58.5	0	0	18.95	167.01	484.71	0	731.0	1.9789	-4.8053	4	0	1	0	0	0	1	0	nue	QE	CC	789.0	553.6	0.205	64.43		0.3403	8073.8	1	12	1	0	1	1	11	10
294	18	9085	0	0	1000000	4	4	same	1	0	1	85.7	0	0	91.72	18.00	122.62	0	1369.8	-0.4424	6.9217	40	0	0	1	1	0	3	1	nue	QE	CC	1297.1	1264.3	0.973	1.13		1.1102	34003.6	1	1000000	1	0	1	1	37	36
294	18	9369	0	0	1000000	19	19	same	3	0	0	123.6	1	1	40.77	141.86	468.15	0	3826.8	-1.0383	1.5068	8	0	0	1	0	0	3	1	nue	QE	CC	6029.4	3498.8	1.53	83.66		1.6669	54895.3	1	15	1	0	1	1	40	37
294	20	897	0	0	2	14	14	same	2	0	1	63.0	0	0	-44.77	123.31	277.31	0	717.3	-0.4373	15.3525	8	0	0	1	0	0	2	1	nue	QE	CC	959.7	794.5	0.677	1.03		0.8117	17607.8	0	2	1	0	1	1	21	19
294	20	1017	0	0	0	30	30	same	27	0	1	99.3	0	0	-67.71	68.59	296.47	0	1257.7	0.0894	0.4245	4	0	1	0	0	0	3	0	nue	RES	CC	2463.9	1764.4	0.467	3.78		0.6043	41261.4	0	0	1	0	1	1	40	13
294	20	1345	0	0	6	12	12	same	9	0	0	64.2	0	0	-17.30	9.35	240.21	0	533.4	0.6188	5.5973	8	0	0	1	0	0	2	0	nue	MEC	CC	726.4	568.5	0.466	0.16		0.5990	14175.6	0	6	1	0	1	1	11	2
294	20	3006	0	0	2	15	15	same	22	0	1	68.7	0	0	-63.88	-123.43	194.00	0	1103.7	-0.3251	-2.2826	8	0	0	1	0	0	1	0	nue	DIS	CC	2146.2	1595.1	1.525	0.77		1.6614	35276.9	0	2	1	0	1	1	43	21
294	20	3688	0	0	1000005	29	29	same	1	0	1	74.0	0	0	116.08	80.40	404.80	0	977.9	0.5595	15.6536	40	0	0	1	1	0	3	0	nue	MEC	CC	971.4	899.8	1.398	0.61		1.5336	18143.6	1	1000005	1	0	1	1	14	13
294	20	3897	0	0	0	28	28	same	3	0	1	43.1	0	0	-30.24	-29.61	284.45	0	842.7	0.0355	4.8455	4	0	1	0	0	0	3	1	nue	RES	CC	1559.8	1286.2	1.3	0.89		1.4357	28036.2	0	0	1	0	1	1	18	15
294	20	5908	0	0	1000005	15	15	same	1	0	1	38.7	0	0	86.25	-150.54	224.27	0	411.8	-0.2987	1.2290	4	0	1	0	0	0	2	1	nue	RES	CC	972.6	621.6	1.149	1.32		1.2849	13201.0	1	1000005	1	0	1	1	20	19
294	20	6780	0	0	1	18	18	same	2	0	1	93.2	0	0	-18.42	-0.93	276.76	0	1528.3	0.3152	14.6993	40	0	0	1	1	0	4	1	nue	QE	CC	1494.7	1432.3	0.828	0.16		0.9627	32720.8	0	1	1	0	1	1	31	29
294	20	6868	0	0	1000004	18	18	same	4	0	0	41.5	0	0	187.27	-151.25	99.67	0	1082.9	1.2556	2.3437	8	0	0	1	0	0	2	1	nue	RES	CC	1837.8	931.2	1.314	0.57		1.4479	27832.0	1	1000004	1	0	1	1	28	24
294	20	8687	0	0	1000000	18	18	same	8	0	1	130.4	1	1	17.52	3.81	83.78	0	1856.7	-1.0112	11.2867	40	0	0	1	1	0	1	0	nue	RES	CC	2367.8	2036.4	0.236	1.20		0.3712	38193.3	1	7	1	0	1	1	44	36
294	20	9926	0	0	1000002	25	25	same	25	1	0	42.7	1	1	125.25	-42.78	420.82	0	846.7	-0.4472	4.2036	40	0	0	1	1	0	5	1	nue	QE	CC	907.0	768.5	1.474	0.22		1.6097	15438.3	1	1000002	1	0	1	1	27	2
294	20	10220	0	0	1000007	25	25	same	46	1	1	74.3	1	1	11.86	-125.83	62.59	0	1472.5	-0.7286	12.8977	40	0	0	1	1	0	2	1	nue	QE	CC	1464.3	1425.1	0.763	1.60		0.8970	9639.0	1	2	1	0	1	1	48	2
294	20	10468	0	0	2	119	26	not_in_act	4	0	1	38.3	1	1	-183.20	-140.71	56.07	0	582.1	-0.3753	-15.0000	8	0	0	1	0	0	2	1	nue	QE	CC	575.8	536.0	0.234	4.30		0.3689	17199.3	0	2	1	1	0	0	22	18
294	20	12189	0	0	1000000	9	9	same	1	0	1	86.0	0	0	145.72	99.39	356.91	0	1590.7	-0.3999	12.1506	40	0	0	1	1	0	2	0	nue	DIS	CC	1928.6	1541.8	0.904	0.53		1.0400	39571.8	1	1000000	1	0	1	1	51	50
294	23	1859	0	0	1000000	19	19	same	2	0	0	94.5	0	0	195.52	75.15	198.49	0	1355.8	0.6039	13.9723	40	0	0	1	1	0	2	1	nue	QE	CC	1322.9	1170.1	0.672	0.27		0.8054	56218.1	1	1000000	1	0	1	1	49	47
294	23	2807	0	0	5	21	21	same	10	0	0	129.9	0	0	-131.77	48.87	428.28	0	1058.2	3.1598	-5.3498	4	0	1	0	0	0	2	1	numu	RES	CC	1048.0	571.5	1.457	0.24		1.5887	15044.7	0	5	1	0	1	1	30	20
294	23	9964	0	0	3	7	7	same	1	0	1	45.7	0	0	-157.66	-52.62	21.84	0	846.1	-0.1361	-15.0000	8	0	0	1	0	0	3	1	nue	QE	CC	572.1	546.0	0.23	23.67		0.3630	14378.6	0	3	1	0	0	0	32	31
294	23	12068	0	0	5	14	14	same	4	0	1	46.3	0	0	-129.25	140.90	116.33	0	432.6	0.2880	8.6027	8	0	0	1	0	0	1	0	nue	QE	CC	608.6	566.6	0.651	1.95		0.7860	13643.8	0	5	1	0	1	1	22	18
294	25	2049	0	0	1000001	19	19	same	2	0	1	92.2	0	0	25.67	83.49	8.48	0	1610.0	0.6976	14.3111	36	0	1	0	1	0	1	0	nue	QE	CC	2204.8	1914.8	1.255	4.21		1.3895	24262.4	1	9	1	0	1	1	22	20
294	25	4300	0	0	1000000	26	26	same	27	0	1	71.4	0	0	108.49	-124.43	203.09	0	1846.6	-0.7506	8.5540	40	0	0	1	1	0	2	1	nue	DIS	CC	2308.8	1983.9	0.274	1.10		0.4093	44140.0	1	1000000	1	0	1	1	82	55
294	25	4668	0	0	6	27	27	same	20	0	1	62.5	1	1	-1.80	137.86	73.23	0	662.3	0.4638	-15.0000	4	0	1	0	0	0	1	0	nue	QE	CC	658.7	585.6	0.213	43.36		0.3474	5165.8	0	6	1	0	0	0	24	4
294	25	8772	0	0	1	24	24	same	4	0	1	73.5	0	0	-110.30	-160.76	277.08	0	967.7	0.0525	7.4187	8	0	0	1	0	0	2	1	nue	RES	CC	1800.7	1359.6	0.41	1.47		0.5466	28783.0	0	1	1	0	1	1	29	25
294	26	1203	0	0	4	5	5	same	1	0	1	75.7	0	0	-177.42	147.69	296.46	0	741.1	0.7501	-15.0000	4	0	1	0	0	0	1	0	nue	RES	CC	839.3	590.8	0.448	0.17		0.5816	17057.3	0	4	1	0	0	0	6	5
294	26	3236	0	0	0	23	23	same	3	0	1	90.0	0	0	2.00	-67.01	402.99	0	2183.6	-0.2369	5.5242	36	0	1	0	1	0	2	1	nue	RES	CC	2973.4	2388.9	0.718	0.99		0.8514	35542.9	0	0	1	0	1	1	30	27
294	26	6903	0	0	4	2	2	same	1	0	1	82.2	0	0	-149.29	37.98	400.53	0	999.4	-0.1893	14.6993	40	0	0	1	1	0	2	1	nue	RES	CC	1168.8	970.6	0.871	0.27		1.0049	24494.2	0	4	1	0	1	1	31	30
294	26	7863	0	0	1000000	21	21	same	20	0	1	80.0	0	0	3.41	102.91	359.24	0	1268.7	-1.1023	3.3991	8	0	0	1	0	0	3	0	nue	RES	CC	2020.3	1403.1	0.374	1.45		0.5080	24445.3	1	6	1	0	1	1	46	26
294	26	8665	0	0	0	59	8	not_in_act	1	0	1	67.6	0	0	-154.62	-127.16	378.09	0	1141.0	0.2419	-3.4141	40	0	0	1	1	0	1	0	nue	QE	CC	1576.5	1118.0	1.152	1.01		1.2879	41417.9	0	0	1	1	1	1	33	32
294	26	10381	0	0	1000000	6	6	same	1	0	1	67.8	0	0	91.22	-23.97	367.95	0	1315.0	-0.3399	-15.0000	8	0	0	1	0	0	1	0	nue	DIS	CC	1720.0	1427.5	1.189	0.77		1.3254	31841.7	1	15	1	0	0	0	27	26
294	26	12495	0	0	1000000	24	24	same	19	0	1	216.9	0	0	68.06	48.72	313.07	0	2419.6	0.7658	-15.0000	8	0	0	1	0	0	2	0	nue	RES	CC	3423.6	2785.2	0.788	76.42		0.9245	48231.2	1	6	1	0	0	0	69	50
294	27	1051	0	0	1000006	9	9	same	1	0	1	22.4	0	0	109.41	113.89	180.38	0	187.2	-2.8487	-15.0000	8	0	0	1	0	0	2	1	numu	QE	NC	433.9	176.6	0.501	0.66		0.6370	5011.1	1	1000006	1	0	0	0	2	1
294	27	1800	0	0	1000004	43	6	not_in_act	1	0	0	37.3	0	0	176.65	-154.29	424.34	0	692.3	0.1188	11.4101	40	0	0	1	1	0	1	0	nue	QE	CC	942.7	648.1	1.057	0.40		1.1919	16420.5	1	1000004	1	1	1	1	11	10
294	27	4032	0	0	3	26	1	in_act_not_selected	50	0	0	18.9	1	3	-22.15	-111.23	24.56	0	1472.1	0.8933	-15.0000	8	0	0	1	0	0	3	2	nue	DIS	CC	2221.7	1818.6	0.384	17.18		0.5194	30139.8	0	3	1	1	0	0	50	0
294	27	6145	0	0	1	4	4	same	1	0	1	94.0	0	0	-75.47	89.68	81.82	0	1844.8	-0.8897	14.7505	40	0	0	1	1	0	1	0	nue	RES	CC	1984.5	1832.6	0.594	0.68		0.7312	37700.2	0	1	1	0	1	1	54	53
294	27	11841	0	0	1	12	12	same	2	0	0	49.9	0	0	-153.33	-176.43	156.67	0	806.6	0.9266	1.5926	8	0	0	1	0	0	1	0	nue	MEC	CC	1033.5	783.4	0.123	2.37		0.2564	17229.1	0	1	1	0	1	1	28	26
294	32	972	0	0	1000006	14	14	same	2	0	1	18.5	0	0	22.39	49.54	74.29	0	139.0	-1.6069	1.1857	8	0	0	1	0	0	2	1	nue	QE	CC	193.8	233.4	1.294	1.43		1.4294	6468.8	1	20	1	0	1	1	17	15
294	32	1417	0	0	1000004	14	14	same	2	0	0	101.3	0	0	129.45	194.19	97.21	0	623.9	2.1847	-15.0000	4	0	1	0	0	0	2	0	nue	QE	CC	1690.4	519.1	0.802	0.94		0.9393	14810.1	1	1000004	1	0	0	0	2	0
294	32	2860	0	0	1000003	24	24	same	4	0	0	138.2	0	0	82.48	-103.82	122.33	0	700.0	1.8831	-15.0000	4	0	1	0	0	0	2	0	numu	QE	CC	1271.5	608.7	0.745	0.96		0.8820	11916.4	1	1000003	1	0	0	0	4	0
294	32	2860	1	1	0	22	22	same	9	0	0	133.3	0	0	-34.50	-7.75	273.15	0	2757.6	-0.4786	3.9793	8	0	0	1	0	0	2	1	nue	RES	CC	3348.8	2885.3	0.277	56.84		0.4139	68963.8	0	0	1	0	1	1	68	59
294	32	4841	0	0	1000005	15	15	same	8	0	0	46.0	0	0	92.10	-193.59	224.88	0	888.0	0.9600	4.8689	8	0	0	1	0	0	3	1	nue	RES	CC	1520.0	805.5	0.123	2.29		0.2601	11863.1	1	12	1	0	1	1	19	11
294	32	6388	0	0	4	28	28	same	5	0	1	237.5	0	0	5.48	-23.13	65.97	0	5225.4	-2.7059	3.4015	8	0	0	1	0	0	4	1	nue	RES	CC	4210.9	3971.0	0.875	3.26		1.0115	20110.8	0	4	1	0	1	1	108	103
294	32	7477	0	0	1000000	9	9	same	1	0	1	135.5	0	0	132.50	-57.53	111.87	0	3193.6	-1.5330	9.4378	40	0	0	1	1	0	2	0	nue	QE	CC	3191.8	3213.7	1.22	0.69		1.3560	87278.5	1	1000000	1	0	1	1	68	67
294	32	7532	0	0	1000005	26	26	same	18	0	1	82.8	0	0	94.28	-142.92	150.33	0	1220.5	-0.1250	-1.4280	8	0	0	1	0	0	3	1	nue	RES	CC	1737.3	1266.9	0.67	67.02		0.8075	22437.1	1	3	1	0	1	1	45	27
294	32	8521	0	0	1000001	225	23	not_in_act	15	0	0	43.0	0	0	130.40	-133.30	59.09	0	1253.2	-0.0076	5.3066	36	0	1	0	1	0	2	1	nue	RES	CC	1947.1	1339.8	1.011	1.06		1.1480	32226.6	1	19	1	1	1	1	80	65
294	32	10763	0	0	1000000	13	13	same	2	0	1	69.3	0	0	21.00	-135.04	278.41	0	1894.4	-1.7208	9.5346	36	0	1	0	1	0	1	0	nue	QE	CC	1831.6	1603.5	1.187	2.20		1.3233	30848.2	1	1000000	1	0	1	1	53	51
294	32	11741	0	0	1000000	20	20	same	4	0	0	106.5	1	1	168.28	56.17	57.56	0	1873.4	-1.4846	12.9760	40	0	0	1	1	0	1	0	nue	QE	CC	1912.7	1872.7	0.688	0.22		0.8232	57620.1	1	1000000	1	0	1	1	52	48
294	33	184	0	0	1000003	15	15	same	2	0	0	39.4	0	0	130.59	-168.76	473.34	0	824.7	1.6256	-15.0000	8	0	0	1	0	0	2	1	nue	RES	CC	2554.9	541.5	1.536	1.23		1.6716	12710.8	1	18	1	0	0	0	3	1
294	33	1305	0	0	1	7	7	same	2	0	0	61.1	0	0	-159.84	69.89	311.55	0	697.9	0.8444	8.2894	8	0	0	1	0	0	1	0	nue	QE	CC	988.9	574.1	0.788	0.80		0.9223	24410.0	0	1	1	0	1	1	10	8
294	33	1616	0	0	1000005	20	20	same	2	0	1	36.2	0	0	141.52	160.69	453.15	0	271.3	-0.7039	-5.0807	8	0	0	1	0	0	2	1	nue	QE	CC	536.6	420.1	0.168	16.44		0.3020	9600.7	1	1000005	1	0	1	1	24	22
294	33	2150	0	0	1000000	11	11	same	2	0	0	46.5	0	0	191.10	173.79	37.90	0	745.6	0.9265	-15.0000	8	0	0	1	0	0	2	0	nue	MEC	CC	1498.7	412.2	0.308	1.46		0.4433	22341.6	1	1000000	1	0	0	0	5	3
294	33	6160	0	0	1000000	16	16	same	2	0	0	57.3	0	0	161.84	18.45	226.57	0	328.1	-0.9613	-15.0000	8	0	0	1	0	0	2	1	nue	RES	CC	2110.5	1621.4	1.407	125.10		1.5445	57159.1	1	10	1	0	0	0	6	4
294	33	6812	0	0	3	7	7	same	2	0	0	22.0	0	0	-172.41	162.06	362.10	0	278.3	-1.0631	-0.7615	40	0	0	1	1	0	2	1	nue	RES	CC	1016.6	421.8	1.302	0.84		1.4367	11645.2	0	3	1	0	1	1	11	9
294	33	8965	0	0	1000001	13	13	same	1	0	1	61.5	0	0	122.42	27.83	134.74	0	1543.7	-1.4868	3.0284	8	0	0	1	0	0	2	0	nue	QE	CC	1550.5	1507.7	0.934	55.80		1.0722	51498.5	1	1000001	1	0	1	1	36	35
294	33	9376	0	0	1000004	9	9	same	1	0	0	383.0	0	0	100.92	-35.16	171.81	0	1291.0	4.8158	-15.0000	4	0	1	0	0	0	4	1	numu	QE	CC	1439.9	1101.6	0.635	0.83		0.7718	24701.9	1	1000004	1	0	0	0	7	6
294	33	9376	1	1	0	4	4	same	1	0	0	124.5	0	0	-60.37	-161.24	372.59	0	3058.6	0.0572	8.3197	36	0	1	0	1	0	4	3	nue	DIS	CC	3320.7	2935.9	1.322	1.51		1.4577	48626.6	0	0	1	0	1	1	61	60
294	33	10313	0	0	1000000	8	8	same	2	0	0	71.5	0	0	192.61	33.55	349.55	0	1497.4	1.2275	9.3597	4	0	1	0	0	0	2	0	nue	RES	CC	1879.0	1413.3	0.127	0.26		0.2601	47802.0	1	1000000	1	0	1	1	50	48
294	33	10995	0	0	3	25	26	in_act_not_selected	27	1	1	128.4	1	2	-106.03	33.41	32.29	0	1049.8	-0.0370	-0.5907	36	0	1	0	1	0	3	2	nue	QE	CC	795.7	772.4	1.158	6.09		0.6840	63407.1	0	3	1	1	1	1	34	7
294	37	523	0	0	1000000	19	19	same	10	0	0	62.7	0	0	169.02	82.11	317.37	0	970.3	-0.0707	-5.3017	8	0	0	1	0	0	2	1	nue	QE	CC	1473.2	953.4	1.567	50.12		1.6994	35839.9	1	18	1	0	1	1	46	36
294	37	587	0	0	1000002	7	7	same	1	0	1	18.1	0	0	153.83	-10.29	121.18	0	548.4	0.2870	-15.0000	4	0	1	0	0	0	1	0	nue	QE	CC	404.4	351.9	1.294	49.31		1.4304	12763.4	1	1000002	1	0	0	0	25	24
294	37	4946	0	0	1000000	16	16	same	6	0	1	183.4	0	0	92.01	19.35	247.33	0	4525.4	-2.6778	6.3476	40	0	0	1	1	0	1	0	nue	RES	CC	4483.7	4276.4	1.091	0.78		1.2292	105579.6	1	10	1	0	1	1	113	107
294	37	7502	0	0	1000000	17	17	same	3	0	1	56.2	0	0	168.46	153.09	145.28	0	793.8	-0.1001	11.3696	40	0	0	1	1	0	3	2	nue	QE	CC	1243.1	786.9	0.255	0.10		0.3903	20026.9	1	13	1	0	1	1	25	22
294	37	7689	0	0	1000007	53	13	not_in_act	1	0	1	86.0	0	0	135.42	172.47	246.92	0	695.3	-0.6528	-15.0000	8	0	0	1	0	0	3	2	nue	QE	CC	826.3	728.1	1.562	114.44		1.6971	13395.8	1	1000007	1	1	0	0	21	20
294	37	10101	0	0	3	19	19	same	2	0	1	41.4	1	1	-148.06	-189.44	476.85	0	265.0	-1.5930	1.1573	8	0	0	1	0	0	2	0	nue	QE	CC	477.7	401.5	0.851	0.07		0.9845	10006.5	0	3	1	0	1	1	22	20
294	38	2392	0	0	0	9	9	same	7	0	1	175.3	0	0	-132.57	-32.33	350.26	0	1745.1	2.1868	0.2200	4	0	1	0	0	0	1	0	nue	RES	CC	1485.0	1267.2	0.826	0.38		0.9603	41368.1	0	0	1	0	1	1	59	52
294	38	4937	0	0	1000001	11	11	same	4	0	0	80.2	0	0	74.79	145.71	455.37	0	1326.4	0.6703	1.1800	8	0	0	1	0	0	1	0	nue	QE	CC	1736.2	1111.1	0.451	32.29		0.5872	17253.0	1	22	1	0	1	1	14	10
294	38	8797	0	0	1	26	26	same	68	0	1	183.9	0	0	-17.46	-4.45	314.68	0	2306.2	2.6572	-15.0000	4	0	1	0	0	0	3	1	numu	QE	CC	813.8	681.7	1.223	0.15		1.2419	43879.2	0	1	1	0	0	0	73	5
294	48	2118	0	0	1	11	11	same	1	0	0	58.9	0	0	-153.08	175.86	101.69	0	642.2	0.6071	-10.0128	8	0	0	1	0	0	1	0	nue	RES	CC	1593.5	964.8	1.123	3.49		1.2590	23644.6	0	1	1	0	1	1	14	13
294	48	4378	0	0	5	5	5	same	1	0	0	18.1	0	0	-72.30	7.70	6.81	0	369.8	-0.1431	-15.0000	10	1	0	1	0	1	2	1	nue	MEC	CC	583.7	265.5	0.629	5.63		0.7672	4508.8	0	5	1	0	0	0	14	13
294	48	5553	0	0	0	117	6	not_in_act	2	0	0	58.2	0	0	-138.67	-100.53	131.87	0	1644.6	0.1515	12.3169	40	0	0	1	1	0	3	1	nue	RES	CC	2292.6	1613.2	0.896	0.38		1.0292	51719.8	0	0	1	1	1	1	42	40
294	48	6549	0	0	6	13	13	same	19	0	1	66.1	0	0	-4.13	182.43	161.24	0	557.9	0.0271	-15.0000	8	0	0	1	0	0	2	1	nue	QE	CC	949.9	759.0	0.766	33.82		0.9003	8000.5	0	6	1	0	0	0	32	13
294	48	8126	0	0	0	3	3	same	2	0	0	76.5	0	0	-198.43	-76.34	16.28	0	1324.8	-0.9569	12.2259	40	0	0	1	1	0	2	1	nue	QE	CC	1330.7	1215.2	1.196	0.37		1.3283	44940.8	0	0	1	0	1	1	36	34
294	48	9670	0	0	1000002	16	16	same	18	0	1	87.6	0	0	39.16	-72.17	56.28	0	1098.3	0.0874	7.7886	8	0	0	1	0	0	2	0	nue	QE	CC	1093.5	1033.3	1.482	2.11		1.6175	16452.8	1	10	1	0	1	1	35	17
294	48	9810	0	0	1000000	12	12	same	5	0	0	74.2	0	0	189.34	22.32	116.56	0	1003.8	-0.0944	-15.0000	6	1	1	0	0	1	1	0	nue	RES	CC	1041.1	760.3	1.542	1.14		1.6780	32160.7	1	20	1	0	0	0	39	34
294	48	9954	0	0	1000004	13	13	same	1	0	0	53.9	0	0	161.10	166.98	388.85	0	441.7	2.6346	-15.0000	6	1	1	0	0	1	4	2	numu	QE	CC	725.7	254.1	0.641	0.11		0.7707	13095.8	1	1000004	1	0	0	0	6	5
294	48	10786	0	0	0	17	17	same	4	0	1	214.3	0	0	-143.33	45.48	196.46	0	2583.6	1.3498	1.3433	4	0	1	0	0	0	1	0	nue	RES	CC	3536.3	3135.1	1.259	1.44		1.3932	90950.8	0	0	1	0	1	1	59	55
294	48	11863	0	0	1000000	9	9	same	2	0	1	81.5	0	0	189.09	86.88	78.16	0	1561.3	-0.7408	11.1735	40	0	0	1	1	0	4	2	nue	QE	CC	2094.5	2012.5	1.426	0.68		1.5602	78303.6	1	1000000	1	0	1	1	28	26
294	50	884	0	0	0	11	11	same	1	0	1	195.2	0	0	-61.18	-20.04	124.35	0	2682.0	1.7023	7.0934	4	0	1	0	0	0	3	0	nue	RES	CC	3169.2	2903.0	1.144	0.65		1.2788	63405.1	0	0	1	0	1	1	72	71
294	50	2341	0	0	4	14	14	same	2	0	1	77.5	0	0	-29.34	165.92	221.86	0	807.6	0.0049	13.7671	40	0	0	1	1	0	3	2	nue	QE	CC	839.4	803.6	0.334	2.40		0.4692	12648.5	0	4	1	0	1	1	21	19
294	50	4659	0	0	1000004	17	14	in_act_not_selected	29	0	1	176.9	0	0	40.96	140.46	120.85	0	1162.8	-0.4066	9.8609	8	0	0	1	0	0	2	0	nue	QE	CC	1181.2	774.1	0.236	2.03		0.3724	16151.8	1	12	1	1	1	1	31	2
294	50	5254	0	0	2	5	5	same	1	0	1	78.7	0	0	-100.23	-172.21	104.07	0	1179.6	-0.5058	-15.0000	8	0	0	1	0	0	3	0	nue	RES	CC	1013.0	1014.4	1.333	18.94		1.4695	17723.8	0	2	1	0	0	0	29	28
294	50	5979	0	0	1000008	17	17	same	12	0	1	192.6	0	0	191.49	162.23	16.35	0	651.0	4.1872	-15.0000	4	0	1	0	0	0	2	1	numu	QE	CC	661.7	567.9	0.875	0.63		1.0031	25633.1	1	1000008	1	0	0	0	13	1
294	50	5979	1	1	7	18	15	in_act_not_selected	7	0	1	15.7	0	0	-10.26	-181.69	308.77	0	746.0	-0.1853	5.2366	4	0	1	0	0	0	2	0	nue	RES	CC	1553.0	1118.3	1.471	12.76		1.6056	10664.8	0	7	1	1	1	1	37	30
294	50	6823	0	0	3	3	3	same	1	0	0	33.0	0	0	-85.75	-12.34	473.74	0	454.7	0.3924	-15.0000	8	0	0	1	0	0	2	1	nue	QE	CC	631.4	343.4	0.152	0.84		0.2881	7335.6	0	3	1	0	0	0	3	2
294	50	7564	0	0	4	3	3	same	1	0	0	57.1	0	0	-160.30	-33.85	473.10	0	763.0	1.0244	5.1494	8	0	0	1	0	0	1	0	nue	RES	CC	973.6	480.3	0.531	0.73		0.6664	15269.9	0	4	1	0	1	1	2	1
294	50	7928	0	0	1000000	10	10	same	17	0	0	105.5	0	0	48.14	194.93	293.65	0	2353.0	-0.7112	9.3923	36	0	1	0	1	0	1	0	nue	RES	CC	2992.0	2233.5	0.523	4.64		0.6587	32957.6	1	4	1	0	1	1	61	44
294	50	8850	0	0	1000000	8	8	same	1	0	0	65.1	0	0	195.16	57.44	419.54	0	1063.4	-0.1203	11.1937	4	0	1	0	0	0	2	0	nue	RES	CC	1663.3	963.8	1.569	0.30		1.7010	44818.3	1	1000000	1	0	1	1	24	23
294	50	10247	0	0	3	6	6	same	1	0	1	44.6	0	0	-142.93	115.89	293.02	0	440.6	-0.2539	-15.0000	8	0	0	1	0	0	2	0	nue	QE	CC	528.9	517.6	0.639	23.23		0.7734	11723.6	0	3	1	0	0	0	8	7
294	50	11721	0	0	4	3	3	same	1	0	1	57.1	0	0	-106.92	134.44	275.09	0	430.2	-2.8246	-10.8773	8	0	0	1	0	0	4	3	nue	QE	CC	595.7	531.7	0.279	17.83		0.4148	10864.8	0	4	1	0	1	1	13	12
294	51	199	0	0	1000011	82	13	not_in_act	1	0	0	24.0	0	0	40.28	-195.22	230.53	0	418.2	0.9845	1.9805	8	0	0	1	0	0	1	0	nue	RES	CC	796.1	379.1	0.295	4.09		0.4329	5083.8	1	1000011	1	1	1	1	6	5
294	51	2140	0	0	1000004	13	13	same	1	0	0	54.0	0	0	93.19	-156.42	76.29	0	864.5	0.0102	14.3983	40	0	0	1	1	0	2	0	nue	QE	CC	1057.7	862.6	0.29	2.23		0.4266	14181.7	1	1000004	1	0	1	1	29	28
294	51	7886	0	0	0	4	4	same	1	0	0	108.9	0	0	-149.53	-159.84	74.35	0	1872.5	-0.4423	14.5074	40	0	0	1	1	0	1	0	nue	RES	CC	2323.9	2117.0	0.497	0.65		0.6316	46671.4	0	0	1	0	1	1	26	25
294	51	8099	0	0	11	29	29	same	4	0	0	35.8	0	0	-28.53	160.91	483.59	0	414.4	1.9225	-15.0000	4	0	1	0	0	0	3	0	nue	MEC	CC	2361.4	251.2	0.285	1.85		0.4204	5184.2	0	11	1	0	0	0	5	1
294	51	10373	0	0	7	26	26	same	2	0	1	45.5	0	0	-76.65	-39.98	268.69	0	470.9	-0.5073	11.0492	40	0	0	1	1	0	2	1	nue	QE	CC	493.1	417.5	0.924	0.79		1.0597	8373.9	0	7	1	0	1	1	8	6
294	51	10967	0	0	1000005	20	20	same	10	0	0	58.7	0	0	16.33	-196.14	117.99	0	680.7	0.7786	-15.0000	8	0	0	1	0	0	1	0	nue	RES	CC	1456.6	912.6	0.803	4.74		0.9375	14633.0	1	11	1	0	0	0	15	5
294	51	11333	0	0	0	13	13	same	35	0	0	108.9	0	0	-79.79	-155.75	220.60	0	3567.5	1.5401	4.9080	36	0	1	0	1	0	1	0	nue	RES	CC	3516.3	3330.5	1.335	1.88		1.4723	65650.4	0	0	1	0	1	1	87	52
294	52	2698	0	0	1000007	7	7	same	1	0	1	31.5	0	0	75.22	77.77	99.42	0	480.0	-0.3216	-15.0000	8	0	0	1	0	0	3	0	nue	MEC	CC	550.5	442.4	0.158	0.91		0.2955	9566.6	1	1000007	1	0	0	0	12	11
294	52	3276	0	0	0	28	28	same	35	0	1	65.9	0	0	-21.17	134.63	142.30	0	1757.9	-0.7108	4.8170	8	0	0	1	0	0	1	0	nue	DIS	CC	3422.3	3032.0	1.581	4.71		1.7144	35615.2	0	0	1	0	1	1	65	30
294	52	3595	0	0	0	113	23	not_in_act	1	0	1	136.3	0	0	-13.05	60.02	296.97	0	3076.9	0.1321	11.7709	40	0	0	1	1	0	2	0	nue	DIS	CC	5098.7	4524.8	1.583	0.65		1.7190	49120.5	0	0	1	1	1	1	78	77
294	52	4112	0	0	2	21	21	same	10	0	1	61.3	0	0	-171.59	89.53	317.21	0	1489.6	1.5295	-5.5151	4	0	1	0	0	0	5	3	nue	RES	CC	1387.3	1248.5	0.41	3.23		0.5463	35100.8	0	2	1	0	1	1	34	24
294	52	4287	0	0	5	7	7	same	1	0	1	53.7	0	0	-114.81	-87.42	198.02	0	590.9	0.1149	-15.0000	4	0	1	0	0	0	3	1	nue	COH	CC	593.9	522.8	1.374	0.36		1.5084	14882.9	0	5	1	0	0	0	12	11
294	52	5882	0	0	1000000	23	23	same	2	0	1	98.4	0	0	124.79	-100.97	383.75	0	1596.5	-0.2854	13.6005	40	0	0	1	1	0	2	0	nue	RES	CC	1758.0	1618.7	1.51	0.51		1.6467	32930.6	1	1000000	1	0	1	1	36	34
294	52	9872	0	0	0	22	22	same	14	0	0	63.6	0	0	-184.50	-97.63	117.11	0	1017.2	0.7054	-15.0000	8	0	0	1	0	0	2	1	nue	MEC	CC	1647.3	1025.6	1.028	14.45		1.1595	29474.1	0	0	1	0	0	0	30	16
294	52	11004	0	0	6	5	5	same	1	0	0	23.9	0	0	-61.64	53.55	486.14	0	430.5	1.6523	-15.0000	4	0	1	0	0	0	2	0	nue	RES	CC	2194.7	154.4	0.795	2.14		0.9337	5518.0	0	6	1	0	0	0	1	0
294	52	11720	0	0	1000000	7	7	same	4	0	1	129.1	0	0	50.95	47.77	57.57	0	3553.5	-0.1870	12.0561	40	0	0	1	1	0	2	1	nue	RES	CC	3390.1	3224.2	0.784	1.67		0.9196	65538.9	1	7	1	0	1	1	75	71
294	53	2704	0	0	1000000	11	11	same	1	0	1	58.3	0	0	176.75	-15.93	37.26	0	1062.4	-0.4497	13.8147	40	0	0	1	1	0	1	0	nue	QE	CC	1006.5	978.5	0.554	0.09		0.6862	29133.7	1	1000000	1	0	1	1	39	38
294	53	2746	0	0	1	21	21	same	3	0	1	68.3	0	0	-9.19	119.74	113.29	0	1462.4	-1.4093	5.1917	8	0	0	1	0	0	2	0	nue	QE	CC	1362.7	1352.2	1.577	24.81		1.7105	23590.3	0	1	1	0	1	1	30	27
294	53	3393	0	0	1000008	15	15	same	1	0	0	12.9	0	0	30.27	-27.53	490.19	0	272.6	-0.0298	-15.0000	4	0	1	0	0	0	2	1	nue	RES	CC	1135.0	85.9	1.328	4.14		1.4645	3091.4	1	7	1	0	0	0	6	5
294	53	4196	0	0	1000005	14	14	same	1	0	1	47.4	0	0	152.26	-115.96	182.21	0	552.5	-0.4432	-15.0000	8	0	0	1	0	0	1	0	nue	QE	CC	366.0	354.3	0.993	14.38		1.1294	7786.6	1	1000005	1	0	0	0	10	9
294	53	4655	0	0	8	5	5	same	1	0	0	13.2	0	0	-75.92	-143.50	495.18	0	131.4	-0.8223	-15.0000	8	0	0	1	0	0	1	0	nue	QE	CC	508.3	118.0	0.097	1.80		0.2329	2256.3	0	8	1	0	0	0	2	1
294	53	6016	0	0	5	9	9	same	1	0	1	59.0	0	0	-81.09	-35.01	372.71	0	810.2	0.2091	14.1350	36	0	1	0	1	0	3	2	nue	QE	CC	995.9	682.0	1.456	0.61		1.5925	15242.1	0	5	1	0	1	1	23	22
294	53	6548	0	0	1	21	21	same	7	0	1	62.4	0	0	-58.34	-69.50	173.44	0	2249.0	0.2749	-3.2977	8	0	0	1	0	0	1	0	nue	RES	CC	1995.3	1874.9	0.425	10.08		0.5608	43335.7	0	1	1	0	1	1	53	46
294	53	9231	0	0	0	2	2	same	1	0	1	143.1	0	0	-84.10	-87.81	344.96	0	1682.5	-0.3876	2.8212	8	0	0	1	0	0	2	1	nue	QE	CC	2110.3	1674.0	1.415	110.99		1.5494	52979.3	0	0	1	0	1	1	54	53
294	53	12033	0	0	5	21	21	same	3	0	0	70.9	0	0	-28.57	-159.98	231.99	0	820.6	1.7750	-15.0000	8	0	0	1	0	0	3	0	nue	MEC	CC	1145.9	828.1	0.296	2.30		0.4313	14480.9	0	5	1	0	0	0	9	6
294	54	282	0	0	0	18	18	same	14	0	1	128.4	0	0	-73.21	-150.11	225.63	0	2605.5	-0.5363	14.1484	36	0	1	0	1	0	1	0	nue	MEC	CC	2824.9	2459.4	1.374	1.13		1.5097	51565.2	0	0	1	0	1	1	71	57
294	54	596	0	0	1	11	11	same	4	0	1	88.2	1	1	-51.39	126.86	379.12	0	1588.8	0.4195	9.6923	4	0	1	0	0	0	1	0	nue	RES	CC	1936.6	1559.0	0.075	1.56		0.2104	25639.9	0	1	1	0	1	1	43	39
294	54	1589	0	0	1000001	56	8	not_in_act	2	0	0	69.0	0	0	129.22	90.35	410.30	0	1585.3	0.3914	6.9071	8	0	0	1	0	0	2	1	nue	RES	CC	1541.7	1222.8	1.135	0.65		1.2700	26166.7	1	1000001	1	1	1	1	32	30
294	54	6723	0	0	1000007	9	9	same	1	0	1	71.1	0	0	75.44	115.42	173.74	0	630.9	0.5931	-15.0000	8	0	0	1	0	0	1	0	nue	QE	CC	498.0	449.7	0.958	43.70		1.0945	9719.1	1	1000007	1	0	0	0	12	11
294	54	9323	0	0	1000004	27	27	same	7	1	0	68.1	1	1	17.99	-113.81	464.01	0	648.1	0.0285	-15.0000	8	0	0	1	0	0	2	1	nue	MEC	CC	2441.7	677.5	1.592	2.35		1.7251	11287.4	1	11	1	0	0	0	11	4
294	54	10960	0	0	0	20	20	same	9	0	1	69.1	0	0	-75.35	21.36	255.00	0	1286.4	-1.5793	3.7250	40	0	0	1	1	0	1	0	nue	RES	CC	2718.6	2360.7	0.335	0.79		0.4717	59819.5	0	0	1	0	1	1	68	59
294	54	10994	0	0	1000002	15	15	same	2	0	0	72.3	0	0	195.72	108.79	309.95	0	617.5	1.1036	-6.7758	4	0	1	0	0	0	2	1	nue	RES	CC	1915.1	635.4	0.601	4.03		0.7287	62517.8	1	1000002	1	0	1	1	8	6
294	54	11985	0	0	1000007	20	20	same	1	0	1	36.8	0	0	18.05	7.18	397.33	0	241.2	-0.6825	5.6826	8	0	0	1	0	0	3	2	nue	MEC	CC	512.4	418.3	0.358	2.30		0.4927	7347.0	1	18	1	0	1	1	5	4
294	56	185	0	0	0	25	21	in_act_not_selected	62	0	1	486.7	0	0	-17.61	-173.35	68.89	0	2618.3	-1.6225	10.9520	40	0	0	1	1	0	3	0	nue	QE	CC	2646.9	2463.4	1.179	1.94		1.3153	56988.4	0	0	1	1	1	1	69	7
294	56	2037	0	0	1000003	16	16	same	7	1	0	72.8	1	1	22.49	-42.74	468.54	0	725.5	1.6485	14.7505	40	0	0	1	1	0	2	0	nue	QE	CC	1517.7	639.2	0.703	2.88		0.8376	9646.3	1	1000003	1	0	1	1	7	0
294	56	8094	0	0	1000000	25	20	in_act_not_selected	35	0	1	282.6	0	0	135.67	101.75	288.12	0	1650.7	-0.8235	2.8852	8	0	0	1	0	0	3	0	nue	RES	CC	1421.8	1313.8	0.505	3.38		0.6403	81279.3	1	1000000	1	1	1	1	40	5
294	56	8094	1	1	9	24	24	same	4	1	0	170.2	1	1	-123.69	43.45	354.35	0	518.1	0.3640	-15.0000	6	1	1	0	0	1	3	0	nue	RES	CC	1421.8	1313.8	0.505	272.55		1.4449	6834.7	0	9	1	0	0	0	8	4
294	56	10960	0	0	1000003	20	20	same	3	0	0	56.7	0	0	127.52	-73.76	458.12	0	828.3	2.0973	3.1574	4	0	1	0	0	0	2	1	nue	RES	CC	1694.7	739.4	0.246	9.50		0.3813	18288.4	1	17	1	0	1	1	13	10
294	58	190	0	0	1000002	11	11	same	1	0	0	48.5	0	0	125.53	-9.92	464.46	0	815.2	1.1852	5.9063	8	0	0	1	0	0	3	2	nue	RES	CC	2827.1	1297.8	1.401	2.51		1.5374	31388.6	1	19	1	0	1	1	11	10
294	58	1342	0	0	9	40	40	same	6	1	0	92.6	1	1	-29.29	-199.44	6.45	0	619.8	-2.1055	-15.0000	10	1	0	1	0	1	1	0	nue	MEC	CC	1596.2	695.0	1.368	0.77		1.5044	7510.4	0	9	1	0	0	0	15	9
294	58	2539	0	0	1000002	9	9	same	2	0	1	97.2	0	0	73.53	86.30	166.67	0	1065.1	-0.9732	12.9031	40	0	0	1	1	0	2	0	nue	MEC	CC	1225.3	1088.5	1.427	0.71		1.5631	22917.4	1	6	1	0	1	1	26	24
294	58	3861	0	0	0	15	15	same	2	0	1	123.8	0	0	-22.29	-83.20	44.72	0	2126.5	1.1422	8.1135	36	0	1	0	1	0	2	1	nue	QE	CC	2398.7	2431.0	0.08	4.46		0.2159	49590.3	0	0	1	0	1	1	59	57
294	58	4960	0	0	1000000	10	10	same	1	0	0	84.9	0	0	92.28	56.62	424.65	0	1742.7	0.2519	13.3171	40	0	0	1	1	0	1	0	nue	QE	CC	2483.7	1639.6	1.437	0.83		1.5728	28988.8	1	14	1	0	1	1	16	15
294	58	6352	0	0	1000007	20	20	same	7	0	1	56.3	0	0	18.10	68.34	439.07	0	778.6	-0.9991	13.2320	8	0	0	1	0	0	3	0	nue	RES	CC	1976.2	890.9	1.42	1.14		1.5548	14801.9	1	15	1	0	1	1	36	29
294	58	9807	0	0	1	5	5	same	1	0	1	85.2	0	0	-164.83	-110.45	88.99	0	403.1	-0.2139	-15.0000	8	0	0	1	0	0	3	0	nue	QE	CC	811.9	742.7	1.161	13.40		1.2981	22826.0	0	1	1	0	0	0	19	18
294	58	9875	0	0	1000002	11	11	same	2	0	1	56.5	0	0	169.11	-171.47	330.41	0	948.4	-0.4637	-4.4787	8	0	0	1	0	0	2	1	nue	QE	CC	1016.2	815.0	1.472	26.30		1.6075	17838.0	1	1000002	1	0	1	1	35	33
294	58	11198	0	0	1000008	24	24	same	2	0	1	67.0	0	0	42.49	-126.35	233.14	0	655.5	0.0342	11.5556	8	0	0	1	0	0	1	0	nue	QE	CC	675.2	610.6	0.409	1.33		0.5451	9921.1	1	7	1	0	1	1	23	21
294	59	240	0	0	0	2	2	same	1	0	1	113.8	0	0	-132.08	47.91	275.17	0	1649.8	-0.7990	9.9496	8	0	0	1	0	0	2	1	nue	RES	CC	1709.0	1613.3	0.525	4.45		0.6622	45404.0	0	0	1	0	1	1	43	42
294	59	642	0	0	1000000	7	7	same	1	0	1	93.8	0	0	144.25	39.67	309.35	0	1668.0	-0.4371	10.6587	40	0	0	1	1	0	2	0	nue	QE	CC	1594.2	1505.0	1.224	0.43		1.3597	45691.3	1	1000000	1	0	1	1	29	28
294	59	2840	0	0	1000011	13	13	same	1	0	1	41.0	0	0	60.60	-21.30	57.92	0	473.8	-0.5074	-3.6234	8	0	0	1	0	0	1	0	nue	QE	CC	1117.6	714.5	1.027	13.28		1.1667	16790.3	1	1000011	1	0	1	1	12	11
294	59	3139	0	0	0	14	14	same	10	0	0	33.1	0	0	-204.22	-154.99	433.13	0	507.2	-1.1194	-9.4351	8	0	0	1	0	0	2	1	nue	RES	CC	1855.2	515.1	1.286	32.51		1.4193	91567.4	0	0	1	0	1	1	23	13
294	59	3905	0	0	1000002	7	7	same	1	0	1	80.2	0	0	101.47	95.01	25.24	0	691.7	0.6088	8.4408	8	0	0	1	0	0	1	0	nue	QE	CC	789.1	678.8	0.499	1.20		0.6360	11727.1	1	1000002	1	0	1	1	25	24
294	59	5629	0	0	0	18	16	in_act_not_selected	49	0	1	49.7	1	1	-78.18	-49.61	305.95	0	2656.5	-0.6576	-0.6936	8	0	0	1	0	0	1	0	nue	DIS	CC	3241.9	3148.2	0.448	0.61		0.5849	73343.1	0	0	1	1	1	1	119	70
294	59	5787	0	0	1000003	5	5	same	1	0	1	80.9	0	0	45.82	-80.72	124.48	0	971.5	0.7896	15.1764	36	0	1	0	1	0	2	1	nue	RES	CC	993.6	871.2	0.083	0.91		0.2196	18032.5	1	1000003	1	0	1	1	25	24
294	59	7857	0	0	1000001	8	8	same	2	0	0	98.9	0	0	142.23	-70.77	168.34	0	1022.6	0.9305	-15.0000	8	0	0	1	0	0	1	0	nue	RES	CC	1146.8	805.2	0.084	0.49		0.2171	29693.2	1	1000001	1	0	0	0	9	7
294	59	8287	0	0	0	4	4	same	2	0	0	33.2	0	0	-189.70	179.05	253.69	0	389.7	1.1407	3.5156	8	0	0	1	0	0	2	0	nue	RES	CC	650.3	463.8	1.526	25.47		1.6579	14149.4	0	0	1	0	1	1	20	18
294	59	9595	0	0	3	104	17	not_in_act	2	0	1	37.6	0	0	-73.64	-49.55	337.96	0	830.8	-0.5942	10.3225	8	0	0	1	0	0	1	0	nue	MEC	CC	936.3	883.7	0.811	0.57		0.9474	22728.2	0	3	1	1	1	1	47	45
294	59	10269	0	0	1000012	14	14	same	1	0	0	28.8	0	0	134.16	-176.12	483.15	0	416.4	2.6102	-15.0000	4	0	1	0	0	0	3	0	nue	RES	CC	1146.6	264.9	0.739	0.35		0.8757	4590.9	1	1000012	1	0	0	0	1	0
294	59	10457	0	0	1000005	11	11	same	1	0	1	57.2	0	0	68.42	-7.48	449.15	0	624.8	0.2038	-4.5429	4	0	1	0	0	0	2	0	nue	QE	CC	627.1	631.3	1.269	19.34		1.4049	11333.6	1	16	1	0	1	1	28	27
294	59	10692	0	0	1	10	10	same	12	0	1	126.9	0	0	-168.60	122.34	401.06	0	585.7	2.4949	-15.0000	4	0	1	0	0	0	2	1	numu	RES	CC	976.9	672.6	0.659	0.59		0.7914	14248.3	0	1	1	0	0	0	18	6
294	59	11287	0	0	1000002	12	12	same	1	0	0	68.0	0	0	144.90	-159.48	399.57	0	1233.2	-0.4258	14.5744	40	0	0	1	1	0	1	0	nue	QE	CC	1251.4	1145.6	1.228	0.39		1.3642	26655.4	1	1000002	1	0	1	1	32	31
294	59	11388	0	0	1000003	22	22	same	2	0	1	72.4	0	0	128.84	97.41	81.84	0	866.9	0.1672	12.5323	8	0	0	1	0	0	2	0	nue	MEC	CC	1230.6	799.6	0.461	0.56		0.5957	23427.8	1	1000003	1	0	1	1	14	12
294	59	11750	0	0	1000006	11	11	same	1	0	1	40.9	0	0	90.01	-147.39	278.09	0	671.3	-0.8914	4.8476	8	0	0	1	0	0	3	0	nue	RES	CC	1044.4	806.8	0.92	0.70		1.0547	15887.5	1	1000006	1	0	1	1	32	31
294	59	12194	0	0	8	11	11	same	1	0	1	41.1	0	0	-141.59	98.18	400.17	0	369.0	-1.1541	5.2347	8	0	0	1	0	0	1	0	nue	MEC	CC	555.2	463.6	1.307	0.76		1.4427	9292.1	0	8	1	0	1	1	13	12
294	65	498	0	0	1000002	15	15	same	13	0	1	79.0	0	0	127.82	153.89	47.08	0	1073.9	0.2992	-2.1247	4	0	1	0	0	0	2	1	nue	DIS	CC	1262.4	866.8	0.989	0.73		1.1263	20873.4	1	1000002	1	0	1	1	19	6
294	65	2594	0	0	0	12	12	same	11	0	1	207.7	0	0	-28.59	-83.82	253.97	0	2796.3	1.0255	-15.0000	4	0	1	0	0	0	1	0	nue	RES	CC	3358.8	2904.4	1.093	6.96		1.2302	50764.5	0	0	1	0	0	0	48	37
294	65	2772	0	0	1000000	23	23	same	62	1	0	88.7	1	1	69.75	139.63	379.71	0	1973.1	-1.4227	1.7691	8	0	0	1	0	0	1	0	nue	QE	CC	1965.2	1861.7	1.168	27.21		1.3051	33333.5	1	1000000	1	0	1	1	76	14
294	65	3961	0	0	2	9	9	same	1	0	1	40.8	0	0	-109.06	56.86	266.45	0	518.9	-0.1481	10.0268	8	0	0	1	0	0	1	0	nue	MEC	CC	736.0	526.2	0.165	0.52		0.3002	15322.0	0	2	1	0	1	1	18	17
294	65	5563	0	0	1000000	29	29	same	5	0	0	145.2	0	0	117.75	-7.97	109.97	0	2976.3	0.7022	-15.0000	4	0	1	0	0	0	4	2	nue	RES	CC	3499.7	3059.4	1.066	0.54		1.2023	83636.1	1	14	1	0	0	0	72	67
294	65	5613	0	0	1000000	15	15	same	11	0	1	85.3	0	0	95.04	40.93	221.50	0	1487.9	-0.1632	1.2352	8	0	0	1	0	0	3	1	nue	MEC	CC	1343.4	1309.2	0.104	55.07		0.2413	38741.0	1	1000000	1	0	1	1	40	29
294	65	5809	0	0	6	34	34	same	25	0	1	114.8	0	0	-7.37	89.83	57.14	0	1609.9	0.1255	8.3879	40	0	0	1	1	0	1	0	nue	DIS	CC	2000.3	1610.5	0.974	1.31		1.1077	13868.5	0	6	1	0	1	1	51	26
294	65	7604	0	0	1000001	17	17	same	1	0	1	174.1	0	0	115.66	98.89	259.34	0	1394.1	0.7204	12.2712	8	0	0	1	0	0	3	1	nue	RES	CC	1443.5	1310.3	1.282	0.50		1.4143	36568.1	1	1000001	1	0	1	1	32	31
294	65	9472	0	0	1	9	9	same	1	0	0	69.9	0	0	-182.03	194.67	382.47	0	620.7	0.6144	0.0299	4	0	1	0	0	0	2	1	nue	QE	CC	1422.7	833.4	1.094	45.08		1.2292	16429.4	0	1	1	0	1	1	9	8
294	65	9780	0	0	1000005	16	16	same	1	0	0	68.0	0	0	154.63	-18.14	8.15	0	655.6	0.5899	-15.0000	6	1	1	0	0	1	1	0	nue	QE	CC	518.5	442.8	0.475	26.55		0.6090	12262.0	1	1000005	1	0	0	0	3	2
294	65	10541	0	0	1000005	19	19	same	1	0	1	46.0	0	0	169.21	-30.77	122.57	0	482.0	1.0821	-15.0000	6	1	1	0	0	1	2	0	nue	QE	CC	326.8	301.9	0.749	1.57		0.8836	10872.3	1	1000005	1	0	0	0	11	10
294	65	11227	0	0	1000004	13	13	same	1	0	1	58.1	0	0	75.75	12.99	447.64	0	630.4	1.5285	-15.0000	4	0	1	0	0	0	2	1	nue	RES	CC	680.3	537.3	1.419	1.40		1.5572	10192.4	1	1000004	1	0	0	0	5	4
294	65	11811	0	0	1000001	90	14	not_in_act	1	0	1	71.2	0	0	119.23	7.41	197.94	0	1253.1	0.2179	6.9225	8	0	0	1	0	0	2	1	nue	MEC	CC	1235.5	1105.2	1.317	2.90		1.4534	31360.3	1	1000001	1	1	1	1	25	24
294	68	627	0	0	0	14	14	same	13	0	0	82.2	0	0	-187.74	-175.55	87.96	0	2557.2	0.3459	4.8703	8	0	0	1	0	0	2	1	nue	RES	CC	2124.8	1974.8	0.593	49.38		0.7253	116689.9	0	0	1	0	1	1	65	52
294	68	4034	0	0	0	14	14	same	11	0	0	49.8	0	0	-171.76	-96.75	266.79	0	942.3	-0.2571	2.5785	8	0	0	1	0	0	2	1	nue	DIS	CC	1399.9	951.8	1.07	5.02		1.2041	46541.7	0	0	1	0	1	1	40	29
294	68	5994	0	0	1000000	11	11	same	1	0	1	117.9	0	0	107.40	-83.50	152.34	0	3082.3	-0.3700	9.8077	8	0	0	1	0	0	1	0	nue	QE	CC	2922.0	2892.3	1.05	3.13		1.1869	71736.4	1	1000000	1	0	1	1	81	80
294	68	6610	0	0	1	13	13	same	1	0	1	228.8	0	0	-3.77	61.93	263.96	0	987.3	1.5888	10.1311	8	0	0	1	0	0	1	0	nue	QE	CC	976.7	932.2	1.355	0.42		1.4925	9823.8	0	1	1	0	1	1	9	8
294	68	7066	0	0	1000002	14	14	same	8	0	1	56.0	0	0	58.33	-42.62	219.46	0	1222.3	0.5618	-3.6760	8	0	0	1	0	0	1	0	nue	RES	CC	1701.8	1544.4	1.259	30.99		1.3974	38253.1	1	7	1	0	1	1	49	41
294	68	7627	0	0	1	6	6	same	2	0	0	38.6	0	0	-196.60	90.00	496.69	0	696.0	0.8782	-5.3209	8	0	0	1	0	0	2	0	nue	RES	CC	1419.3	656.8	0.435	23.35		0.5700	12285.7	0	1	1	0	1	1	6	4
294	68	10591	0	0	1000003	50	11	not_in_act	1	0	0	40.2	0	0	144.82	-169.66	423.09	0	559.9	-1.1461	-15.0000	10	1	0	1	0	1	2	0	nue	QE	CC	1212.7	489.9	0.565	3.67		0.7010	9671.5	1	1000003	1	1	0	0	4	3
294	68	10851	0	0	1	5	5	same	1	0	1	42.7	0	0	-190.79	-166.14	221.26	0	801.1	-0.0521	-7.2991	8	0	0	1	0	0	2	1	nue	RES	CC	781.5	514.0	0.257	2.16		0.3917	12370.2	0	1	1	0	1	1	22	21
294	68	11004	0	0	0	21	21	same	4	0	1	68.5	1	1	-134.88	28.14	354.08	0	1573.6	-1.3076	11.5392	40	0	0	1	1	0	2	0	nue	QE	CC	1567.9	1450.0	0.621	0.24		0.7570	35042.3	0	0	1	0	1	1	48	44
294	68	11660	0	0	5	15	15	same	10	1	0	62.4	1	1	-123.24	133.04	441.98	0	761.1	-0.4977	13.2018	40	0	0	1	1	0	4	0	nue	QE	CC	1445.6	727.4	1.04	1.16		1.1750	11747.9	0	5	1	0	1	1	11	1
294	69	987	0	0	1000003	20	20	same	16	0	1	83.1	0	0	69.90	98.50	10.28	0	1498.9	-0.3542	13.4231	40	0	0	1	1	0	1	0	nue	QE	CC	1435.1	1426.2	0.666	2.44		0.8019	23344.3	1	1000003	1	0	1	1	28	12
294	69	1711	0	0	1000000	12	12	same	1	0	0	404.6	0	0	39.13	55.36	211.13	0	1081.3	3.1287	-15.0000	6	1	1	0	0	1	2	1	numu	QE	CC	1500.0	986.9	0.276	0.63		0.4174	26940.7	1	1000000	1	0	0	0	5	4
294	69	3734	0	0	1000007	7	7	same	1	0	1	39.2	0	0	75.65	-76.03	28.66	0	576.4	0.2401	-15.0000	4	0	1	0	0	0	3	2	nue	RES	CC	411.2	277.3	0.383	1.85		0.5175	4202.2	1	1000007	1	0	0	0	6	5
294	69	5568	0	0	1000010	10	10	same	1	0	1	32.3	0	0	111.19	-105.53	254.85	0	689.0	-0.0204	-15.0000	4	0	1	0	0	0	2	0	nue	QE	CC	401.4	386.6	0.351	15.75		0.4865	8897.7	1	1000010	1	0	0	0	10	9
294	69	9010	0	0	1000008	14	14	same	1	0	1	79.7	0	0	18.91	-141.73	247.35	0	918.1	0.7340	-15.0000	4	0	1	0	0	0	1	0	nue	QE	CC	999.1	977.1	1.374	3.08		1.5109	17105.6	1	1000008	1	0	0	0	34	33
294	69	10844	0	0	1000001	6	6	same	1	0	0	107.5	0	0	66.13	169.93	444.80	0	1524.2	-1.1745	13.0033	40	0	0	1	1	0	2	0	nue	MEC	CC	1762.8	1389.6	0.415	1.43		0.5511	15962.0	1	1000001	1	0	1	1	16	15
294	70	89	0	0	0	17	17	same	4	0	1	48.1	0	0	-109.28	129.76	277.63	0	1144.3	0.0500	-5.5054	8	0	0	1	0	0	2	1	nue	QE	CC	1164.8	1161.0	0.275	28.68		0.4105	28786.2	0	0	1	0	1	1	51	47
294	70	4189	0	0	1000000	6	6	same	2	0	0	54.6	0	0	145.87	192.31	185.20	0	1511.6	0.0279	14.2222	40	0	0	1	1	0	2	1	nue	QE	CC	1426.9	1387.3	0.369	0.85		0.5030	40993.2	1	1000000	1	0	1	1	51	49
294	70	5597	0	0	0	2	2	same	2	0	0	105.3	0	0	-194.35	-66.67	266.87	0	1287.8	-0.4705	11.0938	40	0	0	1	1	0	2	0	nue	QE	CC	1896.3	1195.5	0.789	0.13		0.9227	62806.1	0	0	1	0	1	1	34	32
294	70	7348	0	0	1	4	4	same	1	0	1	96.8	0	0	-85.07	172.14	109.47	0	2072.0	-0.6818	15.3525	40	0	0	1	1	0	2	1	nue	MEC	CC	2316.6	1852.3	1.219	1.78		1.3544	33270.9	0	1	1	0	1	1	52	51
294	70	7927	0	0	1000006	53	8	not_in_act	1	0	1	43.5	0	0	75.85	-173.86	310.82	0	539.7	0.0293	-15.0000	4	0	1	0	0	0	1	0	nue	QE	CC	483.4	451.4	0.982	29.29		1.1178	6910.2	1	1000006	1	1	0	0	15	14
294	70	8232	0	0	4	18	18	same	9	0	1	43.1	0	0	-88.02	-11.66	148.70	0	529.6	-1.2636	12.9276	40	0	0	1	1	0	3	1	nue	QE	CC	524.9	573.8	1.372	0.47		1.5092	14911.4	0	4	1	0	1	1	44	35
294	70	9257	0	0	1000008	10	10	same	1	0	0	52.3	0	0	1.40	-149.06	474.72	0	580.8	-0.7034	15.6536	40	0	0	1	1	0	2	0	nue	QE	CC	1555.5	536.9	1.139	2.15		1.2724	7828.7	1	11	1	0	1	1	12	11
294	70	11747	0	0	0	3	3	same	1	0	1	54.7	0	0	-173.47	179.83	144.29	0	1097.7	1.0294	6.7515	36	0	1	0	1	0	2	0	nue	RES	CC	1521.1	1053.7	0.291	0.37		0.4238	32391.7	0	0	1	0	1	1	26	25
294	71	3055	0	0	6	12	12	same	1	0	1	56.0	0	0	-90.47	42.22	346.30	0	752.0	0.2959	12.9188	40	0	0	1	1	0	3	1	nue	QE	CC	747.0	487.6	1.435	0.52		1.5724	11263.6	0	6	1	0	1	1	11	10
294	71	3055	1	1	1000006	16	16	same	1	0	1	38.6	0	0	17.04	106.13	5.04	0	245.4	-1.1129	-15.0000	8	0	0	1	0	0	3	0	numu	RES	CC	1018.8	151.1	0.832	188.10		0.9752	2430.7	1	1000006	1	0	0	0	2	1
294	71	3675	0	0	2	5	5	same	1	0	0	117.2	0	0	-81.01	174.72	138.54	0	1776.6	-1.0448	12.6395	40	0	0	1	1	0	2	0	nue	MEC	CC	2147.3	1720.6	1.54	0.85		1.6782	29601.3	0	2	1	0	1	1	21	20
294	71	4198	0	0	1000001	20	20	same	2	0	1	99.9	0	0	112.49	117.42	338.79	0	2226.4	-1.1309	3.1492	8	0	0	1	0	0	1	0	nue	DIS	CC	2279.8	2049.9	1.34	67.68		1.4754	52575.7	1	1000001	1	0	1	1	83	81
294	71	4459	0	0	2	6	6	same	1	0	1	64.2	0	0	-117.38	135.88	360.90	0	876.2	-0.3803	-3.9278	8	0	0	1	0	0	2	1	nue	MEC	CC	1538.5	1268.9	0.659	2.56		0.7934	23283.7	0	2	1	0	1	1	29	28
294	71	4817	0	0	1	4	4	same	1	0	1	41.7	0	0	-139.09	-136.21	268.48	0	684.7	-0.2795	10.7902	40	0	0	1	1	0	1	0	nue	QE	CC	657.9	618.3	0.393	1.43		0.5271	15706.4	0	1	1	0	1	1	19	18
294	71	5236	0	0	1000008	18	18	same	2	0	0	27.8	0	0	74.20	61.32	491.47	0	818.3	0.9376	-9.0180	8	0	0	1	0	0	1	0	nue	QE	CC	2152.6	529.7	0.283	14.87		0.4201	11371.5	1	13	1	0	1	1	6	4
294	71	5856	0	0	1000000	17	17	same	1	0	0	85.5	0	0	127.21	-150.55	457.58	0	1700.5	1.4044	0.9336	36	0	1	0	1	0	1	0	nue	DIS	CC	3431.9	2085.7	0.15	3.63		0.2852	40715.1	1	19	1	0	1	1	42	41
294	71	6844	0	0	0	5	5	same	2	0	0	47.2	0	0	-195.89	-41.63	272.80	0	971.0	0.9551	-15.0000	8	0	0	1	0	0	3	1	nue	QE	CC	943.5	555.1	0.825	39.77		0.9573	84731.3	0	0	1	0	0	0	8	6
294	71	7335	0	0	1000006	12	12	same	2	0	0	53.3	0	0	201.28	195.43	399.88	0	696.4	-2.2525	2.0012	10	1	0	1	0	1	1	0	nue	RES	CC	2110.6	909.9	0.698	3.06		0.8323	35545.4	1	1000006	1	0	1	1	16	14
294	71	8333	0	0	0	23	23	same	10	0	0	255.3	0	0	-124.14	77.18	252.87	0	742.5	3.9822	-15.0000	4	0	1	0	0	0	3	2	numu	QE	CC	841.8	634.8	0.845	0.42		0.9805	26460.1	0	0	1	0	0	0	15	5
294	71	8333	1	1	1000005	21	21	same	1	0	1	74.5	0	0	0.61	80.34	465.72	0	778.2	-0.0350	14.0003	40	0	0	1	1	0	3	0	nue	QE	CC	797.5	718.3	1.497	2.61		1.6317	7925.9	1	1000005	1	0	1	1	17	16
294	71	8969	0	0	1000000	8	8	same	1	0	1	104.3	0	0	35.87	180.06	374.73	0	2007.5	-2.2161	12.9651	40	0	0	1	1	0	2	0	nue	MEC	CC	2300.5	1980.4	0.849	3.37		0.9859	26908.5	1	1000000	1	0	1	1	45	44
294	71	8969	1	1	7	2	2	same	1	0	0	35.0	0	0	-33.85	-27.79	472.56	0	514.4	2.7939	-15.0000	4	0	1	0	0	0	2	1	numu	QE	CC	1631.7	201.9	0.208	2.43		0.3444	4261.4	0	7	1	0	0	0	2	1
294	71	9224	0	0	1000002	7	7	same	1	0	1	48.0	0	0	66.67	59.62	176.83	0	1152.9	0.4102	0.0861	8	0	0	1	0	0	2	0	nue	MEC	CC	1269.8	1191.5	0.805	35.21		0.9426	29148.7	1	1000002	1	0	1	1	32	31
294	71	9930	0	0	1000008	13	13	same	1	0	1	56.8	0	0	64.99	57.41	71.96	0	962.9	0.6345	-7.0315	8	0	0	1	0	0	2	1	nue	RES	CC	1161.3	912.5	1.103	3.72		1.2389	18615.8	1	1000008	1	0	1	1	26	25
294	71	10250	0	0	10	28	28	same	21	0	0	187.4	0	0	-51.08	-184.95	328.65	0	804.5	4.1632	-15.0000	4	0	1	0	0	0	3	1	numu	MEC	CC	1331.5	704.5	1.3	2.33		1.4376	22741.8	0	10	1	0	0	0	22	1
294	71	10426	0	0	1000000	24	24	same	34	1	0	72.2	1	1	141.36	24.29	339.67	0	1727.8	-0.5665	9.3895	36	0	1	0	1	0	2	0	nue	RES	CC	1667.0	1363.2	0.164	0.40		0.3001	40514.4	1	1000000	1	0	1	1	39	5
294	71	12045	0	0	1	3	3	same	2	0	0	42.7	0	0	-186.55	135.44	76.79	0	725.9	0.1134	-15.0000	8	0	0	1	0	0	2	1	nue	MEC	CC	983.8	645.0	0.859	0.29		0.9933	24677.2	0	1	1	0	0	0	20	18
294	71	12406	0	0	1	18	18	same	12	0	1	155.4	0	0	-93.83	-48.08	33.28	0	623.6	1.1054	8.8685	40	0	0	1	1	0	1	0	nue	QE	CC	1143.9	835.9	0.705	1.08		0.8373	17944.8	0	1	1	0	1	1	28	16
294	72	512	0	0	1	61	7	not_in_act	1	0	0	42.1	0	0	-62.90	-88.84	105.53	0	808.0	0.2332	12.4967	40	0	0	1	1	0	2	1	nue	QE	CC	832.7	746.3	1.084	0.64		1.2179	14664.2	0	1	1	1	1	1	14	13
294	72	1655	0	0	4	14	14	same	7	0	1	92.8	0	0	-137.21	58.41	313.62	0	626.3	2.6919	-15.0000	4	0	1	0	0	0	1	0	nue	QE	CC	813.5	482.4	0.736	32.41		0.8734	12150.0	0	4	1	0	0	0	14	7
294	72	2668	0	0	1	17	17	same	12	0	1	60.5	0	0	-125.99	26.97	158.54	0	1435.5	0.6258	10.2456	40	0	0	1	1	0	1	0	nue	RES	CC	1409.9	1248.9	0.673	0.46		0.8090	37062.5	0	1	1	0	1	1	27	15
294	72	2928	0	0	1000001	66	10	not_in_act	1	0	1	32.4	0	0	87.10	32.27	361.39	0	318.0	-1.3613	-15.0000	8	0	0	1	0	0	3	1	nue	QE	CC	504.8	320.9	0.679	58.26		0.8163	9969.4	1	1000001	1	1	0	0	14	13
294	72	3846	0	0	3	6	6	same	1	0	1	78.9	0	0	-154.89	-94.68	398.82	0	833.3	1.4482	5.1695	4	0	1	0	0	0	2	0	nue	RES	CC	760.2	698.0	0.809	0.71		0.9448	22083.7	0	3	1	0	1	1	25	24
294	72	6513	0	0	5	18	18	same	2	0	0	53.1	1	1	-11.95	91.84	448.42	0	902.4	0.7779	8.5957	40	0	0	1	1	0	3	1	nue	QE	CC	1594.8	736.3	1.417	1.24		1.5513	12742.1	0	5	1	0	1	1	5	3
294	72	8471	0	0	1	4	4	same	1	0	1	75.2	0	0	-172.18	-72.37	392.54	0	939.9	-0.0315	12.8347	8	0	0	1	0	0	1	0	nue	QE	CC	1014.4	887.0	1.247	0.32		1.3816	34316.7	0	1	1	0	1	1	17	16
294	72	8766	0	0	2	11	11	same	2	0	1	80.9	1	1	-75.08	-159.22	73.08	0	1595.1	-0.4222	2.6284	8	0	0	1	0	0	1	0	nue	QE	CC	1649.2	1539.3	0.425	31.75		0.5602	24535.3	0	2	1	0	1	1	46	44
294	75	187	0	0	0	20	20	same	4	0	1	72.2	1	1	-116.24	-33.25	84.82	0	2472.4	-0.9105	7.6892	40	0	0	1	1	0	3	0	nue	DIS	CC	2448.9	2309.8	0.614	0.92		0.7491	60106.3	0	0	1	0	1	1	72	68
294	75	1245	0	0	6	21	21	same	13	0	0	50.4	0	0	-55.24	73.05	408.74	0	1103.6	-0.1306	13.0807	40	0	0	1	1	0	2	0	nue	QE	CC	1342.8	1162.9	1.344	0.62		1.4810	18430.5	0	6	1	0	1	1	33	20
294	75	2026	0	0	1000007	23	23	same	22	1	1	206.0	1	1	-159.85	-8.24	141.83	0	1755.3	3.8704	-15.0000	4	0	1	0	0	0	4	2	numu	RES	CC	1132.6	915.5	1.467	0.09		1.6567	21142.6	1	1000007	1	0	0	0	24	2
294	75	2077	0	0	1000001	21	21	same	5	0	0	96.4	0	0	28.17	70.76	418.11	0	1136.9	2.1452	5.7153	4	0	1	0	0	0	2	0	nue	DIS	CC	2742.1	1605.2	1.23	1.09		1.3635	28631.0	1	12	1	0	1	1	34	29
294	75	3240	0	0	2	20	20	same	1	0	0	264.4	0	0	-1.95	13.53	386.38	0	1962.1	3.0392	-3.1391	4	0	1	0	0	0	1	0	nue	DIS	CC	3099.2	2075.3	1.494	1.77		1.6285	27791.9	0	2	1	0	1	1	63	62
294	75	3514	0	0	1	12	12	same	1	0	1	56.6	0	0	-100.32	-85.05	425.73	0	559.4	0.1421	15.6536	40	0	0	1	1	0	2	0	nue	QE	CC	545.1	514.2	1.267	0.48		1.4018	10291.2	0	1	1	0	1	1	17	16
294	75	4003	0	0	2	15	13	in_act_not_selected	18	0	0	80.8	0	0	-126.93	0.33	444.12	0	1106.9	-0.1764	13.2918	40	0	0	1	1	0	4	1	nue	RES	CC	1977.9	1016.9	1.192	0.63		1.3269	27791.8	0	2	1	1	1	1	18	0
294	75	5016	0	0	1000004	11	11	same	1	0	1	34.8	0	0	38.66	86.82	278.03	0	357.5	-0.9521	-15.0000	8	0	0	1	0	0	4	3	nue	MEC	CC	341.7	278.2	1.53	26.47		1.6636	6091.2	1	1000004	1	0	0	0	8	7
294	75	6428	0	0	1000004	76	17	not_in_act	25	0	1	32.2	0	0	10.04	119.69	130.84	0	581.2	-1.2359	-15.0000	8	0	0	1	0	0	1	0	nue	QE	CC	1795.6	664.4	0.859	35.11		0.9924	10885.9	1	6	1	1	0	0	47	22
294	76	639	0	0	5	13	13	same	5	0	1	29.5	0	0	-119.97	56.55	24.53	0	279.6	-0.0835	5.8804	40	0	0	1	1	0	1	0	nue	MEC	CC	404.8	327.8	0.515	0.14		0.6499	6221.1	0	5	1	0	1	1	13	8
294	76	1251	0	0	0	20	20	same	7	0	1	65.8	0	0	-164.40	-65.48	137.83	0	1075.0	-0.6233	14.1350	40	0	0	1	1	0	2	0	nue	QE	CC	1133.2	1081.6	1.369	0.32		1.5039	41461.1	0	0	1	0	1	1	43	36
294	76	4886	0	0	3	10	10	same	1	0	0	16.1	0	0	-194.58	-191.96	176.69	0	194.3	0.9674	-15.0000	8	0	0	1	0	0	3	1	nue	QE	CC	1014.3	365.5	0.464	0.61		0.5946	12995.1	0	3	1	0	0	0	4	3
294	76	5035	0	0	2	9	9	same	1	0	1	68.6	0	0	-152.60	-109.90	147.46	0	581.4	0.8396	12.5857	40	0	0	1	1	0	2	1	nue	QE	CC	425.3	531.4	0.405	0.24		0.5403	13411.2	0	2	1	0	1	1	7	6
294	76	5087	0	0	1000000	28	28	same	21	0	1	101.6	0	0	14.87	35.28	282.45	0	1951.6	-0.2257	4.4980	4	0	1	0	0	0	1	0	nue	DIS	CC	2599.6	2045.1	0.96	0.65		1.0939	37534.4	1	7	1	0	1	1	57	36
294	76	5835	0	0	2	5	5	same	1	0	1	255.1	0	0	-59.45	169.75	216.75	0	812.0	3.5785	-15.0000	4	0	1	0	0	0	4	3	numu	MEC	CC	1016.0	633.0	0.277	1.87		0.9845	21853.2	0	2	1	0	0	0	11	10
294	76	5835	1	1	1000000	12	12	same	1	0	1	103.7	0	0	156.20	59.93	45.25	0	3170.6	-1.8413	10.5940	36	0	1	0	1	0	4	2	nue	RES	CC	3109.3	2896.3	0.537	0.51		0.6724	91125.7	1	1000000	1	0	1	1	89	88
294	76	6571	0	0	1000003	14	14	same	1	0	0	66.9	0	0	50.24	-88.78	481.12	0	731.8	1.7027	-1.9866	8	0	0	1	0	0	3	0	nue	DIS	CC	3764.7	1033.2	1.306	2.94		1.4418	19349.0	1	7	1	0	1	1	15	14
294	76	6849	0	0	5	15	15	same	7	0	1	22.1	0	0	-55.80	74.75	154.28	0	367.9	-0.1818	-7.3783	8	0	0	1	0	0	2	0	nue	QE	CC	496.3	343.6	0.613	0.65		0.7498	7200.3	0	5	1	0	1	1	31	24
294	76	8954	0	0	1000007	15	15	same	2	0	1	31.8	0	0	0.47	-144.83	369.94	0	240.5	-1.6517	-5.9079	8	0	0	1	0	0	1	0	nue	RES	CC	619.2	476.6	1.456	5.42		1.5888	5543.2	1	8	1	0	1	1	7	5
294	76	12425	0	0	1000003	44	18	in_act_not_selected	16	1	0	15.8	1	1	169.91	3.28	490.66	0	205.9	-0.3898	-15.0000	8	0	0	1	0	0	1	0	nue	RES	CC	1518.3	466.2	0.663	1.22		0.7986	20083.5	1	1000003	1	1	0	0	17	1
294	78	2753	0	0	7	23	23	same	1	0	1	36.1	0	0	-43.26	57.29	131.07	0	433.4	-1.3255	13.3053	8	0	0	1	0	0	2	0	nue	QE	CC	472.5	440.2	1.049	1.16		1.1851	7380.6	0	7	1	0	1	1	19	18
294	78	4462	0	0	1000003	22	22	same	28	1	1	54.7	1	1	128.59	-93.03	75.89	0	851.0	-0.0814	15.6536	40	0	0	1	1	0	1	0	nue	QE	CC	833.9	813.4	0.363	0.40		0.4973	18064.8	1	1000003	1	0	1	1	32	4
294	78	4611	0	0	0	18	18	same	2	0	1	62.1	0	0	-105.62	17.37	409.15	0	1018.8	-0.6416	8.3401	40	0	0	1	1	0	1	0	nue	MEC	CC	1710.8	840.4	0.206	12.30		0.3409	21988.5	0	0	1	0	1	1	37	35
294	78	5400	0	0	1	4	4	same	1	0	0	66.2	0	0	-185.00	193.94	48.15	0	460.5	1.8367	-15.0000	4	0	1	0	0	0	2	0	numu	QE	CC	589.5	316.8	0.555	0.57		0.6908	11502.6	0	1	1	0	0	0	10	9
294	78	5400	1	1	1000013	12	12	same	1	0	0	20.4	0	0	39.77	-91.05	491.79	0	308.4	1.2006	-15.0000	4	0	1	0	0	0	2	1	nue	QE	CC	1130.0	209.6	0.722	9.45		0.8582	4808.5	1	1000013	1	0	0	0	1	0
294	78	5540	0	0	1000003	7	7	same	1	0	0	54.3	0	0	45.59	77.25	447.74	0	594.7	1.0057	4.2170	8	0	0	1	0	0	1	0	nue	RES	CC	719.4	574.1	0.397	2.02		0.5324	8613.4	1	1000003	1	0	1	1	12	11
294	78	7132	0	0	2	6	6	same	1	0	1	72.7	0	0	-122.98	42.64	136.98	0	1210.4	-1.1059	7.3013	40	0	0	1	1	0	2	1	nue	QE	CC	1080.4	1097.3	0.234	4.53		0.3711	32832.2	0	2	1	0	1	1	36	35
294	78	8223	0	0	1000002	9	9	same	1	0	1	89.3	0	0	-5.39	-19.66	134.15	0	651.2	1.5650	11.7837	8	0	0	1	0	0	3	1	nue	QE	CC	678.2	673.2	1.523	0.47		1.6591	8022.8	1	3	1	0	1	1	19	18
294	78	10068	0	0	1000002	19	19	same	2	0	0	66.9	0	0	162.24	181.44	14.13	0	923.4	1.7760	5.3914	4	0	1	0	0	0	2	0	nue	DIS	CC	2064.5	835.8	0.513	1.01		0.6472	57093.6	1	1000002	1	0	1	1	22	20
294	78	10582	0	0	1000015	16	16	same	1	0	1	42.8	0	0	143.97	182.42	8.29	0	517.9	-1.0692	-15.0000	4	0	1	0	0	0	2	0	nue	QE	CC	445.4	335.0	0.42	40.15		0.5540	5162.1	1	12	1	0	0	0	12	11
294	80	78	0	0	1000009	15	15	same	1	0	1	47.7	0	0	72.88	72.02	182.80	0	447.1	-0.0336	-15.0000	6	1	1	0	0	1	3	0	nue	DIS	CC	385.1	255.7	0.373	14.07		0.5097	6470.5	1	1000009	1	0	0	0	10	9
294	80	453	0	0	2	22	22	same	46	1	1	192.1	1	2	-89.51	91.82	178.80	0	1656.4	0.3906	8.6765	40	0	0	1	1	0	1	0	nue	RES	CC	2364.2	1915.2	1.274	1.36		1.4103	42922.5	0	2	1	0	1	1	60	14
294	80	659	0	0	1000001	16	16	same	1	0	0	75.9	0	0	120.40	100.74	3.38	0	787.8	0.7964	-7.4072	8	0	0	1	0	0	3	1	nue	RES	CC	1393.1	1155.7	0.303	0.96		0.4384	21487.3	1	1000001	1	0	1	1	21	20
294	80	1826	0	0	0	1	1	same	1	0	1	51.5	0	0	-144.70	-19.10	316.95	0	1202.4	0.9458	9.5317	4	0	1	0	0	0	1	0	nue	RES	CC	1484.1	1284.5	1.585	0.36		1.7203	39414.0	0	0	1	0	1	1	48	47
294	80	3252	0	0	1000004	16	16	same	22	0	1	56.1	0	0	17.72	84.35	437.13	0	1324.9	1.2330	5.0483	4	0	1	0	0	0	3	0	nue	RES	CC	1774.2	1005.6	1.174	1.76		1.3071	15510.8	1	7	1	0	1	1	35	13
294	80	4329	0	0	1000005	15	15	same	1	0	0	70.9	0	0	82.33	-38.04	456.91	0	544.2	0.7971	10.9394	40	0	0	1	1	0	2	0	nue	QE	CC	635.4	536.4	0.244	1.43		0.3795	10922.2	1	1000005	1	0	1	1	12	11
294	80	8153	0	0	1000003	18	18	same	4	0	1	159.3	0	0	77.46	-72.64	91.47	0	1314.4	0.4242	-15.0000	6	1	1	0	0	1	1	0	nue	MEC	CC	1547.5	1297.6	0.592	55.71		0.7288	20653.1	1	11	1	0	0	0	31	27
294	80	8805	0	0	1000007	18	18	same	3	0	1	26.1	0	0	22.42	17.88	464.15	0	389.4	-0.1914	-15.0000	8	0	0	1	0	0	1	0	nue	RES	CC	756.0	492.8	0.701	2.63		0.8341	8050.9	1	13	1	0	0	0	4	1
294	80	8993	0	0	2	16	16	same	2	0	0	87.1	0	0	-166.08	-167.41	56.28	0	367.0	3.0153	-15.0000	4	0	1	0	0	0	2	1	numu	QE	CC	695.0	264.9	0.745	0.18		0.8804	8808.0	0	2	1	0	0	0	12	10
294	80	8993	1	1	1000000	12	12	same	2	0	0	38.9	0	0	197.80	73.84	471.02	0	329.8	1.1557	-15.0000	8	0	0	1	0	0	2	0	nue	QE	CC	1015.5	215.1	1.101	1.11		1.2333	14720.6	1	1000000	1	0	0	0	3	1
294	80	9479	0	0	1000001	14	14	same	2	0	0	43.1	0	0	137.22	-92.82	125.84	0	962.4	-0.4697	8.7843	40	0	0	1	1	0	1	0	nue	RES	CC	1376.0	1109.0	1.313	1.22		1.4473	33338.6	1	1000001	1	0	1	1	29	27
294	80	11081	0	0	1000001	13	13	same	1	0	1	79.3	0	0	103.18	-86.59	206.87	0	1630.8	-0.4519	5.9572	8	0	0	1	0	0	2	1	nue	QE	CC	1754.3	1746.7	0.086	3.77		0.2215	40594.8	1	1000001	1	0	1	1	34	33
294	81	306	0	0	1	3	3	same	1	0	1	100.5	0	0	-116.30	-0.86	14.33	0	1767.7	-0.8164	2.6066	8	0	0	1	0	0	2	0	nue	QE	CC	1651.5	1665.1	0.554	4.40		0.6900	35006.5	0	1	1	0	1	1	37	36
294	81	1144	0	0	0	3	3	same	2	0	0	53.2	0	0	-188.84	-56.81	201.75	0	824.1	0.6759	13.9054	40	0	0	1	1	0	4	3	nue	QE	CC	1393.3	732.0	1.316	0.20		1.4499	46385.4	0	0	1	0	1	1	8	6
294	81	3482	0	0	1000001	77	12	not_in_act	4	0	1	30.4	0	0	5.67	-6.58	154.80	0	980.5	0.1193	9.2483	8	0	0	1	0	0	1	0	nue	RES	CC	1223.9	993.6	1.527	0.54		1.6605	22216.6	1	9	1	1	1	1	45	41
294	81	3876	0	0	10	23	23	same	3	0	1	48.0	0	0	-74.97	-115.73	387.40	0	713.9	-0.1488	4.4269	8	0	0	1	0	0	2	1	nue	MEC	CC	833.6	707.4	1.098	4.19		1.2348	12543.7	0	10	1	0	1	1	19	16
294	81	5475	0	0	1000001	14	14	same	1	0	1	134.9	0	0	70.85	-133.09	238.16	0	1872.3	1.2674	-2.9604	4	0	1	0	0	0	2	1	nue	DIS	CC	2199.7	1856.4	0.975	0.99		1.1131	33170.4	1	1000001	1	0	1	1	49	48
294	81	5475	1	1	1	26	19	in_act_not_selected	10	0	1	67.2	0	0	-169.05	-165.42	264.84	0	1224.0	1.6843	-15.0000	4	0	1	0	0	0	2	0	numu	DIS	CC	1606.2	1182.8	0.411	0.57		0.5441	35732.9	0	1	1	1	0	0	25	15
294	81	6768	0	0	9	15	15	same	11	0	0	77.6	0	0	5.11	6.19	440.00	0	1653.4	-2.5002	6.5954	40	0	0	1	1	0	3	0	nue	RES	CC	2449.0	1580.4	0.586	0.93		0.7201	2918.7	0	9	1	0	1	1	31	20
294	81	11035	0	0	1000003	9	9	same	1	0	1	56.5	0	0	70.47	22.38	97.00	0	825.8	0.1167	6.9580	36	0	1	0	1	0	2	0	nue	RES	CC	829.6	712.4	0.346	0.78		0.4823	17811.6	1	1000003	1	0	1	1	15	14
294	81	11096	0	0	1000000	10	10	same	1	0	1	121.5	0	0	139.99	133.39	25.21	0	1741.4	1.9729	-15.0000	4	0	1	0	0	0	1	0	nue	DIS	CC	2471.8	2031.5	0.115	0.82		0.2500	45322.7	1	1000000	1	0	0	0	41	40
294	81	11486	0	0	1000000	13	13	same	3	0	0	115.9	0	0	25.12	-161.42	37.46	0	1920.2	-1.7759	11.5202	8	0	0	1	0	0	1	0	nue	RES	CC	1949.3	1731.0	1.255	1.83		1.3899	21060.8	1	6	1	0	1	1	35	32
294	84	992	0	0	1000000	14	14	same	1	0	1	94.5	0	0	28.57	-164.35	150.73	0	2391.7	-1.4335	8.0451	40	0	0	1	1	0	1	0	nue	RES	CC	2713.7	2429.4	1.371	1.87		1.5094	41880.9	1	10	1	0	1	1	56	55
294	84	1449	0	0	0	76	11	not_in_act	2	0	1	49.6	0	0	-104.62	-99.62	306.00	0	1087.2	-0.4573	-0.6002	8	0	0	1	0	0	1	0	nue	RES	CC	1508.0	1368.3	0.827	4.43		0.9633	34196.4	0	0	1	1	1	1	45	43
294	84	2203	0	0	0	1	1	same	1	0	1	166.7	0	0	-118.14	24.70	307.28	0	1547.5	1.0547	-3.0452	4	0	1	0	0	0	2	0	nue	RES	CC	1874.2	1594.4	1.244	0.32		1.3794	44173.2	0	0	1	0	1	1	39	38
294	84	3229	0	0	2	3	3	same	2	0	1	150.5	0	0	-157.26	17.18	188.00	0	1484.2	2.5581	-0.2652	4	0	1	0	0	0	1	0	nue	RES	CC	1970.3	1610.1	0.296	10.23		0.4299	54303.7	0	2	1	0	1	1	34	32
294	84	3589	0	0	1	22	22	same	12	0	1	90.8	0	0	-112.46	-3.62	78.45	0	1435.2	1.8130	4.5774	4	0	1	0	0	0	1	0	nue	RES	CC	1571.9	1250.8	0.14	2.62		0.2754	30298.7	0	1	1	0	1	1	54	42
294	84	3602	0	0	1	5	5	same	2	0	0	127.1	0	0	-185.89	-105.62	209.14	0	1140.4	2.0210	-6.5579	4	0	1	0	0	0	2	1	nue	RES	CC	2496.2	1811.9	0.787	7.83		0.9223	82941.7	0	1	1	0	1	1	25	23
294	84	4500	0	0	9	9	9	same	1	0	0	47.0	0	0	-129.84	199.37	89.12	0	376.7	-1.4438	-4.2637	38	1	1	0	1	1	4	1	nue	RES	CC	660.6	320.4	0.877	1.86		1.0112	7348.2	0	9	1	0	1	1	4	3
294	84	4560	0	0	1	4	4	same	2	0	0	117.9	0	0	-191.93	117.64	208.93	0	1219.3	2.5393	-15.0000	6	1	1	0	0	1	3	0	nue	RES	CC	2441.6	1279.4	1.128	12.32		1.2613	55949.0	0	1	1	0	0	0	48	46
294	84	9218	0	0	1000001	29	29	same	4	0	1	69.1	0	0	27.08	11.95	313.29	0	1302.3	-0.8331	5.1781	40	0	0	1	1	0	2	0	nue	ElectronScattering	CC	1578.7	1315.6	0.298	4.60		0.4350	31175.0	1	1000001	1	0	1	1	46	42
294	84	9894	0	0	1000002	16	16	same	8	0	1	89.6	0	0	68.36	-35.99	322.13	0	1398.4	-1.7084	14.5074	40	0	0	1	1	0	1	0	nue	DIS	CC	1654.1	1384.2	0.772	1.01		0.9094	32012.2	1	1000002	1	0	1	1	34	26
294	84	10290	0	0	1000000	20	20	same	2	0	1	185.4	0	0	114.23	68.15	315.57	0	2375.6	1.2035	8.1682	4	0	1	0	0	0	1	0	nue	DIS	CC	2782.9	2311.0	0.752	0.62		0.8890	57386.1	1	15	1	0	1	1	52	50
294	84	11268	0	0	3	18	18	same	16	1	0	28.7	1	1	-23.89	-187.15	15.55	0	588.9	-0.3316	-15.0000	8	0	0	1	0	0	1	0	nue	QE	CC	523.3	439.0	1.536	6.46		1.6703	4992.2	0	3	1	0	0	0	17	1
294	84	11547	0	0	0	6	6	same	2	0	0	18.0	0	0	-197.71	147.00	11.27	0	361.8	0.3874	-15.0000	4	0	1	0	0	0	2	0	nue	QE	CC	1374.2	200.1	1.519	0.78		1.6546	33317.5	0	0	1	0	0	0	5	3
294	90	211	0	0	1000000	12	12	same	2	0	1	56.9	0	0	171.95	-44.32	253.16	0	342.1	0.0336	-15.0000	8	0	0	1	0	0	4	3	nue	QE	CC	634.1	520.3	0.37	1.21		0.5038	21224.0	1	1000000	1	0	0	0	19	17
294	90	1209	0	0	1000000	28	28	same	2	0	1	65.8	0	0	40.97	-156.01	154.43	0	1746.2	0.4562	8.9195	8	0	0	1	0	0	1	0	nue	DIS	CC	2679.9	2008.7	1.2	2.23		1.3357	37665.7	1	13	1	0	1	1	50	48
294	90	1253	0	0	6	7	7	same	1	0	1	23.5	0	0	-118.70	100.45	96.47	0	314.4	-0.3429	3.5532	8	0	0	1	0	0	3	1	nue	RES	CC	892.0	464.5	0.403	1.84		0.5385	11864.5	0	6	1	0	1	1	26	25
294	90	3868	0	0	1000003	13	13	same	1	0	1	46.2	0	0	79.24	63.68	363.48	0	924.0	-0.4063	6.7174	8	0	0	1	0	0	1	0	nue	RES	CC	1137.3	1013.8	1.132	1.70		1.2694	20736.0	1	1000003	1	0	1	1	27	26
294	90	4596	0	0	1000007	34	7	not_in_act	1	0	1	20.3	0	0	43.97	51.46	86.16	0	404.3	-2.2978	-15.0000	10	1	0	1	0	1	1	0	nue	QE	CC	207.5	177.8	1.066	73.10		1.2018	3584.3	1	1000007	1	1	0	0	8	7
294	90	6557	0	0	1000006	19	19	same	10	0	1	67.2	0	0	37.16	30.63	262.79	0	850.8	0.1694	13.1120	40	0	0	1	1	0	2	1	nue	QE	CC	1369.5	1093.2	0.959	0.62		1.0930	21168.1	1	5	1	0	1	1	26	16
294	90	7140	0	0	1000006	13	13	same	2	0	0	21.7	0	0	196.63	-146.45	76.58	0	439.2	-0.1191	-15.0000	4	0	1	0	0	0	1	0	nue	QE	CC	781.3	302.7	0.724	0.24		0.8573	24033.9	1	1000006	1	0	0	0	5	3
294	90	7515	0	0	1000001	24	24	same	3	0	0	36.8	0	0	198.33	-26.57	44.55	0	241.7	-0.7671	-7.3286	8	0	0	1	0	0	1	0	nue	MEC	CC	470.3	312.6	1.065	5.90		1.1948	17094.6	1	1000001	1	0	1	1	16	13
294	90	9075	0	0	6	2	2	same	1	0	0	21.0	0	0	-66.81	-199.27	18.83	0	485.5	-1.3541	-15.0000	10	1	0	1	0	1	2	0	nue	RES	CC	1651.7	586.8	0.647	1.32		0.7828	8503.9	0	6	1	0	0	0	8	7
294	96	450	0	0	2	4	4	same	1	0	1	182.4	0	0	-37.84	103.68	66.75	0	744.2	4.7887	-15.0000	4	0	1	0	0	0	3	0	numu	QE	CC	751.0	624.6	1.444	1.04		1.5787	12810.1	0	2	1	0	0	0	3	2
294	96	450	1	1	1000007	12	12	same	1	0	1	31.9	0	0	146.09	-12.37	410.95	0	212.7	-0.7773	7.4411	8	0	0	1	0	0	3	2	nue	QE	CC	236.3	236.4	0.508	1.73		0.6449	6472.4	1	1000007	1	0	1	1	4	3
294	96	1813	0	0	2	9	9	same	1	0	0	114.4	0	0	-13.23	-76.53	421.00	0	462.1	0.6370	-15.0000	4	0	1	0	0	0	2	0	nue	RES	CC	1645.8	775.4	1.476	10.13		1.6108	15163.9	0	2	1	0	0	0	3	2
294	96	1838	0	0	1	7	7	same	1	0	1	68.2	0	0	-146.44	-96.22	334.79	0	624.3	-0.1955	6.2166	8	0	0	1	0	0	2	1	nue	RES	CC	1187.4	779.2	0.409	11.27		0.5452	27690.7	0	1	1	0	1	1	24	23
294	96	5256	0	0	1000008	13	13	same	2	0	1	30.3	0	0	134.91	114.79	364.33	0	540.0	-0.0526	-15.0000	8	0	0	1	0	0	2	1	nue	QE	CC	343.2	305.2	0.092	17.69		0.2282	8010.2	1	1000008	1	0	0	0	16	14
294	96	5902	0	0	0	20	16	in_act_not_selected	46	0	1	173.5	0	0	-174.14	100.52	392.94	0	1767.0	1.0442	9.2164	4	0	1	0	0	0	3	2	nue	RES	CC	2632.7	1399.6	0.773	0.56		0.9070	64437.8	0	0	1	1	1	1	67	21
294	96	6597	0	0	1000003	9	9	same	1	0	0	45.7	0	0	51.24	136.45	359.87	0	922.2	0.4040	7.4813	40	0	0	1	1	0	2	1	nue	RES	CC	781.5	521.0	0.623	1.82		0.7595	8656.5	1	1000003	1	0	1	1	28	27
294	96	7249	0	0	3	10	10	same	1	0	0	23.5	0	0	-149.86	-109.93	481.36	0	246.6	-0.5403	-2.1967	8	0	0	1	0	0	3	0	nue	QE	CC	585.0	274.0	1.552	0.29		1.6891	8612.8	0	3	1	0	1	1	4	3
294	96	9324	0	0	0	3	3	same	1	0	1	136.7	0	0	-148.45	20.03	28.35	0	3437.9	-1.6340	8.5914	40	0	0	1	1	0	3	1	nue	QE	CC	3276.5	3265.0	1.461	0.27		1.5966	90351.2	0	0	1	0	1	1	72	71
294	96	9613	0	0	0	6	6	same	1	0	1	97.1	0	0	-95.33	8.42	123.35	0	972.8	0.2510	7.3716	8	0	0	1	0	0	1	0	nue	QE	CC	952.4	914.4	1.199	0.59		1.3358	21235.9	0	0	1	0	1	1	17	16
294	96	10233	0	0	0	13	13	same	6	0	0	83.1	0	0	-119.92	-161.65	310.31	0	1371.9	-0.0582	10.0705	8	0	0	1	0	0	2	0	nue	RES	CC	2271.2	1511.1	0.942	0.75		1.0760	42522.2	0	0	1	0	1	1	75	69
294	97	1977	0	0	1000000	11	11	same	1	0	1	108.8	0	0	13.08	121.47	302.86	0	2303.6	-1.8531	13.8340	40	0	0	1	1	0	1	0	nue	MEC	CC	2398.9	2247.5	1.3	1.43		1.4362	43996.9	1	12	1	0	1	1	63	62
294	97	3460	0	0	0	3	3	same	1	0	1	97.7	0	0	-108.89	19.70	103.44	0	1718.2	-0.7886	9.1354	40	0	0	1	1	0	1	0	nue	QE	CC	1706.2	1624.2	1.163	0.70		1.2999	46365.7	0	0	1	0	1	1	73	72
294	97	4290	0	0	0	17	17	same	2	0	1	141.9	0	0	-83.55	-27.94	139.48	0	3318.3	-1.2899	12.6217	40	0	0	1	1	0	2	1	nue	DIS	CC	3213.3	3199.6	1.105	0.59		1.2402	77953.4	0	0	1	0	1	1	78	76
294	97	7191	0	0	6	18	18	same	13	0	1	51.2	0	0	-63.21	-148.95	344.90	0	733.9	0.5558	-0.5169	8	0	0	1	0	0	2	1	nue	RES	CC	971.1	787.3	1.263	1.16		1.3990	15113.3	0	6	1	0	1	1	23	10
294	97	9697	0	0	3	10	10	same	1	0	1	151.5	0	0	-107.18	53.42	170.71	0	940.7	1.1383	14.2733	40	0	0	1	1	0	1	0	nue	RES	CC	1216.8	874.5	0.141	0.48		0.2770	21660.1	0	3	1	0	1	1	14	13
294	97	10584	0	0	0	30	30	same	3	0	0	97.8	1	1	-162.34	20.63	48.09	0	1116.0	1.0579	-0.3194	8	0	0	1	0	0	1	0	nue	DIS	CC	4005.1	2198.5	0.08	0.57		0.2152	64841.6	0	0	1	0	1	1	67	64
294	97	11037	0	0	3	6	6	same	1	0	1	46.0	0	0	-131.61	52.00	366.34	0	402.8	-1.5950	2.6416	8	0	0	1	0	0	1	0	nue	QE	CC	460.0	392.1	0.565	4.90		0.7009	11085.5	0	3	1	0	1	1	14	13
294	97	11302	0	0	1000006	17	17	same	5	0	1	62.3	0	0	89.64	-112.41	310.61	0	898.1	3.2080	-15.0000	4	0	1	0	0	0	2	1	numu	DIS	CC	889.9	728.0	0.318	0.86		0.4525	13862.1	1	1000006	1	0	0	0	24	19
294	97	11302	1	1	4	53	4	not_in_act	1	0	0	28.6	0	0	-127.05	-174.71	461.61	0	438.5	-0.2429	9.6729	40	0	0	1	1	0	2	0	nue	QE	CC	638.5	309.9	0.512	0.75		0.6467	6696.5	0	4	1	1	1	1	12	11
294	97	11574	0	0	1	84	4	not_in_act	1	0	0	112.3	0	0	-71.01	112.33	406.30	0	634.7	-0.5929	-15.0000	8	0	0	1	0	0	2	0	nue	QE	CC	2670.6	2116.0	1.306	20.91		1.4413	29567.3	0	1	1	1	0	0	36	35
294	99	4767	0	0	1	3	3	same	1	0	1	91.7	0	0	-143.08	-110.54	243.96	0	1297.3	0.5217	-0.4934	8	0	0	1	0	0	2	1	nue	RES	CC	1419.1	1402.0	0.92	1.11		1.0537	44302.0	0	1	1	0	1	1	52	51
294	99	5944	0	0	1000000	13	13	same	2	0	0	119.6	0	0	200.33	-138.46	14.46	0	1765.9	-4.4220	5.3265	10	1	0	1	0	1	4	3	nue	DIS	CC	3452.7	2397.1	0.079	2.45		0.2132	73566.3	1	1000000	1	0	1	1	53	51
294	99	6483	0	0	1	4	4	same	1	0	1	70.4	0	0	-142.62	5.29	311.64	0	304.5	-0.6139	-9.3053	8	0	0	1	0	0	1	0	nue	QE	CC	1067.1	1014.2	0.335	13.44		0.4698	30792.7	0	1	1	0	1	1	37	36
294	99	10643	0	0	1000000	13	13	same	3	0	1	142.2	0	0	26.65	118.38	267.85	0	1277.4	0.6113	2.2288	8	0	0	1	0	0	1	0	nue	QE	CC	1593.7	1487.1	0.654	11.66		0.7876	21846.5	1	7	1	0	1	1	25	22
294	99	11187	0	0	1000000	15	15	same	1	0	1	74.0	0	0	181.48	160.08	292.65	0	1096.6	-1.0753	3.8187	8	0	0	1	0	0	3	1	nue	MEC	CC	1407.2	1333.5	1.091	33.33		1.2226	48346.2	1	1000000	1	0	1	1	27	26
294	99	11762	0	0	0	16	16	same	61	0	1	108.7	0	0	-17.26	-133.51	280.00	0	2104.1	0.2393	8.3083	4	0	1	0	0	0	1	0	nue	RES	CC	3070.9	2434.0	0.769	1.57		0.9043	46581.2	0	0	1	0	1	1	77	16
295	4	789	0	0	0	3	3	same	1	0	1	126.0	0	0	-90.89	95.45	73.72	0	3099.0	-0.8277	11.0920	40	0	0	1	1	0	2	0	nue	QE	CC	2854.3	2805.6	1.52	0.58		1.6561	58718.5	0	0	1	0	1	1	69	68
295	4	3220	0	0	0	10	10	same	3	0	1	89.1	0	0	-57.95	-120.16	295.28	0	1067.0	0.4570	-15.0000	8	0	0	1	0	0	1	0	nue	QE	CC	1279.8	1249.1	0.863	0.92		1.0005	25871.2	0	0	1	0	0	0	36	33
295	4	3245	0	0	1000003	43	36	in_act_not_selected	11	0	1	138.9	0	0	164.71	129.18	361.54	0	736.4	0.2155	15.3525	40	0	0	1	1	0	2	0	nue	QE	CC	983.8	597.6	1.209	0.12		1.3442	24995.3	1	1000003	1	1	1	1	13	2
295	4	3524	0	0	1000000	28	28	same	7	0	1	111.9	0	0	75.00	157.18	337.75	0	2075.0	-1.3851	-15.0000	8	0	0	1	0	0	1	0	nue	RES	CC	2287.3	2090.4	0.771	1.32		0.9085	35391.6	1	1000000	1	0	0	0	42	35
295	4	4068	0	0	0	18	18	same	10	0	1	112.2	0	0	-53.10	-65.17	289.59	0	2010.9	-0.9029	12.7510	40	0	0	1	1	0	4	2	nue	QE	CC	1896.1	1838.7	0.356	0.77		0.4941	47388.8	0	0	1	0	1	1	67	57
295	4	4534	0	0	1000001	74	10	not_in_act	2	0	0	35.1	0	0	199.53	-84.53	1.88	0	629.6	-1.8491	-15.0000	6	1	1	0	0	1	2	1	nue	QE	CC	973.6	566.7	0.668	0.18		0.8005	23705.7	1	1000001	1	1	0	0	26	24
295	4	4615	0	0	0	22	22	same	4	0	0	64.8	0	0	-195.58	-140.77	86.74	0	1126.6	-0.2934	1.0333	8	0	0	1	0	0	4	2	nue	QE	CC	1543.2	942.8	0.172	47.58		0.3072	44418.5	0	0	1	0	1	1	18	14
295	4	5768	0	0	1000000	9	9	same	1	0	1	106.2	0	0	125.77	-61.55	58.01	0	1812.5	0.9279	0.2600	4	0	1	0	0	0	3	2	nue	QE	CC	2140.3	1938.0	1.046	42.12		1.1802	49126.4	1	1000000	1	0	1	1	74	73
295	4	8672	0	0	1000001	15	15	same	16	0	1	78.5	0	0	15.17	-86.76	56.21	0	2039.1	-1.0462	2.8580	8	0	0	1	0	0	1	0	nue	QE	CC	1870.2	1839.2	0.911	66.09		1.0465	28909.4	1	6	1	0	1	1	50	34
295	5	305	0	0	9	15	15	same	2	0	1	68.3	0	0	-40.29	-110.54	147.93	0	341.5	-0.3378	8.2455	40	0	0	1	1	0	2	1	nue	QE	CC	711.7	622.5	0.973	0.85		1.1079	9709.9	0	9	1	0	1	1	6	4
295	5	1016	0	0	8	24	24	same	4	0	1	23.6	0	0	-114.14	153.04	264.69	0	249.6	0.0362	-15.0000	6	1	1	0	0	1	1	0	nue	RES	CC	1341.0	263.7	0.391	89.58		0.5262	8689.5	0	8	1	0	0	0	10	6
295	5	1392	0	0	3	122	30	in_act_not_selected	43	1	1	27.6	1	1	-26.65	-89.16	258.90	0	652.6	-0.3525	-15.0000	8	0	0	1	0	0	2	1	nue	RES	CC	2557.1	1474.0	1.184	70.27		1.3213	27948.7	0	3	1	1	0	0	47	4
295	5	2042	0	0	1000005	9	9	same	1	0	1	71.0	0	0	68.10	111.52	337.12	0	504.7	1.4185	10.1931	36	0	1	0	1	0	1	0	nue	MEC	CC	667.3	498.8	0.715	0.93		0.8514	10160.9	1	1000005	1	0	1	1	19	18
295	5	5935	0	0	1000003	17	17	same	7	0	1	73.1	0	0	14.78	86.00	173.84	0	597.4	-0.3221	13.2522	40	0	0	1	1	0	2	1	nue	QE	CC	504.4	492.2	1.58	0.96		1.7147	9895.2	1	1000003	1	0	1	1	15	8
295	5	7048	0	0	3	9	9	same	1	0	1	42.9	0	0	-166.09	-112.73	219.71	0	608.6	0.6819	-15.0000	4	0	1	0	0	0	1	0	nue	RES	CC	755.7	564.4	0.219	0.39		0.3534	17628.7	0	3	1	0	0	0	15	14
295	5	8226	0	0	9	4	4	same	1	0	1	32.9	0	0	-150.78	143.19	296.88	0	667.8	-0.3103	-15.0000	8	0	0	1	0	0	1	0	nue	QE	CC	464.8	474.9	0.637	22.79		0.7727	12209.7	0	9	1	0	0	0	16	15
295	5	12311	0	0	3	13	13	same	3	0	1	42.0	0	0	-70.79	-121.81	189.50	0	675.0	-0.5653	12.6553	8	0	0	1	0	0	1	0	nue	QE	CC	670.3	581.4	0.653	0.98		0.7896	10963.4	0	3	1	0	1	1	29	26
295	8	358	0	0	0	20	20	same	43	1	0	76.0	1	1	-42.44	-182.57	361.20	0	1345.4	1.0674	-15.0000	8	0	0	1	0	0	1	0	nue	RES	CC	2188.3	1647.9	1.032	156.54		1.1680	42254.8	0	0	1	0	0	0	49	6
295	8	358	1	1	1000003	9	9	same	1	0	0	1.0	0	0	0.00	0.00	0.00	1	0.0	-1.9417	-15.0000	0	0	0	0	0	0	1	-1				-1	-1	-1	-1		0.9319	16443.1	1	1000003	0	0	0	0	1	0
295	8	4214	0	0	1000005	12	12	same	1	0	0	13.8	0	0	45.34	-166.44	297.16	0	406.5	-0.4659	-15.0000	8	0	0	1	0	0	1	0	nue	QE	CC	303.7	258.7	0.258	10.72		0.3959	3795.7	1	1000005	1	0	0	0	9	8
295	8	6526	0	0	0	7	7	same	1	0	1	52.2	0	0	-157.13	-1.14	259.19	0	1093.2	0.4071	6.2321	40	0	0	1	1	0	2	1	nue	QE	CC	1229.6	1053.0	0.391	13.72		0.5257	36104.6	0	0	1	0	1	1	29	28
295	8	7471	0	0	1000002	20	20	same	13	0	1	143.5	0	0	43.38	-63.31	130.75	0	1186.5	0.7026	-15.0000	8	0	0	1	0	0	3	1	nue	RES	CC	1086.3	932.4	1.03	0.75		1.1664	22606.7	1	0	1	0	0	0	29	16
295	8	7527	0	0	8	5	5	same	2	0	1	30.2	0	0	-152.64	165.34	436.73	0	353.3	-1.4208	2.0979	8	0	0	1	0	0	1	0	nue	QE	CC	488.7	320.5	0.793	0.47		0.9282	6844.9	0	8	1	0	1	1	14	12
295	8	8963	0	0	1	5	5	same	8	0	0	81.3	0	0	-130.53	-160.54	87.99	0	1862.3	-0.3570	9.3349	8	0	0	1	0	0	2	0	nue	RES	CC	1938.1	1730.6	1.179	1.25		1.3145	33585.6	0	1	1	0	1	1	46	38
295	8	10657	0	0	3	5	5	same	1	0	1	27.4	0	0	-76.94	-11.13	443.36	0	472.2	-0.1373	-15.0000	8	0	0	1	0	0	2	0	nue	RES	CC	999.0	688.5	0.435	0.92		0.5682	17041.2	0	3	1	0	0	0	29	28
295	9	163	0	0	6	23	23	same	9	0	0	55.4	0	0	-24.00	169.75	122.54	0	648.3	0.9741	-9.0037	4	0	1	0	0	0	2	0	nue	RES	CC	997.5	727.6	0.86	4.01		0.9947	10249.9	0	6	1	0	1	1	33	24
295	9	5740	0	0	1000001	10	10	same	2	0	1	73.1	1	1	86.66	28.89	46.06	0	1528.1	-0.6344	11.8334	40	0	0	1	1	0	1	0	nue	QE	CC	1512.6	1425.4	0.894	1.30		1.0294	34431.4	1	1000001	1	0	1	1	41	39
295	9	11595	0	0	1000001	8	8	same	13	0	1	53.4	0	0	181.40	-136.54	210.09	0	823.0	-0.4875	-2.8524	8	0	0	1	0	0	1	0	nue	QE	CC	787.6	762.2	0.123	17.44		0.2585	23727.9	1	1000001	1	0	1	1	18	5
295	9	12208	0	0	0	2	2	same	1	0	1	85.5	0	0	-177.85	-69.24	207.05	0	1439.0	-1.1771	3.7877	8	0	0	1	0	0	1	0	nue	QE	CC	1596.4	1551.6	0.841	24.36		0.9747	64945.7	0	0	1	0	1	1	48	47
295	11	2088	0	0	2	7	7	same	1	0	1	42.3	0	0	-37.21	52.90	101.27	0	593.9	-0.0104	-15.0000	8	0	0	1	0	0	3	1	nue	RES	CC	1045.7	695.0	1.333	0.91		1.4707	13638.6	0	2	1	0	0	0	15	14
295	11	2642	0	0	1000000	83	12	not_in_act	2	0	0	69.1	0	0	194.66	-199.85	194.09	0	1484.2	-1.3347	-15.0000	6	1	1	0	0	1	2	1	nue	MEC	CC	1787.0	1376.4	0.085	2.14		0.2160	36168.3	1	1000000	1	1	0	0	55	53
295	11	2939	0	0	1000000	12	12	same	1	0	1	169.1	0	0	113.28	-66.77	97.36	0	3569.4	-1.4816	10.9101	8	0	0	1	0	0	2	0	nue	DIS	CC	3661.7	3544.5	0.974	0.80		1.1108	84384.2	1	1000000	1	0	1	1	95	94
295	11	3106	0	0	3	17	17	same	3	0	1	64.0	0	0	-23.81	-109.12	184.36	0	943.0	-0.1085	12.7262	8	0	0	1	0	0	2	1	nue	MEC	CC	1043.5	920.0	1.031	1.03		1.1662	18705.8	0	3	1	0	1	1	26	23
295	11	4306	0	0	1000002	12	12	same	1	0	1	76.0	0	0	174.30	-95.00	341.10	0	894.0	-0.9286	14.1095	40	0	0	1	1	0	1	0	nue	MEC	CC	901.0	833.4	0.527	0.19		0.6616	25350.0	1	1000002	1	0	1	1	32	31
295	11	8404	0	0	10	25	25	same	2	0	0	59.5	1	1	-147.50	149.93	471.15	0	928.5	1.2877	4.3785	8	0	0	1	0	0	3	2	nue	DIS	CC	1727.0	575.2	0.891	0.72		1.0248	9254.2	0	10	1	0	1	1	20	18
295	11	8802	0	0	4	4	4	same	1	0	1	47.4	0	0	-50.23	-102.26	18.39	0	672.0	0.3308	1.0273	8	0	0	1	0	0	2	1	nue	MEC	CC	1118.0	952.3	0.705	3.92		0.8418	16302.7	0	4	1	0	1	1	32	31
295	11	10895	0	0	8	10	10	same	1	0	1	49.6	0	0	-26.29	140.22	397.56	0	400.4	2.0024	-15.0000	4	0	1	0	0	0	3	1	numu	QE	CC	468.4	322.4	1.156	2.26		1.2923	4880.8	0	8	1	0	0	0	2	1
295	11	10996	0	0	0	3	3	same	2	0	0	49.2	0	0	-188.17	195.69	59.99	0	1002.0	-1.5807	2.8236	8	0	0	1	0	0	1	0	nue	QE	CC	1562.6	1446.0	0.42	24.73		0.5553	54028.2	0	0	1	0	1	1	34	32
295	11	11170	0	0	4	5	5	same	1	0	1	52.0	0	0	-32.21	23.45	231.52	0	710.2	-0.3071	8.8123	8	0	0	1	0	0	2	1	nue	QE	CC	686.9	680.3	0.2	0.30		0.3356	15136.5	0	4	1	0	1	1	18	17
295	11	11262	0	0	1000001	18	16	in_act_not_selected	13	0	1	48.8	0	0	106.64	-135.05	55.79	0	1213.1	0.6045	-15.0000	4	0	1	0	0	0	2	1	nue	RES	CC	1416.3	1286.3	1.481	0.97		1.6173	27622.5	1	1000001	1	1	0	0	42	29
295	11	12047	0	0	1000010	20	20	same	2	0	1	211.6	0	0	-43.91	57.64	175.40	0	630.0	2.7102	-15.0000	4	0	1	0	0	0	3	1	numu	QE	CC	993.8	859.6	0.464	0.83		0.6040	8569.1	1	1000010	1	0	0	0	3	1
295	11	12047	1	1	0	30	30	same	33	1	0	81.3	1	1	-161.20	139.82	160.56	0	1506.3	0.0098	10.9352	40	0	0	1	1	0	3	2	nue	MEC	CC	1579.7	1390.5	1.295	0.85		1.4262	68187.7	0	0	1	0	1	1	36	3
295	14	919	0	0	1000005	17	17	same	11	0	0	150.7	0	0	104.29	-199.55	196.14	0	918.4	-3.0587	-15.0000	6	1	1	0	0	1	1	0	nue	RES	CC	1005.6	719.6	0.165	76.90		0.3026	9158.6	1	1000005	1	0	0	0	12	1
295	14	991	0	0	7	4	4	same	1	0	1	45.3	0	0	-102.60	48.52	208.93	0	414.5	0.1458	10.1208	8	0	0	1	0	0	1	0	nue	MEC	CC	483.7	413.9	0.614	1.96		0.7503	11954.9	0	7	1	0	1	1	11	10
295	14	2107	0	0	1000007	9	9	same	1	0	1	33.9	0	0	109.61	19.28	444.52	0	331.5	-1.5254	6.3670	8	0	0	1	0	0	2	1	nue	QE	CC	415.3	333.4	0.716	0.68		0.8520	7300.0	1	1000007	1	0	1	1	21	20
295	14	3037	0	0	1000000	14	14	same	2	0	1	74.5	0	0	103.52	97.03	278.64	0	1586.9	0.1039	11.0074	40	0	0	1	1	0	3	0	nue	QE	CC	1602.3	1518.3	0.561	0.71		0.6972	35849.7	1	14	1	0	1	1	35	33
295	14	3691	0	0	5	90	4	not_in_act	1	0	1	36.4	0	0	-66.76	-151.18	312.07	0	867.7	-0.6072	-11.1616	8	0	0	1	0	0	2	1	nue	RES	CC	2881.3	2626.6	0.71	150.41		0.8458	19571.1	0	5	1	1	1	1	34	33
295	14	4359	0	0	0	18	18	same	11	0	1	130.5	0	0	-102.25	143.99	16.11	0	2874.4	-0.0492	-15.0000	8	0	0	1	0	0	2	1	nue	DIS	CC	3463.6	2952.3	1.083	0.93		1.2167	49504.7	0	0	1	0	0	0	79	68
295	14	4868	0	0	1000008	15	15	same	1	0	0	25.1	0	0	116.28	-25.84	17.89	0	199.9	-1.2632	-15.0000	10	1	0	1	0	1	1	0	nue	QE	CC	304.0	136.6	1.368	1.10		1.5024	3432.0	1	1000008	1	0	0	0	3	2
295	14	6326	0	0	1000000	14	14	same	1	0	0	84.7	0	0	159.15	-125.77	374.54	0	1241.1	-1.8440	12.2520	40	0	0	1	1	0	3	2	nue	QE	CC	1287.5	1147.5	0.395	0.53		0.5314	32467.5	1	1000000	1	0	1	1	32	31
295	15	437	0	0	4	25	25	same	4	0	1	86.6	0	0	-38.74	64.07	302.65	0	1136.4	-1.0641	11.7346	40	0	0	1	1	0	1	0	nue	QE	CC	1090.9	1058.2	0.845	0.54		0.9815	20707.0	0	4	1	0	1	1	40	36
295	15	1396	0	0	3	24	24	same	7	0	1	40.5	0	0	-1.08	-194.68	74.76	0	330.7	-1.6842	-4.4772	8	0	0	1	0	0	1	0	nue	QE	CC	1220.7	679.7	0.669	37.21		0.8034	12600.5	0	3	1	0	1	1	8	1
295	15	2517	0	0	1000002	12	12	same	1	0	1	61.7	0	0	68.96	-161.45	48.03	0	961.1	-0.4747	2.1746	8	0	0	1	0	0	2	1	nue	QE	CC	954.0	928.4	1.33	2.44		1.4672	12485.4	1	1000002	1	0	1	1	25	24
295	15	4601	0	0	1000002	13	13	same	1	0	1	47.1	0	0	150.92	-69.14	99.34	0	865.4	-0.0246	3.6906	8	0	0	1	0	0	2	1	nue	RES	CC	1325.7	880.5	0.915	5.66		1.0498	24112.5	1	6	1	0	1	1	20	19
295	15	4775	0	0	1000007	9	9	same	1	0	1	46.2	0	0	79.67	-103.89	390.65	0	874.0	1.3669	-15.0000	10	1	0	1	0	1	1	0	nue	RES	CC	779.3	703.4	0.071	31.24		0.2093	16014.7	1	1000007	1	0	0	0	38	37
295	15	5001	0	0	1000000	18	18	same	4	0	0	117.1	0	0	104.47	166.02	294.69	0	2244.9	1.0295	11.8283	4	0	1	0	0	0	1	0	nue	RES	CC	2588.0	2266.6	0.789	1.43		0.9240	45125.8	1	8	1	0	1	1	52	48
295	15	5179	0	0	7	10	10	same	1	0	0	24.4	0	0	-67.76	-184.17	125.60	0	170.0	0.3734	-15.0000	8	0	0	1	0	0	1	0	nue	QE	CC	361.6	165.4	1.578	1.46		1.7160	3061.6	0	7	1	0	0	0	7	6
295	15	11089	0	0	6	22	22	same	11	0	0	43.7	0	0	-143.25	185.47	410.19	0	468.6	3.1129	-15.0000	4	0	1	0	0	0	3	1	numu	QE	CC	798.0	283.8	1.588	1.74		1.7211	8149.8	0	6	1	0	0	0	14	3
295	15	11845	0	0	2	10	10	same	1	0	1	48.7	0	0	-156.15	18.87	365.67	0	752.2	0.5214	7.7510	40	0	0	1	1	0	1	0	nue	MEC	CC	852.9	755.1	1.264	0.26		1.4002	18855.6	0	2	1	0	1	1	20	19
295	15	12403	0	0	1	20	20	same	45	1	1	115.5	1	1	-125.17	40.95	67.61	0	1595.4	-0.2145	11.6477	40	0	0	1	1	0	1	0	nue	QE	CC	1529.9	1502.9	1.464	0.32		1.6004	36109.2	0	1	1	0	1	1	45	0
295	16	1110	0	0	0	21	21	same	5	0	1	113.8	0	0	1.65	118.94	365.64	0	1701.1	0.3768	8.8249	4	0	1	0	0	0	2	0	nue	DIS	CC	2503.7	1825.7	0.584	3.06		0.7208	22615.5	0	0	1	0	1	1	59	54
295	16	3875	0	0	1000004	16	16	same	13	0	1	60.6	0	0	114.47	-36.39	4.99	0	719.5	-1.3757	5.2054	8	0	0	1	0	0	1	0	nue	QE	CC	919.8	804.5	0.384	1.62		0.5224	18045.2	1	1000004	1	0	1	1	28	15
295	16	4559	0	0	15	69	11	not_in_act	1	0	0	37.2	0	0	-194.87	193.96	464.23	0	375.1	-0.7799	-5.0639	8	0	0	1	0	0	2	1	nue	QE	CC	1871.6	355.1	0.301	0.90		0.4350	12145.0	0	15	1	1	1	1	4	3
295	16	8720	0	0	1000006	10	10	same	1	0	1	32.0	0	0	118.98	188.90	230.67	0	303.0	0.6503	7.6674	40	0	0	1	1	0	1	0	nue	QE	CC	350.5	412.2	0.296	1.20		0.4317	9663.4	1	1000006	1	0	1	1	19	18
295	16	9181	0	0	1000001	8	8	same	1	0	0	114.3	0	0	94.60	158.89	235.72	0	1534.5	-0.9068	6.8081	40	0	0	1	1	0	2	0	nue	RES	CC	1503.5	1370.8	0.203	4.96		0.3385	27251.0	1	1000001	1	0	1	1	34	33
295	16	9716	0	0	6	18	18	same	16	0	1	150.7	0	0	-29.42	-91.66	11.72	0	1901.7	-1.7695	10.1244	40	0	0	1	1	0	2	0	nue	RES	CC	3049.7	2267.4	1.348	3.06		1.4835	23260.4	0	6	1	0	1	1	60	44
295	16	10918	0	0	5	24	24	same	10	1	1	41.1	1	1	26.48	117.69	216.21	0	413.4	-1.0110	-15.0000	4	0	1	0	0	0	3	1	nue	QE	CC	301.3	281.9	0.22	16.45		0.2922	6200.8	0	5	1	0	0	0	15	5
295	16	12155	0	0	4	18	18	same	1	0	1	94.5	0	0	17.40	99.73	179.11	0	907.9	0.5775	13.3355	4	0	1	0	0	0	1	0	nue	QE	CC	1310.9	1019.6	1.524	0.83		1.6595	15010.3	0	4	1	0	1	1	33	32
295	18	6314	0	0	1000001	14	14	same	1	0	1	113.7	0	0	27.30	-171.06	83.70	0	1674.0	-1.2987	12.6467	40	0	0	1	1	0	1	0	nue	QE	CC	1630.3	1600.4	0.478	2.50		0.6148	26251.0	1	1000001	1	0	1	1	26	25
295	18	7461	0	0	0	5	5	same	1	0	0	110.7	0	0	-82.11	174.65	399.97	0	2920.1	-1.0589	9.3763	40	0	0	1	1	0	6	4	nue	QE	CC	3278.8	2635.9	1.266	1.33		1.4010	29773.1	0	0	1	0	1	1	38	37
295	18	7595	0	0	1	3	3	same	1	0	1	65.9	0	0	-161.70	91.29	135.63	0	773.0	1.3631	-6.0518	4	0	1	0	0	0	4	0	nue	QE	CC	827.6	799.8	0.574	38.26		0.7091	24227.0	0	1	1	0	1	1	26	25
295	18	11633	0	0	5	6	6	same	2	0	0	119.2	0	0	-177.54	-65.76	84.38	0	934.5	1.6250	-15.0000	8	0	0	1	0	0	2	1	nue	MEC	CC	990.8	724.8	0.782	0.07		0.9153	19066.1	0	5	1	0	0	0	6	4
295	19	2504	0	0	1	15	15	same	1	0	0	131.1	0	0	-113.20	-152.51	5.41	0	1561.1	0.4652	11.0213	40	0	0	1	1	0	1	0	nue	QE	CC	1613.0	1572.9	1.122	0.90		1.2576	26271.8	0	1	1	0	1	1	26	25
295	19	4424	0	0	5	7	7	same	2	0	0	30.4	0	0	-48.98	177.95	450.33	0	764.3	-0.5906	-6.7129	8	0	0	1	0	0	1	0	nue	COH	CC	1940.9	882.6	0.831	30.00		0.9668	11747.9	0	5	1	0	1	1	17	15
295	19	5663	0	0	1000006	22	22	same	2	0	1	42.1	0	0	93.42	-23.72	400.28	0	266.6	-1.3527	9.2059	8	0	0	1	0	0	3	2	nue	RES	CC	440.1	281.8	0.337	0.76		0.4736	5835.4	1	1000006	1	0	1	1	13	11
295	19	6342	0	0	1000006	20	20	same	1	0	0	56.7	0	0	114.23	168.29	258.66	0	370.1	0.9819	5.9841	8	0	0	1	0	0	3	0	nue	QE	CC	733.4	348.8	0.615	0.98		0.7503	8304.8	1	1000006	1	0	1	1	3	2
295	19	6882	0	0	0	5	5	same	2	0	0	78.4	0	0	-174.06	36.31	301.67	0	2178.6	0.2245	12.4277	40	0	0	1	1	0	1	0	nue	QE	CC	2246.3	2077.4	0.79	0.19		0.9240	60666.4	0	0	1	0	1	1	41	39
295	19	7190	0	0	1	19	18	in_act_not_selected	9	0	0	72.5	0	0	-50.29	-147.01	374.29	0	2287.2	-0.5723	9.8945	40	0	0	1	1	0	1	0	nue	RES	CC	3217.3	2153.0	0.129	1.57		0.2656	33489.8	0	1	1	1	1	1	37	28
295	19	7199	0	0	1000004	32	32	same	34	1	0	64.9	1	1	-19.01	3.32	8.81	0	1174.0	0.3211	6.8949	8	0	0	1	0	0	2	1	nue	DIS	CC	2352.5	1803.7	0.346	3.92		0.4822	11951.6	1	4	1	0	1	1	35	1
295	19	7368	0	0	6	8	8	same	1	0	0	78.1	0	0	-88.07	173.35	223.54	0	552.6	0.3628	7.0416	8	0	0	1	0	0	1	0	nue	QE	CC	848.6	525.9	0.275	1.37		0.4108	8575.2	0	6	1	0	1	1	8	7
295	19	7805	0	0	1000008	18	18	same	4	0	1	15.2	0	0	117.18	88.68	203.88	0	430.8	-0.5195	-15.0000	8	0	0	1	0	0	3	2	nue	RES	CC	563.0	211.6	1.167	30.54		1.3020	6897.8	1	1000008	1	0	0	0	19	15
295	19	8916	0	0	3	1	1	same	1	0	1	65.0	0	0	-114.23	-145.60	168.95	0	904.9	-0.7078	15.6536	40	0	0	1	1	0	3	1	nue	QE	CC	849.9	817.4	1.258	0.54		1.3941	20895.9	0	3	1	0	1	1	36	35
295	19	9236	0	0	12	9	9	same	1	0	0	177.7	0	0	-103.74	199.80	446.23	0	536.9	-2.7733	-15.0000	6	1	1	0	0	1	2	1	nue	DIS	CC	3356.9	43.3	1.441	144.33		1.5786	4928.7	0	12	1	0	0	0	2	1
295	19	9326	0	0	0	4	4	same	1	0	1	126.2	0	0	-90.66	-36.36	195.38	0	1650.6	-0.0935	13.3014	40	0	0	1	1	0	2	0	nue	RES	CC	1925.9	1751.1	0.919	0.50		1.0558	41847.2	0	0	1	0	1	1	44	43
295	22	832	0	0	2	90	21	not_in_act	7	0	1	79.9	0	0	-31.86	-119.80	365.89	0	1044.0	-0.3988	-5.9338	8	0	0	1	0	0	2	0	nue	RES	CC	1468.5	1407.3	0.807	46.26		0.9428	25665.6	0	2	1	1	1	1	50	43
295	22	1901	0	0	1000006	9	9	same	1	0	0	1.0	0	0	0.00	0.00	0.00	1	0.0	-1.9417	-15.0000	0	0	0	0	0	0	1	-1				-1	-1	-1	-1		0.5302	3285.3	1	16	0	0	0	0	1	0
295	22	2850	0	0	1000001	13	13	same	2	0	1	25.6	0	0	90.54	85.54	105.58	0	590.4	-0.4344	-15.0000	8	0	0	1	0	0	3	0	nue	RES	CC	872.4	695.4	1.276	0.75		1.4103	18743.6	1	1000001	1	0	0	0	32	30
295	22	3240	0	0	5	8	8	same	1	0	1	27.4	0	0	-92.93	-37.38	256.32	0	438.6	-0.2787	-15.0000	8	0	0	1	0	0	4	3	nue	QE	CC	384.4	358.3	1.223	28.22		1.3579	9561.9	0	5	1	0	0	0	6	5
295	22	4612	0	0	1000002	42	8	not_in_act	14	0	1	11.4	1	1	64.26	-98.86	332.73	0	284.3	-0.8293	-15.0000	8	0	0	1	0	0	1	0	nue	RES	CC	1232.2	787.6	0.923	0.90		1.0583	12355.2	1	4	1	1	0	0	26	12
295	22	6041	0	0	2	22	22	same	8	0	1	100.0	0	0	-92.89	-42.39	61.37	0	1709.4	1.3026	7.7082	36	0	1	0	1	0	1	0	nue	RES	CC	1899.3	1662.3	0.686	1.24		0.8222	36179.3	0	2	1	0	1	1	40	32
295	22	7093	0	0	1000005	13	13	same	1	0	0	205.0	0	0	75.88	180.02	328.95	0	904.1	3.0294	-15.0000	4	0	1	0	0	0	2	1	numu	QE	CC	1195.5	859.0	1.191	2.17		1.3268	11381.8	1	1000005	1	0	0	0	9	8
295	22	7093	1	1	2	61	5	not_in_act	1	0	1	53.8	0	0	-130.13	59.52	421.17	0	830.7	0.6524	12.4976	40	0	0	1	1	0	2	0	nue	QE	CC	878.4	800.8	1.288	0.25		1.4211	17346.1	0	2	1	1	1	1	19	18
295	22	11177	0	0	1000000	12	12	same	2	0	0	60.1	0	0	179.74	169.93	122.31	0	891.6	2.3051	4.6945	4	0	1	0	0	0	2	0	nue	RES	CC	1339.2	936.7	0.991	0.52		1.1253	27737.8	1	1000000	1	0	1	1	17	15
295	22	11337	0	0	0	2	2	same	1	0	1	88.3	0	0	-140.60	127.16	247.91	0	1625.7	-0.7011	-15.0000	4	0	1	0	0	0	2	0	nue	DIS	CC	1877.7	1562.4	1.336	39.12		1.4722	43794.8	0	0	1	0	0	0	60	59
295	26	1502	0	0	1	30	2	not_in_act	1	0	1	51.0	0	0	-123.31	55.56	156.72	0	732.2	-0.6559	-15.0000	8	0	0	1	0	0	3	1	nue	QE	CC	940.1	898.3	0.424	51.03		0.5606	26667.3	0	1	1	1	0	0	26	25
295	26	2592	0	0	0	4	4	same	2	0	0	14.7	0	0	-182.39	-109.03	419.64	0	270.0	-0.2318	-15.0000	6	1	1	0	0	1	2	0	nue	MEC	CC	922.9	422.3	1.114	10.68		1.2481	24259.8	0	0	1	0	0	0	14	12
295	26	2940	0	0	0	3	3	same	1	0	1	120.9	0	0	-59.31	93.37	205.70	0	1937.6	-0.4984	0.6521	8	0	0	1	0	0	3	1	nue	QE	CC	1887.6	1840.1	1.52	58.37		1.6569	40517.2	0	0	1	0	1	1	64	63
295	26	5199	0	0	1000004	15	15	same	2	0	0	66.9	0	0	78.88	-160.86	461.74	0	582.9	1.3955	-15.0000	6	1	1	0	0	1	2	0	nue	RES	CC	1208.2	484.4	0.568	3.60		0.7046	6588.1	1	18	1	0	0	0	8	6
295	26	6671	0	0	4	5	5	same	2	0	0	58.1	0	0	-189.28	94.17	197.55	0	661.1	0.6663	-15.0000	4	0	1	0	0	0	2	0	nue	RES	CC	960.4	545.3	0.917	0.79		1.0473	47918.4	0	4	1	0	0	0	14	12
295	26	8710	0	0	6	22	22	same	8	0	0	74.5	0	0	-65.29	179.77	422.92	0	1080.4	2.4288	0.2555	4	0	1	0	0	0	1	0	nue	DIS	CC	1280.9	865.9	0.719	1.54		0.8525	9954.2	0	6	1	0	1	1	40	32
295	26	9821	0	0	9	27	27	same	22	1	0	251.3	1	1	-60.43	-150.19	208.50	0	1061.7	4.0535	2.6047	4	0	1	0	0	0	1	0	nue	DIS	CC	2550.4	910.3	0.843	0.94		0.9794	17149.9	0	9	1	0	1	1	25	3
295	26	11582	0	0	3	17	17	same	2	0	1	48.1	0	0	-78.16	79.90	343.57	0	766.1	0.4230	-4.6422	8	0	0	1	0	0	1	0	nue	RES	CC	1162.4	721.5	0.639	26.23		0.7769	14544.7	0	3	1	0	1	1	25	23
295	28	484	0	0	5	5	5	same	1	0	1	86.0	0	0	-43.24	50.00	286.69	0	869.8	-0.6261	11.0597	40	0	0	1	1	0	1	0	nue	MEC	CC	975.1	987.2	1.092	1.39		1.2285	21815.4	0	5	1	0	1	1	37	36
295	28	1038	0	0	1000000	14	14	same	1	0	1	127.0	0	0	66.69	-139.00	213.39	0	1546.7	2.6394	-15.0000	10	1	0	1	0	1	2	0	nue	RES	CC	2361.7	2149.8	0.521	14.27		0.6588	43773.4	1	1000000	1	0	0	0	54	53
295	28	2730	0	0	1000003	8	8	same	1	0	0	45.4	0	0	7.04	-124.99	468.96	0	468.0	0.3866	-15.0000	8	0	0	1	0	0	1	0	nue	QE	CC	3302.7	636.0	1.327	2.48		1.4596	10700.8	1	7	1	0	0	0	5	4
295	28	5312	0	0	0	24	24	same	34	1	1	169.3	1	1	-71.93	59.81	176.40	0	1438.1	0.6453	2.2952	8	0	0	1	0	0	2	1	nue	QE	CC	1354.8	1241.2	0.936	3.85		1.0731	27466.6	0	0	1	0	1	1	43	9
295	28	7724	0	0	1000000	22	22	same	29	0	1	144.7	0	0	95.55	99.28	148.37	0	2873.7	-0.6864	10.4077	40	0	0	1	1	0	2	0	nue	DIS	CC	3865.1	3151.5	0.765	1.45		0.8995	84803.9	1	26	1	0	1	1	85	56
295	28	8668	0	0	0	11	11	same	6	0	1	109.6	0	0	-0.88	-129.14	224.03	0	1088.7	-0.4202	5.6869	40	0	0	1	1	0	2	1	nue	QE	CC	1516.1	1278.4	0.162	13.85		0.2955	20084.0	0	0	1	0	1	1	35	29
295	28	12220	0	0	1000002	21	21	same	1	0	0	84.2	0	0	117.76	178.31	190.66	0	1377.2	1.4414	-15.0000	4	0	1	0	0	0	2	1	nue	RES	CC	2293.8	1641.1	0.536	1.62		0.6718	33412.9	1	1000002	1	0	0	0	16	15
295	29	1145	0	0	1000008	30	30	same	8	0	1	46.7	0	0	17.88	158.84	336.26	0	856.5	0.3073	-5.8238	8	0	0	1	0	0	1	0	nue	RES	CC	1646.6	1166.7	0.526	47.65		0.6613	8569.1	1	5	1	0	1	1	32	24
295	29	2207	0	0	6	5	5	same	1	0	0	54.6	0	0	-42.03	-142.71	346.97	0	653.8	1.6248	14.2386	40	0	0	1	1	0	3	2	nue	QE	CC	829.1	649.3	0.695	1.43		0.8313	10769.7	0	6	1	0	1	1	16	15
295	29	4933	0	0	2	16	16	same	4	0	1	67.2	0	0	-86.95	137.14	361.70	0	1576.7	1.8303	-2.3254	4	0	1	0	0	0	2	1	nue	MEC	CC	1483.8	1443.6	0.183	38.37		0.3247	35687.9	0	2	1	0	1	1	30	26
295	29	5325	0	0	4	7	7	same	4	0	1	72.2	0	0	-97.18	66.24	389.54	0	1287.8	-1.7673	12.3141	40	0	0	1	1	0	1	0	nue	RES	CC	1319.5	1240.2	1.04	0.49		1.1762	25900.4	0	4	1	0	1	1	31	27
295	29	5577	0	0	1	17	17	same	3	0	1	52.0	0	0	-141.61	30.27	193.23	0	976.8	1.1355	-6.3625	8	0	0	1	0	0	3	0	nue	RES	CC	1492.5	1101.4	0.803	74.73		0.9393	32631.1	0	1	1	0	1	1	55	52
295	29	5892	0	0	1000000	16	16	same	4	0	1	59.2	0	0	47.08	-124.75	175.18	0	1834.8	-1.6965	5.2769	8	0	0	1	0	0	2	1	nue	RES	CC	2306.7	2044.0	0.594	5.45		0.7299	41632.8	1	12	1	0	1	1	66	62
295	29	9437	0	0	1000001	62	4	not_in_act	1	0	0	113.8	0	0	110.70	113.78	305.03	0	1055.2	0.0343	10.0592	40	0	0	1	1	0	1	0	nue	DIS	CC	1189.0	1051.3	0.071	0.67		0.2052	27380.4	1	1000001	1	1	1	1	25	24
295	31	650	0	0	1000001	30	30	same	1	0	1	113.4	0	0	158.96	-53.80	70.21	0	1189.9	0.8127	6.1845	8	0	0	1	0	0	2	0	nue	DIS	CC	2015.4	1372.5	0.175	1.01		0.3096	45758.9	1	1000001	1	0	1	1	42	41
295	31	1098	0	0	1000001	24	24	same	2	0	1	36.8	0	0	20.59	98.24	454.79	0	563.6	-0.7434	-5.3905	8	0	0	1	0	0	1	0	nue	RES	CC	1214.4	639.9	1.058	14.64		1.1928	9857.4	1	16	1	0	1	1	25	23
295	31	1953	0	0	1000002	29	29	same	30	1	0	64.5	1	1	164.85	166.99	65.55	0	1322.1	-0.5407	10.2641	40	0	0	1	1	0	2	1	nue	MEC	CC	1346.4	1280.1	0.858	0.64		0.9923	31086.8	1	1000002	1	0	1	1	30	0
295	31	2012	0	0	1	55	13	not_in_act	4	0	1	55.0	0	0	-148.59	-156.77	271.66	0	716.6	0.1274	-15.0000	8	0	0	1	0	0	2	1	nue	QE	CC	943.4	554.4	0.069	0.87		0.2008	28801.3	0	1	1	1	0	0	9	5
295	31	3244	0	0	1000004	12	12	same	1	0	1	55.2	0	0	95.53	5.79	324.32	0	617.9	-0.8887	10.9652	40	0	0	1	1	0	2	0	nue	RES	CC	716.4	618.8	1.299	0.86		1.4368	15166.4	1	1000004	1	0	1	1	19	18
295	31	3451	0	0	1000002	9	9	same	2	0	0	41.5	0	0	175.76	179.58	15.83	0	452.0	0.1798	10.7437	40	0	0	1	1	0	1	0	nue	MEC	CC	932.0	467.3	0.308	0.93		0.4432	14995.9	1	1000002	1	0	1	1	7	5
295	31	4252	0	0	0	3	3	same	1	0	0	87.6	0	0	-131.30	-3.87	1.17	0	1081.0	-2.0513	-0.9154	10	1	0	1	0	1	2	1	nue	DIS	CC	1600.2	1249.6	0.914	1.75		1.0510	29523.6	0	0	1	0	1	1	36	35
295	31	6215	0	0	4	11	8	in_act_not_selected	11	0	1	21.0	0	0	28.96	81.37	390.43	0	503.3	-0.3571	-15.0000	8	0	0	1	0	0	2	1	nue	MEC	CC	737.8	656.1	0.735	11.21		0.8704	4916.1	0	4	1	1	0	0	36	25
295	31	7209	0	0	1000003	14	14	same	3	0	1	73.4	0	0	7.63	-128.62	35.06	0	1490.5	-1.1243	9.2862	40	0	0	1	1	0	1	0	nue	QE	CC	1445.5	1414.4	0.799	2.84		0.9336	26659.7	1	19	1	0	1	1	52	49
295	31	7301	0	0	0	85	13	not_in_act	2	0	1	60.7	0	0	-96.83	14.97	205.64	0	924.0	-0.4842	-15.0000	8	0	0	1	0	0	2	1	nue	QE	CC	940.1	953.6	0.77	35.59		0.9074	27286.1	0	0	1	1	0	0	35	33
295	31	10812	0	0	0	16	16	same	3	0	1	89.5	0	0	-93.18	12.13	105.48	0	1288.9	0.3387	13.0450	40	0	0	1	1	0	1	0	nue	MEC	CC	1272.1	1215.8	1.313	0.60		1.4493	27943.7	0	0	1	0	1	1	40	37
295	32	1054	0	0	0	14	14	same	4	0	1	229.0	0	0	-79.19	-16.68	26.92	0	2128.3	1.4330	7.8144	36	0	1	0	1	0	1	0	nue	RES	CC	2502.0	2150.0	1.01	1.68		1.1467	40953.9	0	0	1	0	1	1	42	38
295	32	2577	0	0	1000003	9	9	same	6	0	1	52.3	0	0	78.00	44.70	121.50	0	434.4	-0.9533	-15.0000	8	0	0	1	0	0	3	1	nue	MEC	CC	722.3	653.3	0.766	0.82		0.9024	15193.5	1	14	1	0	0	0	23	17
295	32	2786	0	0	5	1	1	same	1	0	1	38.6	0	0	-95.38	47.77	67.27	0	390.3	-1.2543	9.5174	40	0	0	1	1	0	1	0	nue	QE	CC	483.1	503.3	0.935	0.70		1.0709	10850.8	0	5	1	0	1	1	34	33
295	32	6151	0	0	1000002	4	4	same	1	0	0	92.8	0	0	83.30	154.52	360.93	0	1646.2	-1.0017	10.5430	40	0	0	1	1	0	1	0	nue	QE	CC	1765.6	1553.5	1.114	4.06		1.2504	30030.4	1	1000002	1	0	1	1	54	53
295	32	6803	0	0	1000000	15	15	same	1	0	1	49.3	0	0	135.87	-116.39	182.47	0	852.4	-0.8499	-0.8212	8	0	0	1	0	0	1	0	nue	RES	CC	1564.0	1338.4	1.049	17.99		1.1869	32425.1	1	1000000	1	0	1	1	27	26
295	32	8159	0	0	8	7	7	same	2	0	0	46.3	0	0	-198.05	-21.52	15.45	0	569.5	-1.0716	-15.0000	6	1	1	0	0	1	2	1	nue	QE	CC	740.9	303.7	0.347	0.22		0.4793	23251.4	0	8	1	0	0	0	2	0
295	33	849	0	0	9	10	10	same	1	0	0	31.3	0	0	-77.60	-194.02	138.22	0	475.2	0.4074	-15.0000	8	0	0	1	0	0	3	0	nue	QE	CC	1723.9	565.3	0.216	4.86		0.3530	14464.9	0	9	1	0	0	0	9	8
295	33	2036	0	0	3	13	13	same	2	0	1	24.4	0	0	-170.82	-26.41	153.66	0	401.0	0.0733	-15.0000	8	0	0	1	0	0	1	0	nue	QE	CC	395.9	344.1	0.824	1.70		0.9584	12208.3	0	3	1	0	0	0	14	12
295	33	2616	0	0	8	8	8	same	1	0	0	54.1	0	0	-59.57	99.69	480.85	0	677.9	-0.0553	4.0379	8	0	0	1	0	0	1	0	nue	RES	CC	723.5	543.8	0.607	1.76		0.7441	6397.2	0	8	1	0	1	1	7	6
295	33	5601	0	0	1000000	12	12	same	1	0	1	84.3	0	0	104.50	-34.98	365.98	0	2043.8	-0.7336	12.1144	40	0	0	1	1	0	2	1	nue	QE	CC	2304.3	1895.3	0.774	0.58		0.9107	40079.0	1	1000000	1	0	1	1	43	42
295	33	6434	0	0	1000003	14	14	same	1	0	1	61.0	0	0	134.54	110.44	238.22	0	661.0	1.3884	-15.0000	4	0	1	0	0	0	2	0	nue	RES	CC	682.5	546.0	0.465	0.41		0.6008	18886.4	1	1000003	1	0	0	0	5	4
295	33	6636	0	0	1000005	13	13	same	3	0	1	86.4	1	1	120.70	-162.94	14.94	0	874.3	-0.9060	12.8433	40	0	0	1	1	0	1	0	nue	QE	CC	1006.5	817.1	1.046	0.31		1.1800	11601.1	1	1000005	1	0	1	1	21	18
295	33	7694	0	0	1	34	29	in_act_not_selected	21	0	0	73.8	0	0	-140.83	135.17	119.04	0	654.5	0.7860	-15.0000	4	0	1	0	0	0	2	1	nue	DIS	CC	2451.8	1202.1	0.875	120.20		1.0107	60155.6	0	1	1	1	0	0	39	18
295	33	9146	0	0	1000002	17	17	same	29	0	0	81.3	0	0	157.61	-180.75	31.86	0	1332.0	0.3730	-0.9024	8	0	0	1	0	0	1	0	nue	RES	CC	2567.7	1338.0	0.1	3.20		0.2324	29992.5	1	22	1	0	1	1	52	23
295	33	10318	0	0	8	22	22	same	5	0	1	40.2	0	0	-6.91	-40.83	83.95	0	512.7	-0.1698	4.9403	8	0	0	1	0	0	1	0	nue	RES	CC	514.0	369.7	0.86	0.94		0.9936	6402.7	0	8	1	0	1	1	6	1
295	33	10406	0	0	1000004	41	6	not_in_act	1	0	0	24.3	0	0	155.91	187.58	244.35	0	364.5	-0.7632	-15.0000	8	0	0	1	0	0	3	0	nue	RES	CC	865.4	342.7	0.843	46.63		0.9766	9430.0	1	1000004	1	1	0	0	19	18
295	33	10656	0	0	1000011	18	18	same	5	0	0	24.0	0	0	15.99	-191.74	390.96	0	298.6	2.4339	-2.3637	36	0	1	0	1	0	2	0	nue	RES	CC	1134.4	203.3	1.343	4.40		1.4762	3086.3	1	1000011	1	0	1	1	16	11
295	33	12161	0	0	1000003	11	11	same	2	0	1	47.6	0	0	81.53	29.89	65.19	0	567.6	0.3759	0.9111	8	0	0	1	0	0	1	0	nue	DIS	CC	1137.2	801.8	1.463	2.22		1.5976	17493.8	1	20	1	0	1	1	37	35
295	35	962	0	0	1000003	8	8	same	1	0	0	53.6	0	0	52.50	-37.22	455.05	0	689.6	1.3135	3.0370	8	0	0	1	0	0	1	0	nue	MEC	CC	1312.7	678.5	0.265	2.38		0.4016	12196.7	1	19	1	0	1	1	15	14
295	35	2593	0	0	0	2	2	same	1	0	1	85.0	0	0	-127.31	116.42	255.92	0	1532.2	-0.3952	9.7912	40	0	0	1	1	0	2	1	nue	MEC	CC	1473.4	1469.2	0.484	1.02		0.6206	37038.4	0	0	1	0	1	1	36	35
295	35	3113	0	0	0	114	19	not_in_act	22	0	1	72.6	0	0	-62.96	40.42	89.31	0	2193.2	-0.4599	-2.4949	8	0	0	1	0	0	2	1	nue	RES	CC	2386.9	2194.6	1.292	51.05		1.4291	44326.7	0	0	1	1	1	1	79	57
295	35	5016	0	0	1000000	15	15	same	35	0	1	111.9	0	0	28.11	131.15	302.61	0	1973.2	-0.6641	12.8924	40	0	0	1	1	0	2	1	nue	RES	CC	2662.4	2083.9	0.809	1.88		0.9466	38611.6	1	9	1	0	1	1	67	32
295	35	7870	0	0	0	2	2	same	1	0	0	71.3	0	0	-192.08	-135.97	456.44	0	2062.7	-0.5617	5.0201	8	0	0	1	0	0	1	0	nue	QE	CC	2987.1	1670.4	0.452	18.60		0.5867	50150.7	0	0	1	0	1	1	15	14
295	35	7904	0	0	2	19	19	same	10	0	1	65.7	0	0	-54.55	162.25	114.00	0	1067.3	1.0496	-15.0000	4	0	1	0	0	0	2	0	nue	DIS	CC	1674.5	1125.4	0.594	1.70		0.7307	20967.2	0	2	1	0	0	0	32	22
295	35	11945	0	0	1000002	12	12	same	2	0	0	74.9	0	0	166.68	35.56	106.16	0	1042.9	0.7988	14.8754	40	0	0	1	1	0	3	0	nue	MEC	CC	1383.3	1045.5	0.672	0.09		0.8068	46708.5	1	1000002	1	0	1	1	25	23
295	35	12368	0	0	0	2	2	same	1	0	1	101.0	0	0	-148.17	46.50	148.36	0	1929.4	-0.4871	10.3200	8	0	0	1	0	0	2	1	nue	QE	CC	1912.2	1901.4	0.842	0.33		0.9771	60385.6	0	0	1	0	1	1	48	47
295	37	1564	0	0	1000003	18	18	same	2	0	1	65.9	0	0	174.55	-139.37	128.80	0	636.7	-0.0265	11.7142	8	0	0	1	0	0	1	0	nue	MEC	CC	793.1	601.3	0.878	0.25		1.0107	15739.6	1	1000003	1	0	1	1	13	11
295	37	3827	0	0	1000000	18	11	in_act_not_selected	33	0	1	25.3	0	0	7.28	-36.60	101.28	0	1726.7	-1.3301	7.5613	40	0	0	1	1	0	3	1	nue	RES	CC	1826.4	1688.4	0.384	1.13		0.5195	35464.1	1	7	1	1	1	1	79	46
295	37	4353	0	0	1000003	8	8	same	1	0	1	57.0	0	0	113.14	45.30	447.32	0	829.0	0.1134	9.1115	8	0	0	1	0	0	2	1	nue	RES	CC	1331.5	981.5	1.288	1.04		1.4203	24273.7	1	1000003	1	0	1	1	29	28
295	37	5487	0	0	4	26	26	same	22	0	1	92.8	0	0	-64.17	-118.17	35.11	0	1290.5	0.1533	16.2556	40	0	0	1	1	0	1	0	nue	QE	CC	1272.0	1242.8	0.231	1.17		0.3684	25843.6	0	4	1	0	1	1	44	22
295	37	6933	0	0	0	77	17	in_act_not_selected	8	0	0	99.0	0	0	-162.06	-108.49	270.51	0	1904.1	0.0041	-15.0000	8	0	0	1	0	0	2	1	nue	RES	CC	3168.8	2475.3	0.333	59.89		0.4671	80534.8	0	0	1	1	0	0	43	35
295	37	7291	0	0	1000002	49	6	not_in_act	1	0	1	36.2	0	0	118.97	126.62	26.32	0	677.9	0.0508	-0.7356	8	0	0	1	0	0	1	0	nue	QE	CC	477.3	418.0	1.366	8.19		1.5028	8314.2	1	1000002	1	1	1	1	16	15
295	37	7797	0	0	0	20	20	same	13	0	1	57.1	0	0	-24.39	116.53	127.60	0	2209.3	-0.6465	6.6673	8	0	0	1	0	0	2	0	nue	DIS	CC	2861.7	2368.7	0.464	1.09		0.6012	47400.9	0	0	1	0	1	1	77	64
295	37	11819	0	0	1000000	13	13	same	2	0	0	97.0	0	0	193.88	-156.28	308.21	0	1567.0	0.3581	8.1059	36	0	1	0	1	0	1	0	nue	RES	CC	1557.2	1317.1	0.924	0.21		1.0592	34166.3	1	1000000	1	0	1	1	45	43
295	38	1266	0	0	1000006	15	15	same	1	0	0	93.4	0	0	55.35	49.72	456.15	0	1129.2	3.7247	-15.0000	4	0	1	0	0	0	3	0	nue	QE	CC	2493.4	899.8	0.776	1.91		0.9117	13980.7	1	16	1	0	0	0	8	7
295	38	2384	0	0	1000001	14	14	same	25	0	1	54.7	0	0	90.36	98.88	275.60	0	533.6	-0.6165	-15.0000	8	0	0	1	0	0	3	1	nue	QE	CC	356.2	251.7	1.526	125.41		1.6587	15633.6	1	1000001	1	0	0	0	29	4
295	38	2745	0	0	2	6	6	same	2	0	0	38.9	0	0	-95.04	102.57	412.93	0	1121.5	0.4132	8.1501	40	0	0	1	1	0	3	2	nue	RES	CC	1283.8	1154.9	1.324	0.72		1.4586	22910.7	0	2	1	0	1	1	41	39
295	38	3030	0	0	1000001	15	15	same	1	0	1	71.7	0	0	181.13	-81.49	165.87	0	513.9	1.3653	-15.0000	6	1	1	0	0	1	4	0	nue	MEC	CC	703.8	625.2	0.37	33.56		0.5058	14492.3	1	1000001	1	0	0	0	9	8
295	38	3550	0	0	1000012	68	20	not_in_act	2	0	1	39.0	0	0	74.40	58.36	156.35	0	364.6	-1.1094	-15.0000	8	0	0	1	0	0	1	0	nue	QE	CC	429.8	381.3	0.253	34.33		0.3914	9135.1	1	1000012	1	1	0	0	19	17
295	38	4848	0	0	6	3	3	same	1	0	1	36.3	0	0	-66.40	-6.21	305.05	0	332.4	0.2246	8.5706	40	0	0	1	1	0	2	0	nue	QE	CC	188.8	291.7	0.902	0.61		1.0380	7144.7	0	6	1	0	1	1	6	5
295	38	5714	0	0	4	21	21	same	4	0	0	60.5	0	0	-78.64	-152.43	363.99	0	1270.3	0.3618	-4.1046	8	0	0	1	0	0	2	0	nue	RES	CC	1948.6	1502.7	1.323	1.96		1.4613	28846.5	0	4	1	0	1	1	22	18
295	38	6252	0	0	3	9	9	same	3	0	1	192.4	0	0	-108.22	-142.63	69.29	0	1147.1	0.9946	6.6796	8	0	0	1	0	0	3	2	nue	RES	CC	1328.7	1217.1	0.253	0.36		0.3851	21919.2	0	3	1	0	1	1	36	33
295	38	7266	0	0	1000006	11	11	same	1	0	1	49.5	0	0	57.92	-75.08	319.49	0	705.2	0.3495	3.9938	8	0	0	1	0	0	1	0	nue	RES	CC	670.9	654.5	1.035	0.80		1.1703	13970.2	1	1000006	1	0	1	1	25	24
295	38	7699	0	0	0	68	6	not_in_act	2	0	0	57.7	0	0	-200.87	-52.47	432.22	0	1252.7	-1.6758	-5.2262	10	1	0	1	0	1	2	0	nue	RES	CC	2056.1	1158.9	1.078	2.54		1.2102	76918.8	0	0	1	1	1	1	45	43
295	38	8817	0	0	1000002	19	19	same	1	0	1	83.4	0	0	131.38	145.65	394.14	0	1078.3	-0.9887	13.0101	40	0	0	1	1	0	1	0	nue	QE	CC	1157.0	1090.2	0.908	0.66		1.0429	20250.4	1	1000002	1	0	1	1	17	16
295	38	10527	0	0	1000007	8	8	same	1	0	1	41.6	0	0	153.01	-191.84	309.28	0	312.0	0.1587	9.3042	40	0	0	1	1	0	3	2	nue	MEC	CC	282.8	286.6	0.486	0.37		0.6216	5178.9	1	1000007	1	0	1	1	12	11
295	38	10848	0	0	1000004	21	21	same	17	1	1	73.5	1	1	71.31	44.06	298.90	0	960.5	1.1185	-15.0000	8	0	0	1	0	0	3	2	nue	QE	CC	804.8	757.7	0.523	0.74		0.6597	23311.9	1	1000004	1	0	0	0	18	1
295	38	11960	0	0	8	19	19	same	2	1	0	34.7	1	1	-136.21	189.12	475.04	0	405.0	-0.3178	-15.0000	8	0	0	1	0	0	2	0	nue	QE	CC	768.6	245.5	0.776	0.31		0.9109	4662.2	0	8	1	0	0	0	7	5
295	40	1056	0	0	6	19	19	same	7	0	0	20.3	0	0	-58.43	105.12	494.16	0	352.0	-1.0407	-15.0000	6	1	1	0	0	1	3	0	nue	RES	CC	808.2	144.5	0.721	2.25		0.8592	3777.6	0	6	1	0	0	0	11	4
295	40	6016	0	0	1000003	35	35	same	4	0	1	47.7	0	0	0.92	-78.31	120.42	0	449.3	1.3393	-4.4588	8	0	0	1	0	0	2	0	nue	RES	CC	1527.2	992.9	0.405	5.77		0.5382	17284.7	1	14	1	0	1	1	13	9
295	40	6319	0	0	0	3	3	same	2	0	0	194.0	0	0	-154.15	72.57	212.13	0	827.9	5.0924	-15.0000	4	0	1	0	0	0	3	0	numu	RES	CC	1842.6	824.3	0.691	0.24		0.8286	57930.9	0	0	1	0	0	0	13	11
295	40	6865	0	0	0	106	2	not_in_act	1	0	1	158.5	0	0	-90.04	-17.89	163.92	0	3651.9	-1.5185	-15.0000	8	0	0	1	0	0	1	0	nue	QE	CC	3577.2	3583.9	0.369	17.07		0.5033	92762.2	0	0	1	1	0	0	74	73
295	40	7144	0	0	5	66	17	not_in_act	3	0	1	29.2	0	0	-116.08	164.03	67.08	0	697.7	0.0772	-15.0000	8	0	0	1	0	0	1	0	nue	MEC	CC	809.4	697.6	0.895	1.23		1.0279	11022.0	0	5	1	1	0	0	28	25
295	40	9657	0	0	1000005	38	14	not_in_act	1	0	1	42.6	0	0	167.33	-53.39	327.59	0	596.3	-0.4666	-15.0000	8	0	0	1	0	0	4	2	nue	QE	CC	608.4	582.6	1.377	31.20		1.5124	19806.6	1	1000005	1	1	0	0	22	21
295	40	10297	0	0	10	28	23	in_act_not_selected	12	0	0	263.6	0	0	-81.28	59.96	247.48	0	587.6	-0.7832	-15.0000	8	0	0	1	0	0	1	0	nue	MEC	CC	637.6	523.0	1.054	2.58		1.1900	13833.9	0	10	1	1	0	0	16	4
295	42	749	0	0	1000000	15	15	same	1	0	1	73.6	0	0	154.72	-48.75	132.82	0	1229.3	-0.5402	2.3794	40	0	0	1	1	0	2	0	nue	QE	CC	1275.4	1217.6	0.12	6.64		0.2540	42745.2	1	1000000	1	0	1	1	37	36
295	42	1505	0	0	9	7	7	same	2	0	0	41.2	0	0	-186.19	167.82	480.63	0	405.1	1.9723	-15.0000	4	0	1	0	0	0	2	0	nue	QE	CC	1081.8	161.4	0.15	0.38		0.2813	19168.0	0	9	1	0	0	0	4	2
295	42	1694	0	0	1000002	13	13	same	1	0	0	81.7	0	0	106.65	-193.08	14.42	0	1084.8	0.9770	10.1551	40	0	0	1	1	0	1	0	nue	QE	CC	1564.5	1189.7	0.781	0.81		0.9154	16873.8	1	1000002	1	0	1	1	18	17
295	42	5303	0	0	5	68	2	not_in_act	1	0	1	45.7	0	0	-72.97	-3.19	357.31	0	532.7	-0.8855	-15.0000	8	0	0	1	0	0	2	0	nue	QE	CC	557.5	597.8	1.494	38.40		1.6303	14590.8	0	5	1	1	0	0	31	30
295	42	7259	0	0	1000002	4	4	same	25	0	0	277.6	0	0	2.84	199.84	376.19	0	1291.0	-2.4156	-15.0000	6	1	1	0	0	1	1	0	nue	QE	CC	815.6	554.5	1.51	183.49		1.6438	15683.4	1	1000002	1	0	0	0	25	0
295	42	7930	0	0	1000002	14	14	same	2	0	0	81.9	1	1	115.51	-183.76	155.73	0	688.2	1.1613	10.5418	40	0	0	1	1	0	2	1	nue	QE	CC	1507.0	805.0	1.239	1.56		1.3721	19303.2	1	1000002	1	0	1	1	13	11
295	42	9059	0	0	1000000	15	15	same	31	1	0	115.0	1	1	35.15	180.04	177.53	0	2557.7	-0.5114	10.5334	40	0	0	1	1	0	1	0	nue	DIS	CC	3574.7	2571.2	1.296	3.50		1.4310	54946.2	1	6	1	0	1	1	31	0
295	42	9196	0	0	1	20	20	same	2	0	1	109.9	1	1	-99.35	9.43	212.44	0	1060.8	0.1527	8.7591	36	0	1	0	1	0	3	2	nue	RES	CC	1020.7	918.7	0.843	0.58		0.9777	24413.6	0	1	1	0	1	1	15	13
295	42	9569	0	0	1000003	22	22	same	3	0	1	100.2	0	0	14.71	34.11	301.04	0	1256.8	0.6221	-7.1381	8	0	0	1	0	0	2	1	nue	DIS	CC	2288.2	1787.1	0.258	0.59		0.3921	23035.5	1	2	1	0	1	1	17	14
295	42	12121	0	0	1000000	17	17	same	22	0	1	86.5	0	0	37.06	78.19	67.24	0	1900.3	-1.1949	9.6085	40	0	0	1	1	0	3	2	nue	RES	CC	1900.2	2053.9	1.181	1.74		1.3160	44564.2	1	8	1	0	1	1	59	37
295	47	372	0	0	1000002	68	14	not_in_act	14	0	1	35.3	0	0	156.70	-56.02	63.11	0	330.4	-1.1502	-15.0000	8	0	0	1	0	0	3	1	nue	QE	CC	619.8	546.9	1.007	0.41		1.1392	16972.5	1	12	1	1	0	0	26	12
295	47	3031	0	0	0	1	1	same	1	0	1	60.2	0	0	-121.71	16.54	374.86	0	1177.7	-0.9232	13.9815	40	0	0	1	1	0	1	0	nue	QE	CC	1153.5	1088.2	0.242	0.37		0.3772	31033.8	0	0	1	0	1	1	33	32
295	47	4499	0	0	0	3	3	same	2	0	1	106.7	0	0	-170.64	-13.65	279.84	0	1720.9	-0.5170	9.9462	40	0	0	1	1	0	3	0	nue	MEC	CC	1762.8	1610.0	1.53	3.37		1.6648	55588.5	0	0	1	0	1	1	48	46
295	47	6712	0	0	1000004	10	10	same	1	0	0	38.8	0	0	31.11	186.15	464.33	0	630.9	1.3245	13.4922	8	0	0	1	0	0	1	0	nue	QE	CC	668.4	621.6	0.907	2.37		1.0440	7030.6	1	1000004	1	0	1	1	27	26
295	47	8031	0	0	1000004	10	10	same	1	0	1	30.3	0	0	148.26	-144.99	221.59	0	547.3	-0.2222	-15.0000	4	0	1	0	0	0	3	0	nue	RES	CC	649.2	346.4	0.542	0.67		0.6756	8631.0	1	1000004	1	0	0	0	14	13
295	47	8588	0	0	0	10	10	same	30	0	1	106.6	0	0	-80.91	23.66	312.79	0	2287.9	-1.5692	7.1860	40	0	0	1	1	0	3	1	nue	QE	CC	2169.7	2097.7	1.51	1.63		1.6467	50045.9	0	0	1	0	1	1	72	42
295	47	8588	1	1	1000003	12	12	same	3	0	1	18.0	0	0	0.94	-167.52	201.94	0	320.7	-1.7594	-15.0000	10	1	0	1	0	1	3	0	numu	RES	CC	883.0	624.5	0.199	5.56		0.3328	4057.4	1	1000003	1	0	0	0	8	5
295	47	9807	0	0	1000007	18	18	same	1	0	1	3.2	0	0	74.47	-92.27	302.56	0	123.7	-1.6027	-15.0000	8	0	0	1	0	0	3	2	nue	RES	CC	2040.2	1223.8	0.36	201.09		0.5094	3495.5	1	1000007	1	0	0	0	10	9
295	47	11582	0	0	1000008	20	20	same	3	0	1	30.9	0	0	-4.23	-168.70	35.46	0	579.3	-0.9264	6.6187	8	0	0	1	0	0	2	0	nue	RES	CC	1064.4	754.8	0.573	1.05		0.7092	7361.6	1	6	1	0	1	1	24	21
295	49	2211	0	0	1000000	11	11	same	14	0	1	81.4	0	0	173.01	-83.69	63.65	0	2442.6	-0.9892	5.2801	8	0	0	1	0	0	2	0	nue	RES	CC	2924.8	2538.0	1.141	17.44		1.2743	88803.4	1	1000000	1	0	1	1	85	71
295	49	3304	0	0	3	8	8	same	1	0	0	35.0	0	0	-153.75	34.77	3.58	0	632.5	-0.6798	-15.0000	8	0	0	1	0	0	4	2	nue	QE	CC	591.7	577.4	0.95	6.12		1.0850	13026.2	0	3	1	0	0	0	21	20
295	49	3937	0	0	3	18	18	same	12	0	1	41.8	0	0	-44.00	-12.12	420.67	0	585.0	1.3169	5.8038	8	0	0	1	0	0	2	1	nue	MEC	CC	584.6	575.4	1.435	1.09		1.5702	10413.1	0	3	1	0	1	1	23	11
295	49	4285	0	0	1000002	77	21	not_in_act	4	0	0	59.6	0	0	138.15	-183.68	335.54	0	1517.7	1.1065	5.8630	40	0	0	1	1	0	1	0	nue	QE	CC	1530.8	1044.4	1.17	9.14		1.3072	24080.0	1	1000002	1	1	1	1	29	25
295	49	5942	0	0	1000009	27	27	same	3	0	0	67.1	0	0	172.73	119.04	0.05	0	344.3	-4.1896	-15.0000	6	1	1	0	0	1	2	0	nue	QE	CC	277.4	251.6	0.351	257.22		1.3504	8224.4	1	1000009	1	0	0	0	6	3
295	49	11128	0	0	4	22	18	in_act_not_selected	10	0	1	65.2	0	0	1.84	43.39	349.10	0	330.3	0.2286	-15.0000	8	0	0	1	0	0	2	1	nue	QE	CC	546.1	536.0	0.68	83.83		0.8143	10850.1	0	4	1	1	0	0	22	12
295	49	11289	0	0	6	20	20	same	21	1	1	100.7	1	1	-32.93	179.23	47.08	0	1258.1	-0.8265	11.4522	40	0	0	1	1	0	3	1	nue	QE	CC	1196.0	1171.8	1.293	1.83		1.4300	16085.2	0	6	1	0	1	1	30	9
295	51	739	0	0	1000001	14	14	same	1	0	1	56.5	0	0	157.91	78.55	220.47	0	937.2	-0.0187	2.7457	8	0	0	1	0	0	1	0	nue	DIS	CC	1402.5	1063.0	0.539	4.46		0.6754	42264.5	1	1000001	1	0	1	1	16	15
295	51	1195	0	0	9	99	26	not_in_act	13	0	1	52.4	0	0	-17.80	-41.23	312.15	0	861.0	0.8047	-15.0000	8	0	0	1	0	0	1	0	nue	DIS	CC	1933.6	1647.7	0.073	61.63		0.2059	12375.0	0	9	1	1	0	0	27	14
295	51	1636	0	0	1000006	23	23	same	4	0	1	54.7	0	0	45.14	-9.99	352.90	0	280.3	-0.7249	-15.0000	6	1	1	0	0	1	2	0	nue	QE	CC	320.2	277.1	0.392	0.44		0.7756	10426.3	1	14	1	0	0	0	16	12
295	51	3295	0	0	5	15	15	same	3	0	0	33.5	0	0	-191.19	-199.86	483.18	0	609.9	-1.1760	-15.0000	6	1	1	0	0	1	1	0	nue	DIS	CC	2323.1	363.9	1.456	0.08		1.5888	15167.2	0	5	1	0	0	0	14	11
295	51	6712	0	0	0	2	2	same	1	0	1	120.6	0	0	-104.27	80.62	332.62	0	2093.5	-0.7899	9.5283	40	0	0	1	1	0	2	0	nue	QE	CC	2973.3	2769.9	0.601	2.10		0.7376	56253.4	0	0	1	0	1	1	65	64
295	51	6798	0	0	1000009	62	14	not_in_act	1	0	1	36.0	0	0	130.80	60.13	28.85	0	418.7	-0.6406	-15.0000	8	0	0	1	0	0	3	0	nue	RES	CC	644.0	572.0	1.14	28.33		1.2724	12095.8	1	1000009	1	1	0	0	9	8
295	51	7214	0	0	0	13	13	same	13	0	0	118.5	0	0	-172.19	-187.88	318.09	0	2261.7	0.4623	5.1198	8	0	0	1	0	0	2	1	nue	DIS	CC	3077.2	2063.4	0.905	9.45		1.0387	59024.7	0	0	1	0	1	1	46	33
295	51	11153	0	0	0	23	23	same	5	0	1	74.1	0	0	-30.50	-28.08	341.66	0	1688.7	0.6603	7.3855	36	0	1	0	1	0	1	0	nue	DIS	CC	2253.5	1991.3	0.203	0.49		0.3383	41170.4	0	0	1	0	1	1	55	50
295	51	12073	0	0	1000005	6	6	same	1	0	1	57.5	0	0	133.28	191.84	464.65	0	729.6	1.1166	16.2556	40	0	0	1	1	0	1	0	nue	QE	CC	883.0	674.0	0.587	0.49		0.7224	9696.2	1	1000005	1	0	1	1	19	18
295	54	1887	0	0	1000004	12	12	same	1	0	1	46.6	0	0	186.39	-97.74	216.66	0	612.8	-0.0304	13.1095	40	0	0	1	1	0	3	0	nue	QE	CC	591.9	556.6	0.26	0.25		0.3959	15665.7	1	1000004	1	0	1	1	21	20
295	54	1972	0	0	1000002	14	14	same	1	0	1	59.1	0	0	73.87	-108.55	117.44	0	919.8	0.5121	10.9174	40	0	0	1	1	0	2	1	nue	RES	CC	874.8	867.1	1.031	0.91		1.1668	15809.7	1	20	1	0	1	1	39	38
295	54	2012	0	0	0	6	6	same	1	0	1	72.7	0	0	-109.02	-136.00	321.25	0	2161.6	-1.5888	11.2404	40	0	0	1	1	0	3	1	nue	MEC	CC	2167.7	2057.5	0.184	0.55		0.3205	42207.6	0	0	1	0	1	1	62	61
295	54	6565	0	0	1000002	14	14	same	1	0	1	109.2	0	0	166.45	-65.12	287.13	0	1880.5	-2.1865	13.1608	40	0	0	1	1	0	1	0	nue	QE	CC	1699.9	1641.5	1.094	1.89		1.2275	48477.6	1	1000002	1	0	1	1	45	44
295	54	6859	0	0	0	21	21	same	8	0	1	155.9	0	0	-75.01	20.27	237.64	0	2955.8	-0.9395	11.1957	8	0	0	1	0	0	2	1	nue	RES	CC	3045.7	2990.7	0.2	0.93		0.3365	73935.3	0	0	1	0	1	1	72	64
295	54	9621	0	0	1000013	52	8	not_in_act	1	0	1	23.0	0	0	135.80	143.71	22.37	0	297.6	-1.0031	-15.0000	8	0	0	1	0	0	3	2	nue	QE	CC	254.6	192.9	0.991	82.80		1.1280	2916.3	1	1000013	1	1	0	0	7	6
295	54	10541	0	0	9	21	21	same	6	0	0	68.0	0	0	-32.32	-68.30	452.54	0	347.7	-0.0804	-3.3533	4	0	1	0	0	0	2	1	nue	RES	CC	1427.6	533.4	1.043	5.15		1.1788	9827.5	0	9	1	0	1	1	17	11
295	54	11835	0	0	0	12	12	same	2	0	1	81.3	0	0	-172.02	166.25	324.60	0	885.2	0.4654	9.9545	40	0	0	1	1	0	3	2	nue	RES	CC	1410.5	880.2	1.474	0.34		1.6095	17349.5	0	0	1	0	1	1	15	13
295	54	12248	0	0	0	5	5	same	1	0	1	92.2	0	0	-66.75	123.13	195.14	0	1072.8	0.5274	15.6536	40	0	0	1	1	0	1	0	nue	QE	CC	1140.9	967.0	1.582	1.12		1.7173	21757.1	0	0	1	0	1	1	31	30
295	54	12469	0	0	0	18	18	same	4	0	1	115.3	0	0	-68.32	1.32	96.40	0	3252.3	0.9934	5.2650	4	0	1	0	0	0	3	0	nue	QE	CC	3315.9	3319.4	1.112	190.88		1.2490	75357.2	0	0	1	0	1	1	85	81
295	56	545	0	0	1000003	88	22	not_in_act	3	0	1	60.0	0	0	24.40	117.77	111.70	0	1162.2	0.6784	-15.0000	4	0	1	0	0	0	2	0	nue	RES	CC	1333.3	1019.0	0.804	0.79		0.9376	18945.2	1	8	1	1	0	0	28	25
295	56	875	0	0	1000003	8	8	same	1	0	0	34.8	0	0	50.67	164.99	274.74	0	542.4	-0.9207	13.6993	40	0	0	1	1	0	1	0	nue	QE	CC	696.5	431.5	1.109	2.61		1.2456	6797.1	1	1000003	1	0	1	1	13	12
295	56	1131	0	0	1000003	12	12	same	1	0	1	76.5	0	0	56.02	-1.66	125.89	0	1318.7	-0.7539	9.5055	8	0	0	1	0	0	1	0	nue	MEC	CC	1440.8	1316.8	0.597	2.91		0.7345	31349.5	1	1000003	1	0	1	1	32	31
295	56	2107	0	0	0	18	18	same	6	0	0	81.0	0	0	-1.50	-98.91	399.13	0	2272.6	0.1655	7.9904	8	0	0	1	0	0	1	0	nue	DIS	CC	2891.9	2280.0	1.302	1.95		1.4360	40147.7	0	0	1	0	1	1	47	41
295	56	3435	0	0	1000009	18	18	same	9	0	0	20.7	0	0	1.40	-194.36	445.87	0	290.2	-0.2535	-15.0000	8	0	0	1	0	0	2	0	nue	RES	CC	1112.8	443.6	1.286	3.62		1.4195	6463.9	1	7	1	0	0	0	13	4
295	56	4856	0	0	0	3	3	same	1	0	1	108.5	0	0	-96.99	90.36	20.27	0	2745.9	-0.4454	9.4533	40	0	0	1	1	0	2	1	nue	QE	CC	3109.8	3148.2	0.724	1.03		0.8594	66376.6	0	0	1	0	1	1	84	83
295	56	5346	0	0	1000000	16	16	same	7	0	1	153.0	0	0	19.39	-25.22	121.20	0	2080.4	-0.7669	12.9061	40	0	0	1	1	0	3	2	nue	QE	CC	2183.6	2108.9	0.48	0.61		0.6149	40147.6	1	3	1	0	1	1	70	63
295	56	5587	0	0	3	86	5	not_in_act	2	0	0	58.3	0	0	-68.40	-78.95	355.70	0	1341.0	1.3959	11.9439	40	0	0	1	1	0	2	1	nue	RES	CC	2571.7	1341.6	1.077	0.53		1.2118	35691.3	0	3	1	1	1	1	35	33
295	56	5587	1	1	1000009	16	16	same	1	0	0	54.1	0	0	53.84	-194.09	63.43	0	264.9	2.7394	-15.0000	4	0	1	0	0	0	2	0	numu	MEC	CC	1082.5	198.4	1.331	2.74		1.4693	5190.8	1	1000009	1	0	0	0	3	2
295	56	7785	0	0	1000002	35	13	not_in_act	6	0	0	48.5	0	0	72.51	117.83	413.70	0	661.5	-0.6860	11.3696	40	0	0	1	1	0	3	1	nue	QE	CC	1243.2	648.2	0.853	0.97		0.9910	14735.7	1	1000002	1	1	1	1	21	15
295	56	8257	0	0	2	17	17	same	8	0	1	61.2	0	0	3.72	-136.23	377.80	0	1123.8	-0.8128	6.3104	8	0	0	1	0	0	1	0	nue	QE	CC	1198.5	1098.3	1.588	1.72		1.7229	18165.0	0	2	1	0	1	1	51	43
295	56	10375	0	0	1000007	51	20	not_in_act	4	0	1	38.7	0	0	65.77	42.41	298.64	0	320.0	-1.3604	-15.0000	8	0	0	1	0	0	1	0	nue	RES	CC	596.0	462.6	0.166	74.01		0.3055	8691.6	1	6	1	1	0	0	16	12
295	56	10857	0	0	5	88	22	not_in_act	9	0	1	29.2	0	0	-92.61	-104.01	400.67	0	726.2	-0.0669	-15.0000	8	0	0	1	0	0	1	0	nue	RES	CC	758.2	600.7	1.19	0.46		1.3244	10828.0	0	5	1	1	0	0	33	24
295	56	11350	0	0	0	15	15	same	3	0	0	121.3	0	0	-179.88	45.34	48.65	0	2900.8	-0.2454	11.1212	40	0	0	1	1	0	1	0	nue	DIS	CC	3454.4	2454.6	1.481	0.38		1.6157	65095.4	0	0	1	0	1	1	79	76
295	57	311	0	0	1000002	12	12	same	2	0	0	117.9	0	0	117.88	188.99	267.64	0	1088.1	2.1791	-15.0000	4	0	1	0	0	0	3	2	nue	DIS	CC	2171.1	1178.9	0.221	1.11		0.3522	47392.7	1	1000002	1	0	0	0	14	12
295	57	601	0	0	1000009	22	22	same	18	1	1	34.8	1	1	50.99	-14.72	199.29	0	383.0	0.3047	-15.0000	4	0	1	0	0	0	2	0	nue	QE	CC	374.8	325.1	0.142	3.27		0.2788	4295.5	1	7	1	0	0	0	18	0
295	57	1910	0	0	1	56	4	not_in_act	1	0	1	69.0	0	0	-86.81	136.39	303.32	0	1423.5	0.2556	-15.0000	8	0	0	1	0	0	5	1	nue	QE	CC	1211.2	1177.2	0.902	2.80		1.0392	21890.8	0	1	1	1	0	0	34	33
295	57	2749	0	0	5	14	14	same	2	0	1	189.0	0	0	-87.62	-33.63	89.29	0	1071.2	1.1020	-15.0000	8	0	0	1	0	0	1	0	nue	RES	CC	1004.8	1134.1	1.01	0.50		1.1468	21599.4	0	5	1	0	0	0	25	23
295	57	3460	0	0	0	5	5	same	1	0	1	62.0	0	0	-166.30	17.58	239.27	0	674.4	-0.9535	6.8449	8	0	0	1	0	0	2	0	nue	QE	CC	727.5	675.1	0.483	0.20		0.6190	24751.2	0	0	1	0	1	1	34	33
295	57	3731	0	0	1000003	11	11	same	1	0	0	54.1	0	0	157.70	-158.85	188.33	0	1068.7	0.5464	2.1272	8	0	0	1	0	0	3	0	nue	RES	CC	1523.6	1183.0	0.993	8.35		1.1279	25335.8	1	1000003	1	0	1	1	35	34
295	57	5015	0	0	1000002	16	16	same	1	0	1	66.5	0	0	175.92	44.01	403.43	0	804.4	0.3724	13.9460	8	0	0	1	0	0	2	0	nue	QE	CC	797.9	740.9	0.112	0.07		0.2472	21554.3	1	1000002	1	0	1	1	22	21
295	57	5612	0	0	1000000	21	21	same	21	0	1	43.2	0	0	119.17	-16.35	210.86	0	1468.8	-0.5479	14.8085	40	0	0	1	1	0	2	0	nue	MEC	CC	1625.2	1516.3	1.164	0.71		1.3010	46899.8	1	1000000	1	0	1	1	52	31
295	57	7004	0	0	1000006	12	12	same	1	0	1	27.4	0	0	92.71	-138.05	202.26	0	411.0	-0.4598	-15.0000	8	0	0	1	0	0	1	0	nue	MEC	CC	348.9	289.3	0.352	0.98		0.4892	5173.1	1	1000006	1	0	0	0	2	1
295	57	7931	0	0	3	4	4	same	1	0	0	64.1	0	0	-126.35	75.80	435.02	0	890.3	-0.8034	9.7353	8	0	0	1	0	0	1	0	nue	DIS	CC	1617.4	1059.0	0.528	0.51		0.6640	21043.6	0	3	1	0	1	1	47	46
295	57	9079	0	0	1000007	8	8	same	1	0	0	46.2	0	0	175.91	119.24	465.00	0	346.8	1.2941	-2.4014	4	0	1	0	0	0	2	1	nue	QE	CC	1052.6	218.0	0.833	0.17		0.9649	13089.8	1	1000007	1	0	1	1	2	1
295	57	11189	0	0	1	9	9	same	2	0	1	37.0	0	0	-160.17	95.70	303.63	0	1483.6	-0.1657	-2.0980	8	0	0	1	0	0	2	1	nue	DIS	CC	1815.5	1505.2	0.223	1.57		0.3576	41340.3	0	1	1	0	1	1	44	42
295	57	11842	0	0	2	2	2	same	1	0	1	34.5	0	0	-137.34	111.25	311.04	0	313.8	-1.3716	-9.8857	8	0	0	1	0	0	2	0	nue	QE	CC	318.2	351.1	0.335	9.17		0.4689	7986.6	0	2	1	0	1	1	23	22
295	63	977	0	0	1000002	13	13	same	1	0	1	190.2	0	0	50.07	61.16	214.36	0	722.3	5.1295	-15.0000	4	0	1	0	0	0	4	0	numu	MEC	CC	850.9	673.9	0.35	0.55		0.4869	15782.4	1	1000002	1	0	0	0	3	2
295	63	977	1	1	2	20	20	same	27	1	0	76.9	1	1	-131.46	112.01	477.61	0	960.6	0.7617	7.7211	8	0	0	1	0	0	4	2	nue	RES	CC	869.8	644.5	1.024	0.57		1.1132	24873.0	0	2	1	0	1	1	38	11
295	63	3012	0	0	1000001	18	18	same	4	0	0	91.5	0	0	177.42	-128.18	195.18	0	1198.4	2.6707	-15.0000	4	0	1	0	0	0	2	1	nue	RES	CC	1917.2	1014.2	0.446	0.24		0.5797	27484.4	1	1000001	1	0	0	0	15	11
295	63	3115	0	0	1000000	10	10	same	1	0	1	100.5	0	0	164.16	-51.50	30.18	0	1769.5	-0.0355	11.8148	40	0	0	1	1	0	2	1	nue	RES	CC	2245.1	1992.1	0.211	0.08		0.3427	64690.1	1	1000000	1	0	1	1	55	54
295	63	3524	0	0	1	26	26	same	3	0	1	78.9	0	0	-116.41	146.52	117.49	0	1543.9	-0.5152	-0.9994	8	0	0	1	0	0	1	0	nue	QE	CC	1408.5	1408.6	0.219	18.51		0.3552	30951.9	0	1	1	0	1	1	58	55
295	63	3550	0	0	1000000	17	17	same	3	0	0	63.2	0	0	44.99	177.44	268.59	0	1976.3	-1.4256	10.6494	36	0	1	0	1	0	2	1	nue	QE	CC	2400.6	1795.2	1.416	3.01		1.5510	34335.9	1	6	1	0	1	1	76	73
295	63	10319	0	0	1	18	18	same	3	0	1	101.9	0	0	-94.03	-44.48	377.24	0	1436.4	0.7987	15.6536	36	0	1	0	1	0	1	0	nue	DIS	CC	2779.9	1891.7	1.342	0.46		1.4752	48709.1	0	1	1	0	1	1	38	35
295	63	11731	0	0	1000000	23	23	same	3	0	0	75.2	1	1	166.02	182.35	237.81	0	972.6	-0.2295	-2.3430	8	0	0	1	0	0	1	0	nue	DIS	CC	3725.6	1215.5	0.163	30.61		0.2975	50539.2	1	1000000	1	0	1	1	34	31
295	63	11900	0	0	0	11	11	same	13	0	1	104.4	0	0	-163.38	43.67	38.03	0	1388.5	-0.6312	7.5114	8	0	0	1	0	0	2	0	nue	MEC	CC	1501.5	1440.1	0.099	0.71		0.2328	40176.5	0	0	1	0	1	1	36	23
295	65	81	0	0	0	18	18	same	2	0	1	74.0	0	0	-12.70	-100.93	116.11	0	1375.0	-0.8368	13.1867	40	0	0	1	1	0	2	0	nue	RES	CC	2177.5	1387.4	0.139	1.87		0.2749	30386.8	0	0	1	0	1	1	57	55
295	65	363	0	0	0	3	3	same	2	0	0	62.4	0	0	-190.85	3.64	48.51	0	786.0	1.2912	-15.0000	8	0	0	1	0	0	2	0	nue	MEC	CC	2405.4	716.8	0.081	0.60		0.2160	38274.2	0	0	1	0	0	0	2	0
295	65	728	0	0	1000009	16	16	same	1	0	0	55.5	0	0	16.63	-191.84	173.66	0	477.3	0.9794	-15.0000	4	0	1	0	0	0	1	0	nue	QE	CC	731.9	321.4	1.091	5.64		1.2270	5646.4	1	11	1	0	0	0	7	6
295	65	1798	0	0	2	8	8	same	1	0	1	104.1	0	0	-91.50	-73.31	266.51	0	1290.4	0.3565	10.1515	8	0	0	1	0	0	1	0	nue	RES	CC	1341.5	1302.3	1.263	0.38		1.3992	32484.3	0	2	1	0	1	1	36	35
295	65	2307	0	0	1000006	12	12	same	1	0	1	57.3	0	0	151.92	-188.15	183.81	0	908.5	0.1344	9.3828	8	0	0	1	0	0	1	0	nue	RES	CC	1282.8	922.9	0.52	0.59		0.6529	16591.6	1	1000006	1	0	1	1	31	30
295	65	2538	0	0	9	22	22	same	3	0	1	70.8	0	0	-7.91	-65.21	108.45	0	727.9	-2.2894	-2.8765	8	0	0	1	0	0	1	0	nue	QE	CC	681.5	652.8	0.799	24.05		0.9332	11903.4	0	9	1	0	1	1	13	10
295	65	3681	0	0	5	7	7	same	1	0	1	91.5	0	0	-91.85	8.90	208.46	0	547.8	0.6563	2.7567	8	0	0	1	0	0	2	0	nue	MEC	CC	828.5	578.4	1.127	0.64		1.2638	14876.5	0	5	1	0	1	1	6	5
295	65	5969	0	0	1000001	12	12	same	4	0	1	110.3	0	0	95.37	24.82	92.50	0	1989.6	-1.6427	6.4436	40	0	0	1	1	0	2	0	nue	DIS	CC	2973.3	2620.5	0.517	4.51		0.6550	67847.9	1	18	1	0	1	1	50	46
295	65	5981	0	0	1000000	18	15	in_act_not_selected	9	0	1	78.4	0	0	75.90	-117.24	449.73	0	745.7	-0.3498	6.3079	8	0	0	1	0	0	2	0	nue	MEC	CC	2412.8	791.4	1.512	3.57		1.6489	18513.2	1	14	1	1	1	1	11	2
295	65	8475	0	0	1	1	1	same	1	0	0	69.7	0	0	-68.74	-113.70	453.97	0	647.4	1.6534	-15.0000	4	0	1	0	0	0	2	1	nue	DIS	CC	3302.4	1299.8	0.947	1.05		1.0824	25220.3	0	1	1	0	0	0	13	12
295	65	8837	0	0	1000012	25	25	same	19	0	0	388.9	0	0	29.49	-188.81	171.25	0	1642.2	2.3068	-15.0000	4	0	1	0	0	0	1	0	nue	QE	CC	667.3	575.8	0.973	288.65		1.1124	1268.7	1	6	1	0	0	0	19	0
295	65	8930	0	0	2	7	7	same	1	0	1	83.6	0	0	-115.15	-140.68	95.82	0	1257.3	0.0836	13.0376	40	0	0	1	1	0	3	0	nue	QE	CC	1276.6	1197.2	1.029	0.59		1.1639	21955.5	0	2	1	0	1	1	42	41
295	65	9067	0	0	1000001	16	16	same	10	0	1	109.0	1	1	79.11	-110.80	301.82	0	1508.7	-1.0753	-15.0000	8	0	0	1	0	0	1	0	nue	DIS	CC	3787.8	2860.3	1.527	0.81		1.6650	55315.4	1	7	1	0	0	0	60	50
295	65	10036	0	0	8	21	21	same	2	0	1	17.1	0	0	-34.57	31.51	164.90	0	316.9	-1.5650	-15.0000	8	0	0	1	0	0	1	0	nue	RES	CC	462.9	206.1	1.334	1.11		1.4701	3722.7	0	8	1	0	0	0	5	3
295	65	10796	0	0	1000000	16	16	same	2	0	1	41.2	0	0	30.79	3.89	26.79	0	1074.6	0.1930	3.9457	40	0	0	1	1	0	3	1	nue	DIS	CC	1682.6	1238.6	1.007	2.66		1.1432	22132.6	1	1000000	1	0	1	1	38	36
295	66	820	0	0	0	4	4	same	1	0	1	49.3	0	0	-153.50	-79.03	392.01	0	861.4	-0.0279	11.4097	40	0	0	1	1	0	2	1	nue	MEC	CC	915.3	793.7	0.604	1.32		0.7381	23939.1	0	0	1	0	1	1	23	22
295	66	1122	0	0	1000000	118	14	not_in_act	8	0	1	85.6	0	0	143.33	-160.47	285.13	0	2398.8	-1.6153	8.6662	40	0	0	1	1	0	3	0	nue	QE	CC	2351.7	2241.9	1.317	0.71		1.4543	51703.1	1	1000000	1	1	1	1	92	84
295	66	2287	0	0	1000001	19	19	same	9	0	1	123.1	0	0	88.49	-109.58	23.66	0	2261.8	-0.1778	7.9411	40	0	0	1	1	0	2	1	nue	RES	CC	3012.8	2528.5	0.515	1.86		0.6528	51267.2	1	7	1	0	1	1	85	76
295	66	2647	0	0	1000001	16	16	same	10	0	1	126.7	0	0	28.72	49.90	242.12	0	3181.9	0.2628	4.9938	36	0	1	0	1	0	3	2	nue	RES	CC	3105.4	2946.8	0.788	3.55		0.9246	67188.8	1	19	1	0	1	1	80	70
295	66	8174	0	0	1000001	14	14	same	1	0	1	199.6	0	0	150.89	118.20	69.54	0	953.8	2.7607	-15.0000	4	0	1	0	0	0	3	0	numu	RES	CC	1291.6	866.9	1.065	0.27		1.2013	23540.3	1	1000001	1	0	0	0	8	7
295	66	8252	0	0	1000005	15	15	same	2	0	0	53.6	0	0	-16.62	64.57	4.19	0	766.3	1.2593	11.7689	8	0	0	1	0	0	2	0	nue	MEC	CC	901.6	732.4	0.418	3.59		0.5537	6559.7	1	6	1	0	1	1	28	26
295	66	10727	0	0	1000000	24	24	same	1	0	0	66.7	0	0	151.31	-182.94	246.87	0	2111.8	-0.0780	11.9134	40	0	0	1	1	0	2	0	nue	RES	CC	3669.4	2293.6	0.105	0.39		0.2362	47098.2	1	1000000	1	0	1	1	61	60
295	66	11431	0	0	1000005	23	23	same	2	0	1	66.7	0	0	94.84	132.33	352.92	0	1360.0	-0.0746	-2.1069	8	0	0	1	0	0	2	0	nue	RES	CC	1404.0	1175.0	1.039	8.29		1.1745	21943.8	1	20	1	0	1	1	45	43
295	68	40	0	0	1000003	13	13	same	1	0	1	84.1	0	0	122.42	121.93	265.74	0	910.3	-0.1866	14.8754	40	0	0	1	1	0	2	0	nue	QE	CC	851.5	851.5	1.245	0.70		1.3800	20616.3	1	1000003	1	0	1	1	25	24
295	68	469	0	0	1000011	15	15	same	1	0	0	22.9	0	0	76.08	-193.91	354.91	0	312.6	0.4812	-15.0000	8	0	0	1	0	0	2	0	nue	RES	CC	671.6	353.6	0.942	6.10		1.0793	4744.7	1	1000011	1	0	0	0	1	0
295	68	978	0	0	1000001	11	11	same	2	0	0	99.0	0	0	156.74	160.89	-44.63	0	2440.0	-1.7023	2.7176	42	1	0	1	1	1	3	2	nue	RES	CC	3230.3	2512.9	1.197	85.90		1.3322	51192.2	1	1000001	1	0	1	1	47	45
295	68	2235	0	0	0	17	17	same	3	0	0	68.8	0	0	-163.07	-81.21	44.17	0	2440.0	-0.5253	3.4201	8	0	0	1	0	0	2	0	nue	DIS	CC	2474.2	2155.6	0.82	3.76		0.9496	85761.2	0	0	1	0	1	1	69	66
295	68	3580	0	0	1000001	2	2	same	1	0	1	97.1	0	0	168.83	-91.90	377.62	0	891.5	1.0365	11.7269	40	0	0	1	1	0	2	0	nue	QE	CC	1036.4	876.3	1.358	0.49		1.4930	24061.7	1	1000001	1	0	1	1	25	24
295	68	3777	0	0	7	60	17	not_in_act	5	0	0	47.9	1	1	-24.16	186.01	20.76	0	431.2	-0.9119	-15.0000	8	0	0	1	0	0	1	0	nue	RES	CC	760.7	477.6	0.647	15.97		0.7805	5093.8	0	7	1	1	0	0	14	9
295	68	4107	0	0	3	8	8	same	1	0	1	30.4	0	0	-94.61	119.10	41.57	0	576.0	-0.8124	-15.0000	10	1	0	1	0	1	3	1	nue	RES	CC	889.9	628.2	0.802	18.83		0.9380	11220.7	0	3	1	0	0	0	22	21
295	68	6468	0	0	1000007	68	10	not_in_act	1	0	1	63.1	0	0	142.23	-21.66	111.41	0	704.1	-1.6529	10.2714	40	0	0	1	1	0	2	1	nue	RES	CC	1007.8	756.2	0.367	0.53		0.5025	25549.6	1	1000007	1	1	1	1	16	15
295	68	8966	0	0	1000006	22	22	same	13	1	1	55.2	1	1	17.88	84.59	6.61	0	762.0	-0.0148	12.0702	8	0	0	1	0	0	1	0	nue	RES	CC	724.2	596.5	0.76	4.79		0.8949	8336.7	1	10	1	0	1	1	13	0
295	68	10227	0	0	0	12	12	same	15	0	1	81.5	0	0	-6.58	-50.46	467.12	0	1838.0	-1.3610	-15.0000	8	0	0	1	0	0	1	0	nue	COH	CC	2704.7	2092.4	0.15	71.80		0.2841	38162.4	0	0	1	0	0	0	33	18
295	68	12329	0	0	2	3	3	same	1	0	0	37.9	0	0	-35.98	-120.78	468.80	0	666.6	-1.0257	-15.0000	8	0	0	1	0	0	3	2	nue	RES	CC	1508.3	547.9	1.137	1.24		1.2720	9580.4	0	2	1	0	0	0	9	8
295	69	1924	0	0	1000003	47	6	not_in_act	1	0	1	30.9	0	0	94.58	113.37	13.51	0	511.1	-1.0147	7.9512	40	0	0	1	1	0	1	0	nue	QE	CC	546.6	563.5	0.42	1.61		0.5556	9342.9	1	1000003	1	1	1	1	14	13
295	69	4317	0	0	9	28	22	in_act_not_selected	19	0	1	100.7	0	0	4.33	-116.08	50.60	0	1497.2	1.3876	11.3253	4	0	1	0	0	0	1	0	nue	RES	CC	1818.2	1539.8	0.988	2.02		1.1242	10153.0	0	9	1	1	1	1	36	17
295	69	4623	0	0	1000001	8	8	same	1	0	0	66.8	0	0	126.97	-40.89	451.77	0	1070.0	0.3493	15.6536	40	0	0	1	1	0	2	1	nue	QE	CC	1534.6	960.5	0.398	0.55		0.5338	20770.1	1	1000001	1	0	1	1	9	8
295	69	4684	0	0	7	6	6	same	1	0	1	41.9	0	0	-99.17	180.56	455.19	0	562.1	-0.6236	-15.0000	4	0	1	0	0	0	1	0	nue	QE	CC	514.8	409.1	0.869	28.79		1.0018	4713.5	0	7	1	0	0	0	20	19
295	69	7293	0	0	1000010	27	27	same	16	1	0	30.3	1	1	60.59	101.62	496.71	0	1115.0	0.7807	-9.3124	8	0	0	1	0	0	2	1	nue	RES	CC	1032.0	351.3	0.551	14.92		0.6873	6561.3	1	19	1	0	1	1	20	4
295	69	7474	0	0	1000000	19	19	same	31	1	1	67.8	1	1	130.45	61.21	337.87	0	939.0	-0.5899	-2.3481	8	0	0	1	0	0	2	1	nue	RES	CC	1228.8	1029.1	0.319	2.95		0.4544	25417.6	1	1000000	1	0	1	1	34	3
295	69	8175	0	0	1	16	16	same	8	0	0	119.8	0	0	-96.15	170.76	382.74	0	2822.5	1.0118	8.3960	4	0	1	0	0	0	1	0	nue	DIS	CC	3007.1	2595.7	0.698	1.12		0.8340	34678.1	0	1	1	0	1	1	71	63
295	69	10190	0	0	1000002	8	8	same	1	0	0	150.4	0	0	120.64	183.35	377.94	0	1388.8	0.9950	11.5538	8	0	0	1	0	0	1	0	nue	RES	CC	1635.9	1053.2	1.323	1.43		1.4591	16513.6	1	1000002	1	0	1	1	19	18
295	69	11965	0	0	2	7	7	same	2	0	0	62.1	0	0	-179.70	200.19	286.52	0	932.6	-2.7181	-6.2946	10	1	0	1	0	1	1	0	nue	QE	CC	1501.3	887.7	0.619	53.67		0.7528	27161.7	0	2	1	0	1	1	18	16
295	70	1855	0	0	1000000	17	17	same	2	0	0	36.8	0	0	176.68	-52.38	390.66	0	523.7	0.2077	13.0784	40	0	0	1	1	0	1	0	nue	QE	CC	565.7	461.5	1.493	0.12		1.6253	25805.5	1	1000000	1	0	1	1	11	9
295	70	2925	0	0	1000000	11	11	same	6	0	0	131.1	1	1	44.64	-68.09	426.51	0	2576.7	0.7546	2.8685	8	0	0	1	0	0	1	0	nue	RES	CC	3501.2	2724.2	0.318	85.97		0.4549	53938.4	1	12	1	0	1	1	53	47
295	70	4226	0	0	1000000	6	6	same	1	0	1	96.2	0	0	45.60	-17.29	356.98	0	1300.4	-0.6089	4.1290	8	0	0	1	0	0	2	0	nue	DIS	CC	2019.8	1454.5	1.38	0.78		1.5164	30413.2	1	1000000	1	0	1	1	32	31
295	70	4226	1	1	4	13	13	same	3	0	1	59.0	1	1	-1.00	109.04	10.71	0	438.8	0.0625	-15.0000	4	0	1	0	0	0	2	1	numu	QE	CC	892.1	192.4	0.695	369.85		0.8419	4038.7	0	4	1	0	0	0	6	3
295	70	5418	0	0	3	18	18	same	3	0	0	71.2	0	0	-35.69	178.17	356.01	0	1318.5	-0.1081	15.3525	40	0	0	1	1	0	3	0	nue	MEC	CC	1760.8	1366.7	0.09	2.24		0.2250	14489.4	0	3	1	0	1	1	40	37
295	70	10348	0	0	5	14	14	same	5	0	0	10.7	0	0	-1.05	5.11	348.99	0	189.8	-1.5932	-15.0000	8	0	0	1	0	0	2	1	nue	QE	CC	199.8	163.7	0.28	10.11		0.4148	2867.1	0	5	1	0	0	0	12	7
295	70	10608	0	0	7	7	7	same	1	0	1	76.0	0	0	-41.40	-142.62	341.91	0	738.7	-0.0757	9.5479	40	0	0	1	1	0	1	0	nue	RES	CC	873.7	694.3	0.717	1.45		0.8515	11501.4	0	7	1	0	1	1	7	6
295	70	10953	0	0	0	3	3	same	2	0	0	59.5	0	0	-185.57	27.30	249.37	0	969.8	0.3221	0.5187	4	0	1	0	0	0	3	2	nue	RES	CC	1406.5	822.0	0.314	2.19		0.4474	56345.4	0	0	1	0	1	1	14	12
295	70	12474	0	0	3	6	6	same	2	0	0	70.8	0	0	-172.45	180.77	473.21	0	574.1	0.3153	7.6685	4	0	1	0	0	0	3	2	nue	DIS	CC	927.6	489.5	1.46	0.33		1.5912	22062.7	0	3	1	0	1	1	10	8
295	76	1107	0	0	1000003	55	14	not_in_act	1	0	1	51.5	0	0	73.41	32.43	14.42	0	691.3	-0.1413	13.6713	40	0	0	1	1	0	2	0	nue	MEC	CC	716.3	676.7	1.026	2.63		1.1643	13306.8	1	1000003	1	1	1	1	26	25
295	76	3364	0	0	9	5	5	same	1	0	0	52.1	0	0	-69.41	-178.58	433.05	0	395.3	0.2880	2.9864	8	0	0	1	0	0	1	0	nue	QE	CC	1467.0	620.9	0.908	1.26		1.0441	8940.6	0	9	1	0	1	1	2	1
295	76	5591	0	0	2	11	11	same	2	0	0	60.3	0	0	-168.90	154.48	210.72	0	597.7	1.8207	-15.0000	8	0	0	1	0	0	1	0	nue	DIS	CC	2895.2	737.3	1.242	35.37		1.3762	37636.0	0	2	1	0	0	0	32	30
295	76	6093	0	0	1000000	22	22	same	3	0	1	78.5	0	0	170.81	-10.58	416.24	0	1183.6	-0.6437	3.3124	8	0	0	1	0	0	1	0	nue	RES	CC	1960.3	1677.8	0.773	55.72		0.9096	44655.4	1	20	1	0	1	1	27	24
295	76	7817	0	0	1000005	83	27	not_in_act	1	0	0	37.8	0	0	108.68	113.58	439.84	0	829.8	-0.6927	-10.9540	8	0	0	1	0	0	1	0	nue	RES	CC	734.4	701.5	0.434	22.07		0.5701	13053.2	1	1000005	1	1	1	1	29	28
295	76	9610	0	0	10	7	7	same	2	0	0	84.9	0	0	-21.50	160.64	150.90	0	1138.6	1.6000	-3.9807	4	0	1	0	0	0	1	0	nue	RES	CC	1224.7	681.0	1.315	0.76		1.4505	10625.6	0	10	1	0	1	1	17	15
295	76	9892	0	0	1000002	21	15	in_act_not_selected	14	0	1	139.1	0	0	109.25	-61.44	173.05	0	464.5	-0.9962	-15.0000	8	0	0	1	0	0	2	0	nue	RES	CC	1797.2	1355.9	0.556	82.65		0.6940	35904.1	1	17	1	1	0	0	29	15
295	76	10307	0	0	4	16	16	same	7	0	1	36.6	0	0	-17.65	68.85	297.19	0	552.9	-0.2812	-15.0000	8	0	0	1	0	0	3	2	nue	DIS	CC	603.9	592.2	1.435	5.46		1.5678	14878.8	0	4	1	0	0	0	17	10
295	77	6248	0	0	1000000	17	17	same	1	0	1	243.1	0	0	55.23	64.54	308.94	0	1373.4	3.3497	-11.0082	4	0	1	0	0	0	2	1	numu	DIS	CC	1368.9	1209.6	0.733	0.79		0.8705	28090.5	1	1000000	1	0	1	1	30	29
295	77	6248	1	1	8	9	9	same	1	0	1	39.5	0	0	-112.21	90.59	165.46	0	679.5	0.6921	-15.0000	4	0	1	0	0	0	2	0	nue	MEC	CC	543.6	471.2	1.162	22.32		1.2973	13758.8	0	8	1	0	0	0	23	22
295	77	6475	0	0	1000000	16	16	same	2	0	0	91.8	0	0	159.57	51.04	355.77	0	1915.1	0.7143	12.0213	36	0	1	0	1	0	1	0	nue	RES	CC	1821.5	1744.8	1.547	0.48		1.6836	45646.1	1	1000000	1	0	1	1	53	51
295	77	6494	0	0	0	4	4	same	1	0	1	68.8	0	0	-123.68	69.79	76.59	0	761.7	-0.7147	-6.4401	8	0	0	1	0	0	2	1	nue	QE	CC	777.2	752.7	1.462	65.15		1.5974	16768.5	0	0	1	0	1	1	28	27
295	79	539	0	0	1000000	18	18	same	4	0	1	96.4	0	0	94.57	-143.26	22.21	0	1558.0	0.1854	12.2739	40	0	0	1	1	0	1	0	nue	MEC	CC	1914.0	1717.1	0.627	1.12		0.7626	27164.7	1	6	1	0	1	1	50	46
295	79	2674	0	0	1000003	9	9	same	1	0	1	76.8	0	0	114.79	111.22	47.94	0	920.9	-0.9548	7.0139	8	0	0	1	0	0	2	1	nue	QE	CC	1022.5	979.9	1.234	0.60		1.3710	22149.6	1	1000003	1	0	1	1	30	29
295	79	3787	0	0	3	27	27	same	13	0	1	33.4	0	0	-15.53	50.01	186.53	0	286.2	-0.0678	-0.4031	8	0	0	1	0	0	2	1	nue	QE	CC	459.5	432.9	1.034	0.20		1.1669	6606.9	0	3	1	0	1	1	16	3
295	79	4839	0	0	7	19	19	same	11	0	1	14.7	0	0	-54.42	45.04	228.08	0	167.9	-3.2928	-15.0000	10	1	0	1	0	1	3	1	numu	RES	NC	698.5	232.3	0.958	0.66		1.0940	4861.0	0	7	1	0	0	0	21	10
295	79	5864	0	0	1	3	3	same	1	0	1	126.2	0	0	-139.57	117.51	125.80	0	776.4	1.7586	7.9875	4	0	1	0	0	0	1	0	nue	RES	CC	809.2	721.1	0.764	0.20		0.9002	19072.9	0	1	1	0	1	1	19	18
295	79	8080	0	0	0	23	23	same	2	0	1	108.4	0	0	-82.94	7.05	250.74	0	1873.8	1.1246	0.6523	4	0	1	0	0	0	2	1	nue	DIS	CC	3790.7	2928.0	0.561	4.71		0.6978	72407.2	0	0	1	0	1	1	39	37
295	79	8108	0	0	2	83	11	not_in_act	5	0	1	59.3	0	0	-15.96	-15.15	214.02	0	1125.7	0.1017	3.2220	8	0	0	1	0	0	2	1	nue	QE	CC	1117.4	1064.8	0.271	79.16		0.4060	25730.0	0	2	1	1	1	1	38	33
295	79	10009	0	0	1000000	12	12	same	42	1	0	134.6	1	1	120.40	-175.19	112.44	0	1559.4	0.9482	-15.0000	6	1	1	0	0	1	2	1	nue	DIS	CC	1960.2	1515.6	0.952	16.15		1.0872	38260.7	1	1000000	1	0	0	0	45	3
295	81	164	0	0	0	16	16	same	9	0	1	106.5	0	0	-24.19	-140.93	247.60	0	1994.9	-0.5284	4.7118	8	0	0	1	0	0	1	0	nue	RES	CC	2023.0	1957.5	1.127	8.57		1.2631	36601.7	0	0	1	0	1	1	51	42
295	81	2868	0	0	0	15	15	same	36	0	1	189.3	0	0	-77.30	-86.48	79.06	0	2861.5	-0.4891	3.7959	40	0	0	1	1	0	1	0	nue	RES	CC	4101.6	3097.4	0.4	8.33		0.5369	61781.3	0	0	1	0	1	1	84	48
295	81	3265	0	0	1000004	12	12	same	1	0	0	30.6	0	0	110.30	-172.30	472.34	0	615.5	0.0574	-3.8120	8	0	0	1	0	0	1	0	nue	RES	CC	1395.8	717.9	1.062	4.88		1.1973	11009.9	1	1000004	1	0	1	1	24	23
295	81	3565	0	0	1000003	7	7	same	1	0	1	42.1	0	0	39.14	-51.66	399.93	0	637.9	1.4580	-15.0000	8	0	0	1	0	0	1	0	nue	QE	CC	537.8	490.7	0.849	1.13		0.9834	9381.7	1	1000003	1	0	0	0	16	15
295	81	5113	0	0	1000000	16	16	same	1	0	1	63.4	0	0	107.63	95.37	205.46	0	1450.2	0.0918	-15.0000	8	0	0	1	0	0	2	1	nue	RES	CC	2001.4	1715.0	0.788	0.64		0.9230	47115.3	1	9	1	0	0	0	40	39
295	81	6046	0	0	0	14	14	same	8	0	1	86.2	0	0	-88.74	-102.34	125.45	0	2147.4	-1.1560	8.8965	36	0	1	0	1	0	2	0	nue	RES	CC	2210.1	1958.4	0.86	0.49		0.9968	45117.9	0	0	1	0	1	1	59	51
295	81	6309	0	0	1	40	5	not_in_act	1	0	1	49.1	0	0	-188.31	107.69	46.92	0	680.0	-0.2351	-15.0000	8	0	0	1	0	0	2	1	nue	QE	CC	664.9	621.4	1.519	0.61		1.6539	24296.4	0	1	1	1	0	0	11	10
295	81	10273	0	0	0	6	6	same	1	0	1	87.6	0	0	-87.97	18.62	383.80	0	1933.4	-1.6137	14.0515	40	0	0	1	1	0	1	0	nue	QE	CC	2289.7	1991.6	0.568	0.67		0.7041	44820.1	0	0	1	0	1	1	34	33
295	81	10926	0	0	1000001	19	15	in_act_not_selected	11	0	1	73.6	0	0	137.86	171.16	304.78	0	993.6	0.6700	-15.0000	4	0	1	0	0	0	2	0	nue	QE	CC	1069.6	983.1	0.451	0.57		0.5875	27600.9	1	1000001	1	1	0	0	42	31
295	81	11842	0	0	1000000	13	13	same	12	0	0	76.2	0	0	192.66	163.36	153.03	0	2281.1	0.0307	7.3016	36	0	1	0	1	0	4	0	nue	COH	CC	2093.9	1969.8	1.145	0.60		1.2767	102475.4	1	1000000	1	0	1	1	62	50
295	82	1317	0	0	1000000	15	15	same	3	0	0	71.8	0	0	183.99	23.96	169.78	0	1140.6	0.6524	4.4689	8	0	0	1	0	0	3	0	nue	DIS	CC	2511.6	1483.6	0.859	0.33		0.9923	75476.1	1	11	1	0	1	1	39	36
295	82	2415	0	0	6	6	6	same	2	0	0	20.9	0	0	-187.28	54.16	58.14	0	186.4	-1.4723	-15.0000	8	0	0	1	0	0	2	0	numu	QE	NC	781.8	199.3	1.213	118.88		1.3501	10643.9	0	6	1	0	0	0	5	3
295	82	3511	0	0	1000001	89	15	not_in_act	1	0	1	99.0	0	0	80.97	-163.54	392.00	0	1935.7	-0.9714	8.6267	8	0	0	1	0	0	1	0	nue	DIS	CC	2746.2	2182.7	0.168	1.96		0.3034	30374.6	1	7	1	1	1	1	62	61
295	82	4230	0	0	1000009	58	21	not_in_act	8	0	0	53.9	0	0	-26.25	184.42	2.85	0	775.0	-1.0472	-15.0000	8	0	0	1	0	0	1	0	nue	RES	CC	1336.3	656.6	1.499	58.90		1.6332	7717.7	1	12	1	1	0	0	13	5
295	82	6771	0	0	0	12	12	same	2	0	0	84.9	0	0	-61.57	174.65	109.29	0	2142.1	-0.5597	12.4387	40	0	0	1	1	0	1	0	nue	QE	CC	2318.3	2098.7	1.088	2.13		1.2244	32065.2	0	0	1	0	1	1	40	38
295	82	6784	0	0	0	3	3	same	1	0	1	119.8	0	0	-57.39	-22.34	128.39	0	1528.2	0.1448	9.6177	40	0	0	1	1	0	2	0	nue	MEC	CC	1908.5	1478.6	1.066	1.64		1.2036	34326.0	0	0	1	0	1	1	42	41
295	82	8758	0	0	1000002	13	13	same	1	0	1	80.4	0	0	149.64	-25.18	334.27	0	1300.4	-0.7749	14.6993	40	0	0	1	1	0	3	1	nue	MEC	CC	1157.2	1180.5	0.374	0.40		0.5115	29021.5	1	1000002	1	0	1	1	20	19
295	82	9820	0	0	1000008	26	26	same	21	0	1	59.9	0	0	3.72	-147.02	231.34	0	624.1	-0.1958	-15.0000	4	0	1	0	0	0	2	0	nue	MEC	CC	1020.2	840.9	0.372	17.61		0.5057	10138.1	1	8	1	0	0	0	32	11
295	82	10554	0	0	1000008	11	11	same	1	0	1	33.6	0	0	73.93	-173.13	386.71	0	682.4	-0.3059	-1.3776	8	0	0	1	0	0	1	0	nue	RES	CC	912.7	536.1	1.075	5.29		1.2111	8049.3	1	14	1	0	1	1	15	14
295	83	73	0	0	1	6	6	same	2	0	1	96.2	0	0	-87.04	104.12	252.00	0	1033.5	1.8092	0.7141	4	0	1	0	0	0	1	0	nue	RES	CC	1209.8	966.2	0.731	1.95		0.8679	23310.9	0	1	1	0	1	1	31	29
295	83	1960	0	0	0	5	5	same	1	0	0	198.0	0	0	-150.60	-117.09	202.29	0	3095.9	0.7224	-15.0000	4	0	1	0	0	0	2	0	nue	DIS	CC	3857.0	3001.4	0.371	1.96		0.5057	100110.4	0	0	1	0	0	0	48	47
295	83	2274	0	0	0	25	25	same	13	0	0	131.2	1	1	-193.86	91.21	128.53	0	3504.0	-0.0428	8.4200	8	0	0	1	0	0	3	1	nue	DIS	CC	4294.4	3240.8	0.35	1.38		0.4848	114340.9	0	0	1	0	1	1	87	74
295	83	3328	0	0	1000001	15	15	same	2	0	0	115.0	0	0	153.54	34.79	421.79	0	2101.3	-0.3045	3.5599	4	0	1	0	0	0	2	0	nue	DIS	CC	2566.6	1651.4	0.207	13.74		0.3425	54119.5	1	1000001	1	0	1	1	32	30
295	83	4919	0	0	5	5	5	same	1	0	1	40.7	0	0	-144.77	-137.18	96.95	0	457.9	0.5565	10.8811	40	0	0	1	1	0	1	0	nue	QE	CC	577.0	427.9	0.896	0.93		1.0323	9332.1	0	5	1	0	1	1	10	9
295	83	5358	0	0	1000011	21	21	same	5	0	1	42.1	0	0	74.49	176.89	467.13	0	565.1	0.9643	-15.0000	6	1	1	0	0	1	2	0	nue	RES	CC	458.1	295.0	0.152	29.09		0.2899	3953.5	1	1000011	1	0	0	0	9	4
295	83	6119	0	0	3	3	3	same	1	0	1	63.3	0	0	-118.54	-97.27	46.83	0	785.7	1.2175	1.2153	8	0	0	1	0	0	1	0	nue	QE	CC	781.1	784.8	1.008	18.56		1.1416	16484.7	0	3	1	0	1	1	23	22
295	83	7234	0	0	1000001	24	24	same	13	0	1	109.0	0	0	44.10	-155.34	284.87	0	2447.7	-0.7727	-15.0000	8	0	0	1	0	0	1	0	nue	DIS	CC	3184.3	2591.2	0.676	1.18		0.8129	45220.3	1	17	1	0	0	0	64	51
295	83	7723	0	0	4	15	15	same	7	0	0	62.9	0	0	-11.50	-116.66	438.55	0	648.1	0.2646	-4.4477	4	0	1	0	0	0	1	0	nue	QE	CC	770.7	634.2	1.495	24.89		1.6289	11500.5	0	4	1	0	1	1	17	10
295	83	9499	0	0	1	33	4	not_in_act	1	0	1	54.9	0	0	-126.23	-119.74	280.63	0	527.6	-0.7673	-15.0000	8	0	0	1	0	0	1	0	nue	QE	CC	739.9	633.7	0.864	4.54		0.9986	16162.6	0	1	1	1	0	0	19	18
295	83	9583	0	0	1000001	19	19	same	41	0	1	94.4	0	0	92.06	-136.84	268.10	0	2120.0	0.0376	5.8254	8	0	0	1	0	0	1	0	nue	DIS	CC	2862.7	1936.3	0.487	2.37		0.6225	41951.9	1	1000001	1	0	1	1	65	24
295	83	10651	0	0	1000002	5	5	same	1	0	1	35.2	0	0	182.49	84.78	344.64	0	219.6	0.8290	-15.0000	4	0	1	0	0	0	3	2	nue	DIS	CC	1201.2	449.0	0.166	0.24		0.3014	26211.5	1	1000002	1	0	0	0	12	11
295	85	468	0	0	1	3	3	same	1	0	1	71.7	0	0	-71.08	-53.27	410.14	0	928.6	-0.2060	14.8085	40	0	0	1	1	0	2	0	nue	QE	CC	1048.0	815.0	1.038	0.61		1.1750	16621.4	0	1	1	0	1	1	23	22
295	85	1178	0	0	1000009	17	17	same	2	0	1	42.1	0	0	75.47	170.44	65.33	0	879.2	1.4385	-15.0000	4	0	1	0	0	0	4	1	nue	DIS	CC	1234.7	805.5	1.273	1.50		1.4099	12317.5	1	11	1	0	0	0	20	18
295	85	10885	0	0	6	23	23	same	2	0	0	278.3	0	0	29.95	-22.91	291.75	0	867.0	3.3897	-15.0000	4	0	1	0	0	0	2	0	numu	QE	CC	1043.5	740.5	0.731	0.41		0.8706	11857.8	0	6	1	0	0	0	9	7
295	85	10885	1	1	1000005	13	13	same	2	0	0	61.0	0	0	107.96	-74.53	462.26	0	754.1	0.9138	10.3236	8	0	0	1	0	0	2	1	nue	MEC	CC	830.0	646.1	0.948	0.61		1.0797	15783.3	1	1000005	1	0	1	1	15	13
295	86	279	0	0	10	8	8	same	1	0	1	56.7	0	0	-5.12	-127.29	46.93	0	715.4	-0.5449	12.1865	8	0	0	1	0	0	3	1	nue	QE	CC	808.2	802.4	1.256	1.58		1.3899	14568.6	0	10	1	0	1	1	17	16
295	86	610	0	0	2	6	6	same	1	0	0	103.9	0	0	-149.39	177.43	156.51	0	932.9	0.3791	-1.2195	40	0	0	1	1	0	3	2	nue	RES	CC	1253.8	918.9	1.164	0.58		1.2976	18608.5	0	2	1	0	1	1	13	12
295	86	2236	0	0	0	6	6	same	2	0	0	68.6	0	0	-160.73	185.23	37.93	0	1047.5	0.6380	14.5396	40	0	0	1	1	0	1	0	nue	QE	CC	1223.5	1210.2	0.118	0.22		0.2519	33557.5	0	0	1	0	1	1	28	26
295	86	3016	0	0	1000000	16	16	same	1	0	1	92.7	0	0	145.49	128.47	120.59	0	1993.2	-1.3013	6.4399	40	0	0	1	1	0	2	0	nue	QE	CC	2043.3	1998.1	0.594	1.04		0.7293	60603.2	1	1000000	1	0	1	1	44	43
295	86	6689	0	0	1	69	16	not_in_act	2	0	1	17.0	0	0	-171.52	-28.83	12.13	0	303.4	-0.3288	-3.9021	8	0	0	1	0	0	2	0	nue	RES	CC	514.6	346.1	0.61	2.47		0.7421	11008.2	0	1	1	1	1	1	11	9
295	86	7299	0	0	1000003	17	17	same	1	0	0	62.2	0	0	96.97	-182.67	471.08	0	642.8	0.4668	-4.9686	8	0	0	1	0	0	2	0	nue	QE	CC	841.2	662.4	0.965	30.78		1.1009	10616.8	1	1000003	1	0	1	1	8	7
295	86	7299	1	1	4	22	22	same	1	0	1	57.0	0	0	-47.58	-160.04	251.87	0	615.1	0.0898	-1.7201	4	0	1	0	0	0	2	1	numu	RES	NC	1167.9	945.8	1.566	1.95		1.7014	16181.2	0	4	1	0	1	1	29	28
295	86	9681	0	0	1000003	11	11	same	1	0	1	44.9	0	0	4.81	52.39	258.19	0	484.5	-1.0295	10.4527	8	0	0	1	0	0	2	0	nue	QE	CC	482.8	479.9	0.639	0.83		0.7735	11120.0	1	1000003	1	0	1	1	23	22
295	86	12381	0	0	2	5	5	same	2	0	0	118.9	0	0	-175.13	58.13	307.04	0	1087.9	3.6551	-15.0000	4	0	1	0	0	0	2	0	numu	RES	CC	1384.0	752.3	1.223	0.08		1.3568	24670.7	0	2	1	0	0	0	9	7
295	86	12381	1	1	1000003	20	20	same	1	0	0	80.7	0	0	21.37	101.47	418.31	0	520.1	3.2750	-15.0000	4	0	1	0	0	0	2	1	nue	DIS	CC	2675.7	608.1	0.153	3.37		0.2875	12405.4	1	1000003	1	0	0	0	20	19
295	87	268	0	0	2	19	19	same	2	0	0	108.3	0	0	-103.31	-187.14	323.26	0	719.5	2.8535	-15.0000	6	1	1	0	0	1	1	0	nue	QE	CC	917.7	555.5	1.15	1.12		1.2883	10413.8	0	2	1	0	0	0	5	3
295	87	2270	0	0	12	3	3	same	1	0	1	33.2	0	0	-34.73	167.34	111.61	0	557.5	-0.1538	-15.0000	8	0	0	1	0	0	2	0	nue	MEC	CC	358.2	301.8	0.899	1.86		1.0341	4278.1	0	12	1	0	0	0	2	1
295	87	2277	0	0	1000005	11	11	same	1	0	1	29.2	0	0	164.56	-73.52	351.68	0	557.3	-0.7435	-4.4480	8	0	0	1	0	0	1	0	nue	RES	CC	687.9	546.0	1.568	0.33		1.7030	16682.8	1	1000005	1	0	1	1	5	4
295	87	6478	0	0	1000000	13	13	same	15	0	1	109.1	0	0	35.43	82.57	232.27	0	1099.3	0.9459	-15.0000	4	0	1	0	0	0	2	1	nue	COH	CC	1771.1	1499.2	0.181	1.58		0.3197	30250.1	1	9	1	0	0	0	49	34
295	87	6863	0	0	0	18	18	same	44	1	0	99.5	1	1	-121.62	185.43	220.12	0	1904.9	0.0328	9.4419	36	0	1	0	1	0	1	0	nue	RES	CC	3060.3	1966.7	1.149	0.88		1.2858	36855.6	0	0	1	0	1	1	58	14
295	87	7805	0	0	4	3	3	same	1	0	1	54.3	0	0	-180.32	-73.91	245.85	0	407.3	-1.2335	1.7613	8	0	0	1	0	0	2	1	nue	QE	CC	416.5	397.5	0.522	0.97		0.6577	17232.0	0	4	1	0	1	1	16	15
295	87	9323	0	0	1000000	8	8	same	2	0	0	72.8	0	0	196.02	142.47	260.07	0	1221.3	1.0062	-15.0000	8	0	0	1	0	0	1	0	nue	MEC	CC	1626.4	1181.2	1.583	0.35		1.7130	60903.4	1	1000000	1	0	0	0	17	15
295	87	9547	0	0	1000000	105	13	not_in_act	1	0	1	83.8	0	0	111.66	50.15	227.26	0	1429.8	1.3744	14.3748	40	0	0	1	1	0	1	0	nue	MEC	CC	1456.2	1314.2	1.259	0.84		1.3941	41996.5	1	1000000	1	1	1	1	48	47
295	87	10243	0	0	1000002	58	14	not_in_act	1	0	1	28.7	0	0	139.30	89.21	334.07	0	492.4	-0.6192	-15.0000	10	1	0	1	0	1	2	0	nue	RES	CC	740.7	564.2	0.622	12.21		0.7543	17516.0	1	1000002	1	1	0	0	17	16
295	89	2850	0	0	11	22	22	same	13	0	0	62.8	0	0	-79.87	118.57	310.72	0	860.9	0.4778	-15.0000	8	0	0	1	0	0	3	1	nue	RES	CC	1051.8	551.2	1.095	54.30		1.2303	8198.5	0	11	1	0	0	0	26	13
295	89	3063	0	0	1000000	14	14	same	1	0	0	89.5	0	0	154.68	8.00	429.92	0	1397.4	1.8046	2.1533	4	0	1	0	0	0	1	0	nue	RES	CC	1484.1	1220.3	1.173	1.00		1.3070	32233.2	1	1000000	1	0	1	1	27	26
295	89	3874	0	0	1000004	11	11	same	1	0	1	52.5	0	0	134.57	23.94	110.22	0	793.7	-0.5138	-15.0000	10	1	0	1	0	1	3	0	nue	RES	CC	657.4	522.1	0.897	2.01		1.0345	16002.9	1	1000004	1	0	0	0	16	15
295	89	4129	0	0	0	4	4	same	1	0	1	72.6	0	0	-184.28	-21.23	394.50	0	1752.6	-1.6344	11.2692	40	0	0	1	1	0	2	1	nue	QE	CC	1714.3	1596.5	0.774	0.86		0.9087	63449.9	0	0	1	0	1	1	43	42
295	89	5591	0	0	6	8	8	same	1	0	0	93.6	0	0	-79.26	-49.60	481.46	0	798.2	3.8335	-15.0000	4	0	1	0	0	0	2	0	numu	MEC	CC	842.0	586.9	0.302	1.71		0.4384	9615.2	0	6	1	0	0	0	15	14
295	89	5591	1	1	1000001	17	17	same	1	0	1	50.5	0	0	169.26	123.45	177.65	0	331.6	-0.2565	11.7693	40	0	0	1	1	0	2	1	nue	QE	CC	370.9	297.8	0.767	1.18		0.9022	14871.9	1	1000001	1	0	1	1	9	8
295	89	6721	0	0	1000004	11	11	same	1	0	0	176.8	0	0	125.25	-126.28	52.43	0	656.6	5.5512	-15.0000	4	0	1	0	0	0	3	0	numu	QE	CC	1091.0	529.5	0.402	0.47		0.5372	13557.4	1	1000004	1	0	0	0	2	1
295	89	6721	1	1	8	2	2	same	1	0	1	55.8	0	0	-82.32	-99.20	305.76	0	482.6	-0.5404	-2.2395	8	0	0	1	0	0	3	1	nue	QE	CC	431.1	431.8	1.32	9.13		1.4561	8568.6	0	8	1	0	1	1	11	10
295	89	7816	0	0	3	19	19	same	5	0	1	27.7	0	0	-152.12	-5.56	411.29	0	425.8	-0.2248	-15.0000	4	0	1	0	0	0	1	0	nue	RES	CC	808.5	349.6	0.358	26.00		0.4928	10104.5	0	3	1	0	0	0	27	22
295	89	8675	0	0	0	13	13	same	3	0	1	105.7	1	1	-79.35	111.23	130.34	0	2056.8	1.0372	10.6249	4	0	1	0	0	0	1	0	nue	RES	CC	2509.0	2011.2	0.29	1.05		0.4263	46389.5	0	0	1	0	1	1	40	37
295	89	8736	0	0	1000002	12	12	same	5	0	1	87.2	0	0	46.40	75.52	329.00	0	1088.3	0.1689	15.6536	40	0	0	1	1	0	1	0	nue	QE	CC	1106.5	1041.3	0.165	0.86		0.3014	21059.0	1	12	1	0	1	1	31	26
295	92	901	0	0	0	102	5	not_in_act	1	0	1	62.3	0	0	-62.17	139.98	273.42	0	2190.3	-0.6813	4.5639	8	0	0	1	0	0	2	1	nue	RES	CC	2340.0	2286.0	0.937	1.31		1.0751	38946.4	0	0	1	1	1	1	73	72
295	92	1358	0	0	0	89	18	not_in_act	4	0	1	72.5	0	0	-52.28	87.62	232.24	0	1177.1	0.3170	7.0897	8	0	0	1	0	0	1	0	nue	RES	CC	1302.2	1236.7	0.429	0.58		0.5661	26855.3	0	0	1	1	1	1	24	20
295	92	1509	0	0	1000001	9	9	same	1	0	1	64.3	0	0	-2.18	-2.06	160.54	0	1124.5	0.0678	12.1328	40	0	0	1	1	0	5	0	nue	QE	CC	1469.3	1075.2	0.272	0.92		0.4064	21789.7	1	4	1	0	1	1	51	50
295	92	4663	0	0	0	6	6	same	1	0	1	56.0	0	0	-191.79	-87.67	99.85	0	1361.7	-0.4123	-0.0261	8	0	0	1	0	0	1	0	nue	RES	CC	1290.5	1368.3	1.408	3.06		1.5424	42063.6	0	0	1	0	1	1	57	56
295	92	7516	0	0	2	44	14	not_in_act	3	0	1	19.4	0	0	-77.96	-164.42	123.15	0	276.1	-1.3760	-4.6575	8	0	0	1	0	0	4	2	nue	QE	CC	803.5	425.3	0.955	80.72		1.0926	12849.8	0	2	1	1	1	1	14	11
295	92	10768	0	0	1000001	22	22	same	2	0	1	56.4	1	1	52.38	-33.66	288.21	0	715.4	0.0104	9.1031	8	0	0	1	0	0	2	0	nue	RES	CC	1081.9	849.5	1.508	1.01		1.6442	20348.3	1	19	1	0	1	1	18	16
295	92	11197	0	0	6	18	18	same	3	0	1	59.9	0	0	-19.15	-89.35	92.41	0	530.3	0.1531	-15.0000	4	0	1	0	0	0	1	0	nue	QE	CC	521.7	446.3	0.442	0.54		0.5766	6682.5	0	6	1	0	0	0	18	15
295	92	12202	0	0	0	6	6	same	2	0	1	124.0	0	0	-80.11	-22.00	326.23	0	4107.0	-0.1065	0.7999	8	0	0	1	0	0	4	0	nue	QE	CC	3954.9	3798.3	1.035	47.17		1.1732	89013.2	0	0	1	0	1	1	103	101
295	94	3079	0	0	1000000	9	9	same	1	0	1	64.4	0	0	98.60	15.35	104.74	0	1226.9	0.8252	-8.7014	4	0	1	0	0	0	3	1	nue	DIS	CC	1268.3	1158.2	0.613	2.95		0.7495	32083.0	1	1000000	1	0	1	1	42	41
295	94	4024	0	0	1000000	21	21	same	1	0	1	84.0	0	0	129.58	81.08	16.40	0	1676.2	1.3634	-6.2722	4	0	1	0	0	0	2	0	nue	DIS	CC	1846.0	1630.6	0.854	2.66		0.9891	34004.0	1	1000000	1	0	1	1	34	33
295	94	7471	0	0	1	22	22	same	47	1	1	53.4	1	1	-122.74	-38.56	218.18	0	998.3	0.7422	-15.0000	4	0	1	0	0	0	2	1	nue	RES	CC	1801.1	1220.5	1.393	7.95		0.9938	62887.8	0	1	1	0	0	0	47	0
295	96	1762	0	0	0	15	15	same	6	0	0	180.0	0	0	-160.46	-63.41	332.43	0	851.8	1.9338	-15.0000	4	0	1	0	0	0	2	1	numu	MEC	CC	1073.0	746.5	0.677	5.81		0.8111	30372.7	0	0	1	0	0	0	7	1
295	96	1994	0	0	1000000	16	16	same	43	1	1	61.3	1	1	43.53	-91.33	98.17	0	1218.9	-0.1156	12.7609	40	0	0	1	1	0	3	0	nue	QE	CC	1147.6	1116.6	0.783	0.98		0.3285	54891.9	1	1000000	1	0	1	1	45	2
295	96	2208	0	0	1000004	78	22	in_act_not_selected	28	0	1	169.1	0	0	8.21	181.38	132.63	0	987.5	1.1917	12.9038	40	0	0	1	1	0	2	1	nue	QE	CC	941.1	928.4	1.106	3.90		1.2411	13252.3	1	14	1	1	1	1	28	0
295	96	2824	0	0	1000002	13	13	same	1	0	1	113.2	0	0	163.81	-129.69	133.04	0	1495.9	0.2292	12.2384	40	0	0	1	1	0	2	1	nue	RES	CC	1802.1	1419.3	1.123	0.50		1.2595	32602.3	1	1000002	1	0	1	1	44	43
295	96	4299	0	0	1000014	21	21	same	4	0	1	38.9	0	0	129.15	31.49	53.31	0	527.1	0.0577	15.1764	8	0	0	1	0	0	1	0	nue	QE	CC	576.5	532.6	0.269	0.55		0.4010	10223.8	1	14	1	0	1	1	20	16
295	96	6500	0	0	1000001	13	13	same	1	0	1	86.4	0	0	84.51	86.94	344.46	0	1328.1	-1.5043	9.6244	8	0	0	1	0	0	1	0	nue	RES	CC	1638.2	1453.8	0.963	0.74		1.0974	35469.1	1	1000001	1	0	1	1	63	62
295	96	7545	0	0	1000000	17	17	same	2	0	1	71.9	0	0	150.94	178.16	309.56	0	1265.1	0.9608	-15.0000	4	0	1	0	0	0	1	0	nue	RES	CC	1440.5	1034.9	1.377	0.47		1.5113	32999.4	1	1000000	1	0	0	0	43	41
295	96	9509	0	0	1000003	23	23	same	2	0	1	197.8	0	0	55.60	60.86	319.40	0	1263.2	1.4396	3.3077	8	0	0	1	0	0	2	1	nue	RES	CC	1912.8	1412.0	0.638	0.56		0.7768	22588.5	1	11	1	0	1	1	36	34
295	96	11492	0	0	9	2	2	same	1	0	1	82.1	0	0	-70.59	99.55	19.01	0	625.3	-0.3139	-15.0000	8	0	0	1	0	0	3	0	nue	RES	CC	875.4	665.9	1.234	2.15		1.3709	9771.9	0	9	1	0	0	0	1	0
295	96	11628	0	0	0	2	2	same	1	0	1	40.9	0	0	-151.42	173.87	349.35	0	785.8	0.3285	-5.2366	8	0	0	1	0	0	2	1	nue	DIS	CC	1306.5	913.6	0.942	2.21		1.0770	18286.0	0	0	1	0	1	1	24	23
296	0	2367	0	0	1	24	24	same	1	0	1	87.5	0	0	-84.20	98.70	360.62	0	1386.6	1.5809	-8.0848	4	0	1	0	0	0	1	0	nue	RES	CC	2065.1	1611.3	0.679	5.73		0.8164	29823.0	0	1	1	0	1	1	34	33
296	0	3942	0	0	1	5	5	same	2	0	0	143.3	0	0	-123.06	-91.16	290.74	0	1550.7	2.8608	13.6365	4	0	1	0	0	0	5	3	nue	RES	CC	1462.3	1221.9	1.357	0.48		1.4900	35844.3	0	1	1	0	1	1	33	31
296	0	7393	0	0	10	7	7	same	1	0	1	49.8	0	0	-43.57	69.00	357.84	0	434.0	-0.0670	9.7744	40	0	0	1	1	0	2	1	nue	QE	CC	445.1	400.2	0.903	0.69		1.0394	7996.5	0	10	1	0	1	1	11	10
296	0	8496	0	0	1000003	17	17	same	13	0	1	38.1	0	0	139.78	-160.22	420.88	0	556.3	0.1014	1.9084	8	0	0	1	0	0	1	0	nue	MEC	CC	594.9	419.5	0.472	0.20		0.6062	11044.2	1	1000003	1	0	1	1	28	15
296	1	1559	0	0	1000001	41	41	same	33	1	1	196.3	1	1	24.18	-47.62	281.36	0	1789.3	1.7741	3.3928	4	0	1	0	0	0	2	1	nue	DIS	CC	2243.3	1812.6	1.168	3.01		1.3036	35268.0	1	12	1	0	1	1	33	0
296	1	3216	0	0	1000002	21	21	same	13	0	1	47.0	0	0	46.06	-94.93	276.15	0	1695.8	0.3438	-5.6416	8	0	0	1	0	0	1	0	nue	DIS	CC	2443.6	1810.1	0.258	0.76		0.3947	32786.0	1	10	1	0	1	1	61	48
296	1	4414	0	0	4	14	14	same	8	0	0	60.2	0	0	-46.54	180.19	200.83	0	546.7	1.0233	8.7745	8	0	0	1	0	0	5	2	nue	RES	CC	983.3	637.7	0.94	2.87		1.0755	9671.0	0	4	1	0	1	1	16	8
296	1	4575	0	0	1	6	6	same	2	0	0	45.3	0	0	-134.91	111.38	460.27	0	783.2	-0.1953	8.9935	40	0	0	1	1	0	2	1	nue	RES	CC	1918.2	732.5	1.193	0.48		1.3240	19882.2	0	1	1	0	1	1	20	18
296	1	6639	0	0	4	6	6	same	1	0	1	26.1	0	0	-144.69	-169.29	27.91	0	518.8	-0.4470	-15.0000	8	0	0	1	0	0	2	0	nue	MEC	CC	673.8	197.9	0.345	7.59		0.4807	5320.9	0	4	1	0	0	0	3	2
296	1	8710	0	0	1000001	91	13	not_in_act	1	0	0	89.5	0	0	65.66	156.12	397.07	0	2621.9	-0.3069	11.4275	40	0	0	1	1	0	3	1	nue	MEC	CC	3202.0	2547.1	0.66	1.51		0.7967	36475.4	1	1000001	1	1	1	1	37	36
296	1	10127	0	0	1000008	20	20	same	11	0	1	94.1	0	0	50.28	-174.71	368.38	0	417.4	-0.2050	-15.0000	4	0	1	0	0	0	3	2	numu	QE	CC	829.3	363.5	0.337	2.58		0.4725	2981.0	1	1000008	1	0	0	0	23	12
296	1	10127	1	1	1	11	11	same	2	0	0	32.9	0	0	-181.89	-115.89	388.43	0	345.0	-0.2175	-7.1894	8	0	0	1	0	0	3	1	nue	RES	CC	758.4	501.6	0.091	2.75		0.2235	21157.8	0	1	1	0	1	1	10	8
296	1	10876	0	0	4	49	8	not_in_act	1	0	1	32.5	0	0	-62.26	132.42	296.28	0	515.9	0.3498	-15.0000	8	0	0	1	0	0	1	0	nue	QE	CC	702.7	465.2	0.604	75.30		0.7398	10068.2	0	4	1	1	0	0	39	38
296	1	12306	0	0	0	3	3	same	2	0	0	59.3	0	0	-194.47	76.88	276.89	0	891.1	-0.2264	14.4775	40	0	0	1	1	0	3	1	nue	QE	CC	1120.4	774.2	0.296	0.22		0.4284	25743.4	0	0	1	0	1	1	30	28
296	6	123	0	0	1000007	31	31	same	26	1	1	42.5	1	1	-119.78	102.30	340.78	0	628.6	-0.5647	-15.0000	8	0	0	1	0	0	2	0	nue	RES	CC	1004.5	835.7	1.208	0.84		1.3990	14596.0	1	1000007	1	0	0	0	27	1
296	6	1907	0	0	1000000	8	8	same	1	0	1	109.7	0	0	139.71	-35.59	340.64	0	2051.2	-0.2760	-15.0000	4	0	1	0	0	0	1	0	nue	QE	CC	1871.2	1815.8	0.184	52.81		0.3212	50320.2	1	1000000	1	0	0	0	45	44
296	6	2801	0	0	1000007	24	24	same	10	0	1	92.3	0	0	2.41	-4.09	109.74	0	1326.4	2.4281	-15.0000	4	0	1	0	0	0	2	1	nue	RES	CC	1185.4	903.3	0.824	1.27		0.9573	14723.5	1	13	1	0	0	0	24	14
296	6	3649	0	0	4	19	13	in_act_not_selected	11	0	1	34.8	0	0	-36.15	26.94	300.55	0	810.6	-1.2341	-15.0000	8	0	0	1	0	0	1	0	nue	QE	CC	1009.5	928.7	0.241	1.06		0.3784	18354.3	0	4	1	1	0	0	33	22
296	6	5746	0	0	1	9	9	same	4	0	1	65.6	0	0	-84.52	38.26	248.28	0	878.6	-0.2964	4.7609	8	0	0	1	0	0	3	1	nue	RES	CC	1423.2	1251.2	1.507	0.61		1.6425	30414.0	0	1	1	0	1	1	40	36
296	6	6087	0	0	1000003	8	8	same	1	0	0	125.1	0	0	160.73	-3.19	428.17	0	710.4	0.8112	10.5087	40	0	0	1	1	0	2	1	nue	MEC	CC	1042.3	746.3	0.642	1.21		0.7765	19487.9	1	1000003	1	0	1	1	10	9
296	6	7114	0	0	0	4	4	same	2	0	0	85.3	0	0	-181.88	-13.99	230.72	0	865.8	1.0941	6.1780	36	0	1	0	1	0	3	1	nue	QE	CC	1975.4	1509.6	0.258	1.10		0.3911	65339.3	0	0	1	0	1	1	27	25
296	6	10585	0	0	0	9	9	same	2	0	0	102.1	0	0	-193.79	-24.10	258.12	0	1127.1	2.1011	-15.0000	8	0	0	1	0	0	2	0	nue	RES	CC	1389.8	858.1	0.98	0.30		1.1113	132821.0	0	0	1	0	0	0	26	24
296	7	775	0	0	1000002	21	21	same	11	0	1	53.5	0	0	58.92	156.08	376.43	0	622.6	0.6350	-15.0000	4	0	1	0	0	0	1	0	nue	RES	CC	1764.1	837.5	1.583	200.72		1.7135	19100.8	1	1000002	1	0	0	0	15	4
296	7	2377	0	0	1000000	12	12	same	1	0	0	107.2	0	0	56.30	27.48	405.28	0	2235.1	-0.2453	10.4621	40	0	0	1	1	0	2	0	nue	RES	CC	2722.3	2096.3	0.149	0.75		0.2858	37011.3	1	12	1	0	1	1	18	17
296	7	3162	0	0	1	18	18	same	5	0	1	51.4	0	0	-124.07	120.09	232.24	0	585.2	1.0267	13.8612	40	0	0	1	1	0	2	1	nue	QE	CC	648.4	596.4	0.105	0.48		0.2405	19401.0	0	1	1	0	1	1	37	32
296	7	3870	0	0	1000008	62	15	not_in_act	1	0	0	56.5	0	0	124.24	-187.35	284.97	0	563.5	-0.5381	-15.0000	8	0	0	1	0	0	2	1	nue	RES	CC	1196.3	634.4	1.57	109.78		1.7066	8026.7	1	25	1	1	0	0	26	25
296	7	7101	0	0	6	17	17	same	2	0	0	52.5	0	0	-28.52	-26.09	456.25	0	754.1	2.4886	7.4187	36	0	1	0	1	0	1	0	nue	COH	CC	3028.8	576.0	1.116	1.06		1.2510	13914.6	0	6	1	0	1	1	7	5
296	7	7333	0	0	2	2	2	same	1	0	1	50.4	0	0	-175.45	-13.86	463.35	0	638.7	-0.7858	11.8415	8	0	0	1	0	0	2	1	nue	QE	CC	751.6	669.1	0.17	3.92		0.3044	21397.1	0	2	1	0	1	1	24	23
296	7	7791	0	0	1000003	15	15	same	5	0	1	112.8	1	1	-13.49	-67.09	414.58	0	604.2	-0.8206	9.4162	8	0	0	1	0	0	2	0	nue	QE	CC	1646.8	1356.4	1.306	0.89		1.4401	16865.1	1	7	1	0	1	1	47	42
296	7	8279	0	0	4	6	6	same	1	0	1	94.4	0	0	-134.50	68.37	357.26	0	671.6	1.2105	-15.0000	4	0	1	0	0	0	2	0	nue	RES	CC	730.4	656.9	1.06	14.72		1.1950	17516.1	0	4	1	0	0	0	15	14
296	7	9117	0	0	1000002	18	18	same	38	0	1	96.7	0	0	45.90	-79.43	348.46	0	724.8	2.0942	-15.0000	4	0	1	0	0	0	3	2	numu	QE	CC	633.6	445.0	1.435	2.28		1.1275	26306.9	1	1000002	1	0	0	0	43	5
296	7	12369	0	0	8	3	3	same	1	0	1	31.2	0	0	-69.91	-4.75	271.31	0	243.7	-1.6172	13.4105	40	0	0	1	1	0	1	0	nue	QE	CC	309.8	317.8	1.299	0.36		1.4374	7400.9	0	8	1	0	1	1	10	9
296	7	12484	0	0	6	24	3	not_in_act	1	0	1	45.9	0	0	-62.41	-35.71	161.85	0	294.2	-0.9177	-15.0000	8	0	0	1	0	0	1	0	nue	QE	CC	407.4	300.7	1.224	84.45		1.3605	7901.8	0	6	1	1	0	0	15	14
296	8	2808	0	0	3	61	4	not_in_act	1	0	0	31.9	0	0	-90.10	-179.07	493.38	0	575.8	1.1870	-15.0000	4	0	1	0	0	0	4	0	nue	RES	CC	2192.3	446.8	0.248	0.77		0.3858	10402.9	0	3	1	1	0	0	15	14
296	8	3296	0	0	0	3	3	same	1	0	0	117.4	0	0	-166.57	198.96	121.66	0	1781.1	-2.7478	-2.6985	10	1	0	1	0	1	1	0	nue	MEC	CC	2223.3	1892.6	0.989	84.50		1.1241	42162.9	0	0	1	0	1	1	44	43
296	8	10774	0	0	1000008	9	9	same	1	0	0	0.8	0	0	0.00	0.00	0.00	1	0.0	-1.9417	-15.0000	0	0	0	0	0	0	2	-1				-1	-1	-1	-1		0.4444	1732.9	1	9	0	0	0	0	1	0
296	9	351	0	0	1	10	10	same	5	0	0	43.6	0	0	-69.49	161.81	124.72	0	1600.6	0.2192	7.7528	8	0	0	1	0	0	2	1	nue	RES	CC	1834.2	1487.5	0.159	1.67		0.2952	26062.4	0	1	1	0	1	1	47	42
296	9	961	0	0	1000000	11	11	same	2	0	0	79.6	0	0	173.05	144.36	438.49	0	1397.7	-0.9882	-15.0000	8	0	0	1	0	0	1	0	nue	DIS	CC	2922.3	1233.5	1.305	13.91		1.4403	38059.5	1	20	1	0	0	0	22	20
296	9	2203	0	0	0	7	7	same	1	0	1	95.3	0	0	-81.69	72.22	223.68	0	1357.4	-0.3105	-15.0000	4	0	1	0	0	0	2	1	nue	DIS	CC	1439.7	1535.7	0.142	0.94		0.2791	36407.3	0	0	1	0	0	0	32	31
296	9	3689	0	0	5	14	14	same	5	0	0	25.5	0	0	-14.42	-198.82	419.23	0	286.3	-1.1143	-15.0000	10	1	0	1	0	1	3	0	nue	QE	CC	303.6	171.6	0.586	46.79		0.7215	2477.7	0	5	1	0	0	0	11	6
296	9	3863	0	0	0	12	12	same	10	0	0	85.4	0	0	-159.28	-81.65	80.43	0	1351.8	2.0418	-15.0000	4	0	1	0	0	0	1	0	nue	RES	CC	1488.2	1321.2	1.16	0.47		1.2949	42134.4	0	0	1	0	0	0	63	53
296	9	4164	0	0	1000000	8	8	same	5	0	0	101.6	0	0	152.47	61.73	431.05	0	1619.1	1.0834	5.8169	4	0	1	0	0	0	2	1	nue	RES	CC	3283.2	1480.1	0.852	3.95		0.9863	40669.8	1	14	1	0	1	1	47	42
296	9	4541	0	0	1	19	15	in_act_not_selected	5	0	1	57.9	0	0	-22.50	-150.46	398.05	0	1941.6	1.6151	-15.0000	4	0	1	0	0	0	4	1	numu	QE	CC	431.6	334.3	0.283	1.21		0.8134	37261.8	0	1	1	1	0	0	38	33
296	9	5684	0	0	1	5	5	same	2	0	0	77.4	0	0	-169.21	117.38	135.64	0	787.5	0.0609	10.0866	40	0	0	1	1	0	2	1	nue	QE	CC	863.4	753.4	1.446	0.11		1.5800	25003.0	0	1	1	0	1	1	8	6
296	9	9250	0	0	7	4	4	same	1	0	0	55.5	0	0	-103.88	163.81	384.64	0	701.0	-0.8978	-15.0000	10	1	0	1	0	1	1	0	nue	QE	CC	801.1	603.7	0.79	39.14		0.9255	9385.2	0	7	1	0	0	0	25	24
296	9	9334	0	0	1000004	15	15	same	1	0	1	47.6	0	0	168.47	27.61	116.90	0	342.1	0.3761	-0.9187	4	0	1	0	0	0	1	0	nue	QE	CC	332.9	294.8	0.292	25.93		0.4288	9133.6	1	1000004	1	0	1	1	14	13
296	9	10090	0	0	4	11	11	same	1	0	0	45.6	0	0	-159.46	-184.54	127.98	0	752.6	0.0595	-15.0000	8	0	0	1	0	0	2	0	nue	QE	CC	659.0	658.5	1.144	29.01		1.2776	14504.4	0	4	1	0	0	0	21	20
296	11	1853	0	0	1000001	11	11	same	28	0	1	120.4	0	0	-9.41	-46.97	196.21	0	2182.0	-1.0401	7.8138	8	0	0	1	0	0	3	2	nue	RES	CC	3002.6	2442.7	1.204	1.21		1.3394	27752.4	1	0	1	0	1	1	64	36
296	11	1951	0	0	1	17	17	same	7	0	1	64.3	1	1	-64.06	74.22	341.24	0	1672.2	-0.4634	11.6191	40	0	0	1	1	0	2	1	nue	RES	CC	1801.0	1702.4	0.659	1.23		0.7960	33588.2	0	1	1	0	1	1	47	40
296	11	5225	0	0	1000001	125	25	not_in_act	4	0	1	67.2	0	0	123.94	-32.02	256.42	0	1854.0	0.1535	6.3422	40	0	0	1	1	0	3	2	nue	DIS	CC	1913.5	1657.0	1.566	0.66		1.7016	49430.1	1	10	1	1	1	1	63	59
296	11	7412	0	0	1000008	18	13	in_act_not_selected	36	0	0	159.1	0	0	-32.37	199.87	23.49	0	1071.6	-1.9068	2.3390	10	1	0	1	0	1	3	2	nue	DIS	CC	2391.6	1321.1	0.99	1.44		1.1280	562.4	1	0	1	1	1	1	40	4
296	11	8929	0	0	7	13	13	same	2	0	0	18.4	1	1	-68.21	116.73	482.44	0	182.4	-0.1479	-15.0000	4	0	1	0	0	0	3	0	nue	QE	CC	380.3	144.4	1.137	1.67		1.2740	2650.0	0	7	1	0	0	0	6	4
296	13	724	0	0	1000000	7	7	same	1	0	1	75.2	0	0	150.39	-18.97	428.07	0	1213.3	-0.5344	12.2195	40	0	0	1	1	0	1	0	nue	RES	CC	1446.0	1174.4	0.076	0.37		0.2105	29734.3	1	1000000	1	0	1	1	29	28
296	13	1122	0	0	4	18	18	same	3	0	1	112.7	0	0	2.37	158.01	148.47	0	1080.7	0.5477	-15.0000	8	0	0	1	0	0	2	0	nue	MEC	CC	1271.4	1198.9	0.331	3.76		0.4654	16919.4	0	4	1	0	0	0	32	29
296	13	1214	0	0	1000000	20	20	same	12	0	1	104.5	1	1	138.83	109.96	354.46	0	1913.0	-1.3874	7.0644	40	0	0	1	1	0	4	1	nue	QE	CC	1861.2	1725.9	1.471	0.34		1.6066	44184.8	1	1000000	1	0	1	1	51	39
296	13	1471	0	0	2	3	3	same	1	0	1	76.7	0	0	-117.51	114.62	241.70	0	1030.6	0.9735	13.2254	40	0	0	1	1	0	1	0	nue	RES	CC	1577.6	1117.3	1.13	0.52		1.2654	28441.3	0	2	1	0	1	1	36	35
296	13	1587	0	0	0	19	19	same	6	0	0	133.2	0	0	-132.76	-135.51	273.82	0	1613.2	1.3668	-15.0000	4	0	1	0	0	0	2	0	nue	DIS	CC	2219.6	1544.4	1.072	4.15		1.2076	42596.6	0	0	1	0	0	0	32	26
296	13	2347	0	0	1000005	72	9	not_in_act	1	0	1	30.5	0	0	88.92	-188.67	401.09	0	559.4	-0.2554	-15.0000	8	0	0	1	0	0	2	1	nue	QE	CC	855.3	707.9	1.075	2.53		1.2121	11654.7	1	1000005	1	1	0	0	32	31
296	13	2984	0	0	10	9	9	same	1	0	0	66.3	0	0	-62.72	184.19	207.98	0	791.2	0.0844	10.7748	40	0	0	1	1	0	1	0	nue	QE	CC	979.4	761.1	0.672	2.40		0.8080	12568.5	0	10	1	0	1	1	10	9
296	13	4817	0	0	1000001	20	20	same	16	1	1	37.8	1	1	-59.54	-118.06	42.83	0	611.8	0.5045	-4.5145	8	0	0	1	0	0	3	2	nue	QE	CC	938.0	799.1	0.723	39.92		0.8164	20522.2	1	4	1	0	1	1	17	1
296	13	6809	0	0	1000003	20	20	same	3	0	1	235.6	1	1	53.18	79.22	271.43	0	1130.3	2.8539	-12.6409	4	0	1	0	0	0	1	0	nue	RES	CC	1377.8	1057.3	1.356	9.41		1.4934	21746.7	1	13	1	0	1	1	16	13
296	13	7028	0	0	1000000	13	13	same	43	0	1	73.4	0	0	58.24	-132.50	124.68	0	1398.3	-0.3105	3.3188	8	0	0	1	0	0	3	2	nue	RES	CC	1883.0	1668.5	0.424	6.82		0.5620	28925.0	1	1000000	1	0	1	1	50	7
296	13	7591	0	0	2	1	1	same	1	0	0	28.3	0	0	-161.90	169.65	297.62	0	820.5	-0.3612	-13.9861	8	0	0	1	0	0	3	2	nue	RES	CC	607.2	568.7	0.751	24.66		0.8853	11825.0	0	2	1	0	1	1	21	20
296	13	8055	0	0	1000006	12	12	same	1	0	1	70.1	0	0	116.44	-26.73	14.26	0	699.8	1.6617	-15.0000	4	0	1	0	0	0	2	1	nue	RES	CC	1001.3	617.7	0.287	0.56		0.4207	12293.8	1	1000006	1	0	0	0	12	11
296	13	8654	0	0	6	20	20	same	2	0	0	33.5	1	1	-126.54	187.06	487.19	0	513.8	1.6127	-15.0000	4	0	1	0	0	0	3	0	nue	DIS	CC	1245.0	497.2	0.474	2.33		0.6104	7416.7	0	6	1	0	0	0	12	10
296	13	9384	0	0	1000003	12	12	same	1	0	1	43.0	0	0	51.25	-48.17	408.60	0	701.1	-0.2804	10.5241	40	0	0	1	1	0	1	0	nue	RES	CC	969.1	780.5	0.131	1.35		0.2674	14772.7	1	1000003	1	0	1	1	37	36
296	13	10096	0	0	1000000	10	10	same	2	0	0	65.3	0	0	179.16	140.94	12.64	0	406.0	2.4835	-15.0000	4	0	1	0	0	0	2	0	nue	QE	CC	903.0	403.8	0.592	0.19		0.7279	20176.1	1	1000000	1	0	0	0	5	3
296	13	10722	0	0	0	6	6	same	2	0	1	168.8	0	0	-35.01	-22.83	295.18	0	3083.7	1.9936	-15.0000	4	0	1	0	0	0	2	1	nue	RES	CC	3717.7	3100.3	0.828	0.61		0.9632	66646.0	0	0	1	0	0	0	49	47
296	14	342	0	0	1000002	6	6	same	2	0	1	122.4	0	0	20.67	-31.61	152.08	0	796.5	0.4661	-15.0000	8	0	0	1	0	0	1	0	nue	QE	CC	1463.0	1397.7	1.013	0.87		1.1501	27732.7	1	1000002	1	0	0	0	44	42
296	14	1543	0	0	1000004	13	13	same	5	0	1	30.3	0	0	47.32	-150.35	310.73	0	645.3	0.5020	1.7661	8	0	0	1	0	0	2	0	nue	QE	CC	343.5	324.5	0.184	1.90		0.3204	5462.8	1	8	1	0	1	1	8	3
296	14	1725	0	0	1000006	17	17	same	5	0	1	31.7	0	0	75.29	158.18	371.22	0	487.4	0.1213	-15.0000	10	1	0	1	0	1	1	0	nue	QE	CC	1146.4	591.3	0.716	8.38		0.8517	10232.8	1	1000006	1	0	0	0	24	19
296	14	4244	0	0	1000001	11	11	same	1	0	0	97.9	0	0	91.53	-22.24	29.22	0	1237.2	0.2923	-2.7028	8	0	0	1	0	0	1	0	nue	QE	CC	1469.8	1378.6	1.555	38.35		1.6907	24540.2	1	1000001	1	0	1	1	24	23
296	14	4844	0	0	1000001	8	8	same	1	0	1	104.0	0	0	122.34	-101.73	306.45	0	1219.0	0.4325	5.9501	8	0	0	1	0	0	2	0	nue	RES	CC	1132.0	1058.6	0.828	3.75		0.9623	25663.0	1	1000001	1	0	1	1	14	13
296	14	5623	0	0	1000000	21	21	same	30	0	1	82.9	0	0	132.76	-58.64	100.69	0	1691.3	0.3915	12.0099	36	0	1	0	1	0	2	1	nue	RES	CC	1778.5	1535.3	1.58	0.57		1.7139	47710.4	1	1000000	1	0	1	1	54	24
296	14	6079	0	0	2	79	20	not_in_act	4	0	1	99.8	0	0	-141.85	-51.89	285.84	0	1001.1	-0.5137	-15.0000	8	0	0	1	0	0	1	0	nue	QE	CC	1147.2	1052.9	1.321	67.92		1.4561	25783.5	0	2	1	1	0	0	36	32
296	14	7619	0	0	1000003	22	22	same	1	0	1	74.4	0	0	56.22	174.87	130.04	0	968.3	-0.8116	14.1622	40	0	0	1	1	0	1	0	nue	QE	CC	978.6	945.5	1.525	2.52		1.6621	17632.8	1	1000003	1	0	1	1	24	23
296	14	7937	0	0	0	22	22	same	1	0	1	165.0	0	0	-54.23	34.12	299.69	0	2361.5	0.1421	11.2609	40	0	0	1	1	0	2	0	nue	RES	CC	2800.1	2508.2	1.245	0.55		1.3816	49949.9	0	0	1	0	1	1	41	40
296	14	11037	0	0	1000002	11	11	same	1	0	1	37.9	0	0	56.82	-13.76	335.45	0	552.4	0.6561	-15.0000	4	0	1	0	0	0	4	1	nue	RES	CC	1418.3	1039.5	0.351	75.68		0.4883	26141.7	1	1000002	1	0	0	0	17	16
296	14	11781	0	0	1000022	15	15	same	1	0	0	14.7	0	0	24.47	80.47	487.47	0	252.5	1.7436	-15.0000	4	0	1	0	0	0	2	1	nue	RES	CC	1081.8	128.6	0.663	3.76		1.9813	1289.0	1	1000022	1	0	0	0	2	1
296	14	12412	0	0	0	6	6	same	1	0	0	83.7	0	0	-104.96	-116.46	435.78	0	1079.5	2.4098	12.6726	36	0	1	0	1	0	2	0	nue	QE	CC	2957.8	847.9	0.948	0.50		1.0837	19506.3	0	0	1	0	1	1	17	16
296	15	44	0	0	0	23	23	same	8	0	1	105.0	0	0	-64.24	55.39	50.02	0	2033.3	0.3136	1.2342	4	0	1	0	0	0	1	0	nue	DIS	CC	2508.3	2250.6	1.197	1.16		1.3342	46645.6	0	0	1	0	1	1	73	65
296	15	724	0	0	2	6	6	same	2	0	0	106.2	0	0	-186.29	134.90	199.54	0	1221.0	0.4344	10.2140	8	0	0	1	0	0	2	1	nue	DIS	CC	1196.0	1024.8	0.789	0.69		0.9224	36423.7	0	2	1	0	1	1	6	4
296	15	1276	0	0	1	13	13	same	4	0	1	52.5	0	0	-38.24	-125.03	178.51	0	682.5	-0.8095	11.5995	8	0	0	1	0	0	1	0	nue	RES	CC	1304.9	1122.7	1.242	1.06		1.3790	23909.4	0	1	1	0	1	1	29	25
296	15	2316	0	0	5	70	20	not_in_act	3	0	1	34.0	0	0	44.73	-165.22	178.35	0	694.2	-0.4675	-15.0000	8	0	0	1	0	0	2	0	nue	QE	CC	891.8	878.4	0.882	4.39		1.0178	8129.8	0	5	1	1	0	0	31	28
296	15	2569	0	0	1000000	11	11	same	3	0	1	29.0	0	0	103.35	-67.92	71.52	0	589.8	0.4982	-4.5987	8	0	0	1	0	0	2	1	nue	QE	CC	986.8	773.9	0.82	30.66		0.9543	20988.9	1	11	1	0	1	1	34	31
296	15	5021	0	0	1000009	97	20	not_in_act	5	0	0	46.2	0	0	34.04	-189.35	33.95	0	492.3	-1.6534	-15.0000	8	0	0	1	0	0	1	0	nue	QE	CC	701.4	475.0	0.704	48.87		0.8417	6000.8	1	20	1	1	0	0	16	11
296	15	5146	0	0	1000004	8	8	same	1	0	1	188.5	0	0	108.80	141.14	251.72	0	890.4	1.4550	8.9485	8	0	0	1	0	0	2	0	nue	QE	CC	886.9	824.9	0.334	2.68		0.4718	16880.3	1	1000004	1	0	1	1	11	10
296	15	7032	0	0	1000000	13	13	same	1	0	1	111.9	0	0	66.77	28.18	367.52	0	1688.7	-0.5430	15.3525	40	0	0	1	1	0	1	0	nue	QE	CC	1702.3	1554.9	0.11	0.82		0.2458	30302.1	1	16	1	0	1	1	37	36
296	15	7118	0	0	3	22	22	same	10	0	0	81.3	0	0	-46.84	-133.46	463.36	0	1131.1	1.8249	-15.0000	4	0	1	0	0	0	3	2	numu	MEC	CC	1695.8	490.9	0.321	1.32		0.4544	15037.3	0	3	1	0	0	0	10	0
296	15	9480	0	0	1	12	12	same	12	0	1	219.6	0	0	-3.44	10.10	347.74	0	1079.2	2.6261	6.5314	8	0	0	1	0	0	2	0	nue	DIS	CC	2516.0	1201.9	0.356	0.56		0.4894	21015.6	0	1	1	0	1	1	29	17
296	15	10971	0	0	0	19	19	same	5	0	0	112.5	0	0	-105.51	186.43	295.72	0	2936.7	1.2575	-15.0000	4	0	1	0	0	0	2	0	nue	RES	CC	3409.4	2560.0	0.335	2.48		0.4724	40581.4	0	0	1	0	0	0	61	56
296	19	2754	0	0	1000000	15	15	same	2	0	1	60.3	0	0	70.81	85.99	150.24	0	1365.3	0.0659	4.4006	8	0	0	1	0	0	1	0	nue	QE	CC	1477.1	1427.4	1.106	23.30		1.2424	34228.2	1	1000000	1	0	1	1	50	48
296	19	5010	0	0	2	83	2	not_in_act	1	0	1	42.5	0	0	-183.89	140.09	273.77	0	825.0	-0.5076	-6.3246	8	0	0	1	0	0	2	1	nue	QE	CC	824.6	881.4	0.333	31.56		0.4666	25838.3	0	2	1	1	1	1	38	37
296	19	6765	0	0	1000001	22	22	same	19	0	1	48.4	1	1	47.60	-115.17	42.52	0	1842.5	-0.4435	10.1653	8	0	0	1	0	0	1	0	nue	RES	CC	2292.3	2056.3	1.045	2.26		1.1809	29053.2	1	6	1	0	1	1	64	45
296	19	10603	0	0	1000003	13	13	same	1	0	1	34.5	0	0	150.85	-14.57	334.51	0	500.6	-0.9124	11.0396	8	0	0	1	0	0	2	0	nue	QE	CC	863.3	682.6	0.601	0.92		0.7378	18450.1	1	12	1	0	1	1	20	19
296	28	1226	0	0	0	4	4	same	2	0	0	60.4	0	0	-178.32	127.64	14.56	0	1128.7	1.0119	1.4924	4	0	1	0	0	0	2	0	nue	RES	CC	1501.5	914.6	0.609	0.45		0.7442	33741.5	0	0	1	0	1	1	18	16
296	28	5042	0	0	1000000	24	24	same	7	0	1	59.6	0	0	59.07	22.02	24.40	0	1354.5	0.0788	13.7293	40	0	0	1	1	0	1	0	nue	RES	CC	1736.8	1337.8	0.608	2.52		0.7455	22298.7	1	9	1	0	1	1	59	52
296	28	5665	0	0	1000000	7	7	same	2	0	1	90.4	0	0	130.01	-107.90	152.25	0	2102.5	0.3636	12.5773	36	0	1	0	1	0	2	1	nue	MEC	CC	2386.0	2285.5	0.255	0.46		0.3916	55342.1	1	1000000	1	0	1	1	63	61
296	28	5665	1	1	0	2	2	same	1	0	0	72.1	0	0	-143.40	-132.84	445.20	0	580.7	2.2102	-15.0000	4	0	1	0	0	0	2	0	numu	RES	CC	1399.5	607.6	0.096	0.83		0.2316	16370.7	0	0	1	0	0	0	18	17
296	28	5816	0	0	7	53	7	not_in_act	1	0	1	61.1	0	0	-59.24	40.96	120.99	0	562.3	-1.1553	-15.0000	10	1	0	1	0	1	3	2	nue	QE	CC	480.6	441.7	0.406	50.00		0.5400	9755.3	0	7	1	1	0	0	6	5
296	28	6411	0	0	5	20	20	same	4	0	0	39.1	0	0	-143.90	-3.79	473.58	0	437.7	1.7019	-3.3074	4	0	1	0	0	0	1	0	nue	RES	CC	558.7	305.6	1.042	0.88		1.1768	8643.7	0	5	1	0	1	1	12	8
296	28	9770	0	0	0	3	3	same	1	0	0	130.5	0	0	-190.11	165.74	256.01	0	2301.8	1.3100	3.3364	4	0	1	0	0	0	1	0	nue	QE	CC	2468.9	2286.7	0.71	79.35		0.8430	97176.7	0	0	1	0	1	1	50	49
296	28	11385	0	0	1000001	10	10	same	1	0	1	57.5	0	0	187.01	54.88	65.89	0	798.9	0.9771	13.2436	40	0	0	1	1	0	2	0	nue	QE	CC	766.8	729.3	1.426	0.31		1.5617	23777.0	1	1000001	1	0	1	1	32	31
296	28	12394	0	0	0	24	24	same	21	0	1	78.5	0	0	-19.41	-71.60	167.69	0	1348.9	0.0646	-8.4720	8	0	0	1	0	0	1	0	nue	DIS	CC	2232.4	2180.6	1.124	31.73		1.2595	44011.9	0	0	1	0	1	1	67	46
296	31	620	0	0	1	28	28	same	3	0	1	114.7	0	0	-65.09	19.63	247.87	0	1685.3	-0.5094	12.1537	40	0	0	1	1	0	4	0	nue	RES	CC	2192.5	1833.1	0.429	0.53		0.5639	50334.2	0	1	1	0	1	1	60	57
296	31	2006	0	0	3	12	12	same	1	0	0	80.1	0	0	-103.46	185.28	153.08	0	1120.8	0.0949	12.7155	36	0	1	0	1	0	2	0	nue	QE	CC	1400.6	952.2	0.727	1.28		0.8635	19524.2	0	3	1	0	1	1	26	25
296	31	2434	0	0	5	19	19	same	1	0	1	92.9	0	0	7.78	-140.83	212.14	0	1115.3	0.4128	2.9370	8	0	0	1	0	0	2	1	nue	DIS	CC	2123.0	1883.9	1.451	11.57		1.5861	10360.5	0	5	1	0	1	1	26	25
296	31	4942	0	0	2	15	15	same	15	0	0	380.0	0	0	-26.13	-121.35	375.95	0	1467.9	3.3478	-7.4411	6	1	1	0	0	1	3	1	nue	QE	CC	647.4	603.7	1.091	210.16		1.2257	13943.1	0	2	1	0	1	1	30	15
296	31	10282	0	0	5	6	6	same	1	0	0	36.9	0	0	-116.90	79.33	482.95	0	514.9	0.3080	-15.0000	6	1	1	0	0	1	2	1	nue	MEC	CC	1984.4	537.8	0.078	16.64		0.2167	14646.0	0	5	1	0	0	0	7	6
296	31	10422	0	0	1000000	18	18	same	19	0	0	47.8	0	0	113.33	198.21	249.62	0	1745.0	-2.0861	6.9832	10	1	0	1	0	1	4	1	nue	DIS	CC	2315.5	1765.5	1.488	1.51		1.6217	37937.6	1	16	1	0	1	1	58	39
296	34	7279	0	0	1000001	12	12	same	1	0	1	46.3	0	0	52.41	108.90	392.11	0	1346.9	0.1772	6.0416	8	0	0	1	0	0	3	1	nue	MEC	CC	1914.1	1565.8	0.338	46.22		0.4757	26055.9	1	16	1	0	1	1	40	39
296	34	7894	0	0	1	6	6	same	2	0	0	66.0	0	0	-199.53	-3.43	388.58	0	656.5	1.1237	5.6250	8	0	0	1	0	0	2	1	nue	QE	CC	1027.0	677.8	0.584	0.24		0.7179	27619.1	0	1	1	0	1	1	35	33
296	34	9641	0	0	1	5	5	same	1	0	0	43.3	0	0	-175.54	164.81	158.97	0	959.9	0.3502	-6.6800	8	0	0	1	0	0	1	0	nue	RES	CC	1454.0	785.2	1.486	46.07		1.6225	28869.9	0	1	1	0	1	1	26	25
296	34	10886	0	0	1000000	13	13	same	2	0	0	140.4	0	0	177.23	-83.40	76.35	0	2828.8	-0.1499	10.3138	40	0	0	1	1	0	2	1	nue	RES	CC	2971.0	2578.0	1.407	0.17		1.5405	82634.1	1	1000000	1	0	1	1	57	55
296	35	1568	0	0	1000003	10	10	same	1	0	0	82.5	0	0	190.83	-0.56	397.96	0	749.0	1.6323	9.7928	36	0	1	0	1	0	3	2	nue	RES	CC	1196.6	684.4	1.36	0.47		1.4924	26502.8	1	1000003	1	0	1	1	18	17
296	35	2694	0	0	1000006	12	12	same	1	0	1	109.2	0	0	5.75	101.78	4.70	0	382.5	1.7798	-15.0000	4	0	1	0	0	0	2	1	numu	MEC	CC	1354.6	299.8	0.596	403.50		0.7460	5074.1	1	1000006	1	0	0	0	1	0
296	35	2694	1	1	6	8	8	same	1	0	1	49.2	0	0	-90.89	-124.88	336.80	0	319.7	-0.6673	11.9833	40	0	0	1	1	0	2	0	nue	QE	CC	307.3	303.5	1.471	0.60		1.6073	7336.1	0	6	1	0	1	1	11	10
296	35	4140	0	0	3	39	1	not_in_act	1	0	1	14.8	0	0	-139.95	125.76	347.86	0	220.3	-0.3821	3.3718	8	0	0	1	0	0	1	0	nue	QE	CC	528.2	246.3	1.303	0.31		1.4373	12732.3	0	3	1	1	1	1	12	11
296	35	4398	0	0	1	7	7	same	2	0	0	83.9	0	0	-190.65	2.39	278.65	0	844.4	1.4213	-5.3207	4	0	1	0	0	0	2	1	nue	RES	CC	1269.2	874.3	1.356	0.27		1.4893	46221.4	0	1	1	0	1	1	20	18
296	35	5434	0	0	1000000	4	4	same	2	0	0	97.1	0	0	108.00	-2.13	290.41	0	976.8	-0.9924	15.0515	40	0	0	1	1	0	1	0	nue	QE	CC	945.2	894.6	1.318	0.71		1.4548	25242.9	1	1000000	1	0	1	1	19	17
296	35	5500	0	0	1	27	27	same	4	0	1	96.1	0	0	-27.93	124.32	222.27	0	1403.8	-0.1257	5.9913	40	0	0	1	1	0	1	0	nue	COH	CC	1414.3	1301.6	0.409	1.67		0.5466	24722.9	0	1	1	0	1	1	28	24
296	35	6714	0	0	1000004	17	17	same	1	0	1	64.6	0	0	99.76	-59.13	382.35	0	1635.9	-0.5317	11.4556	8	0	0	1	0	0	1	0	nue	QE	CC	1609.2	1459.0	1.361	1.01		1.4969	31961.6	1	1000004	1	0	1	1	44	43
296	35	10507	0	0	1000005	14	14	same	3	0	1	62.9	0	0	5.16	134.75	41.87	0	812.0	0.3049	7.9921	8	0	0	1	0	0	1	0	nue	QE	CC	627.2	558.3	0.175	2.72		0.3109	5195.7	1	4	1	0	1	1	19	16
296	36	4520	0	0	1000004	26	26	same	3	0	1	124.2	0	0	-24.86	87.67	30.68	0	1947.8	-0.4850	8.4441	8	0	0	1	0	0	3	2	nue	DIS	CC	2914.8	2339.9	0.895	2.37		1.0306	16984.5	1	3	1	0	1	1	42	39
296	36	7650	0	0	1000000	21	21	same	8	0	1	70.2	0	0	94.81	86.13	82.56	0	1414.3	0.2792	6.8723	8	0	0	1	0	0	1	0	nue	RES	CC	1793.5	1268.2	0.858	0.73		0.9950	32243.4	1	12	1	0	1	1	25	17
296	36	7893	0	0	4	8	8	same	1	0	1	50.0	0	0	-132.46	60.47	363.81	0	639.3	0.6136	6.5738	40	0	0	1	1	0	1	0	nue	MEC	CC	681.3	603.3	0.13	0.33		0.2650	14885.8	0	4	1	0	1	1	8	7
296	36	8665	0	0	1000008	21	21	same	10	0	1	73.7	0	0	38.93	4.93	134.52	0	310.5	1.2309	-15.0000	6	1	1	0	0	1	1	0	nue	RES	CC	1012.1	702.0	1.277	61.89		1.4153	15379.5	1	14	1	0	0	0	18	8
296	36	11687	0	0	3	1	1	same	1	0	1	157.2	0	0	-57.43	-136.70	45.40	0	905.3	2.6414	4.6974	4	0	1	0	0	0	3	0	nue	RES	CC	1439.0	958.1	0.4	4.83		0.5375	17741.1	0	3	1	0	1	1	10	9
296	38	2497	0	0	3	3	3	same	1	0	1	51.2	0	0	-103.69	-101.04	280.87	0	524.8	-0.4604	12.2474	40	0	0	1	1	0	2	1	nue	MEC	CC	621.6	515.6	0.296	0.78		0.4312	12481.3	0	3	1	0	1	1	16	15
296	38	3389	0	0	1000009	16	16	same	6	0	1	52.3	0	0	50.27	66.70	32.24	0	297.3	0.3475	7.3702	4	0	1	0	0	0	3	1	nue	QE	CC	451.9	425.9	1.027	2.27		1.1642	6740.2	1	13	1	0	1	1	12	6
296	38	4984	0	0	1	11	11	same	1	0	1	58.9	0	0	-162.54	-120.52	396.59	0	396.2	0.4258	-15.0000	8	0	0	1	0	0	1	0	nue	RES	CC	696.0	465.3	1.434	2.17		1.5701	14670.5	0	1	1	0	0	0	6	5
296	38	5673	0	0	1000001	21	21	same	34	0	1	278.8	0	0	75.99	36.49	51.78	0	2757.4	2.9269	-10.8225	4	0	1	0	0	0	1	0	nue	DIS	CC	3875.4	3310.3	0.327	5.97		0.4658	57429.7	1	2	1	0	1	1	61	27
296	38	6953	0	0	1000002	18	18	same	1	0	0	44.4	0	0	155.98	8.17	472.82	0	551.8	1.7012	-15.0000	4	0	1	0	0	0	3	1	nue	MEC	CC	1427.3	496.7	0.491	0.41		0.6274	15616.3	1	20	1	0	0	0	5	4
296	38	7680	0	0	1000000	11	11	same	17	0	1	121.2	0	0	125.28	-53.12	118.73	0	963.6	1.6827	-15.0000	4	0	1	0	0	0	2	1	numu	RES	CC	755.0	694.4	0.971	13.21		1.1068	27317.1	1	1000000	1	0	0	0	18	1
296	38	8871	0	0	4	5	5	same	1	0	1	20.5	0	0	-167.07	-125.76	331.44	0	267.9	-0.4469	9.6380	40	0	0	1	1	0	1	0	nue	QE	CC	243.0	228.0	0.147	2.23		0.2824	7448.6	0	4	1	0	1	1	7	6
296	38	10408	0	0	1000002	15	15	same	1	0	1	179.1	0	0	44.07	-96.74	121.71	0	1465.2	1.3755	9.8374	40	0	0	1	1	0	2	1	nue	DIS	CC	2355.2	2020.2	1.276	1.26		1.4137	37528.0	1	5	1	0	1	1	46	45
296	38	10549	0	0	5	20	20	same	3	0	0	58.8	0	0	-14.66	186.27	33.94	0	749.9	0.7753	13.9212	8	0	0	1	0	0	3	2	nue	QE	CC	1267.8	758.4	0.915	1.62		1.0479	8590.1	0	5	1	0	1	1	15	12
296	38	12353	0	0	1000001	11	11	same	2	0	0	166.4	0	0	-15.72	49.86	407.00	0	1532.7	1.4429	-5.2673	4	0	1	0	0	0	3	1	nue	DIS	CC	2249.1	1551.0	0.888	1.12		1.0223	8610.6	1	1	1	0	1	1	32	30
296	42	267	0	0	1000009	16	16	same	1	0	0	40.6	0	0	82.10	154.07	307.02	0	450.9	-1.2914	8.2198	8	0	0	1	0	0	2	0	nue	QE	CC	687.0	423.3	1.396	3.50		1.5350	8369.2	1	1000009	1	0	1	1	13	12
296	42	3930	0	0	2	9	9	same	1	0	1	67.0	0	0	-97.07	133.45	117.37	0	1044.3	-0.1897	11.0723	40	0	0	1	1	0	2	0	nue	QE	CC	995.5	932.8	0.103	2.94		0.2389	18215.0	0	2	1	0	1	1	39	38
296	42	4405	0	0	10	4	4	same	1	0	0	16.1	0	0	-53.98	194.98	12.57	0	162.8	-2.0070	-15.0000	10	1	0	1	0	1	1	0	nue	QE	CC	962.9	169.3	1.519	4.83		1.6567	3707.3	0	10	1	0	0	0	2	1
296	42	5112	0	0	1000000	140	22	not_in_act	12	0	1	79.6	0	0	78.98	2.61	122.96	0	2594.1	0.1752	7.5368	40	0	0	1	1	0	2	0	nue	RES	CC	2995.0	2899.5	0.748	3.72		0.8863	71421.2	1	10	1	1	1	1	100	88
296	42	10838	0	0	4	8	8	same	6	0	0	36.0	0	0	-33.65	-116.27	5.65	0	454.0	-0.3588	-15.0000	8	0	0	1	0	0	1	0	nue	MEC	CC	705.5	339.3	0.837	3.32		0.9738	4490.2	0	4	1	0	0	0	20	14
296	42	11581	0	0	2	48	6	not_in_act	2	0	1	29.4	1	1	-114.65	74.04	199.43	0	737.4	-0.3501	-15.0000	10	1	0	1	0	1	2	1	nue	RES	CC	695.7	621.1	1.014	7.39		1.1478	19436.2	0	2	1	1	0	0	32	30
296	45	5838	0	0	6	97	25	not_in_act	5	0	0	54.5	0	0	-14.60	-171.87	284.92	0	752.9	-0.3853	-15.0000	8	0	0	1	0	0	1	0	nue	RES	CC	1346.3	932.8	0.203	2.73		0.3361	10130.2	0	6	1	1	0	0	24	19
296	45	5964	0	0	1000000	5	5	same	1	0	1	55.3	0	0	117.55	13.74	170.19	0	1388.7	-0.3565	9.0249	40	0	0	1	1	0	2	1	nue	RES	CC	1724.4	1492.8	0.709	0.61		0.8460	47785.4	1	1000000	1	0	1	1	55	54
296	45	8270	0	0	1000000	28	28	same	2	0	1	102.4	0	0	51.63	-103.26	52.04	0	2703.6	-1.0258	12.7071	40	0	0	1	1	0	1	0	nue	MEC	CC	2952.1	2620.8	0.155	1.63		0.2921	48552.1	1	20	1	0	1	1	61	59
296	45	8730	0	0	4	8	8	same	1	0	1	48.9	0	0	-185.97	-154.46	256.65	0	599.1	-0.6937	8.9813	8	0	0	1	0	0	2	0	nue	QE	CC	661.2	640.9	1.583	0.34		1.7161	18348.9	0	4	1	0	1	1	24	23
296	45	8905	0	0	1000002	10	10	same	1	0	0	47.6	0	0	154.04	192.49	352.75	0	1140.5	-0.4001	8.6811	40	0	0	1	1	0	2	0	nue	QE	CC	1180.7	1084.9	0.79	1.51		0.9248	24553.9	1	1000002	1	0	1	1	41	40
296	45	10493	0	0	1000001	19	19	same	3	0	0	74.8	0	0	90.44	156.96	436.67	0	1029.2	-0.3261	11.3304	40	0	0	1	1	0	3	0	nue	QE	CC	2078.5	984.7	1.382	0.97		1.5174	18038.6	1	14	1	0	1	1	14	11
296	45	11359	0	0	1	12	12	same	2	0	0	84.2	1	1	-69.70	-66.00	448.27	0	1223.3	3.5161	9.7070	36	0	1	0	1	0	2	0	nue	RES	CC	1918.1	1110.1	1.229	1.05		1.3651	19682.4	0	1	1	0	1	1	17	15
296	49	4024	0	0	2	12	12	same	13	1	0	61.9	1	1	-190.53	15.19	331.58	0	978.1	0.8937	8.9832	40	0	0	1	1	0	2	0	nue	RES	CC	964.0	754.6	0.793	0.79		0.9278	20734.6	0	2	1	0	1	1	19	6
296	49	5127	0	0	0	4	4	same	1	0	1	107.1	0	0	-155.48	1.86	420.13	0	1806.3	0.6462	8.5292	8	0	0	1	0	0	2	1	nue	RES	CC	1896.8	1627.3	1.228	0.17		1.3623	43927.7	0	0	1	0	1	1	29	28
296	49	8002	0	0	3	12	12	same	4	0	0	138.7	1	1	-43.57	122.54	398.28	0	1305.8	-0.7437	11.1432	40	0	0	1	1	0	3	1	nue	RES	CC	1592.0	1260.4	0.642	1.31		0.7793	17087.4	0	3	1	0	1	1	20	16
296	49	10396	0	0	1000004	19	19	same	12	0	0	80.2	0	0	104.23	-199.73	277.86	0	489.2	-0.8664	-15.0000	10	1	0	1	0	1	2	1	nue	RES	CC	644.7	376.3	0.183	3.90		0.3222	7877.9	1	1000004	1	0	0	0	30	18
296	49	11067	0	0	1	19	19	same	2	0	1	40.4	0	0	-80.89	124.99	256.95	0	1353.5	-0.5654	8.2759	8	0	0	1	0	0	1	0	nue	RES	CC	1334.4	1153.0	1.507	0.59		1.6433	24845.3	0	1	1	0	1	1	29	27
296	49	11445	0	0	1	16	16	same	27	0	1	84.9	0	0	-32.28	69.83	187.32	0	1535.2	0.1193	-15.0000	8	0	0	1	0	0	2	1	nue	QE	CC	1507.3	1476.6	0.671	8.74		0.8089	34294.5	0	1	1	0	0	0	43	16
296	50	11	0	0	0	3	3	same	1	0	1	86.4	0	0	-164.38	88.42	372.52	0	2024.9	-1.7299	14.5074	40	0	0	1	1	0	2	1	nue	QE	CC	2075.3	1819.2	0.356	0.07		0.4902	40485.6	0	0	1	0	1	1	47	46
296	50	1685	0	0	1000006	16	16	same	22	0	0	174.6	0	0	13.48	-198.64	345.71	0	573.0	-2.5033	-15.0000	6	1	1	0	0	1	2	1	nue	DIS	CC	860.4	689.2	0.392	361.74		0.5258	14323.0	1	1000006	1	0	0	0	24	2
296	50	5401	0	0	1000001	12	12	same	2	0	0	81.1	0	0	167.17	-116.83	111.86	0	1659.3	-0.4314	12.5633	40	0	0	1	1	0	1	0	nue	RES	CC	1832.4	1659.4	0.728	0.17		0.8627	37138.4	1	1000001	1	0	1	1	42	40
296	50	5978	0	0	3	20	20	same	30	1	1	115.5	1	1	-75.26	108.24	17.17	0	1663.5	0.2347	11.0379	8	0	0	1	0	0	1	0	nue	RES	CC	1546.3	1341.4	0.535	1.81		0.6715	21673.4	0	3	1	0	1	1	32	2
296	50	7407	0	0	5	3	3	same	1	0	1	70.8	0	0	-72.34	179.02	285.99	0	890.6	0.1667	15.1764	40	0	0	1	1	0	1	0	nue	QE	CC	930.6	832.9	0.979	1.77		1.1155	12535.0	0	5	1	0	1	1	22	21
296	50	9393	0	0	0	5	5	same	2	0	1	138.7	0	0	-181.83	-139.47	6.45	0	2713.5	-1.4484	6.9403	40	0	0	1	1	0	2	1	nue	QE	CC	2792.1	2762.1	0.399	0.30		0.5340	101254.9	0	0	1	0	1	1	76	74
296	50	10109	0	0	1000003	10	10	same	1	0	1	65.9	0	0	-16.75	-93.73	34.67	0	449.9	-1.0814	4.4181	8	0	0	1	0	0	2	0	nue	QE	CC	502.7	471.4	0.479	2.07		0.6147	5841.5	1	1000003	1	0	1	1	18	17
296	50	11075	0	0	0	6	6	same	2	0	1	121.2	0	0	-161.49	92.52	323.05	0	2119.7	-0.7358	5.5364	36	0	1	0	1	0	2	1	nue	QE	CC	2117.4	1916.6	0.675	10.98		0.8084	47734.7	0	0	1	0	1	1	44	42
296	51	775	0	0	1000001	78	13	not_in_act	6	0	1	66.4	0	0	26.26	-149.39	209.55	0	1023.9	-0.3071	-15.0000	8	0	0	1	0	0	1	0	nue	QE	CC	1423.2	1371.8	0.159	30.33		0.2971	24271.9	1	11	1	1	0	0	47	41
296	51	1681	0	0	0	85	14	not_in_act	11	0	1	78.6	0	0	-65.84	-72.86	133.86	0	1046.5	-0.3621	-15.0000	8	0	0	1	0	0	3	2	nue	DIS	CC	1834.2	1630.6	1.011	13.49		1.1484	38569.0	0	0	1	1	0	0	88	77
296	51	1793	0	0	0	15	15	same	2	0	0	53.8	0	0	-141.66	143.62	455.00	0	1047.9	-1.4128	12.0753	8	0	0	1	0	0	1	0	nue	QE	CC	1817.6	953.9	1.456	0.21		1.5903	15909.3	0	0	1	0	1	1	14	12
296	51	3134	0	0	1000003	11	11	same	1	0	0	108.9	0	0	26.95	193.76	277.62	0	866.7	0.8913	-15.0000	8	0	0	1	0	0	3	1	nue	RES	CC	2652.9	952.2	0.94	4.73		1.0773	26694.4	1	12	1	0	0	0	6	5
296	51	6651	0	0	12	33	33	same	35	0	0	172.5	0	0	-0.78	106.28	389.06	0	1400.1	1.5424	-15.0000	8	0	0	1	0	0	2	1	nue	RES	CC	2225.9	1175.4	0.679	1.27		0.8137	5582.7	0	12	1	0	0	0	39	4
296	51	8111	0	0	1000000	11	11	same	1	0	1	95.1	0	0	49.89	-71.01	261.78	0	2842.2	-1.1021	11.6337	8	0	0	1	0	0	1	0	nue	QE	CC	2719.6	2671.9	1.09	2.12		1.2275	57682.8	1	1000000	1	0	1	1	62	61
296	51	8823	0	0	1	19	19	same	16	0	0	118.1	0	0	-21.90	-112.18	402.07	0	1482.2	2.0869	-6.7720	4	0	1	0	0	0	1	0	nue	DIS	CC	3244.6	1713.0	1.268	0.80		1.4022	30500.4	0	1	1	0	1	1	45	29
296	51	9239	0	0	1	11	11	same	2	0	0	73.8	0	0	-117.39	-176.46	306.14	0	780.4	0.4154	12.5580	40	0	0	1	1	0	1	0	nue	MEC	CC	881.8	712.9	1.055	0.75		1.1908	16402.0	0	1	1	0	1	1	29	27
296	51	11402	0	0	1000007	21	21	same	1	0	0	87.8	0	0	76.71	-180.12	433.74	0	560.0	0.8663	2.9547	8	0	0	1	0	0	1	0	nue	MEC	CC	1425.2	905.3	0.828	1.44		0.9643	11193.4	1	17	1	0	1	1	10	9
296	51	11902	0	0	1000009	16	16	same	1	0	1	24.0	0	0	48.63	180.94	402.87	0	339.3	-0.9450	-9.4541	8	0	0	1	0	0	2	1	nue	RES	CC	408.6	408.3	0.889	3.70		1.0249	5652.7	1	1000009	1	0	1	1	18	17
296	52	130	0	0	1	23	23	same	3	0	1	88.1	0	0	-42.95	58.52	21.80	0	1699.1	0.0940	10.5103	40	0	0	1	1	0	1	0	nue	QE	CC	1613.0	1574.6	0.422	3.80		0.5590	30484.2	0	1	1	0	1	1	51	48
296	52	789	0	0	4	3	3	same	2	0	0	51.1	0	0	-159.60	-30.26	0.34	0	708.7	-2.3358	5.2931	10	1	0	1	0	1	2	0	nue	RES	CC	843.7	652.9	1.405	0.48		1.5398	19573.5	0	4	1	0	1	1	10	8
296	52	2905	0	0	1000006	18	18	same	22	0	1	25.5	0	0	27.40	-60.78	397.35	0	575.5	0.1104	1.4177	40	0	0	1	1	0	2	0	nue	RES	CC	912.3	691.7	1.324	0.87		1.4585	12392.5	1	7	1	0	1	1	33	11
296	52	3075	0	0	0	12	12	same	17	0	0	132.0	0	0	-193.13	197.38	436.06	0	622.3	-0.0216	-15.0000	6	1	1	0	0	1	2	1	numu	RES	CC	1698.8	479.5	1.549	4.37		1.6802	17699.2	0	0	1	0	0	0	20	3
296	52	3120	0	0	8	5	5	same	1	0	0	29.0	0	0	-58.63	-133.99	473.21	0	285.1	1.8246	4.7111	40	0	0	1	1	0	1	0	nue	MEC	CC	1740.0	352.6	1.194	1.27		1.3307	8887.5	0	8	1	0	1	1	10	9
296	52	3606	0	0	1000005	12	12	same	1	0	1	27.9	0	0	162.45	-93.52	231.00	0	248.4	-1.4469	8.1126	40	0	0	1	1	0	3	0	nue	QE	CC	324.7	287.2	0.276	0.26		0.4119	9348.0	1	1000005	1	0	1	1	16	15
296	52	3824	0	0	1000001	88	18	not_in_act	17	0	1	36.0	0	0	30.15	-3.04	67.64	0	1497.3	-0.4060	-15.0000	8	0	0	1	0	0	2	1	nue	RES	CC	2250.4	1776.1	0.211	37.29		0.3470	32574.9	1	6	1	1	0	0	68	51
296	52	6298	0	0	1000000	84	23	not_in_act	16	0	1	55.5	0	0	22.52	28.45	189.93	0	1161.9	-0.6713	11.0568	40	0	0	1	1	0	2	1	nue	MEC	CC	1223.7	1200.0	0.294	1.92		0.4295	29571.2	1	16	1	1	1	1	44	28
296	52	7136	0	0	0	2	2	same	2	0	0	105.3	0	0	-193.26	182.68	112.73	0	1342.0	2.4893	-3.7707	4	0	1	0	0	0	2	0	nue	RES	CC	2549.4	988.8	0.802	0.18		0.9339	43269.5	0	0	1	0	1	1	23	21
296	52	8195	0	0	1000002	169	34	not_in_act	4	0	1	106.6	1	1	-2.92	-82.39	264.46	0	2175.2	-0.5975	9.6460	40	0	0	1	1	0	2	0	nue	QE	CC	2266.4	2185.8	0.088	0.79		0.2242	36424.3	1	9	1	1	1	1	70	66
296	53	319	0	0	1000000	12	12	same	23	0	1	152.8	0	0	-3.28	88.36	147.85	0	2375.9	-2.0027	9.2787	40	0	0	1	1	0	3	2	nue	QE	CC	2880.1	2673.5	0.426	0.86		0.5609	45485.4	1	1	1	0	1	1	66	43
296	53	792	0	0	1000003	12	12	same	1	0	1	72.3	0	0	69.78	38.01	90.27	0	823.5	1.3112	-15.0000	8	0	0	1	0	0	1	0	nue	RES	CC	912.3	714.0	0.65	5.92		0.7866	14825.3	1	1000003	1	0	0	0	22	21
296	53	6597	0	0	1000005	9	9	same	1	0	1	54.7	0	0	123.00	135.56	192.30	0	534.2	0.3749	13.2419	40	0	0	1	1	0	2	0	nue	QE	CC	544.8	492.8	1.109	0.51		1.2438	12020.9	1	1000005	1	0	1	1	14	13
296	53	11510	0	0	1000006	14	14	same	1	0	1	29.3	0	0	162.12	-102.86	5.06	0	706.1	0.1919	-15.0000	4	0	1	0	0	0	1	0	nue	RES	CC	661.4	459.3	0.365	0.43		0.5010	13899.5	1	1000006	1	0	0	0	16	15
296	53	12398	0	0	1000005	12	12	same	1	0	1	35.8	0	0	164.96	182.64	387.41	0	630.5	-2.7135	0.1075	8	0	0	1	0	0	2	0	nue	RES	CC	742.3	641.9	0.301	7.86		0.4330	18018.2	1	1000005	1	0	1	1	19	18
296	54	595	0	0	1000002	16	16	same	3	0	1	80.3	0	0	41.43	68.32	385.05	0	1267.4	1.7517	-15.0000	4	0	1	0	0	0	1	0	nue	RES	CC	1526.2	1251.3	1.585	30.63		1.7221	25535.8	1	14	1	0	0	0	29	26
296	54	2542	0	0	1000005	80	17	not_in_act	1	0	1	52.7	0	0	174.96	-63.02	282.76	0	758.2	0.3530	12.5258	40	0	0	1	1	0	2	1	nue	QE	CC	710.6	703.5	1.205	0.08		1.3385	22400.4	1	1000005	1	1	1	1	31	30
296	54	7633	0	0	1000002	16	16	same	17	0	0	191.2	0	0	21.66	-25.41	323.01	0	1389.6	2.8707	6.0487	4	0	1	0	0	0	2	0	nue	DIS	CC	2153.6	1527.3	0.599	0.65		0.7348	30105.8	1	4	1	0	1	1	58	41
296	54	10747	0	0	6	14	14	same	25	0	1	45.4	0	0	-133.98	-77.05	275.70	0	579.5	-0.5451	-15.0000	8	0	0	1	0	0	2	1	nue	QE	CC	466.8	455.3	0.562	2.31		0.6974	14638.3	0	6	1	0	0	0	48	23
296	56	121	0	0	8	7	7	same	1	0	0	32.1	0	0	-45.85	0.40	496.38	0	337.6	1.1944	-8.3535	8	0	0	1	0	0	2	0	nue	DIS	CC	1104.9	288.0	1.306	13.02		1.4417	4399.7	0	8	1	0	1	1	4	3
296	56	263	0	0	1000005	14	14	same	1	0	1	33.8	0	0	141.05	120.91	161.45	0	340.3	-1.4273	8.8308	40	0	0	1	1	0	2	0	nue	MEC	CC	452.4	366.4	1.011	1.46		1.1458	10502.8	1	1000005	1	0	1	1	14	13
296	56	2095	0	0	0	98	31	in_act_not_selected	57	1	1	110.2	1	1	-6.26	-79.82	305.04	0	1631.9	-0.4819	-15.0000	8	0	0	1	0	0	4	2	nue	DIS	CC	3125.6	2988.6	0.83	11.62		0.9635	55422.5	0	0	1	1	0	0	64	7
296	56	2095	1	1	1000000	29	29	same	13	0	0	48.8	0	0	181.16	-39.32	33.88	0	306.9	2.7116	-15.0000	4	0	1	0	0	0	4	3	numu	QE	CC	1044.5	269.1	0.175	0.48		0.2980	50921.7	1	1000000	1	0	0	0	16	3
296	56	3477	0	0	0	20	20	same	8	0	1	68.7	0	0	-162.36	122.38	41.78	0	1239.9	-0.8597	-0.9932	8	0	0	1	0	0	3	1	nue	RES	CC	1466.7	1297.9	1.007	4.90		1.1411	36304.9	0	0	1	0	1	1	46	38
296	56	5241	0	0	5	19	19	same	3	0	1	77.0	0	0	-63.45	-150.68	411.31	0	862.9	-0.0428	5.8179	8	0	0	1	0	0	1	0	nue	QE	CC	920.4	772.2	0.397	2.72		0.5318	13429.7	0	5	1	0	1	1	19	16
296	56	8785	0	0	0	2	2	same	1	0	0	100.6	0	0	-106.77	24.48	371.55	0	1410.1	-0.3234	4.2410	8	0	0	1	0	0	2	0	nue	QE	CC	1528.4	1306.6	0.451	4.02		0.5871	25640.9	0	0	1	0	1	1	21	20
296	56	9373	0	0	1	1	1	same	1	0	0	206.6	0	0	-108.71	194.73	148.97	0	2414.4	2.5224	-3.9206	4	0	1	0	0	0	3	2	nue	DIS	CC	3139.3	1913.4	0.234	30.96		0.3697	34501.3	0	1	1	0	1	1	46	45
296	56	11153	0	0	1000000	10	10	same	1	0	1	88.7	0	0	168.14	137.42	81.10	0	1422.9	0.3670	10.0983	40	0	0	1	1	0	2	0	nue	QE	CC	1406.4	1375.5	0.706	0.33		0.8420	35024.6	1	1000000	1	0	1	1	37	36
296	58	3306	0	0	7	7	7	same	1	0	0	52.6	0	0	-53.80	151.97	455.39	0	519.7	1.0559	-15.0000	4	0	1	0	0	0	3	0	nue	QE	CC	611.5	283.9	0.757	35.84		0.8939	3492.0	0	7	1	0	0	0	9	8
296	58	4068	0	0	0	5	5	same	1	0	1	223.8	0	0	-37.83	89.17	114.65	0	1849.5	2.1668	-15.0000	8	0	0	1	0	0	3	0	nue	DIS	CC	2321.9	1761.9	1.088	0.84		1.2263	35058.5	0	0	1	0	0	0	18	17
296	58	5512	0	0	0	72	2	not_in_act	1	0	0	71.2	0	0	-161.60	-196.19	186.25	0	2254.9	-0.1864	6.6324	40	0	0	1	1	0	3	2	nue	RES	CC	2394.2	2130.5	0.161	0.55		0.2974	43578.6	0	0	1	1	1	1	53	52
296	58	5836	0	0	0	20	20	same	5	0	0	95.3	0	0	-114.07	180.13	182.94	0	1016.3	0.3908	1.9135	40	0	0	1	1	0	5	1	nue	RES	CC	1084.6	920.4	0.407	3.75		0.5430	32800.8	0	0	1	0	1	1	27	22
296	58	6683	0	0	2	15	15	same	4	0	0	56.1	0	0	-180.95	193.23	189.75	0	861.4	0.6811	5.0224	4	0	1	0	0	0	1	0	nue	RES	CC	746.1	601.8	0.577	0.32		0.7097	16570.3	0	2	1	0	1	1	14	10
296	58	6753	0	0	1000001	12	12	same	2	0	0	219.6	0	0	109.99	-0.41	338.43	0	2674.2	1.6888	3.1790	4	0	1	0	0	0	2	0	nue	RES	CC	2960.5	2176.7	1.455	0.67		1.5918	54232.6	1	1000001	1	0	1	1	38	36
296	58	7025	0	0	1000005	16	16	same	2	0	1	62.4	0	0	63.16	97.68	255.76	0	646.3	-0.2089	14.0303	40	0	0	1	1	0	1	0	nue	QE	CC	776.6	643.2	0.427	1.50		0.5627	13680.9	1	11	1	0	1	1	28	26
296	58	9242	0	0	1000004	82	19	not_in_act	1	0	1	46.5	0	0	55.78	40.30	420.12	0	930.3	-0.6569	-15.0000	10	1	0	1	0	1	2	1	nue	RES	CC	881.7	756.5	0.09	12.52		0.2261	13180.8	1	1000004	1	1	0	0	27	26
296	58	9765	0	0	7	5	5	same	1	0	0	50.2	0	0	-96.16	-197.62	385.44	0	406.0	-1.0383	-0.4414	8	0	0	1	0	0	1	0	nue	QE	CC	866.8	422.7	0.562	3.28		0.6993	7792.9	0	7	1	0	1	1	8	7
296	58	10738	0	0	9	20	20	same	2	0	0	132.3	0	0	-46.17	-161.57	290.47	0	113.9	-2.3819	-15.0000	8	0	0	1	0	0	1	0	nue	RES	CC	972.9	628.7	1.564	100.43		1.7018	11602.0	0	9	1	0	0	0	9	7
296	59	1516	0	0	1000002	14	14	same	2	0	1	62.0	0	0	142.38	-181.86	417.97	0	658.9	0.3748	12.4988	8	0	0	1	0	0	3	1	nue	QE	CC	928.1	521.5	0.677	0.61		0.8120	10609.2	1	1000002	1	0	1	1	33	31
296	59	2839	0	0	2	4	4	same	1	0	1	62.7	0	0	-31.12	125.79	284.76	0	775.3	-0.3733	11.7922	40	0	0	1	1	0	4	3	nue	RES	CC	952.4	627.8	1.035	0.90		0.6380	35999.0	0	2	1	0	1	1	13	12
296	59	3103	0	0	0	4	4	same	1	0	1	112.2	0	0	-85.64	48.97	151.29	0	3026.8	-0.6073	10.6624	40	0	0	1	1	0	1	0	nue	DIS	CC	3668.9	3294.0	0.256	0.76		0.3927	83948.3	0	0	1	0	1	1	106	105
296	59	8504	0	0	3	17	17	same	2	0	1	45.7	0	0	-15.44	1.51	348.38	0	535.0	0.2378	-7.6181	8	0	0	1	0	0	3	1	nue	RES	CC	879.9	574.2	1.456	0.99		1.5908	11691.9	0	3	1	0	1	1	23	21
296	59	10608	0	0	1000003	46	21	not_in_act	2	0	0	31.4	0	0	69.39	38.61	466.30	0	683.7	-0.6977	-4.0560	8	0	0	1	0	0	2	0	nue	RES	CC	2376.2	627.6	0.282	2.39		0.4208	13412.0	1	20	1	1	1	1	12	10
296	59	11811	0	0	1000002	15	15	same	1	0	1	63.0	0	0	87.38	-67.44	240.60	0	1409.3	-0.1133	15.1764	40	0	0	1	1	0	3	1	nue	QE	CC	1332.5	1253.4	1.451	0.80		1.5877	32479.7	1	1000002	1	0	1	1	30	29
296	62	3105	0	0	0	4	4	same	1	0	1	127.9	0	0	-103.19	-105.25	193.57	0	1817.6	-1.1120	14.0201	40	0	0	1	1	0	3	1	nue	RES	CC	1853.7	1798.4	0.257	0.54		0.3919	54996.8	0	0	1	0	1	1	40	39
296	62	4768	0	0	1000005	43	13	not_in_act	2	0	1	31.6	0	0	0.88	-141.15	35.54	0	496.5	-0.3980	-15.0000	8	0	0	1	0	0	1	0	nue	QE	CC	578.7	561.6	0.951	2.21		1.0852	9569.0	1	18	1	1	0	0	23	21
296	62	5339	0	0	1	3	3	same	1	0	1	66.4	0	0	-76.32	-153.35	274.40	0	674.0	-0.0723	14.6993	40	0	0	1	1	0	3	0	nue	QE	CC	803.1	778.2	0.882	1.28		1.0181	14483.3	0	1	1	0	1	1	24	23
296	62	6054	0	0	7	25	25	same	11	0	1	67.5	0	0	16.50	187.99	341.74	0	1302.3	-0.5134	11.9786	40	0	0	1	1	0	3	2	nue	QE	CC	1507.2	1250.1	0.205	4.22		0.3393	10768.7	0	7	1	0	1	1	64	53
296	62	6654	0	0	1000003	17	17	same	8	0	1	30.9	0	0	61.38	-166.95	441.06	0	493.1	0.1179	6.0986	40	0	0	1	1	0	2	1	nue	MEC	CC	567.4	458.6	0.737	1.84		0.8753	7551.5	1	11	1	0	1	1	19	11
296	62	10365	0	0	1000008	35	35	same	24	1	1	44.8	1	1	63.13	14.60	128.19	0	783.1	-0.6276	10.0022	8	0	0	1	0	0	1	0	nue	QE	CC	764.3	707.2	0.899	0.89		1.0364	18398.5	1	1000008	1	0	1	1	25	1
296	62	11923	0	0	3	16	16	same	3	0	1	37.1	0	0	-30.75	37.19	79.41	0	569.1	-0.7407	-2.4513	8	0	0	1	0	0	1	0	nue	RES	CC	1337.1	896.5	0.745	4.93		0.8814	16773.3	0	3	1	0	1	1	28	25
296	63	878	0	0	1000009	69	22	not_in_act	1	0	1	46.3	0	0	121.26	-120.47	275.78	0	451.4	-1.6377	-15.0000	8	0	0	1	0	0	3	1	nue	QE	CC	467.6	437.2	0.241	90.06		0.3766	10120.3	1	1000009	1	1	0	0	19	18
296	63	1871	0	0	1000000	19	19	same	2	0	0	102.0	0	0	187.82	169.76	57.95	0	614.7	-0.5783	-15.0000	10	1	0	1	0	1	2	1	nue	MEC	CC	1150.7	1061.1	1.066	11.52		1.2009	34191.7	1	1000000	1	0	0	0	36	34
296	63	2178	0	0	1	7	7	same	2	0	0	40.2	0	0	-154.43	-87.16	43.41	0	1021.9	0.1573	8.1395	36	0	1	0	1	0	1	0	nue	RES	CC	1581.0	1015.8	1.272	1.16		1.4066	32595.6	0	1	1	0	1	1	21	19
296	63	3342	0	0	0	20	20	same	5	0	1	115.4	0	0	-34.52	-4.85	334.43	0	3187.4	0.1592	5.5203	4	0	1	0	0	0	2	0	nue	DIS	CC	3771.5	3305.4	1.247	0.98		1.3827	69851.5	0	0	1	0	1	1	78	73
296	63	4805	0	0	4	19	19	same	2	0	0	25.7	0	0	-3.51	66.61	478.89	0	610.4	0.9412	-15.0000	4	0	1	0	0	0	2	1	nue	RES	CC	1897.9	316.0	0.835	2.12		0.9681	7916.3	0	4	1	0	0	0	5	3
296	63	6783	0	0	1000001	9	9	same	1	0	1	132.5	0	0	122.73	-91.65	47.56	0	2063.3	0.3953	8.9459	4	0	1	0	0	0	2	1	nue	RES	CC	2360.2	2196.5	1.556	1.62		1.6925	53941.2	1	1000001	1	0	1	1	57	56
296	63	8809	0	0	1000003	26	26	same	14	0	1	55.4	0	0	162.75	-144.09	141.23	0	552.0	1.0534	-15.0000	4	0	1	0	0	0	2	1	nue	MEC	CC	788.7	527.4	1.409	29.37		1.5451	12000.4	1	1000003	1	0	0	0	28	14
296	63	10068	0	0	1000000	22	22	same	5	0	0	98.1	0	0	5.45	-192.41	342.23	0	3020.2	0.0556	12.2506	40	0	0	1	1	0	1	0	nue	MEC	CC	4429.0	2844.1	0.811	4.91		0.9452	33540.1	1	14	1	0	1	1	47	42
296	63	10384	0	0	1000004	10	10	same	1	0	0	41.4	0	0	37.86	-192.53	409.32	0	1001.3	1.5054	7.2858	4	0	1	0	0	0	1	0	nue	RES	CC	1802.3	936.5	0.509	3.48		0.6436	12772.3	1	18	1	0	1	1	32	31
296	63	11314	0	0	1	12	12	same	3	0	1	52.6	1	2	-131.12	39.83	163.15	0	614.4	-0.9732	13.0726	40	0	0	1	1	0	2	1	nue	QE	CC	684.4	685.5	1.278	0.24		1.4121	20535.9	0	1	1	0	1	1	31	28
296	63	12136	0	0	1000008	16	16	same	5	0	1	33.7	0	0	2.92	184.37	205.46	0	277.4	-1.2516	-15.0000	8	0	0	1	0	0	1	0	nue	RES	CC	1373.3	921.2	0.538	48.96		0.6750	6025.5	1	1000008	1	0	0	0	15	10
296	68	1078	0	0	1000000	22	22	same	8	0	0	147.2	1	1	105.88	74.02	444.10	0	1759.1	1.4770	9.8785	4	0	1	0	0	0	1	0	nue	RES	CC	2254.6	1532.6	1.42	0.71		1.5555	29586.4	1	23	1	0	1	1	27	19
296	68	3511	0	0	1000003	9	9	same	1	0	0	75.7	0	0	161.62	-180.00	56.46	0	957.0	-0.3447	10.6100	40	0	0	1	1	0	3	0	nue	RES	CC	1373.8	941.3	1.254	0.14		1.3887	20526.5	1	1000003	1	0	1	1	21	20
296	68	7106	0	0	1000001	25	25	same	15	0	1	147.9	0	0	176.26	76.91	282.20	0	1172.8	3.4727	-15.0000	4	0	1	0	0	0	2	0	nue	DIS	CC	2235.8	1359.0	0.826	0.58		0.9565	51950.2	1	13	1	0	0	0	47	32
296	68	8037	0	0	6	4	4	same	1	0	1	49.6	0	0	-133.75	165.28	269.84	0	850.2	0.1100	-3.1024	8	0	0	1	0	0	2	0	nue	QE	CC	664.2	633.1	0.52	36.73		0.6554	13935.7	0	6	1	0	1	1	10	9
296	68	9391	0	0	1000001	11	11	same	10	0	1	75.8	0	0	68.71	-43.51	171.99	0	621.5	-0.0997	13.2080	40	0	0	1	1	0	4	2	nue	QE	CC	888.1	675.6	0.746	0.86		0.8839	14932.7	1	9	1	0	1	1	27	17
296	68	10769	0	0	1000000	12	12	same	2	0	0	129.1	0	0	171.52	-181.83	158.03	0	2412.2	1.5273	10.8188	36	0	1	0	1	0	1	0	nue	DIS	CC	2613.4	1909.9	0.162	0.25		0.2901	36608.6	1	1000000	1	0	1	1	55	53
296	71	206	0	0	1000004	15	15	same	4	0	1	40.7	0	0	89.68	-100.52	165.00	0	636.4	-0.1846	1.2576	8	0	0	1	0	0	1	0	nue	RES	CC	823.8	751.6	1.448	0.94		1.5847	16809.8	1	1000004	1	0	1	1	30	26
296	71	1101	0	0	0	26	26	same	11	0	1	58.0	0	0	-22.13	137.30	200.47	0	1200.6	0.4238	-15.0000	8	0	0	1	0	0	4	0	nue	DIS	CC	2726.1	2091.9	0.631	176.04		0.7723	31902.6	0	0	1	0	0	0	34	23
296	71	2069	0	0	2	16	16	same	8	0	1	43.3	0	0	-117.44	35.61	351.30	0	914.5	-0.3177	-5.0347	8	0	0	1	0	0	2	1	nue	RES	CC	1562.9	1556.9	1.528	1.69		1.6640	38862.3	0	2	1	0	1	1	42	34
296	71	3432	0	0	1000004	23	23	same	19	0	1	43.8	0	0	32.03	68.64	145.62	0	665.6	0.6403	12.6501	8	0	0	1	0	0	2	0	nue	RES	CC	994.2	866.6	1.22	0.58		1.3555	13048.8	1	2	1	0	1	1	22	3
296	71	3671	0	0	0	16	16	same	3	0	1	58.9	0	0	-16.64	-7.13	388.18	0	1053.3	-0.2185	4.6298	8	0	0	1	0	0	1	0	nue	QE	CC	1089.5	990.3	1.093	2.36		1.2279	20939.1	0	0	1	0	1	1	32	29
296	71	4248	0	0	0	5	5	same	2	0	0	39.8	0	0	-188.50	109.29	267.74	0	672.1	-1.7581	-15.0000	4	0	1	0	0	0	1	0	nue	QE	CC	451.4	325.4	0.487	8.75		0.6216	9987.9	0	0	1	0	0	0	11	9
296	71	5393	0	0	4	14	14	same	7	0	1	106.4	0	0	-10.90	160.71	136.49	0	1126.7	0.0368	9.1321	40	0	0	1	1	0	2	1	nue	QE	CC	1092.0	1017.2	0.634	1.71		0.7680	12073.2	0	4	1	0	1	1	34	27
296	71	11659	0	0	1000001	12	12	same	2	0	0	47.1	0	0	146.37	-175.33	493.72	0	1602.8	-1.8072	-3.2304	40	0	0	1	1	0	3	0	nue	RES	CC	2011.4	1200.9	0.209	26.36		0.3440	24604.1	1	1000001	1	0	1	1	31	29
296	72	5592	0	0	1000000	28	28	same	4	0	1	68.9	0	0	78.16	-21.56	364.79	0	710.3	1.0574	-15.0000	4	0	1	0	0	0	3	1	numu	MEC	CC	1045.0	16.6	0.427	237.40		0.5582	109633.0	1	1000000	1	0	0	0	12	8
296	72	6046	0	0	4	3	3	same	1	0	1	46.6	0	0	-82.95	-108.34	115.60	0	663.6	1.0127	11.5713	40	0	0	1	1	0	2	0	nue	QE	CC	647.3	681.1	1.068	0.63		1.2052	16301.4	0	4	1	0	1	1	24	23
296	72	12035	0	0	1	6	6	same	1	0	0	110.8	0	0	-177.85	134.59	136.83	0	1612.1	0.2609	14.9546	40	0	0	1	1	0	3	0	nue	QE	CC	2045.0	1632.3	0.14	0.23		0.2747	42000.3	0	1	1	0	1	1	50	49
296	75	2301	0	0	0	8	8	same	1	0	1	101.1	0	0	-137.24	-159.63	281.49	0	1538.6	0.6944	-3.2093	8	0	0	1	0	0	3	2	nue	DIS	CC	2414.0	1837.6	1.186	7.38		1.3228	43091.1	0	0	1	0	1	1	47	46
296	75	5298	0	0	6	4	4	same	1	0	1	46.1	0	0	-122.84	138.11	54.99	0	594.2	-1.0634	-4.2084	8	0	0	1	0	0	1	0	nue	QE	CC	512.5	511.8	0.78	16.15		0.9154	10863.8	0	6	1	0	1	1	12	11
296	75	7791	0	0	1000000	118	22	not_in_act	18	0	1	78.2	0	0	48.42	-64.31	60.33	0	3524.5	-0.6544	-15.0000	8	0	0	1	0	0	2	1	nue	DIS	CC	3677.6	3511.6	1.37	1.18		1.5053	67616.4	1	14	1	1	0	0	108	90
296	75	7926	0	0	1000004	24	24	same	3	0	1	75.3	1	1	50.29	171.73	190.83	0	981.5	-1.4281	13.3131	40	0	0	1	1	0	2	0	nue	QE	CC	952.6	1023.9	1.394	2.59		1.5314	17967.2	1	1000004	1	0	1	1	40	37
296	75	8189	0	0	1000005	15	15	same	1	0	0	70.6	0	0	90.93	191.34	1.33	0	1155.8	-2.6912	7.3560	10	1	0	1	0	1	1	0	nue	QE	CC	1212.9	1101.5	1.119	0.99		1.2576	13320.2	1	1000005	1	0	1	1	17	16
296	75	9249	0	0	0	18	18	same	6	0	0	118.1	1	1	-175.61	-180.43	29.54	0	1420.1	2.6133	-15.0000	4	0	1	0	0	0	3	1	numu	RES	CC	3394.8	1659.6	1.539	1.49		1.6727	79242.0	0	0	1	0	0	0	38	32
296	75	9249	1	1	1000001	13	13	same	2	0	1	36.2	0	0	132.52	-31.56	106.96	0	496.7	0.9136	8.4520	8	0	0	1	0	0	3	2	nue	QE	CC	734.1	515.6	0.745	0.92		0.8804	24206.3	1	1000001	1	0	1	1	21	19
296	75	10453	0	0	1000003	15	15	same	7	0	1	57.0	0	0	96.48	67.37	12.61	0	691.2	-0.1162	9.4132	8	0	0	1	0	0	1	0	nue	MEC	CC	790.4	713.0	1.272	1.68		1.4063	11466.5	1	11	1	0	1	1	22	15
296	75	11838	0	0	1	7	7	same	2	0	0	99.4	0	0	-193.22	-20.30	407.62	0	1695.3	0.1349	-15.0000	8	0	0	1	0	0	4	1	nue	QE	CC	2743.2	1681.7	0.393	0.41		0.5269	76533.6	0	1	1	0	0	0	28	26
296	76	1276	0	0	1000004	11	11	same	1	0	1	46.0	0	0	146.82	121.02	149.90	0	540.8	-0.1377	12.2541	40	0	0	1	1	0	1	0	nue	QE	CC	480.9	460.9	1.029	0.36		1.1650	14370.9	1	1000004	1	0	1	1	7	6
296	76	2476	0	0	0	6	6	same	1	0	1	108.9	0	0	-102.83	135.10	351.63	0	2675.1	-1.1831	7.5560	8	0	0	1	0	0	3	0	nue	DIS	CC	3487.9	2945.2	0.277	0.80		0.4121	51438.6	0	0	1	0	1	1	87	86
296	76	3527	0	0	1000006	15	15	same	1	0	1	28.2	0	0	88.23	-19.51	437.08	0	415.8	-1.0397	3.2845	8	0	0	1	0	0	1	0	nue	MEC	CC	784.3	530.7	1.436	1.43		1.5722	11009.2	1	22	1	0	1	1	28	27
296	76	3905	0	0	4	14	14	same	2	0	0	113.8	0	0	-108.35	-106.59	437.15	0	1179.9	1.9766	14.2064	36	0	1	0	1	0	2	0	nue	QE	CC	1850.8	977.0	0.928	0.48		1.0621	17980.9	0	4	1	0	1	1	17	15
296	76	4390	0	0	1000000	12	12	same	1	0	1	75.7	0	0	125.53	154.09	162.06	0	1670.3	-0.2499	11.9735	8	0	0	1	0	0	1	0	nue	RES	CC	1818.4	1588.3	0.975	0.91		1.1108	33849.5	1	1000000	1	0	1	1	41	40
296	76	6093	0	0	1000000	18	18	same	8	0	1	104.6	0	0	8.47	167.05	155.24	0	2160.1	-1.1899	9.4935	40	0	0	1	1	0	1	0	nue	QE	CC	2372.3	2289.3	0.423	7.31		0.5590	41839.9	1	4	1	0	1	1	70	62
296	76	7607	0	0	6	10	10	same	1	0	1	63.9	0	0	-113.57	110.48	348.78	0	572.6	-0.4700	10.3228	8	0	0	1	0	0	1	0	nue	QE	CC	533.4	500.8	1.4	2.98		1.5347	11417.1	0	6	1	0	1	1	8	7
296	76	10485	0	0	0	51	10	not_in_act	7	0	0	109.4	0	0	-195.25	-146.46	125.69	0	1953.9	-1.3767	5.3025	8	0	0	1	0	0	3	0	nue	RES	CC	2259.0	1817.9	1.236	3.94		1.3707	51873.1	0	0	1	1	1	1	46	39
296	76	11246	0	0	2	6	6	same	1	0	1	55.4	0	0	-139.16	-60.45	398.50	0	846.6	0.0900	13.3191	40	0	0	1	1	0	4	1	nue	QE	CC	820.3	737.6	1.323	0.39		1.4587	24506.9	0	2	1	0	1	1	13	12
296	76	11247	0	0	1000006	15	15	same	1	0	0	53.9	0	0	108.03	-187.16	151.19	0	807.6	0.6953	-3.0713	8	0	0	1	0	0	2	0	nue	QE	CC	790.2	677.9	1.202	28.13		1.3392	10327.3	1	1000006	1	0	1	1	14	13
296	78	4279	0	0	0	26	26	same	3	0	1	97.7	0	0	-16.87	-38.55	9.64	0	1988.8	-0.6289	8.0005	8	0	0	1	0	0	3	0	nue	RES	CC	2149.5	2007.9	1.386	3.79		1.5212	27802.1	0	0	1	0	1	1	64	61
296	78	7636	0	0	1000000	17	17	same	5	0	1	84.6	0	0	126.55	27.93	62.83	0	1650.7	-0.8747	15.6536	40	0	0	1	1	0	2	1	nue	RES	CC	1919.3	1776.3	0.535	0.53		0.6708	52365.2	1	1000000	1	0	1	1	48	43
296	78	9082	0	0	1000000	12	12	same	2	0	0	111.6	0	0	183.52	14.28	175.44	0	2334.6	-0.6852	3.4451	8	0	0	1	0	0	1	0	nue	MEC	CC	4179.0	3756.9	0.653	2.34		0.7876	156302.1	1	1000000	1	0	1	1	96	94
296	78	9268	0	0	7	27	21	in_act_not_selected	18	0	0	353.7	0	0	-4.57	144.67	224.30	0	1001.4	3.9820	-15.0000	4	0	1	0	0	0	3	2	numu	RES	CC	1134.5	914.0	0.977	2.74		1.1108	12709.4	0	7	1	1	0	0	24	6
296	78	10126	0	0	1000002	11	11	same	1	0	0	64.2	0	0	138.15	-71.62	461.56	0	810.8	0.8616	-6.8084	8	0	0	1	0	0	2	0	nue	RES	CC	1183.0	791.3	0.794	12.66		0.9293	22725.1	1	1000002	1	0	1	1	7	6
296	78	11863	0	0	1000012	11	11	same	1	0	1	40.3	0	0	82.73	-29.04	467.76	0	539.7	-0.5451	14.9546	40	0	0	1	1	0	1	0	nue	QE	CC	665.1	484.9	0.569	1.69		0.7051	8953.4	1	1000012	1	0	1	1	13	12
296	80	5621	0	0	0	19	19	same	2	0	1	69.1	0	0	-85.92	60.48	297.48	0	1601.9	-1.3926	-1.0131	8	0	0	1	0	0	2	1	nue	RES	CC	1998.9	1806.1	0.922	2.22		1.0591	41634.2	0	0	1	0	1	1	51	49
296	80	7027	0	0	0	5	5	same	1	0	1	81.0	0	0	-142.59	109.69	282.43	0	1985.2	-1.0437	1.2863	8	0	0	1	0	0	3	2	nue	RES	CC	2589.5	1937.5	0.104	38.00		0.2382	56426.3	0	0	1	0	1	1	91	90
296	80	8553	0	0	2	27	27	same	16	0	1	148.6	0	0	-40.34	-133.67	238.81	0	2014.0	-1.7675	12.1434	40	0	0	1	1	0	3	1	nue	RES	CC	1953.6	1814.6	0.182	3.51		0.3183	33242.7	0	2	1	0	1	1	35	19
296	80	9222	0	0	1000000	9	9	same	1	0	1	39.0	0	0	144.75	-169.50	18.86	0	372.2	-0.3924	-15.0000	8	0	0	1	0	0	1	0	nue	RES	CC	913.3	742.7	1.309	4.68		1.4459	15437.0	1	1000000	1	0	0	0	29	28
296	80	10158	0	0	0	24	24	same	5	0	0	63.7	0	0	-57.08	-195.62	348.56	0	1302.3	0.1409	1.0243	4	0	1	0	0	0	1	0	nue	QE	CC	2055.1	1395.2	0.795	14.76		0.9314	19317.8	0	0	1	0	1	1	37	32
296	80	11310	0	0	5	7	7	same	1	0	1	33.2	0	0	-88.32	1.61	166.95	0	590.6	0.4141	2.0336	4	0	1	0	0	0	1	0	nue	RES	CC	764.3	505.8	0.503	0.49		0.6386	12582.5	0	5	1	0	1	1	15	14
296	82	269	0	0	1000009	23	23	same	2	0	1	47.4	0	0	-13.76	-15.61	452.09	0	697.0	-1.1042	7.8139	8	0	0	1	0	0	3	0	nue	QE	CC	897.7	731.2	0.208	1.39		0.3407	12869.8	1	9	1	0	1	1	21	19
296	82	4624	0	0	4	7	7	same	1	0	1	47.7	0	0	-166.22	-130.70	330.67	0	498.2	-0.3231	11.2418	40	0	0	1	1	0	1	0	nue	QE	CC	410.8	483.4	1.473	0.25		1.6094	14614.1	0	4	1	0	1	1	27	26
296	82	6024	0	0	4	15	15	same	20	1	0	141.3	1	1	-54.13	-107.42	291.17	0	1235.5	0.7646	13.0559	8	0	0	1	0	0	2	1	nue	QE	CC	1195.6	1170.0	0.845	0.73		0.9831	21267.8	0	4	1	0	1	1	21	1
296	82	6703	0	0	1	13	13	same	7	0	1	146.1	0	0	-111.80	76.29	207.66	0	1581.5	0.8083	7.0115	8	0	0	1	0	0	2	0	nue	QE	CC	1604.0	1252.5	0.256	0.50		0.3923	29804.0	0	1	1	0	1	1	39	32
296	82	7529	0	0	1000002	8	8	same	1	0	0	54.9	0	0	85.86	-181.49	304.30	0	710.6	0.9471	0.5205	10	1	0	1	0	1	1	0	nue	QE	CC	983.3	741.8	1.452	45.08		1.5889	12458.3	1	1000002	1	0	1	1	35	34
296	82	8879	0	0	3	2	2	same	1	0	0	89.3	0	0	-138.04	154.31	435.44	0	1167.2	1.2364	11.9454	36	0	1	0	1	0	1	0	nue	RES	CC	1348.5	954.8	0.681	0.09		0.8151	14273.2	0	3	1	0	1	1	4	3
296	82	11351	0	0	0	143	8	not_in_act	2	0	1	38.6	0	0	-185.17	118.65	360.78	0	824.3	-0.5830	7.4116	8	0	0	1	0	0	1	0	nue	QE	CC	1004.2	887.4	0.282	1.17		0.4165	21398.7	0	0	1	1	1	1	42	40
296	82	12015	0	0	1000000	15	15	same	9	0	1	128.0	0	0	32.84	99.00	259.25	0	1861.4	0.6210	6.0581	4	0	1	0	0	0	3	0	nue	RES	CC	2047.5	1752.4	0.541	1.16		0.6778	32525.1	1	6	1	0	1	1	43	34
296	82	12300	0	0	1000004	3	3	same	2	0	1	14.3	0	0	19.28	115.80	51.61	0	67.1	-1.9338	-15.0000	8	0	0	1	0	0	1	0	nue	QE	CC	405.4	360.7	1.162	78.14		1.3005	1173.8	1	4	1	0	0	0	6	4
296	82	12374	0	0	1000000	9	9	same	1	0	1	88.5	0	0	142.69	-0.71	330.37	0	1113.9	0.5714	11.2680	40	0	0	1	1	0	1	0	nue	MEC	CC	1188.7	1098.6	1.358	1.26		1.4957	29063.4	1	1000000	1	0	1	1	39	38
296	82	12495	0	0	1	1	1	same	1	0	1	58.0	0	0	-88.82	36.48	316.49	0	885.6	-0.6519	8.8293	8	0	0	1	0	0	3	1	nue	MEC	CC	1373.8	1115.6	0.467	0.44		0.6047	27106.5	0	1	1	0	1	1	46	45
296	82	12495	1	1	1000010	20	20	same	9	0	1	52.2	0	0	129.09	105.91	98.21	0	276.8	0.2122	-15.0000	4	0	1	0	0	0	3	2	numu	QE	CC	309.6	195.6	0.688	0.58		0.8237	6597.1	1	1000010	1	0	0	0	12	3
296	85	104	0	0	5	19	19	same	3	0	1	39.9	0	0	-81.69	-0.87	406.49	0	611.0	-1.0326	1.6798	8	0	0	1	0	0	2	0	nue	MEC	CC	713.9	617.6	1.51	1.78		1.6463	13154.6	0	5	1	0	1	1	25	22
296	85	479	0	0	1000002	20	20	same	2	0	0	20.8	0	0	198.15	137.63	233.03	0	294.2	1.7086	-15.0000	4	0	1	0	0	0	3	1	nue	QE	CC	454.8	147.0	1.091	0.73		1.2253	12065.3	1	1000002	1	0	0	0	6	4
296	85	2298	0	0	1000001	10	10	same	2	0	1	77.6	0	0	2.20	-119.41	315.63	0	1418.4	0.3315	-0.9696	8	0	0	1	0	0	5	2	nue	QE	CC	1773.3	1559.4	1.091	44.79		1.2251	22672.8	1	5	1	0	1	1	42	40
296	85	2828	0	0	0	3	3	same	1	0	1	167.1	0	0	-119.09	45.97	272.22	0	1312.0	3.3996	7.8185	4	0	1	0	0	0	1	0	nue	RES	CC	1952.7	1704.2	1.318	0.51		1.4548	44191.7	0	0	1	0	1	1	48	47
296	85	3173	0	0	1000003	10	10	same	1	0	0	67.7	0	0	106.03	144.31	375.66	0	1007.6	-1.2726	11.7579	40	0	0	1	1	0	1	0	nue	QE	CC	966.6	919.4	1.57	2.21		1.7053	15460.1	1	1000003	1	0	1	1	30	29
296	85	3865	0	0	5	5	5	same	2	0	1	44.8	0	0	-150.96	32.96	359.26	0	432.0	1.0071	-1.1861	8	0	0	1	0	0	2	0	nue	MEC	CC	513.5	345.1	1.169	3.49		1.3063	11767.3	0	5	1	0	1	1	8	6
296	85	7582	0	0	1000002	9	9	same	1	0	1	117.3	0	0	49.40	153.64	177.23	0	1553.5	1.7938	-15.0000	4	0	1	0	0	0	1	0	nue	RES	CC	2205.6	1508.2	1.202	2.11		1.3390	27160.8	1	1000002	1	0	0	0	35	34
296	85	8349	0	0	1000000	11	11	same	1	0	1	74.6	0	0	151.49	-48.54	395.76	0	1328.2	-1.2411	-15.0000	8	0	0	1	0	0	1	0	nue	MEC	CC	1263.1	1130.8	1.399	0.46		1.5351	30905.8	1	1000000	1	0	0	0	33	32
296	85	8631	0	0	1000000	92	12	not_in_act	1	0	1	72.0	0	0	147.33	-79.94	32.43	0	2377.4	0.4152	9.1154	36	0	1	0	1	0	3	1	nue	RES	CC	2191.0	2031.7	1.198	0.29		1.3331	58052.3	1	1000000	1	1	1	1	54	53
296	85	9932	0	0	3	6	6	same	1	0	0	34.3	0	0	-120.62	193.75	287.25	0	419.4	-0.7394	10.9902	40	0	0	1	1	0	2	1	nue	QE	CC	1634.8	654.1	0.768	1.05		0.9047	15328.0	0	3	1	0	1	1	15	14
296	85	10082	0	0	2	6	6	same	1	0	1	68.6	0	0	-79.89	82.52	152.11	0	1096.1	-0.0414	7.6260	40	0	0	1	1	0	2	0	nue	RES	CC	1048.6	921.3	1.334	1.63		1.4711	19199.6	0	2	1	0	1	1	32	31
296	85	12362	0	0	4	15	15	same	7	0	1	30.9	0	0	-0.65	-42.75	241.99	0	260.9	-2.5503	-15.0000	8	0	0	1	0	0	1	0	nue	QE	CC	767.4	279.5	0.882	2.65		1.0163	4585.2	0	4	1	0	0	0	7	0
296	86	1150	0	0	1000004	9	9	same	1	0	1	26.1	0	0	138.26	-16.18	238.05	0	243.4	-1.2954	-15.0000	4	0	1	0	0	0	3	0	nue	QE	CC	278.7	189.4	1.565	0.44		1.6972	8988.6	1	1000004	1	0	0	0	8	7
296	86	1154	0	0	1000000	12	12	same	6	0	1	106.1	1	1	46.14	-6.66	353.05	0	2315.0	-0.8048	11.3329	40	0	0	1	1	0	2	1	nue	DIS	CC	2328.9	2186.6	0.922	0.85		1.0587	43945.2	1	10	1	0	1	1	40	34
296	86	2935	0	0	0	3	3	same	1	0	0	95.9	0	0	-186.25	194.32	78.85	0	2594.4	-1.0642	5.8677	8	0	0	1	0	0	1	0	nue	QE	CC	2603.1	2511.7	0.382	12.50		0.5160	89511.3	0	0	1	0	1	1	51	50
296	86	7158	0	0	1	18	18	same	13	0	0	418.9	0	0	-18.20	76.24	89.40	0	1915.2	4.2310	-15.0000	4	0	1	0	0	0	3	0	numu	RES	CC	3812.4	1943.9	0.178	0.90		0.3140	36876.5	0	1	1	0	0	0	27	14
296	86	7158	1	1	1000003	14	14	same	1	0	1	94.7	0	0	23.02	-94.01	-14.94	0	1347.9	-1.8659	1.2642	40	0	0	1	1	0	3	1	nue	RES	CC	1451.7	1447.7	0.915	83.40		1.0517	29064.7	1	1000003	1	0	1	1	48	47
296	86	9621	0	0	6	14	14	same	10	0	1	49.6	0	0	-0.23	-108.04	392.88	0	368.6	-0.3255	-15.0000	4	0	1	0	0	0	2	0	nue	RES	CC	823.9	736.2	1.286	11.24		1.4196	6596.5	0	6	1	0	0	0	15	5
296	86	10992	0	0	1	14	14	same	7	0	1	74.7	0	0	-155.22	-47.08	367.20	0	1067.2	1.2349	-1.8837	4	0	1	0	0	0	1	0	nue	DIS	CC	2521.5	1211.7	0.68	6.22		0.8163	36995.7	0	1	1	0	1	1	45	38
296	87	700	0	0	1000001	10	10	same	2	0	0	39.3	0	0	189.86	-41.54	218.89	0	462.0	0.8220	-15.0000	10	1	0	1	0	1	2	0	nue	QE	CC	478.9	269.1	0.334	1.16		0.4653	22123.7	1	1000001	1	0	0	0	2	0
296	87	833	0	0	1000004	19	19	same	15	0	0	490.6	0	0	-101.50	13.64	149.14	0	2217.5	5.1432	-5.1274	4	0	1	0	0	0	1	0	nue	DIS	CC	3324.6	2679.3	1.561	1.98		1.7065	12378.4	1	1	1	0	1	1	54	39
296	87	3854	0	0	1000000	14	14	same	6	0	1	88.6	0	0	121.69	-7.24	161.50	0	2353.5	-0.7132	12.8654	40	0	0	1	1	0	2	0	nue	RES	CC	2381.5	2200.8	0.482	0.64		0.6165	64808.2	1	9	1	0	1	1	55	49
296	87	3959	0	0	1	14	14	same	25	0	1	94.9	0	0	-53.43	-95.34	59.46	0	782.9	1.9645	-11.3286	8	0	0	1	0	0	1	0	nue	MEC	CC	1529.1	1512.6	0.44	6.44		0.5796	29978.8	0	1	1	0	1	1	41	16
296	87	4958	0	0	1000008	30	22	in_act_not_selected	7	0	1	58.8	0	0	6.10	-5.55	360.75	0	694.0	-0.2999	-15.0000	8	0	0	1	0	0	1	0	nue	RES	CC	1168.8	788.7	0.977	111.79		1.1134	18191.7	1	7	1	1	0	0	34	27
296	87	7773	0	0	1000004	18	18	same	30	1	1	41.6	1	1	134.15	-51.62	67.17	0	614.5	-0.6678	2.5591	8	0	0	1	0	0	1	0	nue	RES	CC	987.9	683.2	0.138	3.53		0.2729	19313.2	1	1000004	1	0	1	1	35	5
296	87	9969	0	0	1000001	59	14	not_in_act	1	0	0	99.9	0	0	89.95	-49.11	421.87	0	1476.7	-0.4960	-15.0000	8	0	0	1	0	0	1	0	nue	MEC	CC	2000.7	1662.8	0.339	4.73		0.4778	30558.6	1	1000001	1	1	0	0	23	22
296	87	11140	0	0	1000007	86	18	not_in_act	2	0	1	29.8	0	0	26.05	131.52	43.03	0	932.8	-0.6145	-3.2591	6	1	1	0	0	1	2	0	nue	QE	CC	954.0	834.7	0.4	22.29		0.5383	16126.1	1	15	1	1	1	1	40	38
296	87	11210	0	0	1000002	6	6	same	1	0	1	49.4	0	0	163.15	38.97	245.28	0	596.0	-0.5087	11.0883	40	0	0	1	1	0	3	0	nue	RES	CC	828.5	686.4	1.11	0.34		1.2451	28115.5	1	1000002	1	0	1	1	40	39
296	87	12290	0	0	4	3	3	same	1	0	1	36.9	0	0	-44.41	140.53	324.93	0	775.7	-0.8030	11.4503	40	0	0	1	1	0	2	1	nue	MEC	CC	756.2	645.0	0.505	1.69		0.6417	11292.9	0	4	1	0	1	1	20	19
296	88	447	0	0	1000000	17	17	same	1	0	1	125.3	0	0	107.24	-72.86	264.94	0	2056.5	-1.1271	4.5173	8	0	0	1	0	0	2	0	nue	QE	CC	2950.5	2939.4	0.389	14.05		0.5261	70234.0	1	1000000	1	0	1	1	79	78
296	88	1166	0	0	1	5	5	same	1	0	1	83.6	0	0	-111.24	-0.50	180.14	0	1142.9	-0.6371	-15.0000	4	0	1	0	0	0	2	0	nue	MEC	CC	1318.4	1291.3	1.222	1.77		1.3574	37920.3	0	1	1	0	0	0	21	20
296	88	4176	0	0	1000001	14	14	same	3	0	1	68.0	1	1	164.55	-78.92	144.85	0	1459.2	-0.1808	-15.0000	8	0	0	1	0	0	3	2	nue	QE	CC	1292.1	1254.2	0.934	86.81		1.0694	36883.8	1	1000001	1	0	0	0	41	38
296	88	4463	0	0	1000001	94	17	not_in_act	2	0	1	44.0	0	0	159.59	-122.48	321.14	0	1116.5	-0.1544	-15.0000	8	0	0	1	0	0	5	1	nue	RES	CC	1390.0	1124.0	0.333	0.66		0.4675	30284.1	1	1000001	1	1	0	0	45	43
296	88	7014	0	0	1000001	23	23	same	29	1	1	30.7	1	1	126.84	110.97	245.63	0	492.0	-0.7552	10.1543	8	0	0	1	0	0	3	2	nue	QE	CC	616.1	585.6	0.144	0.25		0.2788	18879.6	1	1000001	1	0	1	1	36	7
296	88	8064	0	0	1000000	19	19	same	2	0	0	74.8	0	0	188.90	24.66	48.00	0	1097.5	-1.1167	8.6318	8	0	0	1	0	0	1	0	nue	RES	CC	1758.9	1292.6	0.858	2.45		0.9937	43288.2	1	1000000	1	0	1	1	38	36
296	88	12108	0	0	1000000	20	20	same	4	0	0	104.7	0	0	180.65	-9.45	247.37	0	2185.4	1.4795	-15.0000	4	0	1	0	0	0	3	2	nue	RES	CC	3423.6	2608.5	0.863	0.81		0.9976	109590.2	1	1000000	1	0	0	0	103	99
296	88	12391	0	0	1000000	20	20	same	3	0	1	98.9	0	0	38.85	51.56	317.35	0	2350.1	0.2764	7.6089	36	0	1	0	1	0	2	0	nue	RES	CC	2752.2	2245.9	0.791	0.97		0.9277	45767.9	1	1000000	1	0	1	1	38	35
296	91	3191	0	0	1000007	12	12	same	1	0	0	57.8	0	0	79.61	125.11	448.47	0	1071.5	-0.5692	7.4606	8	0	0	1	0	0	1	0	nue	RES	CC	2113.0	990.1	1.155	1.09		1.2899	16021.7	1	15	1	0	1	1	24	23
296	91	3278	0	0	2	3	3	same	1	0	1	47.6	0	0	-34.12	-99.85	362.71	0	760.6	0.0782	9.2714	40	0	0	1	1	0	2	1	nue	QE	CC	860.1	787.9	0.319	1.63		0.4548	14924.7	0	2	1	0	1	1	22	21
296	91	4775	0	0	0	5	5	same	1	0	1	91.6	0	0	-34.88	14.13	258.72	0	2054.7	1.6977	0.3423	4	0	1	0	0	0	3	1	nue	DIS	CC	2209.9	2005.7	0.337	2.62		0.4725	44164.0	0	0	1	0	1	1	54	53
296	91	5191	0	0	1	20	20	same	41	1	1	70.8	1	1	-43.58	113.23	255.10	0	1464.4	0.6533	10.2142	40	0	0	1	1	0	2	1	nue	COH	CC	1690.1	1472.2	0.712	1.04		0.8492	31987.3	0	1	1	0	1	1	48	7
296	97	169	0	0	1	3	3	same	1	0	1	91.1	0	0	-105.39	-23.12	126.27	0	1784.0	1.1631	2.0969	4	0	1	0	0	0	1	0	nue	RES	CC	2567.2	1939.1	1.145	1.08		1.2834	50994.1	0	1	1	0	1	1	34	33
296	97	725	0	0	1	22	22	same	29	0	1	86.4	0	0	-2.20	13.66	374.88	0	2083.2	-2.0110	2.9792	8	0	0	1	0	0	1	0	nue	RES	CC	2048.4	2013.1	0.244	22.68		0.3783	33005.5	0	1	1	0	1	1	51	22
296	97	1553	0	0	3	14	14	same	1	0	0	96.4	0	0	-143.81	67.99	437.90	0	1122.9	1.5868	-7.0065	4	0	1	0	0	0	1	0	nue	DIS	CC	1472.9	933.2	0.207	1.71		0.3410	21270.1	0	3	1	0	1	1	22	21
296	97	3391	0	0	1	12	12	same	1	0	0	49.5	0	0	-189.65	123.76	159.91	0	1116.1	-0.7263	-5.6605	8	0	0	1	0	0	2	0	nue	MEC	CC	1010.9	989.4	0.822	53.38		0.9573	29504.3	0	1	1	0	1	1	61	60
296	97	5657	0	0	0	14	14	same	2	0	1	102.8	1	1	-157.66	-86.07	289.35	0	2936.7	-1.5108	7.1955	40	0	0	1	1	0	1	0	nue	DIS	CC	3345.7	2720.0	0.205	1.55		0.3399	92285.1	0	0	1	0	1	1	89	87
296	97	5717	0	0	0	8	8	same	2	0	1	55.0	0	0	-163.35	-51.65	433.78	0	1196.6	0.1101	4.8505	8	0	0	1	0	0	2	1	nue	DIS	CC	1479.8	1231.9	1.021	0.04		1.1541	38784.9	0	0	1	0	1	1	35	33
296	97	6588	0	0	3	5	5	same	1	0	0	13.0	0	0	-169.44	193.57	52.54	0	82.0	-0.4430	-11.7248	8	0	0	1	0	0	2	1	nue	MEC	CC	910.8	249.4	1.063	1.14		1.1996	9179.6	0	3	1	0	1	1	3	2
296	97	7232	0	0	1000000	21	21	same	28	0	1	124.6	0	0	54.05	-49.16	100.46	0	1896.6	1.4596	8.0303	36	0	1	0	1	0	2	0	nue	QE	CC	1967.2	1940.6	1.464	1.75		1.6006	44522.1	1	1000000	1	0	1	1	48	20
296	97	8560	0	0	2	3	3	same	2	0	0	29.3	0	0	-198.52	-15.06	18.86	0	550.7	-0.9927	-15.0000	4	0	1	0	0	0	2	0	nue	MEC	CC	848.6	474.9	0.76	2.43		0.8953	16606.9	0	2	1	0	0	0	25	23
296	97	10801	0	0	0	16	16	same	5	0	1	93.5	0	0	-54.66	-84.50	148.18	0	2995.9	-1.4189	4.5545	8	0	0	1	0	0	2	1	nue	RES	CC	2742.6	2480.3	0.65	21.36		0.7868	53872.9	0	0	1	0	1	1	49	44
296	98	1011	0	0	1000000	17	17	same	18	0	1	135.0	0	0	57.11	-141.90	226.90	0	2164.4	-0.4752	12.0459	40	0	0	1	1	0	2	1	nue	QE	CC	2174.2	2072.4	1.242	1.39		1.3801	38770.2	1	11	1	0	1	1	67	49
296	98	2379	0	0	1000000	22	22	same	5	0	0	80.6	1	1	193.81	59.25	82.44	0	827.8	1.1090	-15.0000	8	0	0	1	0	0	3	2	nue	RES	CC	1254.8	588.1	1.14	25.78		1.2759	32995.4	1	1000000	1	0	0	0	9	4
296	98	3212	0	0	1	4	4	same	1	0	0	94.9	0	0	-105.79	-16.30	444.22	0	1063.9	-0.0433	14.2064	40	0	0	1	1	0	1	0	nue	QE	CC	1074.5	841.9	0.85	5.31		0.9850	18284.0	0	1	1	0	1	1	14	13
296	98	8427	0	0	1000003	14	14	same	1	0	0	47.9	0	0	194.70	-163.88	269.55	0	476.1	0.2288	13.2287	40	0	0	1	1	0	3	1	nue	QE	CC	483.5	402.8	0.996	0.21		1.1288	13718.3	1	1000003	1	0	1	1	9	8
296	98	9038	0	0	2	32	32	same	29	1	1	97.0	1	1	-38.42	-66.24	145.35	0	1348.3	0.5824	6.5570	40	0	0	1	1	0	3	0	nue	RES	CC	1391.2	1187.8	1.506	0.64		1.6423	28021.4	0	2	1	0	1	1	31	2
296	98	9247	0	0	0	152	33	in_act_not_selected	68	0	0	367.7	0	0	-56.05	157.33	328.28	0	1732.2	-2.9127	-10.1448	10	1	0	1	0	1	3	2	nue	RES	CC	3279.3	2053.5	0.241	27.91		0.3783	53684.4	0	0	1	1	1	1	77	9
296	98	9284	0	0	5	94	26	not_in_act	35	0	1	116.7	0	0	-12.63	34.02	89.92	0	1350.8	-0.5200	-15.0000	8	0	0	1	0	0	2	1	nue	DIS	CC	2057.8	1566.3	1.238	1.00		1.3738	18158.9	0	5	1	1	0	0	58	23
296	98	10039	0	0	0	16	16	same	3	0	0	77.3	1	1	-136.10	-174.55	309.55	0	1160.2	1.6303	11.1450	36	0	1	0	1	0	3	0	nue	RES	CC	2205.4	1107.7	1.018	0.47		1.1514	40010.9	0	0	1	0	1	1	21	18
296	98	10261	0	0	1000001	30	30	same	44	1	1	97.6	1	1	9.74	-25.97	331.77	0	2780.0	-1.6111	8.4676	40	0	0	1	1	0	2	0	nue	QE	CC	2802.3	2706.1	1.039	0.31		1.1745	52714.5	1	1000001	1	0	1	1	44	0
296	98	10696	0	0	0	6	6	same	2	0	1	191.9	0	0	-40.76	-55.63	361.50	0	1444.0	1.2007	9.0142	8	0	0	1	0	0	1	0	nue	DIS	CC	2064.0	1509.4	1.417	0.94		1.5520	29804.0	0	0	1	0	1	1	16	14
296	98	11239	0	0	0	27	27	same	57	1	1	137.9	1	1	-77.23	-81.58	48.66	0	3404.7	1.3977	6.3763	4	0	1	0	0	0	4	3	nue	DIS	CC	3746.7	3448.0	0.934	1.23		1.0704	71387.3	0	0	1	0	1	1	64	7
296	98	11876	0	0	2	23	23	same	5	0	1	74.0	0	0	-164.78	-138.24	88.36	0	1562.9	-0.0130	-0.7329	8	0	0	1	0	0	1	0	nue	MEC	CC	1543.0	1325.1	0.31	24.89		0.4444	39071.5	0	2	1	0	1	1	48	43
297	6	449	0	0	1000004	11	11	same	1	0	1	78.0	0	0	104.97	-94.68	315.71	0	1118.4	0.7731	-15.0000	8	0	0	1	0	0	1	0	nue	MEC	CC	1008.6	952.4	1.264	10.33		1.4012	20101.6	1	1000004	1	0	0	0	27	26
297	6	2221	0	0	1000002	81	12	not_in_act	1	0	1	49.5	0	0	13.19	-169.27	91.41	0	1560.1	0.2443	-15.0000	8	0	0	1	0	0	1	0	nue	RES	CC	1873.3	1524.9	1.199	2.94		1.3347	22058.5	1	11	1	1	0	0	42	41
297	6	2365	0	0	5	6	6	same	1	0	0	21.8	0	0	-108.34	51.99	483.36	0	272.2	0.4864	-15.0000	8	0	0	1	0	0	3	0	nue	QE	CC	904.1	235.0	1.1	2.05		1.2359	7738.7	0	5	1	0	0	0	1	0
297	6	5652	0	0	1000001	16	16	same	8	0	1	52.4	0	0	160.29	-0.27	396.79	0	800.6	0.3767	-0.3443	40	0	0	1	1	0	3	2	nue	DIS	CC	929.0	757.1	1.134	0.97		1.2701	21069.1	1	1000001	1	0	1	1	21	13
297	6	7155	0	0	1000003	8	8	same	1	0	0	291.7	0	0	79.43	16.57	211.82	0	1009.7	4.0347	-15.0000	8	0	0	1	0	0	3	1	numu	RES	CC	1393.4	879.4	0.447	15.34		0.5849	20532.7	1	1000003	1	0	0	0	3	2
297	6	7155	1	1	4	9	9	same	3	0	0	65.1	1	1	-104.55	169.17	411.69	0	1305.2	-0.9113	-3.7929	8	0	0	1	0	0	3	2	nue	QE	CC	1436.6	1284.1	1.189	54.72		1.3250	17790.4	0	4	1	0	1	1	51	48
297	6	8253	0	0	1000002	19	19	same	9	0	1	92.6	1	1	3.97	-160.80	6.18	0	1819.9	-2.0176	-15.0000	8	0	0	1	0	0	2	0	nue	QE	CC	1735.2	1722.2	0.287	3.15		0.4220	25798.7	1	10	1	0	0	0	42	33
297	6	8370	0	0	7	30	27	in_act_not_selected	33	0	0	479.5	0	0	5.34	4.18	49.95	0	1766.6	-0.6157	2.5515	4	0	1	0	0	0	1	0	nue	DIS	CC	2059.2	1931.9	0.176	4.80		0.3117	21764.2	0	7	1	1	1	1	33	0
297	6	10010	0	0	1000006	7	7	same	1	0	0	157.5	0	0	68.21	-178.18	277.53	0	660.6	2.7500	-15.0000	4	0	1	0	0	0	3	2	nue	QE	CC	1484.8	967.4	1.073	2.56		1.2117	16633.5	1	1000006	1	0	0	0	7	6
297	21	468	0	0	1000008	72	21	not_in_act	6	0	1	25.8	0	0	71.24	97.41	124.35	0	525.1	-0.2102	-15.0000	8	0	0	1	0	0	1	0	nue	QE	CC	560.3	558.1	0.123	101.87		0.2590	11946.7	1	21	1	1	0	0	22	16
297	21	1774	0	0	0	17	17	same	2	0	1	42.4	0	0	-162.65	116.65	343.99	0	668.2	-0.4587	-3.1944	8	0	0	1	0	0	3	0	nue	MEC	CC	896.3	566.8	0.356	1.06		0.4913	18486.6	0	0	1	0	1	1	29	27
297	21	2881	0	0	1000000	19	19	same	2	0	1	84.2	0	0	28.99	170.80	122.29	0	1847.7	0.3148	11.4531	4	0	1	0	0	0	1	0	nue	RES	CC	2235.4	1798.0	1.37	2.69		1.5039	31589.7	1	8	1	0	1	1	46	44
297	21	4987	0	0	1000000	7	7	same	1	0	1	75.0	0	0	76.29	125.33	130.44	0	1991.5	-0.4774	14.1912	8	0	0	1	0	0	1	0	nue	QE	CC	2077.4	1993.8	0.197	1.17		0.3335	38935.3	1	1000000	1	0	1	1	46	45
297	21	6501	0	0	1000008	19	19	same	3	0	1	75.5	0	0	-3.20	25.34	116.89	0	1431.4	0.0610	-1.3176	8	0	0	1	0	0	1	0	nue	QE	CC	1370.8	1259.4	0.516	42.31		0.6522	1337.6	1	0	1	0	1	1	34	31
297	21	6784	0	0	1000004	68	12	not_in_act	1	0	1	39.7	0	0	64.32	22.29	388.19	0	358.7	-0.8126	-15.0000	8	0	0	1	0	0	1	0	nue	RES	CC	885.1	697.7	0.415	26.61		0.5538	14216.8	1	1000004	1	1	0	0	15	14
297	21	8563	0	0	0	19	19	same	10	0	1	95.1	0	0	-34.77	-102.98	174.75	0	2713.5	-0.1375	11.2466	36	0	1	0	1	0	2	1	nue	DIS	CC	3407.9	2821.1	0.141	0.80		0.2752	62386.8	0	0	1	0	1	1	83	73
297	21	11494	0	0	1	23	23	same	4	0	0	69.7	0	0	-15.17	179.46	383.31	0	1828.2	-1.2120	5.0075	40	0	0	1	1	0	1	0	nue	DIS	CC	2583.8	1928.5	0.11	3.33		0.2444	25316.0	0	1	1	0	1	1	55	51
297	38	387	0	0	1000000	13	13	same	1	0	1	96.1	0	0	48.96	181.59	389.21	0	2692.2	-0.7983	11.6319	40	0	0	1	1	0	2	0	nue	QE	CC	2577.6	2451.9	0.625	2.56		0.7614	31488.2	1	1000000	1	0	1	1	37	36
297	38	485	0	0	0	87	18	not_in_act	33	0	1	71.3	0	0	-82.18	-153.05	361.11	0	779.9	-0.3328	-15.0000	8	0	0	1	0	0	2	0	nue	QE	CC	2067.3	1987.5	1.492	26.63		1.6275	36393.2	0	0	1	1	0	0	71	38
297	38	3717	0	0	1	24	24	same	15	1	0	198.6	1	1	-177.30	115.72	333.98	0	833.0	4.1707	-15.0000	4	0	1	0	0	0	3	2	numu	MEC	CC	830.5	659.1	1.584	0.32		1.5092	31398.4	0	1	1	0	0	0	30	15
297	38	5792	0	0	0	31	4	not_in_act	2	0	0	16.0	1	1	-196.92	69.57	69.20	0	97.0	-1.5739	-15.0000	8	0	0	1	0	0	1	0	nue	RES	CC	1482.6	573.5	0.444	23.21		0.5773	58911.2	0	0	1	1	0	0	22	20
297	38	7266	0	0	1000001	83	21	not_in_act	3	0	0	66.5	0	0	71.77	174.33	368.04	0	1462.2	1.0036	-15.0000	8	0	0	1	0	0	4	3	nue	RES	CC	1721.0	1529.2	0.225	2.09		0.3610	24411.6	1	25	1	1	0	0	26	23
297	38	8023	0	0	1000000	12	12	same	8	0	0	66.7	0	0	142.79	-54.89	452.60	0	1054.5	0.2969	10.0002	8	0	0	1	0	0	3	2	nue	QE	CC	2037.1	953.6	1.212	1.02		1.3482	23772.3	1	15	1	0	1	1	13	5
297	38	12059	0	0	1000002	86	19	not_in_act	2	0	1	109.7	0	0	-15.16	20.44	27.72	0	1663.8	-0.2078	-15.0000	8	0	0	1	0	0	1	0	nue	DIS	CC	2811.2	2385.1	0.097	3.08		0.2330	26269.7	1	1	1	1	0	0	52	50
297	41	2394	0	0	2	121	20	not_in_act	8	0	1	68.3	0	0	-42.26	-36.83	60.88	0	1596.5	-0.7961	8.8600	40	0	0	1	1	0	1	0	nue	QE	CC	1693.1	1649.7	0.649	2.13		0.7862	28641.8	0	2	1	1	1	1	50	42
297	41	2444	0	0	1000000	15	15	same	2	0	1	151.3	0	0	100.18	-8.18	177.91	0	1157.1	0.4240	12.1948	40	0	0	1	1	0	2	0	nue	QE	CC	1082.4	1069.1	1.316	1.17		1.4533	26895.5	1	1000000	1	0	1	1	16	14
297	41	3189	0	0	0	7	7	same	1	0	1	93.5	0	0	-111.27	-30.31	230.68	0	1381.3	0.4481	12.9723	40	0	0	1	1	0	1	0	nue	QE	CC	1349.9	1345.5	1.167	0.75		1.3030	41674.7	0	0	1	0	1	1	47	46
297	41	3399	0	0	12	11	11	same	1	0	1	24.7	0	0	-102.25	-143.19	111.70	0	478.4	-0.8715	-15.0000	8	0	0	1	0	0	1	0	nue	RES	CC	1036.2	564.8	0.064	0.51		0.2007	13042.1	0	12	1	0	0	0	13	12
297	41	4920	0	0	1000000	30	30	same	24	1	0	41.2	1	1	195.96	-21.28	105.75	0	320.0	-1.2918	-15.0000	4	0	1	0	0	0	3	2	nue	RES	CC	1355.0	709.1	1.313	15.90		1.4467	58530.2	1	1000000	1	0	0	0	47	23
297	41	5953	0	0	5	2	2	same	1	0	0	25.3	0	0	-122.97	195.80	323.58	0	212.9	0.4388	-15.0000	8	0	0	1	0	0	2	1	nue	RES	CC	784.5	197.5	0.906	3.23		1.0409	4203.9	0	5	1	0	0	0	4	3
297	41	6426	0	0	1000006	15	15	same	3	0	0	25.8	1	1	21.42	22.06	476.28	0	346.6	-0.2916	-15.0000	4	0	1	0	0	0	2	0	nue	QE	CC	1073.1	194.5	0.206	2.23		0.3404	4363.7	1	10	1	0	0	0	4	1
297	41	7147	0	0	1	22	22	same	12	0	1	47.3	0	0	-91.41	18.85	65.64	0	667.7	1.1090	-15.0000	4	0	1	0	0	0	1	0	nue	RES	CC	1252.8	820.2	0.972	2.79		1.1071	18490.1	0	1	1	0	0	0	51	39
297	41	7893	0	0	1000000	21	21	same	3	0	0	105.0	0	0	36.39	-136.44	373.22	0	2513.6	-1.5630	13.1650	40	0	0	1	1	0	2	1	nue	QE	CC	2455.6	2324.4	0.983	1.63		1.1194	35469.9	1	9	1	0	1	1	47	44
297	58	1179	0	0	4	12	12	same	9	0	1	81.1	0	0	21.07	-101.31	139.95	0	2018.6	-0.5593	12.4754	40	0	0	1	1	0	2	0	nue	QE	CC	2247.1	2030.4	1.503	0.84		1.6396	3687.6	0	4	1	0	1	1	87	78
297	58	5522	0	0	1000002	10	10	same	1	0	1	45.0	0	0	91.13	96.12	353.48	0	487.0	-0.8336	11.6719	8	0	0	1	0	0	1	0	nue	QE	CC	477.8	408.3	1.189	3.13		1.3267	9317.4	1	1000002	1	0	1	1	27	26
297	58	10377	0	0	7	7	7	same	2	0	0	25.7	0	0	-184.53	-15.49	76.11	0	668.0	-0.0138	4.5072	8	0	0	1	0	0	2	0	nue	RES	CC	884.3	656.5	1.521	0.31		1.6562	19186.2	0	7	1	0	1	1	21	19
297	58	11099	0	0	1000000	15	15	same	4	0	1	192.3	0	0	36.25	-88.19	359.60	0	2948.1	-0.9126	12.1626	40	0	0	1	1	0	2	1	nue	QE	CC	3541.1	3167.3	0.622	0.55		0.7568	49476.8	1	5	1	0	1	1	70	66
297	58	12226	0	0	1000000	24	24	same	3	0	1	85.3	0	0	37.91	-66.39	264.55	0	1604.7	-0.0853	13.1793	8	0	0	1	0	0	3	0	nue	RES	CC	2123.7	1860.4	0.826	0.77		0.9610	37279.2	1	8	1	0	1	1	53	50
297	76	1089	0	0	1000000	18	18	same	16	0	1	136.7	0	0	68.40	36.56	252.01	0	2947.4	0.6477	5.0884	4	0	1	0	0	0	3	1	nue	QE	CC	2802.2	2775.2	1.315	92.57		1.4545	68339.9	1	1000000	1	0	1	1	57	41
297	76	3474	0	0	1000003	14	14	same	3	0	1	62.2	1	1	133.29	37.38	24.64	0	1208.0	-0.3243	6.1269	8	0	0	1	0	0	1	0	nue	RES	CC	1008.0	950.8	0.646	3.54		0.7795	21376.9	1	1000003	1	0	1	1	28	25
297	76	7029	0	0	0	5	5	same	2	0	0	116.2	0	0	-161.73	-127.50	348.56	0	2352.7	-0.6912	10.4690	40	0	0	1	1	0	1	0	nue	QE	CC	2568.8	2124.3	0.3	0.98		0.4350	111279.2	0	0	1	0	1	1	41	39
297	76	8730	0	0	1000003	13	13	same	1	0	1	51.1	0	0	58.22	49.09	364.90	0	475.7	-0.5274	-5.3454	8	0	0	1	0	0	2	0	nue	QE	CC	671.4	496.5	1.058	23.35		1.1956	10999.7	1	20	1	0	1	1	18	17
297	76	12019	0	0	1000001	19	18	in_act_not_selected	15	1	0	21.6	1	1	111.17	-191.44	127.97	0	352.7	-1.2350	-5.7038	8	0	0	1	0	0	1	0	nue	RES	CC	3418.0	1118.3	1.354	15.56		1.4924	24369.4	1	13	1	1	1	1	17	2
297	84	343	0	0	0	21	21	same	7	0	1	81.2	0	0	-175.61	111.84	262.12	0	2211.2	-1.2626	-15.0000	8	0	0	1	0	0	3	1	nue	RES	CC	2698.0	2574.6	0.694	0.60		0.8287	62552.2	0	0	1	0	0	0	65	58
297	84	411	0	0	3	4	4	same	1	0	1	29.9	0	0	-91.62	36.76	338.82	0	377.6	-0.1999	10.5512	40	0	0	1	1	0	3	1	nue	QE	CC	435.8	421.0	0.168	0.66		0.3052	10582.4	0	3	1	0	1	1	18	17
297	84	1768	0	0	1000002	43	13	not_in_act	7	0	1	28.6	0	0	31.99	80.64	413.73	0	712.4	-0.2322	-15.0000	4	0	1	0	0	0	2	1	nue	QE	CC	374.8	335.1	0.946	21.88		1.0806	6307.0	1	8	1	1	0	0	18	11
297	84	3056	0	0	1	6	6	same	1	0	0	99.3	0	0	-146.42	181.73	210.26	0	1728.5	-0.8669	5.0590	8	0	0	1	0	0	3	1	nue	RES	CC	1870.7	1699.0	0.544	15.25		0.6773	37418.7	0	1	1	0	1	1	39	38
297	84	6038	0	0	6	16	16	same	3	0	0	57.3	0	0	-158.28	188.78	454.97	0	758.5	3.0807	-15.0000	4	0	1	0	0	0	1	0	nue	DIS	CC	2054.7	584.9	0.909	0.30		1.0392	16344.0	0	6	1	0	0	0	8	5
297	84	7967	0	0	0	5	5	same	1	0	1	113.7	0	0	-182.38	148.51	90.58	0	3026.0	-2.2464	-15.0000	8	0	0	1	0	0	1	0	nue	QE	CC	3734.2	3217.0	1.518	2.04		1.6521	86985.7	0	0	1	0	0	0	60	59
297	84	8605	0	0	11	7	7	same	1	0	1	37.5	0	0	-116.89	109.15	324.88	0	333.0	-0.9217	-6.1413	8	0	0	1	0	0	2	1	nue	QE	CC	395.7	345.0	1.455	1.57		1.5908	7268.7	0	11	1	0	1	1	22	21
297	87	152	0	0	1000004	21	21	same	4	0	0	80.8	0	0	101.02	-182.19	381.88	0	1250.9	-0.9799	13.7559	40	0	0	1	1	0	4	1	nue	QE	CC	1204.7	1135.2	1.282	1.39		1.4189	14449.8	1	14	1	0	1	1	28	24
297	87	559	0	0	0	22	22	same	2	0	1	115.1	0	0	-90.74	5.19	270.59	0	2554.8	-0.8405	11.7928	36	0	1	0	1	0	1	0	nue	RES	CC	2909.7	2348.9	1.052	0.46		1.1886	58992.5	0	0	1	0	1	1	78	76
297	87	8779	0	0	8	6	6	same	1	0	1	29.2	0	0	-123.45	-187.33	67.12	0	563.8	-0.6059	-15.0000	4	0	1	0	0	0	1	0	nue	MEC	CC	602.6	420.5	0.345	6.01		0.4785	7185.5	0	8	1	0	0	0	6	5
297	87	8907	0	0	2	6	6	same	2	0	0	64.6	0	0	-174.48	1.10	426.64	0	571.4	-0.8588	9.4830	8	0	0	1	0	0	1	0	nue	QE	CC	775.3	621.2	1.456	0.26		1.5905	22120.7	0	2	1	0	1	1	36	34
297	87	9204	0	0	5	5	5	same	1	0	1	38.9	0	0	-121.41	136.10	128.23	0	277.8	-1.4468	10.2277	40	0	0	1	1	0	4	0	nue	QE	CC	354.6	297.2	0.84	0.38		0.9769	5970.5	0	5	1	0	1	1	12	11
297	89	88	0	0	1000004	6	6	same	1	0	1	45.3	0	0	33.68	-6.57	399.82	0	566.3	0.0421	13.3092	40	0	0	1	1	0	2	1	nue	QE	CC	577.9	516.8	1.023	0.40		1.1599	11055.7	1	14	1	0	1	1	15	14
297	89	1955	0	0	1000002	13	13	same	16	0	1	85.1	0	0	74.28	-62.69	426.12	0	1645.5	0.2079	15.6536	8	0	0	1	0	0	3	2	nue	RES	CC	2701.8	1536.4	0.549	1.17		0.6849	29578.8	1	6	1	0	1	1	41	25
297	89	3217	0	0	2	3	3	same	1	0	1	42.1	0	0	-100.82	85.57	136.02	0	480.3	0.8903	-1.5661	40	0	0	1	1	0	2	1	nue	QE	CC	397.3	370.8	0.992	12.95		1.1300	8039.7	0	2	1	0	1	1	19	18
297	89	4108	0	0	1000005	21	21	same	2	0	1	45.2	0	0	26.94	103.73	352.69	0	1048.7	-0.0301	4.6722	8	0	0	1	0	0	2	0	nue	MEC	CC	1115.1	1032.1	0.09	1.61		0.2272	19588.1	1	25	1	0	1	1	29	27
297	89	4455	0	0	1000000	81	14	not_in_act	1	0	0	28.0	0	0	198.05	-71.13	365.56	0	862.8	-0.3318	2.4381	8	0	0	1	0	0	2	0	nue	RES	CC	1343.8	930.8	1.133	1.09		1.2669	44796.6	1	21	1	1	1	1	26	25
297	89	6731	0	0	3	28	28	same	2	0	1	38.6	0	0	-146.39	-88.38	463.77	0	527.3	-0.6585	1.6994	8	0	0	1	0	0	1	0	nue	RES	CC	1966.2	626.5	0.891	0.64		1.0259	21781.7	0	3	1	0	1	1	24	22
297	89	8283	0	0	1000001	19	19	same	9	0	0	27.9	0	0	141.47	147.71	477.38	0	385.2	-0.0679	-15.0000	8	0	0	1	0	0	3	2	nue	MEC	CC	2118.2	432.1	0.436	0.66		0.5718	15152.6	1	19	1	0	0	0	11	2
297	89	8361	0	0	1000000	11	11	same	2	0	1	55.6	0	0	40.95	112.04	270.38	0	854.1	-0.7017	8.2516	40	0	0	1	1	0	1	0	nue	QE	CC	826.5	781.4	0.635	4.14		0.7716	17188.1	1	14	1	0	1	1	26	24
297	89	9133	0	0	1000000	15	15	same	37	0	0	365.1	0	0	118.23	82.34	297.20	0	2186.6	5.2103	-15.0000	4	0	1	0	0	0	3	0	numu	RES	CC	3834.5	2478.7	1.337	0.55		1.4707	73184.2	1	1000000	1	0	0	0	46	9
297	89	9133	1	1	2	10	10	same	2	0	1	131.2	0	0	-8.49	96.53	249.50	0	1183.0	1.3710	-15.0000	4	0	1	0	0	0	3	1	nue	RES	CC	1004.0	827.2	1.45	34.03		1.5836	14850.9	0	2	1	0	0	0	16	14
297	89	10934	0	0	1	22	22	same	10	0	1	110.5	0	0	-167.94	-134.53	121.95	0	2134.7	-1.9669	12.3707	40	0	0	1	1	0	3	0	nue	QE	CC	2235.2	2175.4	0.14	0.38		0.2738	85380.7	0	1	1	0	1	1	46	36
297	89	12301	0	0	1000007	22	22	same	2	0	1	54.3	1	1	63.46	-184.05	201.27	0	437.3	0.0828	-15.0000	8	0	0	1	0	0	1	0	nue	MEC	CC	720.5	502.5	0.807	1.38		0.9411	7740.3	1	1000007	1	0	0	0	10	8
297	90	1450	0	0	1000001	32	27	in_act_not_selected	25	0	0	286.1	0	0	1.64	170.68	290.44	0	1394.2	1.0445	-15.0000	8	0	0	1	0	0	3	2	nue	QE	CC	2156.0	1879.1	0.884	3.20		1.0187	34456.3	1	1000001	1	1	0	0	30	5
297	90	2422	0	0	1000000	12	12	same	1	0	1	132.4	0	0	128.98	-50.17	131.01	0	1490.5	-0.0455	-15.0000	8	0	0	1	0	0	1	0	nue	DIS	CC	2078.0	1721.2	0.161	0.50		0.2992	47783.3	1	1000000	1	0	0	0	49	48
297	90	3343	0	0	3	5	5	same	1	0	1	55.5	0	0	-157.20	-33.73	371.59	0	396.6	2.7271	-15.0000	4	0	1	0	0	0	2	0	numu	RES	CC	983.0	416.3	1.588	0.21		1.7247	20008.6	0	3	1	0	0	0	11	10
297	90	3474	0	0	1000002	19	19	same	21	0	1	44.2	0	0	14.18	-68.78	122.87	0	1080.3	-0.0917	2.3068	8	0	0	1	0	0	1	0	nue	MEC	CC	1114.1	1044.8	0.538	2.68		0.6724	18265.0	1	9	1	0	1	1	41	20
297	90	4065	0	0	4	2	2	same	1	0	0	10.3	0	0	-18.07	-132.99	493.55	0	166.0	-0.8524	-15.0000	10	1	0	1	0	1	2	0	nue	DIS	CC	1294.0	80.5	1.099	1.94		1.2343	3453.4	0	4	1	0	0	0	1	0
297	90	4864	0	0	1000001	17	17	same	8	0	1	79.4	1	1	69.32	-135.20	409.55	0	654.6	1.0429	2.9679	4	0	1	0	0	0	1	0	nue	DIS	CC	2509.9	1533.8	0.399	0.95		0.5343	24391.7	1	2	1	0	1	1	42	34
297	90	8806	0	0	1000004	11	11	same	1	0	1	33.5	0	0	127.67	-140.67	53.07	0	472.9	-0.1573	12.9946	40	0	0	1	1	0	1	0	nue	RES	CC	683.0	492.0	0.233	0.53		0.3683	14084.3	1	1000004	1	0	1	1	15	14
297	90	12242	0	0	5	20	20	same	11	0	0	44.0	0	0	-10.76	186.94	73.95	0	598.4	-2.5839	-7.5882	8	0	0	1	0	0	1	0	nue	QE	CC	998.7	686.7	1.538	14.35		1.6719	9921.2	0	5	1	0	1	1	17	6
297	99	153	0	0	4	4	4	same	1	0	1	135.4	0	0	-85.52	172.39	232.88	0	790.3	0.8159	5.8893	8	0	0	1	0	0	1	0	nue	RES	CC	821.1	693.2	0.692	1.71		0.8301	9564.3	0	4	1	0	1	1	9	8
297	99	319	0	0	1000006	16	16	same	1	0	1	61.8	0	0	171.37	-35.41	365.91	0	821.9	-0.0077	-15.0000	8	0	0	1	0	0	4	3	nue	MEC	CC	1048.6	811.0	1.018	1.38		1.1542	19642.6	1	1000006	1	0	0	0	12	11
297	99	370	0	0	8	17	17	same	3	0	0	41.6	1	1	-63.04	91.51	492.15	0	562.8	0.9297	-6.5292	8	0	0	1	0	0	3	2	nue	QE	CC	2080.3	322.2	0.494	29.62		0.6324	8855.9	0	8	1	0	1	1	4	1
297	99	2557	0	0	1000002	15	15	same	14	0	1	46.2	0	0	105.72	22.03	366.60	0	900.7	-0.2155	11.1510	40	0	0	1	1	0	2	0	nue	RES	CC	1172.9	1052.1	0.28	0.54		0.4161	24980.2	1	17	1	0	1	1	44	30
297	99	4004	0	0	1000001	6	6	same	1	0	1	132.2	0	0	145.22	-40.18	4.54	0	3098.5	0.3217	0.6649	8	0	0	1	0	0	2	1	nue	DIS	CC	2945.2	2787.0	0.801	0.79		0.9346	67987.2	1	1000001	1	0	1	1	79	78
297	99	5314	0	0	1000000	20	20	same	3	0	0	302.0	1	1	115.98	72.51	237.47	0	2310.0	4.4930	-15.0000	4	0	1	0	0	0	3	1	numu	DIS	CC	3312.1	2027.9	0.577	1.18		0.7153	65725.6	1	1000000	1	0	0	0	29	26
297	99	6536	0	0	0	6	6	same	1	0	1	143.3	0	0	-89.59	8.62	88.66	0	3468.2	-0.8660	9.0057	40	0	0	1	1	0	1	0	nue	DIS	CC	3530.2	3320.6	1.162	0.65		1.2970	80185.5	0	0	1	0	1	1	82	81
297	99	11793	0	0	1000000	12	12	same	2	0	0	129.5	0	0	134.20	76.43	217.88	0	2566.9	0.4300	10.8264	4	0	1	0	0	0	1	0	nue	DIS	CC	2849.1	2295.4	0.388	0.36		0.5220	72302.9	1	1000000	1	0	1	1	56	54
298	6	453	0	0	1000000	4	4	same	1	0	0	110.3	0	0	194.07	190.97	294.11	0	2229.4	-0.5616	6.2200	40	0	0	1	1	0	2	1	nue	QE	CC	2200.7	2074.4	0.314	1.20		0.4453	98577.9	1	1000000	1	0	1	1	39	38
298	6	3280	0	0	6	15	15	same	11	0	1	47.9	0	0	-64.66	127.90	474.18	0	493.8	-0.7912	-15.0000	8	0	0	1	0	0	3	1	nue	QE	CC	1102.5	460.6	0.7	24.35		0.8359	6760.0	0	6	1	0	0	0	15	4
298	6	3768	0	0	0	19	19	same	3	0	1	75.3	0	0	-68.02	-89.82	227.80	0	1254.3	-0.0043	15.6536	40	0	0	1	1	0	1	0	nue	QE	CC	1303.7	1163.0	1.432	0.85		1.5683	25624.3	0	0	1	0	1	1	32	29
298	6	4447	0	0	1000000	14	14	same	2	0	0	46.1	0	0	201.34	100.00	193.90	0	804.7	-2.0396	1.9756	42	1	0	1	1	1	2	1	nue	RES	CC	1137.8	954.2	0.18	0.30		0.3123	65666.0	1	1000000	1	0	1	1	25	23
298	6	7420	0	0	1000005	8	8	same	1	0	1	41.4	0	0	93.85	-163.75	58.39	0	758.8	0.2964	8.8055	36	0	1	0	1	0	1	0	nue	RES	CC	744.9	503.2	0.235	0.83		0.3699	8219.8	1	1000005	1	0	1	1	19	18
298	6	8242	0	0	1000004	7	7	same	1	0	0	56.7	0	0	74.42	-171.52	383.45	0	1145.7	2.2703	-15.0000	4	0	1	0	0	0	3	2	nue	RES	CC	1387.2	1046.1	0.298	1.91		0.4325	17318.5	1	1000004	1	0	0	0	24	23
298	6	9409	0	0	1000000	14	14	same	1	0	1	121.7	0	0	161.66	21.19	132.66	0	2303.2	-0.9815	8.4318	36	0	1	0	1	0	3	0	nue	RES	CC	2431.7	2239.2	1.276	0.29		1.4103	89626.9	1	1000000	1	0	1	1	61	60
298	6	10975	0	0	1000001	26	21	in_act_not_selected	12	0	0	69.0	0	0	53.50	193.67	310.29	0	1521.7	1.2418	-15.0000	4	0	1	0	0	0	2	0	nue	DIS	CC	2939.2	1721.0	0.96	27.86		1.0960	30327.4	1	1000001	1	1	0	0	17	5
298	6	11300	0	0	1000007	101	17	not_in_act	1	0	1	47.7	0	0	50.80	-34.72	363.93	0	584.0	-1.1842	-15.0000	8	0	0	1	0	0	1	0	nue	QE	CC	649.6	617.0	1.171	0.92		1.3069	13345.4	1	1000007	1	1	0	0	25	24
298	26	671	0	0	1000002	11	11	same	6	0	1	53.7	0	0	59.79	98.55	306.82	0	730.9	0.4018	-15.0000	8	0	0	1	0	0	2	1	nue	QE	CC	502.6	461.0	0.977	19.67		1.1132	9584.4	1	1000002	1	0	0	0	8	2
298	26	1527	0	0	0	27	3	not_in_act	1	0	1	95.3	0	0	-75.30	105.37	277.96	0	2007.2	-0.7316	-15.0000	8	0	0	1	0	0	1	0	nue	RES	CC	1870.5	1813.0	0.924	18.62		1.0615	36139.9	0	0	1	1	0	0	34	33
298	26	2292	0	0	1000001	11	11	same	1	0	1	82.0	0	0	100.18	156.01	163.09	0	984.4	0.3885	14.4775	40	0	0	1	1	0	1	0	nue	QE	CC	1114.9	1084.9	1.09	0.91		1.2246	28245.3	1	1000001	1	0	1	1	27	26
298	26	2323	0	0	0	4	4	same	1	0	1	120.7	0	0	-120.64	45.87	170.48	0	1852.4	-1.4687	10.2475	4	0	1	0	0	0	3	1	nue	RES	CC	2162.0	1919.8	1.411	0.41		1.5464	68139.2	0	0	1	0	1	1	61	60
298	26	3680	0	0	1000006	46	8	not_in_act	1	0	1	25.6	0	0	75.51	48.10	144.52	0	542.4	-0.8564	-15.0000	10	1	0	1	0	1	4	2	nue	QE	CC	317.9	337.5	1.165	80.09		1.3030	7963.3	1	1000006	1	1	0	0	14	13
298	26	3713	0	0	5	4	4	same	1	0	1	66.3	0	0	-31.84	88.65	297.25	0	1143.0	-0.0314	16.2556	40	0	0	1	1	0	1	0	nue	QE	CC	1138.8	1091.3	0.943	0.63		1.0785	22173.2	0	5	1	0	1	1	40	39
298	26	3961	0	0	0	18	18	same	2	0	1	121.9	0	0	-18.56	162.72	342.48	0	1751.0	0.3134	6.5103	40	0	0	1	1	0	3	0	nue	QE	CC	1815.7	1748.9	1.548	1.95		1.6837	28410.9	0	0	1	0	1	1	50	48
298	26	5015	0	0	5	4	4	same	1	0	1	56.2	0	0	-66.82	76.34	220.51	0	946.8	-0.5525	6.8234	36	0	1	0	1	0	2	1	nue	RES	CC	858.7	712.5	0.959	1.05		1.0944	16928.1	0	5	1	0	1	1	24	23
298	26	5092	0	0	1000002	29	29	same	2	0	0	47.8	1	1	18.66	-97.80	457.34	0	435.9	-0.1002	-15.0000	8	0	0	1	0	0	2	0	nue	MEC	CC	3852.3	824.9	0.304	2.08		0.4371	20145.1	1	1000002	1	0	0	0	9	7
298	26	7677	0	0	1000001	12	12	same	1	0	1	89.3	0	0	187.16	-43.81	148.41	0	636.9	0.2389	-11.9387	8	0	0	1	0	0	2	0	nue	QE	CC	605.7	585.3	1.429	65.14		1.5630	27096.1	1	1000001	1	0	1	1	17	16
298	26	8559	0	0	1000005	11	11	same	1	0	0	65.1	0	0	121.27	-186.71	380.42	0	938.3	-1.1492	12.8307	40	0	0	1	1	0	1	0	nue	QE	CC	1044.4	913.2	0.832	1.14		0.9687	15735.7	1	1000005	1	0	1	1	15	14
298	27	5803	0	0	1000000	12	12	same	1	0	1	75.4	0	0	78.63	-3.74	152.51	0	1700.0	-1.0931	14.4494	40	0	0	1	1	0	2	0	nue	QE	CC	1584.0	1548.5	0.557	0.88		0.6948	42293.2	1	1000000	1	0	1	1	57	56
298	27	6706	0	0	7	9	9	same	1	0	1	28.9	0	0	-44.76	106.37	135.50	0	589.0	-0.6017	1.3835	8	0	0	1	0	0	3	1	nue	MEC	CC	699.5	655.0	0.615	2.81		0.7519	12827.6	0	7	1	0	1	1	19	18
298	27	7048	0	0	6	17	17	same	3	0	1	74.7	0	0	-8.81	-55.59	371.03	0	776.0	-0.5048	-8.7010	8	0	0	1	0	0	1	0	nue	QE	CC	795.6	776.5	0.754	51.70		0.8880	14537.2	0	6	1	0	1	1	28	25
298	27	8281	0	0	0	15	15	same	3	0	1	181.7	0	0	-13.46	45.63	86.18	0	2657.7	-0.5151	12.3135	40	0	0	1	1	0	1	0	nue	QE	CC	2791.9	2611.2	0.895	1.48		1.0305	50847.8	0	0	1	0	1	1	65	62
298	27	8685	0	0	6	24	24	same	7	0	1	237.7	0	0	7.81	11.88	18.60	0	1165.1	0.9016	16.2556	40	0	0	1	1	0	2	1	nue	QE	CC	1276.8	1114.4	0.777	3.94		0.9165	10641.7	0	6	1	0	1	1	24	17
298	27	9258	0	0	0	19	19	same	1	0	1	167.6	0	0	1.00	-62.86	204.28	0	1925.2	0.5176	-15.0000	8	0	0	1	0	0	2	1	nue	DIS	CC	4126.2	3279.4	1.052	6.86		1.1861	61063.7	0	0	1	0	0	0	58	57
298	27	10236	0	0	0	5	5	same	1	0	1	94.4	0	0	-171.57	-149.80	277.68	0	1571.2	-0.9586	7.5701	8	0	0	1	0	0	2	0	nue	RES	CC	2078.7	1825.6	0.09	0.69		0.2243	49860.1	0	0	1	0	1	1	23	22
298	27	11163	0	0	0	4	4	same	2	0	0	124.1	0	0	-154.11	158.99	259.30	0	1134.9	0.7821	12.2680	8	0	0	1	0	0	1	0	nue	RES	CC	1411.7	1153.6	1.394	0.57		1.5270	26540.7	0	0	1	0	1	1	14	12
298	27	11951	0	0	2	3	3	same	1	0	0	105.4	0	0	-145.23	-179.77	300.66	0	1434.6	2.6451	12.9607	36	0	1	0	1	0	4	0	nue	RES	CC	1706.7	1181.3	1.169	0.38		1.3014	26689.2	0	2	1	0	1	1	14	13
298	31	4501	0	0	0	10	10	same	3	0	0	135.7	0	0	6.28	184.22	382.82	0	1636.0	-0.4206	4.5098	8	0	0	1	0	0	1	0	nue	QE	CC	1845.8	1650.7	1.414	17.97		1.5492	10902.5	0	0	1	0	1	1	30	27
298	31	4862	0	0	1000004	10	10	same	1	0	0	61.2	0	0	142.21	159.14	118.81	0	487.2	2.1530	1.6514	4	0	1	0	0	0	2	1	nue	RES	CC	1469.5	501.0	0.065	0.80		0.2021	16789.4	1	1000004	1	0	1	1	22	21
298	31	5572	0	0	4	8	8	same	3	0	1	170.1	0	0	22.79	40.58	473.94	0	1153.6	1.2737	-15.0000	8	0	0	1	0	0	2	1	nue	DIS	CC	3003.0	1134.9	0.891	100.34		1.0264	11272.7	0	4	1	0	0	0	8	5
298	31	7849	0	0	1000002	13	13	same	31	0	1	27.0	0	0	147.48	-78.10	270.97	0	237.1	0.1200	0.6003	8	0	0	1	0	0	1	0	nue	RES	CC	945.2	464.5	0.373	19.97		0.5080	16959.2	1	5	1	0	1	1	43	12
298	31	8903	0	0	1000012	20	20	same	2	0	1	12.6	0	0	4.27	-19.02	468.07	0	93.8	-1.6645	-15.0000	8	0	0	1	0	0	2	0	nue	QE	CC	364.1	262.9	0.395	27.59		0.5306	1929.0	1	8	1	0	0	0	11	9
298	31	12070	0	0	0	5	5	same	1	0	1	100.2	0	0	-102.12	29.60	301.42	0	2493.2	-1.4924	13.7505	40	0	0	1	1	0	1	0	nue	QE	CC	2207.3	2326.7	0.201	0.75		0.3372	54538.6	0	0	1	0	1	1	61	60
298	31	12307	0	0	1	4	4	same	2	0	1	59.0	0	0	-15.53	23.79	468.52	0	1053.2	0.2380	-1.0371	8	0	0	1	0	0	2	1	nue	DIS	CC	1977.3	1178.4	1.57	33.04		1.7028	20873.2	0	1	1	0	1	1	12	10
298	57	1701	0	0	8	8	8	same	1	0	1	64.4	0	0	-44.68	115.34	389.10	0	827.6	-0.2170	15.1764	40	0	0	1	1	0	2	1	nue	QE	CC	882.6	798.5	0.68	0.85		0.8169	13582.1	0	8	1	0	1	1	21	20
298	57	2678	0	0	1000002	29	26	in_act_not_selected	23	0	0	144.3	0	0	126.05	106.24	352.52	0	779.9	0.1724	8.4463	8	0	0	1	0	0	1	0	nue	RES	CC	814.4	645.4	0.207	0.41		0.3396	31226.4	1	1000002	1	1	1	1	27	4
298	57	6037	0	0	1	20	20	same	3	0	1	166.6	0	0	-24.18	-88.46	222.94	0	1267.0	1.9149	1.0829	40	0	0	1	1	0	2	0	nue	RES	CC	1482.8	1229.5	0.88	1.04		1.0156	24029.2	0	1	1	0	1	1	25	22
298	57	9776	0	0	1000004	55	18	not_in_act	1	0	1	19.5	0	0	185.12	-143.38	122.85	0	275.1	-1.1543	-15.0000	8	0	0	1	0	0	2	0	nue	QE	CC	360.3	358.3	0.252	1.45		0.3862	8754.8	1	1000004	1	1	0	0	22	21
298	57	10019	0	0	1000000	22	22	same	1	0	0	28.7	0	0	150.90	92.51	75.06	0	942.3	0.9825	-15.0000	8	0	0	1	0	0	2	0	nue	RES	CC	1325.0	1050.1	1.272	1.22		1.4077	36285.6	1	1000000	1	0	0	0	38	37
298	57	12308	0	0	1	16	16	same	3	0	0	103.7	0	0	-18.87	-64.53	428.25	0	1635.3	0.1409	14.2556	40	0	0	1	1	0	2	1	nue	QE	CC	2052.4	1488.8	0.643	0.68		0.7779	23392.1	0	1	1	0	1	1	26	23
298	65	281	0	0	1000002	12	12	same	2	0	1	61.1	1	1	29.40	-141.57	425.01	0	1661.8	-0.6825	-2.6188	8	0	0	1	0	0	2	0	nue	QE	CC	1461.1	1326.0	1.495	35.96		1.6320	20469.0	1	17	1	0	1	1	53	51
298	65	1642	0	0	0	25	25	same	10	0	1	90.4	0	0	-72.33	31.95	271.71	0	2190.8	-1.7881	12.3486	40	0	0	1	1	0	3	0	nue	DIS	CC	3403.3	2632.4	0.979	0.49		1.1166	81165.8	0	0	1	0	1	1	96	86
298	65	4220	0	0	0	7	7	same	1	0	1	109.4	0	0	-160.14	-138.90	295.31	0	1820.3	-1.4754	13.0761	40	0	0	1	1	0	2	1	nue	RES	CC	2105.8	1667.5	0.941	0.26		1.0754	47097.6	0	0	1	0	1	1	45	44
298	65	4615	0	0	0	12	12	same	18	0	1	69.9	0	0	-101.29	-8.49	246.89	0	1887.1	-3.1896	8.7404	8	0	0	1	0	0	1	0	nue	RES	CC	1977.2	1883.3	1.375	1.94		1.5096	50972.1	0	0	1	0	1	1	60	42
298	65	9141	0	0	1000004	19	19	same	4	0	1	93.4	0	0	119.37	99.16	301.65	0	978.3	0.8699	6.3900	8	0	0	1	0	0	1	0	nue	QE	CC	951.8	909.7	0.319	1.87		0.4529	22503.8	1	1000004	1	0	1	1	25	21
298	65	11857	0	0	4	12	12	same	17	0	1	151.6	0	0	-101.14	-86.05	11.76	0	1671.5	1.2629	10.6627	36	0	1	0	1	0	2	0	nue	RES	CC	1467.6	1294.4	1.405	1.20		1.5398	22203.4	0	4	1	0	1	1	20	3
298	66	160	0	0	1	8	8	same	1	0	1	73.2	0	0	-113.87	-31.77	218.90	0	1560.0	0.7043	5.5630	8	0	0	1	0	0	1	0	nue	RES	CC	1868.2	1469.6	0.691	3.51		0.8270	46036.3	0	1	1	0	1	1	40	39
298	66	1280	0	0	2	4	4	same	1	0	1	58.2	0	0	-128.93	41.84	81.13	0	762.0	-1.3239	13.6993	40	0	0	1	1	0	1	0	nue	MEC	CC	892.5	742.5	0.631	1.11		0.7666	18714.3	0	2	1	0	1	1	25	24
298	66	3299	0	0	0	11	11	same	1	0	1	73.6	0	0	-174.71	-122.00	52.02	0	1692.8	-1.0252	7.3308	8	0	0	1	0	0	2	1	nue	RES	CC	2175.7	1946.9	0.611	1.72		0.7441	49243.4	0	0	1	0	1	1	14	13
298	66	3494	0	0	1000004	17	17	same	3	0	0	72.2	0	0	-2.49	-151.07	448.36	0	2221.2	-1.4599	-0.6565	8	0	0	1	0	0	2	0	nue	DIS	CC	3689.2	2528.1	1.341	75.67		1.4745	18983.9	1	2	1	0	1	1	45	42
298	66	4088	0	0	1	14	14	same	13	0	0	72.6	0	0	-78.47	13.11	462.86	0	1383.5	-0.4357	3.0489	8	0	0	1	0	0	2	0	nue	DIS	CC	2431.0	1406.6	0.324	31.69		0.4596	26116.4	0	1	1	0	1	1	47	34
298	66	5761	0	0	1000009	49	26	not_in_act	1	0	1	46.1	0	0	80.45	55.81	43.21	0	567.0	-0.1583	-15.0000	8	0	0	1	0	0	2	1	nue	QE	CC	630.2	651.7	0.287	23.47		0.4238	12466.1	1	1000009	1	1	0	0	17	16
298	66	6217	0	0	1000003	10	10	same	1	0	1	74.6	0	0	162.86	-185.16	420.74	0	730.8	-0.2376	11.9323	40	0	0	1	1	0	3	1	nue	QE	CC	792.7	665.0	0.737	0.32		0.8721	13276.9	1	1000003	1	0	1	1	14	13
298	66	6233	0	0	5	69	13	not_in_act	2	0	1	112.6	0	0	-90.16	-76.83	472.74	0	786.7	-0.9449	4.9463	8	0	0	1	0	0	1	0	nue	DIS	CC	746.5	722.4	0.339	1.22		0.4738	12259.5	0	5	1	1	1	1	18	16
298	66	6891	0	0	1000000	26	26	same	3	0	0	116.5	0	0	192.81	15.35	360.68	0	1922.6	-0.9237	11.0417	40	0	0	1	1	0	2	1	nue	MEC	CC	1726.8	1631.3	0.922	0.55		1.0567	43900.7	1	1000000	1	0	1	1	34	31
298	67	3640	0	0	1	74	14	not_in_act	4	0	1	28.3	0	0	-46.72	44.05	56.03	0	580.2	0.0629	-15.0000	8	0	0	1	0	0	3	2	nue	QE	CC	880.2	747.1	0.271	1.45		0.4071	14882.7	0	1	1	1	0	0	36	32
298	67	5854	0	0	6	16	16	same	2	0	1	60.0	0	0	-5.20	-163.81	220.51	0	764.9	0.1193	-6.3197	4	0	1	0	0	0	3	1	nue	QE	CC	796.8	710.9	0.197	62.61		0.3325	6561.3	0	6	1	0	1	1	30	28
298	67	7346	0	0	2	18	18	same	10	0	0	164.1	0	0	-103.54	42.23	31.74	0	1147.4	4.4339	-15.0000	4	0	1	0	0	0	4	0	numu	QE	CC	861.1	444.4	0.593	0.90		1.6373	26713.3	0	2	1	0	0	0	12	2
298	67	7831	0	0	0	18	18	same	4	0	0	73.3	0	0	-182.16	120.02	64.63	0	932.5	0.3952	1.2521	8	0	0	1	0	0	2	1	nue	QE	CC	1133.7	890.6	0.361	21.50		0.4967	32945.3	0	0	1	0	1	1	23	19
298	67	9239	0	0	0	5	5	same	1	0	1	104.3	0	0	-139.38	-138.75	79.73	0	4406.0	-2.3099	4.1798	8	0	0	1	0	0	1	0	nue	RES	CC	4513.1	4325.4	0.196	4.22		0.3285	91232.9	0	0	1	0	1	1	99	98
298	67	11203	0	0	1	21	21	same	38	0	1	176.9	0	0	-20.60	143.61	132.09	0	1803.5	0.5259	6.2848	8	0	0	1	0	0	3	2	nue	DIS	CC	2738.3	2404.1	0.953	2.27		1.0907	37776.6	0	1	1	0	1	1	61	23
298	67	11695	0	0	1000004	13	13	same	20	0	1	95.1	0	0	48.80	-128.80	198.51	0	1188.7	0.1624	10.5585	8	0	0	1	0	0	1	0	nue	MEC	CC	1144.8	1131.3	1.545	1.17		1.6809	17411.5	1	12	1	0	1	1	20	0
298	97	670	0	0	1000000	11	10	in_act_not_selected	2	0	1	91.2	0	0	178.26	187.04	200.02	0	692.9	0.6070	-15.0000	8	0	0	1	0	0	3	1	nue	RES	CC	1293.4	928.5	1.181	112.96		1.3160	47425.2	1	1000000	1	1	0	0	29	27
298	97	1559	0	0	1000002	25	25	same	29	1	0	79.3	1	1	87.66	-36.75	460.34	0	1251.1	0.4078	0.2913	8	0	0	1	0	0	2	0	nue	QE	CC	1545.6	1288.4	0.131	42.28		0.2671	30749.2	1	1000002	1	0	1	1	29	0
298	97	3056	0	0	1000002	13	13	same	1	0	1	78.7	0	0	97.00	-42.55	309.24	0	1471.9	0.1047	12.7745	40	0	0	1	1	0	2	0	nue	RES	CC	1505.3	1317.5	0.922	2.00		1.0574	31945.9	1	1000002	1	0	1	1	33	32
298	97	4611	0	0	1000005	14	14	same	3	0	1	35.0	0	0	171.02	22.71	358.47	0	452.2	0.7168	12.4403	40	0	0	1	1	0	2	1	nue	QE	CC	550.6	490.7	0.811	0.34		0.9463	11188.3	1	4	1	0	1	1	24	21
298	97	5778	0	0	6	5	5	same	1	0	0	24.7	0	0	-116.93	87.14	15.47	0	227.1	-0.4382	-15.0000	6	1	1	0	0	1	1	0	nue	QE	CC	359.5	167.3	1.557	1.70		1.6934	4031.7	0	6	1	0	0	0	6	5
298	97	5918	0	0	6	8	8	same	1	0	1	69.6	0	0	-185.76	128.39	357.15	0	478.9	-0.9192	7.1725	8	0	0	1	0	0	1	0	nue	MEC	CC	594.0	459.5	0.317	0.68		0.4515	9688.8	0	6	1	0	1	1	14	13
298	97	7575	0	0	1	29	9	not_in_act	2	0	1	99.3	0	0	-99.81	1.43	57.70	0	1344.1	-0.8650	-15.0000	8	0	0	1	0	0	2	1	nue	RES	CC	1585.3	1494.2	1.198	21.16		1.3350	35872.5	0	1	1	1	0	0	47	45
299	12	841	0	0	1000002	13	13	same	1	0	1	63.0	0	0	58.97	-134.96	229.36	0	841.1	-0.8534	7.8545	8	0	0	1	0	0	1	0	nue	QE	CC	817.4	790.0	0.959	1.64		1.0950	13739.2	1	1000002	1	0	1	1	24	23
299	12	2209	0	0	1000000	16	16	same	3	0	1	207.2	1	1	139.07	-35.79	276.55	0	3129.3	-1.2946	5.7302	8	0	0	1	0	0	1	0	nue	RES	CC	4426.6	3718.3	0.314	1.18		0.4500	112467.0	1	1000000	1	0	1	1	116	113
299	12	3413	0	0	1000002	137	16	not_in_act	1	0	1	29.8	0	0	105.00	-10.27	374.57	0	456.1	-0.9143	-15.0000	10	1	0	1	0	1	4	2	nue	RES	CC	487.2	457.0	1.094	13.51		1.2326	11335.6	1	1000002	1	1	0	0	25	24
299	12	6522	0	0	1000000	122	22	not_in_act	7	0	0	85.7	0	0	10.17	176.48	301.19	0	1612.9	-0.0986	-0.4692	4	0	1	0	0	0	2	1	nue	RES	CC	2194.4	2054.4	0.07	3.63		0.2055	33728.6	1	10	1	1	1	1	47	40
299	12	7880	0	0	0	70	8	not_in_act	2	0	0	64.0	0	0	-197.69	15.62	345.19	0	1148.9	-0.0760	-15.0000	8	0	0	1	0	0	1	0	nue	QE	CC	1281.1	1068.3	0.944	2.74		1.0777	43040.8	0	0	1	1	0	0	44	42
299	12	8081	0	0	1	1	1	same	1	0	1	108.8	0	0	-159.80	27.02	339.61	0	1552.3	-0.0031	12.0888	8	0	0	1	0	0	2	0	nue	DIS	CC	1893.8	1578.7	0.904	0.45		1.0392	45689.1	0	1	1	0	1	1	49	48
299	12	9511	0	0	1000000	11	11	same	1	0	1	103.6	0	0	86.80	126.70	176.27	0	1570.3	-0.2578	12.5447	40	0	0	1	1	0	2	0	nue	QE	CC	1530.8	1491.1	0.615	1.25		0.7521	37773.2	1	1000000	1	0	1	1	39	38
299	12	9899	0	0	1000000	10	10	same	2	0	0	162.9	0	0	121.50	-14.46	200.07	0	2920.1	1.1212	5.9490	4	0	1	0	0	0	2	0	nue	DIS	CC	3136.4	2676.2	0.784	1.69		0.9179	101871.7	1	1000000	1	0	1	1	54	52
299	47	1445	0	0	0	23	23	same	61	1	1	105.7	1	1	-120.66	154.21	287.37	0	1949.4	-0.7002	13.1070	36	0	1	0	1	0	1	0	nue	RES	CC	1931.9	1803.3	1.241	0.63		1.3762	36413.5	0	0	1	0	1	1	64	3
299	47	4330	0	0	4	4	4	same	1	0	0	46.3	0	0	-117.78	180.34	458.60	0	524.4	-1.0819	12.6790	40	0	0	1	1	0	1	0	nue	QE	CC	910.2	469.2	0.187	0.27		0.3225	6722.4	0	4	1	0	1	1	5	4
299	47	6025	0	0	1000003	11	11	same	1	0	0	111.7	0	0	59.74	-186.67	414.87	0	941.7	1.0749	-15.0000	8	0	0	1	0	0	2	0	nue	RES	CC	2107.1	887.7	0.962	2.59		1.0983	10576.4	1	14	1	0	0	0	2	1
299	47	6099	0	0	1000001	12	12	same	1	0	1	47.8	0	0	152.97	117.98	238.21	0	845.8	0.0748	-7.8112	8	0	0	1	0	0	3	2	nue	QE	CC	743.3	725.7	0.407	23.25		0.5434	27480.7	1	1000001	1	0	1	1	19	18
299	47	6245	0	0	3	4	4	same	1	0	0	86.7	0	0	-83.74	155.96	172.39	0	977.0	-0.4273	14.6122	40	0	0	1	1	0	3	0	nue	QE	CC	986.5	878.9	0.485	0.85		0.6209	15220.6	0	3	1	0	1	1	18	17
299	47	6465	0	0	0	35	35	same	16	0	0	131.0	0	0	-200.58	31.01	370.99	0	1189.7	-1.1989	-2.6914	10	1	0	1	0	1	1	0	nue	RES	CC	3979.1	3006.5	1.15	0.93		1.2849	106062.1	0	0	1	0	1	1	51	35
299	47	8751	0	0	0	19	19	same	4	0	0	82.5	1	1	-93.70	61.33	418.89	0	1494.4	0.2866	10.7008	40	0	0	1	1	0	1	0	nue	RES	CC	3273.6	1743.8	0.775	0.54		0.9121	32596.8	0	0	1	0	1	1	46	42
299	47	8976	0	0	0	18	18	same	4	0	1	34.4	0	0	-156.44	-110.49	242.60	0	389.2	-1.2955	-12.4894	8	0	0	1	0	0	1	0	nue	DIS	CC	1899.2	1314.5	0.615	10.59		0.7490	40911.8	0	0	1	0	1	1	18	14
299	47	10303	0	0	0	5	5	same	1	0	1	70.3	0	0	-107.74	12.90	16.08	0	1677.5	-1.2108	10.0141	40	0	0	1	1	0	1	0	nue	MEC	CC	2085.8	1740.9	0.876	0.68		1.0121	40989.5	0	0	1	0	1	1	72	71
299	47	10855	0	0	0	19	19	same	8	0	1	102.5	0	0	-47.80	-126.84	279.88	0	2460.3	0.0351	-1.5181	4	0	1	0	0	0	1	0	nue	DIS	CC	3219.2	2719.4	0.22	15.53		0.3568	59482.4	0	0	1	0	1	1	80	72
299	47	10992	0	0	5	8	8	same	2	0	0	29.1	0	0	-1.18	-0.06	470.03	0	520.0	0.5990	-9.0405	8	0	0	1	0	0	3	2	nue	MEC	CC	2607.9	1249.5	0.378	34.01		0.5106	12326.5	0	5	1	0	1	1	13	11
299	50	677	0	0	1000003	15	15	same	3	0	1	82.6	0	0	-7.92	-0.32	186.36	0	1334.4	0.0119	15.0515	40	0	0	1	1	0	2	1	nue	MEC	CC	2082.8	1386.4	0.484	2.06		0.6178	14831.1	1	5	1	0	1	1	46	43
299	50	2158	0	0	1000000	8	8	same	1	0	1	65.2	0	0	173.68	125.63	198.96	0	1416.4	0.8048	0.9568	4	0	1	0	0	0	1	0	nue	QE	CC	1437.1	1183.7	0.862	31.08		0.9984	42240.1	1	1000000	1	0	1	1	32	31
299	50	2907	0	0	1000006	23	23	same	16	0	1	69.7	0	0	51.99	134.57	385.49	0	651.7	-0.0050	14.9546	40	0	0	1	1	0	1	0	nue	MEC	CC	795.5	546.7	0.508	1.72		0.6455	9509.9	1	1000006	1	0	1	1	28	12
299	50	6364	0	0	1	5	5	same	1	0	0	70.7	0	0	-125.26	173.81	68.31	0	440.0	0.9816	4.4736	8	0	0	1	0	0	1	0	nue	QE	CC	1355.2	868.8	1.138	2.56		1.2733	17263.4	0	1	1	0	1	1	9	8
299	50	7780	0	0	6	6	6	same	2	0	0	23.5	0	0	-196.22	193.42	380.48	0	302.6	1.7005	-15.0000	4	0	1	0	0	0	1	0	nue	QE	CC	1952.0	182.1	0.811	0.37		0.9433	29837.3	0	6	1	0	0	0	3	1
299	50	10437	0	0	0	14	14	same	1	0	1	83.3	0	0	-15.97	-131.12	350.27	0	2004.3	-0.8186	5.5424	40	0	0	1	1	0	1	0	nue	MEC	CC	2017.0	1931.0	1.379	1.36		1.5129	37241.9	0	0	1	0	1	1	57	56
299	50	11753	0	0	1	3	3	same	1	0	0	70.5	0	0	-51.14	54.32	98.28	0	1423.3	-1.4278	7.6551	40	0	0	1	1	0	2	1	nue	QE	CC	1240.5	1226.5	1.01	2.91		1.1486	26742.1	0	1	1	0	1	1	47	46
299	50	11772	0	0	3	16	16	same	5	0	1	59.4	0	0	-37.94	74.57	339.63	0	604.0	0.1872	5.1170	8	0	0	1	0	0	2	1	nue	RES	CC	929.8	691.6	0.376	0.59		0.5119	14270.0	0	3	1	0	1	1	29	24
299	50	11811	0	0	0	3	3	same	1	0	1	161.7	0	0	-147.08	49.23	316.06	0	3365.9	0.2944	4.2862	4	0	1	0	0	0	2	1	nue	RES	CC	3961.9	3600.7	0.695	0.53		0.8296	91607.5	0	0	1	0	1	1	101	100
299	57	239	0	0	0	6	6	same	1	0	1	101.3	0	0	-188.84	-122.00	185.89	0	2813.4	-0.5894	-15.0000	4	0	1	0	0	0	4	1	nue	QE	CC	2198.6	2071.2	0.918	22.42		1.0525	81098.6	0	0	1	0	0	0	52	51
299	57	1208	0	0	10	16	16	same	13	0	1	62.6	0	0	-5.31	73.19	333.64	0	475.5	0.0609	-15.0000	4	0	1	0	0	0	2	0	nue	QE	CC	757.6	592.8	0.148	58.46		0.2830	8193.9	0	10	1	0	0	0	16	3
299	57	2594	0	0	1000001	12	12	same	1	0	1	92.9	0	0	41.64	-110.50	177.04	0	1970.5	-0.3617	5.4665	36	0	1	0	1	0	3	1	nue	RES	CC	2434.9	2189.1	1.335	1.49		1.4727	42553.6	1	1000001	1	0	1	1	73	72
299	57	7198	0	0	1000006	78	18	not_in_act	5	0	1	31.7	0	0	50.22	89.04	81.01	0	421.7	-0.6770	-15.0000	8	0	0	1	0	0	1	0	nue	QE	CC	2742.1	359.8	1.027	1.36		1.1634	6516.1	1	12	1	1	0	0	24	19
299	57	8549	0	0	1000004	19	19	same	1	0	0	27.5	0	0	145.78	190.68	220.99	0	245.2	1.2981	-15.0000	8	0	0	1	0	0	1	0	nue	QE	CC	830.1	425.9	1.166	0.67		1.2990	12222.9	1	1000004	1	0	0	0	4	3
299	57	8625	0	0	1000002	7	7	same	1	0	1	59.5	0	0	145.66	-134.83	12.36	0	876.0	-0.7859	12.5914	40	0	0	1	1	0	3	0	nue	QE	CC	794.4	733.0	0.156	1.66		0.2927	17692.3	1	1000002	1	0	1	1	27	26
299	57	9246	0	0	1000009	20	20	same	2	0	1	45.7	0	0	109.29	-158.35	397.06	0	341.3	0.6528	7.0579	8	0	0	1	0	0	1	0	nue	QE	CC	507.0	426.2	1.381	1.08		1.5178	9162.2	1	20	1	0	1	1	23	21
299	57	10042	0	0	8	15	15	same	3	0	1	34.3	0	0	-63.73	146.39	170.35	0	588.4	-0.4517	6.4206	40	0	0	1	1	0	3	1	nue	RES	CC	807.1	637.6	1.144	1.34		1.2800	13389.9	0	8	1	0	1	1	23	20
299	58	941	0	0	1	92	4	not_in_act	2	0	1	139.8	0	0	-27.34	112.89	411.27	0	2239.4	-0.9453	7.7279	8	0	0	1	0	0	2	0	nue	DIS	CC	2339.3	2140.1	0.87	0.70		1.0050	34349.0	0	1	1	1	1	1	40	38
299	58	2650	0	0	5	18	18	same	4	0	1	28.9	0	0	-58.99	-49.89	161.62	0	362.4	-1.5799	-14.6428	8	0	0	1	0	0	1	0	nue	QE	CC	531.8	513.5	1.203	30.05		1.3406	12822.1	0	5	1	0	1	1	28	24
299	58	2955	0	0	0	9	9	same	2	0	0	43.8	0	0	-181.35	6.82	47.71	0	617.5	-0.9840	9.1780	8	0	0	1	0	0	3	0	nue	QE	CC	1215.5	675.8	0.419	0.26		0.5552	26135.4	0	0	1	0	1	1	11	9
299	58	4315	0	0	1	21	21	same	14	0	0	96.3	0	0	-108.88	-152.65	108.51	0	1675.8	-0.3797	13.5396	40	0	0	1	1	0	2	0	nue	MEC	CC	1565.1	1432.3	0.615	0.52		0.7502	34125.3	0	1	1	0	1	1	59	45
299	58	6829	0	0	0	17	17	same	4	0	1	153.4	0	0	-45.24	-104.75	349.15	0	3834.5	-0.9004	8.7746	36	0	1	0	1	0	2	0	nue	RES	CC	4232.3	3617.4	0.603	0.88		0.7388	67317.0	0	0	1	0	1	1	66	62
299	58	8744	0	0	1000002	19	19	same	2	0	0	85.4	0	0	40.92	158.91	423.82	0	1111.4	0.0982	10.7877	40	0	0	1	1	0	2	0	nue	MEC	CC	1237.4	1030.8	1.324	3.10		1.4595	15696.9	1	17	1	0	1	1	17	15
299	58	11733	0	0	1000002	9	9	same	1	0	1	56.6	0	0	144.43	-170.07	347.56	0	746.2	0.3137	-9.5720	8	0	0	1	0	0	1	0	nue	QE	CC	795.4	648.6	0.126	40.45		0.2630	14064.2	1	1000002	1	0	1	1	17	16
299	58	12124	0	0	1000000	83	7	not_in_act	1	0	1	49.9	0	0	24.81	73.88	213.31	0	1145.8	-0.0709	0.4627	8	0	0	1	0	0	3	2	nue	RES	CC	1415.2	1146.4	0.104	0.94		0.2403	27585.1	1	8	1	1	1	1	60	59
299	58	12455	0	0	1	2	2	same	1	0	0	99.2	0	0	-140.41	-18.74	394.30	0	1269.1	0.3574	0.8026	8	0	0	1	0	0	1	0	nue	RES	CC	1469.7	1354.4	0.205	23.00		0.3413	32909.6	0	1	1	0	1	1	26	25
299	79	434	0	0	2	3	3	same	1	0	1	42.5	0	0	-90.46	-20.55	300.76	0	549.8	-2.5429	-15.0000	6	1	1	0	0	1	1	0	nue	MEC	CC	726.5	702.4	1.284	18.53		1.4203	20083.1	0	2	1	0	0	0	37	36
299	79	3117	0	0	1000000	8	8	same	1	0	1	104.6	0	0	73.63	126.36	354.21	0	2507.1	-1.5204	3.7956	8	0	0	1	0	0	1	0	nue	QE	CC	2149.7	1962.6	1.472	55.26		1.6091	40131.7	1	1000000	1	0	1	1	44	43
299	79	3677	0	0	5	6	6	same	1	0	1	47.5	0	0	-66.58	176.50	329.02	0	1296.5	0.0587	-0.7953	8	0	0	1	0	0	1	0	nue	QE	CC	1131.4	1111.5	0.144	21.67		0.2819	15320.0	0	5	1	0	1	1	36	35
299	79	4148	0	0	0	17	17	same	6	0	1	127.3	1	1	-46.81	-59.37	386.37	0	1283.0	1.0947	-2.6127	4	0	1	0	0	0	1	0	nue	RES	CC	2593.4	1661.0	0.355	53.91		0.4895	32370.8	0	0	1	0	1	1	52	46
299	79	8387	0	0	1000001	23	23	same	15	1	1	78.6	1	1	104.61	-62.03	237.99	0	629.7	0.1953	7.0908	40	0	0	1	1	0	1	0	nue	QE	CC	674.7	637.6	1.315	0.91		1.4513	16001.3	1	1000001	1	0	1	1	15	0
299	79	8781	0	0	1000006	35	9	not_in_act	1	0	0	18.3	0	0	57.67	-28.43	472.00	0	559.9	-0.3254	-15.0000	8	0	0	1	0	0	2	0	nue	RES	CC	1110.5	347.5	1.365	34.38		1.5032	9184.7	1	8	1	1	0	0	14	13
299	79	8931	0	0	1000000	19	19	same	1	0	1	85.9	0	0	89.06	-125.09	328.57	0	1397.0	0.3559	3.0003	8	0	0	1	0	0	1	0	nue	RES	CC	1477.8	1238.8	0.884	2.52		1.0229	25417.5	1	1000000	1	0	1	1	55	54
299	79	10050	0	0	1000000	22	22	same	3	0	1	49.5	1	1	155.85	95.25	162.39	0	777.3	-0.5759	7.0441	4	0	1	0	0	0	4	0	nue	RES	CC	766.1	713.4	0.994	0.66		1.1289	28892.9	1	1000000	1	0	1	1	61	58
299	79	10170	0	0	0	108	5	not_in_act	2	0	0	80.3	0	0	-197.56	-77.69	107.45	0	1712.2	-0.5129	8.9049	40	0	0	1	1	0	2	1	nue	QE	CC	1745.7	1579.6	0.842	0.32		0.9765	57894.4	0	0	1	1	1	1	59	57
299	79	11098	0	0	1000004	16	16	same	2	0	1	62.7	0	0	63.96	145.26	216.99	0	449.3	-1.0555	8.9968	8	0	0	1	0	0	1	0	nue	MEC	CC	973.9	647.3	1.507	1.62		1.6436	12642.7	1	5	1	0	1	1	18	16
299	79	11396	0	0	5	3	3	same	1	0	1	30.7	0	0	-61.90	-152.40	340.90	0	579.2	-1.0712	8.0795	8	0	0	1	0	0	5	1	nue	QE	CC	637.5	570.7	0.717	1.10		0.8541	9853.9	0	5	1	0	1	1	24	23
299	89	1212	0	0	2	25	25	same	3	0	0	83.4	1	1	-111.64	11.08	2.21	0	1952.6	-1.9457	8.3363	42	1	0	1	1	1	2	0	nue	RES	CC	2020.8	1773.5	0.609	1.10		0.7457	37321.5	0	2	1	0	1	1	34	31
299	89	1549	0	0	1000001	89	16	not_in_act	3	0	1	69.3	0	0	-5.20	-32.29	334.65	0	1832.1	-0.6356	11.8362	40	0	0	1	1	0	3	1	nue	MEC	CC	1888.2	1741.8	0.167	0.75		0.3020	28905.9	1	4	1	1	1	1	45	42
299	89	7747	0	0	2	15	15	same	2	0	0	55.0	1	1	-106.42	-133.80	452.00	0	1135.3	0.7279	-15.0000	4	0	1	0	0	0	2	0	nue	RES	CC	1479.3	872.8	0.774	0.81		0.9086	17045.5	0	2	1	0	0	0	30	28
299	89	8236	0	0	10	6	6	same	1	0	0	27.2	0	0	-151.60	178.42	232.93	0	375.2	-0.3751	-15.0000	10	1	0	1	0	1	1	0	nue	QE	CC	564.5	234.4	0.257	0.39		0.3924	7517.8	0	10	1	0	0	0	4	3
299	89	9820	0	0	1000000	6	6	same	1	0	1	87.2	0	0	153.60	-58.00	55.05	0	735.4	-0.7217	-15.0000	8	0	0	1	0	0	2	1	nue	MEC	CC	1623.6	1405.1	0.572	15.42		0.7075	41863.4	1	1000000	1	0	0	0	45	44
299	89	11502	0	0	1000000	13	13	same	1	0	1	74.7	0	0	150.05	64.37	341.07	0	1024.9	1.0497	-15.0000	8	0	0	1	0	0	3	0	nue	MEC	CC	1063.7	873.6	0.546	0.33		0.6799	28137.3	1	1000000	1	0	0	0	27	26
299	89	11884	0	0	1000002	24	24	same	5	0	1	25.9	0	0	11.97	75.14	138.91	0	556.1	-0.8860	-15.0000	8	0	0	1	0	0	1	0	nue	DIS	CC	1394.3	910.3	0.233	1.64		0.3659	18164.6	1	11	1	0	0	0	18	13
299	93	2052	0	0	0	23	23	same	75	1	0	92.0	1	1	-87.84	165.88	160.17	0	2482.2	-0.4221	8.6600	40	0	0	1	1	0	3	2	nue	DIS	CC	3687.1	2643.3	0.309	1.27		0.4437	52326.1	0	0	1	0	1	1	86	11
299	93	2116	0	0	0	19	19	same	5	0	1	76.2	0	0	-57.72	67.97	348.34	0	1455.4	0.1081	15.3525	40	0	0	1	1	0	1	0	nue	RES	CC	2747.5	2139.5	0.167	0.43		0.3040	39993.0	0	0	1	0	1	1	54	49
299	93	3731	0	0	1000002	20	20	same	3	0	1	104.4	0	0	-26.02	146.51	263.10	0	1358.8	-0.5872	1.9935	8	0	0	1	0	0	1	0	nue	MEC	CC	1736.9	1599.6	0.198	27.22		0.3336	19035.0	1	5	1	0	1	1	43	40
299	93	5386	0	0	1000002	12	12	same	2	0	0	90.1	0	0	187.67	-131.24	186.15	0	1342.6	0.8699	0.0637	8	0	0	1	0	0	1	0	nue	QE	CC	1219.6	1098.2	0.861	24.00		0.9971	24549.0	1	1000002	1	0	1	1	29	27
299	93	10371	0	0	5	7	7	same	1	0	0	262.1	0	0	-196.62	8.12	0.25	0	881.5	-4.5991	-15.0000	6	1	1	0	0	1	2	1	nue	RES	CC	2761.0	2202.4	1.052	439.18		1.3135	19834.7	0	5	1	0	0	0	7	6
299	93	10371	1	1	1000000	19	19	same	2	0	0	181.8	0	0	160.81	124.11	226.90	0	2169.2	1.5458	-15.0000	4	0	1	0	0	0	2	1	nue	RES	CC	2761.0	2202.4	1.052	0.35		1.1841	79416.9	1	1000000	1	0	0	0	60	58
299	93	11114	0	0	1000002	20	20	same	21	0	1	54.9	0	0	85.97	-14.30	276.74	0	883.2	0.1462	7.6638	8	0	0	1	0	0	3	1	nue	QE	CC	1574.7	1229.1	0.183	0.91		0.3174	26917.5	1	5	1	0	1	1	42	21
299	93	12304	0	0	1000003	20	20	same	16	0	1	83.7	0	0	163.32	80.18	296.99	0	872.1	-0.2094	12.0105	40	0	0	1	1	0	2	0	nue	QE	CC	812.5	668.9	1.49	0.11		1.6231	22602.4	1	11	1	0	1	1	80	64
300	6	495	0	0	1000001	12	12	same	1	0	1	59.5	0	0	110.28	108.04	142.86	0	623.3	0.0906	13.2975	40	0	0	1	1	0	3	2	nue	MEC	CC	699.3	583.6	0.103	0.83		0.2384	18072.8	1	1000001	1	0	1	1	17	16
300	6	1685	0	0	2	3	3	same	1	0	1	11.5	0	0	-73.25	-8.69	345.74	0	225.9	-0.8691	-15.0000	4	0	1	0	0	0	1	0	nue	RES	CC	731.1	458.5	0.735	0.50		0.8728	12924.7	0	2	1	0	0	0	24	23
300	6	4403	0	0	6	25	25	same	5	1	0	101.4	1	1	-77.80	105.41	43.51	0	454.7	-0.9384	-15.0000	6	1	1	0	0	1	3	1	numu	QE	CC	970.1	332.9	0.743	79.61		0.8787	14184.9	0	6	1	0	0	0	9	4
300	6	4403	1	1	1000006	22	22	same	2	0	0	41.9	0	0	86.54	-188.35	466.88	0	855.5	0.6217	-15.0000	8	0	0	1	0	0	3	2	nue	MEC	CC	913.7	679.4	0.548	21.51		0.6843	8968.1	1	1000006	1	0	0	0	15	13
300	6	4952	0	0	1000005	14	14	same	4	0	1	186.5	0	0	-20.25	144.94	116.86	0	1168.7	3.5233	-4.5395	4	0	1	0	0	0	2	0	nue	RES	CC	1500.3	1221.2	0.388	1.42		0.5271	15767.1	1	6	1	0	1	1	31	27
300	6	8528	0	0	4	6	6	same	1	0	1	63.6	0	0	-42.11	-81.07	131.82	0	599.4	-0.8944	1.1742	8	0	0	1	0	0	3	1	nue	QE	CC	826.6	659.9	0.708	17.48		0.8452	14311.7	0	4	1	0	1	1	20	19
300	6	10108	0	0	10	38	15	not_in_act	4	0	0	40.2	1	1	-76.48	162.61	464.68	0	417.0	-0.9154	-4.6718	8	0	0	1	0	0	1	0	nue	RES	CC	1298.8	438.1	1.572	2.13		1.7060	5763.6	0	10	1	1	1	1	12	8
300	6	10156	0	0	3	14	14	same	3	0	0	100.0	0	0	-142.18	46.33	436.52	0	761.7	2.8002	-4.1229	4	0	1	0	0	0	1	0	nue	RES	CC	1319.8	890.4	1.493	1.99		1.6274	25871.8	0	3	1	0	1	1	14	11
300	6	11579	0	0	2	8	8	same	1	0	0	35.9	0	0	-159.04	-175.40	111.52	0	491.8	0.4120	4.7219	40	0	0	1	1	0	2	1	nue	MEC	CC	946.3	509.8	1.466	0.54		1.5998	13974.1	0	2	1	0	1	1	6	5
300	6	12011	0	0	2	3	3	same	1	0	1	68.1	0	0	-30.19	110.52	210.20	0	1548.2	1.8915	3.1010	4	0	1	0	0	0	1	0	nue	RES	CC	1135.4	945.3	0.956	2.23		1.0928	19316.1	0	2	1	0	1	1	31	30
300	9	2267	0	0	3	6	6	same	1	0	1	133.6	0	0	-46.07	-118.12	349.97	0	883.2	1.5395	7.1613	8	0	0	1	0	0	2	1	nue	MEC	CC	910.7	866.2	1.53	1.00		1.6651	13288.3	0	3	1	0	1	1	16	15
300	9	2628	0	0	7	4	4	same	1	0	0	15.7	0	0	-12.65	98.86	491.49	0	357.3	1.2842	-15.0000	4	0	1	0	0	0	1	0	nue	MEC	CC	873.4	279.9	1.554	3.54		1.6878	3354.0	0	7	1	0	0	0	2	1
300	9	2715	0	0	1	32	6	not_in_act	1	0	1	29.1	0	0	-28.05	-95.95	414.48	0	448.8	-0.6337	-15.0000	8	0	0	1	0	0	1	0	nue	RES	CC	554.3	332.4	0.681	19.15		0.8167	6846.1	0	1	1	1	0	0	10	9
300	9	3520	0	0	1000009	24	24	same	3	0	0	69.5	1	1	73.78	-57.23	465.53	0	764.4	0.9028	5.9090	8	0	0	1	0	0	2	0	nue	MEC	CC	1158.8	650.7	1.23	2.67		1.3658	9926.5	1	1000009	1	0	1	1	8	5
300	9	6269	0	0	0	11	11	same	4	0	1	32.9	0	0	-101.23	-118.62	151.95	0	1142.0	-0.1300	-10.4808	8	0	0	1	0	0	2	1	numu	RES	NC	1257.1	739.0	0.934	14.66		1.1981	22088.5	0	0	1	0	1	1	35	31
300	9	6985	0	0	0	100	2	not_in_act	1	0	1	35.8	0	0	-128.01	-32.93	232.64	0	832.4	-0.6851	-0.7626	8	0	0	1	0	0	1	0	nue	QE	CC	864.8	812.1	1.544	10.92		1.6799	29163.6	0	0	1	1	1	1	33	32
300	9	7318	0	0	0	83	14	not_in_act	12	0	1	97.4	0	0	-145.16	-37.78	132.56	0	1922.9	-1.1399	13.5817	40	0	0	1	1	0	1	0	nue	RES	CC	1865.4	1805.2	0.102	0.78		0.2384	64434.3	0	0	1	1	1	1	53	41
300	9	7868	0	0	5	5	5	same	1	0	0	16.9	0	0	-39.08	31.02	486.46	0	127.6	-1.0083	1.8161	8	0	0	1	0	0	2	0	nue	QE	CC	1139.5	250.7	0.643	2.45		0.7777	6228.5	0	5	1	0	1	1	9	8
300	9	8930	0	0	1000010	12	12	same	1	0	1	54.3	0	0	54.90	148.39	225.00	0	697.8	-0.2195	-15.0000	8	0	0	1	0	0	1	0	nue	QE	CC	674.2	588.0	0.843	7.07		0.9794	10045.0	1	1000010	1	0	0	0	14	13
300	9	9428	0	0	0	4	4	same	2	0	0	116.5	0	0	-163.11	82.12	105.68	0	714.4	4.0262	-15.0000	4	0	1	0	0	0	3	0	numu	QE	CC	1211.8	393.4	1.503	1.47		1.6378	26873.9	0	0	1	0	0	0	2	0
300	9	9428	1	1	1000004	8	8	same	1	0	1	70.5	0	0	132.41	-183.71	62.68	0	995.3	0.0318	8.8425	8	0	0	1	0	0	3	2	nue	RES	CC	1106.2	967.4	0.611	1.41		0.7439	16471.4	1	1000004	1	0	1	1	29	28
300	9	9594	0	0	1000001	7	7	same	2	0	0	75.3	0	0	184.64	-28.94	311.47	0	729.1	1.3915	12.8812	40	0	0	1	1	0	2	0	nue	QE	CC	874.9	737.3	0.85	0.43		0.9860	21042.0	1	1000001	1	0	1	1	15	13
300	9	9607	0	0	1000001	17	17	same	5	0	0	45.8	0	0	104.20	22.38	482.07	0	592.7	1.4986	8.5267	8	0	0	1	0	0	2	1	nue	MEC	CC	1903.2	661.0	1.138	0.96		1.2742	12906.8	1	1000001	1	0	1	1	12	7
300	9	9790	0	0	0	19	19	same	4	0	0	97.8	1	1	-141.88	78.97	5.53	0	1194.3	0.8949	4.0860	8	0	0	1	0	0	2	1	nue	RES	CC	1919.7	1490.8	0.514	1.22		0.6494	32698.9	0	0	1	0	1	1	28	24
300	12	594	0	0	11	72	15	not_in_act	3	0	0	46.2	0	0	-83.47	-132.27	153.74	0	692.1	-0.4192	-6.0371	8	0	0	1	0	0	3	1	nue	QE	CC	774.3	651.8	0.556	77.34		0.6937	11343.2	0	11	1	1	1	1	20	17
300	12	1217	0	0	5	15	15	same	1	0	1	71.7	0	0	-54.14	193.88	146.26	0	803.3	0.2819	12.7727	40	0	0	1	1	0	3	1	nue	QE	CC	770.4	733.4	1.334	2.89		1.4707	11161.3	0	5	1	0	1	1	25	24
300	12	1322	0	0	1000001	27	27	same	6	1	1	82.4	1	1	21.75	24.75	115.23	0	892.3	0.1786	-15.0000	8	0	0	1	0	0	2	0	nue	QE	CC	1110.4	1025.7	0.083	9.65		0.2182	20804.6	1	1000001	1	0	0	0	10	4
300	12	2488	0	0	1000000	16	16	same	18	0	1	98.5	1	1	93.28	-23.27	336.13	0	2455.4	-0.6955	4.4477	40	0	0	1	1	0	1	0	nue	DIS	CC	3308.9	2597.8	1.435	2.93		1.5721	61461.0	1	15	1	0	1	1	87	69
300	12	4683	0	0	2	3	3	same	1	0	0	35.3	0	0	-183.48	-74.79	116.96	0	343.1	-0.9726	-1.4050	8	0	0	1	0	0	1	0	nue	MEC	CC	586.1	423.0	1.521	0.73		1.6558	12985.2	0	2	1	0	1	1	10	9
300	12	5516	0	0	1000000	100	10	not_in_act	1	0	0	86.6	0	0	132.76	-152.78	401.86	0	2174.5	-0.2748	4.0347	8	0	0	1	0	0	2	0	nue	DIS	CC	2661.9	2193.9	1.437	0.87		1.5724	43627.7	1	1000000	1	1	1	1	55	54
300	12	10659	0	0	1000002	11	11	same	1	0	1	57.1	0	0	83.53	97.85	73.90	0	732.2	0.6928	-15.0000	4	0	1	0	0	0	2	0	nue	RES	CC	703.9	631.8	1.56	2.70		1.6942	12432.8	1	1000002	1	0	0	0	26	25
300	12	11235	0	0	1000004	22	22	same	14	0	0	149.3	0	0	123.72	-128.96	252.11	0	1070.1	1.4981	-7.8267	4	0	1	0	0	0	4	2	nue	RES	CC	1076.8	893.5	0.655	1.69		1.5148	16280.8	1	1000004	1	0	1	1	21	7
300	20	807	0	0	0	3	3	same	1	0	1	88.0	0	0	-159.53	-137.98	150.33	0	2501.1	-1.0395	10.7533	8	0	0	1	0	0	2	1	nue	QE	CC	2345.7	2273.6	1.523	2.12		1.6584	52458.5	0	0	1	0	1	1	88	87
300	20	4427	0	0	1	6	6	same	1	0	1	67.8	0	0	-142.32	-120.25	292.32	0	841.7	-0.4750	13.9293	40	0	0	1	1	0	2	0	nue	QE	CC	793.6	757.3	1.053	0.39		1.1894	23030.3	0	1	1	0	1	1	25	24
300	20	4754	0	0	1000001	20	20	same	4	0	1	81.9	0	0	73.81	-0.76	107.55	0	1538.2	-0.6111	-0.4204	8	0	0	1	0	0	1	0	nue	RES	CC	1653.4	1213.1	1.575	53.67		1.7117	27598.0	1	19	1	0	1	1	45	41
300	20	6354	0	0	1000005	19	19	same	1	0	1	56.3	0	0	94.14	105.93	381.30	0	637.1	-0.7054	6.7034	40	0	0	1	1	0	1	0	nue	DIS	CC	917.1	652.0	1.398	1.26		1.5354	14338.9	1	1000005	1	0	1	1	26	25
300	20	7096	0	0	7	18	18	same	5	0	0	23.4	0	0	-102.95	-110.33	483.62	0	528.1	0.7123	-9.0590	8	0	0	1	0	0	1	0	nue	QE	CC	975.7	216.1	0.417	27.39		0.5531	6388.8	0	7	1	0	1	1	17	12
300	20	7361	0	0	0	6	6	same	2	0	1	65.2	0	0	-137.12	-181.19	68.83	0	854.9	-0.4671	16.2556	40	0	0	1	1	0	1	0	nue	QE	CC	907.7	765.6	0.365	0.40		0.4990	19407.7	0	0	1	0	1	1	30	28
300	20	9269	0	0	1000000	9	9	same	1	0	1	62.0	0	0	137.76	-145.24	301.30	0	987.9	0.2362	0.2002	8	0	0	1	0	0	1	0	nue	RES	CC	1686.3	1039.5	1.47	2.28		1.6042	30298.5	1	1000000	1	0	1	1	43	42
300	20	10603	0	0	1000003	13	13	same	3	0	1	182.7	0	0	79.08	-135.02	63.26	0	1515.3	0.8048	4.1494	8	0	0	1	0	0	1	0	nue	RES	CC	1437.8	1417.6	0.822	2.29		0.9585	20869.1	1	12	1	0	1	1	15	12
300	20	11199	0	0	5	15	15	same	17	0	1	24.2	0	0	-33.15	190.87	315.27	0	813.7	0.2004	-2.7694	8	0	0	1	0	0	1	0	nue	RES	CC	1702.1	663.0	0.904	16.79		1.0409	5934.1	0	5	1	0	1	1	35	18
300	20	11515	0	0	0	6	6	same	1	0	1	89.0	0	0	-111.94	-113.54	53.44	0	946.5	0.5079	9.5682	8	0	0	1	0	0	1	0	nue	QE	CC	2234.5	2240.6	0.763	1.16		0.8997	50771.1	0	0	1	0	1	1	66	65
300	21	5092	0	0	1000009	6	6	same	1	0	1	41.2	0	0	100.70	-186.27	107.31	0	527.7	0.2452	-5.8245	8	0	0	1	0	0	3	0	nue	QE	CC	419.2	374.9	1.312	16.56		1.4503	5868.1	1	1000009	1	0	1	1	6	5
300	21	5839	0	0	1000000	15	15	same	2	0	1	55.8	0	0	160.46	-60.28	449.55	0	571.7	0.5621	7.3180	8	0	0	1	0	0	3	0	nue	RES	CC	668.5	571.1	0.624	0.52		0.7577	20096.2	1	1000000	1	0	1	1	9	7
300	21	8042	0	0	0	11	11	same	4	0	1	74.2	0	0	-19.05	79.92	231.80	0	784.1	-0.2362	5.4377	8	0	0	1	0	0	1	0	nue	QE	CC	738.3	740.4	0.352	14.66		0.4871	16911.1	0	0	1	0	1	1	23	19
300	21	9352	0	0	1000004	21	21	same	2	0	0	91.9	1	1	40.79	191.87	429.71	0	1028.7	0.2089	-15.0000	8	0	0	1	0	0	4	0	nue	DIS	CC	2614.4	1165.6	0.341	3.03		0.4755	18879.5	1	7	1	0	0	0	11	9
300	21	9929	0	0	3	9	9	same	2	0	0	69.5	0	0	-192.44	-148.68	106.62	0	570.9	0.7973	-15.0000	4	0	1	0	0	0	1	0	nue	MEC	CC	1848.0	767.9	0.612	0.91		0.7433	57157.4	0	3	1	0	0	0	13	11
300	21	10477	0	0	6	20	20	same	14	1	1	57.2	1	1	-70.31	-131.02	336.55	0	838.1	-0.5000	-15.0000	4	0	1	0	0	0	2	1	nue	QE	CC	747.2	587.8	1.358	45.62		0.4099	30081.1	0	6	1	0	0	0	14	0
300	21	10938	0	0	2	4	4	same	1	0	1	131.1	0	0	-55.80	76.43	190.48	0	1556.6	-0.3047	9.4008	40	0	0	1	1	0	1	0	nue	RES	CC	1825.8	1359.2	1.355	0.61		1.4916	30422.2	0	2	1	0	1	1	29	28
300	26	1449	0	0	1000006	13	13	same	2	0	1	89.6	0	0	12.89	-56.81	357.14	0	1103.0	1.6752	-15.0000	4	0	1	0	0	0	3	1	nue	RES	CC	926.2	853.0	0.45	0.86		0.5847	13208.3	1	13	1	0	0	0	6	4
300	26	8197	0	0	5	13	13	same	1	0	0	84.6	0	0	26.01	174.90	43.40	0	1468.8	0.4724	-2.4731	8	0	0	1	0	0	2	1	nue	QE	CC	1461.1	1137.6	0.403	10.94		0.5401	3183.5	0	5	1	0	1	1	33	32
300	26	9505	0	0	0	1	1	same	1	0	1	58.2	0	0	-105.02	-57.84	322.19	0	903.7	-0.1143	16.2556	40	0	0	1	1	0	2	0	nue	QE	CC	903.4	855.6	1.526	0.52		1.6625	21654.1	0	0	1	0	1	1	29	28
300	33	814	0	0	1000006	19	19	same	5	0	0	126.8	0	0	78.95	-81.39	367.04	0	722.7	-0.5027	-15.0000	6	1	1	0	0	1	1	0	nue	RES	CC	549.7	258.5	1.058	90.80		1.1954	3842.1	1	17	1	0	0	0	23	18
300	33	2148	0	0	4	3	3	same	1	0	0	133.8	0	0	-128.12	165.60	492.60	0	1273.7	2.4204	-15.0000	4	0	1	0	0	0	2	0	nue	DIS	CC	2812.4	1393.0	0.129	99.38		0.2615	26007.7	0	4	1	0	0	0	27	26
300	33	2405	0	0	7	23	23	same	9	0	1	36.5	0	0	-3.36	-183.20	232.39	0	729.5	1.0008	-1.3295	8	0	0	1	0	0	2	1	nue	RES	CC	712.7	557.3	0.37	3.11		0.5047	7193.0	0	7	1	0	1	1	19	10
300	33	6091	0	0	0	21	21	same	18	0	0	123.0	0	0	-114.79	178.67	153.97	0	2286.0	1.1037	11.6813	4	0	1	0	0	0	2	0	nue	DIS	CC	3006.9	2021.1	0.632	0.61		0.7680	42365.8	0	0	1	0	1	1	68	50
300	33	7543	0	0	5	16	16	same	4	0	1	252.8	1	1	34.99	182.74	141.00	0	2549.8	1.1028	6.9102	40	0	0	1	1	0	3	1	nue	DIS	CC	2905.0	2384.8	0.972	3.29		1.1149	6361.5	0	5	1	0	1	1	56	52
300	33	8211	0	0	5	13	13	same	4	0	1	71.0	0	0	-119.13	177.65	123.09	0	1115.2	-0.1334	9.0871	8	0	0	1	0	0	2	0	nue	QE	CC	1064.1	1048.3	1.407	0.57		1.5423	19580.4	0	5	1	0	1	1	27	23
300	33	9092	0	0	4	9	9	same	1	0	0	27.1	0	0	-193.72	-72.43	26.52	0	453.6	-0.2294	-15.0000	10	1	0	1	0	1	1	0	nue	RES	CC	962.4	394.3	0.989	21.00		1.1213	35909.8	0	4	1	0	0	0	3	2
300	33	9630	0	0	4	1	1	same	1	0	0	128.9	0	0	-193.67	-194.04	231.56	0	747.5	0.8244	-15.0000	8	0	0	1	0	0	3	2	nue	RES	CC	1160.5	1026.2	0.158	109.38		0.2933	16986.3	0	4	1	0	0	0	7	6
300	33	10774	0	0	1000000	7	7	same	2	0	1	72.3	0	0	163.93	-159.61	376.85	0	1231.0	-0.0536	13.5780	40	0	0	1	1	0	1	0	nue	QE	CC	1232.6	1181.9	1.154	0.23		1.2897	30766.9	1	1000000	1	0	1	1	18	16
300	33	11160	0	0	1	3	3	same	1	0	1	111.9	0	0	-97.71	-100.83	49.08	0	1050.7	1.2935	2.3059	4	0	1	0	0	0	3	2	nue	RES	CC	1917.2	1358.4	1.255	1.00		1.3920	30563.8	0	1	1	0	1	1	34	33
300	33	12416	0	0	1	124	21	not_in_act	8	0	1	74.0	0	0	-67.37	-4.95	356.00	0	3531.1	-0.8423	-15.0000	8	0	0	1	0	0	2	0	nue	DIS	CC	3360.4	2918.7	0.773	2.69		0.9098	63983.7	0	1	1	1	0	0	103	95
300	34	2426	0	0	1000004	14	14	same	2	0	0	80.4	0	0	59.49	-171.56	463.99	0	1295.4	0.9227	-15.0000	4	0	1	0	0	0	1	0	nue	RES	CC	2466.6	1094.1	0.114	5.41		0.2487	13686.4	1	18	1	0	0	0	20	18
300	34	3546	0	0	3	34	28	in_act_not_selected	23	0	1	152.2	0	0	-32.55	-46.44	424.79	0	1342.6	0.4739	1.8534	8	0	0	1	0	0	5	1	nue	RES	CC	2427.8	1543.0	0.186	1.30		0.3191	44659.9	0	3	1	1	1	1	39	16
300	34	3546	1	1	1000007	39	39	same	22	1	1	26.0	1	1	149.09	12.16	404.86	0	326.0	0.6159	-15.0000	4	0	1	0	0	0	5	3	numu	QE	CC	364.9	253.6	0.907	20.21		1.0347	10935.4	1	1000007	1	0	0	0	22	0
300	34	4299	0	0	2	59	9	not_in_act	2	0	1	60.4	0	0	-59.66	161.58	117.04	0	1107.1	-0.0514	12.6772	40	0	0	1	1	0	2	1	nue	DIS	CC	1314.1	1149.5	1.467	1.46		1.6025	19246.7	0	2	1	1	1	1	26	24
300	34	6181	0	0	1000000	12	12	same	2	0	0	105.9	0	0	171.66	-57.01	62.30	0	830.3	1.5783	-15.0000	4	0	1	0	0	0	4	3	nue	RES	CC	884.4	623.3	1.237	0.18		1.3718	24430.5	1	1000000	1	0	0	0	5	3
300	34	6579	0	0	1000007	14	14	same	2	0	0	18.4	0	0	200.88	-123.87	139.59	0	214.7	-1.9696	-1.9952	10	1	0	1	0	1	2	0	nue	RES	CC	569.3	260.9	1.578	2.88		1.7134	9810.1	1	1000007	1	0	1	1	12	10
300	34	7013	0	0	1000000	19	19	same	1	0	1	82.6	0	0	53.27	-6.17	176.78	0	1860.4	0.4259	9.0988	8	0	0	1	0	0	1	0	nue	RES	CC	2124.1	2084.7	0.804	0.79		0.9396	44888.5	1	10	1	0	1	1	52	51
300	34	8528	0	0	1	13	13	same	5	0	0	92.6	1	1	-43.79	-183.25	431.80	0	1014.0	0.6456	-15.0000	4	0	1	0	0	0	1	0	nue	DIS	CC	2176.5	844.2	0.699	1.98		0.8348	12101.9	0	1	1	0	0	0	9	4
300	34	12406	0	0	0	14	14	same	9	0	1	92.7	0	0	-48.04	-75.69	313.41	0	1698.7	-0.5581	11.6713	40	0	0	1	1	0	1	0	nue	QE	CC	1788.1	1727.8	1.489	0.47		1.6258	37131.4	0	0	1	0	1	1	37	28
300	40	4304	0	0	1000002	5	5	same	1	0	1	35.7	0	0	142.70	139.98	201.73	0	524.1	0.0291	-15.0000	8	0	0	1	0	0	1	0	nue	QE	CC	462.2	415.6	0.14	0.39		0.2748	11513.8	1	1000002	1	0	0	0	20	19
300	40	6500	0	0	7	6	6	same	1	0	0	57.3	0	0	-53.87	147.50	436.68	0	639.5	-1.4350	8.1920	40	0	0	1	1	0	2	1	nue	QE	CC	937.5	636.1	0.131	1.15		0.2664	8183.7	0	7	1	0	1	1	7	6
300	40	8313	0	0	1000002	16	16	same	6	0	1	194.8	0	0	38.96	122.27	114.36	0	1008.6	2.4377	-3.8904	4	0	1	0	0	0	1	0	nue	RES	CC	1473.7	1189.0	0.973	0.89		1.1087	19036.0	1	9	1	0	1	1	14	8
300	40	11512	0	0	1000003	16	16	same	2	0	0	97.4	0	0	25.35	-174.20	294.66	0	1449.2	-0.0978	3.2560	8	0	0	1	0	0	2	1	nue	RES	CC	1654.3	1346.9	0.902	54.10		1.0382	20065.5	1	11	1	0	1	1	38	36
300	40	11719	0	0	1000000	12	12	same	6	0	0	71.0	0	0	148.18	72.53	280.36	0	1703.1	0.3071	10.6395	36	0	1	0	1	0	2	0	nue	RES	CC	1893.7	1568.4	0.732	0.29		0.8643	51616.6	1	1000000	1	0	1	1	56	50
300	41	220	0	0	6	28	28	same	3	0	1	35.5	0	0	-41.89	60.12	40.76	0	463.1	-0.1564	1.2535	8	0	0	1	0	0	3	2	nue	RES	CC	1029.9	640.9	1.006	1.43		1.1442	10575.2	0	6	1	0	1	1	10	7
300	41	308	0	0	1000001	11	11	same	1	0	1	92.0	0	0	44.08	176.15	345.18	0	1518.0	-0.6377	12.1922	36	0	1	0	1	0	2	0	nue	MEC	CC	1900.5	1398.7	1.435	3.45		1.5728	22635.5	1	14	1	0	1	1	43	42
300	41	730	0	0	1	8	8	same	1	0	0	36.3	0	0	-162.00	-102.98	483.48	0	396.7	0.7630	4.4015	40	0	0	1	1	0	2	1	nue	RES	CC	1185.9	437.2	1.44	0.95		1.5750	13490.2	0	1	1	0	1	1	20	19
300	41	1307	0	0	1000002	8	8	same	1	0	1	34.0	0	0	25.30	63.58	134.97	0	457.1	0.2006	13.9908	40	0	0	1	1	0	1	0	nue	QE	CC	498.8	457.3	1.487	1.09		1.6231	10387.7	1	1000002	1	0	1	1	19	18
300	41	1367	0	0	4	33	4	not_in_act	1	0	1	27.7	0	0	-127.84	-104.01	86.05	0	250.3	-1.4116	-15.0000	8	0	0	1	0	0	1	0	nue	QE	CC	301.2	294.9	0.82	44.83		0.9559	7102.8	0	4	1	1	0	0	14	13
300	41	1424	0	0	1000000	8	8	same	2	0	1	94.0	0	0	132.79	-137.33	330.27	0	735.7	-1.7250	-15.0000	6	1	1	0	0	1	1	0	nue	RES	CC	1777.8	1352.0	0.828	7.45		0.9647	30192.5	1	1000000	1	0	0	0	30	28
300	41	1653	0	0	7	14	14	same	6	0	0	25.5	0	0	-15.77	158.80	447.52	0	232.2	-0.0049	1.3337	40	0	0	1	1	0	1	0	nue	MEC	CC	568.3	293.0	0.661	1.91		0.7958	3975.0	0	7	1	0	1	1	9	3
300	41	1869	0	0	1000000	84	14	not_in_act	5	0	1	104.8	0	0	159.89	-66.95	120.82	0	2241.1	0.4435	13.2270	36	0	1	0	1	0	1	0	nue	DIS	CC	2497.4	2165.9	1.202	0.39		1.3365	66075.8	1	1000000	1	1	1	1	51	46
300	41	2408	0	0	1000000	93	7	not_in_act	1	0	1	61.1	0	0	170.40	-148.77	258.41	0	1058.7	0.3230	12.2916	40	0	0	1	1	0	2	1	nue	MEC	CC	1181.6	1013.5	0.123	0.37		0.2588	26445.7	1	1000000	1	1	1	1	41	40
300	41	6105	0	0	1000002	21	21	same	31	1	0	112.3	1	1	113.21	148.30	406.75	0	1704.2	-1.8528	10.7344	40	0	0	1	1	0	2	1	nue	MEC	CC	1712.6	1568.0	1.457	1.08		1.5912	26086.5	1	1000002	1	0	1	1	31	0
300	41	7516	0	0	1000000	8	8	same	1	0	1	77.7	0	0	150.25	81.91	178.60	0	877.1	0.5030	4.1912	8	0	0	1	0	0	1	0	nue	RES	CC	1058.3	832.5	0.9	0.38		1.0355	31955.0	1	1000000	1	0	1	1	11	10
300	41	8498	0	0	1000000	96	15	not_in_act	6	0	1	52.9	0	0	13.64	-20.56	205.36	0	1039.0	-0.5170	4.6070	4	0	1	0	0	0	2	1	nue	DIS	CC	2860.3	1165.6	0.124	1.01		0.2581	23638.5	1	7	1	1	1	1	27	21
300	41	9343	0	0	0	23	23	same	36	0	1	110.3	0	0	-40.90	-8.49	236.64	0	2203.6	-0.6150	9.4770	40	0	0	1	1	0	1	0	nue	QE	CC	1738.2	1738.6	1.394	1.27		1.5306	41294.0	0	0	1	0	1	1	89	53
300	41	12401	0	0	1000002	9	9	same	1	0	1	59.9	0	0	104.65	8.60	359.36	0	558.7	0.3632	-15.0000	8	0	0	1	0	0	2	1	nue	MEC	CC	563.5	372.2	0.83	8.67		0.9677	8023.2	1	1000002	1	0	0	0	3	2
300	41	12410	0	0	1000003	18	18	same	1	0	1	37.8	0	0	146.22	89.96	344.21	0	376.9	0.6709	-4.3419	4	0	1	0	0	0	1	0	nue	QE	CC	465.8	400.5	0.793	18.63		0.9260	13653.9	1	1000003	1	0	1	1	22	21
300	58	1951	0	0	0	48	7	not_in_act	2	0	0	68.2	0	0	-179.75	174.34	215.48	0	819.0	0.1711	10.7541	40	0	0	1	1	0	1	0	nue	QE	CC	1237.0	766.4	1.092	0.36		1.2250	48391.3	0	0	1	1	1	1	24	22
300	58	2160	0	0	1000000	19	19	same	24	0	1	64.4	1	1	144.40	-56.65	360.90	0	1984.1	-0.4545	9.2337	8	0	0	1	0	0	3	1	nue	RES	CC	1954.3	1794.3	0.262	0.85		0.3977	45122.3	1	1000000	1	0	1	1	81	57
300	58	2428	0	0	0	20	20	same	24	0	0	181.8	0	0	-32.55	-86.39	166.57	0	2003.0	2.8689	-15.0000	4	0	1	0	0	0	2	1	numu	QE	CC	1208.3	857.0	1.24	0.68		0.3511	60696.6	0	0	1	0	0	0	65	41
300	58	3387	0	0	7	11	11	same	9	0	1	68.5	0	0	-16.82	124.76	159.04	0	736.3	1.4340	9.9584	8	0	0	1	0	0	1	0	nue	MEC	CC	969.6	907.1	1.543	0.89		1.6770	11592.3	0	7	1	0	1	1	36	27
300	58	4114	0	0	1000001	14	14	same	2	0	1	64.9	0	0	45.45	-63.41	245.14	0	1461.3	0.1607	1.9333	4	0	1	0	0	0	1	0	nue	MEC	CC	1713.0	1529.1	1.488	19.43		1.6250	33960.4	1	14	1	0	1	1	58	56
300	58	4273	0	0	1000000	15	15	same	1	0	0	108.6	0	0	116.72	-10.20	119.68	0	2294.4	-0.2935	-3.3361	4	0	1	0	0	0	1	0	nue	RES	CC	4015.3	2919.2	1.58	1.03		1.7162	95150.3	1	1000000	1	0	1	1	64	63
300	58	4360	0	0	0	19	19	same	3	0	1	112.5	1	2	-13.16	93.62	288.31	0	2277.9	-0.9958	5.2922	8	0	0	1	0	0	2	1	nue	QE	CC	2309.8	2246.2	0.768	21.24		0.9029	50901.0	0	0	1	0	1	1	63	60
300	58	6270	0	0	0	3	3	same	1	0	1	104.9	0	0	-84.55	117.12	279.12	0	1806.1	-0.3612	6.1179	8	0	0	1	0	0	3	1	nue	MEC	CC	2106.4	1452.7	1.092	6.83		1.2297	32116.4	0	0	1	0	1	1	31	30
300	58	6481	0	0	1000003	23	23	same	17	0	1	92.5	0	0	71.14	96.60	259.51	0	456.7	0.3712	-15.0000	8	0	0	1	0	0	2	1	nue	RES	CC	1376.9	945.5	0.882	2.28		1.0178	21524.4	1	1000003	1	0	0	0	30	13
300	58	6701	0	0	3	15	15	same	2	0	1	201.5	0	0	-32.80	-44.97	138.48	0	1707.8	0.6844	13.0483	40	0	0	1	1	0	1	0	nue	RES	CC	2548.8	2224.6	1.58	0.80		1.7159	42040.8	0	3	1	0	1	1	33	31
300	58	7569	0	0	0	5	5	same	1	0	1	82.6	0	0	-151.88	-78.57	378.29	0	968.3	-0.4806	-9.3245	8	0	0	1	0	0	1	0	nue	RES	CC	1817.9	1574.8	1.074	126.72		1.2115	47281.3	0	0	1	0	1	1	31	30
300	58	9551	0	0	4	7	7	same	1	0	1	39.2	0	0	-86.96	78.89	347.87	0	482.5	0.9551	-15.0000	4	0	1	0	0	0	3	2	nue	QE	CC	325.3	287.0	1.058	12.74		1.1956	5699.7	0	4	1	0	0	0	17	16
300	58	9910	0	0	0	17	17	same	1	0	1	146.6	0	0	-126.89	46.98	231.84	0	1986.5	-1.8309	10.0577	8	0	0	1	0	0	3	2	nue	QE	CC	1987.6	1919.1	0.427	0.51		0.5636	55375.6	0	0	1	0	1	1	49	48
300	58	10366	0	0	1000000	5	5	same	1	0	0	59.2	0	0	129.97	38.32	448.37	0	908.6	0.0765	5.3743	8	0	0	1	0	0	1	0	nue	RES	CC	1991.2	739.4	0.379	2.07		0.5133	17731.3	1	10	1	0	1	1	24	23
300	58	10419	0	0	1000004	23	23	same	2	0	0	55.4	0	0	191.06	149.35	413.05	0	1014.1	1.1641	3.8734	4	0	1	0	0	0	2	1	nue	RES	CC	1500.8	866.1	0.224	0.37		0.3582	35937.1	1	1000004	1	0	1	1	11	9
300	72	589	0	0	1000000	11	11	same	2	0	0	71.5	0	0	123.30	124.80	376.78	0	1089.7	-0.4866	10.2359	40	0	0	1	1	0	1	0	nue	QE	CC	1368.7	1040.6	1.493	0.44		1.6286	26337.3	1	1000000	1	0	1	1	57	55
300	72	661	0	0	1000000	97	11	not_in_act	2	0	0	92.0	0	0	115.16	-181.88	242.49	0	3065.7	-0.4216	3.4623	4	0	1	0	0	0	2	1	nue	DIS	CC	3271.0	2653.5	0.124	18.35		0.2575	51848.3	1	14	1	1	1	1	68	66
300	72	2703	0	0	1000000	14	14	same	13	0	1	75.3	0	0	42.76	104.97	73.70	0	1543.5	0.4257	9.2644	4	0	1	0	0	0	3	0	nue	RES	CC	1843.5	1676.0	0.079	1.37		0.2160	27726.5	1	5	1	0	1	1	59	46
300	72	5655	0	0	1000000	23	23	same	1	0	1	102.2	0	0	138.83	-82.16	249.03	0	1440.7	-0.0086	-15.0000	8	0	0	1	0	0	1	0	nue	QE	CC	1826.4	1908.8	1.261	0.63		1.3965	50164.2	1	1000000	1	0	0	0	60	59
300	77	1475	0	0	1000001	9	9	same	5	0	0	47.4	0	0	163.50	158.65	208.93	0	467.1	-1.1582	7.0562	8	0	0	1	0	0	1	0	nue	MEC	CC	706.0	551.5	0.937	1.58		1.0722	19919.6	1	14	1	0	1	1	21	16
300	77	1918	0	0	0	26	26	same	3	0	1	92.9	1	1	-158.46	-161.36	375.74	0	2698.8	-1.6591	12.8262	40	0	0	1	1	0	1	0	nue	QE	CC	2497.1	2308.5	1.397	0.14		1.5309	55562.2	0	0	1	0	1	1	62	59
300	77	3846	0	0	0	5	5	same	1	0	0	67.2	0	0	-11.12	50.96	444.06	0	1019.4	1.3059	-15.0000	4	0	1	0	0	0	2	0	nue	RES	CC	2454.2	1141.3	1.155	2.25		1.2903	34777.7	0	0	1	0	0	0	9	8
300	77	4179	0	0	1000002	14	14	same	2	0	0	15.7	0	0	202.50	-180.43	54.27	0	93.0	-1.5936	-15.0000	10	1	0	1	0	1	1	0	nue	QE	CC	325.2	119.2	0.727	17.19		0.8573	19711.8	1	1000002	1	0	0	0	13	11
300	77	6976	0	0	2	21	21	same	6	0	1	40.9	0	0	-164.25	-104.62	184.62	0	742.8	1.2948	-15.0000	4	0	1	0	0	0	3	0	nue	MEC	CC	961.4	721.4	0.144	17.62		0.2767	22043.0	0	2	1	0	0	0	22	16
300	77	7751	0	0	10	19	19	same	2	0	1	65.3	0	0	10.34	-157.74	72.28	0	725.0	0.1944	-15.0000	8	0	0	1	0	0	2	0	nue	QE	CC	846.4	804.5	0.216	1.92		0.3514	10143.3	0	10	1	0	0	0	28	26
300	77	7994	0	0	6	3	3	same	1	0	1	50.7	0	0	-70.82	-20.04	311.59	0	744.8	1.5808	5.5033	4	0	1	0	0	0	2	1	nue	RES	CC	647.0	542.8	1.452	0.57		1.5894	12543.9	0	6	1	0	1	1	13	12
300	86	14	0	0	6	7	7	same	1	0	1	72.9	0	0	-76.51	7.96	333.47	0	625.9	1.6533	-2.2369	4	0	1	0	0	0	2	1	nue	RES	CC	950.1	753.2	0.562	5.30		0.6986	17730.2	0	6	1	0	1	1	21	20
300	86	686	0	0	1000000	9	9	same	1	0	0	57.4	0	0	163.00	193.60	108.83	0	1547.2	-0.4684	2.0177	40	0	0	1	1	0	2	1	nue	RES	CC	2528.0	1560.4	0.46	1.73		0.5952	35552.8	1	1000000	1	0	1	1	27	26
300	86	1498	0	0	1000000	19	19	same	2	0	1	112.9	0	0	101.08	6.22	86.68	0	2345.4	-0.7924	13.0355	40	0	0	1	1	0	2	1	nue	QE	CC	2221.7	2204.1	1.144	1.31		1.2807	62306.1	1	1000000	1	0	1	1	78	76
300	86	4145	0	0	1	16	16	same	3	0	1	69.1	0	0	-4.58	-42.35	38.90	0	1440.6	-0.0175	13.6283	8	0	0	1	0	0	2	0	nue	RES	CC	1716.4	1532.3	0.665	2.23		0.7999	22046.4	0	1	1	0	1	1	51	48
300	86	6197	0	0	1000001	13	13	same	2	0	0	26.5	0	0	122.01	88.45	50.75	0	945.2	0.1141	-7.0449	4	0	1	0	0	0	3	1	nue	RES	CC	1504.0	1019.9	0.801	48.12		0.9354	27863.7	1	1000001	1	0	1	1	56	54
300	86	8572	0	0	1000000	5	5	same	1	0	0	81.5	0	0	152.25	28.28	459.68	0	1240.2	-0.7097	12.8023	8	0	0	1	0	0	1	0	nue	RES	CC	1976.5	1229.7	0.359	0.42		0.4932	36034.9	1	1000000	1	0	1	1	15	14
300	86	8703	0	0	1000003	49	11	not_in_act	1	0	0	139.7	0	0	92.40	-103.18	331.09	0	465.2	-1.0079	-15.0000	8	0	0	1	0	0	3	2	numu	QE	CC	1148.3	559.4	0.77	0.75		0.9079	14668.4	1	1000003	1	1	0	0	15	14
300	91	521	0	0	1000001	26	26	same	20	0	1	89.2	0	0	18.03	-124.36	206.73	0	1423.7	1.3939	1.7551	36	0	1	0	1	0	1	0	nue	RES	CC	2135.9	1770.5	1.165	2.50		1.3003	31651.7	1	7	1	0	1	1	60	40
300	91	652	0	0	0	3	3	same	1	0	1	86.4	0	0	-135.03	-5.66	226.08	0	1767.5	-0.6477	4.4839	40	0	0	1	1	0	2	0	nue	QE	CC	1798.6	1756.3	0.75	1.38		0.8849	54398.2	0	0	1	0	1	1	62	61
300	91	1128	0	0	3	9	9	same	1	0	0	54.3	0	0	-98.68	-194.49	284.89	0	1097.1	0.5739	-1.2469	8	0	0	1	0	0	1	0	nue	RES	CC	2223.6	1088.3	0.393	3.58		0.5291	24064.4	0	3	1	0	1	1	8	7
300	91	2010	0	0	1000000	110	12	not_in_act	1	0	1	67.6	0	0	98.23	-65.71	168.79	0	1772.2	-0.6457	-1.7434	8	0	0	1	0	0	1	0	nue	DIS	CC	2177.9	1947.6	1.05	15.06		1.1879	48798.5	1	1000000	1	1	1	1	88	87
300	91	2251	0	0	1000006	16	16	same	5	0	0	90.2	0	0	87.76	-117.54	460.41	0	697.6	1.3717	-15.0000	6	1	1	0	0	1	1	0	nue	QE	CC	814.4	448.1	1.039	72.06		1.1769	5478.9	1	1000006	1	0	0	0	13	8
300	91	2428	0	0	1000007	19	19	same	2	0	1	50.1	0	0	29.37	22.02	106.34	0	527.7	0.5267	-3.8324	8	0	0	1	0	0	4	2	nue	RES	CC	642.7	724.8	1.54	1.62		1.6750	18988.5	1	1000007	1	0	1	1	22	20
300	91	2428	1	1	7	174	10	in_act_not_selected	16	0	0	15.4	1	1	-192.63	-155.75	364.26	0	100.8	-1.0026	-15.0000	8	0	0	1	0	0	4	2	nue	RES	CC	642.7	724.8	1.54	385.30		1.9668	12353.8	0	7	1	1	0	0	22	6
300	91	2932	0	0	1	4	4	same	1	0	1	78.6	0	0	-177.62	29.60	110.40	0	1577.4	-0.0931	5.1712	40	0	0	1	1	0	1	0	nue	RES	CC	1596.9	1493.6	1.578	6.42		1.7130	43665.6	0	1	1	0	1	1	40	39
300	91	3686	0	0	12	4	4	same	2	0	0	27.4	0	0	-187.79	77.23	479.36	0	577.1	0.5068	-15.0000	8	0	0	1	0	0	3	2	nue	RES	CC	2419.7	474.6	1.514	1.26		1.6492	15909.2	0	12	1	0	0	0	14	12
300	91	5470	0	0	2	6	6	same	1	0	1	39.6	0	0	-92.27	9.87	103.80	0	1081.4	0.0559	9.8654	40	0	0	1	1	0	1	0	nue	QE	CC	1090.5	1064.3	0.782	0.51		0.9184	28074.6	0	2	1	0	1	1	50	49
300	91	7483	0	0	1000003	10	10	same	1	0	1	63.7	0	0	83.89	130.98	342.79	0	1338.9	-0.4206	12.7247	40	0	0	1	1	0	3	2	nue	QE	CC	1273.3	1242.1	0.677	1.01		0.8133	24174.3	1	1000003	1	0	1	1	34	33
300	91	9610	0	0	1000001	11	11	same	1	0	0	66.6	0	0	119.09	-187.03	439.89	0	1242.5	-0.0063	9.0461	40	0	0	1	1	0	2	0	nue	MEC	CC	2374.7	1171.5	1.286	0.91		1.4217	18443.5	1	19	1	0	1	1	19	18
300	91	11037	0	0	1000000	9	9	same	2	0	1	37.5	0	0	183.34	-60.68	72.02	0	394.1	0.1503	0.5090	8	0	0	1	0	0	1	0	nue	RES	CC	657.9	419.7	0.366	0.33		0.4984	18156.1	1	1000000	1	0	1	1	18	16
300	94	2844	0	0	0	12	12	same	4	0	1	84.1	0	0	-4.20	33.36	180.36	0	1552.8	0.2575	8.3488	4	0	1	0	0	0	2	1	nue	RES	CC	1486.2	1422.9	0.182	0.60		0.3160	32668.4	0	0	1	0	1	1	56	52
300	94	6136	0	0	2	5	5	same	1	0	1	66.0	0	0	-103.02	6.82	387.24	0	621.1	-0.8147	13.0387	40	0	0	1	1	0	1	0	nue	QE	CC	618.0	614.8	0.584	2.02		0.7185	14605.0	0	2	1	0	1	1	16	15
300	94	7447	0	0	1000003	16	16	same	1	0	1	109.9	0	0	57.71	-98.99	77.03	0	1247.7	-0.1839	6.1808	8	0	0	1	0	0	1	0	nue	RES	CC	1333.1	1322.5	0.161	20.87		0.2978	27002.1	1	1000003	1	0	1	1	31	30
300	94	7702	0	0	1000003	16	16	same	1	0	0	130.2	0	0	13.17	-96.97	391.90	0	1351.1	0.4758	6.2588	8	0	0	1	0	0	1	0	nue	MEC	CC	1556.9	1187.7	0.17	0.91		0.3045	15070.9	1	5	1	0	1	1	36	35
300	94	8495	0	0	1	25	25	same	11	0	1	67.5	0	0	-36.34	48.30	270.79	0	1237.0	1.0795	5.5923	40	0	0	1	1	0	2	0	nue	DIS	CC	2716.5	1650.1	0.39	1.16		0.5268	33464.7	0	1	1	0	1	1	52	41
300	94	10695	0	0	1	133	19	not_in_act	4	0	1	58.1	0	0	-137.63	62.04	168.49	0	867.1	-0.6295	-5.7059	8	0	0	1	0	0	2	0	nue	RES	CC	1454.8	1191.7	0.939	26.16		1.0743	35680.0	0	1	1	1	1	1	61	57
300	94	11308	0	0	0	3	3	same	2	0	0	79.2	0	0	-197.79	-64.98	440.14	0	1865.3	0.5341	3.7557	8	0	0	1	0	0	1	0	nue	RES	CC	2663.4	1674.5	1.04	46.37		1.1733	124929.0	0	0	1	0	1	1	33	31
