sample	event	run	rc	has_calib	main_cid	vx	vy	vz	n_steiner_main	n_steiner_term	n_seg	n_stub	zz_len	zz_ratio	zz_rms_dr	zz_fold	zzi_len	zzi_ratio	zzi_rms_dr	iso_len75	iso_len80	iso_len_any75	iso_len_any85	mu_dqdx_med	mu_npts	uncov	uncov_q	pio_flag	pio_mass	mcs_energy	mcs_amb	mcs_range	event_label	nu_evaluated	numu_score	nue_score	Enu	wall_s	core_s	maxrss_kb	bundles
mcp2k	47278	18259	0	1	6	-70.7253	152.204	224.551	1043	204	5	1	78.9567	1.01933	0.146477	0.0311594	0	nan	nan	0	0	0	0	70324.5	89	0.103391	2.93982e+07	1	2.15592	287.011	0.926908	123.777	nu-candidate	1	1.7524179	-15.0	222.47012	12.522	7.364	1209844	{"10:1000006": "-1,-1,-1", "12:1000008": "-1,-1,-1", "13:7": "-1,-1,-1", "14:1000004": "-1,-1,-1", "15:1000001": "-1,-1,-1", "16:3": "-1,-1,-1", "17:13": "-1,-1,-1", "18:4": "-1,-1,-1", "19:0": "-1,-1,-1", "2:10": "-1,-1,-1", "4:8": "-1,-1,-1", "6:6": "0,0,1", "7:2": "-1,-1,-1", "8:5": "-1,-1,-1"}
mcp2k	47784	18259	0	1	17	59.9685	-70.9014	113.332	1834	269	3	0	253.986	1.03345	0.75521	0.14036	221.294	1.03388	0.857151	221.294	221.294	221.294	0	nan	0	0.0711464	6.15243e+07	0	0	-1	-1	-1	nu-candidate	1	1.9914076	-15.0	994.3363	17.285	10.219	1190816	{"10:1000009": "-1,-1,-1", "12:1000007": "-1,-1,-1", "13:1000014": "-1,-1,-1", "15:1000003": "-1,-1,-1", "16:4": "-1,-1,-1", "17:1000005": "0,0,0", "18:1000002": "-1,-1,-1", "19:1": "-1,-1,-1", "20:1000008": "-1,-1,-1", "3:5": "-1,-1,-1", "6:1000001": "-1,-1,-1", "8:1000011": "-1,-1,-1"}
mcp2k	49742	18259	0	1	16	180.684	54.3383	55.4748	1000	256	1	0	107.405	1.01907	0.497016	0.0617978	0	nan	nan	0	0	0	0	54867.6	170	0.430945	3.43221e+07	1	10.8837	247.622	0.224952	265.917	nu-candidate	1	1.7327002	-15.0	391.386	11.826	6.523	1187512	{"10:1000001": "-1,-1,-1", "12:1000003": "-1,-1,-1", "14:1000002": "-1,-1,-1", "15:1000007": "-1,-1,-1", "16:1000005": "0,0,1", "17:9": "-1,-1,-1", "18:14": "-1,-1,-1", "19:1000000": "-1,-1,-1", "2:4": "-1,-1,-1", "5:1000013": "-1,-1,-1", "6:1000009": "-1,-1,-1", "8:1000006": "-1,-1,-1"}
mcp2k	51219	18255	0	1	12	-83.9558	-110.6	15.8751	2406	306	4	0	248.373	1.08036	3.63625	0.197842	196.997	1.08441	4.39083	184.957	184.957	196.997	0	51417.8	300	0.0790146	5.27622e+07	1	40.3315	395.046	0.18153	428.512	nu-candidate	1	3.6410031	-12.224615	898.3412	17.481	10.982	1155464	{"10:1000002": "-1,-1,-1", "11:3": "-1,-1,-1", "12:1": "0,0,1", "13:1000005": "-1,-1,-1", "14:1000003": "-1,-1,-1", "1:9": "-1,-1,-1", "2:4": "-1,-1,-1", "3:8": "-1,-1,-1", "5:1000000": "-1,-1,-1", "6:1000001": "-1,-1,-1", "8:1000010": "-1,-1,-1"}
mcp2k	51546	18259	0	1	16	-158.73	172.39	424.374	537	52	2	0	70.5251	1.09614	0.272367	0.307692	70.5251	1.09614	0.272367	70.5251	70.5251	70.5251	70.5251	50325.6	109	0.166085	1.98703e+07	1	130.152	294.03	0.85922	186.13	nu-candidate	1	2.924738	-15.0	640.802	16.238	9.113	1276852	{"10:1000010": "-1,-1,-1", "11:1000007": "-1,-1,-1", "12:1000000": "-1,-1,-1", "13:1000009": "-1,-1,-1", "14:1000004": "-1,-1,-1", "15:1000006": "-1,-1,-1", "16:2": "0,0,0", "17:1000005": "-1,-1,-1", "18:1000001": "-1,-1,-1", "19:9": "-1,-1,-1", "20:6": "-1,-1,-1", "3:5": "-1,-1,-1", "5:0": "-1,-1,-1", "6:8": "-1,-1,-1", "7:3": "-1,-1,-1", "8:4": "-1,-1,-1"}
mcp2k	51868	18255	0	1	7	12.049	-23.036	210.975	850	126	2	0	175.165	1.05983	4.92428	0.192917	165.048	1.06002	5.20832	165.048	165.048	165.048	165.048	52687.5	266	0.0208087	3.42437e+07	1	2.60687	388.506	0.450241	386.324	nu-candidate	1	1.7452816	-15.0	550.7924	11.902	6.735	1167440	{"3:1000004": "-1,-1,-1", "4:4": "-1,-1,-1", "5:1000000": "-1,-1,-1", "6:1000001": "-1,-1,-1", "7:1000002": "0,0,1", "8:1": "-1,-1,-1", "9:0": "-1,-1,-1"}
mcp2k	52044	18255	0	1	18	-84.878	-117.952	241.053	1077	167	4	0	106.988	1.03637	1.88214	0.118644	106.988	1.03637	1.88214	106.988	0	106.988	0	54988.4	169	0.198269	3.39159e+07	1	192.248	264.801	0.402773	265.039	nu-candidate	1	2.1584516	-15.0	735.1859	12.028	8.008	1237828	{"12:1000003": "-1,-1,-1", "14:1000000": "-1,-1,-1", "15:6": "-1,-1,-1", "16:1000001": "-1,-1,-1", "17:5": "-1,-1,-1", "18:3": "0,0,1", "19:13": "-1,-1,-1", "3:1": "-1,-1,-1", "4:7": "-1,-1,-1", "6:0": "-1,-1,-1", "7:8": "-1,-1,-1", "9:12": "-1,-1,-1"}
mcp2k	52352	18255	0	1	17	-102.522	43.4631	338.354	61	10	1	1	0	nan	nan	nan	0	nan	nan	0	0	0	0	nan	0	0.343886	2.44829e+06	1	4.42272	-1	-1	-1	nu-candidate	1	-1.621489	-15.0	115.11988	7.818	5.662	1211492	{"10:1000005": "-1,-1,-1", "11:1000011": "-1,-1,-1", "12:1000003": "-1,-1,-1", "13:1000010": "-1,-1,-1", "14:1000008": "-1,-1,-1", "15:0": "-1,-1,-1", "16:1000000": "-1,-1,-1", "17:5": "0,0,1", "1:15": "-1,-1,-1", "3:11": "-1,-1,-1", "4:7": "-1,-1,-1", "9:1000007": "-1,-1,-1"}
mcp2k	53658	18259	0	1	15	-85.1843	-95.1076	1.05355	1332	209	3	0	108.268	1.01947	0.727613	0.0457955	17.741	1.02776	0.120171	17.741	0	17.741	0	nan	0	0.238335	3.56546e+07	1	48.5014	-1	-1	-1	nu-candidate	1	-1.5918752	-15.0	484.21216	12.502	6.234	1223236	{"10:1000003": "-1,-1,-1", "12:8": "-1,-1,-1", "13:1000008": "-1,-1,-1", "14:1000004": "-1,-1,-1", "15:6": "0,0,0", "16:2": "-1,-1,-1", "17:1": "-1,-1,-1", "18:1000011": "-1,-1,-1", "2:0": "-1,-1,-1", "4:4": "-1,-1,-1", "8:1000005": "-1,-1,-1", "9:1000002": "-1,-1,-1"}
mcp2k	53793	18255	0	1	37	84.3524	-22.7686	117.297	2510	357	7	0	200.055	1.03815	0.191058	0.109627	33.8619	1.03579	0.198666	12.4066	0	33.8619	21.4554	49735.7	241	0.25033	6.16275e+07	0	0	912.803	0.000240828	954.9	nu-candidate	1	5.1990604	-10.801872	1360.756	15.571	11.529	1224880	{"10:1000008": "-1,-1,-1", "11:1000005": "-1,-1,-1", "12:3": "0,0,1", "13:1000004": "-1,-1,-1", "14:5": "-1,-1,-1", "15:1000015": "-1,-1,-1", "1:13": "-1,-1,-1", "3:7": "-1,-1,-1", "5:0": "-1,-1,-1", "6:1000001": "-1,-1,-1", "8:1000011": "-1,-1,-1", "9:1000007": "-1,-1,-1"}
mcp2k	53881	18255	0	1	12	90.1193	61.8597	415.202	990	90	2	0	74.4897	1.0285	0.339684	0.0650407	74.4897	1.0285	0.339684	74.4897	74.4897	74.4897	74.4897	nan	0	0.0282582	2.75293e+07	1	2.75491	-1	-1	-1	nu-candidate	1	-0.8910071	-15.0	487.871	13.413	6.220	1201292	{"10:1000005": "-1,-1,-1", "12:1000003": "0,0,1", "13:1000001": "-1,-1,-1", "14:1000006": "-1,-1,-1", "16:1000007": "-1,-1,-1", "17:1": "-1,-1,-1", "18:1000002": "-1,-1,-1", "19:3": "-1,-1,-1", "1:11": "1,0,0", "20:1000000": "-1,-1,-1", "3:4": "-1,-1,-1", "5:2": "-1,-1,-1", "7:6": "-1,-1,-1"}
mcp2k	54453	18255	0	1	22	-108.265	-91.0445	233.937	826	108	3	0	49.371	1.04814	0.325909	0.150074	0	nan	nan	0	0	0	0	58351.8	53	0.119025	1.52969e+07	1	49.4365	-1	-1	-1	cosmic-tagged	1	0.29236677	-15.0	858.254	13.465	8.526	1217776	{"10:1000004": "-1,-1,-1", "11:1000001": "-1,-1,-1", "12:0": "-1,-1,-1", "13:1000002": "-1,-1,-1", "14:3": "1,0,0", "15:1000003": "-1,-1,-1", "2:4": "-1,-1,-1", "5:2": "-1,-1,-1", "6:1": "-1,-1,-1", "8:1000010": "-1,-1,-1"}
mcp2k	54508	18255	0	1	10	18.995	-106.679	200.438	250	39	2	0	16.6137	1.04957	0.109258	0.333333	16.6137	1.04957	0.109258	16.6137	0	16.6137	0	nan	0	0.028512	1.21725e+07	1	0.997135	-1	-1	-1	nu-candidate	1	-1.9641652	-15.0	226.16876	9.958	6.198	1196096	{"10:1000005": "0,0,1", "12:1000004": "-1,-1,-1", "13:1": "-1,-1,-1", "14:1000003": "-1,-1,-1", "15:1000000": "-1,-1,-1", "1:12": "-1,-1,-1", "2:11": "-1,-1,-1", "4:5": "-1,-1,-1", "6:7": "-1,-1,-1", "7:3": "-1,-1,-1", "8:1000008": "-1,-1,-1"}
mcp2k	54629	18255	0	1	20	37.7871	0.237771	0.864743	785	133	1	0	113.921	1.05361	0.623062	0.153439	0	nan	nan	0	0	0	0	50971.9	181	0.399372	3.11874e+07	0	0	42.8697	0.910779	279.163	cosmic-tagged	1	-1.2421108	-15.0	386.6267	7.220	6.184	1195088	{"10:1000003": "-1,-1,-1", "11:4": "-1,-1,-1", "12:1000001": "-1,-1,-1", "13:0": "-1,-1,-1", "14:1000000": "-1,-1,-1", "15:5": "0,1,0", "1:1": "-1,-1,-1", "4:1000014": "-1,-1,-1", "5:1000008": "-1,-1,-1", "8:1000004": "-1,-1,-1"}
mcp2k	55278	18255	0	1	21	-68.0179	85.0652	461.704	554	80	2	0	39.9584	1.05368	0.211665	0.215385	39.9584	1.05368	0.211665	39.9584	0	39.9584	0	nan	0	0.0155713	1.7742e+07	1	2.07335	380.952	0.502564	317.74	nu-candidate	1	0.39943734	-15.0	683.65	10.588	6.674	1188472	{"10:1000004": "-1,-1,-1", "11:1000003": "-1,-1,-1", "12:5": "-1,-1,-1", "13:3": "0,0,0", "14:0": "-1,-1,-1", "3:6": "-1,-1,-1", "6:1000002": "-1,-1,-1", "8:1000000": "-1,-1,-1", "9:1000001": "-1,-1,-1"}
mcp2k	55443	18255	0	1	7	10.6794	-31.2865	129.356	121	19	1	0	0	nan	nan	nan	0	nan	nan	0	0	0	0	nan	0	0.0425883	2.81357e+06	1	2.15573	-1	-1	-1	nu-candidate	1	-1.2671534	-15.0	92.150604	11.293	5.047	1143004	{"10:1000000": "-1,-1,-1", "11:1000004": "-1,-1,-1", "1:0": "-1,-1,-1", "3:1000006": "-1,-1,-1", "5:1000001": "-1,-1,-1", "6:1": "-1,-1,-1", "7:1000005": "0,0,1", "8:2": "-1,-1,-1", "9:1000007": "-1,-1,-1"}
mcp2k	55542	18255	0	1	5	-56.825	-61.3341	123.669	1990	299	7	1	253.192	1.02627	0.953003	0.0978481	141.879	1.02361	0.462311	141.879	0	141.879	0	50721.9	395	0.26603	6.65839e+07	0	0	605.017	0.109126	577.787	nu-candidate	1	2.1008863	-15.0	786.9493	16.464	9.296	1192444	{"11:1000003": "-1,-1,-1", "12:1": "-1,-1,-1", "13:6": "-1,-1,-1", "14:0": "-1,-1,-1", "2:12": "-1,-1,-1", "4:8": "-1,-1,-1", "5:2": "0,0,1", "7:1000009": "-1,-1,-1", "9:1000004": "-1,-1,-1"}
mcp2k	56521	18255	0	1	6	-59.0665	-183.883	401.409	26	9	1	1	0	nan	nan	nan	0	nan	nan	0	0	0	0	nan	0	0	695056	1	2.01617	-1	-1	-1	nu-candidate	1	-2.600411	-15.0	22.065327	11.532	5.194	1178912	{"11:1": "-1,-1,-1", "12:0": "-1,-1,-1", "13:3": "-1,-1,-1", "14:10": "-1,-1,-1", "15:1000010": "0,0,1", "1:11": "-1,-1,-1", "3:5": "-1,-1,-1", "4:4": "-1,-1,-1", "6:6": "0,0,1", "8:1000004": "-1,-1,-1", "9:1000001": "-1,-1,-1"}
mcp2k	57709	18255	0	1	13	81.4251	-7.75305	61.9345	376	46	1	0	86.8169	1.0198	0.67928	0.0625	86.8169	1.0198	0.67928	86.8169	86.8169	86.8169	86.8169	nan	0	0.0111918	2.92835e+07	1	148.224	-1	-1	-1	nu-candidate	1	-0.22265956	-15.0	725.30554	14.109	8.625	1177768	{"11:1000003": "-1,-1,-1", "12:1000004": "-1,-1,-1", "13:1000001": "0,0,1", "14:13": "-1,-1,-1", "15:1000000": "-1,-1,-1", "2:1": "-1,-1,-1", "3:5": "-1,-1,-1", "4:1000014": "-1,-1,-1", "5:1000015": "-1,-1,-1", "7:1000007": "-1,-1,-1", "8:1000009": "-1,-1,-1"}
mcp2k	57742	18255	0	1	10	-38.2207	-95.195	328.547	1256	139	2	0	145.818	1.06284	3.65842	0.219008	145.818	1.06284	3.65842	145.818	145.818	145.818	145.818	53555.1	234	0.043937	2.91256e+07	1	3.57534	336.485	0.15728	345.192	nu-candidate	1	2.6968057	-15.0	625.8629	14.281	6.552	1161516	{"10:2": "0,0,1", "11:1000002": "-1,-1,-1", "1:0": "-1,-1,-1", "2:10": "-1,-1,-1", "3:1000006": "-1,-1,-1", "5:1000001": "-1,-1,-1", "6:1000000": "-1,-1,-1", "7:8": "-1,-1,-1", "8:4": "-1,-1,-1", "9:1": "-1,-1,-1"}
mcp2k	58072	18255	0	1	15	-86.4851	-98.8581	165.372	946	110	2	0	110.279	1.08867	0.818489	0.224044	110.279	1.08867	0.818489	110.279	110.279	110.279	0	49218.6	175	0.106642	2.56157e+07	1	1.53133	38.5924	0.975286	269.027	nu-candidate	1	0.9658091	-15.0	474.13788	10.650	6.252	1169620	{"10:0": "-1,-1,-1", "11:1000001": "-1,-1,-1", "12:1000000": "-1,-1,-1", "13:7": "-1,-1,-1", "14:6": "-1,-1,-1", "15:3": "0,0,0", "16:2": "-1,-1,-1", "4:9": "-1,-1,-1", "7:1000005": "-1,-1,-1", "9:1000007": "-1,-1,-1"}
mcp2k	66652	18255	0	1	22	-50.7666	167.138	115.72	2411	286	1	0	250.094	1.04203	6.3292	0.15625	250.094	1.04203	6.3292	250.094	0	250.094	0	50718.7	408	0.426324	7.49248e+07	1	9.20339	551.76	0.0349941	571.773	nu-candidate	1	3.1563206	-15.0	809.164	13.195	9.432	1228396	{"10:16": "-1,-1,-1", "13:1000009": "-1,-1,-1", "14:1000011": "-1,-1,-1", "16:1000003": "-1,-1,-1", "17:1000001": "-1,-1,-1", "18:1000004": "-1,-1,-1", "19:1": "-1,-1,-1", "1:14": "-1,-1,-1", "20:1000005": "-1,-1,-1", "21:9": "-1,-1,-1", "22:6": "0,0,1", "23:8": "-1,-1,-1", "3:4": "-1,-1,-1", "4:3": "-1,-1,-1", "9:0": "-1,-1,-1"}
mcp2k	66872	18255	0	1	7	107.295	167.321	299.499	412	56	4	0	58.4404	1.07389	0.317748	0.3125	58.4404	1.07389	0.317748	58.4404	58.4404	58.4404	58.4404	42016.2	88	0.235147	1.19044e+07	1	68.5716	1386.23	0.97955	160.682	nu-candidate	1	1.5387017	-15.0	691.9762	11.898	6.969	1160572	{"10:1000008": "-1,-1,-1", "11:1000001": "-1,-1,-1", "12:4": "-1,-1,-1", "13:1000003": "-1,-1,-1", "14:1000000": "-1,-1,-1", "15:7": "-1,-1,-1", "16:1000002": "-1,-1,-1", "1:9": "-1,-1,-1", "2:1": "-1,-1,-1", "6:1000011": "-1,-1,-1", "7:1000006": "0,0,1"}
mcp2k	67928	18255	0	1	9	62.6697	132.298	168.187	1336	231	3	0	140.3	1.05188	0.951935	0.13787	90.625	1.06432	0.903306	90.625	90.625	90.625	0	54395.9	142	0.303486	4.42583e+07	1	15.2315	185.832	0.720302	227.009	nu-candidate	1	2.3536725	-15.0	677.52185	9.422	6.660	1133800	{"10:0": "-1,-1,-1", "11:1000001": "-1,-1,-1", "1:4": "-1,-1,-1", "3:2": "-1,-1,-1", "6:1000006": "-1,-1,-1", "8:1000003": "-1,-1,-1", "9:1000004": "0,0,0"}
mcp2k	68346	18255	0	1	9	35.8405	95.8358	376.161	54	12	1	1	0	nan	nan	nan	0	nan	nan	0	0	0	0	nan	0	0.0917049	1.73394e+06	1	5.15409	-1	-1	-1	nu-candidate	1	-1.2516694	-15.0	144.4537	8.904	5.005	1126280	{"10:1000005": "-1,-1,-1", "11:1000009": "-1,-1,-1", "12:1000010": "-1,-1,-1", "1:11": "-1,-1,-1", "5:7": "-1,-1,-1", "7:1000001": "-1,-1,-1", "8:3": "-1,-1,-1", "9:1000004": "0,0,1"}
mcp2k	68748	18255	0	1	13	-28.995	-20.262	132.749	4568	446	4	1	388.773	1.06289	0.69245	0.238388	388.773	1.06289	0.69245	388.773	388.773	388.773	189.522	49863.2	630	0.492118	1.32478e+08	1	6.70465	2313.97	0.935802	870.346	nu-candidate	1	4.468367	-15.0	1057.8771	20.775	15.790	1407700	{"11:1000004": "0,0,0", "12:1000003": "-1,-1,-1", "13:6": "0,0,0", "14:15": "-1,-1,-1", "15:1000000": "-1,-1,-1", "16:5": "-1,-1,-1", "17:1000016": "-1,-1,-1", "1:2": "-1,-1,-1", "2:11": "-1,-1,-1", "3:0": "-1,-1,-1", "5:4": "-1,-1,-1", "6:1": "-1,-1,-1", "8:1000001": "-1,-1,-1", "9:1000014": "-1,-1,-1"}
mcp2k	69152	18255	0	1	5	-16.8154	151.439	464.186	1869	427	2	0	163.083	1.01555	0.216962	0.0447088	0	nan	nan	0	0	0	0	53757.8	204	0.340785	5.02609e+07	0	0	343.916	0.378082	308.065	nu-candidate	1	4.757521	-15.0	665.7801	12.551	6.591	1221724	{"10:1000004": "-1,-1,-1", "12:1000002": "-1,-1,-1", "13:1000007": "-1,-1,-1", "14:1000015": "-1,-1,-1", "15:4": "-1,-1,-1", "16:3": "-1,-1,-1", "17:1000000": "-1,-1,-1", "18:8": "-1,-1,-1", "19:1": "-1,-1,-1", "2:2": "-1,-1,-1", "4:9": "-1,-1,-1", "5:7": "0,0,0", "8:1000001": "-1,-1,-1", "9:1000012": "-1,-1,-1"}
mcp2k	69314	18255	0	1	3	-111.999	-18.4189	164.537	2986	404	9	1	277.622	1.05064	0.660425	0.150808	194.114	1.06123	0.859243	194.114	151.065	194.114	0	48619	243	0.0793363	6.1067e+07	1	1.04859	360	0.377621	355.735	nu-candidate	1	2.283815	-15.0	1316.9812	17.867	15.324	1209628	{"10:0": "-1,-1,-1", "11:1000011": "-1,-1,-1", "12:1000013": "-1,-1,-1", "14:1000006": "-1,-1,-1", "15:1000002": "-1,-1,-1", "16:1000004": "-1,-1,-1", "17:15": "-1,-1,-1", "18:1000001": "-1,-1,-1", "19:3": "-1,-1,-1", "1:11": "-1,-1,-1", "2:9": "-1,-1,-1", "3:1": "0,0,1", "5:5": "-1,-1,-1", "7:4": "-1,-1,-1"}
mcp2k	69666	18255	0	1	15	168.089	-193.512	161.43	1468	257	3	0	239.189	1.02876	1.11686	0.0980743	189.966	1.03328	1.30847	189.966	0	189.966	0	55231.8	308	0.126237	6.49596e+07	1	8.5695	418.742	0.143793	441.888	nu-candidate	1	3.540562	-15.0	1049.097	11.213	7.792	1152096	{"10:1000001": "-1,-1,-1", "12:1000000": "-1,-1,-1", "14:1000005": "-1,-1,-1", "15:1000003": "0,0,0", "16:2": "-1,-1,-1", "17:1000004": "-1,-1,-1", "18:1000006": "-1,-1,-1", "2:11": "-1,-1,-1", "4:4": "-1,-1,-1", "5:3": "-1,-1,-1", "7:9": "-1,-1,-1"}
mcp2k	70010	18255	0	1	8	25.5397	-167.575	368.71	479	82	1	0	79.3044	1.02433	0.67574	0.0992366	79.3044	1.02433	0.67574	79.3044	0	79.3044	0	50265	123	0.0953808	1.64527e+07	0	0	594.906	0.825258	206.66	nu-candidate	1	2.5825763	-15.0	313.05023	8.795	5.832	1215332	{"10:7": "-1,-1,-1", "11:1000002": "-1,-1,-1", "12:1000000": "-1,-1,-1", "13:1": "-1,-1,-1", "14:0": "-1,-1,-1", "15:9": "-1,-1,-1", "16:4": "-1,-1,-1", "17:2": "-1,-1,-1", "18:3": "-1,-1,-1", "7:1000007": "-1,-1,-1", "8:1000008": "0,0,0"}
mcp2k	70178	18255	0	1	12	-35.6929	-15.0178	319.57	780	142	2	0	65.377	1.01484	0.15476	0.0470544	27.7874	1.02268	0.112966	27.7874	0	27.7874	0	64055.2	54	0.142039	2.68041e+07	0	0	-1	-1	-1	nu-candidate	1	2.2595522	-15.0	447.0233	8.880	6.118	1234104	{"12:1": "0,0,1", "13:1000004": "-1,-1,-1", "14:1000000": "-1,-1,-1", "15:1000002": "-1,-1,-1", "16:0": "-1,-1,-1", "17:2": "-1,-1,-1", "18:1000005": "-1,-1,-1", "19:1000012": "-1,-1,-1", "1:5": "-1,-1,-1", "20:1000003": "-1,-1,-1", "2:3": "-1,-1,-1", "9:1000008": "-1,-1,-1"}
mcp2k	70472	18255	0	0																						nan	nan		nan	nan	nan	nan	cosmic-tagged	0				7.767	4.395	580248	{"10:2": "-1,-1,-1", "11:6": "-1,-1,-1", "12:1000001": "-1,-1,-1", "13:1000004": "-1,-1,-1", "14:5": "-1,-1,-1", "15:1": "-1,-1,-1", "16:4": "0,1,0", "3:1000009": "-1,-1,-1", "4:1000010": "-1,-1,-1", "6:1000008": "-1,-1,-1", "9:1000002": "-1,-1,-1"}
mcp2k	70692	18255	0	1	18	-133.991	73.6669	237.95	2454	314	3	0	195.943	1.04295	1.12122	0.136756	107.718	1.06162	0.825276	107.718	96.1231	107.718	0	58295.8	138	0.0559459	4.77902e+07	1	1.84123	212.635	0.273992	225.471	nu-candidate	1	3.718653	-15.0	1001.6367	14.461	7.709	1171352	{"10:1000015": "-1,-1,-1", "12:1000005": "-1,-1,-1", "13:1000020": "-1,-1,-1", "15:1000001": "-1,-1,-1", "16:1000004": "-1,-1,-1", "17:1000012": "-1,-1,-1", "18:3": "0,0,1", "19:8": "-1,-1,-1", "1:13": "-1,-1,-1", "20:1000009": "-1,-1,-1", "4:1": "-1,-1,-1", "5:12": "-1,-1,-1", "6:9": "-1,-1,-1", "9:1000006": "-1,-1,-1"}
mcp2k	70766	18255	0	1	21	90.5691	119.137	0.0142916	2022	333	3	0	223.202	1.01579	1.87149	0.0299371	0	nan	nan	0	0	0	0	54175.3	352	0.27473	5.85786e+07	0	0	656.955	0.376152	514.697	nu-candidate	1	-3.3820484	-15.0	662.59326	15.145	10.637	1228188	{"14:1000002": "-1,-1,-1", "15:2": "-1,-1,-1", "16:4": "-1,-1,-1", "17:1000012": "-1,-1,-1", "18:1000000": "-1,-1,-1", "19:1000004": "-1,-1,-1", "1:13": "-1,-1,-1", "20:7": "-1,-1,-1", "21:1000007": "0,0,0", "4:1": "-1,-1,-1", "6:3": "-1,-1,-1", "9:1000015": "-1,-1,-1"}
mcp2k	70912	18255	0	1	10	131.361	17.2068	174.897	4140	678	2	0	389.287	1.03444	3.71073	0.0496034	0	nan	nan	0	0	0	0	50917.3	585	0.238738	9.66007e+07	1	1.20077	805.38	0.0257135	809.239	nu-candidate	1	5.0108466	-15.0	1164.9541	12.475	8.446	1188032	{"10:1000003": "0,0,1", "1:13": "-1,-1,-1", "2:3": "-1,-1,-1", "4:1000007": "-1,-1,-1", "6:11": "-1,-1,-1", "7:1000004": "-1,-1,-1", "8:0": "-1,-1,-1", "9:5": "-1,-1,-1"}
mcp2k	71022	18255	0	1	16	138.665	160.232	236.005	463	71	1	0	57.0192	1.05081	0.795068	0.212766	57.0192	1.05081	0.795068	57.0192	0	57.0192	0	50483.9	86	0.0235721	9.81143e+06	1	50.8386	263.189	0.854918	158.368	nu-candidate	1	0.17209761	-15.0	323.6334	11.004	5.857	1194084	{"10:1000001": "-1,-1,-1", "11:1000006": "-1,-1,-1", "12:1000002": "-1,-1,-1", "13:2": "-1,-1,-1", "14:1000003": "-1,-1,-1", "15:0": "-1,-1,-1", "16:1000005": "0,0,0", "1:5": "-1,-1,-1", "2:6": "-1,-1,-1", "3:4": "-1,-1,-1", "5:1000004": "-1,-1,-1", "8:1000000": "-1,-1,-1"}
mcp2k	71642	18255	0	1	10	23.3905	53.7845	140.31	3059	449	8	2	199.203	1.06596	1.16361	0.117663	0	nan	nan	0	0	0	0	62066	200	0.273626	7.58944e+07	1	83.3856	231.314	0.434508	232.392	nu-candidate	1	2.549631	-8.167296	1557.4911	22.883	16.436	1201220	{"10:1000000": "0,0,1", "2:0": "-1,-1,-1", "4:1000006": "-1,-1,-1", "6:1000004": "-1,-1,-1", "7:1000003": "-1,-1,-1", "8:1000002": "-1,-1,-1", "9:1000009": "-1,-1,-1"}
mcp2k	71872	18255	0	1	13	145.484	118.153	53.805	1623	247	4	0	130.202	1.06352	1.01782	0.164658	58.9217	1.08401	1.46147	58.9217	58.9217	58.9217	0	53056.3	89	0.12397	3.23733e+07	1	149.891	159.454	0.800749	159.99	nu-candidate	1	0.94801146	-15.0	1049.6497	16.634	9.509	1175132	{"10:6": "-1,-1,-1", "11:1000000": "-1,-1,-1", "12:0": "-1,-1,-1", "13:1000001": "0,0,1", "14:2": "-1,-1,-1", "1:1": "-1,-1,-1", "3:11": "-1,-1,-1", "5:5": "-1,-1,-1", "6:1000003": "-1,-1,-1", "8:1000004": "-1,-1,-1", "9:1000006": "-1,-1,-1"}
mcp2k	72055	18255	0	1	14	-171.211	-145.82	11.787	3386	370	8	0	263.039	1.1436	0.494522	0.243601	263.039	1.1436	0.494522	263.039	263.039	263.039	16.1885	52911.3	373	0.176606	6.55331e+07	1	4.36978	1187.2	0.882981	530.971	nu-candidate	1	2.8587759	-15.0	1083.2104	15.202	10.823	1222980	{"10:3": "-1,-1,-1", "11:1000000": "-1,-1,-1", "12:1000004": "-1,-1,-1", "13:5": "-1,-1,-1", "14:0": "0,0,0", "2:7": "-1,-1,-1", "5:1000009": "-1,-1,-1", "8:1000010": "-1,-1,-1", "9:6": "-1,-1,-1"}
mcp2k	72174	18255	0	1	5	45.338	33.2303	274.254	1637	264	2	0	168.785	1.02844	1.26547	0.0830325	0	nan	nan	0	0	0	0	50208.1	269	0.195941	3.95678e+07	1	0.763758	461.573	0.530171	393.656	nu-candidate	1	3.8790233	-15.0	597.51776	14.003	7.251	1205396	{"3:2": "-1,-1,-1", "4:1000004": "-1,-1,-1", "5:1000006": "0,0,1", "6:1000001": "-1,-1,-1", "7:1": "-1,-1,-1", "8:1000000": "-1,-1,-1"}
mcp2k	72196	18255	0	1	8	-173.404	74.7399	352.113	1007	149	1	0	171.896	1.06443	1.11842	0.235088	171.896	1.06443	1.11842	171.896	171.896	171.896	0	49526.4	277	0.267398	3.93319e+07	1	17.5398	1051.05	0.823267	396.821	nu-candidate	1	2.6567779	-15.0	602.2356	12.692	6.932	1186808	{"10:1000008": "-1,-1,-1", "11:1000000": "-1,-1,-1", "1:1": "-1,-1,-1", "6:3": "-1,-1,-1", "7:0": "-1,-1,-1", "8:2": "0,0,0", "9:5": "-1,-1,-1"}
mcp2k	72275	18255	0	1	15	75.3718	89.6138	198.596	5455	556	10	3	335.019	1.05017	0.166489	0.182375	317.702	1.05208	0.169431	317.702	317.702	317.702	133.116	50906.6	493	0.481331	1.32803e+08	1	18.3502	678.66	0.157128	714.43	nu-candidate	1	4.278051	-15.0	1126.747	20.272	15.812	1276848	{"10:1000001": "-1,-1,-1", "13:0": "-1,-1,-1", "14:1000002": "-1,-1,-1", "15:1000000": "0,0,0", "16:3": "-1,-1,-1", "3:2": "-1,-1,-1", "6:4": "-1,-1,-1", "7:7": "-1,-1,-1", "8:1000005": "-1,-1,-1"}
mcp2k	72649	18255	0	1	12	193.28	16.3555	75.1273	290	39	1	0	17.3708	1.00488	0.0758868	0	0	nan	nan	0	0	0	0	nan	0	0.0508488	9.46448e+06	1	1.28415	-1	-1	-1	nu-candidate	1	-3.2065399	-15.0	174.90706	9.832	4.878	1121324	{"10:3": "-1,-1,-1", "11:1000003": "-1,-1,-1", "12:1000002": "0,0,1", "13:1000007": "-1,-1,-1", "2:2": "-1,-1,-1", "4:6": "-1,-1,-1", "5:1000000": "-1,-1,-1", "7:1000001": "-1,-1,-1", "9:1000006": "-1,-1,-1"}
mcp2k	73054	18255	0	1	14	-28.0646	98.012	474.709	1171	196	2	0	78.8171	1.01375	0.242851	0.0239757	0	nan	nan	0	0	0	0	50271.2	82	0.111431	1.74778e+07	1	11.3395	905.217	0.978436	158.194	nu-candidate	1	3.5041268	-15.0	482.99887	11.380	6.637	1228280	{"13:1000001": "-1,-1,-1", "14:7": "0,0,0", "15:1000000": "-1,-1,-1", "16:1000003": "-1,-1,-1", "17:1": "-1,-1,-1", "18:3": "-1,-1,-1", "19:1000002": "-1,-1,-1", "1:5": "-1,-1,-1", "3:8": "-1,-1,-1", "6:4": "-1,-1,-1", "9:0": "-1,-1,-1"}
mcp2k	73336	18255	0	1	11	-45.111	41.5373	463.89	1197	169	5	0	53.9475	1.06034	0.201757	0.118355	0	nan	nan	0	0	0	0	nan	0	0.254895	3.04359e+07	1	28.7949	-1	-1	-1	nu-candidate	1	0.5883142	-15.0	533.0771	14.140	7.009	1163316	{"10:1000002": "-1,-1,-1", "11:3": "0,0,1", "12:2": "-1,-1,-1", "13:5": "-1,-1,-1", "14:1000007": "-1,-1,-1", "2:8": "-1,-1,-1", "3:4": "-1,-1,-1", "5:1000001": "-1,-1,-1", "7:1000004": "-1,-1,-1", "8:1000000": "-1,-1,-1", "9:1": "-1,-1,-1"}
mcp2k	73412	18255	0	1	13	76.5872	141.68	126.97	2461	390	3	0	197.297	1.02088	4.95227	0.0243902	0	nan	nan	0	0	0	0	51573.6	320	0.339969	5.93016e+07	1	9.6722	477.854	0.104638	476.811	nu-candidate	1	2.7874732	-15.0	703.59784	15.977	8.622	1248300	{"10:1000009": "-1,-1,-1", "11:1000008": "-1,-1,-1", "12:1000007": "-1,-1,-1", "13:1000003": "0,0,1", "14:1000002": "-1,-1,-1", "15:1000004": "-1,-1,-1", "16:1000001": "-1,-1,-1", "17:1000006": "-1,-1,-1", "1:12": "-1,-1,-1", "3:3": "-1,-1,-1", "4:1": "-1,-1,-1", "6:0": "-1,-1,-1", "8:2": "-1,-1,-1", "9:1000015": "-1,-1,-1"}
mcp2k	73538	18255	0	1	14	-76.5467	195.3	245.263	1387	158	4	0	160.25	1.05199	2.11066	0.163029	145.601	1.05083	2.28636	145.601	145.601	145.601	145.601	52982.4	216	0.0618116	3.0947e+07	0	0	334.417	0.566034	324.758	nu-candidate	1	1.9634202	-15.0	692.9595	19.774	8.847	1175444	{"10:1000002": "-1,-1,-1", "11:7": "-1,-1,-1", "12:1000004": "-1,-1,-1", "13:1": "-1,-1,-1", "14:4": "0,0,1", "15:5": "-1,-1,-1", "16:1000000": "-1,-1,-1", "2:10": "-1,-1,-1", "3:11": "-1,-1,-1", "5:0": "-1,-1,-1"}
mcp2k	73688	18255	0	1	16	-55.707	73.8219	171.857	4521	673	7	0	446.019	1.04764	1.82477	0.143389	350.916	1.04172	2.18293	350.916	60.6809	350.916	0	53950.3	561	0.227098	1.27237e+08	1	22.9855	879.256	0.819686	657.08	nu-candidate	1	1.9481808	-15.0	827.1778	29.074	23.928	1237884	{"11:1000002": "-1,-1,-1", "12:1": "-1,-1,-1", "13:1000003": "-1,-1,-1", "14:1000005": "-1,-1,-1", "15:1000000": "-1,-1,-1", "16:0": "0,0,0", "4:1000006": "-1,-1,-1", "7:1000001": "-1,-1,-1", "9:1000004": "-1,-1,-1"}
mcp2k	74146	18255	0	1	14	-161.065	120.458	321.875	1360	296	3	0	111.816	1.0212	0.621183	0.0599662	0	nan	nan	0	0	0	0	54045.8	153	0.432605	4.25632e+07	1	34.9205	309.897	0.597876	244.351	nu-candidate	1	0.90291053	-15.0	548.69995	14.771	6.833	1173488	{"10:5": "-1,-1,-1", "11:2": "-1,-1,-1", "12:1000000": "-1,-1,-1", "13:1000001": "-1,-1,-1", "14:3": "0,0,1", "15:1": "-1,-1,-1", "1:4": "-1,-1,-1", "3:0": "-1,-1,-1", "7:1000010": "-1,-1,-1", "9:1000002": "-1,-1,-1"}
mcp2k	74326	18255	0	1	10	64.9176	106.554	392.093	3885	486	9	1	270.998	1.04348	0.294925	0.188409	158.264	1.05731	0.360354	113.242	113.242	158.264	113.242	52824.9	180	0.164524	7.82696e+07	1	104.06	1007.8	0.870595	277.213	nu-candidate	1	2.543708	-15.0	1557.5369	19.944	14.891	1256588	{"10:1000000": "0,0,0", "11:1000005": "-1,-1,-1", "13:1000001": "-1,-1,-1", "14:1000002": "-1,-1,-1", "15:1000003": "-1,-1,-1", "16:1": "-1,-1,-1", "17:1000004": "-1,-1,-1", "18:1000007": "-1,-1,-1", "1:0": "-1,-1,-1", "4:4": "-1,-1,-1", "6:1000012": "-1,-1,-1", "8:1000010": "-1,-1,-1"}
mcp2k	74380	18255	0	1	13	-134.277	4.49681	300.037	1197	205	4	1	147.688	1.02692	0.93223	0.114811	87.2508	1.0332	1.27209	87.2508	0	87.2508	0	57061.1	136	0.0521126	4.35472e+07	0	0	266.256	0.685734	223.417	nu-candidate	1	3.0699203	-15.0	765.8198	13.322	6.490	1144020	{"11:1000001": "-1,-1,-1", "12:1000000": "-1,-1,-1", "13:1": "0,0,1", "1:11": "-1,-1,-1", "2:5": "-1,-1,-1", "4:2": "-1,-1,-1", "6:4": "-1,-1,-1", "9:1000005": "-1,-1,-1"}
mcp2k	74414	18255	0	1	4	-152.473	0.823195	299.665	236	41	2	1	27.3441	1.01808	0.301436	0.0454545	0	nan	nan	0	0	0	0	nan	0	0.0534043	1.45391e+07	1	3.64819	-1	-1	-1	nu-candidate	1	-2.1350489	-15.0	240.54153	14.520	5.701	1203252	{"11:1000005": "-1,-1,-1", "14:1000007": "-1,-1,-1", "15:1000010": "-1,-1,-1", "16:1000015": "-1,-1,-1", "17:1000009": "-1,-1,-1", "18:1000004": "-1,-1,-1", "19:1000002": "-1,-1,-1", "1:3": "-1,-1,-1", "20:1000012": "-1,-1,-1", "21:1000006": "-1,-1,-1", "2:2": "-1,-1,-1", "3:5": "-1,-1,-1", "4:1": "0,0,1", "5:0": "-1,-1,-1", "7:1000003": "-1,-1,-1", "9:1000001": "-1,-1,-1"}
mcp2k	74784	18255	0	1	8	102.287	96.9624	130.011	1593	336	3	0	372.454	1.03956	1.43865	0.136519	372.454	1.03956	1.43865	372.454	289.259	372.454	0	47816.2	544	0.212501	6.75575e+07	1	0.429059	665.536	0.0297687	657.48	nu-candidate	1	3.5200818	-15.0	935.91046	14.038	8.671	1180460	{"10:0": "-1,-1,-1", "11:1000008": "-1,-1,-1", "12:1000007": "-1,-1,-1", "2:3": "-1,-1,-1", "6:1000003": "-1,-1,-1", "7:1": "-1,-1,-1", "8:1000004": "0,0,1", "9:1000001": "-1,-1,-1"}
mcp2k	75040	18255	0	1	17	-74.406	-36.3242	155.166	1892	291	4	1	153.403	1.02448	2.51636	0.0941176	0	nan	nan	0	0	0	0	53300.2	247	0.312527	4.72038e+07	1	21.0618	462.024	0.557862	363.108	nu-candidate	1	3.8245964	-15.0	710.14954	17.950	9.437	1313824	{"10:1000000": "-1,-1,-1", "12:1000002": "-1,-1,-1", "14:1000001": "-1,-1,-1", "15:1000007": "-1,-1,-1", "16:1000003": "-1,-1,-1", "17:9": "0,0,1", "18:0": "-1,-1,-1", "19:1000004": "-1,-1,-1", "1:15": "-1,-1,-1", "3:4": "-1,-1,-1", "5:5": "-1,-1,-1", "6:3": "-1,-1,-1", "7:6": "-1,-1,-1", "8:1000019": "-1,-1,-1"}
mcp2k	75206	18255	0	1	10	-124.138	47.4481	187.814	1444	218	7	0	344.17	1.14526	0.847024	0.248498	306.273	1.14808	0.930328	306.273	306.273	306.273	306.273	48867.9	492	0.240704	7.015e+07	1	18.0614	1700.3	0.823163	659.756	nu-candidate	1	4.1996026	-15.0	1237.7869	29.338	23.227	1227576	{"10:0": "0,0,0", "11:1": "-1,-1,-1", "12:1000000": "-1,-1,-1", "2:7": "-1,-1,-1", "4:3": "-1,-1,-1", "7:1000003": "-1,-1,-1", "8:6": "-1,-1,-1", "9:2": "-1,-1,-1"}
mcp2k	75729	18255	0	1	18	-74.1095	-170.003	367.587	529	176	3	2	50.949	1.01768	0.0266828	0.047619	0	nan	nan	0	0	0	0	nan	0	0.155423	1.29602e+07	1	6.35056	435.5	0.510339	419.442	nu-candidate	1	0.120697096	-15.0	433.74173	13.538	6.613	1199832	{"10:1000001": "-1,-1,-1", "12:2": "-1,-1,-1", "13:1000004": "-1,-1,-1", "14:1000006": "-1,-1,-1", "15:1000009": "-1,-1,-1", "16:1": "-1,-1,-1", "17:3": "-1,-1,-1", "18:5": "0,0,1", "19:1000000": "-1,-1,-1", "20:1000007": "-1,-1,-1", "6:0": "-1,-1,-1", "7:1000012": "-1,-1,-1", "9:1000014": "-1,-1,-1"}
mcp2k	75795	18255	0	1	14	-197.328	117.963	176.551	2183	263	2	0	153.806	1.06342	1.26441	0.255176	113.472	1.07315	1.49353	113.472	113.472	113.472	113.472	56233	180	0.137995	3.54432e+07	1	2.84301	289.293	0.782794	276.931	nu-candidate	1	2.4468844	-15.0	662.8262	16.368	8.388	1228584	{"10:1000004": "-1,-1,-1", "11:1000001": "-1,-1,-1", "12:1000006": "-1,-1,-1", "13:3": "-1,-1,-1", "14:0": "0,0,0", "15:1000009": "-1,-1,-1", "16:1000007": "-1,-1,-1", "1:1": "-1,-1,-1", "2:10": "-1,-1,-1", "4:1000002": "-1,-1,-1", "6:1000003": "-1,-1,-1", "7:1000000": "-1,-1,-1", "9:1000008": "-1,-1,-1"}
mcp2k	75954	18255	0	1	21	183.514	-185.79	119.916	2981	322	16	0	58.6535	1.19831	0.471275	0.204322	32.4608	1.32938	0.740754	0	0	32.4608	11.086	nan	0	0.247349	4.46276e+07	0	0	-1	-1	-1	nu-candidate	1	1.1188647	3.0612073	865.2869	20.186	10.470	1329732	{"12:1000013": "-1,-1,-1", "15:1000000": "-1,-1,-1", "18:1000006": "-1,-1,-1", "19:2": "-1,-1,-1", "1:17": "-1,-1,-1", "20:18": "-1,-1,-1", "21:1000003": "0,0,0", "22:1000002": "-1,-1,-1", "23:4": "-1,-1,-1", "24:1000010": "-1,-1,-1", "25:1000007": "-1,-1,-1", "2:10": "-1,-1,-1", "4:3": "-1,-1,-1", "5:5": "-1,-1,-1", "6:1": "-1,-1,-1", "8:0": "-1,-1,-1", "9:7": "-1,-1,-1"}
mcp2k	76038	18255	0	1	18	194.74	-78.1934	317.837	2162	343	2	0	224.271	1.01437	1.24042	0.0509383	0	nan	nan	0	0	0	0	50737.1	365	0.346086	6.28199e+07	0	0	747.884	0.437352	517.038	nu-candidate	1	4.0884533	-15.0	816.8663	16.404	8.000	1310636	{"10:1000001": "-1,-1,-1", "12:1000007": "-1,-1,-1", "16:4": "-1,-1,-1", "17:8": "-1,-1,-1", "18:1000002": "0,0,0", "19:3": "-1,-1,-1", "20:0": "-1,-1,-1", "21:1000005": "-1,-1,-1", "22:1000006": "-1,-1,-1", "2:11": "-1,-1,-1", "4:9": "-1,-1,-1", "5:1000015": "-1,-1,-1", "6:1000018": "-1,-1,-1", "7:1000021": "-1,-1,-1", "8:1000004": "-1,-1,-1"}
mcp2k	76059	18255	0	1	9	-174.416	-185.689	377.624	509	80	3	0	33.1455	1.02645	0.121089	0.171328	0	nan	nan	0	0	0	0	53955.4	27	0.266846	1.53839e+07	1	5.1857	-1	-1	-1	nu-candidate	1	2.5696263	-15.0	485.21045	12.795	6.262	1202460	{"10:1000003": "-1,-1,-1", "11:0": "-1,-1,-1", "12:1000001": "-1,-1,-1", "13:1000000": "-1,-1,-1", "2:2": "-1,-1,-1", "6:1000002": "-1,-1,-1", "7:1000005": "-1,-1,-1", "8:1000004": "-1,-1,-1", "9:1": "0,0,0"}
mcp2k	76170	18255	0	1	23	-4.46932	-47.3373	129.863	3970	470	3	0	386.079	1.03509	1.45234	0.166657	386.079	1.03509	1.45234	386.079	257.87	386.079	0	50471.2	626	0.386362	1.07429e+08	1	6.50162	1360.94	0.430258	871.575	cosmic-tagged	1	5.483419	-15.0	1011.3665	19.321	12.806	1265284	{"11:1000006": "-1,-1,-1", "13:1000005": "-1,-1,-1", "15:7": "-1,-1,-1", "16:1": "-1,-1,-1", "17:6": "-1,-1,-1", "18:5": "1,0,0", "19:4": "-1,-1,-1", "1:10": "-1,-1,-1", "5:2": "-1,-1,-1", "7:9": "-1,-1,-1", "8:1000015": "-1,-1,-1"}
mcp2k	77328	18255	0	0																						nan	nan		nan	nan	nan	nan	cosmic-tagged	0				10.843	2.983	478692	{"10:1000005": "-1,-1,-1", "12:1000001": "-1,-1,-1", "14:1000000": "-1,-1,-1", "15:1000003": "-1,-1,-1", "16:3": "0,1,0", "17:4": "-1,-1,-1", "18:2": "-1,-1,-1", "2:7": "-1,-1,-1", "4:5": "-1,-1,-1", "6:1000011": "-1,-1,-1", "8:1000004": "-1,-1,-1"}
mcp2k	77702	18255	0	1	21	-38.7456	45.9316	130.585	1711	318	2	1	345.326	1.02335	2.16519	0.0979021	345.326	1.02335	2.16519	345.326	0	345.326	0	49185.2	564	0.234025	7.38433e+07	1	7.76699	1141.83	0.408359	780.41	nu-candidate	1	4.908739	-15.0	979.8509	18.472	9.464	1295256	{"11:1000013": "-1,-1,-1", "13:1000002": "-1,-1,-1", "14:1000001": "-1,-1,-1", "15:1000003": "-1,-1,-1", "16:11": "-1,-1,-1", "17:5": "-1,-1,-1", "18:1000000": "-1,-1,-1", "19:1000011": "-1,-1,-1", "1:0": "-1,-1,-1", "20:1000009": "-1,-1,-1", "21:6": "0,0,0", "2:13": "-1,-1,-1", "3:12": "-1,-1,-1", "5:3": "-1,-1,-1", "6:1": "-1,-1,-1", "8:4": "-1,-1,-1", "9:9": "-1,-1,-1"}
mcp2k	77846	18255	0	1	12	-23.3375	98.2595	251.803	1469	232	2	0	173.049	1.01902	1.33622	0.0524145	0	nan	nan	0	0	0	0	49333.5	256	0.141823	3.62247e+07	1	0.302268	473.224	0.447476	373.858	nu-candidate	1	3.1714106	-15.0	645.1624	13.161	6.670	1162236	{"10:1000001": "-1,-1,-1", "11:1000004": "-1,-1,-1", "12:4": "0,0,0", "13:3": "-1,-1,-1", "14:1": "-1,-1,-1", "15:5": "-1,-1,-1", "16:6": "-1,-1,-1", "17:1000000": "-1,-1,-1", "1:9": "-1,-1,-1", "2:8": "-1,-1,-1", "3:0": "-1,-1,-1", "6:1000008": "-1,-1,-1"}
mcp2k	77878	18255	0	1	8	58.5016	-61.3408	289.836	3159	392	9	3	229.238	1.03301	0.120709	0.139855	215.149	1.03357	0.126328	215.149	0	215.149	0	49713.1	341	0.055206	5.98267e+07	1	4.76303	1047.38	0.85209	342.872	nu-candidate	1	2.2110033	-15.0	951.1602	19.297	12.093	1163292	{"10:0": "-1,-1,-1", "11:12": "-1,-1,-1", "12:3": "-1,-1,-1", "13:11": "-1,-1,-1", "14:6": "-1,-1,-1", "3:1000007": "-1,-1,-1", "4:1000009": "-1,-1,-1", "7:1000013": "-1,-1,-1", "8:1000001": "0,0,0", "9:1000000": "-1,-1,-1"}
mcp2k	78582	18255	0	1	5	100.29	-139.502	320.774	6	4	1	1	0	nan	nan	nan	0	nan	nan	0	0	0	0	nan	0	0	163529	1	0.851053	-1	-1	-1	nu-candidate	1	-2.724781	-15.0	109.20104	12.041	5.719	1205576	{"10:1000004": "-1,-1,-1", "11:6": "-1,-1,-1", "12:20": "-1,-1,-1", "13:1000001": "-1,-1,-1", "14:7": "-1,-1,-1", "15:8": "-1,-1,-1", "16:10": "-1,-1,-1", "17:2": "-1,-1,-1", "18:1000007": "-1,-1,-1", "19:3": "-1,-1,-1", "20:12": "-1,-1,-1", "3:1000003": "-1,-1,-1", "4:1000005": "-1,-1,-1", "5:1000006": "0,0,1", "8:1000000": "-1,-1,-1"}
mcp2k	79491	18255	0	1	6	-56.4634	78.2291	226.2	1223	268	2	0	121.237	1.04009	0.361058	0.110219	46.0132	1.08119	0.392104	46.0132	0	46.0132	0	53964.1	115	0.392746	4.97276e+07	0	0	1730.97	0.98757	198.017	nu-candidate	1	3.3179977	-15.0	596.9036	14.193	7.482	1272124	{"10:1000001": "-1,-1,-1", "11:12": "-1,-1,-1", "12:0": "-1,-1,-1", "13:1": "-1,-1,-1", "14:1000014": "-1,-1,-1", "1:3": "-1,-1,-1", "4:8": "-1,-1,-1", "6:7": "0,0,0", "7:5": "-1,-1,-1", "8:1000002": "-1,-1,-1", "9:4": "-1,-1,-1"}
mcp2k	79616	18255	0	1	18	132.731	130.179	174.105	4413	478	5	1	362.811	1.06325	0.505856	0.213022	348.681	1.06221	0.503493	348.681	348.681	348.681	0	51660.6	535	0.177372	7.89547e+07	0	0	1497.8	0.858246	779.901	nu-candidate	1	4.386284	-15.0	910.67487	20.714	11.266	1252804	{"11:1000014": "-1,-1,-1", "13:1000006": "-1,-1,-1", "14:4": "-1,-1,-1", "15:1000004": "-1,-1,-1", "16:2": "-1,-1,-1", "17:3": "-1,-1,-1", "18:1000001": "0,0,0", "19:7": "-1,-1,-1", "2:15": "-1,-1,-1", "4:13": "-1,-1,-1", "5:12": "-1,-1,-1", "8:1": "-1,-1,-1"}
mcp2k	81420	18255	0	1	15	8.49141	142.392	400.51	605	106	3	0	105.833	1.02901	0.891398	0.149527	87.8039	1.02751	1.04722	87.8039	0	87.8039	0	52502.1	137	0.0474404	2.32286e+07	1	4.94789	408.317	0.822622	235.901	nu-candidate	1	3.0914764	-15.0	524.38477	15.823	6.899	1239612	{"11:1000008": "-1,-1,-1", "14:1000002": "-1,-1,-1", "15:1000007": "0,0,0", "16:1000011": "-1,-1,-1", "1:19": "-1,-1,-1", "20:1000000": "-1,-1,-1", "21:9": "-1,-1,-1", "22:1000006": "-1,-1,-1", "23:7": "-1,-1,-1", "24:13": "-1,-1,-1", "25:1000001": "-1,-1,-1", "26:1000005": "-1,-1,-1", "27:1000004": "-1,-1,-1", "2:5": "-1,-1,-1", "3:0": "-1,-1,-1", "5:21": "-1,-1,-1", "6:1": "-1,-1,-1", "7:1000014": "-1,-1,-1", "8:1000013": "-1,-1,-1"}
mcp2k	90003	18255	0	1	17	-36.0695	94.225	474.409	904	115	4	0	57.3669	1.08238	0.606412	0.333336	0	nan	nan	0	0	0	0	nan	0	0.0911355	1.84448e+07	0	0	-1	-1	-1	nu-candidate	1	-0.5590316	-1.3473029	262.48276	16.971	6.752	1219644	{"11:1000007": "-1,-1,-1", "12:1000000": "-1,-1,-1", "14:1000002": "-1,-1,-1", "15:1000003": "-1,-1,-1", "16:9": "-1,-1,-1", "17:10": "0,0,0", "18:4": "-1,-1,-1", "19:1000004": "-1,-1,-1", "1:19": "-1,-1,-1", "4:2": "-1,-1,-1", "5:1": "-1,-1,-1", "6:6": "-1,-1,-1", "8:3": "-1,-1,-1", "9:1000013": "-1,-1,-1"}
mcp2k	90179	18255	0	1	17	89.0183	39.8084	68.1642	444	82	2	0	23.2124	1.03003	0.0723604	0.0789474	0	nan	nan	0	0	0	0	nan	0	0.0196139	1.53192e+07	0	0	-1	-1	-1	nu-candidate	1	-2.1332572	-15.0	306.4941	10.806	5.824	1197488	{"10:1000002": "-1,-1,-1", "12:1000001": "-1,-1,-1", "14:1000004": "-1,-1,-1", "15:1000000": "-1,-1,-1", "16:0": "-1,-1,-1", "17:1000003": "0,0,1", "18:1": "-1,-1,-1", "19:5": "-1,-1,-1", "20:1000010": "-1,-1,-1", "2:6": "-1,-1,-1", "4:4": "-1,-1,-1", "7:2": "-1,-1,-1", "9:1000005": "-1,-1,-1"}
mcp2k	91235	18255	0	1	13	-43.1546	36.9809	96.5046	2393	318	2	0	273.351	1.04432	1.84042	0.1716	251.915	1.04483	1.93887	251.915	251.915	251.915	0	51862.3	411	0.255337	6.62552e+07	1	34.3852	543.56	0.00764664	574.911	nu-candidate	1	3.7596471	-9.385534	873.0299	18.104	10.883	1232116	{"10:1000007": "-1,-1,-1", "11:8": "-1,-1,-1", "12:1000002": "-1,-1,-1", "13:1": "0,0,1", "1:6": "-1,-1,-1", "3:0": "-1,-1,-1", "4:1000001": "-1,-1,-1", "5:1000004": "-1,-1,-1", "7:1000000": "-1,-1,-1", "8:1000003": "-1,-1,-1", "9:5": "-1,-1,-1"}
mcp2k	91782	18255	0	1	-1	nan	nan	nan	0	0	0	0	0	nan	nan	nan	0	nan	nan	0	0	0	0	nan	0	nan	nan	0	0	-1	-1	-1	cosmic-tagged	1	-1.9416895	-15.0	0.0	14.645	7.267	917408	{"10:1000004": "-1,-1,-1", "13:1000001": "1,0,0", "14:1": "-1,-1,-1", "15:1000000": "-1,-1,-1", "16:1000002": "-1,-1,-1", "17:0": "-1,-1,-1", "18:1000005": "-1,-1,-1", "19:1000006": "-1,-1,-1", "20:1000003": "-1,-1,-1", "21:1000007": "-1,-1,-1"}
mcp2k	91917	18255	0	1	17	157.238	-41.3168	61.6857	3090	461	4	0	302.231	1.03869	5.28939	0.129916	0	nan	nan	0	0	0	0	51518.7	464	0.687017	2.03435e+08	1	154.361	725.524	0.317175	645.945	nu-candidate	1	5.0263343	-15.0	1332.7426	22.013	16.129	1292740	{"10:1000002": "-1,-1,-1", "12:1000004": "-1,-1,-1", "13:1000001": "-1,-1,-1", "14:1000003": "-1,-1,-1", "15:1000006": "-1,-1,-1", "16:6": "-1,-1,-1", "17:1000000": "0,0,1", "18:1": "-1,-1,-1", "19:4": "-1,-1,-1", "20:10": "-1,-1,-1", "2:3": "-1,-1,-1", "4:7": "-1,-1,-1", "6:2": "-1,-1,-1", "8:1000016": "-1,-1,-1"}
mcp2k	92159	18255	0	1	4	-135.359	-83.8211	2.81012	2560	440	2	0	178.726	1.01158	1.56686	0.020202	0	nan	nan	0	0	0	0	52577.1	289	0.122583	3.88409e+07	1	41.4228	416.621	0.142214	417.265	nu-candidate	1	-1.1881542	-15.0	788.6305	15.800	8.047	1140180	{"4:1": "0,0,0", "5:4": "-1,-1,-1", "6:0": "-1,-1,-1", "7:2": "-1,-1,-1", "8:1000001": "-1,-1,-1"}
mcp2k	92225	18255	0	1	14	-193.54	121.154	190.524	964	141	4	0	129.251	1.05189	1.11826	0.266355	129.251	1.05189	1.11826	129.251	129.251	129.251	129.251	56583.3	206	0.122479	3.15198e+07	1	22.8423	363.431	0.508324	310.087	nu-candidate	1	1.9542389	-15.0	685.38495	15.932	8.544	1294564	{"10:1000009": "-1,-1,-1", "11:9": "-1,-1,-1", "12:2": "-1,-1,-1", "13:5": "-1,-1,-1", "14:1": "0,0,1", "15:1000002": "-1,-1,-1", "1:15": "-1,-1,-1", "3:7": "-1,-1,-1", "5:6": "-1,-1,-1", "6:0": "-1,-1,-1", "7:3": "-1,-1,-1", "8:1000004": "-1,-1,-1", "9:1000005": "-1,-1,-1"}
mcp2k	92904	18255	0	1	15	13.4534	-19.8195	480.3	363	55	2	1	25.5115	1.02278	0.574742	0.0731707	0	nan	nan	0	0	0	0	nan	0	0.0359243	9.16128e+06	1	2.11635	-1	-1	-1	nu-candidate	1	-1.1045668	-15.0	239.29816	12.048	5.811	1192948	{"11:1000001": "-1,-1,-1", "12:1000003": "-1,-1,-1", "13:1000002": "-1,-1,-1", "14:3": "-1,-1,-1", "15:1000004": "0,0,1", "1:11": "-1,-1,-1", "5:1": "-1,-1,-1", "6:0": "-1,-1,-1", "7:9": "-1,-1,-1"}
mcp2k	93105	18255	0	1	9	115.525	105.73	295.971	2683	349	4	0	251.331	1.03093	1.07657	0.115502	108.938	1.04736	0.310871	108.938	71.3149	108.938	0	51326.2	229	0.0391557	5.76721e+07	1	6.30747	511.372	0.591046	339.819	nu-candidate	1	3.6392834	-15.0	1057.3379	14.665	9.100	1167104	{"10:0": "-1,-1,-1", "11:1": "-1,-1,-1", "12:4": "-1,-1,-1", "13:1000008": "-1,-1,-1", "4:1000004": "-1,-1,-1", "5:1000001": "-1,-1,-1", "7:1000003": "-1,-1,-1", "8:5": "-1,-1,-1", "9:1000000": "0,0,0"}
mcp2k	93696	18255	0	1	7	15.9379	115.096	329.174	1637	228	3	0	127.388	1.03923	1.17969	0.120831	30.8268	1.04605	0.610536	30.8268	30.8268	30.8268	30.8268	58615.5	149	0.0723383	3.21282e+07	1	3.06616	236.23	0.171684	242.296	nu-candidate	1	2.891813	-15.0	714.676	15.794	7.840	1180488	{"10:4": "-1,-1,-1", "1:11": "-1,-1,-1", "3:1": "-1,-1,-1", "4:1000005": "-1,-1,-1", "5:1000002": "-1,-1,-1", "6:3": "-1,-1,-1", "7:5": "0,0,1", "8:2": "-1,-1,-1", "9:1000003": "-1,-1,-1"}
mcp2k	93776	18259	0	0																						nan	nan		nan	nan	nan	nan	cosmic-tagged	0				8.399	1.245	358100	{"10:6": "-1,-1,-1", "2:10": "-1,-1,-1", "4:2": "-1,-1,-1", "6:4": "-1,-1,-1", "7:5": "-1,-1,-1", "8:8": "-1,-1,-1", "9:1000000": "0,1,0"}
mcp2k	94224	18255	0	1	17	-10.2973	136.955	418.716	1266	162	4	0	76.693	1.09891	0.686878	0.229955	63.2331	1.11768	0.802427	63.2331	25.6071	63.2331	0	43341.1	54	0.1953	3.19575e+07	1	18.4652	-1	-1	-1	nu-candidate	1	1.4215281	-15.0	671.6554	17.367	7.708	1184184	{"10:1000013": "-1,-1,-1", "11:1000003": "-1,-1,-1", "13:1000004": "-1,-1,-1", "14:1000006": "-1,-1,-1", "15:7": "-1,-1,-1", "16:0": "-1,-1,-1", "17:2": "0,0,1", "18:1000001": "-1,-1,-1", "4:10": "-1,-1,-1", "5:1000008": "-1,-1,-1", "6:1000012": "-1,-1,-1", "8:1000002": "-1,-1,-1"}
mcp2k	94392	18259	0	1	5	-98.3472	0.938332	243.798	1042	123	4	0	165.699	1.04991	0.412704	0.150378	153.687	1.05183	0.433536	153.687	114.168	153.687	114.168	53368.1	57	0.30058	5.89215e+07	1	2.35432	196.798	0.504844	199.08	nu-candidate	1	1.3034393	-15.0	1149.5449	18.179	9.339	1179324	{"1:7": "-1,-1,-1", "3:1000003": "-1,-1,-1", "4:1000001": "-1,-1,-1", "5:1": "0,0,1", "6:4": "-1,-1,-1", "7:2": "-1,-1,-1", "8:3": "-1,-1,-1"}
mcp2k	94546	18259	0	1	13	-58.3536	126.954	13.9646	3346	403	3	1	339.072	1.04188	7.96406	0.189716	339.072	1.04188	7.96406	339.072	0	339.072	0	49492.1	556	0.152159	6.80326e+07	1	15.9815	765.928	0.00889174	766.195	nu-candidate	1	3.5580657	-15.0	922.492	20.042	11.502	1192208	{"11:1000001": "-1,-1,-1", "12:1000002": "-1,-1,-1", "13:4": "0,0,1", "14:3": "-1,-1,-1", "2:1": "-1,-1,-1", "4:2": "-1,-1,-1", "5:0": "-1,-1,-1", "7:1000005": "-1,-1,-1", "8:1000010": "-1,-1,-1", "9:1000003": "-1,-1,-1"}
mcp2k	94678	18259	0	1	8	55.1192	89.117	399.458	789	73	1	0	107.319	1.08934	0.65153	0.207865	107.319	1.08934	0.65153	107.319	107.319	107.319	107.319	50658.3	170	0.152036	2.01807e+07	1	6.9317	588.97	0.842451	257.771	nu-candidate	1	1.9708686	-15.0	455.9367	12.701	6.539	1242032	{"10:2": "-1,-1,-1", "11:3": "-1,-1,-1", "12:1000002": "-1,-1,-1", "3:1000003": "-1,-1,-1", "5:1000008": "-1,-1,-1", "6:0": "-1,-1,-1", "7:1000006": "-1,-1,-1", "8:1000007": "0,0,0", "9:1000001": "-1,-1,-1"}
mcp2k	95405	18255	0	1	17	-34.4777	-128.482	446.6	1203	134	5	1	107.908	1.06738	0.508571	0.213338	107.908	1.06738	0.508571	107.908	88.9506	107.908	0	49859	139	0.124139	3.07988e+07	0	0	2417.43	0.924874	222.148	nu-candidate	1	1.2834957	-15.0	717.81775	13.935	7.056	1205044	{"11:10": "-1,-1,-1", "13:8": "-1,-1,-1", "14:1000001": "-1,-1,-1", "15:1000002": "-1,-1,-1", "16:5": "-1,-1,-1", "17:11": "0,0,0", "1:12": "-1,-1,-1", "4:1": "-1,-1,-1", "5:6": "-1,-1,-1", "7:3": "-1,-1,-1", "9:2": "-1,-1,-1"}
mcp2k	95690	18259	0	1	13	95.0778	25.7335	388.719	1564	252	2	0	154.708	1.01783	1.09864	0.0429773	40.279	1.01847	0.240288	40.279	0	40.279	0	56861.1	182	0.0148962	3.92564e+07	1	5.14918	288.305	0.299582	280.728	nu-candidate	1	4.54329	-15.0	664.97815	11.524	6.218	1142676	{"10:1000010": "-1,-1,-1", "11:1000005": "-1,-1,-1", "12:1000006": "-1,-1,-1", "13:1000004": "0,0,1", "14:3": "-1,-1,-1", "15:2": "-1,-1,-1", "16:1000011": "-1,-1,-1", "3:12": "-1,-1,-1", "4:1000012": "-1,-1,-1", "5:1000013": "-1,-1,-1", "6:1000008": "-1,-1,-1", "8:1000003": "-1,-1,-1"}
mcp2k	96306	18259	0	1	11	-67.7377	114.88	69.7908	3114	461	2	0	265.013	1.01721	4.9644	0.0634921	0	nan	nan	0	0	0	0	50357.8	433	0.428674	8.13313e+07	1	7.85679	976.542	0.43537	605.71	nu-candidate	1	3.9077117	-15.0	901.35315	14.413	8.471	1234624	{"10:1000000": "-1,-1,-1", "11:4": "0,0,0", "12:8": "-1,-1,-1", "13:1": "-1,-1,-1", "2:2": "-1,-1,-1", "3:6": "-1,-1,-1", "5:0": "-1,-1,-1", "6:7": "-1,-1,-1", "7:9": "-1,-1,-1", "8:1000015": "-1,-1,-1", "9:1000001": "-1,-1,-1"}
mcp2k	97062	18255	0	1	15	43.8122	15.0999	352.963	1085	135	5	1	110.518	1.03916	0.623312	0.149853	99.6474	1.03442	0.673971	99.6474	75.0802	99.6474	0	nan	0	0.0476457	3.67325e+07	0	0	-1	-1	-1	nu-candidate	1	0.8006826	-15.0	679.6967	14.478	6.948	1182220	{"10:7": "-1,-1,-1", "11:1000000": "-1,-1,-1", "12:2": "-1,-1,-1", "13:1": "-1,-1,-1", "14:9": "-1,-1,-1", "15:1000002": "0,0,1", "16:5": "-1,-1,-1", "1:13": "-1,-1,-1", "3:8": "-1,-1,-1", "7:1000008": "-1,-1,-1", "9:1000003": "-1,-1,-1"}
mcp2k	97084	18255	0	1	12	115.239	22.7846	281.358	1852	217	3	1	152.317	1.06154	1.04415	0.205993	141.797	1.06544	1.1112	141.797	141.797	141.797	0	52559.5	227	0.0210111	3.38592e+07	1	34.7879	301.952	0.230728	336.274	nu-candidate	1	3.0701194	-15.0	663.7224	14.673	7.444	1175888	{"11:1000001": "-1,-1,-1", "12:1000003": "0,0,1", "13:3": "-1,-1,-1", "14:0": "-1,-1,-1", "15:1000008": "-1,-1,-1", "16:1000006": "-1,-1,-1", "17:5": "-1,-1,-1", "5:1000015": "-1,-1,-1", "6:1000010": "-1,-1,-1", "8:1000004": "-1,-1,-1", "9:1000005": "-1,-1,-1"}
mcp2k	97231	18255	0	1	18	-34.2076	48.6863	170.879	3088	416	9	1	385.149	1.05342	1.46241	0.154328	117.15	1.05385	2.65936	117.15	11.9558	117.15	11.9558	49684.2	455	0.504555	1.72082e+08	1	3.21432	393.649	0.187491	416.141	nu-candidate	1	3.0929859	-15.0	1118.7646	24.738	17.948	1258348	{"11:1000002": "-1,-1,-1", "12:1000004": "-1,-1,-1", "13:1000003": "-1,-1,-1", "14:1000016": "-1,-1,-1", "17:2": "-1,-1,-1", "18:0": "0,0,1", "19:1000000": "-1,-1,-1", "20:10": "-1,-1,-1", "21:1000001": "-1,-1,-1", "22:1": "-1,-1,-1", "2:3": "-1,-1,-1", "3:17": "-1,-1,-1", "5:6": "-1,-1,-1", "7:7": "-1,-1,-1", "8:4": "-1,-1,-1", "9:1000005": "-1,-1,-1"}
mcp2k	98294	18255	0	1	75	-193.552	48.0669	413.058	298	35	2	0	10.1915	1.05747	0.137492	0.25	10.1915	1.05747	0.137492	10.1915	10.1915	10.1915	10.1915	nan	0	0.164401	4.93911e+06	1	60.328	-1	-1	-1	nu-candidate	1	-0.8893832	-15.0	332.71133	13.327	6.653	1155608	{"10:1000005": "-1,-1,-1", "13:1000004": "-1,-1,-1", "14:9": "-1,-1,-1", "15:2": "-1,-1,-1", "16:1000001": "-1,-1,-1", "17:1": "0,0,0", "18:0": "-1,-1,-1", "3:4": "-1,-1,-1", "8:1000003": "-1,-1,-1"}
mcp2k	98452	18255	0	1	6	66.7661	48.2269	324.277	2098	201	2	1	182.419	1.04474	0.497977	0.194719	182.419	1.04474	0.497977	182.419	182.419	182.419	182.419	51280.8	295	0.0608607	3.75955e+07	0	0	2070.13	0.929804	423.765	nu-candidate	1	3.1537583	-15.0	579.01764	15.941	8.438	1274836	{"10:5": "-1,-1,-1", "4:1000011": "-1,-1,-1", "5:1000005": "-1,-1,-1", "6:1000006": "0,0,0", "7:3": "-1,-1,-1", "8:6": "-1,-1,-1", "9:1000002": "-1,-1,-1"}
mcp2k	98470	18255	0	1	11	25.3686	-152.252	413.086	1326	194	3	0	170.109	1.05486	1.05362	0.160868	65.3411	1.07912	0.681209	65.3411	0	65.3411	0	50278.5	164	0.167025	4.70099e+07	1	6.70607	707.576	0.857145	259.797	nu-candidate	1	3.5233467	-15.0	892.11395	12.142	7.552	1187012	{"10:1000006": "-1,-1,-1", "11:1000003": "0,0,0", "12:1": "-1,-1,-1", "13:3": "-1,-1,-1", "14:1000000": "-1,-1,-1", "15:1000007": "-1,-1,-1", "2:0": "-1,-1,-1", "6:1000004": "-1,-1,-1", "8:1000001": "-1,-1,-1"}
mcp2k	98660	18259	0	1	18	-48.377	-6.57084	27.8355	3448	415	1	0	390.723	1.04464	7.25513	0.156105	390.723	1.04464	7.25513	390.723	390.723	390.723	0	51553.6	639	0.113508	7.87186e+07	1	2.01777	770.796	0.0755637	882.412	nu-candidate	1	4.0503445	-15.0	1009.73706	17.636	9.263	1222312	{"11:1000015": "-1,-1,-1", "13:1000009": "-1,-1,-1", "14:1000010": "-1,-1,-1", "16:1000008": "-1,-1,-1", "17:3": "-1,-1,-1", "18:2": "0,0,1", "19:1000007": "-1,-1,-1", "1:11": "-1,-1,-1", "20:1000013": "-1,-1,-1", "21:0": "-1,-1,-1", "22:1000000": "-1,-1,-1", "23:1000011": "0,1,0", "2:10": "-1,-1,-1", "5:1000002": "-1,-1,-1", "6:1000017": "-1,-1,-1", "9:1000005": "-1,-1,-1"}
mcp2k	98704	18259	0	1	2	-179.154	-151.445	156.463	191	30	1	0	19.339	1.02197	0.0785388	0.125	0	nan	nan	0	0	0	0	nan	0	0.0058652	9.84706e+06	0	0	-1	-1	-1	nu-candidate	1	-3.1687295	-15.0	177.13919	13.898	5.475	1170972	{"10:1000003": "-1,-1,-1", "11:7": "-1,-1,-1", "12:1000000": "-1,-1,-1", "13:1000004": "-1,-1,-1", "14:1000001": "-1,-1,-1", "15:1000011": "-1,-1,-1", "16:1000008": "-1,-1,-1", "17:0": "-1,-1,-1", "18:1000010": "-1,-1,-1", "2:6": "0,0,1", "4:2": "-1,-1,-1", "5:1": "-1,-1,-1"}
mcp2k	98778	18255	0	1	8	51.4638	114.502	94.5158	3859	521	4	0	453.12	1.04709	1.21454	0.169943	430.287	1.04779	1.27394	430.287	0	430.287	0	49673.4	695	0.0597223	8.48348e+07	1	0.638121	1391.32	0.566194	964.49	nu-candidate	1	5.0791163	-15.0	1261.569	17.826	11.517	1223948	{"10:0": "-1,-1,-1", "11:1000011": "-1,-1,-1", "12:1000003": "-1,-1,-1", "1:2": "-1,-1,-1", "2:6": "-1,-1,-1", "4:1000008": "-1,-1,-1", "6:5": "-1,-1,-1", "7:1000007": "-1,-1,-1", "8:1000005": "0,0,0", "9:1000004": "-1,-1,-1"}
mcp2k	99232	18259	0	1	17	122.393	-146.259	105.804	2840	325	8	1	270.165	1.04677	3.67883	0.189763	270.165	1.04677	3.67883	270.165	270.165	270.165	38.8434	52936.5	432	0.135134	6.69222e+07	1	23.6239	720.62	0.500166	528.293	nu-candidate	1	2.2813802	-15.0	995.5105	18.863	13.198	1273276	{"10:1000007": "-1,-1,-1", "13:1000000": "-1,-1,-1", "15:1000010": "-1,-1,-1", "16:1000008": "-1,-1,-1", "17:1000002": "0,0,1", "18:1000001": "-1,-1,-1", "19:1000003": "-1,-1,-1", "1:1": "-1,-1,-1", "4:4": "-1,-1,-1", "6:0": "-1,-1,-1", "8:1000004": "-1,-1,-1"}
mcp2k	99284	18255	0	1	12	-6.21126	-156.565	34.7666	13	7	1	1	0	nan	nan	nan	0	nan	nan	0	0	0	0	nan	0	0	143262	1	0.97672	-1	-1	-1	nu-candidate	1	-4.26969	-15.0	12.954387	15.960	6.399	1300424	{"10:2": "-1,-1,-1", "11:5": "-1,-1,-1", "12:7": "0,0,1", "13:1000004": "-1,-1,-1", "2:4": "-1,-1,-1", "4:1000006": "-1,-1,-1", "5:1000002": "-1,-1,-1", "7:1000000": "-1,-1,-1", "8:1000005": "-1,-1,-1", "9:1": "-1,-1,-1"}
mcp2k	99716	18259	0	1	13	-29.5336	-10.605	65.0353	3303	487	5	0	433.837	1.04069	1.70697	0.139311	199.54	1.04995	2.80728	186.552	186.552	199.54	0	51187.2	459	0.307024	1.33769e+08	1	8.20329	643.353	0.021122	648.589	nu-candidate	1	5.1333857	-15.0	1410.4982	22.255	14.374	1172808	{"10:1000000": "-1,-1,-1", "11:1": "-1,-1,-1", "12:3": "-1,-1,-1", "13:4": "0,0,1", "3:5": "-1,-1,-1", "6:7": "-1,-1,-1", "9:2": "-1,-1,-1"}
mcp2k	99838	18255	0	1	14	91.3452	-4.53284	94.987	3109	415	8	0	468.643	1.05499	1.34309	0.211375	468.643	1.05499	1.34309	455.51	455.51	468.643	13.1338	50940.4	685	0.391773	1.40174e+08	1	141.74	985.058	0.00420244	990.057	nu-candidate	1	5.6140075	-15.0	1529.1218	24.676	19.067	1202332	{"11:1000001": "-1,-1,-1", "13:1000000": "-1,-1,-1", "14:1000002": "0,0,1", "15:1000003": "-1,-1,-1", "16:1000009": "-1,-1,-1", "17:1000006": "-1,-1,-1", "2:7": "-1,-1,-1", "3:4": "-1,-1,-1", "5:5": "-1,-1,-1", "6:2": "-1,-1,-1", "8:1": "-1,-1,-1"}
mcp2k	100135	18255	0	1	14	-161.107	148.194	112.487	3756	366	4	1	437.23	1.06267	5.7225	0.195277	413.866	1.05259	5.98754	413.866	413.866	413.866	413.866	50013.8	681	0.0928773	8.23367e+07	1	51.3996	1011.57	0.119137	929.57	nu-candidate	1	4.4147058	-13.30623	1203.841	20.895	16.162	1238620	{"10:1000001": "-1,-1,-1", "11:1000002": "-1,-1,-1", "12:0": "-1,-1,-1", "13:2": "-1,-1,-1", "14:1": "0,0,0", "15:3": "-1,-1,-1", "4:1000013": "-1,-1,-1", "7:1000004": "-1,-1,-1", "9:1000003": "-1,-1,-1"}
mcp2k	100222	18259	0	1	113	74.1725	23.9131	189.918	1153	209	2	0	88.4973	1.0274	0.576968	0.0896072	34.77	1.05211	0.147541	34.77	0	34.77	0	63790.5	80	0.358566	2.98878e+07	1	619.122	211.625	0.128434	270.216	nu-candidate	1	2.2929738	2.0712042	2857.5425	51.990	46.085	1370640	{"11:1000003": "-1,-1,-1", "13:1000005": "-1,-1,-1", "14:1000000": "0,0,1", "15:1000002": "-1,-1,-1", "16:4": "-1,-1,-1", "17:1000007": "-1,-1,-1", "18:1000001": "-1,-1,-1", "19:6": "-1,-1,-1", "4:0": "-1,-1,-1", "6:2": "-1,-1,-1", "7:12": "-1,-1,-1", "8:5": "-1,-1,-1", "9:1000014": "-1,-1,-1"}
mcp2k	100421	18255	0	1	7	-181.68	-108.026	219.857	1239	191	2	0	244.166	1.03553	2.00098	0.133005	244.166	1.03553	2.00098	244.166	244.166	244.166	244.166	55404.1	398	0.0936764	4.53186e+07	1	17.0643	702.499	0.272549	556.84	nu-candidate	1	2.8666108	-15.0	723.2803	13.494	7.785	1275988	{"12:1000003": "-1,-1,-1", "15:1000002": "-1,-1,-1", "17:1000009": "-1,-1,-1", "18:12": "-1,-1,-1", "19:1000007": "-1,-1,-1", "20:1000005": "-1,-1,-1", "21:20": "-1,-1,-1", "22:1000000": "-1,-1,-1", "23:1": "-1,-1,-1", "24:1000001": "-1,-1,-1", "25:4": "-1,-1,-1", "2:9": "-1,-1,-1", "3:8": "-1,-1,-1", "5:3": "-1,-1,-1", "7:0": "0,0,0", "9:1000021": "-1,-1,-1"}
mcp2k	100728	18259	0	1	-1	nan	nan	nan	0	0	0	0	0	nan	nan	nan	0	nan	nan	0	0	0	0	nan	0	nan	nan	0	0	-1	-1	-1	nu-candidate	1	-1.9416895	-15.0	0.0	13.523	6.351	1164656	{"10:1000003": "-1,-1,-1", "12:1000006": "-1,-1,-1", "13:4": "-1,-1,-1", "14:2": "-1,-1,-1", "15:1000007": "-1,-1,-1", "16:1000009": "-1,-1,-1", "17:10": "0,0,0", "1:11": "-1,-1,-1", "4:5": "-1,-1,-1", "5:1000008": "-1,-1,-1", "7:1000002": "-1,-1,-1", "9:1000004": "0,1,0"}
mcp2k	101454	18259	0	1	13	-110.079	35.4935	176.315	1830	229	4	0	229.97	1.0519	0.71087	0.220785	229.97	1.0519	0.71087	216.693	216.693	229.97	0	51375.8	352	0.0577431	5.09256e+07	1	1.44936	644.222	0.358283	496.973	nu-candidate	1	4.5940714	-15.0	902.6089	14.753	9.208	1178336	{"10:1000005": "-1,-1,-1", "11:13": "-1,-1,-1", "12:11": "-1,-1,-1", "13:2": "0,0,1", "14:8": "-1,-1,-1", "15:4": "-1,-1,-1", "16:1000002": "-1,-1,-1", "1:10": "-1,-1,-1", "7:5": "-1,-1,-1", "8:1000001": "-1,-1,-1", "9:1000006": "-1,-1,-1"}
mcp2k	101554	18255	0	1	13	-18.8849	35.4117	131.261	1839	273	3	0	287.821	1.06767	11.3328	0.170249	244.312	1.07106	13.2676	244.312	244.312	244.312	0	51980	459	0.354665	7.82401e+07	1	11.9487	515.287	0.119698	555.073	nu-candidate	1	2.4808216	-15.0	946.6642	13.239	8.129	1201304	{"10:1000004": "-1,-1,-1", "11:1000001": "-1,-1,-1", "12:1": "-1,-1,-1", "13:2": "0,0,1", "14:1000008": "-1,-1,-1", "1:6": "-1,-1,-1", "2:5": "-1,-1,-1", "3:4": "-1,-1,-1", "6:3": "-1,-1,-1", "8:1000003": "-1,-1,-1", "9:0": "-1,-1,-1"}
mcp2k	101675	18255	0	1	11	-148.307	40.6346	67.0297	2354	260	7	1	208.354	1.09317	0.691443	0.210163	177.041	1.10722	0.690895	159.67	159.67	177.041	159.67	49602.5	229	0.157349	4.47741e+07	0	0	347.858	0.475215	348.359	nu-candidate	1	1.9183006	-15.0	882.9617	15.647	9.720	1178708	{"10:1000001": "-1,-1,-1", "11:0": "0,0,1", "12:2": "-1,-1,-1", "2:3": "-1,-1,-1", "3:4": "-1,-1,-1", "5:1": "-1,-1,-1", "7:1000002": "-1,-1,-1", "8:1000000": "-1,-1,-1", "9:5": "-1,-1,-1"}
mcp2k	102841	18255	0	1	11	-152.059	79.3783	299.539	950	170	2	0	71.2659	1.01931	0.584868	0.0171553	0	nan	nan	0	0	0	0	64208.5	71	0.0734782	2.00297e+07	1	5.45589	119.595	0.719424	139.58	nu-candidate	1	2.9871626	-15.0	458.90698	10.832	5.340	1163352	{"10:1000001": "-1,-1,-1", "11:2": "0,0,1", "12:0": "-1,-1,-1", "2:1": "-1,-1,-1", "3:3": "-1,-1,-1", "4:1000000": "-1,-1,-1", "8:1000002": "-1,-1,-1", "9:1000004": "-1,-1,-1"}
mcp2k	103061	18255	0	1	4	-57.7193	-139.085	300.675	49	12	1	1	0	nan	nan	nan	0	nan	nan	0	0	0	0	nan	0	0.0202689	1.71632e+06	1	1.9099	-1	-1	-1	nu-candidate	1	-1.4037837	-15.0	58.149406	12.081	5.396	1195964	{"10:13": "-1,-1,-1", "11:1000009": "-1,-1,-1", "13:1000014": "-1,-1,-1", "14:1000006": "-1,-1,-1", "15:1000000": "-1,-1,-1", "17:1000001": "-1,-1,-1", "19:5": "-1,-1,-1", "1:11": "-1,-1,-1", "20:1000003": "-1,-1,-1", "21:1": "-1,-1,-1", "3:10": "-1,-1,-1", "4:7": "0,0,1", "7:3": "-1,-1,-1", "9:4": "-1,-1,-1"}
mcp2k	103193	18255	0	1	2	-157.271	-190.607	96.3703	112	22	1	0	0	nan	nan	nan	0	nan	nan	0	0	0	0	nan	0	0.0322912	1.97673e+06	0	0	-1	-1	-1	nu-candidate	1	-2.3832643	-15.0	27.550278	9.693	5.304	1178184	{"10:4": "-1,-1,-1", "11:1000002": "-1,-1,-1", "12:12": "-1,-1,-1", "13:1000000": "-1,-1,-1", "14:1000004": "-1,-1,-1", "15:1000003": "-1,-1,-1", "1:10": "-1,-1,-1", "2:6": "0,0,1", "6:1000007": "-1,-1,-1", "8:1000006": "-1,-1,-1", "9:1000005": "-1,-1,-1"}
mcp2k	103952	18255	0	1	21	-60.607	129.072	268.319	1503	198	4	0	121.043	1.04085	1.28158	0.116504	48.4996	1.03211	0.464538	48.4996	48.4996	48.4996	0	60885.8	94	0.234239	4.13559e+07	1	51.8319	4000	1	707.772	nu-candidate	1	1.2991115	-15.0	617.6365	16.157	10.179	1278428	{"10:1000001": "-1,-1,-1", "11:1000005": "-1,-1,-1", "12:1000000": "-1,-1,-1", "13:10": "-1,-1,-1", "14:1000003": "-1,-1,-1", "15:4": "0,0,0", "16:1000006": "-1,-1,-1", "2:2": "-1,-1,-1", "5:1000014": "-1,-1,-1", "7:1000009": "-1,-1,-1", "9:3": "-1,-1,-1"}
mcp2k	104216	18255	0	1	10	-137.081	79.8334	253.834	1886	240	3	0	167.355	1.04515	2.72155	0.154744	151.009	1.04632	3.00425	151.009	0	151.009	0	52504.4	243	0.202039	4.79288e+07	1	7.94513	334.37	0.0807288	356.339	nu-candidate	1	-0.27451167	-15.0	988.5456	13.743	9.104	1252712	{"10:0": "0,0,0", "11:1000014": "-1,-1,-1", "12:1000016": "-1,-1,-1", "13:1000003": "-1,-1,-1", "15:1000006": "-1,-1,-1", "16:1000002": "-1,-1,-1", "17:1000007": "-1,-1,-1", "18:1000001": "-1,-1,-1", "1:16": "-1,-1,-1", "20:1000005": "-1,-1,-1", "21:4": "-1,-1,-1", "22:10": "-1,-1,-1", "23:1000000": "-1,-1,-1", "24:1000011": "-1,-1,-1", "3:15": "-1,-1,-1", "5:7": "-1,-1,-1", "7:2": "-1,-1,-1"}
mcp2k	104260	18255	0	1	10	-75.1664	-121.809	167.63	2777	432	1	0	201.237	1.02049	2.87838	0.0508982	0	nan	nan	0	0	0	0	50330.7	326	0.0915017	3.71626e+07	1	9.23033	543.585	0.468673	465.948	nu-candidate	1	3.4638567	-15.0	632.09515	11.089	7.154	1175484	{"10:1": "0,0,0", "11:10": "-1,-1,-1", "12:6": "-1,-1,-1", "13:1000010": "-1,-1,-1", "2:4": "-1,-1,-1", "3:1000008": "-1,-1,-1", "4:1000005": "0,1,0", "6:1000003": "-1,-1,-1", "7:1000004": "-1,-1,-1", "9:1000002": "-1,-1,-1"}
mcp2k	104304	18255	0	1	13	57.9757	-76.8035	220.978	1211	135	2	0	180.388	1.06957	1.18174	0.206667	180.388	1.06957	1.18174	180.388	180.388	180.388	180.388	51655.1	292	0.0984701	3.57815e+07	0	0	391.558	0.126981	418.618	nu-candidate	1	3.314311	-15.0	719.1277	11.329	7.473	1161320	{"10:1000003": "-1,-1,-1", "11:1000009": "-1,-1,-1", "12:1000004": "-1,-1,-1", "13:1000005": "0,0,1", "14:3": "-1,-1,-1", "3:0": "-1,-1,-1", "6:1000000": "-1,-1,-1", "8:1000001": "-1,-1,-1"}
mcp2k	104920	18255	0	1	9	-125.555	62.6411	337.263	1556	174	2	0	218.996	1.05675	0.323666	0.195303	202.814	1.0532	0.315497	202.814	202.814	202.814	202.814	49185	329	0.0176712	4.06382e+07	0	0	692.851	0.596265	467.882	nu-candidate	1	2.7679641	-15.0	740.4152	14.549	8.343	1201124	{"10:1000013": "-1,-1,-1", "11:8": "-1,-1,-1", "12:0": "-1,-1,-1", "13:7": "-1,-1,-1", "14:1000009": "-1,-1,-1", "15:1000003": "-1,-1,-1", "1:2": "-1,-1,-1", "5:1000002": "-1,-1,-1", "7:4": "-1,-1,-1", "8:1000006": "-1,-1,-1", "9:3": "0,0,0"}
mcp2k	105316	18255	0	1	20	108.432	-36.7191	176.737	806	126	5	0	45.0293	1.02395	0.345585	0.0810048	0	nan	nan	0	0	0	0	65757.4	45	0.188913	2.26873e+07	1	134.48	-1	-1	-1	nu-candidate	1	0.9139687	-15.0	714.1968	15.929	7.734	1193276	{"10:1000009": "-1,-1,-1", "11:1000010": "-1,-1,-1", "14:1000014": "-1,-1,-1", "15:9": "-1,-1,-1", "16:5": "-1,-1,-1", "17:2": "-1,-1,-1", "18:1000007": "-1,-1,-1", "19:3": "-1,-1,-1", "1:15": "-1,-1,-1", "20:1000000": "0,0,1", "4:0": "-1,-1,-1", "5:6": "-1,-1,-1", "6:7": "-1,-1,-1", "7:12": "-1,-1,-1", "8:1000013": "-1,-1,-1"}
mcp2k	105426	18255	0	1	10	105.929	115.031	390.939	324	57	2	0	47.7628	1.0285	0.393238	0.0766833	0	nan	nan	0	0	0	0	68359.7	47	0.287821	2.15839e+07	0	0	-1	-1	-1	nu-candidate	1	0.6064317	-15.0	362.86765	14.599	6.165	1179060	{"10:1000007": "0,0,1", "11:1000004": "-1,-1,-1", "12:3": "-1,-1,-1", "13:1": "-1,-1,-1", "14:1000006": "-1,-1,-1", "15:1000012": "-1,-1,-1", "16:1000002": "-1,-1,-1", "17:1000003": "-1,-1,-1", "1:7": "-1,-1,-1", "3:11": "-1,-1,-1", "4:1000017": "-1,-1,-1", "8:1000016": "-1,-1,-1"}
mcp2k	105492	18255	0	1	9	55.7534	-55.7194	179.3	315	41	2	0	12.0133	1.0122	0.248532	0	0	nan	nan	0	0	0	0	nan	0	0.226429	6.47252e+06	0	0	-1	-1	-1	nu-candidate	1	-0.81172305	-12.504033	122.76459	12.176	5.774	1162272	{"2:1": "-1,-1,-1", "4:0": "-1,-1,-1", "5:1000001": "-1,-1,-1", "6:1000000": "-1,-1,-1", "7:1000002": "-1,-1,-1", "8:7": "-1,-1,-1", "9:1000004": "0,0,1"}
mcp2k	157281	18259	0	1	7	-171.508	0.76517	239.132	2733	315	3	0	236.731	1.05754	3.05646	0.198016	236.731	1.05754	3.05646	224.005	224.005	236.731	0	51316.7	341	0.287523	6.15933e+07	1	13.6963	426.976	0.0214759	484.415	nu-candidate	1	3.4039392	-15.0	795.8464	15.908	8.793	1174660	{"10:1000002": "-1,-1,-1", "11:4": "-1,-1,-1", "12:1000004": "-1,-1,-1", "13:3": "-1,-1,-1", "14:5": "-1,-1,-1", "15:6": "-1,-1,-1", "16:1000001": "-1,-1,-1", "2:0": "-1,-1,-1", "4:7": "-1,-1,-1", "7:2": "0,0,1"}
mcp2k	158227	18259	0	1	11	2.00934	-156.615	124.468	2314	245	3	1	230.864	1.0713	7.02357	0.23242	230.864	1.0713	7.02357	230.864	218.261	230.864	218.261	47124.8	355	0.0396677	3.81858e+07	1	0.986732	507.314	0.559913	521.24	nu-candidate	1	2.8721623	-15.0	643.2899	14.733	7.825	1191196	{"10:1000000": "-1,-1,-1", "11:1000004": "0,0,1", "12:1000003": "-1,-1,-1", "13:1000002": "-1,-1,-1", "14:1": "-1,-1,-1", "2:0": "-1,-1,-1", "4:3": "-1,-1,-1", "5:2": "-1,-1,-1", "7:1000007": "-1,-1,-1", "8:1000006": "-1,-1,-1"}
mcp2k	161725	18259	0	1	18	165.43	80.5723	66.6922	1390	173	2	1	192.891	1.08071	5.86035	0.218069	192.891	1.08071	5.86035	192.891	192.891	192.891	192.891	52585.3	313	0.0732619	3.77711e+07	1	4.37918	402.293	0.0125815	443.817	cosmic-tagged	1	3.0538013	-15.0	570.18005	17.059	8.064	1189116	{"10:1000004": "-1,-1,-1", "11:1000006": "-1,-1,-1", "12:2": "-1,-1,-1", "13:1000001": "1,0,0", "2:6": "-1,-1,-1", "3:1": "-1,-1,-1", "7:1000005": "-1,-1,-1", "9:1000000": "-1,-1,-1"}
mcp2k	162143	18259	0	1	8	34.416	-49.1794	135.99	3246	389	8	1	431.343	1.05228	1.60153	0.215119	415.568	1.05392	1.65733	415.568	415.568	415.568	244.241	49469.2	602	0.0983901	9.36367e+07	1	8.71678	802.681	0.0549477	835.947	nu-candidate	1	5.978651	-15.0	1692.2458	30.817	19.893	1321008	{"10:0": "-1,-1,-1", "11:1000003": "-1,-1,-1", "12:4": "-1,-1,-1", "4:1000001": "-1,-1,-1", "5:1000002": "-1,-1,-1", "6:1000006": "-1,-1,-1", "7:5": "-1,-1,-1", "8:1000000": "0,0,0", "9:1000004": "-1,-1,-1"}
mcp2k	163771	18259	0	1	8	30.7139	21.0061	445.886	527	96	2	0	105.749	1.03366	1.95421	0.125714	105.749	1.03366	1.95421	105.749	0	105.749	0	50422.3	167	0.0147705	2.09245e+07	1	2.33384	249.3	0.342737	262.425	nu-candidate	1	1.2769922	-15.0	386.87762	16.478	5.920	1192300	{"10:6": "-1,-1,-1", "11:1000001": "-1,-1,-1", "12:2": "-1,-1,-1", "13:9": "-1,-1,-1", "14:1000008": "-1,-1,-1", "15:1000000": "-1,-1,-1", "1:1": "-1,-1,-1", "4:0": "-1,-1,-1", "6:5": "-1,-1,-1", "7:1000004": "-1,-1,-1", "8:1000005": "0,0,1", "9:1000009": "-1,-1,-1"}
mcp2k	165104	18259	0	1	9	74.664	55.7658	360.602	1205	271	2	1	96.6312	1.007	0.783288	0	0	nan	nan	0	0	0	0	55265.7	152	0.141022	2.45241e+07	1	8.76985	302.372	0.652129	243.198	nu-candidate	1	3.414792	-15.0	436.09616	15.442	6.973	1251768	{"10:1000003": "-1,-1,-1", "11:1000002": "-1,-1,-1", "12:1000000": "-1,-1,-1", "13:1000001": "-1,-1,-1", "14:1000006": "-1,-1,-1", "15:9": "-1,-1,-1", "16:1": "-1,-1,-1", "17:3": "-1,-1,-1", "18:1000012": "-1,-1,-1", "1:7": "-1,-1,-1", "4:6": "-1,-1,-1", "6:1000013": "-1,-1,-1", "9:1000005": "0,0,1"}
mcp2k	165767	18259	0	1	7	180.21	-60.5252	136.149	835	194	5	1	76.0518	1.03306	0.329412	0.0659912	13.2445	1.11776	0.430347	13.2445	0	13.2445	0	nan	0	0.0608488	2.2588e+07	1	4.55404	-1	-1	-1	nu-candidate	1	-0.20340584	-15.0	781.4879	15.710	6.642	1146572	{"10:1000000": "-1,-1,-1", "11:1000001": "-1,-1,-1", "1:6": "-1,-1,-1", "4:0": "-1,-1,-1", "5:2": "-1,-1,-1", "7:1000002": "0,0,1", "8:1000003": "-1,-1,-1", "9:1": "-1,-1,-1"}
mcp2k	167351	18259	0	1	13	-117.313	85.3127	332.246	797	153	2	0	189.694	1.02901	1.09246	0.0857143	189.694	1.02901	1.09246	375.655	0	375.655	0	50410.4	307	0.024869	3.29043e+07	0	0	564.492	0.471243	439.691	nu-candidate	1	1.4650143	-15.0	994.3911	15.752	8.098	1177224	{"10:1000003": "-1,-1,-1", "11:1000002": "-1,-1,-1", "12:1": "-1,-1,-1", "13:2": "0,0,0", "14:5": "-1,-1,-1", "1:3": "-1,-1,-1", "2:10": "-1,-1,-1", "4:8": "-1,-1,-1", "6:0": "-1,-1,-1", "8:1000000": "-1,-1,-1"}
mcp2k	168209	18259	0	1	11	94.429	106.172	431.15	1079	205	3	0	141.635	1.02633	0.533357	0.0856505	77.0542	1.04293	0.692555	77.0542	77.0542	77.0542	77.0542	47755.5	119	0.0326063	3.36361e+07	1	35.5564	273.252	0.863947	201.915	nu-candidate	1	3.4127789	-15.0	912.49976	16.682	7.852	1240280	{"10:1000006": "-1,-1,-1", "11:1000004": "0,0,0", "12:6": "-1,-1,-1", "13:9": "-1,-1,-1", "14:1000000": "-1,-1,-1", "15:0": "-1,-1,-1", "3:3": "-1,-1,-1", "5:1000012": "-1,-1,-1", "7:1000003": "-1,-1,-1", "9:4": "-1,-1,-1"}
mcp2k	168448	18259	0	1	64	-14.7163	-11.1814	360.431	815	92	3	0	40.7639	1.05359	0.143138	0.302433	25.777	1.06207	0.153467	25.777	25.777	25.777	0	nan	0	0.113936	2.07707e+07	1	50.5727	351.408	0.770643	224.61	nu-candidate	1	0.6982318	-15.0	410.71268	17.517	7.775	1237620	{"10:1000010": "-1,-1,-1", "11:1000004": "-1,-1,-1", "13:1000001": "-1,-1,-1", "15:1000009": "-1,-1,-1", "16:1000005": "-1,-1,-1", "18:1000002": "-1,-1,-1", "19:11": "-1,-1,-1", "1:14": "-1,-1,-1", "20:0": "-1,-1,-1", "21:1000007": "-1,-1,-1", "22:1": "-1,-1,-1", "23:1000008": "0,0,1", "3:2": "-1,-1,-1", "7:3": "-1,-1,-1", "8:5": "-1,-1,-1"}
mcp2k	169152	18259	0	1	22	-126.717	-103.234	428.46	867	99	2	0	86.4291	1.06242	0.774611	0.218027	75.9869	1.05821	0.85675	75.9869	75.9869	75.9869	75.9869	59671.9	118	0.0585418	1.81162e+07	1	134.788	203.386	0.624707	199.006	nu-candidate	1	1.5146813	-15.0	496.2907	17.620	7.959	1291068	{"10:1000008": "-1,-1,-1", "11:1000007": "-1,-1,-1", "12:1000014": "-1,-1,-1", "13:1000009": "-1,-1,-1", "15:1000001": "-1,-1,-1", "18:1000006": "-1,-1,-1", "19:12": "-1,-1,-1", "1:5": "-1,-1,-1", "20:2": "-1,-1,-1", "21:1000004": "-1,-1,-1", "22:9": "0,0,0", "23:11": "-1,-1,-1", "24:7": "-1,-1,-1", "25:1000000": "-1,-1,-1", "26:1000002": "-1,-1,-1", "2:6": "-1,-1,-1", "5:1": "-1,-1,-1", "7:3": "-1,-1,-1", "9:0": "-1,-1,-1"}
mcp2k	169221	18259	0	1	15	10.7931	-0.995098	466.622	1111	193	1	0	82.0106	1.0143	1.54399	0.0367647	0	nan	nan	0	0	0	0	53966.7	128	0.0842518	1.51335e+07	0	0	262.678	0.741934	212.367	nu-candidate	1	0.78374517	-15.0	450.23602	16.045	6.369	1231084	{"11:1000002": "-1,-1,-1", "13:1000005": "-1,-1,-1", "14:1": "-1,-1,-1", "15:1000009": "0,0,0", "16:3": "-1,-1,-1", "17:1000003": "-1,-1,-1", "18:2": "-1,-1,-1", "19:1000000": "-1,-1,-1", "2:11": "-1,-1,-1", "3:9": "-1,-1,-1", "4:4": "-1,-1,-1", "8:5": "-1,-1,-1"}
mcp2k	169240	18259	0	1	19	-12.2415	-1.42222	168.556	2376	220	2	1	352.333	1.06168	0.724397	0.257679	352.333	1.06168	0.724397	352.333	352.333	352.333	352.333	50217.4	578	0.185461	7.08544e+07	1	0.173044	778.396	0.0979321	788.757	nu-candidate	1	5.676324	-15.0	1070.8849	24.091	12.504	1355116	{"11:1000002": "-1,-1,-1", "12:1000003": "-1,-1,-1", "13:1000007": "-1,-1,-1", "14:1000006": "-1,-1,-1", "15:1000011": "-1,-1,-1", "16:1000010": "-1,-1,-1", "17:1000008": "-1,-1,-1", "18:3": "-1,-1,-1", "19:6": "0,0,0", "20:1000005": "-1,-1,-1", "21:1000001": "-1,-1,-1", "22:1000000": "-1,-1,-1", "3:0": "-1,-1,-1", "4:4": "-1,-1,-1", "5:5": "-1,-1,-1", "6:1000012": "-1,-1,-1", "8:1000004": "-1,-1,-1"}
mcp2k	169966	18259	0	1	16	-16.8946	46.4758	121.65	39	12	1	1	0	nan	nan	nan	0	nan	nan	0	0	0	0	nan	0	0	1.20548e+06	1	4.79268	-1	-1	-1	nu-candidate	1	-1.570444	-15.0	150.19629	12.536	6.494	1249312	{"10:1000003": "-1,-1,-1", "12:1000004": "-1,-1,-1", "13:0": "-1,-1,-1", "14:3": "-1,-1,-1", "15:2": "-1,-1,-1", "16:4": "0,0,1", "17:1000001": "-1,-1,-1", "18:1000002": "-1,-1,-1", "2:5": "-1,-1,-1", "3:10": "-1,-1,-1", "6:6": "-1,-1,-1"}
mcp2k	170076	18259	0	1	10	-16.5867	0.753477	32.9621	2817	287	3	1	344.938	1.07282	1.60969	0.243902	344.938	1.07282	1.60969	344.938	344.938	344.938	344.938	47799.9	566	0.146054	6.59931e+07	1	15.541	-1	-1	-1	nu-candidate	1	3.339003	-15.0	1361.0415	23.728	16.337	1293248	{"10:2": "0,0,0", "11:8": "-1,-1,-1", "12:0": "-1,-1,-1", "2:5": "-1,-1,-1", "4:1000003": "-1,-1,-1", "6:1000000": "-1,-1,-1", "7:1000001": "-1,-1,-1", "8:1": "-1,-1,-1", "9:6": "-1,-1,-1"}
mcp2k	170098	18259	0	1	16	-51.5557	88.8444	345.896	839	127	2	0	100.726	1.04547	1.5134	0.138834	24.5189	1.06326	0.142377	24.5189	0	24.5189	0	57889.8	118	0.0704601	2.69112e+07	1	132.839	187.406	0.410249	198.305	nu-candidate	1	2.8644333	-15.0	929.8595	15.874	8.101	1172908	{"10:1000002": "-1,-1,-1", "11:1000004": "-1,-1,-1", "12:1000000": "-1,-1,-1", "14:1000003": "-1,-1,-1", "15:2": "-1,-1,-1", "16:1": "0,0,1", "1:6": "-1,-1,-1", "2:0": "-1,-1,-1", "3:10": "-1,-1,-1", "6:3": "-1,-1,-1", "8:5": "-1,-1,-1", "9:4": "-1,-1,-1"}
mcp2k	170428	18259	0	1	14	5.98325	53.0553	262.98	3675	529	3	1	293.882	1.03217	1.09083	0.0490911	0	nan	nan	0	0	0	0	51792.9	452	0.27015	7.49805e+07	1	1.2914	679.41	0.24736	630.892	nu-candidate	1	4.2183313	-15.0	866.65497	15.762	8.250	1202964	{"11:1000008": "-1,-1,-1", "13:1000006": "-1,-1,-1", "14:1000003": "0,0,1", "15:6": "-1,-1,-1", "16:4": "-1,-1,-1", "17:1000002": "-1,-1,-1", "18:1000010": "-1,-1,-1", "3:0": "-1,-1,-1", "5:1": "-1,-1,-1", "7:1000007": "-1,-1,-1", "9:1000005": "-1,-1,-1"}
mcp2k	170585	18259	0	1	11	191.846	144.031	407.269	318	64	2	0	20.5784	1.02165	0.0772494	0.181818	0	nan	nan	0	0	0	0	62119.2	25	0.0900089	7.83202e+06	1	1.02531	-1	-1	-1	nu-candidate	1	2.0816197	-15.0	298.82642	12.970	5.927	1165996	{"11:1000003": "0,0,0", "12:1000005": "-1,-1,-1", "13:0": "-1,-1,-1", "14:1000002": "-1,-1,-1", "15:1000000": "-1,-1,-1", "16:1000006": "-1,-1,-1", "3:1": "-1,-1,-1", "5:1000009": "-1,-1,-1", "6:1000008": "-1,-1,-1", "8:1000001": "-1,-1,-1"}
mcp2k	171473	18259	0	1	3	-103.854	-114.056	339.813	50	14	1	1	0	nan	nan	nan	0	nan	nan	0	0	0	0	nan	0	0.00530391	1.42574e+06	0	0	-1	-1	-1	nu-candidate	1	-1.5113436	-15.0	128.48137	13.358	6.161	1172024	{"10:1000005": "-1,-1,-1", "11:1000006": "-1,-1,-1", "12:8": "-1,-1,-1", "13:1000001": "-1,-1,-1", "14:2": "-1,-1,-1", "15:3": "-1,-1,-1", "1:0": "-1,-1,-1", "3:5": "0,0,1", "5:4": "-1,-1,-1", "6:1000002": "-1,-1,-1", "7:1000008": "-1,-1,-1"}
mcp2k	171528	18259	0	1	17	32.7484	-196.092	412.216	259	46	1	0	34.3048	1.02861	0.351918	0.196429	34.3048	1.02861	0.351918	34.3048	0	34.3048	0	70419.1	48	0.23206	1.19337e+07	1	245.487	-1	-1	-1	nu-candidate	1	-0.19378361	-15.0	516.6021	10.685	7.167	1173396	{"13:1000005": "-1,-1,-1", "15:6": "-1,-1,-1", "16:1000000": "-1,-1,-1", "17:1000004": "0,0,0", "18:1000001": "-1,-1,-1", "19:0": "-1,-1,-1", "20:10": "-1,-1,-1", "2:2": "-1,-1,-1", "4:1": "-1,-1,-1", "5:8": "-1,-1,-1", "7:1000015": "-1,-1,-1", "8:1000014": "-1,-1,-1"}
mcp2k	171616	18259	0	1	3	-93.5042	-154.531	196.104	2157	320	1	0	151.429	1.02767	2.74579	0.0278884	0	nan	nan	0	0	0	0	53766.3	243	0.433343	5.26556e+07	1	21.2762	335.72	0.0818115	358.933	nu-candidate	1	3.2259045	-15.0	558.79254	11.975	6.867	1199232	{"10:2": "-1,-1,-1", "13:1000006": "-1,-1,-1", "14:1000004": "-1,-1,-1", "15:1000005": "-1,-1,-1", "17:1": "-1,-1,-1", "18:8": "-1,-1,-1", "19:20": "-1,-1,-1", "20:0": "-1,-1,-1", "21:1000000": "-1,-1,-1", "22:1000007": "-1,-1,-1", "23:11": "-1,-1,-1", "24:7": "-1,-1,-1", "25:3": "-1,-1,-1", "26:1000009": "-1,-1,-1", "3:6": "0,0,1", "7:17": "-1,-1,-1"}
mcp2k	171729	18259	0	1	9	-9.07143	127.779	290.844	1931	242	3	0	177.935	1.04418	0.678756	0.169047	160.249	1.03559	0.724799	160.249	0	160.249	0	51143.8	255	0.296548	5.09442e+07	1	23.8865	361.83	0.0576175	376.134	nu-candidate	1	3.501813	-15.0	853.6492	15.940	9.563	1159180	{"10:1000002": "-1,-1,-1", "11:1000001": "-1,-1,-1", "2:1000008": "-1,-1,-1", "3:1000007": "-1,-1,-1", "4:1000006": "-1,-1,-1", "7:1000000": "-1,-1,-1", "8:3": "-1,-1,-1", "9:1000003": "0,0,1"}
mcp2k	171866	18259	0	1	15	-55.1142	-170.495	335.395	1308	204	4	1	130.694	1.02006	0.323183	0.0698479	17.7085	1.00809	0.0580496	17.7085	0	17.7085	0	50832.5	170	0.223578	3.76169e+07	1	1.66743	580.942	0.669297	277.686	nu-candidate	1	4.7900133	-15.0	555.17725	12.004	6.829	1171312	{"11:1000004": "-1,-1,-1", "12:1000002": "-1,-1,-1", "13:4": "-1,-1,-1", "14:0": "-1,-1,-1", "15:3": "0,0,0", "1:8": "-1,-1,-1", "2:7": "-1,-1,-1", "4:2": "-1,-1,-1", "5:1000007": "-1,-1,-1", "7:1000006": "-1,-1,-1", "9:1000003": "-1,-1,-1"}
mcp2k	172177	18259	0	1	7	-177.89	158.86	376.162	495	79	2	0	61.0819	1.02994	0.634296	0.148515	61.0819	1.02994	0.634296	61.0819	0	61.0819	0	48680.3	93	0.0746277	1.4063e+07	1	4.21053	826.932	0.975484	167.63	nu-candidate	1	3.4750407	-15.0	440.39212	14.535	6.192	1150800	{"10:1000002": "-1,-1,-1", "5:1000000": "-1,-1,-1", "6:3": "-1,-1,-1", "7:1": "0,0,0", "8:1000001": "-1,-1,-1", "9:0": "-1,-1,-1"}
mcp2k	172344	18259	0	1	6	-79.5539	-185.057	477.661	789	123	5	2	64.0396	1.03261	0.325658	0.154569	22.332	1.04371	0.486674	22.332	22.332	22.332	0	52489.4	41	0.0524756	1.80559e+07	0	0	-1	-1	-1	nu-candidate	1	2.7152185	-15.0	575.65015	14.550	6.441	1153184	{"10:4": "-1,-1,-1", "11:3": "-1,-1,-1", "12:0": "-1,-1,-1", "2:9": "-1,-1,-1", "3:8": "-1,-1,-1", "6:5": "0,0,0", "7:1000005": "-1,-1,-1", "9:1000002": "-1,-1,-1"}
mcp2k	172617	18259	0	1	17	54.278	119.83	339.64	1876	266	3	0	204.965	1.02064	0.73408	0.0739663	27.4268	1.06597	0.175431	27.4268	27.4268	27.4268	27.4268	48347.7	287	0.283727	5.91259e+07	0	0	693.016	0.582132	414.156	nu-candidate	1	4.2279425	-15.0	818.9054	17.280	9.170	1199076	{"11:1000003": "-1,-1,-1", "13:1000002": "-1,-1,-1", "14:1000009": "-1,-1,-1", "15:1000004": "-1,-1,-1", "16:1000000": "-1,-1,-1", "17:1000006": "0,0,0", "2:13": "-1,-1,-1", "3:5": "-1,-1,-1", "4:10": "-1,-1,-1", "6:8": "-1,-1,-1", "7:4": "-1,-1,-1", "9:1000007": "-1,-1,-1"}
mcp2k	172762	18259	0	1	15	-12.0586	-157.192	127.564	2348	285	1	0	320.816	1.04298	0.917034	0.192884	320.816	1.04298	0.917034	320.816	320.816	320.816	0	50519.3	526	0.0107489	5.4662e+07	0	0	731.572	0.0143532	726.93	nu-candidate	1	3.8788362	-15.0	844.2484	19.624	8.147	1221516	{"10:1000006": "-1,-1,-1", "11:1000008": "-1,-1,-1", "12:1000005": "-1,-1,-1", "13:1000004": "-1,-1,-1", "14:1000001": "-1,-1,-1", "15:1": "0,0,1", "1:4": "-1,-1,-1", "4:1000000": "-1,-1,-1", "6:1000003": "-1,-1,-1", "8:1000002": "-1,-1,-1", "9:0": "-1,-1,-1"}
mcp2k	172850	18259	0	1	12	193.072	68.2174	391.825	462	69	2	0	50.9811	1.03145	0.171466	0.119048	50.9811	1.03145	0.171466	50.9811	50.9811	50.9811	0	56953.6	76	0.194049	1.5319e+07	0	0	739.193	0.906898	144.704	nu-candidate	1	2.7870247	-15.0	339.75864	17.210	5.726	1196464	{"10:1000006": "-1,-1,-1", "12:1000003": "0,0,0", "14:1000002": "-1,-1,-1", "15:7": "-1,-1,-1", "16:1000000": "-1,-1,-1", "17:1000001": "-1,-1,-1", "2:0": "-1,-1,-1", "3:5": "-1,-1,-1", "5:2": "-1,-1,-1", "7:3": "-1,-1,-1", "8:1000010": "-1,-1,-1"}
mcp2k	173108	18259	0	1	25	-100.617	178.076	12.3976	258	45	2	0	36.965	1.01607	0.652918	0.0327869	36.965	1.01607	0.652918	36.965	36.965	36.965	0	51659.1	53	0.0587941	9.45469e+06	1	0.822155	-1	-1	-1	nu-candidate	1	3.4877748	-15.0	308.05835	21.180	7.952	1387192	{"10:7": "-1,-1,-1", "11:4": "-1,-1,-1", "13:17": "-1,-1,-1", "14:6": "-1,-1,-1", "17:1000002": "-1,-1,-1", "19:1000004": "-1,-1,-1", "21:1000005": "-1,-1,-1", "22:1000012": "-1,-1,-1", "23:1000000": "-1,-1,-1", "24:1000009": "-1,-1,-1", "25:8": "0,0,0", "26:1000003": "-1,-1,-1", "27:2": "-1,-1,-1", "28:1000010": "-1,-1,-1", "29:3": "-1,-1,-1", "2:5": "-1,-1,-1", "30:1000006": "-1,-1,-1", "3:9": "-1,-1,-1", "6:0": "-1,-1,-1", "8:1": "-1,-1,-1"}
mcp2k	173340	18259	0	1	7	-66.2145	189.782	46.6604	515	57	2	0	89.6289	1.06161	0.38989	0.222973	89.6289	1.06161	0.38989	89.6289	89.6289	89.6289	89.6289	54859.3	140	0.205006	1.75641e+07	1	6.33404	269.794	0.68822	226.47	nu-candidate	1	0.38510925	-15.0	349.33313	19.536	7.228	1187224	{"10:5": "-1,-1,-1", "11:9": "-1,-1,-1", "12:1000017": "-1,-1,-1", "13:1000016": "-1,-1,-1", "14:1000000": "-1,-1,-1", "16:1000005": "-1,-1,-1", "17:1000004": "-1,-1,-1", "18:6": "-1,-1,-1", "19:1000003": "-1,-1,-1", "20:4": "-1,-1,-1", "2:11": "-1,-1,-1", "3:14": "-1,-1,-1", "5:2": "-1,-1,-1", "6:3": "-1,-1,-1", "7:8": "0,0,0", "8:7": "-1,-1,-1"}
mcp2k	173438	18259	0	1	5	-192.611	-78.1354	177.906	16	7	1	1	0	nan	nan	nan	0	nan	nan	0	0	0	0	nan	0	0.0893233	151517	1	1.30064	-1	-1	-1	nu-candidate	1	-2.2021956	-15.0	108.355545	18.438	6.084	1164284	{"11:1000000": "-1,-1,-1", "12:1000002": "-1,-1,-1", "13:1000005": "-1,-1,-1", "14:2": "-1,-1,-1", "15:1000001": "-1,-1,-1", "2:0": "-1,-1,-1", "4:1": "-1,-1,-1", "5:6": "0,0,1", "6:1000004": "-1,-1,-1", "9:1000003": "-1,-1,-1"}
mcp2k	173620	18259	0	1	11	29.1878	131.931	150.916	853	124	3	0	118.417	1.03986	1.27586	0.189516	106.115	1.03941	1.41049	106.115	106.115	106.115	106.115	78595.9	168	0.0437181	3.58877e+07	1	4.18242	474.493	0.888036	262.631	nu-candidate	1	0.61272734	-15.0	386.63147	10.829	7.666	1188720	{"10:1000002": "-1,-1,-1", "11:1000003": "0,0,1", "12:1000007": "-1,-1,-1", "13:1000010": "-1,-1,-1", "14:1000006": "-1,-1,-1", "1:5": "-1,-1,-1", "5:1000009": "-1,-1,-1", "8:2": "-1,-1,-1", "9:1000005": "-1,-1,-1"}
mcp2k	173643	18259	0	1	3	-105.69	-114.534	391.657	1404	202	1	0	144.318	1.02613	0.670913	0.108787	0	nan	nan	0	0	0	0	49841.4	231	0.162324	2.89153e+07	1	17.5751	860.079	0.704148	342.951	nu-candidate	1	2.9357526	-15.0	573.7186	14.747	7.656	1189364	{"10:1000005": "-1,-1,-1", "12:1000001": "-1,-1,-1", "14:1000002": "-1,-1,-1", "15:4": "-1,-1,-1", "16:3": "-1,-1,-1", "17:1000004": "-1,-1,-1", "3:1": "0,0,0", "5:9": "-1,-1,-1", "7:1000008": "-1,-1,-1", "8:1000000": "-1,-1,-1"}
mcp2k	173671	18259	0	1	7	1.79633	-105.88	105.74	4506	654	4	2	371.715	1.01243	3.44031	0.037279	0	nan	nan	0	0	0	0	51670.9	601	0.361215	1.01278e+08	0	0	900.946	0.0397174	840.908	nu-candidate	1	4.647615	-15.0	969.729	19.697	11.739	1235240	{"10:1000004": "-1,-1,-1", "12:1": "-1,-1,-1", "13:1000001": "-1,-1,-1", "14:7": "-1,-1,-1", "15:2": "-1,-1,-1", "16:1000012": "-1,-1,-1", "17:1000009": "-1,-1,-1", "2:6": "-1,-1,-1", "3:0": "-1,-1,-1", "4:5": "-1,-1,-1", "5:4": "-1,-1,-1", "7:1000000": "0,0,0"}
mcp2k	173912	18259	0	1	2	-181.993	154.253	451.882	362	67	3	1	55.9047	1.01623	0.11304	0.076087	55.9047	1.01623	0.11304	55.9047	0	55.9047	0	53052.9	84	0.111565	1.61367e+07	1	2.67095	4000	1	156.505	nu-candidate	1	2.0368237	-15.0	512.0896	10.878	6.646	1151664	{"10:0": "-1,-1,-1", "11:4": "-1,-1,-1", "2:7": "0,0,0", "6:1000000": "-1,-1,-1", "8:1000001": "-1,-1,-1", "9:5": "-1,-1,-1"}
mcp2k	174164	18259	0	1	16	12.1811	-99.3444	241.57	2937	322	7	1	263.096	1.05085	5.99699	0.194508	263.096	1.05085	5.99699	263.096	263.096	263.096	0	nan	0	0.26369	6.97051e+07	1	38.628	-1	-1	-1	nu-candidate	1	1.9719453	-3.5895584	927.83417	19.696	14.802	1189172	{"11:1000006": "-1,-1,-1", "14:1000000": "-1,-1,-1", "15:1000010": "-1,-1,-1", "16:1000003": "0,0,1", "17:1000005": "-1,-1,-1", "1:2": "-1,-1,-1", "2:8": "-1,-1,-1", "3:0": "-1,-1,-1", "5:7": "-1,-1,-1", "8:1000002": "-1,-1,-1"}
mcp2k	174352	18259	0	1	11	-83.8503	-77.4414	239.765	870	94	3	0	65.7072	1.06481	1.25945	0.275229	65.7072	1.06481	1.25945	65.7072	65.7072	65.7072	65.7072	51265.7	101	0.178932	2.22035e+07	1	71.5544	212.237	0.838967	177.375	nu-candidate	1	2.8201132	-15.0	442.16815	15.558	8.085	1173228	{"10:9": "-1,-1,-1", "11:3": "0,0,1", "12:5": "-1,-1,-1", "13:1000004": "-1,-1,-1", "14:1000005": "-1,-1,-1", "1:6": "-1,-1,-1", "2:4": "-1,-1,-1", "3:1000012": "-1,-1,-1", "5:1000006": "-1,-1,-1", "6:1000011": "-1,-1,-1", "9:1000001": "-1,-1,-1"}
mcp2k	174771	18259	0	1	15	142.451	47.3898	221.33	5196	539	9	0	297.025	1.05505	0.645645	0.219541	297.025	1.05505	0.645645	297.025	297.025	297.025	0	49165.3	468	0.347871	1.00298e+08	1	284.124	676.231	0.313226	668.482	nu-candidate	1	3.3989272	-11.015096	1606.5167	27.861	21.407	1307600	{"10:1000003": "-1,-1,-1", "12:1000007": "-1,-1,-1", "13:1000006": "-1,-1,-1", "14:1000002": "-1,-1,-1", "15:1000000": "0,0,0", "16:0": "-1,-1,-1", "17:1": "-1,-1,-1", "18:1000009": "-1,-1,-1", "19:1000001": "-1,-1,-1", "2:3": "-1,-1,-1", "4:1000013": "-1,-1,-1", "7:1000008": "-1,-1,-1", "8:1000004": "-1,-1,-1"}
mcp2k	174795	18259	0	0																						nan	nan		nan	nan	nan	nan	cosmic-tagged	0				11.147	2.060	453344	{"11:1000002": "-1,-1,-1", "16:1000003": "-1,-1,-1", "17:1000005": "-1,-1,-1", "18:5": "-1,-1,-1", "19:6": "0,1,0", "1:0": "-1,-1,-1", "20:1000001": "-1,-1,-1", "21:1000000": "-1,-1,-1", "22:1000004": "-1,-1,-1", "2:3": "-1,-1,-1", "4:1": "-1,-1,-1", "6:4": "-1,-1,-1", "8:1000015": "-1,-1,-1", "9:1000007": "-1,-1,-1"}
mcp2k	174993	18259	0	1	7	104.404	-157.827	235.889	928	130	3	1	145.826	1.04651	1.17937	0.15358	134.392	1.04576	1.26251	134.392	134.392	134.392	0	54846.8	215	0.0263883	2.89426e+07	0	0	398.622	0.571824	322.363	nu-candidate	1	1.4171338	-15.0	492.77124	14.841	6.817	1145376	{"10:8": "-1,-1,-1", "11:4": "-1,-1,-1", "12:7": "-1,-1,-1", "13:1000010": "-1,-1,-1", "14:1000011": "-1,-1,-1", "15:1000001": "-1,-1,-1", "2:0": "-1,-1,-1", "3:1": "-1,-1,-1", "5:3": "-1,-1,-1", "6:1000002": "-1,-1,-1", "7:1000006": "0,0,1", "8:9": "-1,-1,-1", "9:1000004": "-1,-1,-1"}
mcp2k	175057	18259	0	1	13	128.422	-24.3133	282.142	2619	426	6	1	280.588	1.03474	0.343061	0.157378	232.572	1.04084	0.337949	232.572	0	232.572	0	51255.9	341	0.268756	8.33488e+07	0	0	1487.23	0.7845	533.071	nu-candidate	1	4.430562	-15.0	962.7221	18.127	12.313	1303300	{"10:1000011": "-1,-1,-1", "12:1000003": "-1,-1,-1", "13:1000002": "0,0,0", "14:1000012": "-1,-1,-1", "15:1000007": "-1,-1,-1", "16:1": "-1,-1,-1", "17:3": "-1,-1,-1", "18:1000000": "-1,-1,-1", "1:17": "-1,-1,-1", "3:5": "-1,-1,-1", "5:2": "-1,-1,-1", "7:0": "-1,-1,-1", "9:1000009": "-1,-1,-1"}
mcp2k	175893	18259	0	1	11	164.849	66.6218	386.576	564	78	3	0	29.6294	1.09952	0.232479	0.276922	0	nan	nan	0	0	0	0	nan	0	0.355892	9.46048e+06	1	84.4975	-1	-1	-1	nu-candidate	1	-0.36226305	-15.0	320.85397	12.807	7.293	1190504	{"10:1000005": "-1,-1,-1", "11:1000004": "0,0,1", "14:1000006": "-1,-1,-1", "15:4": "-1,-1,-1", "16:1000008": "-1,-1,-1", "17:12": "-1,-1,-1", "18:1": "-1,-1,-1", "19:3": "-1,-1,-1", "20:1000000": "-1,-1,-1", "2:10": "-1,-1,-1", "4:0": "-1,-1,-1", "7:6": "-1,-1,-1", "9:1000002": "-1,-1,-1"}
mcp2k	175952	18259	0	1	10	-156.675	-32.7799	230.042	4344	490	8	1	372.02	1.06307	6.14697	0.180194	310.396	1.06582	7.28503	310.396	310.396	310.396	310.396	51183.7	508	0.0765766	8.60798e+07	0	0	661.766	0.000415006	695.038	nu-candidate	1	4.0832715	-15.0	1666.2144	29.360	22.511	1189380	{"10:0": "0,0,1", "11:3": "-1,-1,-1", "2:4": "-1,-1,-1", "4:5": "-1,-1,-1", "6:2": "-1,-1,-1", "9:1000001": "-1,-1,-1"}
mcp2k	176502	18259	0	1	109	127.787	-37.0423	118.557	15779	1724	40	2	529.528	1.23149	1.35713	0.247598	456.305	1.23395	1.47672	347.573	264.074	496.194	101.033	42020.5	90	0.389077	1.87167e+08	1	446.932	683.191	0.937314	215.854	nu-candidate	1	1.3903288	-10.023649	4471.16	133.539	124.408	1422892	{"10:1000003": "-1,-1,-1", "12:1000005": "-1,-1,-1", "14:1000006": "-1,-1,-1", "16:1000010": "-1,-1,-1", "17:1": "-1,-1,-1", "18:1000002": "-1,-1,-1", "19:3": "-1,-1,-1", "1:9": "-1,-1,-1", "20:1000000": "0,0,1", "2:0": "-1,-1,-1", "4:2": "-1,-1,-1", "5:8": "-1,-1,-1", "7:1000007": "-1,-1,-1", "9:1000009": "-1,-1,-1"}
mcp2k	176707	18259	0	1	18	-114.431	-112.735	287.325	24	9	1	1	0	nan	nan	nan	0	nan	nan	0	0	0	0	nan	0	0.037011	582881	1	3.77595	-1	-1	-1	nu-candidate	1	-2.1792924	-15.0	19.409508	9.960	5.849	1131184	{"10:4": "-1,-1,-1", "12:1000007": "-1,-1,-1", "13:1000001": "-1,-1,-1", "15:1000000": "-1,-1,-1", "16:3": "-1,-1,-1", "17:7": "-1,-1,-1", "18:6": "0,0,1", "3:5": "-1,-1,-1", "5:2": "-1,-1,-1", "6:13": "-1,-1,-1", "8:1": "-1,-1,-1", "9:8": "-1,-1,-1"}
mcp2k	177366	18259	0	1	12	100.266	-126.838	485.574	630	83	4	0	50.6694	1.04338	0.158817	0.209867	10.7124	1.06128	0.0719883	10.7124	10.7124	10.7124	10.7124	nan	0	0.156624	1.9111e+07	1	43.3729	-1	-1	-1	nu-candidate	1	0.41515633	-15.0	422.6699	12.555	7.134	1238948	{"10:1000000": "-1,-1,-1", "12:1000007": "0,0,0", "14:1000003": "-1,-1,-1", "16:1000001": "-1,-1,-1", "18:1000009": "-1,-1,-1", "19:1000002": "-1,-1,-1", "1:12": "-1,-1,-1", "20:1000005": "-1,-1,-1", "2:9": "-1,-1,-1", "4:0": "-1,-1,-1", "6:3": "-1,-1,-1", "8:7": "-1,-1,-1"}
mcp2k	177536	18259	0	1	85	56.8882	48.1805	172.184	1343	247	2	0	121.536	1.01013	0.122511	0.00991353	0	nan	nan	0	0	0	0	50358.5	154	0.204313	3.25684e+07	1	24.823	940.459	0.0579972	898.918	nu-candidate	1	3.3885489	-15.0	1214.6652	20.698	13.767	1254680	{"10:1000008": "-1,-1,-1", "12:1000005": "-1,-1,-1", "14:1000002": "-1,-1,-1", "16:1000003": "-1,-1,-1", "17:2": "0,0,1", "18:1000001": "-1,-1,-1", "19:1000000": "-1,-1,-1", "1:9": "-1,-1,-1", "2:0": "-1,-1,-1", "4:7": "-1,-1,-1", "6:5": "-1,-1,-1", "8:1": "-1,-1,-1"}
mcp2k	177939	18259	0	0																						nan	nan		nan	nan	nan	nan	cosmic-tagged	0				7.157	1.137	374132	{"10:4": "-1,-1,-1", "11:7": "0,1,0", "12:1000000": "-1,-1,-1", "13:1000001": "-1,-1,-1", "14:5": "-1,-1,-1", "15:1000003": "-1,-1,-1", "1:8": "-1,-1,-1", "4:2": "-1,-1,-1", "6:1000008": "-1,-1,-1", "7:1000007": "-1,-1,-1"}
mcp2k	177961	18259	0	1	11	17.2285	143.642	485.612	552	87	3	0	19.6063	1.03323	0.398992	0.15625	0	nan	nan	0	0	0	0	nan	0	0.03901	1.56289e+07	0	0	-1	-1	-1	nu-candidate	1	0.67166495	-15.0	409.64008	10.788	7.082	1183452	{"10:1000006": "-1,-1,-1", "11:1000005": "0,0,1", "12:1000003": "-1,-1,-1", "13:1000001": "-1,-1,-1", "14:1000004": "-1,-1,-1", "15:10": "-1,-1,-1", "16:0": "-1,-1,-1", "17:9": "-1,-1,-1", "2:5": "-1,-1,-1", "6:3": "-1,-1,-1", "7:16": "-1,-1,-1", "9:1000015": "-1,-1,-1"}
mcp2k	178350	18259	0	1	15	-46.1977	-178.532	359.404	1390	139	1	0	149.757	1.04734	1.11545	0.193548	149.757	1.04734	1.11545	149.757	149.757	149.757	0	48069.1	240	0.0502778	2.4013e+07	0	0	922.236	0.856454	352.598	nu-candidate	1	2.6748526	-15.0	463.229	17.013	7.362	1214632	{"11:1000005": "-1,-1,-1", "13:1000006": "-1,-1,-1", "14:0": "-1,-1,-1", "15:7": "0,0,0", "16:5": "-1,-1,-1", "17:1000009": "-1,-1,-1", "18:1": "-1,-1,-1", "19:3": "-1,-1,-1", "1:12": "-1,-1,-1", "20:1000008": "-1,-1,-1", "4:10": "-1,-1,-1", "7:1000007": "-1,-1,-1"}
mcp2k	178570	18259	0	1	19	-64.8214	-136.83	458.157	1125	148	4	1	93.681	1.03236	0.205041	0.188328	50.3994	1.03277	0.216799	50.3994	50.3994	50.3994	50.3994	50483.2	75	0.0256973	3.20625e+07	1	9.98494	611.122	0.95307	144.675	nu-candidate	1	2.8724992	-15.0	681.9391	17.839	9.537	1188604	{"12:1000003": "-1,-1,-1", "15:1000005": "-1,-1,-1", "16:14": "-1,-1,-1", "17:1000000": "-1,-1,-1", "18:1000001": "-1,-1,-1", "19:8": "0,0,0", "20:0": "-1,-1,-1", "21:3": "-1,-1,-1", "2:4": "-1,-1,-1", "4:5": "-1,-1,-1", "7:1": "-1,-1,-1"}
mcp2k	178841	18259	0	1	12	-183.762	155.119	96.0325	3293	342	3	0	384.958	1.05309	1.03092	0.237877	384.958	1.05309	1.03092	384.958	384.958	384.958	384.958	51096.2	623	0.337441	9.62648e+07	0	0	841.161	0.096566	865.288	nu-candidate	1	3.594742	-15.0	1008.76514	20.794	16.168	1243272	{"10:0": "-1,-1,-1", "11:6": "-1,-1,-1", "12:3": "0,0,1", "13:1": "-1,-1,-1", "1:9": "-1,-1,-1", "2:8": "-1,-1,-1", "4:4": "-1,-1,-1", "5:2": "-1,-1,-1", "6:1000009": "-1,-1,-1", "7:1000000": "-1,-1,-1", "8:1000002": "-1,-1,-1", "9:1000005": "-1,-1,-1"}
mcp2k	178966	18259	0	1	-1	nan	nan	nan	0	0	0	0	0	nan	nan	nan	0	nan	nan	0	0	0	0	nan	0	nan	nan	0	0	-1	-1	-1	cosmic-tagged	1	-1.9416895	-15.0	0.0	12.001	5.037	787404	{"11:1000006": "-1,-1,-1", "12:1000001": "-1,-1,-1", "13:1000004": "-1,-1,-1", "14:0": "-1,-1,-1", "15:1000000": "-1,-1,-1", "16:8": "-1,-1,-1", "17:4": "-1,-1,-1", "18:1": "-1,-1,-1", "19:2": "1,0,0", "6:5": "-1,-1,-1", "9:1000002": "-1,-1,-1"}
mcp2k	179048	18259	0	1	17	164.825	105.276	152.018	2994	377	10	2	331.829	1.03671	0.869632	0.146032	331.829	1.03671	0.869632	331.829	331.829	331.829	80.193	51423.4	395	0.201418	7.30684e+07	0	0	804.512	0.211623	722.764	nu-candidate	1	2.5637262	-12.902088	935.62854	29.100	18.170	1267376	{"12:1000002": "-1,-1,-1", "14:1000004": "-1,-1,-1", "15:1000007": "-1,-1,-1", "16:0": "-1,-1,-1", "17:1000001": "0,0,1", "18:14": "-1,-1,-1", "19:1": "-1,-1,-1", "1:9": "-1,-1,-1", "3:2": "-1,-1,-1", "7:3": "-1,-1,-1", "8:1000014": "-1,-1,-1", "9:1000010": "-1,-1,-1"}
mcp2k	179054	18259	0	1	22	-124.119	5.77125	217.563	2188	381	3	1	187.295	1.03	0.630412	0.0998547	112.103	1.03513	0.453496	112.103	112.103	112.103	112.103	nan	0	0.193031	7.01422e+07	1	14.1967	712.296	0.835845	201.595	nu-candidate	1	0.21562253	-15.0	1123.177	18.798	12.527	1312088	{"10:3": "-1,-1,-1", "12:1000017": "-1,-1,-1", "13:1000004": "-1,-1,-1", "15:1000001": "-1,-1,-1", "17:1000003": "-1,-1,-1", "18:1000006": "-1,-1,-1", "19:1000005": "0,0,0", "1:13": "-1,-1,-1", "20:1000007": "-1,-1,-1", "21:1000002": "-1,-1,-1", "22:1": "0,0,1", "23:4": "-1,-1,-1", "24:1000016": "-1,-1,-1", "2:8": "-1,-1,-1", "4:0": "-1,-1,-1", "6:2": "-1,-1,-1", "7:11": "-1,-1,-1", "8:5": "-1,-1,-1"}
mcp2k	179604	18259	0	1	11	-180.432	164.277	36.8832	4033	439	4	0	454.306	1.07689	3.04461	0.248116	423.245	1.07573	3.24241	423.245	423.245	423.245	423.245	53024	696	0.154836	9.42499e+07	1	3.75851	874.845	0.00225358	942.74	nu-candidate	1	4.5072126	-15.0	1337.5656	30.239	23.846	1206048	{"10:1": "-1,-1,-1", "11:0": "0,0,1", "12:3": "-1,-1,-1", "13:1000000": "-1,-1,-1", "1:6": "-1,-1,-1", "2:4": "-1,-1,-1", "8:1000004": "-1,-1,-1"}
mcp2k	179752	18259	0	1	15	-184.063	-15.1081	44.1086	1254	145	5	0	82.693	1.05178	0.343224	0.198079	63.6292	1.05692	0.420083	63.6292	63.6292	63.6292	63.6292	nan	0	0.131564	3.30938e+07	1	1.92392	-1	-1	-1	nu-candidate	1	1.4706713	-15.0	704.2464	14.738	8.492	1174764	{"10:1000004": "-1,-1,-1", "11:3": "-1,-1,-1", "12:1000001": "-1,-1,-1", "13:1000010": "-1,-1,-1", "14:7": "-1,-1,-1", "15:0": "0,0,0", "1:1": "-1,-1,-1", "5:2": "-1,-1,-1", "7:1000000": "-1,-1,-1", "8:1000003": "-1,-1,-1"}
mcp2k	179765	18259	0	1	4	148.719	29.8352	419.619	1118	188	2	0	108.773	1.03594	0.0776713	0.177608	86.9355	1.04452	0.0698507	86.9355	0	86.9355	0	51046.1	136	0.177504	3.01168e+07	0	0	2161.11	0.950303	221.251	nu-candidate	1	3.1337678	-15.0	519.0987	15.799	8.346	1154676	{"10:1000001": "-1,-1,-1", "2:0": "-1,-1,-1", "4:1000002": "0,0,0", "5:1000006": "-1,-1,-1", "6:1000005": "-1,-1,-1", "7:1": "-1,-1,-1", "8:3": "-1,-1,-1", "9:1000000": "-1,-1,-1"}
mcp2k	179897	18259	0	1	24	13.9398	116.435	217.594	1745	218	4	0	140.022	1.04028	1.21668	0.138548	84.3825	1.05295	1.83331	84.3825	84.3825	84.3825	84.3825	61268.1	132	0.163533	4.62469e+07	1	53.1957	199.447	0.146797	215.982	nu-candidate	1	0.6443078	-15.0	940.18945	15.455	12.598	1227752	{"10:2": "-1,-1,-1", "11:3": "-1,-1,-1", "13:0": "-1,-1,-1", "14:1": "-1,-1,-1", "16:6": "-1,-1,-1", "17:1000008": "-1,-1,-1", "18:1000005": "-1,-1,-1", "1:13": "-1,-1,-1", "20:1000001": "-1,-1,-1", "21:1000009": "-1,-1,-1", "22:9": "-1,-1,-1", "23:1000004": "-1,-1,-1", "24:1000007": "0,0,1", "3:5": "-1,-1,-1", "4:16": "-1,-1,-1", "5:17": "-1,-1,-1", "7:11": "-1,-1,-1", "8:8": "-1,-1,-1"}
mcp2k	179912	18259	0	1	1	-184.976	114.552	346.423	816	99	2	0	90.5685	1.04923	2.47841	0.186667	90.5685	1.04923	2.47841	90.5685	90.5685	90.5685	0	46760.5	142	0.0297587	2.07756e+07	1	8.93987	267.014	0.766368	229.8	nu-candidate	1	2.6114802	-15.0	457.5405	11.086	8.015	1221564	{"11:1000003": "-1,-1,-1", "12:1000004": "-1,-1,-1", "13:5": "-1,-1,-1", "14:4": "-1,-1,-1", "15:0": "-1,-1,-1", "1:7": "0,0,0", "3:2": "-1,-1,-1", "6:1000015": "-1,-1,-1", "9:1000007": "-1,-1,-1"}
mcp2k	180117	18259	0	1	12	-181.378	-25.746	232.058	5450	886	5	0	419.614	1.02705	0.961458	0.047933	13.1627	1.01845	0.0696709	13.1627	0	13.1627	0	49900.5	653	0.322683	1.1343e+08	1	1.91577	955.702	0.0615314	915.811	nu-candidate	1	5.437276	-15.0	1372.908	19.093	14.499	1241660	{"10:1000004": "-1,-1,-1", "11:1000001": "-1,-1,-1", "12:2": "0,0,0", "13:1000003": "-1,-1,-1", "1:11": "-1,-1,-1", "2:0": "-1,-1,-1", "3:12": "-1,-1,-1", "6:1": "-1,-1,-1", "7:9": "-1,-1,-1", "8:1000014": "-1,-1,-1"}
mcp2k	180403	18259	0	1	7	-184.427	41.6039	6.3868	1788	229	7	1	143.264	1.06256	0.616036	0.156838	143.264	1.06256	0.616036	125.788	125.788	143.264	0	54092.3	201	0.0992217	3.43921e+07	0	0	881.147	0.841023	301.461	nu-candidate	1	3.6615345	-13.777053	592.6589	14.016	9.650	1191384	{"11:1000007": "-1,-1,-1", "12:1000005": "-1,-1,-1", "15:1000000": "-1,-1,-1", "16:1000004": "-1,-1,-1", "17:4": "-1,-1,-1", "18:5": "-1,-1,-1", "19:6": "-1,-1,-1", "1:7": "-1,-1,-1", "3:3": "-1,-1,-1", "5:0": "-1,-1,-1", "7:2": "0,0,0", "9:1": "-1,-1,-1"}
mcp2k	180544	18259	0	1	10	-178.711	-26.6832	277.39	687	122	4	0	26.2508	1.01458	0.479933	0	0	nan	nan	0	0	0	0	72323	35	0.0392416	2.01398e+07	1	3.68857	-1	-1	-1	nu-candidate	1	1.3511847	-15.0	483.08444	13.625	6.487	1151548	{"10:0": "0,0,1", "11:1": "-1,-1,-1", "1:9": "-1,-1,-1", "4:2": "-1,-1,-1", "6:1000000": "-1,-1,-1", "8:4": "-1,-1,-1", "9:1000003": "-1,-1,-1"}
mcp2k	180698	18259	0	1	11	-158.643	183.255	0.972154	4300	443	3	0	283.782	1.06406	0.242188	0.234195	266.762	1.06406	0.220784	266.762	266.762	266.762	0	51190.4	426	0.076186	5.35896e+07	0	0	3165.27	0.856623	603.222	nu-candidate	1	-5.213672	-15.0	729.09564	20.869	12.264	1157824	{"10:1000001": "-1,-1,-1", "11:1": "0,0,0", "12:1000010": "-1,-1,-1", "1:7": "-1,-1,-1", "4:1000009": "-1,-1,-1", "5:1000006": "-1,-1,-1", "7:1000003": "-1,-1,-1", "8:1000004": "-1,-1,-1", "9:1000000": "-1,-1,-1"}
mcp2k	181050	18259	0	1	15	-74.0929	153.902	492.495	688	125	1	0	50.4318	1.10775	2.03957	0.144578	0	nan	nan	0	0	0	0	50403.5	75	0.315204	1.40324e+07	1	107.305	40.405	1.33641	143.083	nu-candidate	1	0.29498702	-15.0	475.70868	12.845	7.703	1199720	{"10:1000002": "-1,-1,-1", "11:1000004": "-1,-1,-1", "12:1": "-1,-1,-1", "13:0": "-1,-1,-1", "14:1000001": "-1,-1,-1", "15:6": "0,0,1", "16:4": "-1,-1,-1", "1:5": "-1,-1,-1", "3:8": "-1,-1,-1", "4:3": "-1,-1,-1", "7:1000003": "-1,-1,-1"}
mcp2k	236192	18259	0	1	10	53.3082	-88.829	177.351	1428	241	2	0	106.214	1.012	0.920335	0.0173851	0	nan	nan	0	0	0	0	57119.3	148	0.245711	2.74768e+07	1	2.81162	283.746	0.528091	263.407	nu-candidate	1	-0.24182299	-15.0	379.32385	14.050	7.388	1188760	{"10:1000007": "0,0,1", "11:1": "-1,-1,-1", "1:2": "-1,-1,-1", "3:3": "-1,-1,-1", "5:1000000": "-1,-1,-1", "7:1000004": "-1,-1,-1", "8:1000002": "-1,-1,-1", "9:1000001": "-1,-1,-1"}
mcp2k	236610	18259	0	1	12	156.312	23.3594	478.54	256	33	2	0	44.1008	1.0698	0.338092	0.295956	44.1008	1.0698	0.338092	44.1008	44.1008	44.1008	33.792	43418	47	0.157535	1.3683e+07	0	0	-1	-1	-1	nu-candidate	1	3.3841503	-15.0	343.37537	14.095	6.711	1233664	{"11:1000009": "-1,-1,-1", "12:1000006": "0,0,0", "13:3": "-1,-1,-1", "14:1000004": "-1,-1,-1", "15:1000007": "-1,-1,-1", "16:4": "-1,-1,-1", "17:1000002": "-1,-1,-1", "18:1000003": "-1,-1,-1", "19:2": "-1,-1,-1", "3:6": "-1,-1,-1", "6:1000010": "-1,-1,-1"}
mcp2k	237292	18259	0	1	10	-68.0994	-69.4767	375.587	1104	192	5	0	68.8571	1.01784	0.354601	0.0626284	0	nan	nan	0	0	0	0	71556.2	96	0.237995	2.49538e+07	1	51.5033	-1	-1	-1	nu-candidate	1	1.7191228	-15.0	489.56702	15.948	8.511	1186968	{"10:4": "0,0,1", "11:1000001": "-1,-1,-1", "12:1000007": "-1,-1,-1", "2:2": "-1,-1,-1", "4:1000002": "-1,-1,-1", "6:1000006": "-1,-1,-1", "7:1000004": "-1,-1,-1", "8:0": "-1,-1,-1", "9:1000003": "-1,-1,-1"}
mcp2k	237380	18259	0	0																						nan	nan		nan	nan	nan	nan	cosmic-tagged	0				9.788	1.431	431320	{"-1:1000016": "-1,-1,-1", "10:2": "-1,-1,-1", "11:1000001": "-1,-1,-1", "12:1000011": "-1,-1,-1", "13:1000006": "-1,-1,-1", "14:1000008": "-1,-1,-1", "2:3": "0,1,0", "3:0": "-1,-1,-1", "4:1000017": "-1,-1,-1", "5:1000003": "-1,-1,-1", "6:1000007": "-1,-1,-1", "8:1000002": "-1,-1,-1"}
mcp2k	237446	18259	0	1	12	192.878	-185.443	189.142	418	57	2	0	45.4758	1.02631	0.116363	0.146667	45.4758	1.02631	0.116363	45.4758	0	45.4758	0	57584.3	67	0.0637567	1.40843e+07	0	0	374.777	0.931024	133.818	nu-candidate	1	2.9736397	-15.0	357.98184	13.838	6.434	1227956	{"10:1000005": "-1,-1,-1", "12:1000011": "0,0,0", "14:1000004": "-1,-1,-1", "16:1000003": "-1,-1,-1", "17:1000002": "-1,-1,-1", "18:1000000": "-1,-1,-1", "19:1000009": "-1,-1,-1", "20:1000008": "-1,-1,-1", "21:1000007": "-1,-1,-1", "3:1": "-1,-1,-1", "6:1000010": "-1,-1,-1", "8:1000001": "-1,-1,-1"}
mcp2k	237710	18259	0	1	14	-10.225	-112.201	396.142	533	83	1	0	112.948	1.04984	0.744761	0.234973	112.948	1.04984	0.744761	112.948	112.948	112.948	0	49516.7	175	0.0603605	1.84094e+07	1	2.01955	231.995	0.928571	275.679	nu-candidate	1	2.472786	-15.0	397.69922	16.440	7.129	1254776	{"10:1000008": "-1,-1,-1", "11:1000002": "-1,-1,-1", "12:6": "-1,-1,-1", "13:1": "-1,-1,-1", "14:7": "0,0,0", "15:3": "-1,-1,-1", "16:0": "-1,-1,-1", "17:1000005": "-1,-1,-1", "18:1000000": "-1,-1,-1", "19:1000006": "-1,-1,-1", "1:11": "-1,-1,-1", "2:4": "-1,-1,-1", "7:1000003": "-1,-1,-1"}
mcp2k	237798	18259	0	1	13	-122.586	35.8767	69.2545	2088	295	2	1	252.238	1.03581	4.23358	0.105012	252.238	1.03581	4.23358	252.238	252.238	252.238	0	51898.6	411	0.159769	5.61868e+07	1	3.62947	619.382	0.273594	577.153	cosmic-tagged	1	4.7155895	-15.0	763.36523	17.452	8.970	1180948	{"-1:1000005": "-1,-1,-1", "10:3": "1,0,0", "11:2": "-1,-1,-1", "1:13": "-1,-1,-1", "3:1": "-1,-1,-1", "4:14": "-1,-1,-1", "6:9": "-1,-1,-1", "9:1000003": "-1,-1,-1"}
mcp2k	240372	18259	0	1	16	10.2224	112.004	61.8465	1784	280	6	0	178.656	1.02475	1.69875	0.0861329	11.6405	1.04825	0.136715	11.6405	11.6405	11.6405	0	53758.9	150	0.075786	4.35004e+07	1	0.859392	357.892	0.752082	239.7	nu-candidate	1	1.1653194	-15.0	1020.9657	22.077	8.921	1176704	{"10:1000006": "-1,-1,-1", "12:1000005": "-1,-1,-1", "13:1000003": "-1,-1,-1", "14:1": "-1,-1,-1", "15:0": "-1,-1,-1", "16:1000000": "0,0,1", "17:2": "-1,-1,-1", "1:8": "-1,-1,-1", "3:6": "-1,-1,-1", "7:5": "-1,-1,-1", "8:10": "-1,-1,-1", "9:1000010": "-1,-1,-1"}
mcp2k	240636	18259	0	1	12	-21.8778	0.607435	262.394	2769	403	6	1	276.813	1.01951	0.33179	0.0851093	0	nan	nan	0	0	0	0	49485.1	412	0.129843	6.15674e+07	0	0	862.21	0.420715	601.89	nu-candidate	1	5.2632093	-15.0	868.97186	22.627	12.368	1185100	{"10:1000001": "-1,-1,-1", "11:2": "-1,-1,-1", "12:0": "0,0,0", "13:1000003": "-1,-1,-1", "1:7": "-1,-1,-1", "3:5": "-1,-1,-1", "5:1": "-1,-1,-1", "7:1000006": "-1,-1,-1", "9:1000000": "-1,-1,-1"}
mcp2k	241626	18259	0	1	13	-175.92	95.575	33.8156	1371	166	3	0	145.828	1.05166	1.69506	0.22406	145.828	1.05166	1.69506	145.828	145.828	145.828	11.3424	53508.4	215	0.393172	4.18633e+07	0	0	307.962	0.206604	321.704	nu-candidate	1	2.162235	-15.0	462.87158	16.711	7.371	1268864	{"10:1000008": "-1,-1,-1", "11:1000002": "-1,-1,-1", "12:5": "-1,-1,-1", "13:6": "0,0,1", "14:7": "-1,-1,-1", "2:4": "-1,-1,-1", "4:10": "-1,-1,-1", "5:13": "-1,-1,-1", "7:1000005": "-1,-1,-1", "8:1000004": "-1,-1,-1", "9:1000007": "-1,-1,-1"}
mcp2k	242022	18259	0	1	16	-117.007	-16.0241	192.533	2234	339	1	0	333.875	1.03551	1.60008	0.14955	333.875	1.03551	1.60008	333.875	0	333.875	0	49652.6	547	0.326624	8.56677e+07	1	3.22668	1561.56	0.878018	753.777	nu-candidate	1	3.3604357	-15.0	880.4434	21.454	9.847	1215560	{"10:1000000": "-1,-1,-1", "11:1000002": "-1,-1,-1", "12:5": "-1,-1,-1", "13:1000003": "-1,-1,-1", "14:1000001": "-1,-1,-1", "15:4": "-1,-1,-1", "16:3": "0,0,0", "17:2": "-1,-1,-1", "1:11": "-1,-1,-1", "4:1": "-1,-1,-1", "7:1000006": "-1,-1,-1"}
mcp2k	242550	18259	0	1	14	-77.9629	115.022	165.471	5321	566	6	0	461.638	1.04358	0.230564	0.181303	450.34	1.04442	0.235315	450.34	351.922	450.34	0	51207.4	577	0.152331	1.09136e+08	1	5.08333	4000	1	794.273	nu-candidate	1	5.2137537	-15.0	1462.8524	27.577	17.612	1225596	{"10:1000000": "-1,-1,-1", "11:1000003": "-1,-1,-1", "12:6": "-1,-1,-1", "13:1000004": "-1,-1,-1", "14:0": "0,0,0", "1:8": "-1,-1,-1", "2:7": "-1,-1,-1", "4:3": "-1,-1,-1", "6:1": "-1,-1,-1", "8:1000001": "-1,-1,-1"}
mcp2k	242770	18259	0	1	2	57.4906	-157.268	371.153	568	88	3	1	33.6146	1.10199	0.240036	0.173338	0	nan	nan	0	0	0	0	nan	0	0.539085	2.73924e+07	1	49.5366	-1	-1	-1	nu-candidate	1	0.40061283	-15.0	500.95294	19.236	7.133	1285840	{"10:1000003": "-1,-1,-1", "11:1000007": "-1,-1,-1", "12:1000005": "-1,-1,-1", "13:1000001": "-1,-1,-1", "14:1000002": "-1,-1,-1", "15:1": "-1,-1,-1", "16:3": "-1,-1,-1", "17:1000004": "-1,-1,-1", "2:1000008": "0,0,0", "6:1000009": "-1,-1,-1", "7:1000013": "-1,-1,-1", "8:1000000": "-1,-1,-1", "9:0": "-1,-1,-1"}
mcp2k	242814	18259	0	1	10	197.081	-14.8236	438.355	1391	192	6	0	89.2307	2.09392	0.496399	0.236478	76.1714	2.28006	0.557641	76.1714	62.2854	76.1714	33.822	22577.6	38	0.219582	2.24858e+07	1	26.7208	-1	-1	-1	nu-candidate	1	1.1021818	-15.0	629.797	19.226	8.135	1274340	{"10:1000004": "0,0,0", "12:1000012": "-1,-1,-1", "14:5": "-1,-1,-1", "15:1000000": "-1,-1,-1", "16:1000002": "-1,-1,-1", "17:1000007": "-1,-1,-1", "18:3": "-1,-1,-1", "19:6": "-1,-1,-1", "2:8": "-1,-1,-1", "4:2": "-1,-1,-1", "7:10": "-1,-1,-1", "8:1000015": "-1,-1,-1"}
mcp2k	243628	18259	0	1	15	-100.897	-65.5636	273.752	1363	226	4	1	195.65	1.03683	2.50808	0.111327	184.325	1.03787	2.65796	184.325	93.868	184.325	93.868	58528.5	147	0.255937	7.10401e+07	1	35.7283	200.962	0.114094	236.686	nu-candidate	1	2.6059895	-15.0	1224.2692	21.889	9.395	1189180	{"11:1000004": "-1,-1,-1", "12:1000005": "-1,-1,-1", "13:6": "-1,-1,-1", "14:14": "-1,-1,-1", "15:3": "0,0,1", "16:4": "-1,-1,-1", "17:1000015": "-1,-1,-1", "2:11": "-1,-1,-1", "4:5": "-1,-1,-1", "5:2": "-1,-1,-1", "6:7": "-1,-1,-1", "7:1000008": "-1,-1,-1", "8:1000010": "-1,-1,-1", "9:1000002": "-1,-1,-1"}
mcp2k	280159	18255	0	1	13	-177.139	159.274	355.712	4304	537	9	1	279.931	1.07592	0.284297	0.202759	177.955	1.08194	0.248797	177.955	161.997	177.955	0	51272.4	252	0.207049	1.00775e+08	1	470.941	968.021	0.872901	370.903	nu-candidate	1	3.9056733	-7.894221	2198.695	32.441	21.969	1250200	{"10:8": "-1,-1,-1", "11:4": "-1,-1,-1", "12:6": "-1,-1,-1", "13:0": "0,0,0", "5:1": "-1,-1,-1", "7:1000000": "-1,-1,-1", "8:1000005": "-1,-1,-1", "9:2": "-1,-1,-1"}
mcp2k	280351	18255	0	1	10	126.747	-27.7758	481.389	394	57	2	0	35.4769	1.01846	0.10017	0.0700876	0	nan	nan	0	0	0	0	53495.7	31	0.112441	1.2165e+07	0	0	-1	-1	-1	nu-candidate	1	3.1863985	-15.0	323.3154	14.138	6.105	1141100	{"10:1000003": "0,0,0", "11:1000000": "-1,-1,-1", "12:3": "-1,-1,-1", "13:0": "-1,-1,-1", "14:8": "-1,-1,-1", "2:1": "-1,-1,-1", "4:7": "-1,-1,-1", "6:1000011": "-1,-1,-1", "8:1000001": "-1,-1,-1", "9:1000004": "-1,-1,-1"}
mcp2k	280819	18255	0	1	14	-31.9635	-86.0981	30.13	29	11	1	1	0	nan	nan	nan	0	nan	nan	0	0	0	0	nan	0	0	848576	1	1.90634	-1	-1	-1	nu-candidate	1	-1.7260637	-15.0	28.323128	15.050	5.506	1175104	{"10:1000005": "-1,-1,-1", "12:2": "-1,-1,-1", "13:0": "-1,-1,-1", "14:8": "0,0,1", "15:1000003": "-1,-1,-1", "16:1000002": "-1,-1,-1", "17:1": "-1,-1,-1", "18:1000001": "-1,-1,-1", "4:7": "-1,-1,-1", "5:3": "-1,-1,-1", "7:1000008": "-1,-1,-1"}
mcp2k	281567	18255	0	1	95	-72.5017	-99.2231	80.0908	2304	222	9	3	19.5218	1.28827	0.196592	0.354839	19.5218	1.28827	0.196592	19.5218	19.5218	19.5218	19.5218	nan	0	0.331074	2.29361e+07	1	812.779	-1	-1	-1	nu-candidate	1	-0.07032298	-5.176587	1642.1309	30.733	21.327	1243700	{"10:1000000": "-1,-1,-1", "11:3": "-1,-1,-1", "1:9": "-1,-1,-1", "3:4": "-1,-1,-1", "4:0": "-1,-1,-1", "6:6": "-1,-1,-1", "8:1000003": "-1,-1,-1", "9:1": "0,0,1"}
mcp2k	281985	18255	0	1	17	47.261	76.1617	471.734	671	82	2	0	82.6786	1.05961	0.84214	0.228174	82.6786	1.05961	0.84214	82.6786	82.6786	82.6786	30.0019	56419.4	79	0.304279	2.51649e+07	1	20.8899	249.819	0.882354	147.876	nu-candidate	1	2.097769	-15.0	525.3965	18.149	8.287	1264388	{"10:1": "-1,-1,-1", "14:1000000": "-1,-1,-1", "15:1000004": "-1,-1,-1", "17:1000008": "0,0,0", "18:1000001": "-1,-1,-1", "19:6": "-1,-1,-1", "20:8": "-1,-1,-1", "21:1000007": "-1,-1,-1", "2:7": "-1,-1,-1", "4:4": "-1,-1,-1", "5:5": "-1,-1,-1", "8:0": "-1,-1,-1"}
mcp2k	282491	18255	0	1	18	-142.157	31.843	161.321	906	150	2	1	120.881	1.02851	1.34096	0.16	0	nan	nan	0	0	0	0	57518.9	192	0.134364	2.95219e+07	1	1.91452	297.637	0.294758	294.336	nu-candidate	1	3.2460356	-15.0	431.0639	15.595	7.664	1140940	{"10:1000002": "-1,-1,-1", "13:1": "-1,-1,-1", "14:1000003": "-1,-1,-1", "15:6": "-1,-1,-1", "16:1000001": "-1,-1,-1", "17:4": "-1,-1,-1", "18:3": "0,0,1", "19:1000000": "-1,-1,-1", "2:9": "-1,-1,-1", "7:1000011": "-1,-1,-1"}
mcp2k	282837	18255	0	1	2	-92.1954	-53.4038	156.789	2245	360	2	0	158.727	1.01871	1.15644	0.0228264	0	nan	nan	0	0	0	0	53320.1	220	0.400338	4.7033e+07	0	0	356.68	0.519966	329.047	nu-candidate	1	3.670935	-4.261842	540.375	17.785	8.581	1208900	{"10:1000016": "-1,-1,-1", "11:1000002": "-1,-1,-1", "14:1000000": "-1,-1,-1", "15:1000001": "-1,-1,-1", "16:1000013": "-1,-1,-1", "17:2": "-1,-1,-1", "18:1000003": "-1,-1,-1", "19:0": "-1,-1,-1", "20:5": "-1,-1,-1", "21:6": "-1,-1,-1", "2:4": "0,0,1", "3:3": "-1,-1,-1", "5:9": "-1,-1,-1", "6:12": "-1,-1,-1", "8:7": "-1,-1,-1"}
mcp2k	283035	18255	0	1	9	112.366	-144.863	444.83	8	5	1	1	0	nan	nan	nan	0	nan	nan	0	0	0	0	nan	0	0.0883325	98616	1	0.189962	-1	-1	-1	nu-candidate	1	-2.5171282	-15.0	108.451805	13.900	6.713	1236944	{"11:1000007": "-1,-1,-1", "12:0": "-1,-1,-1", "13:1000000": "-1,-1,-1", "14:1000001": "-1,-1,-1", "15:1000002": "-1,-1,-1", "16:1": "-1,-1,-1", "17:4": "-1,-1,-1", "3:1000011": "-1,-1,-1", "5:1000006": "-1,-1,-1", "6:1000005": "-1,-1,-1", "8:1000003": "-1,-1,-1", "9:1000012": "0,0,1"}
mcp2k	283299	18255	0	1	11	-21.1051	18.8791	223.781	4061	453	7	0	291.306	1.06973	0.282458	0.221678	291.306	1.06973	0.282458	291.306	226.714	291.306	0	52364.5	426	0.266679	8.50591e+07	1	12.5937	3107.06	0.96639	256.356	nu-candidate	1	2.7461286	-15.0	594.8758	22.343	17.604	1245464	{"10:1000005": "-1,-1,-1", "11:1000009": "0,0,0", "12:3": "-1,-1,-1", "13:1000002": "-1,-1,-1", "14:1000012": "-1,-1,-1", "15:2": "-1,-1,-1", "16:1000007": "-1,-1,-1", "3:1000011": "-1,-1,-1", "4:1000006": "-1,-1,-1", "5:1000004": "-1,-1,-1", "7:1000001": "-1,-1,-1"}
mcp2k	283568	18255	0	1	18	-141.42	119.675	225.005	1486	260	4	0	194.207	1.03972	0.486417	0.121582	99.6361	1.06123	0.853455	99.6361	99.6361	99.6361	99.6361	46826.4	95	0.117385	5.72661e+07	1	24.7325	205.906	0.780026	170.616	nu-candidate	1	1.9856399	-15.0	1187.478	16.070	9.934	1237356	{"13:1000002": "-1,-1,-1", "14:9": "-1,-1,-1", "15:10": "-1,-1,-1", "16:1000006": "-1,-1,-1", "17:7": "-1,-1,-1", "18:0": "0,0,0", "19:2": "-1,-1,-1", "1:13": "-1,-1,-1", "20:5": "-1,-1,-1", "2:11": "-1,-1,-1", "5:4": "-1,-1,-1", "7:3": "-1,-1,-1"}
mcp2k	283833	18255	0	1	11	-57.5443	-157.845	1.36605	1663	185	3	0	461.263	1.0676	0.330766	0.229496	461.263	1.0676	0.330766	461.263	461.263	461.263	461.263	50404.8	751	0.0846776	8.54091e+07	1	2.73677	1362.28	0.350946	970.134	nu-candidate	1	-3.9534285	-15.0	259.64127	26.402	17.398	1362680	{"10:1000006": "-1,-1,-1", "11:2": "0,0,0", "12:5": "-1,-1,-1", "1:10": "-1,-1,-1", "3:8": "-1,-1,-1", "4:1000000": "-1,-1,-1", "5:1000003": "-1,-1,-1", "6:1000012": "-1,-1,-1", "8:1": "-1,-1,-1", "9:1000001": "-1,-1,-1"}
mcp2k	283849	18255	0	1	7	47.2397	-15.9099	398.442	1482	153	4	0	162.758	1.08261	0.44635	0.256276	131.006	1.09799	0.508397	116.777	116.777	131.006	131.006	47997.7	186	0.258357	4.96045e+07	0	0	740.7	0.871882	298.54	nu-candidate	1	3.9735634	-15.0	643.4031	19.839	11.406	1192872	{"10:0": "-1,-1,-1", "11:1000000": "-1,-1,-1", "4:1000006": "-1,-1,-1", "6:1000003": "-1,-1,-1", "7:1000002": "0,0,0", "8:1": "-1,-1,-1", "9:1000001": "-1,-1,-1"}
mcp2k	284047	18255	0	1	5	141.236	-65.1826	426.616	149	20	2	0	15.2749	1.06274	0.207029	0.333333	15.2749	1.06274	0.207029	15.2749	15.2749	15.2749	15.2749	nan	0	0.0278001	9.6158e+06	0	0	-1	-1	-1	nu-candidate	1	-3.0447743	-15.0	184.65468	11.437	6.478	1162744	{"2:2": "-1,-1,-1", "3:1000007": "-1,-1,-1", "4:1000004": "-1,-1,-1", "5:1000003": "0,0,1", "6:1000002": "-1,-1,-1", "7:1": "-1,-1,-1", "8:3": "-1,-1,-1", "9:1000006": "-1,-1,-1"}
mcp2k	284866	18255	0	1	16	108.134	3.95051	180.088	3217	445	4	0	363.147	1.05114	1.25731	0.195991	10.1759	1.03596	0.0771213	10.1759	10.1759	10.1759	10.1759	50075.9	570	0.517914	1.34892e+08	0	0	1131.39	0.520458	785.993	nu-candidate	1	4.7331767	-15.0	1053.2128	17.752	12.357	1338532	{"11:2": "-1,-1,-1", "12:7": "-1,-1,-1", "13:1000019": "-1,-1,-1", "14:1000015": "-1,-1,-1", "16:1000000": "0,0,0", "17:1000007": "-1,-1,-1", "19:8": "-1,-1,-1", "20:1000001": "-1,-1,-1", "21:1000003": "-1,-1,-1", "22:1000008": "-1,-1,-1", "23:16": "-1,-1,-1", "24:3": "-1,-1,-1", "25:1000004": "-1,-1,-1", "2:5": "-1,-1,-1", "5:10": "0,1,0", "7:1": "-1,-1,-1", "9:6": "-1,-1,-1"}
mcp2k	285350	18255	0	1	18	120.838	84.8319	318.681	876	143	2	0	89.6186	1.02563	0.690992	0.0744151	0	nan	nan	0	0	0	0	60173.7	114	0.249397	3.11289e+07	1	1.12009	178.494	0.314008	194.769	nu-candidate	1	3.0416622	-15.0	464.53024	12.311	6.573	1171996	{"-1:9": "-1,-1,-1", "10:6": "-1,-1,-1", "11:7": "-1,-1,-1", "12:8": "-1,-1,-1", "13:1000013": "-1,-1,-1", "15:1000005": "-1,-1,-1", "16:1000001": "-1,-1,-1", "18:1000004": "0,0,1", "1:12": "-1,-1,-1", "20:1000000": "-1,-1,-1", "21:1000002": "-1,-1,-1", "22:1000003": "-1,-1,-1", "23:0": "-1,-1,-1", "2:15": "-1,-1,-1", "4:2": "-1,-1,-1", "6:4": "-1,-1,-1", "8:3": "-1,-1,-1"}
mcp2k	285680	18255	0	1	39	-21.4241	138.354	78.2829	583	55	5	0	10.0829	1.02549	0.144666	0.1875	10.0829	1.02549	0.144666	10.0829	10.0829	10.0829	10.0829	nan	0	0.0822329	1.58347e+07	0	0	665.157	0.928043	220.974	nu-candidate	1	1.4588567	-15.0	969.2193	12.887	7.688	1191944	{"10:8": "-1,-1,-1", "11:1": "-1,-1,-1", "12:0": "-1,-1,-1", "13:1000007": "0,0,0", "2:3": "-1,-1,-1", "3:6": "-1,-1,-1", "5:1000013": "-1,-1,-1", "7:1000010": "-1,-1,-1", "8:1000002": "-1,-1,-1", "9:1000000": "-1,-1,-1"}
mcp2k	286296	18255	0	1	64	-160.426	-95.5609	16.1798	15	7	1	1	0	nan	nan	nan	0	nan	nan	0	0	0	0	nan	0	0.0514684	231948	1	19.483	-1	-1	-1	cosmic-tagged	1	-0.9200296	-15.0	172.12831	15.355	6.907	1156896	{"10:10": "-1,-1,-1", "15:1000000": "-1,-1,-1", "16:1000003": "-1,-1,-1", "17:1000001": "-1,-1,-1", "18:0": "1,0,0", "19:2": "-1,-1,-1", "1:13": "-1,-1,-1", "20:1000010": "-1,-1,-1", "2:8": "-1,-1,-1", "4:4": "-1,-1,-1", "5:7": "-1,-1,-1", "7:5": "-1,-1,-1", "9:3": "-1,-1,-1"}
mcp2k	287770	18255	0	1	20	23.8505	89.4139	177.499	1663	360	2	0	173.103	1.02466	2.62016	0.0350702	49.2301	1.02546	0.750555	49.2301	0	49.2301	0	57021.3	197	0.205169	5.17307e+07	1	0.892188	281.291	0.0445606	300.646	nu-candidate	1	4.673715	-15.0	715.2552	15.432	7.797	1229864	{"11:1000002": "-1,-1,-1", "15:1000006": "-1,-1,-1", "16:1000008": "-1,-1,-1", "17:8": "-1,-1,-1", "18:1000003": "-1,-1,-1", "19:1": "-1,-1,-1", "1:13": "-1,-1,-1", "20:1000004": "0,0,1", "21:3": "-1,-1,-1", "22:1000007": "-1,-1,-1", "4:11": "-1,-1,-1", "6:4": "-1,-1,-1", "8:1000013": "-1,-1,-1", "9:1000014": "-1,-1,-1"}
mcp2k	289464	18255	0	1	11	72.0271	-145.828	140.009	2921	409	3	0	350.402	1.04645	2.07837	0.152958	294.854	1.05075	2.41945	294.854	294.854	294.854	0	49758.5	483	0.184729	9.10882e+07	1	0.420326	610.841	6.09653e-07	669.556	nu-candidate	1	5.2283425	-15.0	1214.654	23.183	11.753	1195108	{"11:1000002": "0,0,1", "13:0": "-1,-1,-1", "14:1000001": "-1,-1,-1", "15:4": "-1,-1,-1", "16:3": "-1,-1,-1", "17:1000003": "-1,-1,-1", "18:1000004": "-1,-1,-1", "2:5": "-1,-1,-1", "4:7": "-1,-1,-1", "6:13": "-1,-1,-1", "8:1000012": "-1,-1,-1"}
mcp2k	289862	18255	0	1	5	-196.414	-69.5515	20.0763	221	34	1	0	11.5289	1.09326	0.602774	0.222222	11.5289	1.09326	0.602774	11.5289	11.5289	11.5289	0	nan	0	0.392956	3.42624e+06	0	0	-1	-1	-1	nu-candidate	1	-2.4620428	-15.0	52.11574	19.166	5.792	1160512	{"11:1000002": "-1,-1,-1", "13:1000001": "-1,-1,-1", "14:1000005": "-1,-1,-1", "15:1000000": "-1,-1,-1", "16:1": "-1,-1,-1", "1:4": "-1,-1,-1", "2:8": "-1,-1,-1", "4:6": "-1,-1,-1", "5:5": "0,0,1", "7:1000008": "-1,-1,-1", "8:1000006": "-1,-1,-1"}
mcp2k	290542	18255	0	1	6	-50.4531	105.664	282.458	1490	142	3	1	177.985	1.05925	0.894039	0.221088	177.985	1.05925	0.894039	177.985	177.985	177.985	177.985	64874.6	278	0.0810468	4.70976e+07	1	0.233085	431.588	0.779195	245.588	nu-candidate	1	2.3942397	-15.0	746.34576	20.358	7.548	1222252	{"10:1000000": "-1,-1,-1", "12:1000003": "-1,-1,-1", "14:3": "-1,-1,-1", "15:7": "-1,-1,-1", "16:1000005": "-1,-1,-1", "17:4": "-1,-1,-1", "18:1000006": "-1,-1,-1", "19:1000002": "-1,-1,-1", "3:2": "-1,-1,-1", "5:1": "-1,-1,-1", "6:6": "0,0,1", "9:0": "-1,-1,-1"}
mcp2k	290588	18255	0	1	14	-47.1582	136.2	198.751	1498	195	6	1	89.0661	1.04038	0.206146	0.119524	16.9227	1.08281	0.146889	16.9227	16.9227	16.9227	16.9227	61048.2	94	0.0614012	3.01415e+07	1	8.97502	179.521	0.731693	169	nu-candidate	1	3.2625859	-15.0	608.7003	18.960	8.341	1192272	{"10:7": "-1,-1,-1", "11:1000002": "-1,-1,-1", "12:1000004": "-1,-1,-1", "13:0": "-1,-1,-1", "14:1": "0,0,1", "15:1000005": "-1,-1,-1", "1:10": "-1,-1,-1", "6:1000000": "-1,-1,-1", "8:1000001": "-1,-1,-1"}
mcp2k	292436	18255	0	1	11	90.8305	103.505	299.27	1460	199	2	0	238.305	1.04348	3.85314	0.118687	238.305	1.04348	3.85314	238.305	238.305	238.305	238.305	50657.1	388	0.0246588	4.83376e+07	1	37.5888	544.224	0.14122	545.504	nu-candidate	1	4.5139966	-15.0	950.50244	20.086	10.980	1207808	{"10:1000003": "-1,-1,-1", "11:1000004": "0,0,0", "12:1": "-1,-1,-1", "13:3": "-1,-1,-1", "14:1000011": "-1,-1,-1", "2:1000006": "-1,-1,-1", "4:1000000": "-1,-1,-1", "5:1000007": "-1,-1,-1", "7:1000010": "-1,-1,-1", "8:2": "-1,-1,-1", "9:1000005": "-1,-1,-1"}
mcp2k	292524	18255	0	1	9	175.023	84.4888	154.938	2888	381	15	3	231.07	1.04786	0.186629	0.193997	210.312	1.05175	0.198234	194.659	104.36	210.312	0	55479.4	97	0.497937	7.88378e+07	1	116.255	696.119	0.911819	184.101	nu-candidate	1	0.99080855	-7.85421	1073.114	29.569	17.523	1277100	{"11:1000004": "-1,-1,-1", "12:1000005": "-1,-1,-1", "13:1": "-1,-1,-1", "14:6": "-1,-1,-1", "15:7": "-1,-1,-1", "16:3": "-1,-1,-1", "17:2": "-1,-1,-1", "18:4": "-1,-1,-1", "2:9": "-1,-1,-1", "7:0": "-1,-1,-1", "9:1000000": "0,0,0"}
mcp2k	292568	18255	0	1	9	34.662	-97.0766	285.128	3532	527	7	1	269.412	1.04255	4.05783	0.0539815	22.9614	1.04763	0.214658	22.9614	22.9614	22.9614	22.9614	52510.4	402	0.0720424	6.5051e+07	1	1.99254	526.696	0.00198458	563.009	nu-candidate	1	4.055952	-15.0	995.00525	18.899	13.500	1148688	{"10:4": "-1,-1,-1", "11:3": "-1,-1,-1", "12:1000000": "-1,-1,-1", "1:5": "-1,-1,-1", "3:2": "-1,-1,-1", "4:1": "-1,-1,-1", "5:1000006": "-1,-1,-1", "7:1000004": "-1,-1,-1", "9:1000001": "0,0,1"}
mcp2k	292722	18255	0	1	10	8.17795	63.1037	50.8949	1255	191	3	0	128.771	1.04152	2.52472	0.179875	15.9085	1.01265	0.16595	15.9085	0	15.9085	0	57106.7	154	0.058006	3.20248e+07	1	1.92309	251.008	0.368152	245.794	nu-candidate	1	3.5401032	-15.0	581.5415	14.047	8.403	1200456	{"10:1000007": "0,0,1", "11:1": "-1,-1,-1", "12:1000001": "-1,-1,-1", "13:1000002": "-1,-1,-1", "1:3": "-1,-1,-1", "4:1000012": "-1,-1,-1", "5:1000003": "-1,-1,-1", "7:0": "-1,-1,-1", "8:1000004": "-1,-1,-1", "9:1000008": "-1,-1,-1"}
mcp2k	292788	18255	0	1	13	152.984	93.6492	127.572	1499	167	3	0	164.148	1.05811	0.968264	0.213253	164.148	1.05811	0.968264	164.148	164.148	164.148	68.7161	48051.9	150	0.0138081	4.35588e+07	1	2.76258	210.397	0.358759	238.871	nu-candidate	1	4.134241	-15.0	741.11334	17.978	9.420	1137532	{"10:1000000": "-1,-1,-1", "11:1000003": "-1,-1,-1", "12:4": "-1,-1,-1", "13:1000001": "0,0,1", "14:3": "-1,-1,-1", "1:11": "-1,-1,-1", "3:1": "-1,-1,-1", "7:0": "-1,-1,-1", "8:1000004": "-1,-1,-1"}
mcp2k	293536	18255	0	1	17	-8.59056	162.982	93.5687	543	76	4	0	27.4294	1.04465	0.465424	0.177778	0	nan	nan	0	0	0	0	nan	0	0.108467	1.26032e+07	1	36.5141	-1	-1	-1	nu-candidate	1	0.37633213	-2.8692808	411.8994	16.715	7.685	1258092	{"12:1000002": "-1,-1,-1", "13:1000007": "-1,-1,-1", "15:1000006": "-1,-1,-1", "16:1000008": "-1,-1,-1", "17:6": "0,0,0", "18:2": "-1,-1,-1", "19:1000010": "-1,-1,-1", "20:1000005": "-1,-1,-1", "21:1000013": "-1,-1,-1", "22:1000001": "-1,-1,-1", "2:1": "-1,-1,-1", "5:3": "-1,-1,-1", "6:0": "-1,-1,-1", "8:1000004": "-1,-1,-1", "9:1000014": "-1,-1,-1"}
mcp2k	294174	18255	0	1	16	122.762	-15.5187	159.524	4740	793	8	0	380.895	1.05812	0.68288	0.0888183	105.765	1.12318	0.591289	95.4581	68.0711	105.765	0	51183.9	469	0.28467	1.04973e+08	1	78.0921	547.162	0.00530727	562.516	nu-candidate	1	3.766289	-15.0	1440.6958	30.960	23.804	1280288	{"10:1000008": "-1,-1,-1", "12:1000000": "-1,-1,-1", "14:0": "-1,-1,-1", "15:1000004": "-1,-1,-1", "16:1000001": "0,0,1", "17:5": "-1,-1,-1", "18:2": "-1,-1,-1", "19:1000009": "-1,-1,-1", "20:1000014": "-1,-1,-1", "2:1": "-1,-1,-1", "4:6": "-1,-1,-1"}
mcp2k	315955	18255	0	1	17	-145.951	149.739	321.848	1308	185	2	0	89.8646	1.02537	0.435489	0.0678976	53.694	1.02669	0.249371	53.694	0	53.694	0	68298.1	51	0.0735247	3.07663e+07	1	4.69598	-1	-1	-1	nu-candidate	1	1.6423892	-15.0	542.85236	11.374	7.249	1195664	{"11:1000001": "-1,-1,-1", "13:1000000": "-1,-1,-1", "14:2": "-1,-1,-1", "15:9": "-1,-1,-1", "16:0": "-1,-1,-1", "17:8": "0,0,1", "2:3": "-1,-1,-1", "3:7": "-1,-1,-1", "4:5": "-1,-1,-1", "6:6": "-1,-1,-1", "7:1000012": "-1,-1,-1", "9:1000002": "-1,-1,-1"}
mcp2k	316021	18255	0	1	5	-61.6726	-41.0718	5.88932	1714	193	7	1	171.714	1.07873	0.712514	0.222397	143.677	1.07456	0.751381	120.419	120.419	143.677	120.419	54678.1	183	0.3399	7.11287e+07	0	0	259.034	0.343493	290.029	nu-candidate	1	-0.9492137	-15.0	822.15234	15.410	11.993	1180220	{"10:1": "-1,-1,-1", "11:1000004": "-1,-1,-1", "12:0": "-1,-1,-1", "13:5": "-1,-1,-1", "14:1000016": "-1,-1,-1", "1:13": "-1,-1,-1", "4:10": "-1,-1,-1", "5:4": "0,0,0", "6:1000008": "-1,-1,-1", "7:1000012": "-1,-1,-1", "9:1000011": "-1,-1,-1"}
mcp2k	316197	18255	0	1	17	-31.0537	195.279	470.624	291	40	1	0	35.3298	1.06011	0.319013	0.241379	35.3298	1.06011	0.319013	35.3298	0	35.3298	0	71867.7	50	0.00159511	8.67965e+06	0	0	-1	-1	-1	nu-candidate	1	0.36545366	-15.0	217.03755	11.460	6.931	1161676	{"10:1000001": "-1,-1,-1", "13:1000003": "-1,-1,-1", "14:17": "-1,-1,-1", "15:1000007": "-1,-1,-1", "16:0": "-1,-1,-1", "17:9": "0,0,1", "18:3": "-1,-1,-1", "19:8": "-1,-1,-1", "20:5": "-1,-1,-1", "21:1000004": "-1,-1,-1", "3:1": "-1,-1,-1", "5:2": "-1,-1,-1", "7:1000000": "-1,-1,-1", "8:1000009": "-1,-1,-1"}
mcp2k	317341	18255	0	1	-1	nan	nan	nan	0	0	0	0	0	nan	nan	nan	0	nan	nan	0	0	0	0	nan	0	nan	nan	0	0	-1	-1	-1	cosmic-tagged	1	-1.9416895	-15.0	0.0	14.216	6.939	857180	{"12:1000001": "-1,-1,-1", "13:2": "-1,-1,-1", "14:1000004": "-1,-1,-1", "15:1000010": "-1,-1,-1", "16:1000002": "-1,-1,-1", "17:3": "-1,-1,-1", "18:1000000": "-1,-1,-1", "19:1000011": "-1,-1,-1", "1:10": "-1,-1,-1", "20:1000007": "0,1,0", "2:6": "-1,-1,-1", "3:1": "-1,-1,-1", "6:1000015": "-1,-1,-1", "7:1000006": "-1,-1,-1", "8:1000016": "-1,-1,-1"}
mcp2k	317407	18255	0	1	12	183.923	-186.752	67.402	2147	326	4	1	393.927	1.04697	2.24956	0.177676	393.927	1.04697	2.24956	380.275	363.827	393.927	0	50626.7	597	0.0869294	8.02852e+07	1	16.725	880.099	0.269369	814.932	nu-candidate	1	3.8006697	-15.0	1187.9308	17.681	11.574	1203288	{"10:1000008": "-1,-1,-1", "11:8": "-1,-1,-1", "12:1000002": "0,0,0", "13:4": "-1,-1,-1", "14:0": "-1,-1,-1", "15:1000009": "-1,-1,-1", "1:9": "-1,-1,-1", "2:10": "-1,-1,-1", "4:1": "-1,-1,-1", "5:6": "-1,-1,-1", "7:3": "-1,-1,-1", "8:5": "-1,-1,-1", "9:1000006": "-1,-1,-1"}
mcp2k	317539	18255	0	1	19	-10.2397	-174.581	292.79	1471	144	2	0	194.396	1.0827	2.85309	0.254677	194.396	1.0827	2.85309	177.374	177.374	194.396	194.396	51575.8	287	0.149994	4.08142e+07	1	75.5866	567.883	0.725422	408.037	nu-candidate	1	2.8661237	-12.69048	654.4663	14.666	8.833	1220076	{"11:1000004": "-1,-1,-1", "14:1000001": "-1,-1,-1", "16:3": "-1,-1,-1", "17:4": "-1,-1,-1", "18:6": "-1,-1,-1", "19:2": "0,0,1", "1:12": "-1,-1,-1", "20:5": "-1,-1,-1", "21:1000000": "-1,-1,-1", "4:0": "-1,-1,-1", "6:1": "-1,-1,-1"}
mcp2k	318021	18255	0	1	11	-63.4804	-191.428	90.7786	110	21	1	0	22.4693	1.0101	0.0876874	0.0277778	22.4693	1.0101	0.0876874	22.4693	22.4693	22.4693	22.4693	nan	0	0.112071	1.13703e+07	1	16.0092	-1	-1	-1	nu-candidate	1	-2.2324138	-15.0	218.55144	14.619	5.795	1187104	{"10:4": "-1,-1,-1", "11:10": "0,0,0", "13:5": "-1,-1,-1", "14:1000010": "-1,-1,-1", "16:1000000": "-1,-1,-1", "18:0": "-1,-1,-1", "19:1000001": "-1,-1,-1", "1:15": "-1,-1,-1", "20:1000006": "-1,-1,-1", "2:6": "-1,-1,-1", "5:1": "-1,-1,-1", "7:3": "-1,-1,-1", "8:12": "-1,-1,-1"}
mcp2k	318857	18255	0	1	18	93.0746	-113.461	367.476	202	26	1	0	11.598	1.08907	0.541557	0.333333	11.598	1.08907	0.541557	11.598	11.598	11.598	0	nan	0	0.0140441	6.15199e+06	1	0.887511	-1	-1	-1	nu-candidate	1	-3.0192287	-15.0	136.2351	13.531	4.953	1112488	{"11:1000004": "-1,-1,-1", "12:1000010": "-1,-1,-1", "13:1000000": "-1,-1,-1", "14:0": "-1,-1,-1", "15:4": "-1,-1,-1", "16:3": "-1,-1,-1", "17:2": "-1,-1,-1", "18:1000005": "0,0,1", "1:10": "-1,-1,-1", "2:8": "-1,-1,-1", "6:1000012": "-1,-1,-1", "9:1000011": "-1,-1,-1"}
mcp2k	319275	18255	0	1	17	122.146	199.88	92.799	1871	280	5	0	154.641	1.02104	3.04976	0.0233463	0	nan	nan	0	0	0	0	nan	0	0.0268014	3.15275e+07	1	2.61036	-1	-1	-1	cosmic-tagged	1	-0.46542895	-15.0	568.1847	21.170	10.503	1217116	{"12:1000000": "-1,-1,-1", "13:1000002": "-1,-1,-1", "14:1": "-1,-1,-1", "15:1000001": "0,1,0", "1:9": "-1,-1,-1", "2:7": "-1,-1,-1", "5:0": "-1,-1,-1", "6:3": "-1,-1,-1", "8:6": "-1,-1,-1", "9:2": "-1,-1,-1"}
mcp2k	319475	18255	0	1	20	132.288	163.894	282.776	771	84	4	0	22.828	1.08731	0.119726	0.222362	12.0848	1.09783	0.140995	12.0848	0	12.0848	0	nan	0	0.11761	2.05621e+07	1	34.0158	653.594	0.918986	181.409	nu-candidate	1	-0.005955153	-4.596816	764.46313	18.701	7.476	1187344	{"-1:12": "-1,-1,-1", "10:1000005": "-1,-1,-1", "12:1000003": "-1,-1,-1", "13:1000008": "-1,-1,-1", "14:1000010": "-1,-1,-1", "15:1000001": "-1,-1,-1", "16:1000011": "-1,-1,-1", "17:1000002": "-1,-1,-1", "18:1000000": "0,0,0", "1:18": "-1,-1,-1", "2:4": "-1,-1,-1", "5:3": "-1,-1,-1", "6:1": "-1,-1,-1", "7:0": "-1,-1,-1"}
mcp2k	320485	18255	0	1	19	102.428	-106.182	42.1625	1648	379	3	0	143.52	1.00532	0.0973159	0.00419927	15.1854	1.00949	0.0837396	15.1854	15.1854	15.1854	0	58504.6	156	0.054391	4.21748e+07	1	1.66649	329.691	0.631749	247.854	nu-candidate	1	2.9852326	-15.0	741.67847	19.462	7.570	1185540	{"10:1000010": "-1,-1,-1", "11:1000004": "-1,-1,-1", "14:1000012": "-1,-1,-1", "15:1000008": "-1,-1,-1", "16:1000006": "-1,-1,-1", "17:4": "-1,-1,-1", "18:1000005": "-1,-1,-1", "19:1000003": "0,0,1", "1:18": "-1,-1,-1", "20:1": "-1,-1,-1", "21:7": "-1,-1,-1", "22:2": "-1,-1,-1", "23:1000000": "-1,-1,-1", "2:16": "-1,-1,-1", "8:1000018": "-1,-1,-1", "9:1000019": "-1,-1,-1"}
mcp2k	321015	18255	0	1	16	139.964	54.5372	380.319	2110	294	6	1	175.137	1.05725	0.394303	0.194299	129.722	1.05772	0.457336	129.722	0	129.722	0	49476.2	198	0.210104	5.05255e+07	1	13.4234	590.389	0.776802	308.74	nu-candidate	1	5.3315215	-15.0	877.3978	17.390	9.486	1199952	{"10:1000001": "-1,-1,-1", "11:1000002": "-1,-1,-1", "12:2": "-1,-1,-1", "13:1000006": "-1,-1,-1", "14:1000005": "-1,-1,-1", "15:1": "-1,-1,-1", "16:1000003": "0,0,0", "1:7": "-1,-1,-1", "6:1000010": "-1,-1,-1"}
mcp2k	321235	18255	0	1	11	100.513	0.569127	188.63	2888	364	7	0	250.53	1.03376	0.335482	0.118074	126.706	1.05226	0.52132	126.706	126.706	126.706	126.706	nan	0	0.406985	1.20548e+08	0	0	-1	-1	-1	nu-candidate	1	-1.9364256	-15.0	854.9808	21.279	11.294	1251732	{"10:1000003": "-1,-1,-1", "11:1000000": "0,0,0", "12:13": "-1,-1,-1", "13:1": "-1,-1,-1", "14:0": "-1,-1,-1", "15:1000005": "-1,-1,-1", "1:2": "-1,-1,-1", "3:3": "-1,-1,-1", "4:1000007": "-1,-1,-1", "8:1000001": "-1,-1,-1"}
mcp2k	321937	18255	0	1	22	115.254	23.9237	277.512	1780	216	2	0	246.443	1.06038	1.99931	0.198434	246.443	1.06038	1.99931	246.443	246.443	246.443	246.443	51011.8	378	0.0725369	5.06028e+07	1	26.8233	511.429	0.00828156	529.19	nu-candidate	1	3.7892995	-15.0	850.7607	20.081	8.422	1266512	{"11:1000004": "-1,-1,-1", "13:1000000": "-1,-1,-1", "15:1000003": "-1,-1,-1", "16:1000002": "-1,-1,-1", "17:1000008": "-1,-1,-1", "19:1000001": "-1,-1,-1", "20:1000011": "-1,-1,-1", "21:1000006": "-1,-1,-1", "22:1000007": "0,0,1", "23:0": "-1,-1,-1", "24:6": "-1,-1,-1", "5:2": "-1,-1,-1", "6:8": "-1,-1,-1", "8:10": "-1,-1,-1", "9:1000017": "-1,-1,-1"}
mcp2k	321983	18255	0	1	11	-43.4308	-2.57445	11.5409	112	20	1	0	0	nan	nan	nan	0	nan	nan	0	0	0	0	nan	0	0.109276	3.84622e+06	1	44.1621	-1	-1	-1	nu-candidate	1	-1.576579	-15.0	199.23196	13.747	6.217	1200052	{"10:1000002": "-1,-1,-1", "11:6": "0,0,1", "12:0": "-1,-1,-1", "13:1000013": "-1,-1,-1", "14:1000000": "-1,-1,-1", "2:10": "-1,-1,-1", "4:1000004": "-1,-1,-1", "6:1000003": "-1,-1,-1", "8:2": "-1,-1,-1", "9:1": "-1,-1,-1"}
mcp2k	322135	18255	0	1	15	-153.695	135.09	9.21298	2106	217	2	0	260.885	1.0564	1.52837	0.246885	245.964	1.05892	1.61788	245.964	245.964	245.964	245.964	50236.7	401	0.168893	6.1575e+07	1	3.41136	577.26	0.342022	560.541	nu-candidate	1	3.2363882	-15.0	842.9449	23.842	14.722	1276580	{"10:4": "-1,-1,-1", "11:0": "-1,-1,-1", "12:1000001": "-1,-1,-1", "13:7": "-1,-1,-1", "14:2": "-1,-1,-1", "15:5": "0,0,0", "2:3": "-1,-1,-1", "4:13": "-1,-1,-1", "7:11": "-1,-1,-1", "8:1": "-1,-1,-1"}
mcp2k	322663	18255	0	1	2	-179.925	164.602	335.382	1965	265	7	2	169.324	1.04827	0.238205	0.168301	152.969	1.05128	0.236783	152.969	152.969	152.969	152.969	48409.5	189	0.213493	4.07489e+07	1	33.2856	274.429	0.301823	286.407	nu-candidate	1	1.2699884	-4.1161113	720.7909	22.536	13.124	1274740	{"11:1000002": "-1,-1,-1", "12:1000004": "-1,-1,-1", "15:1000006": "-1,-1,-1", "16:1000000": "-1,-1,-1", "17:5": "-1,-1,-1", "18:9": "-1,-1,-1", "19:6": "-1,-1,-1", "1:13": "-1,-1,-1", "2:4": "0,0,0", "3:2": "-1,-1,-1", "7:3": "-1,-1,-1", "9:1000003": "-1,-1,-1"}
mcp2k	322707	18255	0	1	11	42.3276	-87.1107	302.351	1646	287	5	0	190.504	1.04653	0.851411	0.111409	71.9749	1.06105	0.401916	71.9749	71.9749	71.9749	71.9749	66399.2	93	0.0485296	5.35902e+07	1	19.6491	194.727	0.75644	168.382	nu-candidate	1	0.9508783	-15.0	1069.5542	18.780	9.329	1176488	{"11:1000001": "0,0,1", "14:1000002": "-1,-1,-1", "15:10": "-1,-1,-1", "16:1000000": "-1,-1,-1", "2:5": "-1,-1,-1", "3:0": "-1,-1,-1", "5:1": "-1,-1,-1", "7:4": "-1,-1,-1", "9:6": "-1,-1,-1"}
mcp2k	322885	18255	0	1	20	-152.55	179.136	44.7284	2237	225	1	0	238.401	1.06149	2.38503	0.222222	238.401	1.06149	2.38503	238.401	238.401	238.401	238.401	52473.2	388	0.237387	5.21297e+07	1	17.6288	509.508	0.0752949	543.822	nu-candidate	1	2.8496208	-15.0	734.646	17.295	9.181	1199252	{"10:1000006": "-1,-1,-1", "15:1000003": "-1,-1,-1", "17:3": "-1,-1,-1", "18:1000004": "-1,-1,-1", "19:0": "-1,-1,-1", "20:2": "0,0,1", "21:1000001": "-1,-1,-1", "4:1": "-1,-1,-1", "5:4": "-1,-1,-1", "7:1000014": "-1,-1,-1", "8:1000008": "-1,-1,-1"}
mcp2k	323125	18255	0	1	12	146.909	-103.091	468.922	602	74	3	1	35.4475	1.0607	0.408705	0.139374	25.3199	1.08117	0.527805	25.3199	25.3199	25.3199	0	72430.1	33	0.266158	1.84279e+07	1	4.03677	-1	-1	-1	nu-candidate	1	-0.73705447	-15.0	335.37976	12.438	6.867	1175764	{"10:5": "-1,-1,-1", "11:1000002": "-1,-1,-1", "12:1000005": "0,0,1", "13:2": "-1,-1,-1", "3:4": "-1,-1,-1", "4:0": "-1,-1,-1", "5:1000003": "-1,-1,-1", "6:1000000": "-1,-1,-1", "7:3": "-1,-1,-1", "8:1000004": "-1,-1,-1", "9:1000006": "-1,-1,-1"}
mcp2k	323171	18255	0	1	22	-157.301	-52.015	56.5564	1455	218	5	1	178.144	1.03138	0.785829	0.0751362	17.6919	1.08223	0.45727	17.6919	0	17.6919	0	51411.8	258	0.482157	7.29804e+07	1	57.0297	617.964	0.617043	375.768	nu-candidate	1	4.3921533	-15.0	994.32715	19.731	9.267	1349892	{"10:14": "-1,-1,-1", "12:8": "-1,-1,-1", "14:1000009": "-1,-1,-1", "17:2": "-1,-1,-1", "18:1000004": "-1,-1,-1", "19:6": "-1,-1,-1", "1:17": "-1,-1,-1", "20:4": "-1,-1,-1", "21:1000000": "-1,-1,-1", "22:1": "0,0,0", "23:1000002": "-1,-1,-1", "24:11": "-1,-1,-1", "25:10": "-1,-1,-1", "2:15": "-1,-1,-1", "3:3": "-1,-1,-1", "5:5": "-1,-1,-1"}
mcp2k	323369	18255	0	0																						nan	nan		nan	nan	nan	nan	cosmic-tagged	0				13.485	2.026	461556	{"10:1": "-1,-1,-1", "11:1000002": "-1,-1,-1", "12:0": "-1,-1,-1", "13:9": "0,1,0", "14:2": "-1,-1,-1", "15:1000014": "-1,-1,-1", "1:8": "-1,-1,-1", "4:7": "-1,-1,-1", "6:1000016": "-1,-1,-1", "7:1000015": "-1,-1,-1", "9:1000005": "-1,-1,-1"}
mcp2k	347824	18255	0	1	112	38.3666	122.414	332.792	373	62	4	0	18.738	1.19816	1.59946	0.466667	18.738	1.19816	1.59946	0	0	18.738	18.738	nan	0	0.344907	1.26083e+07	1	402.601	1099.73	0.83985	301.599	nu-candidate	1	0.032143973	-15.0	1543.9473	27.096	15.164	1276568	{"10:1000010": "-1,-1,-1", "12:1000001": "-1,-1,-1", "15:1000007": "-1,-1,-1", "17:1000012": "-1,-1,-1", "19:1000014": "-1,-1,-1", "20:1000009": "-1,-1,-1", "21:1000011": "-1,-1,-1", "22:1000008": "-1,-1,-1", "23:1000004": "-1,-1,-1", "24:1000002": "0,0,0", "25:15": "-1,-1,-1", "26:1000013": "-1,-1,-1", "27:1000000": "-1,-1,-1", "3:1": "-1,-1,-1", "6:1000006": "-1,-1,-1"}
mcp2k	348594	18255	0	1	16	-178.757	111.372	436.237	975	88	4	0	82.4207	1.08765	0.628916	0.279316	82.4207	1.08765	0.628916	82.4207	82.4207	82.4207	82.4207	48978.7	104	0.293091	2.02222e+07	0	0	240.066	0.846267	193.073	nu-candidate	1	3.480644	-15.0	340.2398	18.290	7.321	1233224	{"10:1": "-1,-1,-1", "11:1000011": "-1,-1,-1", "12:0": "-1,-1,-1", "13:1000001": "-1,-1,-1", "14:1000003": "-1,-1,-1", "15:1000004": "-1,-1,-1", "16:3": "0,0,0", "17:1000002": "-1,-1,-1", "18:6": "-1,-1,-1", "19:4": "-1,-1,-1", "20:1000000": "-1,-1,-1", "21:2": "-1,-1,-1", "6:1000009": "-1,-1,-1", "7:1000007": "-1,-1,-1"}
mcp2k	348638	18255	0	1	26	3.85784	-69.9787	204.05	156	31	1	0	137.41	1.09171	0.156451	0.302632	137.41	1.09171	0.156451	137.41	137.41	137.41	137.41	45620.3	220	0.166006	1.74492e+07	0	0	-1	-1	320.256	nu-candidate	1	-0.16083246	-15.0	436.73883	18.438	6.629	1280096	{"10:5": "-1,-1,-1", "12:13": "-1,-1,-1", "14:1000016": "-1,-1,-1", "16:1000005": "-1,-1,-1", "17:1000009": "-1,-1,-1", "19:1000000": "-1,-1,-1", "20:6": "-1,-1,-1", "21:1000001": "-1,-1,-1", "22:4": "-1,-1,-1", "23:1000004": "-1,-1,-1", "24:1000003": "-1,-1,-1", "25:1000002": "-1,-1,-1", "26:1000014": "0,0,1", "27:1": "-1,-1,-1", "28:1000006": "-1,-1,-1", "29:1000011": "-1,-1,-1", "3:11": "-1,-1,-1", "5:2": "-1,-1,-1", "7:15": "-1,-1,-1", "9:0": "-1,-1,-1"}
mcp2k	349056	18255	0	1	12	21.4083	-10.18	428.559	1953	212	4	1	183.285	1.03891	0.888983	0.200506	172.72	1.03961	0.931957	172.72	172.72	172.72	0	45303.9	279	0.0170017	3.50867e+07	0	0	515.007	0.485999	403.337	nu-candidate	1	1.4751136	-15.0	973.834	18.306	9.120	1187428	{"10:1": "-1,-1,-1", "11:1000005": "-1,-1,-1", "12:1000006": "0,0,0", "13:1000007": "-1,-1,-1", "1:8": "-1,-1,-1", "3:1000010": "-1,-1,-1", "4:1000004": "-1,-1,-1", "6:1000003": "-1,-1,-1", "8:1000001": "-1,-1,-1"}
mcp2k	350354	18255	0	1	18	119.73	133.212	355.902	3348	342	19	4	125.913	1.10493	0.540003	0.211701	125.913	1.10493	0.540003	115.111	115.111	125.913	115.111	35917	77	0.289066	3.86364e+07	1	90.8573	189.039	0.916343	146.353	nu-candidate	1	0.49038276	-3.832005	645.3812	27.355	17.337	1292120	{"11:1000002": "-1,-1,-1", "14:1000003": "-1,-1,-1", "15:1000000": "-1,-1,-1", "16:1000005": "-1,-1,-1", "17:0": "-1,-1,-1", "18:1000006": "0,0,1", "19:1": "-1,-1,-1", "20:1000004": "-1,-1,-1", "2:8": "-1,-1,-1", "6:3": "-1,-1,-1", "7:5": "-1,-1,-1", "9:1000001": "-1,-1,-1"}
mcp2k	352510	18255	0	1	7	144.354	-157.469	343.3	81	19	1	0	0	nan	nan	nan	0	nan	nan	0	0	0	0	nan	0	0.0124612	1.55667e+06	0	0	-1	-1	-1	nu-candidate	1	-1.0786837	-15.0	127.962555	13.424	5.046	1128560	{"10:1000005": "-1,-1,-1", "11:1000001": "-1,-1,-1", "1:9": "-1,-1,-1", "3:0": "-1,-1,-1", "6:1000003": "-1,-1,-1", "7:1000006": "0,0,1", "8:1000004": "-1,-1,-1", "9:1000000": "-1,-1,-1"}
mcp2k	352796	18255	0	1	10	87.6559	83.9717	114.104	1837	294	3	1	175.688	1.01926	3.69114	0.0479334	0	nan	nan	0	0	0	0	nan	0	0.0382976	3.88741e+07	1	3.9276	-1	-1	-1	nu-candidate	1	1.319271	-15.0	705.35297	17.488	6.975	1222468	{"10:1000003": "0,0,0", "13:1000005": "-1,-1,-1", "14:1000002": "-1,-1,-1", "15:12": "-1,-1,-1", "16:7": "-1,-1,-1", "17:14": "-1,-1,-1", "18:1000012": "-1,-1,-1", "19:4": "-1,-1,-1", "20:2": "-1,-1,-1", "21:1000000": "-1,-1,-1", "2:6": "-1,-1,-1", "5:3": "-1,-1,-1", "6:1": "-1,-1,-1", "9:15": "-1,-1,-1"}
mcp2k	354248	18255	0	1	29	96.3784	85.5986	261.466	1817	192	5	1	154.012	1.04771	1.03663	0.165522	154.012	1.04771	1.03663	154.012	154.012	154.012	47.1297	54888.6	169	0.304791	5.90535e+07	1	21.6309	248.984	0.255014	270.68	nu-candidate	1	3.322104	-15.0	820.6921	23.990	16.224	1296112	{"10:1000010": "-1,-1,-1", "11:1000009": "-1,-1,-1", "14:1000011": "-1,-1,-1", "16:1000003": "-1,-1,-1", "17:1000014": "-1,-1,-1", "18:0": "-1,-1,-1", "19:1": "-1,-1,-1", "1:17": "-1,-1,-1", "20:1000004": "-1,-1,-1", "21:18": "-1,-1,-1", "22:1000006": "0,0,0", "23:2": "-1,-1,-1", "24:1000013": "-1,-1,-1", "3:7": "-1,-1,-1", "5:4": "-1,-1,-1", "6:6": "-1,-1,-1", "9:1000007": "-1,-1,-1"}
mcp2k	355238	18255	0	1	5	-67.0216	-97.2341	298.298	1427	204	6	2	131.666	1.0205	0.406878	0.0552645	30.5696	1.01358	0.303125	30.5696	0	30.5696	0	57101.2	159	0.0158284	3.57352e+07	0	0	293.603	0.629907	252.044	nu-candidate	1	3.8628101	-15.0	632.51184	19.083	7.492	1191008	{"11:1000001": "-1,-1,-1", "13:1000000": "-1,-1,-1", "14:0": "-1,-1,-1", "15:4": "-1,-1,-1", "16:1000002": "-1,-1,-1", "17:1000003": "-1,-1,-1", "3:3": "-1,-1,-1", "5:6": "0,0,1", "7:1000005": "-1,-1,-1"}
mcp2k	390216	18255	0	1	13	70.2851	67.1075	281.782	2287	258	5	0	253.639	1.06071	5.19944	0.164032	205.91	1.06091	6.0906	205.91	205.91	205.91	205.91	49962.4	334	0.171616	5.79508e+07	1	9.13128	447.452	0.0308803	474.332	nu-candidate	1	2.6832013	-15.0	945.743	16.535	10.945	1228392	{"11:1": "-1,-1,-1", "12:3": "-1,-1,-1", "13:1000004": "0,0,1", "14:10": "-1,-1,-1", "15:1000011": "-1,-1,-1", "16:2": "-1,-1,-1", "17:1000000": "-1,-1,-1", "18:8": "-1,-1,-1", "19:1000002": "-1,-1,-1", "5:0": "-1,-1,-1", "8:1000007": "-1,-1,-1"}
mcp2k	390391	18255	0	1	4	-139.592	94.501	440.964	655	82	4	0	85.5781	1.05646	0.366934	0.205252	85.5781	1.05646	0.366934	85.5781	73.7353	85.5781	73.7353	49351.8	114	0.0264788	2.14655e+07	0	0	412.075	0.862168	194.219	nu-candidate	1	3.5223248	-15.0	608.2478	14.070	6.843	1209744	{"10:1000001": "-1,-1,-1", "12:1000000": "-1,-1,-1", "13:1000003": "-1,-1,-1", "14:3": "-1,-1,-1", "15:1000007": "-1,-1,-1", "16:4": "-1,-1,-1", "17:0": "-1,-1,-1", "18:1000006": "-1,-1,-1", "19:1000002": "-1,-1,-1", "4:2": "0,0,0", "6:1": "-1,-1,-1"}
mcp2k	390634	18255	0	1	1	-162.091	-170.373	220.504	2695	381	6	1	193.891	1.02417	0.416783	0.0792938	15.59	1.05433	0.51764	15.59	15.59	15.59	0	69530.4	38	0.259582	5.42304e+07	1	3.25343	-1	-1	-1	nu-candidate	1	1.7619354	-15.0	714.0732	16.052	9.662	1212740	{"10:2": "-1,-1,-1", "11:1000006": "-1,-1,-1", "1:0": "0,0,1", "2:1": "-1,-1,-1", "4:1000007": "-1,-1,-1", "5:1000001": "-1,-1,-1", "7:1000000": "-1,-1,-1", "8:3": "-1,-1,-1", "9:1000002": "-1,-1,-1"}
mcp2k	390743	18255	0	1	17	-63.1205	-88.2767	26.3735	769	217	2	0	80.7267	1.10418	0.128809	0.0541378	0	nan	nan	0	0	0	0	nan	0	0.117715	2.0511e+07	1	14.4065	-1	-1	-1	nu-candidate	1	2.0158267	-15.0	485.1502	16.129	6.889	1212720	{"11:1": "-1,-1,-1", "13:1000002": "-1,-1,-1", "14:1000005": "-1,-1,-1", "16:2": "-1,-1,-1", "17:6": "0,0,0", "18:1000001": "-1,-1,-1", "19:1000003": "-1,-1,-1", "1:10": "-1,-1,-1", "2:0": "-1,-1,-1", "4:3": "-1,-1,-1", "5:4": "-1,-1,-1", "9:5": "-1,-1,-1"}
mcp2k	390810	18255	0	1	12	-195.014	-140.282	229.128	254	41	1	0	30.837	1.04366	0.240321	0.16	30.837	1.04366	0.240321	30.837	0	30.837	0	55779	42	0.11361	5.1896e+06	0	0	-1	-1	-1	nu-candidate	1	1.6900439	-15.0	209.5392	11.907	5.050	1157164	{"10:1000004": "-1,-1,-1", "11:1000003": "-1,-1,-1", "12:3": "0,0,0", "2:1": "-1,-1,-1", "6:4": "-1,-1,-1", "7:1000006": "-1,-1,-1", "8:11": "-1,-1,-1", "9:13": "-1,-1,-1"}
mcp2k	391063	18255	0	1	22	104.105	124.703	197.008	74	16	1	0	0	nan	nan	nan	0	nan	nan	0	0	0	0	nan	0	0.00591778	3.09575e+06	1	2.24679	-1	-1	-1	nu-candidate	1	-1.219435	-15.0	154.65633	20.869	5.764	1275780	{"10:2": "-1,-1,-1", "12:8": "-1,-1,-1", "13:1000001": "-1,-1,-1", "16:1000012": "-1,-1,-1", "18:1000004": "-1,-1,-1", "20:1000013": "-1,-1,-1", "22:1000003": "0,0,1", "23:6": "-1,-1,-1", "24:1000002": "-1,-1,-1", "25:0": "-1,-1,-1", "26:1000016": "-1,-1,-1", "3:5": "-1,-1,-1", "4:11": "-1,-1,-1", "7:14": "-1,-1,-1"}
mcp2k	391415	18255	0	1	11	183.69	60.7465	441.274	1136	123	2	0	93.4509	1.03308	0.421289	0.117016	93.4509	1.03308	0.421289	93.4509	75.3749	93.4509	75.3749	51072.3	117	0.0253359	2.25346e+07	0	0	354.285	0.902533	197.622	nu-candidate	1	3.8384025	-15.0	480.4336	12.063	6.467	1158160	{"10:1000009": "-1,-1,-1", "11:1000000": "0,0,1", "14:1000002": "-1,-1,-1", "15:2": "-1,-1,-1", "16:1": "-1,-1,-1", "1:3": "-1,-1,-1", "4:4": "-1,-1,-1", "5:1000012": "-1,-1,-1", "6:1000011": "-1,-1,-1", "7:1000007": "-1,-1,-1", "9:1000003": "-1,-1,-1"}
mcp2k	391899	18255	0	1	5	-182.36	140.525	345.29	2053	237	7	1	224.499	1.06523	0.302164	0.251395	224.499	1.06523	0.302164	224.499	195.278	224.499	195.278	52222.6	288	0.126709	5.25958e+07	1	20.3311	847.85	0.894134	423.34	nu-candidate	1	4.3682685	-15.0	1103.1835	15.868	11.092	1170376	{"2:1000007": "-1,-1,-1", "4:1000001": "-1,-1,-1", "5:0": "0,0,0", "6:4": "-1,-1,-1", "7:6": "-1,-1,-1", "8:1": "-1,-1,-1"}
mcp2k	392174	18255	0	1	3	-187.467	76.7775	11.969	397	62	2	0	36.5938	1.02261	0.232896	0.0333333	0	nan	nan	0	0	0	0	57786.2	52	0.0853184	1.03927e+07	1	2.14595	-1	-1	-1	nu-candidate	1	2.6300378	-15.0	311.59872	14.911	5.458	1194324	{"10:1000000": "-1,-1,-1", "12:1000013": "-1,-1,-1", "13:1000010": "-1,-1,-1", "14:0": "-1,-1,-1", "15:1000008": "-1,-1,-1", "16:4": "-1,-1,-1", "17:6": "-1,-1,-1", "18:1000006": "-1,-1,-1", "3:1": "0,0,0", "4:1000003": "-1,-1,-1", "6:1000007": "-1,-1,-1", "8:1000002": "-1,-1,-1"}
mcp2k	392327	18255	0	1	14	174.696	55.5463	95.4311	1592	216	3	0	139.893	1.04666	1.33107	0.181034	139.893	1.04666	1.33107	139.893	0	139.893	0	52708.6	224	0.049322	3.67014e+07	1	3.56615	295.466	0.0142062	332.373	nu-candidate	1	2.767078	-15.0	747.84076	15.964	7.239	1195184	{"10:6": "-1,-1,-1", "11:1": "-1,-1,-1", "12:1000002": "-1,-1,-1", "13:10": "-1,-1,-1", "14:1000000": "0,0,1", "15:3": "-1,-1,-1", "16:4": "-1,-1,-1", "17:1000001": "-1,-1,-1", "18:1000004": "-1,-1,-1", "2:11": "-1,-1,-1", "4:2": "-1,-1,-1", "5:1000006": "-1,-1,-1", "9:0": "-1,-1,-1"}
mcp2k	392417	18255	0	1	19	-52.5055	-130.23	446.82	2037	332	5	0	238.958	1.03424	0.764075	0.102657	131.636	1.05238	1.2604	131.636	131.636	131.636	74.0116	52925.2	209	0.166884	5.2334e+07	1	6.10554	823.538	0.857392	265.173	nu-candidate	1	4.5056586	-15.0	1171.1715	19.853	8.352	1231252	{"10:2": "-1,-1,-1", "11:5": "-1,-1,-1", "13:1000005": "-1,-1,-1", "15:1000001": "-1,-1,-1", "16:1": "-1,-1,-1", "17:14": "-1,-1,-1", "18:1000004": "-1,-1,-1", "19:6": "0,0,0", "2:4": "-1,-1,-1", "3:13": "-1,-1,-1", "4:15": "-1,-1,-1", "5:11": "-1,-1,-1", "6:8": "-1,-1,-1", "8:7": "-1,-1,-1"}
mcp2k	392693	18255	0	1	11	183.741	-129.364	114.794	2644	271	1	0	286.919	1.06207	4.81053	0.194969	286.919	1.06207	4.81053	286.919	286.919	286.919	286.919	50816	469	0.0467472	5.22408e+07	1	0.55402	644.487	0.118712	647.582	nu-candidate	1	1.6422112	-15.0	775.4656	18.753	8.269	1225820	{"10:1000002": "-1,-1,-1", "11:1000006": "0,0,0", "12:1000005": "-1,-1,-1", "13:1000001": "-1,-1,-1", "1:9": "-1,-1,-1", "3:4": "-1,-1,-1", "5:0": "-1,-1,-1", "6:1000012": "-1,-1,-1", "8:1000004": "-1,-1,-1", "9:3": "-1,-1,-1"}
mcp2k	393089	18255	0	1	19	-127.923	113.544	487.792	254	44	2	0	15.6952	1.02586	0.107939	0.12	0	nan	nan	0	0	0	0	nan	0	0.0404578	7.35767e+06	1	13.3551	-1	-1	-1	nu-candidate	1	2.5617743	-15.0	286.64148	15.035	5.719	1182488	{"11:2": "-1,-1,-1", "12:1000009": "-1,-1,-1", "13:1000008": "-1,-1,-1", "15:1000004": "-1,-1,-1", "17:13": "-1,-1,-1", "18:3": "-1,-1,-1", "19:8": "0,0,0", "20:9": "-1,-1,-1", "21:1000000": "-1,-1,-1", "3:5": "-1,-1,-1", "5:1": "-1,-1,-1", "8:11": "-1,-1,-1"}
mcp2k	393119	18255	0	1	10	-90.8384	128.791	337.558	1995	293	2	0	236.98	1.04492	0.699798	0.183302	179.138	1.05281	0.576512	179.138	179.138	179.138	0	50052.2	289	0.0357336	5.197e+07	1	7.69133	903.63	0.753061	415.604	nu-candidate	1	4.2096524	-15.0	902.5451	15.860	9.140	1146456	{"10:1": "0,0,0", "11:1000000": "-1,-1,-1", "2:3": "-1,-1,-1", "6:4": "-1,-1,-1", "7:1000002": "-1,-1,-1", "8:2": "-1,-1,-1", "9:0": "-1,-1,-1"}
mcp2k	393485	18255	0	1	4	-104.957	-91.5509	407.788	1738	375	2	0	171.823	1.01159	0.491895	0.0245397	0	nan	nan	0	0	0	0	49128.7	186	0.398054	6.4058e+07	0	0	634.957	0.716885	285.85	nu-candidate	1	4.7728634	-15.0	715.17426	17.113	7.101	1229996	{"12:1000001": "-1,-1,-1", "13:1000000": "-1,-1,-1", "14:8": "-1,-1,-1", "15:10": "-1,-1,-1", "16:1000002": "-1,-1,-1", "17:1000006": "-1,-1,-1", "18:1000004": "-1,-1,-1", "19:1000005": "-1,-1,-1", "1:1": "-1,-1,-1", "2:9": "-1,-1,-1", "4:2": "0,0,0", "7:3": "-1,-1,-1", "9:5": "-1,-1,-1"}
mcp2k	393505	18255	0	1	21	160.212	-18.1886	326.096	1216	152	1	0	154.787	1.04373	3.35054	0.151751	154.787	1.04373	3.35054	154.787	154.787	154.787	154.787	53119.6	249	0.149047	3.73176e+07	1	18.3433	402.97	0.541564	364.644	nu-candidate	1	1.8650366	-15.0	549.0002	21.724	12.571	1244692	{"10:1000001": "-1,-1,-1", "11:1000007": "-1,-1,-1", "13:1000005": "-1,-1,-1", "14:0": "-1,-1,-1", "15:1000006": "0,0,1", "16:5": "-1,-1,-1", "17:1000018": "-1,-1,-1", "18:1000000": "-1,-1,-1", "2:1": "-1,-1,-1", "4:3": "-1,-1,-1", "5:4": "-1,-1,-1", "6:1000016": "-1,-1,-1", "8:1000003": "-1,-1,-1"}
mcp2k	393538	18255	0	1	7	-168.011	-73.7135	227.752	2240	327	11	3	327.651	1.04177	0.506408	0.137189	306.973	1.04361	0.52705	306.973	289.618	306.973	127.155	54350.7	455	0.11483	6.90376e+07	1	23.7007	748.791	0.587557	381.619	nu-candidate	1	1.1541027	-8.305044	677.0862	21.799	12.985	1189676	{"1:4": "-1,-1,-1", "2:2": "-1,-1,-1", "5:1000003": "-1,-1,-1", "6:3": "-1,-1,-1", "7:0": "0,0,0", "8:1": "-1,-1,-1"}
mcp2k	393727	18255	0	1	20	177.029	-38.9856	8.60108	524	111	1	0	142.311	1.0301	1.08042	0.135593	142.311	1.0301	1.08042	142.311	0	142.311	0	54378.6	228	0.0215518	2.51363e+07	0	0	453.333	0.576707	338.474	nu-candidate	1	2.144402	-15.0	447.2387	17.187	7.624	1384644	{"11:12": "-1,-1,-1", "12:1000015": "-1,-1,-1", "13:1000003": "-1,-1,-1", "14:1000012": "-1,-1,-1", "17:1": "-1,-1,-1", "18:0": "-1,-1,-1", "19:11": "-1,-1,-1", "20:1000000": "0,0,0", "21:3": "-1,-1,-1", "22:8": "-1,-1,-1", "23:1000016": "-1,-1,-1", "2:6": "-1,-1,-1", "5:2": "-1,-1,-1", "7:17": "-1,-1,-1"}
mcp2k	393791	18255	0	1	7	-32.1641	140.007	239.41	1191	160	5	1	129.383	1.02412	1.0232	0.108047	109.521	1.02269	1.17827	109.521	109.521	109.521	0	48100.7	173	0.0257347	2.92144e+07	1	10.1102	424.796	0.737826	270.38	nu-candidate	1	3.3819647	-15.0	712.8784	20.548	9.077	1251948	{"10:1000001": "-1,-1,-1", "1:6": "-1,-1,-1", "2:1000002": "-1,-1,-1", "4:1000003": "-1,-1,-1", "5:2": "-1,-1,-1", "6:1000000": "-1,-1,-1", "7:1": "0,0,0", "8:1000004": "-1,-1,-1", "9:0": "-1,-1,-1"}
mcp2k	393835	18255	0	1	12	-18.677	-51.6911	294.842	2127	249	3	1	216.826	1.04797	4.14473	0.188889	216.826	1.04797	4.14473	216.826	216.826	216.826	0	50964.9	352	0.132941	4.59343e+07	0	0	485.081	0.01992	497.858	nu-candidate	1	4.6744127	-15.0	696.6666	15.882	7.995	1235428	{"10:1000002": "-1,-1,-1", "11:0": "-1,-1,-1", "12:1": "0,0,0", "13:1000005": "-1,-1,-1", "14:2": "-1,-1,-1", "1:11": "-1,-1,-1", "4:1000008": "-1,-1,-1", "5:1000001": "-1,-1,-1", "6:1000000": "-1,-1,-1", "8:3": "-1,-1,-1", "9:1000007": "-1,-1,-1"}
mcp2k	393935	18255	0	1	16	35.8056	-28.2581	209.991	2907	432	1	0	294.284	1.02219	3.84024	0.0511247	0	nan	nan	0	0	0	0	49952.6	481	0.573557	1.16267e+08	0	0	648.286	0.0158092	669.905	nu-candidate	1	3.7729895	-15.0	786.8559	16.938	7.607	1230132	{"11:1000010": "-1,-1,-1", "12:1000004": "-1,-1,-1", "14:1000002": "-1,-1,-1", "15:1000000": "-1,-1,-1", "16:1000005": "0,0,1", "18:1000006": "-1,-1,-1", "19:1000007": "-1,-1,-1", "1:1": "-1,-1,-1", "20:4": "-1,-1,-1", "21:3": "-1,-1,-1", "22:0": "-1,-1,-1", "2:5": "-1,-1,-1", "5:2": "-1,-1,-1", "6:1000017": "-1,-1,-1", "7:1000014": "-1,-1,-1", "9:1000001": "-1,-1,-1"}
mcp2k	394407	18255	0	1	18	25.1688	-108.528	1.48306	1551	180	1	0	257.796	1.04757	3.06342	0.172494	257.796	1.04757	3.06342	257.796	257.796	257.796	0	50089.2	421	0.253249	6.01075e+07	1	1.72262	566.545	0.0578662	588.158	nu-candidate	1	-4.4516025	-15.0	705.1163	22.572	12.794	1289268	{"10:10": "-1,-1,-1", "11:1000004": "0,0,0", "12:1000001": "-1,-1,-1", "13:1000002": "-1,-1,-1", "14:1000003": "-1,-1,-1", "15:1000015": "-1,-1,-1", "1:6": "-1,-1,-1", "2:2": "-1,-1,-1", "3:3": "-1,-1,-1", "4:4": "-1,-1,-1", "5:0": "-1,-1,-1", "8:1000005": "-1,-1,-1"}
mcp2k	394836	18255	0	1	5	139.326	193.242	431.915	138	22	1	0	0	nan	nan	nan	0	nan	nan	0	0	0	0	nan	0	0.0113351	3.88447e+06	0	0	-1	-1	-1	nu-candidate	1	-0.742218	-15.0	85.22179	14.992	5.138	1168428	{"-1:2": "-1,-1,-1", "10:1000001": "-1,-1,-1", "11:1000004": "-1,-1,-1", "12:1000002": "-1,-1,-1", "13:3": "-1,-1,-1", "14:1": "-1,-1,-1", "15:1000013": "-1,-1,-1", "16:1000010": "-1,-1,-1", "17:1000000": "-1,-1,-1", "2:1000014": "-1,-1,-1", "4:1000006": "-1,-1,-1", "5:1000009": "0,0,1"}
mcp2k	395079	18255	0	1	15	38.8843	-21.8103	372.081	918	95	3	0	212.65	1.05158	1.15685	0.209632	212.65	1.05158	1.15685	212.65	212.65	212.65	212.65	47517	345	0.00706362	3.45302e+07	1	5.10233	1393.52	0.88656	497.843	nu-candidate	1	1.7820624	-15.0	964.4338	18.823	8.432	1298912	{"10:1000008": "-1,-1,-1", "12:1000005": "-1,-1,-1", "14:1000006": "-1,-1,-1", "15:1000011": "0,0,0", "16:1000012": "-1,-1,-1", "17:2": "-1,-1,-1", "18:19": "-1,-1,-1", "19:1000004": "-1,-1,-1", "1:16": "-1,-1,-1", "3:6": "-1,-1,-1", "4:3": "-1,-1,-1", "5:4": "-1,-1,-1", "6:1000022": "-1,-1,-1"}
mcp2k	395209	18255	0	1	4	-174.224	185.646	92.6245	5458	572	9	3	465.391	1.05465	0.534655	0.226181	441.289	1.05715	0.556563	441.289	441.289	441.289	279.383	49587.3	698	0.212453	1.0989e+08	0	0	1677.7	0.78503	987.112	nu-candidate	1	5.8686843	-15.0	1507.9182	29.117	19.124	1254400	{"10:1000005": "-1,-1,-1", "11:1000001": "-1,-1,-1", "12:1000002": "-1,-1,-1", "13:1000003": "-1,-1,-1", "1:7": "-1,-1,-1", "4:0": "0,0,0", "5:1000010": "-1,-1,-1", "7:1000000": "-1,-1,-1"}
mcp2k	395443	18255	0	1	5	124.462	101.757	444.846	2056	217	6	1	116.103	1.05105	0.421211	0.1524	66.9256	1.06647	0.175003	53.7723	53.7723	66.9256	13.1533	71976.9	81	0.212227	3.90663e+07	1	16.4075	1079.81	0.958342	151.923	nu-candidate	1	1.4557439	-15.0	870.73694	18.426	8.506	1196592	{"10:1000004": "-1,-1,-1", "11:0": "-1,-1,-1", "12:1": "-1,-1,-1", "13:1000000": "-1,-1,-1", "1:8": "-1,-1,-1", "2:2": "-1,-1,-1", "3:10": "-1,-1,-1", "5:1000002": "0,0,0", "6:1000008": "-1,-1,-1", "7:1000001": "-1,-1,-1"}
mcp2k	395485	18255	0	1	6	-160.662	135.766	324.177	873	145	4	0	123.895	1.03002	1.73197	0.0832683	123.895	1.03002	1.73197	123.895	123.895	123.895	27.7067	49298.8	188	0.0559399	2.11279e+07	1	4.5368	293.06	0.282803	300.059	nu-candidate	1	0.52684253	-15.0	411.67395	14.854	6.101	1122420	{"4:1000003": "-1,-1,-1", "5:1000004": "-1,-1,-1", "6:2": "0,0,0", "7:1000008": "-1,-1,-1", "8:1": "-1,-1,-1", "9:3": "-1,-1,-1"}
mcp2k	395573	18255	0	1	10	137.13	-137.277	12.7406	253	36	2	0	13.0479	1.11298	0.17685	0.428571	13.0479	1.11298	0.17685	13.0479	13.0479	13.0479	13.0479	nan	0	0.0632931	8.48222e+06	1	7.30554	-1	-1	-1	nu-candidate	1	-1.8172545	-15.0	272.6235	16.291	5.418	1190112	{"10:1000004": "0,0,1", "11:2": "-1,-1,-1", "12:0": "-1,-1,-1", "13:1": "-1,-1,-1", "4:1000001": "-1,-1,-1", "5:1000008": "-1,-1,-1", "8:1000000": "-1,-1,-1", "9:1000003": "-1,-1,-1"}
mcp2k	395597	18255	0	1	20	48.3585	8.0735	75.038	3820	551	6	0	389.675	1.02998	1.44214	0.0963838	120.604	1.04911	0.577996	120.604	0	120.604	0	53370.1	602	0.312815	1.13597e+08	1	26.962	638.729	0.154039	588.275	nu-candidate	1	-0.8697674	-6.927141	1474.1322	21.514	12.551	1305024	{"10:1000011": "-1,-1,-1", "13:1000008": "-1,-1,-1", "15:1000013": "-1,-1,-1", "16:2": "-1,-1,-1", "17:1000006": "-1,-1,-1", "18:1000001": "-1,-1,-1", "19:1000003": "-1,-1,-1", "20:1000005": "0,0,0", "21:1000010": "-1,-1,-1", "22:24": "-1,-1,-1", "23:10": "-1,-1,-1", "24:1000002": "-1,-1,-1", "25:9": "-1,-1,-1", "26:1000009": "-1,-1,-1", "4:1": "-1,-1,-1", "6:1000026": "-1,-1,-1", "7:1000021": "-1,-1,-1"}
mcp2k	395695	18255	0	1	11	181.743	-68.3522	45.2935	1416	207	3	0	124.968	1.04693	0.165834	0.165927	101.863	1.05576	0.196268	101.863	0	101.863	0	55769.6	151	0.262538	2.91319e+07	1	10.9227	4000	1	250.032	nu-candidate	1	3.4335437	-15.0	883.13763	20.298	9.410	1203048	{"10:0": "-1,-1,-1", "11:1000000": "0,0,0", "12:1000012": "-1,-1,-1", "13:1000001": "-1,-1,-1", "14:1000004": "-1,-1,-1", "1:6": "-1,-1,-1", "2:11": "-1,-1,-1", "3:2": "-1,-1,-1", "5:1000008": "-1,-1,-1", "7:1000002": "-1,-1,-1", "9:1000005": "-1,-1,-1"}
mcp2k	395717	18255	0	1	21	-88.3589	195.895	89.9848	996	97	2	0	113.415	1.07114	0.845885	0.260638	113.415	1.07114	0.845885	113.415	113.415	113.415	113.415	51861	180	0.0737924	2.21378e+07	0	0	282.407	0.61859	276.92	nu-candidate	1	-0.9084125	-15.0	562.15314	15.301	8.021	1260792	{"11:1000003": "-1,-1,-1", "15:1000001": "-1,-1,-1", "17:2": "-1,-1,-1", "18:4": "-1,-1,-1", "19:10": "-1,-1,-1", "1:15": "-1,-1,-1", "20:1000005": "-1,-1,-1", "21:9": "0,0,0", "22:1000002": "-1,-1,-1", "2:11": "-1,-1,-1", "5:14": "-1,-1,-1", "7:0": "-1,-1,-1", "9:6": "-1,-1,-1"}
mcp2k	395870	18255	0	1	16	67.2367	-89.7432	233.727	4396	580	2	0	326.094	1.0278	0.693391	0.11573	42.8919	1.07879	0.217419	42.8919	0	42.8919	0	49648.3	460	0.297395	9.25412e+07	1	7.53384	827.539	0.360607	646.135	nu-candidate	1	4.3116126	-15.0	1185.2285	19.838	10.330	1218316	{"11:1000012": "-1,-1,-1", "12:1000009": "-1,-1,-1", "13:1000007": "-1,-1,-1", "14:9": "-1,-1,-1", "15:1000001": "-1,-1,-1", "16:1000002": "0,0,0", "17:1000005": "-1,-1,-1", "18:2": "-1,-1,-1", "19:1000013": "-1,-1,-1", "2:12": "-1,-1,-1", "3:3": "-1,-1,-1", "6:1000004": "-1,-1,-1", "9:1000006": "-1,-1,-1"}
mcp2k	396037	18255	0	1	17	-173.025	141.689	483.136	298	41	1	0	23.269	1.02907	0.513494	0.0789474	0	nan	nan	0	0	0	0	nan	0	0.0375016	1.05894e+07	1	44.0865	-1	-1	-1	nu-candidate	1	0.40817487	-15.0	386.76645	9.887	6.066	1207264	{"10:1000002": "-1,-1,-1", "12:1000003": "-1,-1,-1", "13:5": "-1,-1,-1", "14:1000004": "-1,-1,-1", "15:0": "-1,-1,-1", "16:1": "-1,-1,-1", "17:6": "0,0,0", "18:4": "-1,-1,-1", "5:3": "-1,-1,-1", "8:1000005": "-1,-1,-1"}
mcp2k	396091	18255	0	1	7	142.737	52.2054	231.14	1207	170	2	0	153.731	1.06895	2.82589	0.199993	153.731	1.06895	2.82589	153.731	153.731	153.731	107.156	52065	170	0.0438813	3.99909e+07	1	4.66981	227.247	0.0768765	261.723	nu-candidate	1	3.4852712	-15.0	682.22235	13.554	7.431	1189164	{"10:1000005": "-1,-1,-1", "11:0": "-1,-1,-1", "12:1000007": "-1,-1,-1", "13:1": "-1,-1,-1", "1:13": "-1,-1,-1", "3:1000013": "-1,-1,-1", "4:1000009": "-1,-1,-1", "6:1000000": "-1,-1,-1", "7:1000003": "0,0,1", "8:1000004": "-1,-1,-1"}
mcp2k	396355	18255	0	1	24	-144.197	-142.894	462.724	1353	176	2	0	120.885	1.02955	0.258555	0.125801	40.4328	1.04865	0.106248	40.4328	40.4328	40.4328	0	59640.3	125	0.150331	3.04633e+07	1	4.24317	305.973	0.735642	209.08	nu-candidate	1	2.9950619	-15.0	603.3932	13.431	7.022	1281468	{"11:1000005": "-1,-1,-1", "13:1000000": "-1,-1,-1", "16:1000002": "-1,-1,-1", "18:1000004": "-1,-1,-1", "1:10": "-1,-1,-1", "20:1000016": "-1,-1,-1", "21:1000008": "-1,-1,-1", "22:1000001": "-1,-1,-1", "23:3": "-1,-1,-1", "24:4": "0,0,0", "25:1000010": "-1,-1,-1", "26:1000009": "-1,-1,-1", "3:0": "-1,-1,-1", "6:6": "-1,-1,-1", "9:1": "-1,-1,-1"}
mcp2k	396420	18255	0	1	10	-113.377	159.579	458.636	1172	192	2	0	78.4311	1.02416	0.407607	0.0690344	0	nan	nan	0	0	0	0	52032.5	103	0.182706	2.22399e+07	1	14.3359	326.002	0.860072	179.374	nu-candidate	1	3.5862849	-15.0	444.6307	15.649	5.981	1171720	{"10:4": "0,0,0", "11:1000011": "-1,-1,-1", "1:1000007": "-1,-1,-1", "3:1000005": "-1,-1,-1", "6:5": "-1,-1,-1", "7:1000003": "-1,-1,-1", "8:1000004": "-1,-1,-1", "9:3": "-1,-1,-1"}
mcp2k	396551	18255	0	1	13	-179.426	105.326	152.335	1341	180	3	0	176.852	1.0465	0.830724	0.140893	176.852	1.0465	0.830724	176.852	176.852	176.852	0	53913.1	283	0.25091	4.58126e+07	1	2.1596	393.78	0.0810721	410.755	nu-candidate	1	1.0763958	-15.0	806.41003	16.913	7.484	1231156	{"11:4": "-1,-1,-1", "13:3": "0,0,0", "14:1000014": "-1,-1,-1", "15:1000009": "-1,-1,-1", "16:1000010": "-1,-1,-1", "18:1000002": "-1,-1,-1", "19:1000003": "-1,-1,-1", "1:17": "-1,-1,-1", "20:7": "-1,-1,-1", "21:10": "-1,-1,-1", "22:1000015": "-1,-1,-1", "3:11": "-1,-1,-1", "5:5": "-1,-1,-1", "8:14": "-1,-1,-1", "9:1": "-1,-1,-1"}
mcp2k	396805	18255	0	1	6	188.634	172.491	255.824	853	144	3	0	77.1585	1.02771	0.126654	0.103288	0	nan	nan	0	0	0	0	46898	44	0.157707	2.20331e+07	0	0	-1	-1	-1	nu-candidate	1	2.0201004	-15.0	593.09705	13.404	6.041	1174348	{"11:1000001": "-1,-1,-1", "12:1000003": "-1,-1,-1", "13:0": "-1,-1,-1", "14:1000002": "-1,-1,-1", "1:5": "-1,-1,-1", "2:1000008": "-1,-1,-1", "4:1000004": "-1,-1,-1", "6:1000000": "0,0,0", "8:1000005": "-1,-1,-1", "9:1000006": "-1,-1,-1"}
mcp2k	396816	18255	0	1	18	-85.6576	-78.0926	16.3443	638	72	4	0	12.8998	1.10295	0.109792	0.1	12.8998	1.10295	0.109792	0	0	12.8998	0	nan	0	0.546747	9.20076e+06	1	23.8568	-1	-1	-1	nu-candidate	1	-1.5617099	-15.0	383.95813	15.678	6.533	1188080	{"12:5": "-1,-1,-1", "13:1000002": "-1,-1,-1", "14:4": "-1,-1,-1", "15:14": "-1,-1,-1", "16:2": "-1,-1,-1", "17:1": "-1,-1,-1", "18:8": "0,0,1", "19:1000001": "-1,-1,-1", "5:6": "-1,-1,-1", "7:0": "-1,-1,-1", "8:1000012": "-1,-1,-1"}
mcp2k	396882	18255	0	1	12	22.7044	2.61295	442.536	327	39	2	0	51.2823	1.08356	0.0870195	0.190476	51.2823	1.08356	0.0870195	51.2823	51.2823	51.2823	51.2823	48445.7	76	0.175369	1.42944e+07	0	0	1988.8	0.956271	155.23	nu-candidate	1	0.8237156	-15.0	396.3169	14.470	5.809	1157224	{"10:1000004": "-1,-1,-1", "11:5": "-1,-1,-1", "12:1000002": "0,0,0", "13:1000000": "-1,-1,-1", "14:0": "-1,-1,-1", "3:1": "-1,-1,-1", "5:2": "-1,-1,-1", "8:3": "-1,-1,-1"}
mcp2k	396927	18255	0	1	15	-13.1737	109.181	478.135	804	145	4	1	75.9434	1.04564	0.293329	0.178769	21.6994	1.04831	0.0983328	21.6994	0	21.6994	0	50510.6	29	0.0736891	2.60408e+07	1	26.8549	-1	-1	-1	nu-candidate	1	1.4591242	-15.0	793.59033	18.059	6.224	1166732	{"10:3": "-1,-1,-1", "11:1000005": "-1,-1,-1", "14:1000000": "-1,-1,-1", "15:5": "0,0,0", "16:1000003": "-1,-1,-1", "17:4": "-1,-1,-1", "18:6": "-1,-1,-1", "19:1000001": "-1,-1,-1", "1:7": "-1,-1,-1", "3:12": "-1,-1,-1", "5:8": "-1,-1,-1", "7:0": "-1,-1,-1"}
mcp2k	397190	18255	0	1	10	-48.4991	-25.8762	346.782	2257	422	2	0	175.229	1.01866	0.941942	0.0318438	13.9611	1.07454	0.293083	13.9611	13.9611	13.9611	13.9611	53304.5	260	0.340224	4.47369e+07	1	11.4796	432.054	0.387756	378.579	nu-candidate	1	3.0667236	-15.0	547.609	18.156	7.838	1222572	{"10:6": "0,0,1", "11:3": "-1,-1,-1", "12:1000004": "-1,-1,-1", "13:1000003": "-1,-1,-1", "14:1000002": "-1,-1,-1", "4:1000005": "-1,-1,-1", "6:1000000": "-1,-1,-1", "7:1": "-1,-1,-1", "8:2": "-1,-1,-1", "9:9": "-1,-1,-1"}
mcp2k	397542	18255	0	1	6	-98.0523	-174.05	348.201	165	31	2	0	16.8339	1.04479	0.199713	0.111111	16.8339	1.04479	0.199713	16.8339	0	16.8339	0	nan	0	0.0119859	1.06882e+07	1	3.0101	-1	-1	-1	nu-candidate	1	-1.7323209	-15.0	268.7876	15.712	5.333	1213188	{"10:1000012": "-1,-1,-1", "12:1000002": "-1,-1,-1", "14:1000005": "-1,-1,-1", "16:1000003": "-1,-1,-1", "17:1000004": "-1,-1,-1", "18:4": "-1,-1,-1", "19:1000006": "-1,-1,-1", "1:6": "-1,-1,-1", "20:0": "-1,-1,-1", "21:8": "-1,-1,-1", "3:1": "-1,-1,-1", "5:5": "-1,-1,-1", "6:9": "0,0,1", "9:1000000": "-1,-1,-1"}
mcp2k	398181	18255	0	1	37	55.7278	170.775	344.681	2057	304	5	1	162.173	1.04616	0.483989	0.101432	39.5257	1.05049	0.647634	39.5257	39.5257	39.5257	0	50823.4	162	0.0881437	4.48984e+07	1	5.42496	610.225	0.134297	571.662	nu-candidate	1	3.0124683	-15.0	1132.8333	18.194	9.220	1176968	{"10:1000004": "-1,-1,-1", "11:0": "-1,-1,-1", "12:1000006": "-1,-1,-1", "1:7": "-1,-1,-1", "2:4": "-1,-1,-1", "5:1000001": "-1,-1,-1", "6:1000014": "-1,-1,-1", "7:1000000": "-1,-1,-1", "8:1000015": "-1,-1,-1", "9:5": "0,0,0"}
mcp2k	398191	18255	0	1	22	-120.049	139.219	249.046	3270	358	4	0	507.595	1.07425	5.69347	0.20706	507.595	1.07425	5.69347	507.595	507.595	507.595	105.797	49580.3	729	0.240965	9.99457e+07	1	3.82343	862.555	0.00182653	904.519	nu-candidate	1	4.094576	-15.0	1673.6921	29.293	18.259	1329896	{"11:1000003": "-1,-1,-1", "12:1000010": "-1,-1,-1", "14:1000002": "-1,-1,-1", "16:1000004": "-1,-1,-1", "17:1": "-1,-1,-1", "18:5": "-1,-1,-1", "19:1000001": "-1,-1,-1", "1:15": "-1,-1,-1", "20:1000000": "-1,-1,-1", "21:2": "-1,-1,-1", "22:0": "0,0,0", "2:9": "-1,-1,-1", "3:8": "-1,-1,-1", "4:17": "-1,-1,-1", "8:3": "-1,-1,-1", "9:1000013": "-1,-1,-1"}
mcp2k	398225	18255	0	1	19	-101.025	45.3532	5.34096	3391	465	3	0	272.286	1.05602	0.88044	0.132998	129.151	1.09587	0.631661	129.151	129.151	129.151	129.151	53978.1	229	0.466908	1.0311e+08	1	1.78612	333.603	0.360141	340.908	cosmic-tagged	1	4.4919753	-15.0	1015.1956	24.355	12.860	1209896	{"10:2": "-1,-1,-1", "11:0": "1,0,0", "12:8": "-1,-1,-1", "13:1000009": "-1,-1,-1", "14:4": "-1,-1,-1", "15:1000008": "-1,-1,-1", "3:9": "-1,-1,-1", "5:1000007": "-1,-1,-1", "7:1000003": "-1,-1,-1"}
mcp2k	399073	18255	0	1	-1	nan	nan	nan	0	0	0	0	0	nan	nan	nan	0	nan	nan	0	0	0	0	nan	0	nan	nan	0	0	-1	-1	-1	cosmic-tagged	1	-1.9416895	-15.0	0.0	15.728	5.511	802516	{"10:6": "-1,-1,-1", "11:10": "-1,-1,-1", "12:4": "-1,-1,-1", "13:1000004": "-1,-1,-1", "14:1000006": "-1,-1,-1", "15:12": "-1,-1,-1", "16:0": "-1,-1,-1", "17:1000001": "-1,-1,-1", "18:1000003": "0,1,0", "1:13": "-1,-1,-1", "7:1000011": "-1,-1,-1", "9:3": "-1,-1,-1"}
mcp2k	399303	18255	0	1	14	33.0613	147.352	101.244	2260	520	3	1	237.503	1.02625	1.18679	0.0406809	86.4162	1.03891	1.97473	86.4162	0	86.4162	0	50329.4	243	0.349436	8.14845e+07	1	25.2359	316.931	0.0198395	358.208	nu-candidate	1	4.419153	-15.0	952.00574	18.317	7.495	1267688	{"10:1000004": "-1,-1,-1", "12:1000003": "-1,-1,-1", "13:0": "-1,-1,-1", "14:1000006": "0,0,1", "15:10": "-1,-1,-1", "16:1000002": "-1,-1,-1", "17:4": "-1,-1,-1", "18:1000001": "-1,-1,-1", "3:5": "-1,-1,-1", "6:3": "-1,-1,-1", "7:2": "-1,-1,-1", "8:1000016": "-1,-1,-1", "9:1000015": "-1,-1,-1"}
mcp2k	400029	18255	0	1	15	35.7432	-136.08	166.275	2388	258	2	0	233.35	1.08118	1.10607	0.291558	207.089	1.08966	1.21376	207.089	207.089	207.089	207.089	49800.6	336	0.033049	4.8862e+07	1	1.20233	427.005	0.0725892	473.121	nu-candidate	1	3.5124536	-15.0	801.0822	23.156	11.387	1202180	{"11:1000010": "-1,-1,-1", "13:1000000": "-1,-1,-1", "14:1000001": "-1,-1,-1", "15:1000004": "0,0,1", "16:0": "-1,-1,-1", "2:11": "-1,-1,-1", "4:2": "-1,-1,-1", "6:4": "-1,-1,-1", "7:6": "-1,-1,-1", "8:1000009": "-1,-1,-1", "9:1000002": "-1,-1,-1"}
mcp2k	400185	18255	0	1	14	63.7065	157.517	26.1429	877	208	3	1	61.8627	1.00225	0.0366526	0	0	nan	nan	0	0	0	0	59533.3	94	0.05523	1.47399e+07	1	26.6493	4000	1	169.308	nu-candidate	1	0.831993	-15.0	526.5771	17.026	6.642	1152156	{"10:1000003": "-1,-1,-1", "11:9": "-1,-1,-1", "12:1000007": "-1,-1,-1", "13:1000013": "-1,-1,-1", "14:1000009": "0,0,1", "1:13": "-1,-1,-1", "2:1000012": "-1,-1,-1", "6:1000008": "-1,-1,-1", "8:4": "-1,-1,-1", "9:1000006": "-1,-1,-1"}
mcp2k	400239	18255	0	1	5	-133.416	-44.3288	330.899	1186	166	1	0	188.735	1.03595	1.23669	0.15655	188.735	1.03595	1.23669	188.735	188.735	188.735	0	49734.4	305	0.0395372	3.31274e+07	0	0	726.423	0.632024	438.685	nu-candidate	1	3.5218744	-15.0	547.71027	15.755	6.604	1209232	{"11:1000003": "-1,-1,-1", "13:2": "-1,-1,-1", "14:1000005": "-1,-1,-1", "15:3": "-1,-1,-1", "16:5": "-1,-1,-1", "1:0": "-1,-1,-1", "2:6": "-1,-1,-1", "5:8": "0,0,0", "6:1000007": "-1,-1,-1", "7:1000002": "-1,-1,-1", "9:1000008": "-1,-1,-1"}
mcp2k	400779	18255	0	1	18	97.3547	36.0767	263.898	996	146	1	0	87.732	1.01864	0.33408	0.0275862	0	nan	nan	0	0	0	0	56565.1	137	0.492569	3.82894e+07	1	2.59677	282.735	0.658594	224.432	nu-candidate	1	1.0599558	-15.0	335.73657	14.614	6.150	1215156	{"10:1000017": "-1,-1,-1", "11:1000014": "-1,-1,-1", "13:1000001": "-1,-1,-1", "15:1000002": "-1,-1,-1", "17:1000004": "-1,-1,-1", "18:1000006": "0,0,1", "19:1000005": "-1,-1,-1", "21:1000008": "-1,-1,-1", "22:6": "-1,-1,-1", "23:17": "-1,-1,-1", "24:1000007": "-1,-1,-1", "25:5": "-1,-1,-1", "26:1000015": "-1,-1,-1", "2:15": "-1,-1,-1", "4:0": "-1,-1,-1", "6:2": "-1,-1,-1", "8:11": "-1,-1,-1", "9:3": "-1,-1,-1"}
mcp2k	401197	18255	0	1	9	74.1341	-186.452	384.511	89	20	1	0	0	nan	nan	nan	0	nan	nan	0	0	0	0	nan	0	0.0276072	8.37576e+06	0	0	-1	-1	-1	nu-candidate	1	-3.0374746	-15.0	125.17203	16.966	6.095	1216344	{"-1:8": "-1,-1,-1", "10:3": "-1,-1,-1", "11:1000000": "-1,-1,-1", "12:1000005": "-1,-1,-1", "13:1000003": "-1,-1,-1", "14:1000001": "-1,-1,-1", "3:0": "-1,-1,-1", "5:1000010": "-1,-1,-1", "7:1000002": "-1,-1,-1", "9:1000007": "0,0,1"}
mcp2k	402209	18255	0	1	7	181.608	-72.1664	153.423	1730	285	4	0	127.655	1.04183	0.641117	0.104265	44.0756	1.0718	0.400037	44.0756	44.0756	44.0756	44.0756	60804.4	84	0.22124	4.64089e+07	1	2.68002	142.588	0.351992	156.819	nu-candidate	1	3.1414826	-15.0	950.61444	15.741	7.230	1213256	{"10:1000011": "-1,-1,-1", "12:1000005": "-1,-1,-1", "13:1000007": "-1,-1,-1", "14:2": "-1,-1,-1", "15:1000001": "-1,-1,-1", "16:1000009": "-1,-1,-1", "17:8": "-1,-1,-1", "1:5": "-1,-1,-1", "7:1000003": "0,0,0", "9:1000002": "-1,-1,-1"}
mcp2k	402297	18255	0	1	18	-107.201	8.43423	97.5756	2173	232	1	0	242.029	1.06061	0.835635	0.266169	242.029	1.06061	0.835635	242.029	242.029	242.029	242.029	51198.6	394	0.145829	4.88023e+07	1	2.96868	662.616	0.567813	551.823	cosmic-tagged	1	1.1323146	-15.0	931.1844	18.942	12.186	1216700	{"10:1000005": "-1,-1,-1", "12:3": "-1,-1,-1", "13:1000000": "-1,-1,-1", "14:2": "1,0,0", "1:11": "-1,-1,-1", "2:10": "-1,-1,-1", "5:9": "-1,-1,-1", "6:0": "-1,-1,-1", "8:1000001": "-1,-1,-1"}
mcp2k	405201	18255	0	1	20	33.2339	13.4953	73.2091	3010	429	5	0	364.807	1.04852	2.05163	0.161075	250.958	1.05267	1.8397	250.958	30.3871	250.958	0	50279.9	517	0.279603	1.01111e+08	1	9.69042	692.473	7.0566e-05	733.427	nu-candidate	1	3.6255672	-15.0	1344.8145	24.022	15.952	1245532	{"10:1000000": "-1,-1,-1", "11:1000003": "-1,-1,-1", "13:1000004": "-1,-1,-1", "15:1000016": "-1,-1,-1", "17:1000002": "-1,-1,-1", "18:6": "-1,-1,-1", "19:1000006": "-1,-1,-1", "1:10": "-1,-1,-1", "20:1000001": "0,0,1", "21:0": "-1,-1,-1", "22:8": "-1,-1,-1", "23:5": "-1,-1,-1", "24:1000017": "-1,-1,-1", "2:3": "-1,-1,-1", "3:7": "-1,-1,-1", "6:4": "-1,-1,-1", "8:1000007": "-1,-1,-1"}
mcp2k	406125	18255	0	1	8	-8.29947	16.5203	28.6554	1376	165	5	2	101.224	1.07103	4.1506	0.158285	15.638	1.07652	0.639028	15.638	15.638	15.638	15.638	58571.8	132	0.120696	2.83473e+07	1	272.469	189.863	0.144163	219.907	nu-candidate	1	1.78464	-15.0	731.0697	15.329	8.115	1174196	{"10:1000006": "-1,-1,-1", "11:1": "-1,-1,-1", "12:0": "-1,-1,-1", "1:7": "-1,-1,-1", "2:10": "-1,-1,-1", "3:2": "-1,-1,-1", "6:1000007": "-1,-1,-1", "7:11": "-1,-1,-1", "8:1000001": "0,0,1", "9:1000002": "-1,-1,-1"}
mcp2k	406147	18255	0	1	22	86.3772	-117.276	62.507	2481	373	9	1	406.957	1.04668	1.14852	0.172719	406.957	1.04668	1.14852	406.957	357.046	406.957	0	50482.9	550	0.0847417	8.89636e+07	1	4.46991	770.991	0.0115031	789.024	nu-candidate	1	5.823909	-15.0	1105.0446	22.982	16.475	1215432	{"11:1": "-1,-1,-1", "13:5": "-1,-1,-1", "14:10": "-1,-1,-1", "15:9": "-1,-1,-1", "17:2": "-1,-1,-1", "18:1000009": "-1,-1,-1", "20:1000000": "-1,-1,-1", "21:1000004": "-1,-1,-1", "22:1000001": "0,0,1", "2:14": "-1,-1,-1", "4:7": "-1,-1,-1", "7:3": "-1,-1,-1", "8:11": "-1,-1,-1", "9:13": "-1,-1,-1"}
mcp2k	407534	18255	0	1	11	186.542	-83.6168	90.9427	815	100	2	0	70.8757	1.09717	0.852793	0.179487	70.8757	1.09717	0.852793	70.8757	70.8757	70.8757	70.8757	60462.2	109	0.0903578	2.06972e+07	1	3.24326	265.574	0.925929	182.86	nu-candidate	1	2.0715888	-15.0	484.74084	10.564	6.573	1166052	{"10:1000009": "-1,-1,-1", "11:1000000": "0,0,1", "12:1000008": "-1,-1,-1", "13:1000004": "-1,-1,-1", "14:1000002": "-1,-1,-1", "15:0": "-1,-1,-1", "16:1000011": "-1,-1,-1", "3:1000005": "-1,-1,-1", "4:1000003": "-1,-1,-1", "5:1000006": "-1,-1,-1", "8:1000007": "-1,-1,-1"}
mcp2k	407886	18255	0	1	11	41.7262	-25.7927	0.172101	1506	208	3	0	173.282	1.07813	1.7204	0.206121	91.7888	1.06923	0.891708	91.7888	91.7888	91.7888	91.7888	62841.6	101	0.128459	4.83853e+07	1	2.31294	161.574	0.840648	176.404	nu-candidate	1	-3.2609866	-15.0	454.68753	12.911	7.281	1163452	{"10:1000007": "-1,-1,-1", "11:1000001": "0,0,0", "4:1000009": "-1,-1,-1", "5:1000000": "-1,-1,-1", "6:6": "-1,-1,-1", "7:7": "-1,-1,-1", "8:1": "-1,-1,-1", "9:1000011": "-1,-1,-1"}
mcp2k	408326	18255	0	1	21	66.8397	-98.8219	231.471	1369	235	3	0	262.455	1.03218	0.31753	0.108696	262.455	1.03218	0.31753	262.455	62.0891	262.455	0	49578.7	325	0.121837	5.88437e+07	0	0	1489.43	0.803616	464.669	nu-candidate	1	5.3496532	-15.0	1023.7385	13.792	8.594	1199000	{"10:0": "-1,-1,-1", "12:1000016": "-1,-1,-1", "13:1000001": "-1,-1,-1", "14:1000018": "-1,-1,-1", "16:1000003": "-1,-1,-1", "17:1000006": "-1,-1,-1", "19:1000004": "-1,-1,-1", "1:9": "-1,-1,-1", "20:1000000": "-1,-1,-1", "21:1000002": "0,0,0", "22:6": "-1,-1,-1", "23:11": "-1,-1,-1", "24:4": "-1,-1,-1", "25:1": "-1,-1,-1", "2:12": "-1,-1,-1", "4:3": "-1,-1,-1", "6:8": "-1,-1,-1"}
mcp2k	409052	18255	0	0																						nan	nan		nan	nan	nan	nan	cosmic-tagged	0				7.218	1.906	439888	{"12:1000006": "-1,-1,-1", "15:1000007": "-1,-1,-1", "16:2": "-1,-1,-1", "17:1000000": "0,1,0", "18:1000005": "-1,-1,-1", "19:1000004": "-1,-1,-1", "20:1000015": "-1,-1,-1", "21:1000012": "-1,-1,-1", "2:11": "-1,-1,-1", "5:0": "-1,-1,-1", "7:1": "-1,-1,-1", "9:1000010": "-1,-1,-1"}
mcp2k	409140	18255	0	1	13	-75.6874	-1.12643	410.283	411	52	2	1	75.3701	1.08507	0.499424	0.224	75.3701	1.08507	0.499424	75.3701	75.3701	75.3701	75.3701	nan	0	0.1469	2.85917e+07	1	5.27794	-1	-1	-1	nu-candidate	1	-0.85018516	-15.0	427.18365	11.560	7.055	1200872	{"10:8": "-1,-1,-1", "11:3": "-1,-1,-1", "12:5": "-1,-1,-1", "13:6": "0,0,1", "14:4": "-1,-1,-1", "15:0": "-1,-1,-1", "1:7": "-1,-1,-1", "5:9": "-1,-1,-1", "7:1000007": "-1,-1,-1", "8:1000005": "-1,-1,-1", "9:1000002": "-1,-1,-1"}
mcp2k	409906	18255	0	1	13	-18.7705	-68.7206	382.118	1437	265	5	1	107.292	1.03848	0.600771	0.113865	38.3713	1.06728	0.517795	38.3713	38.3713	38.3713	0	nan	0	0.0927866	3.05978e+07	1	13.0319	-1	-1	-1	nu-candidate	1	1.0978557	-15.0	793.1694	12.505	7.049	1149092	{"10:2": "-1,-1,-1", "11:3": "-1,-1,-1", "12:5": "-1,-1,-1", "13:4": "0,0,1", "3:0": "-1,-1,-1", "4:1000000": "-1,-1,-1", "5:1000007": "-1,-1,-1", "8:1": "-1,-1,-1", "9:6": "-1,-1,-1"}
mcp2k	410126	18255	0	1	17	-177.527	146.047	153.169	655	88	1	0	44.9562	1.01581	0.233764	0.0540541	0	nan	nan	0	0	0	0	58229.2	66	0.311351	1.21326e+07	0	0	454.901	0.917365	132.649	nu-candidate	1	0.5284981	-15.0	238.66039	11.567	5.938	1227996	{"11:2": "-1,-1,-1", "13:1000004": "-1,-1,-1", "14:5": "-1,-1,-1", "15:17": "-1,-1,-1", "16:0": "-1,-1,-1", "17:9": "0,0,0", "18:7": "-1,-1,-1", "19:1": "-1,-1,-1", "1:8": "-1,-1,-1", "20:1000011": "-1,-1,-1", "4:10": "-1,-1,-1", "5:16": "-1,-1,-1", "8:4": "-1,-1,-1"}
mcp2k	410680	18255	0	1	11	-80.3109	13.1344	11.773	2205	320	4	0	186.181	1.09342	0.61155	0.0986681	35.1455	1.38498	0.229389	35.1455	35.1455	35.1455	35.1455	52100.2	219	0.100707	4.89585e+07	1	38.592	487.511	0.608561	327.869	nu-candidate	1	2.4303236	-15.0	963.27527	14.297	9.529	1168592	{"10:1000002": "-1,-1,-1", "11:2": "0,0,1", "1:6": "-1,-1,-1", "4:7": "-1,-1,-1", "5:1000008": "-1,-1,-1", "6:1000009": "-1,-1,-1", "7:1000003": "-1,-1,-1", "8:1000000": "-1,-1,-1", "9:0": "-1,-1,-1"}
mcp2k	412396	18255	0	1	18	-82.0449	-131.415	73.228	1895	320	4	1	152.461	1.01515	0.186636	0.0557485	0	nan	nan	0	0	0	0	52219.5	157	0.350971	5.89566e+07	1	1.96854	574.046	0.817579	261.252	nu-candidate	1	2.0292032	-15.0	686.93713	13.085	8.005	1295564	{"11:1000011": "-1,-1,-1", "12:1000004": "-1,-1,-1", "14:1000001": "-1,-1,-1", "15:1000006": "-1,-1,-1", "16:19": "-1,-1,-1", "17:5": "-1,-1,-1", "18:11": "0,0,0", "19:14": "-1,-1,-1", "20:1000005": "-1,-1,-1", "21:12": "-1,-1,-1", "22:1000009": "-1,-1,-1", "23:1000003": "-1,-1,-1", "2:9": "-1,-1,-1", "5:1000000": "-1,-1,-1", "7:1000002": "-1,-1,-1", "9:1000007": "-1,-1,-1"}
mcp2k	412638	18255	0	1	18	20.6471	-62.5834	42.1512	2117	298	5	1	274.819	1.0558	1.834	0.197922	274.819	1.0558	1.834	274.819	91.9561	274.819	91.9561	49355.2	431	0.273283	6.98859e+07	1	12.5052	601.325	0.0471075	623.239	nu-candidate	1	4.6788564	-15.0	769.14813	16.774	10.811	1268704	{"10:9": "-1,-1,-1", "13:6": "-1,-1,-1", "15:1000007": "-1,-1,-1", "16:1000001": "-1,-1,-1", "18:1000005": "0,0,1", "1:14": "-1,-1,-1", "20:7": "-1,-1,-1", "21:0": "-1,-1,-1", "22:1000002": "-1,-1,-1", "23:1000003": "-1,-1,-1", "24:1000009": "-1,-1,-1", "25:2": "-1,-1,-1", "26:5": "-1,-1,-1", "27:10": "-1,-1,-1", "4:3": "-1,-1,-1", "5:12": "-1,-1,-1", "7:1": "-1,-1,-1"}
mcp2k	414240	18255	0	1	17	7.74261	99.6408	218.992	2339	333	5	0	311.438	1.04823	0.738189	0.174444	295.612	1.04793	0.748565	295.612	0	295.612	0	50815.7	475	0.037803	6.53224e+07	1	15.7085	807.534	0.404056	589.899	nu-candidate	1	-0.8343027	-12.088214	218.72087	15.526	11.146	1266864	{"10:1000002": "-1,-1,-1", "13:2": "-1,-1,-1", "14:1000013": "-1,-1,-1", "15:1000006": "-1,-1,-1", "16:5": "-1,-1,-1", "17:1000003": "0,0,0", "18:7": "-1,-1,-1", "19:3": "-1,-1,-1", "20:1000015": "-1,-1,-1", "2:14": "-1,-1,-1", "4:11": "-1,-1,-1", "7:1000001": "-1,-1,-1", "9:1000004": "-1,-1,-1"}
mcp2k	414306	18255	0	1	11	-127.112	-19.6026	49.4418	1328	174	2	0	228.197	1.05627	1.40221	0.203604	228.197	1.05627	1.40221	228.197	228.197	228.197	228.197	52074.1	362	0.0475486	4.35333e+07	0	0	497.499	0.10148	519.9	nu-candidate	1	4.3957133	-15.0	634.617	11.572	7.522	1169008	{"10:1000001": "-1,-1,-1", "11:0": "0,0,1", "12:1000004": "-1,-1,-1", "13:3": "-1,-1,-1", "14:1000000": "-1,-1,-1", "1:8": "-1,-1,-1", "2:2": "-1,-1,-1", "3:1": "-1,-1,-1", "5:4": "-1,-1,-1", "9:1000002": "-1,-1,-1"}
mcp2k	415186	18255	0	1	19	-133.86	73.5319	202.084	1210	233	2	0	82.9154	1.01728	1.3277	0.0364964	0	nan	nan	0	0	0	0	50075.2	129	0.520965	3.86308e+07	1	5.82432	274.627	0.638326	214.275	nu-candidate	1	3.5435495	-15.0	450.13684	11.677	7.274	1283296	{"10:1000006": "-1,-1,-1", "11:1000012": "-1,-1,-1", "13:1000000": "-1,-1,-1", "15:1000001": "-1,-1,-1", "16:1000003": "-1,-1,-1", "17:1000002": "-1,-1,-1", "18:3": "-1,-1,-1", "19:1": "0,0,0", "20:1000004": "-1,-1,-1", "21:6": "-1,-1,-1", "22:11": "-1,-1,-1", "23:2": "-1,-1,-1", "5:0": "-1,-1,-1", "8:5": "-1,-1,-1"}
mcp2k	417100	18255	0	1	25	-120.18	-27.5917	348.29	1498	191	2	1	162.258	1.04432	0.310811	0.223048	162.258	1.04432	0.310811	162.258	0	162.258	0	49729.2	261	0.145734	3.23758e+07	0	0	3750.35	0.99752	380.509	nu-candidate	1	3.835679	-15.0	495.14807	11.874	8.409	1276356	{"11:8": "-1,-1,-1", "12:1000016": "-1,-1,-1", "14:1000001": "-1,-1,-1", "17:1000007": "-1,-1,-1", "20:1000000": "-1,-1,-1", "21:0": "-1,-1,-1", "22:1": "-1,-1,-1", "23:1000004": "-1,-1,-1", "24:3": "-1,-1,-1", "25:9": "0,0,0", "26:5": "-1,-1,-1", "27:7": "-1,-1,-1", "28:6": "-1,-1,-1", "29:1000002": "-1,-1,-1", "3:18": "-1,-1,-1", "6:11": "-1,-1,-1"}
mcp2k	417782	18255	0	1	14	33.0241	119.735	34.6576	192	25	1	0	10.057	1.0306	0.0879778	0.125	10.057	1.0306	0.0879778	10.057	0	10.057	0	nan	0	0.0769492	6.72526e+06	0	0	-1	-1	-1	nu-candidate	1	-3.0750508	-15.0	129.1261	8.081	5.882	1144876	{"11:1000003": "-1,-1,-1", "13:1000004": "-1,-1,-1", "14:1000008": "0,0,1", "15:1000005": "-1,-1,-1", "16:1000001": "-1,-1,-1", "17:1": "-1,-1,-1", "1:12": "-1,-1,-1", "2:2": "-1,-1,-1", "4:3": "-1,-1,-1", "6:4": "-1,-1,-1", "9:1000006": "-1,-1,-1"}
mcp2k	473952	18255	0	1	18	-96.3794	103.887	357.469	1548	179	2	0	154.154	1.06758	4.60686	0.183594	154.154	1.06758	4.60686	154.154	154.154	154.154	154.154	54993	248	0.0850582	3.53605e+07	1	13.7772	245.845	0.202339	363.192	nu-candidate	1	0.9829102	-15.0	588.45935	12.076	7.867	1278012	{"11:1000001": "-1,-1,-1", "12:1000021": "-1,-1,-1", "13:1000000": "-1,-1,-1", "14:1000004": "-1,-1,-1", "15:1000003": "-1,-1,-1", "16:1000005": "-1,-1,-1", "17:1000009": "-1,-1,-1", "18:9": "0,0,0", "19:5": "-1,-1,-1", "1:24": "-1,-1,-1", "20:13": "-1,-1,-1", "21:3": "-1,-1,-1", "22:0": "-1,-1,-1", "5:2": "-1,-1,-1", "7:1": "-1,-1,-1", "9:15": "-1,-1,-1"}
mcp2k	474678	18255	0	1	61	-11.5445	190.806	40.5733	446	95	3	0	29.5706	1.01381	0.0712293	0.0625	0	nan	nan	0	0	0	0	nan	0	0.217032	1.63918e+07	1	0.0748477	266.587	0.488399	239.296	nu-candidate	1	0.0045594582	-15.0	857.9828	12.333	8.311	1242040	{"-1:5": "-1,-1,-1", "10:1000012": "-1,-1,-1", "11:1000003": "-1,-1,-1", "12:1000005": "-1,-1,-1", "13:3": "-1,-1,-1", "14:1000010": "-1,-1,-1", "15:1000011": "-1,-1,-1", "16:1000007": "-1,-1,-1", "17:1000006": "0,0,0", "2:4": "-1,-1,-1", "3:2": "-1,-1,-1", "6:13": "-1,-1,-1", "8:1000001": "-1,-1,-1"}
mcp2k	475140	18255	0	1	10	-176.725	-71.7541	368.99	1429	161	3	0	142.959	1.04288	0.323768	0.199108	142.959	1.04288	0.323768	142.959	142.959	142.959	0	51296.8	220	0.0961266	2.94409e+07	0	0	1304.36	0.888776	339.722	nu-candidate	1	4.182593	-15.0	449.48938	12.009	6.832	1212828	{"10:3": "0,0,0", "12:1000002": "-1,-1,-1", "13:1000003": "-1,-1,-1", "14:1000000": "-1,-1,-1", "15:1000001": "-1,-1,-1", "16:7": "-1,-1,-1", "17:4": "-1,-1,-1", "18:1000006": "-1,-1,-1", "4:2": "-1,-1,-1", "6:10": "-1,-1,-1", "8:0": "-1,-1,-1"}
mcp2k	478088	18255	0	1	22	-152.721	18.0188	400.14	1340	192	4	1	165.25	1.01959	0.338759	0.0735794	165.25	1.01959	0.338759	165.25	0	165.25	0	49098.8	173	0.309414	5.86131e+07	0	0	644.842	0.866517	280.875	nu-candidate	1	3.5392747	-15.0	776.3413	15.590	10.340	1338544	{"11:1000005": "-1,-1,-1", "14:1000002": "-1,-1,-1", "15:0": "-1,-1,-1", "16:1000006": "-1,-1,-1", "17:6": "-1,-1,-1", "18:3": "-1,-1,-1", "19:10": "-1,-1,-1", "1:19": "-1,-1,-1", "20:21": "-1,-1,-1", "21:1000001": "-1,-1,-1", "22:1": "0,0,0", "2:9": "-1,-1,-1", "3:5": "-1,-1,-1", "5:7": "-1,-1,-1", "7:4": "-1,-1,-1"}
mcp2k	478220	18255	0	1	17	60.585	-85.2496	160.283	1583	280	1	0	279.832	1.06791	9.22489	0.165591	279.832	1.06791	9.22489	279.832	0	279.832	0	49872.2	457	0.39328	7.98167e+07	1	133.624	609.629	0.0686694	634.589	nu-candidate	1	1.8399241	-15.0	1024.7377	13.064	9.198	1221348	{"10:8": "-1,-1,-1", "11:1000009": "-1,-1,-1", "13:1000007": "-1,-1,-1", "14:1000002": "-1,-1,-1", "15:1": "-1,-1,-1", "16:1000005": "-1,-1,-1", "17:1000004": "0,0,1", "18:0": "-1,-1,-1", "19:3": "-1,-1,-1", "1:13": "-1,-1,-1", "2:4": "-1,-1,-1", "4:2": "-1,-1,-1", "8:12": "-1,-1,-1"}
mcp2k	478594	18255	0	1	9	171.654	-155.329	106.6	378	49	2	0	25.8485	1.02231	0.082938	0.122305	13.4527	1.02663	0.0754959	13.4527	13.4527	13.4527	0	nan	0	0.0053918	1.6001e+07	1	0.508278	-1	-1	-1	nu-candidate	1	-1.842395	-15.0	284.58878	9.411	5.606	1176940	{"11:1000002": "-1,-1,-1", "12:2": "-1,-1,-1", "13:1000001": "-1,-1,-1", "14:1000006": "-1,-1,-1", "15:0": "-1,-1,-1", "16:1": "-1,-1,-1", "1:3": "-1,-1,-1", "5:1000009": "-1,-1,-1", "6:1000005": "-1,-1,-1", "8:1000000": "-1,-1,-1", "9:1000004": "0,0,1"}
mcp2k	478638	18255	0	1	5	34.6692	-166.942	109.271	1732	260	3	0	165.779	1.02684	1.81182	0.0622059	18.3645	1.07605	0.239332	0	0	18.3645	0	51681.1	237	0.0369798	3.19986e+07	1	21.348	365.553	0.309182	349.11	nu-candidate	1	2.763797	-15.0	564.6095	9.552	6.928	1158044	{"3:1000002": "-1,-1,-1", "4:1000006": "-1,-1,-1", "5:1000004": "0,0,0", "6:1000007": "-1,-1,-1", "7:4": "-1,-1,-1", "8:1000000": "-1,-1,-1", "9:1000005": "-1,-1,-1"}
mcp2k	479650	18255	0	1	71	72.489	146.068	428.592	462	64	3	0	12.4941	1.15032	0.467086	0.15	0	nan	nan	0	0	0	0	nan	0	0.437897	8.12681e+06	1	11.2571	-1	-1	-1	nu-candidate	1	-0.4585226	-6.8598785	351.1002	9.300	7.607	1225940	{"10:1000000": "-1,-1,-1", "11:1000004": "-1,-1,-1", "12:2": "-1,-1,-1", "1:0": "-1,-1,-1", "2:4": "-1,-1,-1", "3:1000005": "-1,-1,-1", "4:1000008": "-1,-1,-1", "6:1000006": "-1,-1,-1", "8:1000007": "0,0,1", "9:1000002": "-1,-1,-1"}
mcp2k	480728	18255	0	1	11	-129.223	-172.173	20.2209	447	81	3	1	41.289	1.04082	0.123088	0.236752	29.3258	1.05369	0.153168	29.3258	0	29.3258	0	52320.1	40	0.217357	1.62969e+07	1	5.18719	-1	-1	-1	nu-candidate	1	2.4030988	-15.0	534.2169	6.629	5.424	1135368	{"10:9": "-1,-1,-1", "11:3": "0,0,0", "12:1000004": "-1,-1,-1", "1:8": "-1,-1,-1", "3:11": "-1,-1,-1", "5:4": "-1,-1,-1", "7:1000002": "-1,-1,-1", "8:1": "-1,-1,-1", "9:1000000": "-1,-1,-1"}
mcp2k	497311	18255	0	1	19	26.1136	7.68611	1.85816	1356	163	3	1	160.047	1.05066	0.240155	0.161654	160.047	1.05066	0.240155	160.047	160.047	160.047	0	51185.7	258	0.114669	3.38693e+07	1	0.888637	397.592	0.670888	387.313	nu-candidate	1	-2.4793649	-15.0	1265.4514	15.407	11.760	1277496	{"10:1000004": "-1,-1,-1", "11:0": "-1,-1,-1", "12:1000002": "-1,-1,-1", "13:1": "-1,-1,-1", "14:2": "-1,-1,-1", "15:3": "0,0,0", "3:1000010": "-1,-1,-1", "5:1000003": "-1,-1,-1", "6:1000009": "-1,-1,-1", "8:1000001": "-1,-1,-1"}
mcp2k	497355	18255	0	1	9	128.657	177.575	173.389	1693	274	3	0	123.543	1.02075	0.884219	0.0392759	0	nan	nan	0	0	0	0	52804.3	188	0.126139	2.7898e+07	0	0	469.812	0.611625	298.142	nu-candidate	1	3.7447426	-15.0	496.68674	9.534	6.548	1165256	{"1:3": "-1,-1,-1", "2:1000002": "-1,-1,-1", "3:1000007": "-1,-1,-1", "6:5": "-1,-1,-1", "7:1000000": "-1,-1,-1", "8:0": "-1,-1,-1", "9:1000001": "0,0,0"}
mcp2k	500149	18255	0	1	17	18.6553	-36.5236	403.846	1529	175	3	0	151.071	1.05955	1.58927	0.262948	151.071	1.05955	1.58927	151.071	151.071	151.071	151.071	48482	243	0.135779	3.40174e+07	0	0	491.365	0.762927	356.251	nu-candidate	1	4.5823717	-15.0	581.9287	13.353	8.336	1286332	{"10:1000006": "-1,-1,-1", "12:1000001": "-1,-1,-1", "13:1000002": "-1,-1,-1", "15:1000000": "-1,-1,-1", "16:1000004": "-1,-1,-1", "17:1000007": "0,0,0", "18:1": "-1,-1,-1", "19:2": "-1,-1,-1", "1:9": "-1,-1,-1", "20:4": "-1,-1,-1", "2:0": "-1,-1,-1", "4:5": "-1,-1,-1", "8:6": "-1,-1,-1"}
mcp2k	501711	18255	0	1	13	41.9622	185.784	40.8489	1177	140	2	0	123.133	1.04908	2.48405	0.176471	123.133	1.04908	2.48405	123.133	123.133	123.133	0	54456.6	196	0.00349985	2.76746e+07	1	28.523	321.303	0.725372	295.799	nu-candidate	1	3.2487361	-15.0	712.5599	8.582	7.242	1174100	{"10:1000004": "-1,-1,-1", "11:1000000": "-1,-1,-1", "12:1000002": "-1,-1,-1", "13:1000003": "0,0,1", "14:0": "-1,-1,-1", "1:4": "-1,-1,-1", "2:10": "-1,-1,-1", "6:6": "-1,-1,-1", "7:1000006": "-1,-1,-1", "8:1000005": "-1,-1,-1"}
mcp2k	502525	18255	0	1	19	27.1325	26.939	295.049	694	95	4	1	52.8411	1.07677	0.509794	0.243946	41.6519	1.07795	0.634787	41.6519	0	41.6519	0	61211	60	0.153486	1.69101e+07	1	6.82937	137.724	0.780949	122.997	nu-candidate	1	1.5519118	-15.0	375.75726	8.737	6.606	1196416	{"10:7": "-1,-1,-1", "12:0": "-1,-1,-1", "14:1000002": "-1,-1,-1", "15:1000006": "-1,-1,-1", "16:1000000": "-1,-1,-1", "17:6": "-1,-1,-1", "18:1000008": "-1,-1,-1", "19:1000005": "0,0,1", "1:13": "-1,-1,-1", "20:5": "-1,-1,-1", "21:1000003": "-1,-1,-1", "2:20": "-1,-1,-1", "3:14": "-1,-1,-1", "5:4": "-1,-1,-1", "7:12": "-1,-1,-1", "9:1": "-1,-1,-1"}
