event	has	main_cid	n_union	rows	len_cm	uncov	uncov_union	P1	P1_2	ridge_med	P2	P3	holes	P4	img_pts	qneg	wig1	R2D_U	R2Dpm1_U	med_d_U	noslice_U	dead_U	nlive_U	R2D_V	R2Dpm1_V	med_d_V	noslice_V	dead_V	nlive_V	R2D_W	R2Dpm1_W	med_d_W	noslice_W	dead_W	nlive_W
47036	0																																		
47058	1	11	12	363	1964.6	0.24848	0.10501	0	0	0.079104	0.0027548	0.50901	1	0.99675	1965	0.022039	0.060606	0.0083102	0.0027701	0.24987	0	0.0055096	361	0.005571	0.0027855	0.24788	0	0.011019	359	0.0055249	0.0027624	0.25253	0	0.0027548	362
47212	1	1	47	667	3951.6	0.30605	0.25031	0.032984	0	0.22967	0.028486	0.75918	3	0.90079	4046	0.049475	0.23988	0.016492	0.0089955	0.24798	0.0029985	0	667	0.019549	0.015038	0.26337	0.0015038	0.0029985	665	0.0091047	0.0030349	0.21335	0.0015175	0.011994	659
47278	1	6	12	198	653.41	0.10339	0.27011	0.020202	0	0.095738	0.010101	0	0	0.96164	966	0.020202	0.18182	0.0050505	0.0050505	0.22778	0.0050505	0	198	0	0	0.28752	0.0050505	0	198	0.0050505	0.0050505	0.20681	0	0	198
47608	0																																		
47696	1	38	10	86	1016	0	0.1372	0	0	0.10561	0	0.98428	1	0.99729	382	0.046512	0.2093	0	0	0.24708	0	0	86	0	0	0.27366	0	0	86	0	0	0.21228	0	0	86
47784	1	17	7	475	2810.4	0.071146	0.010164	0.0084211	0	0.19557	0.0042105	0	0	0.95869	3406	0	0.042105	0	0	0.23704	0	0	475	0.0042194	0.0042194	0.25566	0	0.0021053	474	0	0	0.22106	0	0.010526	470
47894	1	12	13	52	523.33	0.2836	0.19719	0	0	0.11962	0	3.8217	2	1	121	0.15385	0.42308	0	0	0.15657	0	0	52	0	0	0.2927	0	0	52	0	0	0.031454	0	0	52
47916	1	11	2	64	512.79	0.0049769	0.0024884	0	0	0.13196	0	0	0	0.99817	304	0	0.15625	0	0	0.23528	0	0	64	0	0	0.18085	0	0	64	0	0	0.24762	0	0	64
47982	0																																		
48246	0																																		
48444	0																																		
48488	1	21	5	406	2125.4	0.23416	0.13673	0.0073892	0	0.10704	0.0024631	0	0	0.99748	2302	0	0.046798	0.0024691	0.0024691	0.27005	0	0.0024631	405	0	0	0.2301	0	0	406	0	0	0.25041	0	0.0098522	402
48774	1	7	4	517	1691.5	0.38112	0.2156	0	0	0.13644	0.0038685	0	0	0.99524	2879	0.0038685	0.019342	0.003876	0.003876	0.23671	0	0.0019342	516	0.0019342	0	0.2613	0	0	517	0.0019493	0	0.25546	0	0.0077369	513
48840	0																																		
49016	0																																		
49346	0																																		
49415	1	19	4	45	397.98	0.059947	0.24969	0.044444	0	0.28683	0	0	0	0.83187	375	0	0.2	0	0	0.27108	0	0	45	0	0	0.16257	0	0.022222	44	0.044444	0	0.25481	0	0	45
49657	0																																		
49698	0																																		
49742	1	16	6	226	1135.8	0.43094	0.20624	0.13274	0.11947	0.08958	0.11504	0.88045	1	0.99933	981	0.035398	0.066372	0.0088496	0.0044248	0.25455	0	0	226	0.022124	0.022124	0.26826	0.11947	0	226	0.039823	0.026549	0.24324	0	0	226
49745	1	3	3	128	272.98	0.17521	0.12021	0.039062	0	0.35302	0	3.6632	1	0.90719	913	0.054688	0.20312	0	0	0.23523	0	0	128	0.03125	0	0.24736	0	0	128	0	0	0.27022	0	0	128
49767	0																																		
49789	0																																		
49877	0																																		
49984	1	4	3	56	128.67	0.0089962	0.074358	0	0	0.13939	0	0	0	0.99608	297	0	0.089286	0	0	0.15936	0	0	56	0	0	0.29186	0	0	56	0	0	0.27747	0	0	56
49987	1	8	7	402	1279.6	0.38356	0.11462	0.0049751	0	0.083586	0	0	0	0.99235	1926	0.0024876	0.032338	0	0	0.25432	0	0	402	0	0	0.24846	0	0	402	0	0	0.24219	0	0.0024876	401
50182	1	10	4	227	775.77	0.0282	0.16004	0	0	0.067124	0.0044053	0	0	0.99933	1248	0.0044053	0.035242	0.017621	0.0044053	0.22112	0	0	227	0.013216	0.0044053	0.20399	0	0	227	0.0088106	0.0044053	0.25794	0	0	227
50226	0																																		
50270	0																																		
50273	0																																		
50336	0																																		
50446	1	13	9	148	571.6	0.027659	0.26429	0	0	0.15977	0.02027	1.7495	1	0.82399	861	0.040541	0.094595	0.0067568	0	0.22302	0	0	148	0.027027	0.02027	0.24183	0	0	148	0	0	0.23838	0	0.02027	145
50680	0																																		
50688	1	29	7	30	1625.9	0.11577	0.037877	0	0	0.095538	0.033333	0	0	1	99	0.13333	0.43333	0	0	0.17896	0.033333	0	30	0	0	0.33074	0.033333	0	30	0	0	0.12459	0.033333	0	30
50732	0																																		
50801	1	20	24	215	2488.3	0.12314	0.32949	0	0	0.12081	0.013953	0	0	0.97682	989	0.018605	0.24651	0.0046512	0.0046512	0.24854	0	0	215	0.0093023	0.0093023	0.22492	0	0	215	0	0	0.21683	0	0	215
50812	0																																		
50842	0																																		
51065	0																																		
51109	0																																		
51128	1	22	23	231	1450	0.19669	0.22166	0.021645	0	0.13055	0.051948	1.3793	2	0.97617	1097	0.04329	0.25541	0.047619	0.047619	0.24752	0	0	231	0.017699	0.017699	0.28567	0	0.021645	226	0.012987	0.012987	0.18767	0	0	231
51153	0																																		
51208	0																																		
51219	1	12	14	477	2915.5	0.079015	0.27211	0.027254	0.0020964	0.18132	0.018868	1.7149	5	0.87951	3520	0.062893	0.067086	0.012579	0.0083857	0.22376	0	0	477	0	0	0.26084	0	0	477	0.020089	0.020089	0.24177	0	0.060797	448
51260	1	7	11	83	640.12	0.16831	0.10665	0	0	0.13739	0	1.5622	1	0.95636	375	0.10843	0.26506	0	0	0.2475	0	0	83	0.024096	0	0.22198	0	0	83	0	0	0.18097	0	0.048193	79
51348	0																																		
51417	0																																		
51428	0																																		
51546	1	16	9	297	1340.9	0.16608	0.3642	0.026936	0	0.31551	0.013468	2.2373	3	0.5982	2628	0.063973	0.16162	0.006734	0.003367	0.22624	0	0	297	0.020202	0.010101	0.21769	0	0	297	0	0	0.22684	0	0	297
51590	0																																		
51692	0																																		
51722	1	17	5	116	425.55	0.42865	0.46016	0.11207	0	0.2514	0.10345	4.6998	2	0.92189	533	0.094828	0.25862	0.051724	0.034483	0.27027	0	0	116	0.051724	0.051724	0.23152	0	0	116	0.086957	0.069565	0.24196	0.017391	0.0086207	115
51736	0																																		
51846	0																																		
51868	1	7	12	343	1376.1	0.020809	0.13264	0.0058309	0	0.21066	0.0029155	0	0	0.62358	2995	0.0029155	0.072886	0.0029155	0.0029155	0.25667	0	0	343	0	0	0.25585	0	0	343	0	0	0.22984	0	0	343
51890	1	15	7	594	2118.5	0.17348	0.42495	0.060606	0.043771	0.10071	0.053872	0.47204	1	0.9938	2922	0.045455	0.03367	0.043771	0.037037	0.24398	0.0016835	0	594	0.052189	0.052189	0.27426	0.0016835	0	594	0.030508	0.023729	0.26454	0.0016949	0.006734	590
51934	0																																		
51964	1	7	2	371	901.92	0.072606	0.036303	0.0053908	0	0.10447	0	0	0	0.98084	2095	0	0.024259	0	0	0.23909	0	0	371	0	0	0.25205	0	0.18598	302	0	0	0.24585	0	0.0053908	369
52044	1	18	22	395	2768.9	0.19827	0.22569	0.037975	0	0.20932	0.037975	0.72231	2	0.97163	2103	0.040506	0.18228	0.0075949	0.0075949	0.25538	0.012658	0	395	0.048223	0.020305	0.28127	0.01269	0.0025316	394	0.0025575	0.0025575	0.23522	0.012788	0.010127	391
52121	1	11	4	180	1188.5	0.2925	0.20502	0.011111	0	0.25324	0	0	0	0.63268	1690	0.0055556	0.11111	0	0	0.23889	0	0	180	0	0	0.22412	0	0	180	0	0	0.24514	0	0.14444	154
52220	1	14	7	308	1274.5	0.41746	0.17408	0.0097403	0	0.10808	0.0097403	0.7846	1	0.98986	1564	0.032468	0.042208	0	0	0.2261	0.0032468	0	308	0.0065147	0.0065147	0.25559	0	0.0032468	307	0.0065574	0.0032787	0.23668	0	0.0097403	305
52286	1	21	8	82	1095.5	0.16189	0.040336	0	0	0.10706	0	0	0	1	423	0.02439	0.21951	0	0	0.22249	0	0	82	0	0	0.29194	0	0.012195	81	0	0	0.19794	0	0	82
52297	0																																		
52338	1	1	5	542	1324.6	0.015739	0.042988	0.0055351	0	0.091446	0.001845	0	0	0.99591	3149	0	0.020295	0	0	0.2314	0	0	542	0.0018484	0.0018484	0.24211	0	0.001845	541	0	0	0.26068	0	0.0073801	538
52352	1	17	11	47	1471.6	0.34389	0.074054	0	0	0.088333	0	0	0	0.99664	182	0.12766	0.44681	0	0	0.2626	0	0	47	0	0	0.25079	0	0.14894	40	0	0	0.12729	0	0	47
52404	0																																		
52558	0																																		
52572	0																																		
52605	1	11	8	130	978.25	0.28186	0.21274	0.015385	0	0.37692	0	1.0222	1	0.88803	873	0.15385	0.24615	0.023077	0	0.3053	0	0	130	0	0	0.26222	0	0.45385	71	0.0076923	0	0.24554	0	0	130
52638	0																																		
52693	1	18	17	593	2212.2	0.22385	0.30648	0.11467	0.064081	0.12587	0.13491	0.45205	1	0.98462	2829	0.015177	0.065767	0.0033727	0.0016863	0.2405	0.010118	0	593	0.0033841	0.001692	0.26456	0.011844	0.0033727	591	0.12479	0.11804	0.16521	0.023609	0	593
52715	0																																		
52759	1	16	7	65	1925.6	0.0077267	0.12714	0.046154	0	0.15504	0	0	0	0.99419	339	0	0.23077	0	0	0.24456	0	0	65	0	0	0.26671	0	0	65	0	0	0.16245	0	0	65
52880	0																																		
53001	0																																		
53111	0																																		
53130	1	8	3	103	180.5	0.1827	0.37601	0	0	0.20815	0	5.5403	1	0.84564	829	0.038835	0.12621	0.0097087	0	0.23428	0	0	103	0	0	0.27647	0	0.76699	24	0.0097087	0	0.25281	0	0	103
53196	0																																		
53342	0																																		
53474	0																																		
53584	0																																		
53658	1	15	8	219	1228.1	0.23834	0.086351	0	0	0.075251	0	0	0	0.93363	1173	0	0.09589	0	0	0.29429	0	0	219	0	0	0.22986	0.0046512	0.018265	215	0	0	0.24953	0	0.082192	201
53749	0																																		
53790	0																																		
53793	1	37	6	808	2208.5	0.25033	0.17879	0.014851	0	0.086338	0.0012376	0.4528	1	0.89237	4585	0.0074257	0.035891	0	0	0.26423	0	0	808	0.0064433	0.0012887	0.26061	0	0.039604	776	0	0	0.24443	0	0.0037129	805
53848	0																																		
53881	1	12	5	155	494.8	0.028258	0.031883	0.012903	0	0.16058	0	2.021	1	0.47767	2281	0.025806	0.058065	0	0	0.22251	0	0.012903	153	0	0	0.24312	0	0	155	0	0	0.24943	0	0	155
53944	0																																		
53980	0																																		
54068	0																																		
54156	0																																		
54255	0																																		
54332	1	16	44	818	4417.5	0.32408	0.24619	0.0978	0	0.26645	0.041565	2.0374	9	0.62211	6988	0.064792	0.25306	0.026895	0.0036675	0.25347	0.002445	0	818	0.040392	0.025704	0.2636	0.002448	0.0012225	817	0.024661	0.011097	0.25179	0.0024661	0.0085575	811
54450	0																																		
54453	1	22	38	419	2966.9	0.11903	0.19325	0.019093	0	0.19039	0.019093	1.6853	5	0.9493	2262	0.076372	0.28878	0.011933	0.0047733	0.24387	0	0	419	0.02864	0.01432	0.27335	0	0	419	0.0023866	0	0.21772	0	0	419
54464	0																																		
54475	0																																		
54508	1	10	5	56	239.06	0.028512	0.22463	0	0	0.16739	0.053571	0	0	0.97696	355	0	0.16071	0	0	0.14909	0	0	56	0.053571	0.053571	0.25324	0	0	56	0	0	0.23495	0	0	56
54629	1	20	4	205	656.94	0.39937	0.3071	0	0	0.089944	0.004878	0	0	0.96416	1041	0	0.02439	0.004878	0.004878	0.25952	0	0	205	0.0049261	0.0049261	0.23354	0	0.0097561	203	0.004878	0.004878	0.17698	0	0	205
54640	0																																		
54692	0																																		
54706	0																																		
54717	0																																		
54882	0																																		
55154	0																																		
55220	1	17	3	97	706.84	0.039633	0.042029	0	0	0.17791	0	0	0	0.9652	562	0.020619	0.082474	0	0	0.19526	0	0	97	0	0	0.20017	0	0	97	0	0	0.26527	0	0	97
55278	1	21	6	319	1489.1	0.015571	0.27212	0.0031348	0	0.075437	0.0062696	0	0	0.89634	1976	0	0.050157	0.0031348	0.0031348	0.23595	0.0094044	0	319	0	0	0.27121	0.0094044	0	319	0	0	0.21444	0.0094044	0	319
55286	0																																		
55322	1	18	9	511	2028.4	0.50035	0.17625	0.013699	0.0039139	0.1219	0.011742	0.49301	1	0.9942	2836	0.019569	0.086106	0.0078585	0.0078585	0.25628	0	0.0039139	509	0.0063158	0.0042105	0.23246	0	0.07045	475	0.0019724	0	0.25573	0	0.0078278	507
55377	0																																		
55443	1	7	23	97	4229.9	0.042588	0.015426	0	0	0.12134	0.010309	0.23641	1	0.97797	312	0.041237	0.46392	0	0	0.26549	0	0	97	0.010753	0.010753	0.20167	0	0.041237	93	0	0	0.13095	0	0	97
55542	1	5	3	477	1827.3	0.26603	0.34928	0.016771	0	0.15051	0.0041929	1.6418	3	0.97958	2726	0.02935	0.044025	0	0	0.26586	0	0	477	0.0043668	0.0043668	0.23938	0	0.039832	458	0	0	0.26416	0	0.0083857	473
55740	1	17	18	657	2817.9	0.10052	0.23733	0.031963	0.021309	0.14533	0.033486	0.70974	2	0.97655	3484	0.019787	0.094368	0.013804	0.006135	0.24875	0	0.0076104	652	0.040689	0.028169	0.2773	0	0.027397	639	0.025118	0.015699	0.25632	0	0.030441	637
55770	0																																		
55773	0																																		
55806	0																																		
56136	0																																		
56144	0																																		
56180	1	18	21	416	2518.8	0.22387	0.1535	0.021635	0	0.13681	0.0048077	0.79404	2	0.82334	2720	0.033654	0.14183	0	0	0.2379	0	0.0024038	415	0.010178	0.0050891	0.26169	0	0.055288	393	0	0	0.25967	0	0.0096154	412
56257	0																																		
56290	0																																		
56334	0																																		
56466	0																																		
56521	1	6	3	12	21.137	0	0.046896	0	0	0.13846	0	0	0	1	33	0	0.16667	0	0	0.3921	0	0	12	0	0	0.40403	0	0	12	0	0	0.33846	0	0	12
56763	1	10	7	130	1278.9	0.14122	0.19241	0.046154	0	0.25062	0.0076923	0	0	0.99589	612	0.030769	0.22308	0.030769	0.0076923	0.30225	0	0	130	0.015873	0	0.25544	0	0.030769	126	0	0	0.25844	0	0	130
56829	0																																		
56862	0																																		
56906	0																																		
56939	1	8	6	412	1117.5	0.47195	0.098377	0.0097087	0	0.075676	0	0	0	0.99356	2172	0.0048544	0.033981	0.0048544	0	0.23139	0	0	412	0.0048544	0	0.25319	0	0	412	0.004878	0	0.22898	0	0.0048544	410
56961	0																																		
56972	1	17	8	131	1447.4	0.39528	0.26549	0.091603	0	0.35672	0.053435	0.69089	1	0.8466	961	0.068702	0.21374	0.0076336	0	0.17677	0	0	131	0.068702	0.022901	0.26578	0	0	131	0.068702	0.045802	0.24745	0.0076336	0	131
57148	0																																		
57280	1	21	7	68	1096.3	0.068025	0.069012	0	0	0.10446	0	1.8243	2	0.98778	323	0.14706	0.17647	0	0	0.2253	0	0	68	0	0	0.24448	0	0	68	0	0	0.16316	0	0	68
57291	0																																		
57346	1	16	8	675	2532.8	0.15665	0.25972	0	0	0.13416	0.002963	0	0	0.99061	3953	0.002963	0.025185	0	0	0.25964	0	0	675	0.002963	0.002963	0.24344	0	0	675	0.002994	0	0.25305	0	0.01037	668
57577	1	13	6	434	1442.2	0.13716	0.054557	0.0069124	0	0.084234	0.0046083	0.69341	1	0.99601	2331	0.0092166	0.02765	0.0023041	0.0023041	0.24354	0.0046083	0	434	0.0046083	0.0046083	0.23865	0.0046083	0	434	0.0046296	0.0023148	0.23254	0	0.0046083	432
57665	0																																		
57709	1	13	18	368	2198.8	0.011192	0.1854	0.040761	0	0.29071	0.024457	0	0	0.81492	2564	0	0.16848	0.032609	0.013587	0.26636	0	0	368	0.063187	0.010989	0.25764	0	0.01087	364	0	0	0.20157	0	0.024457	359
57731	0																																		
57742	1	10	7	277	1227.2	0.043937	0.20977	0	0	0.17908	0.0036101	0	0	0.55038	3241	0.0072202	0.046931	0	0	0.23765	0	0	277	0.0036101	0.0036101	0.27108	0	0	277	0	0	0.24465	0	0.01444	273
57753	0																																		
57764	0																																		
58006	1	8	26	281	2829.1	0.13377	0.28508	0.067616	0	0.25199	0.05694	1.7673	5	0.93294	1380	0.12811	0.25267	0.039146	0.017794	0.24177	0	0	281	0.045283	0.037736	0.24757	0	0.05694	265	0.02847	0.014235	0.19475	0	0	281
58072	1	15	9	230	1717.5	0.10664	0.21418	0.0043478	0	0.16149	0.021739	0	0	0.78729	1668	0.0086957	0.073913	0.030435	0.013043	0.28366	0	0	230	0.013043	0.0086957	0.22505	0	0	230	0	0	0.22318	0	0	230
58237	0																																		
58325	1	13	11	186	632.37	0.30999	0.27701	0	0	0.067307	0.026882	1.5814	1	0.9996	869	0.026882	0.11828	0.016129	0.010753	0.21681	0.0053763	0	186	0	0	0.25312	0.0053763	0	186	0.016304	0.016304	0.22788	0.0054348	0.010753	184
58523	0																																		
58787	0																																		
58919	1	5	13	271	1033.2	0.24755	0.3669	0.0369	0	0.087931	0.02214	0.96786	1	0.99956	1369	0.04797	0.13284	0.02214	0.01476	0.26744	0	0	271	0.0082305	0	0.23994	0	0.10332	243	0.01845	0.0073801	0.17259	0	0	271
65266	1	5	10	125	554.86	0.047357	0.10497	0	0	0.10913	0	1.8022	1	1	557	0.048	0.184	0	0	0.27234	0	0	125	0	0	0.20029	0	0	125	0	0	0.20707	0	0	125
65376	0																																		
65508	0																																		
65948	1	8	14	197	1292.6	0.10145	0.22966	0	0	0.16058	0.0050761	0	0	0.96843	1078	0.020305	0.19289	0.020408	0.005102	0.24823	0	0.0050761	196	0	0	0.24764	0	0.0050761	196	0	0	0.22335	0	0.025381	192
66124	0																																		
66278	1	13	8	72	657.69	0.07927	0.013891	0.027778	0	0.12039	0	0	0	0.95099	360	0.027778	0.23611	0	0	0.19428	0	0	72	0	0	0.2858	0	0	72	0	0	0.14981	0	0	72
66366	1	22	11	569	1704	0.55432	0.37921	0.019332	0	0.11368	0.017575	0.58684	1	0.9761	3032	0.012302	0.045694	0.0052724	0.0035149	0.24436	0	0	569	0.012367	0.0035336	0.24594	0	0.0052724	566	0.016245	0.01444	0.24303	0	0.026362	554
66526	0																																		
66636	0																																		
66652	1	22	7	459	1272.3	0.42632	0.11838	0	0	0.13667	0	0	0	0.76554	4503	0	0.030501	0	0	0.2565	0	0.0043573	457	0	0	0.25994	0	0.1329	398	0	0	0.25613	0	0.010893	454
66718	1	11	9	620	2288	0.44561	0.1389	0.05	0.0016129	0.2714	0.0080645	0.43707	1	0.5754	5070	0.014516	0.027419	0	0	0.23763	0	0	620	0.0080645	0.0080645	0.24474	0	0	620	0.004878	0.004878	0.25458	0	0.0080645	615
66856	0																																		
66872	1	7	10	253	1017.9	0.23515	0.23503	0.12648	0.011858	0.49764	0.043478	0.98244	1	0.83427	1215	0.039526	0.16601	0.0079051	0.0079051	0.24786	0	0	253	0.067194	0.035573	0.29789	0.0079051	0	253	0.011858	0	0.20636	0	0	253
66900	1	15	26	312	2413.8	0.16069	0.24573	0.0064103	0	0.11406	0.012821	0.41429	1	0.98364	1462	0.054487	0.21795	0.0032051	0.0032051	0.26445	0	0	312	0.012821	0.0096154	0.23775	0	0	312	0	0	0.18952	0	0	312
66944	1	5	4	132	344.35	0.2011	0.20144	0.05303	0	0.14206	0	0	0	0.97607	739	0	0.060606	0	0	0.21791	0	0	132	0	0	0.26071	0	0	132	0	0	0.24801	0	0	132
66966	0																																		
67026	1	17	4	660	2502.8	0.40413	0.35614	0	0	0.08069	0.0060606	0	0	0.98711	3484	0	0.019697	0.0015175	0.0015175	0.24211	0	0.0015152	659	0.0063593	0.0063593	0.24872	0	0.04697	629	0.0015267	0.0015267	0.26332	0	0.0075758	655
67164	0																																		
67296	0																																		
67356	0																																		
67620	0																																		
67802	1	14	5	120	1209.2	0.00032071	0.23079	0	0	0.073625	0	0	0	1	598	0	0.075	0	0	0.23616	0	0	120	0	0	0.27566	0	0	120	0	0	0.23778	0	0	120
67824	0																																		
67840	0																																		
67868	1	16	29	448	4523.1	0.040301	0.2211	0.013393	0	0.11264	0.022321	0.88435	4	0.99353	1996	0.046875	0.16964	0	0	0.23845	0.0044643	0	448	0.0022523	0	0.26574	0.0045045	0.0089286	444	0.020134	0.017897	0.25182	0.0044743	0.0022321	447
67898	1	10	1	398	1025.2	0.3609	0.3609	0.020101	0.0025126	0.10564	0.0050251	0.9754	1	0.9729	2491	0.037688	0.025126	0.0075377	0.0050251	0.26439	0	0	398	0.007874	0.0026247	0.2529	0	0.042714	381	0.0050378	0.0050378	0.26541	0	0.0025126	397
67928	1	9	13	305	2576.4	0.30349	0.16455	0.016393	0	0.16061	0	0.77628	2	0.83229	1910	0.045902	0.11803	0	0	0.22742	0	0	305	0	0	0.2051	0	0	305	0	0	0.25753	0	0	305
67942	0																																		
68038	0																																		
68280	1	22	17	343	2016.4	0.4847	0.24284	0.020408	0.020408	0.14451	0.020408	0.49594	1	0.94208	2156	0.03207	0.10496	0	0.0058309	0.26633	0.020408	0	343	0	0.0058309	0.23336	0.020408	0	343	0.0058309	0.0058309	0.213	0.020408	0	343
68308	1	6	5	381	803.23	0.37087	0.37584	0.010499	0	0.11554	0.0052493	0	0	0.96212	2225	0.015748	0.055118	0	0	0.23613	0	0	381	0.010499	0.0052493	0.25777	0	0	381	0	0	0.22538	0	0.0052493	379
68316	0																																		
68346	1	9	21	87	2090.2	0.091705	0.082777	0	0	0.10219	0	0.95687	2	1	266	0.12644	0.42529	0	0	0.26205	0	0	87	0	0	0.28442	0	0	87	0	0	0.25067	0	0	87
68456	0																																		
68654	1	4	8	38	127.72	0.020567	0.31345	0.13158	0	0.12018	0.10526	0	0	0.95638	132	0	0.5	0.078947	0.078947	0.2041	0	0	38	0.026316	0.026316	0.30658	0	0	38	0.026316	0.026316	0.27591	0	0	38
68726	1	13	14	60	2584.9	0	0.054596	0	0	0.12387	0	0.77371	2	1	205	0.21667	0.38333	0	0	0.29036	0	0	60	0	0	0.28469	0	0	60	0	0	0.13347	0	0	60
68748	1	13	7	712	2537.2	0.49212	0.43258	0.01264	0	0.23207	0.014045	0.39414	1	0.4633	10388	0.0042135	0.036517	0.002809	0.002809	0.25058	0	0	712	0.0045524	0.0045524	0.2654	0	0.074438	659	0	0	0.23365	0.0070721	0.0070225	707
68830	1	11	3	200	686.07	0.28615	0.10896	0.01	0	0.13183	0	0	0	0.88218	1081	0	0.035	0	0	0.23512	0	0	200	0.005	0	0.23727	0	0	200	0	0	0.25017	0	0.01	198
69006	1	11	26	538	2871.4	0.19579	0.26057	0.026022	0.0055762	0.14206	0.0092937	0.69653	2	0.87252	3148	0.024164	0.13569	0.016729	0.0037175	0.23613	0	0	538	0.017857	0.0059524	0.26144	0	0.063197	504	0.011194	0	0.22943	0	0.0037175	536
69072	0																																		
69144	1	13	7	296	970.23	0.16536	0.28837	0.016892	0	0.075181	0.010135	1.0307	1	0.99842	1542	0.013514	0.070946	0.0067568	0.0067568	0.24293	0	0	296	0.010204	0.010204	0.28278	0	0.0067568	294	0.0067568	0.0067568	0.24119	0	0	296
69152	1	5	2	281	378.61	0.34079	0.17039	0	0	0.06583	0.0035587	0	0	0.99828	1609	0	0.014235	0	0	0.25939	0	0	281	0.0035587	0.0035587	0.24348	0.0035587	0	281	0	0	0.22602	0	0	281
69232	1	20	7	557	2238.7	0.26135	0.41107	0.066427	0	0.14622	0.019749	0.89337	2	0.78968	4100	0.039497	0.08079	0.0089767	0.0071813	0.24111	0	0	557	0.016364	0.0054545	0.25496	0	0.012567	550	0.014388	0.010791	0.24667	0	0.0017953	556
69254	1	4	9	139	445.79	0.19101	0.26764	0.086331	0	0.16258	0.021583	2.2432	1	0.92117	729	0.057554	0.21583	0.05036	0.014388	0.25359	0	0	139	0.02439	0.0081301	0.23993	0	0.11511	123	0	0	0.1884	0	0	139
69306	1	9	15	213	882.42	0.076956	0.20175	0	0	0.088734	0	2.2665	2	1	979	0.042254	0.15023	0	0	0.26987	0	0	213	0	0	0.23744	0	0	213	0	0	0.19356	0	0	213
69314	1	3	28	798	3481.1	0.079336	0.25201	0.055138	0	0.21295	0.017544	0.8618	3	0.72543	6776	0.038847	0.16667	0.012531	0.0062657	0.25267	0.0025063	0	798	0.018821	0.0087829	0.25745	0.0025094	0.0012531	797	0.012739	0.0038217	0.23827	0.0025478	0.016291	785
69380	0																																		
69386	1	4	4	34	68.277	0.062033	0.19931	0	0	0.15677	0	0	0	0.96472	193	0.058824	0.20588	0	0	0.15597	0	0	34	0	0	0.19875	0	0	34	0	0	0.20262	0	0	34
69394	0																																		
69408	0																																		
69518	0																																		
69556	1	18	11	86	1030	0.013654	0.30971	0.023256	0	0.11141	0.034884	0.9709	1	1	331	0.069767	0.30233	0.05814	0.023256	0.29383	0	0	86	0.028169	0.014085	0.24888	0	0.17442	71	0.034884	0.023256	0.23008	0	0	86
69570	0																																		
69600	0																																		
69618	0																																		
69636	0																																		
69666	1	15	22	498	3397.8	0.12624	0.18846	0	0	0.13749	0.002008	0.58862	2	0.95625	2874	0.024096	0.096386	0	0	0.25869	0	0	498	0	0	0.26077	0	0	498	0.0020243	0.0020243	0.22412	0	0.0080321	494
69772	0																																		
69848	0																																		
69922	1	9	11	56	1729.1	0.29575	0.08714	0	0	0.14191	0	1.1567	2	1	194	0.14286	0.44643	0.017857	0	0.26549	0	0	56	0	0	0.23032	0	0	56	0	0	0.069714	0	0	56
69926	0																																		
69936	1	14	4	136	909.44	0.050869	0.022193	0	0	0.13397	0.0073529	0	0	0.92593	707	0	0.095588	0.014706	0.0073529	0.24855	0	0	136	0	0	0.20158	0	0	136	0	0	0.19518	0	0	136
69952	0																																		
70010	1	8	1	135	234.15	0.095381	0.095381	0	0	0.1125	0	0	0	0.99819	841	0	0	0	0	0.25182	0	0	135	0	0	0.25301	0	0	135	0	0	0.24919	0	0.0074074	134
70084	1	20	10	293	1481.5	0.20035	0.34878	0.05802	0	0.11427	0.040956	1.35	2	0.97243	1515	0.023891	0.13311	0	0	0.22864	0.003413	0	293	0.041667	0.038194	0.2769	0.0034722	0.017065	288	0.017301	0.013841	0.18844	0.0034602	0.013652	289
70112	0																																		
70124	1	18	10	210	1251.8	0.46747	0.33643	0.17619	0	0.58485	0.033333	2.3966	3	0.63876	2566	0.10476	0.26667	0.0047619	0.0047619	0.22578	0.0047619	0	210	0.043269	0.019231	0.26858	0.0096154	0.0095238	208	0.052381	0.014286	0.24527	0.0047619	0	210
70128	0																																		
70178	1	12	6	147	1809.9	0.14204	0.15928	0.0068027	0	0.10837	0.027211	0	0	0.99735	813	0.027211	0.13605	0	0	0.25083	0	0	147	0	0	0.24426	0	0	147	0.041096	0.027397	0.23633	0	0.0068027	146
70186	1	11	9	421	1387.1	0.038466	0.072889	0	0	0.075624	0.0095012	0.72094	1	0.99338	2081	0.0095012	0.057007	0.0023753	0.0023753	0.24423	0.0023753	0	421	0.0023753	0.0047506	0.24355	0.0047506	0	421	0.0075188	0.010025	0.22418	0.0025063	0.052257	399
70222	1	12	9	238	2191	0.065016	0.04356	0.07563	0	0.19475	0.012605	0	0	0.67055	1616	0.02521	0.12185	0.0084034	0	0.23465	0.012605	0	238	0	0	0.22614	0.012605	0	238	0	0	0.2462	0.012605	0	238
70288	1	7	8	34	560.14	0	0.08243	0	0	0.11243	0	3.5705	2	1	81	0.38235	0.29412	0	0	0.17824	0.058824	0	34	0	0	0.18988	0.066667	0.11765	30	0	0	0.16766	0.058824	0	34
70442	0																																		
70472	0																																		
70486	0																																		
70538	1	16	2	138	235.65	0.013682	0.071537	0.028986	0	0.11913	0.0072464	4.2436	1	0.96713	836	0.050725	0.050725	0	0	0.22949	0	0	138	0.0072464	0.0072464	0.26499	0	0	138	0	0	0.25791	0	0	138
70574	0																																		
70612	1	8	7	180	523.61	0.10494	0.11595	0.033333	0.0055556	0.10041	0.038889	0	0	0.98695	1033	0.0055556	0.072222	0.027778	0.027778	0.27065	0	0	180	0.038889	0.038889	0.2129	0	0	180	0	0	0.24006	0	0.061111	169
70640	1	13	16	439	2993.7	0.16926	0.19069	0.018223	0	0.18821	0.013667	0.33404	1	0.77422	3323	0.018223	0.093394	0	0	0.24952	0	0.0045558	437	0.01791	0.01791	0.26504	0.0029851	0.2369	335	0.0045977	0.0045977	0.24472	0.0022989	0.0091116	435
70652	0																																		
70670	0																																		
70692	1	18	11	373	1779.1	0.055946	0.16885	0.013405	0	0.11625	0	0	0	0.81437	2683	0.0053619	0.069705	0.0053619	0	0.25791	0	0	373	0	0	0.26883	0	0.08311	342	0	0	0.22992	0	0.0080429	370
70696	0																																		
70713	1	25	11	191	2417.4	0.17217	0.13074	0	0	0.10927	0.026178	0.82734	2	0.99844	809	0.062827	0.1623	0	0	0.21578	0.026178	0	191	0	0	0.24574	0.026178	0	191	0	0	0.23711	0.026178	0	191
70735	0																																		
70744	0																																		
70750	0																																		
70757	1	6	9	72	431.13	0.07021	0.031518	0	0	0.17903	0.013889	0	0	1	318	0.055556	0.23611	0	0	0.24265	0	0	72	0.013889	0.013889	0.25034	0	0	72	0	0	0.24275	0	0	72
70766	1	21	7	809	2049.9	0.27473	0.24473	0	0	0.11389	0.0049444	0.97567	2	0.80194	6073	0.016069	0.034611	0.0049444	0.0037083	0.26099	0	0	809	0.011139	0.0037129	0.25507	0	0.0012361	808	0.0024783	0.0024783	0.25352	0	0.0024722	807
70779	0																																		
70788	0																																		
70810	0																																		
70816	0																																		
70882	0																																		
70912	1	10	5	673	1978.1	0.23874	0.44816	0.016345	0.0059435	0.074445	0.020802	1.0111	2	0.99308	3404	0.011887	0.014859	0.0059435	0.0014859	0.242	0.0059435	0	673	0.0014903	0.0014903	0.24657	0.0059613	0.0029718	671	0.016492	0.014993	0.25679	0.005997	0.0089153	667
71022	1	16	14	166	1343.8	0.023572	0.20155	0.0060241	0	0.15034	0.024096	0	0	0.95358	909	0.048193	0.20482	0.02439	0.012195	0.28134	0	0.012048	164	0.036145	0.024096	0.2919	0	0	166	0.012346	0.012346	0.25691	0	0.024096	162
71088	0																																		
71092	1	4	8	153	628.49	0.080783	0.17562	0	0	0.086136	0	0	0	0.95526	738	0.013072	0.14379	0	0	0.2594	0	0	153	0	0	0.247	0	0	153	0	0	0.25387	0	0.026144	149
71102	0																																		
71140	0																																		
71286	0																																		
71290	1	16	4	277	1154.5	0.30639	0.25656	0	0	0.10641	0	0	0	0.96839	1714	0	0.025271	0	0	0.22564	0	0	277	0	0	0.25448	0	0	277	0	0	0.23764	0	0.0036101	276
71466	0																																		
71558	0																																		
71638	0																																		
71642	1	10	62	862	4416.3	0.2737	0.31001	0.045244	0.0034803	0.21738	0.040603	1.585	7	0.93795	4826	0.046404	0.21926	0.020882	0.018561	0.24148	0.0046404	0	862	0.032483	0.022042	0.2606	0.0046404	0	862	0.012761	0.0034803	0.22273	0.0046404	0	862
71646	0																																		
71681	0																																		
71704	0																																		
71748	1	8	13	223	873.47	0.23038	0.17254	0.044843	0	0.13368	0.0089686	0	0	0.75889	1473	0.044843	0.1435	0.013453	0.0089686	0.29871	0	0	223	0.013453	0	0.26153	0	0	223	0.0045045	0	0.22686	0	0.0044843	222
71778	1	21	11	495	1725.4	0.23882	0.13959	0	0	0.12381	0.0080808	0	0	0.92174	3500	0	0.042424	0	0	0.26802	0	0	495	0	0	0.23656	0	0.060606	465	0	0	0.25308	0.0081633	0.010101	490
71806	0																																		
71872	1	13	43	474	3445	0.12397	0.18526	0.027426	0	0.19566	0.016878	1.1611	4	0.84453	2751	0.065401	0.24051	0.010549	0.0021097	0.26051	0	0	474	0.016878	0.014768	0.23435	0	0	474	0.010549	0.0021097	0.15777	0	0	474
71902	0																																		
71945	0																																		
71976	0																																		
72055	1	14	7	531	2941.2	0.17661	0.18176	0.045198	0.0018832	0.30403	0.0056497	1.02	3	0.71447	4466	0.054614	0.084746	0.0018832	0.0018832	0.23032	0	0	531	0.024482	0.0056497	0.26256	0	0	531	0.0097276	0	0.24222	0	0.032015	514
72082	0																																		
72092	0																																		
72099	0																																		
72170	1	5	3	428	1235	0.38753	0.28078	0.021028	0	0.1158	0.021028	0	0	0.99758	2287	0	0.053738	0	0	0.24067	0	0	428	0.011682	0.0093458	0.24642	0	0	428	0.021127	0.021127	0.2433	0	0.0046729	426
72174	1	5	6	311	907.82	0.19594	0.032657	0	0	0.078059	0.0096463	0	0	0.99754	1694	0.0096463	0.038585	0.0032154	0.0032154	0.25128	0.0032154	0	311	0.0064935	0.0097403	0.27031	0.0032468	0.0096463	308	0.0064516	0	0.24086	0	0.0032154	310
72196	1	8	8	364	1678.8	0.2674	0.29796	0.021978	0	0.20563	0.019231	0.59567	1	0.83864	2977	0.013736	0.076923	0.0027473	0	0.26861	0	0	364	0.030471	0.019391	0.26163	0	0.0082418	361	0.0083102	0.0055402	0.25311	0	0.0082418	361
72202	0																																		
72236	0																																		
72254	0																																		
72275	1	15	6	635	2849.3	0.48133	0.41448	0.028346	0	0.22284	0.0031496	0	0	0.55564	8634	0.0015748	0.058268	0.0015823	0	0.24951	0	0.0047244	632	0.0015748	0.0015748	0.24861	0	0	635	0.0015949	0.0015949	0.26038	0	0.012598	627
72280	1	9	8	61	1349.3	0.015593	0.099318	0.098361	0	0.10793	0.065574	0	0	1	218	0.032787	0.2623	0	0	0.24208	0	0	61	0	0	0.18619	0	0	61	0	0.039216	0.20197	0.078431	0.16393	51
72298	0																																		
72320	0																																		
72378	0																																		
72386	0																																		
72488	0																																		
72504	0																																		
72570	0																																		
72649	1	12	10	68	1262.9	0.050849	0.12769	0	0	0.070304	0	0.79183	1	1	232	0.11765	0.23529	0	0	0.17283	0	0	68	0	0	0.21802	0	0	68	0	0	0.16208	0	0	68
72742	1	16	4	71	1231.2	0.16624	0.27118	0	0	0.10027	0	0	0	1	288	0	0.098592	0	0	0.17239	0	0	71	0	0	0.21655	0	0	71	0	0	0.26449	0	0	71
72759	1	10	3	272	445.06	0.086095	0.18009	0.036765	0	0.24526	0.018382	2.2469	1	0.49023	3130	0.018382	0.055147	0.0073529	0.0073529	0.22433	0	0	272	0.022059	0.014706	0.27803	0	0	272	0.0039683	0.0039683	0.2179	0	0.073529	252
72760	1	9	2	8	38.028	0	0	0	0	0.25178	0	0	0	1	22	0	0	0	0	0.096688	0	0	8	0	0	0.39774	0	0	8	0	0	0.012871	0	0	8
72764	0																																		
72768	1	11	16	208	1092.7	0.059347	0.10474	0.0096154	0	0.10177	0	0.91514	1	1	1022	0.038462	0.19231	0.0048077	0	0.27099	0	0	208	0	0	0.23041	0	0	208	0	0	0.24406	0	0.0048077	207
72786	1	9	24	963	3894.6	0.10188	0.25131	0.034268	0	0.28061	0.017653	3.5947	14	0.37236	9678	0.11734	0.108	0.007269	0.0020768	0.25285	0	0	963	0.0083074	0.0051921	0.2453	0	0	963	0.012061	0.010965	0.25432	0	0.05296	912
72818	0																																		
72840	1	21	2	190	733.05	0.23405	0.23519	0	0	0.068333	0.010526	0	0	1	982	0	0.052632	0.0052632	0.0052632	0.29574	0	0	190	0.0052632	0	0.27449	0	0	190	0.010526	0.010526	0.27155	0	0	190
72848	0																																		
72940	1	10	10	549	1640.5	0.1339	0.34793	0.003643	0	0.058652	0.010929	1.2191	2	1	2645	0.018215	0.03643	0.0018215	0.0018215	0.24884	0.007286	0	549	0.003643	0.003643	0.23814	0.007286	0	549	0.0018382	0.0018382	0.25648	0.0073529	0.0091075	544
73038	1	24	6	72	819.58	0.4318	0.25351	0	0	0.29886	0.097222	0	0	0.97476	215	0	0.18056	0	0	0.29126	0	0	72	0.10606	0.10606	0.30791	0	0.083333	66	0.013889	0	0.28508	0	0	72
73054	1	14	4	149	480.86	0.11143	0.099005	0	0	0.090753	0.0067114	0	0	0.96892	791	0	0.087248	0.0067114	0	0.2358	0	0	149	0.013423	0.0067114	0.24478	0	0	149	0.013423	0.0067114	0.26534	0	0	149
73068	0																																		
73199	0																																		
73270	0																																		
73324	1	6	1	4	1.9641	0.0061792	0.0061792	0	0	0.1036	0	0	0	1	19	0	0	0	0	0.26433	0	0	4	0	0	0.053516	0	0	4	0	0	0.18097	0	0	4
73336	1	11	21	204	2134.2	0.25489	0.22369	0.053922	0	0.1879	0.04902	0	0	0.74025	1219	0.014706	0.28922	0.044118	0.02451	0.25325	0	0	204	0.025	0.02	0.26075	0	0.019608	200	0.04902	0.02451	0.2073	0	0	204
73380	0																																		
73412	1	13	3	367	909.59	0.33997	0.1307	0.0081744	0	0.075685	0.013624	0	0	0.99976	1801	0	0.029973	0.010899	0.0054496	0.26006	0	0	367	0.0081967	0.0081967	0.24723	0	0.0027248	366	0	0	0.24986	0	0.010899	363
73450	0																																		
73472	0																																		
73500	0																																		
73507	0																																		
73534	0																																		
73538	1	14	4	293	1595.3	0.061812	0.015453	0.03413	0.010239	0.23148	0.017065	1.2537	2	0.56226	3732	0.030717	0.054608	0.030717	0.017065	0.22777	0	0	293	0	0	0.2327	0	0.061433	275	0	0	0.26921	0	0	293
73640	0																																		
73662	0																																		
73688	1	16	23	892	3378.6	0.2271	0.22804	0	0	0.13857	0.014574	0.29598	1	0.87849	6491	0.011211	0.069507	0.0033632	0.0011211	0.24419	0	0	892	0.0089172	0.0076433	0.25066	0	0.11996	785	0.010251	0.0091116	0.26142	0	0.015695	878
73698	1	14	3	103	743.26	0.061248	0.035956	0	0	0.070658	0	0	0	1	457	0.0097087	0.048544	0	0	0.22995	0	0	103	0	0	0.18247	0	0	103	0	0	0.21859	0	0	103
73705	1	13	10	54	1207.3	0.040262	0.10372	0	0	0.14567	0	0.82829	1	0.94231	258	0.11111	0.35185	0	0	0.2495	0	0	54	0	0	0.37627	0	0	54	0	0	0.22373	0	0	54
73727	1	15	6	414	1856.2	0.43975	0.11043	0.0024155	0	0.10912	0.0096618	0.53873	1	0.99825	2272	0.012077	0.024155	0	0.0024155	0.25987	0.0072464	0	414	0.0072464	0.0024155	0.24918	0	0	414	0.0075	0.0075	0.23701	0	0.033816	400
73732	0																																		
73754	0																																		
73793	0																																		
73838	1	13	6	454	1753.7	0.20934	0.26776	0.0066079	0	0.15683	0	0	0	0.74357	3237	0.0044053	0.024229	0	0	0.23713	0	0	454	0	0	0.23208	0	0	454	0	0	0.25103	0	0.0044053	452
73852	0																																		
73926	0																																		
73991	1	10	4	314	611.92	0.20658	0.071838	0	0	0.055615	0.0031847	0	0	0.99787	1708	0.0031847	0.025478	0	0	0.25443	0.0031847	0	314	0	0	0.23445	0.0063694	0	314	0	0	0.19208	0	0	314
73992	0																																		
73996	0																																		
74094	0																																		
74123	1	17	18	258	1719.2	0.21826	0.23748	0.05814	0	0.18872	0.034884	0.58166	1	0.88862	1521	0.042636	0.16667	0.031008	0.003876	0.24448	0	0	258	0.050388	0.034884	0.28072	0	0	258	0	0	0.21623	0	0.0077519	256
74128	0																																		
74146	1	14	9	234	1301.8	0.4326	0.11461	0	0	0.071875	0	0.76819	1	1	1185	0.025641	0.076923	0	0	0.23628	0	0	234	0	0	0.26873	0	0	234	0	0	0.21471	0	0	234
74160	0																																		
74190	1	12	5	153	1133.1	0.15369	0.066452	0.026144	0	0.12256	0.058824	0	0	0.99515	826	0	0.071895	0	0	0.22994	0	0	153	0.065359	0.058824	0.28013	0	0	153	0.054688	0.039062	0.31156	0	0.1634	128
74270	1	22	4	44	350.67	0.049191	0.14971	0	0	0.11327	0	0	0	0.99687	236	0.022727	0.15909	0	0	0.25657	0	0	44	0	0	0.23797	0	0	44	0	0	0.20121	0	0	44
74326	1	10	19	619	2019.6	0.16452	0.34152	0.045234	0	0.229	0.0096931	1.9805	4	0.6684	5908	0.069467	0.10016	0.003231	0.0016155	0.25664	0	0	619	0.022727	0.0081169	0.25935	0	0.0048465	616	0.0048465	0.0016155	0.23979	0	0	619
74336	1	68	17	366	2094.2	0.057287	0.22873	0	0	0.080334	0	0.4775	1	0.99516	1851	0.040984	0.065574	0.0027322	0	0.23321	0	0	366	0	0	0.24583	0.0027322	0	366	0.0027397	0	0.24157	0	0.0027322	365
74380	1	13	3	272	1158.9	0.052113	0.053971	0	0	0.12113	0.0036765	0	0	0.98002	1464	0	0.040441	0.0036765	0.0036765	0.25335	0	0	272	0	0	0.24024	0	0	272	0	0	0.23662	0	0.011029	269
74414	1	4	6	73	236.56	0.053404	0.084927	0	0	0.10955	0	8.4546	2	1	302	0.10959	0.13699	0	0	0.25467	0	0	73	0	0	0.26529	0	0	73	0	0	0.1925	0	0	73
74732	0																																		
74783	0																																		
74784	1	8	5	646	2014.6	0.2125	0.32792	0.082043	0.012384	0.21103	0.029412	3.4747	7	0.9377	3565	0.20743	0.017028	0.0077399	0.0077399	0.22424	0	0	646	0.053042	0.01248	0.25496	0	0.0077399	641	0.035826	0.0093458	0.25364	0	0.006192	642
74810	0																																		
74849	0																																		
74854	1	15	2	238	649.97	0.20535	0.10268	0	0	0.12354	0	0	0	0.93069	1821	0	0.012605	0	0	0.24072	0	0	238	0	0	0.26597	0	0.0042017	237	0	0	0.24786	0	0.0042017	237
74938	0																																		
75004	1	13	9	40	885.35	0.016647	0.035072	0.05	0	0.11744	0.075	1.1295	1	1	109	0.225	0.325	0.05	0	0.26157	0	0	40	0.075	0.075	0.31411	0	0	40	0	0	0.238	0	0	40
75040	1	17	6	315	1585.9	0.31253	0.20289	0	0	0.085651	0.0063492	0.63055	1	0.97019	1660	0.025397	0.079365	0.0095238	0.0031746	0.25518	0	0	315	0.0095238	0.0031746	0.25844	0	0	315	0	0	0.23426	0	0	315
75052	1	10	9	210	1486.6	0.093595	0.16094	0	0	0.1713	0.0095238	0.67266	1	0.22039	3302	0.019048	0.090476	0	0	0.24502	0	0	210	0.044199	0.01105	0.22476	0	0.1381	181	0	0	0.20749	0	0.019048	206
75113	1	21	5	57	127.62	0.0022564	0.15955	0	0	0.067403	0	0	0	1	268	0	0.12281	0	0	0.21761	0	0	57	0	0	0.31864	0	0	57	0	0	0.3135	0	0	57
75128	0																																		
75135	1	14	8	329	2276.6	0.5104	0.28469	0.069909	0.033435	0.12076	0.15198	1.3177	3	0.99624	1308	0.039514	0.066869	0.006079	0.006079	0.2417	0.15502	0	329	0.021341	0.015244	0.24012	0	0.0030395	328	0	0	0.22683	0	0.0030395	328
75158	0																																		
75206	1	10	23	774	3978.4	0.2407	0.28046	0.14858	0.040052	0.42283	0.014212	1.2568	5	0.13729	14690	0.049096	0.10336	0.01292	0.0077519	0.22561	0.001292	0	774	0.010724	0.0067024	0.2512	0.0013405	0.036176	746	0.010458	0.0052288	0.23924	0.0013072	0.011628	765
75289	0																																		
75316	1	15	10	320	1740.9	0.36095	0.13374	0	0	0.072486	0.003125	0	0	0.995	1640	0.00625	0.059375	0.003125	0.003125	0.24539	0	0	320	0	0	0.24714	0	0	320	0	0	0.23392	0	0	320
75334	0																																		
75338	0																																		
75355	0																																		
75377	1	20	3	296	981.31	0.12642	0.042139	0.010135	0	0.10198	0	1.019	1	0.99879	1681	0.013514	0.016892	0	0	0.2352	0	0	296	0	0	0.26244	0	0	296	0	0	0.24279	0	0.0033784	295
75399	0																																		
75488	0																																		
75554	1	4	32	757	4068.9	0.054378	0.23297	0.007926	0	0.11466	0.005284	0.73731	3	0.99487	3740	0.022457	0.073976	0.005291	0.0013228	0.23791	0.0026455	0.001321	756	0.003963	0.001321	0.26079	0.002642	0	757	0.006605	0.003963	0.11529	0.002642	0	757
75590	0																																		
75668	1	14	1	28	44.625	0.050202	0.050202	0	0	0.12935	0	0	0	1	125	0.10714	0	0	0	0.28265	0	0	28	0	0	0.17338	0	0	28	0	0	0.13911	0	0	28
75678	1	15	14	131	3116.2	0.075208	0.11643	0	0	0.076839	0	0.3209	1	1	594	0.061069	0.19847	0	0	0.22519	0	0	131	0	0	0.29811	0	0.0076336	130	0.0076923	0	0.1835	0	0.0076336	130
75700	1	15	12	284	1893.3	0.28956	0.17221	0.045775	0.010563	0.085143	0.028169	0.52817	1	0.92048	1404	0.028169	0.098592	0	0	0.20159	0	0	284	0.038732	0.028169	0.25913	0	0	284	0	0	0.23289	0	0.066901	265
75729	1	18	12	447	1475.5	0.15542	0.18558	0.43624	0.36465	0.849	0.19463	5.4219	8	0.97613	813	0.18345	0.067114	0.098434	0.0044743	0.29096	0	0	447	0.12387	0.036036	0.28004	0.0067568	0.0067114	444	0.31687	0.29218	0.41282	0	0.45638	243
75730	1	11	14	165	892.84	0.25704	0.18253	0	0	0.13268	0.0060606	0	0	0.95946	922	0.012121	0.17576	0.0060606	0.0060606	0.24229	0	0	165	0.0060606	0.0060606	0.24942	0	0	165	0	0	0.25614	0	0	165
75795	1	14	9	295	1650.9	0.13799	0.26035	0.016949	0	0.19043	0.016949	0	0	0.234	7071	0.013559	0.074576	0.003413	0.003413	0.2495	0	0.0067797	293	0.010989	0.007326	0.271	0	0.074576	273	0.010169	0.0067797	0.23281	0	0	295
75862	1	10	17	297	1965.6	0.046507	0.14471	0.040404	0	0.1461	0	0.50875	1	0.71259	1763	0.03367	0.11448	0	0	0.25158	0.003367	0	297	0	0	0.26939	0.003367	0	297	0	0	0.20852	0.003367	0	297
75954	1	21	11	322	1531.5	0.24735	0.52941	0.10248	0	0.4227	0.065217	3.2648	5	0.81482	2464	0.12112	0.26398	0.0125	0.009375	0.2429	0.009375	0.0062112	320	0.068323	0.037267	0.26424	0.0031056	0	322	0.024845	0.015528	0.2482	0.0031056	0	322
75976	1	11	11	44	674.87	0.022652	0.064948	0	0	0.1181	0	1.4818	1	1	141	0.22727	0.40909	0	0	0.31062	0	0	44	0	0	0.10838	0	0	44	0	0	0.070641	0	0	44
76038	1	18	3	402	1504.1	0.34609	0.32673	0	0	0.067357	0	0	0	0.98799	1911	0	0.0074627	0.0024876	0	0.22681	0	0	402	0.0024876	0	0.2451	0	0	402	0	0	0.24312	0	0.0049751	400
76059	1	9	9	100	1559.4	0.26685	0.15237	0.05	0	0.11758	0	0.64126	1	0.82019	506	0.08	0.19	0	0	0.22208	0	0	100	0	0	0.26275	0	0	100	0	0	0.1357	0	0.02	98
76147	1	5	7	679	1822.7	0.68108	0.49413	0.019146	0	0.073848	0.027982	1.0973	2	0.97988	3628	0.019146	0.025037	0.005891	0.005891	0.2524	0	0	679	0.025111	0.023634	0.25832	0	0.0029455	677	0.0074294	0.0044577	0.26024	0.0014859	0.0088365	673
76170	1	23	14	732	3372.7	0.38636	0.28463	0.0027322	0	0.14053	0.010929	0.593	2	0.74218	7063	0.012295	0.043716	0.0095628	0.0081967	0.2734	0	0	732	0.0085592	0.0028531	0.24981	0	0.04235	701	0.0014104	0.0014104	0.24267	0	0.031421	709
76206	0																																		
76228	0																																		
76250	1	16	4	265	1031.7	0.018589	0.012085	0	0	0.064621	0	0	0	1	1190	0.0075472	0.026415	0	0	0.23639	0	0	265	0	0	0.22594	0	0	265	0	0	0.26588	0	0	265
76257	0																																		
76280	1	15	14	226	3211.5	0.39863	0.36846	0.0088496	0	0.1448	0.022124	0.31138	1	0.99969	1183	0.048673	0.17257	0.0088496	0	0.23968	0.0044248	0	226	0.018018	0.018018	0.26028	0.0045045	0.017699	222	0.026549	0.017699	0.19082	0.0044248	0	226
76346	1	48	17	225	1318.1	0.1653	0.19895	0.10667	0	0.37133	0.017778	1.5173	2	0.86317	1434	0.053333	0.25778	0.017778	0.0088889	0.25062	0	0	225	0.0045249	0.0045249	0.23768	0	0.017778	221	0.022222	0.0088889	0.24224	0	0	225
76350	1	97	41	723	3511.4	0.45012	0.33559	0.10512	0	0.41007	0.058091	3.9871	14	0.51307	7506	0.12863	0.27663	0.029046	0.013831	0.26158	0	0	723	0.073306	0.038728	0.29784	0	0	723	0.040166	0.01385	0.24242	0	0.0013831	722
76631	0																																		
76712	0																																		
76822	0																																		
76829	0																																		
76866	1	9	11	82	2620.2	0.19359	0.12204	0	0	0.089586	0	0.38165	1	0.99745	332	0.04878	0.26829	0	0	0.16165	0	0	82	0	0	0.27995	0	0	82	0	0	0.22166	0	0	82
76873	0																																		
76888	1	18	6	80	629.32	0.0010011	0.078265	0.0375	0	0.097585	0	1.589	1	1	326	0.15	0.1	0	0	0.242	0	0	80	0	0	0.29897	0	0	80	0	0	0.19754	0	0	80
76910	0																																		
76922	0																																		
76944	0																																		
76998	1	17	5	345	539.2	0.47391	0.27969	0	0	0.063579	0	0	0	0.97995	1783	0.0086957	0.031884	0.0028986	0	0.25231	0	0	345	0	0	0.23279	0	0.04058	331	0	0	0.24652	0	0	345
77020	0																																		
77054	0																																		
77098	0																																		
77130	0																																		
77328	0																																		
77335	0																																		
77379	0																																		
77394	0																																		
77406	0																																		
77489	0																																		
77604	0																																		
77702	1	21	7	646	1871.9	0.23403	0.063815	0.001548	0	0.12782	0.006192	0	0	0.99987	3383	0	0.027864	0.0031008	0.0031008	0.23444	0	0.001548	645	0.0079745	0.0063796	0.25694	0	0.029412	627	0.0046729	0.0031153	0.24957	0	0.006192	642
77731	0																																		
77846	1	12	9	325	1340.3	0.14182	0.065531	0.0092308	0	0.099688	0	0	0	0.99326	1880	0.0061538	0.052308	0	0	0.26321	0	0.0030769	324	0	0	0.2384	0	0.098462	293	0	0	0.25508	0	0.012308	321
77878	1	8	11	488	2442.7	0.055206	0.12592	0.0020492	0	0.15357	0.0020492	0.40938	1	0.94136	3468	0.0061475	0.092213	0.0020492	0.0020492	0.24482	0	0	488	0	0	0.24525	0	0	488	0.0020576	0	0.25225	0	0.0040984	486
77885	0																																		
77922	0																																		
77978	1	53	5	308	686.7	0.084853	0.31701	0.0064935	0	0.11591	0.029221	1.4562	1	0.97539	1553	0.012987	0.035714	0.019481	0.016234	0.24813	0.012987	0	308	0.012987	0.0097403	0.27273	0.012987	0	308	0.013029	0.013029	0.24064	0.013029	0.0032468	307
78010	0																																		
78032	1	18	5	780	3251.6	0.46113	0.24685	0.033333	0.0076923	0.15398	0.014103	0.61508	2	0.85739	6231	0.020513	0.029487	0.007722	0.003861	0.26025	0	0.0038462	777	0.0026991	0	0.24819	0	0.05	741	0.018301	0.011765	0.25788	0	0.019231	765
78120	1	2	3	228	385.79	0.02911	0.065676	0	0	0.12431	0	0	0	0.98019	1125	0	0.017544	0	0	0.23199	0	0	228	0	0	0.27688	0	0	228	0.004386	0	0.23888	0	0	228
78242	1	17	9	737	2580.9	0.61975	0.29694	0.0054274	0	0.093275	0.012212	0	0	0.99098	4040	0.0027137	0.05156	0.0054274	0.0040706	0.25104	0.0013569	0	737	0.0027248	0.0027248	0.24896	0.0013624	0.0040706	734	0.0083102	0.0055402	0.25695	0	0.020353	722
78259	1	12	2	60	77.132	0.10406	0.27006	0.05	0	0.29738	0	0	0	0.96366	364	0.033333	0.066667	0	0	0.22338	0	0	60	0	0	0.28107	0	0	60	0	0	0.24269	0	0	60
78369	0																																		
78523	0																																		
78582	1	5	3	12	66.273	0	0	0	0	0.095367	0.083333	0	0	1	30	0	0.16667	0	0	0.28035	0	0	12	0.083333	0.083333	0.20262	0	0	12	0	0	0.022367	0	0	12
78677	0																																		
78682	1	8	6	24	149.53	0.33979	0.10268	0	0	0.13838	0	6.6876	1	1	49	0.41667	0.33333	0	0	0.16589	0	0	24	0	0	0.24773	0	0	24	0	0	0.10689	0	0	24
78704	0																																		
78714	0																																		
78743	1	17	16	264	1565.2	0.19486	0.30005	0.022727	0	0.15269	0.022727	0.63891	1	0.84371	1282	0.034091	0.13258	0.034091	0.011364	0.24682	0	0	264	0.011364	0.011364	0.25456	0	0	264	0.0037879	0	0.18662	0	0	264
78890	0																																		
79220	1	12	2	222	594.38	0.45352	0.22676	0.0045045	0	0.14864	0	0	0	0.65989	1816	0.0045045	0.013514	0	0	0.21636	0	0	222	0	0	0.28369	0	0	222	0	0	0.24502	0	0.081081	204
79330	0																																		
79337	0																																		
79418	0																																		
79491	1	6	2	210	409.4	0.39275	0.28106	0.02381	0.019048	0.12452	0.07619	0	0	0.95141	1262	0	0.038095	0.014286	0.0095238	0.27347	0.071429	0	210	0.0095238	0.0047619	0.25358	0	0	210	0.0096618	0.0048309	0.24833	0	0.014286	207
79616	1	18	4	658	1698.2	0.17737	0.25537	0.0075988	0	0.22424	0.0015198	0.58885	1	0.71703	6788	0.0091185	0.025836	0.0015244	0.0015244	0.25163	0	0.0030395	656	0	0	0.24411	0	0.0030395	656	0.0015314	0	0.24117	0	0.0075988	653
79638	0																																		
79689	1	14	9	185	2330.6	0.14189	0.01669	0	0	0.053272	0.0054054	0.42908	1	1	789	0.021622	0.091892	0.0054054	0.0054054	0.25284	0.0054054	0	185	0.0054054	0.0054054	0.27799	0.0054054	0	185	0.0054348	0	0.227	0.0054348	0.0054054	184
79711	0																																		
79755	0																																		
79865	0																																		
80078	0																																		
80672	0																																		
80716	1	15	2	23	443.07	0.11857	0.26528	0	0	0.17361	0	2.257	1	0.99945	132	0.17391	0	0	0	0.24371	0	0	23	0	0	0.29704	0	0	23	0	0	0.36024	0	0	23
81310	0																																		
81420	1	15	6	215	702.64	0.04744	0.20704	0.0093023	0	0.16203	0.032558	0	0	0.99903	1151	0	0.074419	0.0093023	0	0.25524	0	0	215	0.04186	0.032558	0.25652	0	0	215	0	0	0.24855	0	0	215
81662	0																																		
82102	0																																		
82300	0																																		
82322	1	11	5	572	1756.7	0.2629	0.22432	0	0	0.11159	0.006993	0	0	0.96688	3195	0	0.01049	0.0034965	0.0034965	0.24352	0	0	572	0.0052539	0.0035026	0.25631	0	0.0017483	571	0	0	0.23255	0	0.04021	549
82608	0																																		
82652	0																																		
82828	0																																		
83048	0																																		
83070	0																																		
90003	1	17	9	157	780.87	0.091136	0.11192	0	0	0.23282	0.031847	0	0	0.99412	824	0.019108	0.12102	0	0	0.29038	0	0	157	0.038217	0.031847	0.32864	0	0	157	0	0	0.25022	0	0	157
90135	1	9	10	53	821.43	0.00082503	0.21207	0.09434	0.018868	0.13967	0.24528	0	0	0.9944	144	0	0.20755	0.02	0.02	0.23244	0	0.056604	50	0.040816	0	0.19007	0	0.075472	49	0	0	0.17778	0.22642	0	53
90179	1	17	14	111	933.54	0.019614	0.22102	0	0	0.10763	0.009009	0	0	0.91398	522	0	0.27928	0	0	0.26382	0	0	111	0.009009	0.009009	0.28498	0	0	111	0	0	0.19965	0	0	111
90311	0																																		
90487	1	8	6	39	1282.4	0.14516	0.1004	0	0	0.10158	0	0.7798	1	1	154	0.20513	0.25641	0	0	0.31904	0.10256	0	39	0	0	0.24906	0.10256	0	39	0	0	0.16636	0.10256	0	39
90597	0																																		
90663	0																																		
90751	1	30	23	618	2453.8	0.63103	0.38383	0.0032362	0	0.098679	0.016181	0.81507	2	0.99692	3168	0.014563	0.071197	0.0032362	0.0032362	0.2436	0.0080906	0	618	0.005102	0.005102	0.24835	0.0085034	0.048544	588	0	0	0.25238	0.0081037	0.0016181	617
91235	1	13	7	531	1812	0.25534	0.34096	0.024482	0	0.22715	0.013183	0	0	0.6496	5195	0	0.048964	0.0076628	0.0038314	0.2449	0	0.016949	522	0.02277	0.013283	0.28171	0	0.007533	527	0.0018975	0	0.24676	0	0.007533	527
91367	1	7	4	607	1278.5	0.49587	0.49449	0.0016474	0	0.092494	0.0049423	0.78215	1	0.98994	2931	0.0049423	0.037891	0.0032949	0.0032949	0.25044	0	0	607	0.0016502	0.0016502	0.23898	0	0.0016474	606	0	0	0.24523	0	0.0065898	603
91433	0																																		
91609	1	43	9	52	755.48	0.6666	0.28195	0	0	0.1319	0.038462	0	0	1	160	0.019231	0.36538	0	0	0.24501	0	0	52	0.02439	0.02439	0.18803	0	0.21154	41	0.057692	0.019231	0.15308	0	0	52
91653	0																																		
91697	1	2	5	183	360.21	0.12805	0.20047	0.038251	0.021858	0.086229	0.04918	5.5524	2	1	849	0.076503	0.04918	0.010929	0	0.2591	0	0	183	0.016393	0.032787	0.27402	0.038251	0	183	0.016393	0	0.22972	0	0	183
91782	0																																		
91807	0																																		
91917	1	17	19	787	3278	0.68702	0.43898	0.036849	0	0.14828	0.0088945	0.61013	2	0.86758	5004	0.027954	0.11436	0.010165	0.0025413	0.24597	0	0	787	0.011538	0.0064103	0.24648	0	0.0088945	780	0.0025575	0	0.2385	0	0.0063532	782
92049	0																																		
92071	0																																		
92134	1	18	5	345	1485.8	0.55859	0.15583	0	0	0.069816	0	0	0	0.99671	1851	0.011594	0.026087	0	0	0.22206	0	0	345	0	0	0.2507	0	0	345	0	0	0.21219	0	0.0057971	343
92159	1	4	13	369	2042.9	0.12258	0.11666	0.00271	0	0.061228	0.00271	0.48951	1	0.9951	1801	0.02168	0.10027	0.01626	0.00271	0.23857	0	0	369	0.01084	0	0.28175	0	0	369	0.011527	0	0.24822	0	0.059621	347
92225	1	14	9	287	2766.6	0.12248	0.098742	0	0	0.25075	0.0034843	0.72291	2	0.94246	1590	0.034843	0.080139	0.006993	0.0034965	0.23914	0	0.0034843	286	0.0034843	0	0.27005	0	0	287	0.0035211	0	0.21466	0	0.010453	284
92310	0																																		
92379	0																																		
92420	0																																		
92511	0																																		
92552	1	3	4	69	163.05	0.094749	0.29751	0.057971	0.028986	0.30304	0.072464	0	0	0.96695	347	0.028986	0.14493	0	0	0.169	0	0	69	0.057971	0.028986	0.29808	0	0	69	0.057971	0.043478	0.24799	0	0	69
92684	1	19	3	14	638.76	0.015904	0.22298	0.21429	0	0.31542	0.42857	0	0	1	36	0	0.14286	0	0	0.17167	0	0	14	0	0.071429	0.14958	0.35714	0	14	0	0.11111	0.1521	0.11111	0.35714	9
92838	0																																		
92904	1	15	7	73	1019.2	0.035924	0.2655	0.054795	0	0.087134	0.09589	0.98118	1	1	297	0.10959	0.15068	0.027397	0.027397	0.15902	0.054795	0	73	0.041096	0.013699	0.24562	0.054795	0	73	0	0	0.24524	0.054795	0	73
92907	1	11	8	38	1502.3	0.017019	0.15438	0	0	0.10174	0	0.66567	1	1	113	0.21053	0.44737	0	0	0.20989	0.026316	0	38	0	0	0.23476	0.026316	0	38	0	0	0.021724	0.026316	0	38
92992	1	3	8	140	546.26	0.014538	0.087629	0	0	0.10476	0	0	0	1	731	0.014286	0.10714	0	0	0.22247	0	0	140	0	0	0.22184	0	0	140	0	0	0.21739	0	0	140
93105	1	9	11	475	2101.6	0.039156	0.099288	0.0063158	0	0.11102	0.0042105	0.47582	1	0.76633	3427	0.021053	0.094737	0.0042105	0.0021053	0.25341	0	0	475	0	0	0.24411	0	0.0042105	473	0.0063158	0.0021053	0.26957	0	0	475
93146	0																																		
93171	0																																		
93234	1	9	5	20	131.49	0.29122	0.078103	0	0	0.10558	0	0	0	1	65	0	0.3	0	0	0.34731	0	0	20	0	0	0.14909	0	0	20	0	0	0.099422	0	0	20
93237	0																																		
93325	0																																		
93545	1	11	1	64	109.2	0.012819	0.012819	0	0	0.077336	0	0	0	1	344	0	0	0	0	0.25762	0	0	64	0	0	0.26464	0	0	64	0	0	0.24143	0	0	64
93652	0																																		
93655	1	6	8	110	2437.7	0.0033293	0.038329	0	0	0.22663	0	0	0	0.69859	762	0.018182	0.15455	0	0	0.2319	0	0	110	0	0	0.23751	0	0	110	0	0	0.23409	0	0	110
93677	1	16	17	210	1616.5	0.032472	0.15114	0.0095238	0	0.12355	0.038095	0	0	0.99509	952	0.02381	0.18571	0.0095238	0.0095238	0.26744	0	0	210	0.048544	0.038835	0.30977	0	0.019048	206	0	0	0.23087	0	0	210
93696	1	7	5	249	657.71	0.072338	0.14207	0.024096	0	0.13037	0.012048	0	0	0.69215	1745	0	0.068273	0.0040323	0.0040323	0.23449	0	0.0040161	248	0.012048	0.0080321	0.24653	0	0	249	0.0040161	0	0.23469	0	0	249
93776	0																																		
93875	0																																		
93919	1	5	6	163	1594.1	0.30012	0.30708	0.030675	0	0.14217	0.006135	0	0	0.5959	1613	0.030675	0.10429	0	0	0.30391	0.006135	0	163	0	0	0.25489	0.008	0.23313	125	0	0	0.26615	0.006135	0	163
93960	0																																		
94007	0																																		
94029	1	10	12	268	3356.2	0.017041	0.035773	0.0037313	0	0.10418	0.0074627	0.29796	1	0.97998	1494	0.029851	0.10075	0.0037313	0.0037313	0.20503	0	0	268	0.0037313	0.0037313	0.28741	0	0	268	0.0074627	0.0074627	0.23383	0	0	268
94092	1	13	5	518	2087.3	0.61318	0.24527	0.013514	0	0.10105	0.015444	1.4372	3	0.98535	2804	0.027027	0.027027	0.007722	0.003861	0.25362	0	0	518	0.003861	0	0.25101	0	0	518	0.015936	0.015936	0.25253	0	0.030888	502
94095	0																																		
94180	0																																		
94224	1	17	6	216	1414.4	0.1953	0.097113	0.023148	0	0.1962	0.0046296	0	0	0.79713	1645	0	0.10648	0.0092593	0.0046296	0.24414	0	0	216	0.0046512	0.0046512	0.27568	0	0.0046296	215	0.018519	0.0046296	0.21449	0	0	216
94293	1	16	13	918	3359.8	0.3773	0.3463	0.0021786	0	0.10483	0.003268	0	0	0.96165	5219	0.0076253	0.045752	0.0021954	0.0010977	0.23587	0	0.0076253	911	0.0033595	0.0022396	0.25554	0	0.027233	893	0.0022396	0	0.25237	0	0.027233	893
94392	1	5	11	456	2451.5	0.30058	0.15407	0.070175	0	0.24465	0.050439	2.0395	5	0.53457	3710	0.067982	0.078947	0.0065789	0.0087719	0.27417	0.002193	0	456	0.024176	0.01978	0.26453	0	0.002193	455	0.040632	0.029345	0.24139	0	0.028509	443
94546	1	13	4	601	1728.2	0.15216	0.34508	0.011647	0	0.13461	0.0033278	0	0	0.75236	5366	0	0.011647	0	0	0.24125	0	0.0033278	599	0.0035026	0.0035026	0.24823	0	0.049917	571	0	0	0.24135	0	0.036606	579
94557	0																																		
94656	0																																		
94678	1	8	4	231	848.16	0.15204	0.21489	0.025974	0	0.3	0.008658	0	0	0.29761	3531	0.004329	0.038961	0.02193	0.004386	0.24252	0	0.012987	228	0	0	0.23167	0	0	231	0.0043478	0.0043478	0.27325	0	0.004329	230
94796	0																																		
94876	0																																		
94942	1	10	4	274	691.66	0.23947	0.51709	0.018248	0	0.074701	0.014599	0	0	0.98794	1362	0.0072993	0.072993	0.010949	0.0036496	0.2588	0	0	274	0.014652	0.014652	0.23446	0	0.0036496	273	0	0	0.24371	0	0	274
95074	1	10	12	219	1626.9	0.012646	0.062643	0	0	0.092822	0.0045662	0.61467	1	0.99973	1070	0.018265	0.11416	0.0045662	0.0045662	0.25742	0	0	219	0.0045662	0.0045662	0.27284	0.0045662	0	219	0	0	0.25512	0.0045662	0	219
95151	1	61	8	110	626.54	0.058043	0.18113	0	0	0.14694	0	1.5961	1	0.97879	575	0.036364	0.22727	0.0090909	0	0.18049	0	0	110	0	0	0.25525	0	0	110	0	0	0.20966	0	0.027273	107
95162	0																																		
95170	1	15	11	158	1483.9	0.13599	0.16851	0	0	0.11943	0.018987	0	0	1	731	0.031646	0.13924	0	0	0.24594	0	0	158	0.018987	0.018987	0.20201	0	0	158	0	0	0.18833	0	0	158
95173	0																																		
95184	1	3	10	92	710.48	0.023231	0.022404	0	0	0.18849	0	0	0	0.48338	829	0.021739	0.17391	0	0	0.25991	0	0	92	0	0	0.25826	0	0	92	0	0	0.21472	0	0	92
95305	0																																		
95316	0																																		
95327	0																																		
95361	0																																		
95371	0																																		
95405	1	17	4	221	1346	0.12414	0.16399	0.0090498	0	0.18791	0	0	0	0.79037	1890	0.0045249	0.058824	0	0	0.2651	0	0	221	0.0045249	0	0.25732	0	0	221	0	0	0.25482	0	0	221
95412	1	12	12	451	2280	0.26416	0.16182	0	0	0.12679	0.0044346	0.43859	1	0.98304	2268	0.017738	0.073171	0	0	0.25183	0.0044346	0	451	0	0	0.24646	0.0044346	0	451	0	0	0.2432	0.0044843	0.011086	446
95492	0																																		
95500	1	15	4	327	943.45	0.12755	0.044773	0.0061162	0	0.17691	0	0	0	0.64015	3865	0.0061162	0.0091743	0	0	0.26683	0	0.0091743	324	0	0	0.24677	0	0.0030581	326	0	0	0.25487	0	0.051988	310
95503	0																																		
95544	0																																		
95625	0																																		
95646	0																																		
95690	1	13	7	287	1335.3	0.014896	0.13597	0	0	0.090019	0.0069686	0	0	0.99906	1455	0	0.04878	0.0069686	0	0.23527	0	0	287	0.013937	0.0069686	0.26336	0	0	287	0	0	0.25606	0	0.010453	284
95713	0																																		
95756	0																																		
95800	0																																		
95877	0																																		
95899	1	69	19	521	2088.5	0.19156	0.27818	0.078695	0.049904	0.14059	0.090211	0.95763	2	0.98786	2161	0.11708	0.084453	0.017274	0.0095969	0.23727	0.0038388	0	521	0.067179	0.055662	0.27299	0.028791	0	521	0	0	0.22525	0	0	521
95911	1	5	1	32	45.454	0.47872	0.47872	0.09375	0	0.50906	0.125	22	1	0.93136	282	0.125	0.03125	0.2381	0.14286	0.42892	0	0.34375	21	0.21875	0.03125	0.24201	0	0	32	0	0	0.23866	0	0	32
95933	0																																		
96042	0																																		
96130	0																																		
96218	0																																		
96251	1	15	3	14	398.33	0.041828	0.19252	0	0	0.1249	0.071429	0	0	1	52	0	0.14286	0.071429	0.071429	0.2214	0	0	14	0	0	0.15756	0	0	14	0	0	0.23136	0	0	14
96306	1	11	6	477	1771.6	0.42867	0.22917	0.014675	0	0.089088	0.0083857	0	0	0.99709	2479	0.0041929	0.031447	0.0021097	0.0021097	0.25935	0	0.0062893	474	0	0.0045662	0.23528	0.0045662	0.081761	438	0.0021142	0.0021142	0.24034	0	0.0083857	473
96328	0																																		
96383	1	14	16	229	2243.8	0.19332	0.19346	0.061135	0	0.26857	0.0087336	0.44567	1	0.71266	2101	0.034934	0.25764	0.0088496	0.0088496	0.24177	0	0.0131	226	0.0044248	0	0.26466	0	0.0131	226	0	0	0.23107	0	0.25328	171
96461	0																																		
96526	0																																		
96636	1	12	12	48	2401.9	0.0031488	0.046306	0	0	0.11444	0.020833	0	0	1	133	0.041667	0.39583	0	0	0.23251	0	0	48	0.020833	0.020833	0.24961	0	0	48	0	0	0.176	0	0	48
96644	0																																		
96658	0																																		
96680	1	24	12	163	1895.8	0.23864	0.18872	0.02454	0.02454	0.12289	0.02454	1.055	2	0.96735	812	0.06135	0.17178	0	0	0.26271	0.018405	0	163	0	0	0.19653	0.01227	0	163	0	0	0.20965	0.028986	0.15337	138
96757	0																																		
96864	1	21	4	84	417.87	0.055419	0.065958	0.13095	0	0.24947	0.02381	2.3931	1	0.99747	380	0.095238	0.21429	0.035714	0.02381	0.31608	0	0	84	0	0	0.27703	0	0	84	0.011905	0	0.22173	0	0	84
96911	0																																		
96944	0																																		
96977	0																																		
97010	0																																		
97033	1	32	10	93	1455.3	0.14061	0.10598	0	0	0.18844	0	0.68714	1	0.82335	559	0.11828	0.23656	0	0	0.218	0	0	93	0	0	0.22437	0	0.1828	76	0	0	0.14222	0	0.043011	89
97062	1	15	5	228	1038.9	0.047646	0.34804	0.074561	0	0.18087	0.004386	0.9626	1	0.93491	1642	0.04386	0.074561	0	0	0.24059	0	0	228	0.02193	0	0.26727	0	0	228	0.0089686	0	0.24734	0.0044843	0.02193	223
97084	1	12	18	342	2674.6	0.021011	0.10736	0.017544	0	0.21172	0.005848	0	0	0.69655	2672	0.017544	0.10526	0.005848	0.005848	0.25787	0	0	342	0.014706	0.0058824	0.25362	0	0.005848	340	0	0	0.22273	0	0	342
97172	0																																		
97231	1	18	7	730	2627.8	0.50455	0.19806	0.030137	0	0.14606	0.009589	1.1417	3	0.9225	4325	0.050685	0.063014	0.0027397	0.0013699	0.24147	0	0	730	0.0054945	0.0054945	0.25893	0	0.0027397	728	0.0041667	0.0027778	0.24648	0	0.013699	720
97260	1	6	4	667	1869.6	0.079561	0.19324	0.017991	0	0.15578	0.0014993	0.53488	1	0.9195	4163	0.010495	0.01949	0.0074963	0.0014993	0.25444	0	0	667	0.0015038	0	0.26807	0	0.0029985	665	0	0	0.23322	0	0.005997	663
97304	0																																		
97407	0																																		
97473	1	8	5	24	1202.1	0.43587	0.10205	0	0	0.15565	0	0	0	1	77	0	0.25	0	0	0.12916	0	0	24	0	0	0.32048	0	0.29167	17	0	0	0.18039	0	0	24
97539	0																																		
97722	0																																		
98000	0																																		
98045	0																																		
98067	0																																		
98111	0																																		
98294	1	75	31	249	3403.2	0.1644	0.36427	0.064257	0	0.24095	0.056225	1.1754	4	0.67737	1651	0.096386	0.31325	0.0040161	0.0040161	0.27153	0.0080321	0	249	0.044177	0.036145	0.2811	0.0080321	0	249	0.024096	0.012048	0.20932	0.0080321	0	249
98298	1	12	11	44	446.41	0.078565	0.066763	0	0	0.11498	0.022727	6.7203	3	1	106	0.36364	0.40909	0	0	0.27016	0	0	44	0	0	0.2932	0.022727	0	44	0	0	0.028258	0	0	44
98338	1	13	5	135	246.47	0.025564	0.29819	0.02963	0	0.12606	0	4.0573	1	0.65727	1080	0.02963	0.066667	0	0	0.24753	0	0	135	0	0	0.27817	0	0	135	0	0	0.2975	0	0	135
98352	0																																		
98353	1	13	8	71	1941	0.11541	0.096577	0	0	0.18367	0.028169	1.0304	2	0.97066	359	0.19718	0.22535	0.028169	0.014085	0.20861	0	0	71	0.028169	0.028169	0.33805	0	0	71	0	0	0.19902	0	0	71
98382	1	12	13	118	1487.8	0.14794	0.14479	0	0	0.091008	0.0084746	0	0	1	552	0.033898	0.22881	0.0084746	0.0084746	0.22414	0	0	118	0.0084746	0	0.25871	0.0084746	0	118	0.010417	0.010417	0.21133	0	0.18644	96
98441	0																																		
98452	1	6	3	320	850.86	0.060861	0.020287	0.003125	0	0.22967	0.003125	0	0	0.36315	5743	0.00625	0.0125	0.0031646	0.0031646	0.24211	0	0.0125	316	0	0	0.23379	0	0	320	0	0	0.28603	0	0.003125	319
98470	1	11	6	346	1638.3	0.16702	0.25676	0.083815	0.0057803	0.16627	0.063584	1.2208	2	0.90349	2157	0.026012	0.080925	0.037572	0.020231	0.23832	0.011561	0	346	0.031792	0.028902	0.25074	0.011561	0	346	0.031884	0.023188	0.25949	0.011594	0.0028902	345
98474	1	14	5	20	974.52	0.13546	0.17624	0	0	0.15185	0	1.0261	1	1	54	0.3	0.3	0	0	0.25696	0	0	20	0	0	0.24008	0	0	20	0	0	0.12731	0	0	20
98529	1	16	10	263	1323.3	0.15707	0.17808	0.0076046	0	0.078497	0.0038023	0.75569	1	0.96509	1306	0.026616	0.13308	0	0	0.24721	0.0076046	0	263	0	0	0.22676	0	0.21293	207	0	0	0.21951	0	0	263
98660	1	18	3	659	1183.5	0.11351	0.17618	0	0	0.15255	0.0060698	0	0	0.78205	6273	0.0015175	0.0075873	0	0	0.26284	0	0	659	0.006079	0.006079	0.2387	0	0.0015175	658	0.004717	0.004717	0.25523	0	0.034901	636
98704	1	2	1	36	38.262	0.0058652	0.0058652	0	0	0.12442	0	0	0	1	227	0	0	0	0	0.32416	0	0	36	0	0	0.23342	0	0	36	0	0	0.24069	0	0	36
98756	0																																		
98760	1	7	3	30	52.035	0.22936	0.35779	0.066667	0	0.26364	0	0	0	0.88717	231	0	0.2	0.066667	0	0.27295	0	0	30	0	0	0.21815	0	0	30	0	0	0.25153	0	0	30
98778	1	8	8	791	2391.9	0.059722	0.17091	0.0075853	0	0.14583	0.0088496	0	0	0.90984	6032	0.0025284	0.021492	0.0037927	0.0037927	0.24082	0	0	791	0.0075853	0.0050569	0.24724	0	0	791	0.0012706	0.0012706	0.24952	0	0.0050569	787
98793	0																																		
98800	0																																		
98804	0																																		
98844	1	6	32	748	5427.5	0.47545	0.32972	0.11364	0.024064	0.23821	0.048128	1.1055	6	0.83432	4806	0.062834	0.17112	0.030914	0.021505	0.25743	0	0.0053476	744	0.024745	0.016012	0.24612	0	0.081551	687	0.012517	0.012517	0.24634	0	0.03877	719
98870	0																																		
98881	0																																		
98947	1	20	4	145	403.98	0.071354	0.29687	0.02069	0	0.13319	0.0068966	0	0	0.9988	844	0.013793	0.068966	0.0068966	0.0068966	0.24461	0	0	145	0.006993	0.006993	0.21461	0	0.013793	143	0.0068966	0.0068966	0.25494	0	0	145
99012	0																																		
99035	1	19	2	363	942.37	0.35882	0.40693	0.013774	0	0.10636	0.013774	0	0	0.95761	2235	0	0.035813	0.0055402	0	0.24318	0	0.0055096	361	0.019284	0.013774	0.25937	0.0027548	0	363	0.0027701	0.0027701	0.25629	0.0027701	0.0055096	361
99057	0																																		
99078	0																																		
99156	0																																		
99178	0																																		
99218	1	15	3	177	1042.9	0.31474	0.37908	0	0	0.13343	0	0	0	0.78108	1144	0	0.028249	0	0	0.24805	0	0	177	0	0	0.25823	0	0	177	0	0	0.23929	0	0.14124	152
99232	1	17	4	538	1700.8	0.13513	0.18608	0.050186	0.0092937	0.22831	0.026022	0.58797	1	0.51569	5591	0.018587	0.022305	0.01487	0.0074349	0.24509	0	0	538	0.020638	0.018762	0.24651	0	0.0092937	533	0.009311	0	0.24449	0	0.0018587	537
99284	1	12	5	20	462.82	0	0.077316	0	0	0.14032	0	0	0	1	63	0.1	0.3	0	0	0.34448	0	0	20	0	0	0.19716	0	0	20	0	0	0.16399	0	0	20
99365	0																																		
99372	0																																		
99376	0																																		
99416	0																																		
99438	0																																		
99518	0																																		
99526	0																																		
99548	0																																		
99563	1	16	11	956	3215.1	0.53171	0.39881	0.013598	0	0.16884	0.01046	0.31103	1	0.81769	7016	0.0083682	0.052301	0.0031381	0.001046	0.24766	0	0	956	0.0064378	0.0053648	0.2533	0	0.025105	932	0.010834	0.0054171	0.2516	0	0.034519	923
99636	0																																		
99651	0																																		
99695	0																																		
99702	1	2	9	37	329.39	0.15005	0.046342	0	0	0.1125	0	0	0	1	102	0.054054	0.35135	0	0	0.32393	0	0	37	0	0	0.24291	0	0	37	0	0	0.051586	0	0	37
99716	1	13	19	828	3132.9	0.30702	0.19693	0.020531	0	0.16345	0.0157	0.95759	3	0.9325	4818	0.02657	0.066425	0.0084541	0.0084541	0.24253	0	0	828	0.0096618	0.0072464	0.24022	0	0	828	0.0049505	0	0.24743	0	0.024155	808
99728	0																																		
99768	0																																		
99782	1	18	16	352	2929.1	0.20657	0.23439	0.014205	0	0.16286	0.011364	0	0	0.93789	2180	0.025568	0.14773	0.0028409	0.0028409	0.23106	0	0	352	0.011429	0.0085714	0.26194	0	0.0056818	350	0	0	0.23114	0	0.0056818	350
99816	0																																		
99826	1	18	10	474	2330	0.13022	0.11598	0.027426	0.0021097	0.17608	0.018987	0.85838	2	0.84593	2985	0.035865	0.059072	0.012658	0.0084388	0.25558	0	0	474	0.0089286	0.0066964	0.23649	0	0.054852	448	0.019027	0.014799	0.25291	0	0.0021097	473
99838	1	14	19	1002	4250.1	0.39177	0.27128	0.002994	0	0.17592	0.00499	0.47058	2	0.9274	7397	0.031936	0.091816	0.002	0.002	0.24618	0	0.001996	1000	0.0030181	0.001006	0.24167	0	0.007984	994	0.0020161	0.0020161	0.25322	0	0.00998	992
99860	0																																		
99959	1	13	1	12	11.124	0	0	0	0	0.098238	0	0	0	1	60	0	0	0	0	0.22587	0	0	12	0	0	0.28501	0	0	12	0	0	0.018727	0	0	12
99966	1	17	6	50	796.98	0.065478	0.067785	0	0	0.18931	0.02	0	0	0.98183	235	0	0.2	0.02	0.02	0.30057	0	0	50	0	0	0.29071	0	0	50	0.06	0.02	0.16084	0	0	50
100002	0																																		
100032	0																																		
100080	1	17	3	74	547.25	0.0086651	0.0028884	0	0	0.16279	0	0	0	0.78055	603	0	0.054054	0	0	0.25345	0	0	74	0	0	0.20201	0	0	74	0	0	0.22441	0	0	74
100102	0																																		
100135	1	14	12	809	3508	0.092877	0.44487	0.02843	0	0.25018	0.012361	0.8552	3	0.30443	12401	0.024722	0.053152	0.0024783	0	0.24722	0	0.0024722	807	0.014589	0.01061	0.23804	0	0.067985	754	0.0087391	0.0024969	0.25385	0	0.0098888	801
100157	1	5	6	271	686.33	0.20612	0.35481	0.01107	0	0.09826	0.00369	0	0	0.95487	1415	0.02214	0.02952	0.00369	0	0.24091	0	0	271	0.01107	0.00369	0.26449	0	0	271	0.0044053	0	0.16676	0	0.16236	227
100179	0																																		
100190	1	22	11	220	1877.5	0.22162	0.32861	0.045455	0.0090909	0.11493	0.072727	0.53261	1	0.97898	971	0.045455	0.13182	0.0045455	0.0045455	0.19654	0.022727	0	220	0.05	0.045455	0.29205	0.022727	0	220	0.0090909	0	0.24483	0.022727	0	220
100200	0																																		
100222	1	113	44	1487	4771.2	0.35857	0.47436	0.13652	0.030262	0.38707	0.069267	3.5631	17	0.69609	15517	0.096839	0.21991	0.057162	0.047747	0.27601	0	0	1487	0.031655	0.022302	0.24846	0.0021583	0.065232	1390	0.04375	0.038194	0.26155	0.00069444	0.031607	1440
100245	1	12	5	207	1379.3	0.49138	0.41489	0.0096618	0	0.12395	0	0	0	0.99985	1158	0	0.13043	0	0	0.24332	0	0	207	0	0	0.2113	0	0.028986	201	0	0	0.23639	0	0.05314	196
100289	0																																		
100322	1	16	3	273	490.81	0.46042	0.32969	0	0	0.14483	0	0	0	0.99818	1375	0	0.018315	0	0	0.25023	0	0	273	0	0	0.24412	0	0	273	0	0	0.25992	0	0	273
100420	1	14	8	248	1053.3	0.059109	0.1797	0.0080645	0	0.0935	0.0040323	0	0	0.98337	1267	0	0.064516	0.0040323	0.0040323	0.21532	0	0	248	0	0	0.25013	0	0.10484	222	0	0	0.25433	0	0.0040323	247
100421	1	7	10	456	1581.3	0.093676	0.15826	0.002193	0	0.17147	0.004386	0	0	0.88181	3187	0.015351	0.032895	0	0	0.23613	0	0	456	0.0045872	0.0045872	0.25547	0	0.04386	436	0	0	0.21939	0	0.0065789	453
100464	0																																		
100486	0																																		
100564	1	8	3	272	509.83	0.22441	0.29515	0	0	0.08446	0.011029	0	0	0.98343	1500	0	0.025735	0.0073801	0.0073801	0.23416	0	0.0036765	271	0.014815	0.0074074	0.22445	0	0.0073529	270	0.0038023	0.0038023	0.26213	0	0.033088	263
100640	1	3	3	83	209.74	0.15784	0.18787	0.012048	0	0.11016	0.060241	0	0	1	368	0	0.072289	0	0	0.21443	0	0	83	0.012048	0.012048	0.23864	0.060241	0	83	0	0	0.09565	0	0	83
100728	0																																		
100850	0																																		
100861	0																																		
100927	0																																		
101004	1	2	2	22	34.582	0.22665	0.50856	0.18182	0	0.28842	0.27273	0	0	1	113	0	0.045455	0.27273	0.22727	0.34681	0	0	22	0.13636	0.13636	0.30996	0.045455	0	22	0.045455	0.045455	0.083427	0	0	22
101092	0																																		
101169	0																																		
101224	1	12	16	161	1365	0.14992	0.26229	0.068323	0.012422	0.11666	0.080745	0	0	1	621	0.012422	0.18634	0.0062112	0.0062112	0.22152	0	0	161	0.055901	0.037267	0.31186	0	0	161	0.05	0.05	0.23599	0	0.0062112	160
101454	1	13	9	438	3082.3	0.057743	0.18764	0.0022831	0	0.20909	0.0068493	0.9733	3	0.86645	3302	0.02968	0.070776	0.0091324	0.0068493	0.25235	0	0	438	0.0022831	0.0022831	0.23697	0	0	438	0.0023148	0.0023148	0.24484	0	0.013699	432
101466	1	7	3	22	53.16	0.043757	0.1865	0	0	0.12746	0	18.811	1	1	109	0.18182	0.22727	0	0	0.23006	0	0	22	0	0	0.17729	0	0	22	0	0	0.18714	0	0	22
101488	0																																		
101498	1	10	6	288	1561.5	0.062764	0.13007	0.020833	0	0.14203	0.0069444	2.5616	4	0.97597	1547	0.097222	0.041667	0.0069444	0.0069444	0.24922	0	0	288	0.0034843	0	0.26452	0	0.0034722	287	0	0	0.2307	0	0	288
101520	0																																		
101532	0																																		
101554	1	13	21	569	2142.2	0.35466	0.23811	0.0017575	0	0.13711	0.0035149	0	0	0.75711	3842	0.0035149	0.080844	0.0052724	0	0.23813	0	0	569	0.026596	0.0035461	0.24733	0	0.0087873	564	0.0035461	0	0.26254	0	0.0087873	564
101565	0																																		
101675	1	11	17	440	2931	0.15735	0.12797	0.10227	0.015909	0.33935	0.045455	1.3647	4	0.42261	4388	0.077273	0.13409	0.0091116	0	0.26645	0	0.0022727	439	0.081818	0.045455	0.25349	0	0	440	0	0	0.25805	0	0.018182	432
101828	1	34	12	861	2653.1	0.06855	0.2932	0.0023229	0	0.11356	0.030197	0	0	0.98729	4200	0.0058072	0.033682	0.017462	0.011641	0.24765	0.012806	0.0023229	859	0.0046458	0.0011614	0.26236	0.018583	0	861	0.0023256	0.0011628	0.22326	0	0.0011614	860
101873	0																																		
102005	0																																		
102082	0																																		
102247	1	13	10	43	561.37	0.20974	0.036709	0	0	0.10206	0.093023	0	0	1	123	0.046512	0.44186	0.093023	0.093023	0.34875	0	0	43	0	0	0.36548	0	0	43	0	0	0.0915	0	0	43
102643	1	19	4	16	874.86	0.33316	0.14243	0	0	0.14236	0	0	0	1	42	0	0.25	0	0	0.19018	0	0	16	0	0	0.14405	0	0.25	12	0	0	0.21785	0	0	16
102841	1	11	14	176	1820.7	0.073478	0.097575	0	0	0.08133	0	0.54923	1	1	745	0.056818	0.15341	0	0	0.23055	0	0	176	0	0	0.24052	0	0.14205	151	0	0	0.21237	0	0	176
102940	0																																		
103039	0																																		
103061	1	4	8	34	230.3	0.020269	0.15267	0	0	0.1246	0	0	0	1	112	0.058824	0.38235	0	0	0.28371	0	0	34	0	0	0.1806	0	0	34	0	0	0.10524	0	0	34
103193	1	2	1	18	26.313	0.032291	0.032291	0	0	0.14859	0	0	0	0.99241	91	0	0.055556	0	0	0.30898	0	0	18	0	0	0.25874	0	0	18	0	0	0.30188	0	0	18
103204	1	20	3	308	1178.5	0.25408	0.096226	0	0	0.18996	0.35065	0	0	0.98629	1486	0.0097403	0.029221	0.0032468	0.0032468	0.23218	0	0	308	0.015094	0.015094	0.27203	0.41132	0.13961	265	0.0065359	0.0065359	0.24925	0	0.0064935	306
103226	0																																		
103270	0																																		
103391	1	9	13	287	2640.6	0.067623	0.081198	0.010453	0	0.1788	0.0069686	0.3787	1	0.89681	1707	0.02439	0.1115	0.0069686	0	0.23264	0	0	287	0.010453	0.0034843	0.23105	0	0	287	0.013937	0.0034843	0.22682	0	0	287
103545	1	18	5	74	282.94	0.45819	0.30796	0.054054	0	0.25034	0.027027	10.603	3	0.98323	486	0.17568	0.14865	0.028169	0.028169	0.23968	0	0.040541	71	0.013889	0.013889	0.23607	0	0.027027	72	0.027027	0.013514	0.19592	0	0	74
103567	0																																		
103798	1	17	39	286	2181.8	0.083666	0.23453	0.020979	0	0.1471	0.017483	0	0	0.97946	1271	0.017483	0.30769	0.0070175	0.010526	0.25138	0.0035088	0.0034965	285	0.018587	0.01487	0.26242	0.0037175	0.059441	269	0	0	0.16576	0.0034965	0	286
103820	0																																		
103952	1	21	16	797	2769.1	0.23424	0.28956	0.0062735	0	0.16703	0.0050188	0	0	0.91385	5025	0	0.062735	0.0037641	0.0037641	0.25392	0	0	797	0	0	0.2367	0	0.030113	773	0.0025157	0.0012579	0.24629	0	0.0025094	795
104018	0																																		
104172	1	25	30	315	2418.2	0.46113	0.35782	0.038095	0	0.24213	0.034921	0.41354	1	0.48856	3192	0.057143	0.24127	0.028571	0.019048	0.23595	0	0	315	0.0095238	0.0063492	0.28296	0	0	315	0.016447	0.013158	0.28402	0.0032895	0.034921	304
104216	1	10	20	396	1899.2	0.20204	0.2459	0.022727	0	0.14375	0.025253	0	0	0.88236	2630	0.0075758	0.12374	0.022843	0.020305	0.22084	0	0.0050505	394	0.0060241	0.0060241	0.27519	0	0.16162	332	0	0	0.24807	0	0	396
104260	1	10	14	398	1488.3	0.091502	0.18398	0	0	0.12464	0.01005	0.67192	1	0.97908	2205	0.015075	0.062814	0	0	0.2738	0	0	398	0.0025126	0.0025126	0.23242	0.01005	0	398	0.0025381	0.0025381	0.23048	0	0.01005	394
104304	1	13	3	329	862.75	0.09847	0.039771	0.06079	0	0.32581	0.0091185	1.1591	1	0.33549	4238	0.0091185	0.024316	0.0030395	0.0030395	0.2528	0	0	329	0.0030395	0.0030395	0.23436	0	0	329	0.0030675	0.0030675	0.23219	0	0.0091185	326
104920	1	9	6	390	1922.2	0.017671	0.061378	0.017949	0	0.24291	0	0	0	0.46851	4297	0.0051282	0.038462	0	0	0.2371	0	0	390	0	0	0.26598	0	0	390	0	0	0.24163	0	0	390
105074	0																																		
105140	1	6	3	107	298.09	0.026133	0.086824	0	0	0.090364	0	0	0	1	555	0.0093458	0.046729	0	0	0.23023	0	0	107	0	0	0.24793	0	0	107	0	0	0.27148	0	0	107
105206	0																																		
105250	0																																		
105316	1	20	30	306	2252.7	0.18891	0.19545	0.04902	0	0.14139	0.019608	0	0	0.94598	1490	0.039216	0.26797	0.0098039	0.003268	0.26138	0	0	306	0.022876	0.013072	0.26655	0.003268	0	306	0.01634	0.0098039	0.19778	0	0	306
105338	0																																		
105404	1	4	8	178	670.19	0.14762	0.13792	0.078652	0	0.43586	0.033708	0	0	0.67537	1489	0.039326	0.11236	0.016854	0.011236	0.21229	0	0	178	0.012987	0.012987	0.2677	0	0.13483	154	0.022472	0.011236	0.2368	0	0	178
105426	1	10	2	89	178.66	0.28782	0.14391	0	0	0.11106	0	0	0	0.97636	530	0	0.033708	0	0	0.19597	0	0	89	0	0	0.22659	0	0	89	0	0	0.20928	0	0.011236	88
105492	1	9	10	81	2655.4	0.22643	0.19688	0.037037	0.012346	0.1327	0.012346	0.37659	1	0.96411	406	0.074074	0.39506	0.012346	0.012346	0.23535	0	0	81	0.012346	0.012346	0.23783	0	0	81	0.012346	0.012346	0.2261	0	0	81
105690	0																																		
155829	0																																		
156093	1	8	6	450	1350.3	0.4544	0.34055	0.15556	0.11778	0.10378	0.20667	0	0	0.99768	1651	0	0.024444	0.0044444	0	0.24896	0	0	450	0.082222	0.075556	0.27571	0.14889	0	450	0	0	0.23462	0	0.0044444	448
156313	1	6	3	18	72.544	0.041842	0.16984	0	0	0.13101	0	0	0	1	73	0	0.27778	0	0	0.27449	0	0	18	0	0	0.32317	0	0	18	0	0	0.23919	0	0	18
156599	0																																		
157215	1	18	5	389	1367.1	0.14093	0.34137	0.0051414	0	0.11891	0.0025707	0.73147	1	0.98023	2163	0.015424	0.025707	0	0	0.2299	0	0	389	0.0055096	0.0027548	0.25885	0	0.066838	363	0	0	0.26163	0	0.010283	385
157281	1	7	5	417	1007.1	0.28752	0.31097	0.055156	0	0.20586	0.0047962	1.9859	2	0.74989	3594	0.045564	0.023981	0.0095923	0	0.25356	0	0	417	0.0095923	0.0047962	0.24123	0	0	417	0.0097087	0	0.24494	0	0.01199	412
157413	0																																		
157677	0																																		
158227	1	11	3	403	730.01	0.039668	0.013223	0.084367	0	0.20267	0	0	0	0.53587	4576	0.0049628	0.014888	0.0024814	0	0.23286	0	0	403	0.012407	0	0.25332	0	0	403	0.0025	0	0.24483	0	0.0074442	400
158293	0																																		
158315	0																																		
158557	0																																		
158579	0																																		
158601	0																																		
158689	1	8	10	621	2219	0.11099	0.13845	0.016103	0	0.25516	0.0048309	0.45065	1	0.32207	9475	0.016103	0.048309	0.009772	0.004886	0.26519	0	0.011272	614	0.0064412	0	0.25867	0	0	621	0.0016287	0	0.23903	0	0.011272	614
159305	0																																		
159371	0																																		
159569	1	49	18	278	2064.8	0.30543	0.19783	0.043165	0	0.12391	0.0071942	0	0	0.82247	1876	0	0.19065	0.0071942	0.0035971	0.25867	0.0035971	0	278	0.0065359	0.0065359	0.22467	0.0065359	0.44964	153	0	0	0.24479	0.0035971	0	278
159635	0																																		
159723	0																																		
160031	0																																		
160119	0																																		
160163	0																																		
160295	0																																		
160537	1	13	6	141	690.66	0.18501	0.12265	0	0	0.10321	0.021277	0	0	0.99576	696	0.014184	0.19149	0	0	0.251	0	0	141	0.028369	0.021277	0.24521	0	0	141	0	0	0.25304	0	0	141
161043	1	8	8	85	314.95	0.14857	0.22475	0.047059	0	0.16095	0.082353	3.1751	1	0.97177	366	0.16471	0.17647	0.11765	0.082353	0.2542	0	0	85	0.10588	0.047059	0.3211	0	0	85	0	0	0.18166	0	0	85
161153	0																																		
161175	0																																		
161725	1	18	7	352	1500.8	0.073262	0.22255	0	0	0.17812	0.0028409	0	0	0.59371	3307	0.0028409	0.034091	0.0028409	0.0028409	0.24499	0	0	352	0.0028409	0	0.23645	0	0	352	0.002849	0	0.22047	0	0.0028409	351
161945	0																																		
162143	1	8	15	842	3830.8	0.09839	0.20448	0.036817	0	0.27692	0.013064	0.78312	3	0.4581	10399	0.017815	0.073634	0.0059524	0.0047619	0.24595	0.0095238	0.0023753	840	0.002439	0	0.25309	0.002439	0.026128	820	0	0.0012121	0.24953	0.0072727	0.02019	825
162253	0																																		
162363	0																																		
162473	0																																		
162517	0																																		
162605	0																																		
162891	0																																		
162913	0																																		
163023	0																																		
163309	1	19	7	391	1648.4	0.1888	0.37351	0	0	0.10601	0.01023	0	0	0.99488	2231	0.0051151	0.033248	0.01023	0.01023	0.2392	0	0	391	0.0051151	0.0051151	0.24973	0	0	391	0	0	0.26108	0	0	391
163463	0																																		
163507	0																																		
163595	0																																		
163705	0																																		
163771	1	8	5	204	425.31	0.014771	0.065389	0	0	0.14678	0	2.3512	1	0.99386	1153	0.02451	0.029412	0	0	0.22352	0	0	204	0	0	0.25766	0	0	204	0	0	0.20553	0	0	204
163859	0																																		
164189	0																																		
164466	1	6	2	169	222.3	0.090068	0.045034	0	0	0.083286	0	0	0	0.99893	834	0.011834	0	0	0	0.27069	0	0	169	0	0	0.22745	0	0	169	0	0	0.29137	0	0	169
164475	1	17	4	587	1049.4	0.43529	0.11845	0.0051107	0.0034072	0.082696	0.0085179	0	0	0.99916	3139	0.0034072	0.022147	0.0068729	0.0051546	0.24961	0	0.0085179	582	0.0071048	0.0053286	0.22983	0	0.040886	563	0.005137	0.0034247	0.25732	0	0.0051107	584
164576	1	24	9	212	585.37	0.18476	0.29464	0	0	0.07838	0	0	0	1	1177	0.014151	0.080189	0	0	0.23258	0	0.014151	209	0	0	0.24199	0	0.033019	205	0	0	0.19086	0	0	212
164774	1	24	3	133	453.75	0.217	0.15451	0	0	0.063051	0	0	0	1	683	0	0.037594	0	0	0.27917	0	0	133	0	0	0.2653	0	0	133	0	0	0.24092	0	0	133
164849	0																																		
164862	0																																		
165060	0																																		
165104	1	9	7	195	601.2	0.14102	0.03086	0	0	0.070107	0.0051282	0	0	1	948	0.010256	0.087179	0.0051282	0.0051282	0.23361	0	0	195	0	0	0.27079	0	0	195	0	0	0.25768	0	0.0051282	194
165157	1	63	27	298	3922.6	0.17276	0.17301	0.030201	0	0.21032	0.010067	0.7648	3	0.86839	1847	0.050336	0.28859	0.010345	0.0068966	0.2665	0	0.026846	290	0.0087336	0.0043668	0.2556	0.0043668	0.23154	229	0	0	0.21997	0	0	298
165393	1	9	8	36	223.93	0.082667	0.14654	0	0	0.12273	0	4.4656	1	1	96	0.22222	0.38889	0	0	0.16282	0	0	36	0	0	0.21992	0	0	36	0	0	0.099058	0	0	36
165478	0																																		
165544	1	4	7	133	260.57	0.2831	0.2777	0.075188	0	0.24084	0.082707	3.8378	1	0.87023	785	0.1203	0.2406	0.015038	0.0075188	0.27345	0	0	133	0.11278	0.075188	0.26983	0	0	133	0.0075188	0	0.22287	0	0	133
165547	0																																		
165767	1	7	5	162	527.12	0.060849	0.50243	0.012346	0	0.11705	0.012346	0	0	0.99432	896	0.012346	0.11111	0.012346	0.012346	0.24165	0	0	162	0.024691	0.0061728	0.22091	0	0	162	0	0	0.23525	0	0	162
165855	1	5	6	425	1203.6	0.44051	0.1363	0	0	0.088436	0.0023529	0	0	0.97728	2076	0	0.018824	0.0023529	0.0023529	0.25675	0	0	425	0.0047059	0.0023529	0.25158	0	0	425	0.0023753	0	0.2475	0	0.0094118	421
165877	0																																		
165896	0																																		
166006	1	8	6	483	2232.8	0.049389	0.13087	0.0062112	0	0.1273	0.0082816	0	0	0.97684	3051	0	0.018634	0.0020704	0.0020704	0.25404	0	0	483	0.0082816	0.0020704	0.27209	0	0	483	0.0083682	0.0062762	0.24833	0	0.010352	478
166050	1	11	11	100	1241.1	0.020937	0.17562	0.05	0.04	0.12355	0.04	0.80571	1	0.99903	439	0.12	0.26	0.02	0.02	0.23346	0.01	0	100	0.03	0.03	0.29295	0.01	0	100	0.03	0.03	0.29237	0.01	0	100
166185	1	8	1	141	233.56	0.06108	0.06108	0	0	0.28168	0.014184	0	0	0.72959	1336	0	0.028369	0	0	0.2416	0.0070922	0	141	0	0	0.27063	0.0070922	0	141	0.0070922	0.0070922	0.27236	0.0070922	0	141
166251	0																																		
166295	1	19	17	192	2140.7	0.0021253	0.091497	0.010417	0	0.14196	0	0	0	0.98435	1048	0.010417	0.21354	0	0	0.23275	0	0	192	0	0	0.24933	0	0.010417	190	0	0	0.26895	0	0.026042	187
166405	0																																		
166603	0																																		
166908	0																																		
166996	1	16	15	236	1834.2	0.053893	0.10973	0	0	0.11423	0	0.5452	1	0.95896	1328	0.042373	0.11441	0	0	0.22805	0	0	236	0	0	0.29242	0	0.12288	207	0	0	0.19973	0	0	236
167109	0																																		
167329	0																																		
167351	1	13	12	599	3300.8	0.024869	0.26262	0.0050083	0.0033389	0.13906	0.013356	0.60592	2	0.98879	3636	0.03005	0.051753	0.010017	0.0066778	0.2639	0.0033389	0	599	0.0051724	0.0051724	0.27117	0.0034483	0.03172	580	0.0016835	0.0016835	0.24004	0.003367	0.0083472	594
167461	0																																		
167546	0																																		
167612	1	26	33	454	3246.1	0.23552	0.34421	0.077093	0.0088106	0.20291	0.048458	1.2322	4	0.93746	2395	0.072687	0.28855	0.030837	0.026432	0.27408	0.0088106	0	454	0.037445	0.026432	0.24649	0.0088106	0	454	0.0068807	0.0045872	0.24345	0.0091743	0.039648	436
167703	1	11	26	178	2548	0.078854	0.11347	0	0	0.16833	0.02809	0	0	0.94493	789	0.011236	0.32022	0.005618	0.005618	0.1832	0	0	178	0.022472	0.022472	0.28778	0	0	178	0	0	0.20113	0	0.022472	174
167744	1	13	16	730	2169.1	0.27114	0.2547	0.0054795	0	0.12235	0.0027397	0	0	0.98758	3869	0.010959	0.068493	0.0041152	0	0.252	0	0.0013699	729	0.0028169	0.0014085	0.25634	0	0.027397	710	0.0027397	0.0013699	0.21698	0	0	730
167876	0																																		
167964	0																																		
168052	0																																		
168077	0																																		
168096	0																																		
168209	1	11	6	284	1245.5	0.032606	0.3077	0.03169	0	0.17197	0.024648	0.80288	1	0.59165	2351	0.014085	0.059859	0.0035211	0.0070423	0.24646	0.017606	0	284	0.014085	0.0070423	0.26705	0.024648	0	284	0.0071429	0.0035714	0.2448	0.014286	0.014085	280
168338	0																																		
168448	1	64	4	388	955.27	0.11394	0.27476	0.043814	0	0.15075	0.010309	1.0468	1	0.90366	2456	0.010309	0.064433	0.010309	0.0051546	0.25841	0	0	388	0	0	0.25821	0	0	388	0.010638	0.0079787	0.25413	0	0.030928	376
168561	0																																		
168778	0																																		
168822	0																																		
168869	1	4	6	33	173.81	0.00041622	0.18408	0	0	0.13799	0.030303	5.7535	1	1	116	0.12121	0.33333	0	0	0.10568	0.030303	0	33	0	0	0.25305	0.030303	0	33	0	0	0.24935	0.030303	0	33
168979	0																																		
169067	1	10	11	432	2350	0.5223	0.1742	0.013889	0	0.10617	0.011574	0.42552	1	0.9746	2455	0.013889	0.043981	0.0093023	0.0046512	0.22239	0	0.0046296	430	0.0075949	0.0050633	0.22572	0	0.085648	395	0.011876	0.0023753	0.26671	0	0.025463	421
169152	1	22	9	224	1390.5	0.058542	0.11857	0.03125	0	0.17019	0.035714	0	0	0.56018	1865	0	0.11607	0	0	0.23178	0	0	224	0	0	0.26134	0	0	224	0	0	0.26595	0.035874	0.0044643	223
169160	1	10	3	147	1115.8	0.0086703	0.01711	0	0	0.28866	0	0	0	0.704	1333	0.013605	0.054422	0	0	0.23082	0	0	147	0	0	0.28684	0	0	147	0	0	0.22783	0	0	147
169182	0																																		
169204	0																																		
169221	1	15	4	170	460.09	0.084252	0.18423	0.011765	0	0.071571	0.011765	0	0	0.88573	936	0	0.029412	0.0059172	0	0.26505	0	0.0058824	169	0	0	0.2444	0	0	170	0	0	0.22499	0.011905	0.011765	168
169240	1	19	4	612	1600.1	0.18546	0.46965	0.086601	0.0065359	0.33112	0.014706	0.62497	1	0.21327	10693	0.014706	0.017974	0	0	0.2374	0	0	612	0.010101	0.006734	0.24727	0	0.029412	594	0.013201	0.013201	0.24939	0	0.0098039	606
169306	1	14	10	215	688.13	0.16117	0.20197	0.0093023	0	0.16668	0.0093023	0	0	0.87832	1285	0.023256	0.13023	0.013953	0	0.2449	0	0	215	0.0093023	0.0093023	0.24725	0	0	215	0	0	0.25612	0	0	215
169331	0																																		
169622	0																																		
169658	1	7	7	518	2524.4	0.08973	0.15564	0.0019305	0	0.15198	0	0	0	0.95823	2888	0.003861	0.034749	0.0057915	0	0.24054	0	0	518	0	0	0.24641	0	0	518	0.0019417	0	0.21956	0	0.0057915	515
169724	1	12	5	143	1614.3	0.018	0.42182	0.041958	0.027972	0.10308	0.062937	1.2389	2	0.99206	591	0.06993	0.11189	0.006993	0.006993	0.23665	0.055944	0	143	0.006993	0	0.22995	0.055944	0	143	0.006993	0.006993	0.22935	0.055944	0	143
169746	0																																		
169749	0																																		
169776	0																																		
169793	1	11	40	617	3921.5	0.042431	0.24907	0.029173	0	0.13326	0.016207	0.51001	2	0.98546	3020	0.017828	0.18801	0.014587	0.011345	0.25837	0	0	617	0.0097245	0.0032415	0.25305	0	0	617	0.0032468	0.0032468	0.22268	0	0.0016207	616
169886	0																																		
169900	0																																		
169966	1	16	14	61	825.38	0	0.067367	0	0	0.16838	0.081967	0	0	1	171	0	0.4918	0.081967	0.081967	0.25186	0	0	61	0.016393	0.016393	0.22009	0	0	61	0.065574	0.065574	0.22854	0	0	61
170076	1	10	16	662	2622	0.14605	0.18382	0.02719	0	0.32566	0.0090634	0.38138	1	0.31855	13297	0.0075529	0.057402	0.0015314	0.0015314	0.25113	0	0.013595	653	0.010886	0.0093313	0.2705	0	0.028701	643	0.0063391	0.0031696	0.24072	0	0.046828	631
170098	1	16	35	495	2568.9	0.07046	0.24404	0.044444	0	0.17503	0.048485	0.38928	1	0.95991	2546	0.022222	0.19596	0.028283	0.020202	0.24435	0	0	495	0.036364	0.028283	0.27218	0	0	495	0.016194	0.012146	0.22632	0	0.0020202	494
170189	0																																		
170194	0																																		
170260	0																																		
170274	1	3	11	121	582.59	0.04674	0.26139	0	0	0.066692	0.0082645	0	0	1	554	0.016529	0.16529	0.0082645	0.0082645	0.26222	0	0	121	0	0	0.25682	0	0	121	0	0	0.1883	0	0	121
170326	1	8	5	227	405.89	0.091591	0.44071	0.048458	0	0.16906	0.0044053	0	0	0.99825	1125	0.0044053	0.061674	0.0044053	0.0044053	0.26022	0	0	227	0.0044053	0	0.2631	0	0	227	0.0088106	0	0.24263	0	0	227
170365	1	12	3	204	838.88	0.18979	0.23319	0	0	0.086676	0.014706	2.3841	2	0.99481	961	0.039216	0.068627	0.014706	0.0098039	0.24522	0	0	204	0.0098039	0.0098039	0.27093	0	0	204	0.0098039	0.0098039	0.23819	0	0	204
170414	0																																		
170428	1	14	5	518	1716.1	0.27015	0.38432	0.0057915	0	0.079017	0	0	0	0.99959	2673	0	0.034749	0	0	0.25781	0	0.003861	516	0.0019417	0	0.25562	0	0.0057915	515	0	0	0.24702	0	0.003861	516
170585	1	11	4	65	249.47	0.090009	0.29346	0	0	0.11245	0	0	0	1	278	0	0.10769	0	0	0.25686	0	0	65	0.015385	0	0.27987	0	0	65	0	0	0.25718	0	0	65
170651	1	9	3	402	499.01	0.5087	0.36166	0	0	0.095523	0	0	0	0.99972	2240	0	0.012438	0	0	0.25783	0	0	402	0	0	0.24823	0	0.0049751	400	0	0	0.24236	0	0	402
170739	1	15	2	89	154.37	0.1316	0.40049	0	0	0.080011	0	0	0	0.98875	437	0	0	0.011236	0	0.28324	0	0	89	0.011236	0	0.25988	0	0	89	0	0	0.26099	0	0	89
170761	1	8	21	798	4239.6	0.63426	0.2427	0.017544	0	0.12733	0.0062657	0.47174	2	0.91007	4926	0.011278	0.091479	0.0050125	0.0025063	0.25425	0	0	798	0.0062893	0.0025157	0.25291	0	0.0037594	795	0.0075949	0.0012658	0.23461	0	0.010025	790
170898	0																																		
170915	0																																		
170942	0																																		
170978	0																																		
171096	0																																		
171099	0																																		
171143	1	8	11	319	929.56	0.23187	0.25162	0.053292	0	0.14178	0.0062696	1.0758	1	0.9797	1644	0.015674	0.18182	0.015674	0.0062696	0.23397	0	0	319	0	0	0.23694	0	0	319	0.0064103	0	0.21266	0	0.021944	312
171184	0																																		
171294	0																																		
171352	1	13	18	400	2625.8	0.096608	0.13575	0.015	0	0.11826	0.005	1.1425	3	0.9801	2090	0.085	0.1425	0.0025	0	0.2264	0.0025	0	400	0.005	0.0025	0.23999	0.0025	0	400	0.0075	0	0.24756	0.0025	0	400
171404	0																																		
171421	0																																		
171426	0																																		
171440	0																																		
171473	1	3	2	12	29.006	0.0053039	0.022986	0	0	0.154	0	0	0	1	55	0	0.083333	0	0	0.21601	0	0	12	0	0	0.18045	0	0	12	0	0	0.1772	0	0	12
171484	0																																		
171517	0																																		
171528	1	17	14	239	1032.8	0.23206	0.42103	0.09205	0.0041841	0.31051	0.041841	0	0	0.86891	1504	0.0041841	0.25523	0.050209	0.025105	0.26211	0	0	239	0.062762	0.016736	0.24789	0	0	239	0.0083682	0.0083682	0.24805	0	0	239
171536	0																																		
171572	1	83	14	338	1242.3	0.21009	0.14277	0.0059172	0	0.098545	0.0059172	1.6099	2	0.90818	2005	0.029586	0.079882	0	0	0.24585	0	0	338	0.02071	0.0059172	0.23623	0	0	338	0	0	0.23227	0	0.023669	330
171616	1	3	24	364	1565.5	0.43334	0.098549	0	0	0.085455	0	0.63876	1	0.99935	1658	0.016484	0.1456	0.0027473	0	0.27931	0	0	364	0.0027473	0	0.25061	0	0	364	0.0027473	0	0.18761	0	0	364
171729	1	9	13	483	2175.6	0.29655	0.25561	0.21739	0.18012	0.30145	0.19876	1.8386	4	0.8544	3152	0.21118	0.093168	0.17842	0.17012	0.29279	0.0041494	0.0020704	482	0.057082	0.05074	0.25954	0.0042283	0.020704	473	0.19462	0.19048	0.29563	0.0041408	0	483
171748	0																																		
171770	0																																		
171778	0																																		
171792	0																																		
171866	1	15	4	242	1012.1	0.22358	0.061162	0	0	0.10879	0.0041322	0	0	0.97009	1230	0	0.057851	0	0	0.22244	0	0	242	0.0041322	0.0041322	0.25203	0	0	242	0	0	0.22713	0	0	242
171935	0																																		
171990	0																																		
172012	1	24	4	163	608.04	0.024512	0.2461	0	0	0.05426	0.018405	0	0	1	738	0	0.055215	0.018405	0.018405	0.2873	0	0	163	0.006135	0.006135	0.26897	0	0	163	0.006135	0.006135	0.21931	0	0	163
172015	0																																		
172020	1	11	8	307	1021.6	0.20101	0.071978	0.029316	0.0032573	0.081391	0.0065147	1.9577	2	0.9411	1466	0.039088	0.091205	0.0032573	0.0032573	0.24294	0.0032573	0	307	0.0032573	0.0032573	0.23257	0	0	307	0.0098039	0	0.24274	0	0.0032573	306
172045	0																																		
172064	0																																		
172147	0																																		
172177	1	7	29	229	2555.5	0.074628	0.24067	0	0	0.12749	0.0131	2.3479	6	0.99059	976	0.20087	0.24891	0.021834	0.0131	0.20867	0	0	229	0.017467	0.0087336	0.26424	0	0	229	0.017544	0	0.16551	0	0.0043668	228
172232	0																																		
172235	0																																		
172262	0																																		
172298	0																																		
172344	1	6	2	129	178.74	0.052476	0.47558	0.085271	0	0.1769	0.015504	0	0	0.91953	786	0.0077519	0.093023	0.0077519	0	0.24673	0.0077519	0	129	0.0077519	0.0077519	0.2277	0.0077519	0	129	0.0077519	0	0.2627	0.0077519	0	129
172397	0																																		
172463	1	14	5	353	2190.1	0.57641	0.1536	0	0	0.075222	0.0028329	0.45661	1	0.91858	1698	0.031161	0.050992	0	0	0.22762	0	0	353	0.0056657	0.0028329	0.25198	0	0	353	0.0028409	0	0.22304	0	0.0028329	352
172485	0																																		
172498	1	5	2	84	110.04	0.10687	0.053436	0.011905	0	0.45656	0.059524	0	0	0.60936	882	0.011905	0.011905	0	0	0.24232	0	0	84	0.059524	0.059524	0.322	0	0	84	0	0	0.26614	0	0.035714	81
172543	0																																		
172548	1	10	7	34	850.8	0.003386	0.00048371	0	0	0.10236	0	0	0	1	135	0	0.38235	0	0	0.25226	0	0	34	0	0	0.29929	0	0	34	0	0	0.20166	0	0	34
172564	0																																		
172617	1	17	3	364	1136	0.28373	0.11529	0.0054945	0	0.12497	0	0	0	0.87818	2593	0	0.016484	0	0	0.25596	0	0.013736	359	0	0	0.25087	0	0.0054945	362	0	0	0.24245	0	0.0054945	362
172683	0																																		
172727	0																																		
172734	0																																		
172746	0																																		
172762	1	15	3	546	1353.1	0.010749	0.003583	0	0	0.14895	0.0018315	0	0	0.70751	5888	0	0.0054945	0	0	0.25026	0	0	546	0.0018349	0.0018349	0.24548	0	0.0018315	545	0	0	0.25263	0	0.007326	542
172850	1	12	2	102	137.45	0.19405	0.097025	0.029412	0	0.12458	0	0	0	0.96184	629	0	0.029412	0	0	0.24988	0	0	102	0	0	0.26183	0	0	102	0	0	0.25628	0	0	102
172878	0																																		
173004	0																																		
173048	1	17	5	493	1766.2	0.22856	0.14247	0.03854	0	0.22007	0	0	0	0.25356	8096	0.0020284	0.022312	0	0	0.24486	0	0	493	0	0	0.26389	0	0.0081136	489	0	0	0.26592	0	0.0020284	492
173049	1	9	4	104	385.2	0.019344	0.13375	0	0	0.071386	0	0	0	1	499	0.038462	0.067308	0	0	0.23938	0	0	104	0	0	0.25068	0	0	104	0	0	0.24693	0	0	104
173054	0																																		
173086	0																																		
173093	1	12	25	236	1911.4	0.10453	0.1443	0.063559	0	0.19912	0.055085	0	0	0.97402	1131	0.0084746	0.27966	0.0084746	0.0084746	0.24458	0	0	236	0.050847	0.050847	0.26047	0	0	236	0.021186	0.0042373	0.21094	0	0	236
173108	1	25	6	94	374	0.058794	0.15084	0	0	0.16218	0	0	0	0.99634	537	0	0.11702	0	0	0.25173	0	0	94	0	0	0.25508	0	0	94	0	0	0.20231	0	0	94
173180	1	15	1	962	1470.6	0.14325	0.14325	0.0031185	0	0.086531	0.0051975	0	0	0.99865	4868	0	0.0051975	0	0	0.25615	0.0010395	0	962	0.0062435	0.0052029	0.25116	0.0010406	0.0010395	961	0.0010834	0	0.2377	0.0010834	0.040541	923
173218	0																																		
173240	0																																		
173277	0																																		
173340	1	7	4	172	462.31	0.20501	0.11844	0.02907	0	0.26827	0	0	0	0.22876	3425	0	0.046512	0	0	0.24435	0	0	172	0	0	0.19773	0	0.26744	126	0	0	0.18994	0	0.10465	154
173438	1	5	3	12	41.058	0.089323	0.10873	0	0	0.046088	0	0	0	1	29	0	0.16667	0	0	0.30163	0	0	12	0	0	0.13446	0	0	12	0	0	0.10331	0	0	12
173450	1	13	2	486	1227.1	0.201	0.12134	0	0	0.09876	0	0	0	0.99243	2962	0	0.0041152	0.0020576	0	0.22932	0	0	486	0	0	0.24766	0	0	486	0	0	0.25193	0	0	486
173466	0																																		
173488	1	7	11	46	1257	0.0085056	0.032404	0	0	0.12764	0	0	0	1	157	0	0.3913	0	0	0.3011	0	0	46	0	0	0.11367	0	0	46	0	0	0.18223	0	0.086957	42
173495	1	22	7	147	1173.4	0.20864	0.2206	0.027211	0	0.13826	0.020408	0	0	0.66992	1216	0.0068027	0.14286	0.020408	0.0068027	0.24756	0.0068027	0	147	0.027211	0.020408	0.26868	0	0	147	0.0068027	0.0068027	0.24447	0	0	147
173577	0																																		
173582	0																																		
173585	1	15	6	365	1422	0.044613	0.12259	0.0054795	0	0.083458	0.010959	0.70325	1	0.98741	1879	0.010959	0.032877	0.0027397	0	0.26415	0	0	365	0.013736	0.010989	0.25151	0	0.0027397	364	0.0027778	0.0027778	0.24301	0	0.013699	360
173620	1	11	13	268	1866.6	0.043718	0.12055	0.0074627	0	0.13883	0.067164	0.53574	1	0.7519	2005	0.014925	0.12313	0.033582	0.033582	0.2482	0	0	268	0.041045	0.033582	0.27472	0	0	268	0.022727	0.0075758	0.23991	0	0.014925	264
173636	0																																		
173643	1	3	11	297	894.14	0.16232	0.17756	0.013468	0	0.11493	0.037037	0	0	0.9983	1495	0	0.074074	0	0	0.2371	0	0	297	0.03367	0.03367	0.26701	0	0	297	0.026936	0.026936	0.24467	0	0	297
173665	0																																		
173671	1	7	1	637	796.48	0.36121	0.36121	0.0062794	0	0.065283	0.0047096	0	0	0.99917	2970	0	0.0062794	0	0	0.2561	0	0	637	0.0047096	0.0047096	0.26002	0	0	637	0	0	0.24439	0	0.0062794	633
173692	0																																		
173717	0																																		
173781	0																																		
173790	0																																		
173819	1	14	12	375	2193.8	0.13696	0.20262	0.008	0	0.17782	0.0053333	0.45583	1	0.88845	2403	0.021333	0.10133	0.0053333	0.0026667	0.24476	0.0026667	0	375	0.0026667	0	0.23373	0.008	0	375	0	0	0.23154	0.0026667	0	375
173827	1	23	2	9	34.855	0.36591	0.19144	0	0	0.288	0	0	0	0.79988	46	0	0	0	0	0.25958	0	0	9	0	0	0.28476	0	0	9	0	0	0.38069	0	0	9
173862	0																																		
173869	0																																		
173906	0																																		
173912	1	2	9	144	344.09	0.11157	0.23353	0	0	0.14114	0.013889	0	0	0.99858	613	0.041667	0.13194	0.013889	0.013889	0.23451	0	0	144	0	0	0.24933	0	0	144	0	0	0.22309	0	0	144
173915	0																																		
173978	1	7	10	119	473.82	0.21381	0.1738	0.067227	0	0.27526	0.067227	6.3316	3	0.92217	801	0.15126	0.23529	0.033613	0.016807	0.24738	0	0	119	0.017094	0.008547	0.22691	0	0.016807	117	0.052632	0.04386	0.24709	0	0.042017	114
174000	0																																		
174132	0																																		
174149	0																																		
174164	1	16	14	568	2290.2	0.26369	0.2289	0.021127	0.0017606	0.19202	0.0088028	0	0	0.42414	6964	0.0017606	0.10915	0.0017606	0	0.25609	0	0	568	0.0017606	0	0.24197	0	0	568	0.010695	0.0089127	0.2619	0	0.012324	561
174170	0																																		
174221	0																																		
174230	0																																		
174258	0																																		
174265	0																																		
174280	0																																		
174302	1	7	4	228	501.46	0.078843	0.023568	0	0	0.06252	0.004386	0	0	1	1041	0	0.035088	0.004386	0.004386	0.23989	0	0	228	0	0	0.26531	0	0	228	0	0	0.20332	0	0	228
174311	1	3	4	186	351.44	0.027009	0.0067523	0	0	0.24188	0	0	0	0.73364	1767	0	0.069892	0	0	0.22825	0	0	186	0.0053763	0	0.24343	0	0	186	0	0	0.25363	0	0	186
174330	0																																		
174352	1	11	17	206	1617	0.17893	0.15905	0.048544	0.0048544	0.20975	0.038835	1.2368	2	0.50618	2201	0.048544	0.17961	0.0097087	0.0048544	0.2288	0.019417	0	206	0.033981	0.033981	0.26455	0.019417	0	206	0.009901	0	0.21834	0.019802	0.019417	202
174443	0																																		
174465	0																																		
174506	0																																		
174551	0																																		
174573	0																																		
174589	0																																		
174617	0																																		
174661	1	7	1	255	297.13	0.30783	0.30783	0	0	0.073445	0	0	0	0.99122	1320	0	0	0	0	0.28998	0	0	255	0	0	0.26034	0	0	255	0	0	0.27822	0	0.0078431	253
174704	0																																		
174720	0																																		
174736	0																																		
174770	1	3	4	18	82.537	0.20471	0.089395	0	0	0.13622	0	0	0	1	50	0.22222	0.22222	0	0	0.38902	0	0	18	0	0	0.1687	0	0	18	0	0	0.097638	0	0	18
174771	1	15	41	993	5338.1	0.34787	0.23954	0.048338	0	0.21929	0.02719	0.93667	5	0.61123	9147	0.047331	0.15106	0.019134	0.01007	0.25425	0.001007	0	993	0.02229	0.013171	0.26069	0.0010132	0.0060423	987	0.010111	0.0050556	0.23076	0.0010111	0.0040282	989
174795	0																																		
174839	0																																		
174896	1	13	30	550	4670.3	0.3382	0.29052	0.014545	0	0.14525	0.016364	0.21412	1	0.80214	3678	0.054545	0.12545	0.014545	0.0090909	0.27001	0	0	550	0.019157	0.0076628	0.24838	0	0.050909	522	0.0055351	0.00369	0.22736	0	0.014545	542
174902	0																																		
174993	1	7	5	268	738.27	0.026388	0.032929	0.0074627	0	0.19431	0.0037313	0	0	0.88572	1749	0	0.026119	0.0037313	0.0037313	0.24936	0	0	268	0	0	0.221	0	0	268	0	0	0.24781	0	0.011194	265
175006	0																																		
175057	1	13	3	511	1326.1	0.26876	0.48877	0.0039139	0	0.12957	0.0078278	0.75408	1	0.9471	3305	0.019569	0.039139	0.0039139	0.0039139	0.24955	0	0	511	0.0058708	0.0039139	0.27361	0	0	511	0	0	0.24996	0	0	511
175094	1	5	12	248	2116.6	0.043514	0.16451	0	0	0.087732	0	0.94491	2	0.99733	1062	0.032258	0.092742	0	0	0.25636	0	0	248	0	0	0.25043	0	0	248	0	0	0.22116	0	0.016129	244
175100	0																																		
175101	0																																		
175117	1	17	9	99	2009.8	0.043477	0.14424	0.010101	0	0.10024	0.020202	0	0	1	423	0	0.18182	0.010101	0.010101	0.26799	0	0	99	0.020202	0.010101	0.2205	0	0	99	0	0	0.22646	0	0	99
175147	0																																		
175189	0																																		
175242	0																																		
175380	0																																		
175689	0																																		
175777	0																																		
175814	1	11	4	690	1905.2	0.11222	0.30805	0.0057971	0	0.12937	0.0072464	0	0	0.99617	4068	0	0.010145	0.0072464	0.0057971	0.24611	0	0	690	0.0072464	0.0057971	0.25508	0	0	690	0.0014556	0.0014556	0.23499	0	0.0043478	687
175829	0																																		
175848	0																																		
175864	0																																		
175871	0																																		
175893	1	11	14	150	738.33	0.35589	0.16333	0.053333	0	0.24818	0.02	1.3544	1	0.95371	762	0.066667	0.25333	0.0067568	0.0067568	0.21005	0	0.013333	148	0	0	0.23404	0	0	150	0.02	0.013333	0.21648	0	0	150
175931	0																																		
175936	0																																		
175952	1	10	7	710	2855.4	0.076577	0.11199	0.0084507	0	0.22985	0.014085	0.35021	1	0.40882	12372	0.023944	0.056338	0.0056338	0.0056338	0.25384	0.0014085	0	710	0.013043	0.011594	0.25383	0.0014493	0.028169	690	0	0	0.25824	0.0014641	0.038028	683
175959	1	19	2	342	461.04	0.19927	0.099636	0.020468	0	0.13136	0.002924	0	0	0.97615	2363	0	0.017544	0	0	0.21968	0	0	342	0.002924	0.002924	0.24766	0	0	342	0	0	0.24488	0	0.0087719	339
176137	0																																		
176150	1	51	3	254	458.81	0.022665	0.10446	0.011811	0	0.095079	0	0	0	0.93795	1546	0	0.027559	0	0	0.24291	0	0.007874	252	0	0	0.25207	0	0.003937	253	0	0	0.25095	0	0.086614	232
176159	0																																		
176181	0																																		
176260	1	15	11	600	1343.6	0.57347	0.3297	0.011667	0	0.086124	0.016667	0	0	0.98021	3134	0.0033333	0.033333	0.0067114	0.0016779	0.23169	0	0.0066667	596	0.0071685	0.0017921	0.22322	0	0.07	558	0.015228	0.013536	0.24292	0	0.015	591
176333	0																																		
176399	0																																		
176423	0																																		
176502	1	109	92	2662	10865	0.38908	0.4762	0.11307	0.016529	0.35537	0.05973	3.5896	39	0.46919	29227	0.12322	0.213	0.042449	0.022164	0.26856	0.00075131	0	2662	0.055429	0.036446	0.27249	0.0007593	0.010518	2634	0.022104	0.0091463	0.24437	0.0007622	0.014275	2624
176533	1	11	43	471	4941.8	0.26545	0.21554	0.025478	0	0.19343	0.025478	0.40471	2	0.93546	2326	0.048832	0.27176	0.014862	0.010616	0.24515	0	0	471	0.023355	0.014862	0.2701	0	0	471	0.0043197	0	0.16799	0	0.016985	463
176575	0																																		
176628	0																																		
176707	1	18	7	28	808.23	0.037011	0.041474	0	0	0.1186	0	0	0	1	73	0	0.35714	0	0	0.1853	0	0	28	0	0	0.22633	0	0	28	0	0	0.079105	0	0	28
176731	0																																		
176775	0																																		
176810	1	13	1	21	22.049	0.0010858	0.0010858	0	0	0.078623	0	0	0	1	139	0	0	0	0	0.32629	0	0	21	0	0	0.23065	0	0	21	0	0	0.26211	0	0.047619	20
176914	0																																		
176926	0																																		
176948	1	20	8	108	862.72	0.14221	0.15608	0	0	0.117	0.0092593	0	0	0.9601	530	0	0.13889	0	0	0.25563	0.0092593	0	108	0.0092593	0.0092593	0.25553	0	0	108	0	0	0.22762	0	0.083333	99
176951	0																																		
176970	0																																		
176973	0																																		
176980	0																																		
176986	1	67	29	233	1346.3	0.34759	0.16041	0.038627	0.0042918	0.17423	0.012876	0	0	0.94695	1286	0.021459	0.29185	0.0042918	0	0.22039	0	0	233	0.021459	0.012876	0.23333	0	0	233	0.0042918	0	0.22454	0	0	233
177037	0																																		
177068	1	5	11	107	337.77	0.48105	0.34812	0	0	0.18619	0.018692	0	0	0.92704	684	0	0.18692	0.018692	0.018692	0.23309	0	0	107	0.018692	0	0.29439	0	0	107	0	0	0.21512	0	0	107
177102	0																																		
177149	1	14	11	94	1021.3	0.025601	0.21182	0	0	0.14887	0.021277	0.97913	1	0.9977	448	0.06383	0.19149	0.021277	0.021277	0.22766	0	0	94	0.021277	0.021277	0.19924	0	0	94	0	0	0.20224	0	0	94
177156	0																																		
177171	0																																		
177178	1	18	3	195	1033.8	0.086119	0.23606	0.05641	0.0051282	0.13873	0.030769	0.96729	1	0.78993	957	0.020513	0.030769	0	0	0.24696	0.010256	0	195	0.030769	0.030769	0.31699	0.010256	0	195	0	0	0.22685	0.010256	0	195
177193	0																																		
177266	1	7	2	72	163.1	0.0083592	0.0064774	0	0	0.16078	0	0	0	1	366	0	0.15278	0	0	0.24003	0	0	72	0	0	0.19515	0	0	72	0	0	0.21273	0	0	72
177278	0																																		
177294	0																																		
177301	0																																		
177360	1	1	4	23	168.18	0.2081	0.084037	0	0	0.20018	0	0	0	0.99498	95	0	0.26087	0	0	0.32752	0	0	23	0	0	0.2468	0	0	23	0	0	0.090737	0	0	23
177366	1	12	7	125	610.44	0.15662	0.3308	0.008	0	0.18996	0.008	0	0	0.85443	737	0.032	0.232	0	0	0.24834	0	0	125	0.008	0.008	0.26228	0	0	125	0	0	0.2421	0	0	125
177404	0																																		
177413	0																																		
177455	1	16	8	40	662.47	0.039523	0.24722	0	0	0.16294	0.05	3.019	2	1	107	0.3	0.325	0.025	0.025	0.23775	0.025	0	40	0	0	0.28264	0.032258	0.225	31	0.025	0.025	0.030527	0.025	0	40
177477	0																																		
177521	0																																		
177530	0																																		
177536	1	85	7	754	1876.2	0.20431	0.33756	0	0	0.066376	0.005305	0.53299	1	0.96903	4165	0.0039788	0.027851	0.0026631	0.0013316	0.25545	0	0.0039788	751	0.0069541	0.0041725	0.24866	0	0.046419	719	0	0	0.24207	0	0.0079576	748
177574	0																																		
177589	0																																		
177787	0																																		
177873	0																																		
177875	0																																		
177910	0																																		
177917	0																																		
177939	0																																		
177961	1	11	2	73	133.19	0.03901	0.12403	0.013699	0	0.23616	0.013699	0	0	0.82954	496	0.027397	0.10959	0.041096	0.013699	0.25614	0	0	73	0	0	0.20136	0	0.027397	71	0	0	0.2703	0	0	73
178042	0																																		
178115	1	7	3	244	546.77	0.16051	0.21264	0.061475	0	0.22676	0.020492	5.4868	3	0.9434	1416	0.081967	0.12705	0.0081967	0.0040984	0.25878	0.0040984	0	244	0.012658	0.0042194	0.2752	0.0042194	0.028689	237	0.012397	0.0082645	0.24307	0.0041322	0.0081967	242
178146	0																																		
178152	0																																		
178225	1	9	11	210	2269.2	0.078183	0.010913	0.0047619	0	0.18371	0	0	0	0.66117	1963	0	0.085714	0	0	0.24714	0	0	210	0	0	0.2359	0	0	210	0	0	0.22884	0	0	210
178240	0																																		
178328	1	13	4	348	1462.6	0.31883	0.2686	0.034483	0	0.17795	0.0057471	0.6837	1	0.95404	1860	0.045977	0.054598	0.0028736	0	0.23698	0	0	348	0	0	0.25049	0	0	348	0.012012	0.006006	0.25023	0	0.043103	333
178337	0																																		
178350	1	15	2	256	549.2	0.050278	0.047743	0	0	0.18349	0	0	0	0.60749	2868	0	0.011719	0	0	0.25504	0	0	256	0	0	0.23741	0	0.0039062	255	0	0	0.28408	0	0.0039062	255
178381	0																																		
178388	1	6	6	94	296.76	0.102	0.031699	0	0	0.087451	0.010638	3.3697	1	0.97957	453	0.042553	0.095745	0	0	0.22389	0	0	94	0.010638	0.010638	0.22509	0	0	94	0	0	0.224	0	0	94
178410	0																																		
178445	1	8	10	122	1755.3	0.11303	0.35342	0	0	0.12669	0.057377	1.1394	2	0.97307	575	0.057377	0.19672	0.0081967	0.0081967	0.2343	0	0	122	0.057377	0.057377	0.25995	0	0	122	0	0	0.24601	0	0	122
178476	0																																		
178513	0																																		
178535	0																																		
178548	1	13	9	201	978.47	0.10747	0.065683	0	0	0.071175	0	1.022	1	0.99688	990	0.029851	0.074627	0	0	0.23246	0.0049751	0	201	0	0	0.24518	0	0	201	0	0	0.22112	0	0	201
178570	1	19	11	243	1607.4	0.025697	0.21376	0.0041152	0	0.18501	0.016461	1.8663	3	0.9394	1440	0.065844	0.11934	0.016461	0.0082305	0.25775	0	0	243	0.016461	0.016461	0.25202	0	0	243	0	0	0.21609	0	0	243
178577	0																																		
178601	0																																		
178645	0																																		
178841	1	12	10	691	3171.6	0.33744	0.14642	0.0086831	0	0.23946	0	0.6306	2	0.55088	7944	0.024602	0.027496	0	0	0.24253	0	0.0028944	689	0	0	0.26178	0	0.13314	599	0	0	0.24433	0	0.0086831	685
178865	1	2	3	384	672.12	0.24337	0.41212	0	0	0.072135	0.0052083	1.4878	1	0.99143	1943	0.010417	0.0052083	0	0	0.24565	0	0	384	0.0055556	0.0055556	0.26988	0	0.0625	360	0	0	0.23918	0	0.010417	380
178872	0																																		
178885	1	9	10	407	1231.5	0.072755	0.19972	0.027027	0.002457	0.1911	0.022113	2.4361	3	0.81228	3126	0.027027	0.061425	0.031941	0.022113	0.26469	0	0	407	0	0	0.26194	0	0.004914	405	0.002457	0.002457	0.25397	0	0	407
178907	1	9	4	106	307.08	0.30779	0.10137	0.028302	0	0.077399	0	0	0	0.99036	506	0.018868	0.084906	0	0	0.2569	0	0	106	0.009434	0	0.23642	0	0	106	0	0	0.22225	0	0	106
178931	1	8	11	103	679.84	0.062635	0.098327	0	0	0.16227	0	1.4709	1	0.93047	530	0.067961	0.19417	0.0097087	0	0.23541	0	0	103	0.0097087	0	0.21132	0	0	103	0	0	0.23255	0	0	103
178938	0																																		
178966	0																																		
178982	0																																		
178995	0																																		
179048	1	17	6	633	2958.8	0.20142	0.24079	0.045814	0.0063191	0.21966	0.0063191	0.33797	1	0.82197	5360	0.042654	0.060032	0.0015798	0.0015798	0.24378	0	0	633	0.0094787	0.0047393	0.2561	0	0	633	0	0	0.2557	0	0.0047393	630
179054	1	22	9	487	1295.4	0.19303	0.3051	0.0061602	0	0.11687	0.01232	0.77199	1	0.57607	4268	0.01848	0.049281	0	0	0.23555	0	0	487	0.01232	0.0082136	0.2574	0	0	487	0.0042553	0.0042553	0.25308	0	0.034908	470
179246	1	14	11	305	1107.7	0.014296	0.067906	0	0	0.061705	0.0065574	0	0	1	1486	0.0032787	0.068852	0.0065574	0.0032787	0.22807	0	0	305	0.0065574	0.0065574	0.24387	0	0	305	0.0065574	0.0032787	0.22235	0	0	305
179303	1	13	14	56	1937.5	0.028731	0.072257	0	0	0.14067	0	0	0	1	136	0	0.42857	0	0	0.17693	0	0	56	0	0	0.2302	0	0	56	0	0	0.060898	0	0	56
179325	0																																		
179356	0																																		
179369	1	17	34	1039	2709.3	0.35867	0.2333	0.0096246	0	0.1136	0.0086622	0.3691	1	0.92152	6037	0.0076997	0.086622	0.0067568	0.0057915	0.24636	0	0.0028874	1036	0.0077146	0.002893	0.25017	0	0.0019249	1037	0.0058083	0.0058083	0.24999	0	0.0057748	1033
179435	0																																		
179604	1	11	6	798	4041.8	0.15484	0.073342	0.025063	0.0012531	0.27611	0.0037594	0.24741	1	0.33746	12854	0.0062657	0.033835	0.0062893	0.0037736	0.24092	0	0.0037594	795	0.0040268	0.0013423	0.25283	0	0.066416	745	0.0012887	0	0.23387	0	0.027569	776
179611	1	10	17	291	1897.9	0.36519	0.26613	0.12371	0.058419	0.162	0.20275	0	0	0.99952	976	0.013746	0.099656	0.034364	0.020619	0.22835	0.24055	0	291	0.0034364	0	0.22858	0	0	291	0.0034364	0	0.23124	0	0	291
179752	1	15	9	234	1764.9	0.13156	0.22535	0.012821	0	0.15838	0.012821	0	0	0.76342	1965	0.008547	0.15812	0.0042735	0.0042735	0.26258	0.008547	0	234	0	0	0.22406	0.008547	0	234	0	0	0.21132	0.0094787	0.098291	211
179765	1	4	2	190	420.94	0.1775	0.101	0.015789	0	0.12839	0	0	0	0.94312	1285	0	0.021053	0	0	0.24398	0	0	190	0	0	0.25036	0	0	190	0	0	0.27949	0	0	190
179840	1	27	2	8	68.62	0	0	0	0	0.10634	0	0	0	1	12	0	0	0	0	0.24964	0	0	8	0	0	0.24509	0	0	8	0	0	0.0032936	0	0	8
179897	1	24	9	314	1081.4	0.16353	0.47235	0.025478	0	0.15239	0.050955	0.92472	1	0.6331	2737	0.012739	0.092357	0.035032	0.019108	0.27157	0.012739	0	314	0.029091	0.018182	0.23334	0.014545	0.1242	275	0.019355	0.019355	0.23228	0.012903	0.012739	310
179912	1	1	9	202	520.3	0.029759	0.16054	0.0049505	0	0.18227	0.019802	1.922	1	0.73607	1545	0.034653	0.094059	0.0049751	0.0049751	0.26091	0	0.0049505	201	0.014851	0.014851	0.2516	0	0	202	0.009901	0.009901	0.2299	0	0	202
179928	0																																		
179963	0																																		
180000	0																																		
180044	0																																		
180088	1	6	4	24	87.405	0.0034364	0.079445	0	0	0.055689	0.041667	0	0	1	91	0	0.33333	0.041667	0.041667	0.20995	0	0	24	0	0	0.24825	0	0	24	0	0	0.16881	0	0	24
180117	1	12	4	743	1839	0.32268	0.2175	0.013459	0	0.083225	0.010767	2.1751	4	0.98632	4167	0.028264	0.028264	0.0080754	0.0040377	0.25227	0.0013459	0	743	0.010767	0.0094213	0.24875	0.0013459	0	743	0.0041494	0.0041494	0.24804	0.0013831	0.026918	723
180308	0																																		
180403	1	7	2	303	521.11	0.099222	0.20311	0.059406	0.0066007	0.25902	0.009901	1.919	1	0.87087	2382	0.049505	0.092409	0.0099338	0.0033113	0.22683	0	0.0033003	302	0.009901	0.0066007	0.25558	0	0	303	0	0	0.22698	0	0.059406	285
180462	0																																		
180544	1	10	12	134	2306.7	0.039242	0.25053	0.029851	0	0.11613	0.0074627	0.43352	1	0.93422	574	0.067164	0.20149	0.0074627	0.0074627	0.24765	0	0	134	0.014925	0.0074627	0.2756	0	0	134	0.014925	0.0074627	0.18197	0	0	134
180566	0																																		
180645	1	3	6	277	600.18	0.017919	0.18938	0	0	0.088616	0.01083	0	0	1	1306	0.0072202	0.025271	0.0072202	0.0072202	0.25739	0	0	277	0.01083	0.01083	0.23046	0	0	277	0.0036101	0.0036101	0.25214	0	0	277
180698	1	11	10	519	4552.5	0.076186	0.21355	0.021195	0.0038536	0.21292	0.011561	0.43932	2	0.61593	5798	0.019268	0.05395	0.0019268	0.0019268	0.26819	0.0096339	0	519	0.0041237	0.0020619	0.24608	0.010309	0.065511	485	0	0	0.24761	0.010183	0.05395	491
180720	0																																		
180764	0																																		
180777	0																																		
180918	0																																		
181050	1	15	30	297	1357.7	0.3152	0.26042	0.053872	0	0.18112	0.020202	0	0	0.96988	1574	0.03367	0.28956	0	0	0.25055	0	0	297	0.037037	0.020202	0.26847	0	0	297	0.006734	0	0.15608	0	0	297
181072	0																																		
181094	0																																		
181160	0																																		
181226	0																																		
181248	0																																		
181402	0																																		
181776	0																																		
181930	0																																		
236192	1	10	6	202	1031.4	0.24571	0.14992	0	0	0.079905	0.0049505	0	0	1	1072	0	0.039604	0	0	0.22896	0	0	202	0.0049505	0.0049505	0.24763	0	0	202	0	0	0.1007	0	0	202
236500	0																																		
236610	1	12	2	82	139.08	0.15753	0.20341	0.04878	0	0.35435	0	0	0	0.53846	872	0	0.02439	0.073171	0	0.20721	0	0	82	0	0	0.34377	0	0	82	0	0	0.21826	0	0	82
236742	0																																		
236852	0																																		
237028	0																																		
237292	1	10	21	274	1820.7	0.238	0.2271	0.010949	0	0.1373	0.021898	0.54925	1	0.98846	1305	0.032847	0.24088	0.0072993	0	0.24657	0	0	274	0.032847	0.021898	0.29169	0	0	274	0.021978	0.010989	0.18925	0	0.0036496	273
237380	0																																		
237446	1	12	2	99	210.21	0.063757	0.047957	0.11111	0	0.26069	0.030303	0	0	0.86852	717	0.010101	0.040404	0.030303	0.030303	0.29884	0	0	99	0	0	0.274	0	0	99	0	0	0.23761	0	0	99
237688	0																																		
237710	1	14	9	220	809.82	0.06036	0.063085	0.0090909	0	0.20194	0.022727	0	0	0.75898	1857	0	0.063636	0.0045455	0.0045455	0.22454	0	0	220	0.022727	0.018182	0.26216	0	0	220	0.018182	0.018182	0.24799	0	0	220
237798	1	13	8	458	1506.8	0.15977	0.15365	0.010917	0	0.19817	0.0065502	1.3274	2	0.82822	3690	0.028384	0.030568	0.0021882	0.0021882	0.22781	0	0.0021834	457	0.0090703	0.0068027	0.25874	0	0.037118	441	0	0	0.24678	0	0.0131	452
237930	0																																		
238018	0																																		
238062	0																																		
238106	0																																		
238502	0																																		
239118	1	6	2	22	44.642	0.0075755	0.0037878	0	0	0.060471	0	0	0	1	84	0	0.13636	0	0	0.23718	0	0	22	0	0	0.24643	0	0	22	0	0	0.28106	0	0	22
239162	0																																		
239206	0																																		
239404	1	22	3	214	1300.3	0.26771	0.18109	0	0	0.11198	0	0	0	0.89056	1377	0.0046729	0.037383	0	0	0.24083	0	0	214	0	0	0.2375	0	0	214	0	0	0.23679	0	0.0046729	213
239712	0																																		
239932	0																																		
240196	1	2	1	59	96.672	0.043814	0.043814	0	0	0.085503	0	0	0	1	250	0.016949	0	0	0	0.27303	0	0	59	0	0	0.29157	0	0	59	0	0	0.10494	0	0	59
240306	1	16	6	101	951.74	0.0058885	0.1397	0	0	0.26667	0	0	0	0.62164	705	0	0.16832	0	0	0.30454	0	0	101	0	0	0.2183	0	0	101	0	0	0.23857	0	0	101
240372	1	16	9	356	1633.9	0.075786	0.1155	0.022472	0	0.11135	0.011236	0.61203	1	0.84857	2208	0.022472	0.08427	0.005618	0.005618	0.24428	0	0	356	0.005618	0.005618	0.24561	0	0	356	0.0056818	0.0056818	0.22601	0	0.011236	352
240504	0																																		
240636	1	12	7	508	1889	0.12984	0.31527	0.007874	0	0.10233	0	0	0	0.97724	3115	0	0.064961	0	0	0.23033	0	0	508	0	0	0.24309	0	0.07874	468	0	0	0.24852	0	0.0019685	507
240922	0																																		
240966	0																																		
240988	0																																		
241186	0																																		
241274	0																																		
241340	0																																		
241626	1	13	4	278	1219.3	0.39317	0.29106	0.028777	0	0.20954	0.014388	2.4604	3	0.73352	2429	0.093525	0.043165	0.025362	0.014493	0.25272	0	0.0071942	276	0.021583	0	0.25898	0	0	278	0.0038462	0	0.26648	0	0.064748	260
242000	1	14	3	312	496.09	0.32746	0.41656	0.012821	0	0.15703	0.0096154	2.0158	1	0.9601	1808	0.012821	0.0096154	0.0032051	0.0032051	0.26447	0	0	312	0.0064103	0.0064103	0.2526	0	0	312	0.0097087	0.0097087	0.26803	0	0.0096154	309
242022	1	16	10	596	2155.4	0.32662	0.11643	0	0	0.12424	0.0083893	0.46395	1	0.97172	3852	0.016779	0.030201	0.0033557	0.0033557	0.24499	0	0	596	0.0052724	0.0035149	0.25204	0	0.045302	569	0.0050761	0.0050761	0.23588	0	0.0083893	591
242264	0																																		
242286	0																																		
242484	1	9	10	497	2438.2	0.058048	0.023298	0	0	0.13172	0	0.82028	2	0.95673	3064	0.016097	0.040241	0	0	0.26072	0	0.0040241	495	0	0	0.22811	0	0.10865	443	0	0	0.24446	0	0.012072	491
242550	1	14	6	834	3320.4	0.15233	0.27904	0.0023981	0	0.16274	0.0059952	0.60234	2	0.6384	9945	0.0083933	0.033573	0.0012034	0.0012034	0.25567	0	0.0035971	831	0.0064683	0.0064683	0.2418	0	0.073141	773	0.0012092	0.0012092	0.24976	0	0.0083933	827
242726	1	20	9	538	1196.2	0.26308	0.28701	0.048327	0.0018587	0.10304	0.037175	1.6719	2	0.93704	2976	0.01487	0.10037	0.024254	0.014925	0.24928	0	0.0037175	536	0.025641	0.023504	0.25761	0	0.13011	468	0.016729	0.011152	0.23135	0	0	538
242748	1	10	3	109	146.84	0.018275	0.45058	0	0	0.11334	0.0091743	0	0	0.96953	547	0.018349	0.045872	0	0	0.24572	0	0	109	0.018519	0.0092593	0.2814	0	0.0091743	108	0	0	0.18817	0	0	109
242770	1	2	14	164	717.62	0.53909	0.35781	0.030488	0	0.12966	0.085366	0	0	0.9755	904	0.018293	0.21951	0.02439	0.02439	0.27861	0	0	164	0.060976	0.060976	0.28572	0	0	164	0.018634	0.012422	0.22563	0	0.018293	161
242814	1	10	8	225	533.31	0.21958	0.13265	0.066667	0	0.39906	0.04	9.3755	5	0.87447	1254	0.19111	0.16	0.04	0.0088889	0.31592	0	0	225	0.048889	0.0088889	0.26622	0	0	225	0.071429	0.022321	0.26266	0	0.0044444	224
242858	0																																		
242968	0																																		
243210	0																																		
243408	0																																		
243628	1	15	23	521	3063.3	0.25594	0.24117	0.03071	0.0076775	0.13433	0.03071	0.6529	2	0.91339	2841	0.015355	0.097889	0.015355	0.013436	0.27078	0	0	521	0.038462	0.015385	0.25704	0	0.0019194	520	0.0019305	0.0019305	0.25792	0	0.0057582	518
273559	0																																		
273845	0																																		
274505	0																																		
274681	0																																		
275011	1	11	17	182	1399.2	0.37885	0.45427	0.065934	0	0.33633	0.038462	2.1441	3	0.88763	889	0.12637	0.28022	0.021978	0.0054945	0.25349	0	0	182	0.049451	0.021978	0.23553	0.016484	0	182	0.03681	0.01227	0.23277	0	0.1044	163
275187	0																																		
275231	1	6	10	1091	5159.7	0.047595	0.27926	0.011916	0	0.14578	0.0064161	0	0	0.94593	7070	0.012832	0.053162	0.0036664	0.0036664	0.24576	0	0	1091	0.0045956	0.0036765	0.25116	0	0.0027498	1088	0.00092081	0.00092081	0.25089	0	0.004583	1086
275385	1	19	7	288	1591.2	0.38645	0.1203	0	0	0.17465	0	0.62846	1	0.95189	1865	0.034722	0.045139	0	0	0.24487	0	0	288	0	0	0.23684	0	0	288	0	0	0.24378	0	0.0034722	287
275429	0																																		
275451	0																																		
275539	1	12	11	204	961.37	0.028264	0.087281	0	0	0.17719	0	0	0	0.77534	1618	0.019608	0.098039	0	0	0.25951	0	0	204	0	0	0.26723	0	0	204	0	0	0.24148	0	0	204
275671	0																																		
275825	0																																		
276309	0																																		
276331	0																																		
276925	1	8	20	244	3706.5	0.088976	0.15667	0.020492	0	0.13276	0.0040984	0.2698	1	0.95493	1427	0.02459	0.20082	0.0040984	0	0.2353	0	0	244	0.0042373	0.0042373	0.23844	0	0.032787	236	0	0	0.22801	0	0.016393	240
277013	0																																		
277123	1	8	10	318	1977.3	0.041635	0.12101	0	0	0.080814	0.012579	0.50573	1	0.99994	1579	0.012579	0.059748	0	0	0.24587	0	0	318	0.0094937	0.012658	0.22792	0.0031646	0.0062893	316	0.0031746	0.0031746	0.25488	0	0.009434	315
277189	0																																		
277277	0																																		
278487	0																																		
278509	1	9	10	188	724.22	0.029677	0.11875	0.010638	0	0.11331	0.021277	0	0	0.99945	900	0.021277	0.079787	0.010638	0.010638	0.26423	0.010638	0	188	0.010638	0.010638	0.24735	0.010638	0	188	0	0	0.26826	0.010638	0	188
279213	1	9	10	111	1445.5	0.039471	0.019956	0	0	0.068561	0	0	0	1	496	0.036036	0.17117	0	0	0.2537	0	0	111	0	0	0.24426	0	0	111	0	0	0.16249	0	0	111
279273	0																																		
279537	1	7	4	135	283.53	0.0058966	0.035077	0	0	0.15395	0	0	0	0.60539	1442	0.014815	0.051852	0	0	0.2498	0	0	135	0	0	0.22896	0	0.014815	133	0	0	0.26512	0	0	135
279713	0																																		
279823	0																																		
279829	0																																		
279955	1	16	4	399	1505.3	0.49219	0.12305	0.02005	0	0.1205	0.0025063	0	0	0.85507	2806	0	0.025063	0.0025063	0.0025063	0.25022	0	0	399	0.0025063	0.0025063	0.25667	0	0	399	0.0025126	0.0025126	0.2434	0	0.0025063	398
279977	1	15	5	101	1270.8	0.021928	0.086767	0	0	0.13331	0	0	0	0.95926	600	0	0.089109	0	0	0.19996	0	0	101	0.009901	0	0.25049	0	0	101	0	0	0.23614	0	0.009901	100
280043	0																																		
280153	1	3	1	71	116.26	0.063808	0.063808	0	0	0.13017	0	0	0	1	357	0.042254	0	0	0	0.24829	0	0	71	0	0	0.20875	0	0	71	0	0	0.14715	0	0	71
280159	1	13	44	1011	4743.7	0.20705	0.38676	0.051434	0.0019782	0.23304	0.02275	0.84322	4	0.70636	8565	0.031652	0.18793	0.0089021	0.0049456	0.23704	0.00098912	0	1011	0.021761	0.0089021	0.25916	0.00098912	0	1011	0.016865	0.0089286	0.24041	0.00099206	0.0029674	1008
280225	0																																		
280329	1	40	11	286	1683.4	0.087223	0.18233	0.031469	0.020979	0.0856	0.041958	1.7821	3	0.67627	1733	0.062937	0.10839	0.034965	0.034965	0.2637	0.006993	0	286	0	0	0.26056	0.006993	0	286	0.031469	0.031469	0.24035	0.006993	0	286
280351	1	10	9	96	2253.7	0.11244	0.11116	0.03125	0	0.12844	0	0.44371	1	1	379	0.0625	0.14583	0	0	0.17183	0	0	96	0	0	0.21185	0	0	96	0	0	0.32031	0	0	96
280461	0																																		
280637	0																																		
280709	1	46	18	171	1542.6	0.10242	0.22415	0.023392	0	0.18274	0.005848	0	0	0.99773	859	0.052632	0.27485	0.012195	0.0060976	0.22069	0	0.040936	164	0.005988	0.005988	0.26905	0.005988	0.023392	167	0.005848	0	0.1866	0	0	171
280769	0																																		
280819	1	14	6	24	773.68	0	0.015633	0	0	0.117	0	0	0	1	84	0.083333	0.33333	0	0	0.27807	0	0	24	0	0	0.12851	0	0	24	0	0	0.12369	0	0	24
280857	0																																		
280885	0																																		
280923	0																																		
280929	0																																		
280945	1	5	7	203	533.04	0.059742	0.071796	0	0	0.06937	0.0098522	0	0	0.99991	1053	0.0098522	0.064039	0.0049505	0	0.21949	0	0.0049261	202	0.0099502	0.0099502	0.23256	0	0.0098522	201	0.0049505	0	0.2502	0	0.0049261	202
280967	0																																		
280995	0																																		
281165	1	16	21	491	1282.2	0.40167	0.35881	0.032587	0	0.1943	0.01833	0	0	0.93712	3347	0.0040733	0.13646	0.010183	0.00611	0.23958	0	0	491	0.028689	0.014344	0.25944	0	0.00611	488	0.01222	0.0040733	0.2257	0	0	491
281215	0																																		
281253	0																																		
281325	1	8	22	182	1974.2	0.15506	0.20491	0.021978	0.0054945	0.19108	0.016484	0.50654	1	0.83315	1065	0.027473	0.28022	0.0054945	0	0.23224	0	0	182	0.010989	0.010989	0.24834	0	0	182	0.011173	0.0055866	0.19637	0	0.016484	179
281341	0																																		
281347	0																																		
281479	0																																		
281561	0																																		
281567	1	95	76	1011	5949.7	0.33107	0.29736	0.1088	0.0019782	0.38415	0.054402	1.1765	7	0.6695	8531	0.054402	0.31454	0.043521	0.027695	0.25357	0	0	1011	0.041543	0.015826	0.27308	0	0	1011	0.021898	0.017727	0.22301	0	0.051434	959
281743	0																																		
281781	1	14	53	537	4628.8	0.32034	0.31223	0.057728	0.0055866	0.23826	0.046555	1.0802	5	0.80239	3448	0.061453	0.26257	0.018657	0.01306	0.2775	0	0.0018622	536	0.040856	0.025292	0.27813	0	0.042831	514	0.026465	0.013233	0.21924	0	0.014898	529
281853	0																																		
281875	0																																		
281985	1	17	5	190	1400	0.30428	0.25276	0	0	0.18143	0	0.71426	1	0.86148	1271	0.021053	0.084211	0	0	0.27145	0	0	190	0.0052632	0	0.23698	0	0	190	0	0	0.18843	0	0	190
282067	1	14	7	112	1768.8	0.0045755	0.12937	0.044643	0	0.1979	0	0	0	0.71819	1024	0.0089286	0.125	0	0	0.28022	0.0089286	0	112	0	0	0.20171	0.009009	0.0089286	111	0	0	0.21589	0.009009	0.0089286	111
282155	0																																		
282271	1	6	45	479	2700.3	0.19195	0.12511	0.02714	0	0.17467	0.031315	1.8517	5	0.89197	2536	0.12109	0.23382	0.029228	0.020877	0.24084	0.0020877	0	479	0.012526	0.006263	0.22842	0.0020877	0	479	0.0062762	0.0041841	0.227	0.0020921	0.0020877	478
282469	0																																		
282491	1	18	4	222	1023.6	0.13436	0.034822	0	0	0.10776	0	0	0	0.9996	1078	0.009009	0.013514	0	0	0.24746	0	0	222	0	0	0.21991	0	0	222	0	0	0.24217	0	0	222
282529	0																																		
282689	0																																		
282749	1	17	8	320	1899.1	0.048848	0.043267	0.19375	0.04375	0.20201	0.04375	1.0531	2	0.57067	1490	0.03125	0.084375	0.009375	0.00625	0.22499	0	0	320	0.063091	0.044164	0.28503	0	0.009375	317	0.009375	0.003125	0.23123	0	0	320
282837	1	2	11	314	771.81	0.40034	0.18747	0.019108	0	0.093645	0.025478	0	0	0.99047	1552	0.0063694	0.085987	0.012739	0.0063694	0.23474	0	0	314	0	0	0.24342	0	0.0031847	313	0.022293	0.019108	0.12929	0	0	314
282909	1	4	33	551	1963.9	0.33549	0.43736	0.1343	0.0072595	0.40234	0.052632	4.0736	8	0.84093	3611	0.098004	0.32849	0.016334	0.010889	0.24368	0.0018149	0	551	0.063521	0.036298	0.28407	0.0018149	0	551	0.043084	0.013605	0.24347	0.0022676	0.19964	441
283013	1	14	3	200	869.48	0.0034222	0.096276	0	0	0.096168	0	1.1501	1	0.99105	1143	0.03	0.025	0	0	0.22025	0	0.005	199	0	0	0.2572	0	0	200	0	0	0.23816	0	0	200
283035	1	9	5	20	72.51	0.088333	0.074055	0	0	0.030765	0	0	0	1	42	0.1	0.3	0	0	0.29392	0	0	20	0	0	0.063621	0	0	20	0	0	0.0045364	0	0	20
283129	0																																		
283150	0																																		
283211	0																																		
283216	0																																		
283299	1	11	27	665	2789.3	0.26669	0.222	0.02406	0	0.19301	0.030075	1.7925	5	0.7058	5847	0.049624	0.10376	0.018045	0.013534	0.24222	0.0075188	0	665	0.021053	0.0090226	0.21993	0.0075188	0	665	0.018605	0.012403	0.25131	0.0077519	0.030075	645
283370	0																																		
283525	1	9	7	28	264.31	0.15951	0.14814	0	0	0.12469	0.035714	11.35	3	1	50	0.57143	0.35714	0	0	0.10492	0	0	28	0.035714	0.035714	0.35928	0	0	28	0.035714	0.035714	0.0060404	0	0	28
283568	1	18	22	450	2140.4	0.11739	0.2746	0.082222	0.042222	0.22381	0.077778	0.46721	1	0.75313	2356	0.022222	0.11778	0.015801	0.013544	0.22668	0	0.015556	443	0.031746	0.034014	0.27433	0.049887	0.02	441	0.0068493	0.0045662	0.23764	0	0.026667	438
283585	0																																		
283590	1	7	10	86	662.59	0.22996	0.21871	0.093023	0	0.17545	0.023256	3.0185	2	0.98562	373	0.15116	0.2907	0.023256	0	0.22757	0	0	86	0.011628	0	0.2597	0	0	86	0.031746	0.031746	0.24085	0.015873	0.26744	63
283591	1	14	1	465	548.96	0.145	0.145	0	0	0.06489	0	0	0	0.99201	2491	0.0021505	0.0043011	0	0	0.24821	0	0.0043011	463	0	0	0.24242	0	0.058065	438	0	0	0.23214	0	0.043011	445
283700	0																																		
283723	0																																		
283761	0																																		
283833	1	11	14	957	2746	0.084678	0.16403	0.059561	0.0094044	0.32992	0.059561	0	0	0.15289	17553	0.0031348	0.042842	0.012565	0.0020942	0.24335	0	0.0020899	955	0.0085106	0	0.27413	0	0.017764	940	0.0011403	0	0.26521	0.062714	0.083595	877
283849	1	7	3	302	1487.5	0.25836	0.14256	0.062914	0.0066225	0.2341	0.036424	1.3445	2	0.47832	4196	0.089404	0.039735	0.056291	0.036424	0.25839	0	0	302	0.0066225	0	0.27305	0	0	302	0	0	0.23906	0	0	302
283876	0																																		
284025	0																																		
284030	0																																		
284047	1	5	1	36	36.742	0.0278	0.0278	0	0	0.23886	0	0	0	0.53778	316	0	0	0	0	0.25956	0	0	36	0	0	0.27101	0	0	36	0	0	0.20835	0	0	36
284096	0																																		
284206	1	10	8	237	1063.7	0.19305	0.33627	0.13502	0	0.5248	0.021097	2.8204	3	0.93548	1474	0.080169	0.27426	0.012658	0	0.22771	0	0	237	0.059072	0.021097	0.28918	0	0	237	0.0042194	0	0.20912	0	0	237
284294	0																																		
284382	0																																		
284866	1	16	2	623	1621.7	0.51791	0.48588	0.017657	0	0.17756	0.0080257	0.61663	1	0.95481	4029	0.016051	0.024077	0	0	0.25504	0	0.0016051	622	0.0064309	0.0064309	0.25318	0	0.0016051	622	0.003231	0.0016155	0.25174	0	0.0064205	619
284905	0																																		
284971	0																																		
285059	0																																		
285323	0																																		
285350	1	18	5	171	527.28	0.2494	0.21501	0	0	0.10117	0	0	0	0.99547	937	0.011696	0.052632	0	0	0.24312	0	0	171	0	0	0.25355	0	0	171	0	0	0.24263	0	0	171
285372	0																																		
285416	0																																		
285438	0																																		
285460	0																																		
285521	0																																		
285680	1	39	6	360	769	0.082233	0.38761	0.0083333	0	0.11176	0.027778	0	0	0.88065	2055	0.0083333	0.075	0.011111	0.0083333	0.26884	0.0055556	0	360	0.013889	0.011111	0.23128	0.0055556	0	360	0.022284	0.019499	0.25913	0.005571	0.0027778	359
285724	0																																		
285851	0																																		
285878	0																																		
285895	0																																		
285961	0																																		
286049	0																																		
286076	1	12	16	66	919.7	0.069258	0.081032	0	0	0.12598	0.045455	2.1746	2	1	184	0.15152	0.37879	0.015152	0.015152	0.30392	0	0	66	0	0	0.15879	0	0	66	0.030303	0.030303	0.12296	0	0	66
286120	1	6	2	8	42.663	0.19498	0.09749	0	0	0.093195	0	0	0	1	26	0	0	0	0	0.24438	0	0	8	0	0	0.35922	0	0	8	0	0	0.1455	0	0	8
286225	0																																		
286269	0																																		
286296	1	64	20	158	2355.4	0.051468	0.15495	0.025316	0	0.18301	0.025316	0.8491	2	0.9536	592	0.082278	0.27848	0.018987	0.012658	0.22207	0	0	158	0.018987	0.012658	0.23449	0	0	158	0.02027	0	0.24005	0	0.063291	148
286450	0																																		
286489	1	13	5	125	1068.6	0.095626	0.17974	0.04	0.016	0.13507	0.016	0	0	0.99633	578	0.016	0.064	0	0	0.26337	0	0	125	0.016	0.008	0.2363	0.016	0	125	0	0	0.18568	0	0	125
286555	0																																		
286582	1	15	13	878	4015.6	0.054578	0.097544	0.050114	0.0045558	0.25256	0.0056948	0.74709	3	0.16625	19562	0.019362	0.041002	0.004561	0.004561	0.25135	0.0011403	0.001139	877	0.0034208	0.004561	0.25542	0.0011403	0.001139	877	0.0011696	0	0.24346	0.0011696	0.026196	855
286621	0																																		
286670	0																																		
286802	0																																		
287090	0																																		
287110	0																																		
287132	0																																		
287244	0																																		
287332	1	22	6	131	1684.2	0.1094	0.07695	0	0	0.060698	0.0076336	0	0	0.99382	597	0	0.091603	0.0076336	0.0076336	0.2435	0	0	131	0.007874	0.007874	0.30516	0	0.030534	127	0.0076336	0.0076336	0.23024	0	0	131
287374	1	17	7	236	1467.6	0.054014	0.10704	0	0	0.074693	0	0	0	1	1060	0.016949	0.055085	0	0	0.26579	0	0	236	0	0	0.22902	0	0	236	0	0	0.26419	0	0	236
287464	1	8	21	214	3002.3	0.031607	0.16657	0.018692	0.018692	0.090095	0.042056	0.99923	3	0.99551	1058	0.1028	0.22897	0.009434	0.009434	0.23585	0.037736	0.0093458	212	0.018692	0.018692	0.24733	0.042056	0	214	0.0093458	0.0093458	0.1803	0.037383	0	214
287550	0																																		
287596	0																																		
287638	1	16	11	175	826.45	0.26592	0.19013	0.062857	0	0.29153	0.022857	1.21	1	0.89616	941	0.028571	0.26857	0	0	0.27871	0.011429	0	175	0.034286	0.0057143	0.2424	0.011429	0	175	0.057143	0.0057143	0.2437	0.011429	0	175
287662	1	20	13	153	1403.6	0.2827	0.08944	0	0	0.098791	0	0	0	1	827	0.013072	0.18954	0	0	0.2332	0	0.0065359	152	0	0	0.24315	0	0.27451	111	0	0	0.16974	0	0	153
287682	0																																		
287770	1	20	4	306	744.8	0.20517	0.052832	0	0	0.080893	0	0	0	0.99407	1773	0	0.0098039	0	0	0.25342	0	0	306	0	0	0.25401	0	0	306	0	0	0.24426	0	0.003268	305
287794	1	5	5	337	576.93	0.20713	0.53126	0.023739	0	0.098669	0.014837	0	0	0.84888	1898	0.0089021	0.038576	0.0029674	0.0029674	0.24076	0	0	337	0.002994	0.002994	0.24493	0.020958	0.0089021	334	0	0	0.24693	0	0	337
287926	1	21	12	697	2492.9	0.15621	0.2265	0.0028694	0	0.129	0.0071736	0	0	0.98089	4043	0.0028694	0.037303	0	0	0.23895	0	0	697	0.010324	0.0073746	0.25633	0	0.02726	678	0	0	0.24116	0	0.0071736	692
287970	0																																		
288012	1	10	11	322	1867.4	0.074583	0.04467	0	0	0.11059	0	0.53551	1	0.96631	1729	0.018634	0.068323	0	0	0.23246	0	0	322	0	0	0.23961	0	0.0031056	321	0	0	0.23449	0	0.0031056	321
288056	0																																		
288080	0																																		
288124	0																																		
288278	0																																		
288716	0																																		
288914	1	13	2	306	685.71	0.17365	0.092084	0.003268	0	0.10584	0	0	0	0.99712	1400	0.013072	0.045752	0	0	0.25973	0	0	306	0.0065359	0	0.23875	0	0	306	0	0	0.24075	0	0.0065359	304
289158	0																																		
289202	0																																		
289246	1	16	27	476	2456.7	0.36358	0.3926	0.05042	0	0.158	0.035714	1.2212	3	0.89974	2536	0.05042	0.23109	0.014706	0.010504	0.2665	0.0021008	0	476	0.055085	0.025424	0.27687	0.0021186	0.0084034	472	0.0084034	0.0042017	0.21738	0.0021008	0	476
289290	0																																		
289312	0																																		
289376	0																																		
289464	1	11	7	617	1610.4	0.18473	0.41732	0.0016207	0	0.12335	0.0081037	0	0	0.83057	4894	0	0.030794	0.0032415	0.0032415	0.22836	0	0	617	0.0032415	0.0032415	0.27269	0	0	617	0.001642	0.001642	0.23949	0	0.012966	609
289508	1	17	14	293	1994.7	0.33127	0.17354	0.078498	0.0068259	0.28782	0.051195	1.0027	2	0.65896	2843	0.044369	0.19795	0.040956	0.017065	0.28047	0	0	293	0.047101	0.039855	0.21884	0	0.05802	276	0.023891	0.017065	0.21449	0	0	293
289596	0																																		
289818	0																																		
289840	0																																		
289862	1	5	2	26	55.926	0.39296	0.37324	0.076923	0	0.19247	0	0	0	0.75903	237	0.038462	0	0.076923	0	0.24329	0	0	26	0	0	0.28068	0	0	26	0	0	0.29654	0	0	26
290168	0																																		
290192	0																																		
290476	0																																		
290542	1	6	3	317	801.66	0.081047	0.29549	0.028391	0	0.46379	0.0031546	0	0	0.54932	3231	0	0.012618	0	0	0.23918	0	0	317	0	0	0.27853	0	0	317	0.0032154	0.0032154	0.24958	0	0.018927	311
290566	0																																		
290588	1	14	20	259	2029.4	0.061401	0.14762	0.030888	0.011583	0.14681	0.057915	0	0	0.7306	1466	0	0.23166	0.046332	0.042471	0.2415	0	0	259	0.031873	0.023904	0.27337	0	0.030888	251	0	0	0.20298	0	0.007722	257
290654	1	28	10	605	1521.3	0.26429	0.19223	0.018182	0	0.10742	0.019835	0	0	0.74517	4795	0.0033058	0.054545	0.0099174	0.0066116	0.2537	0	0	605	0.0016529	0	0.24947	0	0	605	0.013245	0.013245	0.2387	0	0.0016529	604
290676	0																																		
290718	1	8	3	837	1548.2	0.3441	0.29441	0.0011947	0	0.12736	0.0011947	0	0	0.7083	8223	0.0011947	0.0059737	0	0	0.23394	0	0.0023895	835	0.0012376	0.0012376	0.25966	0	0.034648	808	0	0	0.22969	0	0.02509	816
290740	0																																		
290742	0																																		
290762	0																																		
290786	0																																		
290874	0																																		
290938	0																																		
291006	0																																		
291072	1	20	27	333	1474	0.27085	0.32827	0.087087	0	0.26683	0.051051	1.3569	2	0.82712	2412	0.03003	0.28829	0.024316	0.021277	0.24573	0	0.012012	329	0.055901	0.037267	0.23516	0	0.033033	322	0.015015	0.006006	0.21321	0	0	333
291248	0																																		
291754	0																																		
291820	0																																		
292370	1	17	3	269	618.75	0.015353	0.1591	0.011152	0	0.078411	0	0	0	1	1280	0.0037175	0.022305	0	0	0.23777	0	0	269	0	0	0.25674	0	0	269	0	0	0.24194	0	0	269
292436	1	11	11	534	1542	0.024659	0.41039	0.016854	0	0.2374	0.0037453	1.297	2	0.88302	4056	0.014981	0.089888	0	0	0.2487	0	0	534	0.005618	0.0037453	0.2437	0	0	534	0.0019048	0	0.24696	0	0.016854	525
292524	1	9	21	628	2292	0.49794	0.52506	0.070064	0	0.38517	0.019108	2.6178	6	0.80811	4393	0.12102	0.17038	0.038278	0.014354	0.26162	0	0.0015924	627	0.012739	0.0047771	0.27602	0	0	628	0.0065253	0.0016313	0.25289	0	0.023885	613
292568	1	9	19	580	3849.8	0.072042	0.026414	0.018966	0	0.10448	0.0051724	0.5195	2	0.85856	3062	0.025862	0.10172	0.0051724	0.0017241	0.25321	0	0	580	0.0086207	0.0034483	0.25678	0	0	580	0.0034542	0	0.25234	0	0.0017241	579
292612	0																																		
292722	1	10	7	251	1158.5	0.058006	0.20406	0	0	0.14585	0.027888	0	0	0.96285	1620	0.027888	0.11155	0.028	0.024	0.23411	0	0.0039841	250	0.020243	0.0040486	0.24138	0	0.015936	247	0	0	0.23095	0	0	251
292788	1	13	6	312	1629.1	0.013808	0.039493	0.022436	0	0.32199	0.012821	0	0	0.68799	2947	0.012821	0.067308	0	0	0.25247	0	0	312	0.012821	0.012821	0.25611	0	0	312	0	0	0.22551	0	0.0064103	310
292810	1	2	11	175	672.72	0.1478	0.040179	0.022857	0	0.21784	0.028571	1.4865	1	0.82015	1038	0.04	0.23429	0.022857	0.017143	0.229	0	0	175	0.011429	0.011429	0.25216	0	0	175	0	0	0.18637	0	0	175
293470	1	1	11	330	1263.2	0.075273	0.16219	0.0060606	0	0.083328	0.012121	0	0	0.99557	1529	0	0.066667	0.0090909	0.0030303	0.24857	0	0	330	0.0090909	0.0030303	0.22582	0	0	330	0.012158	0.006079	0.24206	0	0.0030303	329
293492	0																																		
293536	1	17	9	155	531.86	0.10847	0.061855	0	0	0.17248	0	0	0	0.91522	930	0.012903	0.16774	0	0	0.24792	0	0	155	0	0	0.2872	0	0.12903	135	0	0	0.20677	0	0	155
293734	1	12	2	153	682.99	0.038125	0.11403	0.019608	0.0065359	0.068385	0.03268	1.4641	1	0.99511	651	0.026144	0.065359	0	0	0.21729	0.0065359	0	153	0.0065359	0.026144	0.24355	0.03268	0	153	0	0	0.23223	0.0065359	0	153
294064	0																																		
294174	1	16	32	1021	4781.1	0.28467	0.30222	0.026445	0.0078355	0.11935	0.037218	1.0458	5	0.80801	6512	0.030362	0.11557	0.010774	0.0097943	0.24674	0	0	1021	0.027478	0.019627	0.26535	0	0.0019589	1019	0.023904	0.021912	0.22185	0	0.01665	1004
294284	0																																		
294438	0																																		
294922	1	8	30	128	3156.1	0.19431	0.086133	0	0	0.14429	0.0078125	1.9011	6	1	341	0.3125	0.44531	0.015625	0	0.13296	0.015625	0	128	0.016129	0.0080645	0.24873	0.032258	0.03125	124	0.015625	0	0.1783	0.03125	0	128
315955	1	17	5	171	1102.5	0.073525	0.20441	0	0	0.1413	0	0	0	0.94607	1135	0	0.02924	0.0058824	0	0.23102	0	0.005848	170	0	0	0.21941	0	0	171	0.0058824	0	0.223	0	0.005848	170
316021	1	5	3	331	775.07	0.3399	0.20062	0.012085	0	0.25367	0.0030211	1.2902	1	0.5982	4055	0.045317	0.090634	0.0030211	0	0.24567	0	0	331	0.0090634	0.0030211	0.26235	0	0	331	0	0	0.23418	0	0.05136	314
316043	0																																		
316065	1	11	5	161	637.67	0.06714	0.23761	0.024845	0	0.36397	0.0062112	0	0	0.40346	2200	0.012422	0.099379	0	0	0.24742	0	0	161	0.025157	0.0062893	0.26668	0	0.012422	159	0	0	0.23459	0	0	161
316197	1	17	3	70	819.81	0.0015951	0.021416	0	0	0.20882	0	0	0	0.95651	445	0	0.042857	0	0	0.24092	0	0	70	0	0	0.20054	0	0	70	0	0	0.21856	0	0.028571	68
316261	0																																		
316329	0																																		
316571	0																																		
316615	0																																		
316769	0																																		
316811	1	8	17	236	1935	0.055879	0.1264	0	0	0.082757	0.0042373	1.5504	3	1	1001	0.09322	0.13983	0.0042373	0.0042373	0.22396	0	0	236	0	0	0.27388	0	0.0042373	235	0	0	0.2168	0	0	236
316879	0																																		
316987	1	9	8	415	1511.5	0.035791	0.046707	0.014458	0	0.13254	0.019277	1.3232	2	0.99645	2224	0.028916	0.038554	0.033898	0.01937	0.25381	0	0.0048193	413	0.028916	0.016867	0.26364	0	0	415	0.0097324	0	0.24095	0	0.0096386	411
317009	0																																		
317077	1	14	13	98	833.66	0.089413	0.036206	0.010204	0.010204	0.15384	0	0	0	0.98109	447	0.081633	0.32653	0	0	0.28578	0	0	98	0	0	0.24415	0	0.040816	94	0	0	0.17118	0	0	98
317297	0																																		
317341	0																																		
317407	1	12	11	709	2444.3	0.086929	0.24868	0.011283	0	0.13642	0.0056417	0.40912	1	0.8955	4524	0.0084626	0.043724	0.0014104	0.0014104	0.2487	0.0014104	0	709	0.0014104	0.0028209	0.25337	0.0014104	0	709	0.0014184	0.0014184	0.24967	0.0014184	0.0056417	705
317427	0																																		
317515	0																																		
317539	1	19	12	376	1626.7	0.14999	0.11471	0.015957	0	0.24416	0.010638	0.61472	1	0.37153	6098	0.015957	0.066489	0.0079787	0.0053191	0.22983	0	0	376	0.008	0.0053333	0.25621	0	0.0026596	375	0	0	0.24968	0	0.0053191	374
317559	0																																		
317693	0																																		
317911	0																																		
317957	1	10	2	107	214.99	0.1487	0.41665	0	0	0.073368	0	0	0	0.89139	611	0	0	0	0	0.23032	0	0	107	0	0	0.25227	0	0.0093458	106	0	0	0.28147	0	0	107
317977	0																																		
318021	1	11	4	64	217.61	0.11207	0.19476	0	0	0.17049	0	0	0	0.99488	280	0	0.14062	0	0	0.096699	0	0	64	0	0	0.21766	0	0	64	0	0	0.24381	0	0	64
318197	1	16	14	56	898.5	0.42313	0.11631	0	0	0.12973	0	1.113	1	1	162	0.071429	0.42857	0	0	0.21996	0.017857	0	56	0	0	0.21908	0.017857	0	56	0	0	0.1604	0.019231	0.071429	52
318549	1	4	2	20	47.196	4.9257e-05	2.4628e-05	0	0	0.082471	0	0	0	1	92	0	0.15	0	0	0.27031	0	0	20	0	0	0.2423	0	0	20	0	0	0.2048	0	0	20
318593	0																																		
318703	1	12	29	683	4929.4	0.6243	0.16391	0.021962	0	0.13478	0.013177	0.20287	1	0.91766	4272	0.013177	0.11274	0.014641	0.013177	0.241	0	0	683	0.0030395	0.0030395	0.25571	0	0.036603	658	0.0030395	0	0.24743	0	0.036603	658
318749	0																																		
318769	1	31	59	553	4595	0.5458	0.28984	0.092224	0.014467	0.23164	0.066908	0.65288	3	0.73452	3851	0.050633	0.32007	0.063291	0.030741	0.22869	0	0	553	0.025455	0.018182	0.29185	0.0036364	0.005425	550	0.048059	0.048059	0.21081	0	0.0217	541
318857	1	18	6	42	808.94	0.014044	0.17469	0	0	0.1846	0	1.2362	1	0.92142	248	0.14286	0.19048	0.047619	0	0.18283	0	0	42	0	0	0.32286	0	0	42	0	0	0.19129	0	0	42
319013	0																																		
319057	0																																		
319099	0																																		
319275	1	17	4	309	1098.3	0.026801	0.096201	0.0097087	0	0.074508	0.0032362	0.91054	1	0.97862	1531	0.019417	0.055016	0.0032362	0.0032362	0.23454	0	0	309	0.0064725	0.0032362	0.25228	0	0	309	0.0032468	0.0032468	0.23913	0	0.0032362	308
319321	0																																		
319363	0																																		
319453	0																																		
319473	0																																		
319475	1	20	23	276	1249.8	0.11761	0.18582	0.050725	0	0.14176	0.021739	1.6002	2	0.97862	1439	0.043478	0.19203	0.014545	0.010909	0.24541	0.0072727	0.0036232	275	0.014493	0.014493	0.25586	0.0072464	0	276	0.0072464	0.0036232	0.2478	0.0072464	0	276
319871	1	29	9	197	1309	0.2909	0.30462	0	0	0.076545	0.015228	0	0	0.97551	1016	0.020305	0.10152	0.0050761	0	0.24934	0	0	197	0.0050761	0.0050761	0.25139	0	0	197	0.010309	0.010309	0.28563	0	0.015228	194
319913	1	8	10	148	866.6	0.064752	0.10754	0	0	0.082257	0.0067568	0	0	1	711	0.027027	0.13514	0.013514	0.0067568	0.2626	0	0	148	0.0067568	0	0.21105	0	0	148	0.0068027	0	0.19328	0	0.0067568	147
320023	0																																		
320091	0																																		
320289	1	19	16	178	2625.9	0.25779	0.23418	0	0	0.10356	0.016854	0	0	1	781	0.033708	0.20225	0.02809	0.016854	0.29561	0	0	178	0.011236	0.011236	0.28749	0	0	178	0.005618	0	0.23315	0	0	178
320485	1	19	10	282	1974.2	0.054391	0.2391	0	0	0.068591	0.010638	0	0	0.99934	1505	0.0070922	0.08156	0.0070922	0.0070922	0.26462	0	0	282	0.003663	0.003663	0.24223	0	0.031915	273	0.0035461	0.0035461	0.2047	0	0	282
320575	1	5	11	66	2458.8	0.0016978	0.048968	0	0	0.15644	0	1.2201	3	1	226	0.19697	0.45455	0	0	0.28584	0.015152	0	66	0	0	0.18903	0.015152	0	66	0	0	0.18723	0.015152	0	66
320619	0																																		
320639	0																																		
320663	0																																		
320729	0																																		
320773	0																																		
320925	1	12	5	20	104.11	0.018156	0.0036312	0	0	0.11587	0	0	0	1	60	0	0.3	0	0	0.33389	0	0	20	0	0	0.24319	0	0	20	0	0	0.28463	0	0	20
320927	0																																		
321015	1	16	20	419	2290	0.2101	0.32819	0.054893	0.0047733	0.19357	0.064439	0.87336	2	0.91686	2648	0.0358	0.13842	0.011962	0.011962	0.23278	0	0.0023866	418	0.064439	0.052506	0.26012	0	0	419	0.016787	0.0095923	0.24361	0	0.0047733	417
321035	0																																		
321057	0																																		
321101	0																																		
321169	1	16	21	264	2013	0.35608	0.26171	0.18561	0.10606	0.40227	0.17803	2.4838	5	0.85883	1548	0.21591	0.26515	0.15267	0.14504	0.32728	0.019084	0.0075758	262	0.1617	0.14894	0.28462	0.021277	0.10985	235	0.037879	0.026515	0.18007	0.018939	0	264
321235	1	11	3	486	1251	0.40698	0.13566	0.0082305	0	0.14884	0.0020576	0	0	0.66758	4158	0	0.049383	0.0020576	0.0020576	0.24354	0	0	486	0.0020704	0.0020704	0.24412	0	0.0061728	483	0.0020619	0.0020619	0.24019	0	0.0020576	485
321299	0																																		
321343	0																																		
321367	1	3	22	332	3078.4	0.049692	0.12567	0.042169	0	0.2229	0.003012	0.64968	2	0.81633	2205	0.039157	0.20181	0	0	0.25897	0	0	332	0.003012	0	0.26226	0	0	332	0	0	0.22921	0.0030581	0.01506	327
321519	0																																		
321629	1	10	21	421	2325.8	0.066404	0.05531	0	0	0.08495	0.0071259	1.2899	3	0.99986	1995	0.042755	0.10451	0.0071259	0.0047506	0.22017	0.0047506	0	421	0.0025063	0.0050125	0.2539	0.0050125	0.052257	399	0	0	0.2339	0.0023923	0.0071259	418
321673	0																																		
321741	1	16	3	262	426.7	0.17127	0.52824	0.0038168	0	0.07745	0.01145	0	0	0.98013	1463	0.0076336	0.022901	0.0076336	0.0038168	0.25654	0	0	262	0.0076336	0.0038168	0.26394	0	0	262	0.0076336	0.0076336	0.17166	0	0	262
321849	1	28	23	622	3566.7	0.17136	0.26641	0.038585	0	0.15627	0.024116	0.28037	1	0.78783	3558	0.0080386	0.14148	0.0048232	0.0032154	0.25571	0	0	622	0.017685	0.011254	0.24727	0	0	622	0.016103	0.016103	0.2506	0	0.0016077	621
321895	1	7	2	216	538	0.066386	0.41396	0.023148	0	0.10178	0.041667	0	0	0.58006	1822	0	0.078704	0.0092593	0.0046296	0.24414	0	0	216	0.04186	0.04186	0.22532	0	0.0046296	215	0	0	0.2244	0	0.055556	204
321937	1	22	5	432	1858.3	0.072537	0.034819	0.0069444	0	0.24849	0	0	0	0.44626	4797	0.0046296	0.020833	0	0	0.25814	0	0	432	0	0	0.24949	0	0.0023148	431	0	0	0.24731	0	0.0046296	430
321983	1	11	20	119	1905.9	0.10928	0.12028	0.016807	0	0.1817	0.033613	0.52468	1	0.90894	605	0.10924	0.35294	0.050847	0.025424	0.23366	0	0.0084034	118	0.0084034	0	0.27096	0	0	119	0.0086207	0.0086207	0.24626	0	0.02521	116
322003	0																																		
322027	0																																		
322113	0																																		
322135	1	15	10	485	2468.9	0.16889	0.3621	0.018557	0.0020619	0.23788	0.0041237	0.40504	1	0.26457	8512	0.020619	0.039175	0	0	0.24118	0	0.0041237	483	0.0042463	0.0042463	0.24004	0	0.028866	471	0	0	0.26187	0	0.049485	461
322181	1	8	1	131	223.41	0.10066	0.10066	0	0	0.070416	0	0	0	0.9988	660	0	0	0	0	0.22126	0	0	131	0	0	0.26089	0	0	131	0	0	0.2335	0	0	131
322269	1	7	4	275	519.56	0.41917	0.34137	0.018182	0.0072727	0.1093	0.04	0	0	0.99286	1322	0.0036364	0.043636	0	0	0.23944	0	0	275	0.014545	0.014545	0.2205	0.047273	0	275	0	0	0.24943	0	0	275
322399	0																																		
322487	0																																		
322509	0																																		
322663	1	2	20	396	1960.7	0.21349	0.23355	0.017677	0	0.22113	0.030303	0.51002	1	0.66156	3976	0.045455	0.15404	0.0075758	0.0050505	0.26754	0	0	396	0.010638	0.0079787	0.2478	0	0.050505	376	0.0050891	0.0050891	0.17425	0.015267	0.0075758	393
322707	1	11	12	401	1269.3	0.04853	0.11448	0.012469	0	0.19556	0.0024938	0	0	0.42667	3547	0.0099751	0.092269	0.0024938	0.0024938	0.26384	0	0	401	0.0024938	0.0024938	0.23527	0	0	401	0	0	0.22807	0	0	401
322731	0																																		
322861	1	10	1	149	257.45	0.3401	0.3401	0.026846	0	0.082655	0.0067114	0	0	0.97602	833	0	0.0067114	0.0067568	0.0067568	0.26544	0	0.0067114	148	0.0067568	0.0067568	0.25975	0	0.0067114	148	0.0067114	0.0067114	0.12706	0	0	149
322885	1	20	19	491	4387	0.23739	0.081761	0.0040733	0	0.21718	0	0	0	0.43004	6649	0.0081466	0.09165	0	0	0.2324	0	0.0040733	489	0	0	0.26329	0	0.099796	442	0	0	0.2384	0	0.07943	452
322907	1	20	7	340	1477.4	0.29816	0.12507	0	0	0.071903	0.0029412	0	0	0.99965	1918	0	0.044118	0.0029412	0.0029412	0.23645	0	0	340	0.0037175	0	0.25226	0	0.20882	269	0.0032787	0	0.25477	0	0.10294	305
323061	0																																		
323125	1	12	4	83	866.37	0.26616	0.46369	0	0	0.24378	0	0	0	0.70792	821	0	0.10843	0	0	0.26122	0	0	83	0	0	0.2599	0	0	83	0	0	0.2402	0	0	83
323171	1	22	8	362	1409.1	0.48216	0.31454	0.033149	0	0.11392	0.0055249	0.70967	1	0.60291	2224	0.024862	0.069061	0.0055249	0	0.25089	0	0	362	0.019337	0.0027624	0.2914	0	0	362	0.002994	0.002994	0.25205	0	0.077348	334
323215	0																																		
323237	0																																		
323301	1	19	11	673	2796	0.58209	0.22035	0.0089153	0	0.17011	0.010401	0.71531	2	0.7661	4861	0.029718	0.060921	0.0014881	0	0.23605	0	0.0014859	672	0.012579	0.0078616	0.25045	0	0.054978	636	0.019048	0.0031746	0.24055	0	0.063893	630
323345	0																																		
323369	0																																		
323543	0																																		
323917	1	70	6	68	793.09	0.37645	0.17464	0	0	0.1472	0	1.2609	1	0.9957	323	0.058824	0.16176	0.014706	0	0.2448	0	0	68	0.014706	0	0.23427	0	0	68	0	0	0.175	0	0	68
324225	0																																		
346746	1	14	10	239	2357.2	0.25285	0.074436	0	0	0.13601	0.0083682	0.42423	1	0.98378	1316	0.066946	0.083682	0.0083682	0.0083682	0.25453	0	0	239	0	0	0.25109	0	0	239	0	0	0.22858	0	0	239
346878	1	22	8	254	1701.7	0.085859	0.26763	0	0	0.055805	0	0.58764	1	1	1257	0.043307	0.051181	0	0	0.25269	0	0.003937	253	0	0	0.24768	0	0	254	0	0	0.24582	0	0.007874	252
347142	0																																		
347164	0																																		
347384	1	15	4	483	1429.9	0.17133	0.079163	0.0041408	0	0.064811	0.012422	0	0	0.9996	2681	0.0082816	0.014493	0.016563	0.012422	0.22915	0	0	483	0.0062112	0.0041408	0.25952	0	0	483	0.0062241	0.0041494	0.2514	0	0.0020704	482
347802	0																																		
347824	1	112	35	793	3273	0.34491	0.35619	0.052963	0	0.17934	0.021438	2.7497	9	0.85211	4686	0.071879	0.22068	0.024051	0.012658	0.24506	0.0012658	0.0037831	790	0.010127	0.0037975	0.24382	0.0012658	0.0037831	790	0.012626	0.0075758	0.23066	0.0012626	0.001261	792
347890	1	8	7	400	1703.8	0.075427	0.020379	0.0025	0	0.07466	0	0.58693	1	0.99787	2010	0.03	0.0475	0.0025	0	0.23319	0	0	400	0.005	0	0.25013	0	0	400	0	0	0.24594	0	0.005	398
348088	1	8	4	543	1295.7	0.067466	0.016867	0.0055249	0	0.13698	0.0073665	0	0	0.87583	4496	0.0036832	0.020258	0.0036832	0.0018416	0.25523	0	0	543	0.0073801	0.00369	0.24653	0	0.0018416	542	0.0037175	0.0037175	0.2595	0	0.0092081	538
348198	1	2	6	100	259.3	0.10799	0.060107	0.06	0	0.2926	0	0	0	0.28912	1235	0	0.12	0	0	0.23831	0	0	100	0	0	0.25748	0	0	100	0	0	0.28501	0	0.01	99
348374	0																																		
348594	1	16	4	178	790.23	0.29309	0.13422	0.20787	0	0.44316	0.005618	6.3273	5	0.43101	1934	0.15169	0.061798	0.016854	0.005618	0.25656	0	0	178	0.10112	0	0.31371	0	0	178	0.016854	0	0.22748	0	0	178
348638	1	26	2	236	675.79	0.16601	0.583	0.11864	0.025424	0.41463	0.18644	4.4393	3	0.98903	235	0.076271	0.0084746	0.042373	0	0.24125	0.016949	0	236	0.2161	0.16949	0.38963	0.016949	0	236	0.0043103	0	0.25514	0.017241	0.016949	232
348682	1	11	15	518	1792.7	0.29802	0.14585	0	0	0.065903	0.0057915	1.1157	2	0.99945	2434	0.027027	0.052124	0.003861	0.0019305	0.22442	0	0	518	0.007722	0.0057915	0.20905	0	0	518	0.0038986	0.0019493	0.22951	0	0.0096525	513
349034	0																																		
349056	1	12	4	345	852.94	0.017002	0.19626	0.02029	0.0057971	0.17708	0.0028986	1.1724	1	0.66753	3708	0.031884	0.023188	0.0028986	0	0.24773	0	0	345	0.0057971	0.0028986	0.22104	0	0	345	0.002907	0	0.2383	0	0.0028986	344
349122	0																																		
349276	1	21	5	766	1821.6	0.096637	0.18554	0.0065274	0	0.14269	0.002611	0.54896	1	0.9236	5208	0.0052219	0.023499	0	0	0.235	0	0.0013055	765	0.0028209	0.0028209	0.22959	0	0.074413	709	0.012081	0	0.24991	0	0.027415	745
349320	1	11	5	20	107.96	0.05821	0.14664	0	0	0.067271	0	0	0	1	56	0.2	0.3	0	0	0.22922	0	0	20	0	0	0.27324	0	0	20	0	0	0.014429	0	0	20
349386	0																																		
350112	0																																		
350266	0																																		
350354	1	18	46	677	4535.9	0.28907	0.39154	0.11078	0.0059084	0.40891	0.048744	4.4093	20	0.577	7129	0.17134	0.27917	0.01034	0.0059084	0.26697	0	0	677	0.052161	0.043219	0.25546	0	0.0088626	671	0.016393	0.0029806	0.23491	0	0.0088626	671
350420	0																																		
350596	1	13	14	110	2653.3	0.049219	0.1652	0	0	0.10992	0	0	0	0.74331	721	0.018182	0.27273	0	0	0.2335	0	0	110	0	0	0.25413	0	0	110	0	0	0.20162	0	0.036364	106
350772	0																																		
350816	1	17	4	172	1350.2	0.085455	0.26506	0	0	0.068305	0.011628	0.74063	1	0.99675	846	0.063953	0.046512	0.005814	0.011628	0.25068	0.005814	0	172	0	0	0.2346	0	0	172	0	0	0.20698	0	0.13372	149
350882	0																																		
350948	0																																		
351564	1	11	2	525	1157	0.06816	0.16997	0	0	0.083591	0.0038095	0	0	0.98932	2739	0.0038095	0.0057143	0.0038095	0.0019048	0.25746	0	0	525	0.0021692	0.0021692	0.23013	0	0.1219	461	0	0	0.24937	0	0.0057143	522
351740	0																																		
352136	0																																		
352202	1	14	2	42	152.23	0.0044136	0.0022068	0	0	0.076679	0.02381	0	0	1	213	0	0.02381	0.02381	0.02381	0.27895	0	0	42	0.02381	0.02381	0.22443	0	0	42	0.02381	0.02381	0.25383	0	0	42
352246	0																																		
352510	1	7	1	8	6.273	0.012461	0.012461	0	0	0.10453	0	0	0	1	50	0	0	0	0	0.33661	0	0	8	0	0	0.19532	0	0	8	0	0	0.14557	0	0	8
352664	1	7	4	523	1150.2	0.32034	0.16639	0.0057361	0	0.074765	0	0	0	0.99912	2470	0	0.028681	0	0	0.23467	0	0	523	0	0	0.24139	0	0	523	0	0	0.26733	0	0.0038241	521
352730	1	10	3	14	144.33	0	0	0	0	0.072494	0	6.9287	1	1	46	0.28571	0.35714	0	0	0.28906	0	0	14	0	0	0.23997	0	0	14	0	0	0.0090268	0	0	14
352796	1	10	5	319	887.16	0.038298	0.26475	0	0	0.076166	0	1.1272	1	0.99955	1657	0.012539	0.031348	0	0	0.25244	0	0	319	0	0	0.26694	0	0	319	0	0	0.2578	0	0.0062696	317
352862	0																																		
352906	0																																		
353214	0																																		
354248	1	29	12	993	4397.6	0.30479	0.31592	0.025176	0.0040282	0.18085	0.012085	0.4548	2	0.59499	10522	0.0090634	0.032226	0.0070707	0.0050505	0.26093	0.0040404	0.0030211	990	0.01626	0.004065	0.24278	0.004065	0.0090634	984	0.0040486	0.0040486	0.23885	0.0040486	0.0050352	988
354270	0																																		
354578	1	6	3	109	223.61	0.0081036	0.0027012	0.0091743	0	0.19443	0	0	0	0.76361	989	0	0.13761	0	0	0.25165	0	0	109	0	0	0.22416	0	0	109	0	0	0.22417	0	0.0091743	108
354622	0																																		
355040	0																																		
355106	1	7	3	657	1190.8	0.53086	0.17695	0.0076104	0	0.10059	0.012177	0.83975	1	0.98947	3566	0.010654	0.012177	0.0030441	0	0.24064	0	0	657	0.01374	0.012214	0.2572	0	0.0030441	655	0	0	0.24282	0	0.010654	650
355238	1	5	2	256	416.07	0.015828	0.0079142	0.011719	0	0.10691	0	0	0	0.97362	1488	0	0.0625	0	0	0.24228	0	0	256	0	0	0.24773	0	0.0039062	255	0	0	0.18984	0	0	256
355326	0																																		
355612	0																																		
388323	1	23	18	473	1901.8	0.24647	0.12114	0.0084567	0.0084567	0.093011	0.012685	1.0517	2	0.98958	2459	0.029598	0.069767	0.0021142	0.0021142	0.25128	0.0084567	0	473	0.0042283	0	0.21928	0.0084567	0	473	0.0042463	0.0042463	0.24304	0.0084926	0.0042283	471
388433	0																																		
388499	0																																		
388543	0																																		
388587	0																																		
388675	0																																		
388807	0																																		
389225	1	9	22	446	3012.4	0.064472	0.15296	0	0	0.067156	0.0067265	0.33196	1	1	2114	0.0089686	0.11211	0.0044843	0.0044843	0.2454	0	0	446	0.0067265	0.0044843	0.26724	0	0	446	0.0022523	0.0022523	0.22876	0	0.0044843	444
389379	1	10	13	313	2463.5	0.040311	0.17788	0.01278	0.01278	0.063339	0.015974	0.81184	2	1	1333	0.038339	0.083067	0	0	0.24946	0.0095847	0	313	0.0095847	0.0063898	0.2471	0.0095847	0	313	0	0	0.24835	0.0096774	0.0095847	310
389423	0																																		
389533	0																																		
389687	0																																		
390215	1	8	6	27	700.16	0.03476	0.036091	0	0	0.092825	0	0	0	1	109	0.14815	0.40741	0	0	0.38557	0	0	27	0	0	0.15922	0	0	27	0	0	0.18591	0	0	27
390216	1	13	19	572	3188.7	0.17162	0.22523	0.027972	0	0.21994	0.036713	0.94082	3	0.54476	5527	0.026224	0.10839	0.010508	0.017513	0.24019	0.010508	0.0017483	571	0.0017637	0.0017637	0.2454	0	0.0087413	567	0.0035026	0.0052539	0.221	0.012259	0.0017483	571
390282	0																																		
390370	1	7	12	443	2691.4	0.11957	0.13526	0.0045147	0	0.061607	0	0	0	0.994	2106	0.0045147	0.06772	0	0	0.22146	0	0	443	0	0	0.25901	0	0.0045147	441	0	0	0.25804	0	0	443
390391	1	4	2	166	281.81	0.026479	0.41884	0.042169	0	0.1922	0.0060241	3.5485	1	0.75936	1493	0.036145	0.066265	0.024096	0	0.24543	0	0	166	0	0	0.25732	0	0	166	0.006135	0.006135	0.25857	0	0.018072	163
390392	0																																		
390611	0																																		
390634	1	1	22	430	2354.3	0.25958	0.20161	0.018605	0.0046512	0.10049	0.039535	1.2743	3	0.95738	2103	0.060465	0.14419	0.023256	0.013953	0.26024	0	0	430	0.027907	0.023256	0.28002	0.0023256	0	430	0.0046838	0.0023419	0.2383	0	0.0069767	427
390655	0																																		
390700	0																																		
390743	1	17	9	197	1064.9	0.11771	0.26653	0.010152	0	0.090535	0.010152	1.8781	2	0.98411	1061	0.050761	0.1269	0.010152	0.010152	0.25044	0	0	197	0.0050761	0	0.23682	0	0	197	0	0	0.20456	0	0	197
390744	1	11	15	448	1894.7	0.20722	0.12852	0.0044643	0.0022321	0.072527	0.0089286	1.5834	3	0.99641	2121	0.033482	0.0625	0.0066964	0.0066964	0.24446	0	0	448	0.013393	0.0066964	0.24921	0	0	448	0.0045249	0.0045249	0.25294	0	0.013393	442
390810	1	12	5	71	1146	0.11361	0.25813	0.028169	0	0.21918	0.042254	0	0	0.93318	354	0.028169	0.14085	0.028169	0.028169	0.26769	0	0	71	0.014085	0.014085	0.24356	0	0	71	0.014706	0	0.29401	0	0.042254	68
390821	0																																		
390853	0																																		
390875	0																																		
390919	0																																		
390931	0																																		
390942	1	13	21	151	1136.8	0.2082	0.23123	0.11258	0.039735	0.10178	0.092715	2.6391	3	0.92601	595	0.086093	0.29801	0.059603	0.039735	0.27205	0	0	151	0.10596	0.092715	0.25179	0	0	151	0.019868	0.013245	0.23423	0	0	151
391063	1	22	10	49	1900.7	0.0059178	0.23615	0	0	0.11169	0.040816	1.0523	2	1	183	0.20408	0.38776	0	0	0.17412	0.040816	0	49	0	0	0.3701	0.040816	0	49	0	0	0.31538	0.040816	0	49
391294	0																																		
391415	1	11	4	174	415.33	0.025336	0.15603	0.045977	0	0.36805	0	2.4077	1	0.64002	1800	0.034483	0.04023	0.011561	0	0.27697	0	0.0057471	173	0.011561	0	0.25943	0	0.0057471	173	0.011494	0	0.2519	0	0	174
391448	0																																		
391459	0																																		
391513	1	8	4	723	1686.5	0.086281	0.19968	0.0055325	0	0.10765	0.0027663	0	0	0.98425	4618	0	0.011065	0.0027663	0.0013831	0.25498	0	0	723	0	0	0.27608	0	0	723	0.0041725	0.0027816	0.2522	0	0.0055325	719
391525	0																																		
391580	0																																		
391635	0																																		
391646	0																																		
391701	0																																		
391723	0																																		
391756	1	11	3	48	153.14	0.087964	0.074659	0	0	0.16094	0	0	0	0.86979	319	0.020833	0.10417	0	0	0.23891	0	0	48	0	0	0.15876	0	0	48	0	0	0.28945	0	0	48
391777	1	14	8	163	1044.4	0.12014	0.37498	0.006135	0	0.1381	0	0	0	0.98024	803	0	0.1227	0.006135	0	0.25217	0	0	163	0.006135	0	0.20992	0	0	163	0	0	0.23059	0	0	163
391778	0																																		
391843	1	4	15	120	849.8	0.10941	0.071598	0	0	0.10229	0.0083333	2.3535	2	1	420	0.075	0.25	0.0083333	0.0083333	0.28611	0	0	120	0.0083333	0.0083333	0.21133	0	0	120	0.0083333	0.0083333	0.14602	0	0	120
391877	0																																		
391899	1	5	10	458	2461.4	0.12671	0.14605	0.032751	0	0.2612	0.0043668	1.2188	3	0.76643	4104	0.048035	0.078603	0.015284	0.0021834	0.26544	0	0	458	0.015284	0.0021834	0.24564	0	0	458	0	0	0.24846	0	0.0021834	457
392009	1	6	10	786	3902.2	0.17942	0.36297	0.015267	0.010178	0.08164	0.016539	0.51253	2	0.99991	4163	0.017812	0.02799	0.0051216	0.0051216	0.24209	0.0076825	0.0063613	781	0.0089286	0.0076531	0.23065	0.0076531	0.0025445	784	0.006402	0.006402	0.25581	0.0076825	0.0063613	781
392107	0																																		
392163	0																																		
392174	1	3	6	95	462.01	0.085318	0.18773	0	0	0.10165	0.010526	0	0	1	381	0.042105	0.10526	0	0	0.2067	0	0.010526	94	0	0	0.23856	0.010526	0	95	0.010526	0.010526	0.20758	0	0	95
392218	0																																		
392262	1	6	5	96	340.75	0.17255	0.27534	0.020833	0	0.26603	0	0	0	0.76237	997	0	0.11458	0.010417	0	0.20053	0	0	96	0	0	0.31205	0	0.1875	78	0	0	0.24068	0	0	96
392327	1	14	24	355	3697.3	0.049322	0.17059	0	0	0.13329	0.0084507	0.54093	2	0.91872	2255	0.064789	0.14648	0	0	0.26783	0	0	355	0.0085714	0.0085714	0.22639	0	0.014085	350	0	0	0.18783	0	0.016901	349
392371	0																																		
392373	0																																		
392393	0																																		
392407	0																																		
392417	1	19	6	429	1938.3	0.16688	0.17653	0.030303	0	0.1594	0.002331	1.0319	2	0.50723	3181	0.067599	0.041958	0.002331	0	0.22923	0	0	429	0.002331	0.002331	0.24966	0	0	429	0.002331	0	0.28361	0	0	429
392483	0																																		
392527	1	13	3	211	466.85	0.22717	0.44967	0.047393	0	0.23441	0.052133	0	0	0.94101	1258	0.014218	0.042654	0	0	0.30537	0	0	211	0.0047393	0.0047393	0.27217	0	0	211	0.0095238	0	0.28209	0.047619	0.0047393	210
392539	0																																		
392603	0																																		
392637	0																																		
392649	1	7	10	222	1384.7	0.16524	0.11039	0	0	0.061317	0.0045045	0.72216	1	1	1158	0.018018	0.072072	0	0	0.20862	0.0045045	0	222	0.0046083	0.0046083	0.22795	0.0046083	0.022523	217	0.0045045	0.0045045	0.15207	0.0045045	0	222
392669	1	5	8	277	754.06	0.17386	0.2928	0.018051	0	0.17048	0.0072202	3.9785	3	0.97764	1677	0.050542	0.11552	0.0036101	0	0.24736	0	0	277	0.010526	0.010526	0.23466	0	0.31408	190	0	0	0.24244	0	0	277
392679	0																																		
392680	0																																		
392693	1	11	7	505	1647.4	0.046747	0.20339	0.0079208	0	0.23685	0.0079208	0	0	0.37769	7251	0.0039604	0.027723	0.0019802	0.0019802	0.25676	0	0	505	0.0079208	0.0079208	0.25225	0	0	505	0	0	0.25708	0	0.009901	500
392723	0																																		
392746	0																																		
392759	1	10	21	324	1679	0.22966	0.21396	0.015432	0	0.091196	0.021605	1.1912	2	0.99742	1541	0.04321	0.13889	0.012346	0.015432	0.23552	0.0061728	0	324	0.0061728	0.012346	0.27001	0.0061728	0	324	0.0030864	0.0030864	0.232	0.0061728	0	324
392891	0																																		
392900	0																																		
392901	1	22	10	129	1171.6	0.48124	0.13361	0.031008	0	0.18115	0.046512	0	0	0.94803	653	0	0.17054	0.0077519	0.0077519	0.23066	0	0	129	0.03876	0.023256	0.21816	0	0	129	0.016	0.024	0.21157	0.008	0.031008	125
392921	0																																		
392988	1	14	7	102	1628.2	0.13448	0.040179	0.0098039	0	0.10856	0	0.61417	1	0.93331	484	0.058824	0.16667	0	0	0.22476	0	0	102	0	0	0.23193	0	0	102	0	0	0.2174	0	0	102
393089	1	19	4	88	290.54	0.040458	0.48593	0.079545	0	0.21314	0.011364	0	0	0.99891	394	0	0.17045	0	0	0.24066	0	0	88	0.022727	0.011364	0.23571	0	0	88	0	0	0.25553	0	0	88
393098	0																																		
393119	1	10	22	487	2805.6	0.035734	0.019943	0.0041068	0	0.15535	0.0020534	0.71285	2	0.87633	3819	0.020534	0.086242	0	0	0.25407	0	0	487	0	0	0.24806	0	0	487	0.0020619	0.0020619	0.23401	0	0.0041068	485
393133	1	15	20	117	2028.1	0.18733	0.2014	0.017094	0	0.16796	0.008547	0.98614	2	0.98799	462	0.059829	0.35897	0.017094	0.008547	0.23669	0	0	117	0.017094	0.008547	0.28735	0	0	117	0	0	0.25968	0	0	117
393175	0																																		
393265	0																																		
393329	0																																		
393375	0																																		
393485	1	4	1	292	474.04	0.39805	0.39805	0.010274	0	0.09118	0	0	0	1	1374	0	0	0	0	0.2411	0	0	292	0	0	0.25744	0	0	292	0	0	0.26614	0	0	292
393505	1	21	12	852	2743.7	0.14905	0.40063	0.017606	0.012911	0.13289	0.044601	0.36447	1	0.79942	5435	0.008216	0.045775	0.015258	0.014085	0.22312	0.039906	0	852	0.0058685	0.0023474	0.25575	0	0	852	0	0	0.24249	0	0.0070423	846
393515	0																																		
393538	1	7	9	656	3294.8	0.11483	0.19711	0.028963	0.0030488	0.16383	0.0045732	1.5175	5	0.79927	4747	0.064024	0.089939	0.0045732	0.0045732	0.22716	0	0	656	0.014173	0	0.26551	0	0.032012	635	0.0030769	0	0.24448	0	0.0091463	650
393581	1	6	11	168	969.5	0.040102	0.08177	0	0	0.15084	0	0	0	0.99715	872	0.011905	0.10119	0	0	0.24781	0	0	168	0	0	0.28774	0	0	168	0	0	0.22733	0	0	168
393703	0																																		
393727	1	20	2	244	605.2	0.021552	0.27989	0	0	0.10852	0	0	0	0.99254	1169	0	0.012295	0	0	0.26543	0	0	244	0	0	0.28811	0	0.016393	240	0	0	0.25447	0	0	244
393758	1	17	2	112	515.43	0.23354	0.40403	0	0	0.097779	0.0089286	0	0	1	479	0.0089286	0.044643	0	0	0.23289	0	0	112	0.0089286	0.0089286	0.2698	0	0	112	0	0	0.21704	0	0	112
393791	1	7	11	285	1944.3	0.025735	0.040897	0.010526	0	0.15206	0.010526	0.51433	1	0.92715	2131	0.021053	0.15088	0	0	0.25237	0.0036364	0.035088	275	0.0071174	0.0071174	0.2568	0.0035587	0.014035	281	0	0	0.23927	0.0035461	0.010526	282
393823	0																																		
393835	1	12	4	389	1423	0.13294	0.066387	0.015424	0	0.1737	0	0	0	0.58981	4617	0	0.023136	0	0	0.23647	0	0	389	0	0	0.24625	0	0	389	0	0	0.26318	0	0.0025707	388
393845	0																																		
393935	1	16	2	497	591.1	0.57356	0.28678	0	0	0.080929	0.0020121	0	0	0.9994	2628	0	0.0060362	0	0	0.23613	0	0	497	0.0040241	0.0020121	0.26152	0	0	497	0	0	0.25448	0	0.0080483	493
393967	0																																		
394131	0																																		
394154	0																																		
394167	1	11	22	302	3370.9	0.15708	0.2341	0.056291	0.013245	0.30198	0.02649	0.88997	3	0.93256	1804	0.046358	0.28146	0.0033113	0.0033113	0.23117	0.0099338	0	302	0.013245	0.0099338	0.25543	0.0099338	0	302	0.013245	0.0033113	0.22337	0.0099338	0	302
394175	0																																		
394255	1	13	13	65	1396.7	0.42564	0.13198	0	0	0.13977	0	0	0	0.97084	278	0.030769	0.4	0.015385	0	0.25147	0.015385	0	65	0.015385	0	0.29068	0.015385	0	65	0	0	0.2724	0.015385	0	65
394329	0																																		
394363	1	18	7	180	959.69	0.1446	0.26209	0.011111	0	0.15669	0.0055556	1.042	1	0.8764	1335	0.055556	0.072222	0.0055556	0.0055556	0.24671	0	0	180	0	0	0.24663	0	0	180	0	0	0.25162	0	0	180
394375	0																																		
394396	1	7	8	332	736.36	0.17991	0.11068	0	0	0.074353	0.0060241	1.358	1	0.99897	1683	0.021084	0.036145	0.0060241	0.003012	0.23974	0	0	332	0.0060976	0.0060976	0.24837	0	0.012048	328	0.0060241	0.003012	0.25044	0	0	332
394407	1	18	11	1046	2851.6	0.25325	0.25404	0.00095602	0	0.1029	0.001912	0	0	0.74607	8152	0.001912	0.026769	0.001912	0.001912	0.24777	0	0	1046	0.00095969	0.00095969	0.24418	0	0.0038241	1042	0.00095785	0.00095785	0.2354	0	0.001912	1044
394417	0																																		
394463	0																																		
394475	0																																		
394483	0																																		
394605	1	21	2	204	676.7	0.0026617	0.022062	0	0	0.093977	0	0	0	0.96027	1131	0.0098039	0.044118	0	0	0.24016	0	0	204	0	0	0.25279	0	0	204	0	0	0.22893	0	0.004902	203
394629	0																																		
394651	0																																		
394660	0																																		
394717	1	17	24	380	3639.6	0.1635	0.11014	0.0078947	0	0.10436	0.010526	0.82427	3	0.89595	1968	0.036842	0.17368	0.010526	0.0052632	0.24335	0	0	380	0.010526	0.0026316	0.24556	0	0	380	0.013228	0.0079365	0.2167	0	0.0052632	378
394814	0																																		
394836	1	5	1	11	14.635	0.011335	0.011335	0	0	0.093756	0	0	0	1	62	0	0	0	0	0.21188	0	0	11	0	0	0.39328	0	0	11	0	0	0.35287	0	0	11
394880	0																																		
394925	0																																		
394957	0																																		
394979	0																																		
395003	0																																		
395012	1	10	14	166	1670.2	0.026478	0.17478	0	0	0.10216	0.012048	0.59871	1	1	739	0.048193	0.18072	0.024096	0.012048	0.24617	0	0	166	0.018519	0.012346	0.2779	0	0.024096	162	0.018519	0.012346	0.16268	0	0.024096	162
395033	1	10	4	106	374.99	0.015983	0.066259	0	0	0.091337	0.009434	0	0	1	509	0.018868	0.084906	0.009434	0.009434	0.24295	0	0	106	0.0096154	0.0096154	0.24989	0	0.018868	104	0.009434	0.009434	0.20473	0	0	106
395079	1	15	11	417	2444.8	0.0070636	0.17982	0.057554	0	0.30698	0.0023981	0	0	0.1798	7711	0	0.064748	0.0071942	0	0.23854	0	0	417	0.0023981	0.0023981	0.23611	0	0	417	0	0	0.25029	0.0024096	0.0047962	415
395089	1	21	13	158	1591.9	0.065078	0.33913	0.075949	0.0063291	0.21602	0.082278	0.62818	1	0.99358	672	0.044304	0.27215	0.018987	0.012658	0.23369	0.025316	0	158	0.063291	0.044304	0.30917	0.031646	0	158	0.025478	0.019108	0.13926	0.0063694	0.0063291	157
395123	1	21	7	89	624.83	0.30685	0.26493	0.05618	0	0.26492	0	1.6004	1	0.98986	421	0.05618	0.23596	0	0	0.22197	0	0	89	0	0	0.23986	0	0	89	0.011236	0	0.26343	0	0	89
395187	0																																		
395209	1	4	2	814	2274.3	0.21245	0.51734	0.014742	0	0.23419	0.002457	0.4397	1	0.63422	9950	0.0061425	0.030713	0	0	0.24652	0	0.002457	812	0	0	0.23235	0	0.070025	757	0.0049566	0.0024783	0.2587	0	0.0085995	807
395223	1	12	2	39	455.78	0.1877	0.093851	0	0	0.1455	0	0	0	0.96432	215	0.051282	0.15385	0	0	0.20694	0	0	39	0	0	0.30266	0	0	39	0	0	0.18121	0	0	39
395265	0																																		
395277	1	3	12	184	667.06	0.35329	0.34809	0.021739	0	0.080981	0.01087	2.9982	2	0.99652	795	0.054348	0.10326	0.01087	0.0054348	0.23802	0	0	184	0.0068493	0.0068493	0.25726	0	0.20652	146	0	0	0.21722	0	0.0054348	183
395289	0																																		
395298	1	15	8	367	1006.9	0.27371	0.19712	0.010899	0	0.08324	0.027248	0	0	0.95554	1641	0	0.049046	0.0054496	0.0027248	0.25154	0	0	367	0.010899	0.010899	0.23774	0	0	367	0.019231	0.013736	0.24174	0	0.0081744	364
395341	0																																		
395443	1	5	11	274	981.33	0.21223	0.21866	0.018248	0	0.16181	0.014599	0	0	0.82381	2121	0.021898	0.12409	0.0036496	0.0036496	0.24142	0	0	274	0.025547	0.010949	0.23589	0	0	274	0	0	0.25008	0	0	274
395465	0																																		
395485	1	6	14	283	2694.4	0.05594	0.15308	0.017668	0	0.12698	0.0070671	0.37114	1	0.96685	1491	0.024735	0.10954	0.0035336	0.0035336	0.27905	0	0	283	0.0035336	0.0035336	0.26274	0	0	283	0	0	0.22543	0	0.0070671	281
395562	0																																		
395573	1	10	20	115	2089.2	0.063293	0.090145	0	0	0.16004	0.026087	2.3933	5	0.81711	501	0.24348	0.31304	0.026087	0.026087	0.26808	0	0	115	0.0086957	0	0.25398	0	0	115	0.0086957	0	0.12029	0	0	115
395597	1	20	5	698	1306.8	0.31281	0.063178	0.037249	0	0.11103	0.0071633	0	0	0.83898	4305	0.0028653	0.027221	0.010029	0.0057307	0.24948	0	0	698	0.020173	0.0028818	0.24713	0	0.0057307	694	0.0057389	0.0014347	0.25423	0	0.0014327	697
395671	0																																		
395695	1	11	15	425	1958.1	0.26254	0.23414	0.0094118	0	0.18204	0.0047059	0.51069	1	0.87334	2816	0.018824	0.12706	0	0	0.22312	0	0	425	0.0099502	0.0049751	0.24754	0	0.054118	402	0.0070588	0	0.22616	0	0	425
395707	0																																		
395717	1	21	3	231	975.41	0.073792	0.20073	0.025974	0	0.33958	0.04329	0	0	0.28476	3707	0	0.04329	0	0	0.24053	0	0	231	0	0	0.29608	0	0.11688	204	0.050691	0.046083	0.21162	0	0.060606	217
395837	1	22	7	255	829.6	0.11217	0.12875	0.011765	0	0.082828	0.015686	2.4108	2	1	1129	0.035294	0.070588	0	0	0.26228	0	0	255	0.015686	0.015686	0.26781	0	0	255	0.0039216	0.0039216	0.2425	0	0	255
395870	1	16	25	673	3583.7	0.29739	0.1993	0.02526	0.019316	0.13557	0.032689	0.55809	2	0.90182	3840	0.034175	0.080238	0.020802	0.016345	0.25655	0.0014859	0	673	0.031204	0.029718	0.26126	0.0014859	0	673	0.019432	0.017937	0.24986	0.0014948	0.0059435	669
395959	0																																		
396037	1	17	18	150	1398.2	0.037502	0.21767	0	0	0.1334	0.026667	0	0	0.98279	637	0.053333	0.32667	0.026667	0.013333	0.23349	0	0	150	0.026667	0.013333	0.25768	0	0	150	0.02	0.013333	0.22853	0	0	150
396057	1	10	3	162	457.47	0.034685	0.016349	0.098765	0.037037	0.16037	0.24691	2.1859	1	0.994	590	0.024691	0.061728	0	0	0.24293	0	0	162	0.037037	0.04321	0.27248	0.27778	0	162	0.0061728	0.0061728	0.2146	0	0	162
396090	0																																		
396091	1	7	9	296	970.66	0.043881	0.27359	0.0033784	0	0.24498	0.0033784	1.0302	1	0.82537	2378	0.013514	0.081081	0	0	0.24324	0	0	296	0	0	0.25412	0	0.0033784	295	0.0034602	0.0034602	0.24949	0	0.023649	289
396157	1	3	4	37	80.209	0.098635	0.21829	0.081081	0	0.25246	0	0	0	0.94722	206	0.054054	0.24324	0	0	0.2827	0	0	37	0	0	0.25761	0	0	37	0	0	0.30062	0	0	37
396222	1	9	110	2298	11302	0.56945	0.3938	0.14012	0.019147	0.37258	0.083116	2.743	31	0.70515	17779	0.104	0.27154	0.047433	0.028721	0.27328	0.00087032	0	2298	0.065709	0.043951	0.27338	0.00087032	0	2298	0.04325	0.017912	0.24768	0.00087374	0.0039164	2289
396255	0																																		
396301	0																																		
396323	1	10	6	245	1292.5	0.20467	0.2439	0.061224	0	0.33058	0.053061	0.7737	1	0.44023	2832	0.02449	0.093878	0	0	0.2364	0.0040816	0	245	0.057143	0.032653	0.2805	0.020408	0	245	0.0081633	0	0.24678	0.0040816	0	245
396333	0																																		
396355	1	24	8	238	2103.2	0.15033	0.22963	0	0	0.090312	0	0.47547	1	0.77089	1501	0.02521	0.058824	0	0	0.2373	0	0	238	0	0	0.22711	0	0	238	0	0	0.28193	0	0	238
396397	0																																		
396411	0																																		
396420	1	10	13	193	1924.9	0.18271	0.21711	0.036269	0.036269	0.10061	0.041451	1.039	2	0.99459	938	0.062176	0.15544	0.0051813	0.0051813	0.26986	0.036269	0	193	0.0051813	0.0051813	0.25198	0.036269	0	193	0	0	0.15323	0.036269	0	193
396521	1	4	12	53	389.37	0.0039487	0.039198	0	0	0.15485	0	2.5682	1	1	196	0.13208	0.39623	0	0	0.25705	0.037736	0	53	0	0	0.231	0.037736	0	53	0	0	0.11207	0.038462	0.018868	52
396551	1	13	6	346	1056	0.25091	0.24964	0.089595	0.0057803	0.19389	0.014451	1.8939	2	0.84892	2402	0.040462	0.063584	0.0086957	0.0086957	0.22399	0	0.0028902	345	0.0091743	0.0061162	0.28181	0	0.054913	327	0	0	0.24149	0	0.023121	338
396596	0																																		
396607	0																																		
396661	0																																		
396663	0																																		
396705	0																																		
396761	1	15	3	287	411.59	0.21272	0.10381	0	0	0.078698	0.0034843	0	0	0.99698	1459	0.013937	0.027875	0.0034843	0	0.23801	0	0	287	0.0034843	0.0034843	0.23828	0	0	287	0.0034965	0.0034965	0.23647	0	0.0034843	286
396805	1	6	1	136	200.35	0.15771	0.15771	0	0	0.12853	0.014706	0	0	1	686	0.0073529	0.036765	0.0076336	0.0076336	0.29502	0	0.036765	131	0.0073529	0.0073529	0.25691	0	0	136	0.014706	0.014706	0.25863	0	0	136
396816	1	18	17	152	2048.7	0.54675	0.26687	0.085526	0	0.23536	0.026316	0.97625	2	0.78481	939	0.065789	0.38158	0.0065789	0	0.25535	0.026316	0	152	0	0	0.19284	0.026316	0	152	0	0	0.24782	0.029851	0.11842	134
396829	1	27	18	116	1294	0.30019	0.11119	0	0	0.079475	0.0086207	0	0	1	456	0.051724	0.28448	0	0	0.26043	0	0	116	0.0086207	0.0086207	0.24569	0	0	116	0	0	0.15108	0	0.017241	114
396861	0																																		
396882	1	12	4	110	989.46	0.17537	0.11821	0.036364	0	0.31896	0	0	0	0.34986	1641	0	0.072727	0	0	0.25228	0	0	110	0	0	0.27389	0	0	110	0	0	0.24295	0	0.0090909	109
396904	0																																		
396927	1	15	12	191	1609	0.073689	0.094981	0.031414	0	0.15352	0.010471	0.6215	1	0.97827	1017	0.036649	0.17277	0.015707	0.010471	0.21636	0	0	191	0.010471	0.010471	0.25533	0	0	191	0.015707	0.010471	0.19657	0	0	191
396949	1	27	3	221	638.78	0.13716	0.30038	0.0181	0	0.17478	0.0045249	0	0	0.85923	1655	0	0.027149	0	0	0.24754	0.0045249	0	221	0.0045249	0	0.23193	0.0045249	0	221	0	0	0.21941	0.0045455	0.0045249	220
396971	1	10	16	135	1362.4	0.076685	0.17875	0	0	0.17367	0.0074074	0	0	0.78357	997	0.02963	0.20741	0	0	0.28867	0	0.0074074	134	0.0076336	0.0076336	0.25952	0	0.02963	131	0.0074074	0.0074074	0.2242	0	0	135
396981	0																																		
397005	1	19	6	209	1358.3	0.13195	0.021992	0.0095694	0	0.075778	0	0	0	0.98391	1085	0.028708	0.090909	0	0	0.22241	0	0	209	0	0	0.23314	0	0.0047847	208	0	0	0.26905	0	0.0047847	208
397025	0																																		
397081	0																																		
397103	1	8	9	110	427.46	0.0046195	0.0058544	0	0	0.073197	0	0	0	1	446	0.036364	0.14545	0	0	0.22651	0	0	110	0	0	0.26512	0	0	110	0	0	0.21769	0	0	110
397167	0																																		
397179	0																																		
397190	1	10	7	331	2237.7	0.34022	0.20738	0	0	0.065093	0.0030211	0.44689	1	0.96967	1661	0.015106	0.054381	0.0090634	0	0.25636	0	0	331	0.010381	0.0034602	0.25823	0	0.12689	289	0.0030303	0.0030303	0.25734	0	0.0030211	330
397311	0																																		
397379	1	13	4	275	468.99	0.29268	0.4175	0	0	0.064285	0.0036364	0	0	1	1498	0.0036364	0.018182	0.0036364	0.0036364	0.24436	0.0036364	0	275	0.0072727	0.0036364	0.26882	0	0	275	0.0036364	0.0036364	0.20285	0	0	275
397401	1	16	6	351	967.71	0.22294	0.16714	0	0	0.087715	0.002849	0	0	0.98864	1769	0	0.08547	0	0	0.23781	0	0	351	0.002849	0.002849	0.25163	0	0	351	0	0	0.26348	0	0.008547	348
397423	0																																		
397476	1	18	10	814	2418.4	0.4062	0.23546	0.0036855	0	0.12114	0.0036855	0.41349	1	0.97166	4988	0.012285	0.046683	0.002457	0.002457	0.25281	0	0	814	0	0	0.25822	0	0	814	0.0013736	0.0013736	0.23529	0	0.10565	728
397487	1	32	17	81	1833.5	0	0.17107	0.049383	0.024691	0.17305	0.11111	0.54542	1	1	256	0.12346	0.44444	0.11111	0.08642	0.23288	0.012346	0	81	0.074074	0.061728	0.26042	0.012346	0	81	0.049383	0.024691	0.20088	0.012346	0	81
397498	1	29	8	124	1058.5	0.14795	0.21484	0.1371	0.016129	0.46874	0.056452	0	0	0.66929	1147	0.040323	0.18548	0	0	0.22784	0	0.032258	120	0.095238	0.066667	0.31688	0	0.15323	105	0.016129	0	0.24593	0	0	124
397542	1	6	4	56	238.46	0.011986	0.0934	0	0	0.16679	0	0	0	0.98143	337	0	0.125	0	0	0.27306	0	0	56	0	0	0.2479	0	0	56	0	0	0.13731	0	0	56
397599	1	22	6	64	1141.2	0.10602	0.31808	0	0	0.10723	0	0.87627	1	1	263	0.0625	0.20312	0	0	0.25293	0	0	64	0	0	0.26026	0	0	64	0	0	0.2241	0	0	64
397621	0																																		
397630	1	15	15	344	1822	0.18259	0.21468	0.017442	0	0.13202	0.0087209	1.6466	3	0.89433	2157	0.081395	0.1657	0.005814	0.005814	0.25842	0	0	344	0.0087209	0.005814	0.24239	0	0	344	0.0029155	0	0.23318	0	0.002907	343
397653	1	3	8	44	239.27	0.0054358	0.13348	0	0	0.12902	0	8.3588	2	1	164	0.22727	0.36364	0	0	0.2092	0	0	44	0	0	0.227	0	0	44	0	0	0.20604	0	0	44
397685	0																																		
397707	0																																		
397806	0																																		
397861	0																																		
397873	0																																		
397885	0																																		
397905	0																																		
397927	1	13	3	270	662.25	0.065524	0.023297	0.011111	0	0.10725	0.0074074	0	0	0.94627	1515	0	0.02963	0	0	0.23425	0	0	270	0.0074074	0.0074074	0.25742	0	0	270	0	0	0.26163	0	0.11111	240
397951	0																																		
398092	0																																		
398115	0																																		
398125	1	12	7	330	2173.5	0.25361	0.14659	0	0	0.15047	0	0	0	0.81419	2737	0.0060606	0.039394	0	0	0.25939	0	0.0030303	329	0	0	0.22533	0	0.10606	295	0	0	0.22642	0	0.0090909	327
398181	1	37	11	562	1641.5	0.088144	0.095579	0.014235	0	0.091521	0.0017794	0	0	0.87641	3105	0.0035587	0.065836	0.0035587	0.0017794	0.24033	0	0	562	0.0035651	0.0017825	0.25651	0	0.0017794	561	0.0035587	0.0017794	0.25796	0	0	562
398191	1	22	6	936	3199.7	0.24096	0.14928	0.055556	0	0.22095	0.028846	2.5002	8	0.36672	11648	0.096154	0.030983	0.0064171	0.002139	0.24675	0	0.0010684	935	0.0062735	0.0025094	0.25291	0	0.1485	797	0.024758	0.024758	0.26459	0	0.0074786	929
398225	1	19	21	578	3343.1	0.46691	0.27175	0.034602	0	0.15675	0.0034602	0.29912	1	0.49784	5279	0.013841	0.10035	0.0052265	0	0.23758	0	0.0069204	574	0.0052083	0.0034722	0.25633	0	0.0034602	576	0.009434	0	0.24422	0	0.083045	530
398247	0																																		
398268	1	15	11	370	2292.7	0.2265	0.27038	0.013514	0	0.15218	0.016216	0.87234	2	0.57629	2941	0.059459	0.067568	0.0054348	0.0054348	0.25849	0	0.0054054	368	0.02973	0.0054054	0.28566	0	0	370	0.0054054	0.0054054	0.22058	0	0	370
398301	0																																		
398313	1	8	10	212	1437.9	0.021866	0.095698	0	0	0.097489	0	0.69548	1	1	991	0.028302	0.09434	0	0	0.21535	0	0	212	0	0	0.21552	0	0	212	0	0	0.27028	0	0.004717	211
398369	0																																		
398567	1	18	4	606	1577.5	0.08814	0.26046	0	0	0.12586	0.0033003	0	0	0.97642	3838	0	0.013201	0.0016502	0.0016502	0.23598	0	0	606	0.0033058	0.0016529	0.25329	0	0.0016502	605	0	0	0.25906	0	0.0082508	601
398743	0																																		
398775	0																																		
398787	0																																		
398819	1	17	5	24	156.78	0.13056	0.22268	0	0	0.11889	0.041667	0	0	1	102	0	0.375	0.041667	0.041667	0.32905	0	0	24	0.041667	0.041667	0.22691	0	0	24	0	0	0.15931	0	0	24
398995	0																																		
399061	1	9	8	161	1376.6	0.19687	0.13964	0	0	0.061684	0	0.72644	1	1	743	0.062112	0.093168	0	0	0.20567	0	0	161	0	0	0.22786	0	0	161	0	0	0.19081	0	0.0062112	160
399073	0																																		
399139	0																																		
399161	0																																		
399215	0																																		
399249	0																																		
399303	1	14	6	448	1784	0.34944	0.50495	0.033482	0.029018	0.098432	0.069196	0	0	0.91209	2590	0.0022321	0.053571	0.011161	0.0089286	0.26002	0.071429	0	448	0	0	0.23926	0	0	448	0.006772	0.0022573	0.24713	0	0.011161	443
399315	0																																		
399325	0																																		
399457	0																																		
399525	0																																		
399743	0																																		
399787	0																																		
399853	1	13	7	252	1432.7	0.3099	0.2421	0.0039683	0	0.070594	0.011905	0	0	0.96926	1234	0.0039683	0.047619	0	0	0.23947	0	0	252	0.0085837	0.0085837	0.26899	0	0.075397	233	0.0079365	0.0039683	0.22176	0	0	252
399899	0																																		
399941	0																																		
399963	0																																		
400029	1	15	12	439	2603.2	0.033049	0.01247	0.034169	0	0.33525	0	0	0	0.31031	6923	0.01139	0.068337	0.0022779	0	0.23479	0.0022779	0	439	0.013667	0	0.2602	0.0022779	0	439	0	0	0.23568	0.0022989	0.0091116	435
400073	1	11	4	60	181.99	0.053245	0.023138	0	0	0.1418	0	0	0	0.98888	301	0.016667	0.066667	0	0	0.20722	0	0	60	0	0	0.21222	0	0	60	0	0	0.22442	0	0	60
400117	1	15	3	602	1758.7	0.24596	0.36261	0.0083056	0	0.077642	0.0049834	0	0	0.99891	3127	0	0.026578	0.0049834	0.0049834	0.24727	0	0	602	0.0066445	0.0033223	0.25086	0	0	602	0.0033445	0.0016722	0.2544	0	0.0066445	598
400185	1	14	23	335	2239	0.05523	0.24075	0.0089552	0	0.1044	0.014925	0	0	1	1447	0	0.16418	0.014925	0.01194	0.26024	0	0	335	0.014925	0.01194	0.25144	0	0	335	0.014925	0.014925	0.12432	0	0	335
400239	1	5	3	325	535.57	0.039537	0.19895	0	0	0.15355	0.0061538	0	0	0.85227	2314	0	0.0061538	0.0030769	0	0.2693	0	0	325	0.0061538	0.0061538	0.26662	0	0	325	0	0	0.22748	0	0	325
400251	1	17	12	113	1477	0.31751	0.045039	0.079646	0	0.21499	0	0.67706	1	0.6656	753	0.053097	0.29204	0	0	0.2481	0	0	113	0.0088496	0	0.32894	0	0	113	0	0	0.19768	0	0.017699	111
400273	1	9	2	9	36.868	0.015206	0.0076032	0	0	0.1052	0	0	0	1	37	0	0	0	0	0.33458	0	0	9	0	0	0.15394	0	0	9	0	0	0.24375	0	0	9
400349	0																																		
400427	1	8	18	82	1019	0.23005	0.061134	0	0	0.12673	0	0	0	0.9984	314	0.04878	0.42683	0	0	0.18576	0	0	82	0	0	0.23749	0	0	82	0	0	0.16919	0	0.13415	71
400779	1	18	5	165	377.01	0.49257	0.34393	0	0	0.077782	0.0060606	0	0	0.99222	792	0	0.054545	0.0060606	0.0060606	0.23482	0	0	165	0	0	0.23585	0	0.0060606	164	0	0	0.25762	0	0	165
401109	0																																		
401197	1	9	2	24	37.317	0.027607	0.013804	0	0	0.13606	0	0	0	1	172	0	0.125	0	0	0.21185	0	0	24	0	0	0.34335	0	0	24	0	0	0.36697	0	0	24
401241	1	24	5	58	448.8	0.11926	0.26354	0.034483	0	0.07775	0	0	0	1	264	0	0.18966	0	0	0.31742	0	0	58	0	0	0.24818	0	0	58	0	0	0.26671	0	0	58
401351	0																																		
401395	0																																		
401527	0																																		
401571	0																																		
401637	0																																		
401703	0																																		
401769	0																																		
402077	1	15	7	210	1912.1	0.033914	0.15037	0.071429	0.019048	0.24667	0.038095	0.52298	1	0.95231	1242	0.019048	0.12857	0.0048077	0	0.25489	0.019231	0.0095238	208	0.02381	0.019048	0.25934	0.019048	0	210	0	0	0.17374	0.019048	0	210
402209	1	7	10	269	808.65	0.22124	0.32091	0.02974	0	0.10618	0.022305	2.4733	2	0.74108	1782	0.05948	0.092937	0.01487	0.011152	0.26175	0.0037175	0	269	0	0	0.29241	0.0037175	0	269	0.011152	0.0074349	0.21523	0.0037175	0	269
402297	1	18	8	607	2340.4	0.14583	0.079363	0.021417	0.0032949	0.27005	0	0.42728	1	0.26215	11716	0.01318	0.019769	0.0066335	0	0.24126	0	0.0065898	603	0.0016978	0	0.27821	0	0.029654	589	0	0	0.26	0	0.057661	572
402319	0																																		
402627	0																																		
402649	0																																		
402913	0																																		
403023	1	11	18	303	1742.6	0.10643	0.2877	0.019802	0	0.15477	0.0066007	0	0	0.94882	1733	0.023102	0.15842	0.0033003	0.0033003	0.26609	0	0	303	0.0066007	0.0033003	0.27907	0	0	303	0.0033003	0	0.28187	0	0	303
403309	1	10	3	69	987.43	0.01258	0.091803	0	0	0.19265	0.028986	0	0	0.89621	504	0.028986	0.028986	0	0	0.20955	0	0	69	0	0	0.2724	0	0	69	0.028986	0.028986	0.22738	0	0	69
403375	0																																		
403397	1	8	10	228	1431.8	0.066027	0.1063	0.11404	0.070175	0.1256	0.24123	0	0	0.99082	855	0.017544	0.083333	0.017544	0.017544	0.27181	0.25439	0	228	0.004386	0	0.20958	0	0	228	0.004386	0	0.21369	0	0	228
403419	0																																		
403441	1	17	6	24	215.23	0.047735	0.11376	0	0	0.095892	0	0	0	1	58	0	0.33333	0	0	0.11472	0	0	24	0	0	0.26318	0	0	24	0	0	0.03449	0	0	24
403859	0																																		
404189	1	5	2	407	712.5	0.16185	0.42212	0.002457	0	0.095028	0	0	0	0.98341	2253	0.014742	0	0	0	0.25862	0	0.004914	405	0.0051414	0	0.25094	0	0.044226	389	0.0024876	0	0.27204	0	0.012285	402
404299	0																																		
404629	1	21	2	99	353.37	0.16037	0.080183	0.010101	0	0.27821	0	0	0	0.71141	969	0	0.030303	0	0	0.2451	0	0	99	0	0	0.24651	0	0.18182	81	0	0	0.24785	0	0	99
404893	0																																		
405025	0																																		
405201	1	20	13	746	2551.7	0.2796	0.20072	0.012064	0	0.16477	0.002681	0	0	0.83868	5917	0	0.064343	0.0013405	0	0.24945	0	0	746	0.0026954	0.0026954	0.24586	0	0.0053619	742	0	0	0.24486	0	0.0053619	742
405223	0																																		
405443	0																																		
405487	0																																		
405707	1	17	7	657	1958.8	0.58549	0.42049	0.0076104	0	0.11064	0.0045662	0	0	0.974	4222	0	0.04414	0	0	0.24179	0	0.0030441	655	0.0045662	0	0.26298	0	0	657	0.007657	0.0045942	0.23949	0	0.0060883	653
405839	0																																		
405927	1	21	7	184	1543.9	0.20033	0.25648	0.021739	0	0.08139	0.01087	0.6477	1	1	714	0.081522	0.1087	0.01087	0	0.26599	0	0	184	0.028736	0.0057471	0.25016	0	0.054348	174	0.016304	0.0054348	0.27079	0	0	184
405971	1	6	2	13	61.646	0.00099905	0.033936	0	0	0.131	0	0	0	1	50	0	0	0	0	0.34901	0	0	13	0	0	0.30944	0	0	13	0	0	0.17545	0	0	13
406125	1	8	43	440	3126.3	0.1207	0.19354	0.031818	0	0.17372	0.040909	0.95959	3	0.92852	2495	0.047727	0.24773	0.015982	0.0091324	0.24766	0.0068493	0.0045455	438	0.034247	0.018265	0.27458	0.011416	0.0045455	438	0.013699	0.011416	0.23242	0.011416	0.0045455	438
406147	1	22	17	798	3889.1	0.084742	0.11727	0.017544	0.0025063	0.17256	0.0050125	0.77138	3	0.87646	4722	0.046366	0.070175	0.0050125	0	0.23925	0.0012531	0	798	0.0025063	0	0.26971	0	0	798	0.0050955	0.0050955	0.23031	0.0012739	0.016291	785
406257	0																																		
406323	0																																		
406367	0																																		
406631	1	18	11	581	3060.2	0.61652	0.2628	0.012048	0	0.10058	0.0051635	0	0	0.97791	3062	0.0034423	0.053356	0.0051635	0.0034423	0.24888	0	0	581	0.0035149	0.0035149	0.24819	0	0.020654	569	0	0	0.24856	0	0	581
407314	0																																		
407534	1	11	10	174	1364	0.090358	0.16764	0.068966	0	0.1956	0.074713	0.73316	1	0.51929	1892	0.022989	0.14368	0.022989	0	0.23497	0	0	174	0.057803	0.046243	0.27666	0	0.0057471	173	0.028902	0.028902	0.20425	0	0.0057471	173
407798	1	28	10	309	2290.7	0.14059	0.26086	0.019417	0.012945	0.081324	0.022654	0.43654	1	0.99859	1626	0.022654	0.07767	0.012987	0.0097403	0.25298	0.0097403	0.0032362	308	0.016287	0.013029	0.27642	0.009772	0.0064725	307	0.0097087	0.0097087	0.23374	0.0097087	0	309
407886	1	11	4	308	604.08	0.12846	0.18009	0.016234	0	0.20535	0.0032468	0	0	0.43877	3330	0	0.042208	0.0032468	0.0032468	0.26371	0	0	308	0.0032573	0.0032573	0.23881	0	0.0032468	307	0.0032468	0.0032468	0.22677	0	0	308
408304	1	52	22	186	3210.7	0.56822	0.22577	0.096774	0	0.27329	0.026882	1.5573	5	0.91134	1093	0.13978	0.32258	0.048387	0.021505	0.23414	0	0	186	0.032258	0.0053763	0.24965	0	0	186	0	0	0.22201	0	0	186
408326	1	21	3	452	766.88	0.12184	0.14973	0.019912	0	0.12099	0.0044248	0	0	0.95688	2918	0	0.015487	0	0	0.2537	0	0	452	0.0044248	0.0044248	0.25231	0	0	452	0.0089888	0	0.24871	0	0.015487	445
408348	0																																		
408414	0																																		
408678	1	14	28	311	2926.3	0.32346	0.2231	0.041801	0	0.20061	0.016077	0.68346	2	0.77392	2038	0.073955	0.26045	0.0096463	0.0032154	0.24161	0	0	311	0.034682	0.023121	0.22696	0	0.44373	173	0.0064309	0.0032154	0.226	0	0	311
409052	0																																		
409118	0																																		
409140	1	13	10	175	708.37	0.1469	0.19277	0.08	0	0.2764	0.0057143	0	0	0.47191	1584	0.011429	0.12571	0	0	0.25292	0	0	175	0.0068966	0.0068966	0.29152	0	0.17143	145	0	0	0.28621	0	0	175
409184	0																																		
409250	0																																		
409272	0																																		
409514	1	8	7	81	1923	0.32746	0.080061	0	0	0.12856	0	0	0	0.94219	643	0.049383	0.16049	0	0	0.21901	0	0	81	0	0	0.33573	0	0.67901	26	0	0	0.23392	0	0	81
409624	1	5	9	208	801.27	0.17419	0.32306	0.067308	0.038462	0.082421	0.125	0	0	1	874	0	0.091346	0	0.0048077	0.23792	0.019231	0	208	0.019231	0.024038	0.2398	0.10577	0	208	0	0	0.16223	0	0	208
409686	0																																		
409708	0																																		
409862	0																																		
409888	1	13	14	780	2190.2	0.20635	0.29528	0.029487	0.0051282	0.12434	0.025641	0.91314	2	0.95766	4314	0.012821	0.082051	0.014103	0.0089744	0.24841	0.0051282	0	780	0.0089744	0.0076923	0.26467	0.0051282	0	780	0.014175	0.0090206	0.24611	0.0051546	0.0051282	776
409906	1	13	18	285	1891.5	0.092787	0.09982	0.02807	0	0.12122	0.017544	0	0	0.89273	1762	0.0070175	0.15439	0.010526	0.010526	0.24371	0.0035088	0	285	0.010526	0.010526	0.22278	0.0035088	0	285	0.0070175	0.0070175	0.22351	0.0035088	0	285
410020	0																																		
410042	0																																		
410064	1	2	7	29	78.364	0.32589	0.22479	0	0	0.11023	0	12.761	1	1	74	0.27586	0.31034	0	0	0.22133	0	0	29	0	0	0.27735	0	0	29	0	0	0.022864	0	0	29
410082	0																																		
410126	1	17	6	98	1411.8	0.31135	0.051892	0	0	0.068	0	0.70831	1	0.98605	425	0.10204	0.11224	0	0	0.27379	0	0	98	0	0	0.17805	0.01087	0.061224	92	0	0	0.23441	0.010204	0	98
410148	0																																		
410328	0																																		
410456	0																																		
410566	1	7	8	105	1373.3	0.13013	0.23122	0.038095	0	0.069058	0.0095238	0.72818	1	1	507	0.047619	0.21905	0	0	0.32126	0	0	105	0	0.0095238	0.19744	0.0095238	0	105	0	0	0.24118	0	0	105
410658	0																																		
410680	1	11	9	370	1308.2	0.10071	0.1531	0.024324	0	0.092394	0.013514	0.76439	1	0.7623	2138	0.045946	0.094595	0.01087	0.0054348	0.25071	0	0.0054054	368	0.024324	0.0081081	0.25351	0	0	370	0.011429	0.0057143	0.25708	0	0.054054	350
410698	1	13	3	228	459.64	0.28926	0.28572	0.052632	0	0.072818	0.02193	2.1756	1	0.99691	998	0.017544	0.078947	0.026316	0.02193	0.25084	0	0	228	0.013393	0	0.26741	0	0.017544	224	0	0	0.094724	0	0	228
410764	0																																		
410768	1	16	6	43	1141.3	0.0028035	0.22259	0	0	0.12232	0.046512	0.87621	1	1	190	0.13953	0.25581	0	0	0.24317	0.046512	0	43	0	0	0.18061	0.051282	0.093023	39	0	0	0.11582	0.046512	0	43
411006	0																																		
411010	1	4	3	21	80.32	0.2145	0.24532	0.14286	0	0.15528	0	0	0	0.84125	114	0	0.38095	0	0	0.28043	0	0	21	0	0	0.22455	0	0	21	0	0	0.14242	0	0	21
411032	0																																		
411142	0																																		
411402	0																																		
411450	0																																		
411556	0																																		
411802	0																																		
411864	0																																		
411886	0																																		
411996	0																																		
412062	1	9	2	10	200.16	0.022567	0.011284	0	0	0.15162	0	0	0	1	39	0	0.1	0	0	0.28045	0	0	10	0	0	0.076853	0	0	10	0	0	0.18583	0	0	10
412088	0																																		
412194	0																																		
412238	0																																		
412242	1	14	39	623	3801	0.26125	0.2802	0.075441	0	0.29257	0.038523	1.5785	6	0.75911	4901	0.096308	0.24077	0.025765	0.0064412	0.28057	0	0.0032103	621	0.046549	0.022472	0.27639	0	0	623	0.017657	0.0096308	0.22333	0	0	623
412308	0																																		
412326	1	10	13	120	1249.9	0.072692	0.097186	0	0	0.08206	0.0083333	1.6001	2	1	495	0.1	0.225	0	0	0.21333	0.0083333	0	120	0	0	0.27219	0.0083333	0	120	0	0	0.1365	0.0083333	0	120
412396	1	18	5	294	809.99	0.35097	0.36524	0	0	0.12241	0.0034014	1.2346	1	0.9554	1686	0.017007	0.054422	0.0034014	0	0.23157	0	0	294	0.0068027	0	0.26093	0	0	294	0.0034965	0.0034965	0.23184	0	0.027211	286
412436	0																																		
412480	0																																		
412612	1	10	2	261	968.98	0.047036	0.036478	0	0	0.117	0	0	0	0.96088	1482	0	0.015326	0	0	0.24902	0	0	261	0	0	0.24052	0	0.0038314	260	0.003861	0	0.26597	0	0.0076628	259
412638	1	18	8	509	1404.6	0.27328	0.37343	0.0058939	0	0.16245	0.0058939	0.71195	1	0.77273	3976	0.0098232	0.053045	0.0019646	0	0.24259	0	0	509	0.0098425	0.0059055	0.26362	0	0.0019646	508	0.0019802	0	0.24163	0	0.0078585	505
412858	0																																		
413030	0																																		
413228	0																																		
413496	0																																		
413540	0																																		
413580	1	11	33	217	2426.1	0.21032	0.10805	0.013825	0	0.10947	0.013825	0	0	0.98623	812	0.064516	0.30415	0.013825	0.013825	0.23954	0	0	217	0.0046083	0.0046083	0.25542	0	0	217	0	0	0.22381	0	0	217
413602	0																																		
413628	0																																		
413690	0																																		
413910	0																																		
413976	0																																		
414002	0																																		
414024	1	17	10	574	1386	0.42222	0.12694	0.0052265	0	0.093156	0	1.443	2	0.94995	3606	0.020906	0.041812	0.0069686	0	0.22431	0	0	574	0.0069686	0	0.24081	0	0	574	0.0069808	0	0.23569	0	0.0017422	573
414200	1	6	2	425	823.84	0.070971	0.23033	0.10118	0.070588	0.10208	0.16235	0	0	0.99927	1893	0	0.011765	0.018824	0.0094118	0.24703	0	0	425	0.051765	0.054118	0.29548	0.11765	0	425	0.0094787	0.0047393	0.25404	0	0.0070588	422
414240	1	17	4	563	1552.3	0.037803	0.024583	0.0053286	0	0.1585	0.0017762	0	0	0.94644	4123	0	0.021314	0.0017825	0.0017825	0.24687	0	0.0035524	561	0	0	0.24855	0	0.010657	557	0	0	0.23651	0	0.010657	557
414288	1	1	1	26	26.95	0.022954	0.022954	0	0	0.37584	0	0	0	0.8954	211	0	0	0	0	0.30562	0	0	26	0	0	0.13919	0	0	26	0	0	0.15692	0	0	26
414306	1	11	2	389	1138.9	0.047549	0.14641	0.012853	0	0.27021	0	0.87803	1	0.74714	2694	0.015424	0.0077121	0	0	0.24455	0	0	389	0.010283	0	0.25567	0	0	389	0	0	0.25561	0	0.048843	370
414372	1	10	4	100	595.67	0.22674	0.10442	0.12	0	0.28112	0.01	0	0	0.54435	952	0	0.08	0.02	0.01	0.2539	0	0	100	0.01	0	0.27324	0	0	100	0	0	0.27248	0	0	100
414416	0																																		
414442	1	21	5	220	593.92	0.29816	0.32677	0	0	0.11338	0.013636	1.6837	1	0.98199	1150	0.040909	0.027273	0.022727	0.013636	0.25237	0	0	220	0.013636	0.0090909	0.24014	0.0045455	0	220	0.013636	0.0045455	0.26295	0	0	220
414460	0																																		
414552	1	19	4	17	273.98	0	0.18286	0	0	0.1347	0	3.6499	1	1	49	0.29412	0.17647	0	0	0.28328	0.058824	0	17	0	0	0.21249	0	0	17	0	0	0.3244	0	0	17
414592	0																																		
414636	0																																		
414684	0																																		
414834	0																																		
415054	0																																		
415186	1	19	10	195	1376.6	0.52096	0.24174	0.020513	0.020513	0.056596	0.015385	0.72642	1	0.94345	867	0.046154	0.11282	0	0.0051282	0.22827	0.015385	0	195	0	0	0.24515	0.015385	0	195	0	0	0.20977	0.010256	0	195
415212	0																																		
415256	0																																		
415278	1	24	60	1552	6386.1	0.27175	0.37637	0.15593	0.0051546	0.47108	0.05799	2.8186	18	0.48746	18056	0.097294	0.26933	0.028351	0.013531	0.25951	0	0	1552	0.05768	0.031108	0.28499	0	0.005799	1543	0.035271	0.020248	0.27107	0	0.013531	1531
415564	1	17	4	277	981.15	0.10126	0.23671	0.032491	0	0.19313	0.072202	0	0	0.84963	1913	0	0.054152	0.061372	0.057762	0.25238	0	0	277	0.028881	0.01444	0.23873	0	0	277	0	0	0.26086	0	0.01444	273
415890	0																																		
415912	0																																		
415956	0																																		
416418	0																																		
417100	1	25	2	283	777.25	0.14573	0.072867	0.0070671	0	0.15141	0	1.2866	1	0.85172	2328	0.024735	0.014134	0	0	0.26398	0	0	283	0	0	0.25545	0	0.11661	250	0.0035336	0	0.25246	0	0	283
417298	0																																		
417496	1	19	7	75	1214.1	0.015146	0.1547	0	0	0.09619	0	0	0	1	302	0.026667	0.17333	0	0	0.31818	0	0	75	0	0	0.3104	0	0	75	0	0	0.18301	0	0	75
417584	0																																		
417782	1	14	9	54	1653.8	0.076949	0.019149	0	0	0.1341	0	0.60465	1	0.88614	312	0.074074	0.27778	0	0	0.23344	0	0	54	0	0	0.25968	0	0	54	0	0	0.21627	0	0	54
473358	1	19	2	74	204	0.41332	0.20666	0.13514	0	0.48147	0.013514	4.902	1	0.49193	586	0.094595	0.17568	0.027027	0	0.2277	0	0	74	0.027027	0.013514	0.25264	0	0	74	0.027027	0	0.24135	0	0	74
473446	0																																		
473644	0																																		
473776	0																																		
473886	1	2	1	10	12.824	0.35799	0.35799	0	0	0.093747	0	0	0	1	67	0	0	0	0	0.36334	0	0	10	0	0	nan	0	1	0	0	0	0.16121	0	0	10
473952	1	18	14	367	2524.2	0.085058	0.24065	0.0027248	0	0.16213	0.010899	0.39617	1	0.6284	3605	0.010899	0.079019	0.0054496	0.0054496	0.23742	0.0027248	0	367	0.0027248	0.0027248	0.24698	0.0027248	0	367	0	0	0.24882	0.0027248	0	367
474260	0																																		
474370	1	8	15	258	2069.4	0.086618	0.20445	0	0	0.082922	0.011628	0.96648	2	1	1145	0.054264	0.1124	0.0077519	0.003876	0.23775	0.003876	0	258	0.0042918	0.0085837	0.25502	0.0042918	0.096899	233	0.0077519	0.003876	0.26039	0.003876	0	258
474568	0																																		
474612	1	5	3	57	66.499	0.098914	0.51204	0.017544	0	0.19445	0.035088	0	0	0.96936	390	0.017544	0.12281	0.072727	0.018182	0.21598	0	0.035088	55	0.017544	0.017544	0.29103	0	0	57	0.09434	0.037736	0.28656	0	0.070175	53
474678	1	61	9	457	1875.2	0.21703	0.31508	0.017505	0	0.12693	0.017505	0.53328	1	0.99572	2401	0.010941	0.074398	0.0087527	0.0087527	0.24893	0.0043764	0	457	0.004386	0.004386	0.2496	0.0065789	0.0021882	456	0.0044643	0.0022321	0.24436	0.0044643	0.019694	448
474700	0																																		
474722	0																																		
474832	0																																		
475096	1	26	13	154	2629.5	0.40873	0.40624	0.12987	0.051948	0.22358	0.17532	0.7606	2	0.78155	916	0.12338	0.26623	0.045455	0.038961	0.30447	0.064935	0	154	0.12	0.073333	0.23451	0.066667	0.025974	150	0.051948	0.038961	0.20317	0.064935	0	154
475140	1	10	2	254	401.7	0.096127	0.4311	0.007874	0	0.1831	0	0	0	0.8317	2167	0.007874	0.019685	0	0	0.24713	0	0	254	0	0	0.22412	0	0	254	0	0	0.25164	0	0	254
475250	0																																		
475712	1	16	7	159	660.49	0.11522	0.2048	0.025157	0	0.20163	0.0062893	1.514	1	0.88432	1042	0.025157	0.10692	0	0	0.2587	0	0	159	0	0	0.2774	0	0	159	0.0062893	0.0062893	0.26119	0	0	159
475756	0																																		
475778	1	4	6	81	367.18	0.013201	0.062107	0.049383	0	0.24915	0	0	0	0.86212	652	0	0.14815	0	0	0.27638	0	0	81	0	0	0.245	0	0	81	0	0	0.24801	0	0.11111	72
475932	0																																		
476262	0																																		
476284	0																																		
476416	0																																		
476460	0																																		
476724	0																																		
476900	0																																		
476966	1	8	6	36	223.36	0.019887	0.14842	0	0	0.1678	0	0	0	1	154	0.055556	0.30556	0	0	0.16977	0	0	36	0	0	0.27045	0	0	36	0	0	0.21763	0	0	36
477098	0																																		
477142	1	18	7	167	1151.9	0.25657	0.050529	0.011976	0	0.092371	0.005988	0	0	0.97892	840	0.011976	0.08982	0.005988	0	0.21315	0.005988	0	167	0.011976	0.005988	0.26973	0	0	167	0	0	0.22443	0	0	167
477868	0																																		
478088	1	22	5	305	1945.3	0.30941	0.63273	0.032787	0	0.12276	0.02623	0.51405	1	0.94115	1668	0.02623	0.072131	0.0032787	0	0.23389	0.013115	0	305	0.010526	0.010526	0.26646	0.014035	0.065574	285	0.0032787	0.0032787	0.25797	0.013115	0	305
478220	1	17	16	602	2819.7	0.39328	0.27297	0	0	0.12949	0.0033223	0	0	0.96137	3505	0	0.05814	0.0016694	0.0016694	0.25587	0	0.0049834	599	0.0016611	0.0016611	0.238	0	0	602	0	0	0.24892	0	0.0066445	598
478374	1	12	4	142	1466.9	0.10452	0.051943	0	0	0.14728	0.0070423	0	0	0.98511	769	0	0.049296	0.0070423	0.0070423	0.23179	0	0	142	0.0071429	0.0071429	0.22866	0	0.014085	140	0.0070423	0.0070423	0.25235	0	0	142
478594	1	9	3	56	159.19	0.0053918	0.025725	0.071429	0	0.15498	0	0	0	0.84126	395	0.035714	0.14286	0	0	0.19586	0	0	56	0	0	0.26307	0	0	56	0	0	0.16437	0	0	56
478638	1	5	6	310	1225.2	0.03698	0.14055	0.058065	0	0.081038	0.0032258	0.81623	1	0.88385	1561	0.019355	0.048387	0.0032258	0	0.24492	0	0	310	0	0	0.26384	0	0	310	0.016287	0.0032573	0.25515	0	0.0096774	307
478880	1	24	13	565	1814	0.085103	0.23573	0.0070796	0	0.094107	0.019469	0	0	0.87316	3562	0.0053097	0.063717	0.015929	0.010619	0.27223	0	0	565	0.014159	0.0053097	0.23939	0	0	565	0.0035587	0.0035587	0.20805	0	0.0053097	562
478902	0																																		
479166	0																																		
479188	0																																		
479650	1	71	32	260	2610	0.4379	0.20526	0.026923	0.0038462	0.23808	0.019231	0.38315	1	0.88701	1457	0.042308	0.26154	0.011538	0.0076923	0.24942	0	0	260	0.019231	0.015385	0.27158	0	0	260	0.0076923	0	0.19701	0	0	260
480002	0																																		
480068	0																																		
480112	0																																		
480222	0																																		
480728	1	11	13	128	1513.3	0.21736	0.10622	0	0	0.12341	0	1.9824	3	0.97929	520	0.10938	0.1875	0	0	0.28439	0	0	128	0	0	0.273	0	0	128	0	0	0.19224	0	0	128
480772	1	10	10	276	2346.9	0.045264	0.009923	0	0	0.12968	0.0036232	0	0	0.98553	1509	0.0072464	0.10507	0	0	0.26335	0	0	276	0.0036232	0.0036232	0.24043	0	0	276	0	0	0.21619	0	0.0072464	274
480970	1	10	4	170	1232.4	0.12144	0.10286	0.047059	0	0.10773	0.047059	0	0	0.56274	1067	0	0.052941	0.035294	0.017647	0.2643	0.0058824	0	170	0.041176	0.029412	0.26506	0.0058824	0	170	0	0	0.25514	0.0058824	0	170
481014	1	51	6	24	911.97	0	0.095296	0	0	0.062329	0	0	0	1	69	0	0.33333	0	0	0.36339	0	0	24	0	0	0.17938	0	0	24	0	0	0.12577	0	0	24
481036	0																																		
493417	0																																		
493439	1	11	2	72	138.89	0.0073728	0.042195	0.041667	0	0.088878	0.013889	0	0	1	356	0	0.083333	0.013889	0.013889	0.23008	0	0	72	0	0	0.24892	0	0	72	0.013889	0.013889	0.28272	0	0	72
493615	0																																		
493659	1	20	10	294	1011	0.30748	0.16919	0	0	0.085769	0.0068027	0.98909	1	0.99967	1438	0.013605	0.057823	0	0	0.2555	0	0	294	0	0	0.25536	0	0	294	0	0	0.17128	0.0068027	0	294
493681	0																																		
493835	1	95	7	163	1252.2	0.039438	0.16923	0.06135	0	0.18196	0.055215	0	0	0.9932	795	0.02454	0.11656	0.006135	0	0.26286	0.01227	0	163	0	0	0.26599	0.01227	0	163	0.006135	0	0.25831	0.055215	0	163
494297	1	10	5	309	1231.6	0.12409	0.17244	0.0097087	0	0.103	0.0097087	0	0	0.99108	1672	0	0.074434	0.012945	0.0097087	0.25492	0	0	309	0.012945	0.0097087	0.25091	0	0	309	0	0	0.23112	0	0.0032362	308
494605	0																																		
494649	0																																		
494803	0																																		
494847	1	4	11	308	2499.9	0.14728	0.34645	0.012987	0.012987	0.10711	0.012987	0.80004	2	0.99045	1598	0.061688	0.094156	0.0098039	0	0.26765	0	0.0064935	306	0.019737	0.0065789	0.25739	0	0.012987	304	0.019802	0.0066007	0.22541	0	0.016234	303
495199	1	37	5	435	1269.5	0.011848	0.028705	0	0	0.085261	0	0.78772	1	0.99688	2324	0.0091954	0.027586	0	0	0.24863	0	0	435	0	0	0.23996	0	0	435	0	0	0.24609	0	0	435
495551	0																																		
495859	0																																		
495881	1	2	9	242	575.55	0.13287	0.23145	0.020661	0	0.21691	0.016529	3.4749	2	0.96423	1374	0.033058	0.1281	0.024896	0.0082988	0.26198	0	0.0041322	241	0.012397	0.0082645	0.23012	0	0	242	0	0	0.22035	0	0.0082645	240
497311	1	19	7	1194	2612.8	0.11467	0.030702	0.0083752	0	0.15835	0.0033501	0	0	0.71583	12162	0.00083752	0.018425	0	0	0.24985	0	0	1194	0.0069264	0.0025974	0.25278	0	0.032663	1155	0.00084175	0.00084175	0.24258	0	0.0050251	1188
497355	1	9	6	242	1272.2	0.12614	0.15268	0	0	0.079224	0	0.78604	1	0.95504	1270	0.016529	0.070248	0.0041494	0	0.26292	0	0.0041322	241	0.0041322	0	0.24556	0	0	242	0	0	0.21853	0	0.016529	238
497399	1	106	11	522	2813.2	0	0.23448	0.51724	0.51724	117.06	0.51724	0.71093	2	1	1258	0.34866	0.047893	0.51533	0.51533	490.18	0.0019157	0	522	0.51248	0.51248	488.46	0.0019194	0.0019157	521	0	0	0.42569	0.0019157	0	522
497553	1	12	4	87	646.9	0.0030263	0.00075659	0	0	0.057144	0	0	0	1	357	0	0.08046	0	0	0.31188	0	0	87	0	0	0.24092	0	0	87	0	0	0.26819	0	0	87
497575	0																																		
497883	1	6	9	388	1978	0.30678	0.26426	0.015464	0	0.10192	0.020619	0.50555	1	0.81131	2359	0.020619	0.056701	0	0	0.25178	0	0	388	0.025773	0.020619	0.27015	0	0	388	0.0077519	0	0.23013	0	0.0025773	387
498543	0																																		
498609	0																																		
498675	0																																		
498851	1	11	9	165	1307	0.10717	0.22676	0.030303	0	0.088368	0.0060606	0.76511	1	0.98715	715	0.036364	0.10909	0	0	0.26734	0.0060606	0	165	0	0	0.27728	0.0060606	0	165	0.0060606	0	0.19951	0.0060606	0	165
499115	1	6	6	83	367.12	0.062021	0.10847	0	0	0.11985	0	2.7239	1	1	329	0.14458	0.13253	0	0	0.22349	0	0	83	0	0	0.1697	0	0	83	0	0	0.20712	0	0	83
499423	1	35	27	234	2072.3	0.42476	0.26274	0.029915	0	0.26595	0.008547	1.4477	3	0.9206	1253	0.068376	0.30342	0.008547	0	0.25887	0	0	234	0.0089286	0.0089286	0.24536	0	0.042735	224	0.0042735	0	0.24248	0	0	234
499511	0																																		
499577	1	13	21	775	3312.7	0.55773	0.3319	0.016774	0	0.1294	0.016774	0.90561	3	0.98414	4459	0.021935	0.099355	0.011613	0.003871	0.23201	0.0064516	0	775	0.01292	0.0064599	0.25318	0.0064599	0.0012903	774	0.002611	0.0013055	0.24799	0.0065274	0.011613	766
500039	0																																		
500083	1	3	6	68	249.49	0.21443	0.044262	0	0	0.19757	0	0	0	0.82007	664	0.058824	0.16176	0	0	0.16863	0	0.014706	67	0	0	0.25023	0	0	68	0	0	0.23816	0	0	68
500149	1	17	3	285	954.95	0.13578	0.04526	0	0	0.18558	0	0	0	0.50426	3438	0.0035088	0.035088	0	0	0.23055	0	0	285	0	0	0.27779	0	0	285	0	0	0.23193	0	0.0070175	283
500391	0																																		
500567	1	13	9	99	1513.8	0.039582	0.22217	0.020202	0	0.21978	0.040404	0.6606	1	0.9619	573	0.050505	0.20202	0	0	0.20799	0	0	99	0.030303	0.030303	0.24527	0	0	99	0	0	0.26707	0.010309	0.020202	97
500589	0																																		
500655	0																																		
500677	0																																		
501007	0																																		
501315	0																																		
501711	1	13	27	394	2960.7	0.0034998	0.13743	0.038071	0.0050761	0.17767	0.020305	0	0	0.75481	2841	0.015228	0.17259	0.015228	0.0050761	0.25355	0	0	394	0.022843	0.020305	0.24687	0	0	394	0.0050761	0.0050761	0.20069	0	0	394
502019	1	9	5	340	1866.7	0.29263	0.29861	0.035294	0.014706	0.11618	0.079412	0	0	0.98863	1684	0.0058824	0.11471	0	0	0.20705	0	0	340	0.073529	0.067647	0.23509	0.0029412	0	340	0.016854	0.016854	0.25498	0	0.47647	178
502085	0																																		
502261	0																																		
502283	0																																		
502525	1	19	6	127	428.2	0.15349	0.048902	0.023622	0	0.19505	0.007874	0	0	0.90715	823	0	0.11024	0.007874	0	0.26212	0	0	127	0.0079365	0.0079365	0.24022	0	0.007874	126	0	0	0.23921	0	0	127
502701	0																																		
502833	0																																		
502877	0																																		
502921	1	10	24	231	1639.6	0.084106	0.13988	0	0	0.12028	0	1.8297	3	0.99608	1050	0.090909	0.22078	0.004329	0	0.2608	0	0	231	0.004329	0	0.24005	0	0	231	0	0	0.15491	0	0	231
502965	0																																		
