event	has	main_cid	n_union	rows	len_cm	uncov	uncov_union	P1	P1_2	ridge_med	P2	P3	holes	P4	img_pts	qneg	wig1	R2D_U	R2Dpm1_U	med_d_U	noslice_U	dead_U	nlive_U	R2D_V	R2Dpm1_V	med_d_V	noslice_V	dead_V	nlive_V	R2D_W	R2Dpm1_W	med_d_W	noslice_W	dead_W	nlive_W
48301	0																																		
48367	1	19	28	624	2255.9	0.17027	0.36083	0.065705	0.017628	0.25676	0.041667	3.103	7	0.76205	4593	0.060897	0.15865	0.038462	0.030449	0.2496	0	0	624	0.014423	0.0080128	0.23224	0	0	624	0.016556	0.0066225	0.24823	0	0.032051	604
48565	0																																		
48895	1	17	8	326	2229.5	0.20167	0.051928	0.006135	0	0.18963	0	0	0	0.57666	4033	0.006135	0.042945	0	0	0.24653	0	0	326	0	0	0.24592	0	0	326	0	0	0.24198	0	0.0092025	323
49445	0																																		
49467	0																																		
49511	0																																		
49709	0																																		
49885	0																																		
49951	1	16	13	221	1352.4	0.13715	0.31535	0.031674	0	0.12732	0.031674	2.2183	3	0.99685	1078	0.099548	0.14932	0.022624	0.013575	0.23417	0.0090498	0	221	0.027149	0.0181	0.25714	0.0090498	0	221	0.0090909	0.0045455	0.24092	0.0090909	0.0045249	220
50017	0																																		
50303	1	12	12	130	1904	0.35563	0.21466	0	0	0.10967	0.030769	0.52521	1	0.97293	643	0.046154	0.17692	0	0	0.25152	0	0	130	0.015625	0.015625	0.25495	0	0.015385	128	0	0	0.242	0.015625	0.015385	128
50523	0																																		
50743	1	17	8	32	629.18	0.027158	0.086438	0	0	0.1602	0	0	0	1	94	0.0625	0.375	0	0	0.1601	0	0	32	0	0	0.23061	0	0	32	0	0	0.13663	0	0	32
50765	0																																		
50787	1	6	3	90	667.07	0.10691	0.076947	0	0	0.088427	0.011111	1.4991	1	1	458	0.044444	0.044444	0	0	0.28045	0	0	90	0.022222	0.011111	0.21331	0	0	90	0	0	0.19276	0	0	90
50809	0																																		
50831	1	14	11	73	668.68	0.01811	0.085258	0	0	0.10719	0	1.4955	1	1	294	0.10959	0.28767	0	0	0.23446	0	0	73	0	0	0.26439	0	0	73	0	0	0.1491	0	0	73
50919	0																																		
51051	1	19	5	451	1739.5	0.31565	0.29755	0	0	0.071011	0.0066519	0.57488	1	0.98575	2275	0.0088692	0.019956	0.0022173	0	0.22882	0.0044346	0	451	0.0044346	0.0022173	0.25387	0.0044346	0	451	0.0022222	0.0022222	0.23467	0.0044444	0.0022173	450
51469	0																																		
51513	1	16	8	166	937.42	0.02403	0.1491	0	0	0.067517	0	1.0668	1	1	698	0.036145	0.11446	0	0	0.23216	0.024096	0	166	0	0	0.24034	0.024845	0.03012	161	0	0	0.20132	0.024242	0.0060241	165
51865	1	20	8	34	1386.9	0.092866	0.12188	0	0	0.1482	0	0.72103	1	1	104	0.14706	0.29412	0	0	0.32854	0	0	34	0	0	0.32901	0	0	34	0	0	0.15824	0	0	34
52085	1	6	8	284	1009.1	0.0565	0.19327	0.014085	0	0.079054	0.024648	0.99101	1	0.94253	1538	0.014085	0.045775	0.0070423	0.0070423	0.24899	0	0	284	0.024648	0.024648	0.26496	0	0	284	0.010563	0.0070423	0.24498	0	0	284
52195	0																																		
52613	0																																		
52657	1	23	6	210	879.83	0.46834	0.26791	0	0	0.1055	0.019048	0	0	0.98928	1151	0.019048	0.07619	0	0	0.25752	0	0	210	0.019048	0.019048	0.28139	0	0	210	0	0	0.21722	0	0	210
52723	1	7	4	132	232.16	0.013302	0.027871	0	0	0.089572	0	0	0	1	592	0	0.068182	0	0	0.26013	0	0	132	0	0	0.23998	0	0	132	0	0	0.25581	0	0	132
53361	1	27	6	244	1236.8	0.096727	0.1265	0	0	0.069907	0	0	0	0.99965	1194	0.0081967	0.04918	0	0	0.26	0	0	244	0	0	0.28501	0	0	244	0	0	0.23192	0	0	244
53427	1	14	4	374	803.99	0.023006	0.13651	0	0	0.094951	0.0053476	0	0	0.99391	1989	0	0.029412	0.0053476	0.0026738	0.25509	0	0	374	0.0056818	0.0056818	0.23623	0	0.058824	352	0.0053476	0.0026738	0.21224	0	0	374
53493	0																																		
53581	0																																		
53713	1	15	10	42	1403.2	0.096619	0.20315	0	0	0.13477	0	0	0	1	137	0.095238	0.40476	0	0	0.22202	0	0	42	0	0	0.15728	0	0	42	0	0	0.099105	0	0	42
53779	0																																		
53955	0																																		
54175	1	18	17	442	2026.9	0.41491	0.12829	0	0	0.082852	0	0.49337	1	0.97909	2161	0.020362	0.11538	0	0	0.23153	0	0	442	0.0025	0	0.24277	0	0.095023	400	0	0	0.2332	0	0.10407	396
54209	0																																		
54285	0																																		
54341	1	18	28	447	3293.4	0.15418	0.25945	0.029083	0	0.25418	0.022371	0.30364	1	0.81044	2493	0.035794	0.23266	0.013423	0.013423	0.23321	0	0	447	0.026846	0.01566	0.28169	0	0	447	0.0022371	0	0.21738	0	0	447
54351	1	17	6	232	1121.8	0.023323	0.16712	0.034483	0	0.13435	0.012931	0	0	0.83719	1206	0	0.11638	0.012931	0	0.25585	0	0	232	0.030172	0.012931	0.27055	0	0	232	0.0043103	0	0.23776	0	0	232
54505	0																																		
54527	0																																		
55231	0																																		
55539	1	18	6	690	1791	0.48631	0.34585	0.0086957	0	0.067657	0.0014493	0.55834	1	1	3606	0.015942	0.030435	0	0	0.26099	0	0.0028986	688	0.0014514	0.0014514	0.2366	0	0.0014493	689	0	0	0.24287	0	0.0014493	689
55583	0																																		
55595	1	8	8	395	1941	0.12262	0.16697	0.017722	0	0.19372	0.017722	0.5152	1	0.74914	3303	0.020253	0.060759	0.0050633	0	0.25361	0	0	395	0.017766	0.017766	0.26612	0	0.0025316	394	0	0	0.23289	0	0.010127	391
55627	1	22	6	364	1464.8	0.22559	0.38384	0.019231	0	0.075104	0.0054945	0	0	1	1682	0	0.046703	0	0	0.24292	0	0	364	0.0060241	0.0060241	0.25882	0.003012	0.087912	332	0	0	0.23974	0	0.010989	360
55693	0																																		
55715	1	15	13	180	2005.1	0.1263	0.169	0.05	0	0.15359	0.022222	0.99748	2	0.9559	971	0.088889	0.18889	0	0	0.21394	0	0	180	0.014599	0.0072993	0.24832	0	0.23889	137	0.022222	0.016667	0.18782	0	0	180
55925	0																																		
55957	1	13	3	12	43.262	0.09442	0.078729	0	0	0.11506	0	23.115	1	1	31	0.33333	0.16667	0	0	0.30019	0	0	12	0	0	0.14746	0	0	12	0	0	0.19768	0	0	12
56211	1	11	4	51	216.82	0.014316	0.0035789	0	0	0.11445	0	0	0	0.97337	318	0	0.13725	0	0	0.24381	0	0	51	0	0	0.24072	0	0	51	0	0	0.28598	0	0	51
56243	1	9	29	378	1936.8	0.17111	0.23899	0	0	0.099587	0.010582	0	0	0.97417	2008	0.018519	0.18519	0.0026455	0.0026455	0.24437	0	0	378	0.0053619	0.0080429	0.26097	0.0053619	0.013228	373	0.0080214	0.0053476	0.21637	0	0.010582	374
56299	0																																		
56353	0																																		
56387	0																																		
56463	1	14	18	927	3707.3	0.37951	0.23844	0.0032362	0	0.082124	0.011866	0.53948	2	0.80993	5072	0.01726	0.052859	0.0032397	0.0032397	0.26033	0.0043197	0.0010787	926	0.0054054	0.0054054	0.2501	0.0043243	0.0021575	925	0.0010905	0.0010905	0.24898	0.0043621	0.010787	917
56519	0																																		
57245	0																																		
57311	0																																		
57333	0																																		
57355	0																																		
57441	1	20	10	208	900.31	0.32892	0.29718	0	0	0.094241	0	0	0	1	1127	0	0.091346	0	0	0.23651	0	0	208	0	0	0.22405	0	0.0048077	207	0	0	0.21654	0	0	208
57485	1	16	5	177	1004.6	0.17652	0.039576	0	0	0.16135	0	0.9954	1	0.84402	1256	0.033898	0.096045	0	0	0.26944	0	0	177	0	0	0.22409	0	0	177	0	0	0.20925	0	0.10734	158
57487	0																																		
57575	1	12	7	548	1101.7	0.049061	0.081277	0.020073	0	0.16666	0.0072993	1.8154	2	0.96557	3745	0.014599	0.018248	0.0018315	0.0018315	0.25035	0	0.0036496	546	0.007619	0.0038095	0.24262	0	0.041971	525	0.01476	0.0055351	0.24382	0	0.010949	542
57661	1	18	14	381	4168.4	0.4054	0.63258	0.03937	0.0026247	0.11007	0.076115	1.1995	5	0.98855	1747	0.086614	0.15748	0.026247	0.013123	0.27889	0.018373	0	381	0.011019	0.0027548	0.2527	0.013774	0.047244	363	0.032967	0.041209	0.25653	0.032967	0.044619	364
57883	1	16	3	285	716.86	0.16728	0.28392	0.017544	0	0.10371	0.010526	0	0	0.95183	1807	0.017544	0.045614	0	0	0.22715	0	0	285	0.0035714	0	0.26572	0	0.017544	280	0.010526	0.010526	0.24329	0	0	285
57903	1	14	8	205	1051.3	0.009467	0.043533	0.004878	0	0.17886	0.004878	0	0	0.45356	1374	0.0097561	0.073171	0.004878	0.004878	0.22701	0	0	205	0	0	0.27626	0	0	205	0	0	0.18358	0	0.019512	201
57949	0																																		
58169	0																																		
58211	0																																		
58255	0																																		
58321	1	19	3	401	982.54	0.16586	0.077869	0.057357	0.044888	0.075535	0.0798	0	0	0.98783	2079	0.0049875	0.032419	0.029925	0.014963	0.24177	0	0	401	0.088161	0.080605	0.27912	0	0.0099751	397	0.0049875	0.0024938	0.18069	0	0	401
58343	0																																		
58345	1	7	4	118	231.46	0.045704	0.12255	0.084746	0	0.31384	0.0084746	8.6407	2	0.91196	781	0.15254	0.033898	0.016949	0.0084746	0.25518	0	0	118	0.025424	0.0084746	0.2365	0	0	118	0.008547	0.008547	0.21381	0	0.0084746	117
58433	0																																		
58519	0																																		
58543	0																																		
58607	1	23	14	81	1484.8	0.45973	0.11747	0.074074	0	0.16102	0	1.347	2	0.42951	509	0.11111	0.30864	0.012346	0	0.21611	0.012346	0	81	0.012346	0	0.25413	0.012346	0	81	0.012346	0	0.11761	0.012346	0	81
58653	1	4	8	186	594.9	0.1473	0.15974	0	0	0.11247	0.010753	1.681	1	1	1072	0.032258	0.080645	0.011299	0.011299	0.26001	0	0.048387	177	0.0053763	0.0053763	0.25809	0	0	186	0	0	0.20795	0	0.026882	181
58667	0																																		
58711	0																																		
58717	1	21	5	64	1240.6	0.069895	0.26819	0.046875	0	0.14612	0.015625	0	0	0.95618	341	0.03125	0.1875	0.016129	0.016129	0.23042	0	0.03125	62	0.015625	0.015625	0.23403	0	0	64	0.015625	0.015625	0.21561	0	0	64
58755	1	30	15	180	1449.7	0.49709	0.35438	0.022222	0	0.32635	0	1.3796	2	0.92703	1018	0.083333	0.26111	0.0055556	0	0.24381	0	0	180	0.018293	0	0.2512	0	0.088889	164	0.0055556	0	0.21989	0	0	180
58777	0																																		
58821	0																																		
58997	0																																		
59003	1	19	4	531	1109.3	0.054344	0.20845	0.007533	0	0.11083	0.007533	0	0	0.92538	3984	0	0.007533	0.0056497	0.0037665	0.23758	0	0	531	0.0059642	0.0059642	0.25238	0	0.052731	503	0.0056926	0.0037951	0.2556	0	0.007533	527
59019	0																																		
59025	1	19	6	650	2149.8	0.41596	0.15284	0.0030769	0	0.077802	0.0061538	0	0	0.98524	3369	0	0.026154	0.0092308	0.0061538	0.24926	0	0	650	0.0030864	0.0015432	0.29071	0	0.0030769	648	0.0031056	0.0015528	0.23196	0	0.0092308	644
59047	0																																		
59063	0																																		
59069	0																																		
59085	1	84	4	76	119.41	0.47312	0.19999	0.039474	0	0.35794	0.039474	0	0	0.87204	601	0	0.10526	0	0	0.27611	0	0	76	0.016667	0.016667	0.22989	0	0.21053	60	0.053571	0.035714	0.26897	0	0.26316	56
59093	1	15	15	283	1262.6	0.3112	0.2668	0	0	0.11887	0.010601	2.3761	3	0.99984	1313	0.063604	0.12014	0.0070671	0.0035336	0.26308	0.0035336	0	283	0.010601	0.010601	0.21696	0.0070671	0	283	0	0	0.23326	0.0071429	0.010601	280
59179	1	15	5	323	1265.5	0.24406	0.3328	0.018576	0.018576	0.066737	0.01548	0.79022	1	0.97926	1535	0.012384	0.034056	0.003096	0	0.25883	0	0	323	0.018576	0.01548	0.25518	0	0	323	0	0	0.24458	0	0.012384	319
59247	1	15	3	282	848.97	0.056618	0.028354	0	0	0.06242	0.0035461	0	0	1	1587	0	0.031915	0.0035587	0	0.25467	0	0.0035461	281	0.0037594	0.0037594	0.27165	0	0.056738	266	0	0	0.22519	0.0035461	0	282
59261	1	11	10	204	2078.6	0.083601	0.24871	0.034314	0	0.077521	0.029412	0.9622	2	1	898	0.078431	0.10784	0	0	0.26499	0.02451	0	204	0	0	0.26591	0.02451	0	204	0.004902	0.004902	0.21517	0.02451	0	204
59335	1	11	13	175	1758.7	0.021377	0.13174	0	0	0.14736	0.017143	0.56859	1	0.9794	907	0.04	0.14286	0	0	0.21183	0	0.0057143	174	0.017143	0.017143	0.25291	0	0	175	0	0	0.19327	0	0.0057143	174
59371	1	8	8	242	1343	0.018596	0.17099	0	0	0.10472	0.0082645	0.74462	1	0.98586	1285	0.033058	0.066116	0.0041322	0.0041322	0.25464	0	0	242	0.0082645	0.0082645	0.2657	0	0	242	0.0082645	0.0082645	0.25842	0	0	242
59377	0																																		
59415	0																																		
59459	0																																		
59553	1	10	10	159	1006.2	0.15444	0.015444	0	0	0.083153	0	0	0	0.90114	887	0.012579	0.1195	0	0	0.2353	0	0	159	0	0	0.26803	0	0	159	0	0	0.25656	0	0.0062893	158
59663	0																																		
59685	1	6	3	356	668.62	0.026313	0.27789	0	0	0.07368	0	0	0	0.99858	1752	0	0.008427	0	0	0.2454	0	0	356	0.002809	0	0.264	0	0	356	0	0	0.23277	0	0.011236	352
59723	0																																		
59753	1	14	14	56	382.01	0.24274	0.18601	0	0	0.1225	0	2.6177	1	1	156	0.10714	0.42857	0	0	0.35652	0	0	56	0	0	0.13795	0	0	56	0	0	0.17089	0	0	56
59773	0																																		
59789	0																																		
59795	0																																		
59863	0																																		
59899	1	5	3	79	124.58	0.045291	0.073287	0	0	0.097352	0	0	0	1	422	0	0.050633	0	0	0.24106	0	0	79	0	0	0.23101	0	0	79	0	0	0.23144	0	0	79
59929	1	20	14	303	1549.6	0.27356	0.24401	0.013201	0	0.06148	0.023102	0	0	0.99116	1561	0.019802	0.10231	0.02	0.02	0.27409	0.0033333	0.009901	300	0.019934	0.019934	0.23042	0.0033223	0.0066007	301	0.0033003	0.0033003	0.23119	0.0033003	0	303
60017	1	7	3	95	182.67	0.24573	0.32432	0.021053	0	0.10532	0.021053	0	0	1	447	0.010526	0.063158	0	0	0.22191	0	0.031579	92	0.010526	0.010526	0.28668	0.010526	0	95	0.010526	0.010526	0.25676	0	0	95
60119	0																																		
60345	0																																		
60369	0																																		
60559	0																																		
60669	1	17	5	200	1058.8	0.072743	0.085445	0.005	0	0.10144	0	0.94449	1	0.99477	1020	0.02	0.07	0	0	0.24158	0	0	200	0	0	0.23213	0	0	200	0	0	0.25845	0	0.085	183
60763	0																																		
60933	1	18	6	300	854.74	0.17755	0.045197	0.0033333	0	0.073191	0.0066667	0	0	0.99432	1617	0.0066667	0.056667	0.01	0	0.24787	0	0	300	0.014337	0.0071685	0.25548	0	0.07	279	0.010033	0.0033445	0.23619	0	0.0033333	299
60985	0																																		
61071	1	4	4	18	175.85	0.013293	0.028219	0	0	0.086029	0.055556	0	0	1	63	0.11111	0.27778	0	0	0.33437	0	0	18	0.055556	0.055556	0.20059	0	0	18	0	0	0.18474	0	0	18
61093	0																																		
61307	0																																		
61313	0																																		
61351	1	17	7	629	1624	0.23734	0.1031	0	0	0.092993	0.0031797	0	0	1	3150	0	0.020668	0	0	0.23088	0	0	629	0.0049342	0.0032895	0.24334	0	0.033386	608	0	0	0.24431	0	0.0063593	625
61417	1	9	7	325	1477.8	0.037322	0.14208	0.0092308	0	0.099597	0	0	0	0.98633	1658	0.0061538	0.052308	0	0	0.22121	0	0	325	0.0092308	0	0.25002	0	0	325	0	0	0.24325	0	0	325
61461	1	10	14	355	2098.3	0.08983	0.15149	0.030986	0	0.10912	0.0028169	0.95315	2	0.94624	1855	0.042254	0.14648	0.0028169	0.0028169	0.25427	0	0	355	0.0028169	0.0028169	0.23236	0	0	355	0.0028169	0	0.21534	0	0	355
61483	0																																		
61579	1	20	18	439	1510.4	0.17513	0.26326	0.015945	0	0.089522	0.027335	0	0	0.93405	2526	0	0.12073	0.018223	0.013667	0.24911	0	0	439	0.020501	0.013667	0.24451	0.0045558	0	439	0.0068966	0.0068966	0.24334	0.0045977	0.0091116	435
61637	0																																		
61681	1	2	3	204	373.83	0.052679	0.23502	0	0	0.057182	0	0	0	1	927	0	0.02451	0	0	0.25666	0	0	204	0	0	0.26084	0	0	204	0	0	0.19251	0	0	204
61711	0																																		
61843	1	17	20	230	2435.6	0.26684	0.31362	0.06087	0	0.24684	0.0086957	0	0	0.72291	1774	0.021739	0.26087	0	0	0.24032	0	0	230	0.0086957	0.0086957	0.25658	0	0	230	0	0	0.16799	0	0	230
61997	0																																		
62011	0																																		
62019	0																																		
62149	1	13	5	301	691.44	0.37406	0.37591	0	0	0.10543	0.016611	0	0	0.90778	1870	0.0066445	0.066445	0	0	0.24004	0	0	301	0.016611	0.016611	0.24891	0	0	301	0.0033223	0	0.1678	0	0	301
62209	0																																		
62231	0																																		
62281	1	19	3	255	1145.3	0.39634	0.41525	0.039216	0	0.11389	0.019608	0.87315	1	0.91703	1437	0.015686	0.05098	0	0	0.2523	0	0	255	0.027451	0.0078431	0.25957	0	0	255	0.023529	0.011765	0.14971	0	0	255
62303	0																																		
62327	0																																		
62429	0																																		
62459	1	10	5	404	933.68	0.4833	0.30007	0.022277	0	0.078816	0.0074257	0	0	0.88001	2419	0.0049505	0.037129	0.0049505	0.0049505	0.25119	0.0024752	0	404	0.0074627	0.0049751	0.24455	0.0024876	0.0049505	402	0.0049505	0.0049505	0.24527	0.0024752	0	404
62473	0																																		
62495	1	16	11	202	699.24	0.030375	0.15488	0.014851	0	0.11078	0	1.4301	1	0.99397	1026	0.019802	0.12376	0	0	0.23001	0.0049505	0	202	0	0	0.25914	0.0049505	0	202	0	0	0.21753	0.0049505	0	202
62561	1	15	2	8	182.02	0.082268	0.047111	0	0	0.13749	0	0	0	1	33	0	0	0	0	0.1584	0	0	8	0	0	0.076973	0	0	8	0	0	0.35773	0	0	8
62583	1	25	32	230	3403.6	0.11244	0.18202	0.030435	0	0.17976	0.065217	1.1752	4	0.99083	979	0.095652	0.33478	0.030435	0.0086957	0.2611	0.0043478	0	230	0.052863	0.035242	0.27801	0.0044053	0.013043	227	0.013158	0.017544	0.22621	0.030702	0.0086957	228
62613	1	17	5	524	1403.1	0.13287	0.20195	0.009542	0	0.22161	0.015267	0.71269	1	0.32442	11588	0.028626	0.017176	0.0038168	0.0019084	0.23592	0.0019084	0	524	0.001912	0.001912	0.26918	0.001912	0.0019084	523	0.015296	0.015296	0.22903	0.001912	0.0019084	523
62721	1	16	12	52	602.01	0.095742	0.10316	0	0	0.10197	0	0	0	0.96941	186	0	0.44231	0	0	0.29304	0	0	52	0	0	0.26222	0	0.076923	48	0	0	0.15731	0	0	52
62825	0																																		
62943	0																																		
62979	0																																		
63097	0																																		
63163	1	6	10	364	1199	0.040645	0.18051	0.024725	0	0.18613	0	0.83403	1	0.74836	3439	0.0082418	0.063187	0	0	0.25033	0	0.0082418	361	0	0	0.23763	0	0.0027473	363	0	0	0.26673	0	0.0054945	362
63273	0																																		
63359	1	3	4	56	239.97	0.23142	0.12506	0	0	0.074726	0	0	0	1	289	0	0.125	0.017857	0	0.24028	0	0	56	0.017857	0	0.25951	0	0	56	0.028571	0	0.27579	0	0.375	35
63427	1	18	6	200	1675.8	0.18666	0.17797	0	0	0.064393	0	0	0	1	1046	0.01	0.08	0	0	0.2538	0	0	200	0	0	0.2315	0	0	200	0	0	0.21623	0	0.005	199
63493	0																																		
63515	0																																		
63537	1	2	10	42	194.07	0.48063	0.37417	0.14286	0	0.25507	0.16667	0	0	0.80275	97	0.047619	0.35714	0.047619	0.02381	0.27749	0	0	42	0.16667	0.14286	0.24942	0	0	42	0.095238	0.047619	0.17129	0	0	42
63551	1	6	2	169	275.74	0.029844	0.014922	0	0	0.28198	0.011834	0	0	0.46203	1922	0	0	0	0	0.22371	0	0	169	0.011905	0.011905	0.26403	0	0.0059172	168	0	0	0.25819	0	0.017751	166
63559	1	11	17	346	1825.8	0.071236	0.18936	0	0	0.12466	0.0057803	0.54771	1	0.99858	1513	0.014451	0.10116	0.0028902	0	0.21826	0	0	346	0.0086705	0.0057803	0.24538	0	0	346	0	0	0.2184	0	0	346
63581	0																																		
63603	1	13	2	259	652.11	0.0025435	0.0012718	0.003861	0	0.063801	0.023166	0	0	1	1298	0.007722	0.023166	0.030888	0.023166	0.25905	0	0	259	0	0.003861	0.25752	0.003861	0	259	0.003861	0.003861	0.26686	0	0	259
63669	1	5	12	364	2876.5	0.60673	0.21106	0.0027473	0	0.099982	0	0.69528	2	0.98273	2127	0.032967	0.071429	0	0	0.25427	0	0	364	0	0	0.24923	0	0	364	0	0	0.23106	0	0.0027473	363
63711	0																																		
63947	0																																		
64057	0																																		
64079	0																																		
64107	0																																		
64409	1	8	32	468	3805	0.25494	0.29425	0.09188	0	0.33717	0.040598	1.0513	4	0.70621	4908	0.047009	0.23718	0.023555	0.021413	0.24975	0	0.0021368	467	0.036797	0.025974	0.27895	0	0.012821	462	0.0021413	0.0021413	0.24521	0	0.0021368	467
64453	0																																		
64475	1	23	7	521	1698.3	0.073033	0.19827	0.015355	0	0.11046	0.0019194	0	0	0.94674	3082	0.0057582	0.049904	0.0019194	0	0.22968	0	0	521	0.0038388	0.0019194	0.2385	0	0	521	0	0	0.24411	0	0.047985	496
64503	1	9	4	98	339.63	0.0037098	0.00092745	0	0	0.11366	0	0	0	0.99893	447	0	0.071429	0	0	0.24363	0	0	98	0	0	0.23807	0	0	98	0	0	0.14112	0	0	98
64591	1	17	22	585	3835.7	0.32146	0.19815	0.017094	0	0.14605	0.0034188	0.52142	2	0.94101	3758	0.020513	0.16068	0.0034188	0.0017094	0.22765	0	0	585	0.0052083	0.0017361	0.25277	0	0.015385	576	0.0035211	0	0.24239	0	0.02906	568
64613	1	3	3	12	87.821	0.46598	0.15533	0	0	0.21281	0.083333	0	0	1	29	0.33333	0.16667	0	0	0.21019	0	0	12	0.083333	0.083333	0.20852	0	0	12	0.083333	0.083333	0.28657	0	0	12
64701	0																																		
64717	1	17	17	157	1548.6	0.035059	0.14441	0	0	0.13675	0.025478	1.2915	2	0.9998	789	0.10191	0.21019	0	0	0.23911	0	0	157	0	0	0.23339	0	0	157	0.025641	0.025641	0.20209	0	0.0063694	156
64921	1	62	15	347	1442.7	0.064666	0.21768	0.0086455	0	0.11015	0.0086455	1.3863	2	0.95229	1861	0.028818	0.12104	0.0028818	0	0.23259	0	0	347	0.0086455	0.0086455	0.23299	0	0	347	0	0	0.23519	0	0.0028818	346
64959	1	19	2	153	516.4	0.43469	0.21734	0	0	0.085991	0.013072	0	0	0.99881	717	0.0065359	0.019608	0.0065359	0.0065359	0.2717	0	0	153	0.013072	0.013072	0.24152	0	0	153	0.013072	0.0065359	0.21454	0	0	153
65018	0																																		
65025	0																																		
65053	1	142	8	262	815.28	0.064211	0.19995	0.01145	0	0.084811	0	0	0	0.99641	1193	0.01145	0.12595	0	0	0.2144	0	0	262	0.004329	0	0.26356	0	0.11832	231	0.0038314	0	0.22871	0	0.0038168	261
65267	1	15	8	48	623.09	0.16402	0.2696	0	0	0.16142	0.041667	1.6049	1	0.93599	175	0.083333	0.29167	0	0	0.24826	0	0	48	0.041667	0.041667	0.27335	0	0	48	0	0	0.32526	0	0	48
65289	1	18	17	363	1791.6	0.17563	0.35268	0.019284	0	0.20012	0.013774	0	0	0.63072	3885	0.0055096	0.1157	0.0055096	0.0027548	0.23424	0	0	363	0.0035971	0	0.2641	0	0.23416	278	0.011111	0.011111	0.26228	0	0.0082645	360
65295	1	13	2	114	138.32	0.053609	0.20972	0	0	0.23087	0	7.2295	1	0.85561	1100	0.035088	0.026316	0	0	0.24405	0	0	114	0	0	0.2214	0	0	114	0	0	0.23347	0	0	114
65355	0																																		
65612	0																																		
65647	0																																		
65691	0																																		
65788	0																																		
65942	0																																		
65999	1	27	7	117	600.82	0.14909	0.58349	0.094017	0.025641	0.20916	0.16239	1.6644	1	1	466	0.059829	0.17094	0.034188	0.008547	0.24131	0.008547	0	117	0.078261	0.052174	0.26649	0.0086957	0.017094	115	0.13265	0.11224	0.2167	0.010204	0.16239	98
66043	0																																		
66087	0																																		
66118	1	9	3	157	428.07	0.077654	0.29545	0	0	0.099583	0	0	0	0.99827	713	0.019108	0.050955	0	0	0.25616	0	0	157	0	0	0.25939	0	0	157	0	0	0.34105	0	0	157
66272	1	24	6	63	419.17	0.32248	0.1004	0.015873	0	0.20269	0.063492	2.3856	1	0.95972	288	0.14286	0.2381	0.015873	0.015873	0.2038	0	0	63	0.063492	0.063492	0.33594	0	0	63	0.015873	0.015873	0.21101	0	0	63
66329	0																																		
66338	0																																		
66461	0																																		
66571	0																																		
66615	0																																		
66624	0																																		
66646	1	14	3	51	224.47	0.15852	0.052841	0	0	0.14727	0	0	0	1	218	0.039216	0.098039	0	0	0.21303	0	0	51	0	0	0.25773	0	0	51	0	0	0.13559	0	0	51
66712	1	11	4	219	482.34	0.052928	0.17708	0.15068	0.13242	0.14999	0.073059	0	0	0.96966	1092	0.0045662	0.068493	0.0091324	0.0091324	0.22891	0.073059	0	219	0	0	0.25215	0	0.0091324	217	0	0	0.24101	0	0.0091324	217
66822	0																																		
66954	0																																		
67108	0																																		
67152	0																																		
67394	1	19	21	360	2281.6	0.050061	0.21197	0.033333	0	0.22935	0.0055556	0.43829	1	0.76599	2717	0.027778	0.24167	0.0055556	0.0055556	0.2211	0	0	360	0.002809	0.002809	0.27154	0	0.011111	356	0.005618	0.005618	0.23478	0	0.011111	356
67746	0																																		
67922	0																																		
67988	0																																		
68054	0																																		
68362	0																																		
68428	0																																		
68516	0																																		
68648	1	15	2	223	720.65	0.29188	0.14594	0.0044843	0	0.12416	0	0	0	0.99952	1243	0	0.049327	0	0	0.27374	0	0	223	0	0	0.24942	0	0.022422	218	0	0	0.23841	0	0	223
68714	1	5	2	176	287.33	0.1547	0.10532	0	0	0.12502	0	0	0	0.96146	1083	0.0056818	0.028409	0	0	0.25585	0	0	176	0	0	0.25607	0	0.0056818	175	0	0	0.24921	0	0.0056818	175
68956	1	16	4	222	756.71	0.20174	0.11627	0	0	0.060229	0	0	0	1	1202	0.009009	0.031532	0	0	0.24671	0	0	222	0	0	0.24056	0	0	222	0	0	0.22722	0	0.0045045	221
68978	1	18	3	283	844.83	0.14062	0.046874	0.010601	0	0.11767	0.0035336	0	0	0.99835	1538	0	0.017668	0.0035336	0.0035336	0.24949	0	0	283	0.0035336	0.0035336	0.25733	0	0	283	0.0035461	0.0035461	0.22547	0	0.0035336	282
69000	0																																		
69066	0																																		
69286	0																																		
69308	0																																		
70562	0																																		
70980	0																																		
71046	1	18	9	372	1183.6	0.014166	0.11126	0	0	0.13966	0.0026882	0	0	0.95249	1995	0.0053763	0.045699	0	0	0.24981	0	0	372	0.0026882	0.0026882	0.22629	0	0	372	0	0	0.24212	0	0.0026882	371
71178	1	81	14	169	492.28	0.2989	0.24649	0.094675	0.047337	0.33822	0.076923	2.0314	1	0.89131	945	0.04142	0.27219	0.0059172	0.0059172	0.21918	0	0	169	0.059172	0.029586	0.28927	0	0	169	0.047337	0.047337	0.1522	0	0	169
71222	1	15	12	498	1815.9	0.21339	0.31761	0.034137	0	0.1356	0.024096	0	0	0.7778	3135	0.0040161	0.12048	0.0060241	0.002008	0.23363	0	0	498	0.0080972	0.0040486	0.25186	0	0.0080321	494	0.025581	0.025581	0.24514	0	0.13655	430
71266	1	15	2	165	195.34	0.029775	0.099456	0	0	0.10473	0	0	0	1	890	0	0.018182	0	0	0.23897	0	0	165	0	0	0.22932	0	0	165	0	0	0.26053	0	0.0060606	164
71288	0																																		
71376	0																																		
71486	0																																		
71530	1	17	3	48	399.75	0.51477	0.71733	0	0	0.14488	0	2.5015	1	0.99541	277	0.083333	0.10417	0	0	0.23395	0	0	48	0	0	0.25182	0	0.35417	31	0	0	0.18826	0	0.083333	44
71640	1	9	7	430	1001.8	0.11687	0.29871	0	0	0.13515	0.0023256	0	0	0.86364	3124	0.0023256	0.02093	0.0023256	0.0023256	0.23322	0	0	430	0	0	0.22776	0	0.04186	412	0	0	0.22648	0	0.0023256	429
71882	0																																		
71948	0																																		
72256	1	9	3	145	215.62	0.083612	0.027871	0	0	0.19908	0.0068966	9.2757	2	0.99541	883	0.048276	0.013793	0	0	0.24574	0	0	145	0.0068966	0.0068966	0.3094	0	0	145	0	0	0.24778	0	0	145
72564	0																																		
72586	1	17	21	614	2427.4	0.15592	0.1411	0	0	0.1538	0.011401	0.82394	2	0.94941	4038	0.022801	0.068404	0.0016287	0.0016287	0.24411	0.0016287	0	614	0.0097879	0.0081566	0.23195	0.0016313	0.0016287	613	0.0051635	0.0034423	0.23938	0.0017212	0.053746	581
72828	0																																		
73004	1	15	10	369	2225.1	0.22955	0.23657	0.075881	0.01355	0.16729	0.0271	0.89882	2	0.86561	2165	0.059621	0.11924	0.03523	0.02439	0.25278	0.0054201	0	369	0.0060241	0.003012	0.26834	0	0.10027	332	0.0028011	0.0028011	0.23488	0	0.03252	357
73070	0																																		
73422	0																																		
166650	0																																		
166738	1	16	37	733	3445.4	0.31682	0.31876	0.0068213	0	0.1139	0.012278	0.29024	1	0.8613	4149	0.016371	0.14188	0.0095628	0.0068306	0.25463	0	0.0013643	732	0.012712	0.0084746	0.25715	0	0.034106	708	0.0068213	0.0040928	0.24266	0	0	733
166804	1	9	2	67	405.03	0.056572	0.028286	0	0	0.15089	0	4.9379	2	0.99909	260	0.14925	0.10448	0	0	0.20772	0	0	67	0	0	0.29396	0	0	67	0	0	0.20363	0	0	67
166870	1	10	17	324	1265.9	0.39282	0.21478	0.10185	0	0.4158	0.0092593	3.9498	5	0.72701	3130	0.10802	0.24691	0.012346	0.0030864	0.28087	0	0	324	0.0131	0.0087336	0.27896	0	0.29321	229	0.01875	0	0.24945	0	0.012346	320
167112	1	16	11	180	1400.8	0.30192	0.11818	0.027778	0	0.14833	0.027778	0.71386	1	0.88587	1061	0.044444	0.16111	0	0	0.25279	0	0	180	0.03352	0.022346	0.29228	0	0.0055556	179	0.011364	0.0056818	0.24712	0	0.022222	176
167200	0																																		
167222	0																																		
167354	0																																		
167376	0																																		
167398	0																																		
167640	0																																		
167684	1	10	1	42	67.066	0.40403	0.40403	0.02381	0	0.54164	0.16667	0	0	0.93292	261	0	0.21429	0	0	0.25498	0	0	42	0.071429	0.071429	0.21147	0	0	42	0.14286	0.11429	0.33785	0	0.16667	35
167904	0																																		
168388	0																																		
168410	0																																		
168432	1	19	8	361	850.62	0.24726	0.20162	0.074792	0	0.34053	0	3.5268	3	0.72962	3406	0.083102	0.11634	0.019391	0	0.24234	0	0	361	0.0027855	0	0.21754	0	0.0055402	359	0.0083102	0	0.25108	0	0	361
168526	1	19	39	1261	7939.1	0.26854	0.35898	0.038065	0.001586	0.13542	0.018239	0	0	0.77065	7999	0.001586	0.097542	0.0087302	0.0071429	0.25088	0	0.00079302	1260	0.010543	0.0072993	0.24293	0	0.022205	1233	0.005305	0.0035367	0.2457	0.0017683	0.10309	1131
168614	1	5	2	319	556.02	0.056427	0.028213	0.10031	0.015674	0.35225	0.0031348	0	0	0.19349	4380	0.0031348	0.0094044	0	0	0.25239	0.0031348	0	319	0	0	0.24501	0.0031447	0.0031348	318	0	0	0.23643	0.0031746	0.012539	315
168658	1	12	6	181	617.88	0.21591	0.21602	0	0	0.11533	0.0055249	0	0	1	861	0.01105	0.055249	0.0055249	0.0055249	0.27204	0	0	181	0	0	0.3029	0	0	181	0	0	0.21999	0	0	181
169054	0																																		
169202	0																																		
169208	0																																		
169340	0																																		
169356	1	16	19	468	1984.1	0.22129	0.22457	0.057692	0.021368	0.15633	0.13034	1.512	3	0.89192	2346	0.034188	0.13889	0.006424	0.0042827	0.23063	0	0.0021368	467	0.040598	0.040598	0.2606	0.10897	0	468	0.0066372	0.0044248	0.24293	0	0.034188	452
169488	1	8	12	50	1998.2	0.36987	0.12364	0.08	0	0.14556	0.12	1.0009	2	0.95495	148	0.24	0.4	0.02	0.02	0.21972	0	0	50	0.12	0.12	0.29489	0	0	50	0	0	0.10281	0	0	50
169532	0																																		
169598	1	18	4	173	1073.3	0.027386	0.29909	0	0	0.070505	0.011561	0	0	0.99893	859	0.0057803	0.069364	0.011561	0.011561	0.25685	0	0	173	0.011561	0.011561	0.26769	0	0	173	0.011561	0.011561	0.21416	0	0	173
169620	1	13	9	486	1462.8	0.010154	0.26824	0.026749	0.0061728	0.11773	0.059671	0.68361	1	0.99553	2507	0.010288	0.047325	0.063786	0.05144	0.25933	0.0082305	0	486	0.0041152	0.0041152	0.22787	0.0061728	0	486	0	0	0.23608	0.0082305	0	486
169626	1	22	24	432	2598.1	0.34408	0.24707	0.11111	0.0092593	0.31084	0.030093	2.3094	6	0.70167	3629	0.1088	0.27083	0.027778	0.013889	0.23818	0.0069444	0	432	0.023148	0.011574	0.26398	0.0069444	0	432	0.0092593	0.0023148	0.24311	0.0069444	0	432
169708	0																																		
169736	0																																		
169758	0																																		
169774	1	2	11	64	313.88	0.38055	0.29324	0	0	0.18459	0.015625	3.1859	1	0.96084	290	0.0625	0.32812	0.015625	0.015625	0.17943	0	0	64	0	0	0.24643	0	0	64	0	0	0.20926	0	0	64
169824	1	18	5	642	1612.5	0.21967	0.27312	0.0031153	0	0.077765	0.0093458	0	0	0.97453	3800	0	0.02648	0.0031153	0.0031153	0.25344	0.0031153	0	642	0.0062305	0.0062305	0.26755	0.0031153	0	642	0.0015674	0.0015674	0.22249	0.0031348	0.0062305	638
169846	1	6	9	38	217.87	0.016296	0.060826	0	0	0.14388	0	4.59	1	1	119	0.18421	0.31579	0.026316	0	0.18467	0.026316	0	38	0.026316	0	0.17557	0.026316	0	38	0.026316	0	0.20109	0.026316	0	38
169890	1	21	3	277	661.7	0.099344	0.36645	0.018051	0.018051	0.16345	0.01444	1.5113	1	0.83139	2504	0.021661	0.032491	0.01083	0.01083	0.2486	0.0036101	0	277	0.01083	0.01083	0.2352	0.0036101	0	277	0.010909	0.010909	0.25553	0.0036364	0.0072202	275
170792	1	10	5	202	842.65	0.15729	0.23398	0.024752	0	0.20338	0.009901	3.5602	3	0.72002	1557	0.084158	0.12871	0	0	0.22277	0.0049505	0	202	0.021583	0.0071942	0.26414	0.0071942	0.31188	139	0	0	0.20662	0.0049751	0.0049505	201
170808	1	14	13	237	1478.9	0.17373	0.31793	0.029536	0	0.17765	0.033755	0	0	0.7101	2138	0.021097	0.14346	0	0	0.24669	0	0	237	0.021097	0.0042194	0.2554	0	0	237	0.038136	0.029661	0.23004	0	0.0042194	236
170814	1	18	4	130	237.98	0.1572	0.1518	0.030769	0	0.091889	0.0076923	0	0	0.90472	696	0	0.069231	0.0076923	0.0076923	0.25496	0	0	130	0	0	0.25834	0	0	130	0	0	0.13258	0.015385	0	130
170880	1	13	11	88	2022.2	0.0099408	0.21119	0	0	0.18816	0.068182	0.49451	1	0.70207	432	0.068182	0.22727	0	0	0.30945	0.034091	0	88	0.045455	0.045455	0.27327	0.034091	0	88	0	0	0.20862	0.034091	0	88
170924	1	16	2	73	575.32	0.054608	0.033571	0	0	0.10051	0	0	0	0.98538	458	0	0.041096	0	0	0.23325	0	0	73	0	0	0.31265	0.013699	0	73	0	0	0.19239	0	0	73
170940	0																																		
170984	0																																		
171050	0																																		
171116	0																																		
171144	0																																		
171358	1	10	10	108	2029.2	0.17657	0.25344	0.046296	0	0.31623	0.064815	0.4928	1	0.86135	627	0.046296	0.26852	0.018519	0.018519	0.25048	0.037037	0	108	0.027778	0.0092593	0.24789	0.037037	0	108	0.0092593	0.0092593	0.24556	0.037037	0	108
171446	0																																		
171600	1	14	13	640	2698.9	0.12207	0.1677	0	0	0.1205	0.00625	0.74104	2	0.97175	4134	0.023438	0.032813	0.00625	0.00625	0.26026	0	0	640	0	0	0.24554	0	0.0046875	637	0	0	0.24643	0	0.0046875	637
171892	1	23	3	12	506.71	0	0.007299	0	0	0.11152	0	1.9735	1	1	38	0.5	0.16667	0	0	0.24209	0	0	12	0	0	0.25175	0	0	12	0	0	0.0075838	0	0	12
172090	0																																		
172200	0																																		
172266	1	16	21	379	3252.7	0.15619	0.12248	0.013193	0	0.094767	0.029024	0.30744	1	0.94443	1876	0.021108	0.11082	0.023747	0.021108	0.25413	0.0026385	0	379	0.021108	0.021108	0.24188	0.0026385	0	379	0	0	0.25196	0.0026385	0	379
172414	0																																		
172552	0																																		
172596	0																																		
172656	1	10	14	536	1859.5	0.15068	0.13932	0.0037313	0	0.072481	0.005597	0	0	0.94862	2927	0.005597	0.05597	0.005618	0.0037453	0.26806	0	0.0037313	534	0.0037313	0.0037313	0.24207	0	0	536	0.0074766	0.0037383	0.20296	0	0.0018657	535
172722	0																																		
172788	0																																		
172794	1	50	3	566	1019.9	0.0087273	0.33601	0.0088339	0	0.10441	0.0017668	0.98045	1	0.9064	3583	0.0088339	0.014134	0.0017668	0.0017668	0.25186	0	0	566	0.0021186	0	0.25251	0	0.16608	472	0	0	0.25399	0	0.0070671	562
172832	1	21	16	303	1773.5	0.084344	0.11581	0	0	0.083014	0.009901	1.6915	3	0.98872	1367	0.079208	0.09571	0.009901	0.0066007	0.25302	0	0	303	0.009901	0.009901	0.28253	0	0	303	0	0	0.20125	0	0	303
172860	0																																		
172926	0																																		
172942	1	4	15	241	1128.2	0.27258	0.39513	0.041494	0	0.27439	0.012448	1.7728	2	0.76754	2099	0.045643	0.16183	0.0041494	0.0041494	0.26855	0	0	241	0.013216	0.0088106	0.27127	0	0.058091	227	0	0	0.23664	0	0.012448	238
173058	1	14	23	102	1394.3	0.37817	0.1466	0.019608	0	0.10742	0	1.4344	2	0.99902	360	0.11765	0.46078	0	0	0.30672	0	0	102	0	0	0.20133	0	0	102	0	0	0.16636	0	0.20588	81
173146	1	15	13	342	2371.8	0.054438	0.20405	0	0	0.097062	0.0087719	0.84326	2	0.98777	1689	0.035088	0.10234	0.011696	0.002924	0.25582	0	0	342	0.023599	0.0058997	0.25122	0	0.0087719	339	0.011799	0	0.22535	0	0.0087719	339
173234	1	10	8	438	2123.8	0.30172	0.16174	0.018265	0	0.068167	0.025114	0.47086	1	0.95525	2397	0.03653	0.041096	0.025114	0.022831	0.25822	0	0	438	0.002849	0.002849	0.22017	0	0.19863	351	0.0022883	0.0022883	0.25291	0	0.0022831	437
173256	0																																		
173294	0																																		
173476	0																																		
173498	1	6	4	398	675.66	0.15335	0.35725	0.017588	0	0.14173	0	1.48	1	0.90032	2846	0.017588	0.032663	0	0	0.2492	0	0	398	0.0025126	0	0.24407	0	0	398	0	0	0.2563	0	0	398
173586	0																																		
173718	0																																		
173822	0																																		
173888	0																																		
173982	0																																		
174114	1	17	11	142	1408.2	0.042993	0.29489	0	0	0.16127	0.021127	1.4203	2	0.7453	1057	0.11268	0.14789	0.014085	0.014085	0.22837	0	0	142	0.0070423	0.0070423	0.2624	0	0	142	0.0070423	0.0070423	0.23676	0	0	142
174136	0																																		
174224	1	20	9	658	3076.6	0.15864	0.21771	0.012158	0	0.13678	0.0091185	1.3001	4	0.85769	4882	0.028875	0.069909	0.0030395	0	0.2381	0	0	658	0.0095087	0.0031696	0.23371	0	0.041033	631	0.010736	0.006135	0.26273	0	0.0091185	652
174240	0																																		
174306	0																																		
174422	1	18	4	236	907.24	0.50956	0.28875	0.055085	0.04661	0.16148	0.27119	0	0	0.99718	706	0	0.029661	0.016949	0.016949	0.21103	0.32203	0	236	0	0	0.22829	0	0	236	0	0	0.23194	0	0	236
174488	0																																		
174576	1	5	5	250	499.55	0.088437	0.14671	0	0	0.18954	0	0	0	0.66487	2309	0.004	0.06	0	0	0.25881	0	0	250	0	0	0.26065	0	0	250	0	0	0.23917	0	0.176	206
174642	0																																		
174752	1	48	7	59	1568.6	0.3239	0.18771	0	0	0.16242	0.033898	0	0	0.99764	236	0.033898	0.33898	0	0	0.24949	0	0	59	0.033898	0.033898	0.27714	0	0	59	0	0	0.19597	0	0	59
174878	0																																		
174928	1	9	8	268	725.75	0.096336	0.23556	0.05597	0.0074627	0.19694	0.070896	1.3779	1	0.96558	1323	0.022388	0.097015	0.011194	0.0037313	0.23659	0.0037313	0	268	0.070896	0.052239	0.2638	0.0037313	0	268	0.037453	0.037453	0.23028	0.0037453	0.0037313	267
175016	1	19	7	40	565.43	0.13821	0.019744	0	0	0.15302	0	0	0	1	167	0.05	0.175	0	0	0.21636	0	0	40	0	0	0.22194	0	0	40	0	0	0.31228	0	0	40
175104	0																																		
175428	0																																		
175500	0																																		
175808	1	18	10	280	2401.8	0.1871	0.33598	0	0	0.12257	0.0035714	0.41635	1	0.95191	1537	0.042857	0.071429	0.0035714	0.0035714	0.26572	0	0	280	0	0	0.26245	0	0	280	0.0036101	0	0.23678	0	0.010714	277
175896	1	66	13	198	1429.1	0.16595	0.26083	0.030303	0	0.23042	0	1.3995	2	0.95148	1187	0.040404	0.24242	0.0050505	0	0.24406	0	0	198	0	0	0.27336	0	0	198	0	0	0.21487	0	0	198
175956	0																																		
176022	0																																		
176066	0																																		
176088	0																																		
176132	0																																		
176160	0																																		
276198	0																																		
276330	0																																		
276418	0																																		
276550	0																																		
276638	0																																		
276836	1	11	11	504	2045.4	0.16408	0.31116	0.041667	0.017857	0.072566	0.071429	0.4889	1	1	2301	0.017857	0.051587	0.011905	0.0099206	0.23532	0.0019841	0	504	0.02381	0.017857	0.22327	0.05754	0	504	0.013889	0.0099206	0.18123	0.0019841	0	504
277276	1	8	3	298	1205.3	0.031538	0.011264	0.020134	0	0.16684	0	0	0	0.97806	1783	0	0.087248	0	0	0.23103	0	0	298	0	0	0.21639	0	0	298	0	0	0.26146	0	0.0033557	297
277298	1	17	8	196	1359.7	0.20343	0.066825	0.05102	0	0.19774	0.005102	2.2064	3	0.67855	1350	0.091837	0.14286	0.005102	0.005102	0.24078	0	0	196	0	0	0.24493	0	0	196	0.02551	0	0.24454	0	0	196
277320	0																																		
277782	0																																		
277958	0																																		
278046	1	3	6	95	240.48	0.24118	0.29201	0.13684	0.021053	0.43795	0.12632	0	0	0.86434	697	0.010526	0.26316	0.073684	0.073684	0.29815	0	0	95	0.084211	0.042105	0.24484	0	0	95	0.010989	0.010989	0.27235	0	0.042105	91
278266	0																																		
278398	0																																		
278420	1	18	32	380	1994.2	0.25113	0.16053	0.036842	0.0078947	0.18308	0.031579	0.50145	1	0.63679	3820	0.021053	0.21316	0.010526	0.0026316	0.23841	0	0	380	0.024793	0.022039	0.26023	0.013774	0.044737	363	0	0	0.22778	0	0.0026316	379
278640	0																																		
278662	0																																		
278684	1	10	12	399	2674.1	0.46522	0.29761	0.0050125	0	0.079163	0.0050125	0.37395	1	0.99709	1851	0.012531	0.13033	0.0025063	0.0025063	0.24155	0	0	399	0.0050633	0.0050633	0.2615	0	0.010025	395	0.0025063	0.0025063	0.23141	0	0	399
278785	1	5	10	389	1027.3	0.079006	0.13219	0.048843	0.015424	0.14848	0.025707	0	0	0.85018	2366	0.015424	0.061697	0.028278	0.023136	0.24612	0	0	389	0.0026882	0.0026882	0.27005	0	0.043702	372	0.010309	0.0025773	0.25922	0	0.0025707	388
278794	1	7	26	418	2080.4	0.086707	0.28472	0.021531	0	0.090426	0.023923	1.9227	4	0.98062	1901	0.055024	0.19139	0.019139	0.0095694	0.26626	0	0	418	0.016867	0.014458	0.26232	0	0.007177	415	0.01199	0.0095923	0.22167	0	0.0023923	417
278860	0																																		
278917	0																																		
278939	0																																		
279080	0																																		
279115	0																																		
279124	0																																		
279190	1	17	5	24	258.48	0.00049988	0.1978	0	0	0.083179	0	0	0	1	99	0	0.25	0	0	0.15599	0	0	24	0	0	0.37164	0	0	24	0	0	0.20063	0	0	24
279256	1	15	7	623	2162.7	0.44939	0.16359	0.024077	0.0032103	0.13292	0.011236	3.699	8	0.93053	3488	0.10273	0.046549	0.0016051	0	0.22974	0	0	623	0.027331	0.011254	0.25229	0	0.0016051	622	0.0049261	0	0.26593	0	0.022472	609
279432	0																																		
279445	1	19	9	266	2396	0.16464	0.25399	0.0075188	0	0.082275	0.022556	0.41737	1	1	1140	0.030075	0.056391	0	0	0.2399	0.015038	0	266	0.011321	0.0075472	0.2205	0.015094	0.0037594	265	0	0	0.23138	0.015209	0.011278	263
279564	0																																		
279643	1	20	6	35	1195.2	0.10655	0.10822	0	0	0.17793	0	0	0	1	147	0.11429	0.34286	0	0	0.27297	0	0	35	0	0	0.19156	0	0	35	0	0	0.1896	0	0.057143	33
279797	0																																		
279951	0																																		
280017	1	8	14	90	1298.2	0.035581	0.038823	0	0	0.16839	0	0.77027	1	1	327	0.11111	0.35556	0	0	0.2826	0	0	90	0.011111	0	0.30809	0	0	90	0	0	0.14017	0	0	90
280092	0																																		
280281	0																																		
280466	1	15	18	314	1792	0.20563	0.37151	0.031847	0.019108	0.10924	0.057325	2.2321	4	0.99767	1380	0.098726	0.13057	0.035032	0.035032	0.21408	0.015924	0	314	0.041401	0.031847	0.26406	0.015924	0	314	0.0095541	0.0063694	0.20865	0.015924	0	314
280598	1	15	13	242	2306.4	0.12356	0.15972	0.03719	0	0.20211	0.0082645	0	0	0.86792	1449	0.016529	0.21074	0.0082645	0.0082645	0.23571	0	0	242	0	0	0.248	0	0	242	0	0	0.19038	0	0	242
280752	1	13	12	71	1171.1	0.090577	0.14792	0	0	0.13906	0	0	0	0.92159	335	0.084507	0.26761	0	0	0.23225	0	0	71	0	0	0.25674	0	0.028169	69	0	0	0.1359	0	0	71
280774	1	16	9	215	1091.1	0.12413	0.11495	0.0093023	0	0.12214	0.0046512	0	0	0.98697	1217	0.0046512	0.11163	0.0046948	0	0.26206	0	0.0093023	213	0.0046512	0.0046512	0.25354	0	0	215	0	0	0.23036	0	0.083721	197
280853	1	11	6	147	1810.1	0.007445	0.017449	0	0	0.11101	0.0068027	0.55245	1	0.99808	730	0.040816	0.10884	0.020408	0.0068027	0.23364	0	0	147	0.0068027	0	0.2707	0	0	147	0	0	0.2605	0	0	147
280884	0																																		
280972	1	7	53	1873	5196.6	0.5639	0.4362	0.060865	0.0026695	0.17882	0.029899	1.5395	8	0.74757	15117	0.033102	0.1575	0.011746	0.0090763	0.24809	0	0	1873	0.022436	0.014423	0.26794	0	0.0005339	1872	0.012952	0.0086346	0.2398	0	0.010678	1853
280994	1	18	6	229	1178.3	0.080821	0.19999	0.021834	0	0.20164	0.017467	0.84867	1	0.80101	1728	0.017467	0.034934	0	0	0.24206	0.017467	0	229	0	0	0.23951	0.017467	0	229	0	0	0.27521	0.019048	0.082969	210
281095	0																																		
281148	1	13	3	68	729.23	0.00057818	0.00019273	0	0	0.12826	0	0	0	0.98969	365	0	0.029412	0	0	0.2854	0	0	68	0	0	0.24427	0	0	68	0	0	0.23028	0	0	68
281155	0																																		
281214	1	60	16	357	2168.9	0.071197	0.38949	0.047619	0	0.13571	0.011204	0.46107	1	0.92363	2129	0.042017	0.12325	0.011204	0.011204	0.24943	0.0056022	0	357	0.0028011	0.0028011	0.2579	0.0056022	0	357	0	0	0.25842	0.0056022	0	357
281241	0																																		
281337	1	8	3	12	68.685	0.11955	0.03985	0	0	0.057475	0	14.559	1	1	36	0.33333	0.16667	0	0	0.41361	0	0	12	0	0	0.21855	0	0	12	0	0	0.035319	0	0	12
281485	1	93	30	386	3031.2	0.46543	0.40034	0.07513	0.007772	0.30064	0.023316	1.3196	4	0.91358	2172	0.11917	0.29793	0.018421	0.0052632	0.21813	0	0.015544	380	0.028497	0.010363	0.24973	0	0	386	0.02681	0.0080429	0.22886	0	0.033679	373
281505	1	18	10	221	1839.9	0.036	0.40692	0.0181	0	0.15259	0.040724	1.087	2	0.9462	1134	0.054299	0.085973	0	0	0.2542	0.036199	0	221	0.0045249	0.0045249	0.23279	0.036199	0	221	0	0	0.19525	0.036199	0	221
281507	1	8	6	245	662.56	0.080641	0.16469	0.012245	0	0.067148	0.012245	1.5093	1	0.99604	1094	0.016327	0.04898	0.016327	0.012245	0.24962	0	0	245	0.020408	0.012245	0.26502	0	0	245	0	0	0.26942	0	0	245
281527	1	14	3	309	954.78	0.49042	0.17299	0	0	0.12187	0.0032362	0	0	0.98694	1667	0.0064725	0.02589	0.0032468	0.0032468	0.23811	0	0.0032362	308	0.0032573	0.0032573	0.27624	0	0.0064725	307	0.0032362	0.0032362	0.23544	0	0	309
281551	0																																		
281557	0																																		
281595	1	20	4	587	1537.6	0.14194	0.2917	0.0068143	0	0.11195	0.010221	0.65035	1	0.94766	3823	0.0068143	0.013629	0.0034072	0.0034072	0.25742	0.0068143	0	587	0.0017036	0.0017036	0.25054	0.0068143	0	587	0.0034305	0.0034305	0.25526	0.0068611	0.0068143	583
281632	1	8	5	102	189.23	0.053154	0.18545	0	0	0.10941	0.019608	0	0	0.98147	516	0.0098039	0.058824	0.019608	0.019608	0.25041	0	0	102	0	0	0.17627	0	0	102	0	0	0.2461	0	0	102
281639	1	93	17	195	1534.8	0.42301	0.23329	0.025641	0	0.17797	0.041026	0	0	0.97515	1067	0.05641	0.2	0.0051282	0.0051282	0.2528	0	0	195	0.046632	0.036269	0.28822	0	0.010256	193	0.0051282	0	0.18484	0	0	195
281676	0																																		
281720	0																																		
281727	1	10	14	56	1771.1	0	0.06096	0	0	0.11725	0.017857	0.56461	1	1	118	0.25	0.42857	0	0	0.12896	0	0	56	0.017857	0.017857	0.28247	0	0	56	0	0	0.013176	0	0	56
281808	0																																		
281837	1	63	19	597	2343.9	0.16295	0.28575	0.025126	0	0.14723	0.021776	1.2799	3	0.78217	4062	0.033501	0.1072	0.011725	0.0067002	0.23967	0	0	597	0.018425	0.015075	0.26048	0	0	597	0.0050505	0.0016835	0.23906	0	0.0050251	594
281857	0																																		
281901	0																																		
281918	0																																		
281925	0																																		
281953	0																																		
281997	0																																		
282011	0																																		
282033	0																																		
282057	1	19	2	42	534.1	0.035805	0.050359	0	0	0.097209	0	0	0	1	183	0	0.095238	0	0	0.24567	0	0.095238	38	0	0	0.32768	0	0	42	0	0	0.23193	0	0	42
282072	1	7	10	663	3278.2	0.1001	0.22996	0.010558	0	0.14433	0.0015083	0.30504	1	0.93163	3726	0.0060332	0.063348	0.0015106	0.0015106	0.25003	0	0.0015083	662	0.0015106	0	0.23038	0	0.0015083	662	0	0	0.23914	0	0.0015083	662
282094	0																																		
282160	0																																		
282204	1	4	4	285	907.77	0.12166	0.20471	0.010526	0	0.15943	0.031579	0	0	0.81317	2164	0.0070175	0.073684	0.02807	0.017544	0.27257	0	0	285	0.010526	0.010526	0.24799	0	0	285	0.0036496	0.0036496	0.23306	0	0.038596	274
282217	1	9	5	761	1890	0.51629	0.28374	0.0039422	0	0.11338	0.0026281	0	0	0.98614	4193	0	0.011827	0	0	0.23216	0	0	761	0.002642	0.002642	0.23197	0	0.0052562	757	0	0	0.2421	0	0.0039422	758
282231	1	19	3	143	317.07	0.10762	0.036715	0	0	0.2027	0	0	0	0.98325	950	0.006993	0.055944	0	0	0.24822	0	0	143	0	0	0.25089	0	0	143	0	0	0.25529	0	0	143
282292	0																																		
282299	0																																		
282385	1	11	5	303	524.37	0.19108	0.40585	0.0066007	0	0.14404	0.016502	1.9071	1	0.98205	1512	0.013201	0.066007	0.0066007	0.0066007	0.24709	0	0	303	0.0066007	0.009901	0.24515	0.0066007	0	303	0	0	0.23189	0	0	303
282459	1	10	7	216	435.21	0.35938	0.088836	0.013889	0	0.088543	0.0046296	0	0	1	1065	0	0.055556	0.0046296	0.0046296	0.23558	0	0	216	0	0	0.25485	0	0	216	0	0	0.25634	0	0.0046296	215
282541	0																																		
282666	1	10	4	420	932.82	0.1035	0.33471	0.0095238	0	0.077311	0.0047619	1.072	1	0.998	1979	0.0071429	0.042857	0.0071429	0.0047619	0.24528	0	0	420	0	0	0.23966	0	0.0047619	418	0.0047619	0.002381	0.24603	0	0	420
282715	1	14	5	900	2401.1	0.44829	0.55779	0.017778	0.0033333	0.12129	0.0033333	0.41647	1	0.97088	4993	0.012222	0.023333	0.0011111	0	0.2277	0	0	900	0.0044543	0.0033408	0.25163	0	0.0022222	898	0	0	0.2448	0	0.0077778	893
282737	1	21	5	364	1352	0.22914	0.19614	0	0	0.10818	0	0	0	0.99322	1957	0	0.03022	0	0	0.23999	0	0	364	0	0	0.24194	0	0.0027473	363	0	0	0.25446	0	0.0054945	362
282871	0																																		
282899	1	7	34	409	3884.5	0.22862	0.15524	0.00489	0	0.11352	0.017115	0.51487	2	0.97582	2150	0.056235	0.16381	0.012225	0.007335	0.26529	0	0	409	0.01956	0.012225	0.2821	0	0	409	0.0074074	0.0049383	0.24015	0	0.00978	405
282930	0																																		
282952	0																																		
282979	1	14	30	250	2069.6	0.23871	0.1976	0.044	0	0.2037	0.016	0	0	0.77894	2077	0.024	0.32	0.012	0.004	0.26949	0	0	250	0.012	0.008	0.2873	0	0	250	0.012	0.004	0.2172	0	0	250
283009	1	23	11	527	2216.4	0.27723	0.2758	0.013283	0	0.18321	0.0037951	0	0	0.87226	3440	0.011385	0.070209	0.0037951	0.0037951	0.25689	0	0	527	0	0	0.2599	0	0.037951	507	0	0	0.22713	0	0.0037951	525
283040	1	2	21	318	1450.4	0.22068	0.2412	0.028302	0	0.14658	0.034591	1.3789	2	0.97237	1754	0.025157	0.16667	0	0	0.25555	0	0.0062893	316	0.052632	0.038596	0.28565	0.0035088	0.10377	285	0.0031847	0	0.23536	0	0.012579	314
283047	0																																		
283091	1	24	3	260	1279	0.29105	0.14143	0.034615	0	0.082875	0	0	0	1	1332	0.015385	0.053846	0	0	0.22586	0	0	260	0	0	0.22959	0	0.0076923	258	0	0	0.15432	0	0	260
283119	0																																		
283229	1	6	6	343	1700.8	0.043488	0.11873	0.0058309	0	0.090485	0	0.58797	1	0.98779	1831	0.017493	0.072886	0	0	0.2694	0	0	343	0	0	0.24309	0	0.0087464	340	0.002924	0	0.23596	0	0.0029155	342
283265	0																																		
283331	0																																		
283463	1	14	21	146	2235.9	0.28128	0.33614	0.075342	0	0.31126	0.047945	1.3417	3	0.89384	775	0.089041	0.33562	0.020833	0.0069444	0.21485	0.034722	0.013699	144	0.020548	0.0068493	0.24046	0.034247	0	146	0.022222	0.0074074	0.2075	0.037037	0.075342	135
283485	0																																		
283515	1	65	21	252	1889.7	0.35347	0.35141	0.071429	0	0.25194	0.075397	0.52918	1	0.96659	1187	0.035714	0.27381	0.019841	0.0079365	0.25406	0	0	252	0.10484	0.076613	0.29307	0	0.015873	248	0.032653	0.02449	0.23115	0	0.027778	245
283529	1	12	10	168	1609.7	0.086695	0.2311	0.041667	0	0.16125	0.029762	0.62122	1	0.89808	895	0.065476	0.125	0.017857	0.0059524	0.23035	0	0	168	0.035714	0.029762	0.28656	0	0	168	0.018293	0.012195	0.22485	0	0.02381	164
283537	0																																		
283581	0																																		
283595	1	12	20	143	2938.2	0.041953	0.063715	0.020979	0	0.14351	0.013986	0.68069	2	0.97856	660	0.062937	0.34965	0.013986	0.013986	0.24955	0.006993	0	143	0.006993	0.006993	0.25452	0.006993	0	143	0	0	0.149	0.013986	0	143
283683	0																																		
283691	1	23	3	63	793.59	0.01065	0.20067	0.063492	0	0.13641	0	0	0	1	326	0	0.12698	0	0	0.177	0	0	63	0	0	0.22829	0	0	63	0	0	0.21248	0	0	63
283713	1	17	33	1268	5160.1	0.33106	0.28636	0.018139	0	0.21149	0.011041	0.58138	3	0.49395	16915	0.014196	0.088328	0.0047619	0.0031746	0.26496	0	0.0063091	1260	0.0072874	0.0016194	0.26437	0.0016194	0.026025	1235	0.0081699	0.004902	0.23663	0	0.0347	1224
283771	1	21	9	290	2142.4	0.10244	0.15113	0.017241	0	0.21056	0	0	0	0.43417	4049	0.02069	0.068966	0	0	0.22939	0	0	290	0	0	0.22695	0	0.0034483	289	0	0	0.21637	0	0.0068966	288
283793	0																																		
283801	0																																		
283817	0																																		
283839	0																																		
283905	0																																		
283969	1	31	5	49	944.86	0.062752	0.16302	0	0	0.13509	0	0	0	1	184	0	0.22449	0	0	0.23528	0	0	49	0	0	0.26098	0	0	49	0	0	0.10402	0	0	49
283991	1	15	3	264	1343	0.24964	0.14735	0	0	0.11049	0	0	0	1	1338	0	0.026515	0	0	0.25812	0	0	264	0	0	0.24482	0	0	264	0	0	0.22645	0	0	264
284013	1	8	12	313	2153.6	0.21267	0.16929	0.0095847	0	0.077035	0.015974	0.46433	1	0.96471	1554	0.019169	0.099042	0.0063898	0.01278	0.22119	0.0063898	0	313	0.01278	0.01278	0.24507	0	0	313	0.0032468	0.0032468	0.26058	0.0064935	0.015974	308
284081	0																																		
284103	1	8	3	332	1247.4	0.34879	0.30954	0.0060241	0	0.12849	0.0060241	0	0	0.97821	2094	0.003012	0.045181	0	0	0.23255	0	0	332	0.0090361	0.0060241	0.24148	0	0	332	0	0	0.24232	0	0	332
284125	0																																		
284145	1	11	13	658	2537.6	0.17427	0.30002	0.013678	0	0.09421	0.013678	1.1822	3	0.98651	2997	0.036474	0.056231	0.013678	0.012158	0.24243	0	0	658	0.0045662	0.0030441	0.25465	0	0.0015198	657	0.0030441	0.0015221	0.2358	0	0.0015198	657
284153	1	14	6	282	1681.6	0.16332	0.16362	0	0	0.063413	0.0035461	0	0	1	1391	0.0070922	0.056738	0.0035461	0.0035461	0.25517	0	0	282	0	0	0.25386	0	0	282	0	0	0.23469	0	0	282
284200	1	31	17	286	2773.8	0.17449	0.19756	0.073427	0.0034965	0.40053	0.055944	2.1631	6	0.86662	1551	0.11888	0.23077	0.041958	0.041958	0.25445	0	0	286	0.027972	0.013986	0.26712	0	0	286	0.01049	0.01049	0.23615	0	0	286
284211	1	14	7	303	1263.1	0.037342	0.24453	0.0066007	0	0.12153	0.016502	0	0	0.92777	1732	0.0033003	0.056106	0.0033003	0.0033003	0.26521	0	0	303	0.0033003	0	0.2504	0	0	303	0	0	0.22782	0.013245	0.0033003	302
284235	1	6	16	191	1084.2	0.30894	0.28475	0.08377	0.0052356	0.28207	0.0052356	1.8446	2	0.89789	1094	0.057592	0.2356	0.0052356	0	0.26068	0	0	191	0.04712	0.0052356	0.25561	0	0	191	0.0052356	0	0.27865	0	0	191
284255	0																																		
284323	0																																		
284349	0																																		
284365	0																																		
284367	0																																		
284563	0																																		
284587	0																																		
284596	0																																		
284637	1	23	5	85	1249.9	0.03212	0.1697	0	0	0.065982	0	1.6001	2	1	386	0.11765	0.094118	0	0	0.20093	0	0	85	0	0	0.30599	0	0	85	0	0	0.19647	0	0	85
284657	1	5	6	262	842.65	0.23283	0.17477	0.01145	0	0.14077	0	0	0	0.98236	1568	0	0.12595	0	0	0.23753	0	0	262	0.0038168	0	0.25213	0	0	262	0	0	0.23713	0	0	262
284769	1	16	12	719	2119.7	0.11615	0.13743	0.0069541	0.0013908	0.22699	0.0027816	0	0	0.35672	9600	0.0083449	0.045897	0.0055633	0	0.25241	0	0	719	0.005571	0.0027855	0.26761	0	0.0013908	718	0.0027972	0	0.26443	0	0.0055633	715
284791	1	4	18	178	941.88	0.15255	0.14977	0.022472	0	0.21345	0.005618	2.1234	2	0.65635	1219	0.11236	0.26404	0	0	0.24516	0	0	178	0.011236	0.005618	0.25757	0	0	178	0.005618	0	0.19731	0	0	178
284794	1	12	8	685	2829	0.13833	0.3048	0.083212	0.010219	0.31862	0.013139	3.5348	10	0.65496	7368	0.12117	0.040876	0.023358	0.011679	0.23178	0	0	685	0.024024	0.0015015	0.2456	0	0.027737	666	0	0	0.24513	0	0.0014599	684
284835	0																																		
284937	0																																		
284989	0																																		
285025	0																																		
285049	0																																		
285069	1	9	10	105	2717.8	0.04398	0.21296	0	0	0.10702	0	0.36794	1	0.98318	506	0.057143	0.21905	0	0	0.2343	0	0	105	0	0	0.25955	0	0.0095238	104	0	0	0.20012	0	0.0095238	104
285080	0																																		
285185	0																																		
285201	0																																		
285253	1	24	13	151	1414.4	0.016138	0.30809	0	0	0.11519	0.019868	2.1211	3	0.99561	731	0.07947	0.13907	0	0	0.28056	0	0	151	0.0066667	0.0066667	0.229	0.0066667	0.0066225	150	0	0	0.23363	0.013423	0.013245	149
285311	1	11	9	244	1286.6	0.1022	0.17333	0.069672	0	0.13764	0.0081967	1.5545	2	0.81686	1504	0.028689	0.17213	0	0	0.25264	0	0	244	0.016393	0.0081967	0.23246	0	0	244	0	0	0.16692	0	0	244
285333	0																																		
285366	0																																		
285421	0																																		
285443	0																																		
285467	1	18	7	200	369.64	0.26991	0.30542	0.025	0.01	0.073987	0.01	0	0	1	991	0	0.065	0.01	0.01	0.24029	0	0	200	0.0050251	0.0050251	0.26728	0	0.005	199	0.005	0.005	0.24661	0	0	200
285531	1	15	4	452	991.22	0.45255	0.48018	0.017699	0	0.11461	0.013274	1.0089	1	0.97292	2727	0.011062	0.044248	0.0044444	0.0022222	0.2444	0.0088889	0.0044248	450	0.0054945	0.0054945	0.24872	0.010989	0.19469	364	0.0022124	0.0022124	0.1765	0.0088496	0	452
285564	1	9	2	86	161.39	0.13093	0.065465	0.034884	0	0.14493	0	0	0	0.98367	528	0.011628	0.046512	0	0	0.24646	0	0	86	0	0	0.25833	0	0	86	0.011628	0	0.28158	0	0	86
285577	0																																		
285586	0																																		
285652	0																																		
285663	1	7	4	24	645.81	0.35184	0.11829	0	0	0.21209	0.041667	0	0	1	104	0.041667	0.33333	0	0	0.17822	0	0	24	0.083333	0.041667	0.30236	0	0	24	0.041667	0	0.19979	0	0	24
285665	1	9	20	250	3179.6	0.075573	0.084794	0	0	0.19626	0.008	0.94352	3	0.72874	2032	0.088	0.176	0.004	0	0.2203	0.012	0	250	0.004	0	0.24861	0.012	0	250	0.012987	0.008658	0.23536	0.012987	0.076	231
285674	0																																		
285753	1	15	11	92	894.38	0.080534	0.27337	0	0	0.16327	0.043478	0	0	0.99224	439	0	0.28261	0.032609	0.032609	0.27079	0	0	92	0.043478	0.043478	0.34287	0	0	92	0	0	0.29448	0	0	92
285795	0																																		
285929	1	13	3	557	1479.6	0.39773	0.29742	0	0	0.070556	0.005386	0.67587	1	0.99689	2741	0.017953	0.012567	0.0017953	0	0.22611	0.0035907	0	557	0.0037736	0.0018868	0.25503	0.0037736	0.048474	530	0.0018083	0	0.25051	0.0036166	0.0071813	553
285971	1	7	7	513	1317.1	0.050727	0.13372	0.0077973	0	0.082467	0.0038986	0	0	0.98686	2661	0.0038986	0.05848	0.0038986	0.0038986	0.26358	0	0	513	0.0039062	0.0039062	0.26424	0	0.0019493	512	0.0039293	0.0019646	0.25846	0	0.0077973	509
285979	0																																		
285993	0																																		
285999	0																																		
286021	0																																		
286065	0																																		
286089	0																																		
286114	0																																		
286133	0																																		
286177	1	10	3	45	77.794	0.17846	0.36608	0	0	0.17522	0.044444	0	0	0.98991	250	0.044444	0.2	0.046512	0.046512	0.27788	0	0.044444	43	0.044444	0.044444	0.22883	0	0	45	0.044444	0.044444	0.24679	0	0	45
286180	1	6	3	103	186.63	0.043148	0.035867	0.038835	0	0.092096	0.029126	5.3581	1	1	451	0.087379	0.058252	0.029126	0.029126	0.30216	0.0097087	0	103	0.019417	0.0097087	0.23159	0	0	103	0.019417	0.0097087	0.29024	0	0	103
286191	1	7	10	300	1203.9	0.048108	0.24671	0.036667	0.0066667	0.19973	0	0	0	0.99892	1333	0.0033333	0.076667	0.01	0	0.26769	0	0	300	0.0033333	0	0.27626	0	0	300	0	0	0.24934	0	0	300
286197	0																																		
286213	0																																		
286221	0																																		
286241	1	11	8	541	1536.4	0.29512	0.12464	0.0055453	0	0.1353	0.0073937	0	0	0.8741	4383	0.0036969	0.03512	0.0037175	0	0.26022	0	0.0055453	538	0.0079681	0.0079681	0.24721	0.001992	0.072089	502	0.0055866	0.0055866	0.24939	0	0.0073937	537
286268	1	11	11	380	2041.3	0.32997	0.092821	0	0	0.090802	0	0.4899	1	1	1833	0.028947	0.047368	0.0052632	0	0.24667	0	0	380	0.0026316	0	0.25461	0.0026316	0	380	0.0027548	0	0.241	0.0027548	0.044737	363
286325	0																																		
286329	0																																		
286353	0																																		
286391	0																																		
286400	1	11	9	617	1442.5	0.26449	0.3374	0.0048622	0	0.093882	0.0097245	0	0	0.98274	3228	0.0032415	0.029173	0.006483	0.0048622	0.24454	0	0	617	0.0048622	0.0081037	0.23734	0.0048622	0	617	0.004902	0.004902	0.24747	0	0.0081037	612
286527	1	16	14	103	826.37	0.2315	0.16129	0.019417	0	0.14814	0	0	0	0.98788	392	0.019417	0.25243	0	0	0.22959	0	0	103	0	0	0.22586	0	0	103	0	0	0.18978	0	0	103
286532	0																																		
286551	0																																		
286587	0																																		
286617	0																																		
286631	0																																		
286655	1	19	17	270	1619.1	0.34371	0.31504	0.07037	0	0.38709	0.0074074	1.2353	2	0.71909	2322	0.062963	0.21852	0.011278	0	0.2622	0.0037594	0.014815	266	0.01487	0.0037175	0.29029	0	0.0037037	269	0.015094	0	0.24874	0	0.018519	265
286681	1	3	23	960	2943.6	0.30954	0.32155	0.11771	0.03125	0.37266	0.035417	4.0767	12	0.37587	12688	0.10417	0.14896	0.03125	0.014583	0.26864	0.0010417	0	960	0.039568	0.019185	0.26197	0.001199	0.13125	834	0.021875	0.003125	0.25277	0.0010417	0	960
286683	0																																		
286787	0																																		
286818	1	5	4	113	352.84	0.26496	0.28858	0	0	0.11378	0.0088496	0	0	0.98494	508	0	0.10619	0.0088496	0.0088496	0.21155	0	0	113	0	0	0.22807	0	0	113	0	0	0.23406	0	0	113
286884	0																																		
286906	1	41	5	265	810.38	0.14875	0.20346	0	0	0.086551	0.011321	0	0	0.99729	1434	0.0075472	0.049057	0	0	0.25686	0.0075758	0.0037736	264	0.0037736	0.0037736	0.24226	0.0075472	0	265	0	0	0.2675	0.0075758	0.0037736	264
287007	1	21	23	279	2864.1	0.14261	0.093397	0.032258	0	0.16675	0.0035842	0	0	0.89501	1622	0.021505	0.22581	0.0035842	0	0.24466	0	0	279	0.018051	0.0036101	0.23237	0	0.0071685	277	0.0035842	0.0035842	0.21626	0	0	279
287013	0																																		
287016	0																																		
287029	0																																		
287099	0																																		
287181	0																																		
287211	1	10	17	346	2171.2	0.025441	0.23496	0.011561	0	0.14963	0.0086705	1.3818	3	0.82817	2165	0.049133	0.14451	0.0028986	0.0028986	0.25176	0.0028986	0.0028902	345	0.0028902	0.0028902	0.25182	0.0028902	0	346	0	0	0.21307	0.0028902	0	346
287249	1	14	10	279	1479.3	0.14059	0.086166	0	0	0.076942	0	0	0	1	1225	0.014337	0.064516	0	0	0.24195	0	0	279	0	0	0.2322	0	0.0071685	277	0	0	0.22944	0	0	279
287277	0																																		
287315	0																																		
287431	0																																		
287434	0																																		
287517	1	13	5	298	591.09	0.23809	0.34623	0.013423	0	0.15189	0.036913	3.3836	2	0.93171	2171	0.043624	0.057047	0.010067	0.010067	0.2445	0	0	298	0	0	0.23699	0.024055	0.02349	291	0.003367	0.003367	0.21598	0	0.0033557	297
287522	0																																		
287555	1	18	13	438	1444	0.32505	0.18968	0.0068493	0	0.10593	0	0	0	0.86229	2713	0	0.082192	0.0022831	0	0.24708	0	0	438	0.0022831	0	0.26408	0	0	438	0.0024272	0	0.25361	0	0.059361	412
287599	1	6	1	64	68.298	0.21363	0.21363	0	0	0.20673	0	0	0	0.70857	672	0	0	0	0	0.21493	0	0	64	0	0	0.20448	0	0	64	0	0	0.23213	0	0	64
287621	1	6	7	295	1705.3	0.068044	0.21645	0.084746	0	0.15855	0.010169	1.1728	2	0.9595	1787	0.11525	0.091525	0.0067797	0.0067797	0.23039	0	0	295	0.016949	0.0033898	0.25461	0	0	295	0.013605	0	0.2332	0	0.0033898	294
287654	1	12	11	265	744.92	0.084603	0.21332	0.037736	0	0.24697	0.015094	1.3424	1	0.73089	2042	0.015094	0.16604	0	0	0.23711	0.0037736	0	265	0.011321	0.011321	0.24797	0.0037736	0	265	0	0	0.23942	0.0037736	0	265
287717	0																																		
287759	0																																		
287783	0																																		
287825	1	5	13	270	2229.1	0.13616	0.094448	0.011111	0	0.12697	0	0	0	0.7444	2199	0.011111	0.1	0	0	0.21601	0	0	270	0	0	0.23463	0	0.048148	257	0	0	0.25221	0	0	270
287830	1	16	23	527	2040.3	0.14159	0.28273	0.0037951	0	0.154	0.01518	0.49013	1	0.96684	2764	0.011385	0.18216	0.0037951	0.0037951	0.25961	0	0	527	0.0096339	0.0096339	0.26659	0	0.01518	519	0.0020877	0.0020877	0.25317	0	0.091082	479
287896	0																																		
288067	1	7	2	85	137.15	0.17531	0.4125	0	0	0.084031	0.011765	0	0	1	421	0	0.047059	0	0	0.23373	0	0	85	0.011765	0.011765	0.24667	0	0	85	0	0	0.22198	0	0	85
288287	1	10	15	700	2580.5	0.35347	0.3845	0.015714	0	0.15241	0.012857	1.1626	3	0.86396	5119	0.028571	0.085714	0.0057389	0.0028694	0.25668	0	0.0042857	697	0.0057389	0.0014347	0.26385	0	0.0042857	697	0.013274	0.010324	0.23622	0	0.031429	678
288327	0																																		
288358	1	3	2	233	478.63	0.03035	0.015175	0.0085837	0	0.12206	0	0	0	0.98133	1212	0	0.034335	0	0	0.26733	0	0	233	0	0	0.23152	0	0	233	0	0	0.25669	0	0	233
288397	0																																		
288468	0																																		
288613	0																																		
288639	1	8	12	478	2913.4	0.11037	0.18614	0.018828	0	0.12459	0	1.373	4	0.55172	3674	0.050209	0.056485	0	0	0.23398	0.0020964	0.0020921	477	0	0	0.25681	0.0022523	0.07113	444	0	0	0.2309	0.0021739	0.037657	460
288727	0																																		
288745	1	23	17	166	1348.6	0.10846	0.38287	0.024096	0	0.18403	0.018072	0.7415	1	0.96639	821	0.054217	0.27108	0	0	0.25494	0	0	166	0.0064103	0	0.21838	0	0.060241	156	0.018072	0.018072	0.21321	0	0	166
288776	0																																		
288859	1	9	10	722	2435.6	0.28836	0.31311	0.033241	0.012465	0.26478	0.030471	2.4635	6	0.53391	7944	0.098338	0.052632	0.01387	0.0055479	0.24238	0.0041609	0.001385	721	0.033333	0.026389	0.26019	0	0.0027701	720	0.0028209	0.0014104	0.244	0.0014104	0.018006	709
288864	0																																		
288921	0																																		
288947	1	16	10	308	1572.5	0.043399	0.14833	0.019481	0	0.098136	0.0032468	0.63593	1	0.99202	1537	0.025974	0.11364	0.0032468	0.0032468	0.2302	0	0	308	0	0	0.22723	0	0	308	0.003268	0.003268	0.23774	0	0.0064935	306
288952	0																																		
288974	0																																		
289062	0																																		
289141	0																																		
289145	0																																		
289251	1	12	4	525	1767	0.036801	0.201	0.015238	0.007619	0.066488	0.007619	0.56593	1	0.9849	3006	0.022857	0.04381	0	0	0.24655	0	0	525	0.007619	0.007619	0.26352	0	0	525	0	0	0.24776	0	0.0038095	523
289295	1	15	5	75	1242	0.00026333	0.037225	0	0	0.085258	0	0.80517	1	1	331	0.053333	0.08	0	0	0.23434	0	0	75	0	0	0.27704	0	0	75	0	0	0.19015	0	0	75
289343	0																																		
289475	0																																		
289493	0																																		
289559	1	14	5	349	959.84	0.28768	0.16996	0.008596	0	0.10316	0.017192	0	0	0.98352	2114	0.0028653	0.040115	0.011461	0.008596	0.26569	0.0028653	0	349	0.014327	0.014327	0.2268	0.0028653	0	349	0.011461	0.011461	0.24401	0.0028653	0	349
289647	0																																		
289656	0																																		
289805	0																																		
289832	1	10	3	367	446.72	0.10002	0.49616	0.0027248	0	0.10989	0.013624	0	0	0.99801	2075	0.0054496	0.016349	0	0	0.25355	0.0027397	0.0054496	365	0.013661	0.013661	0.26187	0	0.0027248	366	0.010959	0.010959	0.24557	0	0.0054496	365
289849	0																																		
290052	1	8	13	235	3689.7	0.16098	0.071443	0.055319	0.025532	0.26286	0.055319	0	0	0.4539	1825	0.034043	0.14894	0.0042553	0.0042553	0.24301	0	0	235	0.046809	0.055319	0.26953	0.0085106	0	235	0.0042553	0.0042553	0.21632	0	0	235
290069	0																																		
290135	0																																		
290201	0																																		
290223	0																																		
290294	1	13	2	59	84.77	0.011708	0.0058538	0	0	0.12244	0	0	0	1	306	0	0.067797	0	0	0.22394	0	0	59	0	0	0.24199	0	0	59	0	0	0.21629	0	0	59
290316	0																																		
290329	0																																		
290602	0																																		
290712	0																																		
290729	1	12	3	248	1163.4	0.47126	0.1687	0.0040323	0	0.14246	0.0080645	0.85957	1	0.87723	1507	0.012097	0.056452	0.012097	0.0080645	0.26662	0	0	248	0	0	0.25595	0	0	248	0	0	0.24742	0	0.0040323	247
290800	0																																		
290844	0																																		
291037	1	13	5	198	866.22	0.009123	0.0052473	0	0	0.1138	0	1.1544	1	0.98749	1118	0.020202	0.045455	0	0	0.25004	0	0	198	0	0	0.24202	0	0	198	0	0	0.23852	0	0.0050505	197
291064	1	14	4	313	792.28	0.29439	0.48145	0	0	0.058233	0	0	0	1	1579	0	0.025559	0	0	0.2409	0	0	313	0	0	0.25805	0	0.0031949	312	0	0	0.2512	0	0	313
291262	1	18	5	299	1107.1	0.22733	0.045466	0.020067	0.013378	0.081415	0.020067	0	0	0.97488	1440	0	0.053512	0.020067	0.016722	0.25065	0	0	299	0.0033557	0.0033557	0.25979	0	0.0033445	298	0	0	0.22378	0	0.006689	297
291301	0																																		
291345	0																																		
291372	1	11	8	42	1280.7	0.015063	0.014012	0	0	0.15743	0.047619	0	0	1	168	0.047619	0.35714	0	0	0.27483	0	0	42	0.047619	0.047619	0.301	0	0	42	0	0	0.3188	0	0	42
291499	1	12	7	94	1479.8	0.053118	0.12724	0	0	0.057079	0.010638	1.3516	2	0.97573	410	0.1383	0.11702	0.021277	0.010638	0.22707	0.010638	0	94	0.021277	0.010638	0.25956	0.010638	0	94	0.010753	0	0.24227	0.010753	0.010638	93
291526	0																																		
291548	1	21	12	205	1803.4	0.17215	0.31598	0.004878	0	0.093188	0.014634	0.55451	1	0.98215	965	0.029268	0.13171	0.004878	0.004878	0.30459	0	0	205	0.010309	0.010309	0.25878	0	0.053659	194	0.0097561	0	0.2314	0	0	205
291570	1	17	3	526	850.32	0.14872	0.093387	0.0076046	0	0.18397	0.0038023	0	0	0.93171	2127	0.0057034	0.015209	0.013308	0.0019011	0.27392	0	0	526	0.024715	0.0019011	0.24954	0	0	526	0.028517	0.0038023	0.28156	0	0	526
291724	0																																		
291768	0																																		
291785	0																																		
291961	1	4	11	317	988.08	0.1695	0.19494	0.0031546	0	0.10645	0.0063091	0	0	0.94918	1667	0.0031546	0.11987	0	0	0.25412	0	0	317	0.0094637	0.0063091	0.25213	0	0	317	0	0	0.20336	0	0	317
292005	1	18	17	419	1878.7	0.15158	0.15173	0.01432	0	0.12004	0.011933	0.53228	1	0.96035	2550	0.038186	0.11217	0.01199	0.0071942	0.22391	0.0023981	0.0047733	417	0.011962	0.007177	0.22685	0.0023923	0.0023866	418	0.014354	0.0095694	0.24726	0.0023923	0.0023866	418
292027	1	12	17	751	3067.1	0.55528	0.32365	0.062583	0.014647	0.15398	0.050599	0.65207	2	0.95402	4143	0.04261	0.07723	0.0080107	0.0066756	0.24181	0.0093458	0.0026631	749	0.028037	0.014686	0.25941	0	0.0026631	749	0.033012	0.030261	0.2443	0	0.031957	727
292115	0																																		
292384	1	19	9	1014	3239.3	0.39529	0.2814	0.034517	0.0039448	0.14109	0.0069034	0.61742	2	0.95073	4648	0.0098619	0.026627	0.00098619	0.00098619	0.25482	0.0039448	0	1014	0.0029674	0.0019782	0.25194	0.0039565	0.0029586	1011	0	0	0.24799	0.0040445	0.024655	989
292406	1	6	7	105	555.96	0.20226	0.17741	0	0	0.05504	0	0	0	1	458	0	0.11429	0	0	0.263	0	0	105	0	0	0.19556	0	0	105	0	0	0.21211	0	0	105
292423	0																																		
292450	0																																		
292533	1	3	4	622	1998.6	0.25025	0.075131	0.0096463	0	0.10685	0.0016077	0.50034	1	0.87318	3793	0.019293	0.038585	0	0	0.25595	0	0.0016077	621	0.0016584	0.0016584	0.2506	0	0.030547	603	0	0	0.22654	0	0	622
292577	1	12	8	141	1113	0.016028	0.086164	0	0	0.11234	0.0070922	0.89844	1	0.88746	1026	0.056738	0.085106	0.0070922	0.0070922	0.29037	0	0	141	0.0070922	0.0070922	0.22014	0	0	141	0.0070922	0.0070922	0.20637	0	0	141
292643	1	18	20	538	1642.9	0.43748	0.32195	0.011152	0	0.15208	0.079926	0	0	0.91026	3443	0.0092937	0.10223	0.0018587	0.0018587	0.22882	0	0	538	0.08577	0.081871	0.25674	0.0038986	0.046468	513	0.0068493	0.0022831	0.23555	0	0.18587	438
292687	1	11	7	292	1771.6	0.077157	0.10535	0.0034247	0	0.12587	0.0034247	0	0	0.99521	1442	0.013699	0.082192	0.010274	0	0.23853	0	0	292	0.013699	0.0034247	0.24587	0	0	292	0	0	0.25133	0	0.030822	283
292797	0																																		
293127	0																																		
293149	1	4	19	199	998.65	0.12383	0.32486	0.10553	0.0050251	0.27105	0.015075	1.0013	1	0.65494	1596	0.090452	0.27136	0.020101	0	0.23994	0	0	199	0.017241	0.011494	0.26	0	0.12563	174	0.01005	0.0050251	0.23379	0	0	199
293391	0																																		
313781	1	50	6	60	386.58	0.23416	0.079263	0.033333	0	0.16825	0	0	0	0.86331	528	0	0.15	0	0	0.32194	0	0	60	0	0	0.24604	0	0	60	0	0	0.24549	0	0	60
313847	1	19	16	696	2602.7	0.58796	0.46722	0.012931	0	0.16019	0.033046	0.76844	2	0.89902	4329	0.024425	0.090517	0.0086207	0.0057471	0.26583	0	0	696	0.028125	0.01875	0.27156	0	0.08046	640	0.020679	0.014771	0.26084	0	0.027299	677
313979	1	12	1	481	568.82	0.04193	0.04193	0	0	0.073983	0.002079	0	0	0.99153	2495	0	0.002079	0.004158	0.002079	0.2511	0	0	481	0.004158	0.002079	0.2547	0	0	481	0.002079	0.002079	0.25253	0	0	481
314199	0																																		
314309	0																																		
314507	1	17	5	190	342.37	0.39864	0.31337	0.18421	0.18421	0.17169	0.17895	0	0	0.912	777	0.0052632	0.057895	0	0	0.23433	0	0	190	0	0	0.26842	0	0.0052632	189	0.0052632	0	0.20937	0.21053	0	190
314705	1	3	11	49	401.36	0.014191	0.10522	0	0	0.095547	0	0	0	1	168	0	0.40816	0	0	0.22834	0	0	49	0	0	0.24327	0	0	49	0	0	0.21896	0	0.10204	44
314881	0																																		
314925	0																																		
315013	1	15	14	431	1798.2	0.40742	0.26303	0.0046404	0	0.093501	0.0023202	0	0	0.98577	2233	0.0046404	0.071926	0.0023202	0.0023202	0.25491	0	0	431	0.0023256	0	0.26347	0	0.0023202	430	0	0	0.2183	0	0.0023202	430
315079	0																																		
315167	1	8	17	599	1676.5	0.23974	0.30901	0.056761	0	0.17436	0.013356	2.9823	5	0.63342	5605	0.043406	0.086811	0.010169	0.0084746	0.25523	0.0016949	0.015025	590	0.013356	0.0033389	0.2613	0.0016694	0	599	0.0050676	0.0033784	0.24183	0.0016892	0.011686	592
315343	1	7	17	136	1480.7	0.026835	0.06098	0	0	0.12789	0	0	0	0.74765	990	0.029412	0.30882	0	0	0.18756	0	0	136	0	0	0.21801	0	0	136	0	0	0.1648	0	0.0073529	135
315409	0																																		
315497	1	14	10	595	1081.8	0.14851	0.11874	0.011765	0	0.17026	0.011765	0.9244	1	0.5304	7374	0.013445	0.033613	0.005042	0.0033613	0.23693	0	0	595	0.013468	0.011785	0.26883	0	0.0016807	594	0.0050847	0.0033898	0.26057	0	0.0084034	590
315629	0																																		
315849	1	11	4	140	1261.6	0.16658	0.08887	0	0	0.065336	0.014286	0	0	0.99693	746	0.0071429	0.05	0	0	0.25861	0	0	140	0	0.0071429	0.24024	0.014286	0	140	0	0	0.18329	0	0	140
315871	1	18	7	227	1378.9	0.046753	0.027164	0	0	0.11146	0	0	0	0.99054	1138	0.017621	0.0837	0	0	0.25071	0	0	227	0.0044053	0	0.2732	0	0	227	0	0	0.197	0	0	227
315959	0																																		
316003	1	16	8	86	1660.8	0.093412	0.08352	0.023256	0	0.18092	0	0	0	0.89804	531	0.023256	0.17442	0	0	0.28337	0	0	86	0	0	0.27171	0	0	86	0	0	0.20402	0	0	86
316025	1	16	22	307	2570.6	0.12495	0.061871	0.029316	0	0.14864	0.009772	0.77803	2	0.94873	1561	0.035831	0.22476	0.0065147	0.0065147	0.22844	0	0	307	0	0	0.26446	0	0	307	0.003367	0.003367	0.25161	0	0.032573	297
316311	1	11	4	182	300.67	0.19769	0.42311	0.016484	0	0.06927	0.016484	0	0	1	837	0	0.038462	0.010989	0.010989	0.20865	0	0	182	0.016484	0.016484	0.22602	0	0	182	0.016484	0.016484	0.2306	0	0	182
316487	0																																		
316553	1	11	5	481	2039.8	0.23339	0.13548	0	0	0.14778	0.02079	0	0	0.95683	3416	0.002079	0.024948	0.016632	0.016632	0.26228	0	0	481	0.010395	0.006237	0.26846	0	0	481	0	0	0.26263	0	0.014553	474
316729	1	8	11	311	1956	0.17676	0.18538	0.022508	0	0.11587	0.0032154	0.51125	1	0.92858	1942	0.032154	0.096463	0.019293	0	0.26534	0	0	311	0.016129	0.0032258	0.25857	0.0032258	0.0032154	310	0.0032154	0	0.17258	0	0	311
316971	0																																		
317191	1	17	13	410	2208.6	0.057359	0.13727	0.014634	0	0.11399	0.002439	0	0	0.94113	2061	0.0097561	0.073171	0.004878	0.002439	0.23781	0	0	410	0.002445	0	0.23737	0	0.002439	409	0.00489	0	0.23355	0	0.002439	409
317323	0																																		
317543	1	15	9	234	2039.3	0.18808	0.37174	0.025641	0	0.17585	0.021368	0.49035	1	0.98404	1138	0.051282	0.047009	0	0	0.21522	0	0	234	0.012821	0.0042735	0.23414	0	0	234	0.018265	0.018265	0.24168	0.0045662	0.064103	219
317741	1	13	19	92	1147.7	0.086549	0.17092	0	0	0.1485	0.043478	0	0	1	342	0.065217	0.42391	0.01087	0.01087	0.34754	0	0	92	0	0	0.25803	0	0	92	0.023256	0.034884	0.16189	0.011628	0.065217	86
317939	1	26	26	578	2396	0.16471	0.36281	0.036332	0	0.26376	0.022491	1.2521	3	0.56296	6021	0.058824	0.15917	0.0051993	0.0017331	0.24459	0	0.0017301	577	0.028571	0.014286	0.27237	0.0053571	0.031142	560	0.0069808	0.0034904	0.22325	0	0.0086505	573
318049	0																																		
318335	0																																		
318379	0																																		
318731	1	1	9	191	660.07	0.08691	0.14307	0	0	0.099597	0	0	0	0.99842	1022	0	0.10471	0	0	0.25503	0	0	191	0	0	0.24451	0	0.026178	186	0	0	0.177	0	0	191
319039	1	20	10	347	1565.9	0.015143	0.22673	0.0086455	0	0.19281	0.072046	2.5544	4	0.65293	3119	0.12968	0.080692	0.086687	0.074303	0.26608	0	0.069164	323	0.0028818	0.0028818	0.27546	0	0	347	0	0	0.22216	0	0.011527	343
319611	1	2	1	199	224.38	0.064267	0.064267	0.070352	0	0.39296	0	0	0	0.38397	1844	0	0	0	0	0.23863	0	0	199	0	0	0.2407	0	0	199	0	0	0.25665	0	0	199
319809	0																																		
320029	1	24	5	405	1400.7	0.24808	0.24145	0.017284	0	0.082298	0	0	0	0.97155	1942	0.0024691	0.044444	0	0	0.24743	0	0	405	0	0	0.22736	0	0	405	0	0	0.23395	0	0	405
320095	0																																		
320491	0																																		
320623	0																																		
320667	1	21	14	469	2476.8	0.47064	0.28776	0.014925	0	0.1081	0.025586	1.2113	3	0.9347	2611	0.025586	0.14712	0.0085288	0.0042644	0.24823	0.010661	0	469	0.017284	0.014815	0.27863	0.012346	0.13646	405	0.0042644	0.0021322	0.20776	0.012793	0	469
320865	1	13	11	380	2213.7	0.23401	0.14937	0.0078947	0	0.1176	0	0	0	0.48935	3109	0.0078947	0.055263	0.0052632	0	0.24042	0	0	380	0.0052632	0	0.26939	0	0	380	0.0052632	0	0.21184	0	0	380
321107	1	13	6	450	1983.9	0.068015	0.027845	0.024444	0	0.30864	0.0044444	0.50405	1	0.17216	8217	0.017778	0.037778	0.0022222	0	0.22874	0	0	450	0.01171	0.0046838	0.26684	0	0.051111	427	0.002331	0	0.25291	0	0.046667	429
321173	1	10	9	294	1171.3	0.10561	0.35392	0	0	0.090675	0.030612	0	0	0.98372	1756	0.017007	0.040816	0.013937	0.0034843	0.23868	0	0.02381	287	0.017241	0.013793	0.26143	0	0.013605	290	0.017123	0.013699	0.22289	0	0.0068027	292
321371	1	27	7	255	1399.3	0.089028	0.17303	0	0	0.15667	0	0.71465	1	0.95915	1489	0.015686	0.062745	0	0	0.24384	0	0	255	0	0	0.23507	0	0	255	0	0	0.22554	0	0	255
321525	1	5	7	183	553.89	0.15174	0.28158	0.04918	0	0.13658	0.016393	1.8054	1	0.75948	1401	0.060109	0.087432	0.0054645	0	0.29009	0.010929	0	183	0.012121	0.0060606	0.25916	0.012121	0.098361	165	0.0054945	0	0.19941	0.010989	0.0054645	182
321767	1	15	19	719	2308.2	0.13331	0.18539	0.029207	0	0.13929	0.022253	1.2997	3	0.81673	5398	0.029207	0.079277	0.0014025	0.0014025	0.26413	0	0.0083449	713	0.011799	0.0073746	0.26275	0.014749	0.057024	678	0.0070225	0.0070225	0.24637	0	0.0097357	712
321789	1	7	3	62	110.09	0.032651	0.2111	0	0	0.078904	0.016129	0	0	1	260	0	0.080645	0	0	0.23055	0	0	62	0.016129	0.016129	0.2439	0	0	62	0.016129	0	0.27117	0	0	62
345523	0																																		
345633	1	8	7	567	1731.5	0.20001	0.2818	0.061728	0.014109	0.24108	0.015873	2.8877	5	0.74353	4353	0.081129	0.063492	0.022928	0.014109	0.26778	0	0	567	0.012367	0.0017668	0.25185	0	0.0017637	566	0	0	0.23105	0	0.026455	552
345655	0																																		
346293	0																																		
346315	0																																		
346491	0																																		
346623	1	14	11	77	1560.7	0.06402	0.11402	0	0	0.15387	0	0.64076	1	1	268	0.12987	0.2987	0	0	0.20807	0	0	77	0	0	0.24865	0	0	77	0	0	0.2093	0	0	77
347085	1	4	28	350	1926.9	0.35293	0.2588	0.088571	0.0085714	0.22374	0.042857	1.5569	3	0.72468	2584	0.04	0.30857	0.028736	0.020115	0.20396	0.0057471	0.0057143	348	0.050147	0.035398	0.26613	0.0058997	0.031429	339	0.0057143	0.0028571	0.22678	0.0057143	0	350
347129	1	11	15	150	710.94	0.087483	0.35608	0.086667	0	0.31228	0.02	1.4066	1	0.82295	869	0.06	0.30667	0.0066667	0.0066667	0.28319	0	0	150	0.026667	0.013333	0.22087	0	0	150	0	0	0.14168	0	0	150
347371	0																																		
347833	0																																		
348075	0																																		
348471	1	12	18	453	2069.2	0.44077	0.32354	0.086093	0	0.22539	0.00883	0.48328	1	0.72153	3565	0.037528	0.1766	0.011062	0	0.2514	0	0.0022075	452	0.00883	0.0066225	0.23873	0	0	453	0.011038	0.0022075	0.19931	0	0	453
348515	1	14	9	129	1387.3	0.025299	0.0153	0	0	0.11107	0	0	0	0.98851	693	0	0.14729	0	0	0.28323	0	0	129	0.0078125	0	0.23325	0	0.0077519	128	0	0	0.23186	0	0	129
348691	1	9	32	1194	4370.4	0.52266	0.2578	0.018425	0	0.17896	0.012563	0.68643	3	0.90244	7549	0.015075	0.12814	0.0041876	0.0041876	0.2513	0	0	1194	0.014238	0.0041876	0.2509	0	0	1194	0.0084459	0.004223	0.25317	0	0.0083752	1184
348713	1	7	9	253	857.1	0.17338	0.29054	0	0	0.097816	0.0079051	1.1667	1	0.89016	1435	0.027668	0.071146	0.01581	0.0039526	0.2376	0	0	253	0.011858	0.0039526	0.26065	0	0	253	0.0079365	0	0.2342	0	0.0039526	252
348845	1	7	2	183	305.67	0.048655	0.09398	0	0	0.14553	0	0	0	0.99651	1083	0	0.038251	0	0	0.26892	0	0.016393	180	0.0054645	0	0.24619	0	0	183	0	0	0.25837	0	0	183
348889	0																																		
349087	1	3	3	67	165.28	0	0	0	0	0.11708	0	0	0	1	372	0.029851	0.074627	0	0	0.26273	0	0	67	0	0	0.25794	0	0	67	0	0	0.23894	0	0	67
349241	1	15	20	182	2298.7	0.081512	0.18163	0	0	0.1566	0	1.3051	3	0.96751	838	0.093407	0.21429	0.0054945	0	0.24614	0.0054945	0	182	0	0	0.2485	0	0	182	0	0	0.18176	0	0	182
349373	0																																		
349461	1	17	11	461	2182.7	0.45344	0.16484	0.041215	0.0065076	0.16353	0.0021692	0.45815	1	0.41591	3510	0.021692	0.056399	0.0021739	0	0.26679	0	0.0021692	460	0.0043384	0.0021692	0.27782	0	0	461	0.0021834	0	0.24439	0	0.0065076	458
349527	0																																		
349549	1	12	36	625	2461.8	0.044468	0.29963	0.048	0.0064	0.22649	0.0304	1.6248	4	0.8237	3969	0.0384	0.2256	0.0096	0.0064	0.27347	0.0064	0	625	0.020833	0.012821	0.22941	0.0064103	0.0016	624	0.0096308	0.0048154	0.23615	0.0064205	0.0032	623
349835	1	2	4	153	454.49	0.29815	0.11368	0.019608	0	0.21186	0.0065359	0	0	0.86584	1042	0.0065359	0.12418	0.019868	0	0.26325	0	0.013072	151	0	0	0.24658	0	0	153	0.006993	0.006993	0.21386	0	0.065359	143
349879	1	17	2	522	755.57	0.45505	0.22752	0.0057471	0	0.079925	0.0019157	0	0	0.99958	2817	0	0.0057471	0.0019157	0.0019157	0.25241	0	0	522	0	0	0.23604	0	0.0019157	521	0.0019194	0.0019194	0.23032	0	0.0019157	521
349945	1	18	24	581	4107.4	0.12165	0.2609	0.012048	0	0.11157	0.020654	0.73038	3	0.89497	3038	0.036145	0.12737	0.010327	0.0034423	0.2424	0	0	581	0.017241	0.010345	0.26391	0	0.0017212	580	0.010453	0.0052265	0.235	0.0034843	0.012048	574
350099	1	15	1	262	437.33	0.019719	0.019719	0.0076336	0	0.10856	0	0	0	0.96242	1602	0.0038168	0.019084	0	0	0.22894	0	0	262	0	0	0.24317	0	0	262	0	0	0.22838	0	0.0038168	261
350121	1	2	22	646	2308.7	0.15026	0.30353	0.021672	0	0.17381	0.004644	0.43314	1	0.79282	4934	0.010836	0.12848	0.004644	0.001548	0.24972	0	0	646	0.0046948	0.0031299	0.24558	0	0.010836	639	0	0	0.23275	0	0.001548	645
350297	1	18	5	451	865.67	0.4741	0.53329	0.0066519	0	0.074315	0.0088692	0	0	0.99751	2416	0	0.019956	0.0044346	0.0022173	0.25651	0	0	451	0.0095923	0.0071942	0.22696	0	0.075388	417	0.0044643	0.0044643	0.23238	0	0.0066519	448
350781	0																																		
350935	1	17	8	670	2579.2	0.24327	0.2064	0.062687	0.013433	0.17016	0.013433	0.77543	2	0.98287	2518	0.010448	0.052239	0.013433	0.0074627	0.26313	0.0044776	0	670	0.010448	0.0014925	0.24233	0.0044776	0	670	0.0098847	0	0.24998	0.0049423	0.09403	607
351507	0																																		
351551	0																																		
351617	0																																		
351639	0																																		
351705	1	3	1	200	232.05	0.060863	0.060863	0.02	0	0.19549	0	0	0	0.88085	1027	0	0	0	0	0.25708	0	0	200	0.005	0	0.26648	0	0	200	0	0	0.27304	0	0.015	197
351749	1	14	23	110	2041	0.0016828	0.13331	0.018182	0	0.13105	0.0090909	1.4698	3	0.88811	387	0.20909	0.37273	0	0	0.25748	0.018182	0	110	0.0098039	0	0.26689	0.019608	0.072727	102	0.0090909	0.0090909	0.20228	0.018182	0	110
351815	0																																		
352123	1	10	1	129	207.85	0.074503	0.074503	0	0	0.084132	0.0077519	0	0	1	606	0.015504	0	0.0077519	0.0077519	0.21551	0	0	129	0.0077519	0.0077519	0.26631	0	0	129	0.0077519	0.0077519	0.22086	0	0	129
352211	0																																		
352233	1	6	13	266	1309.6	0.072862	0.16825	0	0	0.087271	0.015038	0	0	1	1420	0.022556	0.086466	0.0075758	0.0037879	0.23889	0.0075758	0.0075188	264	0	0	0.2159	0.011278	0	266	0.0076046	0.0038023	0.24659	0.0076046	0.011278	263
352365	0																																		
352915	0																																		
352937	0																																		
353179	0																																		
353223	1	15	3	128	295.9	0.064059	0.021353	0.0078125	0	0.15716	0.015625	0	0	0.9955	759	0.015625	0.070312	0.0078125	0.0078125	0.2065	0	0	128	0.023438	0	0.28846	0	0	128	0.023622	0.015748	0.27697	0	0.0078125	127
353487	0																																		
353729	1	32	9	117	1370.4	0.70641	0.49701	0.034188	0	0.24378	0.11966	2.1891	3	0.98502	407	0.1453	0.1453	0.034188	0.008547	0.30242	0	0	117	0.094828	0.051724	0.30416	0.068966	0.008547	116	0.042735	0.017094	0.21831	0.008547	0	117
353751	1	10	3	303	1074	0.015041	0.0050138	0	0	0.088491	0.0066007	0	0	0.99951	1610	0	0.039604	0	0	0.2479	0.0066007	0	303	0	0	0.24092	0.0066007	0	303	0	0	0.27401	0.0066225	0.0033003	302
386332	1	12	9	98	920.87	0.03351	0.27281	0	0	0.071811	0	0	0	1	393	0.020408	0.19388	0	0	0.28583	0	0	98	0	0	0.2182	0	0	98	0	0	0.1918	0	0	98
386354	0																																		
386442	1	16	20	147	1852.6	0.18074	0.13186	0.0068027	0	0.19806	0.0068027	0.53979	1	0.84733	855	0.054422	0.29252	0.013605	0	0.23513	0	0	147	0.034965	0.006993	0.21978	0	0.027211	143	0.013605	0	0.25042	0	0	147
386794	0																																		
386816	0																																		
386838	0																																		
386948	1	16	30	541	2957.9	0.2862	0.34762	0.062847	0.0018484	0.3295	0.031423	0.67616	2	0.59304	5965	0.031423	0.2366	0.025878	0.022181	0.23269	0.0018484	0	541	0.020333	0.0073937	0.27159	0.0018484	0	541	0.011091	0	0.24669	0.0018484	0	541
387102	0																																		
387168	0																																		
387674	0																																		
387696	0																																		
387850	1	15	3	352	1621.5	0.15433	0.053724	0	0	0.10891	0.0056818	0	0	0.99006	1305	0	0.022727	0.0028409	0.0028409	0.21742	0.0028409	0	352	0.0085227	0.0028409	0.24859	0.0028409	0	352	0.002849	0.002849	0.24334	0.002849	0.0028409	351
388026	1	12	8	568	2807.9	0.017428	0.38396	0.010563	0.0070423	0.13343	0.010563	0.71228	2	0.99683	3045	0.017606	0.058099	0	0	0.25789	0.0088339	0.0035211	566	0.0035211	0	0.2509	0.0088028	0	568	0.0017953	0.0017953	0.26116	0.0089767	0.019366	557
388224	1	3	6	494	1300.8	0.43783	0.25346	0.018219	0	0.098361	0.0080972	0.76878	1	0.95928	2722	0.01417	0.068826	0.0060729	0.0020243	0.24178	0	0	494	0.0043668	0.0043668	0.24792	0	0.072874	458	0.0020243	0.0020243	0.24624	0	0	494
388510	0																																		
388642	0																																		
388752	0																																		
388884	0																																		
388972	0																																		
389214	0																																		
389302	0																																		
389544	1	13	8	77	986.74	0.08503	0.38224	0	0	0.1485	0.012987	1.0134	1	0.91912	488	0.051948	0.18182	0	0	0.23865	0	0	77	0.012987	0.012987	0.22182	0.012987	0	77	0.012987	0	0.28559	0	0	77
389588	1	17	13	58	1681.1	0.017974	0.075157	0	0	0.12244	0	0.59485	1	1	183	0.068966	0.43103	0	0	0.34748	0	0	58	0	0	0.14983	0	0	58	0	0	0.13061	0	0	58
389830	0																																		
389874	1	11	2	37	67.142	0.32544	0.33739	0	0	0.17438	0	0	0	0.9944	224	0	0.027027	0	0	0.26509	0	0	37	0	0	0.24513	0	0.027027	36	0	0	0.22842	0	0	37
389962	0																																		
390006	0																																		
390028	0																																		
390182	1	4	8	372	902.48	0.32552	0.22184	0	0	0.13443	0.0080645	1.1081	1	0.90784	2106	0.026882	0.069892	0.0026882	0.0026882	0.25999	0.0053763	0	372	0.0032573	0.0032573	0.24341	0.0065147	0.17473	307	0	0	0.21977	0.0053763	0	372
390270	0																																		
390534	0																																		
390600	0																																		
390644	0																																		
390842	1	3	2	751	2093.6	0.23883	0.11942	0.018642	0	0.13353	0	0	0	0.76756	7353	0	0.023968	0	0	0.26003	0	0	751	0.0013333	0	0.26381	0	0.0013316	750	0	0	0.26658	0	0.029294	729
390864	1	16	9	357	1188.7	0.1963	0.40432	0.011204	0	0.062937	0.0056022	0	0	0.98463	1908	0.011204	0.058824	0	0	0.25858	0	0	357	0.0056022	0.0056022	0.24164	0	0	357	0	0	0.23809	0	0	357
390996	1	9	14	58	2658.1	0.17129	0.12924	0	0	0.11875	0	0.75243	2	1	156	0.24138	0.43103	0	0	0.19203	0	0	58	0	0	0.30262	0	0	58	0	0	0.029613	0	0	58
391172	0																																		
391238	1	8	8	32	654.02	0.036555	0.1457	0	0	0.10803	0	4.587	3	1	61	0.625	0.375	0	0	0.19096	0	0	32	0	0	0.17702	0	0	32	0	0	0.070307	0	0	32
391260	1	34	6	236	1568.3	0.81164	0.151	0.021186	0	0.1548	0	1.2752	2	0.87087	1868	0.033898	0.076271	0	0	0.24926	0	0	236	0.0046296	0	0.23768	0	0.084746	216	0	0	0.24082	0	0	236
391722	0																																		
391766	1	25	4	583	1628.2	0.011682	0.11029	0.0085763	0	0.11484	0.0017153	0	0	0.96618	3391	0.0017153	0.044597	0.0017153	0.0017153	0.25182	0	0	583	0.0034483	0.0017241	0.25082	0	0.0051458	580	0.0017153	0.0017153	0.25906	0	0	583
391826	0																																		
391854	0																																		
392112	0																																		
392178	0																																		
392184	0																																		
392200	1	6	3	72	175.66	0.3351	0.17907	0.041667	0	0.15696	0.055556	5.6927	1	0.99519	317	0.083333	0.055556	0.069444	0.027778	0.25181	0	0	72	0.055556	0.027778	0.24584	0	0	72	0.027778	0	0.2205	0	0	72
392272	0																																		
392316	0																																		
392338	0																																		
392354	0																																		
392376	0																																		
392552	1	12	9	437	1379.9	0.042709	0.093229	0.0022883	0	0.083862	0.0045767	0.72469	1	0.98649	2198	0.022883	0.032037	0.0045767	0.0022883	0.24293	0	0	437	0.0068966	0.0045977	0.25945	0	0.0045767	435	0.0023148	0	0.24733	0	0.011442	432
392558	0																																		
392684	0																																		
392800	0																																		
393042	1	15	7	739	3188.7	0.26353	0.12905	0.0040595	0	0.16297	0.0027064	0	0	0.63212	8261	0	0.02571	0	0	0.24544	0	0	739	0.00271	0.00271	0.25794	0	0.0013532	738	0	0	0.23368	0	0.02977	717
393086	0																																		
393124	0																																		
393212	1	84	29	270	1813	0.20751	0.12154	0.011111	0	0.13331	0.025926	0.55156	1	0.92267	1572	0.025926	0.31111	0.0037037	0.0037037	0.25062	0	0	270	0.025926	0.022222	0.25685	0	0	270	0.0037037	0	0.24063	0	0	270
393256	0																																		
393322	0																																		
393410	0																																		
393542	0																																		
393608	1	9	2	95	169.68	0.0022088	0.03536	0.063158	0	0.18294	0	0	0	0.85597	707	0.021053	0.042105	0	0	0.2275	0.010526	0	95	0	0	0.25324	0.010526	0	95	0	0	0.25779	0.010526	0	95
394268	0																																		
394488	0																																		
394532	1	8	14	133	469.65	0.59504	0.17714	0.037594	0	0.21895	0.022556	2.1292	1	0.97642	672	0.045113	0.33835	0.0075188	0.0075188	0.23687	0	0	133	0.015038	0.015038	0.29005	0	0	133	0.022556	0	0.22096	0	0	133
394642	1	13	4	567	1798.9	0.16108	0.29322	0.0070547	0.0035273	0.23483	0.005291	0	0	0.39689	7735	0	0.028219	0.0035587	0.0035587	0.24497	0	0.0088183	562	0.0017637	0.0017637	0.25329	0	0	567	0	0	0.24701	0	0.005291	564
394796	1	15	10	412	1638	0.37724	0.23182	0.021845	0.0048544	0.11159	0.050971	0.6105	1	0.98862	2146	0.012136	0.07767	0.026764	0.026764	0.25801	0	0.0024272	411	0.02445	0.02445	0.25556	0	0.0072816	409	0.034063	0.024331	0.2337	0	0.0024272	411
394906	0																																		
395060	0																																		
395148	1	21	14	553	2874.6	0.082654	0.22128	0.03255	0	0.18797	0.0090416	1.0436	3	0.84333	3157	0.097649	0.057866	0.005425	0.0036166	0.24257	0	0	553	0.025362	0.009058	0.26443	0	0.0018083	552	0.003663	0	0.23581	0	0.012658	546
395258	0																																		
395390	1	13	5	20	515.96	0.033155	0.039545	0	0	0.14914	0	0	0	1	71	0.1	0.3	0	0	0.24087	0	0	20	0	0	0.26502	0	0	20	0	0	0.11652	0	0	20
395610	1	22	7	708	1667.8	0.45769	0.37108	0.0070621	0	0.12718	0.0070621	1.1992	2	0.97751	3834	0.015537	0.036723	0.0042493	0.0014164	0.24311	0	0.0028249	706	0.0075415	0.0045249	0.24771	0	0.063559	663	0.0099432	0.0014205	0.17887	0	0.0056497	704
395654	1	15	1	370	820.8	0.16707	0.16707	0.013514	0	0.22011	0.040541	0	0	0.94043	2390	0.0027027	0.010811	0.046196	0.035326	0.26404	0	0.0054054	368	0.013514	0.010811	0.25348	0	0	370	0.0054496	0.0054496	0.25796	0	0.0081081	367
395720	0																																		
395764	0																																		
395852	0																																		
395962	1	15	17	185	1678.6	0.048541	0.22685	0.016216	0	0.15567	0	0	0	0.99971	862	0.016216	0.25405	0	0	0.24325	0	0	185	0.0054054	0	0.25795	0	0	185	0.0054054	0	0.19947	0	0	185
396776	0																																		
397194	0																																		
397238	0																																		
397392	1	13	6	523	1999.7	0.43279	0.30619	0.026769	0.0076482	0.13086	0.021033	0	0	0.66207	4678	0	0.038241	0.021154	0.021154	0.29545	0	0.0057361	520	0.013384	0.0057361	0.25128	0	0	523	0	0	0.24604	0	0.040153	502
397480	1	31	6	26	153.91	0	0.17386	0	0	0.19149	0	0	0	1	91	0.076923	0.30769	0	0	0.11693	0	0	26	0	0	0.35244	0	0	26	0	0	0.082052	0	0	26
397568	0																																		
397722	1	18	3	131	989.18	0.086905	0.061567	0	0	0.044164	0.0076336	0	0	1	686	0	0.038168	0.0076336	0.0076336	0.23854	0	0	131	0.0076336	0.0076336	0.25649	0	0	131	0.0076336	0.0076336	0.21312	0	0	131
397920	1	8	5	490	1133.5	0.64143	0.18656	0	0	0.076368	0.014286	0	0	0.99421	2306	0	0.02449	0	0	0.2499	0	0	490	0.0081633	0.0061224	0.25943	0	0	490	0.014403	0.014403	0.24865	0	0.0081633	486
398084	1	15	10	45	731.35	0.18644	0.021393	0	0	0.10473	0	0	0	0.98677	171	0.088889	0.4	0	0	0.28828	0	0	45	0	0	0.22469	0	0.044444	43	0	0	0.063607	0	0	45
398238	0																																		
398260	1	5	7	353	1346.3	0.094197	0.50453	0	0	0.080788	0.014164	0.74275	1	0.98791	1735	0.016997	0.056657	0.0056657	0.0028329	0.26657	0.0056657	0	353	0.0091743	0.0091743	0.25454	0.0061162	0.073654	327	0	0	0.23789	0.0056657	0	353
398414	1	18	2	33	320.8	0.021898	0.010949	0	0	0.11726	0	0	0	1	199	0	0.090909	0	0	0.28986	0	0.030303	32	0	0	0.26253	0	0	33	0	0	0.23752	0	0	33
398436	1	8	5	20	86.826	0.11687	0.27457	0	0	0.11222	0.05	0	0	1	37	0.3	0.3	0	0	0.31844	0	0	20	0	0	0.13894	0.05	0	20	0	0	0.069495	0.05	0	20
398480	0																																		
398514	1	18	6	24	794.61	0.038427	0.19529	0	0	0.12965	0.125	1.2585	1	1	54	0.33333	0.375	0	0	0.18545	0.125	0	24	0	0	0.25188	0.125	0	24	0	0	0.22113	0.125	0	24
398656	0																																		
398690	1	18	18	558	2585	0.13601	0.28638	0.0053763	0	0.15602	0.0035842	0	0	0.95129	3875	0.0089606	0.091398	0	0	0.24923	0	0	558	0.0089767	0.0035907	0.27626	0	0.0017921	557	0	0	0.24415	0	0.0017921	557
398722	0																																		
398810	0																																		
398932	0																																		
399042	0																																		
399052	1	19	13	398	1327.2	0.33993	0.23722	0.065327	0	0.26472	0.012563	3.0138	4	0.81383	3285	0.080402	0.14322	0.0075377	0.0025126	0.21986	0	0	398	0.015385	0.010256	0.25892	0	0.020101	390	0	0	0.25788	0	0	398
399118	1	9	17	596	1698.2	0.51433	0.23601	0.038591	0.0067114	0.17084	0.021812	2.3555	4	0.84541	4360	0.030201	0.095638	0.0050336	0.0033557	0.24179	0	0	596	0.021779	0.019964	0.25917	0	0.075503	551	0.018613	0.015228	0.24345	0	0.0083893	591
399240	0																																		
399284	0																																		
399328	1	12	2	39	81.782	0.13236	0.066181	0.12821	0	0.35013	0	0	0	0.71634	354	0	0.20513	0	0	0.24399	0	0	39	0	0	0.34728	0	0	39	0	0	0.18875	0	0	39
399382	0																																		
399426	0																																		
399702	1	27	1	389	660.47	0.21999	0.21999	0.015424	0	0.26518	0.0025707	1.5141	1	0.44887	4952	0.012853	0.012853	0.0025707	0.0025707	0.25755	0	0	389	0.002584	0	0.26815	0	0.0051414	387	0	0	0.23769	0	0.010283	385
399856	1	3	2	114	187.1	0.061672	0.035198	0	0	0.1163	0	0	0	0.95199	617	0.017544	0.026316	0	0	0.26203	0	0.017544	112	0	0	0.26638	0	0	114	0	0	0.25321	0	0	114
399910	0																																		
399998	1	20	4	101	850.33	0.066388	0.085826	0	0	0.13972	0	0	0	0.9182	665	0	0.09901	0	0	0.2826	0	0	101	0	0	0.23269	0	0	101	0	0	0.22111	0	0	101
400054	1	16	6	33	632.34	0.02677	0.065485	0	0	0.08228	0	0	0	1	129	0	0.27273	0	0	0.21773	0	0	33	0	0	0.27362	0	0	33	0	0	0.038847	0	0	33
400174	0																																		
400262	0																																		
400274	0																																		
400460	1	18	5	315	1340.8	0.087031	0.026768	0	0	0.18422	0.0031746	0	0	0.60407	3293	0	0.057143	0	0	0.24715	0	0	315	0.0063492	0.0031746	0.21486	0	0	315	0.0032051	0	0.2505	0	0.0095238	312
400504	1	6	6	253	1130.7	0.29166	0.32287	0.12253	0.023715	0.4538	0.043478	1.7688	2	0.656	2584	0.059289	0.11067	0.047431	0.039526	0.2812	0	0	253	0.031621	0	0.25654	0	0	253	0.01581	0.0079051	0.26646	0	0	253
400592	1	14	2	426	760.02	0.62784	0.31392	0.014085	0	0.071582	0	0	0	0.99454	1986	0	0.0070423	0	0	0.27152	0	0	426	0	0	0.24367	0	0	426	0	0	0.25336	0	0.0023474	425
400636	1	13	5	487	1484.7	0.13352	0.051661	0.0041068	0	0.23286	0.0041068	0	0	0.42076	7155	0	0.01848	0	0	0.23948	0	0	487	0.0041237	0.0041237	0.26181	0	0.0041068	485	0	0	0.24061	0	0.0061602	484
400724	0																																		
400768	0																																		
400856	1	12	3	172	1210	0.18885	0.062951	0	0	0.062255	0	0	0	0.99558	886	0	0.052326	0	0	0.24043	0	0.005814	171	0	0	0.22745	0	0	172	0	0	0.21605	0	0	172
400900	0																																		
400922	0																																		
401054	1	11	7	42	1015	0.061856	0.28379	0.071429	0	0.11519	0.095238	0.98521	1	1	147	0.095238	0.33333	0.02381	0.02381	0.2661	0.047619	0	42	0.02381	0.02381	0.21991	0.047619	0	42	0.02381	0.02381	0.19033	0.047619	0	42
401208	0																																		
401252	1	25	17	237	857.45	0.32584	0.51001	0.021097	0	0.13649	0.016878	0	0	0.96971	1180	0.0084388	0.173	0.0084388	0.0042194	0.24693	0	0	237	0.012712	0.0084746	0.26445	0	0.0042194	236	0.012658	0.0042194	0.28877	0	0	237
401450	1	23	39	772	3735.6	0.38633	0.37518	0.15155	0.016839	0.48825	0.062176	3.7477	14	0.57931	8341	0.14896	0.26425	0.051813	0.046632	0.25635	0	0	772	0.020725	0.0090674	0.25911	0	0	772	0.025223	0.0089021	0.26819	0	0.12694	674
401516	1	12	4	351	1126.4	0.030636	0.32961	0	0	0.076137	0.005698	0	0	0.99213	1769	0	0.019943	0	0	0.24453	0	0.002849	350	0	0	0.24621	0	0.002849	350	0.0057803	0.0057803	0.21003	0	0.014245	346
401626	1	9	10	284	1670.5	0.18184	0.18902	0.017606	0	0.14219	0.0035211	0.59861	1	0.92251	1575	0.014085	0.10211	0	0	0.21982	0	0	284	0.0035336	0.0035336	0.24151	0	0.0035211	283	0	0	0.22453	0	0.0035211	283
401758	0																																		
401780	1	13	3	283	1047.8	0.065106	0.065517	0.010601	0	0.15733	0	0	0	0.55225	3006	0	0.0070671	0	0	0.24058	0	0	283	0	0	0.22588	0	0	283	0	0	0.24804	0	0.010601	280
401824	0																																		
401846	0																																		
401912	0																																		
401934	0																																		
402330	1	1	3	73	148.3	0.017195	0.00866	0	0	0.13702	0	0	0	0.86783	414	0	0.054795	0	0	0.22254	0	0	73	0	0	0.25525	0	0	73	0	0	0.28209	0	0	73
402484	0																																		
402506	1	11	7	31	926.44	0.071361	0.10887	0.12903	0	0.22198	0.19355	1.0794	1	1	78	0.29032	0.25806	0	0	0.24801	0	0	31	0	0	0.34499	0	0	31	0.13333	0.2	0.2158	0.066667	0.032258	30
402528	0																																		
402880	1	9	18	202	2880.2	0.0088757	0.094954	0.044554	0	0.19797	0	0.3472	1	0.2596	2233	0.064356	0.21287	0	0	0.25043	0	0	202	0	0	0.28355	0	0	202	0	0	0.2304	0	0	202
402902	0																																		
402968	0																																		
403518	0																																		
403716	0																																		
403958	0																																		
404244	1	12	19	322	1564.7	0.14029	0.19687	0.0062112	0	0.13778	0.0093168	0	0	0.85242	2082	0.0062112	0.16149	0.012422	0.0093168	0.24454	0	0	322	0.0094637	0.0094637	0.23939	0	0.015528	317	0.0093458	0.0031153	0.2579	0	0.0031056	321
404464	0																																		
404684	1	9	2	157	335.98	0.026604	0.5133	0.031847	0	0.11734	0.044586	5.9526	2	0.9698	1054	0.11465	0.0063694	0.0063694	0	0.25101	0.031847	0	157	0.012739	0.012739	0.23259	0.031847	0	157	0.012821	0.012821	0.25773	0.032051	0.0063694	156
404772	0																																		
404816	0																																		
404860	0																																		
405190	0																																		
405212	0																																		
405234	1	16	6	78	199.91	0.24711	0.27018	0	0	0.088167	0.012821	0	0	0.83891	444	0	0.11538	0.025641	0.012821	0.26309	0	0	78	0.038462	0	0.22899	0	0	78	0.025641	0	0.26248	0	0	78
405432	1	15	7	214	474.69	0.24002	0.16154	0.023364	0	0.08193	0	0	0	0.9611	1080	0.018692	0.074766	0	0	0.29192	0	0	214	0	0	0.24663	0	0	214	0	0	0.24556	0	0	214
405454	1	7	3	12	96.749	0.79994	0.35904	0	0	0.092215	0	10.336	1	1	26	0.66667	0.16667	0	0	0.25604	0	0	12	0	0	0.1846	0	0	12	0	0	0.097382	0	0	12
405586	0																																		
405674	1	11	2	322	405.8	0.35913	0.54239	0	0	0.067684	0	0	0	0.99723	1586	0.0031056	0.040373	0	0	0.24693	0	0	322	0	0	0.25926	0	0	322	0	0	0.25949	0	0.0031056	321
405740	1	14	5	58	1131.7	0.0010268	0.056727	0	0	0.24362	0	0	0	0.76998	409	0	0.17241	0	0	0.25634	0	0	58	0	0	0.24431	0	0	58	0	0	0.26861	0	0	58
405938	0																																		
406444	1	9	1	4	0.75585	0.010898	0.010898	0	0	0.19864	0	0	0	1	12	0	0	0	0	0.45826	0	0	4	0	0	0.16222	0	0	4	0	0	0.20292	0	0	4
406642	1	4	1	4	0.65434	0	0	0	0	0.16339	0	0	0	1	12	0	0	0	0	0.1661	0	0	4	0	0	0.13214	0	0	4	0	0	0.36632	0	0	4
406752	0																																		
406796	1	11	13	226	1484.3	0.068447	0.20833	0.017699	0	0.086735	0.013274	0.67371	1	0.99818	1074	0.026549	0.12389	0	0.0044248	0.24873	0.017699	0	226	0.0088496	0.0044248	0.28329	0.017699	0	226	0	0.0044444	0.25418	0.017778	0.0044248	225
407148	1	15	5	416	1415.3	0.068484	0.12204	0.012019	0	0.086603	0	0	0	0.98932	2070	0	0.03125	0	0	0.24726	0	0	416	0	0	0.24533	0	0.0096154	412	0	0	0.25523	0	0.0024038	415
407170	0																																		
407258	0																																		
407280	1	51	4	652	1907.8	0.21794	0.18033	0.0092025	0	0.13862	0.015337	0	0	0.98971	3746	0.0076687	0.02454	0.0046012	0.0030675	0.25183	0.0030675	0	652	0.0092166	0.0092166	0.25652	0.0030722	0.0015337	651	0.0047619	0.0047619	0.25721	0.0031746	0.033742	630
407918	1	11	16	303	1869.2	0.071735	0.093512	0.016502	0	0.23946	0	0.53498	1	0.57115	2793	0.029703	0.17162	0	0	0.20659	0	0	303	0	0	0.22522	0.0033223	0.0066007	301	0	0	0.21385	0	0	303
408028	1	19	4	108	449.35	0.04305	0.38036	0.027778	0	0.21561	0.018519	0	0	0.99005	679	0	0.046296	0	0	0.2332	0	0	108	0	0	0.27976	0	0	108	0	0	0.26045	0.018868	0.018519	106
408094	0																																		
408534	1	9	5	446	1568	0.21957	0.17873	0.013453	0	0.098194	0.0022422	0	0	0.98313	2476	0.0022422	0.044843	0	0	0.26557	0	0	446	0.0044944	0.0022472	0.26046	0	0.0022422	445	0.0023697	0	0.17094	0.0023697	0.053812	422
408556	0																																		
408776	0																																		
409084	0																																		
409282	0																																		
409458	1	8	2	17	167.84	0.0020898	0.0010449	0	0	0.12885	0	0	0	1	82	0	0.17647	0	0	0.23989	0	0	17	0	0	0.20256	0	0	17	0	0	0.23141	0	0	17
409480	0																																		
409546	1	9	9	67	2738.4	0.22994	0.086153	0	0	0.11928	0	0	0	1	283	0.014925	0.31343	0	0	0.23818	0	0	67	0	0	0.28854	0.014925	0	67	0	0	0.18957	0	0	67
409590	0																																		
409634	1	63	16	206	724.56	0.0049925	0.25785	0.048544	0	0.29085	0.038835	1.3801	1	0.8018	1219	0.033981	0.28641	0.024272	0.014563	0.28248	0	0	206	0.024272	0.024272	0.24675	0	0	206	0.014778	0.014778	0.24757	0	0.014563	203
409920	1	7	11	55	370.88	0.0023885	0.0097486	0	0	0.11342	0	2.6963	1	1	203	0.10909	0.34545	0	0	0.3241	0.018182	0	55	0	0	0.26616	0.018182	0	55	0	0	0.12723	0.018182	0	55
409942	1	17	8	171	1119	0.11086	0.18726	0	0	0.12291	0.017544	0	0	0.70774	1179	0.035088	0.17544	0.035088	0.011696	0.2411	0	0	171	0.005848	0.005848	0.24704	0	0	171	0	0	0.25607	0	0	171
409964	1	14	13	410	2235.1	0.30149	0.19068	0	0	0.078334	0.004878	1.3422	3	0.99158	2018	0.031707	0.063415	0	0	0.24068	0	0	410	0.004878	0.004878	0.22235	0	0	410	0.002457	0	0.25712	0	0.0073171	407
410008	1	35	20	334	1720.7	0.032113	0.2077	0.098802	0.008982	0.29918	0.047904	2.9058	5	0.85248	2173	0.10479	0.24251	0.02994	0.020958	0.26569	0	0	334	0.035928	0.023952	0.2662	0	0	334	0.017964	0.005988	0.20918	0	0	334
410426	0																																		
410558	0																																		
411152	0																																		
411262	0																																		
411306	0																																		
411460	0																																		
411790	0																																		
411834	0																																		
412208	1	7	5	173	359.43	0.2274	0.22318	0.011561	0	0.14768	0.011561	2.7822	1	0.97752	920	0.080925	0.080925	0.017341	0.011561	0.24813	0	0	173	0.011561	0	0.24585	0	0	173	0.0057803	0	0.24984	0	0	173
412626	0																																		
412692	1	13	18	326	3481	0.051139	0.15485	0.027607	0	0.11394	0.0092025	0.86181	3	0.97887	1792	0.039877	0.16871	0.006135	0.006135	0.26271	0.0030675	0	326	0.006135	0.0030675	0.24931	0.0030675	0	326	0.0033898	0.0033898	0.22904	0.0033898	0.095092	295
412846	0																																		
486049	0																																		
486093	0																																		
486225	0																																		
486247	1	7	8	144	939.24	0.14195	0.15372	0.013889	0	0.12875	0.0069444	1.0647	1	0.84328	947	0.027778	0.1875	0.0069444	0.0069444	0.24377	0	0	144	0	0	0.30455	0	0.21528	113	0	0	0.27629	0	0	144
486511	0																																		
486577	0																																		
486621	0																																		
486687	1	20	32	792	4013.2	0.33032	0.29746	0.036616	0.0037879	0.16744	0.022727	0.49836	2	0.76677	5361	0.046717	0.14646	0.026582	0.018987	0.26919	0	0.0025253	790	0.0051107	0.0034072	0.24217	0	0.25884	587	0.0076336	0.0038168	0.22682	0	0.0075758	786
486753	0																																		
486907	1	98	32	426	2367.9	0.29167	0.18094	0.011737	0	0.22614	0.0023474	0	0	0.83633	3018	0.0070423	0.223	0.0046948	0.0023474	0.25745	0	0	426	0.0070423	0.0023474	0.24457	0	0	426	0.0023474	0	0.24279	0	0	426
487237	0																																		
487259	0																																		
487303	1	7	5	234	538.51	0.45266	0.48027	0	0	0.090868	0	0	0	1	1388	0	0.029915	0	0	0.25328	0	0.008547	232	0	0	0.20825	0	0.0042735	233	0	0	0.14638	0	0.008547	232
487545	0																																		
487633	0																																		
487853	1	13	13	151	1389.8	0.38041	0.39433	0.13245	0.046358	0.19482	0.10596	1.4391	2	0.63887	766	0.17881	0.21192	0.10596	0.07947	0.27987	0	0	151	0.046358	0.013245	0.25681	0	0	151	0.013245	0.013245	0.20004	0	0	151
488139	1	14	2	262	531.76	0.33498	0.18495	0	0	0.091159	0.0076336	0	0	0.99758	1581	0	0.019084	0.0076628	0.0038314	0.23066	0	0.0038168	261	0.0081967	0.0081967	0.25753	0	0.068702	244	0.0076336	0.0038168	0.25854	0	0	262
488689	0																																		
488755	1	9	8	100	1344.1	0.27149	0.20125	0	0	0.089421	0.04	0	0	1	456	0.04	0.15	0	0.03	0.2096	0.05	0	100	0.020408	0.010204	0.26469	0	0.02	98	0	0	0.20991	0	0	100
488799	0																																		
488953	0																																		
489327	1	19	21	868	3059.5	0.40391	0.407	0.020737	0.0092166	0.14344	0.018433	0.98054	3	0.95517	5713	0.020737	0.077189	0.0023095	0	0.24193	0.0057737	0.0023041	866	0.016607	0.011862	0.25846	0.0059312	0.028802	843	0.015064	0.010429	0.24922	0.0057937	0.0057604	863
489459	0																																		
489503	1	18	18	346	1318.3	0.19341	0.27713	0.0086705	0	0.18385	0.011561	0.75855	1	0.977	1926	0.020231	0.14162	0.0028902	0.0028902	0.21751	0.0057803	0	346	0.014451	0.0086705	0.2632	0.0028902	0	346	0.0028986	0	0.23456	0.0057971	0.0028902	345
489679	0																																		
489789	0																																		
489811	0																																		
490339	0																																		
490361	1	20	13	203	1540.9	0.063553	0.2194	0.064039	0.0098522	0.16664	0.019704	0.64899	1	0.65766	1287	0.044335	0.133	0.024631	0.0049261	0.23702	0	0	203	0.024631	0.014778	0.23611	0	0	203	0.0049261	0	0.24426	0	0	203
490559	0																																		
490581	1	6	1	396	819.84	0.13832	0.13832	0.010101	0.0050505	0.14522	0	1.2198	1	0.84843	3327	0.012626	0.017677	0	0	0.2475	0	0	396	0	0	0.27723	0	0	396	0	0	0.24921	0	0	396
490779	1	15	14	61	1447.1	0.0053111	0.006432	0	0	0.097165	0	1.3821	2	1	216	0.16393	0.44262	0	0	0.27836	0	0	61	0	0	0.22248	0	0	61	0	0	0.098759	0	0	61
490889	0																																		
490977	1	17	15	284	1032.7	0.14485	0.30054	0.038732	0	0.081431	0.03169	1.9366	2	0.96228	1453	0.045775	0.14437	0.03169	0.028169	0.24489	0	0	284	0.010638	0.0070922	0.24933	0	0.0070423	282	0.017606	0.017606	0.22108	0	0	284
491021	0																																		
491197	0																																		
491241	0																																		
491285	0																																		
491417	0																																		
491483	1	13	6	124	1008.4	0.19143	0.087378	0	0	0.089523	0	0	0	1	587	0	0.08871	0	0	0.25471	0	0	124	0	0	0.27821	0	0.040323	119	0	0	0.23445	0	0	124
491857	0																																		
492649	1	20	28	245	1670.1	0.34902	0.13774	0.0081633	0	0.10224	0.012245	0	0	0.99743	1008	0.065306	0.22041	0.012245	0.0040816	0.20396	0	0	245	0.020408	0.012245	0.26733	0	0	245	0.0040816	0.0040816	0.20088	0	0	245
492803	1	16	5	434	1964.4	0.61356	0.13662	0.020737	0.0046083	0.09676	0.0092166	0	0	0.97925	2520	0	0.041475	0.0023041	0.0023041	0.23349	0	0	434	0.0023041	0.0023041	0.26202	0	0	434	0.0096154	0.0072115	0.2487	0	0.041475	416
492891	1	13	3	796	1456.1	0.49087	0.58621	0	0	0.085613	0.0037688	0	0	0.98536	4423	0	0.0037688	0	0	0.25621	0	0	796	0.0025126	0.0025126	0.25736	0	0	796	0.0012723	0.0012723	0.25725	0	0.012563	786
492913	1	15	3	99	768.95	0.0048769	0.0091509	0.010101	0	0.1693	0.060606	1.3005	1	0.89412	660	0.050505	0.070707	0.060606	0.050505	0.3001	0	0	99	0.010101	0	0.25919	0	0	99	0.060606	0.060606	0.25055	0	0	99
493199	0																																		
493243	1	13	9	351	1329.6	0.35185	0.19921	0.002849	0	0.10326	0.037037	0.75208	1	0.99553	1701	0.014245	0.037037	0.017094	0.017094	0.22045	0.022792	0	351	0.005698	0.005698	0.27903	0	0	351	0.017143	0.0085714	0.22173	0	0.002849	350
493397	0																																		
493419	0																																		
493485	0																																		
