run	subrun	event	dir	has	main_cid	n_union	rows	len_cm	uncov	uncov_union	P1	P1_2	ridge_med	P2	P3	holes	P4	img_pts	qneg	wig1	R2D_U	R2Dpm1_U	med_d_U	noslice_U	dead_U	nlive_U	R2D_V	R2Dpm1_V	med_d_V	noslice_V	dead_V	nlive_V	R2D_W	R2Dpm1_W	med_d_W	noslice_W	dead_W	nlive_W
719	45	10	work-r3cv-d116cs/f000/pr_evt10	1	23	16	847	1852.6	0.27053	0.37371	0.057851	0.0070838	0.1771	0.040142	1.0796	2	0.55063	6244	0.035419	0.09209	0.046373	0.03805	0.25238	0	0.0070838	841	0.0070922	0.0035461	0.23405	0	0.0011806	846	0.01182	0.0047281	0.24671	0	0.0011806	846
719	45	12	work-r3cv-d116cs/f000/pr_evt12	0																																		
719	45	17	work-r3cv-d116cs/f000/pr_evt17	1	20	6	418	1392.6	0.12477	0.42112	0.0095694	0.0095694	0.067631	0.014354	1.4362	2	0.99586	2305	0.023923	0.026316	0.0095694	0.0047847	0.25897	0.0095694	0	418	0	0	0.24882	0.0095694	0	418	0.005277	0	0.25168	0.010554	0.093301	379
719	45	19	work-r3cv-d116cs/f000/pr_evt19	1	32	20	439	1345	0.27817	0.20002	0.015945	0	0.17874	0.0045558	0	0	0.9222	2497	0.0091116	0.14351	0.0022779	0.0022779	0.24838	0	0	439	0.0045558	0.0022779	0.25067	0	0	439	0.0022936	0.0022936	0.24908	0	0.0068337	436
719	45	22	work-r3cv-d116cs/f000/pr_evt22	1	17	22	303	1469.6	0.63061	0.60209	0.036304	0	0.28227	0.09571	2.7218	4	0.92095	1493	0.13861	0.27063	0.059406	0.023102	0.31082	0	0	303	0.046205	0.033003	0.27759	0	0	303	0.053333	0.04	0.27941	0	0.009901	300
719	45	25	work-r3cv-d116cs/f000/pr_evt25	1	9	2	41	68.447	0.020806	0.21187	0	0	0.080883	0	0	0	1	203	0	0.073171	0	0	0.24603	0	0	41	0	0	0.24423	0	0	41	0	0	0.23937	0	0	41
719	45	3	work-r3cv-d116cs/f000/pr_evt3	0																																		
719	45	30	work-r3cv-d116cs/f000/pr_evt30	1	12	4	21	143.68	0.04035	0.089497	0	0	0.088021	0	6.9597	1	1	77	0.19048	0.2381	0	0	0.19628	0	0	21	0	0	0.31314	0	0	21	0	0	0.26887	0	0	21
719	45	32	work-r3cv-d116cs/f000/pr_evt32	1	5	15	141	664.88	0.047849	0.10787	0	0	0.094452	0.0070922	1.504	1	1	528	0.056738	0.21277	0	0	0.20533	0	0	141	0.0070922	0.0070922	0.28729	0	0	141	0.0070922	0	0.11552	0	0	141
719	45	33	work-r3cv-d116cs/f000/pr_evt33	0																																		
719	45	34	work-r3cv-d116cs/f000/pr_evt34	0																																		
719	45	35	work-r3cv-d116cs/f000/pr_evt35	0																																		
719	45	37	work-r3cv-d116cs/f000/pr_evt37	0																																		
719	45	40	work-r3cv-d116cs/f000/pr_evt40	0																																		
719	45	41	work-r3cv-d116cs/f000/pr_evt41	1	9	2	8	31.204	0.11431	0.091892	0	0	0.20047	0	0	0	1	24	0	0	0	0	0.21562	0	0	8	0	0	0.27545	0	0	8	0	0	0.018845	0	0	8
719	45	42	work-r3cv-d116cs/f000/pr_evt42	1	3	6	120	297.1	0.039598	0.10858	0	0	0.28069	0	3.3659	1	0.53698	1225	0.05	0.066667	0	0	0.25649	0	0	120	0	0	0.27483	0	0	120	0	0	0.23744	0	0	120
719	45	45	work-r3cv-d116cs/f000/pr_evt45	0																																		
719	45	48	work-r3cv-d116cs/f000/pr_evt48	1	21	4	253	828.99	0.019147	0.0047867	0.051383	0	0.10433	0.0039526	0	0	0.95365	1660	0.0039526	0.071146	0	0	0.25976	0	0	253	0.0081633	0.0040816	0.25366	0	0.031621	245	0	0	0.26073	0	0	253
713	45	1	work-r3cv-d116cs/f001/pr_evt1	1	16	18	657	2280.9	0.38411	0.20113	0.035008	0	0.12175	0.0076104	0.43843	1	0.80341	4477	0.010654	0.11111	0.0045662	0.0030441	0.2418	0	0	657	0.0047695	0.0015898	0.26297	0	0.042618	629	0.0060883	0.0030441	0.25016	0	0	657
713	45	10	work-r3cv-d116cs/f001/pr_evt10	1	15	7	151	871.32	0.15776	0.19271	0.07947	0	0.17919	0.10596	3.443	3	0.94379	1010	0.092715	0.092715	0.092715	0.066225	0.27955	0.02649	0	151	0	0	0.2592	0.02649	0	151	0.013333	0.013333	0.24981	0.026667	0.0066225	150
713	45	12	work-r3cv-d116cs/f001/pr_evt12	0																																		
713	45	15	work-r3cv-d116cs/f001/pr_evt15	0																																		
713	45	25	work-r3cv-d116cs/f001/pr_evt25	1	9	6	389	932.76	0.072216	0.22875	0	0	0.097011	0.0025707	0	0	0.99581	2264	0	0.025707	0.002584	0	0.2734	0	0.0051414	387	0	0	0.24953	0	0.0025707	388	0.0025707	0.0025707	0.25032	0	0	389
713	45	26	work-r3cv-d116cs/f001/pr_evt26	0																																		
713	45	28	work-r3cv-d116cs/f001/pr_evt28	0																																		
713	45	30	work-r3cv-d116cs/f001/pr_evt30	0																																		
713	45	31	work-r3cv-d116cs/f001/pr_evt31	1	21	6	121	864.49	0.10658	0.16928	0	0	0.10845	0	0	0	1	598	0.016529	0.090909	0	0	0.23905	0	0	121	0	0	0.22465	0	0.0082645	120	0	0	0.20516	0	0	121
713	45	33	work-r3cv-d116cs/f001/pr_evt33	1	14	13	425	1849.6	0.10701	0.17826	0.025882	0	0.1259	0.032941	0	0	0.99122	2382	0.0023529	0.10588	0	0	0.2338	0	0	425	0.042714	0.035176	0.24181	0	0.063529	398	0.0311	0.021531	0.26061	0	0.016471	418
713	45	38	work-r3cv-d116cs/f001/pr_evt38	1	30	3	296	596.83	0.30342	0.10114	0.027027	0	0.13951	0	0	0	0.94756	1972	0.0067568	0.030405	0	0	0.23833	0	0	296	0	0	0.23892	0	0.064189	277	0.0036101	0	0.24994	0	0.064189	277
713	45	45	work-r3cv-d116cs/f001/pr_evt45	1	12	3	31	102.52	0.0056428	0.0018809	0	0	0.10771	0	0	0	1	120	0	0.16129	0	0	0.16126	0	0	31	0	0	0.22588	0	0	31	0	0	0.26681	0	0	31
713	45	47	work-r3cv-d116cs/f001/pr_evt47	0																																		
713	45	6	work-r3cv-d116cs/f001/pr_evt6	0																																		
713	58	11	work-r3cv-d116cs/f002/pr_evt11	0																																		
713	58	19	work-r3cv-d116cs/f002/pr_evt19	1	5	9	630	1516.7	0.062596	0.14322	0.015873	0	0.21559	0	0	0	0.56999	6911	0	0.030159	0	0	0.2533	0	0	630	0	0	0.24147	0	0	630	0	0	0.26227	0	0.0063492	626
713	58	2	work-r3cv-d116cs/f002/pr_evt2	0																																		
713	58	20	work-r3cv-d116cs/f002/pr_evt20	1	13	6	57	158.98	0.091394	0.19946	0.035088	0	0.16381	0	0	0	0.88365	354	0.017544	0.21053	0	0	0.21138	0	0	57	0.017544	0	0.25003	0	0	57	0	0	0.27257	0	0	57
713	58	23	work-r3cv-d116cs/f002/pr_evt23	1	30	18	180	948.68	0.19775	0.16364	0.05	0	0.20054	0.033333	1.0541	1	0.93305	1016	0.077778	0.32778	0.05	0.0055556	0.2172	0	0	180	0.033333	0.022222	0.27184	0	0	180	0.022222	0.016667	0.20928	0	0	180
713	58	28	work-r3cv-d116cs/f002/pr_evt28	0																																		
713	58	34	work-r3cv-d116cs/f002/pr_evt34	0																																		
713	58	4	work-r3cv-d116cs/f002/pr_evt4	0																																		
713	58	47	work-r3cv-d116cs/f002/pr_evt47	0																																		
713	58	5	work-r3cv-d116cs/f002/pr_evt5	0																																		
713	58	9	work-r3cv-d116cs/f002/pr_evt9	0																																		
713	97	10	work-r3cv-d116cs/f003/pr_evt10	1	16	8	339	1312.1	0.4831	0.1723	0.0088496	0	0.10038	0.011799	0	0	0.96545	1849	0.014749	0.044248	0.011799	0.0058997	0.26731	0	0	339	0.0029586	0.0029586	0.22908	0.0029586	0.0029499	338	0.0029586	0.0059172	0.23391	0.0029586	0.0029499	338
713	97	11	work-r3cv-d116cs/f003/pr_evt11	0																																		
713	97	15	work-r3cv-d116cs/f003/pr_evt15	0																																		
713	97	18	work-r3cv-d116cs/f003/pr_evt18	1	10	6	229	606.99	0.064815	0.022443	0	0	0.10558	0	0	0	0.60101	2406	0.017467	0.043668	0	0	0.205	0	0	229	0	0	0.24306	0	0	229	0	0	0.26394	0	0	229
713	97	25	work-r3cv-d116cs/f003/pr_evt25	0																																		
713	97	35	work-r3cv-d116cs/f003/pr_evt35	1	23	13	210	1486.7	0.095194	0.2524	0	0	0.12186	0.014286	1.3453	2	0.95981	1145	0.085714	0.11905	0.014286	0.014286	0.20943	0	0	210	0.0095238	0.0095238	0.24023	0	0	210	0	0	0.18568	0	0.019048	206
713	97	36	work-r3cv-d116cs/f003/pr_evt36	0																																		
713	97	40	work-r3cv-d116cs/f003/pr_evt40	0																																		
713	97	42	work-r3cv-d116cs/f003/pr_evt42	0																																		
713	97	43	work-r3cv-d116cs/f003/pr_evt43	0																																		
713	97	49	work-r3cv-d116cs/f003/pr_evt49	1	16	1	113	193.54	0.0031801	0.0031801	0	0	0.21502	0	0	0	0.96591	560	0	0	0	0	0.25773	0	0	113	0	0	0.27006	0	0	113	0	0	0.2224	0	0	113
713	97	6	work-r3cv-d116cs/f003/pr_evt6	1	27	6	733	2037.9	0.13013	0.25221	0.0040928	0	0.16661	0	0.4907	1	0.8414	6566	0.005457	0.016371	0	0	0.25379	0	0	733	0	0	0.24519	0	0	733	0	0	0.24477	0	0.0068213	728
713	97	7	work-r3cv-d116cs/f003/pr_evt7	0																																		
713	97	9	work-r3cv-d116cs/f003/pr_evt9	0																																		
715	36	10	work-r3cv-d116cs/f004/pr_evt10	0																																		
715	36	11	work-r3cv-d116cs/f004/pr_evt11	1	12	6	556	796.22	0.20391	0.081021	0.017986	0	0.20953	0.0071942	0	0	0.4969	6893	0.01259	0.043165	0.0072202	0.0018051	0.24311	0.0018051	0.0035971	554	0.0090909	0.0036364	0.24491	0.0018182	0.010791	550	0	0.0018116	0.24061	0.0018116	0.0071942	552
715	36	15	work-r3cv-d116cs/f004/pr_evt15	0																																		
715	36	2	work-r3cv-d116cs/f004/pr_evt2	1	17	6	361	700.5	0.43369	0.36757	0.022161	0	0.071955	0.027701	1.4276	1	0.99505	1795	0.019391	0.049861	0.011142	0.011142	0.23815	0.011142	0.0055402	359	0	0	0.23886	0.011461	0.033241	349	0.0084034	0.0056022	0.25015	0.011204	0.01108	357
715	36	40	work-r3cv-d116cs/f004/pr_evt40	0																																		
715	36	43	work-r3cv-d116cs/f004/pr_evt43	0																																		
715	36	46	work-r3cv-d116cs/f004/pr_evt46	1	23	4	83	322.71	0.0033531	0.00083826	0	0	0.06625	0	3.0988	1	1	393	0.048193	0.084337	0	0	0.24323	0	0	83	0	0	0.27534	0	0	83	0	0	0.22906	0	0	83
715	36	47	work-r3cv-d116cs/f004/pr_evt47	0																																		
715	34	1	work-r3cv-d116cs/f005/pr_evt1	1	16	5	344	1167.7	0.29424	0.25957	0.011628	0.011628	0.074998	0.031977	0.8564	1	1	1787	0.014535	0.02907	0.002907	0.002907	0.25445	0.011628	0	344	0.022581	0.019355	0.26338	0.012903	0.098837	310	0.0030675	0	0.20086	0.01227	0.052326	326
715	34	13	work-r3cv-d116cs/f005/pr_evt13	0																																		
715	34	17	work-r3cv-d116cs/f005/pr_evt17	1	18	6	650	1839.7	0.13493	0.022488	0.0076923	0	0.10725	0.0030769	0.54356	1	0.97124	4218	0.0076923	0.024615	0	0	0.25115	0	0	650	0.0030769	0.0030769	0.23345	0	0	650	0	0	0.25773	0	0.0076923	645
715	34	2	work-r3cv-d116cs/f005/pr_evt2	1	5	12	61	662.31	0.22299	0.16837	0	0	0.06966	0	1.5099	1	0.99378	204	0.18033	0.37705	0	0	0.23428	0.016393	0	61	0	0	0.22763	0	0	61	0	0	0.09462	0.016393	0	61
715	34	20	work-r3cv-d116cs/f005/pr_evt20	1	15	6	24	179.45	0	0.11993	0	0	0.11644	0	5.5726	1	1	74	0.25	0.33333	0	0	0.10953	0	0	24	0	0	0.26571	0	0	24	0	0	0.21353	0	0	24
715	34	3	work-r3cv-d116cs/f005/pr_evt3	1	12	4	70	165.89	0.017723	0.037619	0.085714	0	0.15576	0	0	0	1	337	0	0.18571	0	0	0.24303	0	0	70	0	0	0.2406	0	0	70	0	0	0.079378	0	0	70
715	34	42	work-r3cv-d116cs/f005/pr_evt42	1	20	6	24	239.99	0.20179	0.19905	0	0	0.16529	0.041667	8.3335	2	1	69	0.33333	0.33333	0	0	0.15079	0.041667	0	24	0	0	0.10515	0.041667	0	24	0	0	0.1246	0	0	24
715	34	43	work-r3cv-d116cs/f005/pr_evt43	1	1	4	349	906.37	0.25317	0.24538	0.025788	0	0.14109	0	0	0	0.91006	1995	0.011461	0.060172	0	0	0.25451	0	0	349	0	0	0.23209	0	0	349	0.008596	0	0.26041	0	0	349
715	34	50	work-r3cv-d116cs/f005/pr_evt50	1	12	7	101	305.65	0.020789	0.17496	0	0	0.079416	0.009901	3.2717	1	0.9997	402	0.059406	0.12871	0.019802	0.009901	0.1755	0	0	101	0.019802	0	0.27589	0	0	101	0	0	0.23262	0	0	101
714	12	1	work-r3cv-d116cs/f006/pr_evt1	1	20	14	140	1082.1	0.22524	0.17214	0	0	0.093302	0.0071429	0	0	1	595	0.014286	0.20714	0.0071429	0.0071429	0.22121	0	0	140	0.014286	0.0071429	0.28136	0	0	140	0	0	0.21902	0	0.028571	136
714	12	10	work-r3cv-d116cs/f006/pr_evt10	1	13	6	72	130.45	0.16669	0.27479	0.097222	0	0.17117	0.15278	0	0	0.98618	331	0.027778	0.13889	0.13889	0.125	0.2767	0	0	72	0.13889	0.13889	0.24756	0	0	72	0	0	0.24749	0	0	72
714	12	17	work-r3cv-d116cs/f006/pr_evt17	0																																		
714	12	18	work-r3cv-d116cs/f006/pr_evt18	0																																		
714	12	2	work-r3cv-d116cs/f006/pr_evt2	1	22	4	55	1575.7	0.22571	0.35604	0.090909	0.072727	0.26233	0.090909	0.63466	1	0.87443	295	0.072727	0.14545	0	0	0.28353	0.090909	0	55	0.018182	0.018182	0.16687	0.090909	0	55	0	0	0.29083	0.090909	0	55
714	12	22	work-r3cv-d116cs/f006/pr_evt22	0																																		
714	12	24	work-r3cv-d116cs/f006/pr_evt24	0																																		
714	12	26	work-r3cv-d116cs/f006/pr_evt26	0																																		
714	12	27	work-r3cv-d116cs/f006/pr_evt27	0																																		
714	12	29	work-r3cv-d116cs/f006/pr_evt29	0																																		
714	12	31	work-r3cv-d116cs/f006/pr_evt31	0																																		
714	12	34	work-r3cv-d116cs/f006/pr_evt34	1	2	30	122	1365.5	0.43459	0.20409	0	0	0.12304	0.0081967	3.6617	5	1	287	0.2623	0.45902	0.016393	0.0081967	0.23406	0	0	122	0.0081967	0	0.22642	0	0	122	0.0081967	0	0.026964	0	0	122
714	12	35	work-r3cv-d116cs/f006/pr_evt35	1	20	7	567	2155.1	0.20945	0.16198	0.005291	0	0.13832	0.0017637	0.46402	1	0.59736	4401	0.010582	0.075838	0.0017637	0.0017637	0.25553	0	0	567	0	0	0.24227	0	0	567	0	0	0.2711	0	0.017637	557
714	12	36	work-r3cv-d116cs/f006/pr_evt36	0																																		
714	12	4	work-r3cv-d116cs/f006/pr_evt4	0																																		
714	12	41	work-r3cv-d116cs/f006/pr_evt41	0																																		
714	12	42	work-r3cv-d116cs/f006/pr_evt42	1	9	3	18	90.414	0.29605	0.098684	0.16667	0	0.1307	0	0	0	0.99871	75	0	0.33333	0.055556	0	0.42188	0.055556	0	18	0	0	0.40656	0.055556	0	18	0.055556	0	0.10775	0	0	18
714	12	47	work-r3cv-d116cs/f006/pr_evt47	0																																		
714	12	49	work-r3cv-d116cs/f006/pr_evt49	1	18	3	71	484.91	0.26696	0.088985	0	0	0.23525	0	0	0	0.85261	635	0.014085	0.056338	0	0	0.22337	0	0	71	0	0	0.25489	0	0	71	0	0	0.25662	0	0.014085	70
714	12	6	work-r3cv-d116cs/f006/pr_evt6	1	18	20	696	2239	0.10573	0.17118	0.04454	0	0.2458	0.011494	0.44663	1	0.66562	6690	0.017241	0.14799	0.011527	0.0086455	0.23438	0.0014409	0.0028736	694	0.0071839	0	0.24876	0.0014368	0	696	0.0072254	0.0028902	0.24064	0.0014451	0.0057471	692
719	92	12	work-r3cv-d116cs/f007/pr_evt12	0																																		
719	92	16	work-r3cv-d116cs/f007/pr_evt16	0																																		
719	92	24	work-r3cv-d116cs/f007/pr_evt24	0																																		
719	92	3	work-r3cv-d116cs/f007/pr_evt3	1	5	6	85	272.14	0.032155	0.0053592	0	0	0.10444	0	0	0	0.99326	425	0	0.094118	0	0	0.27555	0	0	85	0	0	0.27927	0	0	85	0	0	0.29436	0	0	85
719	92	31	work-r3cv-d116cs/f007/pr_evt31	0																																		
719	92	33	work-r3cv-d116cs/f007/pr_evt33	1	11	8	229	469.62	0.26657	0.45346	0.1048	0.0087336	0.35766	0.048035	6.3881	3	0.89618	1476	0.11354	0.23581	0.043668	0.034934	0.26725	0	0	229	0.030568	0.017467	0.26908	0	0	229	0.017467	0	0.27304	0	0	229
719	92	40	work-r3cv-d116cs/f007/pr_evt40	1	2	8	250	777.99	0.11567	0.23879	0	0	0.068067	0.016	1.2854	1	1	1282	0.024	0.06	0.004	0.008	0.26081	0.02	0	250	0	0	0.23697	0	0	250	0	0	0.20311	0	0.052	237
719	92	42	work-r3cv-d116cs/f007/pr_evt42	0																																		
719	92	43	work-r3cv-d116cs/f007/pr_evt43	1	7	6	174	566.05	0.18931	0.061844	0.017241	0	0.08121	0	0	0	0.9953	853	0	0.1092	0	0	0.21712	0	0	174	0	0	0.28254	0.0057471	0	174	0	0	0.16478	0	0	174
719	92	44	work-r3cv-d116cs/f007/pr_evt44	1	22	11	864	2483.2	0.46706	0.1817	0.0046296	0	0.14985	0.0023148	0	0	0.4847	8586	0.0046296	0.038194	0.010417	0.0011574	0.24041	0	0	864	0.0012136	0.0012136	0.26341	0	0.046296	824	0	0	0.25594	0	0.010417	855
719	92	45	work-r3cv-d116cs/f007/pr_evt45	1	6	11	162	570.8	0.079597	0.10586	0.030864	0	0.098557	0	5.2558	3	0.65668	1042	0.074074	0.12963	0.0062112	0	0.2254	0	0.0061728	161	0	0	0.27252	0	0	162	0.0061728	0	0.25433	0	0	162
719	92	6	work-r3cv-d116cs/f007/pr_evt6	0																																		
719	92	9	work-r3cv-d116cs/f007/pr_evt9	1	21	4	20	113.92	0.13619	0.2133	0	0	0.13119	0.05	8.778	1	1	65	0.2	0.3	0.05	0.05	0.27279	0	0	20	0	0	0.27033	0	0	20	0	0	0.044934	0	0	20
711	90	11	work-r3cv-d116cs/f008/pr_evt11	0																																		
711	90	13	work-r3cv-d116cs/f008/pr_evt13	0																																		
711	90	15	work-r3cv-d116cs/f008/pr_evt15	0																																		
711	90	18	work-r3cv-d116cs/f008/pr_evt18	1	17	7	901	2397.4	0.33145	0.47628	0.0055494	0	0.16254	0.0077691	0.41711	1	0.84444	7955	0.0055494	0.019978	0	0	0.24147	0.0044395	0	901	0.0022297	0.0022297	0.25908	0.0044593	0.0044395	897	0.003352	0.003352	0.23792	0.0044693	0.0066593	895
711	90	19	work-r3cv-d116cs/f008/pr_evt19	1	90	57	428	5099.8	0.10095	0.13745	0.074766	0	0.17134	0.014019	0.78434	4	0.88244	2099	0.077103	0.29673	0.016355	0	0.19273	0	0	428	0.016355	0.0070093	0.25018	0	0	428	0.021898	0.0072993	0.22255	0	0.03972	411
711	90	20	work-r3cv-d116cs/f008/pr_evt20	0																																		
711	90	25	work-r3cv-d116cs/f008/pr_evt25	1	19	2	634	1918.4	0.34716	0.57247	0.022082	0.0015773	0.22451	0	0	0	0.34704	11294	0.0015773	0.0063091	0	0	0.25199	0	0.0015773	633	0	0	0.26127	0	0.0047319	631	0	0	0.25422	0	0.0063091	630
711	90	27	work-r3cv-d116cs/f008/pr_evt27	0																																		
711	90	30	work-r3cv-d116cs/f008/pr_evt30	1	20	4	365	572.11	0.06718	0.17889	0.019178	0	0.15072	0.0027397	0	0	0.7615	2742	0.0027397	0.046575	0.0027397	0.0027397	0.26044	0	0	365	0	0	0.2483	0	0.0054795	363	0	0	0.24744	0	0	365
711	90	32	work-r3cv-d116cs/f008/pr_evt32	0																																		
711	90	35	work-r3cv-d116cs/f008/pr_evt35	1	10	15	272	1053.1	0.41763	0.22297	0.0625	0	0.32248	0.0073529	0	0	0.62436	2538	0.022059	0.23529	0.018382	0	0.21212	0	0	272	0.011029	0.0073529	0.26552	0	0	272	0	0	0.22868	0	0	272
711	90	36	work-r3cv-d116cs/f008/pr_evt36	0																																		
711	90	38	work-r3cv-d116cs/f008/pr_evt38	0																																		
711	90	39	work-r3cv-d116cs/f008/pr_evt39	0																																		
711	90	4	work-r3cv-d116cs/f008/pr_evt4	0																																		
711	90	40	work-r3cv-d116cs/f008/pr_evt40	0																																		
711	90	41	work-r3cv-d116cs/f008/pr_evt41	0																																		
711	90	43	work-r3cv-d116cs/f008/pr_evt43	0																																		
711	90	44	work-r3cv-d116cs/f008/pr_evt44	0																																		
711	90	49	work-r3cv-d116cs/f008/pr_evt49	0																																		
711	90	6	work-r3cv-d116cs/f008/pr_evt6	1	14	7	196	440.34	0.20268	0.20137	0.015306	0	0.086924	0.010204	0	0	0.9577	1133	0	0.096939	0.005102	0.005102	0.25413	0	0	196	0.010204	0.010204	0.23383	0	0	196	0.005102	0.005102	0.2719	0	0	196
715	59	1	work-r3cv-d116cs/f009/pr_evt1	0																																		
715	59	14	work-r3cv-d116cs/f009/pr_evt14	0																																		
715	59	28	work-r3cv-d116cs/f009/pr_evt28	0																																		
715	59	3	work-r3cv-d116cs/f009/pr_evt3	1	6	5	257	784.77	0.17232	0.27224	0.023346	0	0.42726	0.035019	2.5485	2	0.47234	3587	0.070039	0.1323	0.031128	0.015564	0.25584	0	0	257	0.035019	0.011673	0.27793	0	0	257	0.015564	0.0077821	0.22658	0	0	257
715	59	31	work-r3cv-d116cs/f009/pr_evt31	1	24	32	902	5152.6	0.12428	0.2445	0.025499	0	0.29076	0.014412	0.19408	1	0.45228	11008	0.015521	0.10976	0.0022222	0.0011111	0.25021	0	0.0022173	900	0.016779	0.013423	0.2575	0	0.0088692	894	0.0022346	0	0.23512	0	0.0077605	895
715	59	40	work-r3cv-d116cs/f009/pr_evt40	0																																		
715	59	47	work-r3cv-d116cs/f009/pr_evt47	0																																		
715	59	5	work-r3cv-d116cs/f009/pr_evt5	1	16	9	314	1680.9	0.087324	0.12071	0	0	0.088615	0	0	0	0.98161	1642	0.0063694	0.057325	0	0	0.24842	0	0	314	0	0	0.23471	0	0	314	0	0	0.23754	0	0.0031847	313
715	59	50	work-r3cv-d116cs/f009/pr_evt50	0																																		
715	59	6	work-r3cv-d116cs/f009/pr_evt6	0																																		
715	59	7	work-r3cv-d116cs/f009/pr_evt7	1	1	3	271	591.51	0.016895	0.089354	0	0	0.064505	0	0	0	1	1479	0	0.02214	0	0	0.27854	0	0	271	0	0	0.23526	0	0	271	0	0	0.17877	0	0	271
715	59	9	work-r3cv-d116cs/f009/pr_evt9	0																																		
713	35	12	work-r3cv-d116cs/f010/pr_evt12	0																																		
713	35	17	work-r3cv-d116cs/f010/pr_evt17	1	4	2	161	354	0.084452	0.070312	0	0	0.06078	0	0	0	1	858	0	0.018634	0	0	0.22425	0	0	161	0	0	0.25703	0	0	161	0	0	0.24233	0	0.062112	151
713	35	18	work-r3cv-d116cs/f010/pr_evt18	1	13	14	479	1893.1	0.23303	0.34835	0.012526	0	0.15831	0.0041754	0	0	0.7638	3987	0.006263	0.10021	0.0020877	0.0020877	0.29019	0	0	479	0.0020877	0.0020877	0.23728	0	0	479	0.0041754	0.0020877	0.27356	0	0	479
713	35	3	work-r3cv-d116cs/f010/pr_evt3	0																																		
713	35	46	work-r3cv-d116cs/f010/pr_evt46	0																																		
713	35	9	work-r3cv-d116cs/f010/pr_evt9	0																																		
719	19	1	work-r3cv-d116cs/f011/pr_evt1	0																																		
719	19	10	work-r3cv-d116cs/f011/pr_evt10	0																																		
719	19	21	work-r3cv-d116cs/f011/pr_evt21	0																																		
719	19	25	work-r3cv-d116cs/f011/pr_evt25	0																																		
719	19	28	work-r3cv-d116cs/f011/pr_evt28	0																																		
719	19	30	work-r3cv-d116cs/f011/pr_evt30	1	1	2	404	694.15	0.027471	0.41772	0	0	0.1618	0.0024752	0	0	0.92512	2870	0.0074257	0.012376	0	0	0.22024	0	0	404	0.0024752	0.0024752	0.25148	0	0	404	0	0	0.24625	0	0.012376	399
719	19	35	work-r3cv-d116cs/f011/pr_evt35	0																																		
719	19	38	work-r3cv-d116cs/f011/pr_evt38	0																																		
719	19	41	work-r3cv-d116cs/f011/pr_evt41	1	48	16	302	1277.8	0.60373	0.36004	0.10927	0.0066225	0.30492	0.033113	1.5652	2	0.728	2394	0.069536	0.28477	0.023333	0.01	0.25105	0	0.0066225	300	0.046823	0.026756	0.24343	0	0.0099338	299	0	0	0.25578	0	0	302
719	19	42	work-r3cv-d116cs/f011/pr_evt42	0																																		
719	19	44	work-r3cv-d116cs/f011/pr_evt44	1	19	1	255	295.74	0.28207	0.28207	0.011765	0	0.10359	0.019608	3.3813	1	0.99798	1385	0.023529	0.0078431	0.0078431	0.0039216	0.25538	0	0	255	0.0078431	0.0039216	0.20977	0	0	255	0.023529	0.019608	0.2573	0	0	255
719	19	46	work-r3cv-d116cs/f011/pr_evt46	0																																		
719	19	50	work-r3cv-d116cs/f011/pr_evt50	1	12	7	466	1324.4	0.32007	0.08019	0.015021	0	0.1193	0.0064378	0	0	0.96227	2849	0.0085837	0.034335	0.0085837	0	0.26151	0	0	466	0.010753	0.0064516	0.2457	0	0.0021459	465	0	0	0.22403	0	0	466
719	19	8	work-r3cv-d116cs/f011/pr_evt8	1	140	79	1813	8546.4	0.2826	0.44241	0.061224	0.0055157	0.22955	0.028682	1.9891	17	0.61144	17091	0.07005	0.16988	0.015996	0.0093767	0.2451	0.0022063	0	1813	0.022652	0.013812	0.25267	0.0022099	0.0016547	1810	0.016201	0.0083799	0.24085	0.0022346	0.012686	1790
715	79	10	work-r3cv-d116cs/f012/pr_evt10	0																																		
715	79	21	work-r3cv-d116cs/f012/pr_evt21	1	17	14	57	1339.5	0.043101	0.10794	0	0	0.13083	0.035088	1.4931	2	1	134	0.31579	0.42105	0.035088	0.035088	0.25132	0	0	57	0.017544	0.017544	0.3243	0	0	57	0	0	0.037391	0	0	57
715	79	22	work-r3cv-d116cs/f012/pr_evt22	0																																		
715	79	25	work-r3cv-d116cs/f012/pr_evt25	1	13	7	28	485.56	0	0.0035588	0	0	0.090956	0	0	0	1	89	0.14286	0.35714	0	0	0.28567	0.035714	0	28	0	0	0.13874	0.035714	0	28	0	0	0.30081	0.035714	0	28
715	79	26	work-r3cv-d116cs/f012/pr_evt26	1	13	3	88	195.55	0.0058538	0.34121	0.022727	0	0.17605	0.045455	10.228	2	0.99839	523	0.090909	0.045455	0	0	0.197	0.045455	0	88	0	0	0.27474	0.045455	0	88	0	0	0.24732	0.045455	0	88
715	79	27	work-r3cv-d116cs/f012/pr_evt27	0																																		
715	79	3	work-r3cv-d116cs/f012/pr_evt3	0																																		
715	79	37	work-r3cv-d116cs/f012/pr_evt37	0																																		
715	79	40	work-r3cv-d116cs/f012/pr_evt40	1	9	2	319	571.05	0.0085313	0.0042656	0	0	0.081528	0	0	0	0.99325	1842	0	0.0094044	0	0	0.24714	0	0.0062696	317	0	0	0.24614	0	0	319	0	0	0.24097	0	0.0031348	318
715	79	47	work-r3cv-d116cs/f012/pr_evt47	0																																		
715	79	5	work-r3cv-d116cs/f012/pr_evt5	1	20	6	495	1936	0.21334	0.11666	0.0020202	0	0.13458	0	0	0	0.98573	3082	0.0080808	0.042424	0	0	0.25023	0	0.0020202	494	0	0	0.24212	0	0.0060606	492	0	0	0.25362	0	0.0020202	494
715	79	50	work-r3cv-d116cs/f012/pr_evt50	0																																		
717	45	15	work-r3cv-d116cs/f013/pr_evt15	1	13	5	280	832.85	0.12543	0.066559	0.0071429	0	0.20148	0.0035714	1.2007	1	0.59271	3000	0.032143	0.025	0	0	0.23583	0	0	280	0.0035714	0.0035714	0.27765	0	0	280	0	0	0.24733	0	0.0035714	279
717	45	18	work-r3cv-d116cs/f013/pr_evt18	0																																		
717	45	26	work-r3cv-d116cs/f013/pr_evt26	1	91	3	420	699.94	0.35162	0.35244	0.040476	0	0.22352	0.0047619	4.2861	3	0.76936	3610	0.059524	0.066667	0	0	0.23984	0	0	420	0.016667	0.002381	0.23174	0	0	420	0.0047733	0.0023866	0.25103	0	0.002381	419
717	45	29	work-r3cv-d116cs/f013/pr_evt29	1	15	6	143	406.61	0.023117	0.02216	0	0	0.074587	0	0	0	0.98077	795	0	0.13287	0	0	0.2038	0	0	143	0	0	0.23476	0	0	143	0	0	0.23538	0	0	143
717	45	30	work-r3cv-d116cs/f013/pr_evt30	0																																		
717	45	32	work-r3cv-d116cs/f013/pr_evt32	1	9	3	162	302.16	0.1431	0.047699	0	0	0.11699	0	0	0	0.96271	1014	0	0.030864	0	0	0.2664	0	0	162	0	0	0.26058	0	0	162	0	0	0.2428	0	0.11728	143
717	45	33	work-r3cv-d116cs/f013/pr_evt33	1	3	15	379	1856.9	0.17757	0.2871	0.015831	0.0026385	0.22066	0.0079156	0	0	0.71955	3672	0.021108	0.13456	0.010667	0.0053333	0.23438	0	0.010554	375	0.0026385	0.0026385	0.26779	0	0	379	0.0030581	0	0.23575	0	0.1372	327
717	45	35	work-r3cv-d116cs/f013/pr_evt35	0																																		
717	45	37	work-r3cv-d116cs/f013/pr_evt37	0																																		
717	45	45	work-r3cv-d116cs/f013/pr_evt45	0																																		
717	45	46	work-r3cv-d116cs/f013/pr_evt46	0																																		
717	45	47	work-r3cv-d116cs/f013/pr_evt47	0																																		
717	45	48	work-r3cv-d116cs/f013/pr_evt48	1	17	1	4	0.66347	0.16589	0.16589	0	0	0.16876	0	0	0	1	14	0	0	0	0	0.015273	0	0	4	0	0	0.30732	0	0	4	0	0	0.20897	0	0	4
717	45	5	work-r3cv-d116cs/f013/pr_evt5	1	4	4	395	1509.4	0.16536	0.22551	0.037975	0	0.33872	0.0025316	0.66251	1	0.21019	7222	0.025316	0.096203	0.022785	0	0.30077	0	0	395	0.013405	0.002681	0.23851	0	0.055696	373	0.002551	0	0.23958	0	0.0075949	392
717	45	6	work-r3cv-d116cs/f013/pr_evt6	1	5	2	75	138.12	0.033476	0.064974	0	0	0.18463	0	7.2402	1	0.9588	383	0.053333	0.17333	0	0	0.25599	0	0	75	0.066667	0	0.28163	0	0	75	0	0	0.24712	0	0	75
717	45	9	work-r3cv-d116cs/f013/pr_evt9	1	18	7	87	800.88	0.17855	0.41853	0.034483	0	0.36538	0.034483	2.4972	2	0.78441	666	0.14943	0.21839	0.022989	0.011494	0.19461	0	0	87	0.034483	0	0.29997	0	0	87	0	0	0.16858	0.023529	0.022989	85
712	12	17	work-r3cv-d116cs/f014/pr_evt17	0																																		
712	12	21	work-r3cv-d116cs/f014/pr_evt21	0																																		
712	12	22	work-r3cv-d116cs/f014/pr_evt22	0																																		
712	12	25	work-r3cv-d116cs/f014/pr_evt25	1	17	28	550	2483.6	0.15063	0.35994	0.045455	0	0.24337	0.032727	1.6105	4	0.86422	3838	0.054545	0.25455	0.014545	0.010909	0.27232	0	0	550	0.038321	0.018248	0.24723	0	0.0036364	548	0.0091743	0.0036697	0.24518	0	0.0090909	545
712	12	28	work-r3cv-d116cs/f014/pr_evt28	0																																		
712	12	32	work-r3cv-d116cs/f014/pr_evt32	1	20	9	590	1502.6	0.060832	0.20642	0	0	0.1422	0.0016949	0	0	0.92347	4489	0.0033898	0.032203	0	0	0.23578	0	0	590	0	0	0.26058	0	0.0016949	589	0.0017094	0.0017094	0.24194	0	0.0084746	585
712	12	33	work-r3cv-d116cs/f014/pr_evt33	1	16	16	250	1358.2	0.024364	0.076271	0.02	0	0.10881	0.008	0.73624	1	0.99181	1220	0.036	0.2	0.012	0.008	0.23523	0	0	250	0	0	0.27359	0	0	250	0	0	0.22433	0	0	250
712	12	35	work-r3cv-d116cs/f014/pr_evt35	1	12	15	249	1927.2	0.16296	0.39948	0.02008	0	0.13537	0.016064	1.0378	2	0.9711	1311	0.076305	0.14056	0.012048	0.0080321	0.23544	0	0	249	0.016064	0.012048	0.22997	0	0	249	0	0	0.2009	0	0.02008	244
712	12	38	work-r3cv-d116cs/f014/pr_evt38	1	15	9	215	729.92	0.36158	0.27983	0.07907	0	0.15959	0.018605	1.37	1	0.71154	1477	0.027907	0.2093	0.0046512	0	0.20739	0	0	215	0.023256	0.013953	0.24938	0	0	215	0.018692	0.0046729	0.25375	0	0.0046512	214
712	12	46	work-r3cv-d116cs/f014/pr_evt46	1	22	27	624	2230.6	0.32173	0.2746	0.067308	0	0.14485	0.019231	1.3449	3	0.73521	4412	0.0625	0.16667	0.014423	0	0.25712	0	0	624	0.027244	0.011218	0.2642	0	0	624	0.024735	0.0088339	0.22455	0	0.092949	566
719	1	1	work-r3cv-d116cs/f015/pr_evt1	0																																		
719	1	17	work-r3cv-d116cs/f015/pr_evt17	1	19	10	699	2391.2	0.21245	0.30838	0.12876	0.11445	0.15374	0.12017	0.4182	1	0.90647	4149	0.12446	0.058655	0.11908	0.11621	0.26243	0.0028694	0.0028612	697	0.11605	0.11461	0.28561	0.0028653	0.0014306	698	0.0057637	0.0028818	0.24953	0.0028818	0.0071531	694
719	1	19	work-r3cv-d116cs/f015/pr_evt19	1	5	6	297	560.06	0.0558	0.44356	0.026936	0	0.1633	0.020202	1.7855	1	0.96554	1627	0.050505	0.13131	0.010101	0.003367	0.25648	0	0	297	0.023569	0.016835	0.25783	0	0	297	0	0	0.25419	0	0.006734	295
719	1	2	work-r3cv-d116cs/f015/pr_evt2	1	10	5	370	699.14	0.0056226	0.26804	0	0	0.064398	0	0	0	1	1828	0	0.02973	0	0	0.2305	0	0	370	0	0	0.25838	0	0	370	0	0	0.21861	0	0.0027027	369
719	1	21	work-r3cv-d116cs/f015/pr_evt21	0																																		
719	1	23	work-r3cv-d116cs/f015/pr_evt23	0																																		
719	1	24	work-r3cv-d116cs/f015/pr_evt24	1	8	9	94	530.15	0.1589	0.078315	0	0	0.07984	0	0	0	1	364	0.021277	0.18085	0	0	0.20042	0	0	94	0	0	0.24963	0	0	94	0	0	0.19894	0	0	94
719	1	30	work-r3cv-d116cs/f015/pr_evt30	0																																		
719	1	32	work-r3cv-d116cs/f015/pr_evt32	0																																		
719	1	34	work-r3cv-d116cs/f015/pr_evt34	1	26	13	1205	3805.5	0.11359	0.30986	0.053942	0.0024896	0.17137	0.018257	0.78834	3	0.95833	6789	0.038174	0.06805	0.0058188	0.0024938	0.24467	0	0.0016598	1203	0.024126	0.013311	0.26703	0	0.0024896	1202	0.01936	0.0058923	0.2517	0	0.014108	1188
719	1	37	work-r3cv-d116cs/f015/pr_evt37	0																																		
719	1	41	work-r3cv-d116cs/f015/pr_evt41	0																																		
719	1	43	work-r3cv-d116cs/f015/pr_evt43	0																																		
719	1	44	work-r3cv-d116cs/f015/pr_evt44	0																																		
719	1	45	work-r3cv-d116cs/f015/pr_evt45	1	13	1	190	316.87	0.05777	0.05777	0.036842	0	0.46698	0	0	0	0.80255	966	0	0.010526	0	0	0.19911	0	0	190	0	0	0.28149	0	0	190	0	0	0.25621	0	0	190
719	1	46	work-r3cv-d116cs/f015/pr_evt46	1	10	11	382	1535.4	0.18089	0.18563	0.0052356	0	0.14151	0	0	0	0.63989	3246	0.010471	0.070681	0	0	0.24563	0	0	382	0.0026178	0	0.2439	0	0	382	0	0	0.23354	0	0.0026178	381
719	1	49	work-r3cv-d116cs/f015/pr_evt49	0																																		
715	15	14	work-r3cv-d116cs/f016/pr_evt14	0																																		
715	15	19	work-r3cv-d116cs/f016/pr_evt19	0																																		
715	15	20	work-r3cv-d116cs/f016/pr_evt20	1	11	10	144	562.72	0.038973	0.23463	0	0	0.093407	0.0069444	0	0	1	694	0.027778	0.15278	0.0069444	0.0069444	0.26604	0	0	144	0.0069444	0	0.20384	0	0	144	0	0	0.18242	0	0	144
715	15	21	work-r3cv-d116cs/f016/pr_evt21	0																																		
715	15	24	work-r3cv-d116cs/f016/pr_evt24	1	12	22	1101	3928.9	0.33592	0.24424	0.028156	0.0027248	0.088339	0.012716	0.76357	3	0.85054	6485	0.019982	0.08356	0.0063694	0.0036397	0.24771	0.00090992	0.0018165	1099	0.013636	0.0081818	0.2553	0.00090909	0.00090827	1100	0.0049261	0.00098522	0.24022	0.00098522	0.078111	1015
715	15	26	work-r3cv-d116cs/f016/pr_evt26	0																																		
715	15	30	work-r3cv-d116cs/f016/pr_evt30	0																																		
715	15	33	work-r3cv-d116cs/f016/pr_evt33	0																																		
715	15	34	work-r3cv-d116cs/f016/pr_evt34	1	10	5	20	161.6	0.62736	0.12547	0	0	0.1255	0	0	0	1	45	0.1	0.3	0	0	0.22093	0	0	20	0	0	0.26716	0	0	20	0	0	0.013993	0	0	20
715	15	35	work-r3cv-d116cs/f016/pr_evt35	1	18	5	761	1733.4	0.41591	0.084505	0.0052562	0	0.085181	0.0013141	0	0	0.97167	4517	0.0013141	0.034166	0.0013141	0.0013141	0.23852	0	0	761	0	0	0.24486	0	0.0013141	760	0	0	0.24431	0	0.013141	751
715	15	39	work-r3cv-d116cs/f016/pr_evt39	1	6	4	115	278.68	0.052979	0.071561	0	0	0.13001	0	0	0	0.98601	486	0	0.086957	0	0	0.22317	0	0	115	0	0	0.20538	0	0.034783	111	0	0	0.20796	0	0	115
715	15	43	work-r3cv-d116cs/f016/pr_evt43	0																																		
715	15	47	work-r3cv-d116cs/f016/pr_evt47	1	6	6	183	544.47	0.12646	0.19535	0.054645	0	0.24069	0.038251	1.8367	1	0.51253	1661	0.021858	0.14208	0.0054645	0	0.20222	0	0	183	0.016393	0.016393	0.25148	0	0	183	0.027778	0.022222	0.23218	0	0.016393	180
715	15	48	work-r3cv-d116cs/f016/pr_evt48	1	3	5	230	443.28	0.041776	0.21834	0.017391	0	0.16819	0	0	0	0.89623	1700	0	0.047826	0	0	0.21409	0	0	230	0	0	0.23759	0	0	230	0	0	0.22987	0	0	230
715	15	49	work-r3cv-d116cs/f016/pr_evt49	0																																		
715	87	1	work-r3cv-d116cs/f017/pr_evt1	0																																		
715	87	12	work-r3cv-d116cs/f017/pr_evt12	1	22	9	75	606.63	0.54344	0.48557	0	0	0.15417	0.066667	1.6485	1	1	378	0.053333	0.26667	0.013333	0.013333	0.24011	0	0	75	0.066667	0.053333	0.23219	0	0	75	0.042254	0.028169	0.23326	0	0.053333	71
715	87	13	work-r3cv-d116cs/f017/pr_evt13	0																																		
715	87	18	work-r3cv-d116cs/f017/pr_evt18	0																																		
715	87	19	work-r3cv-d116cs/f017/pr_evt19	1	9	9	139	549.14	0.17097	0.42176	0.064748	0.014388	0.1123	0.05036	1.821	1	0.89275	697	0.028777	0.16547	0.043478	0.036232	0.23351	0	0.0071942	138	0.057851	0.024793	0.27359	0	0.1295	121	0.0071942	0.0071942	0.18287	0	0	139
715	87	24	work-r3cv-d116cs/f017/pr_evt24	1	20	9	172	785.18	0.023078	0.22547	0.011628	0	0.11823	0.011628	1.2736	1	0.98784	811	0.052326	0.25	0.011628	0	0.215	0.005814	0	172	0.017442	0.011628	0.27169	0.005814	0	172	0.005814	0	0.23117	0.005814	0	172
715	87	25	work-r3cv-d116cs/f017/pr_evt25	1	13	5	129	356.66	0.015513	0.40124	0.015504	0	0.34904	0.015504	0	0	0.32338	1459	0	0.077519	0.015504	0	0.25295	0.0077519	0	129	0.0077519	0.0077519	0.28421	0	0	129	0	0	0.25944	0.0077519	0	129
715	87	3	work-r3cv-d116cs/f017/pr_evt3	0																																		
715	87	32	work-r3cv-d116cs/f017/pr_evt32	1	10	40	1824	6465.6	0.43616	0.38567	0.054825	0.004386	0.20047	0.024671	1.5467	10	0.74119	13415	0.046053	0.1239	0.013187	0.0016484	0.24703	0	0.002193	1820	0.027027	0.016329	0.2576	0	0.026316	1776	0.017741	0.0088705	0.24851	0	0.072917	1691
715	87	36	work-r3cv-d116cs/f017/pr_evt36	0																																		
715	87	37	work-r3cv-d116cs/f017/pr_evt37	0																																		
715	87	48	work-r3cv-d116cs/f017/pr_evt48	1	7	6	128	294.61	0.23413	0.12133	0.09375	0	0.31367	0	0	0	0.5678	1097	0.023438	0.17188	0	0	0.27059	0	0	128	0.015625	0	0.27274	0	0	128	0	0	0.26468	0	0	128
715	87	50	work-r3cv-d116cs/f017/pr_evt50	0																																		
715	87	9	work-r3cv-d116cs/f017/pr_evt9	0																																		
719	74	15	work-r3cv-d116cs/f018/pr_evt15	1	22	7	181	547.52	0.56537	0.16706	0.36464	0.32597	0.57468	0.59669	0	0	0.96267	540	0	0.093923	0.36464	0.33149	0.4031	0	0	181	0	0	0.24427	0	0	181	0.34146	0.36585	0.6345	0.20325	0.32044	123
719	74	16	work-r3cv-d116cs/f018/pr_evt16	1	27	13	492	1745.6	0.20836	0.18807	0.012195	0	0.16784	0.0020325	1.1457	2	0.93068	2708	0.038618	0.097561	0.0020325	0	0.24926	0	0	492	0.010571	0.0021142	0.24096	0	0.038618	473	0.012195	0	0.24065	0	0	492
719	74	24	work-r3cv-d116cs/f018/pr_evt24	1	13	6	146	317.15	0.0065511	0.28572	0.013699	0	0.10382	0.041096	3.153	1	1	742	0.034247	0.075342	0.0068493	0.0068493	0.25019	0.027397	0	146	0.0068493	0.0068493	0.24878	0.027397	0	146	0.0068493	0.0068493	0.25102	0.027397	0	146
719	74	28	work-r3cv-d116cs/f018/pr_evt28	1	11	3	314	876.42	0.34243	0.55337	0	0	0.19324	0.0031847	0	0	0.75604	3009	0.0031847	0.0063694	0	0	0.25176	0	0	314	0	0	0.24115	0	0.0063694	312	0.0064725	0.0032362	0.24962	0	0.015924	309
719	74	32	work-r3cv-d116cs/f018/pr_evt32	0																																		
719	74	33	work-r3cv-d116cs/f018/pr_evt33	0																																		
719	74	37	work-r3cv-d116cs/f018/pr_evt37	1	8	14	374	1567.3	0.033849	0.062539	0.0053476	0	0.093011	0	0.63803	1	1	1775	0.010695	0.10428	0	0	0.23846	0	0.0053476	372	0	0	0.23833	0	0	374	0.0027322	0	0.24739	0	0.02139	366
719	74	39	work-r3cv-d116cs/f018/pr_evt39	1	6	8	45	310.45	0.014101	0.11291	0	0	0.12981	0.044444	0	0	1	173	0	0.33333	0.022222	0	0.19003	0	0	45	0.044444	0.044444	0.31678	0	0	45	0	0	0.15534	0	0	45
719	74	48	work-r3cv-d116cs/f018/pr_evt48	1	39	9	42	619.97	0.013355	0.18528	0	0	0.13471	0	1.613	1	1	124	0.14286	0.40476	0.02381	0	0.26116	0	0	42	0	0	0.21563	0	0	42	0	0	0.036355	0	0	42
719	74	49	work-r3cv-d116cs/f018/pr_evt49	1	21	4	311	812.18	0.090183	0.28532	0	0	0.11786	0	0	0	0.95363	1718	0.0064309	0.057878	0	0	0.24437	0	0.0032154	310	0	0	0.26245	0	0.0064309	309	0	0	0.22267	0	0.0032154	310
719	74	7	work-r3cv-d116cs/f018/pr_evt7	1	21	13	349	1843.3	0.068849	0.20894	0.020057	0	0.20874	0.38395	3.2551	6	0.99639	930	0.12894	0.08596	0.36301	0.43493	0.41092	0.099315	0.16332	292	0.040115	0.0028653	0.27234	0.011461	0	349	0.02029	0.0057971	0.25725	0.0086957	0.011461	345
719	74	8	work-r3cv-d116cs/f018/pr_evt8	0																																		
719	74	9	work-r3cv-d116cs/f018/pr_evt9	1	16	15	465	2464.2	0.19132	0.21524	0.019355	0	0.088677	0.012903	0.40581	1	0.67983	2603	0.027957	0.10538	0.0043011	0.0043011	0.22729	0	0	465	0.012987	0.012987	0.2673	0	0.0064516	462	0.0043011	0.0043011	0.23723	0	0	465
715	10	1	work-r3cv-d116cs/f019/pr_evt1	1	14	4	518	1719.5	0.24309	0.31077	0.007722	0.007722	0.087747	0.007722	0.58156	1	0.97991	2787	0.011583	0.019305	0	0	0.25433	0.007722	0	518	0	0	0.25275	0.007722	0	518	0	0	0.23466	0.0077973	0.0096525	513
715	10	10	work-r3cv-d116cs/f019/pr_evt10	0																																		
715	10	15	work-r3cv-d116cs/f019/pr_evt15	1	6	3	211	437.93	0.50137	0.16712	0.023697	0	0.074028	0	2.2834	1	1	1034	0.023697	0.037915	0	0	0.2466	0	0	211	0	0	0.26596	0	0	211	0	0	0.26609	0	0.0047393	210
715	10	18	work-r3cv-d116cs/f019/pr_evt18	0																																		
715	10	20	work-r3cv-d116cs/f019/pr_evt20	0																																		
715	10	31	work-r3cv-d116cs/f019/pr_evt31	1	18	9	106	466.61	0.24909	0.20381	0	0	0.13678	0.018868	0	0	0.96255	603	0.056604	0.19811	0.028302	0.018868	0.27004	0	0	106	0	0	0.20791	0	0.32075	72	0	0	0.21585	0	0	106
715	10	43	work-r3cv-d116cs/f019/pr_evt43	0																																		
715	10	44	work-r3cv-d116cs/f019/pr_evt44	1	18	31	1034	2782.4	0.17766	0.36299	0.073501	0.0038685	0.20534	0.020309	2.8752	8	0.6696	8538	0.051257	0.14313	0.0096712	0.0038685	0.24756	0.0038685	0	1034	0.019361	0.010649	0.26001	0.0038722	0.00096712	1033	0.0077973	0.005848	0.2427	0.0038986	0.0077369	1026
715	10	9	work-r3cv-d116cs/f019/pr_evt9	0																																		
720	12	1	work-r3cv-d116cs/f020/pr_evt1	0																																		
720	12	11	work-r3cv-d116cs/f020/pr_evt11	0																																		
720	12	23	work-r3cv-d116cs/f020/pr_evt23	0																																		
720	12	35	work-r3cv-d116cs/f020/pr_evt35	0																																		
720	12	38	work-r3cv-d116cs/f020/pr_evt38	0																																		
720	12	41	work-r3cv-d116cs/f020/pr_evt41	0																																		
720	12	42	work-r3cv-d116cs/f020/pr_evt42	0																																		
720	12	48	work-r3cv-d116cs/f020/pr_evt48	0																																		
720	12	9	work-r3cv-d116cs/f020/pr_evt9	0																																		
713	68	11	work-r3cv-d116cs/f021/pr_evt11	0																																		
713	68	2	work-r3cv-d116cs/f021/pr_evt2	0																																		
713	68	23	work-r3cv-d116cs/f021/pr_evt23	0																																		
713	68	43	work-r3cv-d116cs/f021/pr_evt43	1	14	8	270	1109.4	0.22948	0.33413	0.051852	0.0037037	0.35509	0.051852	0.90137	1	0.60476	2823	0.055556	0.17407	0.037037	0.022222	0.24963	0	0	270	0.02963	0.025926	0.24343	0	0	270	0.0037037	0.0037037	0.24257	0	0	270
713	68	6	work-r3cv-d116cs/f021/pr_evt6	0																																		
715	89	1	work-r3cv-d116cs/f022/pr_evt1	1	10	2	91	130.75	0.01863	0.31256	0	0	0.074411	0	0	0	1	519	0	0	0	0	0.2168	0	0	91	0	0	0.277	0	0	91	0	0	0.22709	0	0	91
715	89	12	work-r3cv-d116cs/f022/pr_evt12	0																																		
715	89	13	work-r3cv-d116cs/f022/pr_evt13	0																																		
715	89	14	work-r3cv-d116cs/f022/pr_evt14	0																																		
715	89	23	work-r3cv-d116cs/f022/pr_evt23	0																																		
715	89	28	work-r3cv-d116cs/f022/pr_evt28	0																																		
715	89	34	work-r3cv-d116cs/f022/pr_evt34	0																																		
715	89	40	work-r3cv-d116cs/f022/pr_evt40	0																																		
715	89	46	work-r3cv-d116cs/f022/pr_evt46	1	10	6	110	482.84	0.37129	0.19493	0.036364	0.0090909	0.29501	0	0	0	0.79172	897	0.036364	0.2	0	0	0.30492	0	0	110	0.009434	0	0.2741	0	0.036364	106	0.0091743	0	0.28794	0	0.0090909	109
715	89	5	work-r3cv-d116cs/f022/pr_evt5	0																																		
715	89	6	work-r3cv-d116cs/f022/pr_evt6	0																																		
715	89	8	work-r3cv-d116cs/f022/pr_evt8	0																																		
720	36	1	work-r3cv-d116cs/f023/pr_evt1	0																																		
720	36	10	work-r3cv-d116cs/f023/pr_evt10	1	17	4	161	386.72	0.077124	0.019659	0	0	0.09465	0.0062112	0	0	0.99866	876	0	0.062112	0	0	0.24161	0	0	161	0.0062112	0.0062112	0.22898	0	0	161	0	0	0.23569	0	0	161
720	36	15	work-r3cv-d116cs/f023/pr_evt15	0																																		
720	36	17	work-r3cv-d116cs/f023/pr_evt17	1	17	40	682	3311.5	0.18172	0.25464	0.020528	0	0.11123	0.014663	0.30198	1	0.92632	3955	0.036657	0.1437	0.0073314	0.0029326	0.22128	0	0	682	0.010264	0.010264	0.26391	0	0	682	0.016176	0.0058824	0.21876	0	0.0029326	680
720	36	19	work-r3cv-d116cs/f023/pr_evt19	0																																		
720	36	25	work-r3cv-d116cs/f023/pr_evt25	0																																		
720	36	29	work-r3cv-d116cs/f023/pr_evt29	0																																		
720	36	4	work-r3cv-d116cs/f023/pr_evt4	0																																		
720	36	40	work-r3cv-d116cs/f023/pr_evt40	0																																		
720	36	47	work-r3cv-d116cs/f023/pr_evt47	0																																		
720	36	49	work-r3cv-d116cs/f023/pr_evt49	1	7	2	58	143.24	0.01946	0.22812	0	0	0.067226	0	0	0	1	251	0	0.051724	0	0	0.28902	0	0	58	0	0	0.21432	0	0	58	0	0	0.23544	0	0	58
720	36	5	work-r3cv-d116cs/f023/pr_evt5	1	14	9	389	1537.9	0.19676	0.27957	0.012853	0	0.14051	0.012853	0	0	0.99062	2269	0.0077121	0.066838	0.0051414	0.0051414	0.25496	0.0025707	0	389	0.007732	0.007732	0.25141	0.0025773	0.0025707	388	0.0077922	0.0077922	0.25427	0.0025974	0.010283	385
713	85	24	work-r3cv-d116cs/f024/pr_evt24	1	12	14	186	1880.9	0.033614	0.14253	0.010753	0	0.16276	0.0053763	0.53167	1	0.96722	880	0.086022	0.16129	0	0	0.21685	0	0	186	0.0053763	0.0053763	0.26555	0	0	186	0	0	0.24979	0	0	186
713	85	26	work-r3cv-d116cs/f024/pr_evt26	1	23	11	592	1891.2	0.37122	0.19826	0.016892	0	0.089389	0.035473	0.52877	1	0.99875	2325	0.011824	0.035473	0.0050676	0	0.24378	0.0067568	0	592	0.0033956	0	0.24776	0	0.0050676	589	0.047377	0.032149	0.25557	0	0.0016892	591
713	85	27	work-r3cv-d116cs/f024/pr_evt27	1	15	40	392	1947.1	0.21627	0.28318	0.0076531	0	0.14838	0.012755	2.5679	5	0.97366	1837	0.089286	0.2602	0.0076531	0.0076531	0.24434	0.002551	0	392	0.015306	0.005102	0.24226	0.002551	0	392	0.010204	0.002551	0.17925	0.002551	0	392
713	85	29	work-r3cv-d116cs/f024/pr_evt29	1	12	30	765	4045.3	0.43892	0.23496	0.011765	0	0.08268	0.024837	0.7416	3	0.98422	3417	0.045752	0.091503	0.0039216	0.0039216	0.25794	0.0078431	0	765	0.0091503	0.0091503	0.24228	0.0078431	0	765	0.0079365	0.0066138	0.23987	0.0079365	0.011765	756
713	85	3	work-r3cv-d116cs/f024/pr_evt3	0																																		
713	85	32	work-r3cv-d116cs/f024/pr_evt32	0																																		
713	85	37	work-r3cv-d116cs/f024/pr_evt37	1	11	8	811	2778.4	0.13917	0.055021	0.020962	0	0.23267	0	0	0	0.38352	11124	0	0.04439	0.001233	0	0.25137	0	0	811	0.001233	0	0.25133	0	0	811	0	0	0.24642	0	0.0061652	806
713	85	40	work-r3cv-d116cs/f024/pr_evt40	0																																		
713	85	43	work-r3cv-d116cs/f024/pr_evt43	1	12	19	157	938.85	0.36405	0.19722	0.038217	0	0.26157	0.050955	2.1303	2	0.71858	1130	0.063694	0.30573	0.031847	0.025478	0.2241	0	0	157	0.0063694	0.0063694	0.26078	0	0	157	0.025478	0.019108	0.25706	0	0	157
713	85	48	work-r3cv-d116cs/f024/pr_evt48	0																																		
713	85	49	work-r3cv-d116cs/f024/pr_evt49	1	4	1	86	131.11	0.12157	0.12157	0.046512	0	0.20807	0	0	0	0.96326	528	0	0.023256	0	0	0.26924	0	0	86	0	0	0.2433	0	0	86	0	0	0.26342	0	0	86
719	76	2	work-r3cv-d116cs/f025/pr_evt2	0																																		
719	76	23	work-r3cv-d116cs/f025/pr_evt23	0																																		
719	76	27	work-r3cv-d116cs/f025/pr_evt27	0																																		
719	76	29	work-r3cv-d116cs/f025/pr_evt29	1	11	3	229	905.25	0.046432	0.23645	0.017467	0	0.25411	0.0087336	2.2093	2	0.62706	2228	0.052402	0.061135	0.0043668	0	0.27106	0	0	229	0.0131	0.0087336	0.25349	0	0	229	0.0043668	0	0.23075	0	0	229
719	76	35	work-r3cv-d116cs/f025/pr_evt35	0																																		
719	76	37	work-r3cv-d116cs/f025/pr_evt37	1	20	18	744	2724.7	0.49099	0.40779	0.044355	0.0040323	0.19939	0.0094086	0.36701	1	0.89283	5451	0.014785	0.11694	0.016327	0.0068027	0.26433	0	0.012097	735	0.0067385	0.0026954	0.23809	0	0.0026882	742	0.0041322	0	0.23907	0	0.024194	726
719	76	4	work-r3cv-d116cs/f025/pr_evt4	0																																		
719	76	40	work-r3cv-d116cs/f025/pr_evt40	1	18	9	513	1449.7	0.29397	0.45613	0.046784	0.0077973	0.10336	0.035088	0.68982	1	0.82991	4129	0.011696	0.11501	0.013944	0.0079681	0.23346	0.0079681	0.021442	502	0.025341	0.019493	0.26907	0.0077973	0	513	0.0038986	0	0.21789	0.0077973	0	513
719	76	41	work-r3cv-d116cs/f025/pr_evt41	1	13	3	471	852.51	0.15109	0.14374	0.0063694	0	0.16274	0	0	0	0.99448	3120	0	0.029724	0	0	0.24019	0	0	471	0	0	0.28076	0	0	471	0	0	0.25159	0	0	471
719	76	45	work-r3cv-d116cs/f025/pr_evt45	0																																		
719	76	48	work-r3cv-d116cs/f025/pr_evt48	0																																		
715	25	16	work-r3cv-d116cs/f026/pr_evt16	0																																		
715	25	21	work-r3cv-d116cs/f026/pr_evt21	0																																		
715	25	23	work-r3cv-d116cs/f026/pr_evt23	1	44	49	762	4641.1	0.12131	0.36411	0.057743	0.007874	0.20223	0.059055	0.6464	3	0.7141	5067	0.044619	0.24803	0.019737	0.0092105	0.26064	0.015789	0.0026247	760	0.030184	0.020997	0.27291	0.015748	0	762	0.02108	0.01581	0.27234	0.01581	0.003937	759
715	25	38	work-r3cv-d116cs/f026/pr_evt38	1	7	2	8	38.299	0.030125	0.015063	0	0	0.10348	0	0	0	1	23	0.25	0	0	0	0.33652	0	0	8	0	0	0.22403	0	0	8	0	0	0.015337	0	0	8
715	25	4	work-r3cv-d116cs/f026/pr_evt4	0																																		
715	25	41	work-r3cv-d116cs/f026/pr_evt41	1	13	3	205	489.49	0.066644	0.026835	0	0	0.086944	0	0	0	1	1241	0	0.02439	0	0	0.21801	0	0	205	0	0	0.24309	0	0.0097561	203	0	0	0.22715	0	0	205
715	25	47	work-r3cv-d116cs/f026/pr_evt47	0																																		
715	25	49	work-r3cv-d116cs/f026/pr_evt49	1	14	17	170	877.45	0.02916	0.077158	0	0	0.14939	0.017647	0	0	1	731	0.058824	0.24706	0.017647	0.017647	0.25392	0	0	170	0.0058824	0	0.25388	0	0	170	0	0	0.21656	0	0	170
715	25	5	work-r3cv-d116cs/f026/pr_evt5	0																																		
715	25	6	work-r3cv-d116cs/f026/pr_evt6	1	15	7	28	298.14	0	0.0991	0	0	0.1388	0	0	0	1	89	0.071429	0.35714	0	0	0.18037	0	0	28	0	0	0.27777	0	0	28	0	0	0.18087	0	0	28
714	55	10	work-r3cv-d116cs/f027/pr_evt10	0																																		
714	55	12	work-r3cv-d116cs/f027/pr_evt12	0																																		
714	55	14	work-r3cv-d116cs/f027/pr_evt14	0																																		
714	55	21	work-r3cv-d116cs/f027/pr_evt21	1	2	24	221	1322.9	0.23703	0.27026	0.045249	0	0.1713	0.031674	0.75591	1	0.92152	1170	0.054299	0.28959	0.036199	0.022624	0.24361	0	0	221	0.0181	0.013575	0.25454	0	0	221	0.018779	0.0093897	0.21865	0	0.036199	213
714	55	25	work-r3cv-d116cs/f027/pr_evt25	0																																		
714	55	29	work-r3cv-d116cs/f027/pr_evt29	1	19	17	906	3100.7	0.33287	0.30248	0.030905	0.004415	0.094524	0.0099338	0.96754	3	0.93759	5020	0.022075	0.054084	0.0066372	0.0044248	0.2482	0.0044248	0.0022075	904	0.0022099	0.001105	0.25021	0.0044199	0.0011038	905	0.0069686	0.0023229	0.2435	0.0046458	0.049669	861
714	55	3	work-r3cv-d116cs/f027/pr_evt3	1	15	26	106	1394.8	0.023437	0.090745	0	0	0.13393	0.037736	0.71696	1	1	301	0.056604	0.46226	0	0	0.31312	0	0	106	0.037736	0.037736	0.23287	0	0	106	0	0	0.23278	0	0	106
714	55	30	work-r3cv-d116cs/f027/pr_evt30	1	11	21	484	2600.8	0.15751	0.10942	0.016529	0	0.21972	0	0	0	0.82354	4069	0	0.1157	0.0020661	0	0.2405	0	0	484	0	0	0.25916	0	0.14256	415	0	0	0.23325	0	0.0020661	483
714	55	32	work-r3cv-d116cs/f027/pr_evt32	1	18	7	572	2085.5	0.30232	0.26451	0.0034965	0	0.072217	0.006993	0	0	0.90189	3315	0.0052448	0.036713	0.0017483	0	0.26684	0.0034965	0	572	0.0017483	0.0017483	0.24457	0.0034965	0	572	0.0017668	0.0017668	0.25556	0.0035336	0.01049	566
714	55	34	work-r3cv-d116cs/f027/pr_evt34	0																																		
714	55	36	work-r3cv-d116cs/f027/pr_evt36	0																																		
714	55	40	work-r3cv-d116cs/f027/pr_evt40	0																																		
714	55	41	work-r3cv-d116cs/f027/pr_evt41	1	6	1	84	139	0.0016969	0.0016969	0	0	0.075751	0	0	0	1	471	0	0	0	0	0.23967	0	0	84	0	0	0.2487	0	0.011905	83	0	0	0.24837	0	0	84
714	55	42	work-r3cv-d116cs/f027/pr_evt42	1	11	2	161	324.37	0.10322	0.058306	0.012422	0	0.1437	0.012422	0	0	0.988	925	0.0062112	0.049689	0.012422	0.012422	0.27544	0	0	161	0	0	0.25928	0	0	161	0	0	0.24747	0	0.2795	116
714	55	45	work-r3cv-d116cs/f027/pr_evt45	0																																		
714	55	49	work-r3cv-d116cs/f027/pr_evt49	1	18	10	522	1285.8	0.49143	0.20734	0.021073	0	0.13647	0	0.77771	1	0.96991	3270	0.01341	0.051724	0.0038314	0	0.24781	0	0	522	0.0038314	0	0.25186	0	0	522	0.0038462	0	0.23817	0	0.0038314	520
714	55	5	work-r3cv-d116cs/f027/pr_evt5	1	15	11	552	1891.2	0.48989	0.29857	0.025362	0	0.16546	0.0072464	0	0	0.90012	3801	0.014493	0.074275	0.014493	0.0036232	0.23248	0	0	552	0.0072464	0.0018116	0.23788	0	0	552	0.0018692	0.0018692	0.25365	0	0.030797	535
720	70	11	work-r3cv-d116cs/f028/pr_evt11	0																																		
720	70	12	work-r3cv-d116cs/f028/pr_evt12	0																																		
720	70	17	work-r3cv-d116cs/f028/pr_evt17	0																																		
720	70	20	work-r3cv-d116cs/f028/pr_evt20	1	12	2	8	45.953	0.38554	0.23862	0	0	0.085012	0	0	0	1	18	0	0	0	0	0.27605	0	0	8	0	0	0.22303	0	0	8	0	0	0.0015456	0	0	8
720	70	21	work-r3cv-d116cs/f028/pr_evt21	1	25	18	242	887	0.20426	0.39357	0.090909	0	0.15258	0.045455	0	0	0.85897	1420	0.0041322	0.2314	0.0082645	0.0041322	0.20384	0	0	242	0.057851	0.033058	0.30287	0	0	242	0.028926	0.016529	0.19813	0	0	242
720	70	24	work-r3cv-d116cs/f028/pr_evt24	1	3	4	98	215.26	0.12959	0.1804	0	0	0.11089	0	0	0	0.98888	543	0	0.071429	0	0	0.26453	0	0	98	0	0	0.2226	0	0	98	0	0	0.26455	0	0	98
720	70	39	work-r3cv-d116cs/f028/pr_evt39	0																																		
720	70	40	work-r3cv-d116cs/f028/pr_evt40	0																																		
720	70	43	work-r3cv-d116cs/f028/pr_evt43	0																																		
720	70	6	work-r3cv-d116cs/f028/pr_evt6	0																																		
720	26	13	work-r3cv-d116cs/f029/pr_evt13	0																																		
720	26	15	work-r3cv-d116cs/f029/pr_evt15	0																																		
720	26	2	work-r3cv-d116cs/f029/pr_evt2	0																																		
720	26	24	work-r3cv-d116cs/f029/pr_evt24	0																																		
720	26	25	work-r3cv-d116cs/f029/pr_evt25	1	20	24	977	4284	0.36361	0.15773	0.011259	0	0.092272	0.0081883	0.46685	2	0.97753	5074	0.015353	0.073695	0.0051177	0.0030706	0.24528	0.0010235	0	977	0.005123	0.0040984	0.24563	0.0010246	0.0010235	976	0.0092497	0.004111	0.24757	0.0010277	0.0040942	973
720	26	28	work-r3cv-d116cs/f029/pr_evt28	0																																		
720	26	31	work-r3cv-d116cs/f029/pr_evt31	0																																		
720	26	32	work-r3cv-d116cs/f029/pr_evt32	0																																		
720	26	34	work-r3cv-d116cs/f029/pr_evt34	1	10	2	648	1135.4	0.098846	0.1284	0.0015432	0	0.096997	0	0	0	0.96474	4024	0.0046296	0.010802	0	0	0.25106	0	0	648	0	0	0.25364	0	0.0030864	646	0	0	0.24271	0	0.0061728	644
720	26	36	work-r3cv-d116cs/f029/pr_evt36	1	16	5	574	1545.4	0.21326	0.23662	0	0	0.14721	0	0	0	0.91783	4343	0.0034843	0.026132	0	0	0.24979	0	0	574	0.0034843	0	0.25878	0	0	574	0	0	0.24704	0	0.0069686	570
720	26	37	work-r3cv-d116cs/f029/pr_evt37	1	2	1	9	7.0599	0.0061598	0.0061598	0	0	0.17755	0	0	0	0.97187	72	0	0	0	0	0.366	0	0	9	0	0	0.32218	0	0	9	0	0	0.16575	0	0	9
720	26	38	work-r3cv-d116cs/f029/pr_evt38	1	20	34	534	2229.3	0.16994	0.24623	0.016854	0	0.12783	0.013109	0	0	0.94042	2708	0.0037453	0.18727	0.0075188	0.0037594	0.24826	0	0.0037453	532	0.0074906	0.0074906	0.26471	0	0	534	0.0075758	0.0056818	0.23843	0	0.011236	528
720	26	39	work-r3cv-d116cs/f029/pr_evt39	1	14	6	345	800.11	0.10249	0.19405	0.02029	0	0.078204	0.037681	1.2498	1	1	1860	0.017391	0.069565	0.026087	0.026087	0.24275	0	0	345	0.037791	0.037791	0.26098	0	0.0028986	344	0.0028986	0	0.21145	0	0	345
720	26	43	work-r3cv-d116cs/f029/pr_evt43	1	16	5	28	191.5	0.015036	0.06253	0	0	0.1091	0	5.2218	1	1	85	0.21429	0.32143	0	0	0.091881	0	0	28	0	0	0.34195	0	0	28	0	0	0.17324	0	0	28
720	26	45	work-r3cv-d116cs/f029/pr_evt45	1	16	2	44	116.44	0.19334	0.096668	0.045455	0	0.36873	0	0	0	0.96642	236	0.022727	0.20455	0.022727	0	0.30553	0	0	44	0	0	0.26618	0	0	44	0	0	0.2758	0	0	44
720	26	50	work-r3cv-d116cs/f029/pr_evt50	0																																		
720	26	9	work-r3cv-d116cs/f029/pr_evt9	0																																		
713	38	12	work-r3cv-d116cs/f030/pr_evt12	0																																		
713	38	14	work-r3cv-d116cs/f030/pr_evt14	1	8	15	290	1254.1	0.015571	0.20944	0.013793	0	0.098542	0.027586	0	0	1	1471	0.013793	0.1069	0.02069	0.017241	0.2585	0.017241	0	290	0	0	0.26388	0.017241	0	290	0	0	0.22519	0.017301	0.0034483	289
713	38	17	work-r3cv-d116cs/f030/pr_evt17	0																																		
713	38	18	work-r3cv-d116cs/f030/pr_evt18	0																																		
713	38	25	work-r3cv-d116cs/f030/pr_evt25	1	12	15	734	2951.2	0.086698	0.19968	0.025886	0	0.1487	0.0054496	0	0	0.92171	4804	0.0095368	0.085831	0.0040872	0.0040872	0.25632	0	0	734	0.0013812	0.0013812	0.26941	0	0.013624	724	0.0013812	0.0013812	0.22834	0	0.013624	724
713	38	29	work-r3cv-d116cs/f030/pr_evt29	1	8	4	144	390.33	0.10493	0.14687	0	0	0.075105	0	0	0	0.97755	806	0	0.034722	0	0	0.27419	0	0	144	0	0	0.28228	0	0	144	0	0	0.2748	0	0.0069444	143
713	38	35	work-r3cv-d116cs/f030/pr_evt35	1	5	4	363	579.07	0.23363	0.084373	0.0082645	0	0.08127	0.011019	0	0	1	1812	0	0.016529	0	0	0.26629	0	0	363	0	0	0.21152	0	0	363	0.01108	0.01108	0.2633	0	0.0055096	361
713	38	41	work-r3cv-d116cs/f030/pr_evt41	0																																		
713	38	42	work-r3cv-d116cs/f030/pr_evt42	1	13	2	69	115.29	0.16018	0.18805	0.15942	0	0.62954	0.014493	8.6738	1	0.94342	386	0.086957	0.21739	0.028986	0.014493	0.23225	0	0	69	0.028986	0	0.2375	0	0	69	0	0	0.21609	0	0	69
713	38	45	work-r3cv-d116cs/f030/pr_evt45	1	7	29	118	1249.3	0.42921	0.12781	0	0	0.11016	0.042373	4.0021	5	1	271	0.33051	0.44068	0.033898	0.033898	0.20194	0	0	118	0.0084746	0.0084746	0.23288	0	0	118	0.0084746	0	0.012726	0	0	118
713	38	47	work-r3cv-d116cs/f030/pr_evt47	1	13	13	147	1486.1	0.23723	0.17198	0.07483	0	0.24595	0.020408	1.3458	2	0.96302	775	0.054422	0.29252	0.0068027	0.0068027	0.24651	0	0	147	0.020408	0.013605	0.25903	0	0	147	0.013605	0.013605	0.23722	0	0	147
713	38	5	work-r3cv-d116cs/f030/pr_evt5	0																																		
713	38	50	work-r3cv-d116cs/f030/pr_evt50	0																																		
713	38	9	work-r3cv-d116cs/f030/pr_evt9	1	15	26	817	2572.9	0.20336	0.2436	0.10037	0.004896	0.2499	0.025704	2.7207	7	0.72946	6381	0.050184	0.19339	0.020808	0.0097919	0.24245	0	0	817	0.022032	0.015912	0.261	0	0	817	0.0061501	0.00123	0.25191	0	0.004896	813
711	99	12	work-r3cv-d116cs/f031/pr_evt12	0																																		
711	99	15	work-r3cv-d116cs/f031/pr_evt15	1	5	7	125	573.32	0.042382	0.23575	0	0	0.15375	0	0	0	0.96361	625	0.016	0.168	0	0	0.23694	0	0	125	0	0	0.20908	0	0.072	116	0	0	0.28761	0	0	125
711	99	16	work-r3cv-d116cs/f031/pr_evt16	0																																		
711	99	23	work-r3cv-d116cs/f031/pr_evt23	1	18	2	80	226	0.31979	0.17978	0.2	0	0.44096	0.1	8.8496	2	0.6646	496	0.2875	0.15	0.075	0.0625	0.24298	0	0	80	0.125	0.0375	0.2692	0	0	80	0	0	0.27726	0	0	80
711	99	26	work-r3cv-d116cs/f031/pr_evt26	0																																		
711	99	27	work-r3cv-d116cs/f031/pr_evt27	0																																		
711	99	33	work-r3cv-d116cs/f031/pr_evt33	1	4	8	116	479.71	0.041426	0.025034	0	0	0.16019	0	2.0846	1	0.96821	628	0.077586	0.22414	0	0	0.24689	0.017241	0	116	0	0	0.2255	0.017241	0	116	0	0	0.22119	0.017241	0	116
711	99	4	work-r3cv-d116cs/f031/pr_evt4	0																																		
711	99	42	work-r3cv-d116cs/f031/pr_evt42	1	14	15	177	724.51	0.038862	0.084569	0.011299	0	0.092435	0	2.7605	2	0.94156	852	0.090395	0.17514	0	0	0.28064	0	0	177	0	0	0.24903	0	0	177	0	0	0.17799	0	0	177
711	99	45	work-r3cv-d116cs/f031/pr_evt45	0																																		
711	99	50	work-r3cv-d116cs/f031/pr_evt50	1	4	2	244	524.8	0.014895	0.042763	0	0	0.05889	0	0	0	1	1256	0	0.045082	0	0	0.26882	0	0	244	0	0	0.30041	0	0	244	0	0	0.18754	0	0	244
714	65	11	work-r3cv-d116cs/f032/pr_evt11	0																																		
714	65	15	work-r3cv-d116cs/f032/pr_evt15	0																																		
714	65	20	work-r3cv-d116cs/f032/pr_evt20	1	27	14	491	1976.4	0.23122	0.2094	0.0081466	0	0.07294	0.022403	1.012	2	0.99039	2712	0.020367	0.089613	0.0020367	0.0020367	0.24173	0.010183	0	491	0.010225	0.010225	0.25701	0.010225	0.0040733	489	0.0046838	0.0046838	0.24334	0.01171	0.13035	427
714	65	23	work-r3cv-d116cs/f032/pr_evt23	1	14	8	207	985.19	0.028825	0.039645	0.019324	0	0.246	0	0	0	0.80557	1752	0.024155	0.091787	0	0	0.26038	0	0	207	0	0	0.2582	0	0	207	0	0	0.23174	0	0	207
714	65	24	work-r3cv-d116cs/f032/pr_evt24	1	25	26	386	3363.3	0.23259	0.12863	0.044041	0.044041	0.12402	0.049223	0.29733	1	0.97926	2112	0.067358	0.15803	0.046632	0.044041	0.22802	0	0	386	0.025907	0.023316	0.27831	0	0	386	0.049351	0.049351	0.24256	0	0.0025907	385
714	65	32	work-r3cv-d116cs/f032/pr_evt32	0																																		
714	65	36	work-r3cv-d116cs/f032/pr_evt36	1	17	30	256	1370.1	0.16176	0.22815	0.03125	0	0.19413	0.035156	0	0	0.84894	1598	0.023438	0.26172	0.019685	0.015748	0.28048	0	0.0078125	254	0.019763	0.0079051	0.23276	0	0.011719	253	0.020492	0.020492	0.26643	0	0.046875	244
714	65	39	work-r3cv-d116cs/f032/pr_evt39	1	13	24	408	1820.8	0.083274	0.14318	0.019608	0	0.18838	0.017157	1.0984	2	0.6338	3484	0.041667	0.21078	0.0098039	0.0073529	0.24645	0	0	408	0.022059	0.014706	0.25046	0	0	408	0	0	0.25339	0	0.0073529	405
714	65	43	work-r3cv-d116cs/f032/pr_evt43	0																																		
714	65	5	work-r3cv-d116cs/f032/pr_evt5	0																																		
714	65	50	work-r3cv-d116cs/f032/pr_evt50	1	18	8	714	2236.9	0.071325	0.11075	0.016807	0	0.20091	0	0.44704	1	0.39052	10375	0.019608	0.046218	0	0	0.25084	0	0	714	0	0	0.24676	0	0.032213	691	0.0014104	0	0.23926	0	0.0070028	709
715	72	1	work-r3cv-d116cs/f033/pr_evt1	0																																		
715	72	13	work-r3cv-d116cs/f033/pr_evt13	0																																		
715	72	2	work-r3cv-d116cs/f033/pr_evt2	0																																		
715	72	21	work-r3cv-d116cs/f033/pr_evt21	0																																		
715	72	23	work-r3cv-d116cs/f033/pr_evt23	1	11	1	182	321.25	0.089676	0.089676	0	0	0.044487	0	0	0	1	1209	0	0	0	0	0.23519	0	0.038462	175	0	0	0.25988	0	0	182	0	0	0.24822	0	0.010989	180
715	72	29	work-r3cv-d116cs/f033/pr_evt29	0																																		
715	72	34	work-r3cv-d116cs/f033/pr_evt34	1	20	9	720	1187.2	0.3596	0.29173	0.0013889	0	0.082454	0.0069444	0	0	0.98436	4164	0	0.022222	0.0027933	0.0027933	0.25592	0	0.0055556	716	0.0042135	0.002809	0.23517	0	0.011111	712	0.0027972	0.0027972	0.24042	0	0.0069444	715
715	72	36	work-r3cv-d116cs/f033/pr_evt36	1	9	3	246	563.14	0.014738	0.0049125	0.004065	0	0.29087	0	0	0	0.40551	3329	0.004065	0.012195	0	0	0.2674	0	0	246	0	0	0.21714	0	0	246	0	0	0.22523	0	0.0081301	244
715	72	37	work-r3cv-d116cs/f033/pr_evt37	1	9	4	17	92.214	0.029811	0.034573	0	0	0.10847	0	10.844	1	1	48	0.41176	0.23529	0	0	0.30099	0.11765	0	17	0	0	0.21982	0.11765	0	17	0	0	0.13253	0.11765	0	17
715	72	47	work-r3cv-d116cs/f033/pr_evt47	1	4	3	226	406.16	0.061922	0.059514	0.026549	0	0.14794	0	0	0	0.97384	1422	0.013274	0.039823	0.0044248	0	0.27461	0	0	226	0.0044444	0	0.23754	0	0.0044248	225	0	0	0.24141	0	0.084071	207
715	72	48	work-r3cv-d116cs/f033/pr_evt48	0																																		
715	72	49	work-r3cv-d116cs/f033/pr_evt49	1	2	3	146	343.89	0.0010783	0.065689	0	0	0.087291	0.0068493	0	0	0.97521	884	0.013699	0.075342	0	0	0.25789	0.0068493	0	146	0	0	0.33572	0.0068493	0	146	0	0	0.22921	0.0068493	0	146
715	72	7	work-r3cv-d116cs/f033/pr_evt7	0																																		
715	72	8	work-r3cv-d116cs/f033/pr_evt8	0																																		
713	26	1	work-r3cv-d116cs/f034/pr_evt1	0																																		
713	26	28	work-r3cv-d116cs/f034/pr_evt28	1	6	8	217	693.45	0.0079146	0.18698	0	0	0.087893	0.023041	1.4421	1	0.99386	1071	0.018433	0.096774	0.0092166	0	0.27222	0	0	217	0	0	0.24455	0	0	217	0.02765	0.023041	0.16417	0	0	217
713	26	30	work-r3cv-d116cs/f034/pr_evt30	0																																		
713	26	35	work-r3cv-d116cs/f034/pr_evt35	1	32	4	152	433.48	0.012784	0.02416	0	0	0.09884	0.019737	0	0	0.75857	1110	0.013158	0.059211	0.0065789	0.0065789	0.26443	0.013158	0	152	0.0065789	0.0065789	0.28776	0.013158	0	152	0.0065789	0.0065789	0.26706	0.013158	0	152
713	26	37	work-r3cv-d116cs/f034/pr_evt37	0																																		
713	26	4	work-r3cv-d116cs/f034/pr_evt4	0																																		
713	26	7	work-r3cv-d116cs/f034/pr_evt7	1	20	17	571	2880	0.24029	0.12974	0	0	0.061126	0.012259	0.69445	2	1	2630	0.02627	0.063047	0.0035149	0.0017575	0.23797	0.0070299	0.0035026	569	0.0035026	0	0.25291	0.0070053	0	571	0.0035026	0.0035026	0.24622	0.0070053	0	571
712	22	1	work-r3cv-d116cs/f035/pr_evt1	0																																		
712	22	13	work-r3cv-d116cs/f035/pr_evt13	1	15	17	266	1183.8	0.078443	0.1482	0.022556	0.0075188	0.088575	0.037594	1.6895	2	0.99965	1036	0.056391	0.1391	0.0037594	0.0037594	0.24757	0	0	266	0.041353	0.037594	0.24795	0	0	266	0.0037594	0.0037594	0.19825	0	0	266
712	22	21	work-r3cv-d116cs/f035/pr_evt21	1	21	6	336	784.69	0.4386	0.46029	0	0	0.071839	0.02381	2.5488	2	0.99991	1548	0.029762	0.032738	0	0	0.23252	0.017857	0	336	0.011905	0.011905	0.21697	0.011905	0	336	0	0	0.23916	0.01791	0.0029762	335
712	22	22	work-r3cv-d116cs/f035/pr_evt22	1	21	10	289	877.19	0.045767	0.11163	0.020761	0	0.098799	0.020761	1.14	1	0.92276	1739	0.017301	0.12457	0.0069204	0.0069204	0.21648	0.013841	0	289	0.0069204	0.0069204	0.24502	0.013841	0	289	0	0	0.2224	0.013889	0.0034602	288
712	22	27	work-r3cv-d116cs/f035/pr_evt27	1	7	8	261	873.85	0.0088982	0.0093771	0	0	0.089877	0.0038314	2.2887	2	1	1218	0.045977	0.042146	0.0038314	0.0038314	0.23016	0	0	261	0.0038314	0.0038314	0.26081	0	0	261	0.0038462	0.0038462	0.23802	0	0.0038314	260
712	22	29	work-r3cv-d116cs/f035/pr_evt29	0																																		
712	22	34	work-r3cv-d116cs/f035/pr_evt34	1	5	11	464	1188.8	0.11206	0.28863	0.0086207	0	0.13305	0	0.84116	1	0.90629	3701	0.0086207	0.068966	0	0	0.23041	0	0	464	0	0	0.24573	0	0.036638	447	0	0	0.24529	0	0.0043103	462
712	22	37	work-r3cv-d116cs/f035/pr_evt37	0																																		
712	22	46	work-r3cv-d116cs/f035/pr_evt46	1	14	12	533	2547.2	0.087994	0.13179	0.0056285	0	0.20774	0	0	0	0.4648	7344	0.011257	0.04878	0	0	0.2586	0	0	533	0	0	0.23765	0	0.073171	494	0	0	0.25531	0	0.0056285	530
712	22	47	work-r3cv-d116cs/f035/pr_evt47	0																																		
712	22	6	work-r3cv-d116cs/f035/pr_evt6	0																																		
714	23	1	work-r3cv-d116cs/f036/pr_evt1	0																																		
714	23	10	work-r3cv-d116cs/f036/pr_evt10	0																																		
714	23	11	work-r3cv-d116cs/f036/pr_evt11	0																																		
714	23	14	work-r3cv-d116cs/f036/pr_evt14	0																																		
714	23	19	work-r3cv-d116cs/f036/pr_evt19	0																																		
714	23	20	work-r3cv-d116cs/f036/pr_evt20	0																																		
714	23	22	work-r3cv-d116cs/f036/pr_evt22	0																																		
714	23	25	work-r3cv-d116cs/f036/pr_evt25	0																																		
714	23	27	work-r3cv-d116cs/f036/pr_evt27	1	9	1	165	191.2	0.22814	0.22814	0	0	0.060453	0.0060606	0	0	1	760	0	0	0.0060606	0.0060606	0.2644	0	0	165	0.0060606	0.0060606	0.24733	0	0	165	0	0	0.23876	0	0.0060606	164
714	23	32	work-r3cv-d116cs/f036/pr_evt32	1	24	19	318	1757.1	0.17547	0.14188	0.018868	0.012579	0.17391	0.015723	1.1383	2	0.85879	1891	0.037736	0.14151	0.0031447	0	0.25303	0.012579	0	318	0.0031447	0.0031447	0.24521	0.012579	0	318	0	0	0.22457	0.012821	0.018868	312
714	23	36	work-r3cv-d116cs/f036/pr_evt36	0																																		
714	23	39	work-r3cv-d116cs/f036/pr_evt39	1	16	7	30	269.78	0.016039	0.042789	0	0	0.086534	0	0	0	1	94	0.066667	0.36667	0	0	0.12549	0	0	30	0	0	0.3602	0	0	30	0	0	0.10507	0	0	30
714	23	40	work-r3cv-d116cs/f036/pr_evt40	1	7	7	279	837.63	0.20165	0.2397	0.064516	0	0.12863	0.035842	2.3877	2	0.93583	1373	0.050179	0.17204	0.014337	0.014337	0.25345	0.0035842	0	279	0.043011	0.02509	0.23912	0	0	279	0	0	0.24274	0	0	279
714	23	44	work-r3cv-d116cs/f036/pr_evt44	1	12	3	72	141.07	0.15792	0.49694	0	0	0.22926	0.027778	0	0	0.99321	467	0.027778	0.23611	0	0	0.29831	0	0	72	0.028571	0.028571	0.25183	0	0.027778	70	0	0	0.15723	0	0	72
714	23	45	work-r3cv-d116cs/f036/pr_evt45	0																																		
714	23	48	work-r3cv-d116cs/f036/pr_evt48	0																																		
714	23	6	work-r3cv-d116cs/f036/pr_evt6	0																																		
714	23	8	work-r3cv-d116cs/f036/pr_evt8	0																																		
712	43	12	work-r3cv-d116cs/f037/pr_evt12	0																																		
712	43	14	work-r3cv-d116cs/f037/pr_evt14	1	4	3	475	916.55	0.025865	0.1315	0.0063158	0	0.2098	0	0	0	0.90471	3901	0.0042105	0.025263	0	0	0.2494	0	0	475	0	0	0.24394	0	0	475	0	0	0.23054	0	0.0021053	474
712	43	19	work-r3cv-d116cs/f037/pr_evt19	1	20	27	852	2714	0.37568	0.41496	0.046948	0.0023474	0.29793	0.018779	0.73693	2	0.50622	10376	0.016432	0.13615	0.015294	0.0094118	0.26301	0	0.0023474	850	0.013221	0.0096154	0.25857	0	0.023474	832	0.0082742	0.0059102	0.25004	0	0.0070423	846
712	43	25	work-r3cv-d116cs/f037/pr_evt25	1	7	13	479	1886.8	0.51555	0.11575	0.014614	0	0.12928	0	1.59	3	0.97828	2501	0.052192	0.068894	0.0041754	0	0.25673	0	0	479	0	0	0.26776	0	0	479	0	0	0.22348	0	0.006263	476
712	43	27	work-r3cv-d116cs/f037/pr_evt27	0																																		
712	43	28	work-r3cv-d116cs/f037/pr_evt28	1	6	2	41	64.553	0.046202	0.070112	0	0	0.12384	0	0	0	1	185	0.02439	0.073171	0	0	0.19346	0	0	41	0	0	0.29412	0	0	41	0	0	0.23211	0	0	41
712	43	30	work-r3cv-d116cs/f037/pr_evt30	0																																		
712	43	31	work-r3cv-d116cs/f037/pr_evt31	1	15	8	455	981.4	0.20479	0.025598	0	0	0.1378	0	2.0379	2	0.91634	3550	0.030769	0.032967	0	0	0.23263	0	0.0043956	453	0	0	0.25871	0	0.0065934	452	0	0	0.22161	0	0.0087912	451
712	43	32	work-r3cv-d116cs/f037/pr_evt32	1	11	16	121	2571.3	0.16344	0.16818	0.033058	0	0.11124	0.016529	0	0	0.91763	676	0	0.26446	0.016667	0.016667	0.18375	0	0.0082645	120	0.0082645	0.0082645	0.29888	0	0	121	0.0082645	0	0.23885	0	0	121
712	43	36	work-r3cv-d116cs/f037/pr_evt36	0																																		
712	43	45	work-r3cv-d116cs/f037/pr_evt45	1	5	2	348	627.05	0.26526	0.13263	0.011494	0	0.10091	0	0	0	0.99878	1923	0	0.014368	0	0	0.22195	0	0	348	0	0	0.2475	0	0	348	0	0	0.24233	0	0.011494	344
712	43	50	work-r3cv-d116cs/f037/pr_evt50	1	14	5	134	437.1	0.12621	0.14726	0.044776	0	0.10777	0.037313	2.2878	1	0.97772	672	0.037313	0.089552	0.029851	0.022388	0.22091	0	0	134	0.015038	0.015038	0.3107	0	0.0074627	133	0.029851	0.014925	0.27051	0	0	134
712	43	6	work-r3cv-d116cs/f037/pr_evt6	1	9	3	212	344.16	0.072003	0.068836	0.023585	0	0.21068	0	0	0	0.70525	2050	0.018868	0.018868	0	0	0.23101	0	0	212	0	0	0.24843	0	0	212	0	0	0.25353	0	0.004717	211
720	17	19	work-r3cv-d116cs/f038/pr_evt19	1	13	14	150	725.58	0.0024506	0.040497	0.04	0	0.1406	0.02	1.3782	1	0.99185	724	0.06	0.24	0.013333	0	0.22783	0	0	150	0.026667	0.02	0.25068	0.0066667	0	150	0.013333	0.0066667	0.20896	0.0066667	0	150
720	17	20	work-r3cv-d116cs/f038/pr_evt20	0																																		
720	17	22	work-r3cv-d116cs/f038/pr_evt22	0																																		
720	17	24	work-r3cv-d116cs/f038/pr_evt24	1	5	8	96	300.34	0.13895	0.23357	0.010417	0	0.17068	0	0	0	0.72545	727	0.020833	0.15625	0	0	0.25475	0	0	96	0.010526	0	0.29605	0	0.010417	95	0	0	0.19198	0	0	96
720	17	27	work-r3cv-d116cs/f038/pr_evt27	1	4	2	128	200.05	0.12301	0.28638	0	0	0.20646	0	14.996	3	0.75824	735	0.125	0.03125	0.0078125	0	0.27017	0	0	128	0	0	0.20351	0	0.03125	124	0.0078125	0	0.26264	0	0	128
720	17	29	work-r3cv-d116cs/f038/pr_evt29	0																																		
720	17	31	work-r3cv-d116cs/f038/pr_evt31	1	4	1	75	106.6	0.20286	0.20286	0.13333	0	0.29816	0.013333	9.3808	1	0.90215	448	0.13333	0.08	0.013333	0.013333	0.25999	0	0	75	0	0	0.23902	0	0	75	0	0	0.20831	0	0	75
720	17	32	work-r3cv-d116cs/f038/pr_evt32	1	7	13	501	1574.4	0.16156	0.38224	0.11776	0.025948	0.30967	0.047904	1.9055	3	0.73733	4381	0.12575	0.16966	0.015968	0.007984	0.23139	0	0	501	0.015968	0.001996	0.2467	0	0	501	0.075893	0.049107	0.26347	0	0.10579	448
720	17	34	work-r3cv-d116cs/f038/pr_evt34	1	6	6	159	516.77	0.18687	0.066637	0	0	0.14421	0	0	0	0.97766	1060	0.0062893	0.069182	0	0	0.23259	0	0	159	0	0	0.27844	0	0.13836	137	0	0	0.23793	0	0	159
720	17	38	work-r3cv-d116cs/f038/pr_evt38	1	5	4	33	65.213	0.093622	0.27977	0.060606	0	0.146	0.060606	0	0	0.99673	148	0	0.24242	0.060606	0.060606	0.27158	0	0	33	0.030303	0	0.17715	0	0	33	0	0	0.31322	0	0	33
720	17	43	work-r3cv-d116cs/f038/pr_evt43	1	15	6	145	479.9	0.023673	0.013401	0	0	0.092985	0.0068966	0	0	1	666	0.027586	0.096552	0.0068966	0.0068966	0.30282	0	0	145	0.0068966	0.0068966	0.25022	0	0	145	0.0068966	0.0068966	0.22767	0	0	145
720	17	44	work-r3cv-d116cs/f038/pr_evt44	0																																		
720	17	5	work-r3cv-d116cs/f038/pr_evt5	0																																		
720	17	50	work-r3cv-d116cs/f038/pr_evt50	0																																		
720	17	6	work-r3cv-d116cs/f038/pr_evt6	0																																		
719	0	17	work-r3cv-d116cs/f039/pr_evt17	1	13	8	325	1340	0.085039	0.10851	0.0030769	0	0.11078	0	0.74625	1	0.72736	2267	0.018462	0.049231	0	0	0.24521	0	0.0061538	323	0	0	0.24395	0	0.0030769	324	0	0	0.2283	0	0	325
719	0	26	work-r3cv-d116cs/f039/pr_evt26	0																																		
719	0	35	work-r3cv-d116cs/f039/pr_evt35	0																																		
719	0	39	work-r3cv-d116cs/f039/pr_evt39	0																																		
719	0	4	work-r3cv-d116cs/f039/pr_evt4	0																																		
719	0	41	work-r3cv-d116cs/f039/pr_evt41	1	8	23	139	1211.1	0.08112	0.12395	0.10072	0.014388	0.20387	0.0071942	2.4771	3	0.94741	518	0.17986	0.38849	0.021583	0.0071942	0.18615	0	0	139	0.021583	0.0071942	0.32961	0	0	139	0.0071942	0	0.14391	0	0	139
719	0	43	work-r3cv-d116cs/f039/pr_evt43	0																																		
719	0	46	work-r3cv-d116cs/f039/pr_evt46	0																																		
719	0	48	work-r3cv-d116cs/f039/pr_evt48	1	9	14	292	911.18	0.03571	0.16821	0	0	0.12343	0	0	0	0.97448	1644	0.034247	0.10274	0	0	0.2234	0	0	292	0	0	0.27775	0	0	292	0	0	0.22638	0	0.0034247	291
719	0	8	work-r3cv-d116cs/f039/pr_evt8	0																																		
719	0	9	work-r3cv-d116cs/f039/pr_evt9	1	18	1	88	98.743	0.0050657	0.0050657	0	0	0.084667	0	0	0	1	429	0	0.022727	0	0	0.21591	0	0	88	0	0	0.23601	0	0	88	0	0	0.25869	0	0	88
720	47	12	work-r3cv-d116cs/f040/pr_evt12	0																																		
720	47	13	work-r3cv-d116cs/f040/pr_evt13	0																																		
720	47	14	work-r3cv-d116cs/f040/pr_evt14	1	12	15	110	725.71	0.16208	0.116	0	0	0.14635	0	0	0	0.83778	678	0	0.25455	0	0	0.25082	0.0090909	0	110	0	0	0.22042	0.0090909	0	110	0	0	0.27269	0.010989	0.17273	91
720	47	23	work-r3cv-d116cs/f040/pr_evt23	0																																		
720	47	28	work-r3cv-d116cs/f040/pr_evt28	1	13	7	532	2017.7	0.18402	0.040368	0.0075188	0	0.20137	0	0.49561	1	0.4128	7467	0.0075188	0.022556	0	0	0.25329	0	0	532	0.0056604	0	0.25052	0	0.0037594	530	0	0	0.24161	0	0.0056391	529
720	47	32	work-r3cv-d116cs/f040/pr_evt32	1	10	3	153	302.13	0.16248	0.32472	0	0	0.070445	0	0	0	1	877	0	0.013072	0	0	0.24849	0	0	153	0	0	0.22058	0	0.0065359	152	0	0	0.24694	0	0	153
720	47	36	work-r3cv-d116cs/f040/pr_evt36	0																																		
720	47	4	work-r3cv-d116cs/f040/pr_evt4	1	3	1	45	61.138	0.17953	0.17953	0	0	0.41468	0	16.357	1	0.40991	427	0.11111	0.022222	0	0	0.2162	0	0	45	0.044444	0	0.33639	0	0	45	0	0	0.23535	0	0	45
720	47	44	work-r3cv-d116cs/f040/pr_evt44	0																																		
720	47	46	work-r3cv-d116cs/f040/pr_evt46	1	9	1	93	118.12	0.017161	0.017161	0.010753	0	0.12899	0	8.4661	1	0.99656	429	0.12903	0.032258	0	0	0.30865	0	0	93	0	0	0.27246	0	0	93	0	0	0.27149	0	0	93
720	47	8	work-r3cv-d116cs/f040/pr_evt8	1	10	7	273	825.65	0.016509	0.11563	0	0	0.12344	0	0	0	0.89048	1703	0.029304	0.10623	0	0	0.25604	0	0	273	0	0	0.26678	0	0	273	0.0037313	0	0.24869	0	0.018315	268
715	94	1	work-r3cv-d116cs/f041/pr_evt1	0																																		
715	94	14	work-r3cv-d116cs/f041/pr_evt14	1	1	4	280	696.64	0.14839	0.20269	0	0	0.07701	0	0	0	1	1533	0	0.014286	0	0	0.25783	0	0	280	0	0	0.24354	0	0	280	0	0	0.22795	0	0.075	259
715	94	15	work-r3cv-d116cs/f041/pr_evt15	0																																		
715	94	18	work-r3cv-d116cs/f041/pr_evt18	1	6	3	53	98.885	0.30115	0.25184	0	0	0.10229	0	0	0	1	272	0.056604	0.037736	0	0	0.26494	0	0	53	0	0	0.18785	0	0	53	0	0	0.14796	0	0	53
715	94	19	work-r3cv-d116cs/f041/pr_evt19	1	4	3	58	115.62	0.037039	0.090943	0	0	0.32061	0	0	0	0.5197	506	0	0.086207	0	0	0.25693	0	0	58	0	0	0.24853	0	0	58	0	0	0.26821	0	0	58
715	94	20	work-r3cv-d116cs/f041/pr_evt20	0																																		
715	94	26	work-r3cv-d116cs/f041/pr_evt26	0																																		
715	94	27	work-r3cv-d116cs/f041/pr_evt27	0																																		
715	94	29	work-r3cv-d116cs/f041/pr_evt29	0																																		
715	94	32	work-r3cv-d116cs/f041/pr_evt32	1	13	4	136	485.38	0.26899	0.18555	0	0	0.10042	0	0	0	1	596	0	0.051471	0	0	0.22959	0	0.014706	134	0	0	0.26382	0	0	136	0	0	0.22949	0	0	136
715	94	33	work-r3cv-d116cs/f041/pr_evt33	1	45	6	205	636.5	0.02351	0.16093	0.019512	0	0.095932	0	0	0	0.91297	1150	0	0.10244	0	0	0.24455	0	0	205	0	0	0.22422	0	0	205	0	0	0.19917	0	0	205
715	94	35	work-r3cv-d116cs/f041/pr_evt35	0																																		
715	94	36	work-r3cv-d116cs/f041/pr_evt36	0																																		
715	94	7	work-r3cv-d116cs/f041/pr_evt7	0																																		
715	94	8	work-r3cv-d116cs/f041/pr_evt8	0																																		
719	5	1	work-r3cv-d116cs/f042/pr_evt1	0																																		
719	5	15	work-r3cv-d116cs/f042/pr_evt15	1	126	13	750	1919.9	0.17099	0.3313	0.066667	0.0066667	0.28502	0.061333	4.6878	9	0.81948	3249	0.136	0.064	0.044	0.024	0.24926	0.013333	0	750	0.015193	0.01105	0.2558	0.013812	0.034667	724	0.058667	0.016	0.267	0.013333	0	750
719	5	16	work-r3cv-d116cs/f042/pr_evt16	0																																		
719	5	18	work-r3cv-d116cs/f042/pr_evt18	1	7	5	165	405.43	0.13649	0.29348	0	0	0.076419	0	0	0	0.99585	868	0	0.036364	0	0	0.25546	0	0	165	0	0	0.21487	0	0.32121	112	0	0	0.22639	0	0.0060606	164
719	5	29	work-r3cv-d116cs/f042/pr_evt29	0																																		
719	5	3	work-r3cv-d116cs/f042/pr_evt3	1	7	3	209	630.2	0.042754	0.42176	0.014354	0	0.15755	0.014354	0	0	0.93869	1179	0.0095694	0.08134	0	0	0.27585	0	0	209	0	0	0.24737	0	0	209	0.014423	0.014423	0.23457	0	0.0047847	208
719	5	31	work-r3cv-d116cs/f042/pr_evt31	1	8	3	303	498.28	0.31896	0.46342	0	0	0.075239	0.013201	0	0	1	1531	0.0066007	0.019802	0.0033445	0.0033445	0.23697	0.013378	0.013201	299	0	0	0.22835	0	0.09571	274	0.0033445	0.0033445	0.26744	0	0.013201	299
719	5	32	work-r3cv-d116cs/f042/pr_evt32	1	54	7	28	143.03	0	0.15594	0	0	0.073417	0	0	0	1	83	0.071429	0.35714	0	0	0.084659	0	0	28	0	0	0.22313	0	0	28	0	0	0.059058	0	0	28
719	5	34	work-r3cv-d116cs/f042/pr_evt34	0																																		
719	5	36	work-r3cv-d116cs/f042/pr_evt36	1	10	7	266	1235.9	0.23512	0.034434	0.022556	0	0.12853	0	0	0	0.96701	1662	0.0075188	0.078947	0	0	0.24724	0	0	266	0	0	0.27368	0	0	266	0	0	0.21604	0	0	266
719	5	38	work-r3cv-d116cs/f042/pr_evt38	1	13	2	164	225.2	0.39752	0.21527	0	0	0.069479	0	0	0	0.99882	845	0	0.018293	0	0	0.26478	0	0	164	0	0	0.23303	0	0.012195	162	0	0	0.24574	0	0	164
711	60	1	work-r3cv-d116cs/f043/pr_evt1	0																																		
711	60	13	work-r3cv-d116cs/f043/pr_evt13	0																																		
711	60	16	work-r3cv-d116cs/f043/pr_evt16	0																																		
711	60	19	work-r3cv-d116cs/f043/pr_evt19	0																																		
711	60	31	work-r3cv-d116cs/f043/pr_evt31	0																																		
711	60	34	work-r3cv-d116cs/f043/pr_evt34	0																																		
711	60	49	work-r3cv-d116cs/f043/pr_evt49	0																																		
711	60	5	work-r3cv-d116cs/f043/pr_evt5	1	12	29	541	2829.7	0.35196	0.28082	0.012939	0	0.098089	0.02403	0	0	0.94003	2655	0.022181	0.16081	0.0055453	0.0055453	0.24962	0	0	541	0.02403	0.02403	0.25076	0	0	541	0.0018519	0.0018519	0.21923	0	0.0018484	540
711	60	50	work-r3cv-d116cs/f043/pr_evt50	0																																		
715	60	1	work-r3cv-d116cs/f044/pr_evt1	0																																		
715	60	12	work-r3cv-d116cs/f044/pr_evt12	0																																		
715	60	13	work-r3cv-d116cs/f044/pr_evt13	0																																		
715	60	21	work-r3cv-d116cs/f044/pr_evt21	0																																		
715	60	25	work-r3cv-d116cs/f044/pr_evt25	0																																		
715	60	26	work-r3cv-d116cs/f044/pr_evt26	0																																		
715	60	29	work-r3cv-d116cs/f044/pr_evt29	0																																		
715	60	30	work-r3cv-d116cs/f044/pr_evt30	0																																		
715	60	35	work-r3cv-d116cs/f044/pr_evt35	1	4	17	378	1346.8	0.45707	0.28855	0.082011	0.0079365	0.20881	0.034392	2.2275	3	0.78698	2912	0.071429	0.18783	0.034392	0.021164	0.25006	0	0	378	0.013477	0.0080863	0.27076	0	0.018519	371	0.029101	0.013228	0.25187	0	0	378
715	60	37	work-r3cv-d116cs/f044/pr_evt37	0																																		
715	60	4	work-r3cv-d116cs/f044/pr_evt4	0																																		
715	60	41	work-r3cv-d116cs/f044/pr_evt41	1	22	20	132	1962.1	0.012193	0.0087857	0	0	0.12385	0.0075758	0	0	0.99308	565	0.045455	0.28788	0	0	0.26499	0	0	132	0	0	0.27057	0	0	132	0.0075758	0.0075758	0.16514	0	0	132
715	60	48	work-r3cv-d116cs/f044/pr_evt48	0																																		
715	60	49	work-r3cv-d116cs/f044/pr_evt49	0																																		
715	60	6	work-r3cv-d116cs/f044/pr_evt6	0																																		
717	83	1	work-r3cv-d116cs/f045/pr_evt1	1	8	4	43	135.33	0.30766	0.14862	0	0	0.21465	0	0	0	0.95536	215	0.046512	0.32558	0	0	0.24097	0	0	43	0	0	0.22271	0	0	43	0	0	0.2368	0	0	43
717	83	13	work-r3cv-d116cs/f045/pr_evt13	0																																		
717	83	14	work-r3cv-d116cs/f045/pr_evt14	0																																		
717	83	16	work-r3cv-d116cs/f045/pr_evt16	0																																		
717	83	17	work-r3cv-d116cs/f045/pr_evt17	1	12	15	144	1157.1	0.046119	0.17287	0.020833	0	0.20846	0.0069444	1.7285	2	0.93893	790	0.097222	0.34722	0	0	0.24877	0	0	144	0.0070423	0.0070423	0.2382	0	0.013889	142	0	0	0.19727	0	0.027778	140
717	83	20	work-r3cv-d116cs/f045/pr_evt20	1	12	14	176	662.62	0.063325	0.3094	0	0	0.16956	0.028409	0	0	0.9724	919	0.011364	0.21023	0.0057471	0.017241	0.22689	0.017241	0.011364	174	0.022727	0.017045	0.23683	0	0	176	0	0	0.20219	0	0.011364	174
717	83	21	work-r3cv-d116cs/f045/pr_evt21	0																																		
717	83	23	work-r3cv-d116cs/f045/pr_evt23	0																																		
717	83	24	work-r3cv-d116cs/f045/pr_evt24	1	7	15	258	1084.7	0.08852	0.23139	0.050388	0	0.25582	0.003876	0.92188	1	0.75487	2038	0.015504	0.17054	0	0	0.20963	0.003876	0	258	0.0077519	0.003876	0.2505	0.003876	0	258	0	0	0.22076	0.0038911	0.003876	257
717	83	27	work-r3cv-d116cs/f045/pr_evt27	1	14	7	318	1017.8	0.14211	0.091139	0	0	0.093943	0	1.965	2	0.97126	1682	0.037736	0.040881	0	0	0.25987	0	0	318	0	0	0.24237	0	0	318	0	0	0.22979	0	0	318
717	83	32	work-r3cv-d116cs/f045/pr_evt32	1	14	7	230	675.84	0.049831	0.011759	0	0	0.070406	0	0	0	0.99427	1184	0	0.073913	0	0	0.24992	0	0	230	0	0	0.23746	0	0	230	0	0	0.24611	0	0.086957	210
717	83	36	work-r3cv-d116cs/f045/pr_evt36	1	14	14	221	1707.1	0.063546	0.21209	0.049774	0	0.19436	0.022624	0	0	0.9402	1185	0.027149	0.1991	0.013575	0.013575	0.23577	0	0	221	0.0181	0.0090498	0.28974	0	0	221	0	0	0.16877	0	0	221
717	83	37	work-r3cv-d116cs/f045/pr_evt37	1	5	11	346	1069.7	0.019438	0.20125	0.023121	0	0.14836	0.0028902	1.8697	2	0.83666	2373	0.023121	0.066474	0.0028902	0	0.25509	0	0	346	0.0057803	0.0028902	0.24637	0	0	346	0.0028986	0	0.26174	0	0.0028902	345
717	83	38	work-r3cv-d116cs/f045/pr_evt38	1	18	21	321	1663.4	0.19838	0.14087	0.012461	0	0.13676	0.018692	3.0059	5	0.95378	1646	0.090343	0.21184	0.0093458	0.0062305	0.26636	0	0	321	0.021807	0.015576	0.28277	0	0	321	0.0094637	0.0031546	0.24658	0	0.012461	317
717	83	4	work-r3cv-d116cs/f045/pr_evt4	0																																		
717	83	40	work-r3cv-d116cs/f045/pr_evt40	0																																		
717	83	45	work-r3cv-d116cs/f045/pr_evt45	1	12	3	29	95.858	0.19444	0.1898	0.24138	0	0.47233	0	0	0	0.87304	158	0	0.13793	0	0	0.1519	0	0	29	0	0	0.22423	0	0	29	0	0	0.13989	0	0.17241	24
717	83	49	work-r3cv-d116cs/f045/pr_evt49	1	3	1	130	149.15	0.0032177	0.0032177	0.023077	0	0.16193	0	0	0	1	774	0	0.015385	0	0	0.2479	0	0	130	0	0	0.2363	0	0	130	0	0	0.24528	0	0	130
717	83	7	work-r3cv-d116cs/f045/pr_evt7	1	7	2	31	31.936	0.25119	0.12559	0.032258	0	0.64647	0	0	0	0.92945	201	0	0.096774	0	0	0.28379	0	0	31	0	0	0.18895	0	0	31	0	0	0.25286	0	0	31
717	83	9	work-r3cv-d116cs/f045/pr_evt9	0																																		
713	86	15	work-r3cv-d116cs/f046/pr_evt15	1	8	4	16	83.549	0	0.0063289	0	0	0.11935	0	11.969	1	1	38	0.25	0.25	0	0	0.21665	0	0	16	0	0	0.2786	0	0	16	0	0	0.010465	0	0	16
713	86	26	work-r3cv-d116cs/f046/pr_evt26	0																																		
713	86	31	work-r3cv-d116cs/f046/pr_evt31	1	1	28	718	2708.9	0.20103	0.21402	0.032033	0	0.1414	0.0097493	0.73831	2	0.89114	4163	0.030641	0.1727	0.0069638	0.0041783	0.24161	0	0	718	0.0087464	0.0058309	0.24029	0	0.044568	686	0.0087977	0.0029326	0.22741	0	0.050139	682
713	86	4	work-r3cv-d116cs/f046/pr_evt4	0																																		
713	86	46	work-r3cv-d116cs/f046/pr_evt46	1	6	7	180	464.99	0.27563	0.11102	0.038889	0	0.20707	0	2.1506	1	0.98349	1016	0.027778	0.20556	0	0	0.25348	0	0	180	0	0	0.25058	0	0	180	0	0	0.231	0	0	180
713	86	50	work-r3cv-d116cs/f046/pr_evt50	1	5	1	21	32.9	0	0	0	0	0.055401	0	0	0	1	101	0	0	0	0	0.28499	0	0	21	0	0	0.28697	0	0	21	0	0	0.28044	0	0	21
713	86	6	work-r3cv-d116cs/f046/pr_evt6	0																																		
713	72	1	work-r3cv-d116cs/f047/pr_evt1	0																																		
713	72	11	work-r3cv-d116cs/f047/pr_evt11	1	27	2	96	381.61	0.05426	0.30654	0	0	0.26838	0.020833	0	0	1	533	0	0	0	0	0.27809	0	0	96	0.020833	0.020833	0.22073	0	0	96	0	0	0.19449	0	0	96
713	72	12	work-r3cv-d116cs/f047/pr_evt12	1	2	19	77	788.94	0.0079688	0.046205	0	0	0.10202	0	2.535	2	1	246	0.19481	0.44156	0	0	0.2464	0	0	77	0	0	0.2677	0	0	77	0	0	0.189	0	0	77
713	72	13	work-r3cv-d116cs/f047/pr_evt13	0																																		
713	72	2	work-r3cv-d116cs/f047/pr_evt2	0																																		
713	72	24	work-r3cv-d116cs/f047/pr_evt24	1	4	4	285	434.51	0.4144	0.26528	0	0	0.094457	0	0	0	0.98844	1698	0.0070175	0.014035	0	0	0.25927	0	0	285	0	0	0.24578	0	0.0035088	284	0	0	0.22872	0	0.22105	222
713	72	25	work-r3cv-d116cs/f047/pr_evt25	0																																		
713	72	32	work-r3cv-d116cs/f047/pr_evt32	1	16	37	597	3164.2	0.40447	0.27065	0.055276	0.0033501	0.28443	0.018425	1.8962	6	0.68861	5042	0.048576	0.23116	0.031826	0.0033501	0.25715	0.0067002	0	597	0.021812	0.010067	0.26655	0.0083893	0.001675	596	0.0134	0.0050251	0.24712	0.0083752	0	597
713	72	38	work-r3cv-d116cs/f047/pr_evt38	0																																		
713	72	48	work-r3cv-d116cs/f047/pr_evt48	1	8	2	67	86.884	0.096139	0.04807	0.044776	0	0.37682	0	0	0	0.71033	745	0	0.044776	0	0	0.24988	0	0	67	0	0	0.23403	0	0.35821	43	0	0	0.22355	0	0	67
713	72	6	work-r3cv-d116cs/f047/pr_evt6	0																																		
713	72	7	work-r3cv-d116cs/f047/pr_evt7	0																																		
717	11	11	work-r3cv-d116cs/f048/pr_evt11	1	63	19	498	2006.8	0.65758	0.30673	0.12249	0.0080321	0.33894	0.060241	1.4949	3	0.82106	3877	0.050201	0.3012	0.050505	0.032323	0.25209	0	0.0060241	495	0.040323	0.016129	0.27181	0	0.0040161	496	0.02834	0.018219	0.25431	0	0.0080321	494
717	11	12	work-r3cv-d116cs/f048/pr_evt12	0																																		
717	11	16	work-r3cv-d116cs/f048/pr_evt16	0																																		
717	11	23	work-r3cv-d116cs/f048/pr_evt23	1	4	2	176	531.52	0.18795	0.17237	0.034091	0	0.26492	0	0	0	0.59348	1520	0	0.056818	0	0	0.25158	0	0	176	0.0056818	0	0.21796	0	0	176	0	0	0.21819	0	0	176
717	11	25	work-r3cv-d116cs/f048/pr_evt25	1	9	3	53	55.428	0.077599	0.63797	0.037736	0	0.20133	0.037736	0	0	0.98623	263	0.075472	0.11321	0	0	0.31621	0	0	53	0.037736	0.037736	0.23094	0	0	53	0	0	0.18476	0	0	53
717	11	27	work-r3cv-d116cs/f048/pr_evt27	0																																		
717	11	3	work-r3cv-d116cs/f048/pr_evt3	1	2	7	84	258.81	0.22971	0.034082	0.047619	0	0.11853	0	0	0	0.93927	540	0.047619	0.21429	0	0	0.24195	0	0	84	0	0	0.17281	0	0.47619	44	0	0	0.22234	0	0	84
717	11	36	work-r3cv-d116cs/f048/pr_evt36	0																																		
717	11	38	work-r3cv-d116cs/f048/pr_evt38	0																																		
717	11	41	work-r3cv-d116cs/f048/pr_evt41	1	7	5	28	108.17	0.035949	0.30359	0	0	0.24145	0.071429	0	0	0.99941	166	0	0.32143	0.071429	0.035714	0.31373	0.035714	0	28	0.035714	0.035714	0.32593	0.035714	0	28	0	0	0.20905	0.035714	0	28
717	11	43	work-r3cv-d116cs/f048/pr_evt43	0																																		
717	11	8	work-r3cv-d116cs/f048/pr_evt8	0																																		
720	59	1	work-r3cv-d116cs/f049/pr_evt1	0																																		
720	59	12	work-r3cv-d116cs/f049/pr_evt12	1	13	23	270	1449.2	0.063803	0.29045	0.02963	0	0.26546	0.018519	1.3801	2	0.92398	1468	0.1037	0.35926	0.011111	0.011111	0.22583	0	0	270	0.014815	0.0074074	0.27185	0	0	270	0.0074074	0	0.19062	0	0	270
720	59	17	work-r3cv-d116cs/f049/pr_evt17	0																																		
720	59	19	work-r3cv-d116cs/f049/pr_evt19	1	4	13	173	775.14	0.24351	0.19744	0.13295	0.0057803	0.38777	0.034682	3.8703	3	0.99356	861	0.11561	0.27168	0.011561	0.0057803	0.22353	0	0	173	0.011834	0	0.25891	0	0.023121	169	0.052023	0.028902	0.26752	0	0	173
720	59	21	work-r3cv-d116cs/f049/pr_evt21	0																																		
720	59	26	work-r3cv-d116cs/f049/pr_evt26	0																																		
720	59	3	work-r3cv-d116cs/f049/pr_evt3	0																																		
720	59	40	work-r3cv-d116cs/f049/pr_evt40	1	3	1	120	166.82	0.034095	0.034095	0.016667	0	0.12059	0.05	0	0	0.97879	743	0	0.016667	0.0083333	0	0.23266	0	0	120	0.05	0.05	0.25685	0	0	120	0	0	0.30998	0	0	120
720	59	42	work-r3cv-d116cs/f049/pr_evt42	0																																		
720	59	49	work-r3cv-d116cs/f049/pr_evt49	1	25	5	97	338.08	0.29887	0.276	0	0	0.12954	0.010309	0	0	0.88332	582	0	0.15464	0	0.010309	0.2414	0.010309	0	97	0	0	0.23944	0.010309	0	97	0	0	0.22793	0	0.030928	94
720	59	5	work-r3cv-d116cs/f049/pr_evt5	1	21	8	118	466.39	0.0049789	0.20801	0	0	0.10547	0.0084746	2.1441	1	0.98008	539	0.067797	0.16102	0	0	0.21212	0	0	118	0.0084746	0.0084746	0.23074	0	0	118	0	0	0.2892	0	0	118
720	59	6	work-r3cv-d116cs/f049/pr_evt6	0																																		
720	59	7	work-r3cv-d116cs/f049/pr_evt7	0																																		
720	59	9	work-r3cv-d116cs/f049/pr_evt9	1	9	3	205	457.89	0.37383	0.29635	0	0	0.079423	0	0	0	0.99935	1137	0	0.029268	0	0	0.21259	0	0	205	0.004878	0	0.22616	0	0	205	0	0	0.24569	0	0.082927	188
714	97	12	work-r3cv-d116cs/f050/pr_evt12	0																																		
714	97	14	work-r3cv-d116cs/f050/pr_evt14	0																																		
714	97	18	work-r3cv-d116cs/f050/pr_evt18	0																																		
714	97	2	work-r3cv-d116cs/f050/pr_evt2	0																																		
714	97	20	work-r3cv-d116cs/f050/pr_evt20	0																																		
714	97	24	work-r3cv-d116cs/f050/pr_evt24	0																																		
714	97	28	work-r3cv-d116cs/f050/pr_evt28	0																																		
714	97	29	work-r3cv-d116cs/f050/pr_evt29	0																																		
714	97	3	work-r3cv-d116cs/f050/pr_evt3	1	20	18	416	1290.4	0.14071	0.20906	0.052885	0.0048077	0.17546	0.036058	3.8749	5	0.91345	2439	0.081731	0.14663	0.016827	0.0024038	0.22388	0	0	416	0.031325	0.028916	0.25491	0	0.0024038	415	0.016827	0.0048077	0.21876	0	0	416
714	97	30	work-r3cv-d116cs/f050/pr_evt30	0																																		
714	97	37	work-r3cv-d116cs/f050/pr_evt37	1	22	18	164	1061.6	0.085957	0.16594	0.04878	0	0.23409	0.0060976	0	0	0.70625	1110	0.060976	0.2378	0.018293	0.0060976	0.23936	0	0	164	0	0	0.24703	0	0	164	0	0	0.211	0	0.0060976	163
714	97	41	work-r3cv-d116cs/f050/pr_evt41	0																																		
714	97	42	work-r3cv-d116cs/f050/pr_evt42	1	12	11	177	801.35	0.11965	0.30614	0	0	0.12715	0.011299	2.4958	2	0.9525	811	0.084746	0.11864	0.0056497	0.0056497	0.24015	0	0	177	0.033898	0.0056497	0.27463	0	0	177	0.011299	0.011299	0.20041	0	0	177
714	97	43	work-r3cv-d116cs/f050/pr_evt43	1	18	27	275	1394.7	0.28906	0.1929	0	0	0.078828	0.010909	3.585	5	0.99204	1146	0.14909	0.18909	0.010909	0.010909	0.19152	0	0	275	0.0036364	0.0036364	0.27344	0	0	275	0.0036496	0	0.18308	0	0.0036364	274
714	97	44	work-r3cv-d116cs/f050/pr_evt44	0																																		
714	97	45	work-r3cv-d116cs/f050/pr_evt45	0																																		
714	97	49	work-r3cv-d116cs/f050/pr_evt49	0																																		
714	97	8	work-r3cv-d116cs/f050/pr_evt8	0																																		
714	97	9	work-r3cv-d116cs/f050/pr_evt9	0																																		
712	6	13	work-r3cv-d116cs/f051/pr_evt13	0																																		
712	6	15	work-r3cv-d116cs/f051/pr_evt15	1	20	15	490	2269.4	0.24911	0.2302	0.018367	0	0.28606	0.0061224	0.88129	2	0.30922	6741	0.046939	0.065306	0.0061224	0.0020408	0.23833	0	0	490	0.0040816	0.0040816	0.25034	0.0020408	0	490	0.002045	0.002045	0.28816	0	0.0020408	489
712	6	16	work-r3cv-d116cs/f051/pr_evt16	1	16	6	484	1261.6	0.21205	0.084907	0.0061983	0	0.06717	0	0	0	0.99937	2464	0.0020661	0.035124	0	0	0.24701	0	0	484	0	0	0.24959	0	0.039256	465	0	0	0.24244	0	0	484
712	6	2	work-r3cv-d116cs/f051/pr_evt2	0																																		
712	6	21	work-r3cv-d116cs/f051/pr_evt21	1	4	8	468	1432.5	0.041091	0.20878	0.0021368	0	0.09919	0.0021368	0.69808	1	0.66379	3840	0.010684	0.07265	0.0042918	0.0021459	0.24116	0	0.0042735	466	0.0021692	0	0.23508	0	0.014957	461	0	0	0.18909	0	0.0021368	467
712	6	27	work-r3cv-d116cs/f051/pr_evt27	1	5	14	828	2546.6	0.014536	0.12763	0.0048309	0	0.14851	0	0.78536	2	0.90757	6272	0.019324	0.080918	0	0	0.25404	0	0	828	0	0	0.25269	0	0.0048309	824	0	0	0.2385	0	0.0048309	824
712	6	29	work-r3cv-d116cs/f051/pr_evt29	0																																		
712	6	30	work-r3cv-d116cs/f051/pr_evt30	0																																		
712	6	31	work-r3cv-d116cs/f051/pr_evt31	0																																		
712	6	32	work-r3cv-d116cs/f051/pr_evt32	0																																		
712	6	33	work-r3cv-d116cs/f051/pr_evt33	1	4	37	901	3413.2	0.31374	0.49934	0.10655	0.0055494	0.35472	0.045505	4.3947	15	0.80336	7351	0.10766	0.2586	0.021088	0.014428	0.25973	0.0022198	0	901	0.037209	0.025581	0.25558	0.0023256	0.045505	860	0.012926	0.0047004	0.24471	0.0023502	0.055494	851
712	6	35	work-r3cv-d116cs/f051/pr_evt35	0																																		
712	6	4	work-r3cv-d116cs/f051/pr_evt4	1	5	26	159	1672.1	0.0084627	0.099585	0	0	0.1189	0	2.3922	4	1	573	0.1761	0.31447	0.0062893	0	0.20987	0.0062893	0	159	0.0062893	0	0.29896	0.0062893	0	159	0.0062893	0	0.14013	0.0062893	0	159
712	6	40	work-r3cv-d116cs/f051/pr_evt40	1	4	3	204	421.1	0.2027	0.2927	0	0	0.081379	0	0	0	0.99821	1386	0	0.0098039	0	0	0.24768	0	0	204	0	0	0.24762	0	0.26471	150	0	0	0.24555	0	0	204
712	6	5	work-r3cv-d116cs/f051/pr_evt5	0																																		
712	6	6	work-r3cv-d116cs/f051/pr_evt6	0																																		
712	6	8	work-r3cv-d116cs/f051/pr_evt8	1	21	10	307	989.36	0.12813	0.11405	0	0	0.058429	0.009772	1.0108	1	0.99714	1529	0.061889	0.065147	0.0032573	0.0032573	0.22714	0.0065147	0	307	0	0	0.26741	0.0065147	0	307	0	0	0.22667	0.0065147	0	307
714	73	1	work-r3cv-d116cs/f052/pr_evt1	0																																		
714	73	17	work-r3cv-d116cs/f052/pr_evt17	0																																		
714	73	2	work-r3cv-d116cs/f052/pr_evt2	1	3	7	236	645.96	0.48402	0.33787	0	0	0.089432	0.012712	3.0962	2	0.99137	1168	0.055085	0.11017	0.004329	0.004329	0.25877	0	0.021186	231	0.010582	0.010582	0.25458	0	0.19915	189	0	0	0.24912	0	0	236
714	73	20	work-r3cv-d116cs/f052/pr_evt20	0																																		
714	73	26	work-r3cv-d116cs/f052/pr_evt26	1	8	1	607	1297.5	0.25103	0.25103	0.024712	0	0.21558	0.029654	0.77071	1	0.72129	5732	0.0065898	0.019769	0.034596	0.029654	0.26246	0	0	607	0.0033223	0	0.24607	0	0.0082372	602	0	0	0.25976	0	0.0065898	603
714	73	3	work-r3cv-d116cs/f052/pr_evt3	0																																		
714	73	42	work-r3cv-d116cs/f052/pr_evt42	1	3	1	507	1025.6	0.1806	0.1806	0.0098619	0	0.15602	0	0	0	0.88637	4550	0.0059172	0.0059172	0	0	0.26121	0	0	507	0	0	0.2384	0	0.043393	485	0	0	0.26237	0	0.0078895	503
714	73	8	work-r3cv-d116cs/f052/pr_evt8	1	3	13	330	1415.3	0.21378	0.33994	0.027273	0	0.13027	0.054545	1.4132	2	0.95081	1830	0.051515	0.1697	0.0090909	0.0030303	0.23883	0	0	330	0.051672	0.042553	0.26951	0	0.0030303	329	0.012308	0.0092308	0.24267	0	0.015152	325
713	62	19	work-r3cv-d116cs/f053/pr_evt19	0																																		
713	62	2	work-r3cv-d116cs/f053/pr_evt2	0																																		
713	62	22	work-r3cv-d116cs/f053/pr_evt22	1	17	9	185	643.47	0.090548	0.16541	0.059459	0	0.21224	0.054054	1.5541	1	0.85944	1347	0.032432	0.15676	0.011111	0.011111	0.21146	0	0.027027	180	0.037838	0.010811	0.23054	0	0	185	0.032432	0.032432	0.23722	0	0	185
713	62	23	work-r3cv-d116cs/f053/pr_evt23	0																																		
713	62	27	work-r3cv-d116cs/f053/pr_evt27	0																																		
713	62	31	work-r3cv-d116cs/f053/pr_evt31	0																																		
713	62	33	work-r3cv-d116cs/f053/pr_evt33	1	17	17	729	3695.2	0.25265	0.1001	0.045267	0.0041152	0.22816	0.0041152	0	0	0.38624	9888	0.0096022	0.076818	0.0041152	0.0041152	0.26421	0	0	729	0.0027586	0	0.26039	0	0.005487	725	0	0	0.24574	0	0.0041152	726
713	62	42	work-r3cv-d116cs/f053/pr_evt42	1	15	4	81	268.38	0.16891	0.50901	0	0	0.11865	0.037037	3.7261	1	1	412	0.049383	0.037037	0	0	0.20297	0	0	81	0.012346	0.012346	0.23227	0.012346	0	81	0	0	0.22509	0.025316	0.024691	79
713	62	44	work-r3cv-d116cs/f053/pr_evt44	0																																		
713	62	46	work-r3cv-d116cs/f053/pr_evt46	1	12	3	30	58.034	0.29841	0.12413	0	0	0.12239	0.066667	0	0	0.93538	136	0	0.066667	0.066667	0.066667	0.20061	0.033333	0	30	0	0	0.3028	0.033333	0	30	0	0	0.089201	0.033333	0	30
713	62	47	work-r3cv-d116cs/f053/pr_evt47	1	6	3	463	936.15	0.13513	0.51674	0.010799	0	0.15258	0.0086393	0	0	0.96259	2953	0.0086393	0.023758	0	0	0.244	0	0	463	0.0064795	0.0064795	0.24759	0	0	463	0.0043197	0.0043197	0.25675	0	0	463
713	62	48	work-r3cv-d116cs/f053/pr_evt48	1	5	10	45	385.29	0.014214	0.23441	0	0	0.16035	0.066667	2.5954	1	1	145	0.17778	0.42222	0	0	0.26671	0.066667	0	45	0	0	0.30282	0	0	45	0.02381	0.02381	0.24212	0	0.066667	42
713	62	6	work-r3cv-d116cs/f053/pr_evt6	1	79	24	387	1632.9	0.60396	0.16519	0.010336	0	0.12273	0.018088	0	0	0.92904	2025	0.031008	0.15504	0.028424	0.018088	0.26749	0	0	387	0	0	0.25966	0	0	387	0	0	0.21968	0	0	387
713	62	7	work-r3cv-d116cs/f053/pr_evt7	1	42	17	392	1803.3	0.21385	0.13087	0	0	0.082189	0	0	0	0.83047	2189	0.005102	0.10459	0	0	0.2061	0.005102	0	392	0.0025575	0	0.2657	0	0.002551	391	0	0	0.24445	0	0	392
713	62	8	work-r3cv-d116cs/f053/pr_evt8	0																																		
713	23	10	work-r3cv-d116cs/f054/pr_evt10	0																																		
713	23	11	work-r3cv-d116cs/f054/pr_evt11	1	91	23	757	2145.5	0.40556	0.29524	0.038309	0.001321	0.14526	0.014531	0.93219	2	0.98014	4408	0.022457	0.1321	0.009247	0.002642	0.24304	0	0	757	0.022576	0.0092961	0.26108	0	0.005284	753	0.011968	0.0066489	0.26001	0	0.006605	752
713	23	13	work-r3cv-d116cs/f054/pr_evt13	0																																		
713	23	19	work-r3cv-d116cs/f054/pr_evt19	1	24	23	268	1641.6	0.039296	0.18694	0.037313	0	0.23092	0.014925	0.60915	1	0.66013	1909	0.026119	0.23507	0.0037453	0.0037453	0.19575	0	0.0037313	267	0.0074627	0.0074627	0.24011	0	0	268	0.0041322	0.0041322	0.20067	0	0.097015	242
713	23	21	work-r3cv-d116cs/f054/pr_evt21	0																																		
713	23	24	work-r3cv-d116cs/f054/pr_evt24	1	14	8	495	1880	0.2197	0.24522	0.0080808	0.0080808	0.085522	0.010101	1.0638	2	0.96761	2835	0.016162	0.040404	0.0020202	0.0020202	0.27644	0.0080808	0	495	0.0020284	0.0020284	0.26226	0.0081136	0.0040404	493	0	0	0.23824	0.0080972	0.0020202	494
713	23	28	work-r3cv-d116cs/f054/pr_evt28	0																																		
713	23	30	work-r3cv-d116cs/f054/pr_evt30	1	17	9	369	1489.9	0.1007	0.057235	0.0081301	0	0.11841	0.00271	0.67119	1	0.93586	2231	0.01897	0.065041	0.0054496	0.0027248	0.24353	0	0.0054201	367	0.0085714	0.0028571	0.22454	0	0.051491	350	0.0027322	0	0.25064	0	0.0081301	366
713	23	31	work-r3cv-d116cs/f054/pr_evt31	1	51	19	200	1093.6	0	0.31756	0.065	0	0.21743	0.01	0.91442	1	0.85403	1235	0.04	0.29	0.01	0.005	0.24795	0	0	200	0.015228	0.0050761	0.26836	0	0.015	197	0	0	0.22202	0	0	200
713	23	33	work-r3cv-d116cs/f054/pr_evt33	0																																		
713	23	35	work-r3cv-d116cs/f054/pr_evt35	1	24	4	503	1936.2	0.22712	0.30678	0.0039761	0.0039761	0.079085	0.0079523	0.51649	1	1	2527	0.0099404	0.015905	0	0	0.25491	0.007984	0.0039761	501	0	0	0.23221	0.0079523	0	503	0	0	0.23974	0.007984	0.0039761	501
713	23	36	work-r3cv-d116cs/f054/pr_evt36	1	16	11	45	461.49	0.33196	0.075969	0	0	0.12739	0.022222	4.3338	2	1	121	0.24444	0.37778	0.044444	0.022222	0.2395	0.022222	0	45	0.044444	0.022222	0.23862	0.022222	0	45	0.04878	0	0.10424	0.02439	0.088889	41
713	23	38	work-r3cv-d116cs/f054/pr_evt38	1	5	2	44	115.49	0.30583	0.42989	0.18182	0.11364	0.22057	0.090909	0	0	1	115	0	0.15909	0.022727	0.022727	0.25066	0	0	44	0.045455	0.022727	0.2896	0	0	44	0.25	0.125	0.35737	0	0.45455	24
713	23	40	work-r3cv-d116cs/f054/pr_evt40	1	13	2	8	18.464	0.33784	0.16892	0	0	0.10904	0	0	0	1	34	0	0	0	0	0.29438	0	0	8	0	0	0.24978	0	0	8	0	0	0.34001	0	0.5	4
713	23	49	work-r3cv-d116cs/f054/pr_evt49	1	10	26	529	1752	0.083868	0.23897	0.037807	0.0037807	0.19692	0.013233	1.7124	3	0.97878	2884	0.028355	0.16068	0.0056711	0.0037807	0.27015	0	0	529	0.0079365	0.0039683	0.2533	0	0.047259	504	0.011342	0.0075614	0.24768	0	0	529
713	23	5	work-r3cv-d116cs/f054/pr_evt5	1	14	9	1092	4510.7	0.24439	0.16253	0.048535	0	0.31545	0.013736	1.3302	6	0.40102	13597	0.041209	0.068681	0.011971	0.0055249	0.23983	0	0.0054945	1086	0.022915	0.0073327	0.25711	0	0.00091575	1091	0.0045956	0.0018382	0.25514	0	0.003663	1088
713	24	12	work-r3cv-d116cs/f055/pr_evt12	0																																		
713	24	14	work-r3cv-d116cs/f055/pr_evt14	1	6	8	660	2408.5	0.090632	0.36007	0.042424	0.016667	0.23711	0.0030303	1.2456	3	0.47061	8688	0.030303	0.056061	0.0060606	0.0015152	0.24501	0	0	660	0.0096463	0.0032154	0.23631	0	0.057576	622	0.0060698	0	0.25653	0	0.0015152	659
713	24	18	work-r3cv-d116cs/f055/pr_evt18	1	4	9	77	711.66	0.0071494	0.16698	0.025974	0	0.20484	0	0	0	0.90594	400	0.064935	0.2987	0.012987	0	0.25075	0	0	77	0	0	0.25075	0	0	77	0	0	0.21849	0	0	77
713	24	20	work-r3cv-d116cs/f055/pr_evt20	0																																		
713	24	23	work-r3cv-d116cs/f055/pr_evt23	0																																		
713	24	25	work-r3cv-d116cs/f055/pr_evt25	1	60	23	203	908.55	0.24016	0.27685	0.044335	0	0.29148	0.0098522	0	0	0.75629	1356	0.0098522	0.32512	0	0	0.23243	0	0	203	0.0049261	0.0049261	0.24816	0	0	203	0.0049261	0.0049261	0.22492	0	0	203
713	24	31	work-r3cv-d116cs/f055/pr_evt31	0																																		
713	24	32	work-r3cv-d116cs/f055/pr_evt32	0																																		
713	24	34	work-r3cv-d116cs/f055/pr_evt34	1	8	12	79	626.66	0.060567	0.1111	0	0	0.10282	0	0	0	1	291	0.16456	0.29114	0	0	0.2688	0	0	79	0	0	0.20341	0	0	79	0	0	0.14157	0	0	79
713	24	37	work-r3cv-d116cs/f055/pr_evt37	1	3	2	388	688.34	0.16602	0.087317	0.007732	0	0.24251	0.0025773	0	0	0.66166	3911	0.0025773	0.010309	0	0	0.2295	0	0	388	0	0	0.26248	0	0.0025773	387	0.0026042	0.0026042	0.25744	0	0.010309	384
713	24	39	work-r3cv-d116cs/f055/pr_evt39	0																																		
713	24	40	work-r3cv-d116cs/f055/pr_evt40	1	12	23	318	1269.6	0.2895	0.41259	0.037736	0	0.1833	0.018868	0	0	0.81544	2110	0.0062893	0.26415	0.012579	0.009434	0.22503	0	0	318	0.018868	0.009434	0.27407	0	0	318	0.0031447	0	0.22274	0	0	318
713	24	42	work-r3cv-d116cs/f055/pr_evt42	1	18	3	288	494.34	0.096531	0.16347	0.038194	0	0.18241	0.020833	2.0229	1	0.71022	2821	0.041667	0.0625	0	0	0.23539	0.020906	0.0034722	287	0.010453	0	0.26984	0	0.0034722	287	0	0	0.23214	0	0.14236	247
713	24	43	work-r3cv-d116cs/f055/pr_evt43	1	1	2	137	222.27	0.11831	0.1295	0	0	0.1212	0.0072993	0	0	0.94741	720	0	0.072993	0.0072993	0.0072993	0.25354	0	0	137	0	0	0.2444	0	0	137	0	0	0.21234	0	0	137
713	24	45	work-r3cv-d116cs/f055/pr_evt45	0																																		
713	24	7	work-r3cv-d116cs/f055/pr_evt7	1	9	40	723	2763.3	0.23784	0.29449	0.049793	0	0.16154	0.023513	2.5332	7	0.92777	3929	0.062241	0.19502	0.023546	0.012465	0.24469	0	0.0013831	722	0.016598	0.0069156	0.26401	0	0	723	0.016736	0.0055788	0.23812	0	0.0082988	717
713	54	10	work-r3cv-d116cs/f056/pr_evt10	0																																		
713	54	12	work-r3cv-d116cs/f056/pr_evt12	0																																		
713	54	13	work-r3cv-d116cs/f056/pr_evt13	1	14	15	182	1604.5	0.14065	0.1179	0.016484	0	0.082157	0	0.62323	1	0.95853	809	0.076923	0.2033	0	0	0.24383	0	0	182	0	0	0.24033	0	0	182	0	0	0.17441	0.0055249	0.0054945	181
713	54	14	work-r3cv-d116cs/f056/pr_evt14	1	20	2	14	66.279	0.054364	0.046114	0	0	0.18118	0	0	0	1	71	0	0.21429	0	0	0.17543	0	0	14	0	0	0.23943	0	0	14	0	0	0.28129	0	0	14
713	54	18	work-r3cv-d116cs/f056/pr_evt18	1	4	1	878	1032.4	0.18534	0.18534	0	0	0.11444	0.001139	0	0	0.85447	7638	0	0	0	0	0.25052	0	0	878	0	0	0.26056	0	0.001139	877	0.0011468	0.0011468	0.2486	0	0.0068337	872
713	54	20	work-r3cv-d116cs/f056/pr_evt20	0																																		
713	54	23	work-r3cv-d116cs/f056/pr_evt23	1	90	32	804	4105.9	0.10448	0.21918	0.026119	0.0062189	0.13063	0.022388	0.24355	1	0.92179	4576	0.0099502	0.094527	0.01627	0.0075094	0.27105	0	0.0062189	799	0.012821	0.0089744	0.22606	0	0.029851	780	0.0066401	0.0066401	0.24189	0	0.063433	753
713	54	29	work-r3cv-d116cs/f056/pr_evt29	1	8	5	195	440.48	0.19416	0.22123	0.24103	0.1641	0.14523	0.25128	0	0	0.94299	798	0	0.061538	0.015385	0.020513	0.24463	0.28718	0	195	0.0051282	0	0.25008	0.0051282	0	195	0	0	0.2356	0.0051282	0	195
713	54	31	work-r3cv-d116cs/f056/pr_evt31	1	14	3	303	780.75	0.15664	0.14568	0	0	0.063609	0	0	0	1	1518	0	0.016502	0	0	0.26327	0	0	303	0	0	0.2649	0	0	303	0	0	0.24937	0	0	303
713	54	32	work-r3cv-d116cs/f056/pr_evt32	1	11	6	284	1123.1	0.29371	0.38912	0.014085	0.014085	0.096963	0.017606	0.89042	1	0.96078	1582	0.014085	0.052817	0	0	0.25954	0.014085	0	284	0.0035336	0.0035336	0.24185	0.014134	0.0035211	283	0	0	0.24668	0.014235	0.010563	281
713	54	35	work-r3cv-d116cs/f056/pr_evt35	0																																		
713	54	36	work-r3cv-d116cs/f056/pr_evt36	1	12	12	140	618.17	0.0037666	0.16258	0	0	0.115	0.0071429	3.2353	2	0.95635	664	0.057143	0.15714	0	0	0.24771	0	0	140	0.0071429	0.0071429	0.20606	0	0	140	0	0	0.17009	0	0	140
713	54	4	work-r3cv-d116cs/f056/pr_evt4	1	15	2	62	126.13	0.2117	0.14337	0	0	0.087568	0	0	0	1	339	0	0.016129	0	0	0.21683	0	0	62	0	0	0.23057	0	0.016129	61	0	0	0.2027	0	0	62
713	54	40	work-r3cv-d116cs/f056/pr_evt40	0																																		
713	54	47	work-r3cv-d116cs/f056/pr_evt47	0																																		
713	54	49	work-r3cv-d116cs/f056/pr_evt49	1	4	6	27	235.5	0.24917	0.063767	0	0	0.21701	0	4.2462	1	1	81	0.33333	0.37037	0	0	0.14363	0.074074	0	27	0	0	0.2361	0.074074	0	27	0	0	0.11113	0.074074	0	27
713	54	5	work-r3cv-d116cs/f056/pr_evt5	0																																		
713	54	50	work-r3cv-d116cs/f056/pr_evt50	0																																		
713	54	7	work-r3cv-d116cs/f056/pr_evt7	0																																		
713	54	9	work-r3cv-d116cs/f056/pr_evt9	0																																		
713	75	11	work-r3cv-d116cs/f057/pr_evt11	0																																		
713	75	16	work-r3cv-d116cs/f057/pr_evt16	0																																		
713	75	19	work-r3cv-d116cs/f057/pr_evt19	0																																		
713	75	2	work-r3cv-d116cs/f057/pr_evt2	0																																		
713	75	24	work-r3cv-d116cs/f057/pr_evt24	1	14	17	368	2325.9	0.10275	0.11846	0.0054348	0	0.19686	0.016304	0.85987	2	0.57516	3455	0.040761	0.089674	0	0	0.23183	0.01087	0	368	0.0027248	0.0027248	0.26021	0.010899	0.0027174	367	0.0054945	0.0054945	0.21537	0.010989	0.01087	364
713	75	27	work-r3cv-d116cs/f057/pr_evt27	1	2	2	103	182.55	0.0016309	0.045683	0	0	0.066039	0	0	0	1	488	0	0.029126	0	0	0.26623	0	0	103	0	0	0.24757	0	0.0097087	102	0	0	0.23442	0	0	103
713	75	29	work-r3cv-d116cs/f057/pr_evt29	0																																		
713	75	33	work-r3cv-d116cs/f057/pr_evt33	1	18	12	340	1616.2	0.061556	0.25475	0.0088235	0	0.24997	0.0058824	0	0	0.72103	3047	0.017647	0.12941	0.0058824	0.0029412	0.24445	0.0029412	0	340	0	0	0.25262	0.0029412	0	340	0.0029674	0	0.21296	0.0029674	0.0088235	337
713	75	37	work-r3cv-d116cs/f057/pr_evt37	1	19	11	315	1770.8	0.092588	0.34194	0.028571	0.012698	0.12178	0.015873	1.1294	2	0.92808	2181	0.025397	0.07619	0	0	0.24648	0.015873	0	315	0.0031847	0.0031847	0.24246	0.015924	0.0031746	314	0	0	0.22964	0.015873	0	315
713	75	46	work-r3cv-d116cs/f057/pr_evt46	0																																		
713	75	5	work-r3cv-d116cs/f057/pr_evt5	0																																		
713	75	6	work-r3cv-d116cs/f057/pr_evt6	0																																		
715	76	15	work-r3cv-d116cs/f058/pr_evt15	0																																		
715	76	16	work-r3cv-d116cs/f058/pr_evt16	1	10	2	696	1734.4	0.14305	0.073076	0.010057	0	0.16052	0	0	0	0.83264	6001	0	0.0071839	0	0	0.2466	0	0.0028736	694	0	0	0.25145	0	0.0014368	695	0	0	0.23922	0	0.0057471	692
715	76	27	work-r3cv-d116cs/f058/pr_evt27	0																																		
715	76	29	work-r3cv-d116cs/f058/pr_evt29	1	12	14	478	1183.6	0.41838	0.34868	0.0020921	0	0.14475	0.012552	1.6897	2	0.94042	2803	0.020921	0.054393	0.01046	0.0062762	0.25115	0	0	478	0.0041841	0.0041841	0.25287	0	0	478	0.0021053	0.0021053	0.2197	0	0.0062762	475
715	76	35	work-r3cv-d116cs/f058/pr_evt35	0																																		
715	76	4	work-r3cv-d116cs/f058/pr_evt4	1	16	11	144	965.35	0.23258	0.26438	0.0625	0	0.22519	0.076389	0	0	0.94232	812	0	0.1875	0.020833	0	0.25349	0	0	144	0.1223	0.071942	0.24939	0	0.034722	139	0.0069444	0.0069444	0.23021	0	0	144
715	76	40	work-r3cv-d116cs/f058/pr_evt40	0																																		
715	76	42	work-r3cv-d116cs/f058/pr_evt42	0																																		
715	76	45	work-r3cv-d116cs/f058/pr_evt45	1	5	19	417	1603.1	0.20549	0.26267	0.038369	0	0.13109	0.0095923	1.8714	3	0.84114	2472	0.045564	0.10312	0.0095923	0	0.25277	0	0	417	0.0071942	0	0.24332	0	0	417	0.016827	0.0096154	0.19844	0	0.0023981	416
715	76	47	work-r3cv-d116cs/f058/pr_evt47	0																																		
715	76	50	work-r3cv-d116cs/f058/pr_evt50	0																																		
713	21	12	work-r3cv-d116cs/f059/pr_evt12	0																																		
713	21	13	work-r3cv-d116cs/f059/pr_evt13	0																																		
713	21	14	work-r3cv-d116cs/f059/pr_evt14	0																																		
713	21	23	work-r3cv-d116cs/f059/pr_evt23	0																																		
713	21	25	work-r3cv-d116cs/f059/pr_evt25	0																																		
713	21	28	work-r3cv-d116cs/f059/pr_evt28	1	16	8	32	190.15	0.099949	0.16674	0	0	0.13447	0	10.518	2	1	71	0.25	0.375	0	0	0.099675	0	0	32	0	0	0.36009	0	0	32	0	0	0.036838	0	0	32
713	21	37	work-r3cv-d116cs/f059/pr_evt37	1	3	9	250	1033.7	0.14794	0.1366	0.016	0	0.15078	0	0	0	0.87547	1592	0.02	0.104	0	0	0.26014	0	0	250	0	0	0.24778	0	0	250	0	0	0.22357	0	0.016	246
713	21	46	work-r3cv-d116cs/f059/pr_evt46	0																																		
713	21	9	work-r3cv-d116cs/f059/pr_evt9	0																																		
713	33	13	work-r3cv-d116cs/f060/pr_evt13	1	7	22	293	1159.8	0.36831	0.37979	0.088737	0.0068259	0.27717	0.027304	0	0	0.72438	2296	0.017065	0.30717	0.014085	0.0070423	0.24505	0	0.030717	284	0.040956	0.020478	0.28938	0	0	293	0.003413	0.003413	0.23079	0	0	293
713	33	18	work-r3cv-d116cs/f060/pr_evt18	0																																		
713	33	29	work-r3cv-d116cs/f060/pr_evt29	1	8	2	214	379.01	0.27325	0.13663	0	0	0.09341	0	0	0	0.996	1119	0	0.0046729	0	0	0.24432	0	0	214	0	0	0.23699	0	0	214	0	0	0.26347	0	0	214
713	33	31	work-r3cv-d116cs/f060/pr_evt31	1	5	3	12	48.162	0.070017	0.18542	0	0	0.12242	0	0	0	1	24	0.16667	0.16667	0	0	0.092354	0	0	12	0	0	0.044547	0	0	12	0	0	0.0074589	0	0	12
713	33	32	work-r3cv-d116cs/f060/pr_evt32	0																																		
713	33	39	work-r3cv-d116cs/f060/pr_evt39	0																																		
713	33	43	work-r3cv-d116cs/f060/pr_evt43	0																																		
713	33	49	work-r3cv-d116cs/f060/pr_evt49	1	12	3	431	925.36	0.04999	0.13962	0.039443	0	0.15229	0.0023202	3.242	3	0.86045	3265	0.041763	0.027842	0	0	0.24764	0	0.0023202	430	0.018692	0.0023364	0.25681	0	0.0069606	428	0	0	0.23792	0	0.0023202	430
713	33	7	work-r3cv-d116cs/f060/pr_evt7	0																																		
713	33	8	work-r3cv-d116cs/f060/pr_evt8	0																																		
713	33	9	work-r3cv-d116cs/f060/pr_evt9	0																																		
720	46	1	work-r3cv-d116cs/f061/pr_evt1	0																																		
720	46	17	work-r3cv-d116cs/f061/pr_evt17	0																																		
720	46	18	work-r3cv-d116cs/f061/pr_evt18	0																																		
720	46	21	work-r3cv-d116cs/f061/pr_evt21	0																																		
720	46	23	work-r3cv-d116cs/f061/pr_evt23	0																																		
720	46	28	work-r3cv-d116cs/f061/pr_evt28	0																																		
720	46	3	work-r3cv-d116cs/f061/pr_evt3	1	17	14	212	1379.2	0.067783	0.28577	0.070755	0	0.29279	0.004717	1.4501	2	0.72722	1584	0.070755	0.21226	0.004717	0	0.22299	0	0	212	0.009434	0.004717	0.23865	0	0	212	0.009434	0	0.23686	0	0	212
720	46	32	work-r3cv-d116cs/f061/pr_evt32	0																																		
720	46	33	work-r3cv-d116cs/f061/pr_evt33	0																																		
720	46	37	work-r3cv-d116cs/f061/pr_evt37	1	10	3	172	1244.3	0.037694	0.29841	0	0	0.14501	0.005814	0.80369	1	0.95805	953	0.034884	0.081395	0.005814	0.005814	0.23301	0	0	172	0.017442	0	0.24689	0	0	172	0	0	0.26093	0	0.005814	171
720	46	38	work-r3cv-d116cs/f061/pr_evt38	0																																		
720	46	4	work-r3cv-d116cs/f061/pr_evt4	1	3	1	104	140.16	0.11346	0.11346	0	0	0.10867	0	0	0	0.95028	615	0	0.038462	0	0	0.25051	0	0	104	0	0	0.2791	0	0	104	0	0	0.1917	0	0	104
720	46	42	work-r3cv-d116cs/f061/pr_evt42	1	14	8	33	444.63	0	0	0	0	0.14658	0	2.2491	1	1	106	0.15152	0.36364	0	0	0.14166	0.090909	0	33	0	0	0.36597	0.090909	0	33	0	0	0.18117	0.090909	0	33
720	46	46	work-r3cv-d116cs/f061/pr_evt46	0																																		
720	46	49	work-r3cv-d116cs/f061/pr_evt49	1	11	40	896	5157.7	0.13384	0.24253	0.079241	0.0066964	0.27173	0.0044643	0.38777	2	0.42734	11332	0.024554	0.14955	0.0044643	0.0011161	0.24057	0	0	896	0.0089286	0.0011161	0.25819	0	0	896	0.010078	0.0022396	0.24694	0	0.0033482	893
720	46	5	work-r3cv-d116cs/f061/pr_evt5	1	6	1	334	571.88	0.015372	0.015372	0.017964	0	0.27376	0	0	0	0.30133	5920	0	0.011976	0	0	0.26549	0	0	334	0	0	0.22889	0	0	334	0	0	0.21057	0	0.005988	332
720	46	50	work-r3cv-d116cs/f061/pr_evt50	0																																		
720	46	6	work-r3cv-d116cs/f061/pr_evt6	1	12	1	129	145.51	0.082455	0.082455	0.0077519	0	0.16945	0	0	0	0.59303	1456	0	0.031008	0	0	0.2339	0	0	129	0	0	0.27204	0	0.015504	127	0	0	0.21081	0	0	129
720	64	16	work-r3cv-d116cs/f062/pr_evt16	1	11	24	113	1106.3	0.13714	0.10716	0	0	0.14438	0.026549	0.90389	1	0.98838	404	0.10619	0.44248	0.026549	0.017699	0.25713	0.0088496	0	113	0.035398	0.017699	0.26258	0.0088496	0	113	0.017699	0.0088496	0.16056	0.0088496	0	113
720	64	18	work-r3cv-d116cs/f062/pr_evt18	0																																		
720	64	21	work-r3cv-d116cs/f062/pr_evt21	1	6	2	505	1159.3	0.2052	0.11553	0	0	0.16085	0	0	0	0.80328	4549	0	0.0059406	0	0	0.22201	0	0	505	0	0	0.24535	0	0.0019802	504	0	0	0.24849	0	0.0079208	501
720	64	28	work-r3cv-d116cs/f062/pr_evt28	1	22	19	453	2156	0.33135	0.22227	0.077263	0	0.21393	0.00883	1.3914	3	0.9266	2661	0.041943	0.21413	0.011038	0.004415	0.23501	0.0066225	0	453	0.025	0.0022727	0.26456	0.0068182	0.028698	440	0.004415	0.0022075	0.25764	0.004415	0	453
720	64	3	work-r3cv-d116cs/f062/pr_evt3	1	14	5	147	364.98	0.0863	0.30053	0	0	0.066859	0.0068027	0	0	0.99374	661	0	0.061224	0	0	0.27165	0	0	147	0.0068027	0.0068027	0.2634	0	0	147	0	0	0.23766	0	0	147
720	64	30	work-r3cv-d116cs/f062/pr_evt30	0																																		
720	64	32	work-r3cv-d116cs/f062/pr_evt32	0																																		
720	64	4	work-r3cv-d116cs/f062/pr_evt4	1	4	8	354	834.23	0.09069	0.023853	0.036723	0	0.29337	0	2.3974	2	0.18448	6993	0.059322	0.059322	0	0	0.25444	0	0	354	0	0	0.27936	0	0.076271	327	0	0	0.23339	0	0	354
720	64	40	work-r3cv-d116cs/f062/pr_evt40	1	16	3	175	363.63	0.071058	0.10617	0.011429	0	0.20513	0.011429	0	0	0.99197	1196	0.011429	0.045714	0.0057143	0.0057143	0.28286	0	0	175	0.0057143	0.0057143	0.23481	0	0	175	0.0057471	0.0057471	0.23559	0	0.0057143	174
720	64	41	work-r3cv-d116cs/f062/pr_evt41	1	6	11	317	1188.5	0.028334	0.03852	0.022082	0	0.11002	0	0.84137	1	0.86602	1860	0.028391	0.1041	0	0	0.24397	0	0	317	0	0	0.24728	0	0.0031546	316	0	0	0.18774	0	0	317
720	64	42	work-r3cv-d116cs/f062/pr_evt42	1	2	15	613	1797.8	0.14191	0.18393	0.0016313	0	0.084158	0.004894	1.1125	2	0.98438	3356	0.02447	0.071778	0	0	0.24162	0	0	613	0.0081566	0.004894	0.24113	0	0	613	0.0016367	0	0.20159	0	0.0032626	611
720	64	47	work-r3cv-d116cs/f062/pr_evt47	0																																		
720	64	48	work-r3cv-d116cs/f062/pr_evt48	0																																		
720	64	5	work-r3cv-d116cs/f062/pr_evt5	0																																		
720	64	6	work-r3cv-d116cs/f062/pr_evt6	1	6	1	126	242.98	0.16479	0.16479	0	0	0.10824	0	0	0	0.99877	615	0	0.0079365	0	0	0.22372	0	0	126	0	0	0.26726	0	0	126	0	0	0.14607	0	0	126
712	25	10	work-r3cv-d116cs/f063/pr_evt10	1	8	4	49	97.837	0.053111	0.14802	0	0	0.07273	0	0	0	1	226	0	0.20408	0	0	0.2842	0	0	49	0	0	0.24886	0	0	49	0	0	0.17622	0	0	49
712	25	11	work-r3cv-d116cs/f063/pr_evt11	1	22	5	50	260.74	0.012792	0.20837	0	0	0.12716	0.02	0	0	0.60485	434	0.04	0.16	0	0	0.26852	0	0	50	0.02	0.02	0.21802	0	0	50	0.02	0	0.18671	0	0	50
712	25	15	work-r3cv-d116cs/f063/pr_evt15	0																																		
712	25	21	work-r3cv-d116cs/f063/pr_evt21	0																																		
712	25	22	work-r3cv-d116cs/f063/pr_evt22	0																																		
712	25	23	work-r3cv-d116cs/f063/pr_evt23	1	57	19	194	866.08	0.083943	0.25495	0.046392	0.015464	0.26038	0.0051546	1.1546	1	0.76222	1558	0.036082	0.22165	0	0	0.25945	0	0	194	0.0051546	0.0051546	0.27565	0	0	194	0.0051546	0	0.21443	0	0	194
712	25	27	work-r3cv-d116cs/f063/pr_evt27	1	7	2	466	1139.3	0.19793	0.22609	0.0042918	0	0.09436	0	0	0	0.99874	2614	0.0021459	0.053648	0	0	0.2521	0	0	466	0	0	0.27024	0	0	466	0	0	0.25612	0	0	466
712	25	40	work-r3cv-d116cs/f063/pr_evt40	0																																		
712	25	44	work-r3cv-d116cs/f063/pr_evt44	0																																		
712	25	45	work-r3cv-d116cs/f063/pr_evt45	0																																		
712	25	47	work-r3cv-d116cs/f063/pr_evt47	1	21	8	155	695	0.059602	0.11973	0.045161	0	0.12729	0	1.4389	1	0.99939	883	0.025806	0.16129	0	0	0.25403	0	0	155	0	0	0.26864	0	0	155	0	0	0.25808	0	0.16129	130
712	25	48	work-r3cv-d116cs/f063/pr_evt48	1	51	33	310	1817.5	0.32785	0.25021	0.054839	0	0.23513	0.012903	0.55021	1	0.91166	1675	0.064516	0.29032	0.0032258	0.0032258	0.22414	0	0	310	0.019355	0.012903	0.2934	0	0	310	0	0	0.186	0	0	310
712	25	5	work-r3cv-d116cs/f063/pr_evt5	1	5	6	103	420.57	0.20564	0.036466	0.048544	0.019417	0.20282	0.019417	2.3777	1	0.92129	663	0.038835	0.15534	0.0097087	0	0.25511	0	0	103	0.038835	0.019417	0.26196	0	0	103	0.01087	0	0.18127	0	0.1068	92
712	25	6	work-r3cv-d116cs/f063/pr_evt6	0																																		
712	25	7	work-r3cv-d116cs/f063/pr_evt7	0																																		
712	25	8	work-r3cv-d116cs/f063/pr_evt8	0																																		
715	68	12	work-r3cv-d116cs/f064/pr_evt12	0																																		
715	68	20	work-r3cv-d116cs/f064/pr_evt20	0																																		
715	68	28	work-r3cv-d116cs/f064/pr_evt28	0																																		
715	68	30	work-r3cv-d116cs/f064/pr_evt30	0																																		
715	68	33	work-r3cv-d116cs/f064/pr_evt33	0																																		
715	68	35	work-r3cv-d116cs/f064/pr_evt35	0																																		
715	68	39	work-r3cv-d116cs/f064/pr_evt39	1	12	7	66	197.25	0.16156	0.1034	0	0	0.1492	0.015152	5.0698	1	1	264	0.15152	0.24242	0	0	0.22709	0	0	66	0.015152	0.015152	0.24905	0	0	66	0	0	0.067604	0	0.030303	64
715	68	44	work-r3cv-d116cs/f064/pr_evt44	1	4	53	1650	6257.6	0.42122	0.37017	0.033939	0	0.22584	0.015152	0.79903	5	0.74909	14776	0.034545	0.14667	0.010303	0.0048485	0.2542	0.0012121	0	1650	0.015347	0.009822	0.24514	0	0.012727	1629	0.0078883	0.0024272	0.24509	0	0.0012121	1648
715	68	45	work-r3cv-d116cs/f064/pr_evt45	1	21	58	1502	7556	0.27535	0.4831	0.10519	0.0039947	0.42536	0.060586	2.6469	20	0.47464	19558	0.099867	0.18708	0.055925	0.037284	0.28771	0.0026631	0	1502	0.043388	0.014463	0.27245	0.0027548	0.033289	1452	0.032064	0.01002	0.26201	0.002672	0.0033289	1497
715	68	46	work-r3cv-d116cs/f064/pr_evt46	0																																		
715	68	5	work-r3cv-d116cs/f064/pr_evt5	1	18	34	332	1885.9	0.28195	0.18599	0.036145	0	0.27884	0.018072	0.53026	1	0.77629	2213	0.045181	0.30723	0.0060241	0.0060241	0.26654	0	0	332	0.018182	0.0060606	0.24551	0	0.0060241	330	0.0090361	0.0060241	0.21508	0	0	332
715	68	50	work-r3cv-d116cs/f064/pr_evt50	1	14	1	163	371.78	0.002128	0.002128	0	0	0.062317	0	0	0	0.99871	795	0.006135	0.018405	0	0	0.24939	0	0	163	0	0	0.23835	0	0	163	0	0	0.25132	0	0	163
720	24	12	work-r3cv-d116cs/f065/pr_evt12	0																																		
720	24	2	work-r3cv-d116cs/f065/pr_evt2	0																																		
720	24	22	work-r3cv-d116cs/f065/pr_evt22	1	17	4	642	1088.1	0.40989	0.48046	0.021807	0.0031153	0.19891	0.015576	0	0	0.93175	4191	0	0.015576	0	0	0.25383	0	0	642	0.015699	0.015699	0.25851	0	0.0077882	637	0.0062598	0.0031299	0.26686	0	0.0046729	639
720	24	3	work-r3cv-d116cs/f065/pr_evt3	0																																		
720	24	32	work-r3cv-d116cs/f065/pr_evt32	0																																		
720	24	38	work-r3cv-d116cs/f065/pr_evt38	0																																		
720	24	40	work-r3cv-d116cs/f065/pr_evt40	1	22	21	235	1352.9	0.024927	0.20966	0	0	0.16182	0.0085106	1.4783	2	0.99164	1016	0.097872	0.16596	0.0042553	0.0042553	0.22167	0	0	235	0.0042553	0.0042553	0.2993	0	0	235	0	0	0.13755	0	0.0042553	234
720	24	47	work-r3cv-d116cs/f065/pr_evt47	0																																		
720	24	6	work-r3cv-d116cs/f065/pr_evt6	1	9	7	134	369.98	0.17174	0.25528	0	0	0.072996	0	2.7029	1	1	582	0.044776	0.089552	0	0	0.26996	0	0	134	0	0	0.23542	0	0	134	0	0	0.27509	0	0	134
711	20	13	work-r3cv-d116cs/f066/pr_evt13	1	12	10	495	1228.2	0.097101	0.2893	0.022222	0.0060606	0.080268	0.018182	0	0	0.91594	2769	0.020202	0.086869	0	0	0.23576	0	0	495	0.0042735	0.0021368	0.24898	0	0.054545	468	0.020325	0.01626	0.20748	0	0.0060606	492
711	20	14	work-r3cv-d116cs/f066/pr_evt14	0																																		
711	20	2	work-r3cv-d116cs/f066/pr_evt2	1	2	1	253	292.13	0.10414	0.10414	0.01581	0	0.091425	0.0039526	0	0	0.96271	1448	0.0079051	0.0079051	0	0	0.25276	0.0039526	0	253	0	0	0.2464	0.0039526	0	253	0	0	0.23742	0.0039841	0.0079051	251
711	20	23	work-r3cv-d116cs/f066/pr_evt23	0																																		
711	20	25	work-r3cv-d116cs/f066/pr_evt25	1	8	7	152	338.48	0.18283	0.37934	0.039474	0	0.27027	0.019737	0	0	0.95524	867	0.013158	0.16447	0	0	0.23113	0	0	152	0.019737	0.019737	0.27	0	0	152	0	0	0.21357	0	0	152
711	20	28	work-r3cv-d116cs/f066/pr_evt28	1	4	2	99	201.88	0.080122	0.47454	0.070707	0	0.31606	0	4.9533	1	0.80075	764	0.030303	0.15152	0	0	0.201	0	0	99	0	0	0.27604	0	0	99	0	0	0.24361	0	0	99
711	20	30	work-r3cv-d116cs/f066/pr_evt30	0																																		
711	20	38	work-r3cv-d116cs/f066/pr_evt38	0																																		
711	20	41	work-r3cv-d116cs/f066/pr_evt41	0																																		
711	20	42	work-r3cv-d116cs/f066/pr_evt42	1	18	30	235	1997.5	0.23888	0.30037	0.11489	0.025532	0.20572	0.055319	1.0013	2	0.9216	1090	0.07234	0.45532	0.012766	0.0042553	0.24687	0	0	235	0.028736	0.0057471	0.23897	0	0.25957	174	0.066372	0.048673	0.22892	0	0.038298	226
711	20	46	work-r3cv-d116cs/f066/pr_evt46	0																																		
711	20	49	work-r3cv-d116cs/f066/pr_evt49	0																																		
711	20	5	work-r3cv-d116cs/f066/pr_evt5	1	5	13	552	2387.7	0.034089	0.017741	0.0018116	0	0.17961	0	0	0	0.73063	5615	0.012681	0.048913	0	0	0.24267	0	0.0036232	550	0	0	0.25945	0	0.043478	528	0	0	0.24383	0	0.009058	547
711	20	6	work-r3cv-d116cs/f066/pr_evt6	0																																		
711	20	7	work-r3cv-d116cs/f066/pr_evt7	0																																		
720	80	10	work-r3cv-d116cs/f067/pr_evt10	1	29	27	321	2392.9	0.11461	0.107	0.012461	0	0.13768	0.0031153	0.8358	2	0.96444	1708	0.034268	0.24299	0.0093458	0	0.2224	0	0	321	0.00625	0	0.26727	0	0.0031153	320	0.0095541	0	0.20339	0.0031847	0.021807	314
720	80	12	work-r3cv-d116cs/f067/pr_evt12	0																																		
720	80	14	work-r3cv-d116cs/f067/pr_evt14	1	56	5	90	259.25	0.26504	0.23828	0.044444	0	0.16971	0.011111	0	0	0.66696	661	0.033333	0.15556	0.033333	0	0.32576	0	0	90	0	0.011111	0.23853	0.011111	0	90	0	0	0.23981	0	0	90
720	80	15	work-r3cv-d116cs/f067/pr_evt15	0																																		
720	80	25	work-r3cv-d116cs/f067/pr_evt25	0																																		
720	80	28	work-r3cv-d116cs/f067/pr_evt28	1	16	7	112	984.09	0.062898	0.34037	0.017857	0	0.091834	0.017857	1.0162	1	1	538	0.071429	0.11607	0.0089286	0	0.23662	0.017857	0	112	0	0	0.27045	0.017857	0	112	0	0	0.23002	0.017857	0	112
720	80	30	work-r3cv-d116cs/f067/pr_evt30	1	17	7	971	2359.9	0.11521	0.17108	0.064882	0.0020597	0.31743	0.0061792	0.42374	1	0.28247	14622	0.012358	0.030896	0.0010299	0.0010299	0.22849	0	0	971	0.0061983	0.0051653	0.25679	0	0.0030896	968	0	0	0.24716	0	0.0041195	967
720	80	35	work-r3cv-d116cs/f067/pr_evt35	0																																		
720	80	36	work-r3cv-d116cs/f067/pr_evt36	1	15	3	362	621.1	0.35971	0.1199	0	0	0.11034	0	0	0	0.97248	2087	0	0.019337	0	0	0.23137	0	0	362	0	0	0.27414	0	0	362	0	0	0.23141	0	0.0027624	361
720	80	38	work-r3cv-d116cs/f067/pr_evt38	0																																		
720	80	4	work-r3cv-d116cs/f067/pr_evt4	1	10	7	364	793.77	0.32422	0.35369	0.0054945	0	0.1765	0.0054945	1.2598	1	0.76275	3181	0.024725	0.087912	0	0	0.22419	0.0027624	0.0054945	362	0.0054945	0.0027473	0.25592	0.0027473	0	364	0	0	0.25811	0.0027548	0.0027473	363
720	80	45	work-r3cv-d116cs/f067/pr_evt45	0																																		
720	80	5	work-r3cv-d116cs/f067/pr_evt5	0																																		
720	80	50	work-r3cv-d116cs/f067/pr_evt50	1	11	2	274	339.68	0.013394	0.017077	0	0	0.17895	0	0	0	0.57591	3203	0	0.010949	0	0	0.22454	0	0	274	0	0	0.26362	0	0	274	0	0	0.25222	0	0.0036496	273
713	7	15	work-r3cv-d116cs/f068/pr_evt15	0																																		
713	7	17	work-r3cv-d116cs/f068/pr_evt17	1	11	4	167	453.68	0.021602	0.14108	0	0	0.065213	0	0	0	1	785	0.011976	0.047904	0	0	0.25024	0	0	167	0	0	0.23774	0	0	167	0	0	0.23842	0	0	167
713	7	18	work-r3cv-d116cs/f068/pr_evt18	0																																		
713	7	19	work-r3cv-d116cs/f068/pr_evt19	0																																		
713	7	2	work-r3cv-d116cs/f068/pr_evt2	1	4	10	143	519.25	0.24118	0.28121	0	0	0.18097	0.013986	1.9259	1	0.91141	918	0.055944	0.13287	0	0	0.26756	0	0	143	0.013986	0.013986	0.25195	0	0	143	0	0	0.21263	0	0.020979	140
713	7	20	work-r3cv-d116cs/f068/pr_evt20	1	13	6	241	1045	0.075636	0.36566	0.058091	0.016598	0.083189	0.024896	0.9569	1	0.9349	1433	0.016598	0.074689	0.0041494	0.0041494	0.23173	0.016598	0	241	0.0041494	0.0041494	0.26088	0.016598	0	241	0	0	0.22232	0.017937	0.074689	223
713	7	21	work-r3cv-d116cs/f068/pr_evt21	0																																		
713	7	22	work-r3cv-d116cs/f068/pr_evt22	1	11	41	501	2605.8	0.36457	0.22267	0.05988	0	0.25049	0.017964	2.3026	6	0.88389	3027	0.10379	0.26347	0.011976	0.007984	0.26388	0.001996	0	501	0.00998	0.005988	0.23596	0.001996	0	501	0.00998	0.003992	0.21643	0.001996	0	501
713	7	28	work-r3cv-d116cs/f068/pr_evt28	1	88	5	654	1284.5	0.084719	0.30053	0.0015291	0	0.1177	0.0076453	0	0	0.91675	4708	0	0.021407	0.0030581	0.0015291	0.22664	0.0015291	0	654	0.0045942	0.0045942	0.26076	0	0.0015291	653	0.0046154	0.0046154	0.23896	0	0.0061162	650
713	7	3	work-r3cv-d116cs/f068/pr_evt3	1	9	6	144	328.34	0.014003	0.19304	0.020833	0	0.10039	0.0069444	3.0456	1	0.99321	743	0.027778	0.11111	0.020833	0.0069444	0.25425	0.0069444	0	144	0	0	0.25273	0.0069444	0	144	0	0	0.25333	0.0069444	0	144
713	7	30	work-r3cv-d116cs/f068/pr_evt30	0																																		
713	7	36	work-r3cv-d116cs/f068/pr_evt36	1	12	14	179	1015.3	0.057983	0.1764	0.022346	0	0.20433	0.01676	0.98492	1	0.894	1534	0.03352	0.21788	0	0	0.25086	0	0	179	0.0055866	0.0055866	0.27756	0	0	179	0.011299	0.011299	0.24601	0	0.011173	177
713	7	44	work-r3cv-d116cs/f068/pr_evt44	0																																		
713	7	47	work-r3cv-d116cs/f068/pr_evt47	0																																		
713	7	6	work-r3cv-d116cs/f068/pr_evt6	1	12	10	40	343.92	0.025271	0.12676	0	0	0.081986	0	2.9076	1	1	89	0.25	0.4	0	0	0.077885	0	0	40	0	0	0.38952	0	0	40	0	0	0.0097303	0	0	40
713	7	7	work-r3cv-d116cs/f068/pr_evt7	1	7	5	408	996.22	0.093098	0.023157	0	0	0.12254	0	0	0	0.89119	3142	0	0.022059	0	0	0.21711	0	0	408	0	0	0.2543	0	0	408	0	0	0.25267	0	0.0098039	404
713	70	15	work-r3cv-d116cs/f069/pr_evt15	0																																		
713	70	17	work-r3cv-d116cs/f069/pr_evt17	0																																		
713	70	18	work-r3cv-d116cs/f069/pr_evt18	1	1	2	91	191.46	0.040238	0.27146	0	0	0.093331	0	0	0	0.98303	458	0	0.054945	0	0	0.27109	0	0	91	0	0	0.2153	0	0	91	0	0	0.20384	0	0.032967	88
713	70	19	work-r3cv-d116cs/f069/pr_evt19	1	2	2	383	776.55	0.075241	0.39034	0.039164	0.010444	0.22037	0.028721	0	0	0.81973	2915	0	0.020888	0.0052219	0.0052219	0.25254	0.015666	0	383	0.013774	0.011019	0.24701	0	0.052219	363	0	0	0.23267	0	0.0078329	380
713	70	25	work-r3cv-d116cs/f069/pr_evt25	0																																		
713	70	29	work-r3cv-d116cs/f069/pr_evt29	1	15	5	352	1114.4	0.35848	0.26551	0	0	0.087889	0.0056818	0	0	0.99596	1863	0.011364	0.03125	0	0	0.23064	0.0057803	0.017045	346	0	0	0.26262	0	0	352	0	0	0.25892	0	0.014205	347
713	70	3	work-r3cv-d116cs/f069/pr_evt3	1	50	21	156	1133.7	0.029381	0.1632	0	0	0.15213	0.019231	0.88208	1	0.94149	806	0.096154	0.24359	0.012821	0.012821	0.21904	0	0	156	0.0064103	0.0064103	0.20867	0	0	156	0.0064103	0	0.1789	0	0	156
713	70	36	work-r3cv-d116cs/f069/pr_evt36	0																																		
713	70	37	work-r3cv-d116cs/f069/pr_evt37	0																																		
713	70	48	work-r3cv-d116cs/f069/pr_evt48	0																																		
713	70	5	work-r3cv-d116cs/f069/pr_evt5	1	7	10	277	793.86	0.6168	0.16001	0.043321	0.0072202	0.15285	0.0036101	0	0	0.85545	1896	0.0072202	0.054152	0	0	0.244	0	0	277	0	0	0.23436	0	0	277	0.0040323	0.0040323	0.24758	0	0.10469	248
713	70	9	work-r3cv-d116cs/f069/pr_evt9	1	13	31	445	2325.9	0.24849	0.24022	0.067416	0.011236	0.34701	0.053933	3.4395	8	0.6224	3524	0.10562	0.27191	0.062921	0.038202	0.25867	0	0	445	0.022472	0.0089888	0.23938	0	0	445	0.014963	0.0074813	0.22237	0	0.098876	401
714	62	10	work-r3cv-d116cs/f070/pr_evt10	0																																		
714	62	19	work-r3cv-d116cs/f070/pr_evt19	1	18	3	913	2223.6	0.50268	0.63966	0.0032859	0	0.096894	0.010953	0.44973	1	0.98277	5913	0.0065717	0.0043812	0	0	0.2679	0.0043812	0	913	0.0065862	0.0043908	0.23348	0.0043908	0.0021906	911	0.0044101	0.0022051	0.24291	0.0044101	0.0065717	907
714	62	2	work-r3cv-d116cs/f070/pr_evt2	1	11	15	119	818.3	0.083335	0.22209	0.016807	0	0.13593	0.042017	1.2221	1	0.99962	580	0.11765	0.27731	0	0	0.26635	0.0084034	0	119	0	0	0.23466	0	0	119	0	0.033613	0.27058	0.042017	0	119
714	62	20	work-r3cv-d116cs/f070/pr_evt20	0																																		
714	62	22	work-r3cv-d116cs/f070/pr_evt22	1	18	46	679	3337.6	0.30474	0.28466	0.02651	0	0.18556	0.029455	2.3969	8	0.72619	4379	0.10457	0.2327	0.017673	0.011782	0.25096	0.0029455	0	679	0.025037	0.022091	0.26193	0.0029455	0	679	0.0044248	0.0014749	0.22497	0.0029499	0.0014728	678
714	62	25	work-r3cv-d116cs/f070/pr_evt25	0																																		
714	62	26	work-r3cv-d116cs/f070/pr_evt26	1	16	6	97	616.07	0.0080863	0.15517	0.020619	0	0.096171	0.041237	1.6232	1	0.9616	479	0.061856	0.12371	0	0	0.21502	0	0	97	0.041237	0.041237	0.24391	0	0	97	0.020619	0	0.27331	0	0	97
714	62	28	work-r3cv-d116cs/f070/pr_evt28	0																																		
714	62	3	work-r3cv-d116cs/f070/pr_evt3	0																																		
714	62	36	work-r3cv-d116cs/f070/pr_evt36	1	11	4	53	483.77	0.0025661	0.0015466	0	0	0.10979	0	0	0	1	254	0	0.16981	0	0	0.29645	0	0	53	0	0	0.2527	0	0	53	0	0	0.27025	0	0	53
714	62	38	work-r3cv-d116cs/f070/pr_evt38	1	14	4	16	110.49	0.038695	0.16413	0	0	0.19187	0	0	0	1	84	0	0.25	0	0	0.20798	0	0	16	0	0	0.30281	0	0.125	14	0	0	0.32349	0	0	16
714	62	43	work-r3cv-d116cs/f070/pr_evt43	1	3	21	164	783.33	0.12843	0.28425	0.030488	0	0.20348	0	0	0	0.96238	852	0.060976	0.37195	0	0	0.23867	0	0	164	0	0	0.26893	0	0	164	0	0	0.19053	0	0.10366	147
714	62	44	work-r3cv-d116cs/f070/pr_evt44	0																																		
714	62	46	work-r3cv-d116cs/f070/pr_evt46	0																																		
714	62	48	work-r3cv-d116cs/f070/pr_evt48	0																																		
714	62	49	work-r3cv-d116cs/f070/pr_evt49	1	29	21	298	1349.2	0.32703	0.4217	0.043624	0	0.19014	0.026846	0	0	0.96558	1702	0.026846	0.24832	0.010067	0.010067	0.23796	0	0	298	0.020478	0.020478	0.25399	0	0.016779	293	0.0067568	0.0033784	0.20833	0	0.0067114	296
714	62	5	work-r3cv-d116cs/f070/pr_evt5	0																																		
714	62	6	work-r3cv-d116cs/f070/pr_evt6	0																																		
714	62	7	work-r3cv-d116cs/f070/pr_evt7	0																																		
714	62	8	work-r3cv-d116cs/f070/pr_evt8	0																																		
720	75	19	work-r3cv-d116cs/f071/pr_evt19	0																																		
720	75	32	work-r3cv-d116cs/f071/pr_evt32	1	4	1	142	242.91	0.07619	0.07619	0.056338	0.0070423	0.38572	0	8.2336	2	0.40356	1361	0.11972	0.028169	0	0	0.21867	0	0	142	0.035211	0	0.2739	0	0	142	0	0	0.18114	0	0	142
720	75	38	work-r3cv-d116cs/f071/pr_evt38	0																																		
720	75	39	work-r3cv-d116cs/f071/pr_evt39	1	25	10	308	1708.7	0.34943	0.4917	0.048701	0.035714	0.17485	0.042208	0.58523	1	0.99269	1714	0.035714	0.13312	0.016234	0.016234	0.24287	0.019481	0	308	0.019481	0.019481	0.25927	0.019481	0	308	0.022801	0.019544	0.26104	0.019544	0.0032468	307
720	75	40	work-r3cv-d116cs/f071/pr_evt40	0																																		
720	75	41	work-r3cv-d116cs/f071/pr_evt41	0																																		
720	75	45	work-r3cv-d116cs/f071/pr_evt45	0																																		
720	75	48	work-r3cv-d116cs/f071/pr_evt48	0																																		
720	75	7	work-r3cv-d116cs/f071/pr_evt7	1	27	13	76	1922.1	0.28892	0.10939	0.026316	0	0.14687	0.013158	0	0	0.86561	344	0.092105	0.32895	0.013158	0.013158	0.22968	0	0	76	0	0	0.29834	0	0	76	0.013158	0	0.21652	0	0	76
720	75	8	work-r3cv-d116cs/f071/pr_evt8	1	18	9	131	1358.3	0.42613	0.5116	0.20611	0.061069	0.41173	0.12977	3.681	5	0.90973	548	0.29008	0.25191	0.099237	0.068702	0.24043	0.015267	0	131	0.11765	0.11765	0.35755	0.044118	0.48092	68	0.13043	0.11304	0.25155	0	0.12214	115
719	89	1	work-r3cv-d116cs/f072/pr_evt1	1	3	6	600	1091.1	0.020902	0.0034837	0.005	0	0.11441	0.0033333	0	0	0.96247	4252	0.0066667	0.015	0	0	0.22583	0	0.0033333	598	0	0	0.24846	0	0.043333	574	0.0033613	0.0033613	0.25376	0	0.0083333	595
719	89	10	work-r3cv-d116cs/f072/pr_evt10	1	7	5	339	1286.9	0.12551	0.13525	0.053097	0.0058997	0.10675	0.017699	1.5542	2	0.99249	1549	0.061947	0.13864	0.0029499	0.0029499	0.21528	0	0	339	0.020649	0.011799	0.26592	0	0	339	0.035398	0.0029499	0.20839	0	0	339
719	89	11	work-r3cv-d116cs/f072/pr_evt11	1	26	7	992	3004.4	0.14334	0.1854	0.0080645	0	0.078424	0.0050403	0	0	0.91485	5470	0.0030242	0.040323	0	0	0.26729	0	0.0020161	990	0.0061983	0.0051653	0.26165	0	0.024194	968	0	0	0.25284	0	0.013105	979
719	89	12	work-r3cv-d116cs/f072/pr_evt12	1	4	19	158	612.42	0.37918	0.28082	0.012658	0	0.2039	0.012658	3.2658	2	0.89846	886	0.063291	0.31013	0	0	0.26329	0	0	158	0.012658	0.012658	0.26612	0	0	158	0.0063291	0	0.19468	0	0	158
719	89	16	work-r3cv-d116cs/f072/pr_evt16	0																																		
719	89	20	work-r3cv-d116cs/f072/pr_evt20	0																																		
719	89	24	work-r3cv-d116cs/f072/pr_evt24	1	8	26	341	1627.6	0.16509	0.1869	0.014663	0	0.10178	0.0029326	0.61439	1	0.9814	1743	0.035191	0.14956	0.0029326	0.0029326	0.23895	0	0	341	0	0	0.24202	0	0	341	0.0029412	0	0.22196	0	0.0029326	340
719	89	32	work-r3cv-d116cs/f072/pr_evt32	0																																		
719	89	41	work-r3cv-d116cs/f072/pr_evt41	0																																		
719	89	9	work-r3cv-d116cs/f072/pr_evt9	0																																		
713	91	12	work-r3cv-d116cs/f073/pr_evt12	0																																		
713	91	14	work-r3cv-d116cs/f073/pr_evt14	0																																		
713	91	16	work-r3cv-d116cs/f073/pr_evt16	1	4	14	186	797.97	0.030066	0.20736	0.010753	0	0.13677	0.026882	1.2532	1	0.96659	939	0.032258	0.26344	0	0	0.24637	0	0	186	0.026882	0.026882	0.27036	0	0	186	0.010753	0	0.15624	0	0	186
713	91	32	work-r3cv-d116cs/f073/pr_evt32	0																																		
713	91	37	work-r3cv-d116cs/f073/pr_evt37	0																																		
713	91	38	work-r3cv-d116cs/f073/pr_evt38	0																																		
713	91	40	work-r3cv-d116cs/f073/pr_evt40	0																																		
713	91	43	work-r3cv-d116cs/f073/pr_evt43	0																																		
713	91	47	work-r3cv-d116cs/f073/pr_evt47	1	4	14	413	1742.3	0.10214	0.11267	0	0	0.11522	0.0024213	0.57395	1	0.90403	3151	0.021792	0.062954	0	0	0.22268	0.0048662	0.0048426	411	0.0026042	0.0026042	0.25005	0.0052083	0.070218	384	0	0	0.24107	0.004878	0.0072639	410
713	91	49	work-r3cv-d116cs/f073/pr_evt49	0																																		
713	91	5	work-r3cv-d116cs/f073/pr_evt5	1	12	3	109	228.65	0.042756	0.27623	0.027523	0	0.2974	0.018349	0	0	0.63254	850	0	0.19266	0.0091743	0.0091743	0.28968	0	0	109	0.0091743	0.0091743	0.233	0	0	109	0	0	0.27624	0	0	109
713	91	50	work-r3cv-d116cs/f073/pr_evt50	1	9	10	408	1454.2	0.028252	0.29325	0	0	0.092633	0.002451	0	0	1	1942	0.004902	0.058824	0.002451	0.002451	0.22109	0	0	408	0.0024752	0.0024752	0.24332	0	0.0098039	404	0	0	0.25166	0	0.002451	407
713	91	6	work-r3cv-d116cs/f073/pr_evt6	0																																		
713	48	10	work-r3cv-d116cs/f074/pr_evt10	0																																		
713	48	12	work-r3cv-d116cs/f074/pr_evt12	1	15	12	325	1085.6	0.068003	0.054419	0	0	0.11777	0	0.92116	1	0.99103	1672	0.027692	0.073846	0	0	0.2587	0	0	325	0	0	0.25159	0	0	325	0	0	0.16714	0	0.024615	317
713	48	13	work-r3cv-d116cs/f074/pr_evt13	0																																		
713	48	14	work-r3cv-d116cs/f074/pr_evt14	0																																		
713	48	16	work-r3cv-d116cs/f074/pr_evt16	1	19	16	235	1405.3	0.0052752	0.15999	0.025532	0.017021	0.077285	0.017021	1.4232	2	0.99352	1071	0.07234	0.15745	0	0	0.22647	0.017021	0	235	0.0043478	0	0.25487	0.017391	0.021277	230	0	0	0.23702	0.017167	0.0085106	233
713	48	17	work-r3cv-d116cs/f074/pr_evt17	1	5	2	29	64.078	0.082662	0.048938	0	0	0.28895	0	0	0	1	222	0.068966	0.17241	0	0	0.16207	0	0.034483	28	0	0	0.28268	0	0	29	0	0	0.19288	0	0	29
713	48	18	work-r3cv-d116cs/f074/pr_evt18	1	17	24	633	2508.9	0.31868	0.36442	0.064771	0.0078989	0.16276	0.026856	1.1957	3	0.86763	3656	0.044234	0.15798	0.012638	0.0047393	0.25459	0	0	633	0.033175	0.022117	0.27207	0	0	633	0.022293	0.011146	0.23934	0	0.0078989	628
713	48	19	work-r3cv-d116cs/f074/pr_evt19	0																																		
713	48	20	work-r3cv-d116cs/f074/pr_evt20	0																																		
713	48	22	work-r3cv-d116cs/f074/pr_evt22	1	11	15	272	1271.6	0.25541	0.22113	0.044118	0	0.15035	0.0036765	0	0	0.99581	1336	0.022059	0.16912	0.0036765	0.0036765	0.2828	0	0	272	0	0	0.28234	0	0	272	0.0036765	0	0.21738	0	0	272
713	48	26	work-r3cv-d116cs/f074/pr_evt26	1	21	6	116	1034.4	0.026933	0.17279	0	0	0.14262	0.017241	0	0	0.92876	981	0	0.12931	0	0	0.25662	0	0	116	0.018182	0.018182	0.26941	0	0.051724	110	0	0	0.31295	0	0.017241	114
713	48	28	work-r3cv-d116cs/f074/pr_evt28	1	2	1	230	270.07	0.32878	0.32878	0	0	0.066648	0	0	0	0.99991	1109	0	0	0	0	0.24583	0	0	230	0	0	0.23962	0	0.1087	205	0	0	0.23496	0	0.082609	211
713	48	29	work-r3cv-d116cs/f074/pr_evt29	0																																		
713	48	3	work-r3cv-d116cs/f074/pr_evt3	1	14	4	209	398.61	0.012175	0.0078735	0	0	0.072595	0	0	0	1	971	0	0.023923	0	0	0.2331	0	0	209	0	0	0.24247	0	0	209	0	0	0.23788	0	0	209
713	48	31	work-r3cv-d116cs/f074/pr_evt31	0																																		
713	48	33	work-r3cv-d116cs/f074/pr_evt33	0																																		
713	48	36	work-r3cv-d116cs/f074/pr_evt36	0																																		
713	48	37	work-r3cv-d116cs/f074/pr_evt37	0																																		
713	48	42	work-r3cv-d116cs/f074/pr_evt42	1	84	18	375	1726	0.14527	0.17025	0.008	0	0.12193	0.013333	0	0	0.89364	2223	0.026667	0.098667	0.010667	0.0053333	0.2323	0.0053333	0	375	0.00271	0.00271	0.2553	0.0054201	0.016	369	0.0027027	0	0.25257	0.0054054	0.013333	370
713	48	44	work-r3cv-d116cs/f074/pr_evt44	0																																		
713	48	47	work-r3cv-d116cs/f074/pr_evt47	0																																		
713	48	8	work-r3cv-d116cs/f074/pr_evt8	0																																		
719	54	13	work-r3cv-d116cs/f075/pr_evt13	0																																		
719	54	14	work-r3cv-d116cs/f075/pr_evt14	0																																		
719	54	16	work-r3cv-d116cs/f075/pr_evt16	0																																		
719	54	19	work-r3cv-d116cs/f075/pr_evt19	1	7	2	232	333.75	0.02411	0.094659	0.025862	0	0.10741	0.017241	0	0	0.80227	1420	0.0086207	0.068966	0	0	0.26722	0.0086207	0	232	0.0086207	0.0086207	0.2306	0.0086207	0	232	0	0	0.22541	0.0086207	0	232
719	54	20	work-r3cv-d116cs/f075/pr_evt20	0																																		
719	54	24	work-r3cv-d116cs/f075/pr_evt24	0																																		
719	54	37	work-r3cv-d116cs/f075/pr_evt37	1	7	4	808	2477.3	0.022124	0.014234	0.013614	0	0.13526	0	0	0	0.73525	8217	0.0024752	0.018564	0	0	0.24428	0	0	808	0	0	0.22916	0	0.0012376	807	0	0	0.26066	0	0.0049505	804
719	54	40	work-r3cv-d116cs/f075/pr_evt40	0																																		
719	54	43	work-r3cv-d116cs/f075/pr_evt43	1	3	3	166	370.11	0.09555	0.03185	0.024096	0	0.12292	0.0060241	2.7019	1	0.80988	1390	0.060241	0.066265	0.0060241	0.0060241	0.22767	0	0	166	0	0	0.26636	0	0	166	0	0	0.27651	0	0.33133	111
719	54	44	work-r3cv-d116cs/f075/pr_evt44	1	4	1	511	923.74	0.18996	0.18996	0.0097847	0	0.082849	0	0	0	0.99642	2846	0	0.015656	0	0	0.23719	0	0.0039139	509	0	0	0.24672	0	0.043053	489	0	0	0.25732	0	0.0058708	508
719	54	5	work-r3cv-d116cs/f075/pr_evt5	1	11	8	337	959.29	0.1076	0.3667	0.10386	0.011869	0.2798	0.0089021	3.1273	3	0.75221	2510	0.050445	0.077151	0.014837	0.0089021	0.23602	0	0	337	0.018868	0.0037736	0.22652	0	0.21365	265	0	0	0.25643	0	0	337
720	39	11	work-r3cv-d116cs/f076/pr_evt11	0																																		
720	39	16	work-r3cv-d116cs/f076/pr_evt16	0																																		
720	39	21	work-r3cv-d116cs/f076/pr_evt21	1	1	1	4	0.36715	0	0	0	0	0.061049	0	0	0	1	8	0	0	0	0	0.20206	0	0	4	0	0	0.29639	0	0	4	0	0	0.0003819	0	0	4
720	39	3	work-r3cv-d116cs/f076/pr_evt3	1	4	37	724	2815.2	0.23521	0.27068	0.059392	0	0.31925	0.05663	0.35522	1	0.89731	4520	0.016575	0.1768	0.036111	0.027778	0.26883	0	0.0055249	720	0.029006	0.023481	0.28995	0	0	724	0.0099432	0.0085227	0.24036	0.0028409	0.027624	704
720	39	30	work-r3cv-d116cs/f076/pr_evt30	0																																		
720	39	35	work-r3cv-d116cs/f076/pr_evt35	0																																		
720	39	42	work-r3cv-d116cs/f076/pr_evt42	1	5	10	118	733.63	0.25738	0.091994	0	0	0.11846	0	0	0	0.92994	569	0.033898	0.16949	0	0	0.22694	0	0	118	0	0	0.25314	0	0	118	0	0	0.23165	0	0	118
720	39	44	work-r3cv-d116cs/f076/pr_evt44	0																																		
720	39	45	work-r3cv-d116cs/f076/pr_evt45	1	17	48	686	5546.7	0.43129	0.21006	0.029155	0.0014577	0.12525	0.023324	0.54086	3	0.83395	3929	0.042274	0.20262	0.0058309	0.0043732	0.23474	0	0	686	0.029197	0.018978	0.24728	0	0.0014577	685	0.0034843	0.0017422	0.23682	0	0.16327	574
720	39	48	work-r3cv-d116cs/f076/pr_evt48	0																																		
720	39	8	work-r3cv-d116cs/f076/pr_evt8	0																																		
720	39	9	work-r3cv-d116cs/f076/pr_evt9	1	15	6	481	2346.4	0.022992	0.14852	0.010395	0	0.18069	0	0	0	0.87289	3824	0.006237	0.035343	0	0	0.2674	0	0.002079	480	0	0	0.24738	0	0	481	0	0	0.25793	0	0.060291	452
713	10	1	work-r3cv-d116cs/f077/pr_evt1	1	3	1	33	35.305	0.069144	0.069144	0	0	0.11201	0	0	0	0.99717	197	0	0	0	0	0.2391	0	0	33	0	0	0.22706	0	0	33	0	0	0.16595	0	0	33
713	10	12	work-r3cv-d116cs/f077/pr_evt12	1	9	7	92	353.97	0.11454	0.11003	0.01087	0	0.1681	0.021739	0	0	0.91039	620	0.032609	0.23913	0.043478	0.01087	0.1718	0	0	92	0	0	0.2603	0	0.021739	90	0.054348	0.021739	0.23751	0	0	92
713	10	15	work-r3cv-d116cs/f077/pr_evt15	0																																		
713	10	16	work-r3cv-d116cs/f077/pr_evt16	1	61	9	613	1941.6	0.28075	0.28458	0.011419	0	0.13327	0.0065253	0	0	0.95886	3719	0.0016313	0.047308	0.0032626	0.0016313	0.24725	0	0	613	0.0033784	0.0016892	0.24432	0	0.034258	592	0.0033956	0.0033956	0.23853	0	0.039152	589
713	10	18	work-r3cv-d116cs/f077/pr_evt18	1	1	1	4	2.0004	0.11014	0.11014	0	0	0.1074	0	0	0	1	20	0	0	0	0	0.21259	0	0	4	0	0	0.077643	0	0	4	0	0	0.36505	0	0	4
713	10	2	work-r3cv-d116cs/f077/pr_evt2	0																																		
713	10	21	work-r3cv-d116cs/f077/pr_evt21	1	29	17	69	678.14	0.4374	0.10153	0.028986	0	0.11165	0.028986	5.8985	4	1	173	0.33333	0.3913	0.014925	0.014925	0.25509	0.029851	0.028986	67	0.014493	0.014493	0.31609	0.028986	0	69	0.028986	0.028986	0.14746	0.028986	0	69
713	10	27	work-r3cv-d116cs/f077/pr_evt27	0																																		
713	10	37	work-r3cv-d116cs/f077/pr_evt37	0																																		
713	10	48	work-r3cv-d116cs/f077/pr_evt48	0																																		
713	10	5	work-r3cv-d116cs/f077/pr_evt5	0																																		
719	81	13	work-r3cv-d116cs/f078/pr_evt13	1	27	7	430	1292.9	0.35704	0.24812	0.027907	0.0069767	0.14261	0.027907	0	0	0.97733	2076	0.013953	0.093023	0.0046512	0.0046512	0.24854	0.0023256	0	430	0.032419	0.014963	0.26004	0.037406	0.067442	401	0.002331	0	0.24853	0.002331	0.0023256	429
719	81	19	work-r3cv-d116cs/f078/pr_evt19	0																																		
719	81	20	work-r3cv-d116cs/f078/pr_evt20	1	15	4	25	365.94	0.00036443	0.10747	0	0	0.12223	0	0	0	1	104	0.08	0.28	0	0	0.30461	0	0	25	0	0	0.32865	0	0	25	0	0	0.1981	0	0	25
719	81	22	work-r3cv-d116cs/f078/pr_evt22	0																																		
719	81	23	work-r3cv-d116cs/f078/pr_evt23	0																																		
719	81	24	work-r3cv-d116cs/f078/pr_evt24	0																																		
719	81	3	work-r3cv-d116cs/f078/pr_evt3	1	8	2	956	1903.5	0.5456	0.35876	0.001046	0	0.11828	0.001046	0.52536	1	0.97801	6100	0.0062762	0.020921	0.001046	0.001046	0.25282	0	0	956	0.0010482	0.0010482	0.26163	0	0.0020921	954	0	0	0.25051	0	0.0073222	949
719	81	30	work-r3cv-d116cs/f078/pr_evt30	1	15	15	510	1190	0.10901	0.33933	0.023529	0	0.20861	0.011765	0.84031	1	0.80922	4664	0.017647	0.082353	0.0058824	0.0019608	0.26072	0.0078431	0	510	0.0039761	0.0019881	0.24006	0.0079523	0.013725	503	0.0058939	0	0.21493	0.0078585	0.0019608	509
719	81	36	work-r3cv-d116cs/f078/pr_evt36	0																																		
719	81	37	work-r3cv-d116cs/f078/pr_evt37	1	23	13	130	963.58	0.019184	0.17677	0	0	0.070533	0.015385	1.0378	1	1	532	0.046154	0.19231	0	0	0.24583	0	0	130	0.023256	0.015504	0.25154	0	0.0076923	129	0.0076923	0.0076923	0.20691	0	0	130
719	81	38	work-r3cv-d116cs/f078/pr_evt38	1	23	7	351	1761.9	0.29308	0.065062	0	0	0.07825	0.002849	0	0	1	2083	0	0.059829	0.0028736	0.0028736	0.24121	0	0.008547	348	0	0	0.22246	0	0	351	0	0	0.24604	0	0.008547	348
719	81	4	work-r3cv-d116cs/f078/pr_evt4	0																																		
719	81	43	work-r3cv-d116cs/f078/pr_evt43	0																																		
719	81	47	work-r3cv-d116cs/f078/pr_evt47	1	21	49	1751	7162.6	0.53687	0.34168	0.19189	0.079383	0.32483	0.061679	3.2111	23	0.40023	15975	0.13706	0.14734	0.020231	0.0034682	0.25559	0	0.011993	1730	0.058654	0.038528	0.26344	0.0074756	0.0068532	1739	0.031052	0.017744	0.24939	0	0.098801	1578
719	81	48	work-r3cv-d116cs/f078/pr_evt48	0																																		
719	81	49	work-r3cv-d116cs/f078/pr_evt49	0																																		
719	81	8	work-r3cv-d116cs/f078/pr_evt8	0																																		
719	81	9	work-r3cv-d116cs/f078/pr_evt9	0																																		
717	88	15	work-r3cv-d116cs/f079/pr_evt15	1	17	6	176	582.55	0.24293	0.16397	0.0625	0.0056818	0.15806	0.017045	1.7166	1	0.75383	1196	0.039773	0.16477	0	0	0.25345	0	0	176	0	0	0.27405	0.022727	0	176	0.022727	0	0.2291	0	0	176
717	88	19	work-r3cv-d116cs/f079/pr_evt19	0																																		
717	88	21	work-r3cv-d116cs/f079/pr_evt21	1	23	36	543	2563.2	0.33142	0.41992	0.10129	0	0.42702	0.034991	2.7309	7	0.374	9278	0.088398	0.27072	0.012891	0.01105	0.24635	0	0	543	0.038745	0.01845	0.26264	0	0.0018416	542	0.015209	0.013308	0.22216	0	0.031308	526
717	88	28	work-r3cv-d116cs/f079/pr_evt28	1	18	5	214	686.59	0.13741	0.44071	0.0093458	0	0.13678	0.018692	0	0	0.91194	1578	0.0093458	0.098131	0	0	0.30326	0	0	214	0.028302	0.018868	0.29072	0	0.0093458	212	0.0046948	0	0.28272	0	0.0046729	213
717	88	29	work-r3cv-d116cs/f079/pr_evt29	0																																		
717	88	33	work-r3cv-d116cs/f079/pr_evt33	1	8	1	18	27.495	0.10576	0.10576	0	0	0.064475	0	0	0	0.93626	101	0	0	0	0	0.18938	0	0	18	0	0	0.33625	0	0	18	0	0	0.2421	0	0	18
717	88	38	work-r3cv-d116cs/f079/pr_evt38	1	21	9	342	1868.9	0.41486	0.49164	0.038012	0.032164	0.098618	0.049708	0.53507	1	0.93903	2178	0.032164	0.070175	0.026316	0.026316	0.25411	0.011696	0	342	0.035088	0.02924	0.2508	0.011696	0	342	0.04065	0.04065	0.23746	0.01626	0.2807	246
717	88	45	work-r3cv-d116cs/f079/pr_evt45	0																																		
717	88	46	work-r3cv-d116cs/f079/pr_evt46	0																																		
717	88	47	work-r3cv-d116cs/f079/pr_evt47	1	13	3	202	404.16	0.050886	0.27394	0.014851	0	0.10089	0.009901	0	0	0.99409	1029	0	0.034653	0	0	0.24664	0	0	202	0	0	0.25889	0	0.0049505	201	0.009901	0.009901	0.23009	0	0	202
715	47	10	work-r3cv-d116cs/f080/pr_evt10	0																																		
715	47	11	work-r3cv-d116cs/f080/pr_evt11	0																																		
715	47	17	work-r3cv-d116cs/f080/pr_evt17	0																																		
715	47	19	work-r3cv-d116cs/f080/pr_evt19	1	23	33	893	4661.6	0.20307	0.25015	0.042553	0.013438	0.12145	0.031355	0.42903	2	0.84815	5033	0.022396	0.11198	0.024664	0.0213	0.25786	0	0.0011198	892	0.023543	0.012332	0.25973	0	0.0011198	892	0.0044944	0	0.23541	0	0.0033595	890
715	47	2	work-r3cv-d116cs/f080/pr_evt2	1	9	1	14	13.79	0	0	0	0	0.10829	0	0	0	1	94	0	0	0	0	0.11631	0	0	14	0	0	0.19043	0	0	14	0	0	0.30372	0	0	14
715	47	21	work-r3cv-d116cs/f080/pr_evt21	1	6	45	1341	4753.1	0.33034	0.47056	0.13423	0.0044743	0.47927	0.055183	4.4181	21	0.42467	25361	0.11409	0.24087	0.035988	0.02144	0.27713	0	0.0261	1306	0.053263	0.032258	0.27802	0	0.0059657	1333	0.02169	0.0097233	0.25299	0	0.0029828	1337
715	47	23	work-r3cv-d116cs/f080/pr_evt23	1	16	17	454	3054.6	0.097734	0.1357	0.011013	0	0.084606	0.017621	0.65476	2	0.98011	2445	0.028634	0.11674	0.0022026	0.0022026	0.22989	0.015419	0	454	0	0	0.24336	0.015453	0.0022026	453	0.0022124	0.0022124	0.23605	0.015487	0.0044053	452
715	47	24	work-r3cv-d116cs/f080/pr_evt24	0																																		
715	47	26	work-r3cv-d116cs/f080/pr_evt26	0																																		
715	47	27	work-r3cv-d116cs/f080/pr_evt27	1	21	24	243	2030.8	0.36525	0.16409	0.028807	0	0.12084	0.037037	0.49243	1	0.84	1202	0.049383	0.25103	0	0	0.22483	0	0	243	0.041152	0.032922	0.27594	0	0	243	0.030435	0.021739	0.22453	0	0.053498	230
715	47	29	work-r3cv-d116cs/f080/pr_evt29	1	78	34	434	2681.6	0.096486	0.10281	0	0	0.070463	0	1.8646	5	1	2108	0.064516	0.14747	0	0	0.27955	0	0	434	0.002331	0	0.23639	0	0.011521	429	0.0023041	0	0.18742	0	0	434
715	47	32	work-r3cv-d116cs/f080/pr_evt32	0																																		
715	47	33	work-r3cv-d116cs/f080/pr_evt33	0																																		
715	47	41	work-r3cv-d116cs/f080/pr_evt41	1	28	4	304	957.49	0.011579	0.027005	0.0098684	0	0.077612	0	0	0	0.9739	1843	0.0065789	0.039474	0	0	0.2282	0	0	304	0	0	0.25156	0	0.0065789	302	0	0	0.26094	0	0	304
715	47	46	work-r3cv-d116cs/f080/pr_evt46	1	19	25	483	2722.6	0.30795	0.37231	0.010352	0	0.086369	0.014493	0.73458	2	0.99162	2457	0.020704	0.10559	0	0	0.24575	0	0.0041408	481	0.0041408	0.0041408	0.2482	0	0	483	0	0.0063025	0.22972	0.010504	0.014493	476
715	47	9	work-r3cv-d116cs/f080/pr_evt9	1	5	4	119	411.34	0.019301	0.009258	0	0	0.055204	0	0	0	1	525	0.016807	0.058824	0	0	0.22445	0	0	119	0	0	0.25356	0	0	119	0	0	0.20471	0	0	119
720	38	12	work-r3cv-d116cs/f081/pr_evt12	0																																		
720	38	14	work-r3cv-d116cs/f081/pr_evt14	1	21	9	193	1702.7	0.22724	0.28906	0	0	0.12076	0	0	0	0.97593	998	0.020725	0.10881	0	0	0.22868	0	0	193	0	0	0.26606	0	0.041451	185	0.0051813	0	0.23803	0	0	193
720	38	23	work-r3cv-d116cs/f081/pr_evt23	0																																		
720	38	25	work-r3cv-d116cs/f081/pr_evt25	1	7	3	544	896.62	0.07158	0.46294	0.0036765	0	0.092595	0.0018382	1.1153	1	0.98897	3373	0.018382	0.018382	0	0	0.26327	0	0	544	0.0018382	0.0018382	0.21282	0	0	544	0	0	0.25994	0	0.0091912	539
720	38	28	work-r3cv-d116cs/f081/pr_evt28	0																																		
720	38	35	work-r3cv-d116cs/f081/pr_evt35	0																																		
720	38	36	work-r3cv-d116cs/f081/pr_evt36	1	15	2	368	477.77	0.040485	0.020243	0.016304	0	0.094486	0	0	0	0.85834	2250	0	0.019022	0	0	0.23827	0	0	368	0	0	0.25312	0	0	368	0	0	0.24234	0	0.0027174	367
720	38	42	work-r3cv-d116cs/f081/pr_evt42	1	17	21	251	1833.1	0.10731	0.053895	0	0	0.1243	0	0	0	0.98492	1334	0.031873	0.16733	0	0	0.24848	0	0	251	0	0	0.24289	0	0	251	0	0	0.2477	0	0	251
720	38	46	work-r3cv-d116cs/f081/pr_evt46	0																																		
720	38	47	work-r3cv-d116cs/f081/pr_evt47	1	11	8	32	838.83	0.03129	0.023995	0	0	0.06327	0	0	0	1	90	0	0.375	0	0	0.22392	0	0	32	0	0	0.32789	0	0	32	0	0	0.20919	0	0	32
720	38	50	work-r3cv-d116cs/f081/pr_evt50	1	8	8	258	774.89	0.082148	0.16829	0.03876	0	0.17735	0.011628	0	0	0.90085	1776	0	0.10465	0.003876	0.003876	0.24517	0	0	258	0.011628	0.011628	0.25206	0	0	258	0.0077519	0.003876	0.2092	0	0	258
720	38	6	work-r3cv-d116cs/f081/pr_evt6	0																																		
720	38	7	work-r3cv-d116cs/f081/pr_evt7	0																																		
720	38	9	work-r3cv-d116cs/f081/pr_evt9	1	19	16	736	2457.4	0.38228	0.35089	0.025815	0	0.10136	0.02038	0	0	0.80963	5083	0.013587	0.072011	0.0068027	0.0054422	0.24657	0	0.0013587	735	0.019022	0.012228	0.25401	0	0	736	0.0068681	0.0054945	0.19206	0	0.01087	728
719	93	11	work-r3cv-d116cs/f082/pr_evt11	1	5	10	307	1035.9	0.058603	0.18715	0.019544	0	0.20546	0.009772	0.96536	1	0.43995	2681	0.042345	0.094463	0.019544	0.0065147	0.24936	0.0032573	0	307	0.0098039	0	0.25717	0.003268	0.0032573	306	0	0	0.25541	0.0032573	0	307
719	93	13	work-r3cv-d116cs/f082/pr_evt13	1	37	12	352	938.4	0.13392	0.32348	0.028409	0	0.11541	0.014205	0	0	0.93703	1775	0.019886	0.125	0.019886	0.014205	0.2705	0	0	352	0.0028409	0	0.2559	0	0	352	0.0028409	0	0.20724	0	0	352
719	93	14	work-r3cv-d116cs/f082/pr_evt14	0																																		
719	93	15	work-r3cv-d116cs/f082/pr_evt15	0																																		
719	93	25	work-r3cv-d116cs/f082/pr_evt25	0																																		
719	93	3	work-r3cv-d116cs/f082/pr_evt3	1	12	1	213	382.92	0.23828	0.23828	0	0	0.057245	0	0	0	1	1215	0	0.018779	0	0	0.24215	0	0	213	0	0	0.24095	0	0	213	0	0	0.19961	0	0	213
719	93	34	work-r3cv-d116cs/f082/pr_evt34	1	16	16	255	1358.1	0.059463	0.27192	0.019608	0	0.15316	0.015686	1.4727	2	0.96579	1251	0.058824	0.21569	0	0	0.22915	0.011765	0	255	0.0079051	0	0.25262	0.011858	0.0078431	253	0.004	0.004	0.26714	0.02	0.019608	250
719	93	41	work-r3cv-d116cs/f082/pr_evt41	0																																		
719	93	42	work-r3cv-d116cs/f082/pr_evt42	0																																		
719	93	44	work-r3cv-d116cs/f082/pr_evt44	0																																		
719	93	7	work-r3cv-d116cs/f082/pr_evt7	0																																		
715	80	13	work-r3cv-d116cs/f083/pr_evt13	0																																		
715	80	15	work-r3cv-d116cs/f083/pr_evt15	0																																		
715	80	2	work-r3cv-d116cs/f083/pr_evt2	1	25	4	731	2112.9	0.23128	0.13646	0.019152	0	0.18862	0.002736	0	0	0.69001	8436	0.0068399	0.023256	0	0	0.2433	0.002736	0	731	0	0	0.24659	0.0027397	0.001368	730	0	0	0.24729	0.0027586	0.0082079	725
715	80	28	work-r3cv-d116cs/f083/pr_evt28	1	21	5	105	267.05	0.024331	0.30473	0	0	0.088234	0.038095	3.7446	1	1	544	0.038095	0.038095	0	0	0.23835	0.057143	0	105	0	0	0.3022	0.038095	0	105	0	0	0.27231	0.038095	0	105
715	80	34	work-r3cv-d116cs/f083/pr_evt34	1	21	26	626	1849.3	0.24574	0.42938	0.0047923	0	0.15849	0.011182	1.6222	3	0.77187	4581	0.027157	0.11981	0.0095847	0.0047923	0.26327	0	0	626	0.01278	0.0031949	0.23923	0	0	626	0.0031949	0.0031949	0.25207	0	0	626
715	80	36	work-r3cv-d116cs/f083/pr_evt36	0																																		
715	80	41	work-r3cv-d116cs/f083/pr_evt41	0																																		
715	80	45	work-r3cv-d116cs/f083/pr_evt45	1	4	2	540	1016.1	0.35467	0.17733	0	0	0.077106	0	0	0	0.99511	2961	0	0.0055556	0	0	0.24357	0	0	540	0	0	0.25601	0	0.031481	523	0	0	0.24707	0	0.011111	534
715	80	48	work-r3cv-d116cs/f083/pr_evt48	0																																		
715	80	6	work-r3cv-d116cs/f083/pr_evt6	0																																		
714	56	10	work-r3cv-d116cs/f084/pr_evt10	0																																		
714	56	18	work-r3cv-d116cs/f084/pr_evt18	0																																		
714	56	26	work-r3cv-d116cs/f084/pr_evt26	0																																		
714	56	32	work-r3cv-d116cs/f084/pr_evt32	0																																		
714	56	35	work-r3cv-d116cs/f084/pr_evt35	1	2	1	202	354.11	0.042741	0.042741	0	0	0.073907	0	0	0	1	1052	0.0049505	0	0	0	0.19682	0	0	202	0	0	0.2462	0	0.10396	181	0	0	0.24368	0	0	202
714	56	39	work-r3cv-d116cs/f084/pr_evt39	0																																		
714	56	4	work-r3cv-d116cs/f084/pr_evt4	0																																		
714	56	41	work-r3cv-d116cs/f084/pr_evt41	1	8	7	550	2099.5	0.010374	0.16303	0.010909	0.0072727	0.19235	0.0072727	0.47631	1	0.75388	5399	0.010909	0.018182	0	0	0.2448	0.0072727	0	550	0	0	0.25172	0.0073529	0.010909	544	0	0	0.23289	0.0073126	0.0054545	547
714	56	42	work-r3cv-d116cs/f084/pr_evt42	1	2	39	614	2409.5	0.47178	0.32938	0.026059	0	0.14906	0.017915	0.83005	2	0.88917	3572	0.026059	0.2329	0.016287	0.009772	0.21821	0.004886	0	614	0.0052083	0.0017361	0.24317	0.0017361	0.061889	576	0.0049423	0.0049423	0.21582	0	0.011401	607
714	56	46	work-r3cv-d116cs/f084/pr_evt46	0																																		
713	93	12	work-r3cv-d116cs/f085/pr_evt12	1	16	12	605	2003.1	0.2478	0.12256	0.031405	0	0.11203	0.0016529	0.49924	1	0.96395	3269	0.0082645	0.07438	0.0033058	0	0.24531	0	0	605	0.0033058	0.0016529	0.24993	0	0	605	0	0	0.24061	0	0.01157	598
713	93	16	work-r3cv-d116cs/f085/pr_evt16	1	12	1	239	276.02	0.0065656	0.0065656	0	0	0.10277	0	0	0	0.96809	1528	0.0041841	0	0	0	0.25017	0	0	239	0	0	0.25082	0	0	239	0	0	0.23742	0	0.0041841	238
713	93	19	work-r3cv-d116cs/f085/pr_evt19	1	19	3	638	963.02	0.14269	0.047563	0.018809	0	0.193	0.0031348	0	0	0.77507	5846	0.0031348	0.020376	0.0031348	0.0031348	0.25754	0	0	638	0.0015674	0.0015674	0.24595	0	0	638	0	0	0.24329	0	0.007837	633
713	93	2	work-r3cv-d116cs/f085/pr_evt2	1	26	6	513	2428.2	0.321	0.23297	0.0077973	0	0.11719	0.0077973	0.82366	2	0.98144	2950	0.019493	0.015595	0	0	0.23527	0.0077973	0	513	0	0	0.23021	0.0077973	0	513	0	0	0.24475	0.0078125	0.0019493	512
713	93	21	work-r3cv-d116cs/f085/pr_evt21	0																																		
713	93	25	work-r3cv-d116cs/f085/pr_evt25	1	13	5	259	751.78	0.054252	0.2582	0.019305	0	0.063569	0.007722	0	0	0.99779	1326	0.007722	0.065637	0	0	0.22323	0	0.007722	257	0.011583	0.007722	0.23581	0	0	259	0	0	0.26794	0	0.007722	257
713	93	26	work-r3cv-d116cs/f085/pr_evt26	1	7	5	879	2921.4	0.020254	0.10033	0.013652	0.0022753	0.15782	0.0022753	0	0	0.93078	6320	0	0.029579	0.0011403	0	0.25449	0	0.0022753	877	0.0022831	0.0011416	0.25364	0	0.003413	876	0.0022857	0.0011429	0.25331	0	0.0045506	875
713	93	27	work-r3cv-d116cs/f085/pr_evt27	1	10	6	344	717.1	0.17313	0.28898	0.011628	0	0.20448	0.0087209	0	0	0.83039	2766	0	0.046512	0.005814	0.005814	0.26119	0.002907	0	344	0.002907	0.002907	0.25491	0.002907	0	344	0	0	0.26679	0	0.011628	340
713	93	29	work-r3cv-d116cs/f085/pr_evt29	1	11	8	208	942.4	0.07406	0.22775	0	0	0.060215	0.0096154	1.0611	1	1	1262	0.019231	0.086538	0.014706	0.0098039	0.25313	0	0.019231	204	0.0048309	0.0048309	0.27113	0.0048309	0.0048077	207	0	0	0.24034	0.0054945	0.125	182
713	93	3	work-r3cv-d116cs/f085/pr_evt3	0																																		
713	93	32	work-r3cv-d116cs/f085/pr_evt32	1	6	6	26	95.008	0.12865	0.14771	0	0	0.1744	0.11538	0	0	1	89	0.23077	0.42308	0.11538	0.11538	0.32611	0	0	26	0.11538	0.11538	0.1867	0	0	26	0	0	0.12553	0	0	26
713	93	33	work-r3cv-d116cs/f085/pr_evt33	1	30	16	466	2207.4	0.25072	0.25956	0.14378	0.036481	0.23921	0.16094	0.90603	2	0.67313	2962	0.030043	0.16738	0.021459	0.0085837	0.226	0	0	466	0.062232	0.036481	0.29293	0.1588	0	466	0.01073	0.0021459	0.2225	0	0	466
713	93	35	work-r3cv-d116cs/f085/pr_evt35	0																																		
713	93	36	work-r3cv-d116cs/f085/pr_evt36	1	18	10	360	1349.1	0.1106	0.16362	0.0055556	0	0.075893	0.0027778	0	0	0.99662	1944	0	0.058333	0	0	0.25057	0	0.0055556	358	0.0029326	0.0029326	0.2346	0	0.052778	341	0	0	0.24517	0	0.013889	355
713	93	37	work-r3cv-d116cs/f085/pr_evt37	1	36	5	274	650.44	0.48033	0.53199	0.032847	0.010949	0.13711	0.0036496	1.5374	1	0.98219	1522	0.021898	0.080292	0.0036496	0	0.25806	0	0	274	0.0036496	0.0036496	0.26384	0	0	274	0	0	0.22942	0	0	274
713	93	4	work-r3cv-d116cs/f085/pr_evt4	1	10	3	72	152.13	0.10177	0.28359	0	0	0.10524	0	0	0	0.98316	362	0	0.125	0	0	0.21868	0	0	72	0	0	0.24115	0	0	72	0	0	0.21613	0	0	72
713	93	41	work-r3cv-d116cs/f085/pr_evt41	1	28	16	592	2121.5	0.21726	0.30683	0.010135	0	0.10681	0.0050676	0	0	0.94089	3381	0.016892	0.10473	0.0017065	0.0017065	0.22833	0	0.010135	586	0.0033784	0.0016892	0.23734	0	0	592	0.0016892	0.0016892	0.24057	0	0	592
713	93	49	work-r3cv-d116cs/f085/pr_evt49	1	18	10	180	1400.6	0.018866	0.20855	0.022222	0.022222	0.13093	0.022222	0.71399	1	0.98761	974	0.022222	0.12222	0	0	0.24389	0.022222	0	180	0	0	0.23408	0.022727	0.022222	176	0	0	0.16577	0.022346	0.0055556	179
713	93	50	work-r3cv-d116cs/f085/pr_evt50	1	21	18	196	1898.9	0.1693	0.073165	0.020408	0	0.091898	0.02551	0	0	0.94384	902	0.020408	0.21939	0	0	0.24501	0	0	196	0	0	0.28675	0	0.005102	195	0.030612	0.02551	0.2825	0	0	196
719	32	1	work-r3cv-d116cs/f086/pr_evt1	1	2	13	144	767.89	0.13862	0.080951	0.020833	0	0.16007	0.0069444	1.3023	1	0.9086	781	0.055556	0.3125	0	0	0.24815	0.0069444	0	144	0	0	0.21561	0.0069444	0	144	0.0069444	0	0.23106	0.0069444	0	144
719	32	12	work-r3cv-d116cs/f086/pr_evt12	0																																		
719	32	16	work-r3cv-d116cs/f086/pr_evt16	0																																		
719	32	25	work-r3cv-d116cs/f086/pr_evt25	0																																		
719	32	26	work-r3cv-d116cs/f086/pr_evt26	0																																		
719	32	29	work-r3cv-d116cs/f086/pr_evt29	0																																		
719	32	31	work-r3cv-d116cs/f086/pr_evt31	1	8	34	192	1862.3	0.42515	0.25812	0.03125	0	0.1502	0.041667	1.074	2	0.96717	817	0.098958	0.47917	0.020942	0.010471	0.32798	0.010471	0.0052083	191	0.052083	0.026042	0.25493	0.0052083	0	192	0.0052356	0	0.2225	0.010471	0.0052083	191
719	32	32	work-r3cv-d116cs/f086/pr_evt32	0																																		
719	32	34	work-r3cv-d116cs/f086/pr_evt34	1	27	8	131	732.95	0.15272	0.17508	0.030534	0.030534	0.12793	0.030534	2.7287	2	0.9268	756	0.061069	0.12214	0	0	0.18829	0.030534	0	131	0	0	0.27372	0.030534	0	131	0	0	0.26005	0.030534	0	131
719	32	35	work-r3cv-d116cs/f086/pr_evt35	1	6	2	282	345.57	0.06587	0.086073	0	0	0.16283	0	0	0	0.75515	2861	0.0035461	0.010638	0	0	0.26468	0	0	282	0	0	0.25573	0	0.08156	259	0	0	0.26101	0	0.0035461	281
719	32	39	work-r3cv-d116cs/f086/pr_evt39	0																																		
719	32	4	work-r3cv-d116cs/f086/pr_evt4	1	2	10	243	978.16	0.15831	0.14373	0.032922	0	0.28874	0.0082305	0	0	0.85089	1807	0.0041152	0.14403	0.0041152	0.0041152	0.25053	0	0	243	0.013636	0.0045455	0.2578	0	0.09465	220	0.012346	0.0041152	0.24521	0	0	243
719	32	50	work-r3cv-d116cs/f086/pr_evt50	1	4	2	88	158.47	0.067554	0.033777	0	0	0.1543	0.034091	0	0	0.98168	488	0.068182	0.079545	0	0	0.23881	0	0	88	0	0	0.28473	0	0	88	0.034483	0.034483	0.27382	0	0.011364	87
719	32	8	work-r3cv-d116cs/f086/pr_evt8	1	12	2	8	12.923	0	0	0	0	0.08631	0	0	0	1	32	0	0	0	0	0.36315	0	0	8	0	0	0.27487	0	0	8	0	0	0.15902	0	0	8
719	99	15	work-r3cv-d116cs/f087/pr_evt15	0																																		
719	99	19	work-r3cv-d116cs/f087/pr_evt19	1	24	8	145	1035.9	0.22475	0.12669	0.089655	0	0.38432	0.034483	1.9306	2	0.44934	1562	0.096552	0.18621	0.013793	0.013793	0.28295	0	0	145	0.014184	0.014184	0.31059	0	0.027586	141	0.034483	0.0068966	0.19851	0	0	145
719	99	31	work-r3cv-d116cs/f087/pr_evt31	1	18	22	189	2606.9	0.032164	0.20642	0.1164	0.10582	0.12158	0.074074	0.3836	1	1	774	0.05291	0.21693	0.031746	0.031746	0.23894	0.058201	0	189	0.005291	0	0.22333	0.058201	0	189	0	0	0.20878	0.058201	0	189
719	99	32	work-r3cv-d116cs/f087/pr_evt32	1	1	1	218	371.23	0.14664	0.14664	0	0	0.22125	0	0	0	0.51017	3199	0	0	0	0	0.22754	0	0.0091743	216	0	0	0.26037	0	0.0091743	216	0	0	0.21404	0	0.077982	201
719	99	40	work-r3cv-d116cs/f087/pr_evt40	1	13	7	190	483.84	0.12101	0.26392	0	0	0.057436	0.0052632	0	0	1	935	0.021053	0.068421	0.0052632	0.0052632	0.21995	0	0	190	0.0052632	0.0052632	0.24989	0	0	190	0	0	0.25571	0	0	190
719	99	47	work-r3cv-d116cs/f087/pr_evt47	1	2	1	66	93.948	0.022263	0.022263	0	0	0.27643	0.030303	0	0	0.95536	412	0	0.075758	0	0	0.22215	0.015152	0	66	0.015152	0.015152	0.23048	0.015152	0	66	0	0	0.21491	0.015152	0	66
719	99	5	work-r3cv-d116cs/f087/pr_evt5	0																																		
719	99	50	work-r3cv-d116cs/f087/pr_evt50	1	17	19	423	1799.8	0.22406	0.23649	0.033097	0	0.14806	0.01182	0	0	0.99236	2311	0.0047281	0.15839	0.0047281	0.0070922	0.27424	0.0047281	0	423	0.0068729	0.0068729	0.24643	0	0.31206	291	0.0023923	0	0.23593	0	0.01182	418
719	99	8	work-r3cv-d116cs/f087/pr_evt8	0																																		
715	58	18	work-r3cv-d116cs/f088/pr_evt18	0																																		
715	58	23	work-r3cv-d116cs/f088/pr_evt23	0																																		
715	58	29	work-r3cv-d116cs/f088/pr_evt29	0																																		
715	58	32	work-r3cv-d116cs/f088/pr_evt32	0																																		
715	58	37	work-r3cv-d116cs/f088/pr_evt37	0																																		
715	58	42	work-r3cv-d116cs/f088/pr_evt42	1	7	8	43	319.96	0.00086169	0.12135	0.046512	0	0.11848	0.069767	0	0	1	194	0.046512	0.34884	0.046512	0.046512	0.20236	0	0	43	0.069767	0.069767	0.28622	0	0	43	0.023256	0.023256	0.24101	0	0	43
715	58	46	work-r3cv-d116cs/f088/pr_evt46	1	21	8	780	2286.8	0.11658	0.2124	0.017949	0	0.10186	0.0025641	0	0	0.55058	6597	0.010256	0.029487	0.0012821	0	0.24113	0	0	780	0.005284	0.002642	0.24746	0	0.029487	757	0.0012953	0	0.24545	0	0.010256	772
715	58	49	work-r3cv-d116cs/f088/pr_evt49	1	13	19	446	2003.3	0.22506	0.33307	0.042601	0	0.16955	0.049327	1.4975	3	0.76692	3031	0.040359	0.19507	0.017937	0.015695	0.27049	0.0089686	0	446	0.022422	0.015695	0.2418	0.0089686	0	446	0.020179	0.011211	0.22542	0.0089686	0	446
715	58	50	work-r3cv-d116cs/f088/pr_evt50	1	8	2	160	295.16	0.096739	0.065626	0	0	0.089462	0	0	0	1	819	0	0.01875	0	0	0.24489	0	0	160	0	0	0.25336	0	0.16875	133	0	0	0.23907	0	0.00625	159
719	96	10	work-r3cv-d116cs/f089/pr_evt10	1	15	10	235	1445	0.11487	0.10598	0	0	0.14778	0	0.69206	1	0.92816	1384	0.025532	0.080851	0	0	0.234	0	0	235	0	0	0.26067	0	0	235	0	0	0.217	0	0	235
719	96	13	work-r3cv-d116cs/f089/pr_evt13	0																																		
719	96	21	work-r3cv-d116cs/f089/pr_evt21	0																																		
719	96	25	work-r3cv-d116cs/f089/pr_evt25	1	4	13	639	1333.5	0.29207	0.21751	0.0062598	0	0.13364	0.0031299	0.74992	1	0.98566	3519	0.025039	0.050078	0.0046948	0.0015649	0.26516	0.0015649	0	639	0.0078247	0.0015649	0.25637	0	0	639	0.0032206	0	0.24148	0	0.028169	621
719	96	32	work-r3cv-d116cs/f089/pr_evt32	0																																		
719	96	36	work-r3cv-d116cs/f089/pr_evt36	1	13	7	417	1347.1	0.081098	0.15444	0.016787	0.0095923	0.068712	0.0095923	1.4846	2	0.9988	1942	0.023981	0.057554	0	0	0.24324	0.0095923	0	417	0	0	0.24304	0.0095923	0	417	0	0	0.24858	0.0096154	0.0023981	416
719	96	4	work-r3cv-d116cs/f089/pr_evt4	1	11	19	81	1398.8	0.032741	0.077368	0	0	0.13329	0.024691	0	0	1	279	0.14815	0.4321	0	0	0.2751	0	0	81	0.024691	0.024691	0.26797	0	0	81	0	0	0.18375	0	0	81
719	96	43	work-r3cv-d116cs/f089/pr_evt43	1	18	5	22	171.94	0.08571	0.11023	0	0	0.15395	0	0	0	1	75	0.090909	0.31818	0	0	0.2324	0	0	22	0	0	0.2814	0	0	22	0	0	0.039649	0	0	22
719	96	45	work-r3cv-d116cs/f089/pr_evt45	0																																		
719	96	8	work-r3cv-d116cs/f089/pr_evt8	1	3	3	774	1681.2	0.14819	0.25669	0.10078	0.0077519	0.37805	0	0	0	0.16067	15769	0	0.021964	0	0	0.25583	0	0.002584	772	0.0013812	0	0.24572	0	0.064599	724	0	0	0.2458	0	0.005168	770
713	87	11	work-r3cv-d116cs/f090/pr_evt11	1	14	12	335	1586.8	0.024418	0.1194	0	0	0.082324	0.0089552	1.2604	2	0.992	1540	0.047761	0.059701	0.0029851	0.0029851	0.25246	0	0	335	0.0029851	0.0029851	0.27386	0	0	335	0.0090634	0.0090634	0.22535	0	0.01194	331
713	87	12	work-r3cv-d116cs/f090/pr_evt12	1	20	29	667	3035.6	0.14576	0.26186	0.037481	0	0.15631	0.038981	1.9766	6	0.91457	4010	0.073463	0.12744	0.016492	0.010495	0.24756	0.0089955	0	667	0.01849	0.016949	0.24388	0.009245	0.026987	649	0.01952	0.013514	0.25085	0.009009	0.0014993	666
713	87	19	work-r3cv-d116cs/f090/pr_evt19	1	21	4	230	1314	0.27486	0.17928	0	0	0.067951	0	0	0	1	1112	0	0.043478	0	0	0.23528	0	0	230	0	0	0.25327	0	0.0043478	229	0	0	0.23913	0	0	230
713	87	22	work-r3cv-d116cs/f090/pr_evt22	1	12	23	919	2737.7	0.30843	0.23617	0.01197	0	0.12168	0.013058	2.1916	6	0.97467	5172	0.047878	0.085963	0.0043526	0.0043526	0.25204	0.0054407	0	919	0.0087241	0.0054526	0.25272	0.0054526	0.0021763	917	0.0010929	0.0010929	0.23104	0.0054645	0.0043526	915
713	87	28	work-r3cv-d116cs/f090/pr_evt28	1	14	1	96	156.98	0.1434	0.1434	0	0	0.12528	0	0	0	0.98189	579	0	0	0	0	0.269	0	0	96	0	0	0.24955	0	0	96	0	0	0.28719	0	0	96
713	87	29	work-r3cv-d116cs/f090/pr_evt29	0																																		
713	87	3	work-r3cv-d116cs/f090/pr_evt3	0																																		
713	87	34	work-r3cv-d116cs/f090/pr_evt34	1	9	7	116	378.74	0.27813	0.1969	0	0	0.12836	0	5.2806	2	0.9583	768	0.068966	0.11207	0	0	0.25187	0	0	116	0	0	0.26985	0	0.57759	49	0	0	0.23143	0	0	116
713	87	38	work-r3cv-d116cs/f090/pr_evt38	0																																		
713	87	42	work-r3cv-d116cs/f090/pr_evt42	0																																		
713	87	43	work-r3cv-d116cs/f090/pr_evt43	0																																		
713	87	44	work-r3cv-d116cs/f090/pr_evt44	1	14	21	461	2601.8	0.19761	0.13736	0	0	0.15021	0.0043384	0	0	0.83795	3825	0.0086768	0.08026	0.0021692	0.0021692	0.24332	0	0	461	0.0046189	0.0046189	0.23174	0.0023095	0.060738	433	0	0	0.24028	0	0.0021692	460
713	87	5	work-r3cv-d116cs/f090/pr_evt5	1	11	19	526	2356.2	0.095115	0.077461	0.013308	0	0.2185	0.011407	0	0	0.39756	7130	0.01711	0.098859	0.0038023	0.0057034	0.24394	0.0019011	0	526	0.0060241	0	0.25906	0.002008	0.053232	498	0.0057361	0.0057361	0.23872	0.001912	0.0057034	523
717	32	10	work-r3cv-d116cs/f091/pr_evt10	0																																		
717	32	12	work-r3cv-d116cs/f091/pr_evt12	0																																		
717	32	14	work-r3cv-d116cs/f091/pr_evt14	1	11	1	4	1.5567	0.18917	0.18917	0	0	0.30491	0	0	0	1	24	0	0	0	0	0.36884	0	0	4	0	0	0.44916	0	0	4	0	0	0.35486	0	0	4
717	32	15	work-r3cv-d116cs/f091/pr_evt15	0																																		
717	32	17	work-r3cv-d116cs/f091/pr_evt17	1	14	21	282	1635.2	0.28118	0.16813	0.024823	0	0.13723	0.0070922	0.61156	1	0.8504	1566	0.01773	0.14894	0.0035461	0.0035461	0.23075	0	0	282	0.0071685	0.0071685	0.25124	0	0.010638	279	0.0035714	0.0035714	0.22184	0	0.0070922	280
717	32	20	work-r3cv-d116cs/f091/pr_evt20	0																																		
717	32	26	work-r3cv-d116cs/f091/pr_evt26	1	8	9	65	524.64	0.050536	0.015846	0	0	0.13719	0	1.9061	1	0.95836	333	0.061538	0.23077	0	0	0.20978	0	0	65	0	0	0.25068	0	0	65	0	0	0.21671	0	0	65
717	32	31	work-r3cv-d116cs/f091/pr_evt31	0																																		
717	32	38	work-r3cv-d116cs/f091/pr_evt38	0																																		
717	32	4	work-r3cv-d116cs/f091/pr_evt4	1	15	12	633	1560.2	0.36201	0.37354	0.082148	0.0015798	0.29456	0.012638	5.1275	8	0.41781	7685	0.085308	0.099526	0.023697	0.0078989	0.22758	0	0	633	0.012638	0.0063191	0.24846	0	0	633	0.0112	0.0032	0.24864	0	0.012638	625
717	32	40	work-r3cv-d116cs/f091/pr_evt40	1	21	2	494	1292.5	0.53913	0.76957	0.0040486	0	0.064806	0.010121	0.77367	1	1	2544	0.010121	0.012146	0	0	0.24633	0.010121	0	494	0	0	0.23825	0.010204	0.0080972	490	0	0	0.23886	0.010142	0.0020243	493
717	32	42	work-r3cv-d116cs/f091/pr_evt42	0																																		
717	32	45	work-r3cv-d116cs/f091/pr_evt45	0																																		
717	32	50	work-r3cv-d116cs/f091/pr_evt50	0																																		
717	32	8	work-r3cv-d116cs/f091/pr_evt8	0																																		
714	68	1	work-r3cv-d116cs/f092/pr_evt1	0																																		
714	68	10	work-r3cv-d116cs/f092/pr_evt10	0																																		
714	68	11	work-r3cv-d116cs/f092/pr_evt11	0																																		
714	68	13	work-r3cv-d116cs/f092/pr_evt13	0																																		
714	68	17	work-r3cv-d116cs/f092/pr_evt17	0																																		
714	68	20	work-r3cv-d116cs/f092/pr_evt20	1	16	12	304	1031.3	0.35969	0.36266	0	0	0.19739	0.013158	0.96964	1	0.923	2073	0.036184	0.13816	0.019737	0.013158	0.24576	0	0	304	0.0099668	0.0033223	0.26153	0	0.0098684	301	0.013201	0.009901	0.26392	0	0.0032895	303
714	68	25	work-r3cv-d116cs/f092/pr_evt25	1	17	40	290	1928.9	0.30725	0.12389	0.027586	0	0.1497	0.02069	3.1106	6	0.96682	1296	0.11724	0.38276	0.0068966	0.0034483	0.22745	0	0	290	0.02069	0.017241	0.28634	0	0	290	0.013793	0.010345	0.16954	0	0	290
714	68	27	work-r3cv-d116cs/f092/pr_evt27	0																																		
714	68	29	work-r3cv-d116cs/f092/pr_evt29	0																																		
714	68	31	work-r3cv-d116cs/f092/pr_evt31	0																																		
714	68	32	work-r3cv-d116cs/f092/pr_evt32	0																																		
714	68	33	work-r3cv-d116cs/f092/pr_evt33	0																																		
714	68	34	work-r3cv-d116cs/f092/pr_evt34	1	15	3	64	101.07	0.21114	0.40945	0.03125	0	0.34269	0.015625	0	0	0.95771	390	0.046875	0.10938	0.015625	0	0.21293	0	0	64	0.015625	0.015625	0.23276	0	0	64	0	0	0.25314	0	0	64
714	68	37	work-r3cv-d116cs/f092/pr_evt37	0																																		
714	68	41	work-r3cv-d116cs/f092/pr_evt41	0																																		
714	68	46	work-r3cv-d116cs/f092/pr_evt46	0																																		
714	68	47	work-r3cv-d116cs/f092/pr_evt47	1	6	5	588	954.55	0.027683	0.078223	0.0034014	0	0.20574	0	0	0	0.37374	8636	0.0034014	0.013605	0	0	0.25734	0	0.0034014	586	0	0	0.2671	0	0.0034014	586	0	0	0.22268	0	0.0068027	584
713	51	13	work-r3cv-d116cs/f093/pr_evt13	1	24	9	570	2328.6	0.15202	0.37276	0.061404	0.0017544	0.38117	0.019298	2.5766	6	0.56849	5006	0.094737	0.10175	0.015789	0	0.27118	0	0	570	0.035088	0.017544	0.27472	0	0	570	0.0087873	0.0017575	0.27234	0	0.0017544	569
713	51	19	work-r3cv-d116cs/f093/pr_evt19	0																																		
713	51	20	work-r3cv-d116cs/f093/pr_evt20	1	6	2	457	1213.3	0.18251	0.52179	0.013129	0	0.10188	0.0021882	0	0	0.99583	2387	0.0021882	0.045952	0	0	0.24353	0	0	457	0.0021882	0.0021882	0.25042	0	0	457	0	0	0.25015	0	0.039387	439
713	51	21	work-r3cv-d116cs/f093/pr_evt21	1	10	2	250	345.38	0.43408	0.21704	0	0	0.048456	0.016	0	0	1	1338	0	0.012	0.012	0.016	0.24947	0.004	0	250	0.0080645	0.0080645	0.27037	0	0.008	248	0.004	0.004	0.25742	0	0	250
713	51	25	work-r3cv-d116cs/f093/pr_evt25	1	15	3	349	912.23	0.096188	0.032063	0.0057307	0	0.26487	0	0	0	0.72589	3382	0.0057307	0.017192	0	0	0.25757	0	0	349	0	0	0.2588	0	0	349	0	0	0.27305	0	0.020057	342
713	51	3	work-r3cv-d116cs/f093/pr_evt3	1	13	34	820	4038.1	0.29306	0.26247	0.042683	0	0.1513	0.02561	0.99056	4	0.86935	4897	0.039024	0.16098	0.007335	0.0036675	0.26498	0	0.002439	818	0.020808	0.019584	0.26268	0	0.0036585	817	0.013447	0.011002	0.23827	0	0.002439	818
713	51	34	work-r3cv-d116cs/f093/pr_evt34	1	22	4	616	1918.9	0.60356	0.40145	0.0064935	0.0064935	0.086421	0.0064935	0.52113	1	0.9866	3282	0.0097403	0.019481	0	0	0.23876	0.0065041	0.0016234	615	0	0	0.22261	0.0064935	0	616	0	0	0.2433	0.0065253	0.0048701	613
713	51	35	work-r3cv-d116cs/f093/pr_evt35	0																																		
713	51	41	work-r3cv-d116cs/f093/pr_evt41	0																																		
713	51	44	work-r3cv-d116cs/f093/pr_evt44	1	11	24	468	1449.5	0.14169	0.34988	0.040598	0	0.25177	0.012821	0.68988	1	0.77836	3034	0.047009	0.16026	0.010684	0.0064103	0.24987	0	0	468	0.019231	0.008547	0.25716	0	0	468	0.0042735	0.0021368	0.23149	0	0	468
713	51	6	work-r3cv-d116cs/f093/pr_evt6	0																																		
713	51	7	work-r3cv-d116cs/f093/pr_evt7	0																																		
713	51	8	work-r3cv-d116cs/f093/pr_evt8	0																																		
717	50	1	work-r3cv-d116cs/f094/pr_evt1	0																																		
717	50	12	work-r3cv-d116cs/f094/pr_evt12	1	30	47	1203	4778	0.28884	0.34677	0.056525	0.010806	0.22081	0.035744	1.6743	8	0.81636	8573	0.045719	0.15794	0.019119	0.0091438	0.24843	0.0049875	0	1203	0.031066	0.020151	0.25418	0.0041982	0.0099751	1191	0.011775	0.0075694	0.23964	0.0050463	0.011638	1189
717	50	15	work-r3cv-d116cs/f094/pr_evt15	0																																		
717	50	17	work-r3cv-d116cs/f094/pr_evt17	1	19	10	311	716.3	0.033561	0.16252	0	0	0.070431	0	0	0	1	1551	0.0064309	0.051447	0	0	0.26658	0	0	311	0	0	0.25626	0	0	311	0.0032468	0	0.23725	0	0.0096463	308
717	50	2	work-r3cv-d116cs/f094/pr_evt2	0																																		
717	50	20	work-r3cv-d116cs/f094/pr_evt20	0																																		
717	50	24	work-r3cv-d116cs/f094/pr_evt24	1	2	12	411	1562.7	0.13067	0.16798	0	0	0.17208	0.0024331	0.6399	1	0.54602	4838	0.017032	0.068127	0.007335	0.002445	0.23051	0	0.0048662	409	0	0	0.27997	0	0.055961	388	0	0	0.21381	0	0.0097324	407
717	50	26	work-r3cv-d116cs/f094/pr_evt26	0																																		
717	50	40	work-r3cv-d116cs/f094/pr_evt40	1	15	6	346	882.23	0.036528	0.17939	0	0	0.11018	0.011561	1.1335	1	0.93051	2074	0.023121	0.054913	0.011561	0.0057803	0.23498	0.0057803	0	346	0.0028902	0.0028902	0.26445	0.0057803	0	346	0.011561	0.0028902	0.25425	0.0057803	0	346
717	50	43	work-r3cv-d116cs/f094/pr_evt43	0																																		
717	50	47	work-r3cv-d116cs/f094/pr_evt47	0																																		
717	50	49	work-r3cv-d116cs/f094/pr_evt49	1	3	1	4	0.33269	0	0	0	0	0.015315	0	0	0	1	8	0	0	0	0	0.37588	0	0	4	0	0	0.12656	0	0	4	0	0	0.0033946	0	0	4
717	50	50	work-r3cv-d116cs/f094/pr_evt50	1	7	11	389	1312.6	0.067032	0.19855	0.020566	0	0.13144	0.0051414	0.76185	1	0.73175	3285	0.017995	0.056555	0	0	0.22754	0.0051813	0.0077121	386	0.0058309	0	0.25707	0.0058309	0.11825	343	0.0025907	0.0025907	0.25704	0.0051813	0.0077121	386
717	50	8	work-r3cv-d116cs/f094/pr_evt8	0																																		
719	44	15	work-r3cv-d116cs/f095/pr_evt15	1	13	19	283	1950.4	0.014986	0.087442	0	0	0.20159	0.014134	0	0	0.82796	1917	0.0035336	0.17314	0.010601	0.010601	0.23973	0	0	283	0.0070671	0.0070671	0.21577	0	0	283	0	0	0.21658	0	0.014134	279
719	44	24	work-r3cv-d116cs/f095/pr_evt24	0																																		
719	44	30	work-r3cv-d116cs/f095/pr_evt30	0																																		
719	44	31	work-r3cv-d116cs/f095/pr_evt31	1	15	3	12	1062.4	0.047052	0.058794	0	0	0.10531	0	0	0	1	35	0.16667	0.16667	0	0	0.38722	0	0	12	0	0	0.25495	0	0	12	0	0	0.04642	0	0	12
719	44	32	work-r3cv-d116cs/f095/pr_evt32	0																																		
719	44	33	work-r3cv-d116cs/f095/pr_evt33	1	7	1	112	189.71	0.065826	0.065826	0	0	0.1038	0.017857	0	0	0.94853	594	0	0.035714	0.0089286	0.0089286	0.24183	0	0	112	0.017857	0.017857	0.24707	0	0	112	0	0	0.11993	0	0	112
719	44	38	work-r3cv-d116cs/f095/pr_evt38	0																																		
719	44	4	work-r3cv-d116cs/f095/pr_evt4	1	16	7	488	1263	0.030538	0.19182	0.032787	0	0.24706	0.0020492	0.79175	1	0.42597	6939	0.022541	0.040984	0	0	0.24804	0	0	488	0.0021598	0.0021598	0.26219	0	0.05123	463	0.0020492	0.0020492	0.23978	0	0	488
719	44	40	work-r3cv-d116cs/f095/pr_evt40	1	6	6	41	230.29	0.076917	0.15205	0.073171	0	0.20643	0.04878	0	0	0.92746	173	0	0.31707	0.04878	0.02439	0.27634	0	0	41	0.02439	0.02439	0.33028	0	0	41	0	0	0.18753	0	0.097561	37
719	44	41	work-r3cv-d116cs/f095/pr_evt41	1	11	3	124	454.39	0.03209	0.011046	0.040323	0	0.34593	0.0080645	0	0	0.46907	1342	0.0080645	0.12097	0	0	0.25141	0.0080645	0	124	0.016129	0	0.22443	0.0080645	0	124	0	0	0.21517	0.0081301	0.0080645	123
719	44	43	work-r3cv-d116cs/f095/pr_evt43	0																																		
719	44	46	work-r3cv-d116cs/f095/pr_evt46	1	15	4	124	204.98	0.0045446	0.042494	0	0	0.15755	0.0080645	0	0	0.7815	901	0	0.032258	0	0	0.22494	0	0	124	0	0	0.27593	0	0	124	0.0080645	0.0080645	0.17794	0	0	124
719	44	49	work-r3cv-d116cs/f095/pr_evt49	0																																		
719	44	7	work-r3cv-d116cs/f095/pr_evt7	1	21	3	217	436.18	0.079419	0.045014	0.059908	0	0.23639	0	0	0	0.42314	2105	0	0.046083	0	0	0.27354	0	0	217	0	0	0.24766	0	0	217	0	0	0.22608	0	0.0046083	216
714	71	14	work-r3cv-d116cs/f096/pr_evt14	1	12	7	84	199.03	0.22788	0.16867	0	0	0.1127	0.02381	10.049	2	0.9902	397	0.13095	0.13095	0.02381	0.02381	0.25945	0	0	84	0.011905	0.011905	0.26162	0	0	84	0	0	0.21665	0	0.011905	83
714	71	21	work-r3cv-d116cs/f096/pr_evt21	0																																		
714	71	24	work-r3cv-d116cs/f096/pr_evt24	1	23	6	293	1191.4	0.16539	0.23051	0.044369	0	0.14237	0.017065	0	0	0.78377	2052	0	0.09215	0.003413	0.003413	0.25219	0	0	293	0	0	0.24939	0	0.29352	207	0.013652	0.013652	0.23819	0	0	293
714	71	28	work-r3cv-d116cs/f096/pr_evt28	0																																		
714	71	37	work-r3cv-d116cs/f096/pr_evt37	1	24	7	838	1937	0.32598	0.32469	0.013126	0	0.2143	0.0059666	1.5488	3	0.73958	7914	0.02148	0.046539	0.0023866	0	0.2461	0	0	838	0.0086831	0.0072359	0.25169	0	0.17542	691	0.0023895	0	0.25567	0	0.0011933	837
714	71	42	work-r3cv-d116cs/f096/pr_evt42	1	1	1	5	2.7167	0.15277	0.15277	0	0	0.21595	0	0	0	1	22	0	0	0	0	0.39316	0	0	5	0	0	0.11946	0	0	5	0	0	0.022138	0	0	5
714	71	44	work-r3cv-d116cs/f096/pr_evt44	1	8	1	156	263.51	0.013852	0.013852	0.0064103	0	0.10667	0.0064103	0	0	0.9949	890	0.0064103	0.019231	0.012821	0.0064103	0.20973	0	0	156	0.0064103	0.0064103	0.23391	0	0	156	0.0064103	0.0064103	0.24074	0	0	156
714	71	46	work-r3cv-d116cs/f096/pr_evt46	0																																		
714	71	50	work-r3cv-d116cs/f096/pr_evt50	0																																		
714	71	6	work-r3cv-d116cs/f096/pr_evt6	0																																		
713	66	15	work-r3cv-d116cs/f097/pr_evt15	1	18	9	914	3542	0.17282	0.19376	0.0010941	0	0.18752	0	0	0	0.42815	14101	0.0032823	0.022976	0.0010977	0	0.23919	0	0.0032823	911	0.002193	0	0.25288	0	0.0021882	912	0	0	0.24861	0	0.0054705	909
713	66	17	work-r3cv-d116cs/f097/pr_evt17	1	12	20	188	1320.2	0.18648	0.22788	0.026596	0	0.25444	0.010638	0	0	0.9616	1087	0	0.31383	0.0053191	0.0053191	0.25642	0	0	188	0	0	0.22466	0	0.026596	183	0.012195	0.0060976	0.20081	0	0.12766	164
713	66	18	work-r3cv-d116cs/f097/pr_evt18	1	14	14	205	1714.2	0.076965	0.17191	0.04878	0.019512	0.19974	0.02439	0.58335	1	0.61077	1486	0.029268	0.15122	0.0097561	0	0.25177	0.019512	0	205	0	0	0.23779	0.019512	0	205	0.004878	0.004878	0.26385	0.019512	0	205
713	66	19	work-r3cv-d116cs/f097/pr_evt19	0																																		
713	66	21	work-r3cv-d116cs/f097/pr_evt21	0																																		
713	66	25	work-r3cv-d116cs/f097/pr_evt25	1	15	6	322	1406.7	0.091026	0.248	0	0	0.15073	0.0062112	0	0	0.9519	1980	0	0.024845	0	0	0.23361	0	0	322	0	0	0.24107	0	0.0031056	321	0.0063091	0.0063091	0.2326	0	0.015528	317
713	66	26	work-r3cv-d116cs/f097/pr_evt26	0																																		
713	66	29	work-r3cv-d116cs/f097/pr_evt29	0																																		
713	66	30	work-r3cv-d116cs/f097/pr_evt30	1	19	8	225	623.35	0.043653	0.16648	0.048889	0.0044444	0.23208	0.048889	6.4169	4	0.874	1255	0.14222	0.10667	0.04	0.026667	0.26446	0	0	225	0.026667	0.022222	0.23473	0	0	225	0	0	0.22735	0	0	225
713	66	35	work-r3cv-d116cs/f097/pr_evt35	0																																		
713	66	36	work-r3cv-d116cs/f097/pr_evt36	0																																		
713	66	4	work-r3cv-d116cs/f097/pr_evt4	0																																		
713	66	41	work-r3cv-d116cs/f097/pr_evt41	0																																		
713	66	47	work-r3cv-d116cs/f097/pr_evt47	0																																		
713	66	48	work-r3cv-d116cs/f097/pr_evt48	0																																		
711	79	10	work-r3cv-d116cs/f098/pr_evt10	1	13	14	565	1864.7	0.20714	0.3433	0.088496	0	0.34049	0.0088496	4.2903	8	0.75313	5328	0.10088	0.17876	0.01421	0.0071048	0.24804	0	0.0035398	563	0.019469	0.0017699	0.24494	0	0	565	0.0053381	0.0017794	0.22315	0	0.0053097	562
711	79	13	work-r3cv-d116cs/f098/pr_evt13	1	15	2	182	314.72	0.077681	0.03884	0	0	0.07765	0	0	0	0.99604	985	0	0.016484	0	0	0.26006	0	0	182	0	0	0.23809	0	0	182	0	0	0.19664	0	0.0054945	181
711	79	16	work-r3cv-d116cs/f098/pr_evt16	1	18	19	257	1533.6	0.054038	0.12073	0.0077821	0	0.079167	0.0038911	2.6083	4	0.92944	1320	0.062257	0.19844	0	0	0.25212	0	0	257	0.0077821	0.0038911	0.25728	0	0	257	0	0	0.24137	0	0	257
711	79	24	work-r3cv-d116cs/f098/pr_evt24	1	26	14	559	2284.7	0.27951	0.3568	0.037567	0.0071556	0.13717	0.026834	0.43769	1	0.94611	3381	0.0161	0.10912	0.0017986	0.0017986	0.24197	0.0071942	0.0053667	556	0.0019881	0.0019881	0.24145	0.0079523	0.10018	503	0.018282	0.016453	0.18714	0.0073126	0.021467	547
711	79	26	work-r3cv-d116cs/f098/pr_evt26	0																																		
711	79	27	work-r3cv-d116cs/f098/pr_evt27	1	5	4	280	395.97	0.065439	0.18587	0	0	0.21005	0.014286	0	0	0.39288	4006	0.0071429	0.025	0.010714	0.010714	0.24536	0.0035714	0	280	0.0071429	0.0035714	0.25051	0.0035714	0	280	0	0	0.22605	0.0035971	0.0071429	278
711	79	30	work-r3cv-d116cs/f098/pr_evt30	0																																		
711	79	35	work-r3cv-d116cs/f098/pr_evt35	0																																		
711	79	36	work-r3cv-d116cs/f098/pr_evt36	0																																		
711	79	42	work-r3cv-d116cs/f098/pr_evt42	0																																		
711	79	44	work-r3cv-d116cs/f098/pr_evt44	1	5	56	1487	6434.7	0.43987	0.43114	0.12105	0.04573	0.31304	0.053127	4.3514	28	0.58961	14470	0.13584	0.19973	0.044369	0.03413	0.24309	0.00068259	0.014795	1465	0.034582	0.01513	0.28062	0.00072046	0.066577	1388	0.018157	0.00538	0.24825	0.00067249	0	1487
711	79	45	work-r3cv-d116cs/f098/pr_evt45	1	10	11	265	730.25	0.38728	0.34707	0.083019	0	0.22689	0.026415	0	0	0.7941	1943	0.018868	0.14717	0.0075472	0.0037736	0.24291	0	0	265	0.026415	0.015094	0.23365	0	0	265	0.0075472	0.0075472	0.24727	0	0	265
711	79	48	work-r3cv-d116cs/f098/pr_evt48	1	11	9	55	986.63	0.012441	0.17395	0	0	0.11237	0	1.0136	1	1	214	0.072727	0.38182	0	0	0.25834	0	0	55	0	0	0.2227	0	0	55	0	0	0.24663	0	0	55
711	79	5	work-r3cv-d116cs/f098/pr_evt5	0																																		
711	79	6	work-r3cv-d116cs/f098/pr_evt6	1	9	2	56	104.66	0.16781	0.29503	0.14286	0	0.35661	0	0	0	0.90687	434	0.017857	0.32143	0	0	0.27935	0	0	56	0	0	0.31997	0	0	56	0.017857	0	0.22339	0	0	56
711	79	7	work-r3cv-d116cs/f098/pr_evt7	1	14	4	161	951.89	0.30824	0.092745	0	0	0.21202	0	0	0	0.8471	1391	0	0.031056	0	0	0.27181	0	0	161	0	0	0.2531	0	0	161	0	0	0.2194	0	0	161
714	18	11	work-r3cv-d116cs/f099/pr_evt11	1	33	13	526	2283.3	0.32132	0.42943	0	0	0.07803	0	0	0	0.99393	2728	0.0038023	0.070342	0.0019011	0	0.24819	0	0	526	0.0019048	0	0.23993	0	0.0019011	525	0	0	0.2437	0	0.0095057	521
714	18	16	work-r3cv-d116cs/f099/pr_evt16	0																																		
714	18	18	work-r3cv-d116cs/f099/pr_evt18	1	6	8	720	1800.1	0.4368	0.35372	0.018056	0	0.15127	0.0041667	0	0	0.88661	5099	0.0083333	0.055556	0.0041899	0.0027933	0.26108	0	0.0055556	716	0.0015267	0.0015267	0.26419	0	0.090278	655	0.0055866	0	0.2444	0	0.0055556	716
714	18	19	work-r3cv-d116cs/f099/pr_evt19	1	17	14	424	1712.9	0.16749	0.16866	0.070755	0.040094	0.25075	0.070755	1.7514	3	0.73398	2930	0.051887	0.16981	0.011792	0.0070755	0.2643	0	0	424	0.023585	0.004717	0.28226	0	0	424	0.026005	0.026005	0.23482	0.042553	0.0023585	423
714	18	22	work-r3cv-d116cs/f099/pr_evt22	1	22	12	225	1160.5	0.22633	0.22361	0.017778	0.017778	0.15461	0.022222	0.86169	1	0.97041	1261	0.035556	0.12	0	0	0.22605	0.017778	0	225	0.0044444	0.0044444	0.25728	0.017778	0	225	0	0	0.22836	0.017778	0	225
714	18	29	work-r3cv-d116cs/f099/pr_evt29	0																																		
714	18	32	work-r3cv-d116cs/f099/pr_evt32	1	14	9	507	1274.9	0.21194	0.45451	0.055227	0	0.12978	0.033531	6.2749	8	0.80467	2811	0.078895	0.12821	0.011834	0.0059172	0.26048	0.0078895	0	507	0.025794	0.013889	0.26444	0.0079365	0.0059172	504	0.019881	0.0099404	0.2487	0.0079523	0.0078895	503
714	18	35	work-r3cv-d116cs/f099/pr_evt35	1	4	14	94	547.8	0.025219	0.16492	0	0	0.077809	0.010638	1.8255	1	1	356	0.14894	0.28723	0	0	0.19434	0	0	94	0.010638	0.010638	0.28615	0	0	94	0	0	0.17193	0	0	94
714	18	43	work-r3cv-d116cs/f099/pr_evt43	1	6	2	327	726.44	0.39024	0.25979	0	0	0.092687	0	0	0	0.99427	1937	0	0.021407	0	0	0.26242	0	0	327	0	0	0.25904	0	0.0061162	325	0	0	0.25216	0	0.0030581	326
714	18	47	work-r3cv-d116cs/f099/pr_evt47	0																																		
714	18	6	work-r3cv-d116cs/f099/pr_evt6	0																																		
713	59	15	work-r3cv-d116cs/f100/pr_evt15	0																																		
713	59	21	work-r3cv-d116cs/f100/pr_evt21	1	5	3	64	107.32	0.02886	0.15613	0	0	0.064547	0	0	0	1	360	0.03125	0.0625	0	0	0.2313	0	0	64	0	0	0.26964	0	0	64	0	0	0.16046	0	0	64
713	59	22	work-r3cv-d116cs/f100/pr_evt22	1	1	4	317	611.32	0.0096578	0.065151	0	0	0.14569	0	1.6358	1	0.86522	2184	0.012618	0.025237	0	0	0.26244	0	0.0063091	315	0	0	0.25244	0	0	317	0	0	0.23491	0	0.0031546	316
713	59	23	work-r3cv-d116cs/f100/pr_evt23	0																																		
713	59	30	work-r3cv-d116cs/f100/pr_evt30	0																																		
713	59	39	work-r3cv-d116cs/f100/pr_evt39	1	22	29	519	3104.3	0.063633	0.11967	0.021195	0	0.10823	0.019268	0.9664	3	0.95887	2639	0.038536	0.15607	0.0077071	0.0057803	0.24964	0.0096339	0	519	0.01165	0.007767	0.25477	0.0097087	0.0077071	515	0.0019268	0.0019268	0.23725	0.0096339	0	519
713	59	40	work-r3cv-d116cs/f100/pr_evt40	0																																		
713	59	41	work-r3cv-d116cs/f100/pr_evt41	0																																		
713	59	50	work-r3cv-d116cs/f100/pr_evt50	1	14	5	325	758.43	0.19801	0.17774	0	0	0.094055	0.0030769	0	0	0.93026	2033	0.0061538	0.030769	0	0	0.22535	0	0	325	0.003096	0	0.23218	0	0.0061538	323	0.0030769	0.0030769	0.25112	0	0	325
713	59	9	work-r3cv-d116cs/f100/pr_evt9	0																																		
713	64	1	work-r3cv-d116cs/f101/pr_evt1	0																																		
713	64	11	work-r3cv-d116cs/f101/pr_evt11	1	5	2	114	178.05	0.12468	0.15751	0	0	0.08698	0.0087719	0	0	0.90579	768	0	0.0087719	0.0087719	0.0087719	0.25608	0	0	114	0	0	0.24214	0	0	114	0	0	0.28669	0	0	114
713	64	13	work-r3cv-d116cs/f101/pr_evt13	0																																		
713	64	15	work-r3cv-d116cs/f101/pr_evt15	0																																		
713	64	20	work-r3cv-d116cs/f101/pr_evt20	1	7	11	426	1273	0.39294	0.14119	0	0	0.088987	0	0.78555	1	0.99119	2167	0.014085	0.049296	0.0093897	0	0.24876	0	0	426	0.014085	0	0.24653	0	0	426	0.0094787	0	0.24183	0	0.0093897	422
713	64	22	work-r3cv-d116cs/f101/pr_evt22	0																																		
713	64	24	work-r3cv-d116cs/f101/pr_evt24	1	15	33	1296	5079.7	0.3074	0.37223	0.090278	0.041667	0.29179	0.044753	2.1655	11	0.43874	13998	0.072531	0.1088	0.010811	0.0061776	0.25735	0	0.0007716	1295	0.04784	0.037037	0.2572	0	0	1296	0.005439	0.001554	0.24959	0	0.0069444	1287
713	64	28	work-r3cv-d116cs/f101/pr_evt28	0																																		
713	64	30	work-r3cv-d116cs/f101/pr_evt30	0																																		
713	64	33	work-r3cv-d116cs/f101/pr_evt33	1	18	12	153	1450.6	0.16815	0.15162	0.058824	0	0.20515	0.078431	0	0	0.8415	858	0.013072	0.20915	0.013072	0.0065359	0.2418	0	0	153	0.071895	0.078431	0.28603	0.0065359	0	153	0	0	0.23832	0	0.091503	139
713	64	34	work-r3cv-d116cs/f101/pr_evt34	1	3	16	143	639.97	0.34803	0.2368	0.034965	0	0.15024	0.06993	1.5626	1	0.88645	718	0.097902	0.25874	0.06993	0.055944	0.2516	0.006993	0	143	0.027972	0.020979	0.28582	0	0	143	0.006993	0	0.26091	0.013986	0	143
713	64	4	work-r3cv-d116cs/f101/pr_evt4	1	12	11	527	2102.7	0.27864	0.03899	0.0056926	0	0.068166	0	0	0	0.99237	2651	0.013283	0.056926	0	0	0.2527	0	0.0037951	525	0	0	0.25176	0	0.0037951	525	0	0	0.24327	0	0.0037951	525
713	64	43	work-r3cv-d116cs/f101/pr_evt43	0																																		
713	64	45	work-r3cv-d116cs/f101/pr_evt45	0																																		
713	64	50	work-r3cv-d116cs/f101/pr_evt50	1	24	14	324	1532.7	0.37114	0.27798	0.024691	0	0.16882	0.027778	0.65244	1	0.82255	2024	0.030864	0.13272	0.0092593	0.0092593	0.27567	0.0030864	0	324	0.024691	0.018519	0.25576	0.0030864	0	324	0	0	0.21745	0	0	324
713	64	6	work-r3cv-d116cs/f101/pr_evt6	0																																		
713	64	7	work-r3cv-d116cs/f101/pr_evt7	1	12	21	491	3126.9	0.049851	0.12742	0.020367	0	0.11747	0	0.31981	1	0.92156	2724	0.03055	0.10183	0.0081466	0	0.26387	0	0	491	0.0088692	0	0.24343	0	0.081466	451	0.0081466	0	0.20835	0	0	491
713	84	1	work-r3cv-d116cs/f102/pr_evt1	1	16	5	606	1586	0.0017766	0.023845	0.037954	0	0.20719	0.0016502	1.8915	3	0.90288	3934	0.026403	0.094059	0.0033003	0.0016502	0.26107	0	0	606	0	0	0.24915	0	0	606	0.0083195	0	0.25202	0	0.0082508	601
713	84	16	work-r3cv-d116cs/f102/pr_evt16	0																																		
713	84	18	work-r3cv-d116cs/f102/pr_evt18	1	8	5	22	46.912	0.03725	0.065823	0	0	0.10822	0	21.317	1	1	51	0.22727	0.40909	0	0	0.13973	0	0	22	0	0	0.31418	0	0	22	0	0	0.064363	0	0	22
713	84	19	work-r3cv-d116cs/f102/pr_evt19	0																																		
713	84	23	work-r3cv-d116cs/f102/pr_evt23	0																																		
713	84	29	work-r3cv-d116cs/f102/pr_evt29	0																																		
713	84	39	work-r3cv-d116cs/f102/pr_evt39	1	5	2	161	413.56	0.051571	0.025785	0	0	0.083103	0	0	0	0.98182	905	0	0.074534	0	0	0.25043	0	0	161	0	0	0.24111	0	0	161	0	0	0.11816	0	0.1118	143
713	84	44	work-r3cv-d116cs/f102/pr_evt44	1	13	14	412	1704.1	0.088869	0.12251	0.0097087	0	0.13026	0.01699	0	0	0.99947	2071	0	0.070388	0.0072993	0.0072993	0.24093	0	0.0024272	411	0.01699	0.0097087	0.26176	0	0	412	0.0074442	0.0049628	0.24162	0	0.021845	403
713	84	47	work-r3cv-d116cs/f102/pr_evt47	1	16	16	209	1015.2	0.17285	0.35169	0.052632	0.014354	0.25787	0.052632	0	0	0.86219	1367	0.033493	0.25837	0.014354	0.0095694	0.25591	0	0	209	0.0095694	0.0095694	0.25269	0	0	209	0.042781	0.037433	0.25902	0	0.10526	187
713	84	48	work-r3cv-d116cs/f102/pr_evt48	1	7	1	140	241.84	0.0011984	0.0011984	0	0	0.11078	0	0	0	0.97809	976	0	0	0	0	0.23626	0	0	140	0	0	0.2513	0	0	140	0	0	0.25447	0	0	140
713	84	49	work-r3cv-d116cs/f102/pr_evt49	0																																		
713	84	50	work-r3cv-d116cs/f102/pr_evt50	0																																		
713	84	7	work-r3cv-d116cs/f102/pr_evt7	0																																		
713	84	8	work-r3cv-d116cs/f102/pr_evt8	0																																		
719	68	12	work-r3cv-d116cs/f103/pr_evt12	1	20	14	94	910.34	0.0089781	0.044229	0.06383	0	0.17817	0	3.2955	3	0.59527	693	0.17021	0.26596	0	0	0.20637	0	0	94	0	0	0.32885	0	0	94	0	0	0.1958	0	0.010638	93
719	68	22	work-r3cv-d116cs/f103/pr_evt22	0																																		
719	68	24	work-r3cv-d116cs/f103/pr_evt24	0																																		
719	68	25	work-r3cv-d116cs/f103/pr_evt25	0																																		
719	68	27	work-r3cv-d116cs/f103/pr_evt27	0																																		
719	68	28	work-r3cv-d116cs/f103/pr_evt28	1	19	2	144	239.01	0.028584	0.014292	0.069444	0	0.088761	0.013889	4.1838	1	0.98289	701	0.041667	0.076389	0.027972	0.013986	0.23549	0	0.0069444	143	0	0	0.25499	0	0	144	0	0	0.25398	0	0	144
719	68	3	work-r3cv-d116cs/f103/pr_evt3	1	16	10	303	695.45	0.44424	0.18299	0	0	0.07514	0.0066007	1.4379	1	1	1350	0.029703	0.059406	0	0	0.25215	0	0	303	0.0066007	0.0066007	0.23765	0.009901	0	303	0	0	0.24511	0	0	303
719	68	36	work-r3cv-d116cs/f103/pr_evt36	0																																		
719	68	37	work-r3cv-d116cs/f103/pr_evt37	1	1	1	20	15.999	0.44795	0.44795	0	0	0.14176	0.1	0	0	0.51888	152	0	0.15	0.15	0.05	0.24445	0	0	20	0	0	0.17835	0	0	20	0.15	0.1	0.28725	0	0	20
719	68	45	work-r3cv-d116cs/f103/pr_evt45	0																																		
719	68	46	work-r3cv-d116cs/f103/pr_evt46	1	3	48	858	3960.3	0.26725	0.35315	0.11655	0	0.33024	0.04662	1.2625	5	0.82132	6573	0.053613	0.27855	0.034965	0.026807	0.25676	0	0	858	0.043124	0.025641	0.27899	0	0	858	0.01049	0.004662	0.21605	0	0	858
719	68	47	work-r3cv-d116cs/f103/pr_evt47	1	50	11	334	1239.9	0.64563	0.12857	0.002994	0	0.093765	0	0.80652	1	0.99472	1778	0.02994	0.065868	0	0	0.25295	0	0	334	0.002994	0	0.24505	0	0	334	0	0	0.23344	0	0.008982	331
719	68	49	work-r3cv-d116cs/f103/pr_evt49	0																																		
719	68	5	work-r3cv-d116cs/f103/pr_evt5	0																																		
719	68	7	work-r3cv-d116cs/f103/pr_evt7	0																																		
719	68	9	work-r3cv-d116cs/f103/pr_evt9	1	15	2	8	131.34	0.35962	0.67981	0	0	0.136	0	7.6136	1	1	17	0.5	0	0	0	0.087972	0	0	8	0	0	0.19277	0	0	8	0	0	0.49893	0	0.5	4
713	13	1	work-r3cv-d116cs/f104/pr_evt1	0																																		
713	13	14	work-r3cv-d116cs/f104/pr_evt14	0																																		
713	13	17	work-r3cv-d116cs/f104/pr_evt17	1	17	7	28	159.43	0.22924	0.24294	0	0	0.12262	0.071429	6.2723	1	1	66	0.14286	0.35714	0	0	0.21669	0.071429	0	28	0	0	0.23896	0.071429	0	28	0	0	0.013512	0.071429	0	28
713	13	2	work-r3cv-d116cs/f104/pr_evt2	0																																		
713	13	22	work-r3cv-d116cs/f104/pr_evt22	1	13	22	498	2949.7	0.11552	0.15786	0.014056	0	0.14072	0.0040161	0.67804	2	0.90947	3304	0.036145	0.1245	0.002008	0.002008	0.24707	0.002008	0	498	0	0	0.2558	0.002008	0	498	0	0	0.21998	0.0020243	0.0080321	494
713	13	26	work-r3cv-d116cs/f104/pr_evt26	0																																		
713	13	27	work-r3cv-d116cs/f104/pr_evt27	1	13	2	432	1249	0.22225	0.61112	0.0092593	0.0092593	0.071161	0.011574	0.80065	1	1	2235	0.0092593	0.0092593	0.0023148	0	0.26246	0.0092593	0	432	0	0	0.24598	0.0092593	0	432	0.0023202	0.0023202	0.23123	0.0092807	0.0023148	431
713	13	35	work-r3cv-d116cs/f104/pr_evt35	1	15	16	106	779.47	0.22011	0.18166	0.018868	0	0.18492	0.028302	1.2829	1	0.6794	699	0.12264	0.31132	0	0	0.28645	0	0	106	0.009434	0	0.28215	0	0	106	0.028302	0.028302	0.23212	0	0	106
713	13	4	work-r3cv-d116cs/f104/pr_evt4	0																																		
713	13	42	work-r3cv-d116cs/f104/pr_evt42	0																																		
713	13	46	work-r3cv-d116cs/f104/pr_evt46	1	25	4	92	325.58	0.086735	0.025249	0	0	0.15472	0	0	0	0.99919	508	0	0.086957	0	0	0.27891	0	0	92	0	0	0.24649	0	0	92	0	0	0.23246	0	0	92
713	13	47	work-r3cv-d116cs/f104/pr_evt47	0																																		
713	13	48	work-r3cv-d116cs/f104/pr_evt48	1	27	11	272	702.45	0.046824	0.26304	0.051471	0	0.18396	0.0036765	0	0	0.95444	1504	0.011029	0.1875	0.0073529	0.0036765	0.21076	0	0	272	0.0036765	0.0036765	0.25668	0	0	272	0.0037175	0.0037175	0.19973	0	0.011029	269
713	13	5	work-r3cv-d116cs/f104/pr_evt5	1	7	1	138	159.42	0.05706	0.05706	0.014493	0	0.15724	0.0072464	0	0	0.88387	853	0	0.0072464	0.065217	0.0072464	0.25894	0	0	138	0	0	0.2466	0	0	138	0	0	0.24637	0	0	138
712	92	10	work-r3cv-d116cs/f105/pr_evt10	0																																		
712	92	12	work-r3cv-d116cs/f105/pr_evt12	0																																		
712	92	14	work-r3cv-d116cs/f105/pr_evt14	0																																		
712	92	17	work-r3cv-d116cs/f105/pr_evt17	0																																		
712	92	20	work-r3cv-d116cs/f105/pr_evt20	1	16	5	436	1505.7	0.029021	0.14743	0	0	0.13886	0	0.66416	1	0.71531	4221	0.013761	0.025229	0	0	0.26082	0	0.0022936	435	0	0	0.24045	0	0	436	0	0	0.25378	0	0.0091743	432
712	92	26	work-r3cv-d116cs/f105/pr_evt26	0																																		
712	92	28	work-r3cv-d116cs/f105/pr_evt28	1	5	6	506	1603.1	0.49836	0.42688	0.011858	0	0.13217	0.0079051	0.62379	1	0.96313	2896	0.01581	0.065217	0.0039526	0.0019763	0.23553	0	0	506	0	0	0.24072	0	0.041502	485	0.0079681	0.0059761	0.23298	0	0.0079051	502
712	92	31	work-r3cv-d116cs/f105/pr_evt31	0																																		
712	92	33	work-r3cv-d116cs/f105/pr_evt33	0																																		
712	92	34	work-r3cv-d116cs/f105/pr_evt34	1	6	2	348	634.2	0.27307	0.13653	0.0086207	0	0.14594	0	0	0	0.963	2003	0.0028736	0.011494	0	0	0.2394	0	0	348	0	0	0.24287	0	0	348	0	0	0.23621	0	0.014368	343
712	92	36	work-r3cv-d116cs/f105/pr_evt36	0																																		
712	92	46	work-r3cv-d116cs/f105/pr_evt46	0																																		
712	92	47	work-r3cv-d116cs/f105/pr_evt47	0																																		
712	92	49	work-r3cv-d116cs/f105/pr_evt49	1	15	10	85	579.1	0.11696	0.24164	0.047059	0	0.11346	0.058824	1.7268	1	0.99317	354	0.070588	0.28235	0.023529	0.011765	0.28657	0.047059	0	85	0	0	0.23953	0.047059	0	85	0	0	0.18753	0.047059	0	85
712	92	7	work-r3cv-d116cs/f105/pr_evt7	0																																		
712	92	8	work-r3cv-d116cs/f105/pr_evt8	0																																		
720	45	14	work-r3cv-d116cs/f106/pr_evt14	0																																		
720	45	31	work-r3cv-d116cs/f106/pr_evt31	1	10	6	56	213.32	0.0092454	0.035556	0	0	0.13134	0	0	0	0.64118	365	0.035714	0.28571	0	0	0.29168	0	0	56	0	0	0.22048	0	0	56	0	0	0.08076	0	0	56
720	45	32	work-r3cv-d116cs/f106/pr_evt32	1	11	30	703	4288	0.074136	0.3175	0.034139	0	0.13803	0.035562	1.166	5	0.95569	3691	0.056899	0.15078	0.024182	0.015647	0.25297	0.0056899	0	703	0.019915	0.018492	0.26634	0.0056899	0	703	0.024182	0.019915	0.19359	0.0056899	0	703
720	45	33	work-r3cv-d116cs/f106/pr_evt33	1	16	22	720	1802	0.25344	0.46331	0.051389	0	0.39768	0.019444	3.8847	7	0.66181	6659	0.052778	0.16806	0.0097222	0.0013889	0.26057	0.0069444	0	720	0.016667	0.0083333	0.24963	0.0069444	0	720	0.011127	0.0041725	0.24959	0.0069541	0.0013889	719
720	45	36	work-r3cv-d116cs/f106/pr_evt36	0																																		
720	45	41	work-r3cv-d116cs/f106/pr_evt41	1	55	5	471	1270.7	0.060651	0.16602	0.0084926	0	0.072514	0	0	0	0.91754	2716	0.0021231	0.055202	0	0	0.24604	0	0	471	0	0	0.23367	0	0	471	0.0042463	0	0.24643	0	0	471
720	45	44	work-r3cv-d116cs/f106/pr_evt44	1	22	11	118	993.63	0.11568	0.31387	0.016949	0	0.18868	0.059322	3.0192	3	0.99902	481	0.13559	0.30508	0.0084746	0	0.26471	0.016949	0	118	0.042373	0.033898	0.30897	0.016949	0	118	0.025424	0.016949	0.24428	0.016949	0	118
720	45	45	work-r3cv-d116cs/f106/pr_evt45	0																																		
720	45	48	work-r3cv-d116cs/f106/pr_evt48	0																																		
720	45	5	work-r3cv-d116cs/f106/pr_evt5	0																																		
719	4	11	work-r3cv-d116cs/f107/pr_evt11	0																																		
719	4	14	work-r3cv-d116cs/f107/pr_evt14	1	13	2	300	899.23	0.24603	0.13649	0.06	0.013333	0.28097	0.043333	2.2241	2	0.50795	2957	0.12333	0.056667	0.073333	0.043333	0.24399	0	0	300	0.0066667	0	0.2495	0	0	300	0.0033333	0	0.24106	0	0	300
719	4	15	work-r3cv-d116cs/f107/pr_evt15	1	8	7	358	1229.4	0.14513	0.25293	0.10335	0	0.27437	0.0027933	2.4403	3	0.66551	3145	0.03352	0.075419	0.011173	0	0.27343	0.0027933	0	358	0.0055866	0	0.22991	0.0027933	0	358	0	0	0.2315	0.0028169	0.0083799	355
719	4	32	work-r3cv-d116cs/f107/pr_evt32	0																																		
719	4	35	work-r3cv-d116cs/f107/pr_evt35	1	2	5	146	521.65	0.15231	0.12574	0.047945	0.020548	0.26459	0.034247	3.834	2	0.5588	1428	0.047945	0.16438	0	0	0.2647	0	0	146	0.020548	0.020548	0.26003	0	0	146	0.034247	0.034247	0.27279	0	0	146
719	4	40	work-r3cv-d116cs/f107/pr_evt40	1	15	10	398	2007.7	0.14759	0.17761	0	0	0.16538	0.0025126	1.4943	3	0.76378	3310	0.057789	0.047739	0	0	0.24346	0.0050251	0	398	0.0025126	0.0025126	0.27217	0.0050251	0	398	0.0025381	0.0025381	0.21515	0.0050761	0.01005	394
719	4	45	work-r3cv-d116cs/f107/pr_evt45	0																																		
719	4	6	work-r3cv-d116cs/f107/pr_evt6	1	18	21	482	2682.3	0.20293	0.12541	0.0082988	0	0.22388	0.010373	0	0	0.47137	5235	0.018672	0.11411	0.0020747	0.0020747	0.24861	0.0020747	0	482	0.0041494	0.0041494	0.25529	0.0020747	0	482	0.0020921	0.0041841	0.22843	0.0020921	0.0082988	478
719	4	7	work-r3cv-d116cs/f107/pr_evt7	0																																		
720	10	1	work-r3cv-d116cs/f108/pr_evt1	1	12	2	360	980.27	0.046205	0.0446	0.0027778	0	0.079124	0	0	0	0.91257	1814	0.0055556	0.022222	0	0	0.23389	0	0	360	0	0	0.24537	0	0	360	0	0	0.24638	0	0	360
720	10	16	work-r3cv-d116cs/f108/pr_evt16	0																																		
720	10	17	work-r3cv-d116cs/f108/pr_evt17	1	3	2	8	10.389	0	0	0	0	0.10758	0	0	0	1	24	0.25	0	0	0	0.33435	0.125	0	8	0	0	0.23075	0.125	0	8	0	0	0.064147	0.125	0	8
720	10	20	work-r3cv-d116cs/f108/pr_evt20	0																																		
720	10	21	work-r3cv-d116cs/f108/pr_evt21	0																																		
720	10	25	work-r3cv-d116cs/f108/pr_evt25	1	4	15	394	1506.4	0.30239	0.16023	0.027919	0	0.1193	0.0025381	0.66381	1	0.94117	2204	0.025381	0.1066	0.0050761	0	0.23592	0	0	394	0.0085714	0.0028571	0.23243	0	0.11168	350	0.005102	0	0.24517	0	0.0050761	392
720	10	30	work-r3cv-d116cs/f108/pr_evt30	1	29	21	305	1785.2	0.26318	0.23179	0	0	0.12398	0.013115	0	0	0.96407	1537	0.019672	0.14098	0.0032895	0.0032895	0.22257	0	0.0032787	304	0.0098361	0.0098361	0.25518	0	0	305	0.0066225	0.0066225	0.25102	0	0.0098361	302
720	10	36	work-r3cv-d116cs/f108/pr_evt36	0																																		
720	10	37	work-r3cv-d116cs/f108/pr_evt37	0																																		
720	10	40	work-r3cv-d116cs/f108/pr_evt40	1	5	2	431	1103.1	0.072218	0.036109	0.0069606	0	0.12745	0	0.90655	1	0.97238	2567	0.0092807	0.030162	0	0	0.23969	0	0	431	0	0	0.23857	0	0	431	0	0	0.23141	0	0.0092807	427
720	10	48	work-r3cv-d116cs/f108/pr_evt48	1	17	4	243	598.62	0.17258	0.26808	0.041152	0	0.40866	0.020576	0	0	0.62454	2045	0.012346	0.069959	0.024691	0.020576	0.25633	0.0082305	0	243	0.0041152	0	0.27909	0	0	243	0.0041152	0	0.25351	0	0	243
720	10	9	work-r3cv-d116cs/f108/pr_evt9	1	13	3	133	254.66	0.11682	0.15338	0.0075188	0	0.27945	0	3.9268	1	0.98553	895	0.037594	0.082707	0	0	0.22799	0	0	133	0	0	0.27304	0	0	133	0	0	0.24947	0	0	133
714	9	13	work-r3cv-d116cs/f109/pr_evt13	0																																		
714	9	17	work-r3cv-d116cs/f109/pr_evt17	0																																		
714	9	19	work-r3cv-d116cs/f109/pr_evt19	0																																		
714	9	25	work-r3cv-d116cs/f109/pr_evt25	1	19	4	305	677.18	0.0080923	0.0020231	0	0	0.088616	0.0032787	0	0	0.99829	1849	0	0.02623	0.0032787	0.0032787	0.24686	0	0	305	0.0032787	0.0032787	0.24814	0	0	305	0.0033333	0.0033333	0.24215	0	0.016393	300
714	9	26	work-r3cv-d116cs/f109/pr_evt26	1	28	11	339	1042.8	0.32135	0.27686	0	0	0.085057	0.014749	0.95893	1	0.99914	1920	0.011799	0.061947	0.0029499	0.0029499	0.26168	0.011799	0	339	0.0029762	0.0029762	0.26035	0.011905	0.0088496	336	0	0	0.19495	0.011799	0	339
714	9	29	work-r3cv-d116cs/f109/pr_evt29	0																																		
714	9	30	work-r3cv-d116cs/f109/pr_evt30	1	17	42	828	4074.5	0.3626	0.40889	0.12198	0.0084541	0.4358	0.084541	3.6815	15	0.32397	16436	0.11111	0.31522	0.048309	0.025362	0.25668	0	0	828	0.089655	0.063448	0.26474	0	0.1244	725	0.021845	0.0036408	0.26089	0	0.0048309	824
714	9	34	work-r3cv-d116cs/f109/pr_evt34	1	6	7	325	1201.7	0.06996	0.12925	0.027692	0	0.14496	0	1.6643	2	0.93663	1967	0.036923	0.033846	0	0	0.25982	0	0	325	0.0030769	0	0.2373	0	0	325	0	0	0.21651	0	0	325
714	9	35	work-r3cv-d116cs/f109/pr_evt35	0																																		
714	9	36	work-r3cv-d116cs/f109/pr_evt36	0																																		
714	9	37	work-r3cv-d116cs/f109/pr_evt37	0																																		
714	9	41	work-r3cv-d116cs/f109/pr_evt41	1	5	9	181	451.74	0.28414	0.16561	0	0	0.073922	0	4.4273	2	1	808	0.060773	0.088398	0.0055249	0	0.19604	0.0055249	0	181	0.0055249	0	0.2695	0.0055249	0	181	0	0	0.21735	0	0.044199	173
714	9	47	work-r3cv-d116cs/f109/pr_evt47	1	24	8	442	1364.8	0.50292	0.22173	0.027149	0	0.13585	0.0022624	1.4654	2	0.96212	2594	0.040724	0.090498	0	0	0.24299	0	0	442	0	0	0.26816	0	0.0045249	440	0.0045351	0.0022676	0.26788	0	0.0022624	441
714	9	50	work-r3cv-d116cs/f109/pr_evt50	1	4	1	253	435.66	0.35047	0.35047	0	0	0.06719	0	0	0	0.96987	1422	0	0.039526	0	0	0.23347	0	0	253	0	0	0.2493	0	0.0039526	252	0	0	0.24581	0	0.10277	227
713	9	14	work-r3cv-d116cs/f110/pr_evt14	0																																		
713	9	15	work-r3cv-d116cs/f110/pr_evt15	0																																		
713	9	20	work-r3cv-d116cs/f110/pr_evt20	0																																		
713	9	24	work-r3cv-d116cs/f110/pr_evt24	0																																		
713	9	27	work-r3cv-d116cs/f110/pr_evt27	0																																		
713	9	33	work-r3cv-d116cs/f110/pr_evt33	0																																		
713	9	35	work-r3cv-d116cs/f110/pr_evt35	1	8	8	117	763.1	0.14969	0.066671	0.042735	0	0.12138	0.042735	2.6209	2	0.97346	530	0.1453	0.22222	0.059829	0.034188	0.24418	0	0	117	0	0	0.23292	0	0	117	0.017094	0.008547	0.15701	0	0	117
713	9	37	work-r3cv-d116cs/f110/pr_evt37	1	14	14	149	1343.6	0.040697	0.1876	0	0	0.084046	0.0067114	0.74429	1	1	698	0.04698	0.20134	0.013423	0.0067114	0.27428	0	0	149	0	0	0.23188	0	0	149	0	0	0.061791	0	0.067114	139
713	9	40	work-r3cv-d116cs/f110/pr_evt40	0																																		
713	9	42	work-r3cv-d116cs/f110/pr_evt42	0																																		
713	9	43	work-r3cv-d116cs/f110/pr_evt43	0																																		
713	9	46	work-r3cv-d116cs/f110/pr_evt46	0																																		
713	9	49	work-r3cv-d116cs/f110/pr_evt49	1	26	9	244	1264.8	0.012483	0.057778	0.0040984	0.0040984	0.094776	0.032787	0	0	0.99606	1293	0.0081967	0.090164	0	0	0.24382	0	0	244	0	0	0.23297	0.040984	0	244	0	0	0.2046	0	0	244
713	9	6	work-r3cv-d116cs/f110/pr_evt6	1	13	41	1127	5868.6	0.52584	0.28795	0.017746	0	0.11242	0.0097604	0.3408	2	0.93963	6231	0.028394	0.085182	0.0044444	0.0017778	0.24856	0.0035556	0.0017746	1125	0.0062278	0.0053381	0.26299	0.0035587	0.0026619	1124	0.0026738	0.0026738	0.23035	0.0035651	0.0044366	1122
713	20	1	work-r3cv-d116cs/f111/pr_evt1	1	8	5	269	804.78	0.010588	0.019557	0.026022	0.0074349	0.13139	0.011152	0	0	0.95686	1780	0	0.063197	0.011152	0.011152	0.22036	0	0	269	0	0	0.24241	0	0	269	0	0	0.19997	0	0.0037175	268
713	20	13	work-r3cv-d116cs/f111/pr_evt13	1	4	1	130	196.4	0.42554	0.42554	0.084615	0	0.30772	0.061538	10.183	2	0.95653	799	0.076923	0.11538	0.038462	0.0076923	0.19582	0	0	130	0.066667	0.066667	0.23404	0	0.88462	15	0.053846	0.046154	0.24101	0	0	130
713	20	16	work-r3cv-d116cs/f111/pr_evt16	0																																		
713	20	18	work-r3cv-d116cs/f111/pr_evt18	0																																		
713	20	23	work-r3cv-d116cs/f111/pr_evt23	1	15	13	436	2081.1	0.23346	0.066944	0.0045872	0	0.075061	0.0022936	0.48051	1	0.95863	2282	0.022936	0.071101	0.0045872	0.0022936	0.25608	0	0	436	0.0025381	0	0.2525	0	0.09633	394	0	0	0.25182	0	0.050459	414
713	20	3	work-r3cv-d116cs/f111/pr_evt3	1	5	3	412	867.3	0.032267	0.52277	0.01699	0	0.10352	0.0048544	1.153	1	0.98783	2249	0.021845	0.041262	0	0	0.23431	0	0	412	0.0024331	0.0024331	0.25315	0	0.0024272	411	0.0024876	0.0024876	0.25454	0	0.024272	402
713	20	35	work-r3cv-d116cs/f111/pr_evt35	0																																		
713	20	37	work-r3cv-d116cs/f111/pr_evt37	1	11	4	498	1185.9	0.043426	0.045423	0.002008	0	0.24682	0	0	0	0.67904	4535	0	0.036145	0	0	0.25195	0	0	498	0	0	0.2815	0	0	498	0.0021978	0	0.24131	0	0.086345	455
713	20	38	work-r3cv-d116cs/f111/pr_evt38	1	16	2	76	601.99	0.002222	0.50111	0.052632	0.052632	0.048399	0.039474	1.6612	1	1	382	0.052632	0.013158	0	0	0.25302	0.039474	0	76	0	0	0.27838	0.039474	0	76	0	0	0.21967	0.039474	0	76
713	20	44	work-r3cv-d116cs/f111/pr_evt44	1	9	2	706	1308.7	0.10661	0.43559	0.4745	0.12181	0.95553	0.070822	1.5283	2	0.90957	723	0.018414	0.012748	0.009915	0.0070822	0.26437	0	0	706	0.23654	0.063739	0.38046	0	0	706	0.002849	0	0.25008	0	0.0056657	702
713	20	46	work-r3cv-d116cs/f111/pr_evt46	0																																		
713	20	5	work-r3cv-d116cs/f111/pr_evt5	0																																		
713	20	7	work-r3cv-d116cs/f111/pr_evt7	0																																		
713	40	11	work-r3cv-d116cs/f112/pr_evt11	1	16	12	333	1749.7	0.054476	0.2256	0.012012	0	0.10346	0.036036	0.57153	1	0.98822	1590	0.024024	0.093093	0.021021	0.021021	0.26355	0	0	333	0.027027	0.021021	0.27149	0	0	333	0.015198	0.015198	0.23231	0	0.012012	329
713	40	17	work-r3cv-d116cs/f112/pr_evt17	0																																		
713	40	2	work-r3cv-d116cs/f112/pr_evt2	0																																		
713	40	21	work-r3cv-d116cs/f112/pr_evt21	1	52	13	53	592.77	0	0.037441	0	0	0.10558	0	6.748	4	1	117	0.33962	0.39623	0	0	0.19969	0	0	53	0	0	0.30422	0	0	53	0	0	0.0095113	0	0	53
713	40	23	work-r3cv-d116cs/f112/pr_evt23	0																																		
713	40	27	work-r3cv-d116cs/f112/pr_evt27	1	10	4	223	490.05	0.09996	0.12724	0.044843	0.013453	0.11599	0.049327	0	0	0.99693	974	0.0044843	0.035874	0	0	0.24705	0	0	223	0.049327	0.03139	0.277	0.017937	0	223	0.022936	0.0091743	0.25209	0	0.022422	218
713	40	28	work-r3cv-d116cs/f112/pr_evt28	0																																		
713	40	34	work-r3cv-d116cs/f112/pr_evt34	0																																		
713	40	35	work-r3cv-d116cs/f112/pr_evt35	0																																		
713	40	37	work-r3cv-d116cs/f112/pr_evt37	0																																		
713	40	41	work-r3cv-d116cs/f112/pr_evt41	0																																		
713	40	49	work-r3cv-d116cs/f112/pr_evt49	0																																		
713	40	9	work-r3cv-d116cs/f112/pr_evt9	0																																		
719	84	13	work-r3cv-d116cs/f113/pr_evt13	0																																		
719	84	24	work-r3cv-d116cs/f113/pr_evt24	0																																		
719	84	27	work-r3cv-d116cs/f113/pr_evt27	0																																		
719	84	33	work-r3cv-d116cs/f113/pr_evt33	0																																		
719	84	35	work-r3cv-d116cs/f113/pr_evt35	1	5	11	48	406.63	0.16954	0.097033	0	0	0.10616	0	4.9185	2	0.99517	172	0.25	0.45833	0	0	0.28387	0	0	48	0	0	0.3074	0	0	48	0	0	0.12156	0	0	48
719	84	4	work-r3cv-d116cs/f113/pr_evt4	0																																		
719	84	42	work-r3cv-d116cs/f113/pr_evt42	0																																		
719	84	44	work-r3cv-d116cs/f113/pr_evt44	1	11	16	453	1439.5	0.036967	0.33821	0.033113	0	0.21251	0.03532	1.3894	2	0.6733	3374	0.046358	0.12141	0.00883	0.00883	0.24463	0	0	453	0.030905	0.028698	0.28343	0	0	453	0.0088496	0.0022124	0.22354	0	0.0022075	452
713	56	11	work-r3cv-d116cs/f114/pr_evt11	0																																		
713	56	16	work-r3cv-d116cs/f114/pr_evt16	0																																		
713	56	21	work-r3cv-d116cs/f114/pr_evt21	0																																		
713	56	26	work-r3cv-d116cs/f114/pr_evt26	1	19	4	813	1391.5	0.54808	0.59632	0.0098401	0.00492	0.087274	0.0073801	1.4373	2	0.99704	4500	0.01599	0.0123	0.00246	0	0.25338	0.0073801	0	813	0	0	0.25797	0.0076628	0.0369	783	0	0	0.25215	0.0074349	0.0073801	807
713	56	28	work-r3cv-d116cs/f114/pr_evt28	1	47	11	405	862.66	0.13368	0.20167	0.0074074	0	0.1087	0.014815	0	0	0.98591	2167	0.02716	0.061728	0.012376	0.0049505	0.25537	0.0049505	0.0024691	404	0.012376	0.0074257	0.24599	0.0049505	0.0024691	404	0.0083799	0.0027933	0.24292	0.0055866	0.11605	358
713	56	3	work-r3cv-d116cs/f114/pr_evt3	0																																		
713	56	36	work-r3cv-d116cs/f114/pr_evt36	1	5	1	464	546.61	0.006057	0.006057	0	0	0.083467	0	0	0	1	2316	0	0	0	0	0.24127	0	0.0043103	462	0	0	0.24963	0	0.0021552	463	0	0	0.25018	0	0.0021552	463
713	56	37	work-r3cv-d116cs/f114/pr_evt37	0																																		
713	56	40	work-r3cv-d116cs/f114/pr_evt40	1	15	8	814	1801.3	0.034864	0.19715	0.034398	0	0.2384	0.0012285	1.1103	2	0.69021	7250	0.060197	0.035627	0	0	0.26703	0	0.002457	812	0.011057	0.0012285	0.2494	0	0	814	0	0	0.25855	0	0.004914	810
713	56	43	work-r3cv-d116cs/f114/pr_evt43	0																																		
713	56	46	work-r3cv-d116cs/f114/pr_evt46	0																																		
713	56	48	work-r3cv-d116cs/f114/pr_evt48	1	2	22	120	829.99	0.1307	0.19639	0.058333	0	0.11437	0.058333	3.6145	3	0.96321	367	0.25	0.38333	0.025	0	0.2682	0	0	120	0.066667	0.058333	0.28167	0	0	120	0.0083333	0	0.028949	0	0	120
713	56	49	work-r3cv-d116cs/f114/pr_evt49	1	3	7	121	402.64	0.010465	0.12376	0	0	0.16614	0	2.4836	1	0.65864	1040	0.033058	0.1157	0	0	0.25047	0	0.016529	119	0	0	0.29204	0	0	121	0	0	0.22341	0	0	121
713	56	5	work-r3cv-d116cs/f114/pr_evt5	1	36	17	282	2243.5	0.018101	0.11521	0.0070922	0	0.09563	0.01773	1.3372	3	0.99863	1311	0.056738	0.10993	0	0	0.24788	0.014184	0	282	0.0035461	0.0035461	0.2497	0.014184	0	282	0	0	0.20088	0.014184	0	282
713	56	50	work-r3cv-d116cs/f114/pr_evt50	1	15	2	32	63.639	0.30192	0.28957	0.3125	0	0.61682	0.03125	15.714	1	0.94344	188	0.1875	0.34375	0	0	0.3105	0	0	32	0.03125	0.03125	0.35683	0	0	32	0	0	0.20166	0	0	32
713	56	7	work-r3cv-d116cs/f114/pr_evt7	1	20	27	345	1468.1	0.30896	0.31333	0.023188	0	0.17648	0	2.0434	3	0.83389	2408	0.046377	0.18551	0.0057971	0	0.22589	0	0	345	0.0047393	0	0.25026	0	0.38841	211	0.014535	0	0.25467	0	0.0028986	344
714	40	1	work-r3cv-d116cs/f115/pr_evt1	0																																		
714	40	13	work-r3cv-d116cs/f115/pr_evt13	1	4	7	130	637.55	0.22803	0.1416	0	0	0.13658	0	0	0	0.98044	776	0	0.12308	0	0	0.24913	0	0	130	0	0	0.29731	0	0.17692	107	0	0	0.18391	0	0.10769	116
714	40	15	work-r3cv-d116cs/f115/pr_evt15	0																																		
714	40	16	work-r3cv-d116cs/f115/pr_evt16	0																																		
714	40	21	work-r3cv-d116cs/f115/pr_evt21	0																																		
714	40	22	work-r3cv-d116cs/f115/pr_evt22	1	5	12	197	711.85	0.21547	0.234	0.081218	0	0.26512	0.030457	2.8096	2	0.81961	1599	0.076142	0.25888	0.035533	0.025381	0.2668	0.010152	0	197	0.015228	0.0050761	0.25637	0.010152	0	197	0.0050761	0.0050761	0.21517	0.010152	0	197
714	40	27	work-r3cv-d116cs/f115/pr_evt27	1	9	3	62	195.99	0.1067	0.14669	0	0	0.12995	0	0	0	0.97575	350	0	0.080645	0	0	0.23747	0	0	62	0	0	0.25159	0	0	62	0	0	0.24732	0	0	62
714	40	29	work-r3cv-d116cs/f115/pr_evt29	1	12	3	148	351.46	0.013944	0.0046481	0	0	0.055514	0.0067568	2.8453	1	1	672	0.033784	0.060811	0.0067568	0.0067568	0.24822	0	0	148	0.0067568	0.0067568	0.26518	0	0	148	0.0067568	0.0067568	0.20778	0	0	148
714	40	30	work-r3cv-d116cs/f115/pr_evt30	1	13	6	283	706.19	0.25096	0.06114	0.0070671	0	0.12588	0	0	0	0.97471	1486	0.0070671	0.045936	0	0	0.23859	0	0	283	0	0	0.27633	0	0	283	0	0	0.23667	0	0.014134	279
714	40	33	work-r3cv-d116cs/f115/pr_evt33	0																																		
714	40	48	work-r3cv-d116cs/f115/pr_evt48	1	4	5	65	133.24	0.024467	0.32456	0	0	0.067743	0.046154	0	0	1	239	0.030769	0.13846	0.046154	0.030769	0.25287	0	0	65	0.015385	0.015385	0.32088	0	0	65	0	0	0.21597	0	0.030769	63
714	40	6	work-r3cv-d116cs/f115/pr_evt6	1	5	5	243	833.8	0.057009	0.34706	0.037037	0	0.068212	0.028807	0	0	1	1379	0.0082305	0.061728	0.020576	0.016461	0.244	0	0	243	0.020576	0.016461	0.2481	0	0	243	0	0	0.19032	0	0.0082305	241
714	40	8	work-r3cv-d116cs/f115/pr_evt8	1	23	4	109	285.6	0.03762	0.38568	0	0	0.085756	0.027523	0	0	1	501	0	0.055046	0.018349	0.018349	0.26684	0	0	109	0.018349	0.018349	0.23299	0.0091743	0	109	0.0091743	0.0091743	0.23099	0	0	109
712	31	1	work-r3cv-d116cs/f116/pr_evt1	1	13	5	217	802.6	0.13133	0.28481	0.046083	0	0.087465	0.02765	1.246	1	0.98928	1202	0.036866	0.1106	0.023041	0.0046083	0.25027	0	0	217	0.035211	0.035211	0.29089	0	0.34562	142	0	0	0.21785	0	0	217
712	31	10	work-r3cv-d116cs/f116/pr_evt10	0																																		
712	31	11	work-r3cv-d116cs/f116/pr_evt11	0																																		
712	31	12	work-r3cv-d116cs/f116/pr_evt12	0																																		
712	31	15	work-r3cv-d116cs/f116/pr_evt15	0																																		
712	31	22	work-r3cv-d116cs/f116/pr_evt22	1	5	25	605	2791.2	0.41798	0.27933	0.0033058	0	0.15029	0.0066116	0.35826	1	0.79876	4413	0.013223	0.13554	0.0066116	0.0033058	0.2498	0	0	605	0.0086059	0.0034423	0.25005	0	0.039669	581	0.0049587	0	0.24155	0	0	605
712	31	27	work-r3cv-d116cs/f116/pr_evt27	1	13	3	471	1534.6	0.6085	0.47145	0.0042463	0	0.060498	0.0021231	0	0	0.99837	2332	0	0.031847	0.0021231	0.0021231	0.24749	0	0	471	0	0	0.24721	0	0	471	0.0021277	0.0021277	0.26767	0	0.0021231	470
712	31	31	work-r3cv-d116cs/f116/pr_evt31	0																																		
712	31	38	work-r3cv-d116cs/f116/pr_evt38	0																																		
712	31	4	work-r3cv-d116cs/f116/pr_evt4	0																																		
712	31	40	work-r3cv-d116cs/f116/pr_evt40	1	21	17	140	1198	0.051109	0.16142	0	0	0.12908	0.0071429	0	0	1	614	0.042857	0.25	0	0	0.29185	0.0071429	0	140	0.014286	0.0071429	0.241	0.0071429	0	140	0	0	0.12511	0.0071429	0	140
712	31	47	work-r3cv-d116cs/f116/pr_evt47	1	15	9	489	1303.6	0.074293	0.2668	0.00818	0	0.22251	0.01636	0.76711	1	0.41761	6334	0.018405	0.042945	0.01227	0.01227	0.24572	0	0	489	0.01227	0.010225	0.25108	0	0	489	0.0061475	0.0061475	0.26318	0	0.002045	488
712	31	6	work-r3cv-d116cs/f116/pr_evt6	0																																		
712	31	9	work-r3cv-d116cs/f116/pr_evt9	0																																		
715	17	1	work-r3cv-d116cs/f117/pr_evt1	1	17	6	137	593.43	0.2555	0.29248	0	0	0.089553	0.021898	0	0	0.99816	715	0.014599	0.10219	0.051095	0.014599	0.27441	0	0	137	0.0072993	0.0072993	0.24822	0	0	137	0	0	0.22724	0	0	137
715	17	13	work-r3cv-d116cs/f117/pr_evt13	1	6	4	16	97.753	0.15584	0.083357	0	0	0.070115	0	0	0	1	37	0.125	0.25	0	0	0.13528	0.0625	0	16	0	0	0.27539	0.0625	0	16	0	0	0.012404	0.0625	0	16
715	17	14	work-r3cv-d116cs/f117/pr_evt14	1	13	20	417	2715.6	0.038408	0.098097	0.021583	0.0047962	0.094567	0.028777	0	0	0.96273	2198	0.031175	0.11751	0.028777	0.019185	0.27508	0	0	417	0.024038	0.014423	0.25573	0	0.0023981	416	0	0	0.24791	0	0	417
715	17	18	work-r3cv-d116cs/f117/pr_evt18	1	13	2	8	33.19	0.11913	0.16703	0	0	0.15897	0.125	0	0	1	21	0	0	0	0	0.2533	0	0	8	0	0	0.28508	0	0	8	0.125	0.125	0.11425	0	0	8
715	17	19	work-r3cv-d116cs/f117/pr_evt19	0																																		
715	17	2	work-r3cv-d116cs/f117/pr_evt2	0																																		
715	17	22	work-r3cv-d116cs/f117/pr_evt22	1	9	1	4	0.65294	0.044694	0.044694	0	0	0.10324	0	0	0	1	15	0	0	0	0	0.30154	0	0	4	0	0	0.30113	0	0	4	0	0	0.22659	0	0	4
715	17	23	work-r3cv-d116cs/f117/pr_evt23	0																																		
715	17	27	work-r3cv-d116cs/f117/pr_evt27	0																																		
715	17	28	work-r3cv-d116cs/f117/pr_evt28	1	5	5	63	240.02	0.11772	0.34042	0	0	0.10846	0.015873	0	0	1	291	0.031746	0.15873	0	0	0.20907	0	0	63	0.015873	0.015873	0.20751	0	0	63	0	0	0.22583	0	0	63
715	17	30	work-r3cv-d116cs/f117/pr_evt30	0																																		
715	17	31	work-r3cv-d116cs/f117/pr_evt31	1	5	29	1294	4509.3	0.46055	0.5528	0.056414	0.007728	0.2038	0.02473	1.9959	9	0.83866	10229	0.059505	0.12983	0.027885	0.017816	0.24974	0	0.0023184	1291	0.020814	0.013245	0.25153	0	0.18315	1057	0.0088638	0.0056406	0.24011	0	0.040958	1241
715	17	33	work-r3cv-d116cs/f117/pr_evt33	1	11	28	229	1327.8	0.28208	0.15385	0.0087336	0	0.16538	0.026201	0	0	0.99501	1069	0.0131	0.38865	0.030568	0.021834	0.25868	0	0	229	0.0087336	0.0087336	0.28944	0	0	229	0	0	0.19804	0	0	229
715	17	37	work-r3cv-d116cs/f117/pr_evt37	1	10	4	110	221.9	0.32631	0.39474	0.14545	0	0.43368	0.027273	4.5065	1	0.54665	1052	0.054545	0.20909	0.027273	0.0090909	0.23258	0	0	110	0.063636	0.018182	0.3075	0	0	110	0	0	0.26577	0	0	110
715	17	38	work-r3cv-d116cs/f117/pr_evt38	0																																		
715	17	47	work-r3cv-d116cs/f117/pr_evt47	1	9	4	175	497.89	0.09605	0.28914	0.0057143	0	0.1726	0	2.0085	1	0.97432	1034	0.034286	0.062857	0	0	0.23502	0	0	175	0	0	0.26819	0	0	175	0	0	0.24588	0	0	175
715	17	48	work-r3cv-d116cs/f117/pr_evt48	0																																		
715	17	49	work-r3cv-d116cs/f117/pr_evt49	1	11	5	139	280.99	0.24495	0.078082	0.014388	0	0.068694	0	3.5588	1	0.98404	637	0.05036	0.079137	0	0	0.28385	0	0	139	0	0	0.25522	0	0	139	0	0	0.22904	0	0	139
715	17	6	work-r3cv-d116cs/f117/pr_evt6	0																																		
715	17	7	work-r3cv-d116cs/f117/pr_evt7	0																																		
715	96	10	work-r3cv-d116cs/f118/pr_evt10	1	5	6	126	372.1	0.05879	0.45656	0.039683	0	0.18372	0.055556	2.6874	1	0.91702	812	0.039683	0.12698	0.02381	0.015873	0.22263	0	0	126	0.066116	0.049587	0.31377	0	0.039683	121	0	0	0.23706	0	0.015873	124
715	96	15	work-r3cv-d116cs/f118/pr_evt15	1	9	4	266	445.62	0.33241	0.11618	0	0	0.11909	0	0	0	0.95466	1893	0	0.026316	0	0	0.25166	0	0.0075188	264	0	0	0.27012	0	0.0037594	265	0.0037594	0	0.21906	0	0	266
715	96	18	work-r3cv-d116cs/f118/pr_evt18	1	10	2	238	363.7	0.0075624	0.14237	0	0	0.23571	0	0	0	0.90238	1756	0	0	0	0	0.24241	0	0.0042017	237	0	0	0.22786	0	0	238	0	0	0.26282	0	0.0042017	237
715	96	21	work-r3cv-d116cs/f118/pr_evt21	0																																		
715	96	27	work-r3cv-d116cs/f118/pr_evt27	1	13	3	285	564.9	0.019862	0.075452	0	0	0.071169	0.0035088	0	0	1	1334	0.0070175	0.017544	0.0035088	0.0035088	0.24861	0	0	285	0.0035088	0.0035088	0.25911	0	0	285	0.0035461	0.0035461	0.24702	0	0.010526	282
715	96	35	work-r3cv-d116cs/f118/pr_evt35	0																																		
715	96	39	work-r3cv-d116cs/f118/pr_evt39	0																																		
715	96	4	work-r3cv-d116cs/f118/pr_evt4	0																																		
715	96	46	work-r3cv-d116cs/f118/pr_evt46	0																																		
715	96	6	work-r3cv-d116cs/f118/pr_evt6	1	6	1	36	57.269	0.39193	0.39193	0.083333	0	0.27856	0.027778	17.461	1	0.98955	143	0.13889	0	0.083333	0.027778	0.24567	0	0	36	0	0	0.31253	0	0	36	0	0	0.10934	0	0	36
715	96	9	work-r3cv-d116cs/f118/pr_evt9	0																																		
720	5	11	work-r3cv-d116cs/f119/pr_evt11	0																																		
720	5	13	work-r3cv-d116cs/f119/pr_evt13	0																																		
720	5	23	work-r3cv-d116cs/f119/pr_evt23	0																																		
720	5	25	work-r3cv-d116cs/f119/pr_evt25	0																																		
720	5	28	work-r3cv-d116cs/f119/pr_evt28	1	16	12	150	1042.8	0.048091	0.089358	0	0	0.10304	0.0066667	0	0	0.98816	717	0.02	0.19333	0.0066667	0.0066667	0.27205	0	0	150	0.0066667	0.0066667	0.27176	0	0	150	0.0068493	0.0068493	0.22618	0	0.026667	146
720	5	32	work-r3cv-d116cs/f119/pr_evt32	1	8	14	161	720.41	0.11859	0.20029	0.055901	0	0.17929	0	1.3881	1	0.89652	900	0.055901	0.26087	0	0	0.29426	0	0	161	0	0	0.22769	0	0	161	0	0	0.24042	0	0.018634	158
720	5	34	work-r3cv-d116cs/f119/pr_evt34	0																																		
720	5	39	work-r3cv-d116cs/f119/pr_evt39	1	49	10	172	1392.9	0.10762	0.1112	0.011628	0	0.13087	0.034884	2.1538	3	0.8959	870	0.10465	0.15116	0.011628	0.011628	0.26612	0.011628	0	172	0.011628	0.011628	0.24424	0.011628	0	172	0.005814	0.005814	0.23303	0.011628	0	172
720	5	4	work-r3cv-d116cs/f119/pr_evt4	1	6	4	162	297.92	0.2307	0.27834	0	0	0.11325	0	0	0	0.53662	1712	0.024691	0.024691	0	0	0.23077	0	0	162	0	0	0.25414	0	0	162	0	0	0.22041	0	0.10494	145
720	5	42	work-r3cv-d116cs/f119/pr_evt42	1	10	5	154	312.42	0.14031	0.3489	0.038961	0	0.15835	0.045455	0	0	0.98931	792	0.0064935	0.1039	0.051948	0.045455	0.26531	0	0	154	0.0064935	0	0.24446	0	0	154	0	0	0.21405	0	0	154
720	5	43	work-r3cv-d116cs/f119/pr_evt43	1	20	8	156	593.48	0.37647	0.077725	0.076923	0	0.20055	0	3.37	2	0.74966	1382	0.051282	0.17308	0	0	0.20631	0	0	156	0	0	0.26393	0	0.80769	30	0	0	0.20658	0	0	156
720	5	5	work-r3cv-d116cs/f119/pr_evt5	0																																		
720	5	6	work-r3cv-d116cs/f119/pr_evt6	0																																		
720	5	7	work-r3cv-d116cs/f119/pr_evt7	1	12	5	163	640.42	0.037078	0.014271	0	0	0.072036	0	0	0	1	823	0	0.042945	0	0	0.23685	0	0	163	0	0	0.27165	0	0	163	0	0	0.23188	0	0.02454	159
713	98	1	work-r3cv-d116cs/f120/pr_evt1	0																																		
713	98	10	work-r3cv-d116cs/f120/pr_evt10	1	22	4	241	886.16	0.15515	0.30902	0.024896	0	0.1444	0	0	0	0.97469	1683	0.0082988	0.033195	0	0	0.27015	0	0	241	0	0	0.24604	0	0	241	0	0	0.21455	0	0	241
713	98	11	work-r3cv-d116cs/f120/pr_evt11	1	14	9	166	455.9	0.066367	0.16073	0	0	0.083443	0.03012	0	0	1	782	0.024096	0.096386	0.012048	0.012048	0.23451	0.018072	0	166	0.0060241	0.018072	0.25086	0.012048	0	166	0	0	0.23178	0	0	166
713	98	12	work-r3cv-d116cs/f120/pr_evt12	0																																		
713	98	13	work-r3cv-d116cs/f120/pr_evt13	1	27	2	8	307.24	0	0.30267	0	0	0.11173	0	3.2547	1	1	10	0.5	0	0	0	0.015114	0	0	8	0	0	0.095649	0	0	8	0	0	0.22502	0	0	8
713	98	15	work-r3cv-d116cs/f120/pr_evt15	0																																		
713	98	22	work-r3cv-d116cs/f120/pr_evt22	1	10	7	124	479.24	0.02065	0.28925	0.032258	0	0.14235	0.0080645	2.0866	1	0.94593	712	0.056452	0.08871	0	0	0.2517	0.016129	0	124	0.0080645	0.0080645	0.22166	0.016129	0	124	0	0	0.23336	0.017241	0.064516	116
713	98	30	work-r3cv-d116cs/f120/pr_evt30	1	32	18	359	1598.8	0.31938	0.20477	0.019499	0.019499	0.10571	0.033426	0.62545	1	0.99971	1922	0.030641	0.10306	0.02507	0.02507	0.22777	0	0	359	0.027933	0.027933	0.26832	0	0.0027855	358	0.022284	0.022284	0.20409	0	0	359
713	98	31	work-r3cv-d116cs/f120/pr_evt31	0																																		
713	98	33	work-r3cv-d116cs/f120/pr_evt33	0																																		
713	98	36	work-r3cv-d116cs/f120/pr_evt36	1	18	7	120	1039.4	0.14489	0.35768	0	0	0.078251	0.0083333	0	0	1	517	0	0.083333	0	0	0.24236	0	0	120	0.0083333	0.0083333	0.23845	0	0	120	0	0	0.22355	0	0	120
713	98	37	work-r3cv-d116cs/f120/pr_evt37	1	32	4	438	1061.4	0.043643	0.010911	0.022831	0	0.21271	0.0022831	0	0	0.52905	5519	0.0068493	0.031963	0	0	0.27429	0	0	438	0.0091533	0.0022883	0.23233	0	0.0022831	437	0.006865	0	0.23142	0	0.0022831	437
713	98	41	work-r3cv-d116cs/f120/pr_evt41	1	5	14	510	1539	0.3028	0.21014	0.0019608	0	0.11179	0.0019608	0.64977	1	0.96379	2900	0.017647	0.062745	0.0019608	0	0.25836	0	0	510	0.0019608	0.0019608	0.24347	0	0	510	0	0	0.23077	0	0.0058824	507
713	98	42	work-r3cv-d116cs/f120/pr_evt42	0																																		
713	98	45	work-r3cv-d116cs/f120/pr_evt45	1	8	3	146	415.77	0.15508	0.062957	0.027397	0	0.34214	0.020548	0	0	0.29471	1565	0.013699	0.082192	0.020548	0.0068493	0.2592	0	0	146	0.020548	0.013699	0.26127	0	0	146	0.020548	0.020548	0.2541	0	0	146
713	98	46	work-r3cv-d116cs/f120/pr_evt46	0																																		
713	98	48	work-r3cv-d116cs/f120/pr_evt48	0																																		
713	98	49	work-r3cv-d116cs/f120/pr_evt49	0																																		
713	98	5	work-r3cv-d116cs/f120/pr_evt5	0																																		
713	16	1	work-r3cv-d116cs/f121/pr_evt1	1	9	28	596	2167.4	0.28247	0.24355	0.078859	0	0.21465	0.015101	1.3841	3	0.79822	4251	0.078859	0.16779	0.013423	0.0067114	0.23524	0.0016779	0	596	0.028765	0.0067682	0.27673	0.001692	0.0083893	591	0.008726	0	0.21393	0.0017452	0.038591	573
713	16	14	work-r3cv-d116cs/f121/pr_evt14	1	10	4	810	1393.8	0.26668	0.25654	0.0061728	0	0.18072	0.0061728	0	0	0.58591	9587	0	0.011111	0.0061728	0.0061728	0.25648	0	0	810	0.0024814	0	0.25288	0	0.0049383	806	0	0	0.23233	0	0.0049383	806
713	16	21	work-r3cv-d116cs/f121/pr_evt21	1	5	6	142	362.84	0.27493	0.26921	0	0	0.072777	0	0	0	0.99538	699	0	0.14085	0	0	0.23642	0	0	142	0	0	0.27935	0	0	142	0	0	0.21328	0	0.028169	138
713	16	25	work-r3cv-d116cs/f121/pr_evt25	1	7	3	412	486.16	0.53112	0.24611	0.01699	0	0.12663	0	2.0569	1	0.81586	3212	0.012136	0.024272	0	0	0.22654	0	0.0024272	411	0	0	0.24705	0	0.043689	394	0	0	0.26404	0	0.1966	331
713	16	27	work-r3cv-d116cs/f121/pr_evt27	0																																		
713	16	29	work-r3cv-d116cs/f121/pr_evt29	1	17	22	90	1816.5	0.11101	0.075108	0	0	0.11279	0.022222	0.55052	1	1	276	0.066667	0.43333	0.022222	0.022222	0.26263	0	0	90	0.023256	0.023256	0.27885	0	0.044444	86	0	0	0.14405	0	0	90
713	16	32	work-r3cv-d116cs/f121/pr_evt32	0																																		
713	16	36	work-r3cv-d116cs/f121/pr_evt36	1	41	5	320	674.82	0.42368	0.26548	0.009375	0	0.060714	0.009375	0	0	0.99387	1800	0.00625	0.0375	0	0	0.23622	0.00625	0	320	0.0035088	0.0035088	0.2455	0.0070175	0.10938	285	0	0	0.25695	0.00625	0	320
713	16	37	work-r3cv-d116cs/f121/pr_evt37	1	7	3	396	978.62	0.12318	0.26256	0.032828	0	0.22926	0	2.0437	2	0.60377	5082	0.032828	0.032828	0	0	0.25761	0	0.010101	392	0.0050505	0	0.26887	0	0	396	0.002551	0	0.25982	0	0.010101	392
713	16	41	work-r3cv-d116cs/f121/pr_evt41	1	8	8	259	973.47	0.17368	0.18937	0.081081	0.03861	0.16593	0.003861	0	0	0.60343	1106	0	0.07722	0.007722	0.003861	0.24097	0	0	259	0	0	0.23619	0	0	259	0	0	0.24522	0	0.015444	255
713	16	43	work-r3cv-d116cs/f121/pr_evt43	1	14	14	775	3204.7	0.051569	0.31792	0.0012903	0	0.14492	0.003871	0.62409	2	0.60606	7796	0.020645	0.04	0.003881	0.0012937	0.23172	0	0.0025806	773	0.0025907	0.0025907	0.24531	0	0.003871	772	0.002594	0	0.24559	0	0.0051613	771
713	16	45	work-r3cv-d116cs/f121/pr_evt45	1	7	2	89	199.61	0.019223	0.0096114	0.033708	0	0.14013	0	0	0	0.98477	533	0.022472	0.078652	0	0	0.26486	0	0	89	0	0	0.2017	0	0	89	0	0	0.24795	0	0	89
713	16	5	work-r3cv-d116cs/f121/pr_evt5	1	1	1	510	908.45	0.10469	0.10469	0.0058824	0	0.056368	0.0019608	0	0	0.99481	2463	0.0039216	0.0098039	0.0039216	0.0019608	0.24105	0	0	510	0	0	0.25412	0	0.054902	482	0	0	0.25472	0	0.0058824	507
713	16	50	work-r3cv-d116cs/f121/pr_evt50	0																																		
713	50	13	work-r3cv-d116cs/f122/pr_evt13	0																																		
713	50	14	work-r3cv-d116cs/f122/pr_evt14	1	17	8	104	1207.9	0.068468	0.18148	0	0	0.1962	0	0	0	0.99245	461	0	0.25962	0	0	0.27442	0	0	104	0.019231	0	0.25987	0	0	104	0	0	0.18612	0	0	104
713	50	17	work-r3cv-d116cs/f122/pr_evt17	1	6	2	49	110.09	0.23733	0.15485	0.16327	0.020408	0.22937	0.12245	0	0	0.89396	220	0	0.12245	0	0.020408	0.26832	0.061224	0	49	0.15385	0.10256	0.2897	0	0.20408	39	0	0	0.22484	0	0	49
713	50	18	work-r3cv-d116cs/f122/pr_evt18	1	22	11	557	2949	0.16232	0.16809	0	0	0.069884	0	0	0	1	2784	0.016158	0.034111	0	0	0.25796	0	0	557	0	0	0.2519	0	0.050269	529	0	0	0.24563	0	0.0071813	553
713	50	19	work-r3cv-d116cs/f122/pr_evt19	1	16	4	290	585.25	0.069045	0.46057	0.0034483	0	0.15736	0.034483	1.7087	1	0.96729	1685	0.013793	0.051724	0.024306	0.017361	0.26606	0.013889	0.0068966	288	0.0035088	0.0035088	0.28135	0.014035	0.017241	285	0.010345	0.010345	0.24671	0.013793	0	290
713	50	2	work-r3cv-d116cs/f122/pr_evt2	1	22	22	1162	4880.9	0.23233	0.16577	0.028399	0	0.24653	0	0.81952	4	0.38381	17235	0.030981	0.10843	0.00086059	0	0.24123	0	0	1162	0.0034483	0	0.25018	0	0.0017212	1160	0.0043253	0	0.25184	0	0.0051635	1156
713	50	21	work-r3cv-d116cs/f122/pr_evt21	1	5	12	728	2418.7	0.15288	0.18623	0.010989	0	0.20169	0.010989	1.2404	3	0.58568	7635	0.027473	0.056319	0.0027548	0.0013774	0.24304	0	0.0027473	726	0.0055021	0.0055021	0.26153	0	0.0013736	727	0.0061444	0.0061444	0.23698	0.0015361	0.10577	651
713	50	29	work-r3cv-d116cs/f122/pr_evt29	1	6	1	71	78.347	0.0070832	0.0070832	0.014085	0	0.25959	0.028169	0	0	0.27872	822	0	0.028169	0	0	0.26255	0	0	71	0	0	0.16688	0	0	71	0.028169	0.028169	0.24586	0	0	71
713	50	3	work-r3cv-d116cs/f122/pr_evt3	0																																		
713	50	32	work-r3cv-d116cs/f122/pr_evt32	1	1	25	444	1932.6	0.17298	0.30261	0.078829	0.009009	0.19377	0.022523	2.0698	4	0.48992	4067	0.076577	0.19144	0.018059	0.015801	0.24413	0	0.0022523	443	0.027523	0.0045872	0.27	0	0.018018	436	0.018141	0.013605	0.23269	0	0.0067568	441
713	50	41	work-r3cv-d116cs/f122/pr_evt41	0																																		
713	50	45	work-r3cv-d116cs/f122/pr_evt45	0																																		
712	18	16	work-r3cv-d116cs/f123/pr_evt16	0																																		
712	18	20	work-r3cv-d116cs/f123/pr_evt20	1	12	9	353	759.14	0.32153	0.48822	0.01983	0	0.16012	0.025496	2.6346	2	0.95388	2010	0.048159	0.084986	0.014164	0.014164	0.25132	0	0	353	0.016997	0.016997	0.26884	0	0	353	0.011331	0.0056657	0.23519	0	0	353
712	18	24	work-r3cv-d116cs/f123/pr_evt24	0																																		
712	18	27	work-r3cv-d116cs/f123/pr_evt27	0																																		
712	18	33	work-r3cv-d116cs/f123/pr_evt33	1	15	18	358	2657.5	0.14078	0.054111	0.039106	0	0.16393	0	0	0	0.72121	3268	0.011173	0.11173	0	0	0.24904	0	0.0027933	357	0	0	0.25061	0	0	358	0	0	0.20942	0	0.094972	324
712	18	38	work-r3cv-d116cs/f123/pr_evt38	0																																		
712	18	39	work-r3cv-d116cs/f123/pr_evt39	1	11	3	103	168.91	0.00092483	0.00030828	0	0	0.061092	0.029126	0	0	1	582	0	0.029126	0	0	0.27375	0	0	103	0.029126	0.029126	0.24154	0	0	103	0	0	0.16663	0	0	103
712	18	49	work-r3cv-d116cs/f123/pr_evt49	0																																		
712	18	9	work-r3cv-d116cs/f123/pr_evt9	1	18	38	561	2990.3	0.096355	0.36207	0.051693	0	0.12183	0.033868	1.0032	3	0.92515	2966	0.067736	0.21212	0.028986	0.019928	0.24935	0	0.016043	552	0.030303	0.010695	0.24672	0	0	561	0.017825	0.01426	0.23904	0	0	561
715	22	1	work-r3cv-d116cs/f124/pr_evt1	1	6	7	218	496.34	0.053556	0.034129	0	0	0.1206	0	2.0148	1	0.94083	1424	0.055046	0.055046	0	0	0.24076	0	0.0045872	217	0	0	0.21349	0	0	218	0	0	0.21243	0	0.0045872	217
715	22	10	work-r3cv-d116cs/f124/pr_evt10	1	18	3	389	1129.6	0.15797	0.41479	0.010283	0.010283	0.07169	0.010283	0.8853	1	0.98837	1935	0.012853	0.025707	0	0	0.23817	0.010283	0	389	0	0	0.25792	0.010283	0	389	0	0	0.27586	0.010526	0.023136	380
715	22	16	work-r3cv-d116cs/f124/pr_evt16	0																																		
715	22	28	work-r3cv-d116cs/f124/pr_evt28	1	4	1	4	0.76711	0.098639	0.098639	0	0	0.14887	0	0	0	1	13	0	0	0	0	0.055408	0	0	4	0	0	0.061571	0	0	4	0	0	0.49066	0	0	4
715	22	34	work-r3cv-d116cs/f124/pr_evt34	0																																		
715	22	45	work-r3cv-d116cs/f124/pr_evt45	0																																		
715	22	6	work-r3cv-d116cs/f124/pr_evt6	1	11	1	82	134.76	0.00097178	0.00097178	0	0	0.38265	0	0	0	0.82449	685	0	0	0	0	0.23664	0	0	82	0	0	0.2428	0	0	82	0	0	0.27536	0	0	82
713	89	13	work-r3cv-d116cs/f125/pr_evt13	1	15	30	492	2318	0.15925	0.29079	0.036585	0	0.16096	0.018293	3.0199	7	0.94596	2494	0.085366	0.18902	0.01626	0.004065	0.23043	0.0020325	0	492	0.016293	0.010183	0.26676	0.0020367	0.0020325	491	0.01232	0.0061602	0.23939	0.0020534	0.010163	487
713	89	14	work-r3cv-d116cs/f125/pr_evt14	0																																		
713	89	17	work-r3cv-d116cs/f125/pr_evt17	1	12	4	133	695.44	0.090363	0.10003	0	0	0.079934	0	1.4379	1	0.99936	701	0.052632	0.045113	0	0	0.2309	0	0	133	0	0	0.26674	0	0	133	0	0	0.25044	0	0	133
713	89	22	work-r3cv-d116cs/f125/pr_evt22	1	6	5	348	913.54	0.051316	0.42434	0.0057471	0	0.11872	0.0028736	0	0	0.97749	2006	0.0057471	0.04023	0	0	0.24638	0	0	348	0.0030581	0.0030581	0.24894	0	0.060345	327	0	0	0.2496	0	0.0057471	346
713	89	24	work-r3cv-d116cs/f125/pr_evt24	1	11	3	497	1383.8	0.03898	0.029362	0.026157	0	0.17851	0.0040241	0	0	0.87344	3735	0	0.018109	0.0060606	0.0040404	0.25806	0	0.0040241	495	0	0	0.24828	0	0.036217	479	0	0	0.21006	0	0	497
713	89	26	work-r3cv-d116cs/f125/pr_evt26	1	17	23	605	1895	0.11316	0.25301	0.026446	0	0.22681	0.019835	2.1108	4	0.73667	4730	0.034711	0.1405	0.0049751	0.0033167	0.24969	0	0.0033058	603	0.021488	0.016529	0.27597	0	0	605	0.0016556	0.0016556	0.24254	0	0.0016529	604
713	89	29	work-r3cv-d116cs/f125/pr_evt29	1	7	17	211	945.83	0.34845	0.21397	0.0047393	0	0.10993	0.0094787	1.0573	1	0.96181	1011	0.042654	0.13744	0	0	0.24653	0	0	211	0.014563	0.0097087	0.25512	0	0.023697	206	0	0	0.15821	0	0.0047393	210
713	89	31	work-r3cv-d116cs/f125/pr_evt31	0																																		
713	89	32	work-r3cv-d116cs/f125/pr_evt32	0																																		
713	89	33	work-r3cv-d116cs/f125/pr_evt33	0																																		
713	89	34	work-r3cv-d116cs/f125/pr_evt34	1	22	10	193	699.81	0.18331	0.25765	0.0051813	0	0.19348	0.020725	2.8579	2	0.97344	991	0.046632	0.16062	0.020725	0	0.26976	0	0	193	0.036269	0.020725	0.25436	0	0	193	0.0051813	0	0.23253	0	0	193
713	89	4	work-r3cv-d116cs/f125/pr_evt4	0																																		
713	89	42	work-r3cv-d116cs/f125/pr_evt42	1	8	2	11	12.212	0.097951	0.29038	0	0	0.18331	0	0	0	1	44	0	0.27273	0	0	0.096278	0	0	11	0	0	0.34724	0	0	11	0	0	0.26857	0	0	11
713	89	46	work-r3cv-d116cs/f125/pr_evt46	0																																		
713	89	47	work-r3cv-d116cs/f125/pr_evt47	0																																		
713	89	48	work-r3cv-d116cs/f125/pr_evt48	1	18	4	436	847.15	0.017674	0.19286	0	0	0.22186	0.0022936	0	0	0.47879	5880	0	0.011468	0	0	0.24497	0	0	436	0.0022936	0.0022936	0.26816	0	0	436	0	0	0.22003	0	0.0091743	432
713	89	7	work-r3cv-d116cs/f125/pr_evt7	1	3	4	16	58.688	0.040508	0.14165	0	0	0.044827	0	17.039	1	1	50	0.25	0.25	0	0	0.37749	0	0	16	0	0	0.28528	0	0	16	0	0	0.17654	0	0	16
713	89	8	work-r3cv-d116cs/f125/pr_evt8	1	10	10	111	524.82	0.12234	0.1458	0	0	0.22674	0.009009	1.9054	1	0.9993	590	0.054054	0.27027	0	0	0.21523	0	0.018018	109	0.009009	0.009009	0.2727	0	0	111	0	0	0.18132	0	0	111
714	4	13	work-r3cv-d116cs/f126/pr_evt13	0																																		
714	4	23	work-r3cv-d116cs/f126/pr_evt23	0																																		
714	4	24	work-r3cv-d116cs/f126/pr_evt24	1	8	11	330	1409.9	0.26216	0.30255	0.0090909	0	0.10598	0.0030303	0	0	0.97266	1974	0.021212	0.069697	0	0	0.25255	0	0	330	0.00625	0.003125	0.261	0	0.030303	320	0	0	0.24672	0	0.015152	325
714	4	29	work-r3cv-d116cs/f126/pr_evt29	0																																		
714	4	36	work-r3cv-d116cs/f126/pr_evt36	0																																		
714	4	37	work-r3cv-d116cs/f126/pr_evt37	1	13	13	489	1476.3	0.22464	0.20462	0.006135	0	0.11776	0.002045	0	0	0.96554	3494	0.01636	0.05317	0	0	0.2437	0	0.00409	487	0	0	0.25214	0	0.00409	487	0.0020492	0.0020492	0.2392	0	0.002045	488
714	4	39	work-r3cv-d116cs/f126/pr_evt39	1	6	3	155	409.56	0.013052	0.11029	0.0064516	0	0.064273	0	0	0	0.9755	737	0	0.058065	0	0	0.25979	0	0	155	0	0	0.24912	0	0	155	0	0	0.22219	0	0.0064516	154
714	4	40	work-r3cv-d116cs/f126/pr_evt40	0																																		
714	4	45	work-r3cv-d116cs/f126/pr_evt45	0																																		
714	4	48	work-r3cv-d116cs/f126/pr_evt48	1	22	14	535	2636	0.47856	0.077129	0.0093458	0	0.16825	0.0037383	0.37936	1	0.73503	4466	0.031776	0.06729	0.0018692	0.0018692	0.23858	0	0	535	0.007722	0.0019305	0.24981	0	0.031776	518	0	0	0.25175	0	0.052336	507
714	4	50	work-r3cv-d116cs/f126/pr_evt50	0																																		
714	4	9	work-r3cv-d116cs/f126/pr_evt9	1	4	7	158	397.18	0.079911	0.014804	0.044304	0	0.11181	0.0063291	0	0	0.98521	818	0.025316	0.088608	0	0	0.22756	0	0	158	0.0063291	0.0063291	0.22659	0	0	158	0.0064103	0	0.22746	0	0.012658	156
713	28	11	work-r3cv-d116cs/f127/pr_evt11	0																																		
713	28	12	work-r3cv-d116cs/f127/pr_evt12	0																																		
713	28	13	work-r3cv-d116cs/f127/pr_evt13	1	23	21	766	2686.3	0.32807	0.25647	0.002611	0	0.09918	0.0091384	0	0	0.98974	3761	0.010444	0.077023	0.0013089	0.0013089	0.24066	0.0026178	0.002611	764	0.024869	0.0065445	0.26393	0.0026178	0.002611	764	0	0	0.23036	0.0026178	0.002611	764
713	28	17	work-r3cv-d116cs/f127/pr_evt17	1	7	25	127	942.6	0.079531	0.10723	0.086614	0	0.1168	0	1.0609	1	0.71403	694	0.17323	0.40157	0	0	0.25099	0	0.047244	121	0	0	0.28086	0.007874	0	127	0	0	0.11288	0	0.007874	126
713	28	2	work-r3cv-d116cs/f127/pr_evt2	1	7	16	177	1333.2	0.045905	0.17962	0.050847	0	0.098652	0.050847	1.5001	2	1	602	0.12429	0.20339	0.050847	0.050847	0.22348	0	0	177	0	0	0.25418	0	0	177	0.022599	0.016949	0.16294	0	0	177
713	28	20	work-r3cv-d116cs/f127/pr_evt20	0																																		
713	28	22	work-r3cv-d116cs/f127/pr_evt22	0																																		
713	28	23	work-r3cv-d116cs/f127/pr_evt23	1	15	24	464	1419.1	0.13011	0.25387	0.11207	0	0.24965	0.040948	2.8188	4	0.886	3230	0.0625	0.21121	0.012931	0.0064655	0.24619	0	0	464	0.043103	0.030172	0.26885	0	0	464	0.015086	0.0043103	0.19028	0	0	464
713	28	24	work-r3cv-d116cs/f127/pr_evt24	0																																		
713	28	3	work-r3cv-d116cs/f127/pr_evt3	1	15	5	553	875.84	0.24753	0.38136	0.005425	0	0.065067	0.0072333	0	0	0.99723	2693	0	0.028933	0	0	0.2538	0	0	553	0	0	0.2486	0	0	553	0.0072333	0.0072333	0.24206	0	0	553
713	28	30	work-r3cv-d116cs/f127/pr_evt30	1	3	6	292	882.62	0.0052068	0.15045	0	0	0.10716	0	1.133	1	1	1524	0.013699	0.058219	0	0	0.24954	0	0	292	0.0068493	0	0.26893	0	0	292	0	0	0.19428	0	0	292
713	28	31	work-r3cv-d116cs/f127/pr_evt31	0																																		
713	28	32	work-r3cv-d116cs/f127/pr_evt32	1	14	11	45	363.59	0	0.069682	0	0	0.086751	0.044444	5.5008	2	1	115	0.4	0.42222	0	0	0.29953	0	0	45	0.044444	0.044444	0.1675	0	0	45	0	0	0.0559	0	0	45
713	28	35	work-r3cv-d116cs/f127/pr_evt35	0																																		
713	28	4	work-r3cv-d116cs/f127/pr_evt4	1	15	9	117	879.49	0.00075279	0.18026	0.025641	0	0.21249	0.025641	1.137	1	0.99328	525	0.11966	0.19658	0.034188	0.025641	0.24516	0	0	117	0.03125	0	0.31485	0	0.17949	96	0	0	0.24554	0	0	117
713	28	6	work-r3cv-d116cs/f127/pr_evt6	0																																		
713	28	8	work-r3cv-d116cs/f127/pr_evt8	1	19	9	124	758.74	0.092305	0.18255	0	0	0.052477	0	1.318	1	1	494	0.048387	0.1371	0	0	0.26871	0	0	124	0	0	0.28878	0	0	124	0	0	0.17963	0	0	124
719	14	17	work-r3cv-d116cs/f128/pr_evt17	1	83	6	221	762.04	0.25709	0.50364	0.013575	0	0.11133	0.013575	0	0	0.99616	1205	0.0181	0.099548	0.0045249	0.0045249	0.24576	0.0090498	0	221	0	0	0.24879	0.0090498	0	221	0	0	0.25881	0.0090498	0	221
719	14	3	work-r3cv-d116cs/f128/pr_evt3	0																																		
719	14	32	work-r3cv-d116cs/f128/pr_evt32	0																																		
719	14	37	work-r3cv-d116cs/f128/pr_evt37	0																																		
719	14	40	work-r3cv-d116cs/f128/pr_evt40	0																																		
719	14	42	work-r3cv-d116cs/f128/pr_evt42	1	5	1	4	0.85215	0.053054	0.053054	0	0	0.22553	0	0	0	1	11	0	0	0	0	0.1778	0	0	4	0	0	0.37716	0	0	4	0	0	0.30183	0	0	4
719	14	45	work-r3cv-d116cs/f128/pr_evt45	1	13	5	417	1003	0.11184	0.29081	0.014388	0	0.10408	0.016787	1.994	2	0.64164	2955	0.026379	0.057554	0.01199	0.0071942	0.26386	0	0	417	0.0095923	0.0071942	0.26097	0	0	417	0.016827	0.0072115	0.24455	0	0.0023981	416
719	14	48	work-r3cv-d116cs/f128/pr_evt48	0																																		
719	14	7	work-r3cv-d116cs/f128/pr_evt7	0																																		
719	14	8	work-r3cv-d116cs/f128/pr_evt8	0																																		
719	8	17	work-r3cv-d116cs/f129/pr_evt17	0																																		
719	8	18	work-r3cv-d116cs/f129/pr_evt18	0																																		
719	8	32	work-r3cv-d116cs/f129/pr_evt32	1	8	1	754	1277.3	0.30092	0.30092	0.015915	0.0026525	0.1959	0	0.78289	1	0.6066	8325	0.017241	0.019894	0.0026525	0	0.24848	0	0	754	0	0	0.23256	0	0	754	0	0	0.23509	0	0.0066313	749
719	8	33	work-r3cv-d116cs/f129/pr_evt33	1	18	3	477	950.15	0.55446	0.18659	0.0062893	0	0.087153	0.010482	0	0	0.99244	2696	0.0020964	0.010482	0	0	0.25508	0	0	477	0.0021231	0.0021231	0.24068	0	0.012579	471	0.0084034	0.0084034	0.24817	0	0.0020964	476
719	8	34	work-r3cv-d116cs/f129/pr_evt34	0																																		
719	8	43	work-r3cv-d116cs/f129/pr_evt43	0																																		
719	8	46	work-r3cv-d116cs/f129/pr_evt46	1	6	19	365	1254	0.27302	0.32065	0.065753	0	0.18161	0.032877	0.79745	1	0.91205	2139	0.043836	0.20548	0.010959	0.010959	0.26829	0.0054795	0	365	0.010959	0.0054795	0.24885	0.0054795	0	365	0.013774	0.011019	0.22629	0.0055096	0.0054795	363
719	8	47	work-r3cv-d116cs/f129/pr_evt47	1	26	5	61	830.9	0.44013	0.41265	0.14754	0.065574	0.26635	0.19672	1.2035	1	0.91287	289	0.13115	0.31148	0	0	0.27964	0	0	61	0.11475	0.098361	0.25629	0	0	61	0.13115	0.098361	0.20448	0	0	61
719	8	7	work-r3cv-d116cs/f129/pr_evt7	1	12	18	271	1489	0.02657	0.048993	0	0	0.082379	0.00369	2.0148	3	0.99679	1257	0.059041	0.16974	0	0	0.25847	0.00369	0	271	0.00369	0	0.23782	0.00369	0	271	0	0	0.19336	0.00369	0	271
712	94	11	work-r3cv-d116cs/f130/pr_evt11	1	12	15	179	1407.6	0.16746	0.10049	0	0	0.11562	0	0.71042	1	0.99751	940	0.044693	0.18436	0.0055866	0	0.24165	0	0	179	0.0055866	0	0.27578	0	0	179	0	0	0.14876	0	0	179
712	94	14	work-r3cv-d116cs/f130/pr_evt14	1	6	4	187	570.16	0.12533	0.05779	0	0	0.15763	0.010695	0	0	0.58015	1405	0.016043	0.080214	0	0	0.26707	0.0053476	0	187	0.0053476	0.0053476	0.27364	0.0053476	0	187	0.0053476	0	0.20225	0.0053476	0	187
712	94	16	work-r3cv-d116cs/f130/pr_evt16	1	43	11	190	1871	0.42624	0.51556	0.057895	0	0.38479	0.047368	0.53449	1	0.63479	1467	0.063158	0.18421	0.052632	0.010526	0.25593	0	0	190	0.043011	0.016129	0.26112	0	0.021053	186	0.016484	0.016484	0.25718	0.010989	0.042105	182
712	94	18	work-r3cv-d116cs/f130/pr_evt18	1	8	15	281	995.82	0.30521	0.1346	0.024911	0.010676	0.068117	0.053381	3.0126	3	0.98412	1152	0.067616	0.092527	0.0071174	0.014235	0.23875	0.049822	0	281	0	0	0.25677	0	0	281	0	0	0.21393	0	0.014235	277
712	94	22	work-r3cv-d116cs/f130/pr_evt22	1	81	10	524	1509.1	0.39002	0.3084	0.041985	0	0.078256	0.017176	0.66265	1	0.88445	3076	0.0076336	0.10687	0.017176	0.015267	0.24497	0	0	524	0.0038388	0.0019194	0.23781	0	0.0057252	521	0.0019608	0	0.25196	0	0.026718	510
712	94	23	work-r3cv-d116cs/f130/pr_evt23	1	9	4	72	166.13	0.013027	0.081116	0	0	0.11456	0.013889	0	0	1	331	0.027778	0.13889	0	0	0.20736	0	0	72	0.013889	0.013889	0.24552	0	0	72	0	0	0.24058	0	0	72
712	94	24	work-r3cv-d116cs/f130/pr_evt24	0																																		
712	94	25	work-r3cv-d116cs/f130/pr_evt25	1	18	11	206	1824.8	0.055935	0.079606	0	0	0.093151	0	1.096	2	1	959	0.043689	0.097087	0	0	0.18388	0	0	206	0	0	0.25861	0	0.019417	202	0	0	0.23516	0	0.0048544	205
712	94	30	work-r3cv-d116cs/f130/pr_evt30	0																																		
712	94	37	work-r3cv-d116cs/f130/pr_evt37	0																																		
712	94	38	work-r3cv-d116cs/f130/pr_evt38	0																																		
712	94	44	work-r3cv-d116cs/f130/pr_evt44	0																																		
712	94	45	work-r3cv-d116cs/f130/pr_evt45	0																																		
712	94	47	work-r3cv-d116cs/f130/pr_evt47	0																																		
712	94	48	work-r3cv-d116cs/f130/pr_evt48	0																																		
712	94	49	work-r3cv-d116cs/f130/pr_evt49	0																																		
712	94	5	work-r3cv-d116cs/f130/pr_evt5	0																																		
712	94	7	work-r3cv-d116cs/f130/pr_evt7	1	12	2	108	122.98	0.24371	0.37856	0.064815	0	0.15557	0.0092593	0	0	0.99261	586	0	0.074074	0	0	0.22992	0	0	108	0.0092593	0.0092593	0.27841	0	0	108	0	0	0.281	0	0	108
712	94	9	work-r3cv-d116cs/f130/pr_evt9	1	9	10	383	1031.2	0.33122	0.21899	0.049608	0	0.13607	0	0	0	0.86566	2346	0.013055	0.08094	0	0	0.24214	0	0	383	0.002611	0	0.25965	0	0	383	0	0	0.2465	0	0.010444	379
715	23	1	work-r3cv-d116cs/f131/pr_evt1	1	8	8	755	2280.9	0.10676	0.32351	0.010596	0.002649	0.23406	0	0	0	0.31534	14433	0	0.029139	0.001328	0	0.26092	0	0.002649	753	0.0013889	0	0.24992	0	0.046358	720	0.0013643	0	0.25417	0	0.029139	733
715	23	10	work-r3cv-d116cs/f131/pr_evt10	0																																		
715	23	17	work-r3cv-d116cs/f131/pr_evt17	0																																		
715	23	21	work-r3cv-d116cs/f131/pr_evt21	1	20	3	12	329.45	0.16807	0.056025	0	0	0.074445	0	0	0	1	32	0.16667	0.16667	0	0	0.18098	0	0	12	0	0	0.21641	0	0	12	0	0	0.16281	0	0	12
715	23	22	work-r3cv-d116cs/f131/pr_evt22	1	7	1	66	101.5	0.07633	0.07633	0.015152	0	0.24906	0	0	0	0.87759	517	0	0.060606	0	0	0.24103	0	0	66	0	0	0.25136	0	0	66	0	0	0.25944	0	0	66
715	23	28	work-r3cv-d116cs/f131/pr_evt28	1	9	6	355	962.64	0.018326	0.025268	0.0028169	0	0.073771	0.0028169	0	0	0.99085	1842	0	0.056338	0.0028169	0.0028169	0.22932	0	0	355	0.0028169	0.0028169	0.25125	0	0	355	0.0028249	0.0028249	0.23275	0	0.0028169	354
715	23	32	work-r3cv-d116cs/f131/pr_evt32	0																																		
715	23	33	work-r3cv-d116cs/f131/pr_evt33	0																																		
715	23	34	work-r3cv-d116cs/f131/pr_evt34	0																																		
715	23	49	work-r3cv-d116cs/f131/pr_evt49	0																																		
713	83	12	work-r3cv-d116cs/f132/pr_evt12	0																																		
713	83	14	work-r3cv-d116cs/f132/pr_evt14	0																																		
713	83	15	work-r3cv-d116cs/f132/pr_evt15	0																																		
713	83	17	work-r3cv-d116cs/f132/pr_evt17	1	26	23	162	1554.5	0.085001	0.2976	0.037037	0.024691	0.11022	0.074074	0.64331	1	0.99828	581	0.024691	0.22222	0.012346	0.012346	0.25555	0.024691	0	162	0.012346	0.012346	0.27212	0.024691	0	162	0.019868	0.039735	0.11009	0.05298	0.067901	151
713	83	33	work-r3cv-d116cs/f132/pr_evt33	1	20	11	772	2521.4	0.038263	0.14325	0.10622	0.024611	0.24961	0.022021	1.1898	3	0.55552	8050	0.033679	0.066062	0.010363	0	0.25963	0	0	772	0.020833	0.0078125	0.27218	0	0.0051813	768	0.016905	0.014304	0.23985	0	0.003886	769
713	83	38	work-r3cv-d116cs/f132/pr_evt38	0																																		
713	83	40	work-r3cv-d116cs/f132/pr_evt40	1	15	12	117	695.86	0.017667	0.095848	0	0	0.14535	0.017094	2.8742	2	1	446	0.13675	0.23932	0	0	0.27501	0.008547	0	117	0	0	0.20718	0.008547	0	117	0.008547	0.008547	0.20472	0	0	117
713	83	43	work-r3cv-d116cs/f132/pr_evt43	1	22	2	395	735.09	0.37842	0.68921	0.0025316	0	0.15228	0.027848	4.0812	3	0.91273	2453	0.035443	0.048101	0.015228	0.01269	0.23331	0.010152	0.0025316	394	0.0075949	0.0025316	0.23135	0.010127	0	395	0.0086455	0.0028818	0.28012	0.011527	0.12152	347
713	83	46	work-r3cv-d116cs/f132/pr_evt46	0																																		
713	83	5	work-r3cv-d116cs/f132/pr_evt5	0																																		
719	43	13	work-r3cv-d116cs/f133/pr_evt13	1	5	9	130	421.99	0.013996	0.0015551	0.023077	0	0.10121	0	2.3697	1	0.9931	604	0.061538	0.21538	0	0	0.23967	0	0	130	0	0	0.25456	0	0	130	0	0	0.21332	0	0	130
719	43	2	work-r3cv-d116cs/f133/pr_evt2	0																																		
719	43	25	work-r3cv-d116cs/f133/pr_evt25	1	19	9	532	1460.3	0.30475	0.14719	0.013158	0	0.17746	0	1.3695	2	0.913	3447	0.020677	0.075188	0	0	0.24907	0	0.0037594	530	0	0	0.23581	0	0	532	0.0038023	0	0.23451	0	0.011278	526
719	43	26	work-r3cv-d116cs/f133/pr_evt26	1	6	1	111	126.34	0.078161	0.078161	0	0	0.082137	0	0	0	0.99114	609	0.009009	0	0	0	0.24441	0	0	111	0	0	0.24051	0	0	111	0	0	0.25158	0	0	111
719	43	28	work-r3cv-d116cs/f133/pr_evt28	0																																		
719	43	3	work-r3cv-d116cs/f133/pr_evt3	1	8	8	366	995.65	0.022482	0.32949	0.016393	0	0.095536	0.0054645	0	0	0.99727	1764	0.0054645	0.071038	0.0055096	0.0027548	0.24364	0	0.0081967	363	0.0081967	0.0054645	0.23989	0	0	366	0.0027624	0	0.23754	0	0.010929	362
719	43	36	work-r3cv-d116cs/f133/pr_evt36	1	22	9	223	1577.9	0.16124	0.099179	0.071749	0.0089686	0.2226	0.03139	1.9013	3	0.80645	1763	0.089686	0.20179	0.053812	0.03139	0.27792	0	0	223	0.03139	0	0.26659	0	0	223	0	0	0.2152	0	0.035874	215
719	43	41	work-r3cv-d116cs/f133/pr_evt41	1	1	1	31	36.098	0.005182	0.005182	0	0	0.19842	0	0	0	1	148	0	0.096774	0	0	0.33363	0	0	31	0	0	0.26928	0	0	31	0	0	0.26997	0	0	31
719	43	42	work-r3cv-d116cs/f133/pr_evt42	1	8	2	104	276.97	0.0049209	0.01389	0	0	0.079778	0	0	0	1	541	0.0096154	0	0	0	0.20053	0	0	104	0	0	0.26939	0	0.0096154	103	0	0	0.22944	0	0	104
719	43	6	work-r3cv-d116cs/f133/pr_evt6	1	10	1	279	525.65	0.34646	0.34646	0.0681	0	0.17313	0	0	0	0.82566	2177	0.0071685	0.035842	0	0	0.27541	0	0.0035842	278	0.0035842	0	0.25966	0	0	279	0.011194	0	0.26932	0	0.039427	268
719	43	8	work-r3cv-d116cs/f133/pr_evt8	0																																		
719	61	11	work-r3cv-d116cs/f134/pr_evt11	0																																		
719	61	12	work-r3cv-d116cs/f134/pr_evt12	0																																		
719	61	16	work-r3cv-d116cs/f134/pr_evt16	0																																		
719	61	23	work-r3cv-d116cs/f134/pr_evt23	0																																		
719	61	24	work-r3cv-d116cs/f134/pr_evt24	0																																		
719	61	28	work-r3cv-d116cs/f134/pr_evt28	0																																		
719	61	29	work-r3cv-d116cs/f134/pr_evt29	0																																		
719	61	35	work-r3cv-d116cs/f134/pr_evt35	1	12	16	165	759.03	0.29239	0.27292	0.060606	0	0.26579	0.072727	3.9524	3	0.75186	1086	0.090909	0.23636	0.066667	0.036364	0.22283	0.018182	0	165	0.048485	0.024242	0.25373	0.018182	0	165	0.012121	0	0.21251	0.018182	0	165
719	61	36	work-r3cv-d116cs/f134/pr_evt36	0																																		
719	61	41	work-r3cv-d116cs/f134/pr_evt41	0																																		
719	61	45	work-r3cv-d116cs/f134/pr_evt45	1	26	9	36	300.77	0.15871	0.16888	0.055556	0	0.14768	0.083333	6.6496	2	1	78	0.33333	0.38889	0	0	0.19849	0.083333	0	36	0	0	0.30241	0.083333	0	36	0	0	0.010244	0.083333	0	36
719	61	49	work-r3cv-d116cs/f134/pr_evt49	1	19	3	175	268.09	0.0076314	0.049546	0	0	0.058448	0.0057143	0	0	0.99947	845	0.022857	0.028571	0.0057143	0.0057143	0.24386	0	0	175	0.0057143	0.0057143	0.20014	0	0	175	0.0057143	0.0057143	0.25349	0	0	175
719	61	8	work-r3cv-d116cs/f134/pr_evt8	0																																		
720	55	10	work-r3cv-d116cs/f135/pr_evt10	1	26	3	68	181.58	0.1549	0.051634	0	0	0.078521	0.044118	0	0	0.97898	329	0.029412	0.073529	0.044118	0.044118	0.24582	0.029412	0	68	0	0	0.20589	0.014706	0	68	0	0	0.19172	0.014706	0	68
720	55	11	work-r3cv-d116cs/f135/pr_evt11	1	85	22	181	1300.6	0.15115	0.29458	0.022099	0	0.17127	0.01105	0	0	0.78342	1115	0.022099	0.27624	0.01105	0.0055249	0.25881	0	0	181	0.027624	0.0055249	0.31329	0	0	181	0.0055556	0	0.22029	0	0.0055249	180
720	55	12	work-r3cv-d116cs/f135/pr_evt12	0																																		
720	55	13	work-r3cv-d116cs/f135/pr_evt13	1	8	3	146	237.61	0.011471	0.42452	0	0	0.071276	0.013699	0	0	1	666	0	0.034247	0.013699	0.013699	0.22781	0	0	146	0.0068493	0.0068493	0.23653	0	0	146	0.013699	0.0068493	0.24016	0	0	146
720	55	14	work-r3cv-d116cs/f135/pr_evt14	0																																		
720	55	15	work-r3cv-d116cs/f135/pr_evt15	0																																		
720	55	17	work-r3cv-d116cs/f135/pr_evt17	1	11	1	35	46.965	0.014801	0.014801	0.057143	0	0.24456	0	0	0	0.97204	205	0.028571	0.17143	0	0	0.26476	0	0	35	0	0	0.33343	0	0	35	0.057143	0	0.33724	0	0	35
720	55	22	work-r3cv-d116cs/f135/pr_evt22	0																																		
720	55	23	work-r3cv-d116cs/f135/pr_evt23	0																																		
720	55	27	work-r3cv-d116cs/f135/pr_evt27	1	19	9	135	740.7	0.0107	0.10986	0.022222	0	0.087713	0.014815	0	0	0.89998	757	0.02963	0.14815	0	0.0074074	0.21802	0.0074074	0	135	0	0.0074074	0.26258	0.022222	0	135	0	0	0.18242	0	0	135
720	55	30	work-r3cv-d116cs/f135/pr_evt30	1	11	3	155	487.16	0.15273	0.05091	0	0	0.047989	0	0	0	1	827	0	0.03871	0	0	0.24158	0	0	155	0	0	0.2429	0	0	155	0	0	0.19395	0	0	155
720	55	34	work-r3cv-d116cs/f135/pr_evt34	1	6	2	251	444.95	0.19322	0.15458	0.0039841	0.0039841	0.092257	0.091633	0	0	1	1092	0	0	0.0039841	0	0.23315	0.12351	0	251	0	0	0.23684	0	0	251	0	0	0.24617	0	0	251
720	55	48	work-r3cv-d116cs/f135/pr_evt48	1	16	21	813	3240.8	0.17297	0.31112	0.03567	0.00492	0.11329	0.01476	1.2343	4	0.92745	5159	0.0246	0.11439	0.0061501	0.00123	0.24234	0.00492	0	813	0.01107	0.0086101	0.23703	0.00492	0	813	0.0061881	0	0.21442	0.0049505	0.0061501	808
720	55	49	work-r3cv-d116cs/f135/pr_evt49	0																																		
720	55	8	work-r3cv-d116cs/f135/pr_evt8	1	7	6	348	1141.4	0.26789	0.5967	0.0086207	0	0.09388	0.0028736	0	0	0.84797	2058	0	0.043103	0	0	0.25967	0	0	348	0.0031546	0.0031546	0.27207	0	0.08908	317	0	0	0.24672	0	0.043103	333
713	30	1	work-r3cv-d116cs/f136/pr_evt1	1	2	17	464	1761.9	0.17629	0.17776	0.0043103	0	0.14133	0.0064655	1.7028	3	0.93451	2659	0.032328	0.075431	0.0064795	0.0021598	0.25101	0	0.0021552	463	0.013483	0.0067416	0.26346	0	0.040948	445	0.0043384	0	0.25119	0	0.0064655	461
713	30	10	work-r3cv-d116cs/f136/pr_evt10	1	12	3	379	806.07	0.11647	0.3574	0.013193	0	0.12909	0.010554	0	0	0.89023	2335	0	0.010554	0	0	0.24168	0	0	379	0.0026385	0.0026385	0.25138	0.0079156	0	379	0	0.0027701	0.24948	0.0055402	0.047493	361
713	30	12	work-r3cv-d116cs/f136/pr_evt12	1	2	2	63	69.957	0.0081144	0.39652	0.079365	0	0.079254	0.047619	0	0	1	290	0	0.047619	0.047619	0.047619	0.26939	0	0	63	0	0	0.20328	0	0	63	0	0	0.3023	0	0	63
713	30	13	work-r3cv-d116cs/f136/pr_evt13	0																																		
713	30	16	work-r3cv-d116cs/f136/pr_evt16	1	21	17	71	612.13	0.006925	0.23299	0.042254	0	0.15932	0.084507	6.5346	4	1	147	0.30986	0.42254	0.056338	0.042254	0.14705	0	0	71	0.028169	0.028169	0.33524	0	0	71	0.089552	0.089552	0.0091565	0	0.056338	67
713	30	19	work-r3cv-d116cs/f136/pr_evt19	0																																		
713	30	22	work-r3cv-d116cs/f136/pr_evt22	1	1	1	26	27.52	0.0057791	0.0057791	0	0	0.074156	0	0	0	1	145	0	0	0	0	0.26603	0	0	26	0	0	0.25797	0	0	26	0	0	0.24891	0	0	26
713	30	26	work-r3cv-d116cs/f136/pr_evt26	1	20	30	757	3108.6	0.49969	0.30061	0.02642	0	0.20008	0.017173	1.2868	4	0.5946	6405	0.027741	0.11361	0.011905	0.0066138	0.26497	0	0.001321	756	0.019204	0.0096022	0.26126	0	0.036988	729	0.008	0.0066667	0.22484	0	0.009247	750
713	30	27	work-r3cv-d116cs/f136/pr_evt27	1	11	16	743	3069.2	0.063836	0.14612	0.0080754	0	0.10714	0.0026918	0.65164	2	0.88441	4648	0.018843	0.096904	0.0026918	0	0.25458	0	0	743	0.0040377	0.0026918	0.25958	0	0	743	0.0013532	0	0.24568	0	0.0053836	739
713	30	29	work-r3cv-d116cs/f136/pr_evt29	0																																		
713	30	30	work-r3cv-d116cs/f136/pr_evt30	0																																		
713	30	31	work-r3cv-d116cs/f136/pr_evt31	0																																		
713	30	33	work-r3cv-d116cs/f136/pr_evt33	0																																		
713	30	37	work-r3cv-d116cs/f136/pr_evt37	1	20	13	131	681.11	0.16338	0.18079	0.053435	0	0.28736	0.0076336	0	0	0.93328	757	0.015267	0.31298	0.0076336	0.0076336	0.25527	0	0	131	0.015267	0	0.28391	0	0	131	0.015267	0	0.23452	0	0	131
713	30	4	work-r3cv-d116cs/f136/pr_evt4	1	13	13	129	465.95	0.17586	0.19148	0.015504	0	0.16372	0.0077519	0	0	0.98717	596	0.03876	0.2093	0.0077519	0.0077519	0.1951	0	0	129	0.0077519	0.0077519	0.29037	0	0	129	0.0077519	0.0077519	0.24871	0	0	129
713	30	40	work-r3cv-d116cs/f136/pr_evt40	0																																		
713	30	42	work-r3cv-d116cs/f136/pr_evt42	0																																		
713	30	43	work-r3cv-d116cs/f136/pr_evt43	1	19	6	230	590.99	0.22853	0.30023	0.034783	0	0.16928	0.017391	3.3842	2	0.54904	2307	0.047826	0.078261	0.013043	0.013043	0.25273	0	0	230	0.0087719	0.0087719	0.25505	0	0.0086957	228	0.004386	0.004386	0.21675	0	0.0086957	228
713	30	46	work-r3cv-d116cs/f136/pr_evt46	1	18	9	46	1067.5	0.25759	0.03224	0	0	0.12467	0	0	0	0.99923	170	0	0.3913	0	0	0.24043	0	0	46	0	0	0.27428	0	0	46	0	0	0.10983	0	0	46
713	30	47	work-r3cv-d116cs/f136/pr_evt47	0																																		
713	30	48	work-r3cv-d116cs/f136/pr_evt48	1	14	7	357	810.23	0.11953	0.20568	0.033613	0	0.147	0.019608	1.2342	1	0.4562	2898	0.022409	0.07563	0.0028011	0.0028011	0.24516	0	0	357	0.019608	0.0028011	0.26955	0	0	357	0.019718	0.019718	0.2451	0	0.0056022	355
713	30	6	work-r3cv-d116cs/f136/pr_evt6	1	29	13	231	869.78	0.21542	0.27584	0.025974	0	0.35775	0.012987	0	0	0.91915	1318	0.034632	0.30736	0.017316	0.004329	0.27424	0	0	231	0.012987	0.004329	0.23854	0	0	231	0.004329	0.004329	0.23222	0	0	231
715	6	12	work-r3cv-d116cs/f137/pr_evt12	0																																		
715	6	15	work-r3cv-d116cs/f137/pr_evt15	1	2	4	91	360.1	0.090787	0.36913	0	0	0.21503	0.010989	0	0	0.92295	581	0.010989	0.12088	0	0	0.19444	0	0	91	0.010989	0.010989	0.20528	0	0	91	0	0	0.2068	0	0.043956	87
715	6	25	work-r3cv-d116cs/f137/pr_evt25	1	8	13	123	717.29	0.059821	0.15854	0	0	0.059555	0.0081301	0	0	1	557	0.04878	0.21951	0	0	0.23194	0.0081301	0	123	0.0081301	0.0081301	0.2714	0.0081301	0	123	0	0	0.13685	0.0081301	0	123
715	6	27	work-r3cv-d116cs/f137/pr_evt27	1	4	6	31	155.73	0.002912	0.022312	0	0	0.16261	0	6.4213	1	1	122	0.12903	0.32258	0	0	0.18839	0	0	31	0	0	0.075006	0	0	31	0	0	0.087437	0	0	31
715	6	28	work-r3cv-d116cs/f137/pr_evt28	0																																		
715	6	38	work-r3cv-d116cs/f137/pr_evt38	0																																		
715	6	39	work-r3cv-d116cs/f137/pr_evt39	0																																		
715	6	45	work-r3cv-d116cs/f137/pr_evt45	1	5	6	176	603.7	0.18483	0.21235	0.011364	0	0.15387	0.017045	1.6564	1	0.95572	1106	0.068182	0.125	0.011364	0.0056818	0.24755	0	0	176	0.020202	0.020202	0.2464	0	0.4375	99	0	0	0.23231	0	0.056818	166
715	6	47	work-r3cv-d116cs/f137/pr_evt47	0																																		
715	6	49	work-r3cv-d116cs/f137/pr_evt49	1	17	16	380	2192.4	0.27226	0.34355	0.12895	0.013158	0.44585	0.065789	3.6489	8	0.62491	3833	0.16842	0.23947	0.039788	0.034483	0.28329	0.005305	0.0078947	377	0.018421	0.010526	0.24854	0.0052632	0	380	0.034574	0.015957	0.2587	0.0053191	0.010526	376
715	6	5	work-r3cv-d116cs/f137/pr_evt5	1	6	3	382	847.56	0.34007	0.36884	0	0	0.066814	0.0026178	1.1799	1	1	1839	0.010471	0.018325	0	0	0.25997	0	0.0026178	381	0	0	0.23446	0	0	382	0	0.0026247	0.24462	0.0026247	0.0026178	381
715	6	50	work-r3cv-d116cs/f137/pr_evt50	0																																		
715	6	6	work-r3cv-d116cs/f137/pr_evt6	0																																		
715	6	7	work-r3cv-d116cs/f137/pr_evt7	0																																		
715	6	9	work-r3cv-d116cs/f137/pr_evt9	1	9	13	87	602.65	0.038846	0.16612	0	0	0.10664	0.011494	1.6593	1	1	362	0.11494	0.28736	0	0	0.29945	0	0.011494	86	0.011494	0.011494	0.29935	0	0	87	0	0	0.12523	0	0	87
713	77	1	work-r3cv-d116cs/f138/pr_evt1	0																																		
713	77	2	work-r3cv-d116cs/f138/pr_evt2	0																																		
713	77	20	work-r3cv-d116cs/f138/pr_evt20	1	4	5	702	1559.5	0.23936	0.24514	0.022792	0	0.20925	0	0.64122	1	0.44434	11189	0.008547	0.014245	0.0014245	0	0.24151	0	0	702	0	0	0.26327	0	0.047009	669	0.0014706	0	0.25883	0	0.031339	680
713	77	23	work-r3cv-d116cs/f138/pr_evt23	1	14	12	100	1649.7	0.086034	0.049478	0.04	0	0.17787	0.01	1.8185	3	0.68439	798	0.14	0.27	0.01	0.01	0.23578	0	0	100	0.011628	0.011628	0.25753	0	0.14	86	0	0	0.24702	0	0	100
713	77	33	work-r3cv-d116cs/f138/pr_evt33	1	109	8	272	644.6	0.098561	0.21586	0	0	0.090972	0.0036765	3.1027	2	0.999	1427	0.033088	0.077206	0.0036765	0.0036765	0.24046	0.0073529	0	272	0.0036765	0.0036765	0.22292	0.0073529	0	272	0.0037879	0.0037879	0.22712	0.0075758	0.029412	264
713	77	36	work-r3cv-d116cs/f138/pr_evt36	0																																		
713	77	38	work-r3cv-d116cs/f138/pr_evt38	0																																		
713	77	40	work-r3cv-d116cs/f138/pr_evt40	1	10	6	411	955.93	0.18682	0.41288	0.046229	0	0.23681	0.012165	4.1844	4	0.54554	3490	0.07056	0.12165	0.0072993	0	0.2524	0	0	411	0.0072993	0.0072993	0.26381	0	0	411	0.012376	0.0049505	0.26561	0	0.017032	404
713	77	42	work-r3cv-d116cs/f138/pr_evt42	1	53	3	360	844.58	0.069523	0.044126	0	0	0.10228	0.0027778	0	0	0.98093	1905	0.0055556	0.022222	0	0	0.22772	0	0.0027778	359	0	0	0.27433	0	0	360	0.0028011	0.0028011	0.25324	0	0.0083333	357
713	77	43	work-r3cv-d116cs/f138/pr_evt43	1	27	4	275	1129.6	0.046653	0.19461	0.2	0.13455	0.12384	0.28727	0	0	0.99689	1010	0.0036364	0.047273	0.0036364	0.0036364	0.26141	0	0	275	0.10909	0.11273	0.33484	0.19273	0	275	0.025455	0.018182	0.23319	0	0	275
713	77	46	work-r3cv-d116cs/f138/pr_evt46	0																																		
713	77	50	work-r3cv-d116cs/f138/pr_evt50	1	16	1	26	39.988	0.0020157	0.0020157	0	0	0.34263	0	0	0	0.97027	193	0	0	0	0	0.32574	0	0	26	0	0	0.18435	0	0	26	0	0	0.20955	0	0	26
713	77	8	work-r3cv-d116cs/f138/pr_evt8	1	89	8	129	489.91	0.14878	0.32506	0	0	0.11496	0.015504	2.0412	1	0.99658	570	0.03876	0.10853	0.007874	0	0.23604	0	0.015504	127	0.03876	0.015504	0.25509	0	0	129	0.0079365	0.0079365	0.21951	0	0.023256	126
717	29	11	work-r3cv-d116cs/f139/pr_evt11	1	27	79	2008	8796.3	0.39791	0.52233	0.13894	0.0094622	0.45556	0.073207	4.0926	36	0.44316	26308	0.13446	0.24851	0.041833	0.01992	0.2735	0	0	2008	0.061654	0.047619	0.27938	0	0.0064741	1995	0.04052	0.012006	0.25404	0	0.0044821	1999
717	29	18	work-r3cv-d116cs/f139/pr_evt18	0																																		
717	29	20	work-r3cv-d116cs/f139/pr_evt20	0																																		
717	29	24	work-r3cv-d116cs/f139/pr_evt24	0																																		
717	29	26	work-r3cv-d116cs/f139/pr_evt26	0																																		
717	29	29	work-r3cv-d116cs/f139/pr_evt29	1	14	38	524	3276.2	0.15566	0.23035	0.093511	0.045802	0.18134	0.051527	0.9157	3	0.91761	2512	0.072519	0.26718	0.070611	0.041985	0.24826	0	0	524	0.028791	0.0076775	0.28261	0	0.0057252	521	0.0057252	0.0038168	0.24776	0	0	524
717	29	31	work-r3cv-d116cs/f139/pr_evt31	0																																		
717	29	33	work-r3cv-d116cs/f139/pr_evt33	0																																		
717	29	37	work-r3cv-d116cs/f139/pr_evt37	1	18	44	846	4860	0.29346	0.38592	0.11702	0.0023641	0.39123	0.039007	3.9095	19	0.68179	7441	0.12057	0.23286	0.040189	0.021277	0.26364	0.0059102	0	846	0.03	0.015	0.26412	0.00625	0.054374	800	0.022339	0.0065703	0.2172	0.0065703	0.10047	761
717	29	39	work-r3cv-d116cs/f139/pr_evt39	0																																		
717	29	4	work-r3cv-d116cs/f139/pr_evt4	0																																		
717	29	40	work-r3cv-d116cs/f139/pr_evt40	0																																		
717	29	42	work-r3cv-d116cs/f139/pr_evt42	0																																		
717	29	43	work-r3cv-d116cs/f139/pr_evt43	0																																		
717	29	45	work-r3cv-d116cs/f139/pr_evt45	0																																		
717	29	47	work-r3cv-d116cs/f139/pr_evt47	1	23	9	278	1919.3	0.068235	0.21546	0.010791	0	0.20971	0.014388	0	0	0.75371	2067	0.010791	0.14748	0.010791	0.0035971	0.27073	0	0	278	0.01083	0.0072202	0.26095	0	0.0035971	277	0.0071942	0.0035971	0.30334	0	0	278
717	29	6	work-r3cv-d116cs/f139/pr_evt6	1	14	9	36	467.89	0.15061	0.16733	0	0	0.13014	0	2.1372	1	1	72	0.22222	0.38889	0	0	0.087376	0	0	36	0	0	0.31206	0	0	36	0	0	0.0062772	0	0	36
717	29	7	work-r3cv-d116cs/f139/pr_evt7	0																																		
714	88	14	work-r3cv-d116cs/f140/pr_evt14	0																																		
714	88	22	work-r3cv-d116cs/f140/pr_evt22	0																																		
714	88	24	work-r3cv-d116cs/f140/pr_evt24	1	18	4	191	740.81	0.28204	0.4776	0.010471	0	0.11792	0	1.3499	1	0.99909	991	0.020942	0.068063	0	0	0.22068	0	0	191	0	0	0.25119	0	0	191	0	0	0.27236	0	0	191
714	88	25	work-r3cv-d116cs/f140/pr_evt25	0																																		
714	88	28	work-r3cv-d116cs/f140/pr_evt28	1	4	5	151	453.16	0.21614	0.39699	0.072848	0	0.38693	0	0	0	0.35035	2800	0.019868	0.086093	0	0	0.23073	0	0	151	0.0075758	0	0.24347	0	0.12583	132	0	0	0.23494	0	0	151
714	88	32	work-r3cv-d116cs/f140/pr_evt32	1	14	4	180	472.82	0.0015528	0.00038819	0	0	0.10568	0.022222	0	0	0.99059	1060	0.011111	0.055556	0	0	0.20117	0	0	180	0.022346	0.022346	0.26982	0	0.0055556	179	0	0	0.21812	0	0	180
714	88	33	work-r3cv-d116cs/f140/pr_evt33	1	8	13	200	1416.3	0.13864	0.11767	0.045	0	0.068233	0.055	0	0	0.90686	1042	0.01	0.12	0.005	0.005	0.26871	0	0	200	0.02	0.015	0.27451	0	0	200	0.045918	0.035714	0.17202	0	0.02	196
714	88	36	work-r3cv-d116cs/f140/pr_evt36	0																																		
719	29	1	work-r3cv-d116cs/f141/pr_evt1	1	25	11	259	1115.8	0.063261	0.11582	0.019305	0	0.17774	0.015444	0.89622	1	0.73325	2376	0.030888	0.084942	0	0	0.2096	0	0	259	0	0	0.26188	0	0.003861	258	0.015504	0.015504	0.21427	0	0.003861	258
719	29	12	work-r3cv-d116cs/f141/pr_evt12	0																																		
719	29	13	work-r3cv-d116cs/f141/pr_evt13	0																																		
719	29	19	work-r3cv-d116cs/f141/pr_evt19	1	6	3	251	496.21	0.0050711	0.012467	0.023904	0	0.086264	0	2.0153	1	0.99733	1268	0.015936	0.047809	0	0	0.24496	0	0	251	0	0	0.25247	0	0	251	0	0	0.22209	0	0.0039841	250
719	29	21	work-r3cv-d116cs/f141/pr_evt21	1	24	7	312	1048.9	0.12333	0.12327	0.0096154	0	0.13279	0.012821	0	0	0.9843	1763	0.0064103	0.054487	0.012821	0.012821	0.25966	0	0	312	0	0	0.27977	0	0	312	0	0	0.22195	0	0	312
719	29	22	work-r3cv-d116cs/f141/pr_evt22	0																																		
719	29	28	work-r3cv-d116cs/f141/pr_evt28	1	13	30	844	2537.3	0.28693	0.31104	0.06872	0	0.35041	0.015403	2.7589	7	0.698	6387	0.037915	0.22275	0.0082938	0	0.25226	0	0	844	0.015403	0.0094787	0.26427	0	0	844	0.014235	0.0071174	0.24127	0	0.0011848	843
719	29	30	work-r3cv-d116cs/f141/pr_evt30	0																																		
719	29	32	work-r3cv-d116cs/f141/pr_evt32	0																																		
719	29	36	work-r3cv-d116cs/f141/pr_evt36	0																																		
719	29	39	work-r3cv-d116cs/f141/pr_evt39	0																																		
719	29	4	work-r3cv-d116cs/f141/pr_evt4	0																																		
719	29	42	work-r3cv-d116cs/f141/pr_evt42	1	26	13	176	1020.6	0.34044	0.16481	0.011364	0	0.18494	0.017045	0	0	0.522	1944	0	0.20455	0.011364	0.011364	0.22756	0	0	176	0.0056818	0.0056818	0.23197	0	0	176	0	0	0.24173	0	0	176
719	29	46	work-r3cv-d116cs/f141/pr_evt46	1	7	4	45	403.37	0.0016023	0.18052	0	0	0.10207	0	0	0	1	241	0	0.088889	0	0	0.20796	0	0	45	0	0	0.34019	0	0.088889	41	0	0	0.20617	0	0	45
719	29	49	work-r3cv-d116cs/f141/pr_evt49	1	17	14	783	2005.6	0.046607	0.096587	0.012771	0	0.11969	0.0038314	0.4986	1	0.8115	5049	0.011494	0.10728	0.0051086	0.0012771	0.2486	0	0	783	0.0025543	0.0025543	0.27014	0	0	783	0.0012804	0	0.24952	0	0.0025543	781
713	57	15	work-r3cv-d116cs/f142/pr_evt15	0																																		
713	57	18	work-r3cv-d116cs/f142/pr_evt18	0																																		
713	57	20	work-r3cv-d116cs/f142/pr_evt20	1	1	1	101	167.86	0.021857	0.021857	0.029703	0	0.29809	0	0	0	0.71109	1021	0.009901	0.009901	0	0	0.22357	0	0	101	0	0	0.21794	0	0	101	0	0	0.28112	0	0	101
713	57	21	work-r3cv-d116cs/f142/pr_evt21	0																																		
713	57	24	work-r3cv-d116cs/f142/pr_evt24	0																																		
713	57	25	work-r3cv-d116cs/f142/pr_evt25	0																																		
713	57	27	work-r3cv-d116cs/f142/pr_evt27	1	15	8	297	920.66	0.095679	0.22013	0.043771	0.003367	0.074788	0.023569	0	0	0.74104	1817	0.003367	0.10438	0.010101	0.010101	0.24931	0	0	297	0.016892	0.016892	0.27845	0	0.003367	296	0.003367	0.003367	0.19023	0	0	297
713	57	29	work-r3cv-d116cs/f142/pr_evt29	1	10	7	118	958.83	0.17137	0.32272	0.033898	0	0.093945	0.016949	2.0859	2	1	649	0.076271	0.10169	0	0	0.25381	0	0	118	0.016949	0.016949	0.2795	0	0	118	0	0	0.18877	0	0	118
713	57	3	work-r3cv-d116cs/f142/pr_evt3	1	12	5	63	264.57	0.057247	0.14875	0	0	0.096387	0	3.7797	1	0.97419	360	0.12698	0.14286	0	0	0.22704	0	0	63	0	0	0.29971	0	0	63	0	0	0.13788	0	0	63
713	57	32	work-r3cv-d116cs/f142/pr_evt32	1	4	5	269	731.05	0.20355	0.1771	0.040892	0	0.22511	0	1.3679	1	0.61071	3100	0.018587	0.04461	0.0074349	0	0.22361	0	0	269	0.0090909	0	0.26233	0	0.18216	220	0.0074349	0	0.25264	0	0	269
713	57	34	work-r3cv-d116cs/f142/pr_evt34	0																																		
713	57	46	work-r3cv-d116cs/f142/pr_evt46	0																																		
713	57	50	work-r3cv-d116cs/f142/pr_evt50	0																																		
713	8	10	work-r3cv-d116cs/f143/pr_evt10	1	2	1	143	175.29	0.047682	0.047682	0.020979	0	0.31774	0.006993	0	0	0.62426	1095	0	0	0.006993	0.006993	0.26659	0	0	143	0	0	0.23644	0	0	143	0	0	0.24464	0	0	143
713	8	12	work-r3cv-d116cs/f143/pr_evt12	1	12	2	380	873.63	0.64372	0.33607	0	0	0.10632	0.0026316	0	0	0.9806	2014	0.0052632	0.018421	0	0	0.25694	0	0.0052632	378	0	0	0.25831	0	0	380	0.0080214	0.0026738	0.25951	0	0.015789	374
713	8	18	work-r3cv-d116cs/f143/pr_evt18	1	2	1	15	14.524	0.099119	0.099119	0	0	0.21168	0	0	0	0.833	150	0	0	0	0	0.27079	0	0	15	0	0	0.20999	0	0	15	0	0	0.22026	0	0	15
713	8	19	work-r3cv-d116cs/f143/pr_evt19	1	9	13	216	993.61	0.21692	0.10004	0.0046296	0	0.11302	0	1.0064	1	0.99332	1067	0.041667	0.1713	0.0046296	0	0.22859	0	0	216	0.0046296	0	0.26266	0	0	216	0.0046296	0	0.22503	0	0	216
713	8	26	work-r3cv-d116cs/f143/pr_evt26	1	13	20	271	1566.9	0.16679	0.17355	0.03321	0	0.21846	0.02952	0.63821	1	0.95705	1576	0.04797	0.23985	0.02214	0.01845	0.25979	0	0	271	0.01476	0.01107	0.23777	0.0073801	0	271	0	0	0.23535	0.0074906	0.01476	267
713	8	29	work-r3cv-d116cs/f143/pr_evt29	1	14	40	850	3334.5	0.34742	0.38201	0.08	0.0023529	0.3796	0.024706	2.699	9	0.46794	13257	0.065882	0.25765	0.016888	0.0084439	0.25632	0	0.024706	829	0.021176	0.010588	0.27137	0	0	850	0.020311	0.0059737	0.26319	0	0.015294	837
713	8	31	work-r3cv-d116cs/f143/pr_evt31	0																																		
713	8	32	work-r3cv-d116cs/f143/pr_evt32	1	20	20	492	2625.2	0.48868	0.13647	0.0081301	0	0.14215	0.01626	0.38093	1	0.65667	4103	0.02439	0.10163	0.010163	0.0020325	0.21152	0.004065	0	492	0.0040984	0.0040984	0.26212	0.0081967	0.0081301	488	0.0061475	0.0020492	0.22994	0.0040984	0.0081301	488
713	8	33	work-r3cv-d116cs/f143/pr_evt33	1	16	9	437	1714.1	0.1122	0.044731	0.011442	0	0.11867	0	0	0	0.68003	3691	0.011442	0.045767	0	0	0.24291	0	0.0091533	433	0	0	0.25673	0	0	437	0	0	0.19669	0	0.0045767	435
713	8	39	work-r3cv-d116cs/f143/pr_evt39	1	33	29	659	2989.7	0.33371	0.34199	0.030349	0	0.19028	0.018209	0.66896	2	0.92767	4376	0.034901	0.1654	0.015198	0.0030395	0.23171	0	0.0015175	658	0.031397	0.018838	0.24736	0	0.033384	637	0.007728	0	0.24591	0	0.018209	647
713	8	41	work-r3cv-d116cs/f143/pr_evt41	1	16	14	590	2810	0.010856	0.090637	0	0	0.15706	0.0016949	0.35588	1	0.61208	5838	0.011864	0.067797	0.0033898	0.0016949	0.23743	0	0	590	0.0016949	0.0016949	0.24528	0	0	590	0	0	0.23155	0	0.0050847	587
713	8	9	work-r3cv-d116cs/f143/pr_evt9	1	14	2	580	1333.6	0.016858	0.0084289	0.0051724	0	0.10886	0	0	0	0.98508	3990	0	0.0051724	0	0	0.26117	0	0	580	0	0	0.25402	0	0.0017241	579	0	0	0.25855	0	0.0086207	575
717	99	11	work-r3cv-d116cs/f144/pr_evt11	0																																		
717	99	12	work-r3cv-d116cs/f144/pr_evt12	0																																		
717	99	14	work-r3cv-d116cs/f144/pr_evt14	0																																		
717	99	15	work-r3cv-d116cs/f144/pr_evt15	0																																		
717	99	16	work-r3cv-d116cs/f144/pr_evt16	0																																		
717	99	24	work-r3cv-d116cs/f144/pr_evt24	1	6	3	321	575.01	0.0058526	0.24678	0.0093458	0	0.054104	0.0031153	0	0	1	1627	0	0.0093458	0.0031153	0.0031153	0.22162	0	0	321	0.0031153	0.0031153	0.24096	0	0	321	0	0	0.24324	0	0	321
717	99	27	work-r3cv-d116cs/f144/pr_evt27	1	9	9	70	496.65	0.39052	0.37904	0.085714	0	0.2973	0.028571	2.0135	1	0.39013	635	0.11429	0.25714	0	0	0.21971	0	0	70	0.057143	0.028571	0.29144	0	0	70	0	0	0.15819	0	0	70
717	99	31	work-r3cv-d116cs/f144/pr_evt31	1	1	12	84	455.2	0.0085439	0.085177	0	0	0.12138	0.011905	0	0	1	315	0.047619	0.27381	0	0	0.23137	0.011905	0	84	0	0.0125	0.19354	0.0125	0.047619	80	0	0	0.19357	0.011905	0	84
717	99	43	work-r3cv-d116cs/f144/pr_evt43	0																																		
717	99	47	work-r3cv-d116cs/f144/pr_evt47	1	12	14	420	1168.9	0.01941	0.13553	0.033333	0	0.20678	0	2.5664	3	0.79746	2667	0.085714	0.12381	0	0	0.25252	0	0	420	0	0	0.24807	0	0.042857	402	0	0	0.1942	0	0	420
713	67	16	work-r3cv-d116cs/f145/pr_evt16	0																																		
713	67	2	work-r3cv-d116cs/f145/pr_evt2	0																																		
713	67	21	work-r3cv-d116cs/f145/pr_evt21	0																																		
713	67	31	work-r3cv-d116cs/f145/pr_evt31	1	96	77	1244	5286.3	0.40148	0.26133	0.069936	0.0096463	0.26903	0.04582	0.75668	4	0.77594	9511	0.044212	0.2717	0.041363	0.03163	0.25387	0.00081103	0.0088424	1233	0.02492	0.016881	0.24289	0.00080386	0	1244	0.011272	0.0088567	0.24383	0.00080515	0.0016077	1242
713	67	34	work-r3cv-d116cs/f145/pr_evt34	1	18	4	157	417.41	0.38674	0.30933	0.038217	0	0.14788	0.012739	0	0	0.96086	816	0.025478	0.076433	0.0063694	0	0.20772	0	0	157	0.0063694	0.0063694	0.2612	0	0	157	0.025478	0.0063694	0.24621	0	0	157
713	67	36	work-r3cv-d116cs/f145/pr_evt36	1	10	4	83	304.1	0.12345	0.28701	0.072289	0	0.12238	0	0	0	0.99551	400	0.024096	0.084337	0	0	0.24731	0	0	83	0	0	0.24509	0	0.15663	70	0	0	0.26951	0	0	83
713	67	4	work-r3cv-d116cs/f145/pr_evt4	0																																		
713	67	42	work-r3cv-d116cs/f145/pr_evt42	0																																		
713	67	46	work-r3cv-d116cs/f145/pr_evt46	1	15	2	210	348.53	0.21028	0.37913	0.080952	0	0.28472	0.038095	5.7383	2	0.66755	1952	0.1	0.071429	0.028571	0.0047619	0.25862	0	0	210	0.052381	0.033333	0.25137	0	0	210	0.052632	0.023923	0.25147	0	0.0047619	209
713	67	5	work-r3cv-d116cs/f145/pr_evt5	0																																		
713	67	6	work-r3cv-d116cs/f145/pr_evt6	0																																		
713	67	7	work-r3cv-d116cs/f145/pr_evt7	1	19	6	242	821.44	0.31439	0.065386	0.028926	0	0.10478	0	1.2174	1	0.98489	1301	0.049587	0.16116	0	0	0.25699	0	0	242	0.0041322	0	0.25881	0	0	242	0	0	0.23567	0	0	242
720	20	17	work-r3cv-d116cs/f146/pr_evt17	1	15	10	431	1261.3	0.31697	0.10301	0.037123	0	0.24667	0.0023202	0.79286	1	0.6649	4378	0.018561	0.083527	0	0	0.26071	0	0	431	0	0	0.27121	0	0.0092807	427	0.006993	0.002331	0.2728	0	0.0046404	429
720	20	18	work-r3cv-d116cs/f146/pr_evt18	0																																		
720	20	19	work-r3cv-d116cs/f146/pr_evt19	0																																		
720	20	23	work-r3cv-d116cs/f146/pr_evt23	0																																		
720	20	24	work-r3cv-d116cs/f146/pr_evt24	0																																		
720	20	33	work-r3cv-d116cs/f146/pr_evt33	1	6	8	240	677.83	0.052454	0.29795	0	0	0.17212	0.0041667	1.4753	1	0.78378	1963	0.025	0.0625	0.0042017	0	0.23297	0	0.0083333	238	0.0041841	0.0041841	0.24363	0	0.0041667	239	0	0	0.24491	0	0.0875	219
720	20	37	work-r3cv-d116cs/f146/pr_evt37	1	10	4	74	161.15	0.18052	0.25992	0	0	0.071767	0	0	0	1	344	0.027027	0.067568	0	0	0.28298	0	0	74	0	0	0.25168	0	0	74	0	0	0.25604	0	0	74
720	20	43	work-r3cv-d116cs/f146/pr_evt43	0																																		
720	20	45	work-r3cv-d116cs/f146/pr_evt45	0																																		
720	20	46	work-r3cv-d116cs/f146/pr_evt46	1	23	6	610	1667.2	0.35991	0.13903	0.0065574	0	0.097261	0.004918	0.59979	1	0.60628	4526	0.013115	0.044262	0.0016393	0	0.23817	0	0	610	0.0038388	0.0019194	0.26054	0	0.1459	521	0.0049261	0.0032841	0.23478	0	0.0016393	609
720	20	50	work-r3cv-d116cs/f146/pr_evt50	1	8	2	8	12.985	0	0.020295	0	0	0.16547	0	0	0	1	22	0	0	0	0	0.13994	0	0	8	0	0	0.38293	0	0	8	0	0	0.02189	0	0	8
713	52	1	work-r3cv-d116cs/f147/pr_evt1	0																																		
713	52	19	work-r3cv-d116cs/f147/pr_evt19	0																																		
713	52	22	work-r3cv-d116cs/f147/pr_evt22	0																																		
713	52	23	work-r3cv-d116cs/f147/pr_evt23	1	6	1	105	170.91	0.06309	0.06309	0	0	0.075577	0	0	0	0.99958	473	0.019048	0	0	0	0.20984	0	0	105	0	0	0.26539	0	0.12381	92	0	0	0.25583	0	0	105
713	52	30	work-r3cv-d116cs/f147/pr_evt30	1	5	5	390	484.23	0.46623	0.40023	0	0	0.068909	0.0076923	0	0	0.99966	1919	0	0.035897	0.0051282	0.0051282	0.24443	0	0	390	0.0076923	0.0076923	0.24609	0	0	390	0	0	0.24878	0	0.0025641	389
713	52	42	work-r3cv-d116cs/f147/pr_evt42	1	7	2	271	562.11	0.14187	0.070933	0.02214	0	0.089562	0	1.779	1	0.99189	1631	0.04059	0.02583	0.00369	0	0.2532	0	0	271	0.0044843	0	0.23546	0	0.17712	223	0.0037037	0	0.2448	0	0.00369	270
713	52	48	work-r3cv-d116cs/f147/pr_evt48	0																																		
713	52	6	work-r3cv-d116cs/f147/pr_evt6	1	25	17	412	1771.4	0.23267	0.30598	0.092233	0.019417	0.24413	0.041262	0.56451	1	0.62355	4486	0.024272	0.1966	0.019656	0.014742	0.26561	0.012285	0.012136	407	0.026699	0.014563	0.26094	0.0048544	0	412	0.0073529	0.0073529	0.25236	0.017157	0.0097087	408
713	52	7	work-r3cv-d116cs/f147/pr_evt7	1	13	16	432	2013.3	0.13123	0.3693	0.069444	0	0.19908	0.053241	2.9801	6	0.95514	2451	0.087963	0.20139	0.034722	0.023148	0.25035	0	0	432	0.04186	0.030233	0.276	0	0.0046296	430	0.0093458	0	0.20439	0	0.0092593	428
713	52	8	work-r3cv-d116cs/f147/pr_evt8	0																																		
719	86	12	work-r3cv-d116cs/f148/pr_evt12	0																																		
719	86	22	work-r3cv-d116cs/f148/pr_evt22	0																																		
719	86	25	work-r3cv-d116cs/f148/pr_evt25	1	15	45	672	2873.6	0.074911	0.25723	0.06994	0	0.16442	0.028274	0.348	1	0.89855	3955	0.025298	0.20387	0.014881	0.0089286	0.25843	0	0	672	0.01711	0.0076046	0.28188	0	0.21726	526	0.023845	0.017884	0.25439	0	0.0014881	671
719	86	26	work-r3cv-d116cs/f148/pr_evt26	1	21	18	84	835.37	0.0068453	0.090651	0	0	0.13593	0.011905	2.3941	2	1	312	0.14286	0.34524	0	0	0.29343	0	0	84	0.011905	0.011905	0.25547	0	0	84	0.011905	0.011905	0.20325	0	0	84
719	86	27	work-r3cv-d116cs/f148/pr_evt27	0																																		
719	86	32	work-r3cv-d116cs/f148/pr_evt32	0																																		
719	86	33	work-r3cv-d116cs/f148/pr_evt33	0																																		
719	86	38	work-r3cv-d116cs/f148/pr_evt38	1	15	8	1292	3314.2	0.43032	0.38517	0.01548	0	0.14894	0.0077399	0.60347	2	0.4742	16095	0.01548	0.020124	0.0062016	0.0054264	0.24754	0.0015504	0.001548	1290	0.00077399	0.001548	0.23734	0.001548	0	1292	0.0046548	0.0031032	0.24748	0.0023274	0.002322	1289
719	86	43	work-r3cv-d116cs/f148/pr_evt43	1	10	5	310	653.39	0.12318	0.36632	0	0	0.083956	0	0	0	0.99573	1657	0.0096774	0.025806	0	0	0.24867	0	0	310	0	0	0.2506	0	0.090323	282	0	0	0.1616	0	0.022581	303
719	86	5	work-r3cv-d116cs/f148/pr_evt5	0																																		
719	86	6	work-r3cv-d116cs/f148/pr_evt6	0																																		
715	63	1	work-r3cv-d116cs/f149/pr_evt1	1	12	12	90	865.78	0.11552	0.17381	0	0	0.16466	0	0	0	0.96439	458	0.011111	0.31111	0	0	0.27545	0	0	90	0	0	0.24401	0	0.022222	88	0	0	0.24437	0	0	90
715	63	17	work-r3cv-d116cs/f149/pr_evt17	0																																		
715	63	20	work-r3cv-d116cs/f149/pr_evt20	0																																		
715	63	24	work-r3cv-d116cs/f149/pr_evt24	1	18	14	200	1383.3	0.1962	0.078454	0.01	0	0.082888	0.015	2.1687	3	0.99404	954	0.09	0.175	0	0	0.23068	0	0	200	0.015	0.015	0.26234	0	0	200	0.005	0	0.23108	0	0	200
715	63	25	work-r3cv-d116cs/f149/pr_evt25	0																																		
715	63	29	work-r3cv-d116cs/f149/pr_evt29	0																																		
715	63	3	work-r3cv-d116cs/f149/pr_evt3	1	21	7	176	706.51	0.069037	0.13422	0	0	0.071732	0	0	0	1	865	0	0.073864	0	0	0.32414	0	0	176	0	0	0.2566	0	0.011364	174	0	0	0.23761	0	0	176
715	63	30	work-r3cv-d116cs/f149/pr_evt30	1	12	3	572	1036.3	0.2885	0.096167	0	0	0.09818	0	0	0	0.9835	3670	0.0034965	0.013986	0	0	0.25193	0	0	572	0	0	0.2303	0	0.0017483	571	0	0	0.23251	0	0.006993	568
715	63	31	work-r3cv-d116cs/f149/pr_evt31	0																																		
715	63	32	work-r3cv-d116cs/f149/pr_evt32	0																																		
715	63	40	work-r3cv-d116cs/f149/pr_evt40	1	12	37	672	3509.8	0.21051	0.37323	0.02381	0	0.26733	0.0089286	0	0	0.7709	5406	0.019345	0.18601	0.0059524	0	0.25159	0	0	672	0.019345	0.0089286	0.25736	0	0	672	0.0059524	0	0.22838	0	0	672
715	63	45	work-r3cv-d116cs/f149/pr_evt45	0																																		
715	63	6	work-r3cv-d116cs/f149/pr_evt6	0																																		
715	49	1	work-r3cv-d116cs/f150/pr_evt1	0																																		
715	49	17	work-r3cv-d116cs/f150/pr_evt17	1	18	14	368	1414.1	0.17539	0.18632	0.027174	0.01087	0.066995	0.032609	1.4144	2	0.98965	1746	0.043478	0.086957	0.021798	0.021798	0.25146	0.010899	0.0027174	367	0	0	0.25319	0.01087	0	368	0	0	0.24687	0.010899	0.0027174	367
715	49	19	work-r3cv-d116cs/f150/pr_evt19	1	9	3	67	144.27	0.064581	0.24578	0.13433	0	0.18219	0.029851	0	0	0.9563	299	0.029851	0.26866	0.044776	0.029851	0.19179	0	0	67	0.014925	0.014925	0.25797	0.029851	0	67	0	0	0.11507	0	0	67
715	49	2	work-r3cv-d116cs/f150/pr_evt2	0																																		
715	49	25	work-r3cv-d116cs/f150/pr_evt25	0																																		
715	49	28	work-r3cv-d116cs/f150/pr_evt28	0																																		
715	49	33	work-r3cv-d116cs/f150/pr_evt33	0																																		
715	49	37	work-r3cv-d116cs/f150/pr_evt37	1	17	6	83	456.25	0.32453	0.33688	0	0	0.19082	0.012048	0	0	0.94153	441	0	0.16867	0	0	0.28998	0	0	83	0.012048	0.012048	0.2839	0	0	83	0	0	0.23257	0	0	83
715	49	38	work-r3cv-d116cs/f150/pr_evt38	0																																		
715	49	41	work-r3cv-d116cs/f150/pr_evt41	1	8	1	42	63.456	0.064956	0.064956	0	0	0.19375	0	0	0	0.86982	317	0	0	0	0	0.25578	0	0	42	0	0	0.29869	0	0	42	0	0	0.25795	0	0.28571	30
715	49	44	work-r3cv-d116cs/f150/pr_evt44	0																																		
715	49	45	work-r3cv-d116cs/f150/pr_evt45	0																																		
715	49	47	work-r3cv-d116cs/f150/pr_evt47	0																																		
715	49	49	work-r3cv-d116cs/f150/pr_evt49	1	3	11	632	1814.7	0.24263	0.25603	0.0063291	0	0.21752	0.0094937	0	0	0.82177	5288	0.0063291	0.03481	0.0063291	0.0031646	0.23517	0	0	632	0.010135	0.0050676	0.23862	0	0.063291	592	0.0016051	0.0016051	0.25088	0	0.014241	623
715	49	50	work-r3cv-d116cs/f150/pr_evt50	0																																		
715	49	8	work-r3cv-d116cs/f150/pr_evt8	0																																		
715	49	9	work-r3cv-d116cs/f150/pr_evt9	1	8	10	40	607.44	0	0.094602	0	0	0.10841	0	1.6462	1	1	120	0.1	0.4	0	0	0.20916	0	0	40	0	0	0.22067	0	0	40	0	0	0.27084	0	0	40
713	31	14	work-r3cv-d116cs/f151/pr_evt14	0																																		
713	31	18	work-r3cv-d116cs/f151/pr_evt18	1	14	8	261	782.23	0.21545	0.17849	0.030651	0	0.11119	0.045977	2.5568	2	0.98667	1370	0.045977	0.08046	0.011494	0.0038314	0.24862	0	0	261	0.026923	0.026923	0.23788	0	0.0038314	260	0.095785	0.02682	0.24976	0	0	261
713	31	19	work-r3cv-d116cs/f151/pr_evt19	0																																		
713	31	2	work-r3cv-d116cs/f151/pr_evt2	0																																		
713	31	29	work-r3cv-d116cs/f151/pr_evt29	0																																		
713	31	3	work-r3cv-d116cs/f151/pr_evt3	0																																		
713	31	31	work-r3cv-d116cs/f151/pr_evt31	1	17	3	301	699.43	0.41484	0.13828	0	0	0.054791	0	0	0	0.99992	1490	0	0.023256	0	0	0.24402	0	0	301	0	0	0.23514	0	0.0033223	300	0.0033223	0	0.24195	0	0	301
713	31	33	work-r3cv-d116cs/f151/pr_evt33	0																																		
713	31	40	work-r3cv-d116cs/f151/pr_evt40	0																																		
713	31	5	work-r3cv-d116cs/f151/pr_evt5	0																																		
713	31	7	work-r3cv-d116cs/f151/pr_evt7	0																																		
720	66	1	work-r3cv-d116cs/f152/pr_evt1	0																																		
720	66	19	work-r3cv-d116cs/f152/pr_evt19	1	4	3	86	192.42	0.054822	0.27883	0.023256	0	0.065773	0.011628	5.197	1	0.9848	363	0.046512	0.05814	0.011628	0.011628	0.2527	0	0	86	0	0	0.24852	0	0	86	0	0	0.20256	0	0	86
720	66	2	work-r3cv-d116cs/f152/pr_evt2	1	22	33	891	4182.4	0.34664	0.31202	0.017957	0	0.13205	0.015713	0.95639	4	0.71285	6857	0.029181	0.12121	0.0056117	0.003367	0.26253	0.0011223	0	891	0.015748	0.010124	0.25933	0.0011249	0.0022447	889	0.0068493	0.0045662	0.24028	0.0011416	0.016835	876
720	66	23	work-r3cv-d116cs/f152/pr_evt23	1	16	5	112	423.96	0.0073356	0.042054	0.0089286	0	0.18015	0	0	0	0.53443	970	0.044643	0.16071	0	0	0.25558	0	0	112	0	0	0.28869	0	0	112	0	0	0.25673	0	0	112
720	66	24	work-r3cv-d116cs/f152/pr_evt24	0																																		
720	66	25	work-r3cv-d116cs/f152/pr_evt25	1	26	21	735	2858.7	0.3439	0.37168	0.02585	0	0.1893	0.012245	1.0494	3	0.90708	4864	0.038095	0.10476	0.0081744	0.0013624	0.24563	0	0.0013605	734	0.0095238	0.0095238	0.25998	0	0	735	0.0057554	0.0014388	0.22396	0	0.054422	695
720	66	28	work-r3cv-d116cs/f152/pr_evt28	0																																		
720	66	30	work-r3cv-d116cs/f152/pr_evt30	0																																		
720	66	33	work-r3cv-d116cs/f152/pr_evt33	1	19	12	296	1181.6	0.0017764	0.092548	0	0	0.095995	0.013514	0.84632	1	0.986	1564	0.02027	0.064189	0	0	0.25359	0.013559	0.0033784	295	0	0	0.24652	0.013559	0.0033784	295	0	0	0.22516	0.013514	0	296
720	66	35	work-r3cv-d116cs/f152/pr_evt35	1	21	10	78	1046.2	0.047779	0.16658	0	0	0.13647	0	0	0	1	354	0.025641	0.25641	0	0	0.2786	0	0	78	0	0	0.22203	0	0	78	0	0	0.2643	0	0.051282	74
720	66	40	work-r3cv-d116cs/f152/pr_evt40	0																																		
720	66	46	work-r3cv-d116cs/f152/pr_evt46	0																																		
720	66	50	work-r3cv-d116cs/f152/pr_evt50	1	13	11	310	1204.7	0.43593	0.10965	0.0064516	0	0.10045	0.019355	0	0	0.92171	1844	0.0032258	0.080645	0.0064516	0.0032258	0.25875	0	0	310	0.0096774	0.0064516	0.21118	0	0	310	0.0097087	0.0097087	0.24536	0	0.0032258	309
720	66	6	work-r3cv-d116cs/f152/pr_evt6	1	15	5	20	169.36	0.13347	0.11834	0	0	0.13587	0	5.9047	1	1	56	0.2	0.3	0	0	0.10908	0	0	20	0.05	0	0.36849	0	0	20	0	0	0.21545	0	0	20
714	7	10	work-r3cv-d116cs/f153/pr_evt10	0																																		
714	7	26	work-r3cv-d116cs/f153/pr_evt26	0																																		
714	7	29	work-r3cv-d116cs/f153/pr_evt29	1	13	2	603	1098.1	0.20055	0.10028	0.0049751	0	0.073952	0.0016584	0	0	0.9952	3166	0	0.0049751	0	0	0.24176	0	0	603	0	0	0.25722	0	0.034826	582	0.001675	0.001675	0.24232	0	0.0099502	597
714	7	32	work-r3cv-d116cs/f153/pr_evt32	0																																		
714	7	33	work-r3cv-d116cs/f153/pr_evt33	1	17	54	546	3795.1	0.41462	0.29623	0.12454	0.0018315	0.35625	0.053114	3.1619	12	0.65837	4585	0.15751	0.30037	0.034799	0.018315	0.26234	0	0	546	0.042125	0.021978	0.27336	0	0	546	0.047259	0.017013	0.23216	0	0.031136	529
714	7	40	work-r3cv-d116cs/f153/pr_evt40	0																																		
714	7	42	work-r3cv-d116cs/f153/pr_evt42	0																																		
714	7	46	work-r3cv-d116cs/f153/pr_evt46	1	16	12	48	1389.9	0	0.067869	0	0	0.12055	0	0	0	1	131	0	0.41667	0	0	0.28563	0	0	48	0	0	0.32161	0	0	48	0	0	0.2171	0	0	48
714	7	7	work-r3cv-d116cs/f153/pr_evt7	1	21	8	676	2257.7	0.24487	0.19597	0.0073964	0	0.063796	0.0059172	0.44293	1	0.96295	3682	0.0073964	0.022189	0	0	0.25319	0.0059172	0	676	0	0	0.25188	0.0059172	0	676	0	0	0.2408	0.0059259	0.0014793	675
714	7	8	work-r3cv-d116cs/f153/pr_evt8	1	2	18	320	1394.7	0.15838	0.077745	0.01875	0	0.090464	0	0.71702	1	0.99327	1445	0.025	0.125	0	0	0.20128	0	0	320	0	0	0.24334	0	0	320	0	0	0.2334	0	0	320
