run	subrun	event	row	nu_index	gid	cluster_id	sel_cluster_id	cid_relation	n_act	sel_demoted	sel_fc	sel_length_cm	bundle_has_vetoed	n_vetoed	nu_x	nu_y	nu_z	vertex_default	reco_Enu	numu_score	nue_score	neutrino_type	nt_cosmic	nt_numucc	nt_nc	nt_nue	cosmict_flag	n_truth	t_idx	t_flav	t_mode	t_ccnc	t_Etot	t_Edep	t_T	t_dist_cm	mc_reco_Enu	flash_time_us	flash_pe	flash_tpc	flash_group	has_vertex	vertex_moved_cluster	br_filled	mip_filled	n_act_all_roles	n_companion
711	20	2	0	0	13	2	2	same	1	0	0	97.3	0	0	-132.28	131.90	440.40	0	645.3	3.2825	-15.0000	4	0	1	0	0	0	4	1	numu	RES	CC	1515.5	395.9	1.154	0.34		1.2960	6520.0	0	13	1	0	0	0	1	0
711	20	5	0	0	16	5	5	same	1	0	0	282.8	0	0	-126.20	81.27	226.68	0	804.2	3.7886	-15.0000	4	0	1	0	0	0	1	0	numu	QE	CC	1618.4	657.9	0.561	0.39		0.7052	15223.7	0	16	1	0	0	0	13	12
711	20	13	0	0	5	70	2	not_in_act	1	0	1	168.1	0	0	-30.29	49.66	345.93	0	1378.6	0.7410	-15.0000	8	0	0	1	0	0	2	1	numu	MEC	CC	1262.3	1059.5	1.322	0.37		1.4688	18311.7	0	5	1	1	0	0	10	9
711	20	25	0	0	9	8	8	same	1	0	1	34.5	0	0	-158.18	152.62	351.33	0	571.3	-0.4768	-15.0000	8	0	0	1	0	0	1	0	numu	DIS	CC	811.6	553.8	0.113	1.06		0.2520	12261.1	0	9	1	0	0	0	7	6
711	20	28	0	0	19	3	3	same	2	0	0	34.4	0	0	-195.60	-106.72	453.58	0	490.0	0.1267	-15.0000	4	0	1	0	0	0	2	1	numu	RES	CC	1165.4	239.7	1.228	23.86		1.3600	25642.7	0	19	1	0	0	0	3	1
711	20	42	0	0	9	19	19	same	4	0	0	19.0	0	0	-44.57	192.32	92.45	0	480.8	-1.8108	-15.0000	6	1	1	0	0	1	2	0	numu	DIS	CC	1072.7	40.4	0.211	218.35		0.3608	2042.8	0	9	1	0	0	0	30	26
711	20	46	0	0	1000009	14	14	same	2	0	1	2.4	0	0	155.22	-125.77	454.95	0	27.1	-1.9710	-15.0000	8	0	0	1	0	0	1	0	numu	DIS	CC	3559.7	98.5	0.34	116.76		0.4780	30985.8	1	1000009	1	0	0	0	13	11
711	60	5	0	0	1000012	16	16	same	2	0	0	155.4	0	0	156.35	-76.45	359.97	0	1262.5	1.5669	-15.0000	4	0	1	0	0	0	1	0	numu	DIS	NC	5328.7	1285.5	0.695	61.33		0.8330	47139.9	1	1000012	1	0	0	0	30	28
711	79	6	0	0	1000009	7	7	same	2	0	1	16.7	0	0	0.86	-6.21	229.33	0	111.6	-1.5454	-7.3410	8	0	0	1	0	0	1	0	numu	RES	CC	496.6	261.7	0.37	8.86		0.5130	3689.9	1	6	1	0	1	1	4	2
711	79	7	0	0	9	14	14	same	2	0	0	84.0	0	0	-49.42	130.99	417.81	0	329.4	2.8226	-15.0000	4	0	1	0	0	0	1	0	numu	QE	CC	2049.0	281.0	0.738	0.97		0.8866	4523.0	0	9	1	0	0	0	4	2
711	79	10	0	0	1000009	15	15	same	2	0	0	61.8	0	0	111.92	43.50	452.83	0	746.9	1.7865	-1.2641	4	0	1	0	0	0	1	0	numu	DIS	CC	3630.9	1048.2	0.587	0.82		0.7300	25840.5	1	6	1	0	1	1	15	13
711	79	13	0	0	1000013	14	14	same	2	0	1	102.8	0	0	0.64	-14.37	494.66	0	368.2	2.3120	-15.0000	6	1	1	0	0	1	1	0	numu	RES	CC	1813.1	979.3	0.244	636.64		0.6075	5004.8	1	1000013	1	0	0	0	3	1
711	79	16	0	0	1000007	18	18	same	1	0	1	83.2	0	0	77.16	38.43	57.39	0	658.7	0.2133	-15.0000	8	0	0	1	0	0	3	0	numu	RES	NC	2262.9	828.3	1.047	1.84		1.1916	16927.4	1	8	1	0	0	0	19	18
711	79	24	0	0	1000011	27	27	same	14	0	1	136.3	0	0	45.03	49.27	238.20	0	677.6	3.1334	-15.0000	4	0	1	0	0	0	2	1	numu	RES	CC	875.5	626.7	0.75	0.60		0.8965	8453.2	1	8	1	0	0	0	15	1
711	79	27	0	0	1000007	5	5	same	1	0	0	147.9	0	0	177.55	-20.52	354.78	0	479.9	2.9056	-15.0000	4	0	1	0	0	0	1	0	numu	QE	CC	1952.7	455.8	0.564	0.40		0.7047	13074.1	1	1000007	1	0	0	0	4	3
711	79	44	0	0	8	5	5	same	2	0	0	148.7	0	0	-188.57	93.79	157.65	0	2433.4	1.3659	-1.7029	4	0	1	0	0	0	1	0	numu	DIS	CC	4373.4	2546.4	1.486	0.26		1.6225	91382.8	0	8	1	0	1	1	64	62
711	79	45	0	0	1000011	9	9	same	1	0	1	48.0	0	0	148.65	45.48	68.72	0	754.0	1.3444	-15.0000	4	0	1	0	0	0	1	0	numu	RES	CC	814.3	633.2	1.294	0.56		1.4340	17573.3	1	1000011	1	0	0	0	11	10
711	79	48	0	0	7	11	11	same	2	0	1	10.7	1	1	-80.48	-131.33	453.94	0	208.9	-1.6895	-15.0000	8	0	0	1	0	0	2	0	numu	RES	NC	920.6	255.6	0.927	0.66		1.0731	4474.9	0	7	1	0	0	0	9	7
711	90	6	0	0	1000010	14	14	same	1	0	0	68.1	0	0	86.17	-177.61	9.72	0	572.9	2.4885	-15.0000	4	0	1	0	0	0	1	0	numu	RES	CC	763.1	484.9	0.476	0.92		0.6190	5275.9	1	1000010	1	0	0	0	7	6
711	90	18	0	0	11	17	17	same	3	0	0	498.3	0	0	13.58	-110.22	4.53	0	1291.5	4.7413	-15.0000	4	0	1	0	0	0	2	0	numu	RES	CC	2900.7	1124.9	0.581	302.20		0.7416	22411.4	0	11	1	0	0	0	8	5
711	90	19	0	0	5	22	20	in_act_not_selected	31	0	1	19.9	0	0	-102.42	99.35	142.64	0	608.3	-0.4229	-15.0000	8	0	0	1	0	0	2	1	numu	RES	NC	3154.8	1245.4	1.427	1.25		1.5715	32295.1	0	5	1	1	0	0	54	23
711	90	25	0	0	1000009	18	18	same	1	0	1	354.7	0	0	119.55	169.65	144.90	0	1100.7	4.3875	-15.0000	4	0	1	0	0	0	3	0	numu	RES	CC	1581.3	1146.0	0.994	3.44		1.1387	24436.2	1	1000009	1	0	0	0	2	1
711	90	27	0	0	9	6	6	same	2	0	1	22.9	0	0	-13.40	-52.12	227.94	0	188.5	-2.3660	-15.0000	8	0	0	1	0	0	2	0	numu	QE	NC	1133.4	183.1	0.351	0.27		0.4974	3768.2	0	9	1	0	0	0	3	1
711	90	30	0	0	1000013	21	21	same	1	0	1	156.3	0	0	18.78	54.70	24.25	0	1167.4	3.5995	-15.0000	4	0	1	0	0	0	1	0	numu	RES	CC	989.9	726.2	0.894	2.81		1.0402	13008.4	1	1000013	1	0	0	0	4	3
711	90	32	0	0	7	8	8	same	1	0	0	6.5	0	0	0.00	0.00	0.00	1	0.0	-1.9417	-15.0000	0	0	0	0	0	0	1	-1				-1	-1	-1	-1		0.4609	4136.9	0	7	0	0	0	0	1	0
711	90	35	0	0	12	5	5	same	1	0	0	49.6	0	0	-66.05	98.21	408.30	0	631.4	0.3971	-4.0969	8	0	0	1	0	0	3	2	numu	RES	NC	635.6	494.8	0.717	9.99		0.8640	7507.0	0	12	1	0	1	1	15	14
711	99	15	0	0	10	6	6	same	2	0	0	32.7	0	0	-200.27	114.17	113.09	0	411.2	-2.1557	-15.0000	10	1	0	1	0	1	1	0	numu	QE	NC	1350.5	320.0	1.464	48.61		1.5960	36659.8	0	10	1	0	0	0	8	6
711	99	23	0	0	5	18	18	same	2	0	0	18.5	0	0	-32.60	-199.13	429.69	0	374.1	-2.5620	-15.0000	10	1	0	1	0	1	1	0	numu	QE	CC	678.4	94.1	0.099	504.09		0.2620	1954.8	0	5	1	0	0	0	2	0
711	99	33	0	0	15	4	4	same	1	0	1	35.0	0	0	-128.46	-51.32	146.30	0	452.3	-1.4603	-15.0000	8	0	0	1	0	0	1	0	numu	RES	CC	802.8	534.3	0.178	0.48		0.3160	16107.9	0	15	1	0	0	0	8	7
711	99	42	0	0	1000017	13	13	same	1	0	1	66.3	0	0	68.20	-130.72	418.20	0	333.1	0.9865	-15.0000	6	1	1	0	0	1	1	0	numu	QE	CC	407.5	294.8	0.509	0.91		0.6570	4447.7	1	1000017	1	0	0	0	15	14
711	99	50	0	0	9	4	4	same	1	0	0	129.4	0	0	-181.93	-108.62	22.57	0	582.8	2.9766	-15.0000	4	0	1	0	0	0	1	0	numu	QE	CC	588.8	470.1	0.195	0.38		0.3300	12594.8	0	9	1	0	0	0	2	1
712	6	2	0	0	1000010	21	21	same	3	0	0	22.8	0	0	60.11	163.27	9.69	0	471.4	-1.1044	-15.0000	10	1	0	1	0	1	2	1	numu	RES	NC	1036.3	208.3	0.519	65.91		0.6642	3402.2	1	8	1	0	0	0	12	9
712	6	4	0	0	1000009	7	7	same	1	0	1	30.2	0	0	49.39	-80.02	427.94	0	260.6	-2.4275	-15.0000	8	0	0	1	0	0	4	3	numu	RES	NC	947.4	516.9	1.17	78.32		1.3202	9855.5	1	10	1	0	0	0	26	25
712	6	8	0	0	1000007	19	19	same	4	0	1	156.4	1	1	27.47	-117.47	183.05	0	709.4	3.8956	-15.0000	4	0	1	0	0	0	2	0	numu	QE	CC	717.5	640.9	0.86	1.27		0.7647	19195.7	1	1000007	1	0	0	0	12	8
712	6	15	0	0	1000007	20	20	same	4	0	0	210.1	0	0	68.88	-154.94	302.31	0	787.1	4.6164	-15.0000	4	0	1	0	0	0	2	1	numu	RES	CC	1371.3	747.8	0.791	2.78		0.9389	11988.1	1	11	1	0	0	0	15	11
712	6	16	0	0	15	17	17	same	2	0	0	265.5	1	1	4.86	-68.46	385.67	0	946.9	4.2976	-15.0000	4	0	1	0	0	0	2	1	numu	QE	CC	1106.1	785.5	1.154	0.69		1.3012	7777.3	0	15	1	0	0	0	2	0
712	6	21	0	0	1000006	4	4	same	1	0	1	112.7	0	0	175.70	74.35	337.64	0	1086.9	-0.3074	-15.0000	8	0	0	1	0	0	1	0	numu	QE	CC	1121.7	1001.3	0.695	1.11		0.8353	26146.3	1	1000006	1	0	0	0	8	7
712	6	27	0	0	12	5	5	same	1	0	0	221.3	0	0	-73.07	119.44	370.30	0	2040.0	3.6701	-15.0000	4	0	1	0	0	0	1	0	numu	RES	CC	1618.9	1152.2	0.244	1.48		0.3915	18012.6	0	12	1	0	0	0	14	13
712	6	33	0	0	9	3	3	same	2	0	1	128.6	0	0	-119.76	145.63	58.00	0	1799.0	-0.3066	11.2054	40	0	0	1	1	0	3	0	nue	QE	CC	2013.6	1889.6	0.443	0.44		0.5827	42599.8	0	9	1	0	1	1	43	41
712	6	40	0	0	9	4	4	same	1	0	1	101.9	0	0	-86.60	129.76	190.54	0	583.9	2.3582	-15.0000	4	0	1	0	0	0	3	1	numu	QE	CC	595.2	509.1	0.219	1.04		0.3657	9275.5	0	9	1	0	0	0	3	2
712	12	25	0	0	1000009	7	7	same	1	0	1	78.0	0	0	152.44	-26.74	111.18	0	1265.8	2.4986	-15.0000	4	0	1	0	0	0	1	0	numu	DIS	CC	1279.9	1015.3	1.066	0.70		1.2060	33807.2	1	1000009	1	0	0	0	28	27
712	12	32	0	0	5	19	19	same	8	0	0	316.3	0	0	-30.16	-159.65	191.77	0	932.6	5.9381	-15.0000	4	0	1	0	0	0	1	0	numu	QE	CC	1791.3	809.6	0.124	1.84		0.2753	12976.0	0	5	1	0	0	0	9	1
712	12	33	0	0	10	19	19	same	6	0	1	76.9	0	0	-111.99	38.18	90.59	0	373.6	0.9108	-15.0000	4	0	1	0	0	0	3	0	numu	DIS	NC	1155.5	731.0	0.67	0.91		0.8130	18655.0	0	10	1	0	0	0	16	10
712	12	35	0	0	7	4	4	same	1	0	1	14.3	0	0	-151.04	-192.07	241.38	0	144.7	-3.4643	-15.0000	8	0	0	1	0	0	2	0	numu	QE	NC	675.1	135.5	0.277	0.50		0.4200	1832.8	0	7	1	0	0	0	2	1
712	12	38	0	0	9	11	11	same	1	0	1	64.2	0	0	-8.68	-159.22	365.37	0	591.6	2.0081	-15.0000	4	0	1	0	0	0	1	0	numu	RES	CC	718.1	537.5	0.642	3.05		0.7848	7034.0	0	9	1	0	0	0	8	7
712	12	46	0	0	5	22	22	same	26	1	0	160.1	1	1	-93.31	-52.79	37.75	0	855.2	1.9428	-6.3733	4	0	1	0	0	0	2	0	numu	QE	CC	1764.1	1104.6	0.592	0.95		0.7352	49668.2	0	5	1	0	1	1	29	3
712	18	9	0	0	1000014	18	18	same	27	0	0	131.6	0	0	165.54	-90.77	279.07	0	989.1	3.3405	-15.0000	4	0	1	0	0	0	1	0	numu	MEC	CC	849.6	679.9	0.144	0.90		0.2800	26003.3	1	1000014	1	0	0	0	39	12
712	18	20	0	0	1000014	11	11	same	1	0	0	162.0	0	0	76.83	97.40	4.78	0	535.6	0.1645	-15.0000	6	1	1	0	0	1	1	0	numu	RES	CC	2959.0	1.8	1.117	525.04		1.2670	6877.3	1	1000014	1	0	0	0	9	8
712	18	33	0	0	4	15	15	same	4	0	1	141.5	1	1	-44.46	-76.73	19.68	0	689.3	2.6964	-15.0000	4	0	1	0	0	0	2	0	numu	RES	CC	1150.1	788.2	0.192	1.98		1.0780	24811.1	0	4	1	0	0	0	20	16
712	18	39	0	0	1000008	11	11	same	1	0	1	54.1	0	0	62.52	-30.32	382.89	0	261.4	1.0184	-15.0000	4	0	1	0	0	0	1	0	numu	QE	CC	308.3	197.5	0.904	0.71		1.0527	4338.4	1	1000008	1	0	0	0	3	2
712	22	13	0	0	1000010	16	16	same	2	0	1	113.3	0	0	140.36	64.48	177.77	0	409.9	1.4827	-15.0000	4	0	1	0	0	0	3	0	numu	QE	CC	493.6	445.5	0.161	0.86		0.2993	18858.7	1	1000010	1	0	0	0	18	16
712	22	21	0	0	1000012	25	25	same	3	0	0	185.7	0	0	56.36	-147.91	56.88	0	551.3	3.8284	-15.0000	4	0	1	0	0	0	2	1	numu	QE	CC	1042.7	456.7	0.572	1.61		0.7188	4879.5	1	14	1	0	0	0	7	4
712	22	22	0	0	1000009	18	18	same	3	0	1	104.1	0	0	-9.09	62.65	344.70	0	898.0	0.6541	-15.0000	8	0	0	1	0	0	2	0	numu	RES	CC	1223.0	845.9	0.659	0.39		0.8036	9685.6	1	11	1	0	0	0	11	8
712	22	27	0	0	1000015	8	8	same	1	0	0	135.9	0	0	165.25	-131.89	120.07	0	444.6	3.9581	-15.0000	4	0	1	0	0	0	2	0	numu	QE	CC	743.7	321.9	0.785	0.37		0.9287	7328.0	1	1000015	1	0	0	0	8	7
712	22	34	0	0	9	4	4	same	1	0	0	196.4	0	0	-84.28	58.30	325.12	0	978.2	4.8975	-15.0000	4	0	1	0	0	0	2	1	numu	MEC	CC	1645.3	871.2	0.486	0.52		0.6340	17169.0	0	9	1	0	0	0	12	11
712	22	46	0	0	14	15	15	same	6	0	0	273.1	0	0	-143.98	-9.85	230.25	0	780.2	4.3837	-15.0000	4	0	1	0	0	0	3	0	numu	QE	CC	2932.2	702.7	0.085	0.95		0.2270	24883.4	0	14	1	0	0	0	12	6
712	25	5	0	0	15	6	6	same	1	0	1	27.2	0	0	-129.29	169.94	38.47	0	246.9	-2.1323	-15.0000	8	0	0	1	0	0	1	0	numu	RES	NC	755.4	426.1	0.895	7.18		1.0340	8768.9	0	15	1	0	0	0	6	5
712	25	7	0	0	7	15	15	same	19	1	1	27.6	1	1	-137.22	119.61	172.39	0	324.6	0.1660	-15.0000	4	0	1	0	0	0	2	0	numu	RES	NC	1145.3	462.2	1.564	0.38		1.7047	13817.2	0	7	1	0	0	0	22	3
712	25	10	0	0	4	8	8	same	1	0	1	17.9	0	0	-185.83	-61.02	338.13	0	425.8	-0.7748	-15.0000	10	1	0	1	0	1	1	0	numu	QE	NC	339.4	235.8	0.66	1.21		0.7940	9122.0	0	4	1	0	0	0	4	3
712	25	11	0	0	1000010	25	25	same	1	0	1	18.1	0	0	125.68	-158.54	199.55	0	238.0	-1.8819	-15.0000	8	0	0	1	0	0	2	1	numu	RES	NC	803.3	256.7	0.598	7.57		0.7436	4656.0	1	1000010	1	0	0	0	5	4
712	25	15	0	0	10	4	4	same	2	0	0	38.2	1	1	0.00	0.00	0.00	1	0.0	-1.9417	-15.0000	0	0	0	0	0	0	2	-1				-1	-1	-1	-1		0.4880	20765.7	0	10	0	0	0	0	6	4
712	25	23	0	0	7	57	3	not_in_act	1	0	1	20.4	0	0	-109.97	-70.39	292.63	0	403.1	-0.7038	-15.0000	8	0	0	1	0	0	2	1	nue	RES	NC	984.5	416.8	0.902	0.43		1.0448	12066.2	0	7	1	1	0	0	21	20
712	25	27	0	0	1000006	7	7	same	1	0	0	248.0	0	0	134.13	89.91	3.95	0	843.5	2.5811	-15.0000	4	0	1	0	0	0	2	1	numu	QE	CC	844.1	702.1	0.326	1.31		0.4680	13955.6	1	1000006	1	0	0	0	2	1
712	25	47	0	0	6	18	18	same	5	0	1	66.6	0	0	-52.46	10.61	66.74	0	505.9	-0.6391	-15.0000	8	0	0	1	0	0	4	2	numu	RES	NC	1014.8	624.7	1.31	1.84		1.4600	12990.5	0	6	1	0	0	0	8	3
712	25	48	0	0	1000009	5	5	same	1	0	1	40.6	0	0	157.46	-194.38	238.84	0	424.0	-0.6190	-11.3887	8	0	0	1	0	0	1	0	numu	DIS	NC	1592.4	501.8	0.449	44.02		0.5860	17317.2	1	1000009	1	0	1	1	33	32
712	31	1	0	0	8	15	15	same	3	0	1	51.0	0	0	-136.52	6.60	411.51	0	309.6	-1.9324	-15.0000	8	0	0	1	0	0	2	1	numu	RES	NC	947.8	728.8	1.191	46.32		1.3280	20364.5	0	8	1	0	0	0	5	2
712	31	6	0	0	1000008	9	9	same	1	0	1	2.6	0	0	169.56	74.83	45.23	0	133.7	-1.9460	-15.0000	8	0	0	1	0	0	2	1	numu	QE	NC	773.1	0.0	0.268	544.12		1.5760	17764.6	1	1000008	1	0	0	0	15	14
712	31	22	0	0	15	4	4	same	1	0	1	205.9	0	0	-55.49	-2.47	291.97	0	1092.9	4.2031	-15.0000	4	0	1	0	0	0	1	0	numu	RES	CC	1207.2	1053.3	0.959	0.69		1.1067	23188.6	0	15	1	0	0	0	25	24
712	31	27	0	0	1000015	11	11	same	1	0	1	252.6	0	0	19.92	7.82	261.86	0	919.8	3.9293	-15.0000	4	0	1	0	0	0	2	0	numu	QE	CC	903.9	785.3	0.067	0.52		0.2140	17712.2	1	1000015	1	0	0	0	3	2
712	31	40	0	0	5	22	22	same	13	1	1	38.0	1	1	30.16	13.51	88.24	0	454.3	-1.3506	-15.0000	8	0	0	1	0	0	2	0	numu	QE	NC	1197.5	60.9	1.125	105.00		1.2620	12908.3	0	5	1	0	0	0	19	6
712	31	47	0	0	1000012	15	15	same	2	0	0	256.1	0	0	185.29	-39.54	251.43	0	760.6	4.6277	-15.0000	4	0	1	0	0	0	2	1	numu	QE	CC	1799.1	616.2	0.655	0.91		0.7955	26960.5	1	1000012	1	0	0	0	11	9
712	43	6	0	0	17	9	9	same	1	0	0	108.1	0	0	-182.66	-138.63	400.10	0	384.5	3.0620	-15.0000	4	0	1	0	0	0	1	0	numu	QE	CC	691.2	292.5	0.472	0.21		0.6093	11873.9	0	17	1	0	0	0	3	2
712	43	14	0	0	13	5	5	same	1	0	0	193.3	0	0	-137.01	162.23	315.98	0	1112.0	4.1802	-15.0000	4	0	1	0	0	0	4	0	numu	RES	CC	1708.3	862.8	0.242	0.25		0.3827	15867.1	0	13	1	0	0	0	3	2
712	43	19	0	0	4	6	6	same	1	0	1	58.9	0	0	-74.36	-98.67	271.12	0	748.8	0.1012	10.9374	8	0	0	1	0	0	2	0	nue	QE	CC	962.1	957.5	0.24	1.80		0.3860	28774.1	0	4	1	0	1	1	21	20
712	43	25	0	0	1000014	7	7	same	1	0	1	235.2	0	0	111.10	-138.56	160.72	0	675.4	4.0134	-15.0000	4	0	1	0	0	0	3	1	numu	QE	CC	740.6	616.3	0.215	0.67		0.3620	13008.6	1	1000014	1	0	0	0	13	12
712	43	28	0	0	13	8	8	same	1	0	0	19.2	0	0	-121.19	185.08	158.81	0	217.0	0.0669	-15.0000	8	0	0	1	0	0	1	0	numu	QE	CC	405.8	114.4	0.671	2.10		0.8113	3183.9	0	13	1	0	0	0	2	1
712	43	31	0	0	1000014	15	15	same	1	0	1	241.9	0	0	56.50	118.25	184.72	0	749.1	5.6557	-15.0000	4	0	1	0	0	0	1	0	numu	MEC	CC	951.2	779.9	1.391	1.06		1.5398	16709.1	1	1000014	1	0	0	0	8	7
712	43	32	0	0	1000017	15	15	same	20	0	1	32.4	0	0	-2.70	-53.15	50.42	0	565.9	0.3724	-15.0000	4	0	1	0	0	0	2	1	numu	RES	NC	894.3	306.9	1.195	25.58		1.3389	4490.4	1	7	1	0	0	0	26	6
712	43	45	0	0	11	4	4	same	1	0	1	196.4	0	0	-112.76	-179.05	244.03	0	571.8	2.8767	-15.0000	4	0	1	0	0	0	2	1	numu	MEC	CC	662.1	551.3	1.526	0.31		1.6696	18341.0	0	11	1	0	0	0	2	1
712	43	50	0	0	1000009	13	13	same	1	0	1	52.8	0	0	88.21	-110.47	36.30	0	544.4	1.1618	-15.0000	4	0	1	0	0	0	1	0	numu	RES	CC	631.4	364.4	0.553	1.27		0.6980	6168.4	1	1000009	1	0	0	0	5	4
712	92	20	0	0	12	15	15	same	2	0	0	236.7	1	1	-125.74	156.28	269.15	0	670.5	3.8495	-15.0000	4	0	1	0	0	0	4	3	numu	QE	CC	818.1	576.4	0.504	0.94		0.6470	11240.9	0	12	1	0	0	0	5	3
712	92	28	0	0	11	6	6	same	1	0	1	251.1	0	0	-140.28	26.29	142.28	0	1059.2	3.7386	-15.0000	4	0	1	0	0	0	1	0	numu	RES	CC	1105.6	808.8	1.011	13.38		1.1524	23723.0	0	11	1	0	0	0	6	5
712	92	31	0	0	10	6	6	same	1	0	0	287.7	0	0	-171.20	-175.70	0.62	0	818.3	-5.5323	-15.0000	6	1	1	0	0	1	1	0	numu	DIS	CC	4096.4	658.9	0.524	849.46		0.6925	19602.9	0	10	1	0	0	0	3	2
712	92	34	0	0	9	6	6	same	1	0	0	191.5	0	0	-57.60	-127.69	221.13	0	667.4	5.4019	-15.0000	4	0	1	0	0	0	4	3	numu	QE	CC	1062.2	520.4	1.242	1.13		1.3898	9632.9	0	9	1	0	0	0	2	1
712	92	36	0	0	1000015	9	9	same	1	0	0	49.5	0	0	132.87	47.96	484.48	0	426.8	1.7539	-15.0000	4	0	1	0	0	0	1	0	numu	QE	CC	368.3	300.4	1.138	1.25		1.2780	5809.3	1	1000015	1	0	0	0	6	5
712	92	49	0	0	1000009	15	15	same	5	0	1	26.7	0	0	8.23	55.53	389.99	0	212.7	-1.2882	-15.0000	10	1	0	1	0	1	1	0	numu	RES	NC	464.0	234.9	0.772	0.78		0.9150	3501.2	1	8	1	0	0	0	11	6
712	94	7	0	0	11	11	11	same	1	0	0	51.2	0	0	-149.47	177.15	458.45	0	375.6	3.2462	-15.0000	4	0	1	0	0	0	4	2	numu	MEC	CC	821.4	214.7	1.266	0.53		1.4040	4289.6	0	11	1	0	0	0	2	1
712	94	9	0	0	1000010	7	7	same	1	0	1	107.9	0	0	115.28	125.33	193.80	0	1016.3	2.9668	-15.0000	4	0	1	0	0	0	4	3	numu	RES	CC	970.9	823.4	0.425	1.58		0.5673	20517.4	1	1000010	1	0	0	0	10	9
712	94	11	0	0	9	12	12	same	3	1	1	54.9	1	1	-22.77	5.08	114.38	0	326.3	0.8919	-15.0000	6	1	1	0	0	1	3	0	numu	QE	CC	287.8	228.0	0.217	0.75		0.8960	11417.6	0	9	1	0	0	0	17	14
712	94	14	0	0	10	5	5	same	2	0	0	84.4	0	0	-181.18	-173.20	325.95	0	534.7	2.2022	-15.0000	6	1	1	0	0	1	1	0	numu	QE	CC	861.8	456.9	1.017	0.44		1.1540	20799.2	0	10	1	0	0	0	5	3
712	94	16	0	0	13	33	33	same	9	0	1	34.1	0	0	-2.32	152.05	379.79	0	312.1	-0.9610	-15.0000	8	0	0	1	0	0	1	0	numu	QE	NC	545.2	132.2	1.385	235.16		1.5275	2374.1	0	13	1	0	0	0	11	2
712	94	18	0	0	1000005	8	8	same	1	0	1	126.8	0	0	180.30	-27.49	207.21	0	450.3	2.1551	-15.0000	4	0	1	0	0	0	1	0	numu	QE	CC	551.2	465.8	1.337	0.52		1.4740	17440.6	1	1000005	1	0	0	0	15	14
712	94	22	0	0	6	81	10	not_in_act	7	0	0	206.0	0	0	-66.85	-93.47	258.57	0	1161.3	-0.4219	-15.0000	8	0	0	1	0	0	2	0	numu	RES	CC	1098.5	886.3	1.546	0.38		1.6888	29306.3	0	6	1	1	0	0	12	5
712	94	25	0	0	8	18	18	same	3	0	0	94.0	0	0	-196.56	-146.05	429.10	0	471.9	3.5484	-15.0000	4	0	1	0	0	0	2	0	numu	QE	CC	1127.6	360.9	0.945	0.42		1.0813	13407.2	0	8	1	0	0	0	11	8
713	7	2	0	0	11	5	5	same	1	0	1	58.2	0	0	-46.38	-93.69	235.34	0	185.5	2.0782	-15.0000	6	1	1	0	0	1	2	1	numu	RES	CC	698.2	494.6	1.469	7.18		1.6162	10789.4	0	11	1	0	0	0	10	9
713	7	3	0	0	1000009	10	10	same	2	0	0	40.1	0	0	116.18	-31.81	499.55	0	126.7	-1.2341	-10.2327	10	1	0	1	0	1	1	0	numu	RES	CC	1012.0	215.2	1.476	69.67		1.6213	5069.4	1	1000009	1	0	1	1	7	5
713	7	6	0	0	1000006	12	12	same	1	0	1	1.8	0	0	159.01	-59.42	157.05	0	22.4	-2.8137	-15.0000	8	0	0	1	0	0	1	0	numu	QE	NC	1245.8	60.9	0.312	0.03		0.4500	3819.7	1	1000006	1	0	0	0	10	9
713	7	7	0	0	11	7	7	same	1	0	1	227.7	0	0	-95.31	-93.28	150.72	0	656.3	3.5690	-15.0000	4	0	1	0	0	0	2	1	numu	QE	CC	728.7	638.7	0.974	0.47		1.1194	17517.9	0	11	1	0	0	0	5	4
713	7	17	0	0	6	8	8	same	1	0	1	87.0	0	0	-190.22	84.90	292.32	0	444.8	2.9848	-15.0000	4	0	1	0	0	0	1	0	numu	QE	CC	457.4	333.2	1.262	0.23		1.4000	9024.2	0	6	1	0	0	0	4	3
713	7	18	0	0	1000011	14	14	same	1	0	0	1.1	0	0	0.00	0.00	0.00	1	0.0	-1.9417	-15.0000	0	0	0	0	0	0	2	-1				-1	-1	-1	-1		0.5407	6020.9	1	14	0	0	0	0	1	0
713	7	20	0	0	1000012	17	17	same	3	0	1	113.8	0	0	26.35	-130.68	249.41	0	555.8	2.8852	-15.0000	4	0	1	0	0	0	1	0	numu	RES	CC	759.0	489.0	0.673	1.68		0.8204	5266.8	1	11	1	0	0	0	7	4
713	7	22	0	0	1000007	78	11	in_act_not_selected	26	0	1	37.4	0	0	71.41	-87.33	341.89	0	696.4	0.3455	-11.6267	8	0	0	1	0	0	1	0	numu	RES	CC	961.4	769.4	1.132	42.81		1.2780	18029.1	1	1000007	1	1	1	1	41	15
713	7	28	0	0	1000015	105	29	in_act_not_selected	26	1	0	330.7	1	1	59.02	4.44	170.62	0	1307.4	-0.4349	-15.0000	8	0	0	1	0	0	2	1	numu	RES	CC	1557.6	1091.9	1.45	1.26		0.3142	6237.5	1	23	1	1	0	0	29	3
713	7	36	0	0	6	13	13	same	3	0	1	38.5	0	0	-54.00	76.12	365.91	0	542.6	0.0122	-15.0000	8	0	0	1	0	0	1	0	numu	RES	NC	1149.8	470.9	1.0	2.53		1.1476	8794.9	0	6	1	0	0	0	14	11
713	8	9	0	0	14	8	8	same	1	0	0	332.0	0	0	-23.50	-115.91	185.54	0	986.0	5.5392	-15.0000	4	0	1	0	0	0	1	0	numu	QE	CC	1197.7	790.7	1.355	0.89		1.5038	16999.7	0	14	1	0	0	0	1	0
713	8	10	0	0	6	2	2	same	1	0	0	79.6	0	0	-120.86	122.69	429.35	0	483.4	-0.0785	-15.0000	8	0	0	1	0	0	2	1	numu	QE	NC	804.1	365.7	1.097	0.61		1.2400	4160.2	0	6	1	0	0	0	1	0
713	8	12	0	0	13	13	13	same	1	0	1	212.8	0	0	-60.01	177.39	219.91	0	611.4	2.3139	-15.0000	4	0	1	0	0	0	2	1	numu	QE	CC	750.6	638.1	0.729	2.04		0.8740	13553.1	0	13	1	0	0	0	2	1
713	8	18	0	0	6	10	10	same	3	0	1	9.1	0	0	-86.68	25.41	492.97	0	101.9	-1.1509	-15.0000	8	0	0	1	0	0	1	0	nue	QE	NC	787.5	104.2	1.516	6.21		1.6612	1454.6	0	6	1	0	0	0	3	0
713	8	19	0	0	1000006	11	11	same	1	0	1	73.8	0	0	76.64	42.44	310.00	0	549.0	1.3910	-15.0000	4	0	1	0	0	0	1	0	numu	MEC	CC	830.0	596.7	0.261	0.97		0.4070	14081.0	1	1000006	1	0	0	0	13	12
713	8	26	0	0	1000010	12	12	same	7	0	1	34.6	0	0	102.69	-82.79	142.20	0	683.7	1.4849	-15.0000	4	0	1	0	0	0	1	0	numu	RES	NC	1311.8	581.5	1.146	50.14		1.2931	11242.7	1	15	1	0	0	0	20	13
713	8	29	0	0	1000009	13	13	same	1	0	0	74.9	0	0	68.04	191.17	240.78	0	1547.9	1.5852	6.0591	40	0	0	1	1	0	3	2	numu	DIS	CC	3731.2	1678.8	0.089	2.44		0.2348	30507.3	1	1000009	1	0	1	1	42	41
713	8	32	0	0	1000011	14	14	same	11	0	1	194.8	0	0	42.27	-28.01	145.61	0	887.9	3.8976	-15.0000	4	0	1	0	0	0	1	0	numu	RES	CC	1120.2	958.9	1.485	0.71		1.6345	19455.0	1	10	1	0	0	0	18	7
713	8	33	0	0	1000010	14	14	same	3	0	0	179.5	0	0	114.96	54.10	461.35	0	1045.5	2.0546	-15.0000	4	0	1	0	0	0	1	0	numu	RES	CC	1739.2	589.7	1.533	0.78		1.6747	15819.8	1	10	1	0	0	0	9	6
713	8	39	0	0	9	30	30	same	33	1	1	157.3	1	1	-116.98	94.93	74.94	0	1316.6	1.4548	-15.0000	4	0	1	0	0	0	5	4	numu	RES	CC	1358.0	1152.6	0.386	0.72		0.9700	42540.2	0	9	1	0	0	0	34	1
713	8	41	0	0	11	16	16	same	7	0	1	276.4	0	0	-123.74	-60.65	71.91	0	1063.3	5.1715	-15.0000	4	0	1	0	0	0	1	0	numu	MEC	CC	1148.1	936.8	0.197	0.44		0.3411	29886.2	0	11	1	0	0	0	14	7
713	9	6	0	0	1000011	74	15	not_in_act	3	0	0	489.1	0	0	192.83	4.41	72.86	0	1205.2	0.6711	-15.0000	8	0	0	1	0	0	3	2	numu	RES	CC	3628.3	1964.3	0.402	7.13		0.5396	67007.8	1	9	1	1	0	0	44	41
713	9	35	0	0	1000005	8	8	same	1	0	1	40.4	0	0	159.55	-9.51	438.69	0	457.8	0.6100	-15.0000	4	0	1	0	0	0	4	3	numu	MEC	CC	527.1	406.6	0.529	0.17		0.6680	10671.0	1	1000005	1	0	0	0	8	7
713	9	37	0	0	5	12	12	same	7	0	1	46.2	0	0	-149.23	-125.03	55.95	0	293.8	-0.4037	-15.0000	4	0	1	0	0	0	4	0	numu	RES	NC	894.0	290.0	0.269	0.36		0.4073	5204.4	0	5	1	0	0	0	14	7
713	9	49	0	0	3	24	24	same	16	1	1	82.4	1	1	-85.60	57.85	431.84	0	385.8	3.1425	-15.0000	4	0	1	0	0	0	2	0	numu	QE	CC	378.0	323.5	1.457	1.55		1.5720	7979.0	0	3	1	0	0	0	17	1
713	10	1	0	0	7	4	4	same	1	0	1	19.1	0	0	-48.57	-149.49	5.34	0	168.4	-3.2914	-15.0000	8	0	0	1	0	0	1	0	numu	QE	NC	600.0	158.8	0.876	2.00		1.0233	1807.9	0	7	1	0	0	0	1	0
713	10	16	0	0	12	59	9	not_in_act	1	0	0	275.3	0	0	-55.59	101.75	23.71	0	1262.2	0.9273	-15.0000	4	0	1	0	0	0	3	2	numu	MEC	CC	1832.1	1052.2	0.366	1.90		0.5147	20924.9	0	12	1	1	0	0	8	7
713	10	18	0	0	14	3	3	same	1	0	1	1.8	0	0	-194.77	85.00	415.18	0	108.0	-1.7482	-15.0000	8	0	0	1	0	0	1	0	numu	QE	CC	973.4	0.4	0.261	172.34		0.4100	1688.4	0	14	1	0	0	0	1	0
713	10	21	0	0	4	29	4	not_in_act	2	0	0	3.2	0	0	-1.30	101.30	48.55	0	116.4	-1.5112	-15.0000	8	0	0	1	0	0	1	0	numu	QE	NC	1548.7	190.6	0.439	83.85		0.5862	3246.9	0	4	1	1	0	0	20	18
713	10	27	0	0	11	15	15	same	11	0	1	33.7	0	0	-18.21	149.95	51.70	0	451.6	-1.0012	-12.4121	6	1	1	0	0	1	3	0	numu	RES	NC	1822.9	419.5	1.048	24.29		1.1946	9201.8	0	11	1	0	1	1	15	4
713	13	2	0	0	1000010	10	10	same	1	0	0	35.7	0	0	88.08	57.93	469.89	0	385.7	2.8621	-3.4370	4	0	1	0	0	0	3	0	numu	MEC	CC	1360.3	349.9	1.478	1.46		1.6225	4894.5	1	1000010	1	0	1	1	1	0
713	13	5	0	0	1000009	12	12	same	2	0	1	76.4	0	0	15.08	13.63	5.40	0	315.9	-0.5340	-15.0000	6	1	1	0	0	1	1	0	numu	RES	CC	1181.4	217.0	1.204	337.46		1.3622	4007.8	1	8	1	0	0	0	2	0
713	13	17	0	0	1000014	16	16	same	2	0	1	1.7	0	0	179.37	125.88	329.19	0	117.2	-2.1858	-15.0000	8	0	0	1	0	0	4	0	numu	QE	NC	486.3	49.5	0.922	46.70		1.0640	3166.5	1	1000014	1	0	0	0	8	6
713	13	22	0	0	11	10	10	same	13	0	0	208.2	0	0	-91.63	110.84	307.22	0	883.4	4.8430	-15.0000	4	0	1	0	0	0	1	0	numu	QE	CC	2183.8	660.7	0.526	0.53		0.6713	11584.4	0	11	1	0	0	0	22	9
713	13	27	0	0	1000011	9	9	same	3	0	0	247.2	0	0	109.95	-18.33	307.63	0	789.6	5.2846	-15.0000	4	0	1	0	0	0	2	1	numu	QE	CC	895.4	608.9	0.808	0.68		0.9544	11603.1	1	17	1	0	0	0	3	0
713	13	35	0	0	10	15	15	same	7	0	1	19.6	0	0	-55.85	-91.50	80.22	0	119.4	-1.5087	-8.6237	8	0	0	1	0	0	1	0	numu	RES	NC	1309.0	264.3	0.481	16.27		0.6302	6803.6	0	10	1	0	1	1	16	9
713	13	46	0	0	1000006	20	20	same	2	0	0	43.9	0	0	111.03	-189.60	272.76	0	246.6	0.6592	-15.0000	4	0	1	0	0	0	1	0	numu	QE	CC	726.8	186.2	0.468	2.87		0.6130	4483.1	1	11	1	0	0	0	4	2
713	13	48	0	0	1000013	29	29	same	2	0	0	35.0	0	0	121.08	-98.20	472.22	0	672.2	0.9491	-15.0000	4	0	1	0	0	0	2	0	numu	RES	CC	1365.7	427.4	1.232	1.76		1.3700	13664.0	1	1000013	1	0	0	0	12	10
713	16	1	0	0	1000012	14	14	same	2	0	0	93.9	0	0	164.62	107.93	245.67	0	1274.1	1.8239	-5.5046	4	0	1	0	0	0	1	0	numu	DIS	NC	5151.7	1881.9	1.091	4.19		1.2260	97908.4	1	1000012	1	0	1	1	32	30
713	16	5	0	0	11	1	1	same	1	0	0	292.1	0	0	-52.38	-44.92	262.26	0	930.4	4.7133	-15.0000	4	0	1	0	0	0	2	1	numu	QE	CC	1445.2	754.4	0.372	0.35		0.5173	20413.0	0	11	1	0	0	0	1	0
713	16	14	0	0	1000009	13	13	same	2	0	1	453.6	0	0	28.76	46.71	4.82	0	1221.7	4.7662	-15.0000	4	0	1	0	0	0	3	0	numu	QE	CC	2817.4	1063.1	1.405	611.99		1.5791	21667.6	1	12	1	0	0	0	5	3
713	16	21	0	0	24	8	8	same	2	0	0	55.1	0	0	-201.37	32.87	219.07	0	341.3	-1.8651	-15.0000	6	1	1	0	0	1	2	1	numu	MEC	CC	858.7	178.2	0.702	438.19		0.8480	19284.7	0	24	1	0	0	0	7	5
713	16	25	0	0	18	7	7	same	1	0	0	208.6	0	0	-113.48	199.83	158.96	0	652.0	-2.1190	-15.0000	6	1	1	0	0	1	4	1	numu	RES	CC	705.2	556.3	1.181	227.88		1.5510	16364.5	0	18	1	0	0	0	3	2
713	16	25	1	1	1000011	22	22	same	1	0	1	62.4	0	0	20.41	54.01	47.93	0	801.7	1.9044	-15.0000	4	0	1	0	0	0	4	1	numu	RES	CC	705.2	556.3	1.181	2.15		1.3268	8613.1	1	17	1	0	0	0	2	1
713	16	29	0	0	1000011	19	11	in_act_not_selected	10	0	1	3.2	0	0	-9.46	-10.28	313.40	0	154.1	-2.4972	-15.0000	8	0	0	1	0	0	1	0	numu	RES	NC	925.6	146.8	0.218	241.13		0.3742	2853.0	1	5	1	1	0	0	22	12
713	16	36	0	0	12	41	7	not_in_act	1	0	1	138.8	0	0	-161.63	125.25	141.65	0	534.3	-0.4696	-15.0000	8	0	0	1	0	0	1	0	numu	RES	CC	1339.1	663.1	0.84	4.52		0.9805	20429.6	0	12	1	1	0	0	5	4
713	16	37	0	0	6	7	7	same	1	0	0	198.2	0	0	-155.81	175.53	227.17	0	594.3	4.2399	-15.0000	4	0	1	0	0	0	2	0	numu	QE	CC	1278.1	598.9	0.255	2.21		0.3967	14142.0	0	6	1	0	0	0	3	2
713	16	41	0	0	1000013	8	8	same	1	0	1	102.9	0	0	146.33	-29.27	275.22	0	554.5	3.6490	-15.0000	4	0	1	0	0	0	3	2	numu	QE	CC	725.0	433.3	0.371	0.31		0.5090	19223.9	1	1000013	1	0	0	0	8	7
713	16	43	0	0	1000013	14	14	same	1	0	1	391.7	0	0	171.69	58.47	77.61	0	1078.5	3.7036	-15.0000	4	0	1	0	0	0	2	1	numu	QE	CC	1117.3	1023.9	0.858	0.97		0.9992	34222.2	1	1000013	1	0	0	0	16	15
713	16	45	0	0	1000005	7	7	same	1	0	0	41.2	0	0	119.98	13.04	468.45	0	361.7	3.7442	-15.0000	4	0	1	0	0	0	2	0	numu	QE	CC	2058.8	218.5	0.795	0.89		0.9360	5375.1	1	1000005	1	0	0	0	2	1
713	20	1	0	0	5	8	8	same	1	0	1	114.1	0	0	-118.30	-101.72	101.15	0	912.0	2.6048	-15.0000	4	0	1	0	0	0	4	3	numu	RES	CC	791.3	661.9	1.462	0.50		1.6048	16232.5	0	5	1	0	0	0	5	4
713	20	3	0	0	4	5	5	same	2	0	0	216.7	0	0	-153.22	-30.64	106.40	0	867.6	4.7207	-15.0000	4	0	1	0	0	0	3	1	numu	RES	CC	1059.9	777.7	0.463	0.27		0.6025	31409.4	0	4	1	0	0	0	4	2
713	20	13	0	0	10	4	4	same	2	0	0	38.0	0	0	-185.11	51.88	318.22	0	395.9	3.0281	-15.0000	4	0	1	0	0	0	1	0	numu	MEC	CC	1226.0	309.3	0.316	0.99		0.4530	14282.3	0	10	1	0	0	0	2	0
713	20	23	0	0	12	51	15	not_in_act	6	0	1	214.9	1	1	-29.86	172.66	35.06	0	622.5	-0.4337	-15.0000	8	0	0	1	0	0	1	0	numu	MEC	CC	1040.1	822.8	0.459	1.45		0.6033	14886.5	0	12	1	1	0	0	14	8
713	20	37	0	0	14	11	11	same	5	0	1	142.4	0	0	-102.42	-25.00	5.65	0	486.7	2.4847	-15.0000	4	0	1	0	0	0	2	0	numu	QE	CC	485.6	417.0	0.173	1.73		0.3180	7508.5	0	14	1	0	0	0	5	0
713	20	38	0	0	1000010	14	14	same	3	0	1	43.0	1	1	63.51	-143.65	453.10	0	273.4	-1.6883	-15.0000	8	0	0	1	0	0	1	0	numu	MEC	NC	514.2	282.5	0.585	1.07		0.7300	2842.8	1	8	1	0	0	0	3	0
713	20	44	0	0	1000009	9	9	same	1	0	1	375.7	0	0	31.47	131.61	316.88	0	1103.3	2.4393	-13.0491	8	0	0	1	0	0	1	0	numu	QE	NC	941.5	49.7	0.896	356.02		1.0390	1050.8	1	1000009	1	0	1	1	2	1
713	21	28	0	0	1000008	15	15	same	1	0	1	1.7	0	0	190.20	-185.72	298.78	0	115.4	-2.5065	-15.0000	8	0	0	1	0	0	3	2	numu	RES	NC	537.8	34.7	0.24	38.83		0.3760	1316.2	1	1000008	1	0	0	0	8	7
713	21	37	0	0	5	3	3	same	2	0	0	93.9	0	0	-172.56	-92.39	311.19	0	1120.9	3.4610	-15.0000	4	0	1	0	0	0	1	0	numu	RES	NC	2159.6	795.7	0.184	3.11		0.3200	41260.5	0	5	1	0	0	0	10	8
713	23	5	0	0	1000016	15	15	same	1	0	0	423.0	0	0	66.09	-5.33	156.97	0	1919.0	2.5843	-6.0680	4	0	1	0	0	0	2	0	numu	DIS	CC	2277.7	1735.0	1.429	0.98		1.5778	39347.0	1	1000016	1	0	1	1	11	10
713	23	5	1	1	8	3	3	same	2	0	0	29.4	0	0	-198.96	156.80	111.53	0	407.1	1.3093	-15.0000	4	0	1	0	0	0	2	1	numu	RES	CC	1044.5	177.5	0.953	0.24		1.0860	41655.0	0	8	1	0	0	0	5	3
713	23	11	0	0	1000014	18	18	same	20	0	1	258.0	0	0	-54.47	-56.07	92.29	0	1240.2	4.1665	-15.0000	4	0	1	0	0	0	1	0	numu	RES	CC	1064.2	1158.9	1.35	0.89		1.4993	9673.2	1	9	1	0	0	0	23	3
713	23	19	0	0	19	26	26	same	3	0	1	34.5	0	0	-78.74	31.53	91.86	0	637.6	0.7004	-15.0000	4	0	1	0	0	0	1	0	numu	RES	NC	1571.6	761.7	0.309	0.70		0.4555	17708.4	0	19	1	0	0	0	23	20
713	23	24	0	0	1000008	13	13	same	2	0	1	266.2	0	0	55.76	14.87	129.13	0	1027.9	4.8148	-15.0000	4	0	1	0	0	0	1	0	numu	RES	CC	1188.4	874.7	0.121	0.72		0.2675	12746.9	1	8	1	0	0	0	8	6
713	23	30	0	0	10	19	19	same	2	0	0	188.6	1	1	-60.60	95.63	158.02	0	733.7	4.7623	-15.0000	4	0	1	0	0	0	1	0	numu	QE	CC	1193.6	571.4	0.743	0.73		0.8923	11120.1	0	10	1	0	0	0	9	7
713	23	31	0	0	1000008	12	12	same	1	0	1	28.1	0	0	83.46	2.66	67.62	0	319.0	-0.3962	-10.9938	8	0	0	1	0	0	2	1	numu	RES	NC	618.1	340.1	1.311	18.94		1.4571	6812.9	1	1000008	1	0	1	1	18	17
713	23	35	0	0	13	14	20	in_act_not_selected	3	0	0	285.3	0	0	0.43	186.55	269.72	0	718.4	-0.2333	-15.0000	10	1	0	1	0	1	3	1	numu	QE	CC	1058.8	704.4	0.883	4.55		1.0304	10851.4	0	13	1	1	0	0	4	1
713	23	36	0	0	10	16	16	same	4	0	1	2.8	0	0	-104.31	-166.38	64.46	0	122.8	-2.4420	-15.0000	8	0	0	1	0	0	1	0	numu	RES	NC	1433.3	49.6	0.234	159.31		0.3740	2235.9	0	10	1	0	0	0	11	7
713	23	38	0	0	5	13	13	same	3	0	0	21.0	0	0	-75.66	99.06	0.40	0	71.4	-1.4894	-15.0000	10	1	0	1	0	1	2	0	numu	QE	CC	685.8	0.0	0.561	304.32		0.7187	812.5	0	5	1	0	0	0	3	0
713	23	40	0	0	14	26	26	same	3	0	1	2.6	0	0	-0.50	-55.37	61.18	0	16.1	-2.1314	-15.0000	8	0	0	1	0	0	2	1	numu	DIS	NC	1609.7	292.0	0.417	109.37		0.5673	5718.3	0	14	1	0	0	0	4	1
713	23	49	0	0	7	10	10	same	3	0	1	98.5	0	0	-67.20	-80.61	441.09	0	1228.5	0.6305	-15.0000	4	0	1	0	0	0	1	0	numu	DIS	CC	1803.9	1150.4	1.231	1.11		1.3768	18719.1	0	7	1	0	0	0	26	23
713	24	7	0	0	13	11	11	same	2	0	0	127.9	0	0	-140.47	52.52	103.05	0	1582.7	3.7357	-15.0000	4	0	1	0	0	0	1	0	numu	DIS	CC	2029.6	1425.3	1.463	0.35		1.5990	65620.7	0	13	1	0	0	0	41	39
713	24	14	0	0	8	6	6	same	1	0	1	287.2	0	0	-35.07	-75.61	267.54	0	1334.9	4.4831	-15.0000	4	0	1	0	0	0	1	0	numu	QE	CC	1118.9	1019.2	0.334	1.38		0.4840	19051.4	0	8	1	0	0	0	8	7
713	24	18	0	0	12	6	6	same	1	0	1	19.2	0	0	-115.47	141.03	486.49	0	336.4	-0.0806	-15.0000	4	0	1	0	0	0	1	0	numu	RES	NC	881.4	326.7	0.151	0.75		0.2930	4541.4	0	12	1	0	0	0	9	8
713	24	25	0	0	7	63	5	not_in_act	1	0	1	26.4	0	0	-52.07	-9.15	166.13	0	410.4	-0.5435	-15.0000	8	0	0	1	0	0	2	1	numu	RES	NC	713.6	392.0	1.26	0.62		1.4077	8897.8	0	7	1	1	0	0	23	22
713	24	32	0	0	9	2	2	same	2	0	0	17.8	1	1	0.00	0.00	0.00	1	0.0	-1.9417	-15.0000	0	0	0	0	0	0	1	-1				-1	-1	-1	-1		1.6500	43349.3	0	9	0	0	0	0	3	1
713	24	34	0	0	12	8	8	same	1	0	1	19.6	0	0	-193.79	44.99	433.36	0	190.6	-1.1771	-15.0000	10	1	0	1	0	1	2	1	numu	RES	NC	979.3	275.2	1.099	0.75		1.2320	18631.8	0	12	1	0	0	0	12	11
713	24	37	0	0	14	3	3	same	1	0	1	213.7	0	0	-122.56	-62.27	164.00	0	844.0	3.6366	-15.0000	4	0	1	0	0	0	3	2	numu	MEC	CC	881.8	749.0	1.222	0.92		1.3671	19482.5	0	14	1	0	0	0	3	2
713	24	40	0	0	1000013	61	14	not_in_act	4	0	1	56.4	0	0	156.39	185.53	125.17	0	399.0	-0.4595	-15.0000	8	0	0	1	0	0	1	0	numu	RES	CC	663.9	554.0	1.314	15.01		1.4500	14014.6	1	1000013	1	1	0	0	24	20
713	24	42	0	0	10	19	19	same	2	0	1	101.3	1	1	-159.32	25.45	48.46	0	956.0	3.0905	-15.0000	4	0	1	0	0	0	1	0	numu	RES	CC	803.0	755.7	0.933	3.10		1.0725	18519.3	0	10	1	0	0	0	4	2
713	24	43	0	0	10	2	2	same	1	0	1	57.9	0	0	-172.42	-17.22	309.27	0	374.0	-0.8607	-15.0000	6	1	1	0	0	1	1	0	numu	QE	CC	602.4	435.3	0.717	3.70		0.8540	17361.5	0	10	1	0	0	0	2	1
713	26	7	0	0	16	25	25	same	7	0	1	291.0	0	0	92.97	156.96	287.32	0	918.1	5.8919	-15.0000	4	0	1	0	0	0	1	0	numu	QE	CC	918.0	756.4	0.902	1.26		1.0530	4247.8	0	16	1	0	0	0	11	4
713	26	28	0	0	5	6	6	same	1	0	1	80.5	0	0	-74.13	3.32	86.59	0	716.3	1.8975	-15.0000	4	0	1	0	0	0	3	2	numu	RES	CC	769.3	631.3	0.63	0.72		0.7760	11980.9	0	5	1	0	0	0	8	7
713	26	35	0	0	1000007	32	8	not_in_act	1	0	0	43.6	0	0	96.93	177.21	59.91	0	493.2	0.4414	-15.0000	8	0	0	1	0	0	4	2	numu	QE	CC	687.7	360.3	1.293	1.17		1.4380	5153.6	1	1000007	1	1	0	0	4	3
713	28	2	0	0	9	7	7	same	2	0	0	57.0	0	0	-197.90	-108.31	385.16	0	500.3	1.9518	-15.0000	4	0	1	0	0	0	2	1	numu	RES	CC	709.5	392.9	0.924	0.37		1.0580	17289.6	0	9	1	0	0	0	17	15
713	28	3	0	0	1000006	19	19	same	2	0	0	311.1	0	0	-46.66	45.99	252.10	0	942.8	3.3775	-15.0000	4	0	1	0	0	0	2	1	numu	QE	CC	967.4	807.6	0.126	0.50		0.2767	9777.2	1	7	1	0	0	0	6	4
713	28	4	0	0	9	15	15	same	3	0	0	23.5	0	0	-24.68	-147.04	461.77	0	229.3	-1.8339	-15.0000	8	0	0	1	0	0	1	0	numu	RES	NC	667.0	205.5	0.626	3.09		0.7713	3096.6	0	9	1	0	0	0	9	6
713	28	8	0	0	1000007	20	20	same	6	1	0	54.7	1	1	201.34	104.58	103.48	0	328.1	-2.1074	-15.0000	10	1	0	1	0	1	2	1	numu	MEC	CC	1299.1	349.9	0.308	13.95		0.4400	70434.0	1	1000007	1	0	0	0	11	5
713	28	13	0	0	1000005	22	22	same	18	0	0	274.2	0	0	12.63	50.81	306.45	0	1101.4	2.2246	-15.0000	6	1	1	0	0	1	2	1	numu	RES	CC	1235.4	1064.8	0.506	4.76		0.6515	22102.6	1	6	1	0	0	0	23	5
713	28	17	0	0	1000008	18	18	same	2	0	1	14.5	0	0	136.97	64.02	455.50	0	175.1	-2.5848	-15.0000	8	0	0	1	0	0	1	0	numu	MEC	NC	578.7	279.7	1.324	2.02		1.4630	7043.9	1	1000008	1	0	0	0	26	24
713	28	23	0	0	1000008	16	16	same	2	0	1	55.8	1	1	84.86	-183.43	458.05	0	545.3	2.6091	-15.0000	4	0	1	0	0	0	1	0	numu	RES	CC	777.2	746.5	1.343	2.69		1.4860	12288.9	1	1000008	1	0	0	0	10	8
713	28	30	0	0	12	3	3	same	1	0	1	142.1	0	0	-54.02	-113.68	167.67	0	696.1	4.2974	-15.0000	4	0	1	0	0	0	1	0	numu	QE	CC	692.2	587.0	0.711	0.91		0.8590	10592.7	0	12	1	0	0	0	6	5
713	28	32	0	0	1000008	16	16	same	1	0	1	3.0	0	0	144.03	-158.29	412.96	0	118.8	-2.6218	-15.0000	10	1	0	1	0	1	2	1	numu	RES	CC	612.7	33.2	0.834	88.19		0.9750	4402.4	1	1000008	1	0	0	0	12	11
713	30	1	0	0	13	2	2	same	1	0	1	221.7	0	0	-117.93	112.68	113.17	0	728.4	0.8512	-15.0000	10	1	0	1	0	1	2	0	numu	QE	CC	693.8	605.9	1.485	0.40		1.6273	21170.2	0	13	1	0	0	0	17	16
713	30	4	0	0	1000008	13	13	same	12	1	0	28.0	1	1	140.87	-195.78	375.65	0	419.1	-0.3675	-15.0000	4	0	1	0	0	0	1	0	numu	RES	CC	2288.6	650.1	1.397	66.28		1.5427	14163.5	1	9	1	0	0	0	14	2
713	30	6	0	0	1000006	29	6	not_in_act	1	0	1	29.0	0	0	166.08	-129.96	346.18	0	775.5	0.3101	-15.0000	8	0	0	1	0	0	1	0	numu	RES	CC	642.7	507.0	1.322	0.18		1.4607	13728.5	1	1000006	1	1	0	0	13	12
713	30	10	0	0	1000006	14	14	same	1	0	0	179.2	0	0	142.46	-75.07	206.38	0	837.5	5.0040	-15.0000	4	0	1	0	0	0	2	1	numu	QE	CC	933.6	661.0	0.292	0.40		0.4330	18105.6	1	1000006	1	0	0	0	3	2
713	30	12	0	0	5	2	2	same	1	0	0	33.3	0	0	-90.14	-189.41	361.20	0	209.7	-0.2166	-15.0000	4	0	1	0	0	0	1	0	numu	QE	CC	326.8	125.0	0.432	2.24		0.5800	2437.0	0	5	1	0	0	0	2	1
713	30	16	0	0	11	2	2	same	2	0	1	2.5	0	0	-173.38	-25.98	219.44	0	140.4	-2.0706	-15.0000	8	0	0	1	0	0	2	0	numu	QE	NC	1215.2	92.0	1.412	31.14		1.5500	5517.5	0	11	1	0	0	0	19	17
713	30	22	0	0	7	1	1	same	1	0	0	15.5	0	0	-179.35	-199.85	457.80	0	147.0	-3.3126	-15.0000	10	1	0	1	0	1	1	0	numu	QE	NC	1181.8	186.9	0.946	37.10		1.0840	4538.0	0	7	1	0	0	0	1	0
713	30	26	0	0	8	18	18	same	10	0	1	49.3	0	0	-193.41	-163.41	219.42	0	954.0	-0.2212	-15.0000	8	0	0	1	0	0	2	0	numu	RES	CC	1106.8	1029.2	0.256	5.24		0.3940	24687.7	0	8	1	0	0	0	26	16
713	30	27	0	0	1000011	11	11	same	1	0	1	334.6	0	0	90.34	112.83	201.85	0	1386.5	4.6422	-10.5417	4	0	1	0	0	0	3	0	numu	RES	CC	1239.5	1062.5	0.408	0.88		0.5556	24104.9	1	1000011	1	0	1	1	16	15
713	30	37	0	0	1000008	16	16	same	7	0	1	19.4	0	0	81.32	75.93	103.97	0	215.9	-1.5320	-10.3012	8	0	0	1	0	0	1	0	numu	RES	NC	2714.1	273.3	1.466	19.75		1.6124	4812.1	1	12	1	0	1	1	13	6
713	30	40	0	0	1000012	7	7	same	1	0	0	0.9	0	0	0.00	0.00	0.00	1	0.0	-1.9417	-15.0000	0	0	0	0	0	0	1	-1				-1	-1	-1	-1		0.9866	1310.1	1	10	0	0	0	0	1	0
713	30	43	0	0	1000006	21	21	same	4	0	0	90.9	1	1	163.80	136.60	450.23	0	942.4	1.7885	-15.0000	4	0	1	0	0	0	1	0	numu	RES	CC	872.0	838.7	0.605	1.53		0.7380	28702.4	1	1000006	1	0	0	0	9	5
713	30	46	0	0	1000015	19	19	same	7	0	1	6.5	0	0	92.87	178.18	449.41	0	18.6	-0.9456	-15.0000	8	0	0	1	0	0	2	1	numu	RES	NC	833.8	46.8	0.4	178.46		0.5492	1125.5	1	7	1	0	0	0	9	2
713	30	48	0	0	1000017	12	12	same	1	0	0	127.7	0	0	25.55	120.38	95.32	0	1031.7	4.3191	-15.0000	4	0	1	0	0	0	2	1	numu	QE	CC	1104.2	655.2	0.574	1.63		0.7202	11283.7	1	1000017	1	0	0	0	7	6
713	31	7	0	0	1000009	10	10	same	2	0	0	204.1	1	1	147.12	3.06	334.69	0	836.7	4.5374	-15.0000	4	0	1	0	0	0	1	0	numu	QE	CC	802.0	690.8	0.207	0.28		0.3460	21370.0	1	1000009	1	0	0	0	2	0
713	31	18	0	0	1000009	13	13	same	1	0	1	86.8	0	0	132.77	127.48	392.18	0	632.5	2.6574	-15.0000	4	0	1	0	0	0	2	1	numu	RES	CC	780.6	688.5	0.413	1.66		0.5540	16778.4	1	1000009	1	0	0	0	8	7
713	31	31	0	0	1000017	17	17	same	1	0	1	156.8	0	0	91.25	-5.49	199.39	0	690.8	3.6590	-15.0000	4	0	1	0	0	0	2	1	numu	QE	CC	688.8	560.6	0.484	0.70		0.6298	10012.5	1	9	1	0	0	0	3	2
713	33	7	0	0	1000012	7	7	same	2	0	0	17.8	1	1	0.00	0.00	0.00	1	0.0	-1.9417	-15.0000	0	0	0	0	0	0	1	-1				-1	-1	-1	-1		1.2233	62047.2	1	1000012	0	0	0	0	4	2
713	33	13	0	0	1000007	7	7	same	1	0	1	38.2	0	0	81.42	93.75	314.25	0	725.4	-0.5408	-6.6649	8	0	0	1	0	0	2	0	numu	DIS	NC	1255.5	745.3	1.378	18.01		1.5247	15979.0	1	1000007	1	0	1	1	24	23
713	33	29	0	0	8	8	8	same	2	0	0	111.4	0	0	-171.46	-120.10	392.60	0	530.0	4.2898	-15.0000	4	0	1	0	0	0	2	0	numu	QE	CC	909.4	390.1	0.567	0.11		0.7020	37044.8	0	8	1	0	0	0	3	1
713	33	31	0	0	7	6	6	same	1	0	1	1.6	0	0	-168.45	-175.32	324.45	0	110.0	-2.4749	-15.0000	8	0	0	1	0	0	3	1	numu	RES	NC	540.9	99.0	0.593	263.86		0.7420	8778.8	0	7	1	0	0	0	3	2
713	33	49	0	0	1000009	12	12	same	2	0	1	194.2	1	1	58.37	127.17	274.91	0	650.6	1.2773	-15.0000	6	1	1	0	0	1	2	1	numu	QE	CC	809.0	550.9	1.148	1.84		1.5125	25796.1	1	1000009	1	0	0	0	5	3
713	35	17	0	0	10	6	6	same	1	0	0	90.6	0	0	-66.62	176.29	231.28	0	502.6	2.0770	-15.0000	4	0	1	0	0	0	2	0	numu	QE	CC	415.5	321.7	0.203	2.00		0.3440	5201.1	0	10	1	0	0	0	2	1
713	35	18	0	0	1000010	16	16	same	16	0	1	145.4	0	0	34.33	-130.87	268.71	0	887.8	3.7910	-15.0000	4	0	1	0	0	0	2	1	numu	RES	CC	968.5	808.6	0.62	1.68		0.7664	12938.9	1	12	1	0	0	0	17	1
713	38	9	0	0	1000016	7	7	same	1	0	0	152.9	0	0	37.50	-150.03	375.72	0	1485.7	3.1867	-8.4798	4	0	1	0	0	0	1	0	numu	DIS	CC	1836.4	1425.8	0.753	7.94		0.9000	22050.5	1	11	1	0	1	1	26	25
713	38	14	0	0	11	21	21	same	6	0	0	56.9	0	0	-91.79	-106.51	127.98	0	672.8	0.5197	-15.0000	4	0	1	0	0	0	1	0	numu	QE	CC	738.4	573.0	0.159	2.72		0.3055	10197.3	0	11	1	0	0	0	20	14
713	38	25	0	0	1000009	14	14	same	1	0	1	309.4	0	0	77.22	-25.28	23.38	0	1187.5	2.0154	-6.2192	8	0	0	1	0	0	1	0	numu	RES	CC	1222.1	1070.2	1.065	2.41		1.2120	27175.2	1	1000009	1	0	1	1	15	14
713	38	29	0	0	13	8	8	same	1	0	1	73.7	0	0	-85.05	-26.89	344.70	0	421.3	3.2355	-15.0000	4	0	1	0	0	0	2	0	numu	QE	CC	654.3	421.3	0.471	0.68		0.6185	13071.7	0	13	1	0	0	0	4	3
713	38	35	0	0	19	7	7	same	1	0	0	199.0	0	0	-130.98	153.01	325.27	0	689.1	4.9660	-15.0000	4	0	1	0	0	0	4	0	numu	QE	CC	1032.1	526.2	0.94	0.38		1.0820	9346.5	0	19	1	0	0	0	4	3
713	38	42	0	0	1000009	14	14	same	2	0	0	21.2	0	0	198.80	63.26	194.49	0	417.6	0.8183	-15.0000	8	0	0	1	0	0	2	1	numu	RES	NC	2513.5	113.5	0.292	39.13		0.4260	21384.5	1	1000009	1	0	0	0	3	1
713	38	45	0	0	6	12	12	same	2	0	1	2.1	0	0	-172.47	-187.52	214.19	0	147.0	-2.5250	-15.0000	10	1	0	1	0	1	2	0	numu	QE	NC	1097.8	166.3	1.034	97.96		1.1800	4267.3	0	6	1	0	0	0	30	28
713	38	47	0	0	1000015	15	15	same	6	0	0	19.6	1	1	1.02	196.42	308.49	0	190.9	-0.6319	-15.0000	8	0	0	1	0	0	2	1	numu	RES	CC	1131.7	297.1	0.468	24.88		0.6130	2204.4	1	14	1	0	0	0	14	8
713	40	11	0	0	11	5	5	same	1	0	1	147.3	0	0	-136.40	38.55	170.30	0	479.8	0.5021	-15.0000	6	1	1	0	0	1	1	0	numu	MEC	CC	627.8	559.9	1.219	0.59		1.3620	15454.1	0	11	1	0	0	0	9	8
713	40	21	0	0	1000012	9	9	same	1	0	1	2.3	0	0	173.60	-24.51	139.86	0	29.1	-3.1262	-15.0000	8	0	0	1	0	0	1	0	numu	QE	NC	231.1	67.1	0.596	0.31		0.7340	4192.3	1	1000012	1	0	0	0	13	12
713	40	27	0	0	15	10	10	same	2	0	0	109.4	0	0	-117.60	-59.19	241.27	0	498.0	5.0730	-15.0000	4	0	1	0	0	0	1	0	numu	QE	CC	739.9	387.8	0.466	0.88		0.6050	18363.6	0	15	1	0	0	0	5	3
713	45	1	0	0	16	84	16	not_in_act	2	0	0	225.5	0	0	1.07	-15.90	307.10	0	1324.7	-0.2551	-15.0000	8	0	0	1	0	0	1	0	numu	RES	CC	1382.8	1102.1	0.621	0.95		0.7683	10637.4	0	16	1	1	0	0	19	17
713	45	10	0	0	1000009	15	15	same	5	0	0	66.3	0	0	-5.64	172.59	325.96	0	415.0	1.4425	-15.0000	4	0	1	0	0	0	2	1	numu	MEC	CC	1286.2	427.8	1.039	6.18		1.1838	2330.7	1	9	1	0	0	0	6	1
713	45	25	0	0	1000005	6	6	same	1	0	0	201.7	0	0	18.13	165.82	308.45	0	811.3	2.7332	-15.0000	4	0	1	0	0	0	2	1	numu	MEC	CC	1191.5	617.0	0.809	2.90		0.9551	11118.0	1	1000005	1	0	0	0	6	5
713	45	26	0	0	8	18	18	same	3	0	0	191.7	1	1	-76.03	-147.96	332.91	0	737.1	3.5839	-15.0000	4	0	1	0	0	0	3	0	numu	RES	CC	1097.5	569.5	0.848	1.64		0.9955	11133.2	0	8	1	0	0	0	7	4
713	45	31	0	0	1000009	20	20	same	3	0	0	48.5	0	0	131.58	189.23	430.29	0	402.2	1.4897	-15.0000	4	0	1	0	0	0	1	0	numu	QE	CC	425.2	298.2	0.833	0.70		0.9720	5936.3	1	1000009	1	0	0	0	7	4
713	45	33	0	0	7	16	16	same	6	0	0	184.2	0	0	-22.24	23.34	235.81	0	831.9	3.3985	-15.0000	4	0	1	0	0	0	2	1	numu	RES	CC	1026.7	728.5	0.561	0.31		0.7086	14742.4	0	7	1	0	0	0	14	8
713	45	38	0	0	9	28	28	same	1	0	0	156.1	0	0	-34.18	135.34	8.02	0	772.2	4.8720	-15.0000	4	0	1	0	0	0	2	1	numu	QE	CC	1289.0	539.6	0.723	3.57		0.8724	6939.6	0	9	1	0	0	0	3	2
713	45	45	0	0	1000010	12	12	same	1	0	1	12.1	0	0	150.50	-26.04	105.20	0	131.6	-3.0291	-15.0000	8	0	0	1	0	0	3	2	numu	QE	NC	692.7	127.4	0.176	0.54		0.3153	3882.9	1	1000010	1	0	0	0	3	2
713	48	3	0	0	1000009	12	12	same	1	0	1	113.6	0	0	145.96	73.11	186.33	0	461.4	1.4463	-15.0000	8	0	0	1	0	0	4	1	numu	QE	CC	588.1	317.8	0.237	0.46		0.3770	9004.0	1	1000009	1	0	0	0	4	3
713	48	12	0	0	1000014	17	17	same	1	0	1	148.5	0	0	99.04	-124.95	257.00	0	653.8	4.1673	-15.0000	4	0	1	0	0	0	3	0	numu	QE	CC	1046.1	535.2	1.469	1.06		1.6150	11822.1	1	1000014	1	0	0	0	12	11
713	48	12	1	1	15	29	29	same	4	1	1	92.2	1	1	-87.61	87.40	432.72	0	363.7	1.8956	-15.0000	4	0	1	0	0	0	3	2	numu	QE	CC	512.0	423.9	1.117	82.44		1.2540	9715.8	0	15	1	0	0	0	5	1
713	48	14	0	0	9	19	19	same	12	0	1	2.0	0	0	-169.85	-115.31	385.06	0	120.2	-2.4983	-15.0000	8	0	0	1	0	0	3	1	numu	QE	NC	1284.6	120.8	0.872	228.63		1.0164	2549.9	0	9	1	0	0	0	21	9
713	48	16	0	0	1000019	21	21	same	9	0	1	62.1	0	0	14.48	51.11	393.89	0	652.8	0.2938	-15.0000	4	0	1	0	0	0	1	0	numu	RES	NC	1541.8	649.3	0.906	52.87		1.0513	5112.5	1	16	1	0	0	0	17	8
713	48	17	0	0	10	5	5	same	2	0	0	13.0	0	0	-194.81	77.77	118.03	0	207.7	-0.7517	-15.0000	8	0	0	1	0	0	2	1	numu	QE	CC	992.2	135.7	1.161	34.29		1.2990	9147.7	0	10	1	0	0	0	3	1
713	48	18	0	0	1000008	19	19	same	2	0	1	179.0	0	0	163.75	-37.66	326.71	0	1352.1	1.0411	-3.9500	4	0	1	0	0	0	1	0	numu	DIS	CC	1564.4	1065.5	0.736	0.19		0.8756	29283.9	1	1000008	1	0	1	1	26	24
713	48	22	0	0	11	6	6	same	1	0	0	31.5	0	0	-159.64	170.04	437.82	0	575.6	0.0777	-8.0516	4	0	1	0	0	0	1	0	numu	RES	NC	688.5	344.5	0.169	18.32		0.3040	7565.8	0	11	1	0	1	1	14	13
713	48	26	0	0	10	23	23	same	6	0	1	33.0	0	0	-119.04	60.65	319.26	0	323.9	-2.3184	-15.0000	8	0	0	1	0	0	1	0	numu	RES	NC	857.1	496.9	0.716	3.14		0.8600	11021.4	0	10	1	0	0	0	6	0
713	48	28	0	0	10	1	1	same	1	0	0	135.4	0	0	-187.21	161.18	54.77	0	432.7	2.5394	-15.0000	4	0	1	0	0	0	1	0	numu	QE	CC	579.1	344.2	0.612	0.72		0.7490	10233.9	0	10	1	0	0	0	1	0
713	48	33	0	0	8	7	7	same	1	0	1	34.9	0	0	-42.09	-166.85	377.26	0	225.4	-0.3057	-15.0000	4	0	1	0	0	0	4	1	numu	MEC	CC	471.3	308.2	0.697	2.93		0.8438	5193.9	0	8	1	0	0	0	9	8
713	48	42	0	0	10	8	8	same	1	0	1	173.2	0	0	-105.89	-76.78	215.89	0	583.8	3.3657	-15.0000	4	0	1	0	0	0	2	0	numu	QE	CC	640.8	577.3	1.014	5.05		1.1560	18218.8	0	10	1	0	0	0	19	18
713	50	2	0	0	1000008	18	18	same	13	0	0	442.5	0	0	58.24	-86.14	60.35	0	1882.6	3.2409	-15.0000	4	0	1	0	0	0	1	0	numu	RES	CC	5573.7	1946.7	1.391	1.26		1.5419	35457.9	1	8	1	0	0	0	24	11
713	50	14	0	0	8	19	19	same	2	0	1	32.0	0	0	-80.78	-58.48	219.36	0	417.2	-0.5571	-15.0000	8	0	0	1	0	0	1	0	numu	RES	CC	516.7	224.0	0.217	0.89		0.3620	5852.6	0	8	1	0	0	0	8	6
713	50	17	0	0	8	3	3	same	2	0	0	16.3	0	0	-192.19	152.11	236.83	0	345.8	1.7746	-15.0000	4	0	1	0	0	0	2	1	numu	RES	NC	1042.6	178.2	1.241	8.34		1.3780	6304.3	0	8	1	0	0	0	3	1
713	50	18	0	0	8	23	23	same	7	0	1	271.9	1	1	-94.03	9.09	309.79	0	1044.1	4.1597	-15.0000	4	0	1	0	0	0	1	0	numu	QE	CC	1111.0	949.1	0.374	0.49		0.5203	15553.8	0	8	1	0	0	0	14	7
713	50	19	0	0	9	18	18	same	3	0	1	130.9	0	0	-24.16	144.06	139.61	0	804.0	2.6570	-15.0000	4	0	1	0	0	0	3	0	numu	MEC	CC	811.1	682.4	0.197	1.26		0.3411	12031.1	0	9	1	0	0	0	5	2
713	50	21	0	0	9	5	5	same	1	0	0	227.0	0	0	-166.66	105.23	28.34	0	2016.1	0.7732	-15.0000	4	0	1	0	0	0	1	0	numu	RES	CC	1767.5	1457.3	1.481	0.45		1.6180	40370.0	0	9	1	0	0	0	12	11
713	50	29	0	0	11	6	6	same	1	0	1	36.1	0	0	-3.08	-172.54	266.81	0	256.8	-1.5323	-15.0000	8	0	0	1	0	0	1	0	numu	QE	NC	915.1	242.2	1.281	3.88		1.4249	4039.0	0	11	1	0	0	0	1	0
713	50	32	0	0	14	14	14	same	2	0	1	111.6	0	0	-138.61	169.57	214.90	0	987.5	1.8017	-15.0000	4	0	1	0	0	0	3	0	numu	DIS	CC	1860.3	1183.7	0.541	0.25		0.6800	26198.5	0	14	1	0	0	0	28	26
713	51	3	0	0	1000006	12	12	same	30	0	0	276.8	1	1	172.41	-32.19	275.70	0	1461.9	4.9515	-15.0000	4	0	1	0	0	0	2	1	numu	DIS	CC	1629.3	1346.4	0.921	0.37		1.0587	49207.1	1	9	1	0	0	0	36	6
713	51	8	0	0	1000011	39	13	not_in_act	1	0	0	1.5	0	0	128.66	-136.97	437.27	0	108.6	-2.1057	-15.0000	8	0	0	1	0	0	3	0	numu	RES	CC	1191.7	17.6	1.328	154.73		1.4640	2533.0	1	1000011	1	1	0	0	4	3
713	51	13	0	0	19	26	26	same	7	0	0	194.0	0	0	-165.38	-94.29	259.70	0	811.2	-0.1510	-15.0000	6	1	1	0	0	1	2	0	numu	QE	CC	1394.1	696.9	0.259	10.48		0.3980	22139.4	0	19	1	0	0	0	9	2
713	51	20	0	0	6	6	6	same	1	0	0	242.8	0	0	-70.55	-152.18	19.23	0	808.6	5.4872	-15.0000	4	0	1	0	0	0	2	0	numu	QE	CC	1315.4	723.8	1.177	1.33		1.3227	15560.8	0	6	1	0	0	0	2	1
713	51	21	0	0	1000017	15	15	same	2	0	0	140.3	0	0	85.89	-3.19	32.41	0	545.2	1.8107	-15.0000	4	0	1	0	0	0	1	0	numu	MEC	CC	592.1	432.0	0.328	9.17		0.4680	14272.0	1	1000017	1	0	0	0	3	1
713	51	25	0	0	1000009	17	17	same	1	0	1	154.3	0	0	137.22	-188.13	236.41	0	867.2	0.8663	-15.0000	8	0	0	1	0	0	2	1	numu	RES	CC	893.4	805.6	0.769	5.19		0.9090	15321.5	1	1000009	1	0	0	0	3	2
713	51	34	0	0	9	22	22	same	3	0	1	347.3	0	0	2.68	73.99	132.15	0	923.4	4.4489	-15.0000	4	0	1	0	0	0	2	0	numu	QE	CC	998.0	908.5	0.445	0.83		0.5945	19443.9	0	9	1	0	0	0	4	1
713	51	35	0	0	1000010	27	14	not_in_act	1	0	0	1.2	0	0	198.09	-27.92	241.04	0	107.7	-1.1066	-15.0000	8	0	0	1	0	0	2	0	numu	QE	NC	687.0	45.6	1.544	94.42		1.6850	2320.4	1	1000010	1	1	0	0	3	2
713	51	44	0	0	4	11	11	same	1	0	0	66.0	0	0	-132.53	148.47	437.57	0	783.4	-0.3677	-15.0000	4	0	1	0	0	0	1	0	numu	RES	CC	1835.9	754.2	0.359	0.39		0.4970	16228.2	0	4	1	0	0	0	24	23
713	52	6	0	0	1000013	22	22	same	3	0	0	81.1	0	0	96.89	44.32	442.22	0	1381.2	3.6037	-4.1377	4	0	1	0	0	0	3	2	numu	RES	CC	1393.4	904.9	0.794	0.88		0.9353	18396.1	1	1000013	1	0	1	1	19	16
713	52	7	0	0	9	14	14	same	2	0	1	87.3	0	0	-98.33	-149.58	380.78	0	1003.1	2.3353	-15.0000	4	0	1	0	0	0	3	1	numu	RES	CC	958.8	708.4	0.303	0.79		0.4460	13922.6	0	9	1	0	0	0	16	14
713	52	23	0	0	18	6	6	same	2	0	0	55.5	0	0	-174.51	-22.80	419.62	0	375.2	3.5463	-15.0000	4	0	1	0	0	0	2	0	numu	QE	CC	1016.2	227.2	0.91	0.17		1.0450	15397.1	0	18	1	0	0	0	2	0
713	52	30	0	0	9	5	5	same	1	0	0	203.9	0	0	-128.28	-101.64	322.03	0	876.6	3.4299	-15.0000	4	0	1	0	0	0	2	1	numu	QE	CC	811.3	585.0	1.303	0.31		1.4474	16177.1	0	9	1	0	0	0	5	4
713	52	42	0	0	8	7	7	same	1	0	1	132.7	0	0	-46.78	-11.26	373.49	0	621.9	1.9023	-15.0000	4	0	1	0	0	0	2	1	numu	RES	NC	1519.1	533.6	1.36	0.59		1.5074	10113.8	0	8	1	0	0	0	2	1
713	54	4	0	0	1000011	16	16	same	1	0	1	27.7	0	0	117.60	-59.10	112.42	0	297.5	0.3837	-15.0000	6	1	1	0	0	1	2	0	numu	QE	CC	303.7	188.3	0.745	3.23		0.8870	4870.1	1	1000011	1	0	0	0	2	1
713	54	13	0	0	1000010	14	14	same	8	0	1	39.8	0	0	112.47	-142.90	98.16	0	436.8	0.6188	-15.0000	4	0	1	0	0	0	2	0	numu	MEC	CC	504.0	326.1	1.35	0.68		0.3190	17308.6	1	1000010	1	0	0	0	16	8
713	54	14	0	0	3	1	1	same	1	0	1	4.7	0	0	-146.23	101.82	375.77	0	77.5	-1.0045	-15.0000	8	0	0	1	0	0	2	1	numu	QE	NC	247.9	60.5	1.453	0.46		1.5930	1436.8	0	3	1	0	0	0	1	0
713	54	18	0	0	1000012	5	5	same	1	0	0	509.2	0	0	22.37	-98.57	5.31	0	1290.7	4.2119	-15.0000	4	0	1	0	0	0	1	0	numu	QE	CC	2610.8	1101.8	0.504	386.32		0.6680	18788.6	1	6	1	0	0	0	1	0
713	54	23	0	0	11	4	4	same	11	0	1	54.3	1	1	-99.72	128.75	39.16	0	853.9	1.8469	-15.0000	4	0	1	0	0	0	2	0	numu	QE	CC	964.1	875.9	0.745	89.93		0.8875	18984.8	0	11	1	0	0	0	33	22
713	54	29	0	0	12	8	8	same	1	0	1	66.5	0	0	-58.51	176.00	191.82	0	494.4	3.2833	-15.0000	4	0	1	0	0	0	4	2	numu	QE	CC	672.6	521.5	0.368	2.47		0.5125	8942.0	0	12	1	0	0	0	5	4
713	54	31	0	0	1000007	15	15	same	1	0	1	163.5	0	0	156.81	-42.67	179.12	0	643.8	4.1037	-15.0000	4	0	1	0	0	0	2	1	numu	QE	CC	680.1	518.0	1.204	0.24		1.3420	13215.6	1	1000007	1	0	0	0	3	2
713	54	32	0	0	7	3	3	same	1	0	0	0.9	0	0	0.00	0.00	0.00	1	0.0	-1.9417	-15.0000	0	0	0	0	0	0	1	-1				-1	-1	-1	-1		0.8294	2867.2	0	7	0	0	0	0	1	0
713	54	36	0	0	1000007	8	8	same	1	0	1	45.1	0	0	89.03	-155.55	449.61	0	446.0	1.0690	-15.0000	4	0	1	0	0	0	1	0	numu	DIS	NC	651.9	308.5	0.664	1.04		0.8080	5073.9	1	1000007	1	0	0	0	12	11
713	54	50	0	0	1000012	18	18	same	2	0	1	306.0	0	0	58.11	-5.55	225.20	0	1184.9	4.2870	-15.0000	4	0	1	0	0	0	1	0	numu	RES	CC	1252.8	1119.7	0.767	0.71		0.9134	19745.0	1	11	1	0	0	0	12	10
713	56	5	0	0	13	37	15	not_in_act	5	0	1	65.3	0	0	-92.09	-53.00	148.35	0	573.7	0.5982	-15.0000	8	0	0	1	0	0	2	0	numu	RES	CC	1324.0	832.0	0.406	21.97		0.5460	22011.4	0	13	1	1	0	0	14	9
713	56	7	0	0	14	109	23	not_in_act	9	0	1	64.7	0	0	-123.21	32.12	345.33	0	830.7	-0.5080	-15.0000	8	0	0	1	0	0	1	0	numu	RES	CC	1334.4	969.3	0.07	1.16		0.2136	26722.7	0	14	1	1	0	0	27	18
713	56	26	0	0	12	17	17	same	3	0	1	450.9	0	0	-186.82	-52.52	98.28	0	1476.6	3.7178	-15.0000	4	0	1	0	0	0	2	1	numu	QE	CC	1332.7	1096.0	0.651	0.41		0.7920	24556.6	0	12	1	0	0	0	5	2
713	56	28	0	0	17	47	5	not_in_act	2	0	0	170.9	0	0	-187.34	145.96	0.47	0	781.2	0.0592	-15.0000	6	1	1	0	0	1	1	0	numu	RES	CC	1203.7	662.5	0.837	0.24		0.9720	27513.7	0	17	1	1	0	0	12	10
713	56	36	0	0	1000008	7	7	same	2	0	0	250.4	0	0	90.15	46.54	385.96	0	937.6	3.8925	-15.0000	4	0	1	0	0	0	4	1	numu	QE	CC	1073.2	765.8	0.567	0.96		0.7093	19189.8	1	1000008	1	0	0	0	2	0
713	56	40	0	0	1000010	15	13	in_act_not_selected	6	0	1	346.9	0	0	-2.85	37.97	4.22	0	1182.7	-0.1206	-15.0000	8	0	0	1	0	0	2	0	numu	RES	CC	1503.8	1153.1	0.402	10.74		0.5487	16899.5	1	11	1	1	0	0	9	3
713	56	48	0	0	5	2	2	same	2	0	0	17.7	0	0	-196.26	-12.60	269.15	0	243.1	0.3380	-15.0000	8	0	0	1	0	0	3	1	numu	QE	CC	1560.0	193.9	0.088	0.47		0.2247	27330.5	0	5	1	0	0	0	23	21
713	56	49	0	0	8	3	3	same	1	0	1	52.9	0	0	-73.51	32.96	95.25	0	360.2	3.0065	-15.0000	4	0	1	0	0	0	2	0	numu	QE	CC	704.9	354.0	0.743	1.02		0.8903	5356.2	0	8	1	0	0	0	7	6
713	56	50	0	0	1000013	19	19	same	2	0	1	10.9	0	0	28.29	-19.15	479.46	0	31.4	-3.0322	-15.0000	8	0	0	1	0	0	1	0	numu	RES	NC	2320.1	58.9	1.497	55.22		1.6430	2612.8	1	17	1	0	0	0	3	1
713	57	20	0	0	2	1	1	same	1	0	0	55.9	0	0	-109.96	-153.62	446.96	0	264.6	1.0428	-15.0000	4	0	1	0	0	0	1	0	numu	QE	CC	1294.7	160.2	1.305	0.99		1.4470	3538.1	0	2	1	0	0	0	1	0
713	57	27	0	0	1000005	12	12	same	2	0	0	120.2	0	0	142.96	170.97	477.21	0	919.8	3.6486	-15.0000	4	0	1	0	0	0	2	0	numu	DIS	CC	1591.4	772.1	0.077	0.35		0.2150	15620.5	1	1000005	1	0	0	0	9	7
713	57	29	0	0	1000010	10	10	same	2	0	0	43.8	0	0	98.35	-184.93	484.59	0	393.9	1.8756	-15.0000	4	0	1	0	0	0	2	1	numu	QE	CC	414.1	287.3	0.171	0.70		0.3140	2681.2	1	10	1	0	0	0	7	5
713	57	32	0	0	7	4	4	same	1	0	0	137.1	0	0	-168.24	-40.81	365.72	0	629.8	3.0277	-15.0000	4	0	1	0	0	0	2	0	numu	MEC	CC	1001.8	484.9	1.399	0.59		1.5360	23039.2	0	7	1	0	0	0	5	4
713	58	5	0	0	10	3	3	same	1	0	0	0.8	0	0	0.00	0.00	0.00	1	0.0	-1.9417	-15.0000	0	0	0	0	0	0	3	-1				-1	-1	-1	-1		0.9832	7013.0	0	10	0	0	0	0	1	0
713	58	19	0	0	9	5	5	same	1	0	0	330.8	0	0	-102.92	-10.44	176.64	0	1026.1	5.2566	-15.0000	4	0	1	0	0	0	3	0	numu	RES	CC	1418.3	881.0	0.351	0.58		0.4957	25241.3	0	9	1	0	0	0	9	8
713	58	20	0	0	1000005	14	14	same	1	0	1	16.0	0	0	180.08	-31.40	31.39	0	279.3	-1.0771	-15.0000	8	0	0	1	0	0	2	0	numu	DIS	CC	2679.8	84.1	1.037	349.33		1.1830	6911.3	1	1000005	1	0	0	0	6	5
713	58	23	0	0	1000009	30	8	not_in_act	1	0	1	22.4	0	0	171.25	-56.63	460.56	0	339.7	-1.3356	-9.2675	8	0	0	1	0	0	1	0	numu	RES	CC	551.3	381.4	0.986	6.18		1.1230	11017.6	1	1000009	1	1	1	1	18	17
713	59	21	0	0	6	6	6	same	1	0	1	28.7	0	0	-171.12	-15.90	19.92	0	294.6	0.2041	-15.0000	6	1	1	0	0	1	1	0	numu	QE	CC	288.1	184.6	0.723	3.85		0.8580	7131.3	0	6	1	0	0	0	3	2
713	59	22	0	0	9	1	1	same	1	0	1	171.7	0	0	-159.71	119.12	70.27	0	532.8	2.7380	-15.0000	4	0	1	0	0	0	2	0	numu	QE	CC	549.7	448.0	0.669	0.07		0.8093	15178.4	0	9	1	0	0	0	4	3
713	59	39	0	0	1000012	21	21	same	16	0	0	85.5	0	0	59.51	-124.01	387.68	0	457.6	1.2590	-15.0000	4	0	1	0	0	0	1	0	numu	DIS	CC	1234.8	571.2	0.394	12.73		0.5417	9832.2	1	13	1	0	0	0	25	9
713	59	50	0	0	1000009	14	14	same	1	0	1	169.8	0	0	39.19	-18.01	61.40	0	558.9	2.5873	-15.0000	4	0	1	0	0	0	1	0	numu	QE	CC	582.8	483.6	0.801	1.75		0.9504	10665.0	1	1000009	1	0	0	0	5	4
713	62	6	0	0	1000010	79	22	not_in_act	11	0	1	85.7	0	0	137.58	24.58	80.19	0	762.6	-0.5286	-15.0000	8	0	0	1	0	0	1	0	numu	QE	CC	1173.1	825.4	0.366	1.21		0.5080	22161.1	1	1000010	1	1	0	0	25	14
713	62	7	0	0	10	41	8	not_in_act	1	0	1	63.7	0	0	-159.07	-50.64	166.00	0	825.6	1.2459	-4.3225	4	0	1	0	0	0	3	1	numu	RES	CC	1247.5	1010.2	0.749	0.29		0.8860	37436.1	0	10	1	1	1	1	17	16
713	62	22	0	0	1000009	6	6	same	1	0	1	52.3	0	0	130.64	160.80	270.93	0	922.6	0.9634	-15.0000	4	0	1	0	0	0	1	0	numu	DIS	CC	952.0	573.5	0.524	0.70		0.6645	13585.7	1	1000009	1	0	0	0	8	7
713	62	33	0	0	8	19	19	same	5	0	0	223.2	0	0	-45.65	-116.59	211.40	0	1343.0	1.7714	-15.0000	4	0	1	0	0	0	3	1	numu	DIS	CC	2115.3	1238.9	0.672	0.43		0.8207	23627.7	0	8	1	0	0	0	14	9
713	62	42	0	0	1000011	15	15	same	2	0	0	35.8	0	0	194.60	-46.89	421.36	0	263.0	0.5137	-3.9732	8	0	0	1	0	0	3	0	numu	QE	CC	766.1	305.4	1.57	11.22		1.7060	16705.4	1	1000011	1	0	1	1	5	3
713	62	46	0	0	1000004	12	12	same	2	0	0	13.1	0	0	194.95	-40.06	434.00	0	360.5	1.2857	-15.0000	4	0	1	0	0	0	2	1	numu	QE	CC	831.6	188.9	1.361	0.33		1.4940	10167.5	1	1000004	1	0	0	0	4	2
713	62	47	0	0	1000010	6	6	same	1	0	0	216.9	0	0	167.29	-116.83	305.04	0	993.8	5.5669	-15.0000	4	0	1	0	0	0	1	0	numu	MEC	CC	1913.7	832.6	1.131	0.03		1.2670	22633.5	1	10	1	0	0	0	3	2
713	62	48	0	0	8	5	5	same	1	0	1	4.8	0	0	-47.02	-26.29	290.55	0	147.1	-1.1874	-15.0000	8	0	0	1	0	0	1	0	numu	QE	NC	1086.4	163.1	0.979	0.28		1.1273	3751.6	0	8	1	0	0	0	10	9
713	64	4	0	0	1000011	17	17	same	8	0	0	241.0	0	0	27.04	113.08	317.82	0	869.7	4.3249	-15.0000	4	0	1	0	0	0	1	0	numu	QE	CC	1480.2	828.5	1.206	1.28		1.3520	16999.8	1	8	1	0	0	0	8	0
713	64	7	0	0	12	14	14	same	5	0	1	194.8	1	1	-59.78	-7.49	400.85	0	960.5	3.9850	-15.0000	4	0	1	0	0	0	1	0	numu	QE	CC	1207.0	993.3	0.245	0.77		0.3931	18429.7	0	12	1	0	0	0	24	19
713	64	11	0	0	8	5	5	same	1	0	1	49.8	0	0	-8.26	-109.08	204.88	0	395.3	-1.1996	-15.0000	8	0	0	1	0	0	2	1	numu	QE	NC	1206.0	429.9	0.692	18.52		0.8364	8027.4	0	8	1	0	0	0	2	1
713	64	20	0	0	9	7	7	same	1	0	1	212.8	0	0	-81.37	-119.34	125.57	0	807.7	5.2669	-15.0000	4	0	1	0	0	0	2	1	numu	RES	CC	1053.9	845.2	0.274	0.64		0.4207	17589.5	0	9	1	0	0	0	11	10
713	64	24	0	0	10	12	12	same	8	0	1	385.4	1	1	-85.11	-68.72	95.06	0	1737.0	4.6177	-15.0000	4	0	1	0	0	0	1	0	numu	RES	CC	1941.3	1788.8	0.515	0.98		0.6620	36458.8	0	10	1	0	0	0	35	27
713	64	33	0	0	11	6	6	same	1	0	0	37.1	0	0	-81.70	-115.61	5.96	0	487.3	-0.7761	-15.0000	8	0	0	1	0	0	2	0	numu	RES	CC	1327.4	547.5	0.535	1.76		0.6793	10119.9	0	11	1	0	0	0	9	8
713	64	34	0	0	10	3	3	same	1	0	0	25.7	0	0	-62.39	47.31	484.83	0	259.5	-0.1293	-15.0000	6	1	1	0	0	1	2	1	numu	RES	CC	1676.5	441.4	0.53	2.03		0.6776	9172.3	0	10	1	0	0	0	16	15
713	64	50	0	0	14	25	25	same	12	0	0	114.4	0	0	-160.43	108.62	394.39	0	645.8	3.2072	-15.0000	4	0	1	0	0	0	2	0	numu	QE	CC	510.2	328.7	1.133	0.12		1.2727	8100.7	0	14	1	0	0	0	16	4
713	66	15	0	0	1000006	15	15	same	3	0	0	473.2	0	0	35.95	155.86	41.66	0	1525.4	3.8870	-15.0000	4	0	1	0	0	0	1	0	numu	RES	CC	2255.3	1351.2	0.118	13.34		0.2688	24649.6	1	5	1	0	0	0	9	6
713	66	18	0	0	1000006	17	17	same	6	0	0	40.8	0	0	8.21	-9.28	434.80	0	509.5	0.2303	-15.0000	4	0	1	0	0	0	2	0	numu	RES	CC	634.0	484.9	0.547	48.95		0.6928	7410.5	1	9	1	0	0	0	14	8
713	66	25	0	0	1000012	16	16	same	3	0	1	162.7	0	0	29.04	14.01	92.03	0	730.2	3.2081	-15.0000	4	0	1	0	0	0	1	0	numu	MEC	CC	1026.3	717.5	1.122	1.19		1.2712	13480.0	1	14	1	0	0	0	6	3
713	66	30	0	0	1000011	19	19	same	1	0	0	52.2	0	0	169.92	-128.93	483.83	0	1219.1	2.9400	-15.0000	4	0	1	0	0	0	2	0	numu	RES	CC	1209.5	751.8	0.627	0.10		0.7620	21143.4	1	1000011	1	0	0	0	8	7
713	67	7	0	0	1000010	21	21	same	1	0	1	107.5	0	0	74.18	42.71	329.96	0	457.3	1.2968	-15.0000	8	0	0	1	0	0	3	0	numu	QE	CC	605.3	438.3	1.566	0.80		1.7104	12301.8	1	1000010	1	0	0	0	6	5
713	67	31	0	0	1000010	100	15	not_in_act	16	0	0	81.8	0	0	-14.04	170.37	285.57	0	2054.7	-1.2014	4.2533	8	0	0	1	0	0	3	1	numu	DIS	CC	3543.1	2528.5	1.113	1.76		1.2576	19374.2	1	13	1	1	1	1	76	60
713	67	36	0	0	13	10	10	same	2	0	0	39.0	0	0	-188.65	5.30	431.04	0	377.5	1.6983	-15.0000	6	1	1	0	0	1	2	1	numu	QE	CC	591.8	131.9	0.641	1.81		0.7770	15774.0	0	13	1	0	0	0	5	3
713	67	46	0	0	1000012	21	21	same	2	0	0	59.3	1	1	24.34	-127.42	471.07	0	893.8	1.6714	-15.0000	8	0	0	1	0	0	1	0	numu	RES	CC	2704.9	855.6	0.378	3.57		0.5220	12438.3	1	14	1	0	0	0	3	1
713	68	43	0	0	12	15	15	same	2	0	0	64.3	0	0	-102.39	64.31	468.15	0	799.5	2.3329	-15.0000	4	0	1	0	0	0	3	2	numu	RES	CC	2142.5	454.5	0.568	4.14		0.7120	9572.4	0	12	1	0	0	0	9	7
713	70	3	0	0	1000006	16	16	same	1	0	1	35.8	0	0	127.39	-118.17	168.94	0	326.5	1.2491	-15.0000	4	0	1	0	0	0	1	0	numu	RES	NC	868.3	399.7	0.635	5.26		0.7797	10130.5	1	1000006	1	0	0	0	21	20
713	70	5	0	0	10	8	8	same	1	0	1	132.1	0	0	-170.17	-145.94	56.31	0	672.5	3.7165	-15.0000	4	0	1	0	0	0	2	0	numu	QE	CC	1051.6	593.5	1.182	0.26		1.3200	17436.5	0	10	1	0	0	0	10	9
713	70	9	0	0	10	77	5	not_in_act	1	0	1	35.1	0	0	-115.93	-80.94	37.73	0	691.2	-0.1814	-15.0000	8	0	0	1	0	0	1	0	numu	DIS	NC	1906.2	1071.7	0.74	24.95		0.8836	21275.7	0	10	1	1	0	0	32	31
713	70	18	0	0	11	1	1	same	1	0	1	47.8	0	0	-69.46	-16.17	328.11	0	353.1	-0.0636	-15.0000	4	0	1	0	0	0	2	0	numu	QE	CC	365.6	252.0	0.203	0.55		0.3497	6057.8	0	11	1	0	0	0	2	1
713	70	19	0	0	7	2	2	same	1	0	0	161.2	0	0	-35.17	-22.61	377.50	0	884.6	3.2668	-15.0000	4	0	1	0	0	0	1	0	numu	MEC	CC	1781.2	818.5	1.152	0.39		1.2991	15907.3	0	7	1	0	0	0	2	1
713	70	29	0	0	7	4	4	same	1	0	0	186.7	0	0	-157.46	122.32	229.97	0	785.3	1.0557	-15.0000	8	0	0	1	0	0	1	0	numu	QE	CC	1210.3	593.9	0.559	0.06		0.6980	15718.8	0	7	1	0	0	0	3	2
713	72	11	0	0	10	3	3	same	2	0	0	42.4	0	0	-186.93	-49.27	97.54	0	429.9	2.6823	-15.0000	4	0	1	0	0	0	3	0	numu	RES	CC	1411.2	780.4	1.201	0.33		1.3340	44830.3	0	10	1	0	0	0	2	0
713	72	12	0	0	11	2	2	same	1	0	1	2.5	0	0	-4.18	191.55	404.25	0	124.4	-2.0910	-15.0000	10	1	0	1	0	1	1	0	numu	QE	NC	902.8	141.7	0.073	6.09		0.2190	1030.5	0	11	1	0	0	0	19	18
713	72	24	0	0	6	4	4	same	1	0	1	155.4	0	0	-168.92	73.93	46.70	0	523.7	1.8591	-15.0000	4	0	1	0	0	0	1	0	numu	QE	CC	778.0	489.4	0.175	10.38		0.3140	13880.6	0	6	1	0	0	0	4	3
713	72	32	0	0	9	13	13	same	7	0	1	96.8	0	0	-11.08	-31.57	144.34	0	967.0	2.5411	-5.7477	4	0	1	0	0	0	1	0	numu	RES	CC	1005.4	898.3	0.406	10.35		0.5508	18320.7	0	9	1	0	1	1	38	31
713	72	48	0	0	14	7	7	same	1	0	1	36.6	0	0	-24.20	150.44	149.07	0	256.5	-1.5339	-15.0000	8	0	0	1	0	0	4	2	numu	QE	NC	559.2	242.2	0.275	1.84		0.4200	3637.7	0	14	1	0	0	0	2	1
713	75	24	0	0	11	13	13	same	12	0	1	111.7	0	0	3.18	-46.09	92.10	0	671.8	2.8120	-15.0000	4	0	1	0	0	0	2	1	numu	MEC	CC	588.1	433.2	0.234	1.43		0.3798	10400.8	0	11	1	0	0	0	18	6
713	75	27	0	0	7	2	2	same	1	0	1	57.4	0	0	-179.10	-55.72	176.62	0	329.1	-1.9462	-15.0000	8	0	0	1	0	0	2	1	numu	QE	NC	1157.5	329.3	0.615	0.36		0.7520	11956.0	0	7	1	0	0	0	2	1
713	75	33	0	0	10	14	14	same	2	0	0	70.5	0	0	-102.69	37.82	464.28	0	1198.8	3.1829	-15.0000	4	0	1	0	0	0	1	0	numu	RES	CC	5685.7	800.6	1.494	0.72		1.6367	17626.2	0	10	1	0	0	0	10	8
713	75	37	0	0	13	22	22	same	6	0	0	150.3	1	1	-61.55	81.91	354.98	0	635.5	2.8713	-15.0000	8	0	0	1	0	0	2	0	numu	RES	CC	1105.0	638.1	1.056	23.40		1.2045	11034.5	0	13	1	0	0	0	11	5
713	77	8	0	0	11	90	11	not_in_act	1	0	1	53.3	0	0	-136.26	158.07	231.77	0	239.3	-1.1682	-15.0000	8	0	0	1	0	0	2	0	numu	RES	NC	2859.3	387.8	0.426	0.81		0.5660	9994.7	0	11	1	1	0	0	8	7
713	77	20	0	0	11	3	3	same	2	0	1	385.9	0	0	-0.93	-44.05	19.98	0	1107.0	4.0946	-15.0000	6	1	1	0	0	1	3	2	numu	RES	NC	988.7	24.9	1.082	246.65		1.0798	21034.8	0	11	1	0	0	0	6	4
713	77	23	0	0	8	6	6	same	1	0	0	31.2	0	0	-65.09	-26.44	471.99	0	290.0	1.3408	-15.0000	8	0	0	1	0	0	1	0	numu	MEC	CC	1590.1	291.8	1.44	2.10		1.5851	6309.4	0	8	1	0	0	0	9	8
713	77	33	0	0	1000014	105	14	not_in_act	2	0	0	114.1	0	0	105.21	-192.22	201.73	0	572.3	0.1914	-15.0000	8	0	0	1	0	0	2	1	numu	MEC	CC	973.1	665.1	0.804	1.70		0.9440	16011.7	1	1000014	1	1	0	0	9	7
713	77	40	0	0	15	10	10	same	2	0	0	75.3	1	1	-52.31	163.22	455.66	0	191.7	0.2801	-8.8508	4	0	1	0	0	0	3	0	numu	RES	CC	2104.6	807.5	0.683	6.23		0.8294	9048.4	0	15	1	0	1	1	7	5
713	77	42	0	0	1000012	53	11	not_in_act	1	0	0	122.2	0	0	99.82	130.47	212.10	0	715.1	1.7700	-15.0000	4	0	1	0	0	0	1	0	numu	QE	CC	1176.2	580.6	1.166	0.99		1.3111	11743.0	1	12	1	1	0	0	3	2
713	77	43	0	0	1000018	26	20	in_act_not_selected	5	0	0	61.1	1	1	93.50	155.24	422.13	0	560.9	-0.5663	-15.0000	8	0	0	1	0	0	2	0	numu	QE	CC	862.7	556.4	1.287	1.01		1.4260	14205.2	1	1000018	1	1	0	0	6	1
713	77	50	0	0	1000012	16	16	same	1	0	1	14.8	0	0	84.62	35.58	366.91	0	145.5	-3.1484	-15.0000	8	0	0	1	0	0	2	0	numu	MEC	NC	393.4	152.9	1.548	1.35		1.6943	3379.8	1	1000012	1	0	0	0	1	0
713	83	17	0	0	11	26	26	same	20	1	1	31.3	1	1	85.29	49.42	156.42	0	286.3	-0.5262	-15.0000	4	0	1	0	0	0	3	1	numu	RES	CC	1402.9	612.6	0.967	294.99		1.1124	11438.1	0	11	1	0	0	0	28	8
713	83	33	0	0	1000013	23	23	same	7	0	1	290.3	0	0	47.85	26.74	87.25	0	1297.6	2.4548	-15.0000	4	0	1	0	0	0	1	0	numu	RES	CC	2949.9	911.7	1.126	552.35		1.2945	19516.4	1	14	1	0	0	0	19	12
713	83	40	0	0	1000010	15	15	same	2	0	1	29.8	1	1	111.93	-91.54	367.78	0	352.2	-0.9482	-15.0000	8	0	0	1	0	0	4	1	numu	RES	NC	1178.5	363.8	0.414	0.52		0.5553	12254.6	1	9	1	0	0	0	13	11
713	83	43	0	0	5	24	24	same	2	0	1	162.2	0	0	-45.53	90.07	60.25	0	707.7	1.8324	-15.0000	4	0	1	0	0	0	2	0	numu	RES	CC	999.5	772.0	0.724	1.27		0.8716	10226.1	0	5	1	0	0	0	2	0
713	84	1	0	0	1000011	12	12	same	2	0	0	233.1	0	0	44.82	-199.70	183.04	0	772.1	-2.0924	-15.0000	10	1	0	1	0	1	1	0	numu	RES	NC	1020.1	421.5	1.073	211.90		1.2172	8606.7	1	1000011	1	0	0	0	5	3
713	84	23	0	0	1000016	18	18	same	1	0	0	1.6	0	0	0.00	0.00	0.00	1	0.0	-1.9417	-15.0000	0	0	0	0	0	0	2	-1				-1	-1	-1	-1		0.3086	4338.5	1	7	0	0	0	0	1	0
713	84	39	0	0	5	5	5	same	1	0	1	82.6	0	0	-54.90	159.23	70.12	0	433.5	4.1899	-15.0000	4	0	1	0	0	0	1	0	numu	QE	CC	624.6	298.2	1.538	1.17		1.6825	4706.8	0	5	1	0	0	0	2	1
713	84	44	0	0	1000015	13	13	same	1	0	1	196.2	0	0	53.37	99.47	294.77	0	794.8	5.0656	-15.0000	4	0	1	0	0	0	2	1	numu	QE	CC	762.2	694.3	0.467	1.12		0.6164	12909.0	1	1000015	1	0	0	0	14	13
713	84	47	0	0	8	6	6	same	1	0	1	28.2	0	0	-158.61	185.01	39.41	0	307.3	-0.5307	-15.0000	6	1	1	0	0	1	1	0	numu	RES	NC	1304.5	396.1	0.383	13.30		0.5207	11666.4	0	8	1	0	0	0	9	8
713	84	48	0	0	8	9	9	same	2	0	1	81.1	0	0	-38.74	4.93	485.19	0	319.2	1.9175	-15.0000	6	1	1	0	0	1	2	0	numu	QE	CC	1039.5	250.8	0.473	2.62		0.6204	4676.7	0	8	1	0	0	0	2	0
713	85	24	0	0	1000005	12	12	same	4	0	0	44.5	0	0	146.30	-123.33	481.87	0	675.9	2.9470	-15.0000	4	0	1	0	0	0	2	1	numu	RES	CC	1706.8	264.9	1.477	0.35		1.6170	7108.2	1	11	1	0	0	0	14	10
713	85	26	0	0	8	24	24	same	7	0	0	218.5	0	0	-21.43	59.36	344.34	0	771.5	4.6788	-15.0000	4	0	1	0	0	0	1	0	numu	QE	CC	1223.2	763.0	0.941	0.43		1.0870	17722.0	0	8	1	0	0	0	12	5
713	85	27	0	0	1000012	14	14	same	2	0	0	61.1	0	0	152.95	156.62	31.00	0	586.1	1.8966	-15.0000	4	0	1	0	0	0	3	0	numu	RES	CC	1241.3	744.4	1.386	0.43		1.5250	20458.8	1	1000012	1	0	0	0	41	39
713	85	29	0	0	8	14	14	same	4	0	1	336.9	1	1	12.28	-126.07	66.75	0	1281.8	4.7212	-15.0000	4	0	1	0	0	0	1	0	numu	MEC	CC	1563.4	1431.9	0.576	1.44		0.7245	15310.2	0	8	1	0	0	0	31	27
713	85	37	0	0	1000011	13	13	same	5	0	0	428.9	1	2	33.93	-123.62	72.35	0	1249.8	3.3633	-15.0000	4	0	1	0	0	0	4	3	numu	QE	CC	1856.5	1124.1	0.231	1.69		0.3823	20622.6	1	6	1	0	0	0	11	6
713	85	43	0	0	9	12	12	same	9	0	1	25.2	0	0	-37.05	-139.98	17.68	0	470.8	0.4308	-7.9573	8	0	0	1	0	0	2	0	numu	DIS	CC	4519.5	239.3	1.166	376.67		1.3240	6661.1	0	9	1	0	1	1	21	12
713	85	49	0	0	12	4	4	same	2	0	0	42.2	0	0	-192.26	-107.12	78.82	0	329.5	2.1099	-15.0000	4	0	1	0	0	0	1	0	numu	QE	CC	1257.9	185.3	0.765	0.29		0.9060	33141.4	0	12	1	0	0	0	2	0
713	86	15	0	0	1000006	9	9	same	1	0	1	2.0	0	0	20.67	152.88	302.31	0	11.8	-3.6332	-15.0000	8	0	0	1	0	0	3	0	numu	QE	NC	636.0	18.3	1.224	381.08		1.3740	1474.2	1	9	1	0	0	0	4	3
713	86	31	0	0	11	1	1	same	1	0	1	139.0	0	0	-159.97	167.70	8.21	0	1512.7	1.5267	-7.1513	8	0	0	1	0	0	1	0	numu	DIS	NC	3406.2	1798.1	1.29	0.60		1.4287	37930.0	0	11	1	0	1	1	29	28
713	86	46	0	0	8	6	6	same	1	0	1	39.0	0	0	-131.34	-142.97	153.19	0	487.0	-0.3398	-15.0000	8	0	0	1	0	0	3	0	numu	RES	NC	1169.1	437.9	0.746	0.37		0.8860	10352.5	0	8	1	0	0	0	7	6
713	86	50	0	0	1000008	6	6	same	1	0	1	12.8	0	0	44.86	-195.09	208.62	0	132.3	-3.2732	-15.0000	8	0	0	1	0	0	2	1	numu	QE	NC	552.1	123.0	1.183	4.09		1.3324	1290.1	1	1000008	1	0	0	0	1	0
713	87	5	0	0	4	11	11	same	8	0	0	213.8	0	0	-33.74	-6.34	285.88	0	375.7	0.0931	-9.3933	4	0	1	0	0	0	2	0	numu	DIS	CC	1648.2	838.1	0.163	1.52		0.3114	18788.0	0	4	1	0	1	1	19	11
713	87	11	0	0	1000008	17	17	same	8	0	0	169.4	0	0	112.94	-135.95	172.35	0	556.7	3.7860	-15.0000	4	0	1	0	0	0	2	1	numu	QE	CC	663.0	482.5	0.729	0.87		0.8690	17207.1	1	6	1	0	0	0	10	2
713	87	12	0	0	1000007	19	19	same	2	0	1	227.5	0	0	42.94	-88.71	296.82	0	1612.4	4.5948	-15.0000	4	0	1	0	0	0	1	0	numu	RES	CC	1453.2	1095.2	0.905	0.83		1.0531	17644.1	1	9	1	0	0	0	25	23
713	87	22	0	0	1000008	12	12	same	19	0	0	385.0	0	0	93.90	-5.25	158.74	0	1240.9	6.1325	-15.0000	4	0	1	0	0	0	3	1	numu	RES	CC	1648.4	1286.9	0.711	0.58		0.8568	23693.1	1	9	1	0	0	0	25	6
713	87	28	0	0	1000007	17	17	same	1	0	1	51.8	0	0	196.57	-144.81	396.84	0	437.2	-0.2714	-15.0000	4	0	1	0	0	0	1	0	numu	QE	CC	356.7	270.3	1.4	25.20		1.5360	7785.5	1	1000007	1	0	0	0	1	0
713	87	34	0	0	13	7	7	same	1	0	1	47.9	0	0	-99.70	-12.24	435.00	0	278.6	0.3648	-15.0000	4	0	1	0	0	0	2	1	numu	RES	NC	978.0	217.5	1.004	35.87		1.1460	5139.3	0	13	1	0	0	0	7	6
713	87	44	0	0	11	16	16	same	5	0	1	209.8	0	0	-2.45	30.34	284.49	0	744.1	4.1587	-15.0000	4	0	1	0	0	0	3	1	numu	MEC	CC	912.6	698.6	1.187	0.41		1.3317	13148.4	0	11	1	0	0	0	13	8
713	89	7	0	0	6	3	3	same	1	0	1	2.5	0	0	-189.08	-57.67	96.07	0	19.3	-1.1029	-15.0000	8	0	0	1	0	0	1	0	numu	RES	NC	449.2	40.5	0.429	446.57		0.6047	1932.2	0	6	1	0	0	0	4	3
713	89	8	0	0	1000009	8	8	same	1	0	1	22.4	0	0	85.05	-99.72	170.30	0	259.1	-0.6684	-15.0000	4	0	1	0	0	0	1	0	numu	RES	CC	756.7	265.7	1.409	0.74		1.5560	6041.8	1	1000009	1	0	0	0	10	9
713	89	13	0	0	6	17	17	same	6	0	0	124.2	0	0	-161.38	-129.67	227.30	0	823.1	2.3151	-15.0000	6	1	1	0	0	1	2	0	numu	QE	CC	1110.3	727.0	1.491	0.96		1.6287	28671.2	0	6	1	0	0	0	31	25
713	89	17	0	0	1000007	14	14	same	2	0	1	70.4	0	0	36.62	15.34	4.58	0	295.8	1.2568	-15.0000	4	0	1	0	0	0	3	2	numu	QE	CC	694.5	206.7	0.415	184.47		0.5689	4033.5	1	10	1	0	0	0	4	2
713	89	22	0	0	10	6	6	same	1	0	0	163.6	0	0	-81.30	-33.46	369.52	0	773.3	4.8960	-15.0000	4	0	1	0	0	0	3	0	numu	QE	CC	1575.9	627.8	1.493	0.59		1.6398	12875.2	0	10	1	0	0	0	5	4
713	89	24	0	0	14	8	8	same	1	0	1	255.6	0	0	-62.14	-79.94	140.80	0	801.0	3.8195	-15.0000	6	1	1	0	0	1	1	0	numu	QE	CC	976.5	833.4	1.276	230.47		1.4240	16378.6	0	14	1	0	0	0	3	2
713	89	26	0	0	1000009	17	17	same	27	0	0	169.3	0	0	91.19	114.24	434.05	0	1176.1	2.8795	-15.0000	4	0	1	0	0	0	1	0	numu	RES	CC	1425.1	884.7	0.15	0.35		0.2952	15764.7	1	1000009	1	0	0	0	29	2
713	89	29	0	0	16	10	10	same	2	0	0	79.9	0	0	-155.66	63.24	331.01	0	433.6	4.1524	-15.0000	4	0	1	0	0	0	1	0	numu	QE	CC	1463.2	519.9	1.452	0.30		1.5907	21385.8	0	16	1	0	0	0	18	16
713	89	34	0	0	1000010	15	15	same	1	0	0	28.7	0	0	182.28	80.49	64.72	0	733.6	-0.4110	-15.0000	4	0	1	0	0	0	2	1	numu	RES	NC	565.7	412.7	0.952	12.52		1.0860	21928.4	1	1000010	1	0	0	0	4	3
713	89	42	0	0	13	9	9	same	1	0	1	3.6	0	0	-152.41	-189.67	305.15	0	147.3	-0.4250	-15.0000	10	1	0	1	0	1	3	0	numu	MEC	NC	304.2	116.3	0.923	0.93		1.0620	4392.6	0	13	1	0	0	0	2	1
713	89	48	0	0	1000012	15	15	same	2	0	1	239.7	0	0	22.20	-59.19	196.68	0	684.5	3.8166	-15.0000	4	0	1	0	0	0	2	0	numu	MEC	CC	760.5	625.7	1.205	0.64		1.3524	11964.0	1	10	1	0	0	0	4	2
713	91	5	0	0	1000016	10	10	same	1	0	0	28.3	0	0	143.25	-144.46	475.47	0	382.9	1.0746	-7.2586	8	0	0	1	0	0	1	0	numu	RES	CC	681.5	368.4	0.476	0.63		0.6140	7600.4	1	1000016	1	0	1	1	3	2
713	91	12	0	0	1000013	13	13	same	2	0	0	230.1	0	0	31.09	-112.77	4.47	0	645.2	3.3542	-15.0000	4	0	1	0	0	0	1	0	numu	QE	CC	1001.4	545.7	0.059	58.05		0.2120	8187.8	1	13	1	0	0	0	2	0
713	91	16	0	0	6	5	5	same	1	0	1	40.7	0	0	-69.83	-167.24	382.11	0	625.2	-0.1946	-15.0000	8	0	0	1	0	0	2	0	numu	MEC	CC	1056.3	550.8	0.546	1.59		0.6927	9552.3	0	6	1	0	0	0	15	14
713	91	47	0	0	7	5	5	same	1	0	1	205.7	0	0	-105.74	132.89	177.30	0	614.3	2.4995	-15.0000	4	0	1	0	0	0	1	0	numu	QE	CC	655.0	561.9	1.356	0.56		1.5024	11353.1	0	7	1	0	0	0	14	13
713	91	50	0	0	12	9	9	same	1	0	1	199.4	0	0	-73.95	0.44	280.00	0	846.9	4.1879	-15.0000	4	0	1	0	0	0	2	0	numu	MEC	CC	878.4	712.9	1.243	0.47		1.3898	18710.3	0	12	1	0	0	0	10	9
713	93	2	0	0	1000014	27	27	same	4	0	1	286.9	1	1	125.70	-186.03	351.17	0	782.3	2.6857	-15.0000	6	1	1	0	0	1	1	0	numu	MEC	CC	1410.8	713.1	1.038	0.83		1.1845	13023.6	1	12	1	0	0	0	7	3
713	93	4	0	0	1000015	13	13	same	1	0	1	30.8	0	0	137.14	-81.48	193.94	0	429.2	-0.2126	-15.0000	8	0	0	1	0	0	1	0	numu	QE	NC	802.1	279.3	0.217	19.57		0.3580	7027.5	1	1000015	1	0	0	0	3	2
713	93	12	0	0	1000010	17	17	same	4	0	0	261.5	0	0	107.91	-159.16	146.35	0	1170.2	4.3635	-15.0000	4	0	1	0	0	0	3	1	numu	RES	CC	1623.7	989.6	1.351	1.10		1.4920	20883.8	1	9	1	0	0	0	12	8
713	93	16	0	0	1000006	11	11	same	2	0	1	135.7	0	0	157.31	-93.57	283.65	0	445.8	1.2180	-15.0000	4	0	1	0	0	0	1	0	numu	QE	CC	509.2	363.6	1.564	0.58		1.7020	14617.9	1	1000006	1	0	0	0	2	0
713	93	19	0	0	1000010	16	16	same	1	0	0	335.3	0	0	172.08	28.59	202.69	0	1247.0	5.0252	-15.0000	4	0	1	0	0	0	2	0	numu	QE	CC	1225.2	944.3	0.747	4.44		0.8875	35126.4	1	1000010	1	0	0	0	3	2
713	93	25	0	0	1000016	12	12	same	1	0	1	108.8	0	0	89.86	39.10	405.79	0	659.1	1.7282	-15.0000	4	0	1	0	0	0	2	1	numu	RES	CC	777.6	540.1	0.49	0.94		0.6373	9561.0	1	1000016	1	0	0	0	5	4
713	93	26	0	0	1000010	7	7	same	1	0	1	469.1	0	0	139.61	-97.47	32.03	0	1403.1	5.0398	-15.0000	4	0	1	0	0	0	3	2	numu	QE	CC	1380.7	1304.7	1.084	0.63		1.2250	33262.6	1	1000010	1	0	0	0	6	5
713	93	27	0	0	1000010	13	13	same	2	0	1	177.6	0	0	17.72	-28.97	221.13	0	552.2	4.0101	-15.0000	6	1	1	0	0	1	1	0	numu	MEC	CC	869.9	584.3	0.161	0.84		0.3076	12430.1	1	1000010	1	0	0	0	7	5
713	93	29	0	0	10	12	12	same	4	0	1	104.3	0	0	-45.04	35.28	77.48	0	468.3	4.1580	-15.0000	4	0	1	0	0	0	2	0	numu	QE	CC	455.2	369.9	0.594	0.92		0.7391	3753.6	0	10	1	0	0	0	8	4
713	93	33	0	0	13	32	28	in_act_not_selected	8	0	1	82.1	0	0	-39.20	-63.23	417.27	0	995.4	0.5056	-15.0000	4	0	1	0	0	0	3	0	numu	MEC	CC	1805.6	1202.1	1.304	10.32		1.4470	32085.1	0	13	1	1	0	0	16	8
713	93	35	0	0	1000009	18	18	same	1	0	1	1.9	0	0	54.19	176.44	446.11	0	109.5	-2.5436	-15.0000	8	0	0	1	0	0	1	0	numu	QE	CC	1330.9	17.2	0.871	48.87		1.0197	1213.6	1	1000009	1	0	0	0	4	3
713	93	36	0	0	8	19	19	same	9	0	1	185.3	0	0	-35.05	159.89	139.35	0	548.2	2.4472	-15.0000	4	0	1	0	0	0	2	1	numu	DIS	NC	1045.5	570.4	0.784	1.73		0.9295	14302.0	0	8	1	0	0	0	10	1
713	93	37	0	0	8	16	16	same	2	0	1	118.9	0	0	-131.44	48.29	218.87	0	461.8	1.3233	-15.0000	6	1	1	0	0	1	1	0	numu	QE	CC	529.1	371.4	0.539	0.59		0.6815	9553.9	0	8	1	0	0	0	3	1
713	93	41	0	0	13	29	29	same	3	0	0	89.4	0	0	-178.01	185.69	288.88	0	988.2	1.3786	-15.0000	4	0	1	0	0	0	5	1	numu	DIS	NC	2667.1	909.3	1.491	0.37		1.6260	23264.5	0	13	1	0	0	0	11	8
713	93	49	0	0	1000008	19	19	same	5	0	1	69.8	0	0	24.91	-178.03	112.38	0	466.5	2.7701	-15.0000	4	0	1	0	0	0	2	0	numu	QE	CC	796.6	440.9	0.216	3.25		0.3643	6815.5	1	9	1	0	0	0	9	4
713	93	50	0	0	1000014	21	21	same	15	0	0	61.5	0	0	176.64	-135.84	41.02	0	514.8	2.2098	-15.0000	6	1	1	0	0	1	1	0	numu	QE	CC	638.9	434.6	0.402	0.29		0.5360	21108.8	1	13	1	0	0	0	18	3
713	97	6	0	0	13	11	11	same	2	0	0	408.0	0	0	-1.12	16.14	118.67	0	1079.5	5.4742	-15.0000	4	0	1	0	0	0	1	0	numu	QE	CC	1489.0	871.5	0.915	1.17		1.0614	17848.3	0	13	1	0	0	0	6	4
713	97	10	0	0	1000008	16	16	same	8	0	0	163.3	0	0	87.14	-14.34	378.97	0	788.1	4.1920	-15.0000	4	0	1	0	0	0	2	0	numu	MEC	CC	1198.7	674.4	0.985	0.78		1.1240	20631.6	1	7	1	0	0	0	9	1
713	97	18	0	0	1000004	8	8	same	1	0	0	91.0	0	0	103.07	15.97	417.06	0	587.0	4.0010	-15.0000	4	0	1	0	0	0	1	0	numu	RES	CC	1135.9	543.3	0.472	0.66		0.6155	11704.3	1	4	1	0	0	0	6	5
713	97	35	0	0	13	21	21	same	3	0	1	92.9	1	1	-189.52	-151.79	219.71	0	362.1	2.1499	-15.0000	4	0	1	0	0	0	3	0	numu	QE	CC	495.0	410.9	0.201	0.48		0.3390	14273.8	0	13	1	0	0	0	14	11
713	97	49	0	0	1000011	15	15	same	2	0	0	65.4	0	0	3.69	198.26	318.06	0	284.1	-2.5087	-15.0000	6	1	1	0	0	1	1	0	numu	QE	CC	470.6	175.8	0.997	11.74		1.1414	2458.2	1	1000011	1	0	0	0	2	0
713	98	10	0	0	1000019	21	21	same	2	0	0	120.9	0	0	46.28	120.66	382.30	0	524.0	5.0104	-15.0000	4	0	1	0	0	0	1	0	numu	QE	CC	2706.0	494.7	1.456	1.28		1.6037	9068.9	1	19	1	0	0	0	4	2
713	98	11	0	0	1000006	12	12	same	1	0	0	62.0	0	0	122.58	198.27	464.32	0	475.8	-1.6251	-15.0000	6	1	1	0	0	1	3	1	numu	RES	CC	870.1	407.5	1.196	0.96		1.3360	5644.6	1	1000006	1	0	0	0	9	8
713	98	13	0	0	1000008	24	24	same	3	0	1	1.6	1	1	89.44	-57.67	208.49	0	106.4	-2.4430	-15.0000	8	0	0	1	0	0	1	0	numu	RES	NC	3786.8	22.4	1.179	500.93		1.3433	1267.2	1	1000008	1	0	0	0	3	0
713	98	22	0	0	1000009	10	10	same	1	0	1	53.9	0	0	152.94	127.60	241.72	0	481.6	-0.1597	-15.0000	8	0	0	1	0	0	1	0	numu	RES	NC	829.3	384.2	0.427	21.53		0.5673	13436.5	1	1000009	1	0	0	0	7	6
713	98	30	0	0	12	32	32	same	11	0	1	140.0	0	0	-38.70	-15.19	124.60	0	679.8	4.3037	-15.0000	4	0	1	0	0	0	3	2	numu	QE	CC	1027.9	685.8	1.521	0.54		1.6700	15076.5	0	12	1	0	0	0	18	7
713	98	36	0	0	1000011	13	13	same	1	0	0	310.2	0	0	50.54	-91.02	3.89	0	836.7	3.3919	-15.0000	4	0	1	0	0	0	3	2	numu	QE	CC	1054.2	232.8	0.389	416.66		1.3640	12708.0	1	1000011	1	0	0	0	2	1
713	98	36	1	1	6	17	15	in_act_not_selected	9	0	1	73.5	0	0	-180.43	136.55	265.78	0	269.7	2.8063	-15.0000	4	0	1	0	0	0	3	2	numu	QE	CC	1054.2	232.8	0.389	0.15		0.5270	14230.5	0	6	1	1	0	0	9	0
713	98	37	0	0	10	28	28	same	3	0	0	232.5	1	1	-55.21	-131.16	269.19	0	662.2	2.9726	-15.0000	4	0	1	0	0	0	1	0	numu	QE	CC	1251.0	551.5	1.034	1.06		1.1844	10184.7	0	10	1	0	0	0	4	1
713	98	41	0	0	4	5	5	same	1	0	1	259.8	0	0	-133.53	-126.40	176.20	0	752.8	3.3297	-15.0000	4	0	1	0	0	0	6	5	numu	RES	CC	1290.1	1134.6	0.483	0.29		0.6240	35444.3	0	4	1	0	0	0	14	13
713	98	45	0	0	9	8	8	same	1	0	0	69.4	0	0	-131.73	-142.54	432.82	0	500.5	3.4013	-15.0000	4	0	1	0	0	0	4	2	numu	MEC	CC	1015.0	288.7	0.286	0.34		0.4260	7374.2	0	9	1	0	0	0	3	2
714	4	9	0	0	8	4	4	same	1	0	0	60.8	0	0	-6.49	172.57	383.09	0	575.6	0.7509	-15.0000	8	0	0	1	0	0	2	1	numu	QE	CC	967.0	598.2	0.813	2.08		0.9553	9604.4	0	8	1	0	0	0	7	6
714	4	24	0	0	12	7	7	same	2	0	0	160.3	0	0	-167.48	-58.07	243.76	0	517.2	4.4773	-15.0000	4	0	1	0	0	0	4	0	numu	MEC	CC	1817.5	427.5	1.016	0.16		1.1533	34321.8	0	12	1	0	0	0	12	10
714	4	37	0	0	1000011	13	13	same	1	0	0	240.4	0	0	134.37	128.83	270.57	0	837.9	5.9305	-15.0000	4	0	1	0	0	0	4	1	numu	MEC	CC	3003.3	854.5	0.202	0.90		0.3440	21023.7	1	1000011	1	0	0	0	13	12
714	4	37	1	1	8	3	3	same	2	0	0	38.5	0	0	-131.18	-27.79	425.59	0	565.0	-0.3032	-15.0000	8	0	0	1	0	0	4	2	numu	RES	NC	1170.0	467.0	1.172	91.23		1.3070	16900.5	0	8	1	0	0	0	19	17
714	4	39	0	0	13	8	8	same	1	0	1	75.4	0	0	-117.40	-178.11	326.06	0	487.6	0.5850	-15.0000	8	0	0	1	0	0	2	0	numu	QE	CC	554.8	415.4	0.791	8.14		0.9320	7815.2	0	13	1	0	0	0	3	2
714	4	48	0	0	7	3	3	same	1	0	1	129.9	0	0	-93.31	-137.14	244.82	0	529.0	-0.3406	-15.0000	6	1	1	0	0	1	4	0	numu	QE	CC	568.1	486.4	0.353	0.68		0.4980	6106.5	0	7	1	0	0	0	10	9
714	4	48	1	1	8	5	5	same	1	0	0	106.7	0	0	-170.62	124.59	26.72	0	509.1	3.7546	-15.0000	4	0	1	0	0	0	4	3	numu	QE	CC	693.2	353.0	1.255	0.27		1.3933	13672.7	0	8	1	0	0	0	4	3
714	7	7	0	0	1000005	20	20	same	8	0	1	338.5	0	0	65.33	130.21	55.30	0	1264.5	4.6479	-15.0000	4	0	1	0	0	0	2	0	numu	QE	CC	1326.0	1201.4	0.895	1.34		1.0424	14141.7	1	14	1	0	0	0	11	3
714	7	8	0	0	11	2	2	same	1	0	0	92.9	0	0	-179.88	-108.50	442.23	0	899.9	3.6222	-15.0000	4	0	1	0	0	0	1	0	numu	RES	CC	1440.1	794.2	0.53	0.79		0.6650	33321.4	0	11	1	0	0	0	18	17
714	7	29	0	0	5	12	12	same	1	0	1	347.6	0	0	13.97	-159.37	200.03	0	1018.9	4.1573	-15.0000	4	0	1	0	0	0	1	0	numu	QE	CC	1030.7	874.3	1.563	2.82		1.7143	13931.6	0	5	1	0	0	0	2	1
714	7	33	0	0	4	15	15	same	48	1	0	31.9	1	1	-103.31	-69.00	21.09	0	900.5	-1.7300	-8.1512	6	1	1	0	0	1	3	0	numu	DIS	CC	3819.1	1143.1	0.759	74.39		0.9012	42900.0	0	4	1	0	1	1	56	8
714	7	42	0	0	1000015	17	17	same	1	0	0	0.9	0	0	0.00	0.00	0.00	1	0.0	-1.9417	-15.0000	0	0	0	0	0	0	2	-1				-1	-1	-1	-1		0.2658	4886.7	1	11	0	0	0	0	1	0
714	7	46	0	0	10	16	16	same	5	0	1	2.1	0	0	-6.25	-128.22	383.04	0	127.3	-1.8780	-15.0000	8	0	0	1	0	0	3	1	numu	QE	NC	1924.9	135.1	0.961	58.16		1.1051	2598.6	0	10	1	0	0	0	12	7
714	9	25	0	0	1000012	17	17	same	1	0	1	169.7	0	0	58.21	-108.01	213.91	0	518.2	3.0702	-15.0000	4	0	1	0	0	0	1	0	numu	QE	CC	551.4	441.2	0.235	0.46		0.3843	8110.5	1	4	1	0	0	0	4	3
714	9	26	0	0	1000014	35	35	same	4	0	1	168.9	1	1	7.34	-36.77	164.03	0	731.1	4.0729	-15.0000	4	0	1	0	0	0	1	0	numu	QE	CC	942.0	674.9	0.973	0.43		1.1198	11113.0	1	10	1	0	0	0	13	9
714	9	30	0	0	9	19	19	same	2	0	1	81.0	0	0	-32.05	-32.78	424.36	0	2053.3	-0.0518	0.0368	8	0	0	1	0	0	1	0	numu	DIS	NC	2625.0	1800.4	0.657	80.26		0.8040	38995.0	0	9	1	0	1	1	46	44
714	9	34	0	0	12	6	6	same	1	0	0	160.1	0	0	-168.23	-186.60	84.53	0	800.0	3.6863	-15.0000	4	0	1	0	0	0	1	0	numu	QE	CC	817.2	575.1	1.314	0.46		1.4520	16576.9	0	12	1	0	0	0	7	6
714	9	41	0	0	11	5	5	same	1	0	1	87.5	0	0	-99.99	-70.55	73.95	0	338.7	1.0489	-15.0000	6	1	1	0	0	1	1	0	numu	QE	CC	499.3	301.8	0.348	0.94		0.4940	6437.2	0	11	1	0	0	0	9	8
714	9	47	0	0	1000009	24	24	same	4	0	1	121.5	0	0	159.99	78.62	119.85	0	729.1	0.7072	-15.0000	8	0	0	1	0	0	2	0	numu	RES	NC	1275.5	810.7	1.241	10.95		1.3790	39365.8	1	1000009	1	0	0	0	9	5
714	9	50	0	0	11	4	4	same	1	0	0	139.0	0	0	-123.54	-7.35	52.90	0	621.7	5.2322	-15.0000	4	0	1	0	0	0	1	0	numu	QE	CC	826.4	393.3	0.155	0.54		0.2920	20786.8	0	11	1	0	0	0	1	0
714	12	1	0	0	1000014	18	18	same	1	0	1	50.0	0	0	30.11	-115.66	264.06	0	426.2	0.2663	-15.0000	6	1	1	0	0	1	1	0	numu	MEC	CC	427.1	284.4	1.128	1.33		1.2742	4387.9	1	12	1	0	0	0	7	6
714	12	2	0	0	1000020	14	14	same	1	0	0	18.0	0	0	31.16	-192.34	479.85	0	752.7	1.9980	-15.0000	4	0	1	0	0	0	1	0	numu	MEC	CC	1259.1	395.7	1.498	1.71		1.6432	4218.0	1	13	1	0	0	0	2	1
714	12	6	0	0	1000014	55	8	not_in_act	2	0	1	229.1	0	0	25.65	93.63	204.87	0	1223.0	0.5124	-2.1920	4	0	1	0	0	0	1	0	numu	RES	CC	993.9	1098.9	0.407	6.60		0.5528	23441.7	1	1000014	1	1	1	1	19	17
714	12	10	0	0	1000009	13	13	same	1	0	1	22.8	0	0	59.58	23.98	8.53	0	194.6	-2.1253	-15.0000	8	0	0	1	0	0	2	0	numu	MEC	NC	551.4	318.9	1.482	3.27		1.6297	4342.7	1	1000009	1	0	0	0	6	5
714	12	26	0	0	9	7	7	same	1	0	1	1.6	0	0	-82.72	131.42	113.92	0	106.7	-2.6484	-15.0000	8	0	0	1	0	0	1	0	numu	RES	NC	823.2	77.6	0.9	130.99		1.0480	1411.0	0	9	1	0	0	0	2	1
714	12	34	0	0	9	2	2	same	1	0	1	2.9	0	0	-150.59	-161.08	242.25	0	59.8	-3.5820	-15.0000	8	0	0	1	0	0	2	0	numu	RES	CC	1408.2	253.6	1.131	679.61		1.2972	7813.4	0	9	1	0	0	0	31	30
714	12	35	0	0	10	20	20	same	4	0	0	213.5	1	1	-75.61	-105.94	250.95	0	652.7	0.5212	-15.0000	4	0	1	0	0	0	2	1	numu	RES	CC	1621.2	1169.7	1.088	130.15		1.2240	34084.2	0	10	1	0	0	0	9	5
714	12	42	0	0	1000011	9	9	same	1	0	1	5.2	0	0	37.83	-181.94	417.99	0	42.1	-2.4155	-15.0000	8	0	0	1	0	0	2	1	numu	RES	NC	1547.1	85.1	0.188	2.51		0.3335	1458.2	1	1000011	1	0	0	0	4	3
714	12	49	0	0	8	7	7	same	1	0	0	35.8	0	0	-42.99	190.81	319.06	0	251.0	3.5547	-15.0000	4	0	1	0	0	0	2	1	numu	QE	CC	853.9	130.1	1.361	3.05		1.5098	2375.7	0	8	1	0	0	0	2	1
714	18	11	0	0	13	28	28	same	1	0	1	270.8	0	0	23.41	-48.10	138.17	0	915.8	1.7999	-15.0000	8	0	0	1	0	0	2	0	numu	MEC	CC	1106.9	1006.7	0.179	0.49		0.3291	12785.0	0	13	1	0	0	0	9	8
714	18	18	0	0	10	5	5	same	1	0	0	205.9	0	0	-147.46	114.93	125.12	0	1822.2	1.4882	-15.0000	4	0	1	0	0	0	3	1	numu	RES	CC	2005.7	1461.6	1.446	0.40		1.5876	39075.8	0	10	1	0	0	0	8	7
714	18	19	0	0	1000011	14	14	same	1	0	1	76.8	0	0	51.07	90.66	194.45	0	567.1	0.6245	-15.0000	8	0	0	1	0	0	2	1	numu	RES	CC	1134.2	920.4	0.349	12.56		0.4960	20345.7	1	1000011	1	0	0	0	14	13
714	18	22	0	0	10	21	21	same	5	0	0	101.9	0	0	-30.71	-35.29	409.61	0	380.0	3.8203	-15.0000	4	0	1	0	0	0	1	0	numu	QE	CC	745.1	431.6	0.89	1.04		1.0340	6447.3	0	10	1	0	0	0	15	10
714	18	32	0	0	1000010	14	14	same	8	0	1	204.7	0	0	-22.54	-67.70	172.24	0	878.2	4.0760	-15.0000	4	0	1	0	0	0	3	2	numu	QE	CC	786.0	639.8	0.312	0.58		0.4614	8543.5	1	8	1	0	0	0	11	3
714	18	35	0	0	1000008	5	5	same	1	0	0	25.0	0	0	102.74	-73.26	1.95	0	239.8	-2.6037	-15.0000	10	1	0	1	0	1	2	1	numu	DIS	NC	2024.5	296.6	1.375	317.78		1.5327	5776.6	1	1000008	1	0	0	0	14	13
714	18	43	0	0	13	8	8	same	1	0	0	172.7	0	0	-62.45	-128.07	342.33	0	746.0	4.5898	-15.0000	4	0	1	0	0	0	1	0	numu	MEC	CC	751.9	626.1	1.38	0.93		1.5257	12296.6	0	13	1	0	0	0	2	1
714	23	27	0	0	1000010	6	6	same	1	0	0	91.7	0	0	137.63	-153.44	440.91	0	462.9	4.2161	-15.0000	4	0	1	0	0	0	1	0	numu	QE	CC	885.4	307.6	1.401	0.33		1.5400	7974.3	1	1000010	1	0	0	0	1	0
714	23	32	0	0	16	22	22	same	6	0	1	83.5	0	0	-12.38	-37.20	48.73	0	646.9	2.4308	-15.0000	4	0	1	0	0	0	1	0	numu	RES	CC	1335.5	917.8	0.687	2.43		0.8320	8977.2	0	16	1	0	0	0	20	14
714	23	39	0	0	1000009	11	11	same	1	0	1	2.9	0	0	150.32	-133.22	232.04	0	40.4	-1.5709	-15.0000	8	0	0	1	0	0	1	0	numu	QE	NC	303.5	37.5	0.598	0.53		0.7360	1134.1	1	1000009	1	0	0	0	6	5
714	23	40	0	0	8	7	7	same	2	0	0	82.4	0	0	-176.79	49.43	179.47	0	863.1	1.1935	-15.0000	4	0	1	0	0	0	2	0	numu	RES	CC	1210.9	842.7	0.311	0.34		0.4480	37546.1	0	8	1	0	0	0	8	6
714	23	44	0	0	1000012	10	10	same	2	0	0	19.1	0	0	201.09	104.62	306.46	0	574.7	-0.9149	-15.0000	10	1	0	1	0	1	3	1	numu	RES	CC	634.6	286.0	1.489	7.12		1.6220	17424.2	1	1000012	1	0	0	0	4	2
714	40	6	0	0	8	11	11	same	2	0	1	118.1	0	0	-50.77	-189.00	128.78	0	570.6	4.3934	-15.0000	4	0	1	0	0	0	1	0	numu	QE	CC	564.1	478.8	0.803	2.67		0.9480	7140.3	0	8	1	0	0	0	6	4
714	40	13	0	0	8	3	3	same	2	0	1	53.0	0	0	-43.53	69.72	250.96	0	470.3	-1.6072	-15.0000	4	0	1	0	0	0	1	0	numu	QE	CC	366.3	225.5	1.489	45.47		1.6355	4725.9	0	8	1	0	0	0	8	6
714	40	22	0	0	6	6	6	same	1	0	0	45.1	0	0	-175.20	-151.01	489.40	0	435.9	1.0938	-15.0000	8	0	0	1	0	0	3	0	nue	QE	CC	1071.1	476.1	1.272	28.79		1.4080	18693.6	0	6	1	0	0	0	12	11
714	40	27	0	0	7	10	10	same	1	0	0	30.2	0	0	-129.07	42.66	474.72	0	215.7	1.4454	-15.0000	4	0	1	0	0	0	2	1	numu	QE	CC	305.8	117.3	0.454	0.50		0.5950	2688.2	0	7	1	0	0	0	3	2
714	40	29	0	0	1000008	13	13	same	2	0	0	75.3	0	0	151.18	-153.28	408.78	0	452.6	2.4945	-15.0000	4	0	1	0	0	0	2	0	numu	QE	CC	611.2	295.9	0.566	0.20		0.7030	13697.8	1	1000008	1	0	0	0	4	2
714	40	30	0	0	1000009	9	9	same	1	0	1	141.7	0	0	139.82	-129.22	185.90	0	601.7	3.0665	-15.0000	4	0	1	0	0	0	2	0	numu	RES	CC	899.0	642.9	1.561	0.17		1.7013	18457.0	1	1000009	1	0	0	0	6	5
714	40	48	0	0	15	14	14	same	2	0	0	25.4	0	0	-184.80	100.56	483.94	0	278.5	3.2207	-15.0000	4	0	1	0	0	0	2	0	numu	QE	CC	900.6	172.3	0.983	0.30		1.1220	3666.6	0	15	1	0	0	0	6	4
714	55	3	0	0	1000008	17	17	same	9	0	1	3.0	0	0	27.60	-85.04	116.15	0	123.2	-1.9154	-15.0000	8	0	0	1	0	0	2	1	numu	MEC	NC	641.7	206.9	1.408	25.24		1.5559	3554.4	1	11	1	0	0	0	17	8
714	55	21	0	0	4	70	4	not_in_act	1	0	1	25.7	0	0	-149.75	-52.05	242.37	0	539.6	-0.8664	-15.0000	8	0	0	1	0	0	1	0	numu	RES	NC	1637.4	697.3	0.597	0.52		0.7353	26819.1	0	4	1	1	0	0	24	23
714	55	29	0	0	6	15	15	same	3	0	1	381.7	0	0	-151.07	120.54	47.40	0	1513.5	3.8452	-15.0000	4	0	1	0	0	0	1	0	numu	RES	CC	2022.2	1628.5	0.779	0.57		0.9187	34290.9	0	6	1	0	0	0	19	16
714	55	30	0	0	7	12	12	same	9	0	0	140.3	0	0	-31.76	-3.04	374.58	0	1469.8	3.4793	-15.0000	4	0	1	0	0	0	1	0	numu	DIS	CC	3757.9	1302.6	1.228	1.68		1.3740	29624.6	0	7	1	0	0	0	20	11
714	55	32	0	0	12	20	20	same	1	0	1	272.4	0	0	-171.23	-86.46	103.70	0	1069.8	4.8791	-15.0000	4	0	1	0	0	0	1	0	numu	MEC	CC	1266.4	1009.5	1.446	0.52		1.5840	22188.8	0	12	1	0	0	0	7	6
714	55	40	0	0	5	6	6	same	1	0	0	3.7	0	0	0.00	0.00	0.00	1	0.0	-1.9417	-15.0000	0	0	0	0	0	0	1	-1				-1	-1	-1	-1		1.1363	15367.9	0	5	0	0	0	0	1	0
714	55	41	0	0	1000007	6	6	same	1	0	1	47.3	0	0	19.51	-38.05	78.30	0	373.9	0.8831	-15.0000	4	0	1	0	0	0	1	0	numu	QE	CC	397.7	250.1	0.707	6.54		0.8509	4761.1	1	1000007	1	0	0	0	1	0
714	55	42	0	0	12	11	11	same	1	0	1	59.5	0	0	-95.46	14.17	56.34	0	569.4	1.8130	-15.0000	4	0	1	0	0	0	2	1	numu	RES	CC	811.0	537.4	1.158	0.53		1.3023	11032.2	0	12	1	0	0	0	2	1
714	55	49	0	0	1000020	18	18	same	1	0	0	257.2	0	0	70.56	-133.32	261.56	0	910.0	5.6009	-15.0000	4	0	1	0	0	0	2	0	numu	MEC	CC	2862.5	955.6	1.506	1.32		1.6528	20619.6	1	1000020	1	0	0	0	10	9
714	56	10	0	0	1000013	12	12	same	2	0	0	94.6	0	0	201.05	22.06	193.35	0	532.5	-1.2791	-15.0000	10	1	0	1	0	1	2	0	numu	MEC	CC	866.5	501.0	0.729	1.17		0.8640	23617.9	1	1000013	1	0	0	0	3	1
714	56	35	0	0	6	2	2	same	1	0	0	118.7	0	0	-84.22	-36.26	403.14	0	398.7	2.5361	-15.0000	4	0	1	0	0	0	1	0	numu	QE	CC	734.8	287.2	1.531	1.69		1.6753	7094.6	0	6	1	0	0	0	1	0
714	56	41	0	0	1000007	22	7	not_in_act	3	0	1	209.2	0	0	-0.75	45.31	209.83	0	821.4	2.8884	-15.0000	4	0	1	0	0	0	1	0	numu	DIS	CC	1335.0	749.5	1.388	250.85		1.5372	10634.2	1	7	1	1	0	0	8	5
714	56	42	0	0	4	2	2	same	1	0	1	133.3	0	0	-127.65	69.83	217.99	0	977.4	3.1304	-15.0000	4	0	1	0	0	0	1	0	numu	RES	CC	1169.0	1002.3	0.694	0.14		0.8320	30539.9	0	4	1	0	0	0	39	38
714	56	46	0	0	4	1	1	same	1	0	1	1.6	0	0	-181.39	-79.10	194.85	0	12.7	-2.4010	-15.0000	8	0	0	1	0	0	1	0	numu	MEC	CC	797.9	67.1	0.164	214.67		0.3150	3906.3	0	4	1	0	0	0	1	0
714	62	2	0	0	1000009	14	14	same	1	0	1	31.3	0	0	125.07	-22.10	259.54	0	382.5	-1.6785	-15.0000	8	0	0	1	0	0	1	0	numu	RES	NC	1324.5	490.6	0.371	34.06		0.5124	15273.8	1	1000009	1	0	0	0	15	14
714	62	19	0	0	9	19	19	same	3	0	0	523.4	0	0	39.04	-91.95	4.18	0	1327.7	4.5505	-15.0000	4	0	1	0	0	0	1	0	numu	MEC	CC	1881.8	1133.0	0.601	292.39		0.7653	18902.4	0	9	1	0	0	0	4	1
714	62	22	0	0	7	20	20	same	13	0	1	97.2	0	0	-120.71	-84.64	379.63	0	982.4	1.5057	-15.0000	4	0	1	0	0	0	1	0	numu	DIS	NC	2993.4	1218.1	1.093	1.40		1.2367	30461.8	0	7	1	0	0	0	46	33
714	62	26	0	0	1000010	16	16	same	2	0	1	32.0	0	0	44.60	-173.50	22.97	0	507.5	0.8128	-15.0000	4	0	1	0	0	0	1	0	numu	RES	CC	762.6	418.4	0.347	1.56		0.4925	4706.9	1	17	1	0	0	0	6	4
714	62	36	0	0	1000008	11	11	same	2	0	1	16.3	0	0	45.50	-96.05	177.84	0	365.7	-1.8411	-15.0000	8	0	0	1	0	0	2	0	numu	RES	NC	655.0	284.3	1.314	2.54		1.4636	5021.6	1	10	1	0	0	0	4	2
714	62	38	0	0	9	13	13	same	1	0	1	3.0	0	0	-13.70	-55.62	229.19	0	85.9	-1.4785	-15.0000	8	0	0	1	0	0	2	0	numu	QE	NC	1075.7	133.6	0.369	0.53		0.5140	2950.4	0	9	1	0	0	0	4	3
714	62	43	0	0	10	3	3	same	1	0	0	16.3	0	0	-93.22	167.77	23.53	0	441.2	-1.9317	-15.0000	10	1	0	1	0	1	1	0	numu	DIS	NC	1829.5	208.1	1.476	181.37		1.6233	6244.1	0	10	1	0	0	0	22	21
714	62	49	0	0	7	28	28	same	18	1	0	53.5	1	1	-91.01	166.48	185.85	0	661.9	3.1757	-15.0000	4	0	1	0	0	0	1	0	numu	QE	CC	910.6	492.0	0.955	1.55		1.0988	11002.7	0	7	1	0	0	0	22	4
714	65	20	0	0	10	25	25	same	4	0	1	203.3	0	0	-11.37	40.97	45.52	0	1117.3	3.9812	-15.0000	4	0	1	0	0	0	2	1	numu	RES	CC	1232.7	930.7	0.194	1.90		0.3388	9938.4	0	10	1	0	0	0	15	11
714	65	23	0	0	1000011	12	12	same	1	0	1	97.6	0	0	185.57	-96.31	346.43	0	468.2	1.7419	-15.0000	4	0	1	0	0	0	3	2	numu	RES	CC	690.8	397.4	1.227	0.42		1.3630	17218.0	1	1000011	1	0	0	0	8	7
714	65	24	0	0	1000009	22	22	same	16	0	1	108.8	0	0	-9.01	-96.65	100.82	0	1549.1	1.9486	-15.0000	4	0	1	0	0	0	3	1	numu	QE	CC	938.7	710.0	0.44	0.87		0.5864	3107.4	1	10	1	0	0	0	26	10
714	65	36	0	0	8	16	16	same	14	0	1	26.5	0	0	-16.65	134.42	256.97	0	331.3	-1.1332	-11.5543	8	0	0	1	0	0	1	0	numu	RES	NC	596.1	408.5	1.413	36.41		1.5585	5327.1	0	8	1	0	1	1	30	16
714	65	39	0	0	1000011	12	12	same	8	0	1	74.4	0	0	58.54	138.53	56.71	0	938.6	2.3374	-15.0000	4	0	1	0	0	0	2	1	numu	RES	NC	1426.7	953.8	0.914	1.10		1.0620	16302.4	1	1000011	1	0	0	0	25	17
714	65	50	0	0	13	18	18	same	5	0	1	366.5	0	0	-91.29	-39.11	96.52	0	1163.7	4.3502	-15.0000	4	0	1	0	0	0	3	0	numu	MEC	CC	1246.7	1014.0	0.878	1.11		1.0266	23358.8	0	13	1	0	0	0	10	5
714	68	20	0	0	1000010	16	16	same	11	1	0	100.1	1	1	170.18	67.95	333.19	0	940.7	2.6494	-15.0000	6	1	1	0	0	1	3	2	numu	RES	CC	1466.5	808.9	1.359	0.40		1.3020	47425.6	1	1000010	1	0	0	0	15	4
714	68	25	0	0	1000013	14	14	same	1	0	1	22.2	0	0	146.60	-2.64	405.21	0	510.1	-0.2238	-15.0000	4	0	1	0	0	0	1	0	numu	RES	NC	503.7	388.9	0.432	23.84		0.5733	10725.8	1	1000013	1	0	0	0	40	39
714	68	34	0	0	1000007	14	14	same	1	0	1	23.3	0	0	101.39	-127.63	338.78	0	123.1	-1.5515	-15.0000	8	0	0	1	0	0	3	1	nue	QE	CC	1274.2	0.5	1.282	412.95		1.4260	2001.5	1	1000007	1	0	0	0	3	2
714	68	47	0	0	1000015	9	9	same	1	0	0	322.0	0	0	77.95	50.41	180.90	0	871.7	4.0402	-15.0000	4	0	1	0	0	0	3	0	numu	QE	CC	1135.2	719.6	0.426	1.00		0.5754	16444.6	1	12	1	0	0	0	6	5
714	71	14	0	0	1000006	12	12	same	1	0	0	32.7	0	0	186.31	-92.58	471.12	0	216.9	1.8425	-15.0000	4	0	1	0	0	0	3	1	numu	QE	CC	1437.0	118.6	0.702	1.59		0.8360	7347.9	1	1000006	1	0	0	0	7	6
714	71	24	0	0	11	24	24	same	3	0	0	81.5	0	0	-139.21	-25.93	432.76	0	819.9	3.8849	-15.0000	4	0	1	0	0	0	1	0	numu	RES	CC	1175.9	496.9	0.678	0.73		0.8190	13441.8	0	11	1	0	0	0	6	3
714	71	37	0	0	9	24	24	same	2	0	0	208.8	0	0	-85.34	35.56	342.53	0	1124.0	2.3006	-15.0000	4	0	1	0	0	0	1	0	numu	DIS	CC	3708.5	1414.7	0.982	2.57		1.1293	33437.7	0	9	1	0	0	0	7	5
714	71	42	0	0	10	1	1	same	1	0	1	2.8	0	0	-194.55	16.43	488.85	0	13.2	-1.7589	-15.0000	8	0	0	1	0	0	3	0	numu	RES	CC	837.8	21.6	1.024	40.71		1.1580	4662.1	0	10	1	0	0	0	1	0
714	71	44	0	0	1000008	6	6	same	1	0	0	86.4	0	0	154.66	-140.96	72.60	0	414.6	4.2480	-15.0000	4	0	1	0	0	0	1	0	numu	QE	CC	425.8	265.0	1.048	0.57		1.1860	5780.1	1	1000008	1	0	0	0	1	0
714	73	2	0	0	15	4	4	same	1	0	1	109.6	0	0	-64.18	97.25	156.37	0	364.3	-0.0411	-15.0000	8	0	0	1	0	0	1	0	numu	QE	CC	411.6	316.2	1.58	0.71		1.7245	7651.4	0	15	1	0	0	0	7	6
714	73	8	0	0	6	3	3	same	1	0	1	116.6	0	0	-64.16	-15.36	288.43	0	777.1	1.9675	-15.0000	4	0	1	0	0	0	3	1	numu	QE	CC	923.4	789.0	1.224	0.26		1.3728	18950.1	0	6	1	0	0	0	13	12
714	73	17	0	0	1000011	9	9	same	1	0	0	102.7	0	0	162.84	-180.15	408.28	0	521.6	3.5724	-15.0000	4	0	1	0	0	0	1	0	numu	QE	CC	792.3	263.0	1.55	0.30		1.6890	8126.2	1	13	1	0	0	0	1	0
714	73	26	0	0	1000010	8	8	same	1	0	1	312.6	0	0	3.48	-7.14	9.96	0	904.9	3.6996	-15.0000	6	1	1	0	0	1	3	1	numu	QE	CC	941.5	978.4	0.871	4.86		1.0164	19245.6	1	1000010	1	0	0	0	1	0
714	73	42	0	0	3	3	3	same	1	0	0	286.5	0	0	-54.98	11.78	227.27	0	783.3	4.1708	-15.0000	4	0	1	0	0	0	1	0	numu	QE	CC	1359.5	697.3	0.636	1.44		0.7856	14942.1	0	3	1	0	0	0	1	0
714	88	24	0	0	12	19	19	same	1	0	0	84.9	0	0	-23.11	-157.60	200.55	0	674.8	1.1714	-15.0000	8	0	0	1	0	0	2	0	numu	QE	CC	830.4	508.3	1.26	1.88		1.4050	7547.5	0	12	1	0	0	0	3	2
714	88	28	0	0	9	4	4	same	1	0	0	64.2	0	0	-100.70	-82.34	457.60	0	584.7	2.6224	-15.0000	4	0	1	0	0	0	1	0	numu	QE	CC	1911.2	624.1	0.363	1.74		0.5040	15908.2	0	9	1	0	0	0	6	5
714	88	32	0	0	1000013	17	17	same	1	0	1	79.7	0	0	41.32	-0.68	218.59	0	714.1	0.5523	-15.0000	4	0	1	0	0	0	3	1	numu	MEC	CC	681.3	605.7	0.483	1.00		0.6313	12627.8	1	1000013	1	0	0	0	4	3
714	88	33	0	0	1000005	10	10	same	7	0	1	85.4	0	0	0.98	3.74	344.44	0	429.0	3.5384	-15.0000	4	0	1	0	0	0	3	2	numu	MEC	CC	641.4	400.4	1.567	1.27		1.7115	8074.1	1	8	1	0	0	0	13	6
714	97	3	0	0	1000009	20	20	same	1	0	0	120.5	0	0	128.86	-121.30	27.70	0	1226.1	2.9219	-15.0000	4	0	1	0	0	0	2	0	numu	RES	CC	1411.2	1106.4	0.365	1.03		0.5055	24368.9	1	1000009	1	0	0	0	20	19
714	97	37	0	0	14	23	23	same	7	0	1	40.0	0	0	-43.35	-84.19	316.80	0	439.4	0.3861	-15.0000	8	0	0	1	0	0	4	0	numu	MEC	CC	633.2	434.2	0.334	0.30		0.4821	9620.3	0	14	1	0	0	0	23	16
714	97	42	0	0	1000010	10	10	same	2	0	0	68.4	0	0	176.68	-175.13	96.35	0	513.1	3.8945	-15.0000	4	0	1	0	0	0	2	1	numu	MEC	CC	777.4	383.8	0.499	0.54		0.6360	13489.4	1	1000010	1	0	0	0	14	12
714	97	43	0	0	1000010	18	18	same	1	0	0	96.1	0	0	146.01	-118.73	436.60	0	532.3	2.6238	-15.0000	6	1	1	0	0	1	1	0	numu	QE	CC	1047.0	403.9	1.155	0.49		1.2953	10403.4	1	13	1	0	0	0	27	26
715	6	5	0	0	12	6	6	same	2	0	0	213.3	0	0	-197.43	132.00	109.97	0	785.4	0.0705	-15.0000	4	0	1	0	0	0	2	1	numu	QE	CC	946.2	532.8	1.01	0.29		1.1470	17440.1	0	12	1	0	0	0	4	2
715	6	5	1	1	1000018	13	13	same	2	0	0	46.0	0	0	151.46	175.88	159.55	0	603.8	3.0271	-15.0000	4	0	1	0	0	0	2	0	numu	RES	CC	767.7	453.1	1.202	0.37		1.3387	20898.7	1	1000018	1	0	0	0	27	25
715	6	9	0	0	1000009	9	9	same	1	0	0	22.3	0	0	123.09	48.91	480.50	0	197.7	1.2018	-15.0000	4	0	1	0	0	0	1	0	numu	QE	CC	783.9	129.2	0.985	1.01		1.1260	3806.2	1	16	1	0	0	0	13	12
715	6	15	0	0	7	2	2	same	1	0	0	36.6	0	0	-160.48	166.90	10.00	0	339.6	-1.5353	-15.0000	8	0	0	1	0	0	2	0	numu	QE	NC	1136.7	324.1	1.061	84.19		1.2020	6844.9	0	7	1	0	0	0	4	3
715	6	25	0	0	14	9	9	same	1	0	1	40.4	0	0	-146.78	100.84	365.77	0	322.8	-1.8411	-15.0000	8	0	0	1	0	0	1	0	numu	QE	NC	1200.4	469.2	0.728	235.22		0.8760	12032.8	0	14	1	0	0	0	13	12
715	6	27	0	0	5	4	4	same	1	0	1	5.7	0	0	-144.94	-91.97	211.93	0	91.9	-0.9749	-15.0000	8	0	0	1	0	0	2	0	numu	QE	NC	784.3	128.0	1.47	20.13		1.6113	4270.3	0	5	1	0	0	0	6	5
715	6	45	0	0	11	5	5	same	1	0	1	57.4	0	0	-148.69	94.13	248.57	0	367.7	-0.2800	-15.0000	8	0	0	1	0	0	1	0	numu	RES	CC	713.3	445.4	0.903	0.48		1.0433	12533.8	0	11	1	0	0	0	6	5
715	6	49	0	0	1000016	19	19	same	2	0	0	65.0	1	1	86.58	65.19	455.24	0	834.6	3.2019	-4.8967	4	0	1	0	0	0	2	0	numu	RES	CC	1676.5	601.6	0.835	1.78		0.9800	11783.3	1	1000016	1	0	1	1	9	7
715	10	1	0	0	3	14	14	same	3	0	1	279.9	0	0	21.62	-39.04	61.28	0	810.1	3.4157	-15.0000	4	0	1	0	0	0	1	0	numu	QE	CC	860.4	746.1	0.612	2.39		0.7625	12876.8	0	3	1	0	0	0	5	2
715	10	15	0	0	10	5	5	same	2	0	0	92.3	0	0	-151.18	-113.52	361.48	0	594.1	2.3773	-15.0000	4	0	1	0	0	0	2	1	numu	RES	NC	1180.8	494.9	0.562	0.19		0.7013	14340.3	0	10	1	0	0	0	4	2
715	10	31	0	0	13	14	14	same	2	0	1	37.2	0	0	-29.39	-25.19	473.31	0	159.1	0.9896	-15.0000	4	0	1	0	0	0	1	0	numu	MEC	CC	511.0	398.0	1.326	11.58		1.4688	6669.5	0	13	1	0	0	0	10	8
715	10	44	0	0	6	15	15	same	5	0	1	219.4	0	0	-13.62	-112.83	97.50	0	1531.8	2.9198	-7.7135	4	0	1	0	0	0	2	1	numu	DIS	CC	1918.3	1659.4	1.482	0.84		1.6278	29802.2	0	6	1	0	1	1	35	30
715	15	20	0	0	1000010	11	11	same	1	0	1	43.7	0	0	118.30	99.83	343.74	0	654.6	1.1302	-15.0000	4	0	1	0	0	0	2	0	numu	DIS	CC	827.5	503.0	0.489	0.63		0.6332	11087.3	1	1000010	1	0	0	0	10	9
715	15	24	0	0	1000010	12	12	same	4	0	1	502.9	1	1	-132.75	70.93	67.30	0	1628.0	5.4122	-15.0000	4	0	1	0	0	0	2	1	numu	RES	CC	2206.2	1846.6	0.196	2.18		0.3525	13217.3	1	11	1	0	0	0	21	17
715	15	34	0	0	1000005	12	12	same	1	0	1	1.9	0	0	26.67	65.99	103.67	0	111.0	-2.4360	-15.0000	8	0	0	1	0	0	1	0	numu	RES	NC	1530.3	71.2	0.133	172.80		0.2918	2500.2	1	1000005	1	0	0	0	5	4
715	15	35	0	0	15	20	20	same	3	0	0	341.3	0	0	-110.65	-150.86	225.98	0	1244.9	3.8142	-15.0000	4	0	1	0	0	0	1	0	numu	QE	CC	3859.0	1270.4	0.106	0.76		0.2450	27562.1	0	15	1	0	0	0	8	5
715	15	47	0	0	10	5	5	same	1	0	1	63.8	0	0	-124.41	-171.16	333.77	0	530.5	0.2047	-15.0000	8	0	0	1	0	0	2	0	numu	RES	CC	803.3	486.8	0.187	0.62		0.3273	10142.0	0	10	1	0	0	0	6	5
715	15	48	0	0	8	3	3	same	1	0	0	115.7	0	0	-153.64	85.49	396.89	0	500.3	3.0351	-15.0000	4	0	1	0	0	0	1	0	numu	QE	CC	940.5	377.2	0.566	0.08		0.7067	8489.1	0	8	1	0	0	0	5	4
715	15	49	0	0	13	23	23	same	2	0	1	95.1	0	0	-40.93	-122.53	75.83	0	1277.8	2.5953	-15.0000	4	0	1	0	0	0	2	0	numu	RES	CC	1310.7	1238.3	0.742	4.07		0.8895	22055.8	0	13	1	0	0	0	38	36
715	17	1	0	0	1000011	18	18	same	2	0	1	51.8	0	0	48.79	-91.30	230.33	0	456.9	1.6777	-15.0000	6	1	1	0	0	1	1	0	numu	MEC	CC	1044.9	501.1	1.052	5.06		1.2000	11537.7	1	8	1	0	0	0	6	4
715	17	13	0	0	10	5	5	same	1	0	1	1.7	0	0	-157.88	184.93	485.92	0	6.3	-1.7729	-15.0000	8	0	0	1	0	0	2	1	numu	RES	NC	891.3	16.3	1.232	71.82		1.3680	2026.3	0	10	1	0	0	0	4	3
715	17	14	0	0	6	15	15	same	1	0	1	148.9	0	0	-23.69	-101.77	207.88	0	1027.7	4.0331	-15.0000	4	0	1	0	0	0	1	0	numu	MEC	CC	1258.3	1064.3	1.563	0.92		1.7081	15444.6	0	6	1	0	0	0	15	14
715	17	22	0	0	1000003	9	9	same	1	0	1	1.9	0	0	115.69	195.06	327.95	0	108.3	-1.5409	-15.0000	8	0	0	1	0	0	1	0	numu	QE	CC	706.9	22.3	0.714	36.40		0.8593	1039.7	1	8	1	0	0	0	1	0
715	17	28	0	0	15	5	5	same	1	0	0	24.2	0	0	-113.18	137.06	13.57	0	285.1	-3.0986	-15.0000	10	1	0	1	0	1	1	0	numu	RES	NC	759.1	230.4	1.139	39.43		1.2827	4374.5	0	15	1	0	0	0	5	4
715	17	31	0	0	13	5	5	same	1	0	0	332.2	0	0	-134.67	99.13	207.26	0	2170.7	3.2633	-15.0000	4	0	1	0	0	0	1	0	numu	RES	CC	3889.4	1982.3	0.504	0.45		0.6445	49198.6	0	13	1	0	0	0	31	30
715	17	33	0	0	1000008	11	11	same	1	0	1	23.9	0	0	70.67	41.40	310.84	0	317.0	-0.9816	-9.4980	8	0	0	1	0	0	3	0	numu	RES	CC	519.7	432.0	0.637	7.60		0.7822	10801.0	1	9	1	0	1	1	28	27
715	17	37	0	0	1000009	18	18	same	1	0	1	34.3	0	0	50.52	98.57	54.02	0	315.0	-1.6207	-0.9241	40	0	0	1	1	0	1	0	numu	DIS	CC	4067.1	598.4	0.125	366.72		0.2831	6382.6	1	9	1	0	1	1	4	3
715	17	47	0	0	13	8	8	same	2	0	0	87.2	0	0	-190.29	122.34	400.35	0	211.4	1.4023	-15.0000	6	1	1	0	0	1	3	1	numu	QE	CC	1540.6	282.8	0.508	2.85		0.6473	10510.5	0	13	1	0	0	0	5	3
715	17	49	0	0	1000011	11	11	same	1	0	1	56.7	0	0	178.91	-83.62	323.04	0	494.2	-0.3120	-15.0000	4	0	1	0	0	0	1	0	numu	DIS	NC	1007.1	440.0	0.827	0.32		0.9630	14488.8	1	1000011	1	0	0	0	5	4
715	22	1	0	0	7	6	6	same	1	0	0	109.2	0	0	-123.08	114.22	293.05	0	470.0	3.4724	-15.0000	4	0	1	0	0	0	1	0	numu	QE	CC	652.4	317.3	0.601	1.29		0.7435	6339.9	0	7	1	0	0	0	7	6
715	22	6	0	0	1000012	10	10	same	1	0	1	45.8	0	0	61.62	-124.24	386.83	0	289.7	-2.0615	-15.0000	8	0	0	1	0	0	2	1	numu	QE	NC	448.8	289.2	1.25	0.98		1.3980	4048.4	1	1000012	1	0	0	0	1	0
715	22	10	0	0	13	14	14	same	3	0	1	209.0	0	0	22.44	97.50	176.11	0	786.4	4.7624	-15.0000	4	0	1	0	0	0	2	1	numu	QE	CC	850.0	701.4	0.746	0.91		0.8940	9271.4	0	13	1	0	0	0	4	1
715	22	28	0	0	21	14	14	same	2	0	1	1.6	0	0	-187.72	-21.86	373.20	0	107.1	-2.8574	-15.0000	8	0	0	1	0	0	2	1	numu	QE	NC	814.8	5.2	0.546	114.99		0.6860	1649.3	0	21	1	0	0	0	2	0
715	23	1	0	0	15	10	10	same	2	0	1	400.5	0	0	-61.53	166.81	8.11	0	1104.5	4.1219	-15.0000	4	0	1	0	0	0	2	1	numu	QE	CC	1142.6	1062.6	0.703	0.90		0.8547	15729.7	0	15	1	0	0	0	10	8
715	23	21	0	0	1000010	19	19	same	3	0	1	2.2	0	0	179.99	-194.62	5.78	0	12.3	-3.6016	-15.0000	8	0	0	1	0	0	2	1	numu	QE	CC	507.4	0.0	0.286	131.15		0.7160	1377.4	1	11	1	0	0	0	3	0
715	23	22	0	0	1000009	7	7	same	1	0	1	27.1	0	0	104.70	-93.04	255.23	0	456.5	0.2995	-15.0000	4	0	1	0	0	0	4	1	numu	RES	CC	509.0	370.7	0.107	0.55		0.2487	8779.1	1	1000009	1	0	0	0	1	0
715	23	28	0	0	1000009	9	9	same	2	0	0	166.3	0	0	97.67	113.98	20.10	0	873.8	4.0641	-15.0000	4	0	1	0	0	0	1	0	numu	RES	CC	1089.3	636.2	0.875	1.24		1.0167	17147.4	1	1000009	1	0	0	0	7	5
715	23	32	0	0	7	4	4	same	1	0	0	0.5	0	0	0.00	0.00	0.00	1	0.0	-1.9417	-15.0000	0	0	0	0	0	0	2	-1				-1	-1	-1	-1		0.5769	1369.5	0	7	0	0	0	0	1	0
715	25	6	0	0	6	9	9	same	1	0	1	2.0	0	0	-87.87	-111.89	111.47	0	18.8	-1.6294	-15.0000	8	0	0	1	0	0	2	0	numu	RES	CC	2184.8	72.8	1.563	466.41		1.7240	2051.4	0	6	1	0	0	0	4	3
715	25	23	0	0	1000014	43	44	in_act_not_selected	40	1	1	125.3	1	1	27.05	38.90	128.94	0	740.2	-0.7211	-10.9436	8	0	0	1	0	0	2	1	numu	DIS	CC	3149.0	1999.7	0.476	158.87		0.6220	33567.3	1	16	1	1	1	1	52	12
715	25	41	0	0	1000011	12	12	same	1	0	0	115.4	0	0	66.85	193.73	421.71	0	394.3	1.7890	-15.0000	6	1	1	0	0	1	2	1	numu	QE	CC	682.7	295.6	0.776	2.89		0.9250	4071.7	1	1000011	1	0	0	0	3	2
715	25	49	0	0	1000013	12	12	same	1	0	1	45.9	0	0	44.08	-128.13	214.12	0	547.2	1.5168	-15.0000	4	0	1	0	0	0	1	0	numu	MEC	CC	700.8	568.0	0.785	1.58		0.9340	10067.9	1	12	1	0	0	0	17	16
715	34	1	0	0	1000012	19	19	same	3	0	0	182.1	0	0	89.75	153.78	13.51	0	747.9	6.1317	-15.0000	4	0	1	0	0	0	4	2	numu	MEC	CC	816.2	714.9	0.782	1.42		0.9260	8377.3	1	12	1	0	0	0	6	3
715	34	2	0	0	10	5	5	same	2	0	1	9.3	0	0	-177.34	12.80	194.56	0	119.6	-1.7462	-15.0000	8	0	0	1	0	0	3	1	numu	DIS	NC	1704.3	308.9	0.391	0.35		0.5280	14567.6	0	10	1	0	0	0	13	11
715	34	3	0	0	7	28	28	same	3	0	1	26.9	0	0	-128.87	176.89	356.64	0	350.5	-0.4006	-15.0000	8	0	0	1	0	0	1	0	numu	RES	NC	759.4	252.0	0.093	0.80		0.2340	5297.6	0	7	1	0	0	0	6	3
715	34	17	0	0	1000011	17	17	same	1	0	0	358.6	0	0	72.48	-68.20	156.93	0	1035.8	5.0474	-15.0000	4	0	1	0	0	0	2	1	numu	RES	CC	1422.1	956.0	0.9	1.09		1.0472	25515.4	1	1000011	1	0	0	0	6	5
715	34	20	0	0	1000003	16	16	same	1	0	1	2.2	0	0	118.19	130.76	106.98	0	118.1	-2.1456	-15.0000	8	0	0	1	0	0	2	0	numu	QE	NC	926.9	152.1	0.8	60.46		0.9457	2740.8	1	1000003	1	0	0	0	6	5
715	34	42	0	0	22	22	22	same	2	0	1	2.5	1	1	-131.19	-175.18	303.22	0	29.7	-4.0402	-15.0000	8	0	0	1	0	0	1	0	numu	RES	NC	651.5	78.4	0.312	143.07		0.4620	1883.8	0	22	1	0	0	0	6	4
715	34	43	0	0	8	1	1	same	1	0	0	169.7	0	0	-83.92	92.41	352.71	0	650.5	4.6016	-15.0000	4	0	1	0	0	0	1	0	numu	QE	CC	1197.7	550.7	0.791	0.50		0.9360	12006.8	0	8	1	0	0	0	4	3
715	34	50	0	0	1000006	14	14	same	1	0	0	43.2	0	0	117.35	-70.23	467.55	0	446.6	3.3146	-15.0000	4	0	1	0	0	0	3	0	numu	RES	CC	1084.5	197.1	0.966	1.28		1.1080	6056.1	1	1000006	1	0	0	0	7	6
715	36	2	0	0	1000016	18	18	same	3	0	1	188.8	0	0	-23.52	74.68	231.13	0	745.4	4.3703	-15.0000	4	0	1	0	0	0	1	0	numu	MEC	CC	822.0	647.4	0.826	0.41		0.9743	7464.0	1	13	1	0	0	0	7	4
715	36	11	0	0	1000013	12	12	same	1	0	1	289.0	0	0	158.64	-46.59	200.97	0	991.2	2.6567	-15.0000	6	1	1	0	0	1	3	1	numu	QE	CC	1094.4	978.0	0.728	3.94		0.8667	36351.4	1	1000013	1	0	0	0	8	7
715	36	46	0	0	1000012	24	24	same	7	0	1	237.8	0	0	62.13	-11.61	126.87	0	1129.2	2.6895	-15.0000	4	0	1	0	0	0	3	2	numu	RES	CC	1203.7	945.3	0.783	0.74		0.9313	16760.6	1	10	1	0	0	0	12	5
715	47	2	0	0	1000007	8	8	same	1	0	1	8.6	0	0	118.32	-74.76	86.17	0	103.6	-1.1957	-15.0000	8	0	0	1	0	0	2	1	numu	QE	NC	506.4	99.2	0.689	0.70		0.8295	2361.3	1	1000007	1	0	0	0	1	0
715	47	9	0	0	12	4	4	same	2	0	0	63.0	0	0	-164.79	38.56	387.45	0	281.0	0.7768	-15.0000	6	1	1	0	0	1	1	0	numu	QE	CC	567.0	213.5	0.47	0.41		0.6060	9887.4	0	12	1	0	0	0	5	3
715	47	19	0	0	13	19	19	same	5	0	1	172.4	0	0	-17.78	-32.57	322.40	0	885.3	4.2118	-15.0000	4	0	1	0	0	0	3	2	numu	RES	CC	1051.9	892.9	1.472	0.72		1.6160	24134.6	0	13	1	0	0	0	15	10
715	47	19	1	1	12	18	18	same	14	0	1	155.2	0	0	-54.66	138.18	292.30	0	1007.1	2.9572	-15.0000	4	0	1	0	0	0	3	0	numu	RES	CC	957.1	798.3	0.109	3.57		0.2562	9000.6	0	12	1	0	0	0	21	7
715	47	21	0	0	1000011	7	7	same	1	0	1	110.6	0	0	120.80	98.28	395.34	0	1937.7	-0.8381	3.5478	8	0	0	1	0	0	2	0	numu	DIS	NC	2794.4	2251.2	0.658	20.23		0.8008	48109.0	1	1000011	1	0	1	1	55	54
715	47	23	0	0	7	15	15	same	10	0	0	178.7	1	1	-158.58	-143.87	285.89	0	863.7	5.3980	-15.0000	4	0	1	0	0	0	1	0	numu	RES	CC	4622.1	927.8	1.319	0.54		1.4580	31383.8	0	7	1	0	0	0	18	8
715	47	27	0	0	9	23	23	same	3	0	1	69.7	1	2	-130.02	-73.23	84.41	0	668.3	1.9958	-15.0000	4	0	1	0	0	0	1	0	numu	RES	CC	1023.8	647.8	1.427	0.52		1.5667	18931.1	0	9	1	0	0	0	24	21
715	47	29	0	0	1000010	77	12	not_in_act	14	0	1	174.7	0	0	11.91	87.66	293.93	0	548.8	-0.7520	-15.0000	8	0	0	1	0	0	1	0	numu	QE	CC	904.3	702.7	1.057	1.25		1.2023	16787.3	1	10	1	1	0	0	35	21
715	47	41	0	0	1000013	26	26	same	4	0	1	145.1	0	0	-32.20	-156.50	387.67	0	719.8	2.6950	-15.0000	4	0	1	0	0	0	3	0	numu	MEC	CC	755.3	615.2	0.791	1.65		0.9380	3621.2	1	3	1	0	0	0	5	1
715	47	46	0	0	9	5	5	same	1	0	0	204.4	0	0	-80.34	131.74	212.29	0	716.0	5.2384	-15.0000	4	0	1	0	0	0	4	1	numu	QE	CC	960.9	565.6	0.88	0.82		1.0240	20545.9	0	9	1	0	0	0	2	1
715	49	9	0	0	1000004	7	7	same	3	0	1	1.7	0	0	147.16	65.83	378.62	0	26.5	-2.9080	-15.0000	8	0	0	1	0	0	3	0	numu	RES	CC	3050.1	67.1	0.094	683.44		0.2825	2177.4	1	1000004	1	0	0	0	10	7
715	49	17	0	0	12	20	20	same	3	0	1	172.7	0	0	60.37	96.31	27.90	0	717.1	3.3712	-15.0000	4	0	1	0	0	0	1	0	numu	QE	CC	702.0	580.7	0.534	2.08		0.6834	4444.2	0	12	1	0	0	0	15	12
715	49	19	0	0	15	6	6	same	2	0	0	20.3	0	0	-187.83	68.62	106.00	0	528.8	1.1058	-15.0000	4	0	1	0	0	0	3	1	numu	RES	CC	709.5	368.6	1.371	0.19		1.5090	12349.1	0	15	1	0	0	0	4	2
715	49	37	0	0	11	17	17	same	6	1	1	24.3	1	1	-113.54	32.84	52.90	0	260.4	0.3866	0.4755	8	0	0	1	0	0	3	0	numu	MEC	CC	661.9	300.9	0.53	118.86		0.6733	6298.2	0	11	1	0	1	1	7	1
715	49	41	0	0	14	9	9	same	1	0	1	22.7	0	0	-166.75	37.02	61.37	0	187.2	-3.1128	-15.0000	8	0	0	1	0	0	1	0	numu	QE	NC	1153.2	264.9	1.197	0.99		1.3407	8770.7	0	14	1	0	0	0	2	1
715	49	49	0	0	11	3	3	same	1	0	0	279.7	0	0	-135.54	34.90	226.86	0	1066.3	4.2651	-15.0000	4	0	1	0	0	0	1	0	numu	RES	CC	2007.1	1050.7	0.543	0.93		0.6840	35170.0	0	11	1	0	0	0	11	10
715	58	42	0	0	11	7	7	same	1	0	1	8.5	0	0	-67.09	-182.39	387.98	0	142.5	-0.9364	-15.0000	8	0	0	1	0	0	1	0	numu	MEC	NC	916.9	275.5	1.361	20.87		1.5089	4798.6	0	11	1	0	0	0	8	7
715	58	46	0	0	19	6	6	same	1	0	0	217.4	0	0	-136.92	115.36	104.09	0	635.3	2.4385	-15.0000	4	0	1	0	0	0	2	1	numu	QE	CC	781.1	552.1	0.934	0.67		1.0785	9118.6	0	19	1	0	0	0	5	4
715	58	46	1	1	20	19	19	same	2	0	1	204.4	0	0	-140.48	-150.04	211.00	0	725.5	5.0570	-15.0000	4	0	1	0	0	0	2	0	numu	QE	CC	909.5	645.3	1.488	0.26		1.6300	19137.6	0	20	1	0	0	0	5	3
715	58	49	0	0	6	4	4	same	1	0	0	103.8	0	0	-57.12	-195.37	163.65	0	1386.5	2.6482	-15.0000	4	0	1	0	0	0	3	0	numu	DIS	CC	2000.9	950.8	1.37	8.54		1.5180	16795.2	0	6	1	0	0	0	20	19
715	58	50	0	0	3	18	18	same	4	0	1	88.9	0	0	-147.96	108.93	326.75	0	546.3	-0.4159	-15.0000	8	0	0	1	0	0	2	0	numu	MEC	NC	1122.2	444.4	0.81	4.68		0.9510	10129.0	0	3	1	0	0	0	5	1
715	59	3	0	0	1000009	6	6	same	1	0	1	80.5	0	0	179.90	76.84	30.73	0	690.9	1.0437	-15.0000	8	0	0	1	0	0	2	0	numu	RES	NC	1699.4	946.2	1.16	8.87		1.2950	30793.2	1	1000009	1	0	0	0	5	4
715	59	5	0	0	1000017	14	14	same	1	0	0	161.0	0	0	78.20	39.17	3.16	0	435.9	-1.3819	-15.0000	4	0	1	0	0	0	2	0	numu	RES	CC	991.5	401.0	0.889	135.03		1.0387	10590.5	1	1000017	1	0	0	0	7	6
715	59	7	0	0	3	1	1	same	1	0	1	144.2	0	0	-185.99	-167.28	240.20	0	657.6	1.7140	-15.0000	4	0	1	0	0	0	2	0	numu	QE	CC	677.9	555.0	0.18	39.63		0.3200	10759.0	0	3	1	0	0	0	3	2
715	59	31	0	0	1000013	26	26	same	7	0	1	329.1	0	0	32.75	43.20	170.83	0	1746.0	3.8712	-15.0000	4	0	1	0	0	0	2	1	numu	RES	CC	1701.4	1434.8	0.201	0.90		0.3492	31943.0	1	15	1	0	0	0	35	28
715	60	35	0	0	14	6	6	same	1	0	1	65.1	0	0	-171.14	-45.76	398.71	0	940.1	2.3174	-15.0000	4	0	1	0	0	0	3	1	numu	RES	CC	858.6	701.0	1.21	0.25		1.3473	23524.1	0	14	1	0	0	0	18	17
715	60	41	0	0	12	15	15	same	17	0	1	22.0	0	0	-115.71	-6.79	38.22	0	289.3	-1.4274	-15.0000	8	0	0	1	0	0	2	1	numu	DIS	NC	1106.9	245.5	0.25	48.24		0.3935	6289.3	0	12	1	0	0	0	21	4
715	63	1	0	0	9	14	14	same	7	0	1	15.4	0	0	-128.45	-153.49	447.28	0	225.9	-1.1660	-15.0000	8	0	0	1	0	0	2	0	numu	QE	NC	331.9	130.7	0.899	188.01		1.0460	3272.0	0	9	1	0	0	0	12	5
715	63	3	0	0	1000009	20	20	same	3	0	1	88.6	0	0	39.39	25.50	125.61	0	454.9	1.8946	-15.0000	4	0	1	0	0	0	2	1	numu	MEC	CC	529.7	357.1	0.612	4.19		0.7594	8421.6	1	9	1	0	0	0	7	4
715	63	24	0	0	7	3	3	same	1	0	1	78.3	0	0	-115.24	-47.51	402.08	0	418.1	2.5501	-15.0000	4	0	1	0	0	0	1	0	numu	QE	CC	494.5	286.2	0.643	0.38		0.7867	6430.0	0	7	1	0	0	0	4	3
715	63	30	0	0	1000008	12	12	same	1	0	1	311.3	0	0	19.95	-78.83	4.91	0	1025.4	2.2605	-15.0000	8	0	0	1	0	0	1	0	numu	QE	CC	1037.5	739.3	0.83	132.77		0.9847	15196.0	1	1000008	1	0	0	0	3	2
715	63	40	0	0	1000015	12	12	same	1	0	1	144.4	0	0	84.57	-161.70	46.51	0	1484.7	1.1055	-15.0000	4	0	1	0	0	0	1	0	nue	RES	NC	2959.3	1602.4	0.99	1.34		1.1360	29382.6	1	1000015	1	0	0	0	38	37
715	68	5	0	0	1000012	11	11	same	1	0	1	25.3	0	0	75.49	66.58	297.56	0	351.8	-1.0589	-12.1470	8	0	0	1	0	0	2	0	numu	RES	NC	1128.2	783.2	0.108	31.06		0.2562	17854.2	1	1000012	1	0	1	1	30	29
715	68	20	0	0	11	2	2	same	1	0	0	0.8	0	0	0.00	0.00	0.00	1	0.0	-1.9417	-15.0000	0	0	0	0	0	0	2	-1				-1	-1	-1	-1		0.7110	1666.9	0	11	0	0	0	0	1	0
715	68	39	0	0	1000006	12	12	same	1	0	1	16.3	0	0	173.74	53.25	121.77	0	277.1	-0.9008	-15.0000	4	0	1	0	0	0	2	0	numu	RES	NC	520.9	251.0	1.446	7.88		1.5850	9798.1	1	1000006	1	0	0	0	7	6
715	68	44	0	0	8	14	14	same	2	0	0	277.1	0	0	-101.99	-140.60	255.33	0	2977.5	0.6617	-15.0000	4	0	1	0	0	0	1	0	numu	RES	CC	3862.1	2904.3	0.883	1.81		1.0282	60365.9	0	8	1	0	0	0	55	53
715	68	45	0	0	14	23	23	same	13	0	0	128.8	1	1	-2.56	-75.04	265.36	0	2767.1	-0.0593	5.4197	40	0	0	1	1	0	2	0	nue	RES	CC	3336.4	3169.5	0.295	0.74		0.4394	62505.1	0	14	1	0	1	1	70	57
715	68	50	0	0	5	15	15	same	2	0	0	93.8	0	0	-22.74	168.66	434.71	0	346.9	2.5513	-15.0000	6	1	1	0	0	1	2	0	numu	QE	CC	946.1	276.6	1.096	6.18		1.2398	2552.5	0	5	1	0	0	0	2	0
715	72	23	0	0	1000013	11	11	same	2	0	0	108.7	0	0	193.01	49.91	459.34	0	372.9	1.7538	-15.0000	4	0	1	0	0	0	4	2	numu	QE	CC	487.0	248.7	1.002	0.65		1.1390	6613.2	1	1000013	1	0	0	0	2	0
715	72	34	0	0	1000012	20	20	same	2	0	0	397.1	0	0	-64.50	98.52	148.18	0	1235.1	3.1019	-15.0000	4	0	1	0	0	0	1	0	numu	MEC	CC	1460.3	1163.3	0.122	0.95		0.2724	16177.5	1	14	1	0	0	0	10	8
715	72	36	0	0	1000006	9	9	same	1	0	0	133.2	0	0	116.10	2.71	370.90	0	440.0	3.0370	-15.0000	4	0	1	0	0	0	2	0	numu	QE	CC	898.2	325.6	0.982	0.79		1.1255	8243.0	1	5	1	0	0	0	3	2
715	72	37	0	0	6	7	7	same	1	0	1	2.4	0	0	-155.27	-149.50	189.60	0	36.3	-2.9133	-15.0000	8	0	0	1	0	0	1	0	numu	DIS	CC	5212.9	63.3	0.811	399.90		0.9780	2451.9	0	6	1	0	0	0	4	3
715	72	47	0	0	4	4	4	same	2	0	0	118.3	0	0	-201.30	-32.47	46.56	0	403.8	-2.7284	-15.0000	6	1	1	0	0	1	2	0	numu	QE	CC	740.6	303.9	0.471	236.05		0.6100	20828.3	0	4	1	0	0	0	4	2
715	72	49	0	0	10	4	4	same	1	0	0	65.0	0	0	-107.66	193.24	263.70	0	610.1	2.7979	-15.0000	4	0	1	0	0	0	1	0	numu	MEC	CC	1181.8	460.9	0.883	1.39		1.0260	6464.0	0	10	1	0	0	0	3	2
715	76	4	0	0	12	13	13	same	2	0	1	32.8	0	0	-76.51	130.47	387.62	0	322.6	-0.4828	-15.0000	4	0	1	0	0	0	1	0	numu	DIS	NC	574.6	213.2	0.719	9.53		0.8628	3529.9	0	12	1	0	0	0	11	9
715	76	16	0	0	1000011	10	10	same	1	0	0	392.7	0	0	19.74	-34.48	129.16	0	1114.0	4.9597	-15.0000	4	0	1	0	0	0	3	1	numu	QE	CC	1265.5	937.2	0.196	0.65		0.3447	20165.4	1	1000011	1	0	0	0	2	1
715	76	29	0	0	1000014	14	14	same	1	0	1	240.3	0	0	95.91	40.25	203.69	0	720.1	2.5071	-15.0000	4	0	1	0	0	0	1	0	numu	QE	CC	974.1	807.8	0.368	1.23		0.5124	25859.2	1	1000014	1	0	0	0	14	13
715	76	42	0	0	1000009	22	22	same	4	0	0	79.2	1	1	51.13	-16.13	434.78	0	427.3	3.1095	-15.0000	4	0	1	0	0	0	1	0	numu	QE	CC	861.0	286.2	1.476	1.61		1.6240	5472.9	1	12	1	0	0	0	9	5
715	76	45	0	0	8	6	6	same	1	0	1	147.0	0	0	-125.03	-65.77	337.22	0	1174.2	2.7751	-15.0000	4	0	1	0	0	0	1	0	numu	DIS	CC	1202.0	1030.2	0.394	0.52		0.5360	28155.8	0	8	1	0	0	0	19	18
715	79	5	0	0	1000019	12	12	same	2	0	0	199.6	0	0	154.27	105.88	299.96	0	853.1	4.3088	-15.0000	4	0	1	0	0	0	2	0	numu	MEC	CC	3101.6	973.0	1.319	0.15		1.4595	33218.5	1	1000019	1	0	0	0	6	4
715	79	21	0	0	1000005	16	16	same	3	0	1	2.7	0	0	118.64	-178.79	486.41	0	64.1	-2.2431	-15.0000	8	0	0	1	0	0	1	0	numu	QE	NC	518.6	116.2	1.461	0.32		1.6020	2033.4	1	1000005	1	0	0	0	14	11
715	79	22	0	0	4	1	1	same	1	0	0	0.5	0	0	0.00	0.00	0.00	1	0.0	-1.9417	-15.0000	0	0	0	0	0	0	1	-1				-1	-1	-1	-1		0.7304	9692.2	0	4	0	0	0	0	1	0
715	79	25	0	0	13	13	13	same	4	0	1	2.2	0	0	-12.95	-75.27	214.11	0	23.5	-3.5336	-15.0000	8	0	0	1	0	0	1	0	numu	QE	CC	886.9	92.6	0.692	620.88		0.8680	1850.8	0	13	1	0	0	0	7	3
715	79	26	0	0	7	13	13	same	5	0	0	34.5	0	0	-0.88	-168.22	173.28	0	335.4	-0.0244	-15.0000	6	1	1	0	0	1	3	2	numu	QE	CC	752.8	212.3	0.555	4.95		0.6997	1781.0	0	7	1	0	0	0	5	0
715	79	37	0	0	11	25	25	same	2	0	0	113.5	1	1	-10.65	5.84	390.49	0	625.2	2.5711	-15.0000	4	0	1	0	0	0	2	1	numu	RES	CC	1310.4	641.7	1.569	0.79		1.7125	9001.2	0	11	1	0	0	0	4	2
715	79	37	1	1	10	4	4	same	1	0	0	21.7	0	0	-85.40	197.19	415.90	0	262.0	-0.2843	-15.0000	8	0	0	1	0	0	2	0	numu	MEC	CC	547.7	251.8	0.548	1.64		0.6940	1930.2	0	10	1	0	0	0	1	0
715	79	40	0	0	1000004	9	9	same	1	0	0	183.3	0	0	176.92	97.37	330.70	0	542.5	3.7684	-15.0000	4	0	1	0	0	0	1	0	numu	QE	CC	924.5	399.7	1.528	0.21		1.6690	11668.5	1	1000004	1	0	0	0	2	1
715	80	2	0	0	1000011	42	22	not_in_act	2	0	0	243.3	0	0	86.57	90.28	119.59	0	592.4	2.1040	-15.0000	4	0	1	0	0	0	2	1	numu	MEC	CC	1498.2	1025.5	0.594	0.80		0.7408	26017.9	1	8	1	1	0	0	4	2
715	80	28	0	0	10	20	20	same	3	0	1	50.8	0	0	-16.64	-138.35	106.57	0	416.6	1.1556	-15.0000	4	0	1	0	0	0	1	0	numu	QE	CC	355.0	258.1	0.63	3.14		0.7742	2850.4	0	10	1	0	0	0	6	3
715	80	34	0	0	1000011	24	24	same	2	0	1	161.2	0	0	46.67	-148.79	168.28	0	1665.6	2.8342	-3.3572	4	0	1	0	0	0	2	0	numu	DIS	CC	1630.1	1326.4	0.69	1.73		0.8374	22932.3	1	4	1	0	1	1	28	26
715	80	36	0	0	1000007	8	8	same	1	0	1	23.5	0	0	5.30	-168.31	72.87	0	193.7	-2.7165	-15.0000	8	0	0	1	0	0	1	0	numu	MEC	NC	965.1	220.8	1.482	2.44		1.6266	2583.3	1	1000007	1	0	0	0	3	2
715	80	45	0	0	8	4	4	same	1	0	1	307.9	0	0	-30.32	-53.12	153.82	0	934.7	5.3255	-15.0000	4	0	1	0	0	0	2	1	numu	QE	CC	932.9	807.8	1.429	0.42		1.5777	20737.7	0	8	1	0	0	0	2	1
715	87	12	0	0	11	21	21	same	9	1	1	18.1	1	1	-167.33	-69.90	99.15	0	81.5	-1.4077	-15.0000	8	0	0	1	0	0	1	0	numu	RES	CC	2031.2	267.3	1.092	511.34		1.2496	4798.6	0	11	1	0	0	0	11	2
715	87	19	0	0	13	9	9	same	1	0	0	40.4	0	0	-142.82	193.23	190.56	0	352.7	0.4178	-15.0000	4	0	1	0	0	0	2	0	numu	RES	CC	716.7	207.8	1.393	8.73		1.5330	7530.9	0	13	1	0	0	0	9	8
715	87	24	0	0	7	18	18	same	4	0	1	51.7	0	0	-26.76	164.08	165.87	0	532.6	1.3534	-15.0000	4	0	1	0	0	0	2	0	numu	RES	CC	748.9	484.0	0.994	2.21		1.1392	10250.4	0	7	1	0	0	0	10	6
715	87	25	0	0	1000010	14	14	same	1	0	0	47.4	0	0	29.15	28.35	495.69	0	260.1	-1.6821	-15.0000	6	1	1	0	0	1	2	0	numu	QE	CC	563.1	136.4	0.624	43.85		0.7708	2708.2	1	11	1	0	0	0	5	4
715	87	32	0	0	16	9	9	same	1	0	1	405.0	0	0	-146.47	103.79	45.16	0	2377.8	3.4074	-9.5093	4	0	1	0	0	0	1	0	numu	DIS	CC	4863.4	3687.9	1.216	0.10		1.3550	109879.0	0	16	1	0	1	1	44	43
715	87	48	0	0	1000008	7	7	same	1	0	0	32.6	0	0	109.90	-9.15	8.41	0	526.2	0.3892	4.3174	8	0	0	1	0	0	1	0	nue	QE	CC	622.0	398.5	0.819	1.66		0.9615	7477.2	1	1000008	1	0	1	1	6	5
715	89	1	0	0	1000013	10	10	same	1	0	1	47.6	0	0	69.54	-166.93	322.10	0	272.9	-0.6186	-15.0000	8	0	0	1	0	0	2	1	numu	QE	CC	358.2	247.3	1.038	38.67		1.1832	4034.3	1	1000013	1	0	0	0	2	1
715	89	46	0	0	23	95	12	not_in_act	1	0	0	22.6	0	0	-144.17	138.28	71.40	0	335.4	-1.4006	-15.0000	6	1	1	0	0	1	2	0	numu	RES	NC	1520.7	274.6	0.972	84.09		1.1080	7823.7	0	23	1	1	0	0	6	5
715	94	14	0	0	6	1	1	same	1	0	1	154.4	0	0	-14.75	-22.84	4.22	0	484.1	2.5785	-15.0000	4	0	1	0	0	0	2	0	numu	QE	CC	1490.0	423.1	1.408	483.26		1.5725	8648.1	0	6	1	0	0	0	4	3
715	94	18	0	0	4	6	6	same	1	0	0	26.1	0	0	-177.75	180.35	246.43	0	259.5	-1.2137	-15.0000	6	1	1	0	0	1	1	0	numu	QE	CC	498.8	231.4	1.202	2.88		1.3380	9040.4	0	4	1	0	0	0	3	2
715	94	19	0	0	13	4	4	same	1	0	1	26.9	0	0	-78.25	-164.19	299.86	0	297.9	-1.7615	-15.0000	8	0	0	1	0	0	1	0	numu	RES	NC	704.8	301.4	1.148	4.91		1.2949	5227.4	0	13	1	0	0	0	3	2
715	94	26	0	0	5	2	2	same	1	0	1	162.7	0	0	-81.27	189.65	135.14	0	530.4	2.8514	-15.0000	4	0	1	0	0	0	1	0	numu	QE	CC	576.1	492.9	0.842	1.39		0.9860	14179.5	0	5	1	0	0	0	5	4
715	94	33	0	0	9	6	6	same	1	0	1	85.5	0	0	-27.49	-54.99	313.66	0	580.8	2.2745	-15.0000	6	1	1	0	0	1	2	1	numu	QE	CC	784.5	679.3	0.584	4.73		0.7285	16807.9	0	9	1	0	0	0	6	5
715	96	6	0	0	1000008	8	8	same	1	0	1	19.3	0	0	67.11	-150.67	161.50	0	63.8	-2.4842	-15.0000	8	0	0	1	0	0	2	1	numu	QE	CC	816.1	21.5	0.69	104.52		0.8320	2593.8	1	1000008	1	0	0	0	1	0
715	96	10	0	0	12	5	5	same	2	0	0	37.5	0	0	-195.77	125.59	115.84	0	309.1	1.6407	-15.0000	8	0	0	1	0	0	1	0	numu	DIS	NC	976.2	271.8	1.01	0.45		1.1480	6827.4	0	12	1	0	0	0	7	5
715	96	15	0	0	1000013	9	9	same	1	0	1	137.8	0	0	62.17	176.41	357.32	0	606.4	3.2434	-15.0000	4	0	1	0	0	0	2	1	numu	QE	CC	588.9	476.7	0.358	2.42		0.5049	8226.4	1	1000013	1	0	0	0	4	3
715	96	18	0	0	9	6	6	same	1	0	1	123.5	0	0	-146.07	42.32	116.11	0	657.4	2.3423	-15.0000	4	0	1	0	0	0	2	0	numu	QE	CC	676.7	548.9	1.104	0.49		1.2455	14339.9	0	9	1	0	0	0	2	1
715	96	27	0	0	1000011	13	13	same	1	0	0	163.0	0	0	184.34	-157.11	135.09	0	495.4	4.2319	-15.0000	4	0	1	0	0	0	1	0	numu	QE	CC	766.5	497.4	0.765	0.92		0.9053	10286.2	1	1000011	1	0	0	0	3	2
717	11	3	0	0	7	3	3	same	1	0	1	28.8	0	0	-54.10	48.99	311.23	0	458.9	-0.7153	-15.0000	8	0	0	1	0	0	1	0	numu	RES	NC	1408.3	477.2	1.492	0.83		1.6417	8941.7	0	7	1	0	0	0	7	6
717	11	11	0	0	1000005	15	15	same	9	0	1	80.0	0	0	69.44	132.59	338.93	0	877.7	1.0486	-3.1372	4	0	1	0	0	0	2	1	numu	RES	NC	1274.8	964.3	0.223	1.48		0.3704	17877.2	1	10	1	0	1	1	21	12
717	11	23	0	0	11	4	4	same	1	0	1	80.8	0	0	-117.75	-49.81	418.66	0	641.1	2.6053	-15.0000	4	0	1	0	0	0	2	1	numu	MEC	CC	687.9	482.3	1.591	5.37		1.7313	11194.8	0	11	1	0	0	0	3	2
717	11	25	0	0	1000011	9	9	same	1	0	1	18.0	0	0	133.73	-145.05	411.46	0	272.7	-1.2375	-15.0000	8	0	0	1	0	0	3	2	numu	MEC	NC	601.0	253.0	0.204	3.01		0.3433	5399.1	1	1000011	1	0	0	0	3	2
717	11	41	0	0	13	7	7	same	1	0	1	6.7	0	0	-55.92	-181.39	440.04	0	100.5	-1.1078	-15.0000	8	0	0	1	0	0	2	1	numu	MEC	NC	886.7	92.8	1.514	1.92		1.6615	1353.6	0	13	1	0	0	0	5	4
717	29	6	0	0	1000008	12	10	in_act_not_selected	6	0	0	1.6	1	1	8.05	-190.95	63.82	0	106.5	-2.6746	-15.0000	8	0	0	1	0	0	1	0	numu	MEC	NC	556.8	36.9	0.985	574.19		1.1330	1050.3	1	1000008	1	1	0	0	8	2
717	29	11	0	0	1000011	21	21	same	30	0	0	129.5	0	0	53.49	-179.12	22.93	0	2165.9	-1.3141	-5.4509	8	0	0	1	0	0	1	0	numu	DIS	CC	4093.3	3076.8	1.141	11.47		1.2908	50347.8	1	13	1	0	1	1	91	61
717	29	29	0	0	10	14	14	same	7	0	1	77.9	0	0	-45.97	-75.53	156.22	0	971.4	0.7452	-15.0000	8	0	0	1	0	0	2	1	numu	RES	CC	925.0	773.7	1.22	0.54		1.3687	16821.7	0	10	1	0	0	0	37	30
717	29	37	0	0	7	21	21	same	6	0	0	89.4	0	0	-84.57	158.78	53.33	0	1540.1	1.5447	5.8528	4	0	1	0	0	0	1	0	numu	DIS	CC	1875.4	1568.0	0.99	0.69		1.1335	27087.4	0	7	1	0	1	1	47	41
717	29	47	0	0	1000009	17	17	same	1	0	1	38.7	0	0	170.51	-95.29	141.28	0	442.0	0.1110	-15.0000	8	0	0	1	0	0	2	0	numu	RES	CC	508.2	320.7	0.256	0.30		0.3960	7982.7	1	1000009	1	0	0	0	6	5
717	32	4	0	0	1000011	13	13	same	1	0	1	205.1	0	0	114.41	-144.39	240.76	0	1364.0	3.3053	-12.6344	4	0	1	0	0	0	2	0	numu	RES	CC	1255.0	933.6	1.491	5.87		1.6340	21444.1	1	1000011	1	0	1	1	12	11
717	32	8	0	0	13	1	1	same	1	0	0	0.8	0	0	0.00	0.00	0.00	1	0.0	-1.9417	-15.0000	0	0	0	0	0	0	2	-1				-1	-1	-1	-1		1.6240	9377.5	0	13	0	0	0	0	1	0
717	32	17	0	0	1000009	16	16	same	3	0	0	86.3	1	1	114.46	179.60	371.16	0	820.9	2.0193	-15.0000	4	0	1	0	0	0	1	0	numu	RES	CC	1905.7	616.2	0.793	1.72		0.9360	13627.9	1	11	1	0	0	0	22	19
717	32	20	0	0	1000008	14	14	same	1	0	0	1.8	0	0	0.00	0.00	0.00	1	0.0	-1.9417	-15.0000	0	0	0	0	0	0	1	-1				-1	-1	-1	-1		1.4750	541.2	1	9	0	0	0	0	1	0
717	32	26	0	0	11	7	7	same	7	0	1	17.8	0	0	-65.71	121.02	216.89	0	166.5	-3.2517	-15.0000	8	0	0	1	0	0	2	1	numu	QE	NC	458.9	235.3	1.162	1.19		1.3115	4426.7	0	11	1	0	0	0	9	2
717	32	40	0	0	9	23	23	same	3	0	0	265.2	0	0	-165.18	-104.48	308.14	0	978.0	3.4158	-15.0000	4	0	1	0	0	0	3	1	numu	QE	CC	1009.7	853.9	0.489	0.07		0.6280	17393.9	0	9	1	0	0	0	3	0
717	45	5	0	0	7	4	4	same	1	0	1	181.0	0	0	-168.62	-1.62	223.38	0	666.4	1.4627	-15.0000	8	0	0	1	0	0	3	1	numu	QE	CC	873.4	746.3	1.49	104.63		1.6287	22337.7	0	7	1	0	0	0	4	3
717	45	6	0	0	13	4	4	same	1	0	1	23.9	0	0	-156.50	70.97	415.48	0	362.9	-0.9495	-15.0000	8	0	0	1	0	0	1	0	numu	RES	NC	1234.9	421.0	0.375	0.61		0.5140	10692.4	0	13	1	0	0	0	2	1
717	45	9	0	0	7	18	18	same	5	1	1	27.8	1	1	-99.51	182.54	396.81	0	152.1	-0.4552	-3.1060	8	0	0	1	0	0	2	0	numu	RES	NC	2623.2	18.4	1.237	606.65		1.4303	17948.6	0	7	1	0	1	1	8	3
717	45	15	0	0	1000008	13	13	same	1	0	1	148.9	0	0	148.81	-83.50	332.28	0	477.0	2.1862	-15.0000	4	0	1	0	0	0	1	0	numu	QE	CC	535.5	414.5	0.297	0.59		0.4370	10908.4	1	1000008	1	0	0	0	5	4
717	45	26	0	0	10	81	5	not_in_act	1	0	0	146.8	0	0	-114.03	53.58	341.49	0	797.6	0.0454	-15.0000	8	0	0	1	0	0	2	0	numu	COH	CC	968.0	660.6	1.55	0.50		1.6920	15256.1	0	10	1	1	0	0	4	3
717	45	29	0	0	1000010	14	14	same	1	0	0	57.6	0	0	78.85	116.73	472.31	0	540.3	1.4525	-15.0000	4	0	1	0	0	0	1	0	numu	RES	NC	1273.9	460.3	1.401	53.49		1.5488	7294.8	1	8	1	0	0	0	6	5
717	45	32	0	0	14	9	9	same	1	0	1	88.5	0	0	-12.87	-69.71	117.73	0	481.0	1.9333	-15.0000	6	1	1	0	0	1	1	0	numu	QE	CC	703.0	338.4	0.329	9.18		0.4739	6474.2	0	14	1	0	0	0	3	2
717	45	33	0	0	15	3	3	same	1	0	1	130.1	0	0	-161.67	55.61	63.37	0	885.5	3.8557	-15.0000	4	0	1	0	0	0	2	1	numu	RES	CC	1289.6	867.9	1.578	0.39		1.7160	27129.1	0	15	1	0	0	0	15	14
717	45	48	0	0	1000014	33	33	same	2	0	1	2.4	0	0	68.30	92.39	5.60	0	110.6	-2.1605	-15.0000	8	0	0	1	0	0	1	0	numu	QE	NC	595.4	25.6	0.953	193.45		1.0900	1635.1	1	1000014	1	0	0	0	3	1
717	50	12	0	0	9	110	31	not_in_act	25	0	0	232.3	0	0	-28.47	-38.45	256.95	0	1507.0	-0.4539	-15.0000	8	0	0	1	0	0	2	1	numu	DIS	CC	3114.7	1486.8	0.579	3.85		0.7258	52412.8	0	9	1	1	0	0	47	22
717	50	17	0	0	1000011	20	20	same	8	0	1	162.1	1	1	-17.31	-57.13	173.69	0	504.5	3.8259	-15.0000	4	0	1	0	0	0	2	0	numu	QE	CC	578.3	502.6	0.292	0.38		0.4407	8357.3	1	8	1	0	0	0	17	9
717	50	17	1	1	9	22	22	same	3	0	0	128.4	0	0	-154.28	175.55	389.04	0	453.6	3.7225	-15.0000	4	0	1	0	0	0	2	1	numu	QE	CC	1367.2	310.9	1.247	0.35		1.3840	11226.8	0	9	1	0	0	0	9	6
717	50	24	0	0	7	2	2	same	1	0	1	181.8	0	0	-128.65	104.12	189.74	0	672.9	3.2847	-4.3577	4	0	1	0	0	0	1	0	numu	RES	CC	831.9	615.4	1.353	0.29		1.4960	15530.6	0	7	1	0	1	1	12	11
717	50	40	0	0	1000005	12	12	same	1	0	0	77.5	0	0	89.22	146.17	143.28	0	965.6	1.7912	-15.0000	4	0	1	0	0	0	3	0	numu	RES	CC	1035.0	708.2	0.937	1.25		1.0807	14134.8	1	1000005	1	0	0	0	6	5
717	50	50	0	0	12	9	9	same	1	0	1	185.5	0	0	-110.73	136.37	161.79	0	638.9	1.4311	-15.0000	8	0	0	1	0	0	2	0	numu	MEC	CC	747.2	629.3	0.692	0.54		0.8350	14901.7	0	12	1	0	0	0	11	10
717	83	1	0	0	1000012	9	9	same	1	0	1	13.2	0	0	181.65	67.59	471.86	0	333.6	-0.6998	-15.0000	6	1	1	0	0	1	2	0	numu	RES	NC	1156.0	84.3	0.949	4.38		1.0840	4369.2	1	1000012	1	0	0	0	4	3
717	83	7	0	0	10	7	7	same	1	0	1	11.0	0	0	-159.55	-26.34	425.06	0	275.4	-1.7851	-15.0000	8	0	0	1	0	0	1	0	numu	RES	NC	1232.1	219.1	1.097	0.58		1.2350	7700.6	0	10	1	0	0	0	2	1
717	83	17	0	0	8	10	10	same	4	0	1	15.1	0	0	-65.17	98.66	51.18	0	283.8	-1.5545	-15.0000	6	1	1	0	0	1	4	3	numu	DIS	NC	2126.5	259.3	1.121	50.65		1.2720	5240.6	0	8	1	0	0	0	15	11
717	83	20	0	0	11	60	13	not_in_act	2	0	0	25.9	0	0	-145.82	52.63	103.76	0	375.1	-0.8009	-15.0000	8	0	0	1	0	0	2	1	numu	RES	CC	538.4	395.1	0.499	0.19		0.6387	11302.7	0	11	1	1	0	0	16	14
717	83	24	0	0	8	7	7	same	1	0	1	51.9	0	0	-109.55	-105.00	94.20	0	936.2	0.5862	-7.6021	40	0	0	1	1	0	2	0	numu	DIS	NC	2828.3	732.0	0.329	1.43		0.4736	16547.6	0	8	1	0	1	1	15	14
717	83	27	0	0	1000009	15	15	same	2	0	1	169.2	0	0	159.26	25.57	316.65	0	571.7	4.3410	-15.0000	4	0	1	0	0	0	3	1	numu	QE	CC	562.7	470.1	0.184	0.18		0.3272	11491.5	1	1000009	1	0	0	0	9	7
717	83	27	1	1	8	5	5	same	1	0	1	25.3	0	0	-156.15	-45.69	327.63	0	205.9	-2.4406	-15.0000	8	0	0	1	0	0	3	2	numu	QE	NC	1109.0	209.3	0.639	0.46		0.7787	6818.6	0	8	1	0	0	0	3	2
717	83	32	0	0	13	18	18	same	1	0	1	120.8	0	0	16.03	-86.36	4.83	0	448.7	2.1276	-15.0000	4	0	1	0	0	0	1	0	numu	MEC	CC	880.7	412.7	1.157	12.02		1.3032	4613.3	0	13	1	0	0	0	6	5
717	83	36	0	0	7	11	11	same	1	0	1	42.3	0	0	-160.31	-154.63	13.34	0	908.5	1.1113	-15.0000	8	0	0	1	0	0	3	2	numu	DIS	CC	1524.5	723.3	0.117	0.60		0.2560	16764.6	0	7	1	0	0	0	11	10
717	83	37	0	0	7	2	2	same	2	0	0	159.5	0	0	-201.39	140.03	281.13	0	504.7	-3.6668	-15.0000	6	1	1	0	0	1	1	0	numu	RES	CC	2504.0	407.1	0.467	587.34		0.6225	17866.0	0	7	1	0	0	0	12	10
717	83	38	0	0	1000008	19	19	same	1	0	1	95.0	0	0	-15.84	193.98	179.67	0	362.9	0.0038	-15.0000	6	1	1	0	0	1	4	0	numu	RES	CC	736.0	563.6	1.28	71.17		1.4237	4743.4	1	9	1	0	0	0	21	20
717	83	40	0	0	1000010	9	9	same	1	0	0	290.6	0	0	161.81	-25.31	216.69	0	828.4	4.2897	-15.0000	4	0	1	0	0	0	2	1	numu	QE	CC	1291.0	873.4	1.069	0.29		1.2070	25787.0	1	10	1	0	0	0	13	12
717	83	45	0	0	17	12	12	same	1	0	1	7.0	0	0	-7.46	23.48	51.80	0	157.2	-1.5642	-15.0000	10	1	0	1	0	1	1	0	numu	QE	NC	246.9	86.8	0.37	139.95		0.5184	1777.9	0	17	1	0	0	0	3	2
717	83	49	0	0	10	2	2	same	1	0	0	71.4	0	0	-192.66	49.04	436.50	0	378.4	3.9916	-15.0000	4	0	1	0	0	0	4	1	numu	QE	CC	1227.9	226.3	1.571	0.37		1.7070	9218.4	0	10	1	0	0	0	1	0
717	88	15	0	0	1000007	13	13	same	1	0	1	56.2	0	0	11.99	-105.33	191.89	0	671.8	3.3037	-15.0000	4	0	1	0	0	0	2	0	numu	MEC	CC	693.4	448.6	1.449	0.98		1.5935	8472.1	1	1000007	1	0	0	0	3	2
717	88	21	0	0	1000015	24	24	same	6	0	0	70.8	0	0	196.19	-35.39	248.22	0	1001.1	1.4694	-0.6463	8	0	0	1	0	0	3	1	numu	RES	CC	1965.7	993.4	1.146	70.76		1.2780	101671.4	1	1000015	1	0	1	1	39	33
717	88	28	0	0	1000011	22	22	same	1	0	0	96.6	0	0	109.44	180.06	415.72	0	713.8	1.7011	-15.0000	4	0	1	0	0	0	2	0	numu	QE	CC	634.2	500.3	0.228	52.86		0.3727	6647.0	1	1000011	1	0	0	0	5	4
717	88	33	0	0	1000006	25	25	same	3	0	1	12.6	0	0	144.44	-19.81	199.61	0	117.2	-2.8834	-15.0000	8	0	0	1	0	0	4	0	numu	QE	NC	885.5	124.7	0.976	2.15		1.1164	4106.9	1	1000006	1	0	0	0	3	0
717	88	38	0	0	10	18	18	same	6	0	1	142.8	0	0	10.02	-184.06	64.83	0	624.5	0.6868	-15.0000	6	1	1	0	0	1	1	0	numu	QE	CC	544.1	426.2	0.537	136.47		0.6840	5369.9	0	10	1	0	0	0	10	4
717	88	47	0	0	1000006	13	13	same	3	0	0	93.9	0	0	9.95	137.87	430.08	0	562.9	4.8156	-15.0000	4	0	1	0	0	0	3	2	numu	QE	CC	1333.4	407.7	0.681	1.34		0.8249	4665.9	1	6	1	0	0	0	4	1
717	99	24	0	0	12	7	7	same	1	0	0	164.6	0	0	-24.39	-58.19	406.53	0	756.7	5.3592	-15.0000	4	0	1	0	0	0	2	1	numu	QE	CC	1257.7	594.2	1.4	0.93		1.5467	7364.3	0	12	1	0	0	0	3	2
717	99	27	0	0	1000016	9	9	same	1	0	1	18.9	0	0	160.35	56.31	164.06	0	384.4	-0.5137	-15.0000	8	0	0	1	0	0	2	1	numu	QE	NC	747.6	497.3	0.843	2.61		0.9790	21123.3	1	1000016	1	0	0	0	9	8
717	99	47	0	0	10	15	15	same	9	0	0	72.5	0	0	-122.23	43.45	454.34	0	859.3	2.2262	-15.0000	4	0	1	0	0	0	2	0	numu	RES	CC	1255.6	495.5	0.169	0.49		1.5660	12797.7	0	10	1	0	0	0	14	5
719	0	8	0	0	1000012	22	22	same	4	0	0	63.2	1	1	201.37	-48.17	299.52	0	431.5	-0.6925	-15.0000	10	1	0	1	0	1	2	0	numu	QE	CC	466.6	217.8	0.939	50.57		1.0720	17520.8	1	1000012	1	0	0	0	4	0
719	0	9	0	0	1000016	10	10	same	1	0	0	41.2	0	0	132.06	195.99	62.76	0	403.7	3.5665	-15.0000	4	0	1	0	0	0	2	0	numu	QE	CC	880.7	286.5	0.705	0.72		0.8453	5677.4	1	1000016	1	0	0	0	1	0
719	0	17	0	0	1000008	13	13	same	2	0	1	165.2	0	0	36.35	123.94	342.49	0	747.5	1.4809	-15.0000	8	0	0	1	0	0	1	0	numu	MEC	CC	974.6	685.5	0.753	1.30		0.9007	13186.1	1	5	1	0	0	0	8	6
719	0	41	0	0	1000013	9	9	same	1	0	1	16.4	0	0	158.35	37.92	143.46	0	286.8	-1.8727	-15.0000	8	0	0	1	0	0	2	0	numu	RES	NC	591.9	452.1	1.219	4.31		1.3580	19437.8	1	1000013	1	0	0	0	23	22
719	0	48	0	0	1000011	6	6	same	1	0	1	134.6	0	0	162.45	161.16	122.55	0	581.0	2.9965	-15.0000	4	0	1	0	0	0	1	0	numu	RES	CC	825.9	638.5	1.484	0.42		1.6247	17222.9	1	1000011	1	0	0	0	14	13
719	1	2	0	0	11	48	10	not_in_act	7	0	1	89.8	0	0	-161.41	-11.65	420.35	0	1041.7	2.1829	-15.0000	4	0	1	0	0	0	2	0	numu	RES	CC	1123.1	843.4	0.358	4.72		0.4950	34915.9	0	11	1	1	0	0	20	13
719	1	2	1	1	1000009	9	9	same	1	0	1	75.7	0	0	0.67	-166.61	353.49	0	307.6	0.6618	-15.0000	4	0	1	0	0	0	2	1	numu	QE	CC	744.5	627.8	1.49	108.16		1.6394	2994.6	1	1000009	1	0	0	0	1	0
719	1	17	0	0	11	15	15	same	3	0	0	305.3	0	0	-68.52	137.74	209.74	0	721.4	2.7325	-15.0000	4	0	1	0	0	0	2	0	numu	MEC	CC	1825.3	1096.0	0.295	2.77		0.4433	17059.7	0	11	1	0	0	0	11	8
719	1	19	0	0	5	5	5	same	2	0	0	96.1	0	0	-182.03	-70.27	370.61	0	704.0	0.6066	14.0303	40	0	0	1	1	0	3	1	nue	QE	CC	983.6	651.3	0.488	0.42		0.6247	28017.2	0	5	1	0	1	1	7	5
719	1	34	0	0	1000010	26	25	in_act_not_selected	7	0	0	414.9	0	0	37.84	154.08	298.38	0	869.0	1.9611	-15.0000	4	0	1	0	0	0	1	0	numu	DIS	CC	3438.2	1877.7	0.933	169.30		1.0818	43645.6	1	8	1	1	0	0	13	6
719	1	45	0	0	1000012	13	13	same	1	0	0	102.1	0	0	141.53	-150.83	274.99	0	467.7	3.9859	-15.0000	4	0	1	0	0	0	1	0	numu	QE	CC	655.9	344.9	0.354	0.30		0.4920	7637.7	1	1000012	1	0	0	0	1	0
719	1	46	0	0	1000013	19	19	same	3	0	0	135.7	0	0	119.87	-122.94	425.35	0	893.0	3.5222	-15.0000	4	0	1	0	0	0	1	0	numu	MEC	CC	1513.0	856.5	1.06	0.99		1.2010	16075.7	1	13	1	0	0	0	13	10
719	4	6	0	0	8	16	16	same	16	0	0	186.8	0	0	-54.48	66.50	316.53	0	1079.8	4.7900	-15.0000	4	0	1	0	0	0	3	1	numu	MEC	CC	1492.8	771.2	0.107	0.59		0.2568	15372.5	0	8	1	0	0	0	22	6
719	4	14	0	0	8	3	3	same	1	0	0	139.5	0	0	-132.82	-182.57	5.99	0	553.7	0.8434	-15.0000	8	0	0	1	0	0	1	0	numu	QE	CC	603.8	468.4	1.217	110.97		1.3573	8881.7	0	8	1	0	0	0	1	0
719	4	35	0	0	10	2	2	same	1	0	1	57.2	0	0	-96.92	-55.82	265.85	0	433.0	0.5029	-15.0000	6	1	1	0	0	1	3	2	numu	QE	CC	353.4	244.7	0.316	0.84		0.4497	7683.2	0	10	1	0	0	0	5	4
719	4	40	0	0	10	14	14	same	3	0	1	200.8	1	1	-144.46	64.27	228.56	0	644.5	1.1558	-15.0000	8	0	0	1	0	0	1	0	numu	QE	CC	880.8	593.1	0.408	199.42		0.5490	19289.4	0	10	1	0	0	0	10	7
719	5	3	0	0	7	6	6	same	2	0	0	90.2	0	0	-185.50	6.18	426.03	0	528.5	4.2650	-15.0000	4	0	1	0	0	0	1	0	numu	RES	CC	1472.6	402.5	0.832	0.45		0.9687	22103.1	0	7	1	0	0	0	4	2
719	5	15	0	0	12	125	31	not_in_act	12	0	1	106.4	0	0	-24.13	36.06	406.17	0	582.3	0.9143	-15.0000	8	0	0	1	0	0	1	0	numu	RES	CC	1105.8	941.9	0.206	0.83		0.3503	15587.3	0	12	1	1	0	0	15	3
719	5	18	0	0	13	5	5	same	1	0	1	87.9	0	0	-94.57	71.03	285.68	0	335.8	1.3169	-15.0000	4	0	1	0	0	0	2	0	numu	QE	CC	413.1	310.5	0.071	0.68		0.2180	6673.2	0	13	1	0	0	0	5	4
719	5	31	0	0	9	8	8	same	2	0	0	168.3	0	0	-197.57	100.84	188.40	0	678.5	1.3647	-15.0000	4	0	1	0	0	0	2	1	numu	QE	CC	787.3	418.0	0.18	0.29		0.3140	19753.8	0	9	1	0	0	0	4	2
719	5	32	0	0	1000008	54	15	not_in_act	2	0	0	4.0	0	0	32.49	-56.27	297.29	0	21.4	-1.3801	-15.0000	8	0	0	1	0	0	2	1	numu	QE	NC	1007.5	46.7	1.584	29.97		1.7283	1277.8	1	1000008	1	1	0	0	9	7
719	5	36	0	0	10	10	10	same	2	0	0	108.4	0	0	-67.72	-86.71	403.14	0	609.1	3.3273	-15.0000	4	0	1	0	0	0	2	0	numu	QE	CC	1932.7	501.7	1.437	0.34		1.5833	9590.6	0	10	1	0	0	0	7	5
719	5	38	0	0	1000006	14	14	same	1	0	1	89.8	0	0	69.76	-9.37	46.14	0	434.6	-0.2186	-15.0000	6	1	1	0	0	1	1	0	numu	QE	CC	447.2	328.9	1.256	1.49		1.4017	6994.5	1	1000006	1	0	0	0	2	1
719	8	7	0	0	9	14	14	same	3	0	0	98.5	0	0	-116.92	152.97	456.51	0	695.3	0.3515	-15.0000	6	1	1	0	0	1	2	0	numu	RES	CC	4649.3	686.5	0.339	105.91		0.4840	11802.1	0	9	1	0	0	0	18	15
719	8	32	0	0	1000007	10	10	same	1	0	0	407.5	0	0	51.68	-151.81	101.52	0	1180.5	4.6331	-15.0000	4	0	1	0	0	0	3	2	numu	QE	CC	1780.4	1009.1	0.801	1.41		0.9528	26851.1	1	8	1	0	0	0	1	0
719	8	33	0	0	1000012	20	20	same	2	0	0	268.8	0	0	-5.36	74.54	3.33	0	882.2	0.2053	-15.0000	4	0	1	0	0	0	1	0	numu	QE	CC	923.3	808.1	0.119	3.56		0.2668	12605.8	1	11	1	0	0	0	4	2
719	8	46	0	0	12	6	6	same	1	0	0	78.8	0	0	-140.15	-174.61	124.15	0	567.0	1.2234	-12.0924	4	0	1	0	0	0	2	1	numu	RES	CC	1520.6	885.2	0.5	5.48		0.6400	18796.4	0	12	1	0	1	1	19	18
719	8	47	0	0	1000013	25	25	same	2	0	0	15.2	0	0	123.72	-198.34	484.58	0	188.0	-2.0236	-15.0000	10	1	0	1	0	1	2	0	numu	RES	CC	1191.2	102.0	0.414	36.66		0.5560	4490.4	1	13	1	0	0	0	5	3
719	14	17	0	0	14	82	6	not_in_act	1	0	0	73.4	0	0	-115.78	-109.92	413.81	0	676.8	-0.0535	-15.0000	4	0	1	0	0	0	1	0	numu	QE	CC	923.0	353.8	0.415	0.48		0.5567	9128.4	0	14	1	1	0	0	6	5
719	14	45	0	0	1000012	16	16	same	2	0	0	141.3	1	1	131.38	-34.60	384.87	0	1053.7	1.9180	-15.0000	4	0	1	0	0	0	2	0	numu	RES	CC	1453.9	908.2	0.715	0.56		0.8565	23911.1	1	1000012	1	0	0	0	6	4
719	19	8	0	0	1000013	19	19	same	10	0	1	100.2	1	1	151.54	-13.42	128.75	0	3052.7	-0.1063	-1.3668	4	0	1	0	0	0	1	0	numu	DIS	CC	5741.5	4325.5	0.214	0.33		0.3516	127635.7	1	6	1	0	1	1	83	73
719	19	30	0	0	6	1	1	same	1	0	1	225.6	0	0	-186.13	-128.19	116.42	0	742.8	4.7413	-15.0000	4	0	1	0	0	0	2	1	numu	QE	CC	739.0	599.0	0.119	0.26		0.2590	20986.6	0	6	1	0	0	0	2	1
719	19	41	0	0	1000007	6	6	same	1	0	0	44.9	0	0	74.19	161.35	486.25	0	651.5	1.1180	-15.0000	4	0	1	0	0	0	4	0	numu	RES	CC	882.8	740.4	0.908	1.47		1.0533	8841.7	1	1000007	1	0	0	0	16	15
719	19	42	0	0	11	15	15	same	1	0	1	139.0	0	0	-122.27	-9.40	369.44	0	467.3	3.1577	-15.0000	4	0	1	0	0	0	1	0	numu	QE	CC	488.5	438.7	0.283	0.51		0.4264	8630.2	0	11	1	0	0	0	5	4
719	19	50	0	0	1000017	16	16	same	1	0	1	208.4	0	0	108.42	51.82	80.54	0	1098.8	3.3073	-15.0000	4	0	1	0	0	0	3	2	numu	RES	CC	1267.9	1068.6	1.218	0.27		1.3614	28031.8	1	1000017	1	0	0	0	7	6
719	29	1	0	0	10	25	25	same	7	0	1	84.0	1	1	-179.04	-131.95	162.12	0	348.0	1.1571	-15.0000	6	1	1	0	0	1	2	0	numu	QE	CC	980.3	662.7	1.07	1.57		1.2095	22350.4	0	10	1	0	0	0	14	7
719	29	1	1	1	1000008	19	19	same	2	0	0	61.6	0	0	186.36	77.28	153.45	0	379.5	1.1061	-15.0000	6	1	1	0	0	1	2	1	numu	QE	CC	1018.6	350.1	0.481	5.15		0.6173	27935.2	1	1000008	1	0	0	0	9	7
719	29	19	0	0	17	7	7	same	1	0	1	104.2	0	0	-46.63	-51.30	287.87	0	739.0	2.7087	-15.0000	4	0	1	0	0	0	2	0	numu	RES	CC	844.9	637.1	0.997	0.39		1.1452	14064.8	0	17	1	0	0	0	3	2
719	29	21	0	0	9	21	21	same	1	0	0	150.1	0	0	-174.48	93.21	22.28	0	693.4	2.1690	-15.0000	6	1	1	0	0	1	1	0	numu	QE	CC	802.3	597.2	1.083	0.25		1.2190	14838.2	0	9	1	0	0	0	7	6
719	29	28	0	0	7	11	11	same	1	0	0	163.6	0	0	-66.40	183.79	360.84	0	1853.7	1.9945	-15.0000	8	0	0	1	0	0	1	0	numu	DIS	CC	2618.9	1697.5	1.379	2.19		1.5240	22360.2	0	7	1	0	0	0	30	29
719	29	42	0	0	1000012	26	26	same	13	0	0	62.8	0	0	39.56	-0.15	441.22	0	379.3	3.4640	-15.0000	4	0	1	0	0	0	1	0	numu	RES	CC	1467.2	446.8	0.966	1.77		1.1138	8657.7	1	17	1	0	0	0	14	1
719	29	46	0	0	9	8	8	same	1	0	1	19.1	0	0	-35.72	102.16	265.66	0	312.3	-0.3312	-15.0000	8	0	0	1	0	0	2	0	numu	MEC	NC	1276.3	227.2	0.673	0.91		0.8215	4378.9	0	9	1	0	0	0	4	3
719	29	49	0	0	1000008	17	17	same	4	0	0	195.0	0	0	70.21	-154.73	297.42	0	1555.3	4.4211	-6.0692	4	0	1	0	0	0	3	0	numu	RES	CC	1997.6	1501.5	1.413	1.52		1.5547	34876.6	1	6	1	0	1	1	15	11
719	32	1	0	0	8	2	2	same	1	0	1	37.8	0	0	-176.01	182.65	354.31	0	417.8	-1.1020	-15.0000	8	0	0	1	0	0	2	0	numu	RES	NC	899.8	464.7	0.375	16.95		0.5120	8616.9	0	8	1	0	0	0	13	12
719	32	4	0	0	7	2	2	same	1	0	1	37.5	0	0	-43.97	146.45	172.69	0	579.7	-0.1545	-15.0000	8	0	0	1	0	0	3	0	numu	RES	CC	755.5	624.4	1.07	1.49		1.2173	10847.9	0	7	1	0	0	0	10	9
719	32	8	0	0	1000009	13	13	same	1	0	1	2.7	0	0	62.29	-186.06	413.83	0	19.8	-1.5120	-15.0000	8	0	0	1	0	0	3	1	numu	QE	NC	700.2	76.3	0.317	160.11		0.4743	1100.5	1	1000009	1	0	0	0	2	1
719	32	31	0	0	3	7	7	same	10	0	1	9.1	0	0	-27.87	55.52	129.28	0	407.8	-0.2791	-15.0000	8	0	0	1	0	0	1	0	numu	RES	CC	538.0	402.4	0.232	9.87		0.3813	8877.7	0	3	1	0	0	0	34	24
719	32	34	0	0	1000015	23	23	same	3	0	0	56.9	0	0	7.43	-171.97	33.43	0	423.0	0.1705	-15.0000	4	0	1	0	0	0	1	0	numu	QE	CC	478.8	310.3	0.573	1.83		0.7172	3910.4	1	9	1	0	0	0	9	6
719	32	35	0	0	5	6	6	same	1	0	0	155.6	0	0	-135.10	-3.33	354.46	0	490.2	3.1726	-15.0000	4	0	1	0	0	0	2	1	numu	QE	CC	1247.2	362.5	0.924	1.03		1.0660	9677.9	0	5	1	0	0	0	2	1
719	32	39	0	0	1000006	8	8	same	1	0	0	3.7	0	0	0.00	0.00	0.00	1	0.0	-1.9417	-15.0000	0	0	0	0	0	0	1	-1				-1	-1	-1	-1		0.8969	6318.1	1	8	0	0	0	0	1	0
719	32	50	0	0	10	10	10	same	2	0	0	34.3	0	0	-172.79	-148.75	482.96	0	366.9	0.9464	-15.0000	4	0	1	0	0	0	2	0	numu	MEC	CC	1224.9	285.8	1.044	14.81		1.1800	9576.3	0	10	1	0	0	0	3	1
719	43	3	0	0	9	6	6	same	2	0	0	185.9	0	0	-116.18	74.95	72.38	0	667.2	5.7960	-15.0000	4	0	1	0	0	0	1	0	numu	MEC	CC	1207.7	583.4	1.218	0.47		1.3580	21555.9	0	9	1	0	0	0	9	7
719	43	6	0	0	1000015	9	9	same	1	0	0	116.8	0	0	41.82	-133.15	225.10	0	804.1	4.0499	-15.0000	4	0	1	0	0	0	2	1	numu	RES	CC	1006.0	492.9	0.447	1.50		0.5965	8935.3	1	1000015	1	0	0	0	1	0
719	43	13	0	0	7	5	5	same	1	0	1	38.0	0	0	-61.30	111.63	461.57	0	525.0	0.3349	-15.0000	4	0	1	0	0	0	1	0	numu	QE	NC	1489.3	387.4	0.548	1.34		0.6950	5270.5	0	7	1	0	0	0	9	8
719	43	25	0	0	1000014	19	19	same	8	0	1	222.4	0	0	63.30	102.00	456.89	0	974.3	2.8503	-15.0000	6	1	1	0	0	1	1	0	numu	QE	CC	1103.8	860.8	0.793	1.34		0.9417	12582.7	1	1000014	1	0	0	0	9	1
719	43	26	0	0	18	8	8	same	2	0	0	58.7	0	0	-189.89	-174.22	220.77	0	307.0	0.0050	-15.0000	8	0	0	1	0	0	2	1	numu	MEC	CC	916.7	310.9	0.217	0.33		0.3560	10400.1	0	18	1	0	0	0	2	0
719	43	36	0	0	1000009	17	17	same	1	0	1	61.7	0	0	40.83	-117.76	235.59	0	393.9	0.2037	-5.9415	8	0	0	1	0	0	2	1	numu	RES	CC	840.6	611.3	0.655	5.17		0.8029	10876.8	1	11	1	0	1	1	7	6
719	43	41	0	0	10	1	1	same	1	0	0	13.9	0	0	-157.22	144.70	490.38	0	242.3	2.8461	-15.0000	4	0	1	0	0	0	1	0	numu	QE	CC	782.8	102.2	0.078	0.23		0.2180	2497.5	0	10	1	0	0	0	1	0
719	43	42	0	0	1000008	7	7	same	3	0	0	57.5	0	0	-2.54	141.55	467.66	0	363.1	3.7934	-15.0000	4	0	1	0	0	0	1	0	numu	QE	CC	620.0	222.3	0.097	1.65		0.2410	2170.5	1	8	1	0	0	0	3	0
719	44	4	0	0	10	16	16	same	9	1	0	243.8	1	1	-62.81	-60.33	266.67	0	857.4	3.8068	-15.0000	4	0	1	0	0	0	1	0	numu	QE	CC	958.2	635.8	1.15	5.24		1.2987	15151.3	0	10	1	0	0	0	9	0
719	44	7	0	0	1000010	20	20	same	4	1	0	77.2	1	1	85.21	-152.74	458.08	0	578.7	1.3148	-15.0000	4	0	1	0	0	0	3	2	numu	RES	CC	1235.4	480.9	0.227	13.07		0.4647	18989.4	1	1000010	1	0	0	0	4	0
719	44	15	0	0	6	13	13	same	18	0	1	41.8	0	0	-9.67	-136.09	254.25	0	381.4	-1.6874	-15.0000	8	0	0	1	0	0	3	1	numu	RES	CC	1271.4	724.8	0.782	191.36		0.9328	6791.3	0	6	1	0	0	0	19	1
719	44	31	0	0	15	11	11	same	2	0	0	1.8	0	0	-198.99	-120.88	481.61	0	108.3	-1.5239	-15.0000	8	0	0	1	0	0	2	0	numu	QE	CC	791.2	3.7	0.35	424.97		0.5007	2362.0	0	15	1	0	0	0	3	1
719	44	33	0	0	8	5	5	same	2	0	0	55.1	0	0	-168.80	-176.15	354.76	0	463.5	2.6388	-15.0000	4	0	1	0	0	0	4	0	numu	QE	CC	677.0	410.0	0.487	0.26		0.6240	18116.7	0	8	1	0	0	0	2	0
719	44	40	0	0	14	6	6	same	1	0	0	9.1	0	0	-96.91	193.43	455.88	0	37.5	-1.8148	-15.0000	8	0	0	1	0	0	2	0	numu	QE	CC	3333.4	0.0	0.226	724.23		0.3840	8412.6	0	14	1	0	0	0	6	5
719	44	41	0	0	6	11	11	same	3	0	0	40.1	0	0	-5.66	-196.99	323.84	0	298.8	1.9026	-12.5643	4	0	1	0	0	0	2	0	numu	MEC	CC	1904.8	381.3	1.396	4.53		1.5400	6891.4	0	6	1	0	1	1	3	0
719	44	46	0	0	1000008	14	14	same	2	0	0	43.4	0	0	161.91	149.35	124.26	0	362.4	-1.5960	-15.0000	8	0	0	1	0	0	1	0	numu	QE	CC	614.0	355.0	1.558	0.36		1.6970	11347.1	1	1000008	1	0	0	0	5	3
719	45	10	0	0	1000017	24	24	same	12	0	0	243.3	0	0	62.02	118.63	293.51	0	839.5	1.6764	-15.0000	4	0	1	0	0	0	1	0	numu	DIS	CC	2260.6	1384.9	1.15	16.23		1.2970	27956.7	1	18	1	0	0	0	16	4
719	45	17	0	0	9	20	20	same	3	0	0	204.8	0	0	-154.47	-116.77	15.61	0	829.4	4.6566	-15.0000	4	0	1	0	0	0	1	0	numu	QE	CC	1100.5	706.6	0.704	0.33		0.8440	12241.4	0	9	1	0	0	0	6	3
719	45	19	0	0	11	31	31	same	14	0	1	156.7	0	0	-149.45	155.40	321.13	0	663.4	2.9247	-15.0000	4	0	1	0	0	0	4	2	numu	RES	NC	863.8	331.3	0.773	118.17		0.9217	5875.0	0	11	1	0	0	0	20	6
719	45	22	0	0	10	212	19	in_act_not_selected	13	0	1	18.1	0	0	-72.40	92.14	378.43	0	383.9	0.7914	-15.0000	8	0	0	1	0	0	1	0	numu	RES	CC	1750.2	30.7	0.395	145.91		0.5380	1854.5	0	10	1	1	0	0	25	12
719	45	25	0	0	1000010	6	6	same	1	0	0	19.7	0	0	68.92	-145.83	483.96	0	358.8	2.9158	-15.0000	4	0	1	0	0	0	1	0	numu	QE	CC	784.6	96.3	1.118	1.65		1.2652	1733.4	1	9	1	0	0	0	2	1
719	45	32	0	0	8	5	5	same	2	0	1	44.0	0	0	-180.63	-98.70	20.02	0	362.2	1.8216	-15.0000	4	0	1	0	0	0	4	0	numu	RES	CC	617.0	312.4	0.42	0.56		0.5540	10068.4	0	8	1	0	0	0	16	14
719	45	32	1	1	9	8	8	same	1	0	1	34.6	0	0	-161.77	-20.07	257.06	0	244.4	-2.3383	-15.0000	8	0	0	1	0	0	4	1	numu	QE	NC	1239.2	345.6	1.147	39.21		1.2870	16386.6	0	9	1	0	0	0	5	4
719	45	42	0	0	8	3	3	same	1	0	1	56.8	0	0	-54.85	-121.21	408.69	0	438.2	2.6304	-15.0000	4	0	1	0	0	0	2	1	numu	MEC	CC	485.0	236.7	1.061	7.71		1.2103	5573.4	0	8	1	0	0	0	6	5
719	45	48	0	0	1000013	18	18	same	4	0	0	84.5	0	0	26.29	190.40	433.35	0	681.0	3.2525	-12.3154	4	0	1	0	0	0	1	0	numu	RES	CC	1332.1	492.5	1.25	3.41		1.3953	4814.2	1	7	1	0	1	1	5	1
719	54	5	0	0	8	12	12	same	2	0	0	137.2	0	0	-22.30	26.99	388.53	0	805.9	1.5983	-15.0000	4	0	1	0	0	0	1	0	numu	MEC	CC	760.1	526.1	1.493	0.45		1.6376	10240.1	0	8	1	0	0	0	10	8
719	54	19	0	0	9	7	4	not_in_act	1	0	0	88.1	0	0	-155.18	7.62	444.55	0	744.9	0.9533	-15.0000	8	0	0	1	0	0	1	0	numu	RES	CC	874.9	592.3	1.268	2.14		1.4060	15838.8	0	9	1	1	0	0	3	2
719	54	37	0	0	1000006	10	10	same	1	0	0	444.1	0	0	13.78	23.52	77.62	0	1280.2	5.4822	-15.0000	4	0	1	0	0	0	2	1	numu	MEC	CC	1723.4	1127.5	0.724	1.72		0.8717	22676.6	1	1000006	1	0	0	0	4	3
719	54	43	0	0	5	1	1	same	2	0	0	73.4	0	0	-26.41	-157.11	2.63	0	338.1	-1.7387	-15.0000	6	1	1	0	0	1	1	0	numu	RES	CC	711.3	227.0	1.101	23.68		1.2460	3975.6	0	5	1	0	0	0	3	1
719	54	44	0	0	12	2	2	same	1	0	1	286.8	0	0	-95.09	68.36	105.44	0	894.4	4.3965	-15.0000	4	0	1	0	0	0	1	0	numu	QE	CC	909.8	758.3	0.14	0.46		0.2856	17564.3	0	12	1	0	0	0	1	0
719	61	16	0	0	1000012	13	13	same	1	0	0	3.0	0	0	0.00	0.00	0.00	1	0.0	-1.9417	-15.0000	0	0	0	0	0	0	1	-1				-1	-1	-1	-1		1.1400	54.8	1	6	0	0	0	0	1	0
719	61	35	0	0	1000008	52	12	not_in_act	2	0	1	18.9	0	0	191.61	-186.93	362.63	0	348.6	-1.0992	-15.0000	8	0	0	1	0	0	2	1	numu	RES	NC	540.9	318.9	0.414	0.41		0.5520	5965.0	1	1000008	1	1	0	0	17	15
719	61	45	0	0	1000011	23	23	same	2	0	1	1.9	0	0	191.86	-116.86	74.57	0	22.9	-4.1236	-15.0000	8	0	0	1	0	0	3	1	numu	QE	NC	1123.5	109.4	0.74	106.59		0.8800	6562.8	1	1000011	1	0	0	0	10	8
719	61	49	0	0	1000011	15	15	same	1	0	0	81.0	0	0	52.47	-167.92	476.28	0	499.0	3.2307	-15.0000	4	0	1	0	0	0	2	0	numu	QE	CC	914.8	264.0	1.137	1.41		1.2810	3644.5	1	1000011	1	0	0	0	3	2
719	68	3	0	0	1000013	15	15	same	2	0	0	153.3	0	0	142.45	-42.07	384.26	0	522.8	4.3972	-15.0000	4	0	1	0	0	0	3	0	numu	QE	CC	1218.2	514.1	1.512	0.44		1.6520	18723.3	1	1000013	1	0	0	0	11	9
719	68	9	0	0	8	1	1	same	1	0	1	2.6	0	0	-166.58	-56.97	65.64	0	108.3	-1.9175	-15.0000	8	0	0	1	0	0	4	2	numu	DIS	NC	3466.0	5.5	1.422	470.31		1.5760	1995.3	0	8	1	0	0	0	1	0
719	68	12	0	0	9	7	7	same	1	0	1	20.6	0	0	-80.58	-141.79	323.95	0	208.1	-0.6420	-15.0000	6	1	1	0	0	1	2	1	numu	MEC	NC	1021.5	249.6	0.507	1.59		0.6543	4487.4	0	9	1	0	0	0	11	10
719	68	28	0	0	12	20	20	same	3	0	0	64.4	1	1	-158.34	42.56	78.11	0	536.4	3.7189	-15.0000	4	0	1	0	0	0	2	1	numu	MEC	CC	794.9	410.2	0.973	0.19		1.1120	13968.6	0	12	1	0	0	0	4	1
719	68	37	0	0	9	1	1	same	1	0	0	11.1	0	0	-45.14	53.88	3.85	0	152.4	-1.3079	-15.0000	8	0	0	1	0	0	2	0	numu	RES	NC	2209.1	0.0	0.947	587.64		1.1007	1203.8	0	9	1	0	0	0	1	0
719	68	46	0	0	1000009	4	4	same	1	0	1	86.5	0	0	54.62	43.65	48.76	0	1507.3	0.0997	7.3858	8	0	0	1	0	0	3	1	nue	QE	CC	1807.2	1753.9	0.969	1.79		1.1155	37970.4	1	1000009	1	0	1	1	50	49
719	68	47	0	0	1000011	9	9	same	1	0	1	168.9	0	0	171.55	144.14	162.93	0	819.5	0.0802	-15.0000	8	0	0	1	0	0	1	0	numu	MEC	CC	1045.0	832.6	1.374	17.33		1.5120	26554.3	1	1000011	1	0	0	0	11	10
719	74	7	0	0	10	21	21	same	7	0	1	63.0	0	0	-119.09	-31.57	73.45	0	549.0	2.5638	-15.0000	4	0	1	0	0	0	2	0	numu	QE	CC	375.7	293.6	0.458	0.49		0.6000	6267.7	0	10	1	0	0	0	13	6
719	74	9	0	0	1000010	14	14	same	4	0	0	170.4	0	0	169.35	190.39	404.13	0	1000.3	5.7974	-15.0000	4	0	1	0	0	0	2	0	numu	RES	CC	1978.2	924.6	0.887	0.39		1.0240	22749.8	1	13	1	0	0	0	15	11
719	74	15	0	0	7	21	21	same	8	0	1	37.9	0	0	-104.22	-109.17	251.40	0	265.1	-0.2960	-15.0000	6	1	1	0	0	1	1	0	numu	RES	CC	674.1	285.7	0.202	97.06		0.3457	6085.1	0	7	1	0	0	0	8	0
719	74	16	0	0	13	15	15	same	1	0	0	117.8	0	0	-168.45	-70.36	439.48	0	860.5	1.8297	-8.3000	4	0	1	0	0	0	3	1	numu	RES	CC	1392.1	948.7	0.509	8.66		0.6460	31158.7	0	13	1	0	1	1	6	5
719	74	24	0	0	1000006	13	13	same	3	0	0	72.2	0	0	-14.21	187.27	438.99	0	311.7	2.6337	-15.0000	4	0	1	0	0	0	2	1	numu	QE	CC	851.7	255.9	0.549	2.55		0.6925	1392.5	1	6	1	0	0	0	7	4
719	74	28	0	0	1000011	11	11	same	1	0	1	174.1	0	0	55.67	38.69	108.08	0	563.8	2.4170	-15.0000	4	0	1	0	0	0	1	0	numu	MEC	CC	773.8	528.2	0.063	3.36		0.2134	12041.7	1	1000011	1	0	0	0	3	2
719	74	37	0	0	1000012	13	13	same	1	0	0	159.4	0	0	86.87	125.93	233.31	0	790.5	5.3041	-15.0000	4	0	1	0	0	0	5	1	numu	QE	CC	1181.1	559.3	1.337	0.83		1.4815	12805.8	1	1000012	1	0	0	0	14	13
719	74	39	0	0	13	7	7	same	1	0	0	9.3	0	0	-102.93	-58.24	493.83	0	55.6	-0.6600	-15.0000	8	0	0	1	0	0	1	0	numu	QE	CC	576.6	140.8	0.684	1.32		0.8280	4546.2	0	13	1	0	0	0	8	7
719	74	48	0	0	9	34	5	not_in_act	2	0	0	34.0	1	1	-201.15	-122.35	285.75	0	71.4	-1.3089	-15.0000	10	1	0	1	0	1	2	0	numu	MEC	CC	743.8	545.3	0.617	1.76		0.7560	22963.1	0	9	1	1	0	0	11	9
719	74	49	0	0	1000017	17	17	same	1	0	1	158.2	0	0	50.35	148.62	389.27	0	817.9	4.1085	-15.0000	4	0	1	0	0	0	4	1	numu	QE	CC	876.5	648.7	1.438	1.60		1.5857	12563.8	1	1000017	1	0	0	0	4	3
719	74	49	1	1	9	6	6	same	1	0	0	149.4	0	0	-168.75	-132.57	0.08	0	811.1	-2.2120	-15.0000	10	1	0	1	0	1	4	0	numu	DIS	CC	3982.5	1434.2	0.211	21.50		0.3495	48064.3	0	9	1	0	0	0	13	12
719	76	2	0	0	1000005	15	15	same	2	0	0	26.3	0	0	198.65	180.55	359.72	0	268.4	2.2207	-15.0000	4	0	1	0	0	0	1	0	numu	QE	CC	385.2	200.6	0.469	1.06		0.6020	12535.2	1	1000005	1	0	0	0	4	2
719	76	29	0	0	14	11	11	same	2	0	0	85.5	0	0	-77.08	40.39	444.11	0	799.6	3.6808	-15.0000	4	0	1	0	0	0	1	0	numu	RES	CC	1481.9	482.8	0.547	15.65		0.6935	8481.9	0	14	1	0	0	0	3	1
719	76	37	0	0	9	20	20	same	4	0	0	283.2	0	0	-16.83	142.76	257.63	0	1626.1	4.5421	-15.0000	4	0	1	0	0	0	2	0	numu	RES	CC	3061.6	1331.0	0.372	2.08		0.5175	22437.6	0	9	1	0	0	0	20	16
719	76	40	0	0	1000009	17	17	same	2	0	0	172.6	0	0	112.33	58.08	469.14	0	1083.4	4.1809	-8.7030	4	0	1	0	0	0	3	1	numu	QE	CC	1207.6	982.2	0.186	0.94		0.3290	13496.4	1	12	1	0	1	1	9	7
719	76	41	0	0	1000008	13	13	same	2	0	0	234.7	0	0	6.73	-184.77	293.53	0	1043.9	4.1223	-15.0000	4	0	1	0	0	0	1	0	numu	RES	CC	1558.5	744.4	0.981	4.05		1.1258	12318.6	1	7	1	0	0	0	4	2
719	81	3	0	0	1000012	7	7	same	1	0	0	535.3	0	0	45.42	-33.02	4.34	0	1343.2	4.3693	-15.0000	4	0	1	0	0	0	2	0	numu	QE	CC	576.1	0.0	1.102	205.84		1.4243	29453.1	1	1000012	1	0	0	0	2	1
719	81	4	0	0	13	3	3	same	1	0	1	3.9	0	0	-95.55	175.13	161.83	0	45.3	-0.3535	-15.0000	8	0	0	1	0	0	1	0	numu	RES	CC	1082.9	3.2	0.915	124.47		1.0520	1061.6	0	13	1	0	0	0	5	4
719	81	13	0	0	8	26	2	not_in_act	2	0	0	91.7	0	0	-110.18	72.51	265.75	0	895.1	0.9914	7.5379	40	0	0	1	1	0	3	0	numu	MEC	CC	1703.5	802.7	0.826	0.47		0.9660	34671.7	0	8	1	1	1	1	8	6
719	81	20	0	0	1000009	13	13	same	4	0	1	7.3	0	0	63.58	-102.68	339.72	0	16.2	-1.8413	-15.0000	8	0	0	1	0	0	1	0	numu	RES	CC	875.2	175.1	1.044	351.28		1.2026	3986.2	1	5	1	0	0	0	6	2
719	81	30	0	0	1000007	16	16	same	3	0	1	164.1	0	0	1.12	146.84	396.04	0	1303.3	0.6700	11.1012	8	0	0	1	0	0	2	1	nue	MEC	CC	1508.3	1257.7	0.488	1.76		0.6316	13367.1	1	9	1	0	1	1	16	13
719	81	37	0	0	1000010	22	22	same	7	0	1	46.5	0	0	39.02	-96.98	52.74	0	272.0	1.3525	-15.0000	6	1	1	0	0	1	2	1	numu	QE	CC	470.8	287.3	0.404	5.23		0.5509	4917.0	1	1000010	1	0	0	0	15	8
719	81	38	0	0	1000012	22	22	same	5	0	1	172.6	1	2	0.60	99.99	377.05	0	524.1	3.2342	-15.0000	4	0	1	0	0	0	1	0	numu	QE	CC	735.1	563.3	1.361	1.58		1.5083	6718.8	1	7	1	0	0	0	10	5
719	81	47	0	0	10	17	17	same	28	0	1	152.8	0	0	-49.33	82.10	38.64	0	2225.7	-0.5715	2.2676	8	0	0	1	0	0	1	0	numu	DIS	CC	3539.5	2415.7	1.328	25.31		1.4742	52020.1	0	10	1	0	1	1	51	23
719	84	33	0	0	1000011	15	15	same	2	0	0	31.9	0	0	177.69	188.80	473.36	0	435.6	2.9657	-15.0000	4	0	1	0	0	0	2	0	numu	RES	CC	855.7	236.8	0.359	0.81		0.4920	12970.2	1	1000011	1	0	0	0	8	6
719	84	35	0	0	9	4	4	same	1	0	1	4.5	0	0	-40.43	188.58	176.20	0	77.5	-1.4304	-15.0000	8	0	0	1	0	0	2	0	numu	QE	NC	592.3	227.8	0.787	2.63		0.9348	3546.4	0	9	1	0	0	0	11	10
719	84	44	0	0	13	9	9	same	2	0	1	109.8	1	1	-10.81	-48.20	354.43	0	1117.5	2.3858	-11.1464	4	0	1	0	0	0	3	1	numu	RES	CC	1531.7	1150.1	1.169	2.85		1.3134	19934.4	0	13	1	0	1	1	17	15
719	86	25	0	0	12	11	11	same	1	0	0	136.7	0	0	-32.85	-15.20	385.03	0	1029.4	4.4413	-5.4460	4	0	1	0	0	0	1	0	numu	RES	CC	1509.0	1019.5	1.076	0.43		1.2228	17773.7	0	12	1	0	1	1	46	45
719	86	26	0	0	1000007	18	18	same	4	0	1	6.5	0	0	19.03	-17.47	39.37	0	119.0	-1.7114	-15.0000	8	0	0	1	0	0	3	1	numu	QE	NC	661.2	243.1	0.252	3.10		0.3963	4803.0	1	8	1	0	0	0	20	16
719	86	38	0	0	1000008	16	16	same	6	0	0	336.2	0	0	173.61	90.06	78.17	0	1364.6	5.0337	-15.0000	4	0	1	0	0	0	2	1	numu	RES	CC	1875.6	1271.6	0.914	0.16		1.0520	39296.6	1	1000008	1	0	0	0	8	2
719	86	43	0	0	12	8	8	same	2	0	0	150.8	0	0	-117.32	72.57	249.10	0	732.9	3.9910	-15.0000	4	0	1	0	0	0	3	0	numu	QE	CC	748.6	590.0	0.126	0.46		0.2653	22754.2	0	12	1	0	0	0	6	4
719	89	1	0	0	3	3	3	same	1	0	1	330.7	0	0	-103.22	84.13	81.00	0	898.7	4.3348	-15.0000	4	0	1	0	0	0	2	1	numu	QE	CC	951.7	802.8	1.352	0.45		1.5010	16601.2	0	3	1	0	0	0	7	6
719	89	10	0	0	7	9	9	same	1	0	1	116.3	0	0	-155.26	130.99	450.35	0	848.4	3.4831	-15.0000	4	0	1	0	0	0	2	0	numu	RES	CC	1061.0	679.2	0.188	0.17		0.3280	11082.7	0	7	1	0	0	0	5	4
719	89	11	0	0	7	27	22	in_act_not_selected	5	0	0	266.6	1	1	-56.33	-129.42	357.90	0	769.8	5.7072	-15.0000	4	0	1	0	0	0	4	2	numu	QE	CC	822.0	637.6	0.981	1.03		1.1775	36405.2	0	7	1	1	0	0	7	2
719	89	12	0	0	9	4	4	same	1	0	0	22.8	0	0	-83.35	199.30	209.74	0	573.3	-1.4227	-15.0000	6	1	1	0	0	1	1	0	numu	RES	CC	1312.9	279.7	0.35	39.96		0.4950	5935.2	0	9	1	0	0	0	19	18
719	89	24	0	0	1000003	8	8	same	1	0	0	87.1	0	0	27.92	-51.24	436.06	0	722.0	3.8361	-15.0000	4	0	1	0	0	0	1	0	numu	RES	CC	1096.2	517.2	0.207	1.63		0.3538	10251.4	1	7	1	0	0	0	26	25
719	92	3	0	0	16	6	6	same	1	0	1	36.2	0	0	-77.16	-8.45	224.31	0	378.0	-0.3887	-15.0000	6	1	1	0	0	1	2	1	numu	QE	CC	320.0	231.1	1.375	31.66		1.5218	6080.0	0	16	1	0	0	0	6	5
719	92	9	0	0	1000010	7	7	same	1	0	1	4.8	0	0	89.67	-178.70	76.04	0	14.0	-1.0332	-15.0000	8	0	0	1	0	0	1	0	numu	RES	CC	1222.7	39.0	1.576	139.25		1.7235	2246.0	1	8	1	0	0	0	1	0
719	92	33	0	0	13	10	10	same	1	0	0	42.3	0	0	-49.82	-72.01	474.86	0	755.1	3.0363	-5.7704	4	0	1	0	0	0	1	0	numu	DIS	CC	1665.2	337.1	1.061	1.48		1.2078	5657.2	0	13	1	0	1	1	8	7
719	92	40	0	0	9	2	2	same	1	0	1	125.1	0	0	-7.07	-56.56	71.24	0	487.0	3.8322	-15.0000	4	0	1	0	0	0	2	0	numu	MEC	CC	647.1	456.1	1.197	1.33		1.3415	9374.1	0	9	1	0	0	0	8	7
719	92	43	0	0	6	7	7	same	1	0	1	58.5	0	0	-141.50	35.16	174.29	0	560.8	0.5931	-15.0000	4	0	1	0	0	0	1	0	numu	QE	CC	471.4	340.5	0.88	71.04		1.0260	9126.0	0	6	1	0	0	0	6	5
719	92	44	0	0	16	13	13	same	1	0	0	248.8	0	0	-51.65	60.91	224.83	0	763.5	4.4693	-15.0000	4	0	1	0	0	0	1	0	numu	QE	CC	1248.8	672.5	1.318	0.69		1.4685	13413.0	0	16	1	0	0	0	6	5
719	92	45	0	0	1000012	6	6	same	1	0	0	57.7	0	0	126.79	63.59	474.91	0	508.4	3.4085	-15.0000	4	0	1	0	0	0	1	0	numu	QE	CC	883.8	403.6	0.112	0.77		0.2520	9662.1	1	1000012	1	0	0	0	12	11
719	93	3	0	0	1000013	9	9	same	1	0	1	119.1	0	0	93.34	68.58	187.29	0	536.6	4.7717	-15.0000	4	0	1	0	0	0	1	0	numu	QE	CC	550.4	436.1	1.505	1.84		1.6504	9677.8	1	7	1	0	0	0	1	0
719	93	11	0	0	10	5	5	same	2	0	0	93.4	0	0	-165.92	-75.40	200.19	0	901.7	4.2321	-15.0000	4	0	1	0	0	0	2	0	numu	MEC	CC	1279.0	764.4	0.219	0.22		0.3550	37570.4	0	10	1	0	0	0	11	9
719	93	13	0	0	12	4	4	same	1	0	0	116.1	0	0	-139.86	104.11	383.49	0	1008.5	3.5075	-15.0000	4	0	1	0	0	0	1	0	numu	RES	CC	1335.2	890.2	1.324	0.34		1.4640	18601.1	0	12	1	0	0	0	13	12
719	93	34	0	0	1000010	13	13	same	3	0	1	92.7	0	0	140.61	83.48	302.60	0	710.7	3.4210	-15.0000	4	0	1	0	0	0	1	0	numu	QE	CC	859.6	596.0	0.523	0.57		0.6625	22515.8	1	1000010	1	0	0	0	17	14
719	96	4	0	0	1000012	11	11	same	2	0	1	4.6	0	0	31.16	146.67	407.39	0	114.0	-1.6982	-15.0000	8	0	0	1	0	0	1	0	numu	QE	NC	809.8	198.0	1.264	2.62		1.4105	3555.4	1	11	1	0	0	0	7	5
719	96	8	0	0	10	5	5	same	1	0	0	415.8	0	0	-32.95	86.23	91.46	0	1233.8	3.4950	-15.0000	4	0	1	0	0	0	2	0	numu	RES	CC	1474.5	1039.7	0.479	0.88		0.6305	21883.7	0	10	1	0	0	0	3	2
719	96	10	0	0	12	5	5	same	1	0	0	116.0	0	0	-38.70	-179.79	397.92	0	490.5	4.4114	-15.0000	4	0	1	0	0	0	3	0	numu	QE	CC	1058.5	359.1	0.791	2.20		0.9387	5877.9	0	12	1	0	0	0	7	6
719	96	13	0	0	1000012	13	13	same	1	0	1	22.9	0	0	67.08	119.09	302.51	0	604.9	1.6886	-15.0000	4	0	1	0	0	0	4	2	numu	RES	CC	593.3	357.4	0.582	1.46		0.7284	8228.8	1	1000012	1	0	0	0	4	3
719	96	25	0	0	22	4	4	same	1	0	0	296.7	0	0	-93.96	-42.53	246.14	0	1116.1	4.4549	-15.0000	4	0	1	0	0	0	3	0	numu	RES	CC	1470.1	1030.5	0.712	1.02		0.8563	31361.3	0	22	1	0	0	0	13	12
719	96	36	0	0	13	12	12	same	2	0	1	211.4	0	0	-141.77	120.77	349.57	0	802.4	5.3921	-15.0000	4	0	1	0	0	0	4	2	numu	QE	CC	972.0	686.5	0.753	0.29		0.8956	11971.8	0	13	1	0	0	0	7	5
719	96	43	0	0	1000013	20	20	same	1	0	1	3.0	0	0	99.87	-91.33	14.64	0	18.9	-0.8990	-15.0000	8	0	0	1	0	0	1	0	numu	RES	CC	1474.2	21.8	1.245	318.60		1.3995	1190.4	1	1000013	1	0	0	0	5	4
719	99	5	0	0	7	1	1	same	1	0	1	3.1	0	0	-77.53	194.03	200.20	0	11.6	-3.2700	-15.0000	8	0	0	1	0	0	1	0	numu	MEC	CC	795.0	7.2	0.903	42.48		1.0526	1521.1	0	7	1	0	0	0	1	0
719	99	19	0	0	1000015	26	26	same	6	0	1	45.1	0	0	40.38	-1.83	220.05	0	419.3	1.2807	-15.0000	4	0	1	0	0	0	1	0	numu	RES	CC	1203.9	647.2	0.825	3.83		0.9734	14767.4	1	14	1	0	0	0	8	2
719	99	31	0	0	1000008	16	16	same	8	0	1	50.9	0	0	55.30	-30.16	490.85	0	395.8	1.8248	-15.0000	4	0	1	0	0	0	2	0	numu	QE	CC	567.9	449.1	0.985	5.16		1.1312	6719.3	1	12	1	0	0	0	25	17
719	99	32	0	0	5	1	1	same	1	0	1	122.4	0	0	-4.27	61.29	4.39	0	413.4	1.5292	-15.0000	4	0	1	0	0	0	2	0	numu	RES	CC	1103.8	312.6	0.918	330.95		1.0746	5883.8	0	5	1	0	0	0	1	0
719	99	40	0	0	1000010	14	14	same	3	0	1	98.5	1	1	30.65	-144.01	310.03	0	358.4	1.7630	-15.0000	4	0	1	0	0	0	2	0	numu	QE	CC	443.2	291.8	1.15	1.91		1.2975	5041.2	1	7	1	0	0	0	8	5
719	99	47	0	0	8	2	2	same	1	0	0	22.7	0	0	-93.92	-193.97	434.01	0	413.3	1.9344	-15.0000	4	0	1	0	0	0	2	1	numu	MEC	CC	972.4	286.9	1.077	1.40		1.2213	4662.7	0	8	1	0	0	0	1	0
719	99	50	0	0	4	17	17	same	14	0	0	120.8	0	0	-107.81	16.84	377.38	0	811.4	4.6718	-15.0000	4	0	1	0	0	0	2	0	numu	QE	CC	1024.0	452.1	0.565	0.41		0.7047	27362.4	0	4	1	0	0	0	22	8
720	5	7	0	0	8	9	9	same	1	0	1	84.9	0	0	8.24	14.55	234.88	0	328.9	1.6843	-15.0000	4	0	1	0	0	0	1	0	numu	QE	CC	410.4	287.0	0.713	1.79		0.8595	5416.8	0	8	1	0	0	0	5	4
720	5	28	0	0	1000008	18	18	same	5	0	1	49.2	0	0	19.57	-14.27	227.46	0	311.4	-0.0785	-15.0000	4	0	1	0	0	0	2	1	numu	RES	CC	499.3	233.7	0.504	1.21		0.6485	3651.3	1	10	1	0	0	0	14	9
720	5	32	0	0	1000009	7	7	same	1	0	1	44.4	0	0	69.42	47.99	125.66	0	774.7	0.2360	-15.0000	8	0	0	1	0	0	1	0	numu	MEC	CC	888.0	680.8	1.03	1.35		1.1769	16085.0	1	1000009	1	0	0	0	14	13
720	5	39	0	0	1000009	49	13	not_in_act	5	0	0	44.6	0	0	167.41	-176.17	465.13	0	557.6	-0.2120	-15.0000	8	0	0	1	0	0	2	0	numu	RES	CC	1216.5	500.3	1.077	0.36		1.2120	16331.1	1	6	1	1	0	0	11	6
720	5	42	0	0	1000003	12	12	same	6	0	1	74.8	0	0	1.22	89.43	156.30	0	459.9	-0.4909	-15.0000	6	1	1	0	0	1	1	0	numu	RES	CC	582.2	502.5	0.161	253.83		0.3035	10000.9	1	1000003	1	0	0	0	6	0
720	5	43	0	0	9	5	5	same	2	0	0	34.6	0	0	-188.28	-10.28	421.88	0	714.9	2.6500	-15.0000	4	0	1	0	0	0	3	1	numu	MEC	CC	1797.4	613.2	0.337	0.44		0.4733	27421.3	0	9	1	0	0	0	8	6
720	10	1	0	0	14	11	11	same	1	0	1	190.3	0	0	-175.94	-63.29	143.93	0	914.2	4.2767	-15.0000	4	0	1	0	0	0	2	1	numu	RES	CC	1016.6	736.3	0.767	0.44		0.9040	19443.1	0	14	1	0	0	0	2	1
720	10	9	0	0	9	56	14	not_in_act	1	0	0	34.0	0	0	-122.77	149.85	487.84	0	370.0	1.3618	-15.0000	4	0	1	0	0	0	1	0	numu	RES	CC	999.0	297.9	1.343	0.38		1.4840	4187.9	0	9	1	1	0	0	3	2
720	10	25	0	0	11	4	4	same	2	0	0	119.8	0	0	-146.34	-0.32	388.25	0	1132.8	3.2939	-15.0000	4	0	1	0	0	0	1	0	numu	MEC	CC	1472.1	927.0	1.286	0.28		1.4255	31217.5	0	11	1	0	0	0	16	14
720	10	30	0	0	1000012	30	30	same	16	0	0	106.0	0	0	71.49	135.80	276.86	0	729.0	3.4749	-15.0000	4	0	1	0	0	0	3	1	numu	MEC	CC	921.7	588.0	0.43	1.24		0.5748	11291.5	1	9	1	0	0	0	21	5
720	10	36	0	0	1000016	4	4	same	1	0	0	0.7	0	0	0.00	0.00	0.00	1	0.0	-1.9417	-15.0000	0	0	0	0	0	0	3	-1				-1	-1	-1	-1		1.0870	59.0	1	7	0	0	0	0	1	0
720	10	40	0	0	4	6	6	same	1	0	1	238.1	0	0	-95.46	-190.74	191.45	0	750.9	4.5702	-15.0000	4	0	1	0	0	0	1	0	numu	QE	CC	791.9	648.5	1.468	1.44		1.6182	11598.7	0	4	1	0	0	0	2	1
720	10	48	0	0	13	9	9	same	1	0	1	108.6	0	0	-9.73	33.34	130.11	0	1016.8	3.1134	-15.0000	4	0	1	0	0	0	1	0	numu	RES	CC	687.8	492.3	0.614	5.03		0.7581	10420.5	0	13	1	0	0	0	2	1
720	12	42	0	0	10	4	4	same	1	0	0	193.1	0	0	-104.04	199.84	240.15	0	634.9	-3.0121	-15.0000	6	1	1	0	0	1	2	0	numu	MEC	NC	563.6	247.2	0.391	215.12		0.5313	11879.5	0	10	1	0	0	0	13	12
720	12	48	0	0	8	6	6	same	1	0	1	24.6	0	0	-162.93	178.52	167.33	0	265.2	-1.1624	-15.0000	8	0	0	1	0	0	3	0	numu	RES	CC	638.4	343.3	0.73	0.31		0.8670	9626.0	0	8	1	0	0	0	4	3
720	17	19	0	0	8	13	13	same	13	0	1	36.9	0	0	-31.52	161.07	283.74	0	464.6	-1.4477	-15.0000	8	0	0	1	0	0	2	1	numu	DIS	NC	1473.9	548.9	0.41	25.49		0.5556	7661.0	0	8	1	0	0	0	14	1
720	17	24	0	0	12	5	5	same	1	0	1	31.6	0	0	-126.73	-153.64	401.46	0	357.9	-0.9056	-15.0000	8	0	0	1	0	0	2	0	numu	RES	NC	1344.5	366.1	1.152	0.95		1.2933	8025.6	0	12	1	0	0	0	8	7
720	17	27	0	0	13	7	7	same	1	0	0	53.9	0	0	-187.73	155.45	169.66	0	428.2	-1.1342	-15.0000	6	1	1	0	0	1	1	0	numu	QE	CC	432.9	220.4	1.581	2.66		1.7140	9537.1	0	13	1	0	0	0	2	1
720	17	31	0	0	18	3	3	same	1	0	0	31.9	0	0	-161.48	-95.61	481.67	0	298.1	0.8625	-15.0000	8	0	0	1	0	0	2	1	numu	QE	CC	1287.3	199.2	0.7	8.06		0.8370	7110.3	0	18	1	0	0	0	1	0
720	17	32	0	0	13	7	7	same	1	0	0	96.9	0	0	-152.30	-162.22	27.60	0	642.6	1.1994	-9.8986	4	0	1	0	0	0	2	0	numu	DIS	NC	4743.8	1177.8	0.913	8.84		1.0510	24874.4	0	13	1	0	1	1	16	15
720	17	34	0	0	14	7	7	same	2	0	0	79.3	0	0	-163.19	-23.22	429.75	0	325.3	2.5989	-15.0000	4	0	1	0	0	0	1	0	numu	QE	CC	1372.7	299.1	1.097	0.29		1.2340	11190.7	0	14	1	0	0	0	7	5
720	17	38	0	0	8	5	5	same	1	0	1	9.7	0	0	-12.86	-88.90	23.49	0	169.2	-1.9537	-15.0000	8	0	0	1	0	0	1	0	numu	QE	NC	1722.9	183.4	1.008	2.76		1.1524	3074.5	0	8	1	0	0	0	4	3
720	17	43	0	0	1000011	14	14	same	1	0	0	67.8	0	0	147.59	-102.53	444.44	0	297.1	2.3761	-15.0000	4	0	1	0	0	0	2	1	numu	QE	CC	1013.2	226.2	0.399	0.55		0.5370	7533.0	1	1000011	1	0	0	0	6	5
720	20	17	0	0	5	15	15	same	2	0	0	199.7	0	0	-45.42	-85.37	304.35	0	758.2	4.2183	-15.0000	4	0	1	0	0	0	1	0	numu	MEC	CC	1213.1	728.3	0.357	0.93		0.5060	15106.7	0	5	1	0	0	0	10	8
720	20	33	0	0	5	4	4	same	1	0	0	116.3	0	0	-54.95	24.90	4.55	0	658.2	1.3172	-15.0000	10	1	0	1	0	1	3	2	numu	QE	CC	1161.6	578.9	0.796	2.69		0.9452	10385.6	0	5	1	0	0	0	8	7
720	20	37	0	0	1000010	10	10	same	1	0	1	35.5	0	0	119.13	-91.76	41.74	0	389.0	0.2000	-15.0000	4	0	1	0	0	0	1	0	numu	QE	CC	386.1	225.0	0.459	5.92		0.5993	4839.1	1	1000010	1	0	0	0	4	3
720	20	46	0	0	1000012	22	22	same	1	0	0	301.6	0	0	-13.43	72.45	298.11	0	1069.6	4.7616	-15.0000	4	0	1	0	0	0	2	0	numu	QE	CC	1116.2	1008.4	1.585	0.77		1.7338	10813.1	1	11	1	0	0	0	6	5
720	20	50	0	0	14	25	25	same	2	0	1	1.7	0	0	-38.31	81.67	88.65	0	110.3	-1.9822	-15.0000	8	0	0	1	0	0	3	2	numu	QE	NC	1358.1	132.0	1.236	144.90		1.3885	1420.4	0	14	1	0	0	0	3	1
720	24	6	0	0	17	10	10	same	1	0	1	64.8	0	0	-98.68	-11.99	197.73	0	289.2	1.6623	-15.0000	4	0	1	0	0	0	2	0	numu	QE	CC	382.0	276.9	1.524	0.61		1.6647	9476.5	0	17	1	0	0	0	7	6
720	24	22	0	0	1000009	16	16	same	1	0	1	347.6	0	0	109.93	-34.02	21.51	0	1165.0	4.7020	-15.0000	4	0	1	0	0	0	1	0	numu	QE	CC	976.9	873.0	0.949	1.94		1.0947	27915.8	1	1000009	1	0	0	0	4	3
720	24	40	0	0	1000009	23	23	same	3	1	0	66.6	1	1	177.85	158.97	336.00	0	512.4	2.0089	-15.0000	4	0	1	0	0	0	2	0	numu	RES	CC	1502.0	652.6	0.603	0.36		0.7420	21760.0	1	1000009	1	0	0	0	21	18
720	26	2	0	0	1000011	13	13	same	1	0	0	98.2	0	0	180.94	97.84	0.97	0	602.7	-0.7697	-15.0000	6	1	1	0	0	1	2	1	numu	QE	CC	659.8	423.5	0.288	7.54		0.4250	14535.3	1	1000011	1	0	0	0	12	11
720	26	25	0	0	1000013	15	15	same	2	0	0	394.7	0	0	5.70	89.33	28.19	0	1663.1	5.4326	-15.0000	4	0	1	0	0	0	1	0	numu	RES	CC	1918.2	1723.2	1.574	3.17		1.7214	35451.4	1	9	1	0	0	0	26	24
720	26	34	0	0	1000013	10	10	same	1	0	1	363.3	0	0	16.91	85.70	4.94	0	1008.8	3.5752	-15.0000	4	0	1	0	0	0	2	0	numu	QE	CC	1677.6	877.2	1.0	204.12		1.1565	22988.0	1	8	1	0	0	0	2	1
720	26	36	0	0	9	5	5	same	1	0	0	311.6	0	0	-86.34	-149.96	106.42	0	943.1	4.6099	-15.0000	4	0	1	0	0	0	1	0	numu	QE	CC	954.5	786.4	1.484	0.80		1.6323	12489.9	0	9	1	0	0	0	4	3
720	26	37	0	0	9	2	2	same	1	0	1	5.7	0	0	-48.51	-47.34	105.48	0	93.1	-1.0249	-15.0000	8	0	0	1	0	0	2	1	numu	QE	NC	988.8	73.2	0.479	1.22		0.6272	1485.2	0	9	1	0	0	0	1	0
720	26	38	0	0	1000009	17	17	same	3	0	0	100.3	0	0	161.36	-153.74	215.49	0	1143.6	1.6347	-15.0000	4	0	1	0	0	0	2	0	numu	RES	NC	1767.8	1054.9	0.712	0.19		0.8507	25437.4	1	1000009	1	0	0	0	35	32
720	26	39	0	0	1000017	13	13	same	1	0	1	159.6	0	0	85.17	44.59	257.63	0	823.1	4.2492	-15.0000	4	0	1	0	0	0	3	0	numu	MEC	CC	1103.7	824.4	1.377	0.74		1.5213	20789.2	1	1000017	1	0	0	0	6	5
720	26	43	0	0	1000012	17	17	same	1	0	1	6.3	0	0	181.77	95.49	194.62	0	91.3	-0.6046	-15.0000	8	0	0	1	0	0	1	0	numu	DIS	NC	2419.6	204.0	1.339	47.38		1.4770	27949.9	1	1000012	1	0	0	0	5	4
720	26	45	0	0	1000019	21	21	same	3	0	0	53.9	0	0	72.92	-199.92	31.70	0	327.2	-1.1856	-15.0000	6	1	1	0	0	1	1	0	numu	RES	NC	785.5	20.8	0.383	74.37		0.5250	1190.6	1	15	1	0	0	0	4	1
720	26	50	0	0	12	24	24	same	2	0	1	150.4	0	0	20.77	136.07	128.31	0	803.0	4.4781	-8.6467	4	0	1	0	0	0	2	0	numu	RES	CC	981.0	695.0	0.518	1.73		0.6645	2954.7	0	12	1	0	1	1	4	2
720	36	5	0	0	6	16	16	same	4	0	1	153.8	0	0	15.28	-44.42	184.00	0	913.8	3.3911	-15.0000	4	0	1	0	0	0	1	0	numu	RES	CC	939.4	689.9	1.447	0.40		1.5935	7085.3	0	6	1	0	0	0	10	6
720	36	10	0	0	1000009	21	21	same	1	0	0	66.9	0	0	81.32	-147.44	125.21	0	557.2	3.0010	-15.0000	4	0	1	0	0	0	5	0	numu	QE	CC	422.5	311.1	0.877	1.23		1.4620	10105.9	1	1000009	1	0	0	0	4	3
720	36	17	0	0	1000005	15	15	same	6	0	0	121.8	1	1	157.77	-80.64	408.38	0	1451.6	3.4366	-15.0000	4	0	1	0	0	0	1	0	numu	DIS	CC	3593.9	1375.7	0.508	1.72		0.6450	43659.5	1	9	1	0	0	0	41	35
720	36	49	0	0	10	7	7	same	1	0	1	31.7	0	0	-178.75	68.62	380.29	0	206.5	-0.3212	-15.0000	4	0	1	0	0	0	4	2	numu	QE	CC	289.2	134.1	1.567	0.19		1.7040	3685.4	0	10	1	0	0	0	2	1
720	38	9	0	0	7	5	5	same	1	0	0	182.3	0	0	-56.76	-2.54	180.38	0	782.1	5.0253	-15.0000	4	0	1	0	0	0	2	1	numu	QE	CC	982.0	796.9	1.504	0.44		1.6453	23874.2	0	7	1	0	0	0	4	3
720	38	9	1	1	6	3	3	same	2	0	0	71.5	0	0	-193.78	154.26	178.63	0	785.7	1.8117	-5.9535	4	0	1	0	0	0	2	0	numu	RES	CC	988.7	639.0	0.956	0.16		1.0910	21960.3	0	6	1	0	1	1	13	11
720	38	14	0	0	7	20	20	same	4	0	0	91.0	0	0	-139.59	-32.24	479.84	0	368.1	-1.1011	-15.0000	6	1	1	0	0	1	2	0	numu	QE	CC	670.1	330.6	0.797	0.41		0.4363	34632.3	0	7	1	0	0	0	9	5
720	38	25	0	0	1000004	7	7	same	1	0	0	304.5	0	0	25.74	-57.87	215.60	0	887.7	3.0393	-15.0000	4	0	1	0	0	0	1	0	numu	QE	CC	916.0	712.5	1.412	0.96		1.5603	15456.8	1	1000004	1	0	0	0	3	2
720	38	36	0	0	1000009	16	16	same	1	0	0	192.8	0	0	96.83	-76.47	335.86	0	850.8	4.3557	-15.0000	4	0	1	0	0	0	1	0	numu	RES	CC	1183.0	695.9	1.567	0.73		1.7108	17917.9	1	1000009	1	0	0	0	2	1
720	38	42	0	0	1000007	17	17	same	2	0	1	95.6	0	0	37.67	64.14	107.43	0	445.2	0.5263	-15.0000	8	0	0	1	0	0	1	0	numu	QE	CC	731.6	488.2	1.147	85.24		1.2928	9914.3	1	6	1	0	0	0	18	16
720	38	47	0	0	1000012	17	17	same	5	0	1	2.1	0	0	56.47	-59.89	254.12	0	17.3	-2.4204	-15.0000	8	0	0	1	0	0	2	1	numu	QE	NC	1193.6	121.2	0.92	0.64		1.0704	3117.3	1	15	1	0	0	0	8	3
720	38	50	0	0	1000012	8	8	same	1	0	1	84.7	0	0	39.99	99.35	194.36	0	903.5	1.1472	-15.0000	4	0	1	0	0	0	2	0	numu	RES	CC	1212.5	1007.3	0.957	1.25		1.1048	21017.8	1	1000012	1	0	0	0	8	7
720	39	3	0	0	1000008	5	5	same	1	0	0	96.9	0	0	122.35	157.38	239.48	0	1293.0	2.1528	-15.0000	4	0	1	0	0	0	1	0	nue	DIS	CC	2252.4	1465.5	0.578	1.22		0.7196	34210.9	1	1000008	1	0	0	0	38	37
720	39	9	0	0	9	16	16	same	5	0	0	253.3	0	0	-167.34	1.14	4.30	0	720.9	5.2075	-15.0000	4	0	1	0	0	0	2	1	numu	RES	CC	1215.4	801.3	0.08	17.40		0.2195	39177.5	0	9	1	0	0	0	9	4
720	39	21	0	0	9	1	1	same	1	0	1	1.5	0	0	-186.41	185.15	240.75	0	106.1	-2.4002	-15.0000	8	0	0	1	0	0	3	1	numu	MEC	CC	912.7	1.7	0.185	92.81		0.3250	1194.4	0	9	1	0	0	0	1	0
720	39	42	0	0	14	7	7	same	1	0	0	44.3	0	0	-64.89	-132.71	490.98	0	485.0	0.5426	-15.0000	6	1	1	0	0	1	1	0	numu	RES	CC	1140.7	298.9	1.327	2.98		1.4743	6645.0	0	14	1	0	0	0	10	9
720	39	45	0	0	5	20	15	in_act_not_selected	22	0	1	89.0	0	0	137.35	196.79	489.50	0	560.7	0.0644	-15.0000	8	0	0	1	0	0	2	0	numu	DIS	CC	2831.7	1838.8	0.706	495.10		0.8480	23257.9	0	5	1	1	0	0	48	26
720	45	31	0	0	16	11	11	same	1	0	1	16.7	0	0	-124.07	80.59	216.53	0	232.3	-1.7634	-15.0000	8	0	0	1	0	0	2	0	numu	MEC	NC	784.6	345.4	1.009	146.26		1.1560	9067.1	0	16	1	0	0	0	6	5
720	45	32	0	0	1000006	11	11	same	3	0	0	182.9	1	1	107.93	-120.41	359.08	0	1227.7	3.6707	-15.0000	4	0	1	0	0	0	2	1	numu	DIS	CC	4371.8	1185.4	0.717	1.03		0.8585	27704.5	1	7	1	0	0	0	30	27
720	45	33	0	0	11	16	16	same	3	0	0	76.6	0	0	-11.02	28.66	431.78	0	1451.3	2.7194	-15.0000	4	0	1	0	0	0	1	0	numu	RES	CC	3350.1	1320.6	0.587	1.71		0.7309	16493.5	0	11	1	0	0	0	24	21
720	45	41	0	0	6	53	18	not_in_act	2	0	1	217.6	0	0	-108.95	-42.32	82.82	0	754.8	0.0984	-15.0000	8	0	0	1	0	0	4	0	numu	DIS	CC	1465.4	893.0	1.087	15.75		1.2314	14703.9	0	6	1	1	0	0	5	3
720	45	44	0	0	7	25	25	same	4	0	0	25.1	0	0	-133.36	-190.75	227.16	0	211.0	-0.3283	-15.0000	8	0	0	1	0	0	4	1	numu	RES	CC	971.0	149.1	1.391	60.68		1.5320	5546.9	0	7	1	0	0	0	10	6
720	46	3	0	0	1000012	18	18	same	1	0	1	63.8	0	0	22.99	12.57	439.07	0	501.4	1.1208	-15.0000	8	0	0	1	0	0	1	0	numu	RES	CC	912.5	498.9	1.21	9.19		1.3555	9968.8	1	1000012	1	0	0	0	14	13
720	46	4	0	0	20	2	2	same	1	0	1	45.8	0	0	-62.55	-98.67	125.10	0	504.6	1.9078	-15.0000	4	0	1	0	0	0	3	0	numu	MEC	CC	536.9	396.0	0.404	0.52		0.5515	7448.9	0	20	1	0	0	0	1	0
720	46	5	0	0	1000008	6	6	same	1	0	0	185.3	0	0	39.67	63.28	314.11	0	553.2	0.8750	-15.0000	6	1	1	0	0	1	1	0	numu	MEC	CC	931.4	455.9	0.07	0.81		0.2197	9233.5	1	10	1	0	0	0	4	3
720	46	6	0	0	1000010	12	12	same	1	0	1	64.5	0	0	28.13	-26.95	5.07	0	307.3	0.5112	-15.0000	4	0	1	0	0	0	2	1	numu	QE	CC	980.1	205.4	0.842	396.47		1.0044	3754.6	1	11	1	0	0	0	1	0
720	46	37	0	0	1000007	9	9	same	1	0	0	82.2	0	0	185.54	-183.49	447.07	0	547.2	-1.5999	-15.0000	6	1	1	0	0	1	3	1	numu	RES	CC	768.8	281.5	1.249	23.55		1.3840	10279.2	1	1000007	1	0	0	0	2	1
720	46	42	0	0	12	12	12	same	1	0	1	2.0	0	0	-54.71	-72.08	23.89	0	14.7	-4.0306	-15.0000	8	0	0	1	0	0	1	0	numu	RES	CC	1031.7	78.0	0.34	205.16		0.4913	2521.9	0	12	1	0	0	0	8	7
720	46	49	0	0	1000009	11	11	same	3	0	0	192.6	0	0	30.95	30.79	308.11	0	1348.1	2.3440	-15.0000	8	0	0	1	0	0	2	0	numu	RES	CC	2192.1	1364.8	1.242	0.51		1.3912	22156.3	1	8	1	0	0	0	43	40
720	47	4	0	0	10	3	3	same	1	0	0	20.4	0	0	-69.66	51.30	486.98	0	250.6	-0.1636	-15.0000	8	0	0	1	0	0	2	1	numu	QE	CC	737.6	135.5	0.664	6.97		0.8142	2662.4	0	10	1	0	0	0	1	0
720	47	8	0	0	1000007	9	9	same	1	0	1	130.7	0	0	141.64	53.72	378.47	0	934.1	1.1299	-15.0000	4	0	1	0	0	0	1	0	numu	QE	NC	1094.7	689.0	1.153	21.54		1.2947	16942.5	1	1000007	1	0	0	0	7	6
720	47	14	0	0	9	12	12	same	8	0	1	26.3	0	0	-10.26	70.71	66.37	0	395.8	-0.4709	-15.0000	4	0	1	0	0	0	1	0	numu	RES	NC	1110.3	326.6	0.912	9.69		1.0561	6493.6	0	9	1	0	0	0	15	7
720	47	28	0	0	1000010	9	9	same	1	0	0	287.9	0	0	40.37	55.16	214.00	0	815.5	5.7593	-15.0000	4	0	1	0	0	0	1	0	numu	QE	CC	1009.6	634.5	0.942	2.10		1.0923	13332.1	1	11	1	0	0	0	4	3
720	47	32	0	0	1000012	8	8	same	1	0	1	78.2	0	0	62.58	141.30	456.16	0	485.7	2.0560	-15.0000	4	0	1	0	0	0	2	1	numu	QE	CC	518.9	378.6	0.606	1.44		0.7524	4954.8	1	1000012	1	0	0	0	3	2
720	47	46	0	0	13	8	8	same	1	0	0	36.2	0	0	-104.54	90.60	478.13	0	381.0	3.2946	-15.0000	4	0	1	0	0	0	1	0	numu	QE	CC	986.6	225.0	0.321	0.96		0.4640	3796.5	0	13	1	0	0	0	1	0
720	55	8	0	0	11	8	8	same	1	0	0	184.1	0	0	-125.88	125.22	60.74	0	554.2	2.2762	-15.0000	4	0	1	0	0	0	2	1	numu	QE	CC	598.2	509.6	0.63	1.68		0.7715	12831.2	0	11	1	0	0	0	6	5
720	55	10	0	0	1000011	23	23	same	1	0	1	34.3	0	0	4.16	-32.83	307.59	0	311.3	-1.0521	-15.0000	8	0	0	1	0	0	4	2	numu	MEC	NC	1024.0	412.9	1.413	0.59		1.5572	7261.6	1	9	1	0	0	0	3	2
720	55	11	0	0	1000010	13	13	same	1	0	1	22.5	0	0	31.86	27.39	457.97	0	458.0	-0.9943	-15.0000	8	0	0	1	0	0	1	0	numu	RES	NC	1467.2	608.7	0.794	43.83		0.9418	11589.2	1	17	1	0	0	0	22	21
720	55	13	0	0	1000005	8	8	same	2	0	0	67.0	0	0	161.54	41.95	210.50	0	473.3	3.3179	-15.0000	4	0	1	0	0	0	1	0	numu	QE	CC	841.0	319.9	1.088	0.13		1.2250	16244.9	1	1000005	1	0	0	0	4	2
720	55	17	0	0	7	9	9	same	2	1	1	15.1	1	1	-75.97	-117.07	416.22	0	144.9	-2.4888	-15.0000	8	0	0	1	0	0	2	0	numu	QE	NC	1033.2	139.9	0.623	0.72		0.7688	2463.9	0	7	1	0	0	0	2	0
720	55	27	0	0	12	20	20	same	3	0	1	42.8	0	0	-8.47	-51.63	287.49	0	514.1	2.2651	-15.0000	4	0	1	0	0	0	2	0	numu	MEC	CC	622.2	464.1	0.582	0.38		0.7272	12517.4	0	12	1	0	0	0	10	7
720	55	30	0	0	14	9	9	same	2	0	1	84.8	0	0	-130.71	160.90	455.08	0	403.7	3.5550	-15.0000	4	0	1	0	0	0	1	0	numu	QE	CC	437.8	296.5	1.174	0.42		1.3140	4186.2	0	14	1	0	0	0	4	2
720	55	34	0	0	5	8	8	same	2	0	0	126.7	0	0	-106.24	-180.44	158.16	0	552.4	5.2795	-15.0000	4	0	1	0	0	0	2	0	numu	QE	CC	653.8	381.2	0.425	1.14		0.5665	9570.2	0	5	1	0	0	0	3	1
720	55	48	0	0	10	14	14	same	3	0	1	284.0	0	0	-138.82	23.53	107.83	0	1581.0	3.8925	-10.2816	4	0	1	0	0	0	2	1	numu	RES	CC	1450.6	1358.4	0.802	0.20		0.9440	30966.4	0	10	1	0	1	1	22	19
720	59	1	0	0	1000009	9	9	same	1	0	0	1.2	0	0	0.00	0.00	0.00	1	0.0	-1.9417	-15.0000	0	0	0	0	0	0	1	-1				-1	-1	-1	-1		0.9783	1718.6	1	11	0	0	0	0	1	0
720	59	5	0	0	1000013	21	21	same	2	0	0	47.2	0	0	201.29	164.55	159.89	0	238.2	-1.6815	-15.0000	6	1	1	0	0	1	2	1	numu	RES	NC	1002.0	184.0	0.103	13.09		0.2340	39778.5	1	1000013	1	0	0	0	9	7
720	59	9	0	0	16	9	9	same	1	0	1	103.7	0	0	-37.61	125.66	8.37	0	537.7	3.0012	-15.0000	4	0	1	0	0	0	3	0	numu	QE	CC	845.4	331.4	0.799	2.81		0.9457	4451.9	0	16	1	0	0	0	3	2
720	59	12	0	0	1000011	12	12	same	1	0	1	25.2	0	0	114.15	-54.41	111.72	0	681.8	0.9993	-15.0000	4	0	1	0	0	0	2	0	numu	RES	CC	782.8	518.1	0.066	0.75		0.2070	14328.5	1	1000011	1	0	0	0	24	23
720	59	19	0	0	9	4	4	same	1	0	0	23.4	0	0	-128.91	184.61	145.02	0	344.0	-0.7687	-15.0000	8	0	0	1	0	0	1	0	numu	RES	CC	1472.8	261.8	0.8	79.39		0.9410	6482.5	0	9	1	0	0	0	14	13
720	59	40	0	0	11	4	4	same	1	0	0	55.8	0	0	-105.14	-198.46	205.98	0	451.6	-0.9590	-15.0000	6	1	1	0	0	1	2	1	numu	RES	CC	1172.0	363.4	0.727	1.58		0.8680	6747.3	0	11	1	0	0	0	1	0
720	59	49	0	0	10	20	20	same	2	0	1	38.1	0	0	-45.13	92.80	22.95	0	531.2	0.9528	-15.0000	4	0	1	0	0	0	1	0	numu	RES	NC	1049.8	531.4	0.101	33.51		0.2460	8722.7	0	10	1	0	0	0	5	3
720	64	3	0	0	1000011	12	12	same	2	0	0	76.5	0	0	173.54	-91.31	444.14	0	318.5	1.5257	-15.0000	6	1	1	0	0	1	2	1	numu	QE	CC	443.1	240.4	1.268	0.11		1.4040	11046.2	1	1000011	1	0	0	0	6	4
720	64	4	0	0	20	2	2	same	2	0	0	165.9	0	0	-197.69	-32.09	266.72	0	716.3	2.0239	-15.0000	4	0	1	0	0	0	3	1	numu	QE	CC	745.1	454.5	0.978	0.38		1.1147	29920.3	0	20	1	0	0	0	9	7
720	64	5	0	0	1000013	12	12	same	1	0	0	0.7	0	0	0.00	0.00	0.00	1	0.0	-1.9417	-15.0000	0	0	0	0	0	0	1	-1				-1	-1	-1	-1		0.3215	1584.7	1	9	0	0	0	0	1	0
720	64	6	0	0	13	4	4	same	2	0	0	67.5	0	0	-182.07	-91.53	23.55	0	466.4	2.9032	-15.0000	4	0	1	0	0	0	1	0	numu	QE	CC	605.6	334.9	1.081	0.37		1.2150	19886.2	0	13	1	0	0	0	2	0
720	64	16	0	0	8	37	11	not_in_act	2	0	1	6.9	0	0	-56.54	-148.80	495.44	0	231.9	-0.4612	-15.0000	8	0	0	1	0	0	2	0	numu	RES	CC	1716.9	274.1	0.645	1.70		0.7912	4515.4	0	8	1	1	0	0	24	22
720	64	21	0	0	9	6	6	same	1	0	1	287.1	0	0	-107.97	-96.57	137.79	0	858.6	4.6461	-15.0000	4	0	1	0	0	0	3	0	numu	QE	CC	810.4	698.3	1.429	1.78		1.5746	18738.7	0	9	1	0	0	0	2	1
720	64	28	0	0	15	23	23	same	8	0	0	52.9	0	0	-115.59	-74.37	433.71	0	875.5	0.7354	-15.0000	4	0	1	0	0	0	2	0	numu	RES	CC	2010.3	1149.0	1.533	0.56		1.6750	24095.3	0	15	1	0	0	0	18	10
720	64	40	0	0	1000012	16	16	same	2	0	1	66.7	0	0	163.12	79.19	124.18	0	517.8	1.3595	-15.0000	4	0	1	0	0	0	2	0	numu	RES	CC	658.6	453.8	1.028	0.38		1.1660	17340.8	1	1000012	1	0	0	0	4	2
720	64	41	0	0	7	6	6	same	1	0	1	106.2	0	0	-136.70	-55.80	227.30	0	1015.8	3.5875	-15.0000	4	0	1	0	0	0	2	0	numu	MEC	CC	1037.4	765.5	1.053	0.21		1.1936	24377.6	0	7	1	0	0	0	11	10
720	64	42	0	0	9	2	2	same	1	0	1	182.8	0	0	-123.10	107.03	373.82	0	1206.4	2.9381	-15.0000	4	0	1	0	0	0	1	0	numu	RES	CC	1595.2	1151.3	0.377	0.35		0.5185	21820.1	0	9	1	0	0	0	15	14
720	66	2	0	0	1000013	20	20	same	2	0	0	234.7	0	0	174.85	105.34	146.02	0	933.5	3.3650	-15.0000	4	0	1	0	0	0	3	1	numu	DIS	CC	2760.1	1754.5	1.182	0.45		1.3180	99498.7	1	1000013	1	0	0	0	34	32
720	66	6	0	0	1000009	17	17	same	1	0	1	2.2	0	0	64.17	129.13	120.54	0	114.4	-1.8101	-15.0000	8	0	0	1	0	0	2	1	numu	DIS	NC	1262.5	309.9	1.578	92.50		1.7352	6951.6	1	13	1	0	0	0	5	4
720	66	19	0	0	16	4	4	same	2	0	0	43.6	0	0	-171.66	55.24	354.45	0	236.1	1.1029	-15.0000	4	0	1	0	0	0	2	1	numu	QE	CC	714.6	154.2	1.377	2.48		1.5150	8312.7	0	16	1	0	0	0	5	3
720	66	23	0	0	1000014	16	16	same	4	1	1	49.4	1	1	75.61	73.61	107.06	0	222.4	-0.5342	-15.0000	6	1	1	0	0	1	1	0	numu	QE	CC	328.6	230.5	0.595	2.33		0.7418	4502.1	1	1000014	1	0	0	0	6	2
720	66	25	0	0	8	27	27	same	4	0	0	182.2	0	0	-147.42	97.43	10.56	0	1330.8	2.4910	-7.8080	4	0	1	0	0	0	2	0	numu	RES	CC	1475.1	1251.8	0.252	0.44		0.3913	29512.8	0	8	1	0	1	1	23	19
720	66	33	0	0	1000010	20	16	in_act_not_selected	7	0	1	144.2	0	0	2.24	-87.57	384.40	0	147.3	-1.1792	-15.0000	8	0	0	1	0	0	1	0	numu	QE	CC	1016.4	643.9	0.166	90.30		0.3120	12511.6	1	8	1	1	0	0	11	4
720	66	35	0	0	1000009	21	21	same	3	0	1	22.6	0	0	71.95	-7.05	186.06	0	203.2	-1.7809	-15.0000	8	0	0	1	0	0	1	0	numu	QE	NC	1971.6	380.5	1.43	30.50		1.5795	10640.6	1	1000009	1	0	0	0	10	7
720	66	50	0	0	12	14	14	same	4	0	1	140.5	0	0	-30.04	-178.94	83.93	0	495.8	2.3421	-15.0000	4	0	1	0	0	0	3	0	numu	MEC	CC	737.9	642.4	1.256	2.38		1.4037	10354.3	0	12	1	0	0	0	12	8
720	70	20	0	0	1000008	8	8	same	1	0	1	1.5	0	0	159.35	75.03	126.15	0	107.2	-2.7533	-15.0000	8	0	0	1	0	0	2	1	numu	QE	NC	619.6	34.1	0.499	145.09		0.6490	1426.2	1	1000008	1	0	0	0	2	1
720	70	21	0	0	1000019	26	26	same	2	0	0	55.0	0	0	175.87	173.54	152.76	0	661.3	3.4090	-15.0000	4	0	1	0	0	0	2	0	numu	DIS	CC	1493.9	526.0	1.522	0.21		1.6560	27014.4	1	1000019	1	0	0	0	19	17
720	70	24	0	0	6	3	3	same	1	0	0	50.1	0	0	-33.70	-165.89	335.62	0	256.3	0.4359	-15.0000	6	1	1	0	0	1	1	0	numu	MEC	CC	476.6	145.0	1.077	2.67		1.2229	2775.9	0	6	1	0	0	0	4	3
720	75	7	0	0	1000012	20	20	same	1	0	0	1.7	0	0	0.00	0.00	0.00	1	0.0	-1.9417	-15.0000	0	0	0	0	0	0	2	-1				-1	-1	-1	-1		1.1330	70.7	1	9	0	0	0	0	1	0
720	75	8	0	0	1000004	51	17	in_act_not_selected	16	1	1	16.8	1	1	-2.28	58.73	249.10	0	122.6	-1.5821	-15.0000	8	0	0	1	0	0	2	0	numu	RES	CC	1330.6	432.9	0.723	355.01		0.8580	17166.1	1	5	1	1	0	0	18	2
720	75	32	0	0	8	3	3	same	1	0	0	58.2	0	0	-138.79	-175.08	445.38	0	377.8	2.9761	-15.0000	4	0	1	0	0	0	1	0	numu	QE	CC	5909.4	254.8	0.149	2.54		0.2880	5917.1	0	8	1	0	0	0	1	0
720	75	39	0	0	1000010	24	24	same	7	0	1	123.0	0	0	31.49	143.61	60.86	0	472.6	2.9030	-15.0000	4	0	1	0	0	0	2	1	numu	QE	CC	503.2	398.5	0.497	2.70		0.6432	4088.4	1	8	1	0	0	0	11	4
720	75	45	0	0	1000008	15	15	same	2	0	0	22.8	0	0	80.02	94.39	492.12	0	253.5	-0.4451	-3.1810	8	0	0	1	0	0	4	0	numu	RES	CC	796.5	363.3	0.645	43.06		0.7933	4193.5	1	8	1	0	1	1	11	9
720	75	48	0	0	1000010	14	14	same	1	0	0	7.1	0	0	0.00	0.00	0.00	1	0.0	-1.9417	-15.0000	0	0	0	0	0	0	1	-1				-1	-1	-1	-1		1.2720	66.1	1	11	0	0	0	0	1	0
720	80	4	0	0	1000017	14	14	same	2	0	1	140.8	0	0	194.44	125.01	419.18	0	750.4	4.0185	-15.0000	4	0	1	0	0	0	2	0	numu	RES	CC	1058.5	659.5	0.074	0.25		0.2113	23967.2	1	1000017	1	0	0	0	8	6
720	80	10	0	0	8	28	28	same	18	0	1	84.6	0	0	-133.67	-118.05	239.63	0	596.9	1.4827	-15.0000	4	0	1	0	0	0	2	0	numu	DIS	NC	1688.2	667.8	0.448	0.31		0.5893	19872.1	0	8	1	0	0	0	28	10
720	80	14	0	0	1000011	9	9	same	1	0	1	20.8	0	0	189.03	-0.88	6.69	0	361.2	0.7691	-15.0000	4	0	1	0	0	0	2	1	numu	MEC	CC	475.1	372.0	1.005	30.16		1.1420	10480.0	1	1000011	1	0	0	0	5	4
720	80	28	0	0	9	5	5	same	1	0	0	47.6	0	0	-99.96	-128.13	460.26	0	324.2	3.5547	-15.0000	4	0	1	0	0	0	2	0	numu	QE	CC	918.2	193.3	0.626	0.53		0.7690	4825.8	0	9	1	0	0	0	2	1
720	80	30	0	0	1000008	17	17	same	1	0	0	473.0	0	0	167.23	-2.25	31.75	0	672.1	1.3801	-15.0000	8	0	0	1	0	0	2	0	numu	RES	CC	2425.7	1563.4	0.893	2.01		1.0307	48547.2	1	1000008	1	0	0	0	7	6
720	80	36	0	0	11	15	15	same	1	0	1	164.0	0	0	-74.91	-113.47	123.64	0	921.3	4.2269	-15.0000	4	0	1	0	0	0	2	0	numu	RES	CC	1015.9	822.3	1.313	0.69		1.4585	15770.3	0	11	1	0	0	0	3	2
720	80	50	0	0	1000011	11	11	same	1	0	0	155.5	0	0	52.48	-173.22	310.19	0	487.0	3.4911	-15.0000	4	0	1	0	0	0	2	1	numu	QE	CC	1135.8	384.6	1.359	3.77		1.5071	5116.2	1	11	1	0	0	0	2	1
