      1/3562  work-mcp1k-d102m                         files   7325 (kept 1013, dropped 6312) links     0  11.57 MiB
      2/3562  work-mcp1k-d109prod                      files     35 (kept 24, dropped 11) links     0  0.05 MiB
      3/3562  work-mcp1k-d113g16off                    files     93 (kept 54, dropped 39) links     0  0.12 MiB
      4/3562  work-mcp1k-d123basepr                    files  10470 (kept 6006, dropped 4464) links     0  4.92 MiB
      5/3562  work-mcp1k-d123hits                      files  11204 (kept 954, dropped 10250) links  4315  20.63 MiB
      6/3562  work-mcp1k-d123hitsnr                    files  11078 (kept 828, dropped 10250) links  4315  8.15 MiB
      7/3562  work-mcp1k-d123hitsnrpr                  files  10477 (kept 6006, dropped 4471) links     0  4.95 MiB
      8/3562  work-mcp1k-d123hitsnu                    files  11078 (kept 828, dropped 10250) links  4315  8.15 MiB
      9/3562  work-mcp1k-d123hitsnupr                  files  10476 (kept 6006, dropped 4470) links     0  4.95 MiB
     10/3562  work-mcp1k-d123hitspr                    files  10475 (kept 6006, dropped 4469) links     0  4.94 MiB
     11/3562  work-mcp1k-d123lg                        files  11078 (kept 828, dropped 10250) links  4315  8.09 MiB
     12/3562  work-mcp1k-d123lgpr                      files  10477 (kept 6006, dropped 4471) links     0  4.88 MiB
     13/3562  work-mcp1k-d123nosplit                   files  11078 (kept 828, dropped 10250) links  4315  8.14 MiB
     14/3562  work-mcp1k-d123nosplitpr                 files  10470 (kept 6006, dropped 4464) links     0  4.92 MiB
     15/3562  work-mcp1k-pr150g16new                   files     93 (kept 54, dropped 39) links     0  0.12 MiB
     16/3562  work-mcp1k-pr150tcsp3bw                  files    577 (kept 294, dropped 283) links     0  28.44 MiB
     17/3562  work-mcp2k-d102m                         files  14585 (kept 1958, dropped 12627) links     0  23.30 MiB
     18/3562  work-mcp2k-d113g16off                    files     93 (kept 54, dropped 39) links     0  0.10 MiB
     19/3562  work-mcp2k-d123basepr                    files  20895 (kept 12006, dropped 8889) links     0  9.70 MiB
     20/3562  work-mcp2k-d123hits                      files  22401 (kept 1899, dropped 20502) links  8630  40.85 MiB
     21/3562  work-mcp2k-d123hitspr                    files  20896 (kept 12006, dropped 8890) links     0  9.72 MiB
     22/3562  work-mcp2k-pr150g16new                   files     93 (kept 54, dropped 39) links     0  0.10 MiB
     23/3562  work-mcp2k-pr150tcsp3bw                  files   1275 (kept 642, dropped 633) links     0  66.38 MiB
     24/3562  work-ncpi0-d102m                         files    242 (kept 37, dropped 205) links    76  0.24 MiB
     25/3562  work-ncpi0-d123basepr                    files    214 (kept 120, dropped 94) links     0  0.35 MiB
     26/3562  work-ncpi0-d123hits                      files    235 (kept 39, dropped 196) links    86  0.42 MiB
     27/3562  work-ncpi0-d123hitsnr                    files    231 (kept 35, dropped 196) links    86  0.17 MiB
     28/3562  work-ncpi0-d123hitsnrpr                  files    214 (kept 120, dropped 94) links     0  0.36 MiB
     29/3562  work-ncpi0-d123hitspr                    files    214 (kept 120, dropped 94) links     0  0.36 MiB
     30/3562  work-ncpi0-d123nosplit                   files    231 (kept 35, dropped 196) links    86  0.17 MiB
     31/3562  work-ncpi0-d123nosplitpr                 files    214 (kept 120, dropped 94) links     0  0.36 MiB
     32/3562  work-ncpi0-pr150tcsp3bw                  files     17 (kept 12, dropped 5) links     0  1.77 MiB
     33/3562  work-ncpi0-prod0923                      files    244 (kept 37, dropped 207) links    76  0.24 MiB
     34/3562  work-ncpi0-prod0923pr                    files    214 (kept 120, dropped 94) links     0  0.35 MiB
     35/3562  work-nuecc48-d102m                       files    557 (kept 53, dropped 504) links   192  0.54 MiB
     36/3562  work-nuecc48-d109prod                    files     38 (kept 24, dropped 14) links     0  0.10 MiB
     37/3562  work-nuecc48-d123basepr                  files    533 (kept 294, dropped 239) links     0  1.00 MiB
     38/3562  work-nuecc48-d123hits                    files    544 (kept 54, dropped 490) links   207  0.99 MiB
     39/3562  work-nuecc48-d123hitsnr                  files    538 (kept 48, dropped 490) links   207  0.39 MiB
     40/3562  work-nuecc48-d123hitsnrpr                files    533 (kept 294, dropped 239) links     0  1.02 MiB
     41/3562  work-nuecc48-d123hitspr                  files    533 (kept 294, dropped 239) links     0  1.01 MiB
     42/3562  work-nuecc48-d123nosplit                 files    538 (kept 48, dropped 490) links   207  0.38 MiB
     43/3562  work-nuecc48-d123nosplitpr               files    533 (kept 294, dropped 239) links     0  1.01 MiB
     44/3562  work-nuecc48-d123r6off                   files    538 (kept 48, dropped 490) links   207  0.38 MiB
     45/3562  work-nuecc48-pr150tcsp3bw                files     53 (kept 30, dropped 23) links     0  7.70 MiB
     46/3562  work-nuecc48-prod0923                    files    560 (kept 53, dropped 507) links   192  0.54 MiB
     47/3562  work-nuecc48-prod0923pr                  files    533 (kept 294, dropped 239) links     0  1.00 MiB
     48/3562  work-r3cv-d115                           files  15644 (kept 2775, dropped 12869) links     0  23.73 MiB
     49/3562  work-r3cv-d116s0rep                      files  19881 (kept 12876, dropped 7005) links     0  11.42 MiB
     50/3562  work-r3cv-d116tfull                      files  21895 (kept 12876, dropped 9019) links     0  11.44 MiB
     51/3562  work-r3cv-d118flip                       files    196 (kept 115, dropped 81) links     0  0.14 MiB
     52/3562  work-r3cv-d118fliprep                    files    196 (kept 115, dropped 81) links     0  0.14 MiB
     53/3562  work-r3cv-d119ctl                        files    196 (kept 115, dropped 81) links     0  0.14 MiB
     54/3562  work-r3cv-d119ctl2                       files    196 (kept 115, dropped 81) links     0  0.14 MiB
     55/3562  work-r3cv-d119ctl2contended              files    196 (kept 115, dropped 81) links     0  0.14 MiB
     56/3562  work-r3cv-d119flip                       files    196 (kept 115, dropped 81) links     0  0.14 MiB
     57/3562  work-r3cv-d119jdef                       files    196 (kept 115, dropped 81) links     0  0.14 MiB
     58/3562  work-r3cv-d119jem                        files    196 (kept 115, dropped 81) links     0  0.14 MiB
     59/3562  work-r3cv-d119pad                        files    196 (kept 115, dropped 81) links     0  0.14 MiB
     60/3562  work-r3cv-d119r3                         files    196 (kept 115, dropped 81) links     0  0.14 MiB
     61/3562  work-r3cv-d119r3b                        files    196 (kept 115, dropped 81) links     0  0.14 MiB
     62/3562  work-r3cv-d119r5tcm                      files    196 (kept 115, dropped 81) links     0  0.14 MiB
     63/3562  work-r3cv-d119tcm                        files    196 (kept 115, dropped 81) links     0  0.14 MiB
     64/3562  work-r3cv-d123basepr                     files  21894 (kept 12875, dropped 9019) links     0  11.70 MiB
     65/3562  work-r3cv-d123hits                       files  24175 (kept 3391, dropped 20784) links  8838  44.26 MiB
     66/3562  work-r3cv-d123hitspr                     files  21907 (kept 12875, dropped 9032) links     0  11.15 MiB
     67/3562  work-r3cv-d123lg                         files  23867 (kept 3083, dropped 20784) links  8838  16.80 MiB
     68/3562  work-r3cv-d123lgpr                       files  21907 (kept 12875, dropped 9032) links     0  11.46 MiB
     69/3562  work-r3cv-d123nr                         files  23867 (kept 3083, dropped 20784) links  8838  16.80 MiB
     70/3562  work-r3cv-d123nrpr                       files  21907 (kept 12875, dropped 9032) links     0  11.24 MiB
     71/3562  work-r3nue-d115                          files  17181 (kept 4053, dropped 13128) links     0  24.14 MiB
     72/3562  work-r3nue-d116s0rep                     files  21007 (kept 13135, dropped 7872) links     0  37.55 MiB
     73/3562  work-r3nue-d116tfull                     files  23007 (kept 13135, dropped 9872) links     0  39.40 MiB
     74/3562  work-r3nue-d118flip                      files    280 (kept 161, dropped 119) links     0  0.49 MiB
     75/3562  work-r3nue-d119ctl                       files    280 (kept 161, dropped 119) links     0  0.49 MiB
     76/3562  work-r3nue-d119ctl2                      files    280 (kept 161, dropped 119) links     0  0.49 MiB
     77/3562  work-r3nue-d119ctl2contended             files    280 (kept 161, dropped 119) links     0  0.49 MiB
     78/3562  work-r3nue-d119flip                      files    280 (kept 161, dropped 119) links     0  0.49 MiB
     79/3562  work-r3nue-d119flip-torn                 files    240 (kept 135, dropped 105) links     0  0.43 MiB
     80/3562  work-r3nue-d119jdef                      files    280 (kept 161, dropped 119) links     0  0.49 MiB
     81/3562  work-r3nue-d119jem                       files    280 (kept 161, dropped 119) links     0  0.49 MiB
     82/3562  work-r3nue-d119pad                       files    280 (kept 161, dropped 119) links     0  0.49 MiB
     83/3562  work-r3nue-d119r3                        files    280 (kept 161, dropped 119) links     0  0.49 MiB
     84/3562  work-r3nue-d119r3b                       files    280 (kept 161, dropped 119) links     0  0.49 MiB
     85/3562  work-r3nue-d119r5tcm                     files    280 (kept 161, dropped 119) links     0  0.49 MiB
     86/3562  work-r3nue-d119tail                      files    113 (kept 79, dropped 34) links     0  0.51 MiB
     87/3562  work-r3nue-d119tailg                     files    113 (kept 79, dropped 34) links     0  0.51 MiB
     88/3562  work-r3nue-d119tcm                       files    280 (kept 161, dropped 119) links     0  0.49 MiB
     89/3562  work-r3nue-d119tglb                      files    113 (kept 79, dropped 34) links     0  0.51 MiB
     90/3562  work-r3nue-d119tjem                      files    113 (kept 79, dropped 34) links     0  0.50 MiB
     91/3562  work-r3nue-d119trel                      files    113 (kept 79, dropped 34) links     0  0.51 MiB
     92/3562  work-r3nue-d119ttcm                      files    113 (kept 79, dropped 34) links     0  0.51 MiB
     93/3562  work-r3nue-d123basepr                    files  23006 (kept 13134, dropped 9872) links     0  39.69 MiB
     94/3562  work-r3nue-d123hits                      files  25861 (kept 4953, dropped 20908) links  9129  45.09 MiB
     95/3562  work-r3nue-d123hitspr                    files  23031 (kept 13134, dropped 9897) links     0  39.82 MiB
     96/3562  work-r3off-d115                          files   7325 (kept 1013, dropped 6312) links     0  11.37 MiB
     97/3562  work-r3off-d116s0rep                     files   9093 (kept 6007, dropped 3086) links     0  3.12 MiB
     98/3562  work-r3off-d116tfull                     files  10091 (kept 6007, dropped 4084) links     0  3.15 MiB
     99/3562  work-r3off-d118flip                      files    208 (kept 127, dropped 81) links     0  0.09 MiB
    100/3562  work-r3off-d119ctl                       files    208 (kept 127, dropped 81) links     0  0.09 MiB
    101/3562  work-r3off-d119ctl2                      files    208 (kept 127, dropped 81) links     0  0.09 MiB
    102/3562  work-r3off-d119ctl2contended             files    208 (kept 127, dropped 81) links     0  0.09 MiB
    103/3562  work-r3off-d119flip                      files    208 (kept 127, dropped 81) links     0  0.09 MiB
    104/3562  work-r3off-d119jdef                      files    208 (kept 127, dropped 81) links     0  0.09 MiB
    105/3562  work-r3off-d119jem                       files    208 (kept 127, dropped 81) links     0  0.09 MiB
    106/3562  work-r3off-d119pad                       files    208 (kept 127, dropped 81) links     0  0.09 MiB
    107/3562  work-r3off-d119r3                        files    208 (kept 127, dropped 81) links     0  0.09 MiB
    108/3562  work-r3off-d119r3b                       files    208 (kept 127, dropped 81) links     0  0.09 MiB
    109/3562  work-r3off-d119r5tcm                     files    208 (kept 127, dropped 81) links     0  0.09 MiB
    110/3562  work-r3off-d119tcm                       files    208 (kept 127, dropped 81) links     0  0.09 MiB
    111/3562  work-r3off-d123basepr                    files  10090 (kept 6006, dropped 4084) links     0  3.18 MiB
    112/3562  work-r3off-d123hits                      files  11204 (kept 954, dropped 10250) links  4315  19.43 MiB
    113/3562  work-r3off-d123hitspr                    files  10101 (kept 6006, dropped 4095) links     0  3.33 MiB
    114/3562  work-r3off-d123lg                        files  11078 (kept 828, dropped 10250) links  4315  7.94 MiB
    115/3562  work-r3off-d123lgpr                      files  10100 (kept 6006, dropped 4094) links     0  3.30 MiB
    116/3562  039252_0_d111vst                         files      7 (kept 3, dropped 4) links     2  0.03 MiB
    117/3562  039252_0_d113vbase                       files      7 (kept 3, dropped 4) links     2  0.03 MiB
    118/3562  039252_0_d113vnone                       files      7 (kept 3, dropped 4) links     2  0.05 MiB
    119/3562  039252_0_d119vnu                         files      8 (kept 4, dropped 4) links     3  0.03 MiB
    120/3562  039252_0_d119vr3                         files      8 (kept 4, dropped 4) links     3  0.03 MiB
    121/3562  039252_0_q29flip                         files     40 (kept 6, dropped 34) links    17  0.18 MiB
    122/3562  039252_0_q29stm                          files     40 (kept 6, dropped 34) links    17  0.18 MiB
    123/3562  039252_0_q31tot                          files     32 (kept 4, dropped 28) links    17  0.13 MiB
    124/3562  039252_0_q31tot2                         files     32 (kept 4, dropped 28) links    17  0.13 MiB
    125/3562  039252_0_q32ctlp                         files     32 (kept 4, dropped 28) links    17  0.13 MiB
    126/3562  039252_0_q32ti                           files     32 (kept 4, dropped 28) links    17  0.13 MiB
    127/3562  039252_0_q32tis                          files     32 (kept 4, dropped 28) links    17  0.13 MiB
    128/3562  039252_0_q33bctlp                        files     32 (kept 4, dropped 28) links    17  0.13 MiB
    129/3562  039252_0_q33cm                           files     32 (kept 4, dropped 28) links    17  0.13 MiB
    130/3562  039252_0_q33cs                           files     32 (kept 4, dropped 28) links    17  0.13 MiB
    131/3562  039252_0_q33ctlp                         files     32 (kept 4, dropped 28) links    17  0.13 MiB
    132/3562  039252_0_q33cu                           files     32 (kept 4, dropped 28) links    17  0.13 MiB
    133/3562  039252_0_q33tm                           files     32 (kept 4, dropped 28) links    17  0.13 MiB
    134/3562  039252_0_q33ts                           files     32 (kept 4, dropped 28) links    17  0.13 MiB
    135/3562  039252_0_q33tu                           files     32 (kept 4, dropped 28) links    17  0.13 MiB
    136/3562  039252_0_q34ck1                          files     32 (kept 4, dropped 28) links    17  0.13 MiB
    137/3562  039252_0_q34ck2                          files     32 (kept 4, dropped 28) links    17  0.13 MiB
    138/3562  039252_0_q34ck3                          files     32 (kept 4, dropped 28) links    17  0.13 MiB
    139/3562  039252_0_q34ctlp                         files     32 (kept 4, dropped 28) links    17  0.13 MiB
    140/3562  039252_0_q34tk2                          files     32 (kept 4, dropped 28) links    17  0.13 MiB
    141/3562  039252_0_q34tk3                          files     32 (kept 4, dropped 28) links    17  0.13 MiB
    142/3562  039252_0_q35cfg                          files      2 (kept 1, dropped 1) links    17  0.01 MiB
    143/3562  039252_10_d111vst                        files      7 (kept 3, dropped 4) links     2  0.02 MiB
    144/3562  039252_10_d113vbase                      files      7 (kept 3, dropped 4) links     2  0.02 MiB
    145/3562  039252_10_d113vnone                      files      7 (kept 3, dropped 4) links     2  0.04 MiB
    146/3562  039252_10_d119vnu                        files      8 (kept 4, dropped 4) links     3  0.03 MiB
    147/3562  039252_10_d119vr3                        files      8 (kept 4, dropped 4) links     3  0.03 MiB
    148/3562  039252_10_q29flip                        files     40 (kept 6, dropped 34) links    17  0.20 MiB
    149/3562  039252_10_q29stm                         files     40 (kept 6, dropped 34) links    17  0.20 MiB
    150/3562  039252_10_q31tot                         files     32 (kept 4, dropped 28) links    17  0.17 MiB
    151/3562  039252_10_q31tot2                        files     32 (kept 4, dropped 28) links    17  0.17 MiB
    152/3562  039252_10_q32ctlp                        files     32 (kept 4, dropped 28) links    17  0.17 MiB
    153/3562  039252_10_q32ti                          files     32 (kept 4, dropped 28) links    17  0.17 MiB
    154/3562  039252_10_q32tis                         files     32 (kept 4, dropped 28) links    17  0.17 MiB
    155/3562  039252_10_q33bctlp                       files     32 (kept 4, dropped 28) links    17  0.17 MiB
    156/3562  039252_10_q33cm                          files     32 (kept 4, dropped 28) links    17  0.17 MiB
    157/3562  039252_10_q33cs                          files     32 (kept 4, dropped 28) links    17  0.17 MiB
    158/3562  039252_10_q33ctlp                        files     32 (kept 4, dropped 28) links    17  0.17 MiB
    159/3562  039252_10_q33cu                          files     32 (kept 4, dropped 28) links    17  0.17 MiB
    160/3562  039252_10_q33tm                          files     32 (kept 4, dropped 28) links    17  0.17 MiB
    161/3562  039252_10_q33ts                          files     32 (kept 4, dropped 28) links    17  0.17 MiB
    162/3562  039252_10_q33tu                          files     32 (kept 4, dropped 28) links    17  0.17 MiB
    163/3562  039252_10_q34ck1                         files     32 (kept 4, dropped 28) links    17  0.17 MiB
    164/3562  039252_10_q34ck2                         files     32 (kept 4, dropped 28) links    17  0.17 MiB
    165/3562  039252_10_q34ck3                         files     32 (kept 4, dropped 28) links    17  0.17 MiB
    166/3562  039252_10_q34ctlp                        files     32 (kept 4, dropped 28) links    17  0.17 MiB
    167/3562  039252_10_q34tk2                         files     32 (kept 4, dropped 28) links    17  0.17 MiB
    168/3562  039252_10_q34tk3                         files     32 (kept 4, dropped 28) links    17  0.17 MiB
    169/3562  039252_11_d111vst                        files      7 (kept 3, dropped 4) links     2  0.02 MiB
    170/3562  039252_11_d113vbase                      files      7 (kept 3, dropped 4) links     2  0.02 MiB
    171/3562  039252_11_d113vnone                      files      7 (kept 3, dropped 4) links     2  0.04 MiB
    172/3562  039252_11_d119vnu                        files      8 (kept 4, dropped 4) links     3  0.02 MiB
    173/3562  039252_11_d119vr3                        files      8 (kept 4, dropped 4) links     3  0.02 MiB
    174/3562  039252_11_q29flip                        files     40 (kept 6, dropped 34) links    17  0.19 MiB
    175/3562  039252_11_q29stm                         files     40 (kept 6, dropped 34) links    17  0.19 MiB
    176/3562  039252_11_q31tot                         files     32 (kept 4, dropped 28) links    17  0.17 MiB
    177/3562  039252_11_q31tot2                        files     32 (kept 4, dropped 28) links    17  0.17 MiB
    178/3562  039252_11_q32ctlp                        files     32 (kept 4, dropped 28) links    17  0.17 MiB
    179/3562  039252_11_q32ti                          files     32 (kept 4, dropped 28) links    17  0.17 MiB
    180/3562  039252_11_q32tis                         files     32 (kept 4, dropped 28) links    17  0.17 MiB
    181/3562  039252_11_q33bctlp                       files     32 (kept 4, dropped 28) links    17  0.17 MiB
    182/3562  039252_11_q33cm                          files     32 (kept 4, dropped 28) links    17  0.17 MiB
    183/3562  039252_11_q33cs                          files     32 (kept 4, dropped 28) links    17  0.17 MiB
    184/3562  039252_11_q33ctlp                        files     32 (kept 4, dropped 28) links    17  0.17 MiB
    185/3562  039252_11_q33cu                          files     32 (kept 4, dropped 28) links    17  0.17 MiB
    186/3562  039252_11_q33tm                          files     32 (kept 4, dropped 28) links    17  0.17 MiB
    187/3562  039252_11_q33ts                          files     32 (kept 4, dropped 28) links    17  0.17 MiB
    188/3562  039252_11_q33tu                          files     32 (kept 4, dropped 28) links    17  0.17 MiB
    189/3562  039252_11_q34ck1                         files     32 (kept 4, dropped 28) links    17  0.17 MiB
    190/3562  039252_11_q34ck2                         files     32 (kept 4, dropped 28) links    17  0.17 MiB
    191/3562  039252_11_q34ck3                         files     32 (kept 4, dropped 28) links    17  0.17 MiB
    192/3562  039252_11_q34ctlp                        files     32 (kept 4, dropped 28) links    17  0.17 MiB
    193/3562  039252_11_q34tk2                         files     32 (kept 4, dropped 28) links    17  0.17 MiB
    194/3562  039252_11_q34tk3                         files     32 (kept 4, dropped 28) links    17  0.17 MiB
    195/3562  039252_12_d111vst                        files      7 (kept 3, dropped 4) links     2  0.03 MiB
    196/3562  039252_12_d113vbase                      files      7 (kept 3, dropped 4) links     2  0.03 MiB
    197/3562  039252_12_d113vnone                      files      7 (kept 3, dropped 4) links     2  0.05 MiB
    198/3562  039252_12_d119vnu                        files      8 (kept 4, dropped 4) links     3  0.23 MiB
    199/3562  039252_12_d119vr3                        files      8 (kept 4, dropped 4) links     3  0.23 MiB
    200/3562  039252_12_q29flip                        files     40 (kept 6, dropped 34) links    17  0.47 MiB
    201/3562  039252_12_q29stm                         files     40 (kept 6, dropped 34) links    17  0.47 MiB
    202/3562  039252_12_q31tot                         files     32 (kept 4, dropped 28) links    17  0.17 MiB
    203/3562  039252_12_q31tot2                        files     32 (kept 4, dropped 28) links    17  0.17 MiB
    204/3562  039252_12_q32ctlp                        files     32 (kept 4, dropped 28) links    17  0.17 MiB
    205/3562  039252_12_q32ti                          files     32 (kept 4, dropped 28) links    17  0.17 MiB
    206/3562  039252_12_q32tis                         files     32 (kept 4, dropped 28) links    17  0.17 MiB
    207/3562  039252_12_q33bctlp                       files     32 (kept 4, dropped 28) links    17  0.17 MiB
    208/3562  039252_12_q33cm                          files     32 (kept 4, dropped 28) links    17  0.17 MiB
    209/3562  039252_12_q33cs                          files     32 (kept 4, dropped 28) links    17  0.17 MiB
    210/3562  039252_12_q33ctlp                        files     32 (kept 4, dropped 28) links    17  0.17 MiB
    211/3562  039252_12_q33cu                          files     32 (kept 4, dropped 28) links    17  0.17 MiB
    212/3562  039252_12_q33tm                          files     32 (kept 4, dropped 28) links    17  0.17 MiB
    213/3562  039252_12_q33ts                          files     32 (kept 4, dropped 28) links    17  0.17 MiB
    214/3562  039252_12_q33tu                          files     32 (kept 4, dropped 28) links    17  0.17 MiB
    215/3562  039252_12_q34ck1                         files     32 (kept 4, dropped 28) links    17  0.17 MiB
    216/3562  039252_12_q34ck2                         files     32 (kept 4, dropped 28) links    17  0.17 MiB
    217/3562  039252_12_q34ck3                         files     32 (kept 4, dropped 28) links    17  0.17 MiB
    218/3562  039252_12_q34ctlp                        files     32 (kept 4, dropped 28) links    17  0.17 MiB
    219/3562  039252_12_q34tk2                         files     32 (kept 4, dropped 28) links    17  0.17 MiB
    220/3562  039252_12_q34tk3                         files     32 (kept 4, dropped 28) links    17  0.17 MiB
    221/3562  039252_13_d111vst                        files      7 (kept 3, dropped 4) links     2  0.02 MiB
    222/3562  039252_13_d113vbase                      files      7 (kept 3, dropped 4) links     2  0.02 MiB
    223/3562  039252_13_d113vnone                      files      6 (kept 3, dropped 3) links     2  0.03 MiB
    224/3562  039252_13_d119vnu                        files      8 (kept 4, dropped 4) links     3  0.02 MiB
    225/3562  039252_13_d119vr3                        files      8 (kept 4, dropped 4) links     3  0.02 MiB
    226/3562  039252_13_q29flip                        files     40 (kept 6, dropped 34) links    17  0.20 MiB
    227/3562  039252_13_q29stm                         files     40 (kept 6, dropped 34) links    17  0.20 MiB
    228/3562  039252_13_q31tot                         files     32 (kept 4, dropped 28) links    17  0.15 MiB
    229/3562  039252_13_q31tot2                        files     32 (kept 4, dropped 28) links    17  0.15 MiB
    230/3562  039252_13_q32ctlp                        files     32 (kept 4, dropped 28) links    17  0.15 MiB
    231/3562  039252_13_q32ti                          files     32 (kept 4, dropped 28) links    17  0.15 MiB
    232/3562  039252_13_q32tis                         files     32 (kept 4, dropped 28) links    17  0.15 MiB
    233/3562  039252_13_q33bctlp                       files     32 (kept 4, dropped 28) links    17  0.15 MiB
    234/3562  039252_13_q33cm                          files     32 (kept 4, dropped 28) links    17  0.15 MiB
    235/3562  039252_13_q33cs                          files     32 (kept 4, dropped 28) links    17  0.15 MiB
    236/3562  039252_13_q33ctlp                        files     32 (kept 4, dropped 28) links    17  0.15 MiB
    237/3562  039252_13_q33cu                          files     32 (kept 4, dropped 28) links    17  0.15 MiB
    238/3562  039252_13_q33tm                          files     32 (kept 4, dropped 28) links    17  0.14 MiB
    239/3562  039252_13_q33ts                          files     32 (kept 4, dropped 28) links    17  0.15 MiB
    240/3562  039252_13_q33tu                          files     32 (kept 4, dropped 28) links    17  0.15 MiB
    241/3562  039252_13_q34ck1                         files     32 (kept 4, dropped 28) links    17  0.15 MiB
    242/3562  039252_13_q34ck2                         files     32 (kept 4, dropped 28) links    17  0.15 MiB
    243/3562  039252_13_q34ck3                         files     32 (kept 4, dropped 28) links    17  0.15 MiB
    244/3562  039252_13_q34ctlp                        files     32 (kept 4, dropped 28) links    17  0.15 MiB
    245/3562  039252_13_q34tk2                         files     32 (kept 4, dropped 28) links    17  0.14 MiB
    246/3562  039252_13_q34tk3                         files     32 (kept 4, dropped 28) links    17  0.15 MiB
    247/3562  039252_14_d111vst                        files      7 (kept 3, dropped 4) links     2  0.04 MiB
    248/3562  039252_14_d113vbase                      files      7 (kept 3, dropped 4) links     2  0.04 MiB
    249/3562  039252_14_d113vnone                      files      7 (kept 3, dropped 4) links     2  0.08 MiB
    250/3562  039252_14_d119vnu                        files      8 (kept 4, dropped 4) links     3  0.04 MiB
    251/3562  039252_14_d119vr3                        files      8 (kept 4, dropped 4) links     3  0.04 MiB
    252/3562  039252_14_q29flip                        files     40 (kept 6, dropped 34) links    17  0.23 MiB
    253/3562  039252_14_q29stm                         files     40 (kept 6, dropped 34) links    17  0.23 MiB
    254/3562  039252_14_q31tot                         files     32 (kept 4, dropped 28) links    17  0.18 MiB
    255/3562  039252_14_q31tot2                        files     32 (kept 4, dropped 28) links    17  0.18 MiB
    256/3562  039252_14_q32ctlp                        files     32 (kept 4, dropped 28) links    17  0.18 MiB
    257/3562  039252_14_q32ti                          files     32 (kept 4, dropped 28) links    17  0.18 MiB
    258/3562  039252_14_q32tis                         files     32 (kept 4, dropped 28) links    17  0.18 MiB
    259/3562  039252_14_q33bctlp                       files     32 (kept 4, dropped 28) links    17  0.18 MiB
    260/3562  039252_14_q33cm                          files     32 (kept 4, dropped 28) links    17  0.18 MiB
    261/3562  039252_14_q33cs                          files     32 (kept 4, dropped 28) links    17  0.18 MiB
    262/3562  039252_14_q33ctlp                        files     32 (kept 4, dropped 28) links    17  0.18 MiB
    263/3562  039252_14_q33cu                          files     32 (kept 4, dropped 28) links    17  0.19 MiB
    264/3562  039252_14_q33tm                          files     32 (kept 4, dropped 28) links    17  0.18 MiB
    265/3562  039252_14_q33ts                          files     32 (kept 4, dropped 28) links    17  0.18 MiB
    266/3562  039252_14_q33tu                          files     32 (kept 4, dropped 28) links    17  0.18 MiB
    267/3562  039252_14_q34ck1                         files     32 (kept 4, dropped 28) links    17  0.18 MiB
    268/3562  039252_14_q34ck2                         files     32 (kept 4, dropped 28) links    17  0.18 MiB
    269/3562  039252_14_q34ck3                         files     32 (kept 4, dropped 28) links    17  0.18 MiB
    270/3562  039252_14_q34ctlp                        files     32 (kept 4, dropped 28) links    17  0.18 MiB
    271/3562  039252_14_q34tk2                         files     32 (kept 4, dropped 28) links    17  0.18 MiB
    272/3562  039252_14_q34tk3                         files     32 (kept 4, dropped 28) links    17  0.18 MiB
    273/3562  039252_15_d111vst                        files      7 (kept 3, dropped 4) links     2  0.02 MiB
    274/3562  039252_15_d113vbase                      files      7 (kept 3, dropped 4) links     2  0.02 MiB
    275/3562  039252_15_d113vnone                      files      7 (kept 3, dropped 4) links     2  0.06 MiB
    276/3562  039252_15_d119vnu                        files      8 (kept 4, dropped 4) links     3  0.03 MiB
    277/3562  039252_15_d119vr3                        files      8 (kept 4, dropped 4) links     3  0.03 MiB
    278/3562  039252_15_q29flip                        files     40 (kept 6, dropped 34) links    17  0.23 MiB
    279/3562  039252_15_q29stm                         files     40 (kept 6, dropped 34) links    17  0.23 MiB
    280/3562  039252_15_q31tot                         files     32 (kept 4, dropped 28) links    17  0.21 MiB
    281/3562  039252_15_q31tot2                        files     32 (kept 4, dropped 28) links    17  0.20 MiB
    282/3562  039252_15_q32ctlp                        files     32 (kept 4, dropped 28) links    17  0.21 MiB
    283/3562  039252_15_q32ti                          files     32 (kept 4, dropped 28) links    17  0.20 MiB
    284/3562  039252_15_q32tis                         files     32 (kept 4, dropped 28) links    17  0.21 MiB
    285/3562  039252_15_q33bctlp                       files     32 (kept 4, dropped 28) links    17  0.21 MiB
    286/3562  039252_15_q33cm                          files     32 (kept 4, dropped 28) links    17  0.21 MiB
    287/3562  039252_15_q33cs                          files     32 (kept 4, dropped 28) links    17  0.21 MiB
    288/3562  039252_15_q33ctlp                        files     32 (kept 4, dropped 28) links    17  0.21 MiB
    289/3562  039252_15_q33cu                          files     32 (kept 4, dropped 28) links    17  0.21 MiB
    290/3562  039252_15_q33tm                          files     32 (kept 4, dropped 28) links    17  0.20 MiB
    291/3562  039252_15_q33ts                          files     32 (kept 4, dropped 28) links    17  0.20 MiB
    292/3562  039252_15_q33tu                          files     32 (kept 4, dropped 28) links    17  0.21 MiB
    293/3562  039252_15_q34ck1                         files     32 (kept 4, dropped 28) links    17  0.21 MiB
    294/3562  039252_15_q34ck2                         files     32 (kept 4, dropped 28) links    17  0.21 MiB
    295/3562  039252_15_q34ck3                         files     32 (kept 4, dropped 28) links    17  0.21 MiB
    296/3562  039252_15_q34ctlp                        files     32 (kept 4, dropped 28) links    17  0.21 MiB
    297/3562  039252_15_q34tk2                         files     32 (kept 4, dropped 28) links    17  0.21 MiB
    298/3562  039252_15_q34tk3                         files     32 (kept 4, dropped 28) links    17  0.21 MiB
    299/3562  039252_16_d111vst                        files      7 (kept 3, dropped 4) links     2  0.23 MiB
    300/3562  039252_16_d113vbase                      files      7 (kept 3, dropped 4) links     2  0.23 MiB
    301/3562  039252_16_d113vnone                      files      7 (kept 3, dropped 4) links     2  0.11 MiB
    302/3562  039252_16_d119vnu                        files      8 (kept 4, dropped 4) links     3  0.19 MiB
    303/3562  039252_16_d119vr3                        files      8 (kept 4, dropped 4) links     3  0.19 MiB
    304/3562  039252_16_q29flip                        files     40 (kept 6, dropped 34) links    17  0.26 MiB
    305/3562  039252_16_q29stm                         files     40 (kept 6, dropped 34) links    17  0.26 MiB
    306/3562  039252_16_q31tot                         files     32 (kept 4, dropped 28) links    17  0.18 MiB
    307/3562  039252_16_q31tot2                        files     32 (kept 4, dropped 28) links    17  0.17 MiB
    308/3562  039252_16_q32ctlp                        files     32 (kept 4, dropped 28) links    17  0.18 MiB
    309/3562  039252_16_q32ti                          files     32 (kept 4, dropped 28) links    17  0.17 MiB
    310/3562  039252_16_q32tis                         files     32 (kept 4, dropped 28) links    17  0.17 MiB
    311/3562  039252_16_q33bctlp                       files     32 (kept 4, dropped 28) links    17  0.18 MiB
    312/3562  039252_16_q33cm                          files     32 (kept 4, dropped 28) links    17  0.17 MiB
    313/3562  039252_16_q33cs                          files     32 (kept 4, dropped 28) links    17  0.18 MiB
    314/3562  039252_16_q33ctlp                        files     32 (kept 4, dropped 28) links    17  0.18 MiB
    315/3562  039252_16_q33cu                          files     32 (kept 4, dropped 28) links    17  0.18 MiB
    316/3562  039252_16_q33tm                          files     32 (kept 4, dropped 28) links    17  0.17 MiB
    317/3562  039252_16_q33ts                          files     32 (kept 4, dropped 28) links    17  0.17 MiB
    318/3562  039252_16_q33tu                          files     32 (kept 4, dropped 28) links    17  0.17 MiB
    319/3562  039252_16_q34ck1                         files     32 (kept 4, dropped 28) links    17  0.18 MiB
    320/3562  039252_16_q34ck2                         files     32 (kept 4, dropped 28) links    17  0.18 MiB
    321/3562  039252_16_q34ck3                         files     32 (kept 4, dropped 28) links    17  0.18 MiB
    322/3562  039252_16_q34ctlp                        files     32 (kept 4, dropped 28) links    17  0.18 MiB
    323/3562  039252_16_q34tk2                         files     32 (kept 4, dropped 28) links    17  0.17 MiB
    324/3562  039252_16_q34tk3                         files     32 (kept 4, dropped 28) links    17  0.17 MiB
    325/3562  039252_17_d111vst                        files      7 (kept 3, dropped 4) links     2  0.04 MiB
    326/3562  039252_17_d113vbase                      files      7 (kept 3, dropped 4) links     2  0.04 MiB
    327/3562  039252_17_d113vnone                      files      7 (kept 3, dropped 4) links     2  0.06 MiB
    328/3562  039252_17_d119vnu                        files      7 (kept 4, dropped 3) links     3  0.02 MiB
    329/3562  039252_17_d119vr3                        files      7 (kept 4, dropped 3) links     3  0.02 MiB
    330/3562  039252_17_q29flip                        files     40 (kept 6, dropped 34) links    17  0.22 MiB
    331/3562  039252_17_q29stm                         files     40 (kept 6, dropped 34) links    17  0.22 MiB
    332/3562  039252_17_q31tot                         files     32 (kept 4, dropped 28) links    17  0.18 MiB
    333/3562  039252_17_q31tot2                        files     32 (kept 4, dropped 28) links    17  0.18 MiB
    334/3562  039252_17_q32ctlp                        files     32 (kept 4, dropped 28) links    17  0.18 MiB
    335/3562  039252_17_q32ti                          files     32 (kept 4, dropped 28) links    17  0.18 MiB
    336/3562  039252_17_q32tis                         files     32 (kept 4, dropped 28) links    17  0.18 MiB
    337/3562  039252_17_q33bctlp                       files     32 (kept 4, dropped 28) links    17  0.18 MiB
    338/3562  039252_17_q33cm                          files     32 (kept 4, dropped 28) links    17  0.18 MiB
    339/3562  039252_17_q33cs                          files     32 (kept 4, dropped 28) links    17  0.18 MiB
    340/3562  039252_17_q33ctlp                        files     32 (kept 4, dropped 28) links    17  0.18 MiB
    341/3562  039252_17_q33cu                          files     32 (kept 4, dropped 28) links    17  0.18 MiB
    342/3562  039252_17_q33tm                          files     32 (kept 4, dropped 28) links    17  0.18 MiB
    343/3562  039252_17_q33ts                          files     32 (kept 4, dropped 28) links    17  0.18 MiB
    344/3562  039252_17_q33tu                          files     32 (kept 4, dropped 28) links    17  0.18 MiB
    345/3562  039252_17_q34ck1                         files     32 (kept 4, dropped 28) links    17  0.18 MiB
    346/3562  039252_17_q34ck2                         files     32 (kept 4, dropped 28) links    17  0.18 MiB
    347/3562  039252_17_q34ck3                         files     32 (kept 4, dropped 28) links    17  0.18 MiB
    348/3562  039252_17_q34ctlp                        files     32 (kept 4, dropped 28) links    17  0.18 MiB
    349/3562  039252_17_q34tk2                         files     32 (kept 4, dropped 28) links    17  0.18 MiB
    350/3562  039252_17_q34tk3                         files     32 (kept 4, dropped 28) links    17  0.18 MiB
    351/3562  039252_1_d111vst                         files      7 (kept 3, dropped 4) links     2  0.03 MiB
    352/3562  039252_1_d113vbase                       files      7 (kept 3, dropped 4) links     2  0.03 MiB
    353/3562  039252_1_d113vnone                       files      7 (kept 3, dropped 4) links     2  0.05 MiB
    354/3562  039252_1_d119vnu                         files      8 (kept 4, dropped 4) links     3  0.03 MiB
    355/3562  039252_1_d119vr3                         files      8 (kept 4, dropped 4) links     3  0.03 MiB
    356/3562  039252_1_q29flip                         files     40 (kept 6, dropped 34) links    17  0.19 MiB
    357/3562  039252_1_q29stm                          files     40 (kept 6, dropped 34) links    17  0.19 MiB
    358/3562  039252_1_q31tot                          files     32 (kept 4, dropped 28) links    17  0.16 MiB
    359/3562  039252_1_q31tot2                         files     32 (kept 4, dropped 28) links    17  0.16 MiB
    360/3562  039252_1_q32ctlp                         files     32 (kept 4, dropped 28) links    17  0.16 MiB
    361/3562  039252_1_q32ti                           files     32 (kept 4, dropped 28) links    17  0.16 MiB
    362/3562  039252_1_q32tis                          files     32 (kept 4, dropped 28) links    17  0.16 MiB
    363/3562  039252_1_q33bctlp                        files     32 (kept 4, dropped 28) links    17  0.16 MiB
    364/3562  039252_1_q33cm                           files     32 (kept 4, dropped 28) links    17  0.16 MiB
    365/3562  039252_1_q33cs                           files     32 (kept 4, dropped 28) links    17  0.16 MiB
    366/3562  039252_1_q33ctlp                         files     32 (kept 4, dropped 28) links    17  0.16 MiB
    367/3562  039252_1_q33cu                           files     32 (kept 4, dropped 28) links    17  0.16 MiB
    368/3562  039252_1_q33tm                           files     32 (kept 4, dropped 28) links    17  0.16 MiB
    369/3562  039252_1_q33ts                           files     32 (kept 4, dropped 28) links    17  0.16 MiB
    370/3562  039252_1_q33tu                           files     32 (kept 4, dropped 28) links    17  0.16 MiB
    371/3562  039252_1_q34ck1                          files     32 (kept 4, dropped 28) links    17  0.16 MiB
    372/3562  039252_1_q34ck2                          files     32 (kept 4, dropped 28) links    17  0.16 MiB
    373/3562  039252_1_q34ck3                          files     32 (kept 4, dropped 28) links    17  0.16 MiB
    374/3562  039252_1_q34ctlp                         files     32 (kept 4, dropped 28) links    17  0.16 MiB
    375/3562  039252_1_q34tk2                          files     32 (kept 4, dropped 28) links    17  0.16 MiB
    376/3562  039252_1_q34tk3                          files     32 (kept 4, dropped 28) links    17  0.16 MiB
    377/3562  039252_2_d111vst                         files      7 (kept 3, dropped 4) links     2  0.02 MiB
    378/3562  039252_2_d113vbase                       files      7 (kept 3, dropped 4) links     2  0.02 MiB
    379/3562  039252_2_d113vnone                       files      7 (kept 3, dropped 4) links     2  0.12 MiB
    380/3562  039252_2_d119vnu                         files      8 (kept 4, dropped 4) links     3  0.02 MiB
    381/3562  039252_2_d119vr3                         files      8 (kept 4, dropped 4) links     3  0.02 MiB
    382/3562  039252_2_q29flip                         files     40 (kept 6, dropped 34) links    17  0.22 MiB
    383/3562  039252_2_q29stm                          files     40 (kept 6, dropped 34) links    17  0.22 MiB
    384/3562  039252_2_q31tot                          files     32 (kept 4, dropped 28) links    17  0.19 MiB
    385/3562  039252_2_q31tot2                         files     32 (kept 4, dropped 28) links    17  0.19 MiB
    386/3562  039252_2_q32ctlp                         files     32 (kept 4, dropped 28) links    17  0.20 MiB
    387/3562  039252_2_q32ti                           files     32 (kept 4, dropped 28) links    17  0.19 MiB
    388/3562  039252_2_q32tis                          files     32 (kept 4, dropped 28) links    17  0.19 MiB
    389/3562  039252_2_q33bctlp                        files     32 (kept 4, dropped 28) links    17  0.20 MiB
    390/3562  039252_2_q33cm                           files     32 (kept 4, dropped 28) links    17  0.19 MiB
    391/3562  039252_2_q33cs                           files     32 (kept 4, dropped 28) links    17  0.20 MiB
    392/3562  039252_2_q33ctlp                         files     32 (kept 4, dropped 28) links    17  0.20 MiB
    393/3562  039252_2_q33cu                           files     32 (kept 4, dropped 28) links    17  0.20 MiB
    394/3562  039252_2_q33tm                           files     32 (kept 4, dropped 28) links    17  0.19 MiB
    395/3562  039252_2_q33ts                           files     32 (kept 4, dropped 28) links    17  0.19 MiB
    396/3562  039252_2_q33tu                           files     32 (kept 4, dropped 28) links    17  0.19 MiB
    397/3562  039252_2_q34ck1                          files     32 (kept 4, dropped 28) links    17  0.20 MiB
    398/3562  039252_2_q34ck2                          files     32 (kept 4, dropped 28) links    17  0.20 MiB
    399/3562  039252_2_q34ck3                          files     32 (kept 4, dropped 28) links    17  0.20 MiB
    400/3562  039252_2_q34ctlp                         files     32 (kept 4, dropped 28) links    17  0.20 MiB
    401/3562  039252_2_q34tk2                          files     32 (kept 4, dropped 28) links    17  0.19 MiB
    402/3562  039252_2_q34tk3                          files     32 (kept 4, dropped 28) links    17  0.19 MiB
    403/3562  039252_3_d111vst                         files      7 (kept 3, dropped 4) links     2  0.05 MiB
    404/3562  039252_3_d113vbase                       files      7 (kept 3, dropped 4) links     2  0.05 MiB
    405/3562  039252_3_d113vnone                       files      7 (kept 3, dropped 4) links     2  0.09 MiB
    406/3562  039252_3_d119vnu                         files      8 (kept 4, dropped 4) links     3  0.08 MiB
    407/3562  039252_3_d119vr3                         files      8 (kept 4, dropped 4) links     3  0.08 MiB
    408/3562  039252_3_q29flip                         files     40 (kept 6, dropped 34) links    17  0.23 MiB
    409/3562  039252_3_q29stm                          files     40 (kept 6, dropped 34) links    17  0.23 MiB
    410/3562  039252_3_q31tot                          files     32 (kept 4, dropped 28) links    17  0.15 MiB
    411/3562  039252_3_q31tot2                         files     32 (kept 4, dropped 28) links    17  0.15 MiB
    412/3562  039252_3_q32ctlp                         files     32 (kept 4, dropped 28) links    17  0.15 MiB
    413/3562  039252_3_q32ti                           files     32 (kept 4, dropped 28) links    17  0.15 MiB
    414/3562  039252_3_q32tis                          files     32 (kept 4, dropped 28) links    17  0.15 MiB
    415/3562  039252_3_q33bctlp                        files     32 (kept 4, dropped 28) links    17  0.15 MiB
    416/3562  039252_3_q33cm                           files     32 (kept 4, dropped 28) links    17  0.15 MiB
    417/3562  039252_3_q33cs                           files     32 (kept 4, dropped 28) links    17  0.15 MiB
    418/3562  039252_3_q33ctlp                         files     32 (kept 4, dropped 28) links    17  0.15 MiB
    419/3562  039252_3_q33cu                           files     32 (kept 4, dropped 28) links    17  0.15 MiB
    420/3562  039252_3_q33tm                           files     32 (kept 4, dropped 28) links    17  0.15 MiB
    421/3562  039252_3_q33ts                           files     32 (kept 4, dropped 28) links    17  0.15 MiB
    422/3562  039252_3_q33tu                           files     32 (kept 4, dropped 28) links    17  0.15 MiB
    423/3562  039252_3_q34ck1                          files     32 (kept 4, dropped 28) links    17  0.15 MiB
    424/3562  039252_3_q34ck2                          files     32 (kept 4, dropped 28) links    17  0.15 MiB
    425/3562  039252_3_q34ck3                          files     32 (kept 4, dropped 28) links    17  0.15 MiB
    426/3562  039252_3_q34ctlp                         files     32 (kept 4, dropped 28) links    17  0.15 MiB
    427/3562  039252_3_q34tk2                          files     32 (kept 4, dropped 28) links    17  0.15 MiB
    428/3562  039252_3_q34tk3                          files     32 (kept 4, dropped 28) links    17  0.15 MiB
    429/3562  039252_4_d111vst                         files      7 (kept 3, dropped 4) links     2  0.08 MiB
    430/3562  039252_4_d113vbase                       files      7 (kept 3, dropped 4) links     2  0.08 MiB
    431/3562  039252_4_d113vnone                       files      7 (kept 3, dropped 4) links     2  0.09 MiB
    432/3562  039252_4_d119vnu                         files      8 (kept 4, dropped 4) links     3  0.06 MiB
    433/3562  039252_4_d119vr3                         files      8 (kept 4, dropped 4) links     3  0.06 MiB
    434/3562  039252_4_q29flip                         files     40 (kept 6, dropped 34) links    17  0.22 MiB
    435/3562  039252_4_q29stm                          files     40 (kept 6, dropped 34) links    17  0.22 MiB
    436/3562  039252_4_q31tot                          files     32 (kept 4, dropped 28) links    17  0.17 MiB
    437/3562  039252_4_q31tot2                         files     32 (kept 4, dropped 28) links    17  0.18 MiB
    438/3562  039252_4_q32ctlp                         files     32 (kept 4, dropped 28) links    17  0.18 MiB
    439/3562  039252_4_q32ti                           files     32 (kept 4, dropped 28) links    17  0.17 MiB
    440/3562  039252_4_q32tis                          files     32 (kept 4, dropped 28) links    17  0.18 MiB
    441/3562  039252_4_q33bctlp                        files     32 (kept 4, dropped 28) links    17  0.18 MiB
    442/3562  039252_4_q33cm                           files     32 (kept 4, dropped 28) links    17  0.17 MiB
    443/3562  039252_4_q33cs                           files     32 (kept 4, dropped 28) links    17  0.18 MiB
    444/3562  039252_4_q33ctlp                         files     32 (kept 4, dropped 28) links    17  0.18 MiB
    445/3562  039252_4_q33cu                           files     32 (kept 4, dropped 28) links    17  0.18 MiB
    446/3562  039252_4_q33tm                           files     32 (kept 4, dropped 28) links    17  0.17 MiB
    447/3562  039252_4_q33ts                           files     32 (kept 4, dropped 28) links    17  0.17 MiB
    448/3562  039252_4_q33tu                           files     32 (kept 4, dropped 28) links    17  0.17 MiB
    449/3562  039252_4_q34ck1                          files     32 (kept 4, dropped 28) links    17  0.18 MiB
    450/3562  039252_4_q34ck2                          files     32 (kept 4, dropped 28) links    17  0.18 MiB
    451/3562  039252_4_q34ck3                          files     32 (kept 4, dropped 28) links    17  0.18 MiB
    452/3562  039252_4_q34ctlp                         files     32 (kept 4, dropped 28) links    17  0.18 MiB
    453/3562  039252_4_q34tk2                          files     32 (kept 4, dropped 28) links    17  0.17 MiB
    454/3562  039252_4_q34tk3                          files     32 (kept 4, dropped 28) links    17  0.17 MiB
    455/3562  039252_5_d111vst                         files      7 (kept 3, dropped 4) links     2  0.14 MiB
    456/3562  039252_5_d113vbase                       files      7 (kept 3, dropped 4) links     2  0.14 MiB
    457/3562  039252_5_d113vnone                       files      7 (kept 3, dropped 4) links     2  0.11 MiB
    458/3562  039252_5_d119vnu                         files      8 (kept 4, dropped 4) links     3  0.31 MiB
    459/3562  039252_5_d119vr3                         files      8 (kept 4, dropped 4) links     3  0.31 MiB
    460/3562  039252_5_q29flip                         files     40 (kept 6, dropped 34) links    17  0.38 MiB
    461/3562  039252_5_q29stm                          files     40 (kept 6, dropped 34) links    17  0.38 MiB
    462/3562  039252_5_q31tot                          files     32 (kept 4, dropped 28) links    17  0.16 MiB
    463/3562  039252_5_q31tot2                         files     32 (kept 4, dropped 28) links    17  0.16 MiB
    464/3562  039252_5_q32ctlp                         files     32 (kept 4, dropped 28) links    17  0.16 MiB
    465/3562  039252_5_q32ti                           files     32 (kept 4, dropped 28) links    17  0.16 MiB
    466/3562  039252_5_q32tis                          files     32 (kept 4, dropped 28) links    17  0.16 MiB
    467/3562  039252_5_q33bctlp                        files     32 (kept 4, dropped 28) links    17  0.16 MiB
    468/3562  039252_5_q33cm                           files     32 (kept 4, dropped 28) links    17  0.16 MiB
    469/3562  039252_5_q33cs                           files     32 (kept 4, dropped 28) links    17  0.16 MiB
    470/3562  039252_5_q33ctlp                         files     32 (kept 4, dropped 28) links    17  0.16 MiB
    471/3562  039252_5_q33cu                           files     32 (kept 4, dropped 28) links    17  0.16 MiB
    472/3562  039252_5_q33tm                           files     32 (kept 4, dropped 28) links    17  0.16 MiB
    473/3562  039252_5_q33ts                           files     32 (kept 4, dropped 28) links    17  0.16 MiB
    474/3562  039252_5_q33tu                           files     32 (kept 4, dropped 28) links    17  0.16 MiB
    475/3562  039252_5_q34ck1                          files     32 (kept 4, dropped 28) links    17  0.16 MiB
    476/3562  039252_5_q34ck2                          files     32 (kept 4, dropped 28) links    17  0.16 MiB
    477/3562  039252_5_q34ck3                          files     32 (kept 4, dropped 28) links    17  0.16 MiB
    478/3562  039252_5_q34ctlp                         files     32 (kept 4, dropped 28) links    17  0.16 MiB
    479/3562  039252_5_q34tk2                          files     32 (kept 4, dropped 28) links    17  0.16 MiB
    480/3562  039252_5_q34tk3                          files     32 (kept 4, dropped 28) links    17  0.16 MiB
    481/3562  039252_6_d111vst                         files      7 (kept 3, dropped 4) links     2  0.03 MiB
    482/3562  039252_6_d113vbase                       files      7 (kept 3, dropped 4) links     2  0.03 MiB
    483/3562  039252_6_d113vnone                       files      7 (kept 3, dropped 4) links     2  0.06 MiB
    484/3562  039252_6_d119vnu                         files      8 (kept 4, dropped 4) links     3  0.04 MiB
    485/3562  039252_6_d119vr3                         files      8 (kept 4, dropped 4) links     3  0.04 MiB
    486/3562  039252_6_q29flip                         files     40 (kept 6, dropped 34) links    17  0.20 MiB
    487/3562  039252_6_q29stm                          files     40 (kept 6, dropped 34) links    17  0.20 MiB
    488/3562  039252_6_q31tot                          files     32 (kept 4, dropped 28) links    17  0.16 MiB
    489/3562  039252_6_q31tot2                         files     32 (kept 4, dropped 28) links    17  0.16 MiB
    490/3562  039252_6_q32ctlp                         files     32 (kept 4, dropped 28) links    17  0.16 MiB
    491/3562  039252_6_q32ti                           files     32 (kept 4, dropped 28) links    17  0.16 MiB
    492/3562  039252_6_q32tis                          files     32 (kept 4, dropped 28) links    17  0.16 MiB
    493/3562  039252_6_q33bctlp                        files     32 (kept 4, dropped 28) links    17  0.16 MiB
    494/3562  039252_6_q33cm                           files     32 (kept 4, dropped 28) links    17  0.16 MiB
    495/3562  039252_6_q33cs                           files     32 (kept 4, dropped 28) links    17  0.16 MiB
    496/3562  039252_6_q33ctlp                         files     32 (kept 4, dropped 28) links    17  0.16 MiB
    497/3562  039252_6_q33cu                           files     32 (kept 4, dropped 28) links    17  0.16 MiB
    498/3562  039252_6_q33tm                           files     32 (kept 4, dropped 28) links    17  0.16 MiB
    499/3562  039252_6_q33ts                           files     32 (kept 4, dropped 28) links    17  0.16 MiB
    500/3562  039252_6_q33tu                           files     32 (kept 4, dropped 28) links    17  0.16 MiB
    501/3562  039252_6_q34ck1                          files     32 (kept 4, dropped 28) links    17  0.16 MiB
    502/3562  039252_6_q34ck2                          files     32 (kept 4, dropped 28) links    17  0.16 MiB
    503/3562  039252_6_q34ck3                          files     32 (kept 4, dropped 28) links    17  0.16 MiB
    504/3562  039252_6_q34ctlp                         files     32 (kept 4, dropped 28) links    17  0.16 MiB
    505/3562  039252_6_q34tk2                          files     32 (kept 4, dropped 28) links    17  0.16 MiB
    506/3562  039252_6_q34tk3                          files     32 (kept 4, dropped 28) links    17  0.16 MiB
    507/3562  039252_7_d111vst                         files      7 (kept 3, dropped 4) links     2  0.03 MiB
    508/3562  039252_7_d113vbase                       files      7 (kept 3, dropped 4) links     2  0.03 MiB
    509/3562  039252_7_d113vnone                       files      7 (kept 3, dropped 4) links     2  0.06 MiB
    510/3562  039252_7_d119vnu                         files      8 (kept 4, dropped 4) links     3  0.03 MiB
    511/3562  039252_7_d119vr3                         files      8 (kept 4, dropped 4) links     3  0.03 MiB
    512/3562  039252_7_q29flip                         files     40 (kept 6, dropped 34) links    17  0.19 MiB
    513/3562  039252_7_q29stm                          files     40 (kept 6, dropped 34) links    17  0.19 MiB
    514/3562  039252_7_q31tot                          files     32 (kept 4, dropped 28) links    17  0.17 MiB
    515/3562  039252_7_q31tot2                         files     32 (kept 4, dropped 28) links    17  0.17 MiB
    516/3562  039252_7_q32ctlp                         files     32 (kept 4, dropped 28) links    17  0.17 MiB
    517/3562  039252_7_q32ti                           files     32 (kept 4, dropped 28) links    17  0.17 MiB
    518/3562  039252_7_q32tis                          files     32 (kept 4, dropped 28) links    17  0.17 MiB
    519/3562  039252_7_q33bctlp                        files     32 (kept 4, dropped 28) links    17  0.17 MiB
    520/3562  039252_7_q33cm                           files     32 (kept 4, dropped 28) links    17  0.17 MiB
    521/3562  039252_7_q33cs                           files     32 (kept 4, dropped 28) links    17  0.17 MiB
    522/3562  039252_7_q33ctlp                         files     32 (kept 4, dropped 28) links    17  0.17 MiB
    523/3562  039252_7_q33cu                           files     32 (kept 4, dropped 28) links    17  0.17 MiB
    524/3562  039252_7_q33tm                           files     32 (kept 4, dropped 28) links    17  0.17 MiB
    525/3562  039252_7_q33ts                           files     32 (kept 4, dropped 28) links    17  0.17 MiB
    526/3562  039252_7_q33tu                           files     32 (kept 4, dropped 28) links    17  0.17 MiB
    527/3562  039252_7_q34ck1                          files     32 (kept 4, dropped 28) links    17  0.17 MiB
    528/3562  039252_7_q34ck2                          files     32 (kept 4, dropped 28) links    17  0.17 MiB
    529/3562  039252_7_q34ck3                          files     32 (kept 4, dropped 28) links    17  0.17 MiB
    530/3562  039252_7_q34ctlp                         files     32 (kept 4, dropped 28) links    17  0.17 MiB
    531/3562  039252_7_q34tk2                          files     32 (kept 4, dropped 28) links    17  0.17 MiB
    532/3562  039252_7_q34tk3                          files     32 (kept 4, dropped 28) links    17  0.17 MiB
    533/3562  039252_8_d111vst                         files      7 (kept 3, dropped 4) links     2  0.06 MiB
    534/3562  039252_8_d113vbase                       files      7 (kept 3, dropped 4) links     2  0.06 MiB
    535/3562  039252_8_d113vnone                       files      7 (kept 3, dropped 4) links     2  0.08 MiB
    536/3562  039252_8_d119vnu                         files      8 (kept 4, dropped 4) links     3  0.09 MiB
    537/3562  039252_8_d119vr3                         files      8 (kept 4, dropped 4) links     3  0.09 MiB
    538/3562  039252_8_q29flip                         files     40 (kept 6, dropped 34) links    17  0.24 MiB
    539/3562  039252_8_q29stm                          files     40 (kept 6, dropped 34) links    17  0.24 MiB
    540/3562  039252_8_q31tot                          files     32 (kept 4, dropped 28) links    17  0.16 MiB
    541/3562  039252_8_q31tot2                         files     32 (kept 4, dropped 28) links    17  0.16 MiB
    542/3562  039252_8_q32ctlp                         files     32 (kept 4, dropped 28) links    17  0.16 MiB
    543/3562  039252_8_q32ti                           files     32 (kept 4, dropped 28) links    17  0.16 MiB
    544/3562  039252_8_q32tis                          files     32 (kept 4, dropped 28) links    17  0.16 MiB
    545/3562  039252_8_q33bctlp                        files     32 (kept 4, dropped 28) links    17  0.16 MiB
    546/3562  039252_8_q33cm                           files     32 (kept 4, dropped 28) links    17  0.16 MiB
    547/3562  039252_8_q33cs                           files     32 (kept 4, dropped 28) links    17  0.16 MiB
    548/3562  039252_8_q33ctlp                         files     32 (kept 4, dropped 28) links    17  0.16 MiB
    549/3562  039252_8_q33cu                           files     32 (kept 4, dropped 28) links    17  0.16 MiB
    550/3562  039252_8_q33tm                           files     32 (kept 4, dropped 28) links    17  0.16 MiB
    551/3562  039252_8_q33ts                           files     32 (kept 4, dropped 28) links    17  0.16 MiB
    552/3562  039252_8_q33tu                           files     32 (kept 4, dropped 28) links    17  0.16 MiB
    553/3562  039252_8_q34ck1                          files     32 (kept 4, dropped 28) links    17  0.16 MiB
    554/3562  039252_8_q34ck2                          files     32 (kept 4, dropped 28) links    17  0.16 MiB
    555/3562  039252_8_q34ck3                          files     32 (kept 4, dropped 28) links    17  0.16 MiB
    556/3562  039252_8_q34ctlp                         files     32 (kept 4, dropped 28) links    17  0.16 MiB
    557/3562  039252_8_q34tk2                          files     32 (kept 4, dropped 28) links    17  0.16 MiB
    558/3562  039252_8_q34tk3                          files     32 (kept 4, dropped 28) links    17  0.16 MiB
    559/3562  039252_9_d111vst                         files      7 (kept 3, dropped 4) links     2  0.02 MiB
    560/3562  039252_9_d113vbase                       files      7 (kept 3, dropped 4) links     2  0.02 MiB
    561/3562  039252_9_d113vnone                       files      7 (kept 3, dropped 4) links     2  0.07 MiB
    562/3562  039252_9_d119vnu                         files      8 (kept 4, dropped 4) links     3  0.07 MiB
    563/3562  039252_9_d119vr3                         files      8 (kept 4, dropped 4) links     3  0.07 MiB
    564/3562  039252_9_q29flip                         files     40 (kept 6, dropped 34) links    17  0.21 MiB
    565/3562  039252_9_q29stm                          files     40 (kept 6, dropped 34) links    17  0.21 MiB
    566/3562  039252_9_q31tot                          files     32 (kept 4, dropped 28) links    17  0.16 MiB
    567/3562  039252_9_q31tot2                         files     32 (kept 4, dropped 28) links    17  0.16 MiB
    568/3562  039252_9_q32ctlp                         files     32 (kept 4, dropped 28) links    17  0.16 MiB
    569/3562  039252_9_q32ti                           files     32 (kept 4, dropped 28) links    17  0.16 MiB
    570/3562  039252_9_q32tis                          files     32 (kept 4, dropped 28) links    17  0.16 MiB
    571/3562  039252_9_q33bctlp                        files     32 (kept 4, dropped 28) links    17  0.16 MiB
    572/3562  039252_9_q33cm                           files     32 (kept 4, dropped 28) links    17  0.16 MiB
    573/3562  039252_9_q33cs                           files     32 (kept 4, dropped 28) links    17  0.16 MiB
    574/3562  039252_9_q33ctlp                         files     32 (kept 4, dropped 28) links    17  0.16 MiB
    575/3562  039252_9_q33cu                           files     32 (kept 4, dropped 28) links    17  0.16 MiB
    576/3562  039252_9_q33tm                           files     32 (kept 4, dropped 28) links    17  0.16 MiB
    577/3562  039252_9_q33ts                           files     32 (kept 4, dropped 28) links    17  0.16 MiB
    578/3562  039252_9_q33tu                           files     32 (kept 4, dropped 28) links    17  0.16 MiB
    579/3562  039252_9_q34ck1                          files     32 (kept 4, dropped 28) links    17  0.16 MiB
    580/3562  039252_9_q34ck2                          files     32 (kept 4, dropped 28) links    17  0.16 MiB
    581/3562  039252_9_q34ck3                          files     32 (kept 4, dropped 28) links    17  0.16 MiB
    582/3562  039252_9_q34ctlp                         files     32 (kept 4, dropped 28) links    17  0.16 MiB
    583/3562  039252_9_q34tk2                          files     32 (kept 4, dropped 28) links    17  0.16 MiB
    584/3562  039252_9_q34tk3                          files     32 (kept 4, dropped 28) links    17  0.16 MiB
    585/3562  039253_0_d111vst                         files      7 (kept 3, dropped 4) links     2  0.03 MiB
    586/3562  039253_0_d113vbase                       files      7 (kept 3, dropped 4) links     2  0.03 MiB
    587/3562  039253_0_d113vnone                       files      7 (kept 3, dropped 4) links     2  0.05 MiB
    588/3562  039253_0_d119vnu                         files      8 (kept 4, dropped 4) links     3  0.03 MiB
    589/3562  039253_0_d119vr3                         files      8 (kept 4, dropped 4) links     3  0.03 MiB
    590/3562  039253_0_q29flip                         files     40 (kept 6, dropped 34) links    17  0.22 MiB
    591/3562  039253_0_q29stm                          files     40 (kept 6, dropped 34) links    17  0.22 MiB
    592/3562  039253_0_q31tot                          files     32 (kept 4, dropped 28) links    17  0.19 MiB
    593/3562  039253_0_q31tot2                         files     32 (kept 4, dropped 28) links    17  0.19 MiB
    594/3562  039253_0_q32ctlp                         files     32 (kept 4, dropped 28) links    17  0.20 MiB
    595/3562  039253_0_q32ti                           files     32 (kept 4, dropped 28) links    17  0.19 MiB
    596/3562  039253_0_q32tis                          files     32 (kept 4, dropped 28) links    17  0.19 MiB
    597/3562  039253_0_q33bctlp                        files     32 (kept 4, dropped 28) links    17  0.20 MiB
    598/3562  039253_0_q33cm                           files     32 (kept 4, dropped 28) links    17  0.19 MiB
    599/3562  039253_0_q33cs                           files     32 (kept 4, dropped 28) links    17  0.20 MiB
    600/3562  039253_0_q33ctlp                         files     32 (kept 4, dropped 28) links    17  0.20 MiB
    601/3562  039253_0_q33cu                           files     32 (kept 4, dropped 28) links    17  0.20 MiB
    602/3562  039253_0_q33tm                           files     32 (kept 4, dropped 28) links    17  0.19 MiB
    603/3562  039253_0_q33ts                           files     32 (kept 4, dropped 28) links    17  0.19 MiB
    604/3562  039253_0_q33tu                           files     32 (kept 4, dropped 28) links    17  0.19 MiB
    605/3562  039253_0_q34ck1                          files     32 (kept 4, dropped 28) links    17  0.19 MiB
    606/3562  039253_0_q34ck2                          files     32 (kept 4, dropped 28) links    17  0.20 MiB
    607/3562  039253_0_q34ck3                          files     32 (kept 4, dropped 28) links    17  0.19 MiB
    608/3562  039253_0_q34ctlp                         files     32 (kept 4, dropped 28) links    17  0.19 MiB
    609/3562  039253_0_q34tk2                          files     32 (kept 4, dropped 28) links    17  0.19 MiB
    610/3562  039253_0_q34tk3                          files     32 (kept 4, dropped 28) links    17  0.19 MiB
    611/3562  039253_10_d111vst                        files      7 (kept 3, dropped 4) links     2  0.02 MiB
    612/3562  039253_10_d113vbase                      files      7 (kept 3, dropped 4) links     2  0.02 MiB
    613/3562  039253_10_d113vnone                      files      7 (kept 3, dropped 4) links     2  0.04 MiB
    614/3562  039253_10_d119vnu                        files      8 (kept 4, dropped 4) links     3  0.02 MiB
    615/3562  039253_10_d119vr3                        files      8 (kept 4, dropped 4) links     3  0.02 MiB
    616/3562  039253_10_q29flip                        files     40 (kept 6, dropped 34) links    17  0.14 MiB
    617/3562  039253_10_q29stm                         files     40 (kept 6, dropped 34) links    17  0.14 MiB
    618/3562  039253_10_q31tot                         files     32 (kept 4, dropped 28) links    17  0.12 MiB
    619/3562  039253_10_q31tot2                        files     32 (kept 4, dropped 28) links    17  0.12 MiB
    620/3562  039253_10_q32ctlp                        files     32 (kept 4, dropped 28) links    17  0.12 MiB
    621/3562  039253_10_q32ti                          files     32 (kept 4, dropped 28) links    17  0.12 MiB
    622/3562  039253_10_q32tis                         files     32 (kept 4, dropped 28) links    17  0.12 MiB
    623/3562  039253_10_q33bctlp                       files     32 (kept 4, dropped 28) links    17  0.12 MiB
    624/3562  039253_10_q33cm                          files     32 (kept 4, dropped 28) links    17  0.12 MiB
    625/3562  039253_10_q33cs                          files     32 (kept 4, dropped 28) links    17  0.12 MiB
    626/3562  039253_10_q33ctlp                        files     32 (kept 4, dropped 28) links    17  0.12 MiB
    627/3562  039253_10_q33cu                          files     32 (kept 4, dropped 28) links    17  0.12 MiB
    628/3562  039253_10_q33tm                          files     32 (kept 4, dropped 28) links    17  0.12 MiB
    629/3562  039253_10_q33ts                          files     32 (kept 4, dropped 28) links    17  0.12 MiB
    630/3562  039253_10_q33tu                          files     32 (kept 4, dropped 28) links    17  0.12 MiB
    631/3562  039253_10_q34ck1                         files     32 (kept 4, dropped 28) links    17  0.12 MiB
    632/3562  039253_10_q34ck2                         files     32 (kept 4, dropped 28) links    17  0.12 MiB
    633/3562  039253_10_q34ck3                         files     32 (kept 4, dropped 28) links    17  0.12 MiB
    634/3562  039253_10_q34ctlp                        files     32 (kept 4, dropped 28) links    17  0.12 MiB
    635/3562  039253_10_q34tk2                         files     32 (kept 4, dropped 28) links    17  0.12 MiB
    636/3562  039253_10_q34tk3                         files     32 (kept 4, dropped 28) links    17  0.12 MiB
    637/3562  039253_11_d111vst                        files      7 (kept 3, dropped 4) links     2  0.03 MiB
    638/3562  039253_11_d113vbase                      files      7 (kept 3, dropped 4) links     2  0.03 MiB
    639/3562  039253_11_d113vnone                      files      7 (kept 3, dropped 4) links     2  0.06 MiB
    640/3562  039253_11_d119vnu                        files      8 (kept 4, dropped 4) links     3  0.03 MiB
    641/3562  039253_11_d119vr3                        files      8 (kept 4, dropped 4) links     3  0.03 MiB
    642/3562  039253_11_q29flip                        files     40 (kept 6, dropped 34) links    17  0.23 MiB
    643/3562  039253_11_q29stm                         files     40 (kept 6, dropped 34) links    17  0.23 MiB
    644/3562  039253_11_q31tot                         files     32 (kept 4, dropped 28) links    17  0.20 MiB
    645/3562  039253_11_q31tot2                        files     32 (kept 4, dropped 28) links    17  0.19 MiB
    646/3562  039253_11_q32ctlp                        files     32 (kept 4, dropped 28) links    17  0.20 MiB
    647/3562  039253_11_q32ti                          files     32 (kept 4, dropped 28) links    17  0.19 MiB
    648/3562  039253_11_q32tis                         files     32 (kept 4, dropped 28) links    17  0.20 MiB
    649/3562  039253_11_q33bctlp                       files     32 (kept 4, dropped 28) links    17  0.20 MiB
    650/3562  039253_11_q33cm                          files     32 (kept 4, dropped 28) links    17  0.19 MiB
    651/3562  039253_11_q33cs                          files     32 (kept 4, dropped 28) links    17  0.20 MiB
    652/3562  039253_11_q33ctlp                        files     32 (kept 4, dropped 28) links    17  0.20 MiB
    653/3562  039253_11_q33cu                          files     32 (kept 4, dropped 28) links    17  0.20 MiB
    654/3562  039253_11_q33tm                          files     32 (kept 4, dropped 28) links    17  0.19 MiB
    655/3562  039253_11_q33ts                          files     32 (kept 4, dropped 28) links    17  0.19 MiB
    656/3562  039253_11_q33tu                          files     32 (kept 4, dropped 28) links    17  0.19 MiB
    657/3562  039253_11_q34ck1                         files     32 (kept 4, dropped 28) links    17  0.20 MiB
    658/3562  039253_11_q34ck2                         files     32 (kept 4, dropped 28) links    17  0.20 MiB
    659/3562  039253_11_q34ck3                         files     32 (kept 4, dropped 28) links    17  0.20 MiB
    660/3562  039253_11_q34ctlp                        files     32 (kept 4, dropped 28) links    17  0.20 MiB
    661/3562  039253_11_q34tk2                         files     32 (kept 4, dropped 28) links    17  0.19 MiB
    662/3562  039253_11_q34tk3                         files     32 (kept 4, dropped 28) links    17  0.19 MiB
    663/3562  039253_12_d111vst                        files      7 (kept 3, dropped 4) links     2  0.02 MiB
    664/3562  039253_12_d113vbase                      files      7 (kept 3, dropped 4) links     2  0.02 MiB
    665/3562  039253_12_d113vnone                      files      7 (kept 3, dropped 4) links     2  0.05 MiB
    666/3562  039253_12_d119vnu                        files      8 (kept 4, dropped 4) links     3  0.03 MiB
    667/3562  039253_12_d119vr3                        files      8 (kept 4, dropped 4) links     3  0.03 MiB
    668/3562  039253_12_q29flip                        files     40 (kept 6, dropped 34) links    17  0.21 MiB
    669/3562  039253_12_q29stm                         files     40 (kept 6, dropped 34) links    17  0.21 MiB
    670/3562  039253_12_q31tot                         files     32 (kept 4, dropped 28) links    17  0.18 MiB
    671/3562  039253_12_q31tot2                        files     32 (kept 4, dropped 28) links    17  0.18 MiB
    672/3562  039253_12_q32ctlp                        files     32 (kept 4, dropped 28) links    17  0.18 MiB
    673/3562  039253_12_q32ti                          files     32 (kept 4, dropped 28) links    17  0.18 MiB
    674/3562  039253_12_q32tis                         files     32 (kept 4, dropped 28) links    17  0.18 MiB
    675/3562  039253_12_q33bctlp                       files     32 (kept 4, dropped 28) links    17  0.18 MiB
    676/3562  039253_12_q33cm                          files     32 (kept 4, dropped 28) links    17  0.18 MiB
    677/3562  039253_12_q33cs                          files     32 (kept 4, dropped 28) links    17  0.18 MiB
    678/3562  039253_12_q33ctlp                        files     32 (kept 4, dropped 28) links    17  0.18 MiB
    679/3562  039253_12_q33cu                          files     32 (kept 4, dropped 28) links    17  0.18 MiB
    680/3562  039253_12_q33tm                          files     32 (kept 4, dropped 28) links    17  0.18 MiB
    681/3562  039253_12_q33ts                          files     32 (kept 4, dropped 28) links    17  0.18 MiB
    682/3562  039253_12_q33tu                          files     32 (kept 4, dropped 28) links    17  0.18 MiB
    683/3562  039253_12_q34ck1                         files     32 (kept 4, dropped 28) links    17  0.18 MiB
    684/3562  039253_12_q34ck2                         files     32 (kept 4, dropped 28) links    17  0.18 MiB
    685/3562  039253_12_q34ck3                         files     32 (kept 4, dropped 28) links    17  0.18 MiB
    686/3562  039253_12_q34ctlp                        files     32 (kept 4, dropped 28) links    17  0.18 MiB
    687/3562  039253_12_q34tk2                         files     32 (kept 4, dropped 28) links    17  0.18 MiB
    688/3562  039253_12_q34tk3                         files     32 (kept 4, dropped 28) links    17  0.18 MiB
    689/3562  039253_13_d111vst                        files      7 (kept 3, dropped 4) links     2  0.07 MiB
    690/3562  039253_13_d113vbase                      files      7 (kept 3, dropped 4) links     2  0.06 MiB
    691/3562  039253_13_d113vnone                      files      7 (kept 3, dropped 4) links     2  0.08 MiB
    692/3562  039253_13_d119vnu                        files      8 (kept 4, dropped 4) links     3  0.07 MiB
    693/3562  039253_13_d119vr3                        files      8 (kept 4, dropped 4) links     3  0.07 MiB
    694/3562  039253_13_q29flip                        files     40 (kept 6, dropped 34) links    17  0.23 MiB
    695/3562  039253_13_q29stm                         files     40 (kept 6, dropped 34) links    17  0.23 MiB
    696/3562  039253_13_q31tot                         files     32 (kept 4, dropped 28) links    17  0.17 MiB
    697/3562  039253_13_q31tot2                        files     32 (kept 4, dropped 28) links    17  0.17 MiB
    698/3562  039253_13_q32ctlp                        files     32 (kept 4, dropped 28) links    17  0.17 MiB
    699/3562  039253_13_q32ti                          files     32 (kept 4, dropped 28) links    17  0.17 MiB
    700/3562  039253_13_q32tis                         files     32 (kept 4, dropped 28) links    17  0.17 MiB
    701/3562  039253_13_q33bctlp                       files     32 (kept 4, dropped 28) links    17  0.17 MiB
    702/3562  039253_13_q33cm                          files     32 (kept 4, dropped 28) links    17  0.17 MiB
    703/3562  039253_13_q33cs                          files     32 (kept 4, dropped 28) links    17  0.17 MiB
    704/3562  039253_13_q33ctlp                        files     32 (kept 4, dropped 28) links    17  0.17 MiB
    705/3562  039253_13_q33cu                          files     32 (kept 4, dropped 28) links    17  0.17 MiB
    706/3562  039253_13_q33tm                          files     32 (kept 4, dropped 28) links    17  0.16 MiB
    707/3562  039253_13_q33ts                          files     32 (kept 4, dropped 28) links    17  0.17 MiB
    708/3562  039253_13_q33tu                          files     32 (kept 4, dropped 28) links    17  0.17 MiB
    709/3562  039253_13_q34ck1                         files     32 (kept 4, dropped 28) links    17  0.17 MiB
    710/3562  039253_13_q34ck2                         files     32 (kept 4, dropped 28) links    17  0.17 MiB
    711/3562  039253_13_q34ck3                         files     32 (kept 4, dropped 28) links    17  0.17 MiB
    712/3562  039253_13_q34ctlp                        files     32 (kept 4, dropped 28) links    17  0.17 MiB
    713/3562  039253_13_q34tk2                         files     32 (kept 4, dropped 28) links    17  0.16 MiB
    714/3562  039253_13_q34tk3                         files     32 (kept 4, dropped 28) links    17  0.16 MiB
    715/3562  039253_14_d111vst                        files      7 (kept 3, dropped 4) links     2  0.13 MiB
    716/3562  039253_14_d113vbase                      files      7 (kept 3, dropped 4) links     2  0.12 MiB
    717/3562  039253_14_d113vnone                      files      7 (kept 3, dropped 4) links     2  0.17 MiB
    718/3562  039253_14_d119vnu                        files      8 (kept 4, dropped 4) links     3  0.14 MiB
    719/3562  039253_14_d119vr3                        files      8 (kept 4, dropped 4) links     3  0.14 MiB
    720/3562  039253_14_q29flip                        files     40 (kept 6, dropped 34) links    17  0.33 MiB
    721/3562  039253_14_q29stm                         files     40 (kept 6, dropped 34) links    17  0.33 MiB
    722/3562  039253_14_q31tot                         files     32 (kept 4, dropped 28) links    17  0.22 MiB
    723/3562  039253_14_q31tot2                        files     32 (kept 4, dropped 28) links    17  0.22 MiB
    724/3562  039253_14_q32ctlp                        files     32 (kept 4, dropped 28) links    17  0.22 MiB
    725/3562  039253_14_q32ti                          files     32 (kept 4, dropped 28) links    17  0.22 MiB
    726/3562  039253_14_q32tis                         files     32 (kept 4, dropped 28) links    17  0.22 MiB
    727/3562  039253_14_q33bctlp                       files     32 (kept 4, dropped 28) links    17  0.22 MiB
    728/3562  039253_14_q33cm                          files     32 (kept 4, dropped 28) links    17  0.22 MiB
    729/3562  039253_14_q33cs                          files     32 (kept 4, dropped 28) links    17  0.22 MiB
    730/3562  039253_14_q33ctlp                        files     32 (kept 4, dropped 28) links    17  0.22 MiB
    731/3562  039253_14_q33cu                          files     32 (kept 4, dropped 28) links    17  0.22 MiB
    732/3562  039253_14_q33tm                          files     32 (kept 4, dropped 28) links    17  0.22 MiB
    733/3562  039253_14_q33ts                          files     32 (kept 4, dropped 28) links    17  0.22 MiB
    734/3562  039253_14_q33tu                          files     32 (kept 4, dropped 28) links    17  0.22 MiB
    735/3562  039253_14_q34ck1                         files     32 (kept 4, dropped 28) links    17  0.22 MiB
    736/3562  039253_14_q34ck2                         files     32 (kept 4, dropped 28) links    17  0.22 MiB
    737/3562  039253_14_q34ck3                         files     32 (kept 4, dropped 28) links    17  0.22 MiB
    738/3562  039253_14_q34ctlp                        files     32 (kept 4, dropped 28) links    17  0.22 MiB
    739/3562  039253_14_q34tk2                         files     32 (kept 4, dropped 28) links    17  0.22 MiB
    740/3562  039253_14_q34tk3                         files     32 (kept 4, dropped 28) links    17  0.22 MiB
    741/3562  039253_15_d111vst                        files      7 (kept 3, dropped 4) links     2  0.02 MiB
    742/3562  039253_15_d113vbase                      files      7 (kept 3, dropped 4) links     2  0.02 MiB
    743/3562  039253_15_d113vnone                      files      7 (kept 3, dropped 4) links     2  0.05 MiB
    744/3562  039253_15_d119vnu                        files      8 (kept 4, dropped 4) links     3  0.03 MiB
    745/3562  039253_15_d119vr3                        files      8 (kept 4, dropped 4) links     3  0.03 MiB
    746/3562  039253_15_q29flip                        files     40 (kept 6, dropped 34) links    17  0.21 MiB
    747/3562  039253_15_q29stm                         files     40 (kept 6, dropped 34) links    17  0.21 MiB
    748/3562  039253_15_q31tot                         files     32 (kept 4, dropped 28) links    17  0.18 MiB
    749/3562  039253_15_q31tot2                        files     32 (kept 4, dropped 28) links    17  0.18 MiB
    750/3562  039253_15_q32ctlp                        files     32 (kept 4, dropped 28) links    17  0.18 MiB
    751/3562  039253_15_q32ti                          files     32 (kept 4, dropped 28) links    17  0.18 MiB
    752/3562  039253_15_q32tis                         files     32 (kept 4, dropped 28) links    17  0.18 MiB
    753/3562  039253_15_q33bctlp                       files     32 (kept 4, dropped 28) links    17  0.18 MiB
    754/3562  039253_15_q33cm                          files     32 (kept 4, dropped 28) links    17  0.18 MiB
    755/3562  039253_15_q33cs                          files     32 (kept 4, dropped 28) links    17  0.18 MiB
    756/3562  039253_15_q33ctlp                        files     32 (kept 4, dropped 28) links    17  0.18 MiB
    757/3562  039253_15_q33cu                          files     32 (kept 4, dropped 28) links    17  0.18 MiB
    758/3562  039253_15_q33tm                          files     32 (kept 4, dropped 28) links    17  0.18 MiB
    759/3562  039253_15_q33ts                          files     32 (kept 4, dropped 28) links    17  0.18 MiB
    760/3562  039253_15_q33tu                          files     32 (kept 4, dropped 28) links    17  0.18 MiB
    761/3562  039253_15_q34ck1                         files     32 (kept 4, dropped 28) links    17  0.18 MiB
    762/3562  039253_15_q34ck2                         files     32 (kept 4, dropped 28) links    17  0.18 MiB
    763/3562  039253_15_q34ck3                         files     32 (kept 4, dropped 28) links    17  0.18 MiB
    764/3562  039253_15_q34ctlp                        files     32 (kept 4, dropped 28) links    17  0.18 MiB
    765/3562  039253_15_q34tk2                         files     32 (kept 4, dropped 28) links    17  0.18 MiB
    766/3562  039253_15_q34tk3                         files     32 (kept 4, dropped 28) links    17  0.18 MiB
    767/3562  039253_15_q35cfg                         files      2 (kept 1, dropped 1) links    17  0.01 MiB
    768/3562  039253_16_d111vst                        files      7 (kept 3, dropped 4) links     2  0.03 MiB
    769/3562  039253_16_d113vbase                      files      7 (kept 3, dropped 4) links     2  0.02 MiB
    770/3562  039253_16_d113vnone                      files      7 (kept 3, dropped 4) links     2  0.03 MiB
    771/3562  039253_16_d119vnu                        files      8 (kept 4, dropped 4) links     3  0.03 MiB
    772/3562  039253_16_d119vr3                        files      8 (kept 4, dropped 4) links     3  0.03 MiB
    773/3562  039253_16_q29flip                        files     40 (kept 6, dropped 34) links    17  0.17 MiB
    774/3562  039253_16_q29stm                         files     40 (kept 6, dropped 34) links    17  0.17 MiB
    775/3562  039253_16_q31tot                         files     32 (kept 4, dropped 28) links    17  0.15 MiB
    776/3562  039253_16_q31tot2                        files     32 (kept 4, dropped 28) links    17  0.15 MiB
    777/3562  039253_16_q32ctlp                        files     32 (kept 4, dropped 28) links    17  0.15 MiB
    778/3562  039253_16_q32ti                          files     32 (kept 4, dropped 28) links    17  0.15 MiB
    779/3562  039253_16_q32tis                         files     32 (kept 4, dropped 28) links    17  0.15 MiB
    780/3562  039253_16_q33bctlp                       files     32 (kept 4, dropped 28) links    17  0.15 MiB
    781/3562  039253_16_q33cm                          files     32 (kept 4, dropped 28) links    17  0.15 MiB
    782/3562  039253_16_q33cs                          files     32 (kept 4, dropped 28) links    17  0.15 MiB
    783/3562  039253_16_q33ctlp                        files     32 (kept 4, dropped 28) links    17  0.15 MiB
    784/3562  039253_16_q33cu                          files     32 (kept 4, dropped 28) links    17  0.15 MiB
    785/3562  039253_16_q33tm                          files     32 (kept 4, dropped 28) links    17  0.15 MiB
    786/3562  039253_16_q33ts                          files     32 (kept 4, dropped 28) links    17  0.15 MiB
    787/3562  039253_16_q33tu                          files     32 (kept 4, dropped 28) links    17  0.15 MiB
    788/3562  039253_16_q34ck1                         files     32 (kept 4, dropped 28) links    17  0.15 MiB
    789/3562  039253_16_q34ck2                         files     32 (kept 4, dropped 28) links    17  0.15 MiB
    790/3562  039253_16_q34ck3                         files     32 (kept 4, dropped 28) links    17  0.15 MiB
    791/3562  039253_16_q34ctlp                        files     32 (kept 4, dropped 28) links    17  0.15 MiB
    792/3562  039253_16_q34tk2                         files     32 (kept 4, dropped 28) links    17  0.15 MiB
    793/3562  039253_16_q34tk3                         files     32 (kept 4, dropped 28) links    17  0.15 MiB
    794/3562  039253_17_d111vst                        files      7 (kept 3, dropped 4) links     2  0.05 MiB
    795/3562  039253_17_d113vbase                      files      7 (kept 3, dropped 4) links     2  0.05 MiB
    796/3562  039253_17_d113vnone                      files      7 (kept 3, dropped 4) links     2  0.08 MiB
    797/3562  039253_17_d119vnu                        files      8 (kept 4, dropped 4) links     3  0.06 MiB
    798/3562  039253_17_d119vr3                        files      8 (kept 4, dropped 4) links     3  0.06 MiB
    799/3562  039253_17_q29flip                        files     40 (kept 6, dropped 34) links    17  0.25 MiB
    800/3562  039253_17_q29stm                         files     40 (kept 6, dropped 34) links    17  0.25 MiB
    801/3562  039253_17_q31tot                         files     32 (kept 4, dropped 28) links    17  0.19 MiB
    802/3562  039253_17_q31tot2                        files     32 (kept 4, dropped 28) links    17  0.19 MiB
    803/3562  039253_17_q32ctlp                        files     32 (kept 4, dropped 28) links    17  0.19 MiB
    804/3562  039253_17_q32ti                          files     32 (kept 4, dropped 28) links    17  0.19 MiB
    805/3562  039253_17_q32tis                         files     32 (kept 4, dropped 28) links    17  0.19 MiB
    806/3562  039253_17_q33bctlp                       files     32 (kept 4, dropped 28) links    17  0.19 MiB
    807/3562  039253_17_q33cm                          files     32 (kept 4, dropped 28) links    17  0.19 MiB
    808/3562  039253_17_q33cs                          files     32 (kept 4, dropped 28) links    17  0.19 MiB
    809/3562  039253_17_q33ctlp                        files     32 (kept 4, dropped 28) links    17  0.19 MiB
    810/3562  039253_17_q33cu                          files     32 (kept 4, dropped 28) links    17  0.19 MiB
    811/3562  039253_17_q33tm                          files     32 (kept 4, dropped 28) links    17  0.19 MiB
    812/3562  039253_17_q33ts                          files     32 (kept 4, dropped 28) links    17  0.19 MiB
    813/3562  039253_17_q33tu                          files     32 (kept 4, dropped 28) links    17  0.19 MiB
    814/3562  039253_17_q34ck1                         files     32 (kept 4, dropped 28) links    17  0.19 MiB
    815/3562  039253_17_q34ck2                         files     32 (kept 4, dropped 28) links    17  0.19 MiB
    816/3562  039253_17_q34ck3                         files     32 (kept 4, dropped 28) links    17  0.19 MiB
    817/3562  039253_17_q34ctlp                        files     32 (kept 4, dropped 28) links    17  0.19 MiB
    818/3562  039253_17_q34tk2                         files     32 (kept 4, dropped 28) links    17  0.19 MiB
    819/3562  039253_17_q34tk3                         files     32 (kept 4, dropped 28) links    17  0.19 MiB
    820/3562  039253_1_d111vst                         files      7 (kept 3, dropped 4) links     2  0.03 MiB
    821/3562  039253_1_d113vbase                       files      7 (kept 3, dropped 4) links     2  0.03 MiB
    822/3562  039253_1_d113vnone                       files      7 (kept 3, dropped 4) links     2  0.06 MiB
    823/3562  039253_1_d119vnu                         files      8 (kept 4, dropped 4) links     3  0.03 MiB
    824/3562  039253_1_d119vr3                         files      8 (kept 4, dropped 4) links     3  0.03 MiB
    825/3562  039253_1_q29flip                         files     40 (kept 6, dropped 34) links    17  0.22 MiB
    826/3562  039253_1_q29stm                          files     40 (kept 6, dropped 34) links    17  0.22 MiB
    827/3562  039253_1_q31tot                          files     32 (kept 4, dropped 28) links    17  0.19 MiB
    828/3562  039253_1_q31tot2                         files     32 (kept 4, dropped 28) links    17  0.19 MiB
    829/3562  039253_1_q32ctlp                         files     32 (kept 4, dropped 28) links    17  0.19 MiB
    830/3562  039253_1_q32ti                           files     32 (kept 4, dropped 28) links    17  0.19 MiB
    831/3562  039253_1_q32tis                          files     32 (kept 4, dropped 28) links    17  0.19 MiB
    832/3562  039253_1_q33bctlp                        files     32 (kept 4, dropped 28) links    17  0.19 MiB
    833/3562  039253_1_q33cm                           files     32 (kept 4, dropped 28) links    17  0.19 MiB
    834/3562  039253_1_q33cs                           files     32 (kept 4, dropped 28) links    17  0.19 MiB
    835/3562  039253_1_q33ctlp                         files     32 (kept 4, dropped 28) links    17  0.19 MiB
    836/3562  039253_1_q33cu                           files     32 (kept 4, dropped 28) links    17  0.19 MiB
    837/3562  039253_1_q33tm                           files     32 (kept 4, dropped 28) links    17  0.19 MiB
    838/3562  039253_1_q33ts                           files     32 (kept 4, dropped 28) links    17  0.19 MiB
    839/3562  039253_1_q33tu                           files     32 (kept 4, dropped 28) links    17  0.19 MiB
    840/3562  039253_1_q34ck1                          files     32 (kept 4, dropped 28) links    17  0.19 MiB
    841/3562  039253_1_q34ck2                          files     32 (kept 4, dropped 28) links    17  0.19 MiB
    842/3562  039253_1_q34ck3                          files     32 (kept 4, dropped 28) links    17  0.19 MiB
    843/3562  039253_1_q34ctlp                         files     32 (kept 4, dropped 28) links    17  0.19 MiB
    844/3562  039253_1_q34tk2                          files     32 (kept 4, dropped 28) links    17  0.19 MiB
    845/3562  039253_1_q34tk3                          files     32 (kept 4, dropped 28) links    17  0.19 MiB
    846/3562  039253_2_d111vst                         files      7 (kept 3, dropped 4) links     2  0.30 MiB
    847/3562  039253_2_d113vbase                       files      7 (kept 3, dropped 4) links     2  0.29 MiB
    848/3562  039253_2_d113vnone                       files      7 (kept 3, dropped 4) links     2  0.29 MiB
    849/3562  039253_2_d119vnu                         files      8 (kept 4, dropped 4) links     3  0.32 MiB
    850/3562  039253_2_d119vr3                         files      8 (kept 4, dropped 4) links     3  0.32 MiB
    851/3562  039253_2_q29flip                         files     40 (kept 6, dropped 34) links    17  0.71 MiB
    852/3562  039253_2_q29stm                          files     40 (kept 6, dropped 34) links    17  0.71 MiB
    853/3562  039253_2_q31tot                          files     32 (kept 4, dropped 28) links    17  0.18 MiB
    854/3562  039253_2_q31tot2                         files     32 (kept 4, dropped 28) links    17  0.18 MiB
    855/3562  039253_2_q32ctlp                         files     32 (kept 4, dropped 28) links    17  0.18 MiB
    856/3562  039253_2_q32ti                           files     32 (kept 4, dropped 28) links    17  0.18 MiB
    857/3562  039253_2_q32tis                          files     32 (kept 4, dropped 28) links    17  0.18 MiB
    858/3562  039253_2_q33bctlp                        files     32 (kept 4, dropped 28) links    17  0.18 MiB
    859/3562  039253_2_q33cm                           files     32 (kept 4, dropped 28) links    17  0.18 MiB
    860/3562  039253_2_q33cs                           files     32 (kept 4, dropped 28) links    17  0.18 MiB
    861/3562  039253_2_q33ctlp                         files     32 (kept 4, dropped 28) links    17  0.18 MiB
    862/3562  039253_2_q33cu                           files     32 (kept 4, dropped 28) links    17  0.18 MiB
    863/3562  039253_2_q33tm                           files     32 (kept 4, dropped 28) links    17  0.18 MiB
    864/3562  039253_2_q33ts                           files     32 (kept 4, dropped 28) links    17  0.18 MiB
    865/3562  039253_2_q33tu                           files     32 (kept 4, dropped 28) links    17  0.18 MiB
    866/3562  039253_2_q34ck1                          files     32 (kept 4, dropped 28) links    17  0.17 MiB
    867/3562  039253_2_q34ck2                          files     32 (kept 4, dropped 28) links    17  0.18 MiB
    868/3562  039253_2_q34ck3                          files     32 (kept 4, dropped 28) links    17  0.18 MiB
    869/3562  039253_2_q34ctlp                         files     32 (kept 4, dropped 28) links    17  0.17 MiB
    870/3562  039253_2_q34tk2                          files     32 (kept 4, dropped 28) links    17  0.18 MiB
    871/3562  039253_2_q34tk3                          files     32 (kept 4, dropped 28) links    17  0.18 MiB
    872/3562  039253_3_d111vst                         files      7 (kept 3, dropped 4) links     2  0.02 MiB
    873/3562  039253_3_d113vbase                       files      7 (kept 3, dropped 4) links     2  0.02 MiB
    874/3562  039253_3_d113vnone                       files      7 (kept 3, dropped 4) links     2  0.03 MiB
    875/3562  039253_3_d119vnu                         files      8 (kept 4, dropped 4) links     3  0.02 MiB
    876/3562  039253_3_d119vr3                         files      8 (kept 4, dropped 4) links     3  0.02 MiB
    877/3562  039253_3_q29flip                         files     40 (kept 6, dropped 34) links    17  0.14 MiB
    878/3562  039253_3_q29stm                          files     40 (kept 6, dropped 34) links    17  0.14 MiB
    879/3562  039253_3_q31tot                          files     32 (kept 4, dropped 28) links    17  0.12 MiB
    880/3562  039253_3_q31tot2                         files     32 (kept 4, dropped 28) links    17  0.12 MiB
    881/3562  039253_3_q32ctlp                         files     32 (kept 4, dropped 28) links    17  0.12 MiB
    882/3562  039253_3_q32ti                           files     32 (kept 4, dropped 28) links    17  0.12 MiB
    883/3562  039253_3_q32tis                          files     32 (kept 4, dropped 28) links    17  0.12 MiB
    884/3562  039253_3_q33bctlp                        files     32 (kept 4, dropped 28) links    17  0.12 MiB
    885/3562  039253_3_q33cm                           files     32 (kept 4, dropped 28) links    17  0.12 MiB
    886/3562  039253_3_q33cs                           files     32 (kept 4, dropped 28) links    17  0.12 MiB
    887/3562  039253_3_q33ctlp                         files     32 (kept 4, dropped 28) links    17  0.12 MiB
    888/3562  039253_3_q33cu                           files     32 (kept 4, dropped 28) links    17  0.12 MiB
    889/3562  039253_3_q33tm                           files     32 (kept 4, dropped 28) links    17  0.12 MiB
    890/3562  039253_3_q33ts                           files     32 (kept 4, dropped 28) links    17  0.12 MiB
    891/3562  039253_3_q33tu                           files     32 (kept 4, dropped 28) links    17  0.12 MiB
    892/3562  039253_3_q34ck1                          files     32 (kept 4, dropped 28) links    17  0.12 MiB
    893/3562  039253_3_q34ck2                          files     32 (kept 4, dropped 28) links    17  0.12 MiB
    894/3562  039253_3_q34ck3                          files     32 (kept 4, dropped 28) links    17  0.12 MiB
    895/3562  039253_3_q34ctlp                         files     32 (kept 4, dropped 28) links    17  0.12 MiB
    896/3562  039253_3_q34tk2                          files     32 (kept 4, dropped 28) links    17  0.12 MiB
    897/3562  039253_3_q34tk3                          files     32 (kept 4, dropped 28) links    17  0.12 MiB
    898/3562  039253_4_d111vst                         files      7 (kept 3, dropped 4) links     2  0.05 MiB
    899/3562  039253_4_d113vbase                       files      7 (kept 3, dropped 4) links     2  0.05 MiB
    900/3562  039253_4_d113vnone                       files      7 (kept 3, dropped 4) links     2  0.05 MiB
    901/3562  039253_4_d119vnu                         files      8 (kept 4, dropped 4) links     3  0.05 MiB
    902/3562  039253_4_d119vr3                         files      8 (kept 4, dropped 4) links     3  0.05 MiB
    903/3562  039253_4_q29flip                         files     40 (kept 6, dropped 34) links    17  0.20 MiB
    904/3562  039253_4_q29stm                          files     40 (kept 6, dropped 34) links    17  0.20 MiB
    905/3562  039253_4_q31tot                          files     32 (kept 4, dropped 28) links    17  0.18 MiB
    906/3562  039253_4_q31tot2                         files     32 (kept 4, dropped 28) links    17  0.18 MiB
    907/3562  039253_4_q32ctlp                         files     32 (kept 4, dropped 28) links    17  0.18 MiB
    908/3562  039253_4_q32ti                           files     32 (kept 4, dropped 28) links    17  0.18 MiB
    909/3562  039253_4_q32tis                          files     32 (kept 4, dropped 28) links    17  0.18 MiB
    910/3562  039253_4_q33bctlp                        files     32 (kept 4, dropped 28) links    17  0.18 MiB
    911/3562  039253_4_q33cm                           files     32 (kept 4, dropped 28) links    17  0.18 MiB
    912/3562  039253_4_q33cs                           files     32 (kept 4, dropped 28) links    17  0.18 MiB
    913/3562  039253_4_q33ctlp                         files     32 (kept 4, dropped 28) links    17  0.18 MiB
    914/3562  039253_4_q33cu                           files     32 (kept 4, dropped 28) links    17  0.18 MiB
    915/3562  039253_4_q33tm                           files     32 (kept 4, dropped 28) links    17  0.18 MiB
    916/3562  039253_4_q33ts                           files     32 (kept 4, dropped 28) links    17  0.18 MiB
    917/3562  039253_4_q33tu                           files     32 (kept 4, dropped 28) links    17  0.18 MiB
    918/3562  039253_4_q34ck1                          files     32 (kept 4, dropped 28) links    17  0.18 MiB
    919/3562  039253_4_q34ck2                          files     32 (kept 4, dropped 28) links    17  0.18 MiB
    920/3562  039253_4_q34ck3                          files     32 (kept 4, dropped 28) links    17  0.18 MiB
    921/3562  039253_4_q34ctlp                         files     32 (kept 4, dropped 28) links    17  0.18 MiB
    922/3562  039253_4_q34tk2                          files     32 (kept 4, dropped 28) links    17  0.18 MiB
    923/3562  039253_4_q34tk3                          files     32 (kept 4, dropped 28) links    17  0.18 MiB
    924/3562  039253_5_d111vst                         files      7 (kept 3, dropped 4) links     2  0.05 MiB
    925/3562  039253_5_d113vbase                       files      7 (kept 3, dropped 4) links     2  0.05 MiB
    926/3562  039253_5_d113vnone                       files      7 (kept 3, dropped 4) links     2  0.05 MiB
    927/3562  039253_5_d119vnu                         files      8 (kept 4, dropped 4) links     3  0.05 MiB
    928/3562  039253_5_d119vr3                         files      8 (kept 4, dropped 4) links     3  0.05 MiB
    929/3562  039253_5_q29flip                         files     40 (kept 6, dropped 34) links    17  0.22 MiB
    930/3562  039253_5_q29stm                          files     40 (kept 6, dropped 34) links    17  0.22 MiB
    931/3562  039253_5_q31tot                          files     32 (kept 4, dropped 28) links    17  0.18 MiB
    932/3562  039253_5_q31tot2                         files     32 (kept 4, dropped 28) links    17  0.18 MiB
    933/3562  039253_5_q32ctlp                         files     32 (kept 4, dropped 28) links    17  0.18 MiB
    934/3562  039253_5_q32ti                           files     32 (kept 4, dropped 28) links    17  0.18 MiB
    935/3562  039253_5_q32tis                          files     32 (kept 4, dropped 28) links    17  0.18 MiB
    936/3562  039253_5_q33bctlp                        files     32 (kept 4, dropped 28) links    17  0.18 MiB
    937/3562  039253_5_q33cm                           files     32 (kept 4, dropped 28) links    17  0.18 MiB
    938/3562  039253_5_q33cs                           files     32 (kept 4, dropped 28) links    17  0.18 MiB
    939/3562  039253_5_q33ctlp                         files     32 (kept 4, dropped 28) links    17  0.18 MiB
    940/3562  039253_5_q33cu                           files     32 (kept 4, dropped 28) links    17  0.18 MiB
    941/3562  039253_5_q33tm                           files     32 (kept 4, dropped 28) links    17  0.18 MiB
    942/3562  039253_5_q33ts                           files     32 (kept 4, dropped 28) links    17  0.18 MiB
    943/3562  039253_5_q33tu                           files     32 (kept 4, dropped 28) links    17  0.18 MiB
    944/3562  039253_5_q34ck1                          files     32 (kept 4, dropped 28) links    17  0.18 MiB
    945/3562  039253_5_q34ck2                          files     32 (kept 4, dropped 28) links    17  0.18 MiB
    946/3562  039253_5_q34ck3                          files     32 (kept 4, dropped 28) links    17  0.19 MiB
    947/3562  039253_5_q34ctlp                         files     32 (kept 4, dropped 28) links    17  0.18 MiB
    948/3562  039253_5_q34tk2                          files     32 (kept 4, dropped 28) links    17  0.18 MiB
    949/3562  039253_5_q34tk3                          files     32 (kept 4, dropped 28) links    17  0.18 MiB
    950/3562  039253_6_d111vst                         files      7 (kept 3, dropped 4) links     2  0.04 MiB
    951/3562  039253_6_d113vbase                       files      7 (kept 3, dropped 4) links     2  0.04 MiB
    952/3562  039253_6_d113vnone                       files      7 (kept 3, dropped 4) links     2  0.07 MiB
    953/3562  039253_6_d119vnu                         files      8 (kept 4, dropped 4) links     3  0.05 MiB
    954/3562  039253_6_d119vr3                         files      8 (kept 4, dropped 4) links     3  0.05 MiB
    955/3562  039253_6_q29flip                         files     40 (kept 6, dropped 34) links    17  0.26 MiB
    956/3562  039253_6_q29stm                          files     40 (kept 6, dropped 34) links    17  0.26 MiB
    957/3562  039253_6_q31tot                          files     32 (kept 4, dropped 28) links    17  0.18 MiB
    958/3562  039253_6_q31tot2                         files     32 (kept 4, dropped 28) links    17  0.18 MiB
    959/3562  039253_6_q32ctlp                         files     32 (kept 4, dropped 28) links    17  0.18 MiB
    960/3562  039253_6_q32ti                           files     32 (kept 4, dropped 28) links    17  0.18 MiB
    961/3562  039253_6_q32tis                          files     32 (kept 4, dropped 28) links    17  0.18 MiB
    962/3562  039253_6_q33bctlp                        files     32 (kept 4, dropped 28) links    17  0.18 MiB
    963/3562  039253_6_q33cm                           files     32 (kept 4, dropped 28) links    17  0.18 MiB
    964/3562  039253_6_q33cs                           files     32 (kept 4, dropped 28) links    17  0.18 MiB
    965/3562  039253_6_q33ctlp                         files     32 (kept 4, dropped 28) links    17  0.18 MiB
    966/3562  039253_6_q33cu                           files     32 (kept 4, dropped 28) links    17  0.18 MiB
    967/3562  039253_6_q33tm                           files     32 (kept 4, dropped 28) links    17  0.18 MiB
    968/3562  039253_6_q33ts                           files     32 (kept 4, dropped 28) links    17  0.18 MiB
    969/3562  039253_6_q33tu                           files     32 (kept 4, dropped 28) links    17  0.18 MiB
    970/3562  039253_6_q34ck1                          files     32 (kept 4, dropped 28) links    17  0.18 MiB
    971/3562  039253_6_q34ck2                          files     32 (kept 4, dropped 28) links    17  0.18 MiB
    972/3562  039253_6_q34ck3                          files     32 (kept 4, dropped 28) links    17  0.18 MiB
    973/3562  039253_6_q34ctlp                         files     32 (kept 4, dropped 28) links    17  0.18 MiB
    974/3562  039253_6_q34tk2                          files     32 (kept 4, dropped 28) links    17  0.18 MiB
    975/3562  039253_6_q34tk3                          files     32 (kept 4, dropped 28) links    17  0.18 MiB
    976/3562  039253_7_d111vst                         files      7 (kept 3, dropped 4) links     2  0.02 MiB
    977/3562  039253_7_d113vbase                       files      7 (kept 3, dropped 4) links     2  0.02 MiB
    978/3562  039253_7_d113vnone                       files      7 (kept 3, dropped 4) links     2  0.04 MiB
    979/3562  039253_7_d119vnu                         files      8 (kept 4, dropped 4) links     3  0.02 MiB
    980/3562  039253_7_d119vr3                         files      8 (kept 4, dropped 4) links     3  0.02 MiB
    981/3562  039253_7_q29flip                         files     40 (kept 6, dropped 34) links    17  0.17 MiB
    982/3562  039253_7_q29stm                          files     40 (kept 6, dropped 34) links    17  0.17 MiB
    983/3562  039253_7_q31tot                          files     32 (kept 4, dropped 28) links    17  0.14 MiB
    984/3562  039253_7_q31tot2                         files     32 (kept 4, dropped 28) links    17  0.14 MiB
    985/3562  039253_7_q32ctlp                         files     32 (kept 4, dropped 28) links    17  0.14 MiB
    986/3562  039253_7_q32ti                           files     32 (kept 4, dropped 28) links    17  0.14 MiB
    987/3562  039253_7_q32tis                          files     32 (kept 4, dropped 28) links    17  0.15 MiB
    988/3562  039253_7_q33bctlp                        files     32 (kept 4, dropped 28) links    17  0.14 MiB
    989/3562  039253_7_q33cm                           files     32 (kept 4, dropped 28) links    17  0.14 MiB
    990/3562  039253_7_q33cs                           files     32 (kept 4, dropped 28) links    17  0.14 MiB
    991/3562  039253_7_q33ctlp                         files     32 (kept 4, dropped 28) links    17  0.14 MiB
    992/3562  039253_7_q33cu                           files     32 (kept 4, dropped 28) links    17  0.14 MiB
    993/3562  039253_7_q33tm                           files     32 (kept 4, dropped 28) links    17  0.14 MiB
    994/3562  039253_7_q33ts                           files     32 (kept 4, dropped 28) links    17  0.14 MiB
    995/3562  039253_7_q33tu                           files     32 (kept 4, dropped 28) links    17  0.14 MiB
    996/3562  039253_7_q34ck1                          files     32 (kept 4, dropped 28) links    17  0.14 MiB
    997/3562  039253_7_q34ck2                          files     32 (kept 4, dropped 28) links    17  0.14 MiB
    998/3562  039253_7_q34ck3                          files     32 (kept 4, dropped 28) links    17  0.14 MiB
    999/3562  039253_7_q34ctlp                         files     32 (kept 4, dropped 28) links    17  0.14 MiB
   1000/3562  039253_7_q34tk2                          files     32 (kept 4, dropped 28) links    17  0.14 MiB
   1001/3562  039253_7_q34tk3                          files     32 (kept 4, dropped 28) links    17  0.14 MiB
   1002/3562  039253_8_d111vst                         files      7 (kept 3, dropped 4) links     2  0.06 MiB
   1003/3562  039253_8_d113vbase                       files      7 (kept 3, dropped 4) links     2  0.06 MiB
   1004/3562  039253_8_d113vnone                       files      7 (kept 3, dropped 4) links     2  0.09 MiB
   1005/3562  039253_8_d119vnu                         files      8 (kept 4, dropped 4) links     3  0.04 MiB
   1006/3562  039253_8_d119vr3                         files      8 (kept 4, dropped 4) links     3  0.04 MiB
   1007/3562  039253_8_q29flip                         files     40 (kept 6, dropped 34) links    17  0.28 MiB
   1008/3562  039253_8_q29stm                          files     40 (kept 6, dropped 34) links    17  0.28 MiB
   1009/3562  039253_8_q31tot                          files     32 (kept 4, dropped 28) links    17  0.17 MiB
   1010/3562  039253_8_q31tot2                         files     32 (kept 4, dropped 28) links    17  0.17 MiB
   1011/3562  039253_8_q32ctlp                         files     32 (kept 4, dropped 28) links    17  0.17 MiB
   1012/3562  039253_8_q32ti                           files     32 (kept 4, dropped 28) links    17  0.17 MiB
   1013/3562  039253_8_q32tis                          files     32 (kept 4, dropped 28) links    17  0.17 MiB
   1014/3562  039253_8_q33bctlp                        files     32 (kept 4, dropped 28) links    17  0.17 MiB
   1015/3562  039253_8_q33cm                           files     32 (kept 4, dropped 28) links    17  0.17 MiB
   1016/3562  039253_8_q33cs                           files     32 (kept 4, dropped 28) links    17  0.17 MiB
   1017/3562  039253_8_q33ctlp                         files     32 (kept 4, dropped 28) links    17  0.17 MiB
   1018/3562  039253_8_q33cu                           files     32 (kept 4, dropped 28) links    17  0.17 MiB
   1019/3562  039253_8_q33tm                           files     32 (kept 4, dropped 28) links    17  0.17 MiB
   1020/3562  039253_8_q33ts                           files     32 (kept 4, dropped 28) links    17  0.17 MiB
   1021/3562  039253_8_q33tu                           files     32 (kept 4, dropped 28) links    17  0.17 MiB
   1022/3562  039253_8_q34ck1                          files     32 (kept 4, dropped 28) links    17  0.17 MiB
   1023/3562  039253_8_q34ck2                          files     32 (kept 4, dropped 28) links    17  0.17 MiB
   1024/3562  039253_8_q34ck3                          files     32 (kept 4, dropped 28) links    17  0.17 MiB
   1025/3562  039253_8_q34ctlp                         files     32 (kept 4, dropped 28) links    17  0.17 MiB
   1026/3562  039253_8_q34tk2                          files     32 (kept 4, dropped 28) links    17  0.17 MiB
   1027/3562  039253_8_q34tk3                          files     32 (kept 4, dropped 28) links    17  0.17 MiB
   1028/3562  039253_9_d111vst                         files      7 (kept 3, dropped 4) links     2  0.03 MiB
   1029/3562  039253_9_d113vbase                       files      7 (kept 3, dropped 4) links     2  0.03 MiB
   1030/3562  039253_9_d113vnone                       files      7 (kept 3, dropped 4) links     2  0.05 MiB
   1031/3562  039253_9_d119vnu                         files      8 (kept 4, dropped 4) links     3  0.03 MiB
   1032/3562  039253_9_d119vr3                         files      8 (kept 4, dropped 4) links     3  0.03 MiB
   1033/3562  039253_9_q29flip                         files     40 (kept 6, dropped 34) links    17  0.20 MiB
   1034/3562  039253_9_q29stm                          files     40 (kept 6, dropped 34) links    17  0.20 MiB
   1035/3562  039253_9_q31tot                          files     32 (kept 4, dropped 28) links    17  0.16 MiB
   1036/3562  039253_9_q31tot2                         files     32 (kept 4, dropped 28) links    17  0.16 MiB
   1037/3562  039253_9_q32ctlp                         files     32 (kept 4, dropped 28) links    17  0.16 MiB
   1038/3562  039253_9_q32ti                           files     32 (kept 4, dropped 28) links    17  0.16 MiB
   1039/3562  039253_9_q32tis                          files     32 (kept 4, dropped 28) links    17  0.16 MiB
   1040/3562  039253_9_q33bctlp                        files     32 (kept 4, dropped 28) links    17  0.16 MiB
   1041/3562  039253_9_q33cm                           files     32 (kept 4, dropped 28) links    17  0.16 MiB
   1042/3562  039253_9_q33cs                           files     32 (kept 4, dropped 28) links    17  0.16 MiB
   1043/3562  039253_9_q33ctlp                         files     32 (kept 4, dropped 28) links    17  0.16 MiB
   1044/3562  039253_9_q33cu                           files     32 (kept 4, dropped 28) links    17  0.16 MiB
   1045/3562  039253_9_q33tm                           files     32 (kept 4, dropped 28) links    17  0.16 MiB
   1046/3562  039253_9_q33ts                           files     32 (kept 4, dropped 28) links    17  0.16 MiB
   1047/3562  039253_9_q33tu                           files     32 (kept 4, dropped 28) links    17  0.16 MiB
   1048/3562  039253_9_q34ck1                          files     32 (kept 4, dropped 28) links    17  0.16 MiB
   1049/3562  039253_9_q34ck2                          files     32 (kept 4, dropped 28) links    17  0.16 MiB
   1050/3562  039253_9_q34ck3                          files     32 (kept 4, dropped 28) links    17  0.16 MiB
   1051/3562  039253_9_q34ctlp                         files     32 (kept 4, dropped 28) links    17  0.16 MiB
   1052/3562  039253_9_q34tk2                          files     32 (kept 4, dropped 28) links    17  0.16 MiB
   1053/3562  039253_9_q34tk3                          files     32 (kept 4, dropped 28) links    17  0.16 MiB
   1054/3562  039349_0_d111vst                         files      7 (kept 3, dropped 4) links     2  0.10 MiB
   1055/3562  039349_0_d113vbase                       files      7 (kept 3, dropped 4) links     2  0.10 MiB
   1056/3562  039349_0_d113vnone                       files      7 (kept 3, dropped 4) links     2  0.10 MiB
   1057/3562  039349_0_d119vnu                         files      8 (kept 4, dropped 4) links     3  0.02 MiB
   1058/3562  039349_0_d119vr3                         files      8 (kept 4, dropped 4) links     3  0.02 MiB
   1059/3562  039349_0_q29flip                         files     40 (kept 6, dropped 34) links    17  0.12 MiB
   1060/3562  039349_0_q29stm                          files     40 (kept 6, dropped 34) links    17  0.12 MiB
   1061/3562  039349_0_q31tot                          files     32 (kept 4, dropped 28) links    17  0.11 MiB
   1062/3562  039349_0_q31tot2                         files     32 (kept 4, dropped 28) links    17  0.11 MiB
   1063/3562  039349_0_q32ctlp                         files     32 (kept 4, dropped 28) links    17  0.11 MiB
   1064/3562  039349_0_q32ti                           files     32 (kept 4, dropped 28) links    17  0.11 MiB
   1065/3562  039349_0_q32tis                          files     32 (kept 4, dropped 28) links    17  0.11 MiB
   1066/3562  039349_0_q33bctlp                        files     32 (kept 4, dropped 28) links    17  0.11 MiB
   1067/3562  039349_0_q33cm                           files     32 (kept 4, dropped 28) links    17  0.11 MiB
   1068/3562  039349_0_q33cs                           files     32 (kept 4, dropped 28) links    17  0.11 MiB
   1069/3562  039349_0_q33ctlp                         files     32 (kept 4, dropped 28) links    17  0.11 MiB
   1070/3562  039349_0_q33cu                           files     32 (kept 4, dropped 28) links    17  0.11 MiB
   1071/3562  039349_0_q33tm                           files     32 (kept 4, dropped 28) links    17  0.11 MiB
   1072/3562  039349_0_q33ts                           files     32 (kept 4, dropped 28) links    17  0.11 MiB
   1073/3562  039349_0_q33tu                           files     32 (kept 4, dropped 28) links    17  0.11 MiB
   1074/3562  039349_0_q34ck1                          files     32 (kept 4, dropped 28) links    17  0.11 MiB
   1075/3562  039349_0_q34ck2                          files     32 (kept 4, dropped 28) links    17  0.11 MiB
   1076/3562  039349_0_q34ck3                          files     32 (kept 4, dropped 28) links    17  0.11 MiB
   1077/3562  039349_0_q34ctlp                         files     32 (kept 4, dropped 28) links    17  0.11 MiB
   1078/3562  039349_0_q34tk2                          files     32 (kept 4, dropped 28) links    17  0.11 MiB
   1079/3562  039349_0_q34tk3                          files     32 (kept 4, dropped 28) links    17  0.11 MiB
   1080/3562  039349_10_d111vst                        files      7 (kept 3, dropped 4) links     2  0.02 MiB
   1081/3562  039349_10_d113vbase                      files      7 (kept 3, dropped 4) links     2  0.02 MiB
   1082/3562  039349_10_d113vnone                      files      7 (kept 3, dropped 4) links     2  0.04 MiB
   1083/3562  039349_10_d119vnu                        files      8 (kept 4, dropped 4) links     3  0.02 MiB
   1084/3562  039349_10_d119vr3                        files      8 (kept 4, dropped 4) links     3  0.02 MiB
   1085/3562  039349_10_q29flip                        files     40 (kept 6, dropped 34) links    17  0.14 MiB
   1086/3562  039349_10_q29stm                         files     40 (kept 6, dropped 34) links    17  0.14 MiB
   1087/3562  039349_10_q31tot                         files     32 (kept 4, dropped 28) links    17  0.12 MiB
   1088/3562  039349_10_q31tot2                        files     32 (kept 4, dropped 28) links    17  0.12 MiB
   1089/3562  039349_10_q32ctlp                        files     32 (kept 4, dropped 28) links    17  0.12 MiB
   1090/3562  039349_10_q32ti                          files     32 (kept 4, dropped 28) links    17  0.12 MiB
   1091/3562  039349_10_q32tis                         files     32 (kept 4, dropped 28) links    17  0.12 MiB
   1092/3562  039349_10_q33bctlp                       files     32 (kept 4, dropped 28) links    17  0.12 MiB
   1093/3562  039349_10_q33cm                          files     32 (kept 4, dropped 28) links    17  0.12 MiB
   1094/3562  039349_10_q33cs                          files     32 (kept 4, dropped 28) links    17  0.12 MiB
   1095/3562  039349_10_q33ctlp                        files     32 (kept 4, dropped 28) links    17  0.12 MiB
   1096/3562  039349_10_q33cu                          files     32 (kept 4, dropped 28) links    17  0.12 MiB
   1097/3562  039349_10_q33tm                          files     32 (kept 4, dropped 28) links    17  0.12 MiB
   1098/3562  039349_10_q33ts                          files     32 (kept 4, dropped 28) links    17  0.12 MiB
   1099/3562  039349_10_q33tu                          files     32 (kept 4, dropped 28) links    17  0.12 MiB
   1100/3562  039349_10_q34ck1                         files     32 (kept 4, dropped 28) links    17  0.12 MiB
   1101/3562  039349_10_q34ck2                         files     32 (kept 4, dropped 28) links    17  0.12 MiB
   1102/3562  039349_10_q34ck3                         files     32 (kept 4, dropped 28) links    17  0.12 MiB
   1103/3562  039349_10_q34ctlp                        files     32 (kept 4, dropped 28) links    17  0.12 MiB
   1104/3562  039349_10_q34tk2                         files     32 (kept 4, dropped 28) links    17  0.12 MiB
   1105/3562  039349_10_q34tk3                         files     32 (kept 4, dropped 28) links    17  0.12 MiB
   1106/3562  039349_11_d111vst                        files      7 (kept 3, dropped 4) links     2  0.02 MiB
   1107/3562  039349_11_d113vbase                      files      7 (kept 3, dropped 4) links     2  0.02 MiB
   1108/3562  039349_11_d113vnone                      files      7 (kept 3, dropped 4) links     2  0.03 MiB
   1109/3562  039349_11_d119vnu                        files      8 (kept 4, dropped 4) links     3  0.02 MiB
   1110/3562  039349_11_d119vr3                        files      8 (kept 4, dropped 4) links     3  0.02 MiB
   1111/3562  039349_11_q29flip                        files     40 (kept 6, dropped 34) links    17  0.12 MiB
   1112/3562  039349_11_q29stm                         files     40 (kept 6, dropped 34) links    17  0.12 MiB
   1113/3562  039349_11_q31tot                         files     32 (kept 4, dropped 28) links    17  0.10 MiB
   1114/3562  039349_11_q31tot2                        files     32 (kept 4, dropped 28) links    17  0.10 MiB
   1115/3562  039349_11_q32ctlp                        files     32 (kept 4, dropped 28) links    17  0.10 MiB
   1116/3562  039349_11_q32ti                          files     32 (kept 4, dropped 28) links    17  0.10 MiB
   1117/3562  039349_11_q32tis                         files     32 (kept 4, dropped 28) links    17  0.10 MiB
   1118/3562  039349_11_q33bctlp                       files     32 (kept 4, dropped 28) links    17  0.10 MiB
   1119/3562  039349_11_q33cm                          files     32 (kept 4, dropped 28) links    17  0.10 MiB
   1120/3562  039349_11_q33cs                          files     32 (kept 4, dropped 28) links    17  0.10 MiB
   1121/3562  039349_11_q33ctlp                        files     32 (kept 4, dropped 28) links    17  0.10 MiB
   1122/3562  039349_11_q33cu                          files     32 (kept 4, dropped 28) links    17  0.10 MiB
   1123/3562  039349_11_q33tm                          files     32 (kept 4, dropped 28) links    17  0.10 MiB
   1124/3562  039349_11_q33ts                          files     32 (kept 4, dropped 28) links    17  0.10 MiB
   1125/3562  039349_11_q33tu                          files     32 (kept 4, dropped 28) links    17  0.10 MiB
   1126/3562  039349_11_q34ck1                         files     32 (kept 4, dropped 28) links    17  0.10 MiB
   1127/3562  039349_11_q34ck2                         files     32 (kept 4, dropped 28) links    17  0.10 MiB
   1128/3562  039349_11_q34ck3                         files     32 (kept 4, dropped 28) links    17  0.10 MiB
   1129/3562  039349_11_q34ctlp                        files     32 (kept 4, dropped 28) links    17  0.10 MiB
   1130/3562  039349_11_q34tk2                         files     32 (kept 4, dropped 28) links    17  0.10 MiB
   1131/3562  039349_11_q34tk3                         files     32 (kept 4, dropped 28) links    17  0.10 MiB
   1132/3562  039349_12_d111vst                        files      7 (kept 3, dropped 4) links     2  0.03 MiB
   1133/3562  039349_12_d113vbase                      files      7 (kept 3, dropped 4) links     2  0.03 MiB
   1134/3562  039349_12_d113vnone                      files      7 (kept 3, dropped 4) links     2  0.05 MiB
   1135/3562  039349_12_d119vnu                        files      8 (kept 4, dropped 4) links     3  0.03 MiB
   1136/3562  039349_12_d119vr3                        files      8 (kept 4, dropped 4) links     3  0.03 MiB
   1137/3562  039349_12_q29flip                        files     40 (kept 6, dropped 34) links    17  0.17 MiB
   1138/3562  039349_12_q29stm                         files     40 (kept 6, dropped 34) links    17  0.17 MiB
   1139/3562  039349_12_q31tot                         files     32 (kept 4, dropped 28) links    17  0.12 MiB
   1140/3562  039349_12_q31tot2                        files     32 (kept 4, dropped 28) links    17  0.12 MiB
   1141/3562  039349_12_q32ctlp                        files     32 (kept 4, dropped 28) links    17  0.12 MiB
   1142/3562  039349_12_q32ti                          files     32 (kept 4, dropped 28) links    17  0.12 MiB
   1143/3562  039349_12_q32tis                         files     32 (kept 4, dropped 28) links    17  0.12 MiB
   1144/3562  039349_12_q33bctlp                       files     32 (kept 4, dropped 28) links    17  0.12 MiB
   1145/3562  039349_12_q33cm                          files     32 (kept 4, dropped 28) links    17  0.12 MiB
   1146/3562  039349_12_q33cs                          files     32 (kept 4, dropped 28) links    17  0.12 MiB
   1147/3562  039349_12_q33ctlp                        files     32 (kept 4, dropped 28) links    17  0.12 MiB
   1148/3562  039349_12_q33cu                          files     32 (kept 4, dropped 28) links    17  0.12 MiB
   1149/3562  039349_12_q33tm                          files     32 (kept 4, dropped 28) links    17  0.12 MiB
   1150/3562  039349_12_q33ts                          files     32 (kept 4, dropped 28) links    17  0.12 MiB
   1151/3562  039349_12_q33tu                          files     32 (kept 4, dropped 28) links    17  0.12 MiB
   1152/3562  039349_12_q34ck1                         files     32 (kept 4, dropped 28) links    17  0.12 MiB
   1153/3562  039349_12_q34ck2                         files     32 (kept 4, dropped 28) links    17  0.12 MiB
   1154/3562  039349_12_q34ck3                         files     32 (kept 4, dropped 28) links    17  0.12 MiB
   1155/3562  039349_12_q34ctlp                        files     32 (kept 4, dropped 28) links    17  0.12 MiB
   1156/3562  039349_12_q34tk2                         files     32 (kept 4, dropped 28) links    17  0.12 MiB
   1157/3562  039349_12_q34tk3                         files     32 (kept 4, dropped 28) links    17  0.12 MiB
   1158/3562  039349_13_d111vst                        files      7 (kept 3, dropped 4) links     2  0.02 MiB
   1159/3562  039349_13_d113vbase                      files      7 (kept 3, dropped 4) links     2  0.02 MiB
   1160/3562  039349_13_d113vnone                      files      7 (kept 3, dropped 4) links     2  0.03 MiB
   1161/3562  039349_13_d119vnu                        files      8 (kept 4, dropped 4) links     3  0.02 MiB
   1162/3562  039349_13_d119vr3                        files      8 (kept 4, dropped 4) links     3  0.02 MiB
   1163/3562  039349_13_q29flip                        files     40 (kept 6, dropped 34) links    17  0.12 MiB
   1164/3562  039349_13_q29stm                         files     40 (kept 6, dropped 34) links    17  0.12 MiB
   1165/3562  039349_13_q31tot                         files     32 (kept 4, dropped 28) links    17  0.11 MiB
   1166/3562  039349_13_q31tot2                        files     32 (kept 4, dropped 28) links    17  0.11 MiB
   1167/3562  039349_13_q32ctlp                        files     32 (kept 4, dropped 28) links    17  0.11 MiB
   1168/3562  039349_13_q32ti                          files     32 (kept 4, dropped 28) links    17  0.11 MiB
   1169/3562  039349_13_q32tis                         files     32 (kept 4, dropped 28) links    17  0.11 MiB
   1170/3562  039349_13_q33bctlp                       files     32 (kept 4, dropped 28) links    17  0.11 MiB
   1171/3562  039349_13_q33cm                          files     32 (kept 4, dropped 28) links    17  0.11 MiB
   1172/3562  039349_13_q33cs                          files     32 (kept 4, dropped 28) links    17  0.11 MiB
   1173/3562  039349_13_q33ctlp                        files     32 (kept 4, dropped 28) links    17  0.11 MiB
   1174/3562  039349_13_q33cu                          files     32 (kept 4, dropped 28) links    17  0.11 MiB
   1175/3562  039349_13_q33tm                          files     32 (kept 4, dropped 28) links    17  0.11 MiB
   1176/3562  039349_13_q33ts                          files     32 (kept 4, dropped 28) links    17  0.11 MiB
   1177/3562  039349_13_q33tu                          files     32 (kept 4, dropped 28) links    17  0.11 MiB
   1178/3562  039349_13_q34ck1                         files     32 (kept 4, dropped 28) links    17  0.11 MiB
   1179/3562  039349_13_q34ck2                         files     32 (kept 4, dropped 28) links    17  0.11 MiB
   1180/3562  039349_13_q34ck3                         files     32 (kept 4, dropped 28) links    17  0.11 MiB
   1181/3562  039349_13_q34ctlp                        files     32 (kept 4, dropped 28) links    17  0.11 MiB
   1182/3562  039349_13_q34tk2                         files     32 (kept 4, dropped 28) links    17  0.11 MiB
   1183/3562  039349_13_q34tk3                         files     32 (kept 4, dropped 28) links    17  0.11 MiB
   1184/3562  039349_14_d111vst                        files      7 (kept 3, dropped 4) links     2  0.02 MiB
   1185/3562  039349_14_d113vbase                      files      7 (kept 3, dropped 4) links     2  0.02 MiB
   1186/3562  039349_14_d113vnone                      files      7 (kept 3, dropped 4) links     2  0.02 MiB
   1187/3562  039349_14_d119vnu                        files      8 (kept 4, dropped 4) links     3  0.02 MiB
   1188/3562  039349_14_d119vr3                        files      8 (kept 4, dropped 4) links     3  0.02 MiB
   1189/3562  039349_14_q29flip                        files     40 (kept 6, dropped 34) links    17  0.11 MiB
   1190/3562  039349_14_q29stm                         files     40 (kept 6, dropped 34) links    17  0.11 MiB
   1191/3562  039349_14_q31tot                         files     32 (kept 4, dropped 28) links    17  0.09 MiB
   1192/3562  039349_14_q31tot2                        files     32 (kept 4, dropped 28) links    17  0.09 MiB
   1193/3562  039349_14_q32ctlp                        files     32 (kept 4, dropped 28) links    17  0.09 MiB
   1194/3562  039349_14_q32ti                          files     32 (kept 4, dropped 28) links    17  0.09 MiB
   1195/3562  039349_14_q32tis                         files     32 (kept 4, dropped 28) links    17  0.09 MiB
   1196/3562  039349_14_q33bctlp                       files     32 (kept 4, dropped 28) links    17  0.09 MiB
   1197/3562  039349_14_q33cm                          files     32 (kept 4, dropped 28) links    17  0.09 MiB
   1198/3562  039349_14_q33cs                          files     32 (kept 4, dropped 28) links    17  0.09 MiB
   1199/3562  039349_14_q33ctlp                        files     32 (kept 4, dropped 28) links    17  0.09 MiB
   1200/3562  039349_14_q33cu                          files     32 (kept 4, dropped 28) links    17  0.09 MiB
   1201/3562  039349_14_q33tm                          files     32 (kept 4, dropped 28) links    17  0.09 MiB
   1202/3562  039349_14_q33ts                          files     32 (kept 4, dropped 28) links    17  0.09 MiB
   1203/3562  039349_14_q33tu                          files     32 (kept 4, dropped 28) links    17  0.09 MiB
   1204/3562  039349_14_q34ck1                         files     32 (kept 4, dropped 28) links    17  0.09 MiB
   1205/3562  039349_14_q34ck2                         files     32 (kept 4, dropped 28) links    17  0.09 MiB
   1206/3562  039349_14_q34ck3                         files     32 (kept 4, dropped 28) links    17  0.09 MiB
   1207/3562  039349_14_q34ctlp                        files     32 (kept 4, dropped 28) links    17  0.09 MiB
   1208/3562  039349_14_q34tk2                         files     32 (kept 4, dropped 28) links    17  0.09 MiB
   1209/3562  039349_14_q34tk3                         files     32 (kept 4, dropped 28) links    17  0.09 MiB
   1210/3562  039349_15_d111vst                        files      7 (kept 3, dropped 4) links     2  0.02 MiB
   1211/3562  039349_15_d113vbase                      files      7 (kept 3, dropped 4) links     2  0.02 MiB
   1212/3562  039349_15_d113vnone                      files      7 (kept 3, dropped 4) links     2  0.03 MiB
   1213/3562  039349_15_d119vnu                        files      8 (kept 4, dropped 4) links     3  0.02 MiB
   1214/3562  039349_15_d119vr3                        files      8 (kept 4, dropped 4) links     3  0.02 MiB
   1215/3562  039349_15_q29flip                        files     40 (kept 6, dropped 34) links    17  0.14 MiB
   1216/3562  039349_15_q29stm                         files     40 (kept 6, dropped 34) links    17  0.14 MiB
   1217/3562  039349_15_q31tot                         files     32 (kept 4, dropped 28) links    17  0.13 MiB
   1218/3562  039349_15_q31tot2                        files     32 (kept 4, dropped 28) links    17  0.13 MiB
   1219/3562  039349_15_q32ctlp                        files     32 (kept 4, dropped 28) links    17  0.12 MiB
   1220/3562  039349_15_q32ti                          files     32 (kept 4, dropped 28) links    17  0.13 MiB
   1221/3562  039349_15_q32tis                         files     32 (kept 4, dropped 28) links    17  0.13 MiB
   1222/3562  039349_15_q33bctlp                       files     32 (kept 4, dropped 28) links    17  0.12 MiB
   1223/3562  039349_15_q33cm                          files     32 (kept 4, dropped 28) links    17  0.12 MiB
   1224/3562  039349_15_q33cs                          files     32 (kept 4, dropped 28) links    17  0.12 MiB
   1225/3562  039349_15_q33ctlp                        files     32 (kept 4, dropped 28) links    17  0.13 MiB
   1226/3562  039349_15_q33cu                          files     32 (kept 4, dropped 28) links    17  0.12 MiB
   1227/3562  039349_15_q33tm                          files     32 (kept 4, dropped 28) links    17  0.12 MiB
   1228/3562  039349_15_q33ts                          files     32 (kept 4, dropped 28) links    17  0.13 MiB
   1229/3562  039349_15_q33tu                          files     32 (kept 4, dropped 28) links    17  0.13 MiB
   1230/3562  039349_15_q34ck1                         files     32 (kept 4, dropped 28) links    17  0.12 MiB
   1231/3562  039349_15_q34ck2                         files     32 (kept 4, dropped 28) links    17  0.12 MiB
   1232/3562  039349_15_q34ck3                         files     32 (kept 4, dropped 28) links    17  0.12 MiB
   1233/3562  039349_15_q34ctlp                        files     32 (kept 4, dropped 28) links    17  0.12 MiB
   1234/3562  039349_15_q34tk2                         files     32 (kept 4, dropped 28) links    17  0.13 MiB
   1235/3562  039349_15_q34tk3                         files     32 (kept 4, dropped 28) links    17  0.13 MiB
   1236/3562  039349_16_d111vst                        files      7 (kept 3, dropped 4) links     2  0.16 MiB
   1237/3562  039349_16_d113vbase                      files      7 (kept 3, dropped 4) links     2  0.16 MiB
   1238/3562  039349_16_d113vnone                      files      7 (kept 3, dropped 4) links     2  0.14 MiB
   1239/3562  039349_16_d119vnu                        files      8 (kept 4, dropped 4) links     3  0.12 MiB
   1240/3562  039349_16_d119vr3                        files      8 (kept 4, dropped 4) links     3  0.12 MiB
   1241/3562  039349_16_q29flip                        files     40 (kept 6, dropped 34) links    17  0.17 MiB
   1242/3562  039349_16_q29stm                         files     40 (kept 6, dropped 34) links    17  0.18 MiB
   1243/3562  039349_16_q31tot                         files     32 (kept 4, dropped 28) links    17  0.13 MiB
   1244/3562  039349_16_q31tot2                        files     32 (kept 4, dropped 28) links    17  0.13 MiB
   1245/3562  039349_16_q32ctlp                        files     32 (kept 4, dropped 28) links    17  0.13 MiB
   1246/3562  039349_16_q32ti                          files     32 (kept 4, dropped 28) links    17  0.13 MiB
   1247/3562  039349_16_q32tis                         files     32 (kept 4, dropped 28) links    17  0.13 MiB
   1248/3562  039349_16_q33bctlp                       files     32 (kept 4, dropped 28) links    17  0.13 MiB
   1249/3562  039349_16_q33cm                          files     32 (kept 4, dropped 28) links    17  0.13 MiB
   1250/3562  039349_16_q33cs                          files     32 (kept 4, dropped 28) links    17  0.13 MiB
   1251/3562  039349_16_q33ctlp                        files     32 (kept 4, dropped 28) links    17  0.13 MiB
   1252/3562  039349_16_q33cu                          files     32 (kept 4, dropped 28) links    17  0.13 MiB
   1253/3562  039349_16_q33tm                          files     32 (kept 4, dropped 28) links    17  0.13 MiB
   1254/3562  039349_16_q33ts                          files     32 (kept 4, dropped 28) links    17  0.13 MiB
   1255/3562  039349_16_q33tu                          files     32 (kept 4, dropped 28) links    17  0.13 MiB
   1256/3562  039349_16_q34ck1                         files     32 (kept 4, dropped 28) links    17  0.13 MiB
   1257/3562  039349_16_q34ck2                         files     32 (kept 4, dropped 28) links    17  0.13 MiB
   1258/3562  039349_16_q34ck3                         files     32 (kept 4, dropped 28) links    17  0.13 MiB
   1259/3562  039349_16_q34ctlp                        files     32 (kept 4, dropped 28) links    17  0.13 MiB
   1260/3562  039349_16_q34tk2                         files     32 (kept 4, dropped 28) links    17  0.13 MiB
   1261/3562  039349_16_q34tk3                         files     32 (kept 4, dropped 28) links    17  0.13 MiB
   1262/3562  039349_17_d111vst                        files      7 (kept 3, dropped 4) links     2  0.01 MiB
   1263/3562  039349_17_d113vbase                      files      7 (kept 3, dropped 4) links     2  0.01 MiB
   1264/3562  039349_17_d113vnone                      files      7 (kept 3, dropped 4) links     2  0.03 MiB
   1265/3562  039349_17_d119vnu                        files      8 (kept 4, dropped 4) links     3  0.02 MiB
   1266/3562  039349_17_d119vr3                        files      8 (kept 4, dropped 4) links     3  0.02 MiB
   1267/3562  039349_17_q29flip                        files     40 (kept 6, dropped 34) links    17  0.15 MiB
   1268/3562  039349_17_q29stm                         files     40 (kept 6, dropped 34) links    17  0.15 MiB
   1269/3562  039349_17_q31tot                         files     32 (kept 4, dropped 28) links    17  0.14 MiB
   1270/3562  039349_17_q31tot2                        files     32 (kept 4, dropped 28) links    17  0.14 MiB
   1271/3562  039349_17_q32ctlp                        files     32 (kept 4, dropped 28) links    17  0.14 MiB
   1272/3562  039349_17_q32ti                          files     32 (kept 4, dropped 28) links    17  0.14 MiB
   1273/3562  039349_17_q32tis                         files     32 (kept 4, dropped 28) links    17  0.14 MiB
   1274/3562  039349_17_q33bctlp                       files     32 (kept 4, dropped 28) links    17  0.14 MiB
   1275/3562  039349_17_q33cm                          files     32 (kept 4, dropped 28) links    17  0.14 MiB
   1276/3562  039349_17_q33cs                          files     32 (kept 4, dropped 28) links    17  0.14 MiB
   1277/3562  039349_17_q33ctlp                        files     32 (kept 4, dropped 28) links    17  0.14 MiB
   1278/3562  039349_17_q33cu                          files     32 (kept 4, dropped 28) links    17  0.14 MiB
   1279/3562  039349_17_q33tm                          files     32 (kept 4, dropped 28) links    17  0.14 MiB
   1280/3562  039349_17_q33ts                          files     32 (kept 4, dropped 28) links    17  0.14 MiB
   1281/3562  039349_17_q33tu                          files     32 (kept 4, dropped 28) links    17  0.14 MiB
   1282/3562  039349_17_q34ck1                         files     32 (kept 4, dropped 28) links    17  0.14 MiB
   1283/3562  039349_17_q34ck2                         files     32 (kept 4, dropped 28) links    17  0.14 MiB
   1284/3562  039349_17_q34ck3                         files     32 (kept 4, dropped 28) links    17  0.14 MiB
   1285/3562  039349_17_q34ctlp                        files     32 (kept 4, dropped 28) links    17  0.14 MiB
   1286/3562  039349_17_q34tk2                         files     32 (kept 4, dropped 28) links    17  0.14 MiB
   1287/3562  039349_17_q34tk3                         files     32 (kept 4, dropped 28) links    17  0.14 MiB
   1288/3562  039349_18_d111vst                        files      7 (kept 3, dropped 4) links     2  0.05 MiB
   1289/3562  039349_18_d113vbase                      files      7 (kept 3, dropped 4) links     2  0.05 MiB
   1290/3562  039349_18_d113vnone                      files      7 (kept 3, dropped 4) links     2  0.05 MiB
   1291/3562  039349_18_d119vnu                        files      8 (kept 4, dropped 4) links     3  0.04 MiB
   1292/3562  039349_18_d119vr3                        files      8 (kept 4, dropped 4) links     3  0.04 MiB
   1293/3562  039349_18_q29flip                        files     40 (kept 6, dropped 34) links    17  0.15 MiB
   1294/3562  039349_18_q29stm                         files     40 (kept 6, dropped 34) links    17  0.15 MiB
   1295/3562  039349_18_q31tot                         files     32 (kept 4, dropped 28) links    17  0.10 MiB
   1296/3562  039349_18_q31tot2                        files     32 (kept 4, dropped 28) links    17  0.10 MiB
   1297/3562  039349_18_q32ctlp                        files     32 (kept 4, dropped 28) links    17  0.10 MiB
   1298/3562  039349_18_q32ti                          files     32 (kept 4, dropped 28) links    17  0.10 MiB
   1299/3562  039349_18_q32tis                         files     32 (kept 4, dropped 28) links    17  0.10 MiB
   1300/3562  039349_18_q33bctlp                       files     32 (kept 4, dropped 28) links    17  0.10 MiB
   1301/3562  039349_18_q33cm                          files     32 (kept 4, dropped 28) links    17  0.10 MiB
   1302/3562  039349_18_q33cs                          files     32 (kept 4, dropped 28) links    17  0.10 MiB
   1303/3562  039349_18_q33ctlp                        files     32 (kept 4, dropped 28) links    17  0.10 MiB
   1304/3562  039349_18_q33cu                          files     32 (kept 4, dropped 28) links    17  0.10 MiB
   1305/3562  039349_18_q33tm                          files     32 (kept 4, dropped 28) links    17  0.10 MiB
   1306/3562  039349_18_q33ts                          files     32 (kept 4, dropped 28) links    17  0.10 MiB
   1307/3562  039349_18_q33tu                          files     32 (kept 4, dropped 28) links    17  0.10 MiB
   1308/3562  039349_18_q34ck1                         files     32 (kept 4, dropped 28) links    17  0.10 MiB
   1309/3562  039349_18_q34ck2                         files     32 (kept 4, dropped 28) links    17  0.10 MiB
   1310/3562  039349_18_q34ck3                         files     32 (kept 4, dropped 28) links    17  0.10 MiB
   1311/3562  039349_18_q34ctlp                        files     32 (kept 4, dropped 28) links    17  0.10 MiB
   1312/3562  039349_18_q34tk2                         files     32 (kept 4, dropped 28) links    17  0.10 MiB
   1313/3562  039349_18_q34tk3                         files     32 (kept 4, dropped 28) links    17  0.10 MiB
   1314/3562  039349_19_d111vst                        files      7 (kept 3, dropped 4) links     2  0.02 MiB
   1315/3562  039349_19_d113vbase                      files      7 (kept 3, dropped 4) links     2  0.02 MiB
   1316/3562  039349_19_d113vnone                      files      7 (kept 3, dropped 4) links     2  0.02 MiB
   1317/3562  039349_19_d119vnu                        files      8 (kept 4, dropped 4) links     3  0.02 MiB
   1318/3562  039349_19_d119vr3                        files      8 (kept 4, dropped 4) links     3  0.02 MiB
   1319/3562  039349_19_q29flip                        files     40 (kept 6, dropped 34) links    17  0.12 MiB
   1320/3562  039349_19_q29stm                         files     40 (kept 6, dropped 34) links    17  0.12 MiB
   1321/3562  039349_19_q31tot                         files     32 (kept 4, dropped 28) links    17  0.10 MiB
   1322/3562  039349_19_q31tot2                        files     32 (kept 4, dropped 28) links    17  0.10 MiB
   1323/3562  039349_19_q32ctlp                        files     32 (kept 4, dropped 28) links    17  0.10 MiB
   1324/3562  039349_19_q32ti                          files     32 (kept 4, dropped 28) links    17  0.10 MiB
   1325/3562  039349_19_q32tis                         files     32 (kept 4, dropped 28) links    17  0.10 MiB
   1326/3562  039349_19_q33bctlp                       files     32 (kept 4, dropped 28) links    17  0.10 MiB
   1327/3562  039349_19_q33cm                          files     32 (kept 4, dropped 28) links    17  0.10 MiB
   1328/3562  039349_19_q33cs                          files     32 (kept 4, dropped 28) links    17  0.10 MiB
   1329/3562  039349_19_q33ctlp                        files     32 (kept 4, dropped 28) links    17  0.10 MiB
   1330/3562  039349_19_q33cu                          files     32 (kept 4, dropped 28) links    17  0.10 MiB
   1331/3562  039349_19_q33tm                          files     32 (kept 4, dropped 28) links    17  0.10 MiB
   1332/3562  039349_19_q33ts                          files     32 (kept 4, dropped 28) links    17  0.10 MiB
   1333/3562  039349_19_q33tu                          files     32 (kept 4, dropped 28) links    17  0.10 MiB
   1334/3562  039349_19_q34ck1                         files     32 (kept 4, dropped 28) links    17  0.10 MiB
   1335/3562  039349_19_q34ck2                         files     32 (kept 4, dropped 28) links    17  0.10 MiB
   1336/3562  039349_19_q34ck3                         files     32 (kept 4, dropped 28) links    17  0.10 MiB
   1337/3562  039349_19_q34ctlp                        files     32 (kept 4, dropped 28) links    17  0.10 MiB
   1338/3562  039349_19_q34tk2                         files     32 (kept 4, dropped 28) links    17  0.10 MiB
   1339/3562  039349_19_q34tk3                         files     32 (kept 4, dropped 28) links    17  0.10 MiB
   1340/3562  039349_1_d111vst                         files      7 (kept 3, dropped 4) links     2  0.01 MiB
   1341/3562  039349_1_d113vbase                       files      7 (kept 3, dropped 4) links     2  0.01 MiB
   1342/3562  039349_1_d113vnone                       files      7 (kept 3, dropped 4) links     2  0.02 MiB
   1343/3562  039349_1_d119vnu                         files      8 (kept 4, dropped 4) links     3  0.02 MiB
   1344/3562  039349_1_d119vr3                         files      8 (kept 4, dropped 4) links     3  0.02 MiB
   1345/3562  039349_1_q29flip                         files     40 (kept 6, dropped 34) links    17  0.13 MiB
   1346/3562  039349_1_q29stm                          files     40 (kept 6, dropped 34) links    17  0.13 MiB
   1347/3562  039349_1_q31tot                          files     32 (kept 4, dropped 28) links    17  0.12 MiB
   1348/3562  039349_1_q31tot2                         files     32 (kept 4, dropped 28) links    17  0.12 MiB
   1349/3562  039349_1_q32ctlp                         files     32 (kept 4, dropped 28) links    17  0.12 MiB
   1350/3562  039349_1_q32ti                           files     32 (kept 4, dropped 28) links    17  0.12 MiB
   1351/3562  039349_1_q32tis                          files     32 (kept 4, dropped 28) links    17  0.12 MiB
   1352/3562  039349_1_q33bctlp                        files     32 (kept 4, dropped 28) links    17  0.12 MiB
   1353/3562  039349_1_q33cm                           files     32 (kept 4, dropped 28) links    17  0.12 MiB
   1354/3562  039349_1_q33cs                           files     32 (kept 4, dropped 28) links    17  0.12 MiB
   1355/3562  039349_1_q33ctlp                         files     32 (kept 4, dropped 28) links    17  0.12 MiB
   1356/3562  039349_1_q33cu                           files     32 (kept 4, dropped 28) links    17  0.12 MiB
   1357/3562  039349_1_q33tm                           files     32 (kept 4, dropped 28) links    17  0.12 MiB
   1358/3562  039349_1_q33ts                           files     32 (kept 4, dropped 28) links    17  0.12 MiB
   1359/3562  039349_1_q33tu                           files     32 (kept 4, dropped 28) links    17  0.12 MiB
   1360/3562  039349_1_q34ck1                          files     32 (kept 4, dropped 28) links    17  0.12 MiB
   1361/3562  039349_1_q34ck2                          files     32 (kept 4, dropped 28) links    17  0.12 MiB
   1362/3562  039349_1_q34ck3                          files     32 (kept 4, dropped 28) links    17  0.12 MiB
   1363/3562  039349_1_q34ctlp                         files     32 (kept 4, dropped 28) links    17  0.12 MiB
   1364/3562  039349_1_q34tk2                          files     32 (kept 4, dropped 28) links    17  0.12 MiB
   1365/3562  039349_1_q34tk3                          files     32 (kept 4, dropped 28) links    17  0.12 MiB
   1366/3562  039349_20_d111vst                        files      7 (kept 3, dropped 4) links     2  0.02 MiB
   1367/3562  039349_20_d113vbase                      files      7 (kept 3, dropped 4) links     2  0.02 MiB
   1368/3562  039349_20_d113vnone                      files      7 (kept 3, dropped 4) links     2  0.03 MiB
   1369/3562  039349_20_d119vnu                        files      8 (kept 4, dropped 4) links     3  0.02 MiB
   1370/3562  039349_20_d119vr3                        files      8 (kept 4, dropped 4) links     3  0.02 MiB
   1371/3562  039349_20_q29flip                        files     40 (kept 6, dropped 34) links    17  0.16 MiB
   1372/3562  039349_20_q29stm                         files     40 (kept 6, dropped 34) links    17  0.16 MiB
   1373/3562  039349_20_q31tot                         files     32 (kept 4, dropped 28) links    17  0.12 MiB
   1374/3562  039349_20_q31tot2                        files     32 (kept 4, dropped 28) links    17  0.12 MiB
   1375/3562  039349_20_q32ctlp                        files     32 (kept 4, dropped 28) links    17  0.12 MiB
   1376/3562  039349_20_q32ti                          files     32 (kept 4, dropped 28) links    17  0.12 MiB
   1377/3562  039349_20_q32tis                         files     32 (kept 4, dropped 28) links    17  0.12 MiB
   1378/3562  039349_20_q33bctlp                       files     32 (kept 4, dropped 28) links    17  0.12 MiB
   1379/3562  039349_20_q33cm                          files     32 (kept 4, dropped 28) links    17  0.12 MiB
   1380/3562  039349_20_q33cs                          files     32 (kept 4, dropped 28) links    17  0.12 MiB
   1381/3562  039349_20_q33ctlp                        files     32 (kept 4, dropped 28) links    17  0.12 MiB
   1382/3562  039349_20_q33cu                          files     32 (kept 4, dropped 28) links    17  0.12 MiB
   1383/3562  039349_20_q33tm                          files     32 (kept 4, dropped 28) links    17  0.12 MiB
   1384/3562  039349_20_q33ts                          files     32 (kept 4, dropped 28) links    17  0.12 MiB
   1385/3562  039349_20_q33tu                          files     32 (kept 4, dropped 28) links    17  0.12 MiB
   1386/3562  039349_20_q34ck1                         files     32 (kept 4, dropped 28) links    17  0.12 MiB
   1387/3562  039349_20_q34ck2                         files     32 (kept 4, dropped 28) links    17  0.12 MiB
   1388/3562  039349_20_q34ck3                         files     32 (kept 4, dropped 28) links    17  0.12 MiB
   1389/3562  039349_20_q34ctlp                        files     32 (kept 4, dropped 28) links    17  0.12 MiB
   1390/3562  039349_20_q34tk2                         files     32 (kept 4, dropped 28) links    17  0.12 MiB
   1391/3562  039349_20_q34tk3                         files     32 (kept 4, dropped 28) links    17  0.12 MiB
   1392/3562  039349_21_d111vst                        files      7 (kept 3, dropped 4) links     2  0.02 MiB
   1393/3562  039349_21_d113vbase                      files      7 (kept 3, dropped 4) links     2  0.02 MiB
   1394/3562  039349_21_d113vnone                      files      7 (kept 3, dropped 4) links     2  0.03 MiB
   1395/3562  039349_21_d119vnu                        files      8 (kept 4, dropped 4) links     3  0.03 MiB
   1396/3562  039349_21_d119vr3                        files      8 (kept 4, dropped 4) links     3  0.03 MiB
   1397/3562  039349_21_q29flip                        files     40 (kept 6, dropped 34) links    17  0.14 MiB
   1398/3562  039349_21_q29stm                         files     40 (kept 6, dropped 34) links    17  0.14 MiB
   1399/3562  039349_21_q31tot                         files     32 (kept 4, dropped 28) links    17  0.10 MiB
   1400/3562  039349_21_q31tot2                        files     32 (kept 4, dropped 28) links    17  0.10 MiB
   1401/3562  039349_21_q32ctlp                        files     32 (kept 4, dropped 28) links    17  0.10 MiB
   1402/3562  039349_21_q32ti                          files     32 (kept 4, dropped 28) links    17  0.10 MiB
   1403/3562  039349_21_q32tis                         files     32 (kept 4, dropped 28) links    17  0.10 MiB
   1404/3562  039349_21_q33bctlp                       files     32 (kept 4, dropped 28) links    17  0.10 MiB
   1405/3562  039349_21_q33cm                          files     32 (kept 4, dropped 28) links    17  0.10 MiB
   1406/3562  039349_21_q33cs                          files     32 (kept 4, dropped 28) links    17  0.10 MiB
   1407/3562  039349_21_q33ctlp                        files     32 (kept 4, dropped 28) links    17  0.10 MiB
   1408/3562  039349_21_q33cu                          files     32 (kept 4, dropped 28) links    17  0.10 MiB
   1409/3562  039349_21_q33tm                          files     32 (kept 4, dropped 28) links    17  0.10 MiB
   1410/3562  039349_21_q33ts                          files     32 (kept 4, dropped 28) links    17  0.10 MiB
   1411/3562  039349_21_q33tu                          files     32 (kept 4, dropped 28) links    17  0.10 MiB
   1412/3562  039349_21_q34ck1                         files     32 (kept 4, dropped 28) links    17  0.10 MiB
   1413/3562  039349_21_q34ck2                         files     32 (kept 4, dropped 28) links    17  0.10 MiB
   1414/3562  039349_21_q34ck3                         files     32 (kept 4, dropped 28) links    17  0.10 MiB
   1415/3562  039349_21_q34ctlp                        files     32 (kept 4, dropped 28) links    17  0.10 MiB
   1416/3562  039349_21_q34tk2                         files     32 (kept 4, dropped 28) links    17  0.10 MiB
   1417/3562  039349_21_q34tk3                         files     32 (kept 4, dropped 28) links    17  0.10 MiB
   1418/3562  039349_22_d111vst                        files      7 (kept 3, dropped 4) links     2  0.03 MiB
   1419/3562  039349_22_d113vbase                      files      7 (kept 3, dropped 4) links     2  0.03 MiB
   1420/3562  039349_22_d113vnone                      files      7 (kept 3, dropped 4) links     2  0.04 MiB
   1421/3562  039349_22_d119vnu                        files      8 (kept 4, dropped 4) links     3  0.03 MiB
   1422/3562  039349_22_d119vr3                        files      8 (kept 4, dropped 4) links     3  0.03 MiB
   1423/3562  039349_22_q29flip                        files     40 (kept 6, dropped 34) links    17  0.19 MiB
   1424/3562  039349_22_q29stm                         files     40 (kept 6, dropped 34) links    17  0.19 MiB
   1425/3562  039349_22_q31tot                         files     32 (kept 4, dropped 28) links    17  0.14 MiB
   1426/3562  039349_22_q31tot2                        files     32 (kept 4, dropped 28) links    17  0.14 MiB
   1427/3562  039349_22_q32ctlp                        files     32 (kept 4, dropped 28) links    17  0.14 MiB
   1428/3562  039349_22_q32ti                          files     32 (kept 4, dropped 28) links    17  0.14 MiB
   1429/3562  039349_22_q32tis                         files     32 (kept 4, dropped 28) links    17  0.14 MiB
   1430/3562  039349_22_q33bctlp                       files     32 (kept 4, dropped 28) links    17  0.14 MiB
   1431/3562  039349_22_q33cm                          files     32 (kept 4, dropped 28) links    17  0.14 MiB
   1432/3562  039349_22_q33cs                          files     32 (kept 4, dropped 28) links    17  0.14 MiB
   1433/3562  039349_22_q33ctlp                        files     32 (kept 4, dropped 28) links    17  0.14 MiB
   1434/3562  039349_22_q33cu                          files     32 (kept 4, dropped 28) links    17  0.14 MiB
   1435/3562  039349_22_q33tm                          files     32 (kept 4, dropped 28) links    17  0.14 MiB
   1436/3562  039349_22_q33ts                          files     32 (kept 4, dropped 28) links    17  0.14 MiB
   1437/3562  039349_22_q33tu                          files     32 (kept 4, dropped 28) links    17  0.14 MiB
   1438/3562  039349_22_q34ck1                         files     32 (kept 4, dropped 28) links    17  0.14 MiB
   1439/3562  039349_22_q34ck2                         files     32 (kept 4, dropped 28) links    17  0.14 MiB
   1440/3562  039349_22_q34ck3                         files     32 (kept 4, dropped 28) links    17  0.14 MiB
   1441/3562  039349_22_q34ctlp                        files     32 (kept 4, dropped 28) links    17  0.14 MiB
   1442/3562  039349_22_q34tk2                         files     32 (kept 4, dropped 28) links    17  0.14 MiB
   1443/3562  039349_22_q34tk3                         files     32 (kept 4, dropped 28) links    17  0.14 MiB
   1444/3562  039349_23_d111vst                        files      7 (kept 3, dropped 4) links     2  0.03 MiB
   1445/3562  039349_23_d113vbase                      files      7 (kept 3, dropped 4) links     2  0.03 MiB
   1446/3562  039349_23_d113vnone                      files      7 (kept 3, dropped 4) links     2  0.05 MiB
   1447/3562  039349_23_d119vnu                        files      8 (kept 4, dropped 4) links     3  0.03 MiB
   1448/3562  039349_23_d119vr3                        files      8 (kept 4, dropped 4) links     3  0.03 MiB
   1449/3562  039349_23_q29flip                        files     40 (kept 6, dropped 34) links    17  0.15 MiB
   1450/3562  039349_23_q29stm                         files     40 (kept 6, dropped 34) links    17  0.15 MiB
   1451/3562  039349_23_q31tot                         files     32 (kept 4, dropped 28) links    17  0.11 MiB
   1452/3562  039349_23_q31tot2                        files     32 (kept 4, dropped 28) links    17  0.11 MiB
   1453/3562  039349_23_q32ctlp                        files     32 (kept 4, dropped 28) links    17  0.11 MiB
   1454/3562  039349_23_q32ti                          files     32 (kept 4, dropped 28) links    17  0.11 MiB
   1455/3562  039349_23_q32tis                         files     32 (kept 4, dropped 28) links    17  0.11 MiB
   1456/3562  039349_23_q33bctlp                       files     32 (kept 4, dropped 28) links    17  0.11 MiB
   1457/3562  039349_23_q33cm                          files     32 (kept 4, dropped 28) links    17  0.11 MiB
   1458/3562  039349_23_q33cs                          files     32 (kept 4, dropped 28) links    17  0.11 MiB
   1459/3562  039349_23_q33ctlp                        files     32 (kept 4, dropped 28) links    17  0.11 MiB
   1460/3562  039349_23_q33cu                          files     32 (kept 4, dropped 28) links    17  0.11 MiB
   1461/3562  039349_23_q33tm                          files     32 (kept 4, dropped 28) links    17  0.11 MiB
   1462/3562  039349_23_q33ts                          files     32 (kept 4, dropped 28) links    17  0.11 MiB
   1463/3562  039349_23_q33tu                          files     32 (kept 4, dropped 28) links    17  0.11 MiB
   1464/3562  039349_23_q34ck1                         files     32 (kept 4, dropped 28) links    17  0.11 MiB
   1465/3562  039349_23_q34ck2                         files     32 (kept 4, dropped 28) links    17  0.11 MiB
   1466/3562  039349_23_q34ck3                         files     32 (kept 4, dropped 28) links    17  0.11 MiB
   1467/3562  039349_23_q34ctlp                        files     32 (kept 4, dropped 28) links    17  0.11 MiB
   1468/3562  039349_23_q34tk2                         files     32 (kept 4, dropped 28) links    17  0.11 MiB
   1469/3562  039349_23_q34tk3                         files     32 (kept 4, dropped 28) links    17  0.11 MiB
   1470/3562  039349_24_d111vst                        files      7 (kept 3, dropped 4) links     2  0.02 MiB
   1471/3562  039349_24_d113vbase                      files      7 (kept 3, dropped 4) links     2  0.02 MiB
   1472/3562  039349_24_d113vnone                      files      7 (kept 3, dropped 4) links     2  0.03 MiB
   1473/3562  039349_24_d119vnu                        files      8 (kept 4, dropped 4) links     3  0.02 MiB
   1474/3562  039349_24_d119vr3                        files      8 (kept 4, dropped 4) links     3  0.02 MiB
   1475/3562  039349_24_q29flip                        files     40 (kept 6, dropped 34) links    17  0.17 MiB
   1476/3562  039349_24_q29stm                         files     40 (kept 6, dropped 34) links    17  0.17 MiB
   1477/3562  039349_24_q31tot                         files     32 (kept 4, dropped 28) links    17  0.15 MiB
   1478/3562  039349_24_q31tot2                        files     32 (kept 4, dropped 28) links    17  0.15 MiB
   1479/3562  039349_24_q32ctlp                        files     32 (kept 4, dropped 28) links    17  0.15 MiB
   1480/3562  039349_24_q32ti                          files     32 (kept 4, dropped 28) links    17  0.15 MiB
   1481/3562  039349_24_q32tis                         files     32 (kept 4, dropped 28) links    17  0.15 MiB
   1482/3562  039349_24_q33bctlp                       files     32 (kept 4, dropped 28) links    17  0.15 MiB
   1483/3562  039349_24_q33cm                          files     32 (kept 4, dropped 28) links    17  0.15 MiB
   1484/3562  039349_24_q33cs                          files     32 (kept 4, dropped 28) links    17  0.15 MiB
   1485/3562  039349_24_q33ctlp                        files     32 (kept 4, dropped 28) links    17  0.15 MiB
   1486/3562  039349_24_q33cu                          files     32 (kept 4, dropped 28) links    17  0.15 MiB
   1487/3562  039349_24_q33tm                          files     32 (kept 4, dropped 28) links    17  0.15 MiB
   1488/3562  039349_24_q33ts                          files     32 (kept 4, dropped 28) links    17  0.15 MiB
   1489/3562  039349_24_q33tu                          files     32 (kept 4, dropped 28) links    17  0.15 MiB
   1490/3562  039349_24_q34ck1                         files     32 (kept 4, dropped 28) links    17  0.15 MiB
   1491/3562  039349_24_q34ck2                         files     32 (kept 4, dropped 28) links    17  0.15 MiB
   1492/3562  039349_24_q34ck3                         files     32 (kept 4, dropped 28) links    17  0.15 MiB
   1493/3562  039349_24_q34ctlp                        files     32 (kept 4, dropped 28) links    17  0.15 MiB
   1494/3562  039349_24_q34tk2                         files     32 (kept 4, dropped 28) links    17  0.15 MiB
   1495/3562  039349_24_q34tk3                         files     32 (kept 4, dropped 28) links    17  0.15 MiB
   1496/3562  039349_25_d111vst                        files      7 (kept 3, dropped 4) links     2  0.04 MiB
   1497/3562  039349_25_d113vbase                      files      7 (kept 3, dropped 4) links     2  0.04 MiB
   1498/3562  039349_25_d113vnone                      files      7 (kept 3, dropped 4) links     2  0.05 MiB
   1499/3562  039349_25_d119vnu                        files      8 (kept 4, dropped 4) links     3  0.04 MiB
   1500/3562  039349_25_d119vr3                        files      8 (kept 4, dropped 4) links     3  0.04 MiB
   1501/3562  039349_25_q29flip                        files     40 (kept 6, dropped 34) links    17  0.20 MiB
   1502/3562  039349_25_q29stm                         files     40 (kept 6, dropped 34) links    17  0.20 MiB
   1503/3562  039349_25_q31tot                         files     32 (kept 4, dropped 28) links    17  0.14 MiB
   1504/3562  039349_25_q31tot2                        files     32 (kept 4, dropped 28) links    17  0.14 MiB
   1505/3562  039349_25_q32ctlp                        files     32 (kept 4, dropped 28) links    17  0.15 MiB
   1506/3562  039349_25_q32ti                          files     32 (kept 4, dropped 28) links    17  0.14 MiB
   1507/3562  039349_25_q32tis                         files     32 (kept 4, dropped 28) links    17  0.15 MiB
   1508/3562  039349_25_q33bctlp                       files     32 (kept 4, dropped 28) links    17  0.15 MiB
   1509/3562  039349_25_q33cm                          files     32 (kept 4, dropped 28) links    17  0.14 MiB
   1510/3562  039349_25_q33cs                          files     32 (kept 4, dropped 28) links    17  0.15 MiB
   1511/3562  039349_25_q33ctlp                        files     32 (kept 4, dropped 28) links    17  0.14 MiB
   1512/3562  039349_25_q33cu                          files     32 (kept 4, dropped 28) links    17  0.15 MiB
   1513/3562  039349_25_q33tm                          files     32 (kept 4, dropped 28) links    17  0.14 MiB
   1514/3562  039349_25_q33ts                          files     32 (kept 4, dropped 28) links    17  0.14 MiB
   1515/3562  039349_25_q33tu                          files     32 (kept 4, dropped 28) links    17  0.14 MiB
   1516/3562  039349_25_q34ck1                         files     32 (kept 4, dropped 28) links    17  0.15 MiB
   1517/3562  039349_25_q34ck2                         files     32 (kept 4, dropped 28) links    17  0.14 MiB
   1518/3562  039349_25_q34ck3                         files     32 (kept 4, dropped 28) links    17  0.14 MiB
   1519/3562  039349_25_q34ctlp                        files     32 (kept 4, dropped 28) links    17  0.14 MiB
   1520/3562  039349_25_q34tk2                         files     32 (kept 4, dropped 28) links    17  0.14 MiB
   1521/3562  039349_25_q34tk3                         files     32 (kept 4, dropped 28) links    17  0.14 MiB
   1522/3562  039349_26_d111vst                        files      7 (kept 3, dropped 4) links     2  0.04 MiB
   1523/3562  039349_26_d113vbase                      files      7 (kept 3, dropped 4) links     2  0.04 MiB
   1524/3562  039349_26_d113vnone                      files      7 (kept 3, dropped 4) links     2  0.05 MiB
   1525/3562  039349_26_d119vnu                        files      8 (kept 4, dropped 4) links     3  0.09 MiB
   1526/3562  039349_26_d119vr3                        files      8 (kept 4, dropped 4) links     3  0.09 MiB
   1527/3562  039349_26_q29flip                        files     40 (kept 6, dropped 34) links    17  0.14 MiB
   1528/3562  039349_26_q29stm                         files     40 (kept 6, dropped 34) links    17  0.14 MiB
   1529/3562  039349_26_q31tot                         files     32 (kept 4, dropped 28) links    17  0.10 MiB
   1530/3562  039349_26_q31tot2                        files     32 (kept 4, dropped 28) links    17  0.10 MiB
   1531/3562  039349_26_q32ctlp                        files     32 (kept 4, dropped 28) links    17  0.11 MiB
   1532/3562  039349_26_q32ti                          files     32 (kept 4, dropped 28) links    17  0.10 MiB
   1533/3562  039349_26_q32tis                         files     32 (kept 4, dropped 28) links    17  0.11 MiB
   1534/3562  039349_26_q33bctlp                       files     32 (kept 4, dropped 28) links    17  0.11 MiB
   1535/3562  039349_26_q33cm                          files     32 (kept 4, dropped 28) links    17  0.11 MiB
   1536/3562  039349_26_q33cs                          files     32 (kept 4, dropped 28) links    17  0.11 MiB
   1537/3562  039349_26_q33ctlp                        files     32 (kept 4, dropped 28) links    17  0.11 MiB
   1538/3562  039349_26_q33cu                          files     32 (kept 4, dropped 28) links    17  0.11 MiB
   1539/3562  039349_26_q33tm                          files     32 (kept 4, dropped 28) links    17  0.10 MiB
   1540/3562  039349_26_q33ts                          files     32 (kept 4, dropped 28) links    17  0.10 MiB
   1541/3562  039349_26_q33tu                          files     32 (kept 4, dropped 28) links    17  0.11 MiB
   1542/3562  039349_26_q34ck1                         files     32 (kept 4, dropped 28) links    17  0.11 MiB
   1543/3562  039349_26_q34ck2                         files     32 (kept 4, dropped 28) links    17  0.11 MiB
   1544/3562  039349_26_q34ck3                         files     32 (kept 4, dropped 28) links    17  0.11 MiB
   1545/3562  039349_26_q34ctlp                        files     32 (kept 4, dropped 28) links    17  0.11 MiB
   1546/3562  039349_26_q34tk2                         files     32 (kept 4, dropped 28) links    17  0.10 MiB
   1547/3562  039349_26_q34tk3                         files     32 (kept 4, dropped 28) links    17  0.10 MiB
   1548/3562  039349_27_d111vst                        files      7 (kept 3, dropped 4) links     2  0.02 MiB
   1549/3562  039349_27_d113vbase                      files      7 (kept 3, dropped 4) links     2  0.02 MiB
   1550/3562  039349_27_d113vnone                      files      7 (kept 3, dropped 4) links     2  0.03 MiB
   1551/3562  039349_27_d119vnu                        files      8 (kept 4, dropped 4) links     3  0.02 MiB
   1552/3562  039349_27_d119vr3                        files      8 (kept 4, dropped 4) links     3  0.02 MiB
   1553/3562  039349_27_q29flip                        files     40 (kept 6, dropped 34) links    17  0.12 MiB
   1554/3562  039349_27_q29stm                         files     40 (kept 6, dropped 34) links    17  0.12 MiB
   1555/3562  039349_27_q31tot                         files     32 (kept 4, dropped 28) links    17  0.10 MiB
   1556/3562  039349_27_q31tot2                        files     32 (kept 4, dropped 28) links    17  0.10 MiB
   1557/3562  039349_27_q32ctlp                        files     32 (kept 4, dropped 28) links    17  0.10 MiB
   1558/3562  039349_27_q32ti                          files     32 (kept 4, dropped 28) links    17  0.10 MiB
   1559/3562  039349_27_q32tis                         files     32 (kept 4, dropped 28) links    17  0.10 MiB
   1560/3562  039349_27_q33bctlp                       files     32 (kept 4, dropped 28) links    17  0.10 MiB
   1561/3562  039349_27_q33cm                          files     32 (kept 4, dropped 28) links    17  0.10 MiB
   1562/3562  039349_27_q33cs                          files     32 (kept 4, dropped 28) links    17  0.10 MiB
   1563/3562  039349_27_q33ctlp                        files     32 (kept 4, dropped 28) links    17  0.10 MiB
   1564/3562  039349_27_q33cu                          files     32 (kept 4, dropped 28) links    17  0.10 MiB
   1565/3562  039349_27_q33tm                          files     32 (kept 4, dropped 28) links    17  0.10 MiB
   1566/3562  039349_27_q33ts                          files     32 (kept 4, dropped 28) links    17  0.10 MiB
   1567/3562  039349_27_q33tu                          files     32 (kept 4, dropped 28) links    17  0.10 MiB
   1568/3562  039349_27_q34ck1                         files     32 (kept 4, dropped 28) links    17  0.10 MiB
   1569/3562  039349_27_q34ck2                         files     32 (kept 4, dropped 28) links    17  0.10 MiB
   1570/3562  039349_27_q34ck3                         files     32 (kept 4, dropped 28) links    17  0.10 MiB
   1571/3562  039349_27_q34ctlp                        files     32 (kept 4, dropped 28) links    17  0.10 MiB
   1572/3562  039349_27_q34tk2                         files     32 (kept 4, dropped 28) links    17  0.10 MiB
   1573/3562  039349_27_q34tk3                         files     32 (kept 4, dropped 28) links    17  0.10 MiB
   1574/3562  039349_28_d111vst                        files      7 (kept 3, dropped 4) links     2  0.10 MiB
   1575/3562  039349_28_d113vbase                      files      7 (kept 3, dropped 4) links     2  0.10 MiB
   1576/3562  039349_28_d113vnone                      files      7 (kept 3, dropped 4) links     2  0.05 MiB
   1577/3562  039349_28_d119vnu                        files      8 (kept 4, dropped 4) links     3  0.02 MiB
   1578/3562  039349_28_d119vr3                        files      8 (kept 4, dropped 4) links     3  0.02 MiB
   1579/3562  039349_28_q29flip                        files     40 (kept 6, dropped 34) links    17  0.18 MiB
   1580/3562  039349_28_q29stm                         files     40 (kept 6, dropped 34) links    17  0.18 MiB
   1581/3562  039349_28_q31tot                         files     32 (kept 4, dropped 28) links    17  0.16 MiB
   1582/3562  039349_28_q31tot2                        files     32 (kept 4, dropped 28) links    17  0.16 MiB
   1583/3562  039349_28_q32ctlp                        files     32 (kept 4, dropped 28) links    17  0.16 MiB
   1584/3562  039349_28_q32ti                          files     32 (kept 4, dropped 28) links    17  0.15 MiB
   1585/3562  039349_28_q32tis                         files     32 (kept 4, dropped 28) links    17  0.16 MiB
   1586/3562  039349_28_q33bctlp                       files     32 (kept 4, dropped 28) links    17  0.16 MiB
   1587/3562  039349_28_q33cm                          files     32 (kept 4, dropped 28) links    17  0.16 MiB
   1588/3562  039349_28_q33cs                          files     32 (kept 4, dropped 28) links    17  0.16 MiB
   1589/3562  039349_28_q33ctlp                        files     32 (kept 4, dropped 28) links    17  0.16 MiB
   1590/3562  039349_28_q33cu                          files     32 (kept 4, dropped 28) links    17  0.16 MiB
   1591/3562  039349_28_q33tm                          files     32 (kept 4, dropped 28) links    17  0.15 MiB
   1592/3562  039349_28_q33ts                          files     32 (kept 4, dropped 28) links    17  0.16 MiB
   1593/3562  039349_28_q33tu                          files     32 (kept 4, dropped 28) links    17  0.16 MiB
   1594/3562  039349_28_q34ck1                         files     32 (kept 4, dropped 28) links    17  0.16 MiB
   1595/3562  039349_28_q34ck2                         files     32 (kept 4, dropped 28) links    17  0.16 MiB
   1596/3562  039349_28_q34ck3                         files     32 (kept 4, dropped 28) links    17  0.16 MiB
   1597/3562  039349_28_q34ctlp                        files     32 (kept 4, dropped 28) links    17  0.16 MiB
   1598/3562  039349_28_q34tk2                         files     32 (kept 4, dropped 28) links    17  0.16 MiB
   1599/3562  039349_28_q34tk3                         files     32 (kept 4, dropped 28) links    17  0.16 MiB
   1600/3562  039349_29_d111vst                        files      7 (kept 3, dropped 4) links     2  0.02 MiB
   1601/3562  039349_29_d113vbase                      files      7 (kept 3, dropped 4) links     2  0.02 MiB
   1602/3562  039349_29_d113vnone                      files      7 (kept 3, dropped 4) links     2  0.03 MiB
   1603/3562  039349_29_d119vnu                        files      8 (kept 4, dropped 4) links     3  0.02 MiB
   1604/3562  039349_29_d119vr3                        files      8 (kept 4, dropped 4) links     3  0.02 MiB
   1605/3562  039349_29_q29flip                        files     40 (kept 6, dropped 34) links    17  0.12 MiB
   1606/3562  039349_29_q29stm                         files     40 (kept 6, dropped 34) links    17  0.12 MiB
   1607/3562  039349_29_q31tot                         files     32 (kept 4, dropped 28) links    17  0.09 MiB
   1608/3562  039349_29_q31tot2                        files     32 (kept 4, dropped 28) links    17  0.09 MiB
   1609/3562  039349_29_q32ctlp                        files     32 (kept 4, dropped 28) links    17  0.09 MiB
   1610/3562  039349_29_q32ti                          files     32 (kept 4, dropped 28) links    17  0.09 MiB
   1611/3562  039349_29_q32tis                         files     32 (kept 4, dropped 28) links    17  0.09 MiB
   1612/3562  039349_29_q33bctlp                       files     32 (kept 4, dropped 28) links    17  0.09 MiB
   1613/3562  039349_29_q33cm                          files     32 (kept 4, dropped 28) links    17  0.09 MiB
   1614/3562  039349_29_q33cs                          files     32 (kept 4, dropped 28) links    17  0.09 MiB
   1615/3562  039349_29_q33ctlp                        files     32 (kept 4, dropped 28) links    17  0.09 MiB
   1616/3562  039349_29_q33cu                          files     32 (kept 4, dropped 28) links    17  0.09 MiB
   1617/3562  039349_29_q33tm                          files     32 (kept 4, dropped 28) links    17  0.09 MiB
   1618/3562  039349_29_q33ts                          files     32 (kept 4, dropped 28) links    17  0.09 MiB
   1619/3562  039349_29_q33tu                          files     32 (kept 4, dropped 28) links    17  0.09 MiB
   1620/3562  039349_29_q34ck1                         files     32 (kept 4, dropped 28) links    17  0.09 MiB
   1621/3562  039349_29_q34ck2                         files     32 (kept 4, dropped 28) links    17  0.09 MiB
   1622/3562  039349_29_q34ck3                         files     32 (kept 4, dropped 28) links    17  0.09 MiB
   1623/3562  039349_29_q34ctlp                        files     32 (kept 4, dropped 28) links    17  0.09 MiB
   1624/3562  039349_29_q34tk2                         files     32 (kept 4, dropped 28) links    17  0.09 MiB
   1625/3562  039349_29_q34tk3                         files     32 (kept 4, dropped 28) links    17  0.09 MiB
   1626/3562  039349_2_d111vst                         files      7 (kept 3, dropped 4) links     2  0.06 MiB
   1627/3562  039349_2_d113vbase                       files      7 (kept 3, dropped 4) links     2  0.06 MiB
   1628/3562  039349_2_d113vnone                       files      7 (kept 3, dropped 4) links     2  0.03 MiB
   1629/3562  039349_2_d119vnu                         files      8 (kept 4, dropped 4) links     3  0.02 MiB
   1630/3562  039349_2_d119vr3                         files      8 (kept 4, dropped 4) links     3  0.02 MiB
   1631/3562  039349_2_q29flip                         files     40 (kept 6, dropped 34) links    17  0.11 MiB
   1632/3562  039349_2_q29stm                          files     40 (kept 6, dropped 34) links    17  0.11 MiB
   1633/3562  039349_2_q31tot                          files     32 (kept 4, dropped 28) links    17  0.10 MiB
   1634/3562  039349_2_q31tot2                         files     32 (kept 4, dropped 28) links    17  0.10 MiB
   1635/3562  039349_2_q32ctlp                         files     32 (kept 4, dropped 28) links    17  0.10 MiB
   1636/3562  039349_2_q32ti                           files     32 (kept 4, dropped 28) links    17  0.10 MiB
   1637/3562  039349_2_q32tis                          files     32 (kept 4, dropped 28) links    17  0.10 MiB
   1638/3562  039349_2_q33bctlp                        files     32 (kept 4, dropped 28) links    17  0.10 MiB
   1639/3562  039349_2_q33cm                           files     32 (kept 4, dropped 28) links    17  0.10 MiB
   1640/3562  039349_2_q33cs                           files     32 (kept 4, dropped 28) links    17  0.10 MiB
   1641/3562  039349_2_q33ctlp                         files     32 (kept 4, dropped 28) links    17  0.10 MiB
   1642/3562  039349_2_q33cu                           files     32 (kept 4, dropped 28) links    17  0.10 MiB
   1643/3562  039349_2_q33tm                           files     32 (kept 4, dropped 28) links    17  0.10 MiB
   1644/3562  039349_2_q33ts                           files     32 (kept 4, dropped 28) links    17  0.10 MiB
   1645/3562  039349_2_q33tu                           files     32 (kept 4, dropped 28) links    17  0.10 MiB
   1646/3562  039349_2_q34ck1                          files     32 (kept 4, dropped 28) links    17  0.10 MiB
   1647/3562  039349_2_q34ck2                          files     32 (kept 4, dropped 28) links    17  0.10 MiB
   1648/3562  039349_2_q34ck3                          files     32 (kept 4, dropped 28) links    17  0.10 MiB
   1649/3562  039349_2_q34ctlp                         files     32 (kept 4, dropped 28) links    17  0.10 MiB
   1650/3562  039349_2_q34tk2                          files     32 (kept 4, dropped 28) links    17  0.10 MiB
   1651/3562  039349_2_q34tk3                          files     32 (kept 4, dropped 28) links    17  0.10 MiB
   1652/3562  039349_30_d111vst                        files      7 (kept 3, dropped 4) links     2  0.02 MiB
   1653/3562  039349_30_d113vbase                      files      7 (kept 3, dropped 4) links     2  0.02 MiB
   1654/3562  039349_30_d113vnone                      files      7 (kept 3, dropped 4) links     2  0.04 MiB
   1655/3562  039349_30_d119vnu                        files      8 (kept 4, dropped 4) links     3  0.03 MiB
   1656/3562  039349_30_d119vr3                        files      8 (kept 4, dropped 4) links     3  0.03 MiB
   1657/3562  039349_30_q29flip                        files     39 (kept 6, dropped 33) links    17  0.14 MiB
   1658/3562  039349_30_q29stm                         files     39 (kept 6, dropped 33) links    17  0.14 MiB
   1659/3562  039349_30_q31tot                         files     32 (kept 4, dropped 28) links    17  0.13 MiB
   1660/3562  039349_30_q31tot2                        files     32 (kept 4, dropped 28) links    17  0.13 MiB
   1661/3562  039349_30_q32ctlp                        files     32 (kept 4, dropped 28) links    17  0.13 MiB
   1662/3562  039349_30_q32ti                          files     32 (kept 4, dropped 28) links    17  0.13 MiB
   1663/3562  039349_30_q32tis                         files     32 (kept 4, dropped 28) links    17  0.13 MiB
   1664/3562  039349_30_q33bctlp                       files     32 (kept 4, dropped 28) links    17  0.13 MiB
   1665/3562  039349_30_q33cm                          files     32 (kept 4, dropped 28) links    17  0.13 MiB
   1666/3562  039349_30_q33cs                          files     32 (kept 4, dropped 28) links    17  0.13 MiB
   1667/3562  039349_30_q33ctlp                        files     32 (kept 4, dropped 28) links    17  0.13 MiB
   1668/3562  039349_30_q33cu                          files     32 (kept 4, dropped 28) links    17  0.13 MiB
   1669/3562  039349_30_q33tm                          files     32 (kept 4, dropped 28) links    17  0.13 MiB
   1670/3562  039349_30_q33ts                          files     32 (kept 4, dropped 28) links    17  0.13 MiB
   1671/3562  039349_30_q33tu                          files     32 (kept 4, dropped 28) links    17  0.13 MiB
   1672/3562  039349_30_q34ck1                         files     32 (kept 4, dropped 28) links    17  0.13 MiB
   1673/3562  039349_30_q34ck2                         files     32 (kept 4, dropped 28) links    17  0.13 MiB
   1674/3562  039349_30_q34ck3                         files     32 (kept 4, dropped 28) links    17  0.13 MiB
   1675/3562  039349_30_q34ctlp                        files     32 (kept 4, dropped 28) links    17  0.13 MiB
   1676/3562  039349_30_q34tk2                         files     32 (kept 4, dropped 28) links    17  0.13 MiB
   1677/3562  039349_30_q34tk3                         files     32 (kept 4, dropped 28) links    17  0.13 MiB
   1678/3562  039349_31_d111vst                        files      7 (kept 3, dropped 4) links     2  0.02 MiB
   1679/3562  039349_31_d113vbase                      files      7 (kept 3, dropped 4) links     2  0.02 MiB
   1680/3562  039349_31_d113vnone                      files      7 (kept 3, dropped 4) links     2  0.03 MiB
   1681/3562  039349_31_d119vnu                        files      8 (kept 4, dropped 4) links     3  0.03 MiB
   1682/3562  039349_31_d119vr3                        files      8 (kept 4, dropped 4) links     3  0.03 MiB
   1683/3562  039349_31_q29flip                        files     40 (kept 6, dropped 34) links    17  0.18 MiB
   1684/3562  039349_31_q29stm                         files     40 (kept 6, dropped 34) links    17  0.18 MiB
   1685/3562  039349_31_q31tot                         files     32 (kept 4, dropped 28) links    17  0.13 MiB
   1686/3562  039349_31_q31tot2                        files     32 (kept 4, dropped 28) links    17  0.13 MiB
   1687/3562  039349_31_q32ctlp                        files     32 (kept 4, dropped 28) links    17  0.13 MiB
   1688/3562  039349_31_q32ti                          files     32 (kept 4, dropped 28) links    17  0.13 MiB
   1689/3562  039349_31_q32tis                         files     32 (kept 4, dropped 28) links    17  0.13 MiB
   1690/3562  039349_31_q33bctlp                       files     32 (kept 4, dropped 28) links    17  0.13 MiB
   1691/3562  039349_31_q33cm                          files     32 (kept 4, dropped 28) links    17  0.13 MiB
   1692/3562  039349_31_q33cs                          files     32 (kept 4, dropped 28) links    17  0.13 MiB
   1693/3562  039349_31_q33ctlp                        files     32 (kept 4, dropped 28) links    17  0.13 MiB
   1694/3562  039349_31_q33cu                          files     32 (kept 4, dropped 28) links    17  0.13 MiB
   1695/3562  039349_31_q33tm                          files     32 (kept 4, dropped 28) links    17  0.13 MiB
   1696/3562  039349_31_q33ts                          files     32 (kept 4, dropped 28) links    17  0.13 MiB
   1697/3562  039349_31_q33tu                          files     32 (kept 4, dropped 28) links    17  0.13 MiB
   1698/3562  039349_31_q34ck1                         files     32 (kept 4, dropped 28) links    17  0.13 MiB
   1699/3562  039349_31_q34ck2                         files     32 (kept 4, dropped 28) links    17  0.13 MiB
   1700/3562  039349_31_q34ck3                         files     32 (kept 4, dropped 28) links    17  0.13 MiB
   1701/3562  039349_31_q34ctlp                        files     32 (kept 4, dropped 28) links    17  0.13 MiB
   1702/3562  039349_31_q34tk2                         files     32 (kept 4, dropped 28) links    17  0.13 MiB
   1703/3562  039349_31_q34tk3                         files     32 (kept 4, dropped 28) links    17  0.13 MiB
   1704/3562  039349_32_d111vst                        files      7 (kept 3, dropped 4) links     2  0.02 MiB
   1705/3562  039349_32_d113vbase                      files      7 (kept 3, dropped 4) links     2  0.02 MiB
   1706/3562  039349_32_d113vnone                      files      7 (kept 3, dropped 4) links     2  0.03 MiB
   1707/3562  039349_32_d119vnu                        files      8 (kept 4, dropped 4) links     3  0.02 MiB
   1708/3562  039349_32_d119vr3                        files      8 (kept 4, dropped 4) links     3  0.02 MiB
   1709/3562  039349_32_q29flip                        files     40 (kept 6, dropped 34) links    17  0.12 MiB
   1710/3562  039349_32_q29stm                         files     40 (kept 6, dropped 34) links    17  0.12 MiB
   1711/3562  039349_32_q31tot                         files     32 (kept 4, dropped 28) links    17  0.11 MiB
   1712/3562  039349_32_q31tot2                        files     32 (kept 4, dropped 28) links    17  0.11 MiB
   1713/3562  039349_32_q32ctlp                        files     32 (kept 4, dropped 28) links    17  0.11 MiB
   1714/3562  039349_32_q32ti                          files     32 (kept 4, dropped 28) links    17  0.11 MiB
   1715/3562  039349_32_q32tis                         files     32 (kept 4, dropped 28) links    17  0.11 MiB
   1716/3562  039349_32_q33bctlp                       files     32 (kept 4, dropped 28) links    17  0.11 MiB
   1717/3562  039349_32_q33cm                          files     32 (kept 4, dropped 28) links    17  0.11 MiB
   1718/3562  039349_32_q33cs                          files     32 (kept 4, dropped 28) links    17  0.11 MiB
   1719/3562  039349_32_q33ctlp                        files     32 (kept 4, dropped 28) links    17  0.11 MiB
   1720/3562  039349_32_q33cu                          files     32 (kept 4, dropped 28) links    17  0.11 MiB
   1721/3562  039349_32_q33tm                          files     32 (kept 4, dropped 28) links    17  0.11 MiB
   1722/3562  039349_32_q33ts                          files     32 (kept 4, dropped 28) links    17  0.11 MiB
   1723/3562  039349_32_q33tu                          files     32 (kept 4, dropped 28) links    17  0.11 MiB
   1724/3562  039349_32_q34ck1                         files     32 (kept 4, dropped 28) links    17  0.11 MiB
   1725/3562  039349_32_q34ck2                         files     32 (kept 4, dropped 28) links    17  0.11 MiB
   1726/3562  039349_32_q34ck3                         files     32 (kept 4, dropped 28) links    17  0.11 MiB
   1727/3562  039349_32_q34ctlp                        files     32 (kept 4, dropped 28) links    17  0.11 MiB
   1728/3562  039349_32_q34tk2                         files     32 (kept 4, dropped 28) links    17  0.11 MiB
   1729/3562  039349_32_q34tk3                         files     32 (kept 4, dropped 28) links    17  0.11 MiB
   1730/3562  039349_33_d111vst                        files      7 (kept 3, dropped 4) links     2  0.04 MiB
   1731/3562  039349_33_d113vbase                      files      7 (kept 3, dropped 4) links     2  0.04 MiB
   1732/3562  039349_33_d113vnone                      files      7 (kept 3, dropped 4) links     2  0.05 MiB
   1733/3562  039349_33_d119vnu                        files      8 (kept 4, dropped 4) links     3  0.03 MiB
   1734/3562  039349_33_d119vr3                        files      8 (kept 4, dropped 4) links     3  0.03 MiB
   1735/3562  039349_33_q29flip                        files     40 (kept 6, dropped 34) links    17  0.17 MiB
   1736/3562  039349_33_q29stm                         files     40 (kept 6, dropped 34) links    17  0.17 MiB
   1737/3562  039349_33_q31tot                         files     32 (kept 4, dropped 28) links    17  0.13 MiB
   1738/3562  039349_33_q31tot2                        files     32 (kept 4, dropped 28) links    17  0.13 MiB
   1739/3562  039349_33_q32ctlp                        files     32 (kept 4, dropped 28) links    17  0.13 MiB
   1740/3562  039349_33_q32ti                          files     32 (kept 4, dropped 28) links    17  0.13 MiB
   1741/3562  039349_33_q32tis                         files     32 (kept 4, dropped 28) links    17  0.13 MiB
   1742/3562  039349_33_q33bctlp                       files     32 (kept 4, dropped 28) links    17  0.13 MiB
   1743/3562  039349_33_q33cm                          files     32 (kept 4, dropped 28) links    17  0.13 MiB
   1744/3562  039349_33_q33cs                          files     32 (kept 4, dropped 28) links    17  0.13 MiB
   1745/3562  039349_33_q33ctlp                        files     32 (kept 4, dropped 28) links    17  0.13 MiB
   1746/3562  039349_33_q33cu                          files     32 (kept 4, dropped 28) links    17  0.13 MiB
   1747/3562  039349_33_q33tm                          files     32 (kept 4, dropped 28) links    17  0.13 MiB
   1748/3562  039349_33_q33ts                          files     32 (kept 4, dropped 28) links    17  0.13 MiB
   1749/3562  039349_33_q33tu                          files     32 (kept 4, dropped 28) links    17  0.13 MiB
   1750/3562  039349_33_q34ck1                         files     32 (kept 4, dropped 28) links    17  0.13 MiB
   1751/3562  039349_33_q34ck2                         files     32 (kept 4, dropped 28) links    17  0.13 MiB
   1752/3562  039349_33_q34ck3                         files     32 (kept 4, dropped 28) links    17  0.13 MiB
   1753/3562  039349_33_q34ctlp                        files     32 (kept 4, dropped 28) links    17  0.13 MiB
   1754/3562  039349_33_q34tk2                         files     32 (kept 4, dropped 28) links    17  0.13 MiB
   1755/3562  039349_33_q34tk3                         files     32 (kept 4, dropped 28) links    17  0.13 MiB
   1756/3562  039349_34_d111vst                        files      7 (kept 3, dropped 4) links     2  0.02 MiB
   1757/3562  039349_34_d113vbase                      files      7 (kept 3, dropped 4) links     2  0.02 MiB
   1758/3562  039349_34_d113vnone                      files      7 (kept 3, dropped 4) links     2  0.03 MiB
   1759/3562  039349_34_d119vnu                        files      8 (kept 4, dropped 4) links     3  0.02 MiB
   1760/3562  039349_34_d119vr3                        files      8 (kept 4, dropped 4) links     3  0.02 MiB
   1761/3562  039349_34_q29flip                        files     40 (kept 6, dropped 34) links    17  0.11 MiB
   1762/3562  039349_34_q29stm                         files     40 (kept 6, dropped 34) links    17  0.11 MiB
   1763/3562  039349_34_q31tot                         files     32 (kept 4, dropped 28) links    17  0.09 MiB
   1764/3562  039349_34_q31tot2                        files     32 (kept 4, dropped 28) links    17  0.09 MiB
   1765/3562  039349_34_q32ctlp                        files     32 (kept 4, dropped 28) links    17  0.09 MiB
   1766/3562  039349_34_q32ti                          files     32 (kept 4, dropped 28) links    17  0.09 MiB
   1767/3562  039349_34_q32tis                         files     32 (kept 4, dropped 28) links    17  0.09 MiB
   1768/3562  039349_34_q33bctlp                       files     32 (kept 4, dropped 28) links    17  0.09 MiB
   1769/3562  039349_34_q33cm                          files     32 (kept 4, dropped 28) links    17  0.09 MiB
   1770/3562  039349_34_q33cs                          files     32 (kept 4, dropped 28) links    17  0.09 MiB
   1771/3562  039349_34_q33ctlp                        files     32 (kept 4, dropped 28) links    17  0.09 MiB
   1772/3562  039349_34_q33cu                          files     32 (kept 4, dropped 28) links    17  0.09 MiB
   1773/3562  039349_34_q33tm                          files     32 (kept 4, dropped 28) links    17  0.09 MiB
   1774/3562  039349_34_q33ts                          files     32 (kept 4, dropped 28) links    17  0.09 MiB
   1775/3562  039349_34_q33tu                          files     32 (kept 4, dropped 28) links    17  0.09 MiB
   1776/3562  039349_34_q34ck1                         files     32 (kept 4, dropped 28) links    17  0.09 MiB
   1777/3562  039349_34_q34ck2                         files     32 (kept 4, dropped 28) links    17  0.09 MiB
   1778/3562  039349_34_q34ck3                         files     32 (kept 4, dropped 28) links    17  0.09 MiB
   1779/3562  039349_34_q34ctlp                        files     32 (kept 4, dropped 28) links    17  0.09 MiB
   1780/3562  039349_34_q34tk2                         files     32 (kept 4, dropped 28) links    17  0.09 MiB
   1781/3562  039349_34_q34tk3                         files     32 (kept 4, dropped 28) links    17  0.09 MiB
   1782/3562  039349_35_d111vst                        files      7 (kept 3, dropped 4) links     2  0.02 MiB
   1783/3562  039349_35_d113vbase                      files      7 (kept 3, dropped 4) links     2  0.02 MiB
   1784/3562  039349_35_d113vnone                      files      7 (kept 3, dropped 4) links     2  0.03 MiB
   1785/3562  039349_35_d119vnu                        files      8 (kept 4, dropped 4) links     3  0.02 MiB
   1786/3562  039349_35_d119vr3                        files      8 (kept 4, dropped 4) links     3  0.02 MiB
   1787/3562  039349_35_q29flip                        files     40 (kept 6, dropped 34) links    17  0.15 MiB
   1788/3562  039349_35_q29stm                         files     40 (kept 6, dropped 34) links    17  0.15 MiB
   1789/3562  039349_35_q31tot                         files     32 (kept 4, dropped 28) links    17  0.13 MiB
   1790/3562  039349_35_q31tot2                        files     32 (kept 4, dropped 28) links    17  0.13 MiB
   1791/3562  039349_35_q32ctlp                        files     32 (kept 4, dropped 28) links    17  0.13 MiB
   1792/3562  039349_35_q32ti                          files     32 (kept 4, dropped 28) links    17  0.13 MiB
   1793/3562  039349_35_q32tis                         files     32 (kept 4, dropped 28) links    17  0.13 MiB
   1794/3562  039349_35_q33bctlp                       files     32 (kept 4, dropped 28) links    17  0.13 MiB
   1795/3562  039349_35_q33cm                          files     32 (kept 4, dropped 28) links    17  0.13 MiB
   1796/3562  039349_35_q33cs                          files     32 (kept 4, dropped 28) links    17  0.13 MiB
   1797/3562  039349_35_q33ctlp                        files     32 (kept 4, dropped 28) links    17  0.13 MiB
   1798/3562  039349_35_q33cu                          files     32 (kept 4, dropped 28) links    17  0.13 MiB
   1799/3562  039349_35_q33tm                          files     32 (kept 4, dropped 28) links    17  0.13 MiB
   1800/3562  039349_35_q33ts                          files     32 (kept 4, dropped 28) links    17  0.13 MiB
   1801/3562  039349_35_q33tu                          files     32 (kept 4, dropped 28) links    17  0.13 MiB
   1802/3562  039349_35_q34ck1                         files     32 (kept 4, dropped 28) links    17  0.13 MiB
   1803/3562  039349_35_q34ck2                         files     32 (kept 4, dropped 28) links    17  0.13 MiB
   1804/3562  039349_35_q34ck3                         files     32 (kept 4, dropped 28) links    17  0.13 MiB
   1805/3562  039349_35_q34ctlp                        files     32 (kept 4, dropped 28) links    17  0.13 MiB
   1806/3562  039349_35_q34tk2                         files     32 (kept 4, dropped 28) links    17  0.13 MiB
   1807/3562  039349_35_q34tk3                         files     32 (kept 4, dropped 28) links    17  0.13 MiB
   1808/3562  039349_36_d111vst                        files      7 (kept 3, dropped 4) links     2  0.02 MiB
   1809/3562  039349_36_d113vbase                      files      7 (kept 3, dropped 4) links     2  0.02 MiB
   1810/3562  039349_36_d113vnone                      files      7 (kept 3, dropped 4) links     2  0.03 MiB
   1811/3562  039349_36_d119vnu                        files      8 (kept 4, dropped 4) links     3  0.02 MiB
   1812/3562  039349_36_d119vr3                        files      8 (kept 4, dropped 4) links     3  0.02 MiB
   1813/3562  039349_36_q29flip                        files     40 (kept 6, dropped 34) links    17  0.12 MiB
   1814/3562  039349_36_q29stm                         files     40 (kept 6, dropped 34) links    17  0.12 MiB
   1815/3562  039349_36_q31tot                         files     32 (kept 4, dropped 28) links    17  0.10 MiB
   1816/3562  039349_36_q31tot2                        files     32 (kept 4, dropped 28) links    17  0.10 MiB
   1817/3562  039349_36_q32ctlp                        files     32 (kept 4, dropped 28) links    17  0.10 MiB
   1818/3562  039349_36_q32ti                          files     32 (kept 4, dropped 28) links    17  0.10 MiB
   1819/3562  039349_36_q32tis                         files     32 (kept 4, dropped 28) links    17  0.10 MiB
   1820/3562  039349_36_q33bctlp                       files     32 (kept 4, dropped 28) links    17  0.10 MiB
   1821/3562  039349_36_q33cm                          files     32 (kept 4, dropped 28) links    17  0.10 MiB
   1822/3562  039349_36_q33cs                          files     32 (kept 4, dropped 28) links    17  0.10 MiB
   1823/3562  039349_36_q33ctlp                        files     32 (kept 4, dropped 28) links    17  0.10 MiB
   1824/3562  039349_36_q33cu                          files     32 (kept 4, dropped 28) links    17  0.10 MiB
   1825/3562  039349_36_q33tm                          files     32 (kept 4, dropped 28) links    17  0.10 MiB
   1826/3562  039349_36_q33ts                          files     32 (kept 4, dropped 28) links    17  0.10 MiB
   1827/3562  039349_36_q33tu                          files     32 (kept 4, dropped 28) links    17  0.10 MiB
   1828/3562  039349_36_q34ck1                         files     32 (kept 4, dropped 28) links    17  0.10 MiB
   1829/3562  039349_36_q34ck2                         files     32 (kept 4, dropped 28) links    17  0.10 MiB
   1830/3562  039349_36_q34ck3                         files     32 (kept 4, dropped 28) links    17  0.10 MiB
   1831/3562  039349_36_q34ctlp                        files     32 (kept 4, dropped 28) links    17  0.10 MiB
   1832/3562  039349_36_q34tk2                         files     32 (kept 4, dropped 28) links    17  0.10 MiB
   1833/3562  039349_36_q34tk3                         files     32 (kept 4, dropped 28) links    17  0.10 MiB
   1834/3562  039349_37_d111vst                        files      7 (kept 3, dropped 4) links     2  0.05 MiB
   1835/3562  039349_37_d113vbase                      files      7 (kept 3, dropped 4) links     2  0.05 MiB
   1836/3562  039349_37_d113vnone                      files      7 (kept 3, dropped 4) links     2  0.11 MiB
   1837/3562  039349_37_d119vnu                        files      8 (kept 4, dropped 4) links     3  0.05 MiB
   1838/3562  039349_37_d119vr3                        files      8 (kept 4, dropped 4) links     3  0.05 MiB
   1839/3562  039349_37_q29flip                        files     40 (kept 6, dropped 34) links    17  0.24 MiB
   1840/3562  039349_37_q29stm                         files     40 (kept 6, dropped 34) links    17  0.24 MiB
   1841/3562  039349_37_q31tot                         files     32 (kept 4, dropped 28) links    17  0.12 MiB
   1842/3562  039349_37_q31tot2                        files     32 (kept 4, dropped 28) links    17  0.12 MiB
   1843/3562  039349_37_q32ctlp                        files     32 (kept 4, dropped 28) links    17  0.12 MiB
   1844/3562  039349_37_q32ti                          files     32 (kept 4, dropped 28) links    17  0.12 MiB
   1845/3562  039349_37_q32tis                         files     32 (kept 4, dropped 28) links    17  0.12 MiB
   1846/3562  039349_37_q33bctlp                       files     32 (kept 4, dropped 28) links    17  0.12 MiB
   1847/3562  039349_37_q33cm                          files     32 (kept 4, dropped 28) links    17  0.12 MiB
   1848/3562  039349_37_q33cs                          files     32 (kept 4, dropped 28) links    17  0.12 MiB
   1849/3562  039349_37_q33ctlp                        files     32 (kept 4, dropped 28) links    17  0.12 MiB
   1850/3562  039349_37_q33cu                          files     32 (kept 4, dropped 28) links    17  0.12 MiB
   1851/3562  039349_37_q33tm                          files     32 (kept 4, dropped 28) links    17  0.12 MiB
   1852/3562  039349_37_q33ts                          files     32 (kept 4, dropped 28) links    17  0.12 MiB
   1853/3562  039349_37_q33tu                          files     32 (kept 4, dropped 28) links    17  0.12 MiB
   1854/3562  039349_37_q34ck1                         files     32 (kept 4, dropped 28) links    17  0.12 MiB
   1855/3562  039349_37_q34ck2                         files     32 (kept 4, dropped 28) links    17  0.12 MiB
   1856/3562  039349_37_q34ck3                         files     32 (kept 4, dropped 28) links    17  0.12 MiB
   1857/3562  039349_37_q34ctlp                        files     32 (kept 4, dropped 28) links    17  0.12 MiB
   1858/3562  039349_37_q34tk2                         files     32 (kept 4, dropped 28) links    17  0.12 MiB
   1859/3562  039349_37_q34tk3                         files     32 (kept 4, dropped 28) links    17  0.12 MiB
   1860/3562  039349_38_d111vst                        files      7 (kept 3, dropped 4) links     2  0.05 MiB
   1861/3562  039349_38_d113vbase                      files      7 (kept 3, dropped 4) links     2  0.05 MiB
   1862/3562  039349_38_d113vnone                      files      7 (kept 3, dropped 4) links     2  0.04 MiB
   1863/3562  039349_38_d119vnu                        files      8 (kept 4, dropped 4) links     3  0.03 MiB
   1864/3562  039349_38_d119vr3                        files      8 (kept 4, dropped 4) links     3  0.03 MiB
   1865/3562  039349_38_q29flip                        files     40 (kept 6, dropped 34) links    17  0.17 MiB
   1866/3562  039349_38_q29stm                         files     40 (kept 6, dropped 34) links    17  0.18 MiB
   1867/3562  039349_38_q31tot                         files     32 (kept 4, dropped 28) links    17  0.10 MiB
   1868/3562  039349_38_q31tot2                        files     32 (kept 4, dropped 28) links    17  0.10 MiB
   1869/3562  039349_38_q32ctlp                        files     32 (kept 4, dropped 28) links    17  0.10 MiB
   1870/3562  039349_38_q32ti                          files     32 (kept 4, dropped 28) links    17  0.10 MiB
   1871/3562  039349_38_q32tis                         files     32 (kept 4, dropped 28) links    17  0.10 MiB
   1872/3562  039349_38_q33bctlp                       files     32 (kept 4, dropped 28) links    17  0.10 MiB
   1873/3562  039349_38_q33cm                          files     32 (kept 4, dropped 28) links    17  0.10 MiB
   1874/3562  039349_38_q33cs                          files     32 (kept 4, dropped 28) links    17  0.10 MiB
   1875/3562  039349_38_q33ctlp                        files     32 (kept 4, dropped 28) links    17  0.10 MiB
   1876/3562  039349_38_q33cu                          files     32 (kept 4, dropped 28) links    17  0.10 MiB
   1877/3562  039349_38_q33tm                          files     32 (kept 4, dropped 28) links    17  0.10 MiB
   1878/3562  039349_38_q33ts                          files     32 (kept 4, dropped 28) links    17  0.10 MiB
   1879/3562  039349_38_q33tu                          files     32 (kept 4, dropped 28) links    17  0.10 MiB
   1880/3562  039349_38_q34ck1                         files     32 (kept 4, dropped 28) links    17  0.10 MiB
   1881/3562  039349_38_q34ck2                         files     32 (kept 4, dropped 28) links    17  0.10 MiB
   1882/3562  039349_38_q34ck3                         files     32 (kept 4, dropped 28) links    17  0.10 MiB
   1883/3562  039349_38_q34ctlp                        files     32 (kept 4, dropped 28) links    17  0.10 MiB
   1884/3562  039349_38_q34tk2                         files     32 (kept 4, dropped 28) links    17  0.10 MiB
   1885/3562  039349_38_q34tk3                         files     32 (kept 4, dropped 28) links    17  0.10 MiB
   1886/3562  039349_39_d111vst                        files      7 (kept 3, dropped 4) links     2  0.02 MiB
   1887/3562  039349_39_d113vbase                      files      7 (kept 3, dropped 4) links     2  0.02 MiB
   1888/3562  039349_39_d113vnone                      files      7 (kept 3, dropped 4) links     2  0.03 MiB
   1889/3562  039349_39_d119vnu                        files      8 (kept 4, dropped 4) links     3  0.02 MiB
   1890/3562  039349_39_d119vr3                        files      8 (kept 4, dropped 4) links     3  0.02 MiB
   1891/3562  039349_39_q29flip                        files     40 (kept 6, dropped 34) links    17  0.12 MiB
   1892/3562  039349_39_q29stm                         files     40 (kept 6, dropped 34) links    17  0.12 MiB
   1893/3562  039349_39_q31tot                         files     32 (kept 4, dropped 28) links    17  0.10 MiB
   1894/3562  039349_39_q31tot2                        files     32 (kept 4, dropped 28) links    17  0.10 MiB
   1895/3562  039349_39_q32ctlp                        files     32 (kept 4, dropped 28) links    17  0.10 MiB
   1896/3562  039349_39_q32ti                          files     32 (kept 4, dropped 28) links    17  0.10 MiB
   1897/3562  039349_39_q32tis                         files     32 (kept 4, dropped 28) links    17  0.10 MiB
   1898/3562  039349_39_q33bctlp                       files     32 (kept 4, dropped 28) links    17  0.10 MiB
   1899/3562  039349_39_q33cm                          files     32 (kept 4, dropped 28) links    17  0.10 MiB
   1900/3562  039349_39_q33cs                          files     32 (kept 4, dropped 28) links    17  0.10 MiB
   1901/3562  039349_39_q33ctlp                        files     32 (kept 4, dropped 28) links    17  0.10 MiB
   1902/3562  039349_39_q33cu                          files     32 (kept 4, dropped 28) links    17  0.10 MiB
   1903/3562  039349_39_q33tm                          files     32 (kept 4, dropped 28) links    17  0.10 MiB
   1904/3562  039349_39_q33ts                          files     32 (kept 4, dropped 28) links    17  0.10 MiB
   1905/3562  039349_39_q33tu                          files     32 (kept 4, dropped 28) links    17  0.10 MiB
   1906/3562  039349_39_q34ck1                         files     32 (kept 4, dropped 28) links    17  0.10 MiB
   1907/3562  039349_39_q34ck2                         files     32 (kept 4, dropped 28) links    17  0.10 MiB
   1908/3562  039349_39_q34ck3                         files     32 (kept 4, dropped 28) links    17  0.10 MiB
   1909/3562  039349_39_q34ctlp                        files     32 (kept 4, dropped 28) links    17  0.10 MiB
   1910/3562  039349_39_q34tk2                         files     32 (kept 4, dropped 28) links    17  0.10 MiB
   1911/3562  039349_39_q34tk3                         files     32 (kept 4, dropped 28) links    17  0.10 MiB
   1912/3562  039349_3_d111vst                         files      7 (kept 3, dropped 4) links     2  0.02 MiB
   1913/3562  039349_3_d113vbase                       files      7 (kept 3, dropped 4) links     2  0.02 MiB
   1914/3562  039349_3_d113vnone                       files      7 (kept 3, dropped 4) links     2  0.03 MiB
   1915/3562  039349_3_d119vnu                         files      8 (kept 4, dropped 4) links     3  0.02 MiB
   1916/3562  039349_3_d119vr3                         files      8 (kept 4, dropped 4) links     3  0.02 MiB
   1917/3562  039349_3_q29flip                         files     40 (kept 6, dropped 34) links    17  0.13 MiB
   1918/3562  039349_3_q29stm                          files     40 (kept 6, dropped 34) links    17  0.13 MiB
   1919/3562  039349_3_q31tot                          files     32 (kept 4, dropped 28) links    17  0.11 MiB
   1920/3562  039349_3_q31tot2                         files     32 (kept 4, dropped 28) links    17  0.11 MiB
   1921/3562  039349_3_q32ctlp                         files     32 (kept 4, dropped 28) links    17  0.11 MiB
   1922/3562  039349_3_q32ti                           files     32 (kept 4, dropped 28) links    17  0.11 MiB
   1923/3562  039349_3_q32tis                          files     32 (kept 4, dropped 28) links    17  0.11 MiB
   1924/3562  039349_3_q33bctlp                        files     32 (kept 4, dropped 28) links    17  0.11 MiB
   1925/3562  039349_3_q33cm                           files     32 (kept 4, dropped 28) links    17  0.11 MiB
   1926/3562  039349_3_q33cs                           files     32 (kept 4, dropped 28) links    17  0.11 MiB
   1927/3562  039349_3_q33ctlp                         files     32 (kept 4, dropped 28) links    17  0.11 MiB
   1928/3562  039349_3_q33cu                           files     32 (kept 4, dropped 28) links    17  0.11 MiB
   1929/3562  039349_3_q33tm                           files     32 (kept 4, dropped 28) links    17  0.11 MiB
   1930/3562  039349_3_q33ts                           files     32 (kept 4, dropped 28) links    17  0.11 MiB
   1931/3562  039349_3_q33tu                           files     32 (kept 4, dropped 28) links    17  0.11 MiB
   1932/3562  039349_3_q34ck1                          files     32 (kept 4, dropped 28) links    17  0.11 MiB
   1933/3562  039349_3_q34ck2                          files     32 (kept 4, dropped 28) links    17  0.11 MiB
   1934/3562  039349_3_q34ck3                          files     32 (kept 4, dropped 28) links    17  0.11 MiB
   1935/3562  039349_3_q34ctlp                         files     32 (kept 4, dropped 28) links    17  0.11 MiB
   1936/3562  039349_3_q34tk2                          files     32 (kept 4, dropped 28) links    17  0.11 MiB
   1937/3562  039349_3_q34tk3                          files     32 (kept 4, dropped 28) links    17  0.11 MiB
   1938/3562  039349_40_d111vst                        files      7 (kept 3, dropped 4) links     2  0.02 MiB
   1939/3562  039349_40_d113vbase                      files      7 (kept 3, dropped 4) links     2  0.02 MiB
   1940/3562  039349_40_d113vnone                      files      7 (kept 3, dropped 4) links     2  0.03 MiB
   1941/3562  039349_40_d119vnu                        files      8 (kept 4, dropped 4) links     3  0.02 MiB
   1942/3562  039349_40_d119vr3                        files      8 (kept 4, dropped 4) links     3  0.02 MiB
   1943/3562  039349_40_q29flip                        files     40 (kept 6, dropped 34) links    17  0.10 MiB
   1944/3562  039349_40_q29stm                         files     40 (kept 6, dropped 34) links    17  0.10 MiB
   1945/3562  039349_40_q31tot                         files     32 (kept 4, dropped 28) links    17  0.09 MiB
   1946/3562  039349_40_q31tot2                        files     32 (kept 4, dropped 28) links    17  0.09 MiB
   1947/3562  039349_40_q32ctlp                        files     32 (kept 4, dropped 28) links    17  0.09 MiB
   1948/3562  039349_40_q32ti                          files     32 (kept 4, dropped 28) links    17  0.09 MiB
   1949/3562  039349_40_q32tis                         files     32 (kept 4, dropped 28) links    17  0.09 MiB
   1950/3562  039349_40_q33bctlp                       files     32 (kept 4, dropped 28) links    17  0.09 MiB
   1951/3562  039349_40_q33cm                          files     32 (kept 4, dropped 28) links    17  0.09 MiB
   1952/3562  039349_40_q33cs                          files     32 (kept 4, dropped 28) links    17  0.09 MiB
   1953/3562  039349_40_q33ctlp                        files     32 (kept 4, dropped 28) links    17  0.09 MiB
   1954/3562  039349_40_q33cu                          files     32 (kept 4, dropped 28) links    17  0.09 MiB
   1955/3562  039349_40_q33tm                          files     32 (kept 4, dropped 28) links    17  0.09 MiB
   1956/3562  039349_40_q33ts                          files     32 (kept 4, dropped 28) links    17  0.09 MiB
   1957/3562  039349_40_q33tu                          files     32 (kept 4, dropped 28) links    17  0.09 MiB
   1958/3562  039349_40_q34ck1                         files     32 (kept 4, dropped 28) links    17  0.09 MiB
   1959/3562  039349_40_q34ck2                         files     32 (kept 4, dropped 28) links    17  0.09 MiB
   1960/3562  039349_40_q34ck3                         files     32 (kept 4, dropped 28) links    17  0.09 MiB
   1961/3562  039349_40_q34ctlp                        files     32 (kept 4, dropped 28) links    17  0.09 MiB
   1962/3562  039349_40_q34tk2                         files     32 (kept 4, dropped 28) links    17  0.09 MiB
   1963/3562  039349_40_q34tk3                         files     32 (kept 4, dropped 28) links    17  0.09 MiB
   1964/3562  039349_41_d111vst                        files      7 (kept 3, dropped 4) links     2  0.02 MiB
   1965/3562  039349_41_d113vbase                      files      7 (kept 3, dropped 4) links     2  0.02 MiB
   1966/3562  039349_41_d113vnone                      files      7 (kept 3, dropped 4) links     2  0.03 MiB
   1967/3562  039349_41_d119vnu                        files      8 (kept 4, dropped 4) links     3  0.02 MiB
   1968/3562  039349_41_d119vr3                        files      8 (kept 4, dropped 4) links     3  0.02 MiB
   1969/3562  039349_41_q29flip                        files     40 (kept 6, dropped 34) links    17  0.12 MiB
   1970/3562  039349_41_q29stm                         files     40 (kept 6, dropped 34) links    17  0.12 MiB
   1971/3562  039349_41_q31tot                         files     32 (kept 4, dropped 28) links    17  0.10 MiB
   1972/3562  039349_41_q31tot2                        files     32 (kept 4, dropped 28) links    17  0.10 MiB
   1973/3562  039349_41_q32ctlp                        files     32 (kept 4, dropped 28) links    17  0.10 MiB
   1974/3562  039349_41_q32ti                          files     32 (kept 4, dropped 28) links    17  0.10 MiB
   1975/3562  039349_41_q32tis                         files     32 (kept 4, dropped 28) links    17  0.10 MiB
   1976/3562  039349_41_q33bctlp                       files     32 (kept 4, dropped 28) links    17  0.10 MiB
   1977/3562  039349_41_q33cm                          files     32 (kept 4, dropped 28) links    17  0.10 MiB
   1978/3562  039349_41_q33cs                          files     32 (kept 4, dropped 28) links    17  0.10 MiB
   1979/3562  039349_41_q33ctlp                        files     32 (kept 4, dropped 28) links    17  0.10 MiB
   1980/3562  039349_41_q33cu                          files     32 (kept 4, dropped 28) links    17  0.10 MiB
   1981/3562  039349_41_q33tm                          files     32 (kept 4, dropped 28) links    17  0.10 MiB
   1982/3562  039349_41_q33ts                          files     32 (kept 4, dropped 28) links    17  0.10 MiB
   1983/3562  039349_41_q33tu                          files     32 (kept 4, dropped 28) links    17  0.10 MiB
   1984/3562  039349_41_q34ck1                         files     32 (kept 4, dropped 28) links    17  0.10 MiB
   1985/3562  039349_41_q34ck2                         files     32 (kept 4, dropped 28) links    17  0.10 MiB
   1986/3562  039349_41_q34ck3                         files     32 (kept 4, dropped 28) links    17  0.10 MiB
   1987/3562  039349_41_q34ctlp                        files     32 (kept 4, dropped 28) links    17  0.10 MiB
   1988/3562  039349_41_q34tk2                         files     32 (kept 4, dropped 28) links    17  0.10 MiB
   1989/3562  039349_41_q34tk3                         files     32 (kept 4, dropped 28) links    17  0.10 MiB
   1990/3562  039349_42_d111vst                        files      7 (kept 3, dropped 4) links     2  0.04 MiB
   1991/3562  039349_42_d113vbase                      files      7 (kept 3, dropped 4) links     2  0.04 MiB
   1992/3562  039349_42_d113vnone                      files      7 (kept 3, dropped 4) links     2  0.04 MiB
   1993/3562  039349_42_d119vnu                        files      8 (kept 4, dropped 4) links     3  0.03 MiB
   1994/3562  039349_42_d119vr3                        files      8 (kept 4, dropped 4) links     3  0.03 MiB
   1995/3562  039349_42_q29flip                        files     40 (kept 6, dropped 34) links    17  0.13 MiB
   1996/3562  039349_42_q29stm                         files     40 (kept 6, dropped 34) links    17  0.13 MiB
   1997/3562  039349_42_q31tot                         files     32 (kept 4, dropped 28) links    17  0.10 MiB
   1998/3562  039349_42_q31tot2                        files     32 (kept 4, dropped 28) links    17  0.10 MiB
   1999/3562  039349_42_q32ctlp                        files     32 (kept 4, dropped 28) links    17  0.10 MiB
   2000/3562  039349_42_q32ti                          files     32 (kept 4, dropped 28) links    17  0.10 MiB
   2001/3562  039349_42_q32tis                         files     32 (kept 4, dropped 28) links    17  0.10 MiB
   2002/3562  039349_42_q33bctlp                       files     32 (kept 4, dropped 28) links    17  0.10 MiB
   2003/3562  039349_42_q33cm                          files     32 (kept 4, dropped 28) links    17  0.10 MiB
   2004/3562  039349_42_q33cs                          files     32 (kept 4, dropped 28) links    17  0.10 MiB
   2005/3562  039349_42_q33ctlp                        files     32 (kept 4, dropped 28) links    17  0.10 MiB
   2006/3562  039349_42_q33cu                          files     32 (kept 4, dropped 28) links    17  0.10 MiB
   2007/3562  039349_42_q33tm                          files     32 (kept 4, dropped 28) links    17  0.10 MiB
   2008/3562  039349_42_q33ts                          files     32 (kept 4, dropped 28) links    17  0.10 MiB
   2009/3562  039349_42_q33tu                          files     32 (kept 4, dropped 28) links    17  0.10 MiB
   2010/3562  039349_42_q34ck1                         files     32 (kept 4, dropped 28) links    17  0.10 MiB
   2011/3562  039349_42_q34ck2                         files     32 (kept 4, dropped 28) links    17  0.10 MiB
   2012/3562  039349_42_q34ck3                         files     32 (kept 4, dropped 28) links    17  0.10 MiB
   2013/3562  039349_42_q34ctlp                        files     32 (kept 4, dropped 28) links    17  0.10 MiB
   2014/3562  039349_42_q34tk2                         files     32 (kept 4, dropped 28) links    17  0.10 MiB
   2015/3562  039349_42_q34tk3                         files     32 (kept 4, dropped 28) links    17  0.10 MiB
   2016/3562  039349_43_d111vst                        files      7 (kept 3, dropped 4) links     2  0.02 MiB
   2017/3562  039349_43_d113vbase                      files      7 (kept 3, dropped 4) links     2  0.02 MiB
   2018/3562  039349_43_d113vnone                      files      7 (kept 3, dropped 4) links     2  0.03 MiB
   2019/3562  039349_43_d119vnu                        files      8 (kept 4, dropped 4) links     3  0.02 MiB
   2020/3562  039349_43_d119vr3                        files      8 (kept 4, dropped 4) links     3  0.02 MiB
   2021/3562  039349_43_q29flip                        files     40 (kept 6, dropped 34) links    17  0.12 MiB
   2022/3562  039349_43_q29stm                         files     40 (kept 6, dropped 34) links    17  0.12 MiB
   2023/3562  039349_43_q31tot                         files     32 (kept 4, dropped 28) links    17  0.11 MiB
   2024/3562  039349_43_q31tot2                        files     32 (kept 4, dropped 28) links    17  0.11 MiB
   2025/3562  039349_43_q32ctlp                        files     32 (kept 4, dropped 28) links    17  0.11 MiB
   2026/3562  039349_43_q32ti                          files     32 (kept 4, dropped 28) links    17  0.11 MiB
   2027/3562  039349_43_q32tis                         files     32 (kept 4, dropped 28) links    17  0.11 MiB
   2028/3562  039349_43_q33bctlp                       files     32 (kept 4, dropped 28) links    17  0.11 MiB
   2029/3562  039349_43_q33cm                          files     32 (kept 4, dropped 28) links    17  0.11 MiB
   2030/3562  039349_43_q33cs                          files     32 (kept 4, dropped 28) links    17  0.11 MiB
   2031/3562  039349_43_q33ctlp                        files     32 (kept 4, dropped 28) links    17  0.11 MiB
   2032/3562  039349_43_q33cu                          files     32 (kept 4, dropped 28) links    17  0.11 MiB
   2033/3562  039349_43_q33tm                          files     32 (kept 4, dropped 28) links    17  0.11 MiB
   2034/3562  039349_43_q33ts                          files     32 (kept 4, dropped 28) links    17  0.11 MiB
   2035/3562  039349_43_q33tu                          files     32 (kept 4, dropped 28) links    17  0.11 MiB
   2036/3562  039349_43_q34ck1                         files     32 (kept 4, dropped 28) links    17  0.11 MiB
   2037/3562  039349_43_q34ck2                         files     32 (kept 4, dropped 28) links    17  0.11 MiB
   2038/3562  039349_43_q34ck3                         files     32 (kept 4, dropped 28) links    17  0.11 MiB
   2039/3562  039349_43_q34ctlp                        files     32 (kept 4, dropped 28) links    17  0.11 MiB
   2040/3562  039349_43_q34tk2                         files     32 (kept 4, dropped 28) links    17  0.11 MiB
   2041/3562  039349_43_q34tk3                         files     32 (kept 4, dropped 28) links    17  0.11 MiB
   2042/3562  039349_44_d111vst                        files      7 (kept 3, dropped 4) links     2  0.04 MiB
   2043/3562  039349_44_d113vbase                      files      7 (kept 3, dropped 4) links     2  0.04 MiB
   2044/3562  039349_44_d113vnone                      files      7 (kept 3, dropped 4) links     2  0.08 MiB
   2045/3562  039349_44_d119vnu                        files      8 (kept 4, dropped 4) links     3  0.06 MiB
   2046/3562  039349_44_d119vr3                        files      8 (kept 4, dropped 4) links     3  0.06 MiB
   2047/3562  039349_44_q29flip                        files     40 (kept 6, dropped 34) links    17  0.23 MiB
   2048/3562  039349_44_q29stm                         files     40 (kept 6, dropped 34) links    17  0.23 MiB
   2049/3562  039349_44_q31tot                         files     32 (kept 4, dropped 28) links    17  0.15 MiB
   2050/3562  039349_44_q31tot2                        files     32 (kept 4, dropped 28) links    17  0.15 MiB
   2051/3562  039349_44_q32ctlp                        files     32 (kept 4, dropped 28) links    17  0.15 MiB
   2052/3562  039349_44_q32ti                          files     32 (kept 4, dropped 28) links    17  0.15 MiB
   2053/3562  039349_44_q32tis                         files     32 (kept 4, dropped 28) links    17  0.15 MiB
   2054/3562  039349_44_q33bctlp                       files     32 (kept 4, dropped 28) links    17  0.15 MiB
   2055/3562  039349_44_q33cm                          files     32 (kept 4, dropped 28) links    17  0.15 MiB
   2056/3562  039349_44_q33cs                          files     32 (kept 4, dropped 28) links    17  0.15 MiB
   2057/3562  039349_44_q33ctlp                        files     32 (kept 4, dropped 28) links    17  0.15 MiB
   2058/3562  039349_44_q33cu                          files     32 (kept 4, dropped 28) links    17  0.15 MiB
   2059/3562  039349_44_q33tm                          files     32 (kept 4, dropped 28) links    17  0.15 MiB
   2060/3562  039349_44_q33ts                          files     32 (kept 4, dropped 28) links    17  0.15 MiB
   2061/3562  039349_44_q33tu                          files     32 (kept 4, dropped 28) links    17  0.15 MiB
   2062/3562  039349_44_q34ck1                         files     32 (kept 4, dropped 28) links    17  0.15 MiB
   2063/3562  039349_44_q34ck2                         files     32 (kept 4, dropped 28) links    17  0.15 MiB
   2064/3562  039349_44_q34ck3                         files     32 (kept 4, dropped 28) links    17  0.15 MiB
   2065/3562  039349_44_q34ctlp                        files     32 (kept 4, dropped 28) links    17  0.15 MiB
   2066/3562  039349_44_q34tk2                         files     32 (kept 4, dropped 28) links    17  0.15 MiB
   2067/3562  039349_44_q34tk3                         files     32 (kept 4, dropped 28) links    17  0.15 MiB
   2068/3562  039349_45_d111vst                        files      7 (kept 3, dropped 4) links     2  0.04 MiB
   2069/3562  039349_45_d113vbase                      files      7 (kept 3, dropped 4) links     2  0.04 MiB
   2070/3562  039349_45_d113vnone                      files      7 (kept 3, dropped 4) links     2  0.04 MiB
   2071/3562  039349_45_d119vnu                        files      8 (kept 4, dropped 4) links     3  0.03 MiB
   2072/3562  039349_45_d119vr3                        files      8 (kept 4, dropped 4) links     3  0.03 MiB
   2073/3562  039349_45_q29flip                        files     40 (kept 6, dropped 34) links    17  0.14 MiB
   2074/3562  039349_45_q29stm                         files     40 (kept 6, dropped 34) links    17  0.14 MiB
   2075/3562  039349_45_q31tot                         files     32 (kept 4, dropped 28) links    17  0.11 MiB
   2076/3562  039349_45_q31tot2                        files     32 (kept 4, dropped 28) links    17  0.11 MiB
   2077/3562  039349_45_q32ctlp                        files     32 (kept 4, dropped 28) links    17  0.11 MiB
   2078/3562  039349_45_q32ti                          files     32 (kept 4, dropped 28) links    17  0.11 MiB
   2079/3562  039349_45_q32tis                         files     32 (kept 4, dropped 28) links    17  0.11 MiB
   2080/3562  039349_45_q33bctlp                       files     32 (kept 4, dropped 28) links    17  0.11 MiB
   2081/3562  039349_45_q33cm                          files     32 (kept 4, dropped 28) links    17  0.11 MiB
   2082/3562  039349_45_q33cs                          files     32 (kept 4, dropped 28) links    17  0.11 MiB
   2083/3562  039349_45_q33ctlp                        files     32 (kept 4, dropped 28) links    17  0.11 MiB
   2084/3562  039349_45_q33cu                          files     32 (kept 4, dropped 28) links    17  0.11 MiB
   2085/3562  039349_45_q33tm                          files     32 (kept 4, dropped 28) links    17  0.11 MiB
   2086/3562  039349_45_q33ts                          files     32 (kept 4, dropped 28) links    17  0.11 MiB
   2087/3562  039349_45_q33tu                          files     32 (kept 4, dropped 28) links    17  0.11 MiB
   2088/3562  039349_45_q34ck1                         files     32 (kept 4, dropped 28) links    17  0.11 MiB
   2089/3562  039349_45_q34ck2                         files     32 (kept 4, dropped 28) links    17  0.11 MiB
   2090/3562  039349_45_q34ck3                         files     32 (kept 4, dropped 28) links    17  0.11 MiB
   2091/3562  039349_45_q34ctlp                        files     32 (kept 4, dropped 28) links    17  0.11 MiB
   2092/3562  039349_45_q34tk2                         files     32 (kept 4, dropped 28) links    17  0.11 MiB
   2093/3562  039349_45_q34tk3                         files     32 (kept 4, dropped 28) links    17  0.11 MiB
   2094/3562  039349_46_d111vst                        files      7 (kept 3, dropped 4) links     2  0.02 MiB
   2095/3562  039349_46_d113vbase                      files      7 (kept 3, dropped 4) links     2  0.02 MiB
   2096/3562  039349_46_d113vnone                      files      7 (kept 3, dropped 4) links     2  0.03 MiB
   2097/3562  039349_46_d119vnu                        files      8 (kept 4, dropped 4) links     3  0.02 MiB
   2098/3562  039349_46_d119vr3                        files      8 (kept 4, dropped 4) links     3  0.02 MiB
   2099/3562  039349_46_q29flip                        files     40 (kept 6, dropped 34) links    17  0.15 MiB
   2100/3562  039349_46_q29stm                         files     40 (kept 6, dropped 34) links    17  0.15 MiB
   2101/3562  039349_46_q31tot                         files     32 (kept 4, dropped 28) links    17  0.13 MiB
   2102/3562  039349_46_q31tot2                        files     32 (kept 4, dropped 28) links    17  0.13 MiB
   2103/3562  039349_46_q32ctlp                        files     32 (kept 4, dropped 28) links    17  0.13 MiB
   2104/3562  039349_46_q32ti                          files     32 (kept 4, dropped 28) links    17  0.13 MiB
   2105/3562  039349_46_q32tis                         files     32 (kept 4, dropped 28) links    17  0.13 MiB
   2106/3562  039349_46_q33bctlp                       files     32 (kept 4, dropped 28) links    17  0.13 MiB
   2107/3562  039349_46_q33cm                          files     32 (kept 4, dropped 28) links    17  0.13 MiB
   2108/3562  039349_46_q33cs                          files     32 (kept 4, dropped 28) links    17  0.13 MiB
   2109/3562  039349_46_q33ctlp                        files     32 (kept 4, dropped 28) links    17  0.13 MiB
   2110/3562  039349_46_q33cu                          files     32 (kept 4, dropped 28) links    17  0.13 MiB
   2111/3562  039349_46_q33tm                          files     32 (kept 4, dropped 28) links    17  0.13 MiB
   2112/3562  039349_46_q33ts                          files     32 (kept 4, dropped 28) links    17  0.13 MiB
   2113/3562  039349_46_q33tu                          files     32 (kept 4, dropped 28) links    17  0.13 MiB
   2114/3562  039349_46_q34ck1                         files     32 (kept 4, dropped 28) links    17  0.13 MiB
   2115/3562  039349_46_q34ck2                         files     32 (kept 4, dropped 28) links    17  0.13 MiB
   2116/3562  039349_46_q34ck3                         files     32 (kept 4, dropped 28) links    17  0.13 MiB
   2117/3562  039349_46_q34ctlp                        files     32 (kept 4, dropped 28) links    17  0.13 MiB
   2118/3562  039349_46_q34tk2                         files     32 (kept 4, dropped 28) links    17  0.13 MiB
   2119/3562  039349_46_q34tk3                         files     32 (kept 4, dropped 28) links    17  0.13 MiB
   2120/3562  039349_47_d111vst                        files      7 (kept 3, dropped 4) links     2  0.02 MiB
   2121/3562  039349_47_d113vbase                      files      7 (kept 3, dropped 4) links     2  0.02 MiB
   2122/3562  039349_47_d113vnone                      files      7 (kept 3, dropped 4) links     2  0.04 MiB
   2123/3562  039349_47_d119vnu                        files      8 (kept 4, dropped 4) links     3  0.02 MiB
   2124/3562  039349_47_d119vr3                        files      8 (kept 4, dropped 4) links     3  0.02 MiB
   2125/3562  039349_47_q29flip                        files     40 (kept 6, dropped 34) links    17  0.15 MiB
   2126/3562  039349_47_q29stm                         files     40 (kept 6, dropped 34) links    17  0.15 MiB
   2127/3562  039349_47_q31tot                         files     32 (kept 4, dropped 28) links    17  0.12 MiB
   2128/3562  039349_47_q31tot2                        files     32 (kept 4, dropped 28) links    17  0.12 MiB
   2129/3562  039349_47_q32ctlp                        files     32 (kept 4, dropped 28) links    17  0.12 MiB
   2130/3562  039349_47_q32ti                          files     32 (kept 4, dropped 28) links    17  0.12 MiB
   2131/3562  039349_47_q32tis                         files     32 (kept 4, dropped 28) links    17  0.12 MiB
   2132/3562  039349_47_q33bctlp                       files     32 (kept 4, dropped 28) links    17  0.12 MiB
   2133/3562  039349_47_q33cm                          files     32 (kept 4, dropped 28) links    17  0.12 MiB
   2134/3562  039349_47_q33cs                          files     32 (kept 4, dropped 28) links    17  0.12 MiB
   2135/3562  039349_47_q33ctlp                        files     32 (kept 4, dropped 28) links    17  0.12 MiB
   2136/3562  039349_47_q33cu                          files     32 (kept 4, dropped 28) links    17  0.12 MiB
   2137/3562  039349_47_q33tm                          files     32 (kept 4, dropped 28) links    17  0.12 MiB
   2138/3562  039349_47_q33ts                          files     32 (kept 4, dropped 28) links    17  0.12 MiB
   2139/3562  039349_47_q33tu                          files     32 (kept 4, dropped 28) links    17  0.12 MiB
   2140/3562  039349_47_q34ck1                         files     32 (kept 4, dropped 28) links    17  0.12 MiB
   2141/3562  039349_47_q34ck2                         files     32 (kept 4, dropped 28) links    17  0.12 MiB
   2142/3562  039349_47_q34ck3                         files     32 (kept 4, dropped 28) links    17  0.12 MiB
   2143/3562  039349_47_q34ctlp                        files     32 (kept 4, dropped 28) links    17  0.12 MiB
   2144/3562  039349_47_q34tk2                         files     32 (kept 4, dropped 28) links    17  0.12 MiB
   2145/3562  039349_47_q34tk3                         files     32 (kept 4, dropped 28) links    17  0.12 MiB
   2146/3562  039349_48_d111vst                        files      7 (kept 3, dropped 4) links     2  0.04 MiB
   2147/3562  039349_48_d113vbase                      files      7 (kept 3, dropped 4) links     2  0.04 MiB
   2148/3562  039349_48_d113vnone                      files      7 (kept 3, dropped 4) links     2  0.08 MiB
   2149/3562  039349_48_d119vnu                        files      8 (kept 4, dropped 4) links     3  0.03 MiB
   2150/3562  039349_48_d119vr3                        files      8 (kept 4, dropped 4) links     3  0.03 MiB
   2151/3562  039349_48_q29flip                        files     40 (kept 6, dropped 34) links    17  0.19 MiB
   2152/3562  039349_48_q29stm                         files     40 (kept 6, dropped 34) links    17  0.19 MiB
   2153/3562  039349_48_q31tot                         files     32 (kept 4, dropped 28) links    17  0.13 MiB
   2154/3562  039349_48_q31tot2                        files     32 (kept 4, dropped 28) links    17  0.13 MiB
   2155/3562  039349_48_q32ctlp                        files     32 (kept 4, dropped 28) links    17  0.14 MiB
   2156/3562  039349_48_q32ti                          files     32 (kept 4, dropped 28) links    17  0.13 MiB
   2157/3562  039349_48_q32tis                         files     32 (kept 4, dropped 28) links    17  0.14 MiB
   2158/3562  039349_48_q33bctlp                       files     32 (kept 4, dropped 28) links    17  0.14 MiB
   2159/3562  039349_48_q33cm                          files     32 (kept 4, dropped 28) links    17  0.14 MiB
   2160/3562  039349_48_q33cs                          files     32 (kept 4, dropped 28) links    17  0.14 MiB
   2161/3562  039349_48_q33ctlp                        files     32 (kept 4, dropped 28) links    17  0.14 MiB
   2162/3562  039349_48_q33cu                          files     32 (kept 4, dropped 28) links    17  0.14 MiB
   2163/3562  039349_48_q33tm                          files     32 (kept 4, dropped 28) links    17  0.13 MiB
   2164/3562  039349_48_q33ts                          files     32 (kept 4, dropped 28) links    17  0.13 MiB
   2165/3562  039349_48_q33tu                          files     32 (kept 4, dropped 28) links    17  0.13 MiB
   2166/3562  039349_48_q34ck1                         files     32 (kept 4, dropped 28) links    17  0.14 MiB
   2167/3562  039349_48_q34ck2                         files     32 (kept 4, dropped 28) links    17  0.13 MiB
   2168/3562  039349_48_q34ck3                         files     32 (kept 4, dropped 28) links    17  0.14 MiB
   2169/3562  039349_48_q34ctlp                        files     32 (kept 4, dropped 28) links    17  0.14 MiB
   2170/3562  039349_48_q34tk2                         files     32 (kept 4, dropped 28) links    17  0.13 MiB
   2171/3562  039349_48_q34tk3                         files     32 (kept 4, dropped 28) links    17  0.13 MiB
   2172/3562  039349_49_d111vst                        files      7 (kept 3, dropped 4) links     2  0.02 MiB
   2173/3562  039349_49_d113vbase                      files      7 (kept 3, dropped 4) links     2  0.02 MiB
   2174/3562  039349_49_d113vnone                      files      7 (kept 3, dropped 4) links     2  0.03 MiB
   2175/3562  039349_49_d119vnu                        files      8 (kept 4, dropped 4) links     3  0.02 MiB
   2176/3562  039349_49_d119vr3                        files      8 (kept 4, dropped 4) links     3  0.02 MiB
   2177/3562  039349_49_q29flip                        files     40 (kept 6, dropped 34) links    17  0.14 MiB
   2178/3562  039349_49_q29stm                         files     40 (kept 6, dropped 34) links    17  0.14 MiB
   2179/3562  039349_49_q31tot                         files     32 (kept 4, dropped 28) links    17  0.12 MiB
   2180/3562  039349_49_q31tot2                        files     32 (kept 4, dropped 28) links    17  0.12 MiB
   2181/3562  039349_49_q32ctlp                        files     32 (kept 4, dropped 28) links    17  0.12 MiB
   2182/3562  039349_49_q32ti                          files     32 (kept 4, dropped 28) links    17  0.12 MiB
   2183/3562  039349_49_q32tis                         files     32 (kept 4, dropped 28) links    17  0.12 MiB
   2184/3562  039349_49_q33bctlp                       files     32 (kept 4, dropped 28) links    17  0.12 MiB
   2185/3562  039349_49_q33cm                          files     32 (kept 4, dropped 28) links    17  0.12 MiB
   2186/3562  039349_49_q33cs                          files     32 (kept 4, dropped 28) links    17  0.12 MiB
   2187/3562  039349_49_q33ctlp                        files     32 (kept 4, dropped 28) links    17  0.12 MiB
   2188/3562  039349_49_q33cu                          files     32 (kept 4, dropped 28) links    17  0.12 MiB
   2189/3562  039349_49_q33tm                          files     32 (kept 4, dropped 28) links    17  0.12 MiB
   2190/3562  039349_49_q33ts                          files     32 (kept 4, dropped 28) links    17  0.12 MiB
   2191/3562  039349_49_q33tu                          files     32 (kept 4, dropped 28) links    17  0.12 MiB
   2192/3562  039349_49_q34ck1                         files     32 (kept 4, dropped 28) links    17  0.12 MiB
   2193/3562  039349_49_q34ck2                         files     32 (kept 4, dropped 28) links    17  0.12 MiB
   2194/3562  039349_49_q34ck3                         files     32 (kept 4, dropped 28) links    17  0.12 MiB
   2195/3562  039349_49_q34ctlp                        files     32 (kept 4, dropped 28) links    17  0.12 MiB
   2196/3562  039349_49_q34tk2                         files     32 (kept 4, dropped 28) links    17  0.12 MiB
   2197/3562  039349_49_q34tk3                         files     32 (kept 4, dropped 28) links    17  0.12 MiB
   2198/3562  039349_4_d111vst                         files      7 (kept 3, dropped 4) links     2  0.02 MiB
   2199/3562  039349_4_d113vbase                       files      7 (kept 3, dropped 4) links     2  0.02 MiB
   2200/3562  039349_4_d113vnone                       files      7 (kept 3, dropped 4) links     2  0.03 MiB
   2201/3562  039349_4_d119vnu                         files      8 (kept 4, dropped 4) links     3  0.02 MiB
   2202/3562  039349_4_d119vr3                         files      8 (kept 4, dropped 4) links     3  0.02 MiB
   2203/3562  039349_4_q29flip                         files     40 (kept 6, dropped 34) links    17  0.14 MiB
   2204/3562  039349_4_q29stm                          files     40 (kept 6, dropped 34) links    17  0.14 MiB
   2205/3562  039349_4_q31tot                          files     32 (kept 4, dropped 28) links    17  0.12 MiB
   2206/3562  039349_4_q31tot2                         files     32 (kept 4, dropped 28) links    17  0.12 MiB
   2207/3562  039349_4_q32ctlp                         files     32 (kept 4, dropped 28) links    17  0.12 MiB
   2208/3562  039349_4_q32ti                           files     32 (kept 4, dropped 28) links    17  0.12 MiB
   2209/3562  039349_4_q32tis                          files     32 (kept 4, dropped 28) links    17  0.12 MiB
   2210/3562  039349_4_q33bctlp                        files     32 (kept 4, dropped 28) links    17  0.12 MiB
   2211/3562  039349_4_q33cm                           files     32 (kept 4, dropped 28) links    17  0.12 MiB
   2212/3562  039349_4_q33cs                           files     32 (kept 4, dropped 28) links    17  0.12 MiB
   2213/3562  039349_4_q33ctlp                         files     32 (kept 4, dropped 28) links    17  0.12 MiB
   2214/3562  039349_4_q33cu                           files     32 (kept 4, dropped 28) links    17  0.12 MiB
   2215/3562  039349_4_q33tm                           files     32 (kept 4, dropped 28) links    17  0.12 MiB
   2216/3562  039349_4_q33ts                           files     32 (kept 4, dropped 28) links    17  0.12 MiB
   2217/3562  039349_4_q33tu                           files     32 (kept 4, dropped 28) links    17  0.12 MiB
   2218/3562  039349_4_q34ck1                          files     32 (kept 4, dropped 28) links    17  0.12 MiB
   2219/3562  039349_4_q34ck2                          files     32 (kept 4, dropped 28) links    17  0.12 MiB
   2220/3562  039349_4_q34ck3                          files     32 (kept 4, dropped 28) links    17  0.12 MiB
   2221/3562  039349_4_q34ctlp                         files     32 (kept 4, dropped 28) links    17  0.12 MiB
   2222/3562  039349_4_q34tk2                          files     32 (kept 4, dropped 28) links    17  0.12 MiB
   2223/3562  039349_4_q34tk3                          files     32 (kept 4, dropped 28) links    17  0.12 MiB
   2224/3562  039349_50_d111vst                        files      7 (kept 3, dropped 4) links     2  0.04 MiB
   2225/3562  039349_50_d113vbase                      files      7 (kept 3, dropped 4) links     2  0.04 MiB
   2226/3562  039349_50_d113vnone                      files      7 (kept 3, dropped 4) links     2  0.06 MiB
   2227/3562  039349_50_d119vnu                        files      8 (kept 4, dropped 4) links     3  0.03 MiB
   2228/3562  039349_50_d119vr3                        files      8 (kept 4, dropped 4) links     3  0.03 MiB
   2229/3562  039349_50_q29flip                        files     40 (kept 6, dropped 34) links    17  0.17 MiB
   2230/3562  039349_50_q29stm                         files     40 (kept 6, dropped 34) links    17  0.17 MiB
   2231/3562  039349_50_q31tot                         files     32 (kept 4, dropped 28) links    17  0.11 MiB
   2232/3562  039349_50_q31tot2                        files     32 (kept 4, dropped 28) links    17  0.11 MiB
   2233/3562  039349_50_q32ctlp                        files     32 (kept 4, dropped 28) links    17  0.11 MiB
   2234/3562  039349_50_q32ti                          files     32 (kept 4, dropped 28) links    17  0.11 MiB
   2235/3562  039349_50_q32tis                         files     32 (kept 4, dropped 28) links    17  0.11 MiB
   2236/3562  039349_50_q33bctlp                       files     32 (kept 4, dropped 28) links    17  0.11 MiB
   2237/3562  039349_50_q33cm                          files     32 (kept 4, dropped 28) links    17  0.11 MiB
   2238/3562  039349_50_q33cs                          files     32 (kept 4, dropped 28) links    17  0.11 MiB
   2239/3562  039349_50_q33ctlp                        files     32 (kept 4, dropped 28) links    17  0.11 MiB
   2240/3562  039349_50_q33cu                          files     32 (kept 4, dropped 28) links    17  0.11 MiB
   2241/3562  039349_50_q33tm                          files     32 (kept 4, dropped 28) links    17  0.11 MiB
   2242/3562  039349_50_q33ts                          files     32 (kept 4, dropped 28) links    17  0.11 MiB
   2243/3562  039349_50_q33tu                          files     32 (kept 4, dropped 28) links    17  0.11 MiB
   2244/3562  039349_50_q34ck1                         files     32 (kept 4, dropped 28) links    17  0.11 MiB
   2245/3562  039349_50_q34ck2                         files     32 (kept 4, dropped 28) links    17  0.11 MiB
   2246/3562  039349_50_q34ck3                         files     32 (kept 4, dropped 28) links    17  0.11 MiB
   2247/3562  039349_50_q34ctlp                        files     32 (kept 4, dropped 28) links    17  0.11 MiB
   2248/3562  039349_50_q34tk2                         files     32 (kept 4, dropped 28) links    17  0.11 MiB
   2249/3562  039349_50_q34tk3                         files     32 (kept 4, dropped 28) links    17  0.11 MiB
   2250/3562  039349_51_d111vst                        files      7 (kept 3, dropped 4) links     2  0.03 MiB
   2251/3562  039349_51_d113vbase                      files      7 (kept 3, dropped 4) links     2  0.03 MiB
   2252/3562  039349_51_d113vnone                      files      7 (kept 3, dropped 4) links     2  0.05 MiB
   2253/3562  039349_51_d119vnu                        files      8 (kept 4, dropped 4) links     3  0.04 MiB
   2254/3562  039349_51_d119vr3                        files      8 (kept 4, dropped 4) links     3  0.04 MiB
   2255/3562  039349_51_q29flip                        files     40 (kept 6, dropped 34) links    17  0.15 MiB
   2256/3562  039349_51_q29stm                         files     40 (kept 6, dropped 34) links    17  0.15 MiB
   2257/3562  039349_51_q31tot                         files     32 (kept 4, dropped 28) links    17  0.11 MiB
   2258/3562  039349_51_q31tot2                        files     32 (kept 4, dropped 28) links    17  0.11 MiB
   2259/3562  039349_51_q32ctlp                        files     32 (kept 4, dropped 28) links    17  0.11 MiB
   2260/3562  039349_51_q32ti                          files     32 (kept 4, dropped 28) links    17  0.11 MiB
   2261/3562  039349_51_q32tis                         files     32 (kept 4, dropped 28) links    17  0.11 MiB
   2262/3562  039349_51_q33bctlp                       files     32 (kept 4, dropped 28) links    17  0.11 MiB
   2263/3562  039349_51_q33cm                          files     32 (kept 4, dropped 28) links    17  0.11 MiB
   2264/3562  039349_51_q33cs                          files     32 (kept 4, dropped 28) links    17  0.11 MiB
   2265/3562  039349_51_q33ctlp                        files     32 (kept 4, dropped 28) links    17  0.11 MiB
   2266/3562  039349_51_q33cu                          files     32 (kept 4, dropped 28) links    17  0.11 MiB
   2267/3562  039349_51_q33tm                          files     32 (kept 4, dropped 28) links    17  0.11 MiB
   2268/3562  039349_51_q33ts                          files     32 (kept 4, dropped 28) links    17  0.11 MiB
   2269/3562  039349_51_q33tu                          files     32 (kept 4, dropped 28) links    17  0.11 MiB
   2270/3562  039349_51_q34ck1                         files     32 (kept 4, dropped 28) links    17  0.11 MiB
   2271/3562  039349_51_q34ck2                         files     32 (kept 4, dropped 28) links    17  0.11 MiB
   2272/3562  039349_51_q34ck3                         files     32 (kept 4, dropped 28) links    17  0.11 MiB
   2273/3562  039349_51_q34ctlp                        files     32 (kept 4, dropped 28) links    17  0.11 MiB
   2274/3562  039349_51_q34tk2                         files     32 (kept 4, dropped 28) links    17  0.11 MiB
   2275/3562  039349_51_q34tk3                         files     32 (kept 4, dropped 28) links    17  0.11 MiB
   2276/3562  039349_52_d111vst                        files      7 (kept 3, dropped 4) links     2  0.03 MiB
   2277/3562  039349_52_d113vbase                      files      7 (kept 3, dropped 4) links     2  0.03 MiB
   2278/3562  039349_52_d113vnone                      files      7 (kept 3, dropped 4) links     2  0.05 MiB
   2279/3562  039349_52_d119vnu                        files      8 (kept 4, dropped 4) links     3  0.03 MiB
   2280/3562  039349_52_d119vr3                        files      8 (kept 4, dropped 4) links     3  0.03 MiB
   2281/3562  039349_52_q29flip                        files     40 (kept 6, dropped 34) links    17  0.16 MiB
   2282/3562  039349_52_q29stm                         files     40 (kept 6, dropped 34) links    17  0.16 MiB
   2283/3562  039349_52_q31tot                         files     32 (kept 4, dropped 28) links    17  0.12 MiB
   2284/3562  039349_52_q31tot2                        files     32 (kept 4, dropped 28) links    17  0.12 MiB
   2285/3562  039349_52_q32ctlp                        files     32 (kept 4, dropped 28) links    17  0.12 MiB
   2286/3562  039349_52_q32ti                          files     32 (kept 4, dropped 28) links    17  0.11 MiB
   2287/3562  039349_52_q32tis                         files     32 (kept 4, dropped 28) links    17  0.12 MiB
   2288/3562  039349_52_q33bctlp                       files     32 (kept 4, dropped 28) links    17  0.12 MiB
   2289/3562  039349_52_q33cm                          files     32 (kept 4, dropped 28) links    17  0.12 MiB
   2290/3562  039349_52_q33cs                          files     32 (kept 4, dropped 28) links    17  0.12 MiB
   2291/3562  039349_52_q33ctlp                        files     32 (kept 4, dropped 28) links    17  0.12 MiB
   2292/3562  039349_52_q33cu                          files     32 (kept 4, dropped 28) links    17  0.12 MiB
   2293/3562  039349_52_q33tm                          files     32 (kept 4, dropped 28) links    17  0.11 MiB
   2294/3562  039349_52_q33ts                          files     32 (kept 4, dropped 28) links    17  0.12 MiB
   2295/3562  039349_52_q33tu                          files     32 (kept 4, dropped 28) links    17  0.12 MiB
   2296/3562  039349_52_q34ck1                         files     32 (kept 4, dropped 28) links    17  0.12 MiB
   2297/3562  039349_52_q34ck2                         files     32 (kept 4, dropped 28) links    17  0.12 MiB
   2298/3562  039349_52_q34ck3                         files     32 (kept 4, dropped 28) links    17  0.12 MiB
   2299/3562  039349_52_q34ctlp                        files     32 (kept 4, dropped 28) links    17  0.12 MiB
   2300/3562  039349_52_q34tk2                         files     32 (kept 4, dropped 28) links    17  0.12 MiB
   2301/3562  039349_52_q34tk3                         files     32 (kept 4, dropped 28) links    17  0.11 MiB
   2302/3562  039349_53_d111vst                        files      7 (kept 3, dropped 4) links     2  0.03 MiB
   2303/3562  039349_53_d113vbase                      files      7 (kept 3, dropped 4) links     2  0.03 MiB
   2304/3562  039349_53_d113vnone                      files      7 (kept 3, dropped 4) links     2  0.03 MiB
   2305/3562  039349_53_d119vnu                        files      8 (kept 4, dropped 4) links     3  0.02 MiB
   2306/3562  039349_53_d119vr3                        files      8 (kept 4, dropped 4) links     3  0.02 MiB
   2307/3562  039349_53_q29flip                        files     40 (kept 6, dropped 34) links    17  0.11 MiB
   2308/3562  039349_53_q29stm                         files     40 (kept 6, dropped 34) links    17  0.11 MiB
   2309/3562  039349_53_q31tot                         files     32 (kept 4, dropped 28) links    17  0.09 MiB
   2310/3562  039349_53_q31tot2                        files     32 (kept 4, dropped 28) links    17  0.09 MiB
   2311/3562  039349_53_q32ctlp                        files     32 (kept 4, dropped 28) links    17  0.09 MiB
   2312/3562  039349_53_q32ti                          files     32 (kept 4, dropped 28) links    17  0.09 MiB
   2313/3562  039349_53_q32tis                         files     32 (kept 4, dropped 28) links    17  0.09 MiB
   2314/3562  039349_53_q33bctlp                       files     32 (kept 4, dropped 28) links    17  0.09 MiB
   2315/3562  039349_53_q33cm                          files     32 (kept 4, dropped 28) links    17  0.09 MiB
   2316/3562  039349_53_q33cs                          files     32 (kept 4, dropped 28) links    17  0.09 MiB
   2317/3562  039349_53_q33ctlp                        files     32 (kept 4, dropped 28) links    17  0.09 MiB
   2318/3562  039349_53_q33cu                          files     32 (kept 4, dropped 28) links    17  0.09 MiB
   2319/3562  039349_53_q33tm                          files     32 (kept 4, dropped 28) links    17  0.09 MiB
   2320/3562  039349_53_q33ts                          files     32 (kept 4, dropped 28) links    17  0.09 MiB
   2321/3562  039349_53_q33tu                          files     32 (kept 4, dropped 28) links    17  0.09 MiB
   2322/3562  039349_53_q34ck1                         files     32 (kept 4, dropped 28) links    17  0.09 MiB
   2323/3562  039349_53_q34ck2                         files     32 (kept 4, dropped 28) links    17  0.09 MiB
   2324/3562  039349_53_q34ck3                         files     32 (kept 4, dropped 28) links    17  0.09 MiB
   2325/3562  039349_53_q34ctlp                        files     32 (kept 4, dropped 28) links    17  0.09 MiB
   2326/3562  039349_53_q34tk2                         files     32 (kept 4, dropped 28) links    17  0.09 MiB
   2327/3562  039349_53_q34tk3                         files     32 (kept 4, dropped 28) links    17  0.09 MiB
   2328/3562  039349_54_d111vst                        files      7 (kept 3, dropped 4) links     2  0.04 MiB
   2329/3562  039349_54_d113vbase                      files      7 (kept 3, dropped 4) links     2  0.04 MiB
   2330/3562  039349_54_d113vnone                      files      7 (kept 3, dropped 4) links     2  0.05 MiB
   2331/3562  039349_54_d119vnu                        files      8 (kept 4, dropped 4) links     3  0.03 MiB
   2332/3562  039349_54_d119vr3                        files      8 (kept 4, dropped 4) links     3  0.03 MiB
   2333/3562  039349_54_q29flip                        files     40 (kept 6, dropped 34) links    17  0.16 MiB
   2334/3562  039349_54_q29stm                         files     40 (kept 6, dropped 34) links    17  0.16 MiB
   2335/3562  039349_54_q31tot                         files     32 (kept 4, dropped 28) links    17  0.14 MiB
   2336/3562  039349_54_q31tot2                        files     32 (kept 4, dropped 28) links    17  0.14 MiB
   2337/3562  039349_54_q32ctlp                        files     32 (kept 4, dropped 28) links    17  0.14 MiB
   2338/3562  039349_54_q32ti                          files     32 (kept 4, dropped 28) links    17  0.14 MiB
   2339/3562  039349_54_q32tis                         files     32 (kept 4, dropped 28) links    17  0.14 MiB
   2340/3562  039349_54_q33bctlp                       files     32 (kept 4, dropped 28) links    17  0.14 MiB
   2341/3562  039349_54_q33cm                          files     32 (kept 4, dropped 28) links    17  0.14 MiB
   2342/3562  039349_54_q33cs                          files     32 (kept 4, dropped 28) links    17  0.14 MiB
   2343/3562  039349_54_q33ctlp                        files     32 (kept 4, dropped 28) links    17  0.14 MiB
   2344/3562  039349_54_q33cu                          files     32 (kept 4, dropped 28) links    17  0.14 MiB
   2345/3562  039349_54_q33tm                          files     32 (kept 4, dropped 28) links    17  0.14 MiB
   2346/3562  039349_54_q33ts                          files     32 (kept 4, dropped 28) links    17  0.14 MiB
   2347/3562  039349_54_q33tu                          files     32 (kept 4, dropped 28) links    17  0.14 MiB
   2348/3562  039349_54_q34ck1                         files     32 (kept 4, dropped 28) links    17  0.14 MiB
   2349/3562  039349_54_q34ck2                         files     32 (kept 4, dropped 28) links    17  0.14 MiB
   2350/3562  039349_54_q34ck3                         files     32 (kept 4, dropped 28) links    17  0.14 MiB
   2351/3562  039349_54_q34ctlp                        files     32 (kept 4, dropped 28) links    17  0.14 MiB
   2352/3562  039349_54_q34tk2                         files     32 (kept 4, dropped 28) links    17  0.14 MiB
   2353/3562  039349_54_q34tk3                         files     32 (kept 4, dropped 28) links    17  0.14 MiB
   2354/3562  039349_55_d111vst                        files      7 (kept 3, dropped 4) links     2  0.01 MiB
   2355/3562  039349_55_d113vbase                      files      7 (kept 3, dropped 4) links     2  0.01 MiB
   2356/3562  039349_55_d113vnone                      files      7 (kept 3, dropped 4) links     2  0.03 MiB
   2357/3562  039349_55_d119vnu                        files      8 (kept 4, dropped 4) links     3  0.02 MiB
   2358/3562  039349_55_d119vr3                        files      8 (kept 4, dropped 4) links     3  0.02 MiB
   2359/3562  039349_55_q29flip                        files     40 (kept 6, dropped 34) links    17  0.13 MiB
   2360/3562  039349_55_q29stm                         files     40 (kept 6, dropped 34) links    17  0.13 MiB
   2361/3562  039349_55_q31tot                         files     32 (kept 4, dropped 28) links    17  0.12 MiB
   2362/3562  039349_55_q31tot2                        files     32 (kept 4, dropped 28) links    17  0.12 MiB
   2363/3562  039349_55_q32ctlp                        files     32 (kept 4, dropped 28) links    17  0.12 MiB
   2364/3562  039349_55_q32ti                          files     32 (kept 4, dropped 28) links    17  0.12 MiB
   2365/3562  039349_55_q32tis                         files     32 (kept 4, dropped 28) links    17  0.12 MiB
   2366/3562  039349_55_q33bctlp                       files     32 (kept 4, dropped 28) links    17  0.12 MiB
   2367/3562  039349_55_q33cm                          files     32 (kept 4, dropped 28) links    17  0.12 MiB
   2368/3562  039349_55_q33cs                          files     32 (kept 4, dropped 28) links    17  0.12 MiB
   2369/3562  039349_55_q33ctlp                        files     32 (kept 4, dropped 28) links    17  0.12 MiB
   2370/3562  039349_55_q33cu                          files     32 (kept 4, dropped 28) links    17  0.12 MiB
   2371/3562  039349_55_q33tm                          files     32 (kept 4, dropped 28) links    17  0.12 MiB
   2372/3562  039349_55_q33ts                          files     32 (kept 4, dropped 28) links    17  0.12 MiB
   2373/3562  039349_55_q33tu                          files     32 (kept 4, dropped 28) links    17  0.12 MiB
   2374/3562  039349_55_q34ck1                         files     32 (kept 4, dropped 28) links    17  0.12 MiB
   2375/3562  039349_55_q34ck2                         files     32 (kept 4, dropped 28) links    17  0.12 MiB
   2376/3562  039349_55_q34ck3                         files     32 (kept 4, dropped 28) links    17  0.12 MiB
   2377/3562  039349_55_q34ctlp                        files     32 (kept 4, dropped 28) links    17  0.12 MiB
   2378/3562  039349_55_q34tk2                         files     32 (kept 4, dropped 28) links    17  0.12 MiB
   2379/3562  039349_55_q34tk3                         files     32 (kept 4, dropped 28) links    17  0.12 MiB
   2380/3562  039349_56_d111vst                        files      7 (kept 3, dropped 4) links     2  0.02 MiB
   2381/3562  039349_56_d113vbase                      files      7 (kept 3, dropped 4) links     2  0.02 MiB
   2382/3562  039349_56_d113vnone                      files      7 (kept 3, dropped 4) links     2  0.03 MiB
   2383/3562  039349_56_d119vnu                        files      8 (kept 4, dropped 4) links     3  0.02 MiB
   2384/3562  039349_56_d119vr3                        files      8 (kept 4, dropped 4) links     3  0.02 MiB
   2385/3562  039349_56_q29flip                        files     40 (kept 6, dropped 34) links    17  0.14 MiB
   2386/3562  039349_56_q29stm                         files     40 (kept 6, dropped 34) links    17  0.14 MiB
   2387/3562  039349_56_q31tot                         files     32 (kept 4, dropped 28) links    17  0.12 MiB
   2388/3562  039349_56_q31tot2                        files     32 (kept 4, dropped 28) links    17  0.12 MiB
   2389/3562  039349_56_q32ctlp                        files     32 (kept 4, dropped 28) links    17  0.12 MiB
   2390/3562  039349_56_q32ti                          files     32 (kept 4, dropped 28) links    17  0.12 MiB
   2391/3562  039349_56_q32tis                         files     32 (kept 4, dropped 28) links    17  0.12 MiB
   2392/3562  039349_56_q33bctlp                       files     32 (kept 4, dropped 28) links    17  0.12 MiB
   2393/3562  039349_56_q33cm                          files     32 (kept 4, dropped 28) links    17  0.12 MiB
   2394/3562  039349_56_q33cs                          files     32 (kept 4, dropped 28) links    17  0.12 MiB
   2395/3562  039349_56_q33ctlp                        files     32 (kept 4, dropped 28) links    17  0.12 MiB
   2396/3562  039349_56_q33cu                          files     32 (kept 4, dropped 28) links    17  0.12 MiB
   2397/3562  039349_56_q33tm                          files     32 (kept 4, dropped 28) links    17  0.12 MiB
   2398/3562  039349_56_q33ts                          files     32 (kept 4, dropped 28) links    17  0.12 MiB
   2399/3562  039349_56_q33tu                          files     32 (kept 4, dropped 28) links    17  0.12 MiB
   2400/3562  039349_56_q34ck1                         files     32 (kept 4, dropped 28) links    17  0.12 MiB
   2401/3562  039349_56_q34ck2                         files     32 (kept 4, dropped 28) links    17  0.12 MiB
   2402/3562  039349_56_q34ck3                         files     32 (kept 4, dropped 28) links    17  0.12 MiB
   2403/3562  039349_56_q34ctlp                        files     32 (kept 4, dropped 28) links    17  0.12 MiB
   2404/3562  039349_56_q34tk2                         files     32 (kept 4, dropped 28) links    17  0.12 MiB
   2405/3562  039349_56_q34tk3                         files     32 (kept 4, dropped 28) links    17  0.12 MiB
   2406/3562  039349_57_d111vst                        files      7 (kept 3, dropped 4) links     2  0.08 MiB
   2407/3562  039349_57_d113vbase                      files      7 (kept 3, dropped 4) links     2  0.08 MiB
   2408/3562  039349_57_d113vnone                      files      7 (kept 3, dropped 4) links     2  0.08 MiB
   2409/3562  039349_57_d119vnu                        files      8 (kept 4, dropped 4) links     3  0.04 MiB
   2410/3562  039349_57_d119vr3                        files      8 (kept 4, dropped 4) links     3  0.04 MiB
   2411/3562  039349_57_q29flip                        files     40 (kept 6, dropped 34) links    17  0.14 MiB
   2412/3562  039349_57_q29stm                         files     40 (kept 6, dropped 34) links    17  0.14 MiB
   2413/3562  039349_57_q31tot                         files     32 (kept 4, dropped 28) links    17  0.11 MiB
   2414/3562  039349_57_q31tot2                        files     32 (kept 4, dropped 28) links    17  0.11 MiB
   2415/3562  039349_57_q32ctlp                        files     32 (kept 4, dropped 28) links    17  0.11 MiB
   2416/3562  039349_57_q32ti                          files     32 (kept 4, dropped 28) links    17  0.11 MiB
   2417/3562  039349_57_q32tis                         files     32 (kept 4, dropped 28) links    17  0.11 MiB
   2418/3562  039349_57_q33bctlp                       files     32 (kept 4, dropped 28) links    17  0.11 MiB
   2419/3562  039349_57_q33cm                          files     32 (kept 4, dropped 28) links    17  0.11 MiB
   2420/3562  039349_57_q33cs                          files     32 (kept 4, dropped 28) links    17  0.11 MiB
   2421/3562  039349_57_q33ctlp                        files     32 (kept 4, dropped 28) links    17  0.11 MiB
   2422/3562  039349_57_q33cu                          files     32 (kept 4, dropped 28) links    17  0.11 MiB
   2423/3562  039349_57_q33tm                          files     32 (kept 4, dropped 28) links    17  0.11 MiB
   2424/3562  039349_57_q33ts                          files     32 (kept 4, dropped 28) links    17  0.11 MiB
   2425/3562  039349_57_q33tu                          files     32 (kept 4, dropped 28) links    17  0.11 MiB
   2426/3562  039349_57_q34ck1                         files     32 (kept 4, dropped 28) links    17  0.11 MiB
   2427/3562  039349_57_q34ck2                         files     32 (kept 4, dropped 28) links    17  0.11 MiB
   2428/3562  039349_57_q34ck3                         files     32 (kept 4, dropped 28) links    17  0.11 MiB
   2429/3562  039349_57_q34ctlp                        files     32 (kept 4, dropped 28) links    17  0.11 MiB
   2430/3562  039349_57_q34tk2                         files     32 (kept 4, dropped 28) links    17  0.11 MiB
   2431/3562  039349_57_q34tk3                         files     32 (kept 4, dropped 28) links    17  0.11 MiB
   2432/3562  039349_58_d111vst                        files      7 (kept 3, dropped 4) links     2  0.02 MiB
   2433/3562  039349_58_d113vbase                      files      7 (kept 3, dropped 4) links     2  0.02 MiB
   2434/3562  039349_58_d113vnone                      files      7 (kept 3, dropped 4) links     2  0.03 MiB
   2435/3562  039349_58_d119vnu                        files      8 (kept 4, dropped 4) links     3  0.02 MiB
   2436/3562  039349_58_d119vr3                        files      8 (kept 4, dropped 4) links     3  0.02 MiB
   2437/3562  039349_58_q29flip                        files     40 (kept 6, dropped 34) links    17  0.12 MiB
   2438/3562  039349_58_q29stm                         files     40 (kept 6, dropped 34) links    17  0.12 MiB
   2439/3562  039349_58_q31tot                         files     32 (kept 4, dropped 28) links    17  0.11 MiB
   2440/3562  039349_58_q31tot2                        files     32 (kept 4, dropped 28) links    17  0.11 MiB
   2441/3562  039349_58_q32ctlp                        files     32 (kept 4, dropped 28) links    17  0.11 MiB
   2442/3562  039349_58_q32ti                          files     32 (kept 4, dropped 28) links    17  0.11 MiB
   2443/3562  039349_58_q32tis                         files     32 (kept 4, dropped 28) links    17  0.11 MiB
   2444/3562  039349_58_q33bctlp                       files     32 (kept 4, dropped 28) links    17  0.11 MiB
   2445/3562  039349_58_q33cm                          files     32 (kept 4, dropped 28) links    17  0.11 MiB
   2446/3562  039349_58_q33cs                          files     32 (kept 4, dropped 28) links    17  0.11 MiB
   2447/3562  039349_58_q33ctlp                        files     32 (kept 4, dropped 28) links    17  0.11 MiB
   2448/3562  039349_58_q33cu                          files     32 (kept 4, dropped 28) links    17  0.11 MiB
   2449/3562  039349_58_q33tm                          files     32 (kept 4, dropped 28) links    17  0.11 MiB
   2450/3562  039349_58_q33ts                          files     32 (kept 4, dropped 28) links    17  0.11 MiB
   2451/3562  039349_58_q33tu                          files     32 (kept 4, dropped 28) links    17  0.11 MiB
   2452/3562  039349_58_q34ck1                         files     32 (kept 4, dropped 28) links    17  0.11 MiB
   2453/3562  039349_58_q34ck2                         files     32 (kept 4, dropped 28) links    17  0.11 MiB
   2454/3562  039349_58_q34ck3                         files     32 (kept 4, dropped 28) links    17  0.11 MiB
   2455/3562  039349_58_q34ctlp                        files     32 (kept 4, dropped 28) links    17  0.11 MiB
   2456/3562  039349_58_q34tk2                         files     32 (kept 4, dropped 28) links    17  0.11 MiB
   2457/3562  039349_58_q34tk3                         files     32 (kept 4, dropped 28) links    17  0.11 MiB
   2458/3562  039349_59_d111vst                        files      7 (kept 3, dropped 4) links     2  0.02 MiB
   2459/3562  039349_59_d113vbase                      files      7 (kept 3, dropped 4) links     2  0.02 MiB
   2460/3562  039349_59_d113vnone                      files      7 (kept 3, dropped 4) links     2  0.02 MiB
   2461/3562  039349_59_d119vnu                        files      8 (kept 4, dropped 4) links     3  0.02 MiB
   2462/3562  039349_59_d119vr3                        files      8 (kept 4, dropped 4) links     3  0.02 MiB
   2463/3562  039349_59_q29flip                        files     40 (kept 6, dropped 34) links    17  0.11 MiB
   2464/3562  039349_59_q29stm                         files     40 (kept 6, dropped 34) links    17  0.11 MiB
   2465/3562  039349_59_q31tot                         files     32 (kept 4, dropped 28) links    17  0.10 MiB
   2466/3562  039349_59_q31tot2                        files     32 (kept 4, dropped 28) links    17  0.10 MiB
   2467/3562  039349_59_q32ctlp                        files     32 (kept 4, dropped 28) links    17  0.10 MiB
   2468/3562  039349_59_q32ti                          files     32 (kept 4, dropped 28) links    17  0.10 MiB
   2469/3562  039349_59_q32tis                         files     32 (kept 4, dropped 28) links    17  0.10 MiB
   2470/3562  039349_59_q33bctlp                       files     32 (kept 4, dropped 28) links    17  0.10 MiB
   2471/3562  039349_59_q33cm                          files     32 (kept 4, dropped 28) links    17  0.10 MiB
   2472/3562  039349_59_q33cs                          files     32 (kept 4, dropped 28) links    17  0.10 MiB
   2473/3562  039349_59_q33ctlp                        files     32 (kept 4, dropped 28) links    17  0.10 MiB
   2474/3562  039349_59_q33cu                          files     32 (kept 4, dropped 28) links    17  0.10 MiB
   2475/3562  039349_59_q33tm                          files     32 (kept 4, dropped 28) links    17  0.10 MiB
   2476/3562  039349_59_q33ts                          files     32 (kept 4, dropped 28) links    17  0.10 MiB
   2477/3562  039349_59_q33tu                          files     32 (kept 4, dropped 28) links    17  0.10 MiB
   2478/3562  039349_59_q34ck1                         files     32 (kept 4, dropped 28) links    17  0.10 MiB
   2479/3562  039349_59_q34ck2                         files     32 (kept 4, dropped 28) links    17  0.10 MiB
   2480/3562  039349_59_q34ck3                         files     32 (kept 4, dropped 28) links    17  0.10 MiB
   2481/3562  039349_59_q34ctlp                        files     32 (kept 4, dropped 28) links    17  0.10 MiB
   2482/3562  039349_59_q34tk2                         files     32 (kept 4, dropped 28) links    17  0.10 MiB
   2483/3562  039349_59_q34tk3                         files     32 (kept 4, dropped 28) links    17  0.10 MiB
   2484/3562  039349_5_d111vst                         files      7 (kept 3, dropped 4) links     2  0.02 MiB
   2485/3562  039349_5_d113vbase                       files      7 (kept 3, dropped 4) links     2  0.02 MiB
   2486/3562  039349_5_d113vnone                       files      7 (kept 3, dropped 4) links     2  0.04 MiB
   2487/3562  039349_5_d119vnu                         files      8 (kept 4, dropped 4) links     3  0.02 MiB
   2488/3562  039349_5_d119vr3                         files      8 (kept 4, dropped 4) links     3  0.02 MiB
   2489/3562  039349_5_q29flip                         files     40 (kept 6, dropped 34) links    17  0.14 MiB
   2490/3562  039349_5_q29stm                          files     40 (kept 6, dropped 34) links    17  0.14 MiB
   2491/3562  039349_5_q31tot                          files     32 (kept 4, dropped 28) links    17  0.11 MiB
   2492/3562  039349_5_q31tot2                         files     32 (kept 4, dropped 28) links    17  0.11 MiB
   2493/3562  039349_5_q32ctlp                         files     32 (kept 4, dropped 28) links    17  0.11 MiB
   2494/3562  039349_5_q32ti                           files     32 (kept 4, dropped 28) links    17  0.11 MiB
   2495/3562  039349_5_q32tis                          files     32 (kept 4, dropped 28) links    17  0.11 MiB
   2496/3562  039349_5_q33bctlp                        files     32 (kept 4, dropped 28) links    17  0.11 MiB
   2497/3562  039349_5_q33cm                           files     32 (kept 4, dropped 28) links    17  0.11 MiB
   2498/3562  039349_5_q33cs                           files     32 (kept 4, dropped 28) links    17  0.11 MiB
   2499/3562  039349_5_q33ctlp                         files     32 (kept 4, dropped 28) links    17  0.11 MiB
   2500/3562  039349_5_q33cu                           files     32 (kept 4, dropped 28) links    17  0.11 MiB
   2501/3562  039349_5_q33tm                           files     32 (kept 4, dropped 28) links    17  0.11 MiB
   2502/3562  039349_5_q33ts                           files     32 (kept 4, dropped 28) links    17  0.11 MiB
   2503/3562  039349_5_q33tu                           files     32 (kept 4, dropped 28) links    17  0.11 MiB
   2504/3562  039349_5_q34ck1                          files     32 (kept 4, dropped 28) links    17  0.11 MiB
   2505/3562  039349_5_q34ck2                          files     32 (kept 4, dropped 28) links    17  0.11 MiB
   2506/3562  039349_5_q34ck3                          files     32 (kept 4, dropped 28) links    17  0.11 MiB
   2507/3562  039349_5_q34ctlp                         files     32 (kept 4, dropped 28) links    17  0.11 MiB
   2508/3562  039349_5_q34tk2                          files     32 (kept 4, dropped 28) links    17  0.11 MiB
   2509/3562  039349_5_q34tk3                          files     32 (kept 4, dropped 28) links    17  0.11 MiB
   2510/3562  039349_60_d111vst                        files      7 (kept 3, dropped 4) links     2  0.03 MiB
   2511/3562  039349_60_d113vbase                      files      7 (kept 3, dropped 4) links     2  0.03 MiB
   2512/3562  039349_60_d113vnone                      files      7 (kept 3, dropped 4) links     2  0.03 MiB
   2513/3562  039349_60_d119vnu                        files      8 (kept 4, dropped 4) links     3  0.02 MiB
   2514/3562  039349_60_d119vr3                        files      8 (kept 4, dropped 4) links     3  0.02 MiB
   2515/3562  039349_60_q29flip                        files     40 (kept 6, dropped 34) links    17  0.12 MiB
   2516/3562  039349_60_q29stm                         files     40 (kept 6, dropped 34) links    17  0.12 MiB
   2517/3562  039349_60_q31tot                         files     32 (kept 4, dropped 28) links    17  0.10 MiB
   2518/3562  039349_60_q31tot2                        files     32 (kept 4, dropped 28) links    17  0.10 MiB
   2519/3562  039349_60_q32ctlp                        files     32 (kept 4, dropped 28) links    17  0.10 MiB
   2520/3562  039349_60_q32ti                          files     32 (kept 4, dropped 28) links    17  0.10 MiB
   2521/3562  039349_60_q32tis                         files     32 (kept 4, dropped 28) links    17  0.10 MiB
   2522/3562  039349_60_q33bctlp                       files     32 (kept 4, dropped 28) links    17  0.10 MiB
   2523/3562  039349_60_q33cm                          files     32 (kept 4, dropped 28) links    17  0.10 MiB
   2524/3562  039349_60_q33cs                          files     32 (kept 4, dropped 28) links    17  0.10 MiB
   2525/3562  039349_60_q33ctlp                        files     32 (kept 4, dropped 28) links    17  0.10 MiB
   2526/3562  039349_60_q33cu                          files     32 (kept 4, dropped 28) links    17  0.10 MiB
   2527/3562  039349_60_q33tm                          files     32 (kept 4, dropped 28) links    17  0.10 MiB
   2528/3562  039349_60_q33ts                          files     32 (kept 4, dropped 28) links    17  0.10 MiB
   2529/3562  039349_60_q33tu                          files     32 (kept 4, dropped 28) links    17  0.10 MiB
   2530/3562  039349_60_q34ck1                         files     32 (kept 4, dropped 28) links    17  0.10 MiB
   2531/3562  039349_60_q34ck2                         files     32 (kept 4, dropped 28) links    17  0.10 MiB
   2532/3562  039349_60_q34ck3                         files     32 (kept 4, dropped 28) links    17  0.10 MiB
   2533/3562  039349_60_q34ctlp                        files     32 (kept 4, dropped 28) links    17  0.10 MiB
   2534/3562  039349_60_q34tk2                         files     32 (kept 4, dropped 28) links    17  0.10 MiB
   2535/3562  039349_60_q34tk3                         files     32 (kept 4, dropped 28) links    17  0.10 MiB
   2536/3562  039349_61_d111vst                        files      7 (kept 3, dropped 4) links     2  0.04 MiB
   2537/3562  039349_61_d113vbase                      files      7 (kept 3, dropped 4) links     2  0.04 MiB
   2538/3562  039349_61_d113vnone                      files      7 (kept 3, dropped 4) links     2  0.04 MiB
   2539/3562  039349_61_d119vnu                        files      8 (kept 4, dropped 4) links     3  0.04 MiB
   2540/3562  039349_61_d119vr3                        files      8 (kept 4, dropped 4) links     3  0.04 MiB
   2541/3562  039349_61_q29flip                        files     40 (kept 6, dropped 34) links    17  0.13 MiB
   2542/3562  039349_61_q29stm                         files     40 (kept 6, dropped 34) links    17  0.13 MiB
   2543/3562  039349_61_q31tot                         files     32 (kept 4, dropped 28) links    17  0.10 MiB
   2544/3562  039349_61_q31tot2                        files     32 (kept 4, dropped 28) links    17  0.10 MiB
   2545/3562  039349_61_q32ctlp                        files     32 (kept 4, dropped 28) links    17  0.10 MiB
   2546/3562  039349_61_q32ti                          files     32 (kept 4, dropped 28) links    17  0.10 MiB
   2547/3562  039349_61_q32tis                         files     32 (kept 4, dropped 28) links    17  0.10 MiB
   2548/3562  039349_61_q33bctlp                       files     32 (kept 4, dropped 28) links    17  0.10 MiB
   2549/3562  039349_61_q33cm                          files     32 (kept 4, dropped 28) links    17  0.10 MiB
   2550/3562  039349_61_q33cs                          files     32 (kept 4, dropped 28) links    17  0.10 MiB
   2551/3562  039349_61_q33ctlp                        files     32 (kept 4, dropped 28) links    17  0.10 MiB
   2552/3562  039349_61_q33cu                          files     32 (kept 4, dropped 28) links    17  0.10 MiB
   2553/3562  039349_61_q33tm                          files     32 (kept 4, dropped 28) links    17  0.10 MiB
   2554/3562  039349_61_q33ts                          files     32 (kept 4, dropped 28) links    17  0.10 MiB
   2555/3562  039349_61_q33tu                          files     32 (kept 4, dropped 28) links    17  0.10 MiB
   2556/3562  039349_61_q34ck1                         files     32 (kept 4, dropped 28) links    17  0.10 MiB
   2557/3562  039349_61_q34ck2                         files     32 (kept 4, dropped 28) links    17  0.10 MiB
   2558/3562  039349_61_q34ck3                         files     32 (kept 4, dropped 28) links    17  0.10 MiB
   2559/3562  039349_61_q34ctlp                        files     32 (kept 4, dropped 28) links    17  0.10 MiB
   2560/3562  039349_61_q34tk2                         files     32 (kept 4, dropped 28) links    17  0.10 MiB
   2561/3562  039349_61_q34tk3                         files     32 (kept 4, dropped 28) links    17  0.10 MiB
   2562/3562  039349_62_d111vst                        files      7 (kept 3, dropped 4) links     2  0.02 MiB
   2563/3562  039349_62_d113vbase                      files      7 (kept 3, dropped 4) links     2  0.02 MiB
   2564/3562  039349_62_d113vnone                      files      7 (kept 3, dropped 4) links     2  0.03 MiB
   2565/3562  039349_62_d119vnu                        files      8 (kept 4, dropped 4) links     3  0.02 MiB
   2566/3562  039349_62_d119vr3                        files      8 (kept 4, dropped 4) links     3  0.02 MiB
   2567/3562  039349_62_q29flip                        files     40 (kept 6, dropped 34) links    17  0.14 MiB
   2568/3562  039349_62_q29stm                         files     40 (kept 6, dropped 34) links    17  0.14 MiB
   2569/3562  039349_62_q31tot                         files     32 (kept 4, dropped 28) links    17  0.12 MiB
   2570/3562  039349_62_q31tot2                        files     32 (kept 4, dropped 28) links    17  0.12 MiB
   2571/3562  039349_62_q32ctlp                        files     32 (kept 4, dropped 28) links    17  0.12 MiB
   2572/3562  039349_62_q32ti                          files     32 (kept 4, dropped 28) links    17  0.12 MiB
   2573/3562  039349_62_q32tis                         files     32 (kept 4, dropped 28) links    17  0.12 MiB
   2574/3562  039349_62_q33bctlp                       files     32 (kept 4, dropped 28) links    17  0.12 MiB
   2575/3562  039349_62_q33cm                          files     32 (kept 4, dropped 28) links    17  0.12 MiB
   2576/3562  039349_62_q33cs                          files     32 (kept 4, dropped 28) links    17  0.12 MiB
   2577/3562  039349_62_q33ctlp                        files     32 (kept 4, dropped 28) links    17  0.12 MiB
   2578/3562  039349_62_q33cu                          files     32 (kept 4, dropped 28) links    17  0.12 MiB
   2579/3562  039349_62_q33tm                          files     32 (kept 4, dropped 28) links    17  0.12 MiB
   2580/3562  039349_62_q33ts                          files     32 (kept 4, dropped 28) links    17  0.12 MiB
   2581/3562  039349_62_q33tu                          files     32 (kept 4, dropped 28) links    17  0.12 MiB
   2582/3562  039349_62_q34ck1                         files     32 (kept 4, dropped 28) links    17  0.12 MiB
   2583/3562  039349_62_q34ck2                         files     32 (kept 4, dropped 28) links    17  0.12 MiB
   2584/3562  039349_62_q34ck3                         files     32 (kept 4, dropped 28) links    17  0.12 MiB
   2585/3562  039349_62_q34ctlp                        files     32 (kept 4, dropped 28) links    17  0.12 MiB
   2586/3562  039349_62_q34tk2                         files     32 (kept 4, dropped 28) links    17  0.12 MiB
   2587/3562  039349_62_q34tk3                         files     32 (kept 4, dropped 28) links    17  0.12 MiB
   2588/3562  039349_63_d111vst                        files      7 (kept 3, dropped 4) links     2  0.03 MiB
   2589/3562  039349_63_d113vbase                      files      7 (kept 3, dropped 4) links     2  0.03 MiB
   2590/3562  039349_63_d113vnone                      files      7 (kept 3, dropped 4) links     2  0.05 MiB
   2591/3562  039349_63_d119vnu                        files      8 (kept 4, dropped 4) links     3  0.04 MiB
   2592/3562  039349_63_d119vr3                        files      8 (kept 4, dropped 4) links     3  0.04 MiB
   2593/3562  039349_63_q29flip                        files     40 (kept 6, dropped 34) links    17  0.14 MiB
   2594/3562  039349_63_q29stm                         files     40 (kept 6, dropped 34) links    17  0.14 MiB
   2595/3562  039349_63_q31tot                         files     32 (kept 4, dropped 28) links    17  0.09 MiB
   2596/3562  039349_63_q31tot2                        files     32 (kept 4, dropped 28) links    17  0.09 MiB
   2597/3562  039349_63_q32ctlp                        files     32 (kept 4, dropped 28) links    17  0.09 MiB
   2598/3562  039349_63_q32ti                          files     32 (kept 4, dropped 28) links    17  0.09 MiB
   2599/3562  039349_63_q32tis                         files     32 (kept 4, dropped 28) links    17  0.09 MiB
   2600/3562  039349_63_q33bctlp                       files     32 (kept 4, dropped 28) links    17  0.09 MiB
   2601/3562  039349_63_q33cm                          files     32 (kept 4, dropped 28) links    17  0.09 MiB
   2602/3562  039349_63_q33cs                          files     32 (kept 4, dropped 28) links    17  0.09 MiB
   2603/3562  039349_63_q33ctlp                        files     32 (kept 4, dropped 28) links    17  0.09 MiB
   2604/3562  039349_63_q33cu                          files     32 (kept 4, dropped 28) links    17  0.09 MiB
   2605/3562  039349_63_q33tm                          files     32 (kept 4, dropped 28) links    17  0.09 MiB
   2606/3562  039349_63_q33ts                          files     32 (kept 4, dropped 28) links    17  0.09 MiB
   2607/3562  039349_63_q33tu                          files     32 (kept 4, dropped 28) links    17  0.09 MiB
   2608/3562  039349_63_q34ck1                         files     32 (kept 4, dropped 28) links    17  0.09 MiB
   2609/3562  039349_63_q34ck2                         files     32 (kept 4, dropped 28) links    17  0.09 MiB
   2610/3562  039349_63_q34ck3                         files     32 (kept 4, dropped 28) links    17  0.09 MiB
   2611/3562  039349_63_q34ctlp                        files     32 (kept 4, dropped 28) links    17  0.09 MiB
   2612/3562  039349_63_q34tk2                         files     32 (kept 4, dropped 28) links    17  0.09 MiB
   2613/3562  039349_63_q34tk3                         files     32 (kept 4, dropped 28) links    17  0.09 MiB
   2614/3562  039349_64_d111vst                        files      7 (kept 3, dropped 4) links     2  0.03 MiB
   2615/3562  039349_64_d113vbase                      files      7 (kept 3, dropped 4) links     2  0.03 MiB
   2616/3562  039349_64_d113vnone                      files      7 (kept 3, dropped 4) links     2  0.05 MiB
   2617/3562  039349_64_d119vnu                        files      8 (kept 4, dropped 4) links     3  0.03 MiB
   2618/3562  039349_64_d119vr3                        files      8 (kept 4, dropped 4) links     3  0.03 MiB
   2619/3562  039349_64_q29flip                        files     40 (kept 6, dropped 34) links    17  0.17 MiB
   2620/3562  039349_64_q29stm                         files     40 (kept 6, dropped 34) links    17  0.17 MiB
   2621/3562  039349_64_q31tot                         files     32 (kept 4, dropped 28) links    17  0.13 MiB
   2622/3562  039349_64_q31tot2                        files     32 (kept 4, dropped 28) links    17  0.13 MiB
   2623/3562  039349_64_q32ctlp                        files     32 (kept 4, dropped 28) links    17  0.13 MiB
   2624/3562  039349_64_q32ti                          files     32 (kept 4, dropped 28) links    17  0.13 MiB
   2625/3562  039349_64_q32tis                         files     32 (kept 4, dropped 28) links    17  0.13 MiB
   2626/3562  039349_64_q33bctlp                       files     32 (kept 4, dropped 28) links    17  0.13 MiB
   2627/3562  039349_64_q33cm                          files     32 (kept 4, dropped 28) links    17  0.13 MiB
   2628/3562  039349_64_q33cs                          files     32 (kept 4, dropped 28) links    17  0.13 MiB
   2629/3562  039349_64_q33ctlp                        files     32 (kept 4, dropped 28) links    17  0.13 MiB
   2630/3562  039349_64_q33cu                          files     32 (kept 4, dropped 28) links    17  0.13 MiB
   2631/3562  039349_64_q33tm                          files     32 (kept 4, dropped 28) links    17  0.13 MiB
   2632/3562  039349_64_q33ts                          files     32 (kept 4, dropped 28) links    17  0.13 MiB
   2633/3562  039349_64_q33tu                          files     32 (kept 4, dropped 28) links    17  0.13 MiB
   2634/3562  039349_64_q34ck1                         files     32 (kept 4, dropped 28) links    17  0.13 MiB
   2635/3562  039349_64_q34ck2                         files     32 (kept 4, dropped 28) links    17  0.14 MiB
   2636/3562  039349_64_q34ck3                         files     32 (kept 4, dropped 28) links    17  0.13 MiB
   2637/3562  039349_64_q34ctlp                        files     32 (kept 4, dropped 28) links    17  0.13 MiB
   2638/3562  039349_64_q34tk2                         files     32 (kept 4, dropped 28) links    17  0.13 MiB
   2639/3562  039349_64_q34tk3                         files     32 (kept 4, dropped 28) links    17  0.13 MiB
   2640/3562  039349_65_d111vst                        files      7 (kept 3, dropped 4) links     2  0.02 MiB
   2641/3562  039349_65_d113vbase                      files      7 (kept 3, dropped 4) links     2  0.02 MiB
   2642/3562  039349_65_d113vnone                      files      7 (kept 3, dropped 4) links     2  0.02 MiB
   2643/3562  039349_65_d119vnu                        files      8 (kept 4, dropped 4) links     3  0.02 MiB
   2644/3562  039349_65_d119vr3                        files      8 (kept 4, dropped 4) links     3  0.02 MiB
   2645/3562  039349_65_q29flip                        files     40 (kept 6, dropped 34) links    17  0.11 MiB
   2646/3562  039349_65_q29stm                         files     40 (kept 6, dropped 34) links    17  0.11 MiB
   2647/3562  039349_65_q31tot                         files     32 (kept 4, dropped 28) links    17  0.10 MiB
   2648/3562  039349_65_q31tot2                        files     32 (kept 4, dropped 28) links    17  0.10 MiB
   2649/3562  039349_65_q32ctlp                        files     32 (kept 4, dropped 28) links    17  0.10 MiB
   2650/3562  039349_65_q32ti                          files     32 (kept 4, dropped 28) links    17  0.10 MiB
   2651/3562  039349_65_q32tis                         files     32 (kept 4, dropped 28) links    17  0.10 MiB
   2652/3562  039349_65_q33bctlp                       files     32 (kept 4, dropped 28) links    17  0.10 MiB
   2653/3562  039349_65_q33cm                          files     32 (kept 4, dropped 28) links    17  0.10 MiB
   2654/3562  039349_65_q33cs                          files     32 (kept 4, dropped 28) links    17  0.10 MiB
   2655/3562  039349_65_q33ctlp                        files     32 (kept 4, dropped 28) links    17  0.10 MiB
   2656/3562  039349_65_q33cu                          files     32 (kept 4, dropped 28) links    17  0.10 MiB
   2657/3562  039349_65_q33tm                          files     32 (kept 4, dropped 28) links    17  0.10 MiB
   2658/3562  039349_65_q33ts                          files     32 (kept 4, dropped 28) links    17  0.10 MiB
   2659/3562  039349_65_q33tu                          files     32 (kept 4, dropped 28) links    17  0.10 MiB
   2660/3562  039349_65_q34ck1                         files     32 (kept 4, dropped 28) links    17  0.10 MiB
   2661/3562  039349_65_q34ck2                         files     32 (kept 4, dropped 28) links    17  0.10 MiB
   2662/3562  039349_65_q34ck3                         files     32 (kept 4, dropped 28) links    17  0.10 MiB
   2663/3562  039349_65_q34ctlp                        files     32 (kept 4, dropped 28) links    17  0.10 MiB
   2664/3562  039349_65_q34tk2                         files     32 (kept 4, dropped 28) links    17  0.10 MiB
   2665/3562  039349_65_q34tk3                         files     32 (kept 4, dropped 28) links    17  0.10 MiB
   2666/3562  039349_66_d111vst                        files      7 (kept 3, dropped 4) links     2  0.04 MiB
   2667/3562  039349_66_d113vbase                      files      7 (kept 3, dropped 4) links     2  0.04 MiB
   2668/3562  039349_66_d113vnone                      files      7 (kept 3, dropped 4) links     2  0.04 MiB
   2669/3562  039349_66_d119vnu                        files      8 (kept 4, dropped 4) links     3  0.04 MiB
   2670/3562  039349_66_d119vr3                        files      8 (kept 4, dropped 4) links     3  0.04 MiB
   2671/3562  039349_66_q29flip                        files     40 (kept 6, dropped 34) links    17  0.16 MiB
   2672/3562  039349_66_q29stm                         files     40 (kept 6, dropped 34) links    17  0.16 MiB
   2673/3562  039349_66_q31tot                         files     32 (kept 4, dropped 28) links    17  0.13 MiB
   2674/3562  039349_66_q31tot2                        files     32 (kept 4, dropped 28) links    17  0.13 MiB
   2675/3562  039349_66_q32ctlp                        files     32 (kept 4, dropped 28) links    17  0.13 MiB
   2676/3562  039349_66_q32ti                          files     32 (kept 4, dropped 28) links    17  0.13 MiB
   2677/3562  039349_66_q32tis                         files     32 (kept 4, dropped 28) links    17  0.13 MiB
   2678/3562  039349_66_q33bctlp                       files     32 (kept 4, dropped 28) links    17  0.13 MiB
   2679/3562  039349_66_q33cm                          files     32 (kept 4, dropped 28) links    17  0.13 MiB
   2680/3562  039349_66_q33cs                          files     32 (kept 4, dropped 28) links    17  0.13 MiB
   2681/3562  039349_66_q33ctlp                        files     32 (kept 4, dropped 28) links    17  0.13 MiB
   2682/3562  039349_66_q33cu                          files     32 (kept 4, dropped 28) links    17  0.13 MiB
   2683/3562  039349_66_q33tm                          files     32 (kept 4, dropped 28) links    17  0.13 MiB
   2684/3562  039349_66_q33ts                          files     32 (kept 4, dropped 28) links    17  0.13 MiB
   2685/3562  039349_66_q33tu                          files     32 (kept 4, dropped 28) links    17  0.13 MiB
   2686/3562  039349_66_q34ck1                         files     32 (kept 4, dropped 28) links    17  0.13 MiB
   2687/3562  039349_66_q34ck2                         files     32 (kept 4, dropped 28) links    17  0.13 MiB
   2688/3562  039349_66_q34ck3                         files     32 (kept 4, dropped 28) links    17  0.13 MiB
   2689/3562  039349_66_q34ctlp                        files     32 (kept 4, dropped 28) links    17  0.13 MiB
   2690/3562  039349_66_q34tk2                         files     32 (kept 4, dropped 28) links    17  0.13 MiB
   2691/3562  039349_66_q34tk3                         files     32 (kept 4, dropped 28) links    17  0.13 MiB
   2692/3562  039349_67_d111vst                        files      7 (kept 3, dropped 4) links     2  0.02 MiB
   2693/3562  039349_67_d113vbase                      files      7 (kept 3, dropped 4) links     2  0.02 MiB
   2694/3562  039349_67_d113vnone                      files      7 (kept 3, dropped 4) links     2  0.03 MiB
   2695/3562  039349_67_d119vnu                        files      8 (kept 4, dropped 4) links     3  0.02 MiB
   2696/3562  039349_67_d119vr3                        files      8 (kept 4, dropped 4) links     3  0.02 MiB
   2697/3562  039349_67_q29flip                        files     40 (kept 6, dropped 34) links    17  0.15 MiB
   2698/3562  039349_67_q29stm                         files     40 (kept 6, dropped 34) links    17  0.15 MiB
   2699/3562  039349_67_q31tot                         files     32 (kept 4, dropped 28) links    17  0.12 MiB
   2700/3562  039349_67_q31tot2                        files     32 (kept 4, dropped 28) links    17  0.12 MiB
   2701/3562  039349_67_q32ctlp                        files     32 (kept 4, dropped 28) links    17  0.12 MiB
   2702/3562  039349_67_q32ti                          files     32 (kept 4, dropped 28) links    17  0.12 MiB
   2703/3562  039349_67_q32tis                         files     32 (kept 4, dropped 28) links    17  0.12 MiB
   2704/3562  039349_67_q33bctlp                       files     32 (kept 4, dropped 28) links    17  0.12 MiB
   2705/3562  039349_67_q33cm                          files     32 (kept 4, dropped 28) links    17  0.12 MiB
   2706/3562  039349_67_q33cs                          files     32 (kept 4, dropped 28) links    17  0.12 MiB
   2707/3562  039349_67_q33ctlp                        files     32 (kept 4, dropped 28) links    17  0.12 MiB
   2708/3562  039349_67_q33cu                          files     32 (kept 4, dropped 28) links    17  0.12 MiB
   2709/3562  039349_67_q33tm                          files     32 (kept 4, dropped 28) links    17  0.12 MiB
   2710/3562  039349_67_q33ts                          files     32 (kept 4, dropped 28) links    17  0.12 MiB
   2711/3562  039349_67_q33tu                          files     32 (kept 4, dropped 28) links    17  0.12 MiB
   2712/3562  039349_67_q34ck1                         files     32 (kept 4, dropped 28) links    17  0.12 MiB
   2713/3562  039349_67_q34ck2                         files     32 (kept 4, dropped 28) links    17  0.12 MiB
   2714/3562  039349_67_q34ck3                         files     32 (kept 4, dropped 28) links    17  0.12 MiB
   2715/3562  039349_67_q34ctlp                        files     32 (kept 4, dropped 28) links    17  0.12 MiB
   2716/3562  039349_67_q34tk2                         files     32 (kept 4, dropped 28) links    17  0.12 MiB
   2717/3562  039349_67_q34tk3                         files     32 (kept 4, dropped 28) links    17  0.12 MiB
   2718/3562  039349_68_d111vst                        files      7 (kept 3, dropped 4) links     2  0.03 MiB
   2719/3562  039349_68_d113vbase                      files      7 (kept 3, dropped 4) links     2  0.03 MiB
   2720/3562  039349_68_d113vnone                      files      7 (kept 3, dropped 4) links     2  0.03 MiB
   2721/3562  039349_68_d119vnu                        files      8 (kept 4, dropped 4) links     3  0.02 MiB
   2722/3562  039349_68_d119vr3                        files      8 (kept 4, dropped 4) links     3  0.02 MiB
   2723/3562  039349_68_q29flip                        files     40 (kept 6, dropped 34) links    17  0.13 MiB
   2724/3562  039349_68_q29stm                         files     40 (kept 6, dropped 34) links    17  0.13 MiB
   2725/3562  039349_68_q31tot                         files     32 (kept 4, dropped 28) links    17  0.11 MiB
   2726/3562  039349_68_q31tot2                        files     32 (kept 4, dropped 28) links    17  0.11 MiB
   2727/3562  039349_68_q32ctlp                        files     32 (kept 4, dropped 28) links    17  0.11 MiB
   2728/3562  039349_68_q32ti                          files     32 (kept 4, dropped 28) links    17  0.11 MiB
   2729/3562  039349_68_q32tis                         files     32 (kept 4, dropped 28) links    17  0.11 MiB
   2730/3562  039349_68_q33bctlp                       files     32 (kept 4, dropped 28) links    17  0.11 MiB
   2731/3562  039349_68_q33cm                          files     32 (kept 4, dropped 28) links    17  0.11 MiB
   2732/3562  039349_68_q33cs                          files     32 (kept 4, dropped 28) links    17  0.11 MiB
   2733/3562  039349_68_q33ctlp                        files     32 (kept 4, dropped 28) links    17  0.11 MiB
   2734/3562  039349_68_q33cu                          files     32 (kept 4, dropped 28) links    17  0.11 MiB
   2735/3562  039349_68_q33tm                          files     32 (kept 4, dropped 28) links    17  0.11 MiB
   2736/3562  039349_68_q33ts                          files     32 (kept 4, dropped 28) links    17  0.11 MiB
   2737/3562  039349_68_q33tu                          files     32 (kept 4, dropped 28) links    17  0.11 MiB
   2738/3562  039349_68_q34ck1                         files     32 (kept 4, dropped 28) links    17  0.11 MiB
   2739/3562  039349_68_q34ck2                         files     32 (kept 4, dropped 28) links    17  0.11 MiB
   2740/3562  039349_68_q34ck3                         files     32 (kept 4, dropped 28) links    17  0.11 MiB
   2741/3562  039349_68_q34ctlp                        files     32 (kept 4, dropped 28) links    17  0.11 MiB
   2742/3562  039349_68_q34tk2                         files     32 (kept 4, dropped 28) links    17  0.11 MiB
   2743/3562  039349_68_q34tk3                         files     32 (kept 4, dropped 28) links    17  0.11 MiB
   2744/3562  039349_69_d111vst                        files      7 (kept 3, dropped 4) links     2  0.02 MiB
   2745/3562  039349_69_d113vbase                      files      7 (kept 3, dropped 4) links     2  0.02 MiB
   2746/3562  039349_69_d113vnone                      files      7 (kept 3, dropped 4) links     2  0.03 MiB
   2747/3562  039349_69_d119vnu                        files      8 (kept 4, dropped 4) links     3  0.02 MiB
   2748/3562  039349_69_d119vr3                        files      8 (kept 4, dropped 4) links     3  0.02 MiB
   2749/3562  039349_69_q29flip                        files     40 (kept 6, dropped 34) links    17  0.13 MiB
   2750/3562  039349_69_q29stm                         files     40 (kept 6, dropped 34) links    17  0.13 MiB
   2751/3562  039349_69_q31tot                         files     32 (kept 4, dropped 28) links    17  0.11 MiB
   2752/3562  039349_69_q31tot2                        files     32 (kept 4, dropped 28) links    17  0.11 MiB
   2753/3562  039349_69_q32ctlp                        files     32 (kept 4, dropped 28) links    17  0.11 MiB
   2754/3562  039349_69_q32ti                          files     32 (kept 4, dropped 28) links    17  0.11 MiB
   2755/3562  039349_69_q32tis                         files     32 (kept 4, dropped 28) links    17  0.11 MiB
   2756/3562  039349_69_q33bctlp                       files     32 (kept 4, dropped 28) links    17  0.11 MiB
   2757/3562  039349_69_q33cm                          files     32 (kept 4, dropped 28) links    17  0.11 MiB
   2758/3562  039349_69_q33cs                          files     32 (kept 4, dropped 28) links    17  0.11 MiB
   2759/3562  039349_69_q33ctlp                        files     32 (kept 4, dropped 28) links    17  0.11 MiB
   2760/3562  039349_69_q33cu                          files     32 (kept 4, dropped 28) links    17  0.11 MiB
   2761/3562  039349_69_q33tm                          files     32 (kept 4, dropped 28) links    17  0.11 MiB
   2762/3562  039349_69_q33ts                          files     32 (kept 4, dropped 28) links    17  0.11 MiB
   2763/3562  039349_69_q33tu                          files     32 (kept 4, dropped 28) links    17  0.11 MiB
   2764/3562  039349_69_q34ck1                         files     32 (kept 4, dropped 28) links    17  0.11 MiB
   2765/3562  039349_69_q34ck2                         files     32 (kept 4, dropped 28) links    17  0.11 MiB
   2766/3562  039349_69_q34ck3                         files     32 (kept 4, dropped 28) links    17  0.11 MiB
   2767/3562  039349_69_q34ctlp                        files     32 (kept 4, dropped 28) links    17  0.11 MiB
   2768/3562  039349_69_q34tk2                         files     32 (kept 4, dropped 28) links    17  0.11 MiB
   2769/3562  039349_69_q34tk3                         files     32 (kept 4, dropped 28) links    17  0.11 MiB
   2770/3562  039349_6_d111vst                         files      7 (kept 3, dropped 4) links     2  0.01 MiB
   2771/3562  039349_6_d113vbase                       files      7 (kept 3, dropped 4) links     2  0.01 MiB
   2772/3562  039349_6_d113vnone                       files      7 (kept 3, dropped 4) links     2  0.03 MiB
   2773/3562  039349_6_d119vnu                         files      8 (kept 4, dropped 4) links     3  0.02 MiB
   2774/3562  039349_6_d119vr3                         files      8 (kept 4, dropped 4) links     3  0.02 MiB
   2775/3562  039349_6_q29flip                         files     40 (kept 6, dropped 34) links    17  0.14 MiB
   2776/3562  039349_6_q29stm                          files     40 (kept 6, dropped 34) links    17  0.14 MiB
   2777/3562  039349_6_q31tot                          files     32 (kept 4, dropped 28) links    17  0.12 MiB
   2778/3562  039349_6_q31tot2                         files     32 (kept 4, dropped 28) links    17  0.12 MiB
   2779/3562  039349_6_q32ctlp                         files     32 (kept 4, dropped 28) links    17  0.12 MiB
   2780/3562  039349_6_q32ti                           files     32 (kept 4, dropped 28) links    17  0.12 MiB
   2781/3562  039349_6_q32tis                          files     32 (kept 4, dropped 28) links    17  0.12 MiB
   2782/3562  039349_6_q33bctlp                        files     32 (kept 4, dropped 28) links    17  0.12 MiB
   2783/3562  039349_6_q33cm                           files     32 (kept 4, dropped 28) links    17  0.12 MiB
   2784/3562  039349_6_q33cs                           files     32 (kept 4, dropped 28) links    17  0.12 MiB
   2785/3562  039349_6_q33ctlp                         files     32 (kept 4, dropped 28) links    17  0.12 MiB
   2786/3562  039349_6_q33cu                           files     32 (kept 4, dropped 28) links    17  0.12 MiB
   2787/3562  039349_6_q33tm                           files     32 (kept 4, dropped 28) links    17  0.12 MiB
   2788/3562  039349_6_q33ts                           files     32 (kept 4, dropped 28) links    17  0.12 MiB
   2789/3562  039349_6_q33tu                           files     32 (kept 4, dropped 28) links    17  0.12 MiB
   2790/3562  039349_6_q34ck1                          files     32 (kept 4, dropped 28) links    17  0.12 MiB
   2791/3562  039349_6_q34ck2                          files     32 (kept 4, dropped 28) links    17  0.12 MiB
   2792/3562  039349_6_q34ck3                          files     32 (kept 4, dropped 28) links    17  0.12 MiB
   2793/3562  039349_6_q34ctlp                         files     32 (kept 4, dropped 28) links    17  0.12 MiB
   2794/3562  039349_6_q34tk2                          files     32 (kept 4, dropped 28) links    17  0.12 MiB
   2795/3562  039349_6_q34tk3                          files     32 (kept 4, dropped 28) links    17  0.12 MiB
   2796/3562  039349_70_d111vst                        files      7 (kept 3, dropped 4) links     2  0.02 MiB
   2797/3562  039349_70_d113vbase                      files      7 (kept 3, dropped 4) links     2  0.02 MiB
   2798/3562  039349_70_d113vnone                      files      7 (kept 3, dropped 4) links     2  0.03 MiB
   2799/3562  039349_70_d119vnu                        files      8 (kept 4, dropped 4) links     3  0.02 MiB
   2800/3562  039349_70_d119vr3                        files      8 (kept 4, dropped 4) links     3  0.02 MiB
   2801/3562  039349_70_q29flip                        files     40 (kept 6, dropped 34) links    17  0.15 MiB
   2802/3562  039349_70_q29stm                         files     40 (kept 6, dropped 34) links    17  0.15 MiB
   2803/3562  039349_70_q31tot                         files     32 (kept 4, dropped 28) links    17  0.12 MiB
   2804/3562  039349_70_q31tot2                        files     32 (kept 4, dropped 28) links    17  0.12 MiB
   2805/3562  039349_70_q32ctlp                        files     32 (kept 4, dropped 28) links    17  0.12 MiB
   2806/3562  039349_70_q32ti                          files     32 (kept 4, dropped 28) links    17  0.12 MiB
   2807/3562  039349_70_q32tis                         files     32 (kept 4, dropped 28) links    17  0.12 MiB
   2808/3562  039349_70_q33bctlp                       files     32 (kept 4, dropped 28) links    17  0.12 MiB
   2809/3562  039349_70_q33cm                          files     32 (kept 4, dropped 28) links    17  0.12 MiB
   2810/3562  039349_70_q33cs                          files     32 (kept 4, dropped 28) links    17  0.12 MiB
   2811/3562  039349_70_q33ctlp                        files     32 (kept 4, dropped 28) links    17  0.12 MiB
   2812/3562  039349_70_q33cu                          files     32 (kept 4, dropped 28) links    17  0.12 MiB
   2813/3562  039349_70_q33tm                          files     32 (kept 4, dropped 28) links    17  0.12 MiB
   2814/3562  039349_70_q33ts                          files     32 (kept 4, dropped 28) links    17  0.12 MiB
   2815/3562  039349_70_q33tu                          files     32 (kept 4, dropped 28) links    17  0.12 MiB
   2816/3562  039349_70_q34ck1                         files     32 (kept 4, dropped 28) links    17  0.12 MiB
   2817/3562  039349_70_q34ck2                         files     32 (kept 4, dropped 28) links    17  0.12 MiB
   2818/3562  039349_70_q34ck3                         files     32 (kept 4, dropped 28) links    17  0.12 MiB
   2819/3562  039349_70_q34ctlp                        files     32 (kept 4, dropped 28) links    17  0.12 MiB
   2820/3562  039349_70_q34tk2                         files     32 (kept 4, dropped 28) links    17  0.12 MiB
   2821/3562  039349_70_q34tk3                         files     32 (kept 4, dropped 28) links    17  0.12 MiB
   2822/3562  039349_71_d111vst                        files      7 (kept 3, dropped 4) links     2  0.03 MiB
   2823/3562  039349_71_d113vbase                      files      7 (kept 3, dropped 4) links     2  0.03 MiB
   2824/3562  039349_71_d113vnone                      files      7 (kept 3, dropped 4) links     2  0.06 MiB
   2825/3562  039349_71_d119vnu                        files      8 (kept 4, dropped 4) links     3  0.02 MiB
   2826/3562  039349_71_d119vr3                        files      8 (kept 4, dropped 4) links     3  0.02 MiB
   2827/3562  039349_71_q29flip                        files     40 (kept 6, dropped 34) links    17  0.15 MiB
   2828/3562  039349_71_q29stm                         files     40 (kept 6, dropped 34) links    17  0.15 MiB
   2829/3562  039349_71_q31tot                         files     32 (kept 4, dropped 28) links    17  0.11 MiB
   2830/3562  039349_71_q31tot2                        files     32 (kept 4, dropped 28) links    17  0.11 MiB
   2831/3562  039349_71_q32ctlp                        files     32 (kept 4, dropped 28) links    17  0.11 MiB
   2832/3562  039349_71_q32ti                          files     32 (kept 4, dropped 28) links    17  0.11 MiB
   2833/3562  039349_71_q32tis                         files     32 (kept 4, dropped 28) links    17  0.11 MiB
   2834/3562  039349_71_q33bctlp                       files     32 (kept 4, dropped 28) links    17  0.11 MiB
   2835/3562  039349_71_q33cm                          files     32 (kept 4, dropped 28) links    17  0.11 MiB
   2836/3562  039349_71_q33cs                          files     32 (kept 4, dropped 28) links    17  0.11 MiB
   2837/3562  039349_71_q33ctlp                        files     32 (kept 4, dropped 28) links    17  0.11 MiB
   2838/3562  039349_71_q33cu                          files     32 (kept 4, dropped 28) links    17  0.11 MiB
   2839/3562  039349_71_q33tm                          files     32 (kept 4, dropped 28) links    17  0.11 MiB
   2840/3562  039349_71_q33ts                          files     32 (kept 4, dropped 28) links    17  0.11 MiB
   2841/3562  039349_71_q33tu                          files     32 (kept 4, dropped 28) links    17  0.11 MiB
   2842/3562  039349_71_q34ck1                         files     32 (kept 4, dropped 28) links    17  0.11 MiB
   2843/3562  039349_71_q34ck2                         files     32 (kept 4, dropped 28) links    17  0.11 MiB
   2844/3562  039349_71_q34ck3                         files     32 (kept 4, dropped 28) links    17  0.11 MiB
   2845/3562  039349_71_q34ctlp                        files     32 (kept 4, dropped 28) links    17  0.11 MiB
   2846/3562  039349_71_q34tk2                         files     32 (kept 4, dropped 28) links    17  0.11 MiB
   2847/3562  039349_71_q34tk3                         files     32 (kept 4, dropped 28) links    17  0.11 MiB
   2848/3562  039349_72_d111vst                        files      7 (kept 3, dropped 4) links     2  0.02 MiB
   2849/3562  039349_72_d113vbase                      files      7 (kept 3, dropped 4) links     2  0.02 MiB
   2850/3562  039349_72_d113vnone                      files      7 (kept 3, dropped 4) links     2  0.05 MiB
   2851/3562  039349_72_d119vnu                        files      8 (kept 4, dropped 4) links     3  0.06 MiB
   2852/3562  039349_72_d119vr3                        files      8 (kept 4, dropped 4) links     3  0.06 MiB
   2853/3562  039349_72_q29flip                        files     40 (kept 6, dropped 34) links    17  0.16 MiB
   2854/3562  039349_72_q29stm                         files     40 (kept 6, dropped 34) links    17  0.16 MiB
   2855/3562  039349_72_q31tot                         files     32 (kept 4, dropped 28) links    17  0.11 MiB
   2856/3562  039349_72_q31tot2                        files     32 (kept 4, dropped 28) links    17  0.11 MiB
   2857/3562  039349_72_q32ctlp                        files     32 (kept 4, dropped 28) links    17  0.11 MiB
   2858/3562  039349_72_q32ti                          files     32 (kept 4, dropped 28) links    17  0.11 MiB
   2859/3562  039349_72_q32tis                         files     32 (kept 4, dropped 28) links    17  0.11 MiB
   2860/3562  039349_72_q33bctlp                       files     32 (kept 4, dropped 28) links    17  0.11 MiB
   2861/3562  039349_72_q33cm                          files     32 (kept 4, dropped 28) links    17  0.11 MiB
   2862/3562  039349_72_q33cs                          files     32 (kept 4, dropped 28) links    17  0.11 MiB
   2863/3562  039349_72_q33ctlp                        files     32 (kept 4, dropped 28) links    17  0.11 MiB
   2864/3562  039349_72_q33cu                          files     32 (kept 4, dropped 28) links    17  0.12 MiB
   2865/3562  039349_72_q33tm                          files     32 (kept 4, dropped 28) links    17  0.11 MiB
   2866/3562  039349_72_q33ts                          files     32 (kept 4, dropped 28) links    17  0.11 MiB
   2867/3562  039349_72_q33tu                          files     32 (kept 4, dropped 28) links    17  0.11 MiB
   2868/3562  039349_72_q34ck1                         files     32 (kept 4, dropped 28) links    17  0.11 MiB
   2869/3562  039349_72_q34ck2                         files     32 (kept 4, dropped 28) links    17  0.12 MiB
   2870/3562  039349_72_q34ck3                         files     32 (kept 4, dropped 28) links    17  0.11 MiB
   2871/3562  039349_72_q34ctlp                        files     32 (kept 4, dropped 28) links    17  0.11 MiB
   2872/3562  039349_72_q34tk2                         files     32 (kept 4, dropped 28) links    17  0.11 MiB
   2873/3562  039349_72_q34tk3                         files     32 (kept 4, dropped 28) links    17  0.11 MiB
   2874/3562  039349_73_d111vst                        files      7 (kept 3, dropped 4) links     2  0.02 MiB
   2875/3562  039349_73_d113vbase                      files      7 (kept 3, dropped 4) links     2  0.02 MiB
   2876/3562  039349_73_d113vnone                      files      7 (kept 3, dropped 4) links     2  0.03 MiB
   2877/3562  039349_73_d119vnu                        files      8 (kept 4, dropped 4) links     3  0.02 MiB
   2878/3562  039349_73_d119vr3                        files      8 (kept 4, dropped 4) links     3  0.02 MiB
   2879/3562  039349_73_q29flip                        files     40 (kept 6, dropped 34) links    17  0.17 MiB
   2880/3562  039349_73_q29stm                         files     40 (kept 6, dropped 34) links    17  0.17 MiB
   2881/3562  039349_73_q31tot                         files     32 (kept 4, dropped 28) links    17  0.13 MiB
   2882/3562  039349_73_q31tot2                        files     32 (kept 4, dropped 28) links    17  0.13 MiB
   2883/3562  039349_73_q32ctlp                        files     32 (kept 4, dropped 28) links    17  0.13 MiB
   2884/3562  039349_73_q32ti                          files     32 (kept 4, dropped 28) links    17  0.13 MiB
   2885/3562  039349_73_q32tis                         files     32 (kept 4, dropped 28) links    17  0.13 MiB
   2886/3562  039349_73_q33bctlp                       files     32 (kept 4, dropped 28) links    17  0.13 MiB
   2887/3562  039349_73_q33cm                          files     32 (kept 4, dropped 28) links    17  0.13 MiB
   2888/3562  039349_73_q33cs                          files     32 (kept 4, dropped 28) links    17  0.13 MiB
   2889/3562  039349_73_q33ctlp                        files     32 (kept 4, dropped 28) links    17  0.13 MiB
   2890/3562  039349_73_q33cu                          files     32 (kept 4, dropped 28) links    17  0.13 MiB
   2891/3562  039349_73_q33tm                          files     32 (kept 4, dropped 28) links    17  0.13 MiB
   2892/3562  039349_73_q33ts                          files     32 (kept 4, dropped 28) links    17  0.13 MiB
   2893/3562  039349_73_q33tu                          files     32 (kept 4, dropped 28) links    17  0.13 MiB
   2894/3562  039349_73_q34ck1                         files     32 (kept 4, dropped 28) links    17  0.13 MiB
   2895/3562  039349_73_q34ck2                         files     32 (kept 4, dropped 28) links    17  0.13 MiB
   2896/3562  039349_73_q34ck3                         files     32 (kept 4, dropped 28) links    17  0.13 MiB
   2897/3562  039349_73_q34ctlp                        files     32 (kept 4, dropped 28) links    17  0.13 MiB
   2898/3562  039349_73_q34tk2                         files     32 (kept 4, dropped 28) links    17  0.13 MiB
   2899/3562  039349_73_q34tk3                         files     32 (kept 4, dropped 28) links    17  0.13 MiB
   2900/3562  039349_74_d111vst                        files      7 (kept 3, dropped 4) links     2  0.02 MiB
   2901/3562  039349_74_d113vbase                      files      7 (kept 3, dropped 4) links     2  0.02 MiB
   2902/3562  039349_74_d113vnone                      files      7 (kept 3, dropped 4) links     2  0.03 MiB
   2903/3562  039349_74_d119vnu                        files      8 (kept 4, dropped 4) links     3  0.02 MiB
   2904/3562  039349_74_d119vr3                        files      8 (kept 4, dropped 4) links     3  0.02 MiB
   2905/3562  039349_74_q29flip                        files     40 (kept 6, dropped 34) links    17  0.14 MiB
   2906/3562  039349_74_q29stm                         files     40 (kept 6, dropped 34) links    17  0.14 MiB
   2907/3562  039349_74_q31tot                         files     32 (kept 4, dropped 28) links    17  0.13 MiB
   2908/3562  039349_74_q31tot2                        files     32 (kept 4, dropped 28) links    17  0.13 MiB
   2909/3562  039349_74_q32ctlp                        files     32 (kept 4, dropped 28) links    17  0.13 MiB
   2910/3562  039349_74_q32ti                          files     32 (kept 4, dropped 28) links    17  0.13 MiB
   2911/3562  039349_74_q32tis                         files     32 (kept 4, dropped 28) links    17  0.13 MiB
   2912/3562  039349_74_q33bctlp                       files     32 (kept 4, dropped 28) links    17  0.13 MiB
   2913/3562  039349_74_q33cm                          files     32 (kept 4, dropped 28) links    17  0.13 MiB
   2914/3562  039349_74_q33cs                          files     32 (kept 4, dropped 28) links    17  0.13 MiB
   2915/3562  039349_74_q33ctlp                        files     32 (kept 4, dropped 28) links    17  0.13 MiB
   2916/3562  039349_74_q33cu                          files     32 (kept 4, dropped 28) links    17  0.13 MiB
   2917/3562  039349_74_q33tm                          files     32 (kept 4, dropped 28) links    17  0.13 MiB
   2918/3562  039349_74_q33ts                          files     32 (kept 4, dropped 28) links    17  0.13 MiB
   2919/3562  039349_74_q33tu                          files     32 (kept 4, dropped 28) links    17  0.13 MiB
   2920/3562  039349_74_q34ck1                         files     32 (kept 4, dropped 28) links    17  0.13 MiB
   2921/3562  039349_74_q34ck2                         files     32 (kept 4, dropped 28) links    17  0.13 MiB
   2922/3562  039349_74_q34ck3                         files     32 (kept 4, dropped 28) links    17  0.13 MiB
   2923/3562  039349_74_q34ctlp                        files     32 (kept 4, dropped 28) links    17  0.13 MiB
   2924/3562  039349_74_q34tk2                         files     32 (kept 4, dropped 28) links    17  0.13 MiB
   2925/3562  039349_74_q34tk3                         files     32 (kept 4, dropped 28) links    17  0.13 MiB
   2926/3562  039349_75_d111vst                        files      7 (kept 3, dropped 4) links     2  0.02 MiB
   2927/3562  039349_75_d113vbase                      files      7 (kept 3, dropped 4) links     2  0.02 MiB
   2928/3562  039349_75_d113vnone                      files      7 (kept 3, dropped 4) links     2  0.04 MiB
   2929/3562  039349_75_d119vnu                        files      8 (kept 4, dropped 4) links     3  0.02 MiB
   2930/3562  039349_75_d119vr3                        files      8 (kept 4, dropped 4) links     3  0.02 MiB
   2931/3562  039349_75_q29flip                        files     40 (kept 6, dropped 34) links    17  0.14 MiB
   2932/3562  039349_75_q29stm                         files     40 (kept 6, dropped 34) links    17  0.14 MiB
   2933/3562  039349_75_q31tot                         files     32 (kept 4, dropped 28) links    17  0.13 MiB
   2934/3562  039349_75_q31tot2                        files     32 (kept 4, dropped 28) links    17  0.13 MiB
   2935/3562  039349_75_q32ctlp                        files     32 (kept 4, dropped 28) links    17  0.13 MiB
   2936/3562  039349_75_q32ti                          files     32 (kept 4, dropped 28) links    17  0.13 MiB
   2937/3562  039349_75_q32tis                         files     32 (kept 4, dropped 28) links    17  0.13 MiB
   2938/3562  039349_75_q33bctlp                       files     32 (kept 4, dropped 28) links    17  0.13 MiB
   2939/3562  039349_75_q33cm                          files     32 (kept 4, dropped 28) links    17  0.13 MiB
   2940/3562  039349_75_q33cs                          files     32 (kept 4, dropped 28) links    17  0.13 MiB
   2941/3562  039349_75_q33ctlp                        files     32 (kept 4, dropped 28) links    17  0.13 MiB
   2942/3562  039349_75_q33cu                          files     32 (kept 4, dropped 28) links    17  0.13 MiB
   2943/3562  039349_75_q33tm                          files     32 (kept 4, dropped 28) links    17  0.13 MiB
   2944/3562  039349_75_q33ts                          files     32 (kept 4, dropped 28) links    17  0.13 MiB
   2945/3562  039349_75_q33tu                          files     32 (kept 4, dropped 28) links    17  0.13 MiB
   2946/3562  039349_75_q34ck1                         files     32 (kept 4, dropped 28) links    17  0.13 MiB
   2947/3562  039349_75_q34ck2                         files     32 (kept 4, dropped 28) links    17  0.13 MiB
   2948/3562  039349_75_q34ck3                         files     32 (kept 4, dropped 28) links    17  0.13 MiB
   2949/3562  039349_75_q34ctlp                        files     32 (kept 4, dropped 28) links    17  0.13 MiB
   2950/3562  039349_75_q34tk2                         files     32 (kept 4, dropped 28) links    17  0.13 MiB
   2951/3562  039349_75_q34tk3                         files     32 (kept 4, dropped 28) links    17  0.13 MiB
   2952/3562  039349_76_d111vst                        files      7 (kept 3, dropped 4) links     2  0.02 MiB
   2953/3562  039349_76_d113vbase                      files      7 (kept 3, dropped 4) links     2  0.02 MiB
   2954/3562  039349_76_d113vnone                      files      7 (kept 3, dropped 4) links     2  0.03 MiB
   2955/3562  039349_76_d119vnu                        files      8 (kept 4, dropped 4) links     3  0.02 MiB
   2956/3562  039349_76_d119vr3                        files      8 (kept 4, dropped 4) links     3  0.02 MiB
   2957/3562  039349_76_q29flip                        files     40 (kept 6, dropped 34) links    17  0.14 MiB
   2958/3562  039349_76_q29stm                         files     40 (kept 6, dropped 34) links    17  0.14 MiB
   2959/3562  039349_76_q31tot                         files     32 (kept 4, dropped 28) links    17  0.12 MiB
   2960/3562  039349_76_q31tot2                        files     32 (kept 4, dropped 28) links    17  0.12 MiB
   2961/3562  039349_76_q32ctlp                        files     32 (kept 4, dropped 28) links    17  0.12 MiB
   2962/3562  039349_76_q32ti                          files     32 (kept 4, dropped 28) links    17  0.12 MiB
   2963/3562  039349_76_q32tis                         files     32 (kept 4, dropped 28) links    17  0.12 MiB
   2964/3562  039349_76_q33bctlp                       files     32 (kept 4, dropped 28) links    17  0.12 MiB
   2965/3562  039349_76_q33cm                          files     32 (kept 4, dropped 28) links    17  0.12 MiB
   2966/3562  039349_76_q33cs                          files     32 (kept 4, dropped 28) links    17  0.12 MiB
   2967/3562  039349_76_q33ctlp                        files     32 (kept 4, dropped 28) links    17  0.12 MiB
   2968/3562  039349_76_q33cu                          files     32 (kept 4, dropped 28) links    17  0.12 MiB
   2969/3562  039349_76_q33tm                          files     32 (kept 4, dropped 28) links    17  0.12 MiB
   2970/3562  039349_76_q33ts                          files     32 (kept 4, dropped 28) links    17  0.12 MiB
   2971/3562  039349_76_q33tu                          files     32 (kept 4, dropped 28) links    17  0.12 MiB
   2972/3562  039349_76_q34ck1                         files     32 (kept 4, dropped 28) links    17  0.12 MiB
   2973/3562  039349_76_q34ck2                         files     32 (kept 4, dropped 28) links    17  0.12 MiB
   2974/3562  039349_76_q34ck3                         files     32 (kept 4, dropped 28) links    17  0.12 MiB
   2975/3562  039349_76_q34ctlp                        files     32 (kept 4, dropped 28) links    17  0.12 MiB
   2976/3562  039349_76_q34tk2                         files     32 (kept 4, dropped 28) links    17  0.12 MiB
   2977/3562  039349_76_q34tk3                         files     32 (kept 4, dropped 28) links    17  0.12 MiB
   2978/3562  039349_77_d111vst                        files      7 (kept 3, dropped 4) links     2  0.06 MiB
   2979/3562  039349_77_d113vbase                      files      7 (kept 3, dropped 4) links     2  0.06 MiB
   2980/3562  039349_77_d113vnone                      files      7 (kept 3, dropped 4) links     2  0.07 MiB
   2981/3562  039349_77_d119vnu                        files      8 (kept 4, dropped 4) links     3  0.04 MiB
   2982/3562  039349_77_d119vr3                        files      8 (kept 4, dropped 4) links     3  0.04 MiB
   2983/3562  039349_77_q29flip                        files     40 (kept 6, dropped 34) links    17  0.18 MiB
   2984/3562  039349_77_q29stm                         files     40 (kept 6, dropped 34) links    17  0.18 MiB
   2985/3562  039349_77_q31tot                         files     32 (kept 4, dropped 28) links    17  0.13 MiB
   2986/3562  039349_77_q31tot2                        files     32 (kept 4, dropped 28) links    17  0.13 MiB
   2987/3562  039349_77_q32ctlp                        files     32 (kept 4, dropped 28) links    17  0.13 MiB
   2988/3562  039349_77_q32ti                          files     32 (kept 4, dropped 28) links    17  0.13 MiB
   2989/3562  039349_77_q32tis                         files     32 (kept 4, dropped 28) links    17  0.13 MiB
   2990/3562  039349_77_q33bctlp                       files     32 (kept 4, dropped 28) links    17  0.13 MiB
   2991/3562  039349_77_q33cm                          files     32 (kept 4, dropped 28) links    17  0.13 MiB
   2992/3562  039349_77_q33cs                          files     32 (kept 4, dropped 28) links    17  0.13 MiB
   2993/3562  039349_77_q33ctlp                        files     32 (kept 4, dropped 28) links    17  0.13 MiB
   2994/3562  039349_77_q33cu                          files     32 (kept 4, dropped 28) links    17  0.13 MiB
   2995/3562  039349_77_q33tm                          files     32 (kept 4, dropped 28) links    17  0.13 MiB
   2996/3562  039349_77_q33ts                          files     32 (kept 4, dropped 28) links    17  0.13 MiB
   2997/3562  039349_77_q33tu                          files     32 (kept 4, dropped 28) links    17  0.13 MiB
   2998/3562  039349_77_q34ck1                         files     32 (kept 4, dropped 28) links    17  0.13 MiB
   2999/3562  039349_77_q34ck2                         files     32 (kept 4, dropped 28) links    17  0.13 MiB
   3000/3562  039349_77_q34ck3                         files     32 (kept 4, dropped 28) links    17  0.13 MiB
   3001/3562  039349_77_q34ctlp                        files     32 (kept 4, dropped 28) links    17  0.13 MiB
   3002/3562  039349_77_q34tk2                         files     32 (kept 4, dropped 28) links    17  0.13 MiB
   3003/3562  039349_77_q34tk3                         files     32 (kept 4, dropped 28) links    17  0.13 MiB
   3004/3562  039349_78_d111vst                        files      7 (kept 3, dropped 4) links     2  0.02 MiB
   3005/3562  039349_78_d113vbase                      files      7 (kept 3, dropped 4) links     2  0.02 MiB
   3006/3562  039349_78_d113vnone                      files      7 (kept 3, dropped 4) links     2  0.02 MiB
   3007/3562  039349_78_d119vnu                        files      8 (kept 4, dropped 4) links     3  0.02 MiB
   3008/3562  039349_78_d119vr3                        files      8 (kept 4, dropped 4) links     3  0.02 MiB
   3009/3562  039349_78_q29flip                        files     40 (kept 6, dropped 34) links    17  0.13 MiB
   3010/3562  039349_78_q29stm                         files     40 (kept 6, dropped 34) links    17  0.13 MiB
   3011/3562  039349_78_q31tot                         files     32 (kept 4, dropped 28) links    17  0.11 MiB
   3012/3562  039349_78_q31tot2                        files     32 (kept 4, dropped 28) links    17  0.11 MiB
   3013/3562  039349_78_q32ctlp                        files     32 (kept 4, dropped 28) links    17  0.11 MiB
   3014/3562  039349_78_q32ti                          files     32 (kept 4, dropped 28) links    17  0.11 MiB
   3015/3562  039349_78_q32tis                         files     32 (kept 4, dropped 28) links    17  0.11 MiB
   3016/3562  039349_78_q33bctlp                       files     32 (kept 4, dropped 28) links    17  0.11 MiB
   3017/3562  039349_78_q33cm                          files     32 (kept 4, dropped 28) links    17  0.11 MiB
   3018/3562  039349_78_q33cs                          files     32 (kept 4, dropped 28) links    17  0.11 MiB
   3019/3562  039349_78_q33ctlp                        files     32 (kept 4, dropped 28) links    17  0.11 MiB
   3020/3562  039349_78_q33cu                          files     32 (kept 4, dropped 28) links    17  0.11 MiB
   3021/3562  039349_78_q33tm                          files     32 (kept 4, dropped 28) links    17  0.11 MiB
   3022/3562  039349_78_q33ts                          files     32 (kept 4, dropped 28) links    17  0.11 MiB
   3023/3562  039349_78_q33tu                          files     32 (kept 4, dropped 28) links    17  0.11 MiB
   3024/3562  039349_78_q34ck1                         files     32 (kept 4, dropped 28) links    17  0.11 MiB
   3025/3562  039349_78_q34ck2                         files     32 (kept 4, dropped 28) links    17  0.11 MiB
   3026/3562  039349_78_q34ck3                         files     32 (kept 4, dropped 28) links    17  0.11 MiB
   3027/3562  039349_78_q34ctlp                        files     32 (kept 4, dropped 28) links    17  0.11 MiB
   3028/3562  039349_78_q34tk2                         files     32 (kept 4, dropped 28) links    17  0.11 MiB
   3029/3562  039349_78_q34tk3                         files     32 (kept 4, dropped 28) links    17  0.11 MiB
   3030/3562  039349_79_d111vst                        files      7 (kept 3, dropped 4) links     2  0.03 MiB
   3031/3562  039349_79_d113vbase                      files      7 (kept 3, dropped 4) links     2  0.03 MiB
   3032/3562  039349_79_d113vnone                      files      7 (kept 3, dropped 4) links     2  0.05 MiB
   3033/3562  039349_79_d119vnu                        files      8 (kept 4, dropped 4) links     3  0.03 MiB
   3034/3562  039349_79_d119vr3                        files      8 (kept 4, dropped 4) links     3  0.03 MiB
   3035/3562  039349_79_q29flip                        files     40 (kept 6, dropped 34) links    17  0.22 MiB
   3036/3562  039349_79_q29stm                         files     40 (kept 6, dropped 34) links    17  0.22 MiB
   3037/3562  039349_79_q31tot                         files     32 (kept 4, dropped 28) links    17  0.17 MiB
   3038/3562  039349_79_q31tot2                        files     32 (kept 4, dropped 28) links    17  0.17 MiB
   3039/3562  039349_79_q32ctlp                        files     32 (kept 4, dropped 28) links    17  0.18 MiB
   3040/3562  039349_79_q32ti                          files     32 (kept 4, dropped 28) links    17  0.17 MiB
   3041/3562  039349_79_q32tis                         files     32 (kept 4, dropped 28) links    17  0.18 MiB
   3042/3562  039349_79_q33bctlp                       files     32 (kept 4, dropped 28) links    17  0.18 MiB
   3043/3562  039349_79_q33cm                          files     32 (kept 4, dropped 28) links    17  0.18 MiB
   3044/3562  039349_79_q33cs                          files     32 (kept 4, dropped 28) links    17  0.18 MiB
   3045/3562  039349_79_q33ctlp                        files     32 (kept 4, dropped 28) links    17  0.18 MiB
   3046/3562  039349_79_q33cu                          files     32 (kept 4, dropped 28) links    17  0.18 MiB
   3047/3562  039349_79_q33tm                          files     32 (kept 4, dropped 28) links    17  0.17 MiB
   3048/3562  039349_79_q33ts                          files     32 (kept 4, dropped 28) links    17  0.18 MiB
   3049/3562  039349_79_q33tu                          files     32 (kept 4, dropped 28) links    17  0.18 MiB
   3050/3562  039349_79_q34ck1                         files     32 (kept 4, dropped 28) links    17  0.18 MiB
   3051/3562  039349_79_q34ck2                         files     32 (kept 4, dropped 28) links    17  0.18 MiB
   3052/3562  039349_79_q34ck3                         files     32 (kept 4, dropped 28) links    17  0.18 MiB
   3053/3562  039349_79_q34ctlp                        files     32 (kept 4, dropped 28) links    17  0.18 MiB
   3054/3562  039349_79_q34tk2                         files     32 (kept 4, dropped 28) links    17  0.18 MiB
   3055/3562  039349_79_q34tk3                         files     32 (kept 4, dropped 28) links    17  0.17 MiB
   3056/3562  039349_7_d111vst                         files      7 (kept 3, dropped 4) links     2  0.05 MiB
   3057/3562  039349_7_d113vbase                       files      7 (kept 3, dropped 4) links     2  0.05 MiB
   3058/3562  039349_7_d113vnone                       files      7 (kept 3, dropped 4) links     2  0.07 MiB
   3059/3562  039349_7_d119vnu                         files      8 (kept 4, dropped 4) links     3  0.05 MiB
   3060/3562  039349_7_d119vr3                         files      8 (kept 4, dropped 4) links     3  0.05 MiB
   3061/3562  039349_7_q29flip                         files     40 (kept 6, dropped 34) links    17  0.20 MiB
   3062/3562  039349_7_q29stm                          files     40 (kept 6, dropped 34) links    17  0.20 MiB
   3063/3562  039349_7_q31tot                          files     32 (kept 4, dropped 28) links    17  0.12 MiB
   3064/3562  039349_7_q31tot2                         files     32 (kept 4, dropped 28) links    17  0.12 MiB
   3065/3562  039349_7_q32ctlp                         files     32 (kept 4, dropped 28) links    17  0.12 MiB
   3066/3562  039349_7_q32ti                           files     32 (kept 4, dropped 28) links    17  0.12 MiB
   3067/3562  039349_7_q32tis                          files     32 (kept 4, dropped 28) links    17  0.12 MiB
   3068/3562  039349_7_q33bctlp                        files     32 (kept 4, dropped 28) links    17  0.12 MiB
   3069/3562  039349_7_q33cm                           files     32 (kept 4, dropped 28) links    17  0.12 MiB
   3070/3562  039349_7_q33cs                           files     32 (kept 4, dropped 28) links    17  0.12 MiB
   3071/3562  039349_7_q33ctlp                         files     32 (kept 4, dropped 28) links    17  0.12 MiB
   3072/3562  039349_7_q33cu                           files     32 (kept 4, dropped 28) links    17  0.12 MiB
   3073/3562  039349_7_q33tm                           files     32 (kept 4, dropped 28) links    17  0.11 MiB
   3074/3562  039349_7_q33ts                           files     32 (kept 4, dropped 28) links    17  0.12 MiB
   3075/3562  039349_7_q33tu                           files     32 (kept 4, dropped 28) links    17  0.12 MiB
   3076/3562  039349_7_q34ck1                          files     32 (kept 4, dropped 28) links    17  0.12 MiB
   3077/3562  039349_7_q34ck2                          files     32 (kept 4, dropped 28) links    17  0.12 MiB
   3078/3562  039349_7_q34ck3                          files     32 (kept 4, dropped 28) links    17  0.12 MiB
   3079/3562  039349_7_q34ctlp                         files     32 (kept 4, dropped 28) links    17  0.12 MiB
   3080/3562  039349_7_q34tk2                          files     32 (kept 4, dropped 28) links    17  0.12 MiB
   3081/3562  039349_7_q34tk3                          files     32 (kept 4, dropped 28) links    17  0.12 MiB
   3082/3562  039349_7_q35cfg                          files      2 (kept 1, dropped 1) links    17  0.01 MiB
   3083/3562  039349_80_d111vst                        files      7 (kept 3, dropped 4) links     2  0.02 MiB
   3084/3562  039349_80_d113vbase                      files      7 (kept 3, dropped 4) links     2  0.02 MiB
   3085/3562  039349_80_d113vnone                      files      7 (kept 3, dropped 4) links     2  0.03 MiB
   3086/3562  039349_80_d119vnu                        files      8 (kept 4, dropped 4) links     3  0.02 MiB
   3087/3562  039349_80_d119vr3                        files      8 (kept 4, dropped 4) links     3  0.02 MiB
   3088/3562  039349_80_q29flip                        files     40 (kept 6, dropped 34) links    17  0.13 MiB
   3089/3562  039349_80_q29stm                         files     40 (kept 6, dropped 34) links    17  0.13 MiB
   3090/3562  039349_80_q31tot                         files     32 (kept 4, dropped 28) links    17  0.10 MiB
   3091/3562  039349_80_q31tot2                        files     32 (kept 4, dropped 28) links    17  0.10 MiB
   3092/3562  039349_80_q32ctlp                        files     32 (kept 4, dropped 28) links    17  0.10 MiB
   3093/3562  039349_80_q32ti                          files     32 (kept 4, dropped 28) links    17  0.10 MiB
   3094/3562  039349_80_q32tis                         files     32 (kept 4, dropped 28) links    17  0.10 MiB
   3095/3562  039349_80_q33bctlp                       files     32 (kept 4, dropped 28) links    17  0.10 MiB
   3096/3562  039349_80_q33cm                          files     32 (kept 4, dropped 28) links    17  0.10 MiB
   3097/3562  039349_80_q33cs                          files     32 (kept 4, dropped 28) links    17  0.10 MiB
   3098/3562  039349_80_q33ctlp                        files     32 (kept 4, dropped 28) links    17  0.10 MiB
   3099/3562  039349_80_q33cu                          files     32 (kept 4, dropped 28) links    17  0.10 MiB
   3100/3562  039349_80_q33tm                          files     32 (kept 4, dropped 28) links    17  0.10 MiB
   3101/3562  039349_80_q33ts                          files     32 (kept 4, dropped 28) links    17  0.10 MiB
   3102/3562  039349_80_q33tu                          files     32 (kept 4, dropped 28) links    17  0.10 MiB
   3103/3562  039349_80_q34ck1                         files     32 (kept 4, dropped 28) links    17  0.10 MiB
   3104/3562  039349_80_q34ck2                         files     32 (kept 4, dropped 28) links    17  0.10 MiB
   3105/3562  039349_80_q34ck3                         files     32 (kept 4, dropped 28) links    17  0.10 MiB
   3106/3562  039349_80_q34ctlp                        files     32 (kept 4, dropped 28) links    17  0.10 MiB
   3107/3562  039349_80_q34tk2                         files     32 (kept 4, dropped 28) links    17  0.10 MiB
   3108/3562  039349_80_q34tk3                         files     32 (kept 4, dropped 28) links    17  0.10 MiB
   3109/3562  039349_81_d111vst                        files      7 (kept 3, dropped 4) links     2  0.02 MiB
   3110/3562  039349_81_d113vbase                      files      7 (kept 3, dropped 4) links     2  0.02 MiB
   3111/3562  039349_81_d113vnone                      files      7 (kept 3, dropped 4) links     2  0.04 MiB
   3112/3562  039349_81_d119vnu                        files      8 (kept 4, dropped 4) links     3  0.02 MiB
   3113/3562  039349_81_d119vr3                        files      8 (kept 4, dropped 4) links     3  0.02 MiB
   3114/3562  039349_81_q29flip                        files     40 (kept 6, dropped 34) links    17  0.13 MiB
   3115/3562  039349_81_q29stm                         files     40 (kept 6, dropped 34) links    17  0.13 MiB
   3116/3562  039349_81_q31tot                         files     32 (kept 4, dropped 28) links    17  0.10 MiB
   3117/3562  039349_81_q31tot2                        files     32 (kept 4, dropped 28) links    17  0.10 MiB
   3118/3562  039349_81_q32ctlp                        files     32 (kept 4, dropped 28) links    17  0.10 MiB
   3119/3562  039349_81_q32ti                          files     32 (kept 4, dropped 28) links    17  0.10 MiB
   3120/3562  039349_81_q32tis                         files     32 (kept 4, dropped 28) links    17  0.10 MiB
   3121/3562  039349_81_q33bctlp                       files     32 (kept 4, dropped 28) links    17  0.11 MiB
   3122/3562  039349_81_q33cm                          files     32 (kept 4, dropped 28) links    17  0.10 MiB
   3123/3562  039349_81_q33cs                          files     32 (kept 4, dropped 28) links    17  0.10 MiB
   3124/3562  039349_81_q33ctlp                        files     32 (kept 4, dropped 28) links    17  0.11 MiB
   3125/3562  039349_81_q33cu                          files     32 (kept 4, dropped 28) links    17  0.11 MiB
   3126/3562  039349_81_q33tm                          files     32 (kept 4, dropped 28) links    17  0.10 MiB
   3127/3562  039349_81_q33ts                          files     32 (kept 4, dropped 28) links    17  0.10 MiB
   3128/3562  039349_81_q33tu                          files     32 (kept 4, dropped 28) links    17  0.10 MiB
   3129/3562  039349_81_q34ck1                         files     32 (kept 4, dropped 28) links    17  0.10 MiB
   3130/3562  039349_81_q34ck2                         files     32 (kept 4, dropped 28) links    17  0.10 MiB
   3131/3562  039349_81_q34ck3                         files     32 (kept 4, dropped 28) links    17  0.10 MiB
   3132/3562  039349_81_q34ctlp                        files     32 (kept 4, dropped 28) links    17  0.10 MiB
   3133/3562  039349_81_q34tk2                         files     32 (kept 4, dropped 28) links    17  0.10 MiB
   3134/3562  039349_81_q34tk3                         files     32 (kept 4, dropped 28) links    17  0.10 MiB
   3135/3562  039349_82_d111vst                        files      7 (kept 3, dropped 4) links     2  0.03 MiB
   3136/3562  039349_82_d113vbase                      files      7 (kept 3, dropped 4) links     2  0.03 MiB
   3137/3562  039349_82_d113vnone                      files      7 (kept 3, dropped 4) links     2  0.04 MiB
   3138/3562  039349_82_d119vnu                        files      8 (kept 4, dropped 4) links     3  0.03 MiB
   3139/3562  039349_82_d119vr3                        files      8 (kept 4, dropped 4) links     3  0.03 MiB
   3140/3562  039349_82_q29flip                        files     40 (kept 6, dropped 34) links    17  0.12 MiB
   3141/3562  039349_82_q29stm                         files     40 (kept 6, dropped 34) links    17  0.12 MiB
   3142/3562  039349_82_q31tot                         files     32 (kept 4, dropped 28) links    17  0.09 MiB
   3143/3562  039349_82_q31tot2                        files     32 (kept 4, dropped 28) links    17  0.09 MiB
   3144/3562  039349_82_q32ctlp                        files     32 (kept 4, dropped 28) links    17  0.09 MiB
   3145/3562  039349_82_q32ti                          files     32 (kept 4, dropped 28) links    17  0.09 MiB
   3146/3562  039349_82_q32tis                         files     32 (kept 4, dropped 28) links    17  0.09 MiB
   3147/3562  039349_82_q33bctlp                       files     32 (kept 4, dropped 28) links    17  0.09 MiB
   3148/3562  039349_82_q33cm                          files     32 (kept 4, dropped 28) links    17  0.09 MiB
   3149/3562  039349_82_q33cs                          files     32 (kept 4, dropped 28) links    17  0.09 MiB
   3150/3562  039349_82_q33ctlp                        files     32 (kept 4, dropped 28) links    17  0.09 MiB
   3151/3562  039349_82_q33cu                          files     32 (kept 4, dropped 28) links    17  0.09 MiB
   3152/3562  039349_82_q33tm                          files     32 (kept 4, dropped 28) links    17  0.09 MiB
   3153/3562  039349_82_q33ts                          files     32 (kept 4, dropped 28) links    17  0.09 MiB
   3154/3562  039349_82_q33tu                          files     32 (kept 4, dropped 28) links    17  0.09 MiB
   3155/3562  039349_82_q34ck1                         files     32 (kept 4, dropped 28) links    17  0.09 MiB
   3156/3562  039349_82_q34ck2                         files     32 (kept 4, dropped 28) links    17  0.09 MiB
   3157/3562  039349_82_q34ck3                         files     32 (kept 4, dropped 28) links    17  0.09 MiB
   3158/3562  039349_82_q34ctlp                        files     32 (kept 4, dropped 28) links    17  0.09 MiB
   3159/3562  039349_82_q34tk2                         files     32 (kept 4, dropped 28) links    17  0.09 MiB
   3160/3562  039349_82_q34tk3                         files     32 (kept 4, dropped 28) links    17  0.09 MiB
   3161/3562  039349_83_d111vst                        files      7 (kept 3, dropped 4) links     2  0.02 MiB
   3162/3562  039349_83_d113vbase                      files      7 (kept 3, dropped 4) links     2  0.02 MiB
   3163/3562  039349_83_d113vnone                      files      7 (kept 3, dropped 4) links     2  0.03 MiB
   3164/3562  039349_83_d119vnu                        files      8 (kept 4, dropped 4) links     3  0.02 MiB
   3165/3562  039349_83_d119vr3                        files      8 (kept 4, dropped 4) links     3  0.02 MiB
   3166/3562  039349_83_q29flip                        files     40 (kept 6, dropped 34) links    17  0.14 MiB
   3167/3562  039349_83_q29stm                         files     40 (kept 6, dropped 34) links    17  0.14 MiB
   3168/3562  039349_83_q31tot                         files     32 (kept 4, dropped 28) links    17  0.11 MiB
   3169/3562  039349_83_q31tot2                        files     32 (kept 4, dropped 28) links    17  0.11 MiB
   3170/3562  039349_83_q32ctlp                        files     32 (kept 4, dropped 28) links    17  0.11 MiB
   3171/3562  039349_83_q32ti                          files     32 (kept 4, dropped 28) links    17  0.11 MiB
   3172/3562  039349_83_q32tis                         files     32 (kept 4, dropped 28) links    17  0.11 MiB
   3173/3562  039349_83_q33bctlp                       files     32 (kept 4, dropped 28) links    17  0.11 MiB
   3174/3562  039349_83_q33cm                          files     32 (kept 4, dropped 28) links    17  0.11 MiB
   3175/3562  039349_83_q33cs                          files     32 (kept 4, dropped 28) links    17  0.11 MiB
   3176/3562  039349_83_q33ctlp                        files     32 (kept 4, dropped 28) links    17  0.11 MiB
   3177/3562  039349_83_q33cu                          files     32 (kept 4, dropped 28) links    17  0.11 MiB
   3178/3562  039349_83_q33tm                          files     32 (kept 4, dropped 28) links    17  0.11 MiB
   3179/3562  039349_83_q33ts                          files     32 (kept 4, dropped 28) links    17  0.11 MiB
   3180/3562  039349_83_q33tu                          files     32 (kept 4, dropped 28) links    17  0.11 MiB
   3181/3562  039349_83_q34ck1                         files     32 (kept 4, dropped 28) links    17  0.11 MiB
   3182/3562  039349_83_q34ck2                         files     32 (kept 4, dropped 28) links    17  0.11 MiB
   3183/3562  039349_83_q34ck3                         files     32 (kept 4, dropped 28) links    17  0.11 MiB
   3184/3562  039349_83_q34ctlp                        files     32 (kept 4, dropped 28) links    17  0.11 MiB
   3185/3562  039349_83_q34tk2                         files     32 (kept 4, dropped 28) links    17  0.11 MiB
   3186/3562  039349_83_q34tk3                         files     32 (kept 4, dropped 28) links    17  0.11 MiB
   3187/3562  039349_8_d111vst                         files      7 (kept 3, dropped 4) links     2  0.01 MiB
   3188/3562  039349_8_d113vbase                       files      7 (kept 3, dropped 4) links     2  0.01 MiB
   3189/3562  039349_8_d113vnone                       files      7 (kept 3, dropped 4) links     2  0.02 MiB
   3190/3562  039349_8_d119vnu                         files      8 (kept 4, dropped 4) links     3  0.02 MiB
   3191/3562  039349_8_d119vr3                         files      8 (kept 4, dropped 4) links     3  0.02 MiB
   3192/3562  039349_8_q29flip                         files     40 (kept 6, dropped 34) links    17  0.10 MiB
   3193/3562  039349_8_q29stm                          files     40 (kept 6, dropped 34) links    17  0.10 MiB
   3194/3562  039349_8_q31tot                          files     32 (kept 4, dropped 28) links    17  0.09 MiB
   3195/3562  039349_8_q31tot2                         files     32 (kept 4, dropped 28) links    17  0.09 MiB
   3196/3562  039349_8_q32ctlp                         files     32 (kept 4, dropped 28) links    17  0.09 MiB
   3197/3562  039349_8_q32ti                           files     32 (kept 4, dropped 28) links    17  0.09 MiB
   3198/3562  039349_8_q32tis                          files     32 (kept 4, dropped 28) links    17  0.09 MiB
   3199/3562  039349_8_q33bctlp                        files     32 (kept 4, dropped 28) links    17  0.09 MiB
   3200/3562  039349_8_q33cm                           files     32 (kept 4, dropped 28) links    17  0.09 MiB
   3201/3562  039349_8_q33cs                           files     32 (kept 4, dropped 28) links    17  0.09 MiB
   3202/3562  039349_8_q33ctlp                         files     32 (kept 4, dropped 28) links    17  0.09 MiB
   3203/3562  039349_8_q33cu                           files     32 (kept 4, dropped 28) links    17  0.09 MiB
   3204/3562  039349_8_q33tm                           files     32 (kept 4, dropped 28) links    17  0.09 MiB
   3205/3562  039349_8_q33ts                           files     32 (kept 4, dropped 28) links    17  0.09 MiB
   3206/3562  039349_8_q33tu                           files     32 (kept 4, dropped 28) links    17  0.09 MiB
   3207/3562  039349_8_q34ck1                          files     32 (kept 4, dropped 28) links    17  0.09 MiB
   3208/3562  039349_8_q34ck2                          files     32 (kept 4, dropped 28) links    17  0.09 MiB
   3209/3562  039349_8_q34ck3                          files     32 (kept 4, dropped 28) links    17  0.09 MiB
   3210/3562  039349_8_q34ctlp                         files     32 (kept 4, dropped 28) links    17  0.09 MiB
   3211/3562  039349_8_q34tk2                          files     32 (kept 4, dropped 28) links    17  0.09 MiB
   3212/3562  039349_8_q34tk3                          files     32 (kept 4, dropped 28) links    17  0.09 MiB
   3213/3562  039349_9_d111vst                         files      7 (kept 3, dropped 4) links     2  0.02 MiB
   3214/3562  039349_9_d113vbase                       files      7 (kept 3, dropped 4) links     2  0.02 MiB
   3215/3562  039349_9_d113vnone                       files      7 (kept 3, dropped 4) links     2  0.03 MiB
   3216/3562  039349_9_d119vnu                         files      8 (kept 4, dropped 4) links     3  0.02 MiB
   3217/3562  039349_9_d119vr3                         files      8 (kept 4, dropped 4) links     3  0.02 MiB
   3218/3562  039349_9_q29flip                         files     40 (kept 6, dropped 34) links    17  0.11 MiB
   3219/3562  039349_9_q29stm                          files     40 (kept 6, dropped 34) links    17  0.11 MiB
   3220/3562  039349_9_q31tot                          files     32 (kept 4, dropped 28) links    17  0.09 MiB
   3221/3562  039349_9_q31tot2                         files     32 (kept 4, dropped 28) links    17  0.09 MiB
   3222/3562  039349_9_q32ctlp                         files     32 (kept 4, dropped 28) links    17  0.09 MiB
   3223/3562  039349_9_q32ti                           files     32 (kept 4, dropped 28) links    17  0.09 MiB
   3224/3562  039349_9_q32tis                          files     32 (kept 4, dropped 28) links    17  0.09 MiB
   3225/3562  039349_9_q33bctlp                        files     32 (kept 4, dropped 28) links    17  0.09 MiB
   3226/3562  039349_9_q33cm                           files     32 (kept 4, dropped 28) links    17  0.09 MiB
   3227/3562  039349_9_q33cs                           files     32 (kept 4, dropped 28) links    17  0.09 MiB
   3228/3562  039349_9_q33ctlp                         files     32 (kept 4, dropped 28) links    17  0.09 MiB
   3229/3562  039349_9_q33cu                           files     32 (kept 4, dropped 28) links    17  0.09 MiB
   3230/3562  039349_9_q33tm                           files     32 (kept 4, dropped 28) links    17  0.09 MiB
   3231/3562  039349_9_q33ts                           files     32 (kept 4, dropped 28) links    17  0.09 MiB
   3232/3562  039349_9_q33tu                           files     32 (kept 4, dropped 28) links    17  0.09 MiB
   3233/3562  039349_9_q34ck1                          files     32 (kept 4, dropped 28) links    17  0.09 MiB
   3234/3562  039349_9_q34ck2                          files     32 (kept 4, dropped 28) links    17  0.09 MiB
   3235/3562  039349_9_q34ck3                          files     32 (kept 4, dropped 28) links    17  0.09 MiB
   3236/3562  039349_9_q34ctlp                         files     32 (kept 4, dropped 28) links    17  0.09 MiB
   3237/3562  039349_9_q34tk2                          files     32 (kept 4, dropped 28) links    17  0.09 MiB
   3238/3562  039349_9_q34tk3                          files     32 (kept 4, dropped 28) links    17  0.09 MiB
   3239/3562  027305_0_d34b                            files     19 (kept 4, dropped 15) links     8  0.02 MiB
   3240/3562  027305_0_d34n                            files     19 (kept 4, dropped 15) links     8  0.02 MiB
   3241/3562  027409_0_d34b                            files     19 (kept 4, dropped 15) links     8  0.02 MiB
   3242/3562  027409_0_d34n                            files     19 (kept 4, dropped 15) links     8  0.02 MiB
   3243/3562  027980_3_d34b                            files     19 (kept 4, dropped 15) links     8  0.02 MiB
   3244/3562  027980_3_d34n                            files     19 (kept 4, dropped 15) links     8  0.02 MiB
   3245/3562  028084_0_d111hst                         files      7 (kept 3, dropped 4) links     2  0.04 MiB
   3246/3562  028084_0_d113hbase                       files      7 (kept 3, dropped 4) links     2  0.04 MiB
   3247/3562  028084_0_d113hnone                       files      7 (kept 3, dropped 4) links     2  0.06 MiB
   3248/3562  028084_0_d119hnu                         files      8 (kept 4, dropped 4) links     2  0.03 MiB
   3249/3562  028084_0_d119hr3                         files      8 (kept 4, dropped 4) links     2  0.03 MiB
   3250/3562  028084_10_d111hst                        files      7 (kept 3, dropped 4) links     2  0.02 MiB
   3251/3562  028084_10_d113hbase                      files      7 (kept 3, dropped 4) links     2  0.02 MiB
   3252/3562  028084_10_d113hnone                      files      7 (kept 3, dropped 4) links     2  0.04 MiB
   3253/3562  028084_10_d119hnu                        files      8 (kept 4, dropped 4) links     2  0.02 MiB
   3254/3562  028084_10_d119hr3                        files      8 (kept 4, dropped 4) links     2  0.02 MiB
   3255/3562  028084_11_d111hst                        files      7 (kept 3, dropped 4) links     2  0.11 MiB
   3256/3562  028084_11_d113hbase                      files      7 (kept 3, dropped 4) links     2  0.11 MiB
   3257/3562  028084_11_d113hnone                      files      7 (kept 3, dropped 4) links     2  0.15 MiB
   3258/3562  028084_11_d119hnu                        files      8 (kept 4, dropped 4) links     2  0.03 MiB
   3259/3562  028084_11_d119hr3                        files      8 (kept 4, dropped 4) links     2  0.03 MiB
   3260/3562  028084_12_d111hst                        files      7 (kept 3, dropped 4) links     2  0.08 MiB
   3261/3562  028084_12_d113hbase                      files      7 (kept 3, dropped 4) links     2  0.08 MiB
   3262/3562  028084_12_d113hnone                      files      7 (kept 3, dropped 4) links     2  0.11 MiB
   3263/3562  028084_12_d119hnu                        files      8 (kept 4, dropped 4) links     2  0.06 MiB
   3264/3562  028084_12_d119hr3                        files      8 (kept 4, dropped 4) links     2  0.06 MiB
   3265/3562  028084_13_d111hst                        files      7 (kept 3, dropped 4) links     2  0.02 MiB
   3266/3562  028084_13_d113hbase                      files      7 (kept 3, dropped 4) links     2  0.02 MiB
   3267/3562  028084_13_d113hnone                      files      7 (kept 3, dropped 4) links     2  0.04 MiB
   3268/3562  028084_13_d119hnu                        files      7 (kept 4, dropped 3) links     2  0.02 MiB
   3269/3562  028084_13_d119hr3                        files      7 (kept 4, dropped 3) links     2  0.02 MiB
   3270/3562  028084_14_d111hst                        files      7 (kept 3, dropped 4) links     2  0.03 MiB
   3271/3562  028084_14_d113hbase                      files      7 (kept 3, dropped 4) links     2  0.03 MiB
   3272/3562  028084_14_d113hnone                      files      6 (kept 3, dropped 3) links     2  0.03 MiB
   3273/3562  028084_14_d119hnu                        files      8 (kept 4, dropped 4) links     2  0.03 MiB
   3274/3562  028084_14_d119hr3                        files      8 (kept 4, dropped 4) links     2  0.03 MiB
   3275/3562  028084_15_d111hst                        files      7 (kept 3, dropped 4) links     2  0.06 MiB
   3276/3562  028084_15_d113hbase                      files      7 (kept 3, dropped 4) links     2  0.06 MiB
   3277/3562  028084_15_d113hnone                      files      7 (kept 3, dropped 4) links     2  0.09 MiB
   3278/3562  028084_15_d119hnu                        files      8 (kept 4, dropped 4) links     2  0.06 MiB
   3279/3562  028084_15_d119hr3                        files      8 (kept 4, dropped 4) links     2  0.06 MiB
   3280/3562  028084_16_d111hst                        files      7 (kept 3, dropped 4) links     2  0.03 MiB
   3281/3562  028084_16_d113hbase                      files      7 (kept 3, dropped 4) links     2  0.03 MiB
   3282/3562  028084_16_d113hnone                      files      7 (kept 3, dropped 4) links     2  0.04 MiB
   3283/3562  028084_16_d119hnu                        files      8 (kept 4, dropped 4) links     2  0.03 MiB
   3284/3562  028084_16_d119hr3                        files      8 (kept 4, dropped 4) links     2  0.03 MiB
   3285/3562  028084_17_d111hst                        files      7 (kept 3, dropped 4) links     2  0.15 MiB
   3286/3562  028084_17_d113hbase                      files      7 (kept 3, dropped 4) links     2  0.15 MiB
   3287/3562  028084_17_d113hnone                      files      7 (kept 3, dropped 4) links     2  0.07 MiB
   3288/3562  028084_17_d119hnu                        files      8 (kept 4, dropped 4) links     2  0.10 MiB
   3289/3562  028084_17_d119hr3                        files      8 (kept 4, dropped 4) links     2  0.10 MiB
   3290/3562  028084_18_d111hst                        files      7 (kept 3, dropped 4) links     2  0.07 MiB
   3291/3562  028084_18_d113hbase                      files      7 (kept 3, dropped 4) links     2  0.07 MiB
   3292/3562  028084_18_d113hnone                      files      7 (kept 3, dropped 4) links     2  0.07 MiB
   3293/3562  028084_18_d119hnu                        files      8 (kept 4, dropped 4) links     2  0.07 MiB
   3294/3562  028084_18_d119hr3                        files      8 (kept 4, dropped 4) links     2  0.07 MiB
   3295/3562  028084_18_d34b                           files     19 (kept 4, dropped 15) links     8  0.02 MiB
   3296/3562  028084_18_d34n                           files     19 (kept 4, dropped 15) links     8  0.02 MiB
   3297/3562  028084_19_d111hst                        files      7 (kept 3, dropped 4) links     2  0.02 MiB
   3298/3562  028084_19_d113hbase                      files      7 (kept 3, dropped 4) links     2  0.02 MiB
   3299/3562  028084_19_d113hnone                      files      7 (kept 3, dropped 4) links     2  0.05 MiB
   3300/3562  028084_19_d119hnu                        files      8 (kept 4, dropped 4) links     2  0.03 MiB
   3301/3562  028084_19_d119hr3                        files      8 (kept 4, dropped 4) links     2  0.03 MiB
   3302/3562  028084_1_d111hst                         files      7 (kept 3, dropped 4) links     2  0.16 MiB
   3303/3562  028084_1_d113hbase                       files      7 (kept 3, dropped 4) links     2  0.16 MiB
   3304/3562  028084_1_d113hnone                       files      7 (kept 3, dropped 4) links     2  0.27 MiB
   3305/3562  028084_1_d119hnu                         files      8 (kept 4, dropped 4) links     2  0.18 MiB
   3306/3562  028084_1_d119hr3                         files      8 (kept 4, dropped 4) links     2  0.18 MiB
   3307/3562  028084_20_d111hst                        files      7 (kept 3, dropped 4) links     2  0.08 MiB
   3308/3562  028084_20_d113hbase                      files      7 (kept 3, dropped 4) links     2  0.08 MiB
   3309/3562  028084_20_d113hnone                      files      7 (kept 3, dropped 4) links     2  0.07 MiB
   3310/3562  028084_20_d119hnu                        files      8 (kept 4, dropped 4) links     2  0.07 MiB
   3311/3562  028084_20_d119hr3                        files      8 (kept 4, dropped 4) links     2  0.07 MiB
   3312/3562  028084_21_d111hst                        files      7 (kept 3, dropped 4) links     2  0.08 MiB
   3313/3562  028084_21_d113hbase                      files      7 (kept 3, dropped 4) links     2  0.08 MiB
   3314/3562  028084_21_d113hnone                      files      7 (kept 3, dropped 4) links     2  0.13 MiB
   3315/3562  028084_21_d119hnu                        files      8 (kept 4, dropped 4) links     2  0.07 MiB
   3316/3562  028084_21_d119hr3                        files      8 (kept 4, dropped 4) links     2  0.07 MiB
   3317/3562  028084_22_d111hst                        files      7 (kept 3, dropped 4) links     2  0.02 MiB
   3318/3562  028084_22_d113hbase                      files      7 (kept 3, dropped 4) links     2  0.02 MiB
   3319/3562  028084_22_d113hnone                      files      7 (kept 3, dropped 4) links     2  0.04 MiB
   3320/3562  028084_22_d119hnu                        files      8 (kept 4, dropped 4) links     2  0.02 MiB
   3321/3562  028084_22_d119hr3                        files      8 (kept 4, dropped 4) links     2  0.02 MiB
   3322/3562  028084_23_d111hst                        files      7 (kept 3, dropped 4) links     2  0.09 MiB
   3323/3562  028084_23_d113hbase                      files      7 (kept 3, dropped 4) links     2  0.09 MiB
   3324/3562  028084_23_d113hnone                      files      7 (kept 3, dropped 4) links     2  0.07 MiB
   3325/3562  028084_23_d119hnu                        files      8 (kept 4, dropped 4) links     2  0.07 MiB
   3326/3562  028084_23_d119hr3                        files      8 (kept 4, dropped 4) links     2  0.07 MiB
   3327/3562  028084_24_d111hst                        files      7 (kept 3, dropped 4) links     2  0.06 MiB
   3328/3562  028084_24_d113hbase                      files      7 (kept 3, dropped 4) links     2  0.06 MiB
   3329/3562  028084_24_d113hnone                      files      7 (kept 3, dropped 4) links     2  0.06 MiB
   3330/3562  028084_24_d119hnu                        files      8 (kept 4, dropped 4) links     2  0.03 MiB
   3331/3562  028084_24_d119hr3                        files      8 (kept 4, dropped 4) links     2  0.03 MiB
   3332/3562  028084_25_d111hst                        files      7 (kept 3, dropped 4) links     2  0.02 MiB
   3333/3562  028084_25_d113hbase                      files      7 (kept 3, dropped 4) links     2  0.02 MiB
   3334/3562  028084_25_d113hnone                      files      7 (kept 3, dropped 4) links     2  0.08 MiB
   3335/3562  028084_25_d119hnu                        files      8 (kept 4, dropped 4) links     2  0.06 MiB
   3336/3562  028084_25_d119hr3                        files      8 (kept 4, dropped 4) links     2  0.06 MiB
   3337/3562  028084_26_d111hst                        files      7 (kept 3, dropped 4) links     2  0.03 MiB
   3338/3562  028084_26_d113hbase                      files      7 (kept 3, dropped 4) links     2  0.03 MiB
   3339/3562  028084_26_d113hnone                      files      7 (kept 3, dropped 4) links     2  0.05 MiB
   3340/3562  028084_26_d119hnu                        files      8 (kept 4, dropped 4) links     2  0.03 MiB
   3341/3562  028084_26_d119hr3                        files      8 (kept 4, dropped 4) links     2  0.03 MiB
   3342/3562  028084_27_d111hst                        files      7 (kept 3, dropped 4) links     2  0.05 MiB
   3343/3562  028084_27_d113hbase                      files      7 (kept 3, dropped 4) links     2  0.05 MiB
   3344/3562  028084_27_d113hnone                      files      7 (kept 3, dropped 4) links     2  0.06 MiB
   3345/3562  028084_27_d119hnu                        files      8 (kept 4, dropped 4) links     2  0.03 MiB
   3346/3562  028084_27_d119hr3                        files      8 (kept 4, dropped 4) links     2  0.03 MiB
   3347/3562  028084_28_d111hst                        files      7 (kept 3, dropped 4) links     2  0.03 MiB
   3348/3562  028084_28_d113hbase                      files      7 (kept 3, dropped 4) links     2  0.03 MiB
   3349/3562  028084_28_d113hnone                      files      7 (kept 3, dropped 4) links     2  0.07 MiB
   3350/3562  028084_28_d119hnu                        files      8 (kept 4, dropped 4) links     2  0.05 MiB
   3351/3562  028084_28_d119hr3                        files      8 (kept 4, dropped 4) links     2  0.05 MiB
   3352/3562  028084_28_d119nu                         files      7 (kept 3, dropped 4) links     2  0.08 MiB
   3353/3562  028084_29_d111hst                        files      7 (kept 3, dropped 4) links     2  0.02 MiB
   3354/3562  028084_29_d113hbase                      files      7 (kept 3, dropped 4) links     2  0.02 MiB
   3355/3562  028084_29_d113hnone                      files      7 (kept 3, dropped 4) links     2  0.04 MiB
   3356/3562  028084_29_d119hnu                        files      8 (kept 4, dropped 4) links     2  0.02 MiB
   3357/3562  028084_29_d119hr3                        files      8 (kept 4, dropped 4) links     2  0.02 MiB
   3358/3562  028084_2_d111hst                         files      7 (kept 3, dropped 4) links     2  0.07 MiB
   3359/3562  028084_2_d113hbase                       files      7 (kept 3, dropped 4) links     2  0.07 MiB
   3360/3562  028084_2_d113hnone                       files      7 (kept 3, dropped 4) links     2  0.07 MiB
   3361/3562  028084_2_d119hnu                         files      8 (kept 4, dropped 4) links     2  0.05 MiB
   3362/3562  028084_2_d119hr3                         files      8 (kept 4, dropped 4) links     2  0.05 MiB
   3363/3562  028084_2_d119nu                          files      7 (kept 3, dropped 4) links     2  0.08 MiB
   3364/3562  028084_30_d111hst                        files      7 (kept 3, dropped 4) links     2  0.03 MiB
   3365/3562  028084_30_d113hbase                      files      7 (kept 3, dropped 4) links     2  0.03 MiB
   3366/3562  028084_30_d113hnone                      files      7 (kept 3, dropped 4) links     2  0.05 MiB
   3367/3562  028084_30_d119hnu                        files      8 (kept 4, dropped 4) links     2  0.03 MiB
   3368/3562  028084_30_d119hr3                        files      8 (kept 4, dropped 4) links     2  0.03 MiB
   3369/3562  028084_3_d111hst                         files      7 (kept 3, dropped 4) links     2  0.09 MiB
   3370/3562  028084_3_d113hbase                       files      7 (kept 3, dropped 4) links     2  0.09 MiB
   3371/3562  028084_3_d113hnone                       files      7 (kept 3, dropped 4) links     2  0.08 MiB
   3372/3562  028084_3_d119hnu                         files      8 (kept 4, dropped 4) links     2  0.08 MiB
   3373/3562  028084_3_d119hr3                         files      8 (kept 4, dropped 4) links     2  0.08 MiB
   3374/3562  028084_4_d111hst                         files      7 (kept 3, dropped 4) links     2  0.07 MiB
   3375/3562  028084_4_d113hbase                       files      7 (kept 3, dropped 4) links     2  0.07 MiB
   3376/3562  028084_4_d113hnone                       files      7 (kept 3, dropped 4) links     2  0.05 MiB
   3377/3562  028084_4_d119hnu                         files      8 (kept 4, dropped 4) links     2  0.07 MiB
   3378/3562  028084_4_d119hr3                         files      8 (kept 4, dropped 4) links     2  0.07 MiB
   3379/3562  028084_5_d111hst                         files      7 (kept 3, dropped 4) links     2  0.02 MiB
   3380/3562  028084_5_d113hbase                       files      7 (kept 3, dropped 4) links     2  0.02 MiB
   3381/3562  028084_5_d113hnone                       files      7 (kept 3, dropped 4) links     2  0.05 MiB
   3382/3562  028084_5_d119hnu                         files      8 (kept 4, dropped 4) links     2  0.03 MiB
   3383/3562  028084_5_d119hr3                         files      8 (kept 4, dropped 4) links     2  0.03 MiB
   3384/3562  028084_6_d111hst                         files      7 (kept 3, dropped 4) links     2  0.02 MiB
   3385/3562  028084_6_d113hbase                       files      7 (kept 3, dropped 4) links     2  0.02 MiB
   3386/3562  028084_6_d113hnone                       files      7 (kept 3, dropped 4) links     2  0.06 MiB
   3387/3562  028084_6_d119hnu                         files      8 (kept 4, dropped 4) links     2  0.03 MiB
   3388/3562  028084_6_d119hr3                         files      8 (kept 4, dropped 4) links     2  0.03 MiB
   3389/3562  028084_7_d111hst                         files      7 (kept 3, dropped 4) links     2  0.06 MiB
   3390/3562  028084_7_d113hbase                       files      7 (kept 3, dropped 4) links     2  0.06 MiB
   3391/3562  028084_7_d113hnone                       files      7 (kept 3, dropped 4) links     2  0.09 MiB
   3392/3562  028084_7_d119hnu                         files      8 (kept 4, dropped 4) links     2  0.06 MiB
   3393/3562  028084_7_d119hr3                         files      8 (kept 4, dropped 4) links     2  0.06 MiB
   3394/3562  028084_8_d111hst                         files      7 (kept 3, dropped 4) links     2  0.11 MiB
   3395/3562  028084_8_d113hbase                       files      7 (kept 3, dropped 4) links     2  0.11 MiB
   3396/3562  028084_8_d113hnone                       files      7 (kept 3, dropped 4) links     2  0.13 MiB
   3397/3562  028084_8_d119hnu                         files      8 (kept 4, dropped 4) links     2  0.03 MiB
   3398/3562  028084_8_d119hr3                         files      8 (kept 4, dropped 4) links     2  0.03 MiB
   3399/3562  028084_9_d111hst                         files      7 (kept 3, dropped 4) links     2  0.09 MiB
   3400/3562  028084_9_d113hbase                       files      7 (kept 3, dropped 4) links     2  0.09 MiB
   3401/3562  028084_9_d113hnone                       files      7 (kept 3, dropped 4) links     2  0.08 MiB
   3402/3562  028084_9_d119hnu                         files      8 (kept 4, dropped 4) links     2  0.09 MiB
   3403/3562  028084_9_d119hr3                         files      8 (kept 4, dropped 4) links     2  0.09 MiB
   3404/3562  029107_0_d111hst                         files      7 (kept 3, dropped 4) links     2  0.03 MiB
   3405/3562  029107_0_d113hbase                       files      7 (kept 3, dropped 4) links     2  0.03 MiB
   3406/3562  029107_0_d113hnone                       files      7 (kept 3, dropped 4) links     2  0.06 MiB
   3407/3562  029107_0_d119hnu                         files      8 (kept 4, dropped 4) links     2  0.03 MiB
   3408/3562  029107_0_d119hr3                         files      8 (kept 4, dropped 4) links     2  0.03 MiB
   3409/3562  029107_10_d111hst                        files      7 (kept 3, dropped 4) links     2  0.08 MiB
   3410/3562  029107_10_d113hbase                      files      7 (kept 3, dropped 4) links     2  0.08 MiB
   3411/3562  029107_10_d113hnone                      files      7 (kept 3, dropped 4) links     2  0.11 MiB
   3412/3562  029107_10_d119hnu                        files      8 (kept 4, dropped 4) links     2  0.05 MiB
   3413/3562  029107_10_d119hr3                        files      8 (kept 4, dropped 4) links     2  0.05 MiB
   3414/3562  029107_10_d34qb                          files     20 (kept 4, dropped 16) links    10  0.08 MiB
   3415/3562  029107_10_d34qn                          files     20 (kept 4, dropped 16) links    10  0.08 MiB
   3416/3562  029107_11_d111hst                        files      7 (kept 3, dropped 4) links     2  0.04 MiB
   3417/3562  029107_11_d113hbase                      files      7 (kept 3, dropped 4) links     2  0.04 MiB
   3418/3562  029107_11_d113hnone                      files      7 (kept 3, dropped 4) links     2  0.05 MiB
   3419/3562  029107_11_d119hnu                        files      8 (kept 4, dropped 4) links     2  0.04 MiB
   3420/3562  029107_11_d119hr3                        files      8 (kept 4, dropped 4) links     2  0.04 MiB
   3421/3562  029107_11_d34qb                          files     20 (kept 4, dropped 16) links    10  0.05 MiB
   3422/3562  029107_11_d34qn                          files     20 (kept 4, dropped 16) links    10  0.05 MiB
   3423/3562  029107_12_d111hst                        files      7 (kept 3, dropped 4) links     2  0.15 MiB
   3424/3562  029107_12_d113hbase                      files      7 (kept 3, dropped 4) links     2  0.15 MiB
   3425/3562  029107_12_d113hnone                      files      7 (kept 3, dropped 4) links     2  0.10 MiB
   3426/3562  029107_12_d119hnu                        files      8 (kept 4, dropped 4) links     2  0.09 MiB
   3427/3562  029107_12_d119hr3                        files      8 (kept 4, dropped 4) links     2  0.09 MiB
   3428/3562  029107_12_d119nu                         files      7 (kept 3, dropped 4) links     2  0.12 MiB
   3429/3562  029107_12_d34qb                          files     20 (kept 4, dropped 16) links    10  0.06 MiB
   3430/3562  029107_12_d34qn                          files     20 (kept 4, dropped 16) links    10  0.06 MiB
   3431/3562  029107_13_d111hst                        files      7 (kept 3, dropped 4) links     2  0.02 MiB
   3432/3562  029107_13_d113hbase                      files      7 (kept 3, dropped 4) links     2  0.02 MiB
   3433/3562  029107_13_d113hnone                      files      7 (kept 3, dropped 4) links     2  0.04 MiB
   3434/3562  029107_13_d119hnu                        files      8 (kept 4, dropped 4) links     2  0.02 MiB
   3435/3562  029107_13_d119hr3                        files      8 (kept 4, dropped 4) links     2  0.02 MiB
   3436/3562  029107_13_d34qb                          files     20 (kept 4, dropped 16) links    10  0.06 MiB
   3437/3562  029107_13_d34qn                          files     20 (kept 4, dropped 16) links    10  0.06 MiB
   3438/3562  029107_14_d111hst                        files      7 (kept 3, dropped 4) links     2  0.06 MiB
   3439/3562  029107_14_d113hbase                      files      7 (kept 3, dropped 4) links     2  0.06 MiB
   3440/3562  029107_14_d113hnone                      files      7 (kept 3, dropped 4) links     2  0.04 MiB
   3441/3562  029107_14_d119hnu                        files      8 (kept 4, dropped 4) links     2  0.02 MiB
   3442/3562  029107_14_d119hr3                        files      8 (kept 4, dropped 4) links     2  0.02 MiB
   3443/3562  029107_15_d111hst                        files      7 (kept 3, dropped 4) links     2  0.12 MiB
   3444/3562  029107_15_d113hbase                      files      7 (kept 3, dropped 4) links     2  0.12 MiB
   3445/3562  029107_15_d113hnone                      files      7 (kept 3, dropped 4) links     2  0.15 MiB
   3446/3562  029107_15_d119hnu                        files      8 (kept 4, dropped 4) links     2  0.05 MiB
   3447/3562  029107_15_d119hr3                        files      8 (kept 4, dropped 4) links     2  0.05 MiB
   3448/3562  029107_16_d111hst                        files      7 (kept 3, dropped 4) links     2  0.17 MiB
   3449/3562  029107_16_d113hbase                      files      7 (kept 3, dropped 4) links     2  0.17 MiB
   3450/3562  029107_16_d113hnone                      files      7 (kept 3, dropped 4) links     2  0.13 MiB
   3451/3562  029107_16_d119hnu                        files      8 (kept 4, dropped 4) links     2  0.13 MiB
   3452/3562  029107_16_d119hr3                        files      8 (kept 4, dropped 4) links     2  0.13 MiB
   3453/3562  029107_17_d111hst                        files      7 (kept 3, dropped 4) links     2  0.02 MiB
   3454/3562  029107_17_d113hbase                      files      7 (kept 3, dropped 4) links     2  0.02 MiB
   3455/3562  029107_17_d113hnone                      files      7 (kept 3, dropped 4) links     2  0.04 MiB
   3456/3562  029107_17_d119hnu                        files      8 (kept 4, dropped 4) links     2  0.02 MiB
   3457/3562  029107_17_d119hr3                        files      8 (kept 4, dropped 4) links     2  0.02 MiB
   3458/3562  029107_18_d111hst                        files      7 (kept 3, dropped 4) links     2  0.41 MiB
   3459/3562  029107_18_d113hbase                      files      7 (kept 3, dropped 4) links     2  0.41 MiB
   3460/3562  029107_18_d113hnone                      files      7 (kept 3, dropped 4) links     2  0.37 MiB
   3461/3562  029107_18_d119hnu                        files      8 (kept 4, dropped 4) links     2  0.41 MiB
   3462/3562  029107_18_d119hr3                        files      8 (kept 4, dropped 4) links     2  0.41 MiB
   3463/3562  029107_19_d111hst                        files      7 (kept 3, dropped 4) links     2  0.10 MiB
   3464/3562  029107_19_d113hbase                      files      7 (kept 3, dropped 4) links     2  0.10 MiB
   3465/3562  029107_19_d113hnone                      files      7 (kept 3, dropped 4) links     2  0.13 MiB
   3466/3562  029107_19_d119hnu                        files      8 (kept 4, dropped 4) links     2  0.07 MiB
   3467/3562  029107_19_d119hr3                        files      8 (kept 4, dropped 4) links     2  0.07 MiB
   3468/3562  029107_1_d111hst                         files      7 (kept 3, dropped 4) links     2  0.07 MiB
   3469/3562  029107_1_d113hbase                       files      7 (kept 3, dropped 4) links     2  0.07 MiB
   3470/3562  029107_1_d113hnone                       files      7 (kept 3, dropped 4) links     2  0.05 MiB
   3471/3562  029107_1_d119hnu                         files      8 (kept 4, dropped 4) links     2  0.06 MiB
   3472/3562  029107_1_d119hr3                         files      8 (kept 4, dropped 4) links     2  0.06 MiB
   3473/3562  029107_20_d111hst                        files      7 (kept 3, dropped 4) links     2  0.06 MiB
   3474/3562  029107_20_d113hbase                      files      7 (kept 3, dropped 4) links     2  0.06 MiB
   3475/3562  029107_20_d113hnone                      files      7 (kept 3, dropped 4) links     2  0.11 MiB
   3476/3562  029107_20_d119hnu                        files      8 (kept 4, dropped 4) links     2  0.08 MiB
   3477/3562  029107_20_d119hr3                        files      8 (kept 4, dropped 4) links     2  0.08 MiB
   3478/3562  029107_21_d111hst                        files      7 (kept 3, dropped 4) links     2  0.05 MiB
   3479/3562  029107_21_d113hbase                      files      7 (kept 3, dropped 4) links     2  0.05 MiB
   3480/3562  029107_21_d113hnone                      files      7 (kept 3, dropped 4) links     2  0.06 MiB
   3481/3562  029107_21_d119hnu                        files      8 (kept 4, dropped 4) links     2  0.06 MiB
   3482/3562  029107_21_d119hr3                        files      8 (kept 4, dropped 4) links     2  0.06 MiB
   3483/3562  029107_22_d111hst                        files      7 (kept 3, dropped 4) links     2  0.02 MiB
   3484/3562  029107_22_d113hbase                      files      7 (kept 3, dropped 4) links     2  0.02 MiB
   3485/3562  029107_22_d113hnone                      files      7 (kept 3, dropped 4) links     2  0.04 MiB
   3486/3562  029107_22_d119hnu                        files      8 (kept 4, dropped 4) links     2  0.02 MiB
   3487/3562  029107_22_d119hr3                        files      8 (kept 4, dropped 4) links     2  0.02 MiB
   3488/3562  029107_23_d111hst                        files      7 (kept 3, dropped 4) links     2  0.03 MiB
   3489/3562  029107_23_d113hbase                      files      7 (kept 3, dropped 4) links     2  0.03 MiB
   3490/3562  029107_23_d113hnone                      files      7 (kept 3, dropped 4) links     2  0.06 MiB
   3491/3562  029107_23_d119hnu                        files      8 (kept 4, dropped 4) links     2  0.03 MiB
   3492/3562  029107_23_d119hr3                        files      8 (kept 4, dropped 4) links     2  0.03 MiB
   3493/3562  029107_24_d111hst                        files      7 (kept 3, dropped 4) links     2  0.13 MiB
   3494/3562  029107_24_d113hbase                      files      7 (kept 3, dropped 4) links     2  0.13 MiB
   3495/3562  029107_24_d113hnone                      files      7 (kept 3, dropped 4) links     2  0.09 MiB
   3496/3562  029107_24_d119hnu                        files      8 (kept 4, dropped 4) links     2  0.02 MiB
   3497/3562  029107_24_d119hr3                        files      8 (kept 4, dropped 4) links     2  0.02 MiB
   3498/3562  029107_25_d111hst                        files      7 (kept 3, dropped 4) links     2  0.07 MiB
   3499/3562  029107_25_d113hbase                      files      7 (kept 3, dropped 4) links     2  0.07 MiB
   3500/3562  029107_25_d113hnone                      files      7 (kept 3, dropped 4) links     2  0.08 MiB
   3501/3562  029107_25_d119hnu                        files      8 (kept 4, dropped 4) links     2  0.03 MiB
   3502/3562  029107_25_d119hr3                        files      8 (kept 4, dropped 4) links     2  0.03 MiB
   3503/3562  029107_26_d111hst                        files      7 (kept 3, dropped 4) links     2  0.08 MiB
   3504/3562  029107_26_d113hbase                      files      7 (kept 3, dropped 4) links     2  0.08 MiB
   3505/3562  029107_26_d113hnone                      files      7 (kept 3, dropped 4) links     2  0.12 MiB
   3506/3562  029107_26_d119hnu                        files      8 (kept 4, dropped 4) links     2  0.11 MiB
   3507/3562  029107_26_d119hr3                        files      8 (kept 4, dropped 4) links     2  0.11 MiB
   3508/3562  029107_27_d111hst                        files      7 (kept 3, dropped 4) links     2  0.02 MiB
   3509/3562  029107_27_d113hbase                      files      7 (kept 3, dropped 4) links     2  0.02 MiB
   3510/3562  029107_27_d113hnone                      files      7 (kept 3, dropped 4) links     2  0.04 MiB
   3511/3562  029107_27_d119hnu                        files      8 (kept 4, dropped 4) links     2  0.02 MiB
   3512/3562  029107_27_d119hr3                        files      8 (kept 4, dropped 4) links     2  0.02 MiB
   3513/3562  029107_28_d111hst                        files      7 (kept 3, dropped 4) links     2  0.04 MiB
   3514/3562  029107_28_d113hbase                      files      7 (kept 3, dropped 4) links     2  0.04 MiB
   3515/3562  029107_28_d113hnone                      files      7 (kept 3, dropped 4) links     2  0.07 MiB
   3516/3562  029107_28_d119hnu                        files      8 (kept 4, dropped 4) links     2  0.05 MiB
   3517/3562  029107_28_d119hr3                        files      8 (kept 4, dropped 4) links     2  0.05 MiB
   3518/3562  029107_29_d111hst                        files      7 (kept 3, dropped 4) links     2  0.04 MiB
   3519/3562  029107_29_d113hbase                      files      7 (kept 3, dropped 4) links     2  0.04 MiB
   3520/3562  029107_29_d113hnone                      files      7 (kept 3, dropped 4) links     2  0.11 MiB
   3521/3562  029107_29_d119hnu                        files      8 (kept 4, dropped 4) links     2  0.07 MiB
   3522/3562  029107_29_d119hr3                        files      8 (kept 4, dropped 4) links     2  0.07 MiB
   3523/3562  029107_2_d111hst                         files      7 (kept 3, dropped 4) links     2  0.11 MiB
   3524/3562  029107_2_d113hbase                       files      7 (kept 3, dropped 4) links     2  0.11 MiB
   3525/3562  029107_2_d113hnone                       files      7 (kept 3, dropped 4) links     2  0.09 MiB
   3526/3562  029107_2_d119hnu                         files      8 (kept 4, dropped 4) links     2  0.10 MiB
   3527/3562  029107_2_d119hr3                         files      8 (kept 4, dropped 4) links     2  0.10 MiB
   3528/3562  029107_3_d111hst                         files      7 (kept 3, dropped 4) links     2  0.13 MiB
   3529/3562  029107_3_d113hbase                       files      7 (kept 3, dropped 4) links     2  0.13 MiB
   3530/3562  029107_3_d113hnone                       files      7 (kept 3, dropped 4) links     2  0.10 MiB
   3531/3562  029107_3_d119hnu                         files      8 (kept 4, dropped 4) links     2  0.09 MiB
   3532/3562  029107_3_d119hr3                         files      8 (kept 4, dropped 4) links     2  0.09 MiB
   3533/3562  029107_4_d111hst                         files      7 (kept 3, dropped 4) links     2  0.03 MiB
   3534/3562  029107_4_d113hbase                       files      7 (kept 3, dropped 4) links     2  0.03 MiB
   3535/3562  029107_4_d113hnone                       files      7 (kept 3, dropped 4) links     2  0.09 MiB
   3536/3562  029107_4_d119hnu                         files      8 (kept 4, dropped 4) links     2  0.10 MiB
   3537/3562  029107_4_d119hr3                         files      8 (kept 4, dropped 4) links     2  0.10 MiB
   3538/3562  029107_5_d111hst                         files      7 (kept 3, dropped 4) links     2  0.10 MiB
   3539/3562  029107_5_d113hbase                       files      7 (kept 3, dropped 4) links     2  0.10 MiB
   3540/3562  029107_5_d113hnone                       files      7 (kept 3, dropped 4) links     2  0.10 MiB
   3541/3562  029107_5_d119hnu                         files      8 (kept 4, dropped 4) links     2  0.05 MiB
   3542/3562  029107_5_d119hr3                         files      8 (kept 4, dropped 4) links     2  0.05 MiB
   3543/3562  029107_6_d111hst                         files      7 (kept 3, dropped 4) links     2  0.02 MiB
   3544/3562  029107_6_d113hbase                       files      7 (kept 3, dropped 4) links     2  0.02 MiB
   3545/3562  029107_6_d113hnone                       files      7 (kept 3, dropped 4) links     2  0.04 MiB
   3546/3562  029107_6_d119hnu                         files      8 (kept 4, dropped 4) links     2  0.02 MiB
   3547/3562  029107_6_d119hr3                         files      8 (kept 4, dropped 4) links     2  0.02 MiB
   3548/3562  029107_7_d111hst                         files      7 (kept 3, dropped 4) links     2  0.05 MiB
   3549/3562  029107_7_d113hbase                       files      7 (kept 3, dropped 4) links     2  0.05 MiB
   3550/3562  029107_7_d113hnone                       files      7 (kept 3, dropped 4) links     2  0.04 MiB
   3551/3562  029107_7_d119hnu                         files      8 (kept 4, dropped 4) links     2  0.03 MiB
   3552/3562  029107_7_d119hr3                         files      8 (kept 4, dropped 4) links     2  0.03 MiB
   3553/3562  029107_8_d111hst                         files      7 (kept 3, dropped 4) links     2  0.03 MiB
   3554/3562  029107_8_d113hbase                       files      7 (kept 3, dropped 4) links     2  0.03 MiB
   3555/3562  029107_8_d113hnone                       files      7 (kept 3, dropped 4) links     2  0.05 MiB
   3556/3562  029107_8_d119hnu                         files      8 (kept 4, dropped 4) links     2  0.03 MiB
   3557/3562  029107_8_d119hr3                         files      8 (kept 4, dropped 4) links     2  0.03 MiB
   3558/3562  029107_9_d111hst                         files      7 (kept 3, dropped 4) links     2  0.04 MiB
   3559/3562  029107_9_d113hbase                       files      7 (kept 3, dropped 4) links     2  0.03 MiB
   3560/3562  029107_9_d113hnone                       files      7 (kept 3, dropped 4) links     2  0.04 MiB
   3561/3562  029107_9_d119hnu                         files      8 (kept 4, dropped 4) links     2  0.04 MiB
   3562/3562  029107_9_d119hr3                         files      8 (kept 4, dropped 4) links     2  0.04 MiB

archived 3562/3562 arms into /home/xqian/toolkit-dev/wcp-porting-img/sbnd/sbnd_xin/archive/records/cleanup-20260925
integrity: every released dir has a .manifest.tsv with a SHA-256 per file, a .links.txt, and a .tar.zst of the non-heavy record layer.
