      1/975  039252_0_d111voff                        files      7 (kept 3, dropped 4) links     2  0.03 MiB
      2/975  039252_0_d111vsr10                       files      7 (kept 3, dropped 4) links     2  0.04 MiB
      3/975  039252_0_d111vsr15                       files      7 (kept 3, dropped 4) links     2  0.03 MiB
      4/975  039252_0_d111vsr6                        files      7 (kept 3, dropped 4) links     2  0.04 MiB
      5/975  039252_0_d111vtr                         files      7 (kept 3, dropped 4) links     2  0.03 MiB
      6/975  039252_0_d113vbase2                      files      7 (kept 3, dropped 4) links     2  0.03 MiB
      7/975  039252_0_d113vfoot                       files      7 (kept 3, dropped 4) links     2  0.05 MiB
      8/975  039252_0_d113vnopaint                    files      7 (kept 3, dropped 4) links     2  0.05 MiB
      9/975  039252_10_d111voff                       files      7 (kept 3, dropped 4) links     2  0.02 MiB
     10/975  039252_10_d111vsr10                      files      7 (kept 3, dropped 4) links     2  0.03 MiB
     11/975  039252_10_d111vsr15                      files      7 (kept 3, dropped 4) links     2  0.03 MiB
     12/975  039252_10_d111vsr6                       files      7 (kept 3, dropped 4) links     2  0.02 MiB
     13/975  039252_10_d111vtr                        files      7 (kept 3, dropped 4) links     2  0.02 MiB
     14/975  039252_10_d113vbase2                     files      7 (kept 3, dropped 4) links     2  0.02 MiB
     15/975  039252_10_d113vfoot                      files      7 (kept 3, dropped 4) links     2  0.04 MiB
     16/975  039252_10_d113vnopaint                   files      7 (kept 3, dropped 4) links     2  0.04 MiB
     17/975  039252_11_d111voff                       files      7 (kept 3, dropped 4) links     2  0.02 MiB
     18/975  039252_11_d111vsr10                      files      7 (kept 3, dropped 4) links     2  0.02 MiB
     19/975  039252_11_d111vsr15                      files      7 (kept 3, dropped 4) links     2  0.02 MiB
     20/975  039252_11_d111vsr6                       files      7 (kept 3, dropped 4) links     2  0.02 MiB
     21/975  039252_11_d111vtr                        files      7 (kept 3, dropped 4) links     2  0.02 MiB
     22/975  039252_11_d113vbase2                     files      7 (kept 3, dropped 4) links     2  0.02 MiB
     23/975  039252_11_d113vfoot                      files      7 (kept 3, dropped 4) links     2  0.04 MiB
     24/975  039252_11_d113vnopaint                   files      7 (kept 3, dropped 4) links     2  0.04 MiB
     25/975  039252_12_d111voff                       files      7 (kept 3, dropped 4) links     2  0.03 MiB
     26/975  039252_12_d111vsr10                      files      7 (kept 3, dropped 4) links     2  0.31 MiB
     27/975  039252_12_d111vsr15                      files      7 (kept 3, dropped 4) links     2  0.28 MiB
     28/975  039252_12_d111vsr6                       files      7 (kept 3, dropped 4) links     2  0.27 MiB
     29/975  039252_12_d111vtr                        files      7 (kept 3, dropped 4) links     2  0.03 MiB
     30/975  039252_12_d113vbase2                     files      7 (kept 3, dropped 4) links     2  0.03 MiB
     31/975  039252_12_d113vfoot                      files      7 (kept 3, dropped 4) links     2  0.05 MiB
     32/975  039252_12_d113vnopaint                   files      7 (kept 3, dropped 4) links     2  0.05 MiB
     33/975  039252_13_d111voff                       files      7 (kept 3, dropped 4) links     2  0.02 MiB
     34/975  039252_13_d111vsr10                      files      7 (kept 3, dropped 4) links     2  0.02 MiB
     35/975  039252_13_d111vsr15                      files      7 (kept 3, dropped 4) links     2  0.02 MiB
     36/975  039252_13_d111vsr6                       files      6 (kept 3, dropped 3) links     2  0.01 MiB
     37/975  039252_13_d111vtr                        files      7 (kept 3, dropped 4) links     2  0.02 MiB
     38/975  039252_13_d113vbase2                     files      7 (kept 3, dropped 4) links     2  0.02 MiB
     39/975  039252_13_d113vfoot                      files      7 (kept 3, dropped 4) links     2  0.04 MiB
     40/975  039252_13_d113vnopaint                   files      7 (kept 3, dropped 4) links     2  0.04 MiB
     41/975  039252_14_d111voff                       files      7 (kept 3, dropped 4) links     2  0.04 MiB
     42/975  039252_14_d111vsr10                      files      7 (kept 3, dropped 4) links     2  0.04 MiB
     43/975  039252_14_d111vsr15                      files      7 (kept 3, dropped 4) links     2  0.06 MiB
     44/975  039252_14_d111vsr6                       files      7 (kept 3, dropped 4) links     2  0.05 MiB
     45/975  039252_14_d111vtr                        files      7 (kept 3, dropped 4) links     2  0.04 MiB
     46/975  039252_14_d113vbase2                     files      7 (kept 3, dropped 4) links     2  0.04 MiB
     47/975  039252_14_d113vfoot                      files      7 (kept 3, dropped 4) links     2  0.08 MiB
     48/975  039252_14_d113vnopaint                   files      7 (kept 3, dropped 4) links     2  0.08 MiB
     49/975  039252_15_d111voff                       files      7 (kept 3, dropped 4) links     2  0.02 MiB
     50/975  039252_15_d111vsr10                      files      7 (kept 3, dropped 4) links     2  0.04 MiB
     51/975  039252_15_d111vsr15                      files      7 (kept 3, dropped 4) links     2  0.04 MiB
     52/975  039252_15_d111vsr6                       files      7 (kept 3, dropped 4) links     2  0.03 MiB
     53/975  039252_15_d111vtr                        files      7 (kept 3, dropped 4) links     2  0.02 MiB
     54/975  039252_15_d113vbase2                     files      7 (kept 3, dropped 4) links     2  0.02 MiB
     55/975  039252_15_d113vfoot                      files      7 (kept 3, dropped 4) links     2  0.06 MiB
     56/975  039252_15_d113vnopaint                   files      7 (kept 3, dropped 4) links     2  0.05 MiB
     57/975  039252_16_d111voff                       files      7 (kept 3, dropped 4) links     2  0.24 MiB
     58/975  039252_16_d111vsr10                      files      7 (kept 3, dropped 4) links     2  0.26 MiB
     59/975  039252_16_d111vsr15                      files      7 (kept 3, dropped 4) links     2  0.15 MiB
     60/975  039252_16_d111vsr6                       files      7 (kept 3, dropped 4) links     2  0.16 MiB
     61/975  039252_16_d111vtr                        files      7 (kept 3, dropped 4) links     2  0.24 MiB
     62/975  039252_16_d113vbase2                     files      7 (kept 3, dropped 4) links     2  0.24 MiB
     63/975  039252_16_d113vfoot                      files      7 (kept 3, dropped 4) links     2  0.13 MiB
     64/975  039252_16_d113vnopaint                   files      7 (kept 3, dropped 4) links     2  0.28 MiB
     65/975  039252_17_d111voff                       files      7 (kept 3, dropped 4) links     2  0.04 MiB
     66/975  039252_17_d111vsr10                      files      7 (kept 3, dropped 4) links     2  0.03 MiB
     67/975  039252_17_d111vsr15                      files      7 (kept 3, dropped 4) links     2  0.04 MiB
     68/975  039252_17_d111vsr6                       files      7 (kept 3, dropped 4) links     2  0.02 MiB
     69/975  039252_17_d111vtr                        files      7 (kept 3, dropped 4) links     2  0.04 MiB
     70/975  039252_17_d113vbase2                     files      7 (kept 3, dropped 4) links     2  0.04 MiB
     71/975  039252_17_d113vfoot                      files      7 (kept 3, dropped 4) links     2  0.07 MiB
     72/975  039252_17_d113vnopaint                   files      7 (kept 3, dropped 4) links     2  0.06 MiB
     73/975  039252_1_d111voff                        files      7 (kept 3, dropped 4) links     2  0.03 MiB
     74/975  039252_1_d111vsr10                       files      7 (kept 3, dropped 4) links     2  0.03 MiB
     75/975  039252_1_d111vsr15                       files      7 (kept 3, dropped 4) links     2  0.03 MiB
     76/975  039252_1_d111vsr6                        files      7 (kept 3, dropped 4) links     2  0.02 MiB
     77/975  039252_1_d111vtr                         files      7 (kept 3, dropped 4) links     2  0.03 MiB
     78/975  039252_1_d113vbase2                      files      7 (kept 3, dropped 4) links     2  0.03 MiB
     79/975  039252_1_d113vfoot                       files      7 (kept 3, dropped 4) links     2  0.05 MiB
     80/975  039252_1_d113vnopaint                    files      7 (kept 3, dropped 4) links     2  0.05 MiB
     81/975  039252_2_d111voff                        files      7 (kept 3, dropped 4) links     2  0.02 MiB
     82/975  039252_2_d111vsr10                       files      7 (kept 3, dropped 4) links     2  0.02 MiB
     83/975  039252_2_d111vsr15                       files      7 (kept 3, dropped 4) links     2  0.02 MiB
     84/975  039252_2_d111vsr6                        files      7 (kept 3, dropped 4) links     2  0.02 MiB
     85/975  039252_2_d111vtr                         files      7 (kept 3, dropped 4) links     2  0.02 MiB
     86/975  039252_2_d113vbase2                      files      7 (kept 3, dropped 4) links     2  0.02 MiB
     87/975  039252_2_d113vfoot                       files      7 (kept 3, dropped 4) links     2  0.05 MiB
     88/975  039252_2_d113vnopaint                    files      7 (kept 3, dropped 4) links     2  0.05 MiB
     89/975  039252_3_d111voff                        files      7 (kept 3, dropped 4) links     2  0.05 MiB
     90/975  039252_3_d111vsr10                       files      7 (kept 3, dropped 4) links     2  0.08 MiB
     91/975  039252_3_d111vsr15                       files      7 (kept 3, dropped 4) links     2  0.07 MiB
     92/975  039252_3_d111vsr6                        files      7 (kept 3, dropped 4) links     2  0.06 MiB
     93/975  039252_3_d111vtr                         files      7 (kept 3, dropped 4) links     2  0.05 MiB
     94/975  039252_3_d113vbase2                      files      7 (kept 3, dropped 4) links     2  0.05 MiB
     95/975  039252_3_d113vfoot                       files      7 (kept 3, dropped 4) links     2  0.07 MiB
     96/975  039252_3_d113vnopaint                    files      7 (kept 3, dropped 4) links     2  0.09 MiB
     97/975  039252_4_d111voff                        files      7 (kept 3, dropped 4) links     2  0.08 MiB
     98/975  039252_4_d111vsr10                       files      7 (kept 3, dropped 4) links     2  0.08 MiB
     99/975  039252_4_d111vsr15                       files      7 (kept 3, dropped 4) links     2  0.09 MiB
    100/975  039252_4_d111vsr6                        files      7 (kept 3, dropped 4) links     2  0.08 MiB
    101/975  039252_4_d111vtr                         files      7 (kept 3, dropped 4) links     2  0.08 MiB
    102/975  039252_4_d113vbase2                      files      7 (kept 3, dropped 4) links     2  0.08 MiB
    103/975  039252_4_d113vfoot                       files      7 (kept 3, dropped 4) links     2  0.08 MiB
    104/975  039252_4_d113vnopaint                    files      7 (kept 3, dropped 4) links     2  0.08 MiB
    105/975  039252_5_d111voff                        files      7 (kept 3, dropped 4) links     2  0.14 MiB
    106/975  039252_5_d111vsr10                       files      7 (kept 3, dropped 4) links     2  0.19 MiB
    107/975  039252_5_d111vsr15                       files      7 (kept 3, dropped 4) links     2  0.31 MiB
    108/975  039252_5_d111vsr6                        files      7 (kept 3, dropped 4) links     2  0.27 MiB
    109/975  039252_5_d111vtr                         files      7 (kept 3, dropped 4) links     2  0.14 MiB
    110/975  039252_5_d113vbase2                      files      7 (kept 3, dropped 4) links     2  0.14 MiB
    111/975  039252_5_d113vfoot                       files      7 (kept 3, dropped 4) links     2  0.10 MiB
    112/975  039252_5_d113vnopaint                    files      7 (kept 3, dropped 4) links     2  0.18 MiB
    113/975  039252_6_d111voff                        files      7 (kept 3, dropped 4) links     2  0.03 MiB
    114/975  039252_6_d111vsr10                       files      7 (kept 3, dropped 4) links     2  0.03 MiB
    115/975  039252_6_d111vsr15                       files      7 (kept 3, dropped 4) links     2  0.03 MiB
    116/975  039252_6_d111vsr6                        files      7 (kept 3, dropped 4) links     2  0.03 MiB
    117/975  039252_6_d111vtr                         files      7 (kept 3, dropped 4) links     2  0.03 MiB
    118/975  039252_6_d113vbase2                      files      7 (kept 3, dropped 4) links     2  0.03 MiB
    119/975  039252_6_d113vfoot                       files      7 (kept 3, dropped 4) links     2  0.06 MiB
    120/975  039252_6_d113vnopaint                    files      7 (kept 3, dropped 4) links     2  0.06 MiB
    121/975  039252_7_d111voff                        files      7 (kept 3, dropped 4) links     2  0.03 MiB
    122/975  039252_7_d111vsr10                       files      7 (kept 3, dropped 4) links     2  0.02 MiB
    123/975  039252_7_d111vsr15                       files      7 (kept 3, dropped 4) links     2  0.02 MiB
    124/975  039252_7_d111vsr6                        files      7 (kept 3, dropped 4) links     2  0.02 MiB
    125/975  039252_7_d111vtr                         files      7 (kept 3, dropped 4) links     2  0.03 MiB
    126/975  039252_7_d113vbase2                      files      7 (kept 3, dropped 4) links     2  0.03 MiB
    127/975  039252_7_d113vfoot                       files      7 (kept 3, dropped 4) links     2  0.06 MiB
    128/975  039252_7_d113vnopaint                    files      7 (kept 3, dropped 4) links     2  0.06 MiB
    129/975  039252_8_d111svoff5                      files      7 (kept 3, dropped 4) links     2  0.06 MiB
    130/975  039252_8_d111voff                        files      7 (kept 3, dropped 4) links     2  0.06 MiB
    131/975  039252_8_d111voff5                       files      7 (kept 3, dropped 4) links     2  0.06 MiB
    132/975  039252_8_d111vsr10                       files      7 (kept 3, dropped 4) links     2  0.07 MiB
    133/975  039252_8_d111vsr15                       files      7 (kept 3, dropped 4) links     2  0.06 MiB
    134/975  039252_8_d111vsr6                        files      7 (kept 3, dropped 4) links     2  0.09 MiB
    135/975  039252_8_d111vtr                         files      7 (kept 3, dropped 4) links     2  0.06 MiB
    136/975  039252_8_d113vbase2                      files      7 (kept 3, dropped 4) links     2  0.06 MiB
    137/975  039252_8_d113vfoot                       files      7 (kept 3, dropped 4) links     2  0.07 MiB
    138/975  039252_8_d113vnopaint                    files      7 (kept 3, dropped 4) links     2  0.12 MiB
    139/975  039252_9_d111voff                        files      7 (kept 3, dropped 4) links     2  0.02 MiB
    140/975  039252_9_d111vsr10                       files      7 (kept 3, dropped 4) links     2  0.06 MiB
    141/975  039252_9_d111vsr15                       files      7 (kept 3, dropped 4) links     2  0.06 MiB
    142/975  039252_9_d111vsr6                        files      7 (kept 3, dropped 4) links     2  0.02 MiB
    143/975  039252_9_d111vtr                         files      7 (kept 3, dropped 4) links     2  0.02 MiB
    144/975  039252_9_d113vbase2                      files      7 (kept 3, dropped 4) links     2  0.02 MiB
    145/975  039252_9_d113vfoot                       files      7 (kept 3, dropped 4) links     2  0.06 MiB
    146/975  039252_9_d113vnopaint                    files      7 (kept 3, dropped 4) links     2  0.08 MiB
    147/975  039253_0_d111voff                        files      7 (kept 3, dropped 4) links     2  0.03 MiB
    148/975  039253_0_d111vsr10                       files      7 (kept 3, dropped 4) links     2  0.03 MiB
    149/975  039253_0_d111vsr15                       files      7 (kept 3, dropped 4) links     2  0.03 MiB
    150/975  039253_0_d111vsr6                        files      7 (kept 3, dropped 4) links     2  0.03 MiB
    151/975  039253_0_d111vtr                         files      7 (kept 3, dropped 4) links     2  0.03 MiB
    152/975  039253_0_d113vbase2                      files      7 (kept 3, dropped 4) links     2  0.03 MiB
    153/975  039253_0_d113vfoot                       files      7 (kept 3, dropped 4) links     2  0.05 MiB
    154/975  039253_0_d113vnopaint                    files      7 (kept 3, dropped 4) links     2  0.05 MiB
    155/975  039253_10_d111voff                       files      7 (kept 3, dropped 4) links     2  0.02 MiB
    156/975  039253_10_d111vsr10                      files      7 (kept 3, dropped 4) links     2  0.02 MiB
    157/975  039253_10_d111vsr15                      files      7 (kept 3, dropped 4) links     2  0.02 MiB
    158/975  039253_10_d111vsr6                       files      7 (kept 3, dropped 4) links     2  0.03 MiB
    159/975  039253_10_d111vtr                        files      7 (kept 3, dropped 4) links     2  0.02 MiB
    160/975  039253_10_d113vbase2                     files      7 (kept 3, dropped 4) links     2  0.02 MiB
    161/975  039253_10_d113vfoot                      files      7 (kept 3, dropped 4) links     2  0.04 MiB
    162/975  039253_10_d113vnopaint                   files      7 (kept 3, dropped 4) links     2  0.07 MiB
    163/975  039253_11_d111voff                       files      7 (kept 3, dropped 4) links     2  0.03 MiB
    164/975  039253_11_d111vsr10                      files      7 (kept 3, dropped 4) links     2  0.03 MiB
    165/975  039253_11_d111vsr15                      files      7 (kept 3, dropped 4) links     2  0.03 MiB
    166/975  039253_11_d111vsr6                       files      7 (kept 3, dropped 4) links     2  0.03 MiB
    167/975  039253_11_d111vtr                        files      7 (kept 3, dropped 4) links     2  0.03 MiB
    168/975  039253_11_d113vbase2                     files      7 (kept 3, dropped 4) links     2  0.03 MiB
    169/975  039253_11_d113vfoot                      files      7 (kept 3, dropped 4) links     2  0.25 MiB
    170/975  039253_11_d113vnopaint                   files      7 (kept 3, dropped 4) links     2  0.06 MiB
    171/975  039253_12_d111voff                       files      7 (kept 3, dropped 4) links     2  0.02 MiB
    172/975  039253_12_d111vsr10                      files      7 (kept 3, dropped 4) links     2  0.03 MiB
    173/975  039253_12_d111vsr15                      files      7 (kept 3, dropped 4) links     2  0.03 MiB
    174/975  039253_12_d111vsr6                       files      7 (kept 3, dropped 4) links     2  0.03 MiB
    175/975  039253_12_d111vtr                        files      7 (kept 3, dropped 4) links     2  0.02 MiB
    176/975  039253_12_d113vbase2                     files      7 (kept 3, dropped 4) links     2  0.02 MiB
    177/975  039253_12_d113vfoot                      files      7 (kept 3, dropped 4) links     2  0.05 MiB
    178/975  039253_12_d113vnopaint                   files      7 (kept 3, dropped 4) links     2  0.06 MiB
    179/975  039253_13_d111voff                       files      7 (kept 3, dropped 4) links     2  0.06 MiB
    180/975  039253_13_d111vsr10                      files      7 (kept 3, dropped 4) links     2  0.05 MiB
    181/975  039253_13_d111vsr15                      files      7 (kept 3, dropped 4) links     2  0.05 MiB
    182/975  039253_13_d111vsr6                       files      7 (kept 3, dropped 4) links     2  0.07 MiB
    183/975  039253_13_d111vtr                        files      7 (kept 3, dropped 4) links     2  0.07 MiB
    184/975  039253_13_d113vbase2                     files      7 (kept 3, dropped 4) links     2  0.07 MiB
    185/975  039253_13_d113vfoot                      files      7 (kept 3, dropped 4) links     2  0.07 MiB
    186/975  039253_13_d113vnopaint                   files      7 (kept 3, dropped 4) links     2  0.09 MiB
    187/975  039253_14_d111voff                       files      7 (kept 3, dropped 4) links     2  0.12 MiB
    188/975  039253_14_d111vsr10                      files      7 (kept 3, dropped 4) links     2  0.11 MiB
    189/975  039253_14_d111vsr15                      files      7 (kept 3, dropped 4) links     2  0.09 MiB
    190/975  039253_14_d111vsr6                       files      7 (kept 3, dropped 4) links     2  0.11 MiB
    191/975  039253_14_d111vtr                        files      7 (kept 3, dropped 4) links     2  0.13 MiB
    192/975  039253_14_d113vbase2                     files      7 (kept 3, dropped 4) links     2  0.12 MiB
    193/975  039253_14_d113vfoot                      files      7 (kept 3, dropped 4) links     2  0.14 MiB
    194/975  039253_14_d113vnopaint                   files      7 (kept 3, dropped 4) links     2  0.12 MiB
    195/975  039253_15_d111voff                       files      7 (kept 3, dropped 4) links     2  0.02 MiB
    196/975  039253_15_d111vsr10                      files      7 (kept 3, dropped 4) links     2  0.03 MiB
    197/975  039253_15_d111vsr15                      files      7 (kept 3, dropped 4) links     2  0.02 MiB
    198/975  039253_15_d111vsr6                       files      7 (kept 3, dropped 4) links     2  0.02 MiB
    199/975  039253_15_d111vtr                        files      7 (kept 3, dropped 4) links     2  0.02 MiB
    200/975  039253_15_d113vbase2                     files      7 (kept 3, dropped 4) links     2  0.02 MiB
    201/975  039253_15_d113vfoot                      files      7 (kept 3, dropped 4) links     2  0.05 MiB
    202/975  039253_15_d113vnopaint                   files      7 (kept 3, dropped 4) links     2  0.05 MiB
    203/975  039253_16_d111voff                       files      7 (kept 3, dropped 4) links     2  0.02 MiB
    204/975  039253_16_d111vsr10                      files      7 (kept 3, dropped 4) links     2  0.02 MiB
    205/975  039253_16_d111vsr15                      files      7 (kept 3, dropped 4) links     2  0.02 MiB
    206/975  039253_16_d111vsr6                       files      7 (kept 3, dropped 4) links     2  0.02 MiB
    207/975  039253_16_d111vtr                        files      7 (kept 3, dropped 4) links     2  0.02 MiB
    208/975  039253_16_d113vbase2                     files      7 (kept 3, dropped 4) links     2  0.02 MiB
    209/975  039253_16_d113vfoot                      files      7 (kept 3, dropped 4) links     2  0.04 MiB
    210/975  039253_16_d113vnopaint                   files      7 (kept 3, dropped 4) links     2  0.04 MiB
    211/975  039253_17_d111voff                       files      7 (kept 3, dropped 4) links     2  0.05 MiB
    212/975  039253_17_d111vsr10                      files      7 (kept 3, dropped 4) links     2  0.05 MiB
    213/975  039253_17_d111vsr15                      files      7 (kept 3, dropped 4) links     2  0.06 MiB
    214/975  039253_17_d111vsr6                       files      7 (kept 3, dropped 4) links     2  0.05 MiB
    215/975  039253_17_d111vtr                        files      7 (kept 3, dropped 4) links     2  0.05 MiB
    216/975  039253_17_d113vbase2                     files      7 (kept 3, dropped 4) links     2  0.05 MiB
    217/975  039253_17_d113vfoot                      files      7 (kept 3, dropped 4) links     2  0.08 MiB
    218/975  039253_17_d113vnopaint                   files      7 (kept 3, dropped 4) links     2  0.08 MiB
    219/975  039253_1_d111voff                        files      7 (kept 3, dropped 4) links     2  0.03 MiB
    220/975  039253_1_d111vsr10                       files      7 (kept 3, dropped 4) links     2  0.03 MiB
    221/975  039253_1_d111vsr15                       files      7 (kept 3, dropped 4) links     2  0.03 MiB
    222/975  039253_1_d111vsr6                        files      7 (kept 3, dropped 4) links     2  0.03 MiB
    223/975  039253_1_d111vtr                         files      7 (kept 3, dropped 4) links     2  0.03 MiB
    224/975  039253_1_d113vbase2                      files      7 (kept 3, dropped 4) links     2  0.03 MiB
    225/975  039253_1_d113vfoot                       files      7 (kept 3, dropped 4) links     2  0.06 MiB
    226/975  039253_1_d113vnopaint                    files      7 (kept 3, dropped 4) links     2  0.07 MiB
    227/975  039253_2_d111voff                        files      7 (kept 3, dropped 4) links     2  0.29 MiB
    228/975  039253_2_d111vsr10                       files      7 (kept 3, dropped 4) links     2  0.27 MiB
    229/975  039253_2_d111vsr15                       files      7 (kept 3, dropped 4) links     2  0.04 MiB
    230/975  039253_2_d111vsr6                        files      7 (kept 3, dropped 4) links     2  0.23 MiB
    231/975  039253_2_d111vtr                         files      7 (kept 3, dropped 4) links     2  0.29 MiB
    232/975  039253_2_d113vbase2                      files      7 (kept 3, dropped 4) links     2  0.30 MiB
    233/975  039253_2_d113vfoot                       files      7 (kept 3, dropped 4) links     2  0.32 MiB
    234/975  039253_2_d113vnopaint                    files      7 (kept 3, dropped 4) links     2  0.44 MiB
    235/975  039253_3_d111voff                        files      7 (kept 3, dropped 4) links     2  0.02 MiB
    236/975  039253_3_d111vsr10                       files      7 (kept 3, dropped 4) links     2  0.02 MiB
    237/975  039253_3_d111vsr15                       files      7 (kept 3, dropped 4) links     2  0.02 MiB
    238/975  039253_3_d111vsr6                        files      7 (kept 3, dropped 4) links     2  0.02 MiB
    239/975  039253_3_d111vtr                         files      7 (kept 3, dropped 4) links     2  0.02 MiB
    240/975  039253_3_d113vbase2                      files      7 (kept 3, dropped 4) links     2  0.02 MiB
    241/975  039253_3_d113vfoot                       files      7 (kept 3, dropped 4) links     2  0.03 MiB
    242/975  039253_3_d113vnopaint                    files      7 (kept 3, dropped 4) links     2  0.03 MiB
    243/975  039253_4_d111voff                        files      7 (kept 3, dropped 4) links     2  0.05 MiB
    244/975  039253_4_d111vsr10                       files      7 (kept 3, dropped 4) links     2  0.02 MiB
    245/975  039253_4_d111vsr15                       files      7 (kept 3, dropped 4) links     2  0.02 MiB
    246/975  039253_4_d111vsr6                        files      7 (kept 3, dropped 4) links     2  0.02 MiB
    247/975  039253_4_d111vtr                         files      7 (kept 3, dropped 4) links     2  0.05 MiB
    248/975  039253_4_d113vbase2                      files      7 (kept 3, dropped 4) links     2  0.05 MiB
    249/975  039253_4_d113vfoot                       files      7 (kept 3, dropped 4) links     2  0.05 MiB
    250/975  039253_4_d113vnopaint                    files      7 (kept 3, dropped 4) links     2  0.05 MiB
    251/975  039253_5_d111voff                        files      7 (kept 3, dropped 4) links     2  0.05 MiB
    252/975  039253_5_d111vsr10                       files      7 (kept 3, dropped 4) links     2  0.02 MiB
    253/975  039253_5_d111vsr15                       files      7 (kept 3, dropped 4) links     2  0.04 MiB
    254/975  039253_5_d111vsr6                        files      7 (kept 3, dropped 4) links     2  0.02 MiB
    255/975  039253_5_d111vtr                         files      7 (kept 3, dropped 4) links     2  0.05 MiB
    256/975  039253_5_d113vbase2                      files      7 (kept 3, dropped 4) links     2  0.05 MiB
    257/975  039253_5_d113vfoot                       files      7 (kept 3, dropped 4) links     2  0.06 MiB
    258/975  039253_5_d113vnopaint                    files      7 (kept 3, dropped 4) links     2  0.06 MiB
    259/975  039253_6_d111svoff5                      files      7 (kept 3, dropped 4) links     2  0.04 MiB
    260/975  039253_6_d111voff                        files      7 (kept 3, dropped 4) links     2  0.04 MiB
    261/975  039253_6_d111voff5                       files      7 (kept 3, dropped 4) links     2  0.04 MiB
    262/975  039253_6_d111vsr10                       files      7 (kept 3, dropped 4) links     2  0.05 MiB
    263/975  039253_6_d111vsr15                       files      7 (kept 3, dropped 4) links     2  0.06 MiB
    264/975  039253_6_d111vsr6                        files      7 (kept 3, dropped 4) links     2  0.05 MiB
    265/975  039253_6_d111vtr                         files      7 (kept 3, dropped 4) links     2  0.04 MiB
    266/975  039253_6_d113vbase2                      files      7 (kept 3, dropped 4) links     2  0.04 MiB
    267/975  039253_6_d113vfoot                       files      7 (kept 3, dropped 4) links     2  0.08 MiB
    268/975  039253_6_d113vnopaint                    files      7 (kept 3, dropped 4) links     2  0.10 MiB
    269/975  039253_7_d111voff                        files      7 (kept 3, dropped 4) links     2  0.02 MiB
    270/975  039253_7_d111vsr10                       files      7 (kept 3, dropped 4) links     2  0.02 MiB
    271/975  039253_7_d111vsr15                       files      7 (kept 3, dropped 4) links     2  0.02 MiB
    272/975  039253_7_d111vsr6                        files      7 (kept 3, dropped 4) links     2  0.02 MiB
    273/975  039253_7_d111vtr                         files      7 (kept 3, dropped 4) links     2  0.02 MiB
    274/975  039253_7_d113vbase2                      files      7 (kept 3, dropped 4) links     2  0.02 MiB
    275/975  039253_7_d113vfoot                       files      7 (kept 3, dropped 4) links     2  0.04 MiB
    276/975  039253_7_d113vnopaint                    files      7 (kept 3, dropped 4) links     2  0.05 MiB
    277/975  039253_8_d111voff                        files      7 (kept 3, dropped 4) links     2  0.06 MiB
    278/975  039253_8_d111vsr10                       files      7 (kept 3, dropped 4) links     2  0.08 MiB
    279/975  039253_8_d111vsr15                       files      7 (kept 3, dropped 4) links     2  0.05 MiB
    280/975  039253_8_d111vsr6                        files      7 (kept 3, dropped 4) links     2  0.07 MiB
    281/975  039253_8_d111vtr                         files      7 (kept 3, dropped 4) links     2  0.06 MiB
    282/975  039253_8_d113vbase2                      files      7 (kept 3, dropped 4) links     2  0.06 MiB
    283/975  039253_8_d113vfoot                       files      7 (kept 3, dropped 4) links     2  0.10 MiB
    284/975  039253_8_d113vnopaint                    files      7 (kept 3, dropped 4) links     2  0.08 MiB
    285/975  039253_9_d111voff                        files      7 (kept 3, dropped 4) links     2  0.03 MiB
    286/975  039253_9_d111vsr10                       files      7 (kept 3, dropped 4) links     2  0.03 MiB
    287/975  039253_9_d111vsr15                       files      7 (kept 3, dropped 4) links     2  0.03 MiB
    288/975  039253_9_d111vsr6                        files      7 (kept 3, dropped 4) links     2  0.03 MiB
    289/975  039253_9_d111vtr                         files      7 (kept 3, dropped 4) links     2  0.03 MiB
    290/975  039253_9_d113vbase2                      files      7 (kept 3, dropped 4) links     2  0.03 MiB
    291/975  039253_9_d113vfoot                       files      7 (kept 3, dropped 4) links     2  0.05 MiB
    292/975  039253_9_d113vnopaint                    files      7 (kept 3, dropped 4) links     2  0.06 MiB
    293/975  039349_0_d111voff                        files      7 (kept 3, dropped 4) links     2  0.10 MiB
    294/975  039349_0_d111vsr10                       files      7 (kept 3, dropped 4) links     2  0.11 MiB
    295/975  039349_0_d111vsr15                       files      7 (kept 3, dropped 4) links     2  0.11 MiB
    296/975  039349_0_d111vsr6                        files      7 (kept 3, dropped 4) links     2  0.12 MiB
    297/975  039349_0_d111vtr                         files      7 (kept 3, dropped 4) links     2  0.10 MiB
    298/975  039349_0_d113vbase2                      files      7 (kept 3, dropped 4) links     2  0.10 MiB
    299/975  039349_0_d113vfoot                       files      7 (kept 3, dropped 4) links     2  0.10 MiB
    300/975  039349_0_d113vnopaint                    files      7 (kept 3, dropped 4) links     2  0.07 MiB
    301/975  039349_10_d111voff                       files      7 (kept 3, dropped 4) links     2  0.02 MiB
    302/975  039349_10_d111vsr10                      files      7 (kept 3, dropped 4) links     2  0.02 MiB
    303/975  039349_10_d111vsr15                      files      7 (kept 3, dropped 4) links     2  0.02 MiB
    304/975  039349_10_d111vsr6                       files      7 (kept 3, dropped 4) links     2  0.02 MiB
    305/975  039349_10_d111vtr                        files      7 (kept 3, dropped 4) links     2  0.02 MiB
    306/975  039349_10_d113vbase2                     files      7 (kept 3, dropped 4) links     2  0.02 MiB
    307/975  039349_10_d113vfoot                      files      7 (kept 3, dropped 4) links     2  0.04 MiB
    308/975  039349_10_d113vnopaint                   files      7 (kept 3, dropped 4) links     2  0.04 MiB
    309/975  039349_11_d111voff                       files      7 (kept 3, dropped 4) links     2  0.02 MiB
    310/975  039349_11_d111vsr10                      files      7 (kept 3, dropped 4) links     2  0.02 MiB
    311/975  039349_11_d111vsr15                      files      7 (kept 3, dropped 4) links     2  0.02 MiB
    312/975  039349_11_d111vsr6                       files      7 (kept 3, dropped 4) links     2  0.02 MiB
    313/975  039349_11_d111vtr                        files      7 (kept 3, dropped 4) links     2  0.02 MiB
    314/975  039349_11_d113vbase2                     files      7 (kept 3, dropped 4) links     2  0.02 MiB
    315/975  039349_11_d113vfoot                      files      7 (kept 3, dropped 4) links     2  0.03 MiB
    316/975  039349_11_d113vnopaint                   files      7 (kept 3, dropped 4) links     2  0.03 MiB
    317/975  039349_12_d111voff                       files      7 (kept 3, dropped 4) links     2  0.03 MiB
    318/975  039349_12_d111vsr10                      files      7 (kept 3, dropped 4) links     2  0.03 MiB
    319/975  039349_12_d111vsr15                      files      7 (kept 3, dropped 4) links     2  0.03 MiB
    320/975  039349_12_d111vsr6                       files      7 (kept 3, dropped 4) links     2  0.03 MiB
    321/975  039349_12_d111vtr                        files      7 (kept 3, dropped 4) links     2  0.03 MiB
    322/975  039349_12_d113vbase2                     files      7 (kept 3, dropped 4) links     2  0.03 MiB
    323/975  039349_12_d113vfoot                      files      7 (kept 3, dropped 4) links     2  0.05 MiB
    324/975  039349_12_d113vnopaint                   files      7 (kept 3, dropped 4) links     2  0.05 MiB
    325/975  039349_13_d111voff                       files      7 (kept 3, dropped 4) links     2  0.02 MiB
    326/975  039349_13_d111vsr10                      files      7 (kept 3, dropped 4) links     2  0.02 MiB
    327/975  039349_13_d111vsr15                      files      7 (kept 3, dropped 4) links     2  0.02 MiB
    328/975  039349_13_d111vsr6                       files      7 (kept 3, dropped 4) links     2  0.01 MiB
    329/975  039349_13_d111vtr                        files      7 (kept 3, dropped 4) links     2  0.02 MiB
    330/975  039349_13_d113vbase2                     files      7 (kept 3, dropped 4) links     2  0.02 MiB
    331/975  039349_13_d113vfoot                      files      7 (kept 3, dropped 4) links     2  0.03 MiB
    332/975  039349_13_d113vnopaint                   files      7 (kept 3, dropped 4) links     2  0.03 MiB
    333/975  039349_14_d111voff                       files      7 (kept 3, dropped 4) links     2  0.02 MiB
    334/975  039349_14_d111vsr10                      files      7 (kept 3, dropped 4) links     2  0.02 MiB
    335/975  039349_14_d111vsr15                      files      7 (kept 3, dropped 4) links     2  0.02 MiB
    336/975  039349_14_d111vsr6                       files      7 (kept 3, dropped 4) links     2  0.01 MiB
    337/975  039349_14_d111vtr                        files      7 (kept 3, dropped 4) links     2  0.02 MiB
    338/975  039349_14_d113vbase2                     files      7 (kept 3, dropped 4) links     2  0.02 MiB
    339/975  039349_14_d113vfoot                      files      7 (kept 3, dropped 4) links     2  0.03 MiB
    340/975  039349_14_d113vnopaint                   files      7 (kept 3, dropped 4) links     2  0.03 MiB
    341/975  039349_15_d111voff                       files      7 (kept 3, dropped 4) links     2  0.02 MiB
    342/975  039349_15_d111vsr10                      files      7 (kept 3, dropped 4) links     2  0.01 MiB
    343/975  039349_15_d111vsr15                      files      7 (kept 3, dropped 4) links     2  0.02 MiB
    344/975  039349_15_d111vsr6                       files      7 (kept 3, dropped 4) links     2  0.01 MiB
    345/975  039349_15_d111vtr                        files      7 (kept 3, dropped 4) links     2  0.01 MiB
    346/975  039349_15_d113vbase2                     files      7 (kept 3, dropped 4) links     2  0.02 MiB
    347/975  039349_15_d113vfoot                      files      7 (kept 3, dropped 4) links     2  0.03 MiB
    348/975  039349_15_d113vnopaint                   files      7 (kept 3, dropped 4) links     2  0.03 MiB
    349/975  039349_16_d111voff                       files      7 (kept 3, dropped 4) links     2  0.16 MiB
    350/975  039349_16_d111vsr10                      files      7 (kept 3, dropped 4) links     2  0.02 MiB
    351/975  039349_16_d111vsr15                      files      6 (kept 3, dropped 3) links     2  0.01 MiB
    352/975  039349_16_d111vsr6                       files      7 (kept 3, dropped 4) links     2  0.09 MiB
    353/975  039349_16_d111vtr                        files      7 (kept 3, dropped 4) links     2  0.16 MiB
    354/975  039349_16_d113vbase2                     files      7 (kept 3, dropped 4) links     2  0.16 MiB
    355/975  039349_16_d113vfoot                      files      7 (kept 3, dropped 4) links     2  0.12 MiB
    356/975  039349_16_d113vnopaint                   files      7 (kept 3, dropped 4) links     2  0.15 MiB
    357/975  039349_17_d111voff                       files      7 (kept 3, dropped 4) links     2  0.01 MiB
    358/975  039349_17_d111vsr10                      files      7 (kept 3, dropped 4) links     2  0.01 MiB
    359/975  039349_17_d111vsr15                      files      7 (kept 3, dropped 4) links     2  0.02 MiB
    360/975  039349_17_d111vsr6                       files      7 (kept 3, dropped 4) links     2  0.02 MiB
    361/975  039349_17_d111vtr                        files      7 (kept 3, dropped 4) links     2  0.01 MiB
    362/975  039349_17_d113vbase2                     files      7 (kept 3, dropped 4) links     2  0.01 MiB
    363/975  039349_17_d113vfoot                      files      7 (kept 3, dropped 4) links     2  0.03 MiB
    364/975  039349_17_d113vnopaint                   files      7 (kept 3, dropped 4) links     2  0.03 MiB
    365/975  039349_18_d111svoff5                     files      7 (kept 3, dropped 4) links     2  0.05 MiB
    366/975  039349_18_d111voff                       files      7 (kept 3, dropped 4) links     2  0.05 MiB
    367/975  039349_18_d111voff5                      files      7 (kept 3, dropped 4) links     2  0.05 MiB
    368/975  039349_18_d111vsr10                      files      7 (kept 3, dropped 4) links     2  0.05 MiB
    369/975  039349_18_d111vsr15                      files      7 (kept 3, dropped 4) links     2  0.03 MiB
    370/975  039349_18_d111vsr6                       files      7 (kept 3, dropped 4) links     2  0.05 MiB
    371/975  039349_18_d111vtr                        files      7 (kept 3, dropped 4) links     2  0.05 MiB
    372/975  039349_18_d113vbase2                     files      7 (kept 3, dropped 4) links     2  0.05 MiB
    373/975  039349_18_d113vfoot                      files      7 (kept 3, dropped 4) links     2  0.05 MiB
    374/975  039349_18_d113vnopaint                   files      7 (kept 3, dropped 4) links     2  0.06 MiB
    375/975  039349_19_d111voff                       files      7 (kept 3, dropped 4) links     2  0.02 MiB
    376/975  039349_19_d111vsr10                      files      7 (kept 3, dropped 4) links     2  0.02 MiB
    377/975  039349_19_d111vsr15                      files      7 (kept 3, dropped 4) links     2  0.01 MiB
    378/975  039349_19_d111vsr6                       files      7 (kept 3, dropped 4) links     2  0.02 MiB
    379/975  039349_19_d111vtr                        files      7 (kept 3, dropped 4) links     2  0.02 MiB
    380/975  039349_19_d113vbase2                     files      7 (kept 3, dropped 4) links     2  0.02 MiB
    381/975  039349_19_d113vfoot                      files      7 (kept 3, dropped 4) links     2  0.03 MiB
    382/975  039349_19_d113vnopaint                   files      7 (kept 3, dropped 4) links     2  0.03 MiB
    383/975  039349_1_d111voff                        files      7 (kept 3, dropped 4) links     2  0.01 MiB
    384/975  039349_1_d111vsr10                       files      7 (kept 3, dropped 4) links     2  0.01 MiB
    385/975  039349_1_d111vsr15                       files      7 (kept 3, dropped 4) links     2  0.01 MiB
    386/975  039349_1_d111vsr6                        files      7 (kept 3, dropped 4) links     2  0.01 MiB
    387/975  039349_1_d111vtr                         files      7 (kept 3, dropped 4) links     2  0.01 MiB
    388/975  039349_1_d113vbase2                      files      7 (kept 3, dropped 4) links     2  0.01 MiB
    389/975  039349_1_d113vfoot                       files      7 (kept 3, dropped 4) links     2  0.02 MiB
    390/975  039349_1_d113vnopaint                    files      7 (kept 3, dropped 4) links     2  0.02 MiB
    391/975  039349_20_d111svoff5                     files      7 (kept 3, dropped 4) links     2  0.02 MiB
    392/975  039349_20_d111vA0                        files      7 (kept 3, dropped 4) links     2  0.04 MiB
    393/975  039349_20_d111vA1                        files      7 (kept 3, dropped 4) links     2  0.02 MiB
    394/975  039349_20_d111vK                         files      7 (kept 3, dropped 4) links     2  0.04 MiB
    395/975  039349_20_d111vS                         files      7 (kept 3, dropped 4) links     2  0.03 MiB
    396/975  039349_20_d111voff                       files      7 (kept 3, dropped 4) links     2  0.02 MiB
    397/975  039349_20_d111voff5                      files      7 (kept 3, dropped 4) links     2  0.02 MiB
    398/975  039349_20_d111vsr10                      files      7 (kept 3, dropped 4) links     2  0.02 MiB
    399/975  039349_20_d111vsr15                      files      7 (kept 3, dropped 4) links     2  0.03 MiB
    400/975  039349_20_d111vsr6                       files      7 (kept 3, dropped 4) links     2  0.02 MiB
    401/975  039349_20_d111vtr                        files      7 (kept 3, dropped 4) links     2  0.02 MiB
    402/975  039349_20_d113vbase2                     files      7 (kept 3, dropped 4) links     2  0.02 MiB
    403/975  039349_20_d113vfoot                      files      7 (kept 3, dropped 4) links     2  0.03 MiB
    404/975  039349_20_d113vnopaint                   files      7 (kept 3, dropped 4) links     2  0.04 MiB
    405/975  039349_20_d113vstep1                     files      7 (kept 3, dropped 4) links     2  0.03 MiB
    406/975  039349_21_d111voff                       files      7 (kept 3, dropped 4) links     2  0.02 MiB
    407/975  039349_21_d111vsr10                      files      7 (kept 3, dropped 4) links     2  0.14 MiB
    408/975  039349_21_d111vsr15                      files      7 (kept 3, dropped 4) links     2  0.03 MiB
    409/975  039349_21_d111vsr6                       files      7 (kept 3, dropped 4) links     2  0.04 MiB
    410/975  039349_21_d111vtr                        files      7 (kept 3, dropped 4) links     2  0.02 MiB
    411/975  039349_21_d113vbase2                     files      7 (kept 3, dropped 4) links     2  0.02 MiB
    412/975  039349_21_d113vfoot                      files      7 (kept 3, dropped 4) links     2  0.05 MiB
    413/975  039349_21_d113vnopaint                   files      7 (kept 3, dropped 4) links     2  0.04 MiB
    414/975  039349_22_d111voff                       files      7 (kept 3, dropped 4) links     2  0.03 MiB
    415/975  039349_22_d111vsr10                      files      7 (kept 3, dropped 4) links     2  0.03 MiB
    416/975  039349_22_d111vsr15                      files      7 (kept 3, dropped 4) links     2  0.03 MiB
    417/975  039349_22_d111vsr6                       files      7 (kept 3, dropped 4) links     2  0.03 MiB
    418/975  039349_22_d111vtr                        files      7 (kept 3, dropped 4) links     2  0.03 MiB
    419/975  039349_22_d113vbase2                     files      7 (kept 3, dropped 4) links     2  0.03 MiB
    420/975  039349_22_d113vfoot                      files      7 (kept 3, dropped 4) links     2  0.04 MiB
    421/975  039349_22_d113vnopaint                   files      7 (kept 3, dropped 4) links     2  0.05 MiB
    422/975  039349_23_d111voff                       files      7 (kept 3, dropped 4) links     2  0.03 MiB
    423/975  039349_23_d111vsr10                      files      7 (kept 3, dropped 4) links     2  0.04 MiB
    424/975  039349_23_d111vsr15                      files      7 (kept 3, dropped 4) links     2  0.05 MiB
    425/975  039349_23_d111vsr6                       files      7 (kept 3, dropped 4) links     2  0.03 MiB
    426/975  039349_23_d111vtr                        files      7 (kept 3, dropped 4) links     2  0.03 MiB
    427/975  039349_23_d113vbase2                     files      7 (kept 3, dropped 4) links     2  0.03 MiB
    428/975  039349_23_d113vfoot                      files      7 (kept 3, dropped 4) links     2  0.05 MiB
    429/975  039349_23_d113vnopaint                   files      7 (kept 3, dropped 4) links     2  0.04 MiB
    430/975  039349_24_d111voff                       files      7 (kept 3, dropped 4) links     2  0.02 MiB
    431/975  039349_24_d111vsr10                      files      7 (kept 3, dropped 4) links     2  0.02 MiB
    432/975  039349_24_d111vsr15                      files      7 (kept 3, dropped 4) links     2  0.02 MiB
    433/975  039349_24_d111vsr6                       files      7 (kept 3, dropped 4) links     2  0.02 MiB
    434/975  039349_24_d111vtr                        files      7 (kept 3, dropped 4) links     2  0.02 MiB
    435/975  039349_24_d113vbase2                     files      7 (kept 3, dropped 4) links     2  0.02 MiB
    436/975  039349_24_d113vfoot                      files      7 (kept 3, dropped 4) links     2  0.03 MiB
    437/975  039349_24_d113vnopaint                   files      7 (kept 3, dropped 4) links     2  0.03 MiB
    438/975  039349_25_d111voff                       files      7 (kept 3, dropped 4) links     2  0.04 MiB
    439/975  039349_25_d111vsr10                      files      7 (kept 3, dropped 4) links     2  0.04 MiB
    440/975  039349_25_d111vsr15                      files      7 (kept 3, dropped 4) links     2  0.04 MiB
    441/975  039349_25_d111vsr6                       files      7 (kept 3, dropped 4) links     2  0.03 MiB
    442/975  039349_25_d111vtr                        files      7 (kept 3, dropped 4) links     2  0.04 MiB
    443/975  039349_25_d113vbase2                     files      7 (kept 3, dropped 4) links     2  0.04 MiB
    444/975  039349_25_d113vfoot                      files      7 (kept 3, dropped 4) links     2  0.05 MiB
    445/975  039349_25_d113vnopaint                   files      7 (kept 3, dropped 4) links     2  0.05 MiB
    446/975  039349_26_d111voff                       files      7 (kept 3, dropped 4) links     2  0.04 MiB
    447/975  039349_26_d111vsr10                      files      7 (kept 3, dropped 4) links     2  0.07 MiB
    448/975  039349_26_d111vsr15                      files      7 (kept 3, dropped 4) links     2  0.05 MiB
    449/975  039349_26_d111vsr6                       files      7 (kept 3, dropped 4) links     2  0.04 MiB
    450/975  039349_26_d111vtr                        files      7 (kept 3, dropped 4) links     2  0.04 MiB
    451/975  039349_26_d113vbase2                     files      7 (kept 3, dropped 4) links     2  0.04 MiB
    452/975  039349_26_d113vfoot                      files      7 (kept 3, dropped 4) links     2  0.08 MiB
    453/975  039349_26_d113vnopaint                   files      7 (kept 3, dropped 4) links     2  0.09 MiB
    454/975  039349_27_d111voff                       files      7 (kept 3, dropped 4) links     2  0.02 MiB
    455/975  039349_27_d111vsr10                      files      7 (kept 3, dropped 4) links     2  0.02 MiB
    456/975  039349_27_d111vsr15                      files      7 (kept 3, dropped 4) links     2  0.03 MiB
    457/975  039349_27_d111vsr6                       files      7 (kept 3, dropped 4) links     2  0.02 MiB
    458/975  039349_27_d111vtr                        files      7 (kept 3, dropped 4) links     2  0.02 MiB
    459/975  039349_27_d113vbase2                     files      7 (kept 3, dropped 4) links     2  0.02 MiB
    460/975  039349_27_d113vfoot                      files      7 (kept 3, dropped 4) links     2  0.03 MiB
    461/975  039349_27_d113vnopaint                   files      7 (kept 3, dropped 4) links     2  0.03 MiB
    462/975  039349_28_d111voff                       files      7 (kept 3, dropped 4) links     2  0.10 MiB
    463/975  039349_28_d111vsr10                      files      7 (kept 3, dropped 4) links     2  0.02 MiB
    464/975  039349_28_d111vsr15                      files      7 (kept 3, dropped 4) links     2  0.02 MiB
    465/975  039349_28_d111vsr6                       files      7 (kept 3, dropped 4) links     2  0.07 MiB
    466/975  039349_28_d111vtr                        files      7 (kept 3, dropped 4) links     2  0.10 MiB
    467/975  039349_28_d113vbase2                     files      7 (kept 3, dropped 4) links     2  0.10 MiB
    468/975  039349_28_d113vfoot                      files      7 (kept 3, dropped 4) links     2  0.09 MiB
    469/975  039349_28_d113vnopaint                   files      7 (kept 3, dropped 4) links     2  0.09 MiB
    470/975  039349_29_d111voff                       files      7 (kept 3, dropped 4) links     2  0.02 MiB
    471/975  039349_29_d111vsr10                      files      7 (kept 3, dropped 4) links     2  0.03 MiB
    472/975  039349_29_d111vsr15                      files      7 (kept 3, dropped 4) links     2  0.02 MiB
    473/975  039349_29_d111vsr6                       files      7 (kept 3, dropped 4) links     2  0.03 MiB
    474/975  039349_29_d111vtr                        files      7 (kept 3, dropped 4) links     2  0.02 MiB
    475/975  039349_29_d113vbase2                     files      7 (kept 3, dropped 4) links     2  0.02 MiB
    476/975  039349_29_d113vfoot                      files      7 (kept 3, dropped 4) links     2  0.03 MiB
    477/975  039349_29_d113vnopaint                   files      7 (kept 3, dropped 4) links     2  0.03 MiB
    478/975  039349_2_d111svoff5                      files      7 (kept 3, dropped 4) links     2  0.06 MiB
    479/975  039349_2_d111voff                        files      7 (kept 3, dropped 4) links     2  0.06 MiB
    480/975  039349_2_d111voff5                       files      7 (kept 3, dropped 4) links     2  0.06 MiB
    481/975  039349_2_d111vsr10                       files      7 (kept 3, dropped 4) links     2  0.02 MiB
    482/975  039349_2_d111vsr15                       files      7 (kept 3, dropped 4) links     2  0.02 MiB
    483/975  039349_2_d111vsr6                        files      7 (kept 3, dropped 4) links     2  0.06 MiB
    484/975  039349_2_d111vtr                         files      7 (kept 3, dropped 4) links     2  0.06 MiB
    485/975  039349_2_d113vbase2                      files      7 (kept 3, dropped 4) links     2  0.06 MiB
    486/975  039349_2_d113vfoot                       files      7 (kept 3, dropped 4) links     2  0.03 MiB
    487/975  039349_2_d113vnopaint                    files      7 (kept 3, dropped 4) links     2  0.03 MiB
    488/975  039349_30_d111voff                       files      7 (kept 3, dropped 4) links     2  0.02 MiB
    489/975  039349_30_d111vsr10                      files      7 (kept 3, dropped 4) links     2  0.02 MiB
    490/975  039349_30_d111vsr15                      files      7 (kept 3, dropped 4) links     2  0.02 MiB
    491/975  039349_30_d111vsr6                       files      7 (kept 3, dropped 4) links     2  0.04 MiB
    492/975  039349_30_d111vtr                        files      7 (kept 3, dropped 4) links     2  0.02 MiB
    493/975  039349_30_d113vbase2                     files      7 (kept 3, dropped 4) links     2  0.02 MiB
    494/975  039349_30_d113vfoot                      files      7 (kept 3, dropped 4) links     2  0.04 MiB
    495/975  039349_30_d113vnopaint                   files      7 (kept 3, dropped 4) links     2  0.04 MiB
    496/975  039349_31_d111voff                       files      7 (kept 3, dropped 4) links     2  0.02 MiB
    497/975  039349_31_d111vsr10                      files      7 (kept 3, dropped 4) links     2  0.02 MiB
    498/975  039349_31_d111vsr15                      files      7 (kept 3, dropped 4) links     2  0.02 MiB
    499/975  039349_31_d111vsr6                       files      7 (kept 3, dropped 4) links     2  0.02 MiB
    500/975  039349_31_d111vtr                        files      7 (kept 3, dropped 4) links     2  0.02 MiB
    501/975  039349_31_d113vbase2                     files      7 (kept 3, dropped 4) links     2  0.02 MiB
    502/975  039349_31_d113vfoot                      files      7 (kept 3, dropped 4) links     2  0.03 MiB
    503/975  039349_31_d113vnopaint                   files      7 (kept 3, dropped 4) links     2  0.04 MiB
    504/975  039349_32_d111voff                       files      7 (kept 3, dropped 4) links     2  0.02 MiB
    505/975  039349_32_d111vsr10                      files      7 (kept 3, dropped 4) links     2  0.02 MiB
    506/975  039349_32_d111vsr15                      files      7 (kept 3, dropped 4) links     2  0.02 MiB
    507/975  039349_32_d111vsr6                       files      7 (kept 3, dropped 4) links     2  0.02 MiB
    508/975  039349_32_d111vtr                        files      7 (kept 3, dropped 4) links     2  0.02 MiB
    509/975  039349_32_d113vbase2                     files      7 (kept 3, dropped 4) links     2  0.02 MiB
    510/975  039349_32_d113vfoot                      files      7 (kept 3, dropped 4) links     2  0.04 MiB
    511/975  039349_32_d113vnopaint                   files      7 (kept 3, dropped 4) links     2  0.03 MiB
    512/975  039349_33_d111voff                       files      7 (kept 3, dropped 4) links     2  0.04 MiB
    513/975  039349_33_d111vsr10                      files      7 (kept 3, dropped 4) links     2  0.04 MiB
    514/975  039349_33_d111vsr15                      files      7 (kept 3, dropped 4) links     2  0.03 MiB
    515/975  039349_33_d111vsr6                       files      7 (kept 3, dropped 4) links     2  0.04 MiB
    516/975  039349_33_d111vtr                        files      7 (kept 3, dropped 4) links     2  0.04 MiB
    517/975  039349_33_d113vbase2                     files      7 (kept 3, dropped 4) links     2  0.04 MiB
    518/975  039349_33_d113vfoot                      files      7 (kept 3, dropped 4) links     2  0.10 MiB
    519/975  039349_33_d113vnopaint                   files      7 (kept 3, dropped 4) links     2  0.05 MiB
    520/975  039349_34_d111voff                       files      7 (kept 3, dropped 4) links     2  0.02 MiB
    521/975  039349_34_d111vsr10                      files      7 (kept 3, dropped 4) links     2  0.02 MiB
    522/975  039349_34_d111vsr15                      files      7 (kept 3, dropped 4) links     2  0.02 MiB
    523/975  039349_34_d111vsr6                       files      7 (kept 3, dropped 4) links     2  0.02 MiB
    524/975  039349_34_d111vtr                        files      7 (kept 3, dropped 4) links     2  0.02 MiB
    525/975  039349_34_d113vbase2                     files      7 (kept 3, dropped 4) links     2  0.02 MiB
    526/975  039349_34_d113vfoot                      files      7 (kept 3, dropped 4) links     2  0.03 MiB
    527/975  039349_34_d113vnopaint                   files      7 (kept 3, dropped 4) links     2  0.03 MiB
    528/975  039349_35_d111voff                       files      7 (kept 3, dropped 4) links     2  0.02 MiB
    529/975  039349_35_d111vsr10                      files      7 (kept 3, dropped 4) links     2  0.02 MiB
    530/975  039349_35_d111vsr15                      files      7 (kept 3, dropped 4) links     2  0.02 MiB
    531/975  039349_35_d111vsr6                       files      7 (kept 3, dropped 4) links     2  0.02 MiB
    532/975  039349_35_d111vtr                        files      7 (kept 3, dropped 4) links     2  0.02 MiB
    533/975  039349_35_d113vbase2                     files      7 (kept 3, dropped 4) links     2  0.02 MiB
    534/975  039349_35_d113vfoot                      files      7 (kept 3, dropped 4) links     2  0.03 MiB
    535/975  039349_35_d113vnopaint                   files      7 (kept 3, dropped 4) links     2  0.03 MiB
    536/975  039349_36_d111voff                       files      7 (kept 3, dropped 4) links     2  0.02 MiB
    537/975  039349_36_d111vsr10                      files      7 (kept 3, dropped 4) links     2  0.02 MiB
    538/975  039349_36_d111vsr15                      files      7 (kept 3, dropped 4) links     2  0.02 MiB
    539/975  039349_36_d111vsr6                       files      7 (kept 3, dropped 4) links     2  0.02 MiB
    540/975  039349_36_d111vtr                        files      7 (kept 3, dropped 4) links     2  0.02 MiB
    541/975  039349_36_d113vbase2                     files      7 (kept 3, dropped 4) links     2  0.02 MiB
    542/975  039349_36_d113vfoot                      files      7 (kept 3, dropped 4) links     2  0.03 MiB
    543/975  039349_36_d113vnopaint                   files      7 (kept 3, dropped 4) links     2  0.04 MiB
    544/975  039349_37_d111voff                       files      7 (kept 3, dropped 4) links     2  0.05 MiB
    545/975  039349_37_d111vsr10                      files      7 (kept 3, dropped 4) links     2  0.08 MiB
    546/975  039349_37_d111vsr15                      files      7 (kept 3, dropped 4) links     2  0.10 MiB
    547/975  039349_37_d111vsr6                       files      7 (kept 3, dropped 4) links     2  0.06 MiB
    548/975  039349_37_d111vtr                        files      7 (kept 3, dropped 4) links     2  0.05 MiB
    549/975  039349_37_d113vbase2                     files      7 (kept 3, dropped 4) links     2  0.05 MiB
    550/975  039349_37_d113vfoot                      files      7 (kept 3, dropped 4) links     2  0.07 MiB
    551/975  039349_37_d113vnopaint                   files      7 (kept 3, dropped 4) links     2  0.08 MiB
    552/975  039349_38_d111voff                       files      7 (kept 3, dropped 4) links     2  0.05 MiB
    553/975  039349_38_d111vsr10                      files      7 (kept 3, dropped 4) links     2  0.03 MiB
    554/975  039349_38_d111vsr15                      files      7 (kept 3, dropped 4) links     2  0.04 MiB
    555/975  039349_38_d111vsr6                       files      7 (kept 3, dropped 4) links     2  0.03 MiB
    556/975  039349_38_d111vtr                        files      7 (kept 3, dropped 4) links     2  0.05 MiB
    557/975  039349_38_d113vbase2                     files      7 (kept 3, dropped 4) links     2  0.05 MiB
    558/975  039349_38_d113vfoot                      files      7 (kept 3, dropped 4) links     2  0.04 MiB
    559/975  039349_38_d113vnopaint                   files      7 (kept 3, dropped 4) links     2  0.04 MiB
    560/975  039349_39_d111voff                       files      7 (kept 3, dropped 4) links     2  0.02 MiB
    561/975  039349_39_d111vsr10                      files      7 (kept 3, dropped 4) links     2  0.02 MiB
    562/975  039349_39_d111vsr15                      files      7 (kept 3, dropped 4) links     2  0.01 MiB
    563/975  039349_39_d111vsr6                       files      7 (kept 3, dropped 4) links     2  0.01 MiB
    564/975  039349_39_d111vtr                        files      7 (kept 3, dropped 4) links     2  0.02 MiB
    565/975  039349_39_d113vbase2                     files      7 (kept 3, dropped 4) links     2  0.02 MiB
    566/975  039349_39_d113vfoot                      files      7 (kept 3, dropped 4) links     2  0.03 MiB
    567/975  039349_39_d113vnopaint                   files      7 (kept 3, dropped 4) links     2  0.02 MiB
    568/975  039349_3_d111voff                        files      7 (kept 3, dropped 4) links     2  0.02 MiB
    569/975  039349_3_d111vsr10                       files      7 (kept 3, dropped 4) links     2  0.02 MiB
    570/975  039349_3_d111vsr15                       files      7 (kept 3, dropped 4) links     2  0.02 MiB
    571/975  039349_3_d111vsr6                        files      7 (kept 3, dropped 4) links     2  0.02 MiB
    572/975  039349_3_d111vtr                         files      7 (kept 3, dropped 4) links     2  0.02 MiB
    573/975  039349_3_d113vbase2                      files      7 (kept 3, dropped 4) links     2  0.02 MiB
    574/975  039349_3_d113vfoot                       files      7 (kept 3, dropped 4) links     2  0.03 MiB
    575/975  039349_3_d113vnopaint                    files      7 (kept 3, dropped 4) links     2  0.03 MiB
    576/975  039349_40_d111voff                       files      7 (kept 3, dropped 4) links     2  0.02 MiB
    577/975  039349_40_d111vsr10                      files      7 (kept 3, dropped 4) links     2  0.02 MiB
    578/975  039349_40_d111vsr15                      files      7 (kept 3, dropped 4) links     2  0.02 MiB
    579/975  039349_40_d111vsr6                       files      7 (kept 3, dropped 4) links     2  0.01 MiB
    580/975  039349_40_d111vtr                        files      7 (kept 3, dropped 4) links     2  0.02 MiB
    581/975  039349_40_d113vbase2                     files      7 (kept 3, dropped 4) links     2  0.02 MiB
    582/975  039349_40_d113vfoot                      files      7 (kept 3, dropped 4) links     2  0.03 MiB
    583/975  039349_40_d113vnopaint                   files      7 (kept 3, dropped 4) links     2  0.03 MiB
    584/975  039349_41_d111voff                       files      7 (kept 3, dropped 4) links     2  0.02 MiB
    585/975  039349_41_d111vsr10                      files      7 (kept 3, dropped 4) links     2  0.01 MiB
    586/975  039349_41_d111vsr15                      files      7 (kept 3, dropped 4) links     2  0.02 MiB
    587/975  039349_41_d111vsr6                       files      7 (kept 3, dropped 4) links     2  0.03 MiB
    588/975  039349_41_d111vtr                        files      7 (kept 3, dropped 4) links     2  0.02 MiB
    589/975  039349_41_d113vbase2                     files      7 (kept 3, dropped 4) links     2  0.02 MiB
    590/975  039349_41_d113vfoot                      files      7 (kept 3, dropped 4) links     2  0.03 MiB
    591/975  039349_41_d113vnopaint                   files      7 (kept 3, dropped 4) links     2  0.05 MiB
    592/975  039349_42_d111voff                       files      7 (kept 3, dropped 4) links     2  0.04 MiB
    593/975  039349_42_d111vsr10                      files      7 (kept 3, dropped 4) links     2  0.03 MiB
    594/975  039349_42_d111vsr15                      files      7 (kept 3, dropped 4) links     2  0.03 MiB
    595/975  039349_42_d111vsr6                       files      7 (kept 3, dropped 4) links     2  0.03 MiB
    596/975  039349_42_d111vtr                        files      7 (kept 3, dropped 4) links     2  0.04 MiB
    597/975  039349_42_d113vbase2                     files      7 (kept 3, dropped 4) links     2  0.04 MiB
    598/975  039349_42_d113vfoot                      files      7 (kept 3, dropped 4) links     2  0.04 MiB
    599/975  039349_42_d113vnopaint                   files      7 (kept 3, dropped 4) links     2  0.04 MiB
    600/975  039349_43_d111voff                       files      7 (kept 3, dropped 4) links     2  0.02 MiB
    601/975  039349_43_d111vsr10                      files      7 (kept 3, dropped 4) links     2  0.02 MiB
    602/975  039349_43_d111vsr15                      files      7 (kept 3, dropped 4) links     2  0.01 MiB
    603/975  039349_43_d111vsr6                       files      7 (kept 3, dropped 4) links     2  0.02 MiB
    604/975  039349_43_d111vtr                        files      7 (kept 3, dropped 4) links     2  0.02 MiB
    605/975  039349_43_d113vbase2                     files      7 (kept 3, dropped 4) links     2  0.02 MiB
    606/975  039349_43_d113vfoot                      files      7 (kept 3, dropped 4) links     2  0.03 MiB
    607/975  039349_43_d113vnopaint                   files      7 (kept 3, dropped 4) links     2  0.03 MiB
    608/975  039349_44_d111voff                       files      7 (kept 3, dropped 4) links     2  0.04 MiB
    609/975  039349_44_d111vsr10                      files      7 (kept 3, dropped 4) links     2  0.03 MiB
    610/975  039349_44_d111vsr15                      files      7 (kept 3, dropped 4) links     2  0.04 MiB
    611/975  039349_44_d111vsr6                       files      7 (kept 3, dropped 4) links     2  0.02 MiB
    612/975  039349_44_d111vtr                        files      7 (kept 3, dropped 4) links     2  0.04 MiB
    613/975  039349_44_d113vbase2                     files      7 (kept 3, dropped 4) links     2  0.04 MiB
    614/975  039349_44_d113vfoot                      files      7 (kept 3, dropped 4) links     2  0.08 MiB
    615/975  039349_44_d113vnopaint                   files      7 (kept 3, dropped 4) links     2  0.09 MiB
    616/975  039349_45_d111voff                       files      7 (kept 3, dropped 4) links     2  0.04 MiB
    617/975  039349_45_d111vsr10                      files      7 (kept 3, dropped 4) links     2  0.04 MiB
    618/975  039349_45_d111vsr15                      files      7 (kept 3, dropped 4) links     2  0.03 MiB
    619/975  039349_45_d111vsr6                       files      7 (kept 3, dropped 4) links     2  0.03 MiB
    620/975  039349_45_d111vtr                        files      7 (kept 3, dropped 4) links     2  0.04 MiB
    621/975  039349_45_d113vbase2                     files      7 (kept 3, dropped 4) links     2  0.04 MiB
    622/975  039349_45_d113vfoot                      files      7 (kept 3, dropped 4) links     2  0.04 MiB
    623/975  039349_45_d113vnopaint                   files      7 (kept 3, dropped 4) links     2  0.04 MiB
    624/975  039349_46_d111voff                       files      7 (kept 3, dropped 4) links     2  0.02 MiB
    625/975  039349_46_d111vsr10                      files      7 (kept 3, dropped 4) links     2  0.01 MiB
    626/975  039349_46_d111vsr15                      files      7 (kept 3, dropped 4) links     2  0.02 MiB
    627/975  039349_46_d111vsr6                       files      7 (kept 3, dropped 4) links     2  0.02 MiB
    628/975  039349_46_d111vtr                        files      7 (kept 3, dropped 4) links     2  0.02 MiB
    629/975  039349_46_d113vbase2                     files      7 (kept 3, dropped 4) links     2  0.02 MiB
    630/975  039349_46_d113vfoot                      files      7 (kept 3, dropped 4) links     2  0.03 MiB
    631/975  039349_46_d113vnopaint                   files      7 (kept 3, dropped 4) links     2  0.03 MiB
    632/975  039349_47_d111voff                       files      7 (kept 3, dropped 4) links     2  0.02 MiB
    633/975  039349_47_d111vsr10                      files      7 (kept 3, dropped 4) links     2  0.03 MiB
    634/975  039349_47_d111vsr15                      files      7 (kept 3, dropped 4) links     2  0.03 MiB
    635/975  039349_47_d111vsr6                       files      7 (kept 3, dropped 4) links     2  0.03 MiB
    636/975  039349_47_d111vtr                        files      7 (kept 3, dropped 4) links     2  0.02 MiB
    637/975  039349_47_d113vbase2                     files      7 (kept 3, dropped 4) links     2  0.02 MiB
    638/975  039349_47_d113vfoot                      files      7 (kept 3, dropped 4) links     2  0.04 MiB
    639/975  039349_47_d113vnopaint                   files      7 (kept 3, dropped 4) links     2  0.04 MiB
    640/975  039349_48_d111voff                       files      7 (kept 3, dropped 4) links     2  0.04 MiB
    641/975  039349_48_d111vsr10                      files      7 (kept 3, dropped 4) links     2  0.04 MiB
    642/975  039349_48_d111vsr15                      files      7 (kept 3, dropped 4) links     2  0.08 MiB
    643/975  039349_48_d111vsr6                       files      7 (kept 3, dropped 4) links     2  0.07 MiB
    644/975  039349_48_d111vtr                        files      7 (kept 3, dropped 4) links     2  0.04 MiB
    645/975  039349_48_d113vbase2                     files      7 (kept 3, dropped 4) links     2  0.04 MiB
    646/975  039349_48_d113vfoot                      files      7 (kept 3, dropped 4) links     2  0.08 MiB
    647/975  039349_48_d113vnopaint                   files      7 (kept 3, dropped 4) links     2  0.06 MiB
    648/975  039349_49_d111voff                       files      7 (kept 3, dropped 4) links     2  0.02 MiB
    649/975  039349_49_d111vsr10                      files      7 (kept 3, dropped 4) links     2  0.01 MiB
    650/975  039349_49_d111vsr15                      files      7 (kept 3, dropped 4) links     2  0.01 MiB
    651/975  039349_49_d111vsr6                       files      7 (kept 3, dropped 4) links     2  0.02 MiB
    652/975  039349_49_d111vtr                        files      7 (kept 3, dropped 4) links     2  0.02 MiB
    653/975  039349_49_d113vbase2                     files      7 (kept 3, dropped 4) links     2  0.02 MiB
    654/975  039349_49_d113vfoot                      files      7 (kept 3, dropped 4) links     2  0.03 MiB
    655/975  039349_49_d113vnopaint                   files      7 (kept 3, dropped 4) links     2  0.03 MiB
    656/975  039349_4_d111voff                        files      7 (kept 3, dropped 4) links     2  0.02 MiB
    657/975  039349_4_d111vsr10                       files      7 (kept 3, dropped 4) links     2  0.02 MiB
    658/975  039349_4_d111vsr15                       files      7 (kept 3, dropped 4) links     2  0.02 MiB
    659/975  039349_4_d111vsr6                        files      7 (kept 3, dropped 4) links     2  0.02 MiB
    660/975  039349_4_d111vtr                         files      7 (kept 3, dropped 4) links     2  0.02 MiB
    661/975  039349_4_d113vbase2                      files      7 (kept 3, dropped 4) links     2  0.02 MiB
    662/975  039349_4_d113vfoot                       files      7 (kept 3, dropped 4) links     2  0.03 MiB
    663/975  039349_4_d113vnopaint                    files      7 (kept 3, dropped 4) links     2  0.04 MiB
    664/975  039349_50_d111voff                       files      7 (kept 3, dropped 4) links     2  0.04 MiB
    665/975  039349_50_d111vsr10                      files      7 (kept 3, dropped 4) links     2  0.06 MiB
    666/975  039349_50_d111vsr15                      files      7 (kept 3, dropped 4) links     2  0.05 MiB
    667/975  039349_50_d111vsr6                       files      7 (kept 3, dropped 4) links     2  0.05 MiB
    668/975  039349_50_d111vtr                        files      7 (kept 3, dropped 4) links     2  0.04 MiB
    669/975  039349_50_d113vbase2                     files      7 (kept 3, dropped 4) links     2  0.04 MiB
    670/975  039349_50_d113vfoot                      files      7 (kept 3, dropped 4) links     2  0.06 MiB
    671/975  039349_50_d113vnopaint                   files      7 (kept 3, dropped 4) links     2  0.06 MiB
    672/975  039349_51_d111voff                       files      7 (kept 3, dropped 4) links     2  0.03 MiB
    673/975  039349_51_d111vsr10                      files      7 (kept 3, dropped 4) links     2  0.04 MiB
    674/975  039349_51_d111vsr15                      files      7 (kept 3, dropped 4) links     2  0.04 MiB
    675/975  039349_51_d111vsr6                       files      7 (kept 3, dropped 4) links     2  0.04 MiB
    676/975  039349_51_d111vtr                        files      7 (kept 3, dropped 4) links     2  0.03 MiB
    677/975  039349_51_d113vbase2                     files      7 (kept 3, dropped 4) links     2  0.03 MiB
    678/975  039349_51_d113vfoot                      files      7 (kept 3, dropped 4) links     2  0.06 MiB
    679/975  039349_51_d113vnopaint                   files      7 (kept 3, dropped 4) links     2  0.03 MiB
    680/975  039349_52_d111voff                       files      7 (kept 3, dropped 4) links     2  0.03 MiB
    681/975  039349_52_d111vsr10                      files      7 (kept 3, dropped 4) links     2  0.02 MiB
    682/975  039349_52_d111vsr15                      files      7 (kept 3, dropped 4) links     2  0.02 MiB
    683/975  039349_52_d111vsr6                       files      7 (kept 3, dropped 4) links     2  0.02 MiB
    684/975  039349_52_d111vtr                        files      7 (kept 3, dropped 4) links     2  0.03 MiB
    685/975  039349_52_d113vbase2                     files      7 (kept 3, dropped 4) links     2  0.03 MiB
    686/975  039349_52_d113vfoot                      files      7 (kept 3, dropped 4) links     2  0.05 MiB
    687/975  039349_52_d113vnopaint                   files      7 (kept 3, dropped 4) links     2  0.05 MiB
    688/975  039349_53_d111voff                       files      7 (kept 3, dropped 4) links     2  0.03 MiB
    689/975  039349_53_d111vsr10                      files      7 (kept 3, dropped 4) links     2  0.02 MiB
    690/975  039349_53_d111vsr15                      files      7 (kept 3, dropped 4) links     2  0.03 MiB
    691/975  039349_53_d111vsr6                       files      7 (kept 3, dropped 4) links     2  0.02 MiB
    692/975  039349_53_d111vtr                        files      7 (kept 3, dropped 4) links     2  0.03 MiB
    693/975  039349_53_d113vbase2                     files      7 (kept 3, dropped 4) links     2  0.03 MiB
    694/975  039349_53_d113vfoot                      files      7 (kept 3, dropped 4) links     2  0.03 MiB
    695/975  039349_53_d113vnopaint                   files      7 (kept 3, dropped 4) links     2  0.03 MiB
    696/975  039349_54_d111voff                       files      7 (kept 3, dropped 4) links     2  0.04 MiB
    697/975  039349_54_d111vsr10                      files      7 (kept 3, dropped 4) links     2  0.03 MiB
    698/975  039349_54_d111vsr15                      files      7 (kept 3, dropped 4) links     2  0.03 MiB
    699/975  039349_54_d111vsr6                       files      7 (kept 3, dropped 4) links     2  0.04 MiB
    700/975  039349_54_d111vtr                        files      7 (kept 3, dropped 4) links     2  0.04 MiB
    701/975  039349_54_d113vbase2                     files      7 (kept 3, dropped 4) links     2  0.04 MiB
    702/975  039349_54_d113vfoot                      files      7 (kept 3, dropped 4) links     2  0.04 MiB
    703/975  039349_54_d113vnopaint                   files      7 (kept 3, dropped 4) links     2  0.04 MiB
    704/975  039349_55_d111voff                       files      7 (kept 3, dropped 4) links     2  0.01 MiB
    705/975  039349_55_d111vsr10                      files      7 (kept 3, dropped 4) links     2  0.02 MiB
    706/975  039349_55_d111vsr15                      files      7 (kept 3, dropped 4) links     2  0.01 MiB
    707/975  039349_55_d111vsr6                       files      7 (kept 3, dropped 4) links     2  0.01 MiB
    708/975  039349_55_d111vtr                        files      7 (kept 3, dropped 4) links     2  0.01 MiB
    709/975  039349_55_d113vbase2                     files      7 (kept 3, dropped 4) links     2  0.01 MiB
    710/975  039349_55_d113vfoot                      files      7 (kept 3, dropped 4) links     2  0.03 MiB
    711/975  039349_55_d113vnopaint                   files      7 (kept 3, dropped 4) links     2  0.03 MiB
    712/975  039349_56_d111voff                       files      7 (kept 3, dropped 4) links     2  0.02 MiB
    713/975  039349_56_d111vsr10                      files      7 (kept 3, dropped 4) links     2  0.02 MiB
    714/975  039349_56_d111vsr15                      files      7 (kept 3, dropped 4) links     2  0.02 MiB
    715/975  039349_56_d111vsr6                       files      7 (kept 3, dropped 4) links     2  0.02 MiB
    716/975  039349_56_d111vtr                        files      7 (kept 3, dropped 4) links     2  0.02 MiB
    717/975  039349_56_d113vbase2                     files      7 (kept 3, dropped 4) links     2  0.02 MiB
    718/975  039349_56_d113vfoot                      files      7 (kept 3, dropped 4) links     2  0.03 MiB
    719/975  039349_56_d113vnopaint                   files      7 (kept 3, dropped 4) links     2  0.03 MiB
    720/975  039349_57_d111voff                       files      7 (kept 3, dropped 4) links     2  0.08 MiB
    721/975  039349_57_d111vsr10                      files      7 (kept 3, dropped 4) links     2  0.05 MiB
    722/975  039349_57_d111vsr15                      files      7 (kept 3, dropped 4) links     2  0.03 MiB
    723/975  039349_57_d111vsr6                       files      7 (kept 3, dropped 4) links     2  0.08 MiB
    724/975  039349_57_d111vtr                        files      7 (kept 3, dropped 4) links     2  0.08 MiB
    725/975  039349_57_d113vbase2                     files      7 (kept 3, dropped 4) links     2  0.08 MiB
    726/975  039349_57_d113vfoot                      files      7 (kept 3, dropped 4) links     2  0.04 MiB
    727/975  039349_57_d113vnopaint                   files      7 (kept 3, dropped 4) links     2  0.05 MiB
    728/975  039349_58_d111voff                       files      7 (kept 3, dropped 4) links     2  0.02 MiB
    729/975  039349_58_d111vsr10                      files      7 (kept 3, dropped 4) links     2  0.02 MiB
    730/975  039349_58_d111vsr15                      files      7 (kept 3, dropped 4) links     2  0.02 MiB
    731/975  039349_58_d111vsr6                       files      7 (kept 3, dropped 4) links     2  0.02 MiB
    732/975  039349_58_d111vtr                        files      7 (kept 3, dropped 4) links     2  0.02 MiB
    733/975  039349_58_d113vbase2                     files      7 (kept 3, dropped 4) links     2  0.02 MiB
    734/975  039349_58_d113vfoot                      files      7 (kept 3, dropped 4) links     2  0.03 MiB
    735/975  039349_58_d113vnopaint                   files      7 (kept 3, dropped 4) links     2  0.03 MiB
    736/975  039349_59_d111voff                       files      7 (kept 3, dropped 4) links     2  0.02 MiB
    737/975  039349_59_d111vsr10                      files      7 (kept 3, dropped 4) links     2  0.02 MiB
    738/975  039349_59_d111vsr15                      files      7 (kept 3, dropped 4) links     2  0.01 MiB
    739/975  039349_59_d111vsr6                       files      7 (kept 3, dropped 4) links     2  0.02 MiB
    740/975  039349_59_d111vtr                        files      7 (kept 3, dropped 4) links     2  0.02 MiB
    741/975  039349_59_d113vbase2                     files      7 (kept 3, dropped 4) links     2  0.02 MiB
    742/975  039349_59_d113vfoot                      files      7 (kept 3, dropped 4) links     2  0.02 MiB
    743/975  039349_59_d113vnopaint                   files      7 (kept 3, dropped 4) links     2  0.02 MiB
    744/975  039349_5_d111voff                        files      7 (kept 3, dropped 4) links     2  0.02 MiB
    745/975  039349_5_d111vsr10                       files      7 (kept 3, dropped 4) links     2  0.03 MiB
    746/975  039349_5_d111vsr15                       files      7 (kept 3, dropped 4) links     2  0.02 MiB
    747/975  039349_5_d111vsr6                        files      7 (kept 3, dropped 4) links     2  0.02 MiB
    748/975  039349_5_d111vtr                         files      7 (kept 3, dropped 4) links     2  0.02 MiB
    749/975  039349_5_d113vbase2                      files      7 (kept 3, dropped 4) links     2  0.02 MiB
    750/975  039349_5_d113vfoot                       files      7 (kept 3, dropped 4) links     2  0.04 MiB
    751/975  039349_5_d113vnopaint                    files      7 (kept 3, dropped 4) links     2  0.04 MiB
    752/975  039349_60_d111voff                       files      7 (kept 3, dropped 4) links     2  0.03 MiB
    753/975  039349_60_d111vsr10                      files      7 (kept 3, dropped 4) links     2  0.02 MiB
    754/975  039349_60_d111vsr15                      files      7 (kept 3, dropped 4) links     2  0.02 MiB
    755/975  039349_60_d111vsr6                       files      7 (kept 3, dropped 4) links     2  0.02 MiB
    756/975  039349_60_d111vtr                        files      7 (kept 3, dropped 4) links     2  0.03 MiB
    757/975  039349_60_d113vbase2                     files      7 (kept 3, dropped 4) links     2  0.03 MiB
    758/975  039349_60_d113vfoot                      files      7 (kept 3, dropped 4) links     2  0.03 MiB
    759/975  039349_60_d113vnopaint                   files      7 (kept 3, dropped 4) links     2  0.04 MiB
    760/975  039349_61_d111voff                       files      7 (kept 3, dropped 4) links     2  0.04 MiB
    761/975  039349_61_d111vsr10                      files      7 (kept 3, dropped 4) links     2  0.04 MiB
    762/975  039349_61_d111vsr15                      files      7 (kept 3, dropped 4) links     2  0.03 MiB
    763/975  039349_61_d111vsr6                       files      7 (kept 3, dropped 4) links     2  0.03 MiB
    764/975  039349_61_d111vtr                        files      7 (kept 3, dropped 4) links     2  0.04 MiB
    765/975  039349_61_d113vbase2                     files      7 (kept 3, dropped 4) links     2  0.04 MiB
    766/975  039349_61_d113vfoot                      files      7 (kept 3, dropped 4) links     2  0.03 MiB
    767/975  039349_61_d113vnopaint                   files      7 (kept 3, dropped 4) links     2  0.04 MiB
    768/975  039349_62_d111voff                       files      7 (kept 3, dropped 4) links     2  0.02 MiB
    769/975  039349_62_d111vsr10                      files      7 (kept 3, dropped 4) links     2  0.02 MiB
    770/975  039349_62_d111vsr15                      files      7 (kept 3, dropped 4) links     2  0.02 MiB
    771/975  039349_62_d111vsr6                       files      7 (kept 3, dropped 4) links     2  0.02 MiB
    772/975  039349_62_d111vtr                        files      7 (kept 3, dropped 4) links     2  0.02 MiB
    773/975  039349_62_d113vbase2                     files      7 (kept 3, dropped 4) links     2  0.02 MiB
    774/975  039349_62_d113vfoot                      files      7 (kept 3, dropped 4) links     2  0.03 MiB
    775/975  039349_62_d113vnopaint                   files      7 (kept 3, dropped 4) links     2  0.03 MiB
    776/975  039349_63_d111voff                       files      7 (kept 3, dropped 4) links     2  0.03 MiB
    777/975  039349_63_d111vsr10                      files      7 (kept 3, dropped 4) links     2  0.04 MiB
    778/975  039349_63_d111vsr15                      files      7 (kept 3, dropped 4) links     2  0.04 MiB
    779/975  039349_63_d111vsr6                       files      7 (kept 3, dropped 4) links     2  0.03 MiB
    780/975  039349_63_d111vtr                        files      7 (kept 3, dropped 4) links     2  0.03 MiB
    781/975  039349_63_d113vbase2                     files      7 (kept 3, dropped 4) links     2  0.03 MiB
    782/975  039349_63_d113vfoot                      files      7 (kept 3, dropped 4) links     2  0.05 MiB
    783/975  039349_63_d113vnopaint                   files      7 (kept 3, dropped 4) links     2  0.06 MiB
    784/975  039349_64_d111voff                       files      7 (kept 3, dropped 4) links     2  0.03 MiB
    785/975  039349_64_d111vsr10                      files      7 (kept 3, dropped 4) links     2  0.03 MiB
    786/975  039349_64_d111vsr15                      files      7 (kept 3, dropped 4) links     2  0.03 MiB
    787/975  039349_64_d111vsr6                       files      7 (kept 3, dropped 4) links     2  0.03 MiB
    788/975  039349_64_d111vtr                        files      7 (kept 3, dropped 4) links     2  0.03 MiB
    789/975  039349_64_d113vbase2                     files      7 (kept 3, dropped 4) links     2  0.03 MiB
    790/975  039349_64_d113vfoot                      files      7 (kept 3, dropped 4) links     2  0.05 MiB
    791/975  039349_64_d113vnopaint                   files      7 (kept 3, dropped 4) links     2  0.04 MiB
    792/975  039349_65_d111voff                       files      7 (kept 3, dropped 4) links     2  0.02 MiB
    793/975  039349_65_d111vsr10                      files      7 (kept 3, dropped 4) links     2  0.01 MiB
    794/975  039349_65_d111vsr15                      files      7 (kept 3, dropped 4) links     2  0.02 MiB
    795/975  039349_65_d111vsr6                       files      7 (kept 3, dropped 4) links     2  0.01 MiB
    796/975  039349_65_d111vtr                        files      7 (kept 3, dropped 4) links     2  0.02 MiB
    797/975  039349_65_d113vbase2                     files      7 (kept 3, dropped 4) links     2  0.02 MiB
    798/975  039349_65_d113vfoot                      files      7 (kept 3, dropped 4) links     2  0.02 MiB
    799/975  039349_65_d113vnopaint                   files      7 (kept 3, dropped 4) links     2  0.02 MiB
    800/975  039349_66_d111voff                       files      7 (kept 3, dropped 4) links     2  0.04 MiB
    801/975  039349_66_d111vsr10                      files      7 (kept 3, dropped 4) links     2  0.03 MiB
    802/975  039349_66_d111vsr15                      files      7 (kept 3, dropped 4) links     2  0.05 MiB
    803/975  039349_66_d111vsr6                       files      7 (kept 3, dropped 4) links     2  0.03 MiB
    804/975  039349_66_d111vtr                        files      7 (kept 3, dropped 4) links     2  0.04 MiB
    805/975  039349_66_d113vbase2                     files      7 (kept 3, dropped 4) links     2  0.04 MiB
    806/975  039349_66_d113vfoot                      files      7 (kept 3, dropped 4) links     2  0.05 MiB
    807/975  039349_66_d113vnopaint                   files      7 (kept 3, dropped 4) links     2  0.05 MiB
    808/975  039349_67_d111voff                       files      7 (kept 3, dropped 4) links     2  0.02 MiB
    809/975  039349_67_d111vsr10                      files      7 (kept 3, dropped 4) links     2  0.02 MiB
    810/975  039349_67_d111vsr15                      files      7 (kept 3, dropped 4) links     2  0.02 MiB
    811/975  039349_67_d111vsr6                       files      7 (kept 3, dropped 4) links     2  0.02 MiB
    812/975  039349_67_d111vtr                        files      7 (kept 3, dropped 4) links     2  0.02 MiB
    813/975  039349_67_d113vbase2                     files      7 (kept 3, dropped 4) links     2  0.02 MiB
    814/975  039349_67_d113vfoot                      files      7 (kept 3, dropped 4) links     2  0.03 MiB
    815/975  039349_67_d113vnopaint                   files      7 (kept 3, dropped 4) links     2  0.03 MiB
    816/975  039349_68_d111voff                       files      7 (kept 3, dropped 4) links     2  0.03 MiB
    817/975  039349_68_d111vsr10                      files      7 (kept 3, dropped 4) links     2  0.02 MiB
    818/975  039349_68_d111vsr15                      files      7 (kept 3, dropped 4) links     2  0.02 MiB
    819/975  039349_68_d111vsr6                       files      7 (kept 3, dropped 4) links     2  0.02 MiB
    820/975  039349_68_d111vtr                        files      7 (kept 3, dropped 4) links     2  0.03 MiB
    821/975  039349_68_d113vbase2                     files      7 (kept 3, dropped 4) links     2  0.03 MiB
    822/975  039349_68_d113vfoot                      files      7 (kept 3, dropped 4) links     2  0.03 MiB
    823/975  039349_68_d113vnopaint                   files      7 (kept 3, dropped 4) links     2  0.03 MiB
    824/975  039349_69_d111voff                       files      7 (kept 3, dropped 4) links     2  0.02 MiB
    825/975  039349_69_d111vsr10                      files      7 (kept 3, dropped 4) links     2  0.02 MiB
    826/975  039349_69_d111vsr15                      files      7 (kept 3, dropped 4) links     2  0.02 MiB
    827/975  039349_69_d111vsr6                       files      7 (kept 3, dropped 4) links     2  0.02 MiB
    828/975  039349_69_d111vtr                        files      7 (kept 3, dropped 4) links     2  0.02 MiB
    829/975  039349_69_d113vbase2                     files      7 (kept 3, dropped 4) links     2  0.02 MiB
    830/975  039349_69_d113vfoot                      files      7 (kept 3, dropped 4) links     2  0.03 MiB
    831/975  039349_69_d113vnopaint                   files      7 (kept 3, dropped 4) links     2  0.03 MiB
    832/975  039349_6_d111voff                        files      7 (kept 3, dropped 4) links     2  0.01 MiB
    833/975  039349_6_d111vsr10                       files      7 (kept 3, dropped 4) links     2  0.01 MiB
    834/975  039349_6_d111vsr15                       files      7 (kept 3, dropped 4) links     2  0.02 MiB
    835/975  039349_6_d111vsr6                        files      7 (kept 3, dropped 4) links     2  0.02 MiB
    836/975  039349_6_d111vtr                         files      7 (kept 3, dropped 4) links     2  0.01 MiB
    837/975  039349_6_d113vbase2                      files      7 (kept 3, dropped 4) links     2  0.01 MiB
    838/975  039349_6_d113vfoot                       files      7 (kept 3, dropped 4) links     2  0.03 MiB
    839/975  039349_6_d113vnopaint                    files      7 (kept 3, dropped 4) links     2  0.03 MiB
    840/975  039349_70_d111voff                       files      7 (kept 3, dropped 4) links     2  0.02 MiB
    841/975  039349_70_d111vsr10                      files      7 (kept 3, dropped 4) links     2  0.02 MiB
    842/975  039349_70_d111vsr15                      files      7 (kept 3, dropped 4) links     2  0.02 MiB
    843/975  039349_70_d111vsr6                       files      7 (kept 3, dropped 4) links     2  0.02 MiB
    844/975  039349_70_d111vtr                        files      7 (kept 3, dropped 4) links     2  0.02 MiB
    845/975  039349_70_d113vbase2                     files      7 (kept 3, dropped 4) links     2  0.02 MiB
    846/975  039349_70_d113vfoot                      files      7 (kept 3, dropped 4) links     2  0.03 MiB
    847/975  039349_70_d113vnopaint                   files      7 (kept 3, dropped 4) links     2  0.03 MiB
    848/975  039349_71_d111voff                       files      7 (kept 3, dropped 4) links     2  0.03 MiB
    849/975  039349_71_d111vsr10                      files      7 (kept 3, dropped 4) links     2  0.05 MiB
    850/975  039349_71_d111vsr15                      files      7 (kept 3, dropped 4) links     2  0.03 MiB
    851/975  039349_71_d111vsr6                       files      7 (kept 3, dropped 4) links     2  0.02 MiB
    852/975  039349_71_d111vtr                        files      7 (kept 3, dropped 4) links     2  0.03 MiB
    853/975  039349_71_d113vbase2                     files      7 (kept 3, dropped 4) links     2  0.03 MiB
    854/975  039349_71_d113vfoot                      files      7 (kept 3, dropped 4) links     2  0.04 MiB
    855/975  039349_71_d113vnopaint                   files      7 (kept 3, dropped 4) links     2  0.07 MiB
    856/975  039349_72_d111voff                       files      7 (kept 3, dropped 4) links     2  0.02 MiB
    857/975  039349_72_d111vsr10                      files      7 (kept 3, dropped 4) links     2  0.04 MiB
    858/975  039349_72_d111vsr15                      files      7 (kept 3, dropped 4) links     2  0.03 MiB
    859/975  039349_72_d111vsr6                       files      7 (kept 3, dropped 4) links     2  0.03 MiB
    860/975  039349_72_d111vtr                        files      7 (kept 3, dropped 4) links     2  0.02 MiB
    861/975  039349_72_d113vbase2                     files      7 (kept 3, dropped 4) links     2  0.02 MiB
    862/975  039349_72_d113vfoot                      files      7 (kept 3, dropped 4) links     2  0.07 MiB
    863/975  039349_72_d113vnopaint                   files      7 (kept 3, dropped 4) links     2  0.06 MiB
    864/975  039349_73_d111voff                       files      7 (kept 3, dropped 4) links     2  0.02 MiB
    865/975  039349_73_d111vsr10                      files      7 (kept 3, dropped 4) links     2  0.02 MiB
    866/975  039349_73_d111vsr15                      files      7 (kept 3, dropped 4) links     2  0.02 MiB
    867/975  039349_73_d111vsr6                       files      7 (kept 3, dropped 4) links     2  0.02 MiB
    868/975  039349_73_d111vtr                        files      7 (kept 3, dropped 4) links     2  0.02 MiB
    869/975  039349_73_d113vbase2                     files      7 (kept 3, dropped 4) links     2  0.02 MiB
    870/975  039349_73_d113vfoot                      files      7 (kept 3, dropped 4) links     2  0.03 MiB
    871/975  039349_73_d113vnopaint                   files      7 (kept 3, dropped 4) links     2  0.03 MiB
    872/975  039349_74_d111voff                       files      7 (kept 3, dropped 4) links     2  0.02 MiB
    873/975  039349_74_d111vsr10                      files      7 (kept 3, dropped 4) links     2  0.02 MiB
    874/975  039349_74_d111vsr15                      files      7 (kept 3, dropped 4) links     2  0.02 MiB
    875/975  039349_74_d111vsr6                       files      7 (kept 3, dropped 4) links     2  0.02 MiB
    876/975  039349_74_d111vtr                        files      7 (kept 3, dropped 4) links     2  0.02 MiB
    877/975  039349_74_d113vbase2                     files      7 (kept 3, dropped 4) links     2  0.02 MiB
    878/975  039349_74_d113vfoot                      files      7 (kept 3, dropped 4) links     2  0.03 MiB
    879/975  039349_74_d113vnopaint                   files      7 (kept 3, dropped 4) links     2  0.03 MiB
    880/975  039349_75_d111voff                       files      7 (kept 3, dropped 4) links     2  0.02 MiB
    881/975  039349_75_d111vsr10                      files      7 (kept 3, dropped 4) links     2  0.02 MiB
    882/975  039349_75_d111vsr15                      files      7 (kept 3, dropped 4) links     2  0.02 MiB
    883/975  039349_75_d111vsr6                       files      7 (kept 3, dropped 4) links     2  0.02 MiB
    884/975  039349_75_d111vtr                        files      7 (kept 3, dropped 4) links     2  0.02 MiB
    885/975  039349_75_d113vbase2                     files      7 (kept 3, dropped 4) links     2  0.02 MiB
    886/975  039349_75_d113vfoot                      files      7 (kept 3, dropped 4) links     2  0.04 MiB
    887/975  039349_75_d113vnopaint                   files      7 (kept 3, dropped 4) links     2  0.04 MiB
    888/975  039349_76_d111voff                       files      7 (kept 3, dropped 4) links     2  0.02 MiB
    889/975  039349_76_d111vsr10                      files      7 (kept 3, dropped 4) links     2  0.01 MiB
    890/975  039349_76_d111vsr15                      files      7 (kept 3, dropped 4) links     2  0.01 MiB
    891/975  039349_76_d111vsr6                       files      7 (kept 3, dropped 4) links     2  0.02 MiB
    892/975  039349_76_d111vtr                        files      7 (kept 3, dropped 4) links     2  0.02 MiB
    893/975  039349_76_d113vbase2                     files      7 (kept 3, dropped 4) links     2  0.02 MiB
    894/975  039349_76_d113vfoot                      files      7 (kept 3, dropped 4) links     2  0.03 MiB
    895/975  039349_76_d113vnopaint                   files      7 (kept 3, dropped 4) links     2  0.03 MiB
    896/975  039349_77_d111voff                       files      7 (kept 3, dropped 4) links     2  0.06 MiB
    897/975  039349_77_d111vsr10                      files      7 (kept 3, dropped 4) links     2  0.06 MiB
    898/975  039349_77_d111vsr15                      files      7 (kept 3, dropped 4) links     2  0.02 MiB
    899/975  039349_77_d111vsr6                       files      7 (kept 3, dropped 4) links     2  0.06 MiB
    900/975  039349_77_d111vtr                        files      7 (kept 3, dropped 4) links     2  0.06 MiB
    901/975  039349_77_d113vbase2                     files      7 (kept 3, dropped 4) links     2  0.06 MiB
    902/975  039349_77_d113vfoot                      files      7 (kept 3, dropped 4) links     2  0.08 MiB
    903/975  039349_77_d113vnopaint                   files      7 (kept 3, dropped 4) links     2  0.06 MiB
    904/975  039349_78_d111voff                       files      7 (kept 3, dropped 4) links     2  0.02 MiB
    905/975  039349_78_d111vsr10                      files      7 (kept 3, dropped 4) links     2  0.02 MiB
    906/975  039349_78_d111vsr15                      files      7 (kept 3, dropped 4) links     2  0.02 MiB
    907/975  039349_78_d111vsr6                       files      7 (kept 3, dropped 4) links     2  0.02 MiB
    908/975  039349_78_d111vtr                        files      7 (kept 3, dropped 4) links     2  0.02 MiB
    909/975  039349_78_d113vbase2                     files      7 (kept 3, dropped 4) links     2  0.02 MiB
    910/975  039349_78_d113vfoot                      files      7 (kept 3, dropped 4) links     2  0.03 MiB
    911/975  039349_78_d113vnopaint                   files      7 (kept 3, dropped 4) links     2  0.03 MiB
    912/975  039349_79_d111voff                       files      7 (kept 3, dropped 4) links     2  0.03 MiB
    913/975  039349_79_d111vsr10                      files      7 (kept 3, dropped 4) links     2  0.04 MiB
    914/975  039349_79_d111vsr15                      files      7 (kept 3, dropped 4) links     2  0.04 MiB
    915/975  039349_79_d111vsr6                       files      7 (kept 3, dropped 4) links     2  0.04 MiB
    916/975  039349_79_d111vtr                        files      7 (kept 3, dropped 4) links     2  0.03 MiB
    917/975  039349_79_d113vbase2                     files      7 (kept 3, dropped 4) links     2  0.03 MiB
    918/975  039349_79_d113vfoot                      files      7 (kept 3, dropped 4) links     2  0.04 MiB
    919/975  039349_79_d113vnopaint                   files      7 (kept 3, dropped 4) links     2  0.05 MiB
    920/975  039349_7_d111voff                        files      7 (kept 3, dropped 4) links     2  0.05 MiB
    921/975  039349_7_d111vsr10                       files      7 (kept 3, dropped 4) links     2  0.06 MiB
    922/975  039349_7_d111vsr15                       files      7 (kept 3, dropped 4) links     2  0.05 MiB
    923/975  039349_7_d111vsr6                        files      7 (kept 3, dropped 4) links     2  0.05 MiB
    924/975  039349_7_d111vtr                         files      7 (kept 3, dropped 4) links     2  0.05 MiB
    925/975  039349_7_d113vbase2                      files      7 (kept 3, dropped 4) links     2  0.05 MiB
    926/975  039349_7_d113vfoot                       files      7 (kept 3, dropped 4) links     2  0.07 MiB
    927/975  039349_7_d113vnopaint                    files      7 (kept 3, dropped 4) links     2  0.06 MiB
    928/975  039349_80_d111voff                       files      7 (kept 3, dropped 4) links     2  0.02 MiB
    929/975  039349_80_d111vsr10                      files      7 (kept 3, dropped 4) links     2  0.02 MiB
    930/975  039349_80_d111vsr15                      files      7 (kept 3, dropped 4) links     2  0.02 MiB
    931/975  039349_80_d111vsr6                       files      7 (kept 3, dropped 4) links     2  0.03 MiB
    932/975  039349_80_d111vtr                        files      7 (kept 3, dropped 4) links     2  0.02 MiB
    933/975  039349_80_d113vbase2                     files      7 (kept 3, dropped 4) links     2  0.02 MiB
    934/975  039349_80_d113vfoot                      files      7 (kept 3, dropped 4) links     2  0.03 MiB
    935/975  039349_80_d113vnopaint                   files      7 (kept 3, dropped 4) links     2  0.03 MiB
    936/975  039349_81_d111voff                       files      7 (kept 3, dropped 4) links     2  0.02 MiB
    937/975  039349_81_d111vsr10                      files      7 (kept 3, dropped 4) links     2  0.02 MiB
    938/975  039349_81_d111vsr15                      files      7 (kept 3, dropped 4) links     2  0.02 MiB
    939/975  039349_81_d111vsr6                       files      7 (kept 3, dropped 4) links     2  0.02 MiB
    940/975  039349_81_d111vtr                        files      7 (kept 3, dropped 4) links     2  0.02 MiB
    941/975  039349_81_d113vbase2                     files      7 (kept 3, dropped 4) links     2  0.02 MiB
    942/975  039349_81_d113vfoot                      files      7 (kept 3, dropped 4) links     2  0.04 MiB
    943/975  039349_81_d113vnopaint                   files      7 (kept 3, dropped 4) links     2  0.04 MiB
    944/975  039349_82_d111voff                       files      7 (kept 3, dropped 4) links     2  0.03 MiB
    945/975  039349_82_d111vsr10                      files      7 (kept 3, dropped 4) links     2  0.03 MiB
    946/975  039349_82_d111vsr15                      files      7 (kept 3, dropped 4) links     2  0.03 MiB
    947/975  039349_82_d111vsr6                       files      7 (kept 3, dropped 4) links     2  0.03 MiB
    948/975  039349_82_d111vtr                        files      7 (kept 3, dropped 4) links     2  0.03 MiB
    949/975  039349_82_d113vbase2                     files      7 (kept 3, dropped 4) links     2  0.03 MiB
    950/975  039349_82_d113vfoot                      files      7 (kept 3, dropped 4) links     2  0.03 MiB
    951/975  039349_82_d113vnopaint                   files      7 (kept 3, dropped 4) links     2  0.04 MiB
    952/975  039349_83_d111voff                       files      7 (kept 3, dropped 4) links     2  0.02 MiB
    953/975  039349_83_d111vsr10                      files      7 (kept 3, dropped 4) links     2  0.03 MiB
    954/975  039349_83_d111vsr15                      files      7 (kept 3, dropped 4) links     2  0.03 MiB
    955/975  039349_83_d111vsr6                       files      7 (kept 3, dropped 4) links     2  0.02 MiB
    956/975  039349_83_d111vtr                        files      7 (kept 3, dropped 4) links     2  0.02 MiB
    957/975  039349_83_d113vbase2                     files      7 (kept 3, dropped 4) links     2  0.02 MiB
    958/975  039349_83_d113vfoot                      files      7 (kept 3, dropped 4) links     2  0.03 MiB
    959/975  039349_83_d113vnopaint                   files      7 (kept 3, dropped 4) links     2  0.03 MiB
    960/975  039349_8_d111voff                        files      7 (kept 3, dropped 4) links     2  0.01 MiB
    961/975  039349_8_d111vsr10                       files      7 (kept 3, dropped 4) links     2  0.04 MiB
    962/975  039349_8_d111vsr15                       files      7 (kept 3, dropped 4) links     2  0.05 MiB
    963/975  039349_8_d111vsr6                        files      7 (kept 3, dropped 4) links     2  0.02 MiB
    964/975  039349_8_d111vtr                         files      7 (kept 3, dropped 4) links     2  0.01 MiB
    965/975  039349_8_d113vbase2                      files      7 (kept 3, dropped 4) links     2  0.01 MiB
    966/975  039349_8_d113vfoot                       files      7 (kept 3, dropped 4) links     2  0.02 MiB
    967/975  039349_8_d113vnopaint                    files      7 (kept 3, dropped 4) links     2  0.02 MiB
    968/975  039349_9_d111voff                        files      7 (kept 3, dropped 4) links     2  0.02 MiB
    969/975  039349_9_d111vsr10                       files      7 (kept 3, dropped 4) links     2  0.02 MiB
    970/975  039349_9_d111vsr15                       files      7 (kept 3, dropped 4) links     2  0.02 MiB
    971/975  039349_9_d111vsr6                        files      7 (kept 3, dropped 4) links     2  0.02 MiB
    972/975  039349_9_d111vtr                         files      7 (kept 3, dropped 4) links     2  0.02 MiB
    973/975  039349_9_d113vbase2                      files      7 (kept 3, dropped 4) links     2  0.02 MiB
    974/975  039349_9_d113vfoot                       files      7 (kept 3, dropped 4) links     2  0.03 MiB
    975/975  039349_9_d113vnopaint                    files      7 (kept 3, dropped 4) links     2  0.03 MiB

archived 975/975 arms into /home/xqian/toolkit-dev/wcp-porting-img/sbnd/sbnd_xin/archive/records/cleanup-20260916d
integrity: every released dir has a .manifest.tsv with a SHA-256 per file, a .links.txt, and a .tar.zst of the non-heavy record layer.
