      1/3059  work-mcp1k-d101snew                      files     93 (kept 54, dropped 39) links     0  0.12 MiB
      2/3059  work-mcp1k-d101sold                      files     93 (kept 54, dropped 39) links     0  0.12 MiB
      3/3059  work-mcp1k-d109base                      files   2097 (kept 1204, dropped 893) links     0  0.85 MiB
      4/3059  work-mcp1k-d109dlgrp                     files   1616 (kept 922, dropped 694) links     0  354.39 MiB
      5/3059  work-mcp1k-d109dlon                      files   2099 (kept 1206, dropped 893) links     0  0.94 MiB
      6/3059  work-mcp1k-d109dlon2                     files   2099 (kept 1206, dropped 893) links     0  0.94 MiB
      7/3059  work-mcp1k-d109grp                       files   1616 (kept 922, dropped 694) links     0  354.15 MiB
      8/3059  work-mcp1k-d109off                       files   2099 (kept 1206, dropped 893) links     0  0.86 MiB
      9/3059  work-mcp1k-d109off2                      files   2099 (kept 1206, dropped 893) links     0  0.86 MiB
     10/3059  work-mcp1k-d109on                        files   2099 (kept 1206, dropped 893) links     0  0.86 MiB
     11/3059  work-mcp1k-d109on2                       files   2099 (kept 1206, dropped 893) links     0  0.86 MiB
     12/3059  work-mcp1k-d110dlgrp                     files   1616 (kept 922, dropped 694) links     0  354.43 MiB
     13/3059  work-mcp1k-d110grp                       files   1616 (kept 922, dropped 694) links     0  354.17 MiB
     14/3059  work-mcp1k-d110grpoff                    files   1616 (kept 922, dropped 694) links     0  354.18 MiB
     15/3059  work-mcp1k-d110off                       files   2099 (kept 1206, dropped 893) links     0  0.84 MiB
     16/3059  work-mcp1k-pr149goffnew                  files     93 (kept 54, dropped 39) links     0  0.12 MiB
     17/3059  work-mcp1k-pr149goffold                  files     93 (kept 54, dropped 39) links     0  0.12 MiB
     18/3059  work-mcp1k-pr149r2gidcs                  files     93 (kept 54, dropped 39) links     0  0.11 MiB
     19/3059  work-mcp1k-pr149r2gidst                  files     93 (kept 54, dropped 39) links     0  0.12 MiB
     20/3059  work-mcp1k-pr149r2goffnew                files     93 (kept 54, dropped 39) links     0  0.12 MiB
     21/3059  work-mcp1k-pr149r2goffold                files     93 (kept 54, dropped 39) links     0  0.12 MiB
     22/3059  work-mcp1k-pr149r2tcs                    files     60 (kept 36, dropped 24) links     0  0.77 MiB
     23/3059  work-mcp1k-pr149r2trs                    files     60 (kept 36, dropped 24) links     0  0.75 MiB
     24/3059  work-mcp1k-pr149r2trscs                  files     60 (kept 36, dropped 24) links     0  0.75 MiB
     25/3059  work-mcp1k-pr149r2ts0                    files     60 (kept 36, dropped 24) links     0  0.72 MiB
     26/3059  work-mcp1k-pr149s2cs                     files   2352 (kept 1290, dropped 1062) links     0  1.72 MiB
     27/3059  work-mcp1k-pr149s2cskf                   files   2354 (kept 1290, dropped 1064) links     0  1.67 MiB
     28/3059  work-mcp1k-pr149s2csq2000                files   2354 (kept 1290, dropped 1064) links     0  1.69 MiB
     29/3059  work-mcp1k-pr149s2csq6000                files   2352 (kept 1290, dropped 1062) links     0  1.72 MiB
     30/3059  work-mcp1k-pr149s2cstsep05               files   2348 (kept 1290, dropped 1058) links     0  1.64 MiB
     31/3059  work-mcp1k-pr149s2cstsep07               files   2350 (kept 1290, dropped 1060) links     0  1.68 MiB
     32/3059  work-mcp1k-pr149s2kf                     files   2352 (kept 1290, dropped 1062) links     0  1.61 MiB
     33/3059  work-mcp1k-pr149s2r2cs                   files   2352 (kept 1290, dropped 1062) links     0  1.72 MiB
     34/3059  work-mcp1k-pr149s2r2rs                   files   2349 (kept 1290, dropped 1059) links     0  1.61 MiB
     35/3059  work-mcp1k-pr149s2r2rscs                 files   2351 (kept 1290, dropped 1061) links     0  1.68 MiB
     36/3059  work-mcp1k-pr149s2r2s0                   files   2359 (kept 1290, dropped 1069) links     0  1.65 MiB
     37/3059  work-mcp1k-pr149s2s0                     files   2359 (kept 1290, dropped 1069) links     0  1.65 MiB
     38/3059  work-mcp1k-pr149s2s0rep                  files   2359 (kept 1290, dropped 1069) links     0  1.65 MiB
     39/3059  work-mcp1k-pr149s3acs                    files  10468 (kept 6006, dropped 4462) links     0  4.97 MiB
     40/3059  work-mcp1k-pr149s3acsq2000               files  10473 (kept 6006, dropped 4467) links     0  4.94 MiB
     41/3059  work-mcp1k-pr149s3akf                    files  10467 (kept 6006, dropped 4461) links     0  4.79 MiB
     42/3059  work-mcp1k-pr149s3as0                    files  10467 (kept 6006, dropped 4461) links     0  4.84 MiB
     43/3059  work-mcp1k-pr149s3cs                     files    835 (kept 478, dropped 357) links     0  0.39 MiB
     44/3059  work-mcp1k-pr149s3kf                     files    427 (kept 244, dropped 183) links     0  0.21 MiB
     45/3059  work-mcp1k-pr149s3s0                     files    856 (kept 490, dropped 366) links     0  0.40 MiB
     46/3059  work-mcp2k-d101snew                      files     93 (kept 54, dropped 39) links     0  0.10 MiB
     47/3059  work-mcp2k-d101sold                      files     93 (kept 54, dropped 39) links     0  0.10 MiB
     48/3059  work-mcp2k-pr149goffnew                  files     93 (kept 54, dropped 39) links     0  0.10 MiB
     49/3059  work-mcp2k-pr149goffold                  files     93 (kept 54, dropped 39) links     0  0.10 MiB
     50/3059  work-mcp2k-pr149r2gidcs                  files     93 (kept 54, dropped 39) links     0  0.10 MiB
     51/3059  work-mcp2k-pr149r2gidst                  files     93 (kept 54, dropped 39) links     0  0.10 MiB
     52/3059  work-mcp2k-pr149r2goffnew                files     93 (kept 54, dropped 39) links     0  0.10 MiB
     53/3059  work-mcp2k-pr149r2goffold                files     93 (kept 54, dropped 39) links     0  0.10 MiB
     54/3059  work-mcp2k-pr149r2tcs                    files     38 (kept 24, dropped 14) links     0  0.69 MiB
     55/3059  work-mcp2k-pr149r2trs                    files     38 (kept 24, dropped 14) links     0  0.67 MiB
     56/3059  work-mcp2k-pr149r2trscs                  files     38 (kept 24, dropped 14) links     0  0.69 MiB
     57/3059  work-mcp2k-pr149r2ts0                    files     38 (kept 24, dropped 14) links     0  0.70 MiB
     58/3059  work-mcp2k-pr149s2cs                     files   3792 (kept 2076, dropped 1716) links     0  2.67 MiB
     59/3059  work-mcp2k-pr149s2cskf                   files   3794 (kept 2076, dropped 1718) links     0  2.65 MiB
     60/3059  work-mcp2k-pr149s2csq2000                files   3794 (kept 2076, dropped 1718) links     0  2.68 MiB
     61/3059  work-mcp2k-pr149s2csq6000                files   3793 (kept 2076, dropped 1717) links     0  2.59 MiB
     62/3059  work-mcp2k-pr149s2cstsep05               files   3792 (kept 2076, dropped 1716) links     0  2.64 MiB
     63/3059  work-mcp2k-pr149s2cstsep07               files   3791 (kept 2076, dropped 1715) links     0  2.58 MiB
     64/3059  work-mcp2k-pr149s2kf                     files   3794 (kept 2076, dropped 1718) links     0  2.58 MiB
     65/3059  work-mcp2k-pr149s2r2cs                   files   3792 (kept 2076, dropped 1716) links     0  2.67 MiB
     66/3059  work-mcp2k-pr149s2r2rs                   files   3797 (kept 2076, dropped 1721) links     0  2.61 MiB
     67/3059  work-mcp2k-pr149s2r2rscs                 files   3795 (kept 2076, dropped 1719) links     0  2.66 MiB
     68/3059  work-mcp2k-pr149s2r2s0                   files   3800 (kept 2076, dropped 1724) links     0  2.56 MiB
     69/3059  work-mcp2k-pr149s2s0                     files   3800 (kept 2076, dropped 1724) links     0  2.57 MiB
     70/3059  work-mcp2k-pr149s2s0rep                  files   3800 (kept 2076, dropped 1724) links     0  2.56 MiB
     71/3059  work-mcp2k-pr149s3acs                    files  20910 (kept 12006, dropped 8904) links     0  9.66 MiB
     72/3059  work-mcp2k-pr149s3acsq2000               files  20906 (kept 12006, dropped 8900) links     0  9.73 MiB
     73/3059  work-mcp2k-pr149s3akf                    files  20908 (kept 12006, dropped 8902) links     0  9.50 MiB
     74/3059  work-mcp2k-pr149s3as0                    files  20911 (kept 12006, dropped 8905) links     0  9.65 MiB
     75/3059  work-ncpi0-d109base                      files    212 (kept 118, dropped 94) links     0  0.28 MiB
     76/3059  work-ncpi0-d109dlgrp                     files    175 (kept 99, dropped 76) links     0  36.56 MiB
     77/3059  work-ncpi0-d109dlon                      files    214 (kept 120, dropped 94) links     0  0.36 MiB
     78/3059  work-ncpi0-d109dlon2                     files    214 (kept 120, dropped 94) links     0  0.36 MiB
     79/3059  work-ncpi0-d109grp                       files    175 (kept 99, dropped 76) links     0  36.26 MiB
     80/3059  work-ncpi0-d109off                       files    214 (kept 120, dropped 94) links     0  0.29 MiB
     81/3059  work-ncpi0-d109off2                      files    214 (kept 120, dropped 94) links     0  0.28 MiB
     82/3059  work-ncpi0-d109on                        files    214 (kept 120, dropped 94) links     0  0.28 MiB
     83/3059  work-ncpi0-d109on2                       files    214 (kept 120, dropped 94) links     0  0.28 MiB
     84/3059  work-ncpi0-d110dlgrp                     files    175 (kept 99, dropped 76) links     0  36.57 MiB
     85/3059  work-ncpi0-d110grp                       files    175 (kept 99, dropped 76) links     0  36.25 MiB
     86/3059  work-ncpi0-d110grpoff                    files    175 (kept 99, dropped 76) links     0  36.26 MiB
     87/3059  work-ncpi0-d110off                       files    214 (kept 120, dropped 94) links     0  0.28 MiB
     88/3059  work-ncpi0-pr149cs                       files    214 (kept 120, dropped 94) links     0  0.39 MiB
     89/3059  work-ncpi0-pr149csg                      files    214 (kept 120, dropped 94) links     0  0.31 MiB
     90/3059  work-ncpi0-pr149cskf                     files    214 (kept 120, dropped 94) links     0  0.37 MiB
     91/3059  work-ncpi0-pr149csq2000                  files    214 (kept 120, dropped 94) links     0  0.37 MiB
     92/3059  work-ncpi0-pr149csq6000                  files    214 (kept 120, dropped 94) links     0  0.36 MiB
     93/3059  work-ncpi0-pr149cstsep05                 files    214 (kept 120, dropped 94) links     0  0.37 MiB
     94/3059  work-ncpi0-pr149cstsep07                 files    214 (kept 120, dropped 94) links     0  0.37 MiB
     95/3059  work-ncpi0-pr149kf                       files    214 (kept 120, dropped 94) links     0  0.35 MiB
     96/3059  work-ncpi0-pr149r2cs                     files    214 (kept 120, dropped 94) links     0  0.39 MiB
     97/3059  work-ncpi0-pr149r2rs                     files    214 (kept 120, dropped 94) links     0  0.34 MiB
     98/3059  work-ncpi0-pr149r2rscs                   files    214 (kept 120, dropped 94) links     0  0.37 MiB
     99/3059  work-ncpi0-pr149r2s0                     files    214 (kept 120, dropped 94) links     0  0.36 MiB
    100/3059  work-ncpi0-pr149s0                       files    214 (kept 120, dropped 94) links     0  0.36 MiB
    101/3059  work-ncpi0-pr149s0g                      files    214 (kept 120, dropped 94) links     0  0.29 MiB
    102/3059  work-ncpi0-pr149s0rep                    files    214 (kept 120, dropped 94) links     0  0.36 MiB
    103/3059  work-nuecc48-d109base                    files    531 (kept 292, dropped 239) links     0  0.74 MiB
    104/3059  work-nuecc48-d109basegrp                 files    416 (kept 224, dropped 192) links     0  97.76 MiB
    105/3059  work-nuecc48-d109dlgrp                   files    416 (kept 224, dropped 192) links     0  98.98 MiB
    106/3059  work-nuecc48-d109dlon                    files    533 (kept 294, dropped 239) links     0  1.00 MiB
    107/3059  work-nuecc48-d109dlon2                   files    533 (kept 294, dropped 239) links     0  1.01 MiB
    108/3059  work-nuecc48-d109grp                     files    416 (kept 224, dropped 192) links     0  97.76 MiB
    109/3059  work-nuecc48-d109off                     files    533 (kept 294, dropped 239) links     0  0.74 MiB
    110/3059  work-nuecc48-d109off2                    files    533 (kept 294, dropped 239) links     0  0.75 MiB
    111/3059  work-nuecc48-d109on                      files    533 (kept 294, dropped 239) links     0  0.74 MiB
    112/3059  work-nuecc48-d109on2                     files    533 (kept 294, dropped 239) links     0  0.75 MiB
    113/3059  work-nuecc48-d110dlgrp                   files    416 (kept 224, dropped 192) links     0  99.00 MiB
    114/3059  work-nuecc48-d110grp                     files    416 (kept 224, dropped 192) links     0  97.77 MiB
    115/3059  work-nuecc48-d110grpoff                  files    416 (kept 224, dropped 192) links     0  97.77 MiB
    116/3059  work-nuecc48-d110off                     files    533 (kept 294, dropped 239) links     0  0.75 MiB
    117/3059  work-nuecc48-pr149cs                     files    533 (kept 294, dropped 239) links     0  1.11 MiB
    118/3059  work-nuecc48-pr149csg                    files    533 (kept 294, dropped 239) links     0  0.82 MiB
    119/3059  work-nuecc48-pr149cskf                   files    533 (kept 294, dropped 239) links     0  1.05 MiB
    120/3059  work-nuecc48-pr149csq2000                files    533 (kept 294, dropped 239) links     0  1.06 MiB
    121/3059  work-nuecc48-pr149csq6000                files    533 (kept 294, dropped 239) links     0  0.99 MiB
    122/3059  work-nuecc48-pr149cstsep05               files    530 (kept 293, dropped 237) links     0  0.98 MiB
    123/3059  work-nuecc48-pr149cstsep05r              files     11 (kept 9, dropped 2) links     0  0.06 MiB
    124/3059  work-nuecc48-pr149cstsep07               files    533 (kept 294, dropped 239) links     0  0.94 MiB
    125/3059  work-nuecc48-pr149kf                     files    533 (kept 294, dropped 239) links     0  1.00 MiB
    126/3059  work-nuecc48-pr149r2cs                   files    533 (kept 294, dropped 239) links     0  1.11 MiB
    127/3059  work-nuecc48-pr149r2rs                   files    533 (kept 294, dropped 239) links     0  0.99 MiB
    128/3059  work-nuecc48-pr149r2rscs                 files    533 (kept 294, dropped 239) links     0  1.04 MiB
    129/3059  work-nuecc48-pr149r2s0                   files    533 (kept 294, dropped 239) links     0  1.00 MiB
    130/3059  work-nuecc48-pr149s0                     files    533 (kept 294, dropped 239) links     0  1.00 MiB
    131/3059  work-nuecc48-pr149s0g                    files    533 (kept 294, dropped 239) links     0  0.75 MiB
    132/3059  work-nuecc48-pr149s0rep                  files    533 (kept 294, dropped 239) links     0  1.00 MiB
    133/3059  039252_0_d101vkfpr                       files      7 (kept 3, dropped 4) links     2  0.03 MiB
    134/3059  039252_0_d101vold                        files      7 (kept 3, dropped 4) links     2  0.03 MiB
    135/3059  039252_0_d16vnu                          files      7 (kept 3, dropped 4) links     2  0.03 MiB
    136/3059  039252_0_p100bd                          files      8 (kept 3, dropped 5) links     1  0.05 MiB
    137/3059  039252_0_p100bg                          files      8 (kept 3, dropped 5) links     1  0.05 MiB
    138/3059  039252_0_p100boff                        files      8 (kept 3, dropped 5) links     1  0.05 MiB
    139/3059  039252_0_p100spflip                      files     11 (kept 3, dropped 8) links     0  0.02 MiB
    140/3059  039252_0_p101cfg                         files      2 (kept 1, dropped 1) links    17  0.01 MiB
    141/3059  039252_0_p96vscope                       files      7 (kept 3, dropped 4) links     2  0.03 MiB
    142/3059  039252_0_p98g0                           files      7 (kept 3, dropped 4) links     2  0.03 MiB
    143/3059  039252_0_p98g2nol1                       files     11 (kept 3, dropped 8) links     0  0.02 MiB
    144/3059  039252_0_p98g2rep                        files     11 (kept 3, dropped 8) links     0  0.02 MiB
    145/3059  039252_0_p98kchk                         files     65 (kept 15, dropped 50) links     8  0.19 MiB
    146/3059  039252_0_p98kq                           files     40 (kept 6, dropped 34) links    17  0.16 MiB
    147/3059  039252_0_p98voff                         files     76 (kept 18, dropped 58) links     0  0.19 MiB
    148/3059  039252_0_p98voffq                        files     40 (kept 6, dropped 34) links    17  0.14 MiB
    149/3059  039252_0_p99rgon                         files      8 (kept 3, dropped 5) links     1  0.05 MiB
    150/3059  039252_0_p99rgprod                       files      8 (kept 3, dropped 5) links     1  0.03 MiB
    151/3059  039252_0_p99rwprod                       files     40 (kept 6, dropped 34) links    17  0.16 MiB
    152/3059  039252_0_p99w5                           files     11 (kept 3, dropped 8) links     0  0.02 MiB
    153/3059  039252_0_p99w6                           files     11 (kept 3, dropped 8) links     0  0.02 MiB
    154/3059  039252_0_q29base                         files     33 (kept 3, dropped 30) links    17  0.13 MiB
    155/3059  039252_0_q29c1                           files     33 (kept 3, dropped 30) links    17  0.13 MiB
    156/3059  039252_0_q29l1                           files     33 (kept 3, dropped 30) links    17  0.13 MiB
    157/3059  039252_0_q29l2                           files     33 (kept 3, dropped 30) links    17  0.13 MiB
    158/3059  039252_0_q29l3                           files     33 (kept 3, dropped 30) links    17  0.13 MiB
    159/3059  039252_0_q29l4                           files     33 (kept 3, dropped 30) links    17  0.13 MiB
    160/3059  039252_0_q29l5                           files     33 (kept 3, dropped 30) links    17  0.13 MiB
    161/3059  039252_0_q29l6                           files     33 (kept 3, dropped 30) links    17  0.13 MiB
    162/3059  039252_0_q29l7                           files     33 (kept 3, dropped 30) links    17  0.13 MiB
    163/3059  039252_0_q29l8                           files     33 (kept 3, dropped 30) links    17  0.13 MiB
    164/3059  039252_0_q29l9                           files     33 (kept 3, dropped 30) links    17  0.13 MiB
    165/3059  039252_0_q29v6                           files     33 (kept 3, dropped 30) links    17  0.13 MiB
    166/3059  039252_0_q29v6nw                         files     33 (kept 3, dropped 30) links    17  0.13 MiB
    167/3059  039252_0_q29v7nw                         files     33 (kept 3, dropped 30) links    17  0.13 MiB
    168/3059  039252_10_d101vkfpr                      files      4 (kept 3, dropped 1) links     2  0.04 MiB
    169/3059  039252_10_d101vold                       files      7 (kept 3, dropped 4) links     2  0.02 MiB
    170/3059  039252_10_d16vnu                         files      7 (kept 3, dropped 4) links     2  0.02 MiB
    171/3059  039252_10_p100bd                         files      8 (kept 3, dropped 5) links     1  0.04 MiB
    172/3059  039252_10_p100bg                         files      8 (kept 3, dropped 5) links     1  0.04 MiB
    173/3059  039252_10_p100boff                       files      8 (kept 3, dropped 5) links     1  0.03 MiB
    174/3059  039252_10_p96vscope                      files      7 (kept 3, dropped 4) links     2  0.02 MiB
    175/3059  039252_10_p98voff                        files     68 (kept 18, dropped 50) links     0  0.26 MiB
    176/3059  039252_10_p98voffq                       files     40 (kept 6, dropped 34) links    17  0.21 MiB
    177/3059  039252_10_p99rgon                        files      8 (kept 3, dropped 5) links     1  0.03 MiB
    178/3059  039252_10_p99rgprod                      files      8 (kept 3, dropped 5) links     1  0.02 MiB
    179/3059  039252_10_p99rwprod                      files     40 (kept 6, dropped 34) links    17  0.19 MiB
    180/3059  039252_10_q29base                        files     33 (kept 3, dropped 30) links    17  0.17 MiB
    181/3059  039252_10_q29c1                          files     33 (kept 3, dropped 30) links    17  0.17 MiB
    182/3059  039252_10_q29l1                          files     33 (kept 3, dropped 30) links    17  0.17 MiB
    183/3059  039252_10_q29l2                          files     33 (kept 3, dropped 30) links    17  0.17 MiB
    184/3059  039252_10_q29l3                          files     33 (kept 3, dropped 30) links    17  0.17 MiB
    185/3059  039252_10_q29l4                          files     33 (kept 3, dropped 30) links    17  0.17 MiB
    186/3059  039252_10_q29l5                          files     33 (kept 3, dropped 30) links    17  0.17 MiB
    187/3059  039252_10_q29l6                          files     33 (kept 3, dropped 30) links    17  0.17 MiB
    188/3059  039252_10_q29l7                          files     33 (kept 3, dropped 30) links    17  0.17 MiB
    189/3059  039252_10_q29l8                          files     33 (kept 3, dropped 30) links    17  0.17 MiB
    190/3059  039252_10_q29l9                          files     33 (kept 3, dropped 30) links    17  0.17 MiB
    191/3059  039252_10_q29v6                          files     33 (kept 3, dropped 30) links    17  0.18 MiB
    192/3059  039252_10_q29v6nw                        files     33 (kept 3, dropped 30) links    17  0.18 MiB
    193/3059  039252_10_q29v7nw                        files     33 (kept 3, dropped 30) links    17  0.17 MiB
    194/3059  039252_11_d101vkfpr                      files      0 (kept 0, dropped 0) links     2  0.00 MiB
    195/3059  039252_11_d101vold                       files      6 (kept 3, dropped 3) links     2  0.02 MiB
    196/3059  039252_11_d16vnu                         files      6 (kept 3, dropped 3) links     2  0.01 MiB
    197/3059  039252_11_p100bd                         files      8 (kept 3, dropped 5) links     1  0.02 MiB
    198/3059  039252_11_p100bg                         files      8 (kept 3, dropped 5) links     1  0.02 MiB
    199/3059  039252_11_p100boff                       files      8 (kept 3, dropped 5) links     1  0.02 MiB
    200/3059  039252_11_p96vscope                      files      6 (kept 3, dropped 3) links     2  0.01 MiB
    201/3059  039252_11_p98voff                        files     68 (kept 18, dropped 50) links     0  0.24 MiB
    202/3059  039252_11_p98voffq                       files     40 (kept 6, dropped 34) links    17  0.19 MiB
    203/3059  039252_11_p99rgon                        files      8 (kept 3, dropped 5) links     1  0.02 MiB
    204/3059  039252_11_p99rgprod                      files      7 (kept 3, dropped 4) links     1  0.01 MiB
    205/3059  039252_11_p99rwprod                      files     39 (kept 6, dropped 33) links    17  0.18 MiB
    206/3059  039252_11_q29base                        files     33 (kept 3, dropped 30) links    17  0.17 MiB
    207/3059  039252_11_q29c1                          files     33 (kept 3, dropped 30) links    17  0.17 MiB
    208/3059  039252_11_q29l1                          files     33 (kept 3, dropped 30) links    17  0.17 MiB
    209/3059  039252_11_q29l2                          files     33 (kept 3, dropped 30) links    17  0.17 MiB
    210/3059  039252_11_q29l3                          files     33 (kept 3, dropped 30) links    17  0.17 MiB
    211/3059  039252_11_q29l4                          files     33 (kept 3, dropped 30) links    17  0.17 MiB
    212/3059  039252_11_q29l5                          files     33 (kept 3, dropped 30) links    17  0.17 MiB
    213/3059  039252_11_q29l6                          files     33 (kept 3, dropped 30) links    17  0.17 MiB
    214/3059  039252_11_q29l7                          files     33 (kept 3, dropped 30) links    17  0.17 MiB
    215/3059  039252_11_q29l8                          files     33 (kept 3, dropped 30) links    17  0.17 MiB
    216/3059  039252_11_q29l9                          files     33 (kept 3, dropped 30) links    17  0.17 MiB
    217/3059  039252_11_q29v6                          files     33 (kept 3, dropped 30) links    17  0.16 MiB
    218/3059  039252_11_q29v6nw                        files     33 (kept 3, dropped 30) links    17  0.16 MiB
    219/3059  039252_11_q29v7nw                        files     33 (kept 3, dropped 30) links    17  0.17 MiB
    220/3059  039252_12_d101vkfpr                      files      0 (kept 0, dropped 0) links     2  0.00 MiB
    221/3059  039252_12_d101vold                       files      7 (kept 3, dropped 4) links     2  0.08 MiB
    222/3059  039252_12_d16vnu                         files      7 (kept 3, dropped 4) links     2  0.08 MiB
    223/3059  039252_12_p100bd                         files      8 (kept 3, dropped 5) links     1  0.31 MiB
    224/3059  039252_12_p100bg                         files      8 (kept 3, dropped 5) links     1  0.31 MiB
    225/3059  039252_12_p100boff                       files      8 (kept 3, dropped 5) links     1  0.30 MiB
    226/3059  039252_12_p96vscope                      files      7 (kept 3, dropped 4) links     2  0.08 MiB
    227/3059  039252_12_p98voff                        files     68 (kept 18, dropped 50) links     0  0.25 MiB
    228/3059  039252_12_p98voffq                       files     40 (kept 6, dropped 34) links    17  0.20 MiB
    229/3059  039252_12_p99rgon                        files      8 (kept 3, dropped 5) links     1  0.30 MiB
    230/3059  039252_12_p99rgprod                      files      8 (kept 3, dropped 5) links     1  0.08 MiB
    231/3059  039252_12_p99rwprod                      files     40 (kept 6, dropped 34) links    17  0.26 MiB
    232/3059  039252_12_q29base                        files     33 (kept 3, dropped 30) links    17  0.17 MiB
    233/3059  039252_12_q29c1                          files     33 (kept 3, dropped 30) links    17  0.17 MiB
    234/3059  039252_12_q29l1                          files     33 (kept 3, dropped 30) links    17  0.17 MiB
    235/3059  039252_12_q29l2                          files     33 (kept 3, dropped 30) links    17  0.17 MiB
    236/3059  039252_12_q29l3                          files     33 (kept 3, dropped 30) links    17  0.17 MiB
    237/3059  039252_12_q29l4                          files     33 (kept 3, dropped 30) links    17  0.17 MiB
    238/3059  039252_12_q29l5                          files     33 (kept 3, dropped 30) links    17  0.17 MiB
    239/3059  039252_12_q29l6                          files     33 (kept 3, dropped 30) links    17  0.17 MiB
    240/3059  039252_12_q29l7                          files     33 (kept 3, dropped 30) links    17  0.17 MiB
    241/3059  039252_12_q29l8                          files     33 (kept 3, dropped 30) links    17  0.17 MiB
    242/3059  039252_12_q29l9                          files     33 (kept 3, dropped 30) links    17  0.17 MiB
    243/3059  039252_12_q29v6                          files     33 (kept 3, dropped 30) links    17  0.18 MiB
    244/3059  039252_12_q29v6nw                        files     33 (kept 3, dropped 30) links    17  0.18 MiB
    245/3059  039252_12_q29v7nw                        files     33 (kept 3, dropped 30) links    17  0.17 MiB
    246/3059  039252_13_d101vkfpr                      files      0 (kept 0, dropped 0) links     2  0.00 MiB
    247/3059  039252_13_d101vold                       files      7 (kept 3, dropped 4) links     2  0.14 MiB
    248/3059  039252_13_d16vnu                         files      7 (kept 3, dropped 4) links     2  0.13 MiB
    249/3059  039252_13_p100bd                         files      8 (kept 3, dropped 5) links     1  0.06 MiB
    250/3059  039252_13_p100bg                         files      8 (kept 3, dropped 5) links     1  0.06 MiB
    251/3059  039252_13_p100boff                       files      8 (kept 3, dropped 5) links     1  0.06 MiB
    252/3059  039252_13_p96vscope                      files      7 (kept 3, dropped 4) links     2  0.13 MiB
    253/3059  039252_13_p98kchk                        files     65 (kept 15, dropped 50) links     8  0.31 MiB
    254/3059  039252_13_p98kq                          files     40 (kept 6, dropped 34) links    17  0.27 MiB
    255/3059  039252_13_p98voff                        files     67 (kept 18, dropped 49) links     0  0.21 MiB
    256/3059  039252_13_p98voffq                       files     39 (kept 6, dropped 33) links    17  0.16 MiB
    257/3059  039252_13_p99rgon                        files      8 (kept 3, dropped 5) links     1  0.06 MiB
    258/3059  039252_13_p99rgprod                      files      8 (kept 3, dropped 5) links     1  0.14 MiB
    259/3059  039252_13_p99rwprod                      files     40 (kept 6, dropped 34) links    17  0.27 MiB
    260/3059  039252_13_q29base                        files     33 (kept 3, dropped 30) links    17  0.15 MiB
    261/3059  039252_13_q29c1                          files     33 (kept 3, dropped 30) links    17  0.15 MiB
    262/3059  039252_13_q29l1                          files     33 (kept 3, dropped 30) links    17  0.15 MiB
    263/3059  039252_13_q29l2                          files     33 (kept 3, dropped 30) links    17  0.15 MiB
    264/3059  039252_13_q29l3                          files     33 (kept 3, dropped 30) links    17  0.15 MiB
    265/3059  039252_13_q29l4                          files     33 (kept 3, dropped 30) links    17  0.15 MiB
    266/3059  039252_13_q29l5                          files     33 (kept 3, dropped 30) links    17  0.15 MiB
    267/3059  039252_13_q29l6                          files     33 (kept 3, dropped 30) links    17  0.15 MiB
    268/3059  039252_13_q29l7                          files     33 (kept 3, dropped 30) links    17  0.15 MiB
    269/3059  039252_13_q29l8                          files     33 (kept 3, dropped 30) links    17  0.15 MiB
    270/3059  039252_13_q29l9                          files     33 (kept 3, dropped 30) links    17  0.15 MiB
    271/3059  039252_13_q29v6                          files     33 (kept 3, dropped 30) links    17  0.14 MiB
    272/3059  039252_13_q29v6nw                        files     33 (kept 3, dropped 30) links    17  0.14 MiB
    273/3059  039252_13_q29v7nw                        files     33 (kept 3, dropped 30) links    17  0.15 MiB
    274/3059  039252_14_d101vkfpr                      files      0 (kept 0, dropped 0) links     2  0.00 MiB
    275/3059  039252_14_d101vold                       files      7 (kept 3, dropped 4) links     2  0.13 MiB
    276/3059  039252_14_d16vnu                         files      7 (kept 3, dropped 4) links     2  0.13 MiB
    277/3059  039252_14_p100bd                         files      8 (kept 3, dropped 5) links     1  0.08 MiB
    278/3059  039252_14_p100bg                         files      8 (kept 3, dropped 5) links     1  0.08 MiB
    279/3059  039252_14_p100boff                       files      8 (kept 3, dropped 5) links     1  0.05 MiB
    280/3059  039252_14_p96vscope                      files      7 (kept 3, dropped 4) links     2  0.13 MiB
    281/3059  039252_14_p98voff                        files     68 (kept 18, dropped 50) links     0  0.26 MiB
    282/3059  039252_14_p98voffq                       files     40 (kept 6, dropped 34) links    17  0.21 MiB
    283/3059  039252_14_p99rgon                        files      8 (kept 3, dropped 5) links     1  0.05 MiB
    284/3059  039252_14_p99rgprod                      files      8 (kept 3, dropped 5) links     1  0.13 MiB
    285/3059  039252_14_p99rwprod                      files     40 (kept 6, dropped 34) links    17  0.31 MiB
    286/3059  039252_14_q29base                        files     33 (kept 3, dropped 30) links    17  0.18 MiB
    287/3059  039252_14_q29c1                          files     33 (kept 3, dropped 30) links    17  0.18 MiB
    288/3059  039252_14_q29l1                          files     33 (kept 3, dropped 30) links    17  0.18 MiB
    289/3059  039252_14_q29l2                          files     33 (kept 3, dropped 30) links    17  0.18 MiB
    290/3059  039252_14_q29l3                          files     33 (kept 3, dropped 30) links    17  0.18 MiB
    291/3059  039252_14_q29l4                          files     33 (kept 3, dropped 30) links    17  0.18 MiB
    292/3059  039252_14_q29l5                          files     33 (kept 3, dropped 30) links    17  0.18 MiB
    293/3059  039252_14_q29l6                          files     33 (kept 3, dropped 30) links    17  0.18 MiB
    294/3059  039252_14_q29l7                          files     33 (kept 3, dropped 30) links    17  0.18 MiB
    295/3059  039252_14_q29l8                          files     33 (kept 3, dropped 30) links    17  0.19 MiB
    296/3059  039252_14_q29l9                          files     33 (kept 3, dropped 30) links    17  0.18 MiB
    297/3059  039252_14_q29v6                          files     33 (kept 3, dropped 30) links    17  0.17 MiB
    298/3059  039252_14_q29v6nw                        files     33 (kept 3, dropped 30) links    17  0.17 MiB
    299/3059  039252_14_q29v7nw                        files     33 (kept 3, dropped 30) links    17  0.18 MiB
    300/3059  039252_15_d101vkfpr                      files      0 (kept 0, dropped 0) links     2  0.00 MiB
    301/3059  039252_15_d101vold                       files      7 (kept 3, dropped 4) links     2  0.02 MiB
    302/3059  039252_15_d16vnu                         files      7 (kept 3, dropped 4) links     2  0.02 MiB
    303/3059  039252_15_p100bd                         files      8 (kept 3, dropped 5) links     1  0.10 MiB
    304/3059  039252_15_p100bg                         files      8 (kept 3, dropped 5) links     1  0.10 MiB
    305/3059  039252_15_p100boff                       files      8 (kept 3, dropped 5) links     1  0.03 MiB
    306/3059  039252_15_p96vscope                      files      7 (kept 3, dropped 4) links     2  0.02 MiB
    307/3059  039252_15_p98voff                        files     68 (kept 18, dropped 50) links     0  0.28 MiB
    308/3059  039252_15_p98voffq                       files     40 (kept 6, dropped 34) links    17  0.23 MiB
    309/3059  039252_15_p99rgon                        files      8 (kept 3, dropped 5) links     1  0.03 MiB
    310/3059  039252_15_p99rgprod                      files      8 (kept 3, dropped 5) links     1  0.02 MiB
    311/3059  039252_15_p99rwprod                      files     40 (kept 6, dropped 34) links    17  0.22 MiB
    312/3059  039252_15_q29base                        files     33 (kept 3, dropped 30) links    17  0.21 MiB
    313/3059  039252_15_q29c1                          files     33 (kept 3, dropped 30) links    17  0.21 MiB
    314/3059  039252_15_q29l1                          files     33 (kept 3, dropped 30) links    17  0.21 MiB
    315/3059  039252_15_q29l2                          files     33 (kept 3, dropped 30) links    17  0.21 MiB
    316/3059  039252_15_q29l3                          files     33 (kept 3, dropped 30) links    17  0.21 MiB
    317/3059  039252_15_q29l4                          files     33 (kept 3, dropped 30) links    17  0.21 MiB
    318/3059  039252_15_q29l5                          files     33 (kept 3, dropped 30) links    17  0.21 MiB
    319/3059  039252_15_q29l6                          files     33 (kept 3, dropped 30) links    17  0.21 MiB
    320/3059  039252_15_q29l7                          files     33 (kept 3, dropped 30) links    17  0.21 MiB
    321/3059  039252_15_q29l8                          files     33 (kept 3, dropped 30) links    17  0.21 MiB
    322/3059  039252_15_q29l9                          files     33 (kept 3, dropped 30) links    17  0.21 MiB
    323/3059  039252_15_q29v6                          files     33 (kept 3, dropped 30) links    17  0.19 MiB
    324/3059  039252_15_q29v6nw                        files     33 (kept 3, dropped 30) links    17  0.19 MiB
    325/3059  039252_15_q29v7nw                        files     33 (kept 3, dropped 30) links    17  0.21 MiB
    326/3059  039252_16_d101vkfpr                      files      0 (kept 0, dropped 0) links     2  0.00 MiB
    327/3059  039252_16_d101vold                       files      7 (kept 3, dropped 4) links     2  0.06 MiB
    328/3059  039252_16_d16vnu                         files      7 (kept 3, dropped 4) links     2  0.07 MiB
    329/3059  039252_16_p100bd                         files      8 (kept 3, dropped 5) links     1  0.10 MiB
    330/3059  039252_16_p100bg                         files      8 (kept 3, dropped 5) links     1  0.10 MiB
    331/3059  039252_16_p100boff                       files      8 (kept 3, dropped 5) links     1  0.09 MiB
    332/3059  039252_16_p96vscope                      files      7 (kept 3, dropped 4) links     2  0.06 MiB
    333/3059  039252_16_p98voff                        files     68 (kept 18, dropped 50) links     0  0.25 MiB
    334/3059  039252_16_p98voffq                       files     40 (kept 6, dropped 34) links    17  0.20 MiB
    335/3059  039252_16_p99rgon                        files      8 (kept 3, dropped 5) links     1  0.09 MiB
    336/3059  039252_16_p99rgprod                      files      8 (kept 3, dropped 5) links     1  0.06 MiB
    337/3059  039252_16_p99rwprod                      files     40 (kept 6, dropped 34) links    17  0.22 MiB
    338/3059  039252_16_q29base                        files     33 (kept 3, dropped 30) links    17  0.18 MiB
    339/3059  039252_16_q29c1                          files     33 (kept 3, dropped 30) links    17  0.18 MiB
    340/3059  039252_16_q29l1                          files     33 (kept 3, dropped 30) links    17  0.18 MiB
    341/3059  039252_16_q29l2                          files     33 (kept 3, dropped 30) links    17  0.17 MiB
    342/3059  039252_16_q29l3                          files     33 (kept 3, dropped 30) links    17  0.17 MiB
    343/3059  039252_16_q29l4                          files     33 (kept 3, dropped 30) links    17  0.17 MiB
    344/3059  039252_16_q29l5                          files     33 (kept 3, dropped 30) links    17  0.18 MiB
    345/3059  039252_16_q29l6                          files     33 (kept 3, dropped 30) links    17  0.17 MiB
    346/3059  039252_16_q29l7                          files     33 (kept 3, dropped 30) links    17  0.17 MiB
    347/3059  039252_16_q29l8                          files     33 (kept 3, dropped 30) links    17  0.18 MiB
    348/3059  039252_16_q29l9                          files     33 (kept 3, dropped 30) links    17  0.18 MiB
    349/3059  039252_16_q29v6                          files     33 (kept 3, dropped 30) links    17  0.16 MiB
    350/3059  039252_16_q29v6nw                        files     33 (kept 3, dropped 30) links    17  0.16 MiB
    351/3059  039252_16_q29v7nw                        files     33 (kept 3, dropped 30) links    17  0.18 MiB
    352/3059  039252_17_d101vkfpr                      files      0 (kept 0, dropped 0) links     2  0.00 MiB
    353/3059  039252_17_d101vold                       files      7 (kept 3, dropped 4) links     2  0.03 MiB
    354/3059  039252_17_d16vnu                         files      7 (kept 3, dropped 4) links     2  0.03 MiB
    355/3059  039252_17_p100bd                         files      8 (kept 3, dropped 5) links     1  0.05 MiB
    356/3059  039252_17_p100bg                         files      8 (kept 3, dropped 5) links     1  0.05 MiB
    357/3059  039252_17_p100boff                       files      8 (kept 3, dropped 5) links     1  0.04 MiB
    358/3059  039252_17_p96vscope                      files      7 (kept 3, dropped 4) links     2  0.03 MiB
    359/3059  039252_17_p98voff                        files     68 (kept 18, dropped 50) links     0  0.26 MiB
    360/3059  039252_17_p98voffq                       files     40 (kept 6, dropped 34) links    17  0.21 MiB
    361/3059  039252_17_p99rgon                        files      8 (kept 3, dropped 5) links     1  0.04 MiB
    362/3059  039252_17_p99rgprod                      files      8 (kept 3, dropped 5) links     1  0.03 MiB
    363/3059  039252_17_p99rwprod                      files     40 (kept 6, dropped 34) links    17  0.21 MiB
    364/3059  039252_17_q29base                        files     33 (kept 3, dropped 30) links    17  0.18 MiB
    365/3059  039252_17_q29c1                          files     33 (kept 3, dropped 30) links    17  0.18 MiB
    366/3059  039252_17_q29l1                          files     33 (kept 3, dropped 30) links    17  0.18 MiB
    367/3059  039252_17_q29l2                          files     33 (kept 3, dropped 30) links    17  0.18 MiB
    368/3059  039252_17_q29l3                          files     33 (kept 3, dropped 30) links    17  0.18 MiB
    369/3059  039252_17_q29l4                          files     33 (kept 3, dropped 30) links    17  0.18 MiB
    370/3059  039252_17_q29l5                          files     33 (kept 3, dropped 30) links    17  0.18 MiB
    371/3059  039252_17_q29l6                          files     33 (kept 3, dropped 30) links    17  0.18 MiB
    372/3059  039252_17_q29l7                          files     33 (kept 3, dropped 30) links    17  0.18 MiB
    373/3059  039252_17_q29l8                          files     33 (kept 3, dropped 30) links    17  0.18 MiB
    374/3059  039252_17_q29l9                          files     33 (kept 3, dropped 30) links    17  0.18 MiB
    375/3059  039252_17_q29v6                          files     33 (kept 3, dropped 30) links    17  0.17 MiB
    376/3059  039252_17_q29v6nw                        files     33 (kept 3, dropped 30) links    17  0.17 MiB
    377/3059  039252_17_q29v7nw                        files     33 (kept 3, dropped 30) links    17  0.18 MiB
    378/3059  039252_1_d101vkfpr                       files      7 (kept 3, dropped 4) links     2  0.03 MiB
    379/3059  039252_1_d101vold                        files      7 (kept 3, dropped 4) links     2  0.03 MiB
    380/3059  039252_1_d16vnu                          files      7 (kept 3, dropped 4) links     2  0.02 MiB
    381/3059  039252_1_p100bd                          files      8 (kept 3, dropped 5) links     1  0.05 MiB
    382/3059  039252_1_p100bg                          files      8 (kept 3, dropped 5) links     1  0.05 MiB
    383/3059  039252_1_p100boff                        files      8 (kept 3, dropped 5) links     1  0.03 MiB
    384/3059  039252_1_p96vscope                       files      7 (kept 3, dropped 4) links     2  0.03 MiB
    385/3059  039252_1_p98voff                         files     68 (kept 18, dropped 50) links     0  0.24 MiB
    386/3059  039252_1_p98voffq                        files     40 (kept 6, dropped 34) links    17  0.19 MiB
    387/3059  039252_1_p99rgon                         files      8 (kept 3, dropped 5) links     1  0.03 MiB
    388/3059  039252_1_p99rgprod                       files      8 (kept 3, dropped 5) links     1  0.03 MiB
    389/3059  039252_1_p99rwprod                       files     40 (kept 6, dropped 34) links    17  0.18 MiB
    390/3059  039252_1_q29base                         files     33 (kept 3, dropped 30) links    17  0.16 MiB
    391/3059  039252_1_q29c1                           files     33 (kept 3, dropped 30) links    17  0.16 MiB
    392/3059  039252_1_q29l1                           files     33 (kept 3, dropped 30) links    17  0.16 MiB
    393/3059  039252_1_q29l2                           files     33 (kept 3, dropped 30) links    17  0.16 MiB
    394/3059  039252_1_q29l3                           files     33 (kept 3, dropped 30) links    17  0.16 MiB
    395/3059  039252_1_q29l4                           files     33 (kept 3, dropped 30) links    17  0.16 MiB
    396/3059  039252_1_q29l5                           files     33 (kept 3, dropped 30) links    17  0.16 MiB
    397/3059  039252_1_q29l6                           files     33 (kept 3, dropped 30) links    17  0.16 MiB
    398/3059  039252_1_q29l7                           files     33 (kept 3, dropped 30) links    17  0.16 MiB
    399/3059  039252_1_q29l8                           files     33 (kept 3, dropped 30) links    17  0.16 MiB
    400/3059  039252_1_q29l9                           files     33 (kept 3, dropped 30) links    17  0.16 MiB
    401/3059  039252_1_q29v6                           files     33 (kept 3, dropped 30) links    17  0.15 MiB
    402/3059  039252_1_q29v6nw                         files     33 (kept 3, dropped 30) links    17  0.15 MiB
    403/3059  039252_1_q29v7nw                         files     33 (kept 3, dropped 30) links    17  0.16 MiB
    404/3059  039252_2_d101vkfpr                       files      7 (kept 3, dropped 4) links     2  0.10 MiB
    405/3059  039252_2_d101vold                        files      7 (kept 3, dropped 4) links     2  0.10 MiB
    406/3059  039252_2_d16vnu                          files      7 (kept 3, dropped 4) links     2  0.09 MiB
    407/3059  039252_2_p100bd                          files      8 (kept 3, dropped 5) links     1  0.03 MiB
    408/3059  039252_2_p100bg                          files      8 (kept 3, dropped 5) links     1  0.03 MiB
    409/3059  039252_2_p100boff                        files      8 (kept 3, dropped 5) links     1  0.02 MiB
    410/3059  039252_2_p96vscope                       files      7 (kept 3, dropped 4) links     2  0.10 MiB
    411/3059  039252_2_p98voff                         files     76 (kept 18, dropped 58) links     0  0.27 MiB
    412/3059  039252_2_p98voffq                        files     40 (kept 6, dropped 34) links    17  0.22 MiB
    413/3059  039252_2_p99rgon                         files      8 (kept 3, dropped 5) links     1  0.02 MiB
    414/3059  039252_2_p99rgprod                       files      8 (kept 3, dropped 5) links     1  0.10 MiB
    415/3059  039252_2_p99rwprod                       files     40 (kept 6, dropped 34) links    17  0.29 MiB
    416/3059  039252_2_q29base                         files     33 (kept 3, dropped 30) links    17  0.19 MiB
    417/3059  039252_2_q29c1                           files     33 (kept 3, dropped 30) links    17  0.19 MiB
    418/3059  039252_2_q29l1                           files     33 (kept 3, dropped 30) links    17  0.19 MiB
    419/3059  039252_2_q29l2                           files     33 (kept 3, dropped 30) links    17  0.20 MiB
    420/3059  039252_2_q29l3                           files     33 (kept 3, dropped 30) links    17  0.20 MiB
    421/3059  039252_2_q29l4                           files     33 (kept 3, dropped 30) links    17  0.20 MiB
    422/3059  039252_2_q29l5                           files     33 (kept 3, dropped 30) links    17  0.19 MiB
    423/3059  039252_2_q29l6                           files     33 (kept 3, dropped 30) links    17  0.20 MiB
    424/3059  039252_2_q29l7                           files     33 (kept 3, dropped 30) links    17  0.20 MiB
    425/3059  039252_2_q29l8                           files     33 (kept 3, dropped 30) links    17  0.20 MiB
    426/3059  039252_2_q29l9                           files     33 (kept 3, dropped 30) links    17  0.20 MiB
    427/3059  039252_2_q29v6                           files     33 (kept 3, dropped 30) links    17  0.19 MiB
    428/3059  039252_2_q29v6nw                         files     33 (kept 3, dropped 30) links    17  0.19 MiB
    429/3059  039252_2_q29v7nw                         files     33 (kept 3, dropped 30) links    17  0.19 MiB
    430/3059  039252_3_d101vkfpr                       files      7 (kept 3, dropped 4) links     2  0.08 MiB
    431/3059  039252_3_d101vold                        files      7 (kept 3, dropped 4) links     2  0.08 MiB
    432/3059  039252_3_d16vnu                          files      7 (kept 3, dropped 4) links     2  0.08 MiB
    433/3059  039252_3_p100bd                          files      8 (kept 3, dropped 5) links     1  0.08 MiB
    434/3059  039252_3_p100bg                          files      8 (kept 3, dropped 5) links     1  0.08 MiB
    435/3059  039252_3_p100boff                        files      8 (kept 3, dropped 5) links     1  0.08 MiB
    436/3059  039252_3_p96vscope                       files      7 (kept 3, dropped 4) links     2  0.08 MiB
    437/3059  039252_3_p98voff                         files     68 (kept 18, dropped 50) links     0  0.25 MiB
    438/3059  039252_3_p98voffq                        files     40 (kept 6, dropped 34) links    17  0.21 MiB
    439/3059  039252_3_p99rgon                         files      8 (kept 3, dropped 5) links     1  0.08 MiB
    440/3059  039252_3_p99rgprod                       files      8 (kept 3, dropped 5) links     1  0.08 MiB
    441/3059  039252_3_p99rwprod                       files     40 (kept 6, dropped 34) links    17  0.22 MiB
    442/3059  039252_3_q29base                         files     33 (kept 3, dropped 30) links    17  0.15 MiB
    443/3059  039252_3_q29c1                           files     33 (kept 3, dropped 30) links    17  0.15 MiB
    444/3059  039252_3_q29l1                           files     33 (kept 3, dropped 30) links    17  0.15 MiB
    445/3059  039252_3_q29l2                           files     33 (kept 3, dropped 30) links    17  0.15 MiB
    446/3059  039252_3_q29l3                           files     33 (kept 3, dropped 30) links    17  0.15 MiB
    447/3059  039252_3_q29l4                           files     33 (kept 3, dropped 30) links    17  0.15 MiB
    448/3059  039252_3_q29l5                           files     33 (kept 3, dropped 30) links    17  0.15 MiB
    449/3059  039252_3_q29l6                           files     33 (kept 3, dropped 30) links    17  0.15 MiB
    450/3059  039252_3_q29l7                           files     33 (kept 3, dropped 30) links    17  0.15 MiB
    451/3059  039252_3_q29l8                           files     33 (kept 3, dropped 30) links    17  0.15 MiB
    452/3059  039252_3_q29l9                           files     33 (kept 3, dropped 30) links    17  0.15 MiB
    453/3059  039252_3_q29v6                           files     33 (kept 3, dropped 30) links    17  0.14 MiB
    454/3059  039252_3_q29v6nw                         files     33 (kept 3, dropped 30) links    17  0.14 MiB
    455/3059  039252_3_q29v7nw                         files     33 (kept 3, dropped 30) links    17  0.15 MiB
    456/3059  039252_4_d101vkfpr                       files      7 (kept 3, dropped 4) links     2  0.02 MiB
    457/3059  039252_4_d101vold                        files      7 (kept 3, dropped 4) links     2  0.02 MiB
    458/3059  039252_4_d16vnu                          files      7 (kept 3, dropped 4) links     2  0.02 MiB
    459/3059  039252_4_p100bd                          files      8 (kept 3, dropped 5) links     1  0.05 MiB
    460/3059  039252_4_p100bg                          files      8 (kept 3, dropped 5) links     1  0.05 MiB
    461/3059  039252_4_p100boff                        files      8 (kept 3, dropped 5) links     1  0.05 MiB
    462/3059  039252_4_p96vscope                       files      7 (kept 3, dropped 4) links     2  0.02 MiB
    463/3059  039252_4_p98voff                         files     68 (kept 18, dropped 50) links     0  0.25 MiB
    464/3059  039252_4_p98voffq                        files     40 (kept 6, dropped 34) links    17  0.20 MiB
    465/3059  039252_4_p99rgon                         files      8 (kept 3, dropped 5) links     1  0.04 MiB
    466/3059  039252_4_p99rgprod                       files      8 (kept 3, dropped 5) links     1  0.02 MiB
    467/3059  039252_4_p99rwprod                       files     40 (kept 6, dropped 34) links    17  0.19 MiB
    468/3059  039252_4_q29base                         files     33 (kept 3, dropped 30) links    17  0.18 MiB
    469/3059  039252_4_q29c1                           files     33 (kept 3, dropped 30) links    17  0.18 MiB
    470/3059  039252_4_q29l1                           files     33 (kept 3, dropped 30) links    17  0.18 MiB
    471/3059  039252_4_q29l2                           files     33 (kept 3, dropped 30) links    17  0.18 MiB
    472/3059  039252_4_q29l3                           files     33 (kept 3, dropped 30) links    17  0.18 MiB
    473/3059  039252_4_q29l4                           files     33 (kept 3, dropped 30) links    17  0.18 MiB
    474/3059  039252_4_q29l5                           files     33 (kept 3, dropped 30) links    17  0.18 MiB
    475/3059  039252_4_q29l6                           files     33 (kept 3, dropped 30) links    17  0.18 MiB
    476/3059  039252_4_q29l7                           files     33 (kept 3, dropped 30) links    17  0.18 MiB
    477/3059  039252_4_q29l8                           files     33 (kept 3, dropped 30) links    17  0.18 MiB
    478/3059  039252_4_q29l9                           files     33 (kept 3, dropped 30) links    17  0.18 MiB
    479/3059  039252_4_q29v6                           files     33 (kept 3, dropped 30) links    17  0.17 MiB
    480/3059  039252_4_q29v6nw                         files     33 (kept 3, dropped 30) links    17  0.17 MiB
    481/3059  039252_4_q29v7nw                         files     33 (kept 3, dropped 30) links    17  0.18 MiB
    482/3059  039252_5_d101vkfpr                       files      7 (kept 3, dropped 4) links     2  0.05 MiB
    483/3059  039252_5_d101vold                        files      7 (kept 3, dropped 4) links     2  0.02 MiB
    484/3059  039252_5_d16vnu                          files      7 (kept 3, dropped 4) links     2  0.02 MiB
    485/3059  039252_5_p100bd                          files      8 (kept 3, dropped 5) links     1  0.24 MiB
    486/3059  039252_5_p100bg                          files      8 (kept 3, dropped 5) links     1  0.24 MiB
    487/3059  039252_5_p100boff                        files      8 (kept 3, dropped 5) links     1  0.21 MiB
    488/3059  039252_5_p96vscope                       files      7 (kept 3, dropped 4) links     2  0.02 MiB
    489/3059  039252_5_p98voff                         files     68 (kept 18, dropped 50) links     0  0.24 MiB
    490/3059  039252_5_p98voffq                        files     40 (kept 6, dropped 34) links    17  0.19 MiB
    491/3059  039252_5_p99rgon                         files      8 (kept 3, dropped 5) links     1  0.21 MiB
    492/3059  039252_5_p99rgprod                       files      8 (kept 3, dropped 5) links     1  0.02 MiB
    493/3059  039252_5_p99rwprod                       files     40 (kept 6, dropped 34) links    17  0.17 MiB
    494/3059  039252_5_q29base                         files     33 (kept 3, dropped 30) links    17  0.16 MiB
    495/3059  039252_5_q29c1                           files     33 (kept 3, dropped 30) links    17  0.16 MiB
    496/3059  039252_5_q29l1                           files     33 (kept 3, dropped 30) links    17  0.16 MiB
    497/3059  039252_5_q29l2                           files     33 (kept 3, dropped 30) links    17  0.16 MiB
    498/3059  039252_5_q29l3                           files     33 (kept 3, dropped 30) links    17  0.16 MiB
    499/3059  039252_5_q29l4                           files     33 (kept 3, dropped 30) links    17  0.16 MiB
    500/3059  039252_5_q29l5                           files     33 (kept 3, dropped 30) links    17  0.16 MiB
    501/3059  039252_5_q29l6                           files     33 (kept 3, dropped 30) links    17  0.16 MiB
    502/3059  039252_5_q29l7                           files     33 (kept 3, dropped 30) links    17  0.16 MiB
    503/3059  039252_5_q29l8                           files     33 (kept 3, dropped 30) links    17  0.16 MiB
    504/3059  039252_5_q29l9                           files     33 (kept 3, dropped 30) links    17  0.16 MiB
    505/3059  039252_5_q29v6                           files     33 (kept 3, dropped 30) links    17  0.15 MiB
    506/3059  039252_5_q29v6nw                         files     33 (kept 3, dropped 30) links    17  0.15 MiB
    507/3059  039252_5_q29v7nw                         files     33 (kept 3, dropped 30) links    17  0.16 MiB
    508/3059  039252_6_d101vkfpr                       files      7 (kept 3, dropped 4) links     2  0.04 MiB
    509/3059  039252_6_d101vold                        files      7 (kept 3, dropped 4) links     2  0.04 MiB
    510/3059  039252_6_d16vnu                          files      7 (kept 3, dropped 4) links     2  0.04 MiB
    511/3059  039252_6_p100bd                          files      8 (kept 3, dropped 5) links     1  0.05 MiB
    512/3059  039252_6_p100bg                          files      8 (kept 3, dropped 5) links     1  0.05 MiB
    513/3059  039252_6_p100boff                        files      8 (kept 3, dropped 5) links     1  0.04 MiB
    514/3059  039252_6_p96vscope                       files      7 (kept 3, dropped 4) links     2  0.04 MiB
    515/3059  039252_6_p98voff                         files     68 (kept 18, dropped 50) links     0  0.31 MiB
    516/3059  039252_6_p98voffq                        files     40 (kept 6, dropped 34) links    17  0.26 MiB
    517/3059  039252_6_p99rgon                         files      8 (kept 3, dropped 5) links     1  0.04 MiB
    518/3059  039252_6_p99rgprod                       files      8 (kept 3, dropped 5) links     1  0.04 MiB
    519/3059  039252_6_p99rwprod                       files     40 (kept 6, dropped 34) links    17  0.20 MiB
    520/3059  039252_6_q29base                         files     33 (kept 3, dropped 30) links    17  0.16 MiB
    521/3059  039252_6_q29c1                           files     33 (kept 3, dropped 30) links    17  0.16 MiB
    522/3059  039252_6_q29l1                           files     33 (kept 3, dropped 30) links    17  0.16 MiB
    523/3059  039252_6_q29l2                           files     33 (kept 3, dropped 30) links    17  0.16 MiB
    524/3059  039252_6_q29l3                           files     33 (kept 3, dropped 30) links    17  0.16 MiB
    525/3059  039252_6_q29l4                           files     33 (kept 3, dropped 30) links    17  0.16 MiB
    526/3059  039252_6_q29l5                           files     33 (kept 3, dropped 30) links    17  0.16 MiB
    527/3059  039252_6_q29l6                           files     33 (kept 3, dropped 30) links    17  0.16 MiB
    528/3059  039252_6_q29l7                           files     33 (kept 3, dropped 30) links    17  0.16 MiB
    529/3059  039252_6_q29l8                           files     33 (kept 3, dropped 30) links    17  0.16 MiB
    530/3059  039252_6_q29l9                           files     33 (kept 3, dropped 30) links    17  0.16 MiB
    531/3059  039252_6_q29v6                           files     33 (kept 3, dropped 30) links    17  0.17 MiB
    532/3059  039252_6_q29v6nw                         files     33 (kept 3, dropped 30) links    17  0.17 MiB
    533/3059  039252_6_q29v7nw                         files     33 (kept 3, dropped 30) links    17  0.16 MiB
    534/3059  039252_7_d101vkfpr                       files      7 (kept 3, dropped 4) links     2  0.03 MiB
    535/3059  039252_7_d101vold                        files      7 (kept 3, dropped 4) links     2  0.03 MiB
    536/3059  039252_7_d16vnu                          files      7 (kept 3, dropped 4) links     2  0.02 MiB
    537/3059  039252_7_p100bd                          files      8 (kept 3, dropped 5) links     1  0.03 MiB
    538/3059  039252_7_p100bg                          files      8 (kept 3, dropped 5) links     1  0.03 MiB
    539/3059  039252_7_p100boff                        files      8 (kept 3, dropped 5) links     1  0.03 MiB
    540/3059  039252_7_p96vscope                       files      7 (kept 3, dropped 4) links     2  0.03 MiB
    541/3059  039252_7_p98voff                         files     68 (kept 18, dropped 50) links     0  0.25 MiB
    542/3059  039252_7_p98voffq                        files     40 (kept 6, dropped 34) links    17  0.20 MiB
    543/3059  039252_7_p99rgon                         files      8 (kept 3, dropped 5) links     1  0.03 MiB
    544/3059  039252_7_p99rgprod                       files      8 (kept 3, dropped 5) links     1  0.03 MiB
    545/3059  039252_7_p99rwprod                       files     40 (kept 6, dropped 34) links    17  0.20 MiB
    546/3059  039252_7_q29base                         files     33 (kept 3, dropped 30) links    17  0.17 MiB
    547/3059  039252_7_q29c1                           files     33 (kept 3, dropped 30) links    17  0.17 MiB
    548/3059  039252_7_q29l1                           files     33 (kept 3, dropped 30) links    17  0.17 MiB
    549/3059  039252_7_q29l2                           files     33 (kept 3, dropped 30) links    17  0.17 MiB
    550/3059  039252_7_q29l3                           files     33 (kept 3, dropped 30) links    17  0.17 MiB
    551/3059  039252_7_q29l4                           files     33 (kept 3, dropped 30) links    17  0.17 MiB
    552/3059  039252_7_q29l5                           files     33 (kept 3, dropped 30) links    17  0.17 MiB
    553/3059  039252_7_q29l6                           files     33 (kept 3, dropped 30) links    17  0.17 MiB
    554/3059  039252_7_q29l7                           files     33 (kept 3, dropped 30) links    17  0.17 MiB
    555/3059  039252_7_q29l8                           files     33 (kept 3, dropped 30) links    17  0.17 MiB
    556/3059  039252_7_q29l9                           files     33 (kept 3, dropped 30) links    17  0.17 MiB
    557/3059  039252_7_q29v6                           files     33 (kept 3, dropped 30) links    17  0.17 MiB
    558/3059  039252_7_q29v6nw                         files     33 (kept 3, dropped 30) links    17  0.17 MiB
    559/3059  039252_7_q29v7nw                         files     33 (kept 3, dropped 30) links    17  0.17 MiB
    560/3059  039252_8_d101vkfpr                       files      4 (kept 3, dropped 1) links     2  0.04 MiB
    561/3059  039252_8_d101vold                        files      7 (kept 3, dropped 4) links     2  0.04 MiB
    562/3059  039252_8_d16vnu                          files      7 (kept 3, dropped 4) links     2  0.04 MiB
    563/3059  039252_8_p100bd                          files      8 (kept 3, dropped 5) links     1  0.08 MiB
    564/3059  039252_8_p100bg                          files      8 (kept 3, dropped 5) links     1  0.08 MiB
    565/3059  039252_8_p100boff                        files      8 (kept 3, dropped 5) links     1  0.08 MiB
    566/3059  039252_8_p96vscope                       files      7 (kept 3, dropped 4) links     2  0.04 MiB
    567/3059  039252_8_p98voff                         files     68 (kept 18, dropped 50) links     0  0.29 MiB
    568/3059  039252_8_p98voffq                        files     40 (kept 6, dropped 34) links    17  0.24 MiB
    569/3059  039252_8_p99rgon                         files      8 (kept 3, dropped 5) links     1  0.08 MiB
    570/3059  039252_8_p99rgprod                       files      8 (kept 3, dropped 5) links     1  0.04 MiB
    571/3059  039252_8_p99rwprod                       files     40 (kept 6, dropped 34) links    17  0.19 MiB
    572/3059  039252_8_q29base                         files     33 (kept 3, dropped 30) links    17  0.16 MiB
    573/3059  039252_8_q29c1                           files     33 (kept 3, dropped 30) links    17  0.16 MiB
    574/3059  039252_8_q29l1                           files     33 (kept 3, dropped 30) links    17  0.16 MiB
    575/3059  039252_8_q29l2                           files     33 (kept 3, dropped 30) links    17  0.16 MiB
    576/3059  039252_8_q29l3                           files     33 (kept 3, dropped 30) links    17  0.16 MiB
    577/3059  039252_8_q29l4                           files     33 (kept 3, dropped 30) links    17  0.16 MiB
    578/3059  039252_8_q29l5                           files     33 (kept 3, dropped 30) links    17  0.16 MiB
    579/3059  039252_8_q29l6                           files     33 (kept 3, dropped 30) links    17  0.16 MiB
    580/3059  039252_8_q29l7                           files     33 (kept 3, dropped 30) links    17  0.16 MiB
    581/3059  039252_8_q29l8                           files     33 (kept 3, dropped 30) links    17  0.16 MiB
    582/3059  039252_8_q29l9                           files     33 (kept 3, dropped 30) links    17  0.16 MiB
    583/3059  039252_8_q29v6                           files     33 (kept 3, dropped 30) links    17  0.15 MiB
    584/3059  039252_8_q29v6nw                         files     33 (kept 3, dropped 30) links    17  0.15 MiB
    585/3059  039252_8_q29v7nw                         files     33 (kept 3, dropped 30) links    17  0.16 MiB
    586/3059  039252_9_d101vkfpr                       files      4 (kept 3, dropped 1) links     2  0.04 MiB
    587/3059  039252_9_d101vold                        files      7 (kept 3, dropped 4) links     2  0.02 MiB
    588/3059  039252_9_d16vnu                          files      7 (kept 3, dropped 4) links     2  0.02 MiB
    589/3059  039252_9_p100bd                          files      8 (kept 3, dropped 5) links     1  0.07 MiB
    590/3059  039252_9_p100bg                          files      8 (kept 3, dropped 5) links     1  0.07 MiB
    591/3059  039252_9_p100boff                        files      8 (kept 3, dropped 5) links     1  0.05 MiB
    592/3059  039252_9_p96vscope                       files      7 (kept 3, dropped 4) links     2  0.02 MiB
    593/3059  039252_9_p98voff                         files     68 (kept 18, dropped 50) links     0  0.26 MiB
    594/3059  039252_9_p98voffq                        files     40 (kept 6, dropped 34) links    17  0.21 MiB
    595/3059  039252_9_p99rgon                         files      8 (kept 3, dropped 5) links     1  0.05 MiB
    596/3059  039252_9_p99rgprod                       files      8 (kept 3, dropped 5) links     1  0.02 MiB
    597/3059  039252_9_p99rwprod                       files     40 (kept 6, dropped 34) links    17  0.18 MiB
    598/3059  039252_9_q29base                         files     33 (kept 3, dropped 30) links    17  0.16 MiB
    599/3059  039252_9_q29c1                           files     33 (kept 3, dropped 30) links    17  0.16 MiB
    600/3059  039252_9_q29l1                           files     33 (kept 3, dropped 30) links    17  0.16 MiB
    601/3059  039252_9_q29l2                           files     33 (kept 3, dropped 30) links    17  0.16 MiB
    602/3059  039252_9_q29l3                           files     33 (kept 3, dropped 30) links    17  0.16 MiB
    603/3059  039252_9_q29l4                           files     33 (kept 3, dropped 30) links    17  0.16 MiB
    604/3059  039252_9_q29l5                           files     33 (kept 3, dropped 30) links    17  0.16 MiB
    605/3059  039252_9_q29l6                           files     33 (kept 3, dropped 30) links    17  0.16 MiB
    606/3059  039252_9_q29l7                           files     33 (kept 3, dropped 30) links    17  0.16 MiB
    607/3059  039252_9_q29l8                           files     33 (kept 3, dropped 30) links    17  0.16 MiB
    608/3059  039252_9_q29l9                           files     33 (kept 3, dropped 30) links    17  0.16 MiB
    609/3059  039252_9_q29v6                           files     33 (kept 3, dropped 30) links    17  0.16 MiB
    610/3059  039252_9_q29v6nw                         files     33 (kept 3, dropped 30) links    17  0.16 MiB
    611/3059  039252_9_q29v7nw                         files     33 (kept 3, dropped 30) links    17  0.16 MiB
    612/3059  039253_0_d101vkfpr                       files      0 (kept 0, dropped 0) links     2  0.00 MiB
    613/3059  039253_0_d101vold                        files      7 (kept 3, dropped 4) links     2  0.02 MiB
    614/3059  039253_0_d16vnu                          files      7 (kept 3, dropped 4) links     2  0.02 MiB
    615/3059  039253_0_p100bd                          files      8 (kept 3, dropped 5) links     1  0.03 MiB
    616/3059  039253_0_p100bg                          files      8 (kept 3, dropped 5) links     1  0.03 MiB
    617/3059  039253_0_p100boff                        files      8 (kept 3, dropped 5) links     1  0.03 MiB
    618/3059  039253_0_p96vscope                       files      7 (kept 3, dropped 4) links     2  0.02 MiB
    619/3059  039253_0_p98g0                           files      7 (kept 3, dropped 4) links     2  0.02 MiB
    620/3059  039253_0_p98kchk                         files     65 (kept 15, dropped 50) links     8  0.24 MiB
    621/3059  039253_0_p98kq                           files     40 (kept 6, dropped 34) links    17  0.21 MiB
    622/3059  039253_0_p98voff                         files     76 (kept 18, dropped 58) links     0  0.27 MiB
    623/3059  039253_0_p98voffq                        files     40 (kept 6, dropped 34) links    17  0.21 MiB
    624/3059  039253_0_p99rgon                         files      8 (kept 3, dropped 5) links     1  0.03 MiB
    625/3059  039253_0_p99rgprod                       files      8 (kept 3, dropped 5) links     1  0.02 MiB
    626/3059  039253_0_p99rwprod                       files     40 (kept 6, dropped 34) links    17  0.21 MiB
    627/3059  039253_10_d101vkfpr                      files      0 (kept 0, dropped 0) links     2  0.00 MiB
    628/3059  039253_10_d101vold                       files      7 (kept 3, dropped 4) links     2  0.03 MiB
    629/3059  039253_10_d16vnu                         files      7 (kept 3, dropped 4) links     2  0.03 MiB
    630/3059  039253_10_p100bd                         files      8 (kept 3, dropped 5) links     1  0.04 MiB
    631/3059  039253_10_p100bg                         files      8 (kept 3, dropped 5) links     1  0.04 MiB
    632/3059  039253_10_p100boff                       files      8 (kept 3, dropped 5) links     1  0.03 MiB
    633/3059  039253_10_p96vscope                      files      7 (kept 3, dropped 4) links     2  0.03 MiB
    634/3059  039253_10_p98voff                        files     68 (kept 18, dropped 50) links     0  0.19 MiB
    635/3059  039253_10_p98voffq                       files     40 (kept 6, dropped 34) links    17  0.14 MiB
    636/3059  039253_10_p99rgon                        files      8 (kept 3, dropped 5) links     1  0.03 MiB
    637/3059  039253_10_p99rgprod                      files      8 (kept 3, dropped 5) links     1  0.03 MiB
    638/3059  039253_10_p99rwprod                      files     40 (kept 6, dropped 34) links    17  0.14 MiB
    639/3059  039253_11_d101vkfpr                      files      0 (kept 0, dropped 0) links     2  0.00 MiB
    640/3059  039253_11_d101vold                       files      7 (kept 3, dropped 4) links     2  0.03 MiB
    641/3059  039253_11_d16vnu                         files      7 (kept 3, dropped 4) links     2  0.03 MiB
    642/3059  039253_11_p100bd                         files      8 (kept 3, dropped 5) links     1  0.04 MiB
    643/3059  039253_11_p100bg                         files      8 (kept 3, dropped 5) links     1  0.04 MiB
    644/3059  039253_11_p100boff                       files      8 (kept 3, dropped 5) links     1  0.03 MiB
    645/3059  039253_11_p96vscope                      files      7 (kept 3, dropped 4) links     2  0.03 MiB
    646/3059  039253_11_p98voff                        files     68 (kept 18, dropped 50) links     0  0.38 MiB
    647/3059  039253_11_p98voffq                       files     40 (kept 6, dropped 34) links    17  0.33 MiB
    648/3059  039253_11_p99rgon                        files      8 (kept 3, dropped 5) links     1  0.03 MiB
    649/3059  039253_11_p99rgprod                      files      8 (kept 3, dropped 5) links     1  0.03 MiB
    650/3059  039253_11_p99rwprod                      files     40 (kept 6, dropped 34) links    17  0.23 MiB
    651/3059  039253_12_d101vkfpr                      files      0 (kept 0, dropped 0) links     2  0.00 MiB
    652/3059  039253_12_d101vold                       files      7 (kept 3, dropped 4) links     2  0.03 MiB
    653/3059  039253_12_d16vnu                         files      7 (kept 3, dropped 4) links     2  0.03 MiB
    654/3059  039253_12_p100bd                         files      8 (kept 3, dropped 5) links     1  0.05 MiB
    655/3059  039253_12_p100bg                         files      8 (kept 3, dropped 5) links     1  0.05 MiB
    656/3059  039253_12_p100boff                       files      8 (kept 3, dropped 5) links     1  0.03 MiB
    657/3059  039253_12_p96vscope                      files      7 (kept 3, dropped 4) links     2  0.03 MiB
    658/3059  039253_12_p98voff                        files     68 (kept 18, dropped 50) links     0  0.26 MiB
    659/3059  039253_12_p98voffq                       files     40 (kept 6, dropped 34) links    17  0.21 MiB
    660/3059  039253_12_p99rgon                        files      8 (kept 3, dropped 5) links     1  0.03 MiB
    661/3059  039253_12_p99rgprod                      files      8 (kept 3, dropped 5) links     1  0.03 MiB
    662/3059  039253_12_p99rwprod                      files     40 (kept 6, dropped 34) links    17  0.21 MiB
    663/3059  039253_13_d101vkfpr                      files      0 (kept 0, dropped 0) links     2  0.00 MiB
    664/3059  039253_13_d101vold                       files      7 (kept 3, dropped 4) links     2  0.03 MiB
    665/3059  039253_13_d16vnu                         files      7 (kept 3, dropped 4) links     2  0.03 MiB
    666/3059  039253_13_p100bd                         files      8 (kept 3, dropped 5) links     1  0.08 MiB
    667/3059  039253_13_p100bg                         files      8 (kept 3, dropped 5) links     1  0.08 MiB
    668/3059  039253_13_p100boff                       files      8 (kept 3, dropped 5) links     1  0.07 MiB
    669/3059  039253_13_p96vscope                      files      7 (kept 3, dropped 4) links     2  0.03 MiB
    670/3059  039253_13_p98voff                        files     68 (kept 18, dropped 50) links     0  0.25 MiB
    671/3059  039253_13_p98voffq                       files     40 (kept 6, dropped 34) links    17  0.19 MiB
    672/3059  039253_13_p99rgon                        files      8 (kept 3, dropped 5) links     1  0.07 MiB
    673/3059  039253_13_p99rgprod                      files      8 (kept 3, dropped 5) links     1  0.03 MiB
    674/3059  039253_13_p99rwprod                      files     40 (kept 6, dropped 34) links    17  0.20 MiB
    675/3059  039253_14_d101vkfpr                      files      0 (kept 0, dropped 0) links     2  0.00 MiB
    676/3059  039253_14_d101vold                       files      7 (kept 3, dropped 4) links     2  0.03 MiB
    677/3059  039253_14_d16vnu                         files      7 (kept 3, dropped 4) links     2  0.03 MiB
    678/3059  039253_14_p100bd                         files      8 (kept 3, dropped 5) links     1  0.11 MiB
    679/3059  039253_14_p100bg                         files      8 (kept 3, dropped 5) links     1  0.11 MiB
    680/3059  039253_14_p100boff                       files      8 (kept 3, dropped 5) links     1  0.11 MiB
    681/3059  039253_14_p96vscope                      files      7 (kept 3, dropped 4) links     2  0.03 MiB
    682/3059  039253_14_p98voff                        files     68 (kept 18, dropped 50) links     0  0.34 MiB
    683/3059  039253_14_p98voffq                       files     40 (kept 6, dropped 34) links    17  0.29 MiB
    684/3059  039253_14_p99rgon                        files      8 (kept 3, dropped 5) links     1  0.11 MiB
    685/3059  039253_14_p99rgprod                      files      8 (kept 3, dropped 5) links     1  0.03 MiB
    686/3059  039253_14_p99rwprod                      files     40 (kept 6, dropped 34) links    17  0.25 MiB
    687/3059  039253_15_d101vkfpr                      files      0 (kept 0, dropped 0) links     2  0.00 MiB
    688/3059  039253_15_d101vold                       files      7 (kept 3, dropped 4) links     2  0.03 MiB
    689/3059  039253_15_d16vnu                         files      7 (kept 3, dropped 4) links     2  0.03 MiB
    690/3059  039253_15_p100bd                         files      8 (kept 3, dropped 5) links     1  0.06 MiB
    691/3059  039253_15_p100bg                         files      8 (kept 3, dropped 5) links     1  0.06 MiB
    692/3059  039253_15_p100boff                       files      8 (kept 3, dropped 5) links     1  0.03 MiB
    693/3059  039253_15_p101cfg                        files      2 (kept 1, dropped 1) links    17  0.01 MiB
    694/3059  039253_15_p96vscope                      files      7 (kept 3, dropped 4) links     2  0.03 MiB
    695/3059  039253_15_p98voff                        files     68 (kept 18, dropped 50) links     0  0.26 MiB
    696/3059  039253_15_p98voffq                       files     40 (kept 6, dropped 34) links    17  0.20 MiB
    697/3059  039253_15_p99rgon                        files      8 (kept 3, dropped 5) links     1  0.03 MiB
    698/3059  039253_15_p99rgprod                      files      8 (kept 3, dropped 5) links     1  0.03 MiB
    699/3059  039253_15_p99rwprod                      files     40 (kept 6, dropped 34) links    17  0.21 MiB
    700/3059  039253_16_d101vkfpr                      files      0 (kept 0, dropped 0) links     2  0.00 MiB
    701/3059  039253_16_d101vold                       files      7 (kept 3, dropped 4) links     2  0.02 MiB
    702/3059  039253_16_d16vnu                         files      7 (kept 3, dropped 4) links     2  0.02 MiB
    703/3059  039253_16_p100bd                         files      8 (kept 3, dropped 5) links     1  0.03 MiB
    704/3059  039253_16_p100bg                         files      8 (kept 3, dropped 5) links     1  0.03 MiB
    705/3059  039253_16_p100boff                       files      8 (kept 3, dropped 5) links     1  0.02 MiB
    706/3059  039253_16_p96vscope                      files      7 (kept 3, dropped 4) links     2  0.02 MiB
    707/3059  039253_16_p98voff                        files     68 (kept 18, dropped 50) links     0  0.21 MiB
    708/3059  039253_16_p98voffq                       files     40 (kept 6, dropped 34) links    17  0.16 MiB
    709/3059  039253_16_p99rgon                        files      8 (kept 3, dropped 5) links     1  0.02 MiB
    710/3059  039253_16_p99rgprod                      files      8 (kept 3, dropped 5) links     1  0.02 MiB
    711/3059  039253_16_p99rwprod                      files     40 (kept 6, dropped 34) links    17  0.16 MiB
    712/3059  039253_17_d101vkfpr                      files      0 (kept 0, dropped 0) links     2  0.00 MiB
    713/3059  039253_17_d101vold                       files      7 (kept 3, dropped 4) links     2  0.13 MiB
    714/3059  039253_17_d16vnu                         files      7 (kept 3, dropped 4) links     2  0.13 MiB
    715/3059  039253_17_p100bd                         files      8 (kept 3, dropped 5) links     1  0.07 MiB
    716/3059  039253_17_p100bg                         files      8 (kept 3, dropped 5) links     1  0.07 MiB
    717/3059  039253_17_p100boff                       files      8 (kept 3, dropped 5) links     1  0.06 MiB
    718/3059  039253_17_p96vscope                      files      7 (kept 3, dropped 4) links     2  0.13 MiB
    719/3059  039253_17_p98voff                        files     68 (kept 18, dropped 50) links     0  0.40 MiB
    720/3059  039253_17_p98voffq                       files     40 (kept 6, dropped 34) links    17  0.35 MiB
    721/3059  039253_17_p99rgon                        files      8 (kept 3, dropped 5) links     1  0.06 MiB
    722/3059  039253_17_p99rgprod                      files      8 (kept 3, dropped 5) links     1  0.13 MiB
    723/3059  039253_17_p99rwprod                      files     40 (kept 6, dropped 34) links    17  0.32 MiB
    724/3059  039253_1_d101vkfpr                       files      0 (kept 0, dropped 0) links     2  0.00 MiB
    725/3059  039253_1_d101vold                        files      7 (kept 3, dropped 4) links     2  0.03 MiB
    726/3059  039253_1_d16vnu                          files      7 (kept 3, dropped 4) links     2  0.03 MiB
    727/3059  039253_1_p100bd                          files      8 (kept 3, dropped 5) links     1  0.04 MiB
    728/3059  039253_1_p100bg                          files      8 (kept 3, dropped 5) links     1  0.04 MiB
    729/3059  039253_1_p100boff                        files      8 (kept 3, dropped 5) links     1  0.04 MiB
    730/3059  039253_1_p96vscope                       files      7 (kept 3, dropped 4) links     2  0.03 MiB
    731/3059  039253_1_p98voff                         files     76 (kept 18, dropped 58) links     0  0.46 MiB
    732/3059  039253_1_p98voffq                        files     40 (kept 6, dropped 34) links    17  0.42 MiB
    733/3059  039253_1_p99rgon                         files      8 (kept 3, dropped 5) links     1  0.04 MiB
    734/3059  039253_1_p99rgprod                       files      8 (kept 3, dropped 5) links     1  0.03 MiB
    735/3059  039253_1_p99rwprod                       files     40 (kept 6, dropped 34) links    17  0.22 MiB
    736/3059  039253_2_d101vkfpr                       files      0 (kept 0, dropped 0) links     2  0.00 MiB
    737/3059  039253_2_d101vold                        files      7 (kept 3, dropped 4) links     2  0.09 MiB
    738/3059  039253_2_d16vnu                          files      7 (kept 3, dropped 4) links     2  0.09 MiB
    739/3059  039253_2_p100bd                          files      8 (kept 3, dropped 5) links     1  0.55 MiB
    740/3059  039253_2_p100bg                          files      8 (kept 3, dropped 5) links     1  0.55 MiB
    741/3059  039253_2_p100boff                        files      8 (kept 3, dropped 5) links     1  0.54 MiB
    742/3059  039253_2_p96vscope                       files      7 (kept 3, dropped 4) links     2  0.09 MiB
    743/3059  039253_2_p98voff                         files     68 (kept 18, dropped 50) links     0  0.26 MiB
    744/3059  039253_2_p98voffq                        files     40 (kept 6, dropped 34) links    17  0.21 MiB
    745/3059  039253_2_p99rgon                         files      8 (kept 3, dropped 5) links     1  0.54 MiB
    746/3059  039253_2_p99rgprod                       files      8 (kept 3, dropped 5) links     1  0.09 MiB
    747/3059  039253_2_p99rwprod                       files     40 (kept 6, dropped 34) links    17  0.26 MiB
    748/3059  039253_3_d101vkfpr                       files      0 (kept 0, dropped 0) links     2  0.00 MiB
    749/3059  039253_3_d101vold                        files      7 (kept 3, dropped 4) links     2  0.02 MiB
    750/3059  039253_3_d16vnu                          files      7 (kept 3, dropped 4) links     2  0.02 MiB
    751/3059  039253_3_p100bd                          files      8 (kept 3, dropped 5) links     1  0.03 MiB
    752/3059  039253_3_p100bg                          files      8 (kept 3, dropped 5) links     1  0.03 MiB
    753/3059  039253_3_p100boff                        files      8 (kept 3, dropped 5) links     1  0.02 MiB
    754/3059  039253_3_p96vscope                       files      7 (kept 3, dropped 4) links     2  0.02 MiB
    755/3059  039253_3_p98voff                         files     68 (kept 18, dropped 50) links     0  0.19 MiB
    756/3059  039253_3_p98voffq                        files     40 (kept 6, dropped 34) links    17  0.14 MiB
    757/3059  039253_3_p99rgon                         files      8 (kept 3, dropped 5) links     1  0.02 MiB
    758/3059  039253_3_p99rgprod                       files      8 (kept 3, dropped 5) links     1  0.02 MiB
    759/3059  039253_3_p99rwprod                       files     40 (kept 6, dropped 34) links    17  0.14 MiB
    760/3059  039253_4_d101vkfpr                       files      0 (kept 0, dropped 0) links     2  0.00 MiB
    761/3059  039253_4_d101vold                        files      7 (kept 3, dropped 4) links     2  0.04 MiB
    762/3059  039253_4_d16vnu                          files      7 (kept 3, dropped 4) links     2  0.04 MiB
    763/3059  039253_4_p100bd                          files      8 (kept 3, dropped 5) links     1  0.03 MiB
    764/3059  039253_4_p100bg                          files      8 (kept 3, dropped 5) links     1  0.03 MiB
    765/3059  039253_4_p100boff                        files      8 (kept 3, dropped 5) links     1  0.02 MiB
    766/3059  039253_4_p96vscope                       files      7 (kept 3, dropped 4) links     2  0.04 MiB
    767/3059  039253_4_p98voff                         files     68 (kept 18, dropped 50) links     0  0.28 MiB
    768/3059  039253_4_p98voffq                        files     40 (kept 6, dropped 34) links    17  0.23 MiB
    769/3059  039253_4_p99rgon                         files      8 (kept 3, dropped 5) links     1  0.02 MiB
    770/3059  039253_4_p99rgprod                       files      8 (kept 3, dropped 5) links     1  0.04 MiB
    771/3059  039253_4_p99rwprod                       files     40 (kept 6, dropped 34) links    17  0.22 MiB
    772/3059  039253_5_d101vkfpr                       files      0 (kept 0, dropped 0) links     2  0.00 MiB
    773/3059  039253_5_d101vold                        files      7 (kept 3, dropped 4) links     2  0.02 MiB
    774/3059  039253_5_d16vnu                          files      7 (kept 3, dropped 4) links     2  0.02 MiB
    775/3059  039253_5_p100bd                          files      8 (kept 3, dropped 5) links     1  0.05 MiB
    776/3059  039253_5_p100bg                          files      8 (kept 3, dropped 5) links     1  0.05 MiB
    777/3059  039253_5_p100boff                        files      8 (kept 3, dropped 5) links     1  0.04 MiB
    778/3059  039253_5_p96vscope                       files      7 (kept 3, dropped 4) links     2  0.02 MiB
    779/3059  039253_5_p98voff                         files     68 (kept 18, dropped 50) links     0  0.33 MiB
    780/3059  039253_5_p98voffq                        files     40 (kept 6, dropped 34) links    17  0.28 MiB
    781/3059  039253_5_p99rgon                         files      8 (kept 3, dropped 5) links     1  0.04 MiB
    782/3059  039253_5_p99rgprod                       files      8 (kept 3, dropped 5) links     1  0.02 MiB
    783/3059  039253_5_p99rwprod                       files     40 (kept 6, dropped 34) links    17  0.20 MiB
    784/3059  039253_6_d101vkfpr                       files      0 (kept 0, dropped 0) links     2  0.00 MiB
    785/3059  039253_6_d101vold                        files      7 (kept 3, dropped 4) links     2  0.08 MiB
    786/3059  039253_6_d16vnu                          files      7 (kept 3, dropped 4) links     2  0.05 MiB
    787/3059  039253_6_p100bd                          files      8 (kept 3, dropped 5) links     1  0.11 MiB
    788/3059  039253_6_p100bg                          files      8 (kept 3, dropped 5) links     1  0.11 MiB
    789/3059  039253_6_p100boff                        files      8 (kept 3, dropped 5) links     1  0.08 MiB
    790/3059  039253_6_p96vscope                       files      7 (kept 3, dropped 4) links     2  0.08 MiB
    791/3059  039253_6_p98voff                         files     68 (kept 18, dropped 50) links     0  0.37 MiB
    792/3059  039253_6_p98voffq                        files     40 (kept 6, dropped 34) links    17  0.32 MiB
    793/3059  039253_6_p99rgon                         files      8 (kept 3, dropped 5) links     1  0.08 MiB
    794/3059  039253_6_p99rgprod                       files      8 (kept 3, dropped 5) links     1  0.08 MiB
    795/3059  039253_6_p99rwprod                       files     40 (kept 6, dropped 34) links    17  0.26 MiB
    796/3059  039253_7_d101vkfpr                       files      0 (kept 0, dropped 0) links     2  0.00 MiB
    797/3059  039253_7_d101vold                        files      7 (kept 3, dropped 4) links     2  0.03 MiB
    798/3059  039253_7_d16vnu                          files      7 (kept 3, dropped 4) links     2  0.03 MiB
    799/3059  039253_7_p100bd                          files      8 (kept 3, dropped 5) links     1  0.03 MiB
    800/3059  039253_7_p100bg                          files      8 (kept 3, dropped 5) links     1  0.03 MiB
    801/3059  039253_7_p100boff                        files      8 (kept 3, dropped 5) links     1  0.02 MiB
    802/3059  039253_7_p96vscope                       files      7 (kept 3, dropped 4) links     2  0.03 MiB
    803/3059  039253_7_p98voff                         files     68 (kept 18, dropped 50) links     0  0.21 MiB
    804/3059  039253_7_p98voffq                        files     40 (kept 6, dropped 34) links    17  0.16 MiB
    805/3059  039253_7_p99rgon                         files      8 (kept 3, dropped 5) links     1  0.02 MiB
    806/3059  039253_7_p99rgprod                       files      8 (kept 3, dropped 5) links     1  0.03 MiB
    807/3059  039253_7_p99rwprod                       files     40 (kept 6, dropped 34) links    17  0.16 MiB
    808/3059  039253_8_d101vkfpr                       files      0 (kept 0, dropped 0) links     2  0.00 MiB
    809/3059  039253_8_d101vold                        files      7 (kept 3, dropped 4) links     2  0.09 MiB
    810/3059  039253_8_d102vcs                         files      7 (kept 3, dropped 4) links     2  11.94 MiB
    811/3059  039253_8_d102vdbg                        files      7 (kept 3, dropped 4) links     2  6.52 MiB
    812/3059  039253_8_d16vnu                          files      7 (kept 3, dropped 4) links     2  0.04 MiB
    813/3059  039253_8_p100bd                          files      8 (kept 3, dropped 5) links     1  0.11 MiB
    814/3059  039253_8_p100bg                          files      8 (kept 3, dropped 5) links     1  0.11 MiB
    815/3059  039253_8_p100boff                        files      8 (kept 3, dropped 5) links     1  0.10 MiB
    816/3059  039253_8_p96vscope                       files      7 (kept 3, dropped 4) links     2  0.09 MiB
    817/3059  039253_8_p98voff                         files     68 (kept 18, dropped 50) links     0  0.28 MiB
    818/3059  039253_8_p98voffq                        files     40 (kept 6, dropped 34) links    17  0.23 MiB
    819/3059  039253_8_p99rgon                         files      8 (kept 3, dropped 5) links     1  0.10 MiB
    820/3059  039253_8_p99rgprod                       files      8 (kept 3, dropped 5) links     1  0.09 MiB
    821/3059  039253_8_p99rwprod                       files     40 (kept 6, dropped 34) links    17  0.25 MiB
    822/3059  039253_9_d101vkfpr                       files      0 (kept 0, dropped 0) links     2  0.00 MiB
    823/3059  039253_9_d101vold                        files      7 (kept 3, dropped 4) links     2  0.03 MiB
    824/3059  039253_9_d16vnu                          files      7 (kept 3, dropped 4) links     2  0.03 MiB
    825/3059  039253_9_p100bd                          files      8 (kept 3, dropped 5) links     1  0.09 MiB
    826/3059  039253_9_p100bg                          files      8 (kept 3, dropped 5) links     1  0.09 MiB
    827/3059  039253_9_p100boff                        files      8 (kept 3, dropped 5) links     1  0.04 MiB
    828/3059  039253_9_p96vscope                       files      7 (kept 3, dropped 4) links     2  0.03 MiB
    829/3059  039253_9_p98voff                         files     68 (kept 18, dropped 50) links     0  0.23 MiB
    830/3059  039253_9_p98voffq                        files     40 (kept 6, dropped 34) links    17  0.18 MiB
    831/3059  039253_9_p99rgon                         files      8 (kept 3, dropped 5) links     1  0.04 MiB
    832/3059  039253_9_p99rgprod                       files      8 (kept 3, dropped 5) links     1  0.03 MiB
    833/3059  039253_9_p99rwprod                       files     40 (kept 6, dropped 34) links    17  0.18 MiB
    834/3059  039349_0_d101vkfpr                       files      0 (kept 0, dropped 0) links     2  0.00 MiB
    835/3059  039349_0_d101vold                        files      7 (kept 3, dropped 4) links     2  0.02 MiB
    836/3059  039349_0_d16vnu                          files      7 (kept 3, dropped 4) links     2  0.02 MiB
    837/3059  039349_0_p100bd                          files      8 (kept 3, dropped 5) links     1  0.02 MiB
    838/3059  039349_0_p100bg                          files      8 (kept 3, dropped 5) links     1  0.02 MiB
    839/3059  039349_0_p100boff                        files      8 (kept 3, dropped 5) links     1  0.02 MiB
    840/3059  039349_0_p96vscope                       files      7 (kept 3, dropped 4) links     2  0.02 MiB
    841/3059  039349_0_p98voff                         files     76 (kept 18, dropped 58) links     0  0.18 MiB
    842/3059  039349_0_p98voffq                        files     40 (kept 6, dropped 34) links    17  0.13 MiB
    843/3059  039349_0_p99rgon                         files      8 (kept 3, dropped 5) links     1  0.02 MiB
    844/3059  039349_0_p99rgprod                       files      8 (kept 3, dropped 5) links     1  0.02 MiB
    845/3059  039349_0_p99rwprod                       files     40 (kept 6, dropped 34) links    17  0.12 MiB
    846/3059  039349_10_d101vkfpr                      files      0 (kept 0, dropped 0) links     2  0.00 MiB
    847/3059  039349_10_d101vold                       files      7 (kept 3, dropped 4) links     2  0.02 MiB
    848/3059  039349_10_d16vnu                         files      7 (kept 3, dropped 4) links     2  0.02 MiB
    849/3059  039349_10_p100bd                         files      8 (kept 3, dropped 5) links     1  0.02 MiB
    850/3059  039349_10_p100bg                         files      8 (kept 3, dropped 5) links     1  0.02 MiB
    851/3059  039349_10_p100boff                       files      8 (kept 3, dropped 5) links     1  0.02 MiB
    852/3059  039349_10_p96vscope                      files      7 (kept 3, dropped 4) links     2  0.02 MiB
    853/3059  039349_10_p98g0                          files      7 (kept 3, dropped 4) links     2  0.02 MiB
    854/3059  039349_10_p98voff                        files     76 (kept 18, dropped 58) links     0  0.18 MiB
    855/3059  039349_10_p98voffq                       files     40 (kept 6, dropped 34) links    17  0.13 MiB
    856/3059  039349_10_p99rgon                        files      8 (kept 3, dropped 5) links     1  0.02 MiB
    857/3059  039349_10_p99rgprod                      files      8 (kept 3, dropped 5) links     1  0.02 MiB
    858/3059  039349_10_p99rwprod                      files     40 (kept 6, dropped 34) links    17  0.13 MiB
    859/3059  039349_11_d101vkfpr                      files      0 (kept 0, dropped 0) links     2  0.00 MiB
    860/3059  039349_11_d101vold                       files      7 (kept 3, dropped 4) links     2  0.03 MiB
    861/3059  039349_11_d16vnu                         files      7 (kept 3, dropped 4) links     2  0.03 MiB
    862/3059  039349_11_p100bd                         files      8 (kept 3, dropped 5) links     1  0.02 MiB
    863/3059  039349_11_p100bg                         files      8 (kept 3, dropped 5) links     1  0.02 MiB
    864/3059  039349_11_p100boff                       files      8 (kept 3, dropped 5) links     1  0.02 MiB
    865/3059  039349_11_p96vscope                      files      7 (kept 3, dropped 4) links     2  0.03 MiB
    866/3059  039349_11_p98voff                        files     68 (kept 18, dropped 50) links     0  0.16 MiB
    867/3059  039349_11_p98voffq                       files     40 (kept 6, dropped 34) links    17  0.12 MiB
    868/3059  039349_11_p99rgon                        files      8 (kept 3, dropped 5) links     1  0.02 MiB
    869/3059  039349_11_p99rgprod                      files      8 (kept 3, dropped 5) links     1  0.02 MiB
    870/3059  039349_11_p99rwprod                      files     40 (kept 6, dropped 34) links    17  0.11 MiB
    871/3059  039349_12_d101vkfpr                      files      0 (kept 0, dropped 0) links     2  0.00 MiB
    872/3059  039349_12_d101vold                       files      7 (kept 3, dropped 4) links     2  0.05 MiB
    873/3059  039349_12_d16vnu                         files      7 (kept 3, dropped 4) links     2  0.05 MiB
    874/3059  039349_12_p100bd                         files      8 (kept 3, dropped 5) links     1  0.06 MiB
    875/3059  039349_12_p100bg                         files      8 (kept 3, dropped 5) links     1  0.06 MiB
    876/3059  039349_12_p100boff                       files      8 (kept 3, dropped 5) links     1  0.05 MiB
    877/3059  039349_12_p96vscope                      files      7 (kept 3, dropped 4) links     2  0.05 MiB
    878/3059  039349_12_p98voff                        files     68 (kept 18, dropped 50) links     0  0.22 MiB
    879/3059  039349_12_p98voffq                       files     40 (kept 6, dropped 34) links    17  0.17 MiB
    880/3059  039349_12_p99rgon                        files      8 (kept 3, dropped 5) links     1  0.05 MiB
    881/3059  039349_12_p99rgprod                      files      8 (kept 3, dropped 5) links     1  0.05 MiB
    882/3059  039349_12_p99rwprod                      files     40 (kept 6, dropped 34) links    17  0.15 MiB
    883/3059  039349_13_d101vkfpr                      files      0 (kept 0, dropped 0) links     2  0.00 MiB
    884/3059  039349_13_d101vold                       files      7 (kept 3, dropped 4) links     2  0.02 MiB
    885/3059  039349_13_d16vnu                         files      7 (kept 3, dropped 4) links     2  0.02 MiB
    886/3059  039349_13_p100bd                         files      8 (kept 3, dropped 5) links     1  0.03 MiB
    887/3059  039349_13_p100bg                         files      8 (kept 3, dropped 5) links     1  0.03 MiB
    888/3059  039349_13_p100boff                       files      8 (kept 3, dropped 5) links     1  0.02 MiB
    889/3059  039349_13_p96vscope                      files      7 (kept 3, dropped 4) links     2  0.02 MiB
    890/3059  039349_13_p98voff                        files     68 (kept 18, dropped 50) links     0  0.17 MiB
    891/3059  039349_13_p98voffq                       files     40 (kept 6, dropped 34) links    17  0.12 MiB
    892/3059  039349_13_p99rgon                        files      8 (kept 3, dropped 5) links     1  0.02 MiB
    893/3059  039349_13_p99rgprod                      files      8 (kept 3, dropped 5) links     1  0.02 MiB
    894/3059  039349_13_p99rwprod                      files     40 (kept 6, dropped 34) links    17  0.13 MiB
    895/3059  039349_14_d101vkfpr                      files      0 (kept 0, dropped 0) links     2  0.00 MiB
    896/3059  039349_14_d101vold                       files      7 (kept 3, dropped 4) links     2  0.01 MiB
    897/3059  039349_14_d16vnu                         files      7 (kept 3, dropped 4) links     2  0.01 MiB
    898/3059  039349_14_p100bd                         files      8 (kept 3, dropped 5) links     1  0.06 MiB
    899/3059  039349_14_p100bg                         files      8 (kept 3, dropped 5) links     1  0.06 MiB
    900/3059  039349_14_p100boff                       files      8 (kept 3, dropped 5) links     1  0.02 MiB
    901/3059  039349_14_p96vscope                      files      7 (kept 3, dropped 4) links     2  0.01 MiB
    902/3059  039349_14_p98voff                        files     68 (kept 18, dropped 50) links     0  0.15 MiB
    903/3059  039349_14_p98voffq                       files     40 (kept 6, dropped 34) links    17  0.10 MiB
    904/3059  039349_14_p99rgon                        files      8 (kept 3, dropped 5) links     1  0.02 MiB
    905/3059  039349_14_p99rgprod                      files      8 (kept 3, dropped 5) links     1  0.01 MiB
    906/3059  039349_14_p99rwprod                      files     40 (kept 6, dropped 34) links    17  0.10 MiB
    907/3059  039349_15_d101vkfpr                      files      0 (kept 0, dropped 0) links     2  0.00 MiB
    908/3059  039349_15_d101vold                       files      7 (kept 3, dropped 4) links     2  0.03 MiB
    909/3059  039349_15_d16vnu                         files      7 (kept 3, dropped 4) links     2  0.02 MiB
    910/3059  039349_15_p100bd                         files      8 (kept 3, dropped 5) links     1  0.02 MiB
    911/3059  039349_15_p100bg                         files      8 (kept 3, dropped 5) links     1  0.02 MiB
    912/3059  039349_15_p100boff                       files      8 (kept 3, dropped 5) links     1  0.02 MiB
    913/3059  039349_15_p96vscope                      files      7 (kept 3, dropped 4) links     2  0.03 MiB
    914/3059  039349_15_p98kchk                        files     65 (kept 15, dropped 50) links     8  0.17 MiB
    915/3059  039349_15_p98kq                          files     40 (kept 6, dropped 34) links    17  0.15 MiB
    916/3059  039349_15_p98voff                        files     68 (kept 18, dropped 50) links     0  0.18 MiB
    917/3059  039349_15_p98voffq                       files     40 (kept 6, dropped 34) links    17  0.14 MiB
    918/3059  039349_15_p99rgon                        files      8 (kept 3, dropped 5) links     1  0.02 MiB
    919/3059  039349_15_p99rgprod                      files      8 (kept 3, dropped 5) links     1  0.02 MiB
    920/3059  039349_15_p99rwprod                      files     40 (kept 6, dropped 34) links    17  0.14 MiB
    921/3059  039349_16_d101vkfpr                      files      0 (kept 0, dropped 0) links     2  0.00 MiB
    922/3059  039349_16_d101vold                       files      7 (kept 3, dropped 4) links     2  0.04 MiB
    923/3059  039349_16_d16vnu                         files      7 (kept 3, dropped 4) links     2  0.04 MiB
    924/3059  039349_16_p100bd                         files      8 (kept 3, dropped 5) links     1  0.05 MiB
    925/3059  039349_16_p100bg                         files      8 (kept 3, dropped 5) links     1  0.05 MiB
    926/3059  039349_16_p100boff                       files      8 (kept 3, dropped 5) links     1  0.05 MiB
    927/3059  039349_16_p96vscope                      files      7 (kept 3, dropped 4) links     2  0.04 MiB
    928/3059  039349_16_p98voff                        files     68 (kept 18, dropped 50) links     0  0.19 MiB
    929/3059  039349_16_p98voffq                       files     40 (kept 6, dropped 34) links    17  0.15 MiB
    930/3059  039349_16_p99rgon                        files      8 (kept 3, dropped 5) links     1  0.05 MiB
    931/3059  039349_16_p99rgprod                      files      8 (kept 3, dropped 5) links     1  0.04 MiB
    932/3059  039349_16_p99rwprod                      files     40 (kept 6, dropped 34) links    17  0.17 MiB
    933/3059  039349_17_d101vkfpr                      files      0 (kept 0, dropped 0) links     2  0.00 MiB
    934/3059  039349_17_d101vold                       files      7 (kept 3, dropped 4) links     2  0.02 MiB
    935/3059  039349_17_d16vnu                         files      7 (kept 3, dropped 4) links     2  0.01 MiB
    936/3059  039349_17_p100bd                         files      8 (kept 3, dropped 5) links     1  0.03 MiB
    937/3059  039349_17_p100bg                         files      8 (kept 3, dropped 5) links     1  0.03 MiB
    938/3059  039349_17_p100boff                       files      8 (kept 3, dropped 5) links     1  0.02 MiB
    939/3059  039349_17_p96vscope                      files      7 (kept 3, dropped 4) links     2  0.02 MiB
    940/3059  039349_17_p98voff                        files     68 (kept 18, dropped 50) links     0  0.19 MiB
    941/3059  039349_17_p98voffq                       files     40 (kept 6, dropped 34) links    17  0.14 MiB
    942/3059  039349_17_p99rgon                        files      8 (kept 3, dropped 5) links     1  0.02 MiB
    943/3059  039349_17_p99rgprod                      files      8 (kept 3, dropped 5) links     1  0.02 MiB
    944/3059  039349_17_p99rwprod                      files     40 (kept 6, dropped 34) links    17  0.15 MiB
    945/3059  039349_18_d101vkfpr                      files      0 (kept 0, dropped 0) links     2  0.00 MiB
    946/3059  039349_18_d101vold                       files      7 (kept 3, dropped 4) links     2  0.03 MiB
    947/3059  039349_18_d16vnu                         files      7 (kept 3, dropped 4) links     2  0.03 MiB
    948/3059  039349_18_p100bd                         files      8 (kept 3, dropped 5) links     1  0.06 MiB
    949/3059  039349_18_p100bg                         files      8 (kept 3, dropped 5) links     1  0.06 MiB
    950/3059  039349_18_p100boff                       files      8 (kept 3, dropped 5) links     1  0.05 MiB
    951/3059  039349_18_p96vscope                      files      7 (kept 3, dropped 4) links     2  0.03 MiB
    952/3059  039349_18_p98voff                        files     68 (kept 18, dropped 50) links     0  0.19 MiB
    953/3059  039349_18_p98voffq                       files     40 (kept 6, dropped 34) links    17  0.15 MiB
    954/3059  039349_18_p99rgon                        files      8 (kept 3, dropped 5) links     1  0.05 MiB
    955/3059  039349_18_p99rgprod                      files      8 (kept 3, dropped 5) links     1  0.03 MiB
    956/3059  039349_18_p99rwprod                      files     40 (kept 6, dropped 34) links    17  0.13 MiB
    957/3059  039349_19_d101vkfpr                      files      0 (kept 0, dropped 0) links     2  0.00 MiB
    958/3059  039349_19_d101vold                       files      7 (kept 3, dropped 4) links     2  0.02 MiB
    959/3059  039349_19_d16vnu                         files      7 (kept 3, dropped 4) links     2  0.02 MiB
    960/3059  039349_19_p100bd                         files      8 (kept 3, dropped 5) links     1  0.02 MiB
    961/3059  039349_19_p100bg                         files      8 (kept 3, dropped 5) links     1  0.02 MiB
    962/3059  039349_19_p100boff                       files      8 (kept 3, dropped 5) links     1  0.02 MiB
    963/3059  039349_19_p96vscope                      files      7 (kept 3, dropped 4) links     2  0.02 MiB
    964/3059  039349_19_p98voff                        files     68 (kept 18, dropped 50) links     0  0.16 MiB
    965/3059  039349_19_p98voffq                       files     40 (kept 6, dropped 34) links    17  0.11 MiB
    966/3059  039349_19_p99rgon                        files      8 (kept 3, dropped 5) links     1  0.02 MiB
    967/3059  039349_19_p99rgprod                      files      8 (kept 3, dropped 5) links     1  0.02 MiB
    968/3059  039349_19_p99rwprod                      files     40 (kept 6, dropped 34) links    17  0.11 MiB
    969/3059  039349_1_d101vkfpr                       files      0 (kept 0, dropped 0) links     2  0.00 MiB
    970/3059  039349_1_d101vold                        files      7 (kept 3, dropped 4) links     2  0.01 MiB
    971/3059  039349_1_d16vnu                          files      7 (kept 3, dropped 4) links     2  0.01 MiB
    972/3059  039349_1_p100bd                          files      8 (kept 3, dropped 5) links     1  0.01 MiB
    973/3059  039349_1_p100bg                          files      8 (kept 3, dropped 5) links     1  0.01 MiB
    974/3059  039349_1_p100boff                        files      8 (kept 3, dropped 5) links     1  0.01 MiB
    975/3059  039349_1_p96vscope                       files      7 (kept 3, dropped 4) links     2  0.01 MiB
    976/3059  039349_1_p98voff                         files     68 (kept 18, dropped 50) links     0  0.17 MiB
    977/3059  039349_1_p98voffq                        files     40 (kept 6, dropped 34) links    17  0.13 MiB
    978/3059  039349_1_p99rgon                         files      8 (kept 3, dropped 5) links     1  0.01 MiB
    979/3059  039349_1_p99rgprod                       files      8 (kept 3, dropped 5) links     1  0.01 MiB
    980/3059  039349_1_p99rwprod                       files     40 (kept 6, dropped 34) links    17  0.12 MiB
    981/3059  039349_20_d101vkfpr                      files      0 (kept 0, dropped 0) links     2  0.00 MiB
    982/3059  039349_20_d101vold                       files      7 (kept 3, dropped 4) links     2  0.03 MiB
    983/3059  039349_20_d16vnu                         files      7 (kept 3, dropped 4) links     2  0.03 MiB
    984/3059  039349_20_p100bd                         files      8 (kept 3, dropped 5) links     1  0.04 MiB
    985/3059  039349_20_p100bg                         files      8 (kept 3, dropped 5) links     1  0.04 MiB
    986/3059  039349_20_p100boff                       files      8 (kept 3, dropped 5) links     1  0.04 MiB
    987/3059  039349_20_p96vscope                      files      7 (kept 3, dropped 4) links     2  0.03 MiB
    988/3059  039349_20_p98voff                        files     68 (kept 18, dropped 50) links     0  0.18 MiB
    989/3059  039349_20_p98voffq                       files     40 (kept 6, dropped 34) links    17  0.14 MiB
    990/3059  039349_20_p99rgon                        files      8 (kept 3, dropped 5) links     1  0.04 MiB
    991/3059  039349_20_p99rgprod                      files      8 (kept 3, dropped 5) links     1  0.03 MiB
    992/3059  039349_20_p99rwprod                      files     40 (kept 6, dropped 34) links    17  0.15 MiB
    993/3059  039349_21_d101vkfpr                      files      0 (kept 0, dropped 0) links     2  0.00 MiB
    994/3059  039349_21_d101vold                       files      7 (kept 3, dropped 4) links     2  0.02 MiB
    995/3059  039349_21_d16vnu                         files      7 (kept 3, dropped 4) links     2  0.02 MiB
    996/3059  039349_21_p100bd                         files      8 (kept 3, dropped 5) links     1  0.05 MiB
    997/3059  039349_21_p100bg                         files      8 (kept 3, dropped 5) links     1  0.05 MiB
    998/3059  039349_21_p100boff                       files      8 (kept 3, dropped 5) links     1  0.05 MiB
    999/3059  039349_21_p96vscope                      files      7 (kept 3, dropped 4) links     2  0.02 MiB
   1000/3059  039349_21_p98voff                        files     68 (kept 18, dropped 50) links     0  0.19 MiB
   1001/3059  039349_21_p98voffq                       files     40 (kept 6, dropped 34) links    17  0.15 MiB
   1002/3059  039349_21_p99rgon                        files      8 (kept 3, dropped 5) links     1  0.05 MiB
   1003/3059  039349_21_p99rgprod                      files      8 (kept 3, dropped 5) links     1  0.02 MiB
   1004/3059  039349_21_p99rwprod                      files     40 (kept 6, dropped 34) links    17  0.12 MiB
   1005/3059  039349_22_d101vkfpr                      files      0 (kept 0, dropped 0) links     2  0.00 MiB
   1006/3059  039349_22_d101vold                       files      7 (kept 3, dropped 4) links     2  0.06 MiB
   1007/3059  039349_22_d16vnu                         files      7 (kept 3, dropped 4) links     2  0.06 MiB
   1008/3059  039349_22_p100bd                         files      8 (kept 3, dropped 5) links     1  0.09 MiB
   1009/3059  039349_22_p100bg                         files      8 (kept 3, dropped 5) links     1  0.09 MiB
   1010/3059  039349_22_p100boff                       files      8 (kept 3, dropped 5) links     1  0.05 MiB
   1011/3059  039349_22_p96vscope                      files      7 (kept 3, dropped 4) links     2  0.06 MiB
   1012/3059  039349_22_p98voff                        files     68 (kept 18, dropped 50) links     0  0.25 MiB
   1013/3059  039349_22_p98voffq                       files     40 (kept 6, dropped 34) links    17  0.20 MiB
   1014/3059  039349_22_p99rgon                        files      8 (kept 3, dropped 5) links     1  0.05 MiB
   1015/3059  039349_22_p99rgprod                      files      8 (kept 3, dropped 5) links     1  0.06 MiB
   1016/3059  039349_22_p99rwprod                      files     40 (kept 6, dropped 34) links    17  0.19 MiB
   1017/3059  039349_23_d101vkfpr                      files      0 (kept 0, dropped 0) links     2  0.00 MiB
   1018/3059  039349_23_d101vold                       files      7 (kept 3, dropped 4) links     2  0.04 MiB
   1019/3059  039349_23_d16vnu                         files      7 (kept 3, dropped 4) links     2  0.04 MiB
   1020/3059  039349_23_p100bd                         files      8 (kept 3, dropped 5) links     1  0.04 MiB
   1021/3059  039349_23_p100bg                         files      8 (kept 3, dropped 5) links     1  0.04 MiB
   1022/3059  039349_23_p100boff                       files      8 (kept 3, dropped 5) links     1  0.04 MiB
   1023/3059  039349_23_p96vscope                      files      7 (kept 3, dropped 4) links     2  0.04 MiB
   1024/3059  039349_23_p98voff                        files     68 (kept 18, dropped 50) links     0  0.19 MiB
   1025/3059  039349_23_p98voffq                       files     40 (kept 6, dropped 34) links    17  0.15 MiB
   1026/3059  039349_23_p99rgon                        files      8 (kept 3, dropped 5) links     1  0.04 MiB
   1027/3059  039349_23_p99rgprod                      files      8 (kept 3, dropped 5) links     1  0.03 MiB
   1028/3059  039349_23_p99rwprod                      files     40 (kept 6, dropped 34) links    17  0.14 MiB
   1029/3059  039349_24_d101vkfpr                      files      0 (kept 0, dropped 0) links     2  0.00 MiB
   1030/3059  039349_24_d101vold                       files      7 (kept 3, dropped 4) links     2  0.02 MiB
   1031/3059  039349_24_d16vnu                         files      7 (kept 3, dropped 4) links     2  0.02 MiB
   1032/3059  039349_24_p100bd                         files      8 (kept 3, dropped 5) links     1  0.02 MiB
   1033/3059  039349_24_p100bg                         files      8 (kept 3, dropped 5) links     1  0.02 MiB
   1034/3059  039349_24_p100boff                       files      8 (kept 3, dropped 5) links     1  0.02 MiB
   1035/3059  039349_24_p96vscope                      files      7 (kept 3, dropped 4) links     2  0.02 MiB
   1036/3059  039349_24_p98voff                        files     68 (kept 18, dropped 50) links     0  0.21 MiB
   1037/3059  039349_24_p98voffq                       files     40 (kept 6, dropped 34) links    17  0.16 MiB
   1038/3059  039349_24_p99rgon                        files      8 (kept 3, dropped 5) links     1  0.02 MiB
   1039/3059  039349_24_p99rgprod                      files      8 (kept 3, dropped 5) links     1  0.02 MiB
   1040/3059  039349_24_p99rwprod                      files     40 (kept 6, dropped 34) links    17  0.16 MiB
   1041/3059  039349_25_d101vkfpr                      files      0 (kept 0, dropped 0) links     2  0.00 MiB
   1042/3059  039349_25_d101vold                       files      7 (kept 3, dropped 4) links     2  0.03 MiB
   1043/3059  039349_25_d16vnu                         files      7 (kept 3, dropped 4) links     2  0.03 MiB
   1044/3059  039349_25_p100bd                         files      8 (kept 3, dropped 5) links     1  0.07 MiB
   1045/3059  039349_25_p100bg                         files      8 (kept 3, dropped 5) links     1  0.07 MiB
   1046/3059  039349_25_p100boff                       files      8 (kept 3, dropped 5) links     1  0.05 MiB
   1047/3059  039349_25_p96vscope                      files      7 (kept 3, dropped 4) links     2  0.03 MiB
   1048/3059  039349_25_p98voff                        files     68 (kept 18, dropped 50) links     0  0.26 MiB
   1049/3059  039349_25_p98voffq                       files     40 (kept 6, dropped 34) links    17  0.22 MiB
   1050/3059  039349_25_p99rgon                        files      8 (kept 3, dropped 5) links     1  0.05 MiB
   1051/3059  039349_25_p99rgprod                      files      8 (kept 3, dropped 5) links     1  0.03 MiB
   1052/3059  039349_25_p99rwprod                      files     40 (kept 6, dropped 34) links    17  0.17 MiB
   1053/3059  039349_26_d101vkfpr                      files      0 (kept 0, dropped 0) links     2  0.00 MiB
   1054/3059  039349_26_d101vold                       files      7 (kept 3, dropped 4) links     2  0.05 MiB
   1055/3059  039349_26_d16vnu                         files      7 (kept 3, dropped 4) links     2  0.05 MiB
   1056/3059  039349_26_p100bd                         files      8 (kept 3, dropped 5) links     1  0.06 MiB
   1057/3059  039349_26_p100bg                         files      8 (kept 3, dropped 5) links     1  0.06 MiB
   1058/3059  039349_26_p100boff                       files      8 (kept 3, dropped 5) links     1  0.03 MiB
   1059/3059  039349_26_p96vscope                      files      7 (kept 3, dropped 4) links     2  0.05 MiB
   1060/3059  039349_26_p98voff                        files     68 (kept 18, dropped 50) links     0  0.24 MiB
   1061/3059  039349_26_p98voffq                       files     40 (kept 6, dropped 34) links    17  0.21 MiB
   1062/3059  039349_26_p99rgon                        files      8 (kept 3, dropped 5) links     1  0.03 MiB
   1063/3059  039349_26_p99rgprod                      files      8 (kept 3, dropped 5) links     1  0.05 MiB
   1064/3059  039349_26_p99rwprod                      files     40 (kept 6, dropped 34) links    17  0.15 MiB
   1065/3059  039349_27_d101vkfpr                      files      0 (kept 0, dropped 0) links     2  0.00 MiB
   1066/3059  039349_27_d101vold                       files      7 (kept 3, dropped 4) links     2  0.02 MiB
   1067/3059  039349_27_d16vnu                         files      7 (kept 3, dropped 4) links     2  0.02 MiB
   1068/3059  039349_27_p100bd                         files      8 (kept 3, dropped 5) links     1  0.02 MiB
   1069/3059  039349_27_p100bg                         files      8 (kept 3, dropped 5) links     1  0.02 MiB
   1070/3059  039349_27_p100boff                       files      8 (kept 3, dropped 5) links     1  0.02 MiB
   1071/3059  039349_27_p96vscope                      files      7 (kept 3, dropped 4) links     2  0.02 MiB
   1072/3059  039349_27_p98voff                        files     68 (kept 18, dropped 50) links     0  0.17 MiB
   1073/3059  039349_27_p98voffq                       files     40 (kept 6, dropped 34) links    17  0.12 MiB
   1074/3059  039349_27_p99rgon                        files      8 (kept 3, dropped 5) links     1  0.02 MiB
   1075/3059  039349_27_p99rgprod                      files      8 (kept 3, dropped 5) links     1  0.02 MiB
   1076/3059  039349_27_p99rwprod                      files     40 (kept 6, dropped 34) links    17  0.11 MiB
   1077/3059  039349_28_d101vkfpr                      files      0 (kept 0, dropped 0) links     2  0.00 MiB
   1078/3059  039349_28_d101vold                       files      7 (kept 3, dropped 4) links     2  0.05 MiB
   1079/3059  039349_28_d16vnu                         files      7 (kept 3, dropped 4) links     2  0.05 MiB
   1080/3059  039349_28_p100bd                         files      8 (kept 3, dropped 5) links     1  0.03 MiB
   1081/3059  039349_28_p100bg                         files      8 (kept 3, dropped 5) links     1  0.03 MiB
   1082/3059  039349_28_p100boff                       files      8 (kept 3, dropped 5) links     1  0.02 MiB
   1083/3059  039349_28_p96vscope                      files      7 (kept 3, dropped 4) links     2  0.05 MiB
   1084/3059  039349_28_p98voff                        files     68 (kept 18, dropped 50) links     0  0.25 MiB
   1085/3059  039349_28_p98voffq                       files     40 (kept 6, dropped 34) links    17  0.20 MiB
   1086/3059  039349_28_p99rgon                        files      8 (kept 3, dropped 5) links     1  0.02 MiB
   1087/3059  039349_28_p99rgprod                      files      8 (kept 3, dropped 5) links     1  0.05 MiB
   1088/3059  039349_28_p99rwprod                      files     40 (kept 6, dropped 34) links    17  0.19 MiB
   1089/3059  039349_29_d101vkfpr                      files      0 (kept 0, dropped 0) links     2  0.00 MiB
   1090/3059  039349_29_d101vold                       files      7 (kept 3, dropped 4) links     2  0.03 MiB
   1091/3059  039349_29_d16vnu                         files      7 (kept 3, dropped 4) links     2  0.03 MiB
   1092/3059  039349_29_p100bd                         files      8 (kept 3, dropped 5) links     1  0.03 MiB
   1093/3059  039349_29_p100bg                         files      8 (kept 3, dropped 5) links     1  0.03 MiB
   1094/3059  039349_29_p100boff                       files      8 (kept 3, dropped 5) links     1  0.03 MiB
   1095/3059  039349_29_p96vscope                      files      7 (kept 3, dropped 4) links     2  0.03 MiB
   1096/3059  039349_29_p98voff                        files     68 (kept 18, dropped 50) links     0  0.16 MiB
   1097/3059  039349_29_p98voffq                       files     40 (kept 6, dropped 34) links    17  0.12 MiB
   1098/3059  039349_29_p99rgon                        files      8 (kept 3, dropped 5) links     1  0.03 MiB
   1099/3059  039349_29_p99rgprod                      files      8 (kept 3, dropped 5) links     1  0.03 MiB
   1100/3059  039349_29_p99rwprod                      files     40 (kept 6, dropped 34) links    17  0.12 MiB
   1101/3059  039349_2_d101vkfpr                       files      0 (kept 0, dropped 0) links     2  0.00 MiB
   1102/3059  039349_2_d101vold                        files      7 (kept 3, dropped 4) links     2  0.03 MiB
   1103/3059  039349_2_d16vnu                          files      7 (kept 3, dropped 4) links     2  0.03 MiB
   1104/3059  039349_2_p100bd                          files      8 (kept 3, dropped 5) links     1  0.03 MiB
   1105/3059  039349_2_p100bg                          files      8 (kept 3, dropped 5) links     1  0.03 MiB
   1106/3059  039349_2_p100boff                        files      8 (kept 3, dropped 5) links     1  0.02 MiB
   1107/3059  039349_2_p96vscope                       files      7 (kept 3, dropped 4) links     2  0.03 MiB
   1108/3059  039349_2_p98kchk                         files     65 (kept 15, dropped 50) links     8  0.15 MiB
   1109/3059  039349_2_p98kq                           files     40 (kept 6, dropped 34) links    17  0.13 MiB
   1110/3059  039349_2_p98voff                         files     67 (kept 18, dropped 49) links     0  0.15 MiB
   1111/3059  039349_2_p98voffq                        files     40 (kept 6, dropped 34) links    17  0.11 MiB
   1112/3059  039349_2_p99rgon                         files      8 (kept 3, dropped 5) links     1  0.02 MiB
   1113/3059  039349_2_p99rgprod                       files      8 (kept 3, dropped 5) links     1  0.03 MiB
   1114/3059  039349_2_p99rwprod                       files     40 (kept 6, dropped 34) links    17  0.12 MiB
   1115/3059  039349_30_d101vkfpr                      files      0 (kept 0, dropped 0) links     2  0.00 MiB
   1116/3059  039349_30_d101vold                       files      7 (kept 3, dropped 4) links     2  0.08 MiB
   1117/3059  039349_30_d16vnu                         files      7 (kept 3, dropped 4) links     2  0.07 MiB
   1118/3059  039349_30_p100bd                         files      8 (kept 3, dropped 5) links     1  0.02 MiB
   1119/3059  039349_30_p100bg                         files      8 (kept 3, dropped 5) links     1  0.02 MiB
   1120/3059  039349_30_p100boff                       files      7 (kept 3, dropped 4) links     1  0.01 MiB
   1121/3059  039349_30_p96vscope                      files      7 (kept 3, dropped 4) links     2  0.08 MiB
   1122/3059  039349_30_p98voff                        files     68 (kept 18, dropped 50) links     0  0.19 MiB
   1123/3059  039349_30_p98voffq                       files     40 (kept 6, dropped 34) links    17  0.15 MiB
   1124/3059  039349_30_p99rgon                        files      7 (kept 3, dropped 4) links     1  0.01 MiB
   1125/3059  039349_30_p99rgprod                      files      8 (kept 3, dropped 5) links     1  0.07 MiB
   1126/3059  039349_30_p99rwprod                      files     40 (kept 6, dropped 34) links    17  0.19 MiB
   1127/3059  039349_31_d101vkfpr                      files      0 (kept 0, dropped 0) links     2  0.00 MiB
   1128/3059  039349_31_d101vold                       files      7 (kept 3, dropped 4) links     2  0.05 MiB
   1129/3059  039349_31_d16vnu                         files      7 (kept 3, dropped 4) links     2  0.04 MiB
   1130/3059  039349_31_p100bd                         files      8 (kept 3, dropped 5) links     1  0.11 MiB
   1131/3059  039349_31_p100bg                         files      8 (kept 3, dropped 5) links     1  0.11 MiB
   1132/3059  039349_31_p100boff                       files      8 (kept 3, dropped 5) links     1  0.05 MiB
   1133/3059  039349_31_p96vscope                      files      7 (kept 3, dropped 4) links     2  0.05 MiB
   1134/3059  039349_31_p98voff                        files     68 (kept 18, dropped 50) links     0  0.22 MiB
   1135/3059  039349_31_p98voffq                       files     40 (kept 6, dropped 34) links    17  0.17 MiB
   1136/3059  039349_31_p99rgon                        files      8 (kept 3, dropped 5) links     1  0.05 MiB
   1137/3059  039349_31_p99rgprod                      files      8 (kept 3, dropped 5) links     1  0.04 MiB
   1138/3059  039349_31_p99rwprod                      files     40 (kept 6, dropped 34) links    17  0.16 MiB
   1139/3059  039349_32_d101vkfpr                      files      0 (kept 0, dropped 0) links     2  0.00 MiB
   1140/3059  039349_32_d101vold                       files      7 (kept 3, dropped 4) links     2  0.02 MiB
   1141/3059  039349_32_d16vnu                         files      7 (kept 3, dropped 4) links     2  0.02 MiB
   1142/3059  039349_32_p100bd                         files      8 (kept 3, dropped 5) links     1  0.02 MiB
   1143/3059  039349_32_p100bg                         files      8 (kept 3, dropped 5) links     1  0.02 MiB
   1144/3059  039349_32_p100boff                       files      8 (kept 3, dropped 5) links     1  0.02 MiB
   1145/3059  039349_32_p96vscope                      files      7 (kept 3, dropped 4) links     2  0.02 MiB
   1146/3059  039349_32_p98voff                        files     68 (kept 18, dropped 50) links     0  0.17 MiB
   1147/3059  039349_32_p98voffq                       files     40 (kept 6, dropped 34) links    17  0.12 MiB
   1148/3059  039349_32_p99rgon                        files      8 (kept 3, dropped 5) links     1  0.02 MiB
   1149/3059  039349_32_p99rgprod                      files      8 (kept 3, dropped 5) links     1  0.02 MiB
   1150/3059  039349_32_p99rwprod                      files     40 (kept 6, dropped 34) links    17  0.12 MiB
   1151/3059  039349_33_d101vkfpr                      files      0 (kept 0, dropped 0) links     2  0.00 MiB
   1152/3059  039349_33_d101vold                       files      7 (kept 3, dropped 4) links     2  0.07 MiB
   1153/3059  039349_33_d16vnu                         files      7 (kept 3, dropped 4) links     2  0.05 MiB
   1154/3059  039349_33_p100bd                         files      8 (kept 3, dropped 5) links     1  0.05 MiB
   1155/3059  039349_33_p100bg                         files      8 (kept 3, dropped 5) links     1  0.05 MiB
   1156/3059  039349_33_p100boff                       files      8 (kept 3, dropped 5) links     1  0.04 MiB
   1157/3059  039349_33_p96vscope                      files      7 (kept 3, dropped 4) links     2  0.07 MiB
   1158/3059  039349_33_p98voff                        files     68 (kept 18, dropped 50) links     0  0.20 MiB
   1159/3059  039349_33_p98voffq                       files     40 (kept 6, dropped 34) links    17  0.15 MiB
   1160/3059  039349_33_p99rgon                        files      8 (kept 3, dropped 5) links     1  0.04 MiB
   1161/3059  039349_33_p99rgprod                      files      8 (kept 3, dropped 5) links     1  0.07 MiB
   1162/3059  039349_33_p99rwprod                      files     40 (kept 6, dropped 34) links    17  0.19 MiB
   1163/3059  039349_34_d101vkfpr                      files      0 (kept 0, dropped 0) links     2  0.00 MiB
   1164/3059  039349_34_d101vold                       files      7 (kept 3, dropped 4) links     2  0.02 MiB
   1165/3059  039349_34_d16vnu                         files      7 (kept 3, dropped 4) links     2  0.02 MiB
   1166/3059  039349_34_p100bd                         files      8 (kept 3, dropped 5) links     1  0.04 MiB
   1167/3059  039349_34_p100bg                         files      8 (kept 3, dropped 5) links     1  0.04 MiB
   1168/3059  039349_34_p100boff                       files      8 (kept 3, dropped 5) links     1  0.03 MiB
   1169/3059  039349_34_p96vscope                      files      7 (kept 3, dropped 4) links     2  0.02 MiB
   1170/3059  039349_34_p98voff                        files     68 (kept 18, dropped 50) links     0  0.15 MiB
   1171/3059  039349_34_p98voffq                       files     40 (kept 6, dropped 34) links    17  0.11 MiB
   1172/3059  039349_34_p99rgon                        files      8 (kept 3, dropped 5) links     1  0.03 MiB
   1173/3059  039349_34_p99rgprod                      files      8 (kept 3, dropped 5) links     1  0.02 MiB
   1174/3059  039349_34_p99rwprod                      files     40 (kept 6, dropped 34) links    17  0.10 MiB
   1175/3059  039349_35_d101vkfpr                      files      0 (kept 0, dropped 0) links     2  0.00 MiB
   1176/3059  039349_35_d101vold                       files      7 (kept 3, dropped 4) links     2  0.02 MiB
   1177/3059  039349_35_d16vnu                         files      7 (kept 3, dropped 4) links     2  0.02 MiB
   1178/3059  039349_35_p100bd                         files      8 (kept 3, dropped 5) links     1  0.04 MiB
   1179/3059  039349_35_p100bg                         files      8 (kept 3, dropped 5) links     1  0.04 MiB
   1180/3059  039349_35_p100boff                       files      8 (kept 3, dropped 5) links     1  0.02 MiB
   1181/3059  039349_35_p96vscope                      files      7 (kept 3, dropped 4) links     2  0.02 MiB
   1182/3059  039349_35_p98voff                        files     68 (kept 18, dropped 50) links     0  0.19 MiB
   1183/3059  039349_35_p98voffq                       files     40 (kept 6, dropped 34) links    17  0.15 MiB
   1184/3059  039349_35_p99rgon                        files      8 (kept 3, dropped 5) links     1  0.02 MiB
   1185/3059  039349_35_p99rgprod                      files      8 (kept 3, dropped 5) links     1  0.02 MiB
   1186/3059  039349_35_p99rwprod                      files     40 (kept 6, dropped 34) links    17  0.15 MiB
   1187/3059  039349_36_d101vkfpr                      files      0 (kept 0, dropped 0) links     2  0.00 MiB
   1188/3059  039349_36_d101vold                       files      7 (kept 3, dropped 4) links     2  0.02 MiB
   1189/3059  039349_36_d16vnu                         files      7 (kept 3, dropped 4) links     2  0.02 MiB
   1190/3059  039349_36_p100bd                         files      8 (kept 3, dropped 5) links     1  0.03 MiB
   1191/3059  039349_36_p100bg                         files      8 (kept 3, dropped 5) links     1  0.03 MiB
   1192/3059  039349_36_p100boff                       files      8 (kept 3, dropped 5) links     1  0.03 MiB
   1193/3059  039349_36_p96vscope                      files      7 (kept 3, dropped 4) links     2  0.02 MiB
   1194/3059  039349_36_p98voff                        files     68 (kept 18, dropped 50) links     0  0.16 MiB
   1195/3059  039349_36_p98voffq                       files     40 (kept 6, dropped 34) links    17  0.11 MiB
   1196/3059  039349_36_p99rgon                        files      8 (kept 3, dropped 5) links     1  0.03 MiB
   1197/3059  039349_36_p99rgprod                      files      8 (kept 3, dropped 5) links     1  0.02 MiB
   1198/3059  039349_36_p99rwprod                      files     40 (kept 6, dropped 34) links    17  0.11 MiB
   1199/3059  039349_37_d101vkfpr                      files      0 (kept 0, dropped 0) links     2  0.00 MiB
   1200/3059  039349_37_d101vold                       files      7 (kept 3, dropped 4) links     2  0.11 MiB
   1201/3059  039349_37_d16vnu                         files      7 (kept 3, dropped 4) links     2  0.10 MiB
   1202/3059  039349_37_p100bd                         files      8 (kept 3, dropped 5) links     1  0.21 MiB
   1203/3059  039349_37_p100bg                         files      8 (kept 3, dropped 5) links     1  0.21 MiB
   1204/3059  039349_37_p100boff                       files      8 (kept 3, dropped 5) links     1  0.12 MiB
   1205/3059  039349_37_p96vscope                      files      7 (kept 3, dropped 4) links     2  0.11 MiB
   1206/3059  039349_37_p98voff                        files     68 (kept 18, dropped 50) links     0  0.30 MiB
   1207/3059  039349_37_p98voffq                       files     40 (kept 6, dropped 34) links    17  0.25 MiB
   1208/3059  039349_37_p99rgon                        files      8 (kept 3, dropped 5) links     1  0.12 MiB
   1209/3059  039349_37_p99rgprod                      files      8 (kept 3, dropped 5) links     1  0.11 MiB
   1210/3059  039349_37_p99rwprod                      files     40 (kept 6, dropped 34) links    17  0.22 MiB
   1211/3059  039349_38_d101vkfpr                      files      0 (kept 0, dropped 0) links     2  0.00 MiB
   1212/3059  039349_38_d101vold                       files      7 (kept 3, dropped 4) links     2  0.03 MiB
   1213/3059  039349_38_d16vnu                         files      7 (kept 3, dropped 4) links     2  0.03 MiB
   1214/3059  039349_38_p100bd                         files      8 (kept 3, dropped 5) links     1  0.08 MiB
   1215/3059  039349_38_p100bg                         files      8 (kept 3, dropped 5) links     1  0.08 MiB
   1216/3059  039349_38_p100boff                       files      8 (kept 3, dropped 5) links     1  0.07 MiB
   1217/3059  039349_38_p96vscope                      files      7 (kept 3, dropped 4) links     2  0.03 MiB
   1218/3059  039349_38_p98voff                        files     68 (kept 18, dropped 50) links     0  0.21 MiB
   1219/3059  039349_38_p98voffq                       files     40 (kept 6, dropped 34) links    17  0.16 MiB
   1220/3059  039349_38_p99rgon                        files      8 (kept 3, dropped 5) links     1  0.07 MiB
   1221/3059  039349_38_p99rgprod                      files      8 (kept 3, dropped 5) links     1  0.03 MiB
   1222/3059  039349_38_p99rwprod                      files     40 (kept 6, dropped 34) links    17  0.12 MiB
   1223/3059  039349_39_d101vkfpr                      files      0 (kept 0, dropped 0) links     2  0.00 MiB
   1224/3059  039349_39_d101vold                       files      7 (kept 3, dropped 4) links     2  0.02 MiB
   1225/3059  039349_39_d16vnu                         files      7 (kept 3, dropped 4) links     2  0.02 MiB
   1226/3059  039349_39_p100bd                         files      8 (kept 3, dropped 5) links     1  0.02 MiB
   1227/3059  039349_39_p100bg                         files      8 (kept 3, dropped 5) links     1  0.02 MiB
   1228/3059  039349_39_p100boff                       files      8 (kept 3, dropped 5) links     1  0.02 MiB
   1229/3059  039349_39_p96vscope                      files      7 (kept 3, dropped 4) links     2  0.02 MiB
   1230/3059  039349_39_p98voff                        files     68 (kept 18, dropped 50) links     0  0.16 MiB
   1231/3059  039349_39_p98voffq                       files     40 (kept 6, dropped 34) links    17  0.11 MiB
   1232/3059  039349_39_p99rgon                        files      8 (kept 3, dropped 5) links     1  0.02 MiB
   1233/3059  039349_39_p99rgprod                      files      8 (kept 3, dropped 5) links     1  0.02 MiB
   1234/3059  039349_39_p99rwprod                      files     40 (kept 6, dropped 34) links    17  0.11 MiB
   1235/3059  039349_3_d101vkfpr                       files      0 (kept 0, dropped 0) links     2  0.00 MiB
   1236/3059  039349_3_d101vold                        files      7 (kept 3, dropped 4) links     2  0.02 MiB
   1237/3059  039349_3_d16vnu                          files      7 (kept 3, dropped 4) links     2  0.01 MiB
   1238/3059  039349_3_p100bd                          files      8 (kept 3, dropped 5) links     1  0.02 MiB
   1239/3059  039349_3_p100bg                          files      8 (kept 3, dropped 5) links     1  0.02 MiB
   1240/3059  039349_3_p100boff                        files      8 (kept 3, dropped 5) links     1  0.02 MiB
   1241/3059  039349_3_p96vscope                       files      7 (kept 3, dropped 4) links     2  0.02 MiB
   1242/3059  039349_3_p98voff                         files     68 (kept 18, dropped 50) links     0  0.16 MiB
   1243/3059  039349_3_p98voffq                        files     40 (kept 6, dropped 34) links    17  0.12 MiB
   1244/3059  039349_3_p99rgon                         files      8 (kept 3, dropped 5) links     1  0.02 MiB
   1245/3059  039349_3_p99rgprod                       files      8 (kept 3, dropped 5) links     1  0.02 MiB
   1246/3059  039349_3_p99rwprod                       files     40 (kept 6, dropped 34) links    17  0.11 MiB
   1247/3059  039349_40_d101vkfpr                      files      0 (kept 0, dropped 0) links     2  0.00 MiB
   1248/3059  039349_40_d101vold                       files      7 (kept 3, dropped 4) links     2  0.02 MiB
   1249/3059  039349_40_d16vnu                         files      7 (kept 3, dropped 4) links     2  0.01 MiB
   1250/3059  039349_40_p100bd                         files      8 (kept 3, dropped 5) links     1  0.02 MiB
   1251/3059  039349_40_p100bg                         files      8 (kept 3, dropped 5) links     1  0.02 MiB
   1252/3059  039349_40_p100boff                       files      8 (kept 3, dropped 5) links     1  0.02 MiB
   1253/3059  039349_40_p96vscope                      files      7 (kept 3, dropped 4) links     2  0.02 MiB
   1254/3059  039349_40_p98voff                        files     68 (kept 18, dropped 50) links     0  0.15 MiB
   1255/3059  039349_40_p98voffq                       files     40 (kept 6, dropped 34) links    17  0.10 MiB
   1256/3059  039349_40_p99rgon                        files      8 (kept 3, dropped 5) links     1  0.02 MiB
   1257/3059  039349_40_p99rgprod                      files      8 (kept 3, dropped 5) links     1  0.01 MiB
   1258/3059  039349_40_p99rwprod                      files     40 (kept 6, dropped 34) links    17  0.10 MiB
   1259/3059  039349_41_d101vkfpr                      files      0 (kept 0, dropped 0) links     2  0.00 MiB
   1260/3059  039349_41_d101vold                       files      7 (kept 3, dropped 4) links     2  0.03 MiB
   1261/3059  039349_41_d16vnu                         files      7 (kept 3, dropped 4) links     2  0.03 MiB
   1262/3059  039349_41_p100bd                         files      8 (kept 3, dropped 5) links     1  0.02 MiB
   1263/3059  039349_41_p100bg                         files      8 (kept 3, dropped 5) links     1  0.02 MiB
   1264/3059  039349_41_p100boff                       files      8 (kept 3, dropped 5) links     1  0.02 MiB
   1265/3059  039349_41_p96vscope                      files      7 (kept 3, dropped 4) links     2  0.03 MiB
   1266/3059  039349_41_p98voff                        files     68 (kept 18, dropped 50) links     0  0.17 MiB
   1267/3059  039349_41_p98voffq                       files     40 (kept 6, dropped 34) links    17  0.12 MiB
   1268/3059  039349_41_p99rgon                        files      8 (kept 3, dropped 5) links     1  0.02 MiB
   1269/3059  039349_41_p99rgprod                      files      8 (kept 3, dropped 5) links     1  0.03 MiB
   1270/3059  039349_41_p99rwprod                      files     40 (kept 6, dropped 34) links    17  0.13 MiB
   1271/3059  039349_42_d101vkfpr                      files      0 (kept 0, dropped 0) links     2  0.00 MiB
   1272/3059  039349_42_d101vold                       files      7 (kept 3, dropped 4) links     2  0.03 MiB
   1273/3059  039349_42_d16vnu                         files      7 (kept 3, dropped 4) links     2  0.03 MiB
   1274/3059  039349_42_p100bd                         files      8 (kept 3, dropped 5) links     1  0.05 MiB
   1275/3059  039349_42_p100bg                         files      8 (kept 3, dropped 5) links     1  0.05 MiB
   1276/3059  039349_42_p100boff                       files      8 (kept 3, dropped 5) links     1  0.03 MiB
   1277/3059  039349_42_p96vscope                      files      7 (kept 3, dropped 4) links     2  0.03 MiB
   1278/3059  039349_42_p98voff                        files     68 (kept 18, dropped 50) links     0  0.16 MiB
   1279/3059  039349_42_p98voffq                       files     40 (kept 6, dropped 34) links    17  0.14 MiB
   1280/3059  039349_42_p99rgon                        files      8 (kept 3, dropped 5) links     1  0.03 MiB
   1281/3059  039349_42_p99rgprod                      files      8 (kept 3, dropped 5) links     1  0.02 MiB
   1282/3059  039349_42_p99rwprod                      files     40 (kept 6, dropped 34) links    17  0.12 MiB
   1283/3059  039349_43_d101vkfpr                      files      0 (kept 0, dropped 0) links     2  0.00 MiB
   1284/3059  039349_43_d101vold                       files      7 (kept 3, dropped 4) links     2  0.02 MiB
   1285/3059  039349_43_d16vnu                         files      7 (kept 3, dropped 4) links     2  0.02 MiB
   1286/3059  039349_43_p100bd                         files      8 (kept 3, dropped 5) links     1  0.02 MiB
   1287/3059  039349_43_p100bg                         files      8 (kept 3, dropped 5) links     1  0.02 MiB
   1288/3059  039349_43_p100boff                       files      8 (kept 3, dropped 5) links     1  0.02 MiB
   1289/3059  039349_43_p96vscope                      files      7 (kept 3, dropped 4) links     2  0.02 MiB
   1290/3059  039349_43_p98voff                        files     68 (kept 18, dropped 50) links     0  0.16 MiB
   1291/3059  039349_43_p98voffq                       files     40 (kept 6, dropped 34) links    17  0.11 MiB
   1292/3059  039349_43_p99rgon                        files      8 (kept 3, dropped 5) links     1  0.02 MiB
   1293/3059  039349_43_p99rgprod                      files      8 (kept 3, dropped 5) links     1  0.02 MiB
   1294/3059  039349_43_p99rwprod                      files     40 (kept 6, dropped 34) links    17  0.12 MiB
   1295/3059  039349_44_d101vkfpr                      files      0 (kept 0, dropped 0) links     2  0.00 MiB
   1296/3059  039349_44_d101vold                       files      7 (kept 3, dropped 4) links     2  0.13 MiB
   1297/3059  039349_44_d16vnu                         files      7 (kept 3, dropped 4) links     2  0.12 MiB
   1298/3059  039349_44_p100bd                         files      8 (kept 3, dropped 5) links     1  0.09 MiB
   1299/3059  039349_44_p100bg                         files      8 (kept 3, dropped 5) links     1  0.09 MiB
   1300/3059  039349_44_p100boff                       files      8 (kept 3, dropped 5) links     1  0.08 MiB
   1301/3059  039349_44_p96vscope                      files      7 (kept 3, dropped 4) links     2  0.13 MiB
   1302/3059  039349_44_p98voff                        files     68 (kept 18, dropped 50) links     0  0.28 MiB
   1303/3059  039349_44_p98voffq                       files     40 (kept 6, dropped 34) links    17  0.23 MiB
   1304/3059  039349_44_p99rgon                        files      8 (kept 3, dropped 5) links     1  0.08 MiB
   1305/3059  039349_44_p99rgprod                      files      8 (kept 3, dropped 5) links     1  0.12 MiB
   1306/3059  039349_44_p99rwprod                      files     40 (kept 6, dropped 34) links    17  0.27 MiB
   1307/3059  039349_45_d101vkfpr                      files      0 (kept 0, dropped 0) links     2  0.00 MiB
   1308/3059  039349_45_d101vold                       files      7 (kept 3, dropped 4) links     2  0.02 MiB
   1309/3059  039349_45_d16vnu                         files      7 (kept 3, dropped 4) links     2  0.02 MiB
   1310/3059  039349_45_p100bd                         files      8 (kept 3, dropped 5) links     1  0.05 MiB
   1311/3059  039349_45_p100bg                         files      8 (kept 3, dropped 5) links     1  0.05 MiB
   1312/3059  039349_45_p100boff                       files      8 (kept 3, dropped 5) links     1  0.03 MiB
   1313/3059  039349_45_p96vscope                      files      7 (kept 3, dropped 4) links     2  0.02 MiB
   1314/3059  039349_45_p98voff                        files     68 (kept 18, dropped 50) links     0  0.19 MiB
   1315/3059  039349_45_p98voffq                       files     40 (kept 6, dropped 34) links    17  0.14 MiB
   1316/3059  039349_45_p99rgon                        files      8 (kept 3, dropped 5) links     1  0.03 MiB
   1317/3059  039349_45_p99rgprod                      files      8 (kept 3, dropped 5) links     1  0.02 MiB
   1318/3059  039349_45_p99rwprod                      files     40 (kept 6, dropped 34) links    17  0.12 MiB
   1319/3059  039349_46_d101vkfpr                      files      0 (kept 0, dropped 0) links     2  0.00 MiB
   1320/3059  039349_46_d101vold                       files      7 (kept 3, dropped 4) links     2  0.02 MiB
   1321/3059  039349_46_d16vnu                         files      7 (kept 3, dropped 4) links     2  0.02 MiB
   1322/3059  039349_46_p100bd                         files      8 (kept 3, dropped 5) links     1  0.03 MiB
   1323/3059  039349_46_p100bg                         files      8 (kept 3, dropped 5) links     1  0.03 MiB
   1324/3059  039349_46_p100boff                       files      8 (kept 3, dropped 5) links     1  0.02 MiB
   1325/3059  039349_46_p96vscope                      files      7 (kept 3, dropped 4) links     2  0.02 MiB
   1326/3059  039349_46_p98voff                        files     68 (kept 18, dropped 50) links     0  0.20 MiB
   1327/3059  039349_46_p98voffq                       files     40 (kept 6, dropped 34) links    17  0.15 MiB
   1328/3059  039349_46_p99rgon                        files      8 (kept 3, dropped 5) links     1  0.02 MiB
   1329/3059  039349_46_p99rgprod                      files      8 (kept 3, dropped 5) links     1  0.02 MiB
   1330/3059  039349_46_p99rwprod                      files     40 (kept 6, dropped 34) links    17  0.15 MiB
   1331/3059  039349_47_d101vkfpr                      files      0 (kept 0, dropped 0) links     2  0.00 MiB
   1332/3059  039349_47_d101vold                       files      7 (kept 3, dropped 4) links     2  0.03 MiB
   1333/3059  039349_47_d16vnu                         files      7 (kept 3, dropped 4) links     2  0.03 MiB
   1334/3059  039349_47_p100bd                         files      8 (kept 3, dropped 5) links     1  0.04 MiB
   1335/3059  039349_47_p100bg                         files      8 (kept 3, dropped 5) links     1  0.03 MiB
   1336/3059  039349_47_p100boff                       files      8 (kept 3, dropped 5) links     1  0.03 MiB
   1337/3059  039349_47_p96vscope                      files      7 (kept 3, dropped 4) links     2  0.03 MiB
   1338/3059  039349_47_p98voff                        files     68 (kept 18, dropped 50) links     0  0.20 MiB
   1339/3059  039349_47_p98voffq                       files     40 (kept 6, dropped 34) links    17  0.16 MiB
   1340/3059  039349_47_p99rgon                        files      8 (kept 3, dropped 5) links     1  0.03 MiB
   1341/3059  039349_47_p99rgprod                      files      8 (kept 3, dropped 5) links     1  0.02 MiB
   1342/3059  039349_47_p99rwprod                      files     40 (kept 6, dropped 34) links    17  0.14 MiB
   1343/3059  039349_48_d101vkfpr                      files      0 (kept 0, dropped 0) links     2  0.00 MiB
   1344/3059  039349_48_d101vold                       files      7 (kept 3, dropped 4) links     2  0.05 MiB
   1345/3059  039349_48_d16vnu                         files      7 (kept 3, dropped 4) links     2  0.05 MiB
   1346/3059  039349_48_p100bd                         files      8 (kept 3, dropped 5) links     1  0.11 MiB
   1347/3059  039349_48_p100bg                         files      8 (kept 3, dropped 5) links     1  0.11 MiB
   1348/3059  039349_48_p100boff                       files      8 (kept 3, dropped 5) links     1  0.05 MiB
   1349/3059  039349_48_p96vscope                      files      7 (kept 3, dropped 4) links     2  0.05 MiB
   1350/3059  039349_48_p98voff                        files     68 (kept 18, dropped 50) links     0  0.22 MiB
   1351/3059  039349_48_p98voffq                       files     40 (kept 6, dropped 34) links    17  0.20 MiB
   1352/3059  039349_48_p99rgon                        files      8 (kept 3, dropped 5) links     1  0.05 MiB
   1353/3059  039349_48_p99rgprod                      files      8 (kept 3, dropped 5) links     1  0.04 MiB
   1354/3059  039349_48_p99rwprod                      files     40 (kept 6, dropped 34) links    17  0.15 MiB
   1355/3059  039349_49_d101vkfpr                      files      0 (kept 0, dropped 0) links     2  0.00 MiB
   1356/3059  039349_49_d101vold                       files      7 (kept 3, dropped 4) links     2  0.02 MiB
   1357/3059  039349_49_d16vnu                         files      7 (kept 3, dropped 4) links     2  0.01 MiB
   1358/3059  039349_49_p100bd                         files      8 (kept 3, dropped 5) links     1  0.02 MiB
   1359/3059  039349_49_p100bg                         files      8 (kept 3, dropped 5) links     1  0.02 MiB
   1360/3059  039349_49_p100boff                       files      8 (kept 3, dropped 5) links     1  0.02 MiB
   1361/3059  039349_49_p96vscope                      files      7 (kept 3, dropped 4) links     2  0.02 MiB
   1362/3059  039349_49_p98voff                        files     68 (kept 18, dropped 50) links     0  0.18 MiB
   1363/3059  039349_49_p98voffq                       files     40 (kept 6, dropped 34) links    17  0.13 MiB
   1364/3059  039349_49_p99rgon                        files      8 (kept 3, dropped 5) links     1  0.02 MiB
   1365/3059  039349_49_p99rgprod                      files      8 (kept 3, dropped 5) links     1  0.02 MiB
   1366/3059  039349_49_p99rwprod                      files     40 (kept 6, dropped 34) links    17  0.14 MiB
   1367/3059  039349_4_d101vkfpr                       files      0 (kept 0, dropped 0) links     2  0.00 MiB
   1368/3059  039349_4_d101vold                        files      7 (kept 3, dropped 4) links     2  0.03 MiB
   1369/3059  039349_4_d16vnu                          files      7 (kept 3, dropped 4) links     2  0.02 MiB
   1370/3059  039349_4_p100bd                          files      8 (kept 3, dropped 5) links     1  0.18 MiB
   1371/3059  039349_4_p100bg                          files      8 (kept 3, dropped 5) links     1  0.18 MiB
   1372/3059  039349_4_p100boff                        files      8 (kept 3, dropped 5) links     1  0.02 MiB
   1373/3059  039349_4_p96vscope                       files      7 (kept 3, dropped 4) links     2  0.03 MiB
   1374/3059  039349_4_p98kchk                         files     65 (kept 15, dropped 50) links     8  0.15 MiB
   1375/3059  039349_4_p98kq                           files     40 (kept 6, dropped 34) links    17  0.13 MiB
   1376/3059  039349_4_p98voff                         files     68 (kept 18, dropped 50) links     0  0.18 MiB
   1377/3059  039349_4_p98voffq                        files     40 (kept 6, dropped 34) links    17  0.14 MiB
   1378/3059  039349_4_p99rgon                         files      8 (kept 3, dropped 5) links     1  0.02 MiB
   1379/3059  039349_4_p99rgprod                       files      8 (kept 3, dropped 5) links     1  0.02 MiB
   1380/3059  039349_4_p99rwprod                       files     40 (kept 6, dropped 34) links    17  0.13 MiB
   1381/3059  039349_50_d101vkfpr                      files      0 (kept 0, dropped 0) links     2  0.00 MiB
   1382/3059  039349_50_d101vold                       files      7 (kept 3, dropped 4) links     2  0.02 MiB
   1383/3059  039349_50_d16vnu                         files      7 (kept 3, dropped 4) links     2  0.02 MiB
   1384/3059  039349_50_p100bd                         files      8 (kept 3, dropped 5) links     1  0.08 MiB
   1385/3059  039349_50_p100bg                         files      8 (kept 3, dropped 5) links     1  0.08 MiB
   1386/3059  039349_50_p100boff                       files      8 (kept 3, dropped 5) links     1  0.06 MiB
   1387/3059  039349_50_p96vscope                      files      7 (kept 3, dropped 4) links     2  0.02 MiB
   1388/3059  039349_50_p98voff                        files     68 (kept 18, dropped 50) links     0  0.20 MiB
   1389/3059  039349_50_p98voffq                       files     40 (kept 6, dropped 34) links    17  0.17 MiB
   1390/3059  039349_50_p99rgon                        files      8 (kept 3, dropped 5) links     1  0.06 MiB
   1391/3059  039349_50_p99rgprod                      files      8 (kept 3, dropped 5) links     1  0.02 MiB
   1392/3059  039349_50_p99rwprod                      files     40 (kept 6, dropped 34) links    17  0.12 MiB
   1393/3059  039349_51_d101vkfpr                      files      0 (kept 0, dropped 0) links     2  0.00 MiB
   1394/3059  039349_51_d101vold                       files      7 (kept 3, dropped 4) links     2  0.06 MiB
   1395/3059  039349_51_d16vnu                         files      7 (kept 3, dropped 4) links     2  0.06 MiB
   1396/3059  039349_51_p100bd                         files      8 (kept 3, dropped 5) links     1  0.04 MiB
   1397/3059  039349_51_p100bg                         files      8 (kept 3, dropped 5) links     1  0.04 MiB
   1398/3059  039349_51_p100boff                       files      8 (kept 3, dropped 5) links     1  0.04 MiB
   1399/3059  039349_51_p96vscope                      files      7 (kept 3, dropped 4) links     2  0.06 MiB
   1400/3059  039349_51_p98voff                        files     68 (kept 18, dropped 50) links     0  0.17 MiB
   1401/3059  039349_51_p98voffq                       files     40 (kept 6, dropped 34) links    17  0.12 MiB
   1402/3059  039349_51_p99rgon                        files      8 (kept 3, dropped 5) links     1  0.04 MiB
   1403/3059  039349_51_p99rgprod                      files      8 (kept 3, dropped 5) links     1  0.06 MiB
   1404/3059  039349_51_p99rwprod                      files     40 (kept 6, dropped 34) links    17  0.17 MiB
   1405/3059  039349_52_d101vkfpr                      files      0 (kept 0, dropped 0) links     2  0.00 MiB
   1406/3059  039349_52_d101vold                       files      7 (kept 3, dropped 4) links     2  0.02 MiB
   1407/3059  039349_52_d16vnu                         files      7 (kept 3, dropped 4) links     2  0.02 MiB
   1408/3059  039349_52_p100bd                         files      8 (kept 3, dropped 5) links     1  0.10 MiB
   1409/3059  039349_52_p100bg                         files      8 (kept 3, dropped 5) links     1  0.10 MiB
   1410/3059  039349_52_p100boff                       files      8 (kept 3, dropped 5) links     1  0.05 MiB
   1411/3059  039349_52_p96vscope                      files      7 (kept 3, dropped 4) links     2  0.02 MiB
   1412/3059  039349_52_p98voff                        files     68 (kept 18, dropped 50) links     0  0.19 MiB
   1413/3059  039349_52_p98voffq                       files     40 (kept 6, dropped 34) links    17  0.15 MiB
   1414/3059  039349_52_p99rgon                        files      8 (kept 3, dropped 5) links     1  0.05 MiB
   1415/3059  039349_52_p99rgprod                      files      8 (kept 3, dropped 5) links     1  0.02 MiB
   1416/3059  039349_52_p99rwprod                      files     40 (kept 6, dropped 34) links    17  0.13 MiB
   1417/3059  039349_53_d101vkfpr                      files      0 (kept 0, dropped 0) links     2  0.00 MiB
   1418/3059  039349_53_d101vold                       files      7 (kept 3, dropped 4) links     2  0.03 MiB
   1419/3059  039349_53_d16vnu                         files      7 (kept 3, dropped 4) links     2  0.02 MiB
   1420/3059  039349_53_p100bd                         files      8 (kept 3, dropped 5) links     1  0.03 MiB
   1421/3059  039349_53_p100bg                         files      8 (kept 3, dropped 5) links     1  0.03 MiB
   1422/3059  039349_53_p100boff                       files      8 (kept 3, dropped 5) links     1  0.02 MiB
   1423/3059  039349_53_p96vscope                      files      7 (kept 3, dropped 4) links     2  0.03 MiB
   1424/3059  039349_53_p98voff                        files     68 (kept 18, dropped 50) links     0  0.15 MiB
   1425/3059  039349_53_p98voffq                       files     40 (kept 6, dropped 34) links    17  0.12 MiB
   1426/3059  039349_53_p99rgon                        files      8 (kept 3, dropped 5) links     1  0.02 MiB
   1427/3059  039349_53_p99rgprod                      files      8 (kept 3, dropped 5) links     1  0.02 MiB
   1428/3059  039349_53_p99rwprod                      files     40 (kept 6, dropped 34) links    17  0.10 MiB
   1429/3059  039349_54_d101vkfpr                      files      0 (kept 0, dropped 0) links     2  0.00 MiB
   1430/3059  039349_54_d101vold                       files      7 (kept 3, dropped 4) links     2  0.04 MiB
   1431/3059  039349_54_d16vnu                         files      7 (kept 3, dropped 4) links     2  0.03 MiB
   1432/3059  039349_54_p100bd                         files      8 (kept 3, dropped 5) links     1  0.05 MiB
   1433/3059  039349_54_p100bg                         files      8 (kept 3, dropped 5) links     1  0.05 MiB
   1434/3059  039349_54_p100boff                       files      8 (kept 3, dropped 5) links     1  0.02 MiB
   1435/3059  039349_54_p96vscope                      files      7 (kept 3, dropped 4) links     2  0.04 MiB
   1436/3059  039349_54_p98voff                        files     68 (kept 18, dropped 50) links     0  0.20 MiB
   1437/3059  039349_54_p98voffq                       files     40 (kept 6, dropped 34) links    17  0.15 MiB
   1438/3059  039349_54_p99rgon                        files      8 (kept 3, dropped 5) links     1  0.02 MiB
   1439/3059  039349_54_p99rgprod                      files      8 (kept 3, dropped 5) links     1  0.04 MiB
   1440/3059  039349_54_p99rwprod                      files     40 (kept 6, dropped 34) links    17  0.16 MiB
   1441/3059  039349_55_d101vkfpr                      files      0 (kept 0, dropped 0) links     2  0.00 MiB
   1442/3059  039349_55_d101vold                       files      7 (kept 3, dropped 4) links     2  0.02 MiB
   1443/3059  039349_55_d16vnu                         files      7 (kept 3, dropped 4) links     2  0.02 MiB
   1444/3059  039349_55_p100bd                         files      8 (kept 3, dropped 5) links     1  0.02 MiB
   1445/3059  039349_55_p100bg                         files      8 (kept 3, dropped 5) links     1  0.02 MiB
   1446/3059  039349_55_p100boff                       files      8 (kept 3, dropped 5) links     1  0.01 MiB
   1447/3059  039349_55_p96vscope                      files      7 (kept 3, dropped 4) links     2  0.02 MiB
   1448/3059  039349_55_p98voff                        files     67 (kept 18, dropped 49) links     0  0.17 MiB
   1449/3059  039349_55_p98voffq                       files     40 (kept 6, dropped 34) links    17  0.13 MiB
   1450/3059  039349_55_p99rgon                        files      8 (kept 3, dropped 5) links     1  0.01 MiB
   1451/3059  039349_55_p99rgprod                      files      8 (kept 3, dropped 5) links     1  0.01 MiB
   1452/3059  039349_55_p99rwprod                      files     40 (kept 6, dropped 34) links    17  0.13 MiB
   1453/3059  039349_56_d101vkfpr                      files      0 (kept 0, dropped 0) links     2  0.00 MiB
   1454/3059  039349_56_d101vold                       files      7 (kept 3, dropped 4) links     2  0.02 MiB
   1455/3059  039349_56_d16vnu                         files      7 (kept 3, dropped 4) links     2  0.02 MiB
   1456/3059  039349_56_p100bd                         files      8 (kept 3, dropped 5) links     1  0.05 MiB
   1457/3059  039349_56_p100bg                         files      8 (kept 3, dropped 5) links     1  0.04 MiB
   1458/3059  039349_56_p100boff                       files      8 (kept 3, dropped 5) links     1  0.02 MiB
   1459/3059  039349_56_p96vscope                      files      7 (kept 3, dropped 4) links     2  0.02 MiB
   1460/3059  039349_56_p98voff                        files     68 (kept 18, dropped 50) links     0  0.19 MiB
   1461/3059  039349_56_p98voffq                       files     40 (kept 6, dropped 34) links    17  0.14 MiB
   1462/3059  039349_56_p99rgon                        files      8 (kept 3, dropped 5) links     1  0.03 MiB
   1463/3059  039349_56_p99rgprod                      files      8 (kept 3, dropped 5) links     1  0.02 MiB
   1464/3059  039349_56_p99rwprod                      files     40 (kept 6, dropped 34) links    17  0.13 MiB
   1465/3059  039349_57_d101vkfpr                      files      0 (kept 0, dropped 0) links     2  0.00 MiB
   1466/3059  039349_57_d101vold                       files      7 (kept 3, dropped 4) links     2  0.02 MiB
   1467/3059  039349_57_d16vnu                         files      7 (kept 3, dropped 4) links     2  0.02 MiB
   1468/3059  039349_57_p100bd                         files      8 (kept 3, dropped 5) links     1  0.03 MiB
   1469/3059  039349_57_p100bg                         files      8 (kept 3, dropped 5) links     1  0.03 MiB
   1470/3059  039349_57_p100boff                       files      8 (kept 3, dropped 5) links     1  0.03 MiB
   1471/3059  039349_57_p96vscope                      files      7 (kept 3, dropped 4) links     2  0.02 MiB
   1472/3059  039349_57_p98voff                        files     68 (kept 18, dropped 50) links     0  0.24 MiB
   1473/3059  039349_57_p98voffq                       files     40 (kept 6, dropped 34) links    17  0.19 MiB
   1474/3059  039349_57_p99rgon                        files      8 (kept 3, dropped 5) links     1  0.03 MiB
   1475/3059  039349_57_p99rgprod                      files      8 (kept 3, dropped 5) links     1  0.02 MiB
   1476/3059  039349_57_p99rwprod                      files     40 (kept 6, dropped 34) links    17  0.12 MiB
   1477/3059  039349_58_d101vkfpr                      files      0 (kept 0, dropped 0) links     2  0.00 MiB
   1478/3059  039349_58_d101vold                       files      7 (kept 3, dropped 4) links     2  0.02 MiB
   1479/3059  039349_58_d16vnu                         files      7 (kept 3, dropped 4) links     2  0.01 MiB
   1480/3059  039349_58_p100bd                         files      8 (kept 3, dropped 5) links     1  0.02 MiB
   1481/3059  039349_58_p100bg                         files      8 (kept 3, dropped 5) links     1  0.02 MiB
   1482/3059  039349_58_p100boff                       files      8 (kept 3, dropped 5) links     1  0.02 MiB
   1483/3059  039349_58_p96vscope                      files      7 (kept 3, dropped 4) links     2  0.02 MiB
   1484/3059  039349_58_p98voff                        files     68 (kept 18, dropped 50) links     0  0.17 MiB
   1485/3059  039349_58_p98voffq                       files     40 (kept 6, dropped 34) links    17  0.12 MiB
   1486/3059  039349_58_p99rgon                        files      8 (kept 3, dropped 5) links     1  0.02 MiB
   1487/3059  039349_58_p99rgprod                      files      8 (kept 3, dropped 5) links     1  0.02 MiB
   1488/3059  039349_58_p99rwprod                      files     40 (kept 6, dropped 34) links    17  0.13 MiB
   1489/3059  039349_59_d101vkfpr                      files      0 (kept 0, dropped 0) links     2  0.00 MiB
   1490/3059  039349_59_d101vold                       files      7 (kept 3, dropped 4) links     2  0.02 MiB
   1491/3059  039349_59_d16vnu                         files      7 (kept 3, dropped 4) links     2  0.02 MiB
   1492/3059  039349_59_p100bd                         files      8 (kept 3, dropped 5) links     1  0.03 MiB
   1493/3059  039349_59_p100bg                         files      8 (kept 3, dropped 5) links     1  0.03 MiB
   1494/3059  039349_59_p100boff                       files      8 (kept 3, dropped 5) links     1  0.02 MiB
   1495/3059  039349_59_p96vscope                      files      7 (kept 3, dropped 4) links     2  0.02 MiB
   1496/3059  039349_59_p98voff                        files     68 (kept 18, dropped 50) links     0  0.16 MiB
   1497/3059  039349_59_p98voffq                       files     40 (kept 6, dropped 34) links    17  0.11 MiB
   1498/3059  039349_59_p99rgon                        files      8 (kept 3, dropped 5) links     1  0.02 MiB
   1499/3059  039349_59_p99rgprod                      files      8 (kept 3, dropped 5) links     1  0.02 MiB
   1500/3059  039349_59_p99rwprod                      files     40 (kept 6, dropped 34) links    17  0.11 MiB
   1501/3059  039349_5_d101vkfpr                       files      0 (kept 0, dropped 0) links     2  0.00 MiB
   1502/3059  039349_5_d101vold                        files      7 (kept 3, dropped 4) links     2  0.02 MiB
   1503/3059  039349_5_d16vnu                          files      7 (kept 3, dropped 4) links     2  0.02 MiB
   1504/3059  039349_5_p100bd                          files      8 (kept 3, dropped 5) links     1  0.03 MiB
   1505/3059  039349_5_p100bg                          files      8 (kept 3, dropped 5) links     1  0.03 MiB
   1506/3059  039349_5_p100boff                        files      8 (kept 3, dropped 5) links     1  0.03 MiB
   1507/3059  039349_5_p96vscope                       files      7 (kept 3, dropped 4) links     2  0.02 MiB
   1508/3059  039349_5_p98voff                         files     68 (kept 18, dropped 50) links     0  0.18 MiB
   1509/3059  039349_5_p98voffq                        files     40 (kept 6, dropped 34) links    17  0.13 MiB
   1510/3059  039349_5_p99rgon                         files      8 (kept 3, dropped 5) links     1  0.03 MiB
   1511/3059  039349_5_p99rgprod                       files      8 (kept 3, dropped 5) links     1  0.02 MiB
   1512/3059  039349_5_p99rwprod                       files     40 (kept 6, dropped 34) links    17  0.12 MiB
   1513/3059  039349_60_d101vkfpr                      files      0 (kept 0, dropped 0) links     2  0.00 MiB
   1514/3059  039349_60_d101vold                       files      7 (kept 3, dropped 4) links     2  0.02 MiB
   1515/3059  039349_60_d16vnu                         files      7 (kept 3, dropped 4) links     2  0.02 MiB
   1516/3059  039349_60_p100bd                         files      8 (kept 3, dropped 5) links     1  0.04 MiB
   1517/3059  039349_60_p100bg                         files      8 (kept 3, dropped 5) links     1  0.04 MiB
   1518/3059  039349_60_p100boff                       files      8 (kept 3, dropped 5) links     1  0.03 MiB
   1519/3059  039349_60_p96vscope                      files      7 (kept 3, dropped 4) links     2  0.02 MiB
   1520/3059  039349_60_p98voff                        files     68 (kept 18, dropped 50) links     0  0.17 MiB
   1521/3059  039349_60_p98voffq                       files     40 (kept 6, dropped 34) links    17  0.13 MiB
   1522/3059  039349_60_p99rgon                        files      8 (kept 3, dropped 5) links     1  0.03 MiB
   1523/3059  039349_60_p99rgprod                      files      8 (kept 3, dropped 5) links     1  0.02 MiB
   1524/3059  039349_60_p99rwprod                      files     40 (kept 6, dropped 34) links    17  0.11 MiB
   1525/3059  039349_61_d101vkfpr                      files      0 (kept 0, dropped 0) links     2  0.00 MiB
   1526/3059  039349_61_d101vold                       files      7 (kept 3, dropped 4) links     2  0.03 MiB
   1527/3059  039349_61_d16vnu                         files      7 (kept 3, dropped 4) links     2  0.03 MiB
   1528/3059  039349_61_p100bd                         files      8 (kept 3, dropped 5) links     1  0.03 MiB
   1529/3059  039349_61_p100bg                         files      8 (kept 3, dropped 5) links     1  0.03 MiB
   1530/3059  039349_61_p100boff                       files      8 (kept 3, dropped 5) links     1  0.02 MiB
   1531/3059  039349_61_p96vscope                      files      7 (kept 3, dropped 4) links     2  0.03 MiB
   1532/3059  039349_61_p98voff                        files     68 (kept 18, dropped 50) links     0  0.17 MiB
   1533/3059  039349_61_p98voffq                       files     40 (kept 6, dropped 34) links    17  0.12 MiB
   1534/3059  039349_61_p99rgon                        files      8 (kept 3, dropped 5) links     1  0.02 MiB
   1535/3059  039349_61_p99rgprod                      files      8 (kept 3, dropped 5) links     1  0.03 MiB
   1536/3059  039349_61_p99rwprod                      files     40 (kept 6, dropped 34) links    17  0.13 MiB
   1537/3059  039349_62_d101vkfpr                      files      0 (kept 0, dropped 0) links     2  0.00 MiB
   1538/3059  039349_62_d101vold                       files      7 (kept 3, dropped 4) links     2  0.03 MiB
   1539/3059  039349_62_d16vnu                         files      7 (kept 3, dropped 4) links     2  0.03 MiB
   1540/3059  039349_62_p100bd                         files      8 (kept 3, dropped 5) links     1  0.02 MiB
   1541/3059  039349_62_p100bg                         files      8 (kept 3, dropped 5) links     1  0.02 MiB
   1542/3059  039349_62_p100boff                       files      8 (kept 3, dropped 5) links     1  0.02 MiB
   1543/3059  039349_62_p96vscope                      files      7 (kept 3, dropped 4) links     2  0.03 MiB
   1544/3059  039349_62_p98voff                        files     68 (kept 18, dropped 50) links     0  0.18 MiB
   1545/3059  039349_62_p98voffq                       files     40 (kept 6, dropped 34) links    17  0.14 MiB
   1546/3059  039349_62_p99rgon                        files      8 (kept 3, dropped 5) links     1  0.02 MiB
   1547/3059  039349_62_p99rgprod                      files      8 (kept 3, dropped 5) links     1  0.03 MiB
   1548/3059  039349_62_p99rwprod                      files     40 (kept 6, dropped 34) links    17  0.14 MiB
   1549/3059  039349_63_d101vkfpr                      files      0 (kept 0, dropped 0) links     2  0.00 MiB
   1550/3059  039349_63_d101vold                       files      7 (kept 3, dropped 4) links     2  0.05 MiB
   1551/3059  039349_63_d16vnu                         files      7 (kept 3, dropped 4) links     2  0.04 MiB
   1552/3059  039349_63_p100bd                         files      8 (kept 3, dropped 5) links     1  0.05 MiB
   1553/3059  039349_63_p100bg                         files      8 (kept 3, dropped 5) links     1  0.05 MiB
   1554/3059  039349_63_p100boff                       files      8 (kept 3, dropped 5) links     1  0.05 MiB
   1555/3059  039349_63_p96vscope                      files      7 (kept 3, dropped 4) links     2  0.05 MiB
   1556/3059  039349_63_p98voff                        files     68 (kept 18, dropped 50) links     0  0.17 MiB
   1557/3059  039349_63_p98voffq                       files     40 (kept 6, dropped 34) links    17  0.12 MiB
   1558/3059  039349_63_p99rgon                        files      8 (kept 3, dropped 5) links     1  0.05 MiB
   1559/3059  039349_63_p99rgprod                      files      8 (kept 3, dropped 5) links     1  0.05 MiB
   1560/3059  039349_63_p99rwprod                      files     40 (kept 6, dropped 34) links    17  0.14 MiB
   1561/3059  039349_64_d101vkfpr                      files      0 (kept 0, dropped 0) links     2  0.00 MiB
   1562/3059  039349_64_d101vold                       files      7 (kept 3, dropped 4) links     2  0.04 MiB
   1563/3059  039349_64_d102vcs                        files      7 (kept 3, dropped 4) links     2  4.19 MiB
   1564/3059  039349_64_d102vdbg                       files      7 (kept 3, dropped 4) links     2  2.18 MiB
   1565/3059  039349_64_d16vnu                         files      7 (kept 3, dropped 4) links     2  0.03 MiB
   1566/3059  039349_64_p100bd                         files      8 (kept 3, dropped 5) links     1  0.04 MiB
   1567/3059  039349_64_p100bg                         files      8 (kept 3, dropped 5) links     1  0.04 MiB
   1568/3059  039349_64_p100boff                       files      8 (kept 3, dropped 5) links     1  0.04 MiB
   1569/3059  039349_64_p96vscope                      files      7 (kept 3, dropped 4) links     2  0.04 MiB
   1570/3059  039349_64_p98voff                        files     68 (kept 18, dropped 50) links     0  0.22 MiB
   1571/3059  039349_64_p98voffq                       files     40 (kept 6, dropped 34) links    17  0.17 MiB
   1572/3059  039349_64_p99rgon                        files      8 (kept 3, dropped 5) links     1  0.04 MiB
   1573/3059  039349_64_p99rgprod                      files      8 (kept 3, dropped 5) links     1  0.04 MiB
   1574/3059  039349_64_p99rwprod                      files     40 (kept 6, dropped 34) links    17  0.18 MiB
   1575/3059  039349_65_d101vkfpr                      files      0 (kept 0, dropped 0) links     2  0.00 MiB
   1576/3059  039349_65_d101vold                       files      7 (kept 3, dropped 4) links     2  0.01 MiB
   1577/3059  039349_65_d16vnu                         files      7 (kept 3, dropped 4) links     2  0.01 MiB
   1578/3059  039349_65_p100bd                         files      8 (kept 3, dropped 5) links     1  0.02 MiB
   1579/3059  039349_65_p100bg                         files      8 (kept 3, dropped 5) links     1  0.02 MiB
   1580/3059  039349_65_p100boff                       files      8 (kept 3, dropped 5) links     1  0.02 MiB
   1581/3059  039349_65_p96vscope                      files      7 (kept 3, dropped 4) links     2  0.01 MiB
   1582/3059  039349_65_p98voff                        files     68 (kept 18, dropped 50) links     0  0.15 MiB
   1583/3059  039349_65_p98voffq                       files     40 (kept 6, dropped 34) links    17  0.11 MiB
   1584/3059  039349_65_p99rgon                        files      8 (kept 3, dropped 5) links     1  0.02 MiB
   1585/3059  039349_65_p99rgprod                      files      8 (kept 3, dropped 5) links     1  0.01 MiB
   1586/3059  039349_65_p99rwprod                      files     40 (kept 6, dropped 34) links    17  0.10 MiB
   1587/3059  039349_66_d101vkfpr                      files      0 (kept 0, dropped 0) links     2  0.00 MiB
   1588/3059  039349_66_d101vold                       files      7 (kept 3, dropped 4) links     2  0.02 MiB
   1589/3059  039349_66_d16vnu                         files      7 (kept 3, dropped 4) links     2  0.02 MiB
   1590/3059  039349_66_p100bd                         files      8 (kept 3, dropped 5) links     1  0.05 MiB
   1591/3059  039349_66_p100bg                         files      8 (kept 3, dropped 5) links     1  0.05 MiB
   1592/3059  039349_66_p100boff                       files      8 (kept 3, dropped 5) links     1  0.03 MiB
   1593/3059  039349_66_p96vscope                      files      7 (kept 3, dropped 4) links     2  0.02 MiB
   1594/3059  039349_66_p98voff                        files     68 (kept 18, dropped 50) links     0  0.19 MiB
   1595/3059  039349_66_p98voffq                       files     40 (kept 6, dropped 34) links    17  0.15 MiB
   1596/3059  039349_66_p99rgon                        files      8 (kept 3, dropped 5) links     1  0.03 MiB
   1597/3059  039349_66_p99rgprod                      files      8 (kept 3, dropped 5) links     1  0.02 MiB
   1598/3059  039349_66_p99rwprod                      files     40 (kept 6, dropped 34) links    17  0.14 MiB
   1599/3059  039349_67_d101vkfpr                      files      0 (kept 0, dropped 0) links     2  0.00 MiB
   1600/3059  039349_67_d101vold                       files      7 (kept 3, dropped 4) links     2  0.02 MiB
   1601/3059  039349_67_d16vnu                         files      7 (kept 3, dropped 4) links     2  0.02 MiB
   1602/3059  039349_67_p100bd                         files      8 (kept 3, dropped 5) links     1  0.03 MiB
   1603/3059  039349_67_p100bg                         files      8 (kept 3, dropped 5) links     1  0.03 MiB
   1604/3059  039349_67_p100boff                       files      8 (kept 3, dropped 5) links     1  0.03 MiB
   1605/3059  039349_67_p96vscope                      files      7 (kept 3, dropped 4) links     2  0.02 MiB
   1606/3059  039349_67_p98voff                        files     68 (kept 18, dropped 50) links     0  0.18 MiB
   1607/3059  039349_67_p98voffq                       files     40 (kept 6, dropped 34) links    17  0.13 MiB
   1608/3059  039349_67_p99rgon                        files      8 (kept 3, dropped 5) links     1  0.03 MiB
   1609/3059  039349_67_p99rgprod                      files      8 (kept 3, dropped 5) links     1  0.02 MiB
   1610/3059  039349_67_p99rwprod                      files     40 (kept 6, dropped 34) links    17  0.14 MiB
   1611/3059  039349_68_d101vkfpr                      files      0 (kept 0, dropped 0) links     2  0.00 MiB
   1612/3059  039349_68_d101vold                       files      7 (kept 3, dropped 4) links     2  0.06 MiB
   1613/3059  039349_68_d16vnu                         files      7 (kept 3, dropped 4) links     2  0.06 MiB
   1614/3059  039349_68_p100bd                         files      8 (kept 3, dropped 5) links     1  0.04 MiB
   1615/3059  039349_68_p100bg                         files      8 (kept 3, dropped 5) links     1  0.04 MiB
   1616/3059  039349_68_p100boff                       files      8 (kept 3, dropped 5) links     1  0.03 MiB
   1617/3059  039349_68_p96vscope                      files      7 (kept 3, dropped 4) links     2  0.06 MiB
   1618/3059  039349_68_p98kchk                        files     65 (kept 15, dropped 50) links     8  0.19 MiB
   1619/3059  039349_68_p98kq                          files     40 (kept 6, dropped 34) links    17  0.17 MiB
   1620/3059  039349_68_p98voff                        files     68 (kept 18, dropped 50) links     0  0.17 MiB
   1621/3059  039349_68_p98voffq                       files     40 (kept 6, dropped 34) links    17  0.13 MiB
   1622/3059  039349_68_p99rgon                        files      8 (kept 3, dropped 5) links     1  0.03 MiB
   1623/3059  039349_68_p99rgprod                      files      8 (kept 3, dropped 5) links     1  0.05 MiB
   1624/3059  039349_68_p99rwprod                      files     40 (kept 6, dropped 34) links    17  0.16 MiB
   1625/3059  039349_69_d101vkfpr                      files      0 (kept 0, dropped 0) links     2  0.00 MiB
   1626/3059  039349_69_d101vold                       files      7 (kept 3, dropped 4) links     2  0.02 MiB
   1627/3059  039349_69_d16vnu                         files      7 (kept 3, dropped 4) links     2  0.02 MiB
   1628/3059  039349_69_p100bd                         files      8 (kept 3, dropped 5) links     1  0.02 MiB
   1629/3059  039349_69_p100bg                         files      8 (kept 3, dropped 5) links     1  0.02 MiB
   1630/3059  039349_69_p100boff                       files      8 (kept 3, dropped 5) links     1  0.02 MiB
   1631/3059  039349_69_p96vscope                      files      7 (kept 3, dropped 4) links     2  0.02 MiB
   1632/3059  039349_69_p98voff                        files     68 (kept 18, dropped 50) links     0  0.18 MiB
   1633/3059  039349_69_p98voffq                       files     40 (kept 6, dropped 34) links    17  0.13 MiB
   1634/3059  039349_69_p99rgon                        files      8 (kept 3, dropped 5) links     1  0.02 MiB
   1635/3059  039349_69_p99rgprod                      files      8 (kept 3, dropped 5) links     1  0.01 MiB
   1636/3059  039349_69_p99rwprod                      files     40 (kept 6, dropped 34) links    17  0.12 MiB
   1637/3059  039349_6_d101vkfpr                       files      0 (kept 0, dropped 0) links     2  0.00 MiB
   1638/3059  039349_6_d101vold                        files      7 (kept 3, dropped 4) links     2  0.04 MiB
   1639/3059  039349_6_d16vnu                          files      7 (kept 3, dropped 4) links     2  0.03 MiB
   1640/3059  039349_6_p100bd                          files      8 (kept 3, dropped 5) links     1  0.06 MiB
   1641/3059  039349_6_p100bg                          files      8 (kept 3, dropped 5) links     1  0.06 MiB
   1642/3059  039349_6_p100boff                        files      8 (kept 3, dropped 5) links     1  0.02 MiB
   1643/3059  039349_6_p96vscope                       files      7 (kept 3, dropped 4) links     2  0.04 MiB
   1644/3059  039349_6_p98voff                         files     68 (kept 18, dropped 50) links     0  0.18 MiB
   1645/3059  039349_6_p98voffq                        files     40 (kept 6, dropped 34) links    17  0.14 MiB
   1646/3059  039349_6_p99rgon                         files      8 (kept 3, dropped 5) links     1  0.02 MiB
   1647/3059  039349_6_p99rgprod                       files      8 (kept 3, dropped 5) links     1  0.03 MiB
   1648/3059  039349_6_p99rwprod                       files     40 (kept 6, dropped 34) links    17  0.14 MiB
   1649/3059  039349_70_d101vkfpr                      files      0 (kept 0, dropped 0) links     2  0.00 MiB
   1650/3059  039349_70_d101vold                       files      7 (kept 3, dropped 4) links     2  0.02 MiB
   1651/3059  039349_70_d16vnu                         files      7 (kept 3, dropped 4) links     2  0.02 MiB
   1652/3059  039349_70_p100bd                         files      8 (kept 3, dropped 5) links     1  0.05 MiB
   1653/3059  039349_70_p100bg                         files      8 (kept 3, dropped 5) links     1  0.05 MiB
   1654/3059  039349_70_p100boff                       files      8 (kept 3, dropped 5) links     1  0.02 MiB
   1655/3059  039349_70_p96vscope                      files      7 (kept 3, dropped 4) links     2  0.02 MiB
   1656/3059  039349_70_p98voff                        files     68 (kept 18, dropped 50) links     0  0.19 MiB
   1657/3059  039349_70_p98voffq                       files     40 (kept 6, dropped 34) links    17  0.14 MiB
   1658/3059  039349_70_p99rgon                        files      8 (kept 3, dropped 5) links     1  0.02 MiB
   1659/3059  039349_70_p99rgprod                      files      8 (kept 3, dropped 5) links     1  0.02 MiB
   1660/3059  039349_70_p99rwprod                      files     40 (kept 6, dropped 34) links    17  0.15 MiB
   1661/3059  039349_71_d101vkfpr                      files      0 (kept 0, dropped 0) links     2  0.00 MiB
   1662/3059  039349_71_d101vold                       files      7 (kept 3, dropped 4) links     2  0.05 MiB
   1663/3059  039349_71_d16vnu                         files      7 (kept 3, dropped 4) links     2  0.04 MiB
   1664/3059  039349_71_p100bd                         files      8 (kept 3, dropped 5) links     1  0.08 MiB
   1665/3059  039349_71_p100bg                         files      8 (kept 3, dropped 5) links     1  0.08 MiB
   1666/3059  039349_71_p100boff                       files      8 (kept 3, dropped 5) links     1  0.04 MiB
   1667/3059  039349_71_p96vscope                      files      7 (kept 3, dropped 4) links     2  0.05 MiB
   1668/3059  039349_71_p98voff                        files     68 (kept 18, dropped 50) links     0  0.22 MiB
   1669/3059  039349_71_p98voffq                       files     40 (kept 6, dropped 34) links    17  0.17 MiB
   1670/3059  039349_71_p99rgon                        files      8 (kept 3, dropped 5) links     1  0.04 MiB
   1671/3059  039349_71_p99rgprod                      files      8 (kept 3, dropped 5) links     1  0.05 MiB
   1672/3059  039349_71_p99rwprod                      files     40 (kept 6, dropped 34) links    17  0.15 MiB
   1673/3059  039349_72_d101vkfpr                      files      0 (kept 0, dropped 0) links     2  0.00 MiB
   1674/3059  039349_72_d101vold                       files      7 (kept 3, dropped 4) links     2  0.04 MiB
   1675/3059  039349_72_d16vnu                         files      7 (kept 3, dropped 4) links     2  0.04 MiB
   1676/3059  039349_72_p100bd                         files      8 (kept 3, dropped 5) links     1  0.12 MiB
   1677/3059  039349_72_p100bg                         files      8 (kept 3, dropped 5) links     1  0.12 MiB
   1678/3059  039349_72_p100boff                       files      8 (kept 3, dropped 5) links     1  0.04 MiB
   1679/3059  039349_72_p96vscope                      files      7 (kept 3, dropped 4) links     2  0.04 MiB
   1680/3059  039349_72_p98voff                        files     68 (kept 18, dropped 50) links     0  0.19 MiB
   1681/3059  039349_72_p98voffq                       files     40 (kept 6, dropped 34) links    17  0.16 MiB
   1682/3059  039349_72_p99rgon                        files      8 (kept 3, dropped 5) links     1  0.04 MiB
   1683/3059  039349_72_p99rgprod                      files      8 (kept 3, dropped 5) links     1  0.03 MiB
   1684/3059  039349_72_p99rwprod                      files     40 (kept 6, dropped 34) links    17  0.14 MiB
   1685/3059  039349_73_d101vkfpr                      files      0 (kept 0, dropped 0) links     2  0.00 MiB
   1686/3059  039349_73_d101vold                       files      7 (kept 3, dropped 4) links     2  0.02 MiB
   1687/3059  039349_73_d16vnu                         files      7 (kept 3, dropped 4) links     2  0.02 MiB
   1688/3059  039349_73_p100bd                         files      8 (kept 3, dropped 5) links     1  0.04 MiB
   1689/3059  039349_73_p100bg                         files      8 (kept 3, dropped 5) links     1  0.04 MiB
   1690/3059  039349_73_p100boff                       files      8 (kept 3, dropped 5) links     1  0.04 MiB
   1691/3059  039349_73_p96vscope                      files      7 (kept 3, dropped 4) links     2  0.02 MiB
   1692/3059  039349_73_p98voff                        files     68 (kept 18, dropped 50) links     0  0.19 MiB
   1693/3059  039349_73_p98voffq                       files     40 (kept 6, dropped 34) links    17  0.14 MiB
   1694/3059  039349_73_p99rgon                        files      8 (kept 3, dropped 5) links     1  0.04 MiB
   1695/3059  039349_73_p99rgprod                      files      8 (kept 3, dropped 5) links     1  0.02 MiB
   1696/3059  039349_73_p99rwprod                      files     40 (kept 6, dropped 34) links    17  0.15 MiB
   1697/3059  039349_74_d101vkfpr                      files      0 (kept 0, dropped 0) links     2  0.00 MiB
   1698/3059  039349_74_d101vold                       files      7 (kept 3, dropped 4) links     2  0.01 MiB
   1699/3059  039349_74_d16vnu                         files      7 (kept 3, dropped 4) links     2  0.01 MiB
   1700/3059  039349_74_p100bd                         files      8 (kept 3, dropped 5) links     1  0.04 MiB
   1701/3059  039349_74_p100bg                         files      8 (kept 3, dropped 5) links     1  0.04 MiB
   1702/3059  039349_74_p100boff                       files      8 (kept 3, dropped 5) links     1  0.02 MiB
   1703/3059  039349_74_p96vscope                      files      7 (kept 3, dropped 4) links     2  0.01 MiB
   1704/3059  039349_74_p98voff                        files     68 (kept 18, dropped 50) links     0  0.19 MiB
   1705/3059  039349_74_p98voffq                       files     40 (kept 6, dropped 34) links    17  0.14 MiB
   1706/3059  039349_74_p99rgon                        files      8 (kept 3, dropped 5) links     1  0.02 MiB
   1707/3059  039349_74_p99rgprod                      files      8 (kept 3, dropped 5) links     1  0.01 MiB
   1708/3059  039349_74_p99rwprod                      files     40 (kept 6, dropped 34) links    17  0.14 MiB
   1709/3059  039349_75_d101vkfpr                      files      0 (kept 0, dropped 0) links     2  0.00 MiB
   1710/3059  039349_75_d101vold                       files      7 (kept 3, dropped 4) links     2  0.13 MiB
   1711/3059  039349_75_d16vnu                         files      7 (kept 3, dropped 4) links     2  0.13 MiB
   1712/3059  039349_75_p100bd                         files      8 (kept 3, dropped 5) links     1  0.04 MiB
   1713/3059  039349_75_p100bg                         files      8 (kept 3, dropped 5) links     1  0.04 MiB
   1714/3059  039349_75_p100boff                       files      8 (kept 3, dropped 5) links     1  0.02 MiB
   1715/3059  039349_75_p96vscope                      files      7 (kept 3, dropped 4) links     2  0.13 MiB
   1716/3059  039349_75_p98voff                        files     68 (kept 18, dropped 50) links     0  0.19 MiB
   1717/3059  039349_75_p98voffq                       files     40 (kept 6, dropped 34) links    17  0.15 MiB
   1718/3059  039349_75_p99rgon                        files      8 (kept 3, dropped 5) links     1  0.02 MiB
   1719/3059  039349_75_p99rgprod                      files      8 (kept 3, dropped 5) links     1  0.12 MiB
   1720/3059  039349_75_p99rwprod                      files     40 (kept 6, dropped 34) links    17  0.24 MiB
   1721/3059  039349_76_d101vkfpr                      files      0 (kept 0, dropped 0) links     2  0.00 MiB
   1722/3059  039349_76_d101vold                       files      7 (kept 3, dropped 4) links     2  0.07 MiB
   1723/3059  039349_76_d16vnu                         files      7 (kept 3, dropped 4) links     2  0.07 MiB
   1724/3059  039349_76_p100bd                         files      8 (kept 3, dropped 5) links     1  0.05 MiB
   1725/3059  039349_76_p100bg                         files      8 (kept 3, dropped 5) links     1  0.05 MiB
   1726/3059  039349_76_p100boff                       files      8 (kept 3, dropped 5) links     1  0.02 MiB
   1727/3059  039349_76_p96vscope                      files      7 (kept 3, dropped 4) links     2  0.07 MiB
   1728/3059  039349_76_p98voff                        files     68 (kept 18, dropped 50) links     0  0.18 MiB
   1729/3059  039349_76_p98voffq                       files     40 (kept 6, dropped 34) links    17  0.16 MiB
   1730/3059  039349_76_p99rgon                        files      8 (kept 3, dropped 5) links     1  0.02 MiB
   1731/3059  039349_76_p99rgprod                      files      8 (kept 3, dropped 5) links     1  0.04 MiB
   1732/3059  039349_76_p99rwprod                      files     40 (kept 6, dropped 34) links    17  0.15 MiB
   1733/3059  039349_77_d101vkfpr                      files      0 (kept 0, dropped 0) links     2  0.00 MiB
   1734/3059  039349_77_d101vold                       files      7 (kept 3, dropped 4) links     2  0.03 MiB
   1735/3059  039349_77_d16vnu                         files      7 (kept 3, dropped 4) links     2  0.02 MiB
   1736/3059  039349_77_p100bd                         files      8 (kept 3, dropped 5) links     1  0.08 MiB
   1737/3059  039349_77_p100bg                         files      8 (kept 3, dropped 5) links     1  0.08 MiB
   1738/3059  039349_77_p100boff                       files      8 (kept 3, dropped 5) links     1  0.05 MiB
   1739/3059  039349_77_p96vscope                      files      7 (kept 3, dropped 4) links     2  0.03 MiB
   1740/3059  039349_77_p98voff                        files     68 (kept 18, dropped 50) links     0  0.20 MiB
   1741/3059  039349_77_p98voffq                       files     40 (kept 6, dropped 34) links    17  0.15 MiB
   1742/3059  039349_77_p99rgon                        files      8 (kept 3, dropped 5) links     1  0.05 MiB
   1743/3059  039349_77_p99rgprod                      files      8 (kept 3, dropped 5) links     1  0.03 MiB
   1744/3059  039349_77_p99rwprod                      files     40 (kept 6, dropped 34) links    17  0.16 MiB
   1745/3059  039349_78_d101vkfpr                      files      0 (kept 0, dropped 0) links     2  0.00 MiB
   1746/3059  039349_78_d101vold                       files      7 (kept 3, dropped 4) links     2  0.01 MiB
   1747/3059  039349_78_d16vnu                         files      7 (kept 3, dropped 4) links     2  0.01 MiB
   1748/3059  039349_78_p100bd                         files      8 (kept 3, dropped 5) links     1  0.03 MiB
   1749/3059  039349_78_p100bg                         files      8 (kept 3, dropped 5) links     1  0.03 MiB
   1750/3059  039349_78_p100boff                       files      8 (kept 3, dropped 5) links     1  0.02 MiB
   1751/3059  039349_78_p96vscope                      files      7 (kept 3, dropped 4) links     2  0.01 MiB
   1752/3059  039349_78_p98voff                        files     68 (kept 18, dropped 50) links     0  0.17 MiB
   1753/3059  039349_78_p98voffq                       files     40 (kept 6, dropped 34) links    17  0.13 MiB
   1754/3059  039349_78_p99rgon                        files      8 (kept 3, dropped 5) links     1  0.02 MiB
   1755/3059  039349_78_p99rgprod                      files      8 (kept 3, dropped 5) links     1  0.01 MiB
   1756/3059  039349_78_p99rwprod                      files     40 (kept 6, dropped 34) links    17  0.11 MiB
   1757/3059  039349_79_d101vkfpr                      files      0 (kept 0, dropped 0) links     2  0.00 MiB
   1758/3059  039349_79_d101vold                       files      7 (kept 3, dropped 4) links     2  0.06 MiB
   1759/3059  039349_79_d16vnu                         files      7 (kept 3, dropped 4) links     2  0.06 MiB
   1760/3059  039349_79_p100bd                         files      8 (kept 3, dropped 5) links     1  0.11 MiB
   1761/3059  039349_79_p100bg                         files      8 (kept 3, dropped 5) links     1  0.11 MiB
   1762/3059  039349_79_p100boff                       files      8 (kept 3, dropped 5) links     1  0.05 MiB
   1763/3059  039349_79_p96vscope                      files      7 (kept 3, dropped 4) links     2  0.06 MiB
   1764/3059  039349_79_p98voff                        files     68 (kept 18, dropped 50) links     0  0.28 MiB
   1765/3059  039349_79_p98voffq                       files     40 (kept 6, dropped 34) links    17  0.23 MiB
   1766/3059  039349_79_p99rgon                        files      8 (kept 3, dropped 5) links     1  0.05 MiB
   1767/3059  039349_79_p99rgprod                      files      8 (kept 3, dropped 5) links     1  0.06 MiB
   1768/3059  039349_79_p99rwprod                      files     40 (kept 6, dropped 34) links    17  0.21 MiB
   1769/3059  039349_7_d101vkfpr                       files      0 (kept 0, dropped 0) links     2  0.00 MiB
   1770/3059  039349_7_d101vold                        files      7 (kept 3, dropped 4) links     2  0.04 MiB
   1771/3059  039349_7_d16vnu                          files      7 (kept 3, dropped 4) links     2  0.04 MiB
   1772/3059  039349_7_p100bd                          files      8 (kept 3, dropped 5) links     1  0.11 MiB
   1773/3059  039349_7_p100bg                          files      8 (kept 3, dropped 5) links     1  0.11 MiB
   1774/3059  039349_7_p100boff                        files      8 (kept 3, dropped 5) links     1  0.09 MiB
   1775/3059  039349_7_p101cfg                         files      2 (kept 1, dropped 1) links    17  0.01 MiB
   1776/3059  039349_7_p96vscope                       files      7 (kept 3, dropped 4) links     2  0.04 MiB
   1777/3059  039349_7_p98voff                         files     68 (kept 18, dropped 50) links     0  0.21 MiB
   1778/3059  039349_7_p98voffq                        files     40 (kept 6, dropped 34) links    17  0.16 MiB
   1779/3059  039349_7_p99rgon                         files      8 (kept 3, dropped 5) links     1  0.09 MiB
   1780/3059  039349_7_p99rgprod                       files      8 (kept 3, dropped 5) links     1  0.04 MiB
   1781/3059  039349_7_p99rwnul                        files     40 (kept 6, dropped 34) links    17  0.22 MiB
   1782/3059  039349_7_p99rwprod                       files     40 (kept 6, dropped 34) links    17  0.15 MiB
   1783/3059  039349_80_d101vkfpr                      files      0 (kept 0, dropped 0) links     2  0.00 MiB
   1784/3059  039349_80_d101vold                       files      7 (kept 3, dropped 4) links     2  0.04 MiB
   1785/3059  039349_80_d16vnu                         files      7 (kept 3, dropped 4) links     2  0.04 MiB
   1786/3059  039349_80_p100bd                         files      8 (kept 3, dropped 5) links     1  0.04 MiB
   1787/3059  039349_80_p100bg                         files      8 (kept 3, dropped 5) links     1  0.04 MiB
   1788/3059  039349_80_p100boff                       files      8 (kept 3, dropped 5) links     1  0.03 MiB
   1789/3059  039349_80_p96vscope                      files      7 (kept 3, dropped 4) links     2  0.04 MiB
   1790/3059  039349_80_p98voff                        files     68 (kept 18, dropped 50) links     0  0.17 MiB
   1791/3059  039349_80_p98voffq                       files     40 (kept 6, dropped 34) links    17  0.12 MiB
   1792/3059  039349_80_p99rgon                        files      8 (kept 3, dropped 5) links     1  0.03 MiB
   1793/3059  039349_80_p99rgprod                      files      8 (kept 3, dropped 5) links     1  0.04 MiB
   1794/3059  039349_80_p99rwprod                      files     40 (kept 6, dropped 34) links    17  0.14 MiB
   1795/3059  039349_81_d101vkfpr                      files      0 (kept 0, dropped 0) links     2  0.00 MiB
   1796/3059  039349_81_d101vold                       files      7 (kept 3, dropped 4) links     2  0.05 MiB
   1797/3059  039349_81_d16vnu                         files      7 (kept 3, dropped 4) links     2  0.05 MiB
   1798/3059  039349_81_p100bd                         files      8 (kept 3, dropped 5) links     1  0.03 MiB
   1799/3059  039349_81_p100bg                         files      8 (kept 3, dropped 5) links     1  0.03 MiB
   1800/3059  039349_81_p100boff                       files      8 (kept 3, dropped 5) links     1  0.02 MiB
   1801/3059  039349_81_p96vscope                      files      7 (kept 3, dropped 4) links     2  0.05 MiB
   1802/3059  039349_81_p98kchk                        files     65 (kept 15, dropped 50) links     8  0.18 MiB
   1803/3059  039349_81_p98kq                          files     40 (kept 6, dropped 34) links    17  0.15 MiB
   1804/3059  039349_81_p98voff                        files     68 (kept 18, dropped 50) links     0  0.16 MiB
   1805/3059  039349_81_p98voffq                       files     40 (kept 6, dropped 34) links    17  0.12 MiB
   1806/3059  039349_81_p99rgon                        files      8 (kept 3, dropped 5) links     1  0.02 MiB
   1807/3059  039349_81_p99rgprod                      files      8 (kept 3, dropped 5) links     1  0.05 MiB
   1808/3059  039349_81_p99rwprod                      files     40 (kept 6, dropped 34) links    17  0.15 MiB
   1809/3059  039349_82_d101vkfpr                      files      0 (kept 0, dropped 0) links     2  0.00 MiB
   1810/3059  039349_82_d101vold                       files      7 (kept 3, dropped 4) links     2  0.04 MiB
   1811/3059  039349_82_d16vnu                         files      7 (kept 3, dropped 4) links     2  0.04 MiB
   1812/3059  039349_82_p100bd                         files      8 (kept 3, dropped 5) links     1  0.03 MiB
   1813/3059  039349_82_p100bg                         files      8 (kept 3, dropped 5) links     1  0.03 MiB
   1814/3059  039349_82_p100boff                       files      8 (kept 3, dropped 5) links     1  0.03 MiB
   1815/3059  039349_82_p96vscope                      files      7 (kept 3, dropped 4) links     2  0.04 MiB
   1816/3059  039349_82_p98voff                        files     68 (kept 18, dropped 50) links     0  0.17 MiB
   1817/3059  039349_82_p98voffq                       files     40 (kept 6, dropped 34) links    17  0.13 MiB
   1818/3059  039349_82_p99rgon                        files      8 (kept 3, dropped 5) links     1  0.03 MiB
   1819/3059  039349_82_p99rgprod                      files      8 (kept 3, dropped 5) links     1  0.04 MiB
   1820/3059  039349_82_p99rwprod                      files     40 (kept 6, dropped 34) links    17  0.12 MiB
   1821/3059  039349_83_d101vkfpr                      files      0 (kept 0, dropped 0) links     2  0.00 MiB
   1822/3059  039349_83_d101vold                       files      7 (kept 3, dropped 4) links     2  0.04 MiB
   1823/3059  039349_83_d16vnu                         files      7 (kept 3, dropped 4) links     2  0.04 MiB
   1824/3059  039349_83_p100bd                         files      8 (kept 3, dropped 5) links     1  0.04 MiB
   1825/3059  039349_83_p100bg                         files      8 (kept 3, dropped 5) links     1  0.04 MiB
   1826/3059  039349_83_p100boff                       files      8 (kept 3, dropped 5) links     1  0.03 MiB
   1827/3059  039349_83_p96vscope                      files      7 (kept 3, dropped 4) links     2  0.04 MiB
   1828/3059  039349_83_p98voff                        files     68 (kept 18, dropped 50) links     0  0.22 MiB
   1829/3059  039349_83_p98voffq                       files     40 (kept 6, dropped 34) links    17  0.17 MiB
   1830/3059  039349_83_p99rgon                        files      8 (kept 3, dropped 5) links     1  0.03 MiB
   1831/3059  039349_83_p99rgprod                      files      8 (kept 3, dropped 5) links     1  0.04 MiB
   1832/3059  039349_83_p99rwprod                      files     40 (kept 6, dropped 34) links    17  0.14 MiB
   1833/3059  039349_83_p99w6                          files     11 (kept 3, dropped 8) links     0  0.02 MiB
   1834/3059  039349_8_d101vkfpr                       files      0 (kept 0, dropped 0) links     2  0.00 MiB
   1835/3059  039349_8_d101vold                        files      7 (kept 3, dropped 4) links     2  0.02 MiB
   1836/3059  039349_8_d16vnu                          files      7 (kept 3, dropped 4) links     2  0.02 MiB
   1837/3059  039349_8_p100bd                          files      8 (kept 3, dropped 5) links     1  0.02 MiB
   1838/3059  039349_8_p100bg                          files      8 (kept 3, dropped 5) links     1  0.02 MiB
   1839/3059  039349_8_p100boff                        files      8 (kept 3, dropped 5) links     1  0.02 MiB
   1840/3059  039349_8_p96vscope                       files      7 (kept 3, dropped 4) links     2  0.02 MiB
   1841/3059  039349_8_p98voff                         files     68 (kept 18, dropped 50) links     0  0.16 MiB
   1842/3059  039349_8_p98voffq                        files     40 (kept 6, dropped 34) links    17  0.11 MiB
   1843/3059  039349_8_p99rgon                         files      8 (kept 3, dropped 5) links     1  0.02 MiB
   1844/3059  039349_8_p99rgprod                       files      8 (kept 3, dropped 5) links     1  0.02 MiB
   1845/3059  039349_8_p99rwprod                       files     40 (kept 6, dropped 34) links    17  0.10 MiB
   1846/3059  039349_9_d101vkfpr                       files      0 (kept 0, dropped 0) links     2  0.00 MiB
   1847/3059  039349_9_d101vold                        files      7 (kept 3, dropped 4) links     2  0.02 MiB
   1848/3059  039349_9_d16vnu                          files      7 (kept 3, dropped 4) links     2  0.02 MiB
   1849/3059  039349_9_p100bd                          files      8 (kept 3, dropped 5) links     1  0.02 MiB
   1850/3059  039349_9_p100bg                          files      8 (kept 3, dropped 5) links     1  0.02 MiB
   1851/3059  039349_9_p100boff                        files      8 (kept 3, dropped 5) links     1  0.02 MiB
   1852/3059  039349_9_p96vscope                       files      7 (kept 3, dropped 4) links     2  0.02 MiB
   1853/3059  039349_9_p98voff                         files     68 (kept 18, dropped 50) links     0  0.16 MiB
   1854/3059  039349_9_p98voffq                        files     40 (kept 6, dropped 34) links    17  0.12 MiB
   1855/3059  039349_9_p99rgon                         files      8 (kept 3, dropped 5) links     1  0.02 MiB
   1856/3059  039349_9_p99rgprod                       files      8 (kept 3, dropped 5) links     1  0.02 MiB
   1857/3059  039349_9_p99rwprod                       files     40 (kept 6, dropped 34) links    17  0.11 MiB
   1858/3059  900101_0_d101                            files     17 (kept 7, dropped 10) links     0  0.01 MiB
   1859/3059  900101_0_d101b                           files      7 (kept 3, dropped 4) links     4  0.01 MiB
   1860/3059  900101_0_d101brep                        files      7 (kept 3, dropped 4) links     4  0.01 MiB
   1861/3059  900101_0_d101cnew                        files      2 (kept 1, dropped 1) links     2  0.00 MiB
   1862/3059  900101_0_d101cnew2                       files      2 (kept 1, dropped 1) links     2  0.00 MiB
   1863/3059  900101_0_d101cnew3                       files     10 (kept 3, dropped 7) links     3  0.01 MiB
   1864/3059  900101_0_d101cold                        files      2 (kept 1, dropped 1) links     2  0.00 MiB
   1865/3059  900101_0_d101cold2                       files      2 (kept 1, dropped 1) links     2  0.00 MiB
   1866/3059  900101_0_d101cold3                       files     10 (kept 3, dropped 7) links     3  0.01 MiB
   1867/3059  900101_0_d101kc                          files      7 (kept 3, dropped 4) links     4  0.01 MiB
   1868/3059  900101_0_d101kf                          files      7 (kept 3, dropped 4) links     4  0.01 MiB
   1869/3059  900101_0_d101koff                        files      7 (kept 3, dropped 4) links     4  0.01 MiB
   1870/3059  900101_0_d101ks                          files      7 (kept 3, dropped 4) links     4  0.01 MiB
   1871/3059  900101_0_d101p0                          files      6 (kept 3, dropped 3) links     4  0.01 MiB
   1872/3059  900101_0_d101p1                          files      6 (kept 3, dropped 3) links     4  0.01 MiB
   1873/3059  900101_0_d101p2                          files      6 (kept 3, dropped 3) links     4  0.01 MiB
   1874/3059  900101_0_d101p3                          files      7 (kept 3, dropped 4) links     4  0.01 MiB
   1875/3059  900101_0_d101pilot                       files     16 (kept 6, dropped 10) links     0  0.01 MiB
   1876/3059  900101_0_d102lcs1                        files      7 (kept 3, dropped 4) links     4  0.01 MiB
   1877/3059  900101_0_d102lcs2                        files      7 (kept 3, dropped 4) links     4  0.01 MiB
   1878/3059  900101_0_d102lcs3                        files      7 (kept 3, dropped 4) links     4  0.01 MiB
   1879/3059  900101_0_d102locs                        files      7 (kept 3, dropped 4) links     4  0.01 MiB
   1880/3059  900101_10_d101                           files     17 (kept 7, dropped 10) links     0  0.01 MiB
   1881/3059  900101_10_d101b                          files      7 (kept 3, dropped 4) links     4  0.01 MiB
   1882/3059  900101_10_d101brep                       files      7 (kept 3, dropped 4) links     4  0.01 MiB
   1883/3059  900101_10_d101kc                         files      7 (kept 3, dropped 4) links     4  0.01 MiB
   1884/3059  900101_10_d101kf                         files      7 (kept 3, dropped 4) links     4  0.01 MiB
   1885/3059  900101_10_d101koff                       files      7 (kept 3, dropped 4) links     4  0.01 MiB
   1886/3059  900101_10_d101ks                         files      7 (kept 3, dropped 4) links     4  0.01 MiB
   1887/3059  900101_10_d102lcs1                       files      7 (kept 3, dropped 4) links     4  0.01 MiB
   1888/3059  900101_10_d102lcs2                       files      7 (kept 3, dropped 4) links     4  0.01 MiB
   1889/3059  900101_10_d102lcs3                       files      7 (kept 3, dropped 4) links     4  0.01 MiB
   1890/3059  900101_10_d102locs                       files      7 (kept 3, dropped 4) links     4  0.01 MiB
   1891/3059  900101_11_d101                           files     17 (kept 7, dropped 10) links     0  0.01 MiB
   1892/3059  900101_11_d101b                          files      7 (kept 3, dropped 4) links     4  0.01 MiB
   1893/3059  900101_11_d101brep                       files      7 (kept 3, dropped 4) links     4  0.01 MiB
   1894/3059  900101_11_d101kc                         files      7 (kept 3, dropped 4) links     4  0.01 MiB
   1895/3059  900101_11_d101kf                         files      7 (kept 3, dropped 4) links     4  0.01 MiB
   1896/3059  900101_11_d101koff                       files      7 (kept 3, dropped 4) links     4  0.01 MiB
   1897/3059  900101_11_d101ks                         files      7 (kept 3, dropped 4) links     4  0.01 MiB
   1898/3059  900101_11_d102lcs1                       files      7 (kept 3, dropped 4) links     4  0.01 MiB
   1899/3059  900101_11_d102lcs2                       files      7 (kept 3, dropped 4) links     4  0.01 MiB
   1900/3059  900101_11_d102lcs3                       files      7 (kept 3, dropped 4) links     4  0.01 MiB
   1901/3059  900101_11_d102locs                       files      7 (kept 3, dropped 4) links     4  0.01 MiB
   1902/3059  900101_12_d101                           files     17 (kept 7, dropped 10) links     0  0.01 MiB
   1903/3059  900101_12_d101b                          files      7 (kept 3, dropped 4) links     4  0.01 MiB
   1904/3059  900101_12_d101brep                       files      7 (kept 3, dropped 4) links     4  0.01 MiB
   1905/3059  900101_12_d101kc                         files      7 (kept 3, dropped 4) links     4  0.01 MiB
   1906/3059  900101_12_d101kf                         files      7 (kept 3, dropped 4) links     4  0.01 MiB
   1907/3059  900101_12_d101koff                       files      7 (kept 3, dropped 4) links     4  0.01 MiB
   1908/3059  900101_12_d101ks                         files      7 (kept 3, dropped 4) links     4  0.01 MiB
   1909/3059  900101_12_d102lcs1                       files      7 (kept 3, dropped 4) links     4  0.01 MiB
   1910/3059  900101_12_d102lcs2                       files      7 (kept 3, dropped 4) links     4  0.01 MiB
   1911/3059  900101_12_d102lcs3                       files      7 (kept 3, dropped 4) links     4  0.01 MiB
   1912/3059  900101_12_d102locs                       files      7 (kept 3, dropped 4) links     4  0.01 MiB
   1913/3059  900101_13_d101                           files     17 (kept 7, dropped 10) links     0  0.01 MiB
   1914/3059  900101_13_d101b                          files      7 (kept 3, dropped 4) links     4  0.01 MiB
   1915/3059  900101_13_d101brep                       files      7 (kept 3, dropped 4) links     4  0.01 MiB
   1916/3059  900101_13_d101kc                         files      7 (kept 3, dropped 4) links     4  0.01 MiB
   1917/3059  900101_13_d101kf                         files      7 (kept 3, dropped 4) links     4  0.01 MiB
   1918/3059  900101_13_d101koff                       files      7 (kept 3, dropped 4) links     4  0.01 MiB
   1919/3059  900101_13_d101ks                         files      7 (kept 3, dropped 4) links     4  0.01 MiB
   1920/3059  900101_13_d102lcs1                       files      7 (kept 3, dropped 4) links     4  0.01 MiB
   1921/3059  900101_13_d102lcs2                       files      7 (kept 3, dropped 4) links     4  0.01 MiB
   1922/3059  900101_13_d102lcs3                       files      7 (kept 3, dropped 4) links     4  0.01 MiB
   1923/3059  900101_13_d102locs                       files      7 (kept 3, dropped 4) links     4  0.01 MiB
   1924/3059  900101_14_d101                           files     17 (kept 7, dropped 10) links     0  0.01 MiB
   1925/3059  900101_14_d101b                          files      7 (kept 3, dropped 4) links     4  0.01 MiB
   1926/3059  900101_14_d101brep                       files      7 (kept 3, dropped 4) links     4  0.01 MiB
   1927/3059  900101_14_d101kc                         files      7 (kept 3, dropped 4) links     4  0.01 MiB
   1928/3059  900101_14_d101kf                         files      7 (kept 3, dropped 4) links     4  0.01 MiB
   1929/3059  900101_14_d101koff                       files      7 (kept 3, dropped 4) links     4  0.01 MiB
   1930/3059  900101_14_d101ks                         files      7 (kept 3, dropped 4) links     4  0.01 MiB
   1931/3059  900101_14_d102lcs1                       files      7 (kept 3, dropped 4) links     4  0.01 MiB
   1932/3059  900101_14_d102lcs2                       files      7 (kept 3, dropped 4) links     4  0.01 MiB
   1933/3059  900101_14_d102lcs3                       files      7 (kept 3, dropped 4) links     4  0.01 MiB
   1934/3059  900101_14_d102locs                       files      7 (kept 3, dropped 4) links     4  0.01 MiB
   1935/3059  900101_15_d101                           files     17 (kept 7, dropped 10) links     0  0.01 MiB
   1936/3059  900101_15_d101b                          files      7 (kept 3, dropped 4) links     4  0.01 MiB
   1937/3059  900101_15_d101brep                       files      7 (kept 3, dropped 4) links     4  0.01 MiB
   1938/3059  900101_15_d101kc                         files      7 (kept 3, dropped 4) links     4  0.01 MiB
   1939/3059  900101_15_d101kf                         files      7 (kept 3, dropped 4) links     4  0.01 MiB
   1940/3059  900101_15_d101koff                       files      7 (kept 3, dropped 4) links     4  0.01 MiB
   1941/3059  900101_15_d101ks                         files      7 (kept 3, dropped 4) links     4  0.01 MiB
   1942/3059  900101_15_d101pilot                      files     16 (kept 6, dropped 10) links     0  0.01 MiB
   1943/3059  900101_15_d102lcs1                       files      7 (kept 3, dropped 4) links     4  0.01 MiB
   1944/3059  900101_15_d102lcs2                       files      7 (kept 3, dropped 4) links     4  0.01 MiB
   1945/3059  900101_15_d102lcs3                       files      7 (kept 3, dropped 4) links     4  0.01 MiB
   1946/3059  900101_15_d102locs                       files      7 (kept 3, dropped 4) links     4  0.01 MiB
   1947/3059  900101_16_d101                           files     17 (kept 7, dropped 10) links     0  0.01 MiB
   1948/3059  900101_16_d101b                          files      7 (kept 3, dropped 4) links     4  0.01 MiB
   1949/3059  900101_16_d101brep                       files      7 (kept 3, dropped 4) links     4  0.01 MiB
   1950/3059  900101_16_d101kc                         files      7 (kept 3, dropped 4) links     4  0.01 MiB
   1951/3059  900101_16_d101kf                         files      7 (kept 3, dropped 4) links     4  0.01 MiB
   1952/3059  900101_16_d101koff                       files      7 (kept 3, dropped 4) links     4  0.01 MiB
   1953/3059  900101_16_d101ks                         files      7 (kept 3, dropped 4) links     4  0.01 MiB
   1954/3059  900101_16_d102lcs1                       files      7 (kept 3, dropped 4) links     4  0.01 MiB
   1955/3059  900101_16_d102lcs2                       files      7 (kept 3, dropped 4) links     4  0.01 MiB
   1956/3059  900101_16_d102lcs3                       files      7 (kept 3, dropped 4) links     4  0.01 MiB
   1957/3059  900101_16_d102locs                       files      7 (kept 3, dropped 4) links     4  0.01 MiB
   1958/3059  900101_17_d101                           files     17 (kept 7, dropped 10) links     0  0.01 MiB
   1959/3059  900101_17_d101b                          files      7 (kept 3, dropped 4) links     4  0.01 MiB
   1960/3059  900101_17_d101brep                       files      7 (kept 3, dropped 4) links     4  0.01 MiB
   1961/3059  900101_17_d101kc                         files      7 (kept 3, dropped 4) links     4  0.01 MiB
   1962/3059  900101_17_d101kf                         files      7 (kept 3, dropped 4) links     4  0.01 MiB
   1963/3059  900101_17_d101koff                       files      7 (kept 3, dropped 4) links     4  0.01 MiB
   1964/3059  900101_17_d101ks                         files      7 (kept 3, dropped 4) links     4  0.01 MiB
   1965/3059  900101_17_d102lcs1                       files      7 (kept 3, dropped 4) links     4  0.01 MiB
   1966/3059  900101_17_d102lcs2                       files      7 (kept 3, dropped 4) links     4  0.01 MiB
   1967/3059  900101_17_d102lcs3                       files      7 (kept 3, dropped 4) links     4  0.01 MiB
   1968/3059  900101_17_d102locs                       files      7 (kept 3, dropped 4) links     4  0.01 MiB
   1969/3059  900101_1_d101                            files     17 (kept 7, dropped 10) links     0  0.01 MiB
   1970/3059  900101_1_d101b                           files      7 (kept 3, dropped 4) links     4  0.01 MiB
   1971/3059  900101_1_d101brep                        files      7 (kept 3, dropped 4) links     4  0.01 MiB
   1972/3059  900101_1_d101kc                          files      7 (kept 3, dropped 4) links     4  0.01 MiB
   1973/3059  900101_1_d101kf                          files      7 (kept 3, dropped 4) links     4  0.01 MiB
   1974/3059  900101_1_d101koff                        files      7 (kept 3, dropped 4) links     4  0.01 MiB
   1975/3059  900101_1_d101ks                          files      7 (kept 3, dropped 4) links     4  0.01 MiB
   1976/3059  900101_1_d102lcs1                        files      7 (kept 3, dropped 4) links     4  0.01 MiB
   1977/3059  900101_1_d102lcs2                        files      7 (kept 3, dropped 4) links     4  0.01 MiB
   1978/3059  900101_1_d102lcs3                        files      7 (kept 3, dropped 4) links     4  0.01 MiB
   1979/3059  900101_1_d102locs                        files      7 (kept 3, dropped 4) links     4  0.01 MiB
   1980/3059  900101_2_d101                            files     17 (kept 7, dropped 10) links     0  0.01 MiB
   1981/3059  900101_2_d101b                           files      7 (kept 3, dropped 4) links     4  0.01 MiB
   1982/3059  900101_2_d101brep                        files      7 (kept 3, dropped 4) links     4  0.01 MiB
   1983/3059  900101_2_d101kc                          files      7 (kept 3, dropped 4) links     4  0.01 MiB
   1984/3059  900101_2_d101kf                          files      7 (kept 3, dropped 4) links     4  0.01 MiB
   1985/3059  900101_2_d101koff                        files      7 (kept 3, dropped 4) links     4  0.01 MiB
   1986/3059  900101_2_d101ks                          files      7 (kept 3, dropped 4) links     4  0.01 MiB
   1987/3059  900101_2_d102lcs1                        files      7 (kept 3, dropped 4) links     4  0.01 MiB
   1988/3059  900101_2_d102lcs2                        files      7 (kept 3, dropped 4) links     4  0.01 MiB
   1989/3059  900101_2_d102lcs3                        files      7 (kept 3, dropped 4) links     4  0.01 MiB
   1990/3059  900101_2_d102locs                        files      7 (kept 3, dropped 4) links     4  0.01 MiB
   1991/3059  900101_3_d101                            files     17 (kept 7, dropped 10) links     0  0.01 MiB
   1992/3059  900101_3_d101b                           files      7 (kept 3, dropped 4) links     4  0.01 MiB
   1993/3059  900101_3_d101brep                        files      7 (kept 3, dropped 4) links     4  0.01 MiB
   1994/3059  900101_3_d101kc                          files      7 (kept 3, dropped 4) links     4  0.01 MiB
   1995/3059  900101_3_d101kf                          files      7 (kept 3, dropped 4) links     4  0.01 MiB
   1996/3059  900101_3_d101koff                        files      7 (kept 3, dropped 4) links     4  0.01 MiB
   1997/3059  900101_3_d101ks                          files      7 (kept 3, dropped 4) links     4  0.01 MiB
   1998/3059  900101_3_d102lcs1                        files      7 (kept 3, dropped 4) links     4  0.01 MiB
   1999/3059  900101_3_d102lcs2                        files      7 (kept 3, dropped 4) links     4  0.01 MiB
   2000/3059  900101_3_d102lcs3                        files      7 (kept 3, dropped 4) links     4  0.01 MiB
   2001/3059  900101_3_d102locs                        files      7 (kept 3, dropped 4) links     4  0.01 MiB
   2002/3059  900101_4_d101                            files     17 (kept 7, dropped 10) links     0  0.01 MiB
   2003/3059  900101_4_d101b                           files      7 (kept 3, dropped 4) links     4  0.01 MiB
   2004/3059  900101_4_d101brep                        files      7 (kept 3, dropped 4) links     4  0.01 MiB
   2005/3059  900101_4_d101kc                          files      7 (kept 3, dropped 4) links     4  0.01 MiB
   2006/3059  900101_4_d101kf                          files      7 (kept 3, dropped 4) links     4  0.01 MiB
   2007/3059  900101_4_d101koff                        files      7 (kept 3, dropped 4) links     4  0.01 MiB
   2008/3059  900101_4_d101ks                          files      7 (kept 3, dropped 4) links     4  0.01 MiB
   2009/3059  900101_4_d102lcs1                        files      7 (kept 3, dropped 4) links     4  0.01 MiB
   2010/3059  900101_4_d102lcs2                        files      7 (kept 3, dropped 4) links     4  0.01 MiB
   2011/3059  900101_4_d102lcs3                        files      7 (kept 3, dropped 4) links     4  0.01 MiB
   2012/3059  900101_4_d102locs                        files      7 (kept 3, dropped 4) links     4  0.01 MiB
   2013/3059  900101_5_d101                            files     17 (kept 7, dropped 10) links     0  0.01 MiB
   2014/3059  900101_5_d101b                           files      7 (kept 3, dropped 4) links     4  0.01 MiB
   2015/3059  900101_5_d101brep                        files      7 (kept 3, dropped 4) links     4  0.01 MiB
   2016/3059  900101_5_d101kc                          files      7 (kept 3, dropped 4) links     4  0.01 MiB
   2017/3059  900101_5_d101kf                          files      7 (kept 3, dropped 4) links     4  0.01 MiB
   2018/3059  900101_5_d101koff                        files      7 (kept 3, dropped 4) links     4  0.01 MiB
   2019/3059  900101_5_d101ks                          files      7 (kept 3, dropped 4) links     4  0.01 MiB
   2020/3059  900101_5_d102lcs1                        files      7 (kept 3, dropped 4) links     4  0.01 MiB
   2021/3059  900101_5_d102lcs2                        files      7 (kept 3, dropped 4) links     4  0.01 MiB
   2022/3059  900101_5_d102lcs3                        files      7 (kept 3, dropped 4) links     4  0.01 MiB
   2023/3059  900101_5_d102locs                        files      7 (kept 3, dropped 4) links     4  0.01 MiB
   2024/3059  900101_6_d101                            files     17 (kept 7, dropped 10) links     0  0.01 MiB
   2025/3059  900101_6_d101b                           files      7 (kept 3, dropped 4) links     4  0.01 MiB
   2026/3059  900101_6_d101brep                        files      7 (kept 3, dropped 4) links     4  0.01 MiB
   2027/3059  900101_6_d101kc                          files      7 (kept 3, dropped 4) links     4  0.01 MiB
   2028/3059  900101_6_d101kf                          files      7 (kept 3, dropped 4) links     4  0.01 MiB
   2029/3059  900101_6_d101koff                        files      7 (kept 3, dropped 4) links     4  0.01 MiB
   2030/3059  900101_6_d101ks                          files      7 (kept 3, dropped 4) links     4  0.01 MiB
   2031/3059  900101_6_d102lcs1                        files      7 (kept 3, dropped 4) links     4  0.01 MiB
   2032/3059  900101_6_d102lcs2                        files      7 (kept 3, dropped 4) links     4  0.01 MiB
   2033/3059  900101_6_d102lcs3                        files      7 (kept 3, dropped 4) links     4  0.01 MiB
   2034/3059  900101_6_d102locs                        files      7 (kept 3, dropped 4) links     4  0.01 MiB
   2035/3059  900101_7_d101                            files     17 (kept 7, dropped 10) links     0  0.01 MiB
   2036/3059  900101_7_d101b                           files      7 (kept 3, dropped 4) links     4  0.01 MiB
   2037/3059  900101_7_d101brep                        files      7 (kept 3, dropped 4) links     4  0.01 MiB
   2038/3059  900101_7_d101kc                          files      7 (kept 3, dropped 4) links     4  0.01 MiB
   2039/3059  900101_7_d101kf                          files      7 (kept 3, dropped 4) links     4  0.01 MiB
   2040/3059  900101_7_d101koff                        files      7 (kept 3, dropped 4) links     4  0.01 MiB
   2041/3059  900101_7_d101ks                          files      7 (kept 3, dropped 4) links     4  0.01 MiB
   2042/3059  900101_7_d102lcs1                        files      7 (kept 3, dropped 4) links     4  0.01 MiB
   2043/3059  900101_7_d102lcs2                        files      7 (kept 3, dropped 4) links     4  0.01 MiB
   2044/3059  900101_7_d102lcs3                        files      7 (kept 3, dropped 4) links     4  0.01 MiB
   2045/3059  900101_7_d102locs                        files      7 (kept 3, dropped 4) links     4  0.01 MiB
   2046/3059  900101_8_d101                            files     17 (kept 7, dropped 10) links     0  0.01 MiB
   2047/3059  900101_8_d101b                           files      7 (kept 3, dropped 4) links     4  0.01 MiB
   2048/3059  900101_8_d101brep                        files      7 (kept 3, dropped 4) links     4  0.01 MiB
   2049/3059  900101_8_d101kc                          files      7 (kept 3, dropped 4) links     4  0.01 MiB
   2050/3059  900101_8_d101kf                          files      7 (kept 3, dropped 4) links     4  0.01 MiB
   2051/3059  900101_8_d101koff                        files      7 (kept 3, dropped 4) links     4  0.01 MiB
   2052/3059  900101_8_d101ks                          files      7 (kept 3, dropped 4) links     4  0.01 MiB
   2053/3059  900101_8_d102lcs1                        files      7 (kept 3, dropped 4) links     4  0.01 MiB
   2054/3059  900101_8_d102lcs2                        files      7 (kept 3, dropped 4) links     4  0.01 MiB
   2055/3059  900101_8_d102lcs3                        files      7 (kept 3, dropped 4) links     4  0.01 MiB
   2056/3059  900101_8_d102locs                        files      7 (kept 3, dropped 4) links     4  0.01 MiB
   2057/3059  900101_9_d101                            files     17 (kept 7, dropped 10) links     0  0.01 MiB
   2058/3059  900101_9_d101b                           files      7 (kept 3, dropped 4) links     4  0.01 MiB
   2059/3059  900101_9_d101brep                        files      7 (kept 3, dropped 4) links     4  0.01 MiB
   2060/3059  900101_9_d101kc                          files      7 (kept 3, dropped 4) links     4  0.01 MiB
   2061/3059  900101_9_d101kf                          files      7 (kept 3, dropped 4) links     4  0.01 MiB
   2062/3059  900101_9_d101koff                        files      7 (kept 3, dropped 4) links     4  0.01 MiB
   2063/3059  900101_9_d101ks                          files      7 (kept 3, dropped 4) links     4  0.01 MiB
   2064/3059  900101_9_d102lcs1                        files      7 (kept 3, dropped 4) links     4  0.01 MiB
   2065/3059  900101_9_d102lcs2                        files      7 (kept 3, dropped 4) links     4  0.01 MiB
   2066/3059  900101_9_d102lcs3                        files      7 (kept 3, dropped 4) links     4  0.01 MiB
   2067/3059  900101_9_d102locs                        files      7 (kept 3, dropped 4) links     4  0.01 MiB
   2068/3059  900103_0_d102                            files     17 (kept 7, dropped 10) links     0  0.01 MiB
   2069/3059  900103_0_d102b                           files      7 (kept 3, dropped 4) links     4  0.01 MiB
   2070/3059  900103_0_d102brep                        files      7 (kept 3, dropped 4) links     4  0.01 MiB
   2071/3059  900103_0_d102cs1                         files      7 (kept 3, dropped 4) links     4  0.01 MiB
   2072/3059  900103_0_d102cs2                         files      7 (kept 3, dropped 4) links     4  0.01 MiB
   2073/3059  900103_0_d102cs3                         files      7 (kept 3, dropped 4) links     4  0.01 MiB
   2074/3059  900103_0_d102o                           files      7 (kept 3, dropped 4) links     4  0.01 MiB
   2075/3059  900103_0_d102ocs                         files      7 (kept 3, dropped 4) links     4  0.01 MiB
   2076/3059  900103_10_d102                           files     17 (kept 7, dropped 10) links     0  0.01 MiB
   2077/3059  900103_10_d102b                          files      7 (kept 3, dropped 4) links     4  0.01 MiB
   2078/3059  900103_10_d102brep                       files      7 (kept 3, dropped 4) links     4  0.01 MiB
   2079/3059  900103_10_d102cs1                        files      7 (kept 3, dropped 4) links     4  0.01 MiB
   2080/3059  900103_10_d102cs2                        files      7 (kept 3, dropped 4) links     4  0.01 MiB
   2081/3059  900103_10_d102cs3                        files      7 (kept 3, dropped 4) links     4  0.01 MiB
   2082/3059  900103_10_d102o                          files      7 (kept 3, dropped 4) links     4  0.01 MiB
   2083/3059  900103_10_d102ocs                        files      7 (kept 3, dropped 4) links     4  0.01 MiB
   2084/3059  900103_11_d102                           files     17 (kept 7, dropped 10) links     0  0.01 MiB
   2085/3059  900103_11_d102b                          files      7 (kept 3, dropped 4) links     4  0.01 MiB
   2086/3059  900103_11_d102brep                       files      7 (kept 3, dropped 4) links     4  0.01 MiB
   2087/3059  900103_11_d102cs1                        files      7 (kept 3, dropped 4) links     4  0.01 MiB
   2088/3059  900103_11_d102cs2                        files      7 (kept 3, dropped 4) links     4  0.01 MiB
   2089/3059  900103_11_d102cs3                        files      7 (kept 3, dropped 4) links     4  0.01 MiB
   2090/3059  900103_11_d102o                          files      7 (kept 3, dropped 4) links     4  0.01 MiB
   2091/3059  900103_11_d102ocs                        files      7 (kept 3, dropped 4) links     4  0.01 MiB
   2092/3059  900103_12_d102                           files     17 (kept 7, dropped 10) links     0  0.01 MiB
   2093/3059  900103_12_d102b                          files      7 (kept 3, dropped 4) links     4  0.01 MiB
   2094/3059  900103_12_d102brep                       files      7 (kept 3, dropped 4) links     4  0.01 MiB
   2095/3059  900103_12_d102cs1                        files      7 (kept 3, dropped 4) links     4  0.01 MiB
   2096/3059  900103_12_d102cs2                        files      7 (kept 3, dropped 4) links     4  0.01 MiB
   2097/3059  900103_12_d102cs3                        files      7 (kept 3, dropped 4) links     4  0.01 MiB
   2098/3059  900103_12_d102o                          files      7 (kept 3, dropped 4) links     4  0.01 MiB
   2099/3059  900103_12_d102ocs                        files      7 (kept 3, dropped 4) links     4  0.01 MiB
   2100/3059  900103_13_d102                           files     17 (kept 7, dropped 10) links     0  0.01 MiB
   2101/3059  900103_13_d102b                          files      7 (kept 3, dropped 4) links     4  0.01 MiB
   2102/3059  900103_13_d102brep                       files      7 (kept 3, dropped 4) links     4  0.01 MiB
   2103/3059  900103_13_d102cs1                        files      7 (kept 3, dropped 4) links     4  0.01 MiB
   2104/3059  900103_13_d102cs2                        files      7 (kept 3, dropped 4) links     4  0.01 MiB
   2105/3059  900103_13_d102cs3                        files      7 (kept 3, dropped 4) links     4  0.01 MiB
   2106/3059  900103_13_d102o                          files      7 (kept 3, dropped 4) links     4  0.01 MiB
   2107/3059  900103_13_d102ocs                        files      7 (kept 3, dropped 4) links     4  0.01 MiB
   2108/3059  900103_14_d102                           files     17 (kept 7, dropped 10) links     0  0.01 MiB
   2109/3059  900103_14_d102b                          files      7 (kept 3, dropped 4) links     4  0.01 MiB
   2110/3059  900103_14_d102brep                       files      7 (kept 3, dropped 4) links     4  0.01 MiB
   2111/3059  900103_14_d102cs1                        files      7 (kept 3, dropped 4) links     4  0.01 MiB
   2112/3059  900103_14_d102cs2                        files      7 (kept 3, dropped 4) links     4  0.01 MiB
   2113/3059  900103_14_d102cs3                        files      7 (kept 3, dropped 4) links     4  0.01 MiB
   2114/3059  900103_14_d102o                          files      7 (kept 3, dropped 4) links     4  0.01 MiB
   2115/3059  900103_14_d102ocs                        files      7 (kept 3, dropped 4) links     4  0.01 MiB
   2116/3059  900103_15_d102                           files     17 (kept 7, dropped 10) links     0  0.01 MiB
   2117/3059  900103_15_d102b                          files      7 (kept 3, dropped 4) links     4  0.01 MiB
   2118/3059  900103_15_d102brep                       files      7 (kept 3, dropped 4) links     4  0.01 MiB
   2119/3059  900103_15_d102cs1                        files      7 (kept 3, dropped 4) links     4  0.01 MiB
   2120/3059  900103_15_d102cs2                        files      7 (kept 3, dropped 4) links     4  0.01 MiB
   2121/3059  900103_15_d102cs3                        files      7 (kept 3, dropped 4) links     4  0.01 MiB
   2122/3059  900103_15_d102o                          files      7 (kept 3, dropped 4) links     4  0.01 MiB
   2123/3059  900103_15_d102ocs                        files      7 (kept 3, dropped 4) links     4  0.01 MiB
   2124/3059  900103_16_d102                           files     17 (kept 7, dropped 10) links     0  0.01 MiB
   2125/3059  900103_16_d102b                          files      7 (kept 3, dropped 4) links     4  0.01 MiB
   2126/3059  900103_16_d102brep                       files      7 (kept 3, dropped 4) links     4  0.01 MiB
   2127/3059  900103_16_d102cs1                        files      7 (kept 3, dropped 4) links     4  0.01 MiB
   2128/3059  900103_16_d102cs2                        files      7 (kept 3, dropped 4) links     4  0.01 MiB
   2129/3059  900103_16_d102cs3                        files      7 (kept 3, dropped 4) links     4  0.01 MiB
   2130/3059  900103_16_d102o                          files      7 (kept 3, dropped 4) links     4  0.01 MiB
   2131/3059  900103_16_d102ocs                        files      7 (kept 3, dropped 4) links     4  0.01 MiB
   2132/3059  900103_17_d102                           files     17 (kept 7, dropped 10) links     0  0.01 MiB
   2133/3059  900103_17_d102b                          files      7 (kept 3, dropped 4) links     4  0.01 MiB
   2134/3059  900103_17_d102brep                       files      7 (kept 3, dropped 4) links     4  0.01 MiB
   2135/3059  900103_17_d102cs1                        files      7 (kept 3, dropped 4) links     4  0.01 MiB
   2136/3059  900103_17_d102cs2                        files      7 (kept 3, dropped 4) links     4  0.01 MiB
   2137/3059  900103_17_d102cs3                        files      7 (kept 3, dropped 4) links     4  0.01 MiB
   2138/3059  900103_17_d102o                          files      7 (kept 3, dropped 4) links     4  0.01 MiB
   2139/3059  900103_17_d102ocs                        files      7 (kept 3, dropped 4) links     4  0.01 MiB
   2140/3059  900103_1_d102                            files     17 (kept 7, dropped 10) links     0  0.01 MiB
   2141/3059  900103_1_d102b                           files      7 (kept 3, dropped 4) links     4  0.01 MiB
   2142/3059  900103_1_d102brep                        files      7 (kept 3, dropped 4) links     4  0.01 MiB
   2143/3059  900103_1_d102cs1                         files      7 (kept 3, dropped 4) links     4  0.01 MiB
   2144/3059  900103_1_d102cs2                         files      7 (kept 3, dropped 4) links     4  0.01 MiB
   2145/3059  900103_1_d102cs3                         files      7 (kept 3, dropped 4) links     4  0.01 MiB
   2146/3059  900103_1_d102o                           files      7 (kept 3, dropped 4) links     4  0.01 MiB
   2147/3059  900103_1_d102ocs                         files      7 (kept 3, dropped 4) links     4  0.01 MiB
   2148/3059  900103_2_d102                            files     17 (kept 7, dropped 10) links     0  0.01 MiB
   2149/3059  900103_2_d102b                           files      7 (kept 3, dropped 4) links     4  0.01 MiB
   2150/3059  900103_2_d102brep                        files      7 (kept 3, dropped 4) links     4  0.01 MiB
   2151/3059  900103_2_d102cs1                         files      7 (kept 3, dropped 4) links     4  0.01 MiB
   2152/3059  900103_2_d102cs2                         files      7 (kept 3, dropped 4) links     4  0.01 MiB
   2153/3059  900103_2_d102cs3                         files      7 (kept 3, dropped 4) links     4  0.01 MiB
   2154/3059  900103_2_d102o                           files      7 (kept 3, dropped 4) links     4  0.01 MiB
   2155/3059  900103_2_d102ocs                         files      7 (kept 3, dropped 4) links     4  0.01 MiB
   2156/3059  900103_3_d102                            files     17 (kept 7, dropped 10) links     0  0.01 MiB
   2157/3059  900103_3_d102b                           files      7 (kept 3, dropped 4) links     4  0.01 MiB
   2158/3059  900103_3_d102brep                        files      7 (kept 3, dropped 4) links     4  0.01 MiB
   2159/3059  900103_3_d102cs1                         files      7 (kept 3, dropped 4) links     4  0.01 MiB
   2160/3059  900103_3_d102cs2                         files      7 (kept 3, dropped 4) links     4  0.01 MiB
   2161/3059  900103_3_d102cs3                         files      7 (kept 3, dropped 4) links     4  0.01 MiB
   2162/3059  900103_3_d102o                           files      7 (kept 3, dropped 4) links     4  0.01 MiB
   2163/3059  900103_3_d102ocs                         files      7 (kept 3, dropped 4) links     4  0.01 MiB
   2164/3059  900103_4_d102                            files     17 (kept 7, dropped 10) links     0  0.01 MiB
   2165/3059  900103_4_d102b                           files      7 (kept 3, dropped 4) links     4  0.01 MiB
   2166/3059  900103_4_d102brep                        files      7 (kept 3, dropped 4) links     4  0.01 MiB
   2167/3059  900103_4_d102cs1                         files      7 (kept 3, dropped 4) links     4  0.01 MiB
   2168/3059  900103_4_d102cs2                         files      7 (kept 3, dropped 4) links     4  0.01 MiB
   2169/3059  900103_4_d102cs3                         files      7 (kept 3, dropped 4) links     4  0.01 MiB
   2170/3059  900103_4_d102o                           files      7 (kept 3, dropped 4) links     4  0.01 MiB
   2171/3059  900103_4_d102ocs                         files      7 (kept 3, dropped 4) links     4  0.01 MiB
   2172/3059  900103_5_d102                            files     17 (kept 7, dropped 10) links     0  0.01 MiB
   2173/3059  900103_5_d102b                           files      7 (kept 3, dropped 4) links     4  0.01 MiB
   2174/3059  900103_5_d102brep                        files      7 (kept 3, dropped 4) links     4  0.01 MiB
   2175/3059  900103_5_d102cs1                         files      7 (kept 3, dropped 4) links     4  0.01 MiB
   2176/3059  900103_5_d102cs2                         files      7 (kept 3, dropped 4) links     4  0.01 MiB
   2177/3059  900103_5_d102cs3                         files      7 (kept 3, dropped 4) links     4  0.01 MiB
   2178/3059  900103_5_d102o                           files      7 (kept 3, dropped 4) links     4  0.01 MiB
   2179/3059  900103_5_d102ocs                         files      7 (kept 3, dropped 4) links     4  0.01 MiB
   2180/3059  900103_6_d102                            files     17 (kept 7, dropped 10) links     0  0.01 MiB
   2181/3059  900103_6_d102b                           files      7 (kept 3, dropped 4) links     4  0.01 MiB
   2182/3059  900103_6_d102brep                        files      7 (kept 3, dropped 4) links     4  0.01 MiB
   2183/3059  900103_6_d102cs1                         files      7 (kept 3, dropped 4) links     4  0.01 MiB
   2184/3059  900103_6_d102cs2                         files      7 (kept 3, dropped 4) links     4  0.01 MiB
   2185/3059  900103_6_d102cs3                         files      7 (kept 3, dropped 4) links     4  0.01 MiB
   2186/3059  900103_6_d102o                           files      7 (kept 3, dropped 4) links     4  0.01 MiB
   2187/3059  900103_6_d102ocs                         files      7 (kept 3, dropped 4) links     4  0.01 MiB
   2188/3059  900103_7_d102                            files     17 (kept 7, dropped 10) links     0  0.01 MiB
   2189/3059  900103_7_d102b                           files      7 (kept 3, dropped 4) links     4  0.01 MiB
   2190/3059  900103_7_d102brep                        files      7 (kept 3, dropped 4) links     4  0.01 MiB
   2191/3059  900103_7_d102cs1                         files      7 (kept 3, dropped 4) links     4  0.01 MiB
   2192/3059  900103_7_d102cs2                         files      7 (kept 3, dropped 4) links     4  0.01 MiB
   2193/3059  900103_7_d102cs3                         files      7 (kept 3, dropped 4) links     4  0.01 MiB
   2194/3059  900103_7_d102o                           files      7 (kept 3, dropped 4) links     4  0.01 MiB
   2195/3059  900103_7_d102ocs                         files      7 (kept 3, dropped 4) links     4  0.01 MiB
   2196/3059  900103_8_d102                            files     17 (kept 7, dropped 10) links     0  0.01 MiB
   2197/3059  900103_8_d102b                           files      7 (kept 3, dropped 4) links     4  0.01 MiB
   2198/3059  900103_8_d102brep                        files      7 (kept 3, dropped 4) links     4  0.01 MiB
   2199/3059  900103_8_d102cs1                         files      7 (kept 3, dropped 4) links     4  0.01 MiB
   2200/3059  900103_8_d102cs2                         files      7 (kept 3, dropped 4) links     4  0.01 MiB
   2201/3059  900103_8_d102cs3                         files      7 (kept 3, dropped 4) links     4  0.01 MiB
   2202/3059  900103_8_d102o                           files      7 (kept 3, dropped 4) links     4  0.01 MiB
   2203/3059  900103_8_d102ocs                         files      7 (kept 3, dropped 4) links     4  0.01 MiB
   2204/3059  900103_9_d102                            files     17 (kept 7, dropped 10) links     0  0.01 MiB
   2205/3059  900103_9_d102b                           files      7 (kept 3, dropped 4) links     4  0.01 MiB
   2206/3059  900103_9_d102brep                        files      7 (kept 3, dropped 4) links     4  0.01 MiB
   2207/3059  900103_9_d102cs1                         files      7 (kept 3, dropped 4) links     4  0.01 MiB
   2208/3059  900103_9_d102cs2                         files      7 (kept 3, dropped 4) links     4  0.01 MiB
   2209/3059  900103_9_d102cs3                         files      7 (kept 3, dropped 4) links     4  0.01 MiB
   2210/3059  900103_9_d102o                           files      7 (kept 3, dropped 4) links     4  0.01 MiB
   2211/3059  900103_9_d102ocs                         files      7 (kept 3, dropped 4) links     4  0.01 MiB
   2212/3059  027409_0_d101cnew                        files      0 (kept 0, dropped 0) links     8  0.00 MiB
   2213/3059  027409_0_d101cnew2                       files     20 (kept 3, dropped 17) links     8  0.02 MiB
   2214/3059  027409_0_d101cold                        files      0 (kept 0, dropped 0) links     8  0.00 MiB
   2215/3059  027409_0_d101cold2                       files     20 (kept 3, dropped 17) links     8  0.02 MiB
   2216/3059  028084_0_d101hold                        files      7 (kept 3, dropped 4) links     2  0.04 MiB
   2217/3059  028084_0_d105hdiag                       files      7 (kept 3, dropped 4) links     2  0.04 MiB
   2218/3059  028084_0_d16hnu                          files      7 (kept 3, dropped 4) links     2  0.03 MiB
   2219/3059  028084_0_h100a                           files      7 (kept 3, dropped 4) links     2  0.04 MiB
   2220/3059  028084_0_h100b                           files      7 (kept 3, dropped 4) links     2  0.04 MiB
   2221/3059  028084_0_h28off                          files      7 (kept 3, dropped 4) links     2  0.04 MiB
   2222/3059  028084_0_h28prod                         files      7 (kept 3, dropped 4) links     2  0.03 MiB
   2223/3059  028084_0_h28wl                           files      7 (kept 3, dropped 4) links     2  0.04 MiB
   2224/3059  028084_10_d101hold                       files      7 (kept 3, dropped 4) links     2  0.02 MiB
   2225/3059  028084_10_d105hdiag                      files      7 (kept 3, dropped 4) links     2  0.02 MiB
   2226/3059  028084_10_d16hnu                         files      7 (kept 3, dropped 4) links     2  0.02 MiB
   2227/3059  028084_10_h100a                          files      7 (kept 3, dropped 4) links     2  0.02 MiB
   2228/3059  028084_10_h100b                          files      7 (kept 3, dropped 4) links     2  0.02 MiB
   2229/3059  028084_10_h28off                         files      7 (kept 3, dropped 4) links     2  0.02 MiB
   2230/3059  028084_10_h28prod                        files      7 (kept 3, dropped 4) links     2  0.02 MiB
   2231/3059  028084_10_h28wl                          files      7 (kept 3, dropped 4) links     2  0.02 MiB
   2232/3059  028084_11_d101hold                       files      7 (kept 3, dropped 4) links     2  0.21 MiB
   2233/3059  028084_11_d105hdiag                      files      7 (kept 3, dropped 4) links     2  0.11 MiB
   2234/3059  028084_11_d16hnu                         files      7 (kept 3, dropped 4) links     2  0.20 MiB
   2235/3059  028084_11_h100a                          files      7 (kept 3, dropped 4) links     2  0.21 MiB
   2236/3059  028084_11_h100b                          files      7 (kept 3, dropped 4) links     2  0.21 MiB
   2237/3059  028084_11_h28off                         files      7 (kept 3, dropped 4) links     2  0.21 MiB
   2238/3059  028084_11_h28prod                        files      7 (kept 3, dropped 4) links     2  0.20 MiB
   2239/3059  028084_11_h28wl                          files      7 (kept 3, dropped 4) links     2  0.21 MiB
   2240/3059  028084_12_d101hold                       files      7 (kept 3, dropped 4) links     2  0.18 MiB
   2241/3059  028084_12_d105hdiag                      files      7 (kept 3, dropped 4) links     2  0.08 MiB
   2242/3059  028084_12_d16hnu                         files      7 (kept 3, dropped 4) links     2  0.17 MiB
   2243/3059  028084_12_h100a                          files      7 (kept 3, dropped 4) links     2  0.18 MiB
   2244/3059  028084_12_h100b                          files      7 (kept 3, dropped 4) links     2  0.17 MiB
   2245/3059  028084_12_h28off                         files      7 (kept 3, dropped 4) links     2  0.18 MiB
   2246/3059  028084_12_h28prod                        files      7 (kept 3, dropped 4) links     2  0.17 MiB
   2247/3059  028084_12_h28wl                          files      7 (kept 3, dropped 4) links     2  0.18 MiB
   2248/3059  028084_13_d101hold                       files      7 (kept 3, dropped 4) links     2  0.02 MiB
   2249/3059  028084_13_d105hdiag                      files      7 (kept 3, dropped 4) links     2  0.02 MiB
   2250/3059  028084_13_d16hnu                         files      7 (kept 3, dropped 4) links     2  0.02 MiB
   2251/3059  028084_13_h100a                          files      7 (kept 3, dropped 4) links     2  0.02 MiB
   2252/3059  028084_13_h100b                          files      7 (kept 3, dropped 4) links     2  0.02 MiB
   2253/3059  028084_13_h28off                         files      7 (kept 3, dropped 4) links     2  0.02 MiB
   2254/3059  028084_13_h28prod                        files      7 (kept 3, dropped 4) links     2  0.02 MiB
   2255/3059  028084_13_h28wl                          files      7 (kept 3, dropped 4) links     2  0.02 MiB
   2256/3059  028084_14_d101hold                       files      7 (kept 3, dropped 4) links     2  0.03 MiB
   2257/3059  028084_14_d105hdiag                      files      7 (kept 3, dropped 4) links     2  0.03 MiB
   2258/3059  028084_14_d16hnu                         files      7 (kept 3, dropped 4) links     2  0.03 MiB
   2259/3059  028084_14_h100a                          files      7 (kept 3, dropped 4) links     2  0.03 MiB
   2260/3059  028084_14_h100b                          files      7 (kept 3, dropped 4) links     2  0.03 MiB
   2261/3059  028084_14_h28off                         files      7 (kept 3, dropped 4) links     2  0.03 MiB
   2262/3059  028084_14_h28prod                        files      7 (kept 3, dropped 4) links     2  0.03 MiB
   2263/3059  028084_14_h28wl                          files      7 (kept 3, dropped 4) links     2  0.03 MiB
   2264/3059  028084_15_d101hold                       files      7 (kept 3, dropped 4) links     2  0.09 MiB
   2265/3059  028084_15_d105hdiag                      files      7 (kept 3, dropped 4) links     2  0.06 MiB
   2266/3059  028084_15_d16hnu                         files      7 (kept 3, dropped 4) links     2  0.08 MiB
   2267/3059  028084_15_h100a                          files      7 (kept 3, dropped 4) links     2  0.09 MiB
   2268/3059  028084_15_h100b                          files      7 (kept 3, dropped 4) links     2  0.09 MiB
   2269/3059  028084_15_h28off                         files      7 (kept 3, dropped 4) links     2  0.09 MiB
   2270/3059  028084_15_h28prod                        files      7 (kept 3, dropped 4) links     2  0.09 MiB
   2271/3059  028084_15_h28wl                          files      7 (kept 3, dropped 4) links     2  0.09 MiB
   2272/3059  028084_16_d101hold                       files      7 (kept 3, dropped 4) links     2  0.04 MiB
   2273/3059  028084_16_d105hdiag                      files      7 (kept 3, dropped 4) links     2  0.03 MiB
   2274/3059  028084_16_d16hnu                         files      7 (kept 3, dropped 4) links     2  0.04 MiB
   2275/3059  028084_16_h100a                          files      7 (kept 3, dropped 4) links     2  0.04 MiB
   2276/3059  028084_16_h100b                          files      7 (kept 3, dropped 4) links     2  0.04 MiB
   2277/3059  028084_16_h28off                         files      7 (kept 3, dropped 4) links     2  0.04 MiB
   2278/3059  028084_16_h28prod                        files      7 (kept 3, dropped 4) links     2  0.04 MiB
   2279/3059  028084_16_h28wl                          files      7 (kept 3, dropped 4) links     2  0.04 MiB
   2280/3059  028084_17_d101hold                       files      7 (kept 3, dropped 4) links     2  0.24 MiB
   2281/3059  028084_17_d105hdiag                      files      7 (kept 3, dropped 4) links     2  0.15 MiB
   2282/3059  028084_17_d16hnu                         files      7 (kept 3, dropped 4) links     2  0.24 MiB
   2283/3059  028084_17_h100a                          files      7 (kept 3, dropped 4) links     2  0.24 MiB
   2284/3059  028084_17_h100b                          files      7 (kept 3, dropped 4) links     2  0.24 MiB
   2285/3059  028084_17_h28off                         files      7 (kept 3, dropped 4) links     2  0.24 MiB
   2286/3059  028084_17_h28prod                        files      7 (kept 3, dropped 4) links     2  0.24 MiB
   2287/3059  028084_17_h28wl                          files      7 (kept 3, dropped 4) links     2  0.24 MiB
   2288/3059  028084_18_d101hold                       files      7 (kept 3, dropped 4) links     2  0.10 MiB
   2289/3059  028084_18_d105hdiag                      files      7 (kept 3, dropped 4) links     2  0.07 MiB
   2290/3059  028084_18_d16hnu                         files      7 (kept 3, dropped 4) links     2  0.09 MiB
   2291/3059  028084_18_h100a                          files      7 (kept 3, dropped 4) links     2  0.10 MiB
   2292/3059  028084_18_h100b                          files      7 (kept 3, dropped 4) links     2  0.10 MiB
   2293/3059  028084_18_h28off                         files      7 (kept 3, dropped 4) links     2  0.10 MiB
   2294/3059  028084_18_h28prod                        files      7 (kept 3, dropped 4) links     2  0.10 MiB
   2295/3059  028084_18_h28wl                          files      7 (kept 3, dropped 4) links     2  0.10 MiB
   2296/3059  028084_19_d101hold                       files      7 (kept 3, dropped 4) links     2  0.02 MiB
   2297/3059  028084_19_d105hdiag                      files      7 (kept 3, dropped 4) links     2  0.02 MiB
   2298/3059  028084_19_d16hnu                         files      7 (kept 3, dropped 4) links     2  0.02 MiB
   2299/3059  028084_19_h100a                          files      7 (kept 3, dropped 4) links     2  0.02 MiB
   2300/3059  028084_19_h100b                          files      7 (kept 3, dropped 4) links     2  0.02 MiB
   2301/3059  028084_19_h28off                         files      7 (kept 3, dropped 4) links     2  0.02 MiB
   2302/3059  028084_19_h28prod                        files      7 (kept 3, dropped 4) links     2  0.02 MiB
   2303/3059  028084_19_h28wl                          files      7 (kept 3, dropped 4) links     2  0.02 MiB
   2304/3059  028084_1_d101hold                        files      7 (kept 3, dropped 4) links     2  0.26 MiB
   2305/3059  028084_1_d105hdiag                       files      7 (kept 3, dropped 4) links     2  0.16 MiB
   2306/3059  028084_1_d16hnu                          files      7 (kept 3, dropped 4) links     2  0.26 MiB
   2307/3059  028084_1_h100a                           files      7 (kept 3, dropped 4) links     2  0.26 MiB
   2308/3059  028084_1_h100b                           files      7 (kept 3, dropped 4) links     2  0.26 MiB
   2309/3059  028084_1_h28off                          files      7 (kept 3, dropped 4) links     2  0.26 MiB
   2310/3059  028084_1_h28prod                         files      7 (kept 3, dropped 4) links     2  0.26 MiB
   2311/3059  028084_1_h28wl                           files      7 (kept 3, dropped 4) links     2  0.26 MiB
   2312/3059  028084_20_d101hold                       files      7 (kept 3, dropped 4) links     2  0.12 MiB
   2313/3059  028084_20_d105hdiag                      files      7 (kept 3, dropped 4) links     2  0.08 MiB
   2314/3059  028084_20_d16hnu                         files      7 (kept 3, dropped 4) links     2  0.12 MiB
   2315/3059  028084_20_h100a                          files      7 (kept 3, dropped 4) links     2  0.12 MiB
   2316/3059  028084_20_h100b                          files      7 (kept 3, dropped 4) links     2  0.12 MiB
   2317/3059  028084_20_h28off                         files      7 (kept 3, dropped 4) links     2  0.12 MiB
   2318/3059  028084_20_h28prod                        files      7 (kept 3, dropped 4) links     2  0.12 MiB
   2319/3059  028084_20_h28wl                          files      7 (kept 3, dropped 4) links     2  0.12 MiB
   2320/3059  028084_21_d101hold                       files      7 (kept 3, dropped 4) links     2  0.11 MiB
   2321/3059  028084_21_d101smkf                       files      7 (kept 3, dropped 4) links     2  0.11 MiB
   2322/3059  028084_21_d101smoff                      files      7 (kept 3, dropped 4) links     2  0.11 MiB
   2323/3059  028084_21_d102cs                         files      7 (kept 3, dropped 4) links     2  8.08 MiB
   2324/3059  028084_21_d102dbg                        files      7 (kept 3, dropped 4) links     2  3.92 MiB
   2325/3059  028084_21_d105hdiag                      files      7 (kept 3, dropped 4) links     2  0.08 MiB
   2326/3059  028084_21_d16hnu                         files      7 (kept 3, dropped 4) links     2  0.10 MiB
   2327/3059  028084_21_h100a                          files      7 (kept 3, dropped 4) links     2  0.11 MiB
   2328/3059  028084_21_h100b                          files      7 (kept 3, dropped 4) links     2  0.11 MiB
   2329/3059  028084_21_h28off                         files      7 (kept 3, dropped 4) links     2  0.11 MiB
   2330/3059  028084_21_h28prod                        files      7 (kept 3, dropped 4) links     2  0.11 MiB
   2331/3059  028084_21_h28wl                          files      7 (kept 3, dropped 4) links     2  0.11 MiB
   2332/3059  028084_22_d101hold                       files      7 (kept 3, dropped 4) links     2  0.03 MiB
   2333/3059  028084_22_d105hdiag                      files      7 (kept 3, dropped 4) links     2  0.02 MiB
   2334/3059  028084_22_d16hnu                         files      7 (kept 3, dropped 4) links     2  0.03 MiB
   2335/3059  028084_22_h100a                          files      7 (kept 3, dropped 4) links     2  0.03 MiB
   2336/3059  028084_22_h100b                          files      7 (kept 3, dropped 4) links     2  0.03 MiB
   2337/3059  028084_22_h28off                         files      7 (kept 3, dropped 4) links     2  0.03 MiB
   2338/3059  028084_22_h28prod                        files      7 (kept 3, dropped 4) links     2  0.03 MiB
   2339/3059  028084_22_h28wl                          files      7 (kept 3, dropped 4) links     2  0.03 MiB
   2340/3059  028084_23_d101hold                       files      7 (kept 3, dropped 4) links     2  0.13 MiB
   2341/3059  028084_23_d105hdiag                      files      7 (kept 3, dropped 4) links     2  0.09 MiB
   2342/3059  028084_23_d16hnu                         files      7 (kept 3, dropped 4) links     2  0.10 MiB
   2343/3059  028084_23_h100a                          files      7 (kept 3, dropped 4) links     2  0.13 MiB
   2344/3059  028084_23_h100b                          files      7 (kept 3, dropped 4) links     2  0.13 MiB
   2345/3059  028084_23_h28off                         files      7 (kept 3, dropped 4) links     2  0.13 MiB
   2346/3059  028084_23_h28prod                        files      7 (kept 3, dropped 4) links     2  0.13 MiB
   2347/3059  028084_23_h28wl                          files      7 (kept 3, dropped 4) links     2  0.13 MiB
   2348/3059  028084_24_d101hold                       files      7 (kept 3, dropped 4) links     2  0.03 MiB
   2349/3059  028084_24_d105hdiag                      files      7 (kept 3, dropped 4) links     2  0.06 MiB
   2350/3059  028084_24_d16hnu                         files      7 (kept 3, dropped 4) links     2  0.02 MiB
   2351/3059  028084_24_h100a                          files      7 (kept 3, dropped 4) links     2  0.03 MiB
   2352/3059  028084_24_h100b                          files      7 (kept 3, dropped 4) links     2  0.03 MiB
   2353/3059  028084_24_h28off                         files      7 (kept 3, dropped 4) links     2  0.03 MiB
   2354/3059  028084_24_h28prod                        files      7 (kept 3, dropped 4) links     2  0.03 MiB
   2355/3059  028084_24_h28wl                          files      7 (kept 3, dropped 4) links     2  0.03 MiB
   2356/3059  028084_25_d101hold                       files      7 (kept 3, dropped 4) links     2  0.02 MiB
   2357/3059  028084_25_d105hdiag                      files      7 (kept 3, dropped 4) links     2  0.02 MiB
   2358/3059  028084_25_d16hnu                         files      7 (kept 3, dropped 4) links     2  0.02 MiB
   2359/3059  028084_25_h100a                          files      7 (kept 3, dropped 4) links     2  0.02 MiB
   2360/3059  028084_25_h100b                          files      7 (kept 3, dropped 4) links     2  0.02 MiB
   2361/3059  028084_25_h28off                         files      7 (kept 3, dropped 4) links     2  0.02 MiB
   2362/3059  028084_25_h28prod                        files      7 (kept 3, dropped 4) links     2  0.02 MiB
   2363/3059  028084_25_h28wl                          files      7 (kept 3, dropped 4) links     2  0.02 MiB
   2364/3059  028084_26_d101hold                       files      7 (kept 3, dropped 4) links     2  0.05 MiB
   2365/3059  028084_26_d105hdiag                      files      7 (kept 3, dropped 4) links     2  0.03 MiB
   2366/3059  028084_26_d16hnu                         files      7 (kept 3, dropped 4) links     2  0.06 MiB
   2367/3059  028084_26_h100a                          files      7 (kept 3, dropped 4) links     2  0.05 MiB
   2368/3059  028084_26_h100b                          files      7 (kept 3, dropped 4) links     2  0.05 MiB
   2369/3059  028084_26_h28off                         files      7 (kept 3, dropped 4) links     2  0.05 MiB
   2370/3059  028084_26_h28prod                        files      7 (kept 3, dropped 4) links     2  0.05 MiB
   2371/3059  028084_26_h28wl                          files      7 (kept 3, dropped 4) links     2  0.05 MiB
   2372/3059  028084_27_d101hold                       files      7 (kept 3, dropped 4) links     2  0.04 MiB
   2373/3059  028084_27_d105hdiag                      files      7 (kept 3, dropped 4) links     2  0.05 MiB
   2374/3059  028084_27_d16hnu                         files      7 (kept 3, dropped 4) links     2  0.04 MiB
   2375/3059  028084_27_h100a                          files      7 (kept 3, dropped 4) links     2  0.04 MiB
   2376/3059  028084_27_h100b                          files      7 (kept 3, dropped 4) links     2  0.04 MiB
   2377/3059  028084_27_h28off                         files      7 (kept 3, dropped 4) links     2  0.04 MiB
   2378/3059  028084_27_h28prod                        files      7 (kept 3, dropped 4) links     2  0.04 MiB
   2379/3059  028084_27_h28wl                          files      7 (kept 3, dropped 4) links     2  0.04 MiB
   2380/3059  028084_28_d101hold                       files      7 (kept 3, dropped 4) links     2  0.03 MiB
   2381/3059  028084_28_d105hdiag                      files      7 (kept 3, dropped 4) links     2  0.03 MiB
   2382/3059  028084_28_d16hnu                         files      7 (kept 3, dropped 4) links     2  0.03 MiB
   2383/3059  028084_28_h100a                          files      7 (kept 3, dropped 4) links     2  0.03 MiB
   2384/3059  028084_28_h100b                          files      7 (kept 3, dropped 4) links     2  0.03 MiB
   2385/3059  028084_28_h28off                         files      7 (kept 3, dropped 4) links     2  0.03 MiB
   2386/3059  028084_28_h28prod                        files      7 (kept 3, dropped 4) links     2  0.03 MiB
   2387/3059  028084_28_h28wl                          files      7 (kept 3, dropped 4) links     2  0.03 MiB
   2388/3059  028084_29_d101hold                       files      7 (kept 3, dropped 4) links     2  0.02 MiB
   2389/3059  028084_29_d105hdiag                      files      7 (kept 3, dropped 4) links     2  0.02 MiB
   2390/3059  028084_29_d16hnu                         files      7 (kept 3, dropped 4) links     2  0.02 MiB
   2391/3059  028084_29_h100a                          files      7 (kept 3, dropped 4) links     2  0.02 MiB
   2392/3059  028084_29_h100b                          files      7 (kept 3, dropped 4) links     2  0.02 MiB
   2393/3059  028084_29_h28off                         files      7 (kept 3, dropped 4) links     2  0.02 MiB
   2394/3059  028084_29_h28prod                        files      7 (kept 3, dropped 4) links     2  0.02 MiB
   2395/3059  028084_29_h28wl                          files      7 (kept 3, dropped 4) links     2  0.02 MiB
   2396/3059  028084_2_d101hold                        files      7 (kept 3, dropped 4) links     2  0.07 MiB
   2397/3059  028084_2_d105hdiag                       files      7 (kept 3, dropped 4) links     2  0.07 MiB
   2398/3059  028084_2_d16hnu                          files      7 (kept 3, dropped 4) links     2  0.07 MiB
   2399/3059  028084_2_h100a                           files      7 (kept 3, dropped 4) links     2  0.07 MiB
   2400/3059  028084_2_h100b                           files      7 (kept 3, dropped 4) links     2  0.07 MiB
   2401/3059  028084_2_h28off                          files      7 (kept 3, dropped 4) links     2  0.07 MiB
   2402/3059  028084_2_h28prod                         files      7 (kept 3, dropped 4) links     2  0.07 MiB
   2403/3059  028084_2_h28wl                           files      7 (kept 3, dropped 4) links     2  0.07 MiB
   2404/3059  028084_30_d101hold                       files      7 (kept 3, dropped 4) links     2  0.06 MiB
   2405/3059  028084_30_d105hdiag                      files      7 (kept 3, dropped 4) links     2  0.03 MiB
   2406/3059  028084_30_d16hnu                         files      7 (kept 3, dropped 4) links     2  0.06 MiB
   2407/3059  028084_30_h100a                          files      7 (kept 3, dropped 4) links     2  0.06 MiB
   2408/3059  028084_30_h100b                          files      7 (kept 3, dropped 4) links     2  0.06 MiB
   2409/3059  028084_30_h28off                         files      7 (kept 3, dropped 4) links     2  0.06 MiB
   2410/3059  028084_30_h28prod                        files      7 (kept 3, dropped 4) links     2  0.06 MiB
   2411/3059  028084_30_h28wl                          files      7 (kept 3, dropped 4) links     2  0.06 MiB
   2412/3059  028084_3_d101hold                        files      7 (kept 3, dropped 4) links     2  0.11 MiB
   2413/3059  028084_3_d105hdiag                       files      7 (kept 3, dropped 4) links     2  0.09 MiB
   2414/3059  028084_3_d16hnu                          files      7 (kept 3, dropped 4) links     2  0.09 MiB
   2415/3059  028084_3_h100a                           files      7 (kept 3, dropped 4) links     2  0.11 MiB
   2416/3059  028084_3_h100b                           files      7 (kept 3, dropped 4) links     2  0.11 MiB
   2417/3059  028084_3_h28off                          files      7 (kept 3, dropped 4) links     2  0.11 MiB
   2418/3059  028084_3_h28prod                         files      7 (kept 3, dropped 4) links     2  0.11 MiB
   2419/3059  028084_3_h28wl                           files      7 (kept 3, dropped 4) links     2  0.11 MiB
   2420/3059  028084_4_d101hold                        files      7 (kept 3, dropped 4) links     2  0.07 MiB
   2421/3059  028084_4_d105hdiag                       files      7 (kept 3, dropped 4) links     2  0.07 MiB
   2422/3059  028084_4_d16hnu                          files      7 (kept 3, dropped 4) links     2  0.07 MiB
   2423/3059  028084_4_h100a                           files      7 (kept 3, dropped 4) links     2  0.07 MiB
   2424/3059  028084_4_h100b                           files      7 (kept 3, dropped 4) links     2  0.07 MiB
   2425/3059  028084_4_h28off                          files      7 (kept 3, dropped 4) links     2  0.07 MiB
   2426/3059  028084_4_h28prod                         files      7 (kept 3, dropped 4) links     2  0.07 MiB
   2427/3059  028084_4_h28wl                           files      7 (kept 3, dropped 4) links     2  0.07 MiB
   2428/3059  028084_5_d101hold                        files      7 (kept 3, dropped 4) links     2  0.02 MiB
   2429/3059  028084_5_d105hdiag                       files      7 (kept 3, dropped 4) links     2  0.02 MiB
   2430/3059  028084_5_d16hnu                          files      7 (kept 3, dropped 4) links     2  0.02 MiB
   2431/3059  028084_5_h100a                           files      7 (kept 3, dropped 4) links     2  0.02 MiB
   2432/3059  028084_5_h100b                           files      7 (kept 3, dropped 4) links     2  0.02 MiB
   2433/3059  028084_5_h28off                          files      7 (kept 3, dropped 4) links     2  0.02 MiB
   2434/3059  028084_5_h28prod                         files      7 (kept 3, dropped 4) links     2  0.02 MiB
   2435/3059  028084_5_h28wl                           files      7 (kept 3, dropped 4) links     2  0.02 MiB
   2436/3059  028084_6_d101hold                        files      7 (kept 3, dropped 4) links     2  0.04 MiB
   2437/3059  028084_6_d105hdiag                       files      7 (kept 3, dropped 4) links     2  0.02 MiB
   2438/3059  028084_6_d16hnu                          files      7 (kept 3, dropped 4) links     2  0.03 MiB
   2439/3059  028084_6_h100a                           files      7 (kept 3, dropped 4) links     2  0.04 MiB
   2440/3059  028084_6_h100b                           files      7 (kept 3, dropped 4) links     2  0.04 MiB
   2441/3059  028084_6_h28off                          files      7 (kept 3, dropped 4) links     2  0.04 MiB
   2442/3059  028084_6_h28prod                         files      7 (kept 3, dropped 4) links     2  0.04 MiB
   2443/3059  028084_6_h28wl                           files      7 (kept 3, dropped 4) links     2  0.04 MiB
   2444/3059  028084_7_d101hold                        files      7 (kept 3, dropped 4) links     2  0.11 MiB
   2445/3059  028084_7_d105hdiag                       files      7 (kept 3, dropped 4) links     2  0.06 MiB
   2446/3059  028084_7_d16hnu                          files      7 (kept 3, dropped 4) links     2  0.10 MiB
   2447/3059  028084_7_h100a                           files      7 (kept 3, dropped 4) links     2  0.11 MiB
   2448/3059  028084_7_h100b                           files      7 (kept 3, dropped 4) links     2  0.11 MiB
   2449/3059  028084_7_h28off                          files      7 (kept 3, dropped 4) links     2  0.11 MiB
   2450/3059  028084_7_h28prod                         files      7 (kept 3, dropped 4) links     2  0.11 MiB
   2451/3059  028084_7_h28wl                           files      7 (kept 3, dropped 4) links     2  0.11 MiB
   2452/3059  028084_8_d101hold                        files      7 (kept 3, dropped 4) links     2  0.03 MiB
   2453/3059  028084_8_d105hdiag                       files      7 (kept 3, dropped 4) links     2  0.11 MiB
   2454/3059  028084_8_d16hnu                          files      7 (kept 3, dropped 4) links     2  0.03 MiB
   2455/3059  028084_8_h100a                           files      7 (kept 3, dropped 4) links     2  0.03 MiB
   2456/3059  028084_8_h100b                           files      7 (kept 3, dropped 4) links     2  0.03 MiB
   2457/3059  028084_8_h28off                          files      7 (kept 3, dropped 4) links     2  0.03 MiB
   2458/3059  028084_8_h28prod                         files      7 (kept 3, dropped 4) links     2  0.03 MiB
   2459/3059  028084_8_h28wl                           files      7 (kept 3, dropped 4) links     2  0.03 MiB
   2460/3059  028084_9_d101hold                        files      7 (kept 3, dropped 4) links     2  0.11 MiB
   2461/3059  028084_9_d105hdiag                       files      7 (kept 3, dropped 4) links     2  0.09 MiB
   2462/3059  028084_9_d16hnu                          files      7 (kept 3, dropped 4) links     2  0.11 MiB
   2463/3059  028084_9_h100a                           files      7 (kept 3, dropped 4) links     2  0.11 MiB
   2464/3059  028084_9_h100b                           files      7 (kept 3, dropped 4) links     2  0.11 MiB
   2465/3059  028084_9_h28off                          files      7 (kept 3, dropped 4) links     2  0.11 MiB
   2466/3059  028084_9_h28prod                         files      7 (kept 3, dropped 4) links     2  0.11 MiB
   2467/3059  028084_9_h28wl                           files      7 (kept 3, dropped 4) links     2  0.11 MiB
   2468/3059  029107_0_d101hold                        files      7 (kept 3, dropped 4) links     2  0.03 MiB
   2469/3059  029107_0_d105hdiag                       files      7 (kept 3, dropped 4) links     2  0.03 MiB
   2470/3059  029107_0_d16hnu                          files      7 (kept 3, dropped 4) links     2  0.03 MiB
   2471/3059  029107_0_h100a                           files      7 (kept 3, dropped 4) links     2  0.03 MiB
   2472/3059  029107_0_h100b                           files      7 (kept 3, dropped 4) links     2  0.03 MiB
   2473/3059  029107_0_h28off                          files      7 (kept 3, dropped 4) links     2  0.03 MiB
   2474/3059  029107_0_h28prod                         files      7 (kept 3, dropped 4) links     2  0.03 MiB
   2475/3059  029107_0_h28wl                           files      7 (kept 3, dropped 4) links     2  0.03 MiB
   2476/3059  029107_10_d101hold                       files      7 (kept 3, dropped 4) links     2  0.21 MiB
   2477/3059  029107_10_d105hdiag                      files      7 (kept 3, dropped 4) links     2  0.08 MiB
   2478/3059  029107_10_d16hnu                         files      7 (kept 3, dropped 4) links     2  0.20 MiB
   2479/3059  029107_10_h100a                          files      7 (kept 3, dropped 4) links     2  0.21 MiB
   2480/3059  029107_10_h100b                          files      7 (kept 3, dropped 4) links     2  0.20 MiB
   2481/3059  029107_10_h28off                         files      7 (kept 3, dropped 4) links     2  0.21 MiB
   2482/3059  029107_10_h28prod                        files      7 (kept 3, dropped 4) links     2  0.21 MiB
   2483/3059  029107_10_h28wl                          files      7 (kept 3, dropped 4) links     2  0.21 MiB
   2484/3059  029107_11_d101hold                       files      7 (kept 3, dropped 4) links     2  0.03 MiB
   2485/3059  029107_11_d105hdiag                      files      7 (kept 3, dropped 4) links     2  0.04 MiB
   2486/3059  029107_11_d16hnu                         files      7 (kept 3, dropped 4) links     2  0.03 MiB
   2487/3059  029107_11_h100a                          files      7 (kept 3, dropped 4) links     2  0.03 MiB
   2488/3059  029107_11_h100b                          files      7 (kept 3, dropped 4) links     2  0.03 MiB
   2489/3059  029107_11_h28off                         files      7 (kept 3, dropped 4) links     2  0.03 MiB
   2490/3059  029107_11_h28prod                        files      7 (kept 3, dropped 4) links     2  0.03 MiB
   2491/3059  029107_11_h28wl                          files      7 (kept 3, dropped 4) links     2  0.03 MiB
   2492/3059  029107_12_d101hold                       files      7 (kept 3, dropped 4) links     2  0.12 MiB
   2493/3059  029107_12_d105hdiag                      files      7 (kept 3, dropped 4) links     2  0.15 MiB
   2494/3059  029107_12_d16hnu                         files      7 (kept 3, dropped 4) links     2  0.11 MiB
   2495/3059  029107_12_h100a                          files      7 (kept 3, dropped 4) links     2  0.12 MiB
   2496/3059  029107_12_h100b                          files      7 (kept 3, dropped 4) links     2  0.12 MiB
   2497/3059  029107_12_h28off                         files      7 (kept 3, dropped 4) links     2  0.12 MiB
   2498/3059  029107_12_h28prod                        files      7 (kept 3, dropped 4) links     2  0.12 MiB
   2499/3059  029107_12_h28wl                          files      7 (kept 3, dropped 4) links     2  0.12 MiB
   2500/3059  029107_13_d101hold                       files      7 (kept 3, dropped 4) links     2  0.02 MiB
   2501/3059  029107_13_d105hdiag                      files      7 (kept 3, dropped 4) links     2  0.02 MiB
   2502/3059  029107_13_d16hnu                         files      7 (kept 3, dropped 4) links     2  0.02 MiB
   2503/3059  029107_13_h100a                          files      7 (kept 3, dropped 4) links     2  0.02 MiB
   2504/3059  029107_13_h100b                          files      7 (kept 3, dropped 4) links     2  0.02 MiB
   2505/3059  029107_13_h28off                         files      7 (kept 3, dropped 4) links     2  0.02 MiB
   2506/3059  029107_13_h28prod                        files      7 (kept 3, dropped 4) links     2  0.02 MiB
   2507/3059  029107_13_h28wl                          files      7 (kept 3, dropped 4) links     2  0.02 MiB
   2508/3059  029107_14_d101hold                       files      7 (kept 3, dropped 4) links     2  0.06 MiB
   2509/3059  029107_14_d105hdiag                      files      7 (kept 3, dropped 4) links     2  0.06 MiB
   2510/3059  029107_14_d16hnu                         files      7 (kept 3, dropped 4) links     2  0.06 MiB
   2511/3059  029107_14_h100a                          files      7 (kept 3, dropped 4) links     2  0.06 MiB
   2512/3059  029107_14_h100b                          files      7 (kept 3, dropped 4) links     2  0.06 MiB
   2513/3059  029107_14_h28off                         files      7 (kept 3, dropped 4) links     2  0.06 MiB
   2514/3059  029107_14_h28prod                        files      7 (kept 3, dropped 4) links     2  0.06 MiB
   2515/3059  029107_14_h28wl                          files      7 (kept 3, dropped 4) links     2  0.06 MiB
   2516/3059  029107_15_d101hold                       files      7 (kept 3, dropped 4) links     2  0.15 MiB
   2517/3059  029107_15_d105hdiag                      files      7 (kept 3, dropped 4) links     2  0.13 MiB
   2518/3059  029107_15_d16hnu                         files      7 (kept 3, dropped 4) links     2  0.15 MiB
   2519/3059  029107_15_h100a                          files      7 (kept 3, dropped 4) links     2  0.15 MiB
   2520/3059  029107_15_h100b                          files      7 (kept 3, dropped 4) links     2  0.15 MiB
   2521/3059  029107_15_h28off                         files      7 (kept 3, dropped 4) links     2  0.15 MiB
   2522/3059  029107_15_h28prod                        files      7 (kept 3, dropped 4) links     2  0.15 MiB
   2523/3059  029107_15_h28wl                          files      7 (kept 3, dropped 4) links     2  0.15 MiB
   2524/3059  029107_16_d101hold                       files      7 (kept 3, dropped 4) links     2  0.18 MiB
   2525/3059  029107_16_d105hdiag                      files      7 (kept 3, dropped 4) links     2  0.17 MiB
   2526/3059  029107_16_d16hnu                         files      7 (kept 3, dropped 4) links     2  0.16 MiB
   2527/3059  029107_16_h100a                          files      7 (kept 3, dropped 4) links     2  0.18 MiB
   2528/3059  029107_16_h100b                          files      7 (kept 3, dropped 4) links     2  0.18 MiB
   2529/3059  029107_16_h28off                         files      7 (kept 3, dropped 4) links     2  0.18 MiB
   2530/3059  029107_16_h28prod                        files      7 (kept 3, dropped 4) links     2  0.18 MiB
   2531/3059  029107_16_h28wl                          files      7 (kept 3, dropped 4) links     2  0.18 MiB
   2532/3059  029107_17_d101hold                       files      7 (kept 3, dropped 4) links     2  0.02 MiB
   2533/3059  029107_17_d105hdiag                      files      7 (kept 3, dropped 4) links     2  0.02 MiB
   2534/3059  029107_17_d16hnu                         files      7 (kept 3, dropped 4) links     2  0.02 MiB
   2535/3059  029107_17_h100a                          files      7 (kept 3, dropped 4) links     2  0.02 MiB
   2536/3059  029107_17_h100b                          files      7 (kept 3, dropped 4) links     2  0.02 MiB
   2537/3059  029107_17_h28cfg                         files      1 (kept 1, dropped 0) links     2  0.03 MiB
   2538/3059  029107_17_h28cfg0                        files      1 (kept 1, dropped 0) links     2  0.03 MiB
   2539/3059  029107_17_h28cfgT                        files      1 (kept 1, dropped 0) links     2  0.03 MiB
   2540/3059  029107_17_h28cfgoff                      files      1 (kept 1, dropped 0) links     2  0.03 MiB
   2541/3059  029107_17_h28off                         files      7 (kept 3, dropped 4) links     2  0.02 MiB
   2542/3059  029107_17_h28prod                        files      7 (kept 3, dropped 4) links     2  0.02 MiB
   2543/3059  029107_17_h28wl                          files      7 (kept 3, dropped 4) links     2  0.02 MiB
   2544/3059  029107_18_d101hold                       files      7 (kept 3, dropped 4) links     2  0.57 MiB
   2545/3059  029107_18_d105hdiag                      files      7 (kept 3, dropped 4) links     2  0.41 MiB
   2546/3059  029107_18_d16hnu                         files      7 (kept 3, dropped 4) links     2  0.56 MiB
   2547/3059  029107_18_h100a                          files      7 (kept 3, dropped 4) links     2  0.57 MiB
   2548/3059  029107_18_h100b                          files      7 (kept 3, dropped 4) links     2  0.57 MiB
   2549/3059  029107_18_h28off                         files      7 (kept 3, dropped 4) links     2  0.57 MiB
   2550/3059  029107_18_h28prod                        files      7 (kept 3, dropped 4) links     2  0.57 MiB
   2551/3059  029107_18_h28wl                          files      7 (kept 3, dropped 4) links     2  0.57 MiB
   2552/3059  029107_19_d101hold                       files      7 (kept 3, dropped 4) links     2  0.16 MiB
   2553/3059  029107_19_d105hdiag                      files      7 (kept 3, dropped 4) links     2  0.10 MiB
   2554/3059  029107_19_d16hnu                         files      7 (kept 3, dropped 4) links     2  0.16 MiB
   2555/3059  029107_19_h100a                          files      7 (kept 3, dropped 4) links     2  0.16 MiB
   2556/3059  029107_19_h100b                          files      7 (kept 3, dropped 4) links     2  0.16 MiB
   2557/3059  029107_19_h28off                         files      7 (kept 3, dropped 4) links     2  0.16 MiB
   2558/3059  029107_19_h28prod                        files      7 (kept 3, dropped 4) links     2  0.16 MiB
   2559/3059  029107_19_h28wl                          files      7 (kept 3, dropped 4) links     2  0.16 MiB
   2560/3059  029107_1_d101hold                        files      7 (kept 3, dropped 4) links     2  0.12 MiB
   2561/3059  029107_1_d105hdiag                       files      7 (kept 3, dropped 4) links     2  0.07 MiB
   2562/3059  029107_1_d16hnu                          files      7 (kept 3, dropped 4) links     2  0.11 MiB
   2563/3059  029107_1_h100a                           files      7 (kept 3, dropped 4) links     2  0.12 MiB
   2564/3059  029107_1_h100b                           files      7 (kept 3, dropped 4) links     2  0.12 MiB
   2565/3059  029107_1_h28off                          files      7 (kept 3, dropped 4) links     2  0.12 MiB
   2566/3059  029107_1_h28prod                         files      7 (kept 3, dropped 4) links     2  0.12 MiB
   2567/3059  029107_1_h28wl                           files      7 (kept 3, dropped 4) links     2  0.12 MiB
   2568/3059  029107_20_d101hold                       files      7 (kept 3, dropped 4) links     2  0.11 MiB
   2569/3059  029107_20_d105hdiag                      files      7 (kept 3, dropped 4) links     2  0.08 MiB
   2570/3059  029107_20_d16hnu                         files      7 (kept 3, dropped 4) links     2  0.09 MiB
   2571/3059  029107_20_h100a                          files      7 (kept 3, dropped 4) links     2  0.11 MiB
   2572/3059  029107_20_h100b                          files      7 (kept 3, dropped 4) links     2  0.11 MiB
   2573/3059  029107_20_h28off                         files      7 (kept 3, dropped 4) links     2  0.11 MiB
   2574/3059  029107_20_h28prod                        files      7 (kept 3, dropped 4) links     2  0.11 MiB
   2575/3059  029107_20_h28wl                          files      7 (kept 3, dropped 4) links     2  0.11 MiB
   2576/3059  029107_21_d101hold                       files      7 (kept 3, dropped 4) links     2  0.08 MiB
   2577/3059  029107_21_d105hdiag                      files      7 (kept 3, dropped 4) links     2  0.05 MiB
   2578/3059  029107_21_d16hnu                         files      7 (kept 3, dropped 4) links     2  0.08 MiB
   2579/3059  029107_21_h100a                          files      7 (kept 3, dropped 4) links     2  0.08 MiB
   2580/3059  029107_21_h100b                          files      7 (kept 3, dropped 4) links     2  0.08 MiB
   2581/3059  029107_21_h28off                         files      7 (kept 3, dropped 4) links     2  0.08 MiB
   2582/3059  029107_21_h28prod                        files      7 (kept 3, dropped 4) links     2  0.08 MiB
   2583/3059  029107_21_h28wl                          files      7 (kept 3, dropped 4) links     2  0.08 MiB
   2584/3059  029107_22_d101hold                       files      7 (kept 3, dropped 4) links     2  0.02 MiB
   2585/3059  029107_22_d105hdiag                      files      7 (kept 3, dropped 4) links     2  0.02 MiB
   2586/3059  029107_22_d16hnu                         files      7 (kept 3, dropped 4) links     2  0.02 MiB
   2587/3059  029107_22_h100a                          files      7 (kept 3, dropped 4) links     2  0.02 MiB
   2588/3059  029107_22_h100b                          files      7 (kept 3, dropped 4) links     2  0.02 MiB
   2589/3059  029107_22_h28off                         files      7 (kept 3, dropped 4) links     2  0.02 MiB
   2590/3059  029107_22_h28prod                        files      7 (kept 3, dropped 4) links     2  0.02 MiB
   2591/3059  029107_22_h28wl                          files      7 (kept 3, dropped 4) links     2  0.02 MiB
   2592/3059  029107_23_d101hold                       files      7 (kept 3, dropped 4) links     2  0.09 MiB
   2593/3059  029107_23_d105hdiag                      files      7 (kept 3, dropped 4) links     2  0.05 MiB
   2594/3059  029107_23_d16hnu                         files      7 (kept 3, dropped 4) links     2  0.09 MiB
   2595/3059  029107_23_h100a                          files      7 (kept 3, dropped 4) links     2  0.09 MiB
   2596/3059  029107_23_h100b                          files      7 (kept 3, dropped 4) links     2  0.09 MiB
   2597/3059  029107_23_h28off                         files      7 (kept 3, dropped 4) links     2  0.09 MiB
   2598/3059  029107_23_h28prod                        files      7 (kept 3, dropped 4) links     2  0.09 MiB
   2599/3059  029107_23_h28wl                          files      7 (kept 3, dropped 4) links     2  0.09 MiB
   2600/3059  029107_24_d101hold                       files      7 (kept 3, dropped 4) links     2  0.02 MiB
   2601/3059  029107_24_d105hdiag                      files      7 (kept 3, dropped 4) links     2  0.13 MiB
   2602/3059  029107_24_d16hnu                         files      7 (kept 3, dropped 4) links     2  0.02 MiB
   2603/3059  029107_24_h100a                          files      7 (kept 3, dropped 4) links     2  0.02 MiB
   2604/3059  029107_24_h100b                          files      7 (kept 3, dropped 4) links     2  0.02 MiB
   2605/3059  029107_24_h28off                         files      7 (kept 3, dropped 4) links     2  0.02 MiB
   2606/3059  029107_24_h28prod                        files      7 (kept 3, dropped 4) links     2  0.02 MiB
   2607/3059  029107_24_h28wl                          files      7 (kept 3, dropped 4) links     2  0.02 MiB
   2608/3059  029107_25_d101hold                       files      7 (kept 3, dropped 4) links     2  0.11 MiB
   2609/3059  029107_25_d105hdiag                      files      7 (kept 3, dropped 4) links     2  0.07 MiB
   2610/3059  029107_25_d16hnu                         files      7 (kept 3, dropped 4) links     2  0.11 MiB
   2611/3059  029107_25_h100a                          files      7 (kept 3, dropped 4) links     2  0.11 MiB
   2612/3059  029107_25_h100b                          files      7 (kept 3, dropped 4) links     2  0.11 MiB
   2613/3059  029107_25_h28off                         files      7 (kept 3, dropped 4) links     2  0.11 MiB
   2614/3059  029107_25_h28prod                        files      7 (kept 3, dropped 4) links     2  0.11 MiB
   2615/3059  029107_25_h28wl                          files      7 (kept 3, dropped 4) links     2  0.11 MiB
   2616/3059  029107_26_d101hold                       files      7 (kept 3, dropped 4) links     2  0.13 MiB
   2617/3059  029107_26_d105hdiag                      files      7 (kept 3, dropped 4) links     2  0.08 MiB
   2618/3059  029107_26_d16hnu                         files      7 (kept 3, dropped 4) links     2  0.10 MiB
   2619/3059  029107_26_h100a                          files      7 (kept 3, dropped 4) links     2  0.13 MiB
   2620/3059  029107_26_h100b                          files      7 (kept 3, dropped 4) links     2  0.13 MiB
   2621/3059  029107_26_h28off                         files      7 (kept 3, dropped 4) links     2  0.13 MiB
   2622/3059  029107_26_h28prod                        files      7 (kept 3, dropped 4) links     2  0.13 MiB
   2623/3059  029107_26_h28wl                          files      7 (kept 3, dropped 4) links     2  0.13 MiB
   2624/3059  029107_27_d101hold                       files      7 (kept 3, dropped 4) links     2  0.02 MiB
   2625/3059  029107_27_d105hdiag                      files      7 (kept 3, dropped 4) links     2  0.02 MiB
   2626/3059  029107_27_d16hnu                         files      7 (kept 3, dropped 4) links     2  0.02 MiB
   2627/3059  029107_27_h100a                          files      7 (kept 3, dropped 4) links     2  0.02 MiB
   2628/3059  029107_27_h100b                          files      7 (kept 3, dropped 4) links     2  0.02 MiB
   2629/3059  029107_27_h28off                         files      7 (kept 3, dropped 4) links     2  0.02 MiB
   2630/3059  029107_27_h28prod                        files      7 (kept 3, dropped 4) links     2  0.02 MiB
   2631/3059  029107_27_h28wl                          files      7 (kept 3, dropped 4) links     2  0.02 MiB
   2632/3059  029107_28_d101hold                       files      7 (kept 3, dropped 4) links     2  0.06 MiB
   2633/3059  029107_28_d105hdiag                      files      7 (kept 3, dropped 4) links     2  0.04 MiB
   2634/3059  029107_28_d16hnu                         files      7 (kept 3, dropped 4) links     2  0.06 MiB
   2635/3059  029107_28_h100a                          files      7 (kept 3, dropped 4) links     2  0.06 MiB
   2636/3059  029107_28_h100b                          files      7 (kept 3, dropped 4) links     2  0.06 MiB
   2637/3059  029107_28_h28off                         files      7 (kept 3, dropped 4) links     2  0.06 MiB
   2638/3059  029107_28_h28prod                        files      7 (kept 3, dropped 4) links     2  0.06 MiB
   2639/3059  029107_28_h28wl                          files      7 (kept 3, dropped 4) links     2  0.06 MiB
   2640/3059  029107_29_d101hold                       files      7 (kept 3, dropped 4) links     2  0.15 MiB
   2641/3059  029107_29_d105hdiag                      files      7 (kept 3, dropped 4) links     2  0.04 MiB
   2642/3059  029107_29_d16hnu                         files      7 (kept 3, dropped 4) links     2  0.15 MiB
   2643/3059  029107_29_h100a                          files      7 (kept 3, dropped 4) links     2  0.15 MiB
   2644/3059  029107_29_h100b                          files      7 (kept 3, dropped 4) links     2  0.15 MiB
   2645/3059  029107_29_h28off                         files      7 (kept 3, dropped 4) links     2  0.15 MiB
   2646/3059  029107_29_h28prod                        files      7 (kept 3, dropped 4) links     2  0.15 MiB
   2647/3059  029107_29_h28wl                          files      7 (kept 3, dropped 4) links     2  0.15 MiB
   2648/3059  029107_2_d101hold                        files      7 (kept 3, dropped 4) links     2  0.12 MiB
   2649/3059  029107_2_d105hdiag                       files      7 (kept 3, dropped 4) links     2  0.11 MiB
   2650/3059  029107_2_d16hnu                          files      7 (kept 3, dropped 4) links     2  0.12 MiB
   2651/3059  029107_2_h100a                           files      7 (kept 3, dropped 4) links     2  0.12 MiB
   2652/3059  029107_2_h100b                           files      7 (kept 3, dropped 4) links     2  0.12 MiB
   2653/3059  029107_2_h28off                          files      7 (kept 3, dropped 4) links     2  0.12 MiB
   2654/3059  029107_2_h28prod                         files      7 (kept 3, dropped 4) links     2  0.12 MiB
   2655/3059  029107_2_h28wl                           files      7 (kept 3, dropped 4) links     2  0.12 MiB
   2656/3059  029107_3_d101hold                        files      7 (kept 3, dropped 4) links     2  0.09 MiB
   2657/3059  029107_3_d105hdiag                       files      7 (kept 3, dropped 4) links     2  0.13 MiB
   2658/3059  029107_3_d16hnu                          files      7 (kept 3, dropped 4) links     2  0.08 MiB
   2659/3059  029107_3_h100a                           files      7 (kept 3, dropped 4) links     2  0.09 MiB
   2660/3059  029107_3_h100b                           files      7 (kept 3, dropped 4) links     2  0.09 MiB
   2661/3059  029107_3_h28off                          files      7 (kept 3, dropped 4) links     2  0.09 MiB
   2662/3059  029107_3_h28prod                         files      7 (kept 3, dropped 4) links     2  0.09 MiB
   2663/3059  029107_3_h28wl                           files      7 (kept 3, dropped 4) links     2  0.09 MiB
   2664/3059  029107_4_d101hold                        files      7 (kept 3, dropped 4) links     2  0.07 MiB
   2665/3059  029107_4_d105hdiag                       files      7 (kept 3, dropped 4) links     2  0.03 MiB
   2666/3059  029107_4_d16hnu                          files      7 (kept 3, dropped 4) links     2  0.07 MiB
   2667/3059  029107_4_h100a                           files      7 (kept 3, dropped 4) links     2  0.07 MiB
   2668/3059  029107_4_h100b                           files      7 (kept 3, dropped 4) links     2  0.07 MiB
   2669/3059  029107_4_h28off                          files      7 (kept 3, dropped 4) links     2  0.07 MiB
   2670/3059  029107_4_h28prod                         files      7 (kept 3, dropped 4) links     2  0.07 MiB
   2671/3059  029107_4_h28wl                           files      7 (kept 3, dropped 4) links     2  0.07 MiB
   2672/3059  029107_5_d101hold                        files      7 (kept 3, dropped 4) links     2  0.12 MiB
   2673/3059  029107_5_d105hdiag                       files      7 (kept 3, dropped 4) links     2  0.10 MiB
   2674/3059  029107_5_d16hnu                          files      7 (kept 3, dropped 4) links     2  0.11 MiB
   2675/3059  029107_5_h100a                           files      7 (kept 3, dropped 4) links     2  0.11 MiB
   2676/3059  029107_5_h100b                           files      7 (kept 3, dropped 4) links     2  0.11 MiB
   2677/3059  029107_5_h28off                          files      7 (kept 3, dropped 4) links     2  0.12 MiB
   2678/3059  029107_5_h28prod                         files      7 (kept 3, dropped 4) links     2  0.12 MiB
   2679/3059  029107_5_h28wl                           files      7 (kept 3, dropped 4) links     2  0.12 MiB
   2680/3059  029107_6_d101hold                        files      7 (kept 3, dropped 4) links     2  0.03 MiB
   2681/3059  029107_6_d105hdiag                       files      7 (kept 3, dropped 4) links     2  0.02 MiB
   2682/3059  029107_6_d16hnu                          files      7 (kept 3, dropped 4) links     2  0.03 MiB
   2683/3059  029107_6_h100a                           files      7 (kept 3, dropped 4) links     2  0.03 MiB
   2684/3059  029107_6_h100b                           files      7 (kept 3, dropped 4) links     2  0.03 MiB
   2685/3059  029107_6_h28off                          files      7 (kept 3, dropped 4) links     2  0.03 MiB
   2686/3059  029107_6_h28prod                         files      7 (kept 3, dropped 4) links     2  0.03 MiB
   2687/3059  029107_6_h28wl                           files      7 (kept 3, dropped 4) links     2  0.03 MiB
   2688/3059  029107_7_d101hold                        files      7 (kept 3, dropped 4) links     2  0.08 MiB
   2689/3059  029107_7_d105hdiag                       files      7 (kept 3, dropped 4) links     2  0.05 MiB
   2690/3059  029107_7_d16hnu                          files      7 (kept 3, dropped 4) links     2  0.07 MiB
   2691/3059  029107_7_h100a                           files      7 (kept 3, dropped 4) links     2  0.08 MiB
   2692/3059  029107_7_h100b                           files      7 (kept 3, dropped 4) links     2  0.08 MiB
   2693/3059  029107_7_h28off                          files      7 (kept 3, dropped 4) links     2  0.08 MiB
   2694/3059  029107_7_h28prod                         files      7 (kept 3, dropped 4) links     2  0.08 MiB
   2695/3059  029107_7_h28wl                           files      7 (kept 3, dropped 4) links     2  0.08 MiB
   2696/3059  029107_8_d101hold                        files      7 (kept 3, dropped 4) links     2  0.10 MiB
   2697/3059  029107_8_d105hdiag                       files      7 (kept 3, dropped 4) links     2  0.03 MiB
   2698/3059  029107_8_d16hnu                          files      7 (kept 3, dropped 4) links     2  0.10 MiB
   2699/3059  029107_8_h100a                           files      7 (kept 3, dropped 4) links     2  0.10 MiB
   2700/3059  029107_8_h100b                           files      7 (kept 3, dropped 4) links     2  0.10 MiB
   2701/3059  029107_8_h28off                          files      7 (kept 3, dropped 4) links     2  0.10 MiB
   2702/3059  029107_8_h28prod                         files      7 (kept 3, dropped 4) links     2  0.10 MiB
   2703/3059  029107_8_h28wl                           files      7 (kept 3, dropped 4) links     2  0.10 MiB
   2704/3059  029107_9_d101hold                        files      7 (kept 3, dropped 4) links     2  0.04 MiB
   2705/3059  029107_9_d105hdiag                       files      7 (kept 3, dropped 4) links     2  0.03 MiB
   2706/3059  029107_9_d16hnu                          files      7 (kept 3, dropped 4) links     2  0.04 MiB
   2707/3059  029107_9_h100a                           files      7 (kept 3, dropped 4) links     2  0.04 MiB
   2708/3059  029107_9_h100b                           files      7 (kept 3, dropped 4) links     2  0.04 MiB
   2709/3059  029107_9_h28off                          files      7 (kept 3, dropped 4) links     2  0.04 MiB
   2710/3059  029107_9_h28prod                         files      7 (kept 3, dropped 4) links     2  0.04 MiB
   2711/3059  029107_9_h28wl                           files      7 (kept 3, dropped 4) links     2  0.04 MiB
   2712/3059  900102_0_d101                            files     16 (kept 6, dropped 10) links     0  0.01 MiB
   2713/3059  900102_0_d101b                           files      6 (kept 3, dropped 3) links     4  0.01 MiB
   2714/3059  900102_0_d101brep                        files      6 (kept 3, dropped 3) links     4  0.01 MiB
   2715/3059  900102_0_d101kc                          files      6 (kept 3, dropped 3) links     4  0.01 MiB
   2716/3059  900102_0_d101kf                          files      6 (kept 3, dropped 3) links     4  0.01 MiB
   2717/3059  900102_0_d101koff                        files      6 (kept 3, dropped 3) links     4  0.01 MiB
   2718/3059  900102_0_d101ks                          files      6 (kept 3, dropped 3) links     4  0.01 MiB
   2719/3059  900102_0_d101p0                          files      6 (kept 3, dropped 3) links     4  0.01 MiB
   2720/3059  900102_0_d101p1                          files      6 (kept 3, dropped 3) links     4  0.01 MiB
   2721/3059  900102_0_d101p2                          files      6 (kept 3, dropped 3) links     4  0.01 MiB
   2722/3059  900102_0_d101p3                          files      6 (kept 3, dropped 3) links     4  0.01 MiB
   2723/3059  900102_0_d101pilot                       files     15 (kept 5, dropped 10) links     0  0.01 MiB
   2724/3059  900102_0_d102lcs1                        files      6 (kept 3, dropped 3) links     4  0.01 MiB
   2725/3059  900102_0_d102lcs2                        files      6 (kept 3, dropped 3) links     4  0.01 MiB
   2726/3059  900102_0_d102lcs3                        files      6 (kept 3, dropped 3) links     4  0.01 MiB
   2727/3059  900102_0_d102locs                        files      6 (kept 3, dropped 3) links     4  0.01 MiB
   2728/3059  900102_10_d101                           files     16 (kept 6, dropped 10) links     0  0.01 MiB
   2729/3059  900102_10_d101b                          files      6 (kept 3, dropped 3) links     4  0.01 MiB
   2730/3059  900102_10_d101brep                       files      6 (kept 3, dropped 3) links     4  0.01 MiB
   2731/3059  900102_10_d101kc                         files      6 (kept 3, dropped 3) links     4  0.01 MiB
   2732/3059  900102_10_d101kf                         files      6 (kept 3, dropped 3) links     4  0.01 MiB
   2733/3059  900102_10_d101koff                       files      6 (kept 3, dropped 3) links     4  0.01 MiB
   2734/3059  900102_10_d101ks                         files      6 (kept 3, dropped 3) links     4  0.01 MiB
   2735/3059  900102_10_d102lcs1                       files      6 (kept 3, dropped 3) links     4  0.01 MiB
   2736/3059  900102_10_d102lcs2                       files      6 (kept 3, dropped 3) links     4  0.01 MiB
   2737/3059  900102_10_d102lcs3                       files      6 (kept 3, dropped 3) links     4  0.01 MiB
   2738/3059  900102_10_d102locs                       files      6 (kept 3, dropped 3) links     4  0.01 MiB
   2739/3059  900102_11_d101                           files     16 (kept 6, dropped 10) links     0  0.01 MiB
   2740/3059  900102_11_d101b                          files      6 (kept 3, dropped 3) links     4  0.01 MiB
   2741/3059  900102_11_d101brep                       files      6 (kept 3, dropped 3) links     4  0.01 MiB
   2742/3059  900102_11_d101kc                         files      6 (kept 3, dropped 3) links     4  0.01 MiB
   2743/3059  900102_11_d101kf                         files      6 (kept 3, dropped 3) links     4  0.01 MiB
   2744/3059  900102_11_d101koff                       files      6 (kept 3, dropped 3) links     4  0.01 MiB
   2745/3059  900102_11_d101ks                         files      6 (kept 3, dropped 3) links     4  0.01 MiB
   2746/3059  900102_11_d102lcs1                       files      6 (kept 3, dropped 3) links     4  0.01 MiB
   2747/3059  900102_11_d102lcs2                       files      6 (kept 3, dropped 3) links     4  0.01 MiB
   2748/3059  900102_11_d102lcs3                       files      6 (kept 3, dropped 3) links     4  0.01 MiB
   2749/3059  900102_11_d102locs                       files      6 (kept 3, dropped 3) links     4  0.01 MiB
   2750/3059  900102_12_d101                           files     16 (kept 6, dropped 10) links     0  0.01 MiB
   2751/3059  900102_12_d101b                          files      6 (kept 3, dropped 3) links     4  0.01 MiB
   2752/3059  900102_12_d101brep                       files      6 (kept 3, dropped 3) links     4  0.01 MiB
   2753/3059  900102_12_d101kc                         files      6 (kept 3, dropped 3) links     4  0.01 MiB
   2754/3059  900102_12_d101kf                         files      6 (kept 3, dropped 3) links     4  0.01 MiB
   2755/3059  900102_12_d101koff                       files      6 (kept 3, dropped 3) links     4  0.01 MiB
   2756/3059  900102_12_d101ks                         files      6 (kept 3, dropped 3) links     4  0.01 MiB
   2757/3059  900102_12_d102lcs1                       files      6 (kept 3, dropped 3) links     4  0.01 MiB
   2758/3059  900102_12_d102lcs2                       files      6 (kept 3, dropped 3) links     4  0.01 MiB
   2759/3059  900102_12_d102lcs3                       files      6 (kept 3, dropped 3) links     4  0.01 MiB
   2760/3059  900102_12_d102locs                       files      6 (kept 3, dropped 3) links     4  0.01 MiB
   2761/3059  900102_13_d101                           files     16 (kept 6, dropped 10) links     0  0.01 MiB
   2762/3059  900102_13_d101b                          files      6 (kept 3, dropped 3) links     4  0.01 MiB
   2763/3059  900102_13_d101brep                       files      6 (kept 3, dropped 3) links     4  0.01 MiB
   2764/3059  900102_13_d101kc                         files      6 (kept 3, dropped 3) links     4  0.01 MiB
   2765/3059  900102_13_d101kf                         files      6 (kept 3, dropped 3) links     4  0.01 MiB
   2766/3059  900102_13_d101koff                       files      6 (kept 3, dropped 3) links     4  0.01 MiB
   2767/3059  900102_13_d101ks                         files      6 (kept 3, dropped 3) links     4  0.01 MiB
   2768/3059  900102_13_d102lcs1                       files      6 (kept 3, dropped 3) links     4  0.01 MiB
   2769/3059  900102_13_d102lcs2                       files      6 (kept 3, dropped 3) links     4  0.01 MiB
   2770/3059  900102_13_d102lcs3                       files      6 (kept 3, dropped 3) links     4  0.01 MiB
   2771/3059  900102_13_d102locs                       files      6 (kept 3, dropped 3) links     4  0.01 MiB
   2772/3059  900102_14_d101                           files     16 (kept 6, dropped 10) links     0  0.01 MiB
   2773/3059  900102_14_d101b                          files      6 (kept 3, dropped 3) links     4  0.01 MiB
   2774/3059  900102_14_d101brep                       files      6 (kept 3, dropped 3) links     4  0.01 MiB
   2775/3059  900102_14_d101kc                         files      6 (kept 3, dropped 3) links     4  0.01 MiB
   2776/3059  900102_14_d101kf                         files      6 (kept 3, dropped 3) links     4  0.01 MiB
   2777/3059  900102_14_d101koff                       files      6 (kept 3, dropped 3) links     4  0.01 MiB
   2778/3059  900102_14_d101ks                         files      6 (kept 3, dropped 3) links     4  0.01 MiB
   2779/3059  900102_14_d102lcs1                       files      6 (kept 3, dropped 3) links     4  0.01 MiB
   2780/3059  900102_14_d102lcs2                       files      6 (kept 3, dropped 3) links     4  0.01 MiB
   2781/3059  900102_14_d102lcs3                       files      6 (kept 3, dropped 3) links     4  0.01 MiB
   2782/3059  900102_14_d102locs                       files      6 (kept 3, dropped 3) links     4  0.01 MiB
   2783/3059  900102_15_d101                           files     16 (kept 6, dropped 10) links     0  0.01 MiB
   2784/3059  900102_15_d101b                          files      6 (kept 3, dropped 3) links     4  0.01 MiB
   2785/3059  900102_15_d101brep                       files      6 (kept 3, dropped 3) links     4  0.01 MiB
   2786/3059  900102_15_d101kc                         files      6 (kept 3, dropped 3) links     4  0.01 MiB
   2787/3059  900102_15_d101kf                         files      6 (kept 3, dropped 3) links     4  0.01 MiB
   2788/3059  900102_15_d101koff                       files      6 (kept 3, dropped 3) links     4  0.01 MiB
   2789/3059  900102_15_d101ks                         files      6 (kept 3, dropped 3) links     4  0.01 MiB
   2790/3059  900102_15_d101pilot                      files     15 (kept 5, dropped 10) links     0  0.01 MiB
   2791/3059  900102_15_d102lcs1                       files      6 (kept 3, dropped 3) links     4  0.01 MiB
   2792/3059  900102_15_d102lcs2                       files      6 (kept 3, dropped 3) links     4  0.01 MiB
   2793/3059  900102_15_d102lcs3                       files      6 (kept 3, dropped 3) links     4  0.01 MiB
   2794/3059  900102_15_d102locs                       files      6 (kept 3, dropped 3) links     4  0.01 MiB
   2795/3059  900102_16_d101                           files     16 (kept 6, dropped 10) links     0  0.01 MiB
   2796/3059  900102_16_d101b                          files      6 (kept 3, dropped 3) links     4  0.01 MiB
   2797/3059  900102_16_d101brep                       files      6 (kept 3, dropped 3) links     4  0.01 MiB
   2798/3059  900102_16_d101kc                         files      6 (kept 3, dropped 3) links     4  0.01 MiB
   2799/3059  900102_16_d101kf                         files      6 (kept 3, dropped 3) links     4  0.01 MiB
   2800/3059  900102_16_d101koff                       files      6 (kept 3, dropped 3) links     4  0.01 MiB
   2801/3059  900102_16_d101ks                         files      6 (kept 3, dropped 3) links     4  0.01 MiB
   2802/3059  900102_16_d102lcs1                       files      6 (kept 3, dropped 3) links     4  0.01 MiB
   2803/3059  900102_16_d102lcs2                       files      6 (kept 3, dropped 3) links     4  0.01 MiB
   2804/3059  900102_16_d102lcs3                       files      6 (kept 3, dropped 3) links     4  0.01 MiB
   2805/3059  900102_16_d102locs                       files      6 (kept 3, dropped 3) links     4  0.01 MiB
   2806/3059  900102_17_d101                           files     16 (kept 6, dropped 10) links     0  0.01 MiB
   2807/3059  900102_17_d101b                          files      6 (kept 3, dropped 3) links     4  0.01 MiB
   2808/3059  900102_17_d101brep                       files      6 (kept 3, dropped 3) links     4  0.01 MiB
   2809/3059  900102_17_d101kc                         files      6 (kept 3, dropped 3) links     4  0.01 MiB
   2810/3059  900102_17_d101kf                         files      6 (kept 3, dropped 3) links     4  0.01 MiB
   2811/3059  900102_17_d101koff                       files      6 (kept 3, dropped 3) links     4  0.01 MiB
   2812/3059  900102_17_d101ks                         files      6 (kept 3, dropped 3) links     4  0.01 MiB
   2813/3059  900102_17_d102lcs1                       files      6 (kept 3, dropped 3) links     4  0.01 MiB
   2814/3059  900102_17_d102lcs2                       files      6 (kept 3, dropped 3) links     4  0.01 MiB
   2815/3059  900102_17_d102lcs3                       files      6 (kept 3, dropped 3) links     4  0.01 MiB
   2816/3059  900102_17_d102locs                       files      6 (kept 3, dropped 3) links     4  0.01 MiB
   2817/3059  900102_1_d101                            files     16 (kept 6, dropped 10) links     0  0.01 MiB
   2818/3059  900102_1_d101b                           files      6 (kept 3, dropped 3) links     4  0.01 MiB
   2819/3059  900102_1_d101brep                        files      6 (kept 3, dropped 3) links     4  0.01 MiB
   2820/3059  900102_1_d101kc                          files      6 (kept 3, dropped 3) links     4  0.01 MiB
   2821/3059  900102_1_d101kf                          files      6 (kept 3, dropped 3) links     4  0.01 MiB
   2822/3059  900102_1_d101koff                        files      6 (kept 3, dropped 3) links     4  0.01 MiB
   2823/3059  900102_1_d101ks                          files      6 (kept 3, dropped 3) links     4  0.01 MiB
   2824/3059  900102_1_d102lcs1                        files      6 (kept 3, dropped 3) links     4  0.01 MiB
   2825/3059  900102_1_d102lcs2                        files      6 (kept 3, dropped 3) links     4  0.01 MiB
   2826/3059  900102_1_d102lcs3                        files      6 (kept 3, dropped 3) links     4  0.01 MiB
   2827/3059  900102_1_d102locs                        files      6 (kept 3, dropped 3) links     4  0.01 MiB
   2828/3059  900102_2_d101                            files     16 (kept 6, dropped 10) links     0  0.01 MiB
   2829/3059  900102_2_d101b                           files      6 (kept 3, dropped 3) links     4  0.01 MiB
   2830/3059  900102_2_d101brep                        files      6 (kept 3, dropped 3) links     4  0.01 MiB
   2831/3059  900102_2_d101kc                          files      6 (kept 3, dropped 3) links     4  0.01 MiB
   2832/3059  900102_2_d101kf                          files      6 (kept 3, dropped 3) links     4  0.01 MiB
   2833/3059  900102_2_d101koff                        files      6 (kept 3, dropped 3) links     4  0.01 MiB
   2834/3059  900102_2_d101ks                          files      6 (kept 3, dropped 3) links     4  0.01 MiB
   2835/3059  900102_2_d102lcs1                        files      6 (kept 3, dropped 3) links     4  0.01 MiB
   2836/3059  900102_2_d102lcs2                        files      6 (kept 3, dropped 3) links     4  0.01 MiB
   2837/3059  900102_2_d102lcs3                        files      6 (kept 3, dropped 3) links     4  0.01 MiB
   2838/3059  900102_2_d102locs                        files      6 (kept 3, dropped 3) links     4  0.01 MiB
   2839/3059  900102_3_d101                            files     16 (kept 6, dropped 10) links     0  0.01 MiB
   2840/3059  900102_3_d101b                           files      6 (kept 3, dropped 3) links     4  0.01 MiB
   2841/3059  900102_3_d101brep                        files      6 (kept 3, dropped 3) links     4  0.01 MiB
   2842/3059  900102_3_d101kc                          files      6 (kept 3, dropped 3) links     4  0.01 MiB
   2843/3059  900102_3_d101kf                          files      6 (kept 3, dropped 3) links     4  0.01 MiB
   2844/3059  900102_3_d101koff                        files      6 (kept 3, dropped 3) links     4  0.01 MiB
   2845/3059  900102_3_d101ks                          files      6 (kept 3, dropped 3) links     4  0.01 MiB
   2846/3059  900102_3_d102lcs1                        files      6 (kept 3, dropped 3) links     4  0.01 MiB
   2847/3059  900102_3_d102lcs2                        files      6 (kept 3, dropped 3) links     4  0.01 MiB
   2848/3059  900102_3_d102lcs3                        files      6 (kept 3, dropped 3) links     4  0.01 MiB
   2849/3059  900102_3_d102locs                        files      6 (kept 3, dropped 3) links     4  0.01 MiB
   2850/3059  900102_4_d101                            files     16 (kept 6, dropped 10) links     0  0.01 MiB
   2851/3059  900102_4_d101b                           files      6 (kept 3, dropped 3) links     4  0.01 MiB
   2852/3059  900102_4_d101brep                        files      6 (kept 3, dropped 3) links     4  0.01 MiB
   2853/3059  900102_4_d101kc                          files      6 (kept 3, dropped 3) links     4  0.01 MiB
   2854/3059  900102_4_d101kf                          files      6 (kept 3, dropped 3) links     4  0.01 MiB
   2855/3059  900102_4_d101koff                        files      6 (kept 3, dropped 3) links     4  0.01 MiB
   2856/3059  900102_4_d101ks                          files      6 (kept 3, dropped 3) links     4  0.01 MiB
   2857/3059  900102_4_d102lcs1                        files      6 (kept 3, dropped 3) links     4  0.01 MiB
   2858/3059  900102_4_d102lcs2                        files      6 (kept 3, dropped 3) links     4  0.01 MiB
   2859/3059  900102_4_d102lcs3                        files      6 (kept 3, dropped 3) links     4  0.01 MiB
   2860/3059  900102_4_d102locs                        files      6 (kept 3, dropped 3) links     4  0.01 MiB
   2861/3059  900102_5_d101                            files     16 (kept 6, dropped 10) links     0  0.01 MiB
   2862/3059  900102_5_d101b                           files      6 (kept 3, dropped 3) links     4  0.01 MiB
   2863/3059  900102_5_d101brep                        files      6 (kept 3, dropped 3) links     4  0.01 MiB
   2864/3059  900102_5_d101kc                          files      6 (kept 3, dropped 3) links     4  0.01 MiB
   2865/3059  900102_5_d101kf                          files      6 (kept 3, dropped 3) links     4  0.01 MiB
   2866/3059  900102_5_d101koff                        files      6 (kept 3, dropped 3) links     4  0.01 MiB
   2867/3059  900102_5_d101ks                          files      6 (kept 3, dropped 3) links     4  0.01 MiB
   2868/3059  900102_5_d102lcs1                        files      6 (kept 3, dropped 3) links     4  0.01 MiB
   2869/3059  900102_5_d102lcs2                        files      6 (kept 3, dropped 3) links     4  0.01 MiB
   2870/3059  900102_5_d102lcs3                        files      6 (kept 3, dropped 3) links     4  0.01 MiB
   2871/3059  900102_5_d102locs                        files      6 (kept 3, dropped 3) links     4  0.01 MiB
   2872/3059  900102_6_d101                            files     16 (kept 6, dropped 10) links     0  0.01 MiB
   2873/3059  900102_6_d101b                           files      6 (kept 3, dropped 3) links     4  0.01 MiB
   2874/3059  900102_6_d101brep                        files      6 (kept 3, dropped 3) links     4  0.01 MiB
   2875/3059  900102_6_d101kc                          files      6 (kept 3, dropped 3) links     4  0.01 MiB
   2876/3059  900102_6_d101kf                          files      6 (kept 3, dropped 3) links     4  0.01 MiB
   2877/3059  900102_6_d101koff                        files      6 (kept 3, dropped 3) links     4  0.01 MiB
   2878/3059  900102_6_d101ks                          files      6 (kept 3, dropped 3) links     4  0.01 MiB
   2879/3059  900102_6_d102lcs1                        files      6 (kept 3, dropped 3) links     4  0.01 MiB
   2880/3059  900102_6_d102lcs2                        files      6 (kept 3, dropped 3) links     4  0.01 MiB
   2881/3059  900102_6_d102lcs3                        files      6 (kept 3, dropped 3) links     4  0.01 MiB
   2882/3059  900102_6_d102locs                        files      6 (kept 3, dropped 3) links     4  0.01 MiB
   2883/3059  900102_7_d101                            files     16 (kept 6, dropped 10) links     0  0.01 MiB
   2884/3059  900102_7_d101b                           files      6 (kept 3, dropped 3) links     4  0.01 MiB
   2885/3059  900102_7_d101brep                        files      6 (kept 3, dropped 3) links     4  0.01 MiB
   2886/3059  900102_7_d101kc                          files      6 (kept 3, dropped 3) links     4  0.01 MiB
   2887/3059  900102_7_d101kf                          files      6 (kept 3, dropped 3) links     4  0.01 MiB
   2888/3059  900102_7_d101koff                        files      6 (kept 3, dropped 3) links     4  0.01 MiB
   2889/3059  900102_7_d101ks                          files      6 (kept 3, dropped 3) links     4  0.01 MiB
   2890/3059  900102_7_d102lcs1                        files      6 (kept 3, dropped 3) links     4  0.01 MiB
   2891/3059  900102_7_d102lcs2                        files      6 (kept 3, dropped 3) links     4  0.01 MiB
   2892/3059  900102_7_d102lcs3                        files      6 (kept 3, dropped 3) links     4  0.01 MiB
   2893/3059  900102_7_d102locs                        files      6 (kept 3, dropped 3) links     4  0.01 MiB
   2894/3059  900102_8_d101                            files     16 (kept 6, dropped 10) links     0  0.01 MiB
   2895/3059  900102_8_d101b                           files      6 (kept 3, dropped 3) links     4  0.01 MiB
   2896/3059  900102_8_d101brep                        files      6 (kept 3, dropped 3) links     4  0.01 MiB
   2897/3059  900102_8_d101kc                          files      6 (kept 3, dropped 3) links     4  0.01 MiB
   2898/3059  900102_8_d101kf                          files      6 (kept 3, dropped 3) links     4  0.01 MiB
   2899/3059  900102_8_d101koff                        files      6 (kept 3, dropped 3) links     4  0.01 MiB
   2900/3059  900102_8_d101ks                          files      6 (kept 3, dropped 3) links     4  0.01 MiB
   2901/3059  900102_8_d102lcs1                        files      6 (kept 3, dropped 3) links     4  0.01 MiB
   2902/3059  900102_8_d102lcs2                        files      6 (kept 3, dropped 3) links     4  0.01 MiB
   2903/3059  900102_8_d102lcs3                        files      6 (kept 3, dropped 3) links     4  0.01 MiB
   2904/3059  900102_8_d102locs                        files      6 (kept 3, dropped 3) links     4  0.01 MiB
   2905/3059  900102_9_d101                            files     16 (kept 6, dropped 10) links     0  0.01 MiB
   2906/3059  900102_9_d101b                           files      6 (kept 3, dropped 3) links     4  0.01 MiB
   2907/3059  900102_9_d101brep                        files      6 (kept 3, dropped 3) links     4  0.01 MiB
   2908/3059  900102_9_d101kc                          files      6 (kept 3, dropped 3) links     4  0.01 MiB
   2909/3059  900102_9_d101kf                          files      6 (kept 3, dropped 3) links     4  0.01 MiB
   2910/3059  900102_9_d101koff                        files      6 (kept 3, dropped 3) links     4  0.01 MiB
   2911/3059  900102_9_d101ks                          files      6 (kept 3, dropped 3) links     4  0.01 MiB
   2912/3059  900102_9_d102lcs1                        files      6 (kept 3, dropped 3) links     4  0.01 MiB
   2913/3059  900102_9_d102lcs2                        files      6 (kept 3, dropped 3) links     4  0.01 MiB
   2914/3059  900102_9_d102lcs3                        files      6 (kept 3, dropped 3) links     4  0.01 MiB
   2915/3059  900102_9_d102locs                        files      6 (kept 3, dropped 3) links     4  0.01 MiB
   2916/3059  900104_0_d102                            files     16 (kept 6, dropped 10) links     0  0.01 MiB
   2917/3059  900104_0_d102b                           files      6 (kept 3, dropped 3) links     4  0.01 MiB
   2918/3059  900104_0_d102brep                        files      6 (kept 3, dropped 3) links     4  0.01 MiB
   2919/3059  900104_0_d102cs1                         files      6 (kept 3, dropped 3) links     4  0.01 MiB
   2920/3059  900104_0_d102cs2                         files      6 (kept 3, dropped 3) links     4  0.01 MiB
   2921/3059  900104_0_d102cs3                         files      6 (kept 3, dropped 3) links     4  0.01 MiB
   2922/3059  900104_0_d102o                           files      6 (kept 3, dropped 3) links     4  0.01 MiB
   2923/3059  900104_0_d102ocs                         files      6 (kept 3, dropped 3) links     4  0.01 MiB
   2924/3059  900104_10_d102                           files     16 (kept 6, dropped 10) links     0  0.01 MiB
   2925/3059  900104_10_d102b                          files      6 (kept 3, dropped 3) links     4  0.01 MiB
   2926/3059  900104_10_d102brep                       files      6 (kept 3, dropped 3) links     4  0.01 MiB
   2927/3059  900104_10_d102cs1                        files      6 (kept 3, dropped 3) links     4  0.01 MiB
   2928/3059  900104_10_d102cs2                        files      6 (kept 3, dropped 3) links     4  0.01 MiB
   2929/3059  900104_10_d102cs3                        files      6 (kept 3, dropped 3) links     4  0.01 MiB
   2930/3059  900104_10_d102o                          files      6 (kept 3, dropped 3) links     4  0.01 MiB
   2931/3059  900104_10_d102ocs                        files      6 (kept 3, dropped 3) links     4  0.01 MiB
   2932/3059  900104_11_d102                           files     16 (kept 6, dropped 10) links     0  0.01 MiB
   2933/3059  900104_11_d102b                          files      6 (kept 3, dropped 3) links     4  0.01 MiB
   2934/3059  900104_11_d102brep                       files      6 (kept 3, dropped 3) links     4  0.01 MiB
   2935/3059  900104_11_d102cs1                        files      6 (kept 3, dropped 3) links     4  0.01 MiB
   2936/3059  900104_11_d102cs2                        files      6 (kept 3, dropped 3) links     4  0.01 MiB
   2937/3059  900104_11_d102cs3                        files      6 (kept 3, dropped 3) links     4  0.01 MiB
   2938/3059  900104_11_d102o                          files      6 (kept 3, dropped 3) links     4  0.01 MiB
   2939/3059  900104_11_d102ocs                        files      6 (kept 3, dropped 3) links     4  0.01 MiB
   2940/3059  900104_12_d102                           files     16 (kept 6, dropped 10) links     0  0.01 MiB
   2941/3059  900104_12_d102b                          files      6 (kept 3, dropped 3) links     4  0.01 MiB
   2942/3059  900104_12_d102brep                       files      6 (kept 3, dropped 3) links     4  0.01 MiB
   2943/3059  900104_12_d102cs1                        files      6 (kept 3, dropped 3) links     4  0.01 MiB
   2944/3059  900104_12_d102cs2                        files      6 (kept 3, dropped 3) links     4  0.01 MiB
   2945/3059  900104_12_d102cs3                        files      6 (kept 3, dropped 3) links     4  0.01 MiB
   2946/3059  900104_12_d102o                          files      6 (kept 3, dropped 3) links     4  0.01 MiB
   2947/3059  900104_12_d102ocs                        files      6 (kept 3, dropped 3) links     4  0.01 MiB
   2948/3059  900104_13_d102                           files     16 (kept 6, dropped 10) links     0  0.01 MiB
   2949/3059  900104_13_d102b                          files      6 (kept 3, dropped 3) links     4  0.01 MiB
   2950/3059  900104_13_d102brep                       files      6 (kept 3, dropped 3) links     4  0.01 MiB
   2951/3059  900104_13_d102cs1                        files      6 (kept 3, dropped 3) links     4  0.01 MiB
   2952/3059  900104_13_d102cs2                        files      6 (kept 3, dropped 3) links     4  0.01 MiB
   2953/3059  900104_13_d102cs3                        files      6 (kept 3, dropped 3) links     4  0.01 MiB
   2954/3059  900104_13_d102o                          files      6 (kept 3, dropped 3) links     4  0.01 MiB
   2955/3059  900104_13_d102ocs                        files      6 (kept 3, dropped 3) links     4  0.01 MiB
   2956/3059  900104_14_d102                           files     16 (kept 6, dropped 10) links     0  0.01 MiB
   2957/3059  900104_14_d102b                          files      6 (kept 3, dropped 3) links     4  0.01 MiB
   2958/3059  900104_14_d102brep                       files      6 (kept 3, dropped 3) links     4  0.01 MiB
   2959/3059  900104_14_d102cs1                        files      6 (kept 3, dropped 3) links     4  0.01 MiB
   2960/3059  900104_14_d102cs2                        files      6 (kept 3, dropped 3) links     4  0.01 MiB
   2961/3059  900104_14_d102cs3                        files      6 (kept 3, dropped 3) links     4  0.01 MiB
   2962/3059  900104_14_d102o                          files      6 (kept 3, dropped 3) links     4  0.01 MiB
   2963/3059  900104_14_d102ocs                        files      6 (kept 3, dropped 3) links     4  0.01 MiB
   2964/3059  900104_15_d102                           files     16 (kept 6, dropped 10) links     0  0.01 MiB
   2965/3059  900104_15_d102b                          files      6 (kept 3, dropped 3) links     4  0.01 MiB
   2966/3059  900104_15_d102brep                       files      6 (kept 3, dropped 3) links     4  0.01 MiB
   2967/3059  900104_15_d102cs1                        files      6 (kept 3, dropped 3) links     4  0.01 MiB
   2968/3059  900104_15_d102cs2                        files      6 (kept 3, dropped 3) links     4  0.01 MiB
   2969/3059  900104_15_d102cs3                        files      6 (kept 3, dropped 3) links     4  0.01 MiB
   2970/3059  900104_15_d102o                          files      6 (kept 3, dropped 3) links     4  0.01 MiB
   2971/3059  900104_15_d102ocs                        files      6 (kept 3, dropped 3) links     4  0.01 MiB
   2972/3059  900104_16_d102                           files     16 (kept 6, dropped 10) links     0  0.01 MiB
   2973/3059  900104_16_d102b                          files      6 (kept 3, dropped 3) links     4  0.01 MiB
   2974/3059  900104_16_d102brep                       files      6 (kept 3, dropped 3) links     4  0.01 MiB
   2975/3059  900104_16_d102cs1                        files      6 (kept 3, dropped 3) links     4  0.01 MiB
   2976/3059  900104_16_d102cs2                        files      6 (kept 3, dropped 3) links     4  0.01 MiB
   2977/3059  900104_16_d102cs3                        files      6 (kept 3, dropped 3) links     4  0.01 MiB
   2978/3059  900104_16_d102o                          files      6 (kept 3, dropped 3) links     4  0.01 MiB
   2979/3059  900104_16_d102ocs                        files      6 (kept 3, dropped 3) links     4  0.01 MiB
   2980/3059  900104_17_d102                           files     16 (kept 6, dropped 10) links     0  0.01 MiB
   2981/3059  900104_17_d102b                          files      6 (kept 3, dropped 3) links     4  0.01 MiB
   2982/3059  900104_17_d102brep                       files      6 (kept 3, dropped 3) links     4  0.01 MiB
   2983/3059  900104_17_d102cs1                        files      6 (kept 3, dropped 3) links     4  0.01 MiB
   2984/3059  900104_17_d102cs2                        files      6 (kept 3, dropped 3) links     4  0.01 MiB
   2985/3059  900104_17_d102cs3                        files      6 (kept 3, dropped 3) links     4  0.01 MiB
   2986/3059  900104_17_d102o                          files      6 (kept 3, dropped 3) links     4  0.01 MiB
   2987/3059  900104_17_d102ocs                        files      6 (kept 3, dropped 3) links     4  0.01 MiB
   2988/3059  900104_1_d102                            files     16 (kept 6, dropped 10) links     0  0.01 MiB
   2989/3059  900104_1_d102b                           files      6 (kept 3, dropped 3) links     4  0.01 MiB
   2990/3059  900104_1_d102brep                        files      6 (kept 3, dropped 3) links     4  0.01 MiB
   2991/3059  900104_1_d102cs1                         files      6 (kept 3, dropped 3) links     4  0.01 MiB
   2992/3059  900104_1_d102cs2                         files      6 (kept 3, dropped 3) links     4  0.01 MiB
   2993/3059  900104_1_d102cs3                         files      6 (kept 3, dropped 3) links     4  0.01 MiB
   2994/3059  900104_1_d102o                           files      6 (kept 3, dropped 3) links     4  0.01 MiB
   2995/3059  900104_1_d102ocs                         files      6 (kept 3, dropped 3) links     4  0.01 MiB
   2996/3059  900104_2_d102                            files     16 (kept 6, dropped 10) links     0  0.01 MiB
   2997/3059  900104_2_d102b                           files      6 (kept 3, dropped 3) links     4  0.01 MiB
   2998/3059  900104_2_d102brep                        files      6 (kept 3, dropped 3) links     4  0.01 MiB
   2999/3059  900104_2_d102cs1                         files      6 (kept 3, dropped 3) links     4  0.01 MiB
   3000/3059  900104_2_d102cs2                         files      6 (kept 3, dropped 3) links     4  0.01 MiB
   3001/3059  900104_2_d102cs3                         files      6 (kept 3, dropped 3) links     4  0.01 MiB
   3002/3059  900104_2_d102o                           files      6 (kept 3, dropped 3) links     4  0.01 MiB
   3003/3059  900104_2_d102ocs                         files      6 (kept 3, dropped 3) links     4  0.01 MiB
   3004/3059  900104_3_d102                            files     16 (kept 6, dropped 10) links     0  0.01 MiB
   3005/3059  900104_3_d102b                           files      6 (kept 3, dropped 3) links     4  0.01 MiB
   3006/3059  900104_3_d102brep                        files      6 (kept 3, dropped 3) links     4  0.01 MiB
   3007/3059  900104_3_d102cs1                         files      6 (kept 3, dropped 3) links     4  0.01 MiB
   3008/3059  900104_3_d102cs2                         files      6 (kept 3, dropped 3) links     4  0.01 MiB
   3009/3059  900104_3_d102cs3                         files      6 (kept 3, dropped 3) links     4  0.01 MiB
   3010/3059  900104_3_d102o                           files      6 (kept 3, dropped 3) links     4  0.01 MiB
   3011/3059  900104_3_d102ocs                         files      6 (kept 3, dropped 3) links     4  0.01 MiB
   3012/3059  900104_4_d102                            files     16 (kept 6, dropped 10) links     0  0.01 MiB
   3013/3059  900104_4_d102b                           files      6 (kept 3, dropped 3) links     4  0.01 MiB
   3014/3059  900104_4_d102brep                        files      6 (kept 3, dropped 3) links     4  0.01 MiB
   3015/3059  900104_4_d102cs1                         files      6 (kept 3, dropped 3) links     4  0.01 MiB
   3016/3059  900104_4_d102cs2                         files      6 (kept 3, dropped 3) links     4  0.01 MiB
   3017/3059  900104_4_d102cs3                         files      6 (kept 3, dropped 3) links     4  0.01 MiB
   3018/3059  900104_4_d102o                           files      6 (kept 3, dropped 3) links     4  0.01 MiB
   3019/3059  900104_4_d102ocs                         files      6 (kept 3, dropped 3) links     4  0.01 MiB
   3020/3059  900104_5_d102                            files     16 (kept 6, dropped 10) links     0  0.01 MiB
   3021/3059  900104_5_d102b                           files      6 (kept 3, dropped 3) links     4  0.01 MiB
   3022/3059  900104_5_d102brep                        files      6 (kept 3, dropped 3) links     4  0.01 MiB
   3023/3059  900104_5_d102cs1                         files      6 (kept 3, dropped 3) links     4  0.01 MiB
   3024/3059  900104_5_d102cs2                         files      6 (kept 3, dropped 3) links     4  0.01 MiB
   3025/3059  900104_5_d102cs3                         files      6 (kept 3, dropped 3) links     4  0.01 MiB
   3026/3059  900104_5_d102o                           files      6 (kept 3, dropped 3) links     4  0.01 MiB
   3027/3059  900104_5_d102ocs                         files      6 (kept 3, dropped 3) links     4  0.01 MiB
   3028/3059  900104_6_d102                            files     16 (kept 6, dropped 10) links     0  0.01 MiB
   3029/3059  900104_6_d102b                           files      6 (kept 3, dropped 3) links     4  0.01 MiB
   3030/3059  900104_6_d102brep                        files      6 (kept 3, dropped 3) links     4  0.01 MiB
   3031/3059  900104_6_d102cs1                         files      6 (kept 3, dropped 3) links     4  0.01 MiB
   3032/3059  900104_6_d102cs2                         files      6 (kept 3, dropped 3) links     4  0.01 MiB
   3033/3059  900104_6_d102cs3                         files      6 (kept 3, dropped 3) links     4  0.01 MiB
   3034/3059  900104_6_d102o                           files      6 (kept 3, dropped 3) links     4  0.01 MiB
   3035/3059  900104_6_d102ocs                         files      6 (kept 3, dropped 3) links     4  0.01 MiB
   3036/3059  900104_7_d102                            files     16 (kept 6, dropped 10) links     0  0.01 MiB
   3037/3059  900104_7_d102b                           files      6 (kept 3, dropped 3) links     4  0.01 MiB
   3038/3059  900104_7_d102brep                        files      6 (kept 3, dropped 3) links     4  0.01 MiB
   3039/3059  900104_7_d102cs1                         files      6 (kept 3, dropped 3) links     4  0.01 MiB
   3040/3059  900104_7_d102cs2                         files      6 (kept 3, dropped 3) links     4  0.01 MiB
   3041/3059  900104_7_d102cs3                         files      6 (kept 3, dropped 3) links     4  0.01 MiB
   3042/3059  900104_7_d102o                           files      6 (kept 3, dropped 3) links     4  0.01 MiB
   3043/3059  900104_7_d102ocs                         files      6 (kept 3, dropped 3) links     4  0.01 MiB
   3044/3059  900104_8_d102                            files     16 (kept 6, dropped 10) links     0  0.01 MiB
   3045/3059  900104_8_d102b                           files      6 (kept 3, dropped 3) links     4  0.01 MiB
   3046/3059  900104_8_d102brep                        files      6 (kept 3, dropped 3) links     4  0.01 MiB
   3047/3059  900104_8_d102cs1                         files      6 (kept 3, dropped 3) links     4  0.01 MiB
   3048/3059  900104_8_d102cs2                         files      6 (kept 3, dropped 3) links     4  0.01 MiB
   3049/3059  900104_8_d102cs3                         files      6 (kept 3, dropped 3) links     4  0.01 MiB
   3050/3059  900104_8_d102o                           files      6 (kept 3, dropped 3) links     4  0.01 MiB
   3051/3059  900104_8_d102ocs                         files      6 (kept 3, dropped 3) links     4  0.01 MiB
   3052/3059  900104_9_d102                            files     16 (kept 6, dropped 10) links     0  0.01 MiB
   3053/3059  900104_9_d102b                           files      6 (kept 3, dropped 3) links     4  0.01 MiB
   3054/3059  900104_9_d102brep                        files      6 (kept 3, dropped 3) links     4  0.01 MiB
   3055/3059  900104_9_d102cs1                         files      6 (kept 3, dropped 3) links     4  0.01 MiB
   3056/3059  900104_9_d102cs2                         files      6 (kept 3, dropped 3) links     4  0.01 MiB
   3057/3059  900104_9_d102cs3                         files      6 (kept 3, dropped 3) links     4  0.01 MiB
   3058/3059  900104_9_d102o                           files      6 (kept 3, dropped 3) links     4  0.01 MiB
   3059/3059  900104_9_d102ocs                         files      6 (kept 3, dropped 3) links     4  0.01 MiB

archived 3059/3059 arms into /home/xqian/toolkit-dev/wcp-porting-img/sbnd/sbnd_xin/archive/records/cleanup-20260916
integrity: every released dir has a .manifest.tsv with a SHA-256 per file, a .links.txt, and a .tar.zst of the non-heavy record layer.
ARCHIVE_DONE rc=0
