det	event	cluster	pass	row_a	row_b	nrows	length_cm	chord_cm	mx	my	mz	max_d_img	max_d_ridge	max_noff	class	chain	cov_own	cov_other	cov_any	dead_share	crawl_share	bridge_share	sbt_share	fit_share	seed_vertices	open_ended	seed_route_cm	onimage_route_cm	onimage_cost_ratio
pdhd	028084_0	28	0	662	663	2	1.41	2.02	-243.7	133.9	153.8	0.29	1.09	1	FIT	1	1.00	0.00	1.00	0.00	0.00	0.00	0.00	1.00	3live:i/3live:t/3live:i/3live:t	0			
pdhd	028084_0	28	0	807	810	4	2.45	2.94	-173.3	86.3	128.7	1.23	1.31	1	FIT	1	1.00	0.00	1.00	0.00	0.00	0.00	0.00	1.00	3live:t/3live:i/3live:t/3live:t	0			
pdhd	028084_0	91	0	3802	3816	15	9.49	9.75	6.1	21.9	428.4	2.11	2.16	3	D-blank-term	1	0.58	0.00	0.58	0.00	0.00	0.00	0.00	0.00	1blank:i/1blank:t/1blank:i/1blank:i/1blank:i/1blank:i/1blank:i/1blank:i/1blank:i/1blank:i/1blank:i/3live:i/1blank:t	0	12.08		
pdhd	028084_1	33	0	405	756	352	219.27	210.93	-56.9	486.9	317.3	63.36	0.78	3	GAP-live	0	0.00	0.00	0.00	0.00	0.52	0.00	0.00	0.00	1dead:t/1dead:i/1dead:i/1dead:t	0			
pdhd	028084_1	33	0	765	812	48	29.62	28.32	-55.9	388.0	388.3	14.52	3.14	3	GAP-live	0	0.05	0.00	0.05	0.33	1.00	0.00	0.00	0.00	1dead:t/1dead:i/1dead:i	0			
pdhd	028084_1	33	0	818	843	26	15.86	14.81	-55.8	368.9	401.7	7.02	1.17	3	GAP-live	0	0.27	0.00	0.27	0.38	1.00	0.00	0.15	0.15	1dead:i/1dead:i/1dead:t	0			
pdhd	028084_1	33	0	850	912	63	41.14	39.94	-55.9	344.6	419.3	20.45	3.02	3	GAP-live	0	0.04	0.00	0.04	0.40	0.37	0.00	1.00	0.00	1dead:i/1dead:t/1dead:i	0			
pdhd	028084_1	33	0	916	961	46	29.65	28.87	-56.0	315.4	440.4	13.84	3.04	3	GAP-live	0	0.10	0.00	0.10	0.35	0.00	0.00	0.61	0.04	1dead:t/1dead:i/1dead:i	0			
pdhd	028084_1	33	0	963	964	2	0.97	1.48	-56.1	303.1	449.2	0.51	1.41	2	FIT	1	1.00	0.00	1.00	1.00	0.00	0.00	0.00	1.00	1dead:i/1dead:i	0			
pdhd	028084_1	33	0	966	972	7	4.90	5.44	-56.0	300.4	451.1	0.70	1.78	2	FIT	1	1.00	0.00	1.00	1.00	0.00	0.00	0.00	1.00	1dead:i/1dead:i	0			
pdhd	028084_1	38	0	1115	1116	2	1.09	1.58	-177.8	528.9	109.3	1.21	0.75	1	D-blank-term	1	1.00	0.00	1.00	0.00	0.00	0.00	0.00	0.00	1blank:t/1blank:i/1blank:i/1blank:i	0	2.26	3.76	1.526
pdhd	028084_1	39	0	1764	1769	6	3.71	4.12	-40.8	89.6	240.3	2.07	2.53	3	GAP-short	0	0.50	0.00	0.50	0.00	0.00	0.00	0.00	0.00	1blank:i/2blank+:i/1blank:i/2blank+:i/1blank:i/3live:i	0			
pdhd	028084_1	39	0	1791	1810	20	19.99	20.05	-43.6	106.9	232.2	9.10	1.18	3	GAP-live	0	0.05	0.00	0.05	0.00	0.00	0.00	0.00	0.00	3live:t/1blank:i/1blank:i/3live:i	0			
pdhd	028084_1	39	0	1918	1965	48	29.93	29.11	-58.2	179.5	191.2	14.77	3.64	2	GAP-live	0	0.07	0.00	0.07	0.00	0.00	0.10	0.90	0.00	2blank+:i/1blank:t/1blank:i/3live:t	0			
pdhd	028084_1	39	0	1967	1969	3	2.26	1.70	-62.3	192.4	183.4	1.40	1.75	1	D-blank-term	1	1.00	0.00	1.00	0.00	0.00	0.00	0.33	0.00	1blank:t/2blank+:i/1blank:t	0	3.23	2.79	1.096
pdhd	028084_1	50	0	2321	2326	6	4.79	5.30	-35.1	597.5	124.7	2.04	3.62	1	GAP-short	0	0.64	0.00	0.64	0.00	0.00	0.00	0.00	0.00	1blank:t/1blank:i/1blank:i/1blank:i/1blank:i/1blank:i/1blank:i/1blank:i/1blank:t	0			
pdhd	028084_1	50	0	2340	2346	7	4.45	4.14	-45.1	591.1	123.6	1.54	1.43	1	GAP-short	0	1.00	0.00	1.00	0.00	0.00	0.00	0.00	0.00	1blank:i/1blank:i/1blank:i/1blank:i/1blank:i/1blank:i/1blank:i/1blank:i	0			
pdhd	028084_1	50	0	2352	2353	2	1.23	1.81	-49.2	588.0	123.8	2.05	1.51	2	GAP-live	0	0.25	0.00	0.25	0.00	0.00	0.00	0.00	0.00	1blank:i/3live:i	0			
pdhd	028084_1	50	0	2355	2373	19	12.03	12.59	-55.0	584.0	122.4	7.37	3.88	2	GAP-live	0	0.12	0.00	0.12	0.00	0.00	0.05	0.00	0.00	3live:i/1blank:t/1blank:i/1blank:i/3live:i	0			
pdhd	028084_1	51	0	2425	2464	40	83.21	77.94	-84.8	13.4	450.5	16.99	1.47	3	GAP-live	0	0.01	0.01	0.03	0.00	0.00	0.00	0.00	0.03	3live:t/3live:i/3live:i/3live:t	0			
pdhd	028084_1	51	0	2473	2475	3	4.63	5.15	-37.2	11.6	453.0	1.40	1.89	3	GAP-live	0	0.20	0.20	0.40	0.00	0.00	0.00	0.00	0.33	3live:i/3live:e/2blank+:i/2blank+:i/2blank+:i/3live:i	0			
pdhd	028084_1	51	1	2482	2484	3	4.18	4.77	-36.3	11.5	452.9	1.70	1.52	3	GAP-live	0	0.20	0.20	0.40	0.00	0.00	0.00	0.00	0.00	2blank+:i/2blank+:i/2blank+:i/2blank+:i/2blank+:i/3live:i	0			
pdhd	028084_1	51	1	2493	2532	40	92.44	86.97	-83.7	12.9	451.0	11.96	1.86	3	GAP-live	0	0.02	0.01	0.02	0.00	0.00	0.00	0.00	0.03	3live:t/3live:i/3live:i/3live:t	0			
pdhd	028084_1	53	0	2634	2653	20	13.11	13.14	-91.2	63.2	266.1	7.11	3.78	2	GAP-live	0	0.12	0.00	0.12	0.10	0.00	0.35	0.60	0.05	1blank:i/3live:i/3live:t/1blank:i/3live:t	0			
pdhd	028084_1	53	0	2665	2680	16	10.32	10.81	-91.4	75.5	258.6	6.20	3.35	2	GAP-live	0	0.14	0.00	0.14	0.00	0.00	0.12	0.00	0.00	3live:i/3live:i/1blank:i/1blank:i/3live:t	0			
pdhd	028084_1	53	0	2692	2750	59	41.26	37.09	-92.3	67.2	237.4	18.98	3.38	3	GAP-live	0	0.04	0.00	0.04	0.00	0.00	0.03	0.00	0.00	3live:i/1blank:i/1blank:i/3live:i	0			
pdhd	028084_1	53	0	2774	2776	3	2.06	2.43	-95.1	61.2	214.1	2.10	2.76	1	GAP-live	0	0.00	0.00	0.00	0.00	0.00	0.00	0.33	0.00	3live:t/3live:i/3live:i	0			
pdhd	028084_1	156	0	5986	5988	3	2.02	2.23	0.2	163.3	127.9	1.41	1.51	3	GAP-short	0	1.00	0.00	1.00	0.00	0.00	0.00	0.00	0.00	3live:t/1blank:i	0			
pdhd	028084_1	156	0	6027	6047	21	13.41	14.34	-22.9	181.6	127.4	7.22	3.27	1	GAP-live	0	0.14	0.00	0.14	0.00	0.00	0.05	0.00	0.00	3live:t/3live:i/1blank:t/1blank:i	0			
pdhd	028084_1	156	0	6058	6070	13	7.86	8.35	-36.5	192.0	126.5	3.48	3.90	1	GAP-live	0	0.35	0.00	0.35	0.00	0.00	0.00	0.00	0.00	1blank:i/1blank:i/1blank:i/1blank:i/1blank:i/1blank:i/1blank:i/1blank:i/1blank:i/1blank:i/1blank:i/1blank:t/3live:i	0			
pdhd	028084_1	156	0	6084	6129	46	29.65	30.06	-57.1	207.2	125.1	14.74	3.59	2	GAP-live	0	0.08	0.00	0.08	0.00	0.00	0.00	0.00	0.04	3live:t/3live:i/3live:i/3live:i	0			
pdhd	028084_1	156	0	6150	6161	12	7.86	8.43	-81.8	225.8	122.4	4.10	3.20	1	GAP-live	0	0.29	0.00	0.29	0.00	0.00	0.00	0.00	0.00	1blank:t/1blank:i/1blank:i/1blank:i/1blank:i/1blank:i/1blank:i/1blank:i/1blank:i/1blank:i/1blank:i/1blank:i/1blank:i/1blank:t	0			
pdhd	028084_1	156	0	6182	6195	14	9.55	9.90	-98.7	238.9	120.0	4.52	3.61	1	GAP-live	0	0.30	0.00	0.30	0.00	0.00	0.00	0.00	0.00	1blank:i/1blank:i/1blank:i/1blank:i/1blank:i/1blank:i/1blank:i/1blank:i/1blank:i/1blank:i/1blank:i/1blank:i/1blank:i/1blank:i/1blank:i	0			
pdhd	028084_1	156	0	6229	6240	12	7.12	8.00	-119.9	255.3	117.0	4.34	3.13	1	GAP-live	0	0.19	0.00	0.19	0.00	0.00	0.00	0.00	0.00	1blank:i/1blank:i/1blank:i/1blank:i/1blank:i/1blank:i/1blank:i/1blank:i/1blank:i/1blank:i/1blank:i	0			
pdhd	028084_1	156	0	6249	6294	46	29.71	29.30	-137.5	268.4	114.1	14.57	2.66	2	GAP-live	0	0.07	0.00	0.07	0.00	0.00	0.02	0.46	0.02	3live:i/3live:t/1blank:i/1blank:i/1blank:t/3live:i	0			
pdhd	028084_1	156	0	6310	6315	6	3.74	4.35	-158.6	283.9	110.4	2.40	3.29	2	GAP-live	0	0.44	0.00	0.44	0.00	0.00	0.00	0.00	0.00	1blank:i/1blank:t/1blank:i/1blank:i/1blank:i/1blank:i/1blank:i	0			
pdhd	028084_1	156	0	6354	6355	2	1.48	1.18	-178.7	298.7	107.0	0.96	1.27	1	D-blank-int	1	1.00	0.00	1.00	0.00	0.00	0.00	0.00	0.00	1blank:i/1blank:i	0	2.42	4.72	1.717
pdhd	028084_1	156	0	6358	6359	2	1.29	1.76	-179.8	299.7	106.9	1.28	1.33	2	GAP-short	0	1.00	0.00	1.00	0.00	0.00	0.00	0.00	0.00	1blank:i/1blank:i	0			
pdhd	028084_1	156	0	6420	6425	6	3.44	4.01	-211.2	322.5	101.9	1.97	2.48	3	GAP-short	0	0.75	0.00	0.75	0.00	0.00	0.17	0.00	0.50	3live:i/3live:t/3live:i/3live:t	0			
pdhd	028084_1	156	0	6451	6454	4	2.49	2.94	-224.4	332.2	99.6	1.69	1.94	2	GAP-short	0	0.67	0.00	0.67	0.00	0.00	0.00	0.00	0.00	1blank:t/1blank:i/1blank:i/1blank:i/1blank:i	0			
pdhd	028084_1	156	0	6482	6495	14	9.64	10.40	-242.2	345.2	97.0	4.51	4.17	3	GAP-live	0	0.33	0.00	0.33	0.00	0.00	0.00	0.00	0.00	3live:t/1blank:t/1blank:i/1blank:i/1blank:i/1blank:i/1blank:i/2blank+:i/2blank+:i/2blank+:i/1blank:i/1blank:i/1blank:i/1blank:i/1blank:i/1blank:i	0			
pdhd	028084_1	156	0	6505	6509	5	2.84	3.38	-251.7	352.0	95.5	2.35	0.66	2	GAP-live	0	0.43	0.00	0.43	0.00	0.00	0.00	0.00	0.00	1blank:i/1blank:i/1blank:i/1blank:i/1blank:t/3live:i	0			
pdhd	028084_10	31	0	62	65	4	2.23	2.22	-104.4	196.2	28.0	1.49	2.17	3	D-crawl	1	1.00	0.00	1.00	0.00	1.00	0.00	0.00	0.00	1blank:i/3live:t/3live:t/3live:i	0	3.92		
pdhd	028084_10	31	0	132	134	3	1.62	2.12	-110.5	163.2	46.5	0.61	1.38	3	XID	1	0.00	1.00	1.00	0.00	0.00	0.00	0.00	0.00	3live:i/3live:i/3live:i	0			
pdhd	028084_10	31	0	141	155	15	9.70	9.67	-112.1	155.2	51.3	0.79	1.95	3	D-3live	1	0.53	1.00	1.00	0.00	0.00	0.00	0.00	0.13	3live:i/3live:i/3live:i/3live:i/3live:i/3live:i/3live:i/3live:i/3live:i/3live:i/3live:i/3live:i	0	10.24		
pdhd	028084_10	35	0	1234	1246	13	8.28	7.74	-60.4	598.5	123.7	2.77	3.86	3	GAP-short	0	0.60	0.00	0.60	0.00	0.00	0.00	0.00	0.38	3live:i/3live:i/3live:i/3live:i/3live:i/3live:i/3live:t/3live:i	0			
pdhd	028084_10	46	0	3035	3040	6	2.91	3.33	-264.3	467.4	291.4	2.17	3.46	3	FIT	0	0.71	0.00	0.71	0.00	0.00	0.00	1.00	1.00	3live:i/3live:e	1			
pdhd	028084_10	52	0	4471	4481	11	7.17	7.33	-51.7	591.7	406.5	3.41	1.24	3	GAP-live	0	0.40	0.00	0.40	0.00	0.00	0.00	0.00	0.09	1blank:t/1blank:i/3live:i/3live:i/3live:i/3live:i/3live:i/3live:i	0			
pdhd	028084_10	52	0	4499	4505	7	4.52	4.55	-46.3	579.7	399.1	1.81	1.87	1	FIT	1	1.00	0.00	1.00	0.00	0.00	0.00	0.14	0.86	3live:i/1blank:t/3live:t/3live:i	0			
pdhd	028084_10	52	0	4511	4512	2	1.09	1.54	-44.2	577.2	395.4	1.26	0.33	3	GAP-short	0	1.00	0.00	1.00	0.00	0.00	0.00	0.00	0.00	3live:t/3live:i	0			
pdhd	028084_10	52	0	4530	4531	2	1.10	2.04	-40.3	569.2	389.3	1.14	0.72	3	GAP-short	0	1.00	0.00	1.00	0.00	0.00	0.00	0.00	0.00	3live:i/3live:i/3live:i	0			
pdhd	028084_10	52	0	4544	4561	18	12.43	12.39	-35.3	560.4	382.2	5.27	2.21	3	GAP-live	0	0.28	0.00	0.28	0.00	0.00	0.00	0.00	0.06	3live:i/3live:i/3live:i/3live:i/3live:i/3live:i/3live:i/3live:i/3live:i/3live:i/3live:i/3live:i/3live:i/3live:i/3live:i/3live:t	0			
pdhd	028084_10	52	0	4567	4573	7	3.91	4.36	-30.8	552.7	375.1	1.91	2.33	3	GAP-short	0	0.78	0.00	0.78	0.00	0.00	0.00	0.00	0.43	3live:i/3live:t/3live:i/3live:i/3live:i/3live:i/3live:i	0			
pdhd	028084_10	52	0	4596	4601	6	3.64	3.93	-24.9	540.9	366.7	0.49	3.02	3	D-blank-term	1	0.50	1.00	1.00	0.00	0.33	0.00	0.17	0.17	3live:i/1blank:t/3live:i/3live:i/3live:i/3live:i	0	6.08		
pdhd	028084_10	52	0	4603	4613	11	6.69	5.81	-23.6	537.3	364.1	0.79	1.79	3	D-crawl	1	0.67	1.00	1.00	0.00	1.00	0.00	0.00	0.00	3live:i/3live:i/3live:i/3live:i/3live:i/1blank:t/3live:i	0	8.58		
pdhd	028084_10	52	0	4619	4621	3	2.32	2.96	-22.7	538.3	362.0	0.72	2.46	3	D-crawl	1	0.83	1.00	1.00	0.00	1.00	0.00	0.00	0.33	3live:i/3live:i/3live:i	0	4.39		
pdhd	028084_10	52	0	4623	4627	5	3.42	3.89	-22.1	541.2	361.0	0.90	3.55	1	XID	1	0.38	1.00	1.00	0.00	1.00	0.00	0.00	0.20	3live:i/3live:i/3live:i/3live:i	0			
pdhd	028084_10	52	0	4629	4632	4	3.03	3.52	-20.8	544.1	358.9	0.64	4.25	3	XID	1	0.00	1.00	1.00	0.00	0.25	0.00	0.00	0.00	3live:i/3live:i/3live:i/3live:i	0			
pdhd	028084_10	52	0	4634	4636	3	2.06	2.41	-19.6	546.1	357.0	0.53	2.63	2	XID	1	0.40	1.00	1.00	0.00	0.00	0.00	0.00	0.00	3live:i/1blank:i/3live:i	0			
pdhd	028084_10	52	0	4642	4646	5	2.90	3.02	-18.1	547.9	354.0	0.59	3.03	3	XID	1	0.33	1.00	1.00	0.00	0.00	0.00	0.00	0.20	3live:i/3live:i/3live:i/3live:i/3live:i/3live:i	0			
pdhd	028084_10	52	0	4648	4651	4	2.56	2.85	-17.1	549.5	352.2	0.55	3.03	2	XID	1	0.33	1.00	1.00	0.00	0.00	0.00	0.00	0.00	3live:i/3live:i/3live:i/3live:i/3live:i	0			
pdhd	028084_10	52	0	4653	4654	2	1.45	2.03	-16.8	550.9	350.1	0.92	1.26	2	D-blank-int	1	0.75	1.00	1.00	0.00	0.00	0.00	0.00	0.00	3live:i/2blank+:i/3live:i	0	3.84		
pdhd	028084_10	52	0	4660	4666	7	4.20	2.72	-14.5	552.0	348.3	0.67	3.29	3	XID	1	0.40	1.00	1.00	0.00	0.00	0.00	0.00	0.00	2blank+:i/2blank+:i/3live:i	0			
pdhd	028084_10	52	0	4675	4677	3	2.17	2.57	-11.0	555.2	343.2	0.65	4.15	3	XID	1	0.40	1.00	1.00	0.00	0.00	0.00	0.00	0.00	3live:i/3live:i/3live:i/3live:i	0			
pdhd	028084_10	52	0	4687	4693	7	4.01	4.67	-6.9	560.2	336.0	0.73	2.35	3	D-3live	1	1.00	1.00	1.00	0.00	0.00	0.00	0.00	0.29	3live:i/3live:i/3live:i/3live:i/3live:i/3live:t/3live:i	0	6.54		
pdhd	028084_10	52	0	4702	4704	3	1.34	1.85	-3.5	564.1	331.0	0.49	2.18	3	FIT	0	1.00	1.00	1.00	0.00	0.33	0.00	1.00	1.00	3live:i/3live:t	1			
pdhd	028084_11	34	0	445	448	4	2.31	0.97	-188.8	269.5	11.2	1.50	1.99	1	D-blank-term	1	1.00	0.00	1.00	0.00	0.00	0.00	0.00	0.00	1blank:i/1blank:t	0	1.22		
pdhd	028084_11	34	0	459	460	2	1.26	1.53	-187.8	276.3	10.4	0.67	1.10	1	FIT	1	1.00	1.00	1.00	0.00	0.00	0.00	0.00	1.00	3live:i/3live:i	0			
pdhd	028084_11	34	0	462	463	2	1.26	1.89	-187.7	278.1	10.8	0.76	1.54	1	D-3live	1	1.00	1.00	1.00	0.00	0.00	0.00	0.00	0.00	3live:i/3live:i	0	4.18		
pdhd	028084_11	34	0	487	505	19	11.57	11.54	-184.2	297.1	12.3	0.76	2.59	3	XID	1	0.26	1.00	1.00	0.00	0.00	0.00	0.00	0.05	3live:i/3live:i/3live:i/3live:i/3live:i/3live:i/3live:i/3live:i/3live:t/3live:i/3live:i	0			
pdhd	028084_11	34	0	507	512	6	3.49	4.01	-182.6	304.8	14.2	0.64	1.60	3	XID	1	0.38	1.00	1.00	0.00	0.00	0.00	0.00	0.17	3live:i/3live:i/3live:i/3live:i	0			
pdhd	028084_11	34	0	517	519	3	1.98	2.38	-181.9	309.2	14.6	0.74	1.54	2	D-3live	1	1.00	1.00	1.00	0.00	0.00	0.00	0.00	0.33	3live:i/3live:i/3live:i/3live:i	0	2.95		
pdhd	028084_11	34	0	523	527	5	2.87	3.40	-181.2	313.0	15.9	0.76	2.27	3	D-3live	1	0.57	1.00	1.00	0.00	0.00	0.00	0.00	0.00	3live:i/3live:i/3live:i/3live:i/3live:i	0	4.81		
pdhd	028084_11	34	0	529	537	9	5.70	6.11	-180.2	317.5	16.9	0.79	2.19	3	D-3live	1	0.75	1.00	1.00	0.00	0.00	0.00	0.00	0.22	3live:i/3live:i/3live:i/3live:i/3live:i/3live:t/3live:i	0	6.13		
pdhd	028084_11	34	0	545	552	8	4.63	5.20	-178.6	326.6	18.7	0.59	2.99	3	D-3live	1	0.50	1.00	1.00	0.00	0.00	0.00	0.00	0.00	3live:i/3live:i/3live:i/3live:i/3live:i/3live:i	0	6.50		
pdhd	028084_11	34	0	556	566	11	6.74	5.69	-177.2	332.6	20.5	0.62	2.65	3	XID	1	0.18	1.00	1.00	0.00	0.00	0.00	0.00	0.00	1blank:i/1blank:i/3live:i/3live:i	0			
pdhd	028084_11	34	0	570	571	2	1.60	2.44	-176.4	338.2	21.2	0.70	2.28	3	XID	1	0.20	1.00	1.00	0.00	0.00	0.00	0.00	0.00	3live:i/3live:i/3live:i	0			
pdhd	028084_11	34	0	573	577	5	3.10	3.74	-175.9	341.1	21.9	0.70	3.02	2	XID	1	0.29	1.00	1.00	0.00	0.00	0.00	0.00	0.00	3live:i/3live:i/3live:i/3live:i	0			
pdhd	028084_11	34	0	593	601	9	5.62	5.99	-173.0	354.7	24.7	0.72	3.47	3	D-3live	1	0.58	1.00	1.00	0.00	0.00	0.00	0.00	0.22	3live:i/3live:i/3live:i/3live:i/3live:i/3live:i/3live:i	0	8.54		
pdhd	028084_11	34	0	604	607	4	2.75	0.88	-172.0	359.3	26.0	0.66	2.83	3	XID	1	0.00	1.00	1.00	0.00	0.00	0.00	0.00	0.00	3live:i/3live:i/3live:i	0			
pdhd	028084_11	34	0	611	612	2	1.28	2.00	-172.0	359.9	25.9	0.46	2.92	3	XID	1	0.00	1.00	1.00	0.00	0.00	0.00	0.00	0.00	3live:i/3live:i/3live:i	0			
pdhd	028084_11	34	0	614	619	6	3.79	4.21	-171.2	362.5	26.6	0.62	2.90	3	XID	1	0.38	1.00	1.00	0.00	0.00	0.00	0.00	0.00	3live:i/3live:i/3live:i/3live:i	0			
pdhd	028084_11	34	0	621	626	6	4.95	5.51	-170.3	367.3	27.7	0.67	2.65	3	XID	1	0.36	1.00	1.00	0.00	0.00	0.00	0.00	0.17	3live:i/3live:i/3live:i/3live:i/3live:i	0			
pdhd	028084_11	34	0	629	630	2	1.68	2.26	-169.3	371.6	28.7	0.54	1.99	3	XID	1	0.20	1.00	1.00	0.00	0.00	0.00	0.00	0.00	3live:i/3live:i/3live:i/3live:i	0			
pdhd	028084_11	34	0	643	649	7	4.44	5.07	-167.1	381.2	31.2	0.74	2.52	3	XID	1	0.40	1.00	1.00	0.00	0.00	0.00	0.00	0.29	3live:i/3live:i/3live:i/3live:i/3live:t	0			
pdhd	028084_11	34	0	667	685	19	11.63	11.69	-163.3	398.6	35.0	0.75	4.22	3	D-3live	1	0.57	1.00	1.00	0.00	0.00	0.00	0.00	0.21	3live:i/3live:i/3live:i/3live:i/3live:i/3live:i/3live:i/3live:i/3live:i/3live:i/3live:i/3live:i	0	13.09		
pdhd	028084_11	34	0	688	691	4	2.78	2.95	-161.2	407.1	36.5	0.50	2.54	3	XID	1	0.33	1.00	1.00	0.00	0.00	0.00	0.00	0.00	3live:i/3live:i/3live:i	0			
pdhd	028084_11	34	0	693	704	12	7.71	7.90	-160.3	411.7	37.9	0.67	3.16	3	XID	1	0.25	1.00	1.00	0.00	0.00	0.00	0.00	0.00	3live:i/3live:i/3live:i/3live:i/3live:i/3live:i/3live:i	0			
pdhd	028084_11	34	0	706	710	5	3.15	3.55	-159.1	417.2	39.3	0.73	2.35	3	XID	1	0.43	1.00	1.00	0.00	0.00	0.00	0.00	0.00	3live:i/3live:i/3live:i/3live:i/3live:i	0			
pdhd	028084_11	34	0	712	725	14	8.86	9.02	-157.7	423.3	40.5	0.69	2.72	3	D-3live	1	0.56	1.00	1.00	0.00	0.00	0.00	0.00	0.00	3live:i/3live:i/3live:i/3live:i/3live:i/3live:i/3live:i/3live:i/3live:i/3live:i/3live:i/3live:i/3live:i	0	10.50		
pdhd	028084_11	34	0	727	740	14	9.28	9.39	-155.7	431.9	42.5	0.78	2.94	3	XID	1	0.16	1.00	1.00	0.00	0.00	0.00	0.00	0.00	3live:i/3live:i/3live:i/3live:i/3live:i/3live:i/3live:i/3live:i/3live:i/3live:i	0			
pdhd	028084_11	34	0	743	748	6	3.60	3.74	-154.0	438.6	43.4	0.81	3.37	3	XID	1	0.43	1.00	1.00	0.00	0.00	0.00	0.00	0.00	3live:i/3live:i/3live:i/3live:i	0			
pdhd	028084_11	34	0	751	765	15	9.91	9.84	-152.4	446.0	44.9	0.69	3.60	3	XID	1	0.25	1.00	1.00	0.00	0.00	0.00	0.00	0.00	3live:i/3live:i/3live:i/3live:i/3live:i/3live:i/3live:i/3live:i	0			
pdhd	028084_11	34	0	767	773	7	4.53	4.78	-150.8	453.1	46.3	0.69	2.25	3	D-3live	1	0.50	1.00	1.00	0.00	0.00	0.00	0.00	0.00	3live:i/3live:i/3live:i/3live:i/3live:i/3live:i	0	5.61		
pdhd	028084_11	34	0	784	787	4	2.33	2.84	-148.7	460.7	49.7	0.36	2.68	2	XID	1	0.33	1.00	1.00	0.00	0.00	0.00	0.00	0.25	3live:i/3live:i/3live:i/3live:i	0			
pdhd	028084_11	36	0	951	958	8	4.76	5.51	-194.8	513.5	175.2	1.95	3.86	1	GAP-short	0	0.73	0.00	0.73	0.00	0.00	0.00	0.00	0.00	1blank:i/1blank:i/1blank:i/1blank:i/1blank:i/1blank:i/1blank:i	0			
pdhd	028084_11	36	0	1056	1079	24	15.36	15.64	-222.8	450.7	175.1	7.06	2.05	2	GAP-live	0	0.23	0.00	0.23	0.00	0.00	0.04	0.46	0.08	3live:i/3live:t/1blank:i/1blank:t	0			
pdhd	028084_11	39	0	1170	1199	30	18.26	18.36	-222.3	583.9	89.7	9.79	2.02	3	GAP-live	0	0.11	0.00	0.11	0.00	0.00	0.03	0.00	0.00	3live:t/3live:t/3live:i/3live:i/3live:t/3live:i	0			
pdhd	028084_11	39	0	1214	1222	9	5.39	5.96	-225.7	566.1	96.2	3.24	2.99	2	GAP-live	0	0.33	0.00	0.33	0.00	0.00	0.22	0.22	0.11	1blank:i/3live:i/3live:t/1blank:i	0			
pdhd	028084_11	39	0	1234	1362	129	78.66	70.63	-194.3	560.7	120.2	34.67	4.10	3	GAP-live	0	0.04	0.00	0.04	0.00	0.00	0.01	0.00	0.00	1blank:i/1blank:i/1blank:i/1blank:i	0			
pdhd	028084_11	46	0	1618	1621	4	2.42	2.98	-199.1	71.6	44.3	2.17	2.99	1	GAP-short	0	0.50	0.00	0.50	0.00	0.00	0.00	0.00	0.00	3live:i/1blank:i/1blank:i	0			
pdhd	028084_11	46	0	1625	1659	35	20.51	20.86	-196.7	61.2	51.8	11.87	1.10	3	GAP-live	0	0.07	0.00	0.07	0.00	0.00	0.06	0.54	0.00	1blank:i/1blank:i/1blank:i/3live:t	0			
pdhd	028084_11	106	0	2958	3029	72	46.38	45.38	206.4	561.4	257.7	22.44	3.78	2	GAP-live	0	0.07	0.00	0.07	0.00	0.00	0.06	0.47	0.00	1blank:i/3live:t/1blank:i/3live:t	0			
pdhd	028084_11	133	0	5009	5010	2	1.26	5.38	-107.2	549.3	230.1	1.25	2.38	2	GAP-short	0	0.73	0.00	0.73	0.00	0.00	0.00	0.00	0.50	3live:i/3live:i	0			
pdhd	028084_11	133	0	5305	5309	5	2.92	3.91	0.5	411.0	183.5	1.80	1.76	3	GAP-short	0	0.75	0.00	0.75	0.00	0.00	0.60	0.20	0.00	1blank:i/3live:t/3live:i/3live:i	0			
pdhd	028084_12	27	0	18	19	2	1.37	2.02	-0.3	356.9	37.7	1.57	1.03	1	GAP-short	0	0.75	0.00	0.75	0.00	0.00	0.00	0.50	0.00	3live:i/1blank:i/3live:t	0			
pdhd	028084_12	29	0	63	103	41	24.32	20.77	-131.3	562.4	135.9	10.85	nan	3	GAP-live	0	0.00	0.07	0.07	0.00	0.00	0.05	0.00	0.00	3live:i/3live:i/1blank:i/3live:i	0			
pdhd	028084_12	29	0	115	125	11	8.20	8.11	-128.5	573.2	124.9	3.93	nan	3	GAP-live	0	0.00	0.25	0.25	0.00	0.00	0.00	0.00	0.00	3live:i/3live:i	0			
pdhd	028084_12	29	0	142	186	45	27.65	26.60	-112.8	569.3	110.3	13.42	3.97	3	GAP-live	0	0.02	0.04	0.06	0.00	0.00	0.04	0.71	0.00	3live:i/3live:i/3live:t/1blank:i	0			
pdhd	028084_12	29	0	254	292	39	25.42	24.52	-99.4	598.4	75.0	12.69	3.56	3	GAP-live	0	0.06	0.04	0.10	0.00	0.00	0.03	0.00	0.03	3live:i/3live:t/3live:t/3live:i	0			
pdhd	028084_12	29	0	308	394	87	54.19	50.41	-77.2	568.0	78.9	11.17	nan	3	GAP-live	0	0.00	0.03	0.03	0.00	0.00	0.05	0.95	0.00	1blank:t/1blank:t/3live:i/3live:t	0			
pdhd	028084_12	29	0	410	422	13	8.27	8.44	-65.0	535.8	86.9	4.46	nan	2	GAP-live	0	0.00	0.24	0.24	0.00	0.00	0.00	0.00	0.00	3live:i/3live:e	0			
pdhd	028084_12	29	0	431	441	11	6.76	7.37	-67.5	528.2	77.5	4.56	nan	2	GAP-live	0	0.00	0.13	0.13	0.00	0.00	1.00	0.00	0.00	3live:i/3live:e	0			
pdhd	028084_12	31	0	485	487	3	2.08	2.74	-135.1	585.8	122.7	1.36	nan	3	GAP-short	0	0.00	0.80	0.80	0.00	0.00	0.00	0.00	0.00	2blank+:i/2blank+:i/2blank+:i/1blank:i	0			
pdhd	028084_12	31	0	497	511	15	9.60	8.42	-130.6	578.0	121.3	4.41	nan	3	GAP-live	0	0.00	0.29	0.29	0.00	0.00	0.00	0.07	0.00	2blank+:i/1blank:t/1blank:i/2blank+:i/1blank:i/1blank:i/1blank:i/1blank:i/1blank:i/1blank:i	0			
pdhd	028084_12	31	0	528	541	14	9.63	10.14	-118.0	562.1	119.8	5.43	3.06	2	GAP-live	0	0.05	0.10	0.15	0.00	0.00	0.00	0.00	0.00	1blank:i/1blank:i/1blank:i/1blank:t	0			
pdhd	028084_12	31	0	667	694	28	18.29	19.10	-62.7	497.2	120.1	9.56	0.52	2	GAP-live	0	0.05	0.08	0.13	0.00	0.00	0.04	0.00	0.00	1blank:t/1blank:i/1blank:i/1blank:i/1blank:t	0			
pdhd	028084_12	31	0	712	759	48	29.73	30.26	-39.9	471.2	120.7	11.46	nan	3	GAP-live	0	0.00	0.10	0.10	0.00	0.00	0.02	0.00	0.00	1blank:t/1blank:i/1blank:i/1blank:i	0			
pdhd	028084_12	31	0	784	797	14	8.63	9.20	-16.3	447.0	119.4	4.63	nan	1	GAP-live	0	0.00	0.22	0.22	0.00	0.00	0.00	0.00	0.00	1blank:i/1blank:i/1blank:i/1blank:i/1blank:i/1blank:i/1blank:i/1blank:i/1blank:i/1blank:i/1blank:i/1blank:i/1blank:i/1blank:i/1blank:t	0			
pdhd	028084_12	33	0	902	908	7	5.08	5.37	-241.0	572.5	147.2	2.52	1.55	1	GAP-live	0	0.45	0.00	0.45	0.00	0.00	0.00	0.00	0.00	1blank:i/1blank:i/1blank:i/1blank:i/1blank:i/1blank:i/1blank:i/1blank:i/1blank:i/1blank:t	0			
pdhd	028084_12	33	0	929	931	3	2.30	3.39	-253.2	564.5	148.5	2.03	1.33	3	GAP-short	0	0.57	0.00	0.57	0.00	0.00	0.00	0.00	0.00	1blank:t/1blank:i/2blank+:i/2blank+:i/2blank+:i	0			
pdhd	028084_12	33	0	933	934	2	1.31	1.77	-255.4	563.5	148.3	0.57	1.72	1	FIT	1	1.00	0.00	1.00	0.00	0.00	0.00	0.00	1.00	3live:i/3live:i/3live:t	0			
pdhd	028084_12	33	0	950	958	9	5.65	6.37	-265.7	556.5	150.4	2.77	2.68	2	GAP-short	0	0.54	0.00	0.54	0.00	0.00	0.00	0.00	0.00	1blank:t/1blank:i/1blank:i/1blank:i/1blank:i/1blank:i/1blank:i/1blank:i/1blank:i/1blank:i	0			
pdhd	028084_12	33	0	967	968	2	1.48	1.99	-273.0	551.6	151.2	1.41	2.57	1	GAP-short	0	1.00	0.00	1.00	0.00	0.00	0.00	0.00	0.00	1blank:t/1blank:i/1blank:i/3live:i	0			
pdhd	028084_12	35	0	1498	1503	6	3.09	3.58	-315.7	219.3	98.0	0.89	1.75	2	D-blank-int	1	1.00	0.00	1.00	0.00	0.00	0.00	0.00	0.33	3live:i/3live:i/1blank:i/3live:i/3live:t	0	4.39	7.99	2.477
pdhd	028084_12	37	0	2119	2122	4	2.40	2.72	-17.2	51.6	44.1	1.18	1.52	2	FIT	1	1.00	0.00	1.00	0.00	0.00	0.00	0.00	1.00	3live:i/3live:t/3live:i	0			
pdhd	028084_12	48	0	2818	2820	3	2.17	2.15	-4.0	584.2	215.9	0.87	1.27	1	D-blank-int	1	1.00	0.00	1.00	0.00	0.00	0.00	0.00	0.00	3live:i/1blank:i/1blank:i	0	5.22	3.24	0.475
pdhd	028084_12	48	0	3262	3263	2	1.04	1.22	-162.7	393.0	123.8	1.14	1.30	1	FIT	1	1.00	0.00	1.00	0.00	0.00	0.00	0.00	1.00	3live:e/3live:t	0			
pdhd	028084_12	66	0	4177	4179	3	1.79	2.39	-15.5	463.4	447.0	3.08	1.73	1	FIT	0	0.00	0.00	0.00	0.00	0.00	0.00	1.00	1.00	3live:e/3live:i	0			
pdhd	028084_12	66	0	4197	4211	15	14.62	14.16	-11.8	448.6	444.0	5.52	3.80	3	GAP-live	0	0.25	0.00	0.25	0.00	0.00	0.00	0.80	0.13	3live:i/1blank:i/3live:t/3live:i/3live:t	0			
pdhd	028084_12	76	0	4235	4257	23	14.07	12.69	-2.5	331.7	52.7	7.16	2.38	2	GAP-live	0	0.08	0.00	0.08	0.00	0.00	0.09	0.00	0.00	1blank:i/3live:i/1blank:i/1blank:i	0			
pdhd	028084_12	76	0	4317	4354	38	23.83	23.44	-6.2	371.2	79.1	11.94	2.61	2	GAP-live	0	0.09	0.00	0.09	0.00	0.00	0.00	0.00	0.26	1blank:i/3live:t/3live:i/3live:t	0			
pdhd	028084_12	76	0	4366	4377	12	7.25	7.70	-7.9	387.1	93.2	3.54	2.05	2	GAP-live	0	0.27	0.00	0.27	0.00	0.00	0.00	0.17	0.00	3live:t/3live:i/3live:i/3live:t	0			
pdhd	028084_12	76	0	4382	4383	2	1.05	1.58	-8.1	392.5	96.3	0.84	1.21	1	D-3live	1	1.00	0.00	1.00	0.00	0.00	0.00	0.00	0.50	3live:t/3live:t	0	0.80		
pdhd	028084_12	76	0	4400	4416	17	10.28	10.54	-9.8	404.0	105.5	5.82	1.33	2	GAP-live	0	0.10	0.00	0.10	0.00	0.00	0.35	0.65	0.00	1blank:i/1blank:t/3live:t/1blank:i	0			
pdhd	028084_12	76	0	4433	4661	229	145.33	140.75	-18.4	469.6	155.3	41.71	3.25	3	GAP-live	0	0.01	0.00	0.01	0.00	0.00	0.01	0.50	0.00	3live:i/3live:t/1blank:t/1blank:i	0			
pdhd	028084_12	110	0	6619	6621	3	1.73	2.17	281.9	485.4	97.3	1.13	1.78	1	D-crawl	1	1.00	0.00	1.00	0.00	1.00	0.00	0.33	0.00	1blank:i/3live:t/3live:i	0	3.19		
pdhd	028084_12	110	0	6624	6626	3	1.38	1.77	281.4	482.7	96.8	1.23	2.25	2	GAP-short	0	1.00	0.00	1.00	0.00	0.00	0.00	0.00	0.00	1blank:t/3live:i	1			
pdhd	028084_12	115	0	7239	7240	2	1.32	1.83	6.8	587.9	107.7	0.98	1.44	1	D-blank-int	1	1.00	0.00	1.00	0.00	0.00	0.00	0.00	0.00	1blank:i/3live:i	0	1.65	1.65	1.000
pdhd	028084_12	115	0	7250	7290	41	25.48	25.65	6.3	570.0	107.0	9.78	3.94	2	GAP-live	0	0.10	0.00	0.10	0.05	0.00	0.10	0.90	0.10	1blank:i/3live:t/1dead:t/1dead:i	0			
pdhd	028084_12	131	0	8001	8046	46	43.48	42.63	188.3	563.6	249.0	13.90	3.41	3	GAP-live	0	0.11	0.00	0.11	0.09	0.00	0.00	0.50	0.09	1blank:i/3live:t/1dead:i/1dead:i/1dead:i	0			
pdhd	028084_12	136	0	8933	8934	2	2.52	3.16	0.0	99.0	377.9	1.23	1.44	1	GAP-short	0	0.83	0.00	0.83	0.00	0.00	0.00	0.00	0.00	3live:i/1dead:i/1blank:i/3live:i	0			
pdhd	028084_12	138	0	9343	9344	2	2.39	3.07	-0.0	471.8	434.6	1.12	1.92	2	GAP-short	0	0.83	0.00	0.83	0.00	0.00	0.50	0.00	0.00	3live:t/1blank:i/1blank:i	0			
pdhd	028084_13	34	0	971	980	10	5.49	5.84	-79.9	276.6	256.1	2.85	3.17	2	GAP-live	0	0.42	0.00	0.42	0.00	0.00	0.00	0.00	0.00	1blank:i/1blank:i/1blank:i/2blank+:i/2blank+:i/1blank:i/1blank:t/3live:i	0			
pdhd	028084_13	34	0	987	994	8	5.08	5.75	-82.6	269.6	252.7	2.86	3.52	2	GAP-live	0	0.45	0.00	0.45	0.00	0.00	0.00	0.00	0.75	3live:i/3live:t/3live:i/3live:i	0			
pdhd	028084_13	39	0	1069	1087	19	12.26	11.96	-188.1	569.5	132.3	5.47	2.36	3	GAP-live	0	0.25	0.00	0.25	0.00	0.00	0.05	0.00	0.11	1blank:i/1blank:t/3live:t/3live:i	0			
pdhd	028084_13	39	0	1150	1162	13	12.89	13.43	-219.4	530.0	135.3	6.65	1.63	3	GAP-live	0	0.19	0.00	0.19	0.00	0.00	0.08	0.00	0.15	3live:i/3live:t/1blank:i/1blank:i	0			
pdhd	028084_13	39	0	1187	1188	2	1.33	6.37	-236.8	507.3	137.4	1.32	1.29	3	GAP-short	0	0.54	0.00	0.54	0.00	0.00	0.00	0.00	0.00	3live:i/2blank+:i	0			
pdhd	028084_13	39	0	1308	1312	5	7.08	7.69	-285.9	438.0	142.1	2.84	0.84	3	GAP-live	0	0.40	0.00	0.40	0.00	0.00	0.00	0.20	0.00	1blank:i/3live:t/1blank:i/1blank:i/2blank+:i/2blank+:i/2blank+:i	0			
pdhd	028084_13	52	0	1730	1734	5	2.32	2.84	-0.6	396.3	229.2	2.41	2.85	1	GAP-short	0	0.67	0.00	0.67	0.00	0.00	0.00	0.00	0.00	3live:e/1blank:t	1			
pdhd	028084_13	109	0	1893	1898	6	3.64	4.24	282.0	486.3	12.0	1.79	2.28	3	GAP-short	0	0.75	0.00	0.75	0.00	0.00	0.17	0.00	0.17	3live:i/1blank:i/3live:i/3live:t	0			
pdhd	028084_13	125	0	2604	2616	13	8.09	6.83	53.7	22.6	393.1	3.03	3.88	3	GAP-short	0	0.64	0.00	0.64	0.00	0.00	0.00	0.00	0.00	1blank:t/1blank:i/3live:i/3live:i/3live:i/3live:i/1blank:i/1blank:i/1blank:i	0			
pdhd	028084_14	29	0	320	396	77	48.64	48.89	-13.9	108.3	21.4	24.72	1.38	3	GAP-live	0	0.04	0.00	0.04	0.00	0.00	0.04	0.47	0.00	1blank:i/3live:t/1blank:i/1blank:i	0			
pdhd	028084_14	29	0	423	500	78	48.04	48.12	-32.4	168.7	28.2	23.61	1.34	3	GAP-live	0	0.07	0.00	0.07	0.00	0.00	0.06	0.45	0.04	1blank:i/1blank:t/3live:i/3live:i	0			
pdhd	028084_14	83	0	2418	2438	21	28.45	26.70	109.2	215.3	180.6	5.53	2.47	3	GAP-live	0	0.15	0.00	0.15	0.00	0.00	0.00	0.05	0.10	3live:t/3live:i/3live:i/3live:i/3live:t/1blank:i	0			
pdhd	028084_14	101	0	2914	2917	4	7.03	7.61	-1.1	274.0	342.3	1.89	2.64	2	GAP-live	0	0.33	0.00	0.33	0.00	0.00	0.00	0.75	0.00	3live:t/3live:i/1blank:i/3live:t	0			
pdhd	028084_14	101	0	3183	3186	4	2.36	5.10	-89.5	362.9	229.4	1.82	2.73	1	GAP-short	0	0.60	0.00	0.60	0.00	0.00	0.00	0.00	0.00	1blank:t/1blank:i	0			
pdhd	028084_14	102	0	3746	3750	5	2.85	4.00	0.8	487.7	323.5	1.64	2.15	3	GAP-short	0	0.88	0.00	0.88	0.00	0.00	0.60	0.00	0.00	1blank:i/1blank:i/3live:t	0			
pdhd	028084_15	28	0	93	96	4	2.71	3.28	-85.6	455.2	20.3	1.70	1.07	3	GAP-short	0	0.71	0.00	0.71	0.00	0.00	0.00	0.00	0.00	1blank:i/1blank:i/1blank:i/1blank:i/1blank:i	0			
pdhd	028084_15	28	0	116	159	44	27.47	27.42	-103.8	468.0	31.7	13.92	3.08	3	GAP-live	0	0.07	0.00	0.07	0.00	0.00	0.02	0.00	0.02	1blank:t/1blank:i/3live:i/3live:t	0			
pdhd	028084_15	31	0	216	217	2	1.30	1.94	-268.9	385.0	10.0	1.18	0.91	2	D-3live	1	1.00	0.00	1.00	0.00	0.00	0.00	0.00	0.50	3live:t/3live:i	0	5.90	5.90	1.000
pdhd	028084_15	33	0	254	255	2	1.18	1.80	-89.1	598.1	20.6	1.17	1.27	1	D-sbt	1	1.00	0.00	1.00	0.00	0.00	0.00	0.50	0.50	3live:t/3live:i/3live:t	0	6.97	7.92	1.131
pdhd	028084_15	42	0	1260	1268	9	5.56	5.84	-11.5	504.5	102.5	2.91	2.51	3	GAP-short	0	0.50	0.00	0.50	0.00	0.00	0.00	0.00	0.00	3live:i/3live:i/3live:i/3live:i/3live:i/3live:i/3live:i/3live:i	0			
pdhd	028084_15	44	0	1336	1346	11	7.39	7.41	-3.6	593.2	187.9	3.34	4.47	1	GAP-live	0	0.40	0.00	0.40	0.00	0.00	0.00	0.00	0.18	1blank:i/3live:i/3live:i/3live:t/1blank:i	0			
pdhd	028084_15	44	0	1364	1371	8	5.07	4.37	-5.9	602.6	180.6	1.76	2.21	3	GAP-short	0	0.89	0.00	0.89	0.00	0.00	0.00	0.00	0.00	1blank:t/2blank+:i/1blank:i/1blank:i/1blank:i/3live:i	0			
pdhd	028084_15	44	0	1395	1398	4	2.35	2.70	-8.4	596.3	171.4	1.68	1.70	1	GAP-short	0	0.80	0.00	0.80	0.00	0.00	0.00	0.25	0.00	3live:t/3live:i/3live:t	0			
pdhd	028084_15	44	0	1411	1432	22	12.97	11.39	-8.9	586.3	163.0	5.68	3.88	3	GAP-live	0	0.26	0.00	0.26	0.00	0.00	0.09	0.41	0.14	3live:i/3live:i/1blank:i/3live:t	0			
pdhd	028084_15	47	0	1509	1515	7	4.46	4.44	-315.3	588.1	89.8	5.43	3.45	1	GAP-live	0	0.00	0.00	0.00	0.00	0.00	0.00	0.00	0.00	3live:i/3live:i	0			
pdhd	028084_15	47	0	1517	1518	2	1.01	1.64	-315.4	588.5	86.7	6.97	nan	1	GAP-live	0	0.00	0.00	0.00	0.00	0.00	0.00	0.00	0.00	3live:i/3live:i	0			
pdhd	028084_15	47	0	1520	1536	17	10.40	10.47	-315.3	587.5	80.9	9.05	3.22	2	GAP-live	0	0.10	0.00	0.10	0.00	0.00	0.06	0.00	0.06	3live:i/3live:i/3live:t/3live:i	0			
pdhd	028084_15	47	0	1581	1601	21	12.80	10.94	-314.7	559.7	70.1	4.52	4.43	2	GAP-live	0	0.36	0.00	0.36	0.00	0.00	0.14	0.00	0.33	3live:i/3live:i/3live:i/3live:i/3live:i	0			
pdhd	028084_15	50	0	1640	1651	12	7.91	8.12	-77.3	297.1	452.5	4.76	3.64	2	GAP-live	0	0.19	0.00	0.19	0.00	0.00	0.17	0.17	0.00	1dead:i/3live:t/1blank:i/3live:t	0			
pdhd	028084_15	50	0	1653	1654	2	1.53	2.39	-77.3	301.4	449.1	1.75	2.36	1	GAP-short	0	0.60	0.00	0.60	0.00	0.00	0.00	1.00	0.50	1dead:i/3live:t	0			
pdhd	028084_15	50	0	1825	1829	5	3.51	4.02	-77.7	385.8	385.6	0.79	1.72	1	FIT	1	1.00	0.00	1.00	0.00	0.00	0.00	0.00	1.00	3live:i/3live:i	0			
pdhd	028084_15	50	0	1968	1969	2	1.61	2.28	-78.7	458.6	334.2	1.49	1.65	2	GAP-short	0	0.80	0.00	0.80	0.00	0.00	0.00	0.00	0.00	3live:i/3live:i/3live:i	0			
pdhd	028084_15	50	0	1974	1977	4	2.60	3.34	-78.8	462.4	331.8	1.86	2.10	2	GAP-short	0	0.71	0.00	0.71	0.00	0.00	0.00	0.00	0.00	3live:i/3live:i/3live:t/3live:i	0			
pdhd	028084_15	50	0	1980	1983	4	2.47	3.07	-78.8	465.6	329.5	1.67	1.89	2	GAP-short	0	0.83	0.00	0.83	0.00	0.00	0.00	0.00	0.25	3live:t/3live:i/3live:i	0			
pdhd	028084_15	50	0	1988	1994	7	3.86	4.18	-79.0	470.0	326.0	1.97	2.62	2	GAP-short	0	0.88	0.00	0.88	0.00	0.29	0.00	0.29	0.71	3live:t/3live:i/3live:t	1			
pdhd	028084_15	105	0	3305	3306	2	1.01	1.67	25.5	600.6	271.6	2.15	3.07	2	GAP-live	0	0.33	0.00	0.33	0.00	0.00	0.00	0.00	0.00	3live:i/3live:i	0			
pdhd	028084_15	105	0	3358	3359	2	1.35	1.87	26.3	577.2	290.8	2.40	3.10	2	GAP-live	0	0.25	0.00	0.25	0.00	0.00	0.00	0.00	0.00	3live:i/3live:i	0			
pdhd	028084_15	105	0	3483	3486	4	2.27	2.78	25.6	513.4	329.1	1.88	2.43	1	D-sbt	1	0.67	0.00	0.67	0.00	0.00	0.00	0.75	0.00	3live:i/3live:t/3live:i	0	20.08		
pdhd	028084_15	105	0	3488	3489	2	1.40	2.15	25.8	511.2	330.2	1.68	0.86	1	GAP-short	0	0.50	0.00	0.50	0.00	0.00	0.00	1.00	0.00	3live:t/3live:i	0			
pdhd	028084_15	105	0	3559	3563	5	2.83	3.37	25.7	474.7	353.7	1.46	1.91	1	GAP-short	0	0.86	0.00	0.86	0.00	0.00	0.00	0.80	0.00	3live:i/3live:i/3live:t	0			
pdhd	028084_15	105	0	3573	3599	27	16.31	16.69	25.8	462.6	362.4	5.85	3.40	2	GAP-live	0	0.24	0.00	0.24	0.00	0.00	0.00	0.00	0.15	3live:i/3live:t	0			
pdhd	028084_15	105	0	3614	3617	4	2.46	2.97	26.1	447.6	372.5	3.62	2.82	1	GAP-live	0	0.00	0.00	0.00	0.00	0.00	0.00	0.00	0.00	3live:i/3live:i	0			
pdhd	028084_15	105	0	3744	3745	2	1.43	2.29	25.8	383.2	419.3	2.48	2.57	2	GAP-live	0	0.20	0.00	0.20	0.00	0.00	0.00	0.00	0.00	3live:t/3live:i/3live:i	0			
pdhd	028084_15	105	0	3750	3755	6	4.05	4.82	25.9	378.9	423.4	2.56	2.19	2	GAP-live	0	0.40	0.00	0.40	0.00	0.00	0.00	0.00	0.17	3live:i/3live:i/3live:i	0			
pdhd	028084_17	34	0	367	369	3	2.15	2.54	-197.0	596.4	227.4	1.07	1.46	2	D-crawl	1	1.00	0.00	1.00	0.00	0.67	0.00	0.33	0.00	1blank:i/2blank+:i/3live:t	0	4.34		
pdhd	028084_17	34	0	487	494	8	4.95	5.23	-240.1	536.5	207.6	1.82	2.34	3	GAP-short	0	0.90	0.00	0.90	0.00	0.00	0.00	0.00	0.50	3live:i/3live:i/3live:i/3live:i/3live:i/3live:i/3live:t/3live:i	0			
pdhd	028084_17	35	0	822	826	5	3.19	3.62	-289.1	356.4	58.5	1.50	1.84	1	D-blank-int	1	1.00	0.00	1.00	0.00	0.00	0.00	0.00	0.00	1blank:i/3live:i	0	7.70	9.34	1.191
pdhd	028084_17	35	0	860	878	19	11.52	11.26	-292.3	376.6	71.8	6.01	2.88	2	GAP-live	0	0.13	0.00	0.13	0.00	0.00	0.05	0.00	0.05	3live:t/1blank:i/3live:i/3live:t	0			
pdhd	028084_17	35	0	887	889	3	2.12	2.46	-292.0	385.4	77.9	1.07	1.11	1	D-3live	1	1.00	0.00	1.00	0.00	0.00	0.00	0.00	0.67	3live:i/3live:i/3live:t	0	3.78		
pdhd	028084_17	35	0	1030	1035	6	3.74	4.13	-305.2	447.0	129.7	1.67	1.75	2	GAP-short	0	0.62	0.00	0.62	0.00	0.00	0.00	0.67	0.00	1blank:t/1blank:i/3live:t	0			
pdhd	028084_17	35	0	1144	1145	2	1.28	1.74	-316.4	495.7	170.5	1.22	0.74	2	GAP-short	0	1.00	0.00	1.00	0.00	0.00	0.00	0.00	0.00	3live:i/3live:t	0			
pdhd	028084_17	35	0	1165	1167	3	2.06	2.42	-318.7	505.3	178.7	1.31	1.26	1	D-blank-int	1	1.00	0.00	1.00	0.00	0.00	0.00	0.00	0.00	3live:t/1blank:i/1blank:i	0	1.80		
pdhd	028084_17	35	0	1237	1240	4	2.36	2.87	-330.6	533.6	204.7	0.68	2.60	2	XID	1	0.33	1.00	1.00	0.00	0.00	0.00	1.00	0.00	3live:i/3live:t	0			
pdhd	028084_17	35	0	1246	1248	3	1.96	2.43	-332.5	536.8	207.8	0.79	2.38	3	XID	1	0.40	1.00	1.00	0.00	0.00	0.00	0.00	0.00	3live:i/3live:i	0			
pdhd	028084_17	35	0	1260	1265	6	3.66	1.96	-334.6	543.5	211.9	0.59	1.99	3	D-3live	1	1.00	1.00	1.00	0.00	0.00	0.00	0.00	0.17	3live:i/3live:i	0	2.44		
pdhd	028084_17	38	0	1317	1352	36	40.89	41.15	-211.1	14.0	451.7	7.10	1.34	3	GAP-live	0	0.07	0.09	0.16	0.00	0.00	0.03	0.00	0.08	3live:i/3live:i/3live:i/3live:t	0			
pdhd	028084_17	38	0	1355	1365	11	23.86	24.44	-253.1	15.3	450.5	3.98	3.42	3	GAP-live	0	0.08	0.00	0.08	0.00	0.00	0.00	0.00	0.09	3live:i/3live:i/3live:t/3live:i	0			
pdhd	028084_17	38	0	1371	1373	3	1.75	26.82	-288.3	14.0	451.5	3.57	nan	3	GAP-live	0	0.02	0.00	0.02	0.00	0.00	0.00	0.00	0.00	3live:t/3live:i	0			
pdhd	028084_17	38	0	1376	1377	2	18.33	18.93	-299.3	15.2	452.9	4.31	1.20	3	GAP-live	0	0.05	0.00	0.05	0.00	0.00	0.00	0.00	0.50	3live:t/3live:i	0			
pdhd	028084_17	38	0	1381	1387	7	34.70	35.82	-331.7	13.2	451.7	15.67	1.76	3	GAP-live	0	0.11	0.00	0.11	0.00	0.00	0.86	0.00	0.14	3live:t/3live:i/3live:t	0			
pdhd	028084_17	42	0	1826	1830	5	2.78	1.13	-192.1	602.1	353.3	1.39	1.89	1	D-crawl	1	1.00	0.00	1.00	0.00	1.00	0.00	0.00	0.00	2blank+:i/1blank:i/1blank:i	0	2.22		
pdhd	028084_17	116	0	5124	5126	3	2.22	2.81	72.1	260.9	420.9	1.42	1.66	1	D-blank-term	1	1.00	0.00	1.00	0.00	0.00	0.00	0.00	0.00	1blank:i/1blank:i/1blank:i/1blank:t	0	4.34		
pdhd	028084_17	116	0	5283	5289	7	4.54	4.79	132.4	196.1	378.3	5.94	0.97	2	GAP-live	0	0.00	0.00	0.00	0.00	0.00	0.00	1.00	0.00	1blank:i/1blank:t	0			
pdhd	028084_17	116	0	5300	5301	2	1.35	1.96	138.5	190.8	373.9	1.37	1.06	1	GAP-short	0	0.75	0.00	0.75	0.00	0.00	0.00	0.00	0.00	1blank:i/1blank:i	0			
pdhd	028084_17	122	0	5903	5906	4	2.18	2.73	25.2	540.4	428.8	1.18	2.16	1	GAP-short	0	1.00	0.00	1.00	0.00	0.00	0.00	0.00	0.75	3live:i/3live:i	0			
pdhd	028084_18	17	0	127	130	4	2.85	2.71	-146.6	12.1	448.8	1.99	2.64	1	FIT	0	0.80	0.00	0.80	0.00	0.00	0.00	1.00	1.00	3live:e/3live:e	1			
pdhd	028084_18	17	0	139	141	3	1.75	2.28	-147.6	17.5	449.1	0.98	1.23	3	D-crawl	1	1.00	0.00	1.00	0.00	1.00	0.00	0.00	0.33	2blank+:i/2blank+:i/3live:i/3live:e	0	1.82		
pdhd	028084_18	17	0	146	290	145	109.67	98.19	-182.5	34.4	432.8	31.54	3.98	3	GAP-live	0	0.04	0.00	0.04	0.00	0.00	0.00	0.00	0.01	3live:i/1blank:t/1blank:i/1blank:i/3live:i/1blank:i/3live:i/3live:i/3live:i/3live:i/3live:i/3live:i/3live:i/3live:i/3live:i/3live:t	0			
pdhd	028084_18	17	0	299	300	2	1.13	1.64	-234.9	54.9	410.5	1.16	1.23	1	D-blank-int	1	1.00	0.00	1.00	0.00	0.00	0.00	0.00	0.00	1blank:i/1blank:i/1blank:i	0	2.91		
pdhd	028084_18	37	0	331	351	21	13.74	13.45	-328.0	526.5	12.3	2.26	3.51	2	GAP-short	0	0.74	0.00	0.74	0.00	0.00	0.00	0.05	0.33	3live:i/3live:i/3live:i/3live:i/3live:i/3live:i/3live:i/3live:t/3live:t/3live:i/3live:i	0			
pdhd	028084_18	37	0	357	393	37	24.22	21.45	-328.6	510.8	24.4	11.19	4.38	3	GAP-live	0	0.07	0.00	0.07	0.00	0.00	0.00	0.00	0.00	3live:i/3live:i/1blank:i/1blank:t/3live:i/3live:i	0			
pdhd	028084_18	37	0	535	536	2	1.11	1.63	-333.6	439.1	84.3	1.22	1.94	1	GAP-short	0	1.00	0.00	1.00	0.00	0.00	0.00	0.50	0.50	3live:i/3live:i/3live:t	0			
pdhd	028084_18	37	0	643	648	6	3.50	3.21	-335.4	390.1	120.2	1.55	2.49	1	D-blank-int	1	1.00	0.00	1.00	0.00	0.00	0.00	0.00	0.33	1blank:i/3live:t/3live:i	0	6.89		
pdhd	028084_18	42	0	870	898	29	17.45	16.26	-244.3	180.5	460.2	8.70	4.56	2	GAP-live	0	0.06	0.00	0.06	0.03	0.00	0.00	0.00	0.07	1dead:t/1dead:i/1blank:i/1blank:i	0			
pdhd	028084_18	42	0	932	990	59	83.95	79.52	-175.1	142.0	461.7	20.57	3.69	3	GAP-live	0	0.04	0.00	0.04	0.02	0.00	0.02	0.00	0.00	1dead:t/1dead:i/1dead:t/1dead:i/1dead:i/1dead:t	0			
pdhd	028084_18	42	0	1012	1018	7	3.82	4.19	-151.0	125.5	459.7	0.80	1.55	2	D-blank-term	1	1.00	0.00	1.00	0.00	0.00	0.00	0.00	0.00	1blank:t/3live:i	0	7.10	7.82	1.252
pdhd	028084_18	42	0	1031	1042	12	7.27	7.33	-148.2	114.7	458.1	3.83	2.71	3	GAP-live	0	0.33	0.00	0.33	0.00	0.00	0.00	0.00	0.17	1blank:i/3live:t/3live:i/1blank:i	0			
pdhd	028084_18	42	0	1160	1173	14	9.87	9.96	-106.1	53.9	445.6	4.80	3.04	2	GAP-live	0	0.30	0.00	0.30	0.00	0.00	0.00	0.00	0.00	1blank:i/1blank:i/1blank:i/3live:i/3live:i/3live:i/3live:i/1blank:i/3live:i/3live:i/3live:i/1blank:i/1blank:i/3live:i/3live:i/1blank:i/1blank:i/3live:i	0			
pdhd	028084_18	42	1	1380	1394	15	10.00	10.17	-105.9	53.7	445.6	4.79	3.20	2	GAP-live	0	0.30	0.00	0.30	0.00	0.00	0.00	0.00	0.07	1blank:i/1blank:i/1blank:i/3live:i/3live:i/3live:i/3live:i/1blank:i/3live:i/3live:i/3live:i/1blank:i/1blank:i/3live:i/3live:i/1blank:i/3live:i/3live:t/3live:i	0			
pdhd	028084_18	42	1	1489	1490	2	1.44	2.25	-143.7	98.9	456.8	1.12	0.94	2	D-3live	1	1.00	0.00	1.00	0.00	0.00	0.00	0.00	0.00	3live:i/3live:t	0	4.34	5.90	1.383
pdhd	028084_18	42	1	1513	1522	10	6.36	6.71	-148.2	114.9	458.3	3.78	2.86	2	GAP-live	0	0.31	0.00	0.31	0.00	0.00	0.00	0.00	0.10	1blank:i/3live:t/3live:i/1blank:i	0			
pdhd	028084_18	42	1	1557	1618	62	82.73	79.37	-176.2	142.5	461.7	20.67	3.42	3	GAP-live	0	0.04	0.00	0.04	0.02	0.00	0.00	0.00	0.02	1dead:t/1dead:i/1dead:t/1dead:i/1dead:i/1dead:t	0			
pdhd	028084_18	42	1	1654	1679	26	16.37	15.74	-244.3	180.7	460.2	8.97	4.49	2	GAP-live	0	0.03	0.00	0.03	0.00	0.00	0.00	0.00	0.00	1dead:t/1dead:i/1blank:i/1blank:i	0			
pdhd	028084_18	42	1	1689	1690	2	1.35	1.89	-250.1	192.9	462.0	1.28	0.70	1	GAP-dead	0	1.00	0.00	1.00	1.00	0.00	0.00	0.00	0.00	1dead:i/2blank+:i/2blank+:i	0			
pdhd	028084_18	45	0	2551	2552	2	1.37	2.05	-114.4	139.9	387.4	0.98	1.94	1	D-blank-term	1	1.00	0.00	1.00	0.00	0.00	0.00	0.00	0.00	3live:i/1blank:i/1blank:t	0	2.69		
pdhd	028084_18	45	0	2578	2579	2	1.08	1.56	-106.0	138.9	381.7	1.09	1.15	1	D-blank-int	1	1.00	0.00	1.00	0.00	0.00	0.00	0.00	0.00	3live:i/1blank:i/2blank+:i	0	2.24		
pdhd	028084_18	45	0	2637	2648	12	8.12	7.67	-83.9	128.0	365.5	3.55	3.93	3	GAP-live	0	0.40	0.00	0.40	0.25	0.00	0.00	0.00	0.00	3live:i/1blank:t/2blank+:i/1blank:i/1blank:i/2blank+:i/2blank+:i/2blank+:i/2blank+:i/2blank+:i/1dead:i	0			
pdhd	028084_18	45	0	2653	2654	2	1.18	1.66	-81.2	123.5	369.7	0.86	1.38	1	D-blank-term	1	1.00	0.00	1.00	0.00	0.00	0.00	0.00	0.00	1blank:t/1blank:i/3live:i	0	3.26		
pdhd	028084_18	45	0	2671	2673	3	1.71	2.04	-74.5	122.6	369.3	1.88	2.19	1	GAP-short	0	0.50	0.00	0.50	0.00	0.00	0.00	0.00	0.00	1blank:i/2blank+:i	0			
pdhd	028084_18	45	0	2678	2679	2	1.19	1.78	-71.4	122.3	367.7	1.03	1.13	1	GAP-short	0	1.00	0.00	1.00	0.00	0.00	0.50	0.00	0.00	3live:t/1blank:t/3live:i	0			
pdhd	028084_18	45	0	2687	2747	61	40.43	28.73	-58.2	114.9	359.9	8.69	3.23	3	GAP-live	0	0.11	0.00	0.11	0.08	0.02	0.38	0.00	0.02	1dead:i/1blank:i/3live:i/1dead:i/1dead:i	0			
pdhd	028084_18	45	0	2753	2756	4	2.46	2.51	-41.3	111.0	358.8	1.85	2.19	1	GAP-dead	0	0.40	0.00	0.40	1.00	0.00	0.50	0.00	0.25	1dead:i/1dead:i/1dead:i/1dead:t	0			
pdhd	028084_18	45	0	2768	2797	30	19.79	17.96	-31.0	119.1	362.3	6.49	4.13	3	GAP-live	0	0.19	0.00	0.19	0.10	0.00	0.03	0.00	0.13	3live:t/1dead:i/3live:t/3live:i/1dead:i	0			
pdhd	028084_18	45	0	2808	2812	5	4.28	4.89	-18.5	123.5	360.5	4.09	2.52	3	GAP-live	0	0.30	0.00	0.30	0.00	0.00	0.00	0.00	0.40	3live:i/3live:i	0			
pdhd	028084_18	45	0	2815	2816	2	18.08	18.68	-15.6	121.0	359.6	6.35	nan	3	GAP-live	0	0.05	0.00	0.05	0.00	0.00	0.00	0.00	0.00	3live:i/3live:i	0			
pdhd	028084_18	50	0	3099	3104	6	3.73	4.29	-306.9	459.8	201.6	1.57	1.75	3	GAP-short	0	0.89	0.00	0.89	0.00	0.00	0.00	0.00	0.00	3live:i/3live:i	0			
pdhd	028084_18	107	0	5007	5018	12	9.59	9.82	313.4	598.1	226.9	4.89	3.68	3	GAP-live	0	0.25	0.00	0.25	0.00	0.00	0.25	0.25	0.25	3live:i/3live:i/3live:t/1dead:i	0			
pdhd	028084_18	107	0	5103	5104	2	1.26	1.84	254.8	582.3	232.6	1.61	0.85	2	GAP-short	0	0.75	0.00	0.75	0.00	0.00	0.50	0.00	0.50	3live:t/3live:t/3live:t	0			
pdhd	028084_18	122	0	5828	5829	2	1.01	1.52	117.4	40.0	307.1	0.88	2.11	3	D-blank-int	1	1.00	0.00	1.00	0.00	0.00	0.00	0.00	0.00	1blank:i/2blank+:i/3live:i	0	2.07		
pdhd	028084_18	122	0	5834	5835	2	1.44	2.05	114.4	41.6	308.1	1.18	2.11	3	GAP-short	0	1.00	0.00	1.00	0.00	0.00	0.00	0.00	0.00	1blank:i/2blank+:i/2blank+:i/1blank:t	0			
pdhd	028084_18	122	0	5858	5863	6	6.47	6.93	98.8	49.4	313.1	2.23	2.41	3	GAP-live	0	0.36	0.00	0.36	0.00	0.00	0.00	0.00	0.00	1blank:i/1blank:i/1blank:i/2blank+:i/2blank+:i/1blank:i/1blank:i/1blank:i	0			
pdhd	028084_18	122	0	5935	5943	9	6.55	7.02	55.5	71.2	326.9	3.98	4.38	3	GAP-live	0	0.14	0.00	0.14	0.00	0.00	0.00	0.00	0.00	1blank:i/1blank:i/1blank:i/2blank+:i/1blank:i/1blank:i/2blank+:i/1blank:i/1blank:i/1blank:i/1blank:i	0			
pdhd	028084_18	122	0	5945	5946	2	1.49	2.12	51.7	73.1	328.0	0.93	2.00	1	D-blank-term	1	1.00	0.00	1.00	0.00	0.00	0.00	0.00	0.00	1blank:i/1blank:i/1blank:t/3live:i	0	4.01		
pdhd	028084_18	122	0	5980	5983	4	2.82	3.42	31.6	82.7	334.3	1.34	2.35	1	GAP-short	0	1.00	0.00	1.00	0.00	0.00	0.00	0.00	0.00	1blank:i/1blank:i/1blank:i/1blank:i/1blank:i	0			
pdhd	028084_18	137	0	6026	6029	4	3.80	4.34	-0.3	42.4	142.1	1.81	2.40	2	GAP-short	0	0.56	0.00	0.56	0.00	0.00	0.50	0.50	0.00	1blank:i/3live:t/1blank:i	0			
pdhd	028084_19	46	0	1289	1291	3	2.56	3.35	-2.7	487.8	58.2	1.39	2.01	1	GAP-short	0	0.86	0.00	0.86	0.00	0.00	0.00	0.00	0.00	1blank:t/1blank:i/1blank:i/1blank:i/1blank:i	0			
pdhd	028084_19	61	0	1762	1767	6	3.79	4.23	-304.3	9.6	383.0	1.86	2.27	3	GAP-live	0	0.25	0.00	0.25	0.00	0.83	0.00	0.50	0.00	3live:t/3live:i/3live:i	0			
pdhd	028084_19	61	0	1773	1776	4	2.64	3.06	-304.4	12.8	377.8	1.63	1.49	3	GAP-short	0	1.00	0.00	1.00	0.00	1.00	0.00	1.00	0.00	3live:t/3live:i	0			
pdhd	028084_19	61	0	1788	1795	8	5.21	5.77	-304.5	17.3	368.0	1.97	1.91	3	GAP-short	0	0.75	0.00	0.75	0.00	1.00	0.00	0.00	0.25	3live:i/3live:i	0			
pdhd	028084_19	61	0	1799	1800	2	1.36	1.87	-304.6	18.9	363.6	1.50	0.90	3	D-crawl	1	1.00	0.00	1.00	0.00	1.00	0.00	0.00	0.50	3live:i/3live:i	0	2.43	2.43	1.000
pdhd	028084_19	61	0	1825	1826	2	1.52	1.89	-304.4	10.0	353.8	1.01	1.05	2	FIT	1	1.00	0.00	1.00	0.00	1.00	0.00	1.00	1.00	3live:e/3live:i	0			
pdhd	028084_19	63	0	1834	1843	10	37.36	47.97	-39.3	32.5	339.5	15.73	1.14	3	GAP-live	0	0.04	0.00	0.04	0.00	0.00	0.00	0.00	0.10	3live:t/3live:i/3live:t/3live:t	0			
pdhd	028084_19	63	0	1847	1851	5	46.32	46.92	-15.1	42.7	378.7	2.35	2.46	3	GAP-live	0	0.04	0.00	0.04	0.00	0.00	0.40	0.60	0.60	3live:t/3live:i/3live:i	0			
pdhd	028084_19	63	0	1855	1859	5	45.94	46.54	-17.1	25.9	431.3	2.25	2.25	3	GAP-live	0	0.03	0.00	0.03	0.00	0.00	0.40	0.00	0.20	3live:i/3live:t/3live:i/3live:i	0			
pdhd	028084_19	63	1	1882	1885	4	45.77	46.37	-16.2	27.9	427.6	2.26	2.26	3	GAP-live	0	0.03	0.00	0.03	0.00	0.00	0.50	0.00	0.25	3live:i/3live:t/3live:i/3live:i	0			
pdhd	028084_19	63	1	1890	1894	5	46.23	46.83	-15.0	42.8	378.8	2.38	2.54	3	GAP-live	0	0.04	0.00	0.04	0.00	0.00	0.40	0.00	0.00	3live:t/3live:i/3live:i	0			
pdhd	028084_19	63	1	1899	1910	12	47.49	47.63	-40.2	32.1	339.4	16.01	1.06	3	GAP-live	0	0.03	0.00	0.03	0.00	0.00	0.00	0.00	0.08	3live:t/3live:i/3live:t/3live:i	0			
pdhd	028084_19	115	0	2157	2160	4	2.24	3.04	81.3	570.1	47.1	0.83	1.33	1	D-blank-int	1	1.00	0.00	1.00	0.00	0.00	0.00	0.00	0.50	3live:e/3live:t/1blank:i/3live:i	0	3.21		
pdhd	028084_2	10	0	137	164	28	17.20	17.53	-50.0	570.2	41.7	7.51	4.29	1	GAP-live	0	0.23	0.00	0.23	0.00	0.00	0.07	0.00	0.00	1blank:i/1blank:i/1blank:i/1blank:i/3live:i	0			
pdhd	028084_2	19	0	362	367	6	4.19	4.72	-207.2	591.3	202.6	2.36	1.56	2	GAP-live	0	0.44	0.00	0.44	0.00	0.00	0.00	0.00	0.00	1blank:i/1blank:i/1blank:i/1blank:i/1blank:i/1blank:i/1blank:i/1blank:i	0			
pdhd	028084_2	19	0	401	423	23	14.78	15.37	-190.7	566.4	202.4	6.70	3.17	3	GAP-live	0	0.26	0.00	0.26	0.00	0.00	0.04	0.00	0.22	3live:t/3live:i/3live:i/3live:i/3live:t	0			
pdhd	028084_2	19	0	468	482	15	9.31	9.85	-168.3	535.3	203.2	4.97	1.91	1	GAP-live	0	0.20	0.00	0.20	0.00	0.00	0.13	0.40	0.00	1blank:i/1blank:i/1blank:i/3live:t	0			
pdhd	028084_2	19	0	503	520	18	11.45	11.92	-155.8	518.4	204.2	5.93	1.73	3	GAP-live	0	0.21	0.00	0.21	0.00	0.00	0.00	0.00	0.06	3live:i/3live:i/3live:i/3live:i	0			
pdhd	028084_2	20	0	857	859	3	1.82	2.34	-121.7	600.0	14.6	1.66	1.14	1	GAP-short	0	0.80	0.00	0.80	0.00	0.00	0.00	0.00	0.00	3live:t/3live:i	0			
pdhd	028084_2	26	0	1088	1112	25	14.99	15.17	-65.8	11.9	157.0	7.32	4.61	2	GAP-live	0	0.23	0.00	0.23	0.00	0.00	0.00	0.00	0.08	3live:i/3live:i/1blank:t/1blank:i/3live:i/3live:i	0			
pdhd	028084_2	26	0	1139	1141	3	1.54	2.00	-74.8	16.6	144.1	1.25	1.15	1	D-blank-int	1	1.00	0.00	1.00	0.00	0.00	0.00	0.00	0.00	1blank:i/1blank:i/1blank:i	0	2.39		
pdhd	028084_2	26	0	1153	1179	27	16.01	15.46	-82.8	28.1	143.8	6.34	1.44	3	GAP-live	0	0.10	0.00	0.10	0.00	0.00	0.04	0.00	0.00	1blank:i/1blank:i/1blank:i/3live:i	0			
pdhd	028084_2	26	0	1182	1183	2	1.17	1.44	-86.1	35.9	142.0	1.09	1.35	3	D-blank-int	1	1.00	0.00	1.00	0.00	0.00	0.00	0.00	0.50	3live:t/3live:i/1blank:i/1blank:i	0	1.94	1.94	1.000
pdhd	028084_2	26	0	1186	1187	2	1.40	1.68	-87.2	37.7	142.5	1.04	1.38	2	D-blank-int	1	1.00	0.00	1.00	0.00	0.00	0.00	0.00	0.00	2blank+:i/1blank:i	0	4.21	3.90	1.002
pdhd	028084_2	59	0	4040	4041	2	1.23	1.86	-295.1	538.7	274.9	1.24	2.55	1	GAP-short	0	0.75	0.00	0.75	0.00	0.00	0.00	0.00	0.00	1dead:t/1blank:i/1blank:i	0			
pdhd	028084_2	59	0	4043	4044	2	1.66	2.29	-293.3	539.1	275.5	1.92	0.74	1	GAP-short	0	0.60	0.00	0.60	0.00	0.00	0.00	0.00	0.00	1blank:i/1blank:i/1blank:i/1blank:t	0			
pdhd	028084_2	59	0	4058	4089	32	19.02	17.51	-278.2	545.6	279.8	8.09	3.73	2	GAP-live	0	0.20	0.00	0.20	0.09	0.00	0.00	0.00	0.09	1dead:t/1dead:i/1dead:i/1blank:i/1blank:i/1blank:i	0			
pdhd	028084_2	59	0	4111	4120	10	7.06	6.92	-255.2	553.2	286.3	2.67	4.12	1	GAP-live	0	0.36	0.00	0.36	0.00	0.00	0.00	0.00	0.10	3live:i/3live:t/1blank:i/1blank:i/1blank:i/1blank:i/1blank:i/2blank+:i/1blank:i/1blank:i/1blank:i/1blank:i/1blank:i	0			
pdhd	028084_2	133	0	9058	9061	4	2.35	2.22	-18.7	78.5	36.9	1.14	2.06	1	D-blank-int	1	1.00	0.00	1.00	0.00	0.00	0.00	0.00	0.00	3live:i/1blank:i/1blank:i	0	2.02		
pdhd	028084_2	133	0	9542	9548	7	4.59	4.95	136.0	289.8	160.3	2.20	3.32	3	GAP-short	0	0.60	0.00	0.60	0.00	0.00	0.00	0.00	0.29	3live:i/3live:t/3live:i/3live:i/3live:i/3live:i/3live:i/3live:i	0			
pdhd	028084_2	137	0	10731	10735	5	3.14	3.71	17.1	29.2	378.7	2.56	3.74	1	GAP-live	0	0.43	0.00	0.43	0.00	0.00	0.20	0.00	0.40	3live:t/3live:i/3live:i/3live:t	0			
pdhd	028084_2	137	0	10737	10738	2	1.58	2.18	14.3	29.4	377.9	1.37	2.49	1	GAP-short	0	0.75	0.00	0.75	0.00	0.00	0.00	0.00	0.00	3live:i/3live:t	0			
pdhd	028084_2	137	0	10754	10757	4	2.67	3.53	3.4	33.5	375.0	1.77	2.33	1	GAP-short	0	0.71	0.00	0.71	0.00	0.00	0.00	0.00	0.50	3live:i/3live:i/3live:i/3live:t/3live:i	0			
pdhd	028084_2	137	0	10764	10765	2	2.53	3.17	0.3	36.9	373.2	1.45	0.97	3	GAP-short	0	1.00	0.00	1.00	0.00	0.00	0.50	0.00	0.00	1blank:i/3live:i/3live:t	0			
pdhd	028084_2	137	0	10838	10846	9	5.88	6.48	-44.7	55.3	359.5	2.89	2.87	2	GAP-live	0	0.46	0.00	0.46	0.00	0.00	0.00	0.00	0.00	1blank:i/1blank:i/1blank:i/1blank:i/1blank:i/1blank:i/1blank:i/1blank:i/1blank:i/3live:i	0			
pdhd	028084_2	137	0	10946	10947	2	0.97	1.63	-103.3	75.0	345.0	1.40	0.69	1	GAP-short	0	1.00	0.00	1.00	0.00	0.00	0.00	0.00	0.00	1blank:i/1blank:i	0			
pdhd	028084_2	137	0	11009	11021	13	7.66	8.13	-140.4	88.2	335.0	3.80	3.55	2	GAP-live	0	0.38	0.00	0.38	0.00	0.00	0.00	0.00	0.00	3live:i/1blank:t/3live:i/3live:i/3live:i/1blank:i/1blank:i/1blank:i/1blank:i/1blank:i/1blank:i/1blank:i/1blank:i/1blank:t	0			
pdhd	028084_2	137	0	11034	11042	9	5.59	5.54	-152.1	92.5	331.7	4.85	3.50	2	GAP-live	0	0.27	0.00	0.27	0.00	0.00	0.00	0.00	0.11	3live:i/3live:i	0			
pdhd	028084_2	137	0	11044	11053	10	6.66	7.01	-157.9	94.7	330.2	5.58	2.28	1	GAP-live	0	0.29	0.00	0.29	0.00	0.00	0.00	0.00	0.00	1blank:i/1blank:t/1blank:i/1blank:i	0			
pdhd	028084_2	137	0	11077	11078	2	1.29	1.89	-174.1	100.6	325.7	2.63	0.41	2	GAP-live	0	0.00	0.00	0.00	0.00	0.00	0.00	0.00	0.00	1blank:i/1blank:i	0			
pdhd	028084_2	137	0	11080	11081	2	1.19	1.93	-176.0	101.3	325.1	4.65	nan	1	GAP-live	0	0.00	0.00	0.00	0.00	0.00	0.00	0.00	0.00	1blank:i/1blank:t	0			
pdhd	028084_2	137	0	11169	11171	3	1.58	1.88	-225.5	119.4	310.9	1.74	2.64	1	GAP-short	0	1.00	0.00	1.00	0.00	0.00	0.00	0.00	0.00	1blank:i/1blank:i/1blank:i	0			
pdhd	028084_20	20	0	101	103	3	9.21	9.81	-317.3	378.4	157.4	1.77	1.14	3	GAP-live	0	0.25	0.00	0.25	0.00	0.00	0.00	0.00	0.33	3live:i/3live:i/3live:i/3live:i	0			
pdhd	028084_20	20	0	279	324	46	27.70	28.20	-254.3	265.9	161.2	14.62	1.33	1	GAP-live	0	0.05	0.00	0.05	0.00	0.00	0.04	0.48	0.00	3live:t/3live:i/1blank:i/3live:t	0			
pdhd	028084_20	26	0	559	563	5	3.13	3.48	-195.6	575.2	41.5	0.88	1.48	2	D-blank-int	1	1.00	0.00	1.00	0.00	0.00	0.00	0.00	0.00	3live:t/1blank:i	0	1.54		
pdhd	028084_20	26	0	599	609	11	6.19	6.52	-200.4	555.1	54.0	3.09	3.34	1	GAP-live	0	0.15	0.00	0.15	0.00	0.00	0.00	0.18	0.00	3live:t/1blank:i/3live:i/1blank:i	0			
pdhd	028084_20	26	0	612	613	2	1.13	1.38	-199.9	551.8	56.5	1.12	2.17	2	D-blank-int	1	1.00	0.00	1.00	0.00	0.00	0.00	0.00	0.00	1blank:i/1blank:i	0	5.99		
pdhd	028084_20	26	0	663	664	2	1.60	1.80	-201.5	528.5	71.1	1.05	1.13	1	D-blank-int	1	1.00	0.00	1.00	0.00	0.00	0.00	0.50	0.50	3live:t/1blank:i/3live:t	0	5.50	5.50	1.000
pdhd	028084_20	28	0	732	735	4	2.50	2.84	-343.9	180.4	22.5	1.14	1.01	2	GAP-short	0	1.00	0.00	1.00	0.00	0.00	0.00	0.25	0.00	1blank:i/1blank:t/1blank:i/1blank:t	0			
pdhd	028084_20	28	0	750	751	2	1.23	2.15	-338.6	174.0	27.6	1.14	1.04	1	GAP-short	0	1.00	0.00	1.00	0.00	0.00	0.00	0.00	0.00	1blank:t/1blank:i/1blank:i	0			
pdhd	028084_20	34	0	1364	1367	4	2.53	2.96	-204.5	601.0	109.9	1.30	1.91	1	D-blank-term	1	1.00	0.00	1.00	0.00	0.00	0.00	0.00	0.00	1blank:i/1blank:i/1blank:i/1blank:t/1blank:i	0	4.31		
pdhd	028084_20	34	0	1376	1392	17	10.23	10.64	-199.3	595.8	112.8	4.82	3.78	2	GAP-live	0	0.24	0.00	0.24	0.00	0.00	0.00	0.06	0.00	3live:t/1blank:i/3live:t/3live:t	0			
pdhd	028084_20	34	0	1544	1545	2	1.22	1.76	-205.3	519.7	167.1	0.92	1.30	1	D-blank-int	1	1.00	0.00	1.00	0.00	0.00	0.00	0.00	0.00	1blank:i/3live:i	0	1.03		
pdhd	028084_20	34	0	1555	1557	3	1.68	2.05	-205.8	513.7	169.1	1.09	1.89	1	D-3live	1	1.00	0.00	1.00	0.00	0.00	0.00	0.00	0.33	3live:i/3live:i/3live:i/3live:i	0	2.82		
pdhd	028084_20	34	0	1560	1600	41	23.97	19.12	-199.9	508.7	174.1	6.49	3.98	3	GAP-live	0	0.16	0.00	0.16	0.00	0.00	0.15	0.00	0.02	3live:i/3live:i/1blank:i/3live:i/3live:i	0			
pdhd	028084_20	34	0	1616	1622	7	3.95	3.40	-185.3	501.3	177.4	1.48	2.65	2	GAP-short	0	0.71	0.00	0.71	0.00	0.00	0.14	0.00	0.00	3live:i/1blank:i/3live:i/3live:i/1blank:i	0			
pdhd	028084_20	34	0	1627	1736	110	67.60	48.29	-161.0	486.0	182.4	15.34	3.14	3	GAP-live	0	0.03	0.00	0.03	0.00	0.00	0.04	0.00	0.00	3live:i/3live:i/1blank:i/1blank:i	0			
pdhd	028084_20	34	0	1743	1745	3	2.04	2.68	-139.3	473.5	186.1	1.98	2.67	1	GAP-short	0	0.60	0.00	0.60	0.00	0.00	0.00	0.00	0.00	3live:i/3live:t	0			
pdhd	028084_20	39	0	2844	2868	25	16.60	16.93	-146.7	32.2	151.9	8.03	1.55	2	GAP-live	0	0.18	0.00	0.18	0.00	0.00	0.04	0.00	0.08	3live:t/3live:t/1blank:i/1blank:t	0			
pdhd	028084_20	39	0	2877	2883	7	4.98	5.37	-135.0	43.1	152.5	2.21	3.23	2	GAP-short	0	0.73	0.00	0.73	0.00	0.00	0.00	0.00	0.00	1blank:i/1blank:i/1blank:i/1blank:i/1blank:i/1blank:i/1blank:t	0			
pdhd	028084_20	39	0	2914	2917	4	2.80	2.14	-122.1	57.4	152.5	1.30	2.24	2	D-crawl	1	1.00	0.00	1.00	0.00	1.00	0.00	0.00	0.00	1blank:t/1blank:t/1blank:i/3live:i/1blank:i	0	5.26		
pdhd	028084_20	39	0	2967	3000	34	21.87	22.23	-92.8	82.0	155.9	11.11	3.03	3	GAP-live	0	0.09	0.00	0.09	0.00	0.00	0.03	0.00	0.03	3live:i/3live:i/1blank:i/2blank+:i	0			
pdhd	028084_20	39	0	3048	3066	19	12.55	13.25	-60.8	110.8	157.7	6.12	2.92	1	GAP-live	0	0.30	0.00	0.30	0.00	0.00	0.05	0.00	0.05	3live:i/1blank:i/3live:t/3live:i	0			
pdhd	028084_20	39	0	3101	3103	3	2.14	2.74	-40.9	129.2	158.9	1.45	1.99	1	GAP-short	0	0.80	0.00	0.80	0.00	0.00	0.00	0.00	0.00	1blank:t/1blank:i/1blank:i/1blank:i/1blank:i	0			
pdhd	028084_20	39	0	3134	3146	13	9.11	9.94	-23.1	146.0	160.2	4.55	3.69	2	GAP-live	0	0.20	0.00	0.20	0.00	0.00	0.00	0.00	0.00	1blank:i/1blank:i/1blank:i/1blank:i/1blank:i/1blank:i/1blank:i/1blank:i/1blank:i/1blank:i/1blank:i/1blank:i/1blank:i/1blank:i/1blank:i	0			
pdhd	028084_20	48	0	3719	3743	25	16.05	14.66	-262.0	598.0	107.2	6.75	4.08	3	GAP-live	0	0.24	0.00	0.24	0.00	0.00	0.00	0.00	0.08	3live:i/1blank:i/1blank:i/3live:i/3live:i/3live:i/3live:i/3live:i/3live:i/3live:i/3live:i/3live:i/3live:i/3live:i/3live:i/3live:i/3live:i/3live:i/3live:i/3live:i/3live:i/3live:i/3live:i/3live:i/3live:i/3live:i/3live:i/3live:t	0			
pdhd	028084_20	48	0	4048	4050	3	1.71	2.30	-105.8	505.8	57.4	1.55	1.80	1	GAP-short	0	0.80	0.00	0.80	0.00	0.00	0.00	0.00	0.00	1blank:i/1blank:i/1blank:i/1blank:i	0			
pdhd	028084_20	65	0	4575	4622	48	28.35	25.80	-14.2	480.5	108.5	12.71	2.23	3	GAP-live	0	0.10	0.00	0.10	0.00	0.00	0.12	0.88	0.00	1blank:i/3live:t/3live:t/1blank:i	0			
pdhd	028084_20	124	0	6869	6870	2	3.47	4.06	0.2	470.1	422.8	1.74	2.77	3	GAP-short	0	0.50	0.00	0.50	0.00	0.00	0.00	0.00	0.00	3live:i/3live:t	0			
pdhd	028084_21	20	0	119	123	5	3.00	3.30	-347.4	203.9	200.7	1.91	2.12	3	GAP-live	0	0.43	0.00	0.43	0.00	0.00	0.00	0.00	0.00	1blank:i/1blank:i	0			
pdhd	028084_21	20	0	125	127	3	1.99	2.54	-347.5	206.1	198.9	1.50	1.47	3	GAP-short	0	0.80	0.00	0.80	0.00	0.00	0.00	0.00	0.00	3live:t/1blank:i/1blank:i/1blank:i	0			
pdhd	028084_21	23	0	135	136	2	1.51	2.09	-45.4	274.2	12.1	1.26	1.26	2	D-3live	1	1.00	0.00	1.00	0.00	0.00	0.00	0.00	0.50	3live:i/3live:t/3live:i	0	3.17	5.98	1.990
pdhd	028084_21	23	0	149	150	2	1.24	1.90	-45.6	267.2	18.9	1.10	0.48	1	D-sbt	1	1.00	0.00	1.00	0.00	0.00	0.00	1.00	0.00	3live:i/3live:t	0	11.25		
pdhd	028084_21	23	0	165	169	5	3.36	3.31	-43.1	262.2	24.3	1.92	2.33	3	GAP-short	0	0.57	0.00	0.57	0.00	0.60	0.00	0.00	0.20	2blank+:i/1blank:i/2blank+:i/3live:i/3live:i/3live:t	0			
pdhd	028084_21	23	0	175	211	37	22.30	21.31	-36.0	266.5	35.0	10.28	3.28	3	GAP-live	0	0.14	0.00	0.14	0.00	0.00	0.05	0.00	0.00	1blank:i/1blank:t/1blank:i/3live:t	0			
pdhd	028084_21	26	0	758	760	3	2.07	2.42	-145.0	274.9	175.2	1.05	1.18	1	D-3live	1	1.00	0.00	1.00	0.00	0.00	0.00	0.33	0.00	3live:t/3live:i/3live:t	0	7.79	14.03	1.696
pdhd	028084_21	30	0	1501	1538	38	23.31	21.48	-146.7	536.4	103.5	9.59	3.65	2	GAP-live	0	0.12	0.00	0.12	0.00	0.00	0.11	0.45	0.08	3live:i/3live:t/1blank:i/3live:t/3live:i	0			
pdhd	028084_21	30	0	1624	1629	6	6.32	6.71	-118.5	482.7	101.5	3.43	2.68	2	GAP-live	0	0.15	0.00	0.15	0.00	0.00	0.00	0.17	0.00	1blank:i/3live:t/1blank:t/1blank:i	0			
pdhd	028084_21	30	0	1634	1646	13	7.57	7.76	-120.5	475.1	103.0	4.91	1.67	3	GAP-live	0	0.12	0.00	0.12	0.08	0.00	0.00	0.08	0.00	2blank+:i/3live:t/1blank:i/2blank+:i/1blank:i/1blank:i/1blank:i	0			
pdhd	028084_21	30	0	1653	1686	34	68.53	68.31	-104.3	455.6	96.5	24.52	2.98	3	GAP-live	0	0.04	0.00	0.04	0.00	0.00	0.06	0.00	0.06	1blank:i/3live:t/3live:i/3live:i	0			
pdhd	028084_21	56	0	3502	3504	3	2.07	2.60	-173.2	393.0	319.7	1.40	1.66	2	D-3live	1	1.00	0.00	1.00	0.00	0.00	0.00	0.00	0.33	3live:t/3live:i/3live:t	0	4.93		
pdhd	028084_21	56	0	3510	3511	2	1.07	1.59	-173.3	389.0	321.9	0.95	1.20	2	D-3live	1	1.00	0.00	1.00	0.00	0.00	0.00	0.00	0.50	3live:i/3live:i	0	4.36		
pdhd	028084_21	56	0	3515	3519	5	2.75	3.38	-173.3	385.6	323.4	1.77	1.52	2	GAP-short	0	0.57	0.00	0.57	0.00	0.00	0.00	0.00	0.00	3live:i/3live:i/3live:i	0			
pdhd	028084_21	56	0	3523	3526	4	2.54	3.04	-173.4	381.8	325.4	1.84	1.80	2	GAP-short	0	0.67	0.00	0.67	0.00	0.00	0.00	0.00	0.00	3live:i/3live:i/3live:i	0			
pdhd	028084_21	56	0	3529	3535	7	4.56	4.01	-173.6	378.2	327.2	2.49	2.39	2	GAP-short	0	0.62	0.00	0.62	0.00	0.00	0.00	0.00	0.14	3live:i/3live:i/3live:e	0			
pdhd	028084_21	56	0	3538	3543	6	2.71	3.24	-173.8	373.9	328.6	3.54	2.34	3	FIT	0	0.33	0.00	0.33	0.00	0.00	0.00	0.00	1.00	3live:i/3live:e	1			
pdhd	028084_21	120	0	5110	5112	3	1.83	2.26	217.6	591.3	251.1	1.23	0.71	1	FIT	1	1.00	0.00	1.00	0.00	1.00	0.00	0.00	1.00	3live:i/3live:t	0			
pdhd	028084_21	120	0	5116	5117	2	1.37	1.90	217.7	588.3	250.4	1.30	0.85	1	D-crawl	1	1.00	0.00	1.00	0.00	1.00	0.00	0.50	0.00	3live:i/3live:i/3live:t	0	13.80		
pdhd	028084_21	134	0	6344	6548	205	132.35	125.87	75.1	511.6	5.9	64.95	1.55	3	GAP-live	0	0.01	0.00	0.01	0.00	0.00	0.03	0.49	0.00	3live:i/3live:i/1blank:t/1blank:i	0			
pdhd	028084_21	134	0	6550	6551	2	1.23	2.10	77.6	447.0	6.0	3.07	1.08	1	GAP-live	0	0.00	0.00	0.00	0.00	0.00	0.00	0.00	0.00	3live:i/3live:i	0			
pdhd	028084_21	134	0	6583	6586	4	2.89	3.61	78.0	427.1	6.0	1.36	1.19	2	D-blank-int	1	1.00	0.00	1.00	0.00	0.00	0.00	0.00	0.00	1blank:i/1blank:i	0	0.32		
pdhd	028084_21	134	0	6617	6620	4	2.88	3.05	78.7	407.5	5.8	1.67	2.38	1	GAP-short	0	0.83	0.00	0.83	0.00	0.00	0.00	0.50	0.00	3live:i/3live:i/3live:t	0			
pdhd	028084_21	134	0	6634	6636	3	1.83	2.45	78.8	398.1	5.8	1.13	0.81	1	D-blank-int	1	1.00	0.00	1.00	0.00	0.00	0.00	0.00	0.00	1blank:i/1blank:i	0	0.46		
pdhd	028084_21	134	0	6700	6703	4	2.21	1.25	82.1	359.7	6.1	1.80	1.64	3	FIT	1	1.00	0.00	1.00	0.00	0.00	0.00	0.00	1.00	3live:t/3live:i/3live:i	0			
pdhd	028084_21	134	0	6708	6721	14	8.57	8.50	79.4	355.6	8.7	5.33	1.67	3	GAP-live	0	0.12	0.00	0.12	0.00	0.00	0.14	0.29	0.00	3live:t/3live:i/1blank:i/3live:e	0			
pdhd	028084_21	136	0	7108	7109	2	1.28	4.51	1.8	441.8	61.9	1.34	2.33	3	GAP-short	0	0.56	0.00	0.56	0.00	0.00	0.00	0.00	0.00	3live:i/1blank:i	0			
pdhd	028084_22	33	0	306	315	10	5.86	6.32	-332.7	469.0	225.2	3.42	1.34	3	GAP-live	0	0.31	0.00	0.31	0.00	0.00	0.00	0.00	0.00	1blank:t/1blank:i/1blank:i/1blank:i/1blank:i/1blank:i/1blank:i/2blank+:i/1blank:i/1blank:i	0			
pdhd	028084_22	33	0	332	337	6	4.20	5.40	-318.7	459.8	223.8	2.93	1.74	2	GAP-live	0	0.45	0.00	0.45	0.00	0.00	0.00	0.00	0.00	2blank+:i/1blank:i/1blank:i/1blank:i/1blank:i/1blank:i/1blank:i	0			
pdhd	028084_22	33	0	350	361	12	7.82	8.01	-308.4	453.0	222.8	3.63	3.28	2	GAP-live	0	0.38	0.00	0.38	0.00	0.00	0.00	0.08	0.00	1blank:t/1blank:i/1blank:i/1blank:i/1blank:i/1blank:i/1blank:i/1blank:i/1blank:i/1blank:i/1blank:i/1blank:i/1blank:i/1blank:i/1blank:t/3live:i	0			
pdhd	028084_22	33	0	398	399	2	1.15	1.79	-286.0	438.2	220.5	1.03	0.45	1	GAP-short	0	1.00	0.00	1.00	0.00	0.00	0.00	0.00	0.00	1blank:i/1blank:i/1blank:t	0			
pdhd	028084_22	33	0	409	435	27	16.29	16.87	-274.2	430.5	219.3	7.56	4.28	2	GAP-live	0	0.21	0.00	0.21	0.00	0.00	0.04	0.00	0.07	1blank:t/1blank:i/1blank:i/1blank:i/3live:t/3live:i	0			
pdhd	028084_22	33	0	472	489	18	10.72	11.02	-245.1	410.9	215.8	5.49	1.34	3	GAP-live	0	0.23	0.00	0.23	0.00	0.00	0.11	0.00	0.06	3live:i/3live:i/1blank:i/1blank:i	0			
pdhd	028084_22	44	0	703	704	2	1.20	1.88	-292.8	551.3	205.7	1.26	0.43	3	D-3live	1	1.00	0.00	1.00	0.00	0.00	0.00	0.00	0.00	3live:i/3live:i/3live:t	0	2.98	2.98	1.000
pdhd	028084_22	93	0	2175	2183	9	28.04	28.56	187.4	378.3	90.2	6.91	2.49	3	GAP-live	0	0.12	0.00	0.12	0.00	0.00	0.00	0.00	0.33	3live:i/3live:i/1blank:i/3live:t/3live:t	0			
pdhd	028084_22	93	0	2187	2209	23	21.33	17.91	175.7	376.0	100.3	3.98	3.74	3	GAP-live	0	0.14	0.00	0.14	0.00	0.00	0.00	0.00	0.00	3live:i/1blank:i/3live:t/1blank:i/3live:i	0			
pdhd	028084_23	1	0	0	4	5	3.06	2.85	-350.8	177.5	185.0	3.35	2.92	3	FIT	0	0.33	0.00	0.33	0.00	0.00	0.00	0.00	1.00	3live:t/3live:i	1			
pdhd	028084_23	1	0	8	10	3	1.48	2.07	-348.7	174.3	183.6	2.06	2.33	3	FIT	0	0.75	0.00	0.75	0.00	0.00	0.00	0.00	1.00	3live:i/3live:e	1			
pdhd	028084_23	35	0	735	737	3	4.75	5.34	-279.5	300.5	230.8	1.69	2.07	2	GAP-live	0	0.27	0.00	0.27	0.00	0.00	0.00	0.00	0.00	1blank:i/1blank:t/1blank:t/1blank:i	0			
pdhd	028084_23	38	0	1026	1034	9	5.12	5.90	-331.3	146.7	108.8	2.40	1.85	1	GAP-short	0	0.67	0.00	0.67	0.00	0.00	0.00	0.00	0.00	1blank:t/1blank:i/1blank:i/1blank:i/1blank:i/1blank:i/1blank:i/1blank:t/1blank:t/1blank:t	0			
pdhd	028084_23	38	0	1046	1055	10	6.62	7.52	-320.3	143.0	111.4	3.72	1.28	2	GAP-live	0	0.27	0.00	0.27	0.00	0.00	0.00	0.00	0.00	1blank:i/1blank:i/1blank:i/1blank:i/1blank:i/1blank:i/1blank:i/1blank:i/1blank:i/1blank:i/1blank:i/1blank:t/1blank:i	0			
pdhd	028084_23	38	0	1102	1134	33	22.39	21.37	-285.2	130.6	119.0	8.94	3.12	3	GAP-live	0	0.23	0.00	0.23	0.00	0.00	0.03	0.00	0.00	3live:t/1blank:i/3live:t/1blank:t/1blank:i/1blank:t/1blank:t/1blank:i	0			
pdhd	028084_23	45	0	2738	2769	32	35.10	32.60	-323.7	191.8	36.6	15.58	2.72	3	GAP-live	0	0.06	0.00	0.06	0.00	0.00	0.00	0.91	0.00	1blank:i/3live:t/1blank:i/1blank:i	0			
pdhd	028084_23	45	0	2799	2816	18	10.56	10.94	-317.1	162.5	10.1	4.18	3.93	1	GAP-live	0	0.27	0.00	0.27	0.00	0.00	0.22	0.78	0.17	3live:i/3live:t/3live:t/1blank:i	0			
pdhd	028084_23	46	0	2857	2929	73	48.56	46.09	-340.3	253.2	13.5	20.42	3.77	3	GAP-live	0	0.09	0.00	0.09	0.00	0.00	0.01	0.45	0.01	3live:i/3live:t/1blank:i/1blank:i/3live:i	0			
pdhd	028084_23	49	0	3014	3050	37	40.27	39.44	-82.1	556.9	179.6	10.02	3.05	3	GAP-live	0	0.09	0.00	0.09	0.00	0.00	0.11	0.89	0.03	1blank:i/1blank:t/3live:i/3live:t	0			
pdhd	028084_23	51	0	3319	3322	4	2.22	2.76	-212.2	454.4	325.1	1.15	0.79	3	GAP-short	0	1.00	0.00	1.00	0.00	0.00	0.00	0.00	0.00	3live:i/3live:i	0			
pdhd	028084_23	125	0	5699	5701	3	2.33	2.84	0.1	382.4	184.7	1.58	2.05	2	GAP-short	0	0.83	0.00	0.83	0.00	0.00	0.33	0.33	0.00	1blank:i/3live:t/3live:i/1blank:i	0			
pdhd	028084_23	127	0	6638	6643	6	3.52	4.40	-4.5	498.0	68.2	2.49	0.45	1	GAP-live	0	0.11	0.22	0.33	0.00	0.00	0.00	0.00	0.00	1blank:i/1blank:i/1blank:i/1blank:i/1blank:i/1blank:t	0			
pdhd	028084_24	26	0	1180	1308	129	77.79	72.28	-213.8	542.4	41.7	35.95	2.76	3	GAP-live	0	0.04	0.00	0.04	0.00	0.00	0.02	0.44	0.03	3live:t/1blank:i/3live:i/3live:t	0			
pdhd	028084_24	33	0	1898	1903	6	4.25	3.55	-12.3	379.8	103.6	3.35	2.66	2	GAP-live	0	0.29	0.00	0.29	0.00	0.00	0.00	0.00	0.00	3live:i/3live:i/3live:i/3live:i/3live:t	0			
pdhd	028084_24	33	0	1927	1928	2	1.34	1.94	-10.8	392.5	101.2	1.35	2.06	2	GAP-short	0	1.00	0.00	1.00	0.00	0.00	0.50	0.00	0.50	3live:i/3live:i/3live:i	0			
pdhd	028084_24	33	0	1935	2017	83	53.78	43.63	-12.8	408.1	83.9	21.61	3.29	3	GAP-live	0	0.07	0.00	0.07	0.00	0.00	0.06	0.46	0.02	1blank:i/3live:t/1blank:i/3live:i/3live:i/3live:i	0			
pdhd	028084_24	33	0	2031	2044	14	8.77	8.87	-8.7	434.8	69.0	3.23	4.13	2	GAP-short	0	0.56	0.00	0.56	0.00	0.00	0.00	0.00	0.07	3live:i/3live:t/3live:t/1blank:i	0			
pdhd	028084_24	44	0	2129	2130	2	1.32	1.84	-187.5	575.4	176.2	1.36	0.42	3	D-3live	1	1.00	0.00	1.00	0.00	0.00	0.00	0.00	0.50	3live:i/3live:t	0	3.04	3.04	1.000
pdhd	028084_24	47	0	2387	2422	36	52.70	45.08	-31.2	17.6	450.0	11.54	2.06	3	GAP-live	0	0.07	0.00	0.07	0.00	0.00	0.50	0.00	0.06	3live:t/3live:i/3live:i	0			
pdhd	028084_24	47	1	2426	2455	30	48.53	44.36	-29.7	18.6	449.1	10.76	1.30	3	GAP-live	0	0.07	0.00	0.07	0.00	0.00	0.07	0.00	0.07	3live:t/3live:i/3live:i/3live:e	0			
pdhd	028084_24	67	0	3842	3845	4	2.52	2.79	-74.8	443.0	448.5	1.27	1.43	1	D-crawl	1	1.00	0.00	1.00	0.00	1.00	0.00	0.00	0.00	1blank:i/1blank:i/1blank:i/1blank:i	0	3.84	10.55	2.095
pdhd	028084_24	136	0	7866	7867	2	1.00	1.64	11.0	27.6	309.2	1.14	0.71	3	GAP-short	0	1.00	0.00	1.00	0.00	0.00	0.00	0.00	0.00	3live:i/3live:i	0			
pdhd	028084_25	91	0	2697	2698	2	1.15	1.65	138.1	17.9	245.8	0.58	1.41	1	D-crawl	1	1.00	0.00	1.00	0.00	1.00	0.00	0.00	0.00	3live:t/1blank:i/1dead:i	0	2.73		
pdhd	028084_25	98	0	3907	3909	3	10.90	11.51	135.1	458.6	396.6	1.15	1.60	3	GAP-live	0	0.30	0.00	0.30	0.00	0.00	0.00	0.00	0.33	3live:i/3live:t/1blank:i/1blank:i	0			
pdhd	028084_25	98	0	3914	4000	87	56.91	46.61	112.8	442.4	398.0	21.90	2.72	3	GAP-live	0	0.04	0.00	0.04	0.00	0.00	0.09	0.51	0.00	1blank:i/1blank:i/3live:i/3live:t/1blank:i	0			
pdhd	028084_25	98	0	4016	4051	36	22.41	22.46	101.3	409.9	404.6	11.60	2.00	3	GAP-live	0	0.11	0.00	0.11	0.00	0.00	0.11	0.19	0.03	3live:t/3live:i/1blank:i/3live:t/3live:i/3live:t/3live:i	0			
pdhd	028084_25	114	0	4465	4470	6	5.19	5.80	0.0	188.9	115.4	2.19	2.17	2	GAP-live	0	0.42	0.00	0.42	0.00	0.00	0.00	0.50	0.00	1blank:i/3live:t/1blank:i/3live:t	0			
pdhd	028084_25	114	0	4623	4665	43	26.53	26.69	-41.6	287.6	124.9	13.47	3.92	2	GAP-live	0	0.08	0.00	0.08	0.00	0.00	0.05	0.00	0.00	3live:t/3live:i/1blank:i/1blank:i	0			
pdhd	028084_25	114	0	4671	4687	17	10.24	10.68	-49.5	306.7	126.1	2.44	2.36	3	GAP-short	0	0.52	0.00	0.52	0.00	0.00	0.00	0.00	0.06	3live:i/3live:i/3live:i/3live:i/3live:i/3live:i/3live:i/3live:i/3live:i/3live:i/3live:i/3live:i/3live:i/1blank:i/3live:i	0			
pdhd	028084_25	114	0	4690	4692	3	1.56	2.44	-52.5	313.8	126.0	0.69	1.67	1	FIT	1	1.00	0.00	1.00	0.00	0.00	0.00	0.00	1.00	3live:i/3live:t/3live:i	0			
pdhd	028084_25	114	0	4823	4838	16	10.40	11.06	-86.0	393.6	128.4	4.56	3.11	2	GAP-live	0	0.36	0.00	0.36	0.00	0.00	0.00	0.00	0.00	1blank:i/1blank:i/1blank:i/1blank:i/1blank:i/1blank:i/1blank:i/1blank:i/1blank:i/1blank:i/1blank:t	0			
pdhd	028084_25	114	0	5004	5028	25	15.48	16.14	-132.6	499.3	131.5	7.99	2.15	2	GAP-live	0	0.19	0.00	0.19	0.00	0.00	0.04	0.00	0.04	3live:t/3live:i/3live:i/3live:t	0			
pdhd	028084_26	38	0	583	589	7	4.12	4.73	-154.6	583.5	124.5	2.43	3.61	1	GAP-live	0	0.22	0.00	0.22	0.00	0.00	0.00	0.14	0.00	3live:t/1blank:i/3live:t/3live:i	0			
pdhd	028084_26	38	0	596	597	2	1.46	1.86	-154.9	578.2	121.3	1.12	2.34	1	D-blank-int	1	1.00	0.00	1.00	0.00	0.00	0.00	0.00	0.00	3live:t/1blank:i	0	0.63		
pdhd	028084_26	38	0	617	635	19	11.05	11.06	-154.5	565.1	115.1	5.34	2.99	2	GAP-live	0	0.09	0.23	0.27	0.00	0.00	0.11	0.53	0.00	3live:t/3live:t/1blank:i/3live:t	0			
pdhd	028084_26	38	0	645	646	2	1.17	1.76	-153.3	557.2	109.9	1.76	1.70	1	GAP-short	0	0.50	0.00	0.50	0.00	0.00	0.00	0.00	0.00	3live:t/3live:i	0			
pdhd	028084_26	38	0	648	650	3	2.45	2.64	-152.3	556.0	108.5	2.92	2.78	2	GAP-live	0	0.00	0.00	0.00	0.00	0.00	0.33	0.00	0.00	3live:i/3live:i/3live:i	0			
pdhd	028084_26	38	0	659	666	8	5.28	5.58	-150.4	550.2	109.5	3.23	1.93	1	GAP-live	0	0.36	0.00	0.36	0.00	0.00	0.12	0.00	0.00	3live:i/3live:e/3live:i/3live:i/3live:i	0			
pdhd	028084_26	38	0	673	674	2	1.20	1.73	-150.1	544.3	111.5	1.80	1.84	2	GAP-live	0	0.33	0.00	0.33	0.00	0.00	0.50	0.00	0.00	3live:i/3live:t/3live:i	0			
pdhd	028084_26	53	0	1382	1383	2	1.17	2.34	-226.1	13.0	377.7	1.61	2.72	3	GAP-short	0	0.60	0.00	0.60	0.00	0.00	0.00	0.00	0.00	2blank+:i/2blank+:i	0			
pdhd	028084_26	118	0	4179	4205	27	18.36	18.67	352.0	29.4	268.6	8.81	4.24	2	GAP-live	0	0.03	0.00	0.03	0.00	0.00	0.26	0.26	0.04	3live:i/3live:t/3live:e/3live:i	0			
pdhd	028084_27	26	0	40	42	3	2.34	2.62	-132.2	569.6	156.8	1.98	1.77	1	GAP-short	0	0.60	0.00	0.60	0.00	0.00	0.00	0.00	0.00	3live:i/3live:i	0			
pdhd	028084_27	26	0	46	47	2	1.11	1.73	-132.8	566.1	156.8	1.26	1.36	1	D-3live	1	1.00	0.00	1.00	0.00	0.00	0.00	0.00	0.50	3live:i/3live:i	0	4.00		
pdhd	028084_27	26	0	53	54	2	1.45	1.89	-132.4	562.2	157.0	1.28	1.47	1	D-sbt	1	1.00	0.00	1.00	0.00	0.00	0.00	1.00	0.50	3live:i/3live:t	0	12.00		
pdhd	028084_27	26	0	74	80	7	4.28	4.57	-133.1	548.7	154.5	1.51	2.65	1	GAP-short	0	0.67	0.00	0.67	0.00	0.00	0.00	0.29	0.29	3live:i/3live:t/3live:i/3live:i	0			
pdhd	028084_27	26	0	107	123	17	11.76	10.61	-132.9	528.9	144.7	5.33	4.08	1	GAP-live	0	0.24	0.00	0.24	0.00	0.00	0.59	0.00	0.00	3live:i/1blank:i/1blank:i	0			
pdhd	028084_27	26	0	165	168	4	2.14	2.40	-132.9	502.5	138.0	1.41	1.94	1	GAP-short	0	1.00	0.00	1.00	0.00	0.00	0.00	0.25	0.50	3live:i/3live:i/3live:i/3live:t	0			
pdhd	028084_27	26	0	185	186	2	1.02	1.78	-132.7	493.5	132.7	4.13	nan	1	GAP-live	0	0.00	0.00	0.00	0.00	1.00	0.00	0.00	0.00	3live:i/3live:i/3live:i	0			
pdhd	028084_27	26	0	192	193	2	1.10	1.64	-133.1	492.9	129.5	1.04	2.18	1	GAP-short	0	1.00	0.00	1.00	0.00	1.00	0.00	0.00	0.50	3live:t/3live:i/3live:i	0			
pdhd	028084_27	26	0	215	216	2	0.53	1.24	-132.6	481.0	127.2	0.85	1.54	1	FIT	0	1.00	0.00	1.00	0.00	1.00	0.00	0.00	1.00	3live:i/3live:i	1			
pdhd	028084_27	32	0	779	795	17	11.86	12.32	-242.6	66.2	30.8	5.73	3.58	2	GAP-live	0	0.28	0.00	0.28	0.00	0.00	0.06	0.00	0.00	3live:i/1blank:i/1blank:t/1blank:i/1blank:i/1blank:i/3live:t	0			
pdhd	028084_27	32	0	824	827	4	2.70	3.28	-256.4	86.6	29.3	1.66	1.84	1	GAP-short	0	0.71	0.00	0.71	0.00	0.00	0.00	0.00	0.00	1blank:i/1blank:t/1blank:i/1blank:i/1blank:i	0			
pdhd	028084_27	32	0	980	981	2	1.24	1.92	-309.6	163.4	23.4	1.27	0.20	1	GAP-short	0	1.00	0.00	1.00	0.00	0.00	0.00	0.00	0.00	1blank:i/1blank:i/1blank:i	0			
pdhd	028084_27	32	0	1009	1012	4	3.06	3.56	-320.4	178.9	22.2	1.88	1.16	1	GAP-live	0	0.43	0.00	0.43	0.00	0.00	0.00	0.00	0.00	1blank:i/1blank:i/1blank:i/1blank:t/1blank:i	0			
pdhd	028084_27	32	0	1062	1073	12	8.38	9.06	-341.4	208.1	20.1	4.08	2.53	1	GAP-live	0	0.39	0.00	0.39	0.00	0.00	0.00	0.00	0.00	1blank:i/1blank:i/1blank:i/1blank:i/1blank:i/1blank:i/1blank:i/1blank:i/1blank:i/1blank:i/1blank:i/1blank:i/1blank:i/1blank:i/1blank:i	0			
pdhd	028084_27	46	0	1292	1307	16	10.20	10.97	-50.0	45.1	344.6	4.74	4.21	3	GAP-live	0	0.32	0.00	0.32	0.00	0.00	0.00	0.00	0.31	3live:t/3live:i/3live:i/3live:t	0			
pdhd	028084_27	57	0	1703	1718	16	10.07	10.18	-328.5	546.0	174.9	3.26	3.67	2	GAP-live	0	0.30	0.00	0.30	0.00	0.00	0.00	0.19	0.12	3live:t/3live:t/3live:i/3live:t	0			
pdhd	028084_27	57	0	1720	1722	3	1.91	2.38	-328.3	540.8	171.0	1.21	0.89	1	D-3live	1	1.00	0.00	1.00	0.00	0.00	0.00	0.00	0.00	3live:t/3live:t	0	1.17	1.17	1.000
pdhd	028084_27	57	0	1726	1755	30	18.44	18.06	-328.1	531.2	164.8	2.82	3.47	2	GAP-short	0	0.50	0.00	0.50	0.00	0.00	0.00	0.17	0.13	3live:t/3live:t/3live:i/3live:t/3live:t	0			
pdhd	028084_27	57	0	1762	1763	2	1.37	1.92	-328.3	520.6	157.9	1.16	1.00	2	FIT	1	1.00	0.00	1.00	0.00	0.00	0.00	0.00	1.00	3live:i/3live:i	0			
pdhd	028084_27	57	0	1768	1773	6	3.91	3.86	-329.5	516.3	157.2	1.29	1.32	2	D-3live	1	1.00	0.00	1.00	0.00	0.00	0.00	0.00	0.67	3live:i/3live:t	0	10.11		
pdhd	028084_27	57	0	1775	1777	3	1.98	2.37	-329.5	513.2	156.7	1.14	1.18	1	FIT	1	1.00	0.00	1.00	0.00	0.00	0.00	1.00	1.00	3live:t/3live:e	0			
pdhd	028084_27	104	0	2912	2913	2	1.48	1.37	94.4	227.9	335.2	0.68	1.64	2	D-3live	1	1.00	0.00	1.00	0.50	0.00	0.00	0.00	0.50	1dead:i/1dead:i/1dead:i/3live:i	0	1.92		
pdhd	028084_27	111	0	3399	3415	17	39.50	39.88	8.1	585.6	307.6	8.54	1.43	3	GAP-live	0	0.05	0.00	0.05	0.00	0.00	0.00	0.00	0.06	3live:i/3live:i/3live:i/3live:i	0			
pdhd	028084_28	30	0	250	253	4	2.29	3.02	-220.2	435.4	89.9	1.37	2.28	1	GAP-short	0	1.00	0.00	1.00	0.00	0.00	0.00	0.00	0.50	3live:i/3live:t/3live:i/3live:i/3live:i	0			
pdhd	028084_28	37	0	793	798	6	4.18	4.46	-194.2	25.4	15.8	1.96	3.08	2	GAP-short	0	0.78	0.00	0.78	0.00	0.00	0.00	0.00	0.00	3live:t/1blank:i/1blank:i/1blank:i/3live:i/1blank:t/3live:i	0			
pdhd	028084_28	49	0	3615	3616	2	1.16	4.64	-234.0	234.7	461.1	1.10	1.85	3	GAP-short	0	0.67	0.00	0.67	0.00	0.00	0.00	0.00	0.00	2blank+:i/2blank+:i/3live:i	0			
pdhd	028084_28	49	0	3623	3625	3	4.34	5.04	-229.8	238.6	460.8	1.38	2.39	3	GAP-short	0	0.70	0.00	0.70	0.00	0.00	0.00	0.33	0.00	1blank:t/2blank+:i/2blank+:i/2blank+:i/2blank+:i	0			
pdhd	028084_28	49	0	3647	3649	3	4.89	5.45	-202.0	257.9	458.7	1.16	2.70	3	GAP-short	0	0.82	0.00	0.82	0.00	0.00	0.00	0.00	0.00	3live:i/2blank+:i/2blank+:i	0			
pdhd	028084_28	49	0	3657	3660	4	2.69	3.17	-195.0	263.6	458.1	1.53	1.81	3	GAP-short	0	0.83	0.00	0.83	0.00	0.00	0.00	0.00	0.00	3live:i/2blank+:i/2blank+:i/2blank+:i/2blank+:i	0			
pdhd	028084_28	49	0	3684	3686	3	4.91	5.43	-177.2	276.3	456.3	1.03	1.76	2	GAP-short	0	0.64	0.00	0.64	0.00	0.00	0.00	0.00	0.00	3live:i/1blank:t/2blank+:i/2blank+:i/3live:i	0			
pdhd	028084_28	49	0	3702	3706	5	4.74	5.32	-164.8	284.8	455.3	1.77	2.35	2	GAP-short	0	0.91	0.00	0.91	0.00	0.00	0.00	0.00	0.20	3live:i/1blank:t/1blank:i/2blank+:i/3live:i/3live:t	0			
pdhd	028084_28	49	0	3711	3717	7	4.05	4.84	-158.8	289.8	454.7	1.99	2.26	3	GAP-short	0	0.80	0.00	0.80	0.00	0.00	0.00	0.00	0.00	1blank:t/2blank+:i/2blank+:i/2blank+:i/2blank+:i/2blank+:i/1blank:i/3live:t	0			
pdhd	028084_28	60	0	3922	3936	15	9.31	9.61	-227.8	16.2	201.2	4.43	3.86	2	GAP-live	0	0.32	0.00	0.32	0.00	0.00	0.00	0.07	0.00	1blank:i/3live:i/1blank:i/1blank:t/1blank:i/1blank:i/1blank:i	0			
pdhd	028084_28	60	0	4149	4152	4	2.93	3.65	-159.3	130.0	223.0	1.90	0.87	2	GAP-short	0	0.71	0.00	0.71	0.00	0.00	0.00	0.00	0.25	3live:i/3live:i	0			
pdhd	028084_28	96	0	4487	4488	2	1.35	1.64	343.2	42.8	438.0	1.01	1.42	1	D-3live	1	1.00	0.00	1.00	0.00	0.00	0.00	0.00	0.50	3live:t/3live:i	0	2.84	9.25	4.239
pdhd	028084_28	106	0	5686	5704	19	12.19	12.42	176.5	553.2	81.4	6.29	1.28	2	GAP-live	0	0.20	0.00	0.20	0.00	0.00	0.05	0.00	0.05	1blank:i/3live:i/3live:t/3live:t/3live:i	0			
pdhd	028084_28	114	0	6866	6877	12	6.91	11.00	145.2	583.8	284.7	6.64	nan	3	GAP-live	0	0.05	0.00	0.05	0.00	0.00	0.42	0.25	0.25	3live:i/3live:i/3live:t/3live:i/1blank:i	0			
pdhd	028084_28	114	0	6879	6883	5	5.99	6.58	143.1	582.3	289.9	6.49	2.55	3	GAP-live	0	0.15	0.00	0.15	0.00	0.00	1.00	0.00	0.00	3live:i/1blank:i	0			
pdhd	028084_28	114	0	6891	6901	11	9.65	10.02	136.9	582.3	290.8	4.50	4.00	3	GAP-live	0	0.30	0.00	0.30	0.00	0.00	0.55	0.00	0.00	3live:i/1blank:i/3live:i	0			
pdhd	028084_28	129	0	9800	9804	5	2.92	3.45	-49.6	133.7	180.8	1.40	1.80	1	GAP-short	0	1.00	0.00	1.00	0.00	0.00	0.00	0.00	0.00	1blank:i/1blank:i/1blank:i/1blank:i/1blank:t/1blank:i	0			
pdhd	028084_28	130	0	10596	10598	3	2.00	3.61	-0.4	38.5	259.2	1.65	0.57	1	GAP-short	0	0.86	0.00	0.86	0.00	0.00	0.67	0.00	0.00	3live:t/3live:i/3live:i	0			
pdhd	028084_28	130	0	10644	10645	2	1.39	0.58	-18.2	57.2	263.6	1.43	2.54	1	D-crawl	1	1.00	0.00	1.00	0.00	1.00	0.00	0.00	0.00	1blank:i/1blank:i	0	0.63		
pdhd	028084_28	130	0	10648	10652	5	3.20	1.49	-18.6	58.1	263.8	2.10	3.32	1	D-crawl	1	1.00	0.00	1.00	0.00	1.00	0.00	0.00	0.00	1blank:i/1blank:i/1blank:i	0	1.65		
pdhd	028084_29	13	0	5	6	2	0.60	1.18	-348.8	53.3	267.4	1.85	1.90	1	FIT	0	0.50	0.00	0.50	0.50	0.00	0.00	0.00	1.00	1dead:i/1dead:e	1			
pdhd	028084_29	38	0	40	53	14	8.54	6.24	-109.9	583.3	196.9	1.96	3.69	2	GAP-short	0	0.75	0.00	0.75	0.00	0.50	0.00	0.14	0.00	1blank:i/1blank:i/2blank+:i/3live:t/1blank:i/1blank:t/1blank:i	0			
pdhd	028084_29	44	0	73	74	2	12.53	13.13	-343.9	23.9	101.8	2.17	0.74	3	GAP-live	0	0.12	0.00	0.12	0.00	0.00	0.00	0.00	0.00	1blank:i/1blank:i	0			
pdhd	028084_29	44	0	97	100	4	5.14	5.39	-327.3	44.3	101.6	1.63	1.81	3	GAP-short	0	0.64	0.00	0.64	0.00	0.00	0.00	0.00	0.00	3live:i/3live:t/1blank:i/1blank:i/2blank+:i	0			
pdhd	028084_29	44	0	125	136	12	6.78	7.51	-313.3	61.7	101.4	2.94	3.41	1	GAP-short	0	0.53	0.00	0.53	0.00	0.00	0.00	0.00	0.00	1blank:i/1blank:i/1blank:i/1blank:i/1blank:i/1blank:i/1blank:i/1blank:i/1blank:i/1blank:i/1blank:t	0			
pdhd	028084_29	44	0	153	168	16	9.19	9.75	-302.2	75.3	101.3	4.58	3.40	1	GAP-live	0	0.30	0.00	0.30	0.00	0.00	0.00	0.00	0.00	1blank:t/1blank:i/1blank:i/1blank:i/1blank:i/2blank+:i/1blank:i/1blank:i/1blank:i/1blank:i/1blank:i/1blank:i/1blank:i	0			
pdhd	028084_29	44	0	181	193	13	7.47	8.11	-292.4	86.8	100.7	3.31	3.08	1	GAP-live	0	0.44	0.00	0.44	0.00	0.00	0.00	0.00	0.00	1blank:i/1blank:t/1blank:i/1blank:i/1blank:i/1blank:i/1blank:i/1blank:i/1blank:i/1blank:i/1blank:t/1blank:i/1blank:i	0			
pdhd	028084_29	44	0	268	283	16	9.30	9.68	-256.8	128.3	99.7	4.85	1.30	1	GAP-live	0	0.21	0.00	0.21	0.00	0.00	0.06	0.00	0.12	3live:i/3live:i/3live:i/3live:i	0			
pdhd	028084_29	44	0	306	336	31	20.39	20.89	-239.0	150.4	99.8	10.23	2.33	1	GAP-live	0	0.12	0.00	0.12	0.00	0.00	0.03	0.00	0.00	3live:t/1blank:i/1blank:i/1blank:i/1blank:i	0			
pdhd	028084_29	50	0	637	641	5	2.99	3.62	-220.9	462.9	284.0	2.34	3.97	1	GAP-short	0	0.57	0.00	0.57	0.00	0.00	0.00	0.00	0.00	3live:i/1blank:t/1blank:i/1blank:i/1blank:i	0			
pdhd	028084_29	50	0	705	708	4	2.44	2.97	-186.5	484.0	269.2	2.37	3.19	1	GAP-short	0	0.50	0.00	0.50	0.00	0.00	0.25	0.00	0.25	3live:i/3live:i/3live:i	0			
pdhd	028084_29	56	0	1896	1897	2	1.17	4.62	-125.0	238.9	230.0	1.15	1.94	1	GAP-short	0	1.00	0.00	1.00	0.00	0.00	1.00	0.00	0.00	3live:i/3live:i	0			
pdhd	028084_29	56	0	2240	2241	2	1.29	1.81	-161.8	370.1	71.3	1.42	2.46	1	GAP-short	0	0.75	0.00	0.75	0.00	0.00	0.00	0.50	0.50	3live:i/3live:i/3live:t	0			
pdhd	028084_29	103	0	3009	3010	2	7.94	9.17	347.4	176.4	18.2	1.24	1.23	3	GAP-live	0	0.33	0.00	0.33	0.00	0.00	0.00	0.00	0.00	2blank+:i/2blank+:i/2blank+:i/2blank+:i	0			
pdhd	028084_3	22	0	51	119	69	41.70	41.64	-41.3	485.8	34.9	18.89	3.83	2	GAP-live	0	0.06	0.00	0.06	0.00	0.00	0.04	0.00	0.01	3live:i/3live:t/1blank:i/1blank:i/3live:i	0			
pdhd	028084_3	22	0	137	138	2	1.15	1.61	-42.6	459.7	52.9	1.06	1.06	3	D-3live	1	1.00	0.00	1.00	0.00	0.00	0.00	0.00	0.50	3live:i/3live:i	0	3.30		
pdhd	028084_3	22	0	140	144	5	3.69	4.59	-42.7	457.0	54.7	1.55	1.31	3	GAP-short	0	0.89	0.00	0.89	0.00	0.00	0.00	0.00	0.20	3live:i/3live:i/3live:i/1blank:i	0			
pdhd	028084_3	22	0	156	159	4	2.38	2.85	-43.3	449.4	60.3	1.89	0.88	3	GAP-short	0	0.67	0.00	0.67	0.00	0.00	0.00	0.00	0.00	3live:i/1blank:i/3live:i	0			
pdhd	028084_3	22	0	186	298	113	71.77	69.60	-46.3	409.2	90.0	32.89	1.84	3	GAP-live	0	0.01	0.00	0.01	0.00	0.00	0.07	0.48	0.00	1blank:i/1blank:t/3live:t/1blank:i	0			
pdhd	028084_3	22	0	312	314	3	1.58	1.75	-46.0	374.2	114.8	1.46	0.91	2	GAP-short	0	1.00	0.00	1.00	0.00	0.00	0.00	0.33	0.00	1blank:i/2blank+:i/1blank:t/3live:t	0			
pdhd	028084_3	22	0	320	321	2	1.27	1.84	-44.1	371.2	116.4	1.07	1.03	3	GAP-short	0	1.00	0.00	1.00	0.00	0.00	0.00	0.00	0.00	1blank:i/3live:i/3live:i	0			
pdhd	028084_3	22	0	347	352	6	3.59	2.94	-35.7	361.4	124.0	2.07	2.71	2	GAP-live	0	0.33	0.00	0.33	0.00	0.00	0.00	0.17	0.00	3live:t/1blank:i/1blank:i/3live:t	0			
pdhd	028084_3	28	0	750	751	2	1.18	1.75	-271.8	21.9	108.5	1.18	0.60	1	GAP-short	0	1.00	0.00	1.00	0.00	0.00	0.00	0.00	0.00	1blank:i/1blank:i	0			
pdhd	028084_3	37	0	1519	1529	11	62.53	78.72	-316.0	12.4	451.8	7.96	nan	3	GAP-live	0	0.01	0.12	0.13	0.00	0.00	0.00	0.00	0.00	3live:e/3live:e/3live:e/3live:t	0			
pdhd	028084_3	37	0	1535	1538	4	39.31	39.76	-250.3	13.0	450.8	13.69	0.43	3	GAP-live	0	0.03	0.03	0.05	0.00	0.00	0.00	0.00	0.25	3live:e/3live:t	0			
pdhd	028084_3	37	0	1543	1601	59	88.23	85.40	-187.6	11.4	448.8	17.00	1.14	3	GAP-live	0	0.01	0.00	0.01	0.00	0.00	0.00	0.00	0.00	3live:t/3live:i/3live:i/3live:e	0			
pdhd	028084_3	37	1	1608	1661	54	86.97	85.60	-186.9	11.8	448.5	16.88	0.89	3	GAP-live	0	0.02	0.00	0.02	0.00	0.00	0.00	0.00	0.00	3live:t/3live:i/3live:i/3live:e	0			
pdhd	028084_3	37	1	1666	1669	4	38.82	39.42	-247.2	13.0	450.8	13.85	0.20	3	GAP-live	0	0.03	0.01	0.04	0.00	0.00	0.00	0.00	0.00	3live:e/3live:t	0			
pdhd	028084_3	37	1	1674	1686	13	79.05	79.26	-324.3	12.3	451.8	7.93	1.59	3	GAP-live	0	0.01	0.13	0.14	0.00	0.00	0.00	0.00	0.08	3live:t/3live:e/3live:e/3live:t	0			
pdhd	028084_3	49	0	2737	2774	38	44.53	43.64	-13.5	599.4	284.2	19.25	1.84	3	GAP-live	0	0.05	0.00	0.05	0.03	0.00	0.00	0.00	0.00	3live:t/3live:i/1dead:t/1dead:e	0			
pdhd	028084_3	99	0	5463	5466	4	2.39	2.19	202.3	567.8	315.4	1.34	2.04	2	D-crawl	1	1.00	0.00	1.00	0.00	1.00	0.00	0.00	0.00	1blank:i/1blank:i/1blank:t	0	6.05	5.27	0.623
pdhd	028084_30	26	0	204	205	2	1.12	2.00	-147.7	510.9	64.3	0.32	1.29	1	FIT	1	1.00	0.00	1.00	0.00	0.00	0.00	0.00	1.00	3live:i/3live:t/3live:i	0			
pdhd	028084_30	107	0	4446	4454	9	29.03	30.21	42.4	33.6	454.8	11.83	1.22	3	GAP-live	0	0.08	0.00	0.08	0.00	0.00	0.00	0.00	0.00	3live:t/3live:i	0			
pdhd	028084_30	107	0	4459	4460	2	12.55	13.15	19.8	16.7	447.2	1.04	1.16	3	FIT	0	0.19	0.00	0.19	0.00	0.00	0.00	0.00	1.00	3live:i/3live:i/3live:e/3live:i	0			
pdhd	028084_30	115	0	4850	4854	5	3.46	3.98	-0.5	147.3	436.0	2.09	2.76	3	GAP-short	0	0.50	0.00	0.50	0.00	0.00	0.40	0.60	0.00	3live:t/1blank:i/1blank:i/3live:t	0			
pdhd	028084_4	31	0	1106	1107	2	1.62	2.10	-328.4	525.8	104.9	1.21	2.26	1	D-crawl	1	1.00	0.00	1.00	0.00	1.00	0.00	0.00	0.50	3live:i/3live:i/3live:i	0	4.28		
pdhd	028084_4	31	0	1238	1241	4	2.52	3.15	-308.2	454.0	90.0	1.19	2.86	1	GAP-short	0	0.50	0.83	1.00	0.00	0.00	0.00	0.00	0.25	3live:i/3live:t	0			
pdhd	028084_4	31	0	1243	1256	14	8.61	8.94	-311.5	449.2	92.2	3.51	4.00	2	GAP-live	0	0.28	0.11	0.39	0.00	0.00	0.14	0.00	0.29	3live:i/3live:i/3live:t/3live:i/3live:t	0			
pdhd	028084_4	31	0	1283	1287	5	2.80	2.12	-312.3	429.6	93.2	2.07	2.50	1	D-3live	1	1.00	0.00	1.00	0.00	0.00	0.00	0.00	0.20	3live:i/3live:i	0	1.29		
pdhd	028084_4	31	0	1292	1298	7	4.53	4.73	-312.1	425.7	90.8	3.88	2.34	2	GAP-live	0	0.00	0.00	0.00	0.00	0.00	0.00	0.00	0.00	3live:i/1blank:i/3live:i/1blank:i/1blank:i	0			
pdhd	028084_4	31	0	1300	1318	19	11.80	12.03	-311.0	417.9	90.9	2.83	4.91	1	GAP-short	0	0.67	0.00	0.67	0.00	0.00	0.00	0.11	0.00	1blank:i/1blank:i/1blank:t/1blank:i	0			
pdhd	028084_4	31	0	1380	1386	7	4.30	4.78	-310.7	373.5	97.9	2.44	3.36	2	GAP-short	0	0.60	0.00	0.60	0.00	0.00	0.00	0.14	0.00	1blank:i/3live:t/1blank:i/3live:i	0			
pdhd	028084_4	31	0	1409	1525	117	73.83	69.55	-308.2	324.5	100.0	34.96	4.53	3	GAP-live	0	0.03	0.00	0.03	0.00	0.00	0.01	0.50	0.00	2blank+:i/1blank:i/3live:t/1blank:i	0			
pdhd	028084_4	31	0	1539	1543	5	3.06	3.54	-307.1	282.9	103.4	1.77	1.80	1	GAP-short	0	0.71	0.00	0.71	0.00	0.00	0.00	0.00	0.20	1blank:i/3live:i/1blank:i/3live:t	0			
pdhd	028084_4	31	0	1552	1553	2	1.31	1.70	-309.5	277.0	104.2	1.11	1.35	1	GAP-short	0	1.00	0.00	1.00	0.00	0.00	0.00	0.00	0.00	3live:i/3live:t/3live:i	0			
pdhd	028084_4	47	0	2981	2998	18	11.29	9.42	-3.5	172.3	129.0	3.67	2.53	2	GAP-live	0	0.37	0.00	0.37	0.00	0.00	0.00	0.00	0.06	3live:i/3live:i/3live:i/3live:i/3live:i/1blank:i/3live:i/3live:i/1blank:i/1blank:i/3live:i/1blank:t	0			
pdhd	028084_4	47	0	3011	3013	3	1.85	2.39	-1.5	180.0	120.4	1.50	1.32	2	GAP-short	0	0.80	0.00	0.80	0.00	0.00	0.00	0.00	0.00	3live:i/1blank:i	0			
pdhd	028084_4	53	0	3162	3236	75	45.71	39.75	-180.1	57.4	419.3	20.02	3.43	3	GAP-live	0	0.05	0.00	0.05	0.00	0.00	0.01	0.00	0.23	3live:i/3live:t/3live:i/3live:i/3live:i/1blank:i	0			
pdhd	028084_4	53	0	3248	3327	80	52.52	50.84	-183.0	93.0	416.3	21.95	3.52	2	GAP-live	0	0.05	0.00	0.05	0.00	0.00	0.04	0.45	0.00	1blank:i/3live:t/3live:i/1blank:i	0			
pdhd	028084_4	53	0	3354	3372	19	11.75	9.59	-182.6	128.0	399.0	5.39	1.63	2	GAP-live	0	0.11	0.00	0.11	0.00	0.00	0.84	0.16	0.00	1dead:i/3live:t/1blank:i	0			
pdhd	028084_4	57	0	4714	4716	3	2.01	1.91	-167.0	588.0	452.5	1.37	1.71	1	D-blank-term	1	1.00	0.00	1.00	0.00	0.00	0.00	0.00	0.00	1blank:t/1blank:i/1blank:i	0	2.13		
pdhd	028084_4	57	0	4722	4791	70	42.96	35.70	-183.7	585.2	441.8	18.45	3.08	3	GAP-live	0	0.04	0.00	0.04	0.00	0.00	0.01	0.00	0.01	3live:i/3live:i/3live:i/3live:i	0			
pdhd	028084_4	57	0	4819	4878	60	38.98	36.16	-196.9	559.8	409.2	17.76	2.34	3	GAP-live	0	0.08	0.00	0.08	0.00	0.00	0.10	0.38	0.03	3live:i/3live:t/3live:t/3live:i	0			
pdhd	028084_4	57	0	4907	4908	2	1.29	1.26	-193.8	534.5	386.5	1.62	1.29	1	GAP-short	0	0.67	0.00	0.67	0.00	0.00	0.00	0.00	0.00	3live:i/3live:t	0			
pdhd	028084_4	57	0	4920	4923	4	2.53	3.06	-192.8	527.9	380.7	1.80	2.49	1	GAP-short	0	0.50	0.00	0.50	0.00	0.00	0.00	0.00	0.00	3live:t/3live:i/3live:i/3live:i	0			
pdhd	028084_4	57	0	4926	4930	5	3.33	3.49	-190.9	527.0	378.6	1.91	1.70	3	GAP-live	0	0.43	0.00	0.43	0.00	0.00	0.00	0.00	0.40	3live:i/3live:i/3live:i/3live:i/3live:i/3live:t	0			
pdhd	028084_4	57	0	4932	4966	35	22.82	20.57	-190.6	519.8	372.9	7.36	3.67	3	GAP-live	0	0.15	0.00	0.15	0.00	0.00	0.00	0.00	0.00	1blank:t/3live:i/3live:i/3live:i/3live:i/3live:i/3live:i/3live:i/3live:i/3live:i/3live:i/3live:i/3live:i/3live:i/3live:i/3live:i/3live:i/3live:i/3live:i/3live:i/3live:i/3live:t	0			
pdhd	028084_4	57	0	4969	4981	13	8.09	7.64	-189.2	511.1	360.1	3.17	2.88	3	GAP-live	0	0.40	0.00	0.40	0.00	0.00	0.00	0.00	0.00	3live:i/3live:i/3live:i/3live:i/3live:t/3live:i/3live:i/3live:i	1			
pdhd	028084_4	103	0	5400	5402	3	1.77	2.04	212.6	169.0	93.0	0.58	1.62	2	FIT	1	1.00	1.00	1.00	0.00	0.00	0.00	0.00	1.00	3live:i/3live:i/3live:t	0			
pdhd	028084_4	103	0	5409	5414	6	4.66	4.70	216.2	169.8	97.1	0.75	2.30	3	D-3live	1	0.78	1.00	1.00	0.00	0.00	0.00	0.00	0.67	3live:i/3live:i/3live:i/3live:i/3live:i/3live:i	0	7.84		
pdhd	028084_4	114	0	5948	5951	4	2.81	3.65	244.8	421.7	457.9	1.71	2.67	1	GAP-short	0	0.86	0.00	0.86	0.00	1.00	0.00	0.00	0.25	3live:i/1blank:i/3live:i/3live:i	0			
pdhd	028084_4	114	0	6128	6129	2	1.33	1.63	244.6	334.9	395.4	1.03	1.44	1	FIT	1	1.00	0.00	1.00	0.00	1.00	0.00	0.00	1.00	3live:i/3live:i	0			
pdhd	028084_4	119	0	6560	6562	3	3.01	3.58	0.5	455.3	355.0	1.47	1.55	3	GAP-short	0	0.86	0.00	0.86	0.00	0.00	1.00	0.00	0.00	1blank:i/3live:i	0			
pdhd	028084_5	52	0	1443	1445	3	18.56	19.15	-231.5	13.6	453.1	16.70	1.15	3	GAP-live	0	0.03	0.00	0.03	0.00	0.00	0.00	0.00	0.00	1blank:i/3live:i	0			
pdhd	028084_5	52	0	1448	1469	22	31.76	30.37	-207.6	15.1	451.5	14.77	3.31	3	GAP-live	0	0.05	0.00	0.05	0.00	0.00	0.00	0.00	0.09	1blank:i/3live:i/3live:i/3live:t/3live:i	0			
pdhd	028084_5	52	0	1473	1489	17	10.31	9.58	-188.2	17.0	451.0	5.14	3.30	3	FIT	0	0.16	0.11	0.26	0.00	0.00	0.00	0.00	0.82	3live:t/3live:i/3live:i/3live:t	0			
pdhd	028084_5	52	0	1495	1501	7	4.77	3.95	-180.1	15.0	449.9	2.68	2.49	3	GAP-live	0	0.25	0.12	0.38	0.00	0.00	0.00	0.00	0.14	3live:i/3live:t	0			
pdhd	028084_5	52	0	1506	1571	66	58.11	50.13	-160.0	12.3	449.1	14.24	3.15	3	GAP-live	0	0.01	0.01	0.02	0.00	0.00	0.00	0.00	0.00	3live:t/3live:i	0			
pdhd	028084_5	52	0	1576	1577	2	1.30	1.62	-125.5	11.5	450.4	1.20	nan	3	GAP-short	0	0.00	1.00	1.00	0.00	0.00	0.00	0.00	0.00	3live:t/3live:i	0			
pdhd	028084_5	52	0	1582	1601	20	78.33	78.61	-90.8	10.9	451.2	13.30	0.72	3	GAP-live	0	0.01	0.04	0.06	0.00	0.00	0.00	0.00	0.05	3live:t/3live:i/3live:e/3live:e	0			
pdhd	028084_5	52	1	1606	1620	15	78.03	78.57	-85.8	11.0	451.7	13.49	0.76	3	GAP-live	0	0.01	0.05	0.06	0.00	0.00	0.00	0.00	0.07	3live:t/3live:i/3live:e/3live:e	0			
pdhd	028084_5	52	1	1626	1689	64	58.73	52.34	-158.6	12.3	449.3	13.72	3.21	3	GAP-live	0	0.02	0.08	0.10	0.00	0.00	0.00	0.00	0.00	3live:t/3live:i	0			
pdhd	028084_5	52	1	1693	1697	5	2.90	3.48	-180.0	13.5	450.1	2.08	1.95	3	GAP-short	0	0.29	0.29	0.57	0.00	0.00	0.00	0.00	0.20	3live:i/3live:t	0			
pdhd	028084_5	52	1	1704	1719	16	10.01	9.50	-188.1	16.8	451.1	5.17	3.35	3	FIT	0	0.16	0.11	0.26	0.00	0.00	0.00	0.00	0.81	3live:t/3live:i/3live:i/3live:t	0			
pdhd	028084_5	52	1	1726	1768	43	35.83	30.71	-206.5	16.7	452.7	15.21	2.94	3	GAP-live	0	0.03	0.00	0.03	0.00	0.00	0.00	0.00	0.14	1blank:i/3live:i/3live:i/3live:t/3live:i	0			
pdhd	028084_5	52	1	1771	1773	3	18.10	18.70	-231.8	13.7	453.1	17.00	1.15	3	GAP-live	0	0.03	0.00	0.03	0.00	0.00	0.00	0.00	0.00	1blank:i/3live:i	0			
pdhd	028084_5	109	0	3946	3961	16	11.08	11.30	21.2	554.7	184.1	5.97	3.41	3	GAP-live	0	0.17	0.00	0.17	0.00	0.00	0.06	0.00	0.12	3live:t/3live:i/1blank:i/3live:i	0			
pdhd	028084_5	109	0	3971	3981	11	7.94	8.06	16.2	543.9	177.4	4.06	3.04	2	GAP-live	0	0.31	0.00	0.31	0.00	0.00	0.00	0.00	0.09	3live:i/3live:i/2blank+:i/2blank+:i/3live:i/2blank+:i/1blank:i/2blank+:i	0			
pdhd	028084_5	109	0	3998	4006	9	5.43	5.86	11.8	530.8	171.8	2.65	3.50	2	GAP-short	0	0.50	0.00	0.50	0.00	0.00	0.00	0.00	0.56	3live:i/3live:i/3live:i/3live:t	0			
pdhd	028084_5	109	0	4016	4031	16	12.51	10.24	10.2	522.1	167.0	4.34	3.06	3	GAP-live	0	0.35	0.00	0.35	0.12	0.00	0.00	0.00	0.00	1blank:i/2blank+:i/1blank:i/1blank:i/1blank:i/2blank+:i/2blank+:i/2blank+:i/2blank+:i/2blank+:i/2blank+:i	0			
pdhd	028084_5	111	0	4088	4092	5	3.83	4.30	42.6	564.7	248.3	1.91	1.89	3	GAP-short	0	0.67	0.00	0.67	0.00	0.00	0.00	0.00	0.20	3live:i/3live:i/3live:i/3live:i/3live:i/3live:i	0			
pdhd	028084_5	111	0	4133	4158	26	17.45	17.18	32.9	540.0	249.9	8.72	4.07	2	GAP-live	0	0.15	0.00	0.15	0.00	0.00	0.04	0.00	0.00	1blank:i/1blank:i/1blank:i/3live:i	0			
pdhd	028084_5	111	0	4161	4164	4	2.35	2.97	39.1	531.6	249.5	1.71	1.66	2	GAP-short	0	0.67	0.00	0.67	0.00	0.00	0.00	0.00	0.00	3live:i/1blank:i/1blank:i/3live:i	0			
pdhd	028084_5	111	0	4166	4323	158	98.79	97.72	34.9	482.6	252.3	42.61	2.54	3	GAP-live	0	0.02	0.00	0.02	0.00	0.00	0.01	0.00	0.01	3live:i/3live:i/3live:i/3live:i	0			
pdhd	028084_5	111	0	4328	4393	66	43.45	43.31	28.2	409.5	256.5	22.08	1.89	3	GAP-live	0	0.03	0.00	0.03	0.00	0.00	0.03	0.00	0.00	3live:i/3live:i/3live:i/3live:i	0			
pdhd	028084_5	111	0	4400	4535	136	87.61	86.12	23.0	341.2	259.5	43.62	1.82	3	GAP-live	0	0.02	0.00	0.02	0.00	0.00	0.01	0.00	0.00	3live:i/3live:i/3live:i/3live:i	0			
pdhd	028084_5	111	0	4541	4626	86	58.84	53.80	17.8	268.6	262.8	23.56	2.68	3	GAP-live	0	0.04	0.00	0.04	0.00	0.00	0.57	0.00	0.00	3live:i/3live:i/3live:i	0			
pdhd	028084_5	111	0	4630	4744	115	71.85	64.76	9.8	210.6	258.6	32.61	2.93	3	GAP-live	0	0.03	0.00	0.03	0.00	0.00	0.47	0.00	0.01	3live:i/3live:i/3live:i/3live:i	0			
pdhd	028084_5	111	0	4758	4759	2	1.20	1.81	4.0	171.6	255.8	0.60	3.07	1	FIT	1	1.00	0.00	1.00	0.00	0.00	0.00	0.00	1.00	3live:i/3live:i	0			
pdhd	028084_5	111	0	4761	4818	58	42.49	40.53	3.2	152.4	261.5	18.97	5.19	3	GAP-live	0	0.06	0.00	0.06	0.00	0.00	0.00	0.00	0.05	3live:i/3live:i/3live:i/3live:t	0			
pdhd	028084_5	111	0	4828	4830	3	2.15	2.43	3.4	128.7	265.6	1.18	1.95	2	GAP-short	0	1.00	0.00	1.00	0.00	0.00	0.00	0.00	0.00	3live:i/1blank:i/1blank:i/3live:i	0			
pdhd	028084_5	111	0	4861	4866	6	3.58	4.14	4.3	108.9	268.0	1.64	1.69	2	D-blank-int	1	1.00	0.00	1.00	0.00	0.00	0.00	0.00	0.17	3live:i/3live:i/3live:t/1blank:i	0	3.84		
pdhd	028084_5	111	0	4873	4874	2	1.38	1.80	3.4	103.2	267.7	1.45	1.27	1	D-blank-int	1	1.00	0.00	1.00	0.00	0.00	0.00	0.00	0.00	1blank:i/3live:t	0	1.48	1.48	1.000
pdhd	028084_5	111	0	4924	4926	3	1.08	1.67	2.2	76.5	268.6	1.15	2.08	2	FIT	0	1.00	0.00	1.00	0.00	0.00	0.00	0.00	1.00	3live:i/3live:i	1			
pdhd	028084_5	113	0	5164	5165	2	1.28	1.90	200.6	370.5	434.8	1.65	2.02	1	GAP-dead	0	0.50	0.00	0.50	1.00	0.00	0.00	0.00	0.50	1dead:i/1dead:i/1dead:i/1dead:t	0			
pdhd	028084_5	136	0	6420	6424	5	3.82	1.75	-275.2	301.6	259.3	2.51	4.17	2	GAP-short	0	1.00	0.00	1.00	0.00	1.00	0.00	0.00	0.00	1blank:i/3live:i	0			
pdhd	028084_5	136	0	6426	6427	2	1.26	1.89	-274.4	300.4	259.4	1.00	2.66	1	GAP-short	0	1.00	0.00	1.00	0.00	1.00	0.00	0.00	0.50	3live:i/1blank:i/3live:i	0			
pdhd	028084_6	21	0	52	55	4	2.57	2.71	-121.5	580.9	131.5	1.86	1.87	2	GAP-live	0	0.40	0.00	0.40	0.00	0.00	0.00	0.00	0.00	1blank:i/1blank:i	0			
pdhd	028084_6	27	0	82	88	7	4.90	5.05	-93.7	599.6	43.4	2.09	2.19	1	D-crawl	1	0.50	0.00	0.50	0.00	0.71	0.00	0.00	0.29	3live:i/3live:i/3live:i/3live:i/3live:i/3live:i/3live:i/3live:i/3live:t	0	7.14		
pdhd	028084_6	27	0	192	254	63	51.95	51.78	-91.2	537.2	18.8	25.97	2.75	3	GAP-live	0	0.05	0.00	0.05	0.00	0.00	0.03	0.00	0.02	3live:t/3live:i/3live:i/3live:i	0			
pdhd	028084_6	36	0	862	863	2	1.22	1.68	-112.5	48.8	207.3	1.14	1.66	1	D-crawl	1	1.00	0.00	1.00	0.00	1.00	0.00	0.00	0.00	1blank:i/1blank:i/1blank:i	0	2.04	20.28	8.234
pdhd	028084_6	36	0	885	959	75	45.04	43.17	-112.4	74.7	188.5	13.41	1.20	3	GAP-live	0	0.03	0.00	0.03	0.00	0.00	0.03	0.00	0.00	3live:i/3live:t/3live:t/1blank:i	0			
pdhd	028084_6	50	0	1350	1361	12	60.33	60.84	-90.1	18.3	442.1	9.65	1.77	3	GAP-live	0	0.06	0.00	0.06	0.00	0.00	0.08	0.00	0.17	3live:t/3live:e/3live:e	0			
pdhd	028084_6	91	0	1718	1719	2	1.42	1.32	346.4	60.4	80.7	0.67	1.50	3	FIT	0	1.00	0.00	1.00	0.00	0.00	0.00	1.00	1.00	3live:e/3live:i	1			
pdhd	028084_6	107	0	2987	2988	2	1.49	2.06	196.6	562.7	381.6	1.17	0.91	1	D-3live	1	1.00	0.00	1.00	0.00	0.00	0.00	0.00	0.50	3live:i/3live:i/3live:i	0	2.47		
pdhd	028084_6	123	0	4952	4957	6	3.45	3.44	-273.4	600.1	37.8	2.19	2.33	1	GAP-short	0	0.71	0.00	0.71	0.00	0.00	0.00	0.00	0.33	1dead:i/1dead:t/2blank+:i/1blank:i/1blank:i/1blank:t	0			
pdhd	028084_6	123	0	4980	4983	4	2.56	2.82	-263.5	589.0	41.8	1.60	1.75	2	D-blank-term	1	1.00	0.00	1.00	0.00	0.00	0.00	0.00	0.00	1blank:i/1blank:i/1blank:i/2blank+:i/1blank:t	0	5.01	7.23	1.340
pdhd	028084_6	123	0	5127	5128	2	1.19	2.07	-205.7	536.3	79.2	0.44	1.13	1	FIT	1	1.00	0.00	1.00	0.00	0.00	0.00	0.00	1.00	3live:i/3live:t/3live:i	0			
pdhd	028084_6	123	0	5807	5811	5	3.24	3.75	63.3	293.5	244.6	1.87	2.33	2	GAP-short	0	0.75	0.00	0.75	0.00	0.00	0.00	0.00	0.00	1blank:i/1dead:i/2blank+:i/1blank:i/1blank:i/1blank:i	0			
pdhd	028084_6	123	0	5820	5827	8	4.44	3.26	67.4	290.3	247.6	1.48	2.25	2	GAP-short	0	1.00	0.00	1.00	0.00	0.00	0.00	0.00	0.00	1blank:i/1blank:i/1blank:t/1blank:i/1blank:i/1blank:i/3live:i	0			
pdhd	028084_6	123	0	6387	6392	6	3.84	4.43	297.4	81.7	395.1	1.28	1.77	2	D-3live	1	1.00	0.00	1.00	0.00	0.00	0.00	0.33	0.67	3live:t/3live:i/3live:i/3live:i	0	9.18	11.20	1.177
pdhd	028084_7	33	0	316	321	6	3.84	4.14	-14.5	412.7	26.0	0.98	1.54	2	FIT	1	1.00	0.00	1.00	0.00	1.00	0.00	0.00	0.83	3live:i/3live:i/3live:i/3live:t/3live:i	0			
pdhd	028084_7	33	0	332	333	2	1.19	1.10	-17.6	406.3	29.6	1.12	1.89	2	D-crawl	1	1.00	0.00	1.00	0.00	1.00	0.00	0.00	0.00	3live:i/1blank:i/2blank+:i	0	1.43		
pdhd	028084_7	36	0	1159	1193	35	21.87	18.90	-308.0	305.2	7.0	9.89	3.14	3	GAP-live	0	0.11	0.00	0.11	0.00	0.00	0.06	0.54	0.00	1blank:i/1blank:i/1blank:i/1blank:t	0			
pdhd	028084_7	36	0	1203	1211	9	5.13	5.70	-313.9	297.2	16.0	1.74	2.74	3	D-blank-term	1	0.64	0.00	0.64	0.00	0.00	0.00	0.00	0.00	1blank:i/1blank:i/1blank:t/1blank:i/1blank:i	0	7.03		
pdhd	028084_7	36	0	1237	1238	2	1.11	1.95	-316.6	305.1	32.2	1.14	1.00	1	GAP-short	0	1.00	0.00	1.00	0.00	0.00	0.00	0.00	0.50	3live:i/3live:i	0			
pdhd	028084_7	36	0	1272	1313	42	27.05	25.65	-320.9	321.4	54.9	12.68	3.41	3	GAP-live	0	0.12	0.00	0.12	0.00	0.00	0.05	0.45	0.00	1blank:i/3live:t/3live:t/1blank:i	0			
pdhd	028084_7	36	0	1333	1334	2	1.29	1.93	-325.6	330.7	75.2	1.23	0.45	2	D-blank-int	1	1.00	0.00	1.00	0.00	0.00	0.00	0.50	0.00	3live:i/2blank+:i/3live:t	0	9.06	18.54	1.858
pdhd	028084_7	36	0	1346	1349	4	2.37	2.94	-326.8	333.6	82.0	1.21	2.21	1	GAP-short	0	1.00	0.00	1.00	0.00	0.00	0.00	0.25	0.50	3live:i/3live:t/3live:i/3live:t	0			
pdhd	028084_7	37	0	1407	1462	56	35.30	33.47	-210.9	545.8	225.1	16.21	3.57	3	GAP-live	0	0.10	0.00	0.10	0.00	0.00	0.11	0.89	0.00	3live:t/3live:i/3live:t/1blank:i	0			
pdhd	028084_7	37	0	1516	1521	6	3.42	4.22	-194.6	498.3	220.2	2.01	2.49	2	GAP-short	0	0.75	0.00	0.75	0.00	0.00	0.00	0.00	0.00	3live:i/3live:i/3live:i/3live:i/3live:i	0			
pdhd	028084_7	39	0	1695	1701	7	4.27	2.90	-55.9	376.9	37.2	2.21	3.06	1	D-crawl	1	1.00	0.00	1.00	0.00	1.00	0.00	0.00	0.00	1blank:i/1blank:i/2blank+:i	0	7.86		
pdhd	028084_7	39	0	1883	1886	4	2.10	2.57	-80.9	464.9	83.2	1.90	1.16	1	GAP-short	0	0.60	0.00	0.60	0.00	0.00	0.00	0.00	0.00	1blank:t/1blank:i/1blank:i/1blank:i/1blank:i	0			
pdhd	028084_7	39	0	1911	1912	2	1.24	1.74	-92.7	474.6	80.6	1.01	1.21	1	D-blank-int	1	1.00	0.00	1.00	0.00	0.00	0.00	0.00	0.00	1blank:i/1blank:i/3live:t	0	3.74		
pdhd	028084_7	39	0	1915	1916	2	1.20	1.80	-93.8	476.7	80.9	0.48	1.13	1	FIT	1	1.00	0.00	1.00	0.00	0.00	0.00	0.00	1.00	3live:i/3live:i/3live:t	0			
pdhd	028084_7	44	0	2529	2530	2	1.38	1.17	-240.1	305.3	152.2	0.82	1.41	3	FIT	1	1.00	1.00	1.00	0.00	0.00	0.00	0.00	1.00	3live:i/3live:i/3live:t	0			
pdhd	028084_7	71	0	4742	4745	4	2.21	1.15	-302.8	326.8	5.9	1.19	1.78	3	D-blank-term	1	1.00	1.00	1.00	0.00	0.00	0.00	0.00	0.00	3live:t/1blank:t/1blank:i	0	1.88	3.53	2.177
pdhd	028084_7	71	0	4748	4750	3	1.53	2.03	-302.2	329.0	6.5	1.50	1.15	2	GAP-short	0	0.75	0.25	0.75	0.00	0.00	0.00	0.33	0.00	3live:t/1blank:t/1blank:i/3live:e/2blank+:i	0			
pdhd	028084_7	71	0	4759	4766	8	4.96	5.33	-301.4	336.5	6.9	1.34	1.39	2	D-blank-term	1	0.73	0.36	1.00	0.00	0.00	0.00	0.12	0.00	2blank+:i/1blank:t/3live:t/1blank:i	0	11.13		
pdhd	028084_7	71	0	4768	4773	6	3.58	2.51	-301.0	340.8	5.4	0.52	2.61	1	D-blank-term	1	1.00	1.00	1.00	0.00	0.00	0.00	0.00	0.00	1blank:t/3live:t	0	0.59		
pdhd	028084_7	71	0	4810	4812	3	1.96	2.33	-294.9	360.7	11.7	0.64	1.11	3	D-3live	1	1.00	1.00	1.00	0.00	0.00	0.00	0.00	0.67	3live:t/3live:i	0	1.36	2.90	2.149
pdhd	028084_7	71	0	4814	4831	18	11.77	8.83	-294.1	366.2	11.8	0.97	2.75	3	XID	1	0.44	1.00	1.00	0.00	0.00	0.00	0.06	0.00	1blank:i/3live:t/1blank:i/3live:i/3live:i/3live:i/3live:i	0			
pdhd	028084_7	71	0	4857	4859	3	1.80	2.27	-288.6	386.0	14.4	0.47	1.27	1	FIT	1	1.00	1.00	1.00	0.00	0.00	0.00	0.00	1.00	3live:i/3live:t/3live:i	0			
pdhd	028084_7	71	0	4862	4872	11	6.92	6.98	-287.2	391.2	15.1	0.81	2.61	3	XID	1	0.29	1.00	1.00	0.00	0.00	0.00	0.00	0.18	3live:i/3live:i/3live:i/3live:i/3live:i/3live:i	0			
pdhd	028084_7	71	0	4877	4884	8	4.45	4.69	-285.7	398.4	16.1	0.79	2.41	2	D-3live	1	0.89	1.00	1.00	0.00	0.00	0.00	0.00	0.25	3live:i/3live:i/3live:i/3live:i/3live:i	0	5.70		
pdhd	028084_7	71	0	4910	4913	4	2.48	2.72	-279.1	413.7	18.9	0.75	3.10	2	D-blank-int	1	0.60	1.00	1.00	0.00	0.00	0.00	0.00	0.00	1blank:i/1blank:i/3live:i/3live:i/3live:i	0	3.75		
pdhd	028084_7	71	0	4919	4929	11	7.21	7.08	-277.9	418.7	20.7	0.90	3.04	2	D-3live	1	0.50	1.00	1.00	0.00	0.00	0.00	0.00	0.18	3live:i/3live:i/3live:i/3live:i/3live:i/3live:i/3live:i/3live:t	0	10.03		
pdhd	028084_7	71	0	4938	4943	6	3.84	4.18	-275.2	427.7	24.4	0.64	1.86	2	D-3live	1	0.50	1.00	1.00	0.00	0.00	0.00	0.00	0.50	3live:i/3live:t/3live:i/3live:i/3live:i/3live:i	0	5.98		
pdhd	028084_7	71	0	4945	4947	3	2.24	2.83	-273.9	430.8	24.8	0.80	1.79	1	D-3live	1	0.67	1.00	1.00	0.00	0.00	0.00	0.00	0.00	3live:i/3live:i/3live:i/3live:i	0	4.87		
pdhd	028084_7	71	0	4949	4966	18	11.00	11.16	-271.8	437.3	26.3	0.71	2.14	2	XID	1	0.36	1.00	1.00	0.00	0.00	0.00	0.00	0.00	3live:i/3live:i/3live:i/3live:i/3live:i/3live:i/3live:i/3live:i/3live:i/3live:i/3live:i/3live:i/3live:i/3live:i/3live:i	0			
pdhd	028084_7	71	0	4969	4971	3	1.73	2.25	-269.6	444.0	27.9	0.63	1.15	3	D-3live	1	1.00	1.00	1.00	0.00	0.00	0.00	0.00	0.00	3live:i/3live:i/3live:i	0	3.20		
pdhd	028084_7	71	0	4977	4983	7	4.40	4.87	-267.7	449.9	28.6	0.67	3.60	3	XID	1	0.30	1.00	1.00	0.00	0.00	0.00	0.00	0.00	3live:i/3live:i/3live:i/3live:i/3live:i	0			
pdhd	028084_7	71	0	4998	4999	2	1.36	1.99	-264.3	460.5	30.4	0.36	1.12	2	D-3live	1	1.00	1.00	1.00	0.00	0.00	0.00	0.00	0.50	3live:i/3live:t/3live:i	0	3.09		
pdhd	028084_7	71	0	5026	5047	22	14.08	13.21	-257.8	481.3	34.7	0.78	3.90	3	D-3live	1	0.54	1.00	1.00	0.00	0.00	0.00	0.00	0.14	3live:t/3live:i/3live:i/3live:i/3live:i/3live:i/3live:i/3live:i/3live:i/3live:i/3live:i/3live:i/3live:i/3live:i/3live:i	0	15.47		
pdhd	028084_7	105	0	5307	5315	9	5.58	6.20	117.9	101.3	153.2	2.97	3.02	2	GAP-live	0	0.42	0.00	0.42	0.00	0.00	0.00	0.56	0.56	3live:e/3live:i/3live:t/3live:i	0			
pdhd	028084_7	109	0	5324	5362	39	25.77	24.74	38.3	317.3	28.8	12.17	2.04	2	GAP-live	0	0.08	0.00	0.08	0.00	0.00	0.03	0.00	0.31	3live:t/3live:i/3live:i/3live:t/3live:i/3live:t	0			
pdhd	028084_7	115	0	5406	5408	3	4.67	5.18	45.5	35.2	124.5	1.47	2.13	3	GAP-short	0	0.50	0.00	0.50	0.00	0.00	0.00	0.33	0.33	3live:i/3live:i/2blank+:i/2blank+:i/3live:t/2blank+:i	0			
pdhd	028084_7	115	0	5414	5415	2	1.26	1.89	42.8	38.0	119.9	1.72	1.48	1	GAP-short	0	0.50	0.00	0.50	0.00	1.00	0.00	1.00	0.00	1blank:t/1blank:i	0			
pdhd	028084_8	29	0	150	151	2	1.42	1.93	-144.0	77.5	293.8	0.48	1.27	1	FIT	1	1.00	0.00	1.00	0.00	0.00	0.00	0.00	1.00	3live:t/3live:i	0			
pdhd	028084_8	29	0	153	154	2	1.04	1.52	-144.5	78.4	292.5	0.50	1.27	1	FIT	1	1.00	0.00	1.00	0.00	0.00	0.00	0.00	1.00	3live:i/3live:i/3live:i	0			
pdhd	028084_8	36	0	1150	1752	603	381.37	360.71	-314.0	215.6	211.7	67.10	3.74	3	GAP-live	0	0.01	0.00	0.01	0.00	0.00	0.00	0.50	0.00	1blank:i/1blank:t/1blank:i/3live:t	0			
pdhd	028084_8	36	0	1754	1765	12	7.83	7.59	-340.9	374.7	122.3	7.90	1.16	2	GAP-live	0	0.07	0.00	0.07	0.00	0.00	0.00	0.00	0.00	1blank:i/1blank:t	0			
pdhd	028084_8	36	0	1772	1773	2	1.29	1.79	-341.8	380.8	118.7	1.34	0.78	1	GAP-short	0	1.00	0.00	1.00	0.00	0.00	0.00	0.00	0.00	3live:i/3live:t/3live:i	0			
pdhd	028084_8	39	0	2149	2154	6	84.61	85.21	-24.2	68.5	458.4	24.89	0.77	3	GAP-live	0	0.02	0.00	0.02	0.00	0.00	0.00	0.00	0.00	3live:i/3live:i/3live:i/3live:i	0			
pdhd	028084_8	46	0	3013	3014	2	14.79	15.38	-227.0	80.9	418.6	0.96	1.61	3	FIT	0	0.16	0.00	0.16	0.00	0.00	0.00	0.00	1.00	3live:i/3live:i	0			
pdhd	028084_8	109	0	4993	4994	2	1.21	38.04	350.6	16.4	425.3	1.68	0.94	2	GAP-live	0	0.07	0.00	0.07	0.00	0.00	0.00	1.00	0.00	3live:t/3live:i	0			
pdhd	028084_8	120	0	5709	5715	7	4.22	4.81	-89.6	388.1	281.5	1.06	1.49	1	FIT	1	1.00	0.00	1.00	0.00	0.00	0.00	0.00	1.00	3live:i/3live:t	0			
pdhd	028084_8	120	0	5736	5739	4	13.26	13.86	-95.2	371.0	284.9	1.28	1.77	3	GAP-live	0	0.25	0.00	0.25	0.00	0.00	0.00	0.00	0.50	3live:t/3live:i/3live:i/3live:i	0			
pdhd	028084_9	20	0	950	951	2	3.21	3.36	-250.0	277.7	232.7	1.35	0.72	1	GAP-live	0	0.43	0.00	0.43	0.00	0.00	1.00	0.00	0.00	1blank:i/1blank:i	0			
pdhd	028084_9	27	0	1807	1811	5	2.97	3.43	-332.4	278.1	212.5	1.96	3.01	3	GAP-short	0	0.71	0.00	0.71	0.00	0.00	0.00	0.00	0.00	2blank+:i/2blank+:i/2blank+:i/2blank+:i/2blank+:i/3live:i	0			
pdhd	028084_9	37	0	2054	2092	39	152.47	151.25	-194.9	16.8	437.8	17.92	1.58	3	GAP-live	0	0.01	0.00	0.01	0.00	0.00	0.00	0.00	0.05	3live:e/3live:i/3live:e/3live:e	0			
pdhd	028084_9	50	0	2200	2375	176	131.27	127.08	-264.8	351.3	462.1	55.37	2.66	3	GAP-live	0	0.01	0.00	0.01	0.01	0.00	0.05	0.47	0.01	1blank:t/1dead:t/1dead:i/1dead:t	0			
pdhd	028084_9	50	0	2382	2384	3	1.68	2.21	-265.6	281.5	461.3	1.26	1.02	2	D-blank-int	1	1.00	0.00	1.00	0.00	0.00	0.00	0.00	0.00	1blank:i/1blank:i/1dead:i	0	1.77	1.77	1.000
pdhd	028084_9	50	0	2447	2449	3	1.96	2.50	-265.2	242.0	461.1	1.19	1.06	1	D-blank-int	1	1.00	0.00	1.00	0.00	0.00	0.00	0.00	0.00	1blank:i/1blank:i	0	1.00		
pdhd	028084_9	50	0	2484	2486	3	2.34	2.86	-265.7	216.9	462.0	2.33	0.55	2	GAP-dead	0	0.33	0.00	0.33	1.00	0.00	0.00	0.00	0.00	1dead:t/1blank:i	0			
pdhd	028084_9	50	0	2656	2664	9	6.75	7.02	-264.9	110.0	461.1	3.54	1.90	3	GAP-live	0	0.36	0.00	0.36	0.22	0.00	0.00	0.00	0.00	1blank:i/1blank:i/1blank:i/2blank+:i/2blank+:i/2blank+:i	0			
pdhd	028084_9	50	0	2667	2668	2	1.16	1.81	-265.2	104.8	461.4	1.15	0.69	1	GAP-short	0	1.00	0.00	1.00	0.00	0.00	0.00	0.50	0.00	1dead:t/1blank:i/2blank+:i	0			
pdhd	028084_9	120	0	4193	4195	3	49.34	49.95	31.2	38.1	414.6	1.59	2.00	3	GAP-live	0	0.03	0.00	0.03	0.00	0.00	0.00	0.00	0.33	3live:t/3live:i/3live:t/3live:e	0			
pdhd	029107_0	17	0	5	6	2	0.66	1.33	-13.2	383.3	393.9	1.14	1.63	2	FIT	0	1.00	0.00	1.00	1.00	0.00	0.00	1.00	1.00	1dead:e/1dead:i	1			
pdhd	029107_0	33	0	760	762	3	1.94	2.49	-18.1	586.8	67.9	0.72	1.45	1	FIT	1	1.00	0.00	1.00	0.00	0.00	0.00	0.00	1.00	3live:t/3live:i/3live:t	0			
pdhd	029107_0	33	0	767	803	37	21.76	21.64	-14.0	574.5	63.9	10.96	1.96	3	GAP-live	0	0.09	0.00	0.09	0.00	0.00	0.05	0.49	0.03	3live:i/3live:t/3live:t/1blank:i	0			
pdhd	029107_0	33	0	817	818	2	1.40	1.69	-8.7	558.9	61.3	1.04	1.93	1	D-crawl	1	1.00	0.00	1.00	0.00	0.50	0.00	0.50	0.00	1blank:i/3live:t/1blank:i	0	3.03		
pdhd	029107_0	33	0	822	835	14	8.75	8.38	-7.9	554.5	58.4	4.24	2.97	2	GAP-live	0	0.18	0.00	0.18	0.00	0.00	0.00	0.14	0.00	1blank:i/3live:t/1blank:i/1blank:i/3live:t/1blank:i/3live:i	0			
pdhd	029107_0	43	0	2331	2332	2	1.28	0.81	-132.0	162.6	184.3	0.71	1.63	1	D-crawl	1	1.00	0.00	1.00	0.00	0.50	0.00	0.00	0.00	3live:e/1blank:i	0	1.51		
pdhd	029107_0	49	0	3015	3053	39	109.36	109.72	-321.7	72.5	455.9	17.52	0.53	3	GAP-live	0	0.02	0.01	0.03	0.00	0.00	0.00	0.00	0.56	3live:t/3live:i/3live:i/3live:t	0			
pdhd	029107_0	56	0	3571	3592	22	49.61	48.93	-90.7	14.5	449.9	11.17	1.39	3	GAP-live	0	0.04	0.09	0.11	0.00	0.00	0.00	0.00	0.05	3live:t/3live:e/3live:i/3live:t	0			
pdhd	029107_0	134	0	5364	5370	7	4.20	4.28	-22.4	166.2	21.5	1.89	2.53	2	GAP-short	0	0.67	0.00	0.67	0.00	0.43	0.29	0.00	0.43	3live:i/3live:i/3live:t/3live:i/3live:t/3live:i	0			
pdhd	029107_0	134	0	5431	5443	13	7.79	8.95	3.0	186.3	34.7	1.86	3.10	2	D-blank-int	1	0.61	0.00	0.61	0.00	0.00	0.08	0.00	0.08	3live:t/3live:i/3live:i/1blank:i	0	11.58	20.75	1.268
pdhd	029107_0	135	0	5575	5576	2	0.98	1.39	43.2	557.4	232.5	0.88	1.42	1	D-blank-int	1	1.00	0.00	1.00	0.00	0.00	0.00	0.00	0.50	3live:t/3live:t/1blank:i/3live:t	0	3.51		
pdhd	029107_1	32	0	44	47	4	2.55	1.39	-309.8	241.1	217.3	1.49	1.91	1	D-crawl	1	1.00	0.00	1.00	0.00	1.00	0.00	0.50	0.25	3live:t/1blank:i/3live:t	0	5.59	2.34	0.400
pdhd	029107_1	32	0	71	72	2	1.55	1.22	-304.1	253.3	213.1	1.40	1.73	1	D-blank-int	1	1.00	0.00	1.00	0.00	0.00	0.00	0.00	0.50	3live:i/3live:t/1blank:i/3live:t	0	2.86	2.86	1.000
pdhd	029107_1	32	0	80	111	32	19.30	15.93	-299.2	259.7	207.7	8.93	1.19	3	GAP-live	0	0.06	0.00	0.06	0.00	0.00	0.03	0.00	0.00	1blank:i/1blank:i/1blank:i/1blank:i	0			
pdhd	029107_1	32	0	124	125	2	1.19	1.78	-292.9	271.9	200.4	0.73	1.11	2	D-blank-term	1	1.00	0.00	1.00	0.00	0.00	0.00	0.00	0.00	3live:i/1blank:t/1blank:i	0	2.59	2.59	1.000
pdhd	029107_1	32	0	127	128	2	1.42	2.16	-292.0	273.8	200.0	1.34	1.83	2	D-blank-int	1	1.00	0.00	1.00	0.00	0.00	0.00	0.00	0.00	1blank:i/1blank:i/1blank:i	0	2.78	2.78	1.000
pdhd	029107_1	32	0	225	253	29	18.18	18.47	-262.9	318.1	169.3	9.58	2.14	3	GAP-live	0	0.08	0.00	0.08	0.00	0.00	0.14	0.38	0.00	1blank:i/1blank:i/3live:t/1blank:i	0			
pdhd	029107_1	36	0	296	298	3	2.02	2.47	-334.2	218.6	232.5	1.58	nan	3	GAP-short	0	0.00	0.80	0.80	0.00	0.00	0.33	0.00	0.00	3live:i/3live:i/3live:t/3live:i	0			
pdhd	029107_1	36	0	362	363	2	1.15	1.92	-297.2	232.3	227.4	0.94	2.08	2	D-3live	1	0.75	0.75	1.00	0.00	0.00	0.00	0.00	0.00	3live:t/3live:i	0	0.32	0.32	1.000
pdhd	029107_1	36	0	371	372	2	1.32	1.94	-292.6	234.4	226.7	1.16	nan	2	XID	1	0.00	1.00	1.00	0.00	0.00	0.00	0.00	0.00	3live:i/3live:i	0			
pdhd	029107_1	36	0	380	384	5	3.30	2.49	-288.4	236.7	226.8	1.76	nan	1	GAP-short	0	0.00	1.00	1.00	0.00	0.00	0.00	0.00	0.00	3live:i/3live:i	0			
pdhd	029107_1	36	0	391	394	4	2.26	2.84	-283.0	237.8	224.8	0.87	1.70	2	D-3live	1	0.50	1.00	1.00	0.00	0.00	0.00	0.00	0.50	3live:i/3live:i	0	1.49	1.49	1.000
pdhd	029107_1	36	0	588	592	5	3.42	3.94	-173.6	277.6	209.0	1.83	2.99	3	GAP-short	0	0.50	0.25	0.75	0.00	0.00	0.00	0.00	0.00	3live:i/1blank:t/1blank:i/1blank:i/1blank:i/1blank:i/1blank:i	0			
pdhd	029107_1	36	0	611	618	8	5.16	5.62	-159.3	282.4	206.9	3.18	2.70	1	GAP-live	0	0.09	0.18	0.27	0.00	0.00	0.00	0.00	0.00	1blank:i/1blank:t/1blank:i/1blank:i/1blank:i/1blank:i/1blank:i/1blank:i/1blank:i	0			
pdhd	029107_1	36	0	707	710	4	2.50	3.10	-106.7	300.7	199.7	1.39	2.58	3	GAP-short	0	0.67	0.50	1.00	0.00	0.00	0.00	0.00	0.00	2blank+:i/2blank+:i/2blank+:i/3live:t/1blank:i	0			
pdhd	029107_1	36	0	781	786	6	3.49	4.18	-66.6	315.8	194.5	2.61	nan	3	GAP-live	0	0.00	0.25	0.25	0.00	0.00	0.00	0.00	0.00	3live:t/3live:i/1blank:t/1blank:i	0			
pdhd	029107_1	37	0	844	860	17	9.98	10.25	-54.8	488.4	35.9	4.98	3.34	3	GAP-live	0	0.30	0.00	0.30	0.00	0.00	0.06	0.00	0.12	3live:i/3live:t/3live:i/3live:i	0			
pdhd	029107_1	37	0	905	907	3	1.76	2.18	-51.3	461.6	37.9	1.80	2.64	1	GAP-short	0	0.50	0.00	0.50	0.00	0.00	0.00	0.67	0.00	1blank:i/1blank:i/3live:t	0			
pdhd	029107_1	37	0	911	917	7	4.30	4.76	-51.6	458.3	34.9	4.37	4.01	1	GAP-live	0	0.10	0.00	0.10	0.00	0.00	0.00	0.00	0.00	1blank:i/1blank:i/1blank:i/1blank:i/1blank:i	0			
pdhd	029107_1	37	0	928	936	9	6.60	6.83	-52.7	454.7	26.0	3.66	4.20	1	GAP-live	0	0.21	0.00	0.21	0.00	0.00	0.00	0.00	0.00	1blank:i/1blank:i/1blank:i/1blank:i/1blank:i/3live:i	0			
pdhd	029107_1	37	0	1008	1032	25	16.71	12.09	-52.3	415.5	19.0	5.89	4.13	1	GAP-live	0	0.29	0.00	0.29	0.00	0.00	0.04	0.00	0.12	3live:i/3live:i/3live:i/3live:i	0			
pdhd	029107_1	37	0	1127	1149	23	13.70	13.84	-53.0	389.0	72.5	4.75	3.07	3	GAP-live	0	0.07	0.00	0.07	0.00	0.00	0.00	0.09	0.00	1blank:i/3live:t/1blank:i/1blank:i	0			
pdhd	029107_1	37	0	1151	1152	2	1.16	1.77	-53.0	386.4	80.0	1.39	1.90	1	GAP-short	0	0.75	0.00	0.75	0.00	0.00	0.00	0.00	0.00	1blank:i/1blank:i	0			
pdhd	029107_1	37	0	1162	1177	16	10.09	8.25	-52.1	387.7	88.1	4.92	3.89	2	GAP-live	0	0.19	0.00	0.19	0.00	0.00	0.00	0.00	0.00	1blank:i/1blank:i/1blank:i/1blank:i/1blank:i/1blank:i/1blank:i/3live:i	0			
pdhd	029107_1	37	0	1199	1216	18	11.08	11.69	-52.1	402.5	99.4	5.50	5.32	2	GAP-live	0	0.17	0.00	0.17	0.00	0.00	0.11	0.00	0.22	3live:t/3live:i/3live:i/3live:t	0			
pdhd	029107_1	37	0	1263	1266	4	2.41	3.18	-48.1	400.2	121.6	1.52	2.02	2	GAP-short	0	1.00	0.00	1.00	0.00	0.00	0.00	0.00	0.00	1blank:i/1blank:i/1blank:i	0			
pdhd	029107_1	37	0	1270	1287	18	10.87	11.26	-47.6	393.0	126.1	4.72	2.33	2	GAP-live	0	0.30	0.00	0.30	0.00	0.56	0.00	0.06	0.56	3live:t/3live:i/1blank:i/3live:i/1blank:i/3live:t	0			
pdhd	029107_1	42	0	1835	1862	28	94.78	101.53	-72.2	13.1	451.4	21.69	1.27	3	GAP-live	0	0.02	0.00	0.02	0.00	0.00	0.00	0.00	0.00	3live:t/3live:i/3live:e/3live:t/1blank:i	0			
pdhd	029107_1	42	0	1865	1867	3	3.57	4.17	-40.1	13.6	450.3	1.63	1.70	3	GAP-short	0	0.50	0.00	0.50	0.00	0.00	0.00	0.00	0.00	2blank+:i/2blank+:i/2blank+:i/2blank+:i/2blank+:i/3live:i	0			
pdhd	029107_1	42	0	1871	1874	4	18.07	18.66	-32.1	14.0	450.7	8.37	0.87	3	GAP-live	0	0.08	0.00	0.08	0.00	0.00	0.00	0.00	0.25	3live:t/3live:i	0			
pdhd	029107_10	37	0	11	52	42	27.25	25.52	-6.4	343.7	73.9	12.90	2.40	3	GAP-live	0	0.06	0.00	0.06	0.00	0.00	0.05	0.52	0.00	1blank:i/3live:i/1blank:t/1blank:i	0			
pdhd	029107_10	37	0	63	141	79	49.50	46.32	-19.3	374.9	97.9	21.86	3.16	3	GAP-live	0	0.11	0.00	0.11	0.00	0.00	0.04	0.48	0.00	3live:i/1blank:i/1blank:t/1blank:i/3live:i	0			
pdhd	029107_10	37	0	195	227	33	20.62	18.91	-39.3	420.9	135.0	4.39	2.63	3	GAP-short	0	0.53	0.00	0.53	0.00	0.00	0.00	0.00	0.03	3live:t/3live:i/3live:i/3live:i/3live:i/3live:i/3live:i/3live:i/3live:i/3live:i/3live:i/3live:i/3live:i/3live:i/3live:i/3live:i/3live:i/3live:i/3live:i	0			
pdhd	029107_10	40	0	336	403	68	41.96	40.58	-168.3	418.5	28.1	17.16	3.53	3	GAP-live	0	0.06	0.01	0.07	0.00	0.00	0.01	0.00	0.00	1blank:i/3live:t/1blank:i/3live:i	0			
pdhd	029107_10	40	0	429	447	19	11.35	9.53	-186.7	387.7	41.5	5.17	0.30	3	GAP-live	0	0.05	0.11	0.16	0.00	0.00	0.00	0.00	0.00	1blank:i/3live:t	0			
pdhd	029107_10	40	0	455	467	13	7.31	5.76	-192.7	378.0	44.7	2.02	1.95	3	GAP-short	0	0.75	0.00	0.75	0.00	0.00	0.23	0.00	0.00	1blank:i/1blank:i/3live:t/1blank:i/3live:i	0			
pdhd	029107_10	40	0	491	591	101	64.34	64.34	-217.4	339.6	60.6	29.95	3.26	3	GAP-live	0	0.02	0.00	0.02	0.00	0.00	0.00	0.00	0.00	1blank:t/1blank:i/1blank:i/3live:i	0			
pdhd	029107_10	42	0	669	672	4	6.62	7.22	-311.8	264.6	41.2	1.53	1.19	3	GAP-live	0	0.29	0.00	0.29	0.00	0.00	0.00	0.00	0.25	3live:i/2blank+:i/2blank+:i/2blank+:i/3live:i/3live:t	0			
pdhd	029107_10	42	0	691	701	11	8.13	8.71	-294.3	272.8	43.8	3.94	3.57	3	GAP-live	0	0.41	0.00	0.41	0.00	0.00	0.00	0.00	0.00	3live:t/1blank:i/2blank+:i/2blank+:i/2blank+:i/1blank:i/1blank:i/1blank:i/1blank:i/1blank:i/1blank:i/1blank:i/1blank:i/1blank:i/1blank:t	0			
pdhd	029107_10	42	0	722	727	6	3.50	4.09	-278.4	279.8	46.7	3.50	3.87	1	GAP-live	0	0.38	0.00	0.38	0.00	0.00	0.00	0.00	0.00	1blank:t/2blank+:i/2blank+:i/2blank+:i/2blank+:i/2blank+:i/2blank+:i	0			
pdhd	029107_10	42	0	762	765	4	10.67	11.17	-252.6	290.9	51.0	1.61	1.32	3	GAP-live	0	0.18	0.00	0.18	0.00	0.00	0.00	0.00	0.25	3live:i/3live:i/3live:t/1blank:i	0			
pdhd	029107_10	42	0	790	791	2	2.85	3.42	-235.0	298.9	54.2	1.34	1.61	3	GAP-short	0	0.71	0.00	0.71	0.00	0.00	0.00	0.00	0.00	3live:t/2blank+:i/2blank+:i/2blank+:i	0			
pdhd	029107_10	42	0	858	873	16	11.61	12.22	-191.6	318.0	62.3	6.01	3.17	3	GAP-live	0	0.17	0.00	0.17	0.00	0.00	0.00	0.00	0.12	3live:i/3live:t/3live:i/3live:t	0			
pdhd	029107_10	42	0	894	899	6	3.21	3.65	-174.6	325.5	65.8	1.98	2.50	2	GAP-short	0	0.57	0.00	0.57	0.00	0.00	0.00	0.00	0.00	1blank:i/1blank:i/1blank:i/1blank:i/1blank:i/1blank:i/3live:i	0			
pdhd	029107_10	42	0	905	925	21	12.33	12.82	-164.8	329.8	67.4	6.52	3.10	2	GAP-live	0	0.15	0.00	0.15	0.00	0.00	0.00	0.00	0.00	1blank:t/1blank:i/3live:i/3live:t	0			
pdhd	029107_10	42	0	965	967	3	1.68	2.18	-136.6	342.2	72.3	1.34	0.39	3	GAP-short	0	1.00	0.00	1.00	0.00	0.00	0.00	0.00	0.00	1blank:t/1blank:i/1blank:i/1blank:i/1blank:i	0			
pdhd	029107_10	42	0	984	989	6	3.47	4.13	-126.2	346.7	74.2	1.84	2.63	2	GAP-short	0	0.62	0.00	0.62	0.00	0.00	0.00	0.00	0.00	3live:t/1blank:i/1blank:i/1blank:i/1blank:i/1blank:i/1blank:t	0			
pdhd	029107_10	42	0	1024	1033	10	6.93	7.13	-103.4	356.5	78.0	3.34	3.83	3	GAP-live	0	0.43	0.00	0.43	0.00	0.00	0.00	0.00	0.00	1blank:i/3live:t/1blank:i/1blank:i/2blank+:i/2blank+:i/3live:i/3live:i/2blank+:i/1blank:i/1blank:i/1blank:i/1blank:i/1blank:t/1blank:i	0			
pdhd	029107_10	45	0	1692	1696	5	3.02	3.55	-61.7	386.0	49.5	1.12	1.56	1	FIT	1	1.00	0.00	1.00	0.00	0.80	0.00	0.20	0.80	3live:i/3live:t/3live:i	0			
pdhd	029107_10	45	0	1721	1722	2	1.51	2.06	-64.6	382.9	61.6	1.20	1.38	1	D-blank-int	1	1.00	0.00	1.00	0.00	0.00	0.00	0.00	0.00	1blank:i/1blank:i/1blank:i/3live:i	0	3.89		
pdhd	029107_10	45	0	1738	1741	4	2.42	2.95	-67.0	384.4	68.0	1.83	2.66	1	GAP-short	0	0.50	0.00	0.50	0.00	0.00	0.00	0.25	0.25	3live:i/3live:t/1blank:i/3live:t	0			
pdhd	029107_10	45	0	1784	1788	5	2.73	3.21	-73.2	371.7	85.7	2.15	3.58	2	GAP-short	0	0.17	0.33	0.50	0.00	0.00	0.20	0.00	0.00	3live:i/3live:i/3live:i/3live:i	0			
pdhd	029107_10	45	0	1810	1843	34	21.99	21.40	-68.5	350.5	89.8	9.57	nan	2	GAP-live	0	0.00	0.09	0.09	0.00	0.00	0.50	0.00	0.00	3live:i/3live:i/1blank:i/3live:i	0			
pdhd	029107_10	45	0	1850	1853	4	2.69	3.07	-66.4	340.9	94.9	3.06	nan	1	GAP-live	0	0.00	0.33	0.33	0.00	0.00	1.00	0.00	0.00	1blank:i/3live:i	0			
pdhd	029107_10	46	0	1872	1877	6	3.55	4.10	-4.0	14.1	188.4	1.65	1.74	3	D-3live	1	0.88	0.00	0.88	0.00	0.17	0.00	0.00	0.67	3live:t/3live:t/3live:e	0	2.41		
pdhd	029107_10	46	0	1879	1881	3	1.90	2.12	-4.2	16.8	186.5	1.19	2.05	3	D-blank-int	1	1.00	0.00	1.00	0.00	0.00	0.00	0.33	0.00	1blank:i/3live:t/3live:e/3live:i	0	8.45	9.93	1.196
pdhd	029107_10	46	0	1913	1928	16	10.07	8.99	-3.0	32.7	173.6	5.49	2.89	3	GAP-live	0	0.11	0.00	0.11	0.00	0.00	0.00	0.44	0.00	3live:t/1blank:i/1blank:i/3live:t	0			
pdhd	029107_10	46	0	1952	1975	24	14.24	11.89	-3.8	37.5	160.6	5.82	3.22	3	GAP-live	0	0.21	0.00	0.21	0.00	0.00	0.04	0.00	0.12	3live:i/3live:t/3live:i/3live:i/1blank:i/3live:i	0			
pdhd	029107_10	46	1	2094	2115	22	13.92	11.68	-3.7	37.5	160.4	5.90	2.57	3	GAP-live	0	0.22	0.00	0.22	0.00	0.00	0.05	0.00	0.14	3live:t/3live:i/3live:i/1blank:i	0			
pdhd	029107_10	46	1	2134	2136	3	1.48	1.36	-3.3	34.7	169.7	1.56	0.51	1	D-blank-int	1	1.00	0.00	1.00	0.00	0.00	0.00	1.00	0.00	3live:t/1blank:i	0	3.70	3.70	1.000
pdhd	029107_10	46	1	2138	2152	15	9.96	8.71	-3.0	32.5	173.9	5.65	3.04	2	GAP-live	0	0.00	0.00	0.00	0.00	0.00	0.20	0.33	0.00	3live:t/1blank:i/1blank:i/3live:t	0			
pdhd	029107_10	50	0	2227	2229	3	1.61	2.23	-231.6	51.5	114.0	0.79	1.08	2	XID	1	0.00	1.00	1.00	0.00	0.00	0.00	0.00	0.00	3live:i/3live:i/3live:i	0			
pdhd	029107_10	50	0	2231	2239	9	5.57	5.68	-231.4	54.7	116.4	1.17	2.91	3	XID	1	0.18	1.00	1.00	0.00	0.00	0.00	0.00	0.00	3live:i/3live:i/1blank:i/1blank:i/1blank:i/3live:i	0			
pdhd	029107_10	50	0	2242	2244	3	1.74	2.08	-230.1	57.4	118.6	0.48	1.84	3	D-blank-int	1	0.50	1.00	1.00	0.00	0.00	0.33	0.00	0.00	3live:i/3live:i/1blank:i/3live:t	0	3.63		
pdhd	029107_10	50	0	2249	2254	6	3.61	3.97	-227.3	59.7	121.1	1.58	2.48	1	D-blank-int	1	0.88	0.50	0.88	0.00	0.33	0.00	0.00	0.00	3live:i/1blank:i	0	0.80	0.80	1.000
pdhd	029107_10	50	0	2341	2350	10	6.15	5.70	-219.7	99.5	152.1	2.79	2.62	2	GAP-live	0	0.45	0.00	0.45	0.00	0.00	0.00	0.00	0.30	3live:i/3live:t/1blank:i/3live:i/3live:t	0			
pdhd	029107_10	53	0	2371	2378	8	5.41	4.76	-43.4	19.7	142.1	2.19	2.89	3	D-crawl	1	1.00	0.00	1.00	0.00	0.62	0.00	0.00	0.00	2blank+:i/1blank:i/1blank:i	0	2.43		
pdhd	029107_10	53	0	2385	2386	2	1.03	1.50	-41.7	21.9	146.7	1.67	1.63	1	GAP-short	0	1.00	0.00	1.00	0.00	0.00	0.00	0.00	0.50	3live:i/3live:t/3live:i	0			
pdhd	029107_10	53	0	2428	2431	4	2.10	2.58	-38.8	40.6	160.1	1.48	1.62	1	D-3live	1	1.00	0.00	1.00	0.00	0.00	0.00	0.00	0.00	3live:i/3live:t	0	0.79		
pdhd	029107_10	53	0	2439	2441	3	1.59	1.94	-38.2	45.8	161.8	1.36	1.01	2	GAP-short	0	1.00	0.00	1.00	0.00	0.00	0.00	0.00	0.00	3live:i/3live:i/3live:i	0			
pdhd	029107_10	53	0	2443	2450	8	4.64	5.12	-36.3	46.9	164.3	2.98	2.89	3	GAP-live	0	0.20	0.00	0.20	0.00	0.00	0.62	0.00	0.00	3live:i/3live:i/3live:t	0			
pdhd	029107_10	53	0	2452	2469	18	11.42	10.40	-34.8	51.1	170.3	3.86	3.30	3	GAP-short	0	0.62	0.00	0.62	0.00	0.00	0.00	0.28	0.00	3live:t/3live:i/3live:i/3live:i/1blank:i/1blank:i/3live:i	0			
pdhd	029107_10	53	0	2471	2473	3	1.87	2.59	-33.5	53.8	176.0	0.85	1.12	2	FIT	1	1.00	0.00	1.00	0.00	0.00	0.00	0.00	1.00	3live:i/3live:i/3live:t	0			
pdhd	029107_10	53	0	2520	2522	3	1.73	2.24	-28.2	73.1	194.4	1.42	1.61	1	GAP-short	0	1.00	0.00	1.00	0.00	0.00	0.00	0.33	0.00	3live:t/1blank:i/3live:i	0			
pdhd	029107_10	80	0	3438	3440	3	2.21	2.70	-114.3	599.5	37.0	3.32	3.96	1	GAP-live	0	0.00	0.00	0.00	0.00	0.00	0.00	0.33	0.00	3live:i/3live:t/3live:t/3live:i	0			
pdhd	029107_11	21	0	93	94	2	1.57	1.60	-23.8	598.1	59.1	0.63	1.27	1	FIT	1	1.00	0.00	1.00	0.00	0.00	0.00	0.00	1.00	3live:t/3live:i/3live:t	0			
pdhd	029107_11	21	0	98	106	9	5.59	5.94	-21.0	596.5	57.9	2.41	3.52	2	GAP-short	0	0.58	0.00	0.58	0.00	0.00	0.00	0.00	0.00	1blank:i/2blank+:i/1blank:i/1blank:i/2blank+:i/2blank+:i/2blank+:i/3live:i	0			
pdhd	029107_11	22	0	183	232	50	31.91	30.84	-54.5	580.8	165.8	16.17	3.47	3	GAP-live	0	0.03	0.00	0.03	0.00	0.00	0.04	0.96	0.02	3live:t/1blank:i/3live:t/3live:i/3live:i	0			
pdhd	029107_11	22	0	234	236	3	2.12	2.36	-58.0	581.0	149.5	0.97	2.04	1	D-blank-int	1	1.00	0.00	1.00	0.00	0.00	0.00	1.00	0.00	3live:t/1blank:i	0	2.33		
pdhd	029107_11	22	0	263	266	4	2.24	3.06	-61.4	581.4	133.3	1.92	3.06	1	GAP-short	0	0.67	0.00	0.67	0.00	0.00	0.00	0.50	0.00	3live:t/1blank:i/1blank:i	0			
pdhd	029107_11	22	0	278	280	3	2.08	2.61	-62.7	582.9	125.2	1.65	2.31	1	GAP-short	0	1.00	0.00	1.00	0.00	0.00	0.00	0.33	0.00	3live:t/1blank:i/3live:t	0			
pdhd	029107_11	34	0	1694	1699	6	95.03	95.61	-294.9	15.1	451.8	8.04	0.56	3	GAP-live	0	0.01	0.00	0.01	0.00	0.00	0.00	0.00	0.00	3live:t/3live:i/3live:e/3live:t	0			
pdhd	029107_11	34	1	1706	1712	7	52.66	96.08	-301.2	15.4	452.0	7.90	0.58	3	GAP-live	0	0.02	0.00	0.02	0.00	0.00	0.00	0.00	0.14	3live:t/3live:i/3live:e/3live:t	0			
pdhd	029107_11	35	0	1724	1774	51	32.03	31.28	-335.2	140.7	437.4	18.34	2.39	2	GAP-live	0	0.05	0.00	0.05	0.00	0.00	0.04	0.00	0.02	3live:i/3live:i/1blank:i/1blank:i	0			
pdhd	029107_11	35	0	1779	1782	4	2.88	3.55	-335.0	129.4	453.2	2.80	4.24	1	GAP-live	0	0.43	0.00	0.43	0.00	0.00	0.00	0.00	0.00	1blank:i/1blank:i	0			
pdhd	029107_11	39	0	1862	1898	37	54.25	52.65	-255.5	23.0	437.9	21.88	1.11	3	GAP-live	0	0.04	0.00	0.04	0.00	0.00	0.03	0.00	0.03	3live:i/3live:i/3live:i/3live:e	0			
pdhd	029107_11	39	0	1902	1909	8	74.64	75.14	-202.6	19.8	437.2	14.11	2.11	3	GAP-live	0	0.03	0.00	0.03	0.00	0.00	0.00	0.00	0.25	3live:t/3live:i/3live:i/3live:t	0			
pdhd	029107_11	39	1	1913	1921	9	74.03	74.59	-197.2	20.0	437.4	13.97	2.03	3	GAP-live	0	0.03	0.00	0.03	0.00	0.00	0.00	0.00	0.22	3live:t/3live:i/3live:i/3live:t	0			
pdhd	029107_11	39	1	1926	1954	29	53.49	52.60	-257.1	22.2	438.4	21.37	1.93	3	GAP-live	0	0.04	0.00	0.04	0.00	0.00	0.03	0.00	0.03	3live:i/3live:i/3live:i/3live:e	0			
pdhd	029107_11	75	0	2242	2246	5	3.20	3.65	203.0	487.2	58.8	1.38	2.19	2	GAP-short	0	0.86	0.00	0.86	0.00	0.00	0.00	0.00	0.40	3live:i/3live:i/3live:i/3live:i/1blank:i/1blank:i	0			
pdhd	029107_12	20	0	200	205	6	3.36	3.22	-8.4	104.2	225.2	1.12	1.67	1	FIT	1	1.00	0.00	1.00	0.00	0.00	0.00	0.00	1.00	3live:i/3live:i/3live:t	0			
pdhd	029107_12	21	0	235	261	27	17.16	15.33	-30.2	253.5	20.3	8.18	2.47	3	GAP-live	0	0.10	0.00	0.10	0.00	0.00	0.07	0.00	0.33	1blank:i/3live:t/3live:i/3live:t/1blank:i	0			
pdhd	029107_12	21	0	264	268	5	3.20	3.68	-30.4	245.4	26.4	2.38	2.02	2	GAP-short	0	0.57	0.00	0.57	0.00	0.00	0.00	0.00	0.00	1blank:i/1blank:i/3live:t/1blank:i	0			
pdhd	029107_12	21	0	314	315	2	1.12	0.97	-31.2	223.3	40.5	1.27	1.06	2	GAP-short	0	1.00	0.00	1.00	0.00	0.00	0.00	0.00	0.00	1blank:i/3live:t	0			
pdhd	029107_12	21	0	332	435	104	68.75	61.28	-30.7	190.9	64.5	31.16	1.03	3	GAP-live	0	0.02	0.00	0.02	0.00	0.00	0.05	0.44	0.00	3live:i/3live:i/3live:t/1blank:i	0			
pdhd	029107_12	24	0	843	848	6	3.74	3.90	-262.9	405.1	32.3	1.49	1.95	3	GAP-short	0	1.00	0.00	1.00	0.00	0.00	0.00	0.00	0.33	3live:i/1blank:i/1blank:i/3live:i/3live:i	0			
pdhd	029107_12	25	0	1321	1322	2	1.48	2.07	-215.9	68.4	3.8	1.21	1.08	2	D-blank-int	1	1.00	0.00	1.00	0.00	0.00	0.00	0.50	0.00	2blank+:i/3live:t/1blank:i	0	6.06		
pdhd	029107_12	25	0	1335	1431	97	59.25	58.25	-214.6	101.9	5.3	22.61	3.29	3	GAP-live	0	0.04	0.00	0.04	0.00	0.00	0.03	0.00	0.18	3live:t/3live:i/3live:i/3live:i/3live:i	0			
pdhd	029107_12	25	0	1459	1477	19	11.71	11.93	-213.1	150.3	14.5	6.46	2.72	2	GAP-live	0	0.08	0.00	0.08	0.00	0.00	0.21	0.79	0.00	1blank:i/3live:t/1blank:i/3live:t	0			
pdhd	029107_12	25	0	1491	1649	159	122.82	117.60	-207.4	215.6	31.5	31.62	3.94	3	GAP-live	0	0.03	0.00	0.03	0.00	0.00	0.00	0.50	0.00	3live:i/1blank:t/1blank:i/3live:t	0			
pdhd	029107_12	25	0	1707	1712	6	3.44	4.20	-195.1	283.1	76.4	1.02	3.34	3	D-blank-int	1	0.50	1.00	1.00	0.00	0.00	0.00	0.83	0.17	3live:i/3live:t/1blank:i	0	2.45		
pdhd	029107_12	25	0	1734	1746	13	8.36	8.24	-190.0	284.7	93.9	0.75	1.84	2	D-3live	1	0.81	1.00	1.00	0.00	0.00	0.00	0.00	0.23	3live:i/3live:i/3live:i/3live:i/3live:i/3live:i/3live:i/3live:i/3live:i	0	9.82		
pdhd	029107_12	25	0	1748	1750	3	1.62	2.26	-188.6	286.3	98.7	0.83	1.52	1	FIT	1	1.00	1.00	1.00	0.00	0.00	0.00	0.00	1.00	3live:i/3live:i/3live:i	0			
pdhd	029107_12	25	0	1760	1761	2	1.48	1.97	-187.1	288.4	105.4	1.17	1.47	1	D-sbt	1	1.00	1.00	1.00	0.00	0.00	0.00	0.50	0.50	3live:t/3live:i/3live:i	0	3.69	4.20	1.148
pdhd	029107_12	25	0	1780	1783	4	2.41	3.18	-183.4	298.2	112.5	2.03	1.89	1	GAP-short	0	0.67	0.00	0.67	0.00	0.00	0.00	0.00	0.00	1blank:i/1blank:i	0			
pdhd	029107_12	25	0	1813	1820	8	4.73	5.12	-182.3	312.8	122.9	2.52	3.46	2	GAP-live	0	0.40	0.00	0.40	0.00	0.00	0.00	0.00	0.00	1blank:i/1blank:i/1blank:i/2blank+:i/2blank+:i/2blank+:i/1blank:i	0			
pdhd	029107_12	25	0	1833	1839	7	3.86	4.28	-186.4	306.3	128.4	1.81	2.95	1	GAP-short	0	0.67	0.00	0.67	0.00	0.00	0.00	0.00	0.00	1blank:i/1blank:i	0			
pdhd	029107_12	25	0	1970	1974	5	3.48	3.71	-170.8	285.6	180.9	2.44	2.64	1	GAP-live	0	0.43	0.00	0.43	0.00	0.00	0.00	0.00	0.00	1blank:i/1blank:i/3live:i/3live:i	0			
pdhd	029107_12	25	0	1980	1982	3	1.83	2.23	-168.8	289.4	184.2	1.63	1.20	1	D-3live	1	1.00	0.00	1.00	0.00	0.00	0.00	0.00	0.33	3live:t/3live:i/3live:t	0	3.33		
pdhd	029107_12	25	0	1984	1985	2	1.46	1.51	-168.2	291.0	185.1	1.37	1.11	1	FIT	1	1.00	0.00	1.00	0.00	0.00	0.00	0.00	1.00	3live:t/3live:t/3live:i	0			
pdhd	029107_12	25	0	1987	1991	5	2.88	3.19	-166.6	292.1	186.6	1.69	2.63	3	D-3live	1	1.00	0.00	1.00	0.00	0.00	0.00	0.00	0.20	3live:i/3live:i/3live:i/3live:t	0	4.91		
pdhd	029107_12	25	0	2019	2022	4	2.33	2.76	-156.5	300.3	197.0	1.68	1.32	2	GAP-short	0	0.67	0.00	0.67	0.00	0.00	0.25	0.00	0.00	3live:i/3live:i/3live:i/3live:i	0			
pdhd	029107_12	26	0	2037	2039	3	2.14	1.80	-83.8	14.2	212.5	0.63	1.57	1	D-crawl	1	1.00	0.00	1.00	0.00	1.00	0.00	0.00	0.00	1blank:i/1blank:i	0			
pdhd	029107_12	26	0	2552	2568	17	10.13	10.15	-182.7	283.3	84.2	2.48	2.55	3	GAP-short	0	0.50	0.00	0.50	0.00	0.00	0.06	0.00	0.12	3live:t/3live:i/3live:i/3live:t	0			
pdhd	029107_12	29	0	2857	2913	57	51.57	41.54	-59.6	413.5	50.6	7.99	1.81	3	GAP-live	0	0.01	0.06	0.07	0.00	0.00	0.11	0.11	0.00	3live:i/3live:t/3live:i/3live:t/3live:i/3live:i/3live:t	0			
pdhd	029107_12	29	0	2933	2939	7	4.33	4.95	-51.5	398.2	69.0	3.08	nan	2	GAP-live	0	0.00	0.40	0.40	0.00	0.00	0.00	0.29	0.00	3live:t/3live:t/3live:i	0			
pdhd	029107_12	29	0	2943	2950	8	4.97	0.40	-51.6	397.4	69.7	2.91	nan	2	XID	1	0.00	1.00	1.00	0.00	0.00	0.00	0.00	0.00	3live:t/3live:i	0			
pdhd	029107_12	29	0	2957	2982	26	17.04	14.12	-59.4	391.7	77.0	6.31	nan	3	GAP-live	0	0.00	0.14	0.14	0.00	0.00	0.00	0.00	0.00	3live:i/3live:t/3live:i/1blank:t/3live:i/3live:i	0			
pdhd	029107_12	33	0	3005	3010	6	3.92	4.75	-101.5	595.7	22.2	1.57	2.84	1	GAP-short	0	0.80	0.00	0.80	0.00	0.33	0.00	0.33	0.17	1blank:i/3live:i/3live:t/3live:i	0			
pdhd	029107_12	33	0	3014	3082	69	45.37	40.66	-104.6	576.2	34.3	14.33	3.04	3	GAP-live	0	0.14	0.00	0.14	0.00	0.00	0.13	0.81	0.04	3live:i/3live:t/1blank:i/3live:t/1blank:i/3live:i	0			
pdhd	029107_12	34	0	3110	3116	7	4.20	3.97	-137.9	601.8	229.5	2.42	3.42	3	GAP-short	0	0.50	0.00	0.50	0.00	1.00	0.00	0.00	0.00	1blank:i/1blank:i/1blank:i/1blank:i/1blank:i/1blank:i/1blank:i	0			
pdhd	029107_12	36	0	3328	3329	2	1.53	2.12	-48.5	408.0	10.2	1.42	3.09	1	GAP-short	0	0.25	0.50	0.75	0.00	0.50	0.00	0.00	0.00	3live:i/3live:t	0			
pdhd	029107_12	36	0	3415	3419	5	2.64	3.08	-57.8	396.9	57.3	2.35	nan	2	GAP-short	0	0.00	0.50	0.50	0.00	0.00	0.00	0.00	0.00	3live:t/3live:i/3live:i/3live:i	0			
pdhd	029107_12	36	0	3434	3441	8	4.40	4.76	-59.8	388.2	61.1	2.58	nan	2	GAP-live	0	0.00	0.40	0.40	0.00	0.00	0.62	0.38	0.00	1blank:i/3live:i/3live:t	0			
pdhd	029107_12	36	0	3459	3472	14	8.77	8.93	-61.5	374.6	65.9	4.72	nan	2	GAP-live	0	0.00	0.17	0.17	0.00	0.00	0.00	0.36	0.00	1blank:i/3live:t/1blank:i/3live:i	0			
pdhd	029107_12	36	0	3477	3501	25	14.69	11.28	-61.6	373.7	74.4	5.13	nan	2	GAP-live	0	0.00	0.26	0.26	0.00	0.00	0.08	0.00	0.00	1blank:i/3live:i/3live:t/1blank:i/1blank:i	0			
pdhd	029107_12	36	0	3511	3518	8	4.95	5.52	-63.3	381.6	82.1	3.36	nan	1	GAP-live	0	0.00	0.18	0.18	0.00	0.00	0.00	0.00	0.00	1blank:i/3live:t	0			
pdhd	029107_12	39	0	3659	3813	155	100.29	90.58	-123.5	95.8	77.8	38.72	3.68	3	GAP-live	0	0.02	0.00	0.02	0.00	0.00	0.03	0.50	0.00	3live:i/1blank:i/1dead:i/3live:t	0			
pdhd	029107_12	39	0	3821	3878	58	36.65	34.35	-125.2	149.4	38.4	17.25	3.52	2	GAP-live	0	0.07	0.00	0.07	0.00	0.00	0.00	0.00	0.00	3live:i/1blank:i/3live:i/1blank:i	0			
pdhd	029107_12	48	0	4601	4602	2	1.06	1.59	-107.6	427.2	214.2	1.20	1.37	1	GAP-short	0	1.00	0.00	1.00	0.00	0.00	0.00	0.00	0.00	3live:i/3live:t	0			
pdhd	029107_12	48	0	4613	4616	4	2.16	2.53	-108.9	420.3	212.1	1.72	1.80	1	GAP-short	0	0.80	0.00	0.80	0.00	0.00	0.00	1.00	0.00	1blank:i/3live:t	0			
pdhd	029107_12	48	0	4618	4636	19	11.36	11.32	-108.6	415.9	206.7	6.58	2.02	2	GAP-live	0	0.09	0.00	0.09	0.00	0.00	0.16	0.47	0.00	3live:i/3live:i/1blank:i/3live:t	0			
pdhd	029107_12	87	0	4912	4914	3	1.77	1.42	101.8	556.3	103.2	1.22	1.84	2	D-crawl	1	1.00	0.00	1.00	0.00	1.00	0.00	0.00	0.00	2blank+:i/2blank+:i/1blank:i	0	3.12	4.95	0.878
pdhd	029107_12	129	0	7956	7957	2	3.56	4.16	0.8	232.7	357.6	1.81	2.26	3	GAP-short	0	0.50	0.00	0.50	0.00	0.00	0.00	0.00	0.00	1blank:i/3live:t	0			
pdhd	029107_13	26	0	276	289	14	8.56	9.10	-15.8	491.5	13.1	8.65	0.93	3	GAP-live	0	0.00	0.00	0.00	0.00	0.00	0.00	0.00	0.00	1blank:t/1blank:i/1blank:i/1blank:i	0			
pdhd	029107_13	26	0	294	301	8	5.63	6.12	-24.0	495.1	15.6	5.03	3.21	2	GAP-live	0	0.33	0.00	0.33	0.00	0.00	0.00	0.00	0.00	1blank:t/1blank:i	0			
pdhd	029107_13	26	0	429	430	2	1.23	1.00	-91.4	526.4	38.5	1.09	1.10	1	D-blank-term	1	1.00	0.00	1.00	0.00	0.00	0.00	0.00	0.00	1blank:i/1blank:t/1blank:i/3live:t	0	3.96	4.47	1.109
pdhd	029107_13	36	0	1137	1139	3	1.75	6.26	-206.2	477.0	229.8	0.86	1.72	3	FIT	0	0.85	0.00	0.85	0.00	0.00	0.00	0.00	1.00	3live:t/3live:t/3live:i	0			
pdhd	029107_14	20	0	173	175	3	2.14	2.74	-42.8	585.0	4.6	1.03	2.16	2	D-3live	1	1.00	1.00	1.00	0.00	0.00	0.00	0.00	0.67	3live:t/3live:i/3live:i/3live:i	0	3.60		
pdhd	029107_14	22	0	526	530	5	2.29	2.13	-350.7	131.3	134.5	2.40	2.62	1	FIT	0	0.50	0.00	0.50	0.00	0.00	0.00	0.00	1.00	3live:e/3live:e/3live:t	1			
pdhd	029107_14	23	0	855	857	3	2.52	2.94	-25.4	465.0	58.8	1.34	1.88	1	GAP-short	0	1.00	0.00	1.00	0.00	0.00	0.00	0.00	0.00	1blank:i/3live:t/1blank:i/1blank:i	0			
pdhd	029107_14	36	0	1683	1687	5	2.73	3.14	-59.6	144.0	354.4	1.09	1.82	1	D-crawl	1	1.00	0.00	1.00	0.00	1.00	0.00	0.40	0.20	3live:i/3live:t/1blank:i/3live:i	0	7.89		
pdhd	029107_14	42	0	2079	2083	5	3.13	3.25	-58.4	455.8	329.3	1.05	1.59	1	D-crawl	1	1.00	0.00	1.00	0.00	1.00	0.00	0.00	0.00	1blank:i/1blank:i	0	6.40	17.34	1.471
pdhd	029107_14	43	0	2133	2135	3	1.79	2.38	-88.0	601.1	305.8	1.08	1.47	1	FIT	1	1.00	0.00	1.00	0.00	0.67	0.00	0.00	1.00	3live:t/3live:i/3live:t/3live:t	0			
pdhd	029107_14	45	0	2284	2292	9	5.55	5.96	-43.1	586.5	12.1	1.16	3.29	3	XID	1	0.25	1.00	1.00	0.00	0.00	0.00	0.00	0.11	3live:t/3live:i/3live:i/3live:i/3live:i/3live:i	0			
pdhd	029107_14	45	0	2295	2296	2	1.14	1.76	-42.6	583.2	14.8	1.03	nan	2	XID	1	0.00	1.00	1.00	0.00	0.00	0.00	0.00	0.00	3live:i/3live:i/3live:i	0			
pdhd	029107_14	45	0	2299	2302	4	2.39	2.69	-42.5	580.4	14.7	1.13	4.05	2	XID	1	0.20	1.00	1.00	0.00	0.00	0.00	0.00	0.00	3live:i/3live:i/3live:i/3live:i	0			
pdhd	029107_14	45	0	2304	2306	3	2.20	1.99	-42.2	578.4	15.8	1.19	2.53	2	D-3live	1	1.00	1.00	1.00	0.00	0.00	0.00	0.00	0.67	3live:i/3live:i/3live:t	0	3.16		
pdhd	029107_14	45	0	2309	2312	4	3.26	3.60	-42.1	575.6	16.3	1.21	1.56	2	FIT	1	1.00	0.43	1.00	0.00	0.00	0.00	0.00	1.00	3live:t/3live:i/3live:i/3live:t	0			
pdhd	029107_14	45	0	2393	2396	4	2.68	2.98	-35.1	531.1	28.0	1.77	1.74	2	D-blank-term	1	0.83	0.00	0.83	0.00	0.00	0.00	0.00	0.00	1blank:t/3live:i	0	6.23		
pdhd	029107_14	118	0	4017	4019	3	2.46	3.07	0.4	135.1	388.7	1.40	2.35	3	GAP-short	0	1.00	0.00	1.00	0.00	0.00	0.67	0.00	0.33	1blank:i/3live:i/3live:t	0			
pdhd	029107_15	17	0	32	33	2	1.25	1.86	-130.6	485.6	12.0	0.99	1.24	1	FIT	1	1.00	0.00	1.00	0.00	0.00	0.00	1.00	1.00	3live:i/3live:t	0			
pdhd	029107_15	17	0	60	272	213	136.23	115.47	-129.1	426.4	52.5	36.62	3.68	3	GAP-live	0	0.03	0.00	0.03	0.00	0.00	0.00	0.00	0.01	3live:i/3live:i/1blank:t/3live:t/3live:t	0			
pdhd	029107_15	21	0	331	424	94	56.66	55.25	-109.6	592.5	67.8	27.20	3.32	3	GAP-live	0	0.03	0.01	0.04	0.00	0.00	0.02	0.00	0.00	1blank:i/3live:t/3live:i/3live:i	0			
pdhd	029107_15	23	0	454	460	7	4.14	4.48	-346.4	314.8	211.7	1.59	2.45	2	GAP-short	0	0.78	0.00	0.78	0.00	0.00	0.00	0.00	0.14	3live:i/3live:i/3live:i/3live:i/3live:i/3live:i/3live:t	0			
pdhd	029107_15	24	0	501	517	17	10.27	9.23	-121.0	454.0	23.5	5.20	nan	1	GAP-live	0	0.00	0.17	0.17	0.00	0.00	0.18	0.41	0.00	3live:t/3live:i/3live:t/3live:i	0			
pdhd	029107_15	24	0	535	578	44	27.64	24.61	-112.4	432.5	28.4	12.09	nan	3	GAP-live	0	0.00	0.10	0.10	0.00	0.00	0.00	0.00	0.00	3live:i/1blank:i/3live:i/3live:i	0			
pdhd	029107_15	24	0	619	622	4	2.32	2.60	-98.6	401.1	37.0	1.98	nan	2	GAP-short	0	0.00	0.60	0.60	0.00	0.00	0.25	0.00	0.00	3live:i/3live:i/3live:t/3live:i	0			
pdhd	029107_15	24	0	636	759	124	76.96	64.16	-86.8	367.7	47.0	23.41	1.76	2	GAP-live	0	0.02	0.01	0.03	0.00	0.00	0.51	0.00	0.00	3live:t/3live:i/3live:i/3live:i/1blank:i	0			
pdhd	029107_15	24	0	762	763	2	1.08	1.50	-74.8	339.0	55.6	1.38	0.97	2	GAP-short	0	1.00	0.00	1.00	0.00	0.00	0.50	0.00	0.00	3live:i/3live:i/1blank:i	0			
pdhd	029107_15	24	0	772	780	9	5.65	5.00	-72.4	333.9	53.5	2.39	2.99	3	GAP-short	0	0.50	0.00	0.50	0.00	0.00	0.11	0.00	0.22	3live:t/3live:i/3live:i/1blank:i/3live:t	0			
pdhd	029107_15	24	0	784	788	5	3.20	3.30	-69.0	329.9	52.7	2.11	1.68	2	GAP-live	0	0.14	0.29	0.43	0.00	0.00	0.60	0.20	0.00	1blank:i/1blank:i/3live:t/3live:i	0			
pdhd	029107_15	24	0	805	808	4	3.06	3.73	-64.3	321.0	54.7	2.39	2.44	2	GAP-live	0	0.00	0.29	0.29	0.00	0.00	0.00	0.00	0.00	3live:i/3live:i/3live:i/3live:i	0			
pdhd	029107_15	24	0	1012	1027	16	11.58	11.48	-85.0	233.4	140.8	4.67	3.49	2	GAP-live	0	0.39	0.00	0.39	0.00	0.00	0.00	0.00	0.25	3live:i/3live:t/3live:i/3live:i/3live:i/3live:i/3live:i/3live:i/3live:i/3live:i/3live:i/3live:i/3live:i	0			
pdhd	029107_15	24	0	1100	1101	2	0.67	1.33	-77.8	196.6	157.7	0.51	1.81	1	FIT	0	1.00	0.00	1.00	0.00	0.00	0.00	1.00	1.00	3live:i/3live:e	1			
pdhd	029107_15	26	0	1151	1156	6	3.66	3.99	-6.3	55.4	63.6	2.32	2.28	2	GAP-short	0	0.50	0.00	0.50	0.00	0.00	0.00	0.17	0.00	1blank:i/1blank:i/1blank:i/1blank:t/1blank:i	0			
pdhd	029107_15	26	0	1177	1271	95	58.90	52.34	-13.1	91.5	81.1	26.68	2.64	3	GAP-live	0	0.04	0.00	0.04	0.00	0.00	0.01	0.00	0.00	2blank+:i/1blank:i/1blank:t/1blank:i	0			
pdhd	029107_15	26	0	1273	1274	2	1.31	1.94	-16.3	112.9	93.2	1.15	0.85	1	GAP-short	0	1.00	0.00	1.00	0.00	0.00	0.00	0.00	0.00	2blank+:i/1blank:i	0			
pdhd	029107_15	28	0	1605	1606	2	1.06	1.58	-234.7	438.8	128.5	0.76	1.53	1	FIT	1	1.00	0.00	1.00	0.00	1.00	0.00	0.00	1.00	1dead:i/3live:i	0			
pdhd	029107_15	29	0	1724	1742	19	12.15	10.14	-188.4	35.5	123.1	4.93	2.37	2	GAP-live	0	0.15	0.00	0.15	0.00	0.00	0.00	0.00	0.00	3live:t/3live:t	0			
pdhd	029107_15	29	0	1757	1890	134	83.51	76.28	-188.8	75.6	152.1	32.10	3.83	2	GAP-live	0	0.05	0.00	0.05	0.00	0.00	0.04	0.60	0.01	3live:t/1blank:i/3live:t/3live:t/3live:i	0			
pdhd	029107_15	29	0	1916	1939	24	15.74	15.54	-175.3	101.5	188.9	7.60	3.54	3	GAP-live	0	0.19	0.00	0.19	0.00	0.00	0.04	0.42	0.12	3live:t/3live:i/1blank:i/3live:t/3live:i	0			
pdhd	029107_15	29	0	1982	1994	13	7.67	8.16	-166.9	108.2	205.8	3.32	4.09	2	GAP-live	0	0.38	0.00	0.38	0.00	0.00	0.00	0.00	0.15	1blank:t/3live:t/1blank:i/3live:i	0			
pdhd	029107_15	29	0	1996	2000	5	3.16	3.82	-167.3	113.8	208.0	1.72	2.87	2	GAP-short	0	0.88	0.00	0.88	0.00	0.00	0.00	0.00	0.00	1blank:i/1blank:t/1blank:i/1blank:t/1blank:i	0			
pdhd	029107_15	29	0	2065	2118	54	32.12	31.08	-193.1	160.3	204.8	14.77	2.04	3	GAP-live	0	0.10	0.00	0.10	0.00	0.00	0.02	0.00	0.06	1blank:i/1blank:i/3live:i/3live:i/3live:t	0			
pdhd	029107_15	32	0	2172	2188	17	10.89	6.34	-262.9	328.7	207.6	4.02	2.41	3	GAP-live	0	0.00	0.46	0.46	0.00	0.00	0.00	0.00	0.00	1dead:t/1dead:i	0			
pdhd	029107_15	32	0	2192	2208	17	10.88	9.54	-256.7	325.4	213.6	5.08	2.37	3	GAP-live	0	0.16	0.11	0.26	0.06	0.00	0.12	0.00	0.00	1dead:t/1dead:i/1blank:i/1blank:i	0			
pdhd	029107_15	32	0	2215	2219	5	2.85	3.40	-252.5	318.8	214.0	1.89	2.66	1	GAP-short	0	0.43	0.29	0.71	0.00	0.00	0.00	0.00	0.00	1blank:i/2blank+:i	0			
pdhd	029107_15	32	0	2227	2244	18	11.83	9.03	-247.9	316.3	217.8	5.26	2.08	3	GAP-live	0	0.11	0.11	0.22	0.00	0.00	0.06	0.00	0.00	2blank+:i/1blank:i/1dead:i/1blank:i	0			
pdhd	029107_15	32	0	2271	2318	48	30.43	24.86	-236.9	289.5	219.2	7.19	2.67	3	GAP-live	0	0.04	0.00	0.04	0.00	0.00	0.06	0.94	0.00	3live:t/3live:i/1blank:t/1blank:i	0			
pdhd	029107_15	32	0	2390	2409	20	12.01	12.48	-220.0	238.0	199.5	5.97	3.09	3	GAP-live	0	0.20	0.00	0.20	0.00	0.00	0.25	0.75	0.10	3live:i/3live:t/3live:t/3live:i	0			
pdhd	029107_15	38	0	2724	2725	2	1.70	1.82	-163.9	496.5	87.1	1.04	1.12	1	D-blank-term	1	1.00	0.00	1.00	0.00	0.00	0.00	0.00	0.00	1blank:t/1blank:i/1blank:i/1blank:i	0	3.38	3.38	1.000
pdhd	029107_15	38	0	2745	2746	2	1.51	1.47	-156.2	488.6	91.9	2.20	2.81	2	GAP-dead	0	0.00	0.00	0.00	0.50	0.00	0.00	0.00	0.00	2blank+:i/1blank:t/2blank+:i	0			
pdhd	029107_15	38	0	2749	2752	4	2.47	3.11	-154.5	488.0	94.1	2.07	2.01	2	GAP-dead	0	0.50	0.00	0.50	1.00	0.00	0.00	0.00	0.00	2blank+:i/2blank+:i/2blank+:i/2blank+:i/1blank:t	0			
pdhd	029107_15	40	0	3067	3068	2	1.42	1.86	-321.7	39.8	200.4	1.55	1.94	1	GAP-short	0	0.50	0.00	0.50	0.00	0.00	0.00	0.00	0.50	3live:t/3live:i	0			
pdhd	029107_15	40	0	3080	3085	6	3.47	3.14	-321.7	46.4	195.8	1.53	1.94	2	GAP-short	0	1.00	0.00	1.00	0.00	0.67	0.00	0.00	0.00	1blank:i/1blank:i/3live:i/1blank:i/3live:i	0			
pdhd	029107_15	40	0	3097	3160	64	40.39	37.21	-320.6	66.5	181.9	18.54	3.26	3	GAP-live	0	0.07	0.00	0.07	0.00	0.03	0.02	0.00	0.00	1blank:i/1blank:i/1blank:i/1blank:i	0			
pdhd	029107_15	40	0	3180	3186	7	4.40	4.76	-323.8	89.8	162.8	2.07	2.41	2	GAP-short	0	0.70	0.00	0.70	0.00	0.00	0.00	0.14	0.00	3live:i/3live:i/3live:t/3live:i	0			
pdhd	029107_15	43	0	3195	3203	9	5.20	5.77	-348.5	507.5	52.3	2.12	1.78	3	GAP-short	0	0.67	0.00	0.67	0.00	0.00	0.00	0.00	0.00	3live:i/1blank:i/1blank:i/1blank:i/1blank:i/1blank:i/1blank:i/1blank:i/1blank:t	0			
pdhd	029107_15	43	0	3277	3284	8	4.85	5.25	-323.9	467.3	51.1	2.76	1.77	2	GAP-short	0	0.50	0.00	0.50	0.00	0.00	0.00	0.00	0.00	1blank:t/1blank:i/1blank:i/1blank:i/1blank:i/1blank:i/1blank:i	0			
pdhd	029107_15	43	0	3324	3333	10	6.05	6.67	-308.3	441.8	50.8	3.26	2.02	1	GAP-live	0	0.38	0.00	0.38	0.00	0.00	0.00	0.00	0.00	1blank:i/1blank:i/1blank:i/1blank:i/1blank:i/1blank:i/1blank:i/1blank:i/1blank:i	0			
pdhd	029107_15	43	0	3349	3351	3	1.76	2.13	-301.7	431.4	50.9	1.07	1.59	3	D-3live	1	1.00	0.00	1.00	0.00	0.00	0.00	0.00	0.33	3live:t/3live:i/3live:t/3live:i	0	2.83		
pdhd	029107_15	43	0	3374	3416	43	26.19	27.10	-288.1	408.1	51.4	12.07	2.20	3	GAP-live	0	0.19	0.00	0.19	0.00	0.00	0.05	0.44	0.00	3live:i/1blank:t/1blank:i/1blank:t/3live:i	0			
pdhd	029107_15	43	0	3437	3443	7	3.96	4.38	-274.2	385.3	52.0	1.85	2.21	3	GAP-short	0	0.78	0.00	0.78	0.00	0.00	0.00	0.00	0.00	1blank:i/1blank:i/1blank:i/1blank:i/1blank:i/1blank:i	0			
pdhd	029107_15	43	0	3473	3474	2	1.29	1.59	-264.5	368.4	52.7	1.29	1.07	2	D-blank-term	1	1.00	0.00	1.00	0.00	0.00	0.00	0.00	0.00	1blank:i/1blank:t	0	1.75	1.75	1.000
pdhd	029107_15	43	0	3489	3521	33	20.99	20.62	-254.1	352.3	53.2	9.71	2.46	3	GAP-live	0	0.15	0.00	0.15	0.00	0.00	0.09	0.45	0.03	3live:t/3live:i/1blank:i/3live:t/3live:i	0			
pdhd	029107_15	43	0	3841	3880	40	26.29	26.88	-140.9	166.6	67.6	13.25	1.92	2	GAP-live	0	0.09	0.00	0.09	0.00	0.00	0.05	0.00	0.03	3live:t/3live:i/1blank:i/1blank:i	0			
pdhd	029107_15	43	0	3885	3895	11	7.60	8.07	-130.1	150.8	69.4	4.40	1.20	2	GAP-live	0	0.19	0.00	0.19	0.00	0.00	0.00	0.00	0.00	3live:i/3live:i/3live:i/3live:i/3live:i/3live:i/3live:i/1blank:i/1blank:i/1blank:i/1blank:i/1blank:t	0			
pdhd	029107_15	57	0	4679	4680	2	1.43	2.06	-48.9	584.7	429.8	1.53	0.56	2	GAP-short	0	0.75	0.00	0.75	0.00	0.00	0.00	0.00	0.50	3live:i/3live:i	0			
pdhd	029107_15	57	0	4689	4690	2	1.52	2.04	-48.9	580.1	433.8	1.26	0.54	2	GAP-short	0	1.00	0.00	1.00	0.00	0.00	0.00	0.00	0.50	3live:t/3live:i	0			
pdhd	029107_15	57	0	4694	4695	2	1.39	2.06	-48.9	577.4	435.2	1.33	0.49	2	GAP-short	0	1.00	0.00	1.00	0.00	0.00	0.00	0.00	0.00	3live:i/3live:t	0			
pdhd	029107_15	57	0	4699	4700	2	1.07	1.60	-48.9	575.1	437.1	1.32	0.48	2	GAP-short	0	1.00	0.00	1.00	0.00	0.00	0.00	0.00	0.00	3live:t/3live:i	0			
pdhd	029107_15	57	0	4705	4714	10	5.27	5.72	-48.8	570.6	439.3	2.42	1.03	2	GAP-short	0	0.64	0.00	0.64	0.00	0.00	0.00	1.00	0.70	3live:i/3live:e	1			
pdhd	029107_15	62	0	4792	4793	2	1.22	1.55	-79.7	76.3	428.1	1.23	0.49	1	D-3live	1	1.00	0.00	1.00	0.00	0.00	0.00	0.00	0.00	3live:i/3live:t/3live:i	0	2.01	2.01	1.000
pdhd	029107_15	73	0	5061	5067	7	3.41	3.79	-1.5	581.6	273.3	2.10	2.17	3	GAP-short	0	0.50	0.00	0.50	0.29	0.00	0.00	0.00	0.00	1blank:t/1blank:i/1dead:e/1blank:i	1			
pdhd	029107_15	133	0	5668	5702	35	23.14	22.85	177.8	362.9	6.6	11.76	3.50	2	GAP-live	0	0.07	0.00	0.07	0.00	0.00	0.11	0.46	0.00	3live:t/1blank:i/3live:t/3live:i	0			
pdhd	029107_15	133	0	5879	5906	28	18.11	18.30	165.0	247.6	20.5	9.53	1.67	2	GAP-live	0	0.11	0.00	0.11	0.07	0.00	0.07	0.00	0.00	3live:i/3live:i/1dead:i/1dead:i	0			
pdhd	029107_15	152	0	6184	6187	4	3.73	4.17	1.0	51.9	367.1	2.56	2.39	3	GAP-live	0	0.38	0.00	0.38	0.00	0.00	0.00	0.00	0.00	3live:i/1blank:i	0			
pdhd	029107_15	154	0	7126	7151	26	32.07	31.65	83.1	171.1	199.5	8.10	1.39	3	GAP-live	0	0.06	0.00	0.06	0.00	0.00	0.00	0.00	0.15	3live:t/3live:i/3live:i/3live:i/3live:t/3live:i	0			
pdhd	029107_16	34	0	49	50	2	1.35	1.94	-0.4	478.8	35.2	0.61	1.24	1	D-blank-int	1	1.00	0.00	1.00	0.00	0.00	0.00	0.00	0.00	1blank:i/1blank:i	0	1.03		
pdhd	029107_16	35	0	202	215	14	8.75	9.17	-7.6	448.8	69.8	5.74	3.16	2	GAP-live	0	0.11	0.00	0.11	0.00	0.00	0.14	0.07	0.00	3live:i/3live:t/1blank:i/1blank:i	0			
pdhd	029107_16	35	0	240	243	4	2.37	2.91	-8.8	463.7	80.4	1.71	1.61	1	GAP-short	0	0.67	0.00	0.67	0.00	0.75	0.00	0.25	0.00	3live:i/3live:t/1blank:i/1blank:t	0			
pdhd	029107_16	35	0	248	249	2	1.54	1.61	-9.1	465.4	83.7	1.17	1.76	1	D-crawl	1	1.00	0.00	1.00	0.00	1.00	0.00	0.00	0.00	1blank:i/1blank:t	0	0.32		
pdhd	029107_16	46	0	3663	3665	3	2.08	2.37	-147.0	555.8	102.3	1.86	1.95	3	GAP-short	0	1.00	0.00	1.00	0.00	0.00	0.00	0.00	0.00	3live:i/3live:i/3live:i/3live:i	0			
pdhd	029107_16	46	0	3668	3724	57	32.85	30.76	-141.3	544.9	89.8	8.85	3.61	3	GAP-live	0	0.10	0.00	0.10	0.00	0.00	0.04	0.00	0.05	1blank:i/3live:i/3live:i/3live:i/3live:t	0			
pdhd	029107_16	46	0	3882	3883	2	0.52	1.03	-103.5	481.6	7.8	0.49	1.53	1	FIT	0	1.00	0.00	1.00	0.00	0.00	0.00	0.00	1.00	3live:i/3live:e	1			
pdhd	029107_16	51	0	4125	4128	4	2.79	3.21	-116.4	542.6	73.1	1.35	1.88	3	D-blank-int	1	1.00	0.00	1.00	0.00	0.00	0.00	0.00	0.00	1blank:i/3live:t/1blank:i/1blank:i	0	4.94		
pdhd	029107_16	106	0	5493	5500	8	5.51	5.55	93.3	418.6	303.8	1.69	2.68	3	GAP-short	0	0.64	0.00	0.64	0.00	0.00	0.38	0.12	0.38	1blank:i/3live:t/3live:i/3live:t/3live:i	0			
pdhd	029107_16	108	0	5897	5898	2	2.15	2.01	71.6	407.9	451.6	0.30	1.26	1	D-crawl	1	1.00	0.00	1.00	0.00	1.00	0.00	0.00	0.00	3live:i/2blank+:i	0	2.27		
pdhd	029107_16	114	0	6513	6519	7	4.37	4.75	151.8	25.1	309.3	1.25	2.20	1	D-3live	1	1.00	0.00	1.00	0.00	0.00	0.00	0.00	0.43	3live:i/3live:t/3live:i/3live:i/3live:i/3live:t	0	5.93		
pdhd	029107_16	117	0	7191	7192	2	1.34	2.14	64.9	33.1	458.4	0.49	1.26	2	FIT	1	1.00	0.00	1.00	0.00	0.00	0.00	0.00	1.00	3live:i/3live:i	0			
pdhd	029107_16	117	0	7195	7199	5	2.52	3.20	64.9	35.9	456.4	0.58	1.27	2	FIT	1	1.00	0.00	1.00	0.00	0.00	0.00	0.00	1.00	3live:i/3live:t/3live:i	0			
pdhd	029107_16	118	0	7767	7770	4	3.03	2.84	179.8	467.6	458.1	5.22	nan	3	GAP-live	0	0.00	0.00	0.00	0.00	0.00	0.00	0.00	0.00	3live:i/3live:t	1			
pdhd	029107_16	118	0	7773	7775	3	2.01	2.57	179.3	470.1	455.7	1.92	1.92	2	GAP-short	0	0.60	0.00	0.60	0.00	0.00	0.00	0.00	0.00	3live:i/3live:i/3live:i	0			
pdhd	029107_16	118	0	7777	7784	8	4.81	5.50	179.4	473.3	453.2	4.29	2.77	2	GAP-live	0	0.27	0.00	0.27	0.00	0.00	0.00	0.00	0.12	3live:t/3live:i/3live:i	0			
pdhd	029107_16	118	0	7802	7804	3	2.45	3.11	179.3	484.5	445.0	4.87	nan	2	GAP-live	0	0.00	0.00	0.00	0.00	0.00	0.00	0.00	0.00	3live:i/3live:i	0			
pdhd	029107_16	118	0	7812	7817	6	3.27	3.71	179.3	490.7	441.5	3.83	2.76	2	GAP-live	0	0.14	0.00	0.14	0.00	0.00	0.00	0.00	0.00	3live:i/3live:t/3live:i	0			
pdhd	029107_16	118	0	7822	7826	5	3.29	3.64	179.4	494.4	437.9	3.31	2.62	2	GAP-live	0	0.29	0.00	0.29	0.00	0.00	0.00	0.00	0.00	3live:i/3live:i	0			
pdhd	029107_16	118	0	7831	7834	4	2.38	2.78	178.8	498.9	435.3	3.38	2.34	3	GAP-live	0	0.17	0.00	0.17	0.00	0.00	0.00	0.00	0.00	3live:i/3live:t	0			
pdhd	029107_16	118	0	7865	7866	2	1.36	1.87	179.4	515.2	423.7	2.17	2.12	2	GAP-live	0	0.25	0.00	0.25	0.00	0.00	0.00	0.00	0.00	3live:i/3live:i	0			
pdhd	029107_16	118	0	7899	7908	10	6.39	6.39	178.7	532.4	410.2	4.74	2.38	3	GAP-live	0	0.23	0.00	0.23	0.00	0.00	0.00	0.00	0.10	3live:t/3live:i/3live:i	0			
pdhd	029107_16	118	0	7946	7948	3	1.72	2.24	179.0	554.4	396.0	1.81	1.73	3	GAP-short	0	0.75	0.00	0.75	0.00	0.00	0.00	1.00	0.00	3live:i/3live:t	0			
pdhd	029107_16	118	0	7970	7973	4	1.58	1.59	179.0	565.1	387.4	2.18	2.15	1	FIT	0	0.67	0.00	0.67	0.00	0.00	0.00	0.00	1.00	3live:e/3live:i	1			
pdhd	029107_16	122	0	8292	8293	2	2.50	3.13	0.4	471.2	49.9	1.37	1.46	1	GAP-short	0	1.00	0.00	1.00	0.00	0.00	0.50	0.00	0.50	1blank:i/3live:i/3live:i	0			
pdhd	029107_16	122	0	8298	8304	7	4.38	4.93	-0.2	467.1	54.1	2.53	3.06	1	GAP-short	0	0.50	0.00	0.50	0.00	0.00	0.43	0.29	0.14	3live:t/1blank:i/3live:t/3live:i	0			
pdhd	029107_17	18	0	0	1	2	1.05	1.05	-266.2	301.2	442.9	1.37	1.33	3	GAP-short	0	1.00	0.00	1.00	0.00	0.00	0.00	1.00	0.00	2blank+:i/1dead:e	1			
pdhd	029107_17	18	0	5	7	3	1.33	2.10	-268.3	299.3	441.6	1.61	1.99	3	GAP-short	0	1.00	0.00	1.00	0.33	0.67	0.00	0.33	0.00	2blank+:i/2blank+:i/1dead:e	1			
pdhd	029107_17	33	0	708	733	26	26.58	26.45	-42.2	40.1	273.3	10.82	1.00	2	GAP-live	0	0.02	0.00	0.02	0.00	0.00	0.00	0.00	0.00	3live:i/3live:i/3live:t/3live:i	0			
pdhd	029107_17	33	0	754	755	2	1.35	2.03	-41.0	65.2	273.0	1.15	1.52	1	D-blank-int	1	1.00	0.00	1.00	0.00	0.00	0.00	0.00	0.00	3live:i/1blank:i	0	4.47		
pdhd	029107_17	49	0	2441	2442	2	1.38	2.01	-350.5	248.8	427.2	1.28	0.50	3	GAP-short	0	1.00	0.00	1.00	0.00	0.00	0.00	0.00	0.00	3live:i/3live:t	0			
pdhd	029107_17	114	0	2985	2988	4	2.61	3.32	347.4	223.8	188.0	1.00	1.11	1	D-blank-term	1	1.00	0.00	1.00	0.00	0.00	0.00	0.00	0.25	3live:i/3live:i/1blank:t/3live:t/1blank:i	0	6.72	6.72	1.000
pdhd	029107_17	117	0	3586	3587	2	1.10	1.55	242.1	273.5	113.7	0.65	1.36	1	D-crawl	1	1.00	0.00	1.00	0.00	1.00	0.00	0.00	0.00	1blank:i/1blank:t	0	0.86		
pdhd	029107_17	117	0	3605	3607	3	1.88	2.35	239.5	281.8	115.5	2.20	0.89	1	GAP-live	0	0.40	0.00	0.40	0.00	0.00	0.00	0.00	0.00	3live:i/1blank:i	0			
pdhd	029107_17	117	0	3609	3611	3	1.77	2.45	238.5	283.6	117.0	4.66	nan	1	GAP-live	0	0.00	0.00	0.00	0.00	0.00	0.00	0.00	0.00	3live:i/1blank:i	0			
pdhd	029107_17	117	0	3615	3626	12	7.49	8.11	235.9	288.1	120.8	7.09	0.46	1	GAP-live	0	0.12	0.00	0.12	0.00	0.00	0.17	0.00	0.08	1blank:i/3live:i/3live:i	0			
pdhd	029107_17	117	0	3639	3647	9	5.76	6.39	230.3	298.2	128.8	2.21	3.68	1	GAP-short	0	0.62	0.00	0.62	0.00	0.00	0.00	0.00	0.44	3live:i/3live:i	0			
pdhd	029107_18	24	0	32	34	3	2.11	2.60	-327.3	591.8	130.2	1.10	1.15	2	GAP-short	0	1.00	0.00	1.00	0.00	0.00	0.00	0.00	0.33	3live:t/1blank:i/3live:t/3live:i	0			
pdhd	029107_18	24	0	36	38	3	2.45	2.19	-328.1	589.8	129.1	0.78	1.30	1	FIT	1	1.00	0.00	1.00	0.00	0.00	0.00	0.00	1.00	3live:i/3live:i/3live:t	0			
pdhd	029107_18	24	0	56	58	3	4.16	5.27	-338.8	586.8	131.6	2.21	2.45	3	GAP-live	0	0.45	0.00	0.45	0.00	0.00	0.00	0.00	0.00	3live:i/1blank:i/2blank+:i/2blank+:i/2blank+:i	0			
pdhd	029107_18	24	0	66	83	18	11.49	10.11	-346.9	585.2	129.2	5.33	4.40	3	GAP-live	0	0.20	0.00	0.20	0.00	0.00	0.00	0.00	0.11	3live:i/3live:t/3live:i/3live:t	0			
pdhd	029107_18	31	0	233	261	29	17.83	15.26	-210.7	31.5	135.2	5.04	3.57	2	GAP-live	0	0.16	0.00	0.16	0.00	0.00	0.17	0.24	0.00	3live:i/3live:t/1blank:i/2blank+:i/3live:i	0			
pdhd	029107_18	31	0	284	286	3	2.39	2.79	-212.7	50.2	122.1	1.77	1.08	2	GAP-short	0	0.83	0.00	0.83	0.00	0.00	0.00	0.00	0.00	3live:i/3live:t/3live:i/3live:i	0			
pdhd	029107_18	31	0	311	571	261	165.17	161.24	-223.7	127.0	68.7	45.51	3.20	3	GAP-live	0	0.00	0.00	0.00	0.00	0.00	0.00	0.00	0.00	3live:i/3live:t/3live:t/3live:i	0			
pdhd	029107_18	32	0	598	606	9	5.42	5.19	-2.2	561.7	18.1	0.96	2.04	3	D-crawl	1	1.00	0.00	1.00	0.00	0.67	0.00	0.00	0.00	1blank:i/1blank:i/3live:i/1blank:i	0	4.27		
pdhd	029107_18	32	0	611	616	6	3.40	3.89	-2.7	556.3	21.3	1.02	1.20	2	D-blank-int	1	1.00	0.00	1.00	0.00	0.17	0.00	0.17	0.67	3live:i/1blank:i/3live:t/1blank:i	0	14.94		
pdhd	029107_18	34	0	644	718	75	47.53	42.62	-154.4	470.7	17.3	15.93	3.58	3	GAP-live	0	0.02	0.00	0.02	0.00	0.00	0.04	0.96	0.00	1blank:i/3live:t/3live:i/3live:t	0			
pdhd	029107_18	34	0	768	774	7	4.53	5.02	-168.1	510.8	48.4	2.63	3.17	2	GAP-live	0	0.40	0.00	0.40	0.00	0.00	0.00	0.14	0.14	2blank+:i/3live:t/1blank:i/3live:i	0			
pdhd	029107_18	37	0	836	846	11	15.56	15.97	-78.6	588.5	203.6	4.69	3.50	3	GAP-live	0	0.16	0.00	0.16	0.00	0.00	0.00	0.00	0.00	1blank:i/1blank:i/1blank:i/3live:t/1blank:i	0			
pdhd	029107_18	37	0	850	855	6	6.66	7.08	-71.7	589.6	193.5	1.68	2.31	3	GAP-live	0	0.43	0.00	0.43	0.00	0.00	0.00	0.00	0.17	3live:i/2blank+:i/2blank+:i/2blank+:i/2blank+:i/2blank+:i/2blank+:i/1blank:i/3live:i/3live:t	0			
pdhd	029107_18	37	0	888	982	95	61.57	60.76	-67.8	538.5	189.9	31.19	2.55	3	GAP-live	0	0.02	0.00	0.02	0.00	0.00	0.03	0.48	0.00	3live:i/3live:t/3live:i/1blank:i	0			
pdhd	029107_18	37	0	993	997	5	3.93	4.26	-68.1	503.0	189.1	1.94	2.37	2	GAP-short	0	0.89	0.00	0.89	0.00	0.00	0.00	0.00	0.00	3live:i/3live:i/3live:t/1blank:i/3live:i	0			
pdhd	029107_18	37	0	1004	1064	61	38.01	38.39	-67.5	479.2	193.2	20.55	3.53	2	GAP-live	0	0.03	0.00	0.03	0.00	0.00	0.03	0.43	0.00	3live:i/1blank:i/1blank:i/3live:e	0			
pdhd	029107_18	40	0	1822	1823	2	1.31	1.97	-192.5	522.3	419.8	1.22	1.88	1	D-crawl	1	1.00	0.00	1.00	0.00	1.00	0.00	0.00	0.50	3live:i/3live:i	0	5.12		
pdhd	029107_18	40	0	2220	2255	36	21.90	22.35	-162.9	459.2	196.9	11.81	0.91	1	GAP-live	0	0.02	0.04	0.07	0.00	0.00	0.03	0.00	0.00	3live:i/3live:i/3live:t/3live:i/3live:i	0			
pdhd	029107_18	44	0	2449	2456	8	4.71	5.28	-268.2	509.3	46.3	2.97	2.99	2	GAP-live	0	0.36	0.00	0.36	0.00	0.00	0.00	0.00	0.00	3live:i/3live:i/3live:i/3live:i	0			
pdhd	029107_18	44	0	2468	2475	8	4.86	5.39	-268.2	497.5	46.7	5.09	2.85	2	GAP-live	0	0.18	0.00	0.18	0.00	0.00	0.00	0.00	0.00	3live:i/3live:i/3live:t	0			
pdhd	029107_18	44	0	2487	2488	2	1.61	2.16	-268.2	487.1	46.1	2.13	1.27	2	GAP-live	0	0.25	0.00	0.25	0.00	0.00	0.00	0.00	0.00	3live:t/3live:i	0			
pdhd	029107_18	44	0	2495	2499	5	3.13	3.67	-268.1	481.2	46.0	3.16	2.59	2	GAP-live	0	0.29	0.00	0.29	0.00	0.00	0.00	0.00	0.00	3live:i/3live:i	0			
pdhd	029107_18	44	0	2527	2528	2	1.55	2.23	-268.2	461.7	46.2	1.51	1.51	2	GAP-short	0	0.50	0.00	0.50	0.00	0.00	0.00	0.00	0.00	3live:t/3live:t	0			
pdhd	029107_18	44	0	2533	2534	2	1.00	1.45	-268.2	457.8	45.9	1.73	1.02	2	GAP-short	0	0.67	0.00	0.67	0.00	0.00	0.00	0.00	0.00	3live:t/3live:t	0			
pdhd	029107_18	44	0	2541	2542	2	1.25	1.74	-268.1	453.6	46.2	6.04	nan	2	GAP-live	0	0.00	0.00	0.00	0.00	0.00	0.00	0.00	0.00	3live:t/3live:t	0			
pdhd	029107_18	44	0	2548	2549	2	0.98	1.49	-268.1	449.9	46.1	9.68	nan	2	GAP-live	0	0.00	0.00	0.00	0.00	0.00	0.00	0.00	0.00	3live:t/3live:t	0			
pdhd	029107_18	44	0	2575	2576	2	1.26	1.65	-268.2	434.9	46.1	1.03	0.66	2	D-3live	1	1.00	0.00	1.00	0.00	0.00	0.00	0.00	0.00	3live:i/3live:i	0	0.86	0.86	1.000
pdhd	029107_18	44	0	2616	2621	6	4.27	4.73	-267.6	408.8	45.8	7.88	nan	2	GAP-live	0	0.00	0.00	0.00	0.00	0.00	0.00	0.00	0.00	3live:i/3live:t/3live:i	0			
pdhd	029107_18	44	0	2626	2627	2	1.32	1.84	-267.6	404.2	46.3	2.65	2.27	2	GAP-live	0	0.00	0.00	0.00	0.00	0.00	0.00	0.00	0.00	3live:t/3live:i	0			
pdhd	029107_18	44	0	2635	2638	4	2.02	2.50	-267.6	398.0	46.2	1.91	1.86	2	GAP-live	0	0.40	0.00	0.40	0.00	0.00	0.00	0.00	0.00	3live:t/3live:i	0			
pdhd	029107_18	44	0	2640	2644	5	3.22	3.72	-267.6	394.8	46.3	1.43	1.64	2	FIT	1	1.00	0.00	1.00	0.00	0.00	0.00	0.00	0.80	3live:t/3live:i/3live:i/3live:i	0			
pdhd	029107_18	44	0	2696	2701	6	3.59	4.43	-267.6	361.1	46.0	10.72	nan	2	GAP-live	0	0.00	0.00	0.00	0.00	0.00	0.00	0.00	0.00	3live:t/3live:i	0			
pdhd	029107_18	44	0	2714	2715	2	1.67	2.21	-267.7	351.2	46.0	3.48	2.55	2	GAP-live	0	0.00	0.00	0.00	0.00	0.00	0.00	0.00	0.00	3live:i/3live:i	0			
pdhd	029107_18	44	0	2724	2726	3	1.76	2.35	-267.7	343.9	46.0	2.09	2.04	2	GAP-live	0	0.20	0.00	0.20	0.00	0.00	0.00	0.00	0.00	3live:i/3live:i	0			
pdhd	029107_18	44	0	2737	2740	4	2.50	3.06	-267.6	335.4	45.9	5.61	nan	2	GAP-live	0	0.00	0.00	0.00	0.00	0.00	0.00	0.00	0.00	3live:i/3live:i	0			
pdhd	029107_18	44	0	2743	2745	3	2.01	2.64	-267.6	332.0	46.1	3.27	1.29	2	GAP-live	0	0.00	0.00	0.00	0.00	0.00	0.00	0.00	0.00	3live:i/3live:t/3live:i	0			
pdhd	029107_18	44	0	2752	2757	6	3.79	4.28	-267.7	325.3	45.8	2.38	2.32	2	GAP-live	0	0.22	0.00	0.22	0.00	0.00	0.00	0.00	0.00	3live:t/3live:i	0			
pdhd	029107_18	44	0	2761	2772	12	8.48	8.55	-267.6	317.6	46.6	4.44	1.99	2	GAP-live	0	0.24	0.00	0.24	0.00	0.00	0.00	0.00	0.00	3live:i/3live:t	0			
pdhd	029107_18	44	0	2775	2778	4	2.78	3.24	-267.6	311.4	47.5	1.85	1.83	2	GAP-live	0	0.33	0.00	0.33	0.00	0.00	0.00	0.00	0.50	3live:i/3live:t/3live:i	0			
pdhd	029107_18	44	0	2780	2791	12	8.33	8.88	-267.6	305.1	47.5	5.43	2.62	2	GAP-live	0	0.11	0.00	0.11	0.00	0.00	0.00	0.00	0.00	3live:i/3live:i	0			
pdhd	029107_18	44	0	2795	2796	2	1.52	1.98	-267.5	298.9	47.1	1.27	0.83	2	GAP-short	0	1.00	0.00	1.00	0.00	0.00	0.00	0.00	0.00	3live:i/3live:i	0			
pdhd	029107_18	44	0	2804	2809	6	4.08	4.49	-267.5	291.9	47.1	7.32	nan	2	GAP-live	0	0.00	0.00	0.00	0.00	0.00	0.00	0.00	0.00	3live:t/3live:t/3live:i	0			
pdhd	029107_18	44	0	2811	2812	2	1.16	1.71	-267.7	288.6	46.3	5.33	nan	2	GAP-live	0	0.00	0.00	0.00	0.00	0.00	0.00	0.00	0.00	3live:t/3live:i	0			
pdhd	029107_18	44	0	2817	2818	2	1.34	2.05	-267.5	284.9	46.6	1.77	1.60	2	GAP-short	0	0.50	0.00	0.50	0.00	0.00	0.00	0.00	0.00	3live:t/3live:i	0			
pdhd	029107_18	44	0	2821	2826	6	3.79	4.20	-267.5	281.2	47.1	2.21	2.08	2	GAP-short	0	0.62	0.00	0.62	0.00	0.00	0.00	0.00	0.67	3live:t/3live:i	0			
pdhd	029107_18	44	0	2828	2830	3	1.53	1.99	-267.5	278.1	47.4	2.08	1.32	2	GAP-short	0	0.50	0.00	0.50	0.00	0.00	0.00	0.00	0.00	3live:t/3live:i	0			
pdhd	029107_18	44	0	2833	2842	10	6.01	6.76	-267.5	272.8	47.3	4.65	2.68	2	GAP-live	0	0.36	0.00	0.36	0.00	0.00	0.00	0.00	0.20	3live:i/3live:i	0			
pdhd	029107_18	44	0	2844	2851	8	4.83	5.48	-267.5	266.8	47.4	9.89	nan	2	GAP-live	0	0.00	0.00	0.00	0.00	0.00	0.00	0.00	0.00	3live:i/3live:i	0			
pdhd	029107_18	44	0	2853	2857	5	2.77	3.38	-267.4	262.4	47.4	9.36	nan	2	GAP-live	0	0.00	0.00	0.00	0.00	0.00	0.00	0.60	0.00	3live:i/3live:t/3live:i	0			
pdhd	029107_18	44	0	2861	2863	3	2.06	2.74	-267.5	257.9	47.4	4.60	nan	2	GAP-live	0	0.00	0.00	0.00	0.00	0.00	0.00	0.00	0.00	3live:i/3live:t	0			
pdhd	029107_18	44	0	2865	2868	4	2.59	3.06	-267.4	255.1	47.0	2.11	2.66	2	GAP-short	0	0.67	0.00	0.67	0.00	0.00	0.00	0.00	0.50	3live:i/3live:t	0			
pdhd	029107_18	44	0	2876	2896	21	13.11	13.37	-267.5	243.3	46.6	6.90	2.09	2	GAP-live	0	0.19	0.00	0.19	0.00	0.00	0.00	0.62	0.00	3live:i/3live:i/3live:t/3live:i	0			
pdhd	029107_18	44	0	2901	2902	2	1.34	1.95	-267.6	233.8	47.3	1.12	1.09	2	GAP-short	0	1.00	0.00	1.00	0.00	0.00	0.00	0.00	0.50	3live:i/3live:i	0			
pdhd	029107_18	44	0	2904	2906	3	2.07	2.96	-267.6	231.2	47.5	1.11	1.32	2	GAP-short	0	1.00	0.00	1.00	0.00	0.00	0.00	0.00	0.33	3live:i/3live:i	0			
pdhd	029107_18	44	0	2913	2918	6	3.86	4.46	-267.6	224.3	47.5	1.18	1.38	2	GAP-short	0	1.00	0.00	1.00	0.00	0.00	0.00	0.00	0.67	3live:t/3live:i	0			
pdhd	029107_18	44	0	2920	2922	3	1.80	2.26	-267.6	221.0	47.3	1.12	1.31	2	GAP-short	0	1.00	0.00	1.00	0.00	0.00	0.00	0.00	0.67	3live:t/3live:i	0			
pdhd	029107_18	44	0	2928	2931	4	2.56	2.79	-267.5	216.1	47.2	1.25	1.17	2	GAP-short	0	1.00	0.00	1.00	0.00	0.00	0.00	0.00	0.75	3live:i/3live:i	0			
pdhd	029107_18	44	0	3004	3005	2	1.25	1.70	-267.6	169.1	46.3	1.67	1.80	2	GAP-live	0	0.33	0.00	0.33	0.00	0.00	0.00	0.00	0.00	3live:i/3live:i/3live:t	0			
pdhd	029107_18	44	0	3023	3024	2	1.19	1.65	-267.6	158.2	47.0	1.12	0.94	2	D-3live	1	1.00	0.00	1.00	0.00	0.00	0.00	0.00	0.50	3live:i/3live:i	0	15.67		
pdhd	029107_18	45	0	3179	3180	2	1.25	1.82	-34.9	535.8	59.9	1.75	1.76	1	GAP-short	0	0.50	0.00	0.50	0.00	0.00	0.00	1.00	0.00	3live:i/3live:t	0			
pdhd	029107_18	45	0	3405	3406	2	1.25	1.90	-34.1	399.5	60.3	0.81	1.11	2	FIT	1	1.00	0.00	1.00	0.00	0.00	0.00	0.00	1.00	3live:i/3live:i	0			
pdhd	029107_18	45	0	3418	3419	2	1.18	1.83	-34.2	391.6	60.7	1.94	1.75	2	GAP-short	0	0.50	0.00	0.50	0.00	0.00	0.00	0.00	0.00	3live:i/3live:i	0			
pdhd	029107_18	45	0	3424	3426	3	1.95	2.72	-34.2	387.3	60.6	3.18	1.72	2	GAP-live	0	0.00	0.00	0.00	0.00	0.00	0.00	0.00	0.00	3live:i/3live:i	0			
pdhd	029107_18	45	0	3438	3439	2	1.06	1.60	-34.2	379.2	60.8	1.38	0.94	2	GAP-short	0	1.00	0.00	1.00	0.00	0.00	0.00	0.00	0.00	3live:i/3live:i	0			
pdhd	029107_18	45	0	3450	3451	2	1.72	2.31	-34.2	372.3	60.8	5.25	nan	2	GAP-live	0	0.00	0.00	0.00	0.00	0.00	0.00	0.00	0.00	3live:i/3live:i/3live:t	0			
pdhd	029107_18	45	0	3465	3467	3	1.98	2.36	-34.2	362.7	60.2	5.68	nan	2	GAP-live	0	0.00	0.00	0.00	0.00	0.00	0.00	0.00	0.00	3live:i/3live:t	0			
pdhd	029107_18	45	0	3469	3471	3	1.68	2.41	-34.1	359.9	60.6	2.97	1.96	2	GAP-live	0	0.00	0.00	0.00	0.00	0.00	0.00	0.00	0.00	3live:i/3live:t	0			
pdhd	029107_18	45	0	3481	3484	4	2.32	2.58	-34.1	351.9	60.6	5.21	nan	2	GAP-live	0	0.00	0.00	0.00	0.00	0.00	0.00	0.00	0.00	3live:i/3live:t	0			
pdhd	029107_18	45	0	3499	3502	4	3.02	3.85	-34.1	340.9	60.5	4.45	1.89	2	GAP-live	0	0.00	0.00	0.00	0.00	0.00	0.00	0.00	0.00	3live:i/3live:i/3live:t	0			
pdhd	029107_18	45	0	3506	3509	4	2.59	3.21	-34.2	335.9	60.3	6.50	nan	2	GAP-live	0	0.00	0.00	0.00	0.00	0.00	0.00	0.00	0.00	3live:i/3live:t	0			
pdhd	029107_18	45	0	3511	3515	5	3.31	3.59	-34.2	332.6	60.1	3.46	2.27	2	GAP-live	0	0.29	0.00	0.29	0.00	0.00	0.00	0.00	0.00	3live:i/3live:t	0			
pdhd	029107_18	45	0	3518	3520	3	1.88	2.55	-34.1	328.6	60.8	1.39	1.35	2	GAP-short	0	0.80	0.00	0.80	0.00	0.00	0.00	0.00	0.00	3live:i/3live:t	0			
pdhd	029107_18	45	0	3527	3528	2	1.04	1.69	-34.2	323.6	60.6	5.72	nan	2	GAP-live	0	0.00	0.00	0.00	0.00	0.00	0.00	0.00	0.00	3live:i/3live:t	0			
pdhd	029107_18	45	0	3530	3545	16	9.73	10.30	-34.1	317.5	60.5	8.27	0.59	2	GAP-live	0	0.10	0.00	0.10	0.00	0.00	0.00	0.00	0.00	3live:i/3live:i/3live:i/3live:t	0			
pdhd	029107_18	45	0	3555	3557	3	2.36	2.84	-34.1	305.7	59.9	3.01	0.73	2	GAP-live	0	0.17	0.00	0.17	0.00	0.00	0.00	0.00	0.00	3live:t/3live:i/3live:i	0			
pdhd	029107_18	45	0	3587	3593	7	4.62	5.17	-34.0	284.0	60.4	3.51	1.75	2	GAP-live	0	0.20	0.00	0.20	0.00	0.00	0.00	0.00	0.00	3live:i/3live:i	0			
pdhd	029107_18	45	0	3608	3644	37	24.51	24.64	-34.0	261.6	60.4	12.80	2.00	2	GAP-live	0	0.06	0.00	0.06	0.00	0.00	0.00	0.00	0.00	3live:i/3live:i/3live:t/3live:i	0			
pdhd	029107_18	45	0	3653	3655	3	2.01	2.66	-34.1	243.8	60.4	1.91	1.54	2	GAP-short	0	0.60	0.00	0.60	0.00	0.00	0.00	0.00	0.00	3live:i/3live:i/3live:i/3live:i	0			
pdhd	029107_18	45	0	3663	3664	2	1.45	2.23	-34.2	237.3	60.8	1.06	0.72	2	FIT	1	1.00	0.00	1.00	0.00	0.00	0.00	0.00	1.00	3live:t/3live:i	0			
pdhd	029107_18	45	0	3725	3726	2	1.18	1.74	-34.0	200.9	60.2	1.20	1.10	2	GAP-short	0	1.00	0.00	1.00	0.00	0.00	0.00	0.00	0.00	3live:i/3live:i	0			
pdhd	029107_18	45	0	3747	3748	2	1.45	1.93	-34.1	187.8	60.2	1.25	0.73	2	GAP-short	0	1.00	0.00	1.00	0.00	0.00	0.00	0.00	0.00	3live:i/3live:t	0			
pdhd	029107_18	45	0	3751	3755	5	3.35	3.83	-34.1	184.3	60.4	1.18	0.93	2	D-3live	1	1.00	0.00	1.00	0.00	0.00	0.00	0.00	0.20	3live:i/3live:i/3live:i	0	26.54	26.54	1.000
pdhd	029107_18	45	0	3761	3763	3	1.92	2.61	-34.2	178.3	60.5	1.36	0.84	2	D-3live	1	1.00	0.00	1.00	0.00	0.00	0.00	0.00	0.33	3live:i/3live:i	0	2.40	2.40	1.000
pdhd	029107_18	45	0	3769	3774	6	3.81	4.21	-34.1	172.5	60.6	1.22	1.02	2	D-3live	1	1.00	0.00	1.00	0.00	0.00	0.00	0.00	0.33	3live:i/3live:i/3live:i	0	2.84	2.84	1.000
pdhd	029107_18	45	0	3777	3778	2	1.20	2.09	-34.1	168.6	60.2	1.10	0.87	2	FIT	1	1.00	0.00	1.00	0.00	0.00	0.00	0.00	1.00	3live:i/3live:i	0			
pdhd	029107_18	45	0	3786	3787	2	1.13	1.72	-34.2	163.2	60.1	1.30	1.05	2	D-3live	1	1.00	0.00	1.00	0.00	0.00	0.00	0.00	0.50	3live:i/3live:i	0	16.80	16.80	1.000
pdhd	029107_18	45	0	3815	3817	3	1.75	2.46	-34.0	145.2	60.2	1.56	0.97	2	GAP-short	0	0.80	0.00	0.80	0.00	0.00	0.00	0.00	0.33	3live:t/3live:e	0			
pdhd	029107_18	45	0	3828	3829	2	1.34	1.93	-34.2	137.1	60.0	1.25	0.74	2	GAP-short	0	1.00	0.00	1.00	0.00	0.00	0.00	0.00	0.50	3live:e/3live:i	0			
pdhd	029107_18	45	0	3832	3834	3	1.94	2.29	-34.2	134.5	60.1	1.94	1.36	2	GAP-short	0	0.60	0.00	0.60	0.00	0.00	0.00	0.00	0.00	3live:e/3live:i/3live:i	0			
pdhd	029107_18	54	0	4044	4058	15	28.72	27.32	-36.6	22.0	450.1	9.11	2.43	3	GAP-live	0	0.04	0.04	0.07	0.00	0.00	0.00	0.00	0.13	3live:t/3live:e	0			
pdhd	029107_18	54	0	4064	4066	3	2.88	3.48	-19.7	17.6	450.5	1.74	nan	3	GAP-short	0	0.00	0.57	0.57	0.00	0.00	0.00	0.00	0.00	3live:i/3live:t	0			
pdhd	029107_18	54	0	4068	4069	2	1.17	1.66	-17.4	17.2	450.5	1.18	nan	3	GAP-short	0	0.00	1.00	1.00	0.00	0.00	0.00	0.00	0.00	3live:i/3live:t	0			
pdhd	029107_18	54	0	4071	4072	2	6.57	7.15	-13.3	15.5	450.7	1.03	1.01	3	GAP-live	0	0.21	0.14	0.36	0.00	0.00	0.00	0.00	0.50	3live:i/3live:t	0			
pdhd	029107_18	54	1	4081	4107	27	36.39	34.17	-31.5	21.4	450.7	10.86	2.21	3	GAP-live	0	0.03	0.16	0.19	0.00	0.00	0.00	0.00	0.07	3live:t/3live:e/3live:i/3live:t	0			
pdhd	029107_18	58	0	5467	5471	5	3.26	3.60	-109.3	255.4	426.1	1.21	1.03	3	FIT	0	1.00	0.00	1.00	0.00	0.00	0.20	0.00	0.80	3live:i/3live:i/3live:i/3live:i	0			
pdhd	029107_18	58	0	5625	5633	9	5.63	5.50	-85.3	349.5	421.3	1.77	2.24	3	D-crawl	1	1.00	0.00	1.00	0.00	1.00	0.00	0.00	0.00	3live:i/2blank+:i/2blank+:i/2blank+:i/2blank+:i/2blank+:i	0	7.46	6.91	0.404
pdhd	029107_18	59	0	5986	5988	3	1.56	2.13	-72.5	29.0	274.7	1.59	1.56	2	GAP-dead	0	1.00	0.00	1.00	1.00	0.00	0.00	0.00	0.00	1dead:e/1dead:t/1dead:i	0			
pdhd	029107_18	59	0	6000	6030	31	19.15	19.00	-71.2	45.7	273.9	8.98	1.73	3	GAP-live	0	0.18	0.00	0.18	0.26	0.00	0.26	0.74	0.10	1dead:i/1dead:t/1dead:t/1dead:i	0			
pdhd	029107_18	59	0	6046	6050	5	3.65	3.46	-67.2	65.0	275.7	1.51	1.51	2	GAP-short	0	0.86	0.00	0.86	0.40	0.00	0.00	0.20	0.00	2blank+:i/1blank:i/1blank:t	0			
pdhd	029107_18	59	0	6062	6209	148	91.18	83.81	-56.9	114.1	275.5	8.54	1.71	3	GAP-live	0	0.08	0.00	0.08	0.01	0.00	0.01	0.47	0.00	1blank:i/1blank:i/1blank:i/1blank:i/1dead:t/1blank:i	0			
pdhd	029107_18	59	0	6216	6227	12	7.63	5.72	-46.0	158.4	271.3	3.74	2.86	3	GAP-live	0	0.18	0.00	0.18	0.00	0.00	0.00	0.00	0.00	1blank:i/1blank:i/1blank:i/1blank:i/1blank:i/1blank:i	0			
pdhd	029107_18	68	0	7150	7174	25	17.24	12.99	-12.6	387.8	340.5	2.06	1.77	3	GAP-short	0	1.00	0.00	1.00	0.00	0.00	0.00	0.00	0.52	3live:e/2blank+:i/3live:i/1blank:i/3live:i/3live:i/3live:t/3live:i/3live:t/3live:i/1blank:i/1blank:i/1blank:i/3live:i/3live:t	0			
pdhd	029107_18	75	0	7402	7412	11	6.93	7.11	-195.2	540.5	335.7	0.67	3.14	3	D-3live	1	0.86	1.00	1.00	0.00	0.00	0.00	0.00	0.55	3live:i/3live:t/3live:i/3live:i/3live:i/3live:i/3live:i/3live:i/3live:i/3live:t	0	8.40		
pdhd	029107_18	79	0	7536	7537	2	1.06	1.06	-350.2	11.9	155.5	1.79	0.47	1	FIT	0	0.50	0.00	0.50	0.00	0.00	0.00	0.00	1.00	3live:i/3live:t	1			
pdhd	029107_18	79	0	7623	7643	21	12.94	13.22	-334.4	64.8	163.3	6.50	1.50	3	GAP-live	0	0.19	0.00	0.19	0.00	0.00	0.10	0.00	0.00	1blank:i/1blank:i/1blank:i/1blank:i	0			
pdhd	029107_18	79	0	7661	7667	7	5.35	4.77	-330.7	82.7	165.5	1.86	2.11	1	D-blank-term	1	1.00	0.00	1.00	0.00	0.00	0.00	0.00	0.00	1blank:i/1blank:i/1blank:i/1blank:t	0	3.21		
pdhd	029107_18	79	0	7676	7872	197	123.96	112.12	-313.5	137.7	177.5	54.80	2.30	3	GAP-live	0	0.04	0.00	0.04	0.00	0.00	0.01	0.00	0.01	1blank:i/3live:i/3live:t/3live:i	0			
pdhd	029107_18	79	0	7885	7888	4	2.51	2.89	-296.1	198.9	191.6	1.44	1.36	1	D-blank-int	1	1.00	0.00	1.00	0.00	0.00	0.00	0.00	0.00	1blank:i/1blank:i/3live:i	0	3.74	7.53	2.663
pdhd	029107_18	79	0	7929	7930	2	1.37	1.89	-289.2	222.4	196.0	0.65	1.73	3	FIT	1	1.00	0.00	1.00	0.00	0.00	0.00	0.00	1.00	3live:t/3live:i	0			
pdhd	029107_18	79	0	7932	7940	9	6.20	6.18	-288.0	226.3	197.1	1.66	1.91	3	GAP-short	0	0.92	0.00	0.92	0.00	0.00	0.00	0.00	0.22	3live:i/3live:i/3live:i/3live:i/3live:i/3live:i/3live:i	0			
pdhd	029107_18	83	0	8039	8051	13	8.10	7.46	-10.6	34.9	254.1	2.87	4.55	3	GAP-dead	0	0.60	0.00	0.60	0.54	0.00	0.00	0.00	0.23	3live:i/3live:t/3live:i/3live:i/1dead:i/1dead:i/1dead:i/1dead:i/1blank:i/3live:i	0			
pdhd	029107_18	84	0	8259	8261	3	2.16	1.32	-45.9	505.7	95.0	0.82	1.82	1	D-blank-term	1	1.00	1.00	1.00	0.00	0.33	0.00	1.00	0.00	1blank:t/1blank:i	0	6.40		
pdhd	029107_18	84	0	8264	8265	2	1.13	1.68	-45.2	506.6	96.5	0.71	2.63	1	D-blank-term	1	0.67	1.00	1.00	0.00	0.00	0.00	1.00	0.00	1blank:t/1blank:i	0	6.40		
pdhd	029107_18	84	0	8270	8282	13	8.54	8.73	-44.4	506.9	103.2	4.87	3.98	1	GAP-live	0	0.18	0.00	0.18	0.00	0.00	0.31	0.00	0.00	1blank:i/1blank:i/3live:i	0			
pdhd	029107_18	84	0	8298	8304	7	4.95	5.61	-43.8	509.1	119.2	4.89	2.27	1	GAP-live	0	0.18	0.00	0.18	0.00	0.00	0.00	1.00	0.00	3live:t/1blank:i	0			
pdhd	029107_18	84	0	8309	8317	9	5.57	5.71	-43.8	509.8	127.0	5.68	3.17	1	GAP-live	0	0.18	0.00	0.18	0.00	0.00	0.00	0.00	0.00	1blank:i/3live:i	0			
pdhd	029107_18	84	0	8340	8347	8	4.73	5.15	-43.1	494.6	133.1	1.83	2.16	1	GAP-short	0	0.70	0.00	0.70	0.00	0.00	0.00	0.12	0.12	3live:i/3live:t/3live:i	0			
pdhd	029107_18	84	0	8372	8374	3	1.67	2.27	-44.0	477.3	136.1	1.32	1.02	1	D-3live	1	1.00	0.00	1.00	0.00	0.00	0.00	0.00	0.00	3live:i/3live:i	0	1.14	1.14	1.000
pdhd	029107_19	101	0	2614	2618	5	47.34	47.92	39.3	553.1	179.3	1.45	2.55	3	FIT	0	0.07	0.00	0.07	0.00	0.60	0.00	0.00	0.80	3live:t/3live:i/3live:t/3live:i	0			
pdhd	029107_19	106	0	3549	3556	8	5.13	5.54	59.4	543.1	326.3	1.94	2.55	2	D-3live	1	0.73	0.00	0.73	0.00	0.00	0.00	0.00	0.50	3live:i/3live:i/3live:i/3live:i/3live:t/3live:i	0	7.79		
pdhd	029107_19	106	0	3560	3578	19	11.29	11.71	60.2	538.3	317.9	4.26	3.63	2	GAP-live	0	0.48	0.00	0.48	0.00	0.00	0.00	0.00	0.21	3live:i/3live:i/3live:i/3live:t/3live:i	0			
pdhd	029107_19	106	0	3586	3595	10	6.70	7.11	60.8	530.6	307.6	2.10	2.48	2	GAP-short	0	0.50	0.00	0.50	0.00	0.00	0.00	0.00	0.40	3live:i/3live:t	0			
pdhd	029107_19	106	0	3642	3645	4	2.13	2.66	62.4	511.9	285.9	1.45	1.80	1	GAP-short	0	1.00	0.00	1.00	0.00	0.00	0.00	0.00	0.00	3live:i/1blank:i/3live:i	0			
pdhd	029107_19	106	0	3648	3655	8	4.78	5.15	62.9	512.6	281.5	2.98	3.34	2	GAP-live	0	0.30	0.00	0.30	0.00	0.00	0.00	0.00	0.12	3live:i/3live:i/3live:i/1blank:i/3live:i/3live:i	0			
pdhd	029107_19	106	0	3657	3658	2	1.26	1.62	63.9	511.9	278.5	1.76	1.83	3	GAP-short	0	0.67	0.00	0.67	0.00	0.00	0.00	0.00	0.00	3live:i/3live:i	0			
pdhd	029107_19	106	0	3661	3725	65	41.09	40.02	68.0	499.3	260.9	19.99	3.04	3	GAP-live	0	0.06	0.00	0.06	0.00	0.00	0.03	0.00	0.05	1dead:i/3live:i/3live:i/3live:i	0			
pdhd	029107_19	106	0	3825	3826	2	10.36	10.97	74.7	440.6	206.0	0.89	1.75	3	GAP-live	0	0.27	0.00	0.27	0.00	0.00	0.00	0.00	0.50	3live:t/3live:i/2blank+:i/3live:i	0			
pdhd	029107_19	111	0	4736	4737	2	11.43	12.03	158.4	65.5	417.0	0.95	1.94	3	FIT	0	0.25	0.00	0.25	0.00	0.00	0.00	0.00	1.00	3live:i/3live:i/3live:i/3live:t	0			
pdhd	029107_19	123	0	4978	4994	17	11.33	10.05	23.1	589.8	378.1	4.88	3.88	3	GAP-live	0	0.20	0.00	0.20	0.00	0.06	0.00	0.00	0.00	3live:t/3live:i/3live:i/3live:i/3live:i/3live:i/3live:i/3live:i	1			
pdhd	029107_19	123	0	5006	5052	47	30.32	29.37	24.4	570.1	359.4	5.77	3.94	3	GAP-live	0	0.31	0.00	0.31	0.00	0.00	0.00	0.00	0.17	3live:i/3live:i/3live:t/3live:i/3live:i/3live:i/3live:i/3live:i/3live:i/3live:i/3live:i/3live:i/3live:i/3live:i/3live:i/3live:i/3live:i/3live:i/3live:i/3live:i/3live:i/3live:i/3live:i/3live:i/3live:i	0			
pdhd	029107_19	123	0	5267	5302	36	25.26	19.38	38.5	477.8	237.2	4.02	3.87	3	GAP-live	0	0.33	0.00	0.33	0.00	0.00	0.11	0.06	0.14	3live:t/1blank:i/3live:i/3live:i/3live:i/3live:i/3live:i/3live:i/3live:i/3live:i/3live:i/1blank:i/3live:i/3live:t	0			
pdhd	029107_19	123	0	5311	5319	9	4.32	4.78	35.0	468.0	227.0	4.38	1.58	3	FIT	0	0.30	0.00	0.30	0.00	0.00	0.00	0.00	1.00	3live:i/3live:e	1			
pdhd	029107_19	126	0	5625	5628	4	5.77	6.34	0.8	299.9	361.0	1.76	3.03	3	GAP-short	0	0.69	0.00	0.69	0.00	0.00	0.00	0.00	0.50	3live:t/3live:i	0			
pdhd	029107_19	126	0	6105	6106	2	1.18	1.45	-189.2	134.1	200.5	1.21	1.11	1	FIT	1	1.00	0.00	1.00	0.00	0.00	0.00	0.00	1.00	3live:i/3live:t	0			
pdhd	029107_2	39	0	1140	1141	2	1.02	1.02	-338.8	48.2	447.7	1.90	0.78	2	GAP-short	0	0.50	0.00	0.50	0.00	0.00	0.00	0.00	0.00	3live:i/3live:e	1			
pdhd	029107_2	64	0	2584	2587	4	2.69	3.10	-115.2	595.2	217.9	1.16	1.32	2	D-3live	1	1.00	0.00	1.00	0.00	0.00	0.00	0.25	0.75	3live:t/3live:i/3live:t/3live:i	0	11.79	13.42	1.175
pdhd	029107_2	64	0	2879	2884	6	3.60	4.11	-128.9	461.8	113.5	1.61	2.03	2	GAP-short	0	0.75	0.00	0.75	0.00	0.00	0.00	0.00	0.00	3live:i/1blank:i	0			
pdhd	029107_2	64	0	2908	2922	15	8.85	8.89	-132.1	447.1	102.4	4.56	2.19	2	GAP-live	0	0.17	0.00	0.17	0.27	0.00	0.00	0.33	0.07	3live:i/3live:t/1blank:i/1blank:i	0			
pdhd	029107_2	64	0	2939	2940	2	1.43	1.92	-133.6	436.7	93.7	1.05	1.02	2	D-3live	1	1.00	0.00	1.00	0.00	0.00	0.00	0.00	0.50	3live:i/3live:i/3live:t	0	3.32	4.73	1.387
pdhd	029107_2	64	0	3020	3037	18	10.70	11.01	-136.6	395.0	61.7	5.35	2.62	2	GAP-live	0	0.18	0.00	0.18	0.00	0.00	0.22	0.28	0.00	3live:t/1blank:i/1blank:i/1blank:i	0			
pdhd	029107_2	64	0	3081	3175	95	59.54	58.44	-142.1	349.0	26.1	30.45	0.83	3	GAP-live	0	0.01	0.00	0.01	0.00	0.00	0.00	0.48	0.00	3live:t/1blank:i/3live:t/3live:i/3live:i	0			
pdhd	029107_2	117	0	5049	5051	3	46.16	46.76	341.7	44.8	74.9	1.84	1.47	3	GAP-live	0	0.04	0.00	0.04	0.00	0.00	0.00	0.00	0.00	3live:i/3live:t/3live:e/3live:i	0			
pdhd	029107_20	22	0	13	35	23	42.85	42.14	-11.2	589.6	241.3	7.51	4.18	3	GAP-live	0	0.06	0.00	0.06	0.00	0.00	0.00	0.57	0.00	3live:t/1blank:i/1blank:i/3live:i	0			
pdhd	029107_20	22	0	46	47	2	1.08	1.48	-19.0	584.6	219.9	1.03	1.34	1	D-crawl	1	1.00	0.00	1.00	0.00	1.00	0.00	0.00	0.00	2blank+:i/1blank:i	0	4.05	5.26	1.063
pdhd	029107_20	22	0	101	106	6	3.32	3.78	-23.1	553.4	209.2	1.30	2.27	1	D-blank-int	1	1.00	0.00	1.00	0.00	0.00	0.00	0.00	0.17	3live:t/3live:i/3live:i/1blank:i	0	5.99		
pdhd	029107_20	22	0	139	162	24	15.10	14.30	-26.2	529.9	204.0	4.22	3.39	3	GAP-live	0	0.41	0.00	0.41	0.00	0.00	0.00	0.00	0.08	3live:t/3live:i/3live:i/3live:i/3live:i/3live:i/3live:i	0			
pdhd	029107_20	24	0	222	228	7	4.66	3.92	-339.0	582.9	119.0	1.60	2.04	3	FIT	1	1.00	0.00	1.00	0.00	0.00	0.00	0.00	1.00	3live:t/3live:t/3live:i/3live:t/3live:i/3live:t/3live:i	0			
pdhd	029107_20	24	0	251	255	5	3.11	3.43	-341.3	571.7	109.5	2.06	1.59	1	GAP-live	0	0.43	0.00	0.43	0.00	0.00	0.00	0.00	0.00	3live:t/3live:i/3live:i/1blank:i	0			
pdhd	029107_20	24	0	257	259	3	2.03	1.68	-341.3	570.3	107.3	1.09	1.16	2	D-blank-int	1	1.00	0.00	1.00	0.00	0.00	0.00	0.00	0.00	1blank:i/1blank:i/3live:t	0	3.54		
pdhd	029107_20	31	0	302	304	3	1.85	1.98	-195.2	395.9	2.2	0.78	1.56	2	D-crawl	1	1.00	0.00	1.00	0.00	1.00	0.00	0.00	0.00	2blank+:i/2blank+:i/2blank+:i	0	4.50	5.84	0.909
pdhd	029107_20	31	0	477	479	3	1.64	2.18	-244.2	311.2	39.3	1.10	2.04	3	GAP-short	0	1.00	0.00	1.00	0.00	0.00	0.67	0.00	0.00	1blank:i/3live:i/3live:i	0			
pdhd	029107_20	31	0	488	494	7	4.05	4.10	-246.7	305.2	40.8	0.99	1.74	1	FIT	1	1.00	0.00	1.00	0.00	0.00	0.00	0.00	1.00	3live:t/3live:t/3live:i/3live:i/3live:i/3live:t	0			
pdhd	029107_20	31	0	498	499	2	1.28	1.89	-247.9	302.8	43.8	1.33	1.14	3	D-3live	1	1.00	0.00	1.00	0.00	0.00	0.00	0.00	0.00	3live:i/3live:i	0	1.61		
pdhd	029107_20	41	0	957	959	3	2.23	2.59	-20.6	222.7	14.4	1.45	1.49	1	GAP-short	0	0.80	0.00	0.80	0.00	0.00	0.00	0.00	0.00	1blank:t/1blank:i/1blank:i/1blank:i	0			
pdhd	029107_20	41	0	1080	1088	9	5.88	5.95	-62.9	173.1	48.4	3.40	2.78	2	GAP-live	0	0.33	0.00	0.33	0.00	0.00	0.00	0.11	0.00	1blank:i/1blank:i/1blank:i/3live:t/3live:t	0			
pdhd	029107_20	48	0	1113	1115	3	16.02	17.20	-64.8	11.8	452.5	4.93	0.28	3	GAP-live	0	0.09	0.00	0.09	0.00	0.00	0.00	0.00	0.33	3live:t/3live:i/3live:i/3live:t	0			
pdhd	029107_20	48	0	1118	1119	2	1.87	2.50	-72.3	11.6	453.4	2.63	0.71	3	GAP-live	0	0.20	0.00	0.20	0.00	0.00	0.00	0.00	0.00	3live:t/3live:i	0			
pdhd	029107_20	48	0	1128	1130	3	26.93	29.92	-98.5	13.4	451.5	3.90	0.83	3	GAP-live	0	0.05	0.00	0.05	0.00	0.00	0.00	0.00	0.33	3live:t/3live:i/3live:i/1blank:t	0			
pdhd	029107_20	48	0	1135	1168	34	42.01	66.62	-154.9	10.5	452.4	9.07	0.66	3	GAP-live	0	0.03	0.00	0.03	0.00	0.00	0.00	0.00	0.00	3live:t/3live:i/3live:i/3live:t	0			
pdhd	029107_20	48	0	1173	1187	15	78.58	79.14	-221.3	12.0	451.5	17.23	2.82	3	GAP-live	0	0.01	0.00	0.01	0.00	0.00	0.00	0.00	0.00	3live:t/3live:i/3live:i/3live:t	0			
pdhd	029107_20	48	0	1194	1195	2	18.47	19.66	-267.9	10.7	455.6	1.11	1.58	3	FIT	0	0.15	0.00	0.15	0.00	0.50	0.00	0.00	1.00	3live:t/3live:i/3live:t/3live:i	0			
pdhd	029107_20	60	0	2137	2138	2	27.62	28.34	-280.1	600.4	282.4	3.56	1.48	3	GAP-live	0	0.11	0.00	0.11	0.00	0.00	0.00	0.00	0.50	3live:e/1dead:i/3live:t/3live:e	0			
pdhd	029107_20	151	0	5061	5075	15	10.03	10.60	-6.5	350.8	159.4	4.24	2.57	3	GAP-live	0	0.43	0.00	0.43	0.00	0.00	0.00	0.00	0.00	1blank:t/1blank:i/1blank:i/1blank:i/1blank:i/1blank:i/1blank:i/1blank:i/1blank:i/2blank+:i/2blank+:i/1blank:t	0			
pdhd	029107_20	151	0	5212	5223	12	8.59	9.00	-42.4	268.9	163.1	3.03	4.25	1	GAP-short	0	0.61	0.00	0.61	0.00	0.00	0.00	0.00	0.00	1blank:t/1blank:i/1blank:i/1blank:i/1blank:i/1blank:i/1blank:i/1blank:i/1blank:i/1blank:i/1blank:t/1blank:i	0			
pdhd	029107_20	151	0	5273	5279	7	4.51	5.01	-56.5	236.9	163.1	1.70	2.00	1	GAP-short	0	0.80	0.00	0.80	0.00	0.00	0.00	0.14	0.29	3live:i/3live:i/1blank:i/1blank:i/1blank:i/1blank:i/3live:i/3live:t	0			
pdhd	029107_20	151	0	5302	5360	59	37.86	38.19	-70.0	205.5	164.1	19.08	1.59	2	GAP-live	0	0.07	0.00	0.07	0.00	0.00	0.02	0.49	0.00	1blank:t/1blank:i/1blank:t/1blank:i	0			
pdhd	029107_20	152	0	5671	5693	23	13.89	14.48	-9.1	509.3	217.4	6.18	3.36	2	GAP-live	0	0.31	0.00	0.31	0.00	0.00	0.13	0.00	0.09	3live:i/3live:t/1blank:i/3live:i	0			
pdhd	029107_21	43	0	960	964	5	7.03	7.62	-159.3	346.9	384.7	2.21	2.69	3	GAP-live	0	0.27	0.00	0.27	0.00	0.00	0.00	0.20	0.00	2blank+:i/3live:t/2blank+:i	0			
pdhd	029107_21	51	0	1102	1104	3	20.01	21.22	-337.8	10.0	451.5	1.45	1.64	3	GAP-live	0	0.14	0.00	0.14	0.00	0.00	0.00	0.00	0.67	3live:t/3live:i/3live:i/3live:e	0			
pdhd	029107_21	51	0	1108	1111	4	20.44	25.81	-315.2	11.2	452.0	5.52	0.47	3	GAP-live	0	0.06	0.00	0.06	0.00	0.00	0.00	0.00	0.25	3live:e/3live:i/3live:i/3live:t	0			
pdhd	029107_21	51	0	1116	1143	28	25.90	29.82	-288.9	12.0	452.7	11.82	1.50	3	GAP-live	0	0.07	0.00	0.07	0.00	0.00	0.04	0.00	0.04	3live:t/3live:i/3live:i/3live:e	0			
pdhd	029107_21	51	0	1148	1150	3	31.61	32.24	-269.9	10.4	455.2	2.97	2.46	3	GAP-live	0	0.05	0.00	0.05	0.00	0.00	0.00	0.00	0.00	3live:t/3live:i	0			
pdhd	029107_21	51	0	1160	1161	2	12.49	13.09	-225.3	14.1	451.4	1.22	1.45	3	FIT	0	0.15	0.00	0.15	0.00	0.00	0.00	0.00	1.00	3live:t/3live:i/3live:i/3live:t	0			
pdhd	029107_21	51	0	1166	1176	11	42.41	42.84	-183.8	16.7	446.9	8.85	2.31	3	GAP-live	0	0.06	0.00	0.06	0.00	0.00	0.00	0.00	0.00	3live:t/3live:i/3live:i/3live:e	0			
pdhd	029107_21	51	0	1180	1184	5	17.55	18.15	-167.8	14.8	444.0	5.34	1.22	3	GAP-live	0	0.17	0.00	0.17	0.00	0.00	0.00	0.00	0.20	3live:i/3live:e/3live:e/3live:t	0			
pdhd	029107_21	51	0	1187	1194	8	20.54	20.90	-142.0	12.4	448.3	4.91	2.53	3	GAP-live	0	0.10	0.00	0.10	0.00	0.00	0.00	0.00	0.12	3live:e/3live:t/1blank:t/2blank+:i	0			
pdhd	029107_21	51	0	1198	1200	3	3.95	4.49	-134.6	13.9	450.7	1.56	1.71	3	GAP-live	0	0.44	0.00	0.44	0.00	0.00	0.00	0.00	0.00	2blank+:i/2blank+:i/2blank+:i/2blank+:i	0			
pdhd	029107_21	51	0	1205	1213	9	15.38	15.53	-122.5	12.9	449.8	7.79	1.37	3	GAP-live	0	0.16	0.00	0.16	0.00	0.00	0.11	0.00	0.11	3live:t/1blank:i/3live:i/3live:t	0			
pdhd	029107_21	71	0	2819	2820	2	6.98	7.56	-199.5	121.0	427.4	0.80	1.99	3	GAP-live	0	0.40	0.00	0.40	0.00	0.00	0.00	0.00	0.00	3live:i/2blank+:i/2blank+:i/1blank:i	0			
pdhd	029107_21	97	0	3606	3609	4	2.64	3.65	351.4	358.4	304.1	1.63	2.22	2	GAP-short	0	0.71	0.00	0.71	0.00	0.00	0.00	0.25	0.00	3live:i/3live:i/3live:t	0			
pdhd	029107_21	126	0	5160	5162	3	2.08	2.57	-23.4	225.9	198.8	1.57	2.40	3	GAP-short	0	0.80	0.00	0.80	0.00	0.00	0.33	0.00	0.67	3live:i/3live:i/3live:i	0			
pdhd	029107_21	126	0	5215	5219	5	3.06	3.61	-52.0	247.2	197.5	1.41	1.44	1	GAP-short	0	0.86	0.00	0.86	0.00	0.00	0.00	0.00	0.00	1blank:i/1blank:i/1blank:i/1blank:i/1blank:t	0			
pdhd	029107_21	126	0	5235	5259	25	15.01	15.60	-66.4	257.9	196.8	6.49	3.76	2	GAP-live	0	0.23	0.00	0.23	0.00	0.00	0.04	0.00	0.08	1blank:t/1blank:i/3live:i/3live:t	0			
pdhd	029107_21	126	0	5275	5321	47	29.78	29.91	-91.7	276.5	195.5	14.89	1.31	3	GAP-live	0	0.05	0.00	0.05	0.00	0.00	0.02	0.00	0.00	1blank:i/1blank:i/1blank:i/1blank:i	0			
pdhd	029107_21	126	0	5668	5669	2	1.40	2.13	-91.6	433.1	82.8	1.16	0.41	1	GAP-short	0	1.00	0.00	1.00	0.00	0.00	0.00	0.00	0.00	1blank:i/1blank:i/1blank:i	0			
pdhd	029107_21	126	0	5733	5740	8	5.13	5.35	-89.9	465.4	59.0	7.16	0.77	1	GAP-live	0	0.00	0.00	0.00	0.00	0.00	0.00	0.00	0.00	3live:i/3live:i	0			
pdhd	029107_21	126	0	5743	5745	3	1.72	2.13	-90.0	468.6	56.7	9.26	nan	1	GAP-live	0	0.00	0.00	0.00	0.00	0.00	0.00	0.00	0.00	3live:i/3live:i	0			
pdhd	029107_21	126	0	5754	5758	5	3.06	3.59	-89.7	474.3	52.6	3.88	1.51	1	GAP-live	0	0.14	0.00	0.14	0.00	0.00	0.00	1.00	0.00	3live:t/1blank:i	0			
pdhd	029107_22	24	0	97	98	2	1.10	1.53	-52.3	562.2	114.1	0.54	1.04	1	FIT	1	1.00	1.00	1.00	0.00	0.00	0.00	0.00	1.00	3live:i/3live:i	0			
pdhd	029107_22	27	0	365	368	4	3.01	3.92	-94.1	529.6	232.8	2.25	1.72	1	GAP-short	0	0.50	0.00	0.50	0.00	0.00	0.00	0.00	0.00	3live:t/3live:i	0			
pdhd	029107_23	24	0	25	27	3	1.71	2.11	-170.3	411.3	5.4	1.36	1.27	3	GAP-short	0	1.00	0.00	1.00	0.00	0.00	0.00	0.00	0.00	1blank:t/1blank:i/1blank:i/1blank:i	0			
pdhd	029107_23	24	0	55	56	2	1.08	1.60	-182.7	402.2	11.4	1.34	1.04	2	GAP-short	0	1.00	0.00	1.00	0.00	0.00	0.00	0.00	0.00	1blank:i/1blank:t/1blank:i	0			
pdhd	029107_23	24	0	97	101	5	3.97	4.53	-200.8	388.0	20.9	2.21	1.81	3	GAP-live	0	0.44	0.00	0.44	0.00	0.00	0.00	0.00	0.00	1blank:i/1blank:i/1blank:i/1blank:i/1blank:i/1blank:i	0			
pdhd	029107_23	35	0	931	933	3	2.09	2.84	-94.1	372.4	3.3	1.25	1.34	1	D-crawl	1	1.00	0.00	1.00	0.00	1.00	0.00	0.00	0.00	1blank:i/2blank+:i	0	5.13		
pdhd	029107_23	35	0	935	944	10	7.16	6.56	-95.7	375.8	5.7	2.01	2.39	2	GAP-short	0	0.69	0.00	0.69	0.00	0.90	0.00	0.20	0.20	2blank+:i/2blank+:i/3live:t/3live:i	0			
pdhd	029107_23	108	0	4135	4137	3	1.61	2.07	244.6	315.2	267.7	1.36	1.50	1	D-blank-int	1	1.00	0.00	1.00	0.00	0.00	0.00	0.00	0.33	3live:i/1blank:i/3live:i/3live:i	0	3.28		
pdhd	029107_23	108	0	4164	4170	7	4.70	5.01	248.3	301.8	258.3	1.12	1.69	2	D-3live	1	1.00	0.00	1.00	0.00	0.00	0.00	0.00	0.71	3live:t/3live:i/3live:i/3live:i/3live:i	0	6.73		
pdhd	029107_23	108	1	5409	5414	6	3.97	4.53	248.3	302.0	258.2	1.10	1.42	2	FIT	1	1.00	0.00	1.00	0.00	0.00	0.00	0.00	1.00	3live:t/3live:i/3live:i/3live:i/3live:i	0			
pdhd	029107_23	108	1	5441	5442	2	1.57	2.03	244.6	315.1	267.7	1.36	1.50	1	D-blank-int	1	1.00	0.00	1.00	0.00	0.00	0.00	0.00	0.00	3live:i/1blank:i/3live:i	0	2.55		
pdhd	029107_24	21	0	238	250	13	8.45	7.65	-52.7	209.5	41.2	3.51	3.53	3	GAP-live	0	0.40	0.00	0.40	0.00	0.00	0.00	0.08	0.00	3live:i/1blank:i/3live:t/1blank:i	0			
pdhd	029107_24	21	0	270	278	9	5.71	5.75	-54.1	218.9	53.7	1.49	1.99	2	GAP-short	0	0.92	0.00	0.92	0.00	0.00	0.00	0.00	0.00	1blank:i/3live:i/1blank:t/1blank:i	0			
pdhd	029107_24	21	0	312	318	7	4.16	4.61	-56.9	237.4	68.5	1.44	1.24	2	GAP-short	0	1.00	0.00	1.00	0.00	0.00	0.00	0.29	0.57	3live:t/3live:t/3live:i/3live:i	0			
pdhd	029107_24	21	0	320	352	33	20.60	17.84	-57.7	246.8	74.3	2.89	3.37	3	GAP-short	0	0.69	0.00	0.69	0.00	0.00	0.00	0.09	0.15	3live:i/3live:i/3live:e/3live:i/3live:t/3live:i	0			
pdhd	029107_24	21	0	355	363	9	5.50	5.06	-58.1	257.0	81.3	3.07	3.87	3	GAP-live	0	0.40	0.00	0.40	0.00	0.00	0.00	1.00	0.00	3live:e/3live:i	0			
pdhd	029107_24	21	0	370	373	4	2.43	3.02	-57.8	262.9	81.4	1.16	1.28	2	GAP-short	0	1.00	0.00	1.00	0.00	0.00	0.00	0.25	0.25	3live:e/3live:i/3live:i	0			
pdhd	029107_24	22	0	419	421	3	1.91	2.48	-207.3	578.1	286.1	1.02	1.33	2	FIT	1	1.00	0.00	1.00	0.00	0.00	0.00	0.33	1.00	3live:i/3live:t/3live:e	0			
pdhd	029107_24	22	0	425	430	6	4.75	5.23	-207.6	573.1	284.8	0.95	1.46	2	FIT	1	1.00	0.00	1.00	0.00	0.00	0.00	0.00	1.00	3live:t/3live:i/3live:i/3live:i/3live:i/3live:t	0			
pdhd	029107_24	22	0	949	952	4	2.65	3.03	-311.9	417.4	39.7	1.52	2.53	1	GAP-short	0	0.83	0.00	0.83	0.00	0.00	0.00	0.25	0.00	3live:t/1blank:i/1blank:i	0			
pdhd	029107_24	38	0	1712	1713	2	1.13	1.70	-188.5	602.5	345.5	1.22	1.05	1	GAP-short	0	1.00	0.00	1.00	0.00	1.00	0.00	0.00	0.00	1blank:t/3live:i	0			
pdhd	029107_24	38	0	1850	1856	7	4.51	4.72	-220.1	568.3	280.9	1.44	1.15	2	GAP-short	0	1.00	0.00	1.00	0.00	0.00	0.00	0.00	0.29	3live:i/3live:i/3live:i/3live:i/3live:i/3live:i	0			
pdhd	029107_24	38	0	1863	1872	10	5.94	5.99	-221.8	563.5	275.2	1.73	2.45	3	D-blank-int	1	0.83	0.00	0.83	0.00	0.00	0.00	0.00	0.00	1blank:i/3live:i/3live:i/3live:i/3live:i	0	9.60		
pdhd	029107_24	38	0	1880	1883	4	2.68	2.79	-224.3	559.6	271.2	1.48	1.60	3	GAP-short	0	0.83	0.00	0.83	0.00	0.00	0.00	0.00	0.25	3live:t/3live:i/1blank:i/3live:i	0			
pdhd	029107_24	38	0	1888	1889	2	1.19	1.78	-226.0	556.9	268.2	1.18	0.53	2	GAP-short	0	1.00	0.00	1.00	0.00	0.00	0.00	0.00	0.00	1blank:i/3live:t	0			
pdhd	029107_24	38	0	1893	1904	12	8.29	6.68	-227.6	554.9	263.4	2.08	3.09	3	GAP-live	0	0.46	0.00	0.46	0.00	0.00	0.17	0.75	0.08	3live:i/3live:t/1blank:i/1blank:i	0			
pdhd	029107_24	38	0	1919	1929	11	6.87	5.08	-231.3	551.4	254.2	1.63	1.82	3	GAP-short	0	1.00	0.00	1.00	0.00	0.00	0.00	0.18	0.36	3live:i/3live:i/3live:i/3live:i/1blank:i/1blank:i/3live:i/3live:t	0			
pdhd	029107_24	38	0	1935	1945	11	7.06	7.57	-234.3	546.2	248.6	3.22	3.42	3	GAP-live	0	0.33	0.00	0.33	0.00	0.00	0.27	0.36	0.00	3live:t/1blank:i/3live:i/3live:i	0			
pdhd	029107_24	111	0	4398	4401	4	2.62	3.08	-143.6	326.4	220.5	1.65	0.87	1	GAP-short	0	0.83	0.00	0.83	0.00	0.00	0.00	0.00	0.00	1blank:i/1blank:i/1blank:i/1blank:i	0			
pdhd	029107_24	111	0	4462	4470	9	6.16	6.70	-122.0	292.2	223.5	3.54	1.11	2	GAP-live	0	0.38	0.00	0.38	0.00	0.00	0.00	0.00	0.00	1blank:i/1blank:i/1blank:i/1blank:i/1blank:i/1blank:i/1blank:i/1blank:i/1blank:i	0			
pdhd	029107_24	111	0	4566	4575	10	6.21	6.47	-86.6	239.4	229.8	2.51	2.75	3	GAP-short	0	0.62	0.00	0.62	0.00	0.00	0.00	0.00	0.00	1blank:i/1blank:i/1blank:i/3live:i/3live:i/1blank:i/1blank:i/1blank:t	0			
pdhd	029107_24	111	0	4958	4959	2	7.93	8.54	59.1	55.8	294.5	1.38	2.42	3	GAP-live	0	0.29	0.00	0.29	0.00	0.00	0.00	0.00	0.50	3live:t/3live:t/2blank+:i/2blank+:i	0			
pdhd	029107_25	23	0	17	22	6	3.78	3.26	-345.5	384.2	24.4	1.62	1.99	2	D-blank-term	1	1.00	0.00	1.00	0.00	0.17	0.00	0.00	0.17	1blank:t/1blank:i/3live:t/3live:t	0	6.70	6.34	0.839
pdhd	029107_25	30	0	596	599	4	2.25	2.47	-133.4	415.6	229.4	1.67	1.26	2	GAP-short	0	1.00	0.00	1.00	0.00	0.00	0.00	0.00	0.00	1blank:i/1blank:i/1blank:i/1blank:i	0			
pdhd	029107_25	30	0	603	605	3	7.38	7.95	-131.7	413.2	229.8	2.32	1.51	1	GAP-live	0	0.12	0.12	0.25	0.00	0.00	0.00	0.00	0.00	3live:i/1blank:i	0			
pdhd	029107_25	50	0	2692	2703	12	7.33	7.63	-16.8	439.4	385.9	2.65	3.51	3	GAP-short	0	0.67	0.00	0.67	0.00	0.00	0.00	0.00	0.33	3live:i/3live:t/3live:i/3live:i/3live:i/3live:i/3live:i/3live:i/3live:i/3live:i/3live:i/3live:i/3live:i	0			
pdhd	029107_25	83	0	2967	2978	12	7.55	7.15	26.3	238.1	15.8	0.75	1.80	1	D-crawl	1	1.00	1.00	1.00	0.00	1.00	0.00	0.00	0.25	3live:i/3live:i/3live:i/3live:i/3live:i/3live:i/3live:i/3live:i	0	7.95		
pdhd	029107_25	83	0	3039	3044	6	3.38	4.06	18.4	254.1	42.2	0.61	4.36	2	D-crawl	1	0.50	1.00	1.00	0.00	1.00	0.00	0.00	0.17	3live:i/3live:i/3live:i/3live:i/3live:i/3live:i/3live:i	0	6.22		
pdhd	029107_25	83	0	3046	3050	5	2.94	3.38	17.6	254.4	45.6	0.75	3.71	2	D-crawl	1	0.57	1.00	1.00	0.00	1.00	0.00	0.00	0.20	3live:i/3live:i/3live:i/3live:i/3live:i	0	3.97		
pdhd	029107_25	83	0	3084	3085	2	1.31	1.77	15.5	266.8	61.2	0.54	1.38	2	FIT	1	1.00	1.00	1.00	0.00	0.00	0.00	0.00	1.00	3live:i/3live:t/3live:i	0			
pdhd	029107_25	83	0	3186	3192	7	10.48	11.09	2.4	295.9	121.9	2.58	3.64	3	GAP-live	0	0.18	0.00	0.18	0.00	0.00	0.00	0.00	0.14	3live:i/3live:i/3live:i/3live:t	0			
pdhd	029107_25	93	0	5357	5380	24	14.73	12.99	265.5	245.0	9.5	11.58	1.89	3	GAP-live	0	0.08	0.00	0.08	0.00	0.00	0.00	1.00	0.00	1blank:i/3live:t	1			
pdhd	029107_25	96	0	5383	5388	6	17.34	17.72	109.8	368.9	6.7	2.25	1.75	3	GAP-live	0	0.14	0.00	0.14	0.00	0.00	0.00	0.00	0.17	1blank:i/1blank:i/3live:i/3live:t	0			
pdhd	029107_25	119	0	7457	7473	17	10.76	10.03	-39.9	30.3	85.8	5.22	nan	1	GAP-live	0	0.00	0.10	0.10	0.00	0.00	0.12	0.35	0.00	3live:i/3live:t/1blank:i/1blank:i	0			
pdhd	029107_25	119	0	7492	7494	3	2.25	3.07	-29.1	42.1	85.2	1.58	1.99	1	GAP-short	0	0.00	0.83	0.83	0.00	0.00	0.00	0.00	0.00	1blank:t/1blank:i/1blank:i/1blank:t/1blank:i	0			
pdhd	029107_25	119	0	7510	7518	9	5.35	5.72	-19.8	52.3	85.0	2.17	4.02	2	GAP-short	0	0.55	0.00	0.55	0.00	0.00	0.00	0.00	0.00	1blank:t/1blank:i/1blank:i/1blank:i/1blank:i/1blank:i/1blank:i/1blank:i/1blank:i/1blank:t	0			
pdhd	029107_25	119	0	7558	7564	7	4.95	4.79	-1.5	70.5	82.2	1.92	2.91	3	GAP-short	0	0.90	0.00	0.90	0.00	0.00	0.14	0.00	0.14	3live:i/1blank:i/3live:t/3live:i/1blank:i	0			
pdhd	029107_25	121	0	8099	8100	2	1.39	2.18	-118.3	493.4	419.8	1.26	0.56	1	GAP-short	0	1.00	0.00	1.00	0.00	0.00	0.00	0.00	0.00	1blank:i/1blank:i/1blank:i	0			
pdhd	029107_25	121	0	8338	8340	3	1.85	3.09	0.6	416.9	373.8	1.31	2.17	3	GAP-short	0	1.00	0.00	1.00	0.00	0.00	0.00	0.00	0.67	3live:i/3live:i	0			
pdhd	029107_25	123	0	8861	8862	2	2.29	2.87	146.0	184.2	458.5	1.49	1.34	3	GAP-short	0	0.67	0.00	0.67	0.00	0.00	0.00	0.00	0.00	2blank+:i/2blank+:i/2blank+:i/3live:i	0			
pdhd	029107_25	123	0	9183	9185	3	1.74	4.13	-0.3	44.9	432.9	1.53	2.76	3	GAP-short	0	0.88	0.00	0.88	0.00	0.00	0.33	0.00	0.00	3live:i/1blank:i/3live:i	0			
pdhd	029107_25	123	1	9362	9363	2	2.48	2.94	-0.4	44.9	432.7	1.03	2.24	2	GAP-short	0	1.00	0.00	1.00	0.00	0.00	0.00	0.00	0.00	3live:i/1blank:i	0			
pdhd	029107_25	123	1	9662	9663	2	2.89	4.62	136.5	174.1	460.2	1.33	3.35	3	GAP-short	0	0.44	0.44	0.89	0.00	0.00	0.00	0.00	0.00	2blank+:i/2blank+:i/2blank+:i/2blank+:i	0			
pdhd	029107_25	123	1	9683	9686	4	2.25	2.81	146.0	184.3	458.7	1.95	1.98	3	GAP-short	0	0.67	0.00	0.67	0.00	0.00	0.00	0.00	0.00	2blank+:i/2blank+:i/2blank+:i/2blank+:i/3live:i	0			
pdhd	029107_26	27	0	65	129	65	40.07	38.64	-28.8	562.7	145.3	19.74	1.66	3	GAP-live	0	0.05	0.00	0.05	0.00	0.00	0.12	0.42	0.00	3live:i/1blank:i/1blank:i/3live:t	0			
pdhd	029107_26	44	0	874	875	2	1.45	1.67	-247.9	593.2	340.2	1.41	1.10	1	FIT	1	1.00	0.00	1.00	0.00	0.00	0.00	0.00	1.00	3live:t/3live:i	0			
pdhd	029107_26	50	0	1154	1185	32	99.36	98.66	-90.8	13.5	455.4	8.52	1.87	3	GAP-live	0	0.02	0.00	0.02	0.00	0.00	0.03	0.00	0.06	3live:e/3live:i/3live:i/3live:t	0			
pdhd	029107_26	57	0	2174	2179	6	3.12	3.61	-54.1	557.8	21.5	2.07	1.89	3	GAP-short	0	0.57	0.00	0.57	0.00	0.33	0.00	0.00	0.67	3live:e/3live:e	0			
pdhd	029107_26	57	0	2192	2193	2	1.50	1.95	-53.6	549.8	26.1	0.80	1.16	2	FIT	1	1.00	0.00	1.00	0.00	0.00	0.00	0.00	1.00	3live:i/3live:t/3live:i	0			
pdhd	029107_26	57	0	2195	2197	3	1.51	0.98	-54.0	548.5	27.2	1.17	1.56	3	D-blank-int	1	1.00	0.00	1.00	0.00	0.00	0.00	0.00	0.00	3live:i/1blank:i	0	0.58	0.58	1.000
pdhd	029107_26	57	0	2295	2296	2	1.01	1.84	-49.8	506.3	63.5	1.11	1.11	1	D-3live	1	1.00	0.00	1.00	0.00	0.00	0.00	0.00	0.00	3live:i/3live:t	0	0.58	0.58	1.000
pdhd	029107_26	57	0	2298	2306	9	5.92	4.95	-49.9	504.1	66.1	2.51	2.32	2	GAP-short	0	0.70	0.00	0.70	0.00	0.00	0.00	0.11	0.11	3live:i/3live:t/1blank:i/3live:t	0			
pdhd	029107_26	57	0	2331	2370	40	24.58	24.77	-46.0	482.0	83.4	12.34	2.73	3	GAP-live	0	0.08	0.00	0.08	0.00	0.00	0.12	0.42	0.00	3live:i/3live:t/1blank:i/3live:t	0			
pdhd	029107_26	57	0	2402	2404	3	2.60	3.01	-43.4	457.9	103.1	1.38	0.93	2	GAP-short	0	1.00	0.00	1.00	0.00	0.00	0.00	0.00	0.00	1blank:i/1blank:i	0			
pdhd	029107_26	88	0	2558	2598	41	26.62	26.94	92.2	561.9	318.2	13.39	3.07	3	GAP-live	0	0.09	0.00	0.09	0.00	0.00	0.07	0.00	0.02	3live:i/3live:i/3live:i/3live:t	0			
pdhd	029107_26	88	0	2633	2634	2	1.15	1.46	85.2	530.0	330.8	0.99	1.16	2	D-blank-term	1	1.00	0.00	1.00	0.00	0.00	0.00	0.00	0.00	1blank:i/1blank:t/3live:i	0	1.38		
pdhd	029107_26	114	0	5419	5468	50	55.01	53.54	64.1	577.3	332.4	20.87	4.04	3	GAP-live	0	0.05	0.00	0.05	0.00	0.00	0.04	0.08	0.00	1blank:i/1blank:i/1blank:i/3live:t/1blank:i	0			
pdhd	029107_26	114	0	5537	5538	2	1.31	1.55	41.2	583.0	284.9	0.70	1.26	1	FIT	1	1.00	0.00	1.00	0.00	0.00	0.00	0.00	1.00	3live:i/3live:e	0			
pdhd	029107_26	118	0	6011	6014	4	2.39	2.73	1.2	460.4	327.4	2.16	3.04	2	GAP-short	0	0.60	0.00	0.60	0.00	0.00	0.75	0.00	0.00	1blank:i/1blank:i/3live:i	0			
pdhd	029107_26	118	0	6281	6286	6	3.88	4.45	-132.8	385.7	250.2	1.68	3.06	3	GAP-short	0	0.89	0.00	0.89	0.00	0.00	0.17	0.00	0.50	3live:i/3live:i/3live:t/3live:i	0			
pdhd	029107_26	120	0	6655	6661	7	4.03	4.71	-7.6	561.3	188.4	2.33	3.22	2	GAP-live	0	0.44	0.00	0.44	0.00	0.00	0.00	0.14	0.00	1blank:i/1blank:i/1blank:i/1blank:i/1blank:i/1blank:i/1blank:i/1blank:t	0			
pdhd	029107_26	120	0	6673	6679	7	4.62	5.23	-17.8	557.8	190.5	2.57	2.32	1	GAP-short	0	0.60	0.00	0.60	0.00	0.00	0.00	0.00	0.00	3live:i/1blank:t/1blank:i/1blank:i/1blank:i/1blank:i/1blank:i/1blank:t/1blank:i	0			
pdhd	029107_26	120	0	6696	6703	8	5.69	6.06	-31.6	552.4	191.9	2.88	3.00	2	GAP-live	0	0.42	0.00	0.42	0.00	0.00	0.00	0.00	0.00	1blank:i/1blank:i/1blank:i/1blank:i/1blank:i/1blank:i/1blank:i/1blank:i/1blank:i	0			
pdhd	029107_26	120	0	6713	6714	2	1.41	2.03	-39.5	549.2	191.7	1.24	2.55	1	D-blank-term	1	1.00	0.00	1.00	0.00	0.00	0.00	0.00	0.00	1blank:t/1blank:i/1blank:i/1blank:i	0	2.61		
pdhd	029107_26	121	0	6757	6761	5	2.83	3.30	-77.2	586.9	432.7	1.17	1.19	3	GAP-short	0	1.00	0.00	1.00	0.00	0.00	0.00	0.00	0.60	3live:i/3live:i/3live:i/3live:i/3live:t/3live:t	0			
pdhd	029107_26	121	0	7058	7059	2	2.37	2.97	-1.5	442.4	337.8	1.19	1.30	3	GAP-short	0	0.83	0.00	0.83	0.00	1.00	0.00	0.00	0.00	2blank+:i/3live:t/2blank+:i/2blank+:i	0			
pdhd	029107_27	44	0	3021	3103	83	51.33	49.99	-345.6	565.5	316.4	24.92	1.71	2	GAP-live	0	0.04	0.00	0.04	0.00	0.00	0.05	0.45	0.00	1blank:i/1blank:i/1blank:i/1blank:t	0			
pdhd	029107_27	44	0	3135	3161	27	21.23	20.10	-324.8	533.6	295.1	10.06	2.98	3	GAP-live	0	0.10	0.00	0.10	0.00	0.00	0.11	0.48	0.15	3live:t/3live:i/3live:t/3live:i/3live:t/1blank:i	0			
pdhd	029107_27	61	0	3523	3534	12	7.43	7.00	-4.5	174.1	29.9	1.53	1.60	2	GAP-short	0	1.00	0.00	1.00	0.00	0.42	0.00	0.00	0.50	3live:i/3live:i/3live:i/3live:i/3live:i/3live:i/3live:t	0			
pdhd	029107_27	126	0	4424	4428	5	3.13	3.76	0.9	462.7	133.8	1.86	1.94	3	GAP-short	0	0.75	0.00	0.75	0.00	0.00	0.40	0.40	0.00	3live:i/3live:t/1blank:i/3live:t	0			
pdhd	029107_27	126	0	4809	4839	31	20.27	20.28	-112.4	240.0	151.1	10.54	4.50	2	GAP-live	0	0.07	0.00	0.07	0.00	0.00	0.00	0.00	0.00	1blank:i/1blank:i/1blank:t/1blank:i	0			
pdhd	029107_27	126	0	4846	4848	3	1.71	2.21	-118.9	228.2	151.1	1.14	1.10	1	D-blank-term	1	1.00	0.00	1.00	0.00	0.00	0.00	0.00	0.00	1blank:t/1blank:i	0	4.17		
pdhd	029107_27	126	0	4948	4949	2	1.20	1.54	-147.1	176.1	150.5	1.20	0.73	1	D-blank-term	1	1.00	0.00	1.00	0.00	0.00	0.00	0.00	0.00	1blank:t/3live:i	0	3.91		
pdhd	029107_27	126	0	4953	4955	3	1.68	0.58	-147.7	173.9	149.9	1.47	2.33	1	D-blank-term	1	1.00	0.00	1.00	0.00	0.00	0.00	0.00	0.00	1blank:t/1blank:i/1blank:i/1blank:i	0	1.02		
pdhd	029107_27	126	0	4960	4991	32	20.02	20.06	-152.4	165.9	150.7	4.16	3.98	3	GAP-live	0	0.10	0.00	0.10	0.00	0.00	0.00	0.00	0.00	3live:t/3live:t/1blank:t/1blank:i/1blank:i/1blank:i	0			
pdhd	029107_27	126	0	5053	5054	2	1.35	1.93	-175.4	124.9	151.3	1.15	0.46	2	D-blank-term	1	1.00	0.00	1.00	0.00	0.00	0.00	0.00	0.00	3live:t/1blank:i/1blank:t/1blank:i	0	4.48	4.39	1.157
pdhd	029107_27	126	0	5097	5137	41	25.74	26.56	-194.5	90.7	151.0	12.96	2.26	2	GAP-live	0	0.09	0.00	0.09	0.00	0.00	0.05	0.46	0.00	1blank:i/3live:t/1blank:i/1blank:i/1blank:i	0			
pdhd	029107_28	27	0	122	123	2	1.27	1.76	-99.6	422.7	69.7	1.22	2.51	1	GAP-short	0	0.75	0.00	0.75	0.00	0.00	0.00	0.00	0.50	3live:i/3live:i	0			
pdhd	029107_28	27	0	127	160	34	22.35	21.84	-99.5	414.2	79.7	12.23	nan	1	GAP-live	0	0.00	0.00	0.00	0.00	0.00	0.03	0.00	0.00	3live:i/1blank:i/3live:i/3live:i	0			
pdhd	029107_28	27	0	169	170	2	1.36	1.78	-99.7	403.9	91.3	1.41	1.70	1	GAP-short	0	0.75	0.00	0.75	0.00	0.00	0.00	0.00	0.00	1blank:i/3live:i	0			
pdhd	029107_28	27	0	176	178	3	1.94	2.54	-99.4	406.6	94.6	1.32	0.95	1	GAP-short	0	1.00	0.00	1.00	0.00	0.00	0.00	0.00	0.00	3live:t/3live:i/1blank:i	0			
pdhd	029107_28	27	0	205	207	3	1.75	2.33	-98.8	403.1	107.0	2.08	2.69	1	GAP-live	0	0.20	0.00	0.20	0.00	0.00	0.00	0.00	0.00	3live:t/3live:i	0			
pdhd	029107_28	27	0	235	247	13	9.16	9.00	-98.7	404.4	127.6	4.20	3.46	1	GAP-live	0	0.28	0.00	0.28	0.00	0.00	0.00	0.15	0.00	1blank:t/1blank:i/3live:t/3live:i	0			
pdhd	029107_28	27	0	281	282	2	1.41	1.95	-98.2	406.7	145.9	1.56	2.27	1	GAP-short	0	0.50	0.00	0.50	0.00	0.00	0.00	0.50	0.50	3live:t/3live:i/3live:t	0			
pdhd	029107_28	27	0	289	293	5	3.09	3.41	-98.1	406.2	151.0	2.01	3.16	1	GAP-short	0	0.57	0.00	0.57	0.00	0.00	0.00	1.00	0.20	3live:i/3live:t/3live:i	0			
pdhd	029107_28	27	0	326	339	14	8.70	8.53	-97.4	405.5	173.3	5.11	3.57	1	GAP-live	0	0.12	0.00	0.12	0.00	0.00	0.14	0.21	0.00	3live:t/3live:i/1blank:i/1blank:i	0			
pdhd	029107_28	42	0	1563	1572	10	6.76	6.84	-309.7	530.5	275.4	3.23	3.05	2	GAP-live	0	0.43	0.00	0.43	0.00	0.00	0.00	0.10	0.00	3live:i/2blank+:i/2blank+:i/2blank+:i/1blank:i/1blank:i/1blank:i/3live:t	0			
pdhd	029107_28	54	0	1623	1645	23	14.40	13.92	-216.0	564.0	219.6	4.12	2.66	2	GAP-live	0	0.46	0.00	0.46	0.00	0.00	0.00	0.04	0.00	3live:i/3live:t/1blank:i/1blank:i	0			
pdhd	029107_28	54	0	1647	1648	2	1.18	1.53	-214.5	557.5	223.2	0.87	1.12	1	FIT	1	1.00	0.00	1.00	0.00	0.00	0.00	0.00	1.00	3live:i/3live:t	0			
pdhd	029107_28	93	0	3974	3976	3	1.20	1.66	351.2	557.1	76.1	0.94	2.31	3	FIT	0	1.00	0.00	1.00	0.00	0.00	0.00	0.00	1.00	3live:e/3live:i	1			
pdhd	029107_29	28	0	5	8	4	2.90	3.04	-3.2	185.4	109.1	0.99	1.76	2	D-blank-int	1	1.00	0.00	1.00	0.00	0.00	0.00	0.25	0.75	3live:t/3live:i/1blank:i/3live:e	0	5.13		
pdhd	029107_29	28	0	86	183	98	61.18	51.56	-24.2	247.9	126.4	25.73	2.74	3	GAP-live	0	0.06	0.00	0.06	0.00	0.00	0.04	0.44	0.03	3live:t/3live:i/3live:i/3live:t	0			
pdhd	029107_29	28	0	253	254	2	1.10	1.66	-54.0	306.9	132.8	1.05	1.34	2	D-3live	1	1.00	0.00	1.00	0.00	0.00	0.00	0.00	0.50	3live:i/3live:i	0	2.44		
pdhd	029107_29	30	0	639	688	50	31.66	31.23	-147.4	448.5	58.0	8.32	3.18	3	GAP-live	0	0.06	0.00	0.06	0.00	0.00	0.00	0.46	0.00	3live:i/3live:i/3live:t/1blank:i	0			
pdhd	029107_29	30	0	696	709	14	8.34	8.79	-141.8	436.6	40.3	3.83	3.55	2	GAP-live	0	0.39	0.00	0.39	0.00	0.00	0.14	0.00	0.00	1blank:i/1blank:t/1blank:i/3live:t/1blank:i	0			
pdhd	029107_29	30	0	732	740	9	5.79	5.52	-132.9	428.7	27.3	3.33	4.26	2	GAP-live	0	0.36	0.00	0.36	0.00	0.00	0.00	0.00	0.11	3live:i/3live:t/3live:i/3live:i/3live:i/3live:i/3live:i/3live:i	0			
pdhd	029107_29	30	0	743	748	6	3.91	3.39	-130.1	426.9	23.6	1.81	2.80	2	GAP-short	0	0.71	0.00	0.71	0.00	0.00	0.00	0.00	0.67	3live:i/3live:i/3live:i/3live:i/3live:t	0			
pdhd	029107_29	30	0	774	779	6	3.44	4.12	-121.8	423.1	9.3	1.77	3.29	2	GAP-short	0	0.75	0.00	0.75	0.00	0.00	0.00	0.00	0.00	1blank:t/3live:i/1blank:i/3live:i/1blank:i/3live:t	0			
pdhd	029107_29	30	1	796	801	6	4.13	3.54	-121.7	423.0	9.5	1.93	3.44	2	GAP-short	0	0.57	0.00	0.57	0.00	0.00	0.00	0.00	0.00	1blank:t/3live:i/1blank:i/3live:i/1blank:i	0			
pdhd	029107_29	30	1	827	832	6	3.60	3.35	-130.2	426.9	23.7	1.93	2.86	2	GAP-short	0	0.71	0.00	0.71	0.00	0.00	0.00	0.00	0.67	3live:i/3live:i/3live:i/3live:i/3live:i/3live:t	0			
pdhd	029107_29	30	1	835	843	9	5.40	5.45	-133.0	429.3	27.5	3.51	3.96	2	GAP-live	0	0.36	0.00	0.36	0.00	0.00	0.00	0.00	0.22	3live:i/3live:t/3live:i/3live:i/3live:i/3live:i/3live:i	0			
pdhd	029107_29	30	1	867	881	15	8.47	8.69	-142.0	436.8	40.4	3.83	3.55	2	GAP-live	0	0.35	0.00	0.35	0.00	0.00	0.13	0.00	0.00	1blank:i/1blank:t/1blank:i/3live:t/1blank:i	0			
pdhd	029107_29	30	1	890	940	51	31.20	30.78	-147.3	448.6	58.2	8.58	3.25	3	GAP-live	0	0.05	0.00	0.05	0.00	0.00	0.02	0.45	0.00	3live:i/3live:i/3live:t/1blank:i	0			
pdhd	029107_29	30	1	1098	1100	3	2.14	2.74	-168.4	521.1	133.5	1.12	1.84	1	D-blank-int	1	1.00	0.00	1.00	0.00	0.00	0.00	0.00	0.00	1blank:i/1blank:i	0	1.97	1.97	1.000
pdhd	029107_29	31	0	1333	1416	84	53.97	51.11	-96.7	553.7	65.7	24.00	4.62	3	GAP-live	0	0.04	0.00	0.04	0.00	0.00	0.02	0.46	0.00	1blank:i/1blank:i/1blank:i/3live:t	0			
pdhd	029107_29	32	0	1560	1562	3	1.90	2.59	-157.4	467.3	56.8	0.99	1.74	1	FIT	1	1.00	0.00	1.00	0.00	0.00	0.00	0.33	1.00	3live:t/3live:i/3live:i	0			
pdhd	029107_29	32	0	1572	1573	2	1.45	1.82	-157.3	460.4	55.9	2.50	2.24	1	GAP-live	0	0.00	0.00	0.00	0.00	0.00	0.00	0.00	0.00	3live:i/3live:i	0			
pdhd	029107_29	32	0	1579	1583	5	2.80	3.40	-158.3	456.1	55.9	3.81	2.79	3	GAP-live	0	0.00	0.00	0.00	0.00	0.00	0.00	0.20	0.00	3live:e/3live:i/3live:i	0			
pdhd	029107_29	32	0	1593	1594	2	1.50	2.08	-158.0	450.5	56.4	0.72	1.52	1	FIT	1	1.00	0.00	1.00	0.00	0.00	0.00	1.00	1.00	3live:e/3live:i	0			
pdhd	029107_29	35	0	1860	1872	13	8.07	8.30	-196.1	461.2	207.9	4.36	2.79	3	GAP-live	0	0.24	0.00	0.24	0.00	0.00	0.00	0.00	0.00	1blank:t/1blank:i/1blank:i/1blank:i/1blank:i/1blank:i/1blank:i/1blank:i/1blank:i/1blank:i/3live:t/3live:t	0			
pdhd	029107_29	35	0	1945	1953	9	5.11	5.77	-172.3	421.0	210.3	3.03	3.54	3	GAP-live	0	0.42	0.00	0.42	0.00	0.00	0.00	0.00	0.00	1blank:i/1blank:i/1blank:i/1blank:i/1blank:i/1blank:i/1blank:i/3live:t	0			
pdhd	029107_29	35	0	2168	2176	9	5.20	5.77	-95.6	307.7	220.3	2.07	2.13	3	GAP-short	0	0.67	0.00	0.67	0.00	0.00	0.00	0.00	0.00	1blank:i/1blank:i/1blank:i/1blank:i/1blank:i/1blank:i/1blank:i/1blank:t	0			
pdhd	029107_29	35	0	2221	2226	6	3.42	3.91	-76.6	282.5	222.4	2.33	2.34	1	GAP-live	0	0.38	0.00	0.38	0.00	0.00	0.00	0.00	0.00	1blank:i/1blank:i/1blank:i/1blank:i/1blank:i/1blank:i	0			
pdhd	029107_29	35	0	2267	2271	5	3.71	4.27	-60.8	262.1	224.1	1.82	2.39	2	GAP-short	0	0.78	0.00	0.78	0.00	0.00	0.00	0.00	0.00	3live:i/1blank:i/1blank:i/1blank:i/1blank:i/1blank:i	0			
pdhd	029107_29	35	0	2305	2342	38	23.15	23.48	-40.8	235.7	226.4	11.70	3.29	3	GAP-live	0	0.11	0.00	0.11	0.00	0.00	0.05	0.42	0.00	1blank:i/1blank:i/3live:i/3live:t	0			
pdhd	029107_29	41	0	3620	3621	2	1.31	1.77	-87.0	90.6	13.4	1.38	0.68	1	GAP-short	0	1.00	0.00	1.00	0.00	0.00	0.00	0.50	0.00	1blank:i/1blank:i/3live:t	0			
pdhd	029107_29	41	0	3635	3651	17	10.05	10.63	-84.7	79.3	20.4	5.89	1.45	3	GAP-live	0	0.19	0.00	0.19	0.00	0.00	0.18	0.41	0.00	3live:t/3live:i/3live:t/3live:i	0			
pdhd	029107_29	41	0	3658	3663	6	4.16	4.69	-80.7	72.5	27.3	2.73	3.55	3	GAP-live	0	0.33	0.00	0.33	0.00	0.00	0.00	0.00	0.00	3live:i/1blank:t/1blank:i/1blank:i/1blank:i/1blank:i/2blank+:i/2blank+:i	0			
pdhd	029107_29	41	0	3673	3779	107	65.44	62.13	-67.7	87.6	53.9	29.62	3.67	3	GAP-live	0	0.05	0.05	0.09	0.00	0.00	0.04	0.46	0.00	1blank:i/3live:i/1blank:i/3live:t	0			
pdhd	029107_29	52	0	3874	3875	2	1.50	1.62	-67.1	97.4	6.4	0.91	1.29	1	FIT	1	1.00	0.00	1.00	0.00	0.00	0.00	0.00	1.00	3live:i/3live:t/3live:t/3live:i	0			
pdhd	029107_29	52	0	3899	3912	14	8.20	8.41	-54.5	88.5	14.4	3.77	3.61	3	GAP-live	0	0.29	0.00	0.29	0.00	0.00	0.00	0.00	0.00	3live:t/1blank:i/3live:i/3live:i/3live:i/1blank:i/3live:i/3live:i/3live:i/3live:i/3live:i/3live:i/3live:i/3live:i	0			
pdhd	029107_29	52	0	3936	3938	3	1.94	2.57	-43.4	83.0	24.1	1.65	2.18	3	GAP-short	0	0.80	0.00	0.80	0.00	0.00	0.00	0.00	0.00	1blank:t/1blank:i/1blank:i/1blank:i	0			
pdhd	029107_29	52	0	3945	3949	5	3.90	4.44	-40.6	85.1	29.0	1.58	2.72	2	GAP-short	0	0.78	0.00	0.78	0.00	0.00	0.00	0.20	0.00	1blank:i/1blank:i/1blank:i/1blank:i/3live:t	0			
pdhd	029107_29	52	0	3966	3974	9	5.95	6.04	-34.3	90.0	39.9	1.59	2.27	3	GAP-short	0	0.92	0.00	0.92	0.00	0.00	0.00	0.00	0.22	3live:i/3live:i/3live:i/3live:i/3live:i/3live:i/3live:t/3live:i	0			
pdhd	029107_29	52	0	3979	3986	8	5.26	5.34	-31.1	94.1	45.1	2.32	2.73	3	D-3live	1	0.55	0.00	0.55	0.00	0.00	0.00	0.25	0.25	3live:i/3live:t/3live:i/3live:i/3live:i/3live:i/3live:t	0	6.80		
pdhd	029107_29	52	0	4009	4091	83	49.71	43.59	-15.3	116.5	64.0	16.27	4.31	3	GAP-live	0	0.05	0.00	0.05	0.00	0.00	0.02	0.00	0.00	3live:i/1blank:i/1blank:i/1blank:i	0			
pdhd	029107_29	68	0	4340	4341	2	1.26	1.75	-59.9	481.7	462.1	1.09	1.44	2	FIT	1	1.00	0.00	1.00	1.00	0.00	0.00	0.50	1.00	1dead:i/1dead:i/1dead:t	0			
pdhd	029107_29	68	0	4375	4376	2	0.99	1.91	-50.7	460.6	462.2	1.06	0.27	2	D-3live	1	1.00	0.00	1.00	1.00	0.00	0.00	0.00	0.00	1dead:i/1dead:i/1dead:i	0	2.19	2.19	1.000
pdhd	029107_29	68	0	4381	4410	30	62.13	62.88	-42.6	441.3	462.2	13.17	2.93	3	GAP-live	0	0.17	0.00	0.17	0.07	0.00	0.00	0.00	0.00	1dead:i/1dead:i/1dead:i/1dead:t/1blank:i/1dead:t	0			
pdhd	029107_29	68	0	4417	4420	4	1.71	2.93	-21.5	387.9	462.2	2.89	1.11	3	FIT	0	0.50	0.00	0.50	0.25	0.00	0.00	1.00	1.00	1dead:i/1dead:e	1			
pdhd	029107_29	120	0	5605	5607	3	1.76	2.34	86.3	98.7	238.1	1.84	2.01	2	GAP-live	0	0.40	0.00	0.40	0.00	1.00	0.00	0.00	0.00	1dead:i/1dead:i/3live:i	0			
pdhd	029107_3	26	0	1486	1498	13	7.73	8.02	-60.7	406.2	51.2	4.02	3.94	1	GAP-live	0	0.31	0.00	0.31	0.00	1.00	0.00	0.15	0.00	1blank:i/3live:t/1blank:i/1blank:i/2blank+:i	0			
pdhd	029107_3	26	0	1500	1501	2	1.18	1.46	-61.0	409.7	54.0	0.83	1.50	1	D-blank-int	1	1.00	0.00	1.00	0.00	0.00	0.00	0.00	0.00	3live:t/2blank+:i	0	1.17	1.17	1.000
pdhd	029107_3	26	0	1522	1531	10	6.36	6.31	-59.8	403.6	64.5	3.57	4.24	2	GAP-live	0	0.31	0.00	0.31	0.00	0.00	0.00	0.10	0.00	3live:i/3live:t/3live:i/3live:t	0			
pdhd	029107_3	26	0	1539	1557	19	11.54	11.24	-60.3	393.0	72.0	4.98	3.87	2	GAP-live	0	0.27	0.00	0.27	0.00	0.00	0.00	0.05	0.11	3live:i/1blank:i/2blank+:i/3live:i/3live:i/3live:t/1blank:i	0			
pdhd	029107_3	26	0	1588	1591	4	2.40	2.05	-67.4	382.5	88.1	1.18	1.47	1	D-blank-int	1	1.00	0.00	1.00	0.00	0.00	0.00	0.00	0.00	1blank:i/1blank:i/2blank+:i	0	1.53	1.53	1.000
pdhd	029107_3	51	0	2532	2541	10	6.56	7.30	-21.8	266.6	185.9	3.34	3.58	2	GAP-live	0	0.40	0.00	0.40	0.00	0.00	0.00	0.00	0.00	1blank:i/1blank:i/1blank:i/1blank:i/1blank:i/1blank:i/1blank:i/1blank:i/1blank:i/1blank:i/1blank:i	0			
pdhd	029107_3	51	0	2549	2551	3	1.72	2.15	-29.4	267.6	187.9	2.21	1.73	1	GAP-live	0	0.25	0.00	0.25	0.00	0.00	0.00	0.00	0.00	3live:i/3live:t/3live:i/3live:i	0			
pdhd	029107_3	51	0	2570	2581	12	7.55	7.96	-41.0	277.0	186.7	3.79	2.73	3	GAP-live	0	0.38	0.00	0.38	0.00	0.00	0.17	0.00	0.08	1blank:i/1blank:i/3live:t/1blank:i/3live:i	0			
pdhd	029107_3	51	0	2584	2592	9	5.37	5.87	-42.9	282.0	187.6	1.51	2.08	3	GAP-short	0	1.00	0.00	1.00	0.00	0.00	0.00	0.11	0.00	1blank:i/3live:t/1blank:i	0			
pdhd	029107_3	51	0	2619	2620	2	1.03	1.55	-44.8	295.1	199.0	1.28	1.51	2	D-crawl	1	1.00	0.00	1.00	0.00	0.50	0.00	0.00	0.00	1blank:i/1blank:i/1blank:i	0	1.74	8.67	3.933
pdhd	029107_3	86	0	2632	2790	159	103.79	100.23	66.2	541.5	37.9	23.09	3.02	3	GAP-live	0	0.01	0.00	0.01	0.00	0.00	0.03	0.46	0.17	1blank:i/3live:t/3live:i/3live:i/3live:e	0			
pdhd	029107_3	86	0	2799	2802	4	2.41	2.98	71.0	487.0	26.8	1.47	1.14	1	GAP-short	0	1.00	0.00	1.00	0.00	0.00	0.00	0.25	0.25	3live:t/1blank:i/3live:t	0			
pdhd	029107_3	86	0	2809	2841	33	22.72	21.87	68.9	472.9	31.1	10.57	2.30	3	GAP-live	0	0.14	0.00	0.14	0.00	0.00	0.06	0.00	0.12	3live:t/1blank:i/3live:t/3live:i/3live:t/1blank:i/1blank:i	0			
pdhd	029107_3	86	0	2848	2867	20	12.42	11.80	66.9	455.5	34.4	4.35	3.03	3	GAP-live	0	0.25	0.00	0.25	0.00	0.00	0.00	0.00	0.05	3live:i/3live:i/3live:i/3live:i/3live:i/3live:t/3live:i/3live:i/3live:i	0			
pdhd	029107_3	107	0	3733	3752	20	12.72	12.94	21.6	300.1	371.6	7.11	3.76	2	GAP-live	0	0.08	0.00	0.08	0.00	0.00	0.05	0.00	0.00	1dead:i/1dead:i/3live:i/3live:t/3live:i	0			
pdhd	029107_3	111	0	3767	3770	4	2.68	2.84	58.5	441.9	452.9	1.87	2.67	1	GAP-short	0	0.83	0.00	0.83	0.00	0.00	0.00	1.00	0.00	3live:i/3live:e	0			
pdhd	029107_3	111	0	4034	4036	3	1.75	2.17	81.1	296.9	381.0	0.64	1.52	1	D-blank-int	1	1.00	0.00	1.00	0.00	0.00	0.00	0.00	0.00	1blank:i/1blank:i	0	1.61		
pdhd	029107_3	118	0	4266	4267	2	1.18	1.77	181.4	596.3	311.1	1.30	1.89	3	GAP-short	0	1.00	0.00	1.00	0.00	1.00	0.00	0.00	0.00	1blank:i/2blank+:i/2blank+:i	0			
pdhd	029107_3	118	0	4344	4356	13	7.81	8.32	224.7	576.8	296.1	4.30	3.19	2	GAP-live	0	0.29	0.00	0.29	0.00	0.00	0.00	0.00	0.00	1blank:i/1blank:i/1blank:i/1blank:i/1blank:i/1blank:i/1blank:i/1blank:i/1blank:i/1blank:i/1blank:i/3live:i	0			
pdhd	029107_3	118	0	4371	4372	2	1.07	1.61	236.6	570.5	291.9	1.01	1.59	1	D-blank-int	1	1.00	0.00	1.00	0.00	0.00	0.00	0.00	0.00	1blank:i/1blank:i	0	0.63		
pdhd	029107_3	118	0	4375	4385	11	6.75	7.11	240.9	568.1	290.3	5.59	4.00	1	GAP-live	0	0.00	0.00	0.00	0.00	0.00	0.09	0.00	0.00	3live:i/3live:i/1blank:i/1blank:i	0			
pdhd	029107_3	118	0	4389	4390	2	1.17	1.76	245.4	565.7	288.6	1.40	1.36	1	GAP-short	0	0.75	0.00	0.75	0.00	0.00	0.00	0.00	0.50	3live:i/3live:i	0			
pdhd	029107_3	118	0	4530	4535	6	3.72	3.87	318.5	524.3	261.3	1.90	2.01	3	GAP-short	0	0.75	0.00	0.75	0.00	0.00	0.00	0.00	0.17	3live:i/3live:i/3live:i/3live:i/3live:i/3live:i	0			
pdhd	029107_4	22	0	423	431	9	5.65	4.85	-17.1	505.1	69.0	2.94	4.00	1	GAP-dead	0	0.70	0.00	0.70	1.00	0.00	0.00	0.22	0.00	2blank+:i/1dead:t/2blank+:i/2blank+:i/2blank+:i/2blank+:i/2blank+:i	0			
pdhd	029107_4	24	0	474	577	104	65.30	62.66	-26.2	38.7	217.2	17.49	3.45	3	GAP-live	0	0.05	0.00	0.05	0.03	0.00	0.01	0.00	0.04	1dead:i/1dead:i/1blank:i/3live:i/3live:t	0			
pdhd	029107_4	24	0	592	674	83	53.89	53.10	-73.9	81.0	203.9	25.13	4.34	3	GAP-live	0	0.02	0.02	0.04	0.02	0.00	0.00	0.00	0.00	1dead:i/1dead:t/1dead:i/1dead:t	0			
pdhd	029107_4	24	0	679	684	6	3.94	3.82	-96.8	98.0	194.9	1.36	2.50	3	D-sbt	1	0.50	0.88	1.00	0.33	0.00	0.00	0.67	0.67	1dead:i/1dead:t/1dead:i/1dead:t	0	2.72		
pdhd	029107_4	25	0	1236	1238	3	2.17	2.60	-125.0	133.7	192.9	1.57	1.87	1	GAP-short	0	0.60	0.00	0.60	0.00	0.00	0.00	0.00	0.00	1blank:i/1blank:i/1blank:i/1blank:i	0			
pdhd	029107_4	32	0	1573	1576	4	2.67	3.43	-26.2	575.5	160.9	1.63	2.13	1	GAP-short	0	0.71	0.00	0.71	0.00	0.00	0.00	0.00	0.00	1blank:t/1blank:i/1blank:i/1blank:i/1blank:i/1blank:i	0			
pdhd	029107_4	32	0	1606	1615	10	6.28	6.77	-41.9	561.4	158.8	3.37	3.37	1	GAP-live	0	0.36	0.00	0.36	0.00	0.00	0.00	0.00	0.00	1blank:t/1blank:i/1blank:i/1blank:i/1blank:i/1blank:i/1blank:i/1blank:i/1blank:i/1blank:i/1blank:i/1blank:i	0			
pdhd	029107_4	32	0	1647	1650	4	3.31	4.05	-58.7	546.4	156.2	1.99	1.30	1	GAP-short	0	0.50	0.00	0.50	0.00	0.00	0.00	0.00	0.00	1blank:i/1blank:t/1blank:i/1blank:i/1blank:i/1blank:i	0			
pdhd	029107_4	32	0	1847	1861	15	9.69	10.26	-149.7	459.5	139.6	9.84	1.30	2	GAP-live	0	0.10	0.00	0.10	0.00	0.00	0.00	0.00	0.00	1blank:t/1blank:i	0			
pdhd	029107_4	32	0	1878	1895	18	12.41	12.05	-164.4	445.3	137.3	11.94	0.67	2	GAP-live	0	0.04	0.00	0.04	0.00	0.00	0.00	0.00	0.00	3live:t/1blank:i	0			
pdhd	029107_4	32	0	1938	1982	45	27.76	26.91	-196.2	414.8	131.2	13.05	1.93	3	GAP-live	0	0.13	0.00	0.13	0.00	0.00	0.04	0.47	0.00	3live:i/3live:t/1dead:i/1blank:i/3live:t	0			
pdhd	029107_4	32	0	2000	2010	11	6.97	6.99	-214.3	397.0	128.1	3.49	3.24	3	GAP-live	0	0.21	0.00	0.21	0.00	0.00	0.00	0.00	0.00	3live:i/3live:i/3live:i/3live:i/1blank:i/3live:i/3live:i/3live:i/3live:i/3live:i/3live:i/3live:i/3live:i	0			
pdhd	029107_4	32	0	2052	2057	6	4.41	5.16	-235.0	376.8	124.5	2.72	2.20	1	GAP-live	0	0.40	0.00	0.40	0.00	0.00	0.00	0.00	0.00	1blank:t/1blank:i/1blank:i/1blank:i/1blank:i/1blank:i/1blank:i/1blank:i	0			
pdhd	029107_4	32	0	2080	2095	16	9.69	9.97	-249.8	362.2	122.1	5.22	3.06	2	GAP-live	0	0.20	0.00	0.20	0.00	0.00	0.06	0.00	0.06	3live:i/3live:t/3live:i/3live:i	0			
pdhd	029107_4	37	0	2261	2263	3	1.88	1.88	-8.1	136.5	173.2	2.96	3.66	2	GAP-live	0	0.00	0.00	0.00	0.00	1.00	0.00	0.00	0.00	3live:t/3live:i	1			
pdhd	029107_4	37	0	2280	2286	7	4.37	4.31	-12.1	148.4	173.3	1.67	2.60	1	D-crawl	1	1.00	0.00	1.00	0.00	1.00	0.00	0.00	0.00	1blank:i/1blank:i/1blank:i/1blank:i/3live:t/1blank:i/1blank:i	0	6.65		
pdhd	029107_4	37	0	2290	2307	18	10.62	10.48	-16.4	154.9	170.3	2.42	2.97	3	GAP-short	0	0.67	0.00	0.67	0.00	0.06	0.00	0.00	0.11	3live:i/3live:i/3live:t/3live:i/3live:i/3live:i/3live:i/3live:i/3live:i/3live:i/3live:i/3live:i/3live:t/3live:i/3live:i/3live:t	0			
pdhd	029107_4	37	0	2327	2328	2	1.14	1.65	-22.8	170.1	166.2	0.65	1.23	1	D-blank-term	1	1.00	0.00	1.00	0.00	0.00	0.00	0.00	0.00	3live:i/1blank:t	0	3.33		
pdhd	029107_4	37	0	2350	2378	29	17.70	17.46	-28.6	188.9	160.3	7.68	1.66	3	GAP-live	0	0.11	0.00	0.11	0.07	0.00	0.07	0.00	0.00	1dead:i/1dead:t/3live:i/3live:i	0			
pdhd	029107_4	37	0	2387	2391	5	2.71	3.19	-27.5	196.7	153.0	2.42	1.97	3	GAP-live	0	0.33	0.00	0.33	0.40	0.00	0.20	0.00	0.00	1dead:t/1dead:i/1dead:t/1dead:i	0			
pdhd	029107_4	37	0	2397	2404	8	5.06	5.66	-23.0	192.9	150.4	2.19	1.70	2	GAP-dead	0	0.64	0.00	0.64	0.88	0.00	0.12	0.00	0.38	1dead:t/1dead:i/1dead:t/1dead:t/1dead:i	0			
pdhd	029107_4	37	0	2410	2413	4	2.40	2.68	-18.6	189.6	147.7	3.02	1.01	1	GAP-dead	0	0.00	0.00	0.00	1.00	0.00	0.00	0.00	0.00	1dead:i/1dead:i/1dead:i	0			
pdhd	029107_4	37	0	2420	2422	3	1.87	1.77	-17.9	187.8	146.8	1.91	1.64	1	GAP-dead	0	0.25	0.00	0.25	1.00	0.00	0.00	0.00	0.00	1dead:i/1dead:i/1dead:i	0			
pdhd	029107_4	37	0	2433	2434	2	1.25	1.71	-13.0	189.9	146.7	1.15	0.69	1	D-blank-int	1	1.00	0.00	1.00	0.00	0.00	0.00	0.00	0.00	1dead:i/1blank:i/1blank:i	0	2.54	2.54	1.000
pdhd	029107_4	37	0	2447	2453	7	4.18	4.48	-14.8	195.5	140.5	1.34	1.68	1	D-3live	1	1.00	0.00	1.00	0.00	0.00	0.00	0.00	0.14	3live:i/3live:i/3live:i/3live:i/3live:i	0	6.29		
pdhd	029107_4	37	0	2456	2479	24	16.81	16.26	-17.3	203.8	134.7	2.45	2.17	3	GAP-short	0	0.73	0.00	0.73	0.00	0.00	0.00	0.00	0.00	3live:i/3live:i/3live:i/3live:i/3live:i/3live:i/3live:i/3live:i/3live:i/3live:i/3live:i/3live:i/3live:i/3live:i/3live:i/3live:i/3live:i/3live:i/3live:i/3live:i	0			
pdhd	029107_4	37	0	2483	2486	4	2.30	2.73	-19.4	212.5	128.7	1.47	0.66	3	GAP-short	0	0.80	0.00	0.80	0.00	0.00	0.00	0.00	0.00	3live:i/3live:i/3live:i/3live:i	0			
pdhd	029107_4	39	0	2847	2848	2	1.10	1.65	-150.5	209.6	46.4	1.16	0.30	1	GAP-short	0	1.00	0.00	1.00	0.00	0.00	0.00	0.00	0.00	3live:i/3live:i/3live:i	0			
pdhd	029107_4	39	0	2872	2875	4	2.45	3.00	-156.7	196.0	50.5	1.36	1.14	1	GAP-short	0	1.00	0.00	1.00	0.00	0.00	0.00	0.00	0.50	3live:i/3live:i/3live:i/3live:i/3live:i	0			
pdhd	029107_4	39	0	2886	2890	5	3.06	3.58	-160.4	188.4	52.6	1.92	1.51	1	GAP-short	0	0.57	0.00	0.57	0.00	0.00	0.00	0.00	0.00	3live:i/3live:i/3live:i/3live:i/3live:i	0			
pdhd	029107_4	43	0	3149	3218	70	42.79	39.77	-76.5	598.5	208.8	18.39	4.43	3	GAP-live	0	0.09	0.00	0.09	0.00	0.89	0.03	0.46	0.07	3live:t/3live:i/3live:i/3live:i/3live:i/3live:t	0			
pdhd	029107_4	45	0	3331	3332	2	1.27	1.94	-43.8	42.0	214.5	1.22	1.70	1	FIT	1	1.00	0.00	1.00	0.00	0.00	0.00	0.00	1.00	3live:t/3live:i	0			
pdhd	029107_4	45	0	3335	3344	10	6.49	5.99	-41.8	45.7	216.2	1.45	2.32	3	D-blank-term	1	1.00	0.00	1.00	0.00	0.00	0.00	0.00	0.50	3live:t/3live:t/3live:i/3live:i/3live:t/3live:i/1blank:t/1blank:i	0	6.38		
pdhd	029107_4	45	0	3358	3365	8	4.45	4.00	-37.5	54.9	219.1	2.36	2.65	1	GAP-dead	0	0.62	0.00	0.62	1.00	1.00	0.00	0.00	0.25	1blank:i/1dead:t/1dead:i/1dead:i/1dead:i	1			
pdhd	029107_4	56	0	3958	3961	4	2.13	2.88	-33.1	10.1	314.2	2.08	2.07	2	GAP-dead	0	0.00	0.00	0.00	1.00	0.00	0.00	0.00	0.00	1blank:t/1blank:i/1blank:i	0			
pdhd	029107_4	56	0	3966	3970	5	3.23	2.65	-36.7	8.7	314.7	2.05	2.71	3	GAP-short	0	0.80	0.00	0.80	0.20	0.00	0.00	0.00	0.00	1blank:i/1blank:i/2blank+:i/2blank+:i/2blank+:i/2blank+:i	0			
pdhd	029107_4	56	0	3983	4047	65	42.95	41.89	-47.1	33.3	316.0	20.83	4.00	3	GAP-live	0	0.01	0.00	0.01	0.00	0.00	0.02	0.00	0.00	1dead:t/1dead:i/1dead:i/1dead:i	0			
pdhd	029107_4	60	0	4409	4451	43	28.79	28.04	-294.6	593.7	248.3	13.25	3.37	3	GAP-live	0	0.12	0.00	0.12	0.09	0.00	0.05	0.00	0.09	1dead:t/1dead:i/1dead:i/1dead:i/1dead:t	0			
pdhd	029107_4	60	0	4500	4535	36	22.38	22.19	-268.7	557.4	275.6	11.12	4.09	2	GAP-live	0	0.09	0.00	0.09	0.08	0.00	0.06	0.00	0.06	1dead:i/1dead:i/1dead:i/1dead:t	0			
pdhd	029107_4	60	0	4596	4625	30	19.76	19.58	-239.4	520.1	307.6	8.65	3.57	3	GAP-live	0	0.13	0.00	0.13	0.10	0.00	0.10	0.00	0.17	1dead:i/1dead:t/1dead:t/1dead:i	0			
pdhd	029107_4	74	0	5174	5192	19	11.79	12.22	-22.4	555.7	285.7	6.19	4.32	2	GAP-live	0	0.12	0.00	0.12	0.11	0.00	0.05	0.00	0.11	1dead:t/1dead:i/1dead:i/1dead:i	0			
pdhd	029107_4	123	0	5587	5588	2	1.22	2.06	53.7	541.1	125.9	5.96	nan	1	GAP-dead	0	0.00	0.00	0.00	1.00	0.00	0.00	0.00	0.00	2blank+:i/2blank+:i	0			
pdhd	029107_4	124	0	5857	5874	18	54.92	54.80	8.1	143.1	16.3	6.81	4.95	3	GAP-live	0	0.05	0.00	0.05	0.17	0.00	0.00	0.67	0.17	1dead:t/1dead:i/1dead:i/1dead:i	0			
pdhd	029107_4	124	0	5918	5919	2	1.22	1.90	24.9	107.6	20.5	1.33	1.28	1	D-blank-int	1	1.00	0.00	1.00	1.00	0.00	0.00	0.00	0.00	1dead:i/1dead:i/1blank:i	0	3.19	7.34	1.851
pdhd	029107_4	124	0	5953	5970	18	11.14	10.66	36.8	87.9	18.2	4.43	3.14	2	GAP-dead	0	0.33	0.00	0.33	1.00	0.00	0.00	0.00	0.06	2blank+:i/2blank+:i/2blank+:i/2blank+:i/2blank+:i/2blank+:i/2blank+:i/2blank+:i/1dead:i/1dead:i/1dead:i/1dead:i	0			
pdhd	029107_4	124	0	5982	5986	5	3.16	3.60	42.2	78.5	16.6	2.28	2.77	2	GAP-dead	0	0.43	0.00	0.43	1.00	0.00	0.00	0.00	0.20	1dead:i/1dead:i/2blank+:i/2blank+:i/2blank+:i/2blank+:i/1dead:i	0			
pdhd	029107_4	126	0	6788	6789	2	1.34	1.91	270.7	156.6	122.4	1.59	2.02	1	GAP-short	0	0.75	0.00	0.75	0.00	1.00	0.00	0.00	0.00	1dead:i/1dead:i/1dead:i	0			
pdhd	029107_4	146	0	7858	7860	3	1.82	2.43	-8.7	272.6	308.9	2.46	0.43	1	GAP-dead	0	0.40	0.00	0.40	1.00	0.00	0.00	0.00	0.00	1dead:i/1dead:i/2blank+:i/2blank+:i	0			
pdhd	029107_4	146	0	8038	8046	9	10.39	10.83	-81.2	346.3	252.0	3.05	3.93	3	GAP-live	0	0.27	0.00	0.27	0.44	0.00	0.00	0.67	0.22	1dead:t/1dead:i/1dead:i/1dead:t	0			
pdhd	029107_4	146	0	8267	8272	6	3.88	4.33	-162.5	431.7	190.9	1.52	1.77	2	GAP-short	0	0.89	0.00	0.89	0.00	0.00	0.00	0.00	0.33	3live:t/3live:i/3live:i/1blank:i/3live:i/3live:t	0			
pdhd	029107_4	146	0	8280	8286	7	4.99	5.48	-167.4	436.7	187.0	2.09	2.44	1	GAP-short	0	0.64	0.00	0.64	0.00	0.00	0.00	0.00	0.14	3live:t/3live:i/3live:i/3live:i/3live:i/3live:i/3live:i/3live:t	0			
pdhd	029107_5	20	0	4	8	5	3.49	2.45	-4.9	151.7	445.6	1.01	1.92	2	D-blank-term	1	1.00	0.00	1.00	0.00	0.00	0.00	0.00	0.20	1blank:t/3live:t/3live:i	0	1.08		
pdhd	029107_5	20	0	21	24	4	2.81	3.24	-5.8	145.6	439.1	1.46	2.10	2	D-blank-term	1	1.00	0.00	1.00	0.00	0.00	0.00	0.00	0.00	1blank:t/1blank:i	0	4.75		
pdhd	029107_5	20	0	33	34	2	1.27	1.57	-6.8	140.1	436.0	1.16	1.25	3	D-blank-int	1	1.00	0.00	1.00	0.00	0.00	0.00	0.00	0.00	1blank:i/1blank:i/3live:i	0	1.89	1.89	1.000
pdhd	029107_5	20	0	44	65	22	14.56	12.57	-8.4	132.5	428.5	5.17	3.62	3	GAP-live	0	0.40	0.00	0.40	0.00	0.00	0.09	0.41	0.23	3live:i/3live:t/3live:i/1blank:i/1blank:i	0			
pdhd	029107_5	20	0	70	71	2	1.32	2.17	-9.8	127.1	421.3	1.05	0.93	3	FIT	1	1.00	0.00	1.00	0.00	0.00	0.00	0.00	1.00	3live:t/3live:i	0			
pdhd	029107_5	23	0	98	100	3	1.78	2.32	-20.5	589.5	241.6	0.76	2.42	1	FIT	1	1.00	0.00	1.00	0.00	0.00	0.00	0.00	1.00	3live:t/1dead:i	0			
pdhd	029107_5	23	0	102	104	3	1.76	2.11	-19.6	587.6	242.5	0.98	1.44	1	D-blank-int	1	1.00	0.00	1.00	0.00	0.00	0.00	0.33	0.67	3live:t/1dead:i/3live:t/1blank:i	0	9.48		
pdhd	029107_5	23	0	111	112	2	1.07	1.83	-19.4	584.2	245.4	1.00	1.36	1	D-blank-int	1	1.00	0.00	1.00	0.00	0.00	0.00	0.00	0.00	3live:t/1blank:i/3live:i	0	2.40		
pdhd	029107_5	26	0	231	243	13	8.67	9.01	-137.4	577.7	416.3	4.27	3.54	2	GAP-live	0	0.22	0.00	0.22	0.00	0.38	0.00	0.00	0.00	1blank:i/1blank:i/3live:i/3live:i/1blank:i/1blank:i/1blank:i/1blank:i/3live:i	0			
pdhd	029107_5	28	0	1029	1030	2	1.05	1.56	-274.7	21.9	254.1	1.35	1.78	1	GAP-short	0	0.67	0.00	0.67	0.00	0.00	0.00	0.00	0.00	3live:i/3live:i	0			
pdhd	029107_5	28	0	1032	1046	15	9.52	9.12	-273.8	26.6	252.3	4.11	4.70	2	GAP-live	0	0.06	0.00	0.06	0.00	0.00	0.00	0.13	0.00	3live:i/3live:i/3live:i/3live:i/3live:i/3live:t	0			
pdhd	029107_5	34	0	1689	1779	91	69.27	65.97	-24.4	427.0	172.7	30.74	3.50	3	GAP-live	0	0.02	0.00	0.02	0.00	0.00	0.01	0.00	0.00	3live:i/3live:i/3live:t/3live:i/3live:i	0			
pdhd	029107_5	42	0	3134	3180	47	93.59	92.40	-45.0	249.0	460.7	26.45	2.31	3	GAP-live	0	0.04	0.00	0.04	0.04	0.00	0.00	0.00	0.04	1blank:i/1blank:i/1dead:i/1dead:i	0			
pdhd	029107_5	42	0	3192	3214	23	36.31	36.70	-67.5	218.4	461.8	7.64	1.06	3	GAP-live	0	0.07	0.00	0.07	0.09	0.00	0.00	0.00	0.13	1dead:i/1dead:t/1dead:i/1dead:i	0			
pdhd	029107_5	51	0	4009	4036	28	18.50	16.96	-136.3	571.5	240.5	9.16	3.67	1	GAP-live	0	0.06	0.00	0.06	0.00	0.00	0.04	0.00	0.04	1dead:i/1dead:t/3live:i/3live:i	0			
pdhd	029107_5	51	0	4265	4273	9	6.16	6.47	-136.6	428.0	233.1	2.04	2.52	1	GAP-short	0	0.85	0.00	0.85	0.00	0.00	0.00	0.00	0.11	3live:t/3live:i/3live:i	0			
pdhd	029107_5	51	0	4276	4279	4	2.92	3.29	-136.6	422.7	233.8	1.24	2.08	1	GAP-short	0	1.00	0.00	1.00	0.00	0.00	0.00	0.00	0.75	3live:t/3live:i	0			
pdhd	029107_5	51	0	4299	4301	3	4.02	4.69	-136.0	411.0	233.0	2.53	2.14	1	GAP-live	0	0.44	0.00	0.44	0.00	0.00	0.00	0.00	0.00	1blank:i/1blank:i	0			
pdhd	029107_5	107	0	6099	6104	6	26.78	27.38	270.4	277.4	21.0	2.73	2.80	3	GAP-live	0	0.07	0.00	0.07	0.00	0.00	0.00	0.00	0.67	3live:t/3live:t/3live:i/3live:t	0			
pdhd	029107_6	45	0	246	256	11	16.17	16.62	-157.7	35.5	98.3	7.86	2.73	3	GAP-live	0	0.18	0.00	0.18	0.00	0.00	0.09	0.00	0.00	3live:t/1blank:i/1blank:t/1blank:i	0			
pdhd	029107_6	45	0	275	280	6	7.15	7.53	-140.4	51.1	97.2	3.87	1.46	3	GAP-live	0	0.33	0.00	0.33	0.00	0.00	0.00	0.00	0.00	1blank:i/1blank:t/1blank:i/1blank:i/1blank:i/1blank:i/2blank+:i/2blank+:i/1blank:i	0			
pdhd	029107_6	45	0	293	295	3	1.59	1.96	-131.5	58.4	95.8	0.86	1.58	1	D-blank-term	1	1.00	0.00	1.00	0.00	0.00	0.00	0.00	0.00	1blank:t/1blank:i/1blank:i	0	3.26		
pdhd	029107_6	45	0	301	304	4	2.36	1.37	-130.6	62.3	95.6	1.66	1.32	1	GAP-short	0	1.00	0.00	1.00	0.00	0.00	0.00	0.00	0.00	1blank:i/2blank+:i	0			
pdhd	029107_6	45	0	311	317	7	9.13	9.61	-126.1	65.2	97.3	4.61	1.24	3	GAP-live	0	0.26	0.00	0.26	0.00	0.00	0.00	0.00	0.00	1blank:i/2blank+:i/1blank:i/1blank:i/1blank:i/1blank:i/2blank+:i/2blank+:i	0			
pdhd	029107_6	45	0	328	331	4	7.64	8.22	-113.4	77.7	97.5	1.38	1.42	3	GAP-live	0	0.38	0.00	0.38	0.00	0.00	0.00	0.00	0.25	3live:i/3live:t/2blank+:i/2blank+:i/2blank+:i/2blank+:i/2blank+:i/3live:i	0			
pdhd	029107_6	45	0	336	338	3	1.79	2.36	-108.6	82.4	97.3	1.42	0.51	3	GAP-short	0	1.00	0.00	1.00	0.00	0.00	0.00	0.00	0.00	3live:i/2blank+:i/1blank:i/1blank:i	0			
pdhd	029107_6	45	0	351	360	10	38.72	39.27	-84.3	105.7	97.0	12.87	1.56	3	GAP-live	0	0.06	0.00	0.06	0.00	0.00	0.00	0.00	0.20	3live:t/3live:i/3live:i/3live:i	0			
pdhd	029107_6	45	0	415	423	9	17.06	17.62	-42.1	146.5	96.2	5.63	1.84	3	GAP-live	0	0.14	0.00	0.14	0.00	0.00	0.00	0.78	0.22	3live:i/3live:t/1blank:t/1blank:i	0			
pdhd	029107_6	45	0	438	452	15	10.41	9.81	-27.7	160.2	96.2	4.38	4.46	3	GAP-live	0	0.35	0.00	0.35	0.00	0.00	0.00	0.00	0.00	1blank:i/1blank:t/1blank:i/2blank+:i/2blank+:i/2blank+:i/1blank:i/1blank:i/1blank:i/1blank:i/1blank:i/1blank:i/1blank:i/1blank:i/1blank:t	0			
pdhd	029107_6	45	0	482	497	16	10.58	11.37	-8.5	178.7	96.3	4.81	3.37	1	GAP-live	0	0.30	0.00	0.30	0.00	0.00	0.06	0.00	0.12	3live:i/3live:i/1blank:t/1blank:i/1blank:i	0			
pdhd	029107_6	47	0	744	750	7	4.04	5.76	-117.2	480.9	229.4	1.14	1.81	3	GAP-short	0	0.83	0.00	0.83	0.00	0.00	0.00	0.00	0.57	1blank:t/3live:t/3live:t/3live:i/3live:i	0			
pdhd	029107_6	116	0	3554	3560	7	4.55	5.19	164.3	446.8	248.0	2.54	3.55	1	GAP-short	0	0.50	0.00	0.50	0.00	0.00	0.00	0.00	0.14	3live:i/3live:i/3live:i/3live:i/3live:i/3live:t/3live:i	0			
pdhd	029107_7	28	0	8	10	3	1.66	2.29	-217.3	312.8	442.1	1.87	1.14	2	GAP-dead	0	0.80	0.00	0.80	1.00	0.00	0.00	0.00	0.00	1dead:i/1dead:i/1dead:i/1dead:i	0			
pdhd	029107_7	32	0	349	358	10	16.44	16.87	-180.2	417.4	229.1	7.04	0.67	3	GAP-live	0	0.12	0.00	0.12	0.00	0.00	0.00	0.00	0.00	3live:t/1blank:i/1blank:t/1blank:i	0			
pdhd	029107_7	32	0	365	366	2	1.16	1.71	-174.8	407.9	229.7	1.35	0.49	3	GAP-short	0	1.00	0.00	1.00	0.00	0.00	0.00	0.00	0.00	2blank+:i/2blank+:i/1blank:i	0			
pdhd	029107_7	40	0	1112	1199	88	56.68	53.95	-327.4	400.4	280.1	27.17	3.33	3	GAP-live	0	0.04	0.00	0.04	0.00	0.00	0.06	0.45	0.00	3live:i/1blank:i/3live:t/3live:i	0			
pdhd	029107_7	45	0	1650	1662	13	8.06	8.24	-20.1	47.2	340.0	4.61	2.08	3	GAP-dead	0	0.19	0.00	0.19	0.62	0.08	0.00	0.00	0.08	1dead:t/1blank:i/1dead:t	0			
pdhd	029107_7	45	0	1668	1701	34	21.30	20.97	-19.9	43.7	352.8	10.61	4.16	3	GAP-live	0	0.12	0.00	0.12	0.00	0.00	0.12	0.41	0.06	1dead:t/1blank:i/3live:i/3live:e	0			
pdhd	029107_7	45	0	1712	1714	3	1.09	1.64	-19.8	40.1	366.8	1.98	3.12	2	FIT	0	0.67	0.00	0.67	0.00	0.00	0.00	1.00	1.00	3live:i/3live:e	1			
pdhd	029107_7	90	0	3348	3355	8	4.80	3.18	84.0	169.8	159.8	2.22	3.57	2	D-crawl	1	1.00	0.00	1.00	0.00	1.00	0.00	0.00	0.00	1blank:i/3live:i/1blank:i/2blank+:i	0	4.17		
pdhd	029107_7	99	0	4910	4911	2	1.24	1.42	26.4	387.5	343.1	0.61	1.34	1	FIT	1	1.00	0.00	1.00	0.00	1.00	0.00	0.00	1.00	3live:t/3live:i	0			
pdhd	029107_8	44	0	1827	1864	38	33.01	33.77	-289.9	569.6	91.1	16.38	1.28	3	GAP-live	0	0.07	0.00	0.07	0.00	0.00	0.05	0.00	0.08	3live:t/3live:i/3live:i/3live:i/3live:t	0			
pdhd	029107_8	44	0	1888	1892	5	3.18	3.83	-267.5	550.5	91.1	1.45	1.95	3	GAP-short	0	1.00	0.00	1.00	0.00	0.00	0.00	0.00	0.20	1blank:i/1blank:i/1blank:i/2blank+:i/3live:i/3live:i	0			
pdhd	029107_8	44	0	1906	1928	23	65.30	65.74	-238.4	526.3	91.9	20.91	0.77	3	GAP-live	0	0.04	0.00	0.04	0.00	0.00	0.00	0.43	0.00	3live:t/1blank:i/3live:i/1blank:t	0			
pdhd	029107_8	44	0	1940	1941	2	3.84	4.48	-204.7	498.1	92.7	1.37	1.86	3	GAP-live	0	0.33	0.00	0.33	0.00	0.00	0.00	0.00	0.50	3live:t/3live:i/2blank+:i/2blank+:i	0			
pdhd	029107_8	44	0	1948	1950	3	5.70	6.45	-198.3	492.9	93.0	2.38	2.43	3	GAP-live	0	0.38	0.00	0.38	0.00	0.00	0.00	0.00	0.00	2blank+:i/1blank:i/1blank:i/2blank+:i	0			
pdhd	029107_8	44	0	1969	1990	22	13.87	14.34	-181.2	479.0	93.7	6.99	3.08	2	GAP-live	0	0.10	0.00	0.10	0.00	0.00	0.05	0.00	0.05	1blank:i/1blank:i/3live:i/3live:t/1blank:i	0			
pdhd	029107_8	44	0	2008	2011	4	2.92	3.39	-166.2	466.9	94.3	1.32	1.76	2	GAP-short	0	0.86	0.00	0.86	0.00	0.00	0.00	0.00	0.00	1blank:t/1blank:i/1blank:i/1blank:i/1blank:i/1blank:i/1blank:t	0			
pdhd	029107_8	44	0	2073	2099	27	16.98	16.46	-131.2	439.2	96.2	8.33	1.65	3	GAP-live	0	0.15	0.00	0.15	0.00	0.00	0.04	0.00	0.41	3live:t/3live:i/3live:i/3live:t/1blank:i	0			
pdhd	029107_8	44	0	2150	2156	7	3.98	4.68	-97.3	412.2	97.8	2.43	1.84	2	GAP-short	0	0.56	0.00	0.56	0.00	0.00	0.00	0.00	0.00	1blank:i/1blank:i/1blank:i/1blank:i/1blank:i/1blank:i/1blank:i/1blank:i	0			
pdhd	029107_8	44	0	2172	2183	12	7.57	8.13	-84.8	402.2	98.3	4.25	1.36	3	GAP-live	0	0.25	0.00	0.25	0.00	0.00	0.00	0.00	0.00	1blank:i/1blank:i/1blank:i/1blank:i/1blank:i/1blank:i/1blank:i/1blank:i/1blank:i/1blank:i/1blank:i/1blank:i/1blank:i/1blank:t	0			
pdhd	029107_8	44	0	2194	2303	110	70.80	65.68	-50.2	376.4	101.2	23.15	1.60	3	GAP-live	0	0.04	0.00	0.04	0.01	0.00	0.01	0.00	0.03	3live:i/3live:t/3live:i/1dead:i/1dead:e	0			
pdhd	029107_8	107	0	4271	4272	2	1.45	1.83	231.9	268.8	96.6	0.32	1.24	1	FIT	1	1.00	0.00	1.00	0.00	0.00	0.00	0.00	1.00	3live:i/3live:t/3live:i	0			
pdhd	029107_8	136	0	6825	6826	2	1.06	1.69	-309.1	209.8	232.5	1.08	1.80	1	D-blank-term	1	1.00	0.00	1.00	0.00	0.00	0.00	0.00	0.00	1blank:i/1blank:t	0	1.46	1.46	1.000
pdhd	029107_8	136	0	6837	6845	9	5.20	5.64	-321.3	200.6	229.7	2.74	4.26	1	GAP-live	0	0.45	0.00	0.45	0.00	0.00	0.00	0.00	0.00	1blank:i/1blank:i/1blank:i/1blank:i/1blank:i/1blank:i/1blank:i/1blank:i/1blank:i/1blank:t	0			
pdhd	029107_8	136	0	6864	6874	11	8.20	8.85	-335.6	190.0	227.1	4.46	3.45	2	GAP-live	0	0.33	0.00	0.33	0.00	0.00	0.00	0.00	0.00	1blank:t/1blank:i/1blank:i/1blank:i/1blank:i/1blank:i/1blank:i/1blank:i/1blank:i/1blank:i/1blank:i/1blank:i/1blank:i	0			
pdhd	029107_9	43	0	167	170	4	7.36	7.70	-199.4	580.5	226.8	1.66	1.45	3	GAP-live	0	0.27	0.00	0.27	0.00	0.00	0.00	0.00	0.00	2blank+:i/2blank+:i/2blank+:i/1blank:i	0			
pdhd	029107_9	61	0	713	724	12	7.19	7.42	-269.6	586.7	456.4	4.02	4.25	2	GAP-live	0	0.27	0.00	0.27	0.00	0.42	0.00	0.08	0.00	3live:e/3live:i/1blank:t/1blank:t	0			
pdhd	029107_9	61	0	776	777	2	1.25	1.59	-267.8	576.8	423.7	1.03	1.79	1	D-crawl	1	1.00	0.00	1.00	0.00	1.00	0.00	0.00	0.50	3live:i/3live:i/3live:i	0	2.51		
pdhd	029107_9	61	0	1187	1188	2	4.14	4.73	-257.1	434.2	231.3	0.99	2.07	1	GAP-short	0	0.78	0.00	0.78	0.00	0.00	0.50	0.00	0.50	3live:i/3live:i/1blank:i	0			
pdhd	029107_9	61	0	1289	1298	10	6.05	6.45	-253.8	401.1	172.2	2.94	4.11	1	GAP-live	0	0.46	0.00	0.46	0.00	0.00	0.00	0.00	0.10	3live:i/3live:i	0			
pdhd	029107_9	61	0	1331	1335	5	3.40	4.08	-253.1	391.4	150.8	3.25	3.56	1	GAP-live	0	0.38	0.00	0.38	0.00	0.00	0.00	0.40	0.00	3live:i/1blank:i/3live:t/3live:i	0			
pdhd	029107_9	61	0	1339	1344	6	3.90	4.38	-253.0	388.2	146.4	3.48	3.90	1	GAP-live	0	0.11	0.00	0.11	0.00	0.00	0.00	0.00	0.00	1blank:i/3live:i	0			
pdhd	029107_9	61	0	1377	1390	14	9.69	9.96	-252.5	378.9	127.0	5.04	3.94	1	GAP-live	0	0.25	0.00	0.25	0.00	0.00	0.14	0.00	0.00	3live:i/1blank:i/1blank:i/3live:t	0			
pdhd	029107_9	61	0	1471	1482	12	7.37	7.60	-251.7	348.8	84.8	2.92	4.22	1	GAP-live	0	0.47	0.00	0.47	0.00	0.00	0.42	0.33	0.00	1blank:i/3live:t/3live:i/3live:t	0			
pdhd	029107_9	61	0	1535	1540	6	3.51	3.86	-252.1	315.2	78.1	2.16	2.73	1	GAP-short	0	0.62	0.00	0.62	0.00	0.00	0.17	0.00	0.00	1blank:i/1blank:i/1blank:t/3live:t/3live:i	0			
pdhd	029107_9	61	0	1563	1564	2	1.07	1.60	-251.3	302.9	68.9	1.21	0.71	1	FIT	0	1.00	0.00	1.00	0.00	0.00	0.00	0.00	1.00	3live:t/3live:i	0			
pdhd	029107_9	61	0	1588	1591	4	2.37	2.96	-251.3	288.7	60.9	1.55	1.77	1	GAP-short	0	0.83	0.00	0.83	0.00	0.00	0.00	0.00	0.00	3live:i/3live:i	0			
pdhd	029107_9	61	0	1601	1602	2	1.18	1.78	-251.3	282.6	57.3	1.41	1.33	1	GAP-short	0	1.00	0.00	1.00	0.00	0.00	0.00	0.00	0.00	3live:i/3live:i	0			
pdhd	029107_9	62	0	1627	1635	9	5.88	5.16	-7.7	481.2	28.9	2.79	3.80	2	GAP-short	0	0.50	0.00	0.50	0.00	0.00	0.22	0.00	0.11	3live:i/1blank:i/3live:i/3live:i/3live:t	0			
