root	plane	slice	t_ns	adv	thresh	q-3	q-2	q-1	q+0	q+1	q+2	q+3
work/039252_16_d42fit/tracking-stm.root	0	763	819131	0.0504959	291.27	0	0	0	29874	176	0	0
work/039252_16_d42fit/tracking-stm.root	0	764	822467	0.0525725	291.27	0	0	0	31591	0	0	0
work/039252_16_d42fit/tracking-stm.root	0	765	822467	0.0525725	291.27	0	0	0	32878	211	0	0
work/039252_16_d42fit/tracking-stm.root	0	766	825803	0.126494	291.27	0	0	0	34716	0	0	0
work/039252_16_d42fit/tracking-stm.root	0	769	832461	0.0305894	254.904	0	0	33653	0	0	0	0
work/039252_16_d42fit/tracking-stm.root	0	773	840269	0.0673843	291.27	0	0	2139	33744	0	0	0
work/039252_16_d42fit/tracking-stm.root	0	774	842585	0.0876732	291.27	0	0	1569	34872	0	0	0
work/039252_16_d42fit/tracking-stm.root	0	775	842585	0.0876732	291.27	0	0	4563	46845	0	0	0
work/039252_16_d42fit/tracking-stm.root	0	776	844902	0.247543	291.27	2299	0	15227	44823	0	0	0
work/039252_16_d42fit/tracking-stm.root	0	779	852030	0.0213978	285.108	0	0	7793	19792	13641	21001	0
work/039252_16_d42fit/tracking-stm.root	0	783	859253	0.220595	306.726	0	0	1868	72683	23638	0	0
work/039252_16_d42fit/tracking-stm.root	0	785	863691	0.0331176	306.726	0	912	0	7143	13377	0	0
work/039252_16_d42fit/tracking-stm.root	0	786	865323	0.216044	291.27	921	0	0	15761	0	0	0
work/039252_16_d42fit/tracking-stm.root	0	788	869239	0.0634727	291.27	2178	1129	0	29236	0	0	0
work/039252_16_d42fit/tracking-stm.root	0	790	873604	0.0112707	291.27	0	31570	8486	15967	0	0	0
work/039252_16_d42fit/tracking-stm.root	0	792	877285	0.147124	291.27	0	4724	1947	14999	0	0	0
work/039252_16_d42fit/tracking-stm.root	0	794	880750	0.129814	291.27	0	0	0	28211	7229	0	0
work/039252_16_d42fit/tracking-stm.root	0	795	883526	0.0126328	291.27	0	0	0	26698	16145	0	0
work/039252_16_d42fit/tracking-stm.root	0	797	888001	0.124796	291.27	0	0	0	13487	3042	0	0
work/039252_16_d42fit/tracking-stm.root	0	799	891446	0.0107999	291.27	0	0	699	14378	50	0	0
work/039252_16_d42fit/tracking-stm.root	0	800	894367	0.0347153	291.27	0	0	308	10916	0	0	0
work/039252_16_d42fit/tracking-stm.root	0	801	894367	0.0347153	291.27	0	0	10	10727	0	0	0
work/039252_16_d42fit/tracking-stm.root	0	802	897288	0.00615199	291.27	0	0	736	10277	195	0	0
work/039252_16_d42fit/tracking-stm.root	0	803	900340	0.0211865	291.27	0	0	58	6435	1246	0	0
work/039252_16_d42fit/tracking-stm.root	0	804	900340	0.0211865	291.27	0	0	183	7371	1286	0	0
work/039252_16_d42fit/tracking-stm.root	0	805	903392	0.0152357	291.27	0	0	303	10380	289	0	0
work/039252_16_d42fit/tracking-stm.root	0	806	906230	0.00883752	291.27	0	0	180	10570	0	0	0
work/039252_16_d42fit/tracking-stm.root	0	808	909068	0.00393721	291.27	0	120	3523	19994	0	0	0
work/039252_16_d42fit/tracking-stm.root	0	809	912275	0.0187608	291.27	0	345	4813	23463	0	0	0
work/039252_16_d42fit/tracking-stm.root	0	811	916121	0.00652888	291.27	0	211	7494	31059	0	0	0
work/039252_16_d42fit/tracking-stm.root	0	812	918588	0.0698371	291.27	0	469	8690	42179	0	0	0
work/039252_16_d42fit/tracking-stm.root	0	813	918588	0.0698371	291.27	0	338	9780	57326	0	0	0
work/039252_16_d42fit/tracking-stm.root	0	814	921054	0.064068	291.27	0	0	11327	45317	0	0	0
work/039252_16_d42fit/tracking-stm.root	0	815	923520	0.144168	291.27	0	0	11523	25794	0	0	0
work/039252_16_d42fit/tracking-stm.root	0	817	927916	0.131445	306.726	0	0	0	23777	13502	0	0
work/039252_16_d42fit/tracking-stm.root	0	818	930559	0.0463181	306.726	0	0	0	38925	12562	0	0
work/039252_16_d42fit/tracking-stm.root	0	819	930559	0.0463181	306.726	0	0	3179	44808	7744	987	0
work/039252_16_d42fit/tracking-stm.root	0	820	933777	0.0175121	306.726	0	0	19521	44566	6239	149	0
work/039252_16_d42fit/tracking-stm.root	0	821	936104	0.192623	306.726	0	0	39181	39101	3520	0	0
work/039252_16_d42fit/tracking-stm.root	0	822	938432	0.192623	306.726	0	0	32056	31603	410	0	0
work/039252_16_d42fit/tracking-stm.root	0	823	938432	0.192623	306.726	0	0	20692	26465	290	467	0
work/039252_16_d42fit/tracking-stm.root	0	824	940760	0.0530579	306.726	0	0	21919	25302	1796	312	0
work/039252_16_d42fit/tracking-stm.root	0	825	943068	0.0877497	306.726	0	0	11724	13626	430	0	0
work/039252_16_d42fit/tracking-stm.root	0	826	945375	0.0877497	306.726	0	0	2570	1940	64	349	26
work/039252_16_d42fit/tracking-stm.root	0	829	950538	0.201404	291.27	0	0	1646	13889	0	6041	0
work/039252_16_d42fit/tracking-stm.root	0	830	953220	0.0149325	291.27	0	0	928	9421	0	660	0
work/039252_16_d42fit/tracking-stm.root	0	834	962039	0.139477	285.108	10475	3094	474	0	778	2411	0
work/039252_16_d42fit/tracking-stm.root	0	838	970041	0.012274	306.726	0	1024	0	1616	5163	171	0
work/039252_16_d42fit/tracking-stm.root	0	840	973655	0.0209119	291.27	2265	0	229	3141	0	0	0
work/039252_16_d42fit/tracking-stm.root	0	841	976312	0.0905277	306.726	2641	2274	0	0	1171	0	0
work/039252_16_d42fit/tracking-stm.root	0	843	978851	0.0704997	291.27	0	0	0	524	0	0	0
work/039252_16_d42fit/tracking-stm.root	0	844	981390	0.0301233	291.27	0	0	0	4793	0	0	0
work/039252_16_d42fit/tracking-stm.root	0	845	984004	0.00910072	291.27	0	0	0	3177	0	0	0
work/039252_16_d42fit/tracking-stm.root	0	848	989408	0.008098	291.27	0	0	0	39	0	0	0
work/039252_16_d42fit/tracking-stm.root	0	849	992198	0.0111271	291.27	0	144	0	788	0	0	0
work/039252_16_d42fit/tracking-stm.root	0	851	994870	0.0312025	291.27	0	0	4263	8781	0	0	0
work/039252_16_d42fit/tracking-stm.root	0	852	997541	0.0898475	291.27	0	0	11606	13100	0	0	0
work/039252_16_d42fit/tracking-stm.root	0	854	1.00114e+06	0.0156168	306.726	0	0	940	16349	4400	0	0
work/039252_16_d42fit/tracking-stm.root	0	855	1.00405e+06	0.00257184	291.27	2265	16542	17634	2768	0	0	0
work/039252_16_d42fit/tracking-stm.root	0	857	1.00783e+06	0.0958593	306.726	0	263	18982	4447	0	0	0
work/039252_16_d42fit/tracking-stm.root	0	859	1.01154e+06	0.140813	291.27	0	47	0	31	0	0	0
work/039252_16_d42fit/tracking-stm.root	0	860	1.01395e+06	0.174559	291.27	0	26	0	0	0	0	0
work/039252_16_d42fit/tracking-stm.root	0	940	1.17277e+06	0.0406661	306.726	0	0	3668	9248	0	0	0
work/039252_16_d42fit/tracking-stm.root	0	942	1.17705e+06	0.0489675	306.726	0	0	1616	412	0	0	0
work/039252_16_d42fit/tracking-stm.root	0	943	1.18032e+06	0.0712343	285.108	0	0	0	6784	3788	0	0
work/039252_16_d42fit/tracking-stm.root	0	967	1.22821e+06	0.144435	306.726	0	0	4551	1858	0	0	0
work/039252_16_d42fit/tracking-stm.root	0	969	1.23102e+06	0.00995606	306.726	0	0	4633	4419	0	0	0
work/039252_16_d42fit/tracking-stm.root	0	970	1.23383e+06	0.00995606	306.726	0	0	7595	6433	0	0	0
work/039252_16_d42fit/tracking-stm.root	0	971	1.23664e+06	0.00995606	306.726	0	0	4230	4403	0	0	0
work/039252_16_d42fit/tracking-stm.root	0	978	1.25013e+06	0.0638585	285.108	0	0	0	854	3750	0	0
work/039252_16_d42fit/tracking-stm.root	0	979	1.25231e+06	0.0157243	285.108	0	0	0	4326	3283	0	0
work/039252_16_d42fit/tracking-stm.root	0	982	1.25708e+06	0.0883926	285.108	0	0	0	6307	4142	0	0
work/039252_16_d42fit/tracking-stm.root	0	983	1.26049e+06	0.0654827	306.726	0	0	1070	515	0	0	0
work/039252_16_d42fit/tracking-stm.root	0	991	1.27542e+06	0.120439	285.108	19395	0	0	0	0	0	0
work/039252_16_d42fit/tracking-stm.root	0	995	1.28311e+06	0.0193169	239.187	0	1622	18220	0	0	0	0
work/039252_16_d42fit/tracking-stm.root	0	997	1.28759e+06	0.0296663	285.108	0	13996	3999	0	0	0	0
work/039252_16_d42fit/tracking-stm.root	0	999	1.29179e+06	0.06958	285.108	82	3386	17404	0	0	1250	0
work/039252_16_d42fit/tracking-stm.root	0	1001	1.29493e+06	0.0417874	285.108	0	0	23104	7334	7299	179	0
work/039252_16_d42fit/tracking-stm.root	0	1002	1.29706e+06	0.131475	285.108	0	0	14746	9249	6703	78	0
work/039252_16_d42fit/tracking-stm.root	0	1003	1.2992e+06	0.124167	285.108	0	0	8302	9640	1468	0	0
work/039252_16_d42fit/tracking-stm.root	0	1004	1.30206e+06	0.118702	285.108	0	0	4477	15332	2416	785	0
work/039252_16_d42fit/tracking-stm.root	0	1006	1.30492e+06	0.148061	285.108	0	0	0	16045	2381	0	0
work/039252_16_d42fit/tracking-stm.root	0	1008	1.30874e+06	0.0974685	306.726	0	0	9396	18035	0	0	0
work/039252_16_d42fit/tracking-stm.root	0	1009	1.31239e+06	0.0354655	306.726	0	117	4748	23085	0	0	0
work/039252_16_d42fit/tracking-stm.root	0	1010	1.31239e+06	0.0354655	306.726	0	40	499	20878	0	0	0
work/039252_16_d42fit/tracking-stm.root	0	1011	1.31613e+06	0.216702	285.108	0	0	0	0	18789	1155	0
work/039252_16_d42fit/tracking-stm.root	0	1014	1.32091e+06	0.210756	291.27	0	0	7063	20184	135	224	0
work/039252_16_d42fit/tracking-stm.root	0	1016	1.32572e+06	0.0862317	291.27	0	61	341	56101	10979	405	0
work/039252_16_d42fit/tracking-stm.root	0	1018	1.32954e+06	0.0544054	291.27	0	1600	0	16410	11665	20	0
work/039252_16_d42fit/tracking-stm.root	0	1019	1.33254e+06	0.214098	291.27	0	283	0	5913	13695	4	0
work/039252_16_d42fit/tracking-stm.root	0	1020	1.33254e+06	0.214098	291.27	0	0	0	2550	16259	541	0
work/039252_16_d42fit/tracking-stm.root	0	1026	1.34554e+06	0.0437245	246.288	1589	0	0	23716	0	401	0
work/039252_16_d42fit/tracking-stm.root	0	1027	1.34779e+06	0.126485	246.288	1570	189	0	27450	1537	1721	0
work/039252_16_d42fit/tracking-stm.root	0	1028	1.35004e+06	0.0758908	246.288	229	0	648	31869	7803	580	0
work/039252_16_d42fit/tracking-stm.root	0	1039	1.37169e+06	0.0649039	306.726	0	0	0	2518	0	0	0
work/039252_16_d42fit/tracking-stm.root	0	1040	1.37471e+06	0.0762404	306.726	0	0	0	7581	0	0	0
work/039252_16_d42fit/tracking-stm.root	0	1041	1.37471e+06	0.0762404	306.726	0	0	0	16543	0	0	0
work/039252_16_d42fit/tracking-stm.root	0	1042	1.37756e+06	0.000515869	306.726	0	0	0	13777	0	0	0
work/039252_16_d42fit/tracking-stm.root	0	1052	1.39665e+06	0.0120908	306.726	0	0	0	19072	0	0	0
work/039252_16_d42fit/tracking-stm.root	0	1059	1.41049e+06	0.0436782	306.726	0	0	377	0	0	0	0
work/039252_16_d42fit/tracking-stm.root	0	1060	1.41316e+06	0.0681199	306.726	0	0	2698	0	0	0	0
work/039252_16_d42fit/tracking-stm.root	0	1061	1.41653e+06	0.00178111	306.726	0	0	2288	0	0	0	0
work/039252_16_d42fit/tracking-stm.root	0	1062	1.41653e+06	0.00178111	306.726	0	0	160	0	0	0	0
work/039252_16_d42fit/tracking-stm.root	0	1070	1.43371e+06	0.208998	291.27	0	0	1990	1561	615	0	0
work/039252_16_d42fit/tracking-stm.root	0	1072	1.43792e+06	0.041639	306.726	0	0	0	5010	6403	1366	0
work/039252_16_d42fit/tracking-stm.root	0	1073	1.43983e+06	0.0945604	291.27	0	0	4386	6759	1029	0	0
work/039252_16_d42fit/tracking-stm.root	0	1075	1.44448e+06	0.0981496	291.27	0	0	0	595	1435	0	0
work/039252_16_d42fit/tracking-stm.root	0	1076	1.44448e+06	0.0981496	291.27	0	0	0	3117	1151	0	0
work/039252_16_d42fit/tracking-stm.root	0	1077	1.44712e+06	0.14909	291.27	0	0	0	4749	131	0	0
work/039252_16_d42fit/tracking-stm.root	0	1078	1.44891e+06	0.0998422	291.27	0	0	0	3781	34	0	0
work/039252_16_d42fit/tracking-stm.root	0	1080	1.4534e+06	0.0563883	291.27	0	0	2021	9937	368	0	0
work/039252_16_d42fit/tracking-stm.root	0	1082	1.45756e+06	0.0584624	291.27	0	0	0	6925	201	0	0
work/039252_16_d42fit/tracking-stm.root	0	1083	1.46043e+06	0.0506725	291.27	0	0	0	12169	107	0	0
work/039252_16_d42fit/tracking-stm.root	0	1084	1.46043e+06	0.0506725	291.27	0	0	0	20772	512	0	0
work/039252_16_d42fit/tracking-stm.root	0	1085	1.4633e+06	0.0382523	291.27	0	0	0	16659	87	0	0
work/039252_16_d42fit/tracking-stm.root	0	1087	1.46677e+06	0.0279756	291.27	0	0	12	9146	0	0	0
work/039252_16_d42fit/tracking-stm.root	0	1088	1.47024e+06	0.0484169	291.27	0	0	0	8214	248	0	0
work/039252_16_d42fit/tracking-stm.root	0	1090	1.47471e+06	0.00145603	291.27	0	0	0	8817	0	0	0
work/039252_16_d42fit/tracking-stm.root	0	1091	1.47471e+06	0.00145603	291.27	0	0	20	9018	744	0	0
work/039252_16_d42fit/tracking-stm.root	0	1092	1.47818e+06	0.00979464	291.27	0	0	87	9923	611	0	0
work/039252_16_d42fit/tracking-stm.root	0	1094	1.48228e+06	0.02179	291.27	0	0	0	19879	1206	0	0
work/039252_16_d42fit/tracking-stm.root	0	1096	1.48544e+06	0.0725777	291.27	0	0	0	27908	0	0	0
work/039252_16_d42fit/tracking-stm.root	0	1097	1.48823e+06	0.126689	291.27	0	0	17	29108	0	0	0
work/039252_16_d42fit/tracking-stm.root	0	1101	1.49516e+06	0.0153131	306.726	0	0	0	4396	22240	25	0
work/039252_16_d42fit/tracking-stm.root	0	1104	1.50214e+06	0.17598	254.904	11974	16354	14027	2624	0	0	0
work/039252_16_d42fit/tracking-stm.root	0	1105	1.50419e+06	0.0222947	291.27	0	16927	8524	13055	5299	0	0
work/039252_16_d42fit/tracking-stm.root	0	1107	1.50721e+06	0.0642912	291.27	0	1413	0	15394	7581	0	0
work/039252_16_d42fit/tracking-stm.root	0	1108	1.50949e+06	0.0605283	291.27	0	3	0	14545	8095	0	0
work/039252_16_d42fit/tracking-stm.root	0	1109	1.51177e+06	0.136895	291.27	0	0	0	10941	7901	75	0
work/039252_16_d42fit/tracking-stm.root	0	1110	1.51405e+06	0.0724248	291.27	0	0	0	8861	8944	0	0
work/039252_16_d42fit/tracking-stm.root	0	1112	1.51803e+06	0.0631545	254.904	0	0	6237	11210	0	0	0
work/039252_16_d42fit/tracking-stm.root	0	1114	1.52183e+06	0.0986415	254.904	0	0	3359	14527	0	0	0
work/039252_16_d42fit/tracking-stm.root	0	1116	1.52549e+06	0.0138199	254.904	0	0	1319	17572	0	0	0
work/039252_16_d42fit/tracking-stm.root	0	1117	1.52803e+06	0.02871	254.904	0	0	688	18484	0	0	0
work/039252_16_d42fit/tracking-stm.root	0	1118	1.53054e+06	0.119915	254.904	0	0	23	19345	0	0	0
work/039252_16_d42fit/tracking-stm.root	0	1119	1.53054e+06	0.119915	254.904	0	0	29	19029	0	0	0
work/039252_16_d42fit/tracking-stm.root	0	1121	1.53522e+06	0.0285296	291.27	0	0	0	0	20365	0	0
work/039252_16_d42fit/tracking-stm.root	0	1123	1.54041e+06	0.171825	254.904	0	0	0	21020	0	0	0
work/039252_16_d42fit/tracking-stm.root	0	1124	1.54041e+06	0.171825	254.904	0	0	0	20498	0	31	0
work/039252_16_d42fit/tracking-stm.root	0	1125	1.5438e+06	0.111818	254.904	0	0	0	20788	0	262	0
work/039252_16_d42fit/tracking-stm.root	0	1131	1.55492e+06	0.0655613	254.904	0	0	0	15441	3721	0	0
work/039252_16_d42fit/tracking-stm.root	0	1132	1.55828e+06	0.0758135	254.904	0	0	0	13736	4344	0	0
work/039252_16_d42fit/tracking-stm.root	0	1134	1.56113e+06	0.10481	246.288	0	0	9884	7586	0	0	0
work/039252_16_d42fit/tracking-stm.root	0	1135	1.56397e+06	0.0153287	246.288	0	0	9056	7619	0	0	0
work/039252_16_d42fit/tracking-stm.root	0	1137	1.568e+06	0.0340581	246.288	0	0	6570	10021	0	0	0
work/039252_16_d42fit/tracking-stm.root	0	1139	1.57134e+06	0.0911459	246.288	0	0	5848	10427	0	0	0
work/039252_16_d42fit/tracking-stm.root	0	1141	1.57506e+06	0.0374142	246.288	0	465	3635	13867	0	0	0
work/039252_16_d42fit/tracking-stm.root	0	1143	1.57982e+06	0.00891845	246.288	0	207	2245	19520	0	0	0
work/039252_16_d42fit/tracking-stm.root	0	1145	1.5843e+06	0.013615	246.288	0	0	1482	17433	0	0	0
work/039252_16_d42fit/tracking-stm.root	0	1147	1.58694e+06	0.104615	246.288	0	0	0	26196	0	0	0
work/039252_16_d42fit/tracking-stm.root	0	1148	1.58927e+06	0.0779851	246.288	0	0	0	21378	1137	0	0
work/039252_16_d42fit/tracking-stm.root	0	1150	1.59411e+06	0.0361673	246.288	0	0	67	13359	3924	0	0
work/039252_16_d42fit/tracking-stm.root	0	1152	1.59727e+06	0.0381243	246.288	0	0	296	11849	5828	0	0
work/039252_16_d42fit/tracking-stm.root	0	1153	1.60005e+06	0.0318495	246.288	0	0	0	8512	6979	0	0
work/039252_16_d42fit/tracking-stm.root	0	1155	1.60394e+06	0.0555109	246.288	0	0	271	8814	11472	0	0
work/039252_16_d42fit/tracking-stm.root	0	1157	1.60685e+06	0.0577488	258.388	0	535	9097	18002	0	0	0
work/039252_16_d42fit/tracking-stm.root	0	1159	1.61141e+06	0.0956473	258.388	0	0	5588	15670	0	0	0
work/039252_16_d42fit/tracking-stm.root	0	1163	1.61896e+06	0.0224752	273.839	13	2230	20060	0	0	0	0
work/039252_16_d42fit/tracking-stm.root	0	1166	1.62588e+06	0.142945	258.388	0	0	468	22839	0	0	0
work/039252_16_d42fit/tracking-stm.root	0	1168	1.6289e+06	0.0171021	258.388	0	1	130	23897	0	0	0
work/039252_16_d42fit/tracking-stm.root	0	1169	1.63152e+06	0.0200627	258.388	0	243	0	20459	0	0	0
work/039252_16_d42fit/tracking-stm.root	0	1170	1.63425e+06	0.220168	258.388	0	0	0	20102	350	0	0
work/039252_16_d42fit/tracking-stm.root	0	1173	1.63876e+06	0.0817995	246.288	0	0	0	0	17098	2933	0
work/039252_16_d42fit/tracking-stm.root	0	1174	1.6415e+06	0.112802	258.388	0	0	0	14436	4720	0	0
work/039252_16_d42fit/tracking-stm.root	0	1178	1.64952e+06	0.144599	273.839	0	0	9382	10673	0	0	0
work/039252_16_d42fit/tracking-stm.root	0	1179	1.65237e+06	0.0590241	273.839	0	69	7604	12515	0	0	0
work/039252_16_d42fit/tracking-stm.root	0	1180	1.65237e+06	0.0590241	273.839	0	82	6389	12301	0	0	0
work/039252_16_d42fit/tracking-stm.root	0	1181	1.6561e+06	0.0366291	273.839	0	5	6355	14364	0	0	0
work/039252_16_d42fit/tracking-stm.root	0	1183	1.65977e+06	0.0509358	273.839	0	0	4614	18188	0	0	0
work/039252_16_d42fit/tracking-stm.root	0	1184	1.66257e+06	0.0675259	273.839	0	0	2674	18859	0	0	0
work/039252_16_d42fit/tracking-stm.root	0	1185	1.66257e+06	0.0675259	273.839	0	0	2945	18962	0	0	0
work/039252_16_d42fit/tracking-stm.root	0	1186	1.66662e+06	0.00430349	273.839	0	0	2664	18475	0	0	0
work/039252_16_d42fit/tracking-stm.root	0	1187	1.66662e+06	0.00430349	273.839	0	0	391	18750	0	0	0
work/039252_16_d42fit/tracking-stm.root	0	1189	1.67101e+06	0.0198131	273.839	0	0	654	20098	0	0	0
work/039252_16_d42fit/tracking-stm.root	0	1190	1.67352e+06	0.0635622	273.839	0	0	195	18292	0	0	0
work/039252_16_d42fit/tracking-stm.root	0	1191	1.67635e+06	0.0719799	273.839	0	0	0	18108	200	0	0
work/039252_16_d42fit/tracking-stm.root	0	1192	1.67635e+06	0.0719799	273.839	0	0	0	16899	1299	0	0
work/039252_16_d42fit/tracking-stm.root	0	1193	1.67907e+06	0.0678207	273.839	0	0	0	16091	2137	0	0
work/039252_16_d42fit/tracking-stm.root	0	1194	1.6823e+06	0.0373216	273.839	0	0	0	13847	2616	0	0
work/039252_16_d42fit/tracking-stm.root	0	1196	1.68535e+06	0.0725757	273.839	0	0	583	11314	7774	30	0
work/039252_16_d42fit/tracking-stm.root	0	1198	1.68941e+06	0.135926	256.212	0	272	8624	14344	2063	0	0
work/039252_16_d42fit/tracking-stm.root	0	1199	1.69218e+06	0.0537642	256.212	0	864	8073	24142	1468	0	0
work/039252_16_d42fit/tracking-stm.root	0	1201	1.69578e+06	0.018297	256.212	0	0	5701	12176	0	0	0
work/039252_16_d42fit/tracking-stm.root	0	1203	1.69925e+06	0.0435649	256.212	0	135	3727	21938	42	0	0
work/039252_16_d42fit/tracking-stm.root	0	1204	1.70272e+06	0.0146463	256.212	0	85	3283	31011	73	0	0
work/039252_16_d42fit/tracking-stm.root	0	1205	1.70272e+06	0.0146463	256.212	0	5	4240	33979	0	0	0
work/039252_16_d42fit/tracking-stm.root	0	1206	1.70613e+06	0.00884681	256.212	0	48	4691	40333	0	0	0
work/039252_16_d42fit/tracking-stm.root	0	1208	1.70972e+06	0.00864157	256.212	0	162	6122	37707	266	0	0
work/039252_16_d42fit/tracking-stm.root	0	1209	1.71247e+06	0.00950006	256.212	0	0	6620	32337	1256	0	0
work/039252_16_d42fit/tracking-stm.root	0	1210	1.71247e+06	0.00950006	256.212	0	0	8100	35947	1968	0	0
work/039252_16_d42fit/tracking-stm.root	0	1211	1.71533e+06	0.0619955	256.212	0	0	2278	40754	3309	0	0
work/039252_16_d42fit/tracking-stm.root	0	1212	1.718e+06	0.0104575	256.212	0	0	918	50956	4757	0	0
work/039252_16_d42fit/tracking-stm.root	0	1213	1.72039e+06	0.0275496	256.212	0	0	2946	55918	5972	0	0
work/039252_16_d42fit/tracking-stm.root	0	1214	1.72039e+06	0.0275496	256.212	0	0	529	31003	6192	0	0
work/039252_16_d42fit/tracking-stm.root	0	1215	1.72381e+06	0.109128	256.212	0	0	0	14229	7604	0	0
work/039252_16_d42fit/tracking-stm.root	0	1217	1.72767e+06	0.0906499	256.212	0	0	0	9705	14818	0	0
work/039252_16_d42fit/tracking-stm.root	0	1219	1.73154e+06	0.0480504	253.943	0	0	7391	17899	0	0	0
work/039252_16_d42fit/tracking-stm.root	0	1220	1.73431e+06	0.0112768	253.943	0	222	5524	17163	0	0	0
work/039252_16_d42fit/tracking-stm.root	0	1222	1.73709e+06	0.0621325	253.943	0	13942	13976	21203	0	0	0
work/039252_16_d42fit/tracking-stm.root	0	1223	1.73986e+06	0.10317	253.943	0	16406	13406	25068	0	0	0
work/039252_16_d42fit/tracking-stm.root	0	1224	1.74262e+06	0.0704825	253.943	0	6790	6300	22533	0	0	0
work/039252_16_d42fit/tracking-stm.root	0	1225	1.74262e+06	0.0704825	253.943	0	1588	1862	20367	0	0	0
work/039252_16_d42fit/tracking-stm.root	0	1226	1.74538e+06	0.0979624	253.943	0	64	358	20880	0	0	0
work/039252_16_d42fit/tracking-stm.root	0	1227	1.7484e+06	0.0323477	253.943	0	0	0	23246	0	0	0
work/039252_16_d42fit/tracking-stm.root	0	1228	1.7484e+06	0.0323477	253.943	0	0	0	23961	0	0	0
work/039252_16_d42fit/tracking-stm.root	0	1229	1.75216e+06	0.0562803	253.943	0	0	0	22726	0	0	0
work/039252_16_d42fit/tracking-stm.root	0	1231	1.75493e+06	0.0624417	253.943	0	0	0	18520	0	469	0
work/039252_16_d42fit/tracking-stm.root	0	1232	1.75857e+06	0.00134214	253.943	0	0	0	17958	143	449	0
work/039252_16_d42fit/tracking-stm.root	0	1233	1.75857e+06	0.00134214	253.943	0	0	0	18739	1061	57	0
work/039252_16_d42fit/tracking-stm.root	0	1234	1.76134e+06	0.04638	253.943	0	0	0	22233	2659	0	0
work/039252_16_d42fit/tracking-stm.root	0	1235	1.76411e+06	0.00905265	253.943	0	0	0	21656	5164	0	0
work/039252_16_d42fit/tracking-stm.root	0	1237	1.76735e+06	0.0884784	253.943	0	0	0	18681	10714	0	0
work/039252_16_d42fit/tracking-stm.root	0	1238	1.77026e+06	0.145691	249.807	0	0	13919	10054	0	0	0
work/039252_16_d42fit/tracking-stm.root	0	1240	1.77298e+06	0.033981	249.807	0	0	10181	10248	0	0	0
work/039252_16_d42fit/tracking-stm.root	0	1241	1.77569e+06	0.00014083	249.807	0	0	8781	10247	0	0	0
work/039252_16_d42fit/tracking-stm.root	0	1243	1.77901e+06	0.0280343	249.807	0	0	7470	18204	0	0	0
work/039252_16_d42fit/tracking-stm.root	0	1244	1.78233e+06	0.0489424	249.807	0	0	6547	20106	0	0	0
work/039252_16_d42fit/tracking-stm.root	0	1246	1.78565e+06	0.0698514	253.943	0	0	70	1522	19462	0	0
work/039252_16_d42fit/tracking-stm.root	0	1250	1.7928e+06	0.0900982	249.807	0	0	1377	19800	125	0	0
work/039252_16_d42fit/tracking-stm.root	0	1251	1.79629e+06	0.077459	249.807	0	0	1048	16129	365	0	0
work/039252_16_d42fit/tracking-stm.root	0	1253	1.79979e+06	0.114663	249.807	0	0	697	12363	3325	0	0
work/039252_16_d42fit/tracking-stm.root	0	1254	1.80265e+06	0.0642389	249.807	0	0	302	13108	3823	0	0
work/039252_16_d42fit/tracking-stm.root	0	1255	1.80265e+06	0.0642389	249.807	0	0	0	12051	4883	0	0
work/039252_16_d42fit/tracking-stm.root	0	1257	1.80727e+06	0.0295951	249.807	0	0	0	10551	6794	0	0
work/039252_16_d42fit/tracking-stm.root	0	1259	1.81164e+06	0.0852805	232.617	0	0	8696	9531	0	0	0
work/039252_16_d42fit/tracking-stm.root	0	1260	1.81467e+06	0.110836	232.617	0	0	6516	10243	0	0	0
work/039252_16_d42fit/tracking-stm.root	0	1261	1.81467e+06	0.110836	232.617	0	0	5469	11207	0	0	0
work/039252_16_d42fit/tracking-stm.root	0	1262	1.8178e+06	0.0854251	232.617	0	0	3895	13164	0	0	0
work/039252_16_d42fit/tracking-stm.root	0	1263	1.82019e+06	0.0162734	232.617	0	0	3836	16753	0	0	0
work/039252_16_d42fit/tracking-stm.root	0	1265	1.82309e+06	0.00498645	232.617	0	516	426	15155	0	0	0
work/039252_16_d42fit/tracking-stm.root	0	1266	1.82607e+06	0.040236	232.617	0	977	1019	16609	0	0	0
work/039252_16_d42fit/tracking-stm.root	0	1268	1.82904e+06	0.00455554	232.617	0	0	231	15647	0	0	0
work/039252_16_d42fit/tracking-stm.root	0	1270	1.83346e+06	0.0438835	232.617	0	0	1	17406	0	0	0
work/039252_16_d42fit/tracking-stm.root	0	1271	1.83628e+06	0.0823024	232.617	0	0	0	17239	0	0	0
work/039252_16_d42fit/tracking-stm.root	0	1273	1.83909e+06	0.0823024	232.617	0	0	0	17751	1456	1120	0
work/039252_16_d42fit/tracking-stm.root	0	1277	1.8474e+06	0.0124291	244.174	0	0	15395	6724	0	0	0
work/039252_16_d42fit/tracking-stm.root	0	1279	1.85183e+06	0.00867971	244.174	0	0	10565	8136	0	0	0
work/039252_16_d42fit/tracking-stm.root	0	1280	1.85461e+06	0.0552958	244.174	0	0	9620	10259	0	0	0
work/039252_16_d42fit/tracking-stm.root	0	1281	1.85461e+06	0.0552958	244.174	0	0	9625	14267	0	0	0
work/039252_16_d42fit/tracking-stm.root	0	1282	1.85703e+06	0.0803834	244.174	0	0	9120	13471	0	0	0
work/039252_16_d42fit/tracking-stm.root	0	1283	1.85967e+06	0.0404554	244.174	0	0	7579	12653	0	0	0
work/039252_16_d42fit/tracking-stm.root	0	1285	1.86395e+06	0.0132503	244.174	0	0	6244	20371	0	0	0
work/039252_16_d42fit/tracking-stm.root	0	1287	1.86777e+06	0.115371	244.174	0	0	3820	16996	0	0	0
work/039252_16_d42fit/tracking-stm.root	0	1288	1.86961e+06	0.154588	244.174	0	0	2610	17835	0	0	0
work/039252_16_d42fit/tracking-stm.root	0	1290	1.87341e+06	0.040725	244.174	0	0	1643	17724	393	0	0
work/039252_16_d42fit/tracking-stm.root	0	1291	1.87605e+06	0.0336447	244.174	0	0	1515	17653	6	0	0
work/039252_16_d42fit/tracking-stm.root	0	1293	1.87984e+06	0.0596019	244.174	0	0	680	18105	1232	0	0
work/039252_16_d42fit/tracking-stm.root	0	1295	1.88315e+06	0.226288	244.174	0	0	0	17673	2338	493	0
work/039252_16_d42fit/tracking-stm.root	0	1296	1.88595e+06	0.0942221	260.55	0	0	16662	3190	1926	0	0
work/039252_16_d42fit/tracking-stm.root	0	1297	1.88853e+06	0.153676	244.174	0	0	0	17128	3622	1362	0
work/039252_16_d42fit/tracking-stm.root	0	1298	1.88853e+06	0.153676	244.174	0	0	0	16952	7027	31	0
work/039252_16_d42fit/tracking-stm.root	0	1299	1.89108e+06	0.108679	244.174	0	0	0	15392	7909	0	0
work/039252_16_d42fit/tracking-stm.root	0	1300	1.89363e+06	0.0493942	260.55	0	0	13183	9329	0	0	0
work/039252_16_d42fit/tracking-stm.root	0	1302	1.89766e+06	0.0334045	260.55	0	0	10883	11294	0	0	0
work/039252_16_d42fit/tracking-stm.root	0	1304	1.90225e+06	0.0818426	260.55	0	49	7218	13398	0	0	0
work/039252_16_d42fit/tracking-stm.root	0	1306	1.90658e+06	0.0571696	260.55	0	0	7084	13993	0	0	0
work/039252_16_d42fit/tracking-stm.root	0	1307	1.90658e+06	0.0571696	260.55	0	0	6422	14840	0	0	0
work/039252_16_d42fit/tracking-stm.root	0	1308	1.90995e+06	0.0049045	260.55	0	8	5369	18396	0	0	0
work/039252_16_d42fit/tracking-stm.root	0	1309	1.91271e+06	0.0499176	260.55	0	31	4439	26584	0	0	0
work/039252_16_d42fit/tracking-stm.root	0	1310	1.91271e+06	0.0499176	260.55	0	0	3261	31211	0	0	0
work/039252_16_d42fit/tracking-stm.root	0	1311	1.91547e+06	0.0709734	260.55	0	142	1229	28331	0	190	0
work/039252_16_d42fit/tracking-stm.root	0	1312	1.91823e+06	0.0189726	260.55	0	0	884	34537	2045	26	0
work/039252_16_d42fit/tracking-stm.root	0	1314	1.92219e+06	0.0014144	260.55	0	0	0	23430	1310	0	0
work/039252_16_d42fit/tracking-stm.root	0	1316	1.92555e+06	0.0771813	260.55	0	0	0	15916	2880	0	0
work/039252_16_d42fit/tracking-stm.root	0	1317	1.92855e+06	0.0949997	260.55	0	0	0	14986	4253	0	0
work/039252_16_d42fit/tracking-stm.root	0	1318	1.92855e+06	0.0949997	260.55	0	0	0	13474	5912	0	0
work/039252_16_d42fit/tracking-stm.root	0	1319	1.93188e+06	0.0740332	260.55	0	0	0	12791	9937	0	0
work/039252_16_d42fit/tracking-stm.root	0	1320	1.93442e+06	0.0964104	253.197	0	0	13063	13128	0	0	0
work/039252_16_d42fit/tracking-stm.root	0	1321	1.93442e+06	0.0964104	253.197	0	0	12060	15078	0	0	0
work/039252_16_d42fit/tracking-stm.root	0	1322	1.93697e+06	0.118682	253.197	0	0	9968	15219	0	0	0
work/039252_16_d42fit/tracking-stm.root	0	1323	1.93939e+06	0.0917418	253.197	0	0	7926	12259	0	0	0
work/039252_16_d42fit/tracking-stm.root	0	1325	1.94301e+06	0.0581266	253.197	0	0	3788	11358	0	0	0
work/039252_16_d42fit/tracking-stm.root	0	1326	1.94663e+06	0.0224205	253.197	0	487	3002	15505	0	0	0
work/039252_16_d42fit/tracking-stm.root	0	1327	1.94663e+06	0.0224205	253.197	0	83	2340	20936	0	0	0
work/039252_16_d42fit/tracking-stm.root	0	1328	1.95008e+06	0.0227185	253.197	0	0	938	21137	0	0	0
work/039252_16_d42fit/tracking-stm.root	0	1330	1.95388e+06	0.0344694	253.197	0	0	801	19505	0	101	0
work/039252_16_d42fit/tracking-stm.root	0	1332	1.95694e+06	0.0305284	253.197	0	0	0	16410	967	0	0
work/039252_16_d42fit/tracking-stm.root	0	1333	1.95971e+06	0.0654585	253.197	0	0	0	15094	1955	0	0
work/039252_16_d42fit/tracking-stm.root	0	1334	1.96256e+06	0.218295	253.197	0	0	647	13101	4452	0	0
work/039252_16_d42fit/tracking-stm.root	0	1335	1.96256e+06	0.218295	253.197	0	0	1355	12056	6924	0	0
work/039252_16_d42fit/tracking-stm.root	0	1336	1.96579e+06	0.111142	276.661	0	151	16030	11522	0	0	0
work/039252_16_d42fit/tracking-stm.root	0	1338	1.97073e+06	0.048967	276.661	0	709	11848	18306	0	0	0
work/039252_16_d42fit/tracking-stm.root	0	1339	1.97073e+06	0.048967	276.661	0	527	4768	10760	0	0	0
work/039252_16_d42fit/tracking-stm.root	0	1340	1.97411e+06	0.0770826	276.661	0	194	1388	7453	0	0	0
work/039252_16_d42fit/tracking-stm.root	0	1342	1.9775e+06	0.100333	276.661	0	1881	0	12870	0	0	0
work/039252_16_d42fit/tracking-stm.root	0	1343	1.98017e+06	0.00134294	276.661	0	585	0	22368	0	0	0
work/039252_16_d42fit/tracking-stm.root	0	1345	1.98306e+06	0.0818057	276.661	0	2192	6196	50222	0	0	0
work/039252_16_d42fit/tracking-stm.root	0	1346	1.98673e+06	0.000719885	276.661	0	5805	24424	58938	0	0	0
work/039252_16_d42fit/tracking-stm.root	0	1347	1.98673e+06	0.000719885	276.661	0	6587	24871	38738	0	0	0
work/039252_16_d42fit/tracking-stm.root	0	1349	1.99173e+06	0.0848676	276.661	0	819	112	18631	920	0	0
work/039252_16_d42fit/tracking-stm.root	0	1350	1.99425e+06	0.137691	276.661	0	10	0	18871	1997	0	0
work/039252_16_d42fit/tracking-stm.root	0	1352	1.99702e+06	0.1009	276.661	0	0	0	15154	6530	0	0
work/039252_16_d42fit/tracking-stm.root	0	1353	1.99979e+06	0.0783391	263.714	0	0	10802	9360	0	0	0
work/039252_16_d42fit/tracking-stm.root	0	1354	2.00242e+06	0.054524	263.714	0	0	9841	11125	0	0	0
work/039252_16_d42fit/tracking-stm.root	0	1355	2.00242e+06	0.054524	263.714	0	0	9231	12097	0	0	0
work/039252_16_d42fit/tracking-stm.root	0	1356	2.00504e+06	0.112541	263.714	0	358	7630	14268	0	0	0
work/039252_16_d42fit/tracking-stm.root	0	1357	2.00844e+06	0.0657741	263.714	0	270	6693	20112	0	0	0
work/039252_16_d42fit/tracking-stm.root	0	1358	2.00844e+06	0.0657741	263.714	0	0	6517	24496	0	0	0
work/039252_16_d42fit/tracking-stm.root	0	1359	2.01273e+06	0.0246714	263.714	0	0	4983	23161	0	0	0
work/039252_16_d42fit/tracking-stm.root	0	1360	2.01273e+06	0.0246714	263.714	0	32	3432	21300	0	0	0
work/039252_16_d42fit/tracking-stm.root	0	1362	2.01729e+06	0.0679433	263.714	0	0	1864	17695	0	23	0
work/039252_16_d42fit/tracking-stm.root	0	1363	2.01982e+06	0.0925441	263.714	0	0	1045	21397	523	0	0
work/039252_16_d42fit/tracking-stm.root	0	1364	2.02234e+06	0.0906993	263.714	0	0	1544	20857	3099	0	0
work/039252_16_d42fit/tracking-stm.root	0	1365	2.02234e+06	0.0906993	263.714	0	0	926	15794	3456	0	0
work/039252_16_d42fit/tracking-stm.root	0	1367	2.02703e+06	0.0697141	239.884	0	1579	11444	6687	0	0	0
work/039252_16_d42fit/tracking-stm.root	0	1368	2.03037e+06	0.0873083	239.884	0	1245	9064	8638	0	0	0
work/039252_16_d42fit/tracking-stm.root	0	1369	2.03037e+06	0.0873083	239.884	0	493	7523	10063	0	0	0
work/039252_16_d42fit/tracking-stm.root	0	1370	2.03455e+06	0.0561398	239.884	0	1258	6570	12487	0	0	0
work/039252_16_d42fit/tracking-stm.root	0	1371	2.03455e+06	0.0561398	239.884	0	95	5127	14863	0	0	0
work/039252_16_d42fit/tracking-stm.root	0	1373	2.03889e+06	0.0369954	239.884	0	1808	2308	24612	0	0	0
work/039252_16_d42fit/tracking-stm.root	0	1374	2.04184e+06	0.084884	239.884	0	1450	6348	33310	0	0	0
work/039252_16_d42fit/tracking-stm.root	0	1376	2.04577e+06	0.0626567	239.884	0	0	10406	29452	0	0	0
work/039252_16_d42fit/tracking-stm.root	0	1378	2.04984e+06	0.051283	239.884	0	191	436	14289	0	0	0
work/039252_16_d42fit/tracking-stm.root	0	1380	2.05327e+06	0.0462529	239.884	0	0	6	14247	5346	0	0
work/039252_16_d42fit/tracking-stm.root	0	1381	2.0567e+06	0.142409	239.884	0	0	0	14087	8989	0	0
work/039252_16_d42fit/tracking-stm.root	0	1382	2.0567e+06	0.142409	239.884	0	0	179	12074	10521	0	0
work/039252_16_d42fit/tracking-stm.root	0	1384	2.0608e+06	0.0640595	214.921	0	1941	5978	11861	0	0	0
work/039252_16_d42fit/tracking-stm.root	0	1385	2.06351e+06	0.0197368	214.921	0	1529	5092	14441	0	0	0
work/039252_16_d42fit/tracking-stm.root	0	1386	2.06597e+06	0.0172226	214.921	0	2671	4280	17950	0	0	0
work/039252_16_d42fit/tracking-stm.root	0	1388	2.07019e+06	0.00558485	214.921	0	1395	3589	12250	1007	839	0
work/039252_16_d42fit/tracking-stm.root	0	1390	2.0735e+06	0.203598	214.921	0	3502	1421	12183	2742	1991	0
work/039252_16_d42fit/tracking-stm.root	0	1392	2.07692e+06	0.10864	232.305	4493	2376	8288	7977	3039	0	0
work/039252_16_d42fit/tracking-stm.root	0	1394	2.08195e+06	0.0374037	232.305	6117	2097	6244	14769	3751	0	0
work/039252_16_d42fit/tracking-stm.root	0	1396	2.08555e+06	0.0292679	232.305	3614	1305	1736	17858	3651	0	0
work/039252_16_d42fit/tracking-stm.root	0	1397	2.08855e+06	0.0310548	232.305	1404	979	283	19988	2400	0	0
work/039252_16_d42fit/tracking-stm.root	0	1398	2.08855e+06	0.0310548	232.305	703	80	0	17582	1740	0	0
work/039252_16_d42fit/tracking-stm.root	0	1399	2.09168e+06	0.0644588	232.305	108	0	0	13728	2738	0	0
work/039252_16_d42fit/tracking-stm.root	0	1401	2.09521e+06	0.0728135	232.305	0	0	0	4299	0	0	0
work/039252_16_d42fit/tracking-stm.root	0	1402	2.09814e+06	0.247653	232.305	0	0	155	1201	0	0	0
work/039252_16_d42fit/tracking-stm.root	0	1091	651960	0.227248	188.05	0	203	5900	5715	0	0	0
work/039252_16_d42fit/tracking-stm.root	0	1134	738135	0.106461	234.707	0	0	3052	33815	874	0	0
work/039252_16_d42fit/tracking-stm.root	0	1136	741752	0.106461	234.707	0	0	397	3902	0	0	0
work/039252_16_d42fit/tracking-stm.root	0	1138	745369	0.0265994	233.082	0	0	0	4885	6591	0	0
work/039252_16_d42fit/tracking-stm.root	0	1141	751448	0.0327097	233.082	0	0	0	4998	7591	385	0
work/039252_16_d42fit/tracking-stm.root	0	1143	755251	0.0922141	233.082	0	0	0	10266	6370	690	0
work/039252_16_d42fit/tracking-stm.root	0	1145	759669	0.0606337	233.082	0	0	0	14547	1471	195	0
work/039252_16_d42fit/tracking-stm.root	0	1147	763312	0.0263564	233.082	0	0	0	18498	343	0	0
work/039252_16_d42fit/tracking-stm.root	0	1149	767772	0.0076978	233.082	0	0	0	12117	338	0	0
work/039252_16_d42fit/tracking-stm.root	0	1151	772093	0.0413952	233.082	0	0	0	12705	43	0	0
work/039252_16_d42fit/tracking-stm.root	0	1152	772093	0.0413952	233.082	0	0	0	13640	660	0	0
work/039252_16_d42fit/tracking-stm.root	0	1154	777478	0.0352854	233.082	0	0	0	12013	2861	0	0
work/039252_16_d42fit/tracking-stm.root	0	1155	780108	0.0213585	233.082	0	0	0	11915	986	0	0
work/039252_16_d42fit/tracking-stm.root	0	1156	780108	0.0213585	233.082	0	0	0	12873	1075	0	0
work/039252_16_d42fit/tracking-stm.root	0	1157	783056	0.157876	233.082	0	0	0	13769	428	0	0
work/039252_16_d42fit/tracking-stm.root	0	1158	786004	0.241197	233.082	0	0	0	15987	156	0	160
work/039252_16_d42fit/tracking-stm.root	0	1159	786004	0.241197	233.082	0	0	0	14517	5325	0	84
work/039252_16_d42fit/tracking-stm.root	0	2159	2.0451e+06	0.182585	223.905	0	0	0	11518	18318	0	0
work/039252_16_d42fit/tracking-stm.root	0	2187	2.09881e+06	0.247518	236.843	0	0	3409	18405	0	0	0
work/039252_16_d42fit/tracking-stm.root	0	2236	2.19718e+06	0.131703	227.675	0	0	2051	25703	614	2203	0
work/039252_16_d42fit/tracking-stm.root	1	763	819131	0.212063	248.876	0	0	4595	26469	2733	13	0
work/039252_16_d42fit/tracking-stm.root	1	768	829832	0.206068	263.346	15465	5817	21562	0	515	0	0
work/039252_16_d42fit/tracking-stm.root	1	776	844902	0.188327	256.413	4980	0	22511	60651	6137	0	0
work/039252_16_d42fit/tracking-stm.root	1	779	852030	0.0155684	247.125	0	51098	17752	0	0	0	0
work/039252_16_d42fit/tracking-stm.root	1	790	873604	0.161601	253.229	0	0	0	20005	3573	20	0
work/039252_16_d42fit/tracking-stm.root	1	817	927916	0.127586	0	168	26211	20995	0	121	74	0
work/039252_16_d42fit/tracking-stm.root	1	818	930559	0.234078	249.12	0	0	31513	22443	0	1075	0
work/039252_16_d42fit/tracking-stm.root	1	819	930559	0.234078	249.12	0	0	26916	30055	0	7460	0
work/039252_16_d42fit/tracking-stm.root	1	833	959369	0.0310635	247.623	0	10445	0	427	0	0	0
work/039252_16_d42fit/tracking-stm.root	1	834	962039	0.148638	247.623	0	3936	0	2955	0	0	0
work/039252_16_d42fit/tracking-stm.root	1	873	1.03954e+06	0.218647	243.814	0	0	12641	11100	0	0	0
work/039252_16_d42fit/tracking-stm.root	1	875	1.04341e+06	0.217637	243.355	2909	18423	2500	747	0	0	0
work/039252_16_d42fit/tracking-stm.root	1	879	1.05154e+06	0.22273	237.2	4135	27830	7980	0	0	0	0
work/039252_16_d42fit/tracking-stm.root	1	881	1.05502e+06	0.101998	243.355	0	205	2100	16766	1894	64	0
work/039252_16_d42fit/tracking-stm.root	1	900	1.09258e+06	0.119525	239.647	0	1106	416	15385	434	0	0
work/039252_16_d42fit/tracking-stm.root	1	901	1.09623e+06	0.185695	239.647	0	2486	1030	13459	4519	0	0
work/039252_16_d42fit/tracking-stm.root	1	917	1.12819e+06	0.139919	258.78	0	0	294	14962	4349	0	0
work/039252_16_d42fit/tracking-stm.root	1	918	1.13058e+06	0.00203276	258.78	0	0	484	7795	10442	6	0
work/039252_16_d42fit/tracking-stm.root	1	919	1.13058e+06	0.00203276	258.78	0	0	1258	1637	17578	494	73
work/039252_16_d42fit/tracking-stm.root	1	922	1.1372e+06	0.181016	258.955	0	0	0	3873	14416	673	0
work/039252_16_d42fit/tracking-stm.root	1	933	1.15939e+06	0.170764	237.414	0	13561	2534	0	0	0	0
work/039252_16_d42fit/tracking-stm.root	1	936	1.16504e+06	0.218485	239.116	122	9860	2386	0	0	0	0
work/039252_16_d42fit/tracking-stm.root	1	937	1.16859e+06	0.232009	237.414	0	0	6245	10543	0	0	0
work/039252_16_d42fit/tracking-stm.root	1	938	1.16859e+06	0.232009	237.414	0	342	2296	20114	0	1013	0
work/039252_16_d42fit/tracking-stm.root	1	942	1.17705e+06	0.228438	235.459	1262	17013	2639	0	0	0	0
work/039252_16_d42fit/tracking-stm.root	1	982	1.25708e+06	0.119041	236.988	1427	24079	4859	0	0	0	0
work/039252_16_d42fit/tracking-stm.root	1	983	1.26049e+06	0.172675	247.392	0	502	12579	11091	0	0	0
work/039252_16_d42fit/tracking-stm.root	1	984	1.26049e+06	0.172675	247.392	0	92	4324	17310	0	0	0
work/039252_16_d42fit/tracking-stm.root	1	991	1.27542e+06	0.16572	238.039	0	654	678	16403	1068	0	0
work/039252_16_d42fit/tracking-stm.root	1	992	1.27798e+06	0.00830234	238.039	0	195	0	13485	5502	0	0
work/039252_16_d42fit/tracking-stm.root	1	993	1.28055e+06	0.00830234	238.039	0	0	0	7175	12463	0	0
work/039252_16_d42fit/tracking-stm.root	1	994	1.28055e+06	0.00830234	238.039	0	0	0	2321	19757	111	433
work/039252_16_d42fit/tracking-stm.root	1	1006	1.30492e+06	0.187869	222.2	42	9912	13027	0	0	0	0
work/039252_16_d42fit/tracking-stm.root	1	1008	1.30874e+06	0.158819	225.536	0	631	0	22342	4059	43	0
work/039252_16_d42fit/tracking-stm.root	1	1011	1.31613e+06	0.187097	228.406	595	14337	1957	0	0	0	0
work/039252_16_d42fit/tracking-stm.root	1	1012	1.31789e+06	0.19342	223.32	0	305	11396	7815	0	0	0
work/039252_16_d42fit/tracking-stm.root	1	1018	1.32954e+06	0.212569	233.55	0	439	18374	0	9885	16054	0
work/039252_16_d42fit/tracking-stm.root	1	1022	1.33846e+06	0.177874	229.232	0	0	5999	16136	35	0	0
work/039252_16_d42fit/tracking-stm.root	1	1023	1.33846e+06	0.177874	229.232	0	0	1914	23877	549	0	0
work/039252_16_d42fit/tracking-stm.root	1	1030	1.35451e+06	0.111287	231.49	5191	15737	26	38	0	0	0
work/039252_16_d42fit/tracking-stm.root	1	1031	1.35451e+06	0.111287	231.49	1398	16475	1641	19	0	0	0
work/039252_16_d42fit/tracking-stm.root	1	1050	1.39356e+06	0.209297	241.224	0	0	4128	14108	0	0	0
work/039252_16_d42fit/tracking-stm.root	1	1051	1.39665e+06	0.194664	202.806	568	16471	6326	296	0	0	0
work/039252_16_d42fit/tracking-stm.root	1	1052	1.39665e+06	0.194664	202.806	0	14234	22703	433	0	0	0
work/039252_16_d42fit/tracking-stm.root	1	1063	1.4199e+06	0.193918	205.285	0	247	7836	13662	0	214	0
work/039252_16_d42fit/tracking-stm.root	1	1068	1.43e+06	0.0488446	186.166	0	33	62	16091	2611	0	0
work/039252_16_d42fit/tracking-stm.root	1	1078	1.44891e+06	0.199161	207.878	0	14351	3253	0	0	0	0
work/039252_16_d42fit/tracking-stm.root	1	1080	1.4534e+06	0.248348	217.164	0	0	5703	18657	129	86	0
work/039252_16_d42fit/tracking-stm.root	1	1088	1.47024e+06	0.189635	205.56	544	14514	4839	570	0	0	0
work/039252_16_d42fit/tracking-stm.root	1	1090	1.47471e+06	0.22359	202.885	0	293	3218	14355	71	0	0
work/039252_16_d42fit/tracking-stm.root	1	1091	1.47471e+06	0.22359	202.885	0	783	78	16512	2384	0	0
work/039252_16_d42fit/tracking-stm.root	1	1097	1.48823e+06	0.126942	204.422	0	0	13802	23527	53	0	0
work/039252_16_d42fit/tracking-stm.root	1	1099	1.49233e+06	0.0344037	204.422	331	390	7892	17019	9092	0	0
work/039252_16_d42fit/tracking-stm.root	1	1112	1.51803e+06	0.179157	192.931	0	0	8053	10134	3	0	0
work/039252_16_d42fit/tracking-stm.root	1	1114	1.52183e+06	0.164873	0	0	14238	5375	0	0	0	0
work/039252_16_d42fit/tracking-stm.root	1	1122	1.53782e+06	0.180653	0	0	0	0	0	2653	362	0
work/039252_16_d42fit/tracking-stm.root	1	1125	1.5438e+06	0.0616945	198.363	0	0	0	12599	558	0	0
work/039252_16_d42fit/tracking-stm.root	1	1139	1.57134e+06	0.207789	0	1237	14789	0	0	0	0	0
work/039252_16_d42fit/tracking-stm.root	1	1141	1.57506e+06	0.166674	0	0	0	8351	0	0	0	0
work/039252_16_d42fit/tracking-stm.root	1	1143	1.57982e+06	0.152035	192.237	1544	0	0	0	22	0	0
work/039252_16_d42fit/tracking-stm.root	1	1148	1.58927e+06	0.236261	192.237	0	0	0	21620	108	0	0
work/039252_16_d42fit/tracking-stm.root	1	1150	1.59411e+06	0.225158	192.895	0	0	10427	9750	555	20	0
work/039252_16_d42fit/tracking-stm.root	1	1157	1.60685e+06	0.216021	222.294	0	0	9519	17159	33	100	0
work/039252_16_d42fit/tracking-stm.root	1	1159	1.61141e+06	0.182878	224.828	200	16119	4312	0	6	0	20969
work/039252_16_d42fit/tracking-stm.root	1	1160	1.61442e+06	0.172009	208.68	0	0	10315	11441	0	0	0
work/039252_16_d42fit/tracking-stm.root	1	1164	1.62225e+06	0.0379177	219.398	4067	15482	0	13768	2988	0	0
work/039252_16_d42fit/tracking-stm.root	1	1166	1.62588e+06	0.160702	219.398	462	12689	8274	5385	0	178	0
work/039252_16_d42fit/tracking-stm.root	1	1170	1.63425e+06	0.0382788	218.121	0	21595	4752	403	579	0	0
work/039252_16_d42fit/tracking-stm.root	1	1177	1.64649e+06	0.152851	226.897	0	5825	15795	106	22	0	0
work/039252_16_d42fit/tracking-stm.root	1	1181	1.6561e+06	0.242	225.487	1590	17580	1675	0	0	0	0
work/039252_16_d42fit/tracking-stm.root	1	1198	1.68941e+06	0.164509	223.705	37	19116	5999	852	0	0	0
work/039252_16_d42fit/tracking-stm.root	1	1220	1.73431e+06	0.221204	225.054	0	10908	10926	182	1207	623	1181
work/039252_16_d42fit/tracking-stm.root	1	1241	1.77569e+06	0.233043	237.502	0	0	9264	11780	68	226	0
work/039252_16_d42fit/tracking-stm.root	1	1250	1.7928e+06	0.248814	227.806	257	22252	4422	80	0	0	0
work/039252_16_d42fit/tracking-stm.root	1	1251	1.79629e+06	0.231167	246.667	0	0	15586	9635	0	0	0
work/039252_16_d42fit/tracking-stm.root	1	1257	1.80727e+06	0.186496	227.806	0	101	1274	17860	2160	770	0
work/039252_16_d42fit/tracking-stm.root	1	1274	1.8419e+06	0.14095	230.017	4307	16658	729	0	0	0	0
work/039252_16_d42fit/tracking-stm.root	1	1275	1.84341e+06	0.108223	246.426	0	237	0	23651	2447	0	0
work/039252_16_d42fit/tracking-stm.root	1	1277	1.8474e+06	0.201274	230.017	87	9569	14466	0	0	0	0
work/039252_16_d42fit/tracking-stm.root	1	1279	1.85183e+06	0.226428	235.325	0	182	0	16081	3128	0	0
work/039252_16_d42fit/tracking-stm.root	1	1288	1.86961e+06	0.227574	228.8	0	0	7020	13644	0	0	0
work/039252_16_d42fit/tracking-stm.root	1	1304	1.90225e+06	0.137641	217.098	143	17472	230	904	0	0	0
work/039252_16_d42fit/tracking-stm.root	1	1306	1.90658e+06	0.243323	220.486	0	0	7475	12909	277	45	0
work/039252_16_d42fit/tracking-stm.root	1	1307	1.90658e+06	0.243323	220.486	0	0	2689	15992	851	201	0
work/039252_16_d42fit/tracking-stm.root	1	1325	1.94301e+06	0.244076	206.733	70	11037	1035	0	0	0	0
work/039252_16_d42fit/tracking-stm.root	1	1334	1.96256e+06	0.215018	211.235	0	0	5162	15334	590.456	0	0
work/039252_16_d42fit/tracking-stm.root	1	1335	1.96256e+06	0.215018	211.235	0	0	985	19148	5505.03	0	0
work/039252_16_d42fit/tracking-stm.root	1	1357	2.00844e+06	0.202976	218.547	0	6	7143	18804	0	0	0
work/039252_16_d42fit/tracking-stm.root	1	1358	2.00844e+06	0.202976	218.547	0	0	1774	26344	59	0	0
work/039252_16_d42fit/tracking-stm.root	1	1364	2.02234e+06	0.224493	213.833	0	0	6095	20629	798	550	0
work/039252_16_d42fit/tracking-stm.root	1	1365	2.02234e+06	0.224493	213.833	0	88	561	17653	4336	817	0
work/039252_16_d42fit/tracking-stm.root	1	1368	2.03037e+06	0.218166	205.945	781	17966	2388	0	0	0	0
work/039252_16_d42fit/tracking-stm.root	1	1369	2.03037e+06	0.218166	205.945	0	13422	8033	0	0	0	0
work/039252_16_d42fit/tracking-stm.root	1	1370	2.03455e+06	0.16734	201.217	0	0	6276	13893	0	0	0
work/039252_16_d42fit/tracking-stm.root	1	1371	2.03455e+06	0.16734	201.217	0	0	818	17489	155	0	0
work/039252_16_d42fit/tracking-stm.root	1	1394	2.08195e+06	0.196786	212.468	259	18476	707	0	0	0	0
work/039252_16_d42fit/tracking-stm.root	1	1091	651960	0.0984274	235.325	0	0	0	4133	900	0	0
work/039252_16_d42fit/tracking-stm.root	1	1110	688813	0.113131	241.492	0	47574	22951	0	0	0	0
work/039252_16_d42fit/tracking-stm.root	1	1111	690506	0.215927	241.492	7217	63946	3536	0	0	0	0
work/039252_16_d42fit/tracking-stm.root	1	1113	695065	0.206651	227.806	0	9989	64035	16278	0	0	0
work/039252_16_d42fit/tracking-stm.root	1	1128	724429	0.179364	232.215	0	54902	39808	0	0	0	0
work/039252_16_d42fit/tracking-stm.root	1	1129	727218	0.0509537	232.215	0	69478	18870	0	0	0	0
work/039252_16_d42fit/tracking-stm.root	1	1131	730191	0.0735892	232.253	1059	5243	84816	0	1146	0	0
work/039252_16_d42fit/tracking-stm.root	1	1133	734518	0.174497	232.253	0	35409	58421	0	2770	0	0
work/039252_16_d42fit/tracking-stm.root	1	1134	738135	0.00838603	232.253	587	14102	19458	0	1176	0	0
work/039252_16_d42fit/tracking-stm.root	1	1135	738135	0.00838603	232.253	1331	421	1390	1829	1148	0	0
work/039252_16_d42fit/tracking-stm.root	1	1136	741752	0.00838603	232.253	542	607	354	2945	855	0	0
work/039252_16_d42fit/tracking-stm.root	1	1138	745369	0.043693	229.992	0	801	6415	2795	4613	124	0
work/039252_16_d42fit/tracking-stm.root	1	1141	751448	0.00603362	229.992	0	697	6442	7515	1777	0	0
work/039252_16_d42fit/tracking-stm.root	1	1143	755251	0.0129943	229.992	0	633	6888	9006	1324	0	0
work/039252_16_d42fit/tracking-stm.root	1	1145	759669	0.102491	229.992	0	224	2062	13079	943	0	0
work/039252_16_d42fit/tracking-stm.root	1	1154	777478	0.167411	229.992	0	752	3452	9586	0	0	0
work/039252_16_d42fit/tracking-stm.root	1	1155	780108	0.0423281	232.253	46	5800	6407	0	0	0	0
work/039252_16_d42fit/tracking-stm.root	1	1156	780108	0.0423281	232.253	0	8846	4812	183	0	0	0
work/039252_16_d42fit/tracking-stm.root	1	1157	783056	0.161814	232.253	0	11239	3701	68	0	0	0
work/039252_16_d42fit/tracking-stm.root	1	2022	1.76887e+06	0.205389	259.189	0	13253	9636	0	0	0	0
work/039252_16_d42fit/tracking-stm.root	1	2029	1.7837e+06	0.152028	259.189	0	0	4906	16678	403	0	0
work/039252_16_d42fit/tracking-stm.root	1	2033	1.79298e+06	0.20535	260.722	0	16011	7690	0	0	0	0
work/039252_16_d42fit/tracking-stm.root	1	2041	1.80858e+06	0.139163	260.722	0	0	7234	14022	0	0	0
work/039252_16_d42fit/tracking-stm.root	1	2048	1.82106e+06	0.113496	285.146	0	0	9548	16855	0	0	0
work/039252_16_d42fit/tracking-stm.root	1	2062	1.84896e+06	0.0516893	259.318	55	13451	9056	0	0	0	0
work/039252_16_d42fit/tracking-stm.root	1	2071	1.86718e+06	0.134033	260.31	0	13472	10533	18	0	0	0
work/039252_16_d42fit/tracking-stm.root	1	2077	1.88046e+06	0.0256028	265.517	585	18307	2602	0	0	0	0
work/039252_16_d42fit/tracking-stm.root	1	2082	1.88881e+06	0.111445	265.517	311	8536	11167	0	0	0	0
work/039252_16_d42fit/tracking-stm.root	1	2092	1.91059e+06	0.102892	255.136	0	9223	8167	0	0	0	10592
work/039252_16_d42fit/tracking-stm.root	1	2094	1.91423e+06	0.11358	265.517	0	293	3489	13024	0	0	0
work/039252_16_d42fit/tracking-stm.root	1	2103	1.93205e+06	0.0952777	255.09	0	12804	6176	0	0	9984	0
work/039252_16_d42fit/tracking-stm.root	1	2116	1.95771e+06	0.052308	265.466	124	11912	5570	0	7692	0	0
work/039252_16_d42fit/tracking-stm.root	1	2128	1.98141e+06	0.016664	281.653	805	18268	0	5040	0	0	0
work/039252_16_d42fit/tracking-stm.root	1	2132	1.98948e+06	0.0453192	281.653	0	12522	4377	2488	0	0	0
work/039252_16_d42fit/tracking-stm.root	1	2159	2.0451e+06	0.132335	281.653	0	8709	8220	19832	0	0	0
work/039252_16_d42fit/tracking-stm.root	1	2185	2.09604e+06	0.0517093	264.913	0	0	0	0	0	0	1087
work/039252_16_d42fit/tracking-stm.root	1	2236	2.19718e+06	0.119695	264.913	0	0	0	11247	177	0	0
work/039252_16_d42fit/tracking-stm.root	1	2257	2.24073e+06	0.0242493	245.124	0	16072	1207	0	0	0	0
work/039252_16_d42fit/tracking-stm.root	1	2275	2.2766e+06	0.0423802	249.688	1656	0	374	0	0	0	0
work/039252_16_d42fit/tracking-stm.root	2	779	852030	0.00874408	150.129	1175	13918	13885	10428	11178	14682	280
work/039252_16_d42fit/tracking-stm.root	2	867	1.02696e+06	0.201458	144.956	0	0	2873	16725	5277	0	388
work/039252_16_d42fit/tracking-stm.root	2	900	1.09258e+06	0.0297227	140.669	0	232	2687	14053	2473	0	0
work/039252_16_d42fit/tracking-stm.root	2	901	1.09623e+06	0.219382	148.876	531	9043	10326	0	0	0	0
work/039252_16_d42fit/tracking-stm.root	2	1014	1.32091e+06	0.187984	152.221	1082	299	0	16546	1953	0	0
work/039252_16_d42fit/tracking-stm.root	2	1016	1.32572e+06	0.171018	152.221	357	9593	0	10506	38	0	0
work/039252_16_d42fit/tracking-stm.root	2	1018	1.32954e+06	0.237246	152.221	1869	20342	0	589	0	0	0
work/039252_16_d42fit/tracking-stm.root	2	1019	1.33254e+06	0.166667	0	29	6339	16862	0	0	0	0
work/039252_16_d42fit/tracking-stm.root	2	1020	1.33254e+06	0.166667	0	680	13827	8461	0	0	0	674
work/039252_16_d42fit/tracking-stm.root	2	1021	1.33554e+06	0.0254494	0	4396	14784	976	0	0	0	3821
work/039252_16_d42fit/tracking-stm.root	2	1068	1.43e+06	0.189276	143.239	0	80	3790	16243	1689	0	0
work/039252_16_d42fit/tracking-stm.root	2	1102	1.49754e+06	0.00926043	138.248	0	272	9870	12733	10	15667	987
work/039252_16_d42fit/tracking-stm.root	2	1123	1.54041e+06	0.125913	142.311	0	4362	15071	6686	15089	1352	0
work/039252_16_d42fit/tracking-stm.root	2	1124	1.54041e+06	0.125913	142.311	0	289	11628	19091	13161	0	0
work/039252_16_d42fit/tracking-stm.root	2	1125	1.5438e+06	0.0751846	142.311	0	0	6465	30641	7472	0	0
work/039252_16_d42fit/tracking-stm.root	2	1215	1.72381e+06	0.220023	138.803	0	0	1195	8700	8418	0	0
work/039252_16_d42fit/tracking-stm.root	2	1217	1.72767e+06	0.223514	141.042	0	0	3	7551	15956	63	0
work/039252_16_d42fit/tracking-stm.root	2	1251	1.79629e+06	0.230562	142.806	0	0	325	11262	0	1655	0
work/039252_16_d42fit/tracking-stm.root	2	1288	1.86961e+06	0.109478	143.154	0	250	11885	42814	1475	0	0
work/039252_16_d42fit/tracking-stm.root	2	1290	1.87341e+06	0.172913	143.154	459	421	13670	24305	0	0	0
work/039252_16_d42fit/tracking-stm.root	2	1295	1.88315e+06	0.133328	150.46	0	494	9204	10093	0	0	0
work/039252_16_d42fit/tracking-stm.root	2	1349	1.99173e+06	0.20965	151.508	0	0	0	7606	9263	0	0
work/039252_16_d42fit/tracking-stm.root	2	1091	651960	0.19323	151.187	1698	5283	2479	1959	2841	0	0
work/039252_16_d42fit/tracking-stm.root	2	1134	738135	0.17227	154.743	0	0	4278	26607	1798	0	0
work/039252_16_d42fit/tracking-stm.root	2	1136	741752	0.17227	154.743	0	0	674	498	0	0	0
work/039252_16_d42fit/tracking-stm.root	2	1138	745369	0.105439	158.154	0	0	613	6876	3396	0	0
work/039252_16_d42fit/tracking-stm.root	2	1141	751448	0.058115	158.154	0	0	619	10321	3568	181	0
work/039252_16_d42fit/tracking-stm.root	2	1143	755251	0.157813	158.154	0	35	16	16318	290	0	0
work/039252_16_d42fit/tracking-stm.root	2	1145	759669	0.244686	164.577	0	0	40	7774	9379	0	0
work/039252_16_d42fit/tracking-stm.root	2	1147	763312	0.111	164.577	0	0	3211	20771	29	121	0
work/039252_16_d42fit/tracking-stm.root	2	1149	767772	0.0418061	164.577	0	0	3007	11500	0	0	0
work/039252_16_d42fit/tracking-stm.root	2	1151	772093	0.186691	164.577	0	0	0	13949	505	0	0
work/039252_16_d42fit/tracking-stm.root	2	1152	772093	0.186691	164.577	0	0	0	10749	4285	0	0
work/039252_16_d42fit/tracking-stm.root	2	1154	777478	0.198188	158.154	0	94	1939	13303	0	0	0
work/039252_16_d42fit/tracking-stm.root	2	1155	780108	0.0314544	158.154	0	0	13	14422	0	0	0
work/039252_16_d42fit/tracking-stm.root	2	1156	780108	0.0314544	158.154	0	0	274	14523	0	0	0
work/039252_16_d42fit/tracking-stm.root	2	1157	783056	0.00590636	158.154	0	0	2016	13987	0	0	0
work/039252_16_d42fit/tracking-stm.root	2	1158	786004	0.00246356	158.154	0	0	3482	14279	0	0	0
work/039252_16_d42fit/tracking-stm.root	2	1159	786004	0.00246356	158.154	0	0	2783	17205	0	0	0
work/039252_16_d42fit/tracking-stm.root	2	1160	788551	0.0121476	158.154	0	0	198	18158	0	0	0
work/039252_16_d42fit/tracking-stm.root	2	2015	1.75552e+06	0.139956	243.293	0	0	4976	24650	1491	0	0
work/039252_16_d42fit/tracking-stm.root	2	2016	1.75787e+06	0.139956	243.293	0	0	4391	25554	2843	214	0
work/039252_16_d42fit/tracking-stm.root	0	469	142804	0.0084115	261.993	0	0	14362	29966	0	0	0
work/039252_16_d42fit/tracking-stm.root	0	470	145247	0.0224016	261.993	0	0	9504	34266	0	0	0
work/039252_16_d42fit/tracking-stm.root	0	472	150310	0.0156874	261.993	0	0	8947	22761	0	0	0
work/039252_16_d42fit/tracking-stm.root	0	473	150310	0.0156874	261.993	0	0	2598	16772	0	0	0
work/039252_16_d42fit/tracking-stm.root	0	475	154805	0.00730355	261.993	0	0	519	12138	0	0	0
work/039252_16_d42fit/tracking-stm.root	0	476	157895	0.0186822	261.993	0	0	2855	14017	0	0	0
work/039252_16_d42fit/tracking-stm.root	0	478	160986	0.0434432	261.993	0	0	5054	14191	0	0	0
work/039252_16_d42fit/tracking-stm.root	0	479	163306	0.00504649	261.993	0	0	5551	14844	0	0	0
work/039252_16_d42fit/tracking-stm.root	0	480	165946	0.0816999	261.993	0	0	5370	17292	0	0	0
work/039252_16_d42fit/tracking-stm.root	0	482	168883	0.0146212	261.993	0	0	3444	16940	0	0	0
work/039252_16_d42fit/tracking-stm.root	0	483	171795	0.0576273	261.993	0	0	1251	8731	0	0	0
work/039252_16_d42fit/tracking-stm.root	0	523	251032	0.0888414	241.114	0	0	0	11828	8278	458	291
work/039252_16_d42fit/tracking-stm.root	0	534	273271	0.10162	241.114	0	0	2060	27075	0	0	0
work/039252_16_d42fit/tracking-stm.root	0	536	277271	0.176262	261.993	0	0	0	12937	5474	0	0
work/039252_16_d42fit/tracking-stm.root	0	538	280551	0.103363	261.993	0	0	0	11448	0	0	0
work/039252_16_d42fit/tracking-stm.root	0	540	285550	0.177131	261.993	0	0	3571	8279	0	0	0
work/039252_16_d42fit/tracking-stm.root	0	541	288337	0.202385	243.804	0	0	0	6904	5634	0	0
work/039252_16_d42fit/tracking-stm.root	0	542	288337	0.202385	243.804	0	0	0	9962	920	68	0
work/039252_16_d42fit/tracking-stm.root	0	544	293456	0.0540847	243.804	0	0	0	9559	1620	0	0
work/039252_16_d42fit/tracking-stm.root	0	546	297154	0.191364	243.804	0	1075	0	6496	4624	0	0
work/039252_16_d42fit/tracking-stm.root	0	548	301271	0.106048	232.228	0	0	22473	19569	1514	8334	0
work/039252_16_d42fit/tracking-stm.root	0	550	305271	0.166667	243.804	0	11849	30428	2395	8987	0	0
work/039252_16_d42fit/tracking-stm.root	0	554	314238	0.0987711	261.993	0	0	19672	29235	0	0	0
work/039252_16_d42fit/tracking-stm.root	0	555	314238	0.0987711	261.993	0	0	10109	32677	0	0	0
work/039252_16_d42fit/tracking-stm.root	0	556	317103	0.0297529	261.993	0	0	5128	36012	0	0	0
work/039252_16_d42fit/tracking-stm.root	0	559	323271	0.119701	261.993	0	0	0	5727	0	0	0
work/039252_16_d42fit/tracking-stm.root	0	589	383734	0.0130051	241.114	0	0	0	5703	25	171	0
work/039252_16_d42fit/tracking-stm.root	0	590	386205	0.0659503	241.114	0	0	2579	21468	5938	1662	0
work/039252_16_d42fit/tracking-stm.root	0	591	386205	0.0659503	241.114	0	0	12173	23236	19257	2436	0
work/039252_16_d42fit/tracking-stm.root	0	597	399225	0.0123261	243.804	559	13	0	1827	43508	4408	0
work/039252_16_d42fit/tracking-stm.root	0	598	401222	0.226192	261.993	0	0	1312	29809	5634	0	0
work/039252_16_d42fit/tracking-stm.root	0	600	405271	0.022013	261.993	8754	0	0	4380	1497	0	0
work/039252_16_d42fit/tracking-stm.root	0	604	413752	0.126664	261.993	11040	24348	2737	0	0	0	0
work/039252_16_d42fit/tracking-stm.root	0	606	417878	0.134542	243.804	0	1541	20917	47951	29266	0	0
work/039252_16_d42fit/tracking-stm.root	0	608	420986	0.124593	261.993	496	10367	51233	2781	2838	0	0
work/039252_16_d42fit/tracking-stm.root	0	610	425578	0.0780553	261.993	0	1743	21870	7989	6775	0	0
work/039252_16_d42fit/tracking-stm.root	0	611	427862	0.0909054	261.993	0	0	9622	8720	7856	0	0
work/039252_16_d42fit/tracking-stm.root	0	612	429965	0.0184553	261.993	0	0	5179	5960	13221	0	0
work/039252_16_d42fit/tracking-stm.root	0	614	432634	0.00598881	261.993	0	101	260	612	20951	0	0
work/039252_16_d42fit/tracking-stm.root	0	615	435094	0.0863432	261.993	0	0	0	4538	25032	0	0
work/039252_16_d42fit/tracking-stm.root	0	616	437554	0.100078	261.993	0	0	0	8385	27383	0	0
work/039252_16_d42fit/tracking-stm.root	0	618	441700	0.00718706	241.114	0	0	10982	27209	0	0	0
work/039252_16_d42fit/tracking-stm.root	0	620	445790	0.095263	261.993	0	0	0	16124	24876	0	0
work/039252_16_d42fit/tracking-stm.root	0	1839	658333	0.174778	212.162	0	0	0	18365	8954	489	0
work/039252_16_d42fit/tracking-stm.root	0	1841	662406	0.145404	219.794	0	0	11055	13139	500	0	0
work/039252_16_d42fit/tracking-stm.root	0	1842	662406	0.145404	219.794	0	0	9305	15991	121	0	0
work/039252_16_d42fit/tracking-stm.root	0	1843	665628	0.108277	219.794	0	0	7629	17957	0	0	0
work/039252_16_d42fit/tracking-stm.root	0	1845	668850	0.098671	219.794	0	596	4044	19396	109	0	0
work/039252_16_d42fit/tracking-stm.root	0	1846	672721	0.101524	219.794	0	463	2852	18208	1136	896	0
work/039252_16_d42fit/tracking-stm.root	0	1847	672721	0.101524	219.794	0	1217	1261	17352	4434	388	0
work/039252_16_d42fit/tracking-stm.root	0	1848	675764	0.147622	219.794	0	332	883	18510	10483	0	0
work/039252_16_d42fit/tracking-stm.root	0	1849	678318	0.191376	206.422	0	0	26296	22244	0	0	0
work/039252_16_d42fit/tracking-stm.root	0	1851	682734	0.130042	206.422	0	0	12186	24989	0	0	0
work/039252_16_d42fit/tracking-stm.root	0	1852	682734	0.130042	206.422	0	0	4953	19724	0	0	0
work/039252_16_d42fit/tracking-stm.root	0	1853	686195	0.0478624	206.422	0	48	2749	19767	0	422	0
work/039252_16_d42fit/tracking-stm.root	0	1855	689655	0.185237	206.422	0	0	1089	19686	2071	781	0
work/039252_16_d42fit/tracking-stm.root	0	1857	693645	0.218241	192.789	0	38	10612	7632	0	0	0
work/039252_16_d42fit/tracking-stm.root	0	1859	697906	0.093621	192.789	0	2002	6220	15225	0	0	0
work/039252_16_d42fit/tracking-stm.root	0	1861	701157	0.0410295	192.789	0	863	4126	16219	63	0	0
work/039252_16_d42fit/tracking-stm.root	0	1862	704728	0.112677	192.789	0	787	3430	13885	581	262	0
work/039252_16_d42fit/tracking-stm.root	0	1863	704728	0.112677	192.789	0	0	1020	11989	2170	0	0
work/039252_16_d42fit/tracking-stm.root	0	1864	708248	0.180722	192.789	0	0	1004	10390	6129	0	0
work/039252_16_d42fit/tracking-stm.root	0	1866	711768	0.14079	205.029	0	846	4498	15215	0	0	0
work/039252_16_d42fit/tracking-stm.root	0	1868	714930	0.0963326	205.029	0	627	2349	16789	0	0	0
work/039252_16_d42fit/tracking-stm.root	0	1869	718092	0.0853749	205.029	0	357	1030	17234	0	0	0
work/039252_16_d42fit/tracking-stm.root	0	1871	721691	0.0971843	205.029	0	0	635	15071	223	0	0
work/039252_16_d42fit/tracking-stm.root	0	1873	725037	0.163969	205.029	0	0	0	9563	9999	0	0
work/039252_16_d42fit/tracking-stm.root	0	1875	728962	0.147926	213.494	0	206	4526	12879	0	0	0
work/039252_16_d42fit/tracking-stm.root	0	1876	732072	0.0634683	213.494	0	1332	2893	18937	15	0	0
work/039252_16_d42fit/tracking-stm.root	0	1878	736287	0.0834189	213.494	0	36	0	24930	903	0	0
work/039252_16_d42fit/tracking-stm.root	0	1880	739104	0.132227	213.494	0	0	0	42403	6156	0	0
work/039252_16_d42fit/tracking-stm.root	0	1881	741921	0.10447	213.494	0	0	0	23822	9020	0	0
work/039252_16_d42fit/tracking-stm.root	0	1882	743661	0.185246	213.494	0	0	0	10537	9243	0	0
work/039252_16_d42fit/tracking-stm.root	0	1883	746428	0.154722	213.807	0	0	6345	12156	0	0	0
work/039252_16_d42fit/tracking-stm.root	0	1884	746428	0.154722	213.807	0	0	3720	14489	0	0	0
work/039252_16_d42fit/tracking-stm.root	0	1886	751412	0.0829523	213.807	0	0	2292	16002	0	0	0
work/039252_16_d42fit/tracking-stm.root	0	1888	755862	0.088341	213.807	0	0	213	14916	654	0	0
work/039252_16_d42fit/tracking-stm.root	0	1890	758809	0.114942	213.807	0	0	1742	10309	4859	0	0
work/039252_16_d42fit/tracking-stm.root	0	1891	761756	0.144247	208.576	0	369	8551	7757	0	0	0
work/039252_16_d42fit/tracking-stm.root	0	1893	765178	0.134403	208.576	0	0	4725	20918	0	0	0
work/039252_16_d42fit/tracking-stm.root	0	1895	769021	0.0937463	208.576	0	75	518	15778	0	0	0
work/039252_16_d42fit/tracking-stm.root	0	1896	772091	0.0830413	208.576	0	0	1045	13544	0	0	0
work/039252_16_d42fit/tracking-stm.root	0	1898	776387	0.135947	208.576	0	0	0	13771	2933	0	0
work/039252_16_d42fit/tracking-stm.root	0	1899	776387	0.135947	208.576	0	0	0	12449	9271	0	0
work/039252_16_d42fit/tracking-stm.root	0	1901	780993	0.129665	206.922	0	0	6210	17574	0	0	0
work/039252_16_d42fit/tracking-stm.root	0	1903	785104	0.0837532	206.922	0	0	2704	13849	0	0	0
work/039252_16_d42fit/tracking-stm.root	0	1904	788482	0.116392	206.922	0	189	1544	13469	0	0	0
work/039252_16_d42fit/tracking-stm.root	0	1905	788482	0.116392	206.922	0	144	1225	13022	0	384	0
work/039252_16_d42fit/tracking-stm.root	0	1906	791919	0.120636	206.922	0	0	370	12952	104	168	0
work/039252_16_d42fit/tracking-stm.root	0	1908	795052	0.13535	206.922	0	0	792	9178	6283	0	0
work/039252_16_d42fit/tracking-stm.root	0	1909	798413	0.126801	201.924	0	53	6574	10927	0	0	0
work/039252_16_d42fit/tracking-stm.root	0	1910	798413	0.126801	201.924	0	0	4313	12147	0	0	0
work/039252_16_d42fit/tracking-stm.root	0	1911	801891	0.0855873	201.924	0	0	2731	17989	0	0	0
work/039252_16_d42fit/tracking-stm.root	0	1913	804800	0.0728631	201.924	0	0	1082	14405	0	0	0
work/039252_16_d42fit/tracking-stm.root	0	1914	807709	0.0593224	201.924	0	0	60	12390	0	0	0
work/039252_16_d42fit/tracking-stm.root	0	1915	810721	0.100002	201.924	0	0	40	11867	727	0	0
work/039252_16_d42fit/tracking-stm.root	0	1916	810721	0.100002	201.924	0	0	152	11158	3225	0	0
work/039252_16_d42fit/tracking-stm.root	0	1917	814185	0.146747	201.924	0	0	0	8443	5814	0	0
work/039252_16_d42fit/tracking-stm.root	0	1919	817649	0.11658	202.352	0	0	4358	10826	0	0	0
work/039252_16_d42fit/tracking-stm.root	0	1922	822956	0.0913001	202.352	0	0	310	14713	0	0	0
work/039252_16_d42fit/tracking-stm.root	0	1923	826537	0.0830157	202.352	0	0	606	13474	0	0	0
work/039252_16_d42fit/tracking-stm.root	0	1924	826537	0.0830157	202.352	0	51	35	13065	360	27	0
work/039252_16_d42fit/tracking-stm.root	0	1925	830118	0.131134	202.352	0	0	0	11938	2809	489	0
work/039252_16_d42fit/tracking-stm.root	0	1927	833359	0.184306	199.39	0	0	6226	7495	0	0	0
work/039252_16_d42fit/tracking-stm.root	0	1928	836600	0.121609	199.39	0	0	3545	11036	0	0	0
work/039252_16_d42fit/tracking-stm.root	0	1929	836600	0.121609	199.39	0	0	2830	13163	0	0	0
work/039252_16_d42fit/tracking-stm.root	0	1930	840011	0.0787483	199.39	0	0	258	14667	0	0	0
work/039252_16_d42fit/tracking-stm.root	0	1932	843577	0.126961	199.39	0	0	0	11867	1023	0	0
work/039252_16_d42fit/tracking-stm.root	0	1934	848081	0.159248	199.39	0	0	0	9912	5273	0	0
work/039252_16_d42fit/tracking-stm.root	0	1936	851208	0.0704937	198.427	0	0	4775	9334	0	0	0
work/039252_16_d42fit/tracking-stm.root	0	1938	855169	0.0452821	198.427	0	435	2367	12157	0	0	0
work/039252_16_d42fit/tracking-stm.root	0	1939	858124	0.115742	198.427	0	0	178	13768	0	0	0
work/039252_16_d42fit/tracking-stm.root	0	1941	861079	0.151316	198.427	0	0	831	12181	2034	0	0
work/039252_16_d42fit/tracking-stm.root	0	1943	865498	0.184606	198.427	0	0	0	8601	6318	0	0
work/039252_16_d42fit/tracking-stm.root	0	1945	870237	0.108676	217.484	0	0	4194	12217	0	0	0
work/039252_16_d42fit/tracking-stm.root	0	1948	875006	0.0198527	217.484	0	0	14	13968	0	0	0
work/039252_16_d42fit/tracking-stm.root	0	1949	877885	0.0729673	217.484	0	0	0	14409	0	0	0
work/039252_16_d42fit/tracking-stm.root	0	1952	883471	0.155237	217.484	0	0	0	10626	5065	0	0
work/039252_16_d42fit/tracking-stm.root	0	1955	888775	0.167782	222.959	0	339	4395	19112	0	0	0
work/039252_16_d42fit/tracking-stm.root	0	1956	892118	0.0432209	222.959	0	1072	1201	18109	0	0	0
work/039252_16_d42fit/tracking-stm.root	0	1959	897489	0.0348929	222.959	0	0	0	18493	0	0	0
work/039252_16_d42fit/tracking-stm.root	0	1961	901349	0.108417	222.959	0	0	0	15942	2321	0	0
work/039252_16_d42fit/tracking-stm.root	0	1963	904891	0.17859	222.959	0	0	0	16646	13074	0	0
work/039252_16_d42fit/tracking-stm.root	0	1964	908172	0.131625	210.031	0	0	12847	14781	0	0	0
work/039252_16_d42fit/tracking-stm.root	0	1967	913724	0.0514023	210.031	0	0	996	18436	0	0	0
work/039252_16_d42fit/tracking-stm.root	0	1969	917637	0.0340077	210.031	0	0	165	14643	0	94	0
work/039252_16_d42fit/tracking-stm.root	0	1971	921027	0.15319	210.031	0	0	0	12051	2954	25	0
work/039252_16_d42fit/tracking-stm.root	0	1973	924977	0.192426	203.003	0	0	5976	7076	0	0	0
work/039252_16_d42fit/tracking-stm.root	0	1975	929256	0.125092	203.003	0	26	2554	11724	0	0	0
work/039252_16_d42fit/tracking-stm.root	0	1980	940102	0.0602429	195.653	0	0	30467	9346	50	0	0
work/039252_16_d42fit/tracking-stm.root	0	1982	943084	0.053703	195.653	0	0	8287	9691	0	0	0
work/039252_16_d42fit/tracking-stm.root	0	1983	946065	0.0675499	195.653	0	0	5426	10671	0	0	0
work/039252_16_d42fit/tracking-stm.root	0	1984	948653	0.0860663	195.653	0	0	3450	11809	0	0	0
work/039252_16_d42fit/tracking-stm.root	0	1985	948653	0.0860663	195.653	0	0	1739	14863	0	0	0
work/039252_16_d42fit/tracking-stm.root	0	1986	951989	0.0128758	195.653	0	117	1919	16499	0	0	0
work/039252_16_d42fit/tracking-stm.root	0	1988	954960	0.061383	195.653	0	0	582	14425	360	0	0
work/039252_16_d42fit/tracking-stm.root	0	1989	958080	0.13737	195.653	0	0	1305	11243	1373	106	0
work/039252_16_d42fit/tracking-stm.root	0	1991	961200	0.166702	195.653	0	0	414	8154	10253	0	0
work/039252_16_d42fit/tracking-stm.root	0	1993	965759	0.155651	200.929	0	437	2508	11291	0	0	0
work/039252_16_d42fit/tracking-stm.root	0	1995	970263	0.101383	200.929	0	0	0	15662	68	172	0
work/039252_16_d42fit/tracking-stm.root	0	1997	973559	0.12594	200.929	0	0	0	24086	15351	0	0
work/039252_16_d42fit/tracking-stm.root	0	2000	979166	0.142201	209.116	0	0	7343	12583	0	0	0
work/039252_16_d42fit/tracking-stm.root	0	2002	984308	0.0429006	209.116	0	0	1310	21734	0	0	0
work/039252_16_d42fit/tracking-stm.root	0	2004	987656	0.0160155	209.116	0	0	0	14521	0	0	0
work/039252_16_d42fit/tracking-stm.root	0	2007	993434	0.126051	209.116	0	0	0	11365	5027	0	0
work/039252_16_d42fit/tracking-stm.root	0	2009	997675	0.200782	207.983	0	0	9967	13337	0	0	0
work/039252_16_d42fit/tracking-stm.root	0	2010	1.00009e+06	0.186458	207.983	0	0	10491	19444	0	0	0
work/039252_16_d42fit/tracking-stm.root	0	2011	1.00236e+06	0.0403796	207.983	0	0	5459	16775	0	0	0
work/039252_16_d42fit/tracking-stm.root	0	2012	1.00236e+06	0.0403796	207.983	0	0	2267	14131	0	0	0
work/039252_16_d42fit/tracking-stm.root	0	2013	1.00588e+06	0.0532906	207.983	0	42	1709	16581	0	0	0
work/039252_16_d42fit/tracking-stm.root	0	2015	1.01022e+06	0.0821386	207.983	0	70	26	17531	0	0	0
work/039252_16_d42fit/tracking-stm.root	0	2017	1.01359e+06	0.0205066	207.983	0	0	111	12554	996	0	0
work/039252_16_d42fit/tracking-stm.root	0	2019	1.01695e+06	0.101934	207.983	0	0	0	9979	4547	0	0
work/039252_16_d42fit/tracking-stm.root	0	2020	1.02017e+06	0.147859	200.176	0	0	8126	7765	0	0	0
work/039252_16_d42fit/tracking-stm.root	0	2022	1.02345e+06	0.134457	200.176	0	4	5522	10166	0	0	0
work/039252_16_d42fit/tracking-stm.root	0	2024	1.02686e+06	0.0510612	200.176	0	0	2587	12568	0	0	0
work/039252_16_d42fit/tracking-stm.root	0	2025	1.03029e+06	0.00315165	200.176	0	0	1645	15465	0	0	0
work/039252_16_d42fit/tracking-stm.root	0	2041	1.06236e+06	0.0353526	217.288	0	141	3296	4978	1153	277	0
work/039252_16_d42fit/tracking-stm.root	0	2042	1.06236e+06	0.0353526	217.288	0	624	3152	5059	2503	1276	0
work/039252_16_d42fit/tracking-stm.root	0	2043	1.06548e+06	0.123508	217.288	0	378	3119	6081	4545	96	0
work/039252_16_d42fit/tracking-stm.root	0	2044	1.06861e+06	0.166308	225.032	91	2789	4846	5631	1319	0	0
work/039252_16_d42fit/tracking-stm.root	0	2045	1.06861e+06	0.166308	225.032	1226	2389	283	7989	1977	0	0
work/039252_16_d42fit/tracking-stm.root	0	2046	1.0721e+06	0.103644	225.032	2763	4184	0	12832	2507	0	0
work/039252_16_d42fit/tracking-stm.root	0	2048	1.0766e+06	0.21914	225.032	1989	5977	0	20206	1219	0	0
work/039252_16_d42fit/tracking-stm.root	0	2053	1.08575e+06	0.0667309	225.032	1467	5960	1094	24769	0	331	0
work/039252_16_d42fit/tracking-stm.root	0	2055	1.08903e+06	0.195913	225.032	1845	3265	7534	18278	0	10753	10280
work/039252_16_d42fit/tracking-stm.root	0	2057	1.09277e+06	0.130363	222.25	2302	4415	12228	3501	5754	2549	10334
work/039252_16_d42fit/tracking-stm.root	0	2058	1.09554e+06	0.143391	222.25	1639	4125	10362	6572	3840	1974	3300
work/039252_16_d42fit/tracking-stm.root	0	2059	1.09783e+06	0.0643989	222.25	2016	2371	8201	9409	2677	3131	351
work/039252_16_d42fit/tracking-stm.root	0	2061	1.10218e+06	0.111566	222.25	688	1729	4436	13194	2206	2963	0
work/039252_16_d42fit/tracking-stm.root	0	2063	1.10595e+06	0.0679867	222.25	32	72	1085	13348	2101	1661	0
work/039252_16_d42fit/tracking-stm.root	0	2066	1.11092e+06	0.0354369	222.25	0	0	156	12483	4726	1363	0
work/039252_16_d42fit/tracking-stm.root	0	2067	1.11469e+06	0.111609	222.25	0	0	320	10982	5322	984	0
work/039252_16_d42fit/tracking-stm.root	0	2068	1.11469e+06	0.111609	222.25	0	0	376	11235	8243	635	0
work/039252_16_d42fit/tracking-stm.root	0	2069	1.11757e+06	0.207722	220.663	0	0	12543	13780	62	0	0
work/039252_16_d42fit/tracking-stm.root	0	2070	1.12045e+06	0.0958057	220.663	0	0	13225	16720	0	0	0
work/039252_16_d42fit/tracking-stm.root	0	2071	1.12045e+06	0.0958057	220.663	0	0	7025	14498	0	0	0
work/039252_16_d42fit/tracking-stm.root	0	2072	1.12316e+06	0.00869389	220.663	0	0	3932	15491	0	0	0
work/039252_16_d42fit/tracking-stm.root	0	2074	1.12683e+06	0.0709788	220.663	0	78	3018	17592	0	0	0
work/039252_16_d42fit/tracking-stm.root	0	2076	1.13156e+06	0.0322364	220.663	0	0	1663	16090	0	0	0
work/039252_16_d42fit/tracking-stm.root	0	2078	1.13604e+06	0.00532112	220.663	0	0	0	17752	0	0	0
work/039252_16_d42fit/tracking-stm.root	0	2079	1.13694e+06	0.108713	220.663	0	0	0	17285	558	0	0
work/039252_16_d42fit/tracking-stm.root	0	2080	1.14016e+06	0.150417	220.663	0	0	0	14668	1314	28	0
work/039252_16_d42fit/tracking-stm.root	0	2082	1.14362e+06	0.186663	220.931	0	0	12847	7755	0	0	0
work/039252_16_d42fit/tracking-stm.root	0	2084	1.14779e+06	0.0662579	220.931	0	453	6096	10192	0	0	0
work/039252_16_d42fit/tracking-stm.root	0	2086	1.15076e+06	0.0106284	220.931	0	149	3875	12421	0	0	0
work/039252_16_d42fit/tracking-stm.root	0	2088	1.15475e+06	0.0934595	220.931	0	887	1772	12738	0	0	0
work/039252_16_d42fit/tracking-stm.root	0	2089	1.1582e+06	0.0409912	220.931	0	0	343	14352	0	0	0
work/039252_16_d42fit/tracking-stm.root	0	2091	1.1627e+06	0.0435527	220.931	0	0	1372	13341	521	29	0
work/039252_16_d42fit/tracking-stm.root	0	2092	1.1627e+06	0.0435527	220.931	0	0	65	10943	2410	0	0
work/039252_16_d42fit/tracking-stm.root	0	2094	1.16684e+06	0.151675	220.931	0	0	190	11358	8855	0	0
work/039252_16_d42fit/tracking-stm.root	0	2095	1.17025e+06	0.135586	218.086	0	121	7828	9164	0	0	0
work/039252_16_d42fit/tracking-stm.root	0	2097	1.17463e+06	0.0548649	218.086	0	757	3920	10858	0	0	0
work/039252_16_d42fit/tracking-stm.root	0	2098	1.17463e+06	0.0548649	218.086	0	878	3528	14020	0	0	0
work/039252_16_d42fit/tracking-stm.root	0	2100	1.17946e+06	0.0466512	218.086	0	328	59	16437	0	0	0
work/039252_16_d42fit/tracking-stm.root	0	2102	1.18374e+06	0.0662132	218.086	0	0	0	28870	0	0	0
work/039252_16_d42fit/tracking-stm.root	0	2104	1.18683e+06	0.0730419	218.086	0	0	0	22739	747	0	0
work/039252_16_d42fit/tracking-stm.root	0	2105	1.18993e+06	0.115597	218.086	0	0	0	11513	907	0	0
work/039252_16_d42fit/tracking-stm.root	0	2107	1.19455e+06	0.138064	236.176	0	0	7536	6094	0	0	0
work/039252_16_d42fit/tracking-stm.root	0	2108	1.19455e+06	0.138064	236.176	0	0	5870	7983	0	0	0
work/039252_16_d42fit/tracking-stm.root	0	2109	1.19816e+06	0.103522	236.176	0	0	2941	12533	0	0	0
work/039252_16_d42fit/tracking-stm.root	0	2111	1.20174e+06	0.0764878	236.176	0	0	416	24252	0	0	0
work/039252_16_d42fit/tracking-stm.root	0	2113	1.20533e+06	0.107053	236.176	0	0	0	13311	1	0	0
work/039252_16_d42fit/tracking-stm.root	0	2115	1.20919e+06	0.141658	236.176	0	0	0	13086	6110	0	0
work/039252_16_d42fit/tracking-stm.root	0	2117	1.21433e+06	0.108511	242.684	0	0	4434	8852	0	0	0
work/039252_16_d42fit/tracking-stm.root	0	2119	1.21748e+06	0.068262	242.684	0	0	2926	14866	0	0	0
work/039252_16_d42fit/tracking-stm.root	0	2121	1.22109e+06	0.0869043	242.684	0	0	67	15706	0	0	0
work/039252_16_d42fit/tracking-stm.root	0	2123	1.2252e+06	0.0432366	242.684	0	0	0	13588	0	0	0
work/039252_16_d42fit/tracking-stm.root	0	2125	1.22923e+06	0.0863286	242.684	0	0	0	13496	3987	0	0
work/039252_16_d42fit/tracking-stm.root	0	2127	1.23311e+06	0.171822	248.159	0	110	7068	9168	0	0	0
work/039252_16_d42fit/tracking-stm.root	0	2129	1.23725e+06	0.117818	248.159	0	237	2701	17775	0	0	0
work/039252_16_d42fit/tracking-stm.root	0	2131	1.24199e+06	0.092492	248.159	0	0	687	36149	0	0	0
work/039252_16_d42fit/tracking-stm.root	0	2133	1.24642e+06	0.0810849	248.159	0	0	0	16540	67	109	0
work/039252_16_d42fit/tracking-stm.root	0	2134	1.24642e+06	0.0810849	248.159	0	0	0	12390	2065	0	0
work/039252_16_d42fit/tracking-stm.root	0	2135	1.24974e+06	0.0915032	248.159	0	0	0	10463	6378	0	0
work/039252_16_d42fit/tracking-stm.root	0	2137	1.25289e+06	0.166828	233.301	0	0	6113	24169	0	0	0
work/039252_16_d42fit/tracking-stm.root	0	2139	1.25728e+06	0.125	233.301	0	0	1292	16069	0	0	0
work/039252_16_d42fit/tracking-stm.root	0	2141	1.26078e+06	0.108944	233.301	0	0	152	15188	0	3	0
work/039252_16_d42fit/tracking-stm.root	0	2142	1.26466e+06	0.182937	233.301	0	0	415	13482	801	427	0
work/039252_16_d42fit/tracking-stm.root	0	2143	1.26466e+06	0.182937	233.301	0	0	668	9885	5155	96	0
work/039252_16_d42fit/tracking-stm.root	0	2144	1.26773e+06	0.125195	238.002	0	0	6839	8435	0	0	0
work/039252_16_d42fit/tracking-stm.root	0	2147	1.27316e+06	0.0683108	238.002	0	498	1597	15150	0	0	0
work/039252_16_d42fit/tracking-stm.root	0	2149	1.27706e+06	0.125054	238.002	0	0	7	17881	1700	271	0
work/039252_16_d42fit/tracking-stm.root	0	2150	1.28059e+06	0.199449	238.002	0	0	0	13564	3420	550	0
work/039252_16_d42fit/tracking-stm.root	0	2151	1.28059e+06	0.199449	238.002	0	0	0	9938	6836	138	0
work/039252_16_d42fit/tracking-stm.root	0	2152	1.28412e+06	0.181322	235.546	0	0	7551	9878	0	0	0
work/039252_16_d42fit/tracking-stm.root	0	2154	1.28712e+06	0.0880372	235.546	0	0	2052	13618	0	0	0
work/039252_16_d42fit/tracking-stm.root	0	2156	1.29101e+06	0.012271	235.546	0	0	197	15436	0	0	0
work/039252_16_d42fit/tracking-stm.root	0	2158	1.29479e+06	0.0840224	235.546	0	0	0	14958	2623	0	0
work/039252_16_d42fit/tracking-stm.root	0	2159	1.29753e+06	0.211752	235.546	0	0	0	11870	7158	0	0
work/039252_16_d42fit/tracking-stm.root	0	2160	1.30028e+06	0.183992	221.152	0	0	9691	10717	0	0	0
work/039252_16_d42fit/tracking-stm.root	0	2162	1.30455e+06	0.110912	221.152	0	0	3388	14515	0	0	0
work/039252_16_d42fit/tracking-stm.root	0	2163	1.30455e+06	0.110912	221.152	0	8	2315	16301	0	0	0
work/039252_16_d42fit/tracking-stm.root	0	2165	1.30943e+06	0.162194	221.152	0	0	0	17261	729	0	0
work/039252_16_d42fit/tracking-stm.root	0	2167	1.31427e+06	0.204807	220.411	0	0	8124	7864	0	0	0
work/039252_16_d42fit/tracking-stm.root	0	2169	1.31749e+06	0.0718918	220.411	0	48	1994	16379	0	0	0
work/039252_16_d42fit/tracking-stm.root	0	2172	1.32427e+06	0.20481	220.411	0	0	0	14205	412	0	0
work/039252_16_d42fit/tracking-stm.root	0	2174	1.32861e+06	0.182433	219.748	0	1393	12644	17618	0	0	0
work/039252_16_d42fit/tracking-stm.root	0	2175	1.32861e+06	0.182433	219.748	0	105	8779	24604	0	0	0
work/039252_16_d42fit/tracking-stm.root	0	2177	1.3338e+06	0.159916	219.748	0	520	342	39842	0	637	0
work/039252_16_d42fit/tracking-stm.root	0	2180	1.33994e+06	0.157582	229.781	0	0	4909	12733	0	0	0
work/039252_16_d42fit/tracking-stm.root	0	2182	1.34428e+06	0.0882982	229.781	0	52	950	16070	0	0	0
work/039252_16_d42fit/tracking-stm.root	0	2185	1.34915e+06	0.160377	229.781	0	0	0	17189	15306	0	0
work/039252_16_d42fit/tracking-stm.root	0	2186	1.35185e+06	0.240046	225.68	0	0	11701	20203	0	0	0
work/039252_16_d42fit/tracking-stm.root	0	2187	1.35456e+06	0.152719	225.68	0	0	4047	16744	0	0	0
work/039252_16_d42fit/tracking-stm.root	0	2188	1.35456e+06	0.152719	225.68	0	453	307	16770	0	0	0
work/039252_16_d42fit/tracking-stm.root	0	2189	1.35778e+06	0.115024	225.68	0	43	0	18393	0	0	0
work/039252_16_d42fit/tracking-stm.root	0	2190	1.36069e+06	0.241416	225.68	0	0	0	15403	1984	0	0
work/039252_16_d42fit/tracking-stm.root	0	2191	1.36069e+06	0.241416	225.68	0	0	0	10798	6110	0	0
work/039252_16_d42fit/tracking-stm.root	0	2192	1.36436e+06	0.203343	246.303	0	0	7017	10080	0	0	0
work/039252_16_d42fit/tracking-stm.root	0	2193	1.36436e+06	0.203343	246.303	0	0	2873	14394	0	42	0
work/039252_16_d42fit/tracking-stm.root	0	2194	1.3679e+06	0.0960198	246.303	0	2	88	16365	0	152	0
work/039252_16_d42fit/tracking-stm.root	0	2196	1.37142e+06	0.216094	246.303	0	0	0	21263	10646	0	0
work/039252_16_d42fit/tracking-stm.root	0	2198	1.37599e+06	0.214863	258.32	0	0	5194	22066	0	0	0
work/039252_16_d42fit/tracking-stm.root	0	2200	1.37937e+06	0.175187	258.32	0	0	224	17142	766	0	0
work/039252_16_d42fit/tracking-stm.root	0	2203	1.38597e+06	0.175096	240.18	0	0	3467	14894	0	0	0
work/039252_16_d42fit/tracking-stm.root	0	2205	1.38892e+06	0.145353	240.18	0	0	0	18103	169	0	0
work/039252_16_d42fit/tracking-stm.root	0	2206	1.39209e+06	0.242347	240.18	0	0	0	15496	4496	0	0
work/039252_16_d42fit/tracking-stm.root	0	2208	1.39526e+06	0.186045	247.947	0	0	4279	16372	0	0	0
work/039252_16_d42fit/tracking-stm.root	0	2209	1.39873e+06	0.10167	247.947	0	52	1906	19002	0	16	0
work/039252_16_d42fit/tracking-stm.root	0	2210	1.39873e+06	0.10167	247.947	0	0	124	19371	0	31	0
work/039252_16_d42fit/tracking-stm.root	0	2211	1.40219e+06	0.212221	247.947	0	0	0	18309	4320	0	0
work/039252_16_d42fit/tracking-stm.root	0	2214	1.40743e+06	0.124798	244.976	0	260	4213	19799	0	0	0
work/039252_16_d42fit/tracking-stm.root	0	2216	1.41152e+06	0.14302	244.976	0	0	368	18304	449	0	0
work/039252_16_d42fit/tracking-stm.root	0	2218	1.41485e+06	0.215206	244.976	0	0	0	12447	15063	0	0
work/039252_16_d42fit/tracking-stm.root	0	2219	1.41805e+06	0.190977	235.401	0	344	6633	18293	0	0	0
work/039252_16_d42fit/tracking-stm.root	0	2221	1.42125e+06	0.197636	235.401	0	0	109	24378	527	642	0
work/039252_16_d42fit/tracking-stm.root	0	2223	1.42506e+06	0.23741	235.401	0	0	152	14010	13649	0	0
work/039252_16_d42fit/tracking-stm.root	0	2224	1.42804e+06	0.192725	239.253	0	0	10040	24895	0	0	0
work/039252_16_d42fit/tracking-stm.root	0	2226	1.43185e+06	0.123485	239.253	0	0	361	23639	140	414	0
work/039252_16_d42fit/tracking-stm.root	0	2228	1.43566e+06	0.226174	239.253	0	0	0	15381	12051	0	0
work/039252_16_d42fit/tracking-stm.root	0	2230	1.43879e+06	0.237197	258.706	0	17	3962	24769	0	0	0
work/039252_16_d42fit/tracking-stm.root	0	2231	1.44215e+06	0.189305	258.706	0	60	388	25145	0	0	0
work/039252_16_d42fit/tracking-stm.root	0	2234	1.44815e+06	0.20602	234.192	0	0	9061	18528	54	0	0
work/039252_16_d42fit/tracking-stm.root	0	2236	1.4508e+06	0.231194	234.192	0	53	1772	21653	2515	0	0
work/039252_16_d42fit/tracking-stm.root	0	2239	1.45703e+06	0.202127	241.746	0	0	3025	25435	61	0	0
work/039252_16_d42fit/tracking-stm.root	0	2243	1.4666e+06	0.196442	230.887	0	55	3890	31408	0	422	0
work/039252_16_d42fit/tracking-stm.root	0	2244	1.4666e+06	0.196442	230.887	0	0	1237	25440	3481	351	0
work/039252_16_d42fit/tracking-stm.root	0	2245	1.46941e+06	0.217595	230.887	0	0	0	17239	15416	104	0
work/039252_16_d42fit/tracking-stm.root	0	2249	1.47809e+06	0.245224	224.796	0	0	15041	17144	0	0	0
work/039252_16_d42fit/tracking-stm.root	0	2253	1.48589e+06	0.244188	231.663	0	0	19399	17919	0	0	0
work/039252_16_d42fit/tracking-stm.root	0	2255	1.4897e+06	0.168984	231.663	0	0	2011	28187	0	0	0
work/039252_16_d42fit/tracking-stm.root	0	2257	1.49395e+06	0.24473	231.663	0	0	0	19155	9973	0	0
work/039252_16_d42fit/tracking-stm.root	0	2259	1.49731e+06	0.195122	239.448	0	0	5651	26176	0	0	0
work/039252_16_d42fit/tracking-stm.root	0	2261	1.50176e+06	0.145893	239.448	0	0	0	31324	1086	0	0
work/039252_16_d42fit/tracking-stm.root	0	2263	1.50536e+06	0.232696	239.448	0	0	0	17396	18806	0	0
work/039252_16_d42fit/tracking-stm.root	0	2265	1.50922e+06	0.136017	234.976	0	48	5046	32841	0	0	0
work/039252_16_d42fit/tracking-stm.root	0	2268	1.51508e+06	0.0712343	234.976	0	0	0	34357	6302	0	0
work/039252_16_d42fit/tracking-stm.root	0	2269	1.51839e+06	0.0811032	234.976	0	0	0	24204	7631	0	0
work/039252_16_d42fit/tracking-stm.root	0	2270	1.51839e+06	0.0811032	234.976	0	0	0	11179	5079	0	0
work/039252_16_d42fit/tracking-stm.root	0	2272	1.524e+06	0.0746908	239.256	0	0	1625	0	0	0	0
work/039252_16_d42fit/tracking-stm.root	0	2276	1.53152e+06	0.1206	239.256	0	0	1006	5013	0	0	0
work/039252_16_d42fit/tracking-stm.root	0	2278	1.53554e+06	0.208738	239.256	0	0	4434	12074	0	0	0
work/039252_16_d42fit/tracking-stm.root	1	1082	633407	0.11728	199.097	0	51177	23362	3938	0	0	0
work/039252_16_d42fit/tracking-stm.root	1	472	150310	0.219339	244.117	0	0	4269	24319	1173	0	0
work/039252_16_d42fit/tracking-stm.root	1	473	150310	0.219339	244.117	0	0	3006	15649	198	0	0
work/039252_16_d42fit/tracking-stm.root	1	475	154805	0.209611	237.552	0	6215	4765	169	0	0	0
work/039252_16_d42fit/tracking-stm.root	1	540	285550	0.216236	245.345	0	0	5264	12406	0	0	0
work/039252_16_d42fit/tracking-stm.root	1	546	297154	0.192544	246.728	0	1274	566	14791	329	568	0
work/039252_16_d42fit/tracking-stm.root	1	548	301271	0.168443	245.345	800	4435	11913	17236	24650	0	0
work/039252_16_d42fit/tracking-stm.root	1	550	305271	0	245.345	0	9402	24301	16193	8156	0	0
work/039252_16_d42fit/tracking-stm.root	1	552	309271	0.101871	245.345	0	19867	47339	0	946	0	0
work/039252_16_d42fit/tracking-stm.root	1	553	311373	0.0386743	245.345	0	27046	44412	0	75	0	0
work/039252_16_d42fit/tracking-stm.root	1	592	390158	0.153186	0	21	5634	0	0	37171	0	0
work/039252_16_d42fit/tracking-stm.root	1	597	399225	0.162683	213.375	64483	33396	24040	35093	21609	0	0
work/039252_16_d42fit/tracking-stm.root	1	1839	658333	0.0447689	198.754	914	11195	8707	0	0	0	0
work/039252_16_d42fit/tracking-stm.root	1	1841	662406	0.00180124	198.754	373	13442	7191	0	0	0	0
work/039252_16_d42fit/tracking-stm.root	1	1842	662406	0.00180124	198.754	1154	14581	5858	0	0	0	0
work/039252_16_d42fit/tracking-stm.root	1	1846	672721	0.131401	221.044	0	0	63	24321	2036	0	0
work/039252_16_d42fit/tracking-stm.root	1	1847	672721	0.131401	221.044	460	399	389	26507	2263	0	0
work/039252_16_d42fit/tracking-stm.root	1	1848	675764	0.130483	200.945	958	2622	29060	1392	0	0	0
work/039252_16_d42fit/tracking-stm.root	1	1849	678318	0.0163047	200.945	4074	14775	26694	972	0	0	0
work/039252_16_d42fit/tracking-stm.root	1	1851	682734	0.0269172	200.945	707	17702	18321	549	0	0	0
work/039252_16_d42fit/tracking-stm.root	1	1852	682734	0.0269172	200.945	0	9955	13462	211	0	0	0
work/039252_16_d42fit/tracking-stm.root	1	1855	689655	0.0337065	212.176	0	698	0	16727	8299	1890	0
work/039252_16_d42fit/tracking-stm.root	1	1857	693645	0.034862	200.945	225	16661	3844	2972	0	0	0
work/039252_16_d42fit/tracking-stm.root	1	1861	701157	0.159943	212.176	0	0	5150	13521	5191	2654	0
work/039252_16_d42fit/tracking-stm.root	1	1862	704728	0.126659	221.044	0	7399	9796	4876	2089	0	0
work/039252_16_d42fit/tracking-stm.root	1	1863	704728	0.126659	221.044	0	10570	6572	3839	2341	0	0
work/039252_16_d42fit/tracking-stm.root	1	1864	708248	0.0451968	221.044	0	12316	4865	4283	2478	0	0
work/039252_16_d42fit/tracking-stm.root	1	1869	718092	0.142895	219.854	0	0	2146	15023	0	3477	1720
work/039252_16_d42fit/tracking-stm.root	1	1871	721691	0.174823	212.176	0	6020	14003	0	3753	1217	0
work/039252_16_d42fit/tracking-stm.root	1	1873	725037	0.0975123	212.176	0	12185	10610	0	1068	843	0
work/039252_16_d42fit/tracking-stm.root	1	1878	736287	0.0245021	213.439	2	1085	215	22398	901	0	0
work/039252_16_d42fit/tracking-stm.root	1	1880	739104	0.0972461	213.439	462	0	2183	31216	7621	53	0
work/039252_16_d42fit/tracking-stm.root	1	1882	743661	0.179227	219.854	0	8608	4329	0	242	0	0
work/039252_16_d42fit/tracking-stm.root	1	1888	755862	0.139999	238.916	0	161	3003	11042	0	0	0
work/039252_16_d42fit/tracking-stm.root	1	1890	758809	0.108244	213.439	41	8212	5558	0	0	0	0
work/039252_16_d42fit/tracking-stm.root	1	1891	761756	0.0670676	213.439	0	10899	3275	0	0	0	0
work/039252_16_d42fit/tracking-stm.root	1	1896	772091	0.140363	216.67	0	0	427	14550	0	0	0
work/039252_16_d42fit/tracking-stm.root	1	1898	776387	0.0921298	238.916	0	5729	12533	0	0	0	0
work/039252_16_d42fit/tracking-stm.root	1	1899	776387	0.0921298	238.916	0	11453	11458	0	0	0	0
work/039252_16_d42fit/tracking-stm.root	1	1904	788482	0.12164	228.721	0	0	683	13778	29	0	0
work/039252_16_d42fit/tracking-stm.root	1	1905	788482	0.12164	228.721	0	0	1959	11847	0	0	0
work/039252_16_d42fit/tracking-stm.root	1	1906	791919	0.0841692	228.721	0	0	4592	10944	0	0	0
work/039252_16_d42fit/tracking-stm.root	1	1908	795052	0.0964498	216.67	0	10260	6647	0	0	0	0
work/039252_16_d42fit/tracking-stm.root	1	1909	798413	0.0951954	216.67	0	15333	4773	0	0	0	0
work/039252_16_d42fit/tracking-stm.root	1	1910	798413	0.0951954	216.67	0	17212	2558	0	0	0	0
work/039252_16_d42fit/tracking-stm.root	1	1915	810721	0.14619	228.721	0	2218	12604	0	0	0	0
work/039252_16_d42fit/tracking-stm.root	1	1916	810721	0.14619	228.721	0	5395	11325	0	0	0	0
work/039252_16_d42fit/tracking-stm.root	1	1917	814185	0.0778619	228.721	0	7236	9266	0	0	0	0
work/039252_16_d42fit/tracking-stm.root	1	1923	826537	0.147222	226.376	0	0	0	15598	264	0	0
work/039252_16_d42fit/tracking-stm.root	1	1924	826537	0.147222	226.376	0	0	671	14395	147	0	0
work/039252_16_d42fit/tracking-stm.root	1	1925	830118	0.0911226	228.679	0	2539	12378	1478	0	0	0
work/039252_16_d42fit/tracking-stm.root	1	1927	833359	0.0291323	228.679	0	6768	7610	1265	0	0	0
work/039252_16_d42fit/tracking-stm.root	1	1928	836600	0.0805887	228.679	0	9942	5423	744	0	0	0
work/039252_16_d42fit/tracking-stm.root	1	1929	836600	0.0805887	228.679	0	11730	4025	716	0	0	0
work/039252_16_d42fit/tracking-stm.root	1	1934	848081	0.0381363	236.267	0	0	3242	12046	427	0	0
work/039252_16_d42fit/tracking-stm.root	1	1936	851208	0.115936	236.267	0	12	5059	8777	0	0	0
work/039252_16_d42fit/tracking-stm.root	1	1938	855169	0.164564	226.376	0	10281	2688	904	0	0	0
work/039252_16_d42fit/tracking-stm.root	1	1943	865498	0.0162479	232.944	0	0	0	15121	0	0	0
work/039252_16_d42fit/tracking-stm.root	1	1945	870237	0.087898	232.944	0	0	2166	12642	0	0	0
work/039252_16_d42fit/tracking-stm.root	1	1948	875006	0.192556	236.267	0	9531	5646	0	0	0	0
work/039252_16_d42fit/tracking-stm.root	1	1955	888775	0.0313306	207.655	0	0	1051	18516	0	0	0
work/039252_16_d42fit/tracking-stm.root	1	1956	892118	0.142946	207.655	0	0	3240	14530	0	0	0
work/039252_16_d42fit/tracking-stm.root	1	1963	904891	0.0421959	212.179	0	409	870	20947	0	0	0
work/039252_16_d42fit/tracking-stm.root	1	1964	908172	0.0409933	212.179	0	0	3524	21528	0	0	0
work/039252_16_d42fit/tracking-stm.root	1	1967	913724	0.13264	212.179	0	0	5321	13247	0	0	0
work/039252_16_d42fit/tracking-stm.root	1	1973	924977	0.0167256	204.553	0	0	0	12278	0	0	0
work/039252_16_d42fit/tracking-stm.root	1	1975	929256	0.0591862	204.553	0	398	817	12150	0	0	0
work/039252_16_d42fit/tracking-stm.root	1	1980	940102	0.138086	204.553	0	0	19674	17968	0	0	0
work/039252_16_d42fit/tracking-stm.root	1	1982	943084	0.129755	207.976	0	0	0	16107	0	0	0
work/039252_16_d42fit/tracking-stm.root	1	1983	946065	0.0176876	207.976	0	28	0	12970	0	0	0
work/039252_16_d42fit/tracking-stm.root	1	1984	948653	0.106623	207.976	0	218	606	11541	0	0	0
work/039252_16_d42fit/tracking-stm.root	1	1985	948653	0.106623	207.976	0	0	3046	10657	0	0	0
work/039252_16_d42fit/tracking-stm.root	1	1986	951989	0.147437	204.553	0	7385	9202	0	0	0	0
work/039252_16_d42fit/tracking-stm.root	1	1988	954960	0.152515	204.553	0	11237	3716	233	0	0	0
work/039252_16_d42fit/tracking-stm.root	1	1993	965759	0.110295	224.295	0	0	184	12002	0	0	0
work/039252_16_d42fit/tracking-stm.root	1	1995	970263	0.233731	207.976	0	6804	7985	69	0	0	0
work/039252_16_d42fit/tracking-stm.root	1	2000	979166	0.0150583	210.338	0	0	0	17595	0	0	0
work/039252_16_d42fit/tracking-stm.root	1	2002	984308	0.103498	210.338	0	38	3923	15683	0	0	0
work/039252_16_d42fit/tracking-stm.root	1	2004	987656	0.140404	224.295	0	6831	5102	0	0	0	0
work/039252_16_d42fit/tracking-stm.root	1	2010	1.00009e+06	0.244753	213.756	0	0	12672	14609	0	0	0
work/039252_16_d42fit/tracking-stm.root	1	2015	1.01022e+06	0.11296	206.45	0	0	1012	17358	0	0	0
work/039252_16_d42fit/tracking-stm.root	1	2017	1.01359e+06	0.213745	213.756	0	4400	13072	0	0	0	0
work/039252_16_d42fit/tracking-stm.root	1	2019	1.01695e+06	0.139389	213.756	0	9564	5788	0	0	0	0
work/039252_16_d42fit/tracking-stm.root	1	2024	1.02686e+06	0.152729	211.681	0	0	3078	12253	0	0	0
work/039252_16_d42fit/tracking-stm.root	1	2025	1.03029e+06	0.20436	206.45	0	7327	10494	150	0	0	0
work/039252_16_d42fit/tracking-stm.root	1	2031	1.04206e+06	0.166786	217.378	0	34	2275	14967	0	0	0
work/039252_16_d42fit/tracking-stm.root	1	2033	1.04554e+06	0.133298	211.681	0	8492	8425	0	0	0	0
work/039252_16_d42fit/tracking-stm.root	1	2040	1.05879e+06	0.166054	212.265	0	0	10414	7043	0	0	0
work/039252_16_d42fit/tracking-stm.root	1	2044	1.06861e+06	0.0535709	208.526	0	0	231	17669	0	0	0
work/039252_16_d42fit/tracking-stm.root	1	2045	1.06861e+06	0.0535709	208.526	0	0	3330	14782	0	0	0
work/039252_16_d42fit/tracking-stm.root	1	2046	1.0721e+06	0.112619	208.526	21	0	7957	14305	0	0	0
work/039252_16_d42fit/tracking-stm.root	1	2052	1.08252e+06	0.0247027	216.024	990	157	1825	13989	62	0	0
work/039252_16_d42fit/tracking-stm.root	1	2055	1.08903e+06	0.0323585	208.526	0	11197	823	0	0	0	0
work/039252_16_d42fit/tracking-stm.root	1	2059	1.09783e+06	0.210659	216.024	0	8562	6562	8	0	0	0
work/039252_16_d42fit/tracking-stm.root	1	2066	1.11092e+06	0.247615	218.393	0	6276	6727	0	0	0	0
work/039252_16_d42fit/tracking-stm.root	1	2069	1.11757e+06	0.0157011	218.017	0	0	1299	21928	0	0	0
work/039252_16_d42fit/tracking-stm.root	1	2070	1.12045e+06	0.12333	218.017	0	0	2393	18220	0	0	0
work/039252_16_d42fit/tracking-stm.root	1	2071	1.12045e+06	0.12333	218.017	0	0	4161	11813	0	0	0
work/039252_16_d42fit/tracking-stm.root	1	2072	1.12316e+06	0.218485	218.017	0	0	7202	7557	0	0	0
work/039252_16_d42fit/tracking-stm.root	1	2082	1.14362e+06	0.0413113	217.169	0	0	0	16833	0	0	0
work/039252_16_d42fit/tracking-stm.root	1	2084	1.14779e+06	0.153401	217.169	0	49	1837	12093	0	0	0
work/039252_16_d42fit/tracking-stm.root	1	2086	1.15076e+06	0.208419	230.12	0	10487	3322	0	0	0	0
work/039252_16_d42fit/tracking-stm.root	1	2091	1.1627e+06	0.189345	217.169	0	4026	9142	0	0	0	0
work/039252_16_d42fit/tracking-stm.root	1	2092	1.1627e+06	0.189345	217.169	0	8333	6270	0	0	0	0
work/039252_16_d42fit/tracking-stm.root	1	2094	1.16684e+06	0.0782583	217.169	0	17366	1280	0	0	0	0
work/039252_16_d42fit/tracking-stm.root	1	2100	1.17946e+06	0.244372	216.905	0	9838	5252	0	0	0	0
work/039252_16_d42fit/tracking-stm.root	1	2104	1.18683e+06	0.107975	210.528	0	0	0	18761	0	0	0
work/039252_16_d42fit/tracking-stm.root	1	2105	1.18993e+06	0.0874788	210.528	0	1064	245	12646	0	0	0
work/039252_16_d42fit/tracking-stm.root	1	2107	1.19455e+06	0.0881728	206.985	1325	4938	6968	0	0	0	0
work/039252_16_d42fit/tracking-stm.root	1	2108	1.19455e+06	0.0881728	206.985	594	8847	4304	440	0	0	0
work/039252_16_d42fit/tracking-stm.root	1	2113	1.20533e+06	0.11369	212.946	0	0	89	13965	0	0	0
work/039252_16_d42fit/tracking-stm.root	1	2115	1.20919e+06	0.0888058	212.946	0	0	5550	14481	0	0	0
work/039252_16_d42fit/tracking-stm.root	1	2117	1.21433e+06	0.0927291	210.528	0	8013	5726	215	0	0	0
work/039252_16_d42fit/tracking-stm.root	1	2123	1.2252e+06	0.185628	209.669	0	0	1220	12939	51	0	0
work/039252_16_d42fit/tracking-stm.root	1	2125	1.22923e+06	0.117678	212.946	0	6082	8940	0	0	0	0
work/039252_16_d42fit/tracking-stm.root	1	2127	1.23311e+06	0.0110585	212.946	0	10445	3892	0	0	0	0
work/039252_16_d42fit/tracking-stm.root	1	2133	1.24642e+06	0.149873	211.752	0	0	5016	7373	15	0	0
work/039252_16_d42fit/tracking-stm.root	1	2134	1.24642e+06	0.149873	211.752	0	0	7071	4154	29	0	0
work/039252_16_d42fit/tracking-stm.root	1	2135	1.24974e+06	0.130717	209.669	0	11453	931	57	0	0	0
work/039252_16_d42fit/tracking-stm.root	1	2141	1.26078e+06	0.100708	218.241	0	0	1056	13837	0	0	0
work/039252_16_d42fit/tracking-stm.root	1	2142	1.26466e+06	0.03755	218.241	0	0	2058	11717	0	0	0
work/039252_16_d42fit/tracking-stm.root	1	2143	1.26466e+06	0.03755	218.241	0	0	3440	10393	0	0	0
work/039252_16_d42fit/tracking-stm.root	1	2144	1.26773e+06	0.0840451	218.241	0	0	5336	8590	0	0	0
work/039252_16_d42fit/tracking-stm.root	1	2150	1.28059e+06	0.0174411	210.789	0	0	0	15712	231	0	0
work/039252_16_d42fit/tracking-stm.root	1	2151	1.28059e+06	0.0174411	210.789	0	0	0	15250	134	0	0
work/039252_16_d42fit/tracking-stm.root	1	2152	1.28412e+06	0.016673	210.789	0	0	0	14774	0	0	0
work/039252_16_d42fit/tracking-stm.root	1	2154	1.28712e+06	0.0980594	210.789	0	0	736	13200	0	0	0
work/039252_16_d42fit/tracking-stm.root	1	2156	1.29101e+06	0.196954	210.789	0	0	5684	9926	0	0	0
work/039252_16_d42fit/tracking-stm.root	1	2158	1.29479e+06	0.146437	218.241	0	11973	3863	275	0	0	0
work/039252_16_d42fit/tracking-stm.root	1	2162	1.30455e+06	0.120107	203.06	0	14	0	15935	0	0	0
work/039252_16_d42fit/tracking-stm.root	1	2163	1.30455e+06	0.120107	203.06	0	56	144	15613	0	0	0
work/039252_16_d42fit/tracking-stm.root	1	2165	1.30943e+06	0.0613327	210.789	0	2392	12315	269	0	0	0
work/039252_16_d42fit/tracking-stm.root	1	2167	1.31427e+06	0.00235446	203.06	0	0	3780	8703	0	0	0
work/039252_16_d42fit/tracking-stm.root	1	2169	1.31749e+06	0.154176	210.789	0	10295	5554	88	0	0	0
work/039252_16_d42fit/tracking-stm.root	1	2174	1.32861e+06	0.0255024	194.554	0	0	0	26551	0	0	0
work/039252_16_d42fit/tracking-stm.root	1	2175	1.32861e+06	0.0255024	194.554	0	0	211	27223	0	0	0
work/039252_16_d42fit/tracking-stm.root	1	2177	1.3338e+06	0.0798002	194.554	0	0	8959	29354	0	0	0
work/039252_16_d42fit/tracking-stm.root	1	2179	1.33733e+06	0.00103362	194.554	0	0	2300	13771	0	0	0
work/039252_16_d42fit/tracking-stm.root	1	2180	1.33994e+06	0.091354	194.554	0	0	4137	11743	0	0	0
work/039252_16_d42fit/tracking-stm.root	1	2186	1.35185e+06	0.0147694	209.72	0	0	0	22440	3320	0	0
work/039252_16_d42fit/tracking-stm.root	1	2187	1.35456e+06	0.0926525	209.72	0	0	0	16182	1678	0	0
work/039252_16_d42fit/tracking-stm.root	1	2188	1.35456e+06	0.0926525	209.72	0	0	0	14725	1016	0	0
work/039252_16_d42fit/tracking-stm.root	1	2189	1.35778e+06	0.136473	209.72	0	0	0	15287	71	0	0
work/039252_16_d42fit/tracking-stm.root	1	2190	1.36069e+06	0.00595923	209.72	0	0	0	13909	476	0	0
work/039252_16_d42fit/tracking-stm.root	1	2191	1.36069e+06	0.00595923	209.72	0	0	0	13225	375	0	0
work/039252_16_d42fit/tracking-stm.root	1	2192	1.36436e+06	0.0264508	209.72	0	91	327	11944	700	0	0
work/039252_16_d42fit/tracking-stm.root	1	2193	1.36436e+06	0.0264508	209.72	0	0	1829	11609	85	0	0
work/039252_16_d42fit/tracking-stm.root	1	2194	1.3679e+06	0.124711	194.554	0	3417	12861	0	0	0	0
work/039252_16_d42fit/tracking-stm.root	1	2196	1.37142e+06	0.0268799	194.554	0	12732	17605	31	0	0	0
work/039252_16_d42fit/tracking-stm.root	1	2198	1.37599e+06	0.038515	194.554	0	15029	8179	138	0	0	0
work/039252_16_d42fit/tracking-stm.root	1	2200	1.37937e+06	0.0807618	194.554	0	13697	4130	149	0	0	0
work/039252_16_d42fit/tracking-stm.root	1	2201	1.38267e+06	0.00922449	194.554	0	12642	2600	0	0	0	0
work/039252_16_d42fit/tracking-stm.root	1	2202	1.38267e+06	0.00922449	194.554	108	13137	1578	37	0	0	0
work/039252_16_d42fit/tracking-stm.root	1	2206	1.39209e+06	0.0283474	228.64	0	0	26	15136	10	0	0
work/039252_16_d42fit/tracking-stm.root	1	2208	1.39526e+06	0.0836519	228.64	0	0	1204	14148	89	0	0
work/039252_16_d42fit/tracking-stm.root	1	2209	1.39873e+06	0.168188	209.72	0	2648	12943	64	0	0	0
work/039252_16_d42fit/tracking-stm.root	1	2210	1.39873e+06	0.168188	209.72	0	4364	10919	0	0	0	0
work/039252_16_d42fit/tracking-stm.root	1	2211	1.40219e+06	0.00998489	209.72	0	7319	12721	0	0	0	0
work/039252_16_d42fit/tracking-stm.root	1	2212	1.40461e+06	0.057558	209.72	0	11681	14445	0	0	0	0
work/039252_16_d42fit/tracking-stm.root	1	2213	1.40461e+06	0.057558	209.72	0	13094	11038	0	0	0	0
work/039252_16_d42fit/tracking-stm.root	1	2218	1.41485e+06	0.04545	225.892	0	0	0	23362	0	0	0
work/039252_16_d42fit/tracking-stm.root	1	2219	1.41805e+06	0.0809169	225.892	0	0	0	22381	0	0	0
work/039252_16_d42fit/tracking-stm.root	1	2221	1.42125e+06	0.0677874	225.892	0	63	0	24355	0	0	0
work/039252_16_d42fit/tracking-stm.root	1	2223	1.42506e+06	0.0266054	225.892	0	23	4899	20717	0	0	0
work/039252_16_d42fit/tracking-stm.root	1	2224	1.42804e+06	0.0765962	225.892	0	0	9519	20907	0	0	0
work/039252_16_d42fit/tracking-stm.root	1	2226	1.43185e+06	0.145969	228.64	0	9977	9907	0	0	0	0
work/039252_16_d42fit/tracking-stm.root	1	2228	1.43566e+06	0.0395949	228.64	0	14608	5647	0	0	0	0
work/039252_16_d42fit/tracking-stm.root	1	2233	1.44515e+06	0.000268197	242.639	0	0	1476	14617	4365	9	0
work/039252_16_d42fit/tracking-stm.root	1	2234	1.44815e+06	0.0718402	242.639	0	0	2343	17128	4341	0	0
work/039252_16_d42fit/tracking-stm.root	1	2236	1.4508e+06	0.0366725	242.639	0	0	2683	17897	1707	9	0
work/039252_16_d42fit/tracking-stm.root	1	2237	1.45456e+06	0.0215985	242.639	0	0	3154	17726	2288	0	0
work/039252_16_d42fit/tracking-stm.root	1	2238	1.45456e+06	0.0215985	242.639	0	0	4361	18582	2375	0	0
work/039252_16_d42fit/tracking-stm.root	1	2239	1.45703e+06	0.103855	242.639	0	0	4881	19036	1646	0	0
work/039252_16_d42fit/tracking-stm.root	1	2240	1.45982e+06	0.0016013	242.639	0	0	5677	20331	513	0	0
work/039252_16_d42fit/tracking-stm.root	1	2242	1.46378e+06	0.039814	242.639	0	0	9992	21785	325	0	0
work/039252_16_d42fit/tracking-stm.root	1	2243	1.4666e+06	0.0888753	242.639	0	0	10138	20690	313	0	0
work/039252_16_d42fit/tracking-stm.root	1	2244	1.4666e+06	0.0888753	242.639	0	0	9355	19168	0	0	0
work/039252_16_d42fit/tracking-stm.root	1	2245	1.46941e+06	0.0622062	242.639	0	0	8590	20011	0	0	0
work/039252_16_d42fit/tracking-stm.root	1	2246	1.47265e+06	0.00303343	225.892	0	9437	19597	0	0	0	0
work/039252_16_d42fit/tracking-stm.root	1	2247	1.47265e+06	0.00303343	225.892	0	8966	18568	389	0	0	0
work/039252_16_d42fit/tracking-stm.root	1	2248	1.47537e+06	0.0532346	242.639	0	0	7347	19473	916	0	0
work/039252_16_d42fit/tracking-stm.root	1	2249	1.47809e+06	0.0365393	242.639	0	0	7006	21201	122	0	0
work/039252_16_d42fit/tracking-stm.root	1	2252	1.48288e+06	0.0703032	242.639	0	0	3497	29219	0	0	0
work/039252_16_d42fit/tracking-stm.root	1	2255	1.4897e+06	0.00789183	228.64	0	27395	514	0	0	0	0
work/039252_16_d42fit/tracking-stm.root	1	2257	1.49395e+06	0.107914	242.639	0	0	0	25954	2478	0	0
work/039252_16_d42fit/tracking-stm.root	1	2261	1.50176e+06	0.040048	228.64	0	21290	13645	0	0	0	0
work/039252_16_d42fit/tracking-stm.root	1	2263	1.50536e+06	0.197969	225.892	0	0	14870	21327	0	0	0
work/039252_16_d42fit/tracking-stm.root	1	2265	1.50922e+06	0.0637792	225.892	0	0	11572	27966	0	0	0
work/039252_16_d42fit/tracking-stm.root	1	2269	1.51839e+06	0.242983	209.72	2702	26047	0	0	0	0	0
work/039252_16_d42fit/tracking-stm.root	1	2270	1.51839e+06	0.242983	209.72	819	11832	0	0	0	0	0
work/039252_16_d42fit/tracking-stm.root	1	2272	1.524e+06	0.233402	228.64	0	370	17	0	0	0	0
work/039252_16_d42fit/tracking-stm.root	1	2276	1.53152e+06	0.179265	194.554	0	2083	4829	0	0	0	0
work/039252_16_d42fit/tracking-stm.root	1	2278	1.53554e+06	0.204231	209.72	0	0	3555	10917	0	0	0
work/039252_16_d42fit/tracking-stm.root	2	536	277271	0.195993	148.024	0	0	0	5831	13355	95	0
work/039252_16_d42fit/tracking-stm.root	2	538	280551	0.135588	136.264	0	0	6099	8655	0	0	0
work/039252_16_d42fit/tracking-stm.root	2	540	285550	0.0586563	136.264	0	0	5612	10172	522	0	0
work/039252_16_d42fit/tracking-stm.root	2	541	288337	0.0552318	136.264	0	0	5799	10864	795	0	0
work/039252_16_d42fit/tracking-stm.root	2	542	288337	0.0552318	136.264	0	0	3139	10340	50	0	0
work/039252_16_d42fit/tracking-stm.root	2	544	293456	0.0404576	136.264	0	0	597	12618	908	0	0
work/039252_16_d42fit/tracking-stm.root	2	546	297154	0.0017703	136.264	0	0	0	5042	10404	267	0
work/039252_16_d42fit/tracking-stm.root	2	548	301271	0.0935935	136.264	4061	1077	145	212	12203	3077	115
work/039252_16_d42fit/tracking-stm.root	2	550	305271	0.25	139.598	11949	3909	494	3487	10190	572	0
work/039252_16_d42fit/tracking-stm.root	2	598	401222	0.133082	141.65	4099	1401	18734	33301	5479	876	0
work/039252_16_d42fit/tracking-stm.root	2	1839	658333	0.195014	142.409	0	0	4895	8131	0	0	0
work/039252_16_d42fit/tracking-stm.root	2	1841	662406	0.220808	142.409	0	0	0	12828	931	0	0
work/039252_16_d42fit/tracking-stm.root	2	1842	662406	0.220808	142.409	0	0	0	9526	3443	0	0
work/039252_16_d42fit/tracking-stm.root	2	1851	682734	0.235439	150.625	0	0	145	24174	6601	25	0
work/039252_16_d42fit/tracking-stm.root	2	1852	682734	0.235439	150.625	0	0	0	12541	3913	26	0
work/039252_16_d42fit/tracking-stm.root	2	1876	732072	0.191112	151.546	0	0	10795	12026	306	0	0
work/039252_16_d42fit/tracking-stm.root	2	1878	736287	0.161881	151.546	0	0	2733	19762	1815	394	0
work/039252_16_d42fit/tracking-stm.root	2	1983	946065	0.0747934	143.795	4532	301	0	10974	107	0	0
work/039252_16_d42fit/tracking-stm.root	2	1986	951989	0.201841	153.319	0	0	3606	13208	313	0	0
work/039252_16_d42fit/tracking-stm.root	2	2000	979166	0.235889	157.346	0	0	0	14904	563	0	0
work/039252_16_d42fit/tracking-stm.root	2	2002	984308	0.219598	157.346	0	0	0	16871	8219	0	0
work/039252_16_d42fit/tracking-stm.root	2	2004	987656	0.23463	158.134	0	0	634	13275	0	0	0
work/039252_16_d42fit/tracking-stm.root	2	2013	1.00588e+06	0.248783	147.971	0	0	0	15038	5144	288	0
work/039252_16_d42fit/tracking-stm.root	2	2050	1.07856e+06	0.244378	150.566	0	0	0	29249	7654	0	0
work/039252_16_d42fit/tracking-stm.root	2	2076	1.13156e+06	0.224198	146.634	0	0	1359	11637	2114	0	0
work/039252_16_d42fit/tracking-stm.root	2	2253	1.48589e+06	0.229794	142.923	0	0	4505	26495	1911	117	0
work/039252_16_d42fit/tracking-stm.root	2	2255	1.4897e+06	0.241639	142.923	0	0	0	16546	11272	211	0
work/039252_16_d42fit/tracking-stm.root	2	2257	1.49395e+06	0.205224	141.189	0	0	2851	22364	1581	0	0
work/039252_16_d42fit/tracking-stm.root	2	2259	1.49731e+06	0.215383	141.189	0	0	0	21812	8269	0	0
work/039252_16_d42fit/tracking-stm.root	2	2261	1.50176e+06	0.158767	137.279	0	0	10444	20985	0	0	0
work/039252_16_d42fit/tracking-stm.root	2	2263	1.50536e+06	0.0520894	137.279	0	152	2848	27583	0	0	0
work/039252_16_d42fit/tracking-stm.root	2	2265	1.50922e+06	0.108357	137.279	0	0	0	30605	0	2284	0
work/039252_16_d42fit/tracking-stm.root	2	2268	1.51508e+06	0.00169279	137.279	0	0	0	18926	0	6833	0
work/039252_16_d42fit/tracking-stm.root	2	2269	1.51839e+06	0.186449	137.279	0	0	0	12277	0	3849	0
work/039252_16_d42fit/tracking-stm.root	2	2270	1.51839e+06	0.186449	137.279	0	0	60	6219	0	1007	0
work/039252_16_d42fit/tracking-stm.root	2	2276	1.53152e+06	0.0879974	141.189	0	0	2657	4549	0	0	0
work/039252_16_d42fit/tracking-stm.root	2	2278	1.53554e+06	0.00676052	141.189	0	0	4277	8212	0	0	0
work/039253_17_d42fit/tracking-stm.root	0	918	940869	0.200264	0	0	0	0	0	6581	1465	0
work/039253_17_d42fit/tracking-stm.root	0	950	1.00632e+06	0.230851	143.545	0	30235	8422	0	0	0	0
work/039253_17_d42fit/tracking-stm.root	0	951	1.00632e+06	0.230851	143.545	0	18668	20633	0	0	0	0
work/039253_17_d42fit/tracking-stm.root	0	955	1.01558e+06	0.211529	142.291	0	20571	8111	0	865	0	0
work/039253_17_d42fit/tracking-stm.root	0	957	1.01994e+06	0.164038	143.545	0	0	6460	24349	0	993	0
work/039253_17_d42fit/tracking-stm.root	0	961	1.02788e+06	0.249623	142.291	0	0	9932	16054	0	0	498
work/039253_17_d42fit/tracking-stm.root	0	965	1.0358e+06	0.243791	142.126	0	21733	10466	0	2038	0	0
work/039253_17_d42fit/tracking-stm.root	0	967	1.0388e+06	0.217448	137.803	0	0	4170	22275	0	1500	0
work/039253_17_d42fit/tracking-stm.root	0	970	1.04602e+06	0.217107	137.141	0	17160	6490	802	0	0	0
work/039253_17_d42fit/tracking-stm.root	0	975	1.05623e+06	0.219787	143.261	0	18262	8753	0	0	0	0
work/039253_17_d42fit/tracking-stm.root	0	976	1.05623e+06	0.219787	143.261	0	12493	15611	0	0	0	0
work/039253_17_d42fit/tracking-stm.root	0	977	1.05976e+06	0.19474	137.141	0	0	5294	22507	0	0	0
work/039253_17_d42fit/tracking-stm.root	0	982	1.06939e+06	0.200899	143.261	0	0	13006	14517	0	0	0
work/039253_17_d42fit/tracking-stm.root	0	986	1.07789e+06	0.138524	144.015	100	50238	3695	0	0	0	0
work/039253_17_d42fit/tracking-stm.root	0	987	1.08044e+06	0.188038	144.015	127	33279	10535	0	0	0	0
work/039253_17_d42fit/tracking-stm.root	0	988	1.08044e+06	0.188038	144.015	682	13974	15349	0	0	0	0
work/039253_17_d42fit/tracking-stm.root	0	989	1.08284e+06	0.240781	143.229	0	1605	6212	20344	0	0	0
work/039253_17_d42fit/tracking-stm.root	0	993	1.09073e+06	0.229287	139.273	0	16565	7824	0	0	0	0
work/039253_17_d42fit/tracking-stm.root	0	994	1.09383e+06	0.203863	144.015	0	0	10932	13566	0	0	0
work/039253_17_d42fit/tracking-stm.root	0	999	1.10337e+06	0.156743	146.739	0	21066	12740	0	0	0	0
work/039253_17_d42fit/tracking-stm.root	0	1004	1.11268e+06	0.213757	143.171	0	16570	8428	167	0	0	0
work/039253_17_d42fit/tracking-stm.root	0	1008	1.12235e+06	0.206388	141.943	0	22438	4347	0	0	0	0
work/039253_17_d42fit/tracking-stm.root	0	1009	1.12235e+06	0.206388	141.943	0	17155	11545	0	0	0	0
work/039253_17_d42fit/tracking-stm.root	0	1010	1.1247e+06	0.224575	143.171	0	0	10305	18690	0	0	0
work/039253_17_d42fit/tracking-stm.root	0	1014	1.13298e+06	0.219311	145.778	0	23810	16440	1547	0	0	0
work/039253_17_d42fit/tracking-stm.root	0	1019	1.14396e+06	0.138608	140.564	0	18013	8939	0	0	0	0
work/039253_17_d42fit/tracking-stm.root	0	1022	1.14945e+06	0.197869	145.778	0	0	1951	24339	0	0	0
work/039253_17_d42fit/tracking-stm.root	0	1027	1.15964e+06	0.210044	140.564	0	0	9895	16202	0	0	0
work/039253_17_d42fit/tracking-stm.root	0	1032	1.16897e+06	0.0900143	148.807	760	35421	16555	0	0	0	0
work/039253_17_d42fit/tracking-stm.root	0	1033	1.17231e+06	0.229982	148.807	12608	50989	29028	0	0	0	0
work/039253_17_d42fit/tracking-stm.root	0	1036	1.1784e+06	0.212479	158.215	0	24852	5311	0	0	0	0
work/039253_17_d42fit/tracking-stm.root	0	1037	1.1784e+06	0.212479	158.215	0	14266	12025	0	0	0	0
work/039253_17_d42fit/tracking-stm.root	0	1038	1.18071e+06	0.201092	148.807	1510	0	6413	18128	0	0	0
work/039253_17_d42fit/tracking-stm.root	0	1043	1.19086e+06	0.230027	158.215	0	0	7001	16673	0	0	0
work/039253_17_d42fit/tracking-stm.root	0	1049	1.20277e+06	0.127934	160.501	0	0	2505	24181	0	0	0
work/039253_17_d42fit/tracking-stm.root	0	1065	1.23487e+06	0.246249	160.211	0	0	9044	20705	0	0	0
work/039253_17_d42fit/tracking-stm.root	0	1077	1.26049e+06	0.1656	162.311	0	19621	4680	0	0	131	2886
work/039253_17_d42fit/tracking-stm.root	0	1078	1.26049e+06	0.1656	162.311	0	13784	11551	0	0	187	2598
work/039253_17_d42fit/tracking-stm.root	0	1079	1.26335e+06	0.188439	162.311	0	6779	21179	0	0	159	2364
work/039253_17_d42fit/tracking-stm.root	0	1087	1.27883e+06	0.205758	169.887	0	20531	9577	0	88	0	465
work/039253_17_d42fit/tracking-stm.root	0	1097	1.2995e+06	0.222592	171.204	0	14686	5433	0	358	0	0
work/039253_17_d42fit/tracking-stm.root	0	1098	1.302e+06	0.187107	171.297	0	0	8287	13001	0	517	0
work/039253_17_d42fit/tracking-stm.root	0	1104	1.31336e+06	0.141622	171.204	0	464	15238	25715	0	0	0
work/039253_17_d42fit/tracking-stm.root	0	1109	1.32389e+06	0.191509	150.003	0	29529	4005	0	0	0	0
work/039253_17_d42fit/tracking-stm.root	0	1115	1.33591e+06	0.246341	150.003	0	0	11287	19215	0	0	0
work/039253_17_d42fit/tracking-stm.root	0	1119	1.34393e+06	0.249804	149.465	0	15013	18361	0	0	0	0
work/039253_17_d42fit/tracking-stm.root	0	1124	1.35386e+06	0.236452	149.465	0	1372	10640	18961	0	0	0
work/039253_17_d42fit/tracking-stm.root	0	1131	1.36843e+06	0.201977	148.925	0	25762	3605	0	0	0	0
work/039253_17_d42fit/tracking-stm.root	0	1137	1.37938e+06	0.249499	148.925	0	0	15764	16799	0	0	0
work/039253_17_d42fit/tracking-stm.root	0	1142	1.39023e+06	0.185015	146.558	0	0	13335	20827	0	0	0
work/039253_17_d42fit/tracking-stm.root	0	1143	1.39023e+06	0.185015	146.558	0	0	5048	23556	0	0	0
work/039253_17_d42fit/tracking-stm.root	0	1159	1.42368e+06	0.178829	140.579	0	0	12825	15018	0	0	0
work/039253_17_d42fit/tracking-stm.root	0	1162	1.42987e+06	0.203341	146.456	0	36730	5805	0	322	0	0
work/039253_17_d42fit/tracking-stm.root	0	1164	1.4343e+06	0.24868	144.029	0	0	9205	21821	0	0	0
work/039253_17_d42fit/tracking-stm.root	0	1189	1.48295e+06	0.186401	136.694	0	19090	10182	0	0	0	0
work/039253_17_d42fit/tracking-stm.root	0	1194	1.49444e+06	0.240319	136.694	0	0	18832	16875	0	0	0
work/039253_17_d42fit/tracking-stm.root	0	1195	1.49444e+06	0.240319	136.694	0	0	6830	20895	0	61	0
work/039253_17_d42fit/tracking-stm.root	0	1201	1.50852e+06	0.242069	135.71	0	0	21909	5170	0	0	0
work/039253_17_d42fit/tracking-stm.root	0	1202	1.50852e+06	0.242069	135.71	0	0	15332	21266	0	555	0
work/039253_17_d42fit/tracking-stm.root	0	1203	1.51183e+06	0.156147	135.71	0	0	8132	32444	0	2237	0
work/039253_17_d42fit/tracking-stm.root	0	1223	1.55113e+06	0.248282	137.94	0	0	9472	16244	0	0	0
work/039253_17_d42fit/tracking-stm.root	0	1243	1.59091e+06	0.238952	139.998	0	16483	10812	0	0	0	0
work/039253_17_d42fit/tracking-stm.root	0	1271	1.64764e+06	0.23037	140.744	0	20430	6016	0	0	0	0
work/039253_17_d42fit/tracking-stm.root	0	1295	1.6965e+06	0.145336	139.218	0	0	14055	4505	0	0	0
work/039253_17_d42fit/tracking-stm.root	0	1296	1.6965e+06	0.145336	139.218	0	0	6992	9654	0	0	0
work/039253_17_d42fit/tracking-stm.root	0	1299	1.70273e+06	0.160132	145.16	0	8222	10273	0	0	0	0
work/039253_17_d42fit/tracking-stm.root	0	1308	1.72134e+06	0.23198	146.356	0	0	9617	17997	0	0	0
work/039253_17_d42fit/tracking-stm.root	0	1316	1.73758e+06	0.214529	145.345	0	0	10861	15770	0	0	0
work/039253_17_d42fit/tracking-stm.root	0	1325	1.75532e+06	0.118595	146.873	0	0	2511	11922	0	0	0
work/039253_17_d42fit/tracking-stm.root	0	1327	1.75921e+06	0.02945	146.873	0	0	760	7542	0	0	0
work/039253_17_d42fit/tracking-stm.root	0	1329	1.76269e+06	0.0298154	146.873	0	0	413	4453	0	0	0
work/039253_17_d42fit/tracking-stm.root	0	1330	1.76598e+06	0.000363444	146.873	0	0	527	2021	0	0	0
work/039253_17_d42fit/tracking-stm.root	1	885	875827	0.150366	147.074	0	0	3700	23956	0	0	0
work/039253_17_d42fit/tracking-stm.root	1	888	882080	0.192674	143.406	0	0	0	29231	2282	0	0
work/039253_17_d42fit/tracking-stm.root	1	890	884658	0.194456	143.406	0	0	5983	21526	0	0	0
work/039253_17_d42fit/tracking-stm.root	1	891	887509	0.235381	143.406	0	0	16486	14155	0	0	0
work/039253_17_d42fit/tracking-stm.root	1	892	890427	0.195627	137.181	0	0	0	24788	5485	0	0
work/039253_17_d42fit/tracking-stm.root	1	893	890427	0.195627	137.181	0	0	0	26790	376	0	0
work/039253_17_d42fit/tracking-stm.root	1	894	892463	0.188613	137.181	0	0	2242	25608	0	19	0
work/039253_17_d42fit/tracking-stm.root	1	897	899430	0.224219	136.258	0	0	0	24921	3238	0	0
work/039253_17_d42fit/tracking-stm.root	1	898	901472	0.165882	136.258	0	0	1151	26174	142	32	0
work/039253_17_d42fit/tracking-stm.root	1	900	906284	0.210722	136.258	0	0	18719	17250	0	0	0
work/039253_17_d42fit/tracking-stm.root	1	901	908347	0.243335	146.422	0	6	0	26644	7302	95	0
work/039253_17_d42fit/tracking-stm.root	1	902	908347	0.243335	146.422	0	10	96	26805	1177	71	0
work/039253_17_d42fit/tracking-stm.root	1	903	911291	0.176574	146.422	0	0	3151	26251	0	347	0
work/039253_17_d42fit/tracking-stm.root	1	904	913727	0.212017	146.422	0	0	8438	22693	0	0	0
work/039253_17_d42fit/tracking-stm.root	1	906	917565	0.240031	136.621	0	0	0	24555	3209	0	0
work/039253_17_d42fit/tracking-stm.root	1	907	919919	0.165377	136.621	0	0	1643	27881	0	9	0
work/039253_17_d42fit/tracking-stm.root	1	910	924211	0.21409	145.546	0	0	0	28510	8220	0	0
work/039253_17_d42fit/tracking-stm.root	1	911	926904	0.154732	145.546	0	0	264	42032	778	0	0
work/039253_17_d42fit/tracking-stm.root	1	914	934544	0.220132	161.074	0	0	0	25035	10324	0	0
work/039253_17_d42fit/tracking-stm.root	1	915	934544	0.220132	161.074	0	0	0	30459	2163	250	0
work/039253_17_d42fit/tracking-stm.root	1	916	936955	0.188586	161.074	0	0	938	27239	0	126	0
work/039253_17_d42fit/tracking-stm.root	1	918	940869	0.155142	161.074	0	0	16699	15894	0	0	0
work/039253_17_d42fit/tracking-stm.root	1	919	943411	0.197324	156.713	0	0	0	24868	5654	0	0
work/039253_17_d42fit/tracking-stm.root	1	922	948452	0.155908	156.713	0	0	4281	22924	0	0	0
work/039253_17_d42fit/tracking-stm.root	1	923	951702	0.221375	156.713	0	0	11954	15362	0	0	0
work/039253_17_d42fit/tracking-stm.root	1	924	954429	0.218891	153.644	0	0	0	21850	6977	0	0
work/039253_17_d42fit/tracking-stm.root	1	925	954429	0.218891	153.644	0	0	0	33012	1114	0	0
work/039253_17_d42fit/tracking-stm.root	1	926	957153	0.0807059	153.644	0	0	0	32855	0	0	0
work/039253_17_d42fit/tracking-stm.root	1	927	959347	0.184589	153.644	0	0	1886	25248	0	0	0
work/039253_17_d42fit/tracking-stm.root	1	928	962287	0.198211	153.644	672	0	7808	18641	0	0	0
work/039253_17_d42fit/tracking-stm.root	1	929	962287	0.198211	153.644	707	0	16694	9803	0	0	0
work/039253_17_d42fit/tracking-stm.root	1	931	967431	0.229775	152.935	221	0	2582	26109	0	0	0
work/039253_17_d42fit/tracking-stm.root	1	934	974114	0.0848013	158.241	0	252	0	33792	1602	0	0
work/039253_17_d42fit/tracking-stm.root	1	939	983852	0.134865	155.802	0	0	16467	39579	61	21	0
work/039253_17_d42fit/tracking-stm.root	1	940	986308	0.231597	153.575	0	0	0	27687	24307	675	0
work/039253_17_d42fit/tracking-stm.root	1	941	986308	0.231597	153.575	0	0	0	39441	9225	2020	0
work/039253_17_d42fit/tracking-stm.root	1	947	998880	0.184183	146.532	0	0	9079	19828	0	0	0
work/039253_17_d42fit/tracking-stm.root	1	952	1.00862e+06	0.248965	165.347	0	0	0	30703	2733	0	0
work/039253_17_d42fit/tracking-stm.root	1	956	1.01776e+06	0.124854	162.01	0	442	40	27698	0	155	0
work/039253_17_d42fit/tracking-stm.root	1	960	1.02499e+06	0.157287	153.586	0	0	468	25752	0	460	0
work/039253_17_d42fit/tracking-stm.root	1	961	1.02788e+06	0.206002	153.586	0	0	5255	20525	0	140	0
work/039253_17_d42fit/tracking-stm.root	1	964	1.03363e+06	0.239899	153.521	0	0	248	26714	0	47	0
work/039253_17_d42fit/tracking-stm.root	1	965	1.0358e+06	0.21913	153.521	0	0	5238	27010	0	49	0
work/039253_17_d42fit/tracking-stm.root	1	970	1.04602e+06	0.207231	155.448	0	0	0	14105	10890	0	0
work/039253_17_d42fit/tracking-stm.root	1	972	1.04865e+06	0.183134	155.448	0	0	117	24780	0	57	0
work/039253_17_d42fit/tracking-stm.root	1	975	1.05623e+06	0.173425	164.23	81	0	0	19177	5383	0	0
work/039253_17_d42fit/tracking-stm.root	1	976	1.05623e+06	0.173425	164.23	1201	0	493	22446	281	0	0
work/039253_17_d42fit/tracking-stm.root	1	977	1.05976e+06	0.182888	164.23	854	0	5098	19946	0	0	0
work/039253_17_d42fit/tracking-stm.root	1	982	1.06939e+06	0.220632	151.083	0	0	0	10707	13905	0	0
work/039253_17_d42fit/tracking-stm.root	1	986	1.07789e+06	0.243229	162.647	0	0	0	38004	14149	0	0
work/039253_17_d42fit/tracking-stm.root	1	987	1.08044e+06	0.182704	162.647	0	0	0	36121	6533	0	0
work/039253_17_d42fit/tracking-stm.root	1	988	1.08044e+06	0.182704	162.647	0	0	294	26428	1155	349	0
work/039253_17_d42fit/tracking-stm.root	1	989	1.08284e+06	0.118232	162.647	0	0	4528	20784	0	175	0
work/039253_17_d42fit/tracking-stm.root	1	990	1.08524e+06	0.248013	162.647	0	0	10904	15179	0	0	0
work/039253_17_d42fit/tracking-stm.root	1	993	1.09073e+06	0.167118	160.238	0	0	1969	22655	0	0	0
work/039253_17_d42fit/tracking-stm.root	1	994	1.09383e+06	0.190673	160.238	0	0	7355	17205	0	0	0
work/039253_17_d42fit/tracking-stm.root	1	997	1.09944e+06	0.247477	154.384	0	0	5483	31287	0	0	0
work/039253_17_d42fit/tracking-stm.root	1	999	1.10337e+06	0.158373	159.935	0	0	0	16272	20275	0	0
work/039253_17_d42fit/tracking-stm.root	1	1001	1.10703e+06	0.185625	159.935	0	214	0	24695	601	174	0
work/039253_17_d42fit/tracking-stm.root	1	1002	1.10985e+06	0.22685	159.935	0	0	2444	28194	0	197	0
work/039253_17_d42fit/tracking-stm.root	1	1004	1.11268e+06	0.204667	159.882	0	0	0	15280	11575	0	0
work/039253_17_d42fit/tracking-stm.root	1	1006	1.11679e+06	0.180847	159.882	0	0	239	24392	81	369	0
work/039253_17_d42fit/tracking-stm.root	1	1007	1.11974e+06	0.212284	159.882	0	0	3469	23836	0	0	0
work/039253_17_d42fit/tracking-stm.root	1	1008	1.12235e+06	0.207086	159.882	0	0	9598	17567	0	0	0
work/039253_17_d42fit/tracking-stm.root	1	1009	1.12235e+06	0.207086	159.882	0	0	17875	9333	0	0	0
work/039253_17_d42fit/tracking-stm.root	1	1010	1.1247e+06	0.247843	159.689	0	0	0	24706	1753	484	0
work/039253_17_d42fit/tracking-stm.root	1	1011	1.12668e+06	0.220595	159.689	0	0	1446	25514	0	661	0
work/039253_17_d42fit/tracking-stm.root	1	1012	1.12953e+06	0.205584	159.689	0	0	7130	23028	0	0	0
work/039253_17_d42fit/tracking-stm.root	1	1014	1.13298e+06	0.175678	150.295	0	0	0	27859	13715	0	0
work/039253_17_d42fit/tracking-stm.root	1	1016	1.13746e+06	0.242635	150.295	0	0	2118	37831	4050	379	0
work/039253_17_d42fit/tracking-stm.root	1	1020	1.14626e+06	0.125486	163.041	0	0	294	23192	154	0	0
work/039253_17_d42fit/tracking-stm.root	1	1021	1.14626e+06	0.125486	163.041	0	0	4001	19632	0	0	0
work/039253_17_d42fit/tracking-stm.root	1	1022	1.14945e+06	0.18737	163.041	0	0	9240	13924	0	0	0
work/039253_17_d42fit/tracking-stm.root	1	1025	1.1557e+06	0.118245	154.534	86	0	1114	22540	0	234	0
work/039253_17_d42fit/tracking-stm.root	1	1027	1.15964e+06	0.155542	154.534	539	0	10614	14527	0	0	0
work/039253_17_d42fit/tracking-stm.root	1	1028	1.16168e+06	0.235046	152.623	83	0	0	16655	6931	0	0
work/039253_17_d42fit/tracking-stm.root	1	1030	1.16532e+06	0.156375	152.623	0	100	42	22096	0	8	0
work/039253_17_d42fit/tracking-stm.root	1	1032	1.16897e+06	0.155947	152.623	41	0	22451	34674	0	0	0
work/039253_17_d42fit/tracking-stm.root	1	1035	1.17609e+06	0.149504	152.309	0	0	12	44990	4691	0	0
work/039253_17_d42fit/tracking-stm.root	1	1036	1.1784e+06	0.174152	152.309	0	0	2894	27244	0	0	0
work/039253_17_d42fit/tracking-stm.root	1	1037	1.1784e+06	0.174152	152.309	0	0	7441	17077	0	0	0
work/039253_17_d42fit/tracking-stm.root	1	1038	1.18071e+06	0.166915	154.989	0	0	0	14110	8557	41	0
work/039253_17_d42fit/tracking-stm.root	1	1039	1.18424e+06	0.20127	154.989	0	0	0	20030	2628	799	0
work/039253_17_d42fit/tracking-stm.root	1	1040	1.18424e+06	0.20127	154.989	0	0	0	23206	125	564	0
work/039253_17_d42fit/tracking-stm.root	1	1041	1.18772e+06	0.131499	154.989	0	0	325	23899	0	0	0
work/039253_17_d42fit/tracking-stm.root	1	1043	1.19086e+06	0.137496	154.989	0	0	10070	12065	0	0	0
work/039253_17_d42fit/tracking-stm.root	1	1046	1.1966e+06	0.135984	149.223	0	0	195	22080	0	0	0
work/039253_17_d42fit/tracking-stm.root	1	1047	1.20003e+06	0.100991	149.223	0	0	3897	22845	0	0	0
work/039253_17_d42fit/tracking-stm.root	1	1050	1.20567e+06	0.192427	156.874	0	0	0	19750	5068	0	0
work/039253_17_d42fit/tracking-stm.root	1	1052	1.2099e+06	0.104827	156.874	0	0	0	27352	0	0	0
work/039253_17_d42fit/tracking-stm.root	1	1055	1.21627e+06	0.160288	146.998	0	0	0	13330	13358	0	0
work/039253_17_d42fit/tracking-stm.root	1	1056	1.21627e+06	0.160288	146.998	0	0	0	22168	6301	8	0
work/039253_17_d42fit/tracking-stm.root	1	1057	1.21886e+06	0.0704643	146.998	0	32	0	26613	1370	282	0
work/039253_17_d42fit/tracking-stm.root	1	1059	1.22429e+06	0.206708	146.998	0	0	4430	20944	0	0	0
work/039253_17_d42fit/tracking-stm.root	1	1060	1.22429e+06	0.206708	146.998	0	0	9607	15490	37	0	0
work/039253_17_d42fit/tracking-stm.root	1	1061	1.22678e+06	0.162733	147.765	0	0	0	16275	8645	127	0
work/039253_17_d42fit/tracking-stm.root	1	1062	1.22926e+06	0.194212	147.765	0	0	0	22365	2406	352	0
work/039253_17_d42fit/tracking-stm.root	1	1064	1.23264e+06	0.165268	147.765	0	381	1993	23984	0	53	0
work/039253_17_d42fit/tracking-stm.root	1	1065	1.23487e+06	0.156972	147.765	0	729	7492	21449	0	421	0
work/039253_17_d42fit/tracking-stm.root	1	1066	1.23839e+06	0.212904	147.235	0	0	138	14680	13582	0	73
work/039253_17_d42fit/tracking-stm.root	1	1067	1.23839e+06	0.212904	147.235	0	0	0	20100	5272	0	27
work/039253_17_d42fit/tracking-stm.root	1	1068	1.24149e+06	0.141003	147.235	0	0	876	23277	682	251	0
work/039253_17_d42fit/tracking-stm.root	1	1069	1.24443e+06	0.172423	147.235	0	0	4284	23479	0	936	0
work/039253_17_d42fit/tracking-stm.root	1	1070	1.24443e+06	0.172423	147.235	0	0	8412	19723	0	557	0
work/039253_17_d42fit/tracking-stm.root	1	1073	1.25185e+06	0.152181	155.177	0	0	0	26849	547	88	0
work/039253_17_d42fit/tracking-stm.root	1	1075	1.2552e+06	0.156237	155.177	0	1	2565	25026	0	0	0
work/039253_17_d42fit/tracking-stm.root	1	1076	1.25764e+06	0.229038	155.177	0	0	8202	20662	0	0	0
work/039253_17_d42fit/tracking-stm.root	1	1077	1.26049e+06	0.134134	149.999	0	0	0	15703	14631	0	0
work/039253_17_d42fit/tracking-stm.root	1	1078	1.26049e+06	0.134134	149.999	0	0	0	21206	9580	0	0
work/039253_17_d42fit/tracking-stm.root	1	1079	1.26335e+06	0.124113	149.999	0	0	1483	24899	5536	0	0
work/039253_17_d42fit/tracking-stm.root	1	1084	1.2732e+06	0.122141	145.576	0	60	1334	26599	537	1125	0
work/039253_17_d42fit/tracking-stm.root	1	1085	1.2757e+06	0.237274	145.576	0	0	4790	29399	0	135	0
work/039253_17_d42fit/tracking-stm.root	1	1087	1.27883e+06	0.181955	152.223	0	0	0	19085	15285	0	0
work/039253_17_d42fit/tracking-stm.root	1	1088	1.28179e+06	0.139359	152.223	0	0	0	27085	7378	0	0
work/039253_17_d42fit/tracking-stm.root	1	1090	1.28492e+06	0.243474	152.223	0	0	433	26836	0	0	0
work/039253_17_d42fit/tracking-stm.root	1	1091	1.28837e+06	0.187433	152.223	0	0	4959	22033	0	0	0
work/039253_17_d42fit/tracking-stm.root	1	1092	1.28837e+06	0.187433	152.223	0	0	12351	15505	0	0	0
work/039253_17_d42fit/tracking-stm.root	1	1093	1.29123e+06	0.157084	150.463	0	0	0	20932	8011	0	0
work/039253_17_d42fit/tracking-stm.root	1	1095	1.29566e+06	0.15607	150.463	0	0	354	25108	708	77	0
work/039253_17_d42fit/tracking-stm.root	1	1097	1.2995e+06	0.132211	150.463	0	0	8292	16159	0	0	0
work/039253_17_d42fit/tracking-stm.root	1	1098	1.302e+06	0.216061	144.119	0	0	0	16260	9623	0	0
work/039253_17_d42fit/tracking-stm.root	1	1100	1.30507e+06	0.190859	144.119	0	94	0	31558	120	7	0
work/039253_17_d42fit/tracking-stm.root	1	1101	1.30799e+06	0.126474	144.119	0	299	1490	27265	0	0	0
work/039253_17_d42fit/tracking-stm.root	1	1104	1.31336e+06	0.244944	144.119	0	0	55963	12208	0	0	0
work/039253_17_d42fit/tracking-stm.root	1	1106	1.31761e+06	0.0942121	147.174	0	0	4084	50092	0	641	0
work/039253_17_d42fit/tracking-stm.root	1	1108	1.32152e+06	0.213332	147.174	0	0	16347	19863	0	0	0
work/039253_17_d42fit/tracking-stm.root	1	1109	1.32389e+06	0.235458	142.262	0	0	0	26487	8670	123	0
work/039253_17_d42fit/tracking-stm.root	1	1110	1.32641e+06	0.0863257	142.262	0	0	0	32310	2511	492	0
work/039253_17_d42fit/tracking-stm.root	1	1111	1.32641e+06	0.0863257	142.262	0	0	1392	28326	33	188	0
work/039253_17_d42fit/tracking-stm.root	1	1112	1.32964e+06	0.23484	142.262	0	0	5333	24630	0	0	0
work/039253_17_d42fit/tracking-stm.root	1	1113	1.33208e+06	0.195476	149.336	0	0	0	11073	18778	0	0
work/039253_17_d42fit/tracking-stm.root	1	1115	1.33591e+06	0.151319	149.336	0	0	0	23967	3848	0	0
work/039253_17_d42fit/tracking-stm.root	1	1117	1.33994e+06	0.19419	149.336	0	0	1677	24258	0	15	0
work/039253_17_d42fit/tracking-stm.root	1	1119	1.34393e+06	0.164239	149.336	0	0	15213	15424	0	0	0
work/039253_17_d42fit/tracking-stm.root	1	1121	1.34683e+06	0.194971	145.285	0	0	0	29967	2777	0	0
work/039253_17_d42fit/tracking-stm.root	1	1122	1.35044e+06	0.152107	145.285	0	0	416	31625	0	14	0
work/039253_17_d42fit/tracking-stm.root	1	1123	1.35044e+06	0.152107	145.285	0	0	4316	26580	0	0	0
work/039253_17_d42fit/tracking-stm.root	1	1124	1.35386e+06	0.171086	145.285	0	0	10228	19740	0	0	0
work/039253_17_d42fit/tracking-stm.root	1	1126	1.35712e+06	0.242609	147.042	0	10	0	21968	5576	0	0
work/039253_17_d42fit/tracking-stm.root	1	1127	1.35965e+06	0.124892	147.042	0	0	0	24950	1321	175	0
work/039253_17_d42fit/tracking-stm.root	1	1129	1.36271e+06	0.116164	147.042	0	0	5110	24408	0	0	0
work/039253_17_d42fit/tracking-stm.root	1	1131	1.36843e+06	0.214963	146.553	0	0	0	18429	12758	0	0
work/039253_17_d42fit/tracking-stm.root	1	1132	1.36843e+06	0.214963	146.553	0	0	0	22434	6360	0	0
work/039253_17_d42fit/tracking-stm.root	1	1133	1.37048e+06	0.130686	146.553	0	0	0	28819	2440	47	0
work/039253_17_d42fit/tracking-stm.root	1	1134	1.37253e+06	0.130686	146.553	0	0	431	45811	4777	0	0
work/039253_17_d42fit/tracking-stm.root	1	1136	1.37702e+06	0.184464	146.553	0	0	10163	37826	1546	0	0
work/039253_17_d42fit/tracking-stm.root	1	1137	1.37938e+06	0.184162	146.553	0	0	16027	15929	0	0	0
work/039253_17_d42fit/tracking-stm.root	1	1138	1.38174e+06	0.203383	151.639	0	0	0	20812	7068	0	0
work/039253_17_d42fit/tracking-stm.root	1	1140	1.38509e+06	0.148071	151.639	0	0	572	25397	217	98	0
work/039253_17_d42fit/tracking-stm.root	1	1141	1.38766e+06	0.0586011	151.639	0	0	5171	24947	0	0	0
work/039253_17_d42fit/tracking-stm.root	1	1142	1.39023e+06	0.200136	151.639	0	0	11481	22278	0	0	0
work/039253_17_d42fit/tracking-stm.root	1	1143	1.39023e+06	0.200136	151.639	0	0	15821	13560	88	0	0
work/039253_17_d42fit/tracking-stm.root	1	1145	1.39632e+06	0.164236	148.564	0	0	0	24879	432	0	0
work/039253_17_d42fit/tracking-stm.root	1	1146	1.39632e+06	0.164236	148.564	0	0	366	28017	0	0	0
work/039253_17_d42fit/tracking-stm.root	1	1147	1.39877e+06	0.0744289	148.564	0	0	4123	27050	0	0	0
work/039253_17_d42fit/tracking-stm.root	1	1148	1.40132e+06	0.222999	148.564	0	0	10163	18146	0	0	0
work/039253_17_d42fit/tracking-stm.root	1	1149	1.40441e+06	0.164781	138.639	0	0	0	17427	9562	0	0
work/039253_17_d42fit/tracking-stm.root	1	1150	1.40441e+06	0.164781	138.639	0	0	0	27090	3747	0	0
work/039253_17_d42fit/tracking-stm.root	1	1151	1.40831e+06	0.121764	138.639	0	0	0	33876	309	0	0
work/039253_17_d42fit/tracking-stm.root	1	1155	1.4153e+06	0.129912	138.639	0	0	0	13179	0	0	0
work/039253_17_d42fit/tracking-stm.root	1	1158	1.42096e+06	0.11874	0	0	0	0	0	135	0	0
work/039253_17_d42fit/tracking-stm.root	1	1167	1.43837e+06	0.0786782	137.059	0	0	0	620	0	0	0
work/039253_17_d42fit/tracking-stm.root	1	1168	1.44136e+06	0.0428489	0	0	0	2437	0	0	0	0
work/039253_17_d42fit/tracking-stm.root	1	1169	1.4441e+06	0.137834	137.059	0	0	0	5045	0	0	0
work/039253_17_d42fit/tracking-stm.root	1	1173	1.45072e+06	0.105049	137.059	0	545	152	12004	0	0	0
work/039253_17_d42fit/tracking-stm.root	1	1174	1.45403e+06	0.177827	137.059	0	716	2233	9135	0	0	0
work/039253_17_d42fit/tracking-stm.root	1	1175	1.45657e+06	0.128347	137.059	0	0	7887	4917	0	0	0
work/039253_17_d42fit/tracking-stm.root	1	1176	1.45657e+06	0.128347	137.059	0	0	15342	1222	0	0	0
work/039253_17_d42fit/tracking-stm.root	1	1177	1.45912e+06	0.0930078	137.059	0	0	25395	14330	0	0	0
work/039253_17_d42fit/tracking-stm.root	1	1179	1.46285e+06	0.136188	146.91	0	0	0	36838	4836	0	0
work/039253_17_d42fit/tracking-stm.root	1	1180	1.46532e+06	0.237554	146.91	0	0	1859	27088	0	0	0
work/039253_17_d42fit/tracking-stm.root	1	1183	1.47151e+06	0.206887	143.761	0	0	0	17900	8302	0	0
work/039253_17_d42fit/tracking-stm.root	1	1184	1.47405e+06	0.0943465	143.761	0	0	0	21755	3111	0	0
work/039253_17_d42fit/tracking-stm.root	1	1186	1.47658e+06	0.189415	143.761	0	0	1763	21888	0	0	0
work/039253_17_d42fit/tracking-stm.root	1	1187	1.47991e+06	0.229869	143.761	0	0	6106	19459	0	0	0
work/039253_17_d42fit/tracking-stm.root	1	1189	1.48295e+06	0.128687	157.084	0	0	0	20764	8952	0	0
work/039253_17_d42fit/tracking-stm.root	1	1190	1.48512e+06	0.118947	157.084	0	0	0	22500	3095	75	0
work/039253_17_d42fit/tracking-stm.root	1	1192	1.48889e+06	0.185061	157.084	0	0	2514	27404	0	47	0
work/039253_17_d42fit/tracking-stm.root	1	1193	1.49152e+06	0.0815948	157.084	0	0	8587	32224	0	8	0
work/039253_17_d42fit/tracking-stm.root	1	1194	1.49444e+06	0.154941	157.084	0	0	11909	24979	0	0	0
work/039253_17_d42fit/tracking-stm.root	1	1195	1.49444e+06	0.154941	157.084	0	0	14667	12746	0	0	0
work/039253_17_d42fit/tracking-stm.root	1	1196	1.49796e+06	0.194677	145.847	0	0	0	19642	7327	0	0
work/039253_17_d42fit/tracking-stm.root	1	1198	1.5007e+06	0.0428044	145.847	0	0	179	26021	229	0	0
work/039253_17_d42fit/tracking-stm.root	1	1199	1.50344e+06	0.102639	145.847	0	0	2008	26737	0	0	0
work/039253_17_d42fit/tracking-stm.root	1	1200	1.50613e+06	0.127288	145.847	0	0	5683	22683	0	0	0
work/039253_17_d42fit/tracking-stm.root	1	1201	1.50852e+06	0.137255	145.847	0	0	12012	18138	0	0	0
work/039253_17_d42fit/tracking-stm.root	1	1202	1.50852e+06	0.137255	145.847	0	0	21254	15094	24	0	0
work/039253_17_d42fit/tracking-stm.root	1	1203	1.51183e+06	0.231843	141.701	0	0	0	28371	11475	505	0
work/039253_17_d42fit/tracking-stm.root	1	1204	1.51457e+06	0.18864	141.701	0	0	0	28630	3670	17	0
work/039253_17_d42fit/tracking-stm.root	1	1205	1.51457e+06	0.18864	141.701	0	0	441	30872	69	30	0
work/039253_17_d42fit/tracking-stm.root	1	1206	1.51776e+06	0.0892781	141.701	0	0	3125	31996	0	8	0
work/039253_17_d42fit/tracking-stm.root	1	1207	1.52033e+06	0.208112	141.701	0	0	6354	23733	0	0	0
work/039253_17_d42fit/tracking-stm.root	1	1208	1.52033e+06	0.208112	141.701	0	0	11813	16095	0	0	0
work/039253_17_d42fit/tracking-stm.root	1	1209	1.52317e+06	0.162061	143.499	0	0	0	17183	9562	0	0
work/039253_17_d42fit/tracking-stm.root	1	1211	1.52665e+06	0.0984879	143.499	0	0	0	26335	600	0	0
work/039253_17_d42fit/tracking-stm.root	1	1212	1.52989e+06	0.173268	143.499	0	0	9	26436	0	0	0
work/039253_17_d42fit/tracking-stm.root	1	1214	1.53323e+06	0.155164	143.499	0	0	6577	20950	0	0	0
work/039253_17_d42fit/tracking-stm.root	1	1216	1.53715e+06	0.190912	148.723	0	0	0	18554	8873	0	0
work/039253_17_d42fit/tracking-stm.root	1	1217	1.53955e+06	0.149717	148.723	0	0	0	23552	3923	0	0
work/039253_17_d42fit/tracking-stm.root	1	1219	1.54289e+06	0.043305	148.723	0	0	932	28216	0	0	0
work/039253_17_d42fit/tracking-stm.root	1	1220	1.5454e+06	0.122991	148.723	0	0	4061	25040	0	0	0
work/039253_17_d42fit/tracking-stm.root	1	1221	1.54791e+06	0.112185	148.723	0	0	7717	18570	0	0	0
work/039253_17_d42fit/tracking-stm.root	1	1223	1.55113e+06	0.1603	148.723	0	0	16807	7703	0	0	0
work/039253_17_d42fit/tracking-stm.root	1	1224	1.55409e+06	0.198361	148.236	0	0	0	21220	3607	0	0
work/039253_17_d42fit/tracking-stm.root	1	1226	1.55727e+06	0.0980686	148.236	0	0	104	23651	0	0	0
work/039253_17_d42fit/tracking-stm.root	1	1228	1.56091e+06	0.182059	148.236	0	0	8174	23079	0	0	0
work/039253_17_d42fit/tracking-stm.root	1	1229	1.56386e+06	0.149243	147.96	0	0	0	16646	21359	0	0
work/039253_17_d42fit/tracking-stm.root	1	1231	1.56849e+06	0.159602	147.96	0	0	0	58589	14180	0	0
work/039253_17_d42fit/tracking-stm.root	1	1232	1.56849e+06	0.159602	147.96	0	0	0	48561	6404	0	0
work/039253_17_d42fit/tracking-stm.root	1	1233	1.57158e+06	0.195589	147.96	0	0	917	29120	1371	0	0
work/039253_17_d42fit/tracking-stm.root	1	1235	1.57483e+06	0.106072	147.96	0	0	8136	16377	984	0	0
work/039253_17_d42fit/tracking-stm.root	1	1236	1.57803e+06	0.190783	146.803	0	0	0	13162	10638	586	0
work/039253_17_d42fit/tracking-stm.root	1	1237	1.58055e+06	0.12022	146.803	0	0	0	18799	5734	23	0
work/039253_17_d42fit/tracking-stm.root	1	1238	1.58055e+06	0.12022	146.803	0	0	0	23421	1489	580	0
work/039253_17_d42fit/tracking-stm.root	1	1240	1.58493e+06	0.110272	146.803	0	141	661	25500	0	0	0
work/039253_17_d42fit/tracking-stm.root	1	1241	1.58749e+06	0.210399	146.803	0	0	5763	22885	0	0	0
work/039253_17_d42fit/tracking-stm.root	1	1243	1.59091e+06	0.140853	147.686	0	0	15	14205	10925	0	0
work/039253_17_d42fit/tracking-stm.root	1	1244	1.59373e+06	0.142643	147.686	0	0	413	17404	5627	0	0
work/039253_17_d42fit/tracking-stm.root	1	1246	1.59681e+06	0.195584	147.686	0	0	4562	25571	281	0	0
work/039253_17_d42fit/tracking-stm.root	1	1247	1.59944e+06	0.117765	147.686	0	0	6626	30550	0	0	0
work/039253_17_d42fit/tracking-stm.root	1	1248	1.60154e+06	0.117669	147.686	0	0	10527	23623	0	0	0
work/039253_17_d42fit/tracking-stm.root	1	1249	1.6045e+06	0.236351	156.461	0	0	0	17441	14183	0	0
work/039253_17_d42fit/tracking-stm.root	1	1250	1.6045e+06	0.236351	156.461	0	0	0	22823	7773	0	0
work/039253_17_d42fit/tracking-stm.root	1	1251	1.60786e+06	0.111365	156.461	0	0	0	27063	1994	308	0
work/039253_17_d42fit/tracking-stm.root	1	1253	1.61089e+06	0.0791448	156.461	0	0	0	21524	0	0	0
work/039253_17_d42fit/tracking-stm.root	1	1254	1.61375e+06	0.0905356	156.461	0	0	0	17089	0	0	0
work/039253_17_d42fit/tracking-stm.root	1	1256	1.61742e+06	0.0834025	156.461	0	0	0	10115	698	0	0
work/039253_17_d42fit/tracking-stm.root	1	1258	1.62167e+06	0.157354	155.761	0	0	0	0	8471	0	0
work/039253_17_d42fit/tracking-stm.root	1	1259	1.62455e+06	0.0761019	155.761	0	0	0	3649	6577	0	0
work/039253_17_d42fit/tracking-stm.root	1	1260	1.62455e+06	0.0761019	155.761	0	0	0	14214	3630	0	0
work/039253_17_d42fit/tracking-stm.root	1	1261	1.6269e+06	0.141327	155.761	0	0	0	23357	986	0	0
work/039253_17_d42fit/tracking-stm.root	1	1262	1.63011e+06	0.131651	155.761	0	0	0	29661	0	41	0
work/039253_17_d42fit/tracking-stm.root	1	1264	1.63321e+06	0.12802	155.761	0	431	4775	29767	0	0	0
work/039253_17_d42fit/tracking-stm.root	1	1266	1.63661e+06	0.211899	153.996	0	27	148	48148	18504	0	0
work/039253_17_d42fit/tracking-stm.root	1	1267	1.63866e+06	0.102798	153.996	0	26	1186	59620	13064	0	0
work/039253_17_d42fit/tracking-stm.root	1	1269	1.64352e+06	0.0922609	153.996	0	0	6479	40787	6439	0	0
work/039253_17_d42fit/tracking-stm.root	1	1271	1.64764e+06	0.130769	153.996	0	0	14382	22800	5091	0	0
work/039253_17_d42fit/tracking-stm.root	1	1272	1.65016e+06	0.132561	153.996	0	0	18466	16072	4198	0	0
work/039253_17_d42fit/tracking-stm.root	1	1274	1.65283e+06	0.186172	153.97	0	0	0	23752	6319	2111	0
work/039253_17_d42fit/tracking-stm.root	1	1275	1.6555e+06	0.10807	153.97	0	0	0	25461	3840	1614	0
work/039253_17_d42fit/tracking-stm.root	1	1276	1.65778e+06	0.128017	153.97	0	0	0	26014	1462	576	0
work/039253_17_d42fit/tracking-stm.root	1	1277	1.66035e+06	0.226757	153.97	0	0	1697	24673	476	0	0
work/039253_17_d42fit/tracking-stm.root	1	1278	1.66035e+06	0.226757	153.97	0	0	5269	20886	614	0	0
work/039253_17_d42fit/tracking-stm.root	1	1279	1.66292e+06	0.115018	159.339	0	0	0	10428	16392	5	0
work/039253_17_d42fit/tracking-stm.root	1	1280	1.6654e+06	0.105232	159.339	0	0	0	16305	10406	499	0
work/039253_17_d42fit/tracking-stm.root	1	1281	1.66791e+06	0.210139	159.339	0	0	0	21124	6023	885	0
work/039253_17_d42fit/tracking-stm.root	1	1282	1.67042e+06	0.10413	159.339	0	0	0	23061	2408	1323	0
work/039253_17_d42fit/tracking-stm.root	1	1283	1.67042e+06	0.10413	159.339	0	24	0	23046	65	445	0
work/039253_17_d42fit/tracking-stm.root	1	1284	1.67303e+06	0.108581	159.339	0	238	1182	21635	0	20	0
work/039253_17_d42fit/tracking-stm.root	1	1286	1.67662e+06	0.155457	159.339	0	0	10395	14458	0	0	0
work/039253_17_d42fit/tracking-stm.root	1	1287	1.67955e+06	0.118144	156.373	0	0	0	22898	10815	0	0
work/039253_17_d42fit/tracking-stm.root	1	1288	1.68247e+06	0.19345	156.373	0	0	0	36240	9028	10	0
work/039253_17_d42fit/tracking-stm.root	1	1289	1.68247e+06	0.19345	156.373	0	10	0	33725	3809	413	0
work/039253_17_d42fit/tracking-stm.root	1	1290	1.68537e+06	0.171248	156.373	0	0	110	26916	56	27	0
work/039253_17_d42fit/tracking-stm.root	1	1291	1.68843e+06	0.0779655	156.373	0	0	1702	23906	0	0	0
work/039253_17_d42fit/tracking-stm.root	1	1292	1.68843e+06	0.0779655	156.373	0	0	4956	19764	0	0	0
work/039253_17_d42fit/tracking-stm.root	1	1293	1.69148e+06	0.195519	156.373	0	0	9204	13660	0	0	0
work/039253_17_d42fit/tracking-stm.root	1	1294	1.69414e+06	0.193645	156.955	0	0	0	12216	8536	0	0
work/039253_17_d42fit/tracking-stm.root	1	1295	1.6965e+06	0.0717161	156.955	0	0	0	14384	4595	0	0
work/039253_17_d42fit/tracking-stm.root	1	1296	1.6965e+06	0.0717161	156.955	0	0	0	14887	2378	0	0
work/039253_17_d42fit/tracking-stm.root	1	1299	1.70273e+06	0.076979	156.955	0	0	1342	17936	0	0	0
work/039253_17_d42fit/tracking-stm.root	1	1300	1.70532e+06	0.0866337	156.955	0	0	4102	21983	0	0	0
work/039253_17_d42fit/tracking-stm.root	1	1301	1.7079e+06	0.199001	156.955	0	0	6944	17505	0	0	0
work/039253_17_d42fit/tracking-stm.root	1	1302	1.71028e+06	0.145062	160.055	0	0	0	11527	9735	0	0
work/039253_17_d42fit/tracking-stm.root	1	1303	1.71028e+06	0.145062	160.055	0	0	0	17077	4507	0	0
work/039253_17_d42fit/tracking-stm.root	1	1304	1.71335e+06	0.0945131	160.055	0	5	0	20980	1645	0	0
work/039253_17_d42fit/tracking-stm.root	1	1305	1.71625e+06	0.161739	160.055	0	0	0	23459	0	2	0
work/039253_17_d42fit/tracking-stm.root	1	1306	1.71625e+06	0.161739	160.055	0	0	659	23991	0	15	0
work/039253_17_d42fit/tracking-stm.root	1	1307	1.71915e+06	0.0613854	160.055	0	0	4083	23723	0	0	0
work/039253_17_d42fit/tracking-stm.root	1	1308	1.72134e+06	0.14684	160.055	0	0	7753	18917	0	0	0
work/039253_17_d42fit/tracking-stm.root	1	1309	1.72431e+06	0.215497	161.183	0	0	0	14219	13063	0	0
work/039253_17_d42fit/tracking-stm.root	1	1310	1.72431e+06	0.215497	161.183	0	0	0	19443	8314	0	0
work/039253_17_d42fit/tracking-stm.root	1	1311	1.72771e+06	0.116592	161.183	0	0	0	21244	3251	0	0
work/039253_17_d42fit/tracking-stm.root	1	1312	1.72991e+06	0.0887542	161.183	0	0	0	25589	513	0	0
work/039253_17_d42fit/tracking-stm.root	1	1313	1.73212e+06	0.0981733	161.183	0	0	0	37418	0	0	0
work/039253_17_d42fit/tracking-stm.root	1	1315	1.73493e+06	0.0852336	161.183	0	0	3919	28676	0	0	0
work/039253_17_d42fit/tracking-stm.root	1	1316	1.73758e+06	0.148262	161.183	0	0	7405	18292	0	0	0
work/039253_17_d42fit/tracking-stm.root	1	1318	1.74144e+06	0.203554	161.189	0	0	0	16779	10096	0	0
work/039253_17_d42fit/tracking-stm.root	1	1319	1.74413e+06	0.0494489	161.189	0	0	0	22510	5504	0	0
work/039253_17_d42fit/tracking-stm.root	1	1321	1.74732e+06	0.055722	161.189	0	0	0	28822	158	287	0
work/039253_17_d42fit/tracking-stm.root	1	1322	1.75e+06	0.133032	161.189	0	0	2	23326	0	0	0
work/039253_17_d42fit/tracking-stm.root	1	1324	1.75266e+06	0.0511596	161.189	0	0	3119	14143	0	0	0
work/039253_17_d42fit/tracking-stm.root	1	1325	1.75532e+06	0.100982	161.189	0	0	4882	9399	0	0	0
work/039253_17_d42fit/tracking-stm.root	1	1327	1.75921e+06	0.161621	161.189	0	0	3795	4105	0	0	0
work/039253_17_d42fit/tracking-stm.root	1	1329	1.76269e+06	0.120647	156.897	0	0	0	1826	1857	582	0
work/039253_17_d42fit/tracking-stm.root	1	1330	1.76598e+06	0.0456701	156.897	0	0	0	1159	464	429	0
work/039253_17_d42fit/tracking-stm.root	2	1329	1.76269e+06	0.225694	89.2159	0	0	0	4101	534	1	0
work/039253_17_d42fit/tracking-stm.root	2	1330	1.76598e+06	0.06796	89.2159	0	0	0	2938	315	0	0
work/039253_17_d42fit/tracking-stm.root	0	1900	486966	0.212394	178.787	0	0	0	20718	11177	0	0
work/039253_17_d42fit/tracking-stm.root	0	1902	491628	0.228068	178.787	0	0	1935	17171	5539	0	0
work/039253_17_d42fit/tracking-stm.root	0	1903	491628	0.228068	178.787	0	0	5319	13222	3716	0	0
work/039253_17_d42fit/tracking-stm.root	0	1905	496771	0.213049	185.01	0	0	0	15951	4618	1377	0
work/039253_17_d42fit/tracking-stm.root	0	1907	500314	0.101253	185.01	0	0	0	18719	879	113	0
work/039253_17_d42fit/tracking-stm.root	0	1908	503857	0.233736	185.01	0	0	0	15119	285	0	0
work/039253_17_d42fit/tracking-stm.root	0	1909	503857	0.233736	185.01	0	0	1991	10807	585	0	0
work/039253_17_d42fit/tracking-stm.root	0	1911	507988	0.237722	174.729	0	0	0	6623	3782	2410	0
work/039253_17_d42fit/tracking-stm.root	0	1912	511901	0.105337	174.729	0	0	1717	633	766	1088	0
work/039253_17_d42fit/tracking-stm.root	0	1913	511901	0.105337	174.729	0	0	8418	6301	0	0	0
work/039253_17_d42fit/tracking-stm.root	0	1914	515280	0.16397	174.729	0	0	18669	10941	0	0	0
work/039253_17_d42fit/tracking-stm.root	0	1916	518913	0.236403	178.229	0	0	0	19155	0	0	0
work/039253_17_d42fit/tracking-stm.root	0	1920	526220	0.227442	182.127	0	0	0	16189	4668	0	0
work/039253_17_d42fit/tracking-stm.root	0	1921	529489	0.123789	182.127	0	0	0	19960	667	0	0
work/039253_17_d42fit/tracking-stm.root	0	1923	532758	0.233198	182.127	0	0	2709	26694	0	0	0
work/039253_17_d42fit/tracking-stm.root	0	1924	535193	0.247924	184.077	0	0	0	9956	14533	0	0
work/039253_17_d42fit/tracking-stm.root	0	1926	538794	0.173274	184.077	0	647	0	17350	35	0	0
work/039253_17_d42fit/tracking-stm.root	0	1928	543131	0.207087	184.077	0	0	11873	13634	0	0	0
work/039253_17_d42fit/tracking-stm.root	0	1930	546038	0.239302	189.463	0	0	0	17564	246	32	0
work/039253_17_d42fit/tracking-stm.root	0	1931	548944	0.243445	189.463	0	0	436	15430	0	0	0
work/039253_17_d42fit/tracking-stm.root	0	1933	552375	0.225371	189.463	0	0	11299	5740	0	0	0
work/039253_17_d42fit/tracking-stm.root	0	1939	564310	0.214914	174.834	0	0	0	21985	0	0	0
work/039253_17_d42fit/tracking-stm.root	0	1942	571890	0.230222	174.42	0	0	0	20786	1792	0	0
work/039253_17_d42fit/tracking-stm.root	0	1943	571890	0.230222	174.42	0	0	0	24772	0	0	0
work/039253_17_d42fit/tracking-stm.root	0	1945	577300	0.243391	174.42	0	0	7698	11583	0	0	0
work/039253_17_d42fit/tracking-stm.root	0	1949	584622	0.167567	174.804	0	0	6773	11719	0	0	0
work/039253_17_d42fit/tracking-stm.root	0	1951	588623	0.196405	174.425	0	738	0	17299	197	473	0
work/039253_17_d42fit/tracking-stm.root	0	1959	605019	0.18712	175.989	0	0	0	25795	878	0	0
work/039253_17_d42fit/tracking-stm.root	0	1965	616410	0.216761	174.032	0	0	0	17696	10548	0	0
work/039253_17_d42fit/tracking-stm.root	0	1966	619535	0.160105	174.032	0	0	0	22785	3131	0	0
work/039253_17_d42fit/tracking-stm.root	0	1974	634863	0.181556	190.835	0	164	0	16679	2321	0	0
work/039253_17_d42fit/tracking-stm.root	0	1976	638646	0.223258	190.835	0	0	4761	18460	0	0	0
work/039253_17_d42fit/tracking-stm.root	0	1979	645023	0.212022	198.17	0	501	0	20335	0	0	0
work/039253_17_d42fit/tracking-stm.root	0	1985	656780	0.2481	197.729	0	0	181	11314	5717	0	0
work/039253_17_d42fit/tracking-stm.root	0	1987	660410	0.154919	197.729	0	462	638	16171	68	0	0
work/039253_17_d42fit/tracking-stm.root	0	1992	671030	0.153551	194.64	0	921	262	17036	0	51	0
work/039253_17_d42fit/tracking-stm.root	0	1994	674795	0.190303	201.966	0	0	0	10848	7355	0	0
work/039253_17_d42fit/tracking-stm.root	0	1995	677773	0.179379	201.966	0	0	0	17719	2884	0	0
work/039253_17_d42fit/tracking-stm.root	0	1996	677773	0.179379	201.966	0	0	0	19406	0	0	0
work/039253_17_d42fit/tracking-stm.root	0	1997	681095	0.24145	201.966	0	0	1691	21117	0	0	0
work/039253_17_d42fit/tracking-stm.root	0	2001	688067	0.156928	209.652	0	453	0	20620	451	0	0
work/039253_17_d42fit/tracking-stm.root	0	2003	692866	0.243248	209.652	0	0	15012	23680	0	0	0
work/039253_17_d42fit/tracking-stm.root	0	2004	695768	0.220265	206.758	0	0	0	24344	14688	0	0
work/039253_17_d42fit/tracking-stm.root	0	2005	695768	0.220265	206.758	0	84	0	29307	2301	0	0
work/039253_17_d42fit/tracking-stm.root	0	2006	699813	0.193929	206.758	0	1198	295	29684	0	0	0
work/039253_17_d42fit/tracking-stm.root	0	2007	699813	0.193929	206.758	0	127	4658	15236	0	0	0
work/039253_17_d42fit/tracking-stm.root	0	2009	704426	0.245677	206.894	0	0	0	17597	187	62	0
work/039253_17_d42fit/tracking-stm.root	0	2013	712575	0.21869	201.298	0	490	0	19760	1309	0	0
work/039253_17_d42fit/tracking-stm.root	0	2015	716135	0.243312	201.298	0	0	11329	18447	0	0	0
work/039253_17_d42fit/tracking-stm.root	0	2018	722251	0.225361	199.122	0	0	1605	23312	0	107	0
work/039253_17_d42fit/tracking-stm.root	0	2022	731795	0.228066	205.375	0	1079	157	19447	0	0	0
work/039253_17_d42fit/tracking-stm.root	0	2023	731795	0.228066	205.375	0	229	4175	14240	0	0	0
work/039253_17_d42fit/tracking-stm.root	0	2024	735193	0.228359	204.892	0	0	0	12165	5243	0	0
work/039253_17_d42fit/tracking-stm.root	0	2029	744872	0.23774	203.169	0	0	0	21809	957	0	0
work/039253_17_d42fit/tracking-stm.root	0	2031	748341	0.201054	203.169	0	0	4730	18446	0	0	0
work/039253_17_d42fit/tracking-stm.root	0	2032	751809	0.230995	211.37	0	0	0	14447	9500	0	0
work/039253_17_d42fit/tracking-stm.root	0	2033	751809	0.230995	211.37	0	36	0	23229	1897	0	0
work/039253_17_d42fit/tracking-stm.root	0	2036	758182	0.239523	211.37	0	0	9780	12447	0	0	0
work/039253_17_d42fit/tracking-stm.root	0	2038	762220	0.165812	193.967	0	0	0	18689	1758	0	0
work/039253_17_d42fit/tracking-stm.root	0	2043	772524	0.126292	197.003	0	1290	0	20925	0	785	0
work/039253_17_d42fit/tracking-stm.root	0	2045	776900	0.217177	197.003	0	897	10018	8865	0	0	0
work/039253_17_d42fit/tracking-stm.root	0	2046	779837	0.214591	199.234	0	0	0	18361	3478	0	0
work/039253_17_d42fit/tracking-stm.root	0	2047	779837	0.214591	199.234	0	116	80	22390	111	0	0
work/039253_17_d42fit/tracking-stm.root	0	2052	790381	0.144885	207.681	0	485	0	20721	893	157	0
work/039253_17_d42fit/tracking-stm.root	0	2054	795212	0.223714	207.681	0	0	8259	14694	0	0	0
work/039253_17_d42fit/tracking-stm.root	0	2057	801876	0.208967	200.372	0	512	0	23305	641	203	0
work/039253_17_d42fit/tracking-stm.root	0	2058	801876	0.208967	200.372	0	1604	2182	19558	0	0	0
work/039253_17_d42fit/tracking-stm.root	0	2059	805288	0.162155	207.143	0	0	28	8878	14118	0	0
work/039253_17_d42fit/tracking-stm.root	0	2061	809882	0.12968	207.143	0	0	0	19165	1011	257	0
work/039253_17_d42fit/tracking-stm.root	0	2062	809882	0.12968	207.143	0	0	276	21562	0	141	0
work/039253_17_d42fit/tracking-stm.root	0	2066	819595	0.13961	215.494	0	0	0	23747	54	0	0
work/039253_17_d42fit/tracking-stm.root	0	2067	819595	0.13961	215.494	0	0	313	24157	0	0	0
work/039253_17_d42fit/tracking-stm.root	0	2069	824308	0.224489	215.494	0	0	14975	12282	0	0	0
work/039253_17_d42fit/tracking-stm.root	0	2070	827848	0.211677	202.704	0	0	0	22996	6032	0	0
work/039253_17_d42fit/tracking-stm.root	0	2071	827848	0.211677	202.704	0	6	0	25112	998	0	0
work/039253_17_d42fit/tracking-stm.root	0	2072	831726	0.234649	202.704	0	0	1328	25398	0	0	0
work/039253_17_d42fit/tracking-stm.root	0	2073	831726	0.234649	202.704	0	0	7376	21936	0	0	0
work/039253_17_d42fit/tracking-stm.root	0	2076	839082	0.144085	189.98	0	0	208	41443	2736	18	0
work/039253_17_d42fit/tracking-stm.root	0	2078	842527	0.160404	189.98	0	441	12321	26186	0	0	0
work/039253_17_d42fit/tracking-stm.root	0	2080	846788	0.173602	193.415	0	0	0	21115	5733	1763	0
work/039253_17_d42fit/tracking-stm.root	0	2082	851049	0.217117	193.415	0	0	4689	30413	158	2632	0
work/039253_17_d42fit/tracking-stm.root	0	2086	858264	0.151815	201.231	0	0	0	30665	2607	2970	1941
work/039253_17_d42fit/tracking-stm.root	0	2088	862356	0.0720301	201.231	963	0	800	26612	70	2584	2619
work/039253_17_d42fit/tracking-stm.root	0	2090	866448	0.173275	201.231	943	0	12460	17897	1409	2072	0
work/039253_17_d42fit/tracking-stm.root	0	2092	870296	0.168972	205.777	0	1538	0	28500	10673	1895	1350
work/039253_17_d42fit/tracking-stm.root	0	2093	873430	0.122706	205.777	0	1332	0	30163	6641	2042	765
work/039253_17_d42fit/tracking-stm.root	0	2095	876484	0.216306	205.777	0	179	5729	36971	278	3991	0
work/039253_17_d42fit/tracking-stm.root	0	2099	884521	0.123632	199.957	0	0	12592	37873	0	3686	3025
work/039253_17_d42fit/tracking-stm.root	0	2400	50000	0.231578	213.511	1573	19257	771	67999	943	0	0
work/039253_17_d42fit/tracking-stm.root	0	2401	50000	0.246789	213.511	1247	18294	0	68911	434	0	0
work/039253_17_d42fit/tracking-stm.root	0	2402	50000	0.00956717	213.511	856	15301	0	66807	50	0	0
work/039253_17_d42fit/tracking-stm.root	0	2403	50000	0.155555	213.511	1415	13519	0	67180	330	0	0
work/039253_17_d42fit/tracking-stm.root	0	2404	50000	0.137857	213.511	2345	11740	26	73342	0	0	0
work/039253_17_d42fit/tracking-stm.root	0	2409	50000	0.140671	213.511	513	6451	0	67669	297	0	0
work/039253_17_d42fit/tracking-stm.root	0	2413	50579.3	0.0399782	202.761	623	0	72335	73	0	0	0
work/039253_17_d42fit/tracking-stm.root	0	2420	65955	0.211403	202.761	0	0	53574	44314	0	471	0
work/039253_17_d42fit/tracking-stm.root	0	2421	66801.2	0.2045	202.761	0	0	42365	62119	0	1267	0
work/039253_17_d42fit/tracking-stm.root	0	2423	71195.4	0.0715241	202.761	0	0	23916	71894	0	1030	0
work/039253_17_d42fit/tracking-stm.root	0	2424	72990	0.227241	202.761	0	0	16848	78816	0	1354	0
work/039253_17_d42fit/tracking-stm.root	0	2425	75610.3	0.227241	202.761	0	0	11263	73505	0	0	0
work/039253_17_d42fit/tracking-stm.root	0	2426	76891.4	0.15484	202.761	0	42	8866	74235	0	0	0
work/039253_17_d42fit/tracking-stm.root	0	2427	79780.1	0.147371	202.761	0	0	6755	70161	923	0	0
work/039253_17_d42fit/tracking-stm.root	0	2431	87093.5	0.0951905	192.699	0	7161	10453	54822	0	0	0
work/039253_17_d42fit/tracking-stm.root	0	2432	89160.6	0.0347546	192.699	0	8019	4496	61165	0	0	0
work/039253_17_d42fit/tracking-stm.root	0	2433	91449	0.14671	192.699	0	7650	1215	63705	1150	0	0
work/039253_17_d42fit/tracking-stm.root	0	2436	97364.4	0.111604	198.849	5633	464	19441	54592	0	0	0
work/039253_17_d42fit/tracking-stm.root	0	2437	100216	0.111604	198.849	5496	1630	16504	77388	0	0	0
work/039253_17_d42fit/tracking-stm.root	0	2438	101047	0.160841	198.849	5044	7	7408	69383	0	206	0
work/039253_17_d42fit/tracking-stm.root	0	2439	104158	0.110716	198.849	3189	1311	0	51151	3357	450	0
work/039253_17_d42fit/tracking-stm.root	0	2442	110079	0.238427	202.741	846	0	8069	47013	0	0	320
work/039253_17_d42fit/tracking-stm.root	0	2443	111724	0.0862653	202.741	68	187	1199	50409	158	0	176
work/039253_17_d42fit/tracking-stm.root	0	2444	112817	0.120205	202.741	0	1134	0	59600	7254	0	688
work/039253_17_d42fit/tracking-stm.root	0	2447	119071	0.234182	201.976	0	0	7463	64719	0	361	2086
work/039253_17_d42fit/tracking-stm.root	0	2448	121774	0.0771986	201.976	0	0	389	62952	0	0	2621
work/039253_17_d42fit/tracking-stm.root	0	2449	122876	0.119245	201.976	0	0	0	58737	3302	0	3067
work/039253_17_d42fit/tracking-stm.root	0	2453	131404	0.195655	199.419	0	103	1624	111780	0	3010	0
work/039253_17_d42fit/tracking-stm.root	0	2455	135612	0.240916	199.419	0	0	0	88429	52305	55	4
work/039253_17_d42fit/tracking-stm.root	0	2457	139655	0.176415	200.786	0	0	39354	168570	0	720	0
work/039253_17_d42fit/tracking-stm.root	0	2458	140368	0.133454	200.786	0	0	13647	139771	0	1249	0
work/039253_17_d42fit/tracking-stm.root	1	1902	491628	0.115329	206.428	0	0	6440	3940	0	0	0
work/039253_17_d42fit/tracking-stm.root	1	1903	491628	0.115329	206.428	0	0	9322	1986	0	0	0
work/039253_17_d42fit/tracking-stm.root	1	1908	503857	0.20392	210.897	0	161	743	14066	0	0	0
work/039253_17_d42fit/tracking-stm.root	1	1909	503857	0.20392	210.897	0	95	4748	14437	0	0	0
work/039253_17_d42fit/tracking-stm.root	1	1911	507988	0.167897	206.428	0	11302	10020	0	0	0	0
work/039253_17_d42fit/tracking-stm.root	1	1912	511901	0.0250322	206.428	0	12095	2374	0	0	0	0
work/039253_17_d42fit/tracking-stm.root	1	1913	511901	0.0250322	206.428	0	20351	1060	0	0	0	0
work/039253_17_d42fit/tracking-stm.root	1	1921	529489	0.12281	211.499	0	0	1279	17360	0	0	0
work/039253_17_d42fit/tracking-stm.root	1	1926	538794	0.0608142	214.391	0	0	0	17127	0	257	0
work/039253_17_d42fit/tracking-stm.root	1	1928	543131	0.0725804	214.391	0	0	6477	16342	0	0	0
work/039253_17_d42fit/tracking-stm.root	1	1930	546038	0.167285	211.499	0	12071	4124	165	0	0	0
work/039253_17_d42fit/tracking-stm.root	1	1933	552375	0.245336	217.42	0	146	172	14634	0	0	0
work/039253_17_d42fit/tracking-stm.root	1	1935	557511	0.208879	214.391	0	7540	7326	134	0	0	0
work/039253_17_d42fit/tracking-stm.root	1	1939	564310	0.0658614	209.953	0	0	1429	17108	0	0	0
work/039253_17_d42fit/tracking-stm.root	1	1941	568947	0.158038	217.42	0	10018	6046	0	0	0	0
work/039253_17_d42fit/tracking-stm.root	1	1949	584622	0.0168246	205.956	0	0	0	16290	0	0	0
work/039253_17_d42fit/tracking-stm.root	1	1951	588623	0.0751201	205.956	0	0	5203	10809	0	0	0
work/039253_17_d42fit/tracking-stm.root	1	1957	601824	0.111363	205.956	0	0	13224	0	0	0	0
work/039253_17_d42fit/tracking-stm.root	1	1958	601824	0.111363	205.956	0	0	14658	0	0	0	0
work/039253_17_d42fit/tracking-stm.root	1	1963	612248	0.21978	200.692	0	10025	0	0	0	0	0
work/039253_17_d42fit/tracking-stm.root	1	1966	619535	0.00336674	200.295	0	168	478	22683	0	0	0
work/039253_17_d42fit/tracking-stm.root	1	1968	622660	0.153922	200.295	0	0	8925	13158	0	0	0
work/039253_17_d42fit/tracking-stm.root	1	1977	641042	0.183253	212.571	0	3753	16808	0	0	0	0
work/039253_17_d42fit/tracking-stm.root	1	1979	645023	0.0727699	212.571	0	14579	6087	0	0	0	0
work/039253_17_d42fit/tracking-stm.root	1	1987	660410	0.0614628	207.468	0	0	346	15126	0	0	0
work/039253_17_d42fit/tracking-stm.root	1	1989	664302	0.136955	207.468	0	72	5563	11637	0	0	0
work/039253_17_d42fit/tracking-stm.root	1	1990	667265	0.185774	207.254	0	12295	9508	0	0	0	0
work/039253_17_d42fit/tracking-stm.root	1	1995	677773	0.12937	208.553	0	47	3819	13711	0	0	0
work/039253_17_d42fit/tracking-stm.root	1	1996	677773	0.12937	208.553	0	0	6728	11439	0	0	0
work/039253_17_d42fit/tracking-stm.root	1	1997	681095	0.143346	207.468	0	12942	7651	0	0	0	0
work/039253_17_d42fit/tracking-stm.root	1	2003	692866	0.222932	223.441	0	0	7903	25594	0	0	0
work/039253_17_d42fit/tracking-stm.root	1	2004	695768	0.152027	208.553	0	13605	22849	0	0	0	0
work/039253_17_d42fit/tracking-stm.root	1	2005	695768	0.152027	208.553	0	20650	9237	0	0	0	0
work/039253_17_d42fit/tracking-stm.root	1	2010	707519	0.15866	210.128	0	0	4441	13921	32	0	0
work/039253_17_d42fit/tracking-stm.root	1	2013	712575	0.0664757	207.284	0	0	0	15700	1245	412	0
work/039253_17_d42fit/tracking-stm.root	1	2015	716135	0.109417	223.441	3193	21516	0	0	0	0	0
work/039253_17_d42fit/tracking-stm.root	1	2018	722251	0.123334	210.128	0	16794	6674	56	0	0	0
work/039253_17_d42fit/tracking-stm.root	1	2022	731795	0.100654	213.91	0	254	899	16569	0	0	0
work/039253_17_d42fit/tracking-stm.root	1	2023	731795	0.100654	213.91	0	106	2878	14915	0	0	0
work/039253_17_d42fit/tracking-stm.root	1	2024	735193	0.11217	213.91	0	0	6055	10582	0	0	0
work/039253_17_d42fit/tracking-stm.root	1	2026	738584	0.152364	207.284	0	13176	6602	126	0	0	0
work/039253_17_d42fit/tracking-stm.root	1	2031	748341	0.0460878	216.01	0	0	817	17648	0	0	0
work/039253_17_d42fit/tracking-stm.root	1	2032	751809	0.10385	216.01	0	0	2113	15648	0	0	0
work/039253_17_d42fit/tracking-stm.root	1	2033	751809	0.10385	216.01	0	0	5774	12836	0	0	0
work/039253_17_d42fit/tracking-stm.root	1	2034	754996	0.166733	213.91	0	9966	8568	0	0	0	0
work/039253_17_d42fit/tracking-stm.root	1	2041	769051	0.231152	216.01	0	9158	12526	0	0	0	0
work/039253_17_d42fit/tracking-stm.root	1	2043	772524	0.00612984	216.01	0	15957	4069	0	0	0	0
work/039253_17_d42fit/tracking-stm.root	1	2052	790381	0.00155723	228.35	0	0	0	16100	18	248	0
work/039253_17_d42fit/tracking-stm.root	1	2054	795212	0.0940389	228.35	0	0	2989	14776	0	0	0
work/039253_17_d42fit/tracking-stm.root	1	2056	798464	0.239279	222.701	0	12363	9116	0	0	0	0
work/039253_17_d42fit/tracking-stm.root	1	2061	809882	0.0177064	224.904	0	337	124	18350	0	0	0
work/039253_17_d42fit/tracking-stm.root	1	2062	809882	0.0177064	224.904	0	198	1640	18020	0	0	0
work/039253_17_d42fit/tracking-stm.root	1	2063	812981	0.181315	224.904	0	0	3662	16119	0	0	0
work/039253_17_d42fit/tracking-stm.root	1	2064	815676	0.210725	228.35	71	5537	13701	0	0	0	0
work/039253_17_d42fit/tracking-stm.root	1	2065	815676	0.210725	228.35	73	8078	9626	0	0	0	0
work/039253_17_d42fit/tracking-stm.root	1	2066	819595	0.00691844	228.35	92	11502	7004	0	0	0	0
work/039253_17_d42fit/tracking-stm.root	1	2067	819595	0.00691844	228.35	9	15973	3773	641	0	0	0
work/039253_17_d42fit/tracking-stm.root	1	2076	839082	0.0729768	205.371	0	0	0	34341	0	0	0
work/039253_17_d42fit/tracking-stm.root	1	2078	842527	0.0912113	205.371	0	0	5867	26626	0	0	0
work/039253_17_d42fit/tracking-stm.root	1	2080	846788	0.105958	215.185	0	13302	8103	0	0	0	0
work/039253_17_d42fit/tracking-stm.root	1	2090	866448	0.153344	212.172	0	0	3885	24854	0	0	0
work/039253_17_d42fit/tracking-stm.root	1	2092	870296	0.205702	217.137	0	16080	18476	0	0	0	0
work/039253_17_d42fit/tracking-stm.root	1	2099	884521	0.07616	216.538	0	0	645	35324	695	2578	0
work/039253_17_d42fit/tracking-stm.root	1	2459	144490	0.0600995	206.428	0	0	17750	7969	0	0	0
work/039253_17_d42fit/tracking-stm.root	1	2470	164878	0.143119	201.554	0	0	2925	21706	0	0	0
work/039253_17_d42fit/tracking-stm.root	2	1898	483796	0.0953111	149.111	0	353	1731	11792	0	0	0
work/039253_17_d42fit/tracking-stm.root	2	1899	483796	0.0953111	149.111	0	46	3931	14089	0	0	0
work/039253_17_d42fit/tracking-stm.root	2	1900	486966	0.149433	149.111	0	981	5364	13440	0	0	0
work/039253_17_d42fit/tracking-stm.root	2	1902	491628	0.169108	153.141	0	0	0	7085	6310	0	0
work/039253_17_d42fit/tracking-stm.root	2	1903	491628	0.169108	153.141	0	0	115	9189	3668	0	0
work/039253_17_d42fit/tracking-stm.root	2	1904	494200	0.138059	153.141	0	0	110	12003	828	0	0
work/039253_17_d42fit/tracking-stm.root	2	1905	496771	0.0676873	153.141	0	0	108	14220	6	0	0
work/039253_17_d42fit/tracking-stm.root	2	1907	500314	0.016605	153.141	0	0	238	14649	0	0	0
work/039253_17_d42fit/tracking-stm.root	2	1909	503857	0.0447245	153.141	0	365	2654	16850	0	0	0
work/039253_17_d42fit/tracking-stm.root	2	1911	507988	0.104736	153.141	0	0	6865	15241	379	0	0
work/039253_17_d42fit/tracking-stm.root	2	1912	511901	0.195553	153.141	0	81	4282	11611	1108	0	0
work/039253_17_d42fit/tracking-stm.root	2	1913	511901	0.195553	153.141	0	0	11230	10344	816	0	0
work/039253_17_d42fit/tracking-stm.root	2	1914	515280	0.127262	148.059	0	0	787	24380	7953	3663	0
work/039253_17_d42fit/tracking-stm.root	2	1916	518913	0.00678985	148.059	0	0	161	14769	150	5416	0
work/039253_17_d42fit/tracking-stm.root	2	1920	526220	0.0226735	148.059	0	0	754	18116	0	0	0
work/039253_17_d42fit/tracking-stm.root	2	1921	529489	0.00146813	148.059	0	0	0	19628	192	0	0
work/039253_17_d42fit/tracking-stm.root	2	1923	532758	0.00242239	148.059	0	0	525	27826	0	0	0
work/039253_17_d42fit/tracking-stm.root	2	1924	535193	0.0332314	148.059	0	0	1313	23936	0	0	0
work/039253_17_d42fit/tracking-stm.root	2	1926	538794	0.16869	148.059	0	239	3571	13471	0	0	0
work/039253_17_d42fit/tracking-stm.root	2	1928	543131	0.20176	155.788	0	0	593	14316	9712	0	0
work/039253_17_d42fit/tracking-stm.root	2	1930	546038	0.108026	155.788	0	0	7	16191	1536	638	0
work/039253_17_d42fit/tracking-stm.root	2	1931	548944	0.0507443	155.788	0	0	701	15763	16	0	0
work/039253_17_d42fit/tracking-stm.root	2	1933	552375	0.00566452	155.788	0	0	382	16070	0	0	0
work/039253_17_d42fit/tracking-stm.root	2	1935	557511	0.024702	155.788	0	183	214	14597	0	0	0
work/039253_17_d42fit/tracking-stm.root	2	1937	561285	0.116824	155.788	0	594	5152	19179	70	0	0
work/039253_17_d42fit/tracking-stm.root	2	1939	564310	0.223579	155.788	0	0	9520	10372	0	0	0
work/039253_17_d42fit/tracking-stm.root	2	1941	568947	0.150217	145.957	0	0	72	15115	1922	0	0
work/039253_17_d42fit/tracking-stm.root	2	1942	571890	0.00934957	145.957	0	0	6	19447	1896	0	0
work/039253_17_d42fit/tracking-stm.root	2	1943	571890	0.00934957	145.957	0	0	0	22062	302	0	0
work/039253_17_d42fit/tracking-stm.root	2	1945	577300	0.0107158	145.957	0	0	277	17211	0	0	0
work/039253_17_d42fit/tracking-stm.root	2	1947	580809	0.0892917	145.957	0	1554	1592	15608	0	0	0
work/039253_17_d42fit/tracking-stm.root	2	1949	584622	0.226114	145.957	0	0	6226	9228	0	0	0
work/039253_17_d42fit/tracking-stm.root	2	1951	588623	0.181928	144.007	0	0	174	12716	3208	298	0
work/039253_17_d42fit/tracking-stm.root	2	1952	591638	0.0303815	144.007	0	0	516	15770	976	223	0
work/039253_17_d42fit/tracking-stm.root	2	1953	591638	0.0303815	144.007	0	0	270	16770	0	0	0
work/039253_17_d42fit/tracking-stm.root	2	1955	596922	0.14992	144.007	0	0	1173	17358	0	0	0
work/039253_17_d42fit/tracking-stm.root	2	1957	601824	0.221003	148.467	0	0	23	8082	12091	17	0
work/039253_17_d42fit/tracking-stm.root	2	1958	601824	0.221003	148.467	0	0	743	20178	9030	470	0
work/039253_17_d42fit/tracking-stm.root	2	1959	605019	0.121062	148.467	0	0	49	21858	5034	124	0
work/039253_17_d42fit/tracking-stm.root	2	1961	608729	0.0197202	148.467	0	0	514	20538	0	0	0
work/039253_17_d42fit/tracking-stm.root	2	1963	612248	0.020479	148.467	0	327	77	20174	0	0	0
work/039253_17_d42fit/tracking-stm.root	2	1965	616410	0.118077	148.467	0	605	6007	21178	0	0	0
work/039253_17_d42fit/tracking-stm.root	2	1966	619535	0.235108	148.467	0	259	7842	15840	242	0	0
work/039253_17_d42fit/tracking-stm.root	2	1968	622660	0.148715	135.971	0	0	0	16899	7033	0	0
work/039253_17_d42fit/tracking-stm.root	2	1970	626503	0.0541272	135.971	0	0	0	15419	576	0	0
work/039253_17_d42fit/tracking-stm.root	2	1971	629788	0.0154913	135.971	0	0	225	20501	178	0	0
work/039253_17_d42fit/tracking-stm.root	2	1972	629788	0.0154913	135.971	0	0	77	27488	94	0	0
work/039253_17_d42fit/tracking-stm.root	2	1973	632325	0.0023385	135.971	0	0	445	23583	4	0	0
work/039253_17_d42fit/tracking-stm.root	2	1974	634863	0.00312155	135.971	0	0	685	18170	0	0	0
work/039253_17_d42fit/tracking-stm.root	2	1976	638646	0.0272327	135.971	0	24	1663	20545	0	0	0
work/039253_17_d42fit/tracking-stm.root	2	1977	641042	0.182389	135.971	0	785	3828	16103	0	0	0
work/039253_17_d42fit/tracking-stm.root	2	1979	645023	0.208878	141.095	0	0	0	9455	11218	0	0
work/039253_17_d42fit/tracking-stm.root	2	1981	648277	0.131352	141.095	0	0	338	14495	1810	481	0
work/039253_17_d42fit/tracking-stm.root	2	1982	651095	0.05203	141.095	0	0	809	16750	270	36	0
work/039253_17_d42fit/tracking-stm.root	2	1984	654363	0.0123035	141.095	0	0	60	17944	0	0	0
work/039253_17_d42fit/tracking-stm.root	2	1985	656780	0.0517398	141.095	0	0	839	14999	0	0	0
work/039253_17_d42fit/tracking-stm.root	2	1987	660410	0.140184	141.095	0	0	3078	11680	471	0	0
work/039253_17_d42fit/tracking-stm.root	2	1989	664302	0.224471	133.42	0	0	942	10831	6842	0	0
work/039253_17_d42fit/tracking-stm.root	2	1990	667265	0.124923	133.42	0	0	793	16733	5403	0	0
work/039253_17_d42fit/tracking-stm.root	2	1992	671030	0.024353	133.42	0	0	4	17135	0	0	0
work/039253_17_d42fit/tracking-stm.root	2	1994	674795	0.0683765	133.42	0	0	48	15941	277	0	0
work/039253_17_d42fit/tracking-stm.root	2	1995	677773	0.075014	133.42	0	223	1351	16024	0	0	0
work/039253_17_d42fit/tracking-stm.root	2	1996	677773	0.075014	133.42	0	297	2915	15327	0	0	0
work/039253_17_d42fit/tracking-stm.root	2	1997	681095	0.147156	133.42	0	30	5849	13842	0	0	0
work/039253_17_d42fit/tracking-stm.root	2	1999	684782	0.192038	139.248	0	0	864	22461	12590	0	0
work/039253_17_d42fit/tracking-stm.root	2	2001	688067	0.070928	139.248	0	0	0	17949	2150	0	0
work/039253_17_d42fit/tracking-stm.root	2	2003	692866	0.0304732	139.248	0	1122	2534	28989	0	0	0
work/039253_17_d42fit/tracking-stm.root	2	2004	695768	0.102358	139.248	0	488	2674	29518	0	0	0
work/039253_17_d42fit/tracking-stm.root	2	2005	695768	0.102358	139.248	0	443	3212	23589	0	0	0
work/039253_17_d42fit/tracking-stm.root	2	2006	699813	0.158791	139.248	0	591	8152	19529	0	0	0
work/039253_17_d42fit/tracking-stm.root	2	2007	699813	0.158791	139.248	0	0	10369	10200	0	0	0
work/039253_17_d42fit/tracking-stm.root	2	2009	704426	0.168007	142.397	0	0	38	16222	765	0	0
work/039253_17_d42fit/tracking-stm.root	2	2010	707519	0.163222	142.397	0	0	712	17118	51	0	0
work/039253_17_d42fit/tracking-stm.root	2	2012	710047	0.141878	142.397	0	49	3047	14837	0	0	0
work/039253_17_d42fit/tracking-stm.root	2	2013	712575	0.228322	142.397	0	76	7323	11265	190	0	0
work/039253_17_d42fit/tracking-stm.root	2	2015	716135	0.200843	145.208	0	0	256	22672	2126	0	0
work/039253_17_d42fit/tracking-stm.root	2	2016	718893	0.119743	145.208	0	0	112	23130	0	198	0
work/039253_17_d42fit/tracking-stm.root	2	2018	722251	0.15304	145.208	0	38	4116	20401	0	0	0
work/039253_17_d42fit/tracking-stm.root	2	2019	725324	0.159248	145.208	0	303	8055	18715	0	0	0
work/039253_17_d42fit/tracking-stm.root	2	2021	728397	0.175983	146.581	0	0	411	14770	3243	0	0
work/039253_17_d42fit/tracking-stm.root	2	2022	731795	0.191119	146.581	0	0	988	18522	205	0	0
work/039253_17_d42fit/tracking-stm.root	2	2023	731795	0.191119	146.581	0	83	546	18840	0	0	0
work/039253_17_d42fit/tracking-stm.root	2	2024	735193	0.174283	146.581	0	0	3015	16088	0	0	0
work/039253_17_d42fit/tracking-stm.root	2	2026	738584	0.150202	147.416	0	0	22	12959	6847	0	0
work/039253_17_d42fit/tracking-stm.root	2	2027	741728	0.142422	147.416	0	0	107	16531	1082	0	0
work/039253_17_d42fit/tracking-stm.root	2	2028	741728	0.142422	147.416	0	183	1315	17084	0	0	0
work/039253_17_d42fit/tracking-stm.root	2	2029	744872	0.189648	147.416	0	3	3771	18158	0	0	0
work/039253_17_d42fit/tracking-stm.root	2	2031	748341	0.232449	145.8	0	0	267	11785	6250	49	0
work/039253_17_d42fit/tracking-stm.root	2	2032	751809	0.190718	145.8	0	0	857	16873	1326	0	0
work/039253_17_d42fit/tracking-stm.root	2	2033	751809	0.190718	145.8	0	0	834	19713	71	0	0
work/039253_17_d42fit/tracking-stm.root	2	2034	754996	0.145288	145.8	0	230	1288	18986	0	0	0
work/039253_17_d42fit/tracking-stm.root	2	2036	758182	0.198452	145.8	0	0	8790	10021	188	0	0
work/039253_17_d42fit/tracking-stm.root	2	2038	762220	0.164958	151.843	0	0	533	15801	1203	0	0
work/039253_17_d42fit/tracking-stm.root	2	2039	765955	0.0626074	151.843	0	127	74	18565	0	0	0
work/039253_17_d42fit/tracking-stm.root	2	2040	765955	0.0626074	151.843	0	363	1620	16305	0	0	0
work/039253_17_d42fit/tracking-stm.root	2	2041	769051	0.0792609	151.843	0	0	4153	18448	0	0	0
work/039253_17_d42fit/tracking-stm.root	2	2043	772524	0.180243	151.843	0	383	7331	12708	0	0	0
work/039253_17_d42fit/tracking-stm.root	2	2045	776900	0.186662	149.927	0	0	299	13026	4883	0	0
work/039253_17_d42fit/tracking-stm.root	2	2046	779837	0.0678376	149.927	0	0	167	16546	2910	0	0
work/039253_17_d42fit/tracking-stm.root	2	2047	779837	0.0678376	149.927	0	0	231	19994	12	0	0
work/039253_17_d42fit/tracking-stm.root	2	2048	783506	0.0211995	149.927	0	0	401	18800	0	0	0
work/039253_17_d42fit/tracking-stm.root	2	2050	787143	0.0570582	149.927	0	0	1454	17753	0	0	0
work/039253_17_d42fit/tracking-stm.root	2	2052	790381	0.214992	149.927	0	394	6077	12385	252	0	0
work/039253_17_d42fit/tracking-stm.root	2	2054	795212	0.194512	148.179	0	0	760	12927	3999	0	0
work/039253_17_d42fit/tracking-stm.root	2	2056	798464	0.0489819	148.179	0	0	157	22226	299	0	0
work/039253_17_d42fit/tracking-stm.root	2	2058	801876	0.0464367	148.179	0	707	974	18026	0	0	0
work/039253_17_d42fit/tracking-stm.root	2	2059	805288	0.141903	148.179	0	357	3404	16336	3	0	0
work/039253_17_d42fit/tracking-stm.root	2	2061	809882	0.221079	146.738	0	0	1330	11096	7833	74	0
work/039253_17_d42fit/tracking-stm.root	2	2062	809882	0.221079	146.738	0	0	955	16389	3414	6	0
work/039253_17_d42fit/tracking-stm.root	2	2063	812981	0.133897	146.738	0	0	21	18212	414	0	0
work/039253_17_d42fit/tracking-stm.root	2	2064	815676	0.101324	146.738	0	0	727	17933	0	0	0
work/039253_17_d42fit/tracking-stm.root	2	2065	815676	0.101324	146.738	0	0	2639	17043	0	0	0
work/039253_17_d42fit/tracking-stm.root	2	2066	819595	0.199037	146.738	0	0	5270	14057	472	0	0
work/039253_17_d42fit/tracking-stm.root	2	2067	819595	0.199037	146.738	0	0	9480	9730	92	0	0
work/039253_17_d42fit/tracking-stm.root	2	2069	824308	0.163396	148.512	0	0	0	19404	2050	0	0
work/039253_17_d42fit/tracking-stm.root	2	2070	827848	0.0330238	148.512	0	0	0	21293	217	0	0
work/039253_17_d42fit/tracking-stm.root	2	2073	831726	0.000756295	148.512	583	487	0	21895	0	0	0
work/039253_17_d42fit/tracking-stm.root	2	2074	835636	0.0511607	148.512	579	2200	0	19323	0	0	0
work/039253_17_d42fit/tracking-stm.root	2	2075	835636	0.0511607	148.512	196	3948	0	19548	170	0	0
work/039253_17_d42fit/tracking-stm.root	2	2076	839082	0.106662	148.512	315	4744	0	21732	0	0	0
work/039253_17_d42fit/tracking-stm.root	2	2078	842527	0.10379	148.512	625	5322	0	13833	0	0	0
work/039253_17_d42fit/tracking-stm.root	2	2080	846788	0.101466	0	0	147	4247	0	7666	15	0
work/039253_17_d42fit/tracking-stm.root	2	2082	851049	0.0508829	0	0	211	6612	0	7895	393	0
work/039253_17_d42fit/tracking-stm.root	2	2084	854282	0.0156514	0	0	0	4808	0	6338	378	0
work/039253_17_d42fit/tracking-stm.root	2	2086	858264	0.0235378	0	0	396	5098	0	7169	0	0
work/039253_17_d42fit/tracking-stm.root	2	2088	862356	0.0313174	0	0	426	5728	0	6496	836	0
work/039253_17_d42fit/tracking-stm.root	2	2090	866448	0.0298962	0	0	466	5699	0	8822	0	0
work/039253_17_d42fit/tracking-stm.root	2	2092	870296	0.0550936	0	0	45	6911	0	11665	534	0
work/039253_17_d42fit/tracking-stm.root	2	2093	873430	0.0930081	148.512	307	5215	0	11138	0	0	0
work/039253_17_d42fit/tracking-stm.root	2	2095	876484	0.0571965	0	0	416	7425	0	13170	444	0
work/039253_17_d42fit/tracking-stm.root	2	2096	879537	0.056459	0	0	334	9561	0	12314	353	0
work/039253_17_d42fit/tracking-stm.root	2	2099	884521	0.0712073	0	0	182	10678	0	12174	75	0
work/039253_17_d42fit/tracking-stm.root	2	2461	148613	0.0889108	143.371	0	0	0	22126	0	6398	0
work/039253_17_d42fit/tracking-stm.root	2	2462	149155	0.0889108	143.371	0	0	0	34028	0	12176	0
work/039253_17_d42fit/tracking-stm.root	2	2463	152204	0.00117446	143.371	0	0	0	44424	0	12341	0
work/039253_17_d42fit/tracking-stm.root	2	2464	154021	0.137298	143.371	0	0	0	44958	0	5052	0
work/039253_17_d42fit/tracking-stm.root	2	2465	156331	0.000502482	143.371	0	0	0	42505	0	2228	0
work/039253_17_d42fit/tracking-stm.root	2	2467	158811	0.0974761	143.371	0	0	0	34907	0	1823	202
work/039253_17_d42fit/tracking-stm.root	2	2468	162032	0.0636921	143.371	0	0	0	29569	0	3075	665
work/039253_17_d42fit/tracking-stm.root	2	2470	164878	0.181233	143.371	74	1231	0	17408	0	3489	414
work/039253_17_d42fit/tracking-stm.root	2	2472	169271	0.245966	0	4380	0	6170	0	4562	0	0
work/039349_23_d42fit/tracking-stm.root	0	1551	1.56988e+06	0.149556	206.754	617	0	2153	225	31276	56906	16619
work/039349_23_d42fit/tracking-stm.root	0	1554	1.57526e+06	0.178811	204.811	6442	0	1482	27949	51131	20356	98
work/039349_23_d42fit/tracking-stm.root	0	1567	1.60122e+06	0.210965	185.809	0	144	34563	27127	0	0	0
work/039349_23_d42fit/tracking-stm.root	0	638	50000	0.181254	203.18	0	126	0	9019	1591	0	0
work/039349_23_d42fit/tracking-stm.root	0	673	85350.9	0.236419	193.687	0	578	2515	31939	3377	0	0
work/039349_23_d42fit/tracking-stm.root	0	696	131245	0.209483	196.958	8	0	18449	42149	221	49	0
work/039349_23_d42fit/tracking-stm.root	0	703	144944	0.237887	188.62	0	4330	35625	56860	0	7838	28473
work/039349_23_d42fit/tracking-stm.root	0	717	172622	0.235197	201.82	0	1445	899	890	1001	6463	18828
work/039349_23_d42fit/tracking-stm.root	0	719	175955	0.000880091	201.82	0	1523	4954	3737	5604	3821	34506
work/039349_23_d42fit/tracking-stm.root	0	720	179034	0.00183287	201.82	0	297	1821	9672	1089	4992	29213
work/039349_23_d42fit/tracking-stm.root	0	722	182113	0.179977	201.82	0	0	0	27262	0	0	18877
work/039349_23_d42fit/tracking-stm.root	0	729	196818	0.171569	201.418	0	358	0	10707	6769	12467	0
work/039349_23_d42fit/tracking-stm.root	0	730	199025	0.0741674	191.257	535	7	21734	2416	2201	0	0
work/039349_23_d42fit/tracking-stm.root	0	777	292699	0.0766789	246.428	0	0	13175	16187	2558	0	0
work/039349_23_d42fit/tracking-stm.root	0	817	371825	0.244595	246.434	328	0	22647	24118	0	547	0
work/039349_23_d42fit/tracking-stm.root	0	819	376107	0.15262	235.754	0	0	7148	27069	4256	0	2175
work/039349_23_d42fit/tracking-stm.root	0	932	602532	0.219957	204.811	38	0	25237	17731	0	0	0
work/039349_23_d42fit/tracking-stm.root	0	942	623598	0.220958	206.109	0	25	3785	13990	344	0	0
work/039349_23_d42fit/tracking-stm.root	0	943	623598	0.220958	206.109	237	411	10197	7684	0	0	0
work/039349_23_d42fit/tracking-stm.root	0	971	680479	0.218857	205.331	0	0	0	29990	26286	5323	0
work/039349_23_d42fit/tracking-stm.root	0	973	683964	0.0250319	205.331	0	0	595	12198	18543	0	3
work/039349_23_d42fit/tracking-stm.root	0	974	687449	0.144536	205.331	0	0	0	14846	10117	0	0
work/039349_23_d42fit/tracking-stm.root	0	975	687449	0.144536	205.331	0	0	590	13708	1298	0	0
work/039349_23_d42fit/tracking-stm.root	0	979	697678	0.216512	200.128	0	97	51	14525	8144	64	0
work/039349_23_d42fit/tracking-stm.root	0	980	697678	0.216512	200.128	0	642	0	29338	2335	501	0
work/039349_23_d42fit/tracking-stm.root	0	982	702963	0.142674	200.128	0	0	10208	7613	0	0	0
work/039349_23_d42fit/tracking-stm.root	0	995	728622	0.205611	185.809	0	14884	14141	3750	14749	0	0
work/039349_23_d42fit/tracking-stm.root	0	997	732627	0.0423331	185.809	0	1659	27625	15236	2734	276	52
work/039349_23_d42fit/tracking-stm.root	0	999	736732	0.150462	185.809	808	0	23430	25356	0	0	448
work/039349_23_d42fit/tracking-stm.root	0	1054	846197	0.202853	211.205	0	239	0	16733	7952	0	0
work/039349_23_d42fit/tracking-stm.root	0	1055	849556	0.212116	211.205	0	0	1744	19199	1619	0	0
work/039349_23_d42fit/tracking-stm.root	0	1056	849556	0.212116	211.205	51	0	8487	12034	0	106	0
work/039349_23_d42fit/tracking-stm.root	0	1062	863394	0.00775544	213.195	357	0	13232	8786	0	0	0
work/039349_23_d42fit/tracking-stm.root	0	1077	891959	0.220514	216.591	0	17	2390	15526	779	0	0
work/039349_23_d42fit/tracking-stm.root	0	1099	937200	0.18273	205.204	0	426	104	23595	2719	0	0
work/039349_23_d42fit/tracking-stm.root	0	1101	940717	0.115943	205.204	94	241	11651	19837	9978	0	0
work/039349_23_d42fit/tracking-stm.root	0	1102	943723	0.102105	211.489	1912	12731	10736	20701	0	0	0
work/039349_23_d42fit/tracking-stm.root	0	1240	1.21947e+06	0.15638	188.398	0	0	12515	13356	7232	0	0
work/039349_23_d42fit/tracking-stm.root	0	1241	1.21947e+06	0.15638	188.398	0	0	20764	9729	7380	0	0
work/039349_23_d42fit/tracking-stm.root	0	1260	1.25911e+06	0.224096	180.514	0	0	0	23963	37004	0	72
work/039349_23_d42fit/tracking-stm.root	0	1262	1.26228e+06	0.225316	180.514	0	0	0	35341	3475	0	0
work/039349_23_d42fit/tracking-stm.root	0	61	50000	0.0847555	239.948	0	0	0	16874	139	0	0
work/039349_23_d42fit/tracking-stm.root	0	63	50000	0.112436	239.948	0	0	167	16369	0	0	0
work/039349_23_d42fit/tracking-stm.root	0	64	50000	0.0178161	239.948	0	0	531	14289	0	0	0
work/039349_23_d42fit/tracking-stm.root	0	65	50000	0.0178161	239.948	0	46	1353	13774	0	0	0
work/039349_23_d42fit/tracking-stm.root	0	66	50000	0.0693916	239.948	0	95	3889	16798	0	0	0
work/039349_23_d42fit/tracking-stm.root	0	68	50000	0.217828	235.668	0	0	0	9950	6710	0	0
work/039349_23_d42fit/tracking-stm.root	0	70	50000	0.140857	235.668	0	0	0	13138	2448	0	0
work/039349_23_d42fit/tracking-stm.root	0	71	50000	0.00704915	235.668	0	0	0	14995	1090	0	0
work/039349_23_d42fit/tracking-stm.root	0	72	50000	0.0533955	235.668	0	0	0	16550	587	78	0
work/039349_23_d42fit/tracking-stm.root	0	74	50000	0.168082	235.668	0	0	2501	15143	0	0	0
work/039349_23_d42fit/tracking-stm.root	0	76	50000	0.205298	250.878	0	0	0	8947	9052	0	0
work/039349_23_d42fit/tracking-stm.root	0	77	50000	0.156518	250.878	0	0	0	12696	7157	130	0
work/039349_23_d42fit/tracking-stm.root	0	79	50000	0.133508	250.878	0	439	1280	20062	4171	0	0
work/039349_23_d42fit/tracking-stm.root	0	81	53436.2	0.15032	250.878	0	0	9501	26707	0	0	0
work/039349_23_d42fit/tracking-stm.root	0	82	53436.2	0.15032	250.878	0	0	4630	16380	517	0	0
work/039349_23_d42fit/tracking-stm.root	0	83	57038.9	0.130096	247.458	0	0	0	8603	11574	607	0
work/039349_23_d42fit/tracking-stm.root	0	85	60267.1	0.0581675	247.458	0	0	0	28516	6468	416	0
work/039349_23_d42fit/tracking-stm.root	0	86	63495.4	0.0487701	247.458	0	0	0	16987	2905	461	0
work/039349_23_d42fit/tracking-stm.root	0	87	63495.4	0.0487701	247.458	0	0	0	18033	639	117	0
work/039349_23_d42fit/tracking-stm.root	0	88	66494.3	0.038654	247.458	0	0	0	26100	565	0	0
work/039349_23_d42fit/tracking-stm.root	0	89	69493.1	0.180349	247.458	0	0	356	26787	0	0	0
work/039349_23_d42fit/tracking-stm.root	0	90	69493.1	0.180349	247.458	0	0	2461	15938	497	0	0
work/039349_23_d42fit/tracking-stm.root	0	91	73167.3	0.181463	230.584	0	0	0	5912	8830	266	0
work/039349_23_d42fit/tracking-stm.root	0	94	77754.5	0.0933807	230.584	0	0	0	13587	2271	113	0
work/039349_23_d42fit/tracking-stm.root	0	95	81283.6	0.0908734	230.584	0	0	0	15043	1113	0	0
work/039349_23_d42fit/tracking-stm.root	0	96	81283.6	0.0908734	230.584	0	135	0	13805	25	0	0
work/039349_23_d42fit/tracking-stm.root	0	97	85439.2	0.171664	230.584	0	189	1679	12326	0	0	0
work/039349_23_d42fit/tracking-stm.root	0	98	85439.2	0.171664	230.584	0	0	6322	10570	8	0	0
work/039349_23_d42fit/tracking-stm.root	0	100	89723.7	0.191528	234.158	0	0	0	16958	3489	372	0
work/039349_23_d42fit/tracking-stm.root	0	102	94277	0.0794094	234.158	0	0	0	13499	981	0	0
work/039349_23_d42fit/tracking-stm.root	0	104	99152.1	0.12913	234.158	0	305	0	14909	0	0	0
work/039349_23_d42fit/tracking-stm.root	0	107	103874	0.175377	234.4	0	0	0	10490	5635	0	0
work/039349_23_d42fit/tracking-stm.root	0	108	107151	0.0984552	234.4	0	0	0	16383	3243	0	0
work/039349_23_d42fit/tracking-stm.root	0	110	110537	0.059065	234.4	0	0	0	14882	1531	0	0
work/039349_23_d42fit/tracking-stm.root	0	112	114632	0.089327	234.4	0	43	80	14628	391	0	0
work/039349_23_d42fit/tracking-stm.root	0	114	118138	0.237803	234.4	0	2	5231	9716	0	0	0
work/039349_23_d42fit/tracking-stm.root	0	116	121852	0.170744	224.341	0	0	0	14285	3446	0	0
work/039349_23_d42fit/tracking-stm.root	0	118	126398	0.0493137	224.341	0	0	0	16980	522	0	0
work/039349_23_d42fit/tracking-stm.root	0	120	131530	0.128574	224.341	0	144	0	15164	0	0	0
work/039349_23_d42fit/tracking-stm.root	0	121	131530	0.128574	224.341	0	83	591	13785	175	0	0
work/039349_23_d42fit/tracking-stm.root	0	122	135457	0.222542	237.256	0	0	0	5115	10132	18	0
work/039349_23_d42fit/tracking-stm.root	0	123	135457	0.222542	237.256	0	0	0	13528	7932	222	0
work/039349_23_d42fit/tracking-stm.root	0	124	138752	0.119352	237.256	0	0	0	21138	6870	478	0
work/039349_23_d42fit/tracking-stm.root	0	126	141840	0.0362888	237.256	0	0	0	14878	2482	772	0
work/039349_23_d42fit/tracking-stm.root	0	127	144928	0.0650677	237.256	0	0	0	19587	1463	0	0
work/039349_23_d42fit/tracking-stm.root	0	129	148426	0.0904711	237.256	0	171	199	13065	176	0	0
work/039349_23_d42fit/tracking-stm.root	0	131	151925	0.169348	237.256	0	119	4083	6693	1458	0	0
work/039349_23_d42fit/tracking-stm.root	0	133	155644	0.16319	239.635	0	0	0	11221	2984	210	0
work/039349_23_d42fit/tracking-stm.root	0	134	159145	0.077832	239.635	0	0	0	10287	1004	1360	0
work/039349_23_d42fit/tracking-stm.root	0	136	162646	0.032564	239.635	0	0	95	6624	1150	1142	0
work/039349_23_d42fit/tracking-stm.root	0	139	167962	0.0377559	239.635	0	0	8799	27957	7440	0	0
work/039349_23_d42fit/tracking-stm.root	0	142	174242	0.24694	215.328	0	0	0	13921	3049	6279	0
work/039349_23_d42fit/tracking-stm.root	0	144	179276	0.130458	215.328	0	305	549	12066	0	279	0
work/039349_23_d42fit/tracking-stm.root	0	145	179276	0.130458	215.328	0	906	3377	7835	0	0	0
work/039349_23_d42fit/tracking-stm.root	0	146	182960	0.233794	213.528	0	0	1157	7023	6426	0	0
work/039349_23_d42fit/tracking-stm.root	0	148	186643	0.130999	213.528	0	0	0	19605	277	232	0
work/039349_23_d42fit/tracking-stm.root	0	150	190056	0.0847431	213.528	0	0	0	16518	0	0	0
work/039349_23_d42fit/tracking-stm.root	0	152	194181	0.203542	213.528	0	0	7539	10159	0	0	0
work/039349_23_d42fit/tracking-stm.root	0	154	198984	0.148926	201.654	0	0	0	15527	2654	0	0
work/039349_23_d42fit/tracking-stm.root	0	159	208251	0.151287	201.654	0	0	2600	13380	0	0	0
work/039349_23_d42fit/tracking-stm.root	0	162	213740	0.165506	208.878	0	728	3974	32631	2409	262	0
work/039349_23_d42fit/tracking-stm.root	0	163	216867	0.0311099	208.878	0	0	2310	27809	0	96	0
work/039349_23_d42fit/tracking-stm.root	0	165	219994	0.15541	208.878	0	0	15	14451	0	0	0
work/039349_23_d42fit/tracking-stm.root	0	167	224534	0.219614	211.869	0	0	0	7865	6182	670	0
work/039349_23_d42fit/tracking-stm.root	0	169	228218	0.121658	211.869	0	0	0	12762	355	1743	0
work/039349_23_d42fit/tracking-stm.root	0	171	231779	0.0475944	211.869	0	0	471	15188	0	594	0
work/039349_23_d42fit/tracking-stm.root	0	172	235339	0.193433	211.869	0	0	1117	11683	0	0	0
work/039349_23_d42fit/tracking-stm.root	0	173	235339	0.193433	211.869	0	0	5698	8746	0	0	0
work/039349_23_d42fit/tracking-stm.root	0	175	240075	0.194665	214.152	0	0	0	13308	2036	0	0
work/039349_23_d42fit/tracking-stm.root	0	177	243636	0.0614996	214.152	0	0	524	15040	0	155	0
work/039349_23_d42fit/tracking-stm.root	0	179	247673	0.0712053	214.152	0	0	1795	14964	0	0	0
work/039349_23_d42fit/tracking-stm.root	0	181	251710	0.199236	214.152	0	0	10914	12917	0	0	0
work/039349_23_d42fit/tracking-stm.root	0	183	255755	0.166686	207.087	0	0	0	16399	1005	66	0
work/039349_23_d42fit/tracking-stm.root	0	185	260884	0.0777465	207.087	0	0	0	16535	0	0	0
work/039349_23_d42fit/tracking-stm.root	0	187	263789	0.14396	207.087	0	0	3937	16080	0	0	0
work/039349_23_d42fit/tracking-stm.root	0	188	266694	0.202928	207.087	0	0	9873	13870	0	0	0
work/039349_23_d42fit/tracking-stm.root	0	190	270191	0.157533	209.316	0	0	0	16655	4229	0	0
work/039349_23_d42fit/tracking-stm.root	0	192	273999	0.0708552	209.316	0	0	0	18222	933	0	0
work/039349_23_d42fit/tracking-stm.root	0	194	277806	0.145807	209.316	0	0	3671	13313	52	0	0
work/039349_23_d42fit/tracking-stm.root	0	195	280835	0.240024	227.016	0	0	0	7998	11866	0	0
work/039349_23_d42fit/tracking-stm.root	0	197	283865	0.116038	227.016	0	0	0	19558	3661	0	0
work/039349_23_d42fit/tracking-stm.root	0	200	289669	0.0626799	227.016	0	782	518	21540	182	0	0
work/039349_23_d42fit/tracking-stm.root	0	201	293569	0.140322	227.016	0	984	4815	24788	0	0	0
work/039349_23_d42fit/tracking-stm.root	0	202	293569	0.140322	227.016	0	495	7755	16855	0	0	0
work/039349_23_d42fit/tracking-stm.root	0	203	297373	0.202591	223.784	0	0	385	8131	8674	0	0
work/039349_23_d42fit/tracking-stm.root	0	204	297373	0.202591	223.784	0	0	0	10463	4922	0	0
work/039349_23_d42fit/tracking-stm.root	0	205	301178	0.112574	223.784	0	0	0	13986	2855	0	0
work/039349_23_d42fit/tracking-stm.root	0	208	306067	0.105615	223.784	0	0	1568	13439	59	0	0
work/039349_23_d42fit/tracking-stm.root	0	210	311428	0.189388	223.784	0	0	6008	8984	52	0	0
work/039349_23_d42fit/tracking-stm.root	0	211	311428	0.189388	223.784	0	0	10162	5510	165	0	0
work/039349_23_d42fit/tracking-stm.root	0	212	314486	0.124182	212.969	0	0	0	12871	3049	0	0
work/039349_23_d42fit/tracking-stm.root	0	214	318654	0.0573002	212.969	0	0	0	14501	392	0	0
work/039349_23_d42fit/tracking-stm.root	0	216	321985	0.14039	212.969	0	0	645	14788	0	0	0
work/039349_23_d42fit/tracking-stm.root	0	218	327486	0.159906	207.01	0	0	0	7545	9602	0	0
work/039349_23_d42fit/tracking-stm.root	0	219	327486	0.159906	207.01	0	0	0	11778	6548	0	0
work/039349_23_d42fit/tracking-stm.root	0	221	332045	0.125188	207.01	0	0	0	16688	1341	197	0
work/039349_23_d42fit/tracking-stm.root	0	223	336355	0.113545	207.01	0	0	0	12918	0	0	0
work/039349_23_d42fit/tracking-stm.root	0	225	340665	0.229381	207.01	0	0	4424	9737	0	0	0
work/039349_23_d42fit/tracking-stm.root	0	226	342672	0.205125	214.833	0	0	0	11665	5864	0	0
work/039349_23_d42fit/tracking-stm.root	0	228	346412	0.0429136	214.833	0	0	0	13051	0	0	0
work/039349_23_d42fit/tracking-stm.root	0	230	350873	0.0297519	214.833	0	444	0	13366	0	0	0
work/039349_23_d42fit/tracking-stm.root	0	232	355335	0.142207	214.833	0	0	2050	12272	0	0	0
work/039349_23_d42fit/tracking-stm.root	0	233	355335	0.142207	214.833	0	0	3387	9262	0	0	0
work/039349_23_d42fit/tracking-stm.root	0	235	359687	0.170908	214.256	0	0	0	10309	2597	0	0
work/039349_23_d42fit/tracking-stm.root	0	237	364118	0.0914037	214.256	0	0	0	13659	741	0	0
work/039349_23_d42fit/tracking-stm.root	0	239	367882	0.174051	214.256	0	402	817	18341	0	0	0
work/039349_23_d42fit/tracking-stm.root	0	242	375006	0.115691	216.139	0	0	0	14831	6269	0	0
work/039349_23_d42fit/tracking-stm.root	0	245	380464	0.015974	216.139	0	0	0	15112	8	0	0
work/039349_23_d42fit/tracking-stm.root	0	248	386145	0.150858	216.139	0	0	4395	13108	0	0	0
work/039349_23_d42fit/tracking-stm.root	0	249	389477	0.197196	217.722	0	0	0	8831	9295	0	0
work/039349_23_d42fit/tracking-stm.root	0	250	389477	0.197196	217.722	0	0	0	11956	6476	0	0
work/039349_23_d42fit/tracking-stm.root	0	252	394324	0.0681838	217.722	0	0	0	14515	1741	0	0
work/039349_23_d42fit/tracking-stm.root	0	254	399379	0.103839	217.722	0	6	0	16004	0	0	0
work/039349_23_d42fit/tracking-stm.root	0	255	399379	0.103839	217.722	0	0	95	16309	0	0	0
work/039349_23_d42fit/tracking-stm.root	0	256	403083	0.201243	217.722	0	0	2277	13890	0	0	0
work/039349_23_d42fit/tracking-stm.root	0	258	407466	0.150481	198.304	0	0	0	9780	6268	0	0
work/039349_23_d42fit/tracking-stm.root	0	259	407466	0.150481	198.304	0	0	0	12270	4112	0	0
work/039349_23_d42fit/tracking-stm.root	0	261	412802	0.0446467	198.304	0	0	0	14742	1640	344	0
work/039349_23_d42fit/tracking-stm.root	0	262	415607	4.86331e-12	198.304	0	100	0	12682	751	0	0
work/039349_23_d42fit/tracking-stm.root	0	263	415607	4.86331e-12	198.304	0	202	755	11002	0	0	0
work/039349_23_d42fit/tracking-stm.root	0	264	418412	0.14103	198.304	0	0	3339	9759	0	0	0
work/039349_23_d42fit/tracking-stm.root	0	267	424257	0.171341	200.108	0	0	0	12684	101	164	0
work/039349_23_d42fit/tracking-stm.root	0	269	428706	0.0104035	200.108	0	0	0	14835	0	0	0
work/039349_23_d42fit/tracking-stm.root	0	271	432412	0.0828417	200.108	0	772	1393	11317	0	0	0
work/039349_23_d42fit/tracking-stm.root	0	272	435396	0.120132	200.108	0	0	4563	7761	0	0	0
work/039349_23_d42fit/tracking-stm.root	0	273	435396	0.120132	200.108	0	0	7393	5645	0	0	0
work/039349_23_d42fit/tracking-stm.root	0	275	441386	0.222627	190.934	0	0	0	12796	975	0	0
work/039349_23_d42fit/tracking-stm.root	0	276	441386	0.222627	190.934	0	0	0	13711	750	0	0
work/039349_23_d42fit/tracking-stm.root	0	277	445508	0.0888337	190.934	0	59	0	13389	180	0	0
work/039349_23_d42fit/tracking-stm.root	0	278	445508	0.0888337	190.934	0	441	846	12065	0	0	0
work/039349_23_d42fit/tracking-stm.root	0	280	450111	0.163493	190.934	0	280	6238	7466	0	0	0
work/039349_23_d42fit/tracking-stm.root	0	284	459090	0.114787	192.685	0	0	0	14211	281	0	0
work/039349_23_d42fit/tracking-stm.root	0	286	462634	0.188923	192.685	0	0	1970	13388	0	0	0
work/039349_23_d42fit/tracking-stm.root	0	288	465786	0.220972	187.87	0	0	0	9970	8453	0	0
work/039349_23_d42fit/tracking-stm.root	0	290	470893	0.0949397	187.87	0	0	0	11714	858	417	0
work/039349_23_d42fit/tracking-stm.root	0	293	475629	0.0381614	187.87	0	0	959	19305	0	0	0
work/039349_23_d42fit/tracking-stm.root	0	294	479058	0.151257	187.87	0	153	3812	15100	0	0	0
work/039349_23_d42fit/tracking-stm.root	0	296	482229	0.199971	188.807	0	0	0	8774	4977	1538	0
work/039349_23_d42fit/tracking-stm.root	0	299	487773	0.0985723	188.807	0	0	0	14055	108	692	0
work/039349_23_d42fit/tracking-stm.root	0	300	491293	0.119931	188.807	0	0	1047	14528	0	0	0
work/039349_23_d42fit/tracking-stm.root	0	301	491293	0.119931	188.807	0	0	1858	12820	0	0	0
work/039349_23_d42fit/tracking-stm.root	0	302	495390	0.204554	188.807	0	0	4277	10187	0	0	0
work/039349_23_d42fit/tracking-stm.root	0	303	495390	0.204554	188.807	0	0	7811	8225	0	0	0
work/039349_23_d42fit/tracking-stm.root	0	304	499486	0.134432	200.144	0	0	0	11084	4521	56	0
work/039349_23_d42fit/tracking-stm.root	0	305	499486	0.134432	200.144	0	0	0	13563	3429	661	0
work/039349_23_d42fit/tracking-stm.root	0	306	503552	0.0386074	200.144	0	0	0	14764	1644	545	0
work/039349_23_d42fit/tracking-stm.root	0	307	503552	0.0386074	200.144	0	30	0	14113	250	71	0
work/039349_23_d42fit/tracking-stm.root	0	309	508797	0.109562	200.144	0	0	1718	11738	0	0	0
work/039349_23_d42fit/tracking-stm.root	0	311	512229	0.247843	200.144	0	0	6342	7129	6	0	0
work/039349_23_d42fit/tracking-stm.root	0	313	515660	0.154456	206.006	0	0	0	16283	3238	915	0
work/039349_23_d42fit/tracking-stm.root	0	314	518954	0.0375019	206.006	0	0	0	13389	1477	672	0
work/039349_23_d42fit/tracking-stm.root	0	316	523084	0.13692	206.006	0	102	0	12876	0	0	0
work/039349_23_d42fit/tracking-stm.root	0	318	527491	0.228962	226.989	0	0	54	4203	10043	0	0
work/039349_23_d42fit/tracking-stm.root	0	319	527491	0.228962	226.989	0	0	0	7082	7206	597	0
work/039349_23_d42fit/tracking-stm.root	0	320	530673	0.106244	226.989	0	0	0	10341	3489	602	0
work/039349_23_d42fit/tracking-stm.root	0	322	535157	0.0334593	226.989	0	0	0	16415	384	0	0
work/039349_23_d42fit/tracking-stm.root	0	324	538884	0.0320009	226.989	0	8	0	14380	0	14	0
work/039349_23_d42fit/tracking-stm.root	0	326	542612	0.0888724	226.989	0	810	492	12930	0	0	0
work/039349_23_d42fit/tracking-stm.root	0	329	548095	0.197415	226.989	0	120	7958	6979	0	0	0
work/039349_23_d42fit/tracking-stm.root	0	330	551025	0.144781	202.964	0	0	0	10963	4484	0	0
work/039349_23_d42fit/tracking-stm.root	0	333	555677	0.022028	202.964	0	0	133	13605	573	0	0
work/039349_23_d42fit/tracking-stm.root	0	334	558823	0.0573339	202.964	0	63	523	14404	207	0	0
work/039349_23_d42fit/tracking-stm.root	0	336	563276	0.0898187	202.964	0	0	4234	13178	46	0	0
work/039349_23_d42fit/tracking-stm.root	0	337	563276	0.0898187	202.964	0	0	6036	11242	0	0	0
work/039349_23_d42fit/tracking-stm.root	0	339	567729	0.162041	202.964	0	0	12312	6794	134	0	0
work/039349_23_d42fit/tracking-stm.root	0	340	570294	0.145383	205.041	0	0	0	12909	4752	791	0
work/039349_23_d42fit/tracking-stm.root	0	342	574001	0.047094	205.041	0	0	0	14987	468	115	0
work/039349_23_d42fit/tracking-stm.root	0	344	577707	0.0340473	205.041	0	0	0	15370	0	759	0
work/039349_23_d42fit/tracking-stm.root	0	346	581706	0.0448038	205.041	0	0	0	22206	0	56	0
work/039349_23_d42fit/tracking-stm.root	0	347	585494	0.0689245	205.041	0	0	638	19144	0	35	0
work/039349_23_d42fit/tracking-stm.root	0	348	585494	0.0689245	205.041	0	0	2719	15094	0	0	0
work/039349_23_d42fit/tracking-stm.root	0	349	589283	0.158349	205.041	0	9	4266	11773	0	0	0
work/039349_23_d42fit/tracking-stm.root	0	350	589283	0.158349	205.041	0	14	6452	10451	0	0	0
work/039349_23_d42fit/tracking-stm.root	0	351	593307	0.17297	213.094	0	0	0	9698	8993	0	0
work/039349_23_d42fit/tracking-stm.root	0	352	593307	0.17297	213.094	0	0	0	18168	7565	0	0
work/039349_23_d42fit/tracking-stm.root	0	353	597558	0.0627242	213.094	0	0	0	27879	6614	0	0
work/039349_23_d42fit/tracking-stm.root	0	354	597558	0.0627242	213.094	0	0	0	21126	4834	0	0
work/039349_23_d42fit/tracking-stm.root	0	356	602644	0.0200401	213.094	0	0	0	21313	1890	0	0
work/039349_23_d42fit/tracking-stm.root	0	358	606575	0.0437555	213.094	0	0	0	17518	820	0	0
work/039349_23_d42fit/tracking-stm.root	0	360	611197	0.0206958	213.094	0	0	216	12118	742	0	0
work/039349_23_d42fit/tracking-stm.root	0	362	615452	0.086251	213.094	0	0	3143	12105	345	0	0
work/039349_23_d42fit/tracking-stm.root	0	363	615452	0.086251	213.094	0	0	5358	10521	413	0	0
work/039349_23_d42fit/tracking-stm.root	0	364	619066	0.155498	220.407	0	0	0	7201	9037	0	0
work/039349_23_d42fit/tracking-stm.root	0	366	622549	0.0633393	220.407	0	0	0	8343	5104	0	0
work/039349_23_d42fit/tracking-stm.root	0	368	625797	0.0436158	220.407	0	0	0	10210	3354	387	0
work/039349_23_d42fit/tracking-stm.root	0	369	629044	0.0410852	220.407	0	0	0	11720	3093	0	0
work/039349_23_d42fit/tracking-stm.root	0	372	633992	0.0363233	220.407	0	0	0	14369	718	0	0
work/039349_23_d42fit/tracking-stm.root	0	373	637127	0.0274815	220.407	0	0	0	13022	181	0	0
work/039349_23_d42fit/tracking-stm.root	0	375	640475	0.023786	220.407	0	185	0	13005	19	0	0
work/039349_23_d42fit/tracking-stm.root	0	377	643823	0.0286777	220.407	0	0	0	12183	0	0	0
work/039349_23_d42fit/tracking-stm.root	0	379	648998	0.081592	220.407	0	11	4361	13652	0	0	0
work/039349_23_d42fit/tracking-stm.root	0	381	653093	0.129912	220.407	0	0	6998	8571	0	0	0
work/039349_23_d42fit/tracking-stm.root	0	384	659145	0.0874908	201.867	0	0	0	11070	3404	0	0
work/039349_23_d42fit/tracking-stm.root	0	386	663557	0.0423914	201.867	0	0	0	20017	5854	0	0
work/039349_23_d42fit/tracking-stm.root	0	387	663557	0.0423914	201.867	0	0	0	22309	5612	0	0
work/039349_23_d42fit/tracking-stm.root	0	388	667544	0.0419431	201.867	0	0	0	15004	2363	0	0
work/039349_23_d42fit/tracking-stm.root	0	389	667544	0.0419431	201.867	0	0	0	13542	586	35	0
work/039349_23_d42fit/tracking-stm.root	0	390	671531	0.00840308	201.867	0	0	0	13482	161	0	0
work/039349_23_d42fit/tracking-stm.root	0	391	671531	0.00840308	201.867	0	0	0	13446	419	0	0
work/039349_23_d42fit/tracking-stm.root	0	393	676456	0.00693842	201.867	0	0	62	13671	0	0	0
work/039349_23_d42fit/tracking-stm.root	0	395	680562	0.00722973	201.867	0	455	1225	13777	0	0	0
work/039349_23_d42fit/tracking-stm.root	0	397	684669	0.04663	201.867	0	565	2091	12987	2	0	0
work/039349_23_d42fit/tracking-stm.root	0	399	689015	0.0638301	201.867	0	0	5105	11947	0	0	0
work/039349_23_d42fit/tracking-stm.root	0	401	692329	0.0375669	201.867	0	0	6837	9470	0	0	0
work/039349_23_d42fit/tracking-stm.root	0	403	695643	0.0567916	201.867	0	0	6109	8258	0	0	0
work/039349_23_d42fit/tracking-stm.root	0	405	699891	0.0944474	211.897	0	0	0	8147	6397	0	0
work/039349_23_d42fit/tracking-stm.root	0	407	703999	0.0629618	211.897	0	0	0	11068	5715	0	0
work/039349_23_d42fit/tracking-stm.root	0	409	708142	0.041752	211.897	0	0	0	18030	5663	0	0
work/039349_23_d42fit/tracking-stm.root	0	411	711907	0.0601513	211.897	0	0	0	14546	4372	0	0
work/039349_23_d42fit/tracking-stm.root	0	413	716689	0.0214591	211.897	0	0	0	13926	3061	0	0
work/039349_23_d42fit/tracking-stm.root	0	415	720808	0.00441318	211.897	0	0	0	14413	515	0	0
work/039349_23_d42fit/tracking-stm.root	0	417	724524	0.00173383	211.897	0	0	0	27316	291	0	0
work/039349_23_d42fit/tracking-stm.root	0	419	728239	0.0203481	211.897	0	0	143	43539	0	0	0
work/039349_23_d42fit/tracking-stm.root	0	421	731710	0.0439793	211.897	0	346	291	23610	361	0	0
work/039349_23_d42fit/tracking-stm.root	0	422	735182	0.0836845	211.897	0	251	2136	17165	175	0	0
work/039349_23_d42fit/tracking-stm.root	0	424	739000	0.119777	211.897	0	40	7121	14450	100	0	0
work/039349_23_d42fit/tracking-stm.root	0	426	742819	0.090653	211.278	0	0	2	6778	8611	1369	0
work/039349_23_d42fit/tracking-stm.root	0	428	746362	0.0609803	211.278	0	0	0	9292	8948	0	0
work/039349_23_d42fit/tracking-stm.root	0	430	750226	0.051909	211.278	0	0	0	11069	6120	256	0
work/039349_23_d42fit/tracking-stm.root	0	432	753948	0.0577923	211.278	0	0	0	19404	4404	297	0
work/039349_23_d42fit/tracking-stm.root	0	433	757068	0.02492	211.278	0	0	0	30029	3912	20	0
work/039349_23_d42fit/tracking-stm.root	0	435	760316	0.0351666	211.278	0	0	0	15381	2674	0	0
work/039349_23_d42fit/tracking-stm.root	0	437	763656	0.00130666	211.278	0	89	0	15571	1646	0	0
work/039349_23_d42fit/tracking-stm.root	0	439	768236	0.0378001	211.278	0	363	1876	14380	1803	0	0
work/039349_23_d42fit/tracking-stm.root	0	441	772737	0.0578453	211.278	0	45	2100	12036	745	0	0
work/039349_23_d42fit/tracking-stm.root	0	443	776157	0.0796025	211.278	0	152	4782	11717	269	0	0
work/039349_23_d42fit/tracking-stm.root	0	444	779578	0.0995076	211.278	0	0	6730	10479	584	0	0
work/039349_23_d42fit/tracking-stm.root	0	445	779578	0.0995076	211.278	0	0	8043	9199	402	0	0
work/039349_23_d42fit/tracking-stm.root	0	447	784684	0.113151	227.126	0	0	0	10362	8112	408	0
work/039349_23_d42fit/tracking-stm.root	0	449	788546	0.067887	227.126	0	0	0	14826	5477	0	0
work/039349_23_d42fit/tracking-stm.root	0	451	792094	0.0281682	227.126	0	0	0	15824	2619	0	0
work/039349_23_d42fit/tracking-stm.root	0	454	797645	0.0126917	227.126	0	0	0	18092	470	0	0
work/039349_23_d42fit/tracking-stm.root	0	455	801029	0.0231941	227.126	0	0	0	17469	39	0	0
work/039349_23_d42fit/tracking-stm.root	0	457	804412	0.0185612	227.126	0	0	147	17305	913	0	0
work/039349_23_d42fit/tracking-stm.root	0	459	808445	0.051126	227.126	0	0	1453	16220	0	0	0
work/039349_23_d42fit/tracking-stm.root	0	461	812584	0.0667785	227.126	0	0	3461	16791	0	0	0
work/039349_23_d42fit/tracking-stm.root	0	463	816615	0.103224	227.126	0	0	7927	15199	0	0	0
work/039349_23_d42fit/tracking-stm.root	0	465	820597	0.121343	216.544	0	0	0	8284	11580	0	0
work/039349_23_d42fit/tracking-stm.root	0	467	824580	0.0745804	216.544	0	0	0	11234	8013	0	0
work/039349_23_d42fit/tracking-stm.root	0	469	828319	0.0416558	216.544	0	0	0	12274	8368	0	0
work/039349_23_d42fit/tracking-stm.root	0	471	833550	0.0216452	216.544	0	0	0	16410	5275	33	0
work/039349_23_d42fit/tracking-stm.root	0	472	833550	0.0216452	216.544	0	0	0	17067	4795	0	0
work/039349_23_d42fit/tracking-stm.root	0	473	836926	0.0139497	216.544	0	0	0	21248	4974	0	0
work/039349_23_d42fit/tracking-stm.root	0	475	840197	0.0191332	216.544	0	0	0	22235	2985	0	0
work/039349_23_d42fit/tracking-stm.root	0	477	844871	0.0261106	216.544	0	0	0	19189	1214	0	0
work/039349_23_d42fit/tracking-stm.root	0	480	850001	0.0259392	216.544	0	357	0	18156	502	0	0
work/039349_23_d42fit/tracking-stm.root	0	481	853503	0.0708772	216.544	0	277	14	18211	1312	0	0
work/039349_23_d42fit/tracking-stm.root	0	482	853503	0.0708772	216.544	0	0	1993	15278	905	0	0
work/039349_23_d42fit/tracking-stm.root	0	484	858381	0.126225	216.544	0	0	5353	12572	863	0	0
work/039349_23_d42fit/tracking-stm.root	0	486	862361	0.123842	215.095	0	0	0	10426	9662	659	0
work/039349_23_d42fit/tracking-stm.root	0	488	865771	0.0800864	215.095	0	0	0	13838	5089	155	0
work/039349_23_d42fit/tracking-stm.root	0	489	869181	0.0490171	215.095	0	0	0	14326	4915	129	0
work/039349_23_d42fit/tracking-stm.root	0	491	873203	0.0227225	215.095	0	0	0	15876	3125	0	0
work/039349_23_d42fit/tracking-stm.root	0	493	877301	0.0524187	215.095	0	0	0	19330	2031	0	0
work/039349_23_d42fit/tracking-stm.root	0	494	877301	0.0524187	215.095	0	0	152	17399	602	0	0
work/039349_23_d42fit/tracking-stm.root	0	496	883172	0.107574	215.095	0	320	4595	17850	407	0	0
work/039349_23_d42fit/tracking-stm.root	0	498	886581	0.16623	208.133	0	0	0	9151	9710	474	0
work/039349_23_d42fit/tracking-stm.root	0	500	890103	0.10769	208.133	0	0	19	13249	5292	8	0
work/039349_23_d42fit/tracking-stm.root	0	502	894630	0.0532075	208.133	0	0	470	18587	134	2	0
work/039349_23_d42fit/tracking-stm.root	0	504	898032	0.131777	208.133	0	376	4108	19636	66	0	0
work/039349_23_d42fit/tracking-stm.root	0	506	903514	0.205796	208.235	0	0	0	15898	12821	0	0
work/039349_23_d42fit/tracking-stm.root	0	507	903514	0.205796	208.235	0	0	0	19966	9176	0	0
work/039349_23_d42fit/tracking-stm.root	0	508	906748	0.116985	208.235	0	0	0	20693	4630	0	0
work/039349_23_d42fit/tracking-stm.root	0	510	911180	0.0513401	208.235	0	0	0	22910	0	0	0
work/039349_23_d42fit/tracking-stm.root	0	512	914774	0.172947	208.235	0	0	5050	18994	0	0	0
work/039349_23_d42fit/tracking-stm.root	0	514	919326	0.182994	218.835	0	0	0	13613	13061	0	0
work/039349_23_d42fit/tracking-stm.root	0	515	919326	0.182994	218.835	0	0	0	18906	8936	0	0
work/039349_23_d42fit/tracking-stm.root	0	516	923182	0.0639082	218.835	0	0	0	22324	6262	0	0
work/039349_23_d42fit/tracking-stm.root	0	518	927373	0.036855	218.835	0	0	0	26097	1690	0	0
work/039349_23_d42fit/tracking-stm.root	0	519	927373	0.036855	218.835	0	16	43	25963	1453	0	0
work/039349_23_d42fit/tracking-stm.root	0	520	930463	0.096613	218.835	0	0	2585	23351	334	0	0
work/039349_23_d42fit/tracking-stm.root	0	522	934640	0.196695	218.835	0	0	10827	17396	0	0	0
work/039349_23_d42fit/tracking-stm.root	0	524	938787	0.148965	211.739	0	0	0	19168	8091	856	0
work/039349_23_d42fit/tracking-stm.root	0	527	943954	0.044511	211.739	0	0	0	28813	1621	0	0
work/039349_23_d42fit/tracking-stm.root	0	528	947392	0.0975381	211.739	0	0	0	30750	218	0	0
work/039349_23_d42fit/tracking-stm.root	0	529	947392	0.0975381	211.739	0	0	940	28972	15	0	0
work/039349_23_d42fit/tracking-stm.root	0	530	951216	0.15907	211.739	0	0	4637	24571	264	0	0
work/039349_23_d42fit/tracking-stm.root	0	531	951216	0.15907	211.739	0	0	10600	20225	166	0	0
work/039349_23_d42fit/tracking-stm.root	0	533	956931	0.124054	206.181	0	0	0	25002	10269	1041	0
work/039349_23_d42fit/tracking-stm.root	0	535	960445	0.0548699	206.181	0	0	0	31707	3801	1225	0
work/039349_23_d42fit/tracking-stm.root	0	537	965073	0.108529	206.181	0	430	114	38710	682	867	0
work/039349_23_d42fit/tracking-stm.root	0	539	968734	0.190619	206.181	0	7	10563	27713	293	1159	0
work/039349_23_d42fit/tracking-stm.root	0	541	972395	0.18811	213.263	0	0	0	33419	9936	318	1728
work/039349_23_d42fit/tracking-stm.root	0	544	977626	0.141901	213.263	0	0	8072	24884	0	2618	0
work/039349_23_d42fit/tracking-stm.root	0	545	981165	0.0160509	213.263	0	0	4291	9008	0	3332	864
work/039349_23_d42fit/tracking-stm.root	0	547	984718	0.107931	213.263	0	0	1838	13536	0	3386	726
work/039349_23_d42fit/tracking-stm.root	0	549	988271	0.0921956	213.263	0	0	7	18658	0	4619	300
work/039349_23_d42fit/tracking-stm.root	0	551	992230	0.068088	213.263	0	0	0	16306	1884	3228	325
work/039349_23_d42fit/tracking-stm.root	0	553	996318	0.132906	213.263	0	0	0	13172	3636	1826	74
work/039349_23_d42fit/tracking-stm.root	0	555	1.00063e+06	0.184163	206.181	0	0	9293	18028	176	758	0
work/039349_23_d42fit/tracking-stm.root	0	556	1.00293e+06	0.140203	206.181	0	0	7091	28713	34	200	0
work/039349_23_d42fit/tracking-stm.root	0	557	1.00429e+06	0.0375682	206.181	0	0	6528	38945	1020	0	0
work/039349_23_d42fit/tracking-stm.root	0	558	1.00753e+06	0.0917047	206.181	0	0	14555	41815	1490	0	0
work/039349_23_d42fit/tracking-stm.root	0	559	1.00753e+06	0.0917047	206.181	0	0	14042	25844	3745	49	0
work/039349_23_d42fit/tracking-stm.root	0	560	1.01128e+06	0.211425	206.181	0	0	5360	11667	11610	0	0
work/039349_23_d42fit/tracking-stm.root	0	561	1.01128e+06	0.211425	206.181	0	0	662	4955	17333	0	0
work/039349_23_d42fit/tracking-stm.root	0	568	1.02594e+06	0.190771	218.835	0	0	729	17992	162	172	0
work/039349_23_d42fit/tracking-stm.root	0	569	1.02958e+06	0.165147	218.835	0	0	0	26218	3392	110	0
work/039349_23_d42fit/tracking-stm.root	0	570	1.02958e+06	0.165147	218.835	0	0	0	19750	7580	0	0
work/039349_23_d42fit/tracking-stm.root	0	571	1.03322e+06	0.165147	208.235	0	56	7049	15179	0	0	0
work/039349_23_d42fit/tracking-stm.root	0	572	1.03322e+06	0.165147	208.235	0	478	2053	25732	0	567	0
work/039349_23_d42fit/tracking-stm.root	0	573	1.03686e+06	0.212966	208.235	0	148	0	24514	992	1093	0
work/039349_23_d42fit/tracking-stm.root	0	575	1.0403e+06	0.223781	208.133	0	0	10867	13379	171	0	0
work/039349_23_d42fit/tracking-stm.root	0	577	1.04367e+06	0.183083	208.133	0	0	5645	11915	191	0	0
work/039349_23_d42fit/tracking-stm.root	1	641	50000	0.0158047	216.953	0	21010	2264	135	0	0	0
work/039349_23_d42fit/tracking-stm.root	1	646	50000	0.117285	226.863	0	0	12829	19247	0	0	0
work/039349_23_d42fit/tracking-stm.root	1	647	50000	0.173044	229.525	0	27793	20290	0	0	0	0
work/039349_23_d42fit/tracking-stm.root	1	652	50000	0.103838	226.863	0	11393	7957	532	0	0	0
work/039349_23_d42fit/tracking-stm.root	1	657	53279.1	0.20111	225.487	0	6460	20520	0	0	0	0
work/039349_23_d42fit/tracking-stm.root	1	663	64269.3	0.178102	218.113	0	3	13035	41523	0	0	0
work/039349_23_d42fit/tracking-stm.root	1	666	70198.4	0.0890914	200.774	0	0	0	34994	2054	663	0
work/039349_23_d42fit/tracking-stm.root	1	668	74719.2	0.101703	215.088	494	47516	0	1725	0	0	0
work/039349_23_d42fit/tracking-stm.root	1	678	95622	0.10773	211.607	0	0	0	44819	7940	173	0
work/039349_23_d42fit/tracking-stm.root	1	679	95622	0.10773	211.607	0	916	224	38296	268	502	0
work/039349_23_d42fit/tracking-stm.root	1	680	98622	0.131992	211.607	0	696	7577	33687	0	35	0
work/039349_23_d42fit/tracking-stm.root	1	681	101037	0.138093	205.157	0	24905	26553	0	0	0	0
work/039349_23_d42fit/tracking-stm.root	1	686	110079	0.15861	211.607	0	20913	23147	387	1426	0	0
work/039349_23_d42fit/tracking-stm.root	1	691	120025	0.204522	226.522	0	0	12172	25645	1038	570	0
work/039349_23_d42fit/tracking-stm.root	1	692	122625	0.0570746	233.271	0	14741	25455	0	18	0	0
work/039349_23_d42fit/tracking-stm.root	1	693	124852	0.042759	226.522	0	0	19266	20306	0	0	0
work/039349_23_d42fit/tracking-stm.root	1	695	129250	0.151791	233.271	0	25505	12035	0	0	0	0
work/039349_23_d42fit/tracking-stm.root	1	696	131245	0.086275	233.271	0	34069	6026	0	0	0	0
work/039349_23_d42fit/tracking-stm.root	1	699	136231	0.00905706	226.522	0	0	53696	0	953	0	0
work/039349_23_d42fit/tracking-stm.root	1	701	139989	0.0576557	230.432	0	0	0	80604	0	676	0
work/039349_23_d42fit/tracking-stm.root	1	703	144944	0.00354783	233.271	0	81880	463	0	0	0	0
work/039349_23_d42fit/tracking-stm.root	1	717	172622	0.1074	0	118	2812	0	0	21	0	738
work/039349_23_d42fit/tracking-stm.root	1	719	175955	0.172691	0	0	709	11597	0	0	0	0
work/039349_23_d42fit/tracking-stm.root	1	722	182113	0.138525	241.889	4590	0	0	4287	0	2342	840
work/039349_23_d42fit/tracking-stm.root	1	725	188622	0.237814	221.22	0	0	585	12192	0	0	16699
work/039349_23_d42fit/tracking-stm.root	1	727	193720	0.0476551	221.22	0	0	2157	20161	0	0	24865
work/039349_23_d42fit/tracking-stm.root	1	728	193720	0.0476551	221.22	0	12	2876	19275	0	0	23473
work/039349_23_d42fit/tracking-stm.root	1	730	199025	0.0118681	0	12175	19519	0	0	0	0	0
work/039349_23_d42fit/tracking-stm.root	1	735	208795	0.0905063	212.929	0	0	3100	20180	0	0	0
work/039349_23_d42fit/tracking-stm.root	1	736	211553	0.182924	212.929	184	0	7443	16364	0	0	0
work/039349_23_d42fit/tracking-stm.root	1	737	211553	0.182924	212.929	621	0	12384	9964	0	0	0
work/039349_23_d42fit/tracking-stm.root	1	738	215180	0.173966	221.22	0	16453	6181	0	0	0	0
work/039349_23_d42fit/tracking-stm.root	1	743	223969	0.211902	212.929	0	15148	7505	1564	0	0	0
work/039349_23_d42fit/tracking-stm.root	1	748	235205	0.189267	212.558	0	8590	10439	4518	9912	0	0
work/039349_23_d42fit/tracking-stm.root	1	753	245105	0.153068	216.951	1937	744	5166	16720	0	0	0
work/039349_23_d42fit/tracking-stm.root	1	754	247754	0.157169	216.951	1657	17	10819	12723	0	915	368
work/039349_23_d42fit/tracking-stm.root	1	755	247754	0.157169	216.951	904	0	15952	4810	0	10978	3781
work/039349_23_d42fit/tracking-stm.root	1	756	250403	0.0804505	218.983	24	23643	113	0	11858	3624	0
work/039349_23_d42fit/tracking-stm.root	1	757	252947	0.119521	218.983	45	32661	0	0	2747	103	0
work/039349_23_d42fit/tracking-stm.root	1	764	267648	0.146188	215.142	0	461	5137	41352	0	0	0
work/039349_23_d42fit/tracking-stm.root	1	765	267648	0.146188	215.142	0	0	8065	35892	0	0	0
work/039349_23_d42fit/tracking-stm.root	1	766	269945	0.241975	215.142	0	0	14722	31622	0	0	0
work/039349_23_d42fit/tracking-stm.root	1	767	271890	0.151354	220.125	0	21585	25554	0	0	0	0
work/039349_23_d42fit/tracking-stm.root	1	773	283918	0.0944359	220.322	0	0	17062	12380	2830	0	0
work/039349_23_d42fit/tracking-stm.root	1	774	286447	0.248656	220.322	0	0	18450	8307	5382	0	0
work/039349_23_d42fit/tracking-stm.root	1	775	289556	0.0321546	215.142	392	18563	3980	7408	0	0	0
work/039349_23_d42fit/tracking-stm.root	1	776	289556	0.0321546	215.142	2984	15857	684	9592	0	0	0
work/039349_23_d42fit/tracking-stm.root	1	777	292699	0.171353	220.322	0	6326	13465	0	9388	0	0
work/039349_23_d42fit/tracking-stm.root	1	779	296094	0.0426183	220.322	0	17728	1145	8455	5574	0	0
work/039349_23_d42fit/tracking-stm.root	1	780	299417	0.22494	215.142	19491	0	3422	1120	0	0	0
work/039349_23_d42fit/tracking-stm.root	1	788	315713	0.232935	214.275	0	363	5198	28019	0	0	0
work/039349_23_d42fit/tracking-stm.root	1	789	315713	0.232935	214.275	0	0	7453	16303	0	0	0
work/039349_23_d42fit/tracking-stm.root	1	790	318436	0.186473	205.498	117	13638	7707	0	0	0	0
work/039349_23_d42fit/tracking-stm.root	1	795	328873	0.103395	214.275	0	13408	10569	0	0	0	0
work/039349_23_d42fit/tracking-stm.root	1	800	339544	0.158418	224.436	0	8121	14613	0	0	0	0
work/039349_23_d42fit/tracking-stm.root	1	801	339544	0.158418	224.436	0	8955	8710	194	0	0	0
work/039349_23_d42fit/tracking-stm.root	1	810	359652	0.201618	236.514	0	172	1848	17466	0	2184	0
work/039349_23_d42fit/tracking-stm.root	1	811	359652	0.201618	236.514	0	0	8486	15692	0	2923	0
work/039349_23_d42fit/tracking-stm.root	1	812	362057	0.13374	245.319	0	21458	14898	0	3197	0	0
work/039349_23_d42fit/tracking-stm.root	1	813	364992	0.0780937	245.319	0	30492	12432	0	2557	0	0
work/039349_23_d42fit/tracking-stm.root	1	817	371825	0.0401468	229.76	0	0	13986	12434	21903	0	1867
work/039349_23_d42fit/tracking-stm.root	1	823	384962	0.228544	218.057	0	0	9240	10963	0	2587	44142
work/039349_23_d42fit/tracking-stm.root	1	830	398656	0.154364	218.057	0	15195	3115	581	0	0	0
work/039349_23_d42fit/tracking-stm.root	1	839	415837	0.143841	214.654	0	24	4817	16541	0	0	0
work/039349_23_d42fit/tracking-stm.root	1	840	418513	0.199921	214.654	0	0	12193	12161	0	0	0
work/039349_23_d42fit/tracking-stm.root	1	841	421095	0.197357	214.635	0	17784	5150	0	0	0	0
work/039349_23_d42fit/tracking-stm.root	1	846	429910	0.216429	217.505	0	0	12954	8298	0	0	0
work/039349_23_d42fit/tracking-stm.root	1	851	440682	0.204697	216.572	0	0	6085	13791	0	0	0
work/039349_23_d42fit/tracking-stm.root	1	852	443817	0.16537	217.505	0	12645	7464	0	0	0	0
work/039349_23_d42fit/tracking-stm.root	1	853	443817	0.16537	217.505	0	18541	2333	165	0	0	0
work/039349_23_d42fit/tracking-stm.root	1	857	453206	0.217234	214.064	0	0	10750	17587	0	0	0
work/039349_23_d42fit/tracking-stm.root	1	859	456725	0.152063	216.572	0	15514	2747	0	0	0	0
work/039349_23_d42fit/tracking-stm.root	1	868	474603	0.180641	207.872	0	0	7933	11907	0	0	0
work/039349_23_d42fit/tracking-stm.root	1	872	483204	0.199797	222.963	0	227	212	19514	0	0	0
work/039349_23_d42fit/tracking-stm.root	1	874	486452	0.185556	207.872	0	9742	10406	0	0	0	0
work/039349_23_d42fit/tracking-stm.root	1	879	496108	0.242895	271.891	0	0	8689	14361	0	0	0
work/039349_23_d42fit/tracking-stm.root	1	880	498317	0.241482	222.963	0	14231	8210	378	0	0	0
work/039349_23_d42fit/tracking-stm.root	1	884	506233	0.181572	216.68	0	0	2276	17994	0	0	0
work/039349_23_d42fit/tracking-stm.root	1	886	510168	0.170671	271.891	0	12168	5673	0	0	0	0
work/039349_23_d42fit/tracking-stm.root	1	887	512928	0.0966758	271.891	0	16757	618	99	0	0	0
work/039349_23_d42fit/tracking-stm.root	1	891	520591	0.207568	216.68	0	12569	9174	0	0	0	0
work/039349_23_d42fit/tracking-stm.root	1	895	529295	0.142258	220.062	0	10566	22981	0	0	0	0
work/039349_23_d42fit/tracking-stm.root	1	900	538339	0.194317	210.835	0	989	291	21715	0	0	0
work/039349_23_d42fit/tracking-stm.root	1	902	542440	0.137357	231.21	0	9466	13076	0	0	0	0
work/039349_23_d42fit/tracking-stm.root	1	904	546622	0.0705685	231.21	126	18335	3067	0	0	0	0
work/039349_23_d42fit/tracking-stm.root	1	912	563814	0.160312	217.354	473	3684	24658	0	3016	0	0
work/039349_23_d42fit/tracking-stm.root	1	913	563814	0.160312	217.354	0	7598	12049	0	1698	0	0
work/039349_23_d42fit/tracking-stm.root	1	917	573463	0.170014	211.733	0	0	3253	17435	0	1277	0
work/039349_23_d42fit/tracking-stm.root	1	918	573463	0.170014	211.733	0	0	7080	14179	0	1362	0
work/039349_23_d42fit/tracking-stm.root	1	922	582563	0.188034	222.151	0	75	1043	20891	0	0	0
work/039349_23_d42fit/tracking-stm.root	1	924	586403	0.14458	211.733	0	11676	12408	0	0	0	0
work/039349_23_d42fit/tracking-stm.root	1	929	596624	0.149864	216.203	0	0	13828	39182	0	0	0
work/039349_23_d42fit/tracking-stm.root	1	934	606732	0.112532	218.756	0	636	7543	37693	0	0	0
work/039349_23_d42fit/tracking-stm.root	1	936	611431	0.169176	216.203	0	25170	12261	0	0	0	0
work/039349_23_d42fit/tracking-stm.root	1	937	613741	0.169176	216.203	0	45292	1227	0	0	0	0
work/039349_23_d42fit/tracking-stm.root	1	938	613741	0.0148885	216.203	1675	34298	0	0	0	0	0
work/039349_23_d42fit/tracking-stm.root	1	949	636212	0.00586643	211.403	0	0	675	19213	0	0	0
work/039349_23_d42fit/tracking-stm.root	1	950	639774	0.176743	211.403	0	0	5777	15793	0	0	0
work/039349_23_d42fit/tracking-stm.root	1	951	639774	0.176743	211.403	0	0	10819	10780	0	0	0
work/039349_23_d42fit/tracking-stm.root	1	955	648785	0.192765	215.402	0	0	1967	15396	0	0	0
work/039349_23_d42fit/tracking-stm.root	1	957	653298	0.102249	211.403	0	11992	6502	199	0	0	0
work/039349_23_d42fit/tracking-stm.root	1	978	694777	0.168017	0	0	12013	0	0	0	0	0
work/039349_23_d42fit/tracking-stm.root	1	982	702963	0.0137629	257.323	0	301	2305	16396	0	0	0
work/039349_23_d42fit/tracking-stm.root	1	984	706485	0.144971	0	12363	4727	0	0	0	0	0
work/039349_23_d42fit/tracking-stm.root	1	989	717034	0.249864	257.323	0	9920	7783	0	0	0	0
work/039349_23_d42fit/tracking-stm.root	1	995	728622	0.0364168	297.862	0	0	0	14333	4826	0	0
work/039349_23_d42fit/tracking-stm.root	1	1009	756563	0.156878	215.694	0	367	3488	18207	0	0	0
work/039349_23_d42fit/tracking-stm.root	1	1015	768562	0.194096	228.122	0	10	5863	13501	0	0	0
work/039349_23_d42fit/tracking-stm.root	1	1016	771000	0.133822	215.694	0	11902	8572	49	0	0	0
work/039349_23_d42fit/tracking-stm.root	1	1025	789392	0.191263	235.551	0	41	0	19422	0	0	0
work/039349_23_d42fit/tracking-stm.root	1	1030	798638	0.117351	219.233	0	248	1178	20567	0	0	0
work/039349_23_d42fit/tracking-stm.root	1	1031	801600	0.219389	219.233	0	1	6857	18463	0	0	0
work/039349_23_d42fit/tracking-stm.root	1	1032	801600	0.219389	219.233	0	0	13813	12298	0	0	0
work/039349_23_d42fit/tracking-stm.root	1	1037	811866	0.192826	219.233	0	9514	5836	1198	0	0	0
work/039349_23_d42fit/tracking-stm.root	1	1041	820866	0.148115	228.353	0	0	6257	18670	0	0	0
work/039349_23_d42fit/tracking-stm.root	1	1046	831308	0.192765	222.941	8014	0	2313	17700	0	0	0
work/039349_23_d42fit/tracking-stm.root	1	1051	839833	0.194761	222.941	18096	3444	17691	0	0	0	0
work/039349_23_d42fit/tracking-stm.root	1	1054	846197	0.0317797	222.773	0	0	3720	31517	1115	0	0
work/039349_23_d42fit/tracking-stm.root	1	1055	849556	0.0102433	222.941	1732	40991	0	402	0	0	0
work/039349_23_d42fit/tracking-stm.root	1	1056	849556	0.0102433	222.941	149	49629	490	966	0	0	0
work/039349_23_d42fit/tracking-stm.root	1	1062	863394	0.195284	209.387	5585	16048	3138	13618	0	0	0
work/039349_23_d42fit/tracking-stm.root	1	1065	868455	0.142726	222.773	0	18759	0	0	19130	425	149
work/039349_23_d42fit/tracking-stm.root	1	1069	876671	0.240883	233.364	0	16363	3419	59	0	7126	14365
work/039349_23_d42fit/tracking-stm.root	1	1077	891959	0.03399	235.045	0	275	1229	19245	0	0	0
work/039349_23_d42fit/tracking-stm.root	1	1078	895295	0.156745	235.045	0	0	6586	15304	0	0	0
work/039349_23_d42fit/tracking-stm.root	1	1084	906360	0.208882	234.59	0	0	13138	7514	0	0	0
work/039349_23_d42fit/tracking-stm.root	1	1085	907954	0.18286	235.045	0	16151	1619	0	0	0	0
work/039349_23_d42fit/tracking-stm.root	1	1089	917186	0.129693	234.59	0	12694	10794	0	0	0	0
work/039349_23_d42fit/tracking-stm.root	1	1090	919779	0.111126	234.59	0	17159	4679	0	0	0	0
work/039349_23_d42fit/tracking-stm.root	1	1091	919779	0.111126	234.59	0	21805	578	0	0	0	0
work/039349_23_d42fit/tracking-stm.root	1	1099	937200	0.08489	229.618	0	0	9287	21428	0	0	0
work/039349_23_d42fit/tracking-stm.root	1	1101	940717	0.0602773	229.618	0	0	16567	28936	0	0	0
work/039349_23_d42fit/tracking-stm.root	1	1102	943723	0.000273236	229.618	0	0	20802	30241	84	0	0
work/039349_23_d42fit/tracking-stm.root	1	1106	949884	0.238436	229.618	0	15532	943	0	0	0	0
work/039349_23_d42fit/tracking-stm.root	1	1110	959231	0.146229	225.715	0	9407	11010	0	0	0	0
work/039349_23_d42fit/tracking-stm.root	1	1114	967509	0.234371	234.871	0	57	1819	19150	0	0	0
work/039349_23_d42fit/tracking-stm.root	1	1121	980520	0.18868	234.871	0	12153	10004	0	0	0	0
work/039349_23_d42fit/tracking-stm.root	1	1126	990562	0.202193	231.311	0	6729	12721	0	0	0	0
work/039349_23_d42fit/tracking-stm.root	1	1130	998346	0.148732	225.716	0	0	2478	17704	0	0	0
work/039349_23_d42fit/tracking-stm.root	1	1131	1.00114e+06	0.234386	225.716	0	0	7572	12920	0	0	0
work/039349_23_d42fit/tracking-stm.root	1	1132	1.00341e+06	0.158529	220.561	0	14326	8550	0	0	0	0
work/039349_23_d42fit/tracking-stm.root	1	1137	1.01224e+06	0.225004	225.716	0	9479	12152	0	0	0	0
work/039349_23_d42fit/tracking-stm.root	1	1141	1.02028e+06	0.162601	224.764	0	0	3560	17880	0	0	0
work/039349_23_d42fit/tracking-stm.root	1	1142	1.02314e+06	0.220101	222.025	0	9775	11553	0	0	0	0
work/039349_23_d42fit/tracking-stm.root	1	1148	1.03472e+06	0.166845	224.764	0	14438	8990	0	0	0	0
work/039349_23_d42fit/tracking-stm.root	1	1158	1.05408e+06	0.219464	228.86	0	0	11685	13992	0	0	0
work/039349_23_d42fit/tracking-stm.root	1	1163	1.06459e+06	0.248732	212.903	0	0	9131	13757	0	0	0
work/039349_23_d42fit/tracking-stm.root	1	1168	1.0739e+06	0.21466	201.218	0	0	6116	13252	0	0	0
work/039349_23_d42fit/tracking-stm.root	1	1173	1.084e+06	0.175148	204.051	0	0	5558	16434	0	0	0
work/039349_23_d42fit/tracking-stm.root	1	1178	1.09462e+06	0.180373	208.789	0	0	6379	20301	0	0	0
work/039349_23_d42fit/tracking-stm.root	1	1180	1.09836e+06	0.240284	204.051	0	18761	3158	0	0	0	0
work/039349_23_d42fit/tracking-stm.root	1	1191	1.12007e+06	0.138749	207.15	0	16546	1356	0	0	0	0
work/039349_23_d42fit/tracking-stm.root	1	1195	1.12956e+06	0.19292	220.307	0	12029	8671	0	0	0	0
work/039349_23_d42fit/tracking-stm.root	1	1196	1.12956e+06	0.19292	220.307	0	17797	3124	0	0	0	0
work/039349_23_d42fit/tracking-stm.root	1	1204	1.14668e+06	0.145656	210.776	0	453	5748	32336	0	0	0
work/039349_23_d42fit/tracking-stm.root	1	1205	1.14935e+06	0.186524	213.32	0	10165	16973	0	0	0	0
work/039349_23_d42fit/tracking-stm.root	1	1211	1.16007e+06	0.249948	210.776	0	13460	11825	0	0	0	0
work/039349_23_d42fit/tracking-stm.root	1	1215	1.16878e+06	0.155135	213.412	0	0	5408	16161	226	0	0
work/039349_23_d42fit/tracking-stm.root	1	1220	1.17825e+06	0.159671	222.25	0	0	6013	16166	0	429	0
work/039349_23_d42fit/tracking-stm.root	1	1225	1.18895e+06	0.168574	212.452	0	0	5422	14670	0	0	0
work/039349_23_d42fit/tracking-stm.root	1	1227	1.19226e+06	0.201704	222.25	0	14674	3675	0	0	0	0
work/039349_23_d42fit/tracking-stm.root	1	1237	1.21286e+06	0.144225	222.342	0	0	14466	22212	0	0	0
work/039349_23_d42fit/tracking-stm.root	1	1238	1.21462e+06	0.171597	228.067	0	18805	16186	0	0	0	0
work/039349_23_d42fit/tracking-stm.root	1	1240	1.21947e+06	0.0198108	228.067	2538	20574	9056	0	0	0	0
work/039349_23_d42fit/tracking-stm.root	1	1241	1.21947e+06	0.0198108	228.067	6002	19278	11907	0	0	0	0
work/039349_23_d42fit/tracking-stm.root	1	1246	1.23006e+06	0.0691411	204.797	0	0	8484	20043	0	5007	58
work/039349_23_d42fit/tracking-stm.root	1	1247	1.23324e+06	0.181824	204.797	0	0	15110	14993	0	340	0
work/039349_23_d42fit/tracking-stm.root	1	1252	1.24186e+06	0.107124	221.558	0	0	8043	17492	0	0	0
work/039349_23_d42fit/tracking-stm.root	1	1253	1.24444e+06	0.097994	221.558	870	0	15046	13058	0	0	0
work/039349_23_d42fit/tracking-stm.root	1	1254	1.24714e+06	0.0892762	204.797	0	21265	7492	13	0	0	0
work/039349_23_d42fit/tracking-stm.root	1	1259	1.25587e+06	0.215916	221.558	0	44790	27477	47	0	0	0
work/039349_23_d42fit/tracking-stm.root	1	61	50000	0.0793547	213.182	0	5648	4251.69	137	0	0	0
work/039349_23_d42fit/tracking-stm.root	1	63	50000	0.0095921	213.182	0	3334	0	0	0	0	0
work/039349_23_d42fit/tracking-stm.root	1	64	50000	0.22731	213.182	0	2830	0	0	0	0	0
work/039349_23_d42fit/tracking-stm.root	1	65	50000	0.22731	213.182	0	3605	1625.3	0	0	0	0
work/039349_23_d42fit/tracking-stm.root	1	66	50000	0.147601	232.121	0	0	3533	3325.84	0	0	0
work/039349_23_d42fit/tracking-stm.root	1	74	50000	0.00955587	244.543	7126	121.515	0	0	0	0	0
work/039349_23_d42fit/tracking-stm.root	1	76	50000	0.0610013	232.121	0	0	5875	9987.87	0	0	0
work/039349_23_d42fit/tracking-stm.root	1	79	50000	0.0982897	244.543	1625	31881	5912.42	478	0	0	0
work/039349_23_d42fit/tracking-stm.root	1	81	53436.2	0.0220447	244.543	772	13930.8	0	72	0	0	0
work/039349_23_d42fit/tracking-stm.root	1	82	53436.2	0.0220447	244.543	0	9350.3	222.113	221	0	0	0
work/039349_23_d42fit/tracking-stm.root	1	83	57038.9	0.00466435	244.543	0	9712.72	4599.64	557	0	0	0
work/039349_23_d42fit/tracking-stm.root	1	85	60267.1	0.120736	244.543	0	1060.03	2487.84	0	0	0	0
work/039349_23_d42fit/tracking-stm.root	1	102	94277	0.0876593	231.517	0	0	46	641	0	0	0
work/039349_23_d42fit/tracking-stm.root	1	104	99152.1	0.0485241	244.543	0	0	0	1430	1333	0	0
work/039349_23_d42fit/tracking-stm.root	1	108	107151	0.0570839	244.543	0	0	0	6971	1219	0	0
work/039349_23_d42fit/tracking-stm.root	1	116	121852	0.00300193	244.543	0	0	0	11446	0	0	0
work/039349_23_d42fit/tracking-stm.root	1	120	131530	0.0692342	261.496	0	12268	1965	0	0	0	0
work/039349_23_d42fit/tracking-stm.root	1	121	131530	0.0692342	261.496	0	12099	2471	0	0	0	0
work/039349_23_d42fit/tracking-stm.root	1	122	135457	0.0151896	261.496	0	11024	4101	0	0	0	0
work/039349_23_d42fit/tracking-stm.root	1	123	135457	0.0151896	261.496	0	11368	7087	0	0	0	0
work/039349_23_d42fit/tracking-stm.root	1	124	138752	0.0823312	261.496	0	12932	10815	0	0	0	0
work/039349_23_d42fit/tracking-stm.root	1	126	141840	0.15265	231.517	0	0	5769	9091	0	0	0
work/039349_23_d42fit/tracking-stm.root	1	127	144928	0.0995525	231.517	0	0	5238	13099	0	0	0
work/039349_23_d42fit/tracking-stm.root	1	131	151925	0.0144055	261.682	1041	10770	0	0	0	0	0
work/039349_23_d42fit/tracking-stm.root	1	133	155644	0.0104489	231.517	0	0	0	12419	0	0	0
work/039349_23_d42fit/tracking-stm.root	1	136	162646	0.133694	261.682	0	8349	0	59	0	0	0
work/039349_23_d42fit/tracking-stm.root	1	139	167962	0.114549	261.496	0	0	19168	10682	1634	0	0
work/039349_23_d42fit/tracking-stm.root	1	141	172276	0.084018	261.496	0	0	12527	13286	7914	0	0
work/039349_23_d42fit/tracking-stm.root	1	142	174242	0.0751874	261.682	0	12499	5826	1020	0	0	0
work/039349_23_d42fit/tracking-stm.root	1	144	179276	0.0858614	261.496	0	0	9546	1256	622	0	0
work/039349_23_d42fit/tracking-stm.root	1	145	179276	0.0858614	261.496	0	0	7717	2016	1013	0	0
work/039349_23_d42fit/tracking-stm.root	1	146	182960	0.124671	261.496	0	0	5390	2407	386	0	0
work/039349_23_d42fit/tracking-stm.root	1	148	186643	0.0593615	261.496	0	0	5857	10368	0	0	0
work/039349_23_d42fit/tracking-stm.root	1	150	190056	0.00375909	261.496	0	0	3648	7740	0	0	0
work/039349_23_d42fit/tracking-stm.root	1	152	194181	0.033148	261.496	0	399	2506	6665	1	0	0
work/039349_23_d42fit/tracking-stm.root	1	159	208251	0.0285841	254.942	649	6038	0	0	0	0	0
work/039349_23_d42fit/tracking-stm.root	1	160	210995	0.0962581	254.942	616	5275	0	0	0	0	0
work/039349_23_d42fit/tracking-stm.root	1	162	213740	0.0228481	254.942	0	21501	3493	0	0	0	0
work/039349_23_d42fit/tracking-stm.root	1	163	216867	0.127384	254.942	0	17451	3020	0	0	0	0
work/039349_23_d42fit/tracking-stm.root	1	165	219994	0.00198979	261.682	0	253	1714	111	0	0	0
work/039349_23_d42fit/tracking-stm.root	1	181	251710	0.0574651	229.07	0	5638	0	0	0	0	0
work/039349_23_d42fit/tracking-stm.root	1	197	283865	0.053457	261.682	0	0	0	4161	0	0	0
work/039349_23_d42fit/tracking-stm.root	1	201	293569	0.0287464	229.07	0	12024	0	0	0	0	0
work/039349_23_d42fit/tracking-stm.root	1	204	297373	0.0354331	229.07	0	107	0	0	0	0	0
work/039349_23_d42fit/tracking-stm.root	1	225	340665	0.115499	254.942	0	0	0	2333	0	0	0
work/039349_23_d42fit/tracking-stm.root	1	226	342672	0.019893	229.07	0	0	5696	0	0	0	0
work/039349_23_d42fit/tracking-stm.root	1	256	403083	0.0426137	254.942	0	0	0	0	1468	0	0
work/039349_23_d42fit/tracking-stm.root	1	258	407466	0.0347821	254.942	0	0	0	0	317	0	0
work/039349_23_d42fit/tracking-stm.root	1	299	487773	0.0468503	254.942	0	0	0	0	80	0	0
work/039349_23_d42fit/tracking-stm.root	1	300	491293	0.0175178	254.942	0	0	0	102	708	0	0
work/039349_23_d42fit/tracking-stm.root	1	301	491293	0.0175178	254.942	0	0	0	62	654	0	0
work/039349_23_d42fit/tracking-stm.root	1	302	495390	0.0522787	254.942	0	0	0	505	0	0	0
work/039349_23_d42fit/tracking-stm.root	1	303	495390	0.0522787	254.942	0	0	0	48	106	0	0
work/039349_23_d42fit/tracking-stm.root	1	304	499486	0.0258163	254.942	0	0	0	1498	28	0	0
work/039349_23_d42fit/tracking-stm.root	1	305	499486	0.0258163	254.942	0	0	0	2118	0	0	0
work/039349_23_d42fit/tracking-stm.root	1	309	508797	0.0596972	245.522	0	2273	0	0	0	0	0
work/039349_23_d42fit/tracking-stm.root	1	313	515660	0.00862913	254.942	0	0	0	6352	11	0	0
work/039349_23_d42fit/tracking-stm.root	1	324	538884	0.0850486	245.522	0	3031	2668	0	0	0	0
work/039349_23_d42fit/tracking-stm.root	1	326	542612	0.0415936	245.522	0	2041	4860	0	0	0	0
work/039349_23_d42fit/tracking-stm.root	1	329	548095	0.0585679	229.07	0	0	535	6503	0	0	0
work/039349_23_d42fit/tracking-stm.root	1	330	551025	0.0028029	245.522	0	347	7972	0	0	0	0
work/039349_23_d42fit/tracking-stm.root	1	333	555677	0.100187	229.07	0	0	0	7504	0	0	0
work/039349_23_d42fit/tracking-stm.root	1	334	558823	0.062157	229.07	0	0	0	8673	0	0	0
work/039349_23_d42fit/tracking-stm.root	1	336	563276	0.0513626	229.07	0	0	0	11625	0	0	0
work/039349_23_d42fit/tracking-stm.root	1	337	563276	0.0513626	229.07	0	0	0	13946	0	0	0
work/039349_23_d42fit/tracking-stm.root	1	339	567729	0.0518311	229.07	0	0	0	15873	0	0	0
work/039349_23_d42fit/tracking-stm.root	1	340	570294	0.030494	229.07	0	0	0	15551	0	0	0
work/039349_23_d42fit/tracking-stm.root	1	342	574001	0.108238	229.07	0	0	0	14532	0	0	0
work/039349_23_d42fit/tracking-stm.root	1	347	585494	0.0785155	262.402	0	21230	0	0	0	0	0
work/039349_23_d42fit/tracking-stm.root	1	348	585494	0.0785155	262.402	0	18399	0	0	0	0	0
work/039349_23_d42fit/tracking-stm.root	1	349	589283	0.0442786	262.402	0	15862	0	0	0	0	0
work/039349_23_d42fit/tracking-stm.root	1	350	589283	0.0442786	262.402	0	16060	0	0	0	0	0
work/039349_23_d42fit/tracking-stm.root	1	351	593307	0.0367018	262.402	0	17765	0	0	0	0	0
work/039349_23_d42fit/tracking-stm.root	1	352	593307	0.0367018	262.402	0	21013	0	0	0	0	0
work/039349_23_d42fit/tracking-stm.root	1	353	597558	0.050634	262.402	0	28240	0	0	0	0	0
work/039349_23_d42fit/tracking-stm.root	1	354	597558	0.050634	262.402	0	27426	0	0	0	0	0
work/039349_23_d42fit/tracking-stm.root	1	356	602644	0.0283394	262.402	0	20584	929	0	0	0	0
work/039349_23_d42fit/tracking-stm.root	1	358	606575	0.0562267	262.402	0	18351	2756	0	0	0	0
work/039349_23_d42fit/tracking-stm.root	1	360	611197	0.110788	262.402	0	13822	1429	0	0	0	0
work/039349_23_d42fit/tracking-stm.root	1	362	615452	0.0228777	245.522	0	0	13768	3215	0	0	0
work/039349_23_d42fit/tracking-stm.root	1	363	615452	0.0228777	245.522	0	0	13266	3358	0	0	0
work/039349_23_d42fit/tracking-stm.root	1	364	619066	0.0838838	262.402	0	11595	4914	0	0	0	0
work/039349_23_d42fit/tracking-stm.root	1	366	622549	0.0695158	262.402	0	10001	4546	0	0	0	0
work/039349_23_d42fit/tracking-stm.root	1	368	625797	0.0794841	245.522	0	0	7822	5483	0	0	0
work/039349_23_d42fit/tracking-stm.root	1	369	629044	0.0137292	245.522	0	0	7298	6584	0	0	0
work/039349_23_d42fit/tracking-stm.root	1	372	633992	0.0227335	245.522	0	0	5674	9002	0	0	0
work/039349_23_d42fit/tracking-stm.root	1	377	643823	0.0266105	280.761	4328	9384	0	0	0	0	0
work/039349_23_d42fit/tracking-stm.root	1	379	648998	0.0212824	280.761	3482	11891	24	0	0	0	0
work/039349_23_d42fit/tracking-stm.root	1	381	653093	0.00803219	280.761	2105	13489	0	0	0	0	0
work/039349_23_d42fit/tracking-stm.root	1	384	659145	0.0116335	280.761	1751	11369	259	0	0	0	0
work/039349_23_d42fit/tracking-stm.root	1	386	663557	0.0328352	280.761	1946	16338	650	97	0	0	0
work/039349_23_d42fit/tracking-stm.root	1	387	663557	0.0328352	280.761	1462	21780	3565	329	0	0	0
work/039349_23_d42fit/tracking-stm.root	1	388	667544	0.0955448	280.761	1136	15925	2118	423	0	0	0
work/039349_23_d42fit/tracking-stm.root	1	389	667544	0.0955448	280.761	1177	11032	1132	0	0	0	0
work/039349_23_d42fit/tracking-stm.root	1	390	671531	0.0780314	280.761	112	10556	2042	65	0	0	0
work/039349_23_d42fit/tracking-stm.root	1	391	671531	0.0780314	280.761	576	8704	3014	0	0	0	0
work/039349_23_d42fit/tracking-stm.root	1	393	676456	0.0758187	262.402	0	1090	5755	5037	0	0	0
work/039349_23_d42fit/tracking-stm.root	1	395	680562	0.0901706	262.402	0	255	3856	9288	0	0	0
work/039349_23_d42fit/tracking-stm.root	1	403	695643	0.036623	262.402	0	0	0	15577	0	0	0
work/039349_23_d42fit/tracking-stm.root	1	409	708142	0.00657423	282.882	0	21305	0	0	0	0	0
work/039349_23_d42fit/tracking-stm.root	1	411	711907	0.0706268	282.882	0	13741	0	0	0	0	0
work/039349_23_d42fit/tracking-stm.root	1	413	716689	0.0988362	282.882	0	11936	42	0	0	0	0
work/039349_23_d42fit/tracking-stm.root	1	415	720808	0.0807489	280.761	0	0	8646	3358	156	0	0
work/039349_23_d42fit/tracking-stm.root	1	417	724524	0.10637	280.761	0	0	8275	13793	0	0	0
work/039349_23_d42fit/tracking-stm.root	1	422	735182	0.0357167	252.836	360	17717	0	0	0	0	0
work/039349_23_d42fit/tracking-stm.root	1	424	739000	0.0373103	252.836	16	22333	0	0	0	0	0
work/039349_23_d42fit/tracking-stm.root	1	426	742819	0.0110474	252.836	0	14092	269	0	0	0	0
work/039349_23_d42fit/tracking-stm.root	1	428	746362	0.0344051	252.836	0	14114	1251	0	0	0	0
work/039349_23_d42fit/tracking-stm.root	1	430	750226	0.0598622	252.836	540	10313	4008	6	0	0	0
work/039349_23_d42fit/tracking-stm.root	1	432	753948	0.116922	252.836	0	11383	7669	125	0	0	0
work/039349_23_d42fit/tracking-stm.root	1	433	757068	0.0491083	282.882	0	0	15645	13832	159	0	0
work/039349_23_d42fit/tracking-stm.root	1	435	760316	0.0638848	282.882	0	0	8275	10464	0	0	0
work/039349_23_d42fit/tracking-stm.root	1	437	763656	0.0875805	282.882	0	33	3335	15658	0	0	0
work/039349_23_d42fit/tracking-stm.root	1	443	776157	0.0438186	314.316	0	16753	134	0	0	0	0
work/039349_23_d42fit/tracking-stm.root	1	444	779578	0.00902583	314.316	0	17277	234	0	0	0	0
work/039349_23_d42fit/tracking-stm.root	1	445	779578	0.00902583	314.316	0	17939	0	0	0	0	0
work/039349_23_d42fit/tracking-stm.root	1	447	784684	0.00991009	314.316	0	19142	2055	0	0	0	0
work/039349_23_d42fit/tracking-stm.root	1	449	788546	0.0223466	314.316	0	16869	2507	37	0	0	0
work/039349_23_d42fit/tracking-stm.root	1	451	792094	0.0840794	314.316	0	14284	4813	0	0	0	0
work/039349_23_d42fit/tracking-stm.root	1	454	797645	0.11512	314.316	0	11512	9509	0	0	0	0
work/039349_23_d42fit/tracking-stm.root	1	455	801029	0.0697361	252.836	0	0	10172	11153	0	0	0
work/039349_23_d42fit/tracking-stm.root	1	457	804412	0.0949819	252.836	0	0	4762	13579	0	0	0
work/039349_23_d42fit/tracking-stm.root	1	465	820597	0.0292879	256.942	0	20313	0	0	0	0	0
work/039349_23_d42fit/tracking-stm.root	1	467	824580	0.0155079	256.942	0	19774	0	0	0	0	0
work/039349_23_d42fit/tracking-stm.root	1	469	828319	0.0566524	256.942	0	15496	1737	4	0	0	0
work/039349_23_d42fit/tracking-stm.root	1	471	833550	0.122349	256.942	0	11951	6307	0	0	0	0
work/039349_23_d42fit/tracking-stm.root	1	472	833550	0.122349	256.942	0	10193	9981	0	0	0	0
work/039349_23_d42fit/tracking-stm.root	1	473	836926	0.0904766	314.316	0	0	9070	13104	0	0	0
work/039349_23_d42fit/tracking-stm.root	1	475	840197	0.0741355	314.316	0	0	6401	16913	0	0	0
work/039349_23_d42fit/tracking-stm.root	1	481	853503	0.0152049	244.083	1590	12110	647	0	0	0	0
work/039349_23_d42fit/tracking-stm.root	1	482	853503	0.0152049	244.083	2708	10394	859	0	0	0	0
work/039349_23_d42fit/tracking-stm.root	1	484	858381	0.00951331	244.083	2826	9991	2128	0	0	0	0
work/039349_23_d42fit/tracking-stm.root	1	486	862361	0.0361911	244.083	209	11519	3068	0	0	0	0
work/039349_23_d42fit/tracking-stm.root	1	488	865771	0.0467466	244.083	850	11344	3017	0	0	0	0
work/039349_23_d42fit/tracking-stm.root	1	489	869181	0.0325519	244.083	577	10939	2780	0	0	0	0
work/039349_23_d42fit/tracking-stm.root	1	491	873203	0.102632	244.083	1113	10523	3045	0	0	0	0
work/039349_23_d42fit/tracking-stm.root	1	493	877301	0.017958	244.083	1843	12016	4639	0	0	0	0
work/039349_23_d42fit/tracking-stm.root	1	494	877301	0.017958	244.083	2931	11449	3508	0	0	0	0
work/039349_23_d42fit/tracking-stm.root	1	496	883172	0.0860367	244.083	2190	17651	2686	0	0	0	0
work/039349_23_d42fit/tracking-stm.root	1	500	890103	0.00754901	314.316	0	0	2147	16498	788	0	0
work/039349_23_d42fit/tracking-stm.root	1	504	898032	0.00542182	244.083	1310	20461	0	0	0	0	0
work/039349_23_d42fit/tracking-stm.root	1	512	914774	0.0321798	244.083	0	23007	0	0	0	0	0
work/039349_23_d42fit/tracking-stm.root	1	514	919326	0.0157558	244.083	112	20638	3441	0	0	0	0
work/039349_23_d42fit/tracking-stm.root	1	515	919326	0.0157558	244.083	228	17406	6718	0	0	0	0
work/039349_23_d42fit/tracking-stm.root	1	516	923182	0.135758	244.083	31	15215	10483	0	0	0	0
work/039349_23_d42fit/tracking-stm.root	1	518	927373	0.151644	256.942	0	0	8926	15747	0	0	0
work/039349_23_d42fit/tracking-stm.root	1	519	927373	0.151644	256.942	0	0	7952	18731	0	0	0
work/039349_23_d42fit/tracking-stm.root	1	522	934640	0.0273457	250.975	1039	24209	0	0	0	0	0
work/039349_23_d42fit/tracking-stm.root	1	528	947392	0.0785702	250.975	0	23288	3456	0	0	0	0
work/039349_23_d42fit/tracking-stm.root	1	529	947392	0.0785702	250.975	0	21336	6158	0	0	0	0
work/039349_23_d42fit/tracking-stm.root	1	530	951216	0.0427294	250.975	0	17430	9485	0	0	0	0
work/039349_23_d42fit/tracking-stm.root	1	531	951216	0.0427294	250.975	0	13543	13431	0	0	0	0
work/039349_23_d42fit/tracking-stm.root	1	533	956931	0.0738003	244.083	0	0	8760	22944	0	0	0
work/039349_23_d42fit/tracking-stm.root	1	539	968734	0.0133711	241.643	0	30352	9311	0	0	0	0
work/039349_23_d42fit/tracking-stm.root	1	541	972395	0.0195622	241.643	0	28708	17524	0	0	0	0
work/039349_23_d42fit/tracking-stm.root	1	544	977626	0.00534252	241.643	0	36807	7597	0	0	0	0
work/039349_23_d42fit/tracking-stm.root	1	545	981165	0.0306682	241.643	0	18118	2901	0	0	0	0
work/039349_23_d42fit/tracking-stm.root	1	547	984718	0.109579	241.643	0	13066	4617	0	0	0	0
work/039349_23_d42fit/tracking-stm.root	1	549	988271	0.0934436	250.975	0	0	7971	15685	0	0	0
work/039349_23_d42fit/tracking-stm.root	1	551	992230	0.0720734	250.975	0	176	2167	17169	0	0	0
work/039349_23_d42fit/tracking-stm.root	1	556	1.00293e+06	0.0394935	232.802	7844	11231	228	0	0	0	0
work/039349_23_d42fit/tracking-stm.root	1	558	1.00753e+06	0.110056	241.643	0	429	135	19662	19048	0	0
work/039349_23_d42fit/tracking-stm.root	1	559	1.00753e+06	0.110056	241.643	0	0	37	14024	20552	0	0
work/039349_23_d42fit/tracking-stm.root	1	565	1.02041e+06	0.146147	230.629	0	0	0	10779	0	0	0
work/039349_23_d42fit/tracking-stm.root	1	567	1.0242e+06	0.0681433	230.629	0	165	0	13035	0	0	0
work/039349_23_d42fit/tracking-stm.root	1	568	1.02594e+06	0.173028	232.802	63	0	15856	0	0	0	0
work/039349_23_d42fit/tracking-stm.root	1	569	1.02958e+06	0.000603461	232.802	79	0	21697	0	0	0	0
work/039349_23_d42fit/tracking-stm.root	1	570	1.02958e+06	0.000603461	232.802	512	0	23405	0	0	0	0
work/039349_23_d42fit/tracking-stm.root	1	571	1.03322e+06	0.000603461	232.802	878	0	16793	0	0	0	0
work/039349_23_d42fit/tracking-stm.root	1	572	1.03322e+06	0.000603461	232.802	24	0	16729	0	0	0	0
work/039349_23_d42fit/tracking-stm.root	1	573	1.03686e+06	0.0366465	232.802	0	0	15995	0	107	0	0
work/039349_23_d42fit/tracking-stm.root	1	575	1.0403e+06	0.0614593	232.802	0	2190	6207	0	1799	0	0
work/039349_23_d42fit/tracking-stm.root	1	577	1.04367e+06	0.0465183	232.802	1363	321	435	0	1594	0	0
work/039349_23_d42fit/tracking-stm.root	1	578	1.04703e+06	0.115176	232.802	4646	4400	86	0	8	0	0
work/039349_23_d42fit/tracking-stm.root	2	1559	1.58567e+06	0.159118	135.215	24899	34307	31869	17064	3021	585	11193
work/039349_23_d42fit/tracking-stm.root	2	640	50000	0.00433742	0	951	2165	0	0	0	0	0
work/039349_23_d42fit/tracking-stm.root	2	644	50000	0.213995	145.213	0	404	11764	50826	0	0	0
work/039349_23_d42fit/tracking-stm.root	2	649	50000	0.174375	149.798	0	0	13726	24253	0	0	0
work/039349_23_d42fit/tracking-stm.root	2	650	50000	0.233814	152.039	0	0	0	12013	18086	0	0
work/039349_23_d42fit/tracking-stm.root	2	651	50000	0.236278	152.039	0	0	259	17960	2390	0	0
work/039349_23_d42fit/tracking-stm.root	2	670	78853.5	0.232729	146.449	0	0	11668	27746	0	0	0
work/039349_23_d42fit/tracking-stm.root	2	672	82552.3	0.209649	142.638	0	0	0	29082	7388	0	0
work/039349_23_d42fit/tracking-stm.root	2	673	85350.9	0.0534978	142.638	0	0	0	32456	509	0	0
work/039349_23_d42fit/tracking-stm.root	2	675	89622	0.0180326	142.638	0	1911	0	19653	0	0	0
work/039349_23_d42fit/tracking-stm.root	2	676	89622	0.0180326	142.638	0	5418	0	17883	0	0	0
work/039349_23_d42fit/tracking-stm.root	2	677	92383.4	0.154481	142.638	1268	13817	0	12578	249	0	0
work/039349_23_d42fit/tracking-stm.root	2	684	106411	0.240665	143.919	0	171	15088	4736	19403	0	0
work/039349_23_d42fit/tracking-stm.root	2	686	110079	0.225423	143.919	0	2143	16872	13683	10431	0	0
work/039349_23_d42fit/tracking-stm.root	2	711	160526	0.218755	161.286	0	239	6623	40609	20690	0	0
work/039349_23_d42fit/tracking-stm.root	2	716	171190	0.172361	138.956	0	485	8006	21711	16544	0	19522
work/039349_23_d42fit/tracking-stm.root	2	717	172622	0.191694	138.956	212	3061	15630	9734	11929	0	26291
work/039349_23_d42fit/tracking-stm.root	2	722	182113	0.0621781	154.05	35	8983	8615	23223	578	0	0
work/039349_23_d42fit/tracking-stm.root	2	723	184622	0.141613	154.05	744	13793	2165	18231	0	0	0
work/039349_23_d42fit/tracking-stm.root	2	724	186622	0.196639	154.05	1500	15654	4608	12937	0	0	81
work/039349_23_d42fit/tracking-stm.root	2	730	199025	0.0934489	159.267	0	0	7725	24625	0	0	0
work/039349_23_d42fit/tracking-stm.root	2	731	200976	0.243288	159.267	0	232	13958	40850	0	0	0
work/039349_23_d42fit/tracking-stm.root	2	736	211553	0.219438	164.082	0	0	1084	20055	490	0	0
work/039349_23_d42fit/tracking-stm.root	2	737	211553	0.219438	164.082	0	468	2968	18002	0	0	0
work/039349_23_d42fit/tracking-stm.root	2	758	255401	0.242002	152.589	0	0	98	20806	19322	0	0
work/039349_23_d42fit/tracking-stm.root	2	782	302152	0.0774849	140.365	14820	17897	26926	26681	15114	0	0
work/039349_23_d42fit/tracking-stm.root	2	783	304055	0.0103343	140.365	33313	9507	12281	33404	6820	0	0
work/039349_23_d42fit/tracking-stm.root	2	784	305958	0.198309	140.365	17542	232	682	38262	474	0	0
work/039349_23_d42fit/tracking-stm.root	2	785	308938	0.246012	139.933	0	1382	0	828	23941	0	0
work/039349_23_d42fit/tracking-stm.root	2	787	312990	0.209149	139.933	0	0	140	23449	1923	0	0
work/039349_23_d42fit/tracking-stm.root	2	788	315713	0.2479	139.933	0	0	1783	30207	0	0	0
work/039349_23_d42fit/tracking-stm.root	2	789	315713	0.2479	139.933	0	451	4225	19368	0	0	0
work/039349_23_d42fit/tracking-stm.root	2	822	381866	0.120784	146.449	0	0	13739	57357	1995	0	0
work/039349_23_d42fit/tracking-stm.root	2	823	384962	0.131191	146.449	0	74	17297	49586	0	0	0
work/039349_23_d42fit/tracking-stm.root	2	870	477958	0.237025	154.334	0	458	7488	16706	0	0	0
work/039349_23_d42fit/tracking-stm.root	2	890	518894	0.237544	154.223	0	0	1695	18592	631	0	0
work/039349_23_d42fit/tracking-stm.root	2	894	526581	0.247619	150.067	0	0	1462	34442	11684	20	0
work/039349_23_d42fit/tracking-stm.root	2	905	549749	0.222765	157.982	0	214	2548	18111	0	0	0
work/039349_23_d42fit/tracking-stm.root	2	906	549749	0.222765	157.982	0	77	5764	14837	0	0	0
work/039349_23_d42fit/tracking-stm.root	2	907	552876	0.2345	155.072	0	0	886	13290	6871	0	0
work/039349_23_d42fit/tracking-stm.root	2	916	570290	0.231628	156.52	0	186	2585	17955	0	0	0
work/039349_23_d42fit/tracking-stm.root	2	919	576635	0.241677	148.392	0	0	1335	17857	293	0	0
work/039349_23_d42fit/tracking-stm.root	2	931	600238	0.00379318	141.053	0	7	4718	39062	0	0	0
work/039349_23_d42fit/tracking-stm.root	2	932	602532	0.11213	141.053	0	0	8895	44840	0	0	0
work/039349_23_d42fit/tracking-stm.root	2	934	606732	0.231537	141.053	0	795	18952	19856	1793	0	0
work/039349_23_d42fit/tracking-stm.root	2	941	620664	0.0973539	151.477	0	0	13622	23248	4202	0	0
work/039349_23_d42fit/tracking-stm.root	2	942	623598	0.0268912	151.477	0	8	8062	30419	443	0	0
work/039349_23_d42fit/tracking-stm.root	2	943	623598	0.0268912	151.477	0	0	4748	30519	156	0	0
work/039349_23_d42fit/tracking-stm.root	2	944	626737	0.00236583	151.477	0	699	9603	22660	2436	0	0
work/039349_23_d42fit/tracking-stm.root	2	945	629154	0.0318332	151.477	17	93	17996	11454	6567	128	0
work/039349_23_d42fit/tracking-stm.root	2	946	631571	0.038234	151.477	0	1662	18593	4022	13608	525	639
work/039349_23_d42fit/tracking-stm.root	2	950	639774	0.240728	148.365	0	205	2091	17156	0	0	4514
work/039349_23_d42fit/tracking-stm.root	2	951	639774	0.240728	148.365	0	0	7477	13765	0	0	134
work/039349_23_d42fit/tracking-stm.root	2	954	645911	0.220257	162.02	0	1209	2294	17861	0	0	0
work/039349_23_d42fit/tracking-stm.root	2	955	648785	0.249407	162.02	0	560	7554	12092	0	0	0
work/039349_23_d42fit/tracking-stm.root	2	960	658975	0.22555	154.686	0	0	81	26238	2718	259	0
work/039349_23_d42fit/tracking-stm.root	2	964	666535	0.191487	158.103	0	0	265	30259	1963	0	0
work/039349_23_d42fit/tracking-stm.root	2	966	670082	0.193731	158.103	0	117	4448	14232	0	0	0
work/039349_23_d42fit/tracking-stm.root	2	968	674701	0.239354	161.988	0	0	1962	18659	656	0	0
work/039349_23_d42fit/tracking-stm.root	2	982	702963	0.234655	147.753	0	0	4	13002	8863	0	0
work/039349_23_d42fit/tracking-stm.root	2	984	706485	0.222508	147.753	0	718	2116	18567	0	0	0
work/039349_23_d42fit/tracking-stm.root	2	988	714588	0.244336	153.118	0	422	2630	16909	0	0	0
work/039349_23_d42fit/tracking-stm.root	2	990	719481	0.223995	151.644	0	0	395	14526	5386	0	0
work/039349_23_d42fit/tracking-stm.root	2	991	719481	0.223995	151.644	0	152	446	19505	260	3	0
work/039349_23_d42fit/tracking-stm.root	2	992	723812	0.215125	151.644	0	187	2576	17360	0	0	0
work/039349_23_d42fit/tracking-stm.root	2	997	732627	0.249879	142.905	0	0	0	9958	8431	0	0
work/039349_23_d42fit/tracking-stm.root	2	1006	750020	0.20058	149.7	0	0	840	19485	322	0	0
work/039349_23_d42fit/tracking-stm.root	2	1011	759996	0.230127	150.949	0	0	3850	16925	0	0	0
work/039349_23_d42fit/tracking-stm.root	2	1013	765200	0.241834	148.715	0	0	57	17488	2997	0	0
work/039349_23_d42fit/tracking-stm.root	2	1021	780412	0.156543	153.013	0	231	1093	19243	1066	0	0
work/039349_23_d42fit/tracking-stm.root	2	1022	782876	0.222155	153.013	0	918	2221	18760	0	0	0
work/039349_23_d42fit/tracking-stm.root	2	1031	801600	0.249927	159.221	0	0	0	9044	11037	0	0
work/039349_23_d42fit/tracking-stm.root	2	1032	801600	0.249927	159.221	0	0	170	15477	3647	55	0
work/039349_23_d42fit/tracking-stm.root	2	1033	805101	0.245966	159.221	0	13	2643	18876	720	402	0
work/039349_23_d42fit/tracking-stm.root	2	1038	815077	0.244602	167.1	0	339	12794	16561	0	0	0
work/039349_23_d42fit/tracking-stm.root	2	1040	817972	0.216487	163.412	0	0	612	20201	3913	11	0
work/039349_23_d42fit/tracking-stm.root	2	1041	820866	0.241565	163.412	0	463	2599	23128	158	17	0
work/039349_23_d42fit/tracking-stm.root	2	1045	828586	0.244525	169.05	0	0	1305	21098	97	0	0
work/039349_23_d42fit/tracking-stm.root	2	1051	839833	0.209677	156.449	0	0	586	12439	6914	0	0
work/039349_23_d42fit/tracking-stm.root	2	1052	843232	0.219421	156.449	0	0	1057	20754	974	0	0
work/039349_23_d42fit/tracking-stm.root	2	1059	856327	0.233664	178.534	0	0	0	14361	6264	0	0
work/039349_23_d42fit/tracking-stm.root	2	1060	859487	0.166829	178.534	0	284	792	20634	1441	0	0
work/039349_23_d42fit/tracking-stm.root	2	1061	861222	0.22932	178.534	0	845	3116	21843	0	0	0
work/039349_23_d42fit/tracking-stm.root	2	1064	866111	0.230881	153.63	0	309	460	18972	1175	0	0
work/039349_23_d42fit/tracking-stm.root	2	1068	873862	0.243894	150.463	0	0	2150	18101	1885	4182	0
work/039349_23_d42fit/tracking-stm.root	2	1069	876671	0.249541	150.463	0	0	3833	17771	0	1393	0
work/039349_23_d42fit/tracking-stm.root	2	1070	879480	0.246046	150.432	0	0	66	10365	14475	0	96
work/039349_23_d42fit/tracking-stm.root	2	1071	879480	0.246046	150.432	0	0	1342	18409	6606	0	0
work/039349_23_d42fit/tracking-stm.root	2	1072	881897	0.241983	150.432	0	122	2291	22615	569	0	0
work/039349_23_d42fit/tracking-stm.root	2	1073	884314	0.241118	150.432	0	8	2478	18711	0	0	0
work/039349_23_d42fit/tracking-stm.root	2	1074	887546	0.248344	150.432	0	256	8133	13567	0	0	0
work/039349_23_d42fit/tracking-stm.root	2	1075	887546	0.248344	150.432	0	1099	14262	5926	0	0	0
work/039349_23_d42fit/tracking-stm.root	2	1080	899252	0.224715	155.955	0	0	1126	19966	369	0	0
work/039349_23_d42fit/tracking-stm.root	2	1088	914188	0.183546	157.438	0	0	965	18513	265	18	0
work/039349_23_d42fit/tracking-stm.root	2	1089	917186	0.231642	157.438	0	3	4395	16365	0	0	0
work/039349_23_d42fit/tracking-stm.root	2	1093	925153	0.241831	163.928	0	0	5859	17434	0	0	0
work/039349_23_d42fit/tracking-stm.root	2	1095	928186	0.243884	151.53	0	0	29	19633	3390	0	0
work/039349_23_d42fit/tracking-stm.root	2	1099	937200	0.14676	149.515	0	0	1402	24669	3076	0	0
work/039349_23_d42fit/tracking-stm.root	2	1101	940717	0.0834992	149.515	0	123	5198	34202	7330	36	0
work/039349_23_d42fit/tracking-stm.root	2	1102	943723	0.152747	149.515	0	798	11093	21221	18330	1923	0
work/039349_23_d42fit/tracking-stm.root	2	1109	956323	0.246973	140.844	0	154	5375	14305	0	0	0
work/039349_23_d42fit/tracking-stm.root	2	1110	959231	0.248782	139.784	0	0	192	11064	7761	0	0
work/039349_23_d42fit/tracking-stm.root	2	1114	967509	0.233317	140.205	0	0	335	11947	7116	0	0
work/039349_23_d42fit/tracking-stm.root	2	1115	967509	0.233317	140.205	0	0	1460	16576	862	0	0
work/039349_23_d42fit/tracking-stm.root	2	1116	969798	0.190571	140.205	0	64	1769	17903	0	0	0
work/039349_23_d42fit/tracking-stm.root	2	1120	978073	0.154462	142.025	0	0	2408	21226	74	0	0
work/039349_23_d42fit/tracking-stm.root	2	1125	988259	0.247877	137.756	0	0	5812	14050	0	0	0
work/039349_23_d42fit/tracking-stm.root	2	1127	992865	0.242408	141.55	0	191	717	16423	898	24	0
work/039349_23_d42fit/tracking-stm.root	2	1128	995551	0.249053	141.55	0	348	3482	18793	0	128	0
work/039349_23_d42fit/tracking-stm.root	2	1129	995551	0.249053	141.55	0	40	6274	13400	0	0	0
work/039349_23_d42fit/tracking-stm.root	2	1131	1.00114e+06	0.231993	137.845	0	186	1409	17699	715	0	0
work/039349_23_d42fit/tracking-stm.root	2	1135	1.0095e+06	0.200453	140.24	0	88	1460	17765	363	0	0
work/039349_23_d42fit/tracking-stm.root	2	1136	1.0095e+06	0.200453	140.24	0	208	2843	17669	24	0	0
work/039349_23_d42fit/tracking-stm.root	2	1142	1.02314e+06	0.241317	138.333	0	0	1041	14331	4447	0	0
work/039349_23_d42fit/tracking-stm.root	2	1146	1.03122e+06	0.216875	138.914	0	6	403	19068	3516	0	0
work/039349_23_d42fit/tracking-stm.root	2	1152	1.04203e+06	0.225485	137.503	0	0	4759	14788	0	0	0
work/039349_23_d42fit/tracking-stm.root	2	1159	1.05734e+06	0.238551	143.345	0	477	2404	21446	260	0	0
work/039349_23_d42fit/tracking-stm.root	2	1166	1.07171e+06	0.211063	139.231	0	0	2158	20923	1548	0	0
work/039349_23_d42fit/tracking-stm.root	2	1167	1.07171e+06	0.211063	139.231	0	0	3389	21468	0	0	0
work/039349_23_d42fit/tracking-stm.root	2	1171	1.08069e+06	0.24303	139.651	0	0	3015	18799	0	0	0
work/039349_23_d42fit/tracking-stm.root	2	1178	1.09462e+06	0.246334	140.903	0	408	2304	24699	1116	0	0
work/039349_23_d42fit/tracking-stm.root	2	1185	1.10914e+06	0.201514	141.972	0	434	18442	31846	6299	0	0
work/039349_23_d42fit/tracking-stm.root	2	1188	1.11423e+06	0.195897	141.972	0	0	9010	9941	0	0	0
work/039349_23_d42fit/tracking-stm.root	2	1194	1.12662e+06	0.209248	134.894	0	544	2285	18825	0	0	0
work/039349_23_d42fit/tracking-stm.root	2	1198	1.13574e+06	0.236841	130.68	0	274	1527	18142	81	0	0
work/039349_23_d42fit/tracking-stm.root	2	1199	1.13574e+06	0.236841	130.68	0	237	6056	13846	0	0	0
work/039349_23_d42fit/tracking-stm.root	2	1200	1.13918e+06	0.229972	137.422	0	0	73	11586	8045	0	0
work/039349_23_d42fit/tracking-stm.root	2	1202	1.14262e+06	0.243061	137.422	0	107	2779	20716	0	0	0
work/039349_23_d42fit/tracking-stm.root	2	1209	1.15696e+06	0.207272	142.861	0	33	879	21864	1984	0	0
work/039349_23_d42fit/tracking-stm.root	2	1211	1.16007e+06	0.229288	142.861	0	0	6492	13789	0	0	0
work/039349_23_d42fit/tracking-stm.root	2	1217	1.17293e+06	0.240307	144.393	0	436	1481	17001	1245	0	0
work/039349_23_d42fit/tracking-stm.root	2	1218	1.17538e+06	0.249686	144.393	0	0	3223	17941	0	0	0
work/039349_23_d42fit/tracking-stm.root	2	1221	1.18113e+06	0.224754	139.449	0	3	1528	20161	1968	0	0
work/039349_23_d42fit/tracking-stm.root	2	1222	1.18374e+06	0.248477	139.449	0	300	2352	19010	0	0	0
work/039349_23_d42fit/tracking-stm.root	2	1223	1.18374e+06	0.248477	139.449	0	515	7207	13337	0	0	0
work/039349_23_d42fit/tracking-stm.root	2	1228	1.19565e+06	0.242279	138.834	0	0	303	11423	7421	0	0
work/039349_23_d42fit/tracking-stm.root	2	1229	1.19565e+06	0.242279	138.834	0	370	270	17046	1082	0	0
work/039349_23_d42fit/tracking-stm.root	2	1230	1.19968e+06	0.0830456	138.834	0	783	2053	18371	0	0	0
work/039349_23_d42fit/tracking-stm.root	2	1237	1.21286e+06	0.222894	143.375	0	631	1791	30562	3859	0	0
work/039349_23_d42fit/tracking-stm.root	2	1238	1.21462e+06	0.144961	143.375	0	199	3504	32680	0	74	0
work/039349_23_d42fit/tracking-stm.root	2	1240	1.21947e+06	0.204854	143.375	0	520	15379	19953	0	0	0
work/039349_23_d42fit/tracking-stm.root	2	1241	1.21947e+06	0.204854	143.375	877	59	23807	14978	0	0	0
work/039349_23_d42fit/tracking-stm.root	2	1242	1.22254e+06	0.223789	144.737	0	512	2620	33131	10950	0	0
work/039349_23_d42fit/tracking-stm.root	2	1243	1.22471e+06	0.167629	144.737	0	0	8975	40190	3406	0	0
work/039349_23_d42fit/tracking-stm.root	2	1256	1.24984e+06	0.228416	137.324	0	869	345	19136	13652	0	0
work/039349_23_d42fit/tracking-stm.root	2	1260	1.25911e+06	0.174925	143.333	0	0	7345	47680	15137	0	0
work/039349_23_d42fit/tracking-stm.root	2	1262	1.26228e+06	0.171261	143.333	0	0	2019	29709	377	0	0
work/039349_23_d42fit/tracking-stm.root	2	61	50000	0.246165	136.476	0	165	7306	13895	0	0	0
work/039349_23_d42fit/tracking-stm.root	2	63	50000	0.183043	142.941	0	0	41	15361	0	0	0
work/039349_23_d42fit/tracking-stm.root	2	68	50000	0.0094555	140.535	0	0	882	13266	0	0	0
work/039349_23_d42fit/tracking-stm.root	2	70	50000	0.10151	140.535	0	1090	8797	2939	0	0	0
work/039349_23_d42fit/tracking-stm.root	2	74	50000	0.23779	145.393	0	0	0	6468	3175	0	0
work/039349_23_d42fit/tracking-stm.root	2	83	57038.9	0.188147	142.474	0	287	1772	14100	0	0	0
work/039349_23_d42fit/tracking-stm.root	2	89	69493.1	0.230435	139.513	0	0	171	13375	10476	20	0
work/039349_23_d42fit/tracking-stm.root	2	90	69493.1	0.230435	139.513	0	0	139	16351	2047	0	0
work/039349_23_d42fit/tracking-stm.root	2	91	73167.3	0.219376	139.513	0	575	915	13553	73	0	0
work/039349_23_d42fit/tracking-stm.root	2	94	77754.5	0.239448	139.106	0	0	188	11650	561	0	0
work/039349_23_d42fit/tracking-stm.root	2	108	107151	0.233309	138.538	0	0	0	8319	7469	46	0
work/039349_23_d42fit/tracking-stm.root	2	127	144928	0.24693	155.435	0	0	160	13320	4864	0	0
work/039349_23_d42fit/tracking-stm.root	2	129	148426	0.214731	155.435	0	162	1868	12261	665	0	0
work/039349_23_d42fit/tracking-stm.root	2	131	151925	0.232413	153.483	0	0	152	8178	2107	0	0
work/039349_23_d42fit/tracking-stm.root	2	136	162646	0.151695	147.427	0	0	145	6887	0	0	0
work/039349_23_d42fit/tracking-stm.root	2	139	167962	0.228457	147.427	0	903	15527	23984	429	0	0
work/039349_23_d42fit/tracking-stm.root	2	150	190056	0.132753	143.277	0	0	275	16262	0	0	0
work/039349_23_d42fit/tracking-stm.root	2	163	216867	0.237741	144.905	0	0	503	19164	10817	0	0
work/039349_23_d42fit/tracking-stm.root	2	165	219994	0.230131	144.905	0	0	893	15955	0	0	0
work/039349_23_d42fit/tracking-stm.root	2	167	224534	0.23603	139.834	0	0	369	6988	7555	0	0
work/039349_23_d42fit/tracking-stm.root	2	179	247673	0.245155	144.269	0	44	7495	7125	0	0	0
work/039349_23_d42fit/tracking-stm.root	2	181	251710	0.212657	145.536	0	0	385	19541	144	0	0
work/039349_23_d42fit/tracking-stm.root	2	183	255755	0.226858	145.536	0	288	6598	9428	0	0	0
work/039349_23_d42fit/tracking-stm.root	2	188	266694	0.17848	143.807	0	0	24	15723	5787	0	0
work/039349_23_d42fit/tracking-stm.root	2	190	270191	0.168219	143.807	0	86	2481	18097	0	0	0
work/039349_23_d42fit/tracking-stm.root	2	192	273999	0.247657	143.807	0	60	10127	6335	0	0	0
work/039349_23_d42fit/tracking-stm.root	2	205	301178	0.177584	138.801	0	0	577	10775	2218	0	0
work/039349_23_d42fit/tracking-stm.root	2	208	306067	0.179584	138.801	0	146	2998	8337	0	0	0
work/039349_23_d42fit/tracking-stm.root	2	210	311428	0.224597	142.842	0	0	909	12486	168	0	0
work/039349_23_d42fit/tracking-stm.root	2	211	311428	0.224597	142.842	0	0	412	12301	40	0	0
work/039349_23_d42fit/tracking-stm.root	2	212	314486	0.237392	142.842	0	0	1281	11140	192	0	0
work/039349_23_d42fit/tracking-stm.root	2	218	327486	0.218202	152.739	0	0	448	11841	3139	0	0
work/039349_23_d42fit/tracking-stm.root	2	219	327486	0.218202	152.739	0	0	213	15413	78	0	0
work/039349_23_d42fit/tracking-stm.root	2	221	332045	0.1705	152.739	0	0	3474	14948	0	0	0
work/039349_23_d42fit/tracking-stm.root	2	223	336355	0.189206	159.321	0	0	215	10245	1457	0	0
work/039349_23_d42fit/tracking-stm.root	2	225	340665	0.170824	159.321	0	141	1157	16210	0	0	0
work/039349_23_d42fit/tracking-stm.root	2	230	350873	0.164895	154.256	0	0	1243	12285	0	0	0
work/039349_23_d42fit/tracking-stm.root	2	232	355335	0.166535	144.052	0	0	422	7015	6248	0	0
work/039349_23_d42fit/tracking-stm.root	2	233	355335	0.166535	144.052	0	0	0	10949	1824	0	0
work/039349_23_d42fit/tracking-stm.root	2	235	359687	0.170188	144.052	0	0	948	12187	45	0	0
work/039349_23_d42fit/tracking-stm.root	2	237	364118	0.220832	144.052	0	12	6850	5488	0	0	0
work/039349_23_d42fit/tracking-stm.root	2	239	367882	0.236053	152.477	0	0	829	16586	16	0	0
work/039349_23_d42fit/tracking-stm.root	2	240	371444	0.191553	152.477	0	101	778	16375	0	0	0
work/039349_23_d42fit/tracking-stm.root	2	241	371444	0.191553	152.477	0	0	3162	12220	0	0	0
work/039349_23_d42fit/tracking-stm.root	2	242	375006	0.144616	147.573	0	0	0	9339	8201	0	0
work/039349_23_d42fit/tracking-stm.root	2	245	380464	0.184351	147.573	0	0	496	13356	0	0	0
work/039349_23_d42fit/tracking-stm.root	2	248	386145	0.218836	155.631	0	0	23	11282	1874	0	0
work/039349_23_d42fit/tracking-stm.root	2	249	389477	0.184329	155.631	0	0	0	14923	3	0	0
work/039349_23_d42fit/tracking-stm.root	2	250	389477	0.184329	155.631	0	40	667	14233	0	0	0
work/039349_23_d42fit/tracking-stm.root	2	252	394324	0.205508	155.631	0	0	4619	7996	0	0	0
work/039349_23_d42fit/tracking-stm.root	2	254	399379	0.170738	153.06	0	0	1179	13214	172	149	0
work/039349_23_d42fit/tracking-stm.root	2	255	399379	0.170738	153.06	0	0	1052	13045	0	0	0
work/039349_23_d42fit/tracking-stm.root	2	256	403083	0.237944	153.06	0	0	2210	13896	0	0	0
work/039349_23_d42fit/tracking-stm.root	2	258	407466	0.173549	154.399	0	0	268	11441	2833	0	0
work/039349_23_d42fit/tracking-stm.root	2	259	407466	0.173549	154.399	0	0	30	15304	73	0	0
work/039349_23_d42fit/tracking-stm.root	2	264	418412	0.226395	141.706	0	0	0	1529	13183	55	0
work/039349_23_d42fit/tracking-stm.root	2	266	421882	0.205305	141.706	0	0	1322	2551	10741	0	0
work/039349_23_d42fit/tracking-stm.root	2	267	424257	0.0543052	142.104	0	224	7639	6402	0	0	0
work/039349_23_d42fit/tracking-stm.root	2	269	428706	0.136812	141.706	0	0	229	13944	283	0	0
work/039349_23_d42fit/tracking-stm.root	2	271	432412	0.124843	141.706	0	4	2230	12455	0	0	0
work/039349_23_d42fit/tracking-stm.root	2	272	435396	0.230697	141.706	0	0	5459	7315	0	0	0
work/039349_23_d42fit/tracking-stm.root	2	273	435396	0.230697	141.706	0	663	9925	2413	430	0	0
work/039349_23_d42fit/tracking-stm.root	2	274	438391	0.227499	145.452	0	0	490	12819	0	175	0
work/039349_23_d42fit/tracking-stm.root	2	275	441386	0.210332	145.452	0	0	828	12992	0	0	0
work/039349_23_d42fit/tracking-stm.root	2	276	441386	0.210332	145.452	0	487	1912	12053	0	0	0
work/039349_23_d42fit/tracking-stm.root	2	277	445508	0.19786	145.452	0	220	3799	8315	0	0	0
work/039349_23_d42fit/tracking-stm.root	2	278	445508	0.19786	145.452	0	151	8637	3868	0	0	0
work/039349_23_d42fit/tracking-stm.root	2	280	450111	0.240723	151.835	0	0	289	13282	0	0	0
work/039349_23_d42fit/tracking-stm.root	2	284	459090	0.156025	138.435	0	0	480	11907	1538	57	0
work/039349_23_d42fit/tracking-stm.root	2	286	462634	0.163061	138.435	0	210	1499	14807	0	0	0
work/039349_23_d42fit/tracking-stm.root	2	288	465786	0.227053	138.435	0	0	7353	7912	0	0	0
work/039349_23_d42fit/tracking-stm.root	2	290	470893	0.203289	145.291	0	0	1240	13302	149	64	0
work/039349_23_d42fit/tracking-stm.root	2	293	475629	0.217319	145.291	0	305	7802	13260	0	0	0
work/039349_23_d42fit/tracking-stm.root	2	294	479058	0.180821	143.101	0	0	0	12222	4504	0	0
work/039349_23_d42fit/tracking-stm.root	2	296	482229	0.19425	143.101	0	7	292	14259	0	0	0
work/039349_23_d42fit/tracking-stm.root	2	299	487773	0.218134	149.927	0	0	885	9405	2737	47	0
work/039349_23_d42fit/tracking-stm.root	2	300	491293	0.206174	149.927	0	0	406	12679	337	0	0
work/039349_23_d42fit/tracking-stm.root	2	301	491293	0.206174	149.927	0	0	622	12650	0	0	0
work/039349_23_d42fit/tracking-stm.root	2	302	495390	0.228412	149.927	0	47	2431	10711	0	0	0
work/039349_23_d42fit/tracking-stm.root	2	303	495390	0.228412	149.927	0	469	5808	7553	0	0	0
work/039349_23_d42fit/tracking-stm.root	2	304	499486	0.162923	138.77	0	0	70	10825	2108	468	0
work/039349_23_d42fit/tracking-stm.root	2	305	499486	0.162923	138.77	0	0	0	14424	0	72	0
work/039349_23_d42fit/tracking-stm.root	2	306	503552	0.198378	138.77	0	101	396	14418	40	0	0
work/039349_23_d42fit/tracking-stm.root	2	307	503552	0.198378	138.77	0	0	2711	11540	25	0	0
work/039349_23_d42fit/tracking-stm.root	2	311	512229	0.21854	141.666	0	185	1761	12249	0	0	0
work/039349_23_d42fit/tracking-stm.root	2	313	515660	0.218741	140.646	0	0	157	13008	3780	0	0
work/039349_23_d42fit/tracking-stm.root	2	314	518954	0.196631	140.646	0	0	50	15298	492	208	0
work/039349_23_d42fit/tracking-stm.root	2	316	523084	0.2104	140.646	0	840	2760	10703	0	0	0
work/039349_23_d42fit/tracking-stm.root	2	318	527491	0.187502	137.862	0	0	296	11539	1616	41	0
work/039349_23_d42fit/tracking-stm.root	2	319	527491	0.187502	137.862	0	0	654	13534	0	103	0
work/039349_23_d42fit/tracking-stm.root	2	320	530673	0.241969	137.862	0	0	920	12985	30	0	0
work/039349_23_d42fit/tracking-stm.root	2	324	538884	0.175574	142.737	0	0	159	13137	0	0	0
work/039349_23_d42fit/tracking-stm.root	2	326	542612	0.195699	142.737	0	255	3916	7788	0	0	0
work/039349_23_d42fit/tracking-stm.root	2	329	548095	0.20827	140.027	0	70	2468	12561	12	0	0
work/039349_23_d42fit/tracking-stm.root	2	330	551025	0.212967	140.027	0	450	2996	12897	0	0	0
work/039349_23_d42fit/tracking-stm.root	2	333	555677	0.183323	154.058	0	0	340	12235	0	161	0
work/039349_23_d42fit/tracking-stm.root	2	334	558823	0.179236	154.058	0	342	1132	13449	0	0	0
work/039349_23_d42fit/tracking-stm.root	2	336	563276	0.211772	140.001	0	0	94	5417	11829	15	0
work/039349_23_d42fit/tracking-stm.root	2	337	563276	0.211772	140.001	0	0	36	9706	5306	0	0
work/039349_23_d42fit/tracking-stm.root	2	339	567729	0.165315	140.001	0	0	464	16852	0	0	0
work/039349_23_d42fit/tracking-stm.root	2	340	570294	0.172333	140.001	0	869	1088	14929	0	0	0
work/039349_23_d42fit/tracking-stm.root	2	342	574001	0.232998	147.146	0	0	383	7812	5338	470	0
work/039349_23_d42fit/tracking-stm.root	2	344	577707	0.155814	147.146	0	0	0	13021	0	107	0
work/039349_23_d42fit/tracking-stm.root	2	346	581706	0.150862	147.146	0	817	3475	18500	232	0	0
work/039349_23_d42fit/tracking-stm.root	2	347	585494	0.22116	146.921	0	0	41	7118	12411	301	0
work/039349_23_d42fit/tracking-stm.root	2	348	585494	0.22116	146.921	0	0	26	11626	5741	0	0
work/039349_23_d42fit/tracking-stm.root	2	349	589283	0.171106	146.921	0	0	251	12173	784	0	0
work/039349_23_d42fit/tracking-stm.root	2	350	589283	0.171106	146.921	0	0	267	13932	0	0	0
work/039349_23_d42fit/tracking-stm.root	2	351	593307	0.204402	146.921	0	24	1758	14450	0	0	0
work/039349_23_d42fit/tracking-stm.root	2	352	593307	0.204402	146.921	0	0	6004	14478	226	0	0
work/039349_23_d42fit/tracking-stm.root	2	353	597558	0.170037	149.898	0	0	397	17133	11872	456	0
work/039349_23_d42fit/tracking-stm.root	2	354	597558	0.170037	149.898	0	0	65	19975	5260	0	0
work/039349_23_d42fit/tracking-stm.root	2	356	602644	0.0725693	149.898	0	0	1361	20168	0	0	0
work/039349_23_d42fit/tracking-stm.root	2	358	606575	0.149973	149.898	0	28	1681	16332	0	0	0
work/039349_23_d42fit/tracking-stm.root	2	360	611197	0.197226	144.83	0	0	234	8314	4770	0	0
work/039349_23_d42fit/tracking-stm.root	2	362	615452	0.09506	144.83	0	0	207	14353	595	0	0
work/039349_23_d42fit/tracking-stm.root	2	363	615452	0.09506	144.83	0	0	42	14584	102	0	0
work/039349_23_d42fit/tracking-stm.root	2	364	619066	0.107421	144.83	0	0	1372	16087	0	0	0
work/039349_23_d42fit/tracking-stm.root	2	366	622549	0.199283	144.83	0	14	3999	9126	90	0	0
work/039349_23_d42fit/tracking-stm.root	2	368	625797	0.18465	154.47	0	0	119	8769	2181	65	0
work/039349_23_d42fit/tracking-stm.root	2	369	629044	0.0822217	154.47	0	0	1193	13511	75	376	0
work/039349_23_d42fit/tracking-stm.root	2	372	633992	0.0885852	154.47	0	97	1752	12924	271	0	0
work/039349_23_d42fit/tracking-stm.root	2	373	637127	0.200527	154.47	0	149	2407	10027	355	0	0
work/039349_23_d42fit/tracking-stm.root	2	375	640475	0.19657	147.199	0	0	185	8578	4164	0	0
work/039349_23_d42fit/tracking-stm.root	2	379	648998	0.0904644	147.199	0	23	1395	15886	0	0	0
work/039349_23_d42fit/tracking-stm.root	2	381	653093	0.182819	147.199	0	0	5213	10883	0	0	0
work/039349_23_d42fit/tracking-stm.root	2	384	659145	0.113786	141.911	0	0	885	12530	641	25	0
work/039349_23_d42fit/tracking-stm.root	2	386	663557	0.11284	141.911	0	0	1279	20705	428	0	0
work/039349_23_d42fit/tracking-stm.root	2	387	663557	0.11284	141.911	0	0	2372	26670	828	0	0
work/039349_23_d42fit/tracking-stm.root	2	388	667544	0.206232	141.911	0	147	2782	17378	0	0	0
work/039349_23_d42fit/tracking-stm.root	2	389	667544	0.206232	141.911	0	0	5432	7022	2	0	0
work/039349_23_d42fit/tracking-stm.root	2	390	671531	0.129652	148.769	0	0	197	9067	3053	0	0
work/039349_23_d42fit/tracking-stm.root	2	391	671531	0.129652	148.769	0	0	0	10929	1367	0	0
work/039349_23_d42fit/tracking-stm.root	2	393	676456	0.10332	148.769	0	0	903	12609	0	0	0
work/039349_23_d42fit/tracking-stm.root	2	395	680562	0.1461	148.769	0	742	1824	11309	319	0	0
work/039349_23_d42fit/tracking-stm.root	2	397	684669	0.161769	142.27	0	0	0	7224	6285	1	0
work/039349_23_d42fit/tracking-stm.root	2	399	689015	0.112888	142.27	0	0	318	13839	211	0	0
work/039349_23_d42fit/tracking-stm.root	2	401	692329	0.0293514	142.27	0	0	419	13533	6	0	0
work/039349_23_d42fit/tracking-stm.root	2	403	695643	0.140122	142.27	0	120	2474	10375	0	0	0
work/039349_23_d42fit/tracking-stm.root	2	405	699891	0.216958	142.216	0	0	54	8223	3495	0	0
work/039349_23_d42fit/tracking-stm.root	2	407	703999	0.107079	142.216	0	0	64	12853	0	0	0
work/039349_23_d42fit/tracking-stm.root	2	409	708142	0.0527666	142.216	0	0	1287	18996	97	0	0
work/039349_23_d42fit/tracking-stm.root	2	411	711907	0.196167	142.216	0	0	3528	9838	0	0	0
work/039349_23_d42fit/tracking-stm.root	2	413	716689	0.180443	144.268	0	0	467	9134	3396	0	0
work/039349_23_d42fit/tracking-stm.root	2	415	720808	0.114504	144.268	0	0	96	13836	0	0	0
work/039349_23_d42fit/tracking-stm.root	2	417	724524	0.156954	144.268	0	147	4938	17959	463	0	0
work/039349_23_d42fit/tracking-stm.root	2	419	728239	0.137613	138.856	0	0	736	23535	14507	0	0
work/039349_23_d42fit/tracking-stm.root	2	421	731710	0.116914	138.856	0	0	0	18315	7407	0	0
work/039349_23_d42fit/tracking-stm.root	2	422	735182	0.179102	138.856	0	354	446	14359	957	0	0
work/039349_23_d42fit/tracking-stm.root	2	424	739000	0.235631	138.856	0	74	3814	18555	0	0	0
work/039349_23_d42fit/tracking-stm.root	2	426	742819	0.152551	135.764	0	0	0	9956	2813	0	0
work/039349_23_d42fit/tracking-stm.root	2	428	746362	0.0398629	135.764	0	0	1179	15680	0	0	0
work/039349_23_d42fit/tracking-stm.root	2	430	750226	0.167657	135.764	0	533	1088	12827	0	0	0
work/039349_23_d42fit/tracking-stm.root	2	433	757068	0.111042	132.995	0	0	0	21386	6086	363	0
work/039349_23_d42fit/tracking-stm.root	2	435	760316	0.0430773	132.995	0	0	249	16500	111	0	0
work/039349_23_d42fit/tracking-stm.root	2	437	763656	0.133331	132.995	0	77	1590	13990	201	0	0
work/039349_23_d42fit/tracking-stm.root	2	439	768236	0.201439	138.18	0	0	0	7883	7750	0	0
work/039349_23_d42fit/tracking-stm.root	2	441	772737	0.142256	138.18	0	0	27	13171	152	0	0
work/039349_23_d42fit/tracking-stm.root	2	443	776157	0.0536759	138.18	0	0	495	12784	149	0	0
work/039349_23_d42fit/tracking-stm.root	2	444	779578	0.1628	138.18	0	274	1375	13651	16	0	0
work/039349_23_d42fit/tracking-stm.root	2	445	779578	0.1628	138.18	0	242	4297	11866	0	0	0
work/039349_23_d42fit/tracking-stm.root	2	447	784684	0.184592	138.987	0	0	0	10553	3043	303	0
work/039349_23_d42fit/tracking-stm.root	2	449	788546	0.0683105	138.987	0	0	63	14072	0	0	0
work/039349_23_d42fit/tracking-stm.root	2	451	792094	0.168371	138.987	0	84	1120	13313	0	0	0
work/039349_23_d42fit/tracking-stm.root	2	454	797645	0.191718	140.082	0	0	120	12702	2644	0	0
work/039349_23_d42fit/tracking-stm.root	2	455	801029	0.0698131	140.082	0	0	0	15178	399	0	0
work/039349_23_d42fit/tracking-stm.root	2	457	804412	0.170315	140.082	0	0	1959	11827	150	0	0
work/039349_23_d42fit/tracking-stm.root	2	459	808445	0.242353	147.37	0	0	1259	7881	5838	112	0
work/039349_23_d42fit/tracking-stm.root	2	461	812584	0.138743	147.37	0	0	0	15321	33	35	0
work/039349_23_d42fit/tracking-stm.root	2	463	816615	0.13475	147.37	0	37	2816	16185	0	0	0
work/039349_23_d42fit/tracking-stm.root	2	465	820597	0.225947	149.157	0	0	128	9884	7479	180	0
work/039349_23_d42fit/tracking-stm.root	2	467	824580	0.135132	149.157	0	0	426	15405	130	0	0
work/039349_23_d42fit/tracking-stm.root	2	469	828319	0.147462	149.157	0	0	2293	14017	0	0	0
work/039349_23_d42fit/tracking-stm.root	2	471	833550	0.215991	140.173	0	0	112	9071	7432	43	0
work/039349_23_d42fit/tracking-stm.root	2	472	833550	0.215991	140.173	0	0	68	13053	2939	104	0
work/039349_23_d42fit/tracking-stm.root	2	473	836926	0.11479	140.173	0	0	819	16254	914	0	0
work/039349_23_d42fit/tracking-stm.root	2	475	840197	0.139903	140.173	0	292	1429	19028	0	0	0
work/039349_23_d42fit/tracking-stm.root	2	477	844871	0.196464	143.395	0	0	0	7445	7711	0	0
work/039349_23_d42fit/tracking-stm.root	2	480	850001	0.113213	143.395	0	0	1214	15187	0	0	0
work/039349_23_d42fit/tracking-stm.root	2	481	853503	0.129123	143.395	0	0	817	15140	0	0	0
work/039349_23_d42fit/tracking-stm.root	2	482	853503	0.129123	143.395	0	163	1956	13189	0	0	0
work/039349_23_d42fit/tracking-stm.root	2	484	858381	0.203608	142.441	0	0	162	8070	6813	12	0
work/039349_23_d42fit/tracking-stm.root	2	486	862361	0.131476	142.441	0	0	316	15066	1050	713	0
work/039349_23_d42fit/tracking-stm.root	2	488	865771	0.0500097	142.441	0	0	130	14312	0	0	0
work/039349_23_d42fit/tracking-stm.root	2	489	869181	0.122353	142.441	0	0	1855	13811	0	0	0
work/039349_23_d42fit/tracking-stm.root	2	491	873203	0.188031	142.441	0	66	6028	9171	0	0	0
work/039349_23_d42fit/tracking-stm.root	2	493	877301	0.105565	134.784	0	0	777	12807	4126	423	0
work/039349_23_d42fit/tracking-stm.root	2	494	877301	0.105565	134.784	0	0	62	13387	2909	62	0
work/039349_23_d42fit/tracking-stm.root	2	496	883172	0.0323064	134.784	0	0	0	20079	1079	0	0
work/039349_23_d42fit/tracking-stm.root	2	498	886581	0.0508758	134.784	0	0	1003	15250	0	0	0
work/039349_23_d42fit/tracking-stm.root	2	500	890103	0.172859	134.784	0	21	3405	14473	9	0	0
work/039349_23_d42fit/tracking-stm.root	2	502	894630	0.20854	146.395	0	0	1267	12979	4853	0	0
work/039349_23_d42fit/tracking-stm.root	2	504	898032	0.189532	146.395	0	0	2437	18467	806	0	0
work/039349_23_d42fit/tracking-stm.root	2	506	903514	0.223777	344.714	0	0	690	7597	14138	0	0
work/039349_23_d42fit/tracking-stm.root	2	507	903514	0.223777	344.714	0	0	1500	13817	8729	0	0
work/039349_23_d42fit/tracking-stm.root	2	508	906748	0.165008	344.714	0	0	1405	17308	2141	0	0
work/039349_23_d42fit/tracking-stm.root	2	510	911180	0.196181	344.714	0	0	3898	16268	0	0	0
work/039349_23_d42fit/tracking-stm.root	2	527	943954	0.248375	140.293	0	201	1047	19591	2742	0	0
work/039349_23_d42fit/tracking-stm.root	2	544	977626	0.204838	143.797	0	0	77	35699	4951	0	0
work/039349_23_d42fit/tracking-stm.root	2	549	988271	0.00187201	143.797	0	0	527	18764	0	0	0
work/039349_23_d42fit/tracking-stm.root	2	551	992230	0.00597805	143.797	0	0	72	15109	129	0	0
work/039349_23_d42fit/tracking-stm.root	2	553	996318	0.0870932	143.797	0	639	1544	13297	0	0	0
work/039349_23_d42fit/tracking-stm.root	2	555	1.00063e+06	0.24057	143.797	0	0	9623	12636	789	0	0
work/039349_23_d42fit/tracking-stm.root	2	558	1.00753e+06	0.0275276	143.797	6188	16919	14686	12318	78	0	0
work/039349_23_d42fit/tracking-stm.root	2	559	1.00753e+06	0.0275276	143.797	8834	18280	4725	14105	778	0	0
work/039349_23_d42fit/tracking-stm.root	2	560	1.01128e+06	0.102844	143.797	2746	5500	124	15018	737	0	0
work/039349_23_d42fit/tracking-stm.root	2	561	1.01128e+06	0.102844	143.797	10	99	0	15192	2036	11	0
work/039349_23_d42fit/tracking-stm.root	2	563	1.01661e+06	0.172791	143.797	0	0	0	11145	9371	40	0
work/039349_23_d42fit/tracking-stm.root	2	565	1.02041e+06	0.187575	142.682	0	0	3021	14240	110	0	0
work/039349_23_d42fit/tracking-stm.root	2	569	1.02958e+06	0.246815	146.892	0	8202	16190	1496	93	0	0
work/039349_23_d42fit/tracking-stm.root	2	570	1.02958e+06	0.246815	146.892	0	8667	14978	3430	292	0	0
work/039349_23_d42fit/tracking-stm.root	2	571	1.03322e+06	0.246815	146.892	0	1843	8140	9058	1492	456	0
work/039349_23_d42fit/tracking-stm.root	2	572	1.03322e+06	0.246815	146.892	0	0	1380	16934	3886	268	0
work/039349_23_d42fit/tracking-stm.root	2	579	1.04952e+06	0.227299	137.839	0	0	7298	26779	1098	0	0
work/039349_23_d42fit/tracking-stm.root	2	580	1.04952e+06	0.227299	137.839	0	0	5145	27186	297	0	0
