bragg_valid	cluster_id	comp_bwd0	comp_bwd1	comp_bwd2	comp_bwd3	comp_fwd0	comp_fwd1	comp_fwd2	comp_fwd3	cont_angle_deg	cont_len	cont_mip	contrast	contrast_expected	delta_len	dots_charge_unfit	dots_ke_dqdx	entry_vtx_id	entry_x	entry_y	entry_z	event	gid	has_pass	in_fv	is_stm	kink_num	ks_flat	ks_mu	michel_conn_type	michel_far_len	michel_found	michel_ke_best	michel_ke_dqdx	michel_ke_range	michel_kink_deg	michel_len	michel_mip	muon_len	n_body_hadron	n_body_other	n_chain_segs	n_delta	n_dot_clusters_unfit	n_dots	n_michel_segs	n_plateau	n_profile_pts	n_stop_arms	n_tail	pass	plateau_med	ratio_flat	ratio_mu	reject_bits	short_track	stop_dis	stop_vtx_id	stop_x	stop_y	stop_z	t0_us	tagger_stop_x	tagger_stop_y	tagger_stop_z	tail_med
1	35	0.0	0.47597894931964896	1.4464963219697045	0.3477505824783578	0.0	0.20145158118562978	0.9278643536436104	0.06063136923001229	-1.0	0.0	0.0	0.9866644558637897	1.9069093448486192	6.611181920020359	0.0	1.3412700529480022	35001	-339.3622067093205	20.39295199925568	116.29928274505285	039252_0	142	1	1	0	473	0.03908559581491855	0.1311684378636303	2	0.0	0	1.3412700529480022	0.0	0.0	-1.0	0.0	0.0	308.5164877406814	0	0	2	1	0	1	0	33	505	0	5	0	57915.17742087541	0.8982426924811796	1.1629285116377743	28	0	0.10094090501807859	35000	-90.86054266823376	-41.77373507548999	253.1337966888255	5763.6438068616335	-90.94659278903937	-41.72776317351706	253.10789249526152	57142.84701622287
0	74	0.0	1.848424377075085	3.5151757646410493	0.15453325214204122	0.0	1.8392945269979974	3.50786728897816	0.15931361739495914	-1.0	0.0	0.0	0.0	0.0	0.0	0.0	0.0	74002	339.90114499129936	-44.565068845770476	52.61742642417603	039252_0	112	1	0	0	5	0.12723368408175856	0.1500765499799695	0	0.0	0	0.0	0.0	0.0	-1.0	0.0	0.0	1.782391026081805	0	0	1	0	0	0	0	0	4	0	3	0	0.0	1.1579187109235254	2.916722365339778	350	1	2.443317957457845	74000	339.8368475346765	-43.665751103777346	52.46619310301742	4930.401516986706	337.4883869165768	-43.95598402954891	53.074716081440556	66175.02865752109
1	75	0.0	0.3350084862875853	1.177577948338812	0.18667649121138788	0.0	0.3223246007441866	1.1392314588022665	0.1643970724877033	-1.0	0.0	0.0	0.13695254789908137	1.8412867105444968	8.370527283820234	0.0	0.0	75001	331.9589967374642	-335.74448381364533	4.529763672307537	039252_0	98	1	1	0	500	0.08052149953501897	0.16111463460906195	0	0.0	0	0.0	0.0	0.0	-1.0	0.0	0.0	323.1978453162468	0	1	3	2	0	0	0	33	543	1	6	0	52713.222273356136	0.9872504696740709	1.2900542045329253	28	0	0.3426775043957953	75012	73.83565604452572	-204.5192829645661	104.72349291476817	4450.029255764801	73.60706814086866	-204.5383317109686	104.97807607913906	7219.210098306729
1	76	0.0	0.48096403344258853	1.4457373095826485	0.3407426237051864	1.0	0.023716491826144423	0.6851667384305425	0.14706325254361904	-1.0	0.0	0.0	2.0357551913522416	1.9069093448486192	0.0	0.0	0.464770582211372	76001	339.8957614001282	-175.97001267927902	80.13393647936809	039252_0	68	1	0	0	575	0.09916089835136399	0.020932912167199724	2	0.0	0	0.464770582211372	0.0	0.0	-1.0	0.0	0.0	362.9237194952746	0	0	3	0	0	1	0	33	607	0	5	0	55384.51161936775	0.7892420497655488	1.0218085712676441	64	0	0.4053803803782148	76000	7.188672050902392	-266.4982137224532	128.14316254079216	2778.248046363191	7.588389164869886	-266.4384971742858	128.17468103491947	112749.30704963644
1	77	0.0	0.36550964660517343	1.2421053733601348	0.2133203872399204	1.0	0.05478212048845022	0.7241324451697838	0.13661684883015585	-1.0	0.0	0.0	1.9610163488295485	1.9069093448486192	0.0	0.0	0.0	77001	249.3494858435747	-336.21083443420935	28.61203949744178	039252_0	82	1	1	1	198	0.09823502720331256	0.038079199326255836	0	0.0	0	0.0	0.0	0.0	-1.0	0.0	0.0	125.69781666584012	0	0	1	0	0	0	0	33	211	0	5	0	63326.84414145657	0.8072339483586526	1.04510215553786	0	0	0.1658059555033225	77000	144.63720512611263	-277.8683696329233	36.02236923371065	3436.3719772460668	144.7967684405493	-277.8740626421042	36.06707665158315	124184.97668117704
1	82	0.0	1.6563591000593865	3.383182443802983	1.4252431832498906	1.0	0.09211996220467242	0.7934092605230916	0.10557089080267165	-1.0	0.0	0.0	2.060316379306369	2.0629960248696904	0.0	0.0	0.0	82000	275.21251541173586	-310.1470944807596	298.28206556887125	039252_0	145	1	1	1	160	0.07667175056460163	0.049975173215748514	1	2.930203645533709	1	13.27087315319089	13.27087315319089	22.266368123070762	39.11181792352215	4.966384523612006	1.137969764028442	107.40000000000012	0	0	1	0	0	0	2	33	176	1	4	0	53833.856278291634	0.8394108154002943	1.0867606030945447	0	0	0.1355621047540528	82004	179.11309408724276	-302.3855705479334	277.36844404971123	5945.36913767812	179.16946582507188	-302.32131420955096	277.4736601815407	110914.77585138925
1	73	0.0	0.6492995603932584	1.7293727850113736	0.5081384164701889	1.0	0.0720178853334495	0.7567031098935806	0.10725167069637008	-1.0	0.0	0.0	1.317767524913686	1.9069093448486192	0.0	0.0	0.0	73000	339.5095125816182	-330.59881354786046	178.00499064410133	039252_10	108	1	1	1	542	0.07389503523151852	0.046760481964943534	1	7.337629059729248	1	24.727232405904452	24.727232405904452	30.82124995536675	19.36500903203725	2.6285443836483626	1.8773752549462162	351.26731461153264	0	0	5	0	0	0	2	33	590	1	5	0	58493.509831563024	0.8222512080993625	1.0645445619891738	0	0	0.17384713706618304	73011	36.29578454083878	-232.58781463919846	159.94216894875373	3695.8904007961883	36.133950770786484	-232.53848873111534	159.9821641075676	77080.84767425316
1	103	0.0	0.8089286572376921	1.9861771325190605	0.6386919704145523	1.0	0.1101905796088081	0.49118860531595265	0.2183303844786266	-1.0	0.0	0.0	1.9803454108164054	2.0439185138760387	0.0	0.0	0.0	103000	51.94661430417564	196.3569366672013	289.6948258446654	039252_10	147	1	1	1	209	0.0943564439799518	0.042663980211771424	0	0.0	0	0.0	0.0	0.0	-1.0	0.0	0.0	139.75749069330806	0	0	1	0	0	0	0	33	222	0	4	0	65973.66182710555	0.6988908103580664	0.9033126082992838	0	0	0.3650371203534987	103001	-74.00035043137613	232.00824446949	256.6380101616817	4982.981263436259	-73.69334409140984	232.08580974738433	256.81962192925647	130650.63843406194
1	44	1.0	0.7197275625992202	1.8438612901452287	0.5948481118535055	1.0	0.13510838014909296	0.43796902100539264	0.24555254342669808	-1.0	0.0	0.0	1.8439342686496616	1.906909344848619	0.0	0.0	0.0	44000	-7.210241130742406	-1.0133438455325727	268.35466767036223	039252_12	128	1	1	1	238	0.10089933607045332	0.01516904918650347	0	0.0	0	0.0	0.0	0.0	-1.0	0.0	0.0	158.82944977190036	0	0	2	0	0	0	0	33	267	0	5	0	63792.85953169189	0.6733775745846361	0.8718022279912652	0	0	0.191719273032162	44001	-124.0562746762887	-41.58139083649399	193.6817370260319	4020.4604398462625	-124.12970138317465	-41.741886547395666	193.6068642996889	117629.83978564087
1	45	0.0	0.22186721958474415	0.9806081370081198	0.09582448781897354	0.0	0.09499305208365232	0.6974509714570711	0.08187907490319439	-1.0	0.0	0.0	1.3338958475771587	2.062996024869682	0.0	0.0	0.0	45001	-297.45548583292117	56.759209999171084	12.593465764492732	039252_12	194	1	1	0	138	0.017221075929251872	0.09655561823501901	0	0.0	0	0.0	0.0	0.0	-1.0	0.0	0.0	86.63175064702757	0	0	1	0	0	0	0	33	145	0	4	0	69312.57708939543	0.7916314340967952	1.0249020371954216	24	0	0.3635729829268147	45000	-226.86017472799253	22.64336756937732	43.00381740794605	6453.997188173899	-226.7586846034	22.34482381911601	43.18480552276139	92455.75876441627
1	88	0.0	1.8727284975893397	3.7401265163829898	1.6458072720578714	0.0	1.528278078380288	3.1827009350351	1.2744893598294873	-1.0	0.0	0.0	0.3549284496591341	1.96234435253867	0.0	0.0	0.0	88000	335.3598581951516	-330.82235884024146	87.99543025076645	039252_12	81	1	0	0	74	0.08805912121559045	0.1866575640185697	0	0.0	0	0.0	0.0	0.0	-1.0	0.0	0.0	43.57685546285892	0	0	1	0	0	0	0	34	73	0	5	0	28538.01456621111	1.9429621121646847	2.5345055962381684	92	0	1.4739016670977034	88001	336.8349870238631	-308.2384593000876	52.85414416161245	2514.1431370468613	336.8798625105993	-307.7328026404235	51.470423215214325	10128.953266335096
1	90	0.0	0.3891806673916038	1.2938937168890892	0.2725656799634875	0.0	0.25798089831170434	1.049838333360234	0.13485694748719695	-1.0	0.0	0.0	1.0226381109243678	1.9069093448486192	0.0	0.0	3.0890259850785116	90001	177.0472874695452	55.05811153992211	1.8663498491056862	039252_12	139	1	1	0	198	0.04296849049156115	0.11871486245227597	2	0.0	0	3.0890259850785116	0.0	0.0	-1.0	0.0	0.0	125.68312313335517	0	0	1	0	0	1	0	33	210	0	5	0	51691.029839969706	0.9565423624103313	1.238407387165729	28	0	0.039719872138803874	90000	75.58175735733842	1.3479663035881986	42.16519871260498	4314.5971706611	75.6166644058424	1.3423931223396879	42.14708502004288	52861.217107281744
1	95	0.0	0.544968740042576	1.5558955438069606	0.40034667731655066	0.0	0.10589382798219758	0.7196848570385139	0.0912400556159346	-1.0	0.0	0.0	1.4995799871849822	1.8330102099641017	6.444060388398988	0.0	0.0	95001	292.54053895353525	22.016454822707917	1.2600518747029343	039252_12	117	1	1	0	239	0.04057638395911617	0.10471568121274677	1	0.0	1	20.793857718194634	20.793857718194634	34.65664516129041	37.95192086885109	10.800000000000018	1.122045872592389	155.1311390004559	0	1	5	1	0	0	1	33	262	1	5	0	60600.5222900959	0.7981832241277125	1.0381494836526166	24	0	0.15391551211159174	95010	169.3389092799614	6.533348593418713	76.48271768508155	3556.646422140106	169.29562835772316	6.566467875036253	76.33877373826918	90875.33043918523
1	114	1.0	0.7201977154004746	1.8438665820807538	0.5847733398958835	1.0	1.5731010190111563	3.2689560100649637	1.3318825141611677	-1.0	0.0	0.0	1.6213042443989714	1.868581356058792	5.152604773839281	0.0	0.0	114000	257.78650329708853	-335.654596482298	237.90514336533937	039252_12	95	1	1	0	92	0.12423441114069295	0.06365665431530731	0	0.0	0	0.0	0.0	0.0	-1.0	0.0	0.0	60.5881812755708	0	1	2	1	0	0	0	33	103	0	4	0	18726.342786268924	1.9862017512232029	2.5878906125348973	16	0	1.445115885429321	114001	260.1257911307331	-293.8309629218996	204.77096807403257	2776.1279917846387	260.1653259603991	-292.43925733037383	205.15820503776345	30361.099041447866
1	123	0.0	0.486565126933417	1.440630865155442	0.3386540929714973	1.0	0.1717819113561135	0.8918601149035839	0.13831371373251508	-1.0	0.0	0.0	1.1300231186057796	1.9069093448486192	0.0	0.0	0.0	123001	197.40615747465375	335.65881996437713	10.673189183038037	039252_12	85	1	1	0	406	0.10929986095256816	0.10876381487206355	0	0.0	0	0.0	0.0	0.0	-1.0	0.0	0.0	265.7660238383705	0	0	3	0	0	0	0	33	445	0	5	0	55871.299917021526	0.8830345327017017	1.1432389524961972	20	0	1.4703893508296215	123000	19.451207139395954	262.9942037433533	162.01741627356355	2594.584800137567	20.305555716295064	262.06438620247565	161.2640420684969	63135.8605727915
1	130	0.0	1.0136079122102473	2.307173493572617	0.8197431028785799	0.0	1.3471216116328282	2.8905356475137305	1.1358048236322495	-1.0	0.0	0.0	1.1083720076771078	1.9069093448486192	0.0	0.0	0.0	130017	-328.55700000841773	202.6615132230114	17.17064352672288	039252_12	94	1	0	0	1158	0.047792566320580654	0.11941786788058772	0	0.0	0	0.0	0.0	0.0	-1.0	0.0	0.0	737.1373349269664	0	2	11	0	0	0	0	33	1028	0	5	0	25562.945712935772	1.8211655164673077	2.3578096668520794	92	0	0.9813413020458844	130000	336.80602049439557	171.6017105299257	55.50499999971525	2759.216850687436	336.4887721163801	172.5303569738093	55.50499683261357	28333.253461987537
1	66	0.0	0.6131174980790522	1.5750692474189703	0.34577756511451746	0.0	9.075415443348229	15.687868400718724	8.131242468769045	-1.0	0.0	0.0	1.5858142777709165	2.062960083352556	11.60827464726864	0.0	0.0	66001	339.85373530328826	-174.14058207704517	94.82144004597528	039252_13	173	1	1	0	241	0.30389235666841885	0.3623419797609896	0	0.0	0	0.0	0.0	0.0	-1.0	0.0	0.0	164.34596100367537	0	3	9	2	0	0	0	34	220	1	4	0	5553.384883160081	7.806941353352081	10.137895650399592	24	0	0.668938585445362	66029	282.66685666422546	-118.07834857436735	107.5350364189892	5855.346410552383	283.283483512796	-118.33748064689681	107.52499999999762	8806.63703767243
1	74	1.0	20.14037035872584	32.621141752652434	7.164654473690094	0.0	12.690484449864712	22.040213197993747	9.929532771767185	-1.0	0.0	0.0	2.397289748484805	1.8063527042252518	0.0	0.0	0.0	74000	103.04540614217926	-34.36024210322091	279.9996386545992	039252_13	71	1	1	0	338	0.11943911461927015	0.22217366171528952	0	0.0	0	0.0	0.0	0.0	-1.0	0.0	0.0	210.57483028172834	0	0	2	0	0	0	0	5	91	1	5	0	2309.624268828309	9.5900654537754	13.818212892462302	24	0	1.2321960554878344	74004	111.21812787660001	-230.41406215812157	261.75964217474774	2308.9824963030223	111.62405680261307	-230.76796109520677	260.651362260414	5536.838582513818
1	91	0.0	0.9586777827337042	2.2275897476586977	0.7519515375258091	0.0	1.0895318247528945	2.4515983815129596	0.8819443311253958	-1.0	0.0	0.0	0.8341435239967533	1.9069093448486185	0.0	0.0	0.0	91016	-337.5121661367942	87.29189799872444	142.22719404930135	039252_13	119	1	0	0	1154	0.07963600978121882	0.1483862272182943	0	0.0	0	0.0	0.0	0.0	-1.0	0.0	0.0	757.2223077084634	0	0	9	0	0	0	0	33	1231	0	5	0	31317.192467028424	1.6087513347234919	2.0941954057518175	92	0	1.5581144597975085	91000	338.8764580836252	5.281656189501021	247.970098225308	4216.096956286732	339.6623590713183	5.95435231568888	249.13524209161164	26123.033286131667
1	37	0.0	0.28261615417369973	1.1061618335769807	0.16663713555276943	1.0	0.023512957317498823	0.6593464857030652	0.15166479094727414	-1.0	0.0	0.0	1.8996381476962068	2.062996024869679	0.0	0.0	8.295148319357454	37001	-166.92831257383216	335.94731141252566	77.96125157925957	039252_14	139	1	1	1	161	0.09633820517141789	0.026405431462895534	2	0.0	0	8.295148319357454	0.0	0.0	-1.0	0.0	0.0	100.92055105822159	0	0	1	0	0	1	0	33	169	1	4	0	59153.92731539287	0.7770345962111028	1.0060039386090185	0	0	0.5812793149221351	37003	-248.88108573540381	311.9016470632439	122.78882615353693	4337.748866183847	-249.32125266262574	312.0650882625472	123.13150047779634	112371.05691436896
1	62	0.0	2.0153425959183715	3.9974079809391205	1.7434578687755267	0.0	2.9132409359908586	5.4464932264597525	2.655238623277272	-1.0	0.0	0.0	0.8546933276224079	2.00973524246168	0.0	0.0	0.0	62000	102.37588824077784	-336.3006200611067	197.64053829742554	039252_14	134	1	1	0	75	0.13406626555088086	0.22693444874801394	0	0.0	0	0.0	0.0	0.0	-1.0	0.0	0.0	54.52541447391396	0	0	1	0	0	0	0	33	84	0	4	0	21885.708998292168	3.09309020492312	3.9308248690278376	28	0	4.5089336367465185	62001	101.96472149382555	-307.02688277882726	157.3746675594154	4068.8338020086067	102.32701501155653	-311.5181443293453	157.2079473373888	18705.569451126008
0	64	1.0	12.288153995711935	21.25121576714157	7.572748471532924	0.0	10.287777765022726	17.691435956682877	8.37727001627549	-1.0	0.0	0.0	0.0	0.0	5.5485116890500805	0.0	0.0	64009	287.1876407813312	24.709309467044644	1.5129824813150163	039252_14	198	1	1	0	137	0.3095247358996905	0.38131659538980905	0	0.0	0	0.0	0.0	0.0	-1.0	0.0	0.0	19.343393880325326	0	1	3	1	0	0	0	16	19	0	2	0	4552.213552373146	8.004667389985045	11.401998838013839	28	1	0.27894796065026956	64001	290.88636227234275	63.032393846241305	47.346154420307876	6284.6797870557375	290.6132663649256	62.99868127600744	47.39191524100852	2321.8539388939766
1	81	0.0	0.5774588910095874	1.6053618502314153	0.42811024266675357	1.0	0.18431173078452995	0.9606392465556479	0.13443040767073158	-1.0	0.0	0.0	1.6825890090454183	1.9069093448486125	0.0	0.0	1.2677874690739703	81001	339.6009688623352	-270.4136286383148	113.64490400555633	039252_14	170	1	1	0	162	0.08360230386881362	0.04058663026620868	2	0.0	0	1.2677874690739703	0.0	0.0	-1.0	0.0	0.0	105.60000000000016	0	0	1	0	0	1	0	33	177	1	5	0	52296.763493328595	0.9179524774502286	1.1884461930958263	16	0	0.3349709926100889	81007	242.8809580300364	-289.52518370824885	125.18403709803431	5279.502951435807	242.87014025868334	-289.63048957407307	124.86623335932731	87993.95946252237
1	84	0.0	0.37450577182815886	1.2450130490233184	0.23343887119667883	0.0	0.7777156356992374	1.9332302215583692	0.5833094407637017	-1.0	0.0	0.0	1.1432119460098589	1.9310021653838807	0.0	0.0	0.0	84000	135.03110258096623	-174.1741514558094	298.3767571851605	039252_14	75	1	1	0	250	0.03524683749154078	0.13848228821301278	0	0.0	0	0.0	0.0	0.0	-1.0	0.0	0.0	161.05285163440908	0	0	1	0	0	0	0	34	270	0	4	0	38764.56240201447	1.3541686145373397	1.7769290298365217	28	0	0.8651706843406654	84002	262.8429304354605	-126.65187508720877	233.46896473142775	2632.7138187811074	263.0941641274709	-125.89515186458217	233.80478002199533	44316.11081982757
1	117	0.0	0.34314526315627203	1.206661417546813	0.20479727422982621	1.0	0.1472266599632058	0.83839602410837	0.21877440222036298	-1.0	0.0	0.0	2.0099011122101027	1.9402771965303431	0.0	0.0	0.0	117001	60.771803898462714	334.35476185006735	37.511565421180784	039252_14	164	1	1	1	160	0.18610118940695913	0.10687118911085458	0	0.0	0	0.0	0.0	0.0	-1.0	0.0	0.0	105.71724534939771	0	0	2	0	0	0	0	20	163	1	5	0	50661.206690647115	0.8111987125458588	1.1082233968711384	0	0	1.0554263077389037	117002	-21.830495508250397	300.8630290366883	80.65239322361876	5084.908551388473	-22.828925279140414	300.92693908802346	80.31627094080157	101824.01567343753
1	32	0.0	0.4083943678651078	1.3299379600732384	0.2698311170814178	0.0	0.40249473082726106	1.3128537926516068	0.26085637887412405	-1.0	0.0	0.0	1.073634091888608	1.7452523292004152	3.9386138665077732	0.0	0.0	32000	-281.8252886999741	-136.48568305920807	297.8713531060103	039252_15	193	1	1	0	46	0.058183338302400245	0.11919308190561828	0	0.0	0	0.0	0.0	0.0	-1.0	0.0	0.0	32.95625381029529	0	0	2	1	0	0	0	17	56	0	4	0	49678.41641957908	1.0741657573976413	1.393827035756959	24	1	1.1361242368390534	32002	-294.79464781602184	-155.64162757844343	279.51903455947075	6372.453308281885	-294.8631421373057	-155.43936372854557	280.63490916914225	53336.4414990989
1	77	0.0	0.40050202792978384	1.3022312254341	0.2625431846884437	1.0	0.06048273038234588	0.7514601474753283	0.13813101384492604	-1.0	0.0	0.0	1.6367934055028106	1.8983828890199554	0.0	0.0	0.0	77000	222.86144994640563	-158.34762667869867	297.93055520879176	039252_15	184	1	1	1	165	0.11154230170884127	0.027429498901356264	0	0.0	0	0.0	0.0	0.0	-1.0	0.0	0.0	112.53534469843092	0	0	1	0	0	0	0	34	188	0	4	0	55647.663032634504	0.8268703890042094	1.0586920762241914	0	0	0.3598630363602268	77002	176.44327830706158	-107.24868731902477	219.77367763841852	6199.676947580266	176.26903848434875	-107.27067702649188	219.45957838358828	91083.72788345869
1	81	1.0	1.0085310198469082	2.3277110012132356	0.8364792298633202	0.0	0.10172083047604269	0.665752496371984	0.14048850289595327	-1.0	0.0	0.0	0.6513914629494003	1.9096239395010286	0.0	0.0	0.0	81001	320.17721414650015	177.03531021080983	1.5663210749504963	039252_15	83	1	1	0	315	0.07886555508841941	0.10495192736951897	1	4.939951007794084	1	17.30995620172371	17.30995620172371	53.76182405931129	81.71833647834978	9.397437164618696	0.6290185572616598	206.375009795928	0	0	1	0	0	0	2	32	344	1	5	0	61416.67569950674	0.775092936489216	1.0058880473664114	28	0	1.696084077974144	81003	302.8090994912746	27.91516286440584	108.51019420123141	2667.1046652368145	302.20113792832797	27.985058205629713	106.92836027227045	40006.29823339058
1	82	0.0	0.4117028645299873	1.2061071277490647	0.25313892493105655	1.0	0.3229252908799288	1.1703679944011594	0.28513606034915395	-1.0	0.0	0.0	1.8367828096948424	1.6927582178310723	0.0	0.0	0.0	82001	329.7955021056346	66.04352920190735	1.4436505429564552	039252_15	138	1	1	0	49	0.1895232515503893	0.10394183811058405	1	0.0	1	9.964434804896847	9.964434804896847	12.155075350018294	125.91883372036789	4.932389009929784	0.9201427280973495	34.71394432440377	0	0	1	0	0	0	1	17	59	1	5	0	53888.90260073001	1.0146483023256148	1.313643597876068	16	1	0.601883635721927	82002	332.0038940375799	43.113490759793	19.264569219150218	4824.482008828824	332.01876519447603	42.51179402284641	19.26651765191506	98982.20993034057
1	91	0.0	0.3903159927875329	1.2979551640005937	0.26590014674288875	1.0	0.04875094561269249	0.7350034650446682	0.1282195238705293	-1.0	0.0	0.0	1.771340633361618	1.9299426070241887	0.0	0.0	13.00270815868851	91000	339.90039272191547	253.57781378275521	259.6106360335942	039252_15	126	1	1	1	280	0.08931892165441302	0.021524843641616997	1	0.0	1	16.196110952901947	16.196110952901947	36.46225162012705	36.35349205922179	11.175566857687073	0.9512933404993797	180.50446014499005	0	0	1	0	0	1	1	33	302	1	5	0	56893.96560499569	0.8097690224988902	1.0523453026571246	0	0	0.4419272236799383	91002	183.3823163193993	175.015672939483	248.65972550054477	4512.818310356656	183.14235923890283	174.64676995364601	248.6193416227019	100778.59306920717
1	32	1.0	0.343274404492392	1.2220243968650248	0.27811795425655345	0.0	0.16751036878218675	0.7967833356504573	0.07621359019501214	-1.0	0.0	0.0	0.11194327777717418	1.9075976952646307	6.102768520748428	0.0	0.0	32003	-5.203779020514446	-85.50326251774813	193.71967733056417	039252_16	50	1	1	0	207	0.07940242862841373	0.1540965802814107	0	0.0	0	0.0	0.0	0.0	-1.0	0.0	0.0	134.88707527247303	0	0	2	1	0	0	0	34	227	0	5	0	56975.253138072425	0.8271843414921438	1.08041368882817	28	0	0.0027983528909847465	32000	-127.21593102051447	-76.03666355889814	209.19217865774485	1869.0197944894855	-127.21593102051447	-76.03747825379347	209.18950152287152	6377.996588460056
1	33	0.0	1.123081196298604	2.5065840406343693	0.9240539725569417	1.0	1.0022066601474742	2.3203721278099216	0.8352542393385572	-1.0	0.0	0.0	0.8324612068030544	1.9377889691590773	0.0	0.0	0.0	33025	-298.9325071555756	-212.74536092953485	298.1763888558638	039252_16	104	1	0	0	218	0.14677543375456814	0.06553895835793311	0	0.0	0	0.0	0.0	0.0	-1.0	0.0	0.0	144.26767215598005	0	2	5	0	0	0	0	33	245	0	5	0	35370.62322383124	1.5510850984557918	2.013688144378979	84	0	0.043046013838578014	33001	-249.6222596281509	-334.91618818724737	295.9813798210397	3277.334251799858	-249.5971405039997	-334.9510714236798	295.98364890130813	29444.67169428669
1	40	0.0	0.16548872280889748	0.8632311868734103	0.04235064965469783	1.0	0.1485053357192657	0.4177847645557321	0.2450650670226569	-1.0	0.0	0.0	1.7210166946353078	1.9069093448486194	0.0	0.0	1.3878814748978492	40001	-3.3007596687493055	42.24699687150836	32.50074914217069	039252_16	144	1	1	1	111	0.07456832670122437	0.027443720153763396	2	0.0	0	2.8904723179664953	0.0	0.0	-1.0	0.0	0.0	72.55316821932104	0	0	1	0	0	2	0	33	122	0	5	0	68773.48392479974	0.663621635223701	0.8591714989738082	0	0	0.17543812846354678	40000	-63.43249222669378	78.69009201309429	42.10423247174704	4750.763523773743	-63.555645055800916	78.81419248372711	42.08970694971129	118360.31398281333
1	88	0.0	0.4406121688780755	1.3725921093963307	0.30237679827679287	1.0	0.07500796554850286	0.7673420239980264	0.15227166118066318	-1.0	0.0	0.0	1.8227996596234408	2.0050463560744274	0.0	0.0	0.0	88000	339.55602239862276	122.87310866587832	298.1262843195543	039252_16	120	1	1	1	463	0.11844207437486443	0.044277763034024864	1	0.0	1	14.00832173667321	14.00832173667321	23.62955172480766	60.77351153016873	8.2487034484467	0.9264338015267638	308.3085450295862	0	1	2	0	0	0	1	33	495	1	4	0	62102.416676584944	0.8269256636362426	1.066758650198015	0	0	0.2107379567050181	88002	232.84268372346736	-39.58453982427328	94.97578138483962	4013.60641437116	232.78777766353136	-39.76815499338396	94.88813846926188	113200.26397987214
1	98	1.0	0.28875540685706735	1.127488122884517	0.2128365286216831	0.0	0.3784448918379939	1.1506669964524723	0.16793327251196413	-1.0	0.0	0.0	0.13829748801796365	1.6490164906968765	0.0	0.0	0.0	98001	339.6567067961184	-264.9179140771491	255.60117536891434	039252_16	77	1	1	0	26	0.17889876439099328	0.2826032338250001	0	0.0	0	0.0	0.0	0.0	-1.0	0.0	0.0	16.200000000000042	0	0	1	0	0	0	0	11	28	1	5	0	71350.40804053265	0.8290605659939709	1.2708121482456602	28	1	0.6946797528028151	98002	326.10009419054387	-271.4597237721852	254.47254597351838	2637.754977868603	325.7348638146907	-271.75952838600716	254.98176490977215	9867.582201062382
1	110	0.0	0.4568591627224099	1.4158304378215283	0.33599821603910895	0.0	0.1606934449186644	0.8186145571969827	0.06576134639260503	-1.0	0.0	0.0	0.22725021266020273	2.0632449348442137	0.0	0.0	0.1727187608012351	110001	244.06864051021518	262.25012073570053	1.2990119519499177	039252_16	166	1	1	0	248	0.06191202679133967	0.13742320106417238	2	0.0	0	0.1727187608012351	0.0	0.0	-1.0	0.0	0.0	155.64041901769266	0	0	2	0	0	1	0	33	261	0	4	0	55498.0932444429	0.8454803250957598	1.095757186432629	28	0	0.1131933117587137	110000	114.25537866192349	269.1010224350557	73.20470020384327	5503.069074253267	114.17858886690388	269.1783452410695	73.23531452856068	12611.953492035409
1	80	0.0	2.3335039740349295	4.50923304808731	2.1539537736306613	0.0	0.749704345471177	1.8630122444903763	0.5849061030630403	-1.0	0.0	0.0	0.27643844091772457	1.9540369398669069	1.1803507312386927	0.0	0.0	80006	203.24873083473736	-215.7774224821307	294.9342667412804	039252_17	213	1	1	0	225	0.13816567467684682	0.22972868938604063	0	0.0	0	0.0	0.0	0.0	-1.0	0.0	0.0	168.87694905023278	0	1	4	1	0	0	0	34	274	0	4	0	35245.46662117573	1.3416025014775086	1.725419567750557	28	0	1.3324877496375676	80001	207.3476721148533	-122.09992851644293	203.7458390287488	6376.642948627677	207.4774068846935	-120.98127685791947	203.0335813792206	9743.20184217552
1	88	0.0	0.5202129680175647	1.5213553732955587	0.3875615866458439	1.0	0.4556064220839258	1.3390292739773568	0.4346120171098778	-1.0	0.0	0.0	3.5570903265793885	1.9069093448486227	0.0	0.0	0.0	88001	206.70351674032017	335.5107351499663	98.24485284040249	039252_17	121	1	1	0	98	0.3111376275928472	0.21770668958206157	1	0.0	1	18.76421695639804	18.76421695639804	32.638647435143234	87.5031513416337	10.367677748641244	1.2235752948902805	68.46155438622446	0	0	1	0	0	0	1	33	115	1	5	0	31060.508983880278	1.087582605378243	1.4080613526195254	16	0	0.6184277993727234	88004	201.74588419070832	291.259769495603	137.85477022751002	3784.321065958371	201.3494773450464	290.90513069472047	137.53926131058697	110485.03604519273
1	90	0.0	0.8274402293291183	2.026132334645517	0.6605483595112212	0.0	0.5139630017075137	1.4809901810485864	0.3549555612360858	-1.0	0.0	0.0	0.9540660720299274	1.9072128551807486	0.0	0.0	0.0	90001	315.1117563371301	335.7305138570726	73.86462184976655	039252_17	121	1	1	0	311	0.06754556922315991	0.16463439467493568	0	0.0	0	0.0	0.0	0.0	-1.0	0.0	0.0	193.66950825753221	0	0	5	0	0	0	0	33	323	0	5	0	44973.77383701661	1.1550203727210844	1.4979233475757825	28	0	0.15779376267856088	90000	310.3303989869561	214.55353968608966	178.58023241964122	3784.321065958371	310.3736992608997	214.4093206955779	178.53306420372803	42907.951749044754
1	91	0.0	0.44467600731510765	1.4038401359005364	0.10138511342475082	0.0	0.4334833022771365	1.3757989391057697	0.07253883309988333	-1.0	0.0	0.0	0.7119751684640342	1.6643388150143599	0.0	0.0	0.0	91001	339.7511987747284	327.39678200289126	51.38282907345986	039252_17	116	1	1	0	8	0.06525157255244474	0.16124794593612612	1	0.0	1	7.272484496826794	7.272484496826794	10.437112020981527	47.785215758795886	4.350005570687134	0.9640166507046648	17.11621036568716	0	0	1	0	0	0	1	13	30	1	5	0	61638.37861901772	0.9411697161211751	1.4190011459003944	30	1	15.67041851121859	91003	321.21196554323717	324.18917876511586	50.70713317331561	3550.705480274272	336.49083154423613	327.5954877334705	51.424997542376424	43884.99500112506
1	104	0.0	0.37601114598488733	1.2607857464598988	0.23091457276606558	0.0	0.1737022701595267	0.40035777658131166	0.24785862238402961	-1.0	0.0	0.0	1.505580515156034	1.9069093448486192	0.0	0.0	0.0	104001	69.71902298162811	-332.35009885381226	107.1940651766517	039252_17	64	1	1	0	302	0.05257819962105548	0.0713640370387244	0	0.0	0	0.0	0.0	0.0	-1.0	0.0	0.0	319.61075794041733	0	1	3	0	0	0	0	33	336	0	5	0	70618.26172464262	0.6535483103018503	0.8461298601643092	24	0	2.4097548692159845	104003	-61.72123440386631	-220.4226121902759	177.24834065489773	2190.622974303078	-63.44325041536142	-221.93728113367806	176.50850460700764	106321.47886681107
1	30	0.0	0.1158791846911252	0.7316693555549526	0.05980401608241594	1.0	0.045753181674764984	0.6679978414828912	0.12646947150199866	-1.0	0.0	0.0	1.494889321510369	1.906909344848619	0.0	0.0	0.0	30001	-97.61303882404256	13.576163902005874	11.121742686185563	039252_1	38	1	1	1	211	0.06454542331447677	0.04853773775187309	1	2.281610089004235	1	31.946860805404423	31.946860805404423	64.886617973979	58.26817963699075	15.40634132717624	0.878094184053703	132.7367498803508	0	0	1	0	0	0	2	33	222	1	5	0	66677.96086059525	0.780255786526057	1.0101743193869854	0	0	0.381205636189182	30004	-167.5157169684691	38.21608181647388	116.14762612962984	1437.1217044065513	-167.5741259797009	38.17652845513622	116.5222481472372	99676.17167059018
1	36	0.0	1.3470101125051417	2.8285438736333193	1.1342011750762777	0.0	0.31858397262675625	1.1423495077979298	0.17676970983590515	-1.0	0.0	0.0	0.5649978129633131	2.0629960248696912	14.329653978597417	0.0	0.0	36006	-76.80483587401613	-327.0661932642114	104.245783752646	039252_1	149	1	0	0	352	0.058274220919162456	0.1452633030508681	0	0.0	0	0.0	0.0	0.0	-1.0	0.0	0.0	236.69136192046327	0	1	8	2	0	0	0	33	401	0	4	1	51756.179378485394	0.999410543574543	1.293907566054141	92	0	1.4662586196254561	36000	-158.55877521923904	-323.89137388624016	298.4293314073928	4871.767905113316	-157.53800031453926	-323.0712047466924	297.7695924316648	29242.12815618117
0	109	1.0	0.3546965526264888	1.2396217136362133	0.2839026843699557	0.0	0.27314529758911293	0.6072014034095972	0.2235498797202345	-1.0	0.0	0.0	0.0	0.0	9.636210987380474	0.0	0.0	109000	339.85202810614015	4.552958396946947	241.73811771858703	039252_1	148	1	1	0	838	0.21684033546883424	0.26212023599262274	0	0.0	0	0.0	0.0	0.0	-1.0	0.0	0.0	552.7037264260085	0	0	6	2	0	0	0	34	897	1	1	0	93746.19422351172	0.7910654896454702	0.9411146135832349	28	0	0.33557111341584284	109005	-56.388781587465246	-287.70356412158515	80.43382491790383	4838.08894441829	-56.14453463782329	-287.7157805012293	80.66361212341829	2506.107504399898
1	39	0.0	0.14639968226835914	0.6712676974258651	0.12190410161987594	0.0	0.34234556330913773	0.9583590689601472	0.1902403091313514	-1.0	0.0	0.0	0.6520642938837924	1.9063232794803582	0.0	0.0	0.0	39001	-157.9228327624387	-335.92885883004783	99.79488183834391	039252_2	54	1	1	0	64	0.21364333813751968	0.3120273823835279	0	0.0	0	0.0	0.0	0.0	-1.0	0.0	0.0	43.196171855937884	0	1	2	0	0	0	0	34	73	0	5	0	64528.64192705845	0.890656958213837	1.1553794572105898	28	0	0.0571987063052435	39004	-192.3318139034681	-322.24510799693473	107.8628900489546	2034.6743011806936	-192.3388947405076	-322.29888806270674	107.88103552429611	42076.82333344745
1	55	0.0	0.18380687201994778	0.5097981558060254	0.21597658565435202	0.0	0.12100017030652142	0.49201348819495666	0.22911105478936447	-1.0	0.0	0.0	1.3756767193387733	1.6979384063775915	0.0	0.0	0.0	55000	-250.9629799305118	47.77615451003668	297.9774531445306	039252_2	135	1	1	0	48	0.05399912048154232	0.05933819862624268	1	2.93059779178157	1	25.7624886714406	25.7624886714406	49.59714019912185	72.10882380092539	10.708373666034207	0.9877027859768984	30.57401989856117	0	0	1	0	0	0	2	17	52	1	5	0	76690.29739628929	0.6754463316292472	0.8991422835585705	24	1	0.9553342216658989	55002	-274.35998218350005	52.333552608928336	280.6253321633227	4913.87378188199	-275.31476431378405	52.34733549512604	280.59592823799983	105501.05672724212
1	79	0.0	0.3883876758783262	1.2883068384976546	0.28580715571099585	0.0	0.978792051585771	2.2111254193452115	0.7772214379929581	-1.0	0.0	0.0	0.0534834135012904	1.9187217661709834	0.0	0.0	0.0	79000	130.2872587807695	-333.60511422342626	146.62290702429846	039252_2	108	1	1	0	209	0.2502338259542728	0.3428976362182464	1	0.0	1	2.459086383890857	2.459086383890857	10.300285427575227	69.50547659317489	4.302391982267355	0.3145564174562646	152.9510141291592	0	0	1	0	0	0	1	33	256	1	5	0	55722.30004932836	1.4888479448179035	1.9307894859909847	28	0	2.0003479902896357	79002	131.9201480010682	-272.96584272802664	35.315440475575954	4055.8144812698415	131.0118750209012	-273.36724766932184	37.05190422378901	2980.218814781203
1	83	0.0	0.14732294873313237	0.7526291664967464	0.09488289466649018	1.0	0.06112225418090073	0.7477267185903502	0.12613988266331516	-1.0	0.0	0.0	1.5735583034375045	1.831315937427643	0.0	0.0	0.0	83001	339.6105686509352	27.57188252540024	116.7048728890283	039252_2	174	1	1	1	49	0.06542975581439947	0.043523175347523035	1	8.749601918318929	1	21.29432706783712	21.29432706783712	48.16621692722162	79.80152087438172	4.641200358806201	0.7116954154093637	30.112229326155205	0	0	1	0	0	0	3	17	51	1	4	0	62522.56952831805	0.7892658784039968	1.053687456467564	0	1	0.6084883065007218	83006	312.85114224332364	15.328286842207067	115.17587591945389	6040.182341889923	312.2976208212678	15.089193877068379	115.25776980502901	98382.90843353356
1	86	0.0	0.5015999379022814	1.4716895354783717	0.36312002236066365	1.0	0.08672945663276235	0.7939419849174282	0.11727645159710419	-1.0	0.0	0.0	1.7830783845971492	2.062996024869702	0.0	0.0	0.0	86001	339.00603825657214	-252.73908658346517	93.38935916640935	039252_2	192	1	1	1	98	0.08802276818945054	0.03527895689207572	1	8.843898905093	1	27.62245282361349	27.62245282361349	75.24908024353776	82.73069370281789	13.778558353734502	0.7269662918573883	65.67351918353653	0	0	1	0	0	0	2	33	110	1	4	0	54825.80838376	0.8400290036846718	1.0875609533645565	0	0	1.576948237911995	86002	282.2695699916734	-231.86432593435134	103.43690664264656	6484.3996280331285	282.92515703014817	-233.26288481877427	103.11909470637082	97758.71384714762
1	103	0.0	0.8489677112550205	2.0630407796071375	0.6817719955388226	1.0	0.08359737302356168	0.7854526686998714	0.12106421605384943	-1.0	0.0	0.0	2.035067629340595	1.9069093448486245	0.0	0.0	0.0	103001	323.6347906444047	153.02603783358978	1.9921360911765653	039252_2	158	1	0	0	134	0.09728332247202237	0.04048677842333459	1	10.729765117054473	1	22.220037775595124	22.220037775595124	58.637121706669014	106.79687897156641	4.383573249318774	0.873373580774274	91.88852334756025	0	0	1	0	0	0	3	33	154	1	5	0	51369.41784450553	0.8357439233964191	1.0820131853909596	64	0	0.19100398826699236	103003	339.25818513918165	87.55459328662424	49.89963649143151	5700.205716108196	339.18782152592235	87.42977771785873	50.02593993262268	104540.23939342432
1	109	0.0	0.36444137761625345	1.2255046324465615	0.2180476094702436	1.0	0.08300541238872598	0.7660756949298121	0.15221080722567817	-1.0	0.0	0.0	2.466577498654454	2.0627219295577284	5.589426204390357	0.0	0.0	109001	339.70057063131827	141.17385047327673	195.69969256341716	039252_2	107	1	1	1	239	0.1211919988983784	0.053017969309791635	0	0.0	0	0.0	0.0	0.0	-1.0	0.0	0.0	151.1449678104621	0	0	3	2	0	0	0	34	254	0	4	0	44939.748048488625	0.8261261258547661	1.069869042017618	0	0	0.2926056720669977	109000	219.30152546954668	197.29086625871315	254.2832897738494	3955.4655247191404	219.56748606211713	197.34586728373355	254.17439565200593	110847.37133160247
1	113	0.0	3.741736835362198	6.854049001659218	3.271768646544228	0.0	1.3928997972454271	2.972694473638746	1.084812121899038	-1.0	0.0	0.0	1.6534922697724637	1.9934521878890463	0.0	0.0	0.0	113003	338.2238270075701	-168.03319285562776	230.0270827902653	039252_2	147	1	0	0	112	0.12883888827338927	0.1510426615388335	0	0.0	0	0.0	0.0	0.0	-1.0	0.0	0.0	71.4709004113602	0	1	2	0	0	0	0	22	107	0	5	0	16964.741855775825	1.7873830912971245	2.403248838233916	88	0	0.8419918000538192	113001	336.32121870616686	-128.36027643944755	188.00521124732782	5328.285938912855	336.0067862870325	-128.3564046421894	188.78627939694167	28051.069517210686
1	40	0.0	0.21047794245628298	0.8799118107322647	0.04347423732513538	1.0	0.07230628691877726	0.5628968705917455	0.1702728944364945	-1.0	0.0	0.0	1.9101373631002718	2.062996024869685	0.0	0.0	0.0	40001	-75.34496252148946	-326.1761678635677	118.15411889790434	039252_3	147	1	1	1	414	0.06386783818018626	0.042212011706900754	1	0.0	1	20.56079799450087	20.56079799450087	53.746352593975764	126.18426550949104	14.334857670031628	0.8220657004456825	264.9032242054155	0	0	1	0	0	0	1	33	442	1	4	0	63171.216277851454	0.7309887946331397	0.9463897876179144	0	0	0.0729051763096951	40000	-265.6265455343079	-188.02487360402174	224.61452819840179	4700.505066032041	-265.56534696727795	-188.06176174329713	224.60006564997406	120665.70048481214
1	45	0.0	0.6986056300478113	1.8504003088019694	0.2129998100675964	0.0	0.7238124453892809	1.8592329223952526	0.18343079273213567	-1.0	0.0	0.0	0.32865284922232124	1.738483206467179	0.0	0.0	0.0	45000	-253.63055275100504	335.5361438601829	233.77732204645253	039252_3	105	1	1	0	20	0.11555481535130252	0.2234815101564016	1	0.0	1	18.62994639248215	18.62994639248215	23.132884996764965	22.34349798673881	8.12149438433688	1.1584105035449301	13.199999999999935	0	0	1	0	0	0	1	6	23	1	4	0	51782.990468699514	1.0636583747809742	1.7114123587256647	28	1	1.4362182660283724	45004	-247.42928529812258	328.7533969013857	226.7310841595335	3240.931145828971	-247.42197838044632	330.0397454625634	226.09235346840956	17018.6273587904
1	68	0.0	1.1343125746813636	2.5132148946578754	0.9391419039869298	1.0	0.03678201439663552	0.6626113871752722	0.13498568170375772	-1.0	0.0	0.0	1.5963806898024209	1.906754022532065	0.0	0.0	0.0	68000	260.64846027088424	-112.00367495373034	298.22746069115317	039252_3	83	1	1	1	342	0.0693037254059492	0.040038727392209816	1	0.0	1	20.834579783538093	20.834579783538093	38.05088477853593	82.45264967527797	11.49777601060425	1.0402378319288081	222.2068038915523	0	0	4	0	0	0	1	34	371	1	5	0	58028.790846604636	0.774940272563013	1.0066749839266385	0	0	0.30661378029437125	68009	154.76016928453012	-91.80562510272777	117.26956298762354	2602.1803280648614	154.98227896115628	-91.66270216276757	117.4252945998561	92636.04116010311
1	74	1.0	1.0872785999885275	2.4601386137108743	0.9375448452267301	1.0	0.12244322413415996	0.8534448718634049	0.10634638536254251	-1.0	0.0	0.0	1.968923196656228	1.9114665157807835	0.0	0.0	0.0	74000	339.79024477725267	-269.60244686905895	214.46986049910487	039252_3	166	1	1	0	152	0.0812074259451519	0.04053234311752707	1	0.0	1	14.2117413509071	14.2117413509071	41.64557817646342	117.92397828603296	12.200316177715482	0.5837817480004397	87.75183408058572	0	4	5	0	0	0	1	34	152	1	5	0	49209.54371882295	0.8708073057556681	1.1240939735731603	16	0	1.7789072251733455	74002	297.74876076205453	-265.2840473352988	145.88610888260575	5525.719977720475	297.276292988763	-263.8833581722753	144.8964852230445	96889.81212485928
1	75	0.0	0.2245753543803066	0.9778747863958543	0.08729017311632922	0.0	0.22102928234393446	0.9778115120411404	0.09256701827581343	-1.0	0.0	0.0	0.5170577135289688	1.6927582178310716	0.0	0.0	0.0	75001	230.7722139633194	-335.990205196582	20.703298042718025	039252_3	62	1	1	0	51	0.054413812057445665	0.12492456389479023	0	0.0	0	0.0	0.0	0.0	-1.0	0.0	0.0	33.02719402409271	0	0	1	0	0	0	0	17	56	0	5	0	61999.89361358005	0.911381745894298	1.1927964715349568	28	1	1.7631776934256984	75000	216.78337970556436	-311.4799755832215	34.09798563818292	1960.2839167644854	216.08563836895286	-313.0510097709956	34.490164406887196	32057.52323087701
1	90	1.0	11.67323686208604	19.814517887677265	9.975689347651603	0.0	6.877394186890755	12.062041185251442	6.185098069558026	-1.0	0.0	0.0	0.7333108312638056	2.0629960248696784	0.0	0.0	0.0	90001	241.70182184632694	145.69936167194766	4.758319114859141	039252_3	150	1	1	0	146	0.19446635571572418	0.2727112492466917	0	0.0	0	0.0	0.0	0.0	-1.0	0.0	0.0	103.66333645245284	0	0	2	0	0	0	0	33	149	0	4	0	14185.201251257551	6.127160331792696	7.92513271786452	28	0	2.106505130542984	90000	244.19484411078446	214.91638394472062	14.535299632998832	4910.352809212195	246.2722055127846	214.8651635511382	14.189886920775873	10402.16172120405
1	55	0.0	0.5764369962891376	1.5853545512207545	0.4097113926240491	0.0	0.6313818252111384	1.652228197154206	0.47754237448834036	-1.0	0.0	0.0	0.3250719229621484	1.8954178139436075	1.5256744032393765	0.0	0.0	55000	-207.49223595913463	-335.21888109291945	294.87093226793274	039252_4	141	1	1	0	238	0.1547747633795098	0.24392533187406928	0	0.0	0	0.0	0.0	0.0	-1.0	0.0	0.0	151.06630868207952	0	0	5	1	0	0	0	34	254	0	4	1	51712.30706336492	1.2438835525247647	1.5919140691797764	28	0	0.2185349617831665	55001	-109.6054194288547	-237.5459952060525	278.5550178295003	4884.004395379384	-109.40016883744792	-237.47096423808026	278.554738376672	16810.219097897123
0	69	0.0	0.9658344960441931	2.1947257081755978	0.6597689745464435	1.0	27.29014388146119	44.25387382024776	10.310063719691538	-1.0	0.0	0.0	0.0	0.0	0.0	0.0	0.0	69008	13.690628990632671	-284.98126036487224	290.15521402130395	039252_5	65	1	1	0	288	0.2791947643039885	0.2042851503799794	0	0.0	0	0.0	0.0	0.0	-1.0	0.0	0.0	172.70525220493408	0	0	3	0	0	0	0	0	44	0	4	0	0.0	11.924994577806656	29.07060087873883	20	0	0.30156531310686985	69001	155.687780295078	-259.9277811644176	260.624999999998	1979.2863133999995	155.3862153241683	-259.92823545098594	260.62499636846184	2739.377137800183
1	73	0.0	0.875847863483313	2.101176494386591	0.7115475430151865	0.0	0.9074234266827149	2.156056777679836	0.7260840799589876	-1.0	0.0	0.0	1.4981505673029865	1.9062444225017205	7.443780156485613	0.0	0.0	73010	197.7515041916031	-46.53864068227925	1.5141443591723078	039252_5	71	1	1	0	102	0.08886824559668027	0.14595559663553243	0	0.0	0	0.0	0.0	0.0	-1.0	0.0	0.0	62.327656088983076	0	1	3	1	0	0	0	34	105	1	5	0	43109.96373391731	1.4684655336811563	1.9088003597614531	24	0	0.3375716490345093	73013	189.70930819590313	-94.09041780946656	27.134052107000894	2203.716792482567	189.71078214407922	-94.37557726202402	26.95339626755534	64585.21662437939
1	26	0.0	0.16307176201366122	0.8395078984304256	0.06611296033678084	0.0	0.13650415379119007	0.7883519098961947	0.03649677680971191	-1.0	0.0	0.0	0.9880905341898789	2.0020499491617674	4.839293451717939	0.0	0.0	26000	-339.7287004237911	-26.31888507637897	295.900860051219	039252_6	156	1	1	0	386	0.033181704076415186	0.11924066829413882	0	0.0	0	0.0	0.0	0.0	-1.0	0.0	0.0	246.57984123944865	0	0	2	1	0	0	0	33	408	0	4	0	62584.93903846675	0.8345058063075141	1.0746500872980032	28	0	0.3875590393299545	26001	-153.5689833029548	-48.49510086490057	150.58400140789618	5053.710612777052	-153.4118076403185	-48.140926911385904	150.57634433972427	61839.58584675962
1	88	0.0	2.0968846867495627	4.091516015300983	1.777592680154438	0.0	4.968460868984262	8.902361962267221	4.449608079555714	-1.0	0.0	0.0	0.3064615454914569	2.060057992300883	0.0	0.0	0.0	88001	272.56483151208903	-259.10986389950693	286.3621150799424	039252_6	159	1	1	0	117	0.2432761350451981	0.29036415496300527	0	0.0	0	0.0	0.0	0.0	-1.0	0.0	0.0	68.34027184673361	0	0	4	0	0	0	0	35	119	1	4	0	21184.718863513135	4.642719147844411	5.9995077563490495	28	0	0.4734051563626009	88010	273.192369811966	-190.2479632664343	285.8171572608648	5079.617667862729	272.8199909566446	-189.9628920581326	285.88181664825436	6492.301683714256
1	90	0.0	0.41161860269671774	1.3124395997189564	0.2651337973615798	0.0	0.3039388653174822	1.1528886764466009	0.19469996860835456	-1.0	0.0	0.0	1.006941437791716	1.9494686711109226	0.0	0.0	0.0	90000	265.77916889349177	-330.59751708649776	228.49142700456815	039252_6	63	1	0	0	101	0.040948989917738654	0.08268512225969571	0	0.0	0	0.0	0.0	0.0	-1.0	0.0	0.0	64.41669918627574	0	0	1	0	0	0	0	34	108	0	4	0	52936.45272653349	1.0112362226702263	1.3011728490665306	92	0	0.2789674325053685	90001	211.6590623683249	-336.307599573933	200.88995219207317	1983.5699692495466	211.43648094690366	-336.36124497102867	200.73057054128742	53303.907820048844
1	98	0.0	0.7160645283083503	1.8143373162078917	0.5517299542800433	0.0	0.41333784869759915	1.3241500612574362	0.28634970546782207	-1.0	0.0	0.0	0.6125137393890717	1.9412448457382792	5.200031478621492	0.0	0.0	98000	184.82462476757624	335.13813539278686	53.45480805190056	039252_6	95	1	1	0	117	0.03164650201479708	0.12467383191455739	0	0.0	0	0.0	0.0	0.0	-1.0	0.0	0.0	74.31033637194815	0	0	4	1	0	0	0	34	126	0	4	0	47542.984157007326	1.0948219173257996	1.403155268083628	28	0	0.028543955899772305	98001	248.42233102384597	320.95828495232195	41.62665982683227	3132.3174817309687	248.44938872088974	320.9673526710195	41.62730397488877	29120.731007723953
1	100	0.0	0.5593414840609523	1.5489981658507914	0.3975214929932014	0.0	0.11465651156761777	0.7545631096297666	0.10430777161064818	-1.0	0.0	0.0	0.8681279033382204	1.8747471376446905	0.0	0.0	3.7633131350886657	100000	339.765204565461	166.84671564955102	69.81223603414465	039252_6	218	1	1	0	160	0.07212330285787644	0.10566904933758425	2	0.0	0	3.7633131350886657	0.0	0.0	-1.0	0.0	0.0	103.61948469801946	0	0	2	0	0	1	0	33	174	0	5	0	59901.63806086386	0.8174445670754912	1.058813610512312	28	0	0.19022828071661663	100001	270.5401248686851	215.23886412312513	16.59336963115063	6849.110661371824	270.6269035624076	215.08213622764	16.657343249752536	52002.283456302684
1	106	0.0	0.3242764360647138	0.35459068911362457	0.3849016052086287	1.0	0.25950795494461265	0.274666234912775	0.40228748011069176	-1.0	0.0	0.0	1.5761642628995072	1.7082278211021082	0.0	0.0	0.0	106000	241.1845117740043	336.25084723776575	173.92804178693163	039252_6	151	1	1	1	36	0.12187859018423697	0.07366870226976042	0	0.0	0	0.0	0.0	0.0	-1.0	0.0	0.0	23.664750417062503	0	0	1	0	0	0	0	16	40	0	4	0	100145.67181945329	0.5456050515723818	0.757005935535279	0	1	0.5587843144969133	106001	219.98549950087408	328.8576626398886	168.58426656373177	4968.4261339132145	220.51658495115356	328.88920845772446	168.75512620205015	157846.02900588454
1	114	0.0	0.2204018148757728	0.981418300036837	0.08843161023162864	0.0	0.19368898109673127	0.9259854538084654	0.05066682146890675	-1.0	0.0	0.0	0.9933124630543293	1.8875736530945668	8.983158848009001	0.0	0.0	114000	41.36235637497102	82.026569007566	287.2569402979474	039252_6	162	1	1	0	340	0.018695496814864487	0.11628144994970657	1	0.0	1	2.9601941773043707	2.9601941773043707	3.725001881237682	23.549847466547106	1.7314330400623184	0.9468813607614048	224.1485222323418	0	0	3	2	0	0	1	34	360	1	4	0	58612.38955193263	0.8905236643794544	1.1629608483580005	28	0	1.1978840948271965	114002	-130.11878239109282	64.8107948883555	150.4410300429642	5202.604248867539	-131.23242852612648	65.1150538521101	150.12142861377532	58220.41703133004
1	32	0.0	0.6180772261323867	1.6798568587352516	0.48066017783982123	0.0	0.37520961432473127	1.2338880189023447	0.22952078838338133	-1.0	0.0	0.0	1.2445110103475716	1.9067526405914397	0.0	0.0	0.0	32005	-273.23821658225603	-187.67519934512697	1.2929547520498825	039252_7	95	1	1	0	708	0.08818973177859596	0.16256409520278858	0	0.0	0	0.0	0.0	0.0	-1.0	0.0	0.0	453.5410800899608	0	0	5	0	0	0	0	33	757	1	5	0	63552.39199270241	1.040502063320453	1.348222959800728	24	0	0.9687321996242059	32013	-92.62240333424877	166.3882576733824	153.2541521510554	3406.3070754005057	-92.48121782662872	166.34661790028582	152.2966685447606	79091.651568843
1	34	0.0	0.3731112188628056	1.1244003100048732	0.214347664858664	0.0	0.3017940688452632	1.136444021901977	0.17343295095091646	-1.0	0.0	0.0	0.9919865822452386	1.8760377378084006	0.0	0.0	0.0	34000	-208.44998480369236	-148.00372675925698	298.4116500760166	039252_7	150	1	1	0	221	0.05506258253653076	0.10067687397952174	0	0.0	0	0.0	0.0	0.0	-1.0	0.0	0.0	140.21669734285348	0	0	1	0	0	0	0	33	235	0	4	0	53322.44253211007	0.9914367161836362	1.293102244535728	28	0	0.21751713939263925	34001	-331.90981059648635	-96.98317930826656	272.63838077535877	5272.882877852171	-331.77276151895467	-96.81426765921437	272.6387140796351	52895.147524396016
1	37	0.0	0.7983509047465928	1.967320461177147	0.6111276949888492	0.0	1.3426483659132336	2.884300124235892	1.131961384448855	-1.0	0.0	0.0	0.4613483261213179	2.03089577742896	11.677367379125823	0.0	0.0	37000	-320.15089608585384	-335.8109609872683	293.12427436447814	039252_7	144	1	1	0	147	0.09515024186790688	0.143096565003345	0	0.0	0	0.0	0.0	0.0	-1.0	0.0	0.0	96.21702477679193	0	0	5	2	0	0	0	33	162	0	4	0	29425.18701007795	1.8154277929578322	2.350920719014111	28	0	0.12745758084988723	37001	-272.11072799854736	-320.5407332830233	223.00623317154685	5034.835060760392	-271.9832789631283	-320.5418285357957	223.0072224683835	13575.260772906207
1	98	0.0	0.5125294965731838	1.4937645719461086	0.3697053127596742	0.0	0.3639466654911579	1.24531908060964	0.23356772550264393	-1.0	0.0	0.0	0.7670449165966711	1.9119013798541813	0.0	0.0	0.0	98001	293.5651159250075	335.29015852941745	28.143321402828747	039252_7	163	1	1	0	168	0.026499548431745457	0.10303851599468516	1	0.0	1	10.5150082030976	10.5150082030976	9.760917778159381	96.6885907799549	4.112863952677422	0.9968126407027352	113.37930094865388	0	0	1	0	0	0	1	33	190	1	5	0	53985.22927535996	1.0488330569173567	1.3591575247763872	28	0	0.04988108839036515	98000	293.5353594190609	250.09381526927467	85.13628909478412	5721.313980720533	293.57685726711355	250.11964516477173	85.14623233794816	41409.09568697065
1	99	0.0	0.5679218952313643	1.594668825499085	0.4246632195208651	0.0	0.25569607471668393	1.0243904521303662	0.10956145753595832	-1.0	0.0	0.0	0.39057863151633165	1.9151060809364169	0.0	0.0	1.2848619993898036	99000	235.36954624202514	177.43060538209542	298.07664096856985	039252_7	111	1	1	0	500	0.05085226755905081	0.14387323897812254	1	4.2950641091470665	1	20.463282349673403	20.463282349673403	29.67675151810476	96.1824505947223	5.412074076427021	1.2116500660410945	328.7528843811334	0	0	1	0	0	1	2	33	548	1	5	0	59329.31522278024	0.9423411645091716	1.2218864600564887	28	0	1.8344164609024969	99004	64.90694809954148	291.2968477236858	60.944614017190474	3778.3193581009355	63.46244363402743	290.2206694789016	60.597726446653404	23172.76274851457
1	32	0.0	0.2623287094983567	1.0432818602895464	0.12038834297932084	1.0	0.0773863372577916	0.5725537100277873	0.17210343570821682	-1.0	0.0	0.0	1.7076492529834326	1.938649653938818	3.0840162483132345	0.0	2.184443720448189	32000	-117.59305462983653	-203.13143673699753	288.7526596405047	039252_8	151	1	1	1	276	0.06275538563763072	0.05785803069304363	1	0.0	1	20.970342963337878	20.970342963337878	38.375968887165016	54.480082301788144	11.562793777433003	0.9373103452349599	177.5216698882283	0	0	2	1	0	1	1	33	298	1	5	0	64209.682980874204	0.7293306027764656	0.9516193029934215	0	0	0.2740188498516714	32003	-219.53040148778922	-142.73158761076866	166.86993111208784	5063.434711533246	-219.33142998401127	-142.65539000099847	167.0422407027196	109647.61717659286
1	77	0.0	1.7533982061022728	3.5396461052171757	1.5200391204039185	0.0	5.275661336292227	9.417427122280701	4.718318371638211	-1.0	0.0	0.0	1.172731754381167	1.9069093448486187	0.0	0.0	0.0	77001	232.15264232320706	54.72063669556403	1.4607589554496418	039252_8	147	1	0	0	358	0.10890404289422917	0.10340022262018811	0	0.0	0	0.0	0.0	0.0	-1.0	0.0	0.0	223.70549175766	0	1	3	0	0	0	0	33	341	1	5	0	12843.91918584698	4.879003478304772	6.3167029365166565	80	0	1.4654696456494698	77020	230.68216540896947	-131.22756779344962	2.361628933541539	4971.542722778339	230.58412870767842	-130.29845365842075	1.2325864137002696	15062.47187994826
1	82	0.0	0.3381191951263018	1.1995046650507584	0.2084618459515318	0.0	0.1460198339896478	0.8723857261666591	0.06402743536324379	-1.0	0.0	0.0	1.2973050650263858	1.97127462647435	0.0	0.0	0.0	82000	257.0702937203757	-202.4115950861372	298.06488669098485	039252_8	136	1	1	0	259	0.03001123584150922	0.08004851215909625	1	0.0	1	4.565481409434591	4.565481409434591	3.9616423571184596	75.25551852771298	1.8363067172895196	1.1729662646202865	166.3297617341831	0	0	1	0	0	0	1	32	277	1	4	0	54772.380359937364	0.8768072919634357	1.1314151480014343	24	0	0.635321920859887	82002	150.54060069086287	-220.2168337604168	178.60204375147646	4637.795264880871	150.12787206835517	-219.97626834875436	178.1832152543566	71056.48646449848
1	83	0.0	0.23164282549109888	1.0066546471585114	0.11456579364229123	0.0	0.31596846586655286	1.1240645030672218	0.16888442645319945	-1.0	0.0	0.0	0.6012214320282295	1.981641122564612	5.681525840693338	0.0	0.0	83011	3.070121549395533	-70.86439854752886	283.5357818875286	039252_8	39	1	1	0	551	0.073491774525135	0.1649790715052708	0	0.0	0	0.0	0.0	0.0	-1.0	0.0	0.0	356.67223218981695	0	0	3	1	0	0	0	33	592	0	4	0	53220.08397175252	0.992184819564285	1.275492661401329	28	0	0.6360314231261995	83005	130.61188452593666	155.69348310524268	66.07877052206129	1699.1315474833734	130.9411212740521	155.7233542092826	65.53540429930013	31997.055098159675
1	93	0.0	1.231916113431895	2.697019816168859	1.0841461088403834	0.0	0.8958787859781115	2.1420706792306166	0.7444095751265566	-1.0	0.0	0.0	1.326642484081138	1.9077895366393445	6.125793722898133	0.0	0.0	93001	331.99747834774223	34.86973555996869	1.4449257884368678	039252_8	218	1	1	0	67	0.09393375866256937	0.08307820661679866	0	0.0	0	0.0	0.0	0.0	-1.0	0.0	0.0	45.24197748296662	0	1	3	1	0	0	0	34	77	0	5	0	35173.570745488076	1.478339206678654	1.9047036796579784	16	0	1.482776547595676	93000	333.50195434495487	0.6650039753722459	22.068962916800388	7178.03059001484	333.203863979676	1.7531222559654984	21.106795035572556	46662.75326779795
1	97	0.0	0.5933503060983245	1.633133666395246	0.44441739032634525	1.0	5.886419808813806	10.232220742451304	4.8524264354388835	-1.0	0.0	0.0	2.8087361588658872	1.9320483831692408	5.959130480488503	0.0	4.077862453666501	97001	315.52828052485114	335.73897066879164	89.24289401832314	039252_8	195	1	1	0	204	0.4545422911358069	0.32184024531028127	2	0.0	0	4.077862453666501	0.0	0.0	-1.0	0.0	0.0	132.90932711927817	0	1	3	1	0	1	0	24	191	0	5	0	8346.27855649814	5.046885671674893	6.949064254136456	16	0	0.09074298086578714	97000	311.41198447386085	240.46820153038465	155.35023014250623	6626.623109201458	311.48500728183956	240.50622042488516	155.38839454676298	23442.49437360331
1	102	0.0	0.5504925741725731	1.5637947374588437	0.408463478274874	0.0	0.4911272172002838	1.4493681896162114	0.37233642220733704	-1.0	0.0	0.0	0.1297281022421274	1.9592147274576475	0.0	0.0	0.0	102001	153.978383922743	336.24859651484917	195.92799775313605	039252_8	53	1	1	0	162	0.15030252222721108	0.1375312051485511	1	0.0	1	14.574317890900915	14.574317890900915	25.617769948058864	114.3116098177301	8.745971147417503	1.1016622507744958	106.59782760104535	0	0	2	0	0	0	1	34	180	2	5	0	33981.45926377049	1.1370127520291011	1.4825118638787917	20	0	2.972945458546127	102002	71.69368529420649	310.2837280408736	240.73584705714052	2093.5473990736555	71.75718133268727	307.3119372791486	240.78906943132105	4408.350221707106
1	31	0.0	0.15969286217355574	0.6914278999722684	0.212012784041694	1.0	0.027527481191848252	0.6865078395678368	0.2358729143466858	-1.0	0.0	0.0	1.697412970617282	1.8313159374276529	0.0	0.0	0.0	31001	-296.0610672462336	336.25559450898817	80.91971349029642	039252_9	131	1	1	1	34	0.08545648086426061	0.03164887691422269	0	0.0	0	0.0	0.0	0.0	-1.0	0.0	0.0	21.175673831006122	0	0	1	0	0	0	0	17	36	0	4	0	71914.09242792061	0.700287027488474	1.0109244849017818	0	1	0.17930384562369214	31000	-311.1181161751333	322.18394064576415	86.5359850700186	4398.255709275136	-311.2937564944242	322.1479223753851	86.53772618855302	122067.9132573225
1	49	0.0	0.38799434032461466	1.199364896968493	0.2719520486268259	0.0	0.2675303012503782	1.069522530264605	0.13784129405923706	-1.0	0.0	0.0	1.1763813149573499	1.9944978446377493	5.219403250674929	0.0	0.0	49001	-288.54365990153445	254.83584445493412	1.5870035202615473	039252_9	141	1	1	0	231	0.027621073251644424	0.11868916423009424	0	0.0	0	0.0	0.0	0.0	-1.0	0.0	0.0	144.9280164226963	0	2	6	2	0	0	0	33	243	0	4	0	54825.83474747089	0.9657631520745201	1.242882497258769	28	0	0.5536560843940393	49000	-204.94082192641423	168.20074695095906	67.37059196528187	4774.218369398116	-204.57615517434698	167.85659984893977	67.60535991857836	64496.08757386418
1	52	0.0	0.14194937690874718	0.5700706990866284	0.19688241671445103	0.0	0.12095141836848843	0.5508077162718632	0.20059582369617399	-1.0	0.0	0.0	1.1774643055069867	1.8313159374276509	0.0	0.0	0.0	52001	-313.0377969234916	238.23319945424197	1.3679094467686823	039252_9	179	1	1	0	45	0.024582522784315886	0.09733380147103599	1	0.0	1	20.169954918364226	20.169954918364226	60.325317869449755	59.512816614348196	15.515903747357026	0.7173125495185548	29.16294731356187	0	0	1	0	0	0	1	17	50	2	4	0	77073.28139348188	0.6939665598819279	0.9304696521569866	24	1	0.9158723834618694	52003	-331.0017689547431	249.84789360991695	19.22173456600365	6307.823245854611	-330.3311373383568	250.39185173045212	18.91647234922098	90751.0377491207
1	88	0.0	0.8747930208439032	2.1000964418016737	0.7037878954325906	1.0	0.07298135279129934	0.7797899072075083	0.1336141183802057	-1.0	0.0	0.0	2.1156319524908067	2.028238704627438	0.0	0.0	0.0	88000	306.30387998953603	-186.26172848602477	298.36266794625647	039252_9	107	1	1	1	145	0.10292514351818016	0.018206328625340218	0	0.0	0	0.0	0.0	0.0	-1.0	0.0	0.0	91.86808054041748	0	0	1	0	0	0	0	33	154	0	4	0	53438.3814324238	0.8350153172074282	1.078159275667583	0	0	0.33663983897761046	88001	222.00711369419187	-192.15401920279817	277.9665544811626	3786.0333526257755	221.69791435269926	-192.13102184328355	277.8354313715946	113055.94724782722
1	94	0.0	0.41296649869055724	1.3249183803914484	0.28019661933159884	0.0	0.26431272284879986	1.0825607202750884	0.1514047615787487	-1.0	0.0	0.0	1.2952440292917922	1.9069093448486307	0.0	0.0	0.0	94001	339.7417351731443	240.20305298820477	42.75192564478299	039252_9	111	1	1	0	194	0.03278082900321472	0.08126778610461238	1	4.617458691799129	1	19.027079650033723	19.027079650033723	27.511532084217304	39.023169317715286	4.585533328184639	1.3160787661149544	118.2000000000002	0	0	1	0	0	0	2	33	198	1	5	0	53737.91213388939	0.9738581465870104	1.2608256258989663	24	0	0.8494340576297151	94006	230.5437556857143	205.9612335002982	57.44963559457879	3922.001116651206	229.7127534083349	206.0010702568994	57.27821078285361	69603.70983802718
1	101	1.0	0.9981645206307682	2.310403103062037	0.8269998439636042	0.0	0.3908888310354511	1.287499375147449	0.27351153668442874	-1.0	0.0	0.0	0.8590015282217647	2.0629960248696886	0.0	0.0	0.0	101000	338.32976305669274	245.22061639223853	214.21498539071322	039252_9	69	1	1	0	174	0.08837231106756549	0.11255104131717197	1	0.0	1	4.323206207988905	4.323206207988905	4.287688508429778	33.65877720185077	1.9788300304861295	0.7408232042219625	113.39999929029064	0	0	1	0	0	0	1	33	170	1	4	0	39208.75357909346	1.0694116329299987	1.3845359266726935	28	0	1.072546866130975	101003	235.4148404862819	247.11703650931213	208.05209410683588	2562.2482904453923	234.7741512654339	246.25840299436715	208.1033053297243	33680.37924411187
1	40	0.0	0.6469117900023033	1.6304705481257986	0.4671607667357568	0.0	0.44468755778240304	1.3678435979260237	0.32056200186285266	-1.0	0.0	0.0	0.7930305817446804	2.065932817849477	0.0	0.0	0.0	40001	-269.8594046583012	-335.95406035248374	138.04499999999695	039253_0	79	1	1	0	70	0.11874588313470913	0.14525818719829353	0	0.0	0	0.0	0.0	0.0	-1.0	0.0	0.0	42.55601323246181	0	0	1	0	0	0	0	32	71	0	4	0	29418.652082715962	1.1021494112170296	1.4311342179081257	28	0	2.5278216864478913	40000	-294.22221610155526	-325.3955775875546	168.18020818743227	2492.459195528011	-296.17659364356155	-323.9928877231611	168.956579262438	23329.890775300595
1	44	0.0	0.19829034818118954	0.9117159751413481	0.05133783540008793	0.0	0.14601242995951358	0.4464091789313665	0.2208731889197344	-1.0	0.0	0.0	1.7645823310943356	1.9827937762735703	0.0	0.0	0.0	44000	-129.4542595934952	-327.96984096345074	216.84496423968912	039253_0	132	1	1	0	136	0.050334602625678126	0.06171693314811655	0	0.0	0	0.0	0.0	0.0	-1.0	0.0	0.0	81.15702808401579	0	0	1	0	0	0	0	33	136	0	4	0	72326.32865384231	0.67755784295666	0.8711125691737375	24	0	0.621479573004587	44001	-201.0573722752221	-298.1257308665672	214.85814505735738	4644.121972914253	-200.8205173506746	-297.83604732959714	214.36193940161766	127625.76161549211
1	87	0.0	0.3387457603741966	1.190041456941465	0.19480677733730423	1.0	0.10170068765446441	0.5521105795557354	0.18885927219822987	-1.0	0.0	0.0	1.7949965358487283	1.9069093448486192	0.0	0.0	3.028379955913077	87001	63.40286068086907	72.87524433167499	12.746373274982647	039253_0	145	1	1	1	153	0.08545391185350626	0.07873531146112323	1	0.0	1	5.635115503159794	5.635115503159794	7.886926784262736	39.50705137774338	3.4289448363184767	0.982931911082343	100.07891479521543	0	0	1	0	0	1	1	33	168	1	5	0	61923.61055290039	0.7248653702500558	0.9384619693750794	0	0	0.4629340109520076	87002	11.589043193989482	2.810239930054577	55.86228295714302	5047.526299981983	11.961147833573795	3.085308586255062	55.87582068486968	111152.66642970196
1	99	1.0	1.0131226712248014	2.3124228634528916	1.0634423056658233	1.0	1.0046460529815056	2.3224130368413345	0.8657098128045723	-1.0	0.0	0.0	1.750664743654165	1.9008445099470337	0.0	0.0	0.0	99013	338.991810881521	-192.53937648763218	275.3946094641437	039253_0	111	1	1	0	52	0.1845335426216716	0.09961777020783052	1	0.0	1	14.183604118211358	14.183604118211358	27.761984582664958	54.61900908710288	9.262283813648523	0.9889340645058713	46.660213273363354	0	0	6	0	0	0	1	34	73	1	5	0	22419.73494170321	1.5265923740535912	1.9580417920620643	16	0	1.21732997606447	99011	318.68401340203565	-209.87662212282004	276.092895612581	4033.879050495552	319.48638911626426	-209.43318910882311	276.8938030016959	39249.439524511174
1	102	0.0	0.281937728286303	1.123744781091773	0.11485211863587519	0.0	0.2707175278091321	1.1209856789972918	0.1293514040923471	-1.0	0.0	0.0	0.9705135008442544	1.6243857468243315	0.0	0.0	0.0	102007	339.25817712092186	52.10426950976053	6.919432435981615	039253_0	105	1	1	0	25	0.036547942815906675	0.091613757109695	0	0.0	0	0.0	0.0	0.0	-1.0	0.0	0.0	14.400000000000006	0	0	1	0	0	0	0	8	25	1	5	0	68225.5608077067	0.8067408543623051	1.2714419332288225	28	1	2.086431586132156	102006	328.07928374387313	57.614845739176076	12.664486989211422	3840.7792672165738	326.2030681596029	58.52753107761023	12.668648474382744	66213.82786654998
1	110	0.0	0.3922967760841277	1.3062621874262217	0.2801162264811092	1.0	0.07897250761818572	0.7660367337129553	0.09786634777907512	-1.0	0.0	0.0	1.3578369016338692	1.9069093448486192	0.0	0.0	0.0	110003	339.0321082773069	-9.365800251091775	158.45926635105928	039253_0	160	1	0	0	135	0.06445535166289151	0.05098505936838016	0	0.0	0	0.0	0.0	0.0	-1.0	0.0	0.0	87.91017319146417	0	0	1	0	0	0	0	33	147	1	5	0	56312.636604549494	0.8265821176092514	1.070151663714055	64	0	0.253048827735737	110004	272.5905594425407	-5.415529181767675	212.18643970421982	5388.497843779958	272.7349369142308	-5.622246338394305	212.16506513889036	76463.3760099555
1	25	0.0	0.45271269121707314	1.3791820427801675	0.3024603033588951	0.0	0.45567574306001946	1.404178703070621	0.32170113769482395	-1.0	0.0	0.0	0.7782431943572304	1.9069093448486192	0.0	0.0	0.0	25001	-41.45021058917625	-36.436898935605385	10.875397245846017	039253_10	81	1	1	0	459	0.030906974666619846	0.09624178565080144	0	0.0	0	0.0	0.0	0.0	-1.0	0.0	0.0	310.8703494817099	0	3	4	0	0	0	0	33	518	0	5	0	53199.53091389137	1.124403558887153	1.4557323629373704	28	0	1.7101992110088369	25000	-97.40593861864268	203.93652048172544	149.49174023709367	3175.349958854373	-97.31604510407026	202.31821758509136	148.94603314338968	41402.17287673305
1	35	0.0	1.5957816819202688	3.2674082591732585	1.4281841498239123	0.0	0.3448492710443474	1.1764416819351204	0.19193108250182955	-1.0	0.0	0.0	0.8924573123390591	1.9069093448486196	6.169565552180768	0.0	0.0	35001	-204.1621913391683	333.9475433520714	10.502142060840292	039253_10	86	1	1	0	245	0.06818437270274313	0.16645624320422392	0	0.0	0	0.0	0.0	0.0	-1.0	0.0	0.0	165.86803264895616	0	1	4	1	0	0	0	33	276	0	5	0	56906.65295937415	1.0137572933259982	1.312481882856223	28	0	1.99015582784562	35000	-183.61400638900074	323.1694364050757	150.90458771237832	3442.1451194318643	-183.46373008730407	324.2301465023337	149.22737832120762	50786.75855433462
1	77	0.0	0.8115558469413272	2.007846985993633	0.6748169420816077	0.0	0.14168602867261343	0.8270843798516562	0.06906256115712574	-1.0	0.0	0.0	0.7836597568643295	1.906127525280026	0.0	0.0	3.538928312240561	77001	138.66391361694625	234.18795372440258	1.2941755586417711	039253_10	86	1	1	0	309	0.04808390434863302	0.10793411948094589	2	0.0	0	3.538928312240561	0.0	0.0	-1.0	0.0	0.0	206.62924607350388	0	0	2	0	0	1	0	33	346	0	5	0	57352.63035105463	0.8477684597342847	1.103111626301755	28	0	1.904772948228025	77000	20.60461817670482	270.2730708108957	151.04205373173073	3442.1451194318643	20.652154249446948	269.8934677283272	149.17609504896362	44944.948356437235
1	93	0.0	0.24622288762006017	0.9680510272912571	0.10588026189057727	0.0	0.34445907154313005	1.207993171700981	0.23809560516342845	-1.0	0.0	0.0	0.8917495821641651	1.9096239395010286	7.448810098807016	0.0	0.0	93003	-74.66796025409644	128.6890929491263	283.72154601891066	039253_10	121	1	1	0	356	0.08638954459798476	0.11196137595455669	0	0.0	0	0.0	0.0	0.0	-1.0	0.0	0.0	242.93252033358226	0	0	4	1	0	0	0	34	393	0	5	0	47920.02083158902	1.0316559998500063	1.335810838646106	28	0	1.1457678938865707	93001	74.53872036070807	235.3055470844975	149.3682707446784	4779.135205431748	75.12910595710852	235.67473346438092	150.27817751525038	42732.65855386759
1	39	0.0	0.2611395563305396	1.035499901248113	0.12499401070858489	0.0	0.32611257360292484	1.1452090370755428	0.17624632876294247	-1.0	0.0	0.0	0.5787293499375648	1.9069093448486312	0.0	0.0	0.0	39001	-254.5276739101127	-169.57905861361252	1.3675217843713103	039253_11	194	1	0	0	208	0.06535013575733317	0.16141123457590056	0	0.0	0	0.0	0.0	0.0	-1.0	0.0	0.0	132.26459197472644	0	0	1	0	0	0	0	33	221	0	5	0	55889.564582072	0.9992736658382497	1.2937303544570158	92	0	0.5984023753770986	39000	-336.4425042366533	-252.08283914133094	51.10046084108858	6051.781474084093	-336.5745292080283	-252.39767870625093	50.609002950571615	32344.93137887607
1	44	0.0	0.26018902331139926	1.0759536795621338	0.19369654523318278	0.0	0.22067079031200665	0.901257054785775	0.07999386241026116	-1.0	0.0	0.0	0.20281507026770854	1.9624977616570458	0.0	0.0	0.0	44000	-245.45614796322192	-140.31945745749806	297.9360213821336	039253_11	178	1	1	0	154	0.09948170868394446	0.17889367102179055	0	0.0	0	0.0	0.0	0.0	-1.0	0.0	0.0	101.45565106112186	0	0	3	0	0	0	0	33	172	0	3	0	63765.63229349504	0.8605368566414143	1.1154476470679309	28	0	0.6159588607026654	44001	-328.1461503178068	-148.7327321590413	257.41341687746984	5643.315241734473	-328.73348753343697	-148.85113763259912	257.27051671286017	12932.631194270061
1	80	0.0	0.1157543020504367	0.7447919224074883	0.08620252084609659	0.0	0.14494618272542203	0.7503289103751142	0.06595015617854211	-1.0	0.0	0.0	0.8983103815270946	1.8313159374276422	0.0	0.0	0.0	80000	200.36578942563028	-200.1217347683243	285.5164368501852	039253_11	107	1	1	0	52	0.043175424596293976	0.14138271374841738	0	0.0	0	0.0	0.0	0.0	-1.0	0.0	0.0	32.99999999999994	0	0	1	0	0	0	0	17	56	0	4	0	69585.17539861698	0.8030876895513058	1.0510651689092176	28	1	1.107267869019561	80001	187.35255545569862	-193.42641232389255	257.0313926832125	3491.404516318186	186.99684868702965	-192.48291852060527	256.57386205948916	62509.08546096142
1	86	1.0	2.051829567562517	4.067811313555236	1.7885993294223552	0.0	0.8470021781368591	2.051857536007541	0.6625460351172517	-1.0	0.0	0.0	0.9354777656725828	1.9123462739333383	0.0	0.0	0.0	86001	264.9236624056926	55.904423939432206	1.8172891863656127	039253_11	205	1	1	0	153	0.047588643425757526	0.1452919206792347	0	0.0	0	0.0	0.0	0.0	-1.0	0.0	0.0	96.67291396765062	0	0	1	0	0	0	0	31	160	0	5	0	41116.965896837144	1.4200321483456542	1.847556108790895	28	0	0.8270668912092741	86000	266.2937134782104	-13.042535768980503	52.62687890764562	6384.035708861414	266.1097188341203	-13.796228356922663	52.91346763101377	38464.007388408994
1	106	0.0	0.6324441379494864	1.7056027701818706	0.5043238481722746	1.0	0.1668530935920964	0.9298187781569731	0.13528972844202994	-1.0	0.0	0.0	2.1721726890669983	1.9069093448486192	0.0	0.0	0.0	106001	298.4132292153253	335.4838542498019	82.61320103170593	039253_11	73	1	1	0	451	0.09555115465609354	0.042756178643407416	0	0.0	0	0.0	0.0	0.0	-1.0	0.0	0.0	313.27952744576476	0	1	6	0	0	0	0	33	525	0	5	0	50302.054297608556	0.9034912739354132	1.169723696357754	16	0	0.5086645316099812	106003	236.2739303498814	117.28026180348172	243.447715768897	2654.4343443130756	235.8406243019988	117.53692479625003	243.51919711422266	109264.74854923054
1	116	0.0	0.24910819982835317	1.0328789614511749	0.10929721708692884	1.0	0.11176822035496957	0.8387823532324177	0.10720264792872487	-1.0	0.0	0.0	1.8685650534452791	2.0629960248696864	0.0	0.0	0.0	116001	339.89318509302404	267.3467883031109	226.5483785785338	039253_11	157	1	1	0	66	0.07852739481424853	0.0345516778140757	1	0.0	1	15.81049356962286	15.81049356962286	20.445828439506148	44.24683246605923	7.4111486130454	1.228662107582169	40.02817828768955	0	0	1	0	0	0	1	33	68	1	4	0	53445.420417226145	0.8607566089934928	1.1143963770127228	16	0	2.412332329426872	116004	305.8844886449627	259.70264427320444	245.3915151972846	5030.948602318487	304.5480262528123	260.60026105722886	247.18803952247572	99866.24485831958
1	35	0.0	0.13661250237946895	0.7869307515067384	0.044313884269482025	1.0	0.032515298999278366	0.6861809572122454	0.133156928997932	-1.0	0.0	0.0	1.8387689446628506	1.9069093448486192	0.0	0.0	0.0	35007	-46.70103457929129	-30.155661504372148	15.666487188360147	039253_12	59	1	1	1	310	0.08195294352283855	0.03226948180934874	1	2.6118773390388426	1	18.82197372008903	18.82197372008903	33.47954149266806	66.01580659701439	7.937581592433776	1.0814304908441092	204.53859772040792	0	0	2	0	0	0	2	33	343	1	5	0	60047.927266749364	0.7893349703735776	1.0219288728579603	0	0	0.4342670005914468	35004	-201.02282876392107	-91.12971037376295	114.77282689578219	1622.6033008192567	-200.6463663462386	-90.91782184873783	114.8171792219674	110414.26384947234
1	41	0.0	1.4683455689914975	3.040922532991307	1.3062047335342275	0.0	0.3181462517657014	1.1728042048146987	0.22080730420408828	-1.0	0.0	0.0	1.4929842740303796	1.9002073079536324	8.257140869295748	0.0	0.0	41020	-281.3904193077308	136.0354234710216	2.336929998126125	039253_12	111	1	1	0	113	0.11577672417683252	0.09327596903094593	0	0.0	0	0.0	0.0	0.0	-1.0	0.0	0.0	62.95810654852833	0	8	8	2	0	0	0	34	97	0	5	0	52744.938617988955	1.0091715652322601	1.3097389516074354	16	0	0.8002743115336669	41021	-248.40316739642395	168.33843257969238	22.823213507671657	3294.1930382414434	-248.02464454507282	168.61327453023654	23.472537253523278	78747.36389135517
1	69	0.0	0.1777803758401606	0.8694296303957545	0.022451366173428987	1.0	0.05148694511194506	0.7110655556257031	0.10035017655038629	-1.0	0.0	0.0	1.6804615081586596	1.6847728574176368	0.0	0.0	0.0	69000	339.702216428642	155.67820607694324	275.9249889469881	039253_12	101	1	1	1	60	0.059117674292708644	0.04566171704424116	0	0.0	0	0.0	0.0	0.0	-1.0	0.0	0.0	38.74001325395081	0	0	1	0	0	0	0	16	65	0	4	0	65382.21892995244	0.807174675996386	1.0333006254874981	0	1	0.2810259721145843	69001	308.19076058919444	136.57664997056537	270.6442284314819	3082.837965736939	308.44911474918365	136.54694215001217	270.7507468356063	109872.30222978754
1	88	0.0	1.1371842967067634	2.5167851746509005	0.9087167196122494	1.0	0.9561500025452377	2.249353947867717	0.7722286566690383	-1.0	0.0	0.0	1.6238609897830107	2.0539869107165503	0.0	0.0	0.0	88009	274.62396168966285	155.9081850708617	12.235632010140217	039253_12	141	1	0	0	70	0.07815102602458712	0.060288567842632146	0	0.0	0	0.0	0.0	0.0	-1.0	0.0	0.0	40.7503455916919	0	0	2	0	0	0	0	30	67	1	4	0	27322.13850708164	1.5095185651449792	1.967855703097187	80	0	0.4192354453743178	88010	234.93741641060268	150.5745819082795	1.9967309231537924	4099.290622961583	234.67532876308263	150.60641706293893	1.6710701385889029	44367.3548790981
1	39	0.0	0.1577821306260372	0.7511884043600326	0.06467802278059252	0.0	0.112197910059597	0.5244282158635671	0.18380413800113268	-1.0	0.0	0.0	1.3066075833224695	1.9069093448486178	0.0	0.0	0.0	39001	-197.10514300278058	301.18773963822815	1.3645292514925231	039253_13	148	1	1	0	77	0.053200367767933465	0.07640393220342334	0	0.0	0	0.0	0.0	0.0	-1.0	0.0	0.0	49.60154289726862	0	0	1	0	0	0	0	33	84	1	5	0	67054.77922045236	0.7113892426407323	0.9210148215668842	24	0	1.149849811125381	39004	-233.5964875978612	305.24749922660624	31.977130676961405	4638.769955107853	-233.62851310297566	306.392712622228	31.879073379140976	87614.283027457
1	72	0.0	0.7645360835218343	1.904667475500381	0.5843540095478067	1.0	0.08389754404853947	0.7254247635472483	0.18952877077574684	-1.0	0.0	0.0	2.39779272577399	2.053019348143966	5.036260813258212	0.0	2.047331681648927	72001	158.78795713260004	181.89787501093707	1.0738008068214189	039253_13	44	1	1	1	311	0.1586976779468905	0.0726619281064495	2	0.0	0	3.6367303787667606	0.0	0.0	-1.0	0.0	0.0	205.01540111984986	0	1	4	1	0	2	0	34	345	0	4	0	45652.27368030998	0.8074655339689926	1.0443584252460598	0	0	0.23944837448276055	72000	107.15104678677555	21.930867872510255	76.33292071112342	1308.0372294453698	107.32643947295362	22.00040570842513	76.1854845586575	109464.68974569066
1	73	0.0	0.6581685466942346	1.7339667092011029	0.49951967558419763	0.0	0.5030434187894242	1.3989124287794847	0.3195203402800798	-1.0	0.0	0.0	0.4349150481364605	1.8887760055359764	0.0	0.0	0.0	73001	339.718385468719	-135.77625401203443	123.3359003861776	039253_13	183	1	1	0	215	0.1658154319029833	0.2655893714053956	0	0.0	0	0.0	0.0	0.0	-1.0	0.0	0.0	137.8410969022613	0	1	4	0	0	0	0	33	234	0	4	0	54470.72788665816	1.101586228148267	1.4384680710723932	28	0	0.20846805883313158	73009	224.84682296735363	-93.57852152519479	146.01128970108263	5516.290698108154	225.0312765140099	-93.66130428305358	146.06211130751993	23690.139240853976
1	102	0.0	0.20777835950415396	0.9106771026605028	0.06350327820740873	1.0	0.08811504840941044	0.5159021551696743	0.20883229185817104	-1.0	0.0	0.0	1.847931244630844	1.9069093448486192	4.913729329762216	0.0	0.0	102001	339.6585858782075	-45.494878731457206	95.79522254177941	039253_13	164	1	1	1	975	0.09578513213672979	0.016905045067203472	0	0.0	0	0.0	0.0	0.0	-1.0	0.0	0.0	625.1946983523608	0	0	6	1	0	0	0	33	1022	0	5	0	61559.19277216216	0.7099236438825152	0.9191173537702416	0	0	0.09877484632940264	102000	-172.61179049149746	260.56298855158076	168.4076513537945	5067.083707442409	-172.55766115184238	260.4804148332333	168.40481130200388	113757.15571793167
1	103	0.0	0.697324323355095	1.7892942694725074	0.5263397029612867	1.0	0.15248906608170174	0.4085695634655265	0.25558669551111857	-1.0	0.0	0.0	1.7503049274480391	1.9069093448486192	0.0	0.0	0.0	103001	75.09270101353563	19.223778986110453	8.769390554428037	039253_13	172	1	1	1	362	0.08869135586016041	0.01795541686066493	0	0.0	0	0.0	0.0	0.0	-1.0	0.0	0.0	249.58946059052118	0	0	1	0	0	0	0	33	401	0	5	0	63008.811031931735	0.6595340424604728	0.8538794123160346	0	0	0.2604044622259477	103000	-147.1094690515868	42.370334197253705	81.4983429572978	5226.196350620942	-146.9293492938266	42.21767466400034	81.38851389138874	110284.63242183249
1	47	0.0	0.12694879045750224	0.8300325558680327	0.05492647350821884	0.0	0.16036523062863092	0.8418568340852413	0.054206219461674005	-1.0	0.0	0.0	0.8732215092903837	1.9069093448486196	0.0	0.0	0.0	47001	-3.3483325594248528	61.722058624563864	48.6247078572108	039253_14	170	1	1	0	483	0.039369815355930426	0.12537266509851075	0	0.0	0	0.0	0.0	0.0	-1.0	0.0	0.0	312.04185620750684	0	0	1	0	0	0	0	33	521	0	5	0	60414.03479419226	0.8586138027300156	1.1116221484889925	28	0	0.4813055531017354	47000	-271.3478946991828	192.4573024158211	62.05499999999863	5168.388299610211	-271.0211246669818	192.10392389731103	62.05506447927762	52754.83464530632
1	49	0.0	0.7464568329979014	1.8851536652174796	0.581072353149992	1.0	0.09666412394777976	0.5065448184999937	0.21046397063843156	-1.0	0.0	0.0	1.7858752807152738	1.8774188440873905	0.0	0.0	0.0	49000	-3.7668743330728645	334.19727809595105	206.74803598339435	039253_14	118	1	1	1	402	0.08116231226000759	0.03150137941065989	1	2.5106646303045554	1	22.944600308712836	22.944600308712836	57.7723774993825	94.47953212437938	12.468177284853393	0.8745843885492729	269.21096959232284	0	0	1	0	0	0	2	33	449	1	4	0	64011.58580787025	0.6998662381401832	0.9129970922854574	0	0	0.19351610987046344	49002	-190.67815265543402	183.48423447381174	104.9033284719156	3709.3237880294487	-190.662185522264	183.6180539598288	105.04220208567953	114316.70877366012
1	84	0.0	0.6874403166068754	1.7855628581742569	0.5292556189760682	0.0	0.5422887961631322	1.551327313997019	0.41645404782503054	-1.0	0.0	0.0	1.1546045984463746	1.9101957476801477	18.12640707525449	0.0	0.0	84001	285.39643127092273	18.001434240585017	7.4822966744311925	039253_14	72	1	1	0	217	0.10461638556939679	0.09761996131210215	0	0.0	0	0.0	0.0	0.0	-1.0	0.0	0.0	143.50592682662884	0	0	8	4	0	0	0	34	247	0	5	0	43090.03789269678	1.1939427038869623	1.5397249335389516	16	0	1.3128192092461013	84000	197.04596195597827	96.45868998907729	53.872140520561075	2176.0233045592176	197.40645562237324	95.25716211063968	53.485010891119074	49751.955898136235
1	110	0.0	0.36027085617226445	1.2329717302925556	0.25087753675272917	1.0	0.03375871139439921	0.7104234466531757	0.1394681008298099	-1.0	0.0	0.0	1.656291938654992	1.9737627306415546	8.724579331820399	0.0	0.0	110000	339.86949000702305	277.16844697625197	284.24234834585235	039253_14	97	1	1	1	584	0.09847124775918703	0.015075149396110377	0	0.0	0	0.0	0.0	0.0	-1.0	0.0	0.0	380.65431773137686	0	0	4	2	0	0	0	33	637	0	4	0	56747.06816636693	0.8051644040506931	1.0343779657004517	0	0	0.2812716034128361	110001	52.063974162939374	271.42878222494954	60.04674096261666	3027.2682739108964	51.78524649380809	271.4362719191775	60.00974764122698	93989.71154625886
1	30	0.0	0.1754476147579561	0.8032724412411287	0.04057770374202472	0.0	0.3713791788719063	1.2423759129469307	0.23587013459992548	-1.0	0.0	0.0	0.5890151869411959	1.9069093448486192	5.491918661280398	0.0	0.0	30004	-83.04144559210246	170.67797163052361	7.9949549510202	039253_15	105	1	1	0	481	0.06961073686583151	0.13819953113983108	0	0.0	0	0.0	0.0	0.0	-1.0	0.0	0.0	314.2733495285332	0	0	3	1	0	0	0	33	525	0	5	0	56490.933767044036	1.0466340476187603	1.3550048955266936	28	0	0.3556472542570866	30000	-330.6977996643059	5.787154350108432	41.093320217086735	3281.658755567494	-330.49451384323714	6.021947040369457	40.92002210107559	33274.01791327816
1	36	0.0	0.3994387404756785	1.242327293803457	0.23784598681634975	1.0	0.04855270550415163	0.5933999327637894	0.16080956750973763	-1.0	0.0	0.0	2.3344059479406463	1.9812342687821594	0.0	0.0	0.0	36000	-66.01947750872841	-168.45626869679478	282.64624841883864	039253_15	89	1	1	1	484	0.07582102716029715	0.025143879395849333	0	0.0	0	0.0	0.0	0.0	-1.0	0.0	0.0	322.84634409759923	0	0	2	0	0	0	0	33	540	0	4	0	59371.36194324072	0.7500500482221923	0.9641855562519154	0	0	0.15164631147882043	36001	-318.7464650386663	-2.572037486456481	209.19519254129972	2804.5577022407538	-318.723170154822	-2.7218706385282845	209.1931978703896	138596.86045763807
1	45	0.0	0.46068082675700966	1.361121037865948	0.35277960221804966	0.0	0.0700126038278927	0.6748374623999221	0.12208929444686921	-1.0	0.0	0.0	1.345919235431688	1.8836528127278491	3.5931688928021557	0.0	0.0	45000	-220.93685077636164	228.093489802516	288.159888498771	039253_15	148	1	1	0	160	0.0655472717677722	0.07257455052307415	1	12.047322986593773	1	30.179145708254552	30.179145708254552	68.8014804580383	78.50698356904134	7.5048486600911275	0.9512810503576088	106.83069781306969	0	0	3	1	0	0	3	34	176	1	4	0	59308.86756556648	0.779464440963785	1.0148636178767385	24	0	1.2774549561744881	45002	-318.4824116159339	252.42548630812294	271.8353332781362	4554.931757342709	-319.3415981996139	252.62473023979265	270.91121670801533	79824.94568816647
1	77	0.0	0.8205472991677083	2.007434287776342	0.6482870447346154	1.0	0.09848825352070176	0.8022790067819144	0.1387673951753862	-1.0	0.0	0.0	2.589469281666022	1.9082076092842408	2.196420664014803	0.0	0.0	77000	153.4173000632092	-335.5674463663268	239.67255739303255	039253_15	54	1	1	1	282	0.11964474788863433	0.051819051503207064	0	0.0	0	0.0	0.0	0.0	-1.0	0.0	0.0	192.8052466639934	0	0	5	1	0	0	0	35	323	0	4	0	47991.088913313346	0.8495511732077131	1.0888803555832138	0	0	0.4941407196219	77001	75.24854015416042	-200.29331150850567	164.91771466631369	1694.1064563073983	75.57585665388069	-200.6224383816437	165.08716808521606	124271.45053472769
1	81	0.0	0.3285659461750117	1.1757082151580092	0.19588359840276112	0.0	0.3014022041135085	1.0949047779789525	0.17582182088545956	-1.0	0.0	0.0	0.17050368079846667	2.2190636442367637	0.0	0.0	0.0	81001	278.3309034818175	-199.87124239885338	3.3599995678579644	039253_15	125	1	1	0	133	0.07220190777024504	0.16317564745044888	0	0.0	0	0.0	0.0	0.0	-1.0	0.0	0.0	85.76364467566239	0	0	1	0	0	0	0	33	142	0	3	0	52616.97660390361	0.9922368298528039	1.2628176316395896	28	0	0.611198761534334	81000	210.06187550267381	-236.51334601013372	34.595462974984244	4063.3090737904217	210.66427358886395	-236.41000039071247	34.59506952611339	8971.38818345237
1	99	0.0	0.34150740854215034	1.20837405185199	0.212558707259167	1.0	0.06884012928672996	0.7667805971578412	0.1454301883812494	-1.0	0.0	0.0	1.823106805613404	1.9252181435839235	0.0	0.0	0.0	99000	166.3454255493146	335.97940600504535	205.82903517972304	039253_15	170	1	1	1	167	0.11368036859854025	0.0281615833358837	0	0.0	0	0.0	0.0	0.0	-1.0	0.0	0.0	104.92406394346976	0	0	1	0	0	0	0	33	176	0	5	0	52146.32642379361	0.8250073306316151	1.0713203697662548	0	0	0.10261534105765953	99001	90.73073361442407	286.7790617537968	158.6444307340991	5076.40209654967	90.78111687814803	286.84565760754924	158.58479494601946	95068.32259095622
1	105	0.0	0.48010745265212895	1.4382887054565279	0.3343376484549048	0.0	0.11617107004730602	0.6283579815093324	0.11732399374054203	-1.0	0.0	0.0	1.1666901266857346	1.9069093448486192	6.906245156980385	0.0	0.0	105016	339.778189411007	-204.62615990589742	103.31074015789105	039253_15	126	1	1	0	861	0.023396601078810364	0.11685646439771258	1	8.65939447787504	1	20.705667261518887	20.705667261518887	27.636372629138283	62.04688360904029	0.573184123687799	1.6369362071958642	578.3196535858925	0	1	7	1	0	0	2	33	954	1	5	0	64196.43313892852	0.7578667777914916	0.981187925372676	24	0	0.298661337712697	105019	-180.43297052793483	-83.16964358886675	192.15969882687784	4071.162821505198	-180.31012802382864	-83.41356351866037	192.03882127859558	74897.3447116288
1	51	0.0	0.1797187920980123	0.793977055196442	0.061008390167393796	1.0	0.06762012625936921	0.5523247559034715	0.18851030732533797	-1.0	0.0	0.0	1.5890247012351841	1.7514529723429548	0.0	0.0	0.987143175227783	51000	-84.7979978576996	323.93506289505024	77.38018965133875	039253_16	153	1	1	1	59	0.09172692437746832	0.012176715575114738	2	0.0	0	0.987143175227783	0.0	0.0	-1.0	0.0	0.0	38.58222021592901	0	0	1	0	0	1	0	17	65	0	4	0	71516.83014398937	0.7310490323018879	0.9397924668621879	0	1	0.06236019951774274	51001	-119.00752933966814	325.247025524666	61.5856796543727	5764.768435178839	-119.06105307674525	325.2696550321029	61.563054238434916	113642.00965284012
1	98	0.0	0.5180962450102973	1.5080766133254135	0.37667277307572405	1.0	0.1286579110194553	0.8536111159375235	0.10679942248644125	-1.0	0.0	0.0	1.6450066666019203	1.9069093448486192	0.0	0.0	0.0	98001	339.4019719633667	-83.60906053358761	10.119946540684866	039253_16	146	1	1	0	455	0.07737870982465456	0.06045038984336548	0	0.0	0	0.0	0.0	0.0	-1.0	0.0	0.0	267.33907563713245	0	0	2	0	0	0	0	33	448	0	5	0	53321.902750839254	0.867056679494464	1.122552893811841	16	0	0.5697055175114641	98000	95.00356246206893	-27.228024674522498	59.096685641588536	5503.143180496601	95.23689520239331	-27.73485286504709	58.98159700502832	87714.88550102984
1	109	0.0	0.3274912594120186	1.1876644318679763	0.20566779439659041	0.0	0.3559388288132177	1.247921408763259	0.2585294160300002	-1.0	0.0	0.0	2.0233038358623654	1.907224296473408	0.718259631992624	0.0	0.0	109000	337.6228521444186	305.481831795628	297.86838581487814	039253_16	103	1	1	0	321	0.08325037110499944	0.04149109869763967	0	0.0	0	0.0	0.0	0.0	-1.0	0.0	0.0	202.4686262887879	0	0	2	1	0	0	0	33	340	0	5	0	47070.042732048874	1.0526184270510475	1.3628742868485622	16	0	0.9204525744077608	109001	213.6232357560255	292.75130538574865	150.58747268630827	3666.9509972593396	214.11822536665358	292.01474814435085	150.8318119120756	95236.99801395995
1	119	0.0	0.24757225171887637	1.0554645797289735	0.14359260169948382	0.0	0.13565359447290595	0.8195001651793413	0.02478770110754647	-1.0	0.0	0.0	0.976095630082909	1.9505535202423532	0.0	0.0	0.0	119000	114.70439228553286	-65.09442236875297	291.8526165183729	039253_16	31	1	1	0	456	0.020234051995077884	0.10373266579461204	0	0.0	0	0.0	0.0	0.0	-1.0	0.0	0.0	307.41457495268975	0	0	1	0	0	0	0	34	489	0	4	0	61887.76877151407	0.8513622520235322	1.096868910550195	28	0	1.2743695481780866	119001	-77.44557182646668	92.3676845100783	150.24334244658468	1271.3736977468184	-78.28209591314389	93.30599289419516	150.034004026727	60408.38065345641
1	44	0.0	0.432212988355863	1.3805946057884424	0.2410257079298845	1.0	0.04074459250060612	0.6105625037991214	0.18284552367753265	-1.0	0.0	0.0	1.9071969694059476	1.9069093448486192	0.0	0.0	0.0	44001	-80.0567059186952	169.86850718530854	7.994807807135932	039253_17	114	1	1	1	410	0.11261914201358236	0.025416768423926206	0	0.0	0	0.0	0.0	0.0	-1.0	0.0	0.0	600.6274705726777	0	0	3	0	0	0	0	33	468	0	5	0	61600.285792123366	0.754112437910981	0.9763272914638551	0	0	0.2908211193295662	44000	-245.03486746716936	159.41209421703985	200.40729941453242	3562.3661385713945	-245.0477546106631	159.69329619711417	200.48034933844036	117483.87837727794
1	77	0.0	0.2618168099160043	1.0711153417647776	0.14010725310179398	0.0	0.3901748460111138	1.2128106985609393	0.2730169958706677	-1.0	0.0	0.0	0.304522915306811	1.7755690056007554	0.0	0.0	0.0	77000	269.9128695983342	336.36979140801805	134.01945063286166	039253_17	190	1	1	0	129	0.1548072813809538	0.23396106048304033	0	0.0	0	0.0	0.0	0.0	-1.0	0.0	0.0	83.85909392525845	0	0	2	0	0	0	0	33	140	2	3	0	57453.77322785273	1.0513425077695309	1.3182653261692572	28	0	1.2436127106817025	77004	208.97419353139372	309.4459596958473	118.29200725390027	5959.034463488116	209.5755115061967	309.2564890390526	119.36396347388396	17495.990518722123
1	115	0.0	0.48795854403223077	1.4354699697065278	0.3344195791291822	0.0	0.07810464263831929	0.6726777958203065	0.10090602462836604	-1.0	0.0	0.0	1.4871657079621068	1.9069093448486256	0.0	0.0	0.0	115001	339.7036515328617	334.180386580981	1.6763467155897196	039253_17	229	1	1	0	132	0.03456419858038354	0.08143079967944056	1	14.276059580163025	1	18.496406051987634	18.496406051987634	62.59967269066468	102.18187547775045	2.3228702725344457	0.9099962264747751	85.80000000000018	0	0	1	0	0	0	3	33	144	1	5	0	60887.546635534454	0.781113873181584	1.0112852590534267	24	0	0.37359146881473576	115003	320.7576747237122	301.49807991768597	75.2535397824003	7420.346912386708	320.7652210975659	301.65544583553753	74.91479267066126	90549.8713983104
1	127	0.0	0.4126804343581018	1.3270782101760148	0.2861957027472256	1.0	0.10860056796097427	0.48324143173755124	0.22264712786119564	-1.0	0.0	0.0	1.6606292736863502	1.8683207495131073	6.701258732274647	0.0	0.0	127001	298.5397151712129	-252.5788220505358	1.0130635466888434	039253_17	88	1	1	1	1307	0.08339734212622307	0.024279042099861536	0	0.0	0	0.0	0.0	0.0	-1.0	0.0	0.0	849.21174378102	0	3	10	1	0	0	0	33	1399	0	4	0	64089.543714353626	0.6901334277287865	0.899119611839565	0	0	0.43233322924320666	127000	-321.30089535562513	150.4661878653356	244.19568036643062	2761.240217885157	-321.67654037335177	150.65049419600967	244.3044646402871	106428.97242925665
1	36	0.0	0.866088225955306	2.0621308769744426	0.6719101069050966	1.0	0.06419955790351657	0.5899532882822036	0.18932245519546265	-1.0	0.0	0.0	1.7013195543444317	2.0688779841351006	4.924082146576891	0.0	3.963766690155975	36001	-131.43321177713648	-335.0858292882558	3.4618726165134666	039253_1	177	1	1	1	346	0.11175322904564933	0.04608577400819536	2	0.0	0	3.963766690155975	0.0	0.0	-1.0	0.0	0.0	224.53592691197528	0	0	3	1	0	1	0	35	377	0	4	0	62113.838434433834	0.7477970336327802	0.9649187829966014	0	0	0.26263597039998915	36000	-233.39815790629746	-170.73734136965294	96.1912541045825	6016.918359249541	-233.26302801730986	-170.96103161333264	96.16517267569796	105675.487923893
1	79	0.0	0.2343820016020417	1.0278420221345357	0.12358705404586487	1.0	0.07144186278970895	0.7296865228835507	0.10131946137082928	-1.0	0.0	0.0	1.506793391069027	2.0629960248696833	0.0	0.0	0.0	79001	253.84219942524365	-45.726996747494454	1.242253939646394	039253_1	112	1	1	0	102	0.058834516616319554	0.061913258830721074	0	0.0	0	0.0	0.0	0.0	-1.0	0.0	0.0	61.970365498265174	0	0	1	0	0	0	0	33	104	0	4	0	59081.68457796037	0.8092191514326378	1.0476723398270869	8	0	2.4220159502303877	79002	214.72126133273264	-72.31571057859537	37.93489822627864	3892.8675238805663	213.14679978084442	-72.9433288864818	39.665021731812836	89023.89185529554
1	98	1.0	0.12755739691422538	0.8476746317185236	0.10204094891268979	0.0	0.3075492321789326	0.21381102772300722	0.3647044794869552	-1.0	0.0	0.0	1.4300005738559198	1.9069093448486196	0.0	0.0	0.0	98001	267.38256319292543	188.33520356750893	1.3892367103591847	039253_1	139	1	1	0	150	0.08820946627454385	0.11329140633339807	1	0.0	1	3.1921094977159625	3.1921094977159625	17.551738646352106	48.99840930057667	6.599999999999977	0.36477361515679013	97.3285215180409	0	0	1	0	0	0	1	33	162	1	5	0	75465.84669187405	0.5541993693696953	0.717505695472382	24	0	0.25885255072818014	98009	276.1466935951247	131.14929942592764	68.45029169303368	5009.428334506134	276.1765992591377	130.8961479119915	68.49528730693407	107916.20407590276
1	105	1.0	2.110231926711155	4.163954282755642	1.813837627983977	1.0	2.0395182923865227	4.053530439531024	1.7358523885194335	-1.0	0.0	0.0	6.498201816218322	2.0084339602211188	6.312398939691356	0.0	0.0	105001	174.20171279598122	335.41924615626124	51.80100214542322	039253_1	165	1	1	0	86	0.18802882971365864	0.1425139875421888	0	0.0	0	0.0	0.0	0.0	-1.0	0.0	0.0	64.04878819474209	0	1	4	1	0	0	0	31	104	1	4	0	5661.358667704296	2.3329411610948734	3.0557236225732907	16	0	1.3568794778552615	105002	178.64591330773482	298.2714685072856	77.66868472950843	5667.14952571837	179.8516867389656	297.98932644606236	78.22332714336753	36788.6511767394
1	116	0.0	0.3389758675061886	1.210409662821168	0.21905111994469406	0.0	0.7735959442043722	1.864222379123872	0.4119613409917923	-1.0	0.0	0.0	0.7587227044995065	1.9790591690046138	0.0	0.0	0.0	116000	339.3482366439472	151.6673852645992	212.15218264276638	039253_1	124	1	1	0	734	0.04308864107882765	0.17291297270006328	0	0.0	0	0.0	0.0	0.0	-1.0	0.0	0.0	483.2692619897878	0	0	7	0	0	0	0	25	725	0	5	0	50828.838544976716	1.2411992177713886	1.7746453998964222	28	0	2.3267377747572047	116008	-69.53504772158621	-54.10190328878508	190.33235531763836	4452.48553367903	-71.33193105769155	-55.547545877498294	190.0240754859795	38564.9938474135
1	13	0.0	0.7218830916744722	1.83507632500119	0.554208567380572	0.0	0.40219853784887727	1.305014908953485	0.2705824398117985	-1.0	0.0	0.0	0.6269878922604074	1.9558012749634226	7.027103202247825	0.0	0.0	13000	-326.0207163619424	-336.2867862860006	294.98242247756895	039253_2	185	1	1	0	392	0.07951547003152065	0.11714317322454837	0	0.0	0	0.0	0.0	0.0	-1.0	0.0	0.0	252.9988016184202	0	0	3	1	0	0	0	34	424	0	5	0	56265.510991543866	1.070746205547952	1.3951544125430622	28	0	0.15334551128910462	13001	-165.89472231333494	-174.82043305802364	221.9449999999988	6142.324690318134	-165.8087988539118	-174.69342122804989	221.94499998319037	35277.79414354287
1	34	0.0	0.17765650787520662	0.7288863990178347	0.17521082471708724	1.0	0.079112032469037	0.7297444428349723	0.20429139021123588	-1.0	0.0	0.0	1.4063728659962023	1.8313159374276506	0.0	0.0	0.0	34001	-274.4070416686742	134.17154822215386	1.2704553164960846	039253_2	59	1	1	1	35	0.08531233412384359	0.07873280153976159	1	5.311574405870755	1	24.15972485668655	24.15972485668655	44.71185556063653	42.734616346020346	7.461217798449153	1.0343072190763314	22.434321870547546	0	0	1	0	0	0	2	17	38	1	4	0	71196.12404307399	0.7265522848099808	1.0357725661234771	0	1	0.5681372337492502	34004	-290.2693921928785	146.88119957276496	11.483899558660985	2289.4212275968707	-289.9197267522203	146.8351928666804	11.038481351829686	100128.29701827909
1	75	0.0	1.455773358827562	3.072807112215329	1.23474161691115	1.0	2.5098175553117916	4.8263870347630755	2.1778781012730346	-1.0	0.0	0.0	1.3927829212758385	1.90179192234677	0.0	0.0	0.0	75000	278.9413240606906	288.8325645739461	288.04448523469404	039253_2	211	1	0	0	156	0.2081707978171251	0.10750879859932438	0	0.0	0	0.0	0.0	0.0	-1.0	0.0	0.0	121.55146789585822	0	0	1	0	0	0	0	32	200	1	5	1	22697.546504416216	2.7056754412929216	3.531904205259676	80	0	0.2462288279289846	75002	280.33145931880887	334.94754657676583	210.55721545754582	6555.9475676751135	280.3210099712842	334.71773508674437	210.6449999999989	31612.755126215012
1	77	0.0	0.5051260052699275	1.466616415693045	0.33783752880239004	0.0	0.3079421084472357	1.1275252689033668	0.1729539702303344	-1.0	0.0	0.0	0.925528594431836	1.9069093448486192	6.218978220191522	0.0	0.0	77001	302.91199076363824	-2.276047948638376	1.4254318032916053	039253_2	114	1	1	0	485	0.04143469629525254	0.13934827936223282	1	0.0	1	15.81537098160732	15.81537098160732	48.028154217455224	33.48151695533912	13.366654172045111	0.7528938092790046	324.79532313011475	0	2	8	1	0	0	1	33	547	1	5	0	51908.82139337636	0.9923147256980115	1.284720818428939	28	0	0.8970996531701093	77004	244.30170134766817	-217.24841756837208	186.35953882161525	4328.427174818546	244.34963843800898	-218.0441001256144	186.77109573285347	48043.09850282484
1	89	0.0	0.45540505256905534	1.3918795476751293	0.305445036825747	0.0	0.28114178034403403	1.1183232707087987	0.18204012409239845	-1.0	0.0	0.0	1.4232830645177292	1.9543019505425945	0.0	0.0	0.0	89000	339.8225231629193	-201.60665911117692	190.14211126068648	039253_2	87	1	1	0	395	0.0737551873767327	0.06321905309112552	1	0.0	1	14.221567200001093	14.221567200001093	19.39698165508239	119.27864391709383	7.12309727361612	1.1190714891532083	256.5522759018746	0	1	3	0	0	0	1	33	429	2	5	0	49298.15386829995	0.980156625311563	1.2757464730908799	16	0	1.2887311907404673	89009	104.70762560390992	-192.3114434552909	119.08396660023837	3401.995060994146	105.60747883085	-191.64470185596926	119.7215776820797	70165.2275127405
1	102	0.0	0.30964084465994185	1.1226899940637016	0.16401994717632723	1.0	0.09383253237194543	0.5292550597121252	0.1932029826041007	-1.0	0.0	0.0	2.1377553248674697	2.011609499299962	3.430930225134997	0.0	0.0	102000	283.7660745485797	324.60321752133575	298.0774815219023	039253_2	102	1	1	1	597	0.07726245248290564	0.04793317236709671	0	0.0	0	0.0	0.0	0.0	-1.0	0.0	0.0	390.9827812861477	0	0	4	1	0	0	0	33	656	0	4	0	58463.55235540375	0.7183106189923909	0.9257677488235698	0	0	0.27018269270070755	102001	28.321944902964127	141.30925543509184	106.48640833046402	4038.367906601687	28.06685881715855	141.22538741134952	106.51634043458236	124980.77035843246
1	117	0.0	0.25820450993804844	1.045661452489019	0.12011272902265052	1.0	0.094230137486646	0.7914177772858626	0.1107111524804851	-1.0	0.0	0.0	1.8637072977388662	1.9746999369693694	0.0	0.0	0.0	117001	231.31801933044107	-303.65565428327375	1.0567363457854944	039253_2	106	1	1	1	113	0.08517759547927273	0.05495555034775912	1	0.0	1	12.937529503967529	12.937529503967529	22.500753395640814	74.7084190038987	7.957804273848185	1.0227354223380098	72.17286184506837	0	0	1	0	0	0	1	33	121	1	4	0	53639.95759817416	0.8428365191756186	1.0838845083459558	0	0	0.4507615220236502	117004	164.54582155299744	-309.5195846536294	21.295894968527953	4151.952759962738	164.74087995691508	-309.5404083806714	20.890056895905055	99969.18042612053
1	29	0.0	0.366746962668269	1.2460974627821098	0.21188781080760002	0.0	0.21005804484301896	0.9808487225705175	0.12535135130565983	-1.0	0.0	0.0	0.8630406147828166	1.9069093448486194	0.0	0.0	0.0	29001	-302.6143870216198	92.51991948378625	1.4105318696452467	039253_3	192	1	1	0	183	0.06824008143872284	0.09061987688435658	0	0.0	0	0.0	0.0	0.0	-1.0	0.0	0.0	118.68673712394248	0	0	2	0	0	0	0	33	200	1	5	0	57264.15125187873	0.926141021903391	1.199047661822603	28	0	0.25154384430898563	29005	-319.51922190586646	14.498590507986771	75.8922881998861	7060.054899712664	-319.4111100210813	14.672643430202935	76.03820497837972	49421.28830143761
1	61	0.0	0.45867686017595805	1.3951158864627586	0.2975954535725183	0.0	0.14115919775867766	0.8097093724813471	0.04848654897482198	-1.0	0.0	0.0	0.8236814619585381	1.7660006128976073	0.0	0.0	0.0	61001	302.0444843183779	-186.1843027178287	1.2998225292733447	039253_3	102	1	1	0	307	0.05258476472298956	0.11696975006042953	0	0.0	0	0.0	0.0	0.0	-1.0	0.0	0.0	197.86646889660847	0	0	2	0	0	0	0	33	332	1	5	0	58594.7093270965	0.850236024395367	1.0888093869100963	28	0	1.0403185650615538	61004	155.61902149026483	-111.37836611771941	94.70971675848685	3676.4725122748273	154.87228496256859	-111.20852576695862	94.005585002159	48263.37584157843
1	66	0.0	0.6741512033834147	1.755536482652914	0.5097668287626557	1.0	0.2867821319522876	1.114841910064386	0.2595453989077257	-1.0	0.0	0.0	2.4143602664277344	1.998351636610868	3.634246679577403	0.0	0.0	66000	276.2178958329502	-335.73816846066916	291.9269690157944	039253_3	85	1	1	0	244	0.17638109686709202	0.10566145084017747	1	0.0	1	28.273959196429953	28.273959196429953	58.17766340396756	54.85152818590237	15.042039039262738	1.0859227113942973	162.10248279657054	0	0	3	1	0	0	1	33	273	1	4	0	58594.23726557392	0.9881634986680613	1.2698320881021186	16	0	0.34309624612795847	66003	182.16146774685345	-237.67516109403056	215.47024014055174	3087.5594146126564	182.4924805290092	-237.76276937302092	215.44855231887823	141467.59829564093
1	79	0.0	0.35484147934804966	1.2225788785432588	0.2187047173975583	1.0	0.0808040883733439	0.7595611635418509	0.16100964301637655	-1.0	0.0	0.0	2.4177468320687456	1.9697625853597953	0.0	0.0	0.0	79000	207.9475054035498	161.875693506171	298.28436430456287	039253_3	61	1	1	1	146	0.1345976985398859	0.05543231117923758	0	0.0	0	0.0	0.0	0.0	-1.0	0.0	0.0	94.3538437306868	0	0	1	0	0	0	0	28	153	1	4	0	45081.75405447228	0.8215257998409524	1.063726893461728	0	0	0.27894734652546777	79002	129.88728805671187	178.1042501841721	252.48452734147617	2370.8309831233196	130.15029004238804	178.10559187722805	252.57747774504568	108996.26804930269
1	79	0.0	0.3532744685515931	1.177204452502364	0.1848275961497664	0.0	0.16423129359421665	0.8804346540620256	0.08352617936809313	-1.0	0.0	0.0	1.516036581493674	1.6927582178310714	0.0	0.0	0.0	79001	334.23104140898226	-104.93070323795692	1.660486211064758	039253_4	137	1	1	0	56	0.06274438938447324	0.10515142084398121	1	0.0	1	33.91025962112036	33.91025962112036	56.763298621147264	139.1328552915372	14.820165120469948	1.1287125366382469	37.319405875456724	0	0	2	0	0	0	1	17	64	1	5	0	71427.32710791379	0.8776791367394875	1.1363940449947931	24	1	0.2581417985822607	79000	322.9156051167247	-96.94121921736644	30.189935602777137	4707.265101298333	322.95096928569893	-97.10594785794993	29.994356875151755	108286.44081391206
1	80	0.0	0.5707396074666696	1.5920024084490276	0.40605525518996577	1.0	0.2565232745403058	1.0502581607462924	0.2387921171589402	-1.0	0.0	0.0	2.820614027475143	1.9253626236180434	0.0	0.0	0.0	80000	338.9188635070419	-293.8025994120644	158.44917781147336	039253_4	151	1	1	0	321	0.18668943119597559	0.10626782773116172	0	0.0	0	0.0	0.0	0.0	-1.0	0.0	0.0	214.56940302140242	0	0	2	0	0	0	0	33	359	0	5	0	38588.52912210496	0.9554983300298797	1.2407999060459862	16	0	0.4623248962162497	80001	153.85304091556768	-288.6677859726578	82.60055598873521	5192.269070175716	154.24473537641637	-288.8729757508736	82.7355260369591	108843.34654144233
1	91	0.0	0.48745598868783685	1.4441730481305375	0.3393242057423528	1.0	0.08551633458216022	0.5313353198519943	0.23131732768913899	-1.0	0.0	0.0	1.8798507169390628	1.867450544164983	0.0	0.0	3.3845762065008937	91002	337.2821765561299	141.3841615453147	143.23561519558558	039253_4	88	1	1	1	511	0.13271863603897516	0.03340192932520336	2	0.0	0	3.384576206500893	0.0	0.0	-1.0	0.0	0.0	328.6523032430542	0	0	1	0	0	2	0	33	549	0	4	0	56117.00720623967	0.7126100762112451	0.9282860502606418	0	0	0.4694458824301278	91001	42.52893405859028	46.16210823230618	89.18827615689959	2955.078872361414	42.15107264522308	46.21186721781446	88.91418815610436	105491.5962291242
1	32	0.0	0.41133213610096353	1.3386559139606469	0.3027187134475358	1.0	0.10105951286878893	0.5027883225070934	0.20674044726500448	-1.0	0.0	0.0	1.587227924819013	1.9069093448486194	7.173029180660739	0.0	0.0	32001	-235.31851880759058	-73.85185464093236	5.672446615578966	039253_5	175	1	1	1	204	0.08022555533500864	0.036549179342496796	1	1.5759321293396387	1	15.692986239633644	15.692986239633644	13.64743626529646	72.58433182859318	3.840648426473618	1.4542354374784232	136.66869806686822	0	0	2	1	0	1	2	33	230	1	5	0	63661.2723800433	0.7033349930596757	0.9105872204786029	0	0	0.510047591747055	32003	-320.53313233247565	-141.2068814932109	74.29189475676596	5910.858806738928	-320.120366424443	-141.05628323379258	74.03287156229653	101044.94925111409
1	53	0.0	0.33712317774073597	1.162309529908801	0.18771593855326324	0.0	0.5012624620835218	1.409110088775395	0.3437997226375222	-1.0	0.0	0.0	0.09478200316975247	1.9140838235480477	0.0	0.0	0.0	53000	-55.96585685769203	46.79344059777644	297.9962581891894	039253_5	121	1	1	0	241	0.1583673333620882	0.2509349775997902	0	0.0	0	0.0	0.0	0.0	-1.0	0.0	0.0	150.25799443268724	0	0	2	0	0	0	0	34	192	0	4	0	52836.369249456475	1.123303876491636	1.4432555909477298	28	0	0.21098235540176344	53001	-193.40504440149385	46.42082741756475	279.5749999999977	3816.7430532135763	-193.24315031357062	46.285557877645985	279.57254843793476	5007.936917680196
1	107	0.0	0.17234466960381056	0.7385796205858404	0.16051488266554917	1.0	0.029617699603919814	0.7182113921292912	0.18909566226056582	-1.0	0.0	0.0	1.645375774410039	1.8313159374276533	0.0	0.0	0.0	107001	339.7216721872437	225.477532201894	125.88471386219756	039253_5	151	1	1	1	42	0.10073244041223162	0.018746061934057978	0	0.0	0	0.0	0.0	0.0	-1.0	0.0	0.0	25.79999999999991	0	0	1	0	0	0	0	17	44	0	4	0	62726.76072916896	0.748939660201668	1.0327596411902096	0	1	0.20447173107580693	107000	316.9569236479922	213.83414240716237	126.91099402909092	4877.354863193183	316.9465087333168	213.6299634793567	126.91433824821611	103209.09251098959
1	31	0.0	0.8333117793654095	2.0148219913107823	0.641705460535345	0.0	0.27368081375954667	1.0824664117303018	0.14110104166116047	-1.0	0.0	0.0	0.9857711520328782	1.9069093448486187	0.0	0.0	0.0	31004	-267.66997592307655	-53.867152461216065	2.1855403986134476	039253_6	199	1	1	0	102	0.021981320230549883	0.11295434697698781	0	0.0	0	0.0	0.0	0.0	-1.0	0.0	0.0	62.313389801447634	0	0	3	0	0	0	0	33	107	0	5	0	54445.778301152415	0.9724229779198849	1.258967555050206	28	0	0.3563535755352409	31000	-308.80445008642494	-24.640556401316964	28.782701729716933	6432.331567397184	-308.57742713324586	-24.77367436817888	28.542435093612028	53671.0775992537
1	34	0.0	0.22356715666694602	0.980162793703364	0.10141722118709334	0.0	0.386033284420118	1.2799609749688052	0.25723382649818116	-1.0	0.0	0.0	0.7664179045976629	1.9099988324433634	12.641695057933456	0.0	0.0	34001	-3.1919714461532522	-14.42641310523282	23.40319487938214	039253_6	116	1	1	0	401	0.044395921183325304	0.11156123792853001	0	0.0	0	0.0	0.0	0.0	-1.0	0.0	0.0	261.4375919887838	0	0	7	3	0	0	0	34	427	0	5	0	53038.62736648245	1.0681331702653636	1.37528556612572	28	0	1.0886591890364292	34000	-208.2568670353623	28.896747048375875	149.51877013373442	3551.385150851035	-207.49279402712054	29.216665396594312	148.81235416674116	40649.75364895574
1	41	0.0	0.2180806043462232	0.9910341662150111	0.15946784922431942	1.0	0.09989731582919306	0.7494527071715247	0.1970288765501892	-1.0	0.0	0.0	1.9878422832391618	1.902316145537958	3.306505363496958	0.0	0.0	41001	-195.42385721977848	-4.564165300694561	1.8748343583654499	039253_6	199	1	1	1	117	0.16707381638289326	0.08819359342734417	0	0.0	0	0.0	0.0	0.0	-1.0	0.0	0.0	83.88357722383414	0	0	4	1	0	0	0	34	139	0	5	0	59620.698920999064	0.8199460232131636	1.0568629748251919	0	0	0.23250162296230475	41000	-256.11479880202126	25.40242213101273	27.365447512567776	6432.331567397184	-255.88761531658184	25.451745062194544	27.36889962544614	118516.54627143341
1	76	0.0	0.7733607481229796	1.93743954915971	0.6205892542288142	0.0	1.0355408552526715	2.3230303563998964	0.8305958569412893	-1.0	0.0	0.0	0.14140864985941207	2.0530115683730084	0.0	0.0	0.0	76000	335.0865232851655	-230.90641374385396	297.44088899731355	039253_6	226	1	0	0	122	0.21588675151614867	0.3108227778711018	0	0.0	0	0.0	0.0	0.0	-1.0	0.0	0.0	79.61219506237006	0	0	1	0	0	0	0	33	133	0	4	0	37575.314549365474	1.5445831344009182	2.002102650671959	92	0	0.241047926371245	76001	337.35308500611757	-178.50956289610033	253.28266029615958	7355.751755370679	337.14246805614863	-178.5466100372208	253.1714302978297	5313.474498468494
1	79	0.0	0.43328255806654625	1.3645200868627576	0.2958264024279664	1.0	0.13659535997683145	0.8734167216516097	0.10205324812703574	-1.0	0.0	0.0	1.874882755778054	2.0629960248696952	0.0	0.0	0.0	79003	339.6475334944445	-233.4372558541022	150.26952819251682	039253_6	146	1	1	0	120	0.07041887634683752	0.05209272918575486	1	0.0	1	4.522209494103331	4.522209494103331	6.783683509198373	97.26391758650624	3.005637424608992	0.6757859737466835	77.23283817639643	0	0	1	0	0	0	1	33	130	1	4	0	58158.03119628413	0.8765532239705063	1.1348477918674214	16	0	0.34393411807320057	79002	307.2339801086067	-286.9618915149224	189.71127877781356	4682.505128915353	307.4407389604869	-286.7222092404791	189.5767653507452	109039.48979991523
1	82	0.0	1.5661216935957942	3.2535047905236096	1.3124295599517823	0.0	0.705369131947676	1.8198184702757332	0.5477920999816499	-1.0	0.0	0.0	1.0417960319662263	1.906207993026844	6.834811623629378	0.0	0.0	82000	267.6944836999155	-294.9987258688901	290.14613523015026	039253_6	69	1	1	0	596	0.04969193767971189	0.11867057399783493	0	0.0	0	0.0	0.0	0.0	-1.0	0.0	0.0	404.6456211453024	0	5	8	1	0	0	0	33	671	0	5	0	45738.74806895538	1.3183063709222498	1.707131337213293	28	0	0.2132415992838903	82001	276.5727151839446	-0.815257051938388	93.14879620575896	2092.6257323784794	276.57765443418884	-0.9953389440568966	93.2628930751428	47650.44624534061
1	85	0.0	0.7813862667260247	1.9692939011891495	0.5117049104630566	0.0	0.7790013322584332	1.9724211880296527	0.5219749564652416	-1.0	0.0	0.0	1.7306418286676872	1.7040558682464855	5.507395689773808	0.0	0.0	85001	188.58867782282363	-82.45997622687194	1.4402367286875446	039253_6	200	1	1	0	52	0.10969796927975695	0.09285158443996178	0	0.0	0	0.0	0.0	0.0	-1.0	0.0	0.0	26.467462372158337	0	2	4	1	0	0	0	17	44	0	5	0	33337.56459697029	1.301060175555944	1.7883689624787549	16	1	0.7068706521327557	85000	202.96351950675256	-67.18855373422241	14.370249522899917	6449.251458731152	203.337074755071	-66.69212676859868	14.70741841693074	57695.38375742781
0	90	1.0	0.27600345857449543	0.2063297511086577	0.36250907197397736	1.0	1.0950440079103285	2.508852221259017	0.2910312319954243	-1.0	0.0	0.0	0.0	0.0	0.0	0.0	0.0	90001	35.88457882084822	-330.6045604036112	133.53082542742453	039253_6	121	1	1	0	269	0.10316263075681736	0.03906117358576677	1	0.0	1	7.019577039602772	7.019577039602772	5.022390272588587	82.29776036356931	2.292252467576728	1.5451907126062894	160.05592077600224	0	0	2	0	0	0	1	0	113	1	5	0	0.0	1.201865262830927	2.127588868117657	20	0	3.0116105943800315	90002	161.80472481124332	-277.9496574160933	190.14082193896394	3725.753925322073	164.4803991542866	-276.57535113390037	190.28863068324836	46953.416780362924
1	64	0.0	0.7718582957374372	1.9099592834896721	0.6072336371639047	0.0	0.4794396263907494	1.4247211701824603	0.33666791123116074	-1.0	0.0	0.0	0.7018274833884575	1.9104432318968714	2.326045590284827	0.0	0.0	64001	339.86675257010734	-73.53088820396667	63.547663110234794	039253_7	172	1	1	0	390	0.06747604597096254	0.15069751414031812	0	0.0	0	0.0	0.0	0.0	-1.0	0.0	0.0	248.84147159300542	0	0	4	1	0	0	0	35	418	0	5	0	43531.064101511845	1.1355814430290712	1.4656677374170564	28	0	0.4233113706154625	64000	107.49153726901349	-101.40049172990624	85.71185177179933	5896.442379361903	107.19132355001884	-101.11270893537036	85.63282454491603	30551.297167585682
1	80	0.0	0.4439525378206626	1.3838485146868766	0.3114621430502375	0.0	0.30422178519538084	1.1391975402584216	0.2039186683004573	-1.0	0.0	0.0	1.1365130204252785	1.9068616024090816	0.0	0.0	0.0	80001	339.89775443008267	72.91178927614399	56.534992834970126	039253_7	126	1	1	0	237	0.09534545928493082	0.11147655006350077	1	0.0	1	2.522827332847116	2.522827332847116	3.967195693456236	63.022065613615126	1.8387473615477998	0.7334362345514152	151.4947951524328	0	0	2	0	0	0	1	34	254	1	5	0	40526.31821182846	0.9965062237856763	1.292951490426063	28	0	0.10307800352680722	80002	209.62537545680567	106.7678984707994	98.33208455950879	4435.926027669455	209.53537659401164	106.71789643493148	98.33709214534606	46058.688317641136
1	92	0.0	0.8970810578987602	2.123979151981744	0.702149449023077	0.0	0.5714184921506675	1.5818670088092106	0.41565135734444286	-1.0	0.0	0.0	0.2486597963516042	1.9069093448486165	0.0	0.0	0.0	92001	4.38247766536233	312.5250969982586	204.53773876836178	039253_7	140	1	0	0	135	0.0690874564809969	0.1550553551934596	0	0.0	0	0.0	0.0	0.0	-1.0	0.0	0.0	83.89715172082849	0	0	2	0	0	0	0	33	142	0	5	1	44359.31874560742	1.2059730794990504	1.5613380327571538	92	0	0.07190429592869531	92000	70.53988275450634	332.90115911008303	227.4603814794538	4832.527570308078	70.6109640935068	332.90966908590156	227.46710839036967	11030.37916557864
1	27	0.0	0.625489248359181	1.6997108006895165	0.42135030768016124	0.0	0.6288436602069243	1.7109632974266804	0.422511808373179	-1.0	0.0	0.0	1.7917692902499882	1.6927582178310765	0.0	0.0	0.0	27001	-201.06626797582607	-336.117694842871	16.713802348129573	039253_8	92	1	1	0	49	0.0491086240367451	0.10461038421224483	0	0.0	0	0.0	0.0	0.0	-1.0	0.0	0.0	29.50726182265572	0	0	1	0	0	0	0	17	50	0	5	0	33652.833752899656	1.217728620795045	1.632654807149602	24	1	0.3316941762585878	27000	-222.02218140110818	-319.2664057018608	24.702161897555307	3088.9202442128576	-222.17801051355664	-319.0075406170598	24.83900919255375	60298.11404833387
1	28	0.0	0.8121703472656665	2.004720786875292	0.6570650393363452	0.0	0.06323129497369079	0.669504432029963	0.12362223929772038	-1.0	0.0	0.0	1.302763973902409	2.0629960248696793	0.0	0.0	0.26804427145894966	28001	-187.07623071523898	-329.8138656176679	1.718464432570645	039253_8	191	1	1	0	293	0.06236172233692694	0.06644688654775599	1	0.0	1	12.566564320118838	12.566564320118838	7.363075790811971	51.15908071891312	3.2300132549295797	1.8090806196908342	197.8045263958037	0	0	2	0	0	1	1	33	331	1	4	0	63518.66087448322	0.7807486285697964	1.0108123875496264	24	0	0.2761546781850474	28003	-326.88476669791277	-216.07492251105654	45.062233981610326	6244.867925445887	-326.93678138373554	-216.3356669768178	44.98761359353093	82749.82305780123
1	40	0.0	0.513551361504752	1.4963435783905876	0.37191597681334415	0.0	0.7329730353268393	1.8339800889242828	0.5633795982244131	-1.0	0.0	0.0	0.4555779239047364	1.9069093448486192	0.0	0.0	0.0	40001	-339.5286453066075	285.82947295871946	229.0850032880161	039253_8	182	1	1	0	372	0.15260411445131616	0.2252431621271187	0	0.0	0	0.0	0.0	0.0	-1.0	0.0	0.0	248.54516588942525	0	0	4	0	0	0	0	33	417	0	5	0	44957.498127013096	1.320420465713697	1.709509712444068	28	0	0.3472025448109796	40000	-111.83981023488568	281.47092289129444	247.4516999382031	5979.435535736941	-112.18695268397559	281.47058245145934	247.44524925887495	20481.6436606557
1	53	0.0	5.882003815887234	10.401330714375783	5.469041156095557	1.0	5.4714717013853384	9.755241285105203	4.854029678130841	-1.0	0.0	0.0	1.136017426600933	1.8351217395642145	0.0	0.0	0.0	53004	334.8147660539412	-155.35715937118087	177.94383656476265	039253_8	205	1	0	0	51	0.11129782876989375	0.05693189958371314	1	0.0	1	2.175844145760191	2.175844145760191	4.278366658966032	21.080236923550956	1.974778185918371	0.5599860103392775	37.78849918287459	0	1	2	0	0	0	1	17	62	1	4	0	13983.521542839577	5.0043587835687156	6.515307289564954	80	1	0.5020583980921413	53016	335.2164558144001	-167.90709415586076	199.1337962981474	6802.299335238192	334.8543741825032	-168.00150728952195	199.4685285600075	15885.524157915326
1	59	0.0	0.4177633622861867	1.3301121922155887	0.2775086402318189	1.0	0.10707534683635919	0.8278824838162611	0.14869696188302337	-1.0	0.0	0.0	2.0844719436476797	1.9161585355587947	0.0	0.0	0.0	59000	338.49168735036795	-144.3406547701427	181.60595869405614	039253_8	136	1	1	1	443	0.12214833365880479	0.042777886509695606	1	0.0	1	19.638532271687694	19.638532271687694	28.627266681865954	55.79459872096206	9.465140150427134	1.1396315594742874	278.6047445466443	0	1	2	0	0	0	1	34	466	1	4	0	50949.35992816455	0.8611152657528509	1.1048257281720264	0	0	0.30285725671398706	59002	94.85251519055862	-231.32141830143337	122.90323121380683	4371.917320817043	94.56716346153613	-231.4205299696173	122.9249978377525	106202.51131706637
1	62	1.0	2.4500842678570782	4.713470950988398	2.1725823914048346	1.0	0.2908642184203444	1.1400364309530941	0.22130679544022258	-1.0	0.0	0.0	1.937926677349594	1.9069093448486192	2.8276912270273296	0.0	0.0	62001	268.59764014890357	202.18706104731368	1.8838824555174258	039253_8	77	1	1	0	383	0.11287438980247372	0.03909328585775129	1	0.0	1	13.285605544274546	13.285605544274546	10.061043050068522	87.9721455188962	4.2186991125961155	1.507151562518913	274.65323422235906	0	2	7	1	0	0	1	33	457	2	5	0	46945.82316783708	1.002027256573443	1.2972953477513003	16	0	0.37440773957724377	62002	268.9702030747211	16.06137971783937	126.63200909642849	2563.7815671347776	269.1512757921845	16.031300453102453	126.95833571850923	90977.5631070881
1	64	0.0	0.3578510719746317	1.24864352228812	0.0948759633317349	0.0	0.3450265235876044	1.2447623686177933	0.12227076509045727	-1.0	0.0	0.0	1.4970897239734047	1.6927582178310732	0.0	0.0	0.0	64001	339.83600419462607	-291.798883814352	86.10524719000487	039253_8	193	1	1	0	34	0.06665262782610637	0.09601456375663231	1	3.655618932224268	1	10.964225041102399	10.964225041102399	15.900675266822086	50.25935448502503	2.4574102623648093	0.8088867438017389	22.199999999999985	0	0	1	0	0	0	2	17	38	1	5	0	55671.35476623537	0.9431868028648808	1.3446544956599498	24	1	0.2753766403933565	64005	319.0037112323802	-288.90211113780583	90.23822097986019	6294.866819203269	318.730784361192	-288.88337545701893	90.26972004846829	83345.01314020879
1	65	0.0	0.47769753225880707	1.4491943454497023	0.3567292667013498	0.0	0.4969032470084025	1.408305979660422	0.33249641621454074	-1.0	0.0	0.0	0.4349719260527922	2.0599982419283447	6.800378354814401	0.0	0.0	65001	302.9121511764697	-282.4021062377086	0.8874433713709722	039253_8	153	1	1	0	150	0.14404143369015154	0.23809529408903518	1	7.168931849335449	1	24.352698515183768	24.352698515183768	64.21667688360425	33.59048199800452	10.199999999999909	0.9367284409799284	94.33809742873898	0	0	3	1	0	0	2	34	160	1	4	0	55322.788424889266	1.1191346621135876	1.4474222872606808	28	0	0.42298747566957245	65009	226.69512226339643	-268.38038094305796	32.91976041232023	5075.4266158801975	226.63061793287542	-268.79620984133066	32.87681948453982	24063.859835785202
1	42	0.0	0.2533503589425009	1.0059393836549788	0.08854819027027	0.0	0.08285170488634122	0.6939619975629454	0.10301507997965181	-1.0	0.0	0.0	2.126951981058667	1.9069093448486192	0.0	0.0	0.0	42001	-320.37452298304777	-335.5049970030945	91.2730405783052	039253_9	161	1	1	0	421	0.052124775899254794	0.08401806878998797	0	0.0	0	0.0	0.0	0.0	-1.0	0.0	0.0	269.26140714266927	0	0	4	0	0	0	0	33	450	0	5	0	59475.71829027968	0.7907994647983099	1.023824910906376	24	0	0.8881259348284771	42000	-118.65140068542	-209.1474241044573	161.28076243993894	5333.007431827399	-118.02046780512232	-208.5233348748106	161.24606359106414	126501.99684239755
1	75	0.0	1.1798958414188534	2.6157736139282384	0.9874703519488613	0.0	0.46827991888	1.4321214345213547	0.349685728839592	-1.0	0.0	0.0	1.5392388424825731	1.9096239395010286	3.4694621072564282	0.0	0.0	75001	339.7209204537792	-178.41266190726876	126.90506108212587	039253_9	189	1	1	0	233	0.0755462843269441	0.06503920363592997	0	0.0	0	0.0	0.0	0.0	-1.0	0.0	0.0	153.12611190566298	0	1	3	1	0	0	0	34	258	0	5	0	36441.084879756265	1.1385283334780663	1.4740192949989679	16	0	0.5130356285088042	75000	202.85320556602588	-166.16294107123866	130.3513221051774	6383.224649650615	202.4146576723835	-165.90210926495809	130.4046894166488	56091.53330912523
1	108	0.0	0.5906555305446287	1.629546948858815	0.4291691740633931	1.0	0.44613734640242714	1.3928297061214199	0.3465344913989075	-1.0	0.0	0.0	2.9200225986191413	2.062996024869665	0.0	0.0	0.0	108001	184.75627780240373	262.6682299593982	1.3210793225137496	039253_9	123	1	1	0	117	0.13524149584354828	0.0708584285523225	0	0.0	0	0.0	0.0	0.0	-1.0	0.0	0.0	76.5388703850907	0	0	1	0	0	0	0	33	129	0	4	0	35150.603369533244	1.1196975678330994	1.4496396541203846	16	0	0.6783086225013908	108000	177.50223095901362	205.51645827001258	35.835213305626844	4154.514648990397	177.32980168777948	204.87823151225135	35.98699386913546	102640.5561941352
1	111	0.0	0.6819149842191013	1.7690435648409637	0.5166180059124778	0.0	0.1876966808263878	0.9635952231588181	0.11745100481620435	-1.0	0.0	0.0	1.343434895807498	1.9298596931851457	0.0	0.0	0.0	111001	298.579875945793	323.3566187860682	1.052008841063125	039253_9	104	1	1	0	122	0.055400057949719805	0.05633874835858432	1	6.234703481825257	1	32.55187039833706	32.55187039833706	62.21258744414512	30.63978314781525	10.179900063005752	0.8871169604564368	72.25508787462624	0	0	1	0	0	0	2	34	121	1	4	0	51411.8180097064	0.923871120243533	1.186747502412307	24	0	4.39001856229112	111006	233.33615798778246	307.3263889460986	14.719086636575076	3432.87826296813	229.7682601626215	305.50010460780123	16.509911475067632	69068.43037114397
1	28	0.0	0.19292695263736362	0.894226849145772	0.07940338098503236	0.0	0.1842706007092123	0.8803331422004047	0.1077811535030037	-1.0	0.0	0.0	0.15520165872400782	1.6994924477177904	6.389561495438032	0.0	0.0689491821759545	28001	-3.767142122213727	94.26396602514626	32.97824248520507	039349_0	1	1	1	0	50	0.0786041694418057	0.13728643800490659	2	0.0	0	0.0689491821759545	0.0	0.0	-1.0	0.0	0.0	35.371623974859666	0	0	2	1	0	1	0	18	61	0	5	0	56135.67389860019	0.877606274735472	1.1340398074697917	28	1	2.8109433507496484	28002	-18.962699937237765	72.05514574231958	47.04954872242852	407.74214793904434	-18.661348339651205	71.5885632646506	49.80506873275106	8712.34970265274
0	63	0.0	0.18672803680260838	0.4556322600675031	0.6040195278721119	1.0	0.09320681337539759	0.4763596329542428	0.6088117848583544	-1.0	0.0	0.0	0.0	0.0	0.0	0.0	0.0	63001	44.311740488314626	288.8866225618259	1.9372737421198853	039349_0	42	1	0	0	6	0.07768869615427798	0.031382391405377075	0	0.0	0	0.0	0.0	0.0	-1.0	0.0	0.0	3.239772196907419	0	0	1	0	0	0	0	0	6	0	4	0	0.0	0.4120592940385325	0.9347890475933063	326	1	0.27592048491801446	63000	42.13664069145693	286.78072688115793	2.9766015231129113	1644.939763694123	41.8622827380057	286.80967578292945	2.981269334342116	121457.01158489005
1	68	0.0	0.3301780364521244	1.1707733571101113	0.18547303541369647	0.0	0.23497879281771925	0.9851285210155923	0.09547377345443442	-1.0	0.0	0.0	0.9298626166807962	1.9069093448486192	0.0	0.0	0.0	68001	339.7991792268299	109.95114965531434	147.69999732504638	039349_0	114	1	1	0	431	0.06007173370044072	0.14226692933348373	1	0.0	1	4.5801219484479985	4.5801219484479985	4.452528170432968	99.14184945915719	2.050041939020001	1.006003506459366	279.3174018973328	0	2	3	0	0	0	1	33	469	2	5	0	51629.73204347451	0.9246159076515437	1.1970731410590896	28	0	0.4033184129242584	68006	103.42645721518791	206.2940549574768	237.1367361645163	4026.204328156124	103.7548841044163	206.4060096467334	236.93114514285202	48008.55773647356
1	27	0.0	0.6821872551189418	1.719914091577178	0.5084304418763741	0.0	0.26638315376653443	1.0895994409292986	0.1597128483337578	-1.0	0.0	0.0	1.3052851098893932	2.007141985355166	13.03579414462582	0.0	0.0	27002	-293.0221092984379	-335.05391928397677	253.26832206804232	039349_10	137	1	1	0	351	0.0329498047714909	0.07694585188323078	1	0.0	1	1.5879332050635857	1.5879332050635857	2.4040523073314715	47.40742789815704	1.1217681450680899	0.3194627161061531	238.0727034373797	0	0	8	3	0	0	1	33	404	1	4	0	53323.297376635135	0.9776444842002284	1.258295956970994	24	0	1.6318623091801137	27009	-200.7302404469169	-175.31371606683948	152.29059610567248	4702.0162393174	-199.5198371817847	-175.62082602521022	151.24008099138354	69602.10607592599
1	54	0.0	1.528648337292978	3.186524385706933	1.3042776781709082	0.0	3.5253170392750914	6.515163026335807	3.104925948293172	-1.0	0.0	0.0	0.8532677427039235	1.9041479264866426	0.0	0.0	3.2491725428783873	54019	323.654554750674	145.09352286430726	14.6499479782974	039349_10	126	1	1	0	113	0.12188841847043003	0.145082005859207	1	0.0	1	3.8502578893830806	3.8502578893830806	6.769305249513936	73.29465342570504	3.000000000000001	0.7164584491413344	69.76410359981973	0	0	3	0	0	1	1	32	117	1	5	0	13268.635673245624	3.5043814077155484	4.553067478061294	28	0	0.40659100912563073	54020	318.7686413995073	103.40822051259086	54.09102184538658	4358.06781885196	318.3951358019058	103.5684738083769	54.10236637939373	11321.698809671048
1	58	1.0	0.5494861077747385	1.5664111792875577	0.4295296416961143	0.0	0.44363638314074216	1.2978533228726519	0.27591250914981735	-1.0	0.0	0.0	0.18447078916856496	1.9082814760832723	0.0	0.0	0.0	58001	327.5442962652034	330.66127937845147	146.03170732352172	039349_10	84	1	1	0	252	0.15327976405793753	0.2472204605661994	0	0.0	0	0.0	0.0	0.0	-1.0	0.0	0.0	172.55387902016167	0	0	4	0	0	0	0	33	292	0	5	0	49481.97090302088	1.0631475403675439	1.3746710567398503	28	0	0.3511927428481355	58000	275.69719845126184	181.19663310221276	165.2740060144419	3224.0165658192022	275.7871245290138	181.53492504470992	165.30243495763088	9127.978222096232
1	19	0.0	0.26730449057211875	1.0533587918505671	0.12494042590084482	0.0	0.16645523948876417	0.864599397502684	0.08445755497976003	-1.0	0.0	0.0	0.5764956554952755	1.8490202724437381	0.0	0.0	0.0	19000	-221.72434055253893	73.92120829954192	297.93499999999733	039349_11	73	1	1	0	75	0.062365107155603616	0.12207794015621332	0	0.0	0	0.0	0.0	0.0	-1.0	0.0	0.0	48.82573163313522	0	2	2	0	0	0	0	34	83	1	5	0	58955.22326402557	0.8660897894155474	1.1234925506889797	28	0	0.6706135016274599	19003	-257.51693106635423	63.169497816031026	271.1173766803147	2372.651726198881	-257.8423230851399	63.464867094220565	270.6108201758876	33987.430080464736
1	24	0.0	0.1465300461676458	0.8739846899142195	0.07644261246204617	0.0	0.1522033709711629	0.8715982067628655	0.07406553369485393	-1.0	0.0	0.0	0.9851966204287045	2.0405289673173144	0.0	0.0	0.0	24001	-339.64268309003853	176.85187657971701	22.274608178907105	039349_11	119	1	1	0	490	0.04492301916365804	0.08989173777123333	0	0.0	0	0.0	0.0	0.0	-1.0	0.0	0.0	314.4440122125785	0	0	1	0	0	0	0	33	524	0	4	0	58706.15379892375	0.8754027896884409	1.1313857225064923	28	0	0.7677889449736064	24000	-78.57930196293353	37.330860123217136	64.56900393804915	3898.6123209571074	-77.81221528119417	37.34024782988322	64.60046435262598	57837.104321067425
1	41	0.0	0.31780268167526754	1.1628733680638332	0.19855678985554123	0.0	0.34395976544739804	1.1823229023572215	0.18163480039175708	-1.0	0.0	0.0	1.1513007111251	1.7281666575135364	0.0	0.0	0.0	41000	339.7059193924798	-70.50866746041778	38.11041888896753	039349_11	160	1	1	0	54	0.06466262315469246	0.15647342739073733	0	0.0	0	0.0	0.0	0.0	-1.0	0.0	0.0	34.02205349704865	0	0	1	0	0	0	0	17	58	0	5	0	44179.79852904461	1.0062629972158808	1.3167957454353516	24	1	0.07365243665191559	41001	314.48374711762585	-88.4628886154157	26.20653865149895	5494.4551465656	314.4179432236009	-88.49543420395635	26.21248117810442	50864.2334638527
1	43	1.0	2.9987180985260657	5.635788865347866	2.6360240359250406	0.0	4.821454499811528	8.653510241626444	4.283538548583109	-1.0	0.0	0.0	0.38544253612051804	1.9182240564289255	0.0	0.0	0.0	43000	261.62701189216165	-326.7311538296755	283.48459299476656	039349_11	122	1	1	0	85	0.2545174410774388	0.31339168269680734	0	0.0	0	0.0	0.0	0.0	-1.0	0.0	0.0	53.28326963081552	0	0	1	0	0	0	0	32	89	0	5	0	17776.151876700875	4.506629681315429	5.850784155382798	28	0	2.1402046383987465	43001	260.1617232565027	-318.5152193773001	236.6379716679422	3932.1542499999996	260.23846124847233	-317.7898486250475	234.625901975663	6851.685061819092
1	46	0.0	0.7216690591160116	1.8478847603847393	0.5546666046289842	1.0	0.18424165370500512	0.9633601003403245	0.12982654256771298	-1.0	0.0	0.0	1.6522060025969147	2.0678150175097603	1.4777202156452502	0.0	0.0	46001	339.74008987211795	-154.77626656616587	92.22818839120872	039349_11	93	1	1	0	146	0.08331247568246547	0.03788700898172492	1	20.829145227160133	1	34.38675198821361	34.38675198821361	77.78312497703624	33.251828958038544	2.9999999999999813	1.7896302420259553	88.21063951004766	0	0	2	1	0	0	6	32	147	1	4	0	52769.116702167754	0.9145916711300971	1.187801670129169	16	0	0.3302211911879884	46012	259.6610410085627	-163.48927584584607	107.85579378435912	3117.440606705201	259.4002644565566	-163.34219353906875	107.99510789012913	87185.45136705867
1	47	0.0	0.950938199263915	2.2134353789307517	0.7839683227464663	0.0	0.5645982992095931	1.5906140596038567	0.42531715700228057	-1.0	0.0	0.0	1.1275701741333055	2.0180837723714817	19.17853941300923	0.0	0.0	47015	339.8481035885746	-183.0888959036841	79.59740904935485	039349_11	119	1	1	0	489	0.04299737355890254	0.09283075087286202	0	0.0	0	0.0	0.0	0.0	-1.0	0.0	0.0	309.41499944804275	1	1	8	4	0	0	0	34	519	0	4	0	47015.80690021919	1.2117312544260246	1.5675721969990377	156	0	0.2521159110669019	47001	78.14791626833751	-44.658108347952385	74.30171516413743	3898.6123209571074	78.40002394446462	-44.66014460639173	74.30163833675077	53013.62157349802
1	19	0.0	0.32378422241982435	1.129928753322088	0.16850081391011829	0.0	0.3312356760298356	1.190958860182093	0.20615426701271816	-1.0	0.0	0.0	1.023537722808429	1.9083960610430097	7.398924348752456	0.0	0.0	19008	-3.0003634391239076	-323.1240014505109	6.093794682042047	039349_12	32	1	1	0	349	0.060174226053934354	0.1035890031470213	0	0.0	0	0.0	0.0	0.0	-1.0	0.0	0.0	228.76195044380657	0	0	2	1	0	0	0	33	383	0	5	0	56720.77254325796	1.0209673176232397	1.3201536293840657	28	0	0.24729425891541204	19000	-182.31028110094687	-201.6077935468277	31.9957943380799	1451.4097585691482	-182.49271774195955	-201.74393777699032	32.09241768464771	58055.850364861115
1	24	0.0	1.617199284860418	3.333044033329907	1.3565442569706498	0.0	0.3708853861136816	1.245304775186368	0.23348893683019914	-1.0	0.0	0.0	0.8966297828011072	1.9690595898031173	0.0	0.0	0.0	24000	-3.1491392953675206	-243.1418746970108	237.70260854941665	039349_12	90	1	1	0	461	0.05704684261183646	0.14330497926034458	0	0.0	0	0.0	0.0	0.0	-1.0	0.0	0.0	294.91830830413534	0	1	4	0	0	0	0	33	491	0	4	0	54252.04811629572	1.0306328337386081	1.3235034023175993	28	0	0.05642641200818991	24001	-272.0260289559206	-254.84433090928445	211.32206014017146	3306.617876243692	-271.9833661164618	-254.80743877449177	211.32373121523602	48644.00211902945
1	27	0.0	0.40103540245695457	1.346652058071786	0.23080616814015795	0.0	0.44598547015247963	1.3750447132087875	0.20308187339177358	-1.0	0.0	0.0	0.6596947186009414	1.6927582178310774	0.0	0.0	0.0	27001	-95.02126158629324	335.06010502966654	43.18451791376104	039349_12	92	1	1	0	41	0.09814815314419995	0.18037845785724	0	0.0	0	0.0	0.0	0.0	-1.0	0.0	0.0	25.980166734597628	0	0	1	0	0	0	0	17	44	0	5	0	51255.68695603043	1.0302560009271973	1.420643135530246	28	1	0.3353372721399267	27000	-107.4805224411891	313.2815835399701	46.00152679075053	3343.7446483883473	-107.79624337221017	313.3353800657261	46.10091146571615	33813.10598315644
1	44	1.0	2.510091792855612	4.800594885026754	2.19101980136505	1.0	0.03415878647905532	0.6406657499569902	0.1567350276003886	-1.0	0.0	0.0	2.300932737475159	1.9069093448486192	0.0	0.0	0.0	44001	279.4374631067734	-176.6027300381059	5.946819333874354	039349_12	109	1	1	1	116	0.09365081281032961	0.035413593404304944	0	0.0	0	0.0	0.0	0.0	-1.0	0.0	0.0	403.7775172298001	0	0	4	0	0	0	0	33	236	0	5	0	54882.17547918469	0.7681223207005831	0.9944654764745536	0	0	4.459711323069012	44002	246.63167463736187	-127.50462792509487	39.17891717983418	3992.9587212747433	247.39936875434563	-125.54983608872922	43.11318454547377	126280.19426391248
0	45	0.0	0.3977994395091096	1.3072686059125913	0.2721662899105408	1.0	1.8194117405673331	3.731440644922341	1.0901124438313503	-1.0	0.0	0.0	0.0	0.0	3.921628451137079	0.0	0.0	45001	229.8809786410937	-280.83131844248805	281.53292092288314	039349_12	138	1	1	0	191	0.20343405289987881	0.09190438894953773	1	0.0	1	6.865597078280531	6.865597078280531	5.41379701064246	56.22661586539287	2.4551763933753206	1.6125375195997074	120.39346775580063	0	0	4	1	0	0	1	0	155	1	5	1	0.0	1.8481807946396653	2.8506025559535635	20	0	0.20334963195483188	45004	317.63413236143634	-219.78065128016516	279.44404830906484	4817.840340798593	317.69856574606	-219.86072859146535	279.2685859598926	41284.74498442054
1	49	0.0	0.533511175923177	1.519735975130623	0.3796717429973155	0.0	0.45773441113242264	1.3846979651613298	0.3109964408002964	-1.0	0.0	0.0	0.49585088555347656	2.0556791848334472	6.778854620164462	0.0	0.0	49000	339.20448292511463	-191.02470764463015	70.80291615841038	039349_12	125	1	1	0	294	0.06037061491788687	0.15591433435872637	0	0.0	0	0.0	0.0	0.0	-1.0	0.0	0.0	185.7869803515658	0	0	4	1	0	0	0	34	314	0	4	0	52434.24468549194	1.11641944789112	1.441036150391881	28	0	0.46650871652064624	49001	168.59380505117537	-188.25063942164806	21.42834483641322	4402.265257193871	169.04806192456323	-188.24738787190108	21.53450746163447	25999.56666062885
1	51	0.0	0.44726136308407155	1.3813747778545533	0.3045803277541218	0.0	0.32110836968879714	1.188443347785942	0.2164684499001098	-1.0	0.0	0.0	1.294091102790548	1.9069093448486312	0.0	0.0	0.0	51001	339.7250124415349	-210.04411295982862	213.70793068573363	039349_12	88	1	1	0	71	0.0557562051548498	0.05104168699545519	0	0.0	0	0.0	0.0	0.0	-1.0	0.0	0.0	45.00000000000001	0	0	1	0	0	0	0	33	76	0	5	0	47498.93665972302	1.0244519136812584	1.3263278946706047	16	0	0.4334423024628988	51000	296.9695288151346	-217.4556152340333	220.35637635353228	3209.36263726448	296.53858994920427	-217.50109496916048	220.36614963792303	61467.951323359346
1	54	0.0	0.2535266914900678	1.0594152564658539	0.148584432393706	0.0	0.6087155624066414	1.6577929408545582	0.46900942941389445	-1.0	0.0	0.0	0.7720686125695185	1.9587452309389237	0.0	0.0	0.0	54000	13.410879981501443	336.0476078616533	129.47495199672196	039349_12	79	1	1	0	264	0.06125123622999612	0.13217719241941323	0	0.0	0	0.0	0.0	0.0	-1.0	0.0	0.0	172.54959104873004	0	0	3	0	0	0	0	34	290	0	4	0	51531.37785338417	1.2478295985288568	1.6043206693921708	28	0	0.06827336229522185	54001	137.78897735794453	248.9522026419423	60.61328922285419	2765.092750306017	137.80206038621583	248.88535708829514	60.60862464056322	39785.75940305793
1	28	0.0	0.5982277176331142	1.6476502841523266	0.456990879175737	1.0	0.11866722400509416	0.8476493133821346	0.10185291736951732	-1.0	0.0	0.0	2.3989887511536447	1.9628723278138984	0.0	0.0	0.0	28001	-38.799750997394646	-55.8567333282586	14.115413991245424	039349_13	67	1	1	0	488	0.08847070312849126	0.04298125781799689	0	0.0	0	0.0	0.0	0.0	-1.0	0.0	0.0	336.13907755129446	0	1	7	0	0	0	0	33	558	0	4	0	46698.083953895206	0.8747441076228345	1.1239303095887379	16	0	0.19849318915761058	28000	-112.04216302896127	214.46025893321175	119.41295231227153	2387.358422811909	-111.9669095225222	214.34984374358282	119.55973426555526	112028.17810582311
1	29	0.0	0.7121058569297751	1.8123808801460481	0.5482688383039095	0.0	0.5378302005754783	1.5274480618393629	0.3764671094575209	-1.0	0.0	0.0	0.17086558176531844	1.9070856523400597	4.201114092091664	0.0	0.0	29001	-337.1089331860214	308.117819601023	1.0888919931608474	039349_13	126	1	1	0	494	0.06073253099675435	0.15188836092811764	0	0.0	0	0.0	0.0	0.0	-1.0	0.0	0.0	315.4776605747244	0	1	4	1	0	0	0	34	528	0	5	0	49931.71820691582	1.174821054047616	1.5270676722028587	28	0	0.8336635777391956	29000	-183.40573626782358	51.56874548423722	26.73228681405002	4572.609056176905	-182.67656369828285	51.18696434253499	26.864746183363074	8531.612079966615
1	32	0.0	0.2690867708227599	1.0671150001653353	0.13164096902566869	0.0	0.22017169501916187	0.9571694624488982	0.088530560882344	-1.0	0.0	0.0	0.999659609193228	1.9069093448486192	0.0	0.0	0.0	32001	-339.3243715507889	-80.55529182161096	260.68162554275705	039349_13	110	1	1	0	398	0.0719874539258854	0.1391273279742143	0	0.0	0	0.0	0.0	0.0	-1.0	0.0	0.0	256.19999999999993	0	0	1	0	0	0	0	33	428	0	5	0	57133.07964777208	0.9113877871926565	1.1799470808464247	28	0	0.6698490819224786	32000	-93.60149705481999	-29.984462741244517	261.7250356143628	3958.994134978335	-93.88978347164698	-30.246364857653397	262.2700090227471	57113.63207269741
1	56	0.0	0.8235103134996568	1.9779316935351225	0.5923452369284714	1.0	0.8913100830438064	2.164900840198572	0.5760787268094673	-1.0	0.0	0.0	1.661637392254235	1.6858380911142412	0.0	0.0	0.0	56000	319.7387682050627	22.79499159269766	293.2680461744521	039349_13	93	1	1	0	43	0.20284222614858544	0.13127885369053538	1	0.0	1	18.050701713610717	18.050701713610717	8.34501373626365	11.666930058633255	3.599999999999968	1.6707428355263731	26.069282938097178	0	0	2	0	0	0	1	16	38	1	5	0	33471.44114426815	1.3348174285794394	1.8985721660964612	16	1	0.9627916774303902	56008	333.2500776208417	7.890812300226204	285.3077281396493	3367.4342477226387	332.65994150638176	7.1989058042858405	285.6239125501045	55617.39817795283
1	60	0.0	0.3790421008507286	1.2723338938482769	0.2504178142148932	1.0	0.17290541542395918	0.935181728292727	0.12479917212101464	-1.0	0.0	0.0	2.1323650097451874	1.939044190383041	0.0	0.0	1.014714025148527	60000	339.7191479713152	128.64263567701633	138.14053113517724	039349_13	107	1	1	0	145	0.08302244562085659	0.05247560021413433	2	0.0	0	1.014714025148527	0.0	0.0	-1.0	0.0	0.0	91.06668340282916	0	0	1	0	0	1	0	33	153	0	5	0	46427.35118979236	0.9015853898240644	1.1734455470963678	16	0	0.29937381239076966	60001	254.9636014654318	102.35754898240373	143.22611059945677	3910.4175026011376	254.67326672887916	102.32607374525216	143.29198722461737	99000.05917226482
1	22	0.0	0.3287206239097923	1.1283661668401832	0.16739191979141993	0.0	0.1618071907398003	0.8972163001588627	0.110176365575246	-1.0	0.0	0.0	0.8967012070380466	1.9017662719500703	10.393583289503109	0.0	0.0	22000	-216.06087245455947	73.88191237002198	298.38102372686586	039349_14	120	1	1	0	118	0.07775232225356143	0.08647420823972951	0	0.0	0	0.0	0.0	0.0	-1.0	0.0	0.0	83.64236450509844	0	0	2	2	0	0	0	34	139	0	4	0	49572.32630399994	0.8934790079925998	1.144553138058271	28	0	0.16829395968603972	22001	-272.970844484964	37.609264676176245	272.6220274706233	4583.193645983886	-273.008685463326	37.62549237869387	272.45884787969845	44451.564832480646
1	17	0.0	0.6204221864098731	1.64595768988048	0.4514494640559902	0.0	0.437465494335845	1.3718296124437788	0.29475899675823575	-1.0	0.0	0.0	0.969353003290801	1.9041479264866423	3.745533748386675	0.0	0.0	17001	-207.16226745217614	-201.32070997162958	10.442802415223376	039349_15	130	1	1	0	176	0.030461562341431825	0.10646298246568314	1	0.0	1	15.03293890238436	15.03293890238436	22.204399485434504	11.264530859538468	7.8803524074084565	0.9338098849707998	110.45821308123466	0	0	3	1	0	0	1	32	138	1	5	0	49753.1925797759	1.104221476210263	1.4345749217570387	28	0	0.8329516053019322	17003	-151.50178661509852	-139.32594219050475	23.32490921764183	4002.366205113656	-151.56312541573894	-140.156304283008	23.301569902213494	48228.406650511366
1	18	1.0	0.9035849107129388	2.0978864159749535	0.7799448549986308	0.0	1.756989734521092	3.4870354580032004	1.4820086662944563	-1.0	0.0	0.0	0.27459903645712136	1.9037910841180068	0.0	0.0	0.0	18001	-252.65349305112795	335.3023130015587	208.10831746242798	039349_15	114	1	1	0	65	0.46413399048304743	0.524678319035467	0	0.0	0	0.0	0.0	0.0	-1.0	0.0	0.0	42.561545985615716	0	0	3	0	0	0	0	34	70	0	5	0	56842.40324060494	2.0657389588274113	2.6958147534848145	28	0	0.2675386169613384	18000	-228.0675957144928	312.0334980096572	211.74499999999884	3623.568748267233	-227.91098108583327	312.25040529320347	211.74499999999875	15608.869159777269
1	23	0.0	0.19094363277800327	0.8762652124827077	0.0462286053418022	0.0	0.09570287779480639	0.7327206008550547	0.11377412140135243	-1.0	0.0	0.0	1.765424864215135	2.0489261113382353	0.0	0.0	0.0	23000	-97.55913831541217	-336.23876664842675	98.75366880332123	039349_15	42	1	1	0	154	0.07515654855786513	0.08974667572290662	0	0.0	0	0.0	0.0	0.0	-1.0	0.0	0.0	97.82756467010645	0	0	1	0	0	0	0	33	164	0	4	0	63759.35321726153	0.8094715871791245	1.0468567557541624	24	0	0.25300530574204366	23001	-170.38689004348913	-275.8837176370118	94.69601374592256	1770.5223983149199	-170.52704557421353	-276.0939376705541	94.70926702621264	112562.34749602876
1	29	0.0	0.20208069369442766	0.9631752524236903	0.08670672539527383	0.0	0.23906605428035058	1.0085296238044608	0.10516671958564192	-1.0	0.0	0.0	1.0595965248382555	1.906909344848616	0.0	0.0	0.0	29001	-249.04256000733304	333.3732834198764	1.3544085700587414	039349_15	159	1	1	0	94	0.04635554757002	0.1261739630447547	0	0.0	0	0.0	0.0	0.0	-1.0	0.0	0.0	52.91065069844435	0	0	1	0	0	0	0	33	89	0	5	0	53065.095935079415	0.936654534819961	1.212659199139292	28	0	0.4125741431150704	29000	-224.09576597929146	323.9897267564146	43.324863771977995	4757.015640978847	-223.90739657859677	324.05865763462236	43.685395222032724	56227.59124301879
1	30	0.0	0.15775748785711555	0.6833535349048132	0.09681892570331124	0.0	0.6978727228037034	1.7803675079783463	0.5265605186342448	-1.0	0.0	0.0	1.077786805795572	1.9063054707867533	0.0	0.0	0.0	30001	-339.4001587659069	232.19049745798185	221.435452738516	039349_15	127	1	1	0	421	0.1320026420288531	0.21287318959886575	1	0.0	1	4.235601822903386	4.235601822903386	5.280525950142997	4.050220718869156	2.3999999999999853	0.8658077719996748	262.09400793883924	0	0	3	0	0	0	1	34	439	1	5	0	53877.90534362648	1.2929275999219925	1.6765036783095937	28	0	0.6022934387250465	30013	-104.29202156478853	287.40307313435926	262.82162581495083	3950.3132770985035	-104.2313392739439	286.80481644348146	262.7875086971202	58068.89550326337
0	44	0.0	1.061020211632449	2.3757561111149843	0.16398788481664486	0.0	1.0560973403315497	2.3979047287220716	0.21067732112017673	-1.0	0.0	0.0	0.0	0.0	0.0	0.0	0.0	44000	337.5523994552128	-11.658769699503463	159.0427216358245	039349_15	178	1	1	0	10	0.1716137689265017	0.0663195875748136	0	0.0	0	0.0	0.0	0.0	-1.0	0.0	0.0	5.9012933503014855	0	0	1	0	0	0	0	0	11	0	5	0	0.0	1.0635683739048836	2.0936473810641183	20	1	0.7764919157868265	44001	332.2404824964061	-11.845701339505307	155.83980967487213	5475.236182496414	332.9205775494034	-11.661641031472461	156.1662024094386	61313.0913714478
1	45	0.0	0.2876916535814061	1.1131044287385332	0.1624434873067367	0.0	0.3308465335722051	1.1686255772612923	0.18890322115349337	-1.0	0.0	0.0	0.963002632973351	1.9069093448486194	0.0	0.0	0.0	45000	234.45359957386177	-246.35958955518376	298.35979075952724	039349_15	139	1	1	0	199	0.055096300170361046	0.14049351446789682	0	0.0	0	0.0	0.0	0.0	-1.0	0.0	0.0	126.78562899656791	0	0	1	0	0	0	0	33	212	0	5	0	50058.46965023067	1.0114607998662704	1.3095086800197726	28	0	0.46039526061896546	45001	139.58740076268992	-229.21678430520916	223.50280651678366	4170.096840662919	139.40973940751513	-228.79405114034762	223.544000086719	48206.43807578871
1	59	0.0	0.3620635862615419	1.2409059508060534	0.2235093642164356	0.0	0.478088168596812	1.430722801277026	0.3306644401439096	-1.0	0.0	0.0	0.8893596751602884	1.9069093448486192	0.0	0.0	0.0	59001	339.80968498304594	9.930987818278776	58.564932487349594	039349_15	135	1	1	0	382	0.03368119412933612	0.13195306463081669	0	0.0	0	0.0	0.0	0.0	-1.0	0.0	0.0	253.6838451510006	0	0	1	0	0	0	0	33	424	0	5	0	50384.83942385068	1.1355799437134786	1.4702021011054236	28	0	0.15492491024619928	59000	125.54812813692638	106.27547872628993	112.55849904022618	4092.855715278023	125.43451668794141	106.37882223819454	112.578853032993	44810.24442299913
1	56	0.0	0.23165323846798336	1.029963287135433	0.07977579680986771	0.0	3.7519839023918373	6.858539888166294	3.3150813290169583	-1.0	0.0	0.0	0.17621365041235337	1.9110108546006686	0.0	0.0	0.0	56000	177.81716603859056	14.2382703681216	289.19935868881987	039349_16	80	1	1	0	202	0.33480000707984336	0.42772852266738753	0	0.0	0	0.0	0.0	0.0	-1.0	0.0	0.0	123.70635244402061	0	0	2	0	0	0	0	34	133	1	5	0	26740.97463737557	3.6723992632834914	4.759884872149245	28	0	4.931902249285095	56001	122.74129148926019	57.21385559240703	201.65448212494397	2618.3194752560603	123.03015603859058	53.850018611360994	198.05937185770728	4712.1247564361065
1	70	0.0	3.7036005116482125	6.7787433124898655	3.2521156084304277	0.0	2.27715618008411	4.395352270437254	1.982930576868283	-1.0	0.0	0.0	0.6774826901529095	1.9888803168169973	0.0	0.0	0.0	70000	82.18861158906311	27.599263914391635	281.1167038159189	039349_16	71	1	1	0	222	0.3646825788108828	0.4238248106994891	0	0.0	0	0.0	0.0	0.0	-1.0	0.0	0.0	137.69711503270702	0	0	1	0	0	0	0	33	221	0	4	0	31436.545512397177	2.464538569644793	3.1755156405983374	28	0	0.48944195853550365	70001	87.6433019205173	96.97503401527379	177.95498186202258	2382.945856337997	87.56034498519071	97.2690498042527	177.57258639462344	21297.715422853216
1	51	0.0	0.36311664125375964	1.1989574397650542	0.2563937376352156	0.0	0.6078671927492426	1.652628035403097	0.43994425685156996	-1.0	0.0	0.0	0.8539159589749258	2.0148003259561733	16.111616472321437	0.0	0.0	51001	262.09947963232173	-23.120068257509196	1.060954016348839	039349_17	129	1	1	0	200	0.07386110182444891	0.13640809046277957	0	0.0	0	0.0	0.0	0.0	-1.0	0.0	0.0	130.33431122865184	0	1	7	3	0	0	0	33	220	0	5	0	47500.39067354019	1.2286553740409527	1.6032776632586851	28	0	1.1671625250902053	51000	299.9301981199262	-128.0181789539503	36.75220995907166	4198.8739670961995	300.0896460498239	-129.12302991615994	37.093016456854095	40561.341653679694
1	52	0.0	0.3901653339349486	1.2846934767839842	0.25109656389770135	1.0	0.07018638623304449	0.546078952272577	0.1969906372005142	-1.0	0.0	0.0	1.9211420787259168	2.062996024869682	0.0	0.0	0.0	52000	339.8961518819564	-162.1794257109966	59.63856478468087	039349_17	108	1	1	1	129	0.09804477136420597	0.01698120418747895	0	0.0	0	0.0	0.0	0.0	-1.0	0.0	0.0	82.1871005106247	0	0	1	0	0	0	0	33	138	0	4	0	59853.44215532731	0.7240182383311391	0.9373652124853513	0	0	0.26982554695124983	52001	272.1596417284989	-127.81473978295472	37.80438378702814	3551.3694725551222	271.92351814780034	-127.78077853039706	37.67829606458723	114986.96628118693
1	62	0.0	0.9599781423201925	2.2121876385322152	0.7741325441924425	0.0	0.8930062446632586	2.096718490862189	0.7045650352608575	-1.0	0.0	0.0	0.3983754131318937	1.9069093448486216	0.0	0.0	0.0	62000	336.30089843166365	100.85585717098766	297.79182565938913	039349_17	83	1	1	0	127	0.1670156706304292	0.259711047177326	0	0.0	0	0.0	0.0	0.0	-1.0	0.0	0.0	86.7974323401537	0	0	1	0	0	0	0	33	145	0	5	0	40529.171834475914	1.442587657786116	1.867675998723902	28	0	1.006623436225544	62001	325.1234814249825	168.28233426074604	267.46536150687086	2806.0520944463956	325.3218193761459	167.4554972556178	266.92657271111005	16145.825573452852
1	8	1.0	0.2824949633588464	1.0670687031289126	0.27737232904716835	0.0	0.9005052666205998	2.1245850736117617	0.7066583385159413	-1.0	0.0	0.0	0.9914249413672205	1.9482229955420607	0.0	0.0	0.0	8000	-339.84921678210685	-327.2071211567327	30.04371768764603	039349_18	164	1	1	0	72	0.16096179660437393	0.2122230377367065	0	0.0	0	0.0	0.0	0.0	-1.0	0.0	0.0	49.230405144274485	0	2	4	0	0	0	0	31	82	0	5	0	53541.30589266121	1.4448836885205376	1.8888001855533365	28	0	0.34684166151360324	8001	-312.08419105878494	-300.6116387547594	31.371671043962106	5360.780797926119	-312.29333493468437	-300.5465266896266	31.102750244637452	53082.186055356055
1	9	0.0	0.622109518134609	1.6704378154671542	0.4784319227897514	0.0	0.16216732648477167	0.8298887072114369	0.05983272077250077	-1.0	0.0	0.0	0.60338409892117	1.9343590894190505	0.0	0.0	0.0	9000	-248.9715828723222	-335.3415403673509	203.0921245719307	039349_18	142	1	1	0	144	0.06842570447399915	0.13439782903228442	0	0.0	0	0.0	0.0	0.0	-1.0	0.0	0.0	95.04628061542789	0	0	1	0	0	0	0	34	158	0	4	0	73997.97254053404	0.8555854837915896	1.0994593567220274	28	0	0.1708151462041061	9001	-163.64696427627933	-318.18333564312144	186.53487573871922	4304.599539802997	-163.48474785834503	-318.15552187943666	186.48915875637147	44649.19998336361
1	10	0.0	0.5561026752064376	1.5653251040516418	0.3988611522377907	0.0	0.09173372065262465	0.7572127090940255	0.10771174151692922	-1.0	0.0	0.0	0.7796278123767655	1.8365707485408025	0.0	0.0	0.0	10001	-91.9619209464336	335.1782325933994	174.52481327282092	039349_18	66	1	1	0	169	0.06852031614614107	0.07632498582723235	0	0.0	0	0.0	0.0	0.0	-1.0	0.0	0.0	109.01112308267398	0	1	2	0	0	0	0	33	184	0	6	0	60803.827552282666	0.8147252594401962	1.063241487204757	28	0	0.3419168625046039	10003	-189.2821471444768	304.20636332066096	180.6340494646249	2320.357943439877	-189.45883455621208	303.91363705852905	180.63423616639403	47404.35505872023
1	18	0.0	0.19503332246634733	0.5876180657100659	0.17216816860698483	0.0	0.211109771943158	0.9451493866114863	0.056996082144441865	-1.0	0.0	0.0	0.9883473702928542	1.8653607291255985	0.0	0.0	0.0	18000	-339.83246446140004	246.0244680021671	216.8634825853922	039349_18	109	1	1	0	542	0.033754529291825985	0.13257495273772923	0	0.0	0	0.0	0.0	0.0	-1.0	0.0	0.0	343.6549902803655	0	0	1	0	0	0	0	33	573	0	4	0	57877.4155384388	0.9014879331729618	1.1739748136501715	28	0	1.1312189639619186	18001	-64.58260050294568	297.8773921128837	37.74269008639521	3466.8875612192383	-63.62683506748924	298.4588117648893	37.57499999999919	57202.99144676277
1	33	0.0	0.2794393866520607	1.096601261199581	0.15317725414767258	0.0	0.10685174462386433	0.7662491628220802	0.06041241281767428	-1.0	0.0	0.0	1.1604714104523466	1.9087081236096928	0.0	0.0	0.0	33000	339.9064599335019	-109.22878650168475	281.4457461904784	039349_18	122	1	1	0	85	0.03417891039886062	0.08926162083844758	0	0.0	0	0.0	0.0	0.0	-1.0	0.0	0.0	57.79591189750778	0	0	2	0	0	0	0	33	96	1	5	0	55995.25945203147	0.8311522923387235	1.0697269102504847	24	0	0.06759326871838481	33005	291.72440485954735	-84.6109382878931	273.8787386795602	3826.435110475452	291.6578163848761	-84.6001926945463	273.88313836598354	64980.897714944054
1	36	0.0	0.4953779363047484	1.4643973784596476	0.36221882827646296	0.0	0.2961927008495997	0.9872359881913195	0.13141820622837697	-1.0	0.0	0.0	0.46483742074089013	1.9192214221356667	0.0	0.0	0.0	36000	339.5634495403914	-246.54948922040552	175.96623958800183	039349_18	97	1	1	0	228	0.14158286920831098	0.23987125633994244	0	0.0	0	0.0	0.0	0.0	-1.0	0.0	0.0	147.36677768541784	0	0	8	0	0	0	0	32	252	0	5	0	59092.40735549263	0.9115963312102554	1.1861743228079789	28	0	0.18431977117844742	36001	225.7702459713308	-284.2066688999092	141.47812053219752	3003.386166193087	225.85803508343983	-284.14576416384494	141.62831195328187	27468.362220497198
1	39	0.0	0.6918646535979971	1.7556182740196022	0.5724072613809243	1.0	0.080225466983422	0.7818043330013918	0.10554878287407798	-1.0	0.0	0.0	1.664052489422091	1.9352715314802094	0.0	0.0	0.0	39000	339.8589783462309	1.312900324354537	153.15967501592155	039349_18	142	1	1	1	135	0.07656905870757769	0.03999296232130678	1	0.0	1	17.2308791570216	17.2308791570216	26.09635953676991	90.30337483109551	8.862945504164403	1.0637085442683765	87.84449448174792	0	0	1	0	0	0	1	34	143	1	4	0	54734.920779440115	0.8383474938583149	1.0773928151889773	0	0	0.3833629674573897	39002	283.80512246716074	-54.68516037204612	122.36987491552073	4304.599539802997	284.10407998208774	-54.48933786413827	122.50860167747778	91081.78118134825
1	40	0.0	0.23924633661911568	1.0194622879751316	0.11684341095451231	0.0	0.3952203575982598	1.2532769805276505	0.24139143296589072	-1.0	0.0	0.0	0.6066545113901991	1.9069093448486192	3.87073836653479	0.0	0.0	40006	339.6168248068962	-117.10122926436296	259.7603580550378	039349_18	141	1	1	0	444	0.08109697882139355	0.182595283166188	0	0.0	0	0.0	0.0	0.0	-1.0	0.0	0.0	290.46204224003066	0	0	2	1	0	0	0	33	482	0	5	0	54977.760469405395	1.0534846451813655	1.3614598469746007	28	0	0.23483300983046224	40001	158.16735386437756	-109.95080501767299	43.65060745391202	4299.559224185869	158.35093879729277	-109.89318798877146	43.785230605312925	33352.50641489453
1	24	0.0	0.47482602133520074	1.4316749177980965	0.3422018217830807	0.0	0.4467450115085234	1.3254315277255033	0.29245620992216065	-1.0	0.0	0.0	0.6111398035576852	1.9071907205678011	0.0	0.0	3.633559484370668	24003	-248.99026689045405	-323.2981254049296	1.3398428701612934	039349_19	130	1	0	0	133	0.1438137372525103	0.2245028370751181	1	0.0	1	6.039313295915445	6.039313295915445	21.090716368429845	8.521115356076535	7.5851583424243	0.5932852943558317	90.32767907113005	0	1	3	0	0	1	1	33	153	1	5	0	52630.85944540077	1.0784611204396082	1.3967866994342142	92	0	0.526873520447966	24008	-266.0121841441697	-335.5540429902477	79.4352508652584	4479.307976801764	-266.0420014280875	-336.07990796061	79.42211050472926	32164.813102534365
1	52	0.0	0.4714180983444624	1.4332801248507663	0.3462613991902261	0.0	0.18359310638817777	0.5314887326875003	0.19658668169129945	-1.0	0.0	0.0	0.7053909984297069	1.912529177857031	4.769122755521058	0.0	0.0	52000	339.9032164610598	-157.48211243257896	241.55929114860209	039349_19	88	1	1	0	296	0.08202907902213391	0.16250484161973044	1	0.0	1	4.755434816686304	4.755434816686304	10.093604315055032	144.94293662245298	4.23013279913622	0.6518656449204694	186.68756077877396	0	1	3	1	0	0	1	34	314	1	5	0	60482.51761536005	0.708270045375271	0.9143404497898724	28	0	0.7610719223367041	52001	205.15927337873958	-87.28095549945847	150.44580553649746	3275.896720038151	204.61191996242837	-86.90777747887817	150.07114185587508	42663.823488241156
1	56	0.0	0.4486851810284238	1.4415033902920988	0.18809487599183425	0.0	0.49390211608999357	1.4753753627623918	0.1571410067757326	-1.0	0.0	0.0	0.773185803313956	1.6927582178310736	0.0	0.0	0.0	56001	284.9621208969722	155.25423666906565	1.3839512543734287	039349_19	118	1	1	0	33	0.0813985375455743	0.17406032981260744	0	0.0	0	0.0	0.0	0.0	-1.0	0.0	0.0	19.99459965552129	0	0	1	0	0	0	0	17	34	0	5	0	57196.70754844548	1.0102565102091716	1.4780919707625306	28	1	0.28594968680784677	56000	298.7882253544013	150.5922809067208	14.61547265348199	4115.328281265582	299.0315367945892	150.46860378256457	14.700741260950576	44223.68227275823
1	52	0.0	0.6776255842649325	1.7882126093057833	0.4328459300656622	0.0	0.1328744740120299	0.8057683810700532	0.08719869059158004	-1.0	0.0	0.0	1.0199538173843532	1.906909344848623	0.0	0.0	0.0	52000	339.66649990162256	-307.0371109593264	37.68680324438643	039349_1	115	1	1	0	127	0.06392629851604487	0.1063451133620733	1	0.0	1	5.919244210969191	5.919244210969191	3.8769296616236457	54.87952644257828	1.7988842410754713	1.3917881295104604	81.00000000000034	0	0	1	0	0	0	1	33	122	1	5	0	52557.670997464076	0.8429023500991542	1.091280990830137	28	0	0.20478357832312036	52002	263.22983107761405	-300.7169033566294	31.423200879138257	3775.213576012065	263.366457933026	-300.5747662544244	31.36782524814567	53606.39716669439
1	62	1.0	0.773622289603379	1.927660235197326	0.6267713416677314	0.0	0.6995245105044244	1.8114232427624408	0.5460804116802391	-1.0	0.0	0.0	0.9533124079049249	1.9069093448486192	6.223564159001868	0.0	0.0	62001	338.6199301409598	158.81059796991224	158.5694969512085	039349_1	111	1	1	0	499	0.0514549757323321	0.10861780357503603	0	0.0	0	0.0	0.0	0.0	-1.0	0.0	0.0	317.72526841212016	0	0	2	1	0	0	0	33	508	0	5	0	38713.80947933489	1.3153212342087903	1.7029078867302205	28	0	0.2874790265052567	62000	53.63181875963869	210.61176183279116	240.27311548825182	3618.6525597545237	53.87372294924201	210.76228100451098	240.2347679632006	36906.354933917246
1	29	0.0	0.20223797641043542	0.9667289434069648	0.08508512262353946	1.0	0.6306374581268253	1.6911998882037627	0.5137607440891864	-1.0	0.0	0.0	0.6492760775890191	1.9046911523971946	0.0	0.0	0.0	29007	-339.85506835643156	-264.55666469525346	3.0409657416313225	039349_20	137	1	1	0	166	0.16184272053048604	0.12652837349671986	0	0.0	0	0.0	0.0	0.0	-1.0	0.0	0.0	104.77837607716742	0	0	4	0	0	0	0	35	178	0	5	0	48834.352037730256	1.2617043630143068	1.6292213231665724	20	0	0.317653548647476	29000	-253.76941551380423	-238.2046323822815	45.10032493432667	4862.418374436846	-254.02438977734693	-238.01752384971832	45.07062141700528	31706.97654265882
1	32	0.0	0.30397447565505237	1.0755465287782915	0.146614210090996	0.0	0.22046560776830634	0.8022375797710387	0.10493946693370983	-1.0	0.0	0.0	0.11279381964564615	1.9070245822617145	0.0	0.0	0.0	32000	-31.886775368460867	-325.5630175102393	232.11881513836337	039349_20	65	1	1	0	522	0.12200862569283433	0.21319439615284264	0	0.0	0	0.0	0.0	0.0	-1.0	0.0	0.0	350.81503150888295	0	0	4	0	0	0	0	33	589	1	5	0	66118.77732691178	0.8230038827023077	1.0753989156220074	28	0	0.5263846384031355	32006	-328.19353401967317	-196.60403131003991	207.99517306914746	2399.8731308527135	-328.67735695056604	-196.4009249004144	207.95341249613793	7457.789445002325
1	41	0.0	0.3772562103273609	1.2579297371372662	0.24303904502227178	0.0	0.5465465065247391	1.5151079658878288	0.36946187973711697	-1.0	0.0	0.0	0.279619239670936	2.061974983737545	0.0	0.0	0.0	41001	-254.24336354268075	192.92230376731843	1.6720525384110965	039349_20	128	1	1	0	63	0.11494249777873977	0.21337958994122586	0	0.0	0	0.0	0.0	0.0	-1.0	0.0	0.0	42.77792272996357	0	0	2	0	0	0	0	33	73	0	4	0	47568.103634868065	1.1600892151643671	1.5058196536603379	28	0	1.122346824289112	41000	-246.54310054553008	168.19606396973535	26.64785307773344	4604.651740908001	-246.75119222021786	168.53613848916626	25.59870600980096	13300.956970970094
1	73	0.0	0.35921433867934194	1.2191552152523912	0.21504817568142562	0.0	0.4170637706112951	1.3183008168800272	0.26275062202301047	-1.0	0.0	0.0	0.6969261609555512	1.8876015894563807	0.0	0.0	0.0	73000	339.81017241226357	112.07990955672548	224.8135669311664	039349_20	114	1	1	0	441	0.045254084876554024	0.14296413411272146	0	0.0	0	0.0	0.0	0.0	-1.0	0.0	0.0	284.78001919282156	0	0	1	0	0	0	0	34	476	0	4	0	50573.45684017014	1.0738800985072852	1.402417004334857	28	0	0.48363473917570454	73001	119.92037432281427	151.05125718916048	82.63792310116104	4114.773926944043	120.07405450878316	151.48946743661818	82.7730406070631	35245.965121871035
1	77	0.0	0.4046257222081802	1.319982194229222	0.2774063586491173	0.0	0.6857817277102085	1.7632667159883002	0.5177884074124127	-1.0	0.0	0.0	0.6181505911689481	1.9069093448486274	2.558418733001686	0.0	0.0	77001	309.2784079306019	335.85911080796416	79.82897790393451	039349_20	111	1	1	0	225	0.11249159325976044	0.19797744511100424	0	0.0	0	0.0	0.0	0.0	-1.0	0.0	0.0	137.6281304430427	0	0	2	1	0	0	0	33	231	0	5	0	49956.557696506046	1.2886748055910588	1.6684095358588331	28	0	0.29535752670673815	77000	224.0510017004467	266.67398836658765	149.22450440171124	3953.8712925273308	223.88384605663094	266.49118085680016	149.38536606180514	30880.675672860874
1	79	0.0	0.5639139137927358	1.5897667721692321	0.42017080483717023	0.0	0.6659288123608686	1.7589551635021377	0.5178472627769517	-1.0	0.0	0.0	1.0164755645758543	1.9096239395010286	5.11627933281264	0.0	0.0	79001	339.76208758710976	103.84604027098987	116.86743914364664	039349_20	102	1	1	0	506	0.06612508842289981	0.08699300238217911	0	0.0	0	0.0	0.0	0.0	-1.0	0.0	0.0	324.697787925891	0	0	5	1	0	0	0	34	543	0	5	0	40924.871284454	1.2912889116066595	1.6717939423710455	28	0	1.9063112841938867	79000	47.6095886588227	24.952851519736985	166.86973185047037	3613.2970923724374	49.49142091793692	24.660361221918684	166.7849999999997	41599.13164405955
1	80	0.0	0.17973315852243463	0.775620015604093	0.12137107614224303	1.0	0.11853208025626291	0.5482963971731087	0.2615299660969195	-1.0	0.0	0.0	2.4248411823520035	1.7415188792274732	0.0	0.0	0.0	80000	339.85503010793803	260.75457059209106	257.0159246359759	039349_20	98	1	1	1	61	0.18137028505291863	0.08809555635189725	0	0.0	0	0.0	0.0	0.0	-1.0	0.0	0.0	38.477061381474414	0	0	2	0	0	0	0	17	66	0	4	0	56378.264069738994	0.7231045651288872	0.9306469838565999	0	1	2.97364986820012	80001	322.7424744848202	267.3217172849554	224.97128804704153	3509.8239522546423	322.9121926412746	264.3530312622669	224.99760505123913	136708.33650581937
1	26	0.0	0.5163057789857514	1.4921550714700973	0.35864375252012415	0.0	0.4602766140450966	1.4219463156203946	0.3454112439557275	-1.0	0.0	0.0	1.2335752569728546	1.9178908337087415	0.0	0.0	0.0	26019	-3.551507848374558	-317.51751415957006	258.1497593793639	039349_21	66	1	1	0	618	0.05995192379405789	0.06966386261439761	0	0.0	0	0.0	0.0	0.0	-1.0	0.0	0.0	396.8043865999644	0	1	8	0	0	0	0	33	667	0	4	0	44780.38775896348	1.1381309728778222	1.4635685104134157	24	0	5.432166676606451	26011	-261.05206871601695	-190.10806204822646	26.93907899042403	2650.216860948093	-262.4035029006036	-191.12621252107897	21.777157830449347	55239.978337107445
0	27	0.0	3.215071771539939	5.802817958319399	0.8847356535117548	1.0	3.132555119474943	5.712384325239033	0.8979520497373225	-1.0	0.0	0.0	0.0	0.0	0.0	0.0	0.0	27000	-229.41053535782171	-173.1848981348988	287.92750340671677	039349_21	42	1	1	0	4	0.3094656520558112	0.218256793221584	0	0.0	0	0.0	0.0	0.0	-1.0	0.0	0.0	3.1959797694900103	0	0	1	0	0	0	0	0	6	0	4	0	0.0	1.8993762269342869	4.2303200199947515	276	1	0.05489667804862203	27001	-230.49301080953296	-174.42980705480846	288.58969938482034	1765.142031483016	-230.47645241511682	-174.44268616595878	288.5389687892087	30263.183640718
1	51	0.0	0.7722039049200615	1.8938526774630438	0.5934021154489661	0.0	0.4135506536756555	1.3261760351835787	0.2943572624376853	-1.0	0.0	0.0	0.6705497139376971	2.051819331814716	6.12430128350544	0.0	0.0	51000	226.79793104495653	-55.14680460360504	298.1415661710631	039349_21	36	1	1	0	288	0.0774310071826334	0.11528382331122927	1	0.0	1	14.690495561169598	14.690495561169598	40.62838152230227	52.19269146769206	12.005109311088914	0.7090242240354574	198.58044067486156	0	0	3	1	0	0	1	33	331	1	4	0	53375.51360545816	1.0878484354570295	1.4069873613484702	28	0	0.556776930121661	51004	133.34857035966283	-199.70526347838472	260.59107417784736	1628.0841643870701	133.20151698335408	-200.24128402977368	260.62359836762334	35790.93537941763
1	22	0.0	0.28109711364259704	1.0878938822978497	0.14082057736650008	0.0	0.13708788121221568	0.8464071922975693	0.08201554380311919	-1.0	0.0	0.0	1.3185522214919838	1.9065702910372118	0.0	0.0	0.0	22001	-5.630367039854809	-297.0264461106202	15.639368860897545	039349_22	24	1	1	0	106	0.05408231326308399	0.08670119160778972	1	0.0	1	11.440640897578929	11.440640897578929	36.55264967259575	98.53874091101657	11.194106119295059	0.7047739512146246	67.66099934597177	0	1	2	0	0	0	1	33	115	2	5	0	61561.805563055845	0.8614598813961374	1.1156609683604188	24	0	0.6614494337139514	22002	-47.71023917216608	-250.41734241598505	31.030081894361967	1001.6093176227063	-47.768800736350656	-249.77255319666543	31.165480414331483	81172.45548422485
1	28	0.0	0.2887021820374433	1.098027965116554	0.15421931330473945	0.0	0.30549892232280523	1.1416683922479405	0.17310000207140072	-1.0	0.0	0.0	0.8398267563835334	1.9345103692960521	7.532720813200454	0.0	0.0	28000	-324.7310553897404	108.54365519627545	298.07890994427186	039349_22	145	1	1	0	469	0.042589980362965935	0.10664387911483508	0	0.0	0	0.0	0.0	0.0	-1.0	0.0	0.0	306.1936151269562	0	0	4	1	0	0	0	33	513	0	5	0	55917.13269966781	0.9967158508915532	1.2962787670441795	28	0	0.47105641649679	28001	-185.43417582473415	5.662205812347351	60.85791586686041	4501.763219795464	-185.21426114442775	5.499018050373526	60.47463863658121	46960.70418142963
1	39	0.0	0.9329251985390059	2.1869120459351405	0.7507173393818943	0.0	0.8360098785714922	1.9863270210618138	0.6627168725695314	-1.0	0.0	0.0	0.45754868727549486	1.905418446758701	0.0	0.0	0.0	39001	339.35800606240554	-51.56058902632748	145.6866402881221	039349_22	127	1	1	0	315	0.16666285981185414	0.26702265266317293	1	0.0	1	17.77133104684323	17.77133104684323	31.873338461538296	4.98229163230738	10.199999999999964	1.1101330731456351	216.831008867239	0	1	4	0	0	0	1	33	346	1	5	0	42080.67448496998	1.4020084697725843	1.8054660923796733	28	0	0.2590401453439841	39011	159.91236739052346	12.868343932497709	173.92554758107565	3869.6786045516824	160.17099482168715	12.88294626409179	173.92619616531425	19253.957370265427
1	41	0.0	0.5375937748653974	1.5328124448869278	0.4071690126270386	0.0	0.0824559415064925	0.6601050850528656	0.11089393656352095	-1.0	0.0	0.0	1.6232231883813595	1.95089946591906	0.0	0.0	0.0	41000	339.37695368020593	-23.88589800524263	151.67359037944374	039349_22	119	1	1	0	275	0.04749209312138347	0.08531406805819264	1	0.0	1	8.022164699379367	8.022164699379367	13.618127375989486	87.84777704643429	5.407260767889531	0.8582330324413476	172.08124134190035	0	0	2	0	0	0	1	34	283	1	4	0	64254.09089611625	0.7778209372719397	1.0009574774997156	24	0	0.25923044771034914	41006	234.89943930373585	42.99776363900137	44.533829010030715	3492.723245509541	234.88358241069835	43.24180529075564	44.447848453087005	104298.73029093951
1	45	1.0	0.2122181833976724	1.0106246879651275	0.174917284205504	1.0	0.7707831460769132	1.9371898104075913	0.6287313697907388	-1.0	0.0	0.0	1.3725025738923684	1.9023939180464629	6.11618219202334	0.0	0.0	45001	263.84333424744074	-336.2699834779619	63.78502550485456	039349_22	104	1	1	0	496	0.09947476804108885	0.05316550093232908	0	0.0	0	0.0	0.0	0.0	-1.0	0.0	0.0	448.9395813038036	0	2	7	1	0	0	0	35	637	0	5	0	38776.831997964466	1.3735380169804376	1.767503843394635	16	0	0.1427068598268411	45000	58.61848218367027	-127.36234668445175	79.46879042963685	3158.89802332084	58.6818052112269	-127.4902348183025	79.4690497419419	53221.301724598175
1	56	0.0	0.39703929489634443	1.268396394753176	0.22212330170538838	0.0	0.1693800227918743	0.8907202779264497	0.07078321243390197	-1.0	0.0	0.0	1.1961385926330557	1.9062455042494617	0.0	0.0	7.378927152625986	56006	190.560252972665	194.55839468576156	291.1941571034589	039349_22	97	1	1	0	87	0.04023141011695719	0.10577094154636169	2	0.0	0	10.172950577425038	0.0	0.0	-1.0	0.0	0.0	54.10289045407036	0	0	3	0	0	3	0	34	93	0	5	0	55183.40277169582	0.8749953522070597	1.1428992847201678	24	0	0.3259883318100652	56001	154.9716807065809	215.5734140536258	264.6195791533784	2938.1401390647625	154.70558629237254	215.3964784938484	264.55511239535787	66006.9977280393
1	63	0.0	0.49556901818893156	1.4561946406562856	0.3547757875222978	0.0	0.07190672161529175	0.7187544220417699	0.09342495520950446	-1.0	0.0	0.0	1.3151365203483034	1.9069093448486192	0.0	0.0	0.0	63005	202.16543681164157	-52.77205131240957	1.1014114680350935	039349_22	104	1	1	0	657	0.04425583383061693	0.0663419256678155	0	0.0	0	0.0	0.0	0.0	-1.0	0.0	0.0	435.3507847804373	0	0	1	0	0	0	0	33	712	1	5	0	63593.13733253182	0.8033004504261886	1.0400095709452761	24	0	1.0924976315254593	63004	-145.5409814712778	-173.89935356347445	179.38394624335203	3158.89802332084	-146.2036656255096	-174.4678907624424	180.04057874331565	83633.6573495377
1	64	0.0	0.6368464171329347	1.668707179274287	0.45716346542495634	1.0	0.16989418996457964	0.3810572793375943	0.2730883455316104	-1.0	0.0	0.0	1.4882455757654045	1.9346331723118895	0.0	0.0	0.0	64002	338.5371322584325	-84.83054487980868	192.1433860573821	039349_22	78	1	1	1	731	0.0892843107721718	0.026789285776653404	0	0.0	0	0.0	0.0	0.0	-1.0	0.0	0.0	478.46345295141157	0	2	5	0	0	0	0	33	789	0	5	0	73935.80467289823	0.6438318469415216	0.837352675367041	0	0	0.5582750051257864	64001	-66.02690507507934	-257.1543362219332	86.07352972607059	2466.28821757017	-66.52545454371698	-257.37852245602454	85.96012804568944	110034.6341950959
1	28	0.0	0.2319430798027342	0.9852244832481665	0.1063148980408979	0.0	0.17779450185345716	0.8023147795752001	0.09717322097694149	-1.0	0.0	0.0	0.7660820580888041	1.9069093448486192	5.049884368530589	0.0	0.0	28001	-339.86316867838264	109.63941024508395	205.68809686295663	039349_23	134	1	1	0	433	0.10333431513938388	0.16294730669881324	0	0.0	0	0.0	0.0	0.0	-1.0	0.0	0.0	281.89138822332865	0	0	4	1	0	0	0	33	474	0	5	0	74351.51273204718	0.8355785291108923	1.081799054252557	28	0	1.721853667500773	28000	-140.94255869912692	292.1897987384612	211.74577392661104	4114.57303727044	-142.015097677143	290.8428510703792	211.73265247964338	56959.35989578263
1	43	1.0	0.4283035091907703	1.3585180746434218	0.3615604645094451	0.0	1.2196473591627632	2.650088607382592	1.0185186114645666	-1.0	0.0	0.0	0.9962687549739653	1.9055614343185039	7.810561221080929	0.0	0.0	43001	111.86194492565221	144.32076923278078	13.023238045061543	039349_23	122	1	1	0	250	0.2275491160419879	0.2858316629061606	1	0.0	1	1.7674015613471306	1.7674015613471306	2.4091422068505692	120.71969316218767	1.1242100027950062	0.6377046142188664	165.2787714387535	1	4	11	2	0	0	1	34	248	1	5	0	50022.844901385346	1.6636554048726426	2.1439347314934847	156	0	1.2397769285001483	43025	99.43408299040382	54.11238390432449	104.4663034770632	3807.459528694226	99.39648371520279	52.87987661707035	104.33762203391356	49836.197410158944
1	54	0.0	0.6643866898831274	1.7380169981168994	0.5002026839380318	1.0	0.10013043370555198	0.8205244987063024	0.12427460362629715	-1.0	0.0	0.0	2.0277025117569205	1.9266767730022594	0.0	0.0	0.0	54000	339.71209231682485	227.28472376777268	134.96339769278296	039349_23	76	1	1	1	248	0.0978248295131316	0.02787033151688867	1	3.9135241201620117	1	28.921922700315978	28.921922700315978	43.53105018779477	35.205952354631506	8.641593711460741	1.1459943218128648	161.3180118670076	0	0	1	0	0	0	2	33	270	1	5	0	51240.323322360135	0.8498219276768353	1.104296480733126	0	0	0.5525762033357902	54002	196.81415743106874	212.24922342240242	84.07439836283366	2384.368827063846	196.26600322811709	212.17973652052532	84.0681533050329	103900.13230398636
1	19	0.0	0.44148442714438196	1.3721170421427906	0.3211006280480063	1.0	0.09727380890942598	0.5079645311493299	0.20920795072597675	-1.0	0.0	0.0	1.4742711505894586	1.9069093448486192	0.0	0.0	0.0	19001	-6.265503773160008	-28.079087752390205	17.684999999999636	039349_24	58	1	1	1	456	0.08982149629866709	0.034672026905895104	0	0.0	0	0.0	0.0	0.0	-1.0	0.0	0.0	299.4851682213021	0	0	3	0	0	0	0	33	499	0	5	0	65389.96637956609	0.7059619889633725	0.9139883151514971	0	0	0.1341378940573668	19000	-252.55186576257134	-94.64471573907478	138.30134543228797	2255.3709008305873	-252.64078220845494	-94.61575456721789	138.39751242661683	96402.5409714089
1	21	0.0	2.358162033304517	4.639372320332042	1.2335088926535456	1.0	2.73369485827889	5.27366270516661	2.075816687614009	-1.0	0.0	0.0	2.8821418626916375	1.8163685256287734	0.0	0.0	0.0	21001	-3.388182308223724	0.8652134443676143	19.092719733267142	039349_24	69	1	1	0	98	0.17829824250464066	0.09633010470703596	0	0.0	0	0.0	0.0	0.0	-1.0	0.0	0.0	61.61187709942658	0	0	1	0	0	0	0	6	62	0	5	0	10673.27177179933	2.672057592650416	3.7648293709847835	16	0	0.28091585973293137	21000	-57.5406159899879	1.169275237648593	32.51494803248771	2591.6112345698602	-57.26087942960875	1.1564185561434117	32.49267960691676	30761.88338538779
1	23	0.0	0.24219897587355851	1.0327916245244573	0.11826519654329937	0.0	0.2399912546091514	1.0121546788156843	0.1454356068705937	-1.0	0.0	0.0	0.5890396671669338	2.020830550829716	0.0	0.0	0.0	23000	-339.76112928082233	-267.9251743657006	70.54775061166609	039349_24	150	1	1	0	141	0.08177638181544117	0.12383220469646894	0	0.0	0	0.0	0.0	0.0	-1.0	0.0	0.0	90.46679520083515	0	0	2	0	0	0	0	34	153	0	4	0	54958.48484895895	0.9450188765118376	1.2152512512695595	28	0	0.10872504014264613	23001	-266.8801045409671	-275.9830786265894	25.014276872632315	4994.015425802332	-266.94913469827605	-276.06070503761833	24.982181513985108	32372.727623429753
1	35	0.0	0.3527842908245081	1.1982465263561513	0.20533842178892295	1.0	0.11499636550916853	0.8266609868011253	0.12129855480758976	-1.0	0.0	0.0	1.1479299285438864	1.9387811630147749	0.0	0.0	0.0	35000	-207.69994883766662	270.7271576064264	297.9094898708608	039349_24	120	1	1	0	101	0.09488447561887092	0.06380376579199099	0	0.0	0	0.0	0.0	0.0	-1.0	0.0	0.0	60.837623982980155	0	0	1	0	0	0	0	34	102	0	4	0	56614.82968822596	0.8586948969971501	1.1038766316984927	4	0	1.041668627365283	35001	-161.4810621687212	259.858321348171	262.8541776381632	4251.768525156445	-160.65037861529714	259.5290849632621	262.3187882787621	64989.85739852952
1	51	0.0	0.4722244117373059	1.4099659208238149	0.3552520128060652	0.0	0.3952838914817011	1.2944121586036543	0.25972308401088157	-1.0	0.0	0.0	1.1143417907180901	2.0629960248696877	0.0	0.0	0.0	51001	316.6488951154153	-190.17449957122227	1.6621015903167842	039349_24	150	1	1	0	106	0.03264135978687516	0.11620828203303851	0	0.0	0	0.0	0.0	0.0	-1.0	0.0	0.0	69.83873514671765	0	0	2	0	0	0	0	33	115	0	4	0	50350.202607315616	1.0719047043986882	1.3877636333011558	28	0	0.012409382110454257	51000	269.4452001557197	-232.18219130910984	14.76947377655345	4994.015425802332	269.43323288268857	-232.18543387201467	14.769986540017294	56107.33493645474
1	58	0.0	0.44795774222839024	1.3656966038935014	0.2954423483104692	0.0	0.41716457104489985	1.3237733714798834	0.2799490046311663	-1.0	0.0	0.0	0.807458136404885	2.065932817849482	4.437188164255295	0.0	0.0	58000	194.08400650771205	-171.8414113260825	298.3650035011658	039349_24	99	1	1	0	158	0.06339845842205549	0.1352586407593528	0	0.0	0	0.0	0.0	0.0	-1.0	0.0	0.0	103.53480766854275	0	0	2	1	0	0	0	34	174	0	4	0	40525.34586877956	1.0853252403054088	1.4051529647980097	28	0	0.36486325297591404	58001	282.2768124806677	-171.59318998645819	259.0949999999981	3455.779933557554	281.9246318224629	-171.5081829155476	259.138217765487	32722.520252368144
1	37	0.0	0.648271343548003	1.7251222881331454	0.4941953292557107	0.0	0.5848487292593764	1.60528366888967	0.4149519762550384	-1.0	0.0	0.0	0.9439994599254624	1.9069093448486196	6.507653082482062	0.0	0.0	37001	339.60355937595716	-56.94005968003826	62.13102206906744	039349_25	127	1	0	0	321	0.06781320916201	0.14842205699101113	0	0.0	0	0.0	0.0	0.0	-1.0	0.0	0.0	209.33510816869102	0	0	3	2	0	0	0	33	347	0	5	0	47667.20244865934	1.2091459723797424	1.577269452385032	92	0	0.11762553313134849	37000	151.26456787578346	5.106484440460401	86.76686434898423	4394.44874205964	151.38188420349871	5.1071156144880465	86.758364530446	44997.81336769209
1	43	0.0	4.031865709345872	6.949705959940457	3.113817729170328	0.0	1.3522581894866372	2.8969185915574696	1.1433409927496685	-1.0	0.0	0.0	0.7373323147019082	2.060690670842943	6.261016093571646	0.0	0.0	43001	325.9906377888017	-187.21517327368971	1.442308906508046	039349_25	138	1	1	0	197	0.051291655922676704	0.14303666485869498	0	0.0	0	0.0	0.0	0.0	-1.0	0.0	0.0	127.70025316552872	0	0	4	1	0	0	0	35	170	0	4	0	32669.564820914344	1.8275290098587746	2.3604782461768354	28	0	0.036828833591713114	43000	211.25307801610765	-192.30903206415888	10.345196317313018	4761.066083460112	211.24906278169132	-192.3378703167959	10.322644242881742	24088.325849708803
1	47	0.0	0.6692405865937392	1.7532015771399818	0.5086397385276116	1.0	0.5798128600718162	1.6218074140868324	0.46499575097592993	-1.0	0.0	0.0	2.2401151126085814	1.9059160654037217	2.9832881220045917	0.0	0.0	47001	338.0907233216043	-104.15567403525988	50.37239037796196	039349_25	67	1	1	0	371	0.13046587445124114	0.03725724245312623	0	0.0	0	0.0	0.0	0.0	-1.0	0.0	0.0	249.12494106939235	0	0	4	1	0	0	0	34	415	0	5	0	37521.66446038103	1.2317966241870255	1.590098089279314	16	0	0.09727834420396798	47000	116.5252684432699	-86.8063379910437	83.0725600042151	2481.5117849471303	116.43708666312871	-86.82324935285496	83.10999068339524	84052.84760792785
1	16	0.0	0.241179599047141	0.9088010577562087	0.10522753138633421	0.0	0.1758634844699215	0.8736467770798684	0.07730621351847984	-1.0	0.0	0.0	0.7822922497844012	1.9069093448486192	11.223244701181052	0.0	0.0	16001	-339.61044301681767	46.83482332007931	92.14510277423646	039349_26	130	1	1	0	305	0.04852442894148301	0.12917715578102085	0	0.0	0	0.0	0.0	0.0	-1.0	0.0	0.0	194.0746879386627	0	1	4	2	0	0	0	33	327	0	5	0	57688.84721609217	0.8729753780153765	1.1302156594757016	28	0	0.21884197804253497	16000	-164.86291297858367	105.88405021409892	110.98963056682915	4258.026667628957	-165.0765310165705	105.90781544709894	110.9484679757946	45129.53807614533
1	18	0.0	0.38946058955314317	1.2470108459799938	0.23680076680509568	0.0	0.35385847241354623	1.2158569285689151	0.2085036557210901	4.126717968025872	4.237871997628708	1.1842771693265615	0.8281885660875555	1.9300390214054508	4.029396787314667	0.0	0.0	18000	-309.93234589408706	315.2423839832904	149.2649999999967	039349_26	145	1	1	0	105	0.03990841662600253	0.12732010013434214	0	0.0	0	0.0	0.0	0.0	-1.0	0.0	0.0	69.92070660312442	0	0	2	1	0	0	0	33	118	1	5	0	56112.488626483784	1.0314824906884528	1.3404968998417421	60	0	0.946996856743412	18002	-260.5901872048923	290.69868128815676	112.21265517702818	4791.244903000798	-261.1734916109749	291.4433619002322	112.25748599818276	46471.72149517187
1	34	0.0	6.7381721781771935	11.860000504095193	5.976364743789429	1.0	2.9787161729541927	5.614023379213909	2.5967091940718223	-1.0	0.0	0.0	1.6324065872646731	1.9079615059851092	0.0	0.0	0.0	34003	256.55102572059025	-84.48775311151554	3.3351136591363093	039349_26	138	1	1	0	189	0.1489848501760812	0.07775192270361991	0	0.0	0	0.0	0.0	0.0	-1.0	0.0	0.0	135.31041155178536	0	0	2	0	0	0	0	32	215	0	5	0	21363.361448781576	3.0721884045718677	4.004750672468988	16	0	0.50305876519594	34000	256.512309863989	-128.01958705484915	92.37160383400507	4546.926691210923	256.2355040584369	-128.42612484116245	92.26589813145037	34873.69195510721
1	40	0.0	0.23442190616417316	1.0196560192196047	0.09650010334359221	0.0	0.2433502482343259	0.9692505171886103	0.06376931569091175	-1.0	0.0	0.0	0.2901142548007485	1.8313159374276569	0.0	0.0	0.0	40001	243.64840909004775	-271.9048723327887	1.4097768145526541	039349_26	95	1	1	0	43	0.08501229520533238	0.17933758097958008	1	0.0	1	16.22867187529636	16.22867187529636	41.126967444506946	55.39848313139282	12.1011344427615	0.7293628763651682	27.454844235673797	0	0	1	0	0	0	1	17	45	1	4	0	65781.9726980158	0.8774999702520575	1.1772962700037175	28	1	0.4681263255208735	40003	223.58975515232436	-279.01669774678146	17.59282905492754	3106.4625928032447	223.85662325289113	-279.2188474869815	17.26563010003521	19084.287988608037
1	51	0.0	0.7763478563560375	1.92991164864598	0.6160884169348604	1.0	0.8647545069131052	2.092143868204222	0.7166000155989083	-1.0	0.0	0.0	1.1917459105799786	1.9049535513162368	0.0	0.0	0.0	51001	303.60489601573744	217.3257659430692	1.094766572882683	039349_26	132	1	1	0	274	0.11993449533182021	0.07299771701664654	0	0.0	0	0.0	0.0	0.0	-1.0	0.0	0.0	185.83509290224166	0	5	10	0	0	0	0	35	318	0	5	0	39644.30390637641	1.4510900681774486	1.8740639906625722	16	0	0.4417958723137826	51000	174.92956594537392	273.3020782440334	89.64925207686335	4298.183234880681	175.2493644727373	273.0712629752409	89.45016213140659	47245.93705821395
1	59	0.0	0.43098140193686046	1.3499776080166574	0.2885057090667437	1.0	0.07193428101753302	0.6024288841517195	0.18471918920985275	-1.0	0.0	0.0	1.7724492569697745	2.054795732718459	13.035853460089424	0.0	0.0	59000	339.1645969910316	-172.08902475433607	263.1741821452257	039349_26	70	1	1	1	943	0.11206992070979649	0.06494869665720626	0	0.0	0	0.0	0.0	0.0	-1.0	0.0	0.0	630.4879279631134	0	0	16	2	0	0	0	33	1053	0	4	0	55347.29517355953	0.7497636382103806	0.9699956434052119	0	0	0.06493692574460797	59001	-219.66408728928704	-294.2235372943039	205.44346111343071	2276.294440704753	-219.6504845188167	-294.2849032038951	205.42715178785483	98100.27220566238
1	13	0.0	0.4860143669162067	1.4810272381606018	0.3063314017887555	0.0	0.5168805545060986	1.4732109667447888	0.2885522820371267	-1.0	0.0	0.0	0.22542037186540875	1.7041201345651944	0.0	0.0	0.0	13001	-337.9619001523862	-103.84709426459965	264.5209153649149	039349_27	52	1	1	0	45	0.1187968550146028	0.21846325681546708	0	0.0	0	0.0	0.0	0.0	-1.0	0.0	0.0	28.32821286180293	0	0	3	0	0	0	0	16	48	0	5	0	59884.691477443586	1.098306637772886	1.4813076387428723	28	1	0.4733045993813224	13000	-325.72780587167915	-90.75555979860931	282.9250091116739	2205.350987936215	-326.08235766622107	-90.699345923446	282.6165447393037	13499.229421890608
1	41	0.0	0.26697865492876943	1.0674040510210392	0.13452656829381243	1.0	0.2014109535114858	0.9764155609304566	0.15131449696443763	-1.0	0.0	0.0	1.501821358643814	1.90962393950103	0.0	0.0	0.0	41001	339.758985854805	-14.234723087073794	195.34334835716692	039349_27	70	1	0	0	109	0.1070247180956101	0.07219936573430286	1	0.0	1	6.317387373559862	6.317387373559862	7.974824320554174	50.392226191067095	3.4619836861736824	1.0597553934854431	70.76576252479259	0	0	1	0	0	0	1	32	115	1	5	0	56275.447101396465	0.9159147416564116	1.1971488428644061	80	0	0.32169282679512656	41003	273.2314660323831	4.768372820892045	196.00137939017367	2675.350637845253	272.9731169146794	4.687256245615631	196.1750518100007	84515.66842410732
1	61	0.0	0.4492540039772667	1.3878688141718458	0.33134584162336767	0.0	0.5017983524435886	1.4672281526049582	0.35671122465014293	-1.0	0.0	0.0	0.7751212163516049	2.037130347684049	17.99480734647647	0.0	0.0	61000	116.094209313283	335.3231908913901	146.7717031804978	039349_27	47	1	1	0	146	0.06060300306915467	0.14791286527595426	0	0.0	0	0.0	0.0	0.0	-1.0	0.0	0.0	81.9239924127846	0	0	3	3	0	0	0	33	140	0	4	0	50729.28480386496	1.152085945198396	1.4881730342618409	28	0	0.4390974502380038	61001	186.13451589261174	314.7208714703031	132.0049967623215	2140.5427357284248	185.83956067932954	315.03749947633025	132.07952661380688	39321.344941818796
1	62	1.0	0.9015636361394056	2.1524411654519153	0.7508276028866515	1.0	0.0954729880109336	0.7912814499826062	0.15893773771807773	-1.0	0.0	0.0	2.2404203498441606	1.8734702839704847	0.0	0.0	0.0	62000	317.34463852112697	279.59390339488	298.14547915681374	039349_27	85	1	1	1	480	0.13095185621175393	0.05225734702125612	1	0.0	1	29.60301672207479	29.60301672207479	60.268785579937905	43.94124159084211	15.488983609494241	1.0899542421441397	306.48426409581356	0	0	2	0	0	0	1	32	512	1	4	0	47509.22295589675	0.8301665563703109	1.0853278614821116	0	0	0.69007740819346	62004	71.23706163998034	271.8183017541475	134.1708205849976	3054.7201273473547	70.69224379190457	271.7362267907544	133.7553160217241	106440.62991567442
1	36	0.0	0.42564385518349007	1.3484075870860812	0.28601711893244386	0.0	0.22328801801480455	1.0145617633917152	0.14232305181815744	-1.0	0.0	0.0	1.3338367722561522	1.9041479264866419	0.0	0.0	2.9099119208979953	36001	339.90644722194145	-8.376240219066291	91.15605716951812	039349_28	96	1	1	0	529	0.07032949691321966	0.07053430177339837	1	16.852221223498816	1	34.45221005256716	34.45221005256716	70.47020964597324	28.682637310223953	3.494583369821771	0.4051262501298381	349.3500419035296	0	0	5	0	0	1	3	32	582	1	5	0	55835.464129623695	0.9418251286757453	1.2210255624877888	24	0	2.553320306514815	36003	169.71320302941294	-281.86957765836746	152.2591151333768	3229.5874662908	167.6924133527253	-283.42872450584554	152.18900965389932	74475.39525208143
1	42	0.0	1.0073550270448024	2.325643897252734	0.8299616959104568	0.0	3.369064945749742	6.23956414695944	2.984617373483797	-1.0	0.0	0.0	0.43981215463809625	1.8909027841644115	0.0	0.0	0.0	42001	50.12188540709493	-182.24466568364403	290.22579079541885	039349_28	98	1	1	0	246	0.28624777850370386	0.33787746789056017	0	0.0	0	0.0	0.0	0.0	-1.0	0.0	0.0	167.35586380978737	0	0	4	0	0	0	0	29	205	1	5	1	22951.078456753643	3.3873047494847732	4.366117740322378	28	0	0.2927627146732092	42000	191.32609856590184	-176.35868415438452	291.7995621100871	3253.2216333493916	191.03577150323335	-176.3775269500739	291.832198789387	10094.163267332813
1	52	1.0	1.5334233541195341	3.1955638183015105	1.3300949325893343	0.0	1.925065634741766	3.814001457793382	1.6728611712602517	-1.0	0.0	0.0	1.525627080066678	1.903293726855205	10.642248595661146	0.0	0.0	52013	107.62636287829773	155.28587357724558	3.7852486155208283	039349_28	86	1	1	0	136	0.09759717512273813	0.19826300350783566	0	0.0	0	0.0	0.0	0.0	-1.0	0.0	0.0	91.70361906185212	0	5	10	3	0	0	0	36	147	0	4	0	23400.33671613199	2.2828986458144054	2.9323913070106205	24	0	0.12728914323464557	52033	108.31928544910515	113.7534934536383	51.73987509058787	2860.5791030322735	108.19711516563791	113.72278438290971	51.758148043220935	35700.187376809525
1	53	0.0	0.4607170533839385	1.4034811129339848	0.3175746125661841	0.0	0.4886322836983498	1.4559904218673505	0.35626163685917234	-1.0	0.0	0.0	1.170172069611881	1.9491396492661686	7.5343412179819795	0.0	0.0	53000	339.8053544399962	260.05714800135826	161.1493713617359	039349_28	159	1	1	0	143	0.05563965248980357	0.11927479139660513	0	0.0	0	0.0	0.0	0.0	-1.0	0.0	0.0	85.49822787743838	0	0	2	1	0	0	0	34	144	0	4	0	44355.734414156614	1.1539059570971784	1.4831044809539455	24	0	0.44021456246149765	53001	268.2179346476702	217.4255657380208	154.84948739661587	5122.942744363886	268.6442888900497	217.39055134581594	154.74563695922322	51903.84153856857
1	57	0.0	0.45835934593789535	1.3996759277166315	0.3117154624007466	0.0	0.23305738036197093	1.0071562866895827	0.1178003536897338	-1.0	0.0	0.0	0.9286377083586965	1.9042929518269045	4.83317618706443	0.0	0.0	57001	296.11067641075556	335.8696533770043	163.72697436156037	039349_28	112	1	1	0	415	0.03235861565527198	0.11331654099199484	0	0.0	0	0.0	0.0	0.0	-1.0	0.0	0.0	267.4978563947807	0	0	5	1	0	0	0	35	451	0	5	0	49415.796891039165	0.9395278444141961	1.2135095519302794	28	0	1.0316588817871204	57000	63.47748502165886	233.26785853999735	186.36948625709087	3710.38010673357	62.582704899359825	233.73889351934548	186.16499999999937	45889.37238161341
1	60	0.0	0.3268109358124543	1.1764475455602348	0.19530559245609574	0.0	0.3820973912007136	0.9735932042921517	0.2794130095864305	-1.0	0.0	0.0	0.2903041941065278	2.0699854053860935	0.0	0.0	0.0	60000	82.03117136862473	-333.13692494049604	170.38942526948495	039349_28	100	1	1	0	248	0.26734100056692284	0.33932531746919886	0	0.0	0	0.0	0.0	0.0	-1.0	0.0	0.0	169.31341323462013	0	0	4	0	0	0	0	34	240	0	4	0	75865.16704754852	0.9420689051418026	1.1902673293883603	28	0	0.6734022280977215	60005	-52.40399484358858	-281.0122638454304	106.22587190215079	3289.144115167257	-51.81587672319978	-281.2963608766664	106.38981248321662	22023.97618049568
1	20	0.0	0.4378862956933812	1.359447950840402	0.3001832603154471	0.0	0.10490052887113577	0.6735692972127603	0.10042734307775925	-1.0	0.0	0.0	0.986497172395171	1.9834372450730515	0.0	0.0	0.0	20000	-310.6880995903417	335.88776875845406	217.8710683040024	039349_29	99	1	1	0	577	0.03692964678244465	0.1069316419275187	0	0.0	0	0.0	0.0	0.0	-1.0	0.0	0.0	378.0550168678585	0	2	9	0	0	0	0	33	635	0	4	0	63614.62393579058	0.7817627827381047	1.0051401670310434	28	0	0.5903134156243344	20001	-36.04783423339934	169.31766910004825	81.114984184702	3202.8545653704336	-35.51017505063576	169.1181873659607	80.97498572177656	62755.64663563957
1	40	0.0	0.4274121569597057	1.3544003501640174	0.302262121655459	0.0	0.10277881097394304	0.7241231065627262	0.11185839998846017	-1.0	0.0	0.0	0.8177263141059126	1.9069093448486192	0.0	0.0	0.0	40001	339.8010117039519	130.55429175502937	82.01085313958819	039349_29	81	1	1	0	483	0.06793285059271703	0.10015817882264044	0	0.0	0	0.0	0.0	0.0	-1.0	0.0	0.0	303.36279930360513	0	0	2	0	0	0	0	33	508	0	5	0	57034.05999635779	0.8046788780948789	1.0417941808848488	28	0	0.276482678059161	40000	71.92426305326215	32.79865915347052	127.92108060444718	2552.3298144305472	71.76573546116754	32.57339770131945	127.944933318889	46638.25165931713
1	45	0.0	0.9208523248581022	2.1605041585575298	0.7563059458766078	0.0	0.25991555250993204	1.070937281052074	0.16010855415865383	-1.0	0.0	0.0	1.7407311623671808	2.0637163843186834	0.0	0.0	0.0	45004	298.37471149636394	11.487707550243416	296.52601771174096	039349_29	94	1	1	0	358	0.05832365723117994	0.09076400234372806	1	0.0	1	18.749944605066208	18.749944605066208	14.113839106440457	36.47152343237863	5.56403052636856	1.7928199488826857	231.89313058759438	0	0	1	0	0	0	1	33	385	1	4	0	52005.33596989549	0.9615448359033724	1.238875684442681	24	0	0.4902349064628435	45002	264.82872492106	208.24612473957464	228.07624823163783	3064.1143346760387	265.0034550658291	208.51494085913455	228.44710876322398	90527.30893217193
1	47	0.0	0.22631870206201055	1.0202091673730533	0.12838754588373213	0.0	0.4341923829042382	1.3590423391381565	0.3014426999702082	-1.0	0.0	0.0	0.9412986652106872	1.909180631927014	9.760769438110312	0.0	0.0	47001	257.7809106678424	82.87703553176452	4.185504391305069	039349_29	121	1	1	0	183	0.040503034257749565	0.11909976211329276	0	0.0	0	0.0	0.0	0.0	-1.0	0.0	0.0	118.20219128045305	0	0	3	2	0	0	0	36	200	0	5	0	51952.81946761388	1.106338151129104	1.4278581364669811	28	0	1.663940181518455	47000	166.9154523323727	130.61811907732093	49.54620502897809	4060.331909931189	168.3043364589539	129.87195219331056	49.014290757869766	48903.11961879675
1	49	0.0	0.4591015607132049	1.4064926304651428	0.3205765148019471	1.0	0.17432747382007707	0.9131643418475427	0.2002177454508253	-1.0	0.0	0.0	2.2804308935321256	1.9013944942461654	0.0	0.0	0.0	49001	339.7157032741031	184.67238202446683	78.40129079808972	039349_29	94	1	1	1	336	0.17012957855589506	0.08763607976153531	0	0.0	0	0.0	0.0	0.0	-1.0	0.0	0.0	223.26342664384006	0	2	5	0	0	0	0	31	375	0	5	0	44398.80604542054	0.8906744957569771	1.1572088218597538	0	0	0.3573712581525644	49000	164.2171277341102	243.26137367306697	161.76091161548737	3064.1143346760387	164.2264952269682	243.22361063037525	161.40566463261803	101248.4089419179
1	10	0.0	0.8346779092300733	2.0405834627845665	0.6733702892500423	0.0	0.8717858838875527	2.0904135102106314	0.6966120942559489	7.722269346220202	3.067451486021277	0.9951933908682506	1.099179544633233	2.0629960248696877	0.0	0.0	0.0	10000	-339.5201444843828	-334.6559621308111	290.542000608588	039349_2	135	1	1	0	68	0.0763243134143069	0.159176694842469	0	0.0	0	0.0	0.0	0.0	-1.0	0.0	0.0	46.199999999999804	0	0	1	0	0	0	0	33	78	1	4	0	40163.77853496607	1.4444291499357222	1.8700601246874733	60	0	0.6256873703629152	10002	-311.868136013435	-318.2987596436293	263.80361867997283	5406.899480124692	-311.87663298457494	-317.6893699479533	263.94524030867785	44147.20380081402
1	15	0.0	0.25338628835715066	1.0233258024454874	0.116536955477538	0.0	0.5135993832169882	1.461301534969064	0.3522824489360091	-1.0	0.0	0.0	0.7152078161125318	1.921519453298947	0.0	0.0	0.0	15000	-337.96150087516367	-186.01125342538256	248.97501267198436	039349_2	127	1	1	0	147	0.11194544775727433	0.20034453721296913	0	0.0	0	0.0	0.0	0.0	-1.0	0.0	0.0	89.33940879600516	0	0	1	0	0	0	0	33	150	0	5	0	51410.52970614006	1.1435177844745017	1.4840264574507203	28	0	0.0653407482047017	15001	-250.2661259815086	-197.2388675868089	246.93500000023897	5013.479860302556	-250.3175288411875	-197.1985295229885	246.93499999999827	36769.21267631688
1	38	0.0	0.5378400012003524	1.5305034998895648	0.40395443188016245	0.0	0.12847706239908968	0.8351531567214348	0.08320829735874948	-1.0	0.0	0.0	1.7187131216532836	1.9096239395010286	2.1963044028194334	0.0	0.0	38004	245.90112852394068	-51.733125000706025	4.251001138304207	039349_2	119	1	1	0	117	0.06340934749512084	0.08071141025484135	0	0.0	0	0.0	0.0	0.0	-1.0	0.0	0.0	70.9417694370124	0	0	4	1	0	0	0	34	121	0	5	0	58907.529055077095	0.8538250222088987	1.109332144045507	24	0	0.44341855016481946	38000	214.0746361022634	-70.30239074397079	57.9196905955928	4758.81565021762	213.94098810653045	-70.58881803294219	58.23068518075358	101245.14315113306
1	39	0.0	1.7062515823814062	3.4834881326166305	1.4709725296920615	0.0	0.3060715178854392	1.120722279159959	0.15972194414988314	-1.0	0.0	0.0	0.8241693543465872	1.9069093448486192	7.1857317413524315	0.0	0.0	39001	295.72697636909174	-37.638264391711296	1.9486162059067582	039349_2	131	1	1	0	252	0.045589435335927186	0.14392425417958254	0	0.0	0	0.0	0.0	0.0	-1.0	0.0	0.0	161.9263329278453	0	3	3	1	0	0	0	33	273	0	5	0	57324.58347352429	0.9889556584825824	1.2803719324652365	28	0	0.4515202383798429	39000	264.14920304441273	-136.21406464555017	105.96692786284738	5101.3403860792705	263.747898352991	-136.112055267797	106.1469810693167	47245.16494956156
0	41	0.0	2.665191288505002	5.055792093682672	2.3113820776436254	0.0	4.620145467606932	8.200236787587412	4.1884951698673225	-1.0	0.0	0.0	0.0	0.0	15.869315240780821	0.0	12.135544294596283	41045	339.4415022273963	-33.26935386685047	143.07812425546382	039349_2	95	1	1	0	167	0.10997501447395153	0.18083508151736377	2	0.0	0	12.135544294596283	0.0	0.0	-1.0	0.0	0.0	119.18132537530316	0	5	14	4	0	2	0	19	162	0	2	0	13865.20026079665	4.3704432675444735	5.662306184164356	28	0	0.07906137412775126	41001	265.4759767375174	-27.562862472138608	143.9014156886489	3919.821456986251	265.40959173264	-27.543804960843914	143.86293786036236	7245.346542361168
1	56	0.0	0.36754746133852734	1.2437024609579224	0.23017287776169115	0.0	0.20895719210837585	0.6784622738522372	0.12109246679054032	-1.0	0.0	0.0	0.610805357075723	2.0079562812190286	0.0	0.0	10.037224163793915	56007	266.70792479836325	153.89252888593097	296.86863888122366	039349_2	118	1	1	0	205	0.12115828065188994	0.21180420834542912	2	0.0	0	10.037224163793915	0.0	0.0	-1.0	0.0	0.0	136.48949450369693	0	2	3	0	0	1	0	34	225	0	4	0	69383.34054965246	0.7858855487340796	0.9979744584277225	28	0	0.892580347239206	56008	200.56398618017747	77.72233857038285	225.93437971759195	4628.343127696719	200.45272658672565	76.85172339343133	226.09670714227514	42379.71609953697
1	21	0.0	0.19179522393506607	0.8945794298307334	0.04864410141345897	0.0	0.3010966505368724	1.104292705840369	0.1394008018579812	-1.0	0.0	0.0	0.4778123014442256	1.858329891957466	2.880572496082764	0.0	0.0	21000	-339.5947241009369	-210.90904197517617	226.02549468274893	039349_30	119	1	1	0	445	0.06452423575630273	0.15420068235781992	0	0.0	0	0.0	0.0	0.0	-1.0	0.0	0.0	293.3253048653003	0	0	3	1	0	0	0	33	492	0	6	0	55129.14197947267	0.9697342724052647	1.2696789696519828	28	0	0.5739580472183949	21004	-76.68765836134443	-128.06585751714448	212.19694024441077	3781.4434242042175	-76.97114518719111	-128.27754850660568	211.7449999999989	26341.382205857306
1	28	0.0	0.3284183425801118	1.1281586532808239	0.17168026935710637	0.0	0.2196786702915196	0.9574617061654076	0.06483660897046431	-1.0	0.0	0.0	1.0678666515643898	1.9057204619826387	1.8482546036106644	0.0	0.0	28007	-339.75692706501735	245.30805755243722	147.42861199527334	039349_30	140	1	1	0	393	0.042456552454293695	0.14039242805124985	0	0.0	0	0.0	0.0	0.0	-1.0	0.0	0.0	260.0435266601477	0	0	3	1	0	0	0	33	436	0	5	0	53360.40497874601	0.9067738625490244	1.1795642737710363	28	0	0.6014776532349588	28000	-188.406355057005	71.40392053216168	232.257883650016	4561.024451367821	-188.9286920973173	71.25108654452126	232.00179547012334	56981.79699077329
1	41	0.0	0.7649939147897851	1.9121967285537853	0.596482297017843	0.0	2.1694641689810545	4.216634626968688	1.8652530932946085	-1.0	0.0	0.0	0.257754816353526	1.929504306320522	0.0	0.0	0.0	41002	302.6546315068834	82.1132883483979	1.4534296006444807	039349_30	111	1	1	0	720	0.37709826751856157	0.42948232268991304	0	0.0	0	0.0	0.0	0.0	-1.0	0.0	0.0	457.12989654344193	0	2	5	0	0	0	0	33	753	0	5	0	19131.0782325586	2.417060570825354	3.148008854369746	28	0	6.101320834594418	41011	320.0860414371088	-265.7250708849861	202.23653309313914	3506.548573400767	320.13384269617177	-271.41127808699997	200.02499999999912	4931.127556478081
0	44	1.0	13.687978776957845	23.267235759292497	6.552727558617751	0.0	13.691329821371191	23.268870827614368	6.5508082066945965	-1.0	0.0	0.0	0.0	0.0	0.0	0.0	0.0	44003	336.51415957809104	-214.86971570690517	87.70701281979822	039349_30	135	1	0	0	33	0.45837922158882205	0.5062674601199348	0	0.0	0	0.0	0.0	0.0	-1.0	0.0	0.0	5.399999999999931	0	0	1	0	0	0	0	0	10	1	5	0	0.0	7.518511337476737	14.981176949841435	94	1	27.572393412497387	44004	340.9563495780911	-195.76802726899228	83.5549999999982	4391.171825998603	319.44651659036947	-211.0141575396812	91.62466387794487	4107.8163149299935
1	45	0.0	0.1953331370237291	0.969204692597335	0.12455522588952846	0.0	0.29334687544502047	1.1080095596883106	0.15813396368407956	-1.0	0.0	0.0	0.22725412234077685	2.0115045524052104	0.0	0.0	0.0	45000	339.57568137064123	-38.54429177643618	109.0550660955499	039349_30	111	1	1	0	335	0.05504284655529512	0.12929961571167636	0	0.0	0	0.0	0.0	0.0	-1.0	0.0	0.0	220.33539143810512	0	0	2	0	0	0	0	33	363	0	4	0	49474.04368130097	0.9856175367367582	1.2702649614593147	28	0	1.4249945353581226	45004	138.36412493198537	11.733375085273774	103.61443741669673	3506.548573400767	138.30019869617178	13.146815506373159	103.4449999999978	11243.18037544331
1	66	0.0	0.6117837932135101	1.6616178060961302	0.4649019810053007	0.0	1.725237201837554	3.522457105478648	1.4922698605994724	-1.0	0.0	0.0	0.6057003164578197	1.9390832774432414	9.342769621439993	0.0	0.0	66000	191.91523080182859	-172.06119609559588	298.3592474423615	039349_30	40	1	1	0	711	0.07397925674332245	0.1537385086826899	0	0.0	0	0.0	0.0	0.0	-1.0	0.0	0.0	458.3084315344284	0	0	7	2	0	0	0	34	754	0	4	0	27572.606842845522	2.1244165747361157	2.7346682256021984	28	0	0.35994779878542854	66001	-221.80705494926187	-172.27168664377066	206.64537182097442	1634.382228671315	-221.63711278104765	-172.0433834792569	206.42500906916248	16700.73669027858
1	20	0.0	0.543216302289343	1.471155225093698	0.3645528685040382	0.0	0.18507074378990318	0.9279587217150126	0.08661126675075966	-1.0	0.0	0.0	0.9308328042679865	1.9126322652022774	7.7516890878476135	0.0	0.0	20024	-339.67028628585985	34.3936412541362	216.60352219078146	039349_31	122	1	1	0	569	0.054683339802683334	0.09992495102032517	0	0.0	0	0.0	0.0	0.0	-1.0	0.0	0.0	386.40563236873174	0	4	13	1	0	0	0	34	634	0	5	0	61631.94163814334	0.8970851236530406	1.1589263239996035	28	0	0.05448207563921512	20001	-102.77413780881216	-111.9780882313064	24.602039197275154	3919.9356828130462	-102.7910259121963	-111.94401611328627	24.563024080926933	57369.03306751385
1	29	0.0	0.22948586205699925	1.0013504866749388	0.09574604709484728	0.0	0.11309051523790134	0.75171147671413	0.06307588227921085	-1.0	0.0	0.0	0.9450719929734517	1.9076596911378922	7.891269658463129	0.0	0.0	29001	-339.90082940451924	167.81255821044425	167.40033353617443	039349_31	149	1	1	0	307	0.032060321538888825	0.10429233093154622	0	0.0	0	0.0	0.0	0.0	-1.0	0.0	0.0	195.13925891810607	0	1	4	2	0	0	0	33	329	0	5	0	59929.05050815925	0.8106691356791186	1.051237753116104	28	0	0.2438842250209885	29000	-195.41635691432836	89.0006630936868	261.5254388448502	4565.366301778551	-195.41635691432833	88.87872098131527	261.3142289103195	56637.26720075271
1	32	0.0	1.1370403186111397	2.471753709783719	1.049132722794732	0.0	0.2247355156280785	0.9317379871155939	0.07093752823264493	-1.0	0.0	0.0	0.5645215112493688	1.9069093448486178	11.275270706267765	0.0	0.0	32006	-339.8846095653185	-37.758551840729986	119.35733414462273	039349_31	148	1	1	0	437	0.07432693150764325	0.16640977355635533	0	0.0	0	0.0	0.0	0.0	-1.0	0.0	0.0	298.4715747355316	0	0	5	2	0	0	0	33	488	0	5	0	62955.672992924716	0.8973075759902515	1.1617178436990265	28	0	0.8760256618172356	32000	-195.36596130963488	-265.4915566556616	142.152283602384	4561.8087950767585	-194.8636918614905	-266.20907190551935	142.17012254418847	35539.83165968693
1	39	0.0	0.2960729028046217	1.0820889315613114	0.13643696467112246	0.0	0.07631741657469965	0.7518505423906421	0.08579593522849323	-1.0	0.0	0.0	1.4551477528314272	1.9069093448486212	2.5078916920353613	0.0	0.0	39001	337.7690591732894	-262.0478320249189	0.9698738584291895	039349_31	143	1	1	0	73	0.048824127285749364	0.05734005795397101	1	5.409012387106114	1	17.58354028914767	17.58354028914767	21.932958561547842	21.049028681864996	2.4000000000000083	1.5808331288791837	47.035868386762765	0	0	2	1	0	0	2	33	80	1	5	0	56285.33857028307	0.8195094255174684	1.0609948563651972	24	0	0.5986635190448072	39006	304.7000440420713	-252.9083611614604	29.71779213245484	4476.327031843582	304.95654595368524	-252.38621717443533	29.57647534227369	81903.48393790347
1	51	0.0	0.2872237829073613	1.071673549557926	0.13625930492915767	0.0	0.21958516696625333	0.8918722519281684	0.06843446304849601	-1.0	0.0	0.0	0.703896327431716	2.0629960248696726	0.0	0.0	0.0	51001	183.2901897221355	-335.78083036235694	225.28199260357368	039349_31	123	1	1	0	84	0.08780387809309176	0.18128359575581765	0	0.0	0	0.0	0.0	0.0	-1.0	0.0	0.0	54.63392038589863	0	0	1	0	0	0	0	33	92	1	4	1	60966.157003713946	0.8777666437349836	1.1364187709051643	28	0	0.7252552897645946	51015	177.08233291180474	-305.6033080738308	263.365805286897	3931.3104162660507	176.9791219996157	-306.06230950818633	263.9177658164607	42913.85401253964
1	43	0.0	1.059177491729517	2.406000461832321	0.8817964391945241	0.0	1.3892327664164177	2.955894168896752	1.169248628871253	-1.0	0.0	0.0	0.7649147075488332	1.9069093448486192	0.0	0.0	0.0	43001	338.2043815949226	-267.01387140482325	29.494996777541974	039349_32	122	1	1	0	309	0.06769460708586716	0.16233645189586476	0	0.0	0	0.0	0.0	0.0	-1.0	0.0	0.0	194.20324380332636	0	0	4	0	0	0	0	33	312	0	5	0	35720.07084496707	1.8506555445393131	2.3959895426707227	28	0	0.41273123055181127	43000	160.60917957025575	-265.2055410780939	46.34788636843835	4388.5136166242955	160.20548237299735	-265.197367636498	46.43337810167038	27322.80754400159
1	52	0.0	0.17631442291989932	0.9104921674646469	0.06356886811026499	0.0	0.2403011220806729	0.9557661993423258	0.08028140109940561	-1.0	0.0	0.0	0.6336459920116337	1.90690934484862	0.0	0.0	0.0	52001	291.75482568320996	-318.1804590369084	1.4900675536431762	039349_32	131	1	1	0	495	0.07636150152301546	0.1747779637017719	0	0.0	0	0.0	0.0	0.0	-1.0	0.0	0.0	324.196587734768	0	2	3	0	0	0	0	33	544	0	5	0	54309.1898686969	0.9084245387191529	1.176110649817539	28	0	2.405124950189678	52000	202.92851989459913	-197.59194513503434	260.8654608282109	4679.4660030584955	202.2668064075366	-196.40676494655156	262.85093538304466	34412.80048969862
1	56	0.0	0.7321756693162187	1.867744563088123	0.5854237278804316	0.0	0.17468700491176753	0.8850543838533238	0.10259155482864292	-1.0	0.0	0.0	1.1770537384317152	2.0629960248696793	0.0	0.0	0.5560225806590681	56001	339.64615260428576	177.40043930040528	73.37345246356992	039349_32	110	1	1	0	312	0.0757370953506527	0.11930415595820998	2	0.0	0	0.5560225806590681	0.0	0.0	-1.0	0.0	0.0	205.31189911052692	0	0	1	0	0	1	0	33	343	0	4	0	49742.24942412135	0.8790878324372066	1.138129275230922	28	0	0.09122777815528098	56000	152.19186057043163	137.95215256757572	92.29670568111437	4080.379052217433	152.16010793375932	137.88741952683597	92.35259763946343	58549.30064266487
1	58	0.0	0.7542199921924603	1.8720840485844688	0.5757663821758394	0.0	0.3657128419648078	1.2020313986228484	0.19794662652024142	-1.0	0.0	0.0	0.7092293840294147	1.8601028055948519	0.0	0.0	0.0	58000	28.129140028952964	329.54978020872704	153.21432369147618	039349_32	53	1	1	0	385	0.08423326924067176	0.18423412941030481	0	0.0	0	0.0	0.0	0.0	-1.0	0.0	0.0	258.4392031219936	0	4	11	0	0	0	0	32	440	0	4	0	49832.333874064425	1.0152465258794001	1.326233977132048	28	0	0.7107214953247216	58001	199.73830499245565	168.75278838707314	123.85020969133829	2542.7686170180114	200.42258396645207	168.5608209658625	123.84422313500394	35342.55545825085
1	63	0.0	0.5337833927135088	1.5312549767413188	0.3895244514705307	0.0	0.21259171223705256	0.9962794085368584	0.1292226157170834	-1.0	0.0	0.0	2.023337679585366	2.0809638507753325	0.0	0.0	0.0	63000	339.5616274901423	206.1503058487196	224.07469779579438	039349_32	94	1	1	0	317	0.07980953554551073	0.07600653976335492	0	0.0	0	0.0	0.0	0.0	-1.0	0.0	0.0	193.149720066337	0	1	4	0	0	0	0	34	326	1	6	0	55393.18175927172	0.9196165168715624	1.2096373880511389	16	0	1.3755437735924951	63013	196.2316938503606	310.6440245814114	184.62209637530242	3583.876501796615	196.3237913395104	311.6068071047557	185.6002009393977	112079.11184565525
1	68	0.0	0.46471598348162757	1.4081940426483506	0.3210425212384831	1.0	0.12081216019003273	0.6584029043343438	0.27279010437084505	-1.0	0.0	0.0	2.237218288884112	1.9413546344918517	0.0	0.0	0.0	68000	137.1037546635082	42.18645734422142	295.68348017687975	039349_32	17	1	1	1	274	0.19889463956512105	0.11856308403831958	0	0.0	0	0.0	0.0	0.0	-1.0	0.0	0.0	179.69360955005513	0	0	1	0	0	0	0	21	284	1	4	0	54418.84720314074	0.7353502902155551	0.9949994102829429	0	0	1.2764959331213404	68002	-18.83399510899153	13.695828986086685	228.98045664829291	1234.952972715215	-19.876084052934402	14.020483526243074	228.31857151494788	121746.84022285647
1	21	0.0	0.22147702519885132	0.9547795322582694	0.07675214544396881	1.0	0.1761654260007837	0.9490723305164701	0.1727654268652155	-1.0	0.0	0.0	2.0206697378615672	1.831798616502168	0.0	0.0	0.0	21001	-71.3868481138441	-323.5496521449336	196.4530535167392	039349_33	102	1	1	0	297	0.12130439119487213	0.04640044188672948	0	0.0	0	0.0	0.0	0.0	-1.0	0.0	0.0	193.66216335305768	0	0	1	0	0	0	0	33	322	0	4	0	54067.341263084294	0.927673549023467	1.176541514946826	16	0	0.030726924853120546	21000	-237.75825160225457	-264.2534270268346	218.38059815858887	3058.389621624688	-237.76082467287443	-264.2228287780731	218.3817252749302	109252.24029694844
1	45	0.0	1.031236987051717	2.3379036858391804	0.8129492646854373	0.0	2.7757446727973165	5.260767148647477	2.441725707004401	-1.0	0.0	0.0	0.38281825489748883	1.9052438813367347	0.0	0.0	0.0	45001	277.3061142224382	41.815351603451454	1.9401943861561173	039349_33	92	1	1	0	570	0.20595857896162298	0.24725187859294845	0	0.0	0	0.0	0.0	0.0	-1.0	0.0	0.0	367.43334424074527	0	1	6	0	0	0	0	33	514	0	5	0	33363.99214360495	2.9289668462488234	3.789770731051623	28	0	4.569045663721882	45000	295.35420141241354	-249.97291736283697	144.8300194076485	2867.566197865614	295.346663035555	-252.04582971410915	148.90177036196695	12772.345248828373
1	58	0.0	0.4622683930158399	1.4129202495929833	0.3212271554135723	1.0	0.42258884512435196	1.353296073607434	0.35220026840450636	-1.0	0.0	0.0	2.042323242332927	1.9069745584075053	0.0	0.0	0.0	58001	339.20035775554913	227.24050217381654	55.823742126026715	039349_33	104	1	1	0	509	0.16619870295918393	0.06906317518795946	1	0.0	1	6.102326896745662	6.102326896745662	7.105953550651737	66.8391151844328	3.130995912959982	1.2150534165470215	328.81265649133206	0	2	3	0	0	0	1	33	532	1	5	0	45929.59221663906	1.1035278989315151	1.4257572726895134	16	0	0.42913370738642714	58003	68.85075708169418	289.18861827975695	184.82955398620427	3089.939168927631	68.49537692778605	289.4001176524931	184.94413452711623	93803.07369491545
1	66	1.0	0.049368928694018585	0.6623885136421381	0.17044233111677107	0.0	0.8482057178712108	2.0616953054366416	0.6852697070726831	-1.0	0.0	0.0	0.9511207523145014	1.9063455311289093	0.0	0.0	0.0	66006	-274.2907324458901	91.92022114744297	3.6950806599653063	039349_33	53	1	0	0	864	0.05345593038431312	0.10815959834457273	0	0.0	0	0.0	0.0	0.0	-1.0	0.0	0.0	570.5130406961774	0	0	5	0	0	0	0	33	932	0	5	0	41401.03229181825	1.433923267983844	1.8536796183872517	92	0	0.09960591734880678	66000	46.73130956608386	-335.3437788108914	4.730310963596855	1910.352619366116	46.734874642593454	-335.4316900425837	4.683617876927244	39377.38097999114
1	40	0.0	0.3238270683179772	1.1491742491321495	0.17873826150400865	1.0	0.039262163815094904	0.6050679857803584	0.17015399307751292	-1.0	0.0	0.0	1.7884115931550089	1.9788199047351367	0.0	0.0	0.0	40000	322.2868716465359	-335.57020032103617	293.69199772471336	039349_34	57	1	1	1	134	0.09857781830532986	0.01839448276467137	0	0.0	0	0.0	0.0	0.0	-1.0	0.0	0.0	76.36480236411376	0	0	1	0	0	0	0	33	128	0	4	0	59053.78838995517	0.7583364343043085	0.9746377534481304	0	0	0.38734339169843746	40001	266.62279247346396	-296.8664584511309	268.7604935300655	2298.277868589795	266.34940556650815	-296.5929218687974	268.7387624389079	105612.47977631849
1	46	0.0	0.20018350464262638	0.6447646070458182	0.18381352581289145	1.0	0.08356616382275417	0.6263231347241559	0.2145336794661783	-1.0	0.0	0.0	1.729157157339604	1.6385784451936085	0.0	0.0	0.0	46001	260.70384501528	-272.73132138909676	2.3623885041059802	039349_34	80	1	1	1	47	0.1049987839266453	0.08083107588996319	1	0.0	1	12.936688267459726	12.936688267459726	19.674705376343958	31.395045551533883	7.1999999999999655	1.0379348357676415	28.98584834680772	0	0	2	0	0	0	1	17	51	1	6	0	73333.97106673567	0.7216490789408312	0.9781932537488857	0	1	1.120097178336287	46005	244.15535533061606	-274.42129365305925	22.314856713944117	2894.799694647201	244.21638901416804	-273.3028975118264	22.323947900028205	126805.96094618143
1	48	1.0	1.4960113347703203	3.1626450057174145	1.2026538753022655	0.0	0.38983115312880096	1.2238257561531236	0.24594971725517692	-1.0	0.0	0.0	0.021376769938119117	1.9021088122360719	0.0	0.0	8.382264536959813	48026	339.79884546107877	218.39896107205428	32.92528836109535	039349_34	117	1	1	0	655	0.1319796454356147	0.2166734615194601	2	0.0	0	8.382264536959813	0.0	0.0	-1.0	0.0	0.0	440.8635829558493	0	2	4	0	0	3	0	34	717	1	4	0	54934.5984996395	1.0405323494161185	1.3329977000947284	28	0	3.274154531811724	48002	314.2772759607593	-91.6404812896994	272.0825130463883	4608.515638370012	312.9122251820902	-89.39463773894988	274.035180712786	1174.3242737697371
1	24	0.0	0.36399963626111775	1.1880556189638138	0.22476891932821108	0.0	0.24026070764822594	1.0079066273135533	0.10761169127600631	-1.0	0.0	0.0	1.0957062003211304	1.9451328459994877	0.0	0.0	0.0	24000	-130.8197234637915	48.08579032411484	285.69313995216424	039349_35	47	1	1	0	154	0.034910014618753926	0.12848257873417857	0	0.0	0	0.0	0.0	0.0	-1.0	0.0	0.0	103.6365677841977	0	0	1	0	0	0	0	33	173	0	5	0	61273.551888174276	0.9310782000736049	1.2130642633418498	28	0	0.5751290986558528	24001	-217.92500659541275	1.122902611008755	268.4118320832135	1734.2337526720742	-218.4757885028208	1.113467076424594	268.2465331380271	67137.81071957106
1	30	0.0	0.1312154248185358	0.6805862702770378	0.10319531525898258	0.0	0.24474028060946554	1.0126754132462776	0.1007520777007954	-1.0	0.0	0.0	0.6465376142483865	1.939022647065707	0.0	0.0	0.0	30000	-250.24124381522057	335.4361436588792	27.174200692121154	039349_35	120	1	0	0	130	0.050438964079430715	0.1334381486960724	1	0.0	1	3.934484587797006	3.934484587797006	13.927816145497632	141.6986742884773	5.505427862226243	0.39343877000159905	80.86677283603909	0	0	1	0	0	0	1	33	136	1	5	0	59190.64952273377	0.9345134495097076	1.215423396337106	92	0	1.7247849913467967	30001	-289.03741075695206	275.96251639260583	2.776352194351638	4048.2307020329913	-289.5534534473628	274.3888406407283	2.2945557269493895	38268.98132824069
1	62	0.0	0.4559079437895319	1.4128599721886201	0.33115964148142324	0.0	0.15164392486447253	0.8934470448517361	0.09829793005980327	-1.0	0.0	0.0	1.3540165407702633	1.9069093448486192	0.0	0.0	0.0	62001	338.6583438456405	130.4414304174928	51.931284296848865	039349_35	119	1	1	0	340	0.06381095001511805	0.06313780003137237	1	4.47328810669098	1	20.457168940967907	20.457168940967907	28.982177850586627	94.71078675527164	5.074180621999675	1.3717274461092612	219.77625614377357	0	0	1	0	0	0	3	33	366	1	5	0	52081.99884198516	0.8859789103199657	1.1470509519813799	16	0	1.3241091844105455	62004	148.75886426026028	208.3167437681662	80.60772738232124	4039.0164790869662	149.55208606109264	209.32195379509176	80.27065601199605	70519.8879084256
1	75	0.0	0.6275637893856396	1.6946479313879201	0.4823570793951225	1.0	0.06036189569315872	0.5703144785435371	0.18834073651611388	-1.0	0.0	0.0	1.8076446410163274	1.9069093448486192	5.102911741821204	0.0	0.0	75001	339.42320372179563	177.5840801066176	21.970579270023613	039349_35	87	1	1	1	845	0.09962767003356832	0.02727523557222028	0	0.0	0	0.0	0.0	0.0	-1.0	0.0	0.0	557.112536055143	0	1	6	2	0	0	0	33	901	0	5	0	61367.77899060353	0.7350050940336111	0.9515895728465379	0	0	0.2613007969600353	75000	-174.41678302068127	264.3369941984969	93.54030627802524	3083.8869153316077	-174.6500473264679	264.2948439313735	93.43035526566402	110931.13682343884
1	23	0.0	0.35721918272153413	1.2209821281408215	0.22182658250510764	0.0	0.10063490724421748	0.7393502706059366	0.06622751713498418	-1.0	0.0	0.0	1.2003350200309142	1.9069093448486192	2.6569249540039883	0.0	0.0	23001	-293.20483596952226	-172.07604690989817	1.3686096784430348	039349_36	92	1	1	0	502	0.026608491923913874	0.09346758461235805	0	0.0	0	0.0	0.0	0.0	-1.0	0.0	0.0	326.3495282369807	0	0	2	1	0	0	0	33	546	0	5	0	64489.52883633133	0.8116284040490023	1.0507915286418261	24	0	0.6363763810012204	23000	-57.80280197285144	-126.05003376412644	210.48695884927602	3702.6979382599034	-58.28472788586187	-126.23406359567348	210.1143258746669	77409.03988754199
1	41	0.0	0.3310217962684574	1.1664875044314014	0.1902564134795013	1.0	0.03800157369075904	0.7076313488282998	0.12612173696015755	-1.0	0.0	0.0	1.8764097050302817	2.0688779841351157	0.0	0.0	0.0	41001	276.61465943391147	18.26398281300182	1.8312676605549434	039349_36	101	1	1	1	83	0.0848627107471771	0.028753494637288268	1	5.717871167796863	1	29.160733435588977	29.160733435588977	37.04724909914238	45.34686961754767	5.577172716774468	1.7548561585540614	51.80299864145385	0	0	3	0	0	0	2	35	89	1	4	0	58439.0064492581	0.7995745875639885	1.0351858053981982	0	0	0.23633475231189402	41006	237.74657163607156	6.763818289618415	22.686378601029723	3940.8805234943784	237.53742393800727	6.763858643526566	22.796430197639147	109655.51885371513
1	46	0.0	0.9201874995706222	2.1694353193037177	0.753645508127362	0.0	0.3529294005809845	1.234319400241656	0.27297592900024426	-1.0	0.0	0.0	2.1686397905779335	2.0638156132985177	0.0	0.0	0.0	46001	292.8061438725491	-120.93579076517358	1.1876250395654686	039349_36	68	1	1	0	217	0.132417842175801	0.08318029729857723	1	0.0	1	3.5685240845313073	3.5685240845313073	3.8615517429765007	67.88201144053222	1.7920853765346105	1.3254486343907717	145.80033778961015	0	1	2	0	0	0	1	33	244	1	4	0	50121.94601927423	1.0443232421472264	1.3503478660555968	16	0	1.3862234643006666	46003	276.0160568486525	-219.82409689585137	76.23154568732312	2879.972565788797	275.9208665037002	-221.0988377137074	75.69527137459005	108696.44651859737
1	63	0.0	0.5865937330205817	1.6166479447211832	0.4346018477678518	0.0	0.16211444156434376	0.8318354211162864	0.050961213502278196	-1.0	0.0	0.0	0.4405146132554606	1.9069093448486192	5.367771613281517	0.0	0.8004775300870244	63001	339.8293363813237	248.33334708754782	157.60552004342335	039349_36	79	1	1	0	515	0.06199003586068219	0.13256914159931088	1	0.0	1	5.757530583058209	5.757530583058209	18.308702437246914	73.99247965505552	6.8171928378569815	0.3050685129947549	335.99999999999994	0	0	2	1	0	1	1	33	556	1	6	0	59119.627933308526	0.8460545535196764	1.105319492953634	28	0	1.362796791561777	63012	38.466420446341246	193.6791233602545	252.3180152511797	3324.213288398592	38.75565083610685	192.49070839596732	252.9190400005748	26043.06003484813
1	64	0.0	0.409412972921901	1.3141836102632585	0.2698015211509769	1.0	0.19025258066607054	0.9748569964782958	0.15068358593473385	-1.0	0.0	0.0	1.6978412055287524	2.062996024869696	0.0	0.0	0.0	64000	306.5662386309888	335.5965754911052	235.71221814921287	039349_36	63	1	1	0	145	0.09718188983197862	0.021040479801962775	0	0.0	0	0.0	0.0	0.0	-1.0	0.0	0.0	94.90713310996628	0	0	1	0	0	0	0	33	159	0	4	0	51068.69851771606	0.9248018132045643	1.1973138275349033	16	0	0.2299337758819812	64001	220.86007215079275	318.510254732096	210.10136910471823	2640.973132052351	221.01893734678274	318.6629751097807	210.1670035243031	86706.54065610345
0	33	1.0	4.930230591200973	8.838490966873682	4.377744316607951	1.0	3.6378896325426524	6.7945362845868384	1.9901826294576417	-1.0	0.0	0.0	0.0	0.0	0.0	0.0	0.0	33001	75.2631638665026	199.98755178960582	14.931261319280441	039349_37	82	1	1	0	149	0.19662483578803092	0.12182993223870414	1	0.0	1	3.145445627518975	3.145445627518975	4.193617087733714	40.61314450958116	1.9379408511005274	0.770120086217145	96.58165286022974	0	0	2	0	0	0	1	0	106	1	5	0	0.0	2.7849200171590924	4.701813990609713	20	0	0.5239867812092414	33002	96.41336394715077	128.27689382734243	40.173744164681594	2675.2404805962506	96.23334719632784	127.78485423092393	40.166453632362604	30181.93062899879
1	39	0.0	0.6676405758384419	1.7343175875547463	0.4886781278800594	0.0	0.19101558465402768	0.8724525375386658	0.04113763392738142	-1.0	0.0	0.0	0.5497464642480528	1.9091294486236834	8.156685443177457	0.0	0.0	39000	339.83446267377826	-134.39337341066437	104.46430119619222	039349_37	104	1	1	0	424	0.06239438158252664	0.1527175590130787	0	0.0	0	0.0	0.0	0.0	-1.0	0.0	0.0	258.8716409258232	0	1	12	3	0	0	0	34	443	0	5	0	59564.64216232812	0.8673662904344297	1.1266858223610947	28	0	1.8830637003520305	39001	138.09950449108604	-209.78172179729913	23.949884615914378	3274.4724098705574	137.0940150595282	-209.74689203779826	25.54164678108293	32745.451422940376
1	52	0.0	2.3404511594784823	4.551477059804747	2.030995342350467	1.0	4.785395941598504	8.525376377567849	4.446606792918935	-1.0	0.0	0.0	2.700342971748668	2.056804482319691	6.948893867448037	0.0	0.0	52001	106.64691267708463	165.06198061337497	1.9488397608198433	039349_37	82	1	1	0	97	0.2883024587203975	0.20484536444697532	0	0.0	0	0.0	0.0	0.0	-1.0	0.0	0.0	68.65414629813225	0	2	6	1	0	0	0	34	110	0	4	0	11578.772314082624	4.5930160035181	5.819780880261806	16	0	1.2509475043332656	52000	110.50363338661177	133.46037671299698	31.186648446564995	2675.2404805962506	110.91150060491069	132.31675252918333	31.487709432133187	31266.65643981108
1	67	0.0	0.4956356259169586	1.462606608440128	0.3489485624357452	0.0	0.25213642410503984	1.0074132508951965	0.09989920024330275	-1.0	0.0	0.0	0.7401633728804381	1.9069093448486192	7.303960350661129	0.0	0.0	67000	339.57219522309504	-319.77604930140444	232.2455891260529	039349_37	80	1	1	0	1071	0.05856269478893916	0.15426920983421732	0	0.0	0	0.0	0.0	0.0	-1.0	0.0	0.0	705.4875051860553	0	0	9	1	0	0	0	33	1161	0	5	0	56436.388890492635	0.9343809648267579	1.209715674643706	28	0	1.99491596318855	67001	-70.69213949656084	169.0651488442249	123.32290957318205	2596.6294762105213	-72.38471100824025	170.10351942063664	123.13139475892967	41772.147954379114
1	27	0.0	1.8329167713909813	3.6884793696332863	1.578409677702133	0.0	0.2899231107703963	1.0554294129924766	0.13637994895278524	-1.0	0.0	0.0	0.25325550224286847	1.9816844976668753	7.031685659052381	0.0	0.0	27000	-324.1512019100023	-335.6821556396882	279.2701679981857	039349_38	124	1	1	0	582	0.08711598601476289	0.18155807412445568	0	0.0	0	0.0	0.0	0.0	-1.0	0.0	0.0	390.7805420042737	0	1	4	1	0	0	0	33	647	0	4	0	61826.44633111091	0.9605715514228056	1.2348571095606464	28	0	1.6784844782832617	27006	-155.61797972753098	-145.67536788790682	23.580537550778125	4276.438950404161	-154.48249610779706	-145.01069591640018	22.538329191836755	15657.887717477246
1	32	0.0	0.22880393810085642	1.0146990419243862	0.06368521027567157	0.0	0.23983849181972544	1.017403209271214	0.050890709747731834	-1.0	0.0	0.0	1.0031454198526455	1.6927582178310743	0.0	0.0	0.0	32001	-339.83065476325544	156.36794206310094	112.5685568299813	039349_38	139	1	1	0	40	0.03841302315079642	0.14271508857401727	0	0.0	0	0.0	0.0	0.0	-1.0	0.0	0.0	24.000000000000004	0	0	1	0	0	0	0	17	41	0	5	0	56413.83317184923	0.8607087209587236	1.2059088355033591	28	1	1.7772539302848682	32000	-319.9805355284162	168.32770012034456	118.16364951057895	4574.467333596401	-318.5063301331072	169.16704536596802	118.69360190825634	56591.2783626718
1	33	0.0	0.34355140343705604	1.1492341107506145	0.1844547950023325	0.0	0.13124482187240324	0.8542354845903166	0.07066336102300333	-1.0	0.0	0.0	1.4128178786769636	1.9069093448486192	3.74560887305704	0.0	0.0	33010	-339.3414360318198	315.88263954448496	182.69811195521018	039349_38	109	1	1	0	589	0.042440626245281554	0.06571535622350155	0	0.0	0	0.0	0.0	0.0	-1.0	0.0	0.0	377.19878709487125	0	1	5	1	0	0	0	33	632	0	5	0	59538.368776617055	0.8670852134087962	1.1225898358351976	24	0	0.12533330886953034	33000	-64.1105078144935	94.697776849525	254.08432632158565	3675.024864249735	-64.03411444922703	94.7725128209373	254.14980171110346	84116.87187486688
1	57	0.0	0.34869781997175564	1.2262181878620217	0.22859343902686888	0.0	0.38816173832559425	1.2799820863273201	0.2506829660417212	-1.0	0.0	0.0	0.5984008454596307	1.9096239395010286	3.0073316242707753	0.0	0.0	57001	257.5877928946355	130.3320391308832	1.0465194149534536	039349_38	107	1	1	0	436	0.03424115129132166	0.11974079756488643	1	0.0	1	4.07606990872496	4.07606990872496	4.354902653113601	42.31724677028666	2.0079202992270644	1.0369772715457068	274.68812577533254	0	0	3	1	0	0	1	34	460	1	5	0	50301.45356842296	1.0655351500164367	1.37951715775557	28	0	1.3028726333055922	57002	39.539758244537076	66.68685225919081	131.05021452316026	3501.623560390818	39.852234064822554	65.58020133191103	130.43771171867334	30100.43234319266
1	60	0.0	0.42484940475959354	1.3499974642022825	0.2901439961232624	1.0	0.8455239564564069	2.0614342053164805	0.690137915722643	-1.0	0.0	0.0	1.2513678105972934	1.906909344848636	0.0	0.0	0.0	60001	339.68643675728043	185.72088055018577	3.989321962612437	039349_38	85	1	1	0	188	0.09970555182092761	0.05890889380184949	0	0.0	0	0.0	0.0	0.0	-1.0	0.0	0.0	119.99999999999982	0	0	1	0	0	0	0	33	201	0	5	0	35095.88729244935	1.4336065141747387	1.8560483750758514	16	0	0.1725045647948521	60000	229.88287308487892	199.53961426882228	36.125090559027704	2819.831120518394	229.71255411559318	199.51224157524925	36.125186595795796	43917.86364212171
1	61	0.0	0.9475018730614506	2.2207448888469354	0.7602542714060413	0.0	0.7936029430872606	1.8993456637219401	0.6050449884359486	-1.0	0.0	0.0	0.2507041898103126	1.9069866570583174	15.757244017280593	0.0	0.0	61001	185.96622332629389	335.9739691971629	1.7227396307082006	039349_38	39	1	1	0	167	0.22669376914319717	0.31734649926676056	0	0.0	0	0.0	0.0	0.0	-1.0	0.0	0.0	107.15701915143188	0	1	6	3	0	0	0	34	182	0	5	0	45663.91370754481	1.3412142202816286	1.740153580788231	28	0	0.09364248353367234	61000	125.42577395891661	306.97237993519053	67.75485463297288	1592.0165917832155	125.37663770553488	307.0255763850763	67.69548560867979	11448.134489618049
1	67	0.0	1.0354001787048293	2.3754284563987587	0.8747229446924643	1.0	0.027435778285552864	0.6774728941991697	0.16881375259565157	-1.0	0.0	0.0	1.8080999078392614	1.9069093448486192	0.0	0.0	0.0	67006	56.95758309225276	-334.7023790188766	1.4449352943694902	039349_38	70	1	1	1	328	0.12053167301657675	0.022259802515096183	1	0.0	1	15.730690608173994	15.730690608173994	27.66479508927406	138.00523008436363	9.239310870722118	0.8758930091227064	213.54331084086562	0	0	3	0	0	0	1	33	344	1	5	0	56499.8882586255	0.7855448995353231	1.0170219791244215	0	0	0.19357394229273703	67000	-137.82952179764368	-313.85628394748016	36.88563094873852	2507.8472037325378	-137.64343255304146	-313.8182595961648	36.92299152803245	102157.44275334933
1	27	0.0	0.5053535983686342	1.4342944602846002	0.33306834564572224	0.0	0.27509471976791205	1.031335872608027	0.11874215454404194	-1.0	0.0	0.0	0.6118241944676354	1.9069093448486192	0.0	0.0	0.0	27012	-323.08744268938426	-46.06617359079628	1.8536766378149019	039349_39	129	1	1	0	608	0.07902644945092463	0.17564235076648327	0	0.0	0	0.0	0.0	0.0	-1.0	0.0	0.0	403.7409341621515	0	1	6	0	0	0	0	33	672	0	5	0	55416.791669781254	0.9441079946960896	1.222308975388911	28	0	2.6192728951182955	27000	-176.08491020289014	201.6503054832179	231.34619555515874	4383.709986190925	-174.855366563915	203.5077752398436	232.72409941326276	33905.33392334468
1	46	0.0	0.36929449749655174	1.252162830515549	0.24202324905553077	1.0	0.0779133590481575	0.7851617022676664	0.13462305025768206	-1.0	0.0	0.0	2.0879168633939007	2.0431770356315715	0.0	0.0	0.0	46000	339.5970969385102	16.852244040674485	199.14831125688028	039349_39	83	1	1	1	387	0.10544586355732455	0.018103282992137093	0	0.0	0	0.0	0.0	0.0	-1.0	0.0	0.0	244.93404723489957	0	0	2	0	0	0	0	33	410	0	4	0	51361.25530491816	0.8372343530699192	1.0822784989442618	0	0	0.17064840538936005	46001	116.11833099121846	82.95435627655496	191.29632792636056	2979.0112599378404	115.95229572190904	82.98089007725028	191.26718817639696	107238.03107621806
1	56	0.0	0.2920586504430423	1.095701356093535	0.14763522313127037	1.0	0.5927786146056916	1.6354342729725269	0.48237286715920125	-1.0	0.0	0.0	0.8391381979996322	1.9167902140817996	0.0	0.0	7.663950253741939	56000	237.63097952545755	41.25748908336814	298.14901109185166	039349_39	78	1	1	0	217	0.13122900847952415	0.09955777387627382	1	0.0	1	13.816646805365513	13.816646805365513	22.250367142558623	159.54008234294497	7.892402149921905	0.708840997551486	142.952715564995	0	0	3	0	0	1	1	34	240	1	4	0	42474.096983454045	1.2455306177582415	1.592978870993049	20	0	0.7036447791104153	56001	319.92622234300904	43.03277881458874	194.00823968898578	2784.835116821212	320.4727297026538	42.88608663421978	193.58999683460326	35641.63720435724
1	26	0.0	0.36935608783764223	1.2437428779899504	0.22455027153638724	0.0	0.36522833487931544	1.2169117040498687	0.2042805599665011	-1.0	0.0	0.0	0.8080840274440677	1.9502307468806326	0.9130037740262018	0.0	4.066398158815744	26000	-292.44351425472223	52.5770593875518	297.8818185301006	039349_3	113	1	1	0	253	0.06085923821024297	0.16057991726444554	2	0.0	0	nan	0.0	0.0	-1.0	0.0	0.0	166.23487058844307	0	0	2	1	0	2	0	33	279	0	5	0	50751.09338219042	1.0265317354657701	1.3385650728110738	28	0	0.3854068883067992	26001	-198.0674288719052	103.58428812114137	181.1449999999991	4421.942308100447	-197.6872001475274	103.61577060326836	181.0904707415091	41011.14793747041
1	46	0.0	0.2353115064319222	1.0018321935477645	0.12370741505145354	0.0	0.1928708100123929	0.9932511158611829	0.1509615239585514	-1.0	0.0	0.0	1.4889995613689024	1.7922437335349812	0.0	0.0	0.0	46001	339.457590997485	-123.28566486187992	106.50436380228632	039349_3	99	1	1	0	27	0.053592626035351254	0.07110972518826242	1	0.0	1	9.411770286642692	9.411770286642692	21.435852824155145	59.05569327988799	7.677351369677868	0.6955639763436036	16.799999999999923	0	0	1	0	0	0	1	12	29	1	4	0	58565.916304528626	0.7854862106693646	1.1938127271402101	24	1	0.5109683637007325	46002	322.8298199108634	-125.60048291111916	107.02285105543997	3893.609814662659	322.67581354982633	-126.08761296185153	107.01418946571296	87204.62368861097
1	47	0.0	0.29597352347099337	1.1335176081835578	0.17448450135658902	0.0	0.21344930835080914	0.9220618471028139	0.09489585771307317	-1.0	0.0	0.0	0.48728201966529583	1.8317986165021645	0.0	0.0	0.0	47003	3.408268701626639	276.5384185952253	65.1943536365038	039349_3	76	1	1	0	110	0.07380396145584855	0.15730770698654362	0	0.0	0	0.0	0.0	0.0	-1.0	0.0	0.0	71.74297152001387	0	0	2	0	0	0	0	33	120	0	4	0	52555.05933137427	0.9091166991307783	1.1530063992713075	28	0	1.3343416822842726	47000	70.91724738569567	262.5287441976725	69.1562589689486	3067.7828445026275	69.82061897194623	261.7779017905571	69.27504249859723	25609.135454621508
1	50	0.0	0.2130509436997782	0.9322166330974505	0.06883091621132757	0.0	0.1563329192248338	0.9061114887431689	0.10276125333414927	-1.0	0.0	0.0	1.6160726374236651	1.7254630076678765	0.0	0.0	0.0	50000	337.3470683265481	-177.6655558878599	77.91509827545221	039349_3	47	1	1	0	53	0.0666225312970854	0.06577582753230504	0	0.0	0	0.0	0.0	0.0	-1.0	0.0	0.0	33.22543828749819	0	0	1	0	0	0	0	16	56	0	4	0	61595.5954034819	0.8878590088123213	1.150056402786666	16	1	0.07384946972279925	50001	310.1696136631	-162.33356151278318	71.27379140014403	2181.940825816109	310.2410060169805	-162.32357693063804	71.28982836073912	99542.95631738598
1	58	0.0	0.561249596212439	1.4690495212123	0.40551058801543055	0.0	0.42231457495182834	1.3412172118014054	0.2953673836481233	-1.0	0.0	0.0	1.1815377496045276	1.8955150322629861	0.0	0.0	0.0	58000	207.17791784549757	332.8348289066692	74.00626775512987	039349_3	45	1	1	0	117	0.0402213383538883	0.12600030275699764	0	0.0	0	0.0	0.0	0.0	-1.0	0.0	0.0	73.93742513602439	0	0	2	0	0	0	0	34	113	0	4	0	52097.12100960844	1.102791108513422	1.4113653744592347	24	0	0.10783214986605749	58001	272.3090171682605	324.42999243481717	50.49297758987943	2083.597780784844	272.22869776150156	324.36934925870526	50.53169413199895	61554.71511856751
1	42	0.0	0.3573599961106803	1.2169594068523828	0.2176795752876692	0.0	0.36737808707712416	1.2499917669757248	0.2339531871730553	-1.0	0.0	0.0	1.1030337838403543	1.906909344848619	0.0	0.0	0.0	42001	307.8567122432704	-271.23717334328046	1.8345109504273023	039349_40	107	1	1	0	265	0.01612742402205547	0.10700722389146711	0	0.0	0	0.0	0.0	0.0	-1.0	0.0	0.0	177.2195707784275	0	2	5	0	0	0	0	33	301	0	5	0	49634.21962509267	1.051521131007103	1.3613736177023021	28	0	0.04181758164285987	42000	182.48683829145244	-173.24799196851785	24.376625664775442	4454.4531292868705	182.448135144972	-173.2597741347379	24.387206645171265	54748.22108102914
1	49	0.0	2.7850518803725652	5.2761067936477914	2.4445235227302753	1.0	3.0760178887148144	5.754118992105149	2.6803402644752006	-1.0	0.0	0.0	10.793395482857719	2.0741477278335045	0.0	0.0	4.153081975309475	49017	110.42646602093541	163.81567633825674	3.9532969447580166	039349_40	63	1	1	0	73	0.4621723188567948	0.36262897594540033	2	0.0	0	4.153081975309475	0.0	0.0	-1.0	0.0	0.0	61.7069550846944	0	2	5	0	0	1	0	30	99	0	4	0	5148.453469054839	3.110938950459893	4.0829530254467725	16	0	0.12659516571926802	49000	122.46911699336633	137.56340119675258	22.683741180139613	2773.298359967569	122.37350527583688	137.5994210449089	22.60899289592284	55569.294416599645
1	23	0.0	0.23789438782202918	1.0157837679230104	0.10651549876180594	0.0	0.13077132786215248	0.8318267817819658	0.04751822020542261	-1.0	0.0	0.0	0.9455288652233846	1.9552508454635875	0.0	0.0	0.0	23000	-339.65067778272896	-62.13399126566475	255.05921938840487	039349_41	116	1	1	0	452	0.03400724796623705	0.08848905267826246	0	0.0	0	0.0	0.0	0.0	-1.0	0.0	0.0	301.7158079906918	0	0	3	0	0	0	0	34	500	0	4	0	64707.04886246807	0.8590295357233654	1.1058778187698355	28	0	0.9187927102079133	23008	-113.2460278046395	92.69624951614354	178.061224822349	3912.696161362258	-113.9796987705497	92.17866987303832	178.25620756813603	61182.38248288354
1	51	0.0	0.28989931652767753	1.1118768907614656	0.16014110079002364	0.0	0.4274234434081857	1.2715619358737855	0.2841794110405053	-1.0	0.0	0.0	0.3271974667899532	1.8231483732843383	0.0	0.0	0.0	51000	260.57765126205555	-208.5741780266557	298.0983513376288	039349_41	89	1	1	0	243	0.14645931626974706	0.23707103874199575	1	4.249563263894416	1	19.496515192890065	19.496515192890065	34.379718694098784	99.17435331624215	6.491911035702785	1.0343587500392055	162.94820324855212	0	0	3	0	0	0	2	34	271	1	3	0	57084.80929384356	1.0658294957652514	1.3563046798583878	28	0	2.16384366556148	51004	168.14915763468622	-169.4422158015588	187.628291936944	3077.2441030478535	168.94517840540001	-170.0745910759856	189.5384416310456	18678.00499313319
0	41	1.0	0.3490193433374499	1.2361267894275476	0.22949506728578198	0.0	0.41454751967175557	1.254638570583048	0.19087951317396998	-1.0	0.0	0.0	0.0	0.0	0.0	0.0	0.0	41005	339.84552113306415	-19.098949087633848	128.43304943460092	039349_42	118	1	1	0	72	0.1499248005769117	0.25897748167799906	0	0.0	0	0.0	0.0	0.0	-1.0	0.0	0.0	10.799999999999972	0	0	1	0	0	0	0	2	19	0	5	0	83410.23695454712	0.7974988284161246	1.3464268725271578	30	1	8.737485003922071	41004	332.8191973077736	-21.663985095059843	118.4886505360295	4025.5763805357187	325.8409752063095	-21.028873656319643	113.26900553308323	53869.24366334596
1	43	0.0	0.16968498339376892	0.6460495530803307	0.13828891962908532	0.0	0.2126535789038222	0.9636619002960356	0.1402942882249791	-1.0	0.0	0.0	0.9497650166695715	1.9069093448486192	13.593814464075814	0.0	0.0	43001	317.0416854567608	-332.05327838462756	58.56507134323569	039349_42	100	1	1	0	453	0.09163799087622826	0.11856815127301468	0	0.0	0	0.0	0.0	0.0	-1.0	0.0	0.0	291.44713124078	0	1	6	2	0	0	0	33	491	0	5	0	49564.570842210036	0.9166190419186974	1.186719833158774	28	0	0.12321597513796397	43000	82.13758314582549	-188.7201132567881	83.55347336195038	3637.00119157586	82.19677438729312	-188.6148645187626	83.57799430415828	47074.69545217177
1	45	0.0	0.39556205393599103	1.299658888276563	0.2609352783735495	0.0	0.3658903702963706	1.242021979959248	0.22988204892252345	-1.0	0.0	0.0	0.8915075323592118	1.9790599413003842	0.0	0.0	0.0	45000	339.7737257972166	-200.18467442162438	100.0928084315347	039349_42	138	1	1	0	143	0.03519186362523269	0.12292798445517905	0	0.0	0	0.0	0.0	0.0	-1.0	0.0	0.0	93.4065905786342	0	0	2	0	0	0	0	33	157	0	4	0	53282.88992660989	1.0539326283901451	1.35579182845456	28	0	0.12184769040648549	45001	264.1799790843643	-239.79341445843562	76.46866179038678	4866.922383866556	264.1081011725079	-239.87868163593993	76.41957071293884	47502.097715439486
1	48	0.0	0.271352997849592	1.066131745987436	0.12409137109405971	0.0	0.3130676271439134	1.0319678908283032	0.17397397342974844	-1.0	0.0	0.0	0.40431123454136986	2.05962872153919	11.838777176674757	0.0	0.0	48000	313.84651882321793	-10.3457614842307	298.2519788451882	039349_42	128	1	1	0	294	0.16122656783083822	0.23821339086322868	0	0.0	0	0.0	0.0	0.0	-1.0	0.0	0.0	178.47192356174816	0	0	4	2	0	0	0	35	302	0	4	0	72287.3760879231	0.9388560392171573	1.2135990219011223	28	0	7.041654977384832	48001	204.44365561984	-58.26047066021839	180.35268152689892	4422.924181473612	200.10344199048822	-60.86050260871182	175.45499999999956	29226.598267864487
1	52	0.0	0.45616397238692313	1.4122287484685518	0.3368654485921394	1.0	0.047571545626964265	0.7252806246585278	0.11523884614794097	-1.0	0.0	0.0	1.9305328010415297	1.906909344848619	0.0	0.0	3.3253108790553108	52001	339.4534358656087	235.255500266636	65.732715320411	039349_42	111	1	1	1	279	0.07570951925760294	0.030569974483745876	1	14.575390671786442	1	32.20230471866064	32.20230471866064	79.17215304474597	78.28133679173288	9.9151964923783	1.136126423961722	183.439204688724	0	0	2	0	0	2	3	33	308	1	5	0	55557.32579825124	0.8077151746161011	1.0457251850821254	0	0	0.46121170713653975	52002	206.05948240953006	131.050874201585	120.82590439263936	3850.014007945154	206.2901030776358	131.35651227778462	121.08303415097018	107255.2397916748
1	53	0.0	0.411153609252921	1.3048952379352352	0.24313017950150767	0.0	0.44413442387396135	1.3128828773621033	0.27892408622536163	-1.0	0.0	0.0	1.0073669211945266	1.9069093448486194	0.0	0.0	0.0	53001	230.8917429413466	271.7228793849768	1.0870361884259696	039349_42	113	1	1	0	217	0.13491484477841742	0.23226898390882522	0	0.0	0	0.0	0.0	0.0	-1.0	0.0	0.0	139.89839708281315	0	0	3	0	0	0	0	33	236	0	5	0	51567.14461251791	1.0733750899020522	1.3896672983565737	28	0	0.2311416184147955	53000	114.80048431536538	312.9370563702745	26.43499999931969	3870.2013858983587	115.03062117879695	312.9155279738341	26.434999999999416	51947.03570310509
1	21	0.0	0.7200072634942081	1.8475924241716144	0.4492498195612659	0.0	0.5112830650259902	1.4434926296200155	0.32110427212103476	-1.0	0.0	0.0	8.09037098130754	1.920089300834304	0.0	0.0	0.0	21003	-322.648593518153	1.9252177418646723	88.76626366647739	039349_43	66	1	1	0	60	0.08299916632770649	0.1847596180511885	0	0.0	0	0.0	0.0	0.0	-1.0	0.0	0.0	38.02690549754915	0	0	2	0	0	0	0	3	49	0	4	0	6442.491042138518	1.1254581777251542	1.4899552067848159	24	1	0.8236225427210006	21000	-289.26138968359317	8.508617925562323	91.22822393399088	2177.0145895062374	-289.9018423964302	8.123106185657832	90.88245650652885	52122.14257465124
1	50	0.0	0.18208931038058543	0.7538865005401562	0.21745681298847938	1.0	0.032183052070620485	0.7219535260686842	0.23716803572723533	-1.0	0.0	0.0	1.458233013394374	1.764019557358502	0.0	0.0	0.0	50000	338.22121668183524	-319.68445426006747	76.05566602137779	039349_43	65	1	1	1	30	0.09600293291279216	0.024096805135373905	1	0.0	1	10.333650497887978	10.333650497887978	7.991583382206451	32.15879245748576	3.468261232995976	1.0171426091492852	19.33734298357299	0	0	1	0	0	0	1	16	33	1	4	0	68464.68074552942	0.7049438746801139	1.0304580161932761	0	1	0.24818048527668496	50002	324.0551565555252	-311.3209683059734	67.26049741517278	2160.97726404751	324.2376285991537	-311.2763761996596	67.42269806443377	99837.45771463713
1	54	0.0	0.4051816023766182	1.3079383249074437	0.26377908727810795	0.0	0.18532776980389098	0.929830903696528	0.1366079124958757	-1.0	0.0	0.0	1.852261649424679	2.0317881395328996	0.0	0.0	0.0	54000	339.6318382049706	98.72454991642306	141.22751262621847	039349_43	66	1	1	0	128	0.09646787008528634	0.09919910096111273	1	5.951119613196376	1	27.212236085612307	27.212236085612307	52.75723645575332	80.2027582340066	8.220983021440826	1.037001088914234	87.66113016603603	0	0	1	0	0	0	2	33	147	1	4	0	56547.09587595576	0.9008550079060078	1.163491072967576	24	0	0.8927869916984548	54002	268.2953731060614	67.73687550430276	120.58360073619406	2177.0145895062374	269.12646610495784	67.84737875177576	120.27677493540611	104740.01707737328
1	62	0.0	1.3257555770730565	2.882341740745168	0.88870095402725	1.0	1.307489480869204	2.877579881776094	0.8990575076697961	-1.0	0.0	0.0	2.4904514834249816	1.692758217831074	0.0	0.0	0.0	62001	11.169417126768632	327.47007002673706	50.40473816211198	039349_43	77	1	0	0	61	0.15574132252859246	0.07221856570789703	0	0.0	0	0.0	0.0	0.0	-1.0	0.0	0.0	22.829526741929676	0	0	1	0	0	0	0	17	39	0	5	0	23314.250051795283	1.641375763580505	2.3260656561016098	82	1	26.446433563062033	62000	32.08812592757766	333.993355922979	50.67589423462585	2590.531917111446	26.230090638523915	311.7144483759013	63.66618096227054	58063.008626434515
1	65	1.0	0.5164348673521804	1.5124160441704455	0.3987392736904526	0.0	0.2954716821297413	1.1062698957026156	0.15078526295104563	-1.0	0.0	0.0	0.9621111619095848	1.9188075718270368	2.697523877655854	0.0	0.0	65008	339.48220283415674	106.82807736742184	219.31487988964278	039349_43	121	1	1	0	474	0.04786214478449097	0.13658939746865878	0	0.0	0	0.0	0.0	0.0	-1.0	0.0	0.0	300.3012035334389	0	1	4	1	0	0	0	33	504	0	5	0	54988.04706510873	0.9805930977681819	1.272022418102005	28	0	0.18539784576338475	65001	97.45365113521632	261.450860542555	177.69504251842977	3709.678001677491	97.29787215834695	261.4683083043551	177.59604329021357	52904.61385295069
1	66	0.0	0.3852687314264612	1.2791871401796229	0.26813155209366096	0.0	0.273115908666785	1.0987901809675436	0.19961653393665052	-1.0	0.0	0.0	0.7953392163570122	1.83601107735543	0.0	0.0	0.0	66001	92.55475761163036	256.4087570698036	0.9014675644654762	039349_43	56	1	1	0	283	0.09539034230906354	0.07930121004096946	0	0.0	0	0.0	0.0	0.0	-1.0	0.0	0.0	190.69554486461706	0	0	2	0	0	0	0	34	300	0	4	0	54624.584709375646	0.9934101004696076	1.2685814732095526	20	0	0.30518353084708283	66000	-55.78719944557313	168.06058786745058	49.1967082437265	1916.3298929639411	-55.737500513962104	167.94015075763178	48.92073377701715	43445.07439658206
1	18	0.0	0.46649481009087157	1.3974732893932076	0.3155460903023503	0.0	0.3699795175423153	1.2409404856041755	0.2183797758775432	-1.0	0.0	0.0	0.7641985534648059	1.9454678053779777	0.0	0.0	0.0	18000	-217.20414473578586	-152.8360882572217	297.08646081887633	039349_44	104	1	1	0	89	0.036619089181418985	0.13322865980472887	0	0.0	0	0.0	0.0	0.0	-1.0	0.0	0.0	60.440013489290365	0	0	1	0	0	0	0	33	102	0	5	0	56671.33659158015	1.040467265476391	1.3556586650227558	28	0	1.7035035634155773	18001	-261.41909919580587	-150.366221748608	266.87548628983916	3046.998917134156	-260.23451519580584	-149.77229899203476	265.8049999999979	43308.153446202676
1	26	0.0	0.5564582705847282	1.5604789685344673	0.40015693495725274	0.0	0.1917356637578315	0.5959116268675355	0.16103360182068416	-1.0	0.0	0.0	0.8613762549348918	1.9108413489333984	14.529656110091889	0.0	0.0	26022	-302.5668541837895	-335.68835579432493	14.468115747882559	039349_44	136	1	1	0	345	0.08643279889634625	0.18324143595024667	0	0.0	0	0.0	0.0	0.0	-1.0	0.0	0.0	228.50405873060748	0	6	12	3	0	0	0	36	386	0	5	0	56117.508410089766	0.7393281940821115	0.951221722531274	28	0	0.5115893352440999	26000	-146.32588539378338	-226.84432710216925	94.43082396124109	4102.565443254257	-146.78008301332545	-226.7804784022356	94.20421523710495	48338.28923056042
1	28	0.0	0.22353898632801403	0.44946938754291493	0.3021689282909246	0.0	0.2041774162684589	0.45343566975959443	0.31234327100078924	-1.0	0.0	0.0	0.6706994837759828	1.6752452566229523	0.0	0.0	0.7100605337573105	28000	-5.4844834558812865	-5.689659279193558	176.5039208197523	039349_44	31	1	1	0	40	0.06380411444504214	0.14497981452131325	2	0.0	0	0.7100605337573105	0.0	0.0	-1.0	0.0	0.0	24.06698123412108	0	0	2	0	0	1	0	17	42	0	5	0	83322.00737038087	0.6116889297266201	0.8597700563340082	28	1	0.06180707233227868	28003	-26.166445608007802	-7.544700052523514	167.10506477606697	888.4618264771473	-26.17209048152474	-7.5371903646189065	167.16615367997628	55884.02733049308
1	34	0.0	0.21437995666760387	0.9450985522619658	0.06685939507833076	0.0	0.2576400030530595	1.0156787044443292	0.13775802366426557	-1.0	0.0	0.0	0.9841428552313037	1.9069093448486194	0.0	0.0	0.0	34001	-3.0634967996788482	60.65192263501003	275.39161514554416	039349_44	109	1	1	0	332	0.10702710998029491	0.15558123445476763	0	0.0	0	0.0	0.0	0.0	-1.0	0.0	0.0	220.95107696512864	0	0	2	0	0	0	0	33	357	0	5	0	61818.46220217925	0.9379760541103007	1.2143701314678041	28	0	0.01927491849595609	34000	-184.58679299292825	-15.203081112527148	280.59499489120265	3107.6811639485068	-184.60606047173007	-15.2036165965242	280.5949956234575	60838.19789766112
1	53	0.0	0.39979418304787234	1.2744548907456754	0.26258262731560694	0.0	0.22424398348087116	0.9315678084680162	0.1190882562086985	-1.0	0.0	0.0	0.908676111556035	1.8960403449350036	5.079716545898892	0.0	5.188260053984198	53002	207.616986311271	89.8105752659968	298.3392462192862	039349_44	132	1	1	0	160	0.11428697569775959	0.16644280214295842	2	0.0	0	5.188260053984198	0.0	0.0	-1.0	0.0	0.0	102.90968021796088	0	0	2	1	0	1	0	34	171	0	4	0	59234.60901220857	0.904624452223265	1.1577808410484136	28	0	0.18446664812960747	53001	132.82203781001837	38.19099803523433	262.14973378207594	4002.9312571692053	132.6400614480718	38.19647809826183	262.12002659651284	53825.07418675575
1	66	1.0	0.49806825206617406	1.478517267275184	0.38387975022574833	0.0	3.788168813093516	6.869881143540352	3.452678462353914	-1.0	0.0	0.0	1.0680340216590132	1.9284102637249545	11.140147786309674	0.0	3.022307576743355	66000	232.1110656676416	132.27367850799314	298.0452738301821	039349_44	79	1	1	0	418	0.07238834927361923	0.17794393382078266	2	0.0	0	3.022307576743355	0.0	0.0	-1.0	0.0	0.0	260.48153144002265	0	4	16	3	0	1	0	35	428	0	5	0	12700.832034659492	3.771362716825058	4.818108689064703	28	0	0.3511636177020907	66001	52.12940110880309	100.02272511637753	164.622651992641	2287.208496524033	52.43380878671892	100.14867699117829	164.7442578200412	13564.920716393004
1	68	0.0	0.3525132376982158	1.1852482473787527	0.22103021691640207	0.0	0.38272548768756615	1.271521465542424	0.24985814126917158	-1.0	0.0	0.0	0.8010151747285196	2.035941475742379	0.0	0.0	1.040208401845776	68000	339.87896091900006	216.93160402971603	266.007903361848	039349_44	171	1	1	0	119	0.03232677467711187	0.12027327349855488	2	0.0	0	1.040208401845776	0.0	0.0	-1.0	0.0	0.0	72.88184024687568	0	1	2	0	0	1	0	34	123	0	4	0	56121.93620360536	1.0627029098596652	1.37346388162435	28	0	0.29222852505724484	68001	291.8276891465008	170.71333154300564	249.9089595458109	5075.993069253009	292.1196685484805	170.7093687661919	249.92035410927951	44954.52253423377
0	72	0.0	0.8105339274550692	1.9741373097350428	0.6429236289701931	1.0	13.134426850195899	21.14234991936162	4.048059614321581	-1.0	0.0	0.0	0.0	0.0	0.9281121841548053	0.0	0.0	72009	299.43806981285877	218.72201297741807	258.07499999999806	039349_44	117	1	1	0	191	0.27865343230293693	0.24316864080414247	0	0.0	0	0.0	0.0	0.0	-1.0	0.0	0.0	117.38701975621197	0	0	6	1	0	0	0	4	106	0	2	0	27784.08632426889	5.375105217103084	14.57804421300358	20	0	0.3559189411478066	72001	196.53978389451564	231.11264212445968	255.01588572424438	3435.389209443037	196.8792096531838	231.21972100900174	255.01748556971597	6129.166722258917
1	16	0.0	0.5292422652593467	1.5341804828402097	0.4057715300263476	0.0	0.24864072601847056	1.0205856796530313	0.1068621865056213	-1.0	0.0	0.0	0.556228811175741	1.9069093448486192	6.444721278069608	0.0	0.0	16009	-339.3924147527538	-45.39116140276993	225.51756041059895	039349_45	118	1	1	0	422	0.04411492408532314	0.13288959782529786	1	0.0	1	3.5598781300191065	3.5598781300191065	5.280525950143018	10.04278182282053	2.399999999999994	0.762608952862143	261.6011581925044	0	0	4	1	0	0	1	33	433	1	5	0	57529.217463373076	0.942660040967388	1.2204343520953018	28	0	0.6614566358157619	16012	-117.96863240987628	60.32547121533446	265.3581634217645	4080.3254109988734	-118.25099715733407	60.8998551423879	265.525130888058	31999.408237522683
1	25	0.0	0.1253916794033823	0.8017910825115113	0.09498006888536391	0.0	0.12498418009186057	0.7702140739647961	0.08323343030716025	-1.0	0.0	0.0	0.9064408605303393	1.9079232325590012	0.0	0.0	0.0	25001	-5.900202702739245	104.42168043168074	239.20219677423052	039349_45	75	1	1	0	73	0.0507038086430191	0.11184666891865458	1	0.0	1	19.783509481112695	19.783509481112695	24.309048815570137	169.27819317310988	8.420763723171842	1.208994806510208	47.41955620635556	0	0	2	0	0	0	1	33	81	1	5	0	70749.60338416592	0.8234907442809073	1.063550632314817	28	0	0.2617144338522363	25000	-45.53693217009017	89.41553116588018	240.40434150717107	2760.5765256687405	-45.32408402532493	89.48041675908807	240.5421093261661	64130.331373723566
1	52	0.0	0.8665167439572533	2.0865950327487814	0.6910902892219033	0.0	0.6539933716290961	1.7352938402441678	0.5046332397316531	-1.0	0.0	0.0	0.8262634345293706	1.9069093448486196	6.036158461108928	0.0	0.9926249851120807	52000	233.6039085114613	-115.40986084439206	298.18128550915765	039349_45	147	1	1	0	604	0.06524511072778741	0.10660069228081545	2	0.0	0	0.9926249851120807	0.0	0.0	-1.0	0.0	0.0	412.79387931013105	0	0	6	1	0	1	0	33	685	0	5	0	53805.7821098292	1.279432133072587	1.6564433183928415	28	0	0.10196457904537166	52001	299.4879474070855	168.3586175313148	84.34459069010163	4812.01722149078	299.5145961515642	168.40361704972975	84.25705976333838	44457.75032360644
1	47	0.0	0.40307804864412516	1.3103985279318766	0.2669610196351957	1.0	0.030013019957756844	0.6205115540220342	0.17417560201087703	-1.0	0.0	0.0	1.6790525580483804	1.8958047461030543	0.0	0.0	0.0	47000	254.33170117614935	179.1875783811889	297.91451124903085	039349_46	111	1	1	1	129	0.09799686074511582	0.019111070058711488	0	0.0	0	0.0	0.0	0.0	-1.0	0.0	0.0	80.14602950220868	0	0	1	0	0	0	0	34	135	0	4	0	59421.71002137984	0.7518799405255101	0.9830648787462761	0	0	0.3006403800881213	47001	208.88472452055848	184.35332998791435	234.55673206512387	3904.9441954512918	208.70023464628008	184.2202417204139	234.36017256400018	99772.1742150069
1	24	0.0	0.3806595866961799	1.2800309229189368	0.2517416072396257	0.0	0.48765419699735163	1.4334750644805272	0.33947545877093555	-1.0	0.0	0.0	0.9429618857821684	1.9096239395010286	4.763216313160911	0.0	0.0	24001	-339.35344134140513	-243.1041202510956	141.1049854962843	039349_47	107	1	1	0	449	0.08343450073927297	0.16528045283675508	0	0.0	0	0.0	0.0	0.0	-1.0	0.0	0.0	299.5107484478099	0	1	9	1	0	0	0	34	493	0	5	0	41328.46531123611	1.1351618855793746	1.4696608534807658	28	0	0.2244166537937716	24000	-84.87450436600243	-277.81395015510077	200.6700045215447	3648.0141185974176	-85.09241525362438	-277.79378955351433	200.71971598601198	38971.16758636614
1	31	0.0	0.36710215774904065	1.2382557559342993	0.22648540395909897	1.0	0.024280116576888614	0.6512169799658317	0.15947033749356548	-1.0	0.0	0.0	2.0861116383629477	2.01433665343471	0.0	0.0	0.0	31000	-271.54415290748494	225.7563566339548	297.9971367956438	039349_47	82	1	1	1	155	0.0990189933950012	0.023330040220837733	1	0.0	1	9.752999200216227	9.752999200216227	13.614049290275362	56.18009461431892	5.4059609644682745	1.0051810744485887	99.0952985559474	0	0	1	0	0	0	1	33	166	1	4	0	56953.61456097887	0.7735863029736763	0.9972470164118806	0	0	0.7342227314868619	31003	-324.04282266236726	182.57967423812477	234.25236937991275	2901.852343925311	-323.80683432594594	182.68654141027852	234.93937151384029	118811.59818249548
1	57	1.0	2.75945844686987	5.232057498429758	2.315947958482743	1.0	0.3561653547778934	1.2320685197172767	0.313933381909648	-1.0	0.0	0.0	1.9117830043432384	1.9041479264866419	3.0887062256720514	0.0	0.0	57001	309.625472721469	-335.6758908350028	4.4482103608483055	039349_47	108	1	1	0	412	0.19281525700911617	0.09490167394213589	0	0.0	0	0.0	0.0	0.0	-1.0	0.0	0.0	265.9176766409395	0	0	2	1	0	0	0	32	422	0	5	0	40100.13029232692	1.0438176099210683	1.3514000945265032	16	0	1.405340465130104	57000	85.28521209949533	-306.1752508926557	59.944681797160094	3669.864716086101	84.00484494188386	-306.3742409192661	59.400581867044636	76662.74756482006
1	59	0.0	0.15703590587001331	0.9035842978117222	0.10378611549399544	0.0	0.3247449510949451	1.1498271028093408	0.18000417587955392	-1.0	0.0	0.0	0.6936462398908912	1.9096239395010286	2.4642862709634565	0.0	0.0	59001	140.98372889202534	-174.83304509214332	1.1776379092302718	039349_47	93	1	1	0	243	0.06091547207392012	0.15177630501528327	0	0.0	0	0.0	0.0	0.0	-1.0	0.0	0.0	155.65780907735066	0	0	2	1	0	0	0	34	261	0	5	0	54868.178091659436	1.0020501082089666	1.2973249330946717	28	0	0.2671408306640404	59000	29.133984139722116	-190.9480195181819	98.99368060390354	3277.354249134648	29.067792460796557	-190.96944445231537	98.73575841167056	38059.10542294334
1	68	0.0	0.292766617058639	1.1209810033138414	0.16854276444322125	1.0	0.0350111393148806	0.7066589059881703	0.12729615972872177	-1.0	0.0	0.0	1.8756523719740048	2.0110827892798846	0.0	0.0	0.0	68000	339.77487062398853	45.19852211709609	243.97551849242873	039349_47	138	1	1	1	176	0.08389968948495757	0.025698059915796545	0	0.0	0	0.0	0.0	0.0	-1.0	0.0	0.0	112.30166807725837	0	0	1	0	0	0	0	33	188	1	4	0	54088.097901758	0.8023858744546013	1.0340788218571038	0	0	0.6260296596973007	68002	268.1433590875944	90.62481171866378	173.94920097909602	4327.226547217999	267.91783770859456	91.20830448128723	173.92492262658195	101450.46912499459
1	14	1.0	0.5350411009150142	1.546190774176056	0.4293687748302974	0.0	0.32721353000714726	1.1487790131577733	0.18650001685376047	-1.0	0.0	0.0	0.5880223672466505	1.9069093448486303	15.461200772418499	0.0	0.0	14001	-3.0804267681088504	-317.6120185615297	96.18211485200135	039349_48	56	1	0	0	380	0.08806894922728314	0.1591851637803362	0	0.0	0	0.0	0.0	0.0	-1.0	0.0	0.0	234.65477358410436	0	2	7	3	0	0	0	33	397	0	5	0	58009.89664337524	1.0007398544007218	1.2956285858559555	92	0	0.2696242580709157	14000	-223.18165454541116	-336.09153557822503	110.00475799891888	1838.6589245184866	-223.13101217112984	-336.3563602994163	110.00408160154848	34111.116747971035
1	21	0.0	0.5867997208532921	1.6265482379381822	0.4440598087341788	0.0	0.9429660784433859	2.168677454367081	0.7450691250818445	-1.0	0.0	0.0	0.3700788207579477	1.9057985687879495	0.0	0.0	0.0	21010	-337.2167261221743	141.3374634236315	136.79267464474964	039349_48	135	1	1	0	321	0.21332200469785023	0.3042320525242962	0	0.0	0	0.0	0.0	0.0	-1.0	0.0	0.0	204.80972447938083	0	0	7	0	0	0	0	33	340	0	5	0	45035.4954028345	1.4698294704593557	1.906045933668159	28	0	1.9967597902800083	21002	-150.72306963179105	139.36573643354535	166.75103709142815	4401.31623378331	-151.3945855111304	138.36644310740823	165.1580747779342	16666.683030930966
1	49	0.0	0.6524359166282537	1.7337890556781081	0.5048829741408912	1.0	0.09532805494551483	0.8034896844941042	0.10460140186549487	-1.0	0.0	0.0	1.536688859788283	1.9069093448486192	0.0	0.0	0.0	49001	339.4947840507432	35.15631001670749	40.294052456014796	039349_48	135	1	1	1	295	0.07660457398514586	0.04503431908473077	0	0.0	0	0.0	0.0	0.0	-1.0	0.0	0.0	186.01958589614856	0	0	1	0	0	0	0	33	311	0	5	0	54408.200274799456	0.8442787133437425	1.093062928020275	0	0	0.08061466574174288	49000	165.3359239752628	17.00018857220916	41.59760521303272	4401.31623378331	165.27580722096604	17.006726886281164	41.65091516177187	83608.47524341413
1	54	0.0	0.5351649498111551	1.5359840502349975	0.39405175433969764	0.0	0.29370503074716586	1.061590328699584	0.1233992455128617	-1.0	0.0	0.0	0.8010742425790399	1.9608138609924315	2.6134904075002336	0.0	0.0	54000	339.79617956978365	232.087450301915	112.68748876405566	039349_48	96	1	1	0	198	0.08499702626826133	0.18355658180045675	0	0.0	0	0.0	0.0	0.0	-1.0	0.0	0.0	128.98068310787428	0	1	3	1	0	0	0	33	219	0	5	0	60209.60272560274	0.9465153190236543	1.2323556329947754	28	0	1.0779905471760625	54005	237.42335281567912	274.6110816059804	69.2991203006737	2999.932977020798	237.27074042551848	275.67692942750875	69.24676096995077	48232.36189939711
1	58	0.0	0.43356562529124953	1.37264796760449	0.3188344928822718	1.0	0.05489699743876399	0.58840971159065	0.1974065643420359	-1.0	0.0	0.0	2.146568659540391	1.9095682945056691	5.51561748956898	0.0	0.41988013174751426	58004	230.11512458382293	150.87945438647682	1.0964445740065583	039349_48	76	1	1	1	405	0.11927813157403366	0.028192306308334247	2	0.0	0	0.41988013174751426	0.0	0.0	-1.0	0.0	0.0	265.44794818078924	0	0	4	1	0	1	0	32	445	0	5	0	56970.93032335743	0.7397825157965611	0.9615914004342823	0	0	0.3912916513440833	58000	38.44730732582751	135.72148705980567	165.99661661638686	2502.4248077048474	38.70574144635282	135.79663534774315	166.28064777062872	122292.01353697837
1	63	0.0	1.3339860608809937	2.841819345353093	1.1155615719950962	1.0	0.3634747184117484	1.263795073247848	0.268496266347245	-1.0	0.0	0.0	1.5794173813748729	1.9071608028355265	0.0	0.0	0.0	63008	69.92104666092199	-89.76801219173166	292.26516389721877	039349_48	87	1	1	0	512	0.1066936474997584	0.04277473957589306	0	0.0	0	0.0	0.0	0.0	-1.0	0.0	0.0	336.29993906864445	0	0	7	0	0	0	0	34	547	1	5	0	48852.778798409345	1.0539804849478467	1.3704627944283474	16	0	0.2876210097678806	63025	-180.3650778081128	-173.59583931263126	143.40204281957685	2779.88939881146	-180.11193268345136	-173.46795853958784	143.44989570878806	77158.9279626696
1	48	0.0	0.2808204539397706	1.0999017378173488	0.15162742833277804	0.0	0.11994808844947197	0.7221924852223701	0.06008149236083663	-1.0	0.0	0.0	0.8850112703479216	1.946933758510518	3.553481847433788	0.0	0.0	48000	-339.80485844822334	274.05828068213657	188.81002264596788	039349_49	116	1	1	0	464	0.030209645120772732	0.11863728596960249	0	0.0	0	0.0	0.0	0.0	-1.0	0.0	0.0	298.1393626282264	0	0	2	1	0	0	0	34	498	0	4	0	66411.51468624335	0.8041874036750016	1.0358077820211065	28	0	0.6952705886863646	48001	-102.98822562572919	242.8910881954145	29.673553444252867	3851.8878170838107	-103.50028975447017	242.42078702503537	29.67066749743937	58774.93897820188
1	70	0.0	0.5707221706406489	1.5827616066175183	0.41496297688649825	1.0	0.02768596364297506	0.6894170095276974	0.15181037769507125	-1.0	0.0	0.0	2.018941971580665	2.0397915130867155	0.0	0.0	0.0	70000	188.05420313963052	-140.14234626936087	281.4048185492853	039349_49	39	1	1	1	225	0.10605430974880448	0.020285939059216856	0	0.0	0	0.0	0.0	0.0	-1.0	0.0	0.0	143.44545654480424	0	0	1	0	0	0	0	33	240	0	4	0	56269.845632662546	0.7924908587401852	1.024170303390896	0	0	0.032665711133289164	70001	67.84936058517413	-96.58562917526794	225.4987906267226	1235.895070929362	67.85181713340255	-96.61481162598935	225.51326123916778	113605.55308214741
0	72	0.0	1.8265648624869937	3.732336426119074	0.7967651444431613	1.0	0.8457739485944311	2.0911933503447857	0.2942005150493565	-1.0	0.0	0.0	0.0	0.0	0.0	0.0	0.15905333402355232	72007	338.52414111630287	-309.9449527692169	241.71053335938623	039349_49	107	1	0	0	118	0.2096387130980491	0.1375755650370546	2	0.0	0	0.15905333402355232	0.0	0.0	-1.0	0.0	0.0	74.52050646263487	0	0	1	0	0	1	0	0	36	0	4	0	0.0	1.1010793154904146	1.8605401792590666	84	0	1.3156559451668441	72001	273.81267024734996	-333.1938147591058	224.02642164446584	3333.0729668100116	275.1228564677898	-333.1705657874709	223.9088541356025	58532.00357396915
1	26	0.0	0.1579697643409463	0.8230338576431715	0.033221899923430165	0.0	0.14727008352163287	0.8432866074169418	0.03208942465187634	-1.0	0.0	0.0	1.0459869407817917	1.9069093448486192	17.336587718828362	0.0	0.0	26001	-339.4544453491223	-303.3969367311878	126.03577509404411	039349_4	109	1	1	0	565	0.022470142994760023	0.10519824420675439	0	0.0	0	0.0	0.0	0.0	-1.0	0.0	0.0	350.8335700927049	0	2	7	4	0	0	0	33	587	0	5	0	60039.83207096051	0.8602459468407077	1.1137352376767073	28	0	0.3319868936837236	26000	-76.82574080547512	-126.93427494061548	226.96807411070728	3715.0999961290095	-76.94570764679835	-127.2438057878062	226.964344606975	62800.88027295649
1	36	0.0	1.0436777919244402	2.3809988946805993	0.8480771051024817	1.0	0.04912357465451743	0.652326421609832	0.12780481106895805	-1.0	0.0	0.0	1.6987846327884812	1.9069093448486247	0.0	0.0	2.4301459203946356	36001	-274.8599275938813	336.21070666589264	182.1788642311189	039349_4	140	1	1	1	139	0.05787094057962905	0.05081170036714627	1	0.0	1	20.1012167218373	20.1012167218373	26.320039547741047	72.5244977873836	8.917270941232152	1.4534983558604457	89.2533606563418	0	0	1	0	0	1	1	33	150	1	5	0	59061.29158848081	0.772721472666799	1.000419863852975	0	0	0.1499204296731665	36002	-330.7917338534781	286.02700316915264	215.2993369082776	4787.232715518872	-330.86522331152236	286.0721162480429	215.42197558448862	100332.4145431508
1	47	0.0	0.708878275290203	1.8047961387765201	0.5296323312159216	0.0	0.5774381981277332	1.599260606704746	0.42456594773801937	-1.0	0.0	0.0	0.8351731173409064	2.064098038122533	0.0	0.0	0.0	47000	316.16239633718396	245.05371781122	297.815706065019	039349_4	151	1	1	0	75	0.042316647616012226	0.13528663712032885	0	0.0	0	0.0	0.0	0.0	-1.0	0.0	0.0	44.91079562808089	0	0	2	0	0	0	0	34	77	0	4	0	44469.60311402093	1.2148394774611722	1.5725633832181916	28	0	0.8563484114086526	47001	284.47898755895056	223.36488892123452	286.8311815834353	5098.969559080679	284.3636981888993	223.3510584750993	285.98274202658104	37139.81705964974
1	54	0.0	0.3323403072818861	1.1612280380824582	0.1694753042658671	0.0	0.30136225182509185	1.1341696948942046	0.17885726465206214	-1.0	0.0	0.0	0.9203439043504477	1.831315937427649	0.0	0.0	0.0	54001	271.88437906868637	-176.4130605260603	1.0535510427413761	039349_4	144	1	1	0	50	0.049644542337850706	0.10865628398946803	0	0.0	0	0.0	0.0	0.0	-1.0	0.0	0.0	34.48577456514029	0	0	1	0	0	0	0	17	59	0	4	0	50972.12600303241	0.9970694676192823	1.2909125537808348	28	1	0.521592183202117	54000	248.11896716893952	-172.29050792119196	23.082612090769985	4863.503957075786	248.49452809034273	-172.19910756905503	22.732385913105368	46911.88545867383
1	56	0.0	0.22873439724419858	1.0269286630255274	0.1336250500068142	0.0	0.5836329569558452	1.604835812020083	0.4223743186720523	-1.0	0.0	0.0	1.1523567946289155	2.063768464158112	4.751504943456578	0.0	0.0	56001	339.579136539043	43.07333381899173	40.824444564188035	039349_4	119	1	1	0	360	0.05947379886300497	0.15437517633048048	0	0.0	0	0.0	0.0	0.0	-1.0	0.0	0.0	242.24565750252432	0	0	3	2	0	0	0	33	406	0	4	0	50322.437718300745	1.1976842454081105	1.548629708617372	28	0	1.7372670784527593	56000	145.4396677730861	169.56209855677935	64.1749999999986	4179.060350247024	147.11555471487472	169.37939483771643	63.75533440543709	57989.40302697429
1	60	0.0	0.5675965109523419	1.5877534458588536	0.41822260829126634	0.0	0.30178590818666295	1.1280453465109237	0.17478584409296052	-1.0	0.0	0.0	1.271895989075224	1.9704965539530799	5.316456771090836	0.0	0.0	60000	339.7804492423993	290.9654894129653	168.3503141625094	039349_4	100	1	1	0	618	0.06743570749591649	0.12000393421269451	0	0.0	0	0.0	0.0	0.0	-1.0	0.0	0.0	414.8700109275134	0	0	4	1	0	0	0	33	696	0	5	0	45119.330622797905	0.9916904602213097	1.2908144212443116	24	0	1.0864085218437327	60001	49.37057804601695	45.13079757690345	93.38334671926569	3517.6318242987536	48.38279608623027	44.731947246329895	93.1700659417539	57387.095648895585
1	15	0.0	0.16663143075640313	0.7881653817782412	0.04703729155478348	0.0	0.10403577826074542	0.7145221755154771	0.08503302546924736	-1.0	0.0	0.0	0.9708057559631361	2.0013647725898718	4.448148982039673	0.0	0.0	15000	-318.2748712052447	1.3388037623401234	283.8596581492604	039349_50	147	1	1	0	98	0.03755433781229456	0.10377378956712546	0	0.0	0	0.0	0.0	0.0	-1.0	0.0	0.0	64.20390846545125	0	0	2	1	0	0	0	33	109	0	4	0	63597.71380197729	0.8035514146447044	1.0339147642700264	28	0	0.5635258233169271	15001	-286.447279647557	3.298091058130616	230.9938074461374	5257.157102479372	-286.1696382799064	3.113185080937886	230.53961981518242	61741.02662505574
1	17	0.0	0.5555189797099548	1.5312693193606899	0.3946496761134175	0.0	0.13310587931911153	0.8105471497835599	0.02639101951618435	-1.0	0.0	0.0	0.9618887791340069	1.8928818847371907	0.0	0.0	0.0	17000	-243.41284543390935	181.3693274017144	298.23255877639247	039349_50	126	1	1	0	145	0.02397882454810618	0.1054709403225712	0	0.0	0	0.0	0.0	0.0	-1.0	0.0	0.0	88.55814162160688	0	0	1	0	0	0	0	34	148	0	4	0	59756.479145498844	0.8523012148766175	1.090356363725825	28	0	0.24377692622992003	17001	-325.9828014904948	206.0328262010204	289.2650479137113	4671.265082895381	-325.7581800119	206.12734979566727	289.27118559821116	57479.08677061063
1	45	1.0	0.6893321389152482	1.808329147554201	0.5268654071122764	0.0	0.11399993528471815	0.7754951800286012	0.11605379096449238	-1.0	0.0	0.0	0.9051173796638731	2.0054397298160747	0.0	0.0	0.0	45000	339.73132326148425	7.026651853120815	201.56975462468407	039349_50	98	1	1	0	402	0.09145381104655087	0.0966938715462683	0	0.0	0	0.0	0.0	0.0	-1.0	0.0	0.0	261.5279114120897	0	0	3	0	0	0	0	33	432	0	4	0	55930.4685929558	0.8294832047858489	1.07208174385057	28	0	1.2886519874890934	45005	124.12857041819234	-83.8817591766556	116.67007116728712	3887.653015207085	123.79718851582277	-85.12687143019653	116.69255350977593	50623.63917622871
1	46	0.0	0.5082113105831075	1.4696857369255951	0.3740317983362001	0.0	0.3593672935242487	1.216679376374853	0.22795291405290696	-1.0	0.0	0.0	0.877173631155132	1.9069093448486192	4.219369087502773	0.0	0.0	46001	307.3920407508511	-334.883336039838	22.866313515961917	039349_50	101	1	1	0	333	0.05776573955182296	0.1454369911445157	0	0.0	0	0.0	0.0	0.0	-1.0	0.0	0.0	217.6553861201822	0	0	4	1	0	0	0	33	365	0	5	0	48903.88184276489	1.034247993801651	1.3390105927539275	28	0	0.4238728542848779	46000	109.99365435103668	-303.1301567861892	55.30541520021082	4035.159898386705	109.62605023681458	-303.19872295496236	55.504999999998674	42897.19561359961
1	58	0.0	0.5997585693192822	1.6327451390841043	0.42240148948862904	0.0	0.5835535011819696	1.624798169518919	0.4274418240976503	-1.0	0.0	0.0	0.9340481471667208	1.7682297413300339	5.709514745504439	0.0	0.0	58001	220.62557303038466	112.17388684050498	0.997262292309801	039349_50	125	1	1	0	56	0.08484171697076734	0.1192371881742057	1	0.0	1	2.2212618996106537	2.2212618996106537	1.5989719369467443	5.744445595959263	0.7277107684363335	1.2123641515116987	32.54608150887829	0	0	2	1	0	0	1	18	56	1	4	0	52040.78197184255	1.212586781346946	1.582574317513884	28	1	0.2607718281647789	58006	202.38625169650217	91.90156059489706	15.88716953371511	4655.415691276063	202.35361568920652	91.64468530296992	15.918022763522526	48608.59597790682
1	16	0.0	0.37753621500013834	1.2649161054922662	0.23052518430483493	0.0	0.3296642701774391	1.1478416226723474	0.1744288333999381	-1.0	0.0	0.0	0.8635672281733077	1.9219867497794556	0.0	0.0	0.0	16000	-256.8861955401959	-329.3668903074595	267.77731601965604	039349_51	81	1	1	0	119	0.07094671833810506	0.16623400421495593	0	0.0	0	0.0	0.0	0.0	-1.0	0.0	0.0	71.28384033154101	0	0	2	0	0	0	0	33	121	0	5	0	52818.07313756143	0.9978409971415645	1.2950701013032746	28	0	1.2846597386191803	16001	-298.3429868809185	-279.115069174609	247.81766101610015	2659.4142356649613	-299.0095213630946	-278.0688068913401	247.48386817209627	45611.95701685896
1	17	0.0	0.3058963716252474	1.105552261582029	0.15561337327671476	0.0	0.28938925436880114	1.0958120142639276	0.14554241510240712	-1.0	0.0	0.0	0.8934718273882023	2.0232171748179644	0.0	0.0	0.0	17001	-172.95055504157352	237.05722954896174	1.1925603626235617	039349_51	59	1	1	0	101	0.05138564290050163	0.13923390225491633	0	0.0	0	0.0	0.0	0.0	-1.0	0.0	0.0	61.277912723466805	0	0	1	0	0	0	0	33	103	0	4	0	53542.174885867076	0.9727850785369697	1.2555558259441526	28	0	3.208313377057523	17000	-209.74260342691286	256.6295258472881	45.31621167544178	1882.4573469826041	-211.0116583910848	257.0930624780545	48.22617868818514	47838.424837614366
1	21	0.0	0.4172078381752084	1.2839629053946189	0.2484099041426928	0.0	0.15135143213630559	0.6703295095540839	0.10243862925015207	-1.0	0.0	0.0	0.4648783591067107	2.219425773538946	0.0	0.0	0.0	21001	-148.9078026789619	-194.2361094718162	2.8947848771127007	039349_51	119	1	1	0	143	0.06269888159955739	0.1545422758270094	0	0.0	0	0.0	0.0	0.0	-1.0	0.0	0.0	92.3815748967317	0	0	3	0	0	0	0	33	156	0	3	0	63792.49714446551	0.7775175791806161	1.001523777194829	28	0	0.44208988745878647	21000	-209.34694883623723	-254.62874276003762	23.263973374804827	3878.8535199343387	-208.9071718911735	-254.58397471470525	23.258012728796505	29655.751395838655
1	24	0.0	0.43558937865507696	1.3660818376411588	0.30394344452218397	0.0	0.0813602467174478	0.6685821118309738	0.10728344606497896	-1.0	0.0	0.0	1.5266591935773774	1.9069093448486192	0.0	0.0	0.0	24001	-5.306154379408179	99.52978786582892	129.66888658312726	039349_51	99	1	1	0	442	0.033646608524516286	0.083998356366699	1	1.6531784699906296	1	15.92033603185662	15.92033603185662	39.6087030222668	87.7054458821143	10.153465935215836	0.8827023451881034	281.3211516122193	0	0	1	0	0	0	2	33	446	1	5	0	64687.33406850342	0.7786835232445299	1.0081387561553616	24	0	0.8740509022567847	24003	-269.0138213981709	134.9292671866288	169.71612675159943	3091.716947942008	-269.39640620657815	134.16504473830557	169.5329386144543	98755.51326369184
1	25	0.0	0.2102511493908979	0.9286009662651178	0.06935101250449655	1.0	0.13781805823308171	0.44035363127785493	0.24038914251313526	-1.0	0.0	0.0	2.397690372525224	2.0629960248696912	0.0	0.0	0.0	25001	-164.7926669493295	91.23342897137668	13.084163847992894	039349_51	72	1	1	1	88	0.08848738645971266	0.03712205424716186	0	0.0	0	0.0	0.0	0.0	-1.0	0.0	0.0	54.93173271282576	0	0	1	0	0	0	0	33	92	0	4	0	62830.902578653084	0.6741246099610821	0.8727693928184804	0	0	0.40874194651300855	25000	-186.52388157010796	60.65412697168506	49.424229871733026	2302.940606447526	-186.4706550913091	60.95074928198036	49.700367746406165	150649.05020990677
1	29	0.0	0.1471233442696782	0.7681886602656395	0.048184345074318305	0.0	0.20083786138610044	0.7847170416789078	0.07878677258181359	-1.0	0.0	0.0	0.595678492036278	1.908513660276019	0.0	0.0	0.0	29000	-244.0415021986004	119.2677020249932	296.6400893921026	039349_51	69	1	1	0	111	0.0997638169571251	0.19466012069302574	0	0.0	0	0.0	0.0	0.0	-1.0	0.0	0.0	73.78534202419253	0	0	1	0	0	0	0	33	123	0	5	0	62497.75537540128	0.8290212486655881	1.0685654366756898	28	0	3.8209756946119695	29001	-282.6555176735815	143.08660213883763	246.2774816279688	2158.887042876599	-284.24502030151956	139.61270592493273	246.35084203698176	37228.56867767122
1	44	0.0	0.3415102406728757	1.1800861735291486	0.1960963174465393	0.0	0.3860872474081786	1.2799129905224833	0.27115922531235265	-1.0	0.0	0.0	0.875588341652973	1.906909344848618	4.883635161204252	0.0	0.0	44011	339.56132505494554	95.13520430024121	31.68847848740085	039349_51	98	1	1	0	231	0.0840930695146348	0.11154728985445628	0	0.0	0	0.0	0.0	0.0	-1.0	0.0	0.0	152.69411240729883	0	1	7	1	0	0	0	33	261	0	5	0	46767.10155054972	1.0657821903719285	1.3798369936699981	28	0	0.873834497191315	44000	216.12059970971004	94.46983671218885	75.2330800821221	3075.7986315664944	216.56696003542802	94.98414230191425	74.68550456360092	40948.72889056201
1	59	1.0	0.24555647088261945	1.0581389173113847	0.17739031315476356	0.0	0.19099887473105487	0.9169134739301923	0.06302325830590975	-1.0	0.0	0.0	0.710415617956024	1.9343899812091723	6.587531675647386	0.0	0.0	59000	240.47510071402354	128.29296387716232	297.97870090453233	039349_51	123	1	1	0	459	0.029850011987222813	0.12082295085341466	0	0.0	0	0.0	0.0	0.0	-1.0	0.0	0.0	311.1845195767111	0	0	4	1	0	0	0	33	521	0	5	0	57286.71873087732	0.8908134589037072	1.1585241008399596	28	0	0.15710796447804593	59001	115.55881522252837	70.31639317226848	47.75678247259116	4079.845566295901	115.5722753059134	70.16964648538583	47.811254011459354	40697.37968786915
1	36	0.0	0.45742317119608955	1.4110744795337593	0.3322158797123539	0.0	0.24967528802669098	0.9493623812170834	0.08832078918609099	-1.0	0.0	0.0	0.4406772490513709	1.9067984709384722	0.0	0.0	0.0	36001	339.71878939144756	-132.72258442350167	34.07969249219856	039349_52	77	1	1	0	318	0.09774739324991322	0.19376099036199168	1	0.0	1	2.4777793732229862	2.4777793732229862	5.280525950143072	6.950009625483688	2.4000000000000163	0.5071220609714937	200.98791220319973	0	0	2	0	0	0	1	33	334	1	5	0	57522.0930793035	0.8996569522523263	1.1694506039427697	28	0	1.2488378071071347	36005	154.2391241240079	-95.08317639466718	49.915394244412106	2717.7778956684992	153.84842947861347	-94.72517736998012	51.0462303337033	25348.677737864367
1	50	0.0	0.2097184806581899	0.9107606889406415	0.07822480634535166	1.0	0.048392120274861755	0.6050440130303442	0.19572679546543365	-1.0	0.0	0.0	1.8647257384201597	1.8313159374276662	0.0	0.0	0.0	50001	339.4974121680453	62.00747291619181	210.202661504743	039349_52	152	1	1	1	63	0.12768893249077373	0.031255391664147036	0	0.0	0	0.0	0.0	0.0	-1.0	0.0	0.0	38.92192619012978	0	0	1	0	0	0	0	17	66	0	4	0	63300.09031399716	0.751333017165985	0.9727288568122295	0	1	0.1149886600834514	50000	305.4420752544609	66.67731873528687	225.83988390906126	5179.531407519554	305.3696602528663	66.67959561098857	225.92917710773213	118037.30765283115
1	52	0.0	0.5191292617336305	1.5078827704996927	0.3878399947911774	1.0	0.09630983484203133	0.8133897654249151	0.12021734436187792	-1.0	0.0	0.0	1.979627812889799	1.970258623870295	7.386806314239794	0.0	0.0	52003	339.444764294053	217.0832111109102	270.8204509004261	039349_52	71	1	1	1	185	0.09849082801598003	0.0343078305684531	0	0.0	0	0.0	0.0	0.0	-1.0	0.0	0.0	122.25910213820062	0	0	2	1	0	0	0	33	202	0	4	0	49220.251610205494	0.8536650140920006	1.097448108696302	0	0	0.36114911352854484	52001	235.02898364392755	227.5665415207443	221.3550619915733	2585.843257400273	235.36978807322294	227.64261269067552	221.4472259773833	97437.77904499671
1	20	0.0	0.13306726927113885	0.8008851669756231	0.05501673455529196	0.0	0.1645486191383809	0.8251630038958724	0.05772488500132646	-1.0	0.0	0.0	0.9337472834651144	1.9515192772129206	0.0	0.0	0.0	20000	-339.8423411917342	-250.0832671349171	146.49385271040606	039349_53	56	1	1	0	208	0.03842376360920874	0.13904126960679308	0	0.0	0	0.0	0.0	0.0	-1.0	0.0	0.0	131.21488240330356	0	0	1	0	0	0	0	33	220	0	5	0	60784.140286336326	0.8435319327987966	1.100175531497282	28	0	0.024726696970806313	20001	-260.8207093044173	-261.66007475597297	46.135628772073595	2394.9305018078912	-260.8025333239082	-261.674484501414	46.12706124547925	56757.025870128964
1	45	0.0	0.42195488053688374	1.3360654263172893	0.27154897195141603	1.0	0.09641345568285617	0.7579974261091472	0.1621842298697605	-1.0	0.0	0.0	2.5991385655099135	1.9069093448486192	0.0	0.0	0.0	45001	264.89597596864866	-102.12362772806836	1.2598004076741671	039349_53	56	1	1	1	419	0.13213953551001678	0.07660368618405942	1	9.585496886406293	1	27.50401819337043	27.50401819337043	49.045074892351145	52.77364206247144	3.958300806847633	0.8410712466867258	272.81063241941285	0	0	1	0	0	0	2	33	456	1	5	0	53522.06766179119	0.8218927922620807	1.0640805314997677	0	0	0.44098609014575796	45004	143.28878920131064	-258.4946250237107	169.30450780297193	2394.9305018078912	143.00052756780696	-258.4234674475886	169.63056080742408	139111.2701655925
1	46	0.0	0.5152325763740535	1.493661401239307	0.3653153377189009	0.0	0.8801106161328298	2.0919736766572914	0.6693005604447941	-1.0	0.0	0.0	0.5403356265880432	1.9549740894635739	7.219264070609993	0.0	0.0	46000	339.1859305104393	-32.523557342968864	223.4568096938121	039349_53	97	1	1	0	462	0.10306046872184582	0.20589728124137474	0	0.0	0	0.0	0.0	0.0	-1.0	0.0	0.0	304.3508946330097	0	0	3	1	0	0	0	31	495	0	5	0	39220.606356815224	1.4252903425783088	1.8694436418285933	28	0	0.04074948105172137	46001	79.22023272795943	34.638579786615665	144.25017229667438	3770.3321866468136	79.26085675983529	34.636982269782365	144.25293927699616	21192.290910972744
1	51	0.0	0.3404448770089328	1.1929851675615462	0.2083057177677106	1.0	0.1543766270803301	0.9017378751339968	0.11099959154709368	-1.0	0.0	0.0	1.302165889614554	1.932045980799453	12.39420688548475	0.0	0.0	51000	291.78779709311794	237.3470804052567	298.0988468959265	039349_53	126	1	1	0	369	0.07548688561754069	0.05619564684526113	0	0.0	0	0.0	0.0	0.0	-1.0	0.0	0.0	242.09222438753926	0	0	3	2	0	0	0	33	406	0	5	0	55994.73647589044	0.8867664980396477	1.1528090882099697	16	0	1.043454220508729	51001	205.3359683866865	163.17362376607593	102.96847161599612	4604.519693062824	204.76645301082826	162.79249403551663	102.18158593469146	72914.43583686039
1	56	0.0	0.5143145260011749	1.5009043224737444	0.3840076818361286	0.0	0.5714306533707312	1.5716377892957407	0.4102672545827369	-1.0	0.0	0.0	0.7831668622103395	2.0649030559092894	5.994811191659423	0.0	0.0	56001	339.90475294075674	37.35948760257471	229.54287021934823	039349_53	143	1	1	0	71	0.09998674042266381	0.1862676844359722	0	0.0	0	0.0	0.0	0.0	-1.0	0.0	0.0	43.39199091426345	0	0	2	1	0	0	0	33	74	1	4	0	55200.664236627745	1.194934991362072	1.543738697313489	28	0	0.8497948595127577	56006	304.59235250620657	56.16945592052197	243.4563916056	5282.508722149005	304.87536888837974	56.919692889323684	243.17497106384954	43231.33100212626
1	18	0.0	0.3037817508073364	1.1301197717001503	0.16465958963286506	0.0	0.13299182584799626	0.7547254592205638	0.05288565808479007	-1.0	0.0	0.0	0.9753451956975537	1.9068151850366664	6.46060673244894	0.0	0.0	18001	-338.7349855144711	-107.35274459107436	235.71499909363078	039349_54	128	1	1	0	461	0.02854401203833501	0.1264199082579197	0	0.0	0	0.0	0.0	0.0	-1.0	0.0	0.0	302.047633907068	0	0	2	1	0	0	0	34	505	0	5	0	59769.75944613014	0.8164933451731143	1.0574300751158279	28	0	0.33489859465319005	18000	-89.95259436476331	-250.30780127975703	265.17521354062717	3975.006037731436	-90.2622771329757	-250.35859058139084	265.0582772391099	58296.14772378151
1	20	0.0	0.4756310704575895	1.37858344844476	0.31166239781597604	0.0	0.2960607850069257	1.095677748902169	0.1474100875633835	-1.0	0.0	0.0	0.7516435665420554	1.9069093448486192	6.769685027782836	0.0	0.0	20001	-3.2388863134303447	323.72201282971497	1.3486220436086205	039349_54	75	1	1	0	468	0.05820791573854267	0.15231254953268958	0	0.0	0	0.0	0.0	0.0	-1.0	0.0	0.0	312.1574731164311	0	3	7	2	0	0	0	33	517	0	5	0	56381.602150195096	0.976295832759542	1.2639816268062813	28	0	1.0509235429162667	20000	-143.21093215684007	113.66180968353407	149.4914784244115	2484.5468383142606	-142.53220632075565	114.39091225983255	149.15654415366254	42378.86852752786
1	30	0.0	0.36795576323395	1.2302178223298403	0.20190082795691366	0.0	0.07213252898382225	0.5931479788948634	0.14768836202092422	-1.0	0.0	0.0	1.3596235550661868	2.0629960248696904	0.0	0.0	0.0	30001	-204.84622532618573	332.0675532114812	180.6550015551902	039349_54	80	1	1	0	206	0.04607761711930325	0.06174420933082747	1	6.302625375417369	1	18.645758695759234	18.645758695759234	44.06930709536621	47.95028821680913	6.352146613387576	1.0790059733744934	130.005585142997	0	0	4	0	0	0	2	33	221	1	4	0	63780.66070932735	0.7445548060359002	0.9639533053414995	24	0	0.1679041889013181	30003	-283.3386207772086	251.96016225977888	228.57816570121958	2645.825206945209	-283.4373750903548	252.09592951761957	228.57558616946986	86717.68865808591
1	54	0.0	0.5191071567835608	1.4952459502600834	0.35758235344654093	1.0	0.13126436259555496	0.8629455007092983	0.09145505402111404	-1.0	0.0	0.0	1.6434569804613743	1.9069093448486256	0.0	0.0	0.0	54003	339.8376477587721	-187.93392293913274	199.76402096509273	039349_54	82	1	1	0	280	0.06144240887402791	0.053162024506583694	1	0.0	1	22.66625980549832	22.66625980549832	44.59589860219703	95.96136593329804	12.751566184808947	1.0325312333344492	181.37266291819947	0	0	2	0	0	0	1	33	305	1	5	0	49855.77055765272	0.8720022037605799	1.1289557192644784	16	0	0.6286319540115396	54000	209.99730123583694	-302.59169372407183	210.64414208927192	2668.7016255277053	209.37790126848364	-302.6968359822237	210.66575041169153	81935.81413925503
0	56	1.0	0.8542115469429845	2.0520228032194527	0.7248023394318656	0.0	1.34871348861266	2.826500946425988	1.1742796506647295	-1.0	0.0	0.0	0.0	0.0	11.865634991702017	0.0	8.94232773206179	56001	120.46804633993193	151.5327504178368	15.760634674319707	039349_54	117	1	1	0	54	0.3056126005614568	0.3923768146827621	2	0.0	0	8.942327732061788	0.0	0.0	-1.0	0.0	0.0	36.85513354809295	0	0	3	2	0	3	0	15	59	0	2	0	33833.534497315544	1.7519450608190328	2.218003860824732	28	1	5.756472365837996	56000	117.17372463112915	132.7144906384418	30.923052865760077	3623.062412052026	116.7647339788526	129.95524318177644	25.887553464718234	2024.5334562512562
1	62	0.0	0.5561099999961259	1.5223942177607592	0.41093072166835115	0.0	0.5586094987469329	1.5696934855882811	0.4074705272691446	-1.0	0.0	0.0	0.8889086097858683	2.0629960248696952	0.0	0.0	0.0	62001	4.417119053412733	310.0618926178438	206.31093115212906	039349_54	67	1	0	0	125	0.03163839945086222	0.12734491449614027	0	0.0	0	0.0	0.0	0.0	-1.0	0.0	0.0	80.13136078013517	0	0	1	0	0	0	0	33	134	0	4	1	47570.44025043234	1.2010184214046375	1.5549233820044777	92	0	0.31406514515474726	62000	61.11341326111526	334.06089058231163	248.53579144199824	2235.225353859531	60.81726726111526	334.1091746808029	248.4430385017863	42285.77390991352
1	65	0.0	0.9233652887153061	2.188503429762902	0.7540808252953041	0.0	1.2795312909545442	2.7833233260542536	1.0850608932813588	-1.0	0.0	0.0	1.29433477733358	1.905751621737139	0.0	0.0	0.0	65001	11.213618191866408	239.3357915115229	282.5549453009173	039349_54	30	1	0	0	225	0.07965627710774076	0.06896583894899833	0	0.0	0	0.0	0.0	0.0	-1.0	0.0	0.0	143.57689725057796	0	0	4	0	0	0	0	33	243	0	5	1	30091.093837293745	1.7742838957801783	2.292919782680439	80	0	0.08010661035307073	65000	140.3580583524763	245.49262121324955	298.3649765510373	1330.9138538799054	140.43441652463224	245.5168389343935	298.36499999999734	38947.94924161746
1	66	1.0	1.6755140249707559	3.455867697587147	1.4168856361250557	0.0	1.6183610737873517	3.3479181053854288	1.3888642281413874	-1.0	0.0	0.0	0.9790243545875318	2.0170878403135513	13.661607870670775	0.0	0.0	66000	303.965815360012	260.02689238841134	287.8916137993938	039349_54	114	1	1	0	480	0.08069409053286838	0.08869171122226394	0	0.0	0	0.0	0.0	0.0	-1.0	0.0	0.0	295.3585037677784	0	1	6	3	0	0	0	32	484	0	4	0	25762.05655178974	2.0365338556504775	2.6334194025883635	28	0	0.5148231410043322	66001	34.569923058760125	263.9653139965953	250.46138114950236	3556.7699949340044	34.39566168027941	264.067103106713	250.9349999999982	25221.680788463447
1	24	0.0	0.45432624279700307	1.4048226452443102	0.32363923886703805	0.0	0.20747007964047232	0.9639069332220539	0.1489018271143224	-1.0	0.0	0.0	2.038759592449218	2.0358363257602825	6.693136595456217	0.0	0.0	24000	-339.53689256542793	-184.31139426140908	245.91797937238	039349_55	106	1	1	0	484	0.10503453416813735	0.11628783349750771	0	0.0	0	0.0	0.0	0.0	-1.0	0.0	0.0	312.6512977414999	0	2	9	2	0	0	0	33	526	0	4	0	61809.288820859074	0.9064513087706572	1.168463049385587	24	0	0.08194624624723638	24001	-112.35331164673512	-15.081155033732026	173.3233743295928	3985.937221263502	-112.34493494016176	-15.051881743990492	173.39945384436982	126014.28048599063
1	31	0.0	0.4563706284839882	1.376769484531293	0.32317174874271976	0.0	0.22524108926023653	1.012726905721257	0.13150815974420368	-1.0	0.0	0.0	1.0853954714644252	1.9041479264866474	10.253924159622331	0.0	0.0	31000	-338.9181830983217	292.2852973918032	210.6128815149663	039349_55	118	1	1	0	302	0.06659514944513578	0.08616668376030978	1	0.0	1	2.623580138948467	2.623580138948467	1.3451514329263143	5.511355319892971	0.5999999999999979	1.490557336747373	198.45599413191945	0	1	4	2	0	0	1	32	331	1	5	0	48120.802904560864	0.9372810336996169	1.2177266047547692	28	0	0.0500894325869625	31013	-169.35465031126805	322.67063337282593	136.9023407159144	4353.854858535017	-169.38773658024152	322.65627906735347	136.93709994456955	52230.10155584252
1	55	0.0	0.33887927666014284	1.2104474724733691	0.23389991122438283	0.0	0.6934607456762484	1.7945760709738388	0.5301276150772559	-1.0	0.0	0.0	0.9524588902834694	1.9282953917331516	0.0	0.0	0.0	55000	338.9262277016235	-245.10661314779037	35.26286583506923	039349_55	112	1	1	0	346	0.06386403768345283	0.14117272723918967	0	0.0	0	0.0	0.0	0.0	-1.0	0.0	0.0	222.92927877229863	0	0	3	0	0	0	0	33	374	0	5	0	46652.100759510795	1.3025548494293782	1.6906965541300312	28	0	0.3644503157418988	55001	132.4530693249329	-211.79394948670597	21.334999998729636	4125.69817395169	132.776096467815	-211.62519671604485	21.334999999999532	44434.208118796254
1	18	1.0	0.5570772669648754	1.577909193367537	0.4444434102973816	1.0	0.4961256307306355	1.473929164933289	0.39156552734034217	-1.0	0.0	0.0	2.1025005274407444	2.0629960248696846	0.0	0.0	0.0	18000	-198.06703103634126	90.57362298693461	298.016959650291	039349_56	110	1	1	0	157	0.14258995516451478	0.0834084984945205	0	0.0	0	0.0	0.0	0.0	-1.0	0.0	0.0	103.27564241545863	0	1	4	0	0	0	0	33	173	1	4	0	25779.12392122755	1.1576143493876803	1.4988519817632258	16	0	0.1988341982722328	18006	-130.9897580136403	41.138607960660735	253.1954566866585	4132.1863785762625	-131.16045272052665	41.236779988228115	253.22303581729847	54200.62164134123
1	23	0.0	0.8891240860804982	2.133385474107221	0.7331575039603809	0.0	0.20247513713816662	0.9017298460421884	0.051641054033765336	-1.0	0.0	0.0	0.6207317004696604	1.9077388815939225	5.8105181985480305	0.0	0.0	23000	-221.4604387346282	-290.4283346132746	297.9356905330182	039349_56	105	1	1	0	361	0.05324490410176297	0.15164432313791532	0	0.0	0	0.0	0.0	0.0	-1.0	0.0	0.0	231.55903202333576	0	1	4	1	0	0	0	33	390	0	5	0	57948.01137726938	0.8846097684728073	1.145434136304603	28	0	0.6713709627781254	23001	-94.47823939114588	-198.8023052605761	150.14993409401953	3875.74907263009	-93.91432100500677	-198.4553004813019	150.03892640691294	35970.16764104765
1	28	0.0	0.5647051802066343	1.5702775432552774	0.40805042527970087	1.0	0.5446910227282262	1.5632363350124885	0.4161780941837812	-1.0	0.0	0.0	1.6921421310605667	1.9366174997750762	7.942074800551569	0.0	0.0	28000	-194.15952107977986	335.6456595422182	217.63983950715001	039349_56	46	1	1	0	151	0.12695019224154963	0.05858893088938677	0	0.0	0	0.0	0.0	0.0	-1.0	0.0	0.0	102.2203569627064	0	0	4	2	0	0	0	34	174	0	5	0	35764.39923892161	1.1884955006666567	1.5523611816461784	16	0	0.135560929584737	28001	-164.9252596436134	284.2885849031293	150.20531946852532	1764.4693991414636	-165.0099187559473	284.19299517478214	150.15979799926913	60518.44674424972
1	30	0.0	0.3295031940485081	1.1523680157200926	0.09203890205829696	0.0	0.3098761926265698	1.170536440527131	0.12712677469343905	-1.0	0.0	0.0	0.8019090240293422	1.8313159374276555	0.0	0.0	0.0	30001	-7.339451618666908	20.54977228347566	269.88499999999783	039349_56	12	1	1	0	36	0.09818744322635048	0.11726680619211799	0	0.0	0	0.0	0.0	0.0	-1.0	0.0	0.0	23.678593873486385	0	0	1	0	0	0	0	17	40	0	4	1	67063.81080965335	0.9223308017658913	1.2994819076059483	28	1	0.29867548517131676	30000	-25.934382522832855	30.136686792827987	275.9819985776827	740.8394182493531	-25.707124245050956	30.03277101615526	275.81840691536325	53779.07507405757
1	36	0.0	0.3516509238830985	1.2233097866661027	0.21992803003557615	0.0	0.38589408485643395	1.2180732581965152	0.23590736936651968	-1.0	0.0	0.0	1.4798283520339037	1.9067687598915213	0.0	0.0	0.0	36001	339.57306772130744	-24.895922574118114	81.06753161259468	039349_56	94	1	1	0	329	0.12812838883986255	0.21338645619183716	1	0.0	1	23.586823742177266	23.586823742177266	32.01621510448151	49.157255584896575	10.231481294207791	0.9577364982503787	218.36424144199685	0	0	3	0	0	0	1	34	365	1	5	0	62637.788799239635	1.0272846374356635	1.3319923928948405	24	0	1.4164077877512957	36002	182.9511910550986	-20.26889270696875	211.4630653091602	3416.105175282051	182.91782460314892	-19.376219493517706	210.3638691323684	92693.1757738265
1	37	1.0	0.8894597670775684	2.1350504478776138	0.7301464483339282	0.0	4.146278213473773	7.549583470389547	3.65114068149108	-1.0	0.0	0.0	0.6642722684824119	2.0671933191408702	0.0	0.0	0.0	37001	213.52540020976176	-247.0944459719041	7.065637471159533	039349_56	53	1	1	0	115	0.08737870983897605	0.144619386042093	0	0.0	0	0.0	0.0	0.0	-1.0	0.0	0.0	77.9637204049129	0	0	1	0	0	0	0	32	130	0	4	0	14224.400174035323	3.9648224944154014	5.147969274755452	28	0	0.33878798091635715	37000	213.38596350782913	-292.01630738616035	60.9632315238462	1889.1585134198913	213.62266810494035	-291.79808122881525	60.85775368745294	9448.87457140806
1	40	0.0	0.2773981139511215	1.0845923054598776	0.12376784178763606	0.0	0.6442043496888484	1.7254295674598743	0.497673513578422	-1.0	0.0	0.0	1.1871133323725904	2.0312800899818706	4.97968895737128	0.0	0.0	40000	93.98685425684445	-63.58199739909513	298.1014268854175	039349_56	94	1	1	0	369	0.0628017521171515	0.08212104716250068	0	0.0	0	0.0	0.0	0.0	-1.0	0.0	0.0	235.88898789091087	0	0	4	1	0	0	0	33	397	0	4	0	31266.64243214919	1.289399647313621	1.6652466817554283	28	0	0.37758030616230054	40001	236.76814243940535	-121.27502484691772	136.65084459936028	3416.105175282051	236.99474962461326	-121.14092188755221	136.3802296191704	37117.04808973086
1	41	0.0	0.2712830858446626	1.0782577474947346	0.16937223661999723	1.0	0.030058037672796373	0.6820924685174045	0.1610353026543384	-1.0	0.0	0.0	1.9277107065980432	1.9988827172871881	0.0	0.0	0.0	41000	339.6749309568916	8.837584520918469	170.36231876833068	039349_56	89	1	1	1	389	0.11400958797509653	0.026319772344809866	0	0.0	0	0.0	0.0	0.0	-1.0	0.0	0.0	256.925546549985	0	0	1	0	0	0	0	33	424	0	4	0	51756.161435113885	0.7926576959917203	1.0204851965721373	0	0	0.16736336025091092	41001	125.58834039741564	-110.22583203774647	139.13595996191475	3311.432457111017	125.55735656482098	-110.39021486030683	139.14132504526103	99770.90653088578
1	22	0.0	0.2542601657296452	1.0336151323885245	0.12618271201718081	0.0	0.17020691191874673	0.8688964408151972	0.02878276359232605	-1.0	0.0	0.0	0.8336442004010116	1.9471793085026312	5.059342192713851	0.0	0.0	22000	-339.76365087657507	-147.14573389954808	195.07733246787214	039349_57	114	1	1	0	463	0.023500399458432297	0.12335720871032052	0	0.0	0	0.0	0.0	0.0	-1.0	0.0	0.0	291.1818102524943	0	0	3	1	0	0	0	34	487	0	5	0	61226.824273907216	0.8637814365625955	1.1213915818271472	28	0	0.18524342670589558	22001	-112.08886368869364	-180.38654823635932	28.549988520684572	3973.770024021062	-112.043243158945	-180.55557076168145	28.48944696192594	51041.38696491463
1	26	0.0	0.11845370491659489	0.796243243607965	0.06508533839018474	0.0	0.2698944604694245	0.8005374290281176	0.17614172147113272	-1.0	0.0	0.0	0.12914938942394608	2.1900871242455215	0.0	0.0	0.0	26000	-5.860609539338088	-149.13330236980258	181.6616429538471	039349_57	53	1	1	0	288	0.1865793608983357	0.26444720653043774	0	0.0	0	0.0	0.0	0.0	-1.0	0.0	0.0	181.7569915415463	0	0	2	0	0	0	0	34	293	0	3	0	74404.30454296325	0.8617609908007046	1.0734632358627239	28	0	0.41160477022819747	26001	-166.73280481954674	-193.92246217715117	130.322825117698	2472.3922687485583	-166.4881058989202	-194.24822116552642	130.38132303741784	9609.270502237041
1	27	0.0	0.3694680261689021	1.2164952797960051	0.20660416274770413	0.0	0.11975695255802843	0.7485636862174093	0.09532843259179118	-1.0	0.0	0.0	1.0064577704418258	1.9069093448486192	14.455316062060614	0.0	0.0	27001	-211.26443628208068	129.77386559694403	0.9038566185399259	039349_57	108	1	1	0	237	0.06652510756245039	0.11241253033841214	0	0.0	0	0.0	0.0	0.0	-1.0	0.0	0.0	151.7078310678985	0	1	7	3	0	0	0	33	260	0	5	0	56459.21225793652	0.814546176883465	1.0545690836924617	28	0	0.031181684176003276	27000	-85.12640204595603	70.62537646131818	22.75932223425918	3797.5641580508036	-85.15045532831104	70.63259093870154	22.7778070483531	56823.81289002459
1	67	0.0	0.36550104224225444	1.2449258973629644	0.2212357294179022	0.0	0.36862596594519065	1.2508558309165676	0.25463500651918486	-1.0	0.0	0.0	0.994408236177247	1.9078395372782355	7.832959260942476	0.0	0.0	67001	339.5409210185224	80.21584156265122	202.98916513292974	039349_57	107	1	1	0	504	0.05956005626035776	0.10450651450627446	0	0.0	0	0.0	0.0	0.0	-1.0	0.0	0.0	319.157014766135	0	1	7	1	0	0	0	35	539	0	5	0	49542.88810100701	1.0595228070704459	1.3633515933078906	28	0	0.14246098476098643	67002	79.18818630944068	240.9760855110237	233.7148130059849	3769.8666597681163	79.3297604487849	240.9769648666198	233.6989661772249	49265.8559716491
1	21	0.0	0.1924290978387693	0.9435663590923249	0.06822383581377979	0.0	0.15849149338806637	0.9202143614929841	0.09265175480789344	-1.0	0.0	0.0	1.389920633144157	1.8313159374276473	0.0	0.0	0.0	21001	-193.83639938488568	240.05565940080947	6.566345145031596	039349_58	48	1	1	0	41	0.05345340411376709	0.07210754722755514	0	0.0	0	0.0	0.0	0.0	-1.0	0.0	0.0	24.939525208562685	0	0	1	0	0	0	0	17	43	0	4	0	58061.959093838115	0.831191616859783	1.1521666856552193	24	1	0.1761393899952298	21000	-179.80581235747954	225.19657372583956	20.470236401051345	1362.2364997557183	-179.71282196345402	225.1380995332967	20.607926778831803	80701.51494529762
1	69	0.0	0.4670551001148325	1.41556408922555	0.3250737737776386	0.0	0.3650163196904647	1.2442058605132615	0.2296603792475251	-1.0	0.0	0.0	0.7180658779372718	1.8855769716146444	0.0	0.0	0.0	69000	283.70301916464445	-188.57383520318265	298.14962733772063	039349_58	73	1	1	0	64	0.04413795024014133	0.10542513114876473	0	0.0	0	0.0	0.0	0.0	-1.0	0.0	0.0	41.18840646443541	0	0	1	0	0	0	0	34	70	0	4	0	49026.55054027096	1.0413820194962222	1.359580541468505	28	0	0.6324126450001822	69001	309.3309908444704	-212.13955848585593	284.4104904740808	2352.9948527806505	308.976646203046	-211.932170338174	284.8915058427033	35204.2930559357
1	72	0.0	0.47230867491230566	1.434767634751573	0.33789932130624206	1.0	0.5157108779354024	1.4996563124557438	0.4295732030295186	-1.0	0.0	0.0	1.9461164483331193	1.905822457638717	0.0	0.0	2.7997464608831493	72001	339.9046160999171	-166.8706224238117	195.55533802442	039349_58	72	1	1	0	198	0.1886187751358367	0.11352047925043296	2	0.0	0	2.7997464608831493	0.0	0.0	-1.0	0.0	0.0	129.82166463358155	0	0	2	0	0	1	0	33	217	0	5	0	47539.41300309061	1.1695083101908796	1.5135520775401006	16	0	0.7837891189384465	72000	239.64228267048196	-168.1266694281912	252.60030153254797	2343.2441123907274	240.16795869029966	-167.6538984385801	252.26195600422366	92517.233589416
1	14	0.0	0.6700464406672403	1.7387154470660249	0.3943949512566565	1.0	0.6467287949319857	1.7549893715112819	0.4151126077016098	-1.0	0.0	0.0	1.2947372050894268	1.6927582178310712	0.0	0.0	0.0	14001	-92.83766605421076	1.2055888361777574	6.974999999999876	039349_59	100	1	1	0	42	0.1710424599692861	0.09571325099967898	0	0.0	0	0.0	0.0	0.0	-1.0	0.0	0.0	24.874981226138555	0	0	1	0	0	0	0	17	42	0	5	0	44155.83929086068	1.1865190522511135	1.6532930442186005	16	1	0.21845888757208645	14000	-77.52189006981158	5.930362840355455	23.93139366602619	3793.6862792223405	-77.3394034819327	5.990410638168255	24.03539940039405	57170.20795182685
1	25	0.0	0.18249751225274305	0.9137854758732913	0.06965117490992853	0.0	0.29556109875038555	1.1032781821281767	0.15546863816524403	-1.0	0.0	0.0	0.2912132654710561	1.9070034569259506	4.146711086580792	0.0	0.0	25001	-211.46640770646218	242.82952184470923	2.311107718397296	039349_59	82	1	1	0	133	0.04569571965083108	0.1417511872717354	0	0.0	0	0.0	0.0	0.0	-1.0	0.0	0.0	87.72436138931131	0	0	2	1	0	0	0	33	148	0	5	0	54322.0291336316	0.9822479494210694	1.2693781366646069	28	0	0.8639561634656563	25000	-254.17568217236993	261.36668593226216	72.87058538728074	3341.7902617901773	-253.74671038575343	261.4660225481196	72.1272579389598	15819.295491018702
1	29	0.0	0.2924889663253148	1.1329986921529653	0.19248586621471908	0.0	0.17686966097241463	0.6366075107453378	0.1423515382671409	-1.0	0.0	0.0	0.8152271891624733	2.035426182271165	6.722995679307033	0.0	0.0	29000	-254.17719971832443	220.70657112052328	296.3728983683103	039349_59	115	1	1	0	253	0.08396542677822805	0.1770460514879285	0	0.0	0	0.0	0.0	0.0	-1.0	0.0	0.0	157.8532135279581	0	1	3	1	0	0	0	33	266	0	4	0	62103.173766558066	0.7566460915134495	0.9758596327186788	28	0	0.5735715013118832	29001	-148.5700897031534	263.4867335505062	195.56501812539642	4255.311474564279	-148.24537946983207	263.81565109758134	195.22537010358616	50628.19578777978
1	61	0.0	0.4555146618547127	1.3787405937587072	0.30516801287002226	1.0	0.06820323977295635	0.5581892621094713	0.19627645846665898	-1.0	0.0	0.0	2.180674814273064	1.9660529007761531	0.0	0.0	0.0	61000	242.73096486254477	221.3650852075898	283.04754863446334	039349_59	40	1	1	1	412	0.10801431025374664	0.026816716610494673	1	0.0	1	29.494467167297852	29.494467167297852	55.801294199866646	68.35703609120678	14.667253652182143	0.9725247040700903	266.58977514367524	0	0	1	0	0	0	1	33	445	1	4	0	59012.46436641417	0.7348715712765927	0.9434557190475084	0	0	0.17266396060758324	61004	104.23331504515102	218.56317745678547	65.68070378597037	1699.9899909068154	104.32629446915023	218.4382901005706	65.75534170035128	128686.99477202601
1	64	0.0	0.543219181471732	1.5549629637281508	0.40713800055984617	0.0	0.0874162942749897	0.7461015814880624	0.07863111737344133	-1.0	0.0	0.0	1.2900373887995624	1.8957775386639184	0.0	0.0	0.0	64000	225.05048575155197	236.55115477696245	298.1464273766914	039349_5	109	1	1	0	638	0.043632321273115116	0.07548420971132719	0	0.0	0	0.0	0.0	0.0	-1.0	0.0	0.0	417.5556586432299	0	0	1	0	0	0	0	29	692	1	5	0	59990.0383875902	0.8160860383715451	1.0565626972708977	24	0	0.3274451570181333	64006	73.11716553506281	-19.712095285110657	35.834007407921476	3402.7152922538157	72.97910009040518	-19.47079530211922	35.66099705547269	77389.39247551237
1	65	0.0	0.10559101005890809	0.5977954547848288	0.14750143251659723	0.0	0.09345649611072833	0.5955298215133639	0.1472032513092986	-1.0	0.0	0.0	1.3348809327993998	1.692758217831068	0.0	0.0	0.0	65000	297.09422428174787	-19.76655561039053	297.47043578520464	039349_5	115	1	1	0	53	0.03160178737569959	0.08519343796884082	0	0.0	0	0.0	0.0	0.0	-1.0	0.0	0.0	33.60000000000007	0	0	1	0	0	0	0	17	57	1	5	0	69401.17533612325	0.7378680060610268	0.9621437961574824	24	1	0.2954095897768289	65004	281.69884741178504	-1.3649750941508487	275.0728150627525	3629.0311602271245	281.5160488797446	-1.2356634437555822	274.880123548959	92642.30567005891
1	40	0.0	0.44378526856214245	1.379567212135584	0.3040051496128282	0.0	0.10114505147781122	0.6684444274430085	0.12518437473844407	-1.0	0.0	0.0	1.3765187984226361	1.954036673587899	0.0	0.0	0.0	40000	339.68648363068587	-254.16023350616402	165.25412992024422	039349_60	70	1	1	0	510	0.07523261738231674	0.104218101727798	0	0.0	0	0.0	0.0	0.0	-1.0	0.0	0.0	329.2582708297206	0	0	2	0	0	0	0	33	548	0	4	0	56321.30376113728	0.7802234351064988	1.0051398241124658	24	0	0.36031113584157526	40001	71.28142561689216	-93.44848314957792	142.0122542144073	2406.6118807053676	71.62129768109575	-93.45351045763445	142.13177752075023	77527.33337887698
0	46	1.0	0.44765553238241407	1.3410293216990128	0.4183332195062345	1.0	3.2451581403614465	6.148266276755611	1.9220030579740728	-1.0	0.0	0.0	0.0	0.0	0.0	0.0	0.0	46005	124.89408936682564	155.245617386377	6.60289762547112	039349_60	36	1	1	0	231	0.21266307076566648	0.13346779072246623	0	0.0	0	0.0	0.0	0.0	-1.0	0.0	0.0	135.74713685577285	0	0	2	0	0	0	0	0	84	0	5	0	0.0	2.664070307942018	4.296504927593163	20	0	0.6520200131084175	46000	113.39797249064429	38.16182731198343	63.62119769154957	1387.0946985214193	113.46951918648685	37.514174746044716	63.64480535219006	37922.803395480376
1	47	0.0	1.76898449003876	3.596722019160836	1.493611852376192	1.0	1.6848565262329007	3.3392355851749285	1.1498411961540804	-1.0	0.0	0.0	2.133487379578346	1.9343808462388126	0.0	0.0	0.0	47001	108.59201485277299	180.24333964265617	3.967917332581449	039349_60	94	1	1	0	145	0.23611730803156672	0.12221622569641016	0	0.0	0	0.0	0.0	0.0	-1.0	0.0	0.0	89.14562249554186	0	0	4	0	0	0	0	22	112	0	5	0	16818.381485882266	1.8943153383963127	2.7132283772689654	16	0	1.4702700595093485	47000	112.47377914454667	144.3998330602703	69.18056825729914	3087.031996730061	113.61565473393178	145.32590606481418	69.19481523982711	35881.80464506393
1	18	0.0	0.23989175583342587	1.0203377447362763	0.10189128746553691	1.0	0.08792276081473	0.5272355818038034	0.2034804870134405	-1.0	0.0	0.0	1.910343461991467	1.9069093448486192	0.0	0.0	0.0	18001	-125.11574439416025	327.61396425802076	17.684999983430618	039349_61	122	1	1	1	158	0.09444449373627628	0.03785933386792584	1	0.0	1	15.771187634585985	15.771187634585985	37.160646935424786	85.31942046127918	11.318107851272838	0.7733736909732996	99.28750497866386	0	0	2	0	0	0	1	33	167	1	5	0	60364.09407496996	0.7149226895834305	0.9255894718572996	0	0	0.6132422494216108	18002	-203.2936584159632	290.74599492243334	60.607607100317125	4042.9483412044083	-203.29828839416027	290.90367004548733	60.014999999998984	115316.15245515671
1	20	0.0	0.34251011115290575	1.206965022675027	0.21191813391263933	0.0	0.1426760248609758	0.8359568238937571	0.05311782750303397	-1.0	0.0	0.0	0.9822103376376324	1.88889070747787	0.0	0.0	0.0	20000	-301.4372391694653	-169.56673280680857	297.8850041802449	039349_61	115	1	1	0	516	0.02528374225219998	0.10200044523221996	0	0.0	0	0.0	0.0	0.0	-1.0	0.0	0.0	332.1544124805967	0	0	1	0	0	0	0	34	552	0	4	0	61354.17450770823	0.8501053653172786	1.1103877698124538	28	0	0.05377866661604706	20001	-89.88680603363177	-155.8914428249213	56.260697181427545	3787.0297679274513	-89.85624722913232	-155.8472132164403	56.26212763037146	60262.70445869432
1	21	0.0	0.7102409063179035	1.781822774229957	0.5519323881548515	0.0	0.8905120312207897	2.0612045151516165	0.7024379556230267	-1.0	0.0	0.0	0.198705950996557	1.9076115869286392	0.0	0.0	0.0	21001	-263.3012851327001	-336.2842224404995	80.62220660186831	039349_61	83	1	1	0	159	0.26104635020910444	0.3381829400337591	1	0.0	1	9.159302280380606	9.159302280380606	16.621143999836324	131.75142475516918	6.327820434527903	0.572375317899513	116.14939942727999	0	0	3	0	0	0	1	33	196	1	5	0	62390.600856209756	1.400391872205887	1.8102265188242899	28	0	1.1132490394466792	21004	-332.8415433180829	-324.22614679903904	145.0504288687426	2697.53566595413	-333.8233158630048	-324.63517075343896	145.37928369779897	12397.383676379763
1	30	0.0	0.5473345328290352	1.4971096601607365	0.3966850616404408	1.0	0.08417450278107111	0.7144503189942082	0.20344552790343068	-1.0	0.0	0.0	2.6570186065260777	1.9077748921924003	9.189575501722107	0.0	0.0	30001	-64.53428663347559	81.43016629208982	12.58499999999975	039349_61	110	1	1	1	282	0.16761568994613363	0.07560154107799777	0	0.0	0	0.0	0.0	0.0	-1.0	0.0	0.0	181.75652542393377	0	0	3	2	0	0	0	34	304	0	5	0	61193.041554124124	0.8001443333177719	1.035801776765391	0	0	0.05379624760617452	30000	-223.8746884775382	14.753141508257517	14.720313160478934	3594.8983853839327	-223.91848604673424	14.734790206974015	14.695033941143151	162591.04999923124
1	50	0.0	1.6532016972829133	3.4272978788123694	1.2215053993982212	1.0	0.09550503086557594	0.779559067769017	0.09999947341602584	-1.0	0.0	0.0	1.562536901237288	1.9069093448486192	0.0	0.0	0.0	50000	339.7823823600159	-113.30240895012089	125.88499999999719	039349_61	116	1	1	1	346	0.06871696464297228	0.0674092909811661	1	0.0	1	2.0187170954971916	2.0187170954971916	1.2614253408777887	78.72155950367096	0.5576381451392086	1.9261250807467676	226.24422903806777	0	0	2	0	0	0	1	33	358	1	5	0	58407.93436993056	0.8318246339999714	1.0769389961739004	0	0	1.6558230571045123	50005	128.83242966651	-121.09809799765813	81.55874677368719	3823.8438513354376	128.7380934450427	-120.40291328505444	83.05860306317639	91264.55277806219
1	51	0.0	0.3332787051148493	1.1854020744743512	0.1996478236629753	1.0	0.0949550045962044	0.7999968942969047	0.09216293005284332	-1.0	0.0	0.0	1.547608294819335	1.9069093448486218	0.0	0.0	0.0	51001	183.62098482171083	-179.64745671185284	1.0679842565648425	039349_61	63	1	1	0	138	0.06320996535869083	0.0485650909692773	1	0.0	1	23.677699754911842	23.677699754911842	46.24655293386084	80.25152517697647	13.0507417135411	0.9046273811568515	89.33597435451429	0	0	1	0	0	0	1	33	150	1	5	0	55251.304979149376	0.8422299544374048	1.0904104598559419	16	0	0.1425309374780666	51003	108.63207433681767	-177.33299196003387	43.740542781983876	2164.125725247643	108.49077756711367	-177.33110646897867	43.759163628717445	85507.3778853244
1	62	0.0	0.4610026483250142	1.4020792354950693	0.3359910253849347	0.0	0.5729603737355118	1.5445717600659803	0.40595195180349297	-1.0	0.0	0.0	0.604484964633503	1.9091837737583455	6.381151605136752	0.0	0.0	62000	238.7914637410376	194.17079688192638	297.98930998657556	039349_61	99	1	1	0	129	0.14440030609911014	0.2408049365180296	0	0.0	0	0.0	0.0	0.0	-1.0	0.0	0.0	82.81347306377194	0	2	4	1	0	0	0	34	142	0	5	0	53789.93105139919	1.1845157425373993	1.531406660596928	28	0	0.3156654079625849	62001	268.4730720781743	209.46199274534314	231.11972541635197	3039.4727387221365	268.6995067646528	209.68143463833303	231.13446441715172	32515.204569243604
1	32	0.0	0.39282174983002816	1.3003947346753195	0.26420065210534527	0.0	0.11472361990848265	0.7634826973748539	0.04875434466688688	-1.0	0.0	0.0	1.0345316162408067	2.044057928684905	5.515009832999693	0.0	0.0	32000	-339.8863792031746	200.79092843350662	172.07884454839146	039349_62	104	1	1	0	536	0.016034588751232093	0.10208591732057215	0	0.0	0	0.0	0.0	0.0	-1.0	0.0	0.0	339.727320538836	0	0	2	1	0	0	0	33	567	0	4	0	61972.11605052554	0.8236446099852962	1.0645693181312512	28	0	0.4929227245818494	32001	-31.436427316267903	215.96922663071626	54.16298852193004	3328.931309130252	-31.172748248949915	216.30557123133366	54.40858671309405	64112.11337961303
1	35	0.0	0.3518628165707687	1.2078570149925811	0.21235956275558734	0.0	0.33152397223718666	1.1892435897756628	0.17093230592343758	-1.0	0.0	0.0	1.16371757436674	1.8127179927779906	0.0	0.0	0.0	35000	-213.5924111935548	41.878745252407086	298.04178812509855	039349_62	120	1	1	0	194	0.05841432892873183	0.11320667240116111	0	0.0	0	0.0	0.0	0.0	-1.0	0.0	0.0	133.3913951394438	0	0	2	0	0	0	0	29	221	0	5	0	56756.85583363529	0.9787872795337084	1.3013433258188616	24	0	0.23364618769546724	35001	-125.96145990413648	-11.254427775175596	221.72500900874064	3954.813730206263	-126.19510609183195	-11.254427775176145	221.7250090087353	66048.95059940082
1	36	0.0	0.5725650998543681	1.6097607917966803	0.3274492347743929	0.0	0.5703188799823941	1.6175601798447918	0.33126169789011467	-1.0	0.0	0.0	0.8086918278710254	1.6927582178310765	0.0	0.0	0.0	36001	-338.1813625052167	-42.48588896099594	14.127066304516594	039349_62	164	1	1	0	44	0.0567422442906135	0.11408410484126263	0	0.0	0	0.0	0.0	0.0	-1.0	0.0	0.0	26.526566544508277	0	0	1	0	0	0	0	17	45	0	5	0	53983.34946549511	1.1459182278175142	1.5722353254291355	28	1	0.012237091354175913	36000	-314.83685501494176	-35.058680383947674	22.363119595896656	5271.79022474797	-314.84024269309646	-35.06455979899976	22.373303039330757	43655.89355385158
1	63	0.0	0.6303154402950455	1.6896262717948543	0.48348840493143913	1.0	0.10353155176203512	0.8151731607909746	0.10595627455400472	-1.0	0.0	0.0	2.104877606336186	1.8321569853964883	3.8416690404102907	0.0	0.0	63001	337.67970158831935	258.72614646890264	139.39889938589948	039349_62	66	1	1	1	324	0.07857419710071045	0.0523558458433101	0	0.0	0	0.0	0.0	0.0	-1.0	0.0	0.0	204.29490209936517	0	0	3	1	0	0	0	33	341	1	4	0	51363.37133848578	0.863967147453735	1.0958021253637347	0	0	0.44568409997874553	63014	144.31041602751526	220.74075835597426	145.85481154044288	2297.282982785832	144.2802970365771	221.12117731628987	146.0850474585598	108113.61011630858
1	66	0.0	0.326116522673038	1.189167930919722	0.2175533224901941	0.0	0.4433802396680249	1.3418608825700666	0.28229996103580346	-1.0	0.0	0.0	1.4362227405011792	2.0479640997091955	5.606703359428149	0.0	0.0	66001	295.4343505236324	96.3458508870448	1.213342620213382	039349_62	112	1	1	0	388	0.09479776633709902	0.1901544758387812	0	0.0	0	0.0	0.0	0.0	-1.0	0.0	0.0	247.18577254925967	0	0	3	1	0	0	0	30	410	0	4	0	50176.31442162067	1.0964168634629254	1.4172581662409072	24	0	0.34182591709020654	66000	143.57850549505167	-16.462215570265972	148.2791999488765	3489.7869544214727	143.2900693960923	-16.288544670048886	148.33825918041106	72064.36380686887
1	70	0.0	0.5357455887953463	1.513891013220361	0.40712210203171884	0.0	0.6165481206108913	1.6674332573002317	0.4640982699297619	-1.0	0.0	0.0	0.8618911117376858	2.062996024869694	3.6785614960040833	0.0	0.0	70005	321.27943670377215	227.8613583100727	1.6105591147703353	039349_62	146	1	1	0	138	0.06619321574359194	0.12887632050917325	0	0.0	0	0.0	0.0	0.0	-1.0	0.0	0.0	86.68914415227822	0	0	3	1	0	0	0	33	145	0	4	0	47021.609004860526	1.246836826127892	1.6142431289464192	28	0	0.18349383589339863	70000	248.18057898586767	221.31988288500852	32.24579935565511	4783.301338753927	248.2516610786141	221.48498860373525	32.20895609921119	40527.50686089402
1	41	0.0	0.34233295623397714	1.2146564405095854	0.21909143826309824	0.0	0.3602177600237197	1.1612559295414364	0.1993637403005972	-1.0	0.0	0.0	0.33870760326361526	2.042569786047408	0.0	0.0	3.4894467751264044	41000	339.5699720528654	32.966024963397935	118.76286684842212	039349_63	108	1	1	0	126	0.12093557578637015	0.218132530828557	2	0.0	0	3.4894467751264044	0.0	0.0	-1.0	0.0	0.0	84.04001508664342	0	0	1	0	0	1	0	33	141	0	4	0	61106.21607377421	1.00380560752559	1.2975411772006513	28	0	1.1730328743128287	41001	296.9297711448138	95.25886611726848	112.14748189261707	4083.2182770864742	297.5201837001055	95.97292474138106	112.86688401945783	20697.139990856664
1	47	1.0	1.7730888930708482	3.5944646471064923	1.5222938387966154	0.0	1.710983580929707	3.4837055508219468	1.476342049437571	-1.0	0.0	0.0	0.15617863985746305	2.0541711099216413	0.0	0.0	0.0	47001	310.3784918840227	-100.79720119130096	1.217148220129161	039349_63	87	1	1	0	167	0.12915454333844312	0.22070642930485052	1	0.0	1	4.018803995983012	4.018803995983012	7.480083225554851	161.66797881403986	3.2747589347862656	0.6666878149177805	106.59848895455096	0	0	1	0	0	0	1	31	141	2	4	0	26695.423750231133	2.1063731711881015	2.7145234413853694	28	0	1.0830889628698883	47002	310.60559094648505	-177.4819749011981	46.807432541098436	3420.749290877084	309.6238181961024	-177.61673903966005	47.244516737885704	4169.254971729714
1	48	0.0	0.8005835857088683	1.9617399764965786	0.6240672277369992	0.0	0.7767719843729779	1.9354714584658548	0.6087541652744612	-1.0	0.0	0.0	1.1259514347610653	1.9069093448486192	6.334668276721272	0.0	0.0	48001	181.54326770457965	-55.80304385881334	3.0135080106446566	039349_63	70	1	0	0	571	0.03794290428647129	0.1359320699194626	0	0.0	0	0.0	0.0	0.0	-1.0	0.0	0.0	365.0643869919906	0	0	2	1	0	0	0	33	492	0	5	0	41856.86019285864	1.3727015252901533	1.7771964693851692	92	0	0.9573200177355868	48000	180.6700526654051	-336.3394120448596	184.7519485582562	2953.314099035213	180.77434349599662	-335.7955498876136	183.97105228286011	47128.79178874251
1	52	0.0	0.606598101496261	1.6522120343585027	0.45488602982496285	1.0	0.04124924392810946	0.608102245582034	0.15889979745738084	-1.0	0.0	0.0	1.7718905698591108	1.9936227169767118	0.0	0.0	0.0	52000	339.576726183946	177.0969977285294	136.1357345374915	039349_63	82	1	1	1	174	0.08028019704326361	0.027093687525032495	0	0.0	0	0.0	0.0	0.0	-1.0	0.0	0.0	112.33583994151687	0	0	1	0	0	0	0	33	188	0	4	0	60484.590145662005	0.757626122087855	0.9749495117428839	0	0	0.3913124852008529	52001	247.37067505937966	136.88757580058095	94.23579836811187	3278.8220215135643	247.7616196828998	136.89176990839496	94.25223527397677	107172.0749008918
1	55	0.0	1.0360176080045214	2.3778579034705354	0.8703676911203819	0.0	0.16332606649567988	0.9011704502279907	0.11235425873170612	-1.0	0.0	0.0	1.2306282074756165	2.0421365217990073	7.624709596124016	0.0	0.0	55001	145.0091699989652	193.5080329515579	1.259050083432736	039349_63	86	1	1	0	272	0.07818055050331674	0.08135169583815705	0	0.0	0	0.0	0.0	0.0	-1.0	0.0	0.0	185.60372486321222	0	1	3	1	0	0	0	33	311	0	4	0	58104.13128446629	0.8903521258525219	1.1508500308336076	24	0	0.29317202045596485	55000	138.12221834676745	75.28633305378149	102.90251705414646	3404.9895199931448	137.94169676431017	75.44760172669302	102.73712598128365	71504.58292953065
1	67	0.0	0.5999986444457057	1.6431686469631825	0.442796656772999	1.0	0.13602063840980777	0.8480977178665701	0.17013668774346932	-1.0	0.0	0.0	1.7537650769558901	1.934636037479759	13.854845827531676	0.0	0.0	67000	339.09690774673663	82.10353224728956	165.25504775616824	039349_63	75	1	1	1	1050	0.1508499047762698	0.07904087285203115	1	0.0	1	24.518285600637395	24.518285600637395	52.337975131177785	140.96346541413448	14.102524682805802	1.0041082338454796	694.5485476936312	0	0	8	2	0	0	1	33	1148	1	4	0	50061.47169843152	0.8690020167716354	1.1159020040355672	0	0	0.33864466407352484	67001	-292.73628904171994	236.5101307351682	147.73605209490427	3033.3502237932416	-292.4100885327151	236.41917747308338	147.7350822770713	87796.06076572486
1	24	0.0	0.31701163327248255	1.1665065797854388	0.19304548512484118	0.0	0.1353249177359162	0.470224850863251	0.2166088542784517	-1.0	0.0	0.0	1.9452087881170548	1.88052974537963	0.0	0.0	0.0	24000	-3.8695245615418172	-7.321556115462789	266.4814339992837	039349_64	59	1	1	0	297	0.04463697655734933	0.06589277346987454	0	0.0	0	0.0	0.0	0.0	-1.0	0.0	0.0	187.92688202852142	0	1	2	0	0	0	0	33	315	0	5	0	70584.12857001228	0.6827581789131235	0.8853704881137113	24	0	0.6300889889545651	24001	-179.2495402092256	-49.53468622460067	253.03193239213397	2185.952975053735	-179.76364145359622	-49.83367168605949	252.82379844878346	137300.86719597198
0	45	0.0	2.3769004165849266	4.322707648985596	0.3982980554371101	1.0	2.359730910163453	4.315360783858256	0.40136529123090875	-1.0	0.0	0.0	0.0	0.0	0.0	0.0	0.0	45000	338.8314477474937	282.0114290135266	213.19499999999888	039349_64	100	1	0	0	4	0.2957904738520622	0.23091900591485476	0	0.0	0	0.0	0.0	0.0	-1.0	0.0	0.0	1.6535332841418708	0	0	1	0	0	0	0	0	4	0	3	0	0.0	1.3481966580694111	3.445900264630051	340	1	0.1305308257328924	45001	337.628647608604	280.87752029424337	213.15382763080157	3177.061458418623	337.7585296638893	280.8687433486449	213.1442404827717	27188.413565985018
1	52	0.0	0.2471993944323349	0.9674925727225285	0.08868834002811898	0.0	0.4210078108994511	1.2251536264505245	0.2555633730701879	-1.0	0.0	0.0	0.6829531484714655	1.9069956283219145	2.9904250176142853	0.0	0.0	52001	339.63802520192036	-32.95533352700006	156.39462936271556	039349_64	157	1	1	0	69	0.18026202328752372	0.2749323764774195	0	0.0	0	0.0	0.0	0.0	-1.0	0.0	0.0	51.663381199914284	0	1	4	1	0	0	0	33	88	0	5	0	66020.53863653126	1.027416400609814	1.330144472921541	28	0	0.7931921378784206	52000	309.0901422634432	-31.095903917946686	179.41027447536212	4769.500602433351	309.5500067962982	-30.460722167736954	179.52953269610472	45088.93472560106
1	58	0.0	0.7173948594919155	1.821269701281132	0.553888654710371	0.0	0.294746058571472	1.1003361860250715	0.14990993493482646	-1.0	0.0	0.0	0.8133627170787564	1.909623939501029	5.716999985777751	0.0	0.0	58001	339.88698041368855	-61.808321679185454	194.67867038862934	039349_64	153	1	1	0	324	0.04483632908415236	0.14310819958563303	0	0.0	0	0.0	0.0	0.0	-1.0	0.0	0.0	211.66744791368052	0	0	2	1	0	0	0	34	352	0	5	0	53961.42936338895	0.9792853058844674	1.2678520101234532	28	0	0.3995754521917283	58000	200.59090122972722	59.04255300258778	270.3989132461845	4656.301994552664	200.91116855678402	58.82109679738691	270.30921079141234	43890.21480445942
1	61	1.0	0.7316576557972964	1.8657430269615782	0.5952496798134148	0.0	0.5440151943135019	1.4862053321929092	0.3898298393974558	-1.0	0.0	0.0	0.45440784234856035	1.9492243565912128	0.0	0.0	2.4025049686294007	61011	339.89066393324117	-50.58848825444825	41.95088173919818	039349_64	117	1	1	0	452	0.16310256419711588	0.2546768245637844	2	0.0	0	2.4025049686294007	0.0	0.0	-1.0	0.0	0.0	292.4858400285532	0	1	5	0	0	1	0	35	490	1	4	0	54807.248928432484	1.163539119864558	1.4910118266889034	28	0	0.44619191666424207	61008	315.13907412532745	-252.30059522554816	207.7256709046141	3620.6522046779123	315.08536855550574	-252.73970119225515	207.6674567459501	24904.84373062945
1	65	0.0	0.9019906946015142	2.14409604220939	0.7450720804523638	0.0	0.7273933443058983	1.86089408309126	0.5642817996474998	-1.0	0.0	0.0	1.2006244599644542	1.7200918253034332	4.086425027575424	0.0	0.0	65009	339.8714510366194	71.24192906358867	83.04604438799961	039349_64	185	1	1	0	52	0.05956801814217916	0.09301488515254897	1	0.0	1	10.761260381145188	10.761260381145188	8.90697555483607	6.7620303699761735	3.8063442586841147	1.466863271926189	38.547512753575376	0	0	3	1	0	0	1	17	65	1	5	0	39046.470779785515	1.329192808364184	1.725163338369893	24	1	0.1123988429133316	65004	333.03793475637474	51.751307156024744	58.05720947406547	5538.945284654488	333.02584688100814	51.85860556178958	58.02599352817716	46880.14789349783
1	70	0.0	0.3241926807363286	1.180138912140449	0.21084769955637786	0.0	0.568587910096505	1.5386784199551873	0.37156209585020694	-1.0	0.0	0.0	0.24458038465598658	2.104467288851767	0.0	0.0	0.0	70001	77.68910962152121	276.740164375155	1.4378086754091848	039349_64	33	1	1	0	171	0.12865436022143362	0.23397463972562627	0	0.0	0	0.0	0.0	0.0	-1.0	0.0	0.0	108.26214662340973	0	0	2	0	0	0	0	33	182	0	6	0	53037.180609749514	1.1635079626996891	1.5324738744336648	28	0	0.22077549101518218	70000	147.81552177954495	283.27920537258876	77.86784813058836	1266.2448521960184	147.7342913607596	283.4324501430569	77.73124843505016	12971.854034601569
1	71	0.0	0.7786010929102922	1.9405093305681989	0.6168734287764662	1.0	0.14536688148978194	0.8973588128023859	0.1249036965156325	-1.0	0.0	0.0	1.4481413457512895	1.9069093448486192	0.0	0.0	0.0	71005	332.25407704099155	204.83194410422075	31.509009187222063	039349_64	68	1	1	0	396	0.09038434015193597	0.031339481505802014	1	4.814144910319547	1	32.572699398720864	32.572699398720864	80.06032149466759	64.904665957326	20.099379610950738	0.8981642109217935	257.25519414312583	0	0	1	0	0	0	2	33	429	1	5	0	49593.54955675292	0.888509274249989	1.1503269400675347	16	0	0.18143903631554226	71003	89.80722107898679	246.4340644026052	53.54478772359852	2505.550400366073	89.68245353083086	246.3196361968383	53.47952388559279	71818.46959569944
1	40	0.0	0.8688661526137296	2.0950585321270228	0.6944597002674259	1.0	0.21314173114617346	1.018033753830404	0.1371211809471738	-1.0	0.0	0.0	1.6743985769906622	1.8845376219343366	0.0	0.0	0.0	40000	339.50477056053467	-17.063981940098717	227.51130782100648	039349_65	75	1	0	0	456	0.07749790857525418	0.03883070684964607	0	0.0	0	0.0	0.0	0.0	-1.0	0.0	0.0	293.18391891326297	0	0	2	0	0	0	0	27	473	0	4	0	43894.057029610136	0.9357141709873416	1.216335018777635	80	0	0.15073429589151283	40001	67.2973590222205	4.966159943763519	174.70315235962573	2486.2491326148725	67.15767736261299	4.918543999088688	174.73385388629663	73496.14662872619
1	32	0.0	0.4269928037347837	1.3282206408178217	0.26197997880262436	0.0	0.17172406508340216	0.8406921428533154	0.03799844663482516	-1.0	0.0	0.0	1.0259276842608835	1.906909344848614	0.0	0.0	0.0	32001	-338.8005106103411	299.0974026516729	0.8415929915959289	039349_66	137	1	1	0	228	0.0509769740465541	0.14158468281604525	0	0.0	0	0.0	0.0	0.0	-1.0	0.0	0.0	139.52793757935086	0	0	1	0	0	0	0	33	234	0	5	0	54816.09542392414	0.8560489878406012	1.1083015577545066	28	0	0.3085227494887355	32000	-211.4124124873218	299.9064667616497	42.65527731876667	4608.2898866915075	-211.12035839617494	299.9104521801202	42.7546494035595	56237.3498384901
1	33	1.0	7.550358689792636	13.149339218216685	6.6580652339337965	0.0	0.24908964246271997	1.032340828133856	0.1137842217499482	-1.0	0.0	0.0	0.9808199210563913	1.9069093448486192	0.0	0.0	0.0	33003	-206.03587977429885	172.5911080109715	1.3853139984938472	039349_66	128	1	1	0	66	0.02569317173045471	0.12033501654045198	0	0.0	0	0.0	0.0	0.0	-1.0	0.0	0.0	261.4610201251011	0	0	2	0	0	0	0	33	143	0	5	0	53556.37525983804	0.9483639721671615	1.2278190647972935	28	0	0.7903156617105802	33000	-176.4735140326487	150.68134865370857	17.06911417893324	4384.532802637528	-177.05389920027847	151.0374965908514	17.470250750700668	52529.15975442081
1	78	1.0	1.0022695057755633	2.3202843800118296	0.8367420846885884	0.0	0.2026124976669852	0.9569767746664322	0.09524851146537146	-1.0	0.0	0.0	1.049336411069182	1.9069093448486196	10.276375535166943	0.0	0.0	78010	339.61834202505645	150.05169381800488	148.0182107238399	039349_66	142	1	1	0	313	0.0424054677215453	0.10100808899870117	0	0.0	0	0.0	0.0	0.0	-1.0	0.0	0.0	209.14902155211044	0	0	4	2	0	0	0	33	349	1	5	0	57232.463718379106	0.9108218822893891	1.1854678547930246	28	0	0.2069996312272889	78011	266.3898072176339	-11.69850994665158	69.2982615634169	4720.247690436362	266.2300828180455	-11.605912084392347	69.20465280629784	60056.108074891104
1	81	1.0	0.6639460863568643	1.7561134010109083	0.5249820659176626	0.0	0.6544778236655696	1.7303770288026499	0.45762133603723576	-1.0	0.0	0.0	0.8005482427454458	1.8794116233104337	7.0896992172757365	0.0	0.0	81000	313.5418832715386	336.19521613749964	219.8747212929803	039349_66	153	1	1	0	129	0.04527787123291849	0.13727671198457359	0	0.0	0	0.0	0.0	0.0	-1.0	0.0	0.0	81.23301428264182	0	0	3	1	0	0	0	33	139	0	6	0	44675.130565961044	1.2516805779614417	1.6476355427753155	28	0	0.7113712586501129	81001	252.82450677953048	297.8692069844726	193.37852289642098	4885.390412511439	253.01677031087934	298.2116554490175	192.78538475797637	35764.59726900347
1	37	0.0	0.29650394519381423	1.1524912925626718	0.19757870447815679	1.0	0.07780012839891587	0.762819058913838	0.17563083792658513	-1.0	0.0	0.0	1.8014844913079526	2.021913668561666	0.0	0.0	0.0	37002	-339.5888469260532	114.42588312051844	157.30256110834085	039349_67	135	1	1	1	306	0.13952661315951348	0.04800849670787255	0	0.0	0	0.0	0.0	0.0	-1.0	0.0	0.0	196.9765244413016	0	1	6	0	0	0	0	34	332	0	4	0	49621.49732519916	0.8147391307045218	1.0737210734774876	0	0	1.8693171906874546	37005	-172.67294320126916	178.00332621637062	111.0277915966838	4377.51929230834	-170.88275105045247	177.84072199968307	110.51484063287792	89392.35786682535
1	41	0.0	0.17128266895964117	0.9165947242513951	0.09548728636639543	0.0	0.1384910300953745	0.6601120014831181	0.11195472859855335	-1.0	0.0	0.0	0.9781062410240874	1.9122014024474692	7.8021715657505695	0.0	0.0	41000	-284.36489240303445	297.11586406231334	297.99583395080714	039349_67	120	1	1	0	364	0.05829753193598508	0.1406462208350922	0	0.0	0	0.0	0.0	0.0	-1.0	0.0	0.0	231.109796908384	0	0	3	2	0	0	0	33	388	0	5	0	57440.720247689664	0.7691787749732965	0.9966973946804706	28	0	2.414752674021094	41001	-103.22243511335687	246.72183609731428	172.72512268695735	3907.0178261292085	-100.90619872366725	246.28529231046923	172.20023318817064	56183.126963183924
1	64	0.0	0.44601232526519713	1.3580872064092986	0.27643012157356484	0.0	0.5963445067770103	1.6364554145503338	0.4464960901150561	-1.0	0.0	0.0	0.9630194360652783	1.9069093448486192	0.0	0.0	0.0	64001	183.07169410437683	-70.86683533409118	1.2249084711014373	039349_67	109	1	1	0	346	0.04365321965300978	0.11658529469055745	0	0.0	0	0.0	0.0	0.0	-1.0	0.0	0.0	219.47822632847306	0	0	2	0	0	0	0	33	368	0	5	0	48129.1108261002	1.2326593369596779	1.5958879488651774	28	0	0.05694049541579621	64000	52.23482620526363	-173.77304645701003	128.16413165048698	3583.489397096678	52.184282390133966	-173.78393734018752	128.18798393410822	46349.26916607429
1	75	0.0	0.6462751750414445	1.7130401770345516	0.4807592321900062	1.0	0.04755656334349271	0.5983513019076572	0.16651598040404988	-1.0	0.0	0.0	2.2748063445774527	1.9069093448486194	0.0	0.0	0.0	75001	304.3564038438344	176.45022278898574	1.114211502545208	039349_67	90	1	1	1	232	0.08412253564358507	0.0299430140718292	1	0.0	1	10.491069978875593	10.491069978875593	12.61920911876033	44.657461645667155	5.085051217113545	0.9253361980182588	154.09950924601975	0	0	1	0	0	0	1	33	258	1	5	0	57922.557263110684	0.7481476429059954	0.9686048460318623	0	0	0.5669883284193826	75002	318.96444422218167	91.98666265103051	112.47602699860738	3118.771928506902	318.7726992913082	92.51998318230144	112.45932798746853	131762.600756275
1	76	0.0	0.2599614303378341	1.054799119193769	0.12750009600930584	0.0	0.33234368865685066	1.1931587954846608	0.21273730435474192	-1.0	0.0	0.0	1.200746186767627	1.9069093448486256	0.0	0.0	0.0	76001	272.8851342269418	188.5326400919601	0.9795196415221344	039349_67	138	1	1	0	119	0.06523309823921034	0.09806550796745295	0	0.0	0	0.0	0.0	0.0	-1.0	0.0	0.0	76.80000000000004	0	0	1	0	0	0	0	33	129	1	5	0	50640.21563842785	1.025111667498913	1.3271820586194276	24	0	0.1180617116387799	76003	213.53370394203006	201.76438370177488	40.97508341293284	4619.099211434891	213.41904451268402	201.76777569217424	41.003016859162145	60806.0458249326
1	78	0.0	0.3769532049129355	1.2734312281357867	0.256600863927902	0.0	0.3248240208490059	1.1301797827116946	0.17765415115371988	-1.0	0.0	0.0	1.2705566659491387	2.061087642609788	0.0	0.0	1.0268217011591636	78001	205.30651023164532	335.53673841692	25.224480236533655	039349_67	45	1	1	0	121	0.08401680849437942	0.17759442437414252	2	0.0	0	1.0268217011591636	0.0	0.0	-1.0	0.0	0.0	84.42170367016628	0	0	2	0	0	1	0	33	142	0	4	0	51368.285855209804	0.9945131885179286	1.2823862485470938	24	0	1.005360285876045	78004	192.74915718489802	277.8581306392588	62.692850029337954	1661.7788400813758	192.90215708244259	277.03585107576816	62.13499999999864	65266.318011717674
1	24	0.0	0.4876349103909357	1.41607250420112	0.3421555204673946	1.0	0.12047360149415551	0.8545127134617442	0.14464654488370515	-1.0	0.0	0.0	2.024218524163996	1.9390153469320195	0.0	0.0	0.0	24000	-202.77342494933688	-206.58346902017942	288.24509152253245	039349_68	141	1	1	1	70	0.11603770094332688	0.024607913960374372	0	0.0	0	0.0	0.0	0.0	-1.0	0.0	0.0	44.253808370755344	0	0	1	0	0	0	0	33	74	0	5	0	45544.06861787447	0.8643787154038679	1.1250143121414402	0	0	0.24155347153574586	24001	-245.32339627430528	-213.5853509886284	287.2361567087794	4551.05961606159	-245.56265878526955	-213.61847450034742	287.23824559112194	92191.14736209763
1	28	0.0	0.22320535890148577	0.8680137178643068	0.08598615051223753	0.0	0.38368953514471726	1.1133738672199367	0.21908196776213534	-1.0	0.0	0.0	0.08626322196052405	1.9058424181367648	0.0	0.0	0.0	28001	-302.3801710069846	-38.99438912564479	150.55620290190296	039349_68	116	1	1	0	313	0.2003673658441083	0.2964037739562959	0	0.0	0	0.0	0.0	0.0	-1.0	0.0	0.0	208.47942568601738	0	0	3	0	0	0	0	33	347	0	5	0	70809.4264884415	0.9688075652280363	1.2558028187543977	28	0	1.7752127134304427	28000	-188.26801719073487	53.247555740331315	275.9793839721249	3793.1725973439115	-186.95848159563394	52.65295464647356	277.020031002713	6108.249274069841
1	34	0.0	0.4230874885882321	1.3335496270775942	0.289874216610385	0.0	0.2574684127733428	1.018741761549278	0.11128262816066814	-1.0	0.0	0.0	0.8692492051166352	1.9096239395010286	6.851525462705624	0.0	0.0	34001	-339.5230419649596	27.872528231049735	82.41825964937593	039349_68	125	1	1	0	376	0.0544993006696064	0.15241238536219648	0	0.0	0	0.0	0.0	0.0	-1.0	0.0	0.0	242.2363233701837	0	0	5	2	0	0	0	34	408	0	5	0	55060.552974465594	0.9438435659378521	1.2178869910942778	28	0	1.4819012083601546	34000	-118.25184872657096	67.36189202435409	114.14025213844475	4040.4930079475826	-119.69717926648063	67.31656822289831	113.81622038881935	47861.3419063366
1	38	0.0	0.28398277243577214	1.1112864441715269	0.1570312155180376	0.0	0.13958852919719128	0.8447385268330716	0.05032446234714292	-1.0	0.0	0.0	1.0018260345554748	1.9069093448486192	0.0	0.0	0.0	38001	-339.8229396828671	178.65810518588626	197.98408098958558	039349_68	116	1	1	0	559	0.02119673801546762	0.09144316021277654	0	0.0	0	0.0	0.0	0.0	-1.0	0.0	0.0	340.15131113044106	0	7	7	0	0	0	0	33	569	0	5	0	61080.2593221558	0.8617909696807212	1.115735533506357	28	0	0.9555192504380712	38000	-70.27904255654082	16.499054855457707	262.2504083841253	3793.1725973439115	-69.49245601750495	16.721940000933426	262.74499999999796	61191.79398633542
1	49	0.0	0.4301211635367663	1.3593838589586213	0.3007584538163535	0.0	0.2002842836049514	0.9269472340703816	0.0781464959410798	-1.0	0.0	0.0	1.002755704835931	2.0231943401163486	0.0	0.0	0.0	49008	339.6721825577276	-260.35152401533503	200.03060899182535	039349_68	114	1	1	0	498	0.07294923997097671	0.1319154678831379	0	0.0	0	0.0	0.0	0.0	-1.0	0.0	0.0	331.0672463319207	0	1	3	0	0	0	0	33	554	0	4	0	53941.291945549325	0.8872734649841869	1.1451855265981126	28	0	0.3957369091818209	49001	58.79287891142549	-115.32734243107036	159.28744941277913	3685.3214441458167	58.50365801519156	-115.07516651361269	159.19066986367497	54089.93822462004
1	63	0.0	0.41889742168288696	1.3342418829466123	0.279315399905937	0.0	0.19612986935042204	0.9042266603484497	0.05437865731110956	-1.0	0.0	0.0	0.5899812470333017	2.0629960248696855	0.0	0.0	0.0	63000	339.6567162344054	-273.6167938536147	235.2409240284875	039349_68	113	1	1	0	156	0.04569406608276538	0.14079171613659114	1	1.8373809974010125	1	5.460909659803155	5.460909659803155	7.112524030250795	18.462928626049376	1.296159027532537	0.6754748681438646	101.99999999999993	0	1	2	0	0	0	2	33	172	1	4	0	59442.30548279812	0.8867720679564436	1.147446249520441	28	0	0.3126997602667445	63005	258.87796875060417	-222.21422452049964	213.27656772841138	3659.415449442748	258.69876289773947	-221.99844818522138	213.1383397446172	35069.8455152757
1	65	1.0	1.6334005126763391	3.3717690141379992	1.4234399476210557	0.0	3.5918096918671263	6.595374604755089	3.166091123432917	-1.0	0.0	0.0	0.4231852417044645	1.8981869314861646	0.0	0.0	0.0	65005	338.09832161612815	83.60960237267878	50.07283563158553	039349_68	126	1	1	0	127	0.16676883156676048	0.2630088936107459	0	0.0	0	0.0	0.0	0.0	-1.0	0.0	0.0	88.47473787167684	0	0	2	0	0	0	0	30	138	0	5	0	17317.74273950569	3.556642211012876	4.6142009837791385	28	0	1.5989485371200387	65000	332.4590527550073	80.8281556073351	103.6713118084999	4060.42815795307	332.3449667554978	82.29669323026233	104.29341956373324	7328.613146993451
1	71	0.0	2.024137441232839	3.9490086633617008	1.6813251586224738	0.0	3.14927103713339	5.828701115745716	2.8371969024763035	-1.0	0.0	0.0	1.2450574940062284	2.03104257050528	0.0	0.0	0.0	71010	206.6323898438412	189.51794323257036	277.50145823579624	039349_68	127	1	1	0	88	0.20558907726184172	0.2802710275253421	0	0.0	0	0.0	0.0	0.0	-1.0	0.0	0.0	58.59260871075371	0	0	4	0	0	0	0	25	69	0	4	0	23899.763238030526	3.2467844974792963	4.1666630569579555	24	0	0.4464041837707938	71000	238.2815061466734	197.74192367631636	274.0983691150753	4119.912960289183	237.8378870303051	197.766362838507	274.05499282855715	29756.579324484468
1	23	0.0	0.3506201197657374	1.2148981318591705	0.22505140250912253	0.0	0.08989156786089905	0.6683069119596959	0.10289511062940185	-1.0	0.0	0.0	1.1671873453846375	1.9069093448486192	11.381736063868887	0.0	0.0	23001	-339.7733826365984	-280.9793477697504	95.29812201147082	039349_69	116	1	1	0	513	0.02544733866373272	0.0932749235582283	0	0.0	0	0.0	0.0	0.0	-1.0	0.0	0.0	332.5297625917325	0	1	5	3	0	0	0	33	557	0	5	0	62662.11498026353	0.7784382727467241	1.0078212375172706	24	0	0.1673483862434756	23000	-79.11767776895445	-265.9225902134275	270.45518409069103	3812.322510821005	-78.989291112493	-265.93153539615906	270.562152929737	73138.42764000071
1	56	0.0	1.4899929149278237	3.1338320270493436	1.2704149490177938	1.0	0.28202575896032844	1.1267412924494493	0.20993423647293932	-1.0	0.0	0.0	2.176174433453799	1.9069028145106441	0.0	0.0	0.0	56002	337.73461021546234	80.14919767949509	144.75501389391263	039349_69	76	1	1	0	178	0.1093111780437207	0.03855378316844643	0	0.0	0	0.0	0.0	0.0	-1.0	0.0	0.0	114.43167392198772	0	1	2	0	0	0	0	34	192	0	5	0	43386.156490635636	0.9924824727551023	1.2881700620682017	16	0	0.20305477261421806	56000	233.86248194027417	82.46923751665707	157.87050547439216	2494.7796615164093	234.05057528812478	82.5017800832048	157.8012731514624	94415.84452074688
1	56	0.0	0.4959103066083406	1.4747652715612776	0.3552300891854651	0.0	0.4748012201711481	1.4246942999315213	0.32466583173012037	-1.0	0.0	0.0	0.8198951164178907	1.9096239395010255	0.0	0.0	0.0	56001	339.78021182000924	165.70980401845762	1.9582727487665472	039349_6	124	1	1	0	151	0.03901961574970747	0.1348742048552548	0	0.0	0	0.0	0.0	0.0	-1.0	0.0	0.0	85.57329615433123	0	0	1	0	0	0	0	32	143	0	5	0	49305.54895363556	1.1289404462719443	1.466133341371977	28	0	0.43297989933500414	56000	273.41145855111455	130.85080866796903	31.15570356585557	5022.543158666741	273.11156132029856	130.94779881510078	31.45256406429956	40425.37879938904
1	61	0.0	0.2620124964984947	0.9716353373220845	0.10309935515445208	0.0	0.18160180163468392	0.9130097079163075	0.06298878102377639	-1.0	0.0	0.0	1.2912503232007444	1.924657352122683	0.0	0.0	0.0	61000	339.8786051019612	-195.83049907309382	167.8059971354269	039349_6	92	1	1	0	585	0.027117198230230538	0.10751413087053274	0	0.0	0	0.0	0.0	0.0	-1.0	0.0	0.0	375.21467407595287	0	0	5	0	0	0	0	34	626	0	5	0	49815.529602013834	0.8911386342112789	1.1565669691520573	24	0	0.5852911151409171	61001	68.53662056853088	28.69275974500477	120.76743133515251	3636.936840673881	68.88692662431586	29.16031732996704	120.73219979406338	64324.318699016614
1	62	0.0	0.46190850429229213	1.4118318483646028	0.3266888928094772	0.0	0.49061150520588725	1.4679855206379064	0.3613451317484331	-1.0	0.0	0.0	0.9291896790157854	1.9069093448486192	14.541827455057838	0.0	0.0	62001	339.7961902090713	-128.7607129759021	126.66883771652832	039349_6	93	1	1	0	469	0.04804321672855616	0.07457381956790876	0	0.0	0	0.0	0.0	0.0	-1.0	0.0	0.0	289.79321759993366	0	0	4	3	0	0	0	33	487	0	5	0	48297.4914700642	1.1549581734618233	1.4952905277278195	28	0	1.02361528183104	62000	86.01608160703742	-159.4125691661219	240.3254368851568	3685.0545587644274	85.10241451088434	-159.87404294493817	240.33196636218608	44877.53059633658
1	75	0.0	0.6861127346896327	1.7429516797011875	0.51241726796048	0.0	0.4210165747201403	1.3406066963545669	0.2864334740433323	-1.0	0.0	0.0	1.0091751488751022	1.9069093448486192	5.338957869545945	0.0	0.0	75000	133.5604564357298	331.57925908805095	230.0114593028449	039349_6	49	1	1	0	364	0.028821517646683226	0.11103241395180602	1	0.0	1	9.192083159216763	9.192083159216763	18.877847807000894	5.624909615451742	6.97808317628881	0.8530047253757579	237.9454128189438	0	0	5	1	0	0	1	33	402	1	5	0	49325.7916179878	1.0939218604657195	1.4162686005553882	28	0	0.6168930590205853	75009	295.65550179656117	219.99475758624823	133.29864374029725	2019.3513188734019	295.1087279386873	219.91281554570713	133.02499999999708	49778.3630994651
1	20	0.0	0.3065628689157353	1.0623461592095693	0.1551445454642662	0.0	0.3423327246489023	1.1694165205202953	0.19071166815849347	-1.0	0.0	0.0	0.5316334208417951	1.901394494246166	7.106395561290509	0.0	0.0	20001	-339.36345197671267	166.1519661078864	106.93628836680901	039349_70	158	1	1	0	222	0.0753926090341922	0.16887232669691954	0	0.0	0	0.0	0.0	0.0	-1.0	0.0	0.0	139.66221755768416	0	1	5	1	0	0	0	31	235	0	5	0	55693.023299533845	1.0106311835238444	1.308434600034035	28	0	0.06381069673240858	20000	-230.03876976719684	213.0480797422395	167.48455394240605	4802.870502574233	-230.00898303418845	213.08163990427815	167.52992211492932	29608.27249375298
1	44	0.0	0.28744972063671304	1.1027867946873724	0.16749952203147195	0.0	0.2577338757124022	1.0498135188421056	0.12868010980457326	-1.0	0.0	0.0	0.991236236683324	1.9069093448486245	0.0	0.0	0.0	44001	291.19615474159565	335.90831796505984	205.4866588835328	039349_70	158	1	1	0	108	0.03205868036862647	0.11805556198806777	0	0.0	0	0.0	0.0	0.0	-1.0	0.0	0.0	69.90766629435126	0	0	1	0	0	0	0	33	117	0	5	0	52829.05900584614	0.9570502360463136	1.2390649162906957	28	0	1.0313784788915217	44000	231.90357878792776	305.47307116780047	207.74824376767347	4802.870502574233	230.89604679963614	305.3628474407823	207.93921913072313	52366.07763647619
1	56	0.0	0.41212742008061065	1.3311520670387431	0.27970124340133257	1.0	0.09305325359290431	0.5159078961880692	0.19732671193261977	-1.0	0.0	0.0	1.876576271679277	1.9069093448486192	7.3397328593258635	0.0	0.0	56011	339.07487118208803	324.8553010914698	56.01700006213402	039349_70	92	1	1	1	607	0.07880771138553566	0.03406052351819444	0	0.0	0	0.0	0.0	0.0	-1.0	0.0	0.0	386.115174388788	0	0	5	2	0	0	0	33	648	0	5	0	58668.78026606281	0.7093679761131775	0.9183979469803283	0	0	0.21523889401694757	56000	49.228425593740745	110.00780696719148	98.65310782171244	2715.1694014917507	49.138854928847934	109.82346093969561	98.71884532725372	110096.44093565889
1	61	0.0	0.4754963006730698	1.415219654545862	0.3162715950018677	0.0	0.341838706407361	1.1823552338563914	0.20118795228586323	-1.0	0.0	0.0	0.9019458028808801	1.9069093448486192	0.0	0.0	0.0	61001	339.7905853822592	213.5551940923405	235.29063025718634	039349_70	121	1	1	0	422	0.0517804121203681	0.14976957775335942	1	0.0	1	4.765964156215559	4.765964156215559	9.785648410348612	40.871142005503515	4.121616081492865	0.6587140498263236	279.49684788560086	0	0	1	0	0	0	1	33	466	1	5	0	47323.74178959963	1.0177553248418199	1.3176580171895091	28	0	1.203674703998674	61002	77.1857401854207	273.15022188533607	260.11541898419347	3732.6504298487393	76.00754474934661	272.9039314747328	260.12083572725237	42683.4502837479
1	27	1.0	2.8631494622606417	5.505854950035424	1.7954734959372938	0.0	5.597528808594753	9.585250392769977	4.497733881617805	-1.0	0.0	0.0	1.373153771786069	1.9949253640662126	0.0	0.0	0.0	27000	-234.32291464763153	335.06338242709427	121.20186552698055	039349_71	42	1	0	0	71	0.2616195853760432	0.30127845210877024	0	0.0	0	0.0	0.0	0.0	-1.0	0.0	0.0	42.186548183959204	0	0	1	0	0	0	0	22	31	0	4	1	10871.5333367149	4.092125486277922	5.631960262251533	88	0	0.8151249532214442	27001	-196.06622332588222	335.51673453883876	107.99924323718419	1658.1036203892493	-196.7456554129702	335.4686169926553	108.44699923116843	14928.28700640805
1	28	0.0	0.20449036148739308	0.790756859068077	0.1441096822706809	0.0	0.28050582876519475	1.1012385233919892	0.15577813367256432	-1.0	0.0	0.0	1.0705274189948462	1.921685252342493	0.0	0.0	0.0	28000	-339.7032853747801	249.32281519656672	267.3321419512123	039349_71	113	1	1	0	413	0.05506637379736218	0.10327888451875566	0	0.0	0	0.0	0.0	0.0	-1.0	0.0	0.0	264.8174458949121	0	0	3	0	0	0	0	32	443	0	5	0	53110.54754011371	0.9751699867206147	1.2706865300716466	28	0	0.1580790966212391	28001	-105.18316890210119	158.1596288088339	230.48274110479605	3954.4283672687848	-105.32445667404627	158.14577196160354	230.55227350064303	56856.297379521
1	43	0.0	0.6536223251969744	1.7420057629850672	0.4728615505008969	1.0	0.07261068132502235	0.5742715177462779	0.1691688074334647	-1.0	0.0	0.0	1.4075989475935164	2.0638438667370793	6.596622429722851	0.0	0.0	43006	337.22093404882816	-7.485220862873971	46.77993642819748	039349_71	84	1	1	1	149	0.06352134684973426	0.05112238598163221	0	0.0	0	0.0	0.0	0.0	-1.0	0.0	0.0	99.87196023003388	0	0	2	1	0	0	0	33	161	0	4	0	64683.12497817009	0.7330053150689162	0.9514897411522444	0	0	0.04863892683594216	43000	248.38338944979319	29.286750989368194	55.999130185033	3143.9648449953897	248.3616239378668	29.330224080197276	56.00057865598585	91047.89864633212
1	51	1.0	1.522144031258396	3.1661463543220165	1.273287118414775	1.0	2.650198425265191	5.067619613541542	2.336318173444001	-1.0	0.0	0.0	3.6584271267176596	1.911609471235114	2.462102380327908	0.0	0.0	51015	294.8685056842991	172.47066997117187	4.324318693467439	039349_71	117	1	1	0	138	0.18710993944601262	0.12616396938623176	1	0.0	1	3.6977291205942775	3.6977291205942775	8.345013736263748	26.879291563199303	3.600000000000004	0.42602227261514825	90.76521289537689	0	4	8	2	0	0	1	34	147	1	5	0	9309.158547345625	2.8360624895317748	3.6710921489570443	16	0	0.2115137284826159	51036	282.4216022752539	127.6874407058782	42.95270254078598	4065.2843885717184	282.3914434154671	127.65239132388271	42.74630476624683	34056.8781565248
1	59	0.0	0.8305379702009729	2.03175554883099	0.6812426081568168	0.0	1.0217717627122174	2.350217048414621	0.8400679889326144	-1.0	0.0	0.0	1.0724497249779117	1.90690934484862	0.0	0.0	0.0	59008	127.05621241054546	336.07263661294076	201.89043090557948	039349_71	60	1	1	0	364	0.0447408759303557	0.10722912060934309	0	0.0	0	0.0	0.0	0.0	-1.0	0.0	0.0	225.00437976431172	0	0	5	0	0	0	0	33	378	0	5	0	29322.570884075074	1.5678791583582627	2.029887235732411	28	0	0.7965669242319351	59000	317.944059023005	301.8716314500818	278.5059391969743	2230.3858803960607	318.54749947655193	301.38510600848355	278.6894370947306	31446.98308027163
1	11	0.0	0.305390524203277	1.1431670403015295	0.17766019589583526	0.0	0.116988978627782	0.7875626355218173	0.0701038742294154	-1.0	0.0	0.0	0.9059082975480492	1.9069093448486192	0.0	0.0	0.0	11001	-339.7641967353964	52.77212575142338	26.316408867521396	039349_72	114	1	1	0	516	0.03904933347023842	0.0940438846294901	0	0.0	0	0.0	0.0	0.0	-1.0	0.0	0.0	345.3334521233434	0	0	5	0	0	0	0	33	577	0	5	0	59683.188841529554	0.835029709131632	1.0810885130959402	28	0	0.19341615126682607	11000	-74.98393984864876	-96.15531117365789	129.35653155137308	3813.804637959885	-75.16329604082154	-96.22531104055481	129.37500267842503	54067.49599566877
1	19	0.0	0.36600298605383186	1.246713641192936	0.22878304856328482	0.0	0.19023980135024832	0.9185682009990794	0.07288271999495012	-1.0	0.0	0.0	1.0475147362671826	1.9069093448486192	1.772283156746471	0.0	0.0	19001	-339.4420512633621	335.70087622180756	4.147788846353069	039349_72	118	1	1	0	675	0.026666698571544467	0.1189659552684863	0	0.0	0	0.0	0.0	0.0	-1.0	0.0	0.0	446.05948009313227	0	1	7	1	0	0	0	33	750	0	5	0	57567.60932157006	0.8950411859014878	1.1587836148154742	28	0	0.4511765083990271	19000	-90.0278686556012	52.734168456550115	184.89462702984832	3918.3457611434646	-89.67562942926347	52.8209879244766	185.1628622794877	60302.91909601666
1	49	0.0	0.47621802410422953	1.4321933821437014	0.33393161496918966	1.0	0.051023580352518354	0.6005158035388962	0.16049955837593735	-1.0	0.0	0.0	1.670771440636168	1.8962167521659772	0.0	0.0	0.0	49000	278.40354681739313	-294.16430805738185	295.3270173332527	039349_72	140	1	1	1	185	0.08950575556345713	0.03634730673195574	0	0.0	0	0.0	0.0	0.0	-1.0	0.0	0.0	119.14432206629797	0	0	1	0	0	0	0	34	199	0	4	0	57689.1993875308	0.75545172031526	0.9669375787269764	0	0	0.17261972117713406	49001	195.08009308097706	-223.74040578831955	256.1093768874782	4454.527565208383	195.19151550522173	-223.8427842831699	256.19245068182335	96385.46676985198
1	51	0.0	0.42344411563421985	1.3185232150414121	0.286750272258302	0.0	0.2163026942790199	0.910613034958076	0.07750259168317472	14.640760221431464	3.0000000000000004	0.8723883608962523	0.8397918229564247	1.9069093448486192	10.80319020318133	0.0	0.0	51006	339.5484848617675	-2.457064146943311	25.023304558384904	039349_72	106	1	1	0	488	0.08694552461114063	0.16639669366465193	0	0.0	0	0.0	0.0	0.0	-1.0	0.0	0.0	322.023095278394	0	0	3	2	0	0	0	33	528	1	5	0	56130.1301661568	0.8870531708387923	1.1484417656186379	60	0	0.4882244840843738	51012	45.402113497379474	75.79301084131234	63.36865302534396	3578.0435850523027	44.94339288984375	75.95958184471452	63.35477311514613	47137.62433501823
1	54	0.0	0.5667196204277153	1.5916507403873412	0.4308156428778931	0.0	0.6614714838556468	1.7111224640710774	0.4819315616361293	-1.0	0.0	0.0	0.50420793991565	1.9060592999961887	0.0	0.0	0.0	54001	310.1795710281541	335.4846375226217	69.4251347947219	039349_72	173	1	1	0	130	0.12939028309308276	0.22745373317610584	0	0.0	0	0.0	0.0	0.0	-1.0	0.0	0.0	90.7216018307765	0	0	2	0	0	0	0	34	153	0	5	0	50364.29010440473	1.257111658656298	1.633234582765962	28	0	0.09168996068417327	54000	306.1768836576426	295.14701689486884	130.18558134627213	5365.999011361168	306.17839909344883	295.10764988349786	130.26837621785427	25394.074958856072
1	65	0.0	0.6490947080653602	1.7223107415127201	0.4915423800312145	1.0	0.14931811456836058	0.42188247639714754	0.24349856975708287	-1.0	0.0	0.0	1.6460356674935086	1.9069093448486192	0.0	0.0	0.9472942919206571	65000	171.06533229362535	-226.942607143898	298.35188178480894	039349_72	62	1	1	1	402	0.07380853276198196	0.03761077717479899	1	0.0	1	6.797755205818843	6.797755205818843	35.77465245427099	104.8604582202964	11.033760890929146	0.31914029992739407	267.73797333444014	0	0	3	0	0	1	1	33	435	1	5	0	67717.47504314096	0.6648477332441686	0.8607588921783395	0	0	0.4219296658313675	65004	-73.22678163472501	-188.38951383925274	243.90257076367266	2457.6419872142023	-72.88536803918235	-188.32683481428484	244.14243059673413	111465.37923361154
1	25	0.0	0.3060398426166498	1.1401228790652504	0.19595341354863904	0.0	0.2494031964906577	1.0133721030391654	0.11806304665275279	-1.0	0.0	0.0	0.7367057308092606	2.009066248524302	0.0	0.0	0.0	25000	-121.83311401402663	0.8865571979778617	170.95681125932737	039349_73	144	1	1	0	187	0.04920658859166449	0.14481085755011114	0	0.0	0	0.0	0.0	0.0	-1.0	0.0	0.0	121.75191001445873	0	0	3	0	0	0	0	33	206	0	4	0	54875.64996004264	0.9345172505243384	1.204157917383789	28	0	1.5647830230349147	25001	-226.37746758337397	39.599985131336226	159.2139773888498	3999.426346562709	-225.20443523382087	38.61211198594953	158.90309531361228	40427.205807446386
1	55	0.0	0.38532410610080164	1.2763252152569233	0.24042498738502413	0.0	0.3419496572405342	1.1921668534114225	0.20114313416458718	-1.0	0.0	0.0	0.9047055009224568	2.062996024869679	0.0	0.0	0.0	55001	339.76542600609866	230.5801678685487	115.12655831376237	039349_73	175	1	1	0	223	0.03785049909664007	0.13446640041219804	0	0.0	0	0.0	0.0	0.0	-1.0	0.0	0.0	145.64417570256285	0	0	1	0	0	0	0	33	244	0	4	0	50383.63314343763	1.0230242074242997	1.324479485185771	28	0	0.35144823451448304	55000	249.3637094877116	294.44462977087636	203.20249415466884	4892.0654453984835	249.6166372932069	294.3255245621086	202.98952153672218	45582.350061327044
1	60	0.0	0.2678274267209945	0.9397981040784807	0.12195385846600411	1.0	0.15002224276572645	0.9081437855070056	0.1778526818804578	-1.0	0.0	0.0	1.4850077677106064	1.6927582178310772	0.0	0.0	0.0	60002	339.467753768644	2.3310105451464294	60.65535614237906	039349_73	147	1	1	1	39	0.1443063854071916	0.05880744090400883	0	0.0	0	0.0	0.0	0.0	-1.0	0.0	0.0	26.34935457628332	0	0	1	0	0	0	0	17	45	0	5	0	60269.156074822204	0.8356808048603869	1.1466238553719927	0	1	0.47203072074645763	60000	321.30155586168723	15.223864941182825	65.70348154890546	4031.400652564473	320.9755014982522	15.565186334821934	65.70235920420137	89500.16492447385
1	62	0.0	0.47304795044075987	1.4253283905849532	0.3272537087820165	1.0	0.0949509050625011	0.7795055490526628	0.0957259164202496	-1.0	0.0	0.0	1.3112651231863888	1.9069093448486196	0.0	0.0	0.0	62001	186.65429609219242	-335.73421828614	18.230225316357046	039349_73	69	1	1	1	179	0.06691065192731344	0.06689774549092142	1	0.0	1	25.31618629652894	25.31618629652894	41.93730360599786	55.70818011122212	12.25584915910468	1.115376203150285	115.88796856785397	0	0	1	0	0	0	1	33	194	1	5	0	55548.64019757785	0.832426594260951	1.0777183364972072	0	0	1.0702380635589532	62002	95.31073371703494	-290.48932745192616	68.75902137339025	2175.3904158486826	94.62977380132226	-289.7144700910984	69.04415147747277	72838.99453151331
1	72	0.0	0.3171510737293776	1.1758710146058249	0.21896579615957576	0.0	0.5335701080167026	1.4714815550465088	0.37080808497345646	-1.0	0.0	0.0	0.2853360149879147	2.062996024869678	0.0	0.0	0.0	72001	142.61728467455106	330.7239542028932	25.437676881361533	039349_73	152	1	1	0	182	0.1589063697030188	0.2439526625178397	0	0.0	0	0.0	0.0	0.0	-1.0	0.0	0.0	115.57115975096045	0	0	1	0	0	0	0	33	194	0	4	0	54576.08991117532	1.147518833964805	1.485659032719563	28	0	0.4329453633814552	72000	234.69687326929375	279.5239750883625	45.291330058724824	4176.458678127076	234.75757291567623	279.92822090574185	45.43395740439813	15572.524008876902
1	28	0.0	0.5865404423688891	1.6175381095362868	0.4371781904243988	0.0	0.8758099657358953	2.0301472818067063	0.7058642220780494	-1.0	0.0	0.0	0.6929150952733837	2.0358112773242967	7.605890978114019	0.0	0.0	28000	-339.19209007688676	-253.13177123971778	105.40498520693772	039349_74	140	1	1	0	376	0.26248305436743075	0.31967571640971326	0	0.0	0	0.0	0.0	0.0	-1.0	0.0	0.0	238.36563786671704	0	0	5	2	0	0	0	35	358	0	4	0	40450.669716767676	1.4168344588597224	1.828711491661365	28	0	0.28853444176049614	28001	-114.32564750795196	-264.79470420090433	101.83500000050937	4084.0279181586156	-114.61397913496003	-264.8055207123979	101.83500529460916	28028.87966066625
1	47	0.0	0.26751074758714466	1.058853578165064	0.13006331340314284	0.0	0.554576677698179	1.5379039844615296	0.4072930402293755	-1.0	0.0	0.0	0.9648359312120109	1.902476151157123	0.0	0.0	0.0	47000	237.8116293558456	158.85107834203936	296.0086808827997	039349_74	142	1	1	0	251	0.11387626011174679	0.2013329634930579	0	0.0	0	0.0	0.0	0.0	-1.0	0.0	0.0	162.9183784080411	0	0	1	0	0	0	0	34	272	0	4	0	49287.9013314818	1.1909823403660875	1.5258187535521315	28	0	0.638437792439026	47001	128.8055833829095	169.60957052629925	183.8903950853904	4174.867480808289	128.26582272528745	169.9449254156893	183.95202580386749	47554.73817864596
1	26	0.0	0.2809796770932841	1.0887144937117743	0.1511587078453561	0.0	0.21056409009120175	0.9395414720503633	0.06744658634548562	-1.0	0.0	0.0	0.9552119294475495	1.9338162658332592	5.19662459069962	0.0	0.0	26004	-339.35786601340556	-14.018845974207744	189.4688052801273	039349_75	141	1	1	0	391	0.04627272901870061	0.13967927489764587	0	0.0	0	0.0	0.0	0.0	-1.0	0.0	0.0	249.4239275215024	0	0	2	1	0	0	0	34	408	0	4	0	63204.98150990278	0.907982873541374	1.166737247018114	28	0	1.0285090376247932	26001	-150.63681134092747	44.8473088618317	64.28825929513876	4309.412762808045	-149.76884002147509	44.74239897226493	63.746548538225944	60374.152338770924
1	67	0.0	0.41463289995728864	1.3254594578860486	0.2643486934113802	1.0	0.03822350759939495	0.7058005831508789	0.12420848497576967	-1.0	0.0	0.0	1.7264996705316642	1.9069093448486192	0.0	0.0	0.0	67001	288.24442270802035	152.79720017604538	1.2553427237977886	039349_75	87	1	1	1	193	0.07801346314793256	0.029732890815217627	0	0.0	0	0.0	0.0	0.0	-1.0	0.0	0.0	125.20566484071269	0	0	1	0	0	0	0	33	210	0	5	0	59056.1155240013	0.798544321999643	1.0338519507402486	0	0	0.27307247539383916	67000	208.8489969387671	182.18165277579456	83.2234127942497	2708.010295163072	209.0740407014156	182.1906759725712	83.06900274395942	101960.36399506815
1	69	0.0	0.31911888068777106	1.1579975611138071	0.19068463126045243	0.0	0.2607907371498528	0.9931725709473949	0.11095240774185991	-1.0	0.0	0.0	0.7443541031554504	2.062996024869667	3.948957318421506	0.0	0.0	69001	289.79253331516077	186.87514026128753	1.1640197055112853	039349_75	140	1	1	0	509	0.0949151593965818	0.18132249771280518	0	0.0	0	0.0	0.0	0.0	-1.0	0.0	0.0	331.2575143121887	0	0	2	1	0	0	0	33	553	0	4	0	58101.62580997266	0.9251752493114297	1.1977973043275154	28	0	0.6005369803010892	69000	149.3457031641535	249.58988166165986	274.30220330062855	4279.806661352854	149.60736214550107	249.93356850768714	273.88499999999783	43248.18357165577
1	73	0.0	0.9361757558813967	2.203881996866204	0.7562956624066541	0.0	0.8391446673536646	2.0391196521283272	0.6557168751191452	-1.0	0.0	0.0	1.2088348251894143	2.0652161878044235	15.043740656157473	0.0	0.0	73000	178.17379423198776	301.18030014646234	293.77168303501315	039349_75	148	1	0	0	276	0.07808216376533783	0.14759908151773554	0	0.0	0	0.0	0.0	0.0	-1.0	0.0	0.0	172.11346538077018	0	0	6	2	0	0	0	35	289	1	4	0	37839.49546194148	1.4124552997532684	1.833065196608954	92	0	2.463582797320682	73013	336.3926564222452	286.6492695430854	288.07893915370437	4481.119502015807	338.738505164043	286.15468943111097	287.5118197723574	45741.69988199166
1	25	0.0	0.47707621910038145	1.3952985386544778	0.31747183551932906	0.0	0.1403256343755737	0.8593450531238503	0.09488509981222494	-1.0	0.0	0.0	1.2716285303772166	1.9521865683520867	8.70464097878302	0.0	0.0	25004	-248.3799934023723	-335.8084675180694	60.31224439305081	039349_76	113	1	1	0	285	0.06753921391210316	0.07842621923459536	0	0.0	0	0.0	0.0	0.0	-1.0	0.0	0.0	174.7659791546299	0	0	4	2	0	0	0	33	296	0	5	0	54298.842286274674	0.8633958870553753	1.126208404701929	24	0	0.1645218980334066	25001	-129.31722807722926	-230.701817646777	28.420052221266598	4060.3316692462695	-129.47419065289677	-230.65677277008513	28.400023145997153	69047.95701767973
1	27	0.0	0.26199121741649894	1.0589989867496759	0.12961576240044168	0.0	0.30814913864580706	1.1458888102358085	0.185185362972038	-1.0	0.0	0.0	1.0184230606189788	2.0629960248696837	4.1544573227229495	0.0	0.0	27001	-339.8051295648707	-75.53492835812787	103.83765146223536	039349_76	133	1	1	0	302	0.03599818027569979	0.10902905447863487	0	0.0	0	0.0	0.0	0.0	-1.0	0.0	0.0	194.73063221133324	0	0	3	1	0	0	0	33	326	0	4	0	49741.46118387075	1.0026161628342798	1.2980577874428667	28	0	0.18235453432731485	27000	-229.84269093206632	-222.82050635394884	104.3813119284305	4741.2792112975	-230.02435870638755	-222.8148561335973	104.39607915473994	50657.85113853778
1	75	0.0	0.22687374929223228	0.9307613799325245	0.11373937632313486	1.0	0.43319658702990405	1.3702882944332393	0.3190399722833073	-1.0	0.0	0.0	1.4350528103323568	1.93014913317675	0.0	0.0	0.0	75000	-55.979283740266055	-143.67718489897737	281.1700500320433	039349_76	9	1	1	0	270	0.11301042528115354	0.06898695840910647	0	0.0	0	0.0	0.0	0.0	-1.0	0.0	0.0	187.90436772015465	0	0	3	0	0	0	0	33	304	0	5	0	35652.2732580337	1.1052661413723768	1.4371593544070669	16	0	0.3686910049626704	75001	90.29227798044649	-180.8089195263258	214.21499999999884	644.8226259008748	90.62539113124171	-180.70889948074992	214.09266980589018	51162.8949336784
1	20	0.0	0.3266351858417505	1.1690083016532438	0.19488553959802832	0.0	0.3658569180457927	1.2175352199403808	0.22037298828308857	-1.0	0.0	0.0	0.4022329850883895	2.0629960248696904	6.968318207577534	0.0	0.0	20000	-234.82169914303608	-200.8276483221256	297.8876631670583	039349_77	132	1	1	0	255	0.0755692044622705	0.16335354167146743	0	0.0	0	0.0	0.0	0.0	-1.0	0.0	0.0	170.0706521010495	0	1	3	1	0	0	0	33	284	0	4	0	50684.3437996002	1.0332433231002365	1.3377098750155465	28	0	0.1439769135005041	20001	-323.4558267879503	-139.6806034753913	185.35833511202372	4389.373982707288	-323.3569955022259	-139.77464777488663	185.31231991545093	20386.914903759396
1	26	0.0	0.8761245280001401	2.121669868776684	0.6315546965874765	0.0	0.628882371845293	1.6938135236090555	0.4744444092159813	-1.0	0.0	0.0	1.6507994451668868	1.9148689413338549	3.9349782169285925	0.0	0.0	26001	-339.8247176591335	212.90651940711146	184.60983197194557	039349_77	110	1	1	0	471	0.09536548425688118	0.1102240255637369	0	0.0	0	0.0	0.0	0.0	-1.0	0.0	0.0	299.29378365966846	0	0	2	1	0	0	0	30	455	0	5	0	30745.052895744804	1.2493607766417505	1.6309220601830918	24	0	0.08032011729004829	26000	-61.39734944304077	238.51018206527843	219.80142691338887	3645.615524436129	-61.330767219453264	238.5384511237246	219.7665128892983	50753.91626192211
0	44	1.0	0.2985559803372974	1.1316598841815229	0.3482567956192041	0.0	0.3391297345407573	1.1318888571773824	0.33038687740032924	-1.0	0.0	0.0	0.0	0.0	0.0	0.0	4.124457957160659	44005	339.8155511490468	-67.99968421057818	156.89378189821122	039349_77	135	1	1	0	16	0.14614821283169338	0.2042448523100543	1	0.0	1	8.545680610736465	8.545680610736465	24.172086054860642	41.005227205878356	8.386264916373763	0.6498116285681006	6.519828155972751	0	0	1	0	0	1	1	0	12	1	5	0	0.0	0.6817948064918022	1.2960103822173696	28	1	1.557443560943807	44006	334.88460389622935	-67.30033937591843	165.7407542421824	4419.06857763346	335.0896143378779	-66.47421890577502	164.43648198028674	88832.00047459886
1	48	0.0	0.18644888772795587	0.8329212915079186	0.06572025945837398	0.0	0.23427053672039816	0.9046901114134552	0.09096111935405063	-1.0	0.0	0.0	0.44377568619617475	2.0111783596235893	0.0	0.0	0.0	48000	277.78733731273996	-328.2092471151529	226.3284106456087	039349_77	63	1	1	0	95	0.10772106127919379	0.19521769555958046	0	0.0	0	0.0	0.0	0.0	-1.0	0.0	0.0	58.901481001461676	0	0	1	0	0	0	0	33	99	0	4	0	63098.16231789337	0.8787707748793289	1.133156034138346	28	0	0.5055959365647691	48001	241.4641584872439	-287.31150448430594	213.19499999999888	2302.052597690416	241.29020823838687	-286.909161707839	212.94303005691387	28001.430280340748
1	52	1.0	9.653869213293373	16.686046569166212	8.690520966272235	1.0	3.8795038712123406	7.090486637052774	3.453762113515719	-1.0	0.0	0.0	9.678818077292375	2.071441180424499	7.216306445972904	0.0	0.0	52001	252.1691202618244	127.83421600499416	11.824828140204325	039349_77	113	1	1	0	18	0.4236208162474345	0.3289709916938683	1	0.0	1	7.700696564263969	7.700696564263969	10.011628831191405	43.03381446341123	4.201332946012776	0.9748723578766367	41.1282557402552	0	0	4	1	0	0	1	33	70	1	4	0	4598.652185792989	3.776741433439117	4.8978717436077845	16	0	0.45853405166368627	52013	244.9634092834237	122.95199820178448	16.336183519733883	3759.978754339094	244.81955371239155	122.79124266011146	16.740802732129374	44509.517907033274
1	63	0.0	0.4143567428346008	1.3233314430871108	0.26491790313679453	0.0	0.07457502267458985	0.6781653527326332	0.11376073035174004	-1.0	0.0	0.0	1.7747341823954619	1.9069093448486185	0.0	0.0	0.0	63004	339.87076936852645	195.76202675350405	167.55346852940804	039349_77	145	1	1	0	234	0.05171305054889119	0.07662778208847065	1	0.0	1	16.76166237682926	16.76166237682926	38.594829720541966	70.11914399730743	11.606405918921492	0.9363247516446721	154.53739637868986	0	0	1	0	0	0	1	33	259	1	5	0	60311.1840665446	0.784395920116459	1.015534429115202	24	0	0.8394305273956147	63003	232.76328982630417	184.95090559717903	273.9769906809696	4725.9860393952795	232.9208110703722	184.38944948209945	273.3731714209003	107036.31994364124
1	22	0.0	0.29272181166269257	1.1118061051705252	0.19833940410214776	1.0	0.7778964682982726	1.9498056097716407	0.6370455975654298	-1.0	0.0	0.0	1.3580943913156407	1.9769978773700025	12.384224451365998	0.0	0.0	22001	-182.15970047514708	-334.74465676629677	159.4258234871212	039349_78	42	1	0	0	255	0.09659128173232306	0.07495051229909644	1	0.0	1	6.994957051690344	6.994957051690344	9.939447371849566	11.24463358980961	4.175931569005597	1.0665691868839042	163.5055472706347	0	1	5	3	0	0	1	34	277	3	4	1	41529.96855901046	1.3877144459432875	1.7859916490070262	80	0	1.061346656142296	22005	-125.47373504963657	-333.61095889244405	293.85961781767577	1335.8152105007107	-125.0956393703384	-334.3717527387876	294.49577275569504	56401.617371507
1	26	0.0	1.4841889617975146	3.082521593762874	1.25370888030616	0.0	0.2234214674884733	0.7239046363688381	0.14455863845739306	-1.0	0.0	0.0	0.861566628503282	1.7895032750123214	4.782621381280267	0.0	0.0	26000	-310.52080110191446	-274.47714372758344	293.9264047623175	039349_79	75	1	1	0	224	0.13643391041915182	0.22252416933454466	0	0.0	0	0.0	0.0	0.0	-1.0	0.0	0.0	152.6274005880527	0	4	7	1	0	0	0	34	260	0	5	0	70390.2857156292	0.7912716027857288	1.0203527583773575	28	0	0.19579825768199133	26001	-259.9247288941503	-195.5990818052782	204.61233322256405	2180.5058650409082	-259.8678270615779	-195.41188650656233	204.60477946191867	60645.92114339738
1	29	0.0	0.6411591516544389	1.7017565546535165	0.4739366164485135	0.0	0.923321610856773	2.180743828366699	0.7163197551387027	-1.0	0.0	0.0	0.867565868623697	1.9170781186020327	34.67802965848439	0.0	0.0	29001	-238.77208153719866	307.81663227875254	1.3381982439485318	039349_79	94	1	0	0	302	0.10544283840010737	0.1596977937280354	0	0.0	0	0.0	0.0	0.0	-1.0	0.0	0.0	191.53490749579197	0	2	11	7	0	0	0	29	320	0	5	0	49790.96592961585	1.4642606447086648	1.923142498010055	92	0	2.1880182596646245	29000	-336.1686396420348	168.5120058423479	25.92571206094429	2850.3809603374707	-337.85685996680814	167.26547629440358	26.54498593068999	43196.942606340075
1	71	0.0	0.6052639176677219	1.6507118781653525	0.4566933919980135	0.0	1.0769750163428864	2.448037321524848	0.8379352045707196	-1.0	0.0	0.0	0.851343819912095	1.8899346215303108	8.457363896752517	0.0	0.0	71008	333.14944997854104	263.6427606733329	31.65036431001696	039349_79	118	1	1	0	463	0.0380700562075893	0.13286091226970076	0	0.0	0	0.0	0.0	0.0	-1.0	0.0	0.0	297.8116640131876	0	0	5	2	0	0	0	27	493	0	5	0	30073.983956712855	1.5750409063138997	2.0843342053229077	28	0	0.12723612293720707	71000	73.35733247283015	231.5092421927828	101.20431410314998	3535.337752228679	73.4783587056371	231.49119622700027	101.16944255211445	25603.30038168298
1	4	0.0	0.5936024405366286	1.6259424754178236	0.42881929368569105	0.0	0.26662355049827197	0.9980429627094527	0.1548979929349647	-1.0	0.0	0.0	0.1757067561682813	1.7085249409547982	6.092717211956559	0.0	0.0	4001	-96.31214107015649	-319.33508183443683	1.575993778049719	039349_7	65	1	1	0	325	0.11986553948462486	0.19076538877097549	0	0.0	0	0.0	0.0	0.0	-1.0	0.0	0.0	209.0949232691468	0	1	3	1	0	0	0	34	347	1	3	0	58391.56865213363	0.9498310091190735	1.1920644015669022	28	0	0.3823808927083799	4000	-207.5651303824571	-177.37510478976304	92.68480285562082	2500.1934744377695	-207.21245696832335	-177.50361849458733	92.75774692833423	10259.793115443901
1	29	0.0	0.2643296186311319	1.0506176662460798	0.12358241931580476	0.0	0.13764175698622091	0.8069211555774436	0.03609798397812284	-1.0	0.0	0.0	0.37989258356174077	1.9829396487691757	6.194206435663547	0.0	2.1642763096622906	29000	-330.9935139575632	229.75315551402406	192.3076821468462	039349_7	93	1	1	0	588	0.04700874028178481	0.11297401838928423	2	0.0	0	2.1642763096622906	0.0	0.0	-1.0	0.0	0.0	378.36286684381264	0	0	4	1	0	1	0	33	632	0	4	0	67095.92480403854	0.8446766983226716	1.0859849272529392	28	0	1.1303954590515357	29001	-20.56656393092453	101.77834043471405	56.90825532066994	3300.611725158959	-19.44246296917256	101.75470669899582	57.02501305347008	25489.244220270488
1	56	0.0	0.3544744039797861	1.2310499228301728	0.22597291436620265	0.0	0.30395463878465456	1.1395562575831304	0.17623531065946196	-1.0	0.0	0.0	1.0445729225698586	1.9069093448486192	0.0	0.0	0.0	56001	313.9065248757505	31.609742302237436	1.378328237054515	039349_7	118	1	1	0	391	0.02475757907711096	0.1068743363940885	0	0.0	0	0.0	0.0	0.0	-1.0	0.0	0.0	252.81104519839124	0	0	3	0	0	0	0	33	423	0	5	0	52501.20660245254	0.999771314655326	1.294374645808343	28	0	0.6878661581516556	56000	91.9088294276794	32.69103257751993	91.15320473879127	3747.7284521083943	91.22422028404621	32.64803189028908	91.20440154417831	54841.3388191678
1	57	0.0	0.7595192495889814	1.8851018252924232	0.6031796523567324	0.0	0.1659605198727182	0.8455887314997766	0.10152129530126314	-1.0	0.0	0.0	1.0731375808541375	1.9070565185992223	10.69701616278724	0.0	7.064288838423051	57001	159.6287502876713	57.35101181507601	7.152687861715823	039349_7	118	1	1	0	136	0.08981831429301726	0.13189218701763816	1	0.0	1	5.329489243453525	5.329489243453525	6.769305249513946	6.195831455470113	3.000000000000005	1.1063062107878219	91.56458716674337	0	5	8	2	0	2	1	34	158	1	5	0	45296.26822837883	0.8577730213241863	1.1119357478319405	28	0	0.11314975929028326	57027	95.97937081523426	85.61420676978238	35.714025668540366	3747.7284521083943	95.90380375173817	85.55266165331116	35.771512063283545	48609.12770832259
1	63	0.0	0.311822278394182	1.1559555640230166	0.061017850725865644	0.0	0.2803527145179918	1.1367875466572916	0.101516249295871	-1.0	0.0	0.0	1.5840672144391446	1.831315937427653	0.0	0.0	0.0	63001	296.2511608991961	324.80673650396415	1.438860221844894	039349_7	165	1	1	0	39	0.05429997291944355	0.07684468449296378	0	0.0	0	0.0	0.0	0.0	-1.0	0.0	0.0	23.877422463932522	0	0	1	0	0	0	0	17	41	0	4	0	52394.31867289133	0.9148127451963933	1.2817317655906393	24	1	0.15150530049604524	63000	278.33393801900127	322.4859925879584	16.15384014918651	5021.356931757679	278.23147906848067	322.51003521048136	16.26282625765372	82996.12243260382
1	65	0.0	0.5939044404330908	1.6211812404187773	0.432936445688145	1.0	0.9518468794891862	2.2273287195323395	0.7987107933513976	-1.0	0.0	0.0	1.851284251805499	2.0617873012798964	0.0	0.0	0.0	65001	327.52783168657913	170.7249159654484	4.825588762709129	039349_7	62	1	1	0	162	0.21080111998309192	0.12343364892722392	0	0.0	0	0.0	0.0	0.0	-1.0	0.0	0.0	118.06162941424061	0	0	1	0	0	0	0	33	196	0	4	0	31625.3559498742	1.5071579880543904	1.9567796238411534	16	0	0.3455013545208451	65000	238.65942606634067	167.9250936613921	52.498220037845634	2389.4563419973797	238.3374846028011	167.92386793805719	52.623612930914035	58547.523427745444
1	67	0.0	1.173436179175119	2.590133726991948	0.9615870776781288	1.0	0.0843916522349002	0.7800402716561782	0.12420190887823722	-1.0	0.0	0.0	1.8985712395073986	1.9470924858811751	0.0	0.0	0.0	67000	337.59128308338956	28.471152571387886	297.3449999999973	039349_7	154	1	1	1	83	0.0981712421051611	0.04650624242873168	1	1.2917861915299116	1	7.61211226878819	7.61211226878819	24.127981340278247	68.64494291418715	7.083359091355682	0.3744391037638484	57.95371934798718	0	0	4	0	0	0	2	34	99	1	4	0	50770.01661186327	0.8367213197314703	1.0764011228839125	0	0	0.168454847428518	67004	293.2503621249265	15.421106408729944	282.6947374736844	4649.550099534618	293.11241476817065	15.517692843571211	282.6904220373336	96390.49336859646
1	27	0.0	0.9602514571393894	2.238610097654899	0.7748236322652697	0.0	0.9600715003953526	2.2417758436363457	0.7715692866877041	-1.0	0.0	0.0	0.44037928281118327	1.6927582178310703	0.0	0.0	0.0	27001	-148.4736274901032	2.5517281757960295	10.720175516329636	039349_80	84	1	1	0	55	0.07921089520285662	0.15092883327136264	0	0.0	0	0.0	0.0	0.0	-1.0	0.0	0.0	34.89848697672661	0	0	1	0	0	0	0	17	59	0	5	0	45811.51564500751	1.5275559942097459	1.977672734198343	28	1	0.1700134639930469	27000	-123.88608483027181	18.762868027576346	23.294999998956662	3114.865459254256	-123.71609599234516	18.765761627155282	23.29499913815483	20174.44240424171
1	48	1.0	4.2866079795580925	7.762954263678371	3.739248799069774	1.0	7.229289992834596	12.65319162399511	6.505929318018752	-1.0	0.0	0.0	5.4724131852903035	1.9069093448486247	0.0	0.0	0.0	48002	196.09283143164453	-328.17012323610805	88.82836113751986	039349_80	107	1	1	0	92	0.425904086227781	0.3292881849122219	0	0.0	0	0.0	0.0	0.0	-1.0	0.0	0.0	54.4330313819514	0	1	2	0	0	0	0	33	93	0	5	0	3420.7048706568326	6.392909554644365	8.2767128033978	16	0	1.2245434002516216	48000	194.0382938339988	-274.27946414324396	89.49791261976992	3834.5587753288914	194.28253145001926	-275.4793753720983	89.50613264956215	18719.510437169214
1	56	0.0	0.3606830385315144	1.2220888456041337	0.22059261194405597	0.0	0.4837993838293175	1.4445217396497592	0.34556210010490856	-1.0	0.0	0.0	1.4298097767406877	2.040339420447353	13.100960019563894	0.0	0.0	56002	247.54017103468695	72.85895706546475	298.1868545922464	039349_80	91	1	1	0	538	0.056714414888253184	0.13008282848285596	0	0.0	0	0.0	0.0	0.0	-1.0	0.0	0.0	353.13153925153017	0	0	5	3	0	0	0	34	588	0	4	0	42286.91998819189	1.141433730892834	1.4763700049818114	24	0	0.18152838630030227	56001	23.255999124068854	-127.5550352548378	151.53388958001707	3309.5191468717335	23.15835745693987	-127.66152238032949	151.42398438460947	60462.251627367965
1	63	0.0	0.4201422788818282	1.327655043030052	0.27218313362645347	0.0	0.2524255243859616	1.052568232756005	0.1417188454238621	-1.0	0.0	0.0	1.3629780297251783	1.9069093448486192	0.0	0.0	1.518126127331544	63001	339.80030205155765	287.3718547642415	116.92555867715262	039349_80	75	1	1	0	399	0.044885240089367784	0.09922151682834834	1	6.283827175969366	1	10.315078626754024	10.315078626754024	30.786674937971902	40.269283981120054	3.6745903291841637	0.6045737136618842	246.488825271386	0	0	2	0	0	1	2	33	413	2	5	0	57741.56668696429	0.9589858858460738	1.2415709454067994	24	0	1.2099543670533646	63002	149.62777502214385	163.24652518451518	184.63614804415403	2885.7603928249027	148.65521299376178	162.73973099723818	184.1249999999994	78700.48679624358
1	70	0.0	0.4043851726970025	1.314840856159168	0.2581675256980712	0.0	0.1324093462717294	0.6131506197708821	0.13471348334667482	-1.0	0.0	0.0	1.017494877509492	1.90674867740527	5.756464205345019	0.0	0.0	70001	76.55605827763094	-332.84721151418677	96.11398140898687	039349_80	41	1	1	0	455	0.032765878372310375	0.13033551362458728	0	0.0	0	0.0	0.0	0.0	-1.0	0.0	0.0	299.56557053387394	0	0	3	1	0	0	0	34	485	0	5	0	66877.83115174412	0.7459559348845062	0.9690477167997426	28	0	1.6292375567080324	70000	-135.10882989597025	-165.92983557511107	203.06906870193308	2002.7273875707779	-133.50804263854582	-166.113249570206	202.82770905522534	68047.85061584438
1	14	0.0	0.33953770770712427	1.2028762718101795	0.2136497659930399	0.0	0.23849777246007797	1.0009911488528689	0.0870528742875979	-1.0	0.0	0.0	0.8622638951321385	1.9787319196587183	7.1469326934518325	0.0	0.0	14000	-339.74368256610103	-25.621997508552056	107.44174274814756	039349_81	113	1	1	0	288	0.029417776258322204	0.1322175649618227	0	0.0	0	0.0	0.0	0.0	-1.0	0.0	0.0	190.01204318050242	0	0	3	1	0	0	0	34	316	0	5	0	53821.11433707645	0.9245551748213571	1.2088918328278169	28	0	1.6459971708205035	14001	-178.30085589301055	52.139390343410284	94.6919167141076	4419.012284411731	-176.6598837555002	52.014260791014465	94.66259564009783	46408.00368863972
1	21	0.0	1.3434220615359478	2.834010652154314	1.130968601199226	0.0	0.28745239750240165	1.1075477287708555	0.15712621663624765	-1.0	0.0	0.0	0.9187479864328264	1.9069093448486192	6.821476980330445	0.0	0.0	21005	-333.92832597638454	-1.1796667482548098	6.3987498294788425	039349_81	108	1	1	0	436	0.01536922675097685	0.1118027675776031	0	0.0	0	0.0	0.0	0.0	-1.0	0.0	0.0	299.63334183906915	0	1	6	2	0	0	0	33	496	0	5	0	56206.696586964346	0.9845919531895582	1.2747223710002549	28	0	0.43807607540576676	21000	-150.3249442137806	-166.66173252126447	83.32441911517083	4268.932278431136	-150.42064082204428	-167.08906025481227	83.31242681969992	51639.78931331431
1	25	0.0	0.6954871938788582	1.7905484370768052	0.5509357494004322	0.0	0.3146455069302414	1.1049807416939517	0.17446133043065243	-1.0	0.0	0.0	0.3232956570722357	1.932918751246319	6.060764391859582	0.0	0.0	25000	-317.26136222930876	-326.6678659352175	145.20252309562892	039349_81	72	1	1	0	138	0.0962330839368769	0.18381893102690072	0	0.0	0	0.0	0.0	0.0	-1.0	0.0	0.0	84.30629619483923	0	0	2	1	0	0	0	35	141	0	4	0	50958.59516846897	0.9876459891749999	1.2645867865765286	28	0	0.5101245196353867	25001	-238.36263302767352	-311.41172654146595	137.02742027726407	2922.489349447466	-238.8574400388959	-311.5352641792182	137.0388875889366	16474.69250846823
1	41	0.0	0.21505260520637778	0.9314235181828524	0.07771775331714156	0.0	0.08998117461540227	0.6692491535104421	0.12896573320674481	-1.0	0.0	0.0	2.8472845233147517	1.8313159374276502	0.0	0.0	0.0	41001	274.21357967203477	-7.053542219754162	5.489363273519916	039349_81	129	1	1	0	59	0.07824126950516508	0.0919696020066596	1	0.0	1	4.313951181712344	4.313951181712344	2.5683418650438976	28.353165890023604	1.2000000000000217	0.8933325476176761	37.65238612980415	0	0	1	0	0	0	1	17	64	1	4	0	54136.701807826445	0.7783501433619592	1.0077071389834178	24	1	0.7849607224099426	41003	245.19153261943876	-14.596715850219283	23.466223623893704	4871.88368601269	245.30805824926628	-15.372749560174864	23.48511262419047	154142.59320072999
1	44	0.0	0.24805736015293947	1.0320243563520992	0.11315643223931934	0.0	0.35357984217908256	1.145555953555677	0.12176363176897949	-1.0	0.0	0.0	2.3078473233324144	1.847266062603833	0.0	0.0	0.0	44005	339.6565876647128	-21.131278407461394	12.17526588727308	039349_81	134	1	1	0	224	0.13094910113065883	0.23417783053045915	0	0.0	0	0.0	0.0	0.0	-1.0	0.0	0.0	153.93706277350458	0	0	2	0	0	0	0	21	246	0	4	0	23446.851610884925	0.9279512712750908	1.2779608552889026	24	0	0.5143621654335402	44000	280.8136031846775	4.28826358201688	142.99084325826527	5121.788954505442	280.7626943174103	4.674650055003355	143.32652497947768	54111.75373075309
1	51	0.0	0.2873419467478936	1.0431788030327722	0.15101369173663265	0.0	0.3383512940512545	1.2036868028844623	0.21282576508303833	-1.0	0.0	0.0	1.0928193508652095	1.9096239395010304	6.185910386948021	0.0	4.600483043135885	51000	339.3823572576495	-4.642265331489255	222.43912920197954	039349_81	134	1	1	0	109	0.02296153347455543	0.09732632067610902	1	0.0	1	2.493456335217952	2.493456335217952	1.1667861614628627	16.382233808868108	0.5096374188992361	1.5438176730963988	71.60276484523791	0	0	3	2	0	1	1	34	119	1	5	0	49007.50008413757	1.0302863290878963	1.3338815414543885	28	0	0.258045542966602	51009	283.0828909966636	21.502411817653584	213.66750904747852	5121.788954505442	282.840434356099	21.561038189448066	213.73357892125836	53556.344429473924
0	54	1.0	8.383753268326872	14.505715157403577	3.815301805433736	0.0	8.623682363472414	14.82042817577064	3.7899190252228943	-1.0	0.0	0.0	0.0	0.0	0.0	0.0	0.0	54000	64.4078780814442	-333.06821763533134	278.7609529073252	039349_81	55	1	0	0	105	0.2688138253154959	0.3188409485636322	0	0.0	0	0.0	0.0	0.0	-1.0	0.0	0.0	5.170351392215921	0	0	1	0	0	0	0	0	10	2	4	0	0.0	4.798079307782659	9.808971311914705	94	1	36.56245581471329	54008	54.25852036357951	-333.45754873255703	277.9428256694353	2350.0087243765524	32.94026578792989	-315.06885562204695	254.61470609802245	2742.2029640871433
1	56	0.0	0.6306455032545679	1.6908525155931367	0.4742074479379096	0.0	0.14535717445333818	0.8835662984275781	0.0848024433603964	-1.0	0.0	0.0	1.5572352225161705	1.9427960748481332	0.0	0.0	0.0	56000	339.6183984141825	-272.7721445304747	206.05526315613923	039349_81	96	1	1	0	127	0.05860826501004901	0.059905121035663034	0	0.0	0	0.0	0.0	0.0	-1.0	0.0	0.0	80.25110695579907	0	0	1	0	0	0	0	33	135	0	5	0	53302.50922526657	0.8764722338189839	1.141474938586879	24	0	0.30202267446836667	56001	264.6249352927513	-262.20397619716016	191.2643889353266	3650.7667443622327	264.9266269850219	-262.1898405260989	191.26442781425936	83004.54481407822
0	20	0.0	1.5139977246436584	3.211191025323116	0.5582479720754074	1.0	1.917805582307292	3.801314860312508	0.4997479600178289	-1.0	0.0	0.0	0.0	0.0	0.0	0.0	0.0	20005	-314.1897646257334	-88.63133646668896	292.34461457320907	039349_82	109	1	1	0	29	0.16268694588677207	0.07272552604919674	0	0.0	0	0.0	0.0	0.0	-1.0	0.0	0.0	6.876555045975822	0	0	1	0	0	0	0	0	9	0	4	0	0.0	1.4651221841103381	2.9787079335255613	276	1	0.2476801262454314	20001	-305.5076736315387	-82.40841534862015	286.0343616059151	4067.8126915357666	-305.5372637786648	-82.65144952774963	285.9968882032825	49525.9180531334
1	25	0.0	0.5676110045126146	1.5565100748308918	0.39987314158462717	0.0	0.23767561865632544	0.996965614641971	0.09652409808780571	-1.0	0.0	0.0	0.6813885399405003	2.062996024869681	0.0	0.0	0.0	25002	-292.5992761467225	-34.85292092017258	0.8478207225632671	039349_82	136	1	1	0	157	0.054187691888787415	0.13597169991896235	0	0.0	0	0.0	0.0	0.0	-1.0	0.0	0.0	99.55249615914104	0	0	1	0	0	0	0	33	167	1	4	0	58452.72715466291	0.9306043505532902	1.204826202730561	28	0	0.7549788130569526	25003	-216.51402348810052	-73.8483187579484	40.50846263614001	4594.160208073451	-215.89476019520242	-73.48539854032475	40.274379535780525	39829.0184114562
1	41	0.0	0.5106429610944632	1.4998876741900011	0.383812665353711	1.0	0.11940578336470867	0.4704185809760325	0.23259133006152313	-1.0	0.0	0.0	1.6122960908366832	1.906909344848619	0.0	0.0	0.0	41001	338.1327790025015	-22.18370889502303	109.78853802176154	039349_82	129	1	1	1	314	0.10018075599922605	0.03049586274418059	0	0.0	0	0.0	0.0	0.0	-1.0	0.0	0.0	204.28635376955754	0	0	1	0	0	0	0	33	341	0	5	0	64932.74103208941	0.6880410158395694	0.8907865560095475	0	0	0.6191153642414106	41000	208.4213984813041	-96.41013903797008	237.21139981114788	4441.2835543274405	208.77657350077362	-96.02145544887023	236.88570116615674	104690.80453334846
1	48	0.0	0.481850631737368	1.4391201830569187	0.3490362409593741	1.0	0.03677028481866564	0.6375766113338628	0.14320586575793137	-1.0	0.0	0.0	1.7503581279367555	1.9069093448486192	12.672378757901106	0.0	0.0	48000	339.6979137555515	127.76638105015891	238.5984695048143	039349_82	85	1	1	1	412	0.07343168259826593	0.03725907917867599	1	8.40369929824262	1	20.911791957335197	20.911791957335197	33.2499848338593	20.4338996750362	2.096346589723704	1.3017821520722987	255.49707549621667	0	0	3	2	0	0	2	33	429	1	5	0	59703.813339285945	0.7665178360618574	0.9923881971952703	0	0	0.2441799090757995	48012	127.68302759771093	31.507077223016353	169.8524633328663	3175.594638968338	127.55512381394445	31.550665072380887	170.0558460988084	104503.05494723804
1	52	0.0	0.4514046775449983	1.3947229486939885	0.313872725471095	1.0	0.6661397318245803	1.7666226071400588	0.5533577274382504	-1.0	0.0	0.0	1.3875285594460651	1.939646903271972	0.0	0.0	0.0	52000	339.3338886359546	74.11775599125372	77.08991306549078	039349_82	143	1	1	0	156	0.17860397454357785	0.08713151321923601	0	0.0	0	0.0	0.0	0.0	-1.0	0.0	0.0	103.27366696042232	0	2	3	0	0	0	0	33	172	0	4	0	40244.27273520512	1.2920881516541893	1.6645686786199434	16	0	0.2546187849073168	52001	261.8518129025421	60.2343881626943	33.68445178388865	4913.754962668622	261.65594087194097	60.16353719540823	33.538010622699275	55840.077774233716
1	54	0.0	0.21151227575799	0.9440949845941718	0.24883487187001804	0.0	0.1783999080489838	0.9520535296914335	0.26335130797098244	-1.0	0.0	0.0	1.2811060218303665	1.6048281415937302	0.0	0.0	0.0	54000	339.71610950292313	312.7190332131537	218.3205481395376	039349_82	67	1	1	0	19	0.04799045622588266	0.08200218280475535	0	0.0	0	0.0	0.0	0.0	-1.0	0.0	0.0	11.251189315757992	0	0	1	0	0	0	0	3	20	1	5	0	69836.16652889209	0.6991992987568103	1.1769985507570826	24	1	0.45106404926059274	54002	331.3186231925321	315.401653042836	225.92547453710785	2457.8097339684864	330.93508223697563	315.2939154309185	226.13701110350843	89467.53348171194
1	60	0.0	0.37999168780306636	1.269481887372373	0.2524455654897295	0.0	0.26668215193725137	1.0594761472382124	0.16773827581942546	-1.0	0.0	0.0	0.41251087286441157	1.898581862022514	0.0	0.0	0.0	60001	202.8765814224916	242.31995203726734	1.181278669785563	039349_82	80	1	1	0	666	0.09983965867487743	0.13218274439969546	0	0.0	0	0.0	0.0	0.0	-1.0	0.0	0.0	451.0905547474573	0	1	5	0	0	0	0	30	735	0	5	0	59983.065938136904	0.9492818989266857	1.2421645335893714	28	0	1.1627124714839834	60002	-129.89047636647302	-20.446308576758984	71.45371353691574	2757.2346820577427	-130.03895445043707	-19.296809577927625	71.36148229702134	24743.666887224408
1	23	0.0	0.4189787359798094	1.32481357620774	0.27553180007770306	0.0	0.39227021996925404	1.2495821095091169	0.23511482361507682	-1.0	0.0	0.0	0.6063668457389162	1.9069093448486196	17.19820525749587	0.0	0.0	23022	-22.337410852691676	-257.669617328238	1.894186489318633	039349_83	57	1	1	0	339	0.09002829721321037	0.18729551825330792	1	0.0	1	1.3431042054889848	1.3431042054889848	1.8032152266046304	46.9601117644047	0.8293195796783956	0.6742311694650387	214.4025416926167	0	0	4	3	0	0	1	33	361	1	5	0	60463.21633870715	1.0468809453403267	1.3553661051933141	28	0	0.6970708140132804	23002	-212.70858608197818	-236.39276165271764	58.70471222368993	2456.9920117244983	-213.25780974527044	-236.0895675076913	58.400846467391624	36662.889774531555
1	49	0.0	0.5881450714063993	1.6343399889115435	0.46123079643990683	0.0	0.46476932136321886	1.400127809631615	0.32188166319332867	-1.0	0.0	0.0	0.7153932323333636	2.0603079755017677	15.874755184210292	0.0	0.0	49002	213.9843580501386	-325.80822776912896	1.0331434751109305	039349_83	118	1	1	0	124	0.07722047744727856	0.15025276641122742	0	0.0	0	0.0	0.0	0.0	-1.0	0.0	0.0	77.01331713320852	0	0	3	3	0	0	0	34	131	0	4	0	56997.800757446865	1.122734656235998	1.4500197423149848	28	0	1.981232489826813	49000	168.83272125222163	-277.6050275677111	34.627788575133856	4195.455962377103	167.3404514459609	-277.0902006339413	35.82502131455135	40775.84091976295
0	53	0.0	0.272547695014552	1.10819738805509	0.1841829358104163	0.0	5.541970512210717	9.411801384572142	4.849515361318103	-1.0	0.0	0.0	0.0	0.0	5.943558235492778	0.0	0.7784088527654456	53000	51.51406260515025	-218.09683808410713	30.300973737929077	039349_83	57	1	0	0	272	0.14717934767909646	0.28687627105148217	2	0.0	0	0.7784088527654456	0.0	0.0	-1.0	0.0	0.0	174.37563461262104	0	1	5	2	0	1	0	15	228	0	2	0	11663.86875853226	4.97467283726682	6.606827960561609	92	0	0.2028768446336075	53001	205.542443174253	-248.45206200873145	3.994472353213117	2456.9920117244983	205.34699275436793	-248.39767376299514	3.99472960981973	4756.867230958678
1	60	0.0	0.8531128004610947	2.0703393750822214	0.6880583981453452	1.0	0.23766892801951414	1.0523614633993144	0.17132471988104053	-1.0	0.0	0.0	1.8535911449538667	1.9415498646347402	0.0	0.0	0.0	60000	339.900955461415	-76.76546008625432	233.31972922455626	039349_83	93	1	1	0	272	0.09510564594573223	0.02637609903253446	1	8.220638758617687	1	30.353092706391077	30.353092706391077	62.02363351040136	32.6413069435616	8.103986722525821	1.0083343289027853	179.0053646515079	0	0	2	0	0	0	3	33	297	1	5	0	44961.45629493349	0.9561359359794099	1.2449659695515043	16	0	0.3169888145423721	60003	174.99017007319972	-68.77077380214705	226.97511104107247	3542.252619240247	175.13255411030684	-69.05275805710386	226.94877523885367	83340.157252519
1	68	0.0	0.7431107326053461	1.8734188007871506	0.5883843678489644	0.0	0.6577349665082465	1.736591023680768	0.5156028011971842	-1.0	0.0	0.0	0.6106979834942325	1.8947548446995395	5.895529672786969	0.0	0.0	68000	127.10446928852143	34.3099189679243	297.8566876588607	039349_83	62	1	1	0	98	0.08870192710360159	0.1570746334241624	0	0.0	0	0.0	0.0	0.0	-1.0	0.0	0.0	67.24123650073751	0	0	4	1	0	0	0	34	115	0	4	0	48785.32171079656	1.2717394793665961	1.6235027667890145	28	0	0.01899063233338478	68001	173.47733979624073	24.200430363217517	267.60612905574715	2568.5147822851823	173.47733979624073	24.21936597792001	267.6075735668272	29793.097592900864
1	71	0.0	0.9614479610963335	2.2520898949822032	0.8075863436860011	0.0	0.7090233887369792	1.8174833132700137	0.525277116795483	-1.0	0.0	0.0	0.7422863175362958	1.9040176195592118	7.960233201834704	0.0	0.0	71020	337.9147173185919	335.73794652849267	297.61794177666684	039349_83	138	1	1	0	154	0.046526519378915165	0.14113451588939585	0	0.0	0	0.0	0.0	0.0	-1.0	0.0	0.0	111.12058852522891	0	2	8	1	0	0	0	34	190	0	4	0	40288.588912389474	1.3031022311542584	1.7057864006079937	28	0	0.034983691889983085	71001	252.46802548264859	322.83796738895524	271.97985170906543	4736.706996706452	252.45531126900806	322.8406423054345	272.0123332775556	29905.66830251122
1	19	0.0	0.3165182968421605	1.1770996094548147	0.21364080891032056	0.0	0.1808737168397912	0.7631660923254676	0.07127865688966732	-1.0	0.0	0.0	0.9497143508489623	1.9069093448486192	5.984832707014191	0.0	0.0	19001	-339.8301934570571	-252.03376777340208	127.35819703890334	039349_8	85	1	1	0	567	0.08236411354428164	0.1770059583542789	0	0.0	0	0.0	0.0	0.0	-1.0	0.0	0.0	374.83446427962673	0	0	2	1	0	0	0	33	625	0	5	0	64572.42462132408	0.8155848739463123	1.0559138543646316	28	0	0.38340697324514167	19000	-32.237239769746886	-110.63084282611676	251.97268075662487	3319.405382157012	-32.561688469938076	-110.44548850211804	251.8867870860069	61325.358331984346
1	51	1.0	0.976655799462952	2.259310342497398	0.8641039930416816	1.0	1.7537390814591831	3.560861684668189	1.5030504424485713	-1.0	0.0	0.0	3.9263787087554975	1.8938915476188272	6.120479031392796	0.0	0.6548926826722132	51013	106.77356876904487	171.54303586357713	4.988441215409618	039349_8	63	1	1	0	144	0.24881694337066473	0.14860693016307724	2	0.0	0	0.6548926826722132	0.0	0.0	-1.0	0.0	0.0	121.02389988725125	0	4	12	1	0	1	0	34	193	0	4	0	15258.966706927135	2.1269266856004125	2.7636526697861385	16	0	0.1327463220110535	51015	109.2096432531333	119.51613687927154	26.55881241135366	2628.9617802109674	109.33096122309985	119.48605240327224	26.5141082675356	59912.48199568769
1	52	0.0	0.33373957982259883	1.203696545759174	0.215237775394705	0.0	0.18765991134188073	0.9320668313236572	0.06661474107073707	-1.0	0.0	0.0	0.9552453588776239	2.0355275824763983	3.351459803916927	0.0	0.0	52000	290.3303847922724	126.93524010993409	298.1500988970421	039349_8	98	1	1	0	508	0.017523474463330302	0.1009714693485731	0	0.0	0	0.0	0.0	0.0	-1.0	0.0	0.0	326.20530733223285	0	0	3	1	0	0	0	34	547	0	4	0	58337.0506663268	0.9036539227312818	1.1668075973040346	28	0	0.20716088090322984	52006	105.12210278192507	30.97548064400304	71.18605052700842	3749.783924964283	105.25393314676231	30.942376804727804	71.3423851722689	55726.19689961747
1	53	0.0	0.49492858049947114	1.4632864513433292	0.34983450415470163	1.0	0.052916713532986354	0.5822630746997165	0.18441545544668891	-1.0	0.0	0.0	2.1211823419516422	1.9069093448486307	0.0	0.0	0.0	53001	339.86445132193916	89.39601879630878	101.22409314464639	039349_8	108	1	1	1	324	0.103633594600401	0.022559639739469173	0	0.0	0	0.0	0.0	0.0	-1.0	0.0	0.0	205.69414732566844	0	0	2	0	0	0	0	33	344	0	5	0	53495.00881912945	0.7410114199730481	0.9593657871632598	0	0	0.4019280935813154	53000	204.65438852522982	10.347531111140068	217.52523002087324	3918.047432078977	204.39811395609271	10.083437903309362	217.686860201227	113472.66808968475
1	54	0.0	0.424357999448545	1.3546935307911148	0.2947846470543278	1.0	0.09033554239569953	0.5170478259135004	0.20101053285152654	-1.0	0.0	0.0	1.5615386934410693	1.9069093448486194	0.0	0.0	0.0	54001	205.76156178576417	127.21393293109024	1.2554238548278827	039349_8	46	1	1	1	165	0.08200391134347507	0.027560816357217743	1	0.0	1	13.564545942879246	13.564545942879246	6.50843869271902	78.22080649484712	2.897334635169307	1.9401042273230937	105.56021825007477	0	0	1	0	0	0	1	33	177	1	5	0	63477.157548684474	0.710051336635854	0.919282673838894	0	0	0.47596324429803466	54003	144.69508807283603	149.90680207421414	79.48384491551808	1944.5149574361799	144.73282624471804	150.30043103886345	79.21894289873674	99122.03766192567
1	55	0.0	0.617933366990022	1.6488819328284505	0.456813900577244	0.0	0.5136221398214511	1.4836833307264305	0.35482263935046493	-1.0	0.0	0.0	0.9140201963330226	1.9270545627832385	0.0	0.0	0.0	55000	339.89120193050854	241.7744965868107	116.16290952838808	039349_8	137	1	1	0	114	0.05236932991112575	0.15177201900078063	0	0.0	0	0.0	0.0	0.0	-1.0	0.0	0.0	73.11644430201441	0	0	1	0	0	0	0	33	123	0	5	0	47250.39379667933	1.156126082435857	1.5017485048421675	28	0	0.1908538001622166	55001	276.5399717723763	230.00919304109394	88.94298438560648	4924.252012211041	276.418552879295	230.08479609298016	88.81662456610374	43187.814214853475
1	19	0.0	0.1990584375993967	0.840395696707416	0.10095683680900064	0.0	0.25614917781780594	0.8152158823420388	0.12797649763209248	-1.0	0.0	0.0	0.5874017545772975	1.7862871422526738	0.0	0.0	0.0	19000	-137.43045442360057	-329.5105735886909	61.664022313956856	039349_9	72	1	1	0	50	0.15105836401396067	0.24713619734660608	0	0.0	0	0.0	0.0	0.0	-1.0	0.0	0.0	39.74377705734722	0	1	2	0	0	0	0	17	67	0	4	0	82478.95212334929	0.8307788657208864	1.0703405246712487	28	1	0.10938404031644218	19002	-161.95674436931333	-311.72356767251205	51.85575513965707	2304.494654085987	-162.05516699708124	-311.76994796491886	51.867012274970456	48448.28119295229
1	20	0.0	0.20419557146571193	0.9590305378755151	0.10579061817337734	1.0	0.16906260892779693	0.927425513659937	0.1332255190861199	-1.0	0.0	0.0	1.3171902453014894	1.9075168596940537	17.377366967144447	0.0	0.0	20001	-339.68404063001117	-230.79261797656054	7.996934205550916	039349_9	128	1	1	0	290	0.09993532428834151	0.06008907720669021	0	0.0	0	0.0	0.0	0.0	-1.0	0.0	0.0	191.32360040018443	0	0	5	4	0	0	0	33	318	0	5	0	58977.36638341456	0.9008647180860364	1.1636299048000882	16	0	1.3753978861879095	20000	-195.29547851187743	-324.5390299656468	53.36072935985627	4420.257558216206	-196.57568298413224	-324.3829641074053	52.88277611691262	77684.41169380564
1	47	0.0	0.5263516633933556	1.5006018565606347	0.3704162298979081	1.0	0.08190942556100785	0.7657023426061121	0.10772583233815032	-1.0	0.0	0.0	1.8148026308409062	1.906909344848619	0.0	0.0	7.020235385668105	47000	305.69393852969955	-195.91601891144325	298.30455980891827	039349_9	74	1	1	1	356	0.07813600966972872	0.0552513970123103	1	5.159165779150256	1	9.952665373993495	9.952665373993495	19.423225821369478	43.17334735335845	1.971217450794006	0.8177010745365523	230.99999999999986	0	0	1	0	0	2	2	33	386	1	5	0	57947.58328741894	0.8263403644973373	1.0698386730390679	0	0	0.6861604808366899	47009	119.36823508042198	-291.085710115831	240.09447741029612	2426.8149124703746	118.77122377401015	-290.76670393808456	240.20685518406867	105163.42660088041
1	55	0.0	0.3472595392082084	1.211793623694175	0.21292406464560376	0.0	0.16349759256654436	0.9166749272601147	0.0987917536835586	-1.0	0.0	0.0	1.5022016035338464	1.856814279459329	0.0	0.0	18.096641093907607	55000	220.74949440335718	256.26218473715664	298.3504782536632	039349_9	65	1	1	0	202	0.0616757454358996	0.05764001044144196	1	0.0	1	11.956896328397391	11.956896328397391	4.7275084845187685	29.56436118086478	2.1676646681186185	1.5492464233750136	130.69638851071403	0	0	1	0	0	3	1	33	219	1	4	0	50334.25768618085	0.8933944537269544	1.1619998390842896	16	0	0.9178522529319428	55002	124.46835961008564	228.63702796604088	219.97521384162278	2129.680274181922	124.7070209706197	227.7865539745636	220.22458806447062	75612.2026088667
