run	subrun	event	row	nu_index	gid	cluster_id	sel_cluster_id	cid_relation	n_act	sel_demoted	sel_fc	sel_length_cm	bundle_has_vetoed	n_vetoed	nu_x	nu_y	nu_z	vertex_default	reco_Enu	numu_score	nue_score	neutrino_type	nt_cosmic	nt_numucc	nt_nc	nt_nue	cosmict_flag	n_truth	t_idx	t_flav	t_mode	t_ccnc	t_Etot	t_Edep	t_T	t_dist_cm	mc_reco_Enu	flash_time_us	flash_pe	flash_tpc	flash_group	has_vertex	vertex_moved_cluster	br_filled	mip_filled	n_act_all_roles	n_companion
18255	1	49415	0	0	1000004	19	19	same	3	0	1	11.3	0	0	152.10	101.24	367.98	0	126.9	-2.7245	-15.0000	8	0	0	1	0	0	0	-1				-1	-1	-1	-1		0.6721	4474.0	1	1000004	1	0	0	0	4	1
18255	1	49745	0	0	3	3	3	same	1	0	1	46.2	0	0	-61.13	-88.23	311.21	0	340.7	0.1525	-15.0000	10	1	0	1	0	1	0	-1				-1	-1	-1	-1		1.8395	18757.0	0	3	1	0	0	0	3	2
18255	1	49767	0	0	8	13	13	same	1	0	0	1.1	0	0	0.00	0.00	0.00	1	0.0	-1.9417	-15.0000	0	0	0	0	0	0	0	-1				-1	-1	-1	-1		1.9221	11894.3	0	8	0	0	0	0	1	0
18255	1	49877	0	0	12	1	1	same	1	0	0	1.4	0	0	0.00	0.00	0.00	1	0.0	-1.9417	-15.0000	0	0	0	0	0	0	0	-1				-1	-1	-1	-1		1.3050	204.2	0	12	0	0	0	0	1	0
18255	1	49987	0	0	3	8	8	same	3	0	0	217.9	0	0	-107.87	180.54	338.35	0	622.2	2.9237	-15.0000	6	1	1	0	0	1	0	-1				-1	-1	-1	-1		0.6331	6791.4	0	3	1	0	0	0	7	4
18255	1	50801	0	0	3	20	20	same	20	1	1	49.7	1	1	-148.97	-31.25	302.54	0	501.6	-0.3913	-15.0000	4	0	1	0	0	0	0	-1				-1	-1	-1	-1		2.0135	18289.9	0	3	1	0	0	0	28	8
18255	1	51219	0	0	1	12	12	same	5	0	1	186.0	0	0	-84.41	-109.60	14.97	0	881.5	3.6049	-15.0000	4	0	1	0	0	0	0	-1				-1	-1	-1	-1		1.8565	14113.4	0	1	1	0	0	0	14	9
18255	1	51868	0	0	1000002	7	7	same	9	0	1	158.5	0	0	12.08	-23.01	211.18	0	577.3	1.2000	-15.0000	6	1	1	0	0	1	0	-1				-1	-1	-1	-1		1.4400	10862.8	1	3	1	0	0	0	12	3
18255	1	51890	0	0	1000002	15	15	same	3	0	1	289.9	0	0	56.99	128.86	33.92	0	1395.0	4.7344	-15.0000	4	0	1	0	0	0	0	-1				-1	-1	-1	-1		0.6184	9763.2	1	7	1	0	0	0	7	4
18255	1	52044	0	0	3	18	18	same	12	0	1	107.9	1	1	-84.60	-118.13	240.60	0	640.5	2.6989	-15.0000	4	0	1	0	0	0	0	-1				-1	-1	-1	-1		1.9744	18629.6	0	3	1	0	0	0	23	11
18255	1	52121	0	0	4	11	11	same	2	0	0	83.6	0	0	-28.82	-151.64	60.10	0	427.6	5.5616	-15.0000	4	0	1	0	0	0	0	-1				-1	-1	-1	-1		1.9853	5920.9	0	4	1	0	0	0	4	2
18255	1	52220	0	0	3	14	14	same	3	0	0	164.0	0	0	-126.53	-80.27	123.82	0	521.1	3.7628	-15.0000	4	0	1	0	0	0	0	-1				-1	-1	-1	-1		1.8010	17183.8	0	3	1	0	0	0	9	6
18255	1	52286	0	0	1000009	21	21	same	3	0	1	26.1	0	0	29.21	-52.10	76.19	0	366.5	-1.3480	-15.0000	8	0	0	1	0	0	0	-1				-1	-1	-1	-1		1.2055	11154.5	1	18	1	0	0	0	8	5
18255	1	52352	0	0	5	17	17	same	8	0	1	5.4	0	0	-102.60	43.45	338.36	0	107.7	-1.3440	-15.0000	8	0	0	1	0	0	0	-1				-1	-1	-1	-1		0.5980	2979.2	0	5	1	0	0	0	11	3
18255	1	52605	0	0	5	11	11	same	2	0	1	17.7	0	0	-152.05	52.21	313.54	0	502.2	-1.3959	-8.8239	4	0	1	0	0	0	0	-1				-1	-1	-1	-1		1.0803	12669.5	0	5	1	0	1	1	9	7
18255	1	52638	0	0	1000011	14	14	same	1	0	0	1.5	0	0	0.00	0.00	0.00	1	0.0	-1.9417	-15.0000	0	0	0	0	0	0	0	-1				-1	-1	-1	-1		1.8430	2157.5	1	7	0	0	0	0	1	0
18255	1	52693	0	0	5	18	18	same	11	0	0	198.1	0	0	96.36	-45.19	34.67	0	1010.9	-0.2231	-15.0000	6	1	1	0	0	1	0	-1				-1	-1	-1	-1		1.4591	3469.8	0	5	1	0	0	0	17	6
18255	1	52759	0	0	1000002	16	16	same	6	0	1	19.5	0	0	55.87	-121.26	369.70	0	305.9	-2.1230	-15.0000	8	0	0	1	0	0	0	-1				-1	-1	-1	-1		1.7499	5148.6	1	10	1	0	0	0	7	1
18255	1	53793	0	0	3	37	12	not_in_act	1	0	1	247.6	0	0	84.61	-22.83	117.58	0	1464.6	5.1882	-15.0000	4	0	1	0	0	0	0	-1				-1	-1	-1	-1		1.1019	13876.8	0	3	1	1	0	0	6	5
18255	1	53881	0	0	1000003	12	12	same	1	0	1	79.5	0	0	90.40	62.29	414.60	0	498.2	-0.3424	-15.0000	8	0	0	1	0	0	0	-1				-1	-1	-1	-1		0.9567	7439.0	1	1000003	1	0	0	0	5	4
18255	1	54332	0	0	1000000	16	16	same	9	0	1	88.7	1	1	58.96	-34.04	89.30	0	1346.5	0.3607	-15.0000	8	0	0	1	0	0	0	-1				-1	-1	-1	-1		1.9685	45477.9	1	6	1	0	0	0	48	39
18255	1	54453	0	0	3	22	22	same	34	1	1	40.6	1	1	-108.39	-92.64	234.05	0	650.6	-0.3103	-15.0000	4	0	1	0	0	0	0	-1				-1	-1	-1	-1		1.8342	18808.3	0	3	1	0	0	0	40	6
18255	1	54475	0	0	1000011	20	10	in_act_not_selected	7	0	0	152.1	1	1	-88.22	-102.22	439.56	0	471.5	2.8056	-15.0000	4	0	1	0	0	0	0	-1				-1	-1	-1	-1		1.3405	186.2	1	7	1	1	0	0	7	0
18255	1	54508	0	0	1000005	10	10	same	1	0	1	21.0	0	0	19.14	-106.83	200.06	0	221.1	-2.2031	-15.0000	8	0	0	1	0	0	0	-1				-1	-1	-1	-1		1.0083	6433.3	1	8	1	0	0	0	6	5
18255	1	54629	0	0	5	20	20	same	3	1	0	115.2	1	1	37.79	0.16	0.99	0	383.3	-1.1272	-15.0000	6	1	1	0	0	1	0	-1				-1	-1	-1	-1		1.2486	2764.0	0	5	1	0	0	0	6	3
18255	1	55278	0	0	3	21	13	in_act_not_selected	6	0	0	128.7	0	0	-67.98	84.70	461.72	0	676.8	0.2873	-15.0000	8	0	0	1	0	0	0	-1				-1	-1	-1	-1		1.4284	10047.6	0	3	1	1	0	0	7	1
18255	1	55322	0	0	6	18	18	same	3	0	0	210.9	1	1	-78.47	89.36	188.99	0	824.1	3.7189	-15.0000	4	0	1	0	0	0	0	-1				-1	-1	-1	-1		1.1376	29869.4	0	6	1	0	0	0	8	5
18255	1	55443	0	0	1000005	7	7	same	15	0	1	5.8	0	0	10.64	-31.32	129.35	0	74.6	-0.8201	-15.0000	8	0	0	1	0	0	0	-1				-1	-1	-1	-1		1.4571	2880.0	1	6	1	0	0	0	23	8
18255	1	55542	0	0	2	5	5	same	1	0	1	250.2	0	0	-56.87	-61.10	123.96	0	781.9	4.9088	-15.0000	4	0	1	0	0	0	0	-1				-1	-1	-1	-1		0.8709	16944.8	0	2	1	0	0	0	3	2
18255	1	55740	0	0	1000005	17	17	same	14	0	0	162.5	0	0	37.11	120.06	36.51	0	625.0	3.7394	-15.0000	4	0	1	0	0	0	0	-1				-1	-1	-1	-1		1.3804	11319.7	1	8	1	0	0	0	18	4
18255	1	56180	0	0	1	18	18	same	9	0	0	119.3	1	1	-172.68	38.75	229.29	0	877.8	1.3653	-15.0000	4	0	1	0	0	0	0	-1				-1	-1	-1	-1		1.6102	44866.9	0	1	1	0	0	0	22	13
18255	1	56521	0	0	6	6	6	same	1	0	1	2.2	0	0	-59.06	-183.89	401.41	0	21.7	-2.6027	-15.0000	8	0	0	1	0	0	0	-1				-1	-1	-1	-1		1.8869	2632.2	0	6	1	0	0	0	3	2
18255	1	56763	0	0	1000002	10	10	same	3	0	1	20.7	1	1	196.48	130.99	103.16	0	320.3	-0.4505	-10.6756	4	0	1	0	0	0	0	-1				-1	-1	-1	-1		1.0940	6140.0	1	11	1	0	1	1	8	5
18255	1	56939	0	0	1000004	8	8	same	5	0	0	201.0	1	1	21.37	-84.03	100.08	0	951.0	3.3234	-15.0000	4	0	1	0	0	0	0	-1				-1	-1	-1	-1		0.8306	11690.2	1	12	1	0	0	0	6	1
18255	1	56972	0	0	1000004	17	17	same	4	0	0	44.0	0	0	183.50	58.02	85.09	0	539.0	0.2479	-3.8679	8	0	0	1	0	0	0	-1				-1	-1	-1	-1		0.9456	9036.5	1	11	1	0	1	1	10	6
18255	1	57280	0	0	1000005	21	21	same	3	0	1	27.1	0	0	171.55	-6.70	284.57	0	213.2	-2.4822	-15.0000	8	0	0	1	0	0	0	-1				-1	-1	-1	-1		1.8998	11586.4	1	14	1	0	0	0	7	4
18255	1	57346	0	0	3	16	16	same	6	0	1	371.2	0	0	-186.81	-181.84	119.47	0	999.4	4.0304	-15.0000	4	0	1	0	0	0	0	-1				-1	-1	-1	-1		1.4374	22525.3	0	3	1	0	0	0	9	3
18255	1	57577	0	0	3	13	13	same	3	0	1	221.0	0	0	29.61	-96.26	264.94	0	841.9	5.1017	-15.0000	4	0	1	0	0	0	0	-1				-1	-1	-1	-1		1.6506	8972.7	0	3	1	0	0	0	6	3
18255	1	57709	0	0	1000001	13	13	same	15	0	1	86.5	0	0	81.58	-7.79	63.25	0	727.6	-0.1695	-15.0000	8	0	0	1	0	0	0	-1				-1	-1	-1	-1		1.9869	17474.7	1	12	1	0	0	0	19	4
18255	1	57742	0	0	2	10	10	same	3	0	1	139.9	0	0	-37.60	-95.12	328.32	0	622.5	2.8318	-15.0000	4	0	1	0	0	0	0	-1				-1	-1	-1	-1		0.5561	8721.8	0	2	1	0	0	0	7	4
18255	1	58006	0	0	1000001	8	8	same	5	0	1	43.8	0	0	161.29	-20.43	143.34	0	469.0	0.9872	-15.0000	8	0	0	1	0	0	0	-1				-1	-1	-1	-1		0.6429	19970.5	1	6	1	0	0	0	26	21
18255	1	58072	0	0	3	15	15	same	4	0	0	106.5	1	1	-86.34	-108.83	159.00	0	567.9	3.9429	-15.0000	4	0	1	0	0	0	0	-1				-1	-1	-1	-1		1.6094	14492.2	0	3	1	0	0	0	9	5
18255	1	58325	0	0	1000006	13	13	same	1	0	1	83.3	0	0	85.11	-53.20	93.10	0	412.0	3.5908	-15.0000	4	0	1	0	0	0	0	-1				-1	-1	-1	-1		1.2652	8725.6	1	9	1	0	0	0	11	10
18255	1	58919	0	0	3	5	5	same	1	0	1	114.9	0	0	-54.98	10.83	325.74	0	577.0	4.1374	-15.0000	4	0	1	0	0	0	0	-1				-1	-1	-1	-1		1.4301	11708.8	0	3	1	0	0	0	13	12
18255	1	65266	0	0	4	5	5	same	1	0	1	48.0	0	0	-85.38	156.68	242.52	0	341.2	1.6867	-15.0000	4	0	1	0	0	0	0	-1				-1	-1	-1	-1		0.9693	8776.4	0	4	1	0	0	0	10	9
18255	1	65948	0	0	1	8	8	same	6	0	1	39.4	0	0	-168.38	44.66	98.97	0	710.9	-0.3274	-15.0000	8	0	0	1	0	0	0	-1				-1	-1	-1	-1		1.9263	29496.5	0	1	1	0	0	0	14	8
18255	1	66278	0	0	1000006	13	13	same	5	0	1	16.5	1	1	40.13	56.07	430.42	0	115.0	-1.8127	-15.0000	8	0	0	1	0	0	0	-1				-1	-1	-1	-1		1.0309	6556.6	1	14	1	0	0	0	8	3
18255	1	66366	0	0	12	22	22	same	2	0	0	289.6	0	0	56.34	-106.82	253.37	0	488.1	2.5223	-15.0000	4	0	1	0	0	0	0	-1				-1	-1	-1	-1		1.8437	4916.7	0	12	1	0	0	0	12	10
18255	1	66652	0	0	6	22	22	same	3	0	1	241.3	0	0	-50.11	167.28	126.01	0	841.5	3.4990	-15.0000	4	0	1	0	0	0	0	-1				-1	-1	-1	-1		1.5187	12984.3	0	6	1	0	0	0	8	5
18255	1	66718	0	0	0	11	11	same	4	0	0	332.0	0	0	-180.04	-27.34	196.36	0	909.7	3.8371	-15.0000	4	0	1	0	0	0	0	-1				-1	-1	-1	-1		1.0232	33049.4	0	0	1	0	0	0	13	9
18255	1	66872	0	0	1000006	32	7	not_in_act	1	0	1	63.5	0	0	115.95	177.15	295.92	0	262.0	-1.5970	-15.0000	8	0	0	1	0	0	0	-1				-1	-1	-1	-1		0.9456	4943.1	1	1000006	1	1	0	0	10	9
18255	1	66900	0	0	1	15	15	same	4	0	1	66.2	1	1	-160.62	-2.24	305.34	0	767.7	1.8636	-1.3647	4	0	1	0	0	0	0	-1				-1	-1	-1	-1		1.7423	32424.3	0	1	1	0	1	1	27	23
18255	1	66944	0	0	4	5	5	same	1	0	1	56.2	0	0	-100.31	-61.22	370.44	0	355.7	0.0342	-15.0000	8	0	0	1	0	0	0	-1				-1	-1	-1	-1		1.5583	11394.9	0	4	1	0	0	0	4	3
18255	1	67026	0	0	5	17	17	same	3	0	0	277.3	1	1	-121.61	83.33	86.33	0	1161.1	2.8612	-15.0000	4	0	1	0	0	0	0	-1				-1	-1	-1	-1		0.5674	19942.6	0	5	1	0	0	0	5	2
18255	1	67802	0	0	1000007	14	14	same	4	0	1	61.8	1	1	1.85	-146.25	17.94	0	275.7	0.7124	-15.0000	4	0	1	0	0	0	0	-1				-1	-1	-1	-1		1.7580	2702.0	1	12	1	0	0	0	5	1
18255	1	67868	0	0	1000003	16	16	same	23	0	1	105.5	1	1	152.50	45.21	345.63	0	1089.7	0.4746	-15.0000	8	0	0	1	0	0	0	-1				-1	-1	-1	-1		1.9933	24927.3	1	10	1	0	0	0	30	7
18255	1	67898	0	0	6	10	10	same	2	0	0	215.8	0	0	-60.72	-92.63	364.55	0	726.7	3.9884	-15.0000	4	0	1	0	0	0	0	-1				-1	-1	-1	-1		1.7145	12266.2	0	6	1	0	0	0	2	0
18255	1	67928	0	0	1000004	9	9	same	8	0	0	104.0	0	0	62.68	132.46	168.39	0	633.4	3.1584	-15.0000	4	0	1	0	0	0	0	-1				-1	-1	-1	-1		1.7036	7472.7	1	6	1	0	0	0	13	5
18255	1	67942	0	0	1000008	22	22	same	3	0	0	90.3	0	0	60.81	199.92	177.99	0	345.3	-2.3174	-15.0000	6	1	1	0	0	1	0	-1				-1	-1	-1	-1		1.9308	2327.2	1	19	1	0	0	0	4	1
18255	1	68280	0	0	7	22	22	same	9	0	1	151.6	0	0	-114.24	129.10	327.18	0	574.5	2.7067	-15.0000	4	0	1	0	0	0	0	-1				-1	-1	-1	-1		1.9768	13656.1	0	7	1	0	0	0	17	8
18255	1	68308	0	0	1	6	6	same	2	0	0	134.1	0	0	-138.31	101.42	84.94	0	870.9	4.5851	-15.0000	4	0	1	0	0	0	0	-1				-1	-1	-1	-1		1.0365	18570.1	0	1	1	0	0	0	7	5
18255	1	68346	0	0	1000004	9	9	same	11	0	1	3.7	0	0	36.03	95.65	376.14	0	82.4	-1.8712	-15.0000	8	0	0	1	0	0	0	-1				-1	-1	-1	-1		1.5995	3703.0	1	9	1	0	0	0	21	10
18255	1	68654	0	0	6	4	4	same	1	0	1	4.2	0	0	-73.65	-49.41	405.57	0	83.8	-1.1961	-15.0000	8	0	0	1	0	0	0	-1				-1	-1	-1	-1		1.4865	3178.6	0	6	1	0	0	0	8	7
18255	1	68726	0	0	1000007	13	13	same	8	0	1	4.0	0	0	14.50	189.10	144.37	0	94.1	-1.0982	-15.0000	8	0	0	1	0	0	0	-1				-1	-1	-1	-1		1.4419	1035.4	1	9	1	0	0	0	15	7
18255	1	68748	0	0	6	13	13	same	2	0	0	368.2	0	0	-28.77	-16.89	137.32	0	1192.1	2.4779	-15.0000	6	1	1	0	0	1	0	-1				-1	-1	-1	-1		1.8020	21779.8	0	6	1	0	0	0	7	5
18255	1	68748	1	1	1000004	11	11	same	1	0	0	171.5	0	0	147.51	-55.29	429.27	0	889.3	1.0714	-15.0000	6	1	1	0	0	1	0	-1				-1	-1	-1	-1		0.9596	11630.4	1	1000004	1	0	0	0	4	3
18255	1	68830	0	0	6	11	11	same	2	0	0	111.4	0	0	-96.78	-146.96	285.19	0	568.3	2.1181	-15.0000	6	1	1	0	0	1	0	-1				-1	-1	-1	-1		1.1776	6372.6	0	6	1	0	0	0	4	2
18255	1	69006	0	0	0	11	11	same	3	0	1	163.8	1	1	-91.69	-41.46	337.26	0	995.3	3.6382	-11.9825	4	0	1	0	0	0	0	-1				-1	-1	-1	-1		1.0638	25339.4	0	0	1	0	1	1	26	23
18255	1	69144	0	0	7	13	13	same	2	0	0	142.0	0	0	16.68	77.29	398.92	0	673.8	4.4055	-15.0000	4	0	1	0	0	0	0	-1				-1	-1	-1	-1		0.6336	3487.6	0	7	1	0	0	0	8	6
18255	1	69152	0	0	7	5	5	same	1	0	0	146.1	0	0	-16.41	151.37	464.73	0	662.9	5.2806	-15.0000	4	0	1	0	0	0	0	-1				-1	-1	-1	-1		1.2574	6921.2	0	7	1	0	0	0	2	1
18255	1	69254	0	0	3	4	4	same	2	0	1	37.3	0	0	-173.47	49.19	354.09	0	488.8	0.6160	-15.0000	4	0	1	0	0	0	0	-1				-1	-1	-1	-1		1.2951	13810.8	0	3	1	0	0	0	10	8
18255	1	69306	0	0	1000004	9	9	same	2	0	1	80.7	0	0	124.94	-16.42	25.88	0	351.3	1.3581	-15.0000	4	0	1	0	0	0	0	-1				-1	-1	-1	-1		1.8480	9656.5	1	1000004	1	0	0	0	16	14
18255	1	69314	0	0	1	3	3	same	1	0	1	171.1	0	0	-111.81	-18.53	164.63	0	1380.3	2.9639	-15.0000	4	0	1	0	0	0	0	-1				-1	-1	-1	-1		1.2847	53008.3	0	1	1	0	0	0	28	27
18255	1	69386	0	0	7	4	4	same	1	0	1	12.5	0	0	-112.40	-106.93	315.47	0	150.7	-3.3240	-15.0000	8	0	0	1	0	0	0	-1				-1	-1	-1	-1		1.6127	3791.4	0	7	1	0	0	0	4	3
18255	1	69556	0	0	6	18	18	same	3	0	0	16.2	0	0	-197.35	119.62	161.24	0	208.0	-0.9652	-15.0000	8	0	0	1	0	0	0	-1				-1	-1	-1	-1		1.6264	9296.0	0	6	1	0	0	0	13	10
18255	1	69666	0	0	1000003	15	15	same	7	0	0	191.7	0	0	168.16	-193.32	161.71	0	1042.2	3.3578	-15.0000	4	0	1	0	0	0	0	-1				-1	-1	-1	-1		1.4366	18127.1	1	10	1	0	0	0	22	15
18255	1	69936	0	0	1000003	14	14	same	2	0	1	62.4	0	0	154.67	-63.27	228.66	0	323.7	0.1926	-15.0000	6	1	1	0	0	1	0	-1				-1	-1	-1	-1		1.0447	10955.0	1	6	1	0	0	0	4	2
18255	1	70010	0	0	1000008	8	8	same	1	0	0	79.2	0	0	25.67	-167.41	368.60	0	313.6	2.4862	-15.0000	4	0	1	0	0	0	0	-1				-1	-1	-1	-1		1.1066	2743.7	1	13	1	0	0	0	1	0
18255	1	70084	0	0	6	20	20	same	3	0	0	106.3	0	0	-195.84	13.97	115.84	0	592.4	2.6717	-15.0000	4	0	1	0	0	0	0	-1				-1	-1	-1	-1		0.9065	16007.2	0	6	1	0	0	0	11	8
18255	1	70124	0	0	1000008	18	18	same	3	0	0	26.7	0	0	30.69	195.15	386.18	0	468.0	0.9117	-10.1575	8	0	0	1	0	0	0	-1				-1	-1	-1	-1		0.7422	4496.9	1	25	1	0	1	1	12	9
18255	1	70178	0	0	1	12	12	same	7	0	1	55.3	0	0	-36.45	-14.59	319.54	0	448.9	2.4970	-15.0000	4	0	1	0	0	0	0	-1				-1	-1	-1	-1		1.7271	12670.5	0	1	1	0	0	0	7	0
18255	1	70186	0	0	1000005	11	11	same	1	0	1	198.2	0	0	90.99	-178.36	9.00	0	994.0	2.3067	-15.0000	4	0	1	0	0	0	0	-1				-1	-1	-1	-1		1.0348	3877.6	1	3	1	0	0	0	9	8
18255	1	70222	0	0	0	12	12	same	7	0	0	69.7	0	0	-181.65	-138.40	456.22	0	1007.0	0.5217	-15.0000	8	0	0	1	0	0	0	-1				-1	-1	-1	-1		1.2387	23416.6	0	0	1	0	0	0	10	3
18255	1	70288	0	0	5	7	7	same	3	0	1	1.6	0	0	-148.15	150.44	214.01	0	111.7	-2.4980	-15.0000	8	0	0	1	0	0	0	-1				-1	-1	-1	-1		1.3752	1175.0	0	5	1	0	0	0	8	5
18255	1	70472	0	0	4	16	16	same	4	0	0	401.8	0	0	-89.91	-195.59	402.34	0	1209.9	-0.0127	-15.0000	6	1	1	0	0	1	0	-1				-1	-1	-1	-1		0.7645	10824.4	0	4	1	0	0	0	16	12
18255	1	70538	0	0	10	16	16	same	2	0	1	72.7	0	0	-1.77	192.16	5.49	0	462.6	-0.4026	-15.0000	6	1	1	0	0	1	0	-1				-1	-1	-1	-1		1.6040	802.0	0	10	1	0	0	0	3	1
18255	1	70612	0	0	1000001	8	8	same	1	0	1	89.6	0	0	24.34	-131.04	41.55	0	568.4	-0.2426	-15.0000	4	0	1	0	0	0	0	-1				-1	-1	-1	-1		1.3992	5280.0	1	4	1	0	0	0	7	6
18255	1	70640	0	0	0	13	13	same	4	0	1	178.3	0	0	-141.99	132.29	154.63	0	879.2	3.4811	-10.5395	4	0	1	0	0	0	0	-1				-1	-1	-1	-1		1.2680	28029.1	0	0	1	0	1	1	17	13
18255	1	70692	0	0	3	18	18	same	2	0	1	158.1	0	0	-134.18	73.90	238.04	0	841.2	3.7324	-15.0000	4	0	1	0	0	0	0	-1				-1	-1	-1	-1		0.7591	20606.5	0	3	1	0	0	0	11	9
18255	1	70713	0	0	2	25	25	same	9	0	0	79.9	0	0	-197.72	142.29	432.85	0	491.7	-0.0023	-15.0000	8	0	0	1	0	0	0	-1				-1	-1	-1	-1		0.6161	10071.3	0	2	1	0	0	0	13	4
18255	1	70757	0	0	1000007	6	6	same	1	0	1	23.0	0	0	52.63	-189.83	307.74	0	204.5	-2.2089	-15.0000	8	0	0	1	0	0	0	-1				-1	-1	-1	-1		1.3490	2531.7	1	16	1	0	0	0	9	8
18255	1	70766	0	0	1000007	21	21	same	5	0	0	227.1	0	0	90.61	119.10	0.05	0	731.8	-3.8930	-15.0000	6	1	1	0	0	1	0	-1				-1	-1	-1	-1		0.4696	8340.8	1	6	1	0	0	0	8	3
18255	1	70912	0	0	1000003	10	10	same	3	0	1	366.7	1	1	131.44	17.17	175.11	0	1162.1	5.0910	-15.0000	4	0	1	0	0	0	0	-1				-1	-1	-1	-1		1.3223	24068.3	1	7	1	0	0	0	5	2
18255	1	71022	0	0	1000005	16	16	same	8	0	0	56.0	0	0	138.17	164.26	238.62	0	487.8	1.4724	-15.0000	6	1	1	0	0	1	0	-1				-1	-1	-1	-1		1.8977	3279.2	1	1000005	1	0	0	0	14	6
18255	1	71092	0	0	1	4	4	same	1	0	0	64.8	0	0	-137.48	-123.28	48.18	0	384.2	-0.9102	-15.0000	6	1	1	0	0	1	0	-1				-1	-1	-1	-1		0.8282	13272.5	0	1	1	0	0	0	8	7
18255	1	71290	0	0	1000005	16	16	same	2	0	1	148.3	0	0	2.55	-63.23	394.66	0	679.5	1.5959	-15.0000	4	0	1	0	0	0	0	-1				-1	-1	-1	-1		1.9959	13948.7	1	15	1	0	0	0	4	2
18255	1	71642	0	0	1000000	10	10	same	4	0	1	138.4	0	0	23.46	53.28	138.91	0	1522.4	2.2639	-3.2955	4	0	1	0	0	0	0	-1				-1	-1	-1	-1		0.6301	28262.0	1	2	1	0	1	1	63	59
18255	1	71748	0	0	1000006	8	8	same	1	0	0	71.0	0	0	82.63	-191.99	346.67	0	621.9	3.1539	-15.0000	4	0	1	0	0	0	0	-1				-1	-1	-1	-1		1.7661	6070.2	1	1000006	1	0	0	0	13	12
18255	1	71778	0	0	5	21	21	same	3	0	0	262.9	1	1	-121.51	-11.83	247.40	0	736.2	3.1802	-15.0000	4	0	1	0	0	0	0	-1				-1	-1	-1	-1		1.9914	14771.2	0	5	1	0	0	0	11	8
18255	1	71872	0	0	1000001	13	13	same	8	0	1	73.3	0	0	145.51	116.20	52.22	0	1017.5	1.0162	-15.0000	4	0	1	0	0	0	0	-1				-1	-1	-1	-1		1.4540	20694.2	1	4	1	0	0	0	44	36
18255	1	72055	0	0	0	14	14	same	4	0	0	233.7	0	0	-171.51	-149.20	7.27	0	997.1	4.3437	-15.0000	8	0	0	1	0	0	0	-1				-1	-1	-1	-1		1.3633	91796.7	0	0	1	0	0	0	8	4
18255	1	72170	0	0	4	5	5	same	1	0	1	220.7	0	0	-56.28	-13.72	316.96	0	873.1	3.4939	-15.0000	4	0	1	0	0	0	0	-1				-1	-1	-1	-1		1.7117	23377.0	0	4	1	0	0	0	3	2
18255	1	72174	0	0	1000006	5	5	same	1	0	1	165.5	0	0	45.34	33.39	274.30	0	597.0	4.0292	-15.0000	4	0	1	0	0	0	0	-1				-1	-1	-1	-1		0.9712	8425.3	1	4	1	0	0	0	6	5
18255	1	72196	0	0	2	13	13	same	4	1	1	19.9	1	1	-175.57	29.06	379.95	0	199.3	-2.7854	-15.0000	10	1	0	1	0	1	0	-1				-1	-1	-1	-1		1.7486	19972.1	0	2	1	0	0	0	9	5
18255	1	72275	0	0	1000000	15	15	same	6	0	0	311.7	1	2	73.40	91.77	199.06	0	240.4	-0.9099	-15.0000	4	0	1	0	0	0	0	-1				-1	-1	-1	-1		1.8398	21819.7	1	10	1	0	0	0	9	3
18255	1	72280	0	0	1000004	9	9	same	4	0	1	16.2	0	0	111.12	-78.49	131.23	0	157.1	-3.1335	-15.0000	8	0	0	1	0	0	0	-1				-1	-1	-1	-1		1.4573	3169.3	1	9	1	0	0	0	8	4
18255	1	72649	0	0	1000002	12	12	same	4	0	1	18.7	0	0	193.19	16.35	75.16	0	172.3	-3.2077	-15.0000	8	0	0	1	0	0	0	-1				-1	-1	-1	-1		0.8872	7402.3	1	7	1	0	0	0	10	6
18255	1	72742	0	0	3	16	16	same	4	0	0	32.6	0	0	-179.78	-99.62	482.65	0	248.4	2.7747	-15.0000	4	0	1	0	0	0	0	-1				-1	-1	-1	-1		1.6768	11495.0	0	3	1	0	0	0	5	1
18255	1	72759	0	0	2	28	10	not_in_act	2	0	1	122.8	0	0	-7.81	-187.19	250.68	0	560.3	0.4897	-15.0000	8	0	0	1	0	0	0	-1				-1	-1	-1	-1		1.7633	6802.3	0	2	1	1	0	0	4	2
18255	1	72760	0	0	7	9	9	same	1	0	1	1.9	0	0	-26.48	-5.13	115.42	0	2.7	-2.0729	-15.0000	8	0	0	1	0	0	0	-1				-1	-1	-1	-1		1.6851	1618.0	0	7	1	0	0	0	2	1
18255	1	72768	0	0	1000003	11	11	same	1	0	1	58.8	0	0	120.05	19.74	357.30	0	619.7	1.3010	-15.0000	4	0	1	0	0	0	0	-1				-1	-1	-1	-1		1.1441	19472.7	1	17	1	0	0	0	16	15
18255	1	72786	0	0	0	17	9	in_act_not_selected	17	0	0	151.2	0	0	-152.58	152.04	111.77	0	890.3	3.9358	-15.0000	4	0	1	0	0	0	0	-1				-1	-1	-1	-1		0.6222	17358.6	0	0	1	1	0	0	26	9
18255	1	72840	0	0	7	21	21	same	3	0	0	97.7	0	0	-19.27	-136.82	466.57	0	580.2	3.6005	-15.0000	4	0	1	0	0	0	0	-1				-1	-1	-1	-1		0.5800	4890.1	0	7	1	0	0	0	3	0
18255	1	72940	0	0	1000005	10	10	same	2	0	1	269.4	0	0	81.20	8.88	355.29	0	1034.3	4.4036	-15.0000	4	0	1	0	0	0	0	-1				-1	-1	-1	-1		1.4831	14620.9	1	7	1	0	0	0	10	8
18255	1	73038	0	0	1000000	24	24	same	5	1	1	26.5	1	1	-1.53	-29.47	111.57	0	206.5	-1.4477	-15.0000	6	1	1	0	0	1	0	-1				-1	-1	-1	-1		0.9344	33362.7	1	14	1	0	0	0	8	3
18255	1	73054	0	0	7	14	14	same	2	0	0	71.5	0	0	-28.11	98.12	474.65	0	483.9	3.2372	-15.0000	4	0	1	0	0	0	0	-1				-1	-1	-1	-1		1.8662	3499.3	0	7	1	0	0	0	5	3
18255	1	73324	0	0	1000004	6	6	same	2	0	1	2.2	0	0	100.47	44.20	252.15	0	108.8	-2.3477	-15.0000	8	0	0	1	0	0	0	-1				-1	-1	-1	-1		1.1026	4074.5	1	1000004	1	0	0	0	2	0
18255	1	73336	0	0	3	11	11	same	4	0	1	40.5	1	1	-43.04	40.97	460.77	0	701.5	0.0389	-15.0000	8	0	0	1	0	0	0	-1				-1	-1	-1	-1		1.8861	12592.6	0	3	1	0	0	0	23	19
18255	1	73412	0	0	1000003	13	13	same	1	0	1	203.8	0	0	76.21	141.80	127.22	0	688.0	3.7448	-15.0000	4	0	1	0	0	0	0	-1				-1	-1	-1	-1		1.2087	21442.7	1	10	1	0	0	0	3	2
18255	1	73450	0	0	4	2	2	same	1	0	0	1.1	0	0	0.00	0.00	0.00	1	0.0	-1.9417	-15.0000	0	0	0	0	0	0	0	-1				-1	-1	-1	-1		0.8626	10539.1	0	4	0	0	0	0	1	0
18255	1	73500	0	0	4	1	1	same	1	0	0	2.3	0	0	0.00	0.00	0.00	1	0.0	-1.9417	-15.0000	0	0	0	0	0	0	0	-1				-1	-1	-1	-1		0.9500	12052.6	0	4	0	0	0	0	1	0
18255	1	73538	0	0	4	14	14	same	4	0	1	143.7	1	1	-76.55	193.32	244.95	0	527.1	1.4181	-15.0000	6	1	1	0	0	1	0	-1				-1	-1	-1	-1		2.0526	6623.0	0	4	1	0	0	0	4	0
18255	1	73688	0	0	0	16	16	same	10	0	0	350.4	0	0	-55.58	73.35	171.87	0	736.9	2.1353	-15.0000	4	0	1	0	0	0	0	-1				-1	-1	-1	-1		1.4624	49350.1	0	0	1	0	0	0	25	15
18255	1	73698	0	0	1000007	14	14	same	2	0	0	41.3	1	1	186.50	157.39	213.75	0	402.4	2.4267	-15.0000	4	0	1	0	0	0	0	-1				-1	-1	-1	-1		1.1586	15482.8	1	13	1	0	0	0	3	1
18255	1	73705	0	0	7	13	13	same	4	0	1	10.0	0	0	-36.95	-35.71	36.28	0	128.3	-3.2745	-15.0000	8	0	0	1	0	0	0	-1				-1	-1	-1	-1		0.8451	3154.0	0	7	1	0	0	0	10	6
18255	1	73727	0	0	16	15	15	same	5	0	1	227.8	1	1	-4.38	-157.66	58.77	0	651.1	3.6088	-15.0000	4	0	1	0	0	0	0	-1				-1	-1	-1	-1		0.8659	1015.8	0	16	1	0	0	0	6	1
18255	1	73838	0	0	1000003	13	13	same	2	0	0	249.0	0	0	146.52	81.59	267.15	0	705.2	3.6295	-15.0000	4	0	1	0	0	0	0	-1				-1	-1	-1	-1		1.9288	15371.4	1	10	1	0	0	0	6	4
18255	1	73991	0	0	1000003	10	10	same	1	0	1	173.6	0	0	2.05	-23.67	414.64	0	522.4	3.0254	-15.0000	4	0	1	0	0	0	0	-1				-1	-1	-1	-1		0.9529	16839.3	1	5	1	0	0	0	4	3
18255	1	74123	0	0	1000002	17	17	same	1	0	1	54.4	0	0	165.91	86.99	230.49	0	599.9	1.2225	-15.0000	4	0	1	0	0	0	0	-1				-1	-1	-1	-1		1.5731	23405.4	1	16	1	0	0	0	18	17
18255	1	74146	0	0	3	14	14	same	2	0	1	108.8	0	0	-161.12	120.33	322.01	0	549.7	1.3356	-15.0000	4	0	1	0	0	0	0	-1				-1	-1	-1	-1		1.5377	10833.4	0	3	1	0	0	0	9	7
18255	1	74190	0	0	2	12	12	same	7	1	1	76.4	1	1	-179.86	-42.29	41.67	0	394.6	-1.4637	-15.0000	8	0	0	1	0	0	0	-1				-1	-1	-1	-1		1.3591	25367.7	0	2	1	0	0	0	7	0
18255	1	74270	0	0	1000016	22	22	same	4	0	0	19.6	0	0	69.23	15.75	487.86	0	64.4	-0.5284	-15.0000	8	0	0	1	0	0	0	-1				-1	-1	-1	-1		1.0390	456.7	1	1000016	1	0	0	0	4	0
18255	1	74326	0	0	1000000	10	10	same	1	0	0	122.6	0	0	65.06	107.12	392.00	0	1519.8	3.1181	-15.0000	4	0	1	0	0	0	0	-1				-1	-1	-1	-1		1.8481	32428.2	1	7	1	0	0	0	20	19
18255	1	74336	0	0	3	68	22	not_in_act	4	0	0	114.7	0	0	-28.53	-69.05	99.74	0	688.1	-0.2100	-15.0000	8	0	0	1	0	0	0	-1				-1	-1	-1	-1		1.1703	26600.0	0	3	1	1	0	0	18	14
18255	1	74380	0	0	1	13	13	same	2	0	1	142.4	0	0	-154.95	51.07	232.28	0	803.9	-0.2891	-15.0000	8	0	0	1	0	0	0	-1				-1	-1	-1	-1		1.4416	23716.0	0	1	1	0	0	0	3	1
18255	1	74414	0	0	1	4	4	same	1	0	1	29.5	0	0	-153.28	1.74	299.56	0	223.2	-3.0096	-15.0000	8	0	0	1	0	0	0	-1				-1	-1	-1	-1		1.8092	19456.6	0	1	1	0	0	0	6	5
18255	1	74784	0	0	1000004	8	8	same	2	0	1	280.9	0	0	102.15	96.79	129.77	0	916.0	4.0477	-15.0000	4	0	1	0	0	0	0	-1				-1	-1	-1	-1		0.7183	16459.1	1	7	1	0	0	0	5	3
18255	1	74854	0	0	9	15	15	same	3	0	0	134.1	0	0	-57.04	-173.11	370.88	0	434.1	3.1741	-15.0000	4	0	1	0	0	0	0	-1				-1	-1	-1	-1		1.0897	4088.1	0	9	1	0	0	0	3	0
18255	1	75004	0	0	1000007	13	13	same	4	0	1	2.2	0	0	46.15	-91.11	21.99	0	19.7	-1.5930	-15.0000	8	0	0	1	0	0	0	-1				-1	-1	-1	-1		1.5362	1618.6	1	10	1	0	0	0	9	5
18255	1	75040	0	0	9	17	17	same	3	0	1	160.2	0	0	-75.49	-34.24	155.25	0	605.9	3.4445	-15.0000	4	0	1	0	0	0	0	-1				-1	-1	-1	-1		1.5160	11889.4	0	9	1	0	0	0	6	3
18255	1	75052	0	0	2	10	10	same	3	0	1	93.5	0	0	-161.00	94.86	189.58	0	610.1	0.4482	-15.0000	8	0	0	1	0	0	0	-1				-1	-1	-1	-1		1.5949	15253.7	0	2	1	0	0	0	9	6
18255	1	75113	0	0	6	21	21	same	7	1	1	24.7	1	1	-32.42	-77.84	439.26	0	200.0	-2.7847	-15.0000	8	0	0	1	0	0	0	-1				-1	-1	-1	-1		1.9289	5126.0	0	6	1	0	0	0	7	0
18255	1	75135	0	0	1000004	14	14	same	5	0	1	126.8	0	0	141.26	26.05	75.17	0	670.3	3.5734	-15.0000	4	0	1	0	0	0	0	-1				-1	-1	-1	-1		0.8273	15134.2	1	8	1	0	0	0	8	3
18255	1	75206	0	0	0	10	10	same	6	0	0	290.2	0	0	-124.05	47.73	187.63	0	1526.5	3.6587	-15.0000	4	0	1	0	0	0	0	-1				-1	-1	-1	-1		1.9131	25152.6	0	0	1	0	0	0	25	19
18255	1	75316	0	0	1000003	15	15	same	3	0	0	153.4	0	0	115.62	-103.39	413.00	0	681.1	3.0495	-15.0000	4	0	1	0	0	0	0	-1				-1	-1	-1	-1		0.9535	18431.8	1	11	1	0	0	0	10	7
18255	1	75377	0	0	1000008	20	20	same	2	0	0	162.2	0	0	128.31	-83.69	351.38	0	594.9	5.1147	-15.0000	4	0	1	0	0	0	0	-1				-1	-1	-1	-1		1.0110	10190.0	1	15	1	0	0	0	3	1
18255	1	75554	0	0	1000002	4	4	same	7	0	0	126.7	0	0	150.69	-198.70	41.19	0	1047.7	-0.5390	-15.0000	6	1	1	0	0	1	0	-1				-1	-1	-1	-1		1.8886	9361.4	1	0	1	0	0	0	32	25
18255	1	75668	0	0	1000001	14	14	same	3	1	0	15.6	1	1	-23.72	199.87	382.92	0	56.3	-1.3617	-15.0000	10	1	0	1	0	1	0	-1				-1	-1	-1	-1		0.2853	20491.3	1	8	1	0	0	0	3	0
18255	1	75678	0	0	4	15	15	same	8	0	0	43.4	0	0	-165.28	-153.46	376.73	0	262.5	0.9035	-15.0000	4	0	1	0	0	0	0	-1				-1	-1	-1	-1		1.9384	6291.2	0	4	1	0	0	0	15	7
18255	1	75700	0	0	6	15	15	same	3	0	1	116.6	1	2	-96.93	-40.63	31.34	0	702.5	2.8861	-15.0000	4	0	1	0	0	0	0	-1				-1	-1	-1	-1		1.7361	15036.7	0	6	1	0	0	0	12	9
18255	1	75729	0	0	5	18	18	same	2	0	1	52.1	0	0	-73.65	-169.63	367.27	0	426.8	0.9360	-15.0000	4	0	1	0	0	0	0	-1				-1	-1	-1	-1		1.6322	6049.3	0	5	1	0	0	0	12	10
18255	1	75730	0	0	1000008	11	11	same	3	0	1	58.9	0	0	44.04	-188.63	138.90	0	373.8	-0.0505	-15.0000	10	1	0	1	0	1	0	-1				-1	-1	-1	-1		0.8740	5419.1	1	10	1	0	0	0	14	11
18255	1	75795	0	0	0	14	14	same	4	0	0	121.5	1	1	-197.09	117.61	176.90	0	753.0	1.9597	-15.0000	4	0	1	0	0	0	0	-1				-1	-1	-1	-1		1.0596	25100.5	0	0	1	0	0	0	9	5
18255	1	75862	0	0	1000002	10	10	same	3	0	1	115.3	0	0	80.24	16.57	255.95	0	677.3	2.9819	-15.0000	4	0	1	0	0	0	0	-1				-1	-1	-1	-1		1.8401	12239.6	1	7	1	0	0	0	17	14
18255	1	75954	0	0	1000003	21	21	same	3	0	0	56.9	0	0	183.62	-188.04	119.59	0	796.1	-0.5560	9.4594	8	0	0	1	0	0	0	-1				-1	-1	-1	-1		1.2829	18140.6	1	16	1	0	1	1	12	9
18255	1	75976	0	0	1000008	11	11	same	4	0	1	2.8	0	0	149.72	-183.59	390.67	0	32.5	-3.7563	-15.0000	8	0	0	1	0	0	0	-1				-1	-1	-1	-1		0.2050	2412.7	1	1000008	1	0	0	0	11	7
18255	1	76038	0	0	1000002	18	18	same	3	0	0	225.0	0	0	194.86	-78.00	317.99	0	736.8	5.4202	-15.0000	4	0	1	0	0	0	0	-1				-1	-1	-1	-1		1.9170	24035.4	1	18	1	0	0	0	4	1
18255	1	76059	0	0	1	9	9	same	3	0	0	30.0	1	1	-174.52	-184.99	377.60	0	504.3	2.6751	-15.0000	4	0	1	0	0	0	0	-1				-1	-1	-1	-1		1.6536	18939.7	0	1	1	0	0	0	9	6
18255	1	76170	0	0	5	23	23	same	12	1	0	373.6	1	1	-4.48	-47.37	129.88	0	1020.9	4.9061	-15.0000	4	0	1	0	0	0	0	-1				-1	-1	-1	-1		1.2508	19983.5	0	5	1	0	0	0	15	3
18255	1	76250	0	0	1	16	16	same	5	0	0	142.2	1	1	-165.15	-116.21	174.73	0	598.8	4.0888	-15.0000	4	0	1	0	0	0	0	-1				-1	-1	-1	-1		1.8367	12029.3	0	1	1	0	0	0	5	0
18255	1	76280	0	0	1000000	15	15	same	8	0	1	84.3	1	2	174.49	64.99	267.58	0	529.9	2.1769	-15.0000	4	0	1	0	0	0	0	-1				-1	-1	-1	-1		1.4030	24075.2	1	12	1	0	0	0	15	7
18255	1	76346	0	0	5	48	14	not_in_act	4	0	1	22.0	0	0	-108.26	-30.60	349.81	0	591.9	-0.2040	-15.0000	4	0	1	0	0	0	0	-1				-1	-1	-1	-1		1.6693	7321.9	0	5	1	1	0	0	17	13
18255	1	76350	0	0	1000005	12	12	same	1	0	1	86.2	0	0	106.93	-166.44	327.95	0	1226.9	0.4014	-4.5632	8	0	0	1	0	0	0	-1				-1	-1	-1	-1		0.7255	14193.9	1	15	1	0	1	1	44	43
18255	1	76866	0	0	1000006	9	9	same	8	0	0	22.7	1	2	53.10	-189.01	167.40	0	190.4	-0.3047	-15.0000	6	1	1	0	0	1	0	-1				-1	-1	-1	-1		1.2337	1480.8	1	9	1	0	0	0	11	3
18255	1	76888	0	0	1000008	18	18	same	6	0	0	28.4	1	1	59.57	147.08	481.71	0	317.5	3.3080	-15.0000	4	0	1	0	0	0	0	-1				-1	-1	-1	-1		1.3345	2154.7	1	15	1	0	0	0	6	0
18255	1	76998	0	0	6	17	17	same	1	0	1	197.8	0	0	-103.10	89.41	262.58	0	578.9	3.0291	-15.0000	4	0	1	0	0	0	0	-1				-1	-1	-1	-1		1.9546	7975.5	0	6	1	0	0	0	5	4
18255	1	77328	0	0	3	16	16	same	2	0	0	305.1	0	0	-48.30	-154.23	226.92	0	1022.9	4.4271	-15.0000	6	1	1	0	0	1	0	-1				-1	-1	-1	-1		1.7861	19062.1	0	3	1	0	0	0	5	3
18255	1	77702	0	0	6	21	21	same	5	0	0	338.7	0	0	-38.56	45.66	130.33	0	982.7	4.3100	-15.0000	4	0	1	0	0	0	0	-1				-1	-1	-1	-1		1.2147	10658.7	0	6	1	0	0	0	8	3
18255	1	77846	0	0	4	12	12	same	3	0	0	164.0	0	0	-14.45	92.35	260.71	0	156.7	-0.5595	-15.0000	4	0	1	0	0	0	0	-1				-1	-1	-1	-1		1.9693	9180.8	0	4	1	0	0	0	9	6
18255	1	77878	0	0	1000001	8	8	same	2	0	0	217.7	0	0	58.59	-61.30	289.77	0	985.3	4.3738	-15.0000	4	0	1	0	0	0	0	-1				-1	-1	-1	-1		1.3914	24413.4	1	10	1	0	0	0	11	9
18255	1	77978	0	0	1000009	53	15	not_in_act	2	0	0	138.2	0	0	-7.85	-118.64	358.18	0	616.0	0.8477	-15.0000	4	0	1	0	0	0	0	-1				-1	-1	-1	-1		0.8251	4140.6	1	9	1	1	0	0	5	3
18255	1	78032	0	0	1	18	18	same	6	1	1	408.4	1	1	-91.35	116.83	75.13	0	1104.7	3.7823	-15.0000	4	0	1	0	0	0	0	-1				-1	-1	-1	-1		0.7207	19008.2	0	1	1	0	0	0	7	1
18255	1	78032	1	1	1000003	9	9	same	1	0	0	3.5	0	0	0.00	0.00	0.00	1	0.0	-1.9417	-15.0000	0	0	0	0	0	0	0	-1				-1	-1	-1	-1		0.7308	2431.6	1	1	0	0	0	0	1	0
18255	1	78120	0	0	1000000	2	2	same	1	0	0	93.8	0	0	196.86	-112.70	54.54	0	354.1	1.5139	-15.0000	6	1	1	0	0	1	0	-1				-1	-1	-1	-1		0.6043	33515.2	1	1000000	1	0	0	0	3	2
18255	1	78242	0	0	2	17	17	same	1	0	1	314.4	0	0	-90.83	8.79	66.68	0	1455.7	3.7374	-15.0000	4	0	1	0	0	0	0	-1				-1	-1	-1	-1		1.9072	43107.3	0	2	1	0	0	0	9	8
18255	1	78259	0	0	1000010	12	12	same	1	0	1	20.8	0	0	149.24	-170.72	445.38	0	334.2	-0.5355	-15.0000	4	0	1	0	0	0	0	-1				-1	-1	-1	-1		0.9396	3145.1	1	18	1	0	0	0	2	1
18255	1	78582	0	0	1000006	5	5	same	1	0	1	1.9	0	0	100.29	-139.52	320.77	0	12.0	-3.9648	-15.0000	8	0	0	1	0	0	0	-1				-1	-1	-1	-1		1.9735	3382.9	1	19	1	0	0	0	3	2
18255	1	78682	0	0	1000003	8	8	same	1	0	1	1.6	0	0	176.52	-192.89	22.23	0	111.1	-1.4177	-15.0000	8	0	0	1	0	0	0	-1				-1	-1	-1	-1		1.4375	3027.0	1	1000003	1	0	0	0	6	5
18255	1	78743	0	0	1000004	17	17	same	2	0	1	109.8	1	1	173.73	-125.12	280.49	0	516.2	3.3705	-15.0000	4	0	1	0	0	0	0	-1				-1	-1	-1	-1		1.1219	22035.1	1	12	1	0	0	0	16	14
18255	1	79220	0	0	1	12	12	same	3	0	0	125.7	1	2	-164.67	-23.37	1.07	0	418.7	-4.4668	-15.0000	6	1	1	0	0	1	0	-1				-1	-1	-1	-1		0.6972	18616.5	0	1	1	0	0	0	3	0
18255	1	79491	0	0	7	6	6	same	1	0	0	86.1	0	0	-56.43	78.53	226.08	0	587.1	3.2875	-15.0000	4	0	1	0	0	0	0	-1				-1	-1	-1	-1		0.5513	10569.9	0	7	1	0	0	0	3	2
18255	1	79616	0	0	1000001	18	18	same	2	0	0	329.2	1	1	132.78	130.07	174.14	0	887.5	3.8191	-15.0000	4	0	1	0	0	0	0	-1				-1	-1	-1	-1		2.0310	24036.9	1	10	1	0	0	0	4	2
18255	1	79689	0	0	5	14	14	same	8	0	1	90.5	0	0	-70.77	-87.76	359.61	0	341.9	-0.0553	-15.0000	4	0	1	0	0	0	0	-1				-1	-1	-1	-1		0.6712	4412.4	0	5	1	0	0	0	10	2
18255	1	80716	0	0	10	15	15	same	2	0	1	11.0	0	0	-126.50	-21.53	20.06	0	115.9	-2.9688	-15.0000	8	0	0	1	0	0	0	-1				-1	-1	-1	-1		1.8501	4443.4	0	10	1	0	0	0	2	0
18255	1	81420	0	0	1000007	15	15	same	1	0	0	94.4	0	0	8.56	142.26	400.76	0	520.8	2.7940	-15.0000	4	0	1	0	0	0	0	-1				-1	-1	-1	-1		1.4287	7787.8	1	11	1	0	0	0	6	5
18255	1	82322	0	0	1	11	11	same	2	0	1	322.8	0	0	-116.98	-186.61	23.49	0	872.7	5.0154	-15.0000	6	1	1	0	0	1	0	-1				-1	-1	-1	-1		1.3421	16856.0	0	1	1	0	0	0	5	3
18255	1	83048	0	0	1000006	9	9	same	4	0	0	16.5	0	0	109.53	-196.66	0.13	0	39.8	-2.3120	-15.0000	10	1	0	1	0	1	0	-1				-1	-1	-1	-1		0.8861	1248.6	1	1000006	1	0	0	0	5	1
18255	1	90003	0	0	10	17	17	same	2	0	0	45.9	0	0	-36.13	94.83	474.09	0	482.9	0.2201	-15.0000	4	0	1	0	0	0	0	-1				-1	-1	-1	-1		1.5467	4196.5	0	10	1	0	0	0	9	7
18255	1	90135	0	0	9	9	9	same	7	0	1	4.2	0	0	-60.44	146.52	433.89	0	76.2	-1.0769	-15.0000	8	0	0	1	0	0	0	-1				-1	-1	-1	-1		0.6238	1490.2	0	9	1	0	0	0	10	3
18255	1	90179	0	0	1000003	17	17	same	13	0	1	29.5	0	0	87.59	46.06	62.24	0	312.4	-1.9058	-15.0000	8	0	0	1	0	0	0	-1				-1	-1	-1	-1		0.5483	14772.7	1	10	1	0	0	0	14	1
18255	1	90487	0	0	4	8	8	same	4	0	1	9.5	1	1	-172.80	-34.18	45.16	0	116.7	-2.7603	-15.0000	8	0	0	1	0	0	0	-1				-1	-1	-1	-1		1.8874	11077.4	0	4	1	0	0	0	6	2
18255	1	90751	0	0	1000002	30	30	same	5	1	0	305.5	1	1	-3.54	100.25	356.43	0	864.6	-0.5455	-15.0000	6	1	1	0	0	1	0	-1				-1	-1	-1	-1		0.2285	36787.5	1	1	1	0	0	0	25	20
18255	1	91235	0	0	1	13	13	same	2	0	1	246.1	0	0	-43.11	36.92	96.73	0	1032.3	4.0157	-15.0000	4	0	1	0	0	0	0	-1				-1	-1	-1	-1		1.3999	21303.7	0	1	1	0	0	0	7	5
18255	1	91367	0	0	4	7	7	same	2	0	0	334.8	0	0	-8.32	-142.01	180.72	0	984.1	4.5967	-15.0000	4	0	1	0	0	0	0	-1				-1	-1	-1	-1		1.8601	23862.8	0	4	1	0	0	0	5	3
18255	1	91609	0	0	3	43	3	not_in_act	3	0	0	18.0	1	1	-200.96	141.75	159.35	0	42.7	-2.2267	-15.0000	10	1	0	1	0	1	0	-1				-1	-1	-1	-1		1.2137	28787.3	0	3	1	1	0	0	11	8
18255	1	91697	0	0	2	2	2	same	2	0	0	65.2	0	0	-169.99	49.23	480.87	0	663.1	2.9759	-15.0000	4	0	1	0	0	0	0	-1				-1	-1	-1	-1		1.2805	16129.1	0	2	1	0	0	0	6	4
18255	1	91782	0	0	2	3	3	same	1	0	0	0.5	0	0	0.00	0.00	0.00	1	0.0	-1.9417	-15.0000	0	0	0	0	0	0	0	-1				-1	-1	-1	-1		1.2384	10756.6	0	2	0	0	0	0	1	0
18255	1	91917	0	0	1000000	17	17	same	2	0	1	283.5	0	0	157.09	-41.40	61.41	0	1250.5	5.3658	-15.0000	4	0	1	0	0	0	0	-1				-1	-1	-1	-1		1.3774	34492.6	1	13	1	0	0	0	19	17
18255	1	92134	0	0	7	18	18	same	3	0	1	179.1	1	1	-77.17	86.85	401.06	0	802.0	4.8712	-15.0000	4	0	1	0	0	0	0	-1				-1	-1	-1	-1		0.9709	15359.1	0	7	1	0	0	0	5	2
18255	1	92159	0	0	1	4	4	same	1	0	0	178.7	0	0	-135.50	-83.86	2.99	0	804.2	-1.2891	-15.0000	4	0	1	0	0	0	0	-1				-1	-1	-1	-1		1.1500	13593.0	0	1	1	0	0	0	13	12
18255	1	92225	0	0	1	14	14	same	6	0	1	136.0	0	0	-194.11	121.55	189.05	0	652.1	1.8076	-15.0000	4	0	1	0	0	0	0	-1				-1	-1	-1	-1		1.0791	19157.7	0	1	1	0	0	0	10	4
18255	1	92684	0	0	13	19	19	same	2	0	1	3.0	0	0	-70.37	-172.16	203.23	0	47.7	-2.1320	-15.0000	8	0	0	1	0	0	0	-1				-1	-1	-1	-1		0.7408	4239.4	0	13	1	0	0	0	3	1
18255	1	92904	0	0	1000004	15	15	same	5	0	1	27.7	1	1	13.57	-19.91	480.31	0	284.2	-0.5990	-15.0000	8	0	0	1	0	0	0	-1				-1	-1	-1	-1		0.9610	7677.4	1	7	1	0	0	0	7	2
18255	1	92907	0	0	1000006	11	11	same	6	0	1	4.1	1	1	11.85	184.05	39.70	0	81.4	-1.1209	-15.0000	8	0	0	1	0	0	0	-1				-1	-1	-1	-1		1.6689	1046.9	1	10	1	0	0	0	8	2
18255	1	92992	0	0	8	3	3	same	1	0	1	64.5	0	0	-134.25	145.48	396.44	0	440.6	-1.4277	-15.0000	8	0	0	1	0	0	0	-1				-1	-1	-1	-1		1.3724	8603.4	0	8	1	0	0	0	8	7
18255	1	93105	0	0	1000000	9	9	same	3	0	0	170.9	1	1	115.88	106.15	295.35	0	1040.1	2.0241	-15.0000	4	0	1	0	0	0	0	-1				-1	-1	-1	-1		0.8391	20456.8	1	8	1	0	0	0	11	8
18255	1	93234	0	0	1000008	9	9	same	1	0	1	2.3	0	0	157.11	-113.36	303.20	0	17.3	-2.1314	-15.0000	8	0	0	1	0	0	0	-1				-1	-1	-1	-1		0.5398	4234.7	1	1000008	1	0	0	0	5	4
18255	1	93545	0	0	1000004	11	11	same	1	0	1	38.2	0	0	28.94	84.16	470.10	0	254.0	-2.4803	-15.0000	8	0	0	1	0	0	0	-1				-1	-1	-1	-1		2.0228	3331.8	1	1000004	1	0	0	0	1	0
18255	1	93655	0	0	7	6	6	same	8	0	0	42.8	1	1	-10.59	-183.42	461.76	0	245.7	2.2559	-15.0000	4	0	1	0	0	0	0	-1				-1	-1	-1	-1		0.8047	1576.3	0	7	1	0	0	0	9	1
18255	1	93677	0	0	1000005	16	16	same	4	0	1	60.8	0	0	74.44	32.22	411.10	0	692.3	2.5813	-15.0000	4	0	1	0	0	0	0	-1				-1	-1	-1	-1		2.0011	15122.8	1	12	1	0	0	0	17	13
18255	1	93696	0	0	5	7	7	same	1	0	1	104.0	0	0	15.90	114.72	328.94	0	713.4	2.6285	-15.0000	4	0	1	0	0	0	0	-1				-1	-1	-1	-1		2.0111	2998.1	0	5	1	0	0	0	5	4
18255	1	93919	0	0	3	5	5	same	3	0	0	66.9	1	1	-83.68	142.31	162.94	0	486.9	1.7012	-11.7457	4	0	1	0	0	0	0	-1				-1	-1	-1	-1		1.8931	6316.1	0	3	1	0	1	1	6	3
18255	1	94029	0	0	2	10	10	same	9	0	0	127.5	1	1	-90.88	51.92	384.61	0	425.1	4.0102	-15.0000	4	0	1	0	0	0	0	-1				-1	-1	-1	-1		1.6368	5460.9	0	2	1	0	0	0	12	3
18255	1	94092	0	0	1000004	13	13	same	4	0	0	283.8	0	0	185.06	-7.15	245.11	0	801.3	3.2163	-15.0000	4	0	1	0	0	0	0	-1				-1	-1	-1	-1		1.9129	19039.8	1	5	1	0	0	0	5	1
18255	1	94224	0	0	2	17	17	same	4	0	1	57.8	0	0	-10.24	136.10	418.77	0	713.2	1.1588	-15.0000	4	0	1	0	0	0	0	-1				-1	-1	-1	-1		1.8478	18556.4	0	2	1	0	0	0	8	4
18255	1	94293	0	0	1	16	16	same	2	0	1	460.2	0	0	-39.64	23.28	38.73	0	1493.2	6.2246	-15.0000	4	0	1	0	0	0	0	-1				-1	-1	-1	-1		0.6815	37458.3	0	1	1	0	0	0	14	12
18255	1	95151	0	0	2	61	6	not_in_act	2	0	0	19.2	0	0	-185.68	-193.30	227.10	0	373.0	2.2780	-15.0000	4	0	1	0	0	0	0	-1				-1	-1	-1	-1		0.8728	13609.7	0	2	1	1	0	0	11	9
18255	1	95170	0	0	1	52	15	not_in_act	5	0	0	67.8	0	0	-172.62	11.65	183.07	0	313.0	-0.8595	-15.0000	8	0	0	1	0	0	0	-1				-1	-1	-1	-1		0.7001	21511.4	0	1	1	1	0	0	12	7
18255	1	95405	0	0	11	17	17	same	4	0	0	95.0	0	0	-35.40	-129.74	444.72	0	691.6	3.1036	-15.0000	4	0	1	0	0	0	0	-1				-1	-1	-1	-1		1.9819	6537.7	0	11	1	0	0	0	5	1
18255	1	95412	0	0	4	12	12	same	8	0	0	131.1	0	0	-43.55	-118.57	191.85	0	926.2	2.3807	-15.0000	4	0	1	0	0	0	0	-1				-1	-1	-1	-1		0.6828	16815.1	0	4	1	0	0	0	12	4
18255	1	95899	0	0	0	69	16	not_in_act	5	0	0	103.2	0	0	-84.16	8.98	158.17	0	850.3	1.7837	-15.0000	4	0	1	0	0	0	0	-1				-1	-1	-1	-1		0.8652	40140.7	0	0	1	1	0	0	20	15
18255	1	95911	0	0	1000010	5	5	same	1	0	1	15.9	0	0	47.38	144.78	322.43	0	166.4	-0.8612	-15.0000	4	0	1	0	0	0	0	-1				-1	-1	-1	-1		0.7236	742.8	1	1000010	1	0	0	0	1	0
18255	1	96251	0	0	7	15	15	same	3	0	1	3.6	0	0	-132.00	-35.37	304.84	0	124.6	-1.0880	-15.0000	10	1	0	1	0	1	0	-1				-1	-1	-1	-1		0.8203	4828.1	0	7	1	0	0	0	3	0
18255	1	96383	0	0	3	14	14	same	4	0	1	49.1	0	0	-95.88	49.92	68.44	0	528.4	0.1075	1.7384	8	0	0	1	0	0	0	-1				-1	-1	-1	-1		1.6443	13812.0	0	3	1	0	1	1	17	13
18255	1	96864	0	0	1000011	21	21	same	2	0	0	21.5	1	1	77.60	-42.95	490.44	0	397.2	1.4906	-15.0000	4	0	1	0	0	0	0	-1				-1	-1	-1	-1		1.0308	1710.7	1	19	1	0	0	0	4	2
18255	1	97033	0	0	7	32	32	same	8	1	0	26.5	1	1	-3.58	198.36	93.02	0	226.7	-1.7922	-15.0000	6	1	1	0	0	1	0	-1				-1	-1	-1	-1		0.9956	5066.6	0	7	1	0	0	0	12	4
18255	1	97062	0	0	1000002	15	15	same	4	0	1	104.9	0	0	35.90	41.50	420.09	0	592.9	0.9902	-15.0000	4	0	1	0	0	0	0	-1				-1	-1	-1	-1		1.9793	11725.4	1	12	1	0	0	0	5	1
18255	1	97084	0	0	1000003	12	12	same	7	0	1	139.6	1	1	114.64	23.10	280.38	0	629.6	2.8037	-15.0000	4	0	1	0	0	0	0	-1				-1	-1	-1	-1		1.1229	21582.9	1	10	1	0	0	0	18	11
18255	1	97231	0	0	0	18	18	same	1	0	1	316.4	0	0	-34.42	48.98	170.46	0	1241.0	2.8019	-15.0000	4	0	1	0	0	0	0	-1				-1	-1	-1	-1		1.3828	34129.0	0	0	1	0	0	0	7	6
18255	1	97260	0	0	1000002	6	6	same	1	0	1	357.0	0	0	12.38	23.74	105.66	0	1215.3	4.1321	-12.7702	4	0	1	0	0	0	0	-1				-1	-1	-1	-1		1.5303	20555.9	1	6	1	0	1	1	4	3
18255	1	97304	0	0	15	21	21	same	2	0	0	24.7	0	0	-51.60	185.64	441.96	0	205.8	-0.6708	-15.0000	6	1	1	0	0	1	0	-1				-1	-1	-1	-1		0.9999	454.8	0	15	1	0	0	0	10	8
18255	1	97473	0	0	8	8	8	same	5	0	1	5.2	0	0	-16.58	189.63	76.16	0	13.4	-1.0332	-15.0000	8	0	0	1	0	0	0	-1				-1	-1	-1	-1		0.9394	1600.1	0	8	1	0	0	0	5	0
18255	1	98294	0	0	1	17	17	same	8	0	0	25.2	0	0	-192.68	52.64	383.66	0	472.2	0.8084	-15.0000	8	0	0	1	0	0	0	-1				-1	-1	-1	-1		1.5157	32153.1	0	1	1	0	0	0	34	26
18255	1	98298	0	0	5	12	12	same	3	0	1	2.0	0	0	-105.15	187.23	482.55	0	123.8	-1.9983	-15.0000	8	0	0	1	0	0	0	-1				-1	-1	-1	-1		1.9882	1159.6	0	5	1	0	0	0	11	8
18255	1	98338	0	0	1000008	13	13	same	1	0	1	65.5	0	0	107.06	-8.96	448.51	0	468.3	2.5965	-15.0000	4	0	1	0	0	0	0	-1				-1	-1	-1	-1		1.1274	5012.8	1	1000008	1	0	0	0	5	4
18255	1	98353	0	0	4	13	13	same	5	0	0	14.2	0	0	-52.81	-128.95	1.92	0	188.9	-0.7170	-15.0000	10	1	0	1	0	1	0	-1				-1	-1	-1	-1		1.3762	5062.5	0	4	1	0	0	0	8	3
18255	1	98382	0	0	5	12	12	same	3	0	1	38.1	0	0	-99.14	-58.88	79.01	0	320.5	1.1152	-15.0000	6	1	1	0	0	1	0	-1				-1	-1	-1	-1		1.6241	7134.4	0	5	1	0	0	0	13	10
18255	1	98452	0	0	1000006	6	6	same	2	0	0	177.2	1	1	66.87	49.50	322.74	0	544.0	4.2088	-15.0000	4	0	1	0	0	0	0	-1				-1	-1	-1	-1		1.8616	13373.5	1	9	1	0	0	0	3	1
18255	1	98470	0	0	1000003	11	11	same	3	0	0	115.6	0	0	25.27	-152.16	412.60	0	759.6	4.3304	-15.0000	4	0	1	0	0	0	0	-1				-1	-1	-1	-1		1.8080	9715.8	1	4	1	0	0	0	6	3
18255	1	98474	0	0	1000003	14	14	same	2	0	1	1.8	1	1	190.64	-125.98	483.67	0	14.5	-3.5610	-15.0000	8	0	0	1	0	0	0	-1				-1	-1	-1	-1		1.2610	1176.0	1	1000003	1	0	0	0	5	3
18255	1	98529	0	0	3	16	16	same	3	0	0	109.2	0	0	-124.27	134.55	143.93	0	745.3	3.9679	-15.0000	4	0	1	0	0	0	0	-1				-1	-1	-1	-1		1.2659	16095.6	0	3	1	0	0	0	11	8
18255	1	98760	0	0	1000004	7	7	same	1	0	1	10.1	0	0	106.92	-24.14	47.88	0	164.6	-1.9068	-15.0000	10	1	0	1	0	1	0	-1				-1	-1	-1	-1		0.5652	8693.1	1	1000004	1	0	0	0	3	2
18255	1	98778	0	0	1000005	8	8	same	1	0	0	414.3	0	0	51.33	114.60	94.46	0	1252.0	4.9927	-15.0000	4	0	1	0	0	0	0	-1				-1	-1	-1	-1		1.8172	15554.8	1	4	1	0	0	0	8	7
18255	1	98844	0	0	4	6	6	same	9	0	0	104.9	0	0	-118.55	165.31	236.65	0	839.9	1.1609	-10.9940	4	0	1	0	0	0	0	-1				-1	-1	-1	-1		1.7110	15101.6	0	4	1	0	1	1	33	24
18255	1	98947	0	0	1000000	20	20	same	2	0	0	60.0	0	0	187.90	145.47	335.10	0	500.2	2.7878	-15.0000	4	0	1	0	0	0	0	-1				-1	-1	-1	-1		1.6661	27193.8	1	1000000	1	0	0	0	5	3
18255	1	99035	0	0	10	19	19	same	1	0	1	188.2	0	0	-2.26	15.46	145.56	0	811.9	3.7478	-15.0000	4	0	1	0	0	0	0	-1				-1	-1	-1	-1		0.6989	7335.9	0	10	1	0	0	0	2	1
18255	1	99284	0	0	7	12	12	same	2	0	1	1.9	0	0	-6.23	-156.57	34.78	0	12.7	-4.1803	-15.0000	8	0	0	1	0	0	0	-1				-1	-1	-1	-1		1.3443	1130.0	0	7	1	0	0	0	5	3
18255	1	99563	0	0	3	16	16	same	2	0	0	485.4	0	0	-91.45	-14.51	1.96	0	1339.9	-5.1589	-15.0000	6	1	1	0	0	1	0	-1				-1	-1	-1	-1		1.8152	25927.0	0	3	1	0	0	0	12	10
18255	1	99702	0	0	5	2	2	same	1	0	1	1.8	0	0	-136.98	-97.59	273.00	0	21.5	-2.9569	-15.0000	8	0	0	1	0	0	0	-1				-1	-1	-1	-1		1.9175	1439.7	0	5	1	0	0	0	9	8
18255	1	99838	0	0	1000002	14	14	same	7	0	1	435.3	1	1	90.66	-4.21	94.69	0	1550.6	4.2417	-15.0000	4	0	1	0	0	0	0	-1				-1	-1	-1	-1		1.7391	28629.9	1	8	1	0	0	0	20	13
18255	1	99959	0	0	1000003	13	13	same	1	0	1	7.0	0	0	114.49	-67.51	38.77	0	87.0	-0.6880	-15.0000	8	0	0	1	0	0	0	-1				-1	-1	-1	-1		0.7718	2563.5	1	1000003	1	0	0	0	1	0
18255	1	99966	0	0	9	17	17	same	3	0	1	13.8	0	0	-39.62	68.23	267.95	0	252.0	-2.3220	-15.0000	8	0	0	1	0	0	0	-1				-1	-1	-1	-1		1.1974	3283.3	0	9	1	0	0	0	6	3
18255	1	100080	0	0	8	17	17	same	2	0	0	37.8	0	0	-4.25	120.69	0.94	0	223.8	-0.4190	-15.0000	6	1	1	0	0	1	0	-1				-1	-1	-1	-1		1.5074	1281.8	0	8	1	0	0	0	3	1
18255	1	100135	0	0	1	14	14	same	3	0	0	399.1	0	0	-160.98	148.07	112.62	0	1325.2	4.1118	-15.0000	4	0	1	0	0	0	0	-1				-1	-1	-1	-1		1.4949	30530.9	0	1	1	0	0	0	15	12
18255	1	100190	0	0	15	6	6	same	1	0	0	2.1	0	0	0.00	0.00	0.00	1	0.0	-1.9417	-15.0000	0	0	0	0	0	0	0	-1				-1	-1	-1	-1		1.0304	170.3	0	15	0	0	0	0	1	0
18255	1	100245	0	0	1000006	12	12	same	5	0	1	72.1	0	0	103.52	87.74	260.74	0	402.0	0.3466	-15.0000	4	0	1	0	0	0	0	-1				-1	-1	-1	-1		1.0823	9554.0	1	16	1	0	0	0	5	0
18255	1	100322	0	0	1000006	16	16	same	1	0	1	143.6	0	0	95.70	-64.07	379.58	0	482.1	2.4007	-15.0000	4	0	1	0	0	0	0	-1				-1	-1	-1	-1		0.5811	11721.9	1	1000006	1	0	0	0	3	2
18255	1	100421	0	0	0	7	7	same	2	0	0	240.2	0	0	-181.38	-110.24	216.78	0	681.5	2.9784	-15.0000	4	0	1	0	0	0	0	-1				-1	-1	-1	-1		1.5189	46585.2	0	0	1	0	0	0	11	9
18255	1	100564	0	0	5	8	8	same	1	0	1	146.1	0	0	-51.33	182.05	244.18	0	605.8	3.7398	-15.0000	4	0	1	0	0	0	0	-1				-1	-1	-1	-1		1.5929	5210.2	0	5	1	0	0	0	3	2
18255	1	101224	0	0	1000006	12	12	same	2	0	0	51.9	0	0	95.71	-198.68	406.99	0	369.0	-0.6577	-15.0000	6	1	1	0	0	1	0	-1				-1	-1	-1	-1		1.4307	2634.9	1	13	1	0	0	0	17	15
18255	1	101466	0	0	12	7	7	same	1	0	1	8.0	0	0	-187.72	88.16	329.07	0	101.9	-1.0318	-15.0000	8	0	0	1	0	0	0	-1				-1	-1	-1	-1		2.0157	7585.4	0	12	1	0	0	0	3	2
18255	1	101554	0	0	2	13	13	same	2	0	1	254.4	0	0	-19.59	35.65	130.55	0	977.8	3.8156	-15.0000	4	0	1	0	0	0	0	-1				-1	-1	-1	-1		1.8357	24918.9	0	2	1	0	0	0	21	19
18255	1	101675	0	0	0	11	11	same	4	0	1	136.9	0	0	-148.38	40.75	66.85	0	987.5	2.1108	-15.0000	4	0	1	0	0	0	0	-1				-1	-1	-1	-1		1.0201	33311.3	0	0	1	0	0	0	19	15
18255	1	102247	0	0	8	13	13	same	5	0	1	3.4	0	0	-133.85	-94.75	215.59	0	12.0	-1.7732	-15.0000	8	0	0	1	0	0	0	-1				-1	-1	-1	-1		0.8000	1190.4	0	8	1	0	0	0	10	5
18255	1	102643	0	0	7	19	19	same	4	0	1	2.0	1	1	-8.44	70.10	289.27	0	10.2	-2.8494	-15.0000	8	0	0	1	0	0	0	-1				-1	-1	-1	-1		1.9252	1250.4	0	7	1	0	0	0	4	0
18255	1	102841	0	0	2	11	11	same	3	0	1	68.5	0	0	-152.03	79.32	299.57	0	458.9	2.8044	-15.0000	4	0	1	0	0	0	0	-1				-1	-1	-1	-1		1.5344	11621.6	0	2	1	0	0	0	14	11
18255	1	103061	0	0	7	4	4	same	1	0	1	3.6	0	0	-56.59	-137.88	300.86	0	66.5	-1.6160	-15.0000	8	0	0	1	0	0	0	-1				-1	-1	-1	-1		1.5788	3789.3	0	7	1	0	0	0	8	7
18255	1	103193	0	0	6	2	2	same	1	0	1	10.2	0	0	-153.69	-194.88	89.86	0	27.6	-2.2708	-15.0000	8	0	0	1	0	0	0	-1				-1	-1	-1	-1		1.2899	1800.8	0	6	1	0	0	0	1	0
18255	1	103204	0	0	1000006	20	20	same	3	0	0	142.7	0	0	92.46	-39.80	154.43	0	725.1	4.2420	-15.0000	4	0	1	0	0	0	0	-1				-1	-1	-1	-1		0.9040	23020.1	1	10	1	0	0	0	4	1
18255	1	103391	0	0	1000003	9	9	same	5	0	1	109.8	1	1	104.34	-36.35	320.49	0	701.4	3.7557	-15.0000	4	0	1	0	0	0	0	-1				-1	-1	-1	-1		0.9928	18660.8	1	5	1	0	0	0	14	9
18255	1	103545	0	0	1000000	18	18	same	7	1	0	19.4	1	1	192.66	138.16	332.35	0	124.0	-0.9376	-12.3280	8	0	0	1	0	0	0	-1				-1	-1	-1	-1		1.2161	27653.3	1	1000000	1	0	1	1	7	0
18255	1	103798	0	0	3	17	17	same	2	0	1	27.7	0	0	-70.14	103.02	166.39	0	511.0	0.2390	-15.0000	4	0	1	0	0	0	0	-1				-1	-1	-1	-1		1.9110	11297.4	0	3	1	0	0	0	39	37
18255	1	103952	0	0	4	21	15	in_act_not_selected	15	0	0	307.5	1	1	-60.58	128.48	268.50	0	615.5	1.3204	-15.0000	4	0	1	0	0	0	0	-1				-1	-1	-1	-1		0.8778	11295.6	0	4	1	1	0	0	16	1
18255	1	104172	0	0	0	24	24	same	17	1	0	44.6	1	1	-132.29	132.21	461.78	0	856.4	-0.0700	-15.0000	8	0	0	1	0	0	0	-1				-1	-1	-1	-1		1.0334	40154.7	0	0	1	0	0	0	33	16
18255	1	104216	0	0	0	10	10	same	1	0	0	148.2	0	0	-136.92	79.47	253.19	0	953.5	1.8639	-15.0000	4	0	1	0	0	0	0	-1				-1	-1	-1	-1		0.8180	28307.2	0	0	1	0	0	0	20	19
18255	1	104260	0	0	1	10	10	same	3	0	0	197.0	0	0	-75.26	-121.60	167.51	0	630.3	3.6671	-15.0000	4	0	1	0	0	0	0	-1				-1	-1	-1	-1		1.4957	25391.1	0	1	1	0	0	0	15	12
18255	1	104260	1	1	1000005	4	4	same	1	0	0	92.7	0	0	57.72	141.62	44.14	0	556.4	2.4362	-15.0000	4	0	1	0	0	0	0	-1				-1	-1	-1	-1		0.7706	5311.1	1	1000005	1	0	0	0	14	13
18255	1	104304	0	0	1000005	13	13	same	2	0	1	173.2	0	0	57.88	-76.33	223.64	0	841.8	3.5742	-15.0000	4	0	1	0	0	0	0	-1				-1	-1	-1	-1		0.5898	10278.9	1	7	1	0	0	0	3	1
18255	1	104920	0	0	3	9	9	same	4	0	0	195.5	0	0	-125.78	63.20	337.44	0	736.8	3.3560	-15.0000	4	0	1	0	0	0	0	-1				-1	-1	-1	-1		1.1582	14031.8	0	3	1	0	0	0	6	2
18255	1	105140	0	0	1000001	6	6	same	1	0	0	57.8	0	0	161.18	-86.64	466.06	0	264.0	1.6794	-15.0000	4	0	1	0	0	0	0	-1				-1	-1	-1	-1		1.9995	7158.2	1	1000001	1	0	0	0	3	2
18255	1	105316	0	0	1000000	20	20	same	15	0	1	41.7	0	0	108.22	-38.44	177.03	0	483.7	0.8099	-15.0000	4	0	1	0	0	0	0	-1				-1	-1	-1	-1		1.9503	25256.5	1	10	1	0	0	0	30	15
18255	1	105404	0	0	5	4	4	same	1	0	0	64.8	0	0	-120.19	199.92	178.27	0	323.7	-0.6873	-15.0000	10	1	0	1	0	1	0	-1				-1	-1	-1	-1		1.9714	4130.8	0	5	1	0	0	0	8	7
18255	1	105426	0	0	1000007	10	10	same	1	0	1	47.5	0	0	105.60	114.78	390.29	0	377.9	0.9320	-15.0000	4	0	1	0	0	0	0	-1				-1	-1	-1	-1		0.6891	5951.0	1	1000007	1	0	0	0	2	1
18255	1	105492	0	0	1000004	9	9	same	7	0	1	15.4	1	1	50.70	-52.82	179.79	0	121.6	-0.7843	-15.0000	8	0	0	1	0	0	0	-1				-1	-1	-1	-1		1.3082	2516.0	1	4	1	0	0	0	10	3
18255	1	275011	0	0	3	11	11	same	2	0	0	25.5	0	0	-200.60	110.51	87.00	0	250.5	-1.4778	-8.8777	10	1	0	1	0	1	0	-1				-1	-1	-1	-1		0.5430	14408.0	0	3	1	0	1	1	17	15
18255	1	275231	0	0	1000000	6	6	same	5	0	0	523.8	0	0	171.63	104.27	27.31	0	1794.7	3.5306	-15.0000	4	0	1	0	0	0	0	-1				-1	-1	-1	-1		1.7360	60008.3	1	3	1	0	0	0	10	5
18255	1	275385	0	0	0	19	19	same	3	0	0	151.6	1	1	-156.02	-100.79	317.53	0	240.9	-0.3046	-15.0000	4	0	1	0	0	0	0	-1				-1	-1	-1	-1		0.6898	34852.4	0	0	1	0	0	0	8	5
18255	1	275539	0	0	3	12	12	same	5	0	1	84.7	0	0	-16.34	-7.01	453.16	0	481.1	3.6541	-15.0000	4	0	1	0	0	0	0	-1				-1	-1	-1	-1		1.6191	10238.1	0	3	1	0	0	0	11	6
18255	1	276925	0	0	4	8	8	same	6	0	0	75.7	1	1	-41.27	177.86	207.63	0	477.5	2.7864	-15.0000	4	0	1	0	0	0	0	-1				-1	-1	-1	-1		1.7848	6550.7	0	4	1	0	0	0	20	14
18255	1	277123	0	0	1000002	8	8	same	7	0	1	164.8	0	0	63.18	24.71	147.68	0	504.5	2.7066	-15.0000	4	0	1	0	0	0	0	-1				-1	-1	-1	-1		1.7393	12512.2	1	7	1	0	0	0	10	3
18255	1	278509	0	0	1000008	9	9	same	1	0	0	86.3	0	0	65.52	-14.63	2.26	0	335.5	-1.9692	-15.0000	6	1	1	0	0	1	0	-1				-1	-1	-1	-1		1.8528	6633.5	1	1000008	1	0	0	0	10	9
18255	1	279213	0	0	5	9	9	same	9	0	0	43.7	0	0	-126.86	112.32	471.78	0	237.4	1.2941	-15.0000	4	0	1	0	0	0	0	-1				-1	-1	-1	-1		1.2982	1863.8	0	5	1	0	0	0	11	2
18255	1	279537	0	0	1000003	7	7	same	1	0	1	67.2	0	0	19.50	149.21	355.86	0	461.9	0.9142	-15.0000	4	0	1	0	0	0	0	-1				-1	-1	-1	-1		1.7872	7729.4	1	16	1	0	0	0	4	3
18255	1	279955	0	0	5	16	16	same	3	0	1	215.3	1	1	-99.41	129.57	265.49	0	614.4	3.9088	-15.0000	4	0	1	0	0	0	0	-1				-1	-1	-1	-1		1.1581	14104.4	0	5	1	0	0	0	4	1
18255	1	279977	0	0	1000007	15	15	same	4	0	0	47.9	0	0	77.03	-108.72	455.82	0	250.9	2.6278	-15.0000	4	0	1	0	0	0	0	-1				-1	-1	-1	-1		0.8969	1915.7	1	1000007	1	0	0	0	5	1
18255	1	280153	0	0	3	3	3	same	2	0	0	38.9	0	0	-176.23	63.31	353.73	0	372.9	0.9115	-15.0000	4	0	1	0	0	0	0	-1				-1	-1	-1	-1		1.7633	4670.1	0	3	1	0	0	0	2	0
18255	1	280159	0	0	0	13	13	same	4	0	0	169.3	0	0	-177.17	159.85	355.70	0	2622.0	2.3965	-15.0000	4	0	1	0	0	0	0	-1				-1	-1	-1	-1		1.3146	77937.6	0	0	1	0	0	0	47	43
18255	1	280329	0	0	1000007	40	12	not_in_act	3	0	1	94.9	1	1	165.62	-187.02	29.28	0	604.1	-0.2539	-15.0000	8	0	0	1	0	0	0	-1				-1	-1	-1	-1		1.6431	14090.8	1	1000007	1	1	0	0	12	9
18255	1	280351	0	0	1000003	10	10	same	8	0	0	31.5	0	0	126.72	-27.83	481.44	0	323.1	3.1897	-15.0000	4	0	1	0	0	0	0	-1				-1	-1	-1	-1		0.7525	4025.1	1	12	1	0	0	0	9	1
18255	1	280709	0	0	1	46	11	not_in_act	4	0	0	25.0	0	0	-173.96	78.96	176.37	0	241.0	-1.3290	-13.0216	8	0	0	1	0	0	0	-1				-1	-1	-1	-1		1.6244	29777.0	0	1	1	1	1	1	19	15
18255	1	280819	0	0	8	14	14	same	4	0	1	2.4	0	0	-31.97	-86.09	30.13	0	27.6	-1.6996	-15.0000	8	0	0	1	0	0	0	-1				-1	-1	-1	-1		1.8678	1078.1	0	8	1	0	0	0	6	2
18255	1	280945	0	0	5	5	5	same	1	0	1	105.1	0	0	16.58	108.80	338.67	0	382.4	3.2171	-15.0000	6	1	1	0	0	1	0	-1				-1	-1	-1	-1		1.9941	4054.6	0	5	1	0	0	0	7	6
18255	1	281165	0	0	1000007	16	16	same	12	0	0	138.4	0	0	-25.41	-137.63	386.20	0	962.3	2.9035	-15.0000	4	0	1	0	0	0	0	-1				-1	-1	-1	-1		0.8612	1517.4	1	0	1	0	0	0	22	10
18255	1	281325	0	0	1000003	42	8	not_in_act	3	0	1	17.3	1	1	130.13	145.61	223.39	0	256.4	-1.5712	-11.6699	8	0	0	1	0	0	0	-1				-1	-1	-1	-1		0.7028	10035.3	1	12	1	1	1	1	22	19
18255	1	281567	0	0	1	9	9	same	7	0	1	43.8	0	0	-63.96	-104.18	97.49	0	1835.0	-0.8745	-3.0158	4	0	1	0	0	0	0	-1				-1	-1	-1	-1		1.5501	38169.7	0	1	1	0	1	1	79	72
18255	1	281781	0	0	1	90	14	not_in_act	3	0	1	35.1	0	0	-103.97	120.69	199.83	0	799.7	-0.8133	-15.0000	8	0	0	1	0	0	0	-1				-1	-1	-1	-1		2.0078	26366.5	0	1	1	1	0	0	55	52
18255	1	281985	0	0	1000008	17	17	same	2	0	0	67.7	1	1	47.05	76.87	471.36	0	521.9	2.2546	-15.0000	4	0	1	0	0	0	0	-1				-1	-1	-1	-1		1.4693	3865.1	1	15	1	0	0	0	5	3
18255	1	282067	0	0	1000004	14	14	same	4	0	1	48.6	0	0	114.85	-49.81	155.90	0	351.4	0.7867	-15.0000	4	0	1	0	0	0	0	-1				-1	-1	-1	-1		1.7378	6733.8	1	10	1	0	0	0	7	3
18255	1	282271	0	0	1000000	6	6	same	28	0	1	79.0	0	0	42.38	44.17	57.08	0	655.1	0.1045	-1.8427	8	0	0	1	0	0	0	-1				-1	-1	-1	-1		1.5518	41323.2	1	6	1	0	1	1	45	17
18255	1	282491	0	0	3	18	18	same	2	0	1	119.7	1	1	-144.28	32.37	161.92	0	412.0	1.5315	-15.0000	4	0	1	0	0	0	0	-1				-1	-1	-1	-1		1.3633	11202.0	0	3	1	0	0	0	4	2
18255	1	282749	0	0	1000001	17	17	same	3	0	1	104.4	1	1	108.29	-69.87	26.23	0	910.6	2.8518	-15.0000	4	0	1	0	0	0	0	-1				-1	-1	-1	-1		2.0205	17851.7	1	1000001	1	0	0	0	8	5
18255	1	282837	0	0	4	2	2	same	1	0	1	139.0	0	0	-92.14	-53.44	156.76	0	538.9	4.3343	-7.3963	6	1	1	0	0	1	0	-1				-1	-1	-1	-1		1.3477	16920.1	0	4	1	0	1	1	11	10
18255	1	282909	0	0	0	4	4	same	2	0	0	46.8	0	0	-177.34	-186.43	101.05	0	1066.2	0.1685	0.2493	8	0	0	1	0	0	0	-1				-1	-1	-1	-1		0.7728	53032.1	0	0	1	0	1	1	36	34
18255	1	283013	0	0	4	14	14	same	3	0	0	113.8	0	0	-126.99	-199.08	81.79	0	386.3	-1.2580	-15.0000	6	1	1	0	0	1	0	-1				-1	-1	-1	-1		1.3819	4671.6	0	4	1	0	0	0	3	0
18255	1	283035	0	0	1000012	9	9	same	1	0	1	1.5	0	0	111.93	-144.76	444.84	0	2.7	-1.7729	-15.0000	8	0	0	1	0	0	0	-1				-1	-1	-1	-1		1.2041	1129.2	1	1000012	1	0	0	0	5	4
18255	1	283299	0	0	1000009	11	11	same	2	0	0	275.2	0	0	-20.75	18.42	224.14	0	981.3	3.0478	-15.0000	4	0	1	0	0	0	0	-1				-1	-1	-1	-1		1.5413	7604.7	1	1	1	0	0	0	27	25
18255	1	283525	0	0	5	9	9	same	2	0	1	1.9	0	0	-159.85	-67.41	481.13	0	111.8	-3.3882	-15.0000	8	0	0	1	0	0	0	-1				-1	-1	-1	-1		1.3105	1034.4	0	5	1	0	0	0	7	5
18255	1	283568	0	0	0	18	18	same	4	0	0	122.0	0	0	-141.63	119.74	225.04	0	1173.6	2.0252	-15.0000	6	1	1	0	0	1	0	-1				-1	-1	-1	-1		1.5541	40341.2	0	0	1	0	0	0	25	21
18255	1	283590	0	0	3	7	7	same	3	0	1	10.4	0	0	-133.50	-181.37	249.96	0	364.9	-0.3288	-15.0000	4	0	1	0	0	0	0	-1				-1	-1	-1	-1		1.5176	1236.5	0	3	1	0	0	0	10	7
18255	1	283591	0	0	4	14	14	same	3	0	0	268.4	1	1	-79.62	126.33	26.31	0	832.5	4.1846	-15.0000	4	0	1	0	0	0	0	-1				-1	-1	-1	-1		0.9770	6376.8	0	4	1	0	0	0	3	0
18255	1	283833	0	0	2	11	11	same	10	0	0	433.2	0	0	-57.86	-157.72	1.46	0	1279.4	-3.7672	-15.0000	6	1	1	0	0	1	0	-1				-1	-1	-1	-1		0.4593	19988.9	0	2	1	0	0	0	18	8
18255	1	283849	0	0	1000002	7	7	same	3	0	0	128.2	0	0	48.17	-15.38	401.32	0	610.9	3.2432	-15.0000	4	0	1	0	0	0	0	-1				-1	-1	-1	-1		1.3513	18228.9	1	10	1	0	0	0	3	0
18255	1	284047	0	0	1000003	5	5	same	1	0	1	19.6	0	0	141.27	-65.37	425.87	0	280.0	-2.0369	-15.0000	8	0	0	1	0	0	0	-1				-1	-1	-1	-1		1.3352	5732.9	1	1000003	1	0	0	0	1	0
18255	1	284206	0	0	2	10	10	same	4	0	1	33.4	0	0	-166.12	-102.89	392.82	0	467.8	0.2280	0.0734	8	0	0	1	0	0	0	-1				-1	-1	-1	-1		1.8229	28464.6	0	2	1	0	1	1	8	4
18255	1	285350	0	0	1000004	18	18	same	1	0	1	80.1	0	0	120.90	84.85	318.71	0	469.7	3.2354	-15.0000	4	0	1	0	0	0	0	-1				-1	-1	-1	-1		1.7278	9264.1	1	1000004	1	0	0	0	5	4
18255	1	285680	0	0	1000007	39	13	not_in_act	3	0	0	83.2	0	0	-21.61	132.83	87.39	0	784.1	-0.2050	-15.0000	8	0	0	1	0	0	0	-1				-1	-1	-1	-1		0.5464	2125.7	1	4	1	1	0	0	7	4
18255	1	286076	0	0	5	12	12	same	3	0	1	2.7	0	0	-58.85	-62.39	39.67	0	27.7	-3.1948	-15.0000	8	0	0	1	0	0	0	-1				-1	-1	-1	-1		0.6436	1478.4	0	5	1	0	0	0	16	13
18255	1	286120	0	0	1000008	6	6	same	1	0	1	1.6	0	0	145.39	-37.69	297.07	0	107.6	-2.4450	-15.0000	8	0	0	1	0	0	0	-1				-1	-1	-1	-1		0.5678	2162.0	1	1000008	1	0	0	0	2	1
18255	1	286296	0	0	0	22	13	in_act_not_selected	17	0	0	15.8	1	1	-192.41	-93.61	56.34	0	443.0	0.8450	-15.0000	8	0	0	1	0	0	0	-1				-1	-1	-1	-1		1.4126	99867.7	0	0	1	1	0	0	24	7
18255	1	286489	0	0	0	13	13	same	3	0	0	47.9	1	1	-173.38	-186.30	135.92	0	513.1	2.0131	-15.0000	6	1	1	0	0	1	0	-1				-1	-1	-1	-1		0.9310	19344.6	0	0	1	0	0	0	6	3
18255	1	287132	0	0	13	11	11	same	1	0	0	0.9	0	0	0.00	0.00	0.00	1	0.0	-1.9417	-15.0000	0	0	0	0	0	0	0	-1				-1	-1	-1	-1		0.5488	212.5	0	13	0	0	0	0	1	0
18255	1	287332	0	0	1000005	22	22	same	9	1	0	67.5	1	1	59.63	165.81	0.05	0	282.5	-2.0265	-15.0000	6	1	1	0	0	1	0	-1				-1	-1	-1	-1		1.9159	3715.6	1	11	1	0	0	0	9	0
18255	1	287374	0	0	0	17	17	same	6	0	0	121.1	0	0	-191.54	-126.23	421.83	0	410.9	2.3724	-15.0000	6	1	1	0	0	1	0	-1				-1	-1	-1	-1		1.4480	18540.5	0	0	1	0	0	0	8	2
18255	1	287464	0	0	1000002	8	8	same	18	0	0	48.3	0	0	120.93	183.16	237.57	0	365.6	2.2535	-15.0000	6	1	1	0	0	1	0	-1				-1	-1	-1	-1		1.3079	12232.0	1	7	1	0	0	0	21	3
18255	1	287638	0	0	5	4	4	same	1	0	0	111.1	0	0	-106.16	-117.21	416.06	0	388.1	2.3766	-15.0000	4	0	1	0	0	0	0	-1				-1	-1	-1	-1		1.4653	5581.0	0	5	1	0	0	0	5	4
18255	1	287638	1	1	1000007	16	16	same	2	0	1	16.8	1	1	95.19	172.13	227.02	0	228.9	-1.8874	-14.3806	8	0	0	1	0	0	0	-1				-1	-1	-1	-1		1.0917	2451.3	1	1000007	1	0	1	1	11	9
18255	1	287662	0	0	7	20	20	same	10	0	1	52.1	0	0	-74.48	126.88	194.96	0	463.0	0.2573	-15.0000	4	0	1	0	0	0	0	-1				-1	-1	-1	-1		1.1592	4375.8	0	7	1	0	0	0	13	3
18255	1	287770	0	0	1000004	20	20	same	2	0	1	158.7	0	0	26.54	87.71	175.37	0	718.7	4.7356	-15.0000	4	0	1	0	0	0	0	-1				-1	-1	-1	-1		0.9286	14193.7	1	14	1	0	0	0	4	2
18255	1	287794	0	0	4	5	5	same	2	0	0	139.3	0	0	-161.61	-179.92	392.63	0	981.1	2.8771	-15.0000	4	0	1	0	0	0	0	-1				-1	-1	-1	-1		0.6325	18829.5	0	4	1	0	0	0	6	4
18255	1	287926	0	0	1	21	21	same	4	0	1	375.9	0	0	-150.51	-140.96	187.04	0	1003.9	4.4469	-15.0000	6	1	1	0	0	1	0	-1				-1	-1	-1	-1		0.5496	29500.7	0	1	1	0	0	0	12	8
18255	1	288012	0	0	2	10	10	same	4	0	0	154.9	0	0	-158.86	35.08	108.65	0	737.8	5.2473	-15.0000	4	0	1	0	0	0	0	-1				-1	-1	-1	-1		0.6256	33657.2	0	2	1	0	0	0	12	8
18255	1	289246	0	0	7	16	16	same	24	0	0	110.0	0	0	-133.94	22.39	443.06	0	820.3	4.0180	-15.0000	4	0	1	0	0	0	0	-1				-1	-1	-1	-1		0.8432	8977.1	0	7	1	0	0	0	28	4
18255	1	289464	0	0	1000002	11	11	same	1	0	1	293.7	0	0	72.10	-145.31	139.35	0	1207.3	4.2898	-15.0000	4	0	1	0	0	0	0	-1				-1	-1	-1	-1		1.3487	17391.9	1	11	1	0	0	0	7	6
18255	1	289862	0	0	5	5	5	same	1	0	1	16.4	0	0	-195.39	-63.11	11.87	0	181.0	-2.1527	-15.0000	8	0	0	1	0	0	0	-1				-1	-1	-1	-1		1.9425	3153.1	0	5	1	0	0	0	2	1
18255	1	290542	0	0	6	6	6	same	1	0	1	166.3	0	0	-55.99	67.16	438.96	0	609.3	2.4249	-15.0000	8	0	0	1	0	0	0	-1				-1	-1	-1	-1		1.4276	13431.0	0	6	1	0	0	0	3	2
18255	1	290588	0	0	1	14	14	same	4	0	1	70.0	0	0	-47.18	136.68	198.56	0	576.4	2.5057	-15.0000	4	0	1	0	0	0	0	-1				-1	-1	-1	-1		0.8311	18015.0	0	1	1	0	0	0	22	18
18255	1	290654	0	0	6	28	23	in_act_not_selected	8	0	0	165.8	0	0	-73.82	123.33	367.56	0	747.9	2.8579	-15.0000	4	0	1	0	0	0	0	-1				-1	-1	-1	-1		0.7848	12727.4	0	6	1	1	0	0	10	2
18255	1	290718	0	0	6	8	8	same	2	0	0	476.9	0	0	-23.70	141.78	32.74	0	1230.4	4.6919	-15.0000	4	0	1	0	0	0	0	-1				-1	-1	-1	-1		0.6246	16429.8	0	6	1	0	0	0	4	2
18255	1	291072	0	0	1000006	20	20	same	1	0	1	47.3	0	0	152.88	117.80	404.88	0	676.0	0.3144	15.3525	40	0	0	1	1	0	0	-1				-1	-1	-1	-1		1.5426	17893.5	1	1000006	1	0	1	1	27	26
18255	1	292370	0	0	1000003	17	17	same	2	0	1	149.4	1	1	168.69	-55.78	123.37	0	595.2	4.3909	-15.0000	4	0	1	0	0	0	0	-1				-1	-1	-1	-1		1.7559	17037.6	1	11	1	0	0	0	4	2
18255	1	292436	0	0	1000004	11	11	same	11	0	0	231.3	0	0	90.75	103.92	298.82	0	984.8	4.4442	-15.0000	4	0	1	0	0	0	0	-1				-1	-1	-1	-1		1.4993	19310.2	1	10	1	0	0	0	12	1
18255	1	292524	0	0	1000000	9	9	same	2	0	0	176.5	0	0	174.88	84.61	155.09	0	1096.9	3.1582	-15.0000	4	0	1	0	0	0	0	-1				-1	-1	-1	-1		1.9499	63926.6	1	12	1	0	0	0	22	20
18255	1	292568	0	0	1000001	9	9	same	11	0	1	263.3	1	1	35.10	-96.16	285.64	0	1028.9	4.5756	-15.0000	4	0	1	0	0	0	0	-1				-1	-1	-1	-1		1.6110	26713.5	1	7	1	0	0	0	19	8
18255	1	292722	0	0	1000007	10	10	same	3	0	1	102.2	0	0	8.74	58.88	52.19	0	590.3	2.8429	-15.0000	4	0	1	0	0	0	0	-1				-1	-1	-1	-1		0.9436	11920.0	1	11	1	0	0	0	7	4
18255	1	292788	0	0	1000001	13	13	same	3	0	1	141.9	0	0	152.94	93.13	127.42	0	736.3	4.1028	-15.0000	4	0	1	0	0	0	0	-1				-1	-1	-1	-1		0.5686	25089.5	1	8	1	0	0	0	6	3
18255	1	292810	0	0	2	2	2	same	1	0	1	44.4	0	0	-11.77	-122.55	177.39	0	319.1	0.0687	-9.8353	8	0	0	1	0	0	0	-1				-1	-1	-1	-1		0.7806	22266.5	0	2	1	0	1	1	11	10
18255	1	293470	0	0	7	1	1	same	1	0	1	158.6	0	0	-66.96	-170.67	115.86	0	526.6	3.0774	-15.0000	6	1	1	0	0	1	0	-1				-1	-1	-1	-1		1.8167	10962.6	0	7	1	0	0	0	11	10
18255	1	293536	0	0	6	17	17	same	2	0	0	32.7	0	0	-8.46	163.37	93.82	0	249.9	-1.0662	-4.5274	8	0	0	1	0	0	0	-1				-1	-1	-1	-1		1.5525	5654.9	0	6	1	0	1	1	10	8
18255	1	293734	0	0	4	12	12	same	3	0	0	60.2	0	0	-150.27	-194.57	474.50	0	600.7	3.1875	-15.0000	4	0	1	0	0	0	0	-1				-1	-1	-1	-1		1.4102	8264.0	0	4	1	0	0	0	3	0
18255	1	294174	0	0	1000001	16	16	same	8	0	1	250.3	0	0	122.79	-15.28	159.53	0	1021.2	3.8136	-15.0000	4	0	1	0	0	0	0	-1				-1	-1	-1	-1		0.8686	37725.9	1	7	1	0	0	0	35	27
18255	1	294922	0	0	1	8	8	same	5	0	1	5.1	1	2	-135.46	-40.89	430.40	0	47.6	-0.2580	-15.0000	8	0	0	1	0	0	0	-1				-1	-1	-1	-1		0.7914	6800.5	0	1	1	0	0	0	30	25
18255	1	315955	0	0	8	17	17	same	2	0	1	76.8	0	0	-146.18	149.73	321.85	0	541.1	1.2799	-15.0000	4	0	1	0	0	0	0	-1				-1	-1	-1	-1		0.6857	9373.9	0	8	1	0	0	0	5	3
18255	1	316021	0	0	4	5	5	same	1	0	0	124.4	0	0	-62.20	-41.63	2.61	0	829.4	-2.1609	-15.0000	6	1	1	0	0	1	0	-1				-1	-1	-1	-1		0.6584	12460.1	0	4	1	0	0	0	3	2
18255	1	316197	0	0	9	17	17	same	3	0	1	35.0	1	1	-31.00	195.36	470.72	0	215.0	0.4497	-15.0000	6	1	1	0	0	1	0	-1				-1	-1	-1	-1		0.9975	1130.5	0	9	1	0	0	0	3	0
18255	1	316811	0	0	2	8	8	same	4	0	1	80.8	1	1	-91.89	-26.51	199.14	0	513.7	2.2181	-15.0000	4	0	1	0	0	0	0	-1				-1	-1	-1	-1		2.0101	15393.9	0	2	1	0	0	0	17	13
18255	1	316987	0	0	0	9	9	same	3	0	1	153.2	0	0	-90.66	166.10	179.67	0	857.3	3.6978	-15.0000	4	0	1	0	0	0	0	-1				-1	-1	-1	-1		1.3853	23158.3	0	0	1	0	0	0	8	5
18255	1	317077	0	0	9	14	14	same	2	0	1	16.0	0	0	-87.94	-45.21	454.69	0	163.9	-1.6331	-10.7162	8	0	0	1	0	0	0	-1				-1	-1	-1	-1		0.9191	2223.9	0	9	1	0	1	1	13	11
18255	1	317341	0	0	4	5	5	same	1	0	0	1.2	0	0	0.00	0.00	0.00	1	0.0	-1.9417	-15.0000	0	0	0	0	0	0	0	-1				-1	-1	-1	-1		0.5930	2872.1	0	4	0	0	0	0	1	0
18255	1	317407	0	0	1000002	12	12	same	4	0	0	365.1	0	0	184.13	-186.74	67.75	0	1095.5	2.2242	-12.6013	4	0	1	0	0	0	0	-1				-1	-1	-1	-1		1.9507	27709.1	1	11	1	0	1	1	11	7
18255	1	317539	0	0	2	19	19	same	3	0	1	172.0	0	0	-10.09	-176.43	292.82	0	667.4	2.7361	-13.0636	4	0	1	0	0	0	0	-1				-1	-1	-1	-1		1.1594	13119.7	0	2	1	0	1	1	13	10
18255	1	317911	0	0	1000007	25	25	same	4	0	0	66.8	1	1	171.78	132.70	-0.52	0	287.6	-0.8320	-15.0000	6	1	1	0	0	1	0	-1				-1	-1	-1	-1		1.3165	3329.7	1	1000007	1	0	0	0	4	0
18255	1	317957	0	0	1000007	10	10	same	1	0	0	61.9	0	0	130.50	175.07	414.20	0	333.9	3.2401	-15.0000	4	0	1	0	0	0	0	-1				-1	-1	-1	-1		1.2578	3444.1	1	1000007	1	0	0	0	2	1
18255	1	318021	0	0	10	11	11	same	1	0	0	24.0	0	0	-63.49	-191.34	90.85	0	217.5	-2.1656	-15.0000	8	0	0	1	0	0	0	-1				-1	-1	-1	-1		0.9263	2927.4	0	10	1	0	0	0	4	3
18255	1	318197	0	0	5	16	16	same	2	0	1	2.8	0	0	-59.40	180.20	63.37	0	125.3	-2.3738	-15.0000	8	0	0	1	0	0	0	-1				-1	-1	-1	-1		1.7827	2589.2	0	5	1	0	0	0	14	12
18255	1	318549	0	0	6	4	4	same	1	0	1	9.3	0	0	-61.22	172.18	359.56	0	107.9	-1.8962	-15.0000	8	0	0	1	0	0	0	-1				-1	-1	-1	-1		1.3357	1904.3	0	6	1	0	0	0	2	1
18255	1	318703	0	0	1	12	12	same	12	0	0	302.3	0	0	-50.19	-33.15	252.27	0	1341.1	6.2947	-15.0000	4	0	1	0	0	0	0	-1				-1	-1	-1	-1		1.7625	24792.3	0	1	1	0	0	0	30	18
18255	1	318749	0	0	1000001	9	9	same	1	0	0	1.0	0	0	0.00	0.00	0.00	1	0.0	-1.9417	-15.0000	0	0	0	0	0	0	0	-1				-1	-1	-1	-1		1.1231	16123.6	1	5	0	0	0	0	1	0
18255	1	318769	0	0	1000006	19	19	same	36	0	1	54.2	0	0	90.76	7.26	205.49	0	925.6	0.3951	-15.0000	4	0	1	0	0	0	0	-1				-1	-1	-1	-1		1.6507	16470.1	1	14	1	0	0	0	61	25
18255	1	318857	0	0	1000005	18	18	same	2	0	1	12.9	0	0	92.38	-114.52	370.85	0	141.2	-3.7440	-15.0000	8	0	0	1	0	0	0	-1				-1	-1	-1	-1		1.5988	3552.8	1	11	1	0	0	0	6	4
18255	1	319057	0	0	1	8	8	same	1	0	0	1.5	0	0	0.00	0.00	0.00	1	0.0	-1.9417	-15.0000	0	0	0	0	0	0	0	-1				-1	-1	-1	-1		1.5407	20130.9	0	1	0	0	0	0	1	0
18255	1	319275	0	0	1000001	17	17	same	5	1	0	155.9	1	1	122.19	199.96	92.74	0	489.9	-3.4143	-15.0000	6	1	1	0	0	1	0	-1				-1	-1	-1	-1		1.6068	12835.2	1	10	1	0	0	0	6	1
18255	1	319321	0	0	15	6	6	same	1	0	0	2.9	0	0	0.00	0.00	0.00	1	0.0	-1.9417	-15.0000	0	0	0	0	0	0	0	-1				-1	-1	-1	-1		0.6993	120.0	0	15	0	0	0	0	1	0
18255	1	319475	0	0	1000000	20	18	in_act_not_selected	16	0	0	68.6	0	0	131.93	163.51	282.60	0	878.6	-0.0143	-15.0000	4	0	1	0	0	0	0	-1				-1	-1	-1	-1		0.8702	29501.0	1	1000000	1	1	0	0	24	8
18255	1	319871	0	0	10	29	29	same	2	0	0	83.4	0	0	-142.06	174.63	122.64	0	557.5	2.5904	-15.0000	4	0	1	0	0	0	0	-1				-1	-1	-1	-1		1.7184	10409.0	0	10	1	0	0	0	9	7
18255	1	319913	0	0	6	8	8	same	10	0	1	64.4	0	0	-35.82	-87.28	331.13	0	449.7	1.4879	-15.0000	4	0	1	0	0	0	0	-1				-1	-1	-1	-1		0.7451	3075.1	0	6	1	0	0	0	11	1
18255	1	320289	0	0	8	19	19	same	6	0	1	53.1	0	0	-85.26	-193.24	258.88	0	566.0	1.4000	-15.0000	4	0	1	0	0	0	0	-1				-1	-1	-1	-1		1.9506	5581.0	0	8	1	0	0	0	17	11
18255	1	320485	0	0	1000003	19	19	same	4	0	1	128.2	1	1	102.45	-106.14	42.14	0	741.8	2.8786	-15.0000	4	0	1	0	0	0	0	-1				-1	-1	-1	-1		1.9647	15038.5	1	14	1	0	0	0	10	6
18255	1	320575	0	0	1000000	5	5	same	7	0	1	9.0	0	0	151.79	121.44	45.58	0	227.5	-1.6193	-15.0000	8	0	0	1	0	0	0	-1				-1	-1	-1	-1		1.4356	7871.4	1	5	1	0	0	0	11	4
18255	1	320925	0	0	1000008	12	12	same	1	0	1	2.0	0	0	19.81	46.20	360.18	0	17.0	-3.2302	-15.0000	8	0	0	1	0	0	0	-1				-1	-1	-1	-1		1.8481	1132.8	1	1000008	1	0	0	0	5	4
18255	1	321015	0	0	1000003	16	16	same	2	0	0	146.5	1	1	139.55	56.54	379.44	0	876.8	5.0528	-15.0000	4	0	1	0	0	0	0	-1				-1	-1	-1	-1		1.8460	18908.3	1	1000003	1	0	0	0	20	18
18255	1	321169	0	0	4	16	16	same	11	0	1	32.1	1	2	-84.79	129.70	227.65	0	532.7	-0.9949	-15.0000	4	0	1	0	0	0	0	-1				-1	-1	-1	-1		0.8168	7538.6	0	4	1	0	0	0	22	11
18255	1	321235	0	0	1000000	11	11	same	5	0	0	232.4	1	1	100.68	-0.08	188.75	0	1006.4	-0.6447	-15.0000	10	1	0	1	0	1	0	-1				-1	-1	-1	-1		1.5150	42467.1	1	9	1	0	0	0	6	1
18255	1	321367	0	0	1000002	3	3	same	16	0	0	54.3	0	0	14.86	68.54	457.14	0	876.4	2.9588	-15.0000	4	0	1	0	0	0	0	-1				-1	-1	-1	-1		1.9019	6653.4	1	7	1	0	0	0	23	7
18255	1	321629	0	0	2	10	10	same	5	0	1	180.4	0	0	-129.98	52.27	210.25	0	815.2	4.1963	-15.0000	4	0	1	0	0	0	0	-1				-1	-1	-1	-1		0.9246	26397.4	0	2	1	0	0	0	22	17
18255	1	321741	0	0	1000004	16	16	same	1	0	0	132.4	0	0	44.20	-155.58	6.82	0	535.3	2.5806	-15.0000	4	0	1	0	0	0	0	-1				-1	-1	-1	-1		1.9466	5258.9	1	9	1	0	0	0	4	3
18255	1	321849	0	0	1000001	21	21	same	6	0	0	176.4	0	0	90.38	-99.77	372.06	0	1074.4	4.1752	-15.0000	4	0	1	0	0	0	0	-1				-1	-1	-1	-1		0.7284	50172.8	1	12	1	0	0	0	25	19
18255	1	321895	0	0	1000003	7	7	same	1	0	1	95.1	0	0	68.54	41.46	237.01	0	895.1	1.0045	-15.0000	4	0	1	0	0	0	0	-1				-1	-1	-1	-1		1.4409	15785.0	1	9	1	0	0	0	2	1
18255	1	321937	0	0	1000007	22	22	same	4	0	1	232.7	0	0	115.11	25.24	275.13	0	838.6	3.7804	-15.0000	4	0	1	0	0	0	0	-1				-1	-1	-1	-1		1.4062	19056.5	1	12	1	0	0	0	5	1
18255	1	321983	0	0	6	11	11	same	10	0	1	7.1	1	1	-43.38	-2.54	11.48	0	193.0	-1.2522	-15.0000	8	0	0	1	0	0	0	-1				-1	-1	-1	-1		1.1715	4379.7	0	6	1	0	0	0	20	10
18255	1	322135	0	0	5	15	15	same	2	0	0	245.8	0	0	-153.63	135.22	9.13	0	833.1	3.0117	-15.0000	4	0	1	0	0	0	0	-1				-1	-1	-1	-1		1.7398	20209.7	0	5	1	0	0	0	14	12
18255	1	322269	0	0	1000003	7	7	same	1	0	1	142.0	0	0	86.49	-126.29	250.89	0	558.4	3.5672	-15.0000	4	0	1	0	0	0	0	-1				-1	-1	-1	-1		1.7238	12827.4	1	1000003	1	0	0	0	4	3
18255	1	322663	0	0	4	2	2	same	1	0	0	149.1	0	0	-179.53	164.87	335.02	0	722.2	1.9133	-15.0000	4	0	1	0	0	0	0	-1				-1	-1	-1	-1		1.7104	28395.7	0	4	1	0	0	0	20	19
18255	1	322707	0	0	1000001	11	11	same	1	0	1	116.5	0	0	67.23	-87.18	329.62	0	1038.2	2.7036	-15.0000	4	0	1	0	0	0	0	-1				-1	-1	-1	-1		1.0286	15865.3	1	9	1	0	0	0	12	11
18255	1	322861	0	0	1000012	10	10	same	1	0	0	85.9	0	0	81.68	133.19	335.99	0	416.9	2.5377	-15.0000	4	0	1	0	0	0	0	-1				-1	-1	-1	-1		2.0265	5140.5	1	16	1	0	0	0	1	0
18255	1	322885	0	0	2	20	20	same	8	0	1	227.0	1	1	-152.74	179.34	45.76	0	879.1	2.7605	-15.0000	4	0	1	0	0	0	0	-1				-1	-1	-1	-1		1.4398	19185.3	0	2	1	0	0	0	20	12
18255	1	322907	0	0	5	20	20	same	3	0	1	161.5	0	0	-110.75	194.24	29.16	0	813.8	3.9222	-15.0000	4	0	1	0	0	0	0	-1				-1	-1	-1	-1		1.4881	8499.0	0	5	1	0	0	0	7	4
18255	1	323125	0	0	1000005	12	12	same	2	0	1	30.0	0	0	146.89	-103.34	468.72	0	328.7	-0.0321	-15.0000	4	0	1	0	0	0	0	-1				-1	-1	-1	-1		1.9601	7951.8	1	10	1	0	0	0	4	2
18255	1	323171	0	0	1	22	22	same	4	0	0	164.3	0	0	-156.45	-52.44	54.28	0	808.5	4.1523	-15.0000	4	0	1	0	0	0	0	-1				-1	-1	-1	-1		0.6431	47541.3	0	1	1	0	0	0	9	5
18255	1	323301	0	0	5	19	19	same	9	1	1	220.5	1	1	-115.84	24.78	54.02	0	1150.5	2.5543	-15.0000	4	0	1	0	0	0	0	-1				-1	-1	-1	-1		1.9485	18294.0	0	5	1	0	0	0	12	3
18255	1	323369	0	0	9	13	13	same	3	0	0	237.0	0	0	31.87	-6.73	139.96	0	729.6	-2.2968	-15.0000	6	1	1	0	0	1	0	-1				-1	-1	-1	-1		1.8672	5562.4	0	9	1	0	0	0	6	3
18255	1	323917	0	0	2	70	27	in_act_not_selected	8	1	1	20.3	1	1	-140.85	-65.95	400.16	0	234.7	-0.3701	-8.5970	8	0	0	1	0	0	0	-1				-1	-1	-1	-1		0.9762	14751.8	0	2	1	1	1	1	8	0
18255	1	346746	0	0	0	14	14	same	4	0	0	105.6	0	0	-167.09	99.72	477.69	0	619.0	1.1848	-15.0000	8	0	0	1	0	0	0	-1				-1	-1	-1	-1		1.4516	12483.8	0	0	1	0	0	0	10	6
18255	1	346878	0	0	7	22	22	same	8	0	0	108.9	0	0	-174.92	134.13	316.98	0	586.4	1.1028	-15.0000	4	0	1	0	0	0	0	-1				-1	-1	-1	-1		1.4462	14245.1	0	7	1	0	0	0	10	2
18255	1	347384	0	0	2	15	15	same	3	0	0	262.1	0	0	-24.35	-186.03	96.27	0	982.4	4.7394	-15.0000	4	0	1	0	0	0	0	-1				-1	-1	-1	-1		1.6031	11043.0	0	2	1	0	0	0	5	2
18255	1	347824	0	0	1000002	24	24	same	9	0	0	157.1	0	0	96.62	117.19	275.80	0	1546.1	4.1264	-9.3853	4	0	1	0	0	0	0	-1				-1	-1	-1	-1		1.6478	40337.1	1	3	1	0	1	1	38	29
18255	1	347890	0	0	1000000	8	4	in_act_not_selected	7	0	1	179.7	0	0	-11.74	-51.24	234.75	0	722.9	1.7333	-15.0000	4	0	1	0	0	0	0	-1				-1	-1	-1	-1		0.8175	7570.3	1	3	1	1	0	0	8	1
18255	1	348088	0	0	3	8	8	same	1	0	0	295.4	0	0	-41.45	-142.01	209.54	0	811.2	4.0524	-15.0000	4	0	1	0	0	0	0	-1				-1	-1	-1	-1		1.6714	10687.8	0	3	1	0	0	0	4	3
18255	1	348198	0	0	5	2	2	same	1	0	1	44.6	0	0	-71.63	-43.63	286.18	0	262.7	-1.2391	-15.0000	8	0	0	1	0	0	0	-1				-1	-1	-1	-1		1.6546	9419.0	0	5	1	0	0	0	6	5
18255	1	348594	0	0	3	16	16	same	2	0	0	72.2	1	1	-179.18	109.60	438.00	0	318.8	1.9381	-15.0000	4	0	1	0	0	0	0	-1				-1	-1	-1	-1		1.3140	5584.7	0	3	1	0	0	0	4	2
18255	1	348638	0	0	1000014	26	26	same	3	0	1	127.7	1	1	3.84	-70.02	203.93	0	424.8	-0.2397	-15.0000	6	1	1	0	0	1	0	-1				-1	-1	-1	-1		1.0198	241.9	1	3	1	0	0	0	3	0
18255	1	348682	0	0	5	11	11	same	2	0	1	270.8	0	0	-88.45	-72.90	94.48	0	754.8	3.5782	-15.0000	4	0	1	0	0	0	0	-1				-1	-1	-1	-1		0.6053	8699.6	0	5	1	0	0	0	16	14
18255	1	349056	0	0	1000006	12	12	same	3	0	0	173.9	0	0	24.74	-18.40	419.21	0	651.7	3.9299	-15.0000	4	0	1	0	0	0	0	-1				-1	-1	-1	-1		1.2631	8884.9	1	11	1	0	0	0	4	1
18255	1	349320	0	0	1000007	11	11	same	1	0	1	2.7	0	0	120.76	-8.03	146.38	0	49.8	-1.6640	-15.0000	8	0	0	1	0	0	0	-1				-1	-1	-1	-1		1.7927	1598.3	1	1000007	1	0	0	0	5	4
18255	1	350266	0	0	8	5	5	same	1	0	0	4.0	0	0	0.00	0.00	0.00	1	0.0	-1.9417	-15.0000	0	0	0	0	0	0	0	-1				-1	-1	-1	-1		0.6056	8835.1	0	8	0	0	0	0	1	0
18255	1	350354	0	0	1000006	18	18	same	5	0	1	76.3	0	0	119.99	140.02	349.24	0	1046.5	2.5173	-15.0000	4	0	1	0	0	0	0	-1				-1	-1	-1	-1		0.9150	16949.1	1	10	1	0	0	0	47	42
18255	1	350596	0	0	1000001	13	13	same	7	0	1	27.1	1	1	194.05	-39.37	349.35	0	309.1	-1.4224	-15.0000	8	0	0	1	0	0	0	-1				-1	-1	-1	-1		1.7858	14345.7	1	14	1	0	0	0	14	7
18255	1	350882	0	0	8	5	5	same	1	0	0	22.6	0	0	-50.92	180.69	462.86	0	47.2	-1.5566	-15.0000	8	0	0	1	0	0	0	-1				-1	-1	-1	-1		0.8432	1158.3	0	8	1	0	0	0	3	2
18255	1	351564	0	0	0	11	11	same	3	0	0	299.2	1	1	-62.47	70.17	209.36	0	898.8	5.5084	-15.0000	4	0	1	0	0	0	0	-1				-1	-1	-1	-1		2.0505	24635.1	0	0	1	0	0	0	3	0
18255	1	351564	1	1	1000001	15	15	same	6	0	1	277.6	1	1	93.59	20.81	253.97	0	1443.4	4.4196	-15.0000	4	0	1	0	0	0	0	-1				-1	-1	-1	-1		1.4037	29804.2	1	1000001	1	0	0	0	8	2
18255	1	351740	0	0	1000009	7	7	same	1	0	0	2.3	0	0	0.00	0.00	0.00	1	0.0	-1.9417	-15.0000	0	0	0	0	0	0	0	-1				-1	-1	-1	-1		0.8331	274.6	1	11	0	0	0	0	1	0
18255	1	352136	0	0	9	6	6	same	1	0	0	1.2	0	0	0.00	0.00	0.00	1	0.0	-1.9417	-15.0000	0	0	0	0	0	0	0	-1				-1	-1	-1	-1		0.9719	797.8	0	9	0	0	0	0	1	0
18255	1	352202	0	0	1000009	14	14	same	2	0	1	21.9	0	0	14.84	-14.33	138.68	0	184.9	-2.9968	-15.0000	8	0	0	1	0	0	0	-1				-1	-1	-1	-1		0.7185	5480.0	1	6	1	0	0	0	2	0
18255	1	352510	0	0	1000006	7	7	same	1	0	1	5.1	0	0	144.41	-157.46	343.33	0	126.2	-1.2555	-15.0000	8	0	0	1	0	0	0	-1				-1	-1	-1	-1		0.5808	1369.8	1	1000006	1	0	0	0	1	0
18255	1	352664	0	0	0	7	7	same	2	0	0	244.8	0	0	-149.39	-104.80	317.17	0	979.3	3.4940	-15.0000	4	0	1	0	0	0	0	-1				-1	-1	-1	-1		1.5916	19984.8	0	0	1	0	0	0	5	3
18255	1	352730	0	0	1000005	10	10	same	2	0	1	3.9	0	0	36.10	145.77	22.18	0	114.2	-1.7666	-15.0000	8	0	0	1	0	0	0	-1				-1	-1	-1	-1		1.8722	1292.5	1	1000005	1	0	0	0	3	1
18255	1	352796	0	0	1000003	10	10	same	1	0	0	171.2	0	0	88.22	83.22	114.49	0	657.7	4.2049	-15.0000	4	0	1	0	0	0	0	-1				-1	-1	-1	-1		0.7002	11831.7	1	16	1	0	0	0	5	4
18255	1	354248	0	0	1000006	29	22	in_act_not_selected	9	0	0	375.9	0	0	95.94	84.82	266.63	0	599.8	3.5446	-15.0000	4	0	1	0	0	0	0	-1				-1	-1	-1	-1		1.2884	21935.4	1	10	1	1	0	0	13	4
18255	1	354578	0	0	1000006	6	6	same	1	0	1	40.7	0	0	45.77	183.39	365.64	0	542.3	-0.0055	-15.0000	4	0	1	0	0	0	0	-1				-1	-1	-1	-1		1.6173	5053.5	1	1000006	1	0	0	0	3	2
18255	1	355106	0	0	1000001	7	7	same	1	0	0	352.6	0	0	21.41	199.44	148.79	0	1017.2	-2.8381	-15.0000	6	1	1	0	0	1	0	-1				-1	-1	-1	-1		0.4851	20516.4	1	1000001	1	0	0	0	3	2
18255	1	355238	0	0	6	5	5	same	1	0	1	121.6	0	0	-67.04	-97.06	298.27	0	639.5	3.2727	-15.0000	4	0	1	0	0	0	0	-1				-1	-1	-1	-1		0.8156	11418.0	0	6	1	0	0	0	2	1
18255	1	388323	0	0	1000010	23	23	same	13	0	0	219.6	0	0	-44.04	-197.59	309.54	0	789.9	1.8453	-15.0000	4	0	1	0	0	0	0	-1				-1	-1	-1	-1		0.8990	2697.0	1	3	1	0	0	0	19	6
18255	1	389225	0	0	1000005	9	9	same	15	0	1	196.8	0	0	-58.13	-106.97	384.22	0	762.9	4.4771	-15.0000	4	0	1	0	0	0	0	-1				-1	-1	-1	-1		2.0160	3441.6	1	6	1	0	0	0	22	7
18255	1	389379	0	0	1000004	10	10	same	7	0	1	156.1	0	0	80.06	9.27	217.21	0	486.5	2.8425	-15.0000	4	0	1	0	0	0	0	-1				-1	-1	-1	-1		1.9545	15073.6	1	8	1	0	0	0	14	7
18255	1	390215	0	0	1000006	8	8	same	2	0	1	4.6	0	0	112.54	111.17	226.68	0	93.7	-0.7032	-15.0000	8	0	0	1	0	0	0	-1				-1	-1	-1	-1		0.3118	1404.0	1	1000006	1	0	0	0	6	4
18255	1	390216	0	0	1000004	13	13	same	11	0	1	207.2	0	0	70.58	67.37	281.69	0	1070.5	4.7200	-15.0000	4	0	1	0	0	0	0	-1				-1	-1	-1	-1		1.8778	14543.5	1	11	1	0	0	0	19	8
18255	1	390282	0	0	6	7	7	same	7	0	0	90.4	1	1	-119.20	111.41	0.82	0	408.4	-1.6318	-15.0000	6	1	1	0	0	1	0	-1				-1	-1	-1	-1		0.9065	3618.6	0	6	1	0	0	0	9	2
18255	1	390370	0	0	1000001	7	7	same	4	0	1	210.1	1	1	129.31	22.15	22.31	0	860.1	4.5008	-15.0000	4	0	1	0	0	0	0	-1				-1	-1	-1	-1		1.5817	22336.4	1	10	1	0	0	0	12	8
18255	1	390391	0	0	2	4	4	same	2	0	0	76.9	0	0	-139.12	93.17	440.41	0	811.8	3.2084	-15.0000	4	0	1	0	0	0	0	-1				-1	-1	-1	-1		1.9770	7196.6	0	2	1	0	0	0	4	2
18255	1	390634	0	0	0	1	1	same	1	0	1	156.9	0	0	-162.19	-170.78	220.38	0	773.0	1.5401	-15.0000	4	0	1	0	0	0	0	-1				-1	-1	-1	-1		1.8972	23598.4	0	0	1	0	0	0	22	21
18255	1	390743	0	0	6	17	17	same	2	0	0	64.7	0	0	-60.30	-95.05	21.66	0	502.2	1.7931	-15.0000	4	0	1	0	0	0	0	-1				-1	-1	-1	-1		1.8883	15072.0	0	6	1	0	0	0	9	7
18255	1	390744	0	0	1000005	11	11	same	1	0	1	227.4	0	0	149.14	-158.31	174.24	0	776.0	2.3425	-15.0000	4	0	1	0	0	0	0	-1				-1	-1	-1	-1		1.3240	11241.1	1	8	1	0	0	0	15	14
18255	1	390810	0	0	3	12	12	same	4	0	0	30.4	0	0	-195.03	-140.28	229.13	0	206.7	1.6241	-15.0000	4	0	1	0	0	0	0	-1				-1	-1	-1	-1		0.5321	5725.6	0	3	1	0	0	0	6	2
18255	1	390942	0	0	1	13	13	same	2	0	1	37.3	0	0	-122.56	-2.49	284.54	0	363.9	-1.4271	-15.0000	8	0	0	1	0	0	0	-1				-1	-1	-1	-1		1.8219	18812.9	0	1	1	0	0	0	21	19
18255	1	391063	0	0	1000003	22	22	same	5	0	1	7.4	1	1	102.34	119.21	196.42	0	108.2	-1.5842	-15.0000	8	0	0	1	0	0	0	-1				-1	-1	-1	-1		0.8765	5172.6	1	21	1	0	0	0	10	5
18255	1	391415	0	0	1000000	11	11	same	1	0	1	86.3	0	0	183.91	60.53	441.41	0	475.1	3.8145	-15.0000	4	0	1	0	0	0	0	-1				-1	-1	-1	-1		1.1468	16481.6	1	1000000	1	0	0	0	4	3
18255	1	391513	0	0	1000007	8	8	same	1	0	1	408.3	0	0	122.32	-172.59	69.43	0	1245.6	4.5184	-15.0000	4	0	1	0	0	0	0	-1				-1	-1	-1	-1		1.4000	17048.7	1	12	1	0	0	0	4	3
18255	1	391525	0	0	1000006	8	8	same	1	0	0	0.8	0	0	0.00	0.00	0.00	1	0.0	-1.9417	-15.0000	0	0	0	0	0	0	0	-1				-1	-1	-1	-1		1.4908	4060.9	1	4	0	0	0	0	1	0
18255	1	391756	0	0	1000008	11	11	same	1	0	1	21.1	0	0	151.68	148.04	467.12	0	302.4	-0.5339	-15.0000	4	0	1	0	0	0	0	-1				-1	-1	-1	-1		1.3755	4753.4	1	1000008	1	0	0	0	3	2
18255	1	391777	0	0	5	14	14	same	2	0	1	52.3	0	0	-72.94	-9.93	88.83	0	729.0	1.1454	-15.0000	4	0	1	0	0	0	0	-1				-1	-1	-1	-1		0.6977	12427.0	0	5	1	0	0	0	8	6
18255	1	391843	0	0	1000000	4	4	same	3	0	0	32.9	0	0	191.77	-40.52	67.75	0	397.5	1.2059	-15.0000	6	1	1	0	0	1	0	-1				-1	-1	-1	-1		0.7669	24532.7	1	5	1	0	0	0	16	13
18255	1	391899	0	0	0	5	5	same	5	0	0	197.8	0	0	-182.79	141.30	345.21	0	757.3	2.7326	-8.0159	4	0	1	0	0	0	0	-1				-1	-1	-1	-1		1.1218	15762.4	0	0	1	0	1	1	10	5
18255	1	392009	0	0	1000001	6	6	same	5	0	1	250.9	1	2	150.37	178.21	167.11	0	1362.7	3.8368	-15.0000	4	0	1	0	0	0	0	-1				-1	-1	-1	-1		1.3951	36654.2	1	3	1	0	0	0	11	6
18255	1	392174	0	0	1	3	3	same	2	0	0	39.7	0	0	-187.80	76.22	12.00	0	313.4	2.0060	-15.0000	4	0	1	0	0	0	0	-1				-1	-1	-1	-1		1.6768	13925.3	0	1	1	0	0	0	7	5
18255	1	392262	0	0	9	6	6	same	2	0	0	43.6	0	0	-56.85	-41.80	463.49	0	387.6	1.9506	-15.0000	4	0	1	0	0	0	0	-1				-1	-1	-1	-1		1.9980	1833.8	0	9	1	0	0	0	6	4
18255	1	392327	0	0	1000000	14	14	same	11	0	1	139.3	0	0	175.07	55.61	95.83	0	745.8	2.3560	-15.0000	4	0	1	0	0	0	0	-1				-1	-1	-1	-1		0.7190	26487.4	1	7	1	0	0	0	24	13
18255	1	392417	0	0	6	19	19	same	4	0	0	117.9	0	0	-52.84	-127.57	450.31	0	1173.9	3.6617	-15.0000	4	0	1	0	0	0	0	-1				-1	-1	-1	-1		1.5591	10510.7	0	6	1	0	0	0	7	3
18255	1	392527	0	0	1000009	13	13	same	1	0	0	101.2	0	0	93.87	-55.91	454.27	0	476.5	2.0670	-15.0000	4	0	1	0	0	0	0	-1				-1	-1	-1	-1		0.8218	5092.7	1	1000009	1	0	0	0	4	3
18255	1	392649	0	0	1000002	7	7	same	4	0	1	109.0	0	0	46.98	0.77	132.51	0	386.2	2.1962	-15.0000	4	0	1	0	0	0	0	-1				-1	-1	-1	-1		1.0787	8289.7	1	4	1	0	0	0	10	6
18255	1	392669	0	0	0	5	5	same	2	0	0	105.4	0	0	-155.00	-18.20	438.16	0	618.7	4.5296	-15.0000	4	0	1	0	0	0	0	-1				-1	-1	-1	-1		0.6923	14909.6	0	0	1	0	0	0	10	8
18255	1	392693	0	0	1000006	11	11	same	3	0	0	274.4	0	0	184.66	-128.09	115.24	0	788.0	1.1995	-15.0000	4	0	1	0	0	0	0	-1				-1	-1	-1	-1		0.9506	20311.2	1	13	1	0	0	0	7	4
18255	1	392759	0	0	5	10	10	same	4	0	1	123.0	0	0	-53.89	-155.84	82.75	0	614.8	3.8221	-15.0000	4	0	1	0	0	0	0	-1				-1	-1	-1	-1		1.1919	7845.6	0	5	1	0	0	0	21	17
18255	1	392900	0	0	1000006	10	10	same	1	0	0	42.3	0	0	101.13	-159.49	146.82	0	234.8	0.0956	-15.0000	6	1	1	0	0	1	0	-1				-1	-1	-1	-1		1.2299	2624.0	1	1000006	1	0	0	0	4	3
18255	1	392901	0	0	6	22	22	same	5	1	0	42.3	1	1	-13.53	175.34	54.56	0	267.8	-1.2515	-15.0000	6	1	1	0	0	1	0	-1				-1	-1	-1	-1		1.8816	10745.2	0	6	1	0	0	0	12	7
18255	1	392988	0	0	1000004	14	14	same	7	0	0	42.5	0	0	145.04	-184.32	453.78	0	321.0	2.8528	-15.0000	4	0	1	0	0	0	0	-1				-1	-1	-1	-1		1.9595	5579.1	1	8	1	0	0	0	7	0
18255	1	393089	0	0	8	19	19	same	4	0	0	18.3	0	0	-127.86	113.63	488.01	0	285.0	2.1699	-15.0000	4	0	1	0	0	0	0	-1				-1	-1	-1	-1		1.2998	2401.4	0	8	1	0	0	0	6	2
18255	1	393119	0	0	1	10	10	same	4	0	0	174.5	1	1	-90.92	127.92	337.82	0	912.5	4.6580	-15.0000	4	0	1	0	0	0	0	-1				-1	-1	-1	-1		0.6534	17505.6	0	1	1	0	0	0	22	18
18255	1	393133	0	0	1000005	15	15	same	7	0	1	6.8	1	2	17.04	170.46	341.36	0	127.8	-3.4232	-15.0000	10	1	0	1	0	1	0	-1				-1	-1	-1	-1		0.8464	1939.6	1	12	1	0	0	0	21	14
18255	1	393485	0	0	2	4	4	same	2	0	0	148.4	0	0	-104.90	-91.51	407.98	0	713.8	4.4510	-15.0000	4	0	1	0	0	0	0	-1				-1	-1	-1	-1		1.8225	17341.2	0	2	1	0	0	0	2	0
18255	1	393505	0	0	1000006	21	15	in_act_not_selected	7	0	1	276.7	0	0	160.21	-18.36	326.00	0	546.3	3.0858	-15.0000	6	1	1	0	0	1	0	-1				-1	-1	-1	-1		1.0846	20351.0	1	15	1	1	0	0	14	7
18255	1	393538	0	0	0	7	7	same	6	0	0	285.5	0	0	-167.91	-73.80	227.93	0	332.9	0.3630	-8.8534	8	0	0	1	0	0	0	-1				-1	-1	-1	-1		1.4622	49189.8	0	0	1	0	1	1	10	4
18255	1	393581	0	0	2	6	6	same	4	0	0	74.0	0	0	-12.66	29.99	431.94	0	315.0	2.3198	-15.0000	4	0	1	0	0	0	0	-1				-1	-1	-1	-1		1.9396	3720.4	0	2	1	0	0	0	11	7
18255	1	393727	0	0	1000000	20	20	same	3	0	0	140.5	0	0	177.01	-38.78	8.58	0	442.4	2.6467	-15.0000	4	0	1	0	0	0	0	-1				-1	-1	-1	-1		1.3794	46232.3	1	16	1	0	0	0	3	0
18255	1	393758	0	0	5	17	17	same	3	0	0	56.0	0	0	-180.27	-93.32	133.87	0	372.6	3.1632	-15.0000	4	0	1	0	0	0	0	-1				-1	-1	-1	-1		0.8691	11143.9	0	5	1	0	0	0	3	0
18255	1	393791	0	0	1	7	7	same	5	0	0	124.9	0	0	-32.46	139.78	239.47	0	716.1	3.4370	-15.0000	4	0	1	0	0	0	0	-1				-1	-1	-1	-1		0.8585	9391.4	0	1	1	0	0	0	11	6
18255	1	393823	0	0	1000003	11	11	same	1	0	0	1.4	0	0	0.00	0.00	0.00	1	0.0	-1.9417	-15.0000	0	0	0	0	0	0	0	-1				-1	-1	-1	-1		0.6910	10165.5	1	0	0	0	0	0	1	0
18255	1	393835	0	0	1	12	12	same	3	0	0	210.0	1	1	-18.59	-50.62	296.00	0	703.9	1.6909	-15.0000	8	0	0	1	0	0	0	-1				-1	-1	-1	-1		1.7881	13174.4	0	1	1	0	0	0	4	1
18255	1	393935	0	0	1000005	16	16	same	1	0	1	289.2	0	0	35.78	-28.20	209.86	0	783.1	3.8157	-15.0000	4	0	1	0	0	0	0	-1				-1	-1	-1	-1		1.2922	17085.5	1	12	1	0	0	0	2	1
18255	1	394131	0	0	1000008	21	21	same	1	0	0	0.8	0	0	0.00	0.00	0.00	1	0.0	-1.9417	-15.0000	0	0	0	0	0	0	0	-1				-1	-1	-1	-1		1.0773	4850.8	1	1	0	0	0	0	1	0
18255	1	394167	0	0	1000003	11	11	same	10	0	1	54.1	1	1	169.18	-59.48	33.00	0	448.2	-1.1208	7.4860	8	0	0	1	0	0	0	-1				-1	-1	-1	-1		0.6995	15583.7	1	5	1	0	1	1	24	14
18255	1	394255	0	0	1000008	13	13	same	3	0	1	6.5	1	2	161.00	99.92	17.97	0	61.4	-2.4780	-15.0000	8	0	0	1	0	0	0	-1				-1	-1	-1	-1		1.0897	3090.8	1	12	1	0	0	0	13	10
18255	1	394363	0	0	9	18	18	same	7	0	0	88.7	1	2	-95.01	-115.52	415.31	0	341.5	2.3004	-15.0000	4	0	1	0	0	0	0	-1				-1	-1	-1	-1		1.1638	3263.4	0	9	1	0	0	0	10	3
18255	1	394396	0	0	6	7	7	same	2	0	0	170.5	0	0	-91.62	26.37	386.10	0	531.7	3.6195	-15.0000	4	0	1	0	0	0	0	-1				-1	-1	-1	-1		1.5221	8037.2	0	6	1	0	0	0	9	7
18255	1	394407	0	0	1000004	11	11	same	8	0	0	335.7	0	0	0.92	199.89	52.31	0	893.5	-3.1120	-15.0000	6	1	1	0	0	1	0	-1				-1	-1	-1	-1		1.5922	13902.7	1	13	1	0	0	0	13	5
18255	1	394605	0	0	1000005	21	21	same	2	1	1	100.8	1	1	28.09	-70.50	366.96	0	596.7	1.9388	-15.0000	4	0	1	0	0	0	0	-1				-1	-1	-1	-1		1.3563	12167.9	1	14	1	0	0	0	3	1
18255	1	394717	0	0	3	17	17	same	21	1	1	118.8	1	1	-113.31	-55.24	320.93	0	735.3	0.6593	-15.0000	8	0	0	1	0	0	0	-1				-1	-1	-1	-1		0.5518	43303.6	0	3	1	0	0	0	25	4
18255	1	394836	0	0	1000009	5	5	same	1	0	1	6.6	0	0	139.37	193.21	431.93	0	88.0	-0.5149	-15.0000	8	0	0	1	0	0	0	-1				-1	-1	-1	-1		1.3361	2489.4	1	1000009	1	0	0	0	1	0
18255	1	395012	0	0	2	10	10	same	8	0	1	55.3	1	1	-31.64	102.54	89.76	0	471.0	2.2291	-15.0000	4	0	1	0	0	0	0	-1				-1	-1	-1	-1		2.0255	12402.7	0	2	1	0	0	0	15	7
18255	1	395033	0	0	1000005	10	10	same	2	0	0	47.2	0	0	186.74	33.26	155.55	0	420.4	2.8829	-15.0000	4	0	1	0	0	0	0	-1				-1	-1	-1	-1		1.2059	28865.3	1	8	1	0	0	0	5	3
18255	1	395079	0	0	1000011	15	15	same	5	0	0	208.4	1	1	38.93	-22.30	372.22	0	984.3	0.6403	-15.0000	6	1	1	0	0	1	0	-1				-1	-1	-1	-1		1.9747	6627.1	1	17	1	0	0	0	12	7
18255	1	395123	0	0	6	21	21	same	7	1	1	22.6	1	1	-11.85	-142.88	108.49	0	105.4	-1.6530	-9.7354	8	0	0	1	0	0	0	-1				-1	-1	-1	-1		1.7214	5882.8	0	6	1	0	1	1	8	1
18255	1	395209	0	0	0	4	4	same	2	0	0	421.8	0	0	-174.07	185.60	92.64	0	1481.0	7.0094	-15.0000	4	0	1	0	0	0	0	-1				-1	-1	-1	-1		0.9976	35015.0	0	0	1	0	0	0	3	1
18255	1	395277	0	0	5	3	3	same	1	0	1	79.5	0	0	-196.23	177.35	73.24	0	298.4	1.3904	-15.0000	4	0	1	0	0	0	0	-1				-1	-1	-1	-1		1.0017	13967.6	0	5	1	0	0	0	12	11
18255	1	395298	0	0	1000000	56	15	not_in_act	3	0	0	180.8	0	0	108.14	-47.80	173.57	0	698.8	0.4556	-15.0000	8	0	0	1	0	0	0	-1				-1	-1	-1	-1		1.7617	28369.8	1	6	1	1	0	0	10	7
18255	1	395443	0	0	1000002	5	5	same	1	0	0	101.3	0	0	124.73	100.89	444.39	0	784.3	2.3936	-15.0000	4	0	1	0	0	0	0	-1				-1	-1	-1	-1		1.6207	19102.4	1	1000002	1	0	0	0	11	10
18255	1	395485	0	0	2	6	6	same	8	0	0	126.1	1	1	-160.90	135.69	324.11	0	429.7	2.7476	-15.0000	4	0	1	0	0	0	0	-1				-1	-1	-1	-1		0.7248	11952.9	0	2	1	0	0	0	15	7
18255	1	395573	0	0	1000004	10	10	same	6	0	1	15.1	1	1	136.78	-137.43	12.44	0	274.3	-0.6331	-15.0000	4	0	1	0	0	0	0	-1				-1	-1	-1	-1		1.7800	6634.5	1	1000004	1	0	0	0	20	14
18255	1	395597	0	0	1000005	20	20	same	3	0	0	276.1	0	0	45.04	21.81	79.92	0	1562.9	-0.0010	-15.0000	4	0	1	0	0	0	0	-1				-1	-1	-1	-1		1.7016	21977.8	1	15	1	0	0	0	6	3
18255	1	395695	0	0	1000000	11	11	same	3	0	0	102.9	1	1	181.72	-68.54	45.44	0	610.0	3.3251	1.5824	4	0	1	0	0	0	0	-1				-1	-1	-1	-1		1.0738	70997.5	1	5	1	0	1	1	16	13
18255	1	395837	0	0	4	22	22	same	4	0	0	132.7	0	0	-201.12	135.67	420.43	0	452.0	-2.4906	-15.0000	6	1	1	0	0	1	0	-1				-1	-1	-1	-1		1.5839	13084.0	0	4	1	0	0	0	9	5
18255	1	395870	0	0	1000002	16	16	same	6	0	0	297.3	0	0	67.18	-89.85	233.85	0	1181.0	5.3406	-15.0000	4	0	1	0	0	0	0	-1				-1	-1	-1	-1		0.9093	26174.4	1	5	1	0	0	0	26	20
18255	1	396037	0	0	6	17	17	same	3	0	0	23.7	0	0	-173.05	141.69	483.12	0	399.4	0.2997	-15.0000	8	0	0	1	0	0	0	-1				-1	-1	-1	-1		0.9796	14370.7	0	6	1	0	0	0	19	16
18255	1	396091	0	0	1000003	7	7	same	1	0	1	130.5	0	0	141.96	51.86	230.34	0	675.3	2.8002	-15.0000	4	0	1	0	0	0	0	-1				-1	-1	-1	-1		1.9955	21061.5	1	10	1	0	0	0	11	10
18255	1	396157	0	0	5	3	3	same	1	0	1	9.5	0	0	-68.97	-184.68	74.59	0	137.0	-2.8348	-15.0000	8	0	0	1	0	0	0	-1				-1	-1	-1	-1		1.5817	1623.2	0	5	1	0	0	0	4	3
18255	1	396222	0	0	1000000	9	9	same	13	0	0	150.1	0	0	121.59	-161.42	317.38	0	3565.5	0.8866	-4.5440	4	0	1	0	0	0	0	-1				-1	-1	-1	-1		1.9199	84721.0	1	8	1	0	1	1	118	105
18255	1	396323	0	0	3	10	10	same	6	0	0	76.9	0	0	-55.37	199.83	433.14	0	501.8	2.1050	-15.0000	10	1	0	1	0	1	0	-1				-1	-1	-1	-1		1.2976	6219.7	0	3	1	0	0	0	6	0
18255	1	396355	0	0	4	24	24	same	6	0	0	109.1	0	0	-144.25	-142.96	462.85	0	583.4	3.2776	-15.0000	4	0	1	0	0	0	0	-1				-1	-1	-1	-1		0.7682	9454.5	0	4	1	0	0	0	9	3
18255	1	396420	0	0	4	10	10	same	9	0	0	73.4	0	0	-113.20	159.53	458.83	0	439.2	1.7221	-15.0000	4	0	1	0	0	0	0	-1				-1	-1	-1	-1		1.8255	8290.5	0	4	1	0	0	0	13	4
18255	1	396521	0	0	4	4	4	same	1	0	1	4.3	0	0	-159.54	97.25	327.81	0	149.2	-1.0951	-15.0000	8	0	0	1	0	0	0	-1				-1	-1	-1	-1		1.3729	13105.7	0	4	1	0	0	0	12	11
18255	1	396551	0	0	3	13	13	same	2	0	0	168.7	0	0	-179.73	114.11	157.08	0	804.4	3.6064	-15.0000	4	0	1	0	0	0	0	-1				-1	-1	-1	-1		0.5480	22613.5	0	3	1	0	0	0	9	7
18255	1	396596	0	0	1000010	5	5	same	1	0	0	2.2	0	0	0.00	0.00	0.00	1	0.0	-1.9417	-15.0000	0	0	0	0	0	0	0	-1				-1	-1	-1	-1		1.5307	208.7	1	0	0	0	0	0	1	0
18255	1	396761	0	0	4	15	15	same	2	0	0	154.8	0	0	-57.29	54.12	378.71	0	480.0	2.5951	-15.0000	4	0	1	0	0	0	0	-1				-1	-1	-1	-1		1.4663	5199.6	0	4	1	0	0	0	4	2
18255	1	396805	0	0	1000000	6	6	same	2	0	0	49.9	0	0	188.66	172.59	255.80	0	588.6	2.3905	-15.0000	4	0	1	0	0	0	0	-1				-1	-1	-1	-1		0.7294	31534.1	1	1000000	1	0	0	0	2	0
18255	1	396816	0	0	8	18	18	same	5	0	1	18.4	0	0	-83.84	-75.19	14.96	0	315.3	-0.7669	-15.0000	8	0	0	1	0	0	0	-1				-1	-1	-1	-1		0.7138	2966.1	0	8	1	0	0	0	19	14
18255	1	396829	0	0	1000005	27	27	same	14	1	0	26.8	1	3	177.31	169.70	189.98	0	266.2	0.2716	-15.0000	4	0	1	0	0	0	0	-1				-1	-1	-1	-1		1.5853	12315.4	1	15	1	0	0	0	20	6
18255	1	396882	0	0	1000002	12	12	same	3	0	0	57.7	0	0	22.70	2.74	442.51	0	274.2	1.5652	-15.0000	6	1	1	0	0	1	0	-1				-1	-1	-1	-1		1.6378	4682.9	1	6	1	0	0	0	4	1
18255	1	396927	0	0	5	15	15	same	4	0	0	49.2	1	1	-13.05	109.30	478.21	0	758.0	1.8188	-15.0000	4	0	1	0	0	0	0	-1				-1	-1	-1	-1		1.0154	9531.7	0	5	1	0	0	0	14	10
18255	1	396949	0	0	9	27	27	same	3	0	1	118.7	1	1	-56.07	-99.00	427.13	0	498.7	1.4699	-15.0000	8	0	0	1	0	0	0	-1				-1	-1	-1	-1		1.6391	11812.6	0	9	1	0	0	0	3	0
18255	1	396971	0	0	0	10	10	same	2	0	1	37.3	0	0	-122.35	102.21	220.91	0	396.5	-0.9608	-15.0000	8	0	0	1	0	0	0	-1				-1	-1	-1	-1		1.6862	17407.8	0	0	1	0	0	0	16	14
18255	1	397005	0	0	6	19	19	same	3	0	1	100.2	0	0	-66.05	-89.50	306.32	0	608.7	3.1906	-15.0000	4	0	1	0	0	0	0	-1				-1	-1	-1	-1		0.7475	10078.0	0	6	1	0	0	0	6	3
18255	1	397103	0	0	1000007	8	8	same	1	0	0	40.1	0	0	99.07	-176.31	65.91	0	430.7	2.7812	-15.0000	4	0	1	0	0	0	0	-1				-1	-1	-1	-1		0.8659	4245.0	1	1000007	1	0	0	0	9	8
18255	1	397190	0	0	6	10	10	same	5	0	1	165.5	1	1	-48.65	-25.85	346.87	0	492.3	2.2303	-15.0000	4	0	1	0	0	0	0	-1				-1	-1	-1	-1		1.3698	14861.1	0	6	1	0	0	0	8	3
18255	1	397379	0	0	7	13	13	same	1	0	1	150.9	0	0	55.13	-95.39	139.50	0	603.6	4.7864	-15.0000	4	0	1	0	0	0	0	-1				-1	-1	-1	-1		1.6298	4701.2	0	7	1	0	0	0	4	3
18255	1	397401	0	0	1000007	16	16	same	2	0	1	158.9	0	0	8.10	-48.47	224.92	0	763.4	2.0414	-15.0000	8	0	0	1	0	0	0	-1				-1	-1	-1	-1		1.2105	14193.7	1	12	1	0	0	0	6	4
18255	1	397476	0	0	10	18	18	same	9	0	0	233.7	1	1	-35.90	-43.05	23.83	0	709.8	-0.1498	-15.0000	6	1	1	0	0	1	0	-1				-1	-1	-1	-1		1.0968	8460.6	0	10	1	0	0	0	11	2
18255	1	397487	0	0	10	10	10	same	3	0	0	7.6	0	0	-25.15	193.78	174.42	0	283.1	-2.8767	-15.0000	10	1	0	1	0	1	0	-1				-1	-1	-1	-1		0.7414	1179.0	0	10	1	0	0	0	4	1
18255	1	397498	0	0	9	29	29	same	9	1	1	35.5	1	1	-120.07	66.52	134.28	0	509.1	1.4394	-15.0000	4	0	1	0	0	0	0	-1				-1	-1	-1	-1		0.9455	7225.3	0	9	1	0	0	0	11	2
18255	1	397542	0	0	9	6	6	same	1	0	1	24.3	0	0	-99.60	-178.37	343.32	0	199.2	-2.3567	-15.0000	8	0	0	1	0	0	0	-1				-1	-1	-1	-1		1.8779	3803.7	0	9	1	0	0	0	4	3
18255	1	397599	0	0	7	22	22	same	3	0	0	22.4	0	0	-172.21	178.30	483.83	0	260.1	2.7032	-15.0000	4	0	1	0	0	0	0	-1				-1	-1	-1	-1		1.8492	8714.4	0	7	1	0	0	0	7	4
18255	1	397630	0	0	3	15	15	same	3	0	1	86.1	1	1	-178.98	-65.62	336.39	0	803.6	2.5827	-15.0000	4	0	1	0	0	0	0	-1				-1	-1	-1	-1		1.3504	33163.2	0	3	1	0	0	0	15	12
18255	1	397653	0	0	8	3	3	same	1	0	1	7.7	0	0	-98.71	169.66	264.56	0	109.0	-1.4841	-15.0000	8	0	0	1	0	0	0	-1				-1	-1	-1	-1		2.0300	2391.3	0	8	1	0	0	0	8	7
18255	1	397927	0	0	1	13	13	same	2	0	1	135.7	0	0	-77.99	-82.04	7.31	0	609.6	3.5253	-15.0000	4	0	1	0	0	0	0	-1				-1	-1	-1	-1		0.6366	10008.1	0	1	1	0	0	0	3	1
18255	1	398125	0	0	3	12	12	same	5	0	1	172.8	0	0	-96.09	81.23	126.74	0	524.4	3.5003	-15.0000	4	0	1	0	0	0	0	-1				-1	-1	-1	-1		0.7569	9618.5	0	3	1	0	0	0	7	2
18255	1	398181	0	0	5	37	9	not_in_act	1	0	0	136.1	0	0	55.87	170.79	344.76	0	1087.4	3.5303	-14.5835	4	0	1	0	0	0	0	-1				-1	-1	-1	-1		1.5053	5439.7	0	5	1	1	1	1	11	10
18255	1	398191	0	0	0	22	22	same	3	0	0	398.9	0	0	-119.83	150.64	249.78	0	1336.6	3.4020	-15.0000	6	1	1	0	0	1	0	-1				-1	-1	-1	-1		1.3286	25873.5	0	0	1	0	0	0	7	4
18255	1	398225	0	0	0	19	19	same	15	1	1	189.2	1	1	-100.93	45.56	5.35	0	1082.0	2.2526	-15.0000	4	0	1	0	0	0	0	-1				-1	-1	-1	-1		0.9758	22079.1	0	0	1	0	0	0	22	7
18255	1	398268	0	0	1000000	15	15	same	4	0	1	177.3	0	0	187.94	-75.67	389.58	0	558.9	1.4961	-15.0000	6	1	1	0	0	1	0	-1				-1	-1	-1	-1		1.9007	25874.1	1	11	1	0	0	0	11	7
18255	1	398313	0	0	1000005	8	8	same	9	0	0	101.4	0	0	46.47	-147.53	403.05	0	557.1	2.2571	-15.0000	6	1	1	0	0	1	0	-1				-1	-1	-1	-1		1.6215	3482.7	1	9	1	0	0	0	10	1
18255	1	398567	0	0	1	18	18	same	3	0	0	345.0	0	0	-7.75	-74.61	174.34	0	1072.4	4.5483	-15.0000	4	0	1	0	0	0	0	-1				-1	-1	-1	-1		1.0484	21108.8	0	1	1	0	0	0	5	2
18255	1	398819	0	0	1000007	17	17	same	1	0	1	5.2	0	0	75.52	-54.09	123.68	0	144.4	-1.4930	-15.0000	8	0	0	1	0	0	0	-1				-1	-1	-1	-1		1.8336	9619.3	1	13	1	0	0	0	5	4
18255	1	399061	0	0	1000004	9	9	same	3	0	1	79.2	0	0	77.21	-141.31	66.71	0	316.8	0.9526	-15.0000	4	0	1	0	0	0	0	-1				-1	-1	-1	-1		1.8902	3654.7	1	8	1	0	0	0	8	5
18255	1	399073	0	0	8	3	3	same	1	0	0	2.5	0	0	0.00	0.00	0.00	1	0.0	-1.9417	-15.0000	0	0	0	0	0	0	0	-1				-1	-1	-1	-1		0.7536	3934.4	0	8	0	0	0	0	1	0
18255	1	399303	0	0	1000006	14	14	same	2	0	1	190.8	0	0	33.27	147.35	101.20	0	940.3	4.4333	-15.0000	4	0	1	0	0	0	0	-1				-1	-1	-1	-1		0.5801	19252.1	1	12	1	0	0	0	6	4
18255	1	399853	0	0	3	13	13	same	4	0	0	134.0	0	0	-50.98	-75.95	434.36	0	436.0	-0.3808	-15.0000	6	1	1	0	0	1	0	-1				-1	-1	-1	-1		1.6173	7007.8	0	3	1	0	0	0	9	5
18255	1	400029	0	0	1000004	15	15	same	6	0	1	206.6	1	1	32.09	-89.20	198.22	0	879.7	2.1195	-15.0000	4	0	1	0	0	0	0	-1				-1	-1	-1	-1		1.6350	15391.2	1	10	1	0	0	0	15	9
18255	1	400073	0	0	1000004	11	11	same	1	0	0	26.7	0	0	76.30	197.89	214.84	0	204.8	-1.7436	-15.0000	6	1	1	0	0	1	0	-1				-1	-1	-1	-1		1.1926	1655.2	1	1000004	1	0	0	0	4	3
18255	1	400117	0	0	3	15	15	same	1	0	1	316.4	0	0	-82.92	-8.55	165.34	0	1099.2	5.4146	-15.0000	4	0	1	0	0	0	0	-1				-1	-1	-1	-1		1.6484	17283.1	0	3	1	0	0	0	3	2
18255	1	400185	0	0	1000009	14	14	same	14	0	1	71.2	0	0	62.32	158.27	26.29	0	676.0	0.4759	-15.0000	4	0	1	0	0	0	0	-1				-1	-1	-1	-1		1.4016	1628.7	1	5	1	0	0	0	25	11
18255	1	400239	0	0	8	5	5	same	1	0	0	183.2	0	0	-133.43	-44.36	330.94	0	547.8	2.4770	-15.0000	4	0	1	0	0	0	0	-1				-1	-1	-1	-1		1.7677	12302.9	0	8	1	0	0	0	3	2
18255	1	400251	0	0	5	17	17	same	2	0	1	23.0	0	0	-63.19	133.42	77.51	0	369.1	-0.3321	-6.5766	8	0	0	1	0	0	0	-1				-1	-1	-1	-1		0.5819	8125.8	0	5	1	0	1	1	13	11
18255	1	400273	0	0	1000005	9	9	same	1	0	1	2.5	0	0	116.60	-127.70	316.24	0	13.9	-2.2055	-15.0000	8	0	0	1	0	0	0	-1				-1	-1	-1	-1		1.0635	4116.2	1	1000005	1	0	0	0	2	1
18255	1	400349	0	0	1	11	11	same	5	0	0	17.5	1	2	0.00	0.00	0.00	1	0.0	-1.9417	-15.0000	0	0	0	0	0	0	0	-1				-1	-1	-1	-1		0.9753	44391.2	0	1	0	0	0	0	7	2
18255	1	400427	0	0	4	8	8	same	2	0	1	7.4	0	0	-57.44	69.09	67.32	0	199.3	-1.1646	-15.0000	8	0	0	1	0	0	0	-1				-1	-1	-1	-1		1.8338	6185.9	0	4	1	0	0	0	18	16
18255	1	400779	0	0	1000006	18	18	same	1	0	1	88.0	0	0	100.21	31.70	267.48	0	361.3	1.4033	-15.0000	4	0	1	0	0	0	0	-1				-1	-1	-1	-1		0.8914	11264.5	1	1000006	1	0	0	0	5	4
18255	1	401197	0	0	1000007	9	9	same	1	0	1	11.1	0	0	74.38	-186.53	384.49	0	124.6	-2.7721	-15.0000	8	0	0	1	0	0	0	-1				-1	-1	-1	-1		1.3696	3287.2	1	1000007	1	0	0	0	2	1
18255	1	401241	0	0	1000005	13	13	same	5	0	0	18.4	0	0	56.97	199.95	371.80	0	78.9	-0.8701	-15.0000	10	1	0	1	0	1	0	-1				-1	-1	-1	-1		1.9929	2958.7	1	1000005	1	0	0	0	5	0
18255	1	402077	0	0	6	15	15	same	5	0	1	57.7	0	0	-73.27	147.66	277.39	0	610.7	1.4773	-15.0000	4	0	1	0	0	0	0	-1				-1	-1	-1	-1		0.7212	6972.9	0	6	1	0	0	0	7	2
18255	1	402209	0	0	1000003	7	7	same	2	0	0	95.4	0	0	181.70	-72.44	152.92	0	953.1	3.8242	-15.0000	4	0	1	0	0	0	0	-1				-1	-1	-1	-1		2.0029	19413.5	1	10	1	0	0	0	11	9
18255	1	402297	0	0	2	18	18	same	10	1	1	229.7	1	1	-107.27	8.47	97.61	0	929.4	1.2838	-15.0000	6	1	1	0	0	1	0	-1				-1	-1	-1	-1		1.4331	18330.4	0	2	1	0	0	0	11	1
18255	1	403023	0	0	4	11	11	same	3	0	0	82.9	0	0	-78.99	73.23	423.48	0	654.1	3.4562	-15.0000	4	0	1	0	0	0	0	-1				-1	-1	-1	-1		1.8055	13398.1	0	4	1	0	0	0	18	15
18255	1	403309	0	0	1000006	10	10	same	2	0	0	34.4	0	0	14.28	-181.51	467.49	0	217.9	1.9714	-15.0000	4	0	1	0	0	0	0	-1				-1	-1	-1	-1		0.9784	1294.4	1	1000006	1	0	0	0	3	1
18255	1	403397	0	0	5	8	8	same	3	0	1	67.4	0	0	-47.20	45.24	220.82	0	528.5	4.0895	-15.0000	4	0	1	0	0	0	0	-1				-1	-1	-1	-1		1.9698	12024.4	0	5	1	0	0	0	10	7
18255	1	403441	0	0	1000007	17	17	same	2	0	1	1.8	0	0	175.24	30.75	456.38	0	114.8	-2.6425	-15.0000	8	0	0	1	0	0	0	-1				-1	-1	-1	-1		1.1544	1927.5	1	4	1	0	0	0	6	4
18255	1	404189	0	0	3	5	5	same	1	0	0	207.7	0	0	-71.63	63.15	192.87	0	857.1	4.3029	-15.0000	4	0	1	0	0	0	0	-1				-1	-1	-1	-1		1.7980	18825.8	0	3	1	0	0	0	2	1
18255	1	404629	0	0	9	21	21	same	3	0	0	55.8	0	0	-175.53	-7.17	500.65	0	265.7	-0.8457	-15.0000	6	1	1	0	0	1	0	-1				-1	-1	-1	-1		0.6953	8152.2	0	9	1	0	0	0	3	0
18255	1	405201	0	0	1000001	20	20	same	2	0	1	313.2	1	1	33.20	13.90	72.78	0	1190.2	2.7908	-15.0000	4	0	1	0	0	0	0	-1				-1	-1	-1	-1		1.9105	29750.2	1	12	1	0	0	0	14	12
18255	1	405707	0	0	3	17	17	same	4	0	0	316.1	0	0	-19.75	168.17	212.98	0	1300.8	6.0740	-15.0000	4	0	1	0	0	0	0	-1				-1	-1	-1	-1		0.8368	19474.9	0	3	1	0	0	0	7	3
18255	1	405927	0	0	1000008	21	21	same	5	0	1	65.8	0	0	105.24	-70.02	101.44	0	428.6	-0.1572	-15.0000	4	0	1	0	0	0	0	-1				-1	-1	-1	-1		1.6284	5877.3	1	16	1	0	0	0	8	3
18255	1	405971	0	0	5	6	6	same	1	0	1	5.1	0	0	-170.50	72.60	210.38	0	155.7	-1.8944	-15.0000	8	0	0	1	0	0	0	-1				-1	-1	-1	-1		1.1376	7860.5	0	5	1	0	0	0	2	1
18255	1	406125	0	0	1000001	8	8	same	14	0	1	89.5	1	1	-7.72	16.04	28.04	0	598.3	0.9496	-7.6410	4	0	1	0	0	0	0	-1				-1	-1	-1	-1		1.5700	8876.4	1	4	1	0	1	1	43	29
18255	1	406147	0	0	1000001	22	22	same	11	0	1	343.7	0	0	87.40	-117.34	61.42	0	1233.3	5.0777	-15.0000	4	0	1	0	0	0	0	-1				-1	-1	-1	-1		1.9324	25394.0	1	16	1	0	0	0	17	6
18255	1	406367	0	0	9	12	12	same	4	0	0	66.3	0	0	-1.49	181.85	219.70	0	348.5	-0.5618	-15.0000	4	0	1	0	0	0	0	-1				-1	-1	-1	-1		1.8350	2851.2	0	9	1	0	0	0	7	3
18255	1	406631	0	0	1	18	18	same	7	0	0	288.8	0	0	-71.75	-192.44	252.20	0	853.9	-0.2865	-15.0000	6	1	1	0	0	1	0	-1				-1	-1	-1	-1		0.9917	26428.8	0	1	1	0	0	0	12	5
18255	1	407534	0	0	1000000	11	11	same	5	0	1	69.6	0	0	187.01	-81.13	90.11	0	464.6	1.8445	-15.0000	4	0	1	0	0	0	0	-1				-1	-1	-1	-1		1.3589	33548.4	1	5	1	0	0	0	10	5
18255	1	407798	0	0	1000002	28	28	same	5	1	0	150.8	1	1	62.83	199.82	312.96	0	488.5	-2.5427	-15.0000	6	1	1	0	0	1	0	-1				-1	-1	-1	-1		1.5191	19455.6	1	6	1	0	0	0	12	7
18255	1	407886	0	0	1000001	11	11	same	4	0	0	119.9	0	0	41.70	-25.89	0.15	0	458.4	-2.2292	-15.0000	6	1	1	0	0	1	0	-1				-1	-1	-1	-1		1.3795	15595.4	1	2	1	0	0	0	7	3
18255	1	408304	0	0	1000004	51	9	not_in_act	10	0	1	29.4	1	3	103.19	-107.97	187.97	0	378.2	-1.3385	-15.0000	8	0	0	1	0	0	0	-1				-1	-1	-1	-1		2.0243	5091.7	1	4	1	1	0	0	22	12
18255	1	408326	0	0	1000002	21	21	same	2	0	0	211.8	0	0	66.69	-99.03	231.34	0	1018.2	5.0433	-15.0000	4	0	1	0	0	0	0	-1				-1	-1	-1	-1		1.7449	13336.9	1	15	1	0	0	0	3	1
18255	1	408678	0	0	0	14	14	same	6	0	1	59.1	0	0	-170.03	-14.65	435.52	0	526.3	0.4753	-5.4886	4	0	1	0	0	0	0	-1				-1	-1	-1	-1		0.8199	32779.0	0	0	1	0	1	1	29	23
18255	1	409140	0	0	6	13	13	same	5	0	1	73.9	0	0	-75.66	2.60	414.58	0	538.3	0.0614	-15.0000	8	0	0	1	0	0	0	-1				-1	-1	-1	-1		1.0521	11230.8	0	6	1	0	0	0	10	5
18255	1	409514	0	0	2	8	8	same	6	0	1	32.3	0	0	-36.88	113.95	223.50	0	227.8	-3.1082	-15.0000	8	0	0	1	0	0	0	-1				-1	-1	-1	-1		1.8769	4639.9	0	2	1	0	0	0	7	1
18255	1	409624	0	0	1	5	5	same	1	0	1	62.7	0	0	-149.63	-56.63	329.72	0	590.8	1.9889	-15.0000	4	0	1	0	0	0	0	-1				-1	-1	-1	-1		1.0046	27096.8	0	1	1	0	0	0	9	8
18255	1	409624	1	1	1000004	22	22	same	18	0	0	48.2	0	0	107.08	46.00	0.05	0	498.2	-0.9496	-4.9256	6	1	1	0	0	1	0	-1				-1	-1	-1	-1		0.7148	13500.2	1	1000004	1	0	1	1	27	9
18255	1	409888	0	0	1000005	13	13	same	2	0	1	348.0	0	0	-44.64	-40.50	129.34	0	1432.2	4.1326	-15.0000	4	0	1	0	0	0	0	-1				-1	-1	-1	-1		0.7227	10151.6	1	5	1	0	0	0	15	13
18255	1	409906	0	0	4	13	13	same	2	0	1	95.8	1	1	-18.42	-69.10	382.21	0	786.2	3.0356	-15.0000	4	0	1	0	0	0	0	-1				-1	-1	-1	-1		1.8467	13264.9	0	4	1	0	0	0	18	16
18255	1	410064	0	0	11	2	2	same	1	0	1	2.1	0	0	-177.89	170.79	490.40	0	15.8	-3.6367	-15.0000	8	0	0	1	0	0	0	-1				-1	-1	-1	-1		2.0382	2471.0	0	11	1	0	0	0	7	6
18255	1	410126	0	0	9	17	17	same	7	0	0	46.8	0	0	-177.32	146.06	153.16	0	239.3	0.3962	-15.0000	6	1	1	0	0	1	0	-1				-1	-1	-1	-1		1.4214	8771.4	0	9	1	0	0	0	7	0
18255	1	410566	0	0	1000006	7	7	same	2	0	1	41.3	0	0	-7.05	-94.62	86.66	0	104.1	1.0506	-15.0000	4	0	1	0	0	0	0	-1				-1	-1	-1	-1		1.3478	2193.6	1	5	1	0	0	0	8	6
18255	1	410680	0	0	2	11	11	same	2	0	1	147.1	0	0	-80.49	10.45	11.69	0	982.8	3.1882	-15.0000	4	0	1	0	0	0	0	-1				-1	-1	-1	-1		1.4891	14843.7	0	2	1	0	0	0	9	7
18255	1	410698	0	0	1000007	13	13	same	1	0	1	116.8	0	0	179.94	42.79	184.00	0	497.6	3.4013	-15.0000	4	0	1	0	0	0	0	-1				-1	-1	-1	-1		1.0404	19255.3	1	1000007	1	0	0	0	3	2
18255	1	410698	1	1	9	95	5	not_in_act	1	0	1	35.8	0	0	-81.51	110.81	138.84	0	585.2	-0.4346	-15.0000	8	0	0	1	0	0	0	-1				-1	-1	-1	-1		1.8152	12531.4	0	9	1	1	0	0	26	25
18255	1	410768	0	0	4	16	16	same	5	0	1	13.9	1	1	-23.62	23.90	265.71	0	283.4	0.0265	-15.0000	8	0	0	1	0	0	0	-1				-1	-1	-1	-1		0.7785	4124.6	0	4	1	0	0	0	7	2
18255	1	411010	0	0	3	4	4	same	1	0	1	5.4	0	0	-196.86	43.73	124.33	0	31.5	-2.4752	-15.0000	8	0	0	1	0	0	0	-1				-1	-1	-1	-1		1.6905	1803.3	0	3	1	0	0	0	3	2
18255	1	412062	0	0	1000007	9	9	same	2	0	1	3.3	0	0	194.33	-20.15	339.84	0	59.1	-1.5747	-15.0000	8	0	0	1	0	0	0	-1				-1	-1	-1	-1		0.9280	1036.3	1	1000007	1	0	0	0	2	0
18255	1	412242	0	0	1000000	14	14	same	27	0	1	93.2	1	2	184.89	84.91	168.51	0	1060.6	2.1377	0.5233	4	0	1	0	0	0	0	-1				-1	-1	-1	-1		1.4551	55642.2	1	10	1	0	1	1	40	13
18255	1	412326	0	0	3	39	10	not_in_act	3	0	0	36.9	0	0	-165.54	66.41	484.18	0	216.4	-1.4157	-15.0000	8	0	0	1	0	0	0	-1				-1	-1	-1	-1		1.1087	6282.2	0	3	1	1	0	0	14	11
18255	1	412396	0	0	11	18	18	same	2	0	0	134.6	1	1	-81.88	-131.24	73.44	0	684.7	3.9841	-15.0000	4	0	1	0	0	0	0	-1				-1	-1	-1	-1		0.5098	10367.2	0	11	1	0	0	0	5	3
18255	1	412612	0	0	4	10	10	same	3	0	0	147.7	0	0	-0.66	-198.74	304.75	0	469.3	-3.1413	-15.0000	6	1	1	0	0	1	0	-1				-1	-1	-1	-1		1.7639	2622.2	0	4	1	0	0	0	3	0
18255	1	412638	0	0	1000005	18	18	same	1	0	1	259.2	0	0	20.69	-62.63	42.31	0	759.2	5.3593	-15.0000	4	0	1	0	0	0	0	-1				-1	-1	-1	-1		1.9461	15718.5	1	19	1	0	0	0	8	7
18255	1	413580	0	0	1000008	11	11	same	21	0	0	47.2	0	0	74.30	-164.89	276.12	0	269.5	0.4138	-15.0000	6	1	1	0	0	1	0	-1				-1	-1	-1	-1		1.6741	8327.8	1	8	1	0	0	0	33	12
18255	1	414024	0	0	1000006	17	17	same	6	0	1	156.7	0	0	2.40	-188.29	87.17	0	876.9	3.5103	-15.0000	4	0	1	0	0	0	0	-1				-1	-1	-1	-1		1.2447	6887.4	1	1000006	1	0	0	0	10	4
18255	1	414200	0	0	1	6	6	same	2	0	0	185.5	0	0	-75.38	-94.82	378.02	0	900.0	4.1261	-15.0000	4	0	1	0	0	0	0	-1				-1	-1	-1	-1		0.8804	16489.8	0	1	1	0	0	0	2	0
18255	1	414240	0	0	1000003	17	17	same	2	0	0	306.8	0	0	7.04	99.30	217.91	0	363.5	2.0680	-15.0000	4	0	1	0	0	0	0	-1				-1	-1	-1	-1		1.9494	17684.0	1	15	1	0	0	0	4	2
18255	1	414288	0	0	6	1	1	same	1	0	1	15.3	0	0	-192.48	164.66	93.65	0	293.3	-0.0167	-15.0000	8	0	0	1	0	0	0	-1				-1	-1	-1	-1		1.6640	14165.9	0	6	1	0	0	0	1	0
18255	1	414306	0	0	0	11	11	same	2	0	1	217.4	1	1	-126.97	-19.59	49.60	0	626.7	3.4071	-15.0000	6	1	1	0	0	1	0	-1				-1	-1	-1	-1		0.7758	16595.3	0	0	1	0	0	0	2	0
18255	1	414442	0	0	1000004	21	21	same	6	1	0	112.0	1	1	174.95	-158.18	0.05	0	381.2	-3.5526	-15.0000	6	1	1	0	0	1	0	-1				-1	-1	-1	-1		1.8958	9821.4	1	14	1	0	0	0	6	0
18255	1	414552	0	0	1000010	19	19	same	3	0	1	1.7	0	0	115.61	-139.83	390.96	0	108.6	-2.3927	-15.0000	8	0	0	1	0	0	0	-1				-1	-1	-1	-1		0.8032	1431.0	1	16	1	0	0	0	4	1
18255	1	415186	0	0	1	19	19	same	5	0	0	85.3	0	0	-133.90	73.42	201.96	0	446.0	3.7591	-15.0000	4	0	1	0	0	0	0	-1				-1	-1	-1	-1		1.2108	25599.3	0	1	1	0	0	0	12	7
18255	1	415278	0	0	1000000	24	23	in_act_not_selected	63	1	1	80.7	1	1	46.47	-10.10	215.50	0	2326.8	-0.9059	0.3050	8	0	0	1	0	0	0	-1				-1	-1	-1	-1		1.7406	70030.6	1	4	1	1	1	1	64	1
18255	1	415564	0	0	1000007	17	17	same	3	0	1	126.3	0	0	33.51	187.09	223.26	0	476.5	1.8788	-15.0000	8	0	0	1	0	0	0	-1				-1	-1	-1	-1		0.6271	12520.0	1	14	1	0	0	0	5	2
18255	1	417100	0	0	9	25	25	same	3	0	0	156.7	1	1	-120.20	-27.51	348.45	0	490.2	3.4251	-15.0000	4	0	1	0	0	0	0	-1				-1	-1	-1	-1		1.1998	11610.5	0	9	1	0	0	0	3	0
18255	1	417496	0	0	4	19	19	same	3	0	1	29.4	0	0	-166.20	-87.09	458.67	0	230.1	-2.8579	-15.0000	8	0	0	1	0	0	0	-1				-1	-1	-1	-1		1.6040	15944.1	0	4	1	0	0	0	7	4
18255	1	417782	0	0	1000008	14	14	same	9	0	1	12.7	1	1	33.50	118.01	36.10	0	151.6	-3.4343	-15.0000	8	0	0	1	0	0	0	-1				-1	-1	-1	-1		1.3818	2189.0	1	11	1	0	0	0	9	0
18255	1	473358	0	0	1000007	19	19	same	1	0	1	27.2	0	0	35.75	-98.25	34.02	0	387.4	-1.5808	-15.0000	4	0	1	0	0	0	0	-1				-1	-1	-1	-1		1.6239	5774.8	1	1000007	1	0	0	0	2	1
18255	1	473886	0	0	9	2	2	same	1	0	1	6.7	0	0	-172.41	2.56	408.51	0	79.7	-0.9732	-15.0000	8	0	0	1	0	0	0	-1				-1	-1	-1	-1		1.2601	4034.6	0	9	1	0	0	0	1	0
18255	1	473952	0	0	9	18	18	same	7	0	0	149.0	0	0	-96.59	103.98	357.83	0	587.8	1.9643	-15.0000	4	0	1	0	0	0	0	-1				-1	-1	-1	-1		1.6567	9683.5	0	9	1	0	0	0	15	8
18255	1	474370	0	0	4	8	8	same	8	0	1	118.2	0	0	-1.62	98.38	131.23	0	407.9	2.2884	-15.0000	4	0	1	0	0	0	0	-1				-1	-1	-1	-1		1.3980	6092.5	0	4	1	0	0	0	15	7
18255	1	474612	0	0	1000006	5	5	same	1	0	0	22.9	0	0	68.05	186.54	252.37	0	371.5	0.5527	-15.0000	6	1	1	0	0	1	0	-1				-1	-1	-1	-1		0.6633	1904.8	1	1000006	1	0	0	0	3	2
18255	1	474678	0	0	1000006	61	17	not_in_act	8	0	0	93.0	0	0	-11.59	190.72	40.76	0	716.6	-0.1621	-15.0000	8	0	0	1	0	0	0	-1				-1	-1	-1	-1		1.9871	13375.1	1	1000006	1	1	0	0	9	1
18255	1	475096	0	0	1000018	17	17	same	2	0	0	2.2	0	0	0.00	0.00	0.00	1	0.0	-1.9417	-15.0000	0	0	0	0	0	0	0	-1				-1	-1	-1	-1		0.9753	336.2	1	2	0	0	0	0	2	0
18255	1	475140	0	0	3	10	10	same	2	0	0	138.5	0	0	-176.57	-71.45	368.97	0	445.5	2.4361	-15.0000	4	0	1	0	0	0	0	-1				-1	-1	-1	-1		0.8983	21582.7	0	3	1	0	0	0	3	1
18255	1	475712	0	0	3	16	16	same	2	0	0	49.5	1	1	-150.86	-172.13	5.56	0	547.0	1.3158	-15.0000	4	0	1	0	0	0	0	-1				-1	-1	-1	-1		1.3070	16288.8	0	3	1	0	0	0	7	5
18255	1	475778	0	0	10	4	4	same	1	0	1	20.5	0	0	-1.23	-86.06	32.41	0	143.1	-0.6392	-9.9583	40	0	0	1	1	0	0	-1				-1	-1	-1	-1		1.0546	2248.9	0	10	1	0	1	1	6	5
18255	1	476966	0	0	1000009	8	8	same	1	0	1	7.4	0	0	16.72	127.64	73.32	0	119.4	-1.2038	-15.0000	8	0	0	1	0	0	0	-1				-1	-1	-1	-1		1.7369	4523.8	1	7	1	0	0	0	6	5
18255	1	477142	0	0	1000008	18	18	same	3	0	1	68.3	0	0	129.22	37.56	349.50	0	442.6	1.2963	-15.0000	4	0	1	0	0	0	0	-1				-1	-1	-1	-1		1.0710	9602.9	1	15	1	0	0	0	7	4
18255	1	478088	0	0	1	22	22	same	4	0	0	140.9	1	1	-152.62	17.75	400.21	0	698.4	5.1397	-15.0000	4	0	1	0	0	0	0	-1				-1	-1	-1	-1		1.5057	28792.3	0	1	1	0	0	0	7	3
18255	1	478220	0	0	1000004	17	17	same	9	0	1	263.8	0	0	60.61	-85.25	160.43	0	999.7	4.0705	-15.0000	4	0	1	0	0	0	0	-1				-1	-1	-1	-1		1.9134	22055.5	1	10	1	0	0	0	16	7
18255	1	478374	0	0	1000005	12	12	same	3	0	0	72.3	1	1	134.98	143.35	387.82	0	389.8	2.8533	-15.0000	4	0	1	0	0	0	0	-1				-1	-1	-1	-1		1.0680	14207.2	1	12	1	0	0	0	4	1
18255	1	478594	0	0	1000004	9	9	same	1	0	1	20.4	0	0	170.12	-157.62	108.44	0	291.1	0.6489	-5.7396	8	0	0	1	0	0	0	-1				-1	-1	-1	-1		0.6801	11649.8	1	1000004	1	0	1	1	3	2
18255	1	478638	0	0	1000004	5	5	same	2	0	0	161.7	0	0	34.81	-166.86	109.76	0	540.1	3.1079	-15.0000	4	0	1	0	0	0	0	-1				-1	-1	-1	-1		1.3024	5821.4	1	6	1	0	0	0	6	4
18255	1	478880	0	0	1000005	14	14	same	11	0	1	143.1	0	0	8.77	-103.46	131.00	0	668.6	2.4283	-15.0000	4	0	1	0	0	0	0	-1				-1	-1	-1	-1		1.9132	7084.0	1	1	1	0	0	0	14	3
18255	1	479650	0	0	1000007	71	8	not_in_act	2	0	1	27.7	0	0	73.74	140.75	432.40	0	562.5	-0.5801	-15.0000	8	0	0	1	0	0	0	-1				-1	-1	-1	-1		0.6915	3821.4	1	10	1	1	0	0	32	30
18255	1	480002	0	0	4	3	3	same	4	0	0	22.0	1	1	0.00	0.00	0.00	1	0.0	-1.9417	-15.0000	0	0	0	0	0	0	0	-1				-1	-1	-1	-1		1.3440	23523.7	0	4	0	0	0	0	8	4
18255	1	480728	0	0	3	11	11	same	2	0	0	36.5	0	0	-129.71	-172.07	20.30	0	392.1	2.1717	-15.0000	4	0	1	0	0	0	0	-1				-1	-1	-1	-1		0.8319	7026.9	0	3	1	0	0	0	13	11
18255	1	480772	0	0	1	10	10	same	7	0	0	120.3	1	1	-8.55	-168.73	329.92	0	597.1	2.1854	-15.0000	4	0	1	0	0	0	0	-1				-1	-1	-1	-1		0.9897	19038.7	0	1	1	0	0	0	10	3
18255	1	480970	0	0	3	10	10	same	4	0	0	82.9	0	0	-170.67	133.07	449.79	0	488.6	1.6181	-15.0000	6	1	1	0	0	1	0	-1				-1	-1	-1	-1		1.3896	31635.0	0	3	1	0	0	0	5	1
18255	1	481014	0	0	0	51	7	not_in_act	4	0	0	16.0	1	2	-78.48	-9.08	57.10	0	11.7	-2.8180	-15.0000	8	0	0	1	0	0	0	-1				-1	-1	-1	-1		1.0736	20816.1	0	0	1	1	0	0	8	4
18255	1	493439	0	0	7	11	11	same	1	0	1	28.0	0	0	-1.05	-130.48	193.13	0	230.1	-0.4187	-15.0000	4	0	1	0	0	0	0	-1				-1	-1	-1	-1		0.9895	2740.8	0	7	1	0	0	0	2	1
18255	1	493659	0	0	5	20	20	same	3	0	1	71.4	0	0	-68.15	-144.62	456.95	0	507.3	0.5932	-15.0000	8	0	0	1	0	0	0	-1				-1	-1	-1	-1		0.7884	6728.0	0	5	1	0	0	0	10	7
18255	1	493835	0	0	3	25	25	same	3	0	1	45.2	0	0	-153.38	-29.83	412.55	0	459.6	1.0695	-15.0000	6	1	1	0	0	1	0	-1				-1	-1	-1	-1		1.8138	14729.5	0	3	1	0	0	0	7	4
18255	1	494297	0	0	1000002	10	10	same	2	0	0	154.9	1	1	19.71	62.09	373.87	0	709.3	4.5414	-15.0000	4	0	1	0	0	0	0	-1				-1	-1	-1	-1		0.7804	12908.3	1	6	1	0	0	0	5	3
18255	1	494847	0	0	1000002	4	4	same	5	0	1	143.2	1	1	127.95	159.23	411.02	0	502.5	1.1247	-15.0000	6	1	1	0	0	1	0	-1				-1	-1	-1	-1		1.1886	18049.8	1	6	1	0	0	0	12	7
18255	1	495199	0	0	1000000	37	18	not_in_act	3	0	0	125.1	1	1	34.18	-1.95	33.27	0	794.1	3.6651	-15.0000	4	0	1	0	0	0	0	-1				-1	-1	-1	-1		1.7021	29051.9	1	15	1	1	0	0	6	3
18255	1	495881	0	0	9	2	2	same	1	0	0	59.4	0	0	-167.13	196.22	364.54	0	703.3	1.3372	-15.0000	4	0	1	0	0	0	0	-1				-1	-1	-1	-1		0.7829	17311.5	0	9	1	0	0	0	9	8
18255	1	497311	0	0	3	15	15	same	5	0	0	315.1	0	0	-5.02	0.88	184.23	0	1881.6	3.0691	-15.0000	4	0	1	0	0	0	0	-1				-1	-1	-1	-1		1.5936	13024.2	0	3	1	0	0	0	7	2
18255	1	497355	0	0	1000001	9	9	same	4	0	0	126.1	0	0	128.64	177.46	173.36	0	495.9	4.1843	-15.0000	4	0	1	0	0	0	0	-1				-1	-1	-1	-1		0.7015	9973.1	1	1000001	1	0	0	0	7	3
18255	1	497399	0	0	1	18	24	in_act_not_selected	7	0	0	122.4	0	0	0.26	-162.59	245.37	0	1170.8	2.0804	-15.0000	4	0	1	0	0	0	0	-1				-1	-1	-1	-1		1.1296	31432.1	0	1	1	1	0	0	13	6
18255	1	497553	0	0	6	12	12	same	4	0	1	39.2	0	0	-100.86	53.46	133.80	0	366.1	-1.6124	-15.0000	8	0	0	1	0	0	0	-1				-1	-1	-1	-1		1.1905	10797.8	0	6	1	0	0	0	4	0
18255	1	497883	0	0	1000005	6	6	same	4	0	0	138.9	1	2	13.50	-124.97	434.02	0	944.9	3.6967	-15.0000	4	0	1	0	0	0	0	-1				-1	-1	-1	-1		1.1986	10210.1	1	5	1	0	0	0	9	5
18255	1	498851	0	0	1	11	11	same	5	0	0	61.6	0	0	-187.94	-82.60	181.17	0	571.9	0.7728	-15.0000	8	0	0	1	0	0	0	-1				-1	-1	-1	-1		0.9807	39270.1	0	1	1	0	0	0	10	5
18255	1	499115	0	0	0	6	6	same	2	0	0	33.0	0	0	-185.67	-98.09	380.77	0	309.4	3.4476	-15.0000	4	0	1	0	0	0	0	-1				-1	-1	-1	-1		1.5198	38214.7	0	0	1	0	0	0	7	5
18255	1	499423	0	0	5	11	11	same	5	0	1	24.4	0	0	-115.89	-37.95	426.79	0	337.1	-1.0851	-14.3014	8	0	0	1	0	0	0	-1				-1	-1	-1	-1		1.7318	12110.6	0	5	1	0	1	1	28	23
18255	1	499577	0	0	1000006	13	13	same	3	0	0	311.5	0	0	-15.34	135.03	312.65	0	1201.4	4.4939	-13.0178	4	0	1	0	0	0	0	-1				-1	-1	-1	-1		1.3676	14947.7	1	2	1	0	1	1	21	18
18255	1	500083	0	0	8	3	3	same	1	0	1	28.3	0	0	-81.10	25.49	80.81	0	405.3	0.1399	-15.0000	4	0	1	0	0	0	0	-1				-1	-1	-1	-1		1.0193	4773.6	0	8	1	0	0	0	6	5
18255	1	500149	0	0	1000007	17	17	same	2	0	0	151.0	0	0	18.39	-36.40	403.79	0	608.0	4.1217	-15.0000	4	0	1	0	0	0	0	-1				-1	-1	-1	-1		0.8466	10396.8	1	13	1	0	0	0	3	1
18255	1	500567	0	0	1000010	13	13	same	5	0	1	31.3	1	1	72.25	83.98	111.23	0	362.9	-0.5208	-15.0000	4	0	1	0	0	0	0	-1				-1	-1	-1	-1		2.0048	7524.1	1	11	1	0	0	0	9	4
18255	1	501711	0	0	1000003	13	13	same	5	0	1	121.8	0	0	41.86	187.32	40.78	0	709.9	3.1281	-15.0000	4	0	1	0	0	0	0	-1				-1	-1	-1	-1		1.0790	5872.5	1	9	1	0	0	0	27	22
18255	1	502019	0	0	1	9	9	same	2	0	1	131.3	0	0	-112.25	-44.91	65.57	0	1041.1	2.6580	-15.0000	4	0	1	0	0	0	0	-1				-1	-1	-1	-1		0.7152	21161.4	0	1	1	0	0	0	5	3
18255	1	502525	0	0	1000005	19	19	same	2	0	1	45.4	0	0	27.78	25.80	295.27	0	366.6	2.0736	-15.0000	4	0	1	0	0	0	0	-1				-1	-1	-1	-1		0.7820	7507.6	1	18	1	0	0	0	6	4
18255	1	502921	0	0	1000002	10	10	same	1	0	1	60.7	0	0	145.72	-166.43	55.95	0	644.1	3.1650	-15.0000	4	0	1	0	0	0	0	-1				-1	-1	-1	-1		1.2287	18308.8	1	12	1	0	0	0	24	23
18259	1	47058	0	0	5	11	11	same	6	0	1	174.0	1	1	39.41	119.22	100.08	0	529.0	1.9829	-15.0000	4	0	1	0	0	0	0	-1				-1	-1	-1	-1		1.3412	12394.6	0	5	1	0	0	0	13	7
18259	1	47212	0	0	0	1	1	same	1	0	0	77.0	0	0	-153.32	-119.43	202.74	0	1368.1	-0.0399	-15.0000	8	0	0	1	0	0	0	-1				-1	-1	-1	-1		1.1919	111182.2	0	0	1	0	0	0	47	46
18259	1	47278	0	0	6	6	6	same	1	0	1	64.4	0	0	-81.74	164.77	203.96	0	656.1	2.1627	-15.0000	4	0	1	0	0	0	0	-1				-1	-1	-1	-1		1.2891	11527.5	0	6	1	0	0	0	12	11
18259	1	47696	0	0	1000002	16	16	same	5	1	1	21.1	1	1	143.67	7.96	401.98	0	225.8	-1.3067	-15.0000	8	0	0	1	0	0	0	-1				-1	-1	-1	-1		0.9288	39031.2	1	11	1	0	0	0	12	7
18259	1	47784	0	0	1000005	17	17	same	7	0	0	227.7	0	0	56.14	-76.55	113.71	0	949.1	4.4929	-15.0000	4	0	1	0	0	0	0	-1				-1	-1	-1	-1		1.9696	16193.5	1	7	1	0	0	0	7	0
18259	1	47894	0	0	1000003	12	12	same	2	0	1	1.9	0	0	179.12	-93.55	29.90	0	24.9	-4.1968	-15.0000	8	0	0	1	0	0	0	-1				-1	-1	-1	-1		1.2666	8123.3	1	1000003	1	0	0	0	14	12
18259	1	47916	0	0	1000006	11	11	same	3	0	0	26.9	0	0	39.79	193.95	262.39	0	326.3	2.8345	-15.0000	4	0	1	0	0	0	0	-1				-1	-1	-1	-1		1.9540	2813.0	1	15	1	0	0	0	3	0
18259	1	48488	0	0	2	21	21	same	3	0	1	220.2	0	0	-184.11	182.39	202.32	0	715.2	4.7221	-15.0000	4	0	1	0	0	0	0	-1				-1	-1	-1	-1		0.7175	21510.2	0	2	1	0	0	0	5	2
18259	1	48774	0	0	1000002	7	7	same	1	0	1	290.2	0	0	-7.89	15.33	185.71	0	894.9	4.4787	-15.0000	4	0	1	0	0	0	0	-1				-1	-1	-1	-1		1.5916	11415.5	1	3	1	0	0	0	4	3
18259	1	49742	0	0	1000005	16	16	same	2	0	1	86.1	0	0	180.73	54.30	55.46	0	444.4	1.8118	-15.0000	6	1	1	0	0	1	0	-1				-1	-1	-1	-1		1.6798	11969.7	1	13	1	0	0	0	6	4
18259	1	49984	0	0	8	4	4	same	1	0	0	27.0	0	0	-160.15	-192.84	476.89	0	198.3	2.5163	-15.0000	4	0	1	0	0	0	0	-1				-1	-1	-1	-1		0.7317	4606.2	0	8	1	0	0	0	3	2
18259	1	50182	0	0	1000004	10	10	same	1	0	1	121.3	0	0	-19.22	-113.15	306.20	0	513.7	3.7278	-15.0000	4	0	1	0	0	0	0	-1				-1	-1	-1	-1		1.9562	4085.4	1	2	1	0	0	0	4	3
18259	1	50446	0	0	1000011	13	13	same	1	0	1	64.1	0	0	120.18	-85.01	223.92	0	293.1	0.6461	-15.0000	4	0	1	0	0	0	0	-1				-1	-1	-1	-1		1.7401	4757.6	1	1000011	1	0	0	0	9	8
18259	1	50688	0	0	1000005	29	10	not_in_act	4	0	1	3.0	1	1	101.84	-2.95	8.19	0	47.8	-3.7734	-15.0000	8	0	0	1	0	0	0	-1				-1	-1	-1	-1		0.9383	1226.7	1	1000005	1	1	0	0	7	3
18259	1	51128	0	0	1000004	22	22	same	18	0	1	57.7	1	1	163.88	113.93	296.06	0	502.0	0.5792	-15.0000	4	0	1	0	0	0	0	-1				-1	-1	-1	-1		1.6697	12519.7	1	1000004	1	0	0	0	24	6
18259	1	51260	0	0	1	7	7	same	2	0	0	24.8	0	0	-201.24	97.16	29.96	0	210.3	-0.9914	-15.0000	6	1	1	0	0	1	0	-1				-1	-1	-1	-1		1.7949	44627.9	0	1	1	0	0	0	12	10
18259	1	51546	0	0	2	16	16	same	3	0	0	69.9	0	0	-158.92	171.61	423.58	0	612.2	2.3002	-15.0000	4	0	1	0	0	0	0	-1				-1	-1	-1	-1		1.3897	21936.1	0	2	1	0	0	0	11	8
18259	1	51722	0	0	10	23	17	in_act_not_selected	3	0	1	25.5	1	1	-198.85	26.42	107.92	0	409.7	-0.7302	-15.0000	6	1	1	0	0	1	0	-1				-1	-1	-1	-1		0.9900	2348.1	0	10	1	1	0	0	7	4
18259	1	51964	0	0	0	7	7	same	3	0	0	202.0	0	0	-122.11	34.55	289.81	0	713.6	4.2353	-15.0000	4	0	1	0	0	0	0	-1				-1	-1	-1	-1		0.9342	22225.5	0	0	1	0	0	0	3	0
18259	1	52338	0	0	5	1	1	same	1	0	0	302.5	0	0	-145.59	-120.30	219.91	0	826.3	3.5925	-15.0000	4	0	1	0	0	0	0	-1				-1	-1	-1	-1		1.2534	17867.9	0	5	1	0	0	0	5	4
18259	1	53130	0	0	9	8	8	same	1	0	0	35.8	0	0	-109.98	-35.99	482.10	0	387.4	2.9434	-15.0000	4	0	1	0	0	0	0	-1				-1	-1	-1	-1		1.6220	4246.2	0	9	1	0	0	0	3	2
18259	1	53658	0	0	6	15	15	same	3	0	0	95.1	0	0	-142.16	-92.47	48.32	0	322.0	-0.9112	-15.0000	8	0	0	1	0	0	0	-1				-1	-1	-1	-1		0.6626	16878.0	0	6	1	0	0	0	8	5
18259	1	55220	0	0	1000011	17	17	same	3	0	0	39.4	1	1	42.43	-4.64	486.59	0	497.4	1.3590	-15.0000	4	0	1	0	0	0	0	-1				-1	-1	-1	-1		1.9635	3321.9	1	13	1	0	0	0	3	0
18259	1	55286	0	0	14	3	3	same	1	0	0	1.1	0	0	0.00	0.00	0.00	1	0.0	-1.9417	-15.0000	0	0	0	0	0	0	0	-1				-1	-1	-1	-1		1.2655	211.2	0	14	0	0	0	0	1	0
18259	1	94392	0	0	1	5	5	same	4	0	1	114.0	0	0	-97.29	4.84	243.30	0	747.5	0.9655	-15.0000	4	0	1	0	0	0	0	-1				-1	-1	-1	-1		0.7411	25656.2	0	1	1	0	0	0	11	7
18259	1	94546	0	0	4	13	13	same	2	0	1	329.9	0	0	-57.39	126.79	10.78	0	911.5	3.5239	-15.0000	4	0	1	0	0	0	0	-1				-1	-1	-1	-1		0.9432	12542.3	0	4	1	0	0	0	4	2
18259	1	94678	0	0	1000007	8	8	same	2	0	0	101.3	0	0	55.13	89.06	399.43	0	478.3	1.8029	-15.0000	4	0	1	0	0	0	0	-1				-1	-1	-1	-1		0.8246	3164.1	1	7	1	0	0	0	5	3
18259	1	94942	0	0	1000005	10	10	same	1	0	0	134.5	0	0	112.07	130.12	395.16	0	659.8	4.5664	-15.0000	4	0	1	0	0	0	0	-1				-1	-1	-1	-1		1.7300	11045.7	1	11	1	0	0	0	4	3
18259	1	95074	0	0	1000001	10	10	same	3	0	1	94.4	1	1	48.40	8.66	217.46	0	551.5	2.7934	-15.0000	4	0	1	0	0	0	0	-1				-1	-1	-1	-1		0.8913	14221.6	1	5	1	0	0	0	12	9
18259	1	95184	0	0	5	3	3	same	1	0	1	30.5	0	0	-116.80	-37.75	241.62	0	307.6	-0.3863	-15.0000	4	0	1	0	0	0	0	-1				-1	-1	-1	-1		0.7211	14800.0	0	5	1	0	0	0	10	9
18259	1	95690	0	0	1000004	13	13	same	2	0	1	147.4	0	0	94.29	26.37	389.54	0	662.4	4.3877	-15.0000	4	0	1	0	0	0	0	-1				-1	-1	-1	-1		1.3504	12930.5	1	10	1	0	0	0	7	5
18259	1	95800	0	0	12	1	1	same	1	0	0	1.3	0	0	0.00	0.00	0.00	1	0.0	-1.9417	-15.0000	0	0	0	0	0	0	0	-1				-1	-1	-1	-1		0.9569	126.1	0	12	0	0	0	0	1	0
18259	1	96306	0	0	4	11	11	same	5	0	0	262.0	0	0	-67.32	115.45	69.87	0	776.4	5.4292	-15.0000	4	0	1	0	0	0	0	-1				-1	-1	-1	-1		0.7594	16491.1	0	4	1	0	0	0	7	2
18259	1	96636	0	0	7	21	12	in_act_not_selected	8	0	1	2.2	0	0	80.45	-61.91	42.07	0	106.9	-2.1356	-15.0000	8	0	0	1	0	0	0	-1				-1	-1	-1	-1		1.0327	1064.9	0	7	1	1	0	0	12	4
18259	1	96680	0	0	5	24	24	same	6	1	1	65.2	1	1	-96.57	-66.50	42.47	0	309.9	-0.3145	-13.4250	8	0	0	1	0	0	0	-1				-1	-1	-1	-1		0.8543	9953.1	0	5	1	0	1	1	13	7
18259	1	98660	0	0	2	18	18	same	1	0	1	373.1	0	0	-48.21	-6.43	27.92	0	1003.7	3.8879	-15.0000	4	0	1	0	0	0	0	-1				-1	-1	-1	-1		0.7162	17461.0	0	2	1	0	0	0	3	2
18259	1	98704	0	0	6	2	2	same	1	0	1	20.7	0	0	-179.16	-151.38	156.49	0	176.4	-3.1462	-15.0000	8	0	0	1	0	0	0	-1				-1	-1	-1	-1		1.9839	5082.8	0	6	1	0	0	0	1	0
18259	1	99232	0	0	1000002	17	17	same	3	0	1	258.8	1	1	122.47	-118.47	86.52	0	911.5	4.1881	-15.0000	8	0	0	1	0	0	0	-1				-1	-1	-1	-1		1.6257	29737.7	1	9	1	0	0	0	6	3
18259	1	99716	0	0	4	13	13	same	8	0	1	339.1	1	1	-29.60	-10.70	64.95	0	1419.9	4.2798	-15.0000	4	0	1	0	0	0	0	-1				-1	-1	-1	-1		0.6200	20122.2	0	4	1	0	0	0	20	12
18259	1	99782	0	0	1000000	18	18	same	6	0	0	96.7	1	1	183.75	-68.84	98.76	0	786.9	3.3296	-15.0000	4	0	1	0	0	0	0	-1				-1	-1	-1	-1		1.1312	32458.2	1	12	1	0	0	0	18	12
18259	1	99826	0	0	1	18	18	same	5	0	1	224.0	0	0	-105.83	-9.49	267.54	0	783.4	2.2566	-13.6945	4	0	1	0	0	0	0	-1				-1	-1	-1	-1		0.9705	26041.9	0	1	1	0	1	1	10	5
18259	1	100222	0	0	1000000	113	14	not_in_act	2	0	1	113.6	0	0	74.53	23.93	189.78	0	2701.9	1.4449	3.8395	36	0	1	0	1	0	0	-1				-1	-1	-1	-1		1.1744	86282.7	1	9	1	1	1	1	48	46
18259	1	100420	0	0	4	14	14	same	2	0	0	120.6	0	0	-165.59	196.06	106.85	0	529.2	1.8176	-15.0000	4	0	1	0	0	0	0	-1				-1	-1	-1	-1		1.8897	17995.6	0	4	1	0	0	0	8	6
18259	1	100640	0	0	1000007	3	3	same	1	0	0	39.8	0	0	175.36	-196.61	344.78	0	409.4	0.4802	-15.0000	4	0	1	0	0	0	0	-1				-1	-1	-1	-1		1.2748	3107.0	1	1000007	1	0	0	0	3	2
18259	1	100728	0	0	1000004	8	8	same	2	0	0	18.4	1	1	0.00	0.00	0.00	1	0.0	-1.9417	-15.0000	0	0	0	0	0	0	0	-1				-1	-1	-1	-1		1.5707	15883.5	1	1000004	0	0	0	0	8	6
18259	1	101454	0	0	2	13	13	same	6	0	1	214.6	1	1	-108.77	36.97	176.76	0	1209.8	2.0704	-15.0000	8	0	0	1	0	0	0	-1				-1	-1	-1	-1		0.5501	27787.4	0	2	1	0	0	0	9	3
18259	1	101498	0	0	0	10	10	same	2	0	1	132.8	0	0	-186.57	-186.28	424.77	0	442.1	2.6139	-15.0000	6	1	1	0	0	1	0	-1				-1	-1	-1	-1		1.6796	22815.1	0	0	1	0	0	0	6	4
18259	1	101828	0	0	1000006	34	22	in_act_not_selected	8	1	0	46.6	1	1	93.08	114.84	391.73	0	545.2	0.7943	-15.0000	4	0	1	0	0	0	0	-1				-1	-1	-1	-1		0.9126	10445.0	1	9	1	1	0	0	14	6
18259	1	156093	0	0	2	8	8	same	1	0	0	159.0	0	0	-145.70	-107.04	346.11	0	991.0	3.1566	-15.0000	4	0	1	0	0	0	0	-1				-1	-1	-1	-1		0.7447	28230.6	0	2	1	0	0	0	6	5
18259	1	156313	0	0	1000004	6	6	same	1	0	1	4.6	0	0	186.03	-112.74	22.86	0	140.9	-3.0624	-15.0000	10	1	0	1	0	1	0	-1				-1	-1	-1	-1		1.2262	1635.7	1	1000004	1	0	0	0	3	2
18259	1	157215	0	0	1	18	1	in_act_not_selected	8	0	0	27.8	1	1	-150.57	0.48	105.75	0	753.5	1.4761	-15.0000	4	0	1	0	0	0	0	-1				-1	-1	-1	-1		1.6118	49561.3	0	1	1	1	0	0	8	0
18259	1	157281	0	0	2	7	7	same	1	0	1	209.6	0	0	-171.37	-1.33	236.45	0	950.5	4.1727	-15.0000	4	0	1	0	0	0	0	-1				-1	-1	-1	-1		1.8213	24778.0	0	2	1	0	0	0	5	4
18259	1	158227	0	0	1000004	11	11	same	1	0	1	216.0	0	0	2.09	-156.62	124.50	0	629.5	3.7134	-15.0000	4	0	1	0	0	0	0	-1				-1	-1	-1	-1		1.2520	8985.4	1	1000004	1	0	0	0	3	2
18259	1	158689	0	0	5	8	8	same	3	0	0	304.9	0	0	-60.65	159.74	194.20	0	864.8	3.9726	-15.0000	4	0	1	0	0	0	0	-1				-1	-1	-1	-1		1.4452	10359.3	0	5	1	0	0	0	11	8
18259	1	159569	0	0	4	49	12	not_in_act	5	0	0	66.9	0	0	-123.63	49.49	332.53	0	674.3	0.2894	-15.0000	4	0	1	0	0	0	0	-1				-1	-1	-1	-1		1.5222	22356.2	0	4	1	1	0	0	19	14
18259	1	160537	0	0	1000005	13	13	same	2	0	0	48.7	0	0	87.92	-40.70	478.80	0	451.0	0.9451	-15.0000	8	0	0	1	0	0	0	-1				-1	-1	-1	-1		1.8292	5310.2	1	10	1	0	0	0	6	4
18259	1	161043	0	0	1000008	8	8	same	1	0	1	21.1	0	0	97.61	163.67	167.75	0	345.2	-0.7750	-15.0000	4	0	1	0	0	0	0	-1				-1	-1	-1	-1		0.7948	5207.6	1	1000008	1	0	0	0	8	7
18259	1	161725	0	0	1000001	18	18	same	8	1	1	181.9	1	1	165.21	80.62	66.69	0	586.0	2.2409	-15.0000	4	0	1	0	0	0	0	-1				-1	-1	-1	-1		1.0024	22444.8	1	1000001	1	0	0	0	9	1
18259	1	162143	0	0	1000000	8	8	same	6	0	0	361.4	1	2	34.45	-50.62	137.23	0	1560.9	5.6870	-15.0000	4	0	1	0	0	0	0	-1				-1	-1	-1	-1		0.8538	32810.8	1	8	1	0	0	0	16	10
18259	1	162473	0	0	10	4	4	same	2	0	0	14.7	0	0	0.00	0.00	0.00	1	0.0	-1.9417	-15.0000	0	0	0	0	0	0	0	-1				-1	-1	-1	-1		1.1159	1093.3	0	10	0	0	0	0	6	4
18259	1	163309	0	0	1000007	19	19	same	4	0	1	216.0	0	0	1.50	57.88	8.14	0	623.5	3.6075	-15.0000	4	0	1	0	0	0	0	-1				-1	-1	-1	-1		1.8534	10951.8	1	7	1	0	0	0	7	3
18259	1	163771	0	0	1000005	8	8	same	1	0	1	106.8	0	0	30.24	18.09	445.76	0	541.0	1.5049	-15.0000	6	1	1	0	0	1	0	-1				-1	-1	-1	-1		0.8478	6630.4	1	12	1	0	0	0	5	4
18259	1	164466	0	0	1000002	6	6	same	1	0	0	93.9	0	0	71.08	195.95	370.74	0	528.4	1.2813	-15.0000	8	0	0	1	0	0	0	-1				-1	-1	-1	-1		0.5158	5200.0	1	1000002	1	0	0	0	2	1
18259	1	164475	0	0	2	17	17	same	1	0	1	282.0	0	0	-60.98	125.55	170.24	0	1169.7	3.5890	-15.0000	4	0	1	0	0	0	0	-1				-1	-1	-1	-1		1.8331	22221.2	0	2	1	0	0	0	4	3
18259	1	164576	0	0	1000007	24	24	same	13	1	0	105.4	1	1	102.20	81.59	388.86	0	380.8	-0.4941	-15.0000	4	0	1	0	0	0	0	-1				-1	-1	-1	-1		1.6130	10285.9	1	14	1	0	0	0	13	0
18259	1	164774	0	0	1000013	24	24	same	2	0	0	73.8	0	0	113.35	-153.20	182.45	0	302.3	-0.7719	-15.0000	6	1	1	0	0	1	0	-1				-1	-1	-1	-1		1.9693	2163.9	1	1000013	1	0	0	0	3	1
18259	1	165104	0	0	1000005	9	9	same	1	0	1	96.8	0	0	74.54	55.63	361.09	0	449.2	2.6345	-15.0000	4	0	1	0	0	0	0	-1				-1	-1	-1	-1		1.3129	9093.5	1	1000005	1	0	0	0	7	6
18259	1	165157	0	0	1	62	9	not_in_act	8	0	1	24.5	0	0	-100.97	116.70	195.36	0	559.2	-0.5343	-10.7014	8	0	0	1	0	0	0	-1				-1	-1	-1	-1		1.9123	18314.7	0	1	1	1	1	1	29	21
18259	1	165393	0	0	6	9	9	same	1	0	1	4.2	0	0	-161.59	-67.47	8.36	0	35.8	-0.8508	-15.0000	8	0	0	1	0	0	0	-1				-1	-1	-1	-1		1.0953	2632.6	0	6	1	0	0	0	8	7
18259	1	165544	0	0	3	4	4	same	1	0	1	28.5	0	0	-166.61	171.05	151.97	0	246.9	-1.7498	-5.0687	8	0	0	1	0	0	0	-1				-1	-1	-1	-1		0.6238	11946.7	0	3	1	0	1	1	7	6
18259	1	165767	0	0	1000002	7	7	same	1	0	1	66.0	0	0	180.26	-60.52	136.14	0	625.5	0.0383	-15.0000	8	0	0	1	0	0	0	-1				-1	-1	-1	-1		1.9705	16514.8	1	1000002	1	0	0	0	5	4
18259	1	165855	0	0	1000002	5	5	same	1	0	1	236.3	0	0	98.87	-112.91	66.72	0	667.1	4.0112	-15.0000	4	0	1	0	0	0	0	-1				-1	-1	-1	-1		0.8525	16066.6	1	1000002	1	0	0	0	6	5
18259	1	166006	0	0	1	8	8	same	4	0	1	262.5	0	0	-48.50	-168.96	207.42	0	813.7	4.2181	-15.0000	4	0	1	0	0	0	0	-1				-1	-1	-1	-1		0.8002	19315.8	0	1	1	0	0	0	7	3
18259	1	166050	0	0	1000002	11	11	same	4	0	1	29.3	1	1	41.44	33.14	355.67	0	419.8	-1.1844	-15.0000	8	0	0	1	0	0	0	-1				-1	-1	-1	-1		1.7680	10208.3	1	6	1	0	0	0	12	8
18259	1	166251	0	0	10	7	7	same	2	0	0	59.9	0	0	-191.94	105.41	492.57	0	399.3	-1.4770	-15.0000	6	1	1	0	0	1	0	-1				-1	-1	-1	-1		0.5392	4295.2	0	10	1	0	0	0	3	1
18259	1	166295	0	0	1	19	19	same	11	0	1	40.2	0	0	-174.88	29.28	110.92	0	421.0	-1.1315	-15.0000	8	0	0	1	0	0	0	-1				-1	-1	-1	-1		0.8114	24991.3	0	1	1	0	0	0	18	7
18259	1	166996	0	0	6	16	16	same	5	0	1	93.1	0	0	-90.64	74.07	285.63	0	545.7	3.5883	-15.0000	4	0	1	0	0	0	0	-1				-1	-1	-1	-1		1.7295	11908.8	0	6	1	0	0	0	15	10
18259	1	167351	0	0	2	13	13	same	5	0	0	185.2	0	0	-117.36	85.29	332.34	0	998.3	1.4080	-15.0000	8	0	0	1	0	0	0	-1				-1	-1	-1	-1		2.0138	19396.6	0	2	1	0	0	0	13	8
18259	1	167612	0	0	1000002	26	26	same	30	1	1	63.6	1	1	-126.80	-56.16	61.83	0	663.6	-0.3776	-15.0000	8	0	0	1	0	0	0	-1				-1	-1	-1	-1		0.6409	9977.7	1	3	1	0	0	0	36	6
18259	1	167703	0	0	3	11	11	same	6	0	1	33.9	0	0	-81.77	-52.75	247.15	0	403.0	-0.1098	-15.0000	8	0	0	1	0	0	0	-1				-1	-1	-1	-1		1.3100	10001.7	0	3	1	0	0	0	26	20
18259	1	167744	0	0	4	13	13	same	12	0	0	305.9	0	0	-85.63	-198.60	479.93	0	932.4	-1.9156	-15.0000	6	1	1	0	0	1	0	-1				-1	-1	-1	-1		0.9918	6713.1	0	4	1	0	0	0	16	4
18259	1	168209	0	0	1000004	11	11	same	4	0	0	96.9	0	0	94.53	109.61	433.35	0	925.5	3.4988	-15.0000	4	0	1	0	0	0	0	-1				-1	-1	-1	-1		0.9971	15987.9	1	12	1	0	0	0	6	2
18259	1	168448	0	0	1000008	64	23	not_in_act	4	0	1	78.1	0	0	-15.19	-11.58	360.16	0	485.7	0.5073	-15.0000	4	0	1	0	0	0	0	-1				-1	-1	-1	-1		0.5946	3937.6	1	6	1	1	0	0	5	1
18259	1	168778	0	0	9	2	2	same	1	0	0	2.1	0	0	0.00	0.00	0.00	1	0.0	-1.9417	-15.0000	0	0	0	0	0	0	0	-1				-1	-1	-1	-1		0.4796	242.6	0	9	0	0	0	0	1	0
18259	1	168869	0	0	1000003	4	4	same	2	0	1	7.6	0	0	92.05	195.43	325.78	0	102.7	-1.1222	-15.0000	8	0	0	1	0	0	0	-1				-1	-1	-1	-1		0.9514	2076.7	1	1000003	1	0	0	0	7	5
18259	1	169067	0	0	2	10	10	same	4	0	1	222.8	0	0	-164.63	132.78	106.33	0	803.4	3.5889	-15.0000	4	0	1	0	0	0	0	-1				-1	-1	-1	-1		1.3617	16962.7	0	2	1	0	0	0	11	7
18259	1	169152	0	0	9	22	22	same	4	0	0	77.8	0	0	-126.63	-103.52	428.36	0	503.7	2.0143	-15.0000	4	0	1	0	0	0	0	-1				-1	-1	-1	-1		1.6580	7840.0	0	9	1	0	0	0	10	6
18259	1	169221	0	0	1000009	69	15	not_in_act	3	0	0	81.8	0	0	9.77	-1.75	466.16	0	455.7	0.0268	-15.0000	8	0	0	1	0	0	0	-1				-1	-1	-1	-1		0.7889	4923.4	1	8	1	1	0	0	4	1
18259	1	169240	0	0	6	19	19	same	2	0	0	337.3	0	0	-12.01	-1.58	168.45	0	929.3	4.2596	-15.0000	4	0	1	0	0	0	0	-1				-1	-1	-1	-1		1.0786	16875.0	0	6	1	0	0	0	5	3
18259	1	169306	0	0	1000002	14	14	same	4	0	1	62.4	0	0	160.18	-152.11	33.19	0	513.5	0.1604	-15.0000	8	0	0	1	0	0	0	-1				-1	-1	-1	-1		0.9091	20034.8	1	1000002	1	0	0	0	11	7
18259	1	169658	0	0	1000001	7	7	same	4	0	1	269.1	0	0	46.73	-2.59	54.23	0	966.4	5.3290	-15.0000	4	0	1	0	0	0	0	-1				-1	-1	-1	-1		1.3078	19197.7	1	13	1	0	0	0	7	3
18259	1	169724	0	0	5	59	12	not_in_act	6	0	1	28.4	0	0	20.70	-62.81	456.46	0	428.7	0.6655	-15.0000	4	0	1	0	0	0	0	-1				-1	-1	-1	-1		1.4566	7102.5	0	5	1	1	0	0	7	1
18259	1	169793	0	0	2	11	11	same	3	0	0	199.1	0	0	-177.52	138.40	319.01	0	904.1	1.2714	-15.0000	8	0	0	1	0	0	0	-1				-1	-1	-1	-1		1.2891	12060.7	0	2	1	0	0	0	41	38
18259	1	169966	0	0	4	16	16	same	2	0	1	3.0	0	0	-16.74	46.47	121.67	0	56.9	-3.0557	-15.0000	8	0	0	1	0	0	0	-1				-1	-1	-1	-1		2.0492	5044.2	0	4	1	0	0	0	14	12
18259	1	170076	0	0	2	10	10	same	10	0	0	323.5	1	2	-15.64	2.19	31.81	0	1202.0	5.0776	-15.0000	4	0	1	0	0	0	0	-1				-1	-1	-1	-1		1.9090	20335.9	0	2	1	0	0	0	17	7
18259	1	170098	0	0	1	16	16	same	2	0	1	78.6	0	0	-51.53	88.60	345.55	0	808.4	2.9185	-15.0000	4	0	1	0	0	0	0	-1				-1	-1	-1	-1		1.2700	18389.9	0	1	1	0	0	0	35	33
18259	1	170274	0	0	7	3	3	same	1	0	1	46.5	0	0	-68.40	-159.93	27.46	0	286.9	1.0526	-15.0000	6	1	1	0	0	1	0	-1				-1	-1	-1	-1		2.0221	3067.7	0	7	1	0	0	0	12	11
18259	1	170365	0	0	7	12	12	same	3	0	0	105.9	0	0	-43.33	-106.48	408.25	0	454.0	3.8517	-15.0000	4	0	1	0	0	0	0	-1				-1	-1	-1	-1		0.8787	5818.8	0	7	1	0	0	0	4	1
18259	1	170428	0	0	1000003	14	14	same	3	0	1	285.7	0	0	5.72	52.90	263.43	0	874.1	4.1704	-15.0000	4	0	1	0	0	0	0	-1				-1	-1	-1	-1		0.8924	18901.3	1	10	1	0	0	0	6	3
18259	1	170585	0	0	1000003	11	11	same	2	0	0	27.2	0	0	191.69	143.76	407.40	0	299.3	1.7836	-15.0000	4	0	1	0	0	0	0	-1				-1	-1	-1	-1		1.9365	14126.6	1	1000003	1	0	0	0	5	3
18259	1	170651	0	0	1000000	9	9	same	1	0	1	232.6	0	0	1.66	-70.18	68.93	0	650.9	3.0677	-15.0000	4	0	1	0	0	0	0	-1				-1	-1	-1	-1		1.4947	16373.5	1	8	1	0	0	0	3	2
18259	1	170761	0	0	1000000	8	8	same	6	0	0	317.2	0	0	96.94	59.20	127.45	0	1529.0	3.9561	-15.0000	4	0	1	0	0	0	0	-1				-1	-1	-1	-1		0.6207	52708.9	1	9	1	0	0	0	22	16
18259	1	171143	0	0	7	8	8	same	1	0	0	102.3	0	0	-112.76	-155.04	75.24	0	710.2	3.3418	-15.0000	4	0	1	0	0	0	0	-1				-1	-1	-1	-1		1.7759	12901.9	0	7	1	0	0	0	11	10
18259	1	171352	0	0	5	13	13	same	4	0	0	87.2	0	0	-37.61	-176.53	457.13	0	1098.9	2.7809	-15.0000	4	0	1	0	0	0	0	-1				-1	-1	-1	-1		1.6964	8877.3	0	5	1	0	0	0	19	15
18259	1	171440	0	0	8	3	3	same	1	0	0	1.8	0	0	0.00	0.00	0.00	1	0.0	-1.9417	-15.0000	0	0	0	0	0	0	0	-1				-1	-1	-1	-1		1.7319	379.7	0	8	0	0	0	0	1	0
18259	1	171473	0	0	5	3	3	same	1	0	1	3.6	0	0	-101.59	-114.46	340.45	0	130.2	-0.6594	-15.0000	10	1	0	1	0	1	0	-1				-1	-1	-1	-1		0.7443	1628.2	0	5	1	0	0	0	2	1
18259	1	171528	0	0	1000004	17	17	same	3	0	0	35.2	0	0	32.88	-196.03	412.37	0	352.9	-1.5018	-15.0000	10	1	0	1	0	1	0	-1				-1	-1	-1	-1		1.3381	6883.9	1	12	1	0	0	0	15	12
18259	1	171572	0	0	1000003	83	10	not_in_act	3	0	1	127.2	0	0	12.60	-71.53	213.93	0	697.1	-0.3907	-15.0000	8	0	0	1	0	0	0	-1				-1	-1	-1	-1		1.4348	28404.5	1	5	1	1	0	0	14	11
18259	1	171616	0	0	6	3	3	same	1	0	1	149.5	0	0	-93.42	-154.54	196.12	0	560.2	3.1400	-15.0000	4	0	1	0	0	0	0	-1				-1	-1	-1	-1		0.5291	22541.4	0	6	1	0	0	0	24	23
18259	1	171729	0	0	1000003	9	9	same	4	0	0	161.9	0	0	-9.07	127.85	290.97	0	974.1	2.8349	-12.3498	4	0	1	0	0	0	0	-1				-1	-1	-1	-1		0.5357	5398.5	1	1	1	0	1	1	13	9
18259	1	171770	0	0	1000003	9	9	same	1	0	0	3.3	0	0	0.00	0.00	0.00	1	0.0	-1.9417	-15.0000	0	0	0	0	0	0	0	-1				-1	-1	-1	-1		0.8350	12209.9	1	8	0	0	0	0	1	0
18259	1	171866	0	0	3	15	15	same	2	0	0	114.7	0	0	-55.32	-170.50	335.19	0	554.3	4.8296	-15.0000	4	0	1	0	0	0	0	-1				-1	-1	-1	-1		1.5791	7733.5	0	3	1	0	0	0	4	2
18259	1	172012	0	0	1000002	24	24	same	5	1	0	73.6	1	1	63.37	15.61	0.24	0	462.1	-3.5043	-15.0000	10	1	0	1	0	1	0	-1				-1	-1	-1	-1		1.3737	18357.5	1	14	1	0	0	0	6	1
18259	1	172015	0	0	1000004	11	11	same	1	0	0	0.7	0	0	0.00	0.00	0.00	1	0.0	-1.9417	-15.0000	0	0	0	0	0	0	0	-1				-1	-1	-1	-1		0.6301	8119.9	1	5	0	0	0	0	1	0
18259	1	172020	0	0	1	11	11	same	3	0	1	122.5	0	0	-164.51	-81.23	353.05	0	812.4	1.5566	-15.0000	8	0	0	1	0	0	0	-1				-1	-1	-1	-1		0.9555	21878.3	0	1	1	0	0	0	8	5
18259	1	172177	0	0	1	7	7	same	4	0	0	61.6	1	1	-178.06	159.10	375.84	0	428.9	3.3161	-15.0000	4	0	1	0	0	0	0	-1				-1	-1	-1	-1		1.4841	12178.1	0	1	1	0	0	0	29	25
18259	1	172262	0	0	1000005	30	30	same	9	1	0	83.8	1	2	40.75	43.09	0.01	0	331.1	-4.1250	-15.0000	6	1	1	0	0	1	0	-1				-1	-1	-1	-1		0.5261	12998.4	1	1000005	1	0	0	0	10	1
18259	1	172344	0	0	5	6	6	same	2	0	0	37.4	0	0	-79.24	-185.04	477.62	0	585.0	2.5117	-15.0000	4	0	1	0	0	0	0	-1				-1	-1	-1	-1		1.8283	3005.5	0	5	1	0	0	0	3	1
18259	1	172463	0	0	0	14	14	same	4	0	0	186.8	0	0	-201.14	-108.76	268.98	0	752.8	-2.4197	-15.0000	6	1	1	0	0	1	0	-1				-1	-1	-1	-1		1.4754	45051.8	0	0	1	0	0	0	6	2
18259	1	172498	0	0	1000010	5	5	same	1	0	0	37.7	0	0	13.31	-175.46	240.70	0	470.4	1.0415	-15.0000	8	0	0	1	0	0	0	-1				-1	-1	-1	-1		1.2901	2339.0	1	1000010	1	0	0	0	3	2
18259	1	172548	0	0	7	10	10	same	3	0	1	6.0	0	0	-17.34	76.96	469.32	0	86.1	-0.8803	-15.0000	8	0	0	1	0	0	0	-1				-1	-1	-1	-1		1.1559	1877.2	0	7	1	0	0	0	7	4
18259	1	172617	0	0	1000006	17	17	same	3	0	0	185.7	0	0	54.26	119.72	339.57	0	816.3	4.4073	-15.0000	4	0	1	0	0	0	0	-1				-1	-1	-1	-1		1.9159	12766.5	1	14	1	0	0	0	3	0
18259	1	172762	0	0	1	15	15	same	3	0	1	308.5	0	0	-12.06	-157.16	127.57	0	839.5	4.0554	-15.0000	4	0	1	0	0	0	0	-1				-1	-1	-1	-1		1.4439	13967.5	0	1	1	0	0	0	3	0
18259	1	172850	0	0	1000003	12	12	same	2	0	0	53.5	0	0	193.21	68.44	391.30	0	343.8	2.4754	-15.0000	4	0	1	0	0	0	0	-1				-1	-1	-1	-1		0.6156	44191.6	1	1000003	1	0	0	0	3	1
18259	1	173048	0	0	1000005	17	17	same	3	0	0	264.9	0	0	114.63	-31.48	254.73	0	922.8	4.1894	-15.0000	4	0	1	0	0	0	0	-1				-1	-1	-1	-1		0.5555	14442.9	1	15	1	0	0	0	5	2
18259	1	173049	0	0	4	9	9	same	3	0	0	50.0	1	1	-182.94	127.13	470.86	0	351.4	3.3947	-15.0000	4	0	1	0	0	0	0	-1				-1	-1	-1	-1		1.8444	4336.7	0	4	1	0	0	0	5	2
18259	1	173093	0	0	1000004	12	12	same	11	0	1	21.5	0	0	23.82	-18.85	332.69	0	631.2	-0.0768	-6.5162	8	0	0	1	0	0	0	-1				-1	-1	-1	-1		1.8784	6353.6	1	4	1	0	1	1	25	14
18259	1	173108	0	0	8	25	25	same	2	0	0	39.3	0	0	-100.44	177.97	12.38	0	309.6	2.8306	-15.0000	4	0	1	0	0	0	0	-1				-1	-1	-1	-1		1.9236	3555.5	0	8	1	0	0	0	6	4
18259	1	173340	0	0	8	7	7	same	1	0	0	88.4	0	0	-66.15	187.89	43.61	0	359.3	0.1583	-15.0000	4	0	1	0	0	0	0	-1				-1	-1	-1	-1		1.5134	2437.3	0	8	1	0	0	0	4	3
18259	1	173438	0	0	6	5	5	same	1	0	1	1.7	0	0	-192.63	-78.12	177.94	0	108.3	-2.1779	-15.0000	8	0	0	1	0	0	0	-1				-1	-1	-1	-1		1.9497	1278.8	0	6	1	0	0	0	3	2
18259	1	173488	0	0	1000008	7	7	same	7	0	1	3.9	0	0	17.98	173.82	14.39	0	97.7	-1.2261	-15.0000	8	0	0	1	0	0	0	-1				-1	-1	-1	-1		1.1715	1618.3	1	8	1	0	0	0	11	4
18259	1	173495	0	0	11	22	22	same	6	0	0	35.3	0	0	-0.56	199.34	459.66	0	360.3	-1.0672	-15.0000	6	1	1	0	0	1	0	-1				-1	-1	-1	-1		1.6217	1951.7	0	11	1	0	0	0	8	2
18259	1	173585	0	0	3	15	15	same	2	0	1	198.5	0	0	-54.48	-131.24	231.73	0	665.6	4.5060	-15.0000	4	0	1	0	0	0	0	-1				-1	-1	-1	-1		0.6834	17266.4	0	3	1	0	0	0	6	4
18259	1	173620	0	0	1000003	11	11	same	3	0	1	113.3	0	0	29.19	131.99	150.81	0	378.8	0.4158	-15.0000	8	0	0	1	0	0	0	-1				-1	-1	-1	-1		1.2683	12876.9	1	11	1	0	0	0	13	10
18259	1	173643	0	0	1	3	3	same	2	0	0	141.3	0	0	-106.13	-115.06	392.42	0	617.1	4.0861	-15.0000	4	0	1	0	0	0	0	-1				-1	-1	-1	-1		1.2969	14677.3	0	1	1	0	0	0	12	10
18259	1	173671	0	0	1000000	7	7	same	2	0	0	369.5	0	0	2.05	-105.82	105.99	0	965.5	3.0521	-15.0000	4	0	1	0	0	0	0	-1				-1	-1	-1	-1		1.5001	47509.6	1	1000000	1	0	0	0	2	0
18259	1	173819	0	0	1000004	14	14	same	3	0	0	79.9	1	1	92.21	172.67	379.98	0	1125.4	1.4067	-15.0000	4	0	1	0	0	0	0	-1				-1	-1	-1	-1		0.6881	15072.1	1	9	1	0	0	0	12	9
18259	1	173827	0	0	1000011	23	23	same	1	0	1	4.1	0	0	60.60	144.34	35.48	0	108.7	-1.4857	-15.0000	8	0	0	1	0	0	0	-1				-1	-1	-1	-1		0.8362	1372.6	1	1000011	1	0	0	0	2	1
18259	1	173912	0	0	7	2	2	same	2	0	0	57.4	0	0	-181.96	154.07	451.81	0	620.0	1.6150	-15.0000	4	0	1	0	0	0	0	-1				-1	-1	-1	-1		1.6749	16534.7	0	7	1	0	0	0	10	8
18259	1	173915	0	0	1	19	19	same	3	0	0	245.5	0	0	-201.22	15.03	125.86	0	704.0	-4.0676	-15.0000	6	1	1	0	0	1	0	-1				-1	-1	-1	-1		0.9052	20259.4	0	1	1	0	0	0	8	5
18259	1	173978	0	0	1000004	7	7	same	1	0	1	25.4	0	0	107.91	-71.60	103.75	0	276.1	-0.4399	-15.0000	8	0	0	1	0	0	0	-1				-1	-1	-1	-1		0.5866	11155.9	1	11	1	0	0	0	10	9
18259	1	174164	0	0	1000003	16	16	same	2	0	1	260.1	0	0	12.37	-97.75	238.80	0	1178.8	4.1789	-15.0000	4	0	1	0	0	0	0	-1				-1	-1	-1	-1		1.4074	13242.3	1	10	1	0	0	0	14	12
18259	1	174302	0	0	4	7	7	same	1	0	1	93.9	0	0	-22.38	-8.78	151.74	0	457.9	0.7704	-15.0000	4	0	1	0	0	0	0	-1				-1	-1	-1	-1		1.4751	8280.8	0	4	1	0	0	0	4	3
18259	1	174311	0	0	3	3	3	same	1	0	0	86.5	0	0	-81.36	6.09	449.82	0	549.2	3.3579	-15.0000	4	0	1	0	0	0	0	-1				-1	-1	-1	-1		1.5599	8877.1	0	3	1	0	0	0	4	3
18259	1	174352	0	0	3	11	11	same	3	0	1	66.8	0	0	-83.55	-77.21	239.30	0	688.2	1.3720	-15.0000	8	0	0	1	0	0	0	-1				-1	-1	-1	-1		0.8356	15382.3	0	3	1	0	0	0	17	14
18259	1	174661	0	0	1000002	7	7	same	1	0	1	135.2	0	0	100.41	40.32	115.71	0	613.7	4.2722	-15.0000	4	0	1	0	0	0	0	-1				-1	-1	-1	-1		1.5325	23286.8	1	1000002	1	0	0	0	1	0
18259	1	174661	1	1	5	2	2	same	1	0	0	130.1	0	0	-27.47	-153.58	137.37	0	449.0	3.0053	-15.0000	4	0	1	0	0	0	0	-1				-1	-1	-1	-1		0.9452	7222.8	0	5	1	0	0	0	9	8
18259	1	174770	0	0	7	3	3	same	1	0	1	3.0	0	0	-185.96	7.66	56.21	0	92.9	-1.6361	-15.0000	8	0	0	1	0	0	0	-1				-1	-1	-1	-1		1.3612	4353.0	0	7	1	0	0	0	4	3
18259	1	174771	0	0	1000000	15	15	same	33	0	0	290.2	0	0	142.28	47.78	222.28	0	1979.7	3.4687	-15.0000	4	0	1	0	0	0	0	-1				-1	-1	-1	-1		1.4817	109596.3	1	9	1	0	0	0	45	12
18259	1	174896	0	0	3	13	13	same	6	0	1	212.2	1	2	-105.90	-43.35	289.50	0	1065.4	4.0654	-15.0000	4	0	1	0	0	0	0	-1				-1	-1	-1	-1		0.8396	22827.0	0	3	1	0	0	0	30	24
18259	1	174993	0	0	1000006	7	7	same	1	0	1	134.2	0	0	104.27	-157.59	235.88	0	489.4	2.5137	-15.0000	4	0	1	0	0	0	0	-1				-1	-1	-1	-1		1.7436	8032.3	1	1000006	1	0	0	0	5	4
18259	1	175057	0	0	1000002	13	13	same	1	0	0	237.7	0	0	128.40	-24.31	282.15	0	958.4	4.3625	-15.0000	4	0	1	0	0	0	0	-1				-1	-1	-1	-1		1.4477	25752.9	1	16	1	0	0	0	3	2
18259	1	175094	0	0	0	5	5	same	6	0	0	116.6	1	1	-116.82	-4.91	73.74	0	503.5	3.3715	-15.0000	4	0	1	0	0	0	0	-1				-1	-1	-1	-1		1.6782	14872.6	0	0	1	0	0	0	13	7
18259	1	175094	1	1	1000003	4	4	same	1	0	0	18.1	0	0	180.89	24.97	12.23	0	218.6	-2.1278	-15.0000	6	1	1	0	0	1	0	-1				-1	-1	-1	-1		0.6387	4658.8	1	1000003	1	0	0	0	5	4
18259	1	175117	0	0	1000005	17	17	same	6	0	1	33.1	1	2	38.84	31.05	319.60	0	491.2	0.1844	-15.0000	4	0	1	0	0	0	0	-1				-1	-1	-1	-1		1.1791	8927.3	1	13	1	0	0	0	10	4
18259	1	175814	0	0	1000006	11	11	same	2	0	1	391.4	0	0	71.85	167.73	131.31	0	1126.9	5.7468	-15.0000	4	0	1	0	0	0	0	-1				-1	-1	-1	-1		1.6812	9476.1	1	5	1	0	0	0	4	2
18259	1	175893	0	0	1000004	11	11	same	1	0	1	22.3	0	0	163.02	64.15	384.98	0	314.9	-0.3623	-15.0000	8	0	0	1	0	0	0	-1				-1	-1	-1	-1		0.8417	11817.8	1	1000004	1	0	0	0	14	13
18259	1	175952	0	0	0	10	10	same	3	0	1	299.8	0	0	-156.14	-32.55	230.69	0	1403.2	3.3612	-12.1500	4	0	1	0	0	0	0	-1				-1	-1	-1	-1		1.2715	50786.1	0	0	1	0	1	1	8	5
18259	1	175959	0	0	1000005	19	19	same	3	1	0	187.7	1	1	5.66	-135.21	176.14	0	663.4	4.4691	-15.0000	4	0	1	0	0	0	0	-1				-1	-1	-1	-1		1.0214	9018.2	1	8	1	0	0	0	3	0
18259	1	176150	0	0	8	51	8	not_in_act	1	0	0	132.3	0	0	-44.52	-0.16	0.99	0	484.7	-2.3342	-15.0000	10	1	0	1	0	1	0	-1				-1	-1	-1	-1		1.1316	7002.4	0	8	1	1	0	0	3	2
18259	1	176260	0	0	2	15	15	same	1	0	1	303.1	0	0	-165.62	82.20	74.28	0	871.0	2.2828	-11.7277	4	0	1	0	0	0	0	-1				-1	-1	-1	-1		1.8879	27261.8	0	2	1	0	1	1	11	10
18259	1	176502	0	0	1000000	109	20	not_in_act	50	0	1	165.3	0	0	125.80	-34.80	117.08	0	4248.2	1.2155	-2.5923	36	0	1	0	1	0	0	-1				-1	-1	-1	-1		0.7527	128235.1	1	1000000	1	1	1	1	104	54
18259	1	176533	0	0	0	11	11	same	10	0	1	65.0	1	2	-156.05	-127.21	378.52	0	758.7	-0.1263	12.1785	40	0	0	1	1	0	0	-1				-1	-1	-1	-1		1.9570	26186.6	0	0	1	0	1	1	44	34
18259	1	176707	0	0	6	18	18	same	3	0	1	2.0	0	0	-114.43	-112.75	287.33	0	19.3	-1.5581	-15.0000	8	0	0	1	0	0	0	-1				-1	-1	-1	-1		1.6164	2160.9	0	6	1	0	0	0	7	4
18259	1	176810	0	0	1000008	13	13	same	1	0	1	12.8	0	0	93.42	-2.43	115.56	0	129.7	-3.3708	-15.0000	8	0	0	1	0	0	0	-1				-1	-1	-1	-1		0.5894	3537.8	1	1000008	1	0	0	0	1	0
18259	1	176948	0	0	5	20	20	same	4	0	1	40.7	0	0	-73.23	36.80	118.52	0	349.0	-1.7732	-15.0000	8	0	0	1	0	0	0	-1				-1	-1	-1	-1		1.3653	10107.9	0	5	1	0	0	0	8	4
18259	1	176986	0	0	1000003	68	5	not_in_act	1	0	1	20.7	0	0	37.28	66.24	312.13	0	329.8	-1.3949	-15.0000	8	0	0	1	0	0	0	-1				-1	-1	-1	-1		0.5887	8427.9	1	8	1	1	0	0	29	28
18259	1	177068	0	0	7	5	5	same	1	0	1	32.9	0	0	-120.31	103.90	17.37	0	270.5	-0.2194	-15.0000	8	0	0	1	0	0	0	-1				-1	-1	-1	-1		0.9217	3156.8	0	7	1	0	0	0	11	10
18259	1	177149	0	0	4	14	14	same	5	0	1	21.2	0	0	-64.02	-110.94	205.00	0	299.5	-1.5483	-15.0000	8	0	0	1	0	0	0	-1				-1	-1	-1	-1		1.6516	10396.9	0	4	1	0	0	0	11	6
18259	1	177178	0	0	0	18	18	same	4	0	0	101.6	0	0	-183.62	-39.38	155.25	0	493.4	4.4126	-15.0000	4	0	1	0	0	0	0	-1				-1	-1	-1	-1		1.4574	47798.5	0	0	1	0	0	0	4	0
18259	1	177266	0	0	4	7	7	same	1	0	1	34.8	0	0	-122.71	-19.11	185.89	0	412.7	1.2104	-15.0000	4	0	1	0	0	0	0	-1				-1	-1	-1	-1		1.6297	7412.7	0	4	1	0	0	0	2	1
18259	1	177360	0	0	2	1	1	same	1	0	1	5.3	0	0	-174.38	-155.40	364.80	0	133.7	-1.0587	-15.0000	8	0	0	1	0	0	0	-1				-1	-1	-1	-1		1.9557	2143.0	0	2	1	0	0	0	4	3
18259	1	177366	0	0	1000007	12	12	same	1	0	0	34.1	0	0	99.03	-127.54	483.42	0	510.5	2.6351	-15.0000	4	0	1	0	0	0	0	-1				-1	-1	-1	-1		1.5848	5313.2	1	1000007	1	0	0	0	7	6
18259	1	177455	0	0	2	16	16	same	3	0	1	4.4	0	0	-171.58	44.32	279.20	0	79.1	-0.8079	-15.0000	8	0	0	1	0	0	0	-1				-1	-1	-1	-1		2.0299	8994.7	0	2	1	0	0	0	8	5
18259	1	177536	0	0	2	85	17	not_in_act	2	0	1	296.2	0	0	56.49	48.53	172.49	0	1227.1	3.3931	-15.0000	4	0	1	0	0	0	0	-1				-1	-1	-1	-1		0.6883	15184.8	0	2	1	1	0	0	8	6
18259	1	177961	0	0	1000005	11	11	same	1	0	1	25.3	0	0	17.26	143.46	485.33	0	312.6	0.8375	-7.9078	8	0	0	1	0	0	0	-1				-1	-1	-1	-1		0.7714	7819.0	1	13	1	0	1	1	2	1
18259	1	178115	0	0	1000002	7	7	same	2	0	0	69.9	0	0	190.18	167.05	376.54	0	764.2	1.1970	-2.4115	8	0	0	1	0	0	0	-1				-1	-1	-1	-1		0.7609	22453.8	1	1000002	1	0	1	1	4	2
18259	1	178225	0	0	5	9	9	same	6	0	0	92.6	0	0	-25.27	144.01	431.99	0	483.1	2.8820	-15.0000	4	0	1	0	0	0	0	-1				-1	-1	-1	-1		0.9944	5533.7	0	5	1	0	0	0	11	5
18259	1	178350	0	0	7	15	15	same	3	0	0	144.2	0	0	-46.22	-178.52	359.27	0	457.7	3.0275	-15.0000	4	0	1	0	0	0	0	-1				-1	-1	-1	-1		1.5585	3592.2	0	7	1	0	0	0	3	0
18259	1	178388	0	0	1000003	6	6	same	1	0	1	39.8	0	0	32.96	15.66	206.59	0	310.0	2.1057	-15.0000	4	0	1	0	0	0	0	-1				-1	-1	-1	-1		1.2901	5072.2	1	6	1	0	0	0	6	5
18259	1	178445	0	0	1000013	8	8	same	6	0	0	42.4	1	1	22.37	188.51	385.78	0	430.9	1.4380	-15.0000	4	0	1	0	0	0	0	-1				-1	-1	-1	-1		0.6337	2287.9	1	12	1	0	0	0	10	4
18259	1	178548	0	0	1000005	13	13	same	3	0	0	99.9	1	1	111.35	-101.02	293.32	0	384.9	1.1238	-15.0000	4	0	1	0	0	0	0	-1				-1	-1	-1	-1		0.7929	11240.1	1	11	1	0	0	0	10	7
18259	1	178570	0	0	8	19	19	same	5	0	0	74.5	1	1	-64.46	-137.78	458.19	0	737.7	2.1618	-15.0000	4	0	1	0	0	0	0	-1				-1	-1	-1	-1		1.9234	8832.2	0	8	1	0	0	0	12	7
18259	1	178841	0	0	3	12	12	same	8	0	1	366.2	0	0	-183.54	154.93	95.36	0	1005.4	3.7599	-15.0000	4	0	1	0	0	0	0	-1				-1	-1	-1	-1		0.9603	44161.4	0	3	1	0	0	0	11	3
18259	1	178865	0	0	4	2	2	same	1	0	1	220.3	0	0	-163.63	73.46	243.54	0	625.6	3.9688	-15.0000	4	0	1	0	0	0	0	-1				-1	-1	-1	-1		1.1925	11551.8	0	4	1	0	0	0	3	2
18259	1	178885	0	0	1000006	9	9	same	1	0	1	188.2	0	0	60.07	-85.47	135.33	0	700.1	2.8099	-15.0000	6	1	1	0	0	1	0	-1				-1	-1	-1	-1		1.0605	15222.2	1	10	1	0	0	0	10	9
18259	1	178907	0	0	1000006	9	9	same	1	0	0	47.5	0	0	172.17	-191.93	121.50	0	412.5	3.3375	-15.0000	4	0	1	0	0	0	0	-1				-1	-1	-1	-1		0.9651	4273.9	1	1000006	1	0	0	0	4	3
18259	1	178931	0	0	1000004	8	8	same	1	0	1	29.1	0	0	83.58	-94.12	259.32	0	252.7	-0.7920	-15.0000	6	1	1	0	0	1	0	-1				-1	-1	-1	-1		1.1405	4453.3	1	1000004	1	0	0	0	11	10
18259	1	178966	0	0	1000011	7	7	same	1	0	0	1.4	0	0	0.00	0.00	0.00	1	0.0	-1.9417	-15.0000	0	0	0	0	0	0	0	-1				-1	-1	-1	-1		1.7652	161.6	1	2	0	0	0	0	1	0
18259	1	179048	0	0	1000001	17	17	same	2	0	1	311.2	0	0	164.75	105.29	152.03	0	876.8	4.0078	-15.0000	4	0	1	0	0	0	0	-1				-1	-1	-1	-1		0.6864	25666.8	1	11	1	0	0	0	6	4
18259	1	179054	0	0	1	22	22	same	3	0	1	130.9	0	0	-123.96	6.33	217.76	0	1116.3	-0.0578	-15.0000	8	0	0	1	0	0	0	-1				-1	-1	-1	-1		0.6229	45064.1	0	1	1	0	0	0	9	6
18259	1	179054	1	1	1000005	19	19	same	1	0	0	110.5	0	0	53.88	152.77	330.20	0	565.6	4.1637	-15.0000	4	0	1	0	0	0	0	-1				-1	-1	-1	-1		0.9717	7650.3	1	1000005	1	0	0	0	4	3
18259	1	179246	0	0	3	14	14	same	2	0	1	156.5	0	0	40.40	-95.39	275.92	0	558.5	2.0493	-15.0000	4	0	1	0	0	0	0	-1				-1	-1	-1	-1		0.5330	5458.8	0	3	1	0	0	0	11	9
18259	1	179303	0	0	1000007	13	13	same	6	0	1	2.5	0	0	54.08	9.04	381.85	0	26.8	-3.2381	-15.0000	8	0	0	1	0	0	0	-1				-1	-1	-1	-1		1.3530	2735.3	1	16	1	0	0	0	14	8
18259	1	179369	0	0	1000000	17	17	same	14	0	0	450.4	0	0	201.26	70.86	499.21	0	1267.3	2.2134	-15.0000	6	1	1	0	0	1	0	-1				-1	-1	-1	-1		1.9522	30468.6	1	1000000	1	0	0	0	38	24
18259	1	179369	1	1	0	12	12	same	2	0	0	114.9	0	0	-28.63	57.90	41.07	0	1325.1	1.1220	-7.4319	4	0	1	0	0	0	0	-1				-1	-1	-1	-1		0.2799	37824.5	0	0	1	0	1	1	44	42
18259	1	179604	0	0	0	11	11	same	4	0	1	409.1	0	0	-180.57	163.24	35.17	0	1497.1	5.1297	-15.0000	4	0	1	0	0	0	0	-1				-1	-1	-1	-1		1.9864	49208.9	0	0	1	0	0	0	6	2
18259	1	179611	0	0	1000006	10	10	same	7	0	0	58.2	0	0	44.36	21.30	422.73	0	492.9	1.6103	-15.6536	8	0	0	1	0	0	0	-1				-1	-1	-1	-1		1.8437	10396.9	1	6	1	0	1	1	17	10
18259	1	179752	0	0	0	37	15	not_in_act	4	0	0	69.1	0	0	-183.41	-16.48	40.88	0	367.6	-1.1249	-15.0000	8	0	0	1	0	0	0	-1				-1	-1	-1	-1		1.9464	47260.8	0	0	1	1	0	0	10	6
18259	1	179765	0	0	1000002	4	4	same	1	0	0	90.7	0	0	148.39	29.94	419.82	0	514.7	3.5000	-15.0000	4	0	1	0	0	0	0	-1				-1	-1	-1	-1		1.6928	12235.8	1	1000002	1	0	0	0	2	1
18259	1	179840	0	0	4	27	3	not_in_act	1	0	0	1.3	0	0	-122.51	32.79	334.12	0	107.1	-3.0652	-15.0000	8	0	0	1	0	0	0	-1				-1	-1	-1	-1		0.8252	2257.7	0	4	1	1	0	0	3	2
18259	1	179897	0	0	1000007	24	24	same	6	0	1	119.8	0	0	14.12	116.30	217.18	0	929.3	0.8262	-15.0000	4	0	1	0	0	0	0	-1				-1	-1	-1	-1		1.9530	14978.0	1	10	1	0	0	0	9	3
18259	1	179912	0	0	7	1	1	same	1	0	0	90.2	0	0	-182.47	114.02	352.93	0	450.0	2.4045	-15.0000	4	0	1	0	0	0	0	-1				-1	-1	-1	-1		1.0078	16956.4	0	7	1	0	0	0	9	8
18259	1	180088	0	0	6	6	6	same	1	0	1	6.0	0	0	-2.00	-154.11	38.61	0	84.6	-0.9288	-15.0000	8	0	0	1	0	0	0	-1				-1	-1	-1	-1		1.0548	4396.2	0	6	1	0	0	0	4	3
18259	1	180117	0	0	2	12	12	same	2	0	0	400.7	0	0	-181.39	-25.79	231.95	0	1308.8	4.4465	-15.0000	4	0	1	0	0	0	0	-1				-1	-1	-1	-1		1.2658	39445.3	0	2	1	0	0	0	5	3
18259	1	180403	0	0	2	7	7	same	2	0	0	125.2	0	0	-184.42	41.51	6.30	0	665.6	3.4661	-15.0000	4	0	1	0	0	0	0	-1				-1	-1	-1	-1		1.2079	17397.0	0	2	1	0	0	0	3	1
18259	1	180544	0	0	0	10	10	same	6	0	1	37.1	1	1	-178.70	-26.87	277.61	0	608.2	0.8576	-15.0000	4	0	1	0	0	0	0	-1				-1	-1	-1	-1		0.5498	31211.7	0	0	1	0	0	0	12	6
18259	1	180645	0	0	5	3	3	same	2	0	0	141.7	0	0	-116.61	171.56	468.83	0	591.9	2.6086	-15.0000	4	0	1	0	0	0	0	-1				-1	-1	-1	-1		1.5817	6447.7	0	5	1	0	0	0	7	5
18259	1	180698	0	0	1	11	11	same	9	0	0	251.9	1	1	-158.64	183.37	1.13	0	751.9	-4.7676	-15.0000	6	1	1	0	0	1	0	-1				-1	-1	-1	-1		1.2830	21125.7	0	1	1	0	0	0	11	2
18259	1	181050	0	0	6	15	15	same	8	0	1	46.9	0	0	-41.13	182.17	487.21	0	367.4	0.0799	-4.1117	8	0	0	1	0	0	0	-1				-1	-1	-1	-1		1.9952	10133.1	0	6	1	0	1	1	30	22
18259	1	181094	0	0	0	3	3	same	1	0	0	1.2	0	0	0.00	0.00	0.00	1	0.0	-1.9417	-15.0000	0	0	0	0	0	0	0	-1				-1	-1	-1	-1		0.7018	5534.9	0	0	0	0	0	0	1	0
18259	1	236192	0	0	1000007	10	10	same	2	0	1	106.5	0	0	55.87	-89.83	177.16	0	526.9	2.1052	-15.0000	6	1	1	0	0	1	0	-1				-1	-1	-1	-1		0.6817	5845.7	1	9	1	0	0	0	6	4
18259	1	236610	0	0	1000006	12	12	same	1	0	0	37.9	0	0	157.09	25.79	482.04	0	507.1	2.8914	-15.0000	4	0	1	0	0	0	0	-1				-1	-1	-1	-1		0.7502	7074.5	1	1000006	1	0	0	0	2	1
18259	1	237292	0	0	4	10	10	same	2	0	1	55.9	0	0	-68.11	-69.42	375.59	0	331.2	1.6222	-15.0000	4	0	1	0	0	0	0	-1				-1	-1	-1	-1		1.3537	11674.9	0	4	1	0	0	0	22	20
18259	1	237446	0	0	1000011	12	12	same	2	0	0	48.2	0	0	193.47	-183.62	188.19	0	590.0	2.7349	-15.0000	4	0	1	0	0	0	0	-1				-1	-1	-1	-1		1.5848	10115.6	1	1000011	1	0	0	0	3	1
18259	1	237710	0	0	7	14	14	same	5	0	0	104.7	0	0	-9.82	-112.17	396.22	0	394.0	2.5066	-15.0000	4	0	1	0	0	0	0	-1				-1	-1	-1	-1		1.7128	5696.2	0	7	1	0	0	0	9	4
18259	1	237798	0	0	3	13	13	same	7	1	1	245.6	1	1	-122.78	35.13	69.61	0	694.6	3.1328	-15.0000	4	0	1	0	0	0	0	-1				-1	-1	-1	-1		1.5675	23033.2	0	3	1	0	0	0	10	3
18259	1	239118	0	0	2	6	6	same	1	0	1	10.6	0	0	-137.36	61.11	20.20	0	119.6	-2.8834	-15.0000	8	0	0	1	0	0	0	-1				-1	-1	-1	-1		0.7516	6748.1	0	2	1	0	0	0	2	1
18259	1	239404	0	0	1000006	22	22	same	2	0	1	109.6	0	0	165.60	66.52	80.56	0	913.4	-0.0122	-15.0000	4	0	1	0	0	0	0	-1				-1	-1	-1	-1		0.5298	13837.1	1	12	1	0	0	0	3	1
18259	1	240196	0	0	3	2	2	same	2	0	0	32.5	0	0	-179.56	47.08	375.66	0	416.9	-1.8060	-15.0000	6	1	1	0	0	1	0	-1				-1	-1	-1	-1		1.3308	6264.4	0	3	1	0	0	0	2	0
18259	1	240372	0	0	1000000	16	16	same	4	0	1	146.8	1	1	11.62	110.15	65.88	0	869.9	0.8660	-15.0000	4	0	1	0	0	0	0	-1				-1	-1	-1	-1		0.7969	12506.0	1	7	1	0	0	0	9	5
18259	1	240636	0	0	0	12	12	same	3	0	0	263.4	0	0	-21.98	0.41	262.06	0	870.9	4.9353	-15.0000	4	0	1	0	0	0	0	-1				-1	-1	-1	-1		1.8013	18611.9	0	0	1	0	0	0	8	5
18259	1	241626	0	0	6	13	13	same	3	0	1	131.1	0	0	-175.97	95.57	33.78	0	460.6	2.1674	-15.0000	4	0	1	0	0	0	0	-1				-1	-1	-1	-1		1.2626	11589.8	0	6	1	0	0	0	4	1
18259	1	242000	0	0	1000006	14	14	same	1	0	0	167.9	0	0	56.70	129.69	86.86	0	642.0	3.8930	-15.0000	4	0	1	0	0	0	0	-1				-1	-1	-1	-1		1.4557	8561.5	1	12	1	0	0	0	3	2
18259	1	242022	0	0	3	16	16	same	4	0	0	321.8	0	0	-116.95	-15.89	192.53	0	871.1	3.2262	-15.0000	4	0	1	0	0	0	0	-1				-1	-1	-1	-1		1.6528	19739.9	0	3	1	0	0	0	10	6
18259	1	242484	0	0	3	9	9	same	5	0	1	264.6	0	0	-169.69	185.11	208.16	0	736.3	3.3527	-15.0000	4	0	1	0	0	0	0	-1				-1	-1	-1	-1		1.9542	15914.4	0	3	1	0	0	0	10	5
18259	1	242550	0	0	0	14	14	same	5	0	0	346.9	1	1	-77.78	115.37	165.41	0	1656.6	3.7247	-15.0000	4	0	1	0	0	0	0	-1				-1	-1	-1	-1		0.7405	30029.1	0	0	1	0	0	0	7	2
18259	1	242726	0	0	1	20	20	same	6	0	1	208.2	0	0	-50.28	114.43	169.24	0	1033.6	3.5770	-15.0000	4	0	1	0	0	0	0	-1				-1	-1	-1	-1		1.8362	15025.1	0	1	1	0	0	0	9	3
18259	1	242748	0	0	1000009	10	10	same	1	0	1	56.0	0	0	78.76	-112.60	37.84	0	275.7	1.6936	-15.0000	6	1	1	0	0	1	0	-1				-1	-1	-1	-1		1.4929	3646.4	1	1000009	1	0	0	0	3	2
18259	1	242770	0	0	1000008	2	2	same	1	0	0	28.3	0	0	75.88	-165.32	375.34	0	432.2	0.2311	-6.0137	8	0	0	1	0	0	0	-1				-1	-1	-1	-1		1.2000	10775.2	1	5	1	0	1	1	14	13
18259	1	242814	0	0	1000004	10	10	same	2	0	0	35.9	0	0	195.90	-14.19	438.57	0	803.3	1.2929	-15.0000	8	0	0	1	0	0	0	-1				-1	-1	-1	-1		1.5386	44777.0	1	1000004	1	0	0	0	9	7
18259	1	243628	0	0	3	15	15	same	11	0	1	156.7	0	0	-101.45	-66.20	273.05	0	1462.5	3.8776	-15.0000	4	0	1	0	0	0	0	-1				-1	-1	-1	-1		1.1195	44943.1	0	3	1	0	0	0	23	12
