sample	event	run	rc	has_calib	main_cid	vx	vy	vz	n_steiner_main	n_steiner_term	n_seg	n_stub	zz_len	zz_ratio	zz_rms_dr	zz_fold	zzi_len	zzi_ratio	zzi_rms_dr	iso_len75	iso_len80	iso_len_any75	iso_len_any85	mu_dqdx_med	mu_npts	uncov	uncov_q	pio_flag	pio_mass	mcs_energy	mcs_amb	mcs_range	event_label	nu_evaluated	numu_score	nue_score	Enu	wall_s	core_s	maxrss_kb	bundles
mcp2k	47278	18259	0	1	6	-84.5557	161.631	202.679	382	85	4	1	83.4319	1.01321	0.164307	0.0368038	0	nan	nan	0	0	0	0	63985.8	59	0.10796	2.93982e+07	1	7.01398	277.544	0.920728	123.785	nu-candidate	1	2.7530074	-15.0	630.7351	11.136	6.705	1208092	{"10:1000006": "-1,-1,-1", "12:1000008": "-1,-1,-1", "13:7": "-1,-1,-1", "14:1000004": "-1,-1,-1", "15:1000001": "-1,-1,-1", "16:3": "-1,-1,-1", "17:13": "-1,-1,-1", "18:4": "-1,-1,-1", "19:0": "-1,-1,-1", "2:10": "-1,-1,-1", "4:8": "-1,-1,-1", "6:6": "0,0,1", "7:2": "-1,-1,-1", "8:5": "-1,-1,-1"}
mcp2k	47784	18259	0	1	17	56.3182	-76.3456	113.69	883	161	3	0	253.116	1.03095	0.725827	0.142865	220.259	1.03076	0.821774	220.259	220.259	220.259	0	49615.5	358	0.0738214	6.15243e+07	0	0	1182.48	0.714365	506.077	nu-candidate	1	3.90578	-15.0	952.8248	11.419	7.987	1195984	{"10:1000009": "-1,-1,-1", "12:1000007": "-1,-1,-1", "13:1000014": "-1,-1,-1", "15:1000003": "-1,-1,-1", "16:4": "-1,-1,-1", "17:1000005": "0,0,0", "18:1000002": "-1,-1,-1", "19:1": "-1,-1,-1", "20:1000008": "-1,-1,-1", "3:5": "-1,-1,-1", "6:1000001": "-1,-1,-1", "8:1000011": "-1,-1,-1"}
mcp2k	49742	18259	0	1	16	180.52	54.2008	55.4046	384	100	1	0	106.942	1.01431	0.492911	0.0338983	0	nan	nan	0	0	0	0	56650.6	169	0.413722	3.43221e+07	1	15.8044	261.186	0.365574	264.942	nu-candidate	1	1.5417908	-15.0	426.19507	9.821	6.046	1187404	{"10:1000001": "-1,-1,-1", "12:1000003": "-1,-1,-1", "14:1000002": "-1,-1,-1", "15:1000007": "-1,-1,-1", "16:1000005": "0,0,1", "17:9": "-1,-1,-1", "18:14": "-1,-1,-1", "19:1000000": "-1,-1,-1", "2:4": "-1,-1,-1", "5:1000013": "-1,-1,-1", "6:1000009": "-1,-1,-1", "8:1000006": "-1,-1,-1"}
mcp2k	51219	18255	0	1	12	-84.852	-108.81	14.4839	1357	186	4	0	256.806	1.09338	3.45811	0.15194	185.079	1.06352	4.47332	185.079	185.079	185.079	0	51458.9	299	0.0569782	5.27622e+07	1	23.9651	391.561	0.127761	423.202	nu-candidate	1	3.6542397	-15.0	908.6689	15.116	10.623	1156788	{"10:1000002": "-1,-1,-1", "11:3": "-1,-1,-1", "12:1": "0,0,1", "13:1000005": "-1,-1,-1", "14:1000003": "-1,-1,-1", "1:9": "-1,-1,-1", "2:4": "-1,-1,-1", "3:8": "-1,-1,-1", "5:1000000": "-1,-1,-1", "6:1000001": "-1,-1,-1", "8:1000010": "-1,-1,-1"}
mcp2k	51546	18259	0	1	16	-158.524	171.475	423.448	298	33	2	0	72.0932	1.09241	0.261751	0.294118	72.0932	1.09241	0.261751	72.0932	72.0932	72.0932	72.0932	49546.8	111	0.145059	1.98703e+07	1	144.682	285.854	0.863247	190.609	nu-candidate	1	0.96834534	-15.0	768.2252	11.586	8.169	1280924	{"10:1000010": "-1,-1,-1", "11:1000007": "-1,-1,-1", "12:1000000": "-1,-1,-1", "13:1000009": "-1,-1,-1", "14:1000004": "-1,-1,-1", "15:1000006": "-1,-1,-1", "16:2": "0,0,0", "17:1000005": "-1,-1,-1", "18:1000001": "-1,-1,-1", "19:9": "-1,-1,-1", "20:6": "-1,-1,-1", "3:5": "-1,-1,-1", "5:0": "-1,-1,-1", "6:8": "-1,-1,-1", "7:3": "-1,-1,-1", "8:4": "-1,-1,-1"}
mcp2k	51868	18255	0	1	7	12.0921	-22.9456	211.218	659	97	2	0	175.177	1.058	4.84962	0.182639	164.604	1.05609	5.13363	164.604	164.604	164.604	164.604	52277.2	265	0.0135381	3.42437e+07	1	2.62616	399.448	0.480094	385.256	nu-candidate	1	0.9574116	-15.0	536.4376	11.358	7.690	1167900	{"3:1000004": "-1,-1,-1", "4:4": "-1,-1,-1", "5:1000000": "-1,-1,-1", "6:1000001": "-1,-1,-1", "7:1000002": "0,0,1", "8:1": "-1,-1,-1", "9:0": "-1,-1,-1"}
mcp2k	52044	18255	0	1	18	-85.211	-118.198	240.914	505	98	2	0	107.364	1.03709	1.76529	0.117978	107.364	1.03709	1.76529	107.364	0	107.364	0	54479.5	170	0.246414	3.39159e+07	1	31.0064	266.973	0.394341	265.832	nu-candidate	1	2.1496737	-15.0	637.30505	10.174	7.755	1234340	{"12:1000003": "-1,-1,-1", "14:1000000": "-1,-1,-1", "15:6": "-1,-1,-1", "16:1000001": "-1,-1,-1", "17:5": "-1,-1,-1", "18:3": "0,0,1", "19:13": "-1,-1,-1", "3:1": "-1,-1,-1", "4:7": "-1,-1,-1", "6:0": "-1,-1,-1", "7:8": "-1,-1,-1", "9:12": "-1,-1,-1"}
mcp2k	52352	18255	0	1	17	-102.695	43.5048	338.451	42	8	1	1	0	nan	nan	nan	0	nan	nan	0	0	0	0	nan	0	0.350657	2.44829e+06	1	4.42114	-1	-1	-1	nu-candidate	1	-1.3440495	-15.0	107.23632	11.436	6.073	1208044	{"10:1000005": "-1,-1,-1", "11:1000011": "-1,-1,-1", "12:1000003": "-1,-1,-1", "13:1000010": "-1,-1,-1", "14:1000008": "-1,-1,-1", "15:0": "-1,-1,-1", "16:1000000": "-1,-1,-1", "17:5": "0,0,1", "1:15": "-1,-1,-1", "3:11": "-1,-1,-1", "4:7": "-1,-1,-1", "9:1000007": "-1,-1,-1"}
mcp2k	53658	18259	0	1	15	-84.7723	-95.1731	0.923753	642	105	2	0	91.9271	1.01985	0.893487	0.0331209	18.1036	1.01392	0.0596623	18.1036	0	18.1036	0	nan	0	0.432069	3.56546e+07	1	0.896433	-1	-1	-1	nu-candidate	1	-1.6885008	-15.0	363.43573	12.592	6.200	1232576	{"10:1000003": "-1,-1,-1", "12:8": "-1,-1,-1", "13:1000008": "-1,-1,-1", "14:1000004": "-1,-1,-1", "15:6": "0,0,0", "16:2": "-1,-1,-1", "17:1": "-1,-1,-1", "18:1000011": "-1,-1,-1", "2:0": "-1,-1,-1", "4:4": "-1,-1,-1", "8:1000005": "-1,-1,-1", "9:1000002": "-1,-1,-1"}
mcp2k	53793	18255	0	1	37	83.8517	-21.8155	118.385	1124	175	7	0	194.802	1.02969	0.23847	0.10313	29.7858	1.08474	0.375284	29.7858	29.7858	29.7858	29.7858	49683.1	238	0.273594	6.16275e+07	1	0.416815	909.672	0.0144047	911.707	nu-candidate	1	4.679018	-15.0	1411.7056	16.584	12.281	1224760	{"10:1000008": "-1,-1,-1", "11:1000005": "-1,-1,-1", "12:3": "0,0,1", "13:1000004": "-1,-1,-1", "14:5": "-1,-1,-1", "15:1000015": "-1,-1,-1", "1:13": "-1,-1,-1", "3:7": "-1,-1,-1", "5:0": "-1,-1,-1", "6:1000001": "-1,-1,-1", "8:1000011": "-1,-1,-1", "9:1000007": "-1,-1,-1"}
mcp2k	53881	18255	0	1	12	91.0702	62.4772	409.398	520	54	1	0	87.4539	1.11747	0.281795	0.227586	87.4539	1.11747	0.281795	87.4539	87.4539	87.4539	0	nan	0	0.0282264	2.75293e+07	1	4.02988	-1	-1	-1	nu-candidate	1	-0.2595145	-15.0	433.02777	11.493	6.142	1183072	{"10:1000005": "-1,-1,-1", "12:1000003": "0,0,1", "13:1000001": "-1,-1,-1", "14:1000006": "-1,-1,-1", "16:1000007": "-1,-1,-1", "17:1": "-1,-1,-1", "18:1000002": "-1,-1,-1", "19:3": "-1,-1,-1", "1:11": "1,0,0", "20:1000000": "-1,-1,-1", "3:4": "-1,-1,-1", "5:2": "-1,-1,-1", "7:6": "-1,-1,-1"}
mcp2k	54453	18255	0	1	23	-102.708	-78.6028	151.254	448	51	3	1	38.0509	1.1806	1.40336	0.426265	0	nan	nan	0	0	0	0	nan	0	0.404636	1.52041e+07	1	207.38	-1	-1	-1	cosmic-tagged	1	-0.538812	-10.134177	577.56036	12.109	8.129	1211884	{"10:1000004": "-1,-1,-1", "11:1000001": "-1,-1,-1", "12:0": "-1,-1,-1", "13:1000002": "-1,-1,-1", "14:3": "1,0,0", "15:1000003": "-1,-1,-1", "2:4": "-1,-1,-1", "5:2": "-1,-1,-1", "6:1": "-1,-1,-1", "8:1000010": "-1,-1,-1"}
mcp2k	54508	18255	0	1	10	19.1623	-106.701	200.462	135	23	2	0	16.1736	1.02806	0.0994194	0.192308	16.1736	1.02806	0.0994194	16.1736	0	16.1736	0	nan	0	0.0340615	1.21725e+07	1	2.44229	-1	-1	-1	nu-candidate	1	-2.2282448	-15.0	300.09882	11.805	5.943	1198096	{"10:1000005": "0,0,1", "12:1000004": "-1,-1,-1", "13:1": "-1,-1,-1", "14:1000003": "-1,-1,-1", "15:1000000": "-1,-1,-1", "1:12": "-1,-1,-1", "2:11": "-1,-1,-1", "4:5": "-1,-1,-1", "6:7": "-1,-1,-1", "7:3": "-1,-1,-1", "8:1000008": "-1,-1,-1"}
mcp2k	54629	18255	0	1	20	37.7977	0.216017	0.903108	502	94	1	0	112.292	1.04393	0.618832	0.0698925	0	nan	nan	0	0	0	0	51830.3	178	0.397208	3.11874e+07	0	0	43.4591	0.892407	275.678	cosmic-tagged	1	-1.1125877	-15.0	383.1626	10.441	6.474	1213716	{"10:1000003": "-1,-1,-1", "11:4": "-1,-1,-1", "12:1000001": "-1,-1,-1", "13:0": "-1,-1,-1", "14:1000000": "-1,-1,-1", "15:5": "0,1,0", "1:1": "-1,-1,-1", "4:1000014": "-1,-1,-1", "5:1000008": "-1,-1,-1", "8:1000004": "-1,-1,-1"}
mcp2k	55278	18255	0	1	21	-68.0135	85.0344	461.739	267	44	2	0	39.1191	1.03187	0.217644	0.140625	39.1191	1.03187	0.217644	39.1191	0	39.1191	0	nan	0	0.0103416	1.7742e+07	1	2.07511	378.727	0.499109	317.516	nu-candidate	1	0.37475526	-15.0	677.3176	10.476	6.455	1195968	{"10:1000004": "-1,-1,-1", "11:1000003": "-1,-1,-1", "12:5": "-1,-1,-1", "13:3": "0,0,0", "14:0": "-1,-1,-1", "3:6": "-1,-1,-1", "6:1000002": "-1,-1,-1", "8:1000000": "-1,-1,-1", "9:1000001": "-1,-1,-1"}
mcp2k	55443	18255	0	1	7	10.8039	-31.3749	129.371	76	13	1	0	0	nan	nan	nan	0	nan	nan	0	0	0	0	nan	0	0.0478133	2.81357e+06	1	2.14743	-1	-1	-1	nu-candidate	1	-1.2202555	-15.0	105.59156	8.044	5.081	1139680	{"10:1000000": "-1,-1,-1", "11:1000004": "-1,-1,-1", "1:0": "-1,-1,-1", "3:1000006": "-1,-1,-1", "5:1000001": "-1,-1,-1", "6:1": "-1,-1,-1", "7:1000005": "0,0,1", "8:2": "-1,-1,-1", "9:1000007": "-1,-1,-1"}
mcp2k	55542	18255	0	1	5	-56.9355	-61.0915	123.625	1172	200	4	0	255.963	1.02657	1.45037	0.101188	147.649	1.02653	0.987933	147.649	0	147.649	0	51530.2	409	0.269718	6.65839e+07	0	0	601.127	0.0326054	584.651	nu-candidate	1	3.8587668	-15.0	799.65576	12.932	8.421	1196288	{"11:1000003": "-1,-1,-1", "12:1": "-1,-1,-1", "13:6": "-1,-1,-1", "14:0": "-1,-1,-1", "2:12": "-1,-1,-1", "4:8": "-1,-1,-1", "5:2": "0,0,1", "7:1000009": "-1,-1,-1", "9:1000004": "-1,-1,-1"}
mcp2k	56521	18255	0	1	6	-58.7052	-183.962	401.308	22	7	1	1	0	nan	nan	nan	0	nan	nan	0	0	0	0	nan	0	0.00916329	695056	1	2.07502	-1	-1	-1	nu-candidate	1	-1.7887704	-15.0	17.651573	10.491	5.321	1183784	{"11:1": "-1,-1,-1", "12:0": "-1,-1,-1", "13:3": "-1,-1,-1", "14:10": "-1,-1,-1", "15:1000010": "0,0,1", "1:11": "-1,-1,-1", "3:5": "-1,-1,-1", "4:4": "-1,-1,-1", "6:6": "0,0,1", "8:1000004": "-1,-1,-1", "9:1000001": "-1,-1,-1"}
mcp2k	57709	18255	0	1	13	81.7188	-9.26123	64.8063	221	30	2	0	83.5703	1.01887	0.726855	0.0942029	83.5703	1.01887	0.726855	83.5703	83.5703	83.5703	83.5703	nan	0	0.0132906	2.92835e+07	1	165.698	-1	-1	-1	nu-candidate	1	-0.5085997	-15.0	755.8556	13.944	7.914	1178748	{"11:1000003": "-1,-1,-1", "12:1000004": "-1,-1,-1", "13:1000001": "0,0,1", "14:13": "-1,-1,-1", "15:1000000": "-1,-1,-1", "2:1": "-1,-1,-1", "3:5": "-1,-1,-1", "4:1000014": "-1,-1,-1", "5:1000015": "-1,-1,-1", "7:1000007": "-1,-1,-1", "8:1000009": "-1,-1,-1"}
mcp2k	57742	18255	0	1	10	-37.7145	-95.0931	328.383	785	92	2	1	146.629	1.06687	3.88914	0.193416	146.629	1.06687	3.88914	146.629	146.629	146.629	146.629	53016.7	235	0.0541499	2.91256e+07	1	10.4378	328.064	0.232747	346.561	nu-candidate	1	1.345178	-15.0	486.20013	12.497	6.786	1162744	{"10:2": "0,0,1", "11:1000002": "-1,-1,-1", "1:0": "-1,-1,-1", "2:10": "-1,-1,-1", "3:1000006": "-1,-1,-1", "5:1000001": "-1,-1,-1", "6:1000000": "-1,-1,-1", "7:8": "-1,-1,-1", "8:4": "-1,-1,-1", "9:1": "-1,-1,-1"}
mcp2k	58072	18255	0	1	15	-86.5891	-108.874	159.122	468	69	2	0	115.297	1.07453	0.262476	0.258565	115.297	1.07453	0.262476	115.297	115.297	115.297	17.479	48379.3	154	0.143505	2.56157e+07	1	1.8436	528.373	0.92614	242.98	nu-candidate	1	2.8493445	-15.0	572.77563	10.851	6.115	1174768	{"10:0": "-1,-1,-1", "11:1000001": "-1,-1,-1", "12:1000000": "-1,-1,-1", "13:7": "-1,-1,-1", "14:6": "-1,-1,-1", "15:3": "0,0,0", "16:2": "-1,-1,-1", "4:9": "-1,-1,-1", "7:1000005": "-1,-1,-1", "9:1000007": "-1,-1,-1"}
mcp2k	66652	18255	0	1	22	-50.8327	167.186	116.003	1261	176	1	0	254.014	1.06009	6.24309	0.194313	254.014	1.06009	6.24309	254.014	0	254.014	0	49700.6	414	0.426494	7.49248e+07	1	9.72647	549.027	0.0246872	576.972	nu-candidate	1	3.054307	-15.0	817.7515	14.094	9.090	1228780	{"10:16": "-1,-1,-1", "13:1000009": "-1,-1,-1", "14:1000011": "-1,-1,-1", "16:1000003": "-1,-1,-1", "17:1000001": "-1,-1,-1", "18:1000004": "-1,-1,-1", "19:1": "-1,-1,-1", "1:14": "-1,-1,-1", "20:1000005": "-1,-1,-1", "21:9": "-1,-1,-1", "22:6": "0,0,1", "23:8": "-1,-1,-1", "3:4": "-1,-1,-1", "4:3": "-1,-1,-1", "9:0": "-1,-1,-1"}
mcp2k	66872	18255	0	1	7	107.419	167.51	299.936	216	31	4	1	58.8144	1.08279	0.371893	0.322917	58.8144	1.08279	0.371893	58.8144	58.8144	58.8144	58.8144	37281.5	88	0.260051	1.19044e+07	1	86.9287	352.278	0.948486	161.684	nu-candidate	1	0.57050705	-15.0	539.71716	11.455	6.886	1163264	{"10:1000008": "-1,-1,-1", "11:1000001": "-1,-1,-1", "12:4": "-1,-1,-1", "13:1000003": "-1,-1,-1", "14:1000000": "-1,-1,-1", "15:7": "-1,-1,-1", "16:1000002": "-1,-1,-1", "1:9": "-1,-1,-1", "2:1": "-1,-1,-1", "6:1000011": "-1,-1,-1", "7:1000006": "0,0,1"}
mcp2k	67928	18255	0	1	9	62.676	132.242	168.239	618	121	3	0	148.103	1.03565	0.876109	0.111094	88.5233	1.04156	0.882928	88.5233	88.5233	88.5233	0	58382.7	138	0.286448	4.42583e+07	1	8.73375	199.25	0.167256	226.1	nu-candidate	1	2.733991	-15.0	640.47656	10.183	6.839	1130296	{"10:0": "-1,-1,-1", "11:1000001": "-1,-1,-1", "1:4": "-1,-1,-1", "3:2": "-1,-1,-1", "6:1000006": "-1,-1,-1", "8:1000003": "-1,-1,-1", "9:1000004": "0,0,0"}
mcp2k	68346	18255	0	1	9	35.8901	94.1871	376.019	26	8	1	1	0	nan	nan	nan	0	nan	nan	0	0	0	0	nan	0	0.0483176	1.73394e+06	1	5.0633	-1	-1	-1	nu-candidate	1	-1.6871942	-15.0	110.250626	8.589	5.356	1127004	{"10:1000005": "-1,-1,-1", "11:1000009": "-1,-1,-1", "12:1000010": "-1,-1,-1", "1:11": "-1,-1,-1", "5:7": "-1,-1,-1", "7:1000001": "-1,-1,-1", "8:3": "-1,-1,-1", "9:1000004": "0,0,1"}
mcp2k	68748	18255	0	1	13	-28.8705	-17.6978	135.878	2614	275	2	0	385.445	1.06229	2.30787	0.25273	385.445	1.06229	2.30787	385.445	385.445	385.445	385.445	50043.5	633	0.495124	1.32478e+08	1	6.81188	2532.89	0.843692	866.382	nu-candidate	1	3.0453768	-15.0	1178.011	17.172	14.029	1408788	{"11:1000004": "0,0,0", "12:1000003": "-1,-1,-1", "13:6": "0,0,0", "14:15": "-1,-1,-1", "15:1000000": "-1,-1,-1", "16:5": "-1,-1,-1", "17:1000016": "-1,-1,-1", "1:2": "-1,-1,-1", "2:11": "-1,-1,-1", "3:0": "-1,-1,-1", "5:4": "-1,-1,-1", "6:1": "-1,-1,-1", "8:1000001": "-1,-1,-1", "9:1000014": "-1,-1,-1"}
mcp2k	69152	18255	0	1	5	-16.9481	151.537	464.193	705	177	2	0	162.811	1.01303	0.215217	0.0296682	0	nan	nan	0	0	0	0	54635.1	203	0.340877	5.02609e+07	0	0	344.246	0.383088	307.612	nu-candidate	1	5.011542	-15.0	665.67896	11.696	6.939	1223872	{"10:1000004": "-1,-1,-1", "12:1000002": "-1,-1,-1", "13:1000007": "-1,-1,-1", "14:1000015": "-1,-1,-1", "15:4": "-1,-1,-1", "16:3": "-1,-1,-1", "17:1000000": "-1,-1,-1", "18:8": "-1,-1,-1", "19:1": "-1,-1,-1", "2:2": "-1,-1,-1", "4:9": "-1,-1,-1", "5:7": "0,0,0", "8:1000001": "-1,-1,-1", "9:1000012": "-1,-1,-1"}
mcp2k	69314	18255	0	1	3	-111.974	-19.2592	164.493	1687	239	8	0	266.076	1.04916	0.729641	0.12989	183.366	1.05838	0.937593	183.366	152.014	183.366	0	48587.4	244	0.0781901	6.1067e+07	1	129.784	338.235	0.403823	355.52	nu-candidate	1	3.3217692	-15.0	1289.7229	20.849	15.194	1199508	{"10:0": "-1,-1,-1", "11:1000011": "-1,-1,-1", "12:1000013": "-1,-1,-1", "14:1000006": "-1,-1,-1", "15:1000002": "-1,-1,-1", "16:1000004": "-1,-1,-1", "17:15": "-1,-1,-1", "18:1000001": "-1,-1,-1", "19:3": "-1,-1,-1", "1:11": "-1,-1,-1", "2:9": "-1,-1,-1", "3:1": "0,0,1", "5:5": "-1,-1,-1", "7:4": "-1,-1,-1"}
mcp2k	69666	18255	0	1	15	168.08	-193.332	161.853	828	171	3	0	240.193	1.03634	1.10143	0.135469	190.902	1.04146	1.24737	190.902	0	190.902	0	54028.4	309	0.131703	6.49596e+07	1	8.68076	417.184	0.113942	441.447	nu-candidate	1	3.1450677	-15.0	954.548	10.507	8.766	1155752	{"10:1000001": "-1,-1,-1", "12:1000000": "-1,-1,-1", "14:1000005": "-1,-1,-1", "15:1000003": "0,0,0", "16:2": "-1,-1,-1", "17:1000004": "-1,-1,-1", "18:1000006": "-1,-1,-1", "2:11": "-1,-1,-1", "4:4": "-1,-1,-1", "5:3": "-1,-1,-1", "7:9": "-1,-1,-1"}
mcp2k	70010	18255	0	1	8	25.5792	-167.463	368.654	249	55	1	0	79.888	1.02641	0.74842	0.128788	79.888	1.02641	0.74842	79.888	0	79.888	0	50334.2	124	0.0955649	1.64527e+07	0	0	303.632	0.741449	207.112	nu-candidate	1	2.6521494	-15.0	314.29468	10.583	6.729	1218500	{"10:7": "-1,-1,-1", "11:1000002": "-1,-1,-1", "12:1000000": "-1,-1,-1", "13:1": "-1,-1,-1", "14:0": "-1,-1,-1", "15:9": "-1,-1,-1", "16:4": "-1,-1,-1", "17:2": "-1,-1,-1", "18:3": "-1,-1,-1", "7:1000007": "-1,-1,-1", "8:1000008": "0,0,0"}
mcp2k	70178	18255	0	1	12	-35.745	-14.9712	319.614	312	65	2	0	64.8871	1.01383	0.153475	0.0285134	27.7523	1.02209	0.136269	27.7523	0	27.7523	0	63839	53	0.141543	2.68041e+07	0	0	-1	-1	-1	nu-candidate	1	1.4594394	-15.0	445.70853	8.169	6.687	1222352	{"12:1": "0,0,1", "13:1000004": "-1,-1,-1", "14:1000000": "-1,-1,-1", "15:1000002": "-1,-1,-1", "16:0": "-1,-1,-1", "17:2": "-1,-1,-1", "18:1000005": "-1,-1,-1", "19:1000012": "-1,-1,-1", "1:5": "-1,-1,-1", "20:1000003": "-1,-1,-1", "2:3": "-1,-1,-1", "9:1000008": "-1,-1,-1"}
mcp2k	70472	18255	0	1	16	-89.6705	-193.421	404.827	1321	147	2	0	424.153	1.06532	2.87469	0.208215	424.153	1.06532	2.87469	424.153	424.153	424.153	424.153	48085.2	698	0.0903677	8.04888e+07	1	12.6525	1505.55	0.573618	950.866	nu-candidate	1	0.3425182	-15.0	1217.694	20.561	14.451	1303428	{"10:2": "-1,-1,-1", "11:6": "-1,-1,-1", "12:1000001": "-1,-1,-1", "13:1000004": "-1,-1,-1", "14:5": "-1,-1,-1", "15:1": "-1,-1,-1", "16:4": "0,0,0", "3:1000009": "-1,-1,-1", "4:1000010": "-1,-1,-1", "6:1000008": "-1,-1,-1", "9:1000002": "-1,-1,-1"}
mcp2k	70692	18255	0	1	18	-134.114	73.8246	237.968	1071	161	2	0	193.994	1.03164	1.1384	0.112107	105.682	1.04173	0.840416	105.682	105.682	105.682	0	57623.9	138	0.0516499	4.77902e+07	1	1.83433	215.653	0.310707	225.654	nu-candidate	1	3.6993113	-15.0	831.6713	13.137	7.648	1170252	{"10:1000015": "-1,-1,-1", "12:1000005": "-1,-1,-1", "13:1000020": "-1,-1,-1", "15:1000001": "-1,-1,-1", "16:1000004": "-1,-1,-1", "17:1000012": "-1,-1,-1", "18:3": "0,0,1", "19:8": "-1,-1,-1", "1:13": "-1,-1,-1", "20:1000009": "-1,-1,-1", "4:1": "-1,-1,-1", "5:12": "-1,-1,-1", "6:9": "-1,-1,-1", "9:1000006": "-1,-1,-1"}
mcp2k	70766	18255	0	1	27	78.5877	199.819	155.22	1220	170	5	2	247.501	1.05951	3.56159	0.195861	247.501	1.05951	3.56159	247.501	219.328	247.501	0	51300.8	356	0.16075	4.92053e+07	1	1.47595	504.645	0.062836	502.343	cosmic-tagged	1	-0.7845943	-15.0	1077.013	16.236	10.244	1218012	{"14:1000002": "-1,-1,-1", "15:2": "-1,-1,-1", "16:4": "-1,-1,-1", "17:1000012": "-1,-1,-1", "18:1000000": "-1,-1,-1", "19:1000004": "-1,-1,-1", "1:13": "-1,-1,-1", "20:7": "-1,-1,-1", "21:1000007": "0,1,0", "4:1": "-1,-1,-1", "6:3": "-1,-1,-1", "9:1000015": "-1,-1,-1"}
mcp2k	70912	18255	0	1	10	131.261	17.3134	174.91	1882	335	2	0	388.869	1.0333	3.66401	0.0465033	0	nan	nan	0	0	0	0	51048.7	585	0.239039	9.66007e+07	1	1.216	800.69	0.0235252	808.492	nu-candidate	1	5.0564713	-15.0	1163.9111	13.433	9.584	1180196	{"10:1000003": "0,0,1", "1:13": "-1,-1,-1", "2:3": "-1,-1,-1", "4:1000007": "-1,-1,-1", "6:11": "-1,-1,-1", "7:1000004": "-1,-1,-1", "8:0": "-1,-1,-1", "9:5": "-1,-1,-1"}
mcp2k	71022	18255	0	1	16	138.584	160.246	235.963	277	47	1	0	57.6046	1.05543	0.813918	0.242105	57.6046	1.05543	0.813918	57.6046	0	57.6046	0	49559	87	0.0262786	9.81143e+06	1	8.20799	227.131	0.874377	160.158	nu-candidate	1	0.44028375	-15.0	295.84467	12.191	6.311	1197636	{"10:1000001": "-1,-1,-1", "11:1000006": "-1,-1,-1", "12:1000002": "-1,-1,-1", "13:2": "-1,-1,-1", "14:1000003": "-1,-1,-1", "15:0": "-1,-1,-1", "16:1000005": "0,0,0", "1:5": "-1,-1,-1", "2:6": "-1,-1,-1", "3:4": "-1,-1,-1", "5:1000004": "-1,-1,-1", "8:1000000": "-1,-1,-1"}
mcp2k	71642	18255	0	1	10	23.3275	52.9121	138.737	1289	201	7	0	196.349	1.0569	0.945432	0.132652	0	nan	nan	0	0	0	0	60566.2	191	0.245808	7.58944e+07	1	54.7152	246.73	0.5539	231.437	nu-candidate	1	1.5747132	-2.7911074	1644.331	16.817	15.755	1199232	{"10:1000000": "0,0,1", "2:0": "-1,-1,-1", "4:1000006": "-1,-1,-1", "6:1000004": "-1,-1,-1", "7:1000003": "-1,-1,-1", "8:1000002": "-1,-1,-1", "9:1000009": "-1,-1,-1"}
mcp2k	71872	18255	0	1	13	145.586	115.27	52.4343	897	139	5	0	114.459	1.05019	0.920797	0.0747518	60.0691	1.06898	1.28566	60.0691	60.0691	60.0691	0	56244.6	91	0.110719	3.23733e+07	1	45.0523	129.501	0.817761	165.454	nu-candidate	1	1.0969172	-15.0	1023.1067	13.710	9.219	1175708	{"10:6": "-1,-1,-1", "11:1000000": "-1,-1,-1", "12:0": "-1,-1,-1", "13:1000001": "0,0,1", "14:2": "-1,-1,-1", "1:1": "-1,-1,-1", "3:11": "-1,-1,-1", "5:5": "-1,-1,-1", "6:1000003": "-1,-1,-1", "8:1000004": "-1,-1,-1", "9:1000006": "-1,-1,-1"}
mcp2k	72055	18255	0	1	14	-171.855	-148.856	7.0958	1608	203	4	0	258.913	1.06867	0.522102	0.238163	258.913	1.06867	0.522102	258.913	258.913	258.913	13.94	53687.5	390	0.178425	6.55331e+07	0	0	860.52	0.538564	556.093	nu-candidate	1	5.2395687	-15.0	829.58575	13.460	9.163	1217540	{"10:3": "-1,-1,-1", "11:1000000": "-1,-1,-1", "12:1000004": "-1,-1,-1", "13:5": "-1,-1,-1", "14:0": "0,0,0", "2:7": "-1,-1,-1", "5:1000009": "-1,-1,-1", "8:1000010": "-1,-1,-1", "9:6": "-1,-1,-1"}
mcp2k	72174	18255	0	1	5	45.3701	33.2277	274.248	760	135	2	0	167.897	1.02233	1.29248	0.0471014	0	nan	nan	0	0	0	0	50532.1	268	0.195077	3.95678e+07	1	0.765752	455.124	0.559804	392.653	nu-candidate	1	3.7135348	-15.0	595.8496	10.900	7.253	1198012	{"3:2": "-1,-1,-1", "4:1000004": "-1,-1,-1", "5:1000006": "0,0,1", "6:1000001": "-1,-1,-1", "7:1": "-1,-1,-1", "8:1000000": "-1,-1,-1"}
mcp2k	72196	18255	0	1	8	-173.881	71.665	353.234	610	105	2	0	165.707	1.04056	0.990364	0.2	165.707	1.04056	0.990364	165.707	165.707	165.707	0	50427.5	267	0.238587	3.93319e+07	1	70.9534	1147.47	0.825257	387.593	nu-candidate	1	3.6144753	-15.0	612.4506	11.862	7.364	1196460	{"10:1000008": "-1,-1,-1", "11:1000000": "-1,-1,-1", "1:1": "-1,-1,-1", "6:3": "-1,-1,-1", "7:0": "-1,-1,-1", "8:2": "0,0,0", "9:5": "-1,-1,-1"}
mcp2k	72275	18255	0	1	15	73.9912	91.0967	199.296	2856	302	9	2	338.244	1.06812	0.362334	0.216306	323.08	1.07013	0.371947	323.08	323.08	323.08	131.999	51064.4	511	0.480688	1.32803e+08	1	31.6753	2853.66	0.902418	724.537	nu-candidate	1	3.789864	-15.0	1139.7189	20.017	17.395	1275756	{"10:1000001": "-1,-1,-1", "13:0": "-1,-1,-1", "14:1000002": "-1,-1,-1", "15:1000000": "0,0,0", "16:3": "-1,-1,-1", "3:2": "-1,-1,-1", "6:4": "-1,-1,-1", "7:7": "-1,-1,-1", "8:1000005": "-1,-1,-1"}
mcp2k	72649	18255	0	1	12	193.157	16.3382	75.1619	115	21	1	0	17.4712	1.0077	0.180635	0.0357143	0	nan	nan	0	0	0	0	nan	0	0.0589518	9.46448e+06	1	1.26841	-1	-1	-1	nu-candidate	1	-3.1318157	-15.0	175.44092	10.322	5.261	1122748	{"10:3": "-1,-1,-1", "11:1000003": "-1,-1,-1", "12:1000002": "0,0,1", "13:1000007": "-1,-1,-1", "2:2": "-1,-1,-1", "4:6": "-1,-1,-1", "5:1000000": "-1,-1,-1", "7:1000001": "-1,-1,-1", "9:1000006": "-1,-1,-1"}
mcp2k	73054	18255	0	1	14	-28.0509	97.9179	474.691	489	87	2	0	79.2813	1.01828	0.207886	0.0474091	0	nan	nan	0	0	0	0	49862.3	83	0.107311	1.74778e+07	1	11.3448	1211.37	0.962751	158.872	nu-candidate	1	3.5052986	-15.0	479.99597	11.496	6.583	1230776	{"13:1000001": "-1,-1,-1", "14:7": "0,0,0", "15:1000000": "-1,-1,-1", "16:1000003": "-1,-1,-1", "17:1": "-1,-1,-1", "18:3": "-1,-1,-1", "19:1000002": "-1,-1,-1", "1:5": "-1,-1,-1", "3:8": "-1,-1,-1", "6:4": "-1,-1,-1", "9:0": "-1,-1,-1"}
mcp2k	73336	18255	0	1	11	-43.1217	40.8523	460.776	609	84	5	0	46.6066	1.02588	0.120163	0.0923651	0	nan	nan	0	0	0	0	nan	0	0.049033	3.04359e+07	1	5.68794	-1	-1	-1	nu-candidate	1	1.3333119	-15.0	740.43787	8.529	6.725	1152640	{"10:1000002": "-1,-1,-1", "11:3": "0,0,1", "12:2": "-1,-1,-1", "13:5": "-1,-1,-1", "14:1000007": "-1,-1,-1", "2:8": "-1,-1,-1", "3:4": "-1,-1,-1", "5:1000001": "-1,-1,-1", "7:1000004": "-1,-1,-1", "8:1000000": "-1,-1,-1", "9:1": "-1,-1,-1"}
mcp2k	73412	18255	0	1	13	76.2455	141.662	127.058	1140	180	2	0	206.388	1.02413	5.43136	0.0349854	0	nan	nan	0	0	0	0	51283.9	335	0.337528	5.93016e+07	1	9.86704	481.259	0.130213	477.862	nu-candidate	1	4.207538	-15.0	834.03796	10.057	7.725	1251280	{"10:1000009": "-1,-1,-1", "11:1000008": "-1,-1,-1", "12:1000007": "-1,-1,-1", "13:1000003": "0,0,1", "14:1000002": "-1,-1,-1", "15:1000004": "-1,-1,-1", "16:1000001": "-1,-1,-1", "17:1000006": "-1,-1,-1", "1:12": "-1,-1,-1", "3:3": "-1,-1,-1", "4:1": "-1,-1,-1", "6:0": "-1,-1,-1", "8:2": "-1,-1,-1", "9:1000015": "-1,-1,-1"}
mcp2k	73538	18255	0	1	14	-76.4755	193.28	245.49	749	89	5	1	147.766	1.06549	2.16884	0.245786	136.194	1.06571	2.31232	136.194	136.194	136.194	136.194	55044.7	218	0.0797496	3.0947e+07	0	0	350.839	0.616553	325.144	nu-candidate	1	2.2329552	-15.0	656.3195	11.506	8.366	1176016	{"10:1000002": "-1,-1,-1", "11:7": "-1,-1,-1", "12:1000004": "-1,-1,-1", "13:1": "-1,-1,-1", "14:4": "0,0,1", "15:5": "-1,-1,-1", "16:1000000": "-1,-1,-1", "2:10": "-1,-1,-1", "3:11": "-1,-1,-1", "5:0": "-1,-1,-1"}
mcp2k	73688	18255	0	1	16	-63.5563	77.2808	229.093	2447	400	6	1	448.979	1.04435	1.9918	0.149526	348.93	1.03595	2.17811	348.93	59.6062	348.93	0	52549.4	466	0.225483	1.27237e+08	1	30.1418	1326.18	0.787321	656.117	nu-candidate	1	3.151159	-15.0	1770.5077	19.324	15.476	1242216	{"11:1000002": "-1,-1,-1", "12:1": "-1,-1,-1", "13:1000003": "-1,-1,-1", "14:1000005": "-1,-1,-1", "15:1000000": "-1,-1,-1", "16:0": "0,0,0", "4:1000006": "-1,-1,-1", "7:1000001": "-1,-1,-1", "9:1000004": "-1,-1,-1"}
mcp2k	74146	18255	0	1	14	-77.5208	81.2622	295.824	593	132	3	0	111.717	1.01873	0.5556	0.049504	0	nan	nan	0	0	0	0	53495.2	153	0.427184	4.25632e+07	1	14.5951	280.453	0.46209	244.069	nu-candidate	1	2.9995158	-15.0	550.84454	9.660	6.221	1175952	{"10:5": "-1,-1,-1", "11:2": "-1,-1,-1", "12:1000000": "-1,-1,-1", "13:1000001": "-1,-1,-1", "14:3": "0,0,1", "15:1": "-1,-1,-1", "1:4": "-1,-1,-1", "3:0": "-1,-1,-1", "7:1000010": "-1,-1,-1", "9:1000002": "-1,-1,-1"}
mcp2k	74326	18255	0	1	10	64.9192	106.972	392.192	2058	260	7	0	284.504	1.05662	0.3553	0.183122	159.661	1.07482	0.435637	114.3	114.3	159.661	114.3	52170.6	181	0.161147	7.82696e+07	1	128.577	846.578	0.841422	276.998	nu-candidate	1	3.2079728	-15.0	1557.8141	17.043	14.307	1257264	{"10:1000000": "0,0,0", "11:1000005": "-1,-1,-1", "13:1000001": "-1,-1,-1", "14:1000002": "-1,-1,-1", "15:1000003": "-1,-1,-1", "16:1": "-1,-1,-1", "17:1000004": "-1,-1,-1", "18:1000007": "-1,-1,-1", "1:0": "-1,-1,-1", "4:4": "-1,-1,-1", "6:1000012": "-1,-1,-1", "8:1000010": "-1,-1,-1"}
mcp2k	74380	18255	0	1	13	-134.208	4.38091	300.013	634	125	3	0	147.664	1.02449	0.893407	0.0777144	87.5514	1.03303	1.30015	87.5514	0	87.5514	0	56935.2	137	0.0542222	4.35472e+07	0	0	272.752	0.718234	224.051	nu-candidate	1	2.4962535	-15.0	760.6522	9.146	6.371	1147768	{"11:1000001": "-1,-1,-1", "12:1000000": "-1,-1,-1", "13:1": "0,0,1", "1:11": "-1,-1,-1", "2:5": "-1,-1,-1", "4:2": "-1,-1,-1", "6:4": "-1,-1,-1", "9:1000005": "-1,-1,-1"}
mcp2k	74414	18255	0	1	4	-153.034	1.41518	299.268	207	34	1	0	28.1488	1.01877	0.153166	0.108696	0	nan	nan	0	0	0	0	nan	0	0.0581637	1.45391e+07	1	3.67051	-1	-1	-1	nu-candidate	1	-3.0307467	-15.0	222.25282	10.122	5.886	1205196	{"11:1000005": "-1,-1,-1", "14:1000007": "-1,-1,-1", "15:1000010": "-1,-1,-1", "16:1000015": "-1,-1,-1", "17:1000009": "-1,-1,-1", "18:1000004": "-1,-1,-1", "19:1000002": "-1,-1,-1", "1:3": "-1,-1,-1", "20:1000012": "-1,-1,-1", "21:1000006": "-1,-1,-1", "2:2": "-1,-1,-1", "3:5": "-1,-1,-1", "4:1": "0,0,1", "5:0": "-1,-1,-1", "7:1000003": "-1,-1,-1", "9:1000001": "-1,-1,-1"}
mcp2k	74784	18255	0	1	8	102.379	96.9709	130.039	1110	238	6	1	350.263	1.03787	1.13025	0.129468	350.263	1.03787	1.13025	350.263	185.69	350.263	0	47714.9	547	0.21381	6.75575e+07	0	0	656.3	0.0153075	659.799	nu-candidate	1	3.8330262	-15.0	971.71124	15.454	12.257	1190480	{"10:0": "-1,-1,-1", "11:1000008": "-1,-1,-1", "12:1000007": "-1,-1,-1", "2:3": "-1,-1,-1", "6:1000003": "-1,-1,-1", "7:1": "-1,-1,-1", "8:1000004": "0,0,1", "9:1000001": "-1,-1,-1"}
mcp2k	75040	18255	0	1	17	-75.3755	-33.5715	155.045	905	153	3	1	156.278	1.02545	3.0701	0.0926641	0	nan	nan	0	0	0	0	54264.1	251	0.289889	4.72038e+07	1	18.4859	363.116	0.142511	369.187	nu-candidate	1	2.5486968	-15.0	693.0896	11.720	9.211	1328916	{"10:1000000": "-1,-1,-1", "12:1000002": "-1,-1,-1", "14:1000001": "-1,-1,-1", "15:1000007": "-1,-1,-1", "16:1000003": "-1,-1,-1", "17:9": "0,0,1", "18:0": "-1,-1,-1", "19:1000004": "-1,-1,-1", "1:15": "-1,-1,-1", "3:4": "-1,-1,-1", "5:5": "-1,-1,-1", "6:3": "-1,-1,-1", "7:6": "-1,-1,-1", "8:1000019": "-1,-1,-1"}
mcp2k	75206	18255	0	1	10	-123.705	47.0679	186.808	1061	114	8	1	400.117	1.10276	0.92636	0.258517	363.545	1.10189	0.994739	363.545	363.545	363.545	363.545	49484.8	578	0.140725	7.015e+07	1	13.8554	2381.93	0.868734	659.796	nu-candidate	1	3.369795	-15.0	1561.5916	28.175	24.720	1224488	{"10:0": "0,0,0", "11:1": "-1,-1,-1", "12:1000000": "-1,-1,-1", "2:7": "-1,-1,-1", "4:3": "-1,-1,-1", "7:1000003": "-1,-1,-1", "8:6": "-1,-1,-1", "9:2": "-1,-1,-1"}
mcp2k	75729	18255	0	1	18	-73.6716	-169.822	367.536	208	63	2	0	53.3243	1.01902	0.0123033	0.0227273	0	nan	nan	0	0	0	0	50937.1	80	0.142311	1.29602e+07	1	6.33063	408.892	0.236719	419.165	nu-candidate	1	2.2197123	-15.0	425.9358	11.342	7.853	1195348	{"10:1000001": "-1,-1,-1", "12:2": "-1,-1,-1", "13:1000004": "-1,-1,-1", "14:1000006": "-1,-1,-1", "15:1000009": "-1,-1,-1", "16:1": "-1,-1,-1", "17:3": "-1,-1,-1", "18:5": "0,0,1", "19:1000000": "-1,-1,-1", "20:1000007": "-1,-1,-1", "6:0": "-1,-1,-1", "7:1000012": "-1,-1,-1", "9:1000014": "-1,-1,-1"}
mcp2k	75795	18255	0	1	14	-196.861	118.003	176.856	1430	149	3	0	153.159	1.06041	1.16708	0.209384	113.093	1.06767	1.36619	113.093	113.093	113.093	113.093	60405.6	179	0.0948546	3.54432e+07	1	2.8376	313.889	0.615772	276.335	nu-candidate	1	1.8213593	-15.0	748.817	11.303	8.760	1231980	{"10:1000004": "-1,-1,-1", "11:1000001": "-1,-1,-1", "12:1000006": "-1,-1,-1", "13:3": "-1,-1,-1", "14:0": "0,0,0", "15:1000009": "-1,-1,-1", "16:1000007": "-1,-1,-1", "1:1": "-1,-1,-1", "2:10": "-1,-1,-1", "4:1000002": "-1,-1,-1", "6:1000003": "-1,-1,-1", "7:1000000": "-1,-1,-1", "9:1000008": "-1,-1,-1"}
mcp2k	75954	18255	0	1	21	183.712	-187.909	119.343	1525	148	14	1	56.751	1.10427	0.522569	0.175728	39.9629	1.07783	0.253019	39.9629	0	39.9629	0	nan	0	0.272754	4.46276e+07	1	203.814	-1	-1	-1	nu-candidate	1	0.08500652	-3.2433946	804.5687	11.786	9.165	1325988	{"12:1000013": "-1,-1,-1", "15:1000000": "-1,-1,-1", "18:1000006": "-1,-1,-1", "19:2": "-1,-1,-1", "1:17": "-1,-1,-1", "20:18": "-1,-1,-1", "21:1000003": "0,0,0", "22:1000002": "-1,-1,-1", "23:4": "-1,-1,-1", "24:1000010": "-1,-1,-1", "25:1000007": "-1,-1,-1", "2:10": "-1,-1,-1", "4:3": "-1,-1,-1", "5:5": "-1,-1,-1", "6:1": "-1,-1,-1", "8:0": "-1,-1,-1", "9:7": "-1,-1,-1"}
mcp2k	76038	18255	0	1	18	194.675	-78.1068	317.82	1348	210	2	0	226.103	1.02164	1.15797	0.0531915	0	nan	nan	0	0	0	0	49925.3	368	0.347631	6.28199e+07	0	0	807.628	0.475799	518.312	nu-candidate	1	4.2002997	-15.0	817.6994	13.463	8.697	1315384	{"10:1000001": "-1,-1,-1", "12:1000007": "-1,-1,-1", "16:4": "-1,-1,-1", "17:8": "-1,-1,-1", "18:1000002": "0,0,0", "19:3": "-1,-1,-1", "20:0": "-1,-1,-1", "21:1000005": "-1,-1,-1", "22:1000006": "-1,-1,-1", "2:11": "-1,-1,-1", "4:9": "-1,-1,-1", "5:1000015": "-1,-1,-1", "6:1000018": "-1,-1,-1", "7:1000021": "-1,-1,-1", "8:1000004": "-1,-1,-1"}
mcp2k	76059	18255	0	1	9	-174.87	-184.735	377.669	262	43	3	0	34.8439	1.04727	0.16396	0.106176	0	nan	nan	0	0	0	0	48673.4	30	0.217052	1.53839e+07	1	26.6311	-1	-1	-1	nu-candidate	1	2.653284	-15.0	404.55615	11.008	6.262	1202464	{"10:1000003": "-1,-1,-1", "11:0": "-1,-1,-1", "12:1000001": "-1,-1,-1", "13:1000000": "-1,-1,-1", "2:2": "-1,-1,-1", "6:1000002": "-1,-1,-1", "7:1000005": "-1,-1,-1", "8:1000004": "-1,-1,-1", "9:1": "0,0,0"}
mcp2k	76170	18255	0	1	23	-4.46563	-47.362	129.816	2164	286	3	0	391.115	1.04886	1.41146	0.15999	391.115	1.04886	1.41146	391.115	262.085	391.115	0	49940.7	634	0.385736	1.07429e+08	1	10.107	1192.21	0.531572	874.881	cosmic-tagged	1	4.949159	-15.0	1041.0706	15.323	12.865	1268720	{"11:1000006": "-1,-1,-1", "13:1000005": "-1,-1,-1", "15:7": "-1,-1,-1", "16:1": "-1,-1,-1", "17:6": "-1,-1,-1", "18:5": "1,0,0", "19:4": "-1,-1,-1", "1:10": "-1,-1,-1", "5:2": "-1,-1,-1", "7:9": "-1,-1,-1", "8:1000015": "-1,-1,-1"}
mcp2k	77328	18255	0	1	16	-45.8139	-143.812	221.929	1155	128	4	0	332.654	1.06334	0.549427	0.223464	332.654	1.06334	0.549427	332.654	319.348	332.654	319.348	49858.9	514	0.114547	6.75199e+07	1	8.18142	2373.94	0.912734	714.259	nu-candidate	1	4.8861885	-15.0	1146.7817	18.267	13.511	1215096	{"10:1000005": "-1,-1,-1", "12:1000001": "-1,-1,-1", "14:1000000": "-1,-1,-1", "15:1000003": "-1,-1,-1", "16:3": "0,0,0", "17:4": "-1,-1,-1", "18:2": "-1,-1,-1", "2:7": "-1,-1,-1", "4:5": "-1,-1,-1", "6:1000011": "-1,-1,-1", "8:1000004": "-1,-1,-1"}
mcp2k	77702	18255	0	1	21	-37.9686	46.1991	131.377	1244	236	2	1	345.103	1.02535	2.39861	0.0998249	345.103	1.02535	2.39861	345.103	0	345.103	0	49260.1	563	0.247547	7.38433e+07	1	7.74314	1252	0.565271	777.577	nu-candidate	1	4.9408636	-15.0	959.09534	11.540	8.393	1289096	{"11:1000013": "-1,-1,-1", "13:1000002": "-1,-1,-1", "14:1000001": "-1,-1,-1", "15:1000003": "-1,-1,-1", "16:11": "-1,-1,-1", "17:5": "-1,-1,-1", "18:1000000": "-1,-1,-1", "19:1000011": "-1,-1,-1", "1:0": "-1,-1,-1", "20:1000009": "-1,-1,-1", "21:6": "0,0,0", "2:13": "-1,-1,-1", "3:12": "-1,-1,-1", "5:3": "-1,-1,-1", "6:1": "-1,-1,-1", "8:4": "-1,-1,-1", "9:9": "-1,-1,-1"}
mcp2k	77846	18255	0	1	12	-23.3298	98.288	252.055	892	155	2	0	172.061	1.01621	1.29812	0.0629778	0	nan	nan	0	0	0	0	49409.9	255	0.143416	3.62247e+07	1	0.300589	465.915	0.434174	373.521	nu-candidate	1	3.3686223	-15.0	640.77106	12.167	7.474	1179308	{"10:1000001": "-1,-1,-1", "11:1000004": "-1,-1,-1", "12:4": "0,0,0", "13:3": "-1,-1,-1", "14:1": "-1,-1,-1", "15:5": "-1,-1,-1", "16:6": "-1,-1,-1", "17:1000000": "-1,-1,-1", "1:9": "-1,-1,-1", "2:8": "-1,-1,-1", "3:0": "-1,-1,-1", "6:1000008": "-1,-1,-1"}
mcp2k	77878	18255	0	1	8	58.7207	-61.4737	290.124	1585	222	8	2	235.058	1.03656	0.455221	0.141698	220.967	1.03716	0.474715	220.967	0	220.967	0	50486.2	350	0.0548013	5.98267e+07	1	26.6522	540.224	0.910674	191.163	nu-candidate	1	1.888571	-15.0	1017.8207	15.128	10.387	1180452	{"10:0": "-1,-1,-1", "11:12": "-1,-1,-1", "12:3": "-1,-1,-1", "13:11": "-1,-1,-1", "14:6": "-1,-1,-1", "3:1000007": "-1,-1,-1", "4:1000009": "-1,-1,-1", "7:1000013": "-1,-1,-1", "8:1000001": "0,0,0", "9:1000000": "-1,-1,-1"}
mcp2k	78582	18255	0	1	5	100.29	-139.502	320.774	6	4	1	1	0	nan	nan	nan	0	nan	nan	0	0	0	0	nan	0	0	163529	1	0.851053	-1	-1	-1	nu-candidate	1	-2.724781	-15.0	109.20104	7.644	5.682	1215148	{"10:1000004": "-1,-1,-1", "11:6": "-1,-1,-1", "12:20": "-1,-1,-1", "13:1000001": "-1,-1,-1", "14:7": "-1,-1,-1", "15:8": "-1,-1,-1", "16:10": "-1,-1,-1", "17:2": "-1,-1,-1", "18:1000007": "-1,-1,-1", "19:3": "-1,-1,-1", "20:12": "-1,-1,-1", "3:1000003": "-1,-1,-1", "4:1000005": "-1,-1,-1", "5:1000006": "0,0,1", "8:1000000": "-1,-1,-1"}
mcp2k	79491	18255	0	1	6	-56.391	78.4528	226.143	510	111	2	0	119.486	1.0249	0.369088	0.0765983	44.4016	1.0422	0.392916	44.4016	0	44.4016	0	53728.7	114	0.391216	4.97276e+07	0	0	329.991	0.942886	197.719	nu-candidate	1	3.3889565	-15.0	590.6115	13.775	6.985	1278972	{"10:1000001": "-1,-1,-1", "11:12": "-1,-1,-1", "12:0": "-1,-1,-1", "13:1": "-1,-1,-1", "14:1000014": "-1,-1,-1", "1:3": "-1,-1,-1", "4:8": "-1,-1,-1", "6:7": "0,0,0", "7:5": "-1,-1,-1", "8:1000002": "-1,-1,-1", "9:4": "-1,-1,-1"}
mcp2k	79616	18255	0	1	18	132.769	130.217	174.109	2240	277	5	0	361.659	1.0577	0.340002	0.21037	346.062	1.05419	0.321751	346.062	346.062	346.062	0	51951.2	529	0.176433	7.89547e+07	0	0	3125.55	0.74438	775.555	nu-candidate	1	3.9208791	-15.0	902.8025	15.586	10.516	1272840	{"11:1000014": "-1,-1,-1", "13:1000006": "-1,-1,-1", "14:4": "-1,-1,-1", "15:1000004": "-1,-1,-1", "16:2": "-1,-1,-1", "17:3": "-1,-1,-1", "18:1000001": "0,0,0", "19:7": "-1,-1,-1", "2:15": "-1,-1,-1", "4:13": "-1,-1,-1", "5:12": "-1,-1,-1", "8:1": "-1,-1,-1"}
mcp2k	81420	18255	0	1	15	8.59337	142.047	400.921	376	74	3	0	107.342	1.03124	0.84315	0.135633	89.8673	1.03248	0.983785	89.8673	0	89.8673	0	52760.8	141	0.0525485	2.32286e+07	1	13.7399	360.299	0.832392	228.335	nu-candidate	1	2.2746196	-15.0	523.9505	11.383	7.018	1243352	{"11:1000008": "-1,-1,-1", "14:1000002": "-1,-1,-1", "15:1000007": "0,0,0", "16:1000011": "-1,-1,-1", "1:19": "-1,-1,-1", "20:1000000": "-1,-1,-1", "21:9": "-1,-1,-1", "22:1000006": "-1,-1,-1", "23:7": "-1,-1,-1", "24:13": "-1,-1,-1", "25:1000001": "-1,-1,-1", "26:1000005": "-1,-1,-1", "27:1000004": "-1,-1,-1", "2:5": "-1,-1,-1", "3:0": "-1,-1,-1", "5:21": "-1,-1,-1", "6:1": "-1,-1,-1", "7:1000014": "-1,-1,-1", "8:1000013": "-1,-1,-1"}
mcp2k	90003	18255	0	1	17	-36.6137	94.0855	474.623	469	65	3	0	59.5833	1.0822	0.67993	0.25772	0	nan	nan	0	0	0	0	63495.4	41	0.13214	1.84448e+07	0	0	-1	-1	-1	nu-candidate	1	-0.071109116	-5.1750646	383.0755	11.764	6.655	1218100	{"11:1000007": "-1,-1,-1", "12:1000000": "-1,-1,-1", "14:1000002": "-1,-1,-1", "15:1000003": "-1,-1,-1", "16:9": "-1,-1,-1", "17:10": "0,0,0", "18:4": "-1,-1,-1", "19:1000004": "-1,-1,-1", "1:19": "-1,-1,-1", "4:2": "-1,-1,-1", "5:1": "-1,-1,-1", "6:6": "-1,-1,-1", "8:3": "-1,-1,-1", "9:1000013": "-1,-1,-1"}
mcp2k	90179	18255	0	1	17	87.6755	46.082	62.1014	167	35	2	0	22.5988	1.00604	0.0194753	0.027027	0	nan	nan	0	0	0	0	nan	0	0.00986839	1.53192e+07	0	0	-1	-1	-1	nu-candidate	1	-2.020731	-15.0	312.29602	11.564	5.781	1193048	{"10:1000002": "-1,-1,-1", "12:1000001": "-1,-1,-1", "14:1000004": "-1,-1,-1", "15:1000000": "-1,-1,-1", "16:0": "-1,-1,-1", "17:1000003": "0,0,1", "18:1": "-1,-1,-1", "19:5": "-1,-1,-1", "20:1000010": "-1,-1,-1", "2:6": "-1,-1,-1", "4:4": "-1,-1,-1", "7:2": "-1,-1,-1", "9:1000005": "-1,-1,-1"}
mcp2k	91235	18255	0	1	13	-43.0655	36.8488	96.7249	1367	190	2	0	274.059	1.04752	1.86284	0.177767	252.444	1.04807	1.96378	252.444	252.444	252.444	0	52370.5	412	0.25408	6.62552e+07	1	47.6314	546.99	0.0127883	574.448	nu-candidate	1	3.9425108	-15.0	1037.1885	15.120	9.658	1222192	{"10:1000007": "-1,-1,-1", "11:8": "-1,-1,-1", "12:1000002": "-1,-1,-1", "13:1": "0,0,1", "1:6": "-1,-1,-1", "3:0": "-1,-1,-1", "4:1000001": "-1,-1,-1", "5:1000004": "-1,-1,-1", "7:1000000": "-1,-1,-1", "8:1000003": "-1,-1,-1", "9:5": "-1,-1,-1"}
mcp2k	91782	18255	0	1	-1	nan	nan	nan	0	0	0	0	0	nan	nan	nan	0	nan	nan	0	0	0	0	nan	0	nan	nan	0	0	-1	-1	-1	cosmic-tagged	1	-1.9416895	-15.0	0.0	12.457	7.467	978484	{"10:1000004": "-1,-1,-1", "13:1000001": "1,0,0", "14:1": "-1,-1,-1", "15:1000000": "-1,-1,-1", "16:1000002": "-1,-1,-1", "17:0": "-1,-1,-1", "18:1000005": "-1,-1,-1", "19:1000006": "-1,-1,-1", "20:1000003": "-1,-1,-1", "21:1000007": "-1,-1,-1"}
mcp2k	91917	18255	0	1	17	157.269	-41.4991	61.3787	1753	284	4	0	303.973	1.04197	6.21041	0.0850382	0	nan	nan	0	0	0	0	51265.3	468	0.690256	2.03435e+08	1	152.107	737.169	0.228089	648.781	nu-candidate	1	2.899517	-15.0	1291.9933	16.617	14.291	1282664	{"10:1000002": "-1,-1,-1", "12:1000004": "-1,-1,-1", "13:1000001": "-1,-1,-1", "14:1000003": "-1,-1,-1", "15:1000006": "-1,-1,-1", "16:6": "-1,-1,-1", "17:1000000": "0,0,1", "18:1": "-1,-1,-1", "19:4": "-1,-1,-1", "20:10": "-1,-1,-1", "2:3": "-1,-1,-1", "4:7": "-1,-1,-1", "6:2": "-1,-1,-1", "8:1000016": "-1,-1,-1"}
mcp2k	92159	18255	0	1	4	-134.347	-83.8439	2.61308	1098	200	2	0	177.888	1.00915	1.7883	0.0135593	0	nan	nan	0	0	0	0	52808.5	287	0.118935	3.88409e+07	1	43.243	422.752	0.184521	415.429	nu-candidate	1	-1.8605695	-15.0	652.7209	12.322	7.851	1147892	{"4:1": "0,0,0", "5:4": "-1,-1,-1", "6:0": "-1,-1,-1", "7:2": "-1,-1,-1", "8:1000001": "-1,-1,-1"}
mcp2k	92225	18255	0	1	14	-192.509	122.876	187.906	489	79	4	0	140.833	1.05446	1.30602	0.217949	140.833	1.05446	1.30602	140.833	140.833	140.833	140.833	57185.1	226	0.045444	3.15198e+07	1	4.76227	333.105	0.340624	334.312	nu-candidate	1	1.7829946	-15.0	800.0525	13.678	8.703	1287604	{"10:1000009": "-1,-1,-1", "11:9": "-1,-1,-1", "12:2": "-1,-1,-1", "13:5": "-1,-1,-1", "14:1": "0,0,1", "15:1000002": "-1,-1,-1", "1:15": "-1,-1,-1", "3:7": "-1,-1,-1", "5:6": "-1,-1,-1", "6:0": "-1,-1,-1", "7:3": "-1,-1,-1", "8:1000004": "-1,-1,-1", "9:1000005": "-1,-1,-1"}
mcp2k	92904	18255	0	1	15	13.6044	-20.007	480.31	181	30	2	0	18.0973	1.01816	0.207368	0.137931	0	nan	nan	0	0	0	0	nan	0	0.0403423	9.16128e+06	1	31.3161	-1	-1	-1	nu-candidate	1	-0.5969693	-15.0	307.6106	8.580	5.743	1195364	{"11:1000001": "-1,-1,-1", "12:1000003": "-1,-1,-1", "13:1000002": "-1,-1,-1", "14:3": "-1,-1,-1", "15:1000004": "0,0,1", "1:11": "-1,-1,-1", "5:1": "-1,-1,-1", "6:0": "-1,-1,-1", "7:9": "-1,-1,-1"}
mcp2k	93105	18255	0	1	9	115.645	106.68	295.116	1119	171	4	0	248.946	1.03915	1.14178	0.102236	106.034	1.06907	0.314857	92.2486	92.2486	106.034	0	51288.5	229	0.0356126	5.76721e+07	1	35.5979	567.638	0.565398	340.917	nu-candidate	1	2.6919549	-15.0	1090.5038	13.081	9.521	1185156	{"10:0": "-1,-1,-1", "11:1": "-1,-1,-1", "12:4": "-1,-1,-1", "13:1000008": "-1,-1,-1", "4:1000004": "-1,-1,-1", "5:1000001": "-1,-1,-1", "7:1000003": "-1,-1,-1", "8:5": "-1,-1,-1", "9:1000000": "0,0,0"}
mcp2k	93696	18255	0	1	7	15.8517	114.989	328.976	889	126	3	0	126.848	1.03153	1.20316	0.0825255	30.795	1.0394	0.442813	30.795	30.795	30.795	30.795	57327.2	148	0.0658887	3.21282e+07	1	3.2364	235.643	0.176342	241.296	nu-candidate	1	2.892284	-15.0	714.7802	11.531	7.704	1168200	{"10:4": "-1,-1,-1", "1:11": "-1,-1,-1", "3:1": "-1,-1,-1", "4:1000005": "-1,-1,-1", "5:1000002": "-1,-1,-1", "6:3": "-1,-1,-1", "7:5": "0,0,1", "8:2": "-1,-1,-1", "9:1000003": "-1,-1,-1"}
mcp2k	93776	18259	0	0																						nan	nan		nan	nan	nan	nan	cosmic-tagged	0				7.500	1.576	378948	{"10:6": "-1,-1,-1", "2:10": "-1,-1,-1", "4:2": "-1,-1,-1", "6:4": "-1,-1,-1", "7:5": "-1,-1,-1", "8:8": "-1,-1,-1", "9:1000000": "0,1,0"}
mcp2k	94224	18255	0	1	17	-10.232	136.82	418.814	712	89	4	0	73.9414	1.09081	0.586367	0.292067	60.2813	1.10556	0.685085	60.2813	24.1702	60.2813	24.1702	43537.5	51	0.246563	3.19575e+07	1	10.0275	-1	-1	-1	nu-candidate	1	1.4756786	-15.0	672.85596	12.903	7.948	1189284	{"10:1000013": "-1,-1,-1", "11:1000003": "-1,-1,-1", "13:1000004": "-1,-1,-1", "14:1000006": "-1,-1,-1", "15:7": "-1,-1,-1", "16:0": "-1,-1,-1", "17:2": "0,0,1", "18:1000001": "-1,-1,-1", "4:10": "-1,-1,-1", "5:1000008": "-1,-1,-1", "6:1000012": "-1,-1,-1", "8:1000002": "-1,-1,-1"}
mcp2k	94392	18259	0	1	5	-97.6371	3.24709	243.563	600	75	7	0	162.351	1.05189	0.345932	0.18018	150.667	1.05404	0.356522	150.667	112.969	150.667	112.969	55516.4	54	0.280381	5.89215e+07	1	5.3836	189.921	0.482392	199.427	nu-candidate	1	0.7616267	-15.0	1124.3645	14.145	10.257	1186256	{"1:7": "-1,-1,-1", "3:1000003": "-1,-1,-1", "4:1000001": "-1,-1,-1", "5:1": "0,0,1", "6:4": "-1,-1,-1", "7:2": "-1,-1,-1", "8:3": "-1,-1,-1"}
mcp2k	94546	18259	0	1	13	-59.1589	127.27	16.2005	1740	248	2	0	337.134	1.04351	7.82496	0.142602	337.134	1.04351	7.82496	337.134	0	337.134	0	50889.4	553	0.157106	6.80326e+07	1	10.4979	764.953	0.0102055	758.03	nu-candidate	1	3.7518399	-15.0	913.8953	12.698	8.955	1200272	{"11:1000001": "-1,-1,-1", "12:1000002": "-1,-1,-1", "13:4": "0,0,1", "14:3": "-1,-1,-1", "2:1": "-1,-1,-1", "4:2": "-1,-1,-1", "5:0": "-1,-1,-1", "7:1000005": "-1,-1,-1", "8:1000010": "-1,-1,-1", "9:1000003": "-1,-1,-1"}
mcp2k	94678	18259	0	1	8	55.1524	89.0937	399.386	547	53	1	0	105.47	1.05393	0.722033	0.222857	105.47	1.05393	0.722033	105.47	105.47	105.47	105.47	50066.1	167	0.15052	2.01807e+07	1	6.95296	573.928	0.80848	260.72	nu-candidate	1	2.0225725	-15.0	454.57782	9.341	7.015	1245320	{"10:2": "-1,-1,-1", "11:3": "-1,-1,-1", "12:1000002": "-1,-1,-1", "3:1000003": "-1,-1,-1", "5:1000008": "-1,-1,-1", "6:0": "-1,-1,-1", "7:1000006": "-1,-1,-1", "8:1000007": "0,0,0", "9:1000001": "-1,-1,-1"}
mcp2k	95405	18255	0	1	17	-35.3884	-129.694	444.656	657	88	3	0	113.71	1.06768	0.269012	0.180321	92.218	1.08024	0.29549	92.218	92.218	92.218	0	49097.4	145	0.141895	3.07988e+07	0	0	4000	1	231.988	nu-candidate	1	3.039186	-15.0	699.0858	8.098	6.945	1219580	{"11:10": "-1,-1,-1", "13:8": "-1,-1,-1", "14:1000001": "-1,-1,-1", "15:1000002": "-1,-1,-1", "16:5": "-1,-1,-1", "17:11": "0,0,0", "1:12": "-1,-1,-1", "4:1": "-1,-1,-1", "5:6": "-1,-1,-1", "7:3": "-1,-1,-1", "9:2": "-1,-1,-1"}
mcp2k	95690	18259	0	1	13	94.5988	26.1998	389.039	823	135	2	0	154.757	1.0155	1.08715	0.0431481	39.8609	1.01539	0.256403	39.8609	0	39.8609	0	56533.4	182	0.0131864	3.92564e+07	1	5.12237	289.268	0.293176	281.714	nu-candidate	1	4.6958046	-15.0	664.85425	8.381	6.132	1152340	{"10:1000010": "-1,-1,-1", "11:1000005": "-1,-1,-1", "12:1000006": "-1,-1,-1", "13:1000004": "0,0,1", "14:3": "-1,-1,-1", "15:2": "-1,-1,-1", "16:1000011": "-1,-1,-1", "3:12": "-1,-1,-1", "4:1000012": "-1,-1,-1", "5:1000013": "-1,-1,-1", "6:1000008": "-1,-1,-1", "8:1000003": "-1,-1,-1"}
mcp2k	96306	18259	0	1	11	-67.7365	114.93	69.8379	1316	216	2	0	265.078	1.01639	4.90336	0.0544218	0	nan	nan	0	0	0	0	49681.4	433	0.427705	8.13313e+07	1	7.84006	979.987	0.456006	606.432	nu-candidate	1	4.598253	-15.0	776.3351	11.860	7.975	1239980	{"10:1000000": "-1,-1,-1", "11:4": "0,0,0", "12:8": "-1,-1,-1", "13:1": "-1,-1,-1", "2:2": "-1,-1,-1", "3:6": "-1,-1,-1", "5:0": "-1,-1,-1", "6:7": "-1,-1,-1", "7:9": "-1,-1,-1", "8:1000015": "-1,-1,-1", "9:1000001": "-1,-1,-1"}
mcp2k	97062	18255	0	1	15	36.0395	41.5664	420.118	615	85	3	0	112.86	1.04819	0.579124	0.205593	100.846	1.03964	0.639435	100.846	75.1878	100.846	0	61233.1	34	0.0495576	3.67325e+07	1	13.8538	-1	-1	-1	nu-candidate	1	1.0544878	-15.0	584.2886	10.162	6.642	1182904	{"10:7": "-1,-1,-1", "11:1000000": "-1,-1,-1", "12:2": "-1,-1,-1", "13:1": "-1,-1,-1", "14:9": "-1,-1,-1", "15:1000002": "0,0,1", "16:5": "-1,-1,-1", "1:13": "-1,-1,-1", "3:8": "-1,-1,-1", "7:1000008": "-1,-1,-1", "9:1000003": "-1,-1,-1"}
mcp2k	97084	18255	0	1	12	114.605	23.2289	280.671	1023	134	2	0	154.015	1.06546	1.21136	0.200392	142.47	1.06924	1.30407	142.47	142.47	142.47	0	52755.8	228	0.0208044	3.38592e+07	1	34.7436	298.736	0.138254	335.488	nu-candidate	1	3.1120777	-15.0	635.2025	11.510	7.189	1176516	{"11:1000001": "-1,-1,-1", "12:1000003": "0,0,1", "13:3": "-1,-1,-1", "14:0": "-1,-1,-1", "15:1000008": "-1,-1,-1", "16:1000006": "-1,-1,-1", "17:5": "-1,-1,-1", "5:1000015": "-1,-1,-1", "6:1000010": "-1,-1,-1", "8:1000004": "-1,-1,-1", "9:1000005": "-1,-1,-1"}
mcp2k	97231	18255	0	1	18	-34.5992	49.1461	170.273	1687	256	8	1	381.931	1.04977	1.22882	0.166085	113.877	1.05228	2.63592	113.877	0	113.877	0	50362.9	469	0.49479	1.72082e+08	1	3.16841	602.028	0.580638	410.391	nu-candidate	1	3.421285	-15.0	1478.3844	22.550	16.186	1259964	{"11:1000002": "-1,-1,-1", "12:1000004": "-1,-1,-1", "13:1000003": "-1,-1,-1", "14:1000016": "-1,-1,-1", "17:2": "-1,-1,-1", "18:0": "0,0,1", "19:1000000": "-1,-1,-1", "20:10": "-1,-1,-1", "21:1000001": "-1,-1,-1", "22:1": "-1,-1,-1", "2:3": "-1,-1,-1", "3:17": "-1,-1,-1", "5:6": "-1,-1,-1", "7:7": "-1,-1,-1", "8:4": "-1,-1,-1", "9:1000005": "-1,-1,-1"}
mcp2k	98294	18255	0	1	17	-192.769	52.6788	383.643	581	57	3	0	42.2702	1.55407	1.32584	0.298676	15.7917	1.50395	1.61139	15.7917	15.7917	15.7917	0	nan	0	0.191292	1.269e+07	2	39.3353	-1	-1	-1	nu-candidate	1	0.5311459	-15.0	486.11285	10.101	6.598	1164456	{"10:1000005": "-1,-1,-1", "13:1000004": "-1,-1,-1", "14:9": "-1,-1,-1", "15:2": "-1,-1,-1", "16:1000001": "-1,-1,-1", "17:1": "0,0,0", "18:0": "-1,-1,-1", "3:4": "-1,-1,-1", "8:1000003": "-1,-1,-1"}
mcp2k	98452	18255	0	1	6	66.8289	49.3018	322.575	1264	130	1	0	186.523	1.05757	0.467755	0.235484	186.523	1.05757	0.467755	186.523	186.523	186.523	186.523	50528.1	302	0.0603373	3.75955e+07	0	0	1619.35	0.886232	432.58	nu-candidate	1	3.96637	-15.0	546.0238	13.056	7.913	1277708	{"10:5": "-1,-1,-1", "4:1000011": "-1,-1,-1", "5:1000005": "-1,-1,-1", "6:1000006": "0,0,0", "7:3": "-1,-1,-1", "8:6": "-1,-1,-1", "9:1000002": "-1,-1,-1"}
mcp2k	98470	18255	0	1	11	25.3081	-151.982	412.503	914	136	4	0	175.888	1.04539	0.650102	0.133206	68.6144	1.0164	0.59176	68.6144	0	68.6144	0	50334.5	158	0.139572	4.70099e+07	1	6.55594	1115.12	0.950334	260.237	nu-candidate	1	4.1974516	-15.0	765.554	11.712	8.095	1178692	{"10:1000006": "-1,-1,-1", "11:1000003": "0,0,0", "12:1": "-1,-1,-1", "13:3": "-1,-1,-1", "14:1000000": "-1,-1,-1", "15:1000007": "-1,-1,-1", "2:0": "-1,-1,-1", "6:1000004": "-1,-1,-1", "8:1000001": "-1,-1,-1"}
mcp2k	98660	18259	0	1	18	-48.3794	-6.52687	27.8346	1856	251	1	0	393.437	1.05198	7.25838	0.191718	393.437	1.05198	7.25838	393.437	393.437	393.437	0	50984.1	644	0.112535	7.87186e+07	1	2.01779	772.966	0.0580861	881.404	nu-candidate	1	3.9520733	-15.0	1016.15765	11.772	8.508	1221768	{"11:1000015": "-1,-1,-1", "13:1000009": "-1,-1,-1", "14:1000010": "-1,-1,-1", "16:1000008": "-1,-1,-1", "17:3": "-1,-1,-1", "18:2": "0,0,1", "19:1000007": "-1,-1,-1", "1:11": "-1,-1,-1", "20:1000013": "-1,-1,-1", "21:0": "-1,-1,-1", "22:1000000": "-1,-1,-1", "23:1000011": "0,0,0", "2:10": "-1,-1,-1", "5:1000002": "-1,-1,-1", "6:1000017": "-1,-1,-1", "9:1000005": "-1,-1,-1"}
mcp2k	98704	18259	0	1	2	-178.687	-151.758	157.745	130	24	1	0	17.8808	1.01319	0.0660834	0.0344828	0	nan	nan	0	0	0	0	nan	0	0.0452506	9.84706e+06	0	0	-1	-1	-1	nu-candidate	1	-3.344444	-15.0	169.62265	8.005	5.632	1185984	{"10:1000003": "-1,-1,-1", "11:7": "-1,-1,-1", "12:1000000": "-1,-1,-1", "13:1000004": "-1,-1,-1", "14:1000001": "-1,-1,-1", "15:1000011": "-1,-1,-1", "16:1000008": "-1,-1,-1", "17:0": "-1,-1,-1", "18:1000010": "-1,-1,-1", "2:6": "0,0,1", "4:2": "-1,-1,-1", "5:1": "-1,-1,-1"}
mcp2k	98778	18255	0	1	8	51.4256	114.595	94.5049	2145	334	2	0	443.511	1.04336	1.6621	0.166224	431.456	1.04439	1.70539	431.456	0	431.456	0	49578.8	706	0.0738744	8.48348e+07	1	0.398688	1478.28	0.622569	968.134	nu-candidate	1	5.5697246	-15.0	1264.7241	14.667	11.513	1221020	{"10:0": "-1,-1,-1", "11:1000011": "-1,-1,-1", "12:1000003": "-1,-1,-1", "1:2": "-1,-1,-1", "2:6": "-1,-1,-1", "4:1000008": "-1,-1,-1", "6:5": "-1,-1,-1", "7:1000007": "-1,-1,-1", "8:1000005": "0,0,0", "9:1000004": "-1,-1,-1"}
mcp2k	99232	18259	0	1	17	122.356	-117.986	86.5935	1395	184	4	1	290.595	1.04621	3.92704	0.161869	275.241	1.04457	4.1327	275.241	275.241	275.241	37.0707	52435.3	388	0.0972298	6.69222e+07	0	0	616.059	0.343079	544.508	nu-candidate	1	5.523333	-15.0	981.95935	16.463	11.705	1263960	{"10:1000007": "-1,-1,-1", "13:1000000": "-1,-1,-1", "15:1000010": "-1,-1,-1", "16:1000008": "-1,-1,-1", "17:1000002": "0,0,1", "18:1000001": "-1,-1,-1", "19:1000003": "-1,-1,-1", "1:1": "-1,-1,-1", "4:4": "-1,-1,-1", "6:0": "-1,-1,-1", "8:1000004": "-1,-1,-1"}
mcp2k	99284	18255	0	1	12	-6.21126	-156.565	34.7666	10	6	1	1	0	nan	nan	nan	0	nan	nan	0	0	0	0	nan	0	0	143262	1	0.971563	-1	-1	-1	nu-candidate	1	-4.26969	-15.0	12.954387	9.839	6.502	1297836	{"10:2": "-1,-1,-1", "11:5": "-1,-1,-1", "12:7": "0,0,1", "13:1000004": "-1,-1,-1", "2:4": "-1,-1,-1", "4:1000006": "-1,-1,-1", "5:1000002": "-1,-1,-1", "7:1000000": "-1,-1,-1", "8:1000005": "-1,-1,-1", "9:1": "-1,-1,-1"}
mcp2k	99716	18259	0	1	13	-29.726	-10.8996	64.7092	2071	330	5	0	431.375	1.03324	1.67932	0.117933	185.466	1.0313	2.90326	185.466	185.466	185.466	0	51523.7	456	0.302033	1.33769e+08	1	1.85789	644.841	0.0220022	646.033	nu-candidate	1	5.037549	-15.0	1413.744	14.654	13.021	1185404	{"10:1000000": "-1,-1,-1", "11:1": "-1,-1,-1", "12:3": "-1,-1,-1", "13:4": "0,0,1", "3:5": "-1,-1,-1", "6:7": "-1,-1,-1", "9:2": "-1,-1,-1"}
mcp2k	99838	18255	0	1	14	90.7021	-4.13709	94.6954	1792	268	6	2	455.582	1.05491	1.26859	0.203376	455.582	1.05491	1.26859	455.582	455.582	455.582	0	51277.9	719	0.392794	1.40174e+08	1	134.023	1047.39	0.160665	1020.39	nu-candidate	1	4.470792	-15.0	1537.5365	21.660	17.024	1198080	{"11:1000001": "-1,-1,-1", "13:1000000": "-1,-1,-1", "14:1000002": "0,0,1", "15:1000003": "-1,-1,-1", "16:1000009": "-1,-1,-1", "17:1000006": "-1,-1,-1", "2:7": "-1,-1,-1", "3:4": "-1,-1,-1", "5:5": "-1,-1,-1", "6:2": "-1,-1,-1", "8:1": "-1,-1,-1"}
mcp2k	100135	18255	0	1	14	-161.079	148.435	112.556	2313	230	3	0	437.711	1.06114	5.66753	0.209832	418.409	1.06336	5.91218	418.409	418.409	418.409	418.409	49622.8	689	0.0868461	8.23367e+07	1	5.79289	1071.75	0.199663	936.231	nu-candidate	1	5.31347	-15.0	1349.5938	20.361	15.332	1242464	{"10:1000001": "-1,-1,-1", "11:1000002": "-1,-1,-1", "12:0": "-1,-1,-1", "13:2": "-1,-1,-1", "14:1": "0,0,0", "15:3": "-1,-1,-1", "4:1000013": "-1,-1,-1", "7:1000004": "-1,-1,-1", "9:1000003": "-1,-1,-1"}
mcp2k	100222	18259	0	1	14	66.3679	26.1435	226.223	1535	182	16	1	126.938	1.06075	2.12676	0.193627	103.296	1.04599	2.51383	103.296	103.296	103.296	103.296	54363.9	163	0.292106	5.91046e+07	1	863.054	244.543	0.347154	257.252	nu-candidate	1	2.1069937	3.7792878	3151.1707	45.680	42.478	1400188	{"11:1000003": "-1,-1,-1", "13:1000005": "-1,-1,-1", "14:1000000": "0,0,1", "15:1000002": "-1,-1,-1", "16:4": "-1,-1,-1", "17:1000007": "-1,-1,-1", "18:1000001": "-1,-1,-1", "19:6": "-1,-1,-1", "4:0": "-1,-1,-1", "6:2": "-1,-1,-1", "7:12": "-1,-1,-1", "8:5": "-1,-1,-1", "9:1000014": "-1,-1,-1"}
mcp2k	100421	18255	0	1	7	-181.823	-107.858	219.909	747	125	2	0	243.44	1.03311	2.02475	0.133333	243.44	1.03311	2.02475	243.44	243.44	243.44	243.44	56414.6	397	0.0956845	4.53186e+07	1	17.1228	707.955	0.280851	554.42	nu-candidate	1	3.0440052	-15.0	721.8456	12.138	7.751	1268984	{"12:1000003": "-1,-1,-1", "15:1000002": "-1,-1,-1", "17:1000009": "-1,-1,-1", "18:12": "-1,-1,-1", "19:1000007": "-1,-1,-1", "20:1000005": "-1,-1,-1", "21:20": "-1,-1,-1", "22:1000000": "-1,-1,-1", "23:1": "-1,-1,-1", "24:1000001": "-1,-1,-1", "25:4": "-1,-1,-1", "2:9": "-1,-1,-1", "3:8": "-1,-1,-1", "5:3": "-1,-1,-1", "7:0": "0,0,0", "9:1000021": "-1,-1,-1"}
mcp2k	100728	18259	0	1	-1	nan	nan	nan	0	0	0	0	0	nan	nan	nan	0	nan	nan	0	0	0	0	nan	0	nan	nan	0	0	-1	-1	-1	nu-candidate	1	-1.9416895	-15.0	0.0	8.508	6.081	1159808	{"10:1000003": "-1,-1,-1", "12:1000006": "-1,-1,-1", "13:4": "-1,-1,-1", "14:2": "-1,-1,-1", "15:1000007": "-1,-1,-1", "16:1000009": "-1,-1,-1", "17:10": "0,0,0", "1:11": "-1,-1,-1", "4:5": "-1,-1,-1", "5:1000008": "-1,-1,-1", "7:1000002": "-1,-1,-1", "9:1000004": "0,1,0"}
mcp2k	101454	18259	0	1	13	-110.748	34.7701	176.018	1116	150	6	0	219.166	1.05767	1.07288	0.186813	219.166	1.05767	1.07288	219.166	219.166	219.166	0	51447.9	356	0.050684	5.09256e+07	1	6.864	640.306	0.53638	504.756	nu-candidate	1	2.5075822	-15.0	903.50684	12.708	11.220	1183808	{"10:1000005": "-1,-1,-1", "11:13": "-1,-1,-1", "12:11": "-1,-1,-1", "13:2": "0,0,1", "14:8": "-1,-1,-1", "15:4": "-1,-1,-1", "16:1000002": "-1,-1,-1", "1:10": "-1,-1,-1", "7:5": "-1,-1,-1", "8:1000001": "-1,-1,-1", "9:1000006": "-1,-1,-1"}
mcp2k	101554	18255	0	1	13	-19.5508	35.5841	130.44	1218	188	2	0	288.097	1.05636	10.8441	0.145095	241.036	1.05395	12.9056	241.036	241.036	241.036	0	52213.8	393	0.335075	7.82401e+07	1	11.7377	556.245	0.0999331	550.113	nu-candidate	1	3.8465965	-15.0	986.2526	12.428	8.858	1198892	{"10:1000004": "-1,-1,-1", "11:1000001": "-1,-1,-1", "12:1": "-1,-1,-1", "13:2": "0,0,1", "14:1000008": "-1,-1,-1", "1:6": "-1,-1,-1", "2:5": "-1,-1,-1", "3:4": "-1,-1,-1", "6:3": "-1,-1,-1", "8:1000003": "-1,-1,-1", "9:0": "-1,-1,-1"}
mcp2k	101675	18255	0	1	11	-148.579	40.6874	66.368	1461	155	5	1	191.335	1.07437	0.783706	0.223925	159.983	1.08648	0.833553	159.983	159.983	159.983	91.5447	50220.5	249	0.136355	4.47741e+07	1	24.8269	284.262	0.757136	227.746	nu-candidate	1	1.2000973	-15.0	943.1103	12.542	10.407	1177160	{"10:1000001": "-1,-1,-1", "11:0": "0,0,1", "12:2": "-1,-1,-1", "2:3": "-1,-1,-1", "3:4": "-1,-1,-1", "5:1": "-1,-1,-1", "7:1000002": "-1,-1,-1", "8:1000000": "-1,-1,-1", "9:5": "-1,-1,-1"}
mcp2k	102841	18255	0	1	11	-152.088	79.3028	299.471	429	79	2	0	71.7086	1.02463	0.5954	0.0253442	0	nan	nan	0	0	0	0	60569.4	72	0.0738684	2.00297e+07	1	5.45468	116.991	0.74939	140.028	nu-candidate	1	2.6503491	-15.0	459.94293	12.162	5.663	1163576	{"10:1000001": "-1,-1,-1", "11:2": "0,0,1", "12:0": "-1,-1,-1", "2:1": "-1,-1,-1", "3:3": "-1,-1,-1", "4:1000000": "-1,-1,-1", "8:1000002": "-1,-1,-1", "9:1000004": "-1,-1,-1"}
mcp2k	103061	18255	0	1	4	-57.5375	-138.835	300.729	39	9	1	1	0	nan	nan	nan	0	nan	nan	0	0	0	0	nan	0	0.0202689	1.71632e+06	1	1.88911	-1	-1	-1	nu-candidate	1	-1.9094181	-15.0	174.44034	9.725	5.489	1185504	{"10:13": "-1,-1,-1", "11:1000009": "-1,-1,-1", "13:1000014": "-1,-1,-1", "14:1000006": "-1,-1,-1", "15:1000000": "-1,-1,-1", "17:1000001": "-1,-1,-1", "19:5": "-1,-1,-1", "1:11": "-1,-1,-1", "20:1000003": "-1,-1,-1", "21:1": "-1,-1,-1", "3:10": "-1,-1,-1", "4:7": "0,0,1", "7:3": "-1,-1,-1", "9:4": "-1,-1,-1"}
mcp2k	103193	18255	0	1	2	-153.699	-194.898	89.8871	87	15	1	0	0	nan	nan	nan	0	nan	nan	0	0	0	0	nan	0	0.0320231	1.97673e+06	0	0	-1	-1	-1	nu-candidate	1	-2.2668574	-15.0	27.848429	8.848	5.475	1183108	{"10:4": "-1,-1,-1", "11:1000002": "-1,-1,-1", "12:12": "-1,-1,-1", "13:1000000": "-1,-1,-1", "14:1000004": "-1,-1,-1", "15:1000003": "-1,-1,-1", "1:10": "-1,-1,-1", "2:6": "0,0,1", "6:1000007": "-1,-1,-1", "8:1000006": "-1,-1,-1", "9:1000005": "-1,-1,-1"}
mcp2k	103952	18255	0	1	21	-60.2696	128.636	267.797	825	113	6	1	118.268	1.03602	1.02471	0.144942	49.0577	1.04004	0.559191	49.0577	35.2852	49.0577	0	60475.2	88	0.23472	4.13559e+07	1	42.1577	4000	1	709.462	nu-candidate	1	1.1761044	-15.0	614.16315	13.652	11.158	1286048	{"10:1000001": "-1,-1,-1", "11:1000005": "-1,-1,-1", "12:1000000": "-1,-1,-1", "13:10": "-1,-1,-1", "14:1000003": "-1,-1,-1", "15:4": "0,0,0", "16:1000006": "-1,-1,-1", "2:2": "-1,-1,-1", "5:1000014": "-1,-1,-1", "7:1000009": "-1,-1,-1", "9:3": "-1,-1,-1"}
mcp2k	104216	18255	0	1	10	-137.271	79.903	253.758	936	139	4	1	167.758	1.04728	2.68733	0.180547	151.481	1.04939	2.96938	151.481	0	151.481	0	53205	243	0.174215	4.79288e+07	1	8.42614	353.978	0.214838	357.482	nu-candidate	1	2.151101	-15.0	1054.619	11.976	9.338	1242268	{"10:0": "0,0,0", "11:1000014": "-1,-1,-1", "12:1000016": "-1,-1,-1", "13:1000003": "-1,-1,-1", "15:1000006": "-1,-1,-1", "16:1000002": "-1,-1,-1", "17:1000007": "-1,-1,-1", "18:1000001": "-1,-1,-1", "1:16": "-1,-1,-1", "20:1000005": "-1,-1,-1", "21:4": "-1,-1,-1", "22:10": "-1,-1,-1", "23:1000000": "-1,-1,-1", "24:1000011": "-1,-1,-1", "3:15": "-1,-1,-1", "5:7": "-1,-1,-1", "7:2": "-1,-1,-1"}
mcp2k	104260	18255	0	1	10	-75.2868	-121.145	167.471	1256	197	1	0	202.36	1.02412	2.97415	0.0535714	0	nan	nan	0	0	0	0	50427.5	328	0.0731572	3.71626e+07	1	6.8385	544.858	0.506786	467.47	nu-candidate	1	3.4513986	-15.0	671.5992	10.661	6.913	1182412	{"10:1": "0,0,0", "11:10": "-1,-1,-1", "12:6": "-1,-1,-1", "13:1000010": "-1,-1,-1", "2:4": "-1,-1,-1", "3:1000008": "-1,-1,-1", "4:1000005": "0,1,0", "6:1000003": "-1,-1,-1", "7:1000004": "-1,-1,-1", "9:1000002": "-1,-1,-1"}
mcp2k	104304	18255	0	1	13	57.9326	-77.3134	221.375	884	101	2	0	180.309	1.06945	1.19987	0.244147	180.309	1.06945	1.19987	180.309	180.309	180.309	180.309	51036.8	291	0.104099	3.57815e+07	0	0	393.463	0.166029	418.802	nu-candidate	1	2.9356453	-15.0	719.2706	10.975	8.417	1170924	{"10:1000003": "-1,-1,-1", "11:1000009": "-1,-1,-1", "12:1000004": "-1,-1,-1", "13:1000005": "0,0,1", "14:3": "-1,-1,-1", "3:0": "-1,-1,-1", "6:1000000": "-1,-1,-1", "8:1000001": "-1,-1,-1"}
mcp2k	104920	18255	0	1	9	-125.742	62.6922	337.994	1124	127	2	0	218.402	1.06123	0.458647	0.168113	202.693	1.05719	0.467999	202.693	202.693	202.693	202.693	49961.9	329	0.0183018	4.06382e+07	0	0	768.658	0.709462	464.547	nu-candidate	1	2.0984726	-13.694518	693.78784	12.779	9.364	1197380	{"10:1000013": "-1,-1,-1", "11:8": "-1,-1,-1", "12:0": "-1,-1,-1", "13:7": "-1,-1,-1", "14:1000009": "-1,-1,-1", "15:1000003": "-1,-1,-1", "1:2": "-1,-1,-1", "5:1000002": "-1,-1,-1", "7:4": "-1,-1,-1", "8:1000006": "-1,-1,-1", "9:3": "0,0,0"}
mcp2k	105316	18255	0	1	20	108.05	-38.7016	177.114	409	71	5	0	47.5848	1.06276	0.354568	0.0909109	32.1405	1.03273	0.269421	32.1405	0	32.1405	0	72720.5	44	0.155619	2.26873e+07	1	176.996	-1	-1	-1	nu-candidate	1	0.50740623	-4.230159	478.0108	13.438	7.837	1202752	{"10:1000009": "-1,-1,-1", "11:1000010": "-1,-1,-1", "14:1000014": "-1,-1,-1", "15:9": "-1,-1,-1", "16:5": "-1,-1,-1", "17:2": "-1,-1,-1", "18:1000007": "-1,-1,-1", "19:3": "-1,-1,-1", "1:15": "-1,-1,-1", "20:1000000": "0,0,1", "4:0": "-1,-1,-1", "5:6": "-1,-1,-1", "6:7": "-1,-1,-1", "7:12": "-1,-1,-1", "8:1000013": "-1,-1,-1"}
mcp2k	105426	18255	0	1	10	105.453	114.65	390.152	247	44	2	0	48.4907	1.0423	0.34265	0.189882	0	nan	nan	0	0	0	0	67814.3	45	0.289247	2.15839e+07	0	0	-1	-1	-1	nu-candidate	1	0.7168024	-15.0	369.92203	11.717	5.934	1167272	{"10:1000007": "0,0,1", "11:1000004": "-1,-1,-1", "12:3": "-1,-1,-1", "13:1": "-1,-1,-1", "14:1000006": "-1,-1,-1", "15:1000012": "-1,-1,-1", "16:1000002": "-1,-1,-1", "17:1000003": "-1,-1,-1", "1:7": "-1,-1,-1", "3:11": "-1,-1,-1", "4:1000017": "-1,-1,-1", "8:1000016": "-1,-1,-1"}
mcp2k	105492	18255	0	1	9	44.2936	-60.2071	172.145	168	24	3	1	12.8835	1.02113	0.295982	0.1	0	nan	nan	0	0	0	0	nan	0	0.132323	6.47252e+06	1	7.8469	-1	-1	-1	nu-candidate	1	-0.7960977	-15.0	214.50537	11.742	6.106	1165708	{"2:1": "-1,-1,-1", "4:0": "-1,-1,-1", "5:1000001": "-1,-1,-1", "6:1000000": "-1,-1,-1", "7:1000002": "-1,-1,-1", "8:7": "-1,-1,-1", "9:1000004": "0,0,1"}
mcp2k	157281	18259	0	1	7	-171.125	-1.93263	237.723	1407	187	2	0	223.963	1.04663	3.23779	0.185834	223.963	1.04663	3.23779	223.963	223.963	223.963	0	52464.1	337	0.284715	6.15933e+07	1	4.61185	444.873	0.0330763	480.383	nu-candidate	1	4.6233134	-15.0	759.86554	11.880	7.801	1173292	{"10:1000002": "-1,-1,-1", "11:4": "-1,-1,-1", "12:1000004": "-1,-1,-1", "13:3": "-1,-1,-1", "14:5": "-1,-1,-1", "15:6": "-1,-1,-1", "16:1000001": "-1,-1,-1", "2:0": "-1,-1,-1", "4:7": "-1,-1,-1", "7:2": "0,0,1"}
mcp2k	158227	18259	0	1	11	2.64586	-156.514	125.121	1201	144	1	0	228.811	1.06781	8.09424	0.212598	228.811	1.06781	8.09424	228.811	228.811	228.811	228.811	48087.3	373	0.0364372	3.81858e+07	1	0.961833	572.213	0.498114	519.663	nu-candidate	1	1.892566	-15.0	638.727	9.504	6.910	1187496	{"10:1000000": "-1,-1,-1", "11:1000004": "0,0,1", "12:1000003": "-1,-1,-1", "13:1000002": "-1,-1,-1", "14:1": "-1,-1,-1", "2:0": "-1,-1,-1", "4:3": "-1,-1,-1", "5:2": "-1,-1,-1", "7:1000007": "-1,-1,-1", "8:1000006": "-1,-1,-1"}
mcp2k	161725	18259	0	1	18	167.352	81.3465	69.2049	911	124	3	0	190.881	1.05981	1.13751	0.211639	190.881	1.05981	1.13751	190.881	162.763	190.881	162.763	50971.7	300	0.0822262	3.77711e+07	0	0	386.118	0.299627	380.127	cosmic-tagged	1	1.0113845	-15.0	625.16766	12.609	8.462	1184452	{"10:1000004": "-1,-1,-1", "11:1000006": "-1,-1,-1", "12:2": "-1,-1,-1", "13:1000001": "1,0,0", "2:6": "-1,-1,-1", "3:1": "-1,-1,-1", "7:1000005": "-1,-1,-1", "9:1000000": "-1,-1,-1"}
mcp2k	162143	18259	0	1	8	34.555	-50.4648	137.26	2062	261	8	1	426.745	1.05468	1.53969	0.229459	409.972	1.05579	1.59935	409.972	409.972	409.972	253.554	49429.3	600	0.104845	9.36367e+07	1	2.69146	808.433	0.0792343	833.142	nu-candidate	1	3.6773047	-15.0	1296.7958	21.621	16.430	1334748	{"10:0": "-1,-1,-1", "11:1000003": "-1,-1,-1", "12:4": "-1,-1,-1", "4:1000001": "-1,-1,-1", "5:1000002": "-1,-1,-1", "6:1000006": "-1,-1,-1", "7:5": "-1,-1,-1", "8:1000000": "0,0,0", "9:1000004": "-1,-1,-1"}
mcp2k	163771	18259	0	1	8	30.6136	21.033	445.89	361	75	2	1	107.619	1.04442	2.14398	0.157303	107.619	1.04442	2.14398	107.619	0	107.619	0	49485.5	170	0.0134031	2.09245e+07	1	2.32317	250.003	0.393145	265.761	nu-candidate	1	1.868846	-15.0	387.14465	9.648	5.928	1194800	{"10:6": "-1,-1,-1", "11:1000001": "-1,-1,-1", "12:2": "-1,-1,-1", "13:9": "-1,-1,-1", "14:1000008": "-1,-1,-1", "15:1000000": "-1,-1,-1", "1:1": "-1,-1,-1", "4:0": "-1,-1,-1", "6:5": "-1,-1,-1", "7:1000004": "-1,-1,-1", "8:1000005": "0,0,1", "9:1000009": "-1,-1,-1"}
mcp2k	165104	18259	0	1	9	75.0183	54.8064	362.648	530	117	2	1	95.25	1.00619	0.786664	0	0	nan	nan	0	0	0	0	55240.2	150	0.190018	2.45241e+07	1	8.86519	291.02	0.61266	240.285	nu-candidate	1	1.3647685	-15.0	393.37286	14.007	6.799	1253448	{"10:1000003": "-1,-1,-1", "11:1000002": "-1,-1,-1", "12:1000000": "-1,-1,-1", "13:1000001": "-1,-1,-1", "14:1000006": "-1,-1,-1", "15:9": "-1,-1,-1", "16:1": "-1,-1,-1", "17:3": "-1,-1,-1", "18:1000012": "-1,-1,-1", "1:7": "-1,-1,-1", "4:6": "-1,-1,-1", "6:1000013": "-1,-1,-1", "9:1000005": "0,0,1"}
mcp2k	165767	18259	0	1	7	180.247	-60.4919	136.094	371	88	4	1	74.5133	1.07456	2.13989	0.0256152	12.7245	1.10656	0.554092	12.7245	0	12.7245	0	nan	0	0.0377539	2.2588e+07	1	1.61543	-1	-1	-1	nu-candidate	1	0.13062617	-15.0	555.808	11.610	6.256	1147696	{"10:1000000": "-1,-1,-1", "11:1000001": "-1,-1,-1", "1:6": "-1,-1,-1", "4:0": "-1,-1,-1", "5:2": "-1,-1,-1", "7:1000002": "0,0,1", "8:1000003": "-1,-1,-1", "9:1": "-1,-1,-1"}
mcp2k	167351	18259	0	1	13	-117.3	85.3155	332.254	500	106	2	0	189.764	1.02904	1.10155	0.104762	189.764	1.02904	1.10155	375.886	0	375.886	0	50851.2	307	0.0217929	3.29043e+07	0	0	622.456	0.514801	440.035	nu-candidate	1	1.2640934	-15.0	1031.1298	13.916	8.175	1194472	{"10:1000003": "-1,-1,-1", "11:1000002": "-1,-1,-1", "12:1": "-1,-1,-1", "13:2": "0,0,0", "14:5": "-1,-1,-1", "1:3": "-1,-1,-1", "2:10": "-1,-1,-1", "4:8": "-1,-1,-1", "6:0": "-1,-1,-1", "8:1000000": "-1,-1,-1"}
mcp2k	168209	18259	0	1	11	94.3953	106.268	431.228	609	109	3	0	145.118	1.0389	0.538077	0.133397	78.6454	1.06456	0.674043	78.6454	78.6454	78.6454	78.6454	46833.3	122	0.0203319	3.36361e+07	1	35.5543	288.925	0.862302	204.009	nu-candidate	1	3.6899595	-15.0	922.9552	10.753	7.467	1254892	{"10:1000006": "-1,-1,-1", "11:1000004": "0,0,0", "12:6": "-1,-1,-1", "13:9": "-1,-1,-1", "14:1000000": "-1,-1,-1", "15:0": "-1,-1,-1", "3:3": "-1,-1,-1", "5:1000012": "-1,-1,-1", "7:1000003": "-1,-1,-1", "9:4": "-1,-1,-1"}
mcp2k	168448	18259	0	1	64	-15.2104	-13.3971	363.147	322	43	3	0	40.6458	1.10676	0.271125	0.197002	21.9367	1.03744	0.13922	21.9367	21.9367	21.9367	0	nan	0	0.101505	2.07707e+07	0	0	-1	-1	545.477	nu-candidate	1	1.3426349	-15.0	708.79016	11.269	7.199	1237632	{"10:1000010": "-1,-1,-1", "11:1000004": "-1,-1,-1", "13:1000001": "-1,-1,-1", "15:1000009": "-1,-1,-1", "16:1000005": "-1,-1,-1", "18:1000002": "-1,-1,-1", "19:11": "-1,-1,-1", "1:14": "-1,-1,-1", "20:0": "-1,-1,-1", "21:1000007": "-1,-1,-1", "22:1": "-1,-1,-1", "23:1000008": "0,0,1", "3:2": "-1,-1,-1", "7:3": "-1,-1,-1", "8:5": "-1,-1,-1"}
mcp2k	169152	18259	0	1	22	-126.472	-103.659	429.089	548	66	2	0	85.6767	1.06728	0.894313	0.212958	75.5638	1.06103	0.990421	75.5638	75.5638	75.5638	75.5638	59709.9	117	0.0659727	1.81162e+07	1	140.518	217.676	0.688174	198.093	nu-candidate	1	2.0163217	-15.0	496.22156	14.028	7.785	1294400	{"10:1000008": "-1,-1,-1", "11:1000007": "-1,-1,-1", "12:1000014": "-1,-1,-1", "13:1000009": "-1,-1,-1", "15:1000001": "-1,-1,-1", "18:1000006": "-1,-1,-1", "19:12": "-1,-1,-1", "1:5": "-1,-1,-1", "20:2": "-1,-1,-1", "21:1000004": "-1,-1,-1", "22:9": "0,0,0", "23:11": "-1,-1,-1", "24:7": "-1,-1,-1", "25:1000000": "-1,-1,-1", "26:1000002": "-1,-1,-1", "2:6": "-1,-1,-1", "5:1": "-1,-1,-1", "7:3": "-1,-1,-1", "9:0": "-1,-1,-1"}
mcp2k	169221	18259	0	1	15	10.9234	-0.925767	466.67	454	86	1	0	81.6791	1.01119	1.56199	0.00740741	0	nan	nan	0	0	0	0	53954	127	0.0862998	1.51335e+07	0	0	267.424	0.76404	211.668	nu-candidate	1	0.32800552	-15.0	322.45703	11.229	6.263	1232392	{"11:1000002": "-1,-1,-1", "13:1000005": "-1,-1,-1", "14:1": "-1,-1,-1", "15:1000009": "0,0,0", "16:3": "-1,-1,-1", "17:1000003": "-1,-1,-1", "18:2": "-1,-1,-1", "19:1000000": "-1,-1,-1", "2:11": "-1,-1,-1", "3:9": "-1,-1,-1", "4:4": "-1,-1,-1", "8:5": "-1,-1,-1"}
mcp2k	169240	18259	0	1	19	-12.1772	-1.6556	169.233	1586	161	2	1	355.138	1.07188	0.733969	0.257191	355.138	1.07188	0.733969	355.138	355.138	355.138	355.138	50707.6	583	0.189469	7.08544e+07	1	0.173327	780.599	0.0411575	793.435	nu-candidate	1	3.4005806	-15.0	1078.8582	18.667	12.567	1361436	{"11:1000002": "-1,-1,-1", "12:1000003": "-1,-1,-1", "13:1000007": "-1,-1,-1", "14:1000006": "-1,-1,-1", "15:1000011": "-1,-1,-1", "16:1000010": "-1,-1,-1", "17:1000008": "-1,-1,-1", "18:3": "-1,-1,-1", "19:6": "0,0,0", "20:1000005": "-1,-1,-1", "21:1000001": "-1,-1,-1", "22:1000000": "-1,-1,-1", "3:0": "-1,-1,-1", "4:4": "-1,-1,-1", "5:5": "-1,-1,-1", "6:1000012": "-1,-1,-1", "8:1000004": "-1,-1,-1"}
mcp2k	169966	18259	0	1	16	-16.6405	46.5013	121.691	31	9	1	1	0	nan	nan	nan	0	nan	nan	0	0	0	0	nan	0	0	1.20548e+06	1	4.76181	-1	-1	-1	nu-candidate	1	-3.3507812	-15.0	59.392334	8.868	5.974	1265636	{"10:1000003": "-1,-1,-1", "12:1000004": "-1,-1,-1", "13:0": "-1,-1,-1", "14:3": "-1,-1,-1", "15:2": "-1,-1,-1", "16:4": "0,0,1", "17:1000001": "-1,-1,-1", "18:1000002": "-1,-1,-1", "2:5": "-1,-1,-1", "3:10": "-1,-1,-1", "6:6": "-1,-1,-1"}
mcp2k	170076	18259	0	1	10	-15.4807	2.14425	31.4463	1996	200	3	0	343.345	1.06721	1.23824	0.248687	343.345	1.06721	1.23824	343.345	343.345	343.345	343.345	47330.7	563	0.153605	6.59931e+07	1	4.12221	866.963	0.282865	765.008	nu-candidate	1	3.7913969	-12.578286	1014.90704	20.512	16.236	1297644	{"10:2": "0,0,0", "11:8": "-1,-1,-1", "12:0": "-1,-1,-1", "2:5": "-1,-1,-1", "4:1000003": "-1,-1,-1", "6:1000000": "-1,-1,-1", "7:1000001": "-1,-1,-1", "8:1": "-1,-1,-1", "9:6": "-1,-1,-1"}
mcp2k	170098	18259	0	1	16	-51.7028	88.7426	345.527	499	85	2	0	100.547	1.03476	1.47809	0.108548	24.0665	1.02785	0.117791	24.0665	0	24.0665	0	58812.3	119	0.0636281	2.69112e+07	1	2.28192	187.704	0.424003	199.407	nu-candidate	1	2.5434844	-15.0	834.12836	13.595	7.804	1178420	{"10:1000002": "-1,-1,-1", "11:1000004": "-1,-1,-1", "12:1000000": "-1,-1,-1", "14:1000003": "-1,-1,-1", "15:2": "-1,-1,-1", "16:1": "0,0,1", "1:6": "-1,-1,-1", "2:0": "-1,-1,-1", "3:10": "-1,-1,-1", "6:3": "-1,-1,-1", "8:5": "-1,-1,-1", "9:4": "-1,-1,-1"}
mcp2k	170428	18259	0	1	14	6.04033	52.8414	263.394	1724	265	3	0	294.754	1.03639	1.07855	0.0856609	0	nan	nan	0	0	0	0	51980.7	453	0.271206	7.49805e+07	1	1.27517	668.662	0.196538	631.461	nu-candidate	1	3.871116	-15.0	852.95557	12.742	8.691	1201704	{"11:1000008": "-1,-1,-1", "13:1000006": "-1,-1,-1", "14:1000003": "0,0,1", "15:6": "-1,-1,-1", "16:4": "-1,-1,-1", "17:1000002": "-1,-1,-1", "18:1000010": "-1,-1,-1", "3:0": "-1,-1,-1", "5:1": "-1,-1,-1", "7:1000007": "-1,-1,-1", "9:1000005": "-1,-1,-1"}
mcp2k	170585	18259	0	1	11	191.762	143.894	407.325	164	30	2	0	21.1225	1.0263	0.0702661	0.147059	0	nan	nan	0	0	0	0	62632.7	26	0.103007	7.83202e+06	1	1.01921	-1	-1	-1	nu-candidate	1	1.7140025	-15.0	301.1288	9.842	5.906	1169560	{"11:1000003": "0,0,0", "12:1000005": "-1,-1,-1", "13:0": "-1,-1,-1", "14:1000002": "-1,-1,-1", "15:1000000": "-1,-1,-1", "16:1000006": "-1,-1,-1", "3:1": "-1,-1,-1", "5:1000009": "-1,-1,-1", "6:1000008": "-1,-1,-1", "8:1000001": "-1,-1,-1"}
mcp2k	171473	18259	0	1	3	-103.876	-114.052	339.822	30	9	1	1	0	nan	nan	nan	0	nan	nan	0	0	0	0	nan	0	0.000584258	1.42574e+06	0	0	-1	-1	-1	nu-candidate	1	-1.3273807	-15.0	136.23422	10.302	5.647	1174836	{"10:1000005": "-1,-1,-1", "11:1000006": "-1,-1,-1", "12:8": "-1,-1,-1", "13:1000001": "-1,-1,-1", "14:2": "-1,-1,-1", "15:3": "-1,-1,-1", "1:0": "-1,-1,-1", "3:5": "0,0,1", "5:4": "-1,-1,-1", "6:1000002": "-1,-1,-1", "7:1000008": "-1,-1,-1"}
mcp2k	171528	18259	0	1	17	32.7218	-196.057	412.209	156	30	2	0	34.8442	1.04115	0.275878	0.263158	34.8442	1.04115	0.275878	34.8442	0	34.8442	0	70522.4	49	0.235582	1.19337e+07	1	1.70436	-1	-1	-1	nu-candidate	1	-0.13733889	-15.0	357.59674	11.615	7.058	1172104	{"13:1000005": "-1,-1,-1", "15:6": "-1,-1,-1", "16:1000000": "-1,-1,-1", "17:1000004": "0,0,0", "18:1000001": "-1,-1,-1", "19:0": "-1,-1,-1", "20:10": "-1,-1,-1", "2:2": "-1,-1,-1", "4:1": "-1,-1,-1", "5:8": "-1,-1,-1", "7:1000015": "-1,-1,-1", "8:1000014": "-1,-1,-1"}
mcp2k	171616	18259	0	1	3	-189.135	-49.4003	234.79	909	146	1	0	151.948	1.03169	2.77572	0.027668	0	nan	nan	0	0	0	0	53716.9	245	0.433478	5.26556e+07	1	1.76822	359.071	0.0572742	358.667	nu-candidate	1	2.4313455	-15.0	562.75305	10.203	6.864	1210164	{"10:2": "-1,-1,-1", "13:1000006": "-1,-1,-1", "14:1000004": "-1,-1,-1", "15:1000005": "-1,-1,-1", "17:1": "-1,-1,-1", "18:8": "-1,-1,-1", "19:20": "-1,-1,-1", "20:0": "-1,-1,-1", "21:1000000": "-1,-1,-1", "22:1000007": "-1,-1,-1", "23:11": "-1,-1,-1", "24:7": "-1,-1,-1", "25:3": "-1,-1,-1", "26:1000009": "-1,-1,-1", "3:6": "0,0,1", "7:17": "-1,-1,-1"}
mcp2k	171729	18259	0	1	9	-9.08994	127.909	291.06	1044	154	5	0	173.899	1.04173	0.670438	0.1658	159.892	1.03379	0.707232	159.892	0	159.892	0	50638.1	255	0.296751	5.09442e+07	1	117.55	361.494	0.0504461	376.345	nu-candidate	1	3.565988	-11.799512	977.4282	10.623	8.225	1151312	{"10:1000002": "-1,-1,-1", "11:1000001": "-1,-1,-1", "2:1000008": "-1,-1,-1", "3:1000007": "-1,-1,-1", "4:1000006": "-1,-1,-1", "7:1000000": "-1,-1,-1", "8:3": "-1,-1,-1", "9:1000003": "0,0,1"}
mcp2k	171866	18259	0	1	15	-55.3983	-170.66	335.179	810	127	2	0	130.38	1.01549	0.369399	0.0418261	18.1122	1.01351	0.137891	18.1122	0	18.1122	0	50910	178	0.217483	3.76169e+07	1	1.67048	601.506	0.683017	276.173	nu-candidate	1	4.5951166	-15.0	555.7628	11.902	6.687	1173084	{"11:1000004": "-1,-1,-1", "12:1000002": "-1,-1,-1", "13:4": "-1,-1,-1", "14:0": "-1,-1,-1", "15:3": "0,0,0", "1:8": "-1,-1,-1", "2:7": "-1,-1,-1", "4:2": "-1,-1,-1", "5:1000007": "-1,-1,-1", "7:1000006": "-1,-1,-1", "9:1000003": "-1,-1,-1"}
mcp2k	172177	18259	0	1	7	-177.918	159.075	376.119	261	49	2	1	60.4765	1.03153	0.438994	0.13	60.4765	1.03153	0.438994	60.4765	0	60.4765	0	48763	92	0.0774188	1.4063e+07	1	4.25076	2064.82	0.976737	165.578	nu-candidate	1	3.647636	-15.0	442.9511	10.306	5.881	1151260	{"10:1000002": "-1,-1,-1", "5:1000000": "-1,-1,-1", "6:3": "-1,-1,-1", "7:1": "0,0,0", "8:1000001": "-1,-1,-1", "9:0": "-1,-1,-1"}
mcp2k	172344	18259	0	1	6	-79.3658	-185.112	477.662	410	67	3	0	67.3341	1.05947	0.318962	0.173757	25.408	1.07405	0.409149	25.408	0	25.408	0	54979.6	42	0.0632386	1.80559e+07	0	0	-1	-1	-1	nu-candidate	1	2.3421924	-15.0	574.68384	11.386	6.421	1155420	{"10:4": "-1,-1,-1", "11:3": "-1,-1,-1", "12:0": "-1,-1,-1", "2:9": "-1,-1,-1", "3:8": "-1,-1,-1", "6:5": "0,0,0", "7:1000005": "-1,-1,-1", "9:1000002": "-1,-1,-1"}
mcp2k	172617	18259	0	1	17	54.0284	119.333	339.511	979	156	3	0	189.643	1.01499	0.797885	0.0385016	11.5704	1.02697	0.165901	11.5704	11.5704	11.5704	11.5704	49126.2	288	0.36701	5.91259e+07	0	0	698.581	0.531442	415.833	nu-candidate	1	4.0204005	-15.0	823.2689	13.795	8.067	1207652	{"11:1000003": "-1,-1,-1", "13:1000002": "-1,-1,-1", "14:1000009": "-1,-1,-1", "15:1000004": "-1,-1,-1", "16:1000000": "-1,-1,-1", "17:1000006": "0,0,0", "2:13": "-1,-1,-1", "3:5": "-1,-1,-1", "4:10": "-1,-1,-1", "6:8": "-1,-1,-1", "7:4": "-1,-1,-1", "9:1000007": "-1,-1,-1"}
mcp2k	172762	18259	0	1	15	-12.0586	-157.188	127.565	1293	188	1	0	325.273	1.05751	0.931068	0.207024	325.273	1.05751	0.931068	325.273	325.273	325.273	0	49728.8	533	0.0109616	5.4662e+07	0	0	739.188	0.021249	728.7	nu-candidate	1	3.9574773	-15.0	854.5336	13.803	8.097	1219628	{"10:1000006": "-1,-1,-1", "11:1000008": "-1,-1,-1", "12:1000005": "-1,-1,-1", "13:1000004": "-1,-1,-1", "14:1000001": "-1,-1,-1", "15:1": "0,0,1", "1:4": "-1,-1,-1", "4:1000000": "-1,-1,-1", "6:1000003": "-1,-1,-1", "8:1000002": "-1,-1,-1", "9:0": "-1,-1,-1"}
mcp2k	172850	18259	0	1	12	193.139	68.6862	391.682	266	42	2	0	51.4082	1.0373	0.177898	0.152941	51.4082	1.0373	0.177898	51.4082	51.4082	51.4082	0	58641.8	77	0.192687	1.5319e+07	0	0	599.025	0.924929	146.15	nu-candidate	1	2.6030452	-15.0	340.27368	9.935	5.809	1200080	{"10:1000006": "-1,-1,-1", "12:1000003": "0,0,0", "14:1000002": "-1,-1,-1", "15:7": "-1,-1,-1", "16:1000000": "-1,-1,-1", "17:1000001": "-1,-1,-1", "2:0": "-1,-1,-1", "3:5": "-1,-1,-1", "5:2": "-1,-1,-1", "7:3": "-1,-1,-1", "8:1000010": "-1,-1,-1"}
mcp2k	173108	18259	0	1	25	-100.464	178.041	12.2898	166	31	2	0	36.9702	1.02743	0.613521	0.0983607	36.9702	1.02743	0.613521	36.9702	36.9702	36.9702	0	51342	53	0.039011	9.45469e+06	1	0.714781	-1	-1	-1	nu-candidate	1	2.640032	-15.0	309.65668	12.046	7.202	1391768	{"10:7": "-1,-1,-1", "11:4": "-1,-1,-1", "13:17": "-1,-1,-1", "14:6": "-1,-1,-1", "17:1000002": "-1,-1,-1", "19:1000004": "-1,-1,-1", "21:1000005": "-1,-1,-1", "22:1000012": "-1,-1,-1", "23:1000000": "-1,-1,-1", "24:1000009": "-1,-1,-1", "25:8": "0,0,0", "26:1000003": "-1,-1,-1", "27:2": "-1,-1,-1", "28:1000010": "-1,-1,-1", "29:3": "-1,-1,-1", "2:5": "-1,-1,-1", "30:1000006": "-1,-1,-1", "3:9": "-1,-1,-1", "6:0": "-1,-1,-1", "8:1": "-1,-1,-1"}
mcp2k	173340	18259	0	1	7	-66.1402	187.686	43.7165	353	37	2	0	88.2275	1.05508	0.315388	0.212329	88.2275	1.05508	0.315388	88.2275	88.2275	88.2275	88.2275	54732.9	138	0.208444	1.75641e+07	1	2.22801	269.353	0.889539	224.908	nu-candidate	1	0.11584459	-15.0	358.84454	10.485	6.381	1181696	{"10:5": "-1,-1,-1", "11:9": "-1,-1,-1", "12:1000017": "-1,-1,-1", "13:1000016": "-1,-1,-1", "14:1000000": "-1,-1,-1", "16:1000005": "-1,-1,-1", "17:1000004": "-1,-1,-1", "18:6": "-1,-1,-1", "19:1000003": "-1,-1,-1", "20:4": "-1,-1,-1", "2:11": "-1,-1,-1", "3:14": "-1,-1,-1", "5:2": "-1,-1,-1", "6:3": "-1,-1,-1", "7:8": "0,0,0", "8:7": "-1,-1,-1"}
mcp2k	173438	18259	0	1	5	-192.508	-78.114	177.87	10	6	1	1	0	nan	nan	nan	0	nan	nan	0	0	0	0	nan	0	0.0893233	151517	1	1.29425	-1	-1	-1	nu-candidate	1	-1.2257679	-15.0	109.45845	10.410	5.380	1164952	{"11:1000000": "-1,-1,-1", "12:1000002": "-1,-1,-1", "13:1000005": "-1,-1,-1", "14:2": "-1,-1,-1", "15:1000001": "-1,-1,-1", "2:0": "-1,-1,-1", "4:1": "-1,-1,-1", "5:6": "0,0,1", "6:1000004": "-1,-1,-1", "9:1000003": "-1,-1,-1"}
mcp2k	173620	18259	0	1	11	29.0824	132.016	150.638	515	81	3	0	118.771	1.03675	1.41469	0.147752	106.191	1.03709	1.5485	106.191	106.191	106.191	106.191	77630	168	0.0483192	3.58877e+07	1	4.23366	464.153	0.86134	263.358	nu-candidate	1	0.6461585	-15.0	384.67938	12.386	7.080	1187916	{"10:1000002": "-1,-1,-1", "11:1000003": "0,0,1", "12:1000007": "-1,-1,-1", "13:1000010": "-1,-1,-1", "14:1000006": "-1,-1,-1", "1:5": "-1,-1,-1", "5:1000009": "-1,-1,-1", "8:2": "-1,-1,-1", "9:1000005": "-1,-1,-1"}
mcp2k	173643	18259	0	1	3	-105.19	-114.912	391.956	948	142	1	0	144.648	1.02996	0.89426	0.129167	0	nan	nan	0	0	0	0	50012.3	232	0.163938	2.89153e+07	1	17.9435	822.88	0.721892	342.547	nu-candidate	1	2.7120967	-15.0	578.8967	14.777	6.564	1202368	{"10:1000005": "-1,-1,-1", "12:1000001": "-1,-1,-1", "14:1000002": "-1,-1,-1", "15:4": "-1,-1,-1", "16:3": "-1,-1,-1", "17:1000004": "-1,-1,-1", "3:1": "0,0,0", "5:9": "-1,-1,-1", "7:1000008": "-1,-1,-1", "8:1000000": "-1,-1,-1"}
mcp2k	173671	18259	0	1	7	1.85949	-105.844	105.893	1922	309	1	0	371.148	1.01334	4.81036	0.0405186	0	nan	nan	0	0	0	0	51565.3	609	0.367389	1.01278e+08	0	0	900.817	0.0372572	840.232	nu-candidate	1	3.3174603	-15.0	961.3702	14.748	7.662	1231168	{"10:1000004": "-1,-1,-1", "12:1": "-1,-1,-1", "13:1000001": "-1,-1,-1", "14:7": "-1,-1,-1", "15:2": "-1,-1,-1", "16:1000012": "-1,-1,-1", "17:1000009": "-1,-1,-1", "2:6": "-1,-1,-1", "3:0": "-1,-1,-1", "4:5": "-1,-1,-1", "5:4": "-1,-1,-1", "7:1000000": "0,0,0"}
mcp2k	173912	18259	0	1	2	-181.379	157.057	456.925	231	46	1	0	50.2071	1.01894	0.330865	0.0481928	50.2071	1.01894	0.330865	50.2071	0	50.2071	0	51810.2	75	0.380735	1.61367e+07	1	2.11005	717.3	0.932341	144.262	nu-candidate	1	0.9172212	-15.0	260.02695	10.785	5.938	1156080	{"10:0": "-1,-1,-1", "11:4": "-1,-1,-1", "2:7": "0,0,0", "6:1000000": "-1,-1,-1", "8:1000001": "-1,-1,-1", "9:5": "-1,-1,-1"}
mcp2k	174164	18259	0	1	16	11.0919	-98.6577	238.241	1665	195	6	0	288.788	1.05927	5.13213	0.200516	288.788	1.05927	5.13213	288.788	288.788	288.788	0	50287.1	437	0.150827	6.97051e+07	1	54.8178	576.265	0.00667877	605.711	nu-candidate	1	4.915933	-15.0	1034.3975	20.993	15.337	1178632	{"11:1000006": "-1,-1,-1", "14:1000000": "-1,-1,-1", "15:1000010": "-1,-1,-1", "16:1000003": "0,0,1", "17:1000005": "-1,-1,-1", "1:2": "-1,-1,-1", "2:8": "-1,-1,-1", "3:0": "-1,-1,-1", "5:7": "-1,-1,-1", "8:1000002": "-1,-1,-1"}
mcp2k	174352	18259	0	1	11	-83.5489	-77.0995	238.72	599	59	4	1	78.0178	1.09277	1.21308	0.32804	67.8934	1.08762	1.33047	67.8934	67.8934	67.8934	67.8934	50596.8	104	0.068593	2.22035e+07	1	21.0201	206.364	0.854478	180.666	nu-candidate	1	2.7910495	-15.0	649.3884	12.247	6.926	1176892	{"10:9": "-1,-1,-1", "11:3": "0,0,1", "12:5": "-1,-1,-1", "13:1000004": "-1,-1,-1", "14:1000005": "-1,-1,-1", "1:6": "-1,-1,-1", "2:4": "-1,-1,-1", "3:1000012": "-1,-1,-1", "5:1000006": "-1,-1,-1", "6:1000011": "-1,-1,-1", "9:1000001": "-1,-1,-1"}
mcp2k	174771	18259	0	1	15	142.609	47.4412	222.039	2805	315	10	0	319.187	1.05545	0.671498	0.20993	319.187	1.05545	0.671498	319.187	204.813	319.187	0	49755.4	466	0.225634	1.00298e+08	1	208.212	754.535	0.443174	666.365	nu-candidate	1	2.1818037	-10.938861	933.0387	21.623	18.311	1309792	{"10:1000003": "-1,-1,-1", "12:1000007": "-1,-1,-1", "13:1000006": "-1,-1,-1", "14:1000002": "-1,-1,-1", "15:1000000": "0,0,0", "16:0": "-1,-1,-1", "17:1": "-1,-1,-1", "18:1000009": "-1,-1,-1", "19:1000001": "-1,-1,-1", "2:3": "-1,-1,-1", "4:1000013": "-1,-1,-1", "7:1000008": "-1,-1,-1", "8:1000004": "-1,-1,-1"}
mcp2k	174795	18259	0	1	19	-51.4329	-195.85	381.642	973	147	2	0	211.646	1.05572	1.57131	0.215909	211.646	1.05572	1.57131	211.646	0	211.646	0	51838.6	344	0.164541	4.43745e+07	1	2.2278	469.749	0.121201	487.449	nu-candidate	1	2.5446482	-15.0	602.52435	10.091	7.393	1222912	{"11:1000002": "-1,-1,-1", "16:1000003": "-1,-1,-1", "17:1000005": "-1,-1,-1", "18:5": "-1,-1,-1", "19:6": "0,0,1", "1:0": "-1,-1,-1", "20:1000001": "-1,-1,-1", "21:1000000": "-1,-1,-1", "22:1000004": "-1,-1,-1", "2:3": "-1,-1,-1", "4:1": "-1,-1,-1", "6:4": "-1,-1,-1", "8:1000015": "-1,-1,-1", "9:1000007": "-1,-1,-1"}
mcp2k	174993	18259	0	1	7	104.331	-157.597	235.863	500	84	3	1	145.528	1.0443	1.1597	0.154185	133.341	1.04053	1.24507	133.341	133.341	133.341	0	54671.1	213	0.017461	2.89426e+07	0	0	368.783	0.506293	320.091	nu-candidate	1	2.187885	-15.0	493.64526	8.749	6.502	1142572	{"10:8": "-1,-1,-1", "11:4": "-1,-1,-1", "12:7": "-1,-1,-1", "13:1000010": "-1,-1,-1", "14:1000011": "-1,-1,-1", "15:1000001": "-1,-1,-1", "2:0": "-1,-1,-1", "3:1": "-1,-1,-1", "5:3": "-1,-1,-1", "6:1000002": "-1,-1,-1", "7:1000006": "0,0,1", "8:9": "-1,-1,-1", "9:1000004": "-1,-1,-1"}
mcp2k	175057	18259	0	1	13	128.659	-24.3611	282.113	1238	233	5	0	278.46	1.03533	0.359487	0.138407	230.233	1.04187	0.355245	230.233	0	230.233	0	51703.9	366	0.269938	8.33488e+07	0	0	2988	0.959713	524.934	nu-candidate	1	4.8756824	-15.0	965.1012	13.854	10.212	1295968	{"10:1000011": "-1,-1,-1", "12:1000003": "-1,-1,-1", "13:1000002": "0,0,0", "14:1000012": "-1,-1,-1", "15:1000007": "-1,-1,-1", "16:1": "-1,-1,-1", "17:3": "-1,-1,-1", "18:1000000": "-1,-1,-1", "1:17": "-1,-1,-1", "3:5": "-1,-1,-1", "5:2": "-1,-1,-1", "7:0": "-1,-1,-1", "9:1000009": "-1,-1,-1"}
mcp2k	175893	18259	0	1	11	164.84	67.0146	386.729	294	41	2	1	20.8166	1.13637	0.280275	0.323529	0	nan	nan	0	0	0	0	nan	0	0.482805	9.46048e+06	1	58.9283	-1	-1	-1	nu-candidate	1	-0.6830569	-15.0	297.29688	9.508	6.141	1193688	{"10:1000005": "-1,-1,-1", "11:1000004": "0,0,1", "14:1000006": "-1,-1,-1", "15:4": "-1,-1,-1", "16:1000008": "-1,-1,-1", "17:12": "-1,-1,-1", "18:1": "-1,-1,-1", "19:3": "-1,-1,-1", "20:1000000": "-1,-1,-1", "2:10": "-1,-1,-1", "4:0": "-1,-1,-1", "7:6": "-1,-1,-1", "9:1000002": "-1,-1,-1"}
mcp2k	175952	18259	0	1	10	-156.607	-32.6836	230.234	2914	313	10	1	368.248	1.07048	5.38069	0.212594	340.569	1.07344	5.7899	309.474	309.474	340.569	309.474	50250.9	507	0.0747464	8.60798e+07	1	20.6377	674.59	0.0386327	693.016	nu-candidate	1	3.8982003	-11.821339	1517.5308	22.871	20.527	1185892	{"10:0": "0,0,1", "11:3": "-1,-1,-1", "2:4": "-1,-1,-1", "4:5": "-1,-1,-1", "6:2": "-1,-1,-1", "9:1000001": "-1,-1,-1"}
mcp2k	176502	18259	0	1	23	141.998	-44.7261	152.524	1249	128	10	2	105.243	1.23386	1.19534	0.32468	49.7551	1.27755	1.64316	0	0	49.7551	0	nan	0	0.695303	7.83024e+07	1	586.951	740.544	0.808023	379.236	nu-candidate	1	-1.2596818	-2.877581	2660.4846	90.991	89.094	1509980	{"10:1000003": "-1,-1,-1", "12:1000005": "-1,-1,-1", "14:1000006": "-1,-1,-1", "16:1000010": "-1,-1,-1", "17:1": "-1,-1,-1", "18:1000002": "-1,-1,-1", "19:3": "-1,-1,-1", "1:9": "-1,-1,-1", "20:1000000": "0,0,1", "2:0": "-1,-1,-1", "4:2": "-1,-1,-1", "5:8": "-1,-1,-1", "7:1000007": "-1,-1,-1", "9:1000009": "-1,-1,-1"}
mcp2k	176707	18259	0	1	18	-114.476	-112.744	287.325	21	7	1	1	0	nan	nan	nan	0	nan	nan	0	0	0	0	nan	0	0.037011	582881	1	3.76881	-1	-1	-1	nu-candidate	1	-2.3844705	-15.0	17.920868	8.432	5.355	1144724	{"10:4": "-1,-1,-1", "12:1000007": "-1,-1,-1", "13:1000001": "-1,-1,-1", "15:1000000": "-1,-1,-1", "16:3": "-1,-1,-1", "17:7": "-1,-1,-1", "18:6": "0,0,1", "3:5": "-1,-1,-1", "5:2": "-1,-1,-1", "6:13": "-1,-1,-1", "8:1": "-1,-1,-1", "9:8": "-1,-1,-1"}
mcp2k	177366	18259	0	1	12	98.9462	-127.31	483.293	320	50	3	0	55.2977	1.0301	0.187074	0.201944	10.6475	1.03775	0.0572216	10.6475	10.6475	10.6475	10.6475	51271.7	32	0.129278	1.9111e+07	1	7.81923	-1	-1	-1	nu-candidate	1	2.4429188	-15.0	513.8379	10.399	7.546	1246320	{"10:1000000": "-1,-1,-1", "12:1000007": "0,0,0", "14:1000003": "-1,-1,-1", "16:1000001": "-1,-1,-1", "18:1000009": "-1,-1,-1", "19:1000002": "-1,-1,-1", "1:12": "-1,-1,-1", "20:1000005": "-1,-1,-1", "2:9": "-1,-1,-1", "4:0": "-1,-1,-1", "6:3": "-1,-1,-1", "8:7": "-1,-1,-1"}
mcp2k	177536	18259	0	1	85	56.8368	48.2089	172.222	617	117	2	0	122.089	1.0157	0.120703	0.0545901	0	nan	nan	0	0	0	0	49757.1	154	0.203478	3.25684e+07	0	0	907.64	0.00778005	903.141	nu-candidate	1	3.1036184	-15.0	1248.3099	12.650	10.065	1260440	{"10:1000008": "-1,-1,-1", "12:1000005": "-1,-1,-1", "14:1000002": "-1,-1,-1", "16:1000003": "-1,-1,-1", "17:2": "0,0,1", "18:1000001": "-1,-1,-1", "19:1000000": "-1,-1,-1", "1:9": "-1,-1,-1", "2:0": "-1,-1,-1", "4:7": "-1,-1,-1", "6:5": "-1,-1,-1", "8:1": "-1,-1,-1"}
mcp2k	177939	18259	0	0																						nan	nan		nan	nan	nan	nan	cosmic-tagged	0				6.154	1.183	380720	{"10:4": "-1,-1,-1", "11:7": "0,1,0", "12:1000000": "-1,-1,-1", "13:1000001": "-1,-1,-1", "14:5": "-1,-1,-1", "15:1000003": "-1,-1,-1", "1:8": "-1,-1,-1", "4:2": "-1,-1,-1", "6:1000008": "-1,-1,-1", "7:1000007": "-1,-1,-1"}
mcp2k	177961	18259	0	1	11	17.2613	143.458	485.246	236	42	3	0	19.2126	1.02214	0.480512	0.0967742	0	nan	nan	0	0	0	0	nan	0	0.0802595	1.56289e+07	0	0	-1	-1	-1	nu-candidate	1	0.7554002	-15.0	409.20483	9.252	5.898	1178292	{"10:1000006": "-1,-1,-1", "11:1000005": "0,0,1", "12:1000003": "-1,-1,-1", "13:1000001": "-1,-1,-1", "14:1000004": "-1,-1,-1", "15:10": "-1,-1,-1", "16:0": "-1,-1,-1", "17:9": "-1,-1,-1", "2:5": "-1,-1,-1", "6:3": "-1,-1,-1", "7:16": "-1,-1,-1", "9:1000015": "-1,-1,-1"}
mcp2k	178350	18259	0	0																						nan	nan		nan	nan	nan	nan	cosmic-tagged	0				5.173	1.853	451692	{"11:1000005": "-1,-1,-1", "13:1000006": "-1,-1,-1", "14:0": "-1,-1,-1", "15:7": "0,1,0", "16:5": "-1,-1,-1", "17:1000009": "-1,-1,-1", "18:1": "-1,-1,-1", "19:3": "-1,-1,-1", "1:12": "-1,-1,-1", "20:1000008": "-1,-1,-1", "4:10": "-1,-1,-1", "7:1000007": "-1,-1,-1"}
mcp2k	178570	18259	0	1	19	-64.6698	-137.341	457.789	469	76	3	0	96.0858	1.03586	0.215695	0.164542	52.827	1.03789	0.303967	52.827	52.827	52.827	52.827	51120.2	79	0.0215561	3.20625e+07	1	17.5586	266.303	0.903669	149.158	nu-candidate	1	2.5691478	-15.0	676.08777	11.727	7.050	1193044	{"12:1000003": "-1,-1,-1", "15:1000005": "-1,-1,-1", "16:14": "-1,-1,-1", "17:1000000": "-1,-1,-1", "18:1000001": "-1,-1,-1", "19:8": "0,0,0", "20:0": "-1,-1,-1", "21:3": "-1,-1,-1", "2:4": "-1,-1,-1", "4:5": "-1,-1,-1", "7:1": "-1,-1,-1"}
mcp2k	178841	18259	0	1	12	-183.913	155.184	96.0747	1900	216	3	0	386.627	1.05752	1.00711	0.239867	386.627	1.05752	1.00711	386.627	386.627	386.627	386.627	50718.3	626	0.338755	9.62648e+07	0	0	837.104	0.0510595	866.932	nu-candidate	1	4.253815	-15.0	1003.4746	19.435	14.954	1255228	{"10:0": "-1,-1,-1", "11:6": "-1,-1,-1", "12:3": "0,0,1", "13:1": "-1,-1,-1", "1:9": "-1,-1,-1", "2:8": "-1,-1,-1", "4:4": "-1,-1,-1", "5:2": "-1,-1,-1", "6:1000009": "-1,-1,-1", "7:1000000": "-1,-1,-1", "8:1000002": "-1,-1,-1", "9:1000005": "-1,-1,-1"}
mcp2k	178966	18259	0	1	-1	nan	nan	nan	0	0	0	0	0	nan	nan	nan	0	nan	nan	0	0	0	0	nan	0	nan	nan	0	0	-1	-1	-1	cosmic-tagged	1	-1.9416895	-15.0	0.0	7.695	4.490	788956	{"11:1000006": "-1,-1,-1", "12:1000001": "-1,-1,-1", "13:1000004": "-1,-1,-1", "14:0": "-1,-1,-1", "15:1000000": "-1,-1,-1", "16:8": "-1,-1,-1", "17:4": "-1,-1,-1", "18:1": "-1,-1,-1", "19:2": "1,0,0", "6:5": "-1,-1,-1", "9:1000002": "-1,-1,-1"}
mcp2k	179048	18259	0	1	17	164.849	105.26	152.031	1652	230	8	2	306.134	1.03321	1.08448	0.0984361	306.134	1.03321	1.08448	306.134	306.134	306.134	92.3863	50988	492	0.200144	7.30684e+07	1	7.46814	497.384	0.269807	492.647	nu-candidate	1	2.558695	-15.0	967.64026	15.996	12.247	1275676	{"12:1000002": "-1,-1,-1", "14:1000004": "-1,-1,-1", "15:1000007": "-1,-1,-1", "16:0": "-1,-1,-1", "17:1000001": "0,0,1", "18:14": "-1,-1,-1", "19:1": "-1,-1,-1", "1:9": "-1,-1,-1", "3:2": "-1,-1,-1", "7:3": "-1,-1,-1", "8:1000014": "-1,-1,-1", "9:1000010": "-1,-1,-1"}
mcp2k	179054	18259	0	1	22	-124.189	5.89036	217.559	1219	180	3	1	188.533	1.03551	0.647551	0.124871	112.827	1.04155	0.474349	112.827	112.827	112.827	112.827	nan	0	0.193132	7.01422e+07	1	14.0113	666.342	0.848499	204.377	nu-candidate	1	-0.2263564	-15.0	1127.2045	15.072	10.954	1310244	{"10:3": "-1,-1,-1", "12:1000017": "-1,-1,-1", "13:1000004": "-1,-1,-1", "15:1000001": "-1,-1,-1", "17:1000003": "-1,-1,-1", "18:1000006": "-1,-1,-1", "19:1000005": "0,0,0", "1:13": "-1,-1,-1", "20:1000007": "-1,-1,-1", "21:1000002": "-1,-1,-1", "22:1": "0,0,1", "23:4": "-1,-1,-1", "24:1000016": "-1,-1,-1", "2:8": "-1,-1,-1", "4:0": "-1,-1,-1", "6:2": "-1,-1,-1", "7:11": "-1,-1,-1", "8:5": "-1,-1,-1"}
mcp2k	179604	18259	0	1	11	-180.334	163.472	35.6785	2587	278	5	0	452.42	1.07046	3.11898	0.242135	422.962	1.07178	3.3152	422.962	422.962	422.962	422.962	53184.4	696	0.118031	9.42499e+07	1	3.52286	916.581	0.0217912	941.98	nu-candidate	1	5.749968	-15.0	1468.9944	21.684	18.466	1296804	{"10:1": "-1,-1,-1", "11:0": "0,0,1", "12:3": "-1,-1,-1", "13:1000000": "-1,-1,-1", "1:6": "-1,-1,-1", "2:4": "-1,-1,-1", "8:1000004": "-1,-1,-1"}
mcp2k	179752	18259	0	1	15	-183.978	-15.4569	43.0773	706	79	4	0	83.9083	1.04954	0.483868	0.173855	64.4299	1.06029	0.542424	64.4299	64.4299	64.4299	64.4299	nan	0	0.10629	3.30938e+07	1	44.8957	-1	-1	-1	nu-candidate	1	0.7676009	-15.0	698.3657	11.138	8.649	1178388	{"10:1000004": "-1,-1,-1", "11:3": "-1,-1,-1", "12:1000001": "-1,-1,-1", "13:1000010": "-1,-1,-1", "14:7": "-1,-1,-1", "15:0": "0,0,0", "1:1": "-1,-1,-1", "5:2": "-1,-1,-1", "7:1000000": "-1,-1,-1", "8:1000003": "-1,-1,-1"}
mcp2k	179765	18259	0	1	4	148.688	29.8875	419.658	621	109	2	0	108.191	1.03048	0.117722	0.122777	86.3418	1.03758	0.120158	86.3418	0	86.3418	0	51249.3	135	0.181033	3.01168e+07	0	0	2160.97	0.958318	219.033	nu-candidate	1	3.0439308	-15.0	517.8919	7.883	7.108	1159348	{"10:1000001": "-1,-1,-1", "2:0": "-1,-1,-1", "4:1000002": "0,0,0", "5:1000006": "-1,-1,-1", "6:1000005": "-1,-1,-1", "7:1": "-1,-1,-1", "8:3": "-1,-1,-1", "9:1000000": "-1,-1,-1"}
mcp2k	179897	18259	0	1	24	14.0138	116.194	217.767	872	122	3	0	140.315	1.03968	1.2519	0.103915	84.4732	1.05024	1.86779	84.4732	84.4732	84.4732	84.4732	nan	0	0.193667	4.62469e+07	1	169.539	-1	-1	-1	nu-candidate	1	1.1075766	-15.0	989.59595	10.887	10.210	1238000	{"10:2": "-1,-1,-1", "11:3": "-1,-1,-1", "13:0": "-1,-1,-1", "14:1": "-1,-1,-1", "16:6": "-1,-1,-1", "17:1000008": "-1,-1,-1", "18:1000005": "-1,-1,-1", "1:13": "-1,-1,-1", "20:1000001": "-1,-1,-1", "21:1000009": "-1,-1,-1", "22:9": "-1,-1,-1", "23:1000004": "-1,-1,-1", "24:1000007": "0,0,1", "3:5": "-1,-1,-1", "4:16": "-1,-1,-1", "5:17": "-1,-1,-1", "7:11": "-1,-1,-1", "8:8": "-1,-1,-1"}
mcp2k	179912	18259	0	1	1	-184.9	114.383	346.268	459	62	2	0	93.1601	1.07483	2.45015	0.266234	93.1601	1.07483	2.45015	93.1601	93.1601	93.1601	0	43223	146	0.0209398	2.07756e+07	1	9.60258	250.658	0.628986	233.653	nu-candidate	1	2.078674	-15.0	463.12302	7.845	7.025	1232692	{"11:1000003": "-1,-1,-1", "12:1000004": "-1,-1,-1", "13:5": "-1,-1,-1", "14:4": "-1,-1,-1", "15:0": "-1,-1,-1", "1:7": "0,0,0", "3:2": "-1,-1,-1", "6:1000015": "-1,-1,-1", "9:1000007": "-1,-1,-1"}
mcp2k	180117	18259	0	1	12	-181.327	-25.5936	231.932	2321	407	5	0	418.696	1.02354	1.01411	0.0393025	13.698	1.0286	0.0896156	13.698	0	13.698	0	49898.9	651	0.321162	1.1343e+08	1	1.91204	966.288	0.0817906	915.798	nu-candidate	1	5.8234773	-15.0	1373.4025	13.543	10.804	1248324	{"10:1000004": "-1,-1,-1", "11:1000001": "-1,-1,-1", "12:2": "0,0,0", "13:1000003": "-1,-1,-1", "1:11": "-1,-1,-1", "2:0": "-1,-1,-1", "3:12": "-1,-1,-1", "6:1": "-1,-1,-1", "7:9": "-1,-1,-1", "8:1000014": "-1,-1,-1"}
mcp2k	180403	18259	0	1	7	-184.548	42.0353	6.03464	901	127	4	0	127.227	1.05991	0.738583	0.21327	127.227	1.05991	0.738583	127.227	127.227	127.227	0	54241.8	203	0.174885	3.43921e+07	0	0	952.095	0.900243	302.018	nu-candidate	1	3.1429322	-15.0	809.681	9.791	7.499	1196620	{"11:1000007": "-1,-1,-1", "12:1000005": "-1,-1,-1", "15:1000000": "-1,-1,-1", "16:1000004": "-1,-1,-1", "17:4": "-1,-1,-1", "18:5": "-1,-1,-1", "19:6": "-1,-1,-1", "1:7": "-1,-1,-1", "3:3": "-1,-1,-1", "5:0": "-1,-1,-1", "7:2": "0,0,0", "9:1": "-1,-1,-1"}
mcp2k	180544	18259	0	1	10	-178.606	-26.7313	277.329	279	53	4	0	26.258	1.02145	0.490462	0.0465116	0	nan	nan	0	0	0	0	73170.1	35	0.0597104	2.01398e+07	1	7.66653	-1	-1	-1	nu-candidate	1	0.6380351	-15.0	529.0791	8.483	5.436	1169596	{"10:0": "0,0,1", "11:1": "-1,-1,-1", "1:9": "-1,-1,-1", "4:2": "-1,-1,-1", "6:1000000": "-1,-1,-1", "8:4": "-1,-1,-1", "9:1000003": "-1,-1,-1"}
mcp2k	180698	18259	0	1	11	-158.643	183.392	0.966935	2203	235	3	0	281.569	1.05616	0.234585	0.231551	264.706	1.05616	0.21419	264.706	264.706	264.706	0	51376.3	423	0.0718099	5.35896e+07	0	0	772.661	0.716156	599.998	nu-candidate	1	-5.220951	-15.0	762.60736	13.265	9.197	1175308	{"10:1000001": "-1,-1,-1", "11:1": "0,0,0", "12:1000010": "-1,-1,-1", "1:7": "-1,-1,-1", "4:1000009": "-1,-1,-1", "5:1000006": "-1,-1,-1", "7:1000003": "-1,-1,-1", "8:1000004": "-1,-1,-1", "9:1000000": "-1,-1,-1"}
mcp2k	181050	18259	0	1	15	-72.7253	155.758	492.021	357	64	2	1	47.8672	1.10587	1.92667	0.177215	0	nan	nan	0	0	0	0	50428	71	0.307662	1.40324e+07	1	103.905	84.3574	0.738606	137.798	nu-candidate	1	-0.08861174	-15.0	475.3385	12.018	6.778	1205440	{"10:1000002": "-1,-1,-1", "11:1000004": "-1,-1,-1", "12:1": "-1,-1,-1", "13:0": "-1,-1,-1", "14:1000001": "-1,-1,-1", "15:6": "0,0,1", "16:4": "-1,-1,-1", "1:5": "-1,-1,-1", "3:8": "-1,-1,-1", "4:3": "-1,-1,-1", "7:1000003": "-1,-1,-1"}
mcp2k	236192	18259	0	1	10	121.629	-158.056	180.16	601	115	2	0	98.3528	1.01155	1.07699	0.0122699	0	nan	nan	0	0	0	0	56273.2	155	0.2543	2.74768e+07	1	26.9737	259.468	0.461756	246.829	nu-candidate	1	3.5612738	-15.0	391.47516	10.919	5.859	1202272	{"10:1000007": "0,0,1", "11:1": "-1,-1,-1", "1:2": "-1,-1,-1", "3:3": "-1,-1,-1", "5:1000000": "-1,-1,-1", "7:1000004": "-1,-1,-1", "8:1000002": "-1,-1,-1", "9:1000001": "-1,-1,-1"}
mcp2k	236610	18259	0	1	12	157.622	28.9981	485.978	191	25	2	0	58.2284	1.22899	0.605746	0.263189	58.2284	1.22899	0.605746	58.2284	58.2284	58.2284	40.3557	36301.6	58	0.104179	1.3683e+07	0	0	42.5954	0.919164	116.5	nu-candidate	1	0.4824632	-15.0	448.35925	12.389	6.169	1233880	{"11:1000009": "-1,-1,-1", "12:1000006": "0,0,0", "13:3": "-1,-1,-1", "14:1000004": "-1,-1,-1", "15:1000007": "-1,-1,-1", "16:4": "-1,-1,-1", "17:1000002": "-1,-1,-1", "18:1000003": "-1,-1,-1", "19:2": "-1,-1,-1", "3:6": "-1,-1,-1", "6:1000010": "-1,-1,-1"}
mcp2k	237292	18259	0	1	10	-68.1214	-69.4245	375.643	481	87	4	1	73.2967	1.0223	0.457839	0.0747086	0	nan	nan	0	0	0	0	70029.7	105	0.238874	2.49538e+07	1	6.728	-1	-1	-1	nu-candidate	1	1.6135596	-15.0	417.60358	12.909	7.465	1202212	{"10:4": "0,0,1", "11:1000001": "-1,-1,-1", "12:1000007": "-1,-1,-1", "2:2": "-1,-1,-1", "4:1000002": "-1,-1,-1", "6:1000006": "-1,-1,-1", "7:1000004": "-1,-1,-1", "8:0": "-1,-1,-1", "9:1000003": "-1,-1,-1"}
mcp2k	237380	18259	0	1	2	-191.983	-61.8849	258.725	144	22	1	0	18.8215	1.1005	0.350873	0.2	0	nan	nan	0	0	0	0	nan	0	0.248005	4.99276e+06	0	0	-1	-1	-1	nu-candidate	1	-1.6109324	-15.0	64.323975	10.523	5.854	1232172	{"-1:1000016": "-1,-1,-1", "10:2": "-1,-1,-1", "11:1000001": "-1,-1,-1", "12:1000011": "-1,-1,-1", "13:1000006": "-1,-1,-1", "14:1000008": "-1,-1,-1", "2:3": "0,0,0", "3:0": "-1,-1,-1", "4:1000017": "-1,-1,-1", "5:1000003": "-1,-1,-1", "6:1000007": "-1,-1,-1", "8:1000002": "-1,-1,-1"}
mcp2k	237446	18259	0	1	12	192.679	-184.436	189.233	257	38	2	0	46.0306	1.03565	0.142144	0.157895	46.0306	1.03565	0.142144	46.0306	0	46.0306	0	56510.5	68	0.11193	1.40843e+07	0	0	598.34	0.921895	135.066	nu-candidate	1	2.20302	-15.0	434.1073	8.100	5.995	1240720	{"10:1000005": "-1,-1,-1", "12:1000011": "0,0,0", "14:1000004": "-1,-1,-1", "16:1000003": "-1,-1,-1", "17:1000002": "-1,-1,-1", "18:1000000": "-1,-1,-1", "19:1000009": "-1,-1,-1", "20:1000008": "-1,-1,-1", "21:1000007": "-1,-1,-1", "3:1": "-1,-1,-1", "6:1000010": "-1,-1,-1", "8:1000001": "-1,-1,-1"}
mcp2k	237710	18259	0	1	14	-9.97517	-111.74	396.177	344	58	1	0	112.879	1.04896	0.743527	0.13587	112.879	1.04896	0.743527	112.879	112.879	112.879	0	50057.7	176	0.0528821	1.84094e+07	1	2.02057	246.449	0.937044	274.73	nu-candidate	1	1.8342054	-15.0	397.55225	10.362	6.982	1253248	{"10:1000008": "-1,-1,-1", "11:1000002": "-1,-1,-1", "12:6": "-1,-1,-1", "13:1": "-1,-1,-1", "14:7": "0,0,0", "15:3": "-1,-1,-1", "16:0": "-1,-1,-1", "17:1000005": "-1,-1,-1", "18:1000000": "-1,-1,-1", "19:1000006": "-1,-1,-1", "1:11": "-1,-1,-1", "2:4": "-1,-1,-1", "7:1000003": "-1,-1,-1"}
mcp2k	237798	18259	0	1	13	-121.233	37.7434	68.7474	1186	191	5	0	269.254	1.03357	1.31087	0.125634	269.254	1.03357	1.31087	269.254	75.314	269.254	0	51871.2	402	0.121665	5.61868e+07	1	3.51734	556.394	0.0487314	577.04	cosmic-tagged	1	4.417785	-15.0	873.6737	17.434	12.511	1203304	{"-1:1000005": "-1,-1,-1", "10:3": "1,0,0", "11:2": "-1,-1,-1", "1:13": "-1,-1,-1", "3:1": "-1,-1,-1", "4:14": "-1,-1,-1", "6:9": "-1,-1,-1", "9:1000003": "-1,-1,-1"}
mcp2k	240372	18259	0	1	16	10.2239	112.038	61.9794	966	152	5	0	183.641	1.02586	1.87185	0.0537041	107.538	1.02874	2.43475	107.538	11.4984	107.538	0	62881.5	67	0.0400452	4.35004e+07	1	0.440355	-1	-1	140.06	nu-candidate	1	1.266554	-15.0	899.135	13.847	9.120	1176740	{"10:1000006": "-1,-1,-1", "12:1000005": "-1,-1,-1", "13:1000003": "-1,-1,-1", "14:1": "-1,-1,-1", "15:0": "-1,-1,-1", "16:1000000": "0,0,1", "17:2": "-1,-1,-1", "1:8": "-1,-1,-1", "3:6": "-1,-1,-1", "7:5": "-1,-1,-1", "8:10": "-1,-1,-1", "9:1000010": "-1,-1,-1"}
mcp2k	240636	18259	0	1	12	-21.9608	0.685879	262.267	1353	227	2	0	279.371	1.02851	2.27093	0.092868	0	nan	nan	0	0	0	0	49374.4	433	0.142472	6.15674e+07	1	2.57122	885.56	0.450332	602.945	nu-candidate	1	5.582304	-15.0	876.35144	12.491	9.035	1203228	{"10:1000001": "-1,-1,-1", "11:2": "-1,-1,-1", "12:0": "0,0,0", "13:1000003": "-1,-1,-1", "1:7": "-1,-1,-1", "3:5": "-1,-1,-1", "5:1": "-1,-1,-1", "7:1000006": "-1,-1,-1", "9:1000000": "-1,-1,-1"}
mcp2k	241626	18259	0	1	13	-175.833	95.6261	33.7923	892	111	2	0	133.775	1.05298	1.63655	0.148649	133.775	1.05298	1.63655	133.775	133.775	133.775	0	54527.6	214	0.396305	4.18633e+07	0	0	312.94	0.262524	319.886	nu-candidate	1	1.6935595	-15.0	429.27917	11.357	7.430	1269512	{"10:1000008": "-1,-1,-1", "11:1000002": "-1,-1,-1", "12:5": "-1,-1,-1", "13:6": "0,0,1", "14:7": "-1,-1,-1", "2:4": "-1,-1,-1", "4:10": "-1,-1,-1", "5:13": "-1,-1,-1", "7:1000005": "-1,-1,-1", "8:1000004": "-1,-1,-1", "9:1000007": "-1,-1,-1"}
mcp2k	242022	18259	0	1	16	-117.037	-15.8999	192.48	1348	236	1	0	332.084	1.02972	1.60718	0.126812	332.084	1.02972	1.60718	332.084	0	332.084	0	49590.2	544	0.32629	8.56677e+07	1	3.22605	1297.5	0.698177	750.656	nu-candidate	1	3.5605793	-15.0	876.29474	14.087	9.250	1221592	{"10:1000000": "-1,-1,-1", "11:1000002": "-1,-1,-1", "12:5": "-1,-1,-1", "13:1000003": "-1,-1,-1", "14:1000001": "-1,-1,-1", "15:4": "-1,-1,-1", "16:3": "0,0,0", "17:2": "-1,-1,-1", "1:11": "-1,-1,-1", "4:1": "-1,-1,-1", "7:1000006": "-1,-1,-1"}
mcp2k	242550	18259	0	1	14	-77.872	115.152	165.214	2883	340	5	1	469.228	1.05529	0.67017	0.224828	458.304	1.05575	0.684529	458.304	358.417	458.304	0	51647.9	588	0.143308	1.09136e+08	1	0.759725	1278.45	0.477893	800.995	nu-candidate	1	4.3539395	-15.0	1503.4944	21.573	16.341	1228652	{"10:1000000": "-1,-1,-1", "11:1000003": "-1,-1,-1", "12:6": "-1,-1,-1", "13:1000004": "-1,-1,-1", "14:0": "0,0,0", "1:8": "-1,-1,-1", "2:7": "-1,-1,-1", "4:3": "-1,-1,-1", "6:1": "-1,-1,-1", "8:1000001": "-1,-1,-1"}
mcp2k	242770	18259	0	1	2	73.0703	-175.046	372.739	265	46	2	0	32.951	1.0532	0.218947	0.227541	0	nan	nan	0	0	0	0	nan	0	0.554248	2.73924e+07	1	38.3145	-1	-1	-1	nu-candidate	1	-0.6555676	-15.0	273.91275	11.856	6.936	1278208	{"10:1000003": "-1,-1,-1", "11:1000007": "-1,-1,-1", "12:1000005": "-1,-1,-1", "13:1000001": "-1,-1,-1", "14:1000002": "-1,-1,-1", "15:1": "-1,-1,-1", "16:3": "-1,-1,-1", "17:1000004": "-1,-1,-1", "2:1000008": "0,0,0", "6:1000009": "-1,-1,-1", "7:1000013": "-1,-1,-1", "8:1000000": "-1,-1,-1", "9:0": "-1,-1,-1"}
mcp2k	242814	18259	0	1	10	199.489	-17.4952	439.601	795	105	4	0	82.9532	1.25589	0.677597	0.273336	65.5317	1.30348	0.802848	31.0039	31.0039	65.5317	53.1454	nan	0	0.243959	2.24858e+07	1	52.7517	-1	-1	-1	nu-candidate	1	-0.17348015	-15.0	356.64764	11.731	7.674	1273896	{"10:1000004": "0,0,0", "12:1000012": "-1,-1,-1", "14:5": "-1,-1,-1", "15:1000000": "-1,-1,-1", "16:1000002": "-1,-1,-1", "17:1000007": "-1,-1,-1", "18:3": "-1,-1,-1", "19:6": "-1,-1,-1", "2:8": "-1,-1,-1", "4:2": "-1,-1,-1", "7:10": "-1,-1,-1", "8:1000015": "-1,-1,-1"}
mcp2k	243628	18259	0	1	15	-101.111	-66.1024	273.29	854	152	5	1	196.29	1.03943	2.55518	0.114292	185.277	1.03919	2.69835	185.277	93.675	185.277	93.675	58413.5	147	0.25409	7.10401e+07	1	39.2276	203.057	0.10916	234.886	nu-candidate	1	3.5697386	-15.0	1400.8411	11.697	8.513	1211268	{"11:1000004": "-1,-1,-1", "12:1000005": "-1,-1,-1", "13:6": "-1,-1,-1", "14:14": "-1,-1,-1", "15:3": "0,0,1", "16:4": "-1,-1,-1", "17:1000015": "-1,-1,-1", "2:11": "-1,-1,-1", "4:5": "-1,-1,-1", "5:2": "-1,-1,-1", "6:7": "-1,-1,-1", "7:1000008": "-1,-1,-1", "8:1000010": "-1,-1,-1", "9:1000002": "-1,-1,-1"}
mcp2k	280159	18255	0	1	13	-176.895	159.024	356.493	2789	327	12	2	265.816	1.04554	0.253594	0.162887	173.301	1.05181	0.250939	173.301	156.666	173.301	15.9401	52257.3	74	0.197256	1.00775e+08	1	145.672	676.88	0.935486	142.561	nu-candidate	1	1.3200191	-15.0	2444.7434	22.246	18.196	1268384	{"10:8": "-1,-1,-1", "11:4": "-1,-1,-1", "12:6": "-1,-1,-1", "13:0": "0,0,0", "5:1": "-1,-1,-1", "7:1000000": "-1,-1,-1", "8:1000005": "-1,-1,-1", "9:2": "-1,-1,-1"}
mcp2k	280351	18255	0	1	10	126.704	-27.8971	481.442	262	39	2	0	36.5058	1.04014	0.21366	0.101348	0	nan	nan	0	0	0	0	53092.2	33	0.106891	1.2165e+07	0	0	-1	-1	-1	nu-candidate	1	2.599824	-15.0	325.7256	9.955	5.547	1156244	{"10:1000003": "0,0,0", "11:1000000": "-1,-1,-1", "12:3": "-1,-1,-1", "13:0": "-1,-1,-1", "14:8": "-1,-1,-1", "2:1": "-1,-1,-1", "4:7": "-1,-1,-1", "6:1000011": "-1,-1,-1", "8:1000001": "-1,-1,-1", "9:1000004": "-1,-1,-1"}
mcp2k	280819	18255	0	1	14	-32.6546	-85.8515	29.8727	25	8	1	1	0	nan	nan	nan	0	nan	nan	0	0	0	0	nan	0	0	848576	1	1.88627	-1	-1	-1	nu-candidate	1	-3.552054	-15.0	31.639435	9.913	5.792	1178532	{"10:1000005": "-1,-1,-1", "12:2": "-1,-1,-1", "13:0": "-1,-1,-1", "14:8": "0,0,1", "15:1000003": "-1,-1,-1", "16:1000002": "-1,-1,-1", "17:1": "-1,-1,-1", "18:1000001": "-1,-1,-1", "4:7": "-1,-1,-1", "5:3": "-1,-1,-1", "7:1000008": "-1,-1,-1"}
mcp2k	281567	18255	0	1	95	-72.8262	-100.543	78.9682	1364	116	6	1	45.2784	1.14125	0.336499	0.357063	45.2784	1.14125	0.336499	20.737	20.737	45.2784	20.737	nan	0	0.295263	2.29361e+07	1	479.443	-1	-1	-1	nu-candidate	1	-0.5800643	-15.0	1485.0073	21.500	17.429	1238292	{"10:1000000": "-1,-1,-1", "11:3": "-1,-1,-1", "1:9": "-1,-1,-1", "3:4": "-1,-1,-1", "4:0": "-1,-1,-1", "6:6": "-1,-1,-1", "8:1000003": "-1,-1,-1", "9:1": "0,0,1"}
mcp2k	281985	18255	0	1	17	46.9489	76.0295	471.381	362	52	2	0	82.3567	1.05535	0.736226	0.207186	82.3567	1.05535	0.736226	82.3567	82.3567	82.3567	0	57189.8	76	0.295534	2.51649e+07	1	21.2677	229.332	0.885532	146.638	nu-candidate	1	1.8605598	-15.0	527.4908	9.216	7.572	1269624	{"10:1": "-1,-1,-1", "14:1000000": "-1,-1,-1", "15:1000004": "-1,-1,-1", "17:1000008": "0,0,0", "18:1000001": "-1,-1,-1", "19:6": "-1,-1,-1", "20:8": "-1,-1,-1", "21:1000007": "-1,-1,-1", "2:7": "-1,-1,-1", "4:4": "-1,-1,-1", "5:5": "-1,-1,-1", "8:0": "-1,-1,-1"}
mcp2k	282491	18255	0	1	18	-143.425	32.3248	161.66	568	101	1	0	122.912	1.04251	1.86666	0.137255	0	nan	nan	0	0	0	0	55926.7	196	0.135203	2.95219e+07	1	1.90374	312.712	0.399691	297.24	nu-candidate	1	3.0101707	-15.0	411.65002	9.755	6.367	1144316	{"10:1000002": "-1,-1,-1", "13:1": "-1,-1,-1", "14:1000003": "-1,-1,-1", "15:6": "-1,-1,-1", "16:1000001": "-1,-1,-1", "17:4": "-1,-1,-1", "18:3": "0,0,1", "19:1000000": "-1,-1,-1", "2:9": "-1,-1,-1", "7:1000011": "-1,-1,-1"}
mcp2k	282837	18255	0	1	2	-93.3305	-52.506	156.525	959	164	3	0	157.588	1.02738	1.21858	0.0505683	0	nan	nan	0	0	0	0	52876.7	218	0.405316	4.7033e+07	1	24.394	300.728	0.257603	326.475	nu-candidate	1	4.798512	-15.0	706.16125	11.277	7.772	1221720	{"10:1000016": "-1,-1,-1", "11:1000002": "-1,-1,-1", "14:1000000": "-1,-1,-1", "15:1000001": "-1,-1,-1", "16:1000013": "-1,-1,-1", "17:2": "-1,-1,-1", "18:1000003": "-1,-1,-1", "19:0": "-1,-1,-1", "20:5": "-1,-1,-1", "21:6": "-1,-1,-1", "2:4": "0,0,1", "3:3": "-1,-1,-1", "5:9": "-1,-1,-1", "6:12": "-1,-1,-1", "8:7": "-1,-1,-1"}
mcp2k	283035	18255	0	1	9	112.366	-144.863	444.83	8	5	1	1	0	nan	nan	nan	0	nan	nan	0	0	0	0	nan	0	0.0883325	98616	1	0.189962	-1	-1	-1	nu-candidate	1	-2.5171282	-15.0	108.451805	11.210	6.053	1247940	{"11:1000007": "-1,-1,-1", "12:0": "-1,-1,-1", "13:1000000": "-1,-1,-1", "14:1000001": "-1,-1,-1", "15:1000002": "-1,-1,-1", "16:1": "-1,-1,-1", "17:4": "-1,-1,-1", "3:1000011": "-1,-1,-1", "5:1000006": "-1,-1,-1", "6:1000005": "-1,-1,-1", "8:1000003": "-1,-1,-1", "9:1000012": "0,0,1"}
mcp2k	283299	18255	0	1	11	-20.239	18.1594	223.408	2213	270	6	0	303.593	1.068	0.377566	0.241721	303.593	1.068	0.377566	303.593	204.404	303.593	0	51460.1	442	0.263188	8.50591e+07	1	13.4374	374.904	0.812282	389.565	nu-candidate	1	4.1146193	-15.0	1026.7054	17.536	13.491	1246048	{"10:1000005": "-1,-1,-1", "11:1000009": "0,0,0", "12:3": "-1,-1,-1", "13:1000002": "-1,-1,-1", "14:1000012": "-1,-1,-1", "15:2": "-1,-1,-1", "16:1000007": "-1,-1,-1", "3:1000011": "-1,-1,-1", "4:1000006": "-1,-1,-1", "5:1000004": "-1,-1,-1", "7:1000001": "-1,-1,-1"}
mcp2k	283568	18255	0	1	18	-141.589	119.668	224.816	782	132	4	0	190.239	1.03727	0.454184	0.139705	98.7876	1.05187	0.799457	98.7876	98.7876	98.7876	98.7876	46050.2	89	0.118347	5.72661e+07	1	26.1872	200.36	0.769173	162.834	nu-candidate	1	2.6732905	-15.0	1161.2152	16.478	10.670	1241772	{"13:1000002": "-1,-1,-1", "14:9": "-1,-1,-1", "15:10": "-1,-1,-1", "16:1000006": "-1,-1,-1", "17:7": "-1,-1,-1", "18:0": "0,0,0", "19:2": "-1,-1,-1", "1:13": "-1,-1,-1", "20:5": "-1,-1,-1", "2:11": "-1,-1,-1", "5:4": "-1,-1,-1", "7:3": "-1,-1,-1"}
mcp2k	283833	18255	0	1	11	-57.746	-157.828	1.46044	1409	151	3	0	472.354	1.06382	0.298007	0.220703	472.354	1.06382	0.298007	459.314	459.314	472.354	459.314	49992	747	0.0667539	8.54091e+07	1	1.64542	3231.98	0.917274	1035.26	nu-candidate	1	-0.06462666	-15.0	1292.8284	19.866	15.030	1385660	{"10:1000006": "-1,-1,-1", "11:2": "0,0,0", "12:5": "-1,-1,-1", "1:10": "-1,-1,-1", "3:8": "-1,-1,-1", "4:1000000": "-1,-1,-1", "5:1000003": "-1,-1,-1", "6:1000012": "-1,-1,-1", "8:1": "-1,-1,-1", "9:1000001": "-1,-1,-1"}
mcp2k	283849	18255	0	1	7	47.7827	-15.3745	399.509	953	104	3	0	154.376	1.05721	0.471085	0.238576	123.608	1.06554	0.538894	123.608	123.608	123.608	123.608	48323.8	197	0.281347	4.96045e+07	0	0	598.775	0.798294	297.286	nu-candidate	1	4.4064345	-15.0	655.7725	11.920	8.586	1180972	{"10:0": "-1,-1,-1", "11:1000000": "-1,-1,-1", "4:1000006": "-1,-1,-1", "6:1000003": "-1,-1,-1", "7:1000002": "0,0,0", "8:1": "-1,-1,-1", "9:1000001": "-1,-1,-1"}
mcp2k	284047	18255	0	1	5	141.258	-66.3339	424.915	87	14	2	1	16.8816	1.03929	0.23293	0.333333	16.8816	1.03929	0.23293	16.8816	16.8816	16.8816	16.8816	nan	0	0.0323566	9.6158e+06	0	0	-1	-1	-1	nu-candidate	1	-2.8522773	-15.0	180.69449	7.665	5.591	1177204	{"2:2": "-1,-1,-1", "3:1000007": "-1,-1,-1", "4:1000004": "-1,-1,-1", "5:1000003": "0,0,1", "6:1000002": "-1,-1,-1", "7:1": "-1,-1,-1", "8:3": "-1,-1,-1", "9:1000006": "-1,-1,-1"}
mcp2k	284866	18255	0	0																						nan	nan		nan	nan	nan	nan	cosmic-tagged	0				6.566	3.128	564636	{"11:2": "-1,-1,-1", "12:7": "-1,-1,-1", "13:1000019": "-1,-1,-1", "14:1000015": "-1,-1,-1", "16:1000000": "0,1,0", "17:1000007": "-1,-1,-1", "19:8": "-1,-1,-1", "20:1000001": "-1,-1,-1", "21:1000003": "-1,-1,-1", "22:1000008": "-1,-1,-1", "23:16": "-1,-1,-1", "24:3": "-1,-1,-1", "25:1000004": "-1,-1,-1", "2:5": "-1,-1,-1", "5:10": "0,1,0", "7:1": "-1,-1,-1", "9:6": "-1,-1,-1"}
mcp2k	285350	18255	0	1	18	120.86	84.6261	318.499	475	84	2	0	89.414	1.02297	0.715709	0.0475521	0	nan	nan	0	0	0	0	61106.5	113	0.248391	3.11289e+07	1	1.12929	179.958	0.311548	194.305	nu-candidate	1	3.4248688	-15.0	464.12955	11.113	6.234	1171708	{"-1:9": "-1,-1,-1", "10:6": "-1,-1,-1", "11:7": "-1,-1,-1", "12:8": "-1,-1,-1", "13:1000013": "-1,-1,-1", "15:1000005": "-1,-1,-1", "16:1000001": "-1,-1,-1", "18:1000004": "0,0,1", "1:12": "-1,-1,-1", "20:1000000": "-1,-1,-1", "21:1000002": "-1,-1,-1", "22:1000003": "-1,-1,-1", "23:0": "-1,-1,-1", "2:15": "-1,-1,-1", "4:2": "-1,-1,-1", "6:4": "-1,-1,-1", "8:3": "-1,-1,-1"}
mcp2k	285680	18255	0	1	39	-21.2963	138.462	78.0939	286	31	5	0	14.118	1.0518	0.0789086	0.136364	14.118	1.0518	0.0789086	14.118	14.118	14.118	14.118	nan	0	0.0913171	1.58347e+07	1	1.64534	666.463	0.924986	220.306	nu-candidate	1	1.2918932	-15.0	1115.041	12.351	6.623	1187088	{"10:8": "-1,-1,-1", "11:1": "-1,-1,-1", "12:0": "-1,-1,-1", "13:1000007": "0,0,0", "2:3": "-1,-1,-1", "3:6": "-1,-1,-1", "5:1000013": "-1,-1,-1", "7:1000010": "-1,-1,-1", "8:1000002": "-1,-1,-1", "9:1000000": "-1,-1,-1"}
mcp2k	286296	18255	0	1	22	-192.051	-93.5379	56.7148	244	37	2	0	43.8406	1.5288	2.15251	0.223828	0	nan	nan	0	0	0	0	nan	0	0.164107	1.14745e+07	1	43.8859	-1	-1	-1	cosmic-tagged	1	-0.038383044	-15.0	497.42957	11.104	6.309	1152884	{"10:10": "-1,-1,-1", "15:1000000": "-1,-1,-1", "16:1000003": "-1,-1,-1", "17:1000001": "-1,-1,-1", "18:0": "1,0,0", "19:2": "-1,-1,-1", "1:13": "-1,-1,-1", "20:1000010": "-1,-1,-1", "2:8": "-1,-1,-1", "4:4": "-1,-1,-1", "5:7": "-1,-1,-1", "7:5": "-1,-1,-1", "9:3": "-1,-1,-1"}
mcp2k	287770	18255	0	1	20	23.7248	89.3844	177.649	732	170	2	0	173.471	1.02781	2.63394	0.0455945	49.2813	1.03343	0.795891	49.2813	0	49.2813	0	57992.6	198	0.205281	5.17307e+07	1	0.851614	281.992	0.039572	301.317	nu-candidate	1	4.4822445	-15.0	716.117	12.454	6.857	1210228	{"11:1000002": "-1,-1,-1", "15:1000006": "-1,-1,-1", "16:1000008": "-1,-1,-1", "17:8": "-1,-1,-1", "18:1000003": "-1,-1,-1", "19:1": "-1,-1,-1", "1:13": "-1,-1,-1", "20:1000004": "0,0,1", "21:3": "-1,-1,-1", "22:1000007": "-1,-1,-1", "4:11": "-1,-1,-1", "6:4": "-1,-1,-1", "8:1000013": "-1,-1,-1", "9:1000014": "-1,-1,-1"}
mcp2k	289464	18255	0	1	11	72.2553	-145.207	139.211	1533	243	3	0	351.555	1.04512	1.94764	0.142095	295.935	1.05161	2.28479	295.935	295.935	295.935	0	49682	484	0.178479	9.10882e+07	1	0.406251	623.636	1.04515e-05	669.694	nu-candidate	1	4.5379868	-15.0	1215.7668	18.245	11.107	1197076	{"11:1000002": "0,0,1", "13:0": "-1,-1,-1", "14:1000001": "-1,-1,-1", "15:4": "-1,-1,-1", "16:3": "-1,-1,-1", "17:1000003": "-1,-1,-1", "18:1000004": "-1,-1,-1", "2:5": "-1,-1,-1", "4:7": "-1,-1,-1", "6:13": "-1,-1,-1", "8:1000012": "-1,-1,-1"}
mcp2k	289862	18255	0	1	5	-194.48	-74.7774	20.764	122	23	1	0	17.2009	1.1649	1.57066	0.25	17.2009	1.1649	1.57066	0	0	17.2009	17.2009	nan	0	0.124057	3.42624e+06	0	0	-1	-1	-1	nu-candidate	1	-2.5941377	-15.0	52.11574	11.562	5.531	1166408	{"11:1000002": "-1,-1,-1", "13:1000001": "-1,-1,-1", "14:1000005": "-1,-1,-1", "15:1000000": "-1,-1,-1", "16:1": "-1,-1,-1", "1:4": "-1,-1,-1", "2:8": "-1,-1,-1", "4:6": "-1,-1,-1", "5:5": "0,0,1", "7:1000008": "-1,-1,-1", "8:1000006": "-1,-1,-1"}
mcp2k	290542	18255	0	1	6	-56.2557	67.8317	438.284	844	93	2	0	177.578	1.09661	2.11612	0.19322	177.578	1.09661	2.11612	177.578	177.578	177.578	177.578	68141.4	287	0.0747356	4.70976e+07	1	0.250475	435.34	0.37928	411.722	nu-candidate	1	2.9697063	-15.0	557.8312	12.885	7.963	1227392	{"10:1000000": "-1,-1,-1", "12:1000003": "-1,-1,-1", "14:3": "-1,-1,-1", "15:7": "-1,-1,-1", "16:1000005": "-1,-1,-1", "17:4": "-1,-1,-1", "18:1000006": "-1,-1,-1", "19:1000002": "-1,-1,-1", "3:2": "-1,-1,-1", "5:1": "-1,-1,-1", "6:6": "0,0,1", "9:0": "-1,-1,-1"}
mcp2k	290588	18255	0	1	14	-47.5107	147.758	209.197	631	90	4	0	79.3367	1.03311	0.524882	0.101077	16.3902	1.08402	0.229982	16.3902	16.3902	16.3902	16.3902	63167.6	96	0.198433	3.01415e+07	1	3.18708	183.965	0.76417	171.637	nu-candidate	1	0.9937605	-15.0	466.3911	11.685	7.224	1193912	{"10:7": "-1,-1,-1", "11:1000002": "-1,-1,-1", "12:1000004": "-1,-1,-1", "13:0": "-1,-1,-1", "14:1": "0,0,1", "15:1000005": "-1,-1,-1", "1:10": "-1,-1,-1", "6:1000000": "-1,-1,-1", "8:1000001": "-1,-1,-1"}
mcp2k	292436	18255	0	1	11	90.8714	103.851	298.757	964	139	2	0	240.444	1.04963	3.93761	0.1425	240.444	1.04963	3.93761	240.444	240.444	240.444	240.444	50360.5	392	0.021559	4.83376e+07	1	153.495	530.97	0.0871776	548.952	nu-candidate	1	4.6158276	-15.0	990.3758	14.856	10.075	1225788	{"10:1000003": "-1,-1,-1", "11:1000004": "0,0,0", "12:1": "-1,-1,-1", "13:3": "-1,-1,-1", "14:1000011": "-1,-1,-1", "2:1000006": "-1,-1,-1", "4:1000000": "-1,-1,-1", "5:1000007": "-1,-1,-1", "7:1000010": "-1,-1,-1", "8:2": "-1,-1,-1", "9:1000005": "-1,-1,-1"}
mcp2k	292524	18255	0	1	9	174.919	84.6334	155.006	1576	207	14	2	203.928	1.04068	0.1697	0.154138	185.587	1.0437	0.182244	170.517	85.642	185.587	0	52927.5	238	0.509692	7.88378e+07	1	120.984	771.272	0.647409	413.417	nu-candidate	1	3.10603	-15.0	1112.8851	19.966	13.571	1286420	{"11:1000004": "-1,-1,-1", "12:1000005": "-1,-1,-1", "13:1": "-1,-1,-1", "14:6": "-1,-1,-1", "15:7": "-1,-1,-1", "16:3": "-1,-1,-1", "17:2": "-1,-1,-1", "18:4": "-1,-1,-1", "2:9": "-1,-1,-1", "7:0": "-1,-1,-1", "9:1000000": "0,0,0"}
mcp2k	292568	18255	0	1	9	35.193	-96.259	285.897	1712	259	6	1	270.305	1.0494	4.28055	0.0826594	23.0059	1.0339	0.121685	23.0059	23.0059	23.0059	0	53318.6	403	0.0507646	6.5051e+07	1	5.91025	519.244	0.000457871	563.612	nu-candidate	1	3.7368383	-15.0	1028.8999	14.284	10.688	1162288	{"10:4": "-1,-1,-1", "11:3": "-1,-1,-1", "12:1000000": "-1,-1,-1", "1:5": "-1,-1,-1", "3:2": "-1,-1,-1", "4:1": "-1,-1,-1", "5:1000006": "-1,-1,-1", "7:1000004": "-1,-1,-1", "9:1000001": "0,0,1"}
mcp2k	292722	18255	0	1	10	8.08716	62.7655	51.6384	656	113	3	0	127.1	1.04291	2.49427	0.138332	15.0679	1.0049	0.142578	15.0679	0	15.0679	0	57068	154	0.0519704	3.20248e+07	1	10.431	256.942	0.403435	244.893	nu-candidate	1	2.499513	-15.0	573.7595	9.543	7.238	1204544	{"10:1000007": "0,0,1", "11:1": "-1,-1,-1", "12:1000001": "-1,-1,-1", "13:1000002": "-1,-1,-1", "1:3": "-1,-1,-1", "4:1000012": "-1,-1,-1", "5:1000003": "-1,-1,-1", "7:0": "-1,-1,-1", "8:1000004": "-1,-1,-1", "9:1000008": "-1,-1,-1"}
mcp2k	292788	18255	0	1	13	161.271	6.55527	113.288	857	107	3	0	158.266	1.21341	2.88011	0.201521	158.266	1.21341	2.88011	158.266	158.266	158.266	158.266	nan	0	0.0239566	4.35588e+07	1	0.263821	-1	-1	-1	nu-candidate	1	1.3058801	-15.0	676.12866	9.226	7.878	1137060	{"10:1000000": "-1,-1,-1", "11:1000003": "-1,-1,-1", "12:4": "-1,-1,-1", "13:1000001": "0,0,1", "14:3": "-1,-1,-1", "1:11": "-1,-1,-1", "3:1": "-1,-1,-1", "7:0": "-1,-1,-1", "8:1000004": "-1,-1,-1"}
mcp2k	293536	18255	0	1	17	-8.03412	163.078	93.7236	309	45	4	0	26.528	1.03386	0.639922	0.116279	0	nan	nan	0	0	0	0	nan	0	0.082649	1.26032e+07	1	42.5845	-1	-1	-1	nu-candidate	1	-0.28528008	-0.21309441	408.917	10.348	6.780	1257996	{"12:1000002": "-1,-1,-1", "13:1000007": "-1,-1,-1", "15:1000006": "-1,-1,-1", "16:1000008": "-1,-1,-1", "17:6": "0,0,0", "18:2": "-1,-1,-1", "19:1000010": "-1,-1,-1", "20:1000005": "-1,-1,-1", "21:1000013": "-1,-1,-1", "22:1000001": "-1,-1,-1", "2:1": "-1,-1,-1", "5:3": "-1,-1,-1", "6:0": "-1,-1,-1", "8:1000004": "-1,-1,-1", "9:1000014": "-1,-1,-1"}
mcp2k	294174	18255	0	1	16	122.832	-15.4278	159.418	2247	385	7	0	374.033	1.05132	0.772531	0.0891648	127.959	1.11103	0.786108	96.2699	69.2608	127.959	0	50128.6	399	0.291746	1.04973e+08	1	75.5774	549.374	0.0102088	564.055	nu-candidate	1	4.734716	-7.470134	1467.1549	20.687	16.667	1278708	{"10:1000008": "-1,-1,-1", "12:1000000": "-1,-1,-1", "14:0": "-1,-1,-1", "15:1000004": "-1,-1,-1", "16:1000001": "0,0,1", "17:5": "-1,-1,-1", "18:2": "-1,-1,-1", "19:1000009": "-1,-1,-1", "20:1000014": "-1,-1,-1", "2:1": "-1,-1,-1", "4:6": "-1,-1,-1"}
mcp2k	315955	18255	0	1	17	-145.979	149.672	321.943	537	88	2	0	89.7649	1.02148	0.414798	0.0544063	53.5046	1.02161	0.244784	53.5046	0	53.5046	0	66957.1	51	0.0723353	3.07663e+07	1	4.69848	-1	-1	-1	nu-candidate	1	1.4455758	-15.0	542.3893	9.587	6.174	1197060	{"11:1000001": "-1,-1,-1", "13:1000000": "-1,-1,-1", "14:2": "-1,-1,-1", "15:9": "-1,-1,-1", "16:0": "-1,-1,-1", "17:8": "0,0,1", "2:3": "-1,-1,-1", "3:7": "-1,-1,-1", "4:5": "-1,-1,-1", "6:6": "-1,-1,-1", "7:1000012": "-1,-1,-1", "9:1000002": "-1,-1,-1"}
mcp2k	316021	18255	0	1	5	-61.4065	-41.8531	5.92517	1015	114	3	0	176.124	1.11657	1.56291	0.27777	148.457	1.11643	1.8293	148.457	123.41	148.457	123.41	51013.5	197	0.381894	7.11287e+07	0	0	262.267	0.426053	290.664	nu-candidate	1	1.8125556	-15.0	833.10034	14.244	9.664	1203628	{"10:1": "-1,-1,-1", "11:1000004": "-1,-1,-1", "12:0": "-1,-1,-1", "13:5": "-1,-1,-1", "14:1000016": "-1,-1,-1", "1:13": "-1,-1,-1", "4:10": "-1,-1,-1", "5:4": "0,0,0", "6:1000008": "-1,-1,-1", "7:1000012": "-1,-1,-1", "9:1000011": "-1,-1,-1"}
mcp2k	316197	18255	0	1	17	-31.0366	195.308	470.649	114	24	1	0	35.2905	1.05766	0.322694	0.258621	35.2905	1.05766	0.322694	35.2905	0	35.2905	0	73677.3	50	0.00155191	8.67965e+06	0	0	-1	-1	-1	nu-candidate	1	0.42214116	-15.0	216.94809	10.686	5.675	1177152	{"10:1000001": "-1,-1,-1", "13:1000003": "-1,-1,-1", "14:17": "-1,-1,-1", "15:1000007": "-1,-1,-1", "16:0": "-1,-1,-1", "17:9": "0,0,1", "18:3": "-1,-1,-1", "19:8": "-1,-1,-1", "20:5": "-1,-1,-1", "21:1000004": "-1,-1,-1", "3:1": "-1,-1,-1", "5:2": "-1,-1,-1", "7:1000000": "-1,-1,-1", "8:1000009": "-1,-1,-1"}
mcp2k	317341	18255	0	1	-1	nan	nan	nan	0	0	0	0	0	nan	nan	nan	0	nan	nan	0	0	0	0	nan	0	nan	nan	0	0	-1	-1	-1	cosmic-tagged	1	-1.9416895	-15.0	0.0	11.995	5.873	866876	{"12:1000001": "-1,-1,-1", "13:2": "-1,-1,-1", "14:1000004": "-1,-1,-1", "15:1000010": "-1,-1,-1", "16:1000002": "-1,-1,-1", "17:3": "-1,-1,-1", "18:1000000": "-1,-1,-1", "19:1000011": "-1,-1,-1", "1:10": "-1,-1,-1", "20:1000007": "0,1,0", "2:6": "-1,-1,-1", "3:1": "-1,-1,-1", "6:1000015": "-1,-1,-1", "7:1000006": "-1,-1,-1", "8:1000016": "-1,-1,-1"}
mcp2k	317407	18255	0	1	12	184.14	-186.471	67.5993	1308	229	4	0	385.909	1.03724	2.22648	0.162301	385.909	1.03724	2.22648	385.909	374.146	385.909	0	51044.2	597	0.0846996	8.02852e+07	1	2.55025	957.896	0.257895	844.789	nu-candidate	1	3.8059354	-15.0	1188.2828	15.629	9.860	1209716	{"10:1000008": "-1,-1,-1", "11:8": "-1,-1,-1", "12:1000002": "0,0,0", "13:4": "-1,-1,-1", "14:0": "-1,-1,-1", "15:1000009": "-1,-1,-1", "1:9": "-1,-1,-1", "2:10": "-1,-1,-1", "4:1": "-1,-1,-1", "5:6": "-1,-1,-1", "7:3": "-1,-1,-1", "8:5": "-1,-1,-1", "9:1000006": "-1,-1,-1"}
mcp2k	317539	18255	0	1	19	-10.2478	-176.637	292.842	1117	107	2	0	197.046	1.08135	2.86566	0.21401	197.046	1.08135	2.86566	177.611	177.611	197.046	197.046	51361	287	0.115976	4.08142e+07	1	79.3334	617.054	0.699399	406.478	nu-candidate	1	2.703685	-14.264394	667.7923	12.953	8.081	1233624	{"11:1000004": "-1,-1,-1", "14:1000001": "-1,-1,-1", "16:3": "-1,-1,-1", "17:4": "-1,-1,-1", "18:6": "-1,-1,-1", "19:2": "0,0,1", "1:12": "-1,-1,-1", "20:5": "-1,-1,-1", "21:1000000": "-1,-1,-1", "4:0": "-1,-1,-1", "6:1": "-1,-1,-1"}
mcp2k	318021	18255	0	1	11	-63.4685	-191.345	90.8029	67	14	1	0	23.0811	1.03899	0.0930038	0.131579	23.0811	1.03899	0.0930038	23.0811	23.0811	23.0811	23.0811	nan	0	0.0954234	1.13703e+07	1	15.7888	-1	-1	-1	nu-candidate	1	-2.3893244	-15.0	222.292	11.357	6.157	1188112	{"10:4": "-1,-1,-1", "11:10": "0,0,0", "13:5": "-1,-1,-1", "14:1000010": "-1,-1,-1", "16:1000000": "-1,-1,-1", "18:0": "-1,-1,-1", "19:1000001": "-1,-1,-1", "1:15": "-1,-1,-1", "20:1000006": "-1,-1,-1", "2:6": "-1,-1,-1", "5:1": "-1,-1,-1", "7:3": "-1,-1,-1", "8:12": "-1,-1,-1"}
mcp2k	318857	18255	0	1	18	92.4353	-114.639	370.739	125	19	2	0	0	nan	nan	nan	0	nan	nan	0	0	0	0	nan	0	0.0121229	6.15199e+06	1	0.638793	-1	-1	-1	nu-candidate	1	-2.1974792	-15.0	238.02591	10.139	5.323	1118988	{"11:1000004": "-1,-1,-1", "12:1000010": "-1,-1,-1", "13:1000000": "-1,-1,-1", "14:0": "-1,-1,-1", "15:4": "-1,-1,-1", "16:3": "-1,-1,-1", "17:2": "-1,-1,-1", "18:1000005": "0,0,1", "1:10": "-1,-1,-1", "2:8": "-1,-1,-1", "6:1000012": "-1,-1,-1", "9:1000011": "-1,-1,-1"}
mcp2k	319275	18255	0	1	17	122.261	199.914	92.8261	920	144	3	0	155.455	1.02513	3.1358	0.0310078	0	nan	nan	0	0	0	0	53386.8	250	0.0561049	3.15275e+07	0	0	350.92	0.0536126	366.185	cosmic-tagged	1	-3.1627786	-15.0	542.62646	13.184	8.584	1230028	{"12:1000000": "-1,-1,-1", "13:1000002": "-1,-1,-1", "14:1": "-1,-1,-1", "15:1000001": "0,1,0", "1:9": "-1,-1,-1", "2:7": "-1,-1,-1", "5:0": "-1,-1,-1", "6:3": "-1,-1,-1", "8:6": "-1,-1,-1", "9:2": "-1,-1,-1"}
mcp2k	319475	18255	0	1	20	132.586	163.291	283.034	358	42	5	1	11.0598	1.07974	0.290972	0.235294	11.0598	1.07974	0.290972	11.0598	0	11.0598	0	nan	0	0.154434	2.05621e+07	1	25.8263	597.574	0.922402	181.752	nu-candidate	1	-0.35574913	-15.0	1035.3574	11.807	6.728	1190936	{"-1:12": "-1,-1,-1", "10:1000005": "-1,-1,-1", "12:1000003": "-1,-1,-1", "13:1000008": "-1,-1,-1", "14:1000010": "-1,-1,-1", "15:1000001": "-1,-1,-1", "16:1000011": "-1,-1,-1", "17:1000002": "-1,-1,-1", "18:1000000": "0,0,0", "1:18": "-1,-1,-1", "2:4": "-1,-1,-1", "5:3": "-1,-1,-1", "6:1": "-1,-1,-1", "7:0": "-1,-1,-1"}
mcp2k	320485	18255	0	1	19	102.411	-106.162	42.1619	669	154	3	0	144.105	1.00665	0.104673	0.0169509	15.3055	1.01828	0.0592826	15.3055	15.3055	15.3055	0	58681.2	156	0.0536573	4.21748e+07	1	1.66295	329.524	0.634542	248.092	nu-candidate	1	2.9805794	-15.0	744.1078	10.434	6.752	1189188	{"10:1000010": "-1,-1,-1", "11:1000004": "-1,-1,-1", "14:1000012": "-1,-1,-1", "15:1000008": "-1,-1,-1", "16:1000006": "-1,-1,-1", "17:4": "-1,-1,-1", "18:1000005": "-1,-1,-1", "19:1000003": "0,0,1", "1:18": "-1,-1,-1", "20:1": "-1,-1,-1", "21:7": "-1,-1,-1", "22:2": "-1,-1,-1", "23:1000000": "-1,-1,-1", "2:16": "-1,-1,-1", "8:1000018": "-1,-1,-1", "9:1000019": "-1,-1,-1"}
mcp2k	321015	18255	0	1	16	139.916	55.5754	380.685	1047	162	4	0	173.107	1.05299	0.431934	0.177911	128.869	1.05451	0.505162	128.869	0	128.869	0	49007.1	206	0.21927	5.05255e+07	1	16.4209	453.024	0.700521	310.648	nu-candidate	1	3.5514762	-15.0	877.0536	12.423	8.298	1206224	{"10:1000001": "-1,-1,-1", "11:1000002": "-1,-1,-1", "12:2": "-1,-1,-1", "13:1000006": "-1,-1,-1", "14:1000005": "-1,-1,-1", "15:1": "-1,-1,-1", "16:1000003": "0,0,0", "1:7": "-1,-1,-1", "6:1000010": "-1,-1,-1"}
mcp2k	321235	18255	0	1	11	61.4547	33.5546	0.142185	1410	199	7	1	253.877	1.03136	0.329492	0.144861	126.375	1.04955	0.493923	126.375	126.375	126.375	126.375	nan	0	0.400018	1.20548e+08	0	0	-1	-1	-1	nu-candidate	1	-2.4647393	-15.0	1452.5844	17.896	11.637	1240852	{"10:1000003": "-1,-1,-1", "11:1000000": "0,0,0", "12:13": "-1,-1,-1", "13:1": "-1,-1,-1", "14:0": "-1,-1,-1", "15:1000005": "-1,-1,-1", "1:2": "-1,-1,-1", "3:3": "-1,-1,-1", "4:1000007": "-1,-1,-1", "8:1000001": "-1,-1,-1"}
mcp2k	321937	18255	0	1	22	127.321	-75.2737	474.379	1318	153	3	1	235.456	1.05395	2.16657	0.186701	235.456	1.05395	2.16657	235.456	235.456	235.456	235.456	51174.3	383	0.0596686	5.06028e+07	0	0	561.586	0.251286	532.845	nu-candidate	1	2.9463403	-15.0	686.05414	12.666	7.783	1265532	{"11:1000004": "-1,-1,-1", "13:1000000": "-1,-1,-1", "15:1000003": "-1,-1,-1", "16:1000002": "-1,-1,-1", "17:1000008": "-1,-1,-1", "19:1000001": "-1,-1,-1", "20:1000011": "-1,-1,-1", "21:1000006": "-1,-1,-1", "22:1000007": "0,0,1", "23:0": "-1,-1,-1", "24:6": "-1,-1,-1", "5:2": "-1,-1,-1", "6:8": "-1,-1,-1", "8:10": "-1,-1,-1", "9:1000017": "-1,-1,-1"}
mcp2k	321983	18255	0	1	11	-43.2923	-2.52573	11.4637	51	12	1	0	0	nan	nan	nan	0	nan	nan	0	0	0	0	nan	0	0.109276	3.84622e+06	1	31.7091	-1	-1	-1	nu-candidate	1	-1.5533298	-15.0	220.13048	9.905	5.961	1213280	{"10:1000002": "-1,-1,-1", "11:6": "0,0,1", "12:0": "-1,-1,-1", "13:1000013": "-1,-1,-1", "14:1000000": "-1,-1,-1", "2:10": "-1,-1,-1", "4:1000004": "-1,-1,-1", "6:1000003": "-1,-1,-1", "8:2": "-1,-1,-1", "9:1": "-1,-1,-1"}
mcp2k	322135	18255	0	1	15	-153.334	135.919	8.86022	1432	148	2	0	260.784	1.05901	1.61412	0.228223	247.086	1.06177	1.69765	247.086	247.086	247.086	247.086	50385.2	403	0.177309	6.1575e+07	1	3.3414	583.091	0.297681	559.709	nu-candidate	1	2.917394	-15.0	837.86865	16.860	12.576	1276968	{"10:4": "-1,-1,-1", "11:0": "-1,-1,-1", "12:1000001": "-1,-1,-1", "13:7": "-1,-1,-1", "14:2": "-1,-1,-1", "15:5": "0,0,0", "2:3": "-1,-1,-1", "4:13": "-1,-1,-1", "7:11": "-1,-1,-1", "8:1": "-1,-1,-1"}
mcp2k	322663	18255	0	1	2	-179.392	164.847	334.237	1139	150	3	0	170.229	1.0476	1.90004	0.180574	153.034	1.04963	2.0983	153.034	153.034	153.034	153.034	46798.6	246	0.204725	4.07489e+07	1	4.94482	396.327	0.545285	361.668	nu-candidate	1	2.39165	-15.0	819.8972	13.885	9.185	1275508	{"11:1000002": "-1,-1,-1", "12:1000004": "-1,-1,-1", "15:1000006": "-1,-1,-1", "16:1000000": "-1,-1,-1", "17:5": "-1,-1,-1", "18:9": "-1,-1,-1", "19:6": "-1,-1,-1", "1:13": "-1,-1,-1", "2:4": "0,0,0", "3:2": "-1,-1,-1", "7:3": "-1,-1,-1", "9:1000003": "-1,-1,-1"}
mcp2k	322707	18255	0	1	11	48.8805	-86.1664	308.445	919	163	6	1	189.478	1.08308	0.786959	0.115328	71.4021	1.05234	0.354545	71.4021	71.4021	71.4021	71.4021	64657.8	131	0.0466251	5.35902e+07	1	10.1788	200.655	0.752049	169.521	nu-candidate	1	1.4110122	-15.0	1178.9897	11.197	7.704	1170212	{"11:1000001": "0,0,1", "14:1000002": "-1,-1,-1", "15:10": "-1,-1,-1", "16:1000000": "-1,-1,-1", "2:5": "-1,-1,-1", "3:0": "-1,-1,-1", "5:1": "-1,-1,-1", "7:4": "-1,-1,-1", "9:6": "-1,-1,-1"}
mcp2k	322885	18255	0	1	20	-152.432	179.717	43.909	1454	143	2	1	238.984	1.06965	2.90669	0.236776	238.984	1.06965	2.90669	238.984	238.984	238.984	238.984	52524	389	0.233843	5.21297e+07	1	1.87694	543.276	0.174005	542.254	nu-candidate	1	3.1714725	-15.0	735.0484	13.904	8.552	1209484	{"10:1000006": "-1,-1,-1", "15:1000003": "-1,-1,-1", "17:3": "-1,-1,-1", "18:1000004": "-1,-1,-1", "19:0": "-1,-1,-1", "20:2": "0,0,1", "21:1000001": "-1,-1,-1", "4:1": "-1,-1,-1", "5:4": "-1,-1,-1", "7:1000014": "-1,-1,-1", "8:1000008": "-1,-1,-1"}
mcp2k	323125	18255	0	1	12	146.898	-103.13	468.923	328	41	2	0	37.6092	1.04173	0.327391	0.0839894	27.1458	1.04425	0.403687	27.1458	27.1458	27.1458	0	76732.9	36	0.26587	1.84279e+07	1	4.05059	-1	-1	-1	nu-candidate	1	-0.08083773	-15.0	328.9906	12.569	5.872	1191188	{"10:5": "-1,-1,-1", "11:1000002": "-1,-1,-1", "12:1000005": "0,0,1", "13:2": "-1,-1,-1", "3:4": "-1,-1,-1", "4:0": "-1,-1,-1", "5:1000003": "-1,-1,-1", "6:1000000": "-1,-1,-1", "7:3": "-1,-1,-1", "8:1000004": "-1,-1,-1", "9:1000006": "-1,-1,-1"}
mcp2k	323171	18255	0	1	22	-156.395	-53.1318	54.1219	891	138	3	0	200.572	1.02974	0.697974	0.135616	25.3064	1.03868	0.124685	25.3064	25.3064	25.3064	25.3064	50984.9	264	0.383501	7.29804e+07	1	1.99618	807.93	0.716528	383.257	nu-candidate	1	3.9119592	-15.0	843.953	14.383	9.095	1343340	{"10:14": "-1,-1,-1", "12:8": "-1,-1,-1", "14:1000009": "-1,-1,-1", "17:2": "-1,-1,-1", "18:1000004": "-1,-1,-1", "19:6": "-1,-1,-1", "1:17": "-1,-1,-1", "20:4": "-1,-1,-1", "21:1000000": "-1,-1,-1", "22:1": "0,0,0", "23:1000002": "-1,-1,-1", "24:11": "-1,-1,-1", "25:10": "-1,-1,-1", "2:15": "-1,-1,-1", "3:3": "-1,-1,-1", "5:5": "-1,-1,-1"}
mcp2k	323369	18255	0	0																						nan	nan		nan	nan	nan	nan	cosmic-tagged	0				7.441	2.055	482704	{"10:1": "-1,-1,-1", "11:1000002": "-1,-1,-1", "12:0": "-1,-1,-1", "13:9": "0,1,0", "14:2": "-1,-1,-1", "15:1000014": "-1,-1,-1", "1:8": "-1,-1,-1", "4:7": "-1,-1,-1", "6:1000016": "-1,-1,-1", "7:1000015": "-1,-1,-1", "9:1000005": "-1,-1,-1"}
mcp2k	347824	18255	0	1	24	97.6967	119.051	277.859	1537	199	4	0	174.183	1.03	0.587197	0.121898	10.0455	1.13702	0.226364	10.0455	10.0455	10.0455	10.0455	50258.1	240	0.637165	1.01685e+08	1	84.3619	743.105	0.666181	352.949	nu-candidate	1	3.7811	-15.0	1318.4298	20.772	13.171	1283560	{"10:1000010": "-1,-1,-1", "12:1000001": "-1,-1,-1", "15:1000007": "-1,-1,-1", "17:1000012": "-1,-1,-1", "19:1000014": "-1,-1,-1", "20:1000009": "-1,-1,-1", "21:1000011": "-1,-1,-1", "22:1000008": "-1,-1,-1", "23:1000004": "-1,-1,-1", "24:1000002": "0,0,0", "25:15": "-1,-1,-1", "26:1000013": "-1,-1,-1", "27:1000000": "-1,-1,-1", "3:1": "-1,-1,-1", "6:1000006": "-1,-1,-1"}
mcp2k	348594	18255	0	1	16	-178.495	110.905	435.273	440	48	2	0	70.5288	1.10338	0.641938	0.318966	70.5288	1.10338	0.641938	70.5288	70.5288	70.5288	70.5288	49027.7	108	0.323735	2.02222e+07	1	0.718198	225.442	0.829373	183.52	nu-candidate	1	1.932643	-15.0	311.08002	10.955	6.602	1228032	{"10:1": "-1,-1,-1", "11:1000011": "-1,-1,-1", "12:0": "-1,-1,-1", "13:1000001": "-1,-1,-1", "14:1000003": "-1,-1,-1", "15:1000004": "-1,-1,-1", "16:3": "0,0,0", "17:1000002": "-1,-1,-1", "18:6": "-1,-1,-1", "19:4": "-1,-1,-1", "20:1000000": "-1,-1,-1", "21:2": "-1,-1,-1", "6:1000009": "-1,-1,-1", "7:1000007": "-1,-1,-1"}
mcp2k	348638	18255	0	1	26	3.82987	-69.9524	204.213	110	17	1	0	136.875	1.08539	0.155965	0.273128	136.875	1.08539	0.155965	136.875	136.875	136.875	136.875	46962.7	219	0.154009	1.74492e+07	0	0	-1	-1	320.759	nu-candidate	1	-0.45699483	-15.0	435.59235	15.110	6.463	1283260	{"10:5": "-1,-1,-1", "12:13": "-1,-1,-1", "14:1000016": "-1,-1,-1", "16:1000005": "-1,-1,-1", "17:1000009": "-1,-1,-1", "19:1000000": "-1,-1,-1", "20:6": "-1,-1,-1", "21:1000001": "-1,-1,-1", "22:4": "-1,-1,-1", "23:1000004": "-1,-1,-1", "24:1000003": "-1,-1,-1", "25:1000002": "-1,-1,-1", "26:1000014": "0,0,1", "27:1": "-1,-1,-1", "28:1000006": "-1,-1,-1", "29:1000011": "-1,-1,-1", "3:11": "-1,-1,-1", "5:2": "-1,-1,-1", "7:15": "-1,-1,-1", "9:0": "-1,-1,-1"}
mcp2k	349056	18255	0	1	12	21.7717	-10.239	428.364	942	124	2	0	173.98	1.04272	0.798906	0.134948	173.98	1.04272	0.798906	173.98	173.98	173.98	0	46849.5	281	0.0483883	3.50867e+07	0	0	483.565	0.393382	403.601	nu-candidate	1	-2.17165	-15.0	119.19954	9.918	7.485	1179736	{"10:1": "-1,-1,-1", "11:1000005": "-1,-1,-1", "12:1000006": "0,0,0", "13:1000007": "-1,-1,-1", "1:8": "-1,-1,-1", "3:1000010": "-1,-1,-1", "4:1000004": "-1,-1,-1", "6:1000003": "-1,-1,-1", "8:1000001": "-1,-1,-1"}
mcp2k	350354	18255	0	1	18	120.317	138.223	353.693	2168	203	7	0	171.32	1.7856	0.834308	0.297245	159.261	1.09736	0.807137	144.259	144.259	159.261	147.033	37375.5	97	0.430333	3.86364e+07	1	29.0889	223.8	0.977337	170.543	nu-candidate	1	0.6850535	-15.0	1073.1694	18.248	13.550	1285216	{"11:1000002": "-1,-1,-1", "14:1000003": "-1,-1,-1", "15:1000000": "-1,-1,-1", "16:1000005": "-1,-1,-1", "17:0": "-1,-1,-1", "18:1000006": "0,0,1", "19:1": "-1,-1,-1", "20:1000004": "-1,-1,-1", "2:8": "-1,-1,-1", "6:3": "-1,-1,-1", "7:5": "-1,-1,-1", "9:1000001": "-1,-1,-1"}
mcp2k	352510	18255	0	1	7	144.354	-157.469	343.3	45	12	1	0	0	nan	nan	nan	0	nan	nan	0	0	0	0	nan	0	0.0106188	1.55667e+06	0	0	-1	-1	-1	nu-candidate	1	-1.1749201	-15.0	124.830154	8.369	5.124	1146552	{"10:1000005": "-1,-1,-1", "11:1000001": "-1,-1,-1", "1:9": "-1,-1,-1", "3:0": "-1,-1,-1", "6:1000003": "-1,-1,-1", "7:1000006": "0,0,1", "8:1000004": "-1,-1,-1", "9:1000000": "-1,-1,-1"}
mcp2k	352796	18255	0	1	10	87.636	83.9561	114.146	870	148	2	0	177.462	1.02108	3.40653	0.0407758	0	nan	nan	0	0	0	0	55291.6	256	0.0389353	3.88741e+07	1	4.00952	405.903	0.315911	374.737	nu-candidate	1	3.376472	-15.0	662.9652	12.765	7.156	1225528	{"10:1000003": "0,0,0", "13:1000005": "-1,-1,-1", "14:1000002": "-1,-1,-1", "15:12": "-1,-1,-1", "16:7": "-1,-1,-1", "17:14": "-1,-1,-1", "18:1000012": "-1,-1,-1", "19:4": "-1,-1,-1", "20:2": "-1,-1,-1", "21:1000000": "-1,-1,-1", "2:6": "-1,-1,-1", "5:3": "-1,-1,-1", "6:1": "-1,-1,-1", "9:15": "-1,-1,-1"}
mcp2k	354248	18255	0	1	29	97.0569	82.1497	255.496	1054	115	4	0	169.145	1.06316	0.916569	0.20867	169.145	1.06316	0.916569	146.125	146.125	169.145	66.0998	53506.1	163	0.251229	5.90535e+07	1	51.2637	1103.31	0.346444	887.549	nu-candidate	1	3.255834	-9.896243	753.4626	22.009	15.066	1287900	{"10:1000010": "-1,-1,-1", "11:1000009": "-1,-1,-1", "14:1000011": "-1,-1,-1", "16:1000003": "-1,-1,-1", "17:1000014": "-1,-1,-1", "18:0": "-1,-1,-1", "19:1": "-1,-1,-1", "1:17": "-1,-1,-1", "20:1000004": "-1,-1,-1", "21:18": "-1,-1,-1", "22:1000006": "0,0,0", "23:2": "-1,-1,-1", "24:1000013": "-1,-1,-1", "3:7": "-1,-1,-1", "5:4": "-1,-1,-1", "6:6": "-1,-1,-1", "9:1000007": "-1,-1,-1"}
mcp2k	355238	18255	0	1	5	-66.9252	-96.9923	298.288	806	127	4	1	132.153	1.02294	0.389112	0.0825851	30.4057	1.0157	0.291218	30.4057	0	30.4057	0	57937.5	160	0.022785	3.57352e+07	0	0	291.784	0.618091	253.987	nu-candidate	1	3.0993218	-15.0	622.43475	11.982	7.482	1193968	{"11:1000001": "-1,-1,-1", "13:1000000": "-1,-1,-1", "14:0": "-1,-1,-1", "15:4": "-1,-1,-1", "16:1000002": "-1,-1,-1", "17:1000003": "-1,-1,-1", "3:3": "-1,-1,-1", "5:6": "0,0,1", "7:1000005": "-1,-1,-1"}
mcp2k	390216	18255	0	1	13	70.5826	67.5552	281.752	1370	161	4	0	252.006	1.05447	5.24097	0.16041	204.37	1.05201	6.12857	204.37	204.37	204.37	204.37	50850.2	332	0.173748	5.79508e+07	1	14.8063	447.194	0.0197099	472.703	nu-candidate	1	5.3359737	-15.0	877.79736	14.776	10.670	1231440	{"11:1": "-1,-1,-1", "12:3": "-1,-1,-1", "13:1000004": "0,0,1", "14:10": "-1,-1,-1", "15:1000011": "-1,-1,-1", "16:2": "-1,-1,-1", "17:1000000": "-1,-1,-1", "18:8": "-1,-1,-1", "19:1000002": "-1,-1,-1", "5:0": "-1,-1,-1", "8:1000007": "-1,-1,-1"}
mcp2k	390391	18255	0	1	4	-139.323	94.9973	439.292	440	55	3	0	87.7152	1.05186	0.376438	0.159675	87.7152	1.05186	0.376438	87.7152	75.1643	87.7152	75.1643	49928.7	116	0.030114	2.14655e+07	0	0	449.033	0.872417	197.89	nu-candidate	1	3.405018	-15.0	623.51416	10.531	7.257	1214480	{"10:1000001": "-1,-1,-1", "12:1000000": "-1,-1,-1", "13:1000003": "-1,-1,-1", "14:3": "-1,-1,-1", "15:1000007": "-1,-1,-1", "16:4": "-1,-1,-1", "17:0": "-1,-1,-1", "18:1000006": "-1,-1,-1", "19:1000002": "-1,-1,-1", "4:2": "0,0,0", "6:1": "-1,-1,-1"}
mcp2k	390634	18255	0	1	1	-177.922	-154.714	203.956	1244	188	4	0	200.812	1.02751	0.416268	0.060722	19.223	1.06168	0.489075	19.223	19.223	19.223	0	52235.2	260	0.251654	5.42304e+07	1	11.3289	381.144	0.4587	332.857	nu-candidate	1	2.0755012	-15.0	882.97864	11.368	8.386	1199964	{"10:2": "-1,-1,-1", "11:1000006": "-1,-1,-1", "1:0": "0,0,1", "2:1": "-1,-1,-1", "4:1000007": "-1,-1,-1", "5:1000001": "-1,-1,-1", "7:1000000": "-1,-1,-1", "8:3": "-1,-1,-1", "9:1000002": "-1,-1,-1"}
mcp2k	390743	18255	0	1	17	-60.3762	-94.3289	22.0287	291	78	3	0	60.1068	1.00826	0.141087	0.020202	0	nan	nan	0	0	0	0	53934.2	91	0.117329	2.0511e+07	1	13.2328	222.517	0.881972	165.535	nu-candidate	1	1.758767	-15.0	640.45526	11.362	6.645	1207236	{"11:1": "-1,-1,-1", "13:1000002": "-1,-1,-1", "14:1000005": "-1,-1,-1", "16:2": "-1,-1,-1", "17:6": "0,0,1", "18:1000001": "-1,-1,-1", "19:1000003": "-1,-1,-1", "1:10": "-1,-1,-1", "2:0": "-1,-1,-1", "4:3": "-1,-1,-1", "5:4": "-1,-1,-1", "9:5": "-1,-1,-1"}
mcp2k	390810	18255	0	1	12	-195.034	-140.282	229.127	140	28	1	0	29.4437	1.03456	0.107193	0.208333	29.4437	1.03456	0.107193	29.4437	0	29.4437	0	55564.7	40	0.115103	5.1896e+06	0	0	-1	-1	-1	nu-candidate	1	2.0212057	-15.0	206.28455	12.046	5.502	1168136	{"10:1000004": "-1,-1,-1", "11:1000003": "-1,-1,-1", "12:3": "0,0,0", "2:1": "-1,-1,-1", "6:4": "-1,-1,-1", "7:1000006": "-1,-1,-1", "8:11": "-1,-1,-1", "9:13": "-1,-1,-1"}
mcp2k	391063	18255	0	1	22	102.71	119.138	196.548	52	12	1	0	0	nan	nan	nan	0	nan	nan	0	0	0	0	nan	0	0.054035	3.09575e+06	1	3.42701	-1	-1	-1	nu-candidate	1	-1.6338261	-15.0	151.67627	12.321	6.454	1277504	{"10:2": "-1,-1,-1", "12:8": "-1,-1,-1", "13:1000001": "-1,-1,-1", "16:1000012": "-1,-1,-1", "18:1000004": "-1,-1,-1", "20:1000013": "-1,-1,-1", "22:1000003": "0,0,1", "23:6": "-1,-1,-1", "24:1000002": "-1,-1,-1", "25:0": "-1,-1,-1", "26:1000016": "-1,-1,-1", "3:5": "-1,-1,-1", "4:11": "-1,-1,-1", "7:14": "-1,-1,-1"}
mcp2k	391415	18255	0	1	11	183.783	60.638	441.357	734	83	2	0	93.8067	1.04132	0.297248	0.155586	93.8067	1.04132	0.297248	93.8067	76.3441	93.8067	76.3441	52055.9	118	0.0592359	2.25346e+07	0	0	257.149	0.824009	199.704	nu-candidate	1	2.9011633	-15.0	479.28467	8.930	6.305	1158472	{"10:1000009": "-1,-1,-1", "11:1000000": "0,0,1", "14:1000002": "-1,-1,-1", "15:2": "-1,-1,-1", "16:1": "-1,-1,-1", "1:3": "-1,-1,-1", "4:4": "-1,-1,-1", "5:1000012": "-1,-1,-1", "6:1000011": "-1,-1,-1", "7:1000007": "-1,-1,-1", "9:1000003": "-1,-1,-1"}
mcp2k	391899	18255	0	1	5	-182.652	141.473	345.603	1119	144	8	2	219.51	1.05602	0.261413	0.217366	219.51	1.05602	0.261413	219.51	219.51	219.51	185.187	52163.4	291	0.0849758	5.25958e+07	1	2.58671	872.232	0.764345	427.435	nu-candidate	1	4.0037417	-15.0	853.312	15.582	11.222	1183936	{"2:1000007": "-1,-1,-1", "4:1000001": "-1,-1,-1", "5:0": "0,0,0", "6:4": "-1,-1,-1", "7:6": "-1,-1,-1", "8:1": "-1,-1,-1"}
mcp2k	392174	18255	0	1	3	-187.835	76.5005	12.066	253	43	2	0	36.2602	1.02166	0.168734	0.101695	0	nan	nan	0	0	0	0	56795.1	51	0.0440634	1.03927e+07	1	2.14619	-1	-1	-1	nu-candidate	1	2.0617514	-15.0	313.8931	14.434	5.807	1197428	{"10:1000000": "-1,-1,-1", "12:1000013": "-1,-1,-1", "13:1000010": "-1,-1,-1", "14:0": "-1,-1,-1", "15:1000008": "-1,-1,-1", "16:4": "-1,-1,-1", "17:6": "-1,-1,-1", "18:1000006": "-1,-1,-1", "3:1": "0,0,0", "4:1000003": "-1,-1,-1", "6:1000007": "-1,-1,-1", "8:1000002": "-1,-1,-1"}
mcp2k	392327	18255	0	1	14	174.938	55.659	95.6958	865	129	3	0	140.311	1.04929	1.23682	0.154506	140.311	1.04929	1.23682	140.311	0	140.311	0	54572.9	225	0.0444155	3.67014e+07	1	3.65478	294.233	0.0137371	333.446	nu-candidate	1	2.6519558	-15.0	746.71857	12.678	7.688	1202396	{"10:6": "-1,-1,-1", "11:1": "-1,-1,-1", "12:1000002": "-1,-1,-1", "13:10": "-1,-1,-1", "14:1000000": "0,0,1", "15:3": "-1,-1,-1", "16:4": "-1,-1,-1", "17:1000001": "-1,-1,-1", "18:1000004": "-1,-1,-1", "2:11": "-1,-1,-1", "4:2": "-1,-1,-1", "5:1000006": "-1,-1,-1", "9:0": "-1,-1,-1"}
mcp2k	392417	18255	0	1	19	-52.6983	-127.843	449.089	1072	173	5	0	254.085	1.06014	1.17368	0.119813	146.846	1.08054	1.45096	146.846	146.846	146.846	93.5075	52702.3	327	0.202627	5.2334e+07	1	6.12045	121.562	0.8305	157.238	nu-candidate	1	3.0001037	-15.0	1033.0039	15.099	9.003	1240524	{"10:2": "-1,-1,-1", "11:5": "-1,-1,-1", "13:1000005": "-1,-1,-1", "15:1000001": "-1,-1,-1", "16:1": "-1,-1,-1", "17:14": "-1,-1,-1", "18:1000004": "-1,-1,-1", "19:6": "0,0,0", "2:4": "-1,-1,-1", "3:13": "-1,-1,-1", "4:15": "-1,-1,-1", "5:11": "-1,-1,-1", "6:8": "-1,-1,-1", "8:7": "-1,-1,-1"}
mcp2k	392693	18255	0	1	11	184.229	-128.457	115.006	1427	168	1	0	287.873	1.05506	5.19359	0.173278	287.873	1.05506	5.19359	287.873	287.873	287.873	287.873	50736.2	471	0.0339391	5.22408e+07	1	0.553658	648.102	0.146757	649.496	nu-candidate	1	1.6336253	-15.0	777.0479	15.108	8.237	1228784	{"10:1000002": "-1,-1,-1", "11:1000006": "0,0,0", "12:1000005": "-1,-1,-1", "13:1000001": "-1,-1,-1", "1:9": "-1,-1,-1", "3:4": "-1,-1,-1", "5:0": "-1,-1,-1", "6:1000012": "-1,-1,-1", "8:1000004": "-1,-1,-1", "9:3": "-1,-1,-1"}
mcp2k	393089	18255	0	1	19	-127.893	113.455	487.905	172	28	2	0	15.5154	1.01892	0.127717	0.04	0	nan	nan	0	0	0	0	nan	0	0.0536832	7.35767e+06	1	9.43589	-1	-1	-1	nu-candidate	1	2.4245965	-15.0	285.26602	11.434	5.590	1179360	{"11:2": "-1,-1,-1", "12:1000009": "-1,-1,-1", "13:1000008": "-1,-1,-1", "15:1000004": "-1,-1,-1", "17:13": "-1,-1,-1", "18:3": "-1,-1,-1", "19:8": "0,0,0", "20:9": "-1,-1,-1", "21:1000000": "-1,-1,-1", "3:5": "-1,-1,-1", "5:1": "-1,-1,-1", "8:11": "-1,-1,-1"}
mcp2k	393119	18255	0	1	10	-90.9961	128.182	337.451	1017	170	2	0	237.967	1.04317	0.63099	0.182445	180.297	1.05217	0.468106	180.297	180.297	180.297	0	51058.8	291	0.0266166	5.197e+07	1	7.66707	926.269	0.780447	417.071	nu-candidate	1	4.2094965	-15.0	900.8891	12.435	8.839	1159244	{"10:1": "0,0,0", "11:1000000": "-1,-1,-1", "2:3": "-1,-1,-1", "6:4": "-1,-1,-1", "7:1000002": "-1,-1,-1", "8:2": "-1,-1,-1", "9:0": "-1,-1,-1"}
mcp2k	393485	18255	0	1	4	-104.976	-91.5984	407.971	753	171	2	0	171.121	1.01047	0.536351	0.0282828	0	nan	nan	0	0	0	0	49200.9	184	0.398437	6.4058e+07	0	0	653.202	0.705563	284.368	nu-candidate	1	4.1519475	-15.0	713.6796	15.438	7.410	1235104	{"12:1000001": "-1,-1,-1", "13:1000000": "-1,-1,-1", "14:8": "-1,-1,-1", "15:10": "-1,-1,-1", "16:1000002": "-1,-1,-1", "17:1000006": "-1,-1,-1", "18:1000004": "-1,-1,-1", "19:1000005": "-1,-1,-1", "1:1": "-1,-1,-1", "2:9": "-1,-1,-1", "4:2": "0,0,0", "7:3": "-1,-1,-1", "9:5": "-1,-1,-1"}
mcp2k	393505	18255	0	1	21	160.162	-18.007	326.064	722	95	1	0	155.627	1.05033	3.31468	0.193798	155.627	1.05033	3.31468	155.627	155.627	155.627	155.627	51721.1	250	0.13858	3.73176e+07	1	25.3244	414.601	0.702665	365.79	nu-candidate	1	2.669468	-15.0	550.6646	18.374	12.029	1256088	{"10:1000001": "-1,-1,-1", "11:1000007": "-1,-1,-1", "13:1000005": "-1,-1,-1", "14:0": "-1,-1,-1", "15:1000006": "0,0,1", "16:5": "-1,-1,-1", "17:1000018": "-1,-1,-1", "18:1000000": "-1,-1,-1", "2:1": "-1,-1,-1", "4:3": "-1,-1,-1", "5:4": "-1,-1,-1", "6:1000016": "-1,-1,-1", "8:1000003": "-1,-1,-1"}
mcp2k	393538	18255	0	1	7	-167.941	-73.7572	227.732	1399	205	6	0	334.224	1.03806	2.58335	0.152185	313.663	1.0396	2.7401	313.663	288.328	313.663	21.1926	55439.1	495	0.11996	6.90376e+07	1	6.6462	787.215	0.343642	664.456	nu-candidate	1	4.830264	-15.0	1071.6489	15.764	11.995	1178964	{"1:4": "-1,-1,-1", "2:2": "-1,-1,-1", "5:1000003": "-1,-1,-1", "6:3": "-1,-1,-1", "7:0": "0,0,0", "8:1": "-1,-1,-1"}
mcp2k	393727	18255	0	1	20	177.066	-38.9154	8.59788	328	79	1	0	142.382	1.03385	1.06024	0.199153	142.382	1.03385	1.06024	142.382	0	142.382	0	54419.1	228	0.0268842	2.51363e+07	0	0	405.46	0.546636	338.951	nu-candidate	1	2.0465162	-15.0	447.39032	11.830	7.203	1375404	{"11:12": "-1,-1,-1", "12:1000015": "-1,-1,-1", "13:1000003": "-1,-1,-1", "14:1000012": "-1,-1,-1", "17:1": "-1,-1,-1", "18:0": "-1,-1,-1", "19:11": "-1,-1,-1", "20:1000000": "0,0,0", "21:3": "-1,-1,-1", "22:8": "-1,-1,-1", "23:1000016": "-1,-1,-1", "2:6": "-1,-1,-1", "5:2": "-1,-1,-1", "7:17": "-1,-1,-1"}
mcp2k	393791	18255	0	1	7	-32.3521	139.868	239.396	572	94	3	0	132.144	1.03937	1.06337	0.160594	111.229	1.03665	1.21018	111.229	111.229	111.229	0	48744.1	202	0.125838	2.92144e+07	1	9.42582	416.006	0.696672	270.882	nu-candidate	1	3.4685254	-15.0	585.9868	11.667	8.127	1242320	{"10:1000001": "-1,-1,-1", "1:6": "-1,-1,-1", "2:1000002": "-1,-1,-1", "4:1000003": "-1,-1,-1", "5:2": "-1,-1,-1", "6:1000000": "-1,-1,-1", "7:1": "0,0,0", "8:1000004": "-1,-1,-1", "9:0": "-1,-1,-1"}
mcp2k	393835	18255	0	1	12	-18.7044	-52.0948	294.955	1211	161	3	1	217.54	1.05126	4.16329	0.202216	217.54	1.05126	4.16329	217.54	217.54	217.54	0	nan	0	0.132792	4.59343e+07	0	0	-1	-1	-1	nu-candidate	1	1.7391039	-15.0	751.2731	12.448	8.698	1256820	{"10:1000002": "-1,-1,-1", "11:0": "-1,-1,-1", "12:1": "0,0,0", "13:1000005": "-1,-1,-1", "14:2": "-1,-1,-1", "1:11": "-1,-1,-1", "4:1000008": "-1,-1,-1", "5:1000001": "-1,-1,-1", "6:1000000": "-1,-1,-1", "8:3": "-1,-1,-1", "9:1000007": "-1,-1,-1"}
mcp2k	393935	18255	0	1	16	35.7194	-28.0922	209.651	1576	254	1	0	294.69	1.0224	3.86185	0.0408163	0	nan	nan	0	0	0	0	50124.8	482	0.573154	1.16267e+08	0	0	648.617	0.0214934	670.17	nu-candidate	1	3.6923764	-15.0	787.74176	12.772	7.022	1241896	{"11:1000010": "-1,-1,-1", "12:1000004": "-1,-1,-1", "14:1000002": "-1,-1,-1", "15:1000000": "-1,-1,-1", "16:1000005": "0,0,1", "18:1000006": "-1,-1,-1", "19:1000007": "-1,-1,-1", "1:1": "-1,-1,-1", "20:4": "-1,-1,-1", "21:3": "-1,-1,-1", "22:0": "-1,-1,-1", "2:5": "-1,-1,-1", "5:2": "-1,-1,-1", "6:1000017": "-1,-1,-1", "7:1000014": "-1,-1,-1", "9:1000001": "-1,-1,-1"}
mcp2k	394407	18255	0	1	18	25.1457	-108.68	1.50843	941	126	1	0	259.184	1.05322	3.21329	0.199536	259.184	1.05322	3.21329	259.184	259.184	259.184	0	50390.9	423	0.253168	6.01075e+07	1	1.70991	4000	1	772.089	nu-candidate	1	-4.8077574	-15.0	708.23737	17.106	11.695	1297848	{"10:10": "-1,-1,-1", "11:1000004": "0,0,0", "12:1000001": "-1,-1,-1", "13:1000002": "-1,-1,-1", "14:1000003": "-1,-1,-1", "15:1000015": "-1,-1,-1", "1:6": "-1,-1,-1", "2:2": "-1,-1,-1", "3:3": "-1,-1,-1", "4:4": "-1,-1,-1", "5:0": "-1,-1,-1", "8:1000005": "-1,-1,-1"}
mcp2k	394836	18255	0	1	5	139.363	193.358	431.913	73	14	1	0	0	nan	nan	nan	0	nan	nan	0	0	0	0	nan	0	0.0202362	3.88447e+06	0	0	-1	-1	-1	nu-candidate	1	-0.59160405	-15.0	85.76336	9.089	5.131	1178588	{"-1:2": "-1,-1,-1", "10:1000001": "-1,-1,-1", "11:1000004": "-1,-1,-1", "12:1000002": "-1,-1,-1", "13:3": "-1,-1,-1", "14:1": "-1,-1,-1", "15:1000013": "-1,-1,-1", "16:1000010": "-1,-1,-1", "17:1000000": "-1,-1,-1", "2:1000014": "-1,-1,-1", "4:1000006": "-1,-1,-1", "5:1000009": "0,0,1"}
mcp2k	395079	18255	0	1	15	38.9134	-22.1801	372.158	767	79	3	0	211.681	1.04894	1.1743	0.196023	211.681	1.04894	1.1743	211.681	211.681	211.681	211.681	47167.7	344	0.00875095	3.45302e+07	1	5.13736	1365.64	0.915833	487.06	nu-candidate	1	0.64553684	-15.0	958.2915	12.285	8.303	1305316	{"10:1000008": "-1,-1,-1", "12:1000005": "-1,-1,-1", "14:1000006": "-1,-1,-1", "15:1000011": "0,0,0", "16:1000012": "-1,-1,-1", "17:2": "-1,-1,-1", "18:19": "-1,-1,-1", "19:1000004": "-1,-1,-1", "1:16": "-1,-1,-1", "3:6": "-1,-1,-1", "4:3": "-1,-1,-1", "5:4": "-1,-1,-1", "6:1000022": "-1,-1,-1"}
mcp2k	395209	18255	0	1	4	-174.228	185.339	92.1294	3263	361	5	0	463.183	1.04943	0.445793	0.197455	438.641	1.05187	0.457818	438.641	438.641	438.641	0	50306.8	713	0.213286	1.0989e+08	0	0	1447.89	0.552247	983.452	nu-candidate	1	6.5361886	-15.0	1467.6277	18.426	13.161	1248356	{"10:1000005": "-1,-1,-1", "11:1000001": "-1,-1,-1", "12:1000002": "-1,-1,-1", "13:1000003": "-1,-1,-1", "1:7": "-1,-1,-1", "4:0": "0,0,0", "5:1000010": "-1,-1,-1", "7:1000000": "-1,-1,-1"}
mcp2k	395443	18255	0	1	5	124.622	101.213	445.111	1212	127	3	0	124.185	1.05439	0.49168	0.172083	74.6768	1.0771	0.262882	61.1718	61.1718	74.6768	13.505	63162.4	73	0.198068	3.90663e+07	1	5.19742	132.498	0.730661	142.76	nu-candidate	1	1.936784	-15.0	671.47266	8.459	7.330	1198892	{"10:1000004": "-1,-1,-1", "11:0": "-1,-1,-1", "12:1": "-1,-1,-1", "13:1000000": "-1,-1,-1", "1:8": "-1,-1,-1", "2:2": "-1,-1,-1", "3:10": "-1,-1,-1", "5:1000002": "0,0,0", "6:1000008": "-1,-1,-1", "7:1000001": "-1,-1,-1"}
mcp2k	395485	18255	0	1	6	-160.553	135.436	324.08	481	87	3	0	129.013	1.03165	2.33156	0.136047	129.013	1.03165	2.33156	129.013	129.013	129.013	28.6117	48750.6	197	0.0477714	2.11279e+07	1	4.5305	304.412	0.0824543	311.025	nu-candidate	1	2.9108658	-15.0	428.67084	11.265	6.387	1125432	{"4:1000003": "-1,-1,-1", "5:1000004": "-1,-1,-1", "6:2": "0,0,0", "7:1000008": "-1,-1,-1", "8:1": "-1,-1,-1", "9:3": "-1,-1,-1"}
mcp2k	395573	18255	0	1	10	136.613	-137.35	12.4465	112	21	2	0	12.6966	1.05133	0.129737	0.2	12.6966	1.05133	0.129737	12.6966	12.6966	12.6966	12.6966	nan	0	0.0364761	8.48222e+06	1	7.25656	-1	-1	-1	nu-candidate	1	-0.6047709	-15.0	275.85162	10.873	5.813	1189280	{"10:1000004": "0,0,1", "11:2": "-1,-1,-1", "12:0": "-1,-1,-1", "13:1": "-1,-1,-1", "4:1000001": "-1,-1,-1", "5:1000008": "-1,-1,-1", "8:1000000": "-1,-1,-1", "9:1000003": "-1,-1,-1"}
mcp2k	395597	18255	0	1	20	45.0057	22.3159	79.2487	2214	346	6	1	396.848	1.02643	1.50844	0.102666	140.012	1.03924	0.738819	140.012	0	140.012	0	53682.7	607	0.279762	1.13597e+08	1	12.476	386.523	0.356827	338.924	nu-candidate	1	0.3047179	-15.0	1684.3187	14.977	11.815	1308336	{"10:1000011": "-1,-1,-1", "13:1000008": "-1,-1,-1", "15:1000013": "-1,-1,-1", "16:2": "-1,-1,-1", "17:1000006": "-1,-1,-1", "18:1000001": "-1,-1,-1", "19:1000003": "-1,-1,-1", "20:1000005": "0,0,0", "21:1000010": "-1,-1,-1", "22:24": "-1,-1,-1", "23:10": "-1,-1,-1", "24:1000002": "-1,-1,-1", "25:9": "-1,-1,-1", "26:1000009": "-1,-1,-1", "4:1": "-1,-1,-1", "6:1000026": "-1,-1,-1", "7:1000021": "-1,-1,-1"}
mcp2k	395695	18255	0	1	11	181.673	-68.4418	45.3805	849	129	4	0	123.063	1.02757	0.11261	0.153693	99.5655	1.02935	0.126498	99.5655	0	99.5655	0	57148.4	148	0.246461	2.91319e+07	1	10.9284	2721.88	0.979027	248.899	nu-candidate	1	2.732831	-15.0	925.5911	15.255	8.577	1207152	{"10:0": "-1,-1,-1", "11:1000000": "0,0,0", "12:1000012": "-1,-1,-1", "13:1000001": "-1,-1,-1", "14:1000004": "-1,-1,-1", "1:6": "-1,-1,-1", "2:11": "-1,-1,-1", "3:2": "-1,-1,-1", "5:1000008": "-1,-1,-1", "7:1000002": "-1,-1,-1", "9:1000005": "-1,-1,-1"}
mcp2k	395717	18255	0	0																						nan	nan		nan	nan	nan	nan	cosmic-tagged	0				9.750	2.226	487400	{"11:1000003": "-1,-1,-1", "15:1000001": "-1,-1,-1", "17:2": "-1,-1,-1", "18:4": "-1,-1,-1", "19:10": "-1,-1,-1", "1:15": "-1,-1,-1", "20:1000005": "-1,-1,-1", "21:9": "0,1,0", "22:1000002": "-1,-1,-1", "2:11": "-1,-1,-1", "5:14": "-1,-1,-1", "7:0": "-1,-1,-1", "9:6": "-1,-1,-1"}
mcp2k	395870	18255	0	1	16	67.1897	-89.8521	233.737	2101	301	2	0	325.963	1.0261	0.690155	0.10825	41.7179	1.05092	0.126291	41.7179	0	41.7179	0	49909.4	461	0.288031	9.25412e+07	1	6.72265	726.519	0.162362	647.258	nu-candidate	1	5.182513	-15.0	1184.0392	15.288	10.237	1219028	{"11:1000012": "-1,-1,-1", "12:1000009": "-1,-1,-1", "13:1000007": "-1,-1,-1", "14:9": "-1,-1,-1", "15:1000001": "-1,-1,-1", "16:1000002": "0,0,0", "17:1000005": "-1,-1,-1", "18:2": "-1,-1,-1", "19:1000013": "-1,-1,-1", "2:12": "-1,-1,-1", "3:3": "-1,-1,-1", "6:1000004": "-1,-1,-1", "9:1000006": "-1,-1,-1"}
mcp2k	396037	18255	0	1	17	-172.888	141.616	483.243	180	26	1	0	22.828	1.0244	0.541591	0.0540541	0	nan	nan	0	0	0	0	nan	0	0.0482687	1.05894e+07	1	29.4691	-1	-1	-1	nu-candidate	1	0.35126176	-15.0	371.33182	10.063	6.189	1221804	{"10:1000002": "-1,-1,-1", "12:1000003": "-1,-1,-1", "13:5": "-1,-1,-1", "14:1000004": "-1,-1,-1", "15:0": "-1,-1,-1", "16:1": "-1,-1,-1", "17:6": "0,0,0", "18:4": "-1,-1,-1", "5:3": "-1,-1,-1", "8:1000005": "-1,-1,-1"}
mcp2k	396091	18255	0	1	7	142.191	52.2618	230.334	796	114	3	0	147.626	1.0506	1.87816	0.151612	147.626	1.0506	1.87816	147.626	147.626	147.626	100.72	51219.1	159	0.045688	3.99909e+07	1	4.53978	236.88	0.162272	250.65	nu-candidate	1	2.2971172	-15.0	668.0153	11.149	7.431	1181204	{"10:1000005": "-1,-1,-1", "11:0": "-1,-1,-1", "12:1000007": "-1,-1,-1", "13:1": "-1,-1,-1", "1:13": "-1,-1,-1", "3:1000013": "-1,-1,-1", "4:1000009": "-1,-1,-1", "6:1000000": "-1,-1,-1", "7:1000003": "0,0,1", "8:1000004": "-1,-1,-1"}
mcp2k	396355	18255	0	1	24	-144.196	-142.985	462.781	639	94	2	0	119.331	1.01837	0.21534	0.0863355	39.2404	1.02111	0.0761125	39.2404	39.2404	39.2404	39.2404	59002.1	124	0.15094	3.04633e+07	1	4.23865	305.092	0.788013	208.318	nu-candidate	1	3.111842	-15.0	597.9878	14.356	7.255	1285120	{"11:1000005": "-1,-1,-1", "13:1000000": "-1,-1,-1", "16:1000002": "-1,-1,-1", "18:1000004": "-1,-1,-1", "1:10": "-1,-1,-1", "20:1000016": "-1,-1,-1", "21:1000008": "-1,-1,-1", "22:1000001": "-1,-1,-1", "23:3": "-1,-1,-1", "24:4": "0,0,0", "25:1000010": "-1,-1,-1", "26:1000009": "-1,-1,-1", "3:0": "-1,-1,-1", "6:6": "-1,-1,-1", "9:1": "-1,-1,-1"}
mcp2k	396420	18255	0	1	10	-107.029	157.999	468.066	479	88	2	0	78.1302	1.02183	0.464915	0.0629298	0	nan	nan	0	0	0	0	50919.3	102	0.179953	2.22399e+07	1	5.49243	333.873	0.856362	178.559	nu-candidate	1	0.65013635	-15.0	166.2597	11.575	5.842	1176532	{"10:4": "0,0,0", "11:1000011": "-1,-1,-1", "1:1000007": "-1,-1,-1", "3:1000005": "-1,-1,-1", "6:5": "-1,-1,-1", "7:1000003": "-1,-1,-1", "8:1000004": "-1,-1,-1", "9:3": "-1,-1,-1"}
mcp2k	396551	18255	0	1	13	-179.449	105.476	152.401	788	111	3	0	177.101	1.04616	0.828747	0.119048	177.101	1.04616	0.828747	177.101	177.101	177.101	0	54048.9	286	0.258263	4.58126e+07	1	2.16287	397.528	0.0918296	410.688	nu-candidate	1	0.27496555	-15.0	892.35156	13.025	7.167	1234592	{"11:4": "-1,-1,-1", "13:3": "0,0,0", "14:1000014": "-1,-1,-1", "15:1000009": "-1,-1,-1", "16:1000010": "-1,-1,-1", "18:1000002": "-1,-1,-1", "19:1000003": "-1,-1,-1", "1:17": "-1,-1,-1", "20:7": "-1,-1,-1", "21:10": "-1,-1,-1", "22:1000015": "-1,-1,-1", "3:11": "-1,-1,-1", "5:5": "-1,-1,-1", "8:14": "-1,-1,-1", "9:1": "-1,-1,-1"}
mcp2k	396805	18255	0	1	6	188.568	172.644	255.981	418	76	3	0	75.9899	1.03533	0.131505	0.121681	0	nan	nan	0	0	0	0	45655.3	44	0.168107	2.20331e+07	0	0	-1	-1	-1	nu-candidate	1	2.8175488	-15.0	587.6129	8.870	5.912	1179968	{"11:1000001": "-1,-1,-1", "12:1000003": "-1,-1,-1", "13:0": "-1,-1,-1", "14:1000002": "-1,-1,-1", "1:5": "-1,-1,-1", "2:1000008": "-1,-1,-1", "4:1000004": "-1,-1,-1", "6:1000000": "0,0,0", "8:1000005": "-1,-1,-1", "9:1000006": "-1,-1,-1"}
mcp2k	396816	18255	0	1	57	-84.3591	-60.9314	4.97471	32	9	1	1	0	nan	nan	nan	0	nan	nan	0	0	0	0	nan	0	0.30331	1.13133e+06	1	37.5254	-1	-1	-1	nu-candidate	1	-1.30805	-15.0	209.78891	13.112	6.044	1203212	{"12:5": "-1,-1,-1", "13:1000002": "-1,-1,-1", "14:4": "-1,-1,-1", "15:14": "-1,-1,-1", "16:2": "-1,-1,-1", "17:1": "-1,-1,-1", "18:8": "0,0,1", "19:1000001": "-1,-1,-1", "5:6": "-1,-1,-1", "7:0": "-1,-1,-1", "8:1000012": "-1,-1,-1"}
mcp2k	396882	18255	0	1	12	22.7044	2.78268	442.64	312	38	1	0	55.5887	1.09607	0.1113	0.293478	55.5887	1.09607	0.1113	55.5887	55.5887	55.5887	55.5887	48113.8	84	0.16521	1.42944e+07	1	12.4634	1419.12	0.941329	154.298	nu-candidate	1	1.3134872	-15.0	280.24414	9.972	5.752	1161080	{"10:1000004": "-1,-1,-1", "11:5": "-1,-1,-1", "12:1000002": "0,0,0", "13:1000000": "-1,-1,-1", "14:0": "-1,-1,-1", "3:1": "-1,-1,-1", "5:2": "-1,-1,-1", "8:3": "-1,-1,-1"}
mcp2k	396927	18255	0	1	15	-13.1649	109.455	478.251	388	72	4	1	74.2925	1.0342	0.241723	0.109196	21.2582	1.03855	0.0938044	21.2582	0	21.2582	0	50441.2	27	0.056238	2.60408e+07	1	27.2988	-1	-1	-1	nu-candidate	1	1.3733243	-15.0	799.06177	13.532	6.079	1169640	{"10:3": "-1,-1,-1", "11:1000005": "-1,-1,-1", "14:1000000": "-1,-1,-1", "15:5": "0,0,0", "16:1000003": "-1,-1,-1", "17:4": "-1,-1,-1", "18:6": "-1,-1,-1", "19:1000001": "-1,-1,-1", "1:7": "-1,-1,-1", "3:12": "-1,-1,-1", "5:8": "-1,-1,-1", "7:0": "-1,-1,-1"}
mcp2k	397190	18255	0	1	10	-48.2217	-25.9481	346.749	1035	191	2	0	176.637	1.03121	0.95126	0.0353964	16.256	1.25798	0.219405	0	0	16.256	16.256	53618.6	258	0.334449	4.47369e+07	1	24.5857	433.016	0.399736	377.867	nu-candidate	1	3.374261	-15.0	549.39886	14.649	7.171	1226640	{"10:6": "0,0,1", "11:3": "-1,-1,-1", "12:1000004": "-1,-1,-1", "13:1000003": "-1,-1,-1", "14:1000002": "-1,-1,-1", "4:1000005": "-1,-1,-1", "6:1000000": "-1,-1,-1", "7:1": "-1,-1,-1", "8:2": "-1,-1,-1", "9:9": "-1,-1,-1"}
mcp2k	397542	18255	0	1	6	-98.5451	-175.682	346.249	100	24	2	0	19.3525	1.03968	0.100199	0.16129	19.3525	1.03968	0.100199	19.3525	0	19.3525	0	nan	0	0.00889021	1.06882e+07	1	1.17906	-1	-1	-1	nu-candidate	1	-1.8454056	-15.0	258.8562	13.238	5.418	1214680	{"10:1000012": "-1,-1,-1", "12:1000002": "-1,-1,-1", "14:1000005": "-1,-1,-1", "16:1000003": "-1,-1,-1", "17:1000004": "-1,-1,-1", "18:4": "-1,-1,-1", "19:1000006": "-1,-1,-1", "1:6": "-1,-1,-1", "20:0": "-1,-1,-1", "21:8": "-1,-1,-1", "3:1": "-1,-1,-1", "5:5": "-1,-1,-1", "6:9": "0,0,1", "9:1000000": "-1,-1,-1"}
mcp2k	398181	18255	0	1	37	55.7914	170.747	344.82	1022	166	4	0	162.078	1.05432	0.385625	0.11274	38.5921	1.06035	0.168813	38.5921	0	38.5921	0	49952.3	164	0.0930761	4.48984e+07	1	5.49943	593.131	0.0895037	573.445	nu-candidate	1	3.7396922	-15.0	1154.1497	11.899	8.788	1179324	{"10:1000004": "-1,-1,-1", "11:0": "-1,-1,-1", "12:1000006": "-1,-1,-1", "1:7": "-1,-1,-1", "2:4": "-1,-1,-1", "5:1000001": "-1,-1,-1", "6:1000014": "-1,-1,-1", "7:1000000": "-1,-1,-1", "8:1000015": "-1,-1,-1", "9:5": "0,0,0"}
mcp2k	398191	18255	0	1	22	-119.771	150.719	250.402	1828	236	4	0	486.243	1.09236	6.10637	0.219719	486.243	1.09236	6.10637	486.243	486.243	486.243	82.134	47442.6	743	0.240905	9.99457e+07	1	24.5624	863.358	0.00218758	906.011	nu-candidate	1	3.8323576	-15.0	1441.3102	19.353	14.642	1332408	{"11:1000003": "-1,-1,-1", "12:1000010": "-1,-1,-1", "14:1000002": "-1,-1,-1", "16:1000004": "-1,-1,-1", "17:1": "-1,-1,-1", "18:5": "-1,-1,-1", "19:1000001": "-1,-1,-1", "1:15": "-1,-1,-1", "20:1000000": "-1,-1,-1", "21:2": "-1,-1,-1", "22:0": "0,0,0", "2:9": "-1,-1,-1", "3:8": "-1,-1,-1", "4:17": "-1,-1,-1", "8:3": "-1,-1,-1", "9:1000013": "-1,-1,-1"}
mcp2k	398225	18255	0	1	19	-100.799	45.2489	5.08997	1829	249	2	0	272.557	1.05551	0.789665	0.165501	129.284	1.09394	0.562227	129.284	129.284	129.284	129.284	53549.5	207	0.486748	1.0311e+08	1	40.8377	332.854	0.675894	306.783	cosmic-tagged	1	1.8669089	-15.0	987.7289	17.818	12.110	1209324	{"10:2": "-1,-1,-1", "11:0": "1,0,0", "12:8": "-1,-1,-1", "13:1000009": "-1,-1,-1", "14:4": "-1,-1,-1", "15:1000008": "-1,-1,-1", "3:9": "-1,-1,-1", "5:1000007": "-1,-1,-1", "7:1000003": "-1,-1,-1"}
mcp2k	399073	18255	0	1	-1	nan	nan	nan	0	0	0	0	0	nan	nan	nan	0	nan	nan	0	0	0	0	nan	0	nan	nan	0	0	-1	-1	-1	cosmic-tagged	1	-1.9416895	-15.0	0.0	9.037	5.540	843248	{"10:6": "-1,-1,-1", "11:10": "-1,-1,-1", "12:4": "-1,-1,-1", "13:1000004": "-1,-1,-1", "14:1000006": "-1,-1,-1", "15:12": "-1,-1,-1", "16:0": "-1,-1,-1", "17:1000001": "-1,-1,-1", "18:1000003": "0,1,0", "1:13": "-1,-1,-1", "7:1000011": "-1,-1,-1", "9:3": "-1,-1,-1"}
mcp2k	399303	18255	0	1	14	33.0897	147.377	101.272	962	228	2	0	236.734	1.02374	1.19181	0.0408823	85.4207	1.02927	1.99159	85.4207	0	85.4207	0	50508.4	243	0.352333	8.14845e+07	1	22.5345	317.399	0.0211694	358.687	nu-candidate	1	4.355907	-15.0	940.29706	12.362	7.670	1267084	{"10:1000004": "-1,-1,-1", "12:1000003": "-1,-1,-1", "13:0": "-1,-1,-1", "14:1000006": "0,0,1", "15:10": "-1,-1,-1", "16:1000002": "-1,-1,-1", "17:4": "-1,-1,-1", "18:1000001": "-1,-1,-1", "3:5": "-1,-1,-1", "6:3": "-1,-1,-1", "7:2": "-1,-1,-1", "8:1000016": "-1,-1,-1", "9:1000015": "-1,-1,-1"}
mcp2k	400029	18255	0	1	15	35.8461	-136.143	166.254	1565	171	3	0	230.199	1.07972	1.08273	0.269212	203.799	1.08777	1.18568	203.799	203.799	203.799	203.799	50993	331	0.0181226	4.8862e+07	1	1.20299	420.556	0.0613364	463.701	nu-candidate	1	3.6326308	-15.0	789.7915	17.515	10.980	1193412	{"11:1000010": "-1,-1,-1", "13:1000000": "-1,-1,-1", "14:1000001": "-1,-1,-1", "15:1000004": "0,0,1", "16:0": "-1,-1,-1", "2:11": "-1,-1,-1", "4:2": "-1,-1,-1", "6:4": "-1,-1,-1", "7:6": "-1,-1,-1", "8:1000009": "-1,-1,-1", "9:1000002": "-1,-1,-1"}
mcp2k	400185	18255	0	1	14	63.7256	157.554	26.1812	351	88	3	1	62.0948	1.00285	0.042957	0.00980392	0	nan	nan	0	0	0	0	60192.7	94	0.0454933	1.47399e+07	1	26.6471	2243.71	0.985138	169.806	nu-candidate	1	1.1182876	-15.0	543.87805	11.414	6.852	1147180	{"10:1000003": "-1,-1,-1", "11:9": "-1,-1,-1", "12:1000007": "-1,-1,-1", "13:1000013": "-1,-1,-1", "14:1000009": "0,0,1", "1:13": "-1,-1,-1", "2:1000012": "-1,-1,-1", "6:1000008": "-1,-1,-1", "8:4": "-1,-1,-1", "9:1000006": "-1,-1,-1"}
mcp2k	400239	18255	0	0																						nan	nan		nan	nan	nan	nan	cosmic-tagged	0				5.191	1.623	423940	{"11:1000003": "-1,-1,-1", "13:2": "-1,-1,-1", "14:1000005": "-1,-1,-1", "15:3": "-1,-1,-1", "16:5": "-1,-1,-1", "1:0": "-1,-1,-1", "2:6": "-1,-1,-1", "5:8": "0,1,0", "6:1000007": "-1,-1,-1", "7:1000002": "-1,-1,-1", "9:1000008": "-1,-1,-1"}
mcp2k	400779	18255	0	1	18	97.5212	35.9841	264.009	490	81	2	0	86.4991	1.01053	0.432186	0.021084	0	nan	nan	0	0	0	0	56814.7	126	0.494627	3.82894e+07	0	0	277.602	0.654147	221.832	nu-candidate	1	1.8498154	-15.0	333.11786	11.365	6.166	1211304	{"10:1000017": "-1,-1,-1", "11:1000014": "-1,-1,-1", "13:1000001": "-1,-1,-1", "15:1000002": "-1,-1,-1", "17:1000004": "-1,-1,-1", "18:1000006": "0,0,1", "19:1000005": "-1,-1,-1", "21:1000008": "-1,-1,-1", "22:6": "-1,-1,-1", "23:17": "-1,-1,-1", "24:1000007": "-1,-1,-1", "25:5": "-1,-1,-1", "26:1000015": "-1,-1,-1", "2:15": "-1,-1,-1", "4:0": "-1,-1,-1", "6:2": "-1,-1,-1", "8:11": "-1,-1,-1", "9:3": "-1,-1,-1"}
mcp2k	401197	18255	0	1	9	74.1153	-186.452	384.512	63	14	1	0	0	nan	nan	nan	0	nan	nan	0	0	0	0	nan	0	0.0270927	8.37576e+06	0	0	-1	-1	-1	nu-candidate	1	-2.9473238	-15.0	124.164734	10.336	5.732	1220536	{"-1:8": "-1,-1,-1", "10:3": "-1,-1,-1", "11:1000000": "-1,-1,-1", "12:1000005": "-1,-1,-1", "13:1000003": "-1,-1,-1", "14:1000001": "-1,-1,-1", "3:0": "-1,-1,-1", "5:1000010": "-1,-1,-1", "7:1000002": "-1,-1,-1", "9:1000007": "0,0,1"}
mcp2k	402209	18255	0	1	7	181.74	-72.4196	152.962	682	122	3	0	127.928	1.04328	0.631925	0.0806106	44.889	1.08722	0.463685	44.889	44.889	44.889	0	62172.2	84	0.220125	4.64089e+07	1	2.84379	142.967	0.456091	156.604	nu-candidate	1	3.923195	-15.0	770.88574	11.322	6.447	1214136	{"10:1000011": "-1,-1,-1", "12:1000005": "-1,-1,-1", "13:1000007": "-1,-1,-1", "14:2": "-1,-1,-1", "15:1000001": "-1,-1,-1", "16:1000009": "-1,-1,-1", "17:8": "-1,-1,-1", "1:5": "-1,-1,-1", "7:1000003": "0,0,0", "9:1000002": "-1,-1,-1"}
mcp2k	402297	18255	0	1	18	-107.263	8.52821	97.681	1386	162	2	1	241.215	1.06494	0.417289	0.259352	241.215	1.06494	0.417289	241.215	241.215	241.215	241.215	51071.1	393	0.139771	4.88023e+07	1	8.58767	557.37	0.424217	546.348	cosmic-tagged	1	0.6050288	-15.0	931.0134	15.244	11.970	1221016	{"10:1000005": "-1,-1,-1", "12:3": "-1,-1,-1", "13:1000000": "-1,-1,-1", "14:2": "1,0,0", "1:11": "-1,-1,-1", "2:10": "-1,-1,-1", "5:9": "-1,-1,-1", "6:0": "-1,-1,-1", "8:1000001": "-1,-1,-1"}
mcp2k	405201	18255	0	1	20	33.1667	13.784	72.9341	1656	269	4	0	366.685	1.05748	5.63775	0.164916	341.376	1.06052	6.0177	327.665	30.6607	341.376	0	50190.7	486	0.279158	1.01111e+08	1	91.8952	697.995	0.000678951	734.952	nu-candidate	1	3.5222385	-11.144559	1340.0259	16.488	13.168	1249568	{"10:1000000": "-1,-1,-1", "11:1000003": "-1,-1,-1", "13:1000004": "-1,-1,-1", "15:1000016": "-1,-1,-1", "17:1000002": "-1,-1,-1", "18:6": "-1,-1,-1", "19:1000006": "-1,-1,-1", "1:10": "-1,-1,-1", "20:1000001": "0,0,1", "21:0": "-1,-1,-1", "22:8": "-1,-1,-1", "23:5": "-1,-1,-1", "24:1000017": "-1,-1,-1", "2:3": "-1,-1,-1", "3:7": "-1,-1,-1", "6:4": "-1,-1,-1", "8:1000007": "-1,-1,-1"}
mcp2k	406125	18255	0	1	8	-8.22291	16.0378	28.4877	830	105	4	0	99.1461	1.0867	4.13037	0.156639	14.2037	1.24184	0.216584	14.2037	0	14.2037	0	58627.2	128	0.187475	2.83473e+07	1	277.83	190.758	0.149219	218.03	nu-candidate	1	1.4293367	-15.0	680.9256	13.423	8.292	1174252	{"10:1000006": "-1,-1,-1", "11:1": "-1,-1,-1", "12:0": "-1,-1,-1", "1:7": "-1,-1,-1", "2:10": "-1,-1,-1", "3:2": "-1,-1,-1", "6:1000007": "-1,-1,-1", "7:11": "-1,-1,-1", "8:1000001": "0,0,1", "9:1000002": "-1,-1,-1"}
mcp2k	406147	18255	0	1	22	87.2769	-117.633	61.7007	1642	259	8	1	416.469	1.03823	1.22778	0.143523	416.469	1.03823	1.22778	405.685	183.937	416.469	0	50414.7	557	0.0646569	8.89636e+07	1	4.41295	943.602	0.723383	386.669	nu-candidate	1	4.3396506	-15.0	1280.1373	15.255	13.311	1211352	{"11:1": "-1,-1,-1", "13:5": "-1,-1,-1", "14:10": "-1,-1,-1", "15:9": "-1,-1,-1", "17:2": "-1,-1,-1", "18:1000009": "-1,-1,-1", "20:1000000": "-1,-1,-1", "21:1000004": "-1,-1,-1", "22:1000001": "0,0,1", "2:14": "-1,-1,-1", "4:7": "-1,-1,-1", "7:3": "-1,-1,-1", "8:11": "-1,-1,-1", "9:13": "-1,-1,-1"}
mcp2k	407534	18255	0	1	11	187.177	-81.1523	89.9488	432	54	2	0	68.1331	1.07225	1.07257	0.267857	68.1331	1.07225	1.07257	68.1331	68.1331	68.1331	68.1331	61266.1	104	0.10216	2.06972e+07	1	3.28848	178.165	0.796222	180.085	nu-candidate	1	2.1683123	-15.0	477.24945	11.377	6.540	1165128	{"10:1000009": "-1,-1,-1", "11:1000000": "0,0,1", "12:1000008": "-1,-1,-1", "13:1000004": "-1,-1,-1", "14:1000002": "-1,-1,-1", "15:0": "-1,-1,-1", "16:1000011": "-1,-1,-1", "3:1000005": "-1,-1,-1", "4:1000003": "-1,-1,-1", "5:1000006": "-1,-1,-1", "8:1000007": "-1,-1,-1"}
mcp2k	407886	18255	0	1	11	36.8676	-19.4533	96.063	836	115	3	0	172.75	1.0674	1.65533	0.185914	91.8394	1.06397	0.898797	91.8394	91.8394	91.8394	91.8394	62755	100	0.122164	4.83853e+07	1	2.39108	433.603	0.942911	184.371	nu-candidate	1	-0.5663735	-15.0	460.5989	12.151	7.051	1174044	{"10:1000007": "-1,-1,-1", "11:1000001": "0,0,0", "4:1000009": "-1,-1,-1", "5:1000000": "-1,-1,-1", "6:6": "-1,-1,-1", "7:7": "-1,-1,-1", "8:1": "-1,-1,-1", "9:1000011": "-1,-1,-1"}
mcp2k	408326	18255	0	1	21	66.814	-98.8445	231.439	912	173	3	1	260.297	1.02979	0.263606	0.12314	260.297	1.02979	0.263606	260.297	58.4387	260.297	0	49310.3	327	0.122406	5.88437e+07	0	0	1469.07	0.822372	466.121	nu-candidate	1	5.0182257	-15.0	945.97925	10.155	7.692	1205152	{"10:0": "-1,-1,-1", "12:1000016": "-1,-1,-1", "13:1000001": "-1,-1,-1", "14:1000018": "-1,-1,-1", "16:1000003": "-1,-1,-1", "17:1000006": "-1,-1,-1", "19:1000004": "-1,-1,-1", "1:9": "-1,-1,-1", "20:1000000": "-1,-1,-1", "21:1000002": "0,0,0", "22:6": "-1,-1,-1", "23:11": "-1,-1,-1", "24:4": "-1,-1,-1", "25:1": "-1,-1,-1", "2:12": "-1,-1,-1", "4:3": "-1,-1,-1", "6:8": "-1,-1,-1"}
mcp2k	409052	18255	0	0																						nan	nan		nan	nan	nan	nan	cosmic-tagged	0				6.271	2.080	483108	{"12:1000006": "-1,-1,-1", "15:1000007": "-1,-1,-1", "16:2": "-1,-1,-1", "17:1000000": "0,1,0", "18:1000005": "-1,-1,-1", "19:1000004": "-1,-1,-1", "20:1000015": "-1,-1,-1", "21:1000012": "-1,-1,-1", "2:11": "-1,-1,-1", "5:0": "-1,-1,-1", "7:1": "-1,-1,-1", "9:1000010": "-1,-1,-1"}
mcp2k	409140	18255	0	1	13	-75.4966	-1.42815	410.573	260	33	2	0	73.4945	1.06114	0.42562	0.231405	73.4945	1.06114	0.42562	73.4945	73.4945	73.4945	73.4945	nan	0	0.137189	2.85917e+07	0	0	-1	-1	-1	nu-candidate	1	-0.048604347	-15.0	445.7991	9.662	6.354	1206204	{"10:8": "-1,-1,-1", "11:3": "-1,-1,-1", "12:5": "-1,-1,-1", "13:6": "0,0,1", "14:4": "-1,-1,-1", "15:0": "-1,-1,-1", "1:7": "-1,-1,-1", "5:9": "-1,-1,-1", "7:1000007": "-1,-1,-1", "8:1000005": "-1,-1,-1", "9:1000002": "-1,-1,-1"}
mcp2k	409906	18255	0	1	13	-18.7071	-68.9451	382.252	701	129	5	1	106.252	1.02616	0.573484	0.0574789	37.7841	1.04002	0.388418	37.7841	37.7841	37.7841	0	56771.4	102	0.0511546	3.05978e+07	1	10.0168	242.014	0.829933	183.5	nu-candidate	1	3.224597	-15.0	886.19604	9.469	6.490	1161800	{"10:2": "-1,-1,-1", "11:3": "-1,-1,-1", "12:5": "-1,-1,-1", "13:4": "0,0,1", "3:0": "-1,-1,-1", "4:1000000": "-1,-1,-1", "5:1000007": "-1,-1,-1", "8:1": "-1,-1,-1", "9:6": "-1,-1,-1"}
mcp2k	410126	18255	0	1	17	-177.681	146.146	153.192	342	50	1	0	44.5202	1.01651	0.206191	0.0273973	0	nan	nan	0	0	0	0	57818.3	65	0.316932	1.21326e+07	0	0	398.404	0.932473	131.668	nu-candidate	1	0.7788451	-15.0	237.68748	8.990	5.943	1219280	{"11:2": "-1,-1,-1", "13:1000004": "-1,-1,-1", "14:5": "-1,-1,-1", "15:17": "-1,-1,-1", "16:0": "-1,-1,-1", "17:9": "0,0,0", "18:7": "-1,-1,-1", "19:1": "-1,-1,-1", "1:8": "-1,-1,-1", "20:1000011": "-1,-1,-1", "4:10": "-1,-1,-1", "5:16": "-1,-1,-1", "8:4": "-1,-1,-1"}
mcp2k	410680	18255	0	1	11	-80.3952	11.6514	11.3799	925	149	4	0	160.752	1.02263	0.651808	0.0722297	11.8489	1.06319	0.266964	11.8489	11.8489	11.8489	11.8489	nan	0	0.232958	4.89585e+07	1	5.98265	-1	-1	-1	nu-candidate	1	0.4480887	-15.0	944.56006	9.097	7.546	1161748	{"10:1000002": "-1,-1,-1", "11:2": "0,0,1", "1:6": "-1,-1,-1", "4:7": "-1,-1,-1", "5:1000008": "-1,-1,-1", "6:1000009": "-1,-1,-1", "7:1000003": "-1,-1,-1", "8:1000000": "-1,-1,-1", "9:0": "-1,-1,-1"}
mcp2k	412396	18255	0	1	18	-82.1929	-131.038	73.8888	950	170	2	0	156.669	1.01319	0.184271	0.0347499	0	nan	nan	0	0	0	0	51704.7	166	0.353764	5.89566e+07	1	2.82923	663.115	0.856985	261.045	nu-candidate	1	3.6272366	-15.0	683.62787	7.930	7.163	1312272	{"11:1000011": "-1,-1,-1", "12:1000004": "-1,-1,-1", "14:1000001": "-1,-1,-1", "15:1000006": "-1,-1,-1", "16:19": "-1,-1,-1", "17:5": "-1,-1,-1", "18:11": "0,0,0", "19:14": "-1,-1,-1", "20:1000005": "-1,-1,-1", "21:12": "-1,-1,-1", "22:1000009": "-1,-1,-1", "23:1000003": "-1,-1,-1", "2:9": "-1,-1,-1", "5:1000000": "-1,-1,-1", "7:1000002": "-1,-1,-1", "9:1000007": "-1,-1,-1"}
mcp2k	412638	18255	0	1	18	20.6454	-62.5906	42.1517	1272	206	2	0	271.916	1.04764	2.99806	0.139697	271.916	1.04764	2.99806	271.916	136.325	271.916	136.325	49947.1	435	0.279735	6.98859e+07	1	12.803	591.915	0.0390113	616.97	nu-candidate	1	5.01977	-15.0	763.5884	8.988	7.577	1265052	{"10:9": "-1,-1,-1", "13:6": "-1,-1,-1", "15:1000007": "-1,-1,-1", "16:1000001": "-1,-1,-1", "18:1000005": "0,0,1", "1:14": "-1,-1,-1", "20:7": "-1,-1,-1", "21:0": "-1,-1,-1", "22:1000002": "-1,-1,-1", "23:1000003": "-1,-1,-1", "24:1000009": "-1,-1,-1", "25:2": "-1,-1,-1", "26:5": "-1,-1,-1", "27:10": "-1,-1,-1", "4:3": "-1,-1,-1", "5:12": "-1,-1,-1", "7:1": "-1,-1,-1"}
mcp2k	414240	18255	0	1	17	8.0758	99.8119	219.147	1357	221	4	0	318.298	1.03792	0.796251	0.155386	257.646	1.03603	0.709341	257.646	0	257.646	0	51895.3	495	0.0415542	6.53224e+07	1	2.17464	741.481	0.0678779	697.667	nu-candidate	1	4.9057736	-15.0	943.8257	12.652	9.878	1273224	{"10:1000002": "-1,-1,-1", "13:2": "-1,-1,-1", "14:1000013": "-1,-1,-1", "15:1000006": "-1,-1,-1", "16:5": "-1,-1,-1", "17:1000003": "0,0,0", "18:7": "-1,-1,-1", "19:3": "-1,-1,-1", "20:1000015": "-1,-1,-1", "2:14": "-1,-1,-1", "4:11": "-1,-1,-1", "7:1000001": "-1,-1,-1", "9:1000004": "-1,-1,-1"}
mcp2k	414306	18255	0	1	11	-127.113	-19.99	49.4404	842	114	2	0	228.917	1.05947	1.3247	0.200576	228.917	1.05947	1.3247	228.917	228.917	228.917	228.917	52436.5	363	0.0575715	4.35333e+07	0	0	498.779	0.160705	522.48	nu-candidate	1	4.3419995	-15.0	636.21466	6.089	6.389	1175520	{"10:1000001": "-1,-1,-1", "11:0": "0,0,1", "12:1000004": "-1,-1,-1", "13:3": "-1,-1,-1", "14:1000000": "-1,-1,-1", "1:8": "-1,-1,-1", "2:2": "-1,-1,-1", "3:1": "-1,-1,-1", "5:4": "-1,-1,-1", "9:1000002": "-1,-1,-1"}
mcp2k	415186	18255	0	1	19	-134.009	73.4744	201.853	447	96	2	0	82.3925	1.01441	1.27591	0.0220588	0	nan	nan	0	0	0	0	49205.9	128	0.518971	3.86308e+07	1	5.81263	264.131	0.630486	213.172	nu-candidate	1	3.2962427	-15.0	446.36697	7.224	6.394	1287072	{"10:1000006": "-1,-1,-1", "11:1000012": "-1,-1,-1", "13:1000000": "-1,-1,-1", "15:1000001": "-1,-1,-1", "16:1000003": "-1,-1,-1", "17:1000002": "-1,-1,-1", "18:3": "-1,-1,-1", "19:1": "0,0,0", "20:1000004": "-1,-1,-1", "21:6": "-1,-1,-1", "22:11": "-1,-1,-1", "23:2": "-1,-1,-1", "5:0": "-1,-1,-1", "8:5": "-1,-1,-1"}
mcp2k	417100	18255	0	1	25	-119.96	-27.5257	348.173	752	116	1	0	162.836	1.04693	0.360901	0.203704	162.836	1.04693	0.360901	162.836	0	162.836	0	50304.8	262	0.14337	3.23758e+07	0	0	3010.9	0.953125	380.369	nu-candidate	1	3.8004441	-15.0	491.43274	7.236	6.509	1286672	{"11:8": "-1,-1,-1", "12:1000016": "-1,-1,-1", "14:1000001": "-1,-1,-1", "17:1000007": "-1,-1,-1", "20:1000000": "-1,-1,-1", "21:0": "-1,-1,-1", "22:1": "-1,-1,-1", "23:1000004": "-1,-1,-1", "24:3": "-1,-1,-1", "25:9": "0,0,0", "26:5": "-1,-1,-1", "27:7": "-1,-1,-1", "28:6": "-1,-1,-1", "29:1000002": "-1,-1,-1", "3:18": "-1,-1,-1", "6:11": "-1,-1,-1"}
mcp2k	417782	18255	0	1	14	33.5848	117.5	36.3312	56	11	2	0	0	nan	nan	nan	0	nan	nan	0	0	0	0	nan	0	0.0154223	6.72526e+06	0	0	-1	-1	-1	nu-candidate	1	-2.609979	-15.0	150.7878	6.622	4.951	1149392	{"11:1000003": "-1,-1,-1", "13:1000004": "-1,-1,-1", "14:1000008": "0,0,1", "15:1000005": "-1,-1,-1", "16:1000001": "-1,-1,-1", "17:1": "-1,-1,-1", "1:12": "-1,-1,-1", "2:2": "-1,-1,-1", "4:3": "-1,-1,-1", "6:4": "-1,-1,-1", "9:1000006": "-1,-1,-1"}
mcp2k	473952	18255	0	1	18	-96.4938	103.846	357.44	963	122	3	0	156.07	1.07919	4.52886	0.198636	156.07	1.07919	4.52886	156.07	156.07	156.07	156.07	55239	230	0.0878201	3.53605e+07	1	13.7688	302.605	0.266591	364.993	nu-candidate	1	2.1635456	-15.0	706.6515	7.720	7.093	1289408	{"11:1000001": "-1,-1,-1", "12:1000021": "-1,-1,-1", "13:1000000": "-1,-1,-1", "14:1000004": "-1,-1,-1", "15:1000003": "-1,-1,-1", "16:1000005": "-1,-1,-1", "17:1000009": "-1,-1,-1", "18:9": "0,0,0", "19:5": "-1,-1,-1", "1:24": "-1,-1,-1", "20:13": "-1,-1,-1", "21:3": "-1,-1,-1", "22:0": "-1,-1,-1", "5:2": "-1,-1,-1", "7:1": "-1,-1,-1", "9:15": "-1,-1,-1"}
mcp2k	474678	18255	0	1	61	-11.586	190.795	40.957	217	44	2	0	29.2718	1.0093	0.0619245	0.0416667	0	nan	nan	0	0	0	0	nan	0	0.20856	1.63918e+07	1	2.53138	434.744	0.828922	241.297	nu-candidate	1	-0.41924652	-15.0	622.58844	8.083	7.588	1248060	{"-1:5": "-1,-1,-1", "10:1000012": "-1,-1,-1", "11:1000003": "-1,-1,-1", "12:1000005": "-1,-1,-1", "13:3": "-1,-1,-1", "14:1000010": "-1,-1,-1", "15:1000011": "-1,-1,-1", "16:1000007": "-1,-1,-1", "17:1000006": "0,0,0", "2:4": "-1,-1,-1", "3:2": "-1,-1,-1", "6:13": "-1,-1,-1", "8:1000001": "-1,-1,-1"}
mcp2k	475140	18255	0	1	10	-176.527	-71.5082	368.922	699	96	1	0	144.424	1.05318	0.504977	0.233333	144.424	1.05318	0.504977	144.424	144.424	144.424	0	50265.6	232	0.115666	2.94409e+07	0	0	1086.3	0.850231	341.083	nu-candidate	1	1.9110286	-15.0	452.62982	8.075	6.609	1214164	{"10:3": "0,0,0", "12:1000002": "-1,-1,-1", "13:1000003": "-1,-1,-1", "14:1000000": "-1,-1,-1", "15:1000001": "-1,-1,-1", "16:7": "-1,-1,-1", "17:4": "-1,-1,-1", "18:1000006": "-1,-1,-1", "4:2": "-1,-1,-1", "6:10": "-1,-1,-1", "8:0": "-1,-1,-1"}
mcp2k	478088	18255	0	1	22	-152.559	17.827	400.188	777	130	4	0	166.59	1.02723	0.217685	0.138606	166.59	1.02723	0.217685	166.59	0	166.59	0	49918	175	0.311189	5.86131e+07	0	0	831.468	0.844092	282.043	nu-candidate	1	4.2428207	-15.0	890.2761	9.903	8.044	1342292	{"11:1000005": "-1,-1,-1", "14:1000002": "-1,-1,-1", "15:0": "-1,-1,-1", "16:1000006": "-1,-1,-1", "17:6": "-1,-1,-1", "18:3": "-1,-1,-1", "19:10": "-1,-1,-1", "1:19": "-1,-1,-1", "20:21": "-1,-1,-1", "21:1000001": "-1,-1,-1", "22:1": "0,0,0", "2:9": "-1,-1,-1", "3:5": "-1,-1,-1", "5:7": "-1,-1,-1", "7:4": "-1,-1,-1"}
mcp2k	478220	18255	0	1	17	60.5483	-85.2395	160.427	958	187	2	0	271.696	1.04774	6.15518	0.176991	271.696	1.04774	6.15518	271.696	0	271.696	0	50136.7	444	0.394305	7.98167e+07	1	47.7925	586.253	0.0127664	618.031	nu-candidate	1	4.1076894	-15.0	1027.985	9.840	8.297	1212064	{"10:8": "-1,-1,-1", "11:1000009": "-1,-1,-1", "13:1000007": "-1,-1,-1", "14:1000002": "-1,-1,-1", "15:1": "-1,-1,-1", "16:1000005": "-1,-1,-1", "17:1000004": "0,0,1", "18:0": "-1,-1,-1", "19:3": "-1,-1,-1", "1:13": "-1,-1,-1", "2:4": "-1,-1,-1", "4:2": "-1,-1,-1", "8:12": "-1,-1,-1"}
mcp2k	478594	18255	0	1	9	171.688	-155.37	106.403	186	27	2	0	25.7903	1.032	0.062791	0.168577	13.5863	1.05024	0.0560738	13.5863	13.5863	13.5863	0	nan	0	0.0173653	1.6001e+07	1	0.509043	-1	-1	-1	nu-candidate	1	-1.5774767	-15.0	284.20755	7.582	5.315	1181732	{"11:1000002": "-1,-1,-1", "12:2": "-1,-1,-1", "13:1000001": "-1,-1,-1", "14:1000006": "-1,-1,-1", "15:0": "-1,-1,-1", "16:1": "-1,-1,-1", "1:3": "-1,-1,-1", "5:1000009": "-1,-1,-1", "6:1000005": "-1,-1,-1", "8:1000000": "-1,-1,-1", "9:1000004": "0,0,1"}
mcp2k	478638	18255	0	1	5	34.8635	-166.829	109.793	846	137	3	0	164.964	1.02738	1.97909	0.0517211	17.6475	1.12945	0.177924	17.6475	17.6475	17.6475	0	52262	236	0.00571782	3.19986e+07	1	1.39089	368.986	0.346722	350.234	nu-candidate	1	1.7405233	-15.0	573.9955	5.787	6.057	1161604	{"3:1000002": "-1,-1,-1", "4:1000006": "-1,-1,-1", "5:1000004": "0,0,0", "6:1000007": "-1,-1,-1", "7:4": "-1,-1,-1", "8:1000000": "-1,-1,-1", "9:1000005": "-1,-1,-1"}
mcp2k	479650	18255	0	1	71	76.9973	137.291	439.434	249	34	2	0	10.191	1.1475	0.253126	0.3125	0	nan	nan	0	0	0	0	nan	0	0.584547	8.12681e+06	1	185.122	-1	-1	-1	nu-candidate	1	-0.8646992	-15.0	377.75464	7.933	6.749	1224432	{"10:1000000": "-1,-1,-1", "11:1000004": "-1,-1,-1", "12:2": "-1,-1,-1", "1:0": "-1,-1,-1", "2:4": "-1,-1,-1", "3:1000005": "-1,-1,-1", "4:1000008": "-1,-1,-1", "6:1000006": "-1,-1,-1", "8:1000007": "0,0,1", "9:1000002": "-1,-1,-1"}
mcp2k	480728	18255	0	1	11	-129.813	-172.116	19.9644	232	44	2	0	40.7055	1.04396	0.262179	0.21297	0	nan	nan	0	0	0	0	52456.4	40	0.27581	1.62969e+07	1	5.20426	-1	-1	-1	nu-candidate	1	2.7853851	-15.0	350.90842	6.013	5.220	1143188	{"10:9": "-1,-1,-1", "11:3": "0,0,0", "12:1000004": "-1,-1,-1", "1:8": "-1,-1,-1", "3:11": "-1,-1,-1", "5:4": "-1,-1,-1", "7:1000002": "-1,-1,-1", "8:1": "-1,-1,-1", "9:1000000": "-1,-1,-1"}
mcp2k	497311	18255	0	1	19	26.0275	7.66971	1.94543	730	106	1	0	166.423	1.04523	0.505985	0.163043	166.423	1.04523	0.505985	166.423	166.423	166.423	0	51239.7	268	0.116706	3.38693e+07	1	0.888058	1047.61	0.599894	743.404	nu-candidate	1	-1.2748135	-15.0	1731.8955	12.918	10.920	1291084	{"10:1000004": "-1,-1,-1", "11:0": "-1,-1,-1", "12:1000002": "-1,-1,-1", "13:1": "-1,-1,-1", "14:2": "-1,-1,-1", "15:3": "0,0,0", "3:1000010": "-1,-1,-1", "5:1000003": "-1,-1,-1", "6:1000009": "-1,-1,-1", "8:1000001": "-1,-1,-1"}
mcp2k	497355	18255	0	1	9	128.669	177.522	173.369	802	128	3	0	124.357	1.01902	0.856216	0.058591	0	nan	nan	0	0	0	0	52246.2	189	0.121868	2.7898e+07	0	0	521.28	0.652953	300.71	nu-candidate	1	3.933529	-15.0	494.5597	7.994	6.176	1173564	{"1:3": "-1,-1,-1", "2:1000002": "-1,-1,-1", "3:1000007": "-1,-1,-1", "6:5": "-1,-1,-1", "7:1000000": "-1,-1,-1", "8:0": "-1,-1,-1", "9:1000001": "0,0,0"}
mcp2k	500149	18255	0	1	17	18.2188	-36.4359	403.886	998	114	4	1	150.273	1.04681	1.56888	0.212851	150.273	1.04681	1.56888	150.273	150.273	150.273	150.273	49093.5	241	0.127833	3.40174e+07	0	0	456.539	0.633994	355.683	nu-candidate	1	3.3128037	-15.0	760.52954	9.832	8.216	1290148	{"10:1000006": "-1,-1,-1", "12:1000001": "-1,-1,-1", "13:1000002": "-1,-1,-1", "15:1000000": "-1,-1,-1", "16:1000004": "-1,-1,-1", "17:1000007": "0,0,0", "18:1": "-1,-1,-1", "19:2": "-1,-1,-1", "1:9": "-1,-1,-1", "20:4": "-1,-1,-1", "2:0": "-1,-1,-1", "4:5": "-1,-1,-1", "8:6": "-1,-1,-1"}
mcp2k	501711	18255	0	1	13	41.8693	188.033	41.5146	628	84	3	0	115.76	1.0397	1.59775	0.177083	115.76	1.0397	1.59775	115.76	115.76	115.76	0	54041.4	184	0.0111928	2.76746e+07	1	46.5138	342.531	0.746029	282.922	nu-candidate	1	2.9274561	-15.0	677.5332	8.318	6.744	1177336	{"10:1000004": "-1,-1,-1", "11:1000000": "-1,-1,-1", "12:1000002": "-1,-1,-1", "13:1000003": "0,0,1", "14:0": "-1,-1,-1", "1:4": "-1,-1,-1", "2:10": "-1,-1,-1", "6:6": "-1,-1,-1", "7:1000006": "-1,-1,-1", "8:1000005": "-1,-1,-1"}
mcp2k	502525	18255	0	1	19	27.3842	26.8816	295.354	325	51	4	1	53.8077	1.08291	0.430852	0.250167	42.0898	1.08866	0.535841	42.0898	0	42.0898	0	58624.7	61	0.137479	1.69101e+07	1	6.8655	129.07	0.771365	124.083	nu-candidate	1	2.3429868	-15.0	377.2583	5.595	6.070	1196900	{"10:7": "-1,-1,-1", "12:0": "-1,-1,-1", "14:1000002": "-1,-1,-1", "15:1000006": "-1,-1,-1", "16:1000000": "-1,-1,-1", "17:6": "-1,-1,-1", "18:1000008": "-1,-1,-1", "19:1000005": "0,0,1", "1:13": "-1,-1,-1", "20:5": "-1,-1,-1", "21:1000003": "-1,-1,-1", "2:20": "-1,-1,-1", "3:14": "-1,-1,-1", "5:4": "-1,-1,-1", "7:12": "-1,-1,-1", "9:1": "-1,-1,-1"}
