run	subrun	event	idx	flav	mode	ccnc	Etot	Edep	T	vx	vy	vz	event_has_candidate	n_candidates	min_cand_dist_cm
711	20	2	0	numu	RES	CC	894.8	0.0	0.387	619.02	10.75	-411.09	1	1	1141.87
711	20	2	1	numu	RES	CC	1515.5	395.9	1.154	-132.26	132.03	440.71	1	1	0.43
711	20	2	2	numu	QE	CC	328.4	0.0	1.095	-158.32	-462.9	412.98	1	1	595.93
711	20	2	3	numu	RES	CC	1375.1	0.0	1.357	703.7	-430.55	809.05	1	1	1072.79
711	20	5	0	numu	QE	CC	1618.4	657.9	0.561	-126.53	81.42	226.53	1	1	0.41
711	20	6	0	numu	MEC	NC	600.2	0.0	0.878	-698.0	-598.82	87.91	0	0	-1.00
711	20	6	1	numu	QE	CC	937.9	84.9	0.256	-107.6	-216.47	190.4	0	0	-1.00
711	20	6	2	numu	RES	CC	1398.6	168.2	0.282	-83.95	-1.44	-140.33	0	0	-1.00
711	20	6	3	numu	RES	NC	1524.1	0.0	0.587	179.39	-81.52	1006.07	0	0	-1.00
711	20	7	0	numu	QE	CC	663.6	0.0	0.996	145.34	-498.57	248.26	0	0	-1.00
711	20	7	1	numu	MEC	NC	1010.4	0.0	0.742	-250.77	227.82	-505.28	0	0	-1.00
711	20	7	2	numu	QE	CC	1290.8	141.0	1.13	-92.38	159.71	-299.85	0	0	-1.00
711	20	13	0	numu	DIS	CC	3450.4	0.0	0.289	-6.86	585.97	-447.09	1	1	957.68
711	20	13	1	numu	MEC	CC	1262.3	1059.5	1.322	-30.33	49.87	346.23	1	1	0.47
711	20	14	0	numu	QE	CC	879.8	533.6	1.308	-137.18	228.93	-22.48	0	0	-1.00
711	20	23	0	numu	MEC	CC	1525.4	443.1	1.347	-92.16	1.76	-27.01	0	0	-1.00
711	20	25	0	numu	DIS	CC	811.6	553.8	0.113	-159.08	153.11	351.61	1	1	0.05
711	20	28	0	numu	DIS	CC	2843.1	0.0	0.726	-590.6	-331.0	658.78	1	1	499.00
711	20	28	1	numu	RES	CC	1165.4	239.7	1.228	-200.25	-88.26	467.96	1	1	22.30
711	20	30	0	numu	QE	NC	607.9	102.2	0.332	-45.0	187.53	275.4	0	0	-1.00
711	20	30	1	numu	RES	CC	1002.7	6.6	1.197	-148.95	-141.32	626.29	0	0	-1.00
711	20	38	0	numu	RES	NC	2799.9	0.2	1.538	-516.08	-49.39	575.25	0	0	-1.00
711	20	41	0	numu	RES	CC	1192.2	19.5	1.292	-19.76	-126.24	611.14	0	0	-1.00
711	20	41	1	numu	QE	NC	392.5	0.0	0.243	574.01	-143.66	898.59	0	0	-1.00
711	20	41	2	numu	RES	CC	1258.9	7.7	0.583	363.45	-107.47	351.07	0	0	-1.00
711	20	42	0	numu	DIS	CC	1072.7	40.4	0.211	6.98	15.21	-24.4	1	1	219.47
711	20	42	1	numu	RES	CC	1005.5	0.0	0.352	-529.93	487.6	171.8	1	1	572.01
711	20	46	0	numu	DIS	CC	3559.7	98.5	0.34	241.86	-127.97	376.7	0	0	-1.00
711	20	49	0	numu	QE	CC	232.4	0.0	0.202	-418.65	588.62	-283.85	0	0	-1.00
711	20	49	1	numu	RES	CC	1723.5	0.3	0.731	0.19	-430.19	273.03	0	0	-1.00
711	60	1	0	numu	QE	CC	1159.3	0.4	0.409	-320.11	213.35	207.13	0	0	-1.00
711	60	5	0	numu	DIS	NC	5328.7	1285.5	0.695	144.58	-44.7	308.83	1	1	61.34
711	60	13	0	numu	QE	NC	810.2	5.0	0.152	47.34	-53.34	464.05	0	0	-1.00
711	60	16	0	numu	QE	CC	464.6	1.2	1.216	-162.69	141.22	633.6	0	0	-1.00
711	60	19	0	numu	DIS	CC	2496.2	0.8	0.268	-215.41	39.73	580.92	0	0	-1.00
711	60	19	1	numu	QE	CC	1000.4	1.4	1.093	257.67	-183.28	342.48	0	0	-1.00
711	60	31	0	numu	QE	NC	541.6	119.7	0.192	73.95	177.35	-14.06	0	0	-1.00
711	60	34	0	numu	QE	CC	324.8	96.1	1.265	203.6	163.2	332.05	0	0	-1.00
711	60	49	0	numu	QE	CC	1603.0	1144.8	0.836	71.06	-110.45	-32.31	0	0	-1.00
711	60	50	0	numu	QE	CC	398.6	0.0	1.277	-178.51	-202.22	-401.64	0	0	-1.00
711	60	50	1	numu	DIS	CC	3025.8	194.2	0.763	-228.12	-91.59	-465.79	0	0	-1.00
711	79	5	0	numu	RES	CC	808.8	19.8	0.783	217.37	-192.19	93.18	0	0	-1.00
711	79	5	1	numu	MEC	CC	677.0	0.0	0.261	-160.22	-227.45	972.62	0	0	-1.00
711	79	6	0	numu	RES	CC	496.6	261.7	0.37	2.66	-1.9	236.86	1	1	2.12
711	79	7	0	numu	QE	CC	2049.0	281.0	0.738	-49.64	131.79	418.3	1	1	1.05
711	79	10	0	numu	DIS	CC	3630.9	1048.2	0.587	112.15	43.14	453.53	1	1	0.53
711	79	13	0	numu	RES	CC	1813.1	979.3	0.244	-42.22	5.41	-140.23	1	1	606.23
711	79	16	0	numu	RES	NC	2262.9	828.3	1.047	76.9	38.62	55.57	1	1	79.41
711	79	16	1	numu	QE	CC	1505.8	0.0	1.506	-443.07	308.24	-364.95	1	1	787.81
711	79	16	2	numu	QE	NC	390.6	0.0	0.79	-2.07	-577.5	-257.6	1	1	742.61
711	79	24	0	numu	RES	NC	1977.6	0.0	0.576	-135.62	556.96	-456.01	1	1	878.84
711	79	24	1	numu	RES	CC	875.5	626.7	0.75	45.56	49.39	237.95	1	1	0.80
711	79	26	0	numu	MEC	CC	1290.9	117.3	0.322	42.87	-204.48	476.7	0	0	-1.00
711	79	27	0	numu	QE	CC	1952.7	455.8	0.564	177.91	-20.37	354.89	1	1	0.22
711	79	30	0	numu	QE	NC	2226.6	217.4	1.226	135.91	-58.24	377.66	0	0	-1.00
711	79	35	0	numu	MEC	CC	1332.6	423.4	1.088	-37.45	-70.28	-371.74	0	0	-1.00
711	79	35	1	numu	QE	NC	464.9	0.0	0.263	-72.26	-28.02	417.42	0	0	-1.00
711	79	36	0	numu	QE	NC	1093.0	0.3	1.385	-138.54	-232.49	544.04	0	0	-1.00
711	79	42	0	numu	RES	NC	1535.3	0.4	0.32	-315.22	-99.38	-116.82	0	0	-1.00
711	79	44	0	numu	DIS	CC	4373.4	2546.4	1.486	-188.38	93.8	157.83	1	1	0.43
711	79	45	0	numu	RES	CC	814.3	633.2	1.294	148.78	45.07	68.36	1	1	0.94
711	79	48	0	numu	RES	NC	920.6	255.6	0.927	-80.25	-131.38	454.56	1	1	9.21
711	79	48	1	numu	QE	CC	909.3	0.0	0.3	-315.08	41.22	962.83	1	1	591.60
711	90	4	0	numu	RES	CC	1596.2	0.0	1.002	-696.53	-466.79	998.84	0	0	-1.00
711	90	4	1	numu	MEC	CC	709.1	126.4	1.037	223.77	147.52	331.72	0	0	-1.00
711	90	6	0	numu	RES	CC	763.1	484.9	0.476	85.96	-177.92	8.87	1	1	0.75
711	90	11	0	numu	QE	NC	564.3	2.7	0.171	236.6	201.28	436.55	0	0	-1.00
711	90	13	0	numu	QE	NC	612.8	25.0	0.249	6.71	-211.79	70.97	0	0	-1.00
711	90	13	1	nue	RES	CC	656.4	0.0	0.843	169.82	150.3	-367.57	0	0	-1.00
711	90	15	0	numu	RES	CC	1878.8	3.3	1.5	-204.7	-192.51	87.52	0	0	-1.00
711	90	18	0	numu	RES	CC	2900.7	1124.9	0.581	67.81	-92.7	-292.24	1	1	303.09
711	90	18	1	numu	QE	CC	617.7	209.5	1.078	-24.37	42.44	444.14	1	1	465.74
711	90	19	0	numu	QE	CC	673.0	10.2	1.259	-510.71	93.89	175.54	1	1	409.56
711	90	19	1	numu	RES	NC	3154.8	1245.4	1.427	-103.47	99.74	143.19	1	1	5.64
711	90	20	0	numu	QE	CC	567.5	0.0	0.731	-228.76	-151.19	-323.97	0	0	-1.00
711	90	20	1	numu	MEC	CC	278.6	0.0	0.693	631.54	217.38	245.32	0	0	-1.00
711	90	20	2	numu	RES	NC	784.3	1.1	1.396	294.48	103.37	-311.39	0	0	-1.00
711	90	20	3	numu	QE	NC	963.5	23.1	0.903	-19.79	80.31	305.8	0	0	-1.00
711	90	25	0	numu	RES	CC	1581.3	1146.0	0.994	118.96	170.02	141.53	1	1	1.67
711	90	25	1	numu	QE	CC	1061.4	0.0	0.613	99.62	-79.88	-439.54	1	1	634.20
711	90	25	2	numu	MEC	CC	691.3	0.0	0.511	-48.12	-425.08	1006.83	1	1	1062.08
711	90	27	0	numu	QE	NC	1133.4	183.1	0.351	-13.25	-52.21	227.74	0	0	-1.00
711	90	27	1	numu	RES	CC	703.0	0.0	0.607	-634.14	333.19	527.77	0	0	-1.00
711	90	30	0	numu	RES	CC	989.9	726.2	0.894	18.43	53.99	21.55	1	1	2.77
711	90	32	0	numu	RES	CC	1298.3	739.0	0.31	67.45	-201.84	75.72	1	1	-1.00
711	90	35	0	numu	RES	CC	3619.6	0.0	0.73	341.68	151.21	1321.54	1	1	1002.28
711	90	35	1	numu	QE	NC	544.6	0.0	1.432	-111.13	-196.61	-357.15	1	1	820.43
711	90	35	2	numu	RES	NC	635.6	494.8	0.717	-60.73	95.17	400.41	1	1	8.72
711	90	36	0	numu	QE	CC	917.2	0.0	0.723	217.25	149.67	595.66	1	1	654.31
711	90	36	1	numu	QE	CC	1488.1	961.3	0.903	-65.65	115.58	-306.59	1	1	314.84
711	90	36	2	numu	RES	CC	1554.4	15.8	1.305	222.09	40.76	404.99	1	1	484.26
711	90	36	3	numu	QE	CC	1184.1	0.0	0.133	349.32	-580.32	459.6	1	1	883.77
711	90	38	0	numu	QE	NC	345.1	0.0	0.741	487.57	404.45	578.85	0	0	-1.00
711	90	38	1	numu	QE	NC	610.4	0.0	1.227	229.09	490.72	-298.34	0	0	-1.00
711	90	38	2	numu	QE	CC	886.7	483.1	1.556	221.94	78.26	13.04	0	0	-1.00
711	90	39	0	numu	DIS	CC	3763.9	9.9	0.485	-26.02	-142.54	-301.28	0	0	-1.00
711	90	40	0	numu	RES	CC	720.6	0.2	0.777	-84.88	254.79	997.25	0	0	-1.00
711	90	41	0	numu	RES	CC	1598.1	3.8	0.643	-190.81	-216.6	508.77	0	0	-1.00
711	90	43	0	numu	MEC	NC	443.9	0.0	1.376	-554.41	-371.01	220.47	0	0	-1.00
711	90	43	1	numu	RES	CC	465.9	0.8	0.636	-151.95	-55.72	-293.05	0	0	-1.00
711	90	44	0	numu	QE	NC	555.4	5.1	0.224	213.12	176.44	384.87	0	0	-1.00
711	90	49	0	numu	QE	NC	678.3	49.3	0.986	-166.2	31.92	-24.74	0	0	-1.00
711	99	4	0	numu	QE	CC	290.9	0.0	0.746	-378.27	118.77	-449.99	0	0	-1.00
711	99	4	1	numu	RES	CC	1166.3	0.2	0.951	56.99	33.49	641.0	0	0	-1.00
711	99	12	0	numu	MEC	CC	2087.7	25.0	0.072	-466.65	-473.5	-241.71	0	0	-1.00
711	99	12	1	numu	QE	CC	393.8	0.0	0.984	-323.37	-499.34	445.13	0	0	-1.00
711	99	15	0	numu	QE	NC	1350.5	320.0	1.464	-206.16	88.64	72.15	1	1	48.31
711	99	16	0	numu	QE	NC	376.3	0.0	0.661	-318.03	-74.59	964.07	0	0	-1.00
711	99	16	1	numu	QE	CC	1435.7	0.0	0.52	144.36	627.85	-442.45	0	0	-1.00
711	99	16	2	numu	QE	CC	689.4	0.2	0.175	87.94	220.74	601.2	0	0	-1.00
711	99	23	0	numu	QE	CC	678.4	94.1	0.099	102.66	-432.55	3.87	0	0	-1.00
711	99	26	0	numu	RES	CC	2846.5	14.3	1.547	-479.71	-17.96	335.39	0	0	-1.00
711	99	27	0	numu	QE	CC	1658.3	394.8	1.521	109.56	-14.85	-484.97	0	0	-1.00
711	99	33	0	numu	RES	CC	802.8	534.3	0.178	-128.88	-51.49	146.46	1	1	0.33
711	99	42	0	numu	QE	CC	407.5	294.8	0.509	68.08	-131.57	418.48	1	1	0.89
711	99	45	0	numu	QE	CC	520.4	8.3	1.475	-244.88	-158.04	351.73	0	0	-1.00
711	99	50	0	numu	QE	CC	588.8	470.1	0.195	-181.58	-108.75	22.5	1	1	1.81
712	6	2	0	numu	MEC	CC	1435.4	0.0	1.332	63.54	-205.14	628.39	0	0	-1.00
712	6	2	1	numu	RES	NC	1036.3	208.3	0.519	23.29	157.74	64.07	0	0	-1.00
712	6	4	0	numu	QE	CC	1154.8	0.0	1.568	250.94	-525.36	384.95	1	1	490.72
712	6	4	1	numu	QE	CC	536.2	0.0	0.942	-152.48	-548.95	836.7	1	1	654.11
712	6	4	2	numu	DIS	CC	4124.5	0.0	0.844	70.53	241.76	1371.57	1	1	997.16
712	6	4	3	numu	RES	NC	947.4	516.9	1.17	44.39	-54.66	354.01	1	1	78.32
712	6	5	0	numu	QE	NC	378.7	0.0	1.194	-665.87	550.77	474.3	0	0	-1.00
712	6	5	1	numu	RES	CC	1254.9	443.8	1.149	-120.63	-213.17	281.06	0	0	-1.00
712	6	6	0	numu	RES	CC	1073.8	66.2	0.58	90.82	216.43	269.96	0	0	-1.00
712	6	8	0	numu	QE	CC	717.5	640.9	0.86	27.73	-118.7	182.89	1	2	64.73
712	6	8	1	numu	DIS	NC	2667.8	0.0	1.339	-512.11	-181.15	-233.11	1	2	745.13
712	6	13	0	numu	QE	CC	627.5	0.0	0.756	129.17	-380.28	-89.68	0	0	-1.00
712	6	13	1	numu	QE	NC	346.8	4.1	0.193	-202.27	148.32	505.02	0	0	-1.00
712	6	15	0	numu	QE	CC	800.2	0.0	1.108	0.39	-37.79	-322.97	1	1	640.20
712	6	15	1	numu	RES	CC	1371.3	747.8	0.791	69.09	-157.71	302.49	1	1	1.50
712	6	16	0	numu	QE	NC	177.2	0.0	0.939	-641.87	-657.73	801.11	1	1	968.62
712	6	16	1	numu	QE	CC	1106.1	785.5	1.154	4.73	-68.93	386.16	1	1	0.79
712	6	21	0	numu	QE	CC	1121.7	1001.3	0.695	174.72	74.87	337.6	1	1	1.62
712	6	27	0	numu	RES	CC	1618.9	1152.2	0.244	-73.65	120.74	369.91	1	1	0.41
712	6	29	0	numu	QE	NC	564.5	6.7	1.079	101.36	193.46	451.89	0	0	-1.00
712	6	30	0	numu	QE	CC	2312.9	2.5	0.738	96.13	249.48	405.32	0	0	-1.00
712	6	31	0	numu	MEC	CC	1333.5	16.7	0.125	19.67	-123.23	-348.21	0	0	-1.00
712	6	31	1	numu	QE	CC	385.8	0.0	0.961	-696.18	-215.23	870.88	0	0	-1.00
712	6	31	2	numu	DIS	CC	3245.2	0.0	1.486	85.26	323.68	-967.19	0	0	-1.00
712	6	32	0	numu	RES	CC	1002.8	207.8	0.312	-300.38	-159.34	245.12	0	0	-1.00
712	6	32	1	numu	QE	CC	908.1	15.2	1.009	-145.11	-248.22	45.89	0	0	-1.00
712	6	33	0	nue	QE	CC	2013.6	1889.6	0.443	-119.83	145.94	57.69	1	1	0.41
712	6	33	1	numu	QE	CC	318.0	0.0	1.434	545.68	138.13	-187.36	1	1	709.27
712	6	33	2	numu	QE	NC	479.2	0.0	1.083	-535.31	-72.25	585.76	1	1	706.19
712	6	35	0	numu	QE	CC	753.5	0.2	1.01	215.69	-94.62	189.0	0	0	-1.00
712	6	40	0	numu	QE	CC	808.8	0.0	1.542	-188.41	289.62	-427.9	1	1	646.24
712	6	40	1	numu	QE	CC	595.2	509.1	0.219	-86.62	130.52	189.83	1	1	0.92
712	6	40	2	numu	QE	NC	360.3	0.0	1.471	630.93	244.54	249.88	1	1	728.84
712	12	17	0	numu	QE	NC	701.3	1.7	1.123	-198.59	-268.03	108.83	0	0	-1.00
712	12	21	0	numu	RES	CC	2100.0	0.0	1.291	42.56	-451.49	-576.98	0	0	-1.00
712	12	21	1	numu	QE	CC	405.1	1.0	1.484	493.21	79.69	109.93	0	0	-1.00
712	12	21	2	numu	DIS	CC	1994.7	0.0	1.294	-464.97	-470.38	-480.94	0	0	-1.00
712	12	22	0	numu	QE	NC	511.5	102.5	0.756	-72.33	204.95	419.04	0	0	-1.00
712	12	22	1	numu	QE	CC	487.3	0.0	0.927	25.49	-561.57	-133.17	0	0	-1.00
712	12	25	0	numu	DIS	CC	1279.9	1015.3	1.066	152.63	-26.88	110.52	1	1	0.70
712	12	28	0	numu	RES	CC	1555.0	342.1	0.597	-57.04	124.35	-333.24	0	0	-1.00
712	12	28	1	numu	RES	CC	1755.9	0.0	0.468	-543.01	453.93	272.28	0	0	-1.00
712	12	32	0	numu	QE	CC	1791.3	809.6	0.124	-30.15	-161.49	191.73	1	1	1.37
712	12	33	0	numu	DIS	NC	1155.5	731.0	0.67	-112.51	38.14	89.84	1	1	72.04
712	12	33	1	numu	DIS	NC	782.4	0.9	0.252	-290.99	-382.87	98.7	1	1	482.94
712	12	33	2	numu	RES	CC	1619.2	0.0	1.283	-344.96	129.8	349.91	1	1	351.98
712	12	35	0	numu	QE	NC	675.1	135.5	0.277	-150.64	-192.37	241.42	1	1	370.27
712	12	35	1	numu	QE	CC	1369.4	405.5	1.57	-184.52	131.02	417.93	1	1	0.35
712	12	38	0	numu	RES	CC	718.1	537.5	0.642	-8.46	-162.27	365.28	1	1	1.55
712	12	46	0	numu	QE	CC	1764.1	1104.6	0.592	-93.41	-52.92	36.81	1	1	2.27
712	12	46	1	numu	QE	CC	1838.9	1103.8	0.259	-28.93	-151.15	-302.83	1	1	361.43
712	18	9	0	numu	MEC	CC	849.6	679.9	0.144	166.32	-91.09	278.77	1	1	0.84
712	18	16	0	numu	QE	CC	833.2	405.8	0.526	-259.15	21.64	-276.86	1	1	308.14
712	18	16	1	numu	QE	CC	761.4	0.0	0.795	-22.14	-450.28	994.56	1	1	1068.69
712	18	16	2	numu	QE	CC	295.1	0.0	0.457	-631.82	91.32	-22.56	1	1	463.92
712	18	20	0	numu	RES	CC	2959.0	1.8	1.117	484.61	420.34	-66.59	0	0	-1.00
712	18	24	0	numu	RES	CC	2884.6	0.0	0.223	-193.85	-23.58	1013.27	0	0	-1.00
712	18	24	1	numu	RES	CC	1615.5	2.4	0.536	221.3	-453.59	88.7	0	0	-1.00
712	18	27	0	numu	QE	CC	1735.9	88.8	1.424	193.12	-126.52	-533.74	0	0	-1.00
712	18	33	0	numu	RES	CC	1150.1	788.2	0.192	-44.39	-76.6	17.7	1	1	2.23
712	18	33	1	numu	QE	CC	566.0	122.8	0.944	-204.86	32.72	382.7	1	1	411.53
712	18	38	0	numu	MEC	NC	778.8	2.6	0.773	528.81	153.17	-148.85	0	0	-1.00
712	18	38	1	numu	QE	NC	455.2	0.0	0.888	-706.24	511.16	423.71	0	0	-1.00
712	18	39	0	numu	QE	CC	308.3	197.5	0.904	62.91	-30.27	383.48	1	1	0.67
712	18	49	0	numu	DIS	CC	4401.1	9.8	0.362	229.06	228.4	526.4	0	0	-1.00
712	18	49	1	numu	QE	CC	1464.0	0.0	1.174	-242.49	220.38	492.85	0	0	-1.00
712	22	1	0	numu	QE	NC	454.1	0.1	0.147	-190.73	-213.5	-275.02	0	0	-1.00
712	22	1	1	numu	QE	NC	412.1	108.1	0.307	-162.37	-80.04	48.45	0	0	-1.00
712	22	1	2	numu	QE	CC	564.4	0.0	0.35	-178.49	-221.31	-437.76	0	0	-1.00
712	22	6	0	numu	RES	CC	4680.5	0.1	0.341	114.96	-473.15	-28.24	0	0	-1.00
712	22	13	0	numu	QE	CC	493.6	445.5	0.161	141.22	64.53	177.77	1	1	0.53
712	22	13	1	numu	RES	NC	726.4	0.0	0.43	-499.83	-270.51	296.5	1	1	732.52
712	22	13	2	numu	QE	CC	583.2	0.0	1.3	130.24	-557.55	264.21	1	1	628.09
712	22	21	0	numu	QE	CC	299.7	0.0	1.163	-615.51	24.68	174.56	1	1	703.66
712	22	21	1	numu	QE	CC	1042.7	456.7	0.572	56.73	-148.8	55.59	1	1	1.61
712	22	22	0	numu	RES	CC	1223.0	845.9	0.659	-8.95	62.99	344.83	1	1	0.41
712	22	22	1	numu	QE	CC	751.5	0.0	0.75	624.72	309.69	-304.5	1	1	940.53
712	22	27	0	numu	QE	CC	743.7	321.9	0.785	164.94	-132.1	120.03	1	1	0.36
712	22	27	1	numu	QE	NC	316.6	0.0	0.908	-245.69	-595.14	408.04	1	1	682.91
712	22	29	0	numu	QE	NC	297.2	37.0	0.471	-24.16	-124.19	432.85	0	0	-1.00
712	22	34	0	numu	QE	CC	457.2	0.0	1.314	-508.16	318.53	702.78	1	1	624.63
712	22	34	1	numu	MEC	CC	1645.3	871.2	0.486	-84.76	58.49	325.12	1	1	0.54
712	22	37	0	numu	DIS	CC	3221.1	0.0	0.868	-568.81	475.89	-210.91	0	0	-1.00
712	22	37	1	nue	RES	CC	2142.6	23.2	0.299	-239.91	217.63	330.41	0	0	-1.00
712	22	37	2	numu	RES	NC	2620.5	0.0	1.1	359.72	-630.16	476.77	0	0	-1.00
712	22	46	0	numu	QE	CC	2932.2	702.7	0.085	-144.84	-10.23	230.12	1	1	1.78
712	22	46	1	numu	QE	CC	288.0	0.0	0.213	476.54	200.0	594.33	1	1	748.68
712	22	46	2	numu	QE	CC	520.2	0.0	0.431	-205.22	-328.66	-277.98	1	1	603.27
712	22	47	0	numu	QE	CC	536.7	14.9	0.178	4.84	-250.19	164.6	0	0	-1.00
712	22	47	1	numu	MEC	CC	731.9	0.0	1.085	-81.51	-472.41	79.28	0	0	-1.00
712	25	5	0	numu	RES	NC	755.4	426.1	0.895	-129.27	165.6	44.2	1	1	0.43
712	25	6	0	numu	QE	CC	470.0	0.0	1.026	268.71	-315.46	-481.06	0	0	-1.00
712	25	6	1	numu	DIS	CC	3562.0	0.4	0.932	-44.87	-34.01	588.49	0	0	-1.00
712	25	7	0	numu	RES	NC	1145.3	462.2	1.564	-137.28	119.97	172.31	0	0	-1.00
712	25	7	1	numu	RES	CC	2076.9	0.0	0.59	27.34	154.52	610.65	0	0	-1.00
712	25	8	0	numu	DIS	CC	3875.9	94.0	0.778	-63.32	-253.76	-36.34	0	0	-1.00
712	25	8	1	numu	QE	NC	1916.4	43.8	1.334	-208.04	-44.59	111.94	0	0	-1.00
712	25	10	0	numu	QE	NC	339.4	235.8	0.66	-187.04	-60.99	338.16	1	1	1.47
712	25	11	0	numu	MEC	CC	1072.0	470.9	1.553	-193.01	49.93	-39.43	1	1	446.58
712	25	11	1	numu	RES	NC	803.3	256.7	0.598	126.33	-159.11	192.03	1	1	1.92
712	25	15	0	numu	QE	NC	938.8	0.0	1.279	-404.73	-120.39	-343.62	1	1	789.89
712	25	15	1	numu	QE	CC	938.5	462.5	0.34	-223.96	-460.09	-140.34	1	1	680.27
712	25	21	0	numu	QE	CC	616.5	0.0	0.745	-572.81	-333.49	-462.37	0	0	-1.00
712	25	21	1	numu	QE	CC	522.0	2.7	0.852	-55.17	-254.89	428.16	0	0	-1.00
712	25	22	0	numu	MEC	CC	704.5	3.7	0.703	194.38	-92.81	540.72	0	0	-1.00
712	25	23	0	numu	MEC	CC	1168.3	0.2	1.424	-10.47	69.96	593.72	1	1	346.82
712	25	23	1	nue	RES	NC	984.5	416.8	0.902	-110.27	-70.25	292.35	1	1	0.52
712	25	27	0	numu	QE	NC	226.1	0.0	1.512	34.44	-538.5	910.25	1	1	1107.66
712	25	27	1	numu	QE	CC	844.1	702.1	0.326	133.72	89.88	2.71	1	1	0.89
712	25	40	0	numu	QE	NC	617.8	2.7	0.834	-32.2	-455.33	-33.75	0	0	-1.00
712	25	40	1	numu	QE	CC	584.1	0.0	1.562	-169.47	345.66	-278.74	0	0	-1.00
712	25	44	0	numu	MEC	CC	675.2	0.0	1.368	-207.85	-189.5	639.29	1	1	728.43
712	25	44	1	numu	QE	CC	873.5	319.1	1.099	96.74	-8.56	-43.53	1	1	50.83
712	25	45	0	numu	QE	CC	2130.3	0.0	1.323	568.17	-558.46	-113.39	0	0	-1.00
712	25	45	1	numu	QE	CC	681.8	2.3	0.935	369.59	-255.91	115.41	0	0	-1.00
712	25	47	0	numu	MEC	CC	995.4	50.6	1.442	167.21	96.67	567.79	1	1	554.18
712	25	47	1	numu	QE	CC	198.8	0.0	0.727	-624.13	574.9	-459.21	1	1	960.15
712	25	47	2	numu	RES	NC	1014.8	624.7	1.31	-52.93	10.27	65.0	1	1	1.50
712	25	47	3	numu	DIS	CC	2685.8	0.0	1.545	-159.61	31.51	1318.09	1	1	1256.38
712	25	48	0	numu	DIS	NC	1592.4	501.8	0.449	172.85	-175.46	275.49	1	1	9.73
712	31	1	0	numu	QE	CC	331.4	0.0	1.562	373.55	40.52	-325.23	1	1	896.73
712	31	1	1	numu	RES	NC	947.8	728.8	1.191	-182.18	9.02	418.92	1	1	46.27
712	31	4	0	numu	RES	CC	1185.2	76.4	0.606	-56.08	101.35	496.17	0	0	-1.00
712	31	6	0	numu	RES	CC	3203.1	0.1	1.426	86.54	175.34	-500.92	0	0	-1.00
712	31	6	1	numu	QE	NC	773.1	0.0	0.268	192.77	242.79	562.25	0	0	-1.00
712	31	9	0	numu	RES	CC	2206.1	10.4	1.269	-480.29	164.05	-156.77	0	0	-1.00
712	31	10	0	numu	MEC	NC	896.1	0.0	1.298	-268.7	69.71	-393.11	0	0	-1.00
712	31	10	1	numu	QE	NC	547.0	0.1	0.743	-99.59	112.2	612.17	0	0	-1.00
712	31	11	0	numu	RES	NC	1111.0	124.6	1.237	-55.33	216.81	-459.56	0	0	-1.00
712	31	11	1	numu	QE	CC	316.4	0.0	0.823	-679.06	370.05	-442.59	0	0	-1.00
712	31	12	0	numu	COH	CC	3434.8	1239.4	0.388	-110.32	142.34	-437.74	0	0	-1.00
712	31	12	1	numu	MEC	CC	3800.4	0.0	1.18	15.64	-139.17	1223.61	0	0	-1.00
712	31	15	0	numu	QE	CC	1161.7	1.8	0.325	-514.02	-220.15	583.63	0	0	-1.00
712	31	22	0	numu	RES	CC	1207.2	1053.3	0.959	-56.08	-2.64	291.67	1	1	0.54
712	31	27	0	numu	QE	CC	903.9	785.3	0.067	20.27	7.59	261.56	1	1	2.93
712	31	27	1	numu	DIS	NC	3482.9	0.0	0.484	-523.47	-45.69	849.2	1	1	803.76
712	31	31	0	numu	QE	CC	1996.4	278.9	1.13	-76.02	-94.65	-294.37	0	0	-1.00
712	31	31	1	numu	QE	CC	304.4	0.0	0.158	187.97	-460.54	-413.57	0	0	-1.00
712	31	38	0	numu	QE	CC	388.5	0.0	1.508	-246.2	535.74	-334.39	0	0	-1.00
712	31	38	1	numu	QE	CC	539.6	1.3	0.089	401.53	-140.69	334.02	0	0	-1.00
712	31	40	0	numu	QE	NC	1197.5	60.9	1.125	-54.33	-46.11	106.46	1	1	105.51
712	31	40	1	numu	QE	CC	2031.7	802.4	1.12	-84.47	-4.56	-2.82	1	1	147.91
712	31	47	0	numu	RES	NC	697.3	105.5	0.794	151.89	210.29	439.24	1	1	311.93
712	31	47	1	numu	QE	CC	1799.1	616.2	0.655	185.26	-39.58	250.53	1	1	3.31
712	43	6	0	numu	QE	CC	691.2	292.5	0.472	-182.53	-138.47	400.05	1	1	0.27
712	43	12	0	numu	RES	CC	1434.1	19.3	1.508	277.56	27.57	246.37	0	0	-1.00
712	43	14	0	numu	RES	CC	1708.3	862.8	0.242	-136.81	162.32	315.86	1	1	0.61
712	43	14	1	numu	RES	NC	2218.2	43.5	0.759	52.7	55.14	-40.28	1	1	417.16
712	43	14	2	numu	QE	CC	596.3	2.4	0.529	-93.91	-227.19	460.61	1	1	417.21
712	43	14	3	numu	QE	CC	511.2	0.0	0.3	-413.36	216.19	1002.74	1	1	742.57
712	43	19	0	nue	QE	CC	962.1	957.5	0.24	-72.71	-98.09	271.55	1	1	1.77
712	43	19	1	numu	MEC	NC	1007.6	235.8	1.578	-130.81	-120.5	58.98	1	1	221.92
712	43	25	0	numu	DIS	CC	2601.5	0.0	0.592	372.43	108.18	-484.74	1	1	738.50
712	43	25	1	numu	QE	CC	740.6	616.3	0.215	111.48	-139.1	160.61	1	1	0.65
712	43	25	2	numu	QE	NC	855.9	0.0	1.103	-107.56	198.42	-494.65	1	1	768.73
712	43	27	0	numu	RES	NC	1087.8	1.9	0.134	260.01	-32.11	510.08	0	0	-1.00
712	43	27	1	numu	RES	CC	1038.1	26.0	0.36	-91.95	-209.0	554.48	0	0	-1.00
712	43	28	0	numu	QE	CC	405.8	114.4	0.671	-121.26	186.99	157.95	1	1	2.56
712	43	30	0	numu	DIS	CC	754.5	1.2	0.475	13.73	211.55	-25.65	0	0	-1.00
712	43	31	0	numu	MEC	CC	951.2	779.9	1.391	56.99	119.16	184.48	1	1	1.13
712	43	32	0	numu	QE	CC	430.1	0.0	0.232	371.84	-472.33	42.39	1	1	553.30
712	43	32	1	numu	RES	NC	894.3	306.9	1.195	11.39	-52.99	29.07	1	1	2.54
712	43	36	0	numu	QE	CC	682.7	0.6	0.315	190.34	-224.57	272.53	0	0	-1.00
712	43	36	1	numu	RES	CC	2184.2	0.0	0.145	-98.58	-419.09	-262.53	0	0	-1.00
712	43	45	0	numu	MEC	NC	518.7	6.5	1.375	-250.11	-207.67	-298.18	1	1	560.09
712	43	45	1	numu	MEC	CC	662.1	551.3	1.526	-112.98	-179.25	243.95	1	1	0.44
712	43	50	0	numu	RES	CC	631.4	364.4	0.553	88.43	-110.53	35.05	1	1	1.12
712	92	7	0	numu	QE	NC	256.4	0.0	0.088	503.85	626.44	756.99	0	0	-1.00
712	92	7	1	numu	RES	CC	1305.0	3.2	1.014	-69.34	32.6	-387.17	0	0	-1.00
712	92	8	0	numu	RES	NC	887.7	0.8	1.141	-41.12	61.53	564.14	0	0	-1.00
712	92	10	0	numu	QE	NC	327.6	0.6	1.195	189.73	129.8	-12.75	0	0	-1.00
712	92	12	0	numu	DIS	CC	3209.4	638.7	0.876	203.39	-93.9	71.31	0	0	-1.00
712	92	14	0	numu	QE	NC	1260.5	20.6	0.41	-258.11	48.13	267.96	0	0	-1.00
712	92	14	1	numu	QE	CC	1541.7	1.0	0.469	-257.55	-86.56	318.63	0	0	-1.00
712	92	17	0	numu	QE	NC	308.9	0.0	1.332	-559.82	-592.86	83.1	0	0	-1.00
712	92	17	1	numu	RES	CC	2972.6	0.0	0.95	527.29	-30.38	-570.43	0	0	-1.00
712	92	17	2	numu	DIS	CC	5385.7	568.0	0.733	-120.05	12.91	-321.18	0	0	-1.00
712	92	20	0	numu	QE	CC	369.5	0.0	0.234	613.49	41.06	129.04	1	1	760.67
712	92	20	1	numu	QE	NC	336.1	0.0	0.73	487.74	358.37	-361.58	1	1	902.22
712	92	20	2	numu	DIS	CC	2097.9	21.7	0.467	-69.51	74.7	-293.39	1	1	570.73
712	92	20	3	numu	QE	CC	818.1	576.4	0.504	-125.81	157.22	269.13	1	1	1.17
712	92	26	0	numu	RES	NC	1363.8	0.0	0.119	-115.64	233.01	-506.35	0	0	-1.00
712	92	26	1	numu	RES	NC	812.0	16.5	0.417	88.79	-42.42	525.75	0	0	-1.00
712	92	28	0	numu	RES	CC	1105.6	808.8	1.011	-149.1	19.38	149.6	1	1	13.57
712	92	31	0	numu	DIS	CC	4096.4	658.9	0.524	-289.02	-246.26	-837.67	0	0	-1.00
712	92	33	0	numu	DIS	CC	4267.6	0.0	0.781	-702.55	156.42	1187.64	0	0	-1.00
712	92	33	1	numu	DIS	NC	803.5	117.2	1.081	-105.26	141.65	-14.27	0	0	-1.00
712	92	33	2	numu	QE	NC	669.8	3.5	1.39	-3.57	351.32	123.74	0	0	-1.00
712	92	34	0	numu	QE	CC	314.5	0.0	1.288	481.86	28.33	439.19	1	1	602.48
712	92	34	1	numu	QE	CC	432.5	0.0	1.547	-597.76	-150.52	277.93	1	1	543.43
712	92	34	2	numu	QE	NC	783.6	0.0	1.244	193.37	-239.64	-272.03	1	1	564.83
712	92	34	3	numu	QE	CC	1062.2	520.4	1.242	-58.05	-128.72	221.27	1	1	1.13
712	92	36	0	numu	QE	CC	368.3	300.4	1.138	132.61	48.77	485.4	0	0	-1.00
712	92	46	0	numu	RES	CC	722.3	21.3	0.566	-178.8	-255.42	375.17	0	0	-1.00
712	92	46	1	numu	QE	NC	583.5	0.0	0.359	-587.63	-427.56	470.75	0	0	-1.00
712	92	46	2	numu	QE	CC	540.5	144.9	0.747	243.04	-93.58	119.7	0	0	-1.00
712	92	47	0	numu	QE	CC	506.0	0.0	0.918	-413.67	-582.13	197.14	0	0	-1.00
712	92	47	1	numu	QE	NC	874.0	1.4	0.563	86.4	235.95	-272.62	0	0	-1.00
712	92	49	0	numu	RES	NC	464.0	234.9	0.772	8.07	55.88	390.67	1	1	21.92
712	94	5	0	numu	RES	CC	1525.7	0.0	0.961	-589.81	33.4	-328.72	0	0	-1.00
712	94	5	1	numu	QE	CC	771.6	1.9	0.65	-117.34	-166.14	598.99	0	0	-1.00
712	94	7	0	numu	MEC	CC	2239.9	0.0	0.389	177.3	44.09	-321.5	1	1	861.29
712	94	7	1	numu	QE	NC	643.5	0.0	0.113	638.85	-321.34	983.93	1	1	1066.28
712	94	7	2	numu	MEC	CC	821.4	214.7	1.266	-149.29	177.56	458.16	1	1	7.84
712	94	7	3	numu	QE	CC	1851.0	0.0	0.478	-704.54	411.39	-559.27	1	1	1188.35
712	94	9	0	numu	DIS	CC	1807.8	0.0	0.765	274.41	-560.94	-463.58	1	1	962.43
712	94	9	1	numu	QE	CC	713.8	0.0	1.036	262.59	150.03	-283.59	1	1	499.37
712	94	9	2	numu	QE	CC	310.1	0.0	0.692	511.49	139.76	178.02	1	1	396.69
712	94	9	3	numu	RES	CC	970.9	823.4	0.425	115.79	125.18	192.32	1	1	0.91
712	94	11	0	numu	QE	CC	287.8	228.0	0.217	-22.94	5.34	113.69	1	1	46.61
712	94	11	1	numu	RES	NC	1251.7	459.6	0.758	-125.55	196.32	495.54	1	1	420.34
712	94	11	2	numu	RES	NC	734.3	0.0	0.177	-34.62	42.96	-498.65	1	1	610.40
712	94	14	0	numu	QE	CC	861.8	456.9	1.017	-180.88	-173.52	325.98	1	1	0.61
712	94	16	0	numu	QE	NC	545.2	132.2	1.385	-93.83	-51.14	454.87	1	1	294.34
712	94	18	0	numu	QE	CC	551.2	465.8	1.337	179.8	-27.56	207.08	1	1	0.47
712	94	22	0	numu	RES	CC	1098.5	886.3	1.546	-67.2	-93.61	258.61	1	1	1.73
712	94	22	1	numu	QE	CC	2389.5	0.0	0.569	-651.36	504.48	1048.47	1	1	1150.33
712	94	23	0	numu	QE	CC	408.1	0.0	0.927	-227.19	-8.01	964.96	1	1	652.49
712	94	23	1	numu	QE	CC	827.4	4.3	1.076	59.16	-211.03	403.84	1	1	66.34
712	94	23	2	numu	QE	NC	1920.5	0.0	0.921	-497.39	-16.26	305.93	1	1	634.98
712	94	24	0	numu	QE	NC	1685.5	24.4	0.536	86.77	4.65	72.76	1	1	-1.00
712	94	25	0	numu	QE	CC	1127.6	360.9	0.945	-196.18	-146.14	428.95	1	1	0.28
712	94	25	1	numu	MEC	CC	415.9	0.0	1.052	159.83	-587.94	-323.59	1	1	942.64
712	94	30	0	numu	QE	CC	1344.6	17.0	0.665	52.49	-52.24	507.38	0	0	-1.00
712	94	37	0	numu	DIS	CC	1248.9	0.0	1.17	282.34	-530.39	348.31	0	0	-1.00
712	94	37	1	numu	MEC	CC	660.9	0.0	0.254	252.74	26.99	-495.2	0	0	-1.00
712	94	37	2	numu	RES	CC	714.2	8.0	0.792	23.22	-205.66	456.34	0	0	-1.00
712	94	38	0	numu	RES	NC	1363.4	251.0	1.085	-194.0	-169.94	92.65	0	0	-1.00
712	94	44	0	numu	QE	CC	330.8	0.0	1.181	329.07	-32.51	-463.84	0	0	-1.00
712	94	44	1	numu	RES	CC	1804.5	159.7	0.147	-112.73	217.5	339.14	0	0	-1.00
712	94	44	2	numu	RES	NC	817.5	0.0	0.072	-39.77	-267.55	336.51	0	0	-1.00
712	94	44	3	numu	QE	CC	550.9	0.0	0.349	441.19	-434.89	684.03	0	0	-1.00
712	94	45	0	numu	RES	NC	1017.0	46.3	1.046	-217.06	-74.85	521.39	0	0	-1.00
712	94	47	0	numu	QE	CC	301.2	2.3	0.11	-35.91	43.32	-198.2	0	0	-1.00
712	94	47	1	numu	QE	CC	410.5	0.0	0.726	-423.96	-629.52	98.04	0	0	-1.00
712	94	48	0	numu	QE	CC	631.7	174.1	0.47	-9.02	352.97	339.03	0	0	-1.00
712	94	49	0	numu	MEC	NC	1304.0	23.9	0.158	-493.26	-168.36	81.87	0	0	-1.00
712	94	49	1	numu	RES	NC	2968.1	0.0	0.587	131.7	83.33	-623.91	0	0	-1.00
713	7	2	0	numu	RES	CC	949.5	0.0	0.647	138.66	102.74	584.63	1	1	443.16
713	7	2	1	numu	RES	CC	698.2	494.6	1.469	-50.29	-99.28	237.57	1	1	0.86
713	7	3	0	numu	RES	CC	1012.0	215.2	1.476	51.34	-17.04	478.78	1	1	30.84
713	7	6	0	numu	QE	NC	1245.8	60.9	0.312	159.03	-59.41	157.04	1	1	37.99
713	7	7	0	numu	QE	CC	987.5	0.0	0.157	2.19	-54.47	-477.44	1	1	636.95
713	7	7	1	numu	QE	CC	728.7	638.7	0.974	-95.73	-93.49	150.64	1	1	0.48
713	7	15	0	numu	QE	CC	4907.4	10.6	0.535	-8.69	-237.08	115.12	0	0	-1.00
713	7	15	1	numu	DIS	CC	2706.9	0.0	0.848	-150.17	-702.29	884.91	0	0	-1.00
713	7	17	0	numu	QE	CC	457.4	333.2	1.262	-190.0	84.92	292.36	1	1	0.20
713	7	18	0	numu	QE	NC	211.7	0.0	1.285	413.55	-564.63	-209.52	1	1	-1.00
713	7	18	1	numu	QE	CC	1884.1	1074.3	0.372	-208.16	119.37	-319.33	1	1	-1.00
713	7	19	0	numu	RES	NC	1945.8	52.8	0.158	207.13	192.57	89.44	0	0	-1.00
713	7	19	1	numu	QE	CC	721.5	0.1	1.451	-237.61	47.4	-276.73	0	0	-1.00
713	7	19	2	numu	DIS	CC	4390.3	0.0	0.091	331.59	-455.25	-230.4	0	0	-1.00
713	7	20	0	numu	RES	CC	759.0	489.0	0.673	26.45	-132.29	248.96	1	1	1.90
713	7	21	0	numu	MEC	NC	587.4	0.4	0.646	-173.87	-235.75	540.65	0	0	-1.00
713	7	21	1	numu	RES	CC	1159.8	0.0	0.992	502.9	-26.78	654.12	0	0	-1.00
713	7	22	0	numu	RES	CC	961.4	769.4	1.132	92.48	-87.27	304.62	1	1	37.63
713	7	28	0	numu	QE	NC	247.2	0.0	0.969	-210.9	222.23	25.17	1	1	376.71
713	7	28	1	numu	RES	CC	1557.6	1091.9	1.45	60.2	4.34	170.2	1	1	8.47
713	7	30	0	numu	QE	CC	470.0	23.2	0.747	-226.69	58.0	114.0	0	0	-1.00
713	7	30	1	numu	QE	NC	835.5	0.0	0.19	32.63	15.39	-131.43	0	0	-1.00
713	7	30	2	numu	QE	CC	348.2	0.0	0.343	-315.81	351.47	504.12	0	0	-1.00
713	7	36	0	numu	RES	NC	1149.8	470.9	1.0	-54.25	76.9	363.52	1	1	2.08
713	7	44	0	numu	QE	CC	1211.9	22.3	0.762	-163.7	-233.77	58.29	0	0	-1.00
713	7	47	0	numu	QE	CC	588.7	2.5	0.795	238.72	-77.88	497.84	0	0	-1.00
713	8	9	0	numu	QE	CC	1197.7	790.7	1.355	-23.62	-116.79	185.46	1	1	1.02
713	8	10	0	numu	RES	CC	2092.0	0.0	0.334	-307.76	257.47	-309.49	1	1	773.76
713	8	10	1	numu	QE	NC	804.1	365.7	1.097	-120.99	122.78	428.76	1	1	0.47
713	8	12	0	numu	QE	NC	2585.3	0.0	0.368	-229.93	-146.08	-447.76	1	1	761.14
713	8	12	1	numu	QE	CC	750.6	638.1	0.729	-60.25	179.41	219.81	1	1	2.10
713	8	18	0	nue	QE	NC	787.5	104.2	1.516	-86.96	19.8	490.32	1	1	1.45
713	8	19	0	numu	MEC	CC	830.0	596.7	0.261	77.52	42.84	310.05	1	1	0.78
713	8	26	0	numu	RES	NC	1311.8	581.5	1.146	59.35	-98.42	161.99	1	1	53.42
713	8	29	0	numu	QE	CC	417.3	0.0	1.399	-494.18	-129.19	1007.69	1	1	1003.43
713	8	29	1	numu	QE	NC	1389.3	0.0	0.979	-585.57	-411.48	895.47	1	1	1103.73
713	8	29	2	numu	DIS	CC	3731.2	1678.8	0.089	67.86	193.45	239.91	1	1	3.50
713	8	31	0	numu	RES	NC	2405.9	0.0	0.939	-653.71	-317.24	750.19	0	0	-1.00
713	8	31	1	numu	QE	CC	1979.4	0.4	1.423	-133.21	137.29	603.07	0	0	-1.00
713	8	32	0	numu	RES	CC	1120.2	958.9	1.485	42.8	-28.24	145.2	1	1	0.60
713	8	33	0	numu	RES	CC	1739.2	589.7	1.533	115.14	53.92	460.61	1	1	0.90
713	8	39	0	numu	QE	CC	295.1	0.0	0.546	-351.34	323.08	-276.3	1	1	480.07
713	8	39	1	numu	QE	CC	1048.2	439.8	0.829	-57.98	-208.78	372.28	1	1	429.10
713	8	39	2	numu	QE	NC	1064.2	0.0	0.633	259.74	303.9	-412.76	1	1	650.63
713	8	39	3	numu	QE	CC	599.1	0.0	0.177	-318.5	-88.84	-461.69	1	1	602.18
713	8	39	4	numu	RES	CC	1358.0	1152.6	0.386	-116.98	95.56	74.59	1	1	0.71
713	8	41	0	numu	MEC	CC	1148.1	936.8	0.197	-124.03	-60.73	71.59	1	1	0.50
713	9	6	0	numu	QE	NC	788.2	0.0	0.819	-19.03	312.53	-500.77	1	1	683.42
713	9	6	1	numu	RES	CC	2007.5	0.0	0.122	245.91	-188.99	-425.23	1	1	535.47
713	9	6	2	numu	RES	CC	3628.3	1964.3	0.402	190.48	5.36	66.19	1	1	5.64
713	9	14	0	numu	RES	NC	727.2	2.1	0.349	149.61	235.92	181.32	0	0	-1.00
713	9	14	1	numu	QE	NC	562.8	0.0	0.446	697.91	-538.48	745.39	0	0	-1.00
713	9	14	2	numu	RES	CC	2833.9	759.8	0.122	263.46	-70.53	-390.09	0	0	-1.00
713	9	15	0	numu	QE	CC	686.9	380.3	1.468	-213.74	46.06	172.84	0	0	-1.00
713	9	20	0	numu	RES	CC	1290.8	33.7	1.057	250.71	-92.12	351.1	0	0	-1.00
713	9	24	0	numu	RES	NC	3120.5	2.0	1.189	-77.43	230.35	-200.57	0	0	-1.00
713	9	27	0	numu	DIS	NC	2082.5	50.9	0.356	-167.13	-235.52	304.13	0	0	-1.00
713	9	33	0	numu	QE	CC	597.4	2.1	0.837	-223.82	-196.9	535.04	0	0	-1.00
713	9	35	0	numu	QE	CC	651.0	0.0	0.825	-271.36	280.97	-316.3	1	1	916.76
713	9	35	1	numu	QE	NC	1116.8	0.0	1.301	28.48	-57.9	-395.01	1	1	845.54
713	9	35	2	numu	RES	CC	4442.8	0.0	0.372	340.94	-441.26	874.29	1	1	639.30
713	9	35	3	numu	MEC	CC	527.1	406.6	0.529	159.59	-9.6	438.83	1	1	0.26
713	9	37	0	numu	RES	NC	894.0	290.0	0.269	-148.93	-125.1	55.77	1	1	0.39
713	9	37	1	numu	QE	NC	686.3	0.0	0.499	104.59	-392.5	-493.76	1	1	661.95
713	9	37	2	numu	QE	NC	819.2	0.0	0.864	-222.86	-167.57	353.88	1	1	309.82
713	9	37	3	numu	QE	NC	2045.3	0.0	0.609	-495.15	171.64	33.13	1	1	456.24
713	9	40	0	numu	QE	CC	1251.6	151.2	0.467	-59.74	248.84	203.04	0	0	-1.00
713	9	42	0	numu	QE	CC	1005.2	11.2	0.917	60.55	219.2	171.02	0	0	-1.00
713	9	43	0	numu	RES	NC	994.3	18.6	1.329	64.02	-78.32	532.03	0	0	-1.00
713	9	43	1	numu	MEC	CC	1059.6	0.0	1.234	676.74	446.88	-0.81	0	0	-1.00
713	9	43	2	numu	QE	CC	314.3	0.0	0.401	-423.1	-529.64	503.88	0	0	-1.00
713	9	46	0	numu	MEC	CC	785.4	13.8	0.968	176.53	-61.81	573.19	0	0	-1.00
713	9	49	0	numu	QE	CC	378.0	323.5	1.457	-84.82	57.82	433.17	1	1	1.27
713	9	49	1	numu	QE	CC	1617.2	79.8	1.419	-32.74	-116.49	470.42	1	1	186.07
713	10	1	0	numu	QE	NC	600.0	158.8	0.876	-48.27	-149.31	3.37	1	1	2.29
713	10	2	0	numu	RES	NC	1017.7	136.7	0.923	-96.7	134.13	-273.77	0	0	-1.00
713	10	5	0	numu	QE	CC	2415.4	340.6	1.002	-169.97	197.58	436.9	0	0	-1.00
713	10	12	0	numu	RES	NC	1283.6	594.9	1.294	23.29	-103.11	53.28	1	1	5.84
713	10	15	0	numu	RES	CC	2360.8	0.0	0.632	-647.36	-208.49	-504.67	0	0	-1.00
713	10	15	1	numu	RES	NC	678.4	6.2	0.286	-146.36	-272.99	11.5	0	0	-1.00
713	10	16	0	numu	RES	CC	652.2	2.3	1.042	201.13	151.77	532.4	1	2	571.99
713	10	16	1	numu	RES	NC	783.9	87.0	0.775	48.71	-30.71	-139.63	1	2	234.84
713	10	16	2	numu	MEC	CC	1832.1	1052.2	0.366	-55.63	101.96	21.83	1	2	1.91
713	10	18	0	numu	QE	CC	973.4	0.4	0.261	-103.94	221.89	363.11	1	1	172.38
713	10	21	0	numu	QE	NC	1548.7	190.6	0.439	-31.99	30.75	15.2	1	1	83.79
713	10	27	0	numu	RES	NC	1822.9	419.5	1.048	-17.04	156.06	75.18	1	1	24.38
713	10	27	1	numu	RES	CC	817.8	0.0	0.732	-605.15	245.5	817.61	1	1	970.01
713	10	27	2	numu	MEC	CC	1655.3	0.0	1.448	231.35	-542.08	-385.95	1	1	853.93
713	10	37	0	numu	MEC	CC	980.9	0.0	1.48	483.16	-197.78	-13.35	0	0	-1.00
713	10	37	1	numu	RES	CC	2072.6	0.7	0.428	9.19	-250.77	-275.65	0	0	-1.00
713	10	48	0	numu	QE	CC	1438.1	818.4	0.58	21.29	-46.4	-352.36	0	0	-1.00
713	13	1	0	numu	RES	CC	2267.7	417.8	0.131	218.3	119.63	423.43	0	0	-1.00
713	13	2	0	numu	MEC	CC	1360.3	349.9	1.478	88.37	57.37	471.21	0	0	-1.00
713	13	2	1	numu	RES	CC	2951.3	0.0	0.098	632.85	154.52	-10.59	0	0	-1.00
713	13	2	2	numu	RES	CC	660.2	6.0	0.387	-131.68	241.63	156.55	0	0	-1.00
713	13	4	0	numu	RES	NC	691.6	0.0	0.954	306.48	81.89	-464.3	0	0	-1.00
713	13	4	1	numu	QE	CC	2544.3	0.0	0.129	256.1	535.67	-275.31	0	0	-1.00
713	13	4	2	numu	MEC	CC	514.4	3.9	1.471	116.08	226.86	296.22	0	0	-1.00
713	13	5	0	numu	RES	CC	1181.4	217.0	1.204	15.62	193.75	-279.97	1	1	337.25
713	13	14	0	numu	MEC	NC	389.8	3.6	0.807	246.65	-126.83	-288.16	0	0	-1.00
713	13	17	0	numu	QE	NC	486.3	49.5	0.922	140.86	132.66	303.65	1	1	46.89
713	13	17	1	numu	DIS	CC	3166.1	4.1	0.743	-314.11	335.39	-524.48	1	1	1008.14
713	13	17	2	numu	QE	CC	983.4	0.0	0.338	-167.98	-60.88	1000.56	1	1	778.77
713	13	17	3	numu	QE	CC	407.6	0.0	1.083	-231.8	26.83	589.32	1	1	496.75
713	13	22	0	numu	QE	CC	2183.8	660.7	0.526	-92.08	111.13	307.22	1	1	0.64
713	13	26	0	numu	QE	CC	835.5	53.4	1.357	-201.39	-186.26	273.03	0	0	-1.00
713	13	27	0	numu	MEC	CC	780.1	16.4	0.645	-65.78	-269.59	410.47	1	1	323.41
713	13	27	1	numu	QE	CC	895.4	608.9	0.808	110.62	-18.41	307.6	1	1	0.64
713	13	35	0	numu	RES	NC	1309.0	264.3	0.481	-54.96	-75.36	82.09	1	1	16.88
713	13	42	0	numu	DIS	CC	3171.6	0.0	1.616	598.55	-345.43	1188.3	0	0	-1.00
713	13	42	1	numu	QE	NC	1241.0	27.6	0.463	-105.09	-69.73	117.67	0	0	-1.00
713	13	46	0	numu	QE	CC	726.8	186.2	0.468	110.67	-192.44	272.58	1	1	2.56
713	13	47	0	numu	MEC	CC	545.9	17.5	0.536	224.43	105.24	158.73	0	0	-1.00
713	13	48	0	numu	RES	CC	1365.7	427.4	1.232	121.09	-99.05	473.77	1	1	0.45
713	13	48	1	numu	RES	CC	541.7	0.0	0.063	-47.59	-602.3	81.78	1	1	659.45
713	16	1	0	numu	DIS	NC	5151.7	1881.9	1.091	165.65	106.12	242.04	1	1	1.14
713	16	5	0	numu	QE	CC	566.2	0.0	0.657	-38.35	-573.56	-280.68	1	1	757.93
713	16	5	1	numu	QE	CC	1445.2	754.4	0.372	-52.55	-45.21	262.35	1	1	1.10
713	16	14	0	numu	QE	CC	2817.4	1063.1	1.405	-35.11	3.27	-602.28	1	1	612.09
713	16	14	1	numu	QE	CC	674.9	0.0	1.261	632.25	-188.18	262.19	1	1	696.81
713	16	14	2	numu	RES	CC	1097.4	0.0	0.506	272.44	-6.29	973.71	1	1	1000.37
713	16	21	0	numu	RES	CC	2632.3	0.0	1.275	-112.95	163.78	1214.65	1	1	1007.93
713	16	21	1	numu	MEC	CC	858.7	178.2	0.702	-479.88	-60.65	-106.04	1	1	438.28
713	16	25	0	numu	DIS	CC	5221.4	0.0	1.379	-128.23	51.8	1533.36	1	2	1474.90
713	16	25	1	numu	RES	CC	705.2	556.3	1.181	20.21	54.06	45.79	1	2	2.16
713	16	25	2	numu	QE	NC	286.1	0.0	0.795	677.62	-476.18	-122.85	1	2	861.68
713	16	25	3	numu	MEC	CC	694.9	0.1	1.462	-249.16	16.07	557.31	1	2	505.73
713	16	27	0	numu	DIS	NC	1657.2	0.1	0.465	-73.03	-46.27	-319.55	0	0	-1.00
713	16	29	0	numu	RES	NC	925.6	146.8	0.218	-20.22	215.28	228.83	1	1	230.01
713	16	32	0	numu	QE	CC	220.6	0.0	0.732	-5.55	-511.79	869.51	0	0	-1.00
713	16	32	1	numu	MEC	CC	727.0	296.1	0.062	-208.59	-63.39	111.55	0	0	-1.00
713	16	36	0	numu	RES	CC	1339.1	663.1	0.84	-163.18	125.16	137.4	1	1	4.51
713	16	37	0	numu	QE	CC	1278.1	598.9	0.255	-156.22	177.69	227.33	1	1	1.67
713	16	37	1	numu	QE	CC	792.2	0.0	1.079	-82.22	-688.55	995.28	1	1	1158.73
713	16	41	0	numu	QE	NC	786.0	105.1	0.742	198.03	3.36	134.78	1	1	152.49
713	16	41	1	numu	QE	CC	666.9	253.8	0.265	-213.45	9.8	447.82	1	1	401.65
713	16	41	2	numu	QE	CC	725.0	433.3	0.371	146.56	-29.35	275.4	1	1	0.78
713	16	43	0	numu	QE	CC	548.2	0.0	0.391	373.74	99.92	-291.86	1	1	423.22
713	16	43	1	numu	QE	CC	1117.3	1023.9	0.858	171.51	59.36	77.28	1	1	0.86
713	16	45	0	numu	QE	CC	2058.8	218.5	0.795	120.11	13.04	469.33	1	1	0.84
713	16	45	1	numu	DIS	NC	4630.2	0.0	1.26	-213.64	-523.56	232.95	1	1	674.52
713	16	50	0	numu	QE	CC	512.9	2.5	1.452	-21.29	-13.47	-289.9	0	0	-1.00
713	20	1	0	numu	QE	CC	712.8	0.0	0.672	355.56	212.02	-425.95	1	1	774.99
713	20	1	1	numu	QE	CC	482.4	0.0	0.402	637.21	338.41	633.83	1	1	1024.07
713	20	1	2	numu	MEC	NC	739.9	0.0	0.299	-532.43	129.81	-232.68	1	1	580.00
713	20	1	3	numu	RES	CC	791.3	661.9	1.462	-118.55	-102.03	100.84	1	1	0.29
713	20	3	0	numu	RES	NC	688.1	0.0	1.294	-644.92	-323.58	703.11	1	1	837.88
713	20	3	1	numu	RES	CC	1059.9	777.7	0.463	-153.2	-30.55	106.15	1	1	11.83
713	20	3	2	numu	QE	CC	324.8	0.0	1.337	-598.06	241.01	244.94	1	1	540.71
713	20	5	0	numu	QE	CC	1311.7	394.7	0.255	-44.64	-28.45	-417.3	0	0	-1.00
713	20	5	1	numu	QE	NC	380.0	0.0	0.801	-590.49	21.9	688.87	0	0	-1.00
713	20	7	0	numu	RES	CC	877.7	0.8	0.193	-271.58	285.41	42.88	0	0	-1.00
713	20	13	0	numu	MEC	CC	1226.0	309.3	0.316	-185.49	51.1	317.73	1	1	0.93
713	20	16	0	numu	MEC	CC	680.3	0.0	0.929	-634.76	87.87	521.42	0	0	-1.00
713	20	16	1	numu	RES	NC	616.5	0.9	0.895	137.41	-413.03	61.22	0	0	-1.00
713	20	16	2	numu	MEC	NC	1047.8	0.0	0.846	547.57	-554.55	809.1	0	0	-1.00
713	20	18	0	numu	COH	CC	1910.7	0.1	0.798	-21.12	-60.28	597.45	0	0	-1.00
713	20	18	1	numu	QE	CC	599.5	0.0	1.228	576.55	-587.07	396.27	0	0	-1.00
713	20	23	0	numu	MEC	CC	1040.1	822.8	0.459	-29.73	173.85	34.24	1	1	1.43
713	20	35	0	numu	RES	CC	2666.2	0.0	1.289	-603.08	-417.35	1045.74	0	0	-1.00
713	20	35	1	numu	RES	CC	997.8	20.1	0.513	219.37	-441.51	-27.08	0	0	-1.00
713	20	35	2	numu	QE	NC	308.1	0.0	0.639	22.72	-477.88	341.35	0	0	-1.00
713	20	37	0	numu	QE	CC	485.6	417.0	0.173	-102.01	-25.57	4.07	1	1	1.85
713	20	37	1	numu	MEC	CC	936.4	22.8	0.676	-121.44	-14.14	-296.48	1	1	302.96
713	20	38	0	numu	MEC	NC	514.2	282.5	0.585	63.57	-144.31	453.94	1	1	1.89
713	20	44	0	numu	QE	NC	941.5	49.7	0.896	110.36	-137.9	98.03	1	1	145.66
713	20	46	0	numu	MEC	CC	671.6	6.0	0.136	-208.12	52.52	615.26	0	0	-1.00
713	21	9	0	numu	RES	CC	486.4	0.0	1.169	-618.37	170.74	846.9	0	0	-1.00
713	21	9	1	numu	QE	CC	1077.6	0.0	0.482	-114.04	36.03	-363.19	0	0	-1.00
713	21	9	2	numu	QE	NC	1018.8	1.7	1.049	-39.45	234.4	173.65	0	0	-1.00
713	21	12	0	numu	QE	CC	789.7	251.3	0.655	-45.86	284.4	-318.15	0	0	-1.00
713	21	13	0	numu	RES	NC	878.5	254.9	0.599	203.17	-51.82	264.64	1	1	9.79
713	21	14	0	numu	QE	CC	760.1	4.8	0.57	34.29	151.72	526.71	0	0	-1.00
713	21	23	0	numu	QE	NC	482.5	0.0	1.232	330.62	-484.41	508.88	0	0	-1.00
713	21	23	1	numu	DIS	NC	1642.4	162.9	0.835	-89.59	99.71	505.39	0	0	-1.00
713	21	25	0	numu	RES	CC	2687.3	36.6	0.338	463.05	-19.23	-708.46	0	0	-1.00
713	21	28	0	numu	MEC	CC	1473.9	0.0	0.407	-179.37	383.48	-400.17	1	1	956.07
713	21	28	1	numu	DIS	CC	1251.0	0.0	1.458	525.33	341.52	-121.74	1	1	736.52
713	21	28	2	numu	RES	NC	537.8	34.7	0.24	196.77	-194.7	261.58	1	1	0.25
713	21	37	0	numu	RES	NC	2159.6	795.7	0.184	-173.59	-91.14	313.84	1	1	5.35
713	21	46	0	numu	QE	CC	1390.9	289.6	0.576	-5.62	-82.84	-455.42	0	0	-1.00
713	23	5	0	numu	DIS	CC	2277.7	1735.0	1.429	66.79	-4.66	156.86	1	2	0.98
713	23	5	1	numu	RES	CC	1044.5	177.5	0.953	-198.74	156.81	111.63	1	2	0.13
713	23	10	0	numu	RES	CC	2200.4	0.0	1.268	-61.88	81.24	-611.85	0	0	-1.00
713	23	10	1	numu	DIS	CC	3839.2	0.0	0.875	-230.32	-318.35	1147.43	0	0	-1.00
713	23	10	2	numu	QE	NC	795.8	107.3	0.724	52.98	206.68	18.15	0	0	-1.00
713	23	11	0	numu	RES	CC	1064.2	1158.9	1.35	-54.65	-56.06	91.42	1	1	0.92
713	23	13	0	numu	QE	CC	595.4	240.2	1.547	107.78	-207.16	305.64	0	0	-1.00
713	23	19	0	numu	RES	NC	1571.6	761.7	0.309	-78.99	31.51	91.21	1	1	0.81
713	23	21	0	numu	QE	NC	737.7	28.4	1.165	-5.46	236.17	232.16	0	0	-1.00
713	23	21	1	numu	QE	NC	436.0	0.0	0.442	-187.11	-552.08	119.55	0	0	-1.00
713	23	21	2	numu	QE	CC	686.6	0.0	0.572	214.68	135.39	1.96	0	0	-1.00
713	23	24	0	numu	RES	CC	1188.4	874.7	0.121	56.16	15.25	128.66	1	1	1.35
713	23	28	0	numu	QE	CC	481.9	0.0	0.297	-671.97	-15.83	270.58	0	0	-1.00
713	23	28	1	numu	QE	CC	1755.3	989.2	1.432	44.27	-0.33	-322.01	0	0	-1.00
713	23	30	0	numu	QE	CC	1193.6	571.4	0.743	-60.92	96.15	157.62	1	1	0.79
713	23	31	0	numu	QE	CC	327.0	0.0	0.972	157.64	-485.3	-494.28	1	1	747.73
713	23	31	1	numu	RES	NC	618.1	340.1	1.311	75.0	14.72	55.71	1	1	20.81
713	23	33	0	numu	QE	CC	937.6	412.7	1.101	157.29	-207.62	-10.48	0	0	-1.00
713	23	33	1	numu	QE	CC	726.0	0.0	1.095	-82.06	-260.08	-201.0	0	0	-1.00
713	23	33	2	numu	QE	CC	352.1	0.0	0.54	-191.92	333.94	-434.32	0	0	-1.00
713	23	35	0	numu	QE	CC	359.6	0.0	0.749	-576.94	303.57	-343.82	1	1	852.43
713	23	35	1	numu	QE	CC	1058.8	704.4	0.883	0.32	190.98	270.71	1	1	4.27
713	23	35	2	numu	QE	CC	594.9	0.0	1.464	587.24	319.82	101.17	1	1	625.53
713	23	36	0	numu	RES	NC	1433.3	49.6	0.234	-244.81	-234.04	97.05	1	1	193.95
713	23	38	0	numu	QE	CC	685.8	0.0	0.561	13.15	162.07	-283.77	1	1	425.12
713	23	38	1	numu	DIS	CC	2192.8	12.8	0.684	176.96	175.19	569.31	1	1	632.77
713	23	40	0	numu	QE	CC	1851.2	0.2	1.035	249.95	-20.62	216.13	1	1	295.19
713	23	40	1	numu	DIS	NC	1609.7	292.0	0.417	-15.86	-44.65	-46.57	1	1	122.51
713	23	49	0	numu	DIS	CC	1803.9	1150.4	1.231	-67.43	-80.74	442.17	1	1	1.19
713	24	7	0	numu	DIS	CC	2029.6	1425.3	1.463	-140.54	52.86	102.96	1	1	0.57
713	24	12	0	numu	QE	CC	561.8	0.0	0.618	125.17	62.42	-350.3	0	0	-1.00
713	24	12	1	numu	RES	CC	1405.3	16.5	0.479	-555.04	-274.45	-492.05	0	0	-1.00
713	24	14	0	numu	QE	CC	1118.9	1019.2	0.334	-35.06	-74.32	267.07	1	1	1.31
713	24	18	0	numu	RES	NC	881.4	326.7	0.151	-115.14	141.0	487.16	1	1	0.69
713	24	20	0	numu	QE	CC	736.9	0.3	1.015	-30.16	112.41	-296.59	0	0	-1.00
713	24	23	0	numu	RES	NC	965.1	1.6	0.707	-167.06	229.55	165.22	0	0	-1.00
713	24	23	1	numu	DIS	CC	2228.0	0.0	1.197	-479.58	83.92	60.61	0	0	-1.00
713	24	25	0	numu	DIS	CC	3291.2	0.0	0.163	372.05	370.61	-343.97	1	1	764.42
713	24	25	1	numu	RES	NC	713.6	392.0	1.26	-52.62	-9.16	165.85	1	1	0.64
713	24	31	0	numu	QE	CC	901.8	161.4	0.26	200.12	36.15	244.5	0	0	-1.00
713	24	32	0	numu	RES	CC	5723.0	228.0	1.507	-142.9	-141.29	-300.81	1	1	-1.00
713	24	34	0	numu	QE	CC	587.1	0.0	1.151	623.89	180.02	300.51	1	1	835.42
713	24	34	1	numu	RES	NC	979.3	275.2	1.099	-193.25	45.37	433.0	1	1	6.37
713	24	37	0	numu	RES	CC	3289.5	0.0	1.153	682.43	-121.58	444.69	1	1	854.72
713	24	37	1	numu	RES	CC	1071.7	0.0	1.438	-482.65	-400.31	460.61	1	1	576.32
713	24	37	2	numu	MEC	CC	881.8	749.0	1.222	-123.09	-62.55	163.31	1	1	0.61
713	24	39	0	numu	RES	CC	774.4	1.6	0.578	199.14	241.95	219.21	0	0	-1.00
713	24	40	0	numu	RES	CC	663.9	554.0	1.314	165.85	189.76	114.31	1	1	7.04
713	24	42	0	numu	RES	CC	803.0	755.7	0.933	-157.73	23.96	46.25	1	1	4.21
713	24	43	0	numu	QE	CC	602.4	435.3	0.717	-171.05	-13.93	310.26	1	1	3.62
713	24	45	0	numu	MEC	CC	804.4	0.0	0.747	22.42	193.76	-421.57	0	0	-1.00
713	24	45	1	numu	DIS	CC	4015.0	133.5	0.861	-237.63	-0.41	-379.94	0	0	-1.00
713	26	1	0	numu	DIS	CC	1407.1	11.4	0.83	248.72	-2.88	310.28	0	0	-1.00
713	26	4	0	numu	QE	CC	1338.6	4.6	1.261	-248.71	49.45	258.38	0	0	-1.00
713	26	7	0	numu	QE	CC	918.0	756.4	0.902	93.18	158.2	287.36	1	1	1.24
713	26	28	0	numu	QE	NC	982.6	0.0	1.375	585.66	78.29	847.56	1	1	1010.05
713	26	28	1	numu	MEC	CC	600.8	0.0	0.743	-529.89	171.18	71.25	1	1	485.83
713	26	28	2	numu	RES	CC	769.3	631.3	0.63	-74.43	3.29	85.93	1	1	0.65
713	26	30	0	numu	QE	CC	702.2	0.0	0.429	240.89	103.92	258.56	0	0	-1.00
713	26	30	1	numu	QE	CC	391.9	169.3	0.173	44.22	-222.29	8.91	0	0	-1.00
713	26	35	0	numu	MEC	CC	851.6	0.0	1.538	213.57	-560.92	548.17	1	1	892.69
713	26	35	1	numu	QE	CC	286.9	0.0	1.318	-483.91	217.19	-388.41	1	1	734.92
713	26	35	2	numu	QE	CC	687.7	360.3	1.293	96.17	178.09	59.75	1	1	1.25
713	26	35	3	numu	QE	CC	2006.5	0.0	1.46	-510.79	-221.44	-27.01	1	1	732.12
713	26	37	0	numu	RES	CC	1036.1	9.5	1.551	253.13	159.41	360.39	0	0	-1.00
713	28	2	0	numu	RES	NC	993.5	5.7	0.639	-21.04	233.31	392.22	1	1	384.75
713	28	2	1	numu	RES	CC	709.5	392.9	0.924	-197.55	-108.28	385.03	1	1	0.34
713	28	3	0	numu	MEC	NC	535.4	0.0	0.748	-315.44	386.05	-326.18	1	1	722.86
713	28	3	1	numu	QE	CC	967.4	807.6	0.126	-47.06	46.3	252.13	1	1	0.65
713	28	4	0	numu	RES	NC	667.0	205.5	0.626	-24.48	-148.36	464.56	1	1	1.94
713	28	6	0	numu	QE	CC	1010.1	2.5	0.274	376.17	190.76	235.98	0	0	-1.00
713	28	6	1	numu	DIS	CC	4488.3	0.0	0.448	-327.01	81.41	1399.02	0	0	-1.00
713	28	8	0	numu	RES	CC	1247.5	0.0	0.604	664.9	464.71	376.98	1	1	647.90
713	28	8	1	numu	MEC	CC	1299.1	349.9	0.308	208.43	106.68	91.65	1	1	16.77
713	28	11	0	numu	MEC	CC	4000.9	608.6	0.191	-12.22	-50.84	-1086.15	0	0	-1.00
713	28	12	0	numu	QE	CC	1530.5	0.7	0.07	166.77	458.21	-331.19	0	0	-1.00
713	28	13	0	numu	RES	NC	954.3	0.0	0.22	-144.59	195.33	-312.06	1	1	651.76
713	28	13	1	numu	RES	CC	1235.4	1064.8	0.506	9.89	48.75	303.14	1	1	1.32
713	28	17	0	numu	MEC	NC	578.7	279.7	1.324	137.38	63.62	453.56	1	1	9.18
713	28	20	0	numu	QE	CC	461.8	0.2	0.54	-375.96	218.12	102.61	0	0	-1.00
713	28	22	0	numu	QE	NC	1106.1	19.3	1.462	-111.33	102.12	560.25	0	0	-1.00
713	28	22	1	numu	QE	CC	379.7	0.0	0.519	-658.01	-139.85	-414.06	0	0	-1.00
713	28	23	0	numu	RES	CC	777.2	746.5	1.343	86.63	-185.45	458.29	1	1	2.78
713	28	24	0	numu	RES	NC	933.1	177.9	0.127	134.09	35.46	283.56	0	0	-1.00
713	28	30	0	numu	QE	CC	692.2	587.0	0.711	-54.34	-114.4	167.21	1	1	0.64
713	28	31	0	numu	RES	CC	840.3	0.1	1.111	213.63	-76.09	-281.55	0	0	-1.00
713	28	31	1	numu	QE	NC	1812.2	0.5	0.424	524.43	82.28	141.65	0	0	-1.00
713	28	32	0	numu	QE	CC	777.7	0.4	0.589	96.39	4.51	552.48	1	1	219.55
713	28	32	1	numu	RES	CC	612.7	33.2	0.834	133.87	-218.05	477.01	1	1	88.29
713	28	35	0	numu	QE	CC	765.6	428.0	1.194	-32.65	-106.15	-51.8	0	0	-1.00
713	30	1	0	numu	QE	CC	693.8	605.9	1.485	-118.12	112.97	112.97	1	1	0.49
713	30	1	1	numu	DIS	CC	3340.6	0.0	1.477	-24.05	7.84	1007.25	1	1	905.13
713	30	4	0	numu	RES	CC	2288.6	650.1	1.397	79.16	-206.68	354.05	1	1	65.99
713	30	6	0	numu	RES	CC	642.7	507.0	1.322	166.22	-130.04	346.1	1	1	0.81
713	30	10	0	numu	MEC	CC	700.6	0.0	0.977	570.9	632.99	779.92	1	1	1006.52
713	30	10	1	numu	QE	CC	933.6	661.0	0.292	142.85	-75.12	206.36	1	1	0.59
713	30	12	0	numu	QE	CC	326.8	125.0	0.432	-88.76	-191.17	361.28	1	1	2.15
713	30	13	0	numu	QE	CC	2452.9	427.4	1.158	24.78	43.48	-578.43	0	0	-1.00
713	30	16	0	numu	QE	NC	1215.2	92.0	1.412	-179.53	-29.94	249.71	1	1	31.19
713	30	16	1	numu	QE	CC	525.9	0.0	1.067	198.57	277.48	-426.45	1	1	804.63
713	30	19	0	numu	QE	CC	1044.0	11.5	0.779	-245.62	-174.32	27.87	0	0	-1.00
713	30	19	1	numu	RES	NC	734.4	0.0	1.41	-78.84	182.93	-379.06	0	0	-1.00
713	30	22	0	numu	QE	NC	1181.8	186.9	0.946	-201.44	-180.98	434.74	1	1	23.85
713	30	26	0	numu	RES	CC	1106.8	1029.2	0.256	-193.57	-163.63	214.18	1	1	240.87
713	30	26	1	numu	QE	CC	384.0	157.6	0.838	199.25	-215.33	28.26	1	1	438.11
713	30	27	0	numu	RES	CC	1239.5	1062.5	0.408	90.89	113.52	201.82	1	1	0.77
713	30	27	1	numu	QE	CC	886.7	0.0	1.367	-160.67	-35.37	611.13	1	1	502.54
713	30	27	2	numu	QE	NC	330.4	0.2	1.133	477.94	161.25	403.51	1	1	439.42
713	30	29	0	numu	RES	CC	1193.3	329.7	0.113	-117.23	-69.15	-141.54	0	0	-1.00
713	30	29	1	numu	RES	CC	1849.6	0.0	0.473	496.89	421.1	401.12	0	0	-1.00
713	30	30	0	numu	RES	CC	958.4	5.5	1.317	159.78	-271.58	197.49	0	0	-1.00
713	30	31	0	numu	QE	CC	509.5	0.0	0.186	-472.59	-639.99	922.45	0	0	-1.00
713	30	31	1	numu	QE	CC	722.8	44.0	0.995	55.5	-111.27	-314.78	0	0	-1.00
713	30	33	0	numu	QE	NC	865.0	14.1	0.135	58.25	42.46	-60.65	0	0	-1.00
713	30	33	1	numu	RES	CC	756.7	0.0	0.515	164.54	-624.55	554.91	0	0	-1.00
713	30	37	0	numu	RES	NC	2714.1	273.3	1.466	88.91	90.06	115.51	1	1	0.77
713	30	40	0	numu	QE	CC	1120.2	291.3	1.353	471.16	-82.18	-331.9	0	0	-1.00
713	30	42	0	numu	RES	CC	960.0	0.5	1.058	-221.78	-204.24	312.86	0	0	-1.00
713	30	42	1	numu	MEC	CC	1031.2	0.0	1.408	-444.81	282.4	-418.06	0	0	-1.00
713	30	43	0	numu	RES	CC	872.0	838.7	0.605	163.49	135.22	449.65	1	1	1.55
713	30	46	0	numu	QE	NC	482.9	0.0	1.272	488.05	108.54	2.01	1	1	601.00
713	30	46	1	numu	RES	NC	833.8	46.8	0.4	69.84	43.38	564.07	1	1	178.49
713	30	47	0	numu	QE	CC	604.2	1.2	1.29	490.1	-196.09	-79.32	0	0	-1.00
713	30	47	1	numu	QE	CC	362.6	0.0	0.587	-567.57	-98.87	-121.7	0	0	-1.00
713	30	48	0	numu	QE	CC	291.4	0.0	1.557	-436.55	-590.68	-486.85	1	1	1028.72
713	30	48	1	numu	QE	CC	1104.2	655.2	0.574	25.73	121.71	94.41	1	1	1.33
713	31	2	0	numu	QE	CC	1520.2	8.1	0.174	-239.73	-130.31	-34.88	0	0	-1.00
713	31	2	1	numu	QE	CC	1036.8	0.0	0.421	-404.28	242.19	559.5	0	0	-1.00
713	31	3	0	numu	RES	CC	1166.2	41.5	0.556	39.93	-83.72	-393.85	0	0	-1.00
713	31	5	0	numu	QE	CC	335.5	0.0	0.694	-645.91	-651.6	802.51	0	0	-1.00
713	31	5	1	numu	QE	NC	784.0	0.3	0.269	-66.02	44.95	-32.97	0	0	-1.00
713	31	5	2	numu	RES	NC	1079.7	0.0	0.085	-558.16	-704.6	-370.02	0	0	-1.00
713	31	7	0	numu	QE	CC	802.0	690.8	0.207	147.38	3.06	334.78	0	0	-1.00
713	31	14	0	numu	QE	CC	968.3	301.5	0.136	-97.35	103.17	-32.28	0	0	-1.00
713	31	18	0	numu	RES	CC	4664.1	0.0	0.853	-273.3	-417.9	-1219.3	1	1	1749.22
713	31	18	1	numu	RES	CC	780.6	688.5	0.413	132.13	127.89	390.71	1	1	1.89
713	31	19	0	numu	RES	CC	1178.8	29.0	0.448	-14.69	37.35	-278.83	0	0	-1.00
713	31	29	0	numu	QE	NC	502.4	0.0	0.286	-80.05	-74.26	436.7	0	0	-1.00
713	31	29	1	numu	QE	NC	244.4	0.0	0.92	643.19	327.21	743.09	0	0	-1.00
713	31	31	0	nue	RES	CC	871.3	20.7	1.179	-141.14	127.79	530.98	1	1	426.06
713	31	31	1	numu	QE	CC	688.8	560.6	0.484	91.95	-5.43	199.32	1	1	0.83
713	31	33	0	numu	RES	CC	840.5	355.5	0.066	180.55	207.16	150.83	0	0	-1.00
713	31	40	0	numu	RES	CC	1098.4	0.2	0.836	270.36	295.91	4.98	0	0	-1.00
713	33	7	0	numu	DIS	CC	4491.7	965.1	1.07	173.87	64.78	-396.24	1	1	-1.00
713	33	8	0	numu	RES	CC	1297.7	10.8	0.892	-27.6	107.94	590.96	0	0	-1.00
713	33	9	0	numu	RES	CC	1440.5	444.2	1.181	-201.48	-123.88	123.02	0	0	-1.00
713	33	13	0	numu	DIS	NC	1255.5	745.3	1.378	76.18	107.16	325.06	1	1	20.94
713	33	13	1	numu	QE	CC	200.4	0.0	0.091	560.05	-642.29	-246.71	1	1	1076.97
713	33	18	0	numu	QE	CC	498.6	72.1	1.415	-189.42	204.32	309.59	0	0	-1.00
713	33	18	1	numu	MEC	CC	495.4	0.0	0.209	621.12	-247.95	476.41	0	0	-1.00
713	33	29	0	numu	QE	CC	909.4	390.1	0.567	-171.35	-120.1	392.6	1	1	0.10
713	33	29	1	numu	MEC	CC	861.2	0.0	0.377	519.22	373.84	359.21	1	1	849.72
713	33	31	0	numu	QE	NC	697.7	0.0	0.82	-441.68	141.43	-473.78	1	1	863.95
713	33	31	1	numu	RES	NC	540.9	99.0	0.593	-149.5	-196.48	62.12	1	1	244.81
713	33	31	2	numu	QE	NC	253.4	0.0	0.564	-88.28	471.23	-286.44	1	1	867.59
713	33	32	0	numu	QE	CC	965.8	134.4	1.317	-15.9	74.47	-310.94	0	0	-1.00
713	33	39	0	numu	RES	CC	737.0	0.0	0.994	-82.52	-132.95	-345.16	0	0	-1.00
713	33	39	1	numu	QE	NC	656.1	0.0	0.161	439.28	-55.29	-383.85	0	0	-1.00
713	33	39	2	numu	QE	CC	2068.5	716.7	1.201	-143.7	60.28	176.11	0	0	-1.00
713	33	39	3	numu	QE	CC	410.8	0.0	0.428	642.2	47.74	-348.6	0	0	-1.00
713	33	39	4	numu	QE	CC	627.6	0.0	0.888	-303.01	-513.92	-141.5	0	0	-1.00
713	33	43	0	numu	QE	CC	2378.6	264.9	0.079	158.0	-214.09	135.12	0	0	-1.00
713	33	43	1	numu	QE	NC	798.0	0.0	1.091	29.24	-482.28	295.37	0	0	-1.00
713	33	49	0	numu	QE	CC	808.6	522.0	1.371	195.28	226.3	134.32	1	1	219.70
713	33	49	1	numu	QE	CC	809.0	550.9	1.148	58.8	128.95	274.71	1	1	1.81
713	35	3	0	numu	QE	NC	468.5	3.2	0.21	-218.46	-178.16	10.78	0	0	-1.00
713	35	3	1	numu	QE	CC	435.4	0.0	0.674	341.17	18.42	-349.51	0	0	-1.00
713	35	3	2	numu	QE	CC	355.3	0.0	1.161	-493.89	-13.59	-489.39	0	0	-1.00
713	35	9	0	numu	RES	CC	3633.9	0.8	0.969	98.69	-5.5	-595.25	0	0	-1.00
713	35	12	0	numu	QE	CC	866.0	3.4	0.844	-134.79	-38.55	-339.93	0	0	-1.00
713	35	12	1	numu	RES	NC	1154.9	0.0	0.643	510.89	53.3	-136.04	0	0	-1.00
713	35	17	0	numu	QE	CC	415.5	321.7	0.203	-66.15	178.23	231.31	1	1	85.84
713	35	17	1	numu	RES	NC	4421.7	0.0	0.187	-250.8	-270.2	-1357.51	1	1	1687.37
713	35	18	0	numu	RES	NC	1596.9	0.3	1.093	-199.96	183.22	-278.66	1	1	673.34
713	35	18	1	numu	RES	CC	968.5	808.6	0.62	34.6	-132.49	268.36	1	1	1.31
713	35	46	0	numu	QE	NC	1009.6	0.0	0.969	113.17	86.13	582.74	0	0	-1.00
713	35	46	1	numu	DIS	CC	3824.1	972.5	0.066	-19.03	-74.27	-369.92	0	0	-1.00
713	35	46	2	numu	QE	NC	476.4	0.0	1.24	529.94	258.54	666.59	0	0	-1.00
713	35	46	3	numu	RES	CC	1643.3	0.0	0.37	20.09	-354.82	-461.27	0	0	-1.00
713	38	5	0	numu	RES	CC	1286.1	341.7	0.866	-91.08	-36.11	-279.61	0	0	-1.00
713	38	5	1	numu	QE	CC	634.9	0.0	0.744	-400.47	-618.03	690.32	0	0	-1.00
713	38	9	0	numu	DIS	CC	1836.4	1425.8	0.753	36.07	-156.37	371.16	1	1	1.13
713	38	12	0	numu	QE	NC	433.8	0.3	0.37	254.09	-116.08	162.7	0	0	-1.00
713	38	12	1	numu	RES	NC	3059.1	0.0	1.526	-70.58	497.25	-351.16	0	0	-1.00
713	38	14	0	numu	QE	CC	738.4	573.0	0.159	-91.16	-107.16	125.42	1	1	0.41
713	38	17	0	numu	MEC	CC	784.6	79.5	1.175	114.65	-82.69	-141.27	0	0	-1.00
713	38	17	1	numu	QE	NC	530.3	0.0	1.027	-163.4	-107.88	-498.05	0	0	-1.00
713	38	18	0	numu	QE	CC	2195.1	730.2	0.666	126.31	23.7	-554.11	0	0	-1.00
713	38	18	1	numu	DIS	CC	1087.8	0.0	0.268	-241.15	-468.34	529.6	0	0	-1.00
713	38	25	0	numu	RES	CC	1222.1	1070.2	1.065	77.15	-25.29	20.97	1	1	3.28
713	38	29	0	numu	QE	CC	654.3	421.3	0.471	-85.66	-27.0	345.0	1	1	2.11
713	38	29	1	numu	RES	CC	3793.3	16.9	1.541	29.94	-488.36	112.62	1	1	528.78
713	38	35	0	numu	QE	CC	1032.1	526.2	0.94	-130.99	153.39	325.22	1	1	0.37
713	38	35	1	numu	QE	CC	1417.6	0.0	0.717	590.96	478.72	410.23	1	1	796.63
713	38	35	2	numu	RES	CC	1303.3	0.4	1.371	144.19	-270.91	79.26	1	1	562.21
713	38	35	3	numu	QE	NC	544.8	0.0	1.24	14.51	111.65	148.45	1	1	232.82
713	38	41	0	numu	DIS	NC	2155.3	15.9	0.095	-506.18	-181.24	-80.87	0	0	-1.00
713	38	41	1	numu	ElectronScattering	NC	411.1	0.0	0.598	128.65	-478.04	247.16	0	0	-1.00
713	38	42	0	numu	DIS	CC	776.4	0.0	0.276	-380.28	-108.75	-387.06	1	1	837.10
713	38	42	1	numu	RES	NC	2513.5	113.5	0.292	188.41	80.95	161.17	1	1	39.98
713	38	45	0	numu	QE	NC	1097.8	166.3	1.034	-106.48	-172.51	143.36	1	1	17.97
713	38	45	1	numu	QE	CC	326.8	0.0	1.123	583.61	321.11	61.72	1	1	868.24
713	38	47	0	numu	QE	CC	501.9	1.8	1.014	329.8	-233.34	-316.9	0	0	-1.00
713	38	47	1	numu	RES	CC	1131.7	297.1	0.468	-22.54	203.95	311.24	0	0	-1.00
713	38	50	0	numu	QE	CC	689.1	49.8	1.294	-54.84	-226.71	127.43	0	0	-1.00
713	38	50	1	numu	QE	CC	2863.6	0.0	0.226	427.19	-365.89	991.85	0	0	-1.00
713	40	2	0	numu	QE	NC	507.4	70.9	0.425	-180.51	163.33	130.29	0	0	-1.00
713	40	9	0	numu	RES	CC	1304.0	0.0	1.221	-545.97	247.06	723.25	0	0	-1.00
713	40	9	1	numu	RES	CC	782.8	6.5	0.58	216.82	87.44	-288.33	0	0	-1.00
713	40	11	0	numu	MEC	CC	627.8	559.9	1.219	-136.51	38.01	170.51	1	1	0.48
713	40	17	0	numu	QE	CC	700.8	11.7	0.381	-255.62	152.7	525.71	0	0	-1.00
713	40	21	0	numu	QE	NC	231.1	67.1	0.596	173.3	-24.52	139.81	1	1	0.29
713	40	23	0	numu	QE	CC	829.0	579.6	1.386	24.95	218.37	27.49	0	0	-1.00
713	40	27	0	numu	QE	CC	739.9	387.8	0.466	-118.39	-59.07	240.88	1	1	0.69
713	40	28	0	numu	MEC	CC	1053.1	0.2	1.444	91.52	237.52	554.96	0	0	-1.00
713	40	28	1	numu	QE	CC	404.5	0.0	0.337	615.29	-94.15	-223.87	0	0	-1.00
713	40	34	0	numu	MEC	CC	3229.4	669.1	1.016	116.08	-282.19	-871.97	0	0	-1.00
713	40	34	1	numu	DIS	CC	3688.3	0.0	1.161	-217.05	-80.04	-458.99	0	0	-1.00
713	40	35	0	numu	QE	CC	371.0	197.3	0.426	183.9	-15.36	173.92	0	0	-1.00
713	40	37	0	numu	DIS	CC	4040.0	0.0	0.347	-630.64	139.62	-991.53	0	0	-1.00
713	40	37	1	numu	QE	CC	910.3	341.8	0.069	-227.45	148.93	-324.58	0	0	-1.00
713	40	41	0	numu	QE	CC	2453.7	84.3	1.159	442.84	-124.83	-529.44	0	0	-1.00
713	40	41	1	numu	QE	CC	463.7	0.0	1.559	-315.45	547.96	-487.96	0	0	-1.00
713	40	49	0	numu	RES	CC	2575.4	17.9	1.54	221.49	-170.21	47.08	0	0	-1.00
713	45	1	0	numu	RES	CC	1382.8	1102.1	0.621	1.36	-16.27	306.28	1	1	0.50
713	45	6	0	numu	QE	CC	1640.2	16.9	1.265	242.7	91.46	323.22	0	0	-1.00
713	45	6	1	numu	QE	CC	506.4	0.0	0.804	-238.71	-366.0	-340.69	0	0	-1.00
713	45	10	0	numu	QE	NC	834.5	0.0	0.49	319.73	-456.16	346.37	1	1	708.78
713	45	10	1	numu	MEC	CC	1286.2	427.8	1.039	-3.52	178.16	324.32	1	1	4.64
713	45	12	0	numu	RES	CC	551.4	0.3	0.162	-97.43	205.42	-272.18	0	0	-1.00
713	45	15	0	numu	RES	CC	4880.0	1058.0	0.441	408.5	-133.9	-447.9	0	0	-1.00
713	45	25	0	numu	MEC	CC	590.5	0.0	0.368	-278.38	552.82	-469.59	1	1	918.61
713	45	25	1	numu	MEC	CC	1191.5	617.0	0.809	18.08	168.72	308.34	1	1	3.51
713	45	26	0	numu	RES	CC	1097.5	569.5	0.848	-76.53	-147.87	334.47	1	1	1.01
713	45	26	1	numu	QE	NC	422.9	0.0	0.535	680.54	466.16	60.73	1	1	1011.76
713	45	26	2	numu	QE	CC	623.1	0.0	1.128	309.61	59.18	-393.67	1	1	849.44
713	45	28	0	numu	QE	CC	509.2	0.0	0.867	630.26	171.45	913.52	0	0	-1.00
713	45	28	1	numu	RES	CC	705.9	0.0	0.392	550.66	-625.67	268.51	0	0	-1.00
713	45	28	2	numu	RES	CC	1005.9	4.2	1.367	-163.96	11.6	614.65	0	0	-1.00
713	45	30	0	numu	RES	CC	4491.8	0.0	0.932	32.77	-164.64	1196.92	0	0	-1.00
713	45	30	1	numu	DIS	CC	2223.7	9.0	0.21	80.02	154.77	540.98	0	0	-1.00
713	45	30	2	numu	RES	CC	2746.0	0.0	0.699	-188.36	-628.11	-729.8	0	0	-1.00
713	45	31	0	numu	QE	CC	425.2	298.2	0.833	131.44	189.91	430.41	1	1	0.46
713	45	33	0	numu	RES	CC	2186.3	0.0	0.545	489.06	454.81	-237.88	1	1	819.64
713	45	33	1	numu	RES	CC	1026.7	728.5	0.561	-22.43	23.47	235.61	1	1	0.16
713	45	38	0	numu	RES	NC	915.1	0.0	0.086	-319.6	236.47	-338.63	1	1	459.96
713	45	38	1	numu	QE	CC	1289.0	539.6	0.723	-33.82	134.86	4.5	1	1	2.73
713	45	45	0	numu	QE	CC	2167.3	0.0	1.325	-632.79	-540.79	-88.21	1	1	957.13
713	45	45	1	numu	RES	NC	1780.3	0.0	1.504	-519.22	386.47	-403.33	1	1	936.84
713	45	45	2	numu	QE	NC	692.7	127.4	0.176	150.5	-25.8	104.72	1	1	0.72
713	45	47	0	numu	QE	CC	929.3	0.0	1.278	119.81	-603.84	698.04	0	0	-1.00
713	45	47	1	numu	QE	CC	880.5	0.1	0.229	192.05	28.81	526.56	0	0	-1.00
713	48	3	0	numu	MEC	CC	763.9	1.3	1.143	9.81	-15.23	-402.81	1	1	611.11
713	48	3	1	numu	QE	CC	588.1	317.8	0.237	146.28	73.21	186.02	1	1	0.41
713	48	3	2	numu	QE	CC	320.6	0.0	1.576	135.25	-687.43	-21.16	1	1	788.45
713	48	3	3	numu	QE	CC	473.0	0.0	0.409	-581.85	44.77	305.41	1	1	738.09
713	48	8	0	numu	DIS	NC	2066.5	30.9	0.963	498.46	85.28	-186.93	0	0	-1.00
713	48	8	1	numu	MEC	CC	740.3	0.0	0.674	-352.44	180.4	773.84	0	0	-1.00
713	48	10	0	numu	QE	CC	1048.2	777.6	0.558	47.06	207.64	142.95	0	0	-1.00
713	48	12	0	numu	QE	CC	1046.1	535.2	1.469	99.39	-125.95	256.96	1	2	1.10
713	48	12	1	numu	QE	CC	537.1	0.0	0.271	275.33	-213.99	-509.72	1	2	791.74
713	48	12	2	numu	QE	CC	512.0	423.9	1.117	-167.07	69.02	444.75	1	2	82.54
713	48	13	0	numu	DIS	NC	3424.9	0.8	1.12	5.49	-40.08	531.94	0	0	-1.00
713	48	13	1	numu	QE	CC	686.7	0.0	1.467	22.99	-254.96	-407.02	0	0	-1.00
713	48	14	0	numu	QE	NC	556.6	0.0	0.14	-654.57	-434.95	741.73	0	0	-1.00
713	48	14	1	numu	QE	NC	1284.6	120.8	0.872	-23.49	18.59	498.72	0	0	-1.00
713	48	14	2	numu	RES	CC	1925.2	0.0	0.872	-268.0	-200.93	1013.94	0	0	-1.00
713	48	16	0	numu	RES	NC	1541.8	649.3	0.906	-14.51	71.99	354.91	1	1	52.73
713	48	17	0	numu	RES	CC	1144.8	1.7	1.584	-62.54	234.71	250.56	1	1	242.20
713	48	17	1	numu	QE	CC	992.2	135.7	1.161	-218.68	63.66	97.87	1	1	36.55
713	48	18	0	numu	DIS	CC	1564.4	1065.5	0.736	163.92	-37.57	326.67	1	1	7.35
713	48	19	0	numu	QE	NC	582.2	0.7	0.424	-101.62	-223.83	141.02	0	0	-1.00
713	48	19	1	numu	QE	CC	681.7	0.0	1.17	-344.96	-537.52	348.24	0	0	-1.00
713	48	20	0	numu	RES	CC	1962.4	0.0	0.993	473.01	-533.65	126.39	0	0	-1.00
713	48	20	1	numu	MEC	CC	1596.9	0.0	0.993	554.69	93.84	-382.54	0	0	-1.00
713	48	20	2	numu	DIS	CC	5121.9	1043.1	1.201	-225.65	-154.34	125.65	0	0	-1.00
713	48	22	0	numu	RES	NC	688.5	344.5	0.169	-177.12	165.16	440.34	1	1	0.28
713	48	26	0	numu	RES	NC	857.1	496.9	0.716	-118.8	59.46	316.37	1	1	4.47
713	48	28	0	numu	QE	CC	579.1	344.2	0.612	-186.61	161.53	54.55	1	1	0.53
713	48	29	0	numu	QE	NC	362.4	0.0	1.284	-621.93	246.52	-163.67	0	0	-1.00
713	48	29	1	numu	DIS	CC	3219.7	2.8	1.517	185.89	21.12	536.12	0	0	-1.00
713	48	31	0	numu	RES	CC	1872.4	151.9	1.466	-233.71	180.2	183.36	0	0	-1.00
713	48	33	0	numu	RES	CC	1950.4	0.0	0.566	-218.49	-487.57	1001.26	0	0	-1.00
713	48	33	1	numu	MEC	CC	471.3	308.2	0.697	-41.64	-169.73	376.9	0	0	-1.00
713	48	33	2	numu	QE	CC	371.5	0.0	1.257	315.16	-476.06	98.32	0	0	-1.00
713	48	33	3	numu	QE	CC	1282.5	0.0	1.585	-501.99	-331.69	307.75	0	0	-1.00
713	48	36	0	numu	QE	CC	871.8	0.0	0.58	666.61	506.0	287.08	0	0	-1.00
713	48	36	1	numu	DIS	NC	2607.2	6.1	0.543	594.44	1.94	274.37	0	0	-1.00
713	48	37	0	numu	RES	CC	2715.7	8.7	0.225	-234.56	0.37	-157.55	0	0	-1.00
713	48	42	0	numu	QE	CC	640.8	577.3	1.014	-104.45	-80.45	212.74	1	1	4.48
713	48	42	1	numu	RES	CC	4563.9	0.0	0.881	313.8	-399.58	-420.97	1	1	827.61
713	48	44	0	numu	QE	CC	685.1	13.0	0.067	53.84	42.99	-333.01	0	0	-1.00
713	48	47	0	numu	QE	CC	1031.5	142.8	0.493	107.55	56.55	-52.72	0	0	-1.00
713	48	47	1	numu	MEC	CC	393.4	0.0	1.43	132.04	-387.46	-282.56	0	0	-1.00
713	50	2	0	numu	RES	CC	5573.7	1946.7	1.391	58.47	-86.4	59.14	1	1	0.87
713	50	3	0	numu	RES	NC	568.8	18.5	1.303	250.08	-90.8	351.34	0	0	-1.00
713	50	13	0	numu	RES	NC	3102.1	0.0	0.69	-609.06	231.51	181.58	0	0	-1.00
713	50	13	1	numu	QE	CC	256.4	6.5	0.674	-493.48	213.26	211.47	0	0	-1.00
713	50	14	0	numu	RES	CC	516.7	224.0	0.217	-81.3	-59.15	219.07	1	1	0.74
713	50	17	0	numu	QE	CC	294.2	0.0	1.147	185.46	-681.1	-384.0	1	1	1105.65
713	50	17	1	numu	RES	NC	1042.6	178.2	1.241	-188.26	147.42	242.5	1	1	8.34
713	50	18	0	numu	QE	CC	1111.0	949.1	0.374	-94.51	9.08	309.86	1	1	0.42
713	50	19	0	numu	MEC	CC	811.1	682.4	0.197	-24.11	145.32	139.58	1	1	1.46
713	50	19	1	numu	RES	CC	2751.5	0.0	0.361	343.11	-418.39	1044.81	1	1	1127.11
713	50	19	2	numu	QE	NC	542.4	0.0	0.954	-350.29	75.96	-509.04	1	1	729.21
713	50	21	0	numu	RES	CC	1767.5	1457.3	1.481	-166.32	105.51	28.25	1	1	0.39
713	50	29	0	numu	QE	NC	915.1	242.2	1.281	-1.0	-175.54	268.11	1	1	6.52
713	50	32	0	numu	DIS	CC	1860.3	1183.7	0.541	-138.53	169.8	214.87	1	1	63.76
713	50	32	1	numu	DIS	CC	3545.4	0.0	1.358	142.26	226.16	-855.95	1	1	1170.69
713	50	32	2	numu	DIS	CC	4140.6	0.0	0.167	-345.54	-375.45	-767.75	1	1	1190.33
713	50	41	0	numu	RES	CC	3219.7	410.0	1.148	-181.51	-501.21	-339.01	0	0	-1.00
713	50	45	0	numu	QE	NC	329.4	5.4	0.499	-38.44	352.89	120.45	0	0	-1.00
713	51	3	0	numu	QE	CC	846.6	511.7	0.947	-32.14	32.54	-52.04	1	1	391.70
713	51	3	1	numu	DIS	CC	1629.3	1346.4	0.921	172.57	-32.46	275.52	1	1	3.24
713	51	6	0	numu	QE	NC	603.3	28.4	0.681	-94.42	10.33	442.13	0	0	-1.00
713	51	7	0	numu	DIS	CC	2858.9	0.0	1.06	-154.06	-458.9	-700.85	0	0	-1.00
713	51	7	1	numu	MEC	CC	799.4	1.0	0.769	-26.1	-173.34	-308.65	0	0	-1.00
713	51	8	0	numu	RES	CC	1191.7	17.6	1.328	249.59	-224.85	477.21	0	0	-1.00
713	51	8	1	numu	QE	CC	560.2	0.0	0.897	-632.87	-149.98	664.53	0	0	-1.00
713	51	8	2	numu	QE	CC	519.8	0.0	1.089	-459.01	79.24	-367.12	0	0	-1.00
713	51	13	0	numu	QE	CC	1394.1	696.9	0.259	-164.78	-104.49	257.35	1	1	185.04
713	51	13	1	numu	MEC	CC	1203.4	0.0	0.517	-27.71	93.58	-507.23	1	1	980.27
713	51	19	0	numu	QE	CC	442.0	0.0	0.39	-701.16	-232.88	-381.26	0	0	-1.00
713	51	19	1	numu	DIS	CC	3127.8	0.0	1.072	344.65	267.56	-928.06	0	0	-1.00
713	51	19	2	numu	QE	CC	553.9	0.0	0.494	128.18	-630.21	84.64	0	0	-1.00
713	51	19	3	numu	QE	NC	1111.8	0.4	0.564	-235.8	-211.83	416.55	0	0	-1.00
713	51	19	4	numu	QE	CC	2160.3	0.0	0.818	360.15	-91.28	1134.46	0	0	-1.00
713	51	20	0	numu	QE	CC	1315.4	723.8	1.177	-70.39	-152.68	18.0	1	1	1.36
713	51	20	1	numu	RES	NC	1060.2	5.6	1.01	13.09	26.63	633.09	1	1	644.78
713	51	21	0	numu	MEC	CC	592.1	432.0	0.328	88.31	-7.95	24.95	1	1	1.63
713	51	25	0	numu	QE	CC	377.2	0.0	0.431	-633.88	186.42	904.55	1	1	1088.04
713	51	25	1	numu	RES	CC	893.4	805.6	0.769	137.24	-191.01	232.09	1	1	3.30
713	51	34	0	numu	QE	CC	998.0	908.5	0.445	2.18	74.48	131.7	1	1	0.81
713	51	34	1	numu	MEC	CC	366.5	0.0	1.411	-104.18	147.7	-339.61	1	1	489.32
713	51	35	0	numu	QE	NC	687.0	45.6	1.544	160.34	-4.92	157.61	0	0	-1.00
713	51	35	1	numu	DIS	CC	3429.7	0.0	0.707	-664.99	-303.65	-471.15	0	0	-1.00
713	51	41	0	numu	QE	CC	501.8	168.6	0.247	-50.4	206.76	434.75	0	0	-1.00
713	51	41	1	numu	RES	NC	3398.5	0.0	1.167	-122.9	-489.61	-808.4	0	0	-1.00
713	51	44	0	numu	RES	CC	1835.9	754.2	0.359	-132.5	148.57	437.94	1	1	0.15
713	52	1	0	numu	QE	CC	403.1	142.8	1.089	200.75	231.06	176.3	0	0	-1.00
713	52	1	1	numu	QE	CC	474.4	0.0	0.918	-660.61	-353.45	-437.75	0	0	-1.00
713	52	6	0	numu	QE	NC	474.5	0.0	0.478	-133.75	-650.8	614.95	1	1	751.90
713	52	6	1	numu	QE	NC	1820.2	0.0	1.542	-160.47	183.84	723.55	1	1	406.23
713	52	6	2	numu	RES	CC	1393.4	904.9	0.794	97.5	44.52	442.82	1	1	1.10
713	52	7	0	numu	QE	CC	1099.2	0.0	0.213	-33.23	173.7	-482.8	1	1	924.84
713	52	7	1	numu	RES	CC	958.8	708.4	0.303	-98.26	-150.35	380.92	1	1	0.66
713	52	7	2	numu	QE	NC	384.7	0.0	0.783	97.17	-86.0	-497.97	1	1	902.86
713	52	8	0	numu	RES	NC	487.0	10.0	0.445	-209.47	-198.8	174.35	0	0	-1.00
713	52	19	0	numu	RES	CC	2410.7	20.8	1.234	126.3	-260.23	0.74	0	0	-1.00
713	52	19	1	numu	DIS	CC	4598.4	0.0	0.143	361.34	-139.27	1427.01	0	0	-1.00
713	52	19	2	numu	QE	CC	871.0	0.0	0.687	-11.95	-411.85	-506.16	0	0	-1.00
713	52	22	0	numu	RES	NC	622.0	0.0	1.381	-362.76	-413.61	999.57	0	0	-1.00
713	52	22	1	numu	RES	CC	2394.8	0.0	0.059	-137.14	152.5	-517.75	0	0	-1.00
713	52	22	2	numu	QE	NC	467.6	45.4	0.923	15.05	-188.73	339.9	0	0	-1.00
713	52	23	0	numu	QE	CC	1016.2	227.2	0.91	-174.42	-22.74	419.76	1	1	0.15
713	52	23	1	numu	QE	CC	448.6	0.0	0.785	-514.8	529.18	742.24	1	1	724.24
713	52	30	0	nue	QE	CC	449.6	3.7	1.009	-247.85	167.93	134.72	1	1	349.50
713	52	30	1	numu	QE	CC	811.3	585.0	1.303	-128.47	-101.88	322.08	1	1	0.32
713	52	42	0	numu	QE	CC	735.6	0.0	1.371	-260.88	34.72	708.0	1	1	397.43
713	52	42	1	numu	RES	NC	1519.1	533.6	1.36	-47.27	-11.08	373.77	1	1	2.32
713	52	48	0	numu	RES	CC	1040.5	4.5	0.104	-253.51	-484.79	215.9	0	0	-1.00
713	52	48	1	numu	RES	CC	676.2	0.0	1.237	-71.63	-234.35	-505.56	0	0	-1.00
713	52	48	2	numu	QE	CC	1328.7	0.0	0.89	-87.1	109.72	999.2	0	0	-1.00
713	54	4	0	numu	QE	CC	303.7	188.3	0.745	116.33	-56.14	112.72	1	1	2.88
713	54	4	1	numu	QE	NC	336.8	0.0	0.462	-229.1	-472.65	-457.84	1	1	785.14
713	54	5	0	numu	QE	NC	872.5	0.3	0.851	-214.12	189.18	412.08	0	0	-1.00
713	54	5	1	numu	QE	NC	943.8	0.0	1.09	-503.54	57.54	250.81	0	0	-1.00
713	54	7	0	numu	QE	NC	948.7	60.5	0.258	-34.28	-50.61	279.42	0	0	-1.00
713	54	9	0	numu	QE	CC	545.6	0.6	1.027	140.74	150.37	584.15	0	0	-1.00
713	54	10	0	numu	RES	CC	521.1	17.0	1.258	-256.23	59.21	151.57	0	0	-1.00
713	54	10	1	numu	QE	NC	455.4	0.0	0.551	-543.37	-478.51	-63.49	0	0	-1.00
713	54	12	0	numu	MEC	CC	535.4	0.0	0.386	-479.59	5.62	-411.15	0	0	-1.00
713	54	12	1	numu	RES	CC	1658.4	323.5	1.566	-198.12	81.38	-304.11	0	0	-1.00
713	54	13	0	numu	MEC	CC	504.0	326.1	1.35	112.59	-143.54	97.96	1	1	1.46
713	54	13	1	numu	QE	NC	849.3	292.8	0.176	150.65	39.26	78.32	1	1	187.55
713	54	14	0	numu	QE	CC	477.0	0.0	0.935	-474.02	-617.42	99.18	1	1	837.20
713	54	14	1	numu	QE	NC	247.9	60.5	1.453	-146.22	101.58	375.37	1	1	0.38
713	54	18	0	numu	QE	CC	2610.8	1101.8	0.504	-23.26	-42.0	-374.11	0	0	-1.00
713	54	20	0	numu	QE	CC	326.8	0.0	0.513	-501.77	166.09	502.41	0	0	-1.00
713	54	20	1	numu	RES	CC	991.6	545.5	0.286	-141.19	82.57	-26.12	0	0	-1.00
713	54	23	0	numu	QE	CC	964.1	875.9	0.745	-126.16	161.87	118.48	1	1	90.43
713	54	23	1	numu	DIS	NC	6320.3	0.0	0.543	102.16	-202.14	-861.27	1	1	979.78
713	54	29	0	numu	RES	CC	610.8	0.0	1.331	-134.44	15.29	-483.33	1	1	698.27
713	54	29	1	numu	QE	NC	615.6	0.0	1.503	-631.96	500.42	-493.77	1	1	950.69
713	54	29	2	numu	QE	CC	672.6	521.5	0.368	-58.34	178.45	192.0	1	1	1.93
713	54	29	3	numu	RES	CC	707.9	0.0	0.94	-38.64	-644.79	249.3	1	1	823.57
713	54	31	0	numu	QE	CC	928.3	0.0	0.498	178.23	-482.89	619.2	1	1	622.91
713	54	31	1	numu	QE	CC	680.1	518.0	1.204	157.03	-42.63	179.2	1	1	0.27
713	54	32	0	numu	QE	CC	726.6	563.2	0.683	-22.77	53.67	-13.48	1	1	-1.00
713	54	35	0	numu	RES	CC	1657.1	1.2	0.524	-172.66	-195.6	-281.94	0	0	-1.00
713	54	35	1	numu	MEC	CC	1256.5	0.0	0.746	-554.69	-368.32	88.87	0	0	-1.00
713	54	36	0	numu	DIS	NC	651.9	308.5	0.664	88.97	-156.39	450.23	1	1	0.97
713	54	40	0	numu	QE	NC	1141.7	0.0	1.45	10.76	-258.25	-274.61	0	0	-1.00
713	54	40	1	numu	RES	NC	863.2	15.4	0.599	-75.13	212.19	212.16	0	0	-1.00
713	54	40	2	numu	QE	CC	803.7	0.0	0.451	-596.5	321.64	913.76	0	0	-1.00
713	54	47	0	numu	QE	CC	1165.8	0.0	0.678	43.71	-533.87	356.65	0	0	-1.00
713	54	47	1	numu	MEC	CC	438.0	10.8	0.954	55.14	-423.34	124.71	0	0	-1.00
713	54	49	0	numu	QE	NC	2879.0	103.9	0.169	-14.39	-192.85	425.9	1	1	132.59
713	54	50	0	numu	RES	CC	1252.8	1119.7	0.767	58.81	-5.63	225.13	0	0	-1.00
713	56	3	0	numu	RES	CC	2876.6	0.0	0.704	512.63	-0.43	-16.27	0	0	-1.00
713	56	3	1	numu	QE	NC	882.2	15.6	1.474	-198.74	-209.93	384.42	0	0	-1.00
713	56	5	0	numu	RES	CC	1324.0	832.0	0.406	-112.0	-54.73	157.47	1	1	22.12
713	56	5	1	numu	QE	CC	2044.1	0.0	0.553	620.5	-387.88	548.41	1	1	883.04
713	56	7	0	numu	RES	CC	1334.4	969.3	0.07	-123.57	32.47	344.29	1	1	1.20
713	56	11	0	numu	DIS	CC	3030.4	4.8	0.448	-419.18	-236.56	-305.85	0	0	-1.00
713	56	11	1	numu	MEC	CC	1173.4	0.0	0.465	-153.53	111.32	730.07	0	0	-1.00
713	56	11	2	numu	QE	CC	377.2	0.0	1.115	-476.05	-337.37	-170.82	0	0	-1.00
713	56	11	3	numu	RES	NC	3576.9	0.0	0.321	127.31	124.74	-710.47	0	0	-1.00
713	56	16	0	numu	QE	NC	432.7	0.0	0.587	701.43	301.47	428.22	0	0	-1.00
713	56	16	1	numu	QE	CC	795.6	0.0	0.465	-200.43	-435.83	-358.05	0	0	-1.00
713	56	16	2	numu	DIS	CC	2700.4	0.0	0.382	-309.43	-639.76	-591.07	0	0	-1.00
713	56	16	3	numu	QE	CC	382.1	26.5	0.892	75.66	136.75	-48.36	0	0	-1.00
713	56	21	0	numu	QE	NC	446.1	0.0	0.054	-322.63	-614.38	-195.5	0	0	-1.00
713	56	21	1	numu	QE	NC	2383.3	11.6	1.503	-197.88	-221.99	82.7	0	0	-1.00
713	56	26	0	numu	DIS	CC	2800.7	0.0	1.219	-688.58	-118.08	691.6	1	1	779.98
713	56	26	1	numu	QE	CC	1332.7	1096.0	0.651	-186.43	-52.45	98.15	1	1	0.27
713	56	28	0	numu	RES	CC	1203.7	662.5	0.837	-187.12	145.99	0.4	1	1	0.38
713	56	36	0	numu	QE	NC	180.7	0.0	1.192	611.52	-113.4	970.36	1	1	799.42
713	56	36	1	numu	QE	CC	1073.2	765.8	0.567	90.96	47.07	385.99	1	1	0.83
713	56	36	2	numu	MEC	CC	859.0	0.0	1.216	168.75	-182.91	525.09	1	1	279.75
713	56	36	3	numu	MEC	CC	425.8	0.0	0.278	370.41	-553.65	-237.07	1	1	909.19
713	56	37	0	numu	DIS	CC	2656.2	0.0	1.275	574.14	104.88	1149.55	0	0	-1.00
713	56	37	1	numu	RES	CC	2783.6	0.2	0.629	-504.06	573.62	44.89	0	0	-1.00
713	56	40	0	numu	RES	CC	1503.8	1153.1	0.402	0.3	40.75	-5.67	1	1	10.65
713	56	40	1	numu	QE	CC	430.6	0.0	0.923	425.19	-523.47	-331.83	1	1	781.89
713	56	43	0	numu	QE	CC	1144.3	145.3	1.568	-26.56	-256.67	360.67	0	0	-1.00
713	56	46	0	numu	DIS	CC	3269.4	0.4	1.203	-251.78	-126.31	-386.27	0	0	-1.00
713	56	48	0	numu	RES	CC	1846.1	0.6	0.509	-279.38	319.88	-175.76	1	1	561.56
713	56	48	1	numu	QE	CC	1560.0	193.9	0.088	-196.37	-12.2	269.37	1	1	0.30
713	56	48	2	numu	QE	CC	1963.0	0.0	1.415	-94.75	-358.96	-274.42	1	1	652.63
713	56	49	0	numu	QE	CC	704.9	354.0	0.743	-74.1	32.49	94.56	1	1	1.44
713	56	49	1	numu	QE	NC	1594.0	0.0	0.337	-577.72	-421.32	946.66	1	1	1087.62
713	56	50	0	numu	RES	NC	2320.1	58.9	1.497	2.18	-58.19	508.48	1	1	54.45
713	57	3	0	numu	QE	NC	729.6	118.0	0.943	-191.48	27.08	370.31	1	1	394.89
713	57	3	1	numu	RES	NC	614.0	230.4	0.973	103.51	201.07	184.4	1	1	20.40
713	57	15	0	numu	MEC	NC	321.3	0.0	0.111	205.2	-594.87	942.15	0	0	-1.00
713	57	15	1	numu	QE	CC	766.8	1.8	1.343	165.23	-221.65	463.14	0	0	-1.00
713	57	18	0	numu	QE	CC	1007.4	5.1	1.537	116.43	-224.22	-12.27	0	0	-1.00
713	57	18	1	numu	MEC	CC	843.2	0.0	0.329	-247.69	302.69	699.04	0	0	-1.00
713	57	20	0	numu	QE	CC	1294.7	160.2	1.305	-110.22	-154.55	447.16	1	1	1.14
713	57	21	0	numu	QE	CC	968.7	1.1	0.763	-46.84	58.79	616.13	0	0	-1.00
713	57	21	1	numu	QE	CC	609.0	0.0	1.407	211.39	97.88	-468.24	0	0	-1.00
713	57	24	0	numu	RES	NC	2737.1	11.9	0.18	-177.6	-236.29	145.71	0	0	-1.00
713	57	25	0	numu	RES	CC	3306.8	0.0	1.464	210.11	-158.51	1165.43	0	0	-1.00
713	57	25	1	numu	MEC	CC	2075.7	611.6	0.353	294.5	138.39	-327.07	0	0	-1.00
713	57	25	2	numu	QE	CC	749.2	0.0	1.225	-482.89	-8.83	996.11	0	0	-1.00
713	57	27	0	numu	DIS	CC	1591.4	772.1	0.077	142.7	171.05	477.42	1	1	0.33
713	57	27	1	numu	DIS	CC	2719.8	0.0	1.08	242.39	146.0	-690.64	1	1	1172.34
713	57	29	0	numu	QE	NC	996.9	37.3	0.139	-24.57	-81.21	143.4	1	1	377.19
713	57	29	1	numu	QE	CC	414.1	287.3	0.171	98.17	-185.43	485.05	1	1	0.72
713	57	32	0	numu	MEC	CC	1001.8	484.9	1.399	-167.91	-40.33	365.72	1	1	0.90
713	57	32	1	numu	QE	NC	446.7	0.0	0.568	562.67	483.2	-79.14	1	1	1003.21
713	57	34	0	numu	MEC	CC	862.3	358.6	0.876	110.81	-200.25	-9.78	0	0	-1.00
713	57	46	0	numu	QE	CC	643.2	0.0	0.509	-474.24	531.18	420.82	0	0	-1.00
713	57	46	1	numu	QE	NC	560.6	29.0	0.711	-211.32	-19.03	210.12	0	0	-1.00
713	57	50	0	numu	DIS	CC	5992.8	0.0	1.221	-237.24	-22.44	1311.06	0	0	-1.00
713	57	50	1	numu	RES	CC	2089.6	20.4	0.445	251.61	-146.0	218.84	0	0	-1.00
713	58	2	0	numu	RES	CC	1365.7	14.2	0.969	6.91	-251.68	-20.9	0	0	-1.00
713	58	2	1	numu	QE	CC	408.8	0.0	0.868	543.16	-25.34	418.87	0	0	-1.00
713	58	4	0	numu	QE	CC	1113.2	75.7	0.938	-172.58	-219.9	193.56	0	0	-1.00
713	58	4	1	numu	MEC	CC	644.6	0.0	0.875	-53.34	-532.33	532.02	0	0	-1.00
713	58	5	0	numu	MEC	CC	1927.1	0.0	0.55	466.25	600.49	-571.77	1	1	-1.00
713	58	5	1	numu	QE	CC	1313.9	693.3	0.835	-60.11	2.32	-55.07	1	1	-1.00
713	58	5	2	numu	MEC	CC	373.4	0.0	0.234	206.79	-70.0	-461.79	1	1	-1.00
713	58	9	0	numu	QE	NC	167.5	19.5	0.093	34.58	35.12	439.43	0	0	-1.00
713	58	11	0	numu	QE	NC	182.6	0.0	0.787	-295.32	-515.06	192.47	0	0	-1.00
713	58	11	1	numu	QE	CC	1033.5	1.1	0.898	-233.0	3.48	215.8	0	0	-1.00
713	58	19	0	numu	RES	CC	1418.3	881.0	0.351	-103.37	-10.5	177.01	1	1	1.35
713	58	19	1	numu	QE	NC	621.9	0.0	0.889	-444.47	64.37	960.34	1	1	858.98
713	58	19	2	numu	QE	CC	296.0	0.0	0.441	652.37	167.34	568.58	1	1	869.79
713	58	20	0	numu	DIS	CC	2679.8	84.1	1.037	201.24	-104.13	-309.63	1	1	342.92
713	58	20	1	numu	QE	CC	354.5	0.0	0.146	-368.13	-598.87	-368.47	1	1	881.09
713	58	23	0	numu	RES	CC	551.3	381.4	0.986	166.97	-54.2	456.82	1	1	1.42
713	58	28	0	numu	QE	CC	290.1	0.0	1.359	-698.51	526.17	-240.74	0	0	-1.00
713	58	28	1	numu	QE	CC	542.9	227.2	0.381	-101.88	-144.25	-45.57	0	0	-1.00
713	58	34	0	numu	QE	CC	477.2	178.8	1.291	170.55	-114.43	-20.48	0	0	-1.00
713	58	47	0	numu	MEC	NC	1338.0	187.3	0.615	-212.06	77.63	177.63	0	0	-1.00
713	59	9	0	numu	DIS	CC	2521.8	8.7	0.063	84.64	-157.95	-457.27	0	0	-1.00
713	59	15	0	nue	QE	CC	1063.8	4.1	1.501	162.5	242.45	71.21	0	0	-1.00
713	59	15	1	numu	QE	CC	439.5	0.0	0.407	330.04	161.68	-382.05	0	0	-1.00
713	59	21	0	numu	QE	CC	288.1	184.6	0.723	-167.42	-14.96	20.43	1	1	3.63
713	59	22	0	numu	QE	CC	549.7	448.0	0.669	-159.71	119.14	70.34	1	1	0.36
713	59	22	1	numu	QE	CC	569.9	0.0	1.039	65.65	-121.69	-175.47	1	1	411.12
713	59	23	0	numu	RES	CC	1055.3	14.0	1.248	158.04	-213.01	471.69	0	0	-1.00
713	59	23	1	numu	MEC	CC	1095.7	4.7	0.59	110.21	56.14	504.49	0	0	-1.00
713	59	30	0	numu	QE	NC	322.9	45.5	1.283	-31.8	18.83	332.41	0	0	-1.00
713	59	39	0	numu	DIS	CC	1234.8	571.2	0.394	51.93	-130.66	379.91	1	1	280.38
713	59	40	0	numu	QE	CC	536.0	0.0	0.886	-578.74	512.57	293.34	0	0	-1.00
713	59	40	1	numu	DIS	CC	1394.1	42.8	1.026	215.59	-50.52	10.59	0	0	-1.00
713	59	41	0	nue	QE	CC	1147.0	13.8	0.55	249.37	-24.83	468.82	0	0	-1.00
713	59	41	1	numu	QE	NC	281.3	0.0	1.011	510.19	-135.57	75.79	0	0	-1.00
713	59	50	0	numu	QE	CC	582.8	483.6	0.801	39.49	-18.26	59.69	1	1	1.78
713	62	2	0	numu	QE	CC	570.5	94.7	1.244	-220.7	-255.51	-287.83	0	0	-1.00
713	62	2	1	numu	MEC	CC	820.0	0.0	1.464	143.3	-87.44	-402.17	0	0	-1.00
713	62	6	0	numu	QE	CC	1173.1	825.4	0.366	137.5	23.45	79.76	1	1	1.09
713	62	7	0	numu	RES	NC	1129.6	15.5	1.117	-174.02	15.8	-56.49	1	1	232.19
713	62	7	1	numu	RES	CC	1247.5	1010.2	0.749	-159.27	-50.75	165.83	1	1	0.51
713	62	7	2	numu	RES	NC	890.9	0.0	0.373	547.65	229.4	-280.55	1	1	881.79
713	62	8	0	numu	QE	CC	524.6	0.0	1.205	588.67	541.64	284.96	0	0	-1.00
713	62	8	1	numu	QE	CC	877.4	138.1	1.216	-155.11	-188.83	561.62	0	0	-1.00
713	62	19	0	numu	DIS	CC	3833.1	631.7	0.338	153.65	323.01	-175.57	0	0	-1.00
713	62	19	1	numu	QE	NC	244.8	0.0	1.16	678.07	-487.25	-455.77	0	0	-1.00
713	62	22	0	numu	DIS	CC	952.0	573.5	0.524	130.66	161.49	270.89	1	1	0.69
713	62	23	0	numu	QE	CC	1141.9	258.7	0.598	-214.08	-18.38	200.88	0	0	-1.00
713	62	27	0	numu	RES	CC	2453.2	243.1	0.895	-480.9	-40.28	25.79	0	0	-1.00
713	62	27	1	numu	QE	CC	566.6	0.0	1.016	218.9	44.77	-331.37	0	0	-1.00
713	62	31	0	numu	QE	NC	1605.1	4.6	1.46	-51.91	-219.16	449.06	0	0	-1.00
713	62	31	1	numu	MEC	CC	2036.2	2.0	0.424	348.44	179.81	116.94	0	0	-1.00
713	62	33	0	numu	QE	CC	387.5	0.0	0.172	173.26	-626.39	530.77	1	1	640.51
713	62	33	1	numu	DIS	CC	2115.3	1238.9	0.672	-45.9	-116.8	211.11	1	1	0.65
713	62	33	2	numu	QE	CC	1142.2	0.0	0.718	-103.4	276.44	987.26	1	1	871.69
713	62	42	0	numu	QE	CC	766.1	305.4	1.57	199.0	-45.9	411.08	1	1	0.27
713	62	42	1	numu	QE	NC	313.4	0.0	0.8	-493.56	-316.25	673.9	1	1	788.59
713	62	42	2	numu	QE	CC	517.8	0.0	0.954	599.87	-64.04	669.06	1	1	476.85
713	62	44	0	numu	QE	NC	545.8	102.7	0.812	-145.83	-71.75	471.39	0	0	-1.00
713	62	44	1	numu	QE	NC	455.9	0.0	1.229	-453.96	-413.04	-212.8	0	0	-1.00
713	62	46	0	numu	QE	CC	454.4	0.0	0.982	-634.06	192.61	353.86	1	1	864.40
713	62	46	1	numu	QE	CC	831.6	188.9	1.361	194.64	-40.11	433.91	1	1	0.22
713	62	47	0	numu	MEC	CC	1913.7	832.6	1.131	167.29	-116.84	305.07	1	1	0.08
713	62	48	0	numu	QE	NC	1086.4	163.1	0.979	-47.23	-26.31	290.73	1	1	0.26
713	64	1	0	numu	QE	CC	472.6	17.5	1.498	345.53	0.18	-3.66	0	0	-1.00
713	64	1	1	numu	QE	NC	370.7	0.0	1.349	-28.35	104.91	-508.87	0	0	-1.00
713	64	1	2	numu	RES	CC	1794.0	0.0	0.362	15.27	-258.61	1021.26	0	0	-1.00
713	64	4	0	numu	QE	CC	1480.2	828.5	1.206	27.32	114.33	317.88	1	1	1.44
713	64	6	0	numu	RES	CC	1589.1	0.7	1.192	229.67	-66.27	445.05	0	0	-1.00
713	64	7	0	numu	QE	CC	1207.0	993.3	0.245	-59.85	-7.67	401.59	1	1	0.86
713	64	11	0	numu	QE	CC	831.9	0.0	0.483	5.31	418.28	-349.03	1	1	765.10
713	64	11	1	numu	QE	NC	1206.0	429.9	0.692	-6.92	-120.61	190.45	1	1	18.99
713	64	13	0	numu	QE	NC	508.8	23.5	0.432	15.42	219.09	384.23	0	0	-1.00
713	64	15	0	numu	RES	NC	1625.7	30.6	0.372	-143.8	54.08	-292.73	0	0	-1.00
713	64	20	0	numu	RES	CC	1426.4	0.0	0.726	-247.19	551.2	-436.3	1	1	890.36
713	64	20	1	numu	RES	CC	1053.9	845.2	0.274	-81.6	-119.87	125.28	1	1	0.70
713	64	22	0	numu	QE	NC	882.6	27.9	0.469	47.38	-247.26	293.01	0	0	-1.00
713	64	24	0	numu	RES	CC	1941.3	1788.8	0.515	-85.4	-68.63	94.13	1	1	0.84
713	64	28	0	numu	QE	CC	1172.2	4.8	1.575	6.26	-81.5	590.5	0	0	-1.00
713	64	28	1	numu	QE	NC	568.0	0.0	0.288	-599.54	45.76	-3.91	0	0	-1.00
713	64	30	0	numu	QE	CC	336.6	0.3	0.572	-104.35	-473.73	2.35	0	0	-1.00
713	64	33	0	numu	RES	CC	1327.4	547.5	0.535	-81.41	-115.86	4.24	1	1	1.91
713	64	33	1	numu	RES	CC	3229.3	0.0	1.298	53.66	551.8	-946.49	1	1	1171.01
713	64	34	0	numu	DIS	NC	4198.9	0.0	0.76	465.42	-580.21	-1219.69	1	1	1892.89
713	64	34	1	numu	RES	CC	1676.5	441.4	0.53	-62.77	46.56	486.68	1	1	1.52
713	64	43	0	numu	MEC	NC	977.7	158.2	0.407	-172.2	23.87	197.61	0	0	-1.00
713	64	43	1	numu	RES	CC	645.5	0.2	1.111	346.83	141.31	233.56	0	0	-1.00
713	64	45	0	numu	RES	NC	555.1	3.7	1.409	-62.3	245.63	157.84	0	0	-1.00
713	64	50	0	numu	QE	CC	510.2	328.7	1.133	-160.41	108.66	394.5	1	1	0.16
713	64	50	1	numu	QE	NC	1207.1	0.0	0.636	124.81	52.12	-357.44	1	1	806.05
713	66	4	0	nue	QE	CC	1121.8	0.3	0.217	341.68	230.39	110.31	0	0	-1.00
713	66	4	1	numu	QE	NC	1146.0	0.0	1.085	-30.36	-224.38	-440.76	0	0	-1.00
713	66	15	0	numu	RES	CC	2255.3	1351.2	0.118	37.0	150.12	29.67	1	1	9.83
713	66	17	0	numu	RES	NC	1196.0	250.0	1.327	5.82	160.94	-56.4	0	0	-1.00
713	66	18	0	numu	RES	CC	634.0	484.9	0.547	34.09	16.69	467.24	1	1	50.23
713	66	18	1	numu	DIS	CC	2668.9	0.0	1.029	495.72	-512.93	652.87	1	1	734.07
713	66	19	0	numu	QE	CC	423.1	0.0	0.153	-575.81	-63.53	538.52	0	0	-1.00
713	66	19	1	numu	QE	CC	1159.0	22.0	1.417	-236.33	187.41	387.41	0	0	-1.00
713	66	21	0	numu	QE	CC	495.4	0.0	1.009	-164.28	98.82	614.76	0	0	-1.00
713	66	21	1	numu	RES	NC	1336.8	20.5	0.43	-140.55	142.15	-281.43	0	0	-1.00
713	66	25	0	numu	MEC	CC	1026.3	717.5	1.122	29.24	14.25	90.88	1	1	1.32
713	66	26	0	numu	QE	CC	248.7	0.0	1.035	-501.63	600.35	881.85	0	0	-1.00
713	66	26	1	numu	QE	NC	374.2	0.0	0.833	252.46	-45.37	1000.12	0	0	-1.00
713	66	26	2	numu	QE	CC	1148.3	223.3	1.128	-206.57	-441.12	208.94	0	0	-1.00
713	66	29	0	numu	QE	NC	665.3	0.0	0.792	-707.79	164.93	940.15	0	0	-1.00
713	66	29	1	numu	RES	NC	4433.5	27.1	0.164	155.22	205.22	252.67	0	0	-1.00
713	66	30	0	numu	RES	CC	1209.5	751.8	0.627	169.83	-128.9	483.87	1	1	0.37
713	66	30	1	numu	QE	CC	444.2	16.7	0.981	-242.58	-160.72	425.16	1	1	418.02
713	66	35	0	numu	QE	NC	539.8	0.0	0.494	-562.09	-16.27	560.89	0	0	-1.00
713	66	35	1	numu	MEC	CC	3153.0	996.0	0.768	126.55	-145.53	-383.61	0	0	-1.00
713	66	36	0	numu	RES	CC	883.6	9.9	0.07	185.16	209.17	-281.07	0	0	-1.00
713	66	36	1	numu	QE	NC	1276.7	0.0	1.447	-244.69	-323.88	-467.91	0	0	-1.00
713	66	41	0	numu	QE	NC	822.4	48.5	0.157	126.25	50.12	90.99	0	0	-1.00
713	66	47	0	numu	MEC	CC	725.9	0.2	0.739	341.49	100.63	-80.12	0	0	-1.00
713	66	47	1	numu	MEC	CC	527.6	6.3	1.148	-27.94	-270.21	-283.03	0	0	-1.00
713	66	48	0	numu	QE	CC	942.1	801.0	0.765	78.73	-21.78	54.2	0	0	-1.00
713	66	48	1	numu	QE	CC	1328.9	257.1	1.257	-80.75	-22.85	-448.85	0	0	-1.00
713	67	2	0	numu	RES	CC	1823.8	1.0	0.164	-267.69	-123.98	-292.8	0	0	-1.00
713	67	2	1	numu	MEC	CC	1289.2	770.5	0.719	-75.76	62.54	-55.99	0	0	-1.00
713	67	2	2	numu	QE	CC	660.6	0.0	1.091	511.01	264.07	269.5	0	0	-1.00
713	67	4	0	numu	QE	NC	444.7	12.8	0.831	-49.39	214.26	437.43	0	0	-1.00
713	67	5	0	numu	QE	NC	409.5	0.0	0.221	-89.92	-70.05	-313.16	0	0	-1.00
713	67	5	1	numu	QE	CC	1774.6	653.0	1.086	-269.11	-124.72	-433.58	0	0	-1.00
713	67	6	0	numu	RES	NC	2704.9	23.8	1.224	343.73	137.25	-312.89	0	0	-1.00
713	67	6	1	numu	MEC	CC	816.5	0.0	0.957	67.11	91.96	-286.5	0	0	-1.00
713	67	7	0	numu	QE	CC	605.3	438.3	1.566	74.91	42.96	330.16	1	1	1.60
713	67	7	1	numu	RES	CC	755.4	0.0	1.454	363.6	-208.2	966.15	1	1	741.98
713	67	7	2	numu	MEC	NC	460.9	0.0	0.849	-54.51	-464.79	-186.5	1	1	736.29
713	67	16	0	numu	DIS	CC	1760.5	348.4	1.452	-21.15	287.35	-274.72	0	0	-1.00
713	67	21	0	numu	QE	CC	1528.8	125.8	0.062	20.43	-96.12	-456.36	0	0	-1.00
713	67	31	0	numu	RES	CC	860.4	0.0	0.347	34.12	-20.78	-495.79	1	1	807.66
713	67	31	1	numu	DIS	CC	3543.1	2528.5	1.113	-14.29	171.8	286.56	1	1	1.35
713	67	31	2	numu	QE	CC	805.0	0.0	0.808	-689.45	112.96	296.5	1	1	677.92
713	67	34	0	numu	RES	CC	1959.1	392.6	0.22	180.99	121.48	172.96	1	1	1.32
713	67	36	0	numu	QE	CC	235.5	0.0	1.387	-651.28	78.21	35.45	0	0	-1.00
713	67	36	1	numu	QE	CC	591.8	131.9	0.641	-187.84	6.58	430.06	0	0	-1.00
713	67	42	0	numu	MEC	NC	1396.7	0.0	1.342	-185.54	-652.98	-172.95	0	0	-1.00
713	67	42	1	numu	RES	CC	1310.4	72.3	0.563	-229.17	-217.06	358.86	0	0	-1.00
713	67	42	2	numu	QE	CC	430.9	10.3	1.001	128.45	219.94	380.99	0	0	-1.00
713	67	42	3	numu	QE	CC	261.2	0.0	1.043	578.31	-558.42	-132.92	0	0	-1.00
713	67	46	0	numu	RES	CC	2704.9	855.6	0.378	25.5	-128.52	474.27	1	1	4.87
713	68	2	0	numu	RES	CC	703.1	4.1	0.875	-96.14	-260.18	42.18	0	0	-1.00
713	68	6	0	numu	MEC	CC	453.7	269.5	0.607	133.98	-65.17	472.92	0	0	-1.00
713	68	11	0	numu	DIS	NC	2671.7	0.0	1.134	395.88	-4.02	968.9	0	0	-1.00
713	68	11	1	numu	MEC	CC	1518.6	543.1	1.166	-228.98	-314.9	-358.25	0	0	-1.00
713	68	23	0	numu	QE	CC	410.9	0.0	0.596	630.15	468.53	719.05	0	0	-1.00
713	68	23	1	numu	RES	CC	737.5	23.4	1.576	-103.39	233.58	19.12	0	0	-1.00
713	68	43	0	numu	QE	NC	3103.8	0.0	1.02	-428.26	-450.87	976.15	1	1	789.79
713	68	43	1	numu	QE	CC	1415.3	0.0	0.124	-134.03	142.98	-316.11	1	1	792.06
713	68	43	2	numu	RES	CC	2142.5	454.5	0.568	-103.09	66.87	464.98	1	1	8.41
713	70	3	0	numu	RES	NC	868.3	399.7	0.635	130.23	-118.77	164.55	1	1	1.38
713	70	5	0	numu	QE	CC	1051.6	593.5	1.182	-169.92	-145.96	56.23	1	1	112.77
713	70	5	1	numu	QE	CC	318.2	0.0	0.081	-678.15	322.87	38.08	1	1	647.42
713	70	9	0	numu	DIS	NC	1906.2	1071.7	0.74	-109.24	-74.83	14.48	1	1	16.37
713	70	15	0	numu	RES	NC	1769.6	0.2	0.477	403.95	-425.48	-62.23	0	0	-1.00
713	70	15	1	numu	QE	NC	146.2	0.0	0.999	-228.17	-489.59	-239.04	0	0	-1.00
713	70	15	2	numu	QE	NC	1067.2	0.0	0.795	107.29	251.38	982.57	0	0	-1.00
713	70	15	3	numu	DIS	CC	3259.1	0.0	0.595	-51.76	-585.12	-448.17	0	0	-1.00
713	70	17	0	numu	QE	CC	1246.1	371.1	0.236	-52.61	-252.12	151.78	0	0	-1.00
713	70	18	0	numu	QE	CC	365.6	252.0	0.203	-69.99	-16.21	327.98	1	1	1.57
713	70	18	1	numu	RES	CC	997.8	0.0	1.503	-192.1	246.54	-451.33	1	1	832.76
713	70	19	0	numu	MEC	CC	1781.2	818.5	1.152	-35.3	-22.41	377.81	1	1	1.27
713	70	25	0	numu	QE	CC	452.4	6.3	0.256	54.89	236.6	157.26	0	0	-1.00
713	70	29	0	numu	QE	CC	1210.3	593.9	0.559	-157.49	122.38	229.96	1	1	0.04
713	70	36	0	numu	RES	NC	575.8	9.5	1.1	16.62	-23.72	552.62	0	0	-1.00
713	70	37	0	numu	DIS	CC	4247.2	49.5	0.572	61.6	62.61	-565.42	0	0	-1.00
713	70	37	1	numu	QE	CC	469.7	0.0	0.328	-259.07	-458.8	83.18	0	0	-1.00
713	70	37	2	numu	RES	NC	3167.2	0.0	1.394	-574.36	-274.85	-933.86	0	0	-1.00
713	70	48	0	numu	DIS	NC	1032.0	0.0	0.82	-570.7	58.96	-466.4	0	0	-1.00
713	70	48	1	nue	QE	CC	687.4	0.2	1.197	495.69	476.07	5.73	0	0	-1.00
713	72	1	0	numu	QE	CC	1050.1	312.0	1.393	-188.86	-174.12	-329.44	0	0	-1.00
713	72	2	0	numu	QE	NC	681.4	13.8	1.087	30.05	-112.62	187.09	0	0	-1.00
713	72	6	0	numu	QE	CC	398.8	137.5	1.492	-230.14	162.04	357.7	0	0	-1.00
713	72	7	0	nue	RES	CC	2835.7	836.1	0.489	-213.57	-87.14	417.22	0	0	-1.00
713	72	11	0	numu	RES	CC	1411.2	780.4	1.201	-186.75	-49.14	97.3	1	1	0.44
713	72	11	1	numu	QE	CC	510.4	164.2	0.421	-26.57	-230.73	63.32	1	1	244.79
713	72	11	2	numu	DIS	CC	6169.9	0.0	0.475	172.35	53.73	1038.93	1	1	1013.19
713	72	12	0	numu	QE	NC	902.8	141.7	0.073	-5.12	195.7	399.89	1	1	5.08
713	72	13	0	numu	QE	NC	3257.1	3.9	0.827	28.77	49.11	297.81	0	0	-1.00
713	72	24	0	numu	QE	CC	778.0	489.4	0.175	-164.55	67.81	39.55	1	1	0.21
713	72	25	0	numu	RES	CC	1058.3	5.5	1.411	-30.36	193.37	-319.49	0	0	-1.00
713	72	32	0	numu	RES	CC	1005.4	898.3	0.406	-12.79	-33.54	134.32	1	1	81.78
713	72	38	0	numu	RES	CC	741.1	0.0	0.955	527.27	86.49	135.03	0	0	-1.00
713	72	38	1	numu	QE	CC	554.9	117.0	1.092	-27.79	-144.89	-293.56	0	0	-1.00
713	72	48	0	numu	DIS	CC	4220.9	0.0	0.553	15.65	-148.8	-1048.55	1	1	1240.73
713	72	48	1	numu	QE	CC	1317.7	0.0	0.124	502.24	193.28	815.23	1	1	844.99
713	72	48	2	numu	QE	NC	559.2	242.2	0.275	-24.14	152.23	148.67	1	1	6.31
713	72	48	3	numu	QE	CC	485.7	0.2	0.307	243.99	45.12	561.43	1	1	497.94
713	75	2	0	numu	RES	CC	665.5	0.0	1.057	-427.27	-449.75	356.88	0	0	-1.00
713	75	2	1	numu	MEC	CC	689.0	0.0	0.537	-185.46	-317.11	-438.67	0	0	-1.00
713	75	2	2	numu	RES	CC	3373.6	0.0	0.548	-451.03	-605.38	-710.51	0	0	-1.00
713	75	2	3	numu	RES	CC	1347.8	36.5	1.293	-28.54	85.3	553.75	0	0	-1.00
713	75	5	0	numu	MEC	NC	416.1	125.0	1.274	29.46	165.71	60.04	0	0	-1.00
713	75	6	0	numu	QE	CC	379.0	0.0	0.752	-364.66	-486.48	269.7	0	0	-1.00
713	75	6	1	numu	QE	CC	665.2	0.0	0.674	123.21	-0.06	-379.6	0	0	-1.00
713	75	6	2	numu	RES	CC	970.1	341.2	0.829	-219.15	24.65	302.41	0	0	-1.00
713	75	11	0	numu	QE	CC	851.9	0.0	0.822	-340.1	342.28	102.68	0	0	-1.00
713	75	11	1	numu	QE	CC	685.5	29.5	0.513	-29.88	-402.33	-94.34	0	0	-1.00
713	75	11	2	numu	QE	NC	323.2	0.0	0.342	-706.24	-595.19	-122.56	0	0	-1.00
713	75	16	0	numu	QE	NC	879.0	0.0	0.668	-590.3	51.39	565.52	0	0	-1.00
713	75	16	1	numu	MEC	CC	709.6	30.4	1.569	118.0	-18.7	-174.5	0	0	-1.00
713	75	19	0	numu	DIS	CC	4942.9	0.3	0.874	-142.23	-329.25	511.79	0	0	-1.00
713	75	19	1	numu	QE	NC	890.7	5.4	0.704	-193.93	-239.73	49.93	0	0	-1.00
713	75	24	0	numu	RES	NC	3071.6	212.0	0.559	-58.04	246.22	241.36	1	1	334.45
713	75	24	1	numu	MEC	CC	588.1	433.2	0.234	3.02	-46.59	90.77	1	1	2.03
713	75	27	0	numu	QE	NC	321.2	0.0	1.103	-549.72	-123.78	81.86	1	1	388.44
713	75	27	1	numu	QE	NC	1157.5	329.3	0.615	-179.13	-55.86	176.29	1	1	0.28
713	75	29	0	numu	RES	NC	1982.9	0.3	1.337	-135.08	-320.38	-311.09	0	0	-1.00
713	75	29	1	numu	QE	NC	639.9	0.0	1.452	-346.63	325.7	309.61	0	0	-1.00
713	75	29	2	numu	QE	CC	711.1	0.0	1.222	-681.88	148.45	736.88	0	0	-1.00
713	75	33	0	numu	RES	CC	5685.7	800.6	1.494	-102.61	37.43	463.69	1	1	1.55
713	75	37	0	numu	RES	CC	1105.0	638.1	1.056	-44.25	81.17	370.73	1	1	0.68
713	75	37	1	numu	QE	CC	315.9	0.0	0.609	-709.28	-467.16	-7.78	1	1	941.09
713	75	46	0	numu	MEC	CC	1332.9	439.2	0.314	52.09	-30.76	-306.4	0	0	-1.00
713	77	1	0	numu	QE	NC	687.7	90.2	0.606	3.17	201.64	457.7	0	0	-1.00
713	77	1	1	numu	QE	CC	724.0	2.8	0.328	-237.31	-67.48	133.12	0	0	-1.00
713	77	1	2	numu	QE	NC	1258.5	0.0	1.135	77.54	207.83	988.99	0	0	-1.00
713	77	2	0	numu	QE	NC	589.5	5.8	0.076	12.38	86.32	451.59	0	0	-1.00
713	77	8	0	numu	RES	NC	2859.3	387.8	0.426	-135.7	158.41	232.23	1	1	4.73
713	77	8	1	numu	QE	NC	2415.7	0.0	1.431	475.32	-516.7	250.01	1	1	910.89
713	77	20	0	numu	DIS	CC	4268.1	0.0	0.509	-25.26	-138.84	1552.93	1	1	1535.58
713	77	20	1	numu	QE	CC	2564.3	975.9	0.913	42.04	-166.69	-595.36	1	1	629.48
713	77	20	2	numu	RES	NC	988.7	24.9	1.082	184.67	114.79	-14.02	1	1	246.40
713	77	23	0	numu	MEC	CC	1590.1	291.8	1.44	-65.26	-27.55	473.76	1	1	1.75
713	77	33	0	numu	QE	NC	590.6	97.3	1.151	23.63	-48.83	333.73	1	1	211.33
713	77	33	1	numu	MEC	CC	973.1	665.1	0.804	105.12	-193.91	201.86	1	1	1.70
713	77	36	0	numu	RES	CC	2196.7	15.9	0.447	-229.82	-14.13	270.19	0	0	-1.00
713	77	38	0	numu	RES	CC	2496.6	48.7	1.118	10.5	-233.07	473.04	0	0	-1.00
713	77	38	1	numu	DIS	CC	4364.4	0.0	0.477	-103.21	-133.7	1114.81	0	0	-1.00
713	77	40	0	numu	RES	CC	2104.6	807.5	0.683	-46.68	165.4	454.15	1	1	7.50
713	77	40	1	numu	DIS	CC	5558.9	0.0	1.369	-620.76	116.19	1764.48	1	1	1426.35
713	77	40	2	numu	QE	CC	517.4	0.0	0.859	627.47	-141.97	708.3	1	1	779.29
713	77	42	0	numu	QE	CC	1176.2	580.6	1.166	100.21	131.38	212.11	1	1	1.13
713	77	43	0	numu	QE	CC	862.7	556.4	1.287	93.54	156.22	422.36	1	1	0.98
713	77	43	1	numu	DIS	CC	3385.8	0.0	1.47	661.69	-369.87	-714.69	1	1	1375.07
713	77	46	0	numu	QE	NC	552.8	0.0	0.477	-548.29	-213.73	-17.01	0	0	-1.00
713	77	46	1	numu	RES	CC	1049.1	0.3	1.413	176.87	641.4	-325.01	0	0	-1.00
713	77	50	0	numu	MEC	NC	393.4	152.9	1.548	85.66	36.2	367.52	1	1	1.22
713	77	50	1	numu	QE	CC	370.7	0.0	0.598	-582.62	430.11	837.35	1	1	906.79
713	83	5	0	numu	QE	NC	1734.0	0.0	0.52	-356.52	20.28	-429.91	0	0	-1.00
713	83	5	1	numu	RES	NC	885.1	27.3	0.587	-259.4	129.71	440.22	0	0	-1.00
713	83	5	2	numu	QE	CC	474.0	0.0	0.622	-471.47	-248.4	997.06	0	0	-1.00
713	83	5	3	numu	QE	CC	793.8	0.0	1.2	-93.86	-261.96	-407.31	0	0	-1.00
713	83	12	0	numu	QE	CC	710.6	0.1	0.645	251.04	-423.45	469.92	0	0	-1.00
713	83	14	0	numu	DIS	CC	3151.6	6.1	0.97	-53.87	238.5	544.26	0	0	-1.00
713	83	14	1	numu	QE	NC	765.5	0.0	1.483	244.6	-176.93	95.99	0	0	-1.00
713	83	15	0	numu	RES	CC	3467.3	563.3	1.147	104.85	10.87	-892.5	0	0	-1.00
713	83	15	1	numu	DIS	CC	3197.7	0.0	1.336	535.51	-552.4	759.59	0	0	-1.00
713	83	17	0	numu	QE	NC	1001.8	0.0	0.308	-340.2	-121.28	-32.32	1	1	495.79
713	83	17	1	numu	RES	CC	1402.9	612.6	0.967	-119.24	-46.87	-33.1	1	1	295.01
713	83	17	2	numu	RES	NC	844.8	0.0	1.435	-107.26	-214.67	-272.58	1	1	539.32
713	83	33	0	numu	RES	CC	2949.9	911.7	1.126	22.95	-132.91	-440.94	1	1	466.26
713	83	38	0	numu	QE	CC	985.9	10.7	0.494	-112.07	-38.83	-59.04	0	0	-1.00
713	83	38	1	numu	QE	NC	541.9	0.0	0.147	-325.43	-657.59	880.71	0	0	-1.00
713	83	40	0	numu	MEC	CC	920.2	0.0	0.998	-191.57	31.09	950.33	1	1	668.16
713	83	40	1	numu	RES	NC	1178.5	363.8	0.414	112.4	-91.64	367.98	1	1	0.41
713	83	40	2	numu	QE	CC	798.7	134.4	0.797	168.58	-225.07	445.11	1	1	164.25
713	83	40	3	numu	QE	CC	310.6	0.0	0.556	-261.04	-130.4	-397.84	1	1	852.65
713	83	43	0	numu	RES	CC	999.5	772.0	0.724	-45.57	90.47	59.05	1	1	1.41
713	83	43	1	numu	MEC	NC	1555.5	0.0	1.385	429.35	-663.37	561.21	1	1	1021.74
713	83	46	0	numu	QE	CC	486.2	3.0	1.184	-340.36	142.22	148.93	0	0	-1.00
713	84	1	0	numu	RES	NC	1020.1	421.5	1.073	19.79	-30.54	308.18	1	1	0.57
713	84	7	0	numu	QE	CC	552.6	0.0	0.856	-512.03	216.72	-17.11	0	0	-1.00
713	84	7	1	numu	QE	CC	3556.7	4.5	1.44	-216.05	-39.91	448.15	0	0	-1.00
713	84	7	2	numu	QE	CC	400.3	0.0	1.409	-90.5	291.81	-409.42	0	0	-1.00
713	84	8	0	numu	RES	NC	806.2	339.2	0.331	-52.85	-132.22	200.1	0	0	-1.00
713	84	16	0	numu	RES	NC	1085.8	73.7	1.181	-208.61	113.15	108.62	0	0	-1.00
713	84	16	1	nue	DIS	NC	2948.3	0.0	1.12	-255.13	102.37	1113.3	0	0	-1.00
713	84	18	0	numu	QE	NC	774.6	26.3	0.277	-299.78	-78.63	-299.54	1	1	395.55
713	84	18	1	numu	QE	CC	726.0	0.0	1.141	98.9	83.26	643.17	1	1	645.80
713	84	19	0	numu	QE	CC	517.0	2.5	1.111	285.85	377.58	-287.69	0	0	-1.00
713	84	23	0	numu	QE	CC	1038.1	653.2	0.146	-244.47	38.37	-285.65	1	1	-1.00
713	84	23	1	numu	RES	NC	641.7	0.0	0.434	-333.42	-336.08	982.52	1	1	-1.00
713	84	29	0	numu	QE	NC	520.5	0.0	1.094	-136.87	-445.07	357.03	0	0	-1.00
713	84	29	1	numu	MEC	CC	1154.1	269.2	0.39	33.84	-421.22	242.64	0	0	-1.00
713	84	39	0	numu	QE	CC	624.6	298.2	1.538	-54.52	160.21	69.62	1	1	1.25
713	84	44	0	numu	MEC	NC	424.5	145.4	0.175	-27.91	81.02	47.66	1	1	260.75
713	84	44	1	numu	QE	CC	762.2	694.3	0.467	54.04	100.36	294.71	1	1	0.87
713	84	47	0	numu	RES	NC	1304.5	396.1	0.383	-155.82	189.97	27.39	1	1	2.75
713	84	48	0	numu	QE	CC	1039.5	250.8	0.473	-38.5	4.93	487.8	1	1	2.65
713	84	48	1	numu	DIS	CC	3320.3	0.0	0.509	-111.51	141.22	-712.45	1	1	1207.55
713	84	49	0	numu	QE	NC	399.7	0.0	1.524	539.65	-25.42	151.72	0	0	-1.00
713	84	49	1	numu	QE	CC	401.2	160.5	1.242	-83.44	199.68	220.7	0	0	-1.00
713	84	50	0	numu	QE	CC	802.1	40.5	1.27	-219.51	74.13	425.7	0	0	-1.00
713	85	3	0	numu	QE	CC	1414.0	0.0	1.449	-79.13	-89.55	-369.74	0	0	-1.00
713	85	3	1	numu	QE	CC	1065.5	490.4	1.563	-160.01	191.12	231.16	0	0	-1.00
713	85	3	2	numu	QE	CC	315.5	0.0	1.057	53.45	-673.8	-190.02	0	0	-1.00
713	85	24	0	numu	QE	NC	454.2	0.0	1.381	613.11	-102.66	435.99	1	1	469.38
713	85	24	1	numu	RES	CC	1706.8	264.9	1.477	146.22	-123.38	482.2	1	1	0.46
713	85	26	0	numu	QE	CC	1223.2	763.0	0.941	-21.47	59.72	344.57	1	1	0.62
713	85	27	0	numu	RES	CC	1241.3	744.4	1.386	152.57	156.73	30.83	1	1	0.70
713	85	27	1	numu	QE	NC	1306.0	115.4	1.562	84.65	-80.09	123.31	1	1	262.55
713	85	27	2	numu	MEC	CC	2452.8	0.0	0.825	-552.42	448.54	247.93	1	1	793.62
713	85	29	0	numu	MEC	CC	1563.4	1431.9	0.576	12.26	-126.81	65.52	1	1	1.50
713	85	32	0	numu	QE	CC	482.0	6.9	0.95	478.72	-194.53	47.31	0	0	-1.00
713	85	37	0	numu	QE	CC	992.9	0.0	0.753	-506.14	-452.98	-173.61	1	1	678.23
713	85	37	1	numu	QE	NC	580.5	0.0	0.446	-249.5	70.44	-380.48	1	1	568.44
713	85	37	2	numu	QE	CC	3310.3	0.0	0.168	-464.29	-215.0	-747.1	1	1	963.29
713	85	37	3	numu	QE	CC	1856.5	1124.1	0.231	34.3	-123.9	70.72	1	1	2.09
713	85	40	0	numu	QE	CC	747.4	571.5	1.062	-102.63	148.27	-8.19	0	0	-1.00
713	85	40	1	numu	DIS	CC	2518.1	0.0	1.268	-459.41	-675.68	1094.32	0	0	-1.00
713	85	43	0	numu	DIS	CC	4519.5	239.3	1.166	-110.46	-78.21	-346.56	1	1	373.36
713	85	43	1	numu	DIS	NC	1823.9	0.0	0.888	-490.39	48.71	-119.02	1	1	507.68
713	85	48	0	numu	QE	NC	720.3	2.1	0.821	37.63	-19.38	93.37	0	0	-1.00
713	85	48	1	numu	RES	NC	4170.6	0.0	0.882	-508.6	-332.46	218.04	0	0	-1.00
713	85	49	0	numu	QE	CC	1257.9	185.3	0.765	-191.98	-107.06	78.77	1	1	0.36
713	86	4	0	numu	DIS	CC	5793.7	0.9	0.914	-5.97	1.67	621.12	0	0	-1.00
713	86	6	0	numu	RES	CC	1137.0	513.6	0.38	-106.47	-0.59	-36.79	0	0	-1.00
713	86	15	0	numu	QE	NC	636.0	18.3	1.224	93.93	-220.97	311.56	1	1	391.13
713	86	15	1	numu	MEC	CC	588.6	0.0	0.374	516.08	80.26	901.97	1	1	787.38
713	86	15	2	numu	QE	CC	593.9	0.0	0.465	-39.21	-87.75	-377.83	1	1	712.27
713	86	26	0	numu	QE	CC	559.2	95.0	1.24	132.52	-258.84	136.85	0	0	-1.00
713	86	26	1	numu	QE	CC	820.9	0.0	0.14	-696.46	-381.27	-480.41	0	0	-1.00
713	86	31	0	numu	DIS	NC	3406.2	1798.1	1.29	-159.61	167.33	7.91	1	1	6.30
713	86	46	0	numu	RES	NC	1169.1	437.9	0.746	-131.45	-143.33	153.17	1	1	0.47
713	86	46	1	numu	DIS	NC	3417.6	0.0	0.707	-241.16	-414.16	-1006.97	1	1	1196.58
713	86	46	2	numu	QE	CC	581.7	0.0	1.017	-622.24	-579.15	-175.03	1	1	734.23
713	86	50	0	numu	RES	CC	1449.1	37.8	0.406	-25.37	-314.08	-415.35	1	1	639.09
713	86	50	1	numu	QE	NC	552.1	123.0	1.183	44.78	-199.17	208.28	1	1	4.18
713	87	3	0	numu	RES	NC	1603.6	8.0	1.29	-139.82	63.91	574.11	0	0	-1.00
713	87	5	0	numu	DIS	CC	1648.2	838.1	0.163	-34.03	-4.85	285.8	1	1	2.10
713	87	5	1	numu	DIS	CC	1787.2	0.0	0.886	453.43	-503.77	931.96	1	1	949.56
713	87	11	0	numu	QE	NC	492.0	0.0	0.407	-523.59	-605.81	735.02	1	1	970.86
713	87	11	1	numu	QE	CC	663.0	482.5	0.729	113.39	-136.7	172.29	1	1	0.86
713	87	12	0	numu	RES	CC	1453.2	1095.2	0.905	43.25	-89.47	296.77	1	1	1.23
713	87	19	0	numu	MEC	CC	594.9	369.3	1.302	118.72	16.56	308.09	0	0	-1.00
713	87	19	1	numu	QE	CC	603.6	327.0	1.309	115.76	-102.88	-58.62	0	0	-1.00
713	87	22	0	numu	QE	CC	675.8	0.0	1.457	-279.49	-432.72	988.22	1	1	1004.97
713	87	22	1	numu	RES	CC	1648.4	1286.9	0.711	94.44	-5.03	158.74	1	1	0.58
713	87	22	2	numu	QE	CC	623.5	0.0	0.791	312.36	-51.91	-286.95	1	1	498.76
713	87	28	0	numu	QE	CC	356.7	270.3	1.4	177.68	-153.03	411.35	1	1	15.24
713	87	29	0	numu	DIS	NC	1132.8	89.7	1.015	-228.81	56.86	244.64	0	0	-1.00
713	87	29	1	numu	RES	NC	2426.7	0.0	1.201	-555.22	-665.59	1226.64	0	0	-1.00
713	87	34	0	numu	QE	NC	331.5	0.0	1.292	-408.19	-655.69	20.01	1	1	825.66
713	87	34	1	numu	RES	NC	978.0	217.5	1.004	-117.23	-20.24	465.25	1	1	35.49
713	87	38	0	numu	RES	CC	1422.5	0.0	0.322	339.37	-265.65	396.43	0	0	-1.00
713	87	38	1	numu	RES	NC	776.7	5.2	1.032	-146.89	-73.71	-330.79	0	0	-1.00
713	87	42	0	numu	QE	NC	410.7	0.0	0.12	-659.63	-64.19	56.39	0	0	-1.00
713	87	42	1	numu	QE	NC	948.1	19.6	0.416	-39.53	-73.99	470.63	0	0	-1.00
713	87	43	0	numu	QE	CC	526.6	134.4	0.322	475.99	-115.97	-77.79	0	0	-1.00
713	87	44	0	numu	QE	CC	503.2	0.0	0.744	-329.01	-690.82	593.16	1	1	853.63
713	87	44	1	numu	MEC	CC	912.6	698.6	1.187	-2.17	30.62	284.62	1	1	9.71
713	87	44	2	numu	MEC	NC	554.6	0.0	0.197	-233.73	-472.99	-442.52	1	1	917.07
713	89	4	0	numu	QE	CC	947.5	120.9	0.221	-184.47	-235.71	317.45	0	0	-1.00
713	89	4	1	numu	QE	NC	514.7	0.0	0.525	129.49	-397.26	-251.8	0	0	-1.00
713	89	7	0	numu	RES	NC	449.2	40.5	0.429	-439.26	-101.53	-271.23	1	1	446.76
713	89	8	0	numu	RES	CC	756.7	265.7	1.409	85.54	-100.25	170.14	1	1	1.01
713	89	13	0	numu	QE	CC	1110.3	727.0	1.491	-161.19	-130.13	228.12	1	1	3.83
713	89	13	1	numu	RES	CC	2025.3	0.0	0.856	-139.19	-264.63	1114.08	1	1	896.60
713	89	14	0	numu	QE	CC	520.3	29.7	0.71	-238.48	-113.37	137.26	0	0	-1.00
713	89	14	1	numu	RES	CC	1492.9	0.0	0.917	512.7	-417.92	754.26	0	0	-1.00
713	89	14	2	numu	DIS	CC	2434.0	0.0	0.299	-596.01	-415.77	-257.27	0	0	-1.00
713	89	17	0	numu	RES	NC	824.0	0.0	1.412	294.43	328.5	-356.96	1	1	543.30
713	89	17	1	numu	MEC	CC	663.5	0.0	1.28	27.86	-258.01	-291.6	1	1	403.08
713	89	17	2	numu	QE	CC	694.5	206.7	0.415	-72.75	0.35	-143.22	1	1	184.38
713	89	22	0	numu	QE	CC	1575.9	627.8	1.493	-81.78	-33.61	369.83	1	1	0.55
713	89	22	1	numu	MEC	CC	454.1	0.0	0.99	505.92	0.01	37.4	1	1	675.50
713	89	22	2	numu	QE	NC	363.8	0.0	0.239	-37.86	-702.64	270.17	1	1	677.79
713	89	24	0	numu	QE	CC	976.5	833.4	1.276	-83.83	149.02	125.86	1	1	38.56
713	89	26	0	numu	RES	CC	1425.1	884.7	0.15	91.51	114.37	434.08	1	1	109.58
713	89	29	0	numu	QE	CC	1463.2	519.9	1.452	-155.72	63.32	330.73	1	1	0.29
713	89	31	0	numu	QE	CC	644.1	2.3	0.566	-518.43	-93.95	-163.72	0	0	-1.00
713	89	32	0	numu	MEC	CC	719.8	82.1	1.334	-201.93	-11.31	184.78	0	0	-1.00
713	89	33	0	numu	QE	CC	1554.4	298.3	1.425	100.83	72.05	-509.11	0	0	-1.00
713	89	33	1	numu	QE	NC	283.0	0.0	1.327	388.59	-514.14	538.19	0	0	-1.00
713	89	34	0	numu	MEC	CC	619.9	0.0	0.575	-495.07	-590.27	728.76	1	1	1118.91
713	89	34	1	numu	RES	NC	565.7	412.7	0.952	188.13	91.22	67.39	1	1	61.10
713	89	42	0	numu	MEC	NC	304.2	116.3	0.923	-152.2	-190.53	304.89	1	1	0.93
713	89	42	1	numu	DIS	NC	3185.1	0.0	0.819	643.64	335.14	79.31	1	1	979.78
713	89	42	2	numu	QE	NC	286.7	0.0	0.784	608.21	183.14	122.34	1	1	866.49
713	89	46	0	numu	QE	CC	383.8	0.0	0.756	-580.39	-210.56	433.59	0	0	-1.00
713	89	46	1	numu	RES	NC	1671.5	25.6	0.784	-252.77	56.44	119.46	0	0	-1.00
713	89	47	0	numu	QE	CC	461.4	0.0	0.501	-573.7	-686.69	145.47	0	0	-1.00
713	89	47	1	numu	MEC	CC	1276.5	0.0	0.151	-282.53	-461.61	-113.17	0	0	-1.00
713	89	47	2	numu	QE	NC	449.7	198.4	0.709	13.83	-184.25	163.65	0	0	-1.00
713	89	48	0	numu	MEC	CC	760.5	625.7	1.205	22.54	-59.72	196.55	1	1	0.55
713	89	48	1	numu	RES	CC	884.2	0.0	0.484	-182.73	51.01	723.26	1	1	575.80
713	91	5	0	numu	RES	CC	681.5	368.4	0.476	143.01	-145.03	475.6	1	1	0.22
713	91	6	0	numu	RES	CC	2722.2	0.0	1.231	-347.97	60.09	1049.06	0	0	-1.00
713	91	6	1	numu	DIS	NC	2549.5	35.6	0.994	-333.27	370.23	115.33	0	0	-1.00
713	91	12	0	numu	QE	CC	1001.4	545.7	0.059	19.57	-93.64	-49.11	0	0	-1.00
713	91	14	0	numu	QE	CC	456.2	0.0	0.748	689.14	-259.81	224.19	0	0	-1.00
713	91	14	1	numu	QE	CC	1307.4	0.2	0.9	519.21	402.37	-300.58	0	0	-1.00
713	91	16	0	numu	MEC	CC	1056.3	550.8	0.546	-69.79	-168.83	382.26	1	1	1.49
713	91	16	1	numu	QE	CC	433.4	0.0	1.117	-568.63	225.57	-14.08	1	1	748.58
713	91	32	0	numu	QE	CC	1003.6	0.0	0.827	65.89	58.79	-276.09	0	0	-1.00
713	91	32	1	numu	QE	CC	889.0	5.4	0.122	91.81	-248.65	120.79	0	0	-1.00
713	91	37	0	numu	DIS	CC	1955.2	40.7	0.963	154.0	-255.12	383.84	0	0	-1.00
713	91	38	0	numu	QE	NC	608.0	0.0	0.586	-126.65	-80.51	456.08	0	0	-1.00
713	91	40	0	numu	QE	CC	1791.3	1109.8	1.159	-128.29	-1.76	-30.27	0	0	-1.00
713	91	40	1	numu	QE	CC	4987.2	0.0	1.089	-261.67	-178.77	1353.35	0	0	-1.00
713	91	40	2	numu	RES	CC	3609.6	0.0	0.58	-120.88	-664.2	859.9	0	0	-1.00
713	91	40	3	numu	DIS	NC	643.5	0.0	0.286	-675.26	243.43	-61.38	0	0	-1.00
713	91	43	0	numu	RES	CC	713.9	12.6	0.645	-89.38	210.26	485.05	0	0	-1.00
713	91	47	0	numu	QE	CC	655.0	561.9	1.356	-105.86	133.44	177.29	1	1	0.58
713	91	49	0	numu	RES	CC	912.9	5.2	0.503	-0.24	-355.82	-338.84	0	0	-1.00
713	91	50	0	numu	MEC	CC	878.4	712.9	1.243	-74.41	0.48	280.1	1	1	0.43
713	91	50	1	numu	QE	NC	871.4	0.0	0.728	-113.95	147.44	-435.51	1	1	731.42
713	93	2	0	numu	MEC	CC	1410.8	713.1	1.038	125.63	-186.6	351.76	1	1	0.85
713	93	3	0	numu	QE	NC	842.9	43.9	0.24	-215.43	183.23	320.13	0	0	-1.00
713	93	3	1	numu	QE	CC	941.1	10.8	1.174	138.85	224.67	-13.08	0	0	-1.00
713	93	3	2	numu	RES	NC	1036.8	0.0	0.805	201.08	443.48	-304.53	0	0	-1.00
713	93	3	3	numu	RES	CC	930.9	0.0	1.163	-264.02	-347.08	-442.91	0	0	-1.00
713	93	4	0	numu	QE	NC	802.1	279.3	0.217	129.12	-89.3	177.9	1	1	21.52
713	93	12	0	numu	RES	CC	772.8	0.1	0.049	32.53	273.21	-323.32	1	1	642.86
713	93	12	1	numu	RES	CC	1623.7	989.6	1.351	108.14	-160.23	146.2	1	1	1.03
713	93	12	2	numu	DIS	CC	3571.1	0.0	1.493	-477.29	-583.69	354.75	1	1	752.15
713	93	16	0	numu	QE	CC	509.2	363.6	1.564	157.88	-93.61	283.54	1	1	0.45
713	93	19	0	numu	QE	CC	1225.2	944.3	0.747	171.0	25.02	200.29	1	1	1.47
713	93	19	1	numu	QE	NC	130.1	0.0	0.133	-689.42	453.81	461.89	1	1	995.61
713	93	21	0	numu	RES	CC	876.1	43.1	0.485	247.75	48.08	-279.32	0	0	-1.00
713	93	21	1	numu	QE	CC	628.2	0.0	1.466	280.71	198.52	-443.79	0	0	-1.00
713	93	25	0	numu	QE	CC	627.7	0.0	1.505	-248.83	364.95	-397.18	1	1	930.29
713	93	25	1	numu	RES	CC	777.6	540.1	0.49	90.52	39.1	406.46	1	1	1.08
713	93	26	0	numu	QE	CC	3111.0	0.0	1.456	-491.36	-281.16	428.46	1	1	768.34
713	93	26	1	numu	QE	CC	1219.6	0.0	0.347	338.05	-86.48	-494.28	1	1	561.02
713	93	26	2	numu	QE	CC	1380.7	1304.7	1.084	139.58	-97.69	31.44	1	1	1.15
713	93	27	0	numu	MEC	CC	869.9	584.3	0.161	17.94	-28.4	221.71	1	1	0.43
713	93	29	0	numu	QE	CC	455.2	369.9	0.594	-45.28	35.45	76.61	1	1	0.99
713	93	29	1	numu	RES	CC	1687.8	0.0	1.126	-38.87	336.97	-402.78	1	1	567.24
713	93	32	0	numu	RES	CC	2670.8	0.0	0.466	-686.67	260.61	793.17	1	1	755.79
713	93	32	1	numu	QE	NC	567.1	60.3	0.866	-161.81	125.24	281.54	1	1	13.01
713	93	32	2	numu	QE	NC	508.8	0.0	1.144	-337.93	-450.98	133.39	1	1	621.12
713	93	33	0	numu	MEC	CC	1805.6	1202.1	1.304	-41.68	-65.07	407.43	1	1	42.61
713	93	33	1	numu	QE	CC	543.2	0.0	1.016	-559.77	-48.22	-324.86	1	1	919.14
713	93	33	2	numu	DIS	NC	3571.4	0.0	0.172	-291.73	-186.52	1091.76	1	1	712.53
713	93	35	0	numu	QE	CC	1330.9	17.2	0.871	18.79	207.66	433.42	0	0	-1.00
713	93	36	0	numu	MEC	CC	745.0	123.2	1.558	-95.33	-374.67	120.15	1	1	538.24
713	93	36	1	numu	DIS	NC	1045.5	570.4	0.784	-35.19	161.6	139.1	1	1	1.77
713	93	37	0	numu	QE	CC	529.1	371.4	0.539	-131.68	47.89	218.52	1	1	0.67
713	93	41	0	numu	QE	CC	464.2	0.0	0.797	-477.27	78.73	460.8	1	1	361.14
713	93	41	1	numu	DIS	NC	2667.1	909.3	1.491	-177.68	185.53	288.93	1	1	0.50
713	93	41	2	numu	DIS	NC	2560.3	0.7	0.835	116.0	158.78	-544.37	1	1	884.05
713	93	41	3	numu	QE	NC	384.7	0.0	0.698	-651.27	534.75	956.08	1	1	889.54
713	93	41	4	numu	MEC	CC	634.2	0.0	1.547	52.74	-538.72	886.1	1	1	966.34
713	93	49	0	numu	QE	CC	796.6	440.9	0.216	24.82	-181.26	112.07	1	1	5.51
713	93	49	1	numu	RES	CC	941.8	0.0	1.353	75.09	-338.24	654.59	1	1	568.97
713	93	50	0	numu	QE	CC	638.9	434.6	0.402	176.35	-135.81	40.99	1	1	0.38
713	97	6	0	numu	QE	CC	1489.0	871.5	0.915	-0.68	16.23	117.59	1	1	1.11
713	97	7	0	numu	RES	NC	433.6	2.7	0.382	477.73	293.84	-27.22	0	0	-1.00
713	97	9	0	numu	QE	NC	631.0	37.9	0.993	235.37	-103.54	183.18	0	0	-1.00
713	97	10	0	numu	MEC	CC	1198.7	674.4	0.985	87.88	-14.47	379.16	1	1	0.84
713	97	10	1	numu	RES	CC	2407.2	0.0	1.219	504.44	-112.79	-459.03	1	1	941.59
713	97	11	0	numu	QE	NC	693.5	0.0	1.319	-360.65	148.59	-360.6	0	0	-1.00
713	97	11	1	numu	RES	CC	1627.6	0.0	0.327	91.29	-595.32	76.02	0	0	-1.00
713	97	11	2	numu	DIS	CC	3904.1	285.1	0.81	224.98	29.31	-138.7	0	0	-1.00
713	97	15	0	numu	QE	NC	211.1	0.0	1.033	-308.07	136.6	-334.14	0	0	-1.00
713	97	15	1	numu	MEC	CC	784.2	160.8	1.328	205.97	98.97	29.22	0	0	-1.00
713	97	15	2	numu	QE	NC	803.7	0.0	0.349	-620.2	-217.22	162.32	0	0	-1.00
713	97	18	0	numu	RES	CC	1135.9	543.3	0.472	103.49	16.25	417.49	1	1	0.65
713	97	25	0	numu	DIS	NC	1148.8	0.0	1.051	-589.04	20.42	114.39	0	0	-1.00
713	97	25	1	numu	MEC	CC	733.4	1.2	1.425	-82.12	-50.68	592.1	0	0	-1.00
713	97	35	0	numu	QE	CC	495.0	410.9	0.201	-189.04	-151.77	219.7	1	1	0.30
713	97	35	1	numu	QE	NC	443.6	0.0	0.77	-234.29	-566.43	-330.32	1	1	690.30
713	97	35	2	numu	RES	CC	964.6	0.0	0.277	167.71	-437.97	-273.96	1	1	673.15
713	97	36	0	numu	MEC	CC	1170.3	35.8	1.424	24.29	-215.25	-1.77	0	0	-1.00
713	97	40	0	numu	QE	CC	677.4	5.4	0.798	-41.17	-240.46	-3.14	0	0	-1.00
713	97	40	1	numu	QE	CC	531.3	0.0	0.82	386.1	496.31	-449.77	0	0	-1.00
713	97	40	2	numu	MEC	CC	1653.2	0.0	1.214	231.82	234.17	2.02	0	0	-1.00
713	97	42	0	numu	QE	CC	670.2	0.0	0.317	-197.25	-642.19	985.9	0	0	-1.00
713	97	42	1	numu	QE	NC	758.4	129.8	0.208	-150.66	-49.12	446.91	0	0	-1.00
713	97	43	0	numu	QE	CC	380.0	1.4	0.769	-143.8	239.3	296.19	0	0	-1.00
713	97	49	0	numu	QE	CC	470.6	175.8	0.997	3.53	207.74	311.14	1	1	11.74
713	98	1	0	numu	DIS	CC	4616.9	0.0	0.576	186.63	-665.42	648.86	0	0	-1.00
713	98	1	1	numu	QE	CC	1183.8	748.9	0.619	-129.27	-118.87	-277.17	0	0	-1.00
713	98	1	2	numu	RES	NC	464.3	0.0	0.601	540.56	221.91	919.16	0	0	-1.00
713	98	5	0	numu	MEC	CC	912.1	0.0	0.509	37.24	-14.04	977.14	0	0	-1.00
713	98	5	1	numu	RES	NC	1449.7	10.7	1.574	-30.59	-50.3	547.13	0	0	-1.00
713	98	5	2	numu	QE	CC	432.1	0.0	0.142	319.14	356.64	117.38	0	0	-1.00
713	98	10	0	numu	QE	CC	2706.0	494.7	1.456	46.58	121.86	382.62	1	1	1.15
713	98	11	0	numu	RES	NC	1075.7	0.0	0.982	503.74	-526.26	-229.34	1	1	1073.07
713	98	11	1	numu	RES	CC	870.1	407.5	1.196	122.25	199.17	464.29	1	1	0.91
713	98	11	2	numu	QE	CC	534.6	0.0	1.225	-306.92	-500.77	-266.47	1	1	1098.82
713	98	12	0	numu	QE	CC	684.2	0.0	0.971	661.2	-84.89	617.91	0	0	-1.00
713	98	12	1	numu	QE	CC	810.5	52.9	0.2	7.41	220.05	-344.53	0	0	-1.00
713	98	13	0	numu	RES	NC	3786.8	22.4	1.179	532.04	-265.84	100.31	1	1	-1.00
713	98	15	0	numu	MEC	NC	391.1	39.0	0.372	-111.43	371.16	-292.81	0	0	-1.00
713	98	22	0	numu	RES	NC	829.3	384.2	0.427	148.79	133.74	261.93	1	1	0.51
713	98	30	0	numu	QE	NC	538.5	0.0	1.087	-51.02	-259.92	-489.14	1	1	660.82
713	98	30	1	numu	QE	CC	4336.4	0.0	1.379	-134.46	-424.05	-276.74	1	1	580.91
713	98	30	2	numu	QE	CC	1027.9	685.8	1.521	-39.0	-15.17	124.15	1	1	0.57
713	98	31	0	numu	QE	NC	495.9	0.0	0.195	522.13	-461.53	80.82	0	0	-1.00
713	98	31	1	numu	QE	CC	1402.1	0.5	0.138	-177.54	232.05	54.01	0	0	-1.00
713	98	33	0	numu	RES	CC	1482.7	1.2	0.398	-343.78	-110.77	-103.85	0	0	-1.00
713	98	36	0	numu	QE	CC	289.2	0.0	1.136	-325.45	-463.53	431.09	1	1	639.18
713	98	36	1	numu	QE	CC	1976.1	903.7	1.2	131.33	-46.91	-414.69	1	1	770.63
713	98	36	2	numu	QE	CC	1054.2	232.8	0.389	-180.39	136.49	265.64	1	1	0.26
713	98	37	0	numu	QE	CC	1251.0	551.5	1.034	-55.47	-132.1	268.77	1	1	0.98
713	98	41	0	numu	QE	CC	417.9	0.0	0.579	-297.36	-480.68	242.84	1	1	395.94
713	98	41	1	numu	RES	CC	775.7	0.0	0.88	413.23	182.12	-363.62	1	1	827.99
713	98	41	2	numu	RES	CC	754.6	0.2	1.43	254.73	-120.2	207.89	1	1	389.60
713	98	41	3	numu	QE	CC	763.4	0.0	0.157	42.26	-656.34	56.4	1	1	571.01
713	98	41	4	numu	DIS	CC	2710.8	0.0	0.515	-673.79	-679.01	30.46	1	1	786.42
713	98	41	5	numu	RES	CC	1290.1	1134.6	0.483	-133.68	-126.63	176.12	1	1	0.25
713	98	42	0	numu	RES	NC	380.9	0.0	0.057	-687.44	-301.77	-134.81	0	0	-1.00
713	98	42	1	numu	QE	CC	793.4	0.0	0.552	-595.48	-552.87	583.28	0	0	-1.00
713	98	42	2	numu	QE	CC	490.2	165.2	1.299	203.47	24.62	232.34	0	0	-1.00
713	98	42	3	numu	RES	NC	759.6	0.0	0.932	-20.52	-33.17	596.39	0	0	-1.00
713	98	45	0	numu	QE	NC	131.2	0.0	0.044	-285.99	90.29	-462.03	1	1	937.73
713	98	45	1	numu	RES	NC	394.1	14.7	0.669	340.13	80.53	65.65	1	1	638.34
713	98	45	2	numu	MEC	CC	1015.0	288.7	0.286	-131.96	-142.77	432.72	1	1	1.60
713	98	45	3	numu	QE	NC	566.3	0.0	0.419	656.73	-18.45	481.08	1	1	799.69
713	98	46	0	numu	RES	CC	1810.9	316.5	0.794	-107.22	-124.44	-140.42	0	0	-1.00
713	98	46	1	numu	DIS	NC	2375.1	0.0	0.112	-467.18	355.12	-688.8	0	0	-1.00
713	98	48	0	numu	RES	NC	919.3	6.1	1.448	-376.1	122.76	175.51	0	0	-1.00
713	98	49	0	numu	QE	CC	1593.1	0.2	1.043	-119.14	-242.11	527.88	0	0	-1.00
713	98	49	1	numu	MEC	CC	881.2	0.0	0.692	379.19	-660.58	205.17	0	0	-1.00
713	98	49	2	numu	QE	CC	563.2	19.9	0.113	231.83	31.7	459.7	0	0	-1.00
714	4	9	0	numu	RES	NC	2246.3	0.0	0.86	-124.51	-129.3	-460.03	1	1	902.70
714	4	9	1	numu	QE	CC	967.0	598.2	0.813	-6.01	174.58	383.28	1	1	2.20
714	4	13	0	numu	RES	CC	2552.0	0.0	1.504	306.44	-496.3	1231.67	0	0	-1.00
714	4	13	1	numu	QE	CC	762.7	0.0	1.427	-317.86	427.52	74.84	0	0	-1.00
714	4	13	2	numu	QE	CC	390.1	0.0	0.979	-630.13	-386.4	-202.3	0	0	-1.00
714	4	13	3	numu	QE	CC	2257.4	739.8	0.048	79.15	114.11	-420.1	0	0	-1.00
714	4	23	0	numu	MEC	CC	699.5	7.6	1.414	230.65	145.58	229.21	0	0	-1.00
714	4	24	0	numu	MEC	CC	1817.5	427.5	1.016	-167.39	-58.01	243.64	1	1	0.14
714	4	24	1	numu	QE	NC	778.0	183.7	0.143	-193.97	-34.91	209.59	1	1	49.04
714	4	24	2	numu	MEC	NC	511.6	0.0	0.847	336.55	409.93	-328.11	1	1	894.46
714	4	24	3	numu	RES	NC	1588.0	49.6	1.233	47.59	77.92	-53.34	1	1	391.15
714	4	29	0	numu	QE	CC	847.1	5.8	0.515	-220.64	-32.84	64.93	0	0	-1.00
714	4	29	1	numu	MEC	CC	449.0	0.0	1.307	-14.09	-649.22	-81.9	0	0	-1.00
714	4	29	2	numu	QE	CC	316.5	0.0	0.227	-554.21	607.42	405.3	0	0	-1.00
714	4	36	0	numu	DIS	CC	1618.6	14.6	0.458	111.75	230.58	524.42	0	0	-1.00
714	4	36	1	numu	RES	CC	2516.4	0.0	0.649	571.24	421.16	1166.18	0	0	-1.00
714	4	37	0	numu	RES	CC	1665.0	0.0	0.069	-576.38	-505.98	-347.94	1	2	1013.59
714	4	37	1	numu	MEC	CC	3003.3	854.5	0.202	133.85	129.5	270.28	1	2	0.43
714	4	37	2	numu	RES	NC	1170.0	467.0	1.172	-197.93	33.89	433.57	1	2	87.96
714	4	37	3	numu	QE	CC	937.4	0.0	0.087	-698.13	18.59	788.75	1	2	674.28
714	4	39	0	numu	QE	CC	554.8	415.4	0.791	-114.65	-177.62	318.42	1	1	0.71
714	4	39	1	numu	QE	CC	317.6	0.0	0.657	-658.48	472.19	-219.9	1	1	1003.29
714	4	40	0	numu	QE	CC	508.6	4.6	1.157	70.81	-84.77	561.5	0	0	-1.00
714	4	45	0	numu	RES	CC	1399.0	244.7	0.262	-123.36	-402.18	-181.75	0	0	-1.00
714	4	48	0	numu	QE	CC	568.1	486.4	0.353	-93.52	-137.76	244.64	1	1	349.61
714	4	48	1	numu	RES	CC	706.5	0.0	1.151	91.6	-472.51	1009.86	1	1	1179.80
714	4	48	2	numu	QE	CC	451.8	0.0	1.414	-455.32	-497.64	-263.32	1	1	743.02
714	4	48	3	numu	QE	CC	693.2	353.0	1.255	-170.35	124.61	26.68	1	1	0.31
714	4	50	0	numu	QE	CC	929.8	186.0	1.347	-115.16	-141.96	523.38	0	0	-1.00
714	7	7	0	numu	QE	CC	1326.0	1201.4	0.895	65.46	130.76	54.08	1	1	1.31
714	7	7	1	numu	DIS	NC	4230.2	27.4	1.445	-575.8	562.09	115.35	1	1	774.83
714	7	8	0	numu	RES	CC	1440.1	794.2	0.53	-179.55	-109.11	441.85	1	1	0.31
714	7	10	0	numu	QE	CC	764.9	2.9	0.45	232.76	23.82	349.26	0	0	-1.00
714	7	26	0	numu	QE	CC	306.6	0.0	1.218	483.32	91.66	-464.57	0	0	-1.00
714	7	26	1	numu	QE	CC	1415.5	162.6	0.847	205.77	62.61	395.1	0	0	-1.00
714	7	29	0	numu	QE	CC	1030.7	874.3	1.563	13.9	-162.19	200.01	1	1	3.37
714	7	32	0	nue	MEC	CC	772.2	0.9	0.389	36.94	-484.02	169.81	0	0	-1.00
714	7	33	0	numu	DIS	CC	3819.1	1143.1	0.759	-110.49	-46.24	-49.37	1	1	57.51
714	7	33	1	numu	RES	CC	3650.9	0.0	0.54	-294.6	-187.27	-375.74	1	1	444.39
714	7	33	2	numu	QE	NC	305.4	0.0	0.535	643.27	-539.01	554.7	1	1	1042.60
714	7	40	0	numu	QE	CC	946.9	14.9	1.085	232.87	-32.02	30.62	0	0	-1.00
714	7	42	0	numu	QE	CC	1386.5	731.1	0.106	75.33	347.46	-309.94	1	1	-1.00
714	7	42	1	numu	MEC	NC	459.2	0.0	0.185	-376.55	408.53	-281.44	1	1	-1.00
714	7	46	0	numu	QE	NC	385.2	0.0	0.234	482.94	222.13	754.64	1	1	707.33
714	7	46	1	numu	QE	NC	1924.9	135.1	0.961	-7.34	-72.07	367.91	1	1	58.29
714	7	46	2	numu	QE	NC	534.6	0.0	1.14	-72.49	-591.73	606.85	1	1	518.90
714	9	13	0	numu	QE	NC	734.1	7.3	1.107	-138.87	-91.68	194.66	0	0	-1.00
714	9	13	1	numu	RES	CC	1235.6	0.0	1.113	-214.18	-404.16	-182.58	0	0	-1.00
714	9	13	2	numu	MEC	CC	4486.8	0.0	1.292	-442.98	-533.36	-524.57	0	0	-1.00
714	9	17	0	numu	QE	CC	3495.1	0.0	0.72	-356.96	6.35	-581.76	0	0	-1.00
714	9	17	1	numu	QE	CC	2713.3	0.0	0.88	541.37	-685.5	194.62	0	0	-1.00
714	9	17	2	numu	RES	CC	3671.7	42.1	0.918	-80.74	-24.86	-1010.43	0	0	-1.00
714	9	19	0	numu	QE	CC	1754.0	143.6	1.525	-6.7	12.36	-279.86	0	0	-1.00
714	9	19	1	numu	RES	CC	2172.5	1044.2	0.838	-184.45	93.71	3.69	0	0	-1.00
714	9	19	2	numu	RES	NC	1458.9	1.2	0.153	-15.83	-411.66	-38.81	0	0	-1.00
714	9	25	0	numu	QE	CC	551.4	441.2	0.235	58.3	-108.46	213.86	1	1	0.46
714	9	26	0	numu	QE	CC	942.0	674.9	0.973	7.19	-37.05	163.74	1	1	0.28
714	9	29	0	numu	QE	CC	650.1	0.2	0.608	-78.79	204.38	-4.04	0	0	-1.00
714	9	30	0	numu	DIS	NC	2625.0	1800.4	0.657	-38.0	-42.23	344.88	1	1	37.53
714	9	34	0	numu	QE	CC	817.2	575.1	1.314	-168.0	-186.35	84.21	1	1	0.38
714	9	35	0	numu	RES	CC	729.2	2.4	0.135	205.7	-67.5	550.56	0	0	-1.00
714	9	35	1	numu	DIS	CC	5636.3	0.0	0.35	590.99	473.34	801.38	0	0	-1.00
714	9	35	2	numu	QE	CC	452.9	0.0	0.506	298.48	-451.14	938.99	0	0	-1.00
714	9	36	0	numu	RES	NC	1167.1	60.3	1.417	230.34	107.1	352.2	0	0	-1.00
714	9	37	0	numu	QE	NC	1621.3	20.9	0.606	-13.24	-203.84	480.65	0	0	-1.00
714	9	37	1	numu	DIS	CC	2271.5	0.0	0.397	-204.27	108.74	1035.19	0	0	-1.00
714	9	41	0	numu	QE	CC	499.3	301.8	0.348	-100.18	-71.28	73.38	1	1	1.00
714	9	47	0	numu	RES	NC	1275.5	810.7	1.241	162.98	79.33	109.34	1	1	6.01
714	9	47	1	numu	QE	CC	572.0	212.5	0.949	256.76	21.26	6.67	1	1	144.97
714	9	50	0	numu	QE	CC	826.4	393.3	0.155	-123.66	-7.47	52.39	1	1	0.90
714	12	1	0	numu	MEC	CC	427.1	284.4	1.128	30.1	-116.97	263.82	1	1	1.29
714	12	2	0	numu	MEC	CC	1259.1	395.7	1.498	31.29	-194.04	480.03	1	1	2.13
714	12	4	0	numu	MEC	CC	896.2	16.3	0.576	73.2	-269.36	105.72	0	0	-1.00
714	12	4	1	numu	MEC	CC	418.4	0.0	0.798	-689.24	-394.53	-79.65	0	0	-1.00
714	12	6	0	numu	RES	CC	993.9	1098.9	0.407	24.37	90.62	199.14	1	1	0.46
714	12	10	0	numu	MEC	NC	551.4	318.9	1.482	59.39	24.14	5.27	1	1	5.94
714	12	10	1	numu	QE	NC	561.4	0.0	1.372	-413.71	-458.4	728.71	1	1	989.14
714	12	17	0	numu	RES	CC	1451.5	11.7	0.38	51.77	-198.57	503.18	0	0	-1.00
714	12	17	1	numu	QE	CC	366.2	0.0	1.158	347.05	-462.8	-54.89	0	0	-1.00
714	12	18	0	numu	QE	CC	416.1	9.8	0.997	90.03	-237.92	194.94	0	0	-1.00
714	12	22	0	numu	QE	CC	351.0	0.2	1.377	202.3	361.96	350.65	0	0	-1.00
714	12	22	1	numu	QE	NC	575.3	0.0	0.296	-657.01	384.37	-300.48	0	0	-1.00
714	12	24	0	numu	RES	CC	4127.3	0.8	0.598	128.05	-70.17	-273.89	0	0	-1.00
714	12	24	1	numu	RES	CC	1342.3	0.0	0.604	-146.06	-104.07	949.47	0	0	-1.00
714	12	26	0	numu	RES	NC	823.2	77.6	0.9	-86.35	229.36	200.82	0	0	-1.00
714	12	27	0	numu	QE	CC	365.0	161.2	1.465	210.31	-155.29	134.88	0	0	-1.00
714	12	27	1	numu	QE	CC	479.6	0.0	1.331	91.21	-655.44	62.7	0	0	-1.00
714	12	29	0	numu	RES	NC	697.8	9.2	0.52	-111.02	-259.24	145.32	0	0	-1.00
714	12	29	1	numu	QE	CC	401.8	0.0	0.631	-253.12	-478.35	663.53	0	0	-1.00
714	12	31	0	numu	RES	CC	1493.0	333.9	0.21	-81.37	-55.81	490.99	0	0	-1.00
714	12	34	0	numu	RES	CC	1408.2	253.6	1.131	-285.0	250.99	-281.2	1	1	679.56
714	12	34	1	numu	RES	CC	1857.2	0.0	0.144	449.12	-291.79	-310.08	1	1	825.51
714	12	35	0	numu	DIS	NC	3440.6	0.0	0.539	-671.84	0.43	671.74	1	1	807.18
714	12	35	1	numu	RES	CC	1621.2	1169.7	1.088	-92.27	-116.86	122.33	1	1	0.71
714	12	36	0	numu	QE	CC	607.6	0.3	0.366	-21.57	-175.21	594.49	0	0	-1.00
714	12	36	1	numu	RES	CC	1712.0	0.0	0.574	-451.22	237.3	-518.65	0	0	-1.00
714	12	36	2	numu	RES	CC	704.0	0.0	0.08	247.16	-138.7	-474.69	0	0	-1.00
714	12	41	0	numu	QE	CC	605.9	0.0	0.871	-458.0	-428.13	-164.61	0	0	-1.00
714	12	41	1	numu	RES	CC	514.8	13.7	0.524	-164.62	-62.11	-294.08	0	0	-1.00
714	12	42	0	numu	RES	CC	2066.6	1.2	0.172	-87.8	552.03	-602.59	1	1	1263.44
714	12	42	1	numu	RES	NC	1547.1	85.1	0.188	37.67	-184.43	418.2	1	1	2.41
714	12	47	0	numu	RES	CC	4751.8	0.0	1.375	-140.48	283.66	1383.64	0	0	-1.00
714	12	47	1	numu	RES	CC	1024.7	12.4	0.247	217.29	-165.58	508.93	0	0	-1.00
714	12	49	0	numu	QE	CC	952.9	0.0	0.694	-321.2	243.96	-314.96	1	1	694.93
714	12	49	1	numu	QE	CC	853.9	130.1	1.361	-42.73	193.84	319.36	1	1	3.65
714	18	6	0	numu	DIS	CC	2112.2	0.0	0.431	170.15	-667.77	337.39	0	0	-1.00
714	18	6	1	numu	QE	NC	839.3	16.7	0.318	-111.91	-264.55	289.1	0	0	-1.00
714	18	6	2	numu	QE	NC	373.9	0.0	0.415	-548.57	-699.31	493.08	0	0	-1.00
714	18	11	0	numu	MEC	CC	1106.9	1006.7	0.179	23.65	-48.09	137.74	1	1	0.65
714	18	11	1	numu	RES	NC	1541.0	0.0	0.481	-270.4	173.46	-448.85	1	1	692.52
714	18	16	0	numu	QE	CC	667.6	0.0	0.61	-247.86	-263.9	26.5	0	0	-1.00
714	18	16	1	numu	RES	CC	700.0	7.8	1.197	-16.15	-50.74	634.44	0	0	-1.00
714	18	16	2	numu	QE	NC	335.2	0.0	0.187	-281.36	-587.78	955.13	0	0	-1.00
714	18	18	0	numu	QE	CC	243.5	0.0	0.772	624.51	-588.7	922.05	1	1	1313.82
714	18	18	1	numu	RES	CC	2005.7	1461.6	1.446	-147.7	114.88	124.8	1	1	0.32
714	18	18	2	numu	RES	CC	3618.5	0.0	1.295	-393.92	-16.94	-450.09	1	1	639.36
714	18	19	0	numu	QE	CC	428.4	0.0	1.258	410.29	-496.65	-426.48	1	1	965.69
714	18	19	1	numu	RES	CC	1134.2	920.4	0.349	52.97	98.74	185.03	1	1	52.29
714	18	22	0	numu	QE	CC	745.1	431.6	0.89	-30.5	-35.57	410.59	1	1	0.89
714	18	29	0	numu	RES	CC	2657.1	312.2	0.831	210.03	60.25	364.64	0	0	-1.00
714	18	29	1	numu	RES	CC	1706.7	0.0	0.843	489.73	236.62	132.96	0	0	-1.00
714	18	32	0	numu	RES	CC	1982.4	0.0	1.326	-216.57	579.17	-610.05	1	1	1033.46
714	18	32	1	numu	RES	NC	711.6	0.0	1.56	477.98	15.14	673.56	1	1	713.34
714	18	32	2	numu	QE	CC	786.0	639.8	0.312	-22.59	-68.15	171.88	1	1	0.42
714	18	35	0	numu	QE	CC	990.5	0.0	0.045	115.18	356.73	-490.13	1	1	653.44
714	18	35	1	numu	DIS	NC	2024.5	296.6	1.375	232.85	-47.39	-286.82	1	1	317.51
714	18	43	0	numu	MEC	CC	751.9	626.1	1.38	-62.61	-128.98	342.44	1	1	0.87
714	18	47	0	numu	MEC	NC	1007.2	9.2	0.877	185.3	240.31	109.37	0	0	-1.00
714	18	47	1	numu	QE	NC	195.6	0.0	1.338	290.8	-198.6	-280.78	0	0	-1.00
714	23	1	0	numu	RES	CC	1807.8	0.6	0.325	-513.4	-209.88	502.22	0	0	-1.00
714	23	1	1	numu	RES	CC	1008.9	0.0	1.294	-331.03	-166.78	723.41	0	0	-1.00
714	23	6	0	numu	RES	CC	1551.7	0.0	0.973	-670.19	-321.13	-469.39	0	0	-1.00
714	23	6	1	numu	RES	CC	2767.6	66.3	1.483	-254.28	89.66	86.83	0	0	-1.00
714	23	6	2	numu	QE	CC	812.9	0.0	1.339	693.61	476.92	346.54	0	0	-1.00
714	23	8	0	numu	MEC	CC	902.4	491.4	0.998	0.5	208.26	222.58	1	1	10.99
714	23	8	1	numu	QE	CC	1490.8	0.0	1.379	-236.66	-240.41	325.81	1	1	508.15
714	23	10	0	numu	QE	CC	671.0	285.0	0.569	-340.1	-63.06	-79.86	0	0	-1.00
714	23	11	0	numu	QE	CC	750.7	0.3	1.213	-251.51	131.13	550.76	0	0	-1.00
714	23	14	0	numu	QE	CC	554.4	0.0	0.298	42.84	-578.48	-244.35	0	0	-1.00
714	23	14	1	numu	RES	NC	2145.8	49.8	1.109	105.07	-239.26	-324.18	0	0	-1.00
714	23	19	0	numu	QE	NC	1145.6	0.0	0.306	14.86	-137.06	519.09	0	0	-1.00
714	23	19	1	numu	RES	CC	944.0	266.1	0.97	87.0	242.88	34.15	0	0	-1.00
714	23	20	0	numu	QE	CC	513.5	22.5	1.077	198.65	216.35	363.1	0	0	-1.00
714	23	20	1	numu	RES	CC	2098.7	0.0	0.947	80.52	-306.93	1003.29	0	0	-1.00
714	23	22	0	numu	MEC	CC	729.5	1.0	0.795	184.14	-212.06	452.09	0	0	-1.00
714	23	25	0	numu	RES	NC	1040.0	17.6	1.578	-207.15	85.57	81.53	0	0	-1.00
714	23	27	0	numu	QE	CC	885.4	307.6	1.401	137.53	-153.73	441.03	1	1	0.35
714	23	32	0	numu	RES	CC	1335.5	917.8	0.687	-12.45	-36.69	46.36	1	1	27.45
714	23	36	0	numu	RES	CC	1681.4	481.9	1.306	-97.96	-33.12	-19.22	0	0	-1.00
714	23	39	0	numu	QE	NC	303.5	37.5	0.598	150.54	-133.01	231.61	1	1	0.18
714	23	40	0	numu	RES	CC	1210.9	842.7	0.311	-176.65	49.56	179.76	1	1	0.33
714	23	40	1	numu	QE	CC	316.1	0.0	1.201	603.58	374.68	99.04	1	1	849.20
714	23	44	0	nue	DIS	CC	2315.6	0.0	1.387	-244.29	198.25	-560.58	1	1	974.17
714	23	44	1	numu	RES	CC	634.6	286.0	1.489	198.27	109.14	301.74	1	1	1.26
714	23	44	2	numu	QE	NC	334.2	0.0	0.82	361.02	604.43	-492.31	1	1	951.16
714	23	45	0	numu	RES	NC	698.6	25.8	0.916	-100.45	351.21	112.77	0	0	-1.00
714	23	48	0	numu	RES	CC	649.3	46.8	0.176	208.41	-137.04	115.45	0	0	-1.00
714	40	1	0	nue	DIS	NC	1880.5	0.6	1.386	-69.86	-181.23	578.28	0	0	-1.00
714	40	6	0	numu	QE	CC	564.1	478.8	0.803	-51.08	-191.51	127.91	1	1	2.53
714	40	8	0	numu	QE	CC	398.6	303.2	0.307	94.33	198.16	36.42	1	1	1.23
714	40	13	0	numu	QE	CC	366.3	225.5	1.489	-26.36	111.7	247.83	1	1	0.96
714	40	15	0	numu	QE	CC	2011.1	0.3	1.136	-255.03	-108.59	-60.0	1	1	-1.00
714	40	15	1	numu	RES	CC	4295.4	0.0	0.497	46.63	-193.57	-1059.03	1	1	-1.00
714	40	16	0	numu	RES	NC	1079.3	0.6	1.462	68.08	234.76	578.72	0	0	-1.00
714	40	16	1	numu	RES	CC	524.9	0.0	0.887	-95.24	-507.92	375.89	0	0	-1.00
714	40	21	0	numu	QE	CC	688.8	35.5	0.777	24.98	-35.37	504.07	0	0	-1.00
714	40	22	0	nue	QE	CC	1071.1	476.1	1.272	-170.62	-166.49	465.57	1	1	3.66
714	40	22	1	numu	QE	NC	2687.2	0.0	0.935	16.53	-434.87	1246.89	1	1	845.24
714	40	22	2	numu	RES	CC	1849.5	6.2	0.982	-368.09	-0.52	381.4	1	1	270.34
714	40	27	0	numu	QE	CC	1228.8	0.0	0.635	130.47	-197.82	-426.38	1	1	968.02
714	40	27	1	numu	QE	CC	305.8	117.3	0.454	-129.27	42.67	475.18	1	1	0.61
714	40	29	0	numu	QE	CC	611.2	295.9	0.566	151.11	-153.44	408.88	1	1	0.48
714	40	29	1	numu	RES	NC	2715.7	0.0	0.173	-439.35	-471.49	570.13	1	1	690.12
714	40	30	0	numu	RES	CC	899.0	642.9	1.561	139.85	-129.36	185.99	1	1	0.53
714	40	30	1	numu	DIS	CC	3092.5	0.0	0.192	-570.65	-215.28	11.67	1	1	736.49
714	40	33	0	numu	DIS	CC	3422.0	494.1	1.239	-129.31	-248.07	147.12	0	0	-1.00
714	40	48	0	numu	QE	CC	900.6	172.3	0.983	-184.51	100.56	484.01	1	1	0.43
714	40	48	1	numu	QE	CC	583.1	0.0	0.974	-22.6	424.54	-413.23	1	1	967.64
714	55	3	0	numu	QE	CC	1403.4	0.0	0.494	-273.95	-452.74	-64.88	1	1	508.84
714	55	3	1	numu	MEC	NC	641.7	206.9	1.408	19.89	-94.47	138.26	1	1	25.22
714	55	5	0	numu	RES	NC	777.7	0.0	1.418	-303.08	-659.62	-143.42	1	1	680.41
714	55	5	1	numu	QE	CC	730.3	626.1	0.837	-33.73	-39.3	-4.67	1	1	168.49
714	55	10	0	numu	DIS	CC	2371.7	0.0	1.119	-424.49	-36.93	1103.69	0	0	-1.00
714	55	10	1	numu	RES	CC	579.9	12.9	0.724	213.34	183.89	572.56	0	0	-1.00
714	55	12	0	numu	QE	CC	281.4	0.0	0.932	689.83	99.19	21.4	0	0	-1.00
714	55	12	1	numu	DIS	CC	2212.6	173.0	0.873	-190.94	117.59	-44.55	0	0	-1.00
714	55	14	0	numu	QE	NC	819.0	51.8	0.804	-37.6	123.42	162.86	0	0	-1.00
714	55	14	1	numu	RES	CC	902.9	0.0	0.299	249.06	-95.61	400.25	0	0	-1.00
714	55	21	0	numu	RES	NC	1637.4	697.3	0.597	-149.31	-51.82	242.54	1	1	0.43
714	55	25	0	numu	QE	CC	679.3	2.9	0.382	-98.07	-133.78	564.06	0	0	-1.00
714	55	25	1	numu	RES	NC	642.1	0.0	1.085	-101.21	58.98	-484.23	0	0	-1.00
714	55	29	0	numu	RES	CC	2022.2	1628.5	0.779	-151.12	120.05	47.7	1	1	1.68
714	55	30	0	numu	DIS	CC	3757.9	1302.6	1.228	-31.69	-4.7	374.83	1	1	0.64
714	55	32	0	numu	MEC	CC	1266.4	1009.5	1.446	-171.19	-86.05	103.39	1	1	0.51
714	55	34	0	numu	DIS	CC	2523.0	0.1	0.33	-546.65	-62.81	100.68	0	0	-1.00
714	55	36	0	numu	MEC	CC	665.7	112.0	0.845	-144.54	-424.06	-303.31	0	0	-1.00
714	55	36	1	numu	RES	NC	4189.4	0.0	0.107	118.77	-207.15	-318.94	0	0	-1.00
714	55	40	0	numu	DIS	CC	2193.9	176.4	0.692	-429.61	61.65	-381.39	1	1	-1.00
714	55	41	0	numu	QE	CC	397.7	250.1	0.707	15.63	-39.46	83.37	1	1	5.85
714	55	42	0	numu	QE	NC	1168.8	0.0	0.839	-86.75	122.69	-469.07	1	1	536.02
714	55	42	1	numu	RES	CC	811.0	537.4	1.158	-95.76	14.15	55.89	1	1	0.45
714	55	45	0	numu	RES	CC	930.5	0.0	1.54	-80.75	-151.97	-481.66	0	0	-1.00
714	55	45	1	numu	QE	CC	1386.0	948.4	0.488	68.96	-124.6	-273.65	0	0	-1.00
714	55	49	0	numu	MEC	CC	2862.5	955.6	1.506	71.04	-134.22	260.72	1	1	0.94
714	55	49	1	numu	QE	CC	658.7	0.0	1.354	-229.96	-302.96	-277.6	1	1	639.38
714	56	4	0	numu	QE	NC	1413.9	10.4	0.381	-58.75	84.83	-31.68	0	0	-1.00
714	56	10	0	numu	MEC	CC	866.5	501.0	0.729	200.89	20.97	192.95	1	1	2.57
714	56	10	1	numu	QE	NC	168.5	1.7	0.229	138.31	-22.48	-55.56	1	1	262.13
714	56	18	0	numu	DIS	NC	2701.5	11.0	0.925	-127.49	-317.62	-140.03	0	0	-1.00
714	56	26	0	numu	MEC	CC	651.2	39.9	1.512	99.15	325.04	-199.27	0	0	-1.00
714	56	26	1	numu	QE	CC	727.2	0.0	0.192	-60.1	-472.82	548.51	0	0	-1.00
714	56	32	0	numu	MEC	CC	1173.4	0.0	0.585	152.03	-423.27	408.15	0	0	-1.00
714	56	32	1	numu	RES	CC	2084.5	0.0	1.385	473.94	-278.6	-598.11	0	0	-1.00
714	56	32	2	numu	QE	CC	1422.1	177.9	1.341	-426.76	107.33	-282.04	0	0	-1.00
714	56	35	0	numu	QE	CC	734.8	287.2	1.531	-85.29	-35.08	403.72	1	1	1.53
714	56	39	0	numu	RES	CC	1044.0	24.5	0.388	-238.26	-23.15	212.87	0	0	-1.00
714	56	41	0	numu	DIS	CC	1335.0	749.5	1.388	36.77	-37.52	-23.96	1	1	250.44
714	56	42	0	numu	RES	CC	1169.0	1002.3	0.694	-127.68	69.97	218.0	1	1	0.22
714	56	46	0	numu	MEC	CC	797.9	67.1	0.164	-353.46	0.95	295.18	0	0	-1.00
714	62	2	0	numu	RES	NC	1324.5	490.6	0.371	126.15	-11.16	227.31	1	1	31.07
714	62	3	0	numu	DIS	CC	3386.4	1156.7	0.731	-152.62	-199.52	-368.67	0	0	-1.00
714	62	3	1	numu	QE	NC	1897.1	0.0	0.274	510.78	-674.07	196.21	0	0	-1.00
714	62	5	0	numu	DIS	CC	3502.7	0.0	0.5	-350.42	381.32	-456.6	0	0	-1.00
714	62	5	1	numu	RES	NC	567.5	0.0	0.479	-116.79	-85.28	-494.7	0	0	-1.00
714	62	5	2	numu	RES	NC	891.8	3.3	0.729	136.22	-239.69	113.68	0	0	-1.00
714	62	6	0	numu	QE	CC	1377.0	0.0	0.994	301.43	-558.97	-375.26	0	0	-1.00
714	62	6	1	numu	QE	NC	845.4	31.4	1.108	88.95	-286.71	-425.44	0	0	-1.00
714	62	7	0	numu	QE	CC	1304.3	0.1	1.404	7.86	-138.87	557.6	0	0	-1.00
714	62	8	0	numu	QE	NC	491.2	0.0	1.48	-48.5	-448.53	544.28	0	0	-1.00
714	62	8	1	numu	QE	NC	1321.4	10.3	0.604	-256.26	111.75	-157.91	0	0	-1.00
714	62	8	2	numu	QE	NC	431.5	0.0	0.604	-636.03	-69.57	994.16	0	0	-1.00
714	62	8	3	numu	QE	NC	361.9	0.0	1.175	-656.76	218.33	401.81	0	0	-1.00
714	62	10	0	numu	MEC	NC	643.1	2.5	0.157	249.65	222.0	87.79	0	0	-1.00
714	62	19	0	numu	MEC	CC	1881.8	1133.0	0.601	117.52	-102.01	-277.3	1	1	292.53
714	62	20	0	numu	RES	NC	1560.7	0.2	0.383	-227.28	-112.56	584.52	0	0	-1.00
714	62	20	1	numu	MEC	CC	545.3	0.0	0.259	-663.06	482.88	836.13	0	0	-1.00
714	62	22	0	numu	DIS	NC	2993.4	1218.1	1.093	-120.02	-84.1	378.54	1	1	0.67
714	62	25	0	numu	QE	CC	619.2	198.7	1.169	-218.68	81.64	303.75	0	0	-1.00
714	62	25	1	numu	RES	NC	2606.1	0.0	0.644	-671.49	-37.24	464.19	0	0	-1.00
714	62	26	0	numu	RES	CC	762.6	418.4	0.347	44.52	-174.46	21.74	1	1	1.50
714	62	28	0	numu	QE	CC	1174.4	632.2	1.189	110.67	114.45	-175.29	0	0	-1.00
714	62	36	0	numu	RES	NC	655.0	284.3	1.314	45.68	-95.11	175.49	1	1	3.35
714	62	36	1	numu	RES	CC	2235.7	0.0	0.423	-520.68	296.89	-417.61	1	1	911.52
714	62	38	0	numu	QE	NC	1075.7	133.6	0.369	-14.13	-55.32	229.29	1	1	0.18
714	62	38	1	numu	RES	NC	2410.6	0.0	0.972	502.92	-419.12	-500.54	1	1	965.44
714	62	43	0	numu	DIS	NC	1829.5	208.1	1.476	-116.04	141.74	-154.5	1	1	173.63
714	62	44	0	numu	MEC	NC	635.4	0.0	1.043	-563.06	-191.0	-76.13	0	0	-1.00
714	62	44	1	numu	QE	NC	437.4	7.4	0.344	203.17	-208.43	13.25	0	0	-1.00
714	62	44	2	numu	DIS	CC	2321.8	674.0	0.448	91.97	-63.51	-289.66	0	0	-1.00
714	62	46	0	numu	QE	CC	544.9	0.0	0.178	608.25	562.11	717.62	0	0	-1.00
714	62	46	1	numu	RES	CC	2151.5	1.6	1.292	-170.83	-117.49	633.05	0	0	-1.00
714	62	46	2	numu	QE	CC	397.9	0.0	1.488	-243.17	33.8	-321.32	0	0	-1.00
714	62	46	3	numu	QE	NC	486.0	0.0	0.88	209.44	-706.64	199.54	0	0	-1.00
714	62	48	0	numu	RES	NC	955.8	15.4	1.484	-80.4	39.1	619.36	0	0	-1.00
714	62	49	0	numu	QE	CC	910.6	492.0	0.955	-91.2	168.01	185.83	1	1	1.23
714	65	5	0	numu	QE	NC	1915.4	21.2	0.346	-90.56	-143.08	20.48	0	0	-1.00
714	65	5	1	numu	QE	NC	815.4	0.0	0.571	-169.98	-166.51	527.08	0	0	-1.00
714	65	11	0	numu	QE	CC	383.6	0.0	1.283	294.9	-610.92	-329.44	0	0	-1.00
714	65	11	1	numu	QE	CC	575.0	13.4	1.321	-44.1	-95.33	-271.17	0	0	-1.00
714	65	15	0	numu	RES	NC	1403.8	13.7	0.094	-21.63	-437.88	-151.49	0	0	-1.00
714	65	15	1	numu	RES	CC	1771.3	0.0	0.412	-96.35	392.35	349.99	0	0	-1.00
714	65	15	2	numu	QE	NC	354.9	0.0	0.097	248.34	-546.9	499.06	0	0	-1.00
714	65	20	0	numu	DIS	NC	1496.5	0.0	1.203	-134.58	203.98	-447.6	1	1	533.80
714	65	20	1	numu	RES	CC	1232.7	930.7	0.194	-11.18	40.89	43.63	1	1	1.82
714	65	23	0	numu	QE	NC	316.4	0.7	1.489	-168.11	175.79	-277.08	1	1	766.60
714	65	23	1	numu	DIS	NC	3146.2	0.0	0.259	-235.71	331.53	-755.2	1	1	1254.47
714	65	23	2	numu	RES	CC	690.8	397.4	1.227	185.49	-96.66	346.21	1	1	0.20
714	65	24	0	numu	QE	CC	604.8	0.0	0.245	-307.93	118.02	-140.95	1	1	440.50
714	65	24	1	numu	QE	CC	938.7	710.0	0.44	-8.86	-97.18	100.15	1	1	0.63
714	65	24	2	numu	QE	NC	707.8	0.0	0.463	-203.89	216.45	-388.32	1	1	612.70
714	65	32	0	numu	QE	CC	290.1	0.0	0.43	-385.2	-19.58	-291.09	0	0	-1.00
714	65	32	1	numu	QE	NC	662.4	69.9	0.509	5.74	-118.29	391.47	0	0	-1.00
714	65	36	0	numu	RES	NC	596.1	408.5	1.413	-11.17	162.87	234.92	1	1	2.10
714	65	39	0	numu	QE	CC	770.6	0.0	0.996	-519.01	-76.43	217.41	1	1	636.75
714	65	39	1	numu	RES	NC	1426.7	953.8	0.914	58.81	139.21	55.89	1	1	1.45
714	65	43	0	nue	QE	CC	473.3	1.7	0.82	201.46	392.01	146.6	0	0	-1.00
714	65	50	0	numu	MEC	CC	1246.7	1014.0	0.878	-92.06	-38.76	95.79	1	1	0.78
714	65	50	1	numu	MEC	CC	1259.5	0.0	1.446	80.42	-55.67	-501.05	1	1	621.82
714	65	50	2	numu	RES	CC	739.6	0.0	0.337	-259.06	-503.38	-195.08	1	1	573.54
714	68	1	0	numu	RES	NC	690.4	7.3	1.268	-48.08	224.17	452.14	0	0	-1.00
714	68	10	0	numu	QE	CC	551.9	295.5	0.509	202.51	-42.7	331.65	0	0	-1.00
714	68	11	0	numu	QE	CC	1250.1	771.6	1.565	-50.32	-11.64	-296.3	0	0	-1.00
714	68	11	1	numu	RES	NC	3036.5	0.0	0.318	208.07	-613.49	887.9	0	0	-1.00
714	68	13	0	numu	RES	CC	822.1	0.0	0.443	-69.4	97.78	-504.82	0	0	-1.00
714	68	13	1	numu	RES	CC	755.6	2.4	1.119	86.69	-211.44	-33.73	0	0	-1.00
714	68	13	2	numu	MEC	CC	664.0	0.0	1.014	-138.71	3.42	-368.35	0	0	-1.00
714	68	17	0	numu	RES	CC	4032.4	1130.1	0.215	-303.13	89.3	-447.42	0	0	-1.00
714	68	17	1	numu	QE	CC	695.5	0.0	1.503	-239.32	-37.54	-469.64	0	0	-1.00
714	68	20	0	numu	QE	CC	528.7	0.0	1.244	323.66	146.21	-324.64	1	1	680.33
714	68	20	1	numu	QE	CC	795.6	259.2	1.16	332.7	118.49	38.79	1	1	340.35
714	68	20	2	numu	RES	CC	1466.5	808.9	1.359	170.18	67.89	333.59	1	1	0.12
714	68	25	0	numu	RES	NC	503.7	388.9	0.432	161.36	10.16	391.55	1	1	11.36
714	68	27	0	numu	QE	CC	394.7	25.9	1.514	61.69	-381.28	-148.74	0	0	-1.00
714	68	29	0	numu	RES	CC	2256.6	284.6	0.976	-224.08	-72.01	181.52	0	0	-1.00
714	68	31	0	numu	QE	CC	319.1	10.7	1.552	141.85	104.6	-49.4	0	0	-1.00
714	68	31	1	numu	QE	NC	2708.2	0.0	1.331	-116.9	355.63	47.24	0	0	-1.00
714	68	32	0	numu	RES	CC	754.2	0.6	0.12	137.68	-166.73	620.42	0	0	-1.00
714	68	32	1	numu	QE	CC	297.7	0.0	0.853	-575.95	131.31	524.33	0	0	-1.00
714	68	33	0	numu	RES	NC	777.7	0.0	0.529	-181.4	-86.35	993.97	0	0	-1.00
714	68	33	1	numu	QE	CC	414.9	0.0	0.632	233.3	-627.65	685.96	0	0	-1.00
714	68	33	2	numu	RES	NC	756.2	51.8	0.105	-246.23	128.82	145.19	0	0	-1.00
714	68	33	3	numu	QE	NC	582.8	0.0	0.982	429.23	-224.77	982.57	0	0	-1.00
714	68	34	0	numu	QE	CC	1251.4	566.8	0.674	-4.79	-175.44	-285.42	1	1	636.22
714	68	34	1	nue	QE	CC	1274.2	0.5	1.282	486.97	-240.75	243.59	1	1	412.07
714	68	34	2	numu	QE	NC	405.4	0.0	0.154	-116.23	-453.3	563.83	1	1	453.22
714	68	37	0	numu	QE	CC	2029.3	418.4	1.273	-104.07	304.63	-52.97	0	0	-1.00
714	68	41	0	numu	QE	CC	306.3	0.0	1.45	-544.44	-81.34	791.03	0	0	-1.00
714	68	41	1	numu	RES	CC	2661.1	316.4	0.61	-236.02	178.91	-502.46	0	0	-1.00
714	68	46	0	numu	QE	CC	3546.2	1122.7	1.152	-118.54	-51.24	-725.59	0	0	-1.00
714	68	46	1	numu	RES	CC	1425.5	0.0	1.216	367.68	-511.6	-18.7	0	0	-1.00
714	68	47	0	numu	QE	CC	1135.2	719.6	0.426	78.63	51.03	180.51	1	1	1.05
714	68	47	1	numu	RES	CC	699.8	0.0	1.313	281.09	30.71	-457.21	1	1	669.96
714	68	47	2	numu	QE	CC	2075.2	0.0	0.982	-519.83	32.46	-191.59	1	1	704.49
714	71	6	0	numu	QE	CC	914.3	603.6	1.333	-27.67	207.14	136.0	0	0	-1.00
714	71	14	0	numu	QE	NC	288.5	0.0	0.747	-462.81	-707.49	-390.42	1	1	1241.75
714	71	14	1	numu	QE	CC	1437.0	118.6	0.702	186.98	-94.02	471.09	1	1	1.33
714	71	14	2	numu	QE	CC	431.6	0.0	1.479	-320.49	-561.96	476.03	1	1	690.91
714	71	21	0	numu	QE	CC	405.0	0.0	0.078	571.12	-129.29	584.33	0	0	-1.00
714	71	21	1	nue	RES	CC	2127.5	26.8	0.374	223.16	-235.37	356.33	0	0	-1.00
714	71	24	0	numu	RES	CC	1175.9	496.9	0.678	-139.21	-26.0	433.48	1	1	0.87
714	71	28	0	numu	QE	NC	748.7	0.0	1.305	-182.56	-68.57	373.86	0	0	-1.00
714	71	37	0	numu	DIS	CC	3708.5	1414.7	0.982	-85.74	36.52	340.18	1	1	0.56
714	71	42	0	numu	RES	CC	837.8	21.6	1.024	-185.59	40.0	520.81	1	1	40.41
714	71	42	1	numu	RES	CC	1200.2	0.0	0.544	598.42	442.37	356.17	1	1	909.66
714	71	42	2	numu	QE	NC	402.6	0.0	1.222	-375.54	-357.08	-384.57	1	1	967.45
714	71	44	0	numu	QE	CC	425.8	265.0	1.048	154.66	-140.94	72.04	1	1	1.89
714	71	46	0	numu	QE	CC	583.2	0.0	1.398	-288.7	-534.16	-192.17	0	0	-1.00
714	71	46	1	numu	QE	NC	280.2	0.0	1.51	-500.46	-366.02	883.28	0	0	-1.00
714	71	46	2	numu	QE	NC	827.7	11.1	1.427	152.0	-74.36	111.52	0	0	-1.00
714	71	50	0	numu	QE	NC	556.7	0.0	0.291	-45.72	-409.91	-432.43	0	0	-1.00
714	71	50	1	numu	QE	CC	855.0	10.9	0.742	-51.81	-1.65	588.28	0	0	-1.00
714	73	1	0	numu	QE	CC	501.0	0.0	0.402	-554.07	-429.01	60.58	0	0	-1.00
714	73	1	1	numu	QE	CC	441.3	230.1	1.21	-177.09	-136.78	433.04	0	0	-1.00
714	73	2	0	numu	QE	CC	411.6	316.2	1.58	-64.5	97.83	156.09	1	1	0.73
714	73	3	0	numu	MEC	NC	963.4	26.5	1.55	-100.63	222.22	421.62	0	0	-1.00
714	73	8	0	numu	RES	NC	1098.8	0.0	0.327	-585.74	-272.81	627.99	1	1	673.67
714	73	8	1	numu	QE	CC	923.4	789.0	1.224	-64.41	-15.38	288.49	1	1	0.43
714	73	8	2	numu	DIS	CC	2879.4	0.0	0.864	-70.49	451.75	-887.84	1	1	1265.63
714	73	17	0	numu	QE	CC	792.3	263.0	1.55	162.56	-180.06	408.31	0	0	-1.00
714	73	20	0	numu	QE	NC	1326.2	0.5	0.418	-215.0	-271.01	-13.67	0	0	-1.00
714	73	26	0	numu	QE	CC	279.1	0.0	1.285	-607.15	-619.1	326.99	1	1	920.88
714	73	26	1	numu	QE	CC	941.5	978.4	0.871	2.76	-6.88	5.16	1	1	4.87
714	73	26	2	numu	DIS	CC	564.8	0.0	1.429	66.97	-160.82	-396.52	1	1	439.15
714	73	42	0	numu	QE	CC	1359.5	697.3	0.636	-55.85	12.91	227.51	1	1	1.50
714	88	14	0	numu	RES	CC	1715.1	3.8	0.318	-484.48	-162.36	421.19	0	0	-1.00
714	88	22	0	numu	QE	CC	1448.5	572.0	1.469	128.7	-107.4	-331.03	0	0	-1.00
714	88	24	0	numu	QE	CC	830.4	508.3	1.26	-23.15	-159.48	200.43	1	1	2.00
714	88	24	1	numu	QE	NC	343.6	0.0	0.4	-340.9	-602.72	-120.95	1	1	634.64
714	88	25	0	numu	COH	CC	1048.3	0.0	0.253	-489.73	-56.85	-476.16	0	0	-1.00
714	88	25	1	numu	QE	NC	714.2	0.2	1.101	-102.64	-207.94	575.28	0	0	-1.00
714	88	25	2	numu	QE	NC	2184.1	0.0	1.406	-525.4	-589.72	569.08	0	0	-1.00
714	88	28	0	numu	QE	CC	1911.2	624.1	0.363	-99.02	-82.25	457.15	1	1	3.24
714	88	32	0	numu	QE	NC	437.5	0.0	0.218	-644.51	-397.95	785.44	1	1	975.04
714	88	32	1	numu	MEC	CC	681.3	605.7	0.483	42.17	-0.6	218.07	1	1	0.72
714	88	32	2	numu	QE	NC	264.3	0.0	1.125	-690.94	309.92	124.03	1	1	801.04
714	88	33	0	nue	QE	NC	696.3	0.0	0.471	562.27	-307.26	968.08	1	1	895.19
714	88	33	1	numu	QE	NC	433.7	0.0	0.961	-157.99	-48.51	-325.08	1	1	689.84
714	88	33	2	numu	MEC	CC	641.4	400.4	1.567	0.22	3.64	343.43	1	1	0.98
714	88	36	0	numu	MEC	CC	1503.8	0.0	0.441	-95.49	-365.3	-507.8	0	0	-1.00
714	88	36	1	numu	QE	NC	245.0	0.2	1.277	209.08	-144.4	95.3	0	0	-1.00
714	97	2	0	numu	RES	CC	1631.5	8.3	0.958	-35.08	524.87	-285.62	0	0	-1.00
714	97	2	1	numu	RES	CC	1453.3	2.0	1.031	-448.22	-63.72	-417.99	0	0	-1.00
714	97	3	0	numu	RES	CC	1411.2	1106.4	0.365	128.37	-121.64	26.86	1	1	4.52
714	97	3	1	numu	RES	NC	1096.5	31.0	0.655	-9.87	296.48	-298.16	1	1	550.29
714	97	8	0	numu	QE	CC	1064.9	0.1	1.018	-147.18	-209.09	-274.29	0	0	-1.00
714	97	9	0	numu	MEC	CC	1597.5	748.8	0.563	44.53	192.51	261.64	0	0	-1.00
714	97	9	1	numu	QE	CC	701.0	0.0	0.767	449.93	-29.81	-285.07	0	0	-1.00
714	97	12	0	numu	MEC	CC	382.7	1.5	1.575	32.16	-506.34	-17.53	0	0	-1.00
714	97	14	0	numu	QE	NC	563.2	45.5	1.496	129.43	153.69	415.77	0	0	-1.00
714	97	18	0	numu	RES	CC	2124.8	136.9	0.104	111.04	187.25	-367.03	0	0	-1.00
714	97	18	1	numu	QE	NC	236.4	0.0	1.436	195.94	-544.36	950.94	0	0	-1.00
714	97	20	0	numu	QE	NC	618.5	0.4	0.191	-159.9	-457.95	534.44	0	0	-1.00
714	97	24	0	numu	QE	CC	1044.0	912.3	1.008	-50.54	-44.38	-3.01	0	0	-1.00
714	97	24	1	numu	DIS	NC	2935.3	2.8	0.39	-511.42	172.61	850.89	0	0	-1.00
714	97	24	2	numu	MEC	CC	728.1	0.0	0.766	86.14	-611.47	218.27	0	0	-1.00
714	97	28	0	numu	MEC	CC	604.6	1.3	0.146	140.8	-91.74	-276.77	0	0	-1.00
714	97	29	0	numu	DIS	CC	4121.6	820.3	1.257	215.81	-72.41	146.88	0	0	-1.00
714	97	29	1	numu	QE	CC	3684.8	0.0	0.251	32.88	-410.16	-1097.43	0	0	-1.00
714	97	29	2	numu	QE	CC	887.2	0.0	0.143	-545.8	40.15	767.78	0	0	-1.00
714	97	30	0	numu	RES	CC	2177.7	0.4	1.083	-516.91	-140.53	68.73	0	0	-1.00
714	97	37	0	numu	MEC	CC	633.2	434.2	0.334	-43.63	-84.3	316.79	1	1	0.66
714	97	37	1	numu	QE	CC	1447.7	0.0	0.606	-229.3	86.82	975.52	1	1	705.02
714	97	37	2	numu	QE	NC	729.9	0.0	0.846	-112.27	-235.14	-335.04	1	1	673.06
714	97	37	3	numu	QE	CC	221.3	0.0	0.334	-121.02	-143.95	-282.74	1	1	607.88
714	97	41	0	numu	QE	NC	492.6	26.7	0.421	-156.3	130.4	-5.94	0	0	-1.00
714	97	42	0	numu	QE	CC	1147.0	0.0	1.516	-661.0	-388.43	479.99	1	1	945.13
714	97	42	1	numu	MEC	CC	777.4	383.8	0.499	176.19	-175.05	96.14	1	1	1.19
714	97	43	0	numu	QE	CC	1047.0	403.9	1.155	146.13	-119.19	436.5	1	1	1.65
714	97	44	0	numu	QE	CC	1548.2	23.1	0.569	85.76	54.09	504.32	0	0	-1.00
714	97	44	1	numu	RES	NC	967.3	35.0	1.468	-96.07	-12.09	-444.22	0	0	-1.00
714	97	45	0	numu	DIS	CC	3679.5	884.8	1.336	214.47	246.38	-320.27	0	0	-1.00
714	97	45	1	numu	MEC	CC	452.9	0.0	0.445	-501.35	-182.39	754.2	0	0	-1.00
714	97	45	2	numu	RES	CC	701.3	0.0	1.046	27.11	-88.11	-499.23	0	0	-1.00
714	97	49	0	numu	RES	CC	3540.9	264.2	0.632	-71.63	-152.72	-435.77	0	0	-1.00
714	97	49	1	nue	QE	CC	1510.3	0.0	0.828	-599.19	-182.98	-244.92	0	0	-1.00
715	6	5	0	numu	RES	CC	767.7	453.1	1.202	151.28	176.2	159.52	1	2	0.29
715	6	5	1	numu	QE	CC	946.2	532.8	1.01	-197.14	132.01	109.96	1	2	1.68
715	6	6	0	numu	QE	CC	389.1	2.2	0.934	115.02	375.72	69.05	0	0	-1.00
715	6	6	1	numu	RES	CC	2812.3	0.0	1.013	-50.79	425.01	-406.91	0	0	-1.00
715	6	7	0	numu	QE	NC	764.1	32.3	1.147	-445.78	-121.24	-303.08	0	0	-1.00
715	6	9	0	numu	QE	CC	783.9	129.2	0.985	122.61	48.83	481.39	1	1	0.88
715	6	12	0	numu	MEC	NC	1213.1	1.2	0.174	35.93	-220.65	-2.59	0	0	-1.00
715	6	12	1	numu	DIS	NC	2726.2	0.0	0.394	324.23	331.3	-199.65	0	0	-1.00
715	6	12	2	numu	RES	NC	1732.7	0.0	1.391	-611.04	554.04	730.72	0	0	-1.00
715	6	15	0	numu	QE	NC	1136.7	324.1	1.061	-134.25	108.51	-44.68	1	1	83.52
715	6	15	1	numu	QE	CC	654.9	0.0	1.489	260.62	24.82	-273.94	1	1	526.11
715	6	25	0	numu	QE	NC	1200.4	469.2	0.728	-192.68	46.93	141.46	1	1	235.24
715	6	27	0	numu	QE	NC	784.3	128.0	1.47	-153.36	-101.19	196.14	1	1	20.56
715	6	27	1	numu	QE	NC	310.1	0.0	0.758	-305.78	-539.92	-32.5	1	1	535.44
715	6	28	0	numu	RES	CC	748.0	3.9	1.109	-59.56	-23.6	-289.4	0	0	-1.00
715	6	38	0	numu	QE	NC	1264.8	43.6	1.417	-200.04	89.76	431.05	0	0	-1.00
715	6	39	0	numu	RES	NC	1158.3	27.6	0.986	254.03	151.95	481.2	0	0	-1.00
715	6	45	0	numu	RES	CC	713.3	445.4	0.903	-148.81	94.13	248.11	1	1	0.90
715	6	47	0	numu	RES	CC	4348.7	2.3	1.39	115.69	543.34	-430.72	0	0	-1.00
715	6	47	1	numu	RES	CC	2589.8	0.0	1.225	-545.07	-224.23	-272.26	0	0	-1.00
715	6	47	2	numu	RES	NC	531.0	0.2	1.424	249.09	227.83	607.46	0	0	-1.00
715	6	49	0	numu	RES	CC	1676.5	601.6	0.835	87.05	63.6	454.59	1	1	39.26
715	6	49	1	numu	QE	CC	804.7	12.6	1.533	99.42	-250.97	354.4	1	1	360.76
715	6	50	0	numu	DIS	CC	2173.8	86.9	0.635	-101.42	-42.53	-360.71	0	0	-1.00
715	10	1	0	numu	QE	CC	860.4	746.1	0.612	21.3	-39.97	59.1	1	1	2.42
715	10	9	0	numu	RES	CC	602.2	4.9	1.402	133.95	198.87	505.78	0	0	-1.00
715	10	9	1	numu	QE	NC	328.4	0.0	1.481	528.61	124.6	6.87	0	0	-1.00
715	10	10	0	numu	QE	CC	671.2	0.0	0.31	402.23	-346.0	-399.69	0	0	-1.00
715	10	10	1	numu	QE	NC	940.5	0.0	0.297	419.44	-636.26	918.54	0	0	-1.00
715	10	10	2	numu	QE	CC	3692.4	1127.1	1.302	80.23	80.58	-824.76	0	0	-1.00
715	10	15	0	numu	QE	CC	674.5	0.0	0.197	-554.88	-111.75	168.78	1	1	447.35
715	10	15	1	numu	RES	NC	1180.8	494.9	0.562	-151.26	-113.66	361.57	1	1	0.15
715	10	18	0	numu	QE	CC	445.0	2.0	0.721	59.96	444.27	-106.65	0	0	-1.00
715	10	18	1	numu	QE	CC	1490.2	681.5	1.574	131.14	82.9	-28.78	0	0	-1.00
715	10	20	0	numu	QE	CC	1054.5	442.0	1.165	-224.65	10.06	126.16	0	0	-1.00
715	10	31	0	numu	MEC	CC	511.0	398.0	1.326	-21.38	-28.94	465.84	1	1	5.45
715	10	43	0	numu	QE	NC	1384.6	11.3	0.206	-254.75	75.81	378.01	0	0	-1.00
715	10	43	1	numu	QE	CC	853.8	0.0	0.918	266.78	107.37	-419.21	0	0	-1.00
715	10	44	0	numu	QE	NC	404.7	0.0	1.029	-152.72	-270.47	83.45	1	1	210.59
715	10	44	1	numu	DIS	CC	1918.3	1659.4	1.482	-13.48	-113.44	96.93	1	1	1.07
715	15	14	0	numu	RES	CC	3779.6	0.0	0.741	81.61	-487.27	-60.97	0	0	-1.00
715	15	14	1	numu	RES	CC	1839.5	348.2	1.529	-226.63	176.97	291.22	0	0	-1.00
715	15	14	2	numu	QE	NC	252.9	0.0	0.596	674.78	133.61	-341.55	0	0	-1.00
715	15	19	0	numu	QE	CC	947.1	56.6	1.441	-63.28	12.73	-45.66	0	0	-1.00
715	15	20	0	numu	DIS	CC	827.5	503.0	0.489	118.88	100.06	343.8	1	1	0.59
715	15	20	1	numu	RES	CC	540.9	0.0	0.384	311.91	624.33	-506.27	1	1	1017.51
715	15	21	0	numu	DIS	NC	3183.1	0.0	1.463	-196.34	92.51	-544.19	0	0	-1.00
715	15	21	1	numu	QE	CC	971.2	0.3	0.573	-8.67	-437.07	134.84	0	0	-1.00
715	15	21	2	numu	QE	CC	535.7	0.0	0.161	-509.78	242.41	-419.63	0	0	-1.00
715	15	24	0	numu	QE	CC	294.4	0.0	0.127	702.88	-467.4	237.19	1	1	1008.74
715	15	24	1	numu	RES	CC	2206.2	1846.6	0.196	-132.51	71.36	65.18	1	1	0.28
715	15	26	0	numu	QE	NC	258.2	1.3	0.252	244.88	185.18	86.94	0	0	-1.00
715	15	30	0	numu	QE	CC	311.0	125.2	0.883	-24.51	-197.25	293.17	0	0	-1.00
715	15	33	0	numu	MEC	CC	580.2	124.6	0.595	-494.08	167.04	122.31	0	0	-1.00
715	15	34	0	numu	RES	NC	1530.3	71.2	0.133	145.64	55.18	-21.19	1	1	173.15
715	15	35	0	numu	QE	CC	3859.0	1270.4	0.106	-110.81	-151.61	225.94	1	1	0.81
715	15	39	0	numu	MEC	CC	1710.4	0.0	0.843	-502.29	565.22	709.7	1	1	900.33
715	15	39	1	numu	MEC	CC	666.5	0.0	0.139	-390.71	-463.11	88.65	1	1	751.75
715	15	39	2	numu	QE	CC	1055.2	5.6	0.675	-328.53	-196.18	-339.34	1	1	611.67
715	15	39	3	numu	QE	NC	445.1	0.0	1.049	579.19	-11.98	-414.3	1	1	791.01
715	15	43	0	numu	RES	CC	1279.2	10.6	0.116	-82.35	112.87	611.01	0	0	-1.00
715	15	43	1	numu	DIS	CC	1142.0	2.1	1.143	209.1	18.96	609.61	0	0	-1.00
715	15	47	0	numu	RES	CC	803.3	486.8	0.187	-124.65	-171.67	334.03	1	1	0.54
715	15	47	1	numu	RES	CC	1012.9	0.0	1.112	267.68	-548.88	281.85	1	1	546.96
715	15	48	0	numu	QE	CC	940.5	377.2	0.566	-153.59	85.55	396.91	1	1	0.34
715	15	49	0	numu	RES	CC	1310.7	1238.3	0.742	-40.16	-119.36	73.4	0	0	-1.00
715	15	49	1	numu	QE	CC	1035.8	0.0	1.43	-64.24	-635.48	-358.62	0	0	-1.00
715	17	1	0	numu	MEC	CC	1044.9	501.1	1.052	45.69	-93.62	233.6	1	1	54.93
715	17	2	0	numu	RES	CC	1448.2	0.0	1.481	-201.68	59.68	-456.25	0	0	-1.00
715	17	2	1	numu	MEC	NC	872.8	142.1	1.592	15.18	-163.01	498.09	0	0	-1.00
715	17	6	0	numu	RES	NC	748.2	0.0	0.923	160.76	-24.8	-301.9	0	0	-1.00
715	17	6	1	numu	MEC	CC	907.5	9.7	0.462	-243.43	90.44	97.48	0	0	-1.00
715	17	7	0	numu	RES	CC	880.5	0.0	0.933	-79.45	-150.06	-444.36	0	0	-1.00
715	17	7	1	numu	RES	CC	657.5	17.2	0.576	77.66	-221.33	114.3	0	0	-1.00
715	17	13	0	numu	RES	CC	925.0	0.0	1.38	-549.01	-234.71	924.0	1	1	720.96
715	17	13	1	numu	RES	NC	891.3	16.3	1.232	-184.41	208.88	423.62	1	1	69.41
715	17	14	0	numu	MEC	CC	1258.3	1064.3	1.563	-23.54	-102.65	207.67	1	1	11.44
715	17	18	0	numu	QE	NC	557.9	0.0	1.148	160.4	-32.53	-323.59	1	1	387.12
715	17	18	1	numu	DIS	NC	3392.7	47.4	1.087	205.95	267.76	-524.4	1	1	612.28
715	17	19	0	numu	RES	CC	1435.5	623.4	0.798	-28.4	-127.5	-15.08	0	0	-1.00
715	17	19	1	numu	QE	CC	259.8	0.0	0.043	377.36	93.1	-483.43	0	0	-1.00
715	17	22	0	numu	QE	CC	706.9	22.3	0.714	97.68	225.72	320.18	1	1	-1.00
715	17	23	0	numu	QE	CC	2040.5	380.0	1.504	226.26	239.39	-428.07	0	0	-1.00
715	17	27	0	numu	QE	CC	716.1	82.9	0.089	-370.21	111.03	357.04	0	0	-1.00
715	17	28	0	numu	RES	NC	759.1	230.4	1.139	-128.92	132.41	-22.28	1	1	39.41
715	17	30	0	numu	QE	CC	533.3	1.0	1.025	51.02	18.17	512.52	0	0	-1.00
715	17	30	1	numu	QE	NC	385.7	0.0	1.27	667.35	47.25	546.67	0	0	-1.00
715	17	31	0	numu	RES	CC	3889.4	1982.3	0.504	-134.93	99.33	207.57	1	1	0.78
715	17	33	0	numu	RES	CC	519.7	432.0	0.637	77.2	39.26	307.58	1	1	0.43
715	17	33	1	numu	QE	CC	1250.0	0.0	0.333	73.3	-442.65	204.89	1	1	492.58
715	17	33	2	numu	QE	CC	324.6	0.0	0.397	-395.29	-493.29	-98.74	1	1	819.39
715	17	37	0	numu	DIS	CC	4067.1	598.4	0.125	51.2	-22.05	-292.3	1	1	366.05
715	17	38	0	numu	QE	NC	448.3	18.9	0.408	-83.26	-234.38	164.45	0	0	-1.00
715	17	38	1	numu	QE	CC	653.2	0.0	1.525	-634.03	-85.5	718.31	0	0	-1.00
715	17	47	0	numu	QE	CC	959.6	0.0	0.102	-321.53	119.48	-503.23	1	1	913.11
715	17	47	1	numu	QE	CC	1540.6	282.8	0.508	-189.97	120.67	402.63	1	1	2.84
715	17	47	2	numu	QE	CC	908.2	58.7	0.785	-44.27	203.48	152.65	1	1	298.77
715	17	48	0	numu	QE	NC	811.0	21.4	1.39	-18.74	-43.01	151.36	0	0	-1.00
715	17	49	0	numu	DIS	NC	1007.1	440.0	0.827	178.87	-83.49	322.75	1	1	0.34
715	22	1	0	numu	QE	CC	652.4	317.3	0.601	-123.59	113.23	292.4	1	1	0.51
715	22	6	0	numu	QE	NC	675.5	0.0	1.601	208.4	-93.97	775.54	1	1	416.56
715	22	6	1	numu	QE	NC	448.8	289.2	1.25	62.01	-125.13	386.97	1	1	1.04
715	22	10	0	numu	MEC	CC	2500.8	0.0	1.546	313.03	-604.28	-335.51	1	1	916.17
715	22	10	1	numu	QE	CC	850.0	701.4	0.746	22.56	98.38	175.91	1	1	0.83
715	22	16	0	numu	RES	NC	1096.0	0.6	1.375	159.0	62.22	-273.15	0	0	-1.00
715	22	28	0	numu	RES	CC	832.7	0.0	1.277	517.57	59.43	166.48	1	1	-1.00
715	22	28	1	numu	QE	NC	814.8	5.2	0.546	-251.93	-116.29	359.72	1	1	-1.00
715	22	34	0	numu	QE	CC	681.6	0.0	1.524	681.6	160.14	723.86	0	0	-1.00
715	22	34	1	numu	MEC	CC	1211.5	54.5	0.281	86.57	-178.44	-201.17	0	0	-1.00
715	22	45	0	numu	DIS	NC	662.4	4.8	0.622	15.39	61.28	-58.73	0	0	-1.00
715	23	1	0	numu	QE	CC	851.6	0.0	0.413	-508.59	435.26	317.34	1	1	605.91
715	23	1	1	numu	QE	CC	1142.6	1062.6	0.703	-61.12	167.51	7.73	1	1	0.99
715	23	10	0	numu	QE	CC	895.8	294.2	0.239	-108.92	-61.1	-298.54	0	0	-1.00
715	23	10	1	numu	DIS	CC	2776.8	0.0	0.139	-677.35	4.85	1186.86	0	0	-1.00
715	23	17	0	numu	DIS	CC	1277.8	148.9	0.053	83.42	-0.89	-165.89	0	0	-1.00
715	23	21	0	numu	MEC	CC	731.5	46.8	0.567	117.91	-238.95	-143.68	1	1	167.79
715	23	21	1	numu	QE	CC	507.4	0.0	0.286	67.97	-254.67	-26.57	1	1	131.09
715	23	22	0	numu	DIS	CC	1795.1	0.0	1.359	11.97	-147.31	954.08	1	1	707.18
715	23	22	1	numu	RES	CC	509.0	370.7	0.107	105.19	-93.29	255.23	1	1	0.78
715	23	22	2	numu	MEC	CC	564.3	0.0	1.512	-288.74	-299.11	977.15	1	1	847.66
715	23	22	3	numu	QE	CC	505.4	0.0	1.524	-573.93	411.93	852.28	1	1	1035.27
715	23	28	0	numu	RES	CC	1089.3	636.2	0.875	97.61	114.06	18.87	1	1	1.35
715	23	32	0	numu	QE	CC	1025.3	515.0	0.424	194.54	210.36	145.38	1	1	-1.00
715	23	32	1	numu	QE	NC	440.6	0.0	0.942	442.04	297.85	-293.16	1	1	-1.00
715	23	33	0	numu	DIS	CC	4645.1	0.0	0.5	-537.72	-179.46	1276.73	0	0	-1.00
715	23	33	1	numu	RES	CC	1247.9	0.0	1.562	35.69	-79.65	774.81	0	0	-1.00
715	23	33	2	numu	QE	NC	710.2	19.4	1.131	-81.24	219.55	271.09	0	0	-1.00
715	23	34	0	numu	QE	CC	931.6	0.3	0.221	-200.99	-55.86	-302.07	0	0	-1.00
715	23	34	1	numu	COH	NC	564.8	0.0	1.092	-339.0	-327.65	-283.34	0	0	-1.00
715	23	49	0	numu	RES	CC	1713.9	25.7	1.333	-497.72	80.11	-480.92	0	0	-1.00
715	25	4	0	numu	QE	CC	608.4	10.9	0.709	-242.02	-233.09	132.83	0	0	-1.00
715	25	5	0	numu	RES	CC	871.6	0.0	0.294	-202.9	-201.89	-396.93	0	0	-1.00
715	25	5	1	numu	RES	CC	3098.5	20.0	0.075	-252.9	110.98	-161.29	0	0	-1.00
715	25	6	0	numu	RES	CC	2184.8	72.8	1.563	-279.66	-537.04	113.77	1	1	466.18
715	25	6	1	numu	MEC	CC	469.9	0.0	0.29	396.17	354.31	-450.8	1	1	876.53
715	25	16	0	numu	RES	NC	1804.4	0.7	0.987	-48.8	-479.63	-103.32	0	0	-1.00
715	25	16	1	numu	QE	CC	251.6	0.0	1.278	-643.41	342.72	708.11	0	0	-1.00
715	25	21	0	nue	QE	NC	2203.0	0.0	1.226	-586.23	-154.89	320.75	0	0	-1.00
715	25	21	1	numu	QE	CC	2902.5	339.9	0.866	11.42	256.15	-781.96	0	0	-1.00
715	25	23	0	nue	RES	CC	1074.8	0.0	0.367	681.22	272.52	683.48	1	1	890.91
715	25	23	1	numu	DIS	CC	3149.0	1999.7	0.476	53.6	43.03	-27.64	1	1	158.10
715	25	38	0	numu	DIS	NC	1163.3	32.1	1.456	-210.79	39.57	-38.65	1	1	73.37
715	25	41	0	numu	DIS	NC	4392.2	0.0	0.982	-81.71	-115.19	-1317.78	1	1	1773.01
715	25	41	1	numu	QE	CC	682.7	295.6	0.776	66.67	196.61	421.54	1	1	2.88
715	25	47	0	numu	QE	CC	1041.2	0.0	0.998	-621.01	191.01	-343.7	0	0	-1.00
715	25	47	1	numu	DIS	NC	2255.9	0.0	1.144	-532.08	-109.07	-410.49	0	0	-1.00
715	25	47	2	numu	RES	NC	1249.6	0.2	1.166	132.12	-78.67	-304.27	0	0	-1.00
715	25	47	3	numu	QE	NC	703.2	0.0	0.808	-482.66	392.86	-275.42	0	0	-1.00
715	25	49	0	numu	MEC	CC	700.8	568.0	0.785	44.45	-129.64	213.85	1	1	1.65
715	34	1	0	numu	MEC	CC	1001.7	6.1	1.414	-155.84	131.31	-373.75	1	1	459.20
715	34	1	1	numu	MEC	CC	568.4	0.0	0.41	345.7	545.71	-375.05	1	1	608.49
715	34	1	2	numu	MEC	CC	816.2	714.9	0.782	89.39	154.02	12.16	1	1	1.55
715	34	1	3	numu	QE	CC	633.4	0.0	1.542	-224.97	21.25	-405.89	1	1	540.91
715	34	2	0	numu	QE	NC	1023.9	0.0	0.661	-181.67	26.04	992.43	1	1	797.62
715	34	2	1	numu	DIS	NC	1704.3	308.9	0.391	-177.36	12.5	194.74	1	1	0.38
715	34	2	2	numu	QE	CC	600.4	0.0	0.981	231.03	-219.65	964.86	1	1	902.05
715	34	3	0	numu	RES	NC	759.4	252.0	0.093	-128.97	177.67	356.8	1	1	0.76
715	34	13	0	numu	RES	CC	2561.3	1.0	1.061	-149.81	117.46	546.0	0	0	-1.00
715	34	17	0	numu	RES	NC	2348.3	0.0	0.195	654.01	-72.7	579.16	1	1	718.85
715	34	17	1	numu	RES	CC	1422.1	956.0	0.9	73.48	-68.34	156.5	1	1	1.29
715	34	20	0	numu	QE	NC	926.9	152.1	0.8	78.02	147.89	65.16	1	1	60.94
715	34	20	1	numu	QE	CC	425.5	0.0	0.555	330.64	154.41	-471.63	1	1	616.83
715	34	42	0	numu	RES	NC	651.5	78.4	0.312	-134.89	-264.84	191.8	1	1	136.53
715	34	43	0	numu	QE	CC	1197.7	550.7	0.791	-84.34	92.68	352.76	1	1	0.59
715	34	50	0	numu	RES	CC	1084.5	197.1	0.966	116.42	-70.27	466.68	1	1	1.15
715	34	50	1	numu	QE	CC	1203.9	0.0	0.067	-224.88	2.13	179.67	1	1	450.99
715	34	50	2	numu	RES	CC	766.4	8.9	0.892	-119.74	-26.91	512.74	1	1	244.59
715	36	2	0	numu	MEC	CC	822.0	647.4	0.826	-23.62	75.07	231.09	1	1	0.36
715	36	10	0	numu	QE	CC	871.1	7.0	0.896	-299.15	38.58	102.85	0	0	-1.00
715	36	11	0	numu	MEC	CC	1054.5	0.0	1.508	391.01	187.04	-388.6	1	1	674.51
715	36	11	1	numu	QE	CC	1094.4	978.0	0.728	158.69	-44.33	197.75	1	1	3.10
715	36	11	2	numu	QE	NC	331.3	0.0	0.43	199.57	-367.47	-306.79	1	1	601.46
715	36	15	0	numu	RES	NC	1705.5	210.3	1.357	10.87	-9.28	340.68	0	0	-1.00
715	36	40	0	numu	RES	NC	678.3	0.2	0.289	483.3	28.56	87.76	0	0	-1.00
715	36	40	1	numu	QE	NC	694.6	0.5	0.703	157.26	193.78	10.11	0	0	-1.00
715	36	40	2	nue	COH	CC	1974.3	11.9	1.264	-141.33	-239.64	-272.56	0	0	-1.00
715	36	43	0	numu	RES	CC	939.3	64.4	1.384	2.95	22.36	504.14	0	0	-1.00
715	36	43	1	numu	RES	NC	734.4	0.0	1.525	567.75	-287.84	-326.6	0	0	-1.00
715	36	46	0	numu	RES	CC	570.6	6.8	0.142	-188.11	-261.69	150.64	1	1	321.59
715	36	46	1	numu	RES	CC	1431.5	596.4	1.373	6.64	-230.98	-315.43	1	1	550.63
715	36	46	2	numu	RES	CC	1203.7	945.3	0.783	62.66	-11.67	126.35	1	1	87.27
715	36	47	0	numu	QE	CC	505.1	0.0	0.501	-311.79	-242.54	-362.75	0	0	-1.00
715	36	47	1	numu	DIS	NC	6144.5	0.7	0.669	-34.05	-92.55	621.64	0	0	-1.00
715	36	47	2	numu	RES	CC	3368.0	0.0	1.05	-145.05	-516.37	-412.05	0	0	-1.00
715	47	2	0	numu	QE	NC	658.9	0.7	1.55	509.89	82.12	-182.82	1	1	500.21
715	47	2	1	numu	QE	NC	506.4	99.2	0.689	118.74	-74.99	85.66	1	1	0.66
715	47	9	0	numu	QE	CC	567.0	213.5	0.47	-165.2	38.57	387.5	1	1	0.12
715	47	10	0	numu	QE	NC	1063.9	0.0	0.517	-270.26	-216.47	-484.59	0	0	-1.00
715	47	10	1	numu	QE	NC	447.1	0.0	1.583	246.33	365.23	350.68	0	0	-1.00
715	47	10	2	numu	MEC	CC	1471.5	6.6	0.949	39.31	-251.29	585.42	0	0	-1.00
715	47	11	0	numu	QE	CC	247.9	2.7	0.29	-76.45	-92.17	-2.9	0	0	-1.00
715	47	17	0	numu	QE	CC	1238.2	509.4	1.147	-10.04	253.71	-290.19	1	1	362.24
715	47	19	0	numu	RES	CC	957.1	798.3	0.109	-54.26	141.72	292.08	1	1	179.37
715	47	19	1	numu	QE	CC	611.8	0.0	0.208	40.18	-674.73	989.24	1	1	928.67
715	47	19	2	numu	RES	CC	1051.9	892.9	1.472	-17.79	-32.74	323.1	1	1	1.74
715	47	21	0	numu	DIS	NC	2794.4	2251.2	0.658	119.6	102.86	375.67	1	1	20.21
715	47	21	1	numu	QE	NC	821.1	0.0	0.27	-358.97	208.63	-498.27	1	1	1020.40
715	47	23	0	numu	RES	CC	4622.1	927.8	1.319	-158.76	-144.01	285.4	1	1	0.97
715	47	24	0	numu	QE	CC	438.7	25.6	0.876	227.85	129.14	70.95	0	0	-1.00
715	47	24	1	numu	QE	NC	268.4	0.0	0.56	185.91	489.33	-343.86	0	0	-1.00
715	47	26	0	numu	RES	CC	908.3	24.2	0.181	516.51	-4.65	-346.38	0	0	-1.00
715	47	27	0	numu	RES	CC	1023.8	647.8	1.427	-130.09	-73.55	84.01	1	1	7.75
715	47	29	0	numu	QE	CC	904.3	702.7	1.057	12.87	87.74	294.73	1	1	0.81
715	47	32	0	numu	QE	NC	304.3	0.0	1.37	-632.89	-274.26	-490.94	0	0	-1.00
715	47	32	1	numu	QE	NC	900.2	3.9	0.986	-236.93	150.79	484.25	0	0	-1.00
715	47	33	0	numu	QE	NC	222.6	19.4	0.804	-5.07	45.26	70.26	0	0	-1.00
715	47	41	0	numu	MEC	CC	755.3	615.2	0.791	-32.19	-158.15	387.78	1	1	1.63
715	47	41	1	numu	QE	NC	2294.5	0.0	1.304	692.45	-491.0	-208.29	1	1	996.03
715	47	41	2	numu	RES	CC	922.6	0.0	0.466	-214.56	507.83	-273.83	1	1	955.04
715	47	46	0	numu	MEC	CC	1037.6	0.0	1.57	48.75	-432.98	-174.42	1	1	696.56
715	47	46	1	numu	QE	CC	960.9	565.6	0.88	-80.77	132.43	212.18	1	1	0.79
715	47	46	2	numu	QE	CC	410.1	0.0	0.806	316.84	-166.16	-298.67	1	1	712.53
715	47	46	3	numu	RES	CC	634.8	335.8	0.443	-103.89	-31.58	153.9	1	1	175.05
715	49	1	0	numu	RES	CC	990.3	2.2	1.087	-43.3	245.53	-351.37	0	0	-1.00
715	49	2	0	numu	QE	CC	782.8	0.3	0.368	-208.51	-237.78	703.6	0	0	-1.00
715	49	8	0	numu	QE	CC	424.1	0.4	0.453	236.96	-235.0	387.53	0	0	-1.00
715	49	8	1	numu	QE	CC	479.2	0.0	1.434	630.74	-309.33	-257.85	0	0	-1.00
715	49	9	0	numu	RES	CC	3050.1	67.1	0.094	511.88	-130.54	-164.99	1	1	683.44
715	49	9	1	numu	QE	CC	1085.1	0.0	0.538	-435.15	-535.73	120.7	1	1	876.07
715	49	9	2	numu	QE	CC	684.8	0.0	1.186	66.32	-490.25	-290.7	1	1	873.93
715	49	17	0	numu	QE	CC	702.0	580.7	0.534	60.44	96.46	25.82	1	1	2.10
715	49	19	0	numu	DIS	CC	2717.9	0.0	0.489	54.31	-425.09	-786.7	1	1	1048.69
715	49	19	1	numu	RES	CC	709.5	368.6	1.371	-187.68	68.64	106.11	1	1	0.59
715	49	19	2	numu	QE	CC	617.4	0.0	0.881	258.43	13.64	-409.43	1	1	684.03
715	49	25	0	numu	QE	NC	203.5	5.3	0.547	-46.61	-218.13	367.62	0	0	-1.00
715	49	28	0	numu	RES	CC	1504.6	0.0	0.152	333.41	-439.23	457.71	0	0	-1.00
715	49	28	1	numu	QE	NC	420.1	1.7	0.626	-244.25	118.68	-39.99	0	0	-1.00
715	49	33	0	numu	QE	CC	2914.6	0.0	0.167	-74.35	-493.61	-755.51	0	0	-1.00
715	49	33	1	numu	QE	NC	664.6	0.0	1.533	221.13	186.55	474.82	0	0	-1.00
715	49	33	2	numu	QE	CC	438.3	2.8	0.782	-35.17	-453.6	54.15	0	0	-1.00
715	49	37	0	numu	MEC	CC	661.9	300.9	0.53	-147.59	-42.08	-32.86	1	1	118.88
715	49	37	1	numu	QE	NC	516.6	0.0	0.3	494.14	-253.06	976.99	1	1	1142.39
715	49	37	2	numu	QE	NC	275.0	0.0	0.97	-220.54	271.78	585.7	1	1	593.65
715	49	38	0	numu	QE	NC	1821.9	43.4	0.663	125.86	-52.99	-29.99	0	0	-1.00
715	49	41	0	numu	QE	NC	1153.2	264.9	1.197	-166.58	36.48	62.18	1	1	6.02
715	49	44	0	numu	RES	NC	2091.5	42.0	1.395	238.16	-24.74	356.94	0	0	-1.00
715	49	45	0	numu	QE	CC	2173.6	1142.1	1.116	117.59	190.98	-157.93	0	0	-1.00
715	49	45	1	numu	DIS	CC	655.2	0.0	1.101	618.22	-628.3	510.18	0	0	-1.00
715	49	47	0	numu	QE	CC	447.2	1.0	0.863	258.37	-216.22	248.45	0	0	-1.00
715	49	49	0	numu	RES	CC	2007.1	1050.7	0.543	-135.92	35.69	227.16	1	1	0.55
715	49	50	0	numu	QE	NC	1303.7	83.1	1.286	-86.54	-181.23	366.9	0	0	-1.00
715	49	50	1	numu	DIS	CC	3050.3	0.0	1.164	-589.75	27.92	1276.37	0	0	-1.00
715	58	18	0	numu	RES	NC	1756.3	0.6	0.155	-15.94	202.02	581.46	0	0	-1.00
715	58	23	0	numu	RES	CC	1093.4	0.2	0.967	30.21	-234.31	537.86	0	0	-1.00
715	58	23	1	numu	QE	CC	1364.1	0.0	0.188	-259.46	92.19	444.93	0	0	-1.00
715	58	23	2	numu	RES	NC	2086.3	0.0	1.549	389.68	148.45	958.95	0	0	-1.00
715	58	29	0	numu	QE	CC	427.3	11.7	1.385	480.71	152.7	-94.79	0	0	-1.00
715	58	32	0	numu	MEC	CC	1178.7	455.2	0.938	-156.41	-134.6	-307.01	0	0	-1.00
715	58	37	0	numu	QE	CC	1192.5	728.5	0.734	-41.44	55.24	-296.24	0	0	-1.00
715	58	42	0	numu	MEC	NC	916.9	275.5	1.361	-85.39	-188.19	379.79	1	1	20.96
715	58	46	0	numu	QE	CC	909.5	645.3	1.488	-140.5	-150.25	211.16	1	1	287.31
715	58	46	1	numu	QE	CC	781.1	552.1	0.934	-136.96	115.95	103.78	1	1	5.28
715	58	49	0	numu	DIS	CC	2000.9	950.8	1.37	-56.51	-195.22	155.14	1	1	40.44
715	58	49	1	numu	MEC	CC	3199.9	0.0	0.327	-322.61	584.36	-521.64	1	1	1086.97
715	58	49	2	numu	QE	NC	293.8	0.0	1.385	-659.22	451.75	-13.83	1	1	918.64
715	58	50	0	numu	MEC	NC	1122.2	444.4	0.81	-146.49	113.19	325.48	1	1	4.20
715	58	50	1	numu	QE	NC	575.1	8.6	0.679	25.09	324.86	-153.91	1	1	554.04
715	59	1	0	numu	RES	CC	3149.6	0.0	1.216	-488.86	116.21	12.6	0	0	-1.00
715	59	1	1	numu	RES	CC	1163.2	18.7	0.386	278.85	224.06	143.83	0	0	-1.00
715	59	3	0	numu	RES	NC	1699.4	946.2	1.16	180.11	83.77	25.2	1	1	2.90
715	59	3	1	numu	QE	CC	1048.6	0.0	1.495	-149.14	-200.92	992.72	1	1	1060.42
715	59	5	0	numu	RES	CC	991.5	401.0	0.889	10.23	39.52	-113.52	1	1	134.95
715	59	5	1	numu	QE	CC	837.3	2.9	0.201	-498.02	53.25	309.54	1	1	652.73
715	59	6	0	numu	QE	CC	612.1	28.4	0.184	-67.2	-252.56	416.49	0	0	-1.00
715	59	7	0	numu	QE	CC	677.9	555.0	0.18	-165.08	-167.97	206.54	1	1	0.22
715	59	7	1	numu	QE	CC	242.6	0.0	0.558	-607.23	-580.8	-400.23	1	1	856.80
715	59	9	0	numu	RES	CC	1136.0	11.4	1.537	-53.03	-251.21	5.99	0	0	-1.00
715	59	9	1	numu	QE	CC	2083.5	0.0	1.135	504.47	240.27	953.47	0	0	-1.00
715	59	14	0	numu	QE	CC	2603.8	437.5	0.685	122.88	-13.66	-540.38	0	0	-1.00
715	59	14	1	numu	RES	NC	481.2	0.0	1.194	-570.93	356.57	483.45	0	0	-1.00
715	59	28	0	numu	MEC	CC	1331.4	60.3	0.966	151.53	-253.67	449.22	0	0	-1.00
715	59	31	0	numu	MEC	NC	822.8	92.2	0.352	86.96	146.29	-327.67	1	1	514.89
715	59	31	1	numu	RES	CC	1701.4	1434.8	0.201	33.23	43.9	170.52	1	1	3.63
715	59	40	0	numu	DIS	CC	2261.4	1.2	0.946	-79.1	351.47	-131.56	0	0	-1.00
715	59	47	0	numu	QE	CC	459.2	2.4	0.144	229.58	193.01	197.56	0	0	-1.00
715	59	50	0	numu	QE	CC	552.2	60.3	0.325	-185.35	80.25	544.5	0	0	-1.00
715	59	50	1	numu	MEC	CC	476.3	0.0	1.005	-687.72	574.59	-105.43	0	0	-1.00
715	60	1	0	numu	RES	CC	3116.4	699.7	1.091	-30.71	-24.49	-311.06	0	0	-1.00
715	60	1	1	numu	DIS	CC	2785.4	0.0	1.057	-559.86	272.57	365.27	0	0	-1.00
715	60	1	2	numu	DIS	CC	4459.3	0.0	0.542	-143.39	84.03	-351.71	0	0	-1.00
715	60	4	0	numu	QE	CC	1488.4	417.9	1.294	95.52	94.29	-461.88	0	0	-1.00
715	60	4	1	numu	MEC	NC	325.1	0.0	1.134	663.94	-692.14	426.02	0	0	-1.00
715	60	6	0	numu	QE	CC	451.6	36.2	0.088	-206.85	-121.01	260.98	0	0	-1.00
715	60	12	0	numu	DIS	CC	3200.5	1.0	0.84	109.0	110.6	614.19	0	0	-1.00
715	60	13	0	nue	QE	CC	451.7	0.0	0.204	278.35	97.71	-287.02	0	0	-1.00
715	60	13	1	numu	QE	CC	997.5	4.1	0.091	236.78	-259.16	359.75	0	0	-1.00
715	60	21	0	numu	MEC	CC	1140.2	105.3	1.433	221.59	-178.66	381.07	0	0	-1.00
715	60	21	1	numu	QE	CC	1261.6	0.0	0.485	-48.96	-83.51	-323.65	0	0	-1.00
715	60	25	0	numu	QE	CC	476.6	0.6	0.288	-55.9	68.15	587.52	0	0	-1.00
715	60	25	1	numu	QE	NC	383.6	0.0	1.26	433.65	-360.15	-397.1	0	0	-1.00
715	60	26	0	numu	RES	CC	1193.5	23.0	0.059	-226.89	198.21	-11.04	0	0	-1.00
715	60	26	1	numu	DIS	CC	2099.8	0.0	0.714	-531.6	-296.04	863.07	0	0	-1.00
715	60	29	0	numu	RES	NC	3784.4	0.0	0.423	-126.08	437.79	-1063.16	0	0	-1.00
715	60	29	1	numu	QE	CC	884.5	0.0	0.864	-501.46	326.08	774.34	0	0	-1.00
715	60	29	2	numu	QE	NC	2510.8	0.0	0.515	-349.34	-594.77	498.99	0	0	-1.00
715	60	29	3	numu	QE	NC	307.8	0.4	1.012	28.0	12.47	107.89	0	0	-1.00
715	60	30	0	numu	QE	NC	205.4	0.0	1.248	-199.62	-520.94	462.78	0	0	-1.00
715	60	30	1	numu	QE	CC	729.5	1.7	0.123	-257.87	89.83	-287.02	0	0	-1.00
715	60	35	0	numu	QE	NC	1276.9	0.0	0.833	-675.35	507.68	-57.43	1	1	876.56
715	60	35	1	numu	RES	CC	858.6	701.0	1.21	-171.07	-46.0	398.74	1	1	0.44
715	60	35	2	numu	RES	NC	520.1	0.0	0.572	-7.56	-193.69	-499.32	1	1	924.64
715	60	37	0	numu	RES	CC	973.3	0.0	0.245	645.65	-432.16	948.38	0	0	-1.00
715	60	37	1	numu	DIS	CC	2708.1	2.1	0.206	432.29	-478.59	-150.8	0	0	-1.00
715	60	41	0	numu	QE	CC	274.8	0.0	0.961	464.06	-25.27	-271.04	1	1	657.36
715	60	41	1	numu	DIS	NC	1106.9	245.5	0.25	-131.56	-17.33	-6.11	1	1	48.23
715	60	48	0	numu	RES	NC	597.7	36.4	0.768	-209.14	193.99	-306.94	0	0	-1.00
715	60	49	0	numu	DIS	CC	3926.9	135.9	0.085	-123.04	-381.96	-381.01	0	0	-1.00
715	60	49	1	numu	MEC	CC	976.8	0.0	1.52	-363.79	-80.7	-506.7	0	0	-1.00
715	63	1	0	numu	QE	NC	331.9	130.7	0.899	-64.57	-108.57	276.26	1	1	178.05
715	63	1	1	numu	QE	CC	293.2	0.0	1.013	-585.07	107.4	687.97	1	1	598.16
715	63	3	0	numu	RES	CC	3224.2	0.0	1.552	-296.24	-522.32	-692.37	1	1	1040.33
715	63	3	1	numu	MEC	CC	529.7	357.1	0.612	37.61	25.11	121.84	1	1	4.38
715	63	6	0	numu	DIS	NC	4082.6	0.0	0.388	219.78	-20.05	-358.56	0	0	-1.00
715	63	6	1	numu	RES	CC	458.3	0.0	0.566	-532.16	-1.4	956.74	0	0	-1.00
715	63	6	2	numu	RES	CC	1467.0	56.8	0.363	154.53	81.15	513.48	0	0	-1.00
715	63	17	0	numu	QE	NC	790.7	0.0	0.666	-402.98	99.04	579.37	0	0	-1.00
715	63	17	1	numu	QE	CC	659.6	58.7	0.837	-211.56	165.48	22.14	0	0	-1.00
715	63	20	0	numu	RES	CC	1095.6	192.1	0.638	-251.24	180.8	231.66	0	0	-1.00
715	63	20	1	numu	RES	NC	885.0	0.0	0.947	-403.2	-185.06	-85.77	0	0	-1.00
715	63	20	2	numu	QE	CC	465.2	0.0	1.305	-619.32	-467.89	936.5	0	0	-1.00
715	63	24	0	numu	QE	CC	494.5	286.2	0.643	-115.61	-47.5	402.18	1	1	2.00
715	63	25	0	numu	MEC	NC	1260.6	0.0	0.624	-502.81	-126.71	445.0	0	0	-1.00
715	63	25	1	numu	QE	CC	300.8	0.0	1.006	65.92	-576.99	-6.38	0	0	-1.00
715	63	25	2	numu	QE	CC	499.5	23.3	1.141	250.5	-465.38	79.13	0	0	-1.00
715	63	29	0	numu	RES	NC	738.5	0.2	0.722	-66.67	94.83	583.4	0	0	-1.00
715	63	29	1	numu	DIS	NC	3204.8	0.0	0.586	-149.83	154.51	-631.9	0	0	-1.00
715	63	30	0	numu	QE	CC	1037.5	739.3	0.83	-11.12	-69.96	-123.87	1	1	132.75
715	63	31	0	numu	QE	NC	576.1	41.0	0.771	-121.97	-54.4	300.14	0	0	-1.00
715	63	32	0	numu	DIS	CC	2900.3	31.8	0.875	35.56	15.47	568.44	0	0	-1.00
715	63	40	0	nue	RES	NC	2959.3	1602.4	0.99	85.09	-162.48	45.55	1	1	0.85
715	63	45	0	numu	QE	CC	856.9	0.0	0.89	-208.75	206.06	484.54	0	0	-1.00
715	63	45	1	numu	QE	NC	1179.6	12.7	1.069	-72.17	-86.63	191.06	0	0	-1.00
715	63	45	2	numu	QE	NC	360.5	0.0	0.475	-135.42	236.85	536.79	0	0	-1.00
715	68	5	0	numu	RES	NC	1128.2	783.2	0.108	57.53	58.27	273.62	1	1	105.16
715	68	5	1	numu	RES	CC	944.5	0.0	0.549	-242.97	128.01	503.44	1	1	440.26
715	68	12	0	numu	QE	CC	1861.4	11.1	0.668	-129.1	-420.39	-539.23	0	0	-1.00
715	68	20	0	numu	QE	CC	1268.0	293.6	0.558	160.52	-219.74	208.33	1	1	-1.00
715	68	20	1	numu	QE	CC	1641.5	0.0	0.39	-552.37	199.97	259.83	1	1	-1.00
715	68	28	0	numu	QE	NC	275.8	0.0	0.481	-678.6	360.38	-418.26	0	0	-1.00
715	68	28	1	numu	QE	CC	715.7	18.3	0.762	271.87	-337.76	49.73	0	0	-1.00
715	68	30	0	numu	MEC	CC	1026.7	0.0	0.106	-594.4	82.58	823.06	0	0	-1.00
715	68	30	1	numu	MEC	CC	840.8	78.0	0.201	30.09	57.91	-275.91	0	0	-1.00
715	68	33	0	numu	RES	NC	540.9	0.0	0.292	88.45	166.49	-437.02	0	0	-1.00
715	68	33	1	numu	QE	CC	649.3	143.8	1.318	1.29	-14.24	-304.5	0	0	-1.00
715	68	35	0	numu	QE	CC	3295.5	333.0	0.883	111.93	-232.24	-286.91	0	0	-1.00
715	68	35	1	numu	QE	NC	461.9	0.0	1.087	247.83	-645.68	-421.89	0	0	-1.00
715	68	39	0	numu	RES	NC	520.9	251.0	1.446	169.54	52.83	115.11	1	1	7.68
715	68	39	1	numu	DIS	CC	2222.1	0.0	0.56	-399.47	463.66	-334.12	1	1	839.49
715	68	44	0	numu	RES	CC	3862.1	2904.3	0.883	-102.88	-139.14	254.76	1	1	0.43
715	68	45	0	nue	RES	CC	3336.4	3169.5	0.295	-2.0	-74.55	265.37	1	1	1.11
715	68	45	1	numu	RES	NC	1082.3	0.0	0.804	-601.86	-588.8	810.93	1	1	959.23
715	68	46	0	numu	RES	CC	723.9	3.5	0.251	281.3	160.76	29.29	0	0	-1.00
715	68	46	1	numu	QE	CC	483.9	0.0	1.005	-589.39	324.5	-34.04	0	0	-1.00
715	68	50	0	numu	QE	CC	946.1	276.6	1.096	-20.82	163.53	437.59	1	1	1.36
715	68	50	1	numu	QE	CC	558.1	0.0	1.219	443.76	211.43	-430.98	1	1	985.45
715	72	1	0	numu	QE	CC	861.0	49.0	1.478	107.2	-48.5	497.13	0	0	-1.00
715	72	2	0	numu	RES	CC	961.3	121.0	0.379	141.29	48.01	-45.29	0	0	-1.00
715	72	7	0	numu	QE	CC	1245.6	550.7	0.579	-309.17	231.58	-302.14	0	0	-1.00
715	72	8	0	numu	QE	NC	553.4	0.0	0.436	-658.32	-578.31	-22.11	0	0	-1.00
715	72	8	1	numu	RES	CC	1038.6	368.4	0.168	-102.61	-6.66	-139.86	0	0	-1.00
715	72	8	2	numu	MEC	CC	1359.8	261.9	1.194	-70.98	-151.42	-24.12	0	0	-1.00
715	72	13	0	numu	QE	NC	1439.6	12.9	0.342	38.89	135.37	508.26	0	0	-1.00
715	72	21	0	numu	QE	CC	457.9	122.0	0.406	252.55	-109.94	155.24	0	0	-1.00
715	72	23	0	numu	QE	CC	269.3	0.0	1.204	-650.62	625.65	721.67	1	1	1054.70
715	72	23	1	numu	QE	NC	1643.5	0.0	1.364	-513.15	-425.37	474.65	1	1	851.72
715	72	23	2	numu	QE	CC	487.0	248.7	1.002	192.36	49.84	459.42	1	1	1.03
715	72	23	3	numu	QE	CC	334.1	0.0	0.347	-183.64	-513.16	94.17	1	1	769.80
715	72	29	0	numu	RES	NC	702.6	233.1	0.813	-12.36	-42.06	424.11	0	0	-1.00
715	72	34	0	numu	MEC	CC	1460.3	1163.3	0.122	-64.37	99.42	147.94	1	1	0.65
715	72	36	0	numu	QE	CC	898.2	325.6	0.982	116.85	2.52	371.09	1	1	0.58
715	72	36	1	numu	RES	CC	2104.5	0.0	1.544	-355.06	-547.46	768.98	1	1	826.61
715	72	37	0	numu	DIS	CC	5212.9	63.3	0.811	-55.21	-487.67	378.15	1	1	399.98
715	72	47	0	numu	QE	CC	740.6	303.9	0.471	-256.39	-111.42	-168.97	0	0	-1.00
715	72	47	1	numu	QE	NC	341.1	0.0	0.235	-614.77	205.42	729.98	0	0	-1.00
715	72	48	0	numu	QE	CC	954.4	179.4	1.198	157.4	43.29	-1.44	0	0	-1.00
715	72	49	0	numu	MEC	CC	1181.8	460.9	0.883	-107.39	194.59	263.9	1	1	1.59
715	76	4	0	numu	DIS	NC	574.6	213.2	0.719	-71.37	126.43	380.69	1	1	9.64
715	76	15	0	numu	QE	CC	451.1	0.1	0.78	-236.47	89.87	29.33	0	0	-1.00
715	76	15	1	numu	RES	CC	770.2	0.0	0.089	-602.21	86.39	-261.64	0	0	-1.00
715	76	15	2	numu	QE	NC	467.2	2.2	0.872	228.08	225.27	-49.02	0	0	-1.00
715	76	16	0	numu	QE	CC	729.5	0.0	1.334	-117.45	371.49	735.87	1	1	742.86
715	76	16	1	numu	QE	CC	1265.5	937.2	0.196	20.08	-34.59	128.61	1	1	0.59
715	76	16	2	numu	COH	NC	586.3	0.0	1.253	223.63	127.39	593.36	1	1	532.21
715	76	27	0	numu	RES	CC	992.6	10.4	0.217	94.59	-1.93	-376.7	0	0	-1.00
715	76	29	0	numu	QE	CC	974.1	807.8	0.368	97.02	39.74	203.53	1	1	0.97
715	76	35	0	numu	RES	NC	1058.7	0.0	1.056	-708.5	262.58	-254.32	0	0	-1.00
715	76	35	1	numu	QE	CC	1878.4	184.8	0.988	-250.37	-48.52	15.09	0	0	-1.00
715	76	40	0	numu	QE	CC	294.9	0.0	0.502	-114.0	-626.54	800.74	0	0	-1.00
715	76	40	1	numu	RES	CC	1646.1	14.7	0.521	65.27	324.48	-389.05	0	0	-1.00
715	76	42	0	numu	QE	CC	861.0	286.2	1.476	51.39	-15.83	436.34	1	1	1.53
715	76	45	0	numu	DIS	CC	1202.0	1030.2	0.394	-125.3	-65.42	336.94	1	1	0.32
715	76	47	0	numu	DIS	CC	4017.2	145.5	0.615	-26.61	36.36	-407.21	0	0	-1.00
715	76	50	0	numu	QE	NC	703.1	10.0	1.11	-20.44	-103.8	-286.87	0	0	-1.00
715	79	3	0	numu	QE	CC	920.6	465.9	1.466	-219.44	141.08	89.71	0	0	-1.00
715	79	5	0	numu	MEC	CC	3101.6	973.0	1.319	154.39	105.98	299.97	1	1	0.26
715	79	5	1	numu	RES	CC	1018.8	303.3	0.174	182.37	197.53	-7.78	1	1	322.26
715	79	10	0	numu	QE	CC	1638.2	0.0	0.382	-398.79	-428.24	-6.81	0	0	-1.00
715	79	10	1	numu	RES	CC	2151.5	17.7	0.728	-175.17	275.66	-417.6	0	0	-1.00
715	79	21	0	numu	QE	NC	518.6	116.2	1.461	118.88	-178.88	486.59	1	1	0.35
715	79	22	0	numu	QE	CC	608.8	146.4	1.248	-79.75	-197.59	413.1	1	1	-1.00
715	79	25	0	numu	QE	CC	886.9	92.6	0.692	-292.88	28.91	-330.21	1	1	620.96
715	79	26	0	numu	RES	NC	1333.9	0.0	0.846	-705.85	-147.51	335.0	1	1	715.16
715	79	26	1	numu	QE	CC	1697.4	0.0	1.036	-94.79	-466.05	964.73	1	1	833.12
715	79	26	2	numu	QE	CC	752.8	212.3	0.555	-1.9	-172.96	172.26	1	1	28.97
715	79	27	0	numu	QE	NC	412.8	0.3	0.515	71.81	-222.37	616.82	0	0	-1.00
715	79	37	0	numu	MEC	CC	547.7	251.8	0.548	-84.97	198.77	415.72	0	0	-1.00
715	79	37	1	numu	RES	CC	1310.4	641.7	1.569	-10.72	5.3	391.07	0	0	-1.00
715	79	40	0	numu	QE	CC	924.5	399.7	1.528	176.77	97.24	330.76	1	1	0.39
715	79	47	0	numu	QE	NC	832.5	1.8	0.249	-111.13	0.66	525.64	0	0	-1.00
715	79	50	0	numu	RES	CC	3058.6	0.2	0.745	219.46	-220.25	629.71	0	0	-1.00
715	79	50	1	numu	QE	CC	621.5	0.0	0.698	-675.53	595.12	299.43	0	0	-1.00
715	80	2	0	numu	QE	CC	380.5	0.0	0.264	676.62	-605.76	994.19	1	1	1138.07
715	80	2	1	numu	MEC	CC	1498.2	1025.5	0.594	87.08	90.89	119.64	1	1	156.37
715	80	6	0	numu	DIS	CC	5081.9	0.2	1.452	-41.12	302.67	-275.79	0	0	-1.00
715	80	13	0	numu	QE	CC	766.3	0.6	0.6	195.73	180.97	-274.65	0	0	-1.00
715	80	13	1	numu	QE	NC	830.3	0.0	0.208	38.14	232.58	993.59	0	0	-1.00
715	80	15	0	numu	QE	NC	397.6	0.1	0.156	-21.44	44.29	559.39	0	0	-1.00
715	80	15	1	numu	RES	NC	1158.8	0.0	1.492	-301.5	131.06	-280.19	0	0	-1.00
715	80	28	0	numu	QE	CC	355.0	258.1	0.63	-18.06	-140.68	105.02	1	1	1.16
715	80	34	0	numu	DIS	CC	1630.1	1326.4	0.69	47.1	-150.45	168.09	1	1	1.23
715	80	34	1	numu	QE	CC	334.0	0.0	0.283	-140.29	-59.12	952.46	1	1	812.25
715	80	36	0	numu	MEC	NC	965.1	220.8	1.482	5.22	-170.68	72.3	0	0	-1.00
715	80	41	0	numu	RES	NC	954.0	0.0	0.778	668.65	-483.94	528.27	0	0	-1.00
715	80	41	1	numu	DIS	CC	2988.1	2.5	1.086	-253.95	244.23	38.58	0	0	-1.00
715	80	41	2	numu	QE	NC	424.9	0.0	1.03	154.05	-449.09	86.92	0	0	-1.00
715	80	45	0	numu	QE	CC	336.4	0.0	0.885	643.63	-326.54	954.13	1	1	1081.44
715	80	45	1	numu	QE	CC	932.9	807.8	1.429	-30.57	-53.36	153.57	1	1	0.39
715	80	48	0	numu	MEC	CC	1006.5	207.8	1.366	172.28	-31.33	-1.6	0	0	-1.00
715	80	48	1	numu	DIS	CC	3234.9	0.0	0.227	24.3	-213.7	-584.74	0	0	-1.00
715	87	1	0	numu	QE	CC	371.9	0.0	0.112	115.3	-496.87	499.85	0	0	-1.00
715	87	1	1	numu	QE	CC	1034.7	254.6	0.841	-193.48	-51.97	189.0	0	0	-1.00
715	87	3	0	numu	QE	CC	469.3	1.2	0.145	221.6	66.6	-288.46	0	0	-1.00
715	87	9	0	numu	QE	CC	324.8	0.0	0.372	154.67	3.38	-355.14	0	0	-1.00
715	87	9	1	numu	RES	NC	682.6	0.3	0.086	212.31	-380.69	247.75	0	0	-1.00
715	87	12	0	numu	RES	CC	2031.2	267.3	1.092	123.66	28.8	-309.58	1	1	479.93
715	87	13	0	numu	QE	CC	526.2	27.1	0.969	-223.1	-259.24	-50.84	0	0	-1.00
715	87	13	1	numu	QE	NC	405.9	0.0	0.54	430.28	-169.98	-344.39	0	0	-1.00
715	87	13	2	numu	QE	CC	1193.5	0.0	1.374	-213.01	-127.13	-322.53	0	0	-1.00
715	87	13	3	numu	QE	NC	246.5	0.0	0.431	697.79	383.21	-236.56	0	0	-1.00
715	87	18	0	numu	QE	CC	519.9	0.5	0.174	-90.04	271.59	38.45	0	0	-1.00
715	87	19	0	numu	RES	CC	716.7	207.8	1.393	-147.56	198.82	185.81	1	1	6.48
715	87	19	1	numu	QE	CC	377.7	0.0	1.146	-484.62	-93.59	757.26	1	1	722.08
715	87	24	0	numu	RES	CC	748.9	484.0	0.994	-26.77	166.29	165.96	1	1	2.11
715	87	24	1	numu	QE	CC	660.0	17.2	0.802	-218.46	-211.17	79.86	1	1	430.14
715	87	25	0	numu	QE	CC	563.1	136.4	0.624	30.78	21.34	452.44	1	1	2.03
715	87	25	1	numu	QE	CC	439.8	0.0	1.538	-500.07	-302.96	665.93	1	1	658.09
715	87	32	0	numu	DIS	CC	4863.4	3687.9	1.216	-146.49	103.84	45.08	1	1	2.48
715	87	36	0	numu	QE	NC	544.3	0.0	0.249	509.89	113.51	568.75	0	0	-1.00
715	87	36	1	numu	MEC	CC	1431.8	220.5	1.067	-261.02	244.17	-454.08	0	0	-1.00
715	87	37	0	numu	QE	CC	412.5	4.7	0.174	-152.0	-110.52	-17.13	0	0	-1.00
715	87	48	0	nue	QE	CC	622.0	398.5	0.819	109.78	-9.81	6.89	1	1	23.46
715	87	50	0	numu	QE	CC	625.7	0.6	1.46	-173.89	-1.41	-54.4	0	0	-1.00
715	87	50	1	numu	QE	NC	665.4	0.0	0.279	133.65	287.38	-291.8	0	0	-1.00
715	89	1	0	numu	RES	CC	3853.5	0.0	0.802	-58.59	264.73	-461.01	1	1	918.37
715	89	1	1	numu	QE	CC	358.2	247.3	1.038	106.36	-165.96	333.88	1	1	1.21
715	89	5	0	numu	QE	CC	465.5	0.3	0.807	145.31	33.7	-306.48	0	0	-1.00
715	89	6	0	numu	QE	CC	581.3	1.6	1.571	-110.92	-212.07	413.99	0	0	-1.00
715	89	8	0	numu	RES	CC	815.3	0.8	0.562	-17.85	303.96	-293.99	0	0	-1.00
715	89	8	1	numu	RES	CC	715.3	0.0	1.154	-366.45	-205.35	991.17	0	0	-1.00
715	89	12	0	numu	RES	CC	1134.2	0.2	1.142	-26.34	-133.78	632.87	0	0	-1.00
715	89	12	1	numu	RES	NC	972.6	19.1	1.26	-165.13	-118.51	-390.58	0	0	-1.00
715	89	12	2	numu	MEC	NC	349.0	0.0	0.214	579.43	-501.57	-490.1	0	0	-1.00
715	89	13	0	numu	QE	NC	751.3	0.2	0.402	113.14	-126.41	607.73	0	0	-1.00
715	89	14	0	numu	MEC	CC	819.7	0.0	0.345	-531.31	-60.49	602.21	0	0	-1.00
715	89	14	1	numu	RES	CC	852.6	6.6	1.432	122.37	-312.48	-272.51	0	0	-1.00
715	89	23	0	numu	RES	NC	1099.5	1.2	0.482	236.65	65.24	163.17	0	0	-1.00
715	89	28	0	numu	QE	NC	848.8	0.0	0.732	-539.76	-214.79	-315.98	0	0	-1.00
715	89	28	1	numu	DIS	CC	1679.7	17.2	1.11	-219.6	-228.22	175.64	0	0	-1.00
715	89	34	0	numu	QE	NC	2487.4	12.7	1.05	-236.83	126.59	151.57	0	0	-1.00
715	89	40	0	numu	QE	CC	489.6	7.1	1.171	-11.88	-260.14	393.63	0	0	-1.00
715	89	40	1	numu	QE	NC	3635.2	0.0	0.29	-261.45	-642.76	-984.35	0	0	-1.00
715	89	46	0	numu	RES	NC	1520.7	274.6	0.972	-169.39	190.76	132.06	1	1	2.95
715	89	46	1	numu	RES	CC	896.2	0.0	0.633	44.82	231.72	-410.79	1	1	585.54
715	94	1	0	numu	RES	CC	832.5	2.9	0.989	95.32	30.72	581.53	0	0	-1.00
715	94	1	1	numu	QE	CC	268.3	0.0	0.099	-705.14	-331.41	585.52	0	0	-1.00
715	94	7	0	numu	MEC	CC	530.2	0.0	0.359	-77.7	-351.23	451.67	0	0	-1.00
715	94	7	1	numu	QE	CC	897.3	0.6	1.409	251.44	-109.73	75.15	0	0	-1.00
715	94	8	0	numu	QE	NC	1846.8	0.0	0.795	5.43	175.23	1053.87	0	0	-1.00
715	94	8	1	numu	QE	CC	342.7	0.0	0.079	507.57	404.36	557.76	0	0	-1.00
715	94	8	2	numu	QE	CC	1261.6	0.0	1.171	-476.11	153.76	958.73	0	0	-1.00
715	94	8	3	numu	QE	CC	871.1	0.2	0.426	-177.13	-413.96	150.62	0	0	-1.00
715	94	14	0	numu	QE	CC	1490.0	423.1	1.408	80.21	132.34	-443.48	1	1	629.18
715	94	14	1	numu	QE	CC	1131.6	0.0	0.986	188.18	-105.14	536.15	1	1	496.67
715	94	15	0	numu	QE	CC	526.7	0.1	1.055	495.83	50.72	833.46	0	0	-1.00
715	94	15	1	numu	QE	NC	348.9	0.0	0.529	-209.99	-466.94	967.04	0	0	-1.00
715	94	18	0	numu	QE	CC	498.8	231.4	1.202	-175.98	178.09	246.65	1	1	2.79
715	94	19	0	numu	RES	NC	704.8	301.4	1.148	-78.43	-166.63	295.6	1	1	1.26
715	94	20	0	numu	QE	CC	793.3	106.1	0.938	-230.59	-19.62	184.56	0	0	-1.00
715	94	20	1	numu	QE	CC	359.8	0.0	0.601	-539.2	-419.79	-205.22	0	0	-1.00
715	94	26	0	numu	QE	CC	576.1	492.9	0.842	-81.45	191.02	134.93	0	0	-1.00
715	94	27	0	numu	RES	CC	791.1	10.3	0.336	-207.78	-187.72	-287.67	0	0	-1.00
715	94	29	0	numu	QE	CC	231.3	0.0	1.3	572.38	-571.57	-324.52	0	0	-1.00
715	94	29	1	numu	QE	CC	656.7	3.0	0.206	146.83	-76.18	-198.41	0	0	-1.00
715	94	32	0	numu	QE	CC	905.7	411.7	1.46	-198.23	188.74	-41.63	1	1	105.37
715	94	33	0	numu	QE	CC	979.4	0.0	0.147	-478.51	218.74	936.26	1	1	816.04
715	94	33	1	numu	QE	CC	784.5	679.3	0.584	-23.92	-57.88	314.81	1	1	4.84
715	94	35	0	numu	RES	CC	2323.4	37.6	0.362	213.61	-44.62	479.65	0	0	-1.00
715	94	36	0	numu	RES	CC	1074.4	0.5	1.233	21.42	-139.72	526.0	0	0	-1.00
715	94	36	1	numu	QE	NC	651.3	0.0	0.347	553.02	-118.92	685.32	0	0	-1.00
715	94	36	2	numu	DIS	CC	3873.4	0.3	0.192	-0.25	35.32	-559.09	0	0	-1.00
715	96	4	0	numu	QE	CC	1352.6	125.0	0.308	-208.36	69.28	40.17	0	0	-1.00
715	96	6	0	numu	RES	CC	1875.5	0.0	0.101	-270.2	-582.6	-447.72	1	1	827.86
715	96	6	1	numu	QE	CC	816.1	21.5	0.69	149.38	-214.55	152.77	1	1	114.49
715	96	9	0	numu	RES	NC	3114.5	0.3	0.304	-143.16	-7.05	620.13	0	0	-1.00
715	96	10	0	numu	DIS	NC	976.2	271.8	1.01	-195.67	125.9	115.53	1	1	0.36
715	96	15	0	numu	RES	CC	1754.0	0.0	0.585	-103.09	-154.0	968.79	1	1	714.39
715	96	15	1	numu	QE	CC	588.9	476.7	0.358	62.27	178.83	357.23	1	1	2.43
715	96	18	0	numu	QE	CC	676.7	548.9	1.104	-146.39	42.35	115.74	1	1	0.81
715	96	18	1	numu	DIS	CC	1867.2	0.0	0.132	485.65	528.15	-153.78	1	1	840.90
715	96	21	0	numu	QE	CC	461.4	2.9	1.234	-44.25	-497.74	-86.7	0	0	-1.00
715	96	27	0	numu	QE	CC	766.5	497.4	0.765	183.51	-157.45	134.88	1	1	0.93
715	96	35	0	numu	RES	CC	2048.7	0.0	1.147	-708.91	59.52	-328.95	0	0	-1.00
715	96	35	1	numu	QE	NC	588.1	21.0	0.978	-98.04	-166.7	-326.39	0	0	-1.00
715	96	39	0	numu	QE	NC	937.1	100.5	0.75	-221.44	62.28	258.39	0	0	-1.00
715	96	39	1	numu	RES	CC	870.9	110.0	0.666	-108.26	-100.58	521.18	0	0	-1.00
715	96	46	0	numu	RES	NC	951.8	13.7	0.173	-185.13	128.01	526.57	0	0	-1.00
717	11	3	0	numu	RES	NC	1408.3	477.2	1.492	-54.52	49.69	311.31	1	1	0.49
717	11	8	0	numu	MEC	NC	869.8	4.5	1.462	28.18	-181.54	527.67	0	0	-1.00
717	11	8	1	numu	DIS	CC	3366.4	0.0	0.889	-76.51	443.14	-628.85	0	0	-1.00
717	11	11	0	numu	QE	CC	675.4	0.0	1.494	-9.29	-170.6	959.76	1	1	695.29
717	11	11	1	numu	RES	NC	1274.8	964.3	0.223	70.04	133.83	338.38	1	1	1.65
717	11	12	0	numu	DIS	CC	4182.6	3.4	0.183	211.7	243.44	349.71	0	0	-1.00
717	11	12	1	numu	RES	CC	2658.3	0.0	0.293	-494.09	-10.42	796.7	0	0	-1.00
717	11	16	0	numu	RES	NC	1052.7	0.6	0.948	257.65	-87.48	515.14	0	0	-1.00
717	11	16	1	numu	QE	NC	780.0	0.5	0.234	-103.73	-425.27	196.85	0	0	-1.00
717	11	23	0	numu	RES	CC	819.5	0.0	0.35	-2.24	547.72	-446.49	1	1	1058.10
717	11	23	1	numu	MEC	CC	687.9	482.3	1.591	-116.94	-54.54	416.26	1	1	1.21
717	11	25	0	numu	RES	CC	547.8	0.0	0.169	529.56	369.38	955.9	1	1	847.93
717	11	25	1	numu	RES	CC	3311.2	0.0	0.165	-260.7	2.44	-832.67	1	1	1312.65
717	11	25	2	numu	MEC	NC	601.0	253.0	0.204	132.53	-144.96	408.7	1	1	2.17
717	11	27	0	numu	QE	CC	410.7	0.0	1.005	185.11	-417.28	-59.36	0	0	-1.00
717	11	27	1	numu	DIS	CC	2568.2	0.0	1.151	290.5	-493.59	402.02	0	0	-1.00
717	11	27	2	numu	QE	CC	782.4	19.8	0.475	55.46	203.56	597.2	0	0	-1.00
717	11	36	0	numu	QE	CC	1745.0	850.8	0.993	-47.5	-118.6	-421.9	0	0	-1.00
717	11	38	0	numu	DIS	NC	1682.3	398.2	0.582	-197.2	-26.15	378.58	0	0	-1.00
717	11	38	1	numu	RES	NC	2615.0	0.0	1.027	592.69	-665.02	495.24	0	0	-1.00
717	11	38	2	numu	QE	CC	163.4	0.0	0.564	-560.97	533.43	364.07	0	0	-1.00
717	11	41	0	numu	MEC	CC	714.1	0.0	0.337	-204.76	-558.18	-223.16	1	1	776.91
717	11	41	1	numu	MEC	NC	886.7	92.8	1.514	-55.84	-183.19	440.69	1	1	1.68
717	11	43	0	numu	RES	NC	923.5	0.0	0.236	-700.38	-82.67	743.12	0	0	-1.00
717	11	43	1	numu	QE	CC	657.8	0.0	0.414	192.76	-79.32	972.25	0	0	-1.00
717	11	43	2	numu	RES	CC	3261.8	2.8	0.952	477.58	-110.49	28.93	0	0	-1.00
717	29	4	0	numu	QE	CC	599.2	0.0	0.915	-4.7	-151.97	633.82	0	0	-1.00
717	29	4	1	numu	MEC	CC	416.7	0.5	0.831	-219.62	-144.05	422.11	0	0	-1.00
717	29	6	0	numu	MEC	NC	556.8	36.9	0.985	341.67	-9.16	494.34	1	1	196.48
717	29	7	0	numu	QE	CC	1287.6	366.1	0.9	214.14	-65.1	165.1	0	0	-1.00
717	29	11	0	numu	DIS	CC	4093.3	3076.8	1.141	53.58	-168.08	19.82	1	1	6.02
717	29	18	0	numu	DIS	NC	1259.1	3.6	1.297	-215.97	-28.62	191.47	0	0	-1.00
717	29	18	1	numu	QE	CC	484.9	0.0	0.103	-685.1	32.19	96.11	0	0	-1.00
717	29	18	2	numu	RES	CC	2822.6	0.0	0.205	-175.88	-156.4	949.24	0	0	-1.00
717	29	20	0	numu	DIS	CC	2307.3	1.2	1.015	-198.01	207.83	-284.54	0	0	-1.00
717	29	24	0	numu	MEC	NC	1162.7	17.6	0.779	-12.09	100.11	614.53	0	0	-1.00
717	29	24	1	numu	RES	CC	877.8	0.0	1.396	39.53	214.39	-290.67	0	0	-1.00
717	29	26	0	numu	QE	CC	1390.0	25.4	1.562	-236.47	163.31	124.29	0	0	-1.00
717	29	26	1	numu	QE	NC	302.1	0.0	0.857	-650.67	106.23	-449.57	0	0	-1.00
717	29	26	2	numu	QE	NC	3549.3	0.0	0.824	600.91	-296.49	195.71	0	0	-1.00
717	29	29	0	numu	QE	NC	337.4	0.0	1.069	-682.45	90.51	-436.2	1	1	885.27
717	29	29	1	numu	RES	CC	925.0	773.7	1.22	-46.27	-75.93	156.01	1	1	0.53
717	29	31	0	numu	QE	CC	340.8	3.9	1.137	-59.67	-30.59	-55.71	0	0	-1.00
717	29	33	0	numu	QE	CC	1252.0	2.6	0.179	116.16	0.21	742.16	0	0	-1.00
717	29	37	0	numu	DIS	CC	1875.4	1568.0	0.99	-84.65	159.02	52.69	1	1	0.58
717	29	39	0	numu	QE	CC	396.4	79.2	0.458	197.33	147.29	-15.27	0	0	-1.00
717	29	40	0	numu	DIS	CC	4285.1	922.5	1.431	-183.85	-248.96	-384.87	0	0	-1.00
717	29	40	1	numu	QE	CC	1514.2	0.0	0.684	-504.67	66.43	30.54	0	0	-1.00
717	29	42	0	numu	RES	NC	715.2	0.5	0.185	219.72	207.28	348.4	0	0	-1.00
717	29	43	0	numu	DIS	CC	2887.8	116.2	0.64	-69.34	-232.29	267.51	0	0	-1.00
717	29	45	0	numu	QE	NC	1096.7	3.4	0.687	-55.04	226.7	128.44	0	0	-1.00
717	29	47	0	numu	RES	CC	508.2	320.7	0.256	170.67	-95.47	141.09	1	1	0.56
717	29	47	1	numu	QE	CC	709.0	0.0	0.691	-86.46	-667.78	151.03	1	1	626.97
717	32	4	0	numu	RES	CC	1255.0	933.6	1.491	113.9	-148.97	237.13	1	1	0.83
717	32	4	1	numu	QE	CC	500.6	0.0	1.03	571.64	-331.14	-440.35	1	1	838.38
717	32	8	0	numu	RES	CC	2116.3	2.4	1.137	491.51	482.84	515.03	1	1	-1.00
717	32	8	1	numu	RES	CC	2277.9	1149.1	1.467	-87.34	-126.56	-285.64	1	1	-1.00
717	32	10	0	numu	QE	CC	456.1	0.0	0.403	586.67	-261.42	104.7	0	0	-1.00
717	32	10	1	numu	MEC	CC	1116.6	6.2	0.638	-88.53	-239.22	343.91	0	0	-1.00
717	32	12	0	numu	QE	CC	696.2	0.0	1.494	604.08	-152.85	442.52	0	0	-1.00
717	32	12	1	numu	RES	CC	1106.7	208.5	0.296	95.47	213.81	213.32	0	0	-1.00
717	32	14	0	numu	RES	CC	1650.0	0.0	1.29	21.57	-497.48	-46.14	1	1	839.11
717	32	14	1	numu	QE	CC	594.9	39.0	0.815	57.36	139.49	524.9	1	1	45.58
717	32	15	0	numu	MEC	CC	824.0	1.0	0.496	-207.99	232.89	3.65	0	0	-1.00
717	32	17	0	numu	RES	CC	1905.7	616.2	0.793	115.95	179.86	370.34	1	1	1.99
717	32	20	0	numu	QE	CC	566.5	212.8	1.329	25.79	-226.98	59.12	1	1	-1.00
717	32	26	0	numu	RES	NC	2681.1	0.0	1.249	-263.9	371.44	-723.3	1	1	996.33
717	32	26	1	numu	QE	NC	458.9	235.3	1.162	-66.18	122.04	216.5	1	1	4.88
717	32	31	0	numu	QE	CC	666.2	0.0	0.429	133.26	97.61	-294.36	0	0	-1.00
717	32	31	1	numu	QE	CC	1012.3	511.1	0.124	-219.67	21.21	185.36	0	0	-1.00
717	32	31	2	numu	QE	CC	349.1	0.0	0.106	461.27	77.03	-319.99	0	0	-1.00
717	32	38	0	numu	RES	NC	855.2	0.0	1.097	580.95	533.71	465.32	0	0	-1.00
717	32	38	1	numu	QE	NC	844.5	0.0	0.508	-129.61	-697.59	940.65	0	0	-1.00
717	32	38	2	numu	RES	CC	3017.4	336.2	0.145	227.88	22.46	-884.88	0	0	-1.00
717	32	40	0	numu	QE	CC	401.6	0.0	0.273	643.27	-470.8	727.05	1	1	981.42
717	32	40	1	numu	QE	CC	1009.7	853.9	0.489	-165.12	-104.46	308.11	1	1	0.07
717	32	40	2	numu	DIS	NC	1845.2	0.0	1.331	-101.22	107.96	-449.4	1	1	789.38
717	32	42	0	numu	DIS	CC	1842.5	0.0	1.473	-696.14	142.84	258.87	0	0	-1.00
717	32	42	1	numu	QE	NC	652.9	0.0	0.685	-687.19	-205.9	-501.13	0	0	-1.00
717	32	42	2	numu	QE	CC	633.9	7.7	1.083	130.57	-37.22	-15.02	0	0	-1.00
717	32	45	0	numu	RES	CC	1123.9	106.8	1.283	-223.16	-16.28	319.61	0	0	-1.00
717	32	45	1	numu	QE	CC	1143.4	0.0	0.824	293.47	-171.16	-417.28	0	0	-1.00
717	32	50	0	numu	QE	NC	265.7	0.0	1.481	105.64	149.57	41.26	0	0	-1.00
717	45	5	0	numu	QE	CC	687.9	0.0	1.506	-194.74	-99.82	773.74	1	1	559.77
717	45	5	1	numu	QE	CC	873.4	746.3	1.49	-165.09	75.43	294.07	1	1	104.54
717	45	5	2	numu	QE	CC	654.8	0.0	1.585	-647.49	-280.59	909.02	1	1	881.73
717	45	6	0	numu	RES	NC	1234.9	421.0	0.375	-156.45	71.38	415.93	1	1	4.55
717	45	9	0	numu	RES	NC	2623.2	18.4	1.237	-281.49	-295.35	723.2	1	1	607.28
717	45	9	1	numu	RES	CC	3417.6	933.6	1.263	-180.98	407.23	-318.2	1	1	753.75
717	45	15	0	numu	QE	CC	535.5	414.5	0.297	148.94	-83.81	331.8	1	1	2.42
717	45	18	0	numu	QE	CC	719.9	229.3	0.476	129.43	99.22	-7.3	1	1	16.71
717	45	26	0	numu	COH	CC	968.0	660.6	1.55	-114.43	53.72	341.23	1	1	0.52
717	45	26	1	numu	RES	CC	3724.6	0.0	1.406	261.62	177.43	-1110.51	1	1	1504.98
717	45	29	0	numu	RES	NC	1273.9	460.3	1.401	30.55	115.03	495.22	1	1	57.56
717	45	30	0	numu	RES	NC	400.8	5.6	1.223	-666.1	-115.03	222.24	0	0	-1.00
717	45	32	0	numu	QE	CC	703.0	338.4	0.329	-16.32	-75.73	111.72	1	1	77.80
717	45	33	0	numu	QE	CC	709.1	369.4	1.389	206.87	-75.22	56.42	1	1	390.23
717	45	33	1	numu	RES	CC	1289.6	867.9	1.578	-161.5	55.95	63.46	1	1	1.17
717	45	35	0	numu	RES	CC	2952.6	2.6	0.318	-479.76	-283.56	-188.27	0	0	-1.00
717	45	37	0	numu	MEC	NC	684.5	10.4	0.59	-167.77	-244.61	512.65	0	0	-1.00
717	45	37	1	numu	DIS	CC	2755.4	0.0	0.383	308.37	285.04	1130.08	0	0	-1.00
717	45	45	0	numu	QE	CC	461.6	0.0	1.348	572.39	2.33	7.23	0	0	-1.00
717	45	45	1	numu	RES	CC	1326.7	0.0	1.382	-322.38	-61.46	-139.19	0	0	-1.00
717	45	45	2	numu	QE	CC	1276.8	620.0	0.258	-240.66	-71.74	234.9	0	0	-1.00
717	45	46	0	numu	QE	NC	490.0	0.0	0.226	-638.69	87.73	387.33	0	0	-1.00
717	45	46	1	numu	MEC	CC	2533.3	911.6	0.298	-117.47	43.35	-169.15	0	0	-1.00
717	45	46	2	numu	DIS	NC	4365.1	69.8	0.505	-229.41	-109.44	233.75	0	0	-1.00
717	45	47	0	numu	DIS	NC	4186.9	24.9	0.185	251.93	54.63	414.66	0	0	-1.00
717	45	47	1	numu	RES	CC	644.1	3.3	1.556	169.14	-103.7	563.82	0	0	-1.00
717	45	48	0	numu	QE	NC	595.4	25.6	0.953	186.86	-6.71	121.98	1	1	-1.00
717	50	1	0	numu	DIS	NC	1715.3	520.9	1.102	-31.21	-2.49	105.97	0	0	-1.00
717	50	1	1	numu	QE	CC	1144.3	177.6	1.512	-218.56	30.76	383.97	0	0	-1.00
717	50	2	0	numu	QE	NC	861.3	0.0	0.324	-306.31	244.38	500.92	0	0	-1.00
717	50	2	1	numu	QE	CC	1126.2	11.7	0.737	-62.88	-227.71	388.89	0	0	-1.00
717	50	8	0	numu	QE	CC	507.2	0.0	0.905	250.92	-463.9	-197.17	0	0	-1.00
717	50	8	1	numu	QE	CC	1450.4	91.9	1.036	82.86	-152.32	-282.57	0	0	-1.00
717	50	12	0	numu	RES	CC	1058.9	639.0	0.301	-146.86	-10.46	356.32	1	1	154.55
717	50	12	1	numu	DIS	CC	3114.7	1486.8	0.579	-25.6	-36.73	258.86	1	1	6.59
717	50	15	0	numu	QE	NC	357.7	0.0	0.627	-520.93	582.25	505.95	0	0	-1.00
717	50	15	1	numu	RES	NC	1908.3	98.9	0.605	-221.48	-137.89	402.46	0	0	-1.00
717	50	15	2	numu	QE	NC	304.6	0.0	0.793	539.84	-418.81	-173.68	0	0	-1.00
717	50	17	0	numu	QE	CC	578.3	502.6	0.292	-17.14	-57.43	173.52	1	2	0.37
717	50	17	1	numu	QE	CC	1367.2	310.9	1.247	-154.04	175.79	389.04	1	2	0.32
717	50	20	0	numu	RES	CC	2479.5	0.0	1.508	481.09	185.59	292.24	0	0	-1.00
717	50	20	1	numu	QE	NC	1165.3	28.7	1.41	-39.98	-44.4	206.5	0	0	-1.00
717	50	24	0	numu	RES	CC	831.9	615.4	1.353	-128.93	104.19	189.67	1	1	0.41
717	50	26	0	numu	QE	CC	1111.3	0.0	0.839	-125.93	-56.29	642.08	0	0	-1.00
717	50	26	1	numu	QE	NC	1087.4	65.2	1.101	-65.88	-90.98	-52.38	0	0	-1.00
717	50	40	0	numu	RES	CC	1035.0	708.2	0.937	89.41	147.23	142.65	1	1	1.56
717	50	40	1	numu	MEC	CC	961.8	0.0	1.02	633.99	45.68	352.82	1	1	592.46
717	50	40	2	numu	RES	CC	2783.8	0.0	0.85	-544.94	97.26	-767.75	1	1	1111.16
717	50	43	0	numu	QE	NC	628.1	11.0	1.54	-129.13	139.38	74.62	0	0	-1.00
717	50	47	0	numu	QE	CC	370.2	0.0	0.352	411.12	-58.7	-303.25	0	0	-1.00
717	50	47	1	numu	QE	NC	405.3	13.8	0.967	-376.43	314.0	-84.11	0	0	-1.00
717	50	47	2	numu	MEC	CC	1306.3	0.2	0.629	-146.22	120.81	609.46	0	0	-1.00
717	50	49	0	numu	QE	NC	665.4	41.8	0.819	-204.49	67.86	9.1	1	1	-1.00
717	50	50	0	numu	MEC	CC	747.2	629.3	0.692	-110.98	136.85	161.73	1	1	0.72
717	50	50	1	numu	QE	CC	505.4	10.8	0.135	-508.26	198.2	530.24	1	1	545.74
717	83	1	0	numu	RES	NC	1156.0	84.3	0.949	179.08	69.43	474.9	1	1	5.53
717	83	1	1	numu	QE	CC	515.7	0.0	1.14	-270.07	188.41	605.49	1	1	480.43
717	83	4	0	numu	QE	CC	424.4	0.0	0.247	-656.47	258.28	-124.23	0	0	-1.00
717	83	4	1	numu	QE	CC	726.9	12.8	0.267	-82.28	-260.48	4.48	0	0	-1.00
717	83	4	2	numu	RES	NC	653.6	0.0	1.41	313.25	-386.81	-387.01	0	0	-1.00
717	83	7	0	numu	RES	NC	1232.1	219.1	1.097	-159.51	-25.97	425.51	1	1	0.29
717	83	9	0	numu	QE	NC	268.7	0.0	1.132	-169.78	-120.11	999.27	0	0	-1.00
717	83	9	1	numu	RES	CC	2559.2	0.2	0.221	249.21	266.05	-284.81	0	0	-1.00
717	83	13	0	numu	QE	CC	371.2	0.0	0.303	-473.76	-470.97	442.97	0	0	-1.00
717	83	13	1	numu	QE	CC	460.3	0.0	0.217	-402.25	-191.51	76.28	0	0	-1.00
717	83	13	2	numu	RES	CC	1161.4	0.4	0.475	-202.34	-216.09	532.36	0	0	-1.00
717	83	14	0	numu	QE	CC	615.8	415.0	1.403	-158.93	4.8	-12.29	0	0	-1.00
717	83	16	0	numu	QE	NC	265.5	15.0	0.549	56.18	-14.69	429.81	0	0	-1.00
717	83	17	0	numu	QE	NC	565.2	0.0	0.669	6.57	-160.04	-493.33	1	1	574.74
717	83	17	1	numu	DIS	CC	2979.5	0.0	0.132	302.1	-92.68	1005.33	1	1	1029.79
717	83	17	2	numu	QE	CC	446.4	0.0	0.119	598.03	-424.47	70.53	1	1	786.17
717	83	17	3	numu	DIS	NC	2126.5	259.3	1.121	-30.09	66.04	34.72	1	1	16.63
717	83	20	0	numu	QE	CC	477.3	0.0	0.136	707.56	-141.99	580.46	1	1	996.57
717	83	20	1	numu	RES	CC	538.4	395.1	0.499	-145.98	52.56	103.68	1	1	0.32
717	83	21	0	numu	QE	NC	636.2	0.0	1.142	-107.22	-66.06	-490.88	0	0	-1.00
717	83	21	1	numu	MEC	CC	862.3	0.3	0.57	-76.88	1.53	529.2	0	0	-1.00
717	83	21	2	numu	MEC	CC	636.7	0.0	0.98	-101.18	374.7	-283.53	0	0	-1.00
717	83	23	0	numu	RES	CC	975.7	144.7	0.522	56.15	-195.72	-275.25	0	0	-1.00
717	83	23	1	numu	QE	NC	485.6	0.0	1.198	430.49	-126.31	-466.25	0	0	-1.00
717	83	23	2	numu	MEC	CC	649.2	0.4	1.28	-334.77	-390.01	-281.14	0	0	-1.00
717	83	24	0	numu	DIS	NC	2828.3	732.0	0.329	-109.81	-105.21	92.81	1	1	2.82
717	83	24	1	numu	QE	CC	508.9	0.0	0.835	-557.11	-192.22	-36.26	1	1	474.62
717	83	27	0	numu	RES	CC	4305.8	0.0	0.987	570.48	-54.32	-55.03	1	2	560.10
717	83	27	1	numu	QE	CC	562.7	470.1	0.184	159.44	25.54	316.63	1	2	0.29
717	83	27	2	numu	QE	NC	1109.0	209.3	0.639	-156.23	-46.05	327.35	1	2	2.74
717	83	32	0	numu	MEC	CC	880.7	412.7	1.157	21.22	-84.52	-5.86	1	1	12.07
717	83	36	0	numu	QE	NC	297.5	0.0	1.369	-658.58	-311.34	-503.27	1	1	735.44
717	83	36	1	numu	QE	CC	365.9	0.0	0.937	-355.02	-433.04	-425.89	1	1	556.26
717	83	36	2	numu	DIS	CC	1524.5	723.3	0.117	-160.06	-154.96	12.9	1	1	1.52
717	83	37	0	numu	RES	CC	2504.0	407.1	0.467	-362.55	132.47	-283.61	1	1	587.60
717	83	38	0	numu	RES	CC	736.0	563.6	1.28	11.32	129.19	191.09	1	1	1.84
717	83	38	1	numu	RES	CC	684.9	0.0	1.243	76.27	-323.95	-330.19	1	1	692.70
717	83	38	2	numu	DIS	CC	2393.4	0.0	0.894	637.94	-385.76	542.98	1	1	883.10
717	83	38	3	numu	QE	CC	712.6	4.4	0.107	-393.99	-432.69	310.19	1	1	701.38
717	83	40	0	numu	MEC	CC	571.3	0.0	0.514	188.08	-665.08	36.01	1	1	665.38
717	83	40	1	numu	QE	CC	1291.0	873.4	1.069	162.1	-25.3	216.71	1	1	0.39
717	83	45	0	numu	QE	NC	246.9	86.8	0.37	-54.75	83.51	169.04	1	1	140.66
717	83	49	0	numu	DIS	CC	2310.4	0.0	1.335	351.49	-583.84	-395.41	1	1	1178.07
717	83	49	1	numu	QE	CC	1227.9	226.3	1.571	-192.46	48.87	436.24	1	1	0.31
717	83	49	2	numu	RES	CC	3966.2	0.0	1.544	-449.45	157.62	-380.5	1	1	862.85
717	83	49	3	numu	QE	CC	610.2	0.0	0.641	521.62	249.17	362.98	1	1	745.48
717	88	15	0	numu	MEC	CC	693.4	448.6	1.449	11.95	-106.28	191.65	1	1	1.14
717	88	15	1	numu	RES	CC	811.2	1.3	1.327	-71.39	186.61	537.11	1	1	459.64
717	88	19	0	numu	RES	CC	1407.6	203.9	0.889	-193.83	-123.77	-33.6	0	0	-1.00
717	88	19	1	numu	QE	CC	269.0	0.0	1.326	-631.9	-535.45	1008.49	0	0	-1.00
717	88	21	0	numu	QE	CC	573.4	0.0	0.259	284.9	-407.54	-327.15	1	1	692.79
717	88	21	1	numu	RES	CC	1965.7	993.4	1.146	204.46	-22.59	179.12	1	1	72.12
717	88	21	2	numu	QE	NC	503.7	0.0	0.238	-468.22	139.96	-313.48	1	1	888.72
717	88	28	0	numu	QE	CC	634.2	500.3	0.228	98.31	146.29	454.83	1	1	56.68
717	88	28	1	numu	MEC	CC	666.4	0.0	1.345	26.72	-410.86	-76.79	1	1	772.49
717	88	29	0	numu	DIS	CC	3791.0	15.9	1.349	-403.36	165.55	560.05	0	0	-1.00
717	88	29	1	numu	QE	CC	397.2	0.0	0.75	263.93	-130.69	-329.4	0	0	-1.00
717	88	33	0	numu	QE	NC	885.5	124.7	0.976	145.49	-18.5	198.27	1	1	10.80
717	88	33	1	numu	QE	NC	669.1	0.0	1.023	-165.71	225.56	965.48	1	1	856.99
717	88	33	2	numu	RES	CC	2622.7	0.0	0.735	185.14	-177.96	-719.54	1	1	938.69
717	88	33	3	numu	RES	CC	2265.3	0.0	0.591	-237.44	-656.19	588.12	1	1	829.38
717	88	38	0	numu	QE	CC	544.1	426.2	0.537	-69.97	-75.64	43.16	1	1	1.22
717	88	45	0	numu	RES	NC	1398.9	23.9	0.648	-124.98	25.42	589.48	0	0	-1.00
717	88	46	0	numu	QE	CC	1554.8	636.6	0.862	-100.95	-131.54	-384.32	0	0	-1.00
717	88	47	0	numu	DIS	CC	3595.9	5.2	0.973	-492.34	547.9	98.54	1	1	728.29
717	88	47	1	numu	QE	NC	440.8	0.0	1.135	286.32	-159.65	971.58	1	1	676.79
717	88	47	2	numu	QE	CC	1333.4	407.7	0.681	9.79	138.84	430.99	1	1	1.31
717	99	11	0	numu	QE	CC	680.3	5.9	0.665	44.87	210.16	-24.61	0	0	-1.00
717	99	12	0	numu	QE	CC	468.7	0.0	1.314	-175.47	-239.66	67.62	0	0	-1.00
717	99	12	1	numu	RES	CC	1039.6	101.7	0.78	-494.21	-157.18	-12.3	0	0	-1.00
717	99	14	0	numu	QE	CC	991.8	297.6	1.297	-205.85	-7.62	-369.19	0	0	-1.00
717	99	15	0	numu	QE	CC	757.6	97.4	0.113	194.92	70.34	487.07	0	0	-1.00
717	99	16	0	numu	DIS	CC	1263.2	56.7	0.947	-212.39	114.01	445.37	0	0	-1.00
717	99	16	1	numu	QE	NC	400.0	0.0	0.371	-591.07	-300.6	226.57	0	0	-1.00
717	99	24	0	numu	DIS	CC	4397.2	0.0	1.102	630.14	-582.58	1666.65	1	1	1513.62
717	99	24	1	numu	QE	CC	1257.7	594.2	1.4	-24.5	-58.43	407.42	1	1	0.86
717	99	27	0	numu	QE	CC	1436.8	0.0	0.96	-217.83	-607.26	-231.7	1	1	867.74
717	99	27	1	numu	QE	NC	747.6	497.3	0.843	160.14	57.51	166.37	1	1	6.47
717	99	31	0	numu	RES	CC	605.3	256.6	1.315	-94.02	208.36	186.07	1	1	26.68
717	99	31	1	numu	QE	NC	1424.0	0.0	0.07	-154.19	123.95	-295.52	1	1	509.29
717	99	31	2	numu	QE	CC	479.0	0.0	1.494	515.32	-162.09	968.61	1	1	1032.77
717	99	43	0	numu	MEC	CC	775.8	0.9	0.636	-158.38	97.01	-306.79	0	0	-1.00
717	99	43	1	numu	QE	CC	434.7	0.0	0.36	637.07	359.2	-52.26	0	0	-1.00
717	99	47	0	numu	RES	CC	1255.6	495.5	0.169	-122.12	43.52	454.81	1	1	0.41
717	99	47	1	numu	RES	NC	1061.9	551.1	1.421	-57.3	-27.63	457.91	1	1	96.23
719	0	4	0	numu	QE	NC	698.3	0.4	1.309	221.96	137.33	470.2	0	0	-1.00
719	0	8	0	numu	QE	CC	466.6	217.8	0.939	243.43	-46.51	271.5	0	0	-1.00
719	0	8	1	numu	QE	NC	834.3	0.0	0.509	525.93	517.35	362.08	0	0	-1.00
719	0	9	0	numu	QE	CC	880.7	286.5	0.705	131.76	196.64	62.7	1	1	0.75
719	0	9	1	numu	QE	CC	250.0	0.0	0.405	-376.54	85.38	120.77	1	1	523.73
719	0	17	0	numu	MEC	CC	974.6	685.5	0.753	36.42	125.14	342.99	1	1	1.40
719	0	26	0	numu	DIS	CC	473.4	11.6	0.144	190.61	-208.01	-369.99	0	0	-1.00
719	0	26	1	numu	QE	CC	912.1	0.0	0.118	-216.33	-24.05	59.54	0	0	-1.00
719	0	35	0	numu	QE	CC	2582.2	1162.3	0.313	-220.03	-42.06	-399.97	0	0	-1.00
719	0	35	1	numu	QE	CC	869.9	0.0	1.167	-76.75	233.49	293.49	0	0	-1.00
719	0	39	0	numu	DIS	CC	5652.2	469.7	0.697	-68.63	-70.46	-797.49	0	0	-1.00
719	0	39	1	numu	QE	CC	228.0	0.0	0.493	473.67	-224.47	519.56	0	0	-1.00
719	0	41	0	numu	RES	NC	591.9	452.1	1.219	156.76	41.89	143.97	1	1	3.63
719	0	41	1	numu	MEC	CC	1214.6	0.4	0.228	341.75	100.98	-111.63	1	1	320.65
719	0	43	0	numu	QE	NC	665.7	234.8	0.819	-187.82	-32.38	59.1	0	0	-1.00
719	0	46	0	numu	QE	CC	178.4	76.6	0.859	-114.23	191.56	84.54	0	0	-1.00
719	0	48	0	numu	RES	CC	825.9	638.5	1.484	162.3	161.55	122.48	1	1	14.17
719	1	1	0	numu	MEC	CC	873.6	51.2	1.179	-252.25	-137.94	117.33	0	0	-1.00
719	1	2	0	numu	RES	CC	1123.1	843.4	0.358	-160.03	-11.84	415.84	1	2	0.20
719	1	2	1	numu	QE	CC	744.5	627.8	1.49	-54.43	-148.73	262.15	1	2	1.46
719	1	17	0	numu	MEC	CC	1825.3	1096.0	0.295	-69.58	138.81	212.06	1	1	-1.00
719	1	17	1	numu	DIS	CC	3325.1	0.0	1.6	197.14	7.01	1282.63	1	1	-1.00
719	1	19	0	numu	QE	NC	297.3	0.0	1.539	640.68	197.37	647.36	1	1	908.22
719	1	19	1	nue	QE	CC	983.6	651.3	0.488	-181.85	-69.89	370.59	1	1	0.29
719	1	19	2	numu	RES	CC	618.1	0.0	1.428	43.4	353.42	-432.98	1	1	935.85
719	1	21	0	numu	RES	CC	1268.8	0.0	1.49	-188.22	179.81	-315.43	0	0	-1.00
719	1	21	1	numu	DIS	NC	2388.7	0.4	1.47	185.02	379.56	-295.03	0	0	-1.00
719	1	23	0	numu	QE	NC	554.1	0.0	0.928	4.64	-597.17	-101.12	0	0	-1.00
719	1	23	1	numu	RES	CC	787.3	0.5	1.573	76.94	-257.67	-9.43	0	0	-1.00
719	1	24	0	numu	QE	CC	375.1	167.9	1.485	-175.24	46.13	134.97	1	1	0.33
719	1	30	0	numu	QE	CC	410.7	0.0	0.397	-489.35	83.21	905.1	0	0	-1.00
719	1	30	1	numu	QE	CC	599.0	3.5	1.39	-184.85	-224.52	134.92	0	0	-1.00
719	1	32	0	numu	QE	CC	370.6	128.8	0.061	75.6	-204.38	-5.48	0	0	-1.00
719	1	32	1	numu	MEC	CC	826.8	0.0	1.538	-99.32	-112.37	-458.22	0	0	-1.00
719	1	32	2	numu	QE	NC	1449.8	2.4	0.353	261.38	406.46	-353.31	0	0	-1.00
719	1	34	0	numu	DIS	CC	3438.2	1877.7	0.933	77.09	99.06	143.16	1	1	171.53
719	1	37	0	numu	QE	CC	800.0	384.6	1.061	110.51	352.42	-70.64	0	0	-1.00
719	1	41	0	numu	QE	NC	413.2	0.0	1.004	-524.92	455.26	-77.07	0	0	-1.00
719	1	41	1	numu	QE	CC	524.2	0.0	1.291	-627.21	-513.51	505.1	0	0	-1.00
719	1	41	2	numu	QE	CC	743.4	84.1	1.129	229.18	-184.69	286.07	0	0	-1.00
719	1	43	0	numu	QE	CC	335.0	0.0	0.602	-294.62	421.87	-289.61	0	0	-1.00
719	1	43	1	numu	RES	CC	3379.6	6.1	0.845	-215.08	-433.61	-262.12	0	0	-1.00
719	1	44	0	numu	QE	CC	3068.4	990.4	1.045	196.56	155.57	22.71	0	0	-1.00
719	1	44	1	numu	RES	CC	533.4	0.0	0.276	-148.45	-196.77	776.42	0	0	-1.00
719	1	44	2	numu	QE	CC	487.2	0.0	0.111	598.82	-515.73	407.8	0	0	-1.00
719	1	45	0	numu	QE	CC	655.9	344.9	0.354	141.61	-151.08	274.84	1	1	0.26
719	1	46	0	numu	MEC	CC	1513.0	856.5	1.06	120.68	-122.62	424.88	1	1	0.57
719	1	49	0	numu	DIS	NC	708.9	313.8	0.313	-81.04	94.2	251.85	0	0	-1.00
719	1	49	1	numu	RES	CC	1193.2	358.0	0.294	-92.38	-222.36	176.8	0	0	-1.00
719	4	6	0	numu	QE	CC	496.5	0.0	1.163	-5.18	215.21	-355.08	1	1	689.86
719	4	6	1	numu	MEC	CC	1492.8	771.2	0.107	-54.79	66.99	316.67	1	1	1.33
719	4	6	2	numu	MEC	CC	404.1	0.0	0.067	-264.55	-660.03	-371.28	1	1	1021.80
719	4	7	0	numu	QE	NC	1060.8	1.9	1.569	41.56	213.93	356.98	0	0	-1.00
719	4	7	1	numu	RES	CC	1082.9	0.0	0.504	-499.23	221.5	273.75	0	0	-1.00
719	4	11	0	numu	MEC	CC	800.4	0.0	1.027	-516.1	-168.38	617.92	0	0	-1.00
719	4	11	1	numu	RES	CC	1128.0	11.6	0.648	-31.99	-152.79	561.79	0	0	-1.00
719	4	14	0	numu	QE	CC	603.8	468.4	1.217	-142.85	-72.64	17.3	1	1	108.94
719	4	15	0	numu	QE	CC	818.9	627.0	1.334	-127.9	-155.81	198.37	1	1	39.89
719	4	32	0	numu	QE	CC	691.4	147.1	0.65	-97.22	-268.07	170.83	0	0	-1.00
719	4	32	1	numu	MEC	CC	643.3	0.0	0.308	592.43	-262.87	26.94	0	0	-1.00
719	4	35	0	numu	QE	CC	813.5	0.0	0.91	-703.41	-328.82	-51.66	1	1	738.39
719	4	35	1	numu	QE	NC	803.5	55.5	0.28	-51.85	-21.68	343.24	1	1	94.50
719	4	35	2	numu	QE	CC	353.4	244.7	0.316	-97.32	-55.53	265.17	1	1	3.13
719	4	40	0	numu	QE	CC	880.8	593.1	0.408	-164.54	-122.36	161.21	1	1	0.28
719	4	45	0	numu	QE	CC	509.5	2.4	0.402	246.85	-135.52	10.9	0	0	-1.00
719	5	1	0	numu	QE	CC	425.8	0.0	0.443	90.09	-43.62	-422.51	0	0	-1.00
719	5	1	1	numu	QE	NC	143.5	0.0	0.907	663.95	-143.85	994.95	0	0	-1.00
719	5	1	2	numu	QE	NC	671.4	22.8	1.511	178.06	-213.55	348.45	0	0	-1.00
719	5	3	0	numu	RES	CC	1472.6	402.5	0.832	-185.25	6.3	426.38	1	1	0.29
719	5	15	0	numu	RES	CC	1105.8	941.9	0.206	-23.85	36.2	406.93	1	1	1.57
719	5	16	0	numu	QE	CC	995.6	0.0	0.13	-482.6	-568.72	368.33	0	0	-1.00
719	5	16	1	numu	DIS	CC	1823.0	377.5	1.284	16.86	226.04	328.84	0	0	-1.00
719	5	18	0	numu	QE	CC	413.1	310.5	0.071	-94.82	71.54	285.3	1	1	1.85
719	5	18	1	numu	DIS	CC	4648.5	0.0	1.011	35.04	275.78	710.95	1	1	488.37
719	5	29	0	numu	RES	CC	986.3	13.2	1.363	-220.25	-96.51	404.03	0	0	-1.00
719	5	31	0	numu	QE	CC	429.6	0.0	1.452	-529.39	-260.69	-324.94	1	1	710.10
719	5	31	1	numu	QE	CC	787.3	418.0	0.18	-197.29	100.8	188.39	1	1	0.31
719	5	32	0	numu	RES	CC	2524.5	0.0	0.596	617.23	416.94	844.13	1	1	930.04
719	5	32	1	numu	QE	NC	1007.5	46.7	1.584	7.92	-40.25	303.48	1	1	29.94
719	5	34	0	numu	QE	CC	1071.6	211.5	0.892	28.71	-140.88	-29.93	0	0	-1.00
719	5	36	0	numu	QE	CC	1932.7	501.7	1.437	-67.9	-86.9	403.35	1	1	0.73
719	5	36	1	numu	QE	NC	692.7	0.0	1.109	-270.18	172.47	-401.03	1	1	868.55
719	5	38	0	numu	QE	CC	447.2	328.9	1.256	70.55	-9.26	44.88	1	1	1.44
719	8	7	0	numu	RES	CC	4649.3	686.5	0.339	-71.94	214.12	382.66	1	1	109.90
719	8	7	1	numu	QE	NC	970.9	2.4	0.63	-66.24	195.84	545.14	1	1	109.28
719	8	17	0	numu	QE	CC	490.8	0.8	1.59	-32.38	241.58	464.67	0	0	-1.00
719	8	18	0	numu	QE	CC	550.7	0.2	1.522	-479.4	-92.47	130.07	0	0	-1.00
719	8	32	0	numu	QE	CC	871.9	461.5	1.548	17.94	143.71	350.5	1	1	387.74
719	8	32	1	numu	RES	NC	2616.3	0.0	0.185	320.18	-452.12	979.7	1	1	966.29
719	8	32	2	numu	QE	CC	1780.4	1009.1	0.801	51.92	-153.05	100.88	1	1	1.62
719	8	33	0	numu	QE	CC	923.3	808.1	0.119	-4.98	74.72	-0.21	1	1	3.77
719	8	34	0	numu	QE	CC	349.7	136.2	1.552	160.92	-205.54	479.74	0	0	-1.00
719	8	43	0	numu	MEC	CC	1152.5	2.7	0.739	-116.73	209.31	-162.56	0	0	-1.00
719	8	43	1	numu	QE	NC	583.4	0.0	0.482	-523.02	-137.82	149.31	0	0	-1.00
719	8	43	2	numu	RES	NC	625.4	0.0	0.578	-600.57	-226.29	-413.59	0	0	-1.00
719	8	43	3	numu	RES	NC	686.6	2.3	1.379	-488.5	117.1	356.19	0	0	-1.00
719	8	46	0	numu	QE	CC	411.8	0.0	1.464	110.62	165.41	-477.71	1	1	737.87
719	8	46	1	numu	RES	CC	1520.6	885.2	0.5	-140.65	-180.06	124.41	1	1	0.85
719	8	47	0	numu	RES	CC	1191.2	102.0	0.414	101.17	-209.83	458.07	1	1	40.88
719	8	47	1	numu	RES	CC	910.0	0.0	0.396	-223.57	27.4	964.94	1	1	630.75
719	14	3	0	numu	DIS	CC	1359.2	100.0	1.12	-256.14	113.75	7.9	0	0	-1.00
719	14	7	0	numu	QE	CC	620.5	0.0	1.402	-477.36	-494.5	526.7	0	0	-1.00
719	14	7	1	numu	DIS	CC	1301.3	37.4	1.386	-230.37	-38.06	-49.7	0	0	-1.00
719	14	8	0	numu	QE	CC	529.6	287.7	0.061	164.5	-136.15	33.79	0	0	-1.00
719	14	17	0	numu	QE	CC	923.0	353.8	0.415	-116.17	-110.18	413.94	1	1	0.43
719	14	32	0	numu	QE	CC	952.9	0.0	0.447	-159.28	-468.89	820.04	0	0	-1.00
719	14	32	1	numu	QE	NC	888.7	9.7	1.54	66.54	-250.85	124.01	0	0	-1.00
719	14	37	0	numu	MEC	CC	665.7	124.6	0.639	-363.5	119.43	-279.69	0	0	-1.00
719	14	40	0	numu	MEC	CC	425.2	1.5	0.585	-22.69	242.39	399.64	0	0	-1.00
719	14	40	1	numu	QE	CC	372.8	0.0	0.435	-256.18	117.28	1002.86	0	0	-1.00
719	14	40	2	numu	MEC	CC	792.2	0.0	1.472	4.99	-258.48	-303.57	0	0	-1.00
719	14	42	0	numu	QE	NC	1189.6	75.1	0.596	57.41	-5.94	132.67	1	1	-1.00
719	14	42	1	numu	QE	CC	323.5	0.0	1.469	-646.52	-303.49	-356.21	1	1	-1.00
719	14	42	2	numu	RES	CC	2075.9	0.0	1.355	-511.96	-56.35	751.08	1	1	-1.00
719	14	45	0	numu	RES	CC	1453.9	908.2	0.715	131.9	-34.63	385.08	1	1	0.40
719	14	45	1	numu	QE	NC	145.2	0.0	1.127	61.32	111.17	-372.21	1	1	774.26
719	14	48	0	numu	MEC	CC	957.9	0.5	0.667	-28.74	90.91	631.76	0	0	-1.00
719	14	48	1	numu	QE	CC	1107.1	0.0	0.387	-527.03	-433.3	235.9	0	0	-1.00
719	19	1	0	numu	QE	NC	1337.7	26.5	0.322	9.38	-2.7	493.68	0	0	-1.00
719	19	8	0	numu	DIS	CC	5741.5	4325.5	0.214	151.48	-13.11	128.66	1	1	8.43
719	19	10	0	numu	RES	NC	1086.2	80.4	0.157	-49.56	241.17	77.6	0	0	-1.00
719	19	21	0	numu	MEC	CC	1115.1	3.7	1.386	-69.27	-61.43	543.19	0	0	-1.00
719	19	25	0	numu	QE	CC	247.2	132.4	0.905	-33.74	-105.15	309.27	0	0	-1.00
719	19	25	1	numu	QE	CC	993.4	0.0	0.953	355.03	-92.54	-465.15	0	0	-1.00
719	19	28	0	numu	QE	CC	346.4	0.0	1.539	657.86	-139.14	645.46	0	0	-1.00
719	19	28	1	numu	RES	NC	1639.8	5.9	1.519	-8.63	-92.18	566.55	0	0	-1.00
719	19	30	0	numu	QE	CC	440.3	0.0	0.458	400.04	-476.79	-54.24	1	1	703.01
719	19	30	1	numu	QE	CC	739.0	599.0	0.119	-185.88	-128.14	116.36	1	1	0.34
719	19	35	0	numu	RES	CC	943.3	0.0	1.495	360.14	-207.33	997.82	0	0	-1.00
719	19	35	1	numu	QE	NC	1194.1	11.0	0.862	-236.69	10.63	225.61	0	0	-1.00
719	19	38	0	numu	QE	CC	561.3	6.6	0.809	-493.0	24.14	283.85	0	0	-1.00
719	19	41	0	numu	RES	CC	882.8	740.4	0.908	74.2	161.62	487.7	1	1	1.35
719	19	41	1	numu	QE	CC	299.4	0.0	0.687	-703.01	-127.71	91.03	1	1	918.64
719	19	41	2	numu	QE	CC	974.3	0.0	0.409	213.1	629.9	-313.53	1	1	937.41
719	19	41	3	numu	QE	NC	1251.2	0.0	0.597	543.06	562.79	-372.82	1	1	1057.95
719	19	42	0	numu	QE	CC	488.5	438.7	0.283	-122.58	-9.01	369.56	0	0	-1.00
719	19	44	0	numu	QE	CC	708.4	346.2	1.402	177.22	-39.65	-46.19	1	1	185.04
719	19	46	0	numu	DIS	CC	1681.4	548.7	0.568	-56.23	-108.9	-36.53	0	0	-1.00
719	19	50	0	numu	QE	NC	377.4	0.0	0.756	-709.38	441.92	-110.56	1	1	926.11
719	19	50	1	numu	RES	NC	582.1	165.2	0.618	194.69	-86.05	299.73	1	1	272.59
719	19	50	2	numu	RES	CC	1267.9	1068.6	1.218	108.56	51.83	80.31	1	1	0.63
719	29	1	0	numu	QE	CC	980.3	662.7	1.07	-177.68	-132.72	161.97	1	2	0.69
719	29	1	1	numu	QE	CC	1018.6	350.1	0.481	183.01	81.03	152.34	1	2	0.09
719	29	4	0	numu	RES	CC	787.6	0.0	0.238	-485.62	-52.69	721.9	0	0	-1.00
719	29	4	1	numu	RES	CC	2221.2	0.0	0.676	-527.44	281.72	-223.3	0	0	-1.00
719	29	4	2	numu	QE	NC	589.5	10.7	1.104	-23.47	139.31	52.2	0	0	-1.00
719	29	12	0	numu	QE	CC	1124.0	173.5	1.138	200.04	158.89	501.55	0	0	-1.00
719	29	12	1	numu	DIS	NC	4037.0	17.2	0.794	-204.26	117.74	478.81	0	0	-1.00
719	29	13	0	numu	MEC	CC	1350.0	1.2	1.234	-111.87	-144.87	571.8	0	0	-1.00
719	29	19	0	numu	RES	CC	844.9	637.1	0.997	-46.97	-51.48	287.94	1	1	0.56
719	29	19	1	numu	DIS	CC	1012.3	0.0	0.875	-608.37	65.69	4.44	1	1	640.14
719	29	21	0	numu	QE	CC	802.3	597.2	1.083	-174.25	93.23	22.18	1	1	0.32
719	29	22	0	numu	RES	CC	5513.5	1145.5	0.838	-124.15	-88.99	-1116.96	0	0	-1.00
719	29	22	1	numu	QE	CC	816.8	0.0	0.591	-636.46	-283.66	-502.5	0	0	-1.00
719	29	28	0	numu	DIS	CC	2618.9	1697.5	1.379	-66.77	185.67	359.77	1	1	2.13
719	29	30	0	numu	QE	CC	547.5	75.4	1.516	150.84	-333.26	-44.58	0	0	-1.00
719	29	32	0	numu	QE	CC	704.4	212.6	1.321	-88.02	212.14	346.55	0	0	-1.00
719	29	36	0	numu	RES	CC	1102.1	0.6	1.527	-20.84	-192.33	-305.37	0	0	-1.00
719	29	39	0	numu	RES	CC	2013.7	0.0	1.097	-159.77	97.65	980.23	0	0	-1.00
719	29	39	1	numu	QE	CC	373.6	4.4	1.556	315.47	-57.49	11.19	0	0	-1.00
719	29	42	0	numu	RES	CC	1467.2	446.8	0.966	39.68	0.08	442.97	1	1	1.49
719	29	46	0	numu	MEC	NC	1276.3	227.2	0.673	-35.97	103.01	265.42	1	1	0.93
719	29	46	1	numu	RES	CC	656.6	0.0	0.092	50.47	-94.29	982.58	1	1	748.39
719	29	49	0	numu	RES	CC	1997.6	1501.5	1.413	70.63	-156.19	297.44	1	1	1.35
719	29	49	1	numu	QE	CC	421.6	0.0	1.406	-604.43	-28.3	-478.41	1	1	1035.90
719	29	49	2	numu	DIS	NC	3023.8	0.0	0.374	-165.15	419.27	-799.97	1	1	1260.69
719	32	1	0	numu	RES	NC	899.8	464.7	0.375	-179.22	184.58	370.84	1	1	17.64
719	32	1	1	numu	QE	CC	436.2	0.0	0.358	551.74	458.48	-133.28	1	1	917.83
719	32	4	0	numu	RES	CC	755.5	624.4	1.07	-44.14	147.93	172.6	1	1	1.59
719	32	4	1	numu	QE	CC	885.8	0.0	0.825	92.31	-476.39	-351.16	1	1	825.10
719	32	4	2	nue	QE	CC	2148.5	0.0	0.893	-42.7	-595.8	1087.89	1	1	1178.31
719	32	8	0	numu	RES	CC	3202.7	0.0	1.461	-527.21	17.93	-594.67	1	1	1185.98
719	32	8	1	numu	QE	NC	700.2	76.3	0.317	-28.44	-157.16	285.12	1	1	160.28
719	32	8	2	numu	QE	NC	3776.3	0.0	0.89	18.3	-130.36	-735.78	1	1	1151.83
719	32	12	0	numu	QE	NC	910.3	47.7	0.8	188.03	-39.78	21.29	0	0	-1.00
719	32	16	0	numu	MEC	CC	696.1	20.9	1.558	-106.21	416.93	6.04	0	0	-1.00
719	32	25	0	numu	QE	NC	870.8	0.2	0.174	-70.39	-202.09	-31.97	0	0	-1.00
719	32	25	1	numu	MEC	NC	1244.1	0.0	1.166	-7.5	9.14	-306.68	0	0	-1.00
719	32	26	0	numu	RES	CC	886.0	0.5	0.405	-125.98	87.4	576.67	0	0	-1.00
719	32	26	1	numu	QE	CC	523.0	0.0	0.696	-279.53	-420.89	-220.86	0	0	-1.00
719	32	29	0	numu	QE	NC	448.3	13.4	0.359	-106.18	112.59	410.73	0	0	-1.00
719	32	31	0	numu	RES	CC	538.0	402.4	0.232	-35.85	53.14	123.97	1	1	9.52
719	32	32	0	numu	QE	NC	1044.6	4.2	1.511	182.2	135.75	393.27	0	0	-1.00
719	32	32	1	numu	QE	CC	383.7	0.0	0.302	141.03	447.2	412.8	0	0	-1.00
719	32	32	2	numu	RES	CC	2501.3	0.0	0.276	-681.42	-108.55	296.08	0	0	-1.00
719	32	34	0	numu	QE	CC	478.8	310.3	0.573	7.16	-173.28	32.18	1	1	36.92
719	32	35	0	numu	QE	NC	670.7	0.0	0.65	-63.46	-534.67	591.39	1	1	585.12
719	32	35	1	numu	QE	CC	1247.2	362.5	0.924	-135.56	-3.4	353.54	1	1	1.47
719	32	39	0	numu	QE	CC	4369.8	1275.8	0.714	-77.22	-56.24	-785.76	1	1	-1.00
719	32	50	0	numu	MEC	CC	1224.9	285.8	1.044	-179.56	-140.03	473.08	1	1	1.75
719	32	50	1	numu	QE	CC	602.9	0.0	0.433	-547.16	181.45	389.6	1	1	496.72
719	43	2	0	numu	RES	CC	824.4	0.2	1.032	126.01	-224.33	-315.54	0	0	-1.00
719	43	3	0	numu	MEC	CC	1207.7	583.4	1.218	-116.41	75.15	72.02	1	1	0.49
719	43	6	0	numu	MEC	NC	496.0	0.0	1.128	-501.89	185.1	809.04	1	1	858.96
719	43	6	1	numu	RES	CC	1006.0	492.9	0.447	42.08	-134.63	225.04	1	1	1.55
719	43	8	0	numu	MEC	CC	1498.6	489.0	0.179	-169.91	46.06	-371.39	0	0	-1.00
719	43	13	0	numu	QE	NC	1489.3	387.4	0.548	-61.39	111.92	462.88	1	1	1.36
719	43	25	0	numu	QE	CC	1103.8	860.8	0.793	63.48	101.62	458.17	1	1	5.41
719	43	26	0	numu	QE	CC	693.6	0.0	1.383	-619.31	276.1	-68.79	1	1	686.72
719	43	26	1	numu	MEC	CC	916.7	310.9	0.217	-189.67	-174.1	220.55	1	1	0.47
719	43	28	0	numu	RES	CC	1412.6	1.9	0.67	83.67	69.82	-469.93	0	0	-1.00
719	43	28	1	numu	RES	CC	1796.6	0.0	0.758	-507.71	13.23	-59.49	0	0	-1.00
719	43	36	0	numu	QE	NC	377.6	0.0	0.476	134.69	-525.32	507.71	1	1	498.94
719	43	36	1	numu	RES	CC	840.6	611.3	0.655	37.05	-116.32	238.8	1	1	5.48
719	43	41	0	numu	QE	CC	782.8	102.2	0.078	-157.0	144.7	490.44	1	1	0.23
719	43	42	0	numu	QE	CC	620.0	222.3	0.097	-2.0	142.04	469.14	1	1	7.94
719	44	4	0	numu	QE	CC	958.2	635.8	1.15	-62.34	-61.08	261.51	1	1	0.66
719	44	7	0	numu	MEC	CC	790.4	407.5	0.314	137.01	-181.69	-281.94	1	1	735.01
719	44	7	1	numu	QE	CC	917.7	0.0	1.435	-237.63	88.46	958.6	1	1	646.32
719	44	7	2	numu	RES	CC	1235.4	480.9	0.227	85.92	-145.64	447.13	1	1	3.43
719	44	15	0	numu	RES	CC	750.2	0.0	0.63	-32.25	-494.35	40.05	1	1	418.15
719	44	15	1	numu	RES	CC	1271.4	724.8	0.782	2.25	-67.01	76.19	1	1	191.76
719	44	15	2	numu	RES	CC	783.6	0.0	1.551	73.69	-199.08	992.66	1	1	745.36
719	44	24	0	numu	QE	CC	1019.6	34.1	1.404	77.12	-39.77	503.61	0	0	-1.00
719	44	24	1	numu	QE	NC	376.5	0.0	0.599	530.84	-35.66	-227.37	0	0	-1.00
719	44	24	2	numu	RES	CC	613.6	0.0	1.199	-31.0	79.85	-495.95	0	0	-1.00
719	44	30	0	numu	RES	NC	1203.6	7.1	0.44	-112.02	-11.29	570.02	0	0	-1.00
719	44	31	0	numu	QE	CC	791.2	3.7	0.35	-536.61	-161.13	226.68	1	1	488.73
719	44	31	1	numu	QE	NC	382.6	0.0	0.532	530.78	451.77	510.97	1	1	950.30
719	44	32	0	numu	QE	CC	1945.7	345.6	1.16	-173.59	-326.66	-504.44	0	0	-1.00
719	44	33	0	numu	QE	CC	677.0	410.0	0.487	-168.83	-176.31	354.55	1	1	0.16
719	44	33	1	numu	QE	CC	751.0	0.0	1.21	-149.79	-408.43	-140.54	1	1	547.19
719	44	33	2	numu	RES	CC	648.6	0.0	0.972	-370.27	-322.46	-428.37	1	1	821.62
719	44	33	3	numu	QE	CC	2864.9	0.0	0.839	-564.18	523.76	-445.74	1	1	1134.55
719	44	38	0	numu	QE	CC	639.9	3.5	0.238	238.35	281.84	-295.02	0	0	-1.00
719	44	38	1	numu	RES	CC	1380.6	0.0	0.93	-510.49	144.6	-11.38	0	0	-1.00
719	44	40	0	numu	QE	CC	3333.4	0.0	0.226	-330.07	-2.1	-201.32	1	1	724.25
719	44	40	1	numu	MEC	CC	3595.8	777.1	0.536	248.81	-103.87	-468.05	1	1	1030.22
719	44	41	0	numu	MEC	CC	1904.8	381.3	1.396	-4.55	-200.26	320.91	1	1	31.36
719	44	41	1	numu	RES	CC	988.7	0.0	0.308	-80.56	145.36	-507.3	1	1	902.94
719	44	43	0	numu	MEC	CC	1113.4	0.2	0.124	516.03	-379.81	207.46	0	0	-1.00
719	44	46	0	numu	QE	CC	614.0	355.0	1.558	161.84	149.45	123.93	1	1	2.69
719	44	49	0	numu	QE	CC	2034.0	0.0	1.054	-667.12	548.86	-248.66	0	0	-1.00
719	44	49	1	numu	RES	CC	1027.9	13.7	0.432	-232.6	163.81	325.85	0	0	-1.00
719	44	49	2	numu	QE	CC	494.5	0.0	0.668	-47.49	-2.3	-450.25	0	0	-1.00
719	45	3	0	numu	RES	NC	819.7	109.6	1.543	-206.05	-88.32	175.17	0	0	-1.00
719	45	10	0	numu	DIS	CC	2260.6	1384.9	1.15	62.6	103.39	299.07	1	1	16.39
719	45	12	0	numu	QE	NC	1557.3	73.7	1.478	-5.78	0.15	509.13	0	0	-1.00
719	45	17	0	numu	QE	CC	1100.5	706.6	0.704	-154.39	-116.85	15.3	1	1	0.49
719	45	19	0	numu	QE	CC	784.3	0.0	0.391	-4.52	-525.91	877.89	1	1	891.68
719	45	19	1	numu	QE	CC	358.6	8.4	1.1	87.37	-193.66	562.15	1	1	485.75
719	45	19	2	numu	RES	NC	863.8	331.3	0.773	-59.08	104.04	377.34	1	1	118.09
719	45	19	3	numu	RES	CC	1815.4	0.0	1.25	-27.31	-307.57	-561.0	1	1	1003.74
719	45	22	0	numu	RES	CC	1750.2	30.7	0.395	-126.99	218.62	426.5	1	1	146.95
719	45	25	0	numu	QE	CC	784.6	96.3	1.118	68.74	-146.13	485.57	1	1	1.66
719	45	30	0	numu	RES	CC	1126.0	142.4	0.763	212.19	67.15	53.41	1	1	36.81
719	45	32	0	numu	RES	CC	617.0	312.4	0.42	-180.2	-98.57	19.68	1	1	0.58
719	45	32	1	numu	QE	NC	1239.2	345.6	1.147	-166.35	5.89	228.04	1	1	233.36
719	45	32	2	numu	QE	CC	637.8	204.2	1.46	253.22	75.78	18.35	1	1	467.67
719	45	32	3	numu	QE	CC	653.0	0.0	0.371	167.6	250.75	-370.08	1	1	628.96
719	45	33	0	numu	RES	NC	533.9	0.0	1.428	569.09	614.9	706.74	0	0	-1.00
719	45	33	1	numu	QE	CC	719.0	4.0	1.366	201.23	-177.84	504.78	0	0	-1.00
719	45	34	0	numu	RES	CC	2350.8	0.0	0.925	575.36	197.49	836.35	0	0	-1.00
719	45	34	1	numu	DIS	NC	4757.8	1.7	1.518	183.69	-223.92	542.95	0	0	-1.00
719	45	35	0	numu	QE	CC	933.2	420.4	0.832	26.53	7.34	-140.23	0	0	-1.00
719	45	37	0	numu	MEC	CC	332.9	7.8	0.096	-103.5	-434.83	-113.8	0	0	-1.00
719	45	37	1	numu	QE	NC	243.0	0.0	0.248	-401.08	236.92	-26.04	0	0	-1.00
719	45	40	0	numu	MEC	CC	1022.0	0.0	0.075	-229.54	-545.91	-77.54	0	0	-1.00
719	45	40	1	numu	RES	CC	1838.4	1.3	0.36	-240.7	-487.66	496.93	0	0	-1.00
719	45	40	2	numu	QE	NC	1086.3	0.0	0.739	-529.66	-31.59	485.32	0	0	-1.00
719	45	41	0	numu	RES	NC	1135.6	0.0	1.333	-680.42	556.23	-436.41	1	1	1106.62
719	45	41	1	numu	RES	CC	1313.1	1.6	1.147	6.49	123.78	-328.54	1	1	487.73
719	45	41	2	numu	DIS	CC	1894.5	114.8	1.318	57.8	108.44	-277.08	1	1	423.98
719	45	42	0	numu	RES	CC	1465.7	44.6	1.163	-237.58	-441.18	79.76	1	1	495.03
719	45	42	1	numu	MEC	CC	485.0	236.7	1.061	-54.26	-124.21	415.76	1	1	4.70
719	45	45	0	numu	MEC	CC	637.5	0.0	0.838	-169.58	-497.73	75.54	0	0	-1.00
719	45	45	1	numu	DIS	NC	5796.4	22.1	1.443	-22.55	-127.47	561.7	0	0	-1.00
719	45	48	0	numu	RES	CC	1332.1	492.5	1.25	26.02	193.8	433.42	1	1	3.12
719	54	5	0	numu	MEC	CC	760.1	526.1	1.493	-22.27	26.89	388.97	1	1	5.74
719	54	13	0	numu	RES	CC	750.7	0.0	0.481	138.45	91.41	-440.79	0	0	-1.00
719	54	13	1	numu	QE	NC	764.9	64.8	0.899	33.47	-225.63	138.93	0	0	-1.00
719	54	14	0	numu	QE	CC	1223.3	569.2	0.931	-125.0	-37.28	3.02	0	0	-1.00
719	54	16	0	numu	QE	CC	772.4	221.4	0.56	266.05	12.11	-303.21	0	0	-1.00
719	54	19	0	numu	RES	CC	874.9	592.3	1.268	-155.27	6.32	442.85	1	1	1.23
719	54	20	0	numu	RES	NC	1631.5	0.0	0.898	539.23	-201.54	76.86	0	0	-1.00
719	54	20	1	numu	RES	CC	1724.7	79.7	0.303	217.41	-151.65	477.67	0	0	-1.00
719	54	24	0	numu	DIS	CC	2640.4	5.3	0.444	38.8	260.42	-364.78	0	0	-1.00
719	54	37	0	numu	QE	NC	942.6	7.8	1.169	-237.92	94.82	220.12	1	1	297.72
719	54	37	1	numu	MEC	CC	1723.4	1127.5	0.724	13.48	23.7	75.94	1	1	2.27
719	54	40	0	numu	DIS	CC	1742.0	26.3	1.167	-56.14	16.02	-407.42	0	0	-1.00
719	54	43	0	numu	RES	CC	711.3	227.0	1.101	-35.28	-154.97	-19.22	1	1	24.05
719	54	44	0	numu	QE	CC	909.8	758.3	0.14	-95.41	68.43	105.11	1	1	0.87
719	61	8	0	numu	DIS	NC	520.4	2.3	0.336	67.47	127.95	-298.64	0	0	-1.00
719	61	11	0	numu	RES	CC	619.0	0.6	0.249	-2.18	169.66	566.42	0	0	-1.00
719	61	12	0	numu	QE	NC	760.4	0.1	1.111	-88.39	-462.61	232.93	0	0	-1.00
719	61	16	0	numu	RES	CC	2142.0	97.1	0.961	-417.5	153.54	-274.26	0	0	-1.00
719	61	23	0	numu	RES	CC	1457.9	5.1	0.827	-27.19	-24.96	-291.62	0	0	-1.00
719	61	24	0	numu	DIS	CC	2066.4	2.9	0.713	-505.08	-55.5	255.43	0	0	-1.00
719	61	24	1	numu	DIS	CC	2506.7	0.0	0.193	-608.26	-20.44	1098.01	0	0	-1.00
719	61	28	0	numu	QE	CC	751.7	4.5	0.514	84.21	-63.99	576.25	0	0	-1.00
719	61	29	0	numu	DIS	NC	958.1	0.0	0.49	-100.01	-273.15	996.35	0	0	-1.00
719	61	29	1	numu	MEC	CC	724.7	9.0	1.316	108.01	370.02	232.02	0	0	-1.00
719	61	29	2	numu	QE	CC	407.2	0.0	0.742	245.7	175.55	623.72	0	0	-1.00
719	61	29	3	numu	RES	CC	1506.3	0.0	0.341	5.73	265.06	1005.67	0	0	-1.00
719	61	35	0	numu	DIS	CC	1750.0	0.0	1.4	145.6	20.35	955.87	1	1	673.55
719	61	35	1	numu	RES	NC	540.9	318.9	0.414	191.5	-186.95	362.24	1	1	44.59
719	61	36	0	numu	QE	NC	884.7	32.6	1.24	-17.09	-234.87	211.84	0	0	-1.00
719	61	36	1	numu	RES	CC	1476.8	0.0	0.142	8.07	-560.03	-327.26	0	0	-1.00
719	61	36	2	numu	MEC	CC	607.4	0.0	1.466	-182.52	-128.99	-451.95	0	0	-1.00
719	61	41	0	numu	QE	NC	627.8	3.7	0.62	-100.12	-33.08	401.76	0	0	-1.00
719	61	41	1	numu	RES	CC	1126.9	0.0	0.581	-508.6	-123.23	344.39	0	0	-1.00
719	61	45	0	numu	QE	CC	1204.1	0.0	1.444	-515.86	76.2	612.75	1	1	909.83
719	61	45	1	numu	QE	NC	1123.5	109.4	0.74	148.26	-151.96	-16.14	1	1	106.58
719	61	45	2	numu	RES	CC	869.5	0.0	0.294	-446.25	-701.25	-320.99	1	1	951.40
719	61	49	0	numu	QE	CC	914.8	264.0	1.137	52.35	-168.67	477.46	1	1	1.45
719	61	49	1	numu	QE	CC	439.3	98.6	0.325	-244.57	-115.48	1.24	1	1	562.65
719	68	3	0	numu	QE	CC	1218.2	514.1	1.512	142.8	-41.88	384.45	1	1	0.19
719	68	3	1	numu	QE	CC	745.9	0.0	0.811	-72.66	-281.59	1007.96	1	1	701.97
719	68	3	2	numu	QE	NC	400.6	0.0	1.183	-580.69	-48.37	-476.96	1	1	1124.77
719	68	5	0	numu	QE	CC	716.3	462.1	0.232	-68.85	0.66	14.77	0	0	-1.00
719	68	5	1	numu	QE	CC	639.5	0.0	1.497	-530.23	-306.72	505.51	0	0	-1.00
719	68	7	0	numu	RES	CC	532.6	0.0	0.489	-213.53	-701.63	1005.66	0	0	-1.00
719	68	7	1	numu	QE	CC	589.5	48.4	0.511	86.58	74.23	-35.95	0	0	-1.00
719	68	9	0	numu	QE	CC	364.9	0.0	1.448	-257.47	280.91	-454.8	1	1	627.26
719	68	9	1	numu	RES	CC	444.6	0.0	1.306	-475.5	468.32	-114.47	1	1	635.39
719	68	9	2	numu	DIS	NC	3466.0	5.5	1.422	-562.49	166.97	-53.94	1	1	470.27
719	68	9	3	numu	RES	CC	3703.5	0.0	0.84	473.74	456.2	1248.44	1	1	1439.33
719	68	12	0	numu	QE	NC	401.9	55.0	1.032	126.57	-111.65	206.03	1	1	240.33
719	68	12	1	numu	MEC	NC	1021.5	249.6	0.507	-80.16	-143.26	324.4	1	1	1.70
719	68	22	0	numu	QE	CC	551.9	0.3	0.47	-175.84	-255.89	-201.08	0	0	-1.00
719	68	24	0	numu	QE	CC	402.5	0.7	0.672	-123.32	-484.5	235.56	0	0	-1.00
719	68	25	0	numu	QE	CC	1031.7	793.7	1.03	-64.83	-199.24	165.55	0	0	-1.00
719	68	25	1	numu	MEC	CC	774.1	0.0	1.057	-669.12	-52.73	-115.92	0	0	-1.00
719	68	27	0	numu	RES	CC	528.4	0.0	0.437	-583.14	192.58	531.7	0	0	-1.00
719	68	27	1	numu	QE	CC	793.5	141.1	0.429	-124.97	-37.98	-316.49	0	0	-1.00
719	68	28	0	numu	QE	CC	643.5	0.0	0.425	451.67	426.5	-384.61	1	1	856.60
719	68	28	1	numu	MEC	CC	794.9	410.2	0.973	-158.33	42.51	77.93	1	1	0.23
719	68	36	0	numu	RES	CC	1684.8	2.6	1.539	-40.12	150.5	630.94	0	0	-1.00
719	68	36	1	numu	DIS	CC	2954.8	90.7	0.331	118.54	-247.15	130.77	0	0	-1.00
719	68	37	0	numu	RES	NC	2209.1	0.0	0.947	497.01	-165.99	-51.38	1	1	587.69
719	68	37	1	numu	MEC	CC	2829.2	58.0	0.922	-144.29	154.83	-872.51	1	1	887.40
719	68	45	0	numu	QE	CC	801.2	0.0	0.731	109.1	87.62	-307.8	1	1	755.60
719	68	45	1	numu	MEC	CC	1324.1	316.1	0.812	-200.08	21.41	377.91	1	1	0.66
719	68	46	0	numu	QE	CC	386.8	0.0	0.504	-165.51	-306.1	-385.98	1	1	599.87
719	68	46	1	nue	QE	CC	1807.2	1753.9	0.969	54.85	43.76	46.99	1	1	1.93
719	68	46	2	numu	RES	CC	571.4	0.0	0.149	-497.27	-235.85	961.64	1	1	1102.59
719	68	47	0	numu	MEC	CC	1045.0	832.6	1.374	161.16	147.74	176.33	1	1	2.03
719	68	49	0	numu	RES	NC	1101.0	0.0	0.6	-654.98	-28.65	265.19	0	0	-1.00
719	68	49	1	numu	QE	CC	1102.4	480.8	0.305	251.44	-53.59	0.47	0	0	-1.00
719	74	7	0	numu	QE	CC	375.7	293.6	0.458	-119.25	-31.88	73.11	1	1	0.60
719	74	7	1	numu	RES	CC	3530.7	0.0	0.307	-581.91	-181.96	587.55	1	1	707.67
719	74	8	0	numu	QE	CC	1311.1	159.6	0.807	185.22	199.65	273.02	0	0	-1.00
719	74	9	0	numu	RES	CC	1978.2	924.6	0.887	169.08	190.63	404.26	1	1	0.42
719	74	9	1	numu	QE	CC	1049.1	0.0	0.901	674.96	172.8	-384.1	1	1	936.64
719	74	15	0	numu	RES	CC	674.1	285.7	0.202	-22.17	-130.01	298.89	1	1	141.01
719	74	16	0	numu	QE	CC	283.2	0.0	0.606	-284.87	243.53	996.6	1	1	645.51
719	74	16	1	numu	RES	CC	1392.1	948.7	0.509	-175.71	-71.57	444.05	1	1	0.25
719	74	16	2	numu	QE	CC	313.7	149.6	0.804	-110.21	52.43	183.55	1	1	295.83
719	74	24	0	nue	DIS	CC	2960.0	0.0	0.532	155.03	-397.5	-574.13	1	1	1181.93
719	74	24	1	numu	QE	CC	851.7	255.9	0.549	-13.77	189.78	439.04	1	1	2.49
719	74	28	0	numu	MEC	CC	773.8	528.2	0.063	56.74	39.75	105.07	1	1	0.82
719	74	32	0	numu	QE	CC	1319.8	1.0	0.575	5.69	53.67	-481.4	0	0	-1.00
719	74	32	1	numu	QE	CC	422.5	0.0	0.712	321.38	-305.26	-342.59	0	0	-1.00
719	74	33	0	numu	RES	CC	1045.1	19.6	1.027	12.27	1.28	575.7	0	0	-1.00
719	74	33	1	numu	QE	CC	626.6	0.0	1.545	284.05	-591.9	232.94	0	0	-1.00
719	74	37	0	numu	QE	CC	340.4	0.0	1.47	-316.84	-510.77	-215.5	1	1	877.29
719	74	37	1	numu	QE	CC	1181.1	559.3	1.337	87.3	126.62	233.46	1	1	1.24
719	74	37	2	numu	QE	CC	970.0	0.0	1.279	-152.42	-611.99	742.12	1	1	927.17
719	74	37	3	numu	MEC	NC	645.4	0.0	0.357	-392.72	146.8	997.8	1	1	902.20
719	74	37	4	numu	MEC	CC	700.0	0.0	0.845	227.79	126.19	-333.11	1	1	584.19
719	74	39	0	numu	QE	CC	576.6	140.8	0.684	-102.68	-58.28	495.12	1	1	1.46
719	74	48	0	numu	MEC	CC	743.8	545.3	0.617	-201.93	-123.89	286.07	1	1	1.40
719	74	48	1	numu	QE	NC	557.7	0.0	0.165	481.04	-84.11	848.45	1	1	885.35
719	74	49	0	numu	DIS	CC	3982.5	1434.2	0.211	-170.76	-132.25	-21.32	1	2	21.47
719	74	49	1	numu	QE	CC	876.5	648.7	1.438	50.69	150.16	389.54	1	2	134.74
719	74	49	2	numu	DIS	CC	2782.5	0.0	0.698	-596.14	-689.39	-213.64	1	2	733.75
719	74	49	3	numu	QE	NC	2564.0	0.0	0.38	-275.79	-114.89	-650.02	1	2	659.06
719	76	2	0	numu	QE	CC	385.2	200.6	0.469	197.77	181.05	359.42	0	0	-1.00
719	76	4	0	numu	QE	CC	434.3	20.9	0.33	-18.19	-239.81	144.57	0	0	-1.00
719	76	4	1	numu	QE	CC	420.4	0.0	1.3	237.6	-662.69	-277.08	0	0	-1.00
719	76	23	0	numu	QE	NC	1076.7	366.3	0.137	-179.04	81.82	99.77	0	0	-1.00
719	76	23	1	numu	QE	CC	690.3	0.0	0.343	487.36	44.63	513.71	0	0	-1.00
719	76	27	0	numu	RES	CC	932.9	0.0	1.258	57.77	128.49	-436.15	0	0	-1.00
719	76	27	1	numu	RES	CC	886.7	1.2	1.108	-171.61	351.45	-303.97	0	0	-1.00
719	76	27	2	numu	RES	NC	1150.4	0.0	1.008	5.83	-92.87	637.22	0	0	-1.00
719	76	27	3	numu	QE	NC	399.2	0.0	0.902	205.74	450.79	-324.55	0	0	-1.00
719	76	29	0	numu	RES	CC	1481.9	482.8	0.547	-74.11	29.79	455.23	1	1	6.91
719	76	35	0	numu	QE	CC	193.2	0.0	0.583	704.06	-86.92	936.61	0	0	-1.00
719	76	35	1	numu	RES	CC	1583.2	58.7	0.918	235.17	221.76	124.83	0	0	-1.00
719	76	37	0	numu	RES	CC	3061.6	1331.0	0.372	-16.83	144.83	257.43	1	1	2.14
719	76	37	1	numu	RES	CC	771.2	0.0	1.335	564.43	-404.1	689.07	1	1	907.39
719	76	40	0	numu	RES	CC	953.5	0.0	0.352	-376.2	-363.08	-347.51	1	1	1040.60
719	76	40	1	numu	QE	CC	1207.6	982.2	0.186	111.98	58.31	469.98	1	1	1.03
719	76	40	2	numu	RES	CC	3748.1	0.0	0.881	-421.46	156.4	-887.57	1	1	1461.35
719	76	41	0	numu	RES	CC	1558.5	744.4	0.981	6.46	-188.81	293.6	1	1	4.09
719	76	45	0	numu	MEC	CC	663.8	0.2	1.168	-171.87	354.75	-273.23	0	0	-1.00
719	76	48	0	numu	MEC	CC	1439.7	0.0	1.087	341.96	67.05	-440.39	0	0	-1.00
719	76	48	1	numu	QE	NC	841.4	8.4	1.304	251.71	-137.41	354.39	0	0	-1.00
719	76	48	2	numu	DIS	CC	2964.6	0.0	0.354	-570.85	487.81	-272.44	0	0	-1.00
719	81	3	0	numu	QE	CC	576.1	0.0	1.102	-65.03	128.44	-59.68	1	1	205.89
719	81	3	1	numu	DIS	CC	4979.0	1208.8	1.253	-53.36	94.34	-528.05	1	1	556.33
719	81	4	0	numu	RES	CC	1082.9	3.2	0.915	-198.36	236.08	127.06	0	0	-1.00
719	81	8	0	numu	QE	NC	323.8	0.0	0.931	698.61	116.59	-71.86	0	0	-1.00
719	81	8	1	numu	RES	NC	511.4	1.8	0.747	337.27	-75.18	138.1	0	0	-1.00
719	81	9	0	numu	QE	NC	959.9	0.3	0.534	-196.62	2.76	557.55	0	0	-1.00
719	81	13	0	numu	MEC	CC	1703.5	802.7	0.826	-110.58	72.76	265.72	1	1	0.36
719	81	13	1	nue	QE	NC	349.3	0.0	0.457	-561.52	-134.28	4.96	1	1	560.84
719	81	13	2	numu	QE	CC	1350.5	0.0	0.331	172.58	111.06	-411.22	1	1	734.68
719	81	19	0	numu	DIS	CC	655.0	0.0	1.407	163.32	23.4	-498.68	0	0	-1.00
719	81	19	1	numu	QE	CC	801.9	1.3	0.334	-66.99	2.31	-332.56	0	0	-1.00
719	81	19	2	numu	DIS	CC	2451.5	0.3	1.541	-456.51	-446.76	82.34	0	0	-1.00
719	81	20	0	numu	RES	CC	875.2	175.1	1.044	-4.81	-219.2	15.46	1	1	353.43
719	81	22	0	numu	RES	CC	5079.7	0.0	1.305	226.51	297.47	1566.25	0	0	-1.00
719	81	22	1	numu	MEC	NC	915.8	18.7	1.206	-147.86	-65.71	-276.17	0	0	-1.00
719	81	23	0	numu	QE	NC	625.4	116.2	0.567	-192.77	-111.88	426.95	0	0	-1.00
719	81	23	1	numu	QE	CC	2980.5	0.0	0.664	338.89	-85.99	-647.36	0	0	-1.00
719	81	23	2	numu	RES	CC	2398.3	0.2	0.707	224.46	-109.01	578.71	0	0	-1.00
719	81	24	0	numu	DIS	NC	3396.2	0.0	1.07	138.72	-443.98	1375.77	0	0	-1.00
719	81	24	1	numu	MEC	CC	2375.1	0.0	0.838	349.24	-565.41	586.92	0	0	-1.00
719	81	24	2	numu	QE	NC	1468.9	9.7	1.245	-99.82	-121.21	-276.9	0	0	-1.00
719	81	30	0	numu	MEC	CC	605.2	0.0	1.472	495.01	-62.6	320.65	1	1	541.51
719	81	30	1	nue	MEC	CC	1508.3	1257.7	0.488	0.77	148.55	396.25	1	1	1.56
719	81	36	0	numu	MEC	CC	1183.7	0.6	0.446	-289.29	-428.59	-363.22	0	0	-1.00
719	81	37	0	numu	DIS	NC	3511.2	0.0	0.479	120.51	-309.17	-501.15	1	1	598.76
719	81	37	1	numu	QE	CC	470.8	287.3	0.404	34.45	-94.45	52.81	1	1	5.18
719	81	38	0	numu	QE	CC	735.1	563.3	1.361	1.25	101.23	376.32	1	1	1.32
719	81	43	0	numu	QE	NC	494.1	3.9	0.786	-8.21	-138.39	185.26	0	0	-1.00
719	81	43	1	numu	QE	NC	447.4	0.0	0.971	-672.45	-303.36	51.47	0	0	-1.00
719	81	47	0	numu	DIS	CC	3539.5	2415.7	1.328	-49.58	56.85	36.89	1	1	2.09
719	81	48	0	numu	QE	NC	503.3	0.5	1.146	-33.64	-422.23	218.11	0	0	-1.00
719	81	49	0	numu	QE	CC	1375.9	19.1	0.736	-218.84	-84.22	414.75	0	0	-1.00
719	84	4	0	numu	MEC	CC	556.2	23.3	1.486	-162.44	350.33	203.4	0	0	-1.00
719	84	13	0	numu	QE	NC	425.1	13.1	0.916	-153.19	-35.53	34.51	0	0	-1.00
719	84	24	0	numu	DIS	CC	2807.8	4.7	1.506	-271.41	-90.21	-308.42	0	0	-1.00
719	84	27	0	numu	RES	CC	1319.3	32.0	1.038	-111.2	-267.2	356.38	0	0	-1.00
719	84	33	0	numu	RES	CC	855.7	236.8	0.359	177.1	188.25	473.4	1	1	1.07
719	84	33	1	numu	COH	CC	660.4	0.0	0.407	-230.33	539.11	-391.11	1	1	1017.80
719	84	35	0	numu	QE	NC	592.3	227.8	0.787	-39.55	191.06	176.04	1	1	2.23
719	84	35	1	numu	RES	NC	2798.0	0.0	1.452	-296.34	-94.73	-304.19	1	1	614.19
719	84	42	0	numu	RES	CC	2448.6	4.5	0.202	460.93	-182.81	-283.15	0	0	-1.00
719	84	42	1	numu	RES	CC	5004.2	0.0	1.069	685.37	-141.57	-1489.4	0	0	-1.00
719	84	44	0	numu	QE	NC	784.3	0.0	0.564	-342.9	-38.22	949.76	1	1	681.98
719	84	44	1	numu	RES	CC	1531.7	1150.1	1.169	-10.3	-50.97	354.9	1	1	2.54
719	84	44	2	numu	QE	NC	332.3	0.0	0.044	-76.31	577.78	-466.65	1	1	1034.57
719	86	5	0	numu	QE	CC	1647.8	4.1	1.388	-80.1	-50.72	569.21	0	0	-1.00
719	86	6	0	numu	MEC	NC	1572.1	58.8	0.524	-35.45	207.05	288.12	0	0	-1.00
719	86	6	1	numu	QE	CC	463.9	0.0	1.551	658.46	-181.75	379.98	0	0	-1.00
719	86	12	0	numu	QE	CC	708.1	160.9	0.89	375.69	-123.24	-75.97	0	0	-1.00
719	86	12	1	numu	QE	NC	1114.5	0.0	0.995	8.24	-52.87	-345.8	0	0	-1.00
719	86	22	0	numu	QE	NC	1087.1	10.7	1.098	-295.61	-349.36	-139.66	0	0	-1.00
719	86	25	0	numu	RES	CC	1509.0	1019.5	1.076	-33.07	-15.18	385.4	1	1	0.94
719	86	26	0	numu	QE	CC	375.2	0.0	0.975	465.29	-311.25	-309.97	1	1	638.04
719	86	26	1	numu	QE	NC	661.2	243.1	0.252	19.17	-17.59	36.28	1	1	3.00
719	86	26	2	numu	RES	NC	1851.3	0.0	1.34	380.13	-577.75	321.96	1	1	723.85
719	86	27	0	numu	RES	NC	579.1	0.0	1.327	291.42	273.69	1007.17	0	0	-1.00
719	86	27	1	numu	RES	NC	1893.2	18.7	1.262	64.27	-321.21	-276.35	0	0	-1.00
719	86	32	0	numu	QE	NC	1001.0	17.0	0.762	15.85	60.86	-8.11	0	0	-1.00
719	86	33	0	numu	QE	CC	487.8	0.0	0.698	561.66	258.06	439.86	0	0	-1.00
719	86	33	1	numu	QE	CC	723.5	2.4	0.486	-298.79	148.39	-295.86	0	0	-1.00
719	86	38	0	numu	QE	CC	648.7	0.0	1.03	287.86	-382.91	-450.62	1	1	718.57
719	86	38	1	numu	RES	CC	1875.6	1271.6	0.914	173.57	90.16	78.06	1	1	0.21
719	86	43	0	numu	QE	CC	748.6	590.0	0.126	-117.66	72.88	249.14	1	1	0.40
719	86	43	1	numu	QE	NC	519.1	0.0	0.492	-2.24	220.36	504.23	1	1	316.49
719	86	43	2	numu	QE	CC	388.0	273.8	0.983	-165.26	165.67	486.95	1	1	259.83
719	89	1	0	numu	QE	CC	345.6	0.0	0.805	-337.73	-492.52	281.57	1	1	654.25
719	89	1	1	numu	QE	CC	951.7	802.8	1.352	-103.29	84.55	80.85	1	1	0.67
719	89	9	0	numu	RES	NC	2081.3	24.4	0.595	-487.8	-72.71	147.79	0	0	-1.00
719	89	9	1	numu	QE	CC	1229.9	0.0	0.27	-295.1	235.36	-503.83	0	0	-1.00
719	89	10	0	numu	RES	CC	1061.0	679.2	0.188	-155.17	131.01	450.49	1	1	0.22
719	89	10	1	numu	MEC	CC	1390.8	0.0	1.152	501.75	89.89	935.3	1	1	817.65
719	89	11	0	numu	QE	CC	1273.0	1001.8	1.034	-94.61	51.74	219.0	1	1	231.45
719	89	11	1	numu	QE	NC	216.2	0.0	1.262	630.7	-491.22	-327.42	1	1	1035.67
719	89	11	2	numu	QE	CC	822.0	637.6	0.981	-56.52	-130.41	358.06	1	1	1.07
719	89	11	3	numu	MEC	CC	1249.6	0.0	1.095	-288.71	-319.25	950.78	1	1	664.49
719	89	12	0	numu	RES	CC	1312.9	279.7	0.35	-55.04	221.13	191.88	0	0	-1.00
719	89	16	0	numu	RES	CC	762.4	278.7	1.405	-218.53	-202.59	14.37	0	0	-1.00
719	89	20	0	numu	MEC	CC	1222.1	347.4	0.401	70.4	-252.79	59.59	0	0	-1.00
719	89	24	0	numu	RES	CC	1096.2	517.2	0.207	28.1	-51.42	437.67	1	1	1.74
719	89	32	0	numu	MEC	CC	493.2	200.3	0.561	-209.5	95.26	260.37	0	0	-1.00
719	89	41	0	numu	QE	CC	404.0	0.0	1.201	669.13	-444.13	-397.42	0	0	-1.00
719	89	41	1	numu	QE	NC	883.4	0.1	0.538	-125.55	83.72	697.78	0	0	-1.00
719	89	41	2	numu	RES	NC	2589.9	0.0	0.528	-227.42	-395.0	-774.16	0	0	-1.00
719	92	3	0	numu	QE	CC	454.4	0.0	0.827	577.58	-194.3	337.22	1	1	689.41
719	92	3	1	numu	QE	CC	320.0	231.1	1.375	-63.99	16.41	238.83	1	1	28.64
719	92	6	0	numu	RES	CC	2340.7	1056.5	0.276	-15.06	-241.57	-387.76	0	0	-1.00
719	92	6	1	numu	QE	NC	214.6	0.0	0.123	181.83	-591.58	204.99	0	0	-1.00
719	92	9	0	numu	RES	CC	1222.7	39.0	1.576	43.5	-217.36	-49.52	1	1	139.85
719	92	12	0	numu	RES	CC	2223.6	0.0	1.445	373.61	-370.09	115.37	0	0	-1.00
719	92	12	1	numu	MEC	NC	814.4	4.5	1.365	134.48	-8.75	575.54	0	0	-1.00
719	92	16	0	numu	DIS	CC	2936.8	17.9	1.488	-82.17	-153.15	-333.58	0	0	-1.00
719	92	24	0	numu	DIS	NC	3474.3	0.3	1.319	-90.12	-249.76	-302.93	0	0	-1.00
719	92	31	0	numu	DIS	CC	2653.4	286.8	1.124	-234.22	52.66	90.43	0	0	-1.00
719	92	33	0	numu	DIS	CC	1665.2	337.1	1.061	-49.83	-72.9	476.05	1	1	4.89
719	92	40	0	numu	MEC	CC	647.1	456.1	1.197	-7.02	-56.68	69.91	1	1	1.36
719	92	40	1	numu	MEC	NC	536.2	0.0	0.916	-552.23	-71.21	203.37	1	1	561.18
719	92	42	0	numu	MEC	CC	1500.8	638.6	0.085	-49.89	63.0	-388.8	0	0	-1.00
719	92	42	1	numu	QE	NC	326.6	0.0	0.745	705.97	586.96	144.89	0	0	-1.00
719	92	43	0	numu	QE	CC	471.4	340.5	0.88	-70.82	29.15	178.15	1	1	15.37
719	92	44	0	numu	QE	CC	1248.8	672.5	1.318	-52.11	61.38	224.6	1	1	0.67
719	92	45	0	numu	QE	CC	883.8	403.6	0.112	126.81	63.52	475.67	1	1	1.13
719	93	3	0	numu	QE	CC	550.4	436.1	1.505	93.25	69.42	185.65	1	1	0.72
719	93	7	0	numu	QE	CC	535.4	223.0	0.308	-61.75	14.2	1.85	0	0	-1.00
719	93	11	0	numu	MEC	CC	1279.0	764.4	0.219	-166.06	-75.52	200.07	1	1	0.34
719	93	11	1	numu	QE	CC	712.8	0.0	0.964	-501.36	-379.79	982.37	1	1	904.07
719	93	13	0	numu	RES	CC	1335.2	890.2	1.324	-139.76	104.33	383.73	1	1	2.10
719	93	14	0	numu	QE	CC	2193.2	0.0	0.561	531.21	302.61	201.37	0	0	-1.00
719	93	14	1	numu	RES	CC	929.5	0.0	1.073	-520.31	-138.03	866.1	0	0	-1.00
719	93	14	2	numu	QE	CC	374.4	0.2	1.535	-19.05	215.93	499.77	0	0	-1.00
719	93	15	0	numu	QE	NC	555.2	19.3	0.85	-256.96	100.05	405.08	0	0	-1.00
719	93	25	0	numu	QE	CC	3370.0	184.9	1.292	-42.85	62.39	-546.95	0	0	-1.00
719	93	34	0	numu	QE	CC	859.6	596.0	0.523	141.14	83.68	302.53	1	1	0.41
719	93	41	0	numu	QE	CC	490.6	0.0	1.162	-529.95	-561.93	674.73	0	0	-1.00
719	93	41	1	numu	QE	CC	894.1	202.3	1.056	119.83	209.02	309.94	0	0	-1.00
719	93	42	0	numu	QE	CC	542.1	0.0	0.235	74.46	155.79	-340.76	0	0	-1.00
719	93	42	1	numu	QE	CC	590.1	135.6	1.511	213.99	46.9	367.58	0	0	-1.00
719	93	42	2	numu	QE	CC	1008.8	1.7	1.181	-258.5	57.62	134.1	0	0	-1.00
719	93	44	0	numu	QE	CC	455.6	33.6	0.536	85.37	201.85	-7.48	0	0	-1.00
719	96	4	0	numu	QE	NC	809.8	198.0	1.264	30.05	149.02	407.03	1	1	2.77
719	96	8	0	numu	RES	CC	1474.5	1039.7	0.479	-33.2	86.39	90.63	1	1	0.71
719	96	8	1	numu	RES	NC	661.1	0.0	1.365	475.52	-371.59	575.76	1	1	838.28
719	96	10	0	numu	QE	CC	1058.5	359.1	0.791	-38.78	-181.97	398.17	1	1	0.56
719	96	10	1	numu	QE	CC	1633.4	0.0	0.842	-114.53	-137.9	-413.84	1	1	817.11
719	96	10	2	numu	MEC	CC	471.4	0.0	1.073	552.42	-204.38	-336.29	1	1	943.10
719	96	13	0	numu	QE	CC	404.2	0.0	1.307	-172.7	-703.5	-64.05	0	0	-1.00
719	96	13	1	numu	DIS	CC	923.1	0.0	1.552	-520.48	-56.52	429.76	0	0	-1.00
719	96	13	2	numu	RES	CC	593.3	357.4	0.582	68.03	120.19	302.55	0	0	-1.00
719	96	13	3	numu	QE	CC	1319.1	0.0	0.483	-526.17	-506.33	-395.68	0	0	-1.00
719	96	21	0	numu	QE	CC	436.5	178.9	0.542	-73.84	-211.52	151.17	0	0	-1.00
719	96	25	0	numu	RES	CC	1470.1	1030.5	0.712	-94.85	-42.02	246.11	1	1	0.68
719	96	25	1	numu	QE	NC	783.9	0.1	0.316	-213.32	223.34	273.78	1	1	292.49
719	96	25	2	numu	RES	CC	1532.2	0.0	1.008	547.36	82.07	20.98	1	1	691.31
719	96	32	0	numu	RES	CC	1263.5	104.8	1.147	-208.67	99.08	242.43	0	0	-1.00
719	96	36	0	numu	QE	CC	478.2	0.0	0.354	-166.36	545.35	-288.94	1	1	767.14
719	96	36	1	numu	MEC	CC	618.6	0.0	1.195	235.48	-642.03	501.97	1	1	864.58
719	96	36	2	numu	QE	CC	972.0	686.5	0.753	-141.85	121.05	349.57	1	1	0.25
719	96	36	3	numu	MEC	CC	4412.1	0.0	1.023	-149.71	290.49	-690.01	1	1	1053.34
719	96	43	0	numu	RES	CC	1474.2	21.8	1.245	-7.77	-89.56	-285.22	1	1	318.53
719	96	45	0	numu	QE	CC	1341.7	205.5	1.327	-237.6	110.4	-57.81	0	0	-1.00
719	96	45	1	numu	QE	CC	266.3	0.0	0.217	-25.26	-279.05	-366.2	0	0	-1.00
719	96	45	2	numu	QE	NC	735.8	0.0	0.299	-63.71	-229.69	956.7	0	0	-1.00
719	99	5	0	numu	MEC	CC	795.0	7.2	0.903	-54.97	212.12	231.32	0	0	-1.00
719	99	8	0	numu	QE	NC	1023.5	19.4	0.964	-131.25	-40.53	402.62	0	0	-1.00
719	99	15	0	numu	DIS	CC	2062.8	3.5	0.07	-486.05	-396.26	-265.58	0	0	-1.00
719	99	19	0	numu	RES	CC	1203.9	647.2	0.825	40.55	-5.65	219.79	1	1	1.80
719	99	31	0	numu	QE	CC	567.9	449.1	0.985	58.92	-30.93	494.44	1	1	2.58
719	99	31	1	numu	RES	CC	631.5	0.1	1.386	155.62	24.73	603.67	1	1	157.18
719	99	32	0	numu	RES	CC	1103.8	312.6	0.918	23.36	32.26	-324.12	1	1	330.95
719	99	32	1	numu	QE	CC	616.1	0.0	1.274	-600.4	-253.68	659.86	1	1	940.39
719	99	40	0	numu	QE	CC	443.2	291.8	1.15	30.96	-145.89	310.06	1	1	1.90
719	99	40	1	numu	QE	CC	379.8	0.0	0.215	-586.56	-470.25	70.44	1	1	738.22
719	99	47	0	numu	RES	NC	817.7	0.0	0.202	-376.87	196.97	-286.35	1	1	867.41
719	99	47	1	numu	MEC	CC	972.4	286.9	1.077	-93.76	-195.35	434.17	1	1	1.16
719	99	50	0	numu	QE	CC	1024.0	452.1	0.565	-108.13	16.91	377.62	1	1	0.60
719	99	50	1	numu	RES	NC	1120.3	360.2	0.409	-61.06	19.39	234.82	1	1	149.92
720	5	4	0	numu	QE	CC	874.4	242.2	0.671	-257.41	45.44	-356.41	1	1	378.71
720	5	4	1	numu	QE	NC	592.0	0.0	0.051	-152.85	-542.25	-212.34	1	1	685.06
720	5	5	0	numu	DIS	CC	3417.9	0.0	1.059	-136.7	-115.41	959.51	0	0	-1.00
720	5	5	1	numu	MEC	NC	769.4	18.3	0.585	78.47	106.73	-140.76	0	0	-1.00
720	5	6	0	numu	MEC	CC	1701.7	0.0	0.233	-515.74	-279.7	61.81	0	0	-1.00
720	5	6	1	numu	QE	CC	684.6	164.6	1.299	50.88	-65.16	-307.03	0	0	-1.00
720	5	7	0	numu	QE	CC	410.4	287.0	0.713	9.33	14.24	233.49	1	1	0.78
720	5	11	0	numu	QE	CC	635.5	0.0	0.296	-98.02	-136.72	-323.76	0	0	-1.00
720	5	11	1	numu	RES	CC	1209.5	5.7	0.561	-155.87	-219.98	-330.97	0	0	-1.00
720	5	13	0	numu	QE	NC	1055.3	0.7	0.268	-109.13	-36.18	496.47	0	0	-1.00
720	5	23	0	numu	QE	CC	442.8	0.0	1.148	410.26	148.25	-337.67	0	0	-1.00
720	5	23	1	numu	RES	NC	902.6	11.0	1.016	-174.28	-126.37	-280.46	0	0	-1.00
720	5	23	2	nue	RES	CC	1434.4	0.0	0.995	-6.34	-616.68	208.22	0	0	-1.00
720	5	23	3	numu	RES	CC	3254.5	0.0	0.732	610.77	135.08	1401.28	0	0	-1.00
720	5	25	0	numu	QE	CC	893.6	2.6	1.577	260.04	-43.46	65.91	0	0	-1.00
720	5	25	1	numu	QE	CC	812.7	142.1	0.971	-154.7	206.82	-3.56	0	0	-1.00
720	5	25	2	numu	RES	CC	543.7	0.0	0.066	-354.96	173.13	-442.05	0	0	-1.00
720	5	28	0	numu	QE	CC	1449.1	0.0	1.298	-72.41	-49.4	-337.51	1	1	602.28
720	5	28	1	numu	RES	CC	499.3	233.7	0.504	18.78	-15.02	227.99	1	1	40.45
720	5	32	0	numu	MEC	CC	888.0	680.8	1.03	70.42	47.78	124.77	1	1	0.76
720	5	34	0	numu	RES	CC	632.8	10.3	1.344	48.73	-402.09	-142.4	0	0	-1.00
720	5	34	1	numu	QE	CC	759.0	0.0	0.85	-698.14	35.57	-182.9	0	0	-1.00
720	5	39	0	numu	RES	CC	1216.5	500.3	1.077	167.39	-175.98	465.44	1	1	0.68
720	5	39	1	numu	QE	NC	401.6	0.0	0.552	-664.97	306.05	-49.41	1	1	1090.65
720	5	42	0	numu	RES	CC	582.2	502.5	0.161	118.35	-135.43	144.16	1	1	1.03
720	5	43	0	numu	QE	CC	517.0	0.0	0.8	-666.18	-39.41	68.14	1	1	595.30
720	5	43	1	numu	MEC	CC	1797.4	613.2	0.337	-188.13	-9.87	421.96	1	1	0.18
720	5	43	2	numu	RES	NC	4321.4	0.0	1.319	471.95	134.3	1422.1	1	1	1207.14
720	10	1	0	numu	DIS	CC	1902.0	0.0	1.052	433.13	641.91	-460.26	1	1	1109.97
720	10	1	1	numu	RES	CC	1016.6	736.3	0.767	-175.65	-63.53	143.7	1	1	1.18
720	10	9	0	numu	RES	CC	999.0	297.9	1.343	-122.59	150.04	488.12	1	1	0.33
720	10	16	0	numu	RES	NC	1137.2	0.2	1.024	-340.12	-109.08	-105.61	0	0	-1.00
720	10	17	0	numu	RES	CC	2588.7	0.0	1.445	-81.1	-75.95	-475.14	1	1	553.96
720	10	17	1	numu	QE	CC	383.6	2.2	1.134	139.27	249.63	414.96	1	1	584.16
720	10	17	2	numu	QE	CC	488.8	0.0	0.49	6.72	-473.27	487.82	1	1	556.24
720	10	17	3	numu	RES	CC	612.8	7.4	0.359	-64.61	-29.54	-35.8	1	1	167.65
720	10	17	4	numu	RES	CC	802.5	0.0	1.201	-240.19	-102.02	-414.65	1	1	498.68
720	10	17	5	numu	RES	CC	804.4	0.0	0.481	-322.82	-449.89	61.79	1	1	366.22
720	10	20	0	numu	RES	NC	2645.7	3.6	1.192	142.19	-488.77	-70.33	0	0	-1.00
720	10	20	1	numu	QE	CC	1408.1	782.8	0.538	-211.51	-79.09	-361.36	0	0	-1.00
720	10	21	0	numu	RES	CC	2055.3	20.5	0.458	-40.0	223.79	519.32	0	0	-1.00
720	10	21	1	numu	QE	CC	356.3	0.0	1.573	-324.75	-642.54	509.67	0	0	-1.00
720	10	21	2	numu	DIS	NC	2355.2	0.0	1.563	-301.53	69.03	-291.13	0	0	-1.00
720	10	21	3	numu	QE	CC	479.8	263.4	0.819	-91.9	-201.65	65.66	0	0	-1.00
720	10	25	0	numu	MEC	CC	1472.1	927.0	1.286	-146.44	-0.55	388.13	1	1	0.41
720	10	30	0	numu	QE	CC	644.4	0.0	0.14	338.19	-397.18	-499.0	1	1	978.41
720	10	30	1	numu	MEC	CC	921.7	588.0	0.43	71.91	136.89	276.45	1	1	1.45
720	10	30	2	numu	QE	CC	298.4	0.0	1.183	6.27	-229.56	-392.79	1	1	765.69
720	10	36	0	numu	QE	NC	955.8	15.3	1.422	-116.17	12.78	474.42	1	1	-1.00
720	10	36	1	numu	DIS	CC	3131.0	0.0	0.832	-532.88	-532.0	-691.0	1	1	-1.00
720	10	36	2	numu	RES	CC	1665.0	187.3	0.926	-250.71	34.85	371.33	1	1	-1.00
720	10	37	0	numu	QE	CC	1970.2	47.1	1.362	189.09	-207.69	421.72	0	0	-1.00
720	10	37	1	numu	QE	CC	356.0	0.0	1.295	-148.72	-202.6	-437.31	0	0	-1.00
720	10	37	2	numu	DIS	NC	2231.2	0.0	1.282	586.34	-454.9	291.16	0	0	-1.00
720	10	40	0	numu	QE	CC	791.9	648.5	1.468	-95.36	-192.18	191.45	1	1	1.80
720	10	48	0	numu	RES	CC	687.8	492.3	0.614	-10.16	30.5	125.97	1	1	4.83
720	12	1	0	numu	QE	CC	935.0	728.9	0.782	-93.47	69.13	-15.29	0	0	-1.00
720	12	9	0	numu	QE	CC	705.2	0.0	1.215	-102.55	-408.21	-25.57	0	0	-1.00
720	12	9	1	numu	QE	CC	236.8	22.1	0.687	-71.28	-64.61	-22.52	0	0	-1.00
720	12	11	0	numu	RES	NC	1361.0	7.3	1.224	95.75	58.33	-323.5	0	0	-1.00
720	12	11	1	numu	RES	NC	6372.3	0.0	0.241	84.47	-80.13	-778.71	0	0	-1.00
720	12	11	2	numu	QE	CC	996.4	0.0	1.4	-606.7	-233.81	948.13	0	0	-1.00
720	12	23	0	numu	QE	CC	492.5	282.1	0.127	93.15	210.97	236.5	0	0	-1.00
720	12	35	0	numu	QE	CC	1072.8	1.6	0.212	-63.67	10.1	546.59	0	0	-1.00
720	12	35	1	numu	QE	CC	525.3	0.0	0.791	-528.33	360.7	-221.14	0	0	-1.00
720	12	38	0	numu	QE	NC	2452.0	27.1	0.231	-45.92	-26.51	-9.66	0	0	-1.00
720	12	38	1	numu	RES	CC	777.1	0.0	1.096	-17.14	238.45	952.84	0	0	-1.00
720	12	41	0	numu	RES	CC	712.3	14.1	0.597	-211.11	-60.04	189.46	0	0	-1.00
720	12	42	0	numu	MEC	NC	563.6	247.2	0.391	-153.94	-6.98	208.33	0	0	-1.00
720	12	42	1	numu	QE	CC	707.3	0.0	0.279	606.11	20.64	320.62	0	0	-1.00
720	12	48	0	numu	RES	CC	638.4	343.3	0.73	-162.9	178.55	167.64	0	0	-1.00
720	12	48	1	numu	QE	NC	577.9	0.0	0.597	37.83	-119.45	-309.43	0	0	-1.00
720	12	48	2	numu	QE	CC	495.5	0.0	0.424	-557.79	307.76	145.3	0	0	-1.00
720	17	5	0	numu	RES	NC	2519.4	6.1	0.825	457.26	349.1	-319.68	0	0	-1.00
720	17	5	1	numu	QE	CC	1367.3	0.0	0.199	658.12	-36.8	809.63	0	0	-1.00
720	17	5	2	numu	QE	NC	653.4	6.5	1.117	-90.46	71.05	467.03	0	0	-1.00
720	17	6	0	numu	QE	CC	917.4	25.1	0.11	17.05	-216.22	392.05	0	0	-1.00
720	17	19	0	numu	RES	NC	1277.2	0.0	0.802	163.01	-76.1	-436.45	1	1	757.34
720	17	19	1	numu	DIS	NC	1473.9	548.9	0.41	-20.88	155.48	261.27	1	1	2.73
720	17	20	0	numu	QE	CC	354.1	3.1	0.212	210.95	124.42	-8.51	0	0	-1.00
720	17	22	0	numu	RES	CC	654.4	9.2	0.963	259.34	52.55	401.21	0	0	-1.00
720	17	24	0	numu	RES	NC	1344.5	366.1	1.152	-126.52	-154.46	401.03	1	1	2.67
720	17	24	1	numu	QE	CC	435.4	0.0	0.642	-25.73	-457.31	-172.53	1	1	658.67
720	17	27	0	numu	QE	CC	432.9	220.4	1.581	-187.42	157.78	168.41	1	1	44.83
720	17	29	0	numu	RES	CC	1139.6	0.8	1.113	45.24	-54.33	-274.69	0	0	-1.00
720	17	31	0	numu	QE	NC	688.7	0.0	1.319	298.84	-612.63	-265.77	1	1	1018.91
720	17	31	1	numu	QE	CC	1287.3	199.2	0.7	-162.75	-88.24	478.66	1	1	7.60
720	17	32	0	numu	DIS	NC	4743.8	1177.8	0.913	-157.18	-166.58	33.54	1	1	20.53
720	17	32	1	numu	QE	CC	643.5	0.0	0.677	-245.56	-56.65	970.97	1	1	966.50
720	17	34	0	numu	QE	CC	1372.7	299.1	1.097	-163.28	-23.3	430.02	1	1	0.45
720	17	38	0	numu	QE	NC	1722.9	183.4	1.008	-12.96	-89.47	20.79	1	1	3.45
720	17	43	0	numu	MEC	CC	1319.2	503.7	0.743	-248.42	-13.96	23.17	1	1	606.10
720	17	43	1	numu	QE	CC	1013.2	226.2	0.399	147.55	-103.01	444.71	1	1	22.91
720	17	44	0	numu	QE	NC	232.1	6.1	1.421	-47.93	-133.17	497.52	0	0	-1.00
720	17	44	1	numu	RES	CC	1010.8	0.0	0.491	-7.69	-34.81	997.15	0	0	-1.00
720	17	44	2	numu	RES	NC	1855.2	0.0	0.781	-80.89	-45.95	-490.9	0	0	-1.00
720	17	44	3	numu	QE	NC	381.6	0.0	0.353	403.13	-129.76	-312.49	0	0	-1.00
720	17	50	0	numu	QE	CC	1189.2	1.0	1.309	-71.85	56.72	535.79	0	0	-1.00
720	20	17	0	numu	MEC	CC	1213.1	728.3	0.357	-45.7	-86.22	304.09	1	1	2.97
720	20	18	0	numu	QE	NC	922.5	176.2	0.37	-24.96	61.02	207.71	0	0	-1.00
720	20	19	0	nue	QE	NC	1127.9	0.0	1.13	-92.8	-346.87	-289.25	0	0	-1.00
720	20	19	1	numu	QE	CC	510.0	7.5	0.269	153.38	180.75	-449.25	0	0	-1.00
720	20	23	0	numu	QE	CC	383.3	0.0	1.427	-278.97	-414.68	-396.66	0	0	-1.00
720	20	23	1	numu	RES	CC	635.7	0.0	0.188	-340.56	-314.93	457.63	0	0	-1.00
720	20	23	2	numu	QE	CC	537.8	3.3	0.746	-225.47	-35.99	165.91	0	0	-1.00
720	20	24	0	numu	RES	CC	2228.9	850.2	0.608	-135.74	202.27	475.81	0	0	-1.00
720	20	24	1	numu	DIS	CC	3907.8	0.0	1.177	-432.31	231.43	-1149.77	0	0	-1.00
720	20	33	0	numu	QE	NC	295.3	3.7	1.565	-408.21	119.69	-277.05	1	1	461.70
720	20	33	1	numu	QE	CC	3273.3	521.6	0.376	92.54	-27.67	-724.49	1	1	745.82
720	20	33	2	numu	QE	CC	1161.6	578.9	0.796	-54.71	24.79	1.87	1	1	2.86
720	20	37	0	numu	QE	CC	386.1	225.0	0.459	123.1	-93.08	45.93	1	1	9.77
720	20	43	0	numu	QE	CC	1065.4	754.1	0.765	-208.87	198.01	109.34	0	0	-1.00
720	20	45	0	numu	QE	CC	968.7	50.5	0.048	-188.84	74.16	-364.79	0	0	-1.00
720	20	46	0	numu	QE	CC	1116.2	1008.4	1.585	-13.11	72.34	297.42	1	1	0.47
720	20	46	1	numu	QE	CC	182.7	0.0	0.421	669.25	-682.65	-0.24	1	1	1060.20
720	20	50	0	numu	QE	CC	692.2	0.0	1.53	577.04	16.57	990.43	1	1	1098.21
720	20	50	1	numu	QE	NC	446.5	0.0	0.362	-147.62	-480.05	-34.82	1	1	594.00
720	20	50	2	numu	QE	NC	1358.1	132.0	1.236	-94.62	-51.8	91.86	1	1	153.69
720	24	2	0	numu	RES	NC	2879.5	20.8	1.431	-376.09	-189.82	220.24	0	0	-1.00
720	24	3	0	numu	RES	NC	1583.9	34.2	1.349	-9.93	40.71	-498.32	0	0	-1.00
720	24	3	1	numu	QE	CC	1097.7	0.0	1.504	-258.48	364.77	-366.18	0	0	-1.00
720	24	6	0	numu	QE	CC	382.0	276.9	1.524	-99.29	-12.01	197.65	1	1	0.56
720	24	6	1	numu	QE	CC	835.4	0.0	0.907	-487.92	-460.27	-209.44	1	1	719.88
720	24	12	0	numu	QE	CC	395.8	0.0	0.964	9.75	-692.57	397.58	0	0	-1.00
720	24	12	1	numu	QE	CC	620.7	440.0	0.161	150.84	159.47	203.56	0	0	-1.00
720	24	22	0	numu	QE	CC	976.9	873.0	0.949	109.73	-34.36	19.61	1	1	1.79
720	24	32	0	numu	RES	CC	1095.8	8.5	1.23	129.41	-468.39	-145.45	0	0	-1.00
720	24	38	0	numu	QE	NC	1434.5	20.4	0.377	104.89	-24.94	435.07	0	0	-1.00
720	24	40	0	numu	RES	CC	1502.0	652.6	0.603	177.51	158.87	335.95	1	1	3.52
720	24	40	1	numu	DIS	CC	2936.9	0.0	1.376	469.71	-461.1	1403.12	1	1	1268.02
720	24	47	0	numu	MEC	CC	856.4	35.5	0.92	-0.97	-321.78	-298.01	0	0	-1.00
720	26	2	0	numu	QE	CC	534.6	0.0	0.126	295.12	-709.13	817.16	0	0	-1.00
720	26	2	1	numu	QE	CC	659.8	423.5	0.288	179.55	90.57	-0.49	0	0	-1.00
720	26	9	0	numu	RES	CC	1312.1	18.3	0.874	-223.19	-153.92	38.05	0	0	-1.00
720	26	13	0	numu	RES	CC	868.0	0.2	0.458	-111.66	271.75	12.88	0	0	-1.00
720	26	13	1	numu	QE	NC	665.4	0.0	0.145	131.04	-502.85	835.39	0	0	-1.00
720	26	15	0	numu	QE	CC	1164.3	101.1	0.473	41.65	20.89	516.56	0	0	-1.00
720	26	24	0	numu	QE	NC	871.0	3.7	1.51	45.62	163.47	283.29	0	0	-1.00
720	26	24	1	numu	DIS	NC	535.2	0.0	1.514	-505.08	-142.24	-99.37	0	0	-1.00
720	26	25	0	numu	RES	CC	1918.2	1723.2	1.574	5.88	89.51	25.03	1	1	3.15
720	26	28	0	numu	QE	NC	818.5	0.0	0.087	-287.69	-63.11	-366.83	0	0	-1.00
720	26	28	1	numu	MEC	CC	1410.9	0.1	1.168	238.27	-8.1	-305.32	0	0	-1.00
720	26	28	2	numu	QE	NC	668.6	57.7	1.134	197.37	-202.57	353.48	0	0	-1.00
720	26	31	0	numu	RES	CC	1185.4	0.0	1.032	-340.83	98.31	145.76	0	0	-1.00
720	26	31	1	numu	MEC	CC	863.4	260.4	0.264	-138.45	49.49	434.63	0	0	-1.00
720	26	32	0	numu	QE	CC	607.3	0.0	0.645	-205.58	227.51	-49.76	0	0	-1.00
720	26	32	1	numu	QE	NC	1030.8	23.8	1.517	172.07	-131.37	-11.24	0	0	-1.00
720	26	34	0	numu	QE	CC	1677.6	877.2	1.0	-78.96	111.6	-173.4	1	1	203.82
720	26	34	1	numu	MEC	NC	257.2	0.0	0.887	-698.0	-315.37	951.05	1	1	1251.90
720	26	36	0	numu	QE	CC	954.5	786.4	1.484	-86.49	-150.73	106.31	1	1	0.89
720	26	37	0	numu	RES	CC	864.0	0.0	1.511	-81.49	-79.43	982.76	1	1	878.46
720	26	37	1	numu	QE	NC	988.8	73.2	0.479	-48.9	-48.0	104.53	1	1	1.20
720	26	38	0	numu	RES	NC	1767.8	1054.9	0.712	161.29	-153.9	215.4	1	1	0.22
720	26	38	1	numu	QE	CC	951.0	0.0	0.617	162.24	224.52	-332.43	1	1	665.82
720	26	39	0	numu	MEC	CC	1103.7	824.4	1.377	85.88	44.79	257.6	1	1	0.93
720	26	39	1	numu	QE	CC	518.6	1.1	1.052	-9.8	-104.15	-332.23	1	1	615.57
720	26	39	2	numu	QE	CC	1132.7	0.0	1.04	66.6	12.96	962.82	1	1	706.21
720	26	43	0	numu	DIS	NC	2419.6	204.0	1.339	228.47	96.11	186.63	1	1	47.34
720	26	45	0	numu	RES	NC	785.5	20.8	0.383	37.12	-252.64	70.04	1	1	446.05
720	26	50	0	numu	RES	CC	981.0	695.0	0.518	20.89	137.76	127.97	0	0	-1.00
720	26	50	1	numu	QE	NC	878.4	0.0	0.864	-139.41	219.6	-287.49	0	0	-1.00
720	36	1	0	numu	QE	CC	1249.3	5.5	1.212	-15.61	-4.11	509.66	0	0	-1.00
720	36	4	0	numu	QE	NC	539.8	0.0	0.423	-188.15	-462.23	-440.51	0	0	-1.00
720	36	4	1	numu	RES	CC	1381.0	1.9	0.808	-78.26	79.92	-273.1	0	0	-1.00
720	36	4	2	numu	RES	CC	594.9	1.6	0.979	-218.72	-185.37	249.83	0	0	-1.00
720	36	5	0	numu	RES	CC	939.4	689.9	1.447	15.35	-44.73	183.76	1	1	0.51
720	36	10	0	numu	QE	CC	422.5	311.1	0.877	81.63	-148.61	125.02	1	1	1.26
720	36	10	1	numu	QE	CC	725.6	0.0	1.085	267.97	-144.85	-497.8	1	1	650.39
720	36	10	2	numu	RES	CC	540.0	0.2	1.327	198.19	169.7	514.64	1	1	515.58
720	36	10	3	numu	MEC	CC	564.5	0.0	0.599	-502.4	-69.04	242.36	1	1	600.54
720	36	10	4	numu	MEC	NC	915.3	301.5	1.162	-50.11	-106.98	101.89	1	1	139.52
720	36	15	0	numu	QE	CC	796.2	197.4	0.798	-16.33	97.42	511.79	0	0	-1.00
720	36	17	0	numu	DIS	CC	3593.9	1375.7	0.508	156.86	-82.09	408.33	1	1	5.09
720	36	19	0	numu	RES	NC	585.9	0.0	0.498	286.99	-485.95	-442.53	0	0	-1.00
720	36	19	1	numu	RES	CC	1529.7	11.8	0.484	-152.31	8.27	-325.44	0	0	-1.00
720	36	25	0	numu	QE	NC	487.3	4.9	1.012	125.32	179.36	179.32	0	0	-1.00
720	36	29	0	numu	RES	CC	1730.4	438.3	0.41	7.57	-63.94	-295.97	0	0	-1.00
720	36	40	0	numu	QE	CC	2381.5	1077.0	0.891	50.26	-49.84	-37.23	0	0	-1.00
720	36	47	0	numu	QE	CC	462.5	12.7	1.519	-224.82	-15.14	28.8	0	0	-1.00
720	36	47	1	numu	QE	CC	569.4	0.0	1.57	439.31	-599.67	990.17	0	0	-1.00
720	36	49	0	numu	QE	CC	267.8	0.0	0.77	611.62	-100.98	832.07	1	1	925.92
720	36	49	1	numu	RES	CC	843.6	49.6	0.459	182.65	206.75	80.3	1	1	489.46
720	36	49	2	numu	QE	CC	289.2	134.1	1.567	-178.58	68.7	380.31	1	1	0.12
720	36	49	3	numu	MEC	CC	315.0	0.0	0.423	-304.73	-511.06	-476.34	1	1	1041.96
720	38	6	0	numu	QE	CC	833.2	307.3	0.439	238.39	-68.69	-37.0	0	0	-1.00
720	38	7	0	numu	RES	CC	954.2	197.5	1.214	-243.2	-1.04	-26.77	0	0	-1.00
720	38	9	0	numu	RES	CC	988.7	639.0	0.956	-193.71	154.22	178.5	1	1	0.51
720	38	9	1	numu	QE	CC	982.0	796.9	1.504	-57.17	-2.57	180.24	1	1	208.11
720	38	12	0	numu	QE	CC	355.0	0.3	0.211	-84.71	4.21	534.5	0	0	-1.00
720	38	14	0	numu	QE	CC	670.1	330.6	0.797	-139.61	-32.22	480.25	0	0	-1.00
720	38	14	1	numu	RES	CC	1244.4	1054.2	0.292	-118.25	-0.31	107.86	0	0	-1.00
720	38	23	0	numu	QE	NC	646.6	0.0	0.729	101.19	208.89	-389.49	0	0	-1.00
720	38	23	1	numu	RES	CC	620.0	7.2	0.336	246.37	-50.37	400.42	0	0	-1.00
720	38	25	0	numu	QE	CC	916.0	712.5	1.412	25.86	-58.38	214.8	1	1	0.67
720	38	28	0	numu	QE	CC	272.8	0.0	0.406	-185.33	-577.35	197.42	0	0	-1.00
720	38	28	1	numu	QE	CC	2235.7	31.4	1.284	215.02	-66.94	346.26	0	0	-1.00
720	38	28	2	numu	RES	CC	2694.8	0.0	0.955	119.79	-128.34	1285.14	0	0	-1.00
720	38	35	0	numu	QE	NC	2344.7	0.0	0.628	-464.88	-276.64	-577.22	0	0	-1.00
720	38	35	1	numu	QE	NC	862.2	10.3	1.221	85.7	-127.15	200.73	0	0	-1.00
720	38	36	0	numu	RES	CC	1183.0	695.9	1.567	97.44	-76.73	336.16	1	1	0.69
720	38	42	0	numu	QE	CC	731.6	488.2	1.147	19.09	98.77	183.07	1	1	5.22
720	38	46	0	numu	RES	NC	3056.6	0.0	1.275	561.38	359.81	96.67	0	0	-1.00
720	38	46	1	numu	DIS	NC	1826.9	0.0	0.532	-371.19	-84.18	1050.88	0	0	-1.00
720	38	46	2	numu	QE	NC	1325.4	0.9	0.171	-41.8	-265.98	467.85	0	0	-1.00
720	38	47	0	numu	RES	CC	682.9	0.0	1.362	198.12	-404.93	-174.47	1	1	568.34
720	38	47	1	numu	QE	NC	1193.6	121.2	0.92	56.94	-60.27	253.9	1	1	1.09
720	38	50	0	numu	RES	CC	1212.5	1007.3	0.957	40.15	100.56	194.08	1	1	1.38
720	38	50	1	numu	QE	NC	487.0	0.0	0.689	-426.35	178.63	-435.99	1	1	787.95
720	39	3	0	nue	DIS	CC	2252.4	1465.5	0.578	122.36	158.14	238.53	1	1	1.51
720	39	8	0	numu	QE	CC	628.2	167.1	0.121	-239.04	-255.66	230.68	0	0	-1.00
720	39	8	1	numu	RES	CC	1207.7	0.0	0.411	479.3	16.12	-120.94	0	0	-1.00
720	39	9	0	numu	QE	CC	358.7	0.0	0.68	-697.9	392.07	394.81	1	1	766.05
720	39	9	1	numu	RES	CC	1215.4	801.3	0.08	-173.27	3.0	20.55	1	1	17.41
720	39	11	0	numu	QE	CC	650.5	0.0	0.767	-301.18	123.55	-394.68	0	0	-1.00
720	39	11	1	numu	QE	NC	374.9	0.7	0.515	-144.38	86.03	-8.93	0	0	-1.00
720	39	16	0	numu	RES	CC	1231.9	0.0	0.805	-583.32	246.7	-322.7	0	0	-1.00
720	39	16	1	numu	MEC	NC	675.1	30.9	0.816	201.65	-100.76	545.95	0	0	-1.00
720	39	21	0	numu	MEC	CC	1809.0	0.0	0.293	645.42	90.91	229.88	1	1	-1.00
720	39	21	1	numu	MEC	CC	912.7	1.7	0.185	-257.56	239.34	265.54	1	1	-1.00
720	39	21	2	nue	QE	CC	866.5	0.0	0.346	205.41	-499.08	660.62	1	1	-1.00
720	39	30	0	numu	QE	CC	1589.2	300.0	0.203	-33.64	-94.28	-316.38	0	0	-1.00
720	39	35	0	numu	DIS	CC	1403.8	7.0	1.436	-254.75	-128.72	408.55	0	0	-1.00
720	39	35	1	numu	RES	NC	492.3	0.0	1.186	-42.46	-657.54	-286.64	0	0	-1.00
720	39	42	0	numu	RES	CC	1140.7	298.9	1.327	-65.77	-132.72	493.83	1	1	1.72
720	39	44	0	numu	RES	CC	3201.9	169.5	1.367	-124.61	-54.99	-585.75	0	0	-1.00
720	39	44	1	numu	DIS	NC	996.6	18.6	1.491	14.07	117.8	-296.67	0	0	-1.00
720	39	45	0	numu	DIS	CC	2831.7	1838.8	0.706	-100.42	142.29	58.67	1	1	0.52
720	39	45	1	numu	QE	NC	917.3	133.3	0.478	111.82	-108.47	39.81	1	1	328.97
720	39	48	0	numu	QE	CC	2434.9	16.9	1.139	-103.88	-140.31	584.16	0	0	-1.00
720	39	48	1	numu	QE	NC	849.4	0.0	0.425	263.32	-244.43	-431.19	0	0	-1.00
720	45	5	0	numu	QE	NC	1374.4	0.6	0.967	143.76	75.94	506.57	0	0	-1.00
720	45	14	0	numu	MEC	CC	694.9	0.0	1.104	-310.5	167.78	-465.79	0	0	-1.00
720	45	14	1	nue	DIS	CC	1769.1	1.1	1.482	64.61	226.45	642.98	0	0	-1.00
720	45	31	0	numu	MEC	NC	784.6	345.4	1.009	-124.94	46.76	74.24	1	1	154.99
720	45	31	1	numu	QE	CC	345.6	0.0	0.873	-539.64	-500.92	499.02	1	1	775.65
720	45	32	0	numu	QE	CC	184.9	0.0	0.995	586.78	-513.5	-405.74	1	1	984.70
720	45	32	1	numu	DIS	CC	4371.8	1185.4	0.717	107.9	-121.36	359.48	1	1	0.70
720	45	33	0	numu	RES	CC	3350.1	1320.6	0.587	-11.42	28.93	433.43	1	1	0.84
720	45	36	0	numu	QE	CC	982.0	8.0	0.874	-4.32	57.42	535.19	0	0	-1.00
720	45	41	0	numu	DIS	CC	1465.4	893.0	1.087	-107.11	-28.8	90.68	1	1	15.85
720	45	41	1	numu	QE	CC	469.5	0.0	0.825	504.45	495.48	811.24	1	1	1093.76
720	45	41	2	numu	QE	CC	236.7	0.0	1.119	656.62	640.77	-63.6	1	1	1036.50
720	45	41	3	numu	QE	NC	958.2	0.0	0.329	340.92	180.86	124.9	1	1	504.04
720	45	44	0	numu	DIS	CC	4057.3	0.0	0.339	-29.68	-210.18	960.86	1	1	741.24
720	45	44	1	numu	RES	CC	971.0	149.1	1.391	-173.32	-225.69	256.56	1	1	60.07
720	45	44	2	numu	QE	CC	270.8	0.0	0.225	137.73	-537.62	381.27	1	1	466.04
720	45	44	3	numu	RES	NC	1074.9	0.0	1.137	523.91	168.58	-78.1	1	1	809.45
720	45	45	0	numu	QE	NC	667.5	0.0	1.204	240.55	-592.0	821.36	0	0	-1.00
720	45	45	1	numu	RES	CC	1603.7	117.0	0.407	-262.19	95.6	-420.05	0	0	-1.00
720	45	48	0	numu	QE	CC	386.8	5.2	0.239	-208.49	40.6	226.11	0	0	-1.00
720	46	1	0	numu	RES	NC	3499.7	0.0	0.866	375.07	-148.43	-798.53	0	0	-1.00
720	46	1	1	numu	RES	CC	2144.0	34.8	0.338	257.56	86.65	344.37	0	0	-1.00
720	46	3	0	numu	RES	CC	912.5	498.9	1.21	24.96	6.18	432.76	1	1	9.25
720	46	4	0	numu	MEC	CC	536.9	396.0	0.404	-62.71	-99.08	124.83	1	1	0.56
720	46	4	1	numu	MEC	CC	335.7	0.0	1.095	84.81	-301.25	962.94	1	1	874.47
720	46	4	2	numu	QE	CC	457.2	0.0	0.334	-164.99	-614.91	265.98	1	1	544.86
720	46	5	0	numu	MEC	CC	931.4	455.9	0.07	39.57	64.08	314.2	1	1	0.73
720	46	6	0	numu	DIS	NC	784.2	0.1	0.825	-572.18	-75.25	224.06	1	1	640.85
720	46	6	1	numu	QE	CC	980.1	205.4	0.842	18.76	-156.71	-369.44	1	1	396.50
720	46	17	0	numu	RES	CC	1243.1	72.0	0.707	-117.06	213.77	-428.88	0	0	-1.00
720	46	18	0	numu	MEC	CC	552.4	65.1	0.857	-216.13	143.66	121.54	0	0	-1.00
720	46	21	0	numu	QE	CC	350.1	1.8	0.68	-318.66	-449.36	-143.2	0	0	-1.00
720	46	21	1	numu	QE	CC	329.4	0.0	0.989	-671.86	138.8	86.73	0	0	-1.00
720	46	23	0	numu	MEC	CC	1398.6	403.3	0.565	-25.36	-99.48	-200.61	0	0	-1.00
720	46	23	1	numu	RES	CC	3753.2	0.0	0.427	630.82	-431.09	1349.69	0	0	-1.00
720	46	23	2	numu	DIS	CC	1715.8	34.7	0.213	-249.74	-62.43	91.19	0	0	-1.00
720	46	28	0	numu	QE	NC	257.5	0.0	0.739	-614.44	-274.19	-71.3	0	0	-1.00
720	46	28	1	numu	QE	CC	406.3	12.7	0.437	75.79	190.49	516.64	0	0	-1.00
720	46	32	0	numu	QE	NC	593.8	0.0	0.391	464.29	-573.34	237.85	0	0	-1.00
720	46	32	1	numu	RES	NC	1066.9	0.0	1.248	-511.94	114.29	442.34	0	0	-1.00
720	46	32	2	numu	QE	CC	523.3	40.9	0.764	-92.74	-204.81	14.23	0	0	-1.00
720	46	33	0	numu	RES	CC	2045.0	0.0	1.419	504.31	-26.69	400.66	0	0	-1.00
720	46	33	1	numu	QE	CC	774.3	0.4	0.937	138.78	-270.95	-387.82	0	0	-1.00
720	46	37	0	numu	QE	CC	486.8	0.0	0.754	-673.73	531.44	971.86	1	1	1233.69
720	46	37	1	numu	RES	CC	768.8	281.5	1.249	175.88	-163.14	453.93	1	1	22.45
720	46	37	2	numu	QE	CC	382.7	9.8	0.968	-340.79	11.01	551.11	1	1	570.04
720	46	38	0	numu	RES	CC	1135.5	41.7	0.913	-94.41	189.33	497.71	0	0	-1.00
720	46	38	1	numu	QE	CC	310.8	0.0	1.152	-697.64	-135.73	935.71	0	0	-1.00
720	46	42	0	numu	RES	CC	1031.7	78.0	0.34	-142.02	-159.66	-139.81	1	1	193.34
720	46	46	0	numu	QE	CC	726.9	0.4	1.503	116.37	-368.15	126.96	0	0	-1.00
720	46	46	1	numu	QE	NC	1347.5	0.6	0.342	-88.5	78.37	-41.96	0	0	-1.00
720	46	49	0	numu	RES	CC	2192.1	1364.8	1.242	31.34	30.98	308.39	1	1	0.43
720	46	49	1	numu	RES	CC	679.2	0.0	0.656	491.84	293.27	855.73	1	1	762.24
720	46	50	0	numu	RES	CC	476.8	0.0	0.879	-196.21	-682.71	-427.31	0	0	-1.00
720	46	50	1	numu	DIS	NC	1037.8	6.5	0.55	75.8	-206.15	509.36	0	0	-1.00
720	47	4	0	numu	RES	CC	1561.2	0.0	0.503	-42.33	61.76	-355.49	1	1	843.00
720	47	4	1	numu	QE	CC	737.6	135.5	0.664	-69.41	44.33	487.24	1	1	7.13
720	47	8	0	numu	QE	NC	1094.7	689.0	1.153	139.67	46.33	358.33	1	1	22.06
720	47	12	0	numu	QE	NC	496.5	35.2	0.498	93.31	157.14	102.9	0	0	-1.00
720	47	12	1	numu	QE	CC	1160.6	0.0	0.373	-482.57	167.2	-219.52	0	0	-1.00
720	47	13	0	numu	QE	CC	1359.0	0.3	1.445	152.96	-131.85	597.11	0	0	-1.00
720	47	14	0	numu	RES	NC	1110.3	326.6	0.912	-17.57	73.61	72.03	1	1	21.82
720	47	23	0	numu	QE	CC	882.3	3.4	0.305	-129.54	-98.71	528.3	0	0	-1.00
720	47	28	0	numu	QE	CC	1009.6	634.5	0.942	40.91	53.14	213.83	1	1	2.65
720	47	32	0	numu	QE	NC	761.8	0.0	0.918	-387.5	302.58	-374.74	1	1	958.81
720	47	32	1	numu	QE	CC	518.9	378.6	0.606	62.74	141.88	457.46	1	1	1.36
720	47	36	0	numu	DIS	CC	2451.9	163.7	0.658	-40.99	447.48	-303.7	0	0	-1.00
720	47	44	0	numu	QE	CC	1048.9	119.6	0.961	24.76	76.63	-311.8	0	0	-1.00
720	47	44	1	numu	DIS	CC	1191.7	0.0	0.219	-462.38	-504.62	-402.4	0	0	-1.00
720	47	46	0	numu	QE	CC	986.6	225.0	0.321	-104.5	90.62	479.09	1	1	0.97
720	55	8	0	numu	RES	CC	2300.3	0.0	0.614	-219.57	-650.86	159.06	1	1	787.88
720	55	8	1	numu	QE	CC	598.2	509.6	0.63	-127.18	125.69	61.7	1	1	1.46
720	55	10	0	numu	QE	CC	348.1	0.0	1.188	-674.53	-420.93	954.92	1	1	1015.23
720	55	10	1	numu	QE	CC	315.6	0.0	1.206	658.5	15.81	804.51	1	1	822.92
720	55	10	2	numu	MEC	NC	1024.0	412.9	1.413	4.28	-33.31	307.91	1	1	0.80
720	55	10	3	numu	QE	NC	321.2	0.0	1.072	651.81	358.53	-325.7	1	1	986.54
720	55	11	0	numu	RES	NC	1467.2	608.7	0.794	47.98	24.82	417.29	1	1	44.05
720	55	12	0	numu	QE	NC	291.0	0.0	1.175	-532.25	107.1	-110.04	0	0	-1.00
720	55	12	1	numu	QE	NC	517.7	3.1	0.175	-227.49	-3.36	59.12	0	0	-1.00
720	55	13	0	numu	QE	CC	841.0	319.9	1.088	161.66	41.94	210.55	1	1	0.38
720	55	14	0	numu	QE	CC	249.2	0.2	1.128	-27.0	-358.63	-294.33	0	0	-1.00
720	55	14	1	numu	QE	CC	623.6	0.0	1.039	664.85	-539.5	969.43	0	0	-1.00
720	55	15	0	numu	QE	CC	1569.8	0.6	0.334	-271.64	384.59	-279.33	0	0	-1.00
720	55	17	0	numu	QE	NC	1033.2	139.9	0.623	-75.98	-117.41	415.58	1	1	2.41
720	55	17	1	numu	RES	CC	829.7	0.0	1.201	-298.15	-125.57	-386.11	1	1	834.13
720	55	22	0	numu	RES	NC	4258.6	105.8	0.469	-254.15	-35.48	363.37	0	0	-1.00
720	55	23	0	numu	QE	NC	690.0	0.2	1.01	-241.44	-352.5	117.93	0	0	-1.00
720	55	27	0	numu	MEC	CC	622.2	464.1	0.582	-8.38	-51.99	287.55	1	1	0.11
720	55	27	1	numu	QE	CC	373.1	0.0	1.267	613.57	-116.51	-96.55	1	1	733.85
720	55	30	0	numu	QE	CC	437.8	296.5	1.174	-130.82	161.28	455.22	1	1	0.36
720	55	34	0	numu	QE	CC	653.8	381.2	0.425	-106.11	-181.57	158.09	1	1	1.12
720	55	34	1	numu	QE	CC	613.6	0.0	1.193	-500.75	308.04	-54.01	1	1	662.79
720	55	48	0	numu	QE	CC	476.7	0.0	0.689	-567.61	108.87	103.58	1	1	436.98
720	55	48	1	numu	RES	CC	1450.6	1358.4	0.802	-138.64	23.57	107.75	1	1	0.66
720	55	49	0	numu	QE	NC	728.2	2.7	0.974	-123.98	101.85	65.65	0	0	-1.00
720	59	1	0	numu	QE	CC	1074.0	200.6	0.831	-34.86	203.3	446.05	1	1	-1.00
720	59	3	0	numu	RES	NC	675.4	2.3	0.845	-402.94	117.62	-274.74	0	0	-1.00
720	59	5	0	numu	QE	CC	1199.2	0.0	1.421	47.39	195.65	1007.95	1	1	862.36
720	59	5	1	numu	RES	NC	1002.0	184.0	0.103	205.99	160.95	148.22	1	1	13.22
720	59	6	0	numu	DIS	CC	4732.2	0.0	0.797	-482.6	242.27	-652.89	0	0	-1.00
720	59	6	1	numu	QE	NC	692.0	66.6	1.587	0.43	197.96	349.35	0	0	-1.00
720	59	6	2	numu	QE	CC	1062.2	0.0	0.139	-258.49	9.68	-447.48	0	0	-1.00
720	59	7	0	numu	QE	CC	1084.0	22.3	0.244	-219.62	-51.51	427.16	0	0	-1.00
720	59	7	1	numu	QE	NC	381.1	0.0	0.472	486.64	-212.83	389.05	0	0	-1.00
720	59	9	0	numu	QE	CC	845.4	331.4	0.799	-37.13	125.7	5.6	1	1	2.79
720	59	9	1	numu	QE	NC	414.1	0.0	1.011	-670.0	-518.44	755.64	1	1	1171.72
720	59	9	2	numu	QE	CC	562.5	0.0	1.41	-321.33	-286.05	-449.49	1	1	677.80
720	59	12	0	numu	RES	CC	782.8	518.1	0.066	114.86	-54.46	111.47	1	1	1.15
720	59	12	1	numu	MEC	CC	690.4	0.0	1.219	-99.61	525.34	-434.57	1	1	824.82
720	59	17	0	numu	RES	CC	708.8	0.0	1.076	302.03	-668.13	944.87	0	0	-1.00
720	59	17	1	numu	QE	NC	826.4	21.0	1.235	159.64	166.12	21.35	0	0	-1.00
720	59	17	2	numu	QE	NC	819.8	0.0	1.38	530.9	118.53	-191.64	0	0	-1.00
720	59	19	0	numu	RES	CC	1472.8	261.8	0.8	-181.2	239.54	121.54	1	1	77.81
720	59	21	0	numu	RES	CC	1231.2	128.2	0.919	-51.89	225.57	194.45	0	0	-1.00
720	59	26	0	numu	QE	CC	812.2	271.7	0.61	-224.71	-131.23	-15.77	0	0	-1.00
720	59	40	0	numu	QE	NC	279.0	0.0	0.446	-80.37	-463.1	-339.01	1	1	606.04
720	59	40	1	numu	RES	CC	1172.0	363.4	0.727	-104.91	-200.02	205.87	1	1	1.18
720	59	42	0	numu	QE	CC	3183.9	0.0	0.294	-272.92	-255.84	-892.36	0	0	-1.00
720	59	42	1	numu	MEC	NC	473.4	26.1	0.215	218.45	-45.22	166.42	0	0	-1.00
720	59	49	0	numu	RES	NC	1049.8	531.4	0.101	-18.8	72.18	25.0	1	1	33.69
720	64	3	0	numu	QE	CC	239.1	0.0	0.552	-497.88	-378.81	-71.55	1	1	894.24
720	64	3	1	numu	QE	CC	443.1	240.4	1.268	173.53	-91.3	444.24	1	1	0.22
720	64	4	0	numu	RES	NC	971.7	0.0	0.055	-509.26	327.62	-136.48	1	1	626.53
720	64	4	1	numu	QE	CC	745.1	454.5	0.978	-197.35	-31.93	266.79	1	1	3.39
720	64	4	2	numu	RES	CC	567.1	0.0	1.476	-520.41	-301.29	451.07	1	1	456.61
720	64	5	0	numu	RES	CC	2166.9	251.4	0.164	-181.06	-395.16	-268.17	1	1	-1.00
720	64	6	0	numu	QE	CC	605.6	334.9	1.081	-181.94	-91.25	23.36	1	1	0.43
720	64	16	0	numu	RES	CC	1716.9	274.1	0.645	-56.43	-148.98	497.12	1	1	20.45
720	64	16	1	numu	QE	CC	425.7	0.0	1.124	583.82	469.34	98.67	1	1	987.91
720	64	18	0	numu	MEC	CC	1106.6	289.4	1.472	-35.01	8.6	-321.04	0	0	-1.00
720	64	21	0	numu	QE	CC	810.4	698.3	1.429	-107.9	-96.77	136.02	1	1	0.56
720	64	21	1	numu	QE	NC	514.5	0.0	0.276	109.73	-438.56	250.16	1	1	421.08
720	64	21	2	numu	RES	CC	2496.5	0.0	1.522	-429.86	-667.84	-422.24	1	1	861.62
720	64	28	0	numu	RES	CC	2010.3	1149.0	1.533	-115.79	-74.29	434.23	1	1	0.54
720	64	28	1	numu	RES	CC	2021.7	39.0	0.088	-530.63	-156.61	233.31	1	1	468.25
720	64	30	0	numu	RES	CC	838.1	0.0	1.362	507.49	493.12	401.62	0	0	-1.00
720	64	30	1	numu	DIS	CC	3356.6	453.2	1.186	-163.9	83.77	-351.98	0	0	-1.00
720	64	32	0	numu	QE	CC	352.8	0.0	0.947	50.13	-495.82	-28.52	0	0	-1.00
720	64	32	1	numu	DIS	NC	2577.1	0.9	0.63	-491.55	-388.19	56.43	0	0	-1.00
720	64	40	0	numu	RES	CC	658.6	453.8	1.028	162.99	79.4	123.89	1	1	0.22
720	64	40	1	numu	MEC	CC	1632.7	0.0	0.842	143.8	55.84	-396.39	1	1	521.18
720	64	41	0	numu	MEC	CC	1037.4	765.5	1.053	-136.74	-55.67	227.14	1	1	0.50
720	64	41	1	numu	QE	CC	493.6	0.0	1.276	517.16	-106.21	103.6	1	1	667.08
720	64	42	0	numu	RES	CC	1595.2	1151.3	0.377	-123.38	107.23	373.78	1	1	0.28
720	64	47	0	numu	QE	CC	1142.8	276.2	0.787	141.14	124.31	-306.47	0	0	-1.00
720	64	47	1	numu	QE	CC	913.0	0.0	0.387	4.17	185.32	-403.38	0	0	-1.00
720	64	48	0	numu	MEC	CC	805.5	20.7	0.74	79.07	-14.45	535.62	0	0	-1.00
720	64	48	1	numu	MEC	CC	3460.1	1198.5	1.15	-129.39	-0.24	-275.24	0	0	-1.00
720	64	48	2	numu	QE	NC	579.4	0.0	0.718	564.16	135.38	933.44	0	0	-1.00
720	66	1	0	numu	RES	NC	1067.2	2.7	1.327	-190.49	-14.45	-54.85	0	0	-1.00
720	66	1	1	numu	QE	CC	762.9	0.0	0.903	-580.5	-189.88	819.29	0	0	-1.00
720	66	2	0	numu	QE	CC	565.7	0.0	0.32	-66.93	-323.68	1001.91	1	1	986.07
720	66	2	1	numu	DIS	CC	2760.1	1754.5	1.182	174.63	105.57	145.69	1	1	2.21
720	66	2	2	numu	RES	NC	440.8	0.0	1.328	-495.87	159.78	-30.39	1	1	696.07
720	66	6	0	numu	QE	CC	5060.2	0.0	1.529	412.04	227.07	-752.24	1	1	938.43
720	66	6	1	numu	DIS	NC	1262.5	309.9	1.578	85.25	197.18	61.54	1	1	97.44
720	66	19	0	numu	QE	NC	886.2	0.0	0.55	284.32	-484.19	-69.17	1	1	823.58
720	66	19	1	numu	QE	CC	714.6	154.2	1.377	-173.74	56.47	354.99	1	1	2.53
720	66	23	0	numu	QE	CC	328.6	230.5	0.595	74.99	75.14	105.42	1	1	1.01
720	66	24	0	numu	QE	CC	546.3	8.2	1.121	156.65	165.07	548.45	0	0	-1.00
720	66	24	1	numu	QE	CC	587.7	0.0	0.397	-140.82	-471.06	990.07	0	0	-1.00
720	66	25	0	numu	RES	CC	1475.1	1251.8	0.252	-147.19	97.1	10.4	1	1	1.14
720	66	25	1	numu	QE	CC	656.7	0.0	0.404	535.73	-486.97	594.81	1	1	1072.46
720	66	28	0	numu	RES	NC	1162.5	0.4	0.854	-84.06	-33.19	530.24	0	0	-1.00
720	66	30	0	numu	RES	NC	2211.6	0.1	1.273	580.75	-389.14	101.73	0	0	-1.00
720	66	33	0	numu	QE	CC	1016.4	643.9	0.166	-1.11	-21.72	322.7	1	1	1.38
720	66	35	0	numu	QE	NC	1971.6	380.5	1.43	76.41	-27.56	163.94	1	1	33.40
720	66	40	0	numu	RES	CC	979.1	391.2	0.652	-203.24	80.27	118.88	0	0	-1.00
720	66	40	1	numu	RES	NC	556.4	0.0	0.966	-118.84	-0.66	966.0	0	0	-1.00
720	66	46	0	numu	QE	CC	168.0	0.7	0.296	-460.24	239.26	-299.28	0	0	-1.00
720	66	50	0	numu	MEC	CC	737.9	642.4	1.256	-30.24	-181.31	83.8	1	1	2.33
720	66	50	1	numu	DIS	CC	2776.1	0.0	0.458	611.2	-372.93	1087.35	1	1	1206.62
720	66	50	2	numu	DIS	CC	2992.2	0.0	1.517	336.88	-539.01	1084.36	1	1	1124.85
720	70	6	0	numu	QE	CC	518.7	0.0	0.78	-496.55	373.92	549.79	0	0	-1.00
720	70	6	1	numu	QE	CC	490.5	0.0	1.532	-599.67	362.84	974.99	0	0	-1.00
720	70	6	2	numu	QE	CC	891.1	425.9	1.068	-6.77	227.98	135.24	0	0	-1.00
720	70	11	0	numu	DIS	CC	1360.3	46.0	1.52	247.16	191.82	65.76	0	0	-1.00
720	70	12	0	numu	DIS	CC	2900.3	0.0	0.705	-612.75	215.8	1121.7	0	0	-1.00
720	70	12	1	numu	MEC	CC	1175.4	2.2	1.026	140.84	-476.86	593.7	0	0	-1.00
720	70	12	2	numu	QE	CC	1219.6	0.0	0.403	99.18	-36.08	613.15	0	0	-1.00
720	70	17	0	numu	QE	CC	710.2	4.7	0.211	-142.94	220.74	-4.59	0	0	-1.00
720	70	17	1	numu	QE	CC	736.8	553.7	0.08	202.61	118.61	38.41	0	0	-1.00
720	70	20	0	numu	QE	CC	591.2	0.0	0.732	-144.71	204.64	-331.72	1	1	590.41
720	70	20	1	numu	QE	NC	619.6	34.1	0.499	105.86	207.67	150.58	1	1	120.85
720	70	21	0	numu	DIS	CC	1493.9	526.0	1.522	175.7	173.65	152.7	1	1	0.24
720	70	21	1	numu	MEC	NC	566.6	0.0	0.492	632.58	-357.39	1002.02	1	1	1100.73
720	70	24	0	numu	MEC	CC	476.6	145.0	1.077	-33.66	-168.54	335.35	1	1	2.83
720	70	39	0	numu	QE	NC	647.5	2.1	0.943	-131.75	-88.37	290.61	0	0	-1.00
720	70	39	1	numu	RES	NC	702.7	0.0	0.679	-38.31	-197.41	989.83	0	0	-1.00
720	70	40	0	numu	QE	CC	899.4	412.0	0.861	-155.04	-25.35	-318.08	0	0	-1.00
720	70	43	0	numu	QE	CC	5600.9	5.9	0.261	-51.56	14.65	-812.82	0	0	-1.00
720	75	7	0	numu	RES	CC	1148.3	0.0	1.125	-171.02	-255.92	-404.81	1	1	594.29
720	75	7	1	numu	QE	CC	737.8	322.7	0.969	-98.75	164.15	6.35	1	1	2.40
720	75	8	0	numu	RES	CC	1330.6	432.9	0.723	219.5	-159.0	77.52	1	1	374.81
720	75	8	1	numu	QE	CC	336.3	0.0	1.526	406.73	-530.76	755.93	1	1	913.18
720	75	19	0	numu	QE	NC	875.3	54.8	0.319	31.13	-190.33	412.33	0	0	-1.00
720	75	19	1	numu	QE	CC	513.3	0.0	0.601	-567.67	-322.39	-203.53	0	0	-1.00
720	75	19	2	numu	MEC	CC	763.5	0.0	0.542	-128.21	196.55	-329.12	0	0	-1.00
720	75	32	0	numu	QE	CC	5909.4	254.8	0.149	-138.37	-173.06	443.88	1	1	2.14
720	75	38	0	numu	RES	CC	1245.3	0.0	0.407	420.53	422.29	-366.3	0	0	-1.00
720	75	38	1	numu	MEC	CC	857.9	0.0	0.923	-230.79	4.0	959.43	0	0	-1.00
720	75	38	2	numu	QE	NC	253.4	4.2	0.755	-73.71	-112.89	347.94	0	0	-1.00
720	75	39	0	numu	QE	NC	187.5	0.0	1.234	-383.6	-454.12	-27.65	1	1	733.32
720	75	39	1	numu	QE	CC	503.2	398.5	0.497	32.02	144.57	58.39	1	1	1.92
720	75	40	0	nue	QE	CC	701.3	7.9	1.001	-231.38	55.68	340.17	0	0	-1.00
720	75	41	0	numu	RES	NC	650.7	1.3	0.168	-206.01	-251.95	438.65	0	0	-1.00
720	75	41	1	numu	QE	CC	725.0	0.0	0.584	487.43	98.8	963.4	0	0	-1.00
720	75	45	0	numu	RES	CC	796.5	363.3	0.645	42.45	73.52	494.78	0	0	-1.00
720	75	45	1	numu	QE	CC	1718.1	0.0	1.507	144.76	-47.11	-373.6	0	0	-1.00
720	75	45	2	numu	QE	CC	424.8	0.0	0.555	-602.45	288.88	616.72	0	0	-1.00
720	75	45	3	numu	QE	CC	312.8	0.0	0.896	680.42	-140.21	666.46	0	0	-1.00
720	75	48	0	numu	QE	CC	610.3	41.4	1.057	-474.49	-120.32	-268.73	1	1	-1.00
720	80	4	0	numu	RES	CC	1058.5	659.5	0.074	194.31	124.97	418.97	1	1	0.59
720	80	4	1	numu	DIS	CC	4233.3	0.0	0.605	158.28	-438.67	-1294.12	1	1	1804.06
720	80	5	0	numu	QE	CC	560.9	0.0	0.347	88.9	-458.62	594.61	0	0	-1.00
720	80	5	1	numu	MEC	CC	948.3	368.2	1.187	89.5	-77.49	-271.05	0	0	-1.00
720	80	10	0	numu	DIS	NC	1688.2	667.8	0.448	-133.9	-118.25	239.61	1	1	0.22
720	80	10	1	numu	COH	NC	525.9	4.1	1.266	200.57	-111.24	-200.01	1	1	552.43
720	80	12	0	numu	MEC	CC	597.5	0.0	0.834	79.13	-430.46	-74.2	0	0	-1.00
720	80	12	1	numu	MEC	CC	1608.5	184.7	1.569	-306.34	0.84	-140.49	0	0	-1.00
720	80	12	2	numu	QE	CC	1068.4	0.0	0.471	-251.94	-194.16	962.9	0	0	-1.00
720	80	14	0	numu	QE	NC	398.6	0.0	0.687	-653.3	-307.17	655.0	1	1	1087.35
720	80	14	1	numu	MEC	CC	475.1	372.0	1.005	161.68	-6.51	18.08	1	1	10.70
720	80	15	0	numu	QE	CC	964.7	2.0	0.398	45.73	81.34	515.6	0	0	-1.00
720	80	25	0	numu	QE	CC	487.7	1.5	1.389	-210.38	-202.4	106.5	0	0	-1.00
720	80	28	0	numu	QE	CC	918.2	193.3	0.626	-99.96	-128.47	460.66	1	1	0.61
720	80	28	1	numu	RES	CC	1303.4	0.0	1.258	-147.77	-3.31	-395.62	1	1	866.15
720	80	30	0	numu	RES	CC	2425.7	1563.4	0.893	167.0	-4.06	30.9	1	1	0.64
720	80	30	1	numu	QE	CC	1203.3	0.0	1.371	-145.36	144.11	-434.14	1	1	579.96
720	80	35	0	numu	RES	NC	813.2	3.1	1.448	258.77	-155.01	155.96	0	0	-1.00
720	80	35	1	numu	QE	NC	492.9	0.0	0.329	546.26	-556.52	154.89	0	0	-1.00
720	80	36	0	numu	RES	CC	1015.9	822.3	1.313	-75.37	-113.96	123.5	1	1	3.97
720	80	36	1	numu	QE	NC	453.1	0.0	0.709	503.02	322.34	88.07	1	1	721.90
720	80	38	0	numu	MEC	NC	433.4	9.2	1.252	-234.21	153.98	515.47	0	0	-1.00
720	80	38	1	numu	RES	CC	2466.8	0.0	0.43	-511.51	381.01	348.03	0	0	-1.00
720	80	45	0	numu	RES	CC	1552.4	0.6	0.498	-10.67	5.3	-454.66	0	0	-1.00
720	80	45	1	numu	RES	NC	3129.7	0.0	1.547	639.23	-111.12	346.73	0	0	-1.00
720	80	50	0	numu	QE	NC	315.1	0.0	0.96	159.3	21.26	-281.31	1	1	634.60
720	80	50	1	numu	QE	CC	1135.8	384.6	1.359	52.75	-176.98	310.04	1	1	3.45
