sample	run	subrun	event	rc	wall_s	core_s	timecmd_wall_s	maxrss_kb	dl_warn	event_label	n_bundle	n_inbeam_bundle	n_inbeam_flash	nu_evaluated	n_cosmic_skipped	nu_sel_t0_us	nu_sel_len_cm	nu_sel_n_assoc	nu_x_cm	nu_y_cm	nu_z_cm	numu_score	nue_score	cosmic_flag	cosmict_flag	cosmict_10_score	cosmict_score	kine_reco_Enu_MeV	kine_energy_excluded_MeV	kine_energy_excluded_main_MeV	kine_energy_excluded_other_MeV	kine_n_excluded	kine_energy_flagged_MeV
mcp1k	18255	1	48301	0	5.800	0.695	6	319564	0	cosmic-tagged	10	1	1	0	0																		
mcp1k	18255	1	48367	0	14.195	8.013	15	1296688	0	nu-candidate	15	1	1	1	0	1.098	165.2	27	-161.64511	-91.04813	172.39943	2.3900075	-15.0	1.0	0.0	0.7	0.0	940.0932	1.6559687	0.0	1.6559687	1	19.892433
mcp1k	18255	1	48565	0	7.672	1.059	8	405972	0	no-bundle	12	0	1	0	0																		
mcp1k	18255	1	48895	0	12.907	6.357	14	1226416	0	nu-candidate	12	1	1	1	0	1.442	168.9	7	-164.94785	-165.48453	185.39592	2.8101292	-15.0	1.0	0.0	0.7	0.0	534.32025	2.8431985	0.0	2.8431985	3	3.8841617
mcp1k	18255	1	49445	0	7.712	1.546	8	492124	0	cosmic-tagged	14	1	1	0	0																		
mcp1k	18255	1	49467	0	7.507	1.106	8	412988	0	cosmic-tagged	14	1	1	0	0																		
mcp1k	18255	1	49511	0	6.272	0.925	7	381568	0	no-beam-flash	14	0	0	0	0																		
mcp1k	18255	1	49709	0	7.456	1.070	8	395672	0	no-beam-flash	12	0	0	0	0																		
mcp1k	18255	1	49885	0	6.391	1.015	7	391284	0	no-beam-flash	14	0	0	0	0																		
mcp1k	18255	1	49951	0	12.827	5.886	13	1153184	0	nu-candidate	12	1	1	1	0	1.983	61.3	12	190.78581	174.02457	21.520004	2.3957055	-15.0	1.0	0.0	0.7	0.0	676.8356	2.0730803	0.0	2.0730803	2	16.163115
mcp1k	18255	1	50017	0	6.260	0.910	7	374712	0	no-beam-flash	13	0	0	0	0																		
mcp1k	18255	1	50303	0	12.947	5.772	14	1196928	0	nu-candidate	11	1	1	1	0	1.704	44.2	11	143.40546	35.931374	184.34236	0.19626637	-15.0	1.0	0.0	0.7	0.0	395.41873	5.968326	0.0	5.968326	3	10.169914
mcp1k	18255	1	50523	0	7.836	2.204	8	512164	0	cosmic-tagged	10	1	1	0	0																		
mcp1k	18255	1	50743	0	11.733	5.016	12	1162836	0	nu-candidate	14	1	1	1	0	1.658	2.7	7	25.992485	79.01986	306.41455	-3.1206186	-15.0	1.0	0.0	0.7	0.0	15.692852	5.9085393	0.0	5.9085393	4	3.1825266
mcp1k	18255	1	50765	0	7.636	1.407	8	419364	0	cosmic-tagged	11	1	1	0	0																		
mcp1k	18255	1	50787	0	7.499	0.875	8	374360	0	cosmic-tagged	7	1	1	0	0																		
mcp1k	18255	1	50809	0	4.016	0.949	6	403996	0	no-beam-flash	13	0	0	0	0																		
mcp1k	18255	1	50831	0	7.909	5.248	9	1222632	0	nu-candidate	12	1	1	1	0	1.904	18.7	10	-141.85948	-123.952415	411.8378	-2.0377054	-15.0	1.0	0.0	0.7	0.0	232.92552	1.8665566	0.0	1.8665566	1	10.415107
mcp1k	18255	1	50919	0	4.986	0.870	6	384052	0	nu-candidate	10	1	1	0	0																		
mcp1k	18255	1	51051	0	9.253	7.596	10	1327008	0	nu-candidate	13	1	1	1	0	1.101	253.1	4	-17.361094	-33.897114	302.32382	4.0302553	-15.0	1.0	0.0	0.7	0.0	811.02966	2.99066	0.0	2.99066	2	1.4059243
mcp1k	18255	1	51469	0	7.711	1.242	9	422676	0	cosmic-tagged	15	1	1	0	0																		
mcp1k	18255	1	51513	0	10.031	5.300	11	1204244	0	nu-candidate	12	1	1	1	0	1.499	74.5	7	44.989502	46.682537	138.51555	2.8341138	-15.0	1.0	1.0	0.7	0.0	474.09042	20.18863	0.0	20.18863	4	4.358388
mcp1k	18255	1	51865	0	9.013	5.097	10	1178680	0	nu-candidate	9	1	1	1	0	1.330	2.8	7	-56.141663	114.45163	272.04486	-1.9582871	-15.0	1.0	0.0	0.7	0.0	107.83938	21.486404	0.0	21.486404	6	0.0
mcp1k	18255	1	52085	0	11.238	5.882	12	1146172	0	nu-candidate	8	1	1	1	0	1.643	139.8	7	-1.0946087	112.477974	81.461365	4.5940323	-15.0	1.0	0.0	0.7	0.0	679.9824	0.0	0.0	0.0	0	4.386124
mcp1k	18255	1	52195	0	7.518	2.350	8	444792	0	cosmic-tagged	12	1	1	0	0																		
mcp1k	18255	1	52613	0	6.217	0.973	7	379696	0	cosmic-tagged	9	1	1	0	0																		
mcp1k	18255	1	52657	0	11.294	5.628	12	1211532	0	nu-candidate	19	1	1	1	0	1.594	101.0	5	-33.34585	-53.777576	257.69824	1.1781224	-15.0	1.0	1.0	0.7	0.0	386.3122	21.189598	0.0	21.189598	2	21.699097
mcp1k	18255	1	52723	0	6.661	5.319	8	1165664	0	nu-candidate	10	1	2	1	0	1.125	61.6	3	92.58823	29.306198	449.17252	3.1397417	-15.0	1.0	0.0	0.7	0.0	398.08295	0.0	0.0	0.0	0	3.9605799
mcp1k	18255	1	53361	0	6.832	5.997	8	1238976	0	nu-candidate	19	1	1	1	0	1.970	120.9	5	-18.313257	-192.85774	168.75177	2.2801638	-15.0	1.0	0.0	0.7	0.0	503.7248	2.5335326	0.0	2.5335326	2	79.27669
mcp1k	18255	1	53427	0	10.255	7.088	11	1189740	0	nu-candidate	10	1	1	1	0	1.732	195.5	3	12.9010725	72.128494	433.5804	3.4649582	-15.0	1.0	0.0	0.7	0.0	799.6703	0.0	0.0	0.0	0	4.426469
mcp1k	18255	1	53493	0	4.032	0.896	5	373112	0	no-bundle	8	0	1	0	0																		
mcp1k	18255	1	53581	0	3.841	0.534	4	307820	0	no-bundle	8	0	1	0	0																		
mcp1k	18255	1	53713	0	9.044	5.121	10	1243524	0	nu-candidate	13	1	1	1	0	0.882	2.3	10	-137.63593	-79.7026	342.23972	-2.3610075	-15.0	1.0	0.0	0.7	0.0	34.091064	4.190792	0.0	4.190792	3	9.882212
mcp1k	18255	1	53779	0	6.334	1.004	8	398352	0	no-beam-flash	12	0	0	0	0																		
mcp1k	18255	1	53955	0	6.134	1.075	7	415284	0	cosmic-tagged	13	1	1	0	0																		
mcp1k	18255	1	54175	0	11.187	8.686	12	1255304	0	nu-candidate	12	1	1	1	0	1.265	187.1	17	-72.72782	139.17635	53.958237	4.6130776	-14.622151	1.0	0.0	0.7	0.0	700.0532	1.4051827	0.0	1.4051827	1	20.613424
mcp1k	18255	1	54209	0	4.748	1.020	5	400428	0	no-beam-flash	11	0	0	0	0																		
mcp1k	18255	1	54285	0	4.654	0.834	5	360272	0	no-beam-flash	10	0	0	0	0																		
mcp1k	18255	1	54341	0	9.705	7.004	10	1280068	0	nu-candidate	16	1	1	1	0	2.046	40.6	27	117.13523	164.5922	141.68398	0.34798634	-15.0	1.0	0.0	0.7	0.0	711.7008	220.45076	0.0	220.45076	15	16.935186
mcp1k	18255	1	54351	0	8.781	6.113	10	1203180	0	nu-candidate	13	1	1	1	0	0.587	68.2	5	-140.37035	81.27954	189.62549	0.46953228	-15.0	1.0	0.0	0.7	0.0	710.84186	1.9117714	0.0	1.9117714	2	2.4104967
mcp1k	18255	1	54505	0	6.263	1.054	8	405356	0	no-beam-flash	10	0	0	0	0																		
mcp1k	18255	1	54527	0	6.156	0.960	8	395856	0	no-beam-flash	7	0	0	0	0																		
mcp1k	18255	1	55231	0	5.947	1.002	6	391624	0	cosmic-tagged	12	1	1	0	0																		
mcp1k	18255	1	55539	0	11.567	8.135	12	1282248	0	nu-candidate	14	1	1	1	0	1.994	196.0	5	25.5864	144.37872	344.85287	-0.34584278	-15.0	1.0	1.0	0.7	0.0	635.52795	465.67078	15.931184	449.7396	4	3.001936
mcp1k	18255	1	55583	0	4.727	0.707	6	332792	0	nu-candidate	9	1	1	0	0																		
mcp1k	18255	1	55595	0	10.417	7.949	12	1177588	0	nu-candidate	9	1	1	1	0	1.801	190.4	7	-178.7192	-54.23405	193.10686	1.8503748	-15.0	1.0	0.0	0.7	0.0	730.46936	2.6916633	0.0	2.6916633	3	4.5587044
mcp1k	18255	1	55627	0	10.414	6.403	12	1261272	0	nu-candidate	16	1	1	1	0	1.740	191.7	5	-80.61827	60.17239	182.06499	5.805475	-15.0	1.0	0.0	0.7	0.0	697.2172	0.98569304	0.0	0.98569304	1	6.832062
mcp1k	18255	1	55693	0	4.710	0.801	5	370224	0	no-bundle	9	0	2	0	0																		
mcp1k	18255	1	55715	0	10.345	6.092	11	1210464	0	nu-candidate	12	1	1	1	0	1.547	31.8	13	-48.13503	-38.495422	482.0976	1.1708792	-15.0	1.0	0.0	0.7	0.0	607.8906	10.965563	0.0	10.965563	6	61.9096
mcp1k	18255	1	55925	0	5.771	1.004	6	412476	0	nu-candidate	12	1	1	0	0																		
mcp1k	18255	1	55957	0	8.969	5.099	9	1192860	0	nu-candidate	12	1	1	1	0	1.037	2.2	2	132.67415	7.6587257	446.24017	-2.5303316	-15.0	1.0	0.0	0.7	0.0	15.922628	0.0	0.0	0.0	0	2.0228953
mcp1k	18255	1	56211	0	10.297	5.184	11	1236024	0	nu-candidate	18	1	1	1	0	1.722	23.1	3	89.62687	-33.368935	82.18089	-1.180362	-15.0	1.0	0.0	0.7	0.0	302.65912	0.0	0.0	0.0	0	4.454775
mcp1k	18255	1	56243	0	8.123	6.282	10	1212220	0	nu-candidate	9	1	1	1	0	0.905	87.9	29	135.62057	-27.555494	109.4657	4.364322	-15.0	1.0	0.0	0.7	0.0	802.43585	0.0	0.0	0.0	0	30.448843
mcp1k	18255	1	56299	0	3.700	0.779	4	357944	0	no-beam-flash	10	0	0	0	0																		
mcp1k	18255	1	56353	0	3.539	0.694	4	343724	0	cosmic-tagged	10	1	1	0	0																		
mcp1k	18255	1	56387	0	5.274	1.457	6	450012	0	cosmic-tagged	12	1	1	0	0																		
mcp1k	18255	1	56463	0	18.078	15.060	20	1362892	0	no-bundle	9	0	1	1	0	1.185	429.3	17	130.80612	165.53973	186.07672	4.675054	-15.0	1.0	0.0	0.7	0.0	1434.1763	129.62935	126.78707	2.8422828	3	21.910707
mcp1k	18255	1	56519	0	4.312	0.835	6	372084	0	no-bundle	9	0	1	0	0																		
mcp1k	18255	1	57245	0	6.974	0.917	8	382540	0	nu-candidate	12	1	1	0	0																		
mcp1k	18255	1	57311	0	6.759	0.880	7	362844	0	no-bundle	9	0	1	0	0																		
mcp1k	18255	1	57333	0	6.632	0.718	7	335132	0	no-bundle	9	0	1	0	0																		
mcp1k	18255	1	57355	0	5.236	0.874	7	359360	0	cosmic-tagged	11	1	1	0	0																		
mcp1k	18255	1	57441	0	12.242	6.138	14	1258612	0	nu-candidate	14	1	1	1	0	0.975	102.0	9	-69.30596	-119.92245	408.5633	-1.2298411	-15.0	1.0	1.0	0.7	0.0	378.50867	1.683573	0.0	1.683573	1	17.457403
mcp1k	18255	1	57485	0	12.182	6.761	13	1199188	0	nu-candidate	12	1	1	1	0	1.075	80.8	4	-9.294177	-106.40385	47.693176	2.2069776	-15.0	1.0	0.0	0.7	0.0	604.47504	4.172299	0.0	4.172299	4	0.0
mcp1k	18255	1	57487	0	7.320	0.974	8	410216	0	nu-candidate	15	1	1	0	0																		
mcp1k	18255	1	57575	0	13.221	8.400	14	1253212	0	nu-candidate	11	1	1	1	0	1.081	285.1	6	-44.88039	-3.805876	234.06908	3.9033356	-15.0	1.0	0.0	0.7	0.0	805.908	0.0	0.0	0.0	0	10.276649
mcp1k	18255	1	57661	0	13.585	8.991	14	1388896	0	nu-candidate	12	1	1	1	0	1.818	122.3	12	94.0661	184.12987	135.73935	2.98729	-15.0	1.0	0.0	0.7	0.0	789.504	90.545975	0.0	90.545975	6	13.344912
mcp1k	18255	1	57883	0	13.134	7.497	14	1215692	0	nu-candidate	14	1	1	1	0	1.372	97.4	2	105.13264	38.36851	266.85703	2.3450286	-15.0	1.0	0.0	0.7	0.0	844.50073	3.5111055	0.0	3.5111055	2	0.0
mcp1k	18255	1	57903	0	9.196	5.625	10	1169860	0	nu-candidate	10	1	1	1	0	1.197	97.3	8	-16.514715	-58.22535	266.1444	1.717912	-15.0	1.0	0.0	0.7	0.0	562.40027	11.42012	0.0	11.42012	7	0.0
mcp1k	18255	1	57949	0	4.941	1.219	7	444936	0	no-bundle	11	0	1	0	0																		
mcp1k	18255	1	58169	0	4.759	0.898	7	369700	0	nu-candidate	10	1	1	0	0																		
mcp1k	18255	1	58211	0	4.760	0.722	7	330736	0	nu-candidate	5	1	1	0	0																		
mcp1k	18255	1	58255	0	4.732	0.671	6	334256	0	cosmic-tagged	9	1	1	0	0																		
mcp1k	18255	1	58321	0	11.197	7.883	13	1220876	0	nu-candidate	14	1	1	1	0	0.561	177.8	2	-67.12488	105.32862	466.10904	3.475675	-15.0	1.0	0.0	0.7	0.0	999.734	0.0	0.0	0.0	0	3.8026655
mcp1k	18255	1	58343	0	7.026	3.670	8	788992	0	cosmic-tagged	11	1	1	1	0	1.399	1.2	0	0.0	0.0	0.0	-1.9416895	-15.0	1.0	0.0	0.7	0.0	0.0	0.0	0.0	0.0	0	0.0
mcp1k	18255	1	58345	0	8.300	5.397	10	1185896	0	nu-candidate	9	1	1	1	0	1.568	47.7	3	84.480896	170.3755	93.029785	2.0912006	-15.0	1.0	0.0	0.7	0.0	249.77548	0.0	0.0	0.0	0	3.2309318
mcp1k	18255	1	58433	0	4.258	0.984	6	377428	0	nu-candidate	9	1	1	0	0																		
mcp1k	18255	1	58519	0	3.644	0.938	4	362496	0	no-beam-flash	13	0	0	0	0																		
mcp1k	18255	1	58543	0	3.542	1.538	4	416016	0	cosmic-tagged	11	1	1	0	0																		
mcp1k	18255	1	58607	0	9.286	5.702	11	1236608	0	nu-candidate	15	1	1	1	0	1.575	15.7	13	39.001884	31.534275	188.54976	-0.2740119	-15.0	1.0	0.0	0.7	0.0	518.8802	11.659786	0.0	11.659786	8	6.1880774
mcp1k	18255	1	58653	0	9.272	6.068	11	1228648	0	nu-candidate	11	1	1	1	0	1.698	93.0	8	-137.9766	39.88389	91.40739	2.0466635	-15.0	1.0	0.0	0.7	0.0	356.2113	0.0	0.0	0.0	0	7.390447
mcp1k	18255	1	58667	0	6.422	1.212	7	429300	0	nu-candidate	10	1	1	0	0																		
mcp1k	18255	1	58711	0	5.226	1.138	6	410980	0	cosmic-tagged	10	1	2	0	0																		
mcp1k	18255	1	58717	0	7.884	6.060	10	1312432	0	nu-candidate	17	1	1	1	0	0.656	21.4	4	197.02637	80.269295	40.146946	-0.69416696	-15.0	1.0	0.0	0.7	0.0	302.4463	4.1925864	0.0	4.1925864	2	2.759803
mcp1k	18255	1	58755	0	11.428	7.205	12	1320552	0	cosmic-tagged	16	1	1	1	0	1.988	23.4	14	-18.615898	153.57239	185.64447	-0.23340766	-5.2383785	1.0	0.0	0.7	0.0	350.4645	5.9433255	0.0	5.9433255	4	6.565663
mcp1k	18255	1	58777	0	4.845	0.758	5	344140	0	no-beam-flash	10	0	0	0	0																		
mcp1k	18255	1	58821	0	6.417	1.874	7	524912	0	cosmic-tagged	17	1	1	0	0																		
mcp1k	18255	1	58997	0	6.105	0.691	7	318832	0	no-beam-flash	12	0	0	0	0																		
mcp1k	18255	1	59003	0	11.280	7.341	12	1249052	0	nu-candidate	15	1	1	1	0	1.578	298.4	3	42.225464	-15.400908	210.06314	3.802232	-15.0	1.0	0.0	0.7	0.0	843.14307	0.0	0.0	0.0	0	2.9528093
mcp1k	18255	1	59019	0	5.991	1.057	7	395240	0	no-beam-flash	14	0	0	0	0																		
mcp1k	18255	1	59025	0	15.636	11.134	17	1293884	0	nu-candidate	13	1	1	1	0	1.605	299.7	5	-164.07391	-25.833235	132.93839	1.7864231	-15.0	1.0	0.0	0.7	0.0	1202.3676	3.3084157	0.0	3.3084157	2	5.1824193
mcp1k	18255	1	59047	0	8.499	3.317	10	708480	0	cosmic-tagged	6	1	1	1	0	0.858	1.1	0	0.0	0.0	0.0	-1.9416895	-15.0	1.0	0.0	0.7	0.0	0.0	0.0	0.0	0.0	0	0.0
mcp1k	18255	1	59063	0	4.939	0.978	6	359156	0	cosmic-tagged	9	1	1	0	0																		
mcp1k	18255	1	59069	0	4.904	0.849	6	347276	0	no-bundle	5	0	1	0	0																		
mcp1k	18255	1	59085	0	7.879	5.970	9	1247028	0	nu-candidate	13	1	1	1	0	1.778	25.8	3	-10.665896	185.80504	49.164192	-1.7158592	-15.0	1.0	0.0	0.7	0.0	149.21141	0.0	0.0	0.0	0	25.882122
mcp1k	18255	1	59093	0	8.232	6.602	10	1187872	0	nu-candidate	11	1	1	1	0	1.138	120.1	14	-87.026794	-19.003584	182.70653	2.757943	-15.0	1.0	0.0	0.7	0.0	629.3075	1.0052834	0.0	1.0052834	1	23.948837
mcp1k	18255	1	59179	0	9.516	6.925	11	1220616	0	nu-candidate	10	1	1	1	0	1.213	168.6	4	-81.43236	10.90857	174.4637	3.2975485	-15.0	1.0	0.0	0.7	0.0	703.4629	2.439094	0.0	2.439094	1	3.6212835
mcp1k	18255	1	59247	0	7.906	6.452	9	1140720	0	nu-candidate	13	1	1	1	0	1.644	159.4	2	12.198554	160.29756	149.24174	2.3586748	-15.0	1.0	1.0	0.7	0.0	491.68842	4.7215858	0.0	4.7215858	1	1.3792499
mcp1k	18255	1	59261	0	10.515	5.771	12	1160808	0	nu-candidate	10	1	1	1	0	0.892	94.5	8	47.027	184.18831	220.88441	1.7145482	-15.0	1.0	0.0	0.7	0.0	326.9223	1.7576975	0.0	1.7576975	3	7.820831
mcp1k	18255	1	59335	0	10.576	5.722	12	1202712	0	nu-candidate	8	1	1	1	0	1.513	71.2	12	-155.55278	86.92575	128.62	1.8417758	-15.0	1.0	1.0	0.7	0.0	459.93237	17.897863	0.0	17.897863	6	6.097527
mcp1k	18255	1	59371	0	8.917	6.108	10	1110284	0	nu-candidate	8	1	1	1	0	1.548	107.8	7	47.31816	130.51462	21.89451	3.0284963	-15.0	1.0	0.0	0.7	0.0	567.8885	1.5554351	0.0	1.5554351	2	6.238667
mcp1k	18255	1	59377	0	4.770	0.857	5	359432	0	cosmic-tagged	5	1	1	0	0																		
mcp1k	18255	1	59415	0	4.851	0.952	5	376660	0	no-beam-flash	12	0	0	0	0																		
mcp1k	18255	1	59459	0	4.484	1.968	6	488708	0	cosmic-tagged	15	1	1	0	0																		
mcp1k	18255	1	59553	0	7.661	5.411	8	1138424	0	nu-candidate	9	1	1	1	0	0.609	78.3	9	55.506313	-138.78215	383.43268	2.266547	-15.0	1.0	1.0	0.7	0.0	302.87122	2.5756545	0.0	2.5756545	2	9.137485
mcp1k	18255	1	59663	0	3.733	0.971	4	380292	0	nu-candidate	9	2	2	0	0																		
mcp1k	18255	1	59685	0	8.917	6.059	10	1126548	0	nu-candidate	6	1	1	1	0	1.664	168.2	2	143.15875	-143.14656	195.2655	3.6124175	-15.0	1.0	0.0	0.7	0.0	845.78735	0.0	0.0	0.0	0	5.70329
mcp1k	18255	1	59723	0	5.003	0.968	6	367928	0	cosmic-tagged	9	1	1	0	0																		
mcp1k	18255	1	59753	0	8.812	5.153	10	1224100	0	nu-candidate	15	1	1	1	0	1.061	3.1	13	68.1974	-170.61588	145.89694	-3.209424	-15.0	1.0	0.0	0.7	0.0	30.32278	0.0	0.0	0.0	0	16.976767
mcp1k	18255	1	59773	0	4.987	1.170	6	420572	0	cosmic-tagged	18	1	1	0	0																		
mcp1k	18255	1	59789	0	4.977	1.155	6	427980	0	no-bundle	10	0	1	0	0																		
mcp1k	18255	1	59795	0	7.043	1.975	8	661580	0	no-beam-flash	10	0	0	0	0																		
mcp1k	18255	1	59863	0	4.606	1.207	5	404340	0	cosmic-tagged	14	1	1	0	0																		
mcp1k	18255	1	59899	0	8.468	5.698	9	1173256	0	nu-candidate	11	1	1	1	0	1.602	40.2	2	-193.70395	-8.374906	17.957922	-1.7004381	-15.0	1.0	0.0	0.7	0.0	353.8389	0.0	0.0	0.0	0	2.2176886
mcp1k	18255	1	59929	0	8.606	5.943	10	1228660	0	nu-candidate	14	1	1	1	0	1.932	137.6	13	78.43407	177.22478	330.65778	1.6467282	-15.0	1.0	0.0	0.7	0.0	572.8427	7.001803	0.0	7.001803	4	123.74961
mcp1k	18255	1	60017	0	8.533	5.516	10	1218452	0	nu-candidate	10	1	1	1	0	1.404	46.7	2	166.61679	113.92132	360.34875	1.7245792	-15.0	1.0	0.0	0.7	0.0	247.45506	0.0	0.0	0.0	0	5.0843916
mcp1k	18255	1	60119	0	4.822	1.134	6	433292	0	no-beam-flash	15	0	0	0	0																		
mcp1k	18255	1	60345	0	6.172	1.033	8	391248	0	cosmic-tagged	12	1	1	0	0																		
mcp1k	18255	1	60369	0	6.096	0.898	8	372912	0	cosmic-tagged	13	1	1	0	0																		
mcp1k	18255	1	60559	0	5.789	1.417	6	415692	0	cosmic-tagged	12	1	1	0	0																		
mcp1k	18255	1	60669	0	11.123	6.803	12	1278156	0	nu-candidate	14	1	1	1	0	1.625	81.0	4	-55.1689	68.40344	66.30417	2.351012	-15.0	1.0	0.0	0.7	0.0	643.02954	1.9463174	0.0	1.9463174	1	5.072087
mcp1k	18255	1	60763	0	5.738	0.942	6	381240	0	no-bundle	12	0	1	0	0																		
mcp1k	18255	1	60933	0	12.427	7.971	13	1286608	0	nu-candidate	13	1	1	1	0	1.693	145.3	5	-68.6826	25.436356	276.59793	3.8215463	-15.0	1.0	0.0	0.7	0.0	762.9018	0.0	0.0	0.0	0	8.583902
mcp1k	18255	1	60985	0	5.906	0.953	7	379712	0	cosmic-tagged	11	1	1	0	0																		
mcp1k	18255	1	61071	0	9.973	5.400	12	1195992	0	nu-candidate	10	1	1	1	0	1.211	3.1	3	-127.8183	-195.28966	403.7892	-1.6381195	-15.0	1.0	0.0	0.7	0.0	71.7543	0.0	0.0	0.0	0	4.3862343
mcp1k	18255	1	61093	0	5.934	1.189	7	423164	0	cosmic-tagged	13	1	1	0	0																		
mcp1k	18255	1	61307	0	3.972	0.856	5	355112	0	cosmic-tagged	10	1	1	0	0																		
mcp1k	18255	1	61313	0	4.738	1.179	5	434708	0	cosmic-tagged	13	1	1	0	0																		
mcp1k	18255	1	61351	0	9.044	7.327	11	1238124	0	nu-candidate	11	1	1	1	0	1.919	352.5	6	-63.490574	-122.967995	190.64604	3.5494595	-15.0	1.0	0.0	0.7	0.0	946.6137	3.3555615	0.0	3.3555615	2	10.302519
mcp1k	18255	1	61417	0	9.005	7.053	11	1175876	0	nu-candidate	9	1	1	1	0	1.506	157.3	6	81.89076	-84.12811	387.2196	4.1291304	-15.0	1.0	0.0	0.7	0.0	684.6853	1.1440264	0.0	1.1440264	1	6.5925884
mcp1k	18255	1	61461	0	11.798	8.417	13	1201492	0	nu-candidate	7	1	1	1	0	0.645	137.5	13	105.116196	-92.59895	161.3648	3.7282815	-15.0	1.0	0.0	0.7	0.0	950.43726	110.99472	108.382545	2.6121738	4	12.559627
mcp1k	18255	1	61483	0	4.969	0.930	7	372076	0	no-beam-flash	11	0	0	0	0																		
mcp1k	18255	1	61579	0	10.604	7.647	12	1259008	0	nu-candidate	13	1	1	1	0	1.016	156.2	18	17.117682	-118.578186	55.022305	4.6272545	-15.0	1.0	0.0	0.7	0.0	856.5566	2.6657062	0.0	2.6657062	1	11.39494
mcp1k	18255	1	61637	0	5.001	1.007	7	358176	0	cosmic-tagged	10	1	1	0	0																		
mcp1k	18255	1	61681	0	9.209	5.824	11	1158300	0	nu-candidate	11	2	2	1	0	1.286	111.1	2	-162.3593	-114.078766	200.8495	3.6327398	-15.0	1.0	0.0	0.7	0.0	510.3603	0.0	0.0	0.0	0	4.5989947
mcp1k	18255	1	61711	0	4.956	0.773	6	337108	0	nu-candidate	10	1	1	0	0																		
mcp1k	18255	1	61843	0	10.519	7.005	12	1218160	0	nu-candidate	14	1	1	1	0	1.246	41.7	19	151.3287	173.78868	64.364784	-0.11368332	-6.875447	1.0	0.0	0.7	0.0	643.22723	4.1975656	0.0	4.1975656	3	30.472725
mcp1k	18255	1	61997	0	5.283	2.117	7	438624	0	cosmic-tagged	9	1	1	0	0																		
mcp1k	18255	1	62011	0	5.261	1.116	6	397840	0	cosmic-tagged	9	1	1	0	0																		
mcp1k	18255	1	62019	0	4.330	2.023	6	584760	0	cosmic-tagged	16	1	1	0	0																		
mcp1k	18255	1	62149	0	10.227	7.235	12	1241284	0	nu-candidate	13	1	1	1	0	1.175	128.0	4	113.98804	-61.966663	288.34442	4.4612904	-15.0	1.0	0.0	0.7	0.0	700.1045	0.0	0.0	0.0	0	7.087922
mcp1k	18255	1	62209	0	4.089	1.594	6	510024	0	no-beam-flash	13	0	0	0	0																		
mcp1k	18255	1	62231	0	4.714	1.470	5	382884	0	cosmic-tagged	11	1	1	0	0																		
mcp1k	18255	1	62281	0	9.036	7.078	10	1331240	0	nu-candidate	18	1	1	1	0	1.026	120.8	2	184.72969	-89.716095	320.8887	2.920181	-15.0	1.0	0.0	0.7	0.0	755.93884	3.7420495	0.0	3.7420495	1	2.024564
mcp1k	18255	1	62303	0	5.765	0.967	7	375612	0	cosmic-tagged	12	1	1	0	0																		
mcp1k	18255	1	62327	0	5.897	1.353	7	405080	0	cosmic-tagged	10	1	1	0	0																		
mcp1k	18255	1	62429	0	6.016	1.198	7	416352	0	cosmic-tagged	9	1	1	0	0																		
mcp1k	18255	1	62459	0	13.351	9.237	14	1276724	0	nu-candidate	13	1	2	1	0	0.730	197.1	4	65.704315	197.11964	405.3765	2.9254518	-15.0	1.0	0.0	0.7	0.0	899.50964	0.0	0.0	0.0	0	22.691654
mcp1k	18255	1	62473	0	4.814	0.765	6	344548	0	cosmic-tagged	9	1	1	0	0																		
mcp1k	18255	1	62495	0	8.927	6.244	11	1260396	0	nu-candidate	14	1	2	1	0	0.583	76.4	10	74.37596	152.64049	29.489853	2.7555017	-15.0	1.0	0.0	0.7	0.0	517.91675	0.0	0.0	0.0	0	11.293228
mcp1k	18255	1	62561	0	8.965	5.541	11	1221032	0	nu-candidate	13	1	1	1	0	1.072	2.4	1	3.271059	-79.22609	60.821278	-1.1780332	-15.0	1.0	1.0	0.7	0.0	134.86172	0.8321566	0.0	0.8321566	1	0.0
mcp1k	18255	1	62583	0	10.062	6.506	12	1221952	0	cosmic-tagged	11	1	1	1	0	0.854	1.6	0	-81.1274	7.516002	146.09421	0.80305517	-15.0	1.0	0.0	0.7	0.0	419.50314	264.87253	0.0	264.87253	19	121.15462
mcp1k	18255	1	62613	0	10.416	8.203	12	1290608	0	nu-candidate	13	1	1	1	0	1.041	279.7	4	182.27835	103.175156	0.0053276075	-4.122855	-15.0	1.0	1.0	0.1973003	0.0	804.8635	4.916532	0.0	4.916532	3	1.788191
mcp1k	18255	1	62721	0	8.673	5.110	10	1201148	0	nu-candidate	12	1	1	1	0	0.604	5.2	11	50.21597	15.5118885	137.47949	-0.94689685	-15.0	1.0	0.0	0.7	0.0	88.81986	0.4800408	0.0	0.4800408	1	16.524794
mcp1k	18255	1	62825	0	4.893	0.966	6	387872	0	no-beam-flash	10	0	0	0	0																		
mcp1k	18255	1	62943	0	5.008	1.441	6	494800	0	cosmic-tagged	19	1	1	0	0																		
mcp1k	18255	1	62979	0	4.946	1.216	6	411900	0	cosmic-tagged	10	1	1	0	0																		
mcp1k	18255	1	63097	0	4.840	0.981	6	386484	0	nu-candidate	12	1	1	0	0																		
mcp1k	18255	1	63163	0	9.974	7.357	12	1173144	0	nu-candidate	8	1	1	1	0	1.881	171.8	9	94.56731	113.18432	331.80872	3.710024	-15.0	1.0	0.0	0.7	0.0	555.3406	0.0	0.0	0.0	0	21.378124
mcp1k	18255	1	63273	0	5.876	1.313	6	451480	0	nu-candidate	15	1	1	0	0																		
mcp1k	18255	1	63359	0	11.297	7.111	12	1448860	0	nu-candidate	16	1	1	1	0	0.815	26.0	3	-159.34686	185.29062	52.11792	-0.19030021	-15.0	1.0	0.0	0.7	0.0	348.54858	0.0	0.0	0.0	0	3.3254118
mcp1k	18255	1	63427	0	9.753	5.678	10	1207816	0	nu-candidate	12	1	1	1	0	1.022	84.4	5	-86.85271	-24.229195	111.61118	2.4103336	-15.0	1.0	0.0	0.7	0.0	528.9883	69.3483	0.0	69.3483	3	4.512654
mcp1k	18255	1	63493	0	5.859	1.348	6	437772	0	nu-candidate	15	1	1	0	0																		
mcp1k	18255	1	63515	0	3.794	1.090	5	397596	0	cosmic-tagged	10	1	1	0	0																		
mcp1k	18255	1	63537	0	7.306	5.304	8	1171520	0	nu-candidate	12	1	1	1	0	0.657	2.0	10	-185.52495	60.50107	247.91713	-1.6261246	-15.0	1.0	0.0	0.7	0.0	135.93475	0.0	0.0	0.0	0	27.693005
mcp1k	18255	1	63551	0	7.374	5.601	8	1150896	0	nu-candidate	6	1	1	1	0	2.027	94.7	1	59.074608	35.401794	199.92255	0.9910962	-15.0	1.0	0.0	0.7	0.0	353.557	0.0	0.0	0.0	0	0.60561365
mcp1k	18255	1	63559	0	8.730	6.227	10	1206576	0	nu-candidate	12	1	1	1	0	1.326	157.8	16	184.13898	127.34448	86.228065	-0.1556776	-15.0	1.0	1.0	0.7	0.0	760.21265	4.109808	0.0	4.109808	2	110.52132
mcp1k	18255	1	63581	0	4.765	0.972	6	393176	0	no-bundle	10	0	1	0	0																		
mcp1k	18255	1	63603	0	9.664	6.565	10	1197844	0	nu-candidate	11	1	1	1	0	1.306	120.9	2	43.069878	179.9202	149.06952	3.610793	-15.0	1.0	1.0	0.7	0.0	815.9789	1.6129192	0.0	1.6129192	1	0.0
mcp1k	18255	1	63669	0	9.596	6.621	10	1149388	0	nu-candidate	5	1	1	1	0	1.994	180.5	11	-85.2929	121.70781	334.41013	3.1255622	-15.0	1.0	0.0	0.7	0.0	542.91254	30.98614	0.0	30.98614	8	4.431529
mcp1k	18255	1	63711	0	4.561	1.387	5	451944	0	cosmic-tagged	17	1	1	0	0																		
mcp1k	18255	1	63947	0	4.775	0.997	5	387256	0	nu-candidate	9	1	1	0	0																		
mcp1k	18255	1	64057	0	5.847	1.156	6	408768	0	no-beam-flash	18	0	0	0	0																		
mcp1k	18255	1	64079	0	4.701	0.800	5	347176	0	no-bundle	9	0	1	0	0																		
mcp1k	18255	1	64107	0	4.831	1.074	5	403196	0	nu-candidate	16	1	1	0	0																		
mcp1k	18255	1	64409	0	15.109	11.994	16	1224936	0	nu-candidate	7	1	1	1	0	0.534	59.1	33	77.54968	143.14334	305.65433	0.090564385	6.3431125	1.0	0.0	0.7	0.0	1076.6154	5.7303762	0.0	5.7303762	5	9.835715
mcp1k	18255	1	64453	0	4.791	0.928	6	365132	0	cosmic-tagged	10	1	1	0	0																		
mcp1k	18255	1	64475	0	4.564	1.366	5	406952	0	cosmic-tagged	16	1	1	0	0																		
mcp1k	18255	1	64503	0	8.474	5.137	9	1184236	0	nu-candidate	12	1	1	1	0	1.420	49.8	3	123.6795	-122.34528	122.8487	0.8414644	-15.0	1.0	1.0	0.7	0.0	255.53754	0.0	0.0	0.0	0	3.1914382
mcp1k	18255	1	64591	0	9.938	7.284	11	1255376	0	nu-candidate	12	1	1	1	0	0.890	185.4	22	-63.78235	-39.413944	2.1440563	-2.392834	-15.0	1.0	1.0	-0.42763412	0.0	944.4276	121.26703	116.217026	5.0499964	5	9.744723
mcp1k	18255	1	64613	0	7.269	4.749	9	1169372	0	nu-candidate	11	1	1	1	0	1.677	1.6	2	-94.235466	-32.648335	23.921358	-2.3564634	-15.0	1.0	1.0	0.7	0.0	106.98791	0.0	0.0	0.0	0	1.2304713
mcp1k	18255	1	64701	0	4.614	0.873	5	356060	0	cosmic-tagged	8	1	1	0	0																		
mcp1k	18255	1	64717	0	8.940	5.599	11	1240232	0	nu-candidate	14	1	1	1	0	0.631	46.9	16	-176.87064	96.187996	349.0707	-0.7062075	-15.0	1.0	0.0	0.7	0.0	527.1407	2.4985619	0.0	2.4985619	2	125.32783
mcp1k	18255	1	64921	0	9.252	6.655	11	1203240	0	nu-candidate	10	1	1	1	0	1.854	88.4	14	104.876114	123.87442	102.46053	0.5980057	-15.0	1.0	0.0	0.7	0.0	1010.91516	0.41032124	0.0	0.41032124	1	16.22852
mcp1k	18255	1	64959	0	7.748	6.082	9	1300340	0	nu-candidate	12	1	1	1	0	1.186	87.7	2	16.752388	197.08649	0.07259273	-2.7892094	-15.0	1.0	1.0	0.6239154	0.0	402.07385	1.5488765	0.0	1.5488765	1	66.40231
mcp1k	18259	1	65018	0	3.604	0.764	5	352688	0	nu-candidate	12	1	1	0	0																		
mcp1k	18255	1	65025	0	7.771	5.700	9	1284000	0	nu-candidate	15	1	1	1	0	1.469	38.3	1	38.946033	-198.77855	398.80405	-1.1170219	-15.0	1.0	1.0	0.7	0.0	237.8575	0.0	0.0	0.0	0	10.755499
mcp1k	18255	1	65053	0	9.352	6.368	11	1247560	0	nu-candidate	11	2	2	1	0	0.643	113.9	7	-143.80084	45.595966	300.08096	2.7556157	-15.0	1.0	0.0	0.7	0.0	522.6103	1.9770259	0.0	1.9770259	1	4.3281474
mcp1k	18255	1	65267	0	8.135	5.431	10	1231644	0	nu-candidate	13	1	1	1	0	1.958	10.6	7	-76.210846	-193.30998	435.55252	-0.62271667	-15.0	1.0	0.0	0.7	0.0	33.721798	2.1715233	0.0	2.1715233	2	8.391065
mcp1k	18255	1	65289	0	11.819	8.820	13	1226352	0	cosmic-tagged	10	1	1	1	0	1.746	103.7	16	-81.66646	66.257904	310.16595	2.4572427	-15.0	1.0	0.0	0.7	0.0	1310.0701	3.6626537	0.0	3.6626537	2	92.854126
mcp1k	18255	1	65295	0	8.296	5.639	10	1233704	0	nu-candidate	12	1	1	1	0	0.992	62.6	1	195.90218	-32.875057	448.63718	1.5399387	-15.0	1.0	0.0	0.7	0.0	281.899	0.0	0.0	0.0	0	0.4754954
mcp1k	18255	1	65355	0	3.866	1.015	5	397544	0	nu-candidate	15	1	1	0	0																		
mcp1k	18259	1	65612	0	3.615	0.843	4	375104	0	no-beam-flash	9	0	0	0	0																		
mcp1k	18255	1	65647	0	5.447	1.051	7	397868	0	cosmic-tagged	10	1	1	0	0																		
mcp1k	18255	1	65691	0	5.299	1.191	6	428172	0	cosmic-tagged	10	1	1	0	0																		
mcp1k	18259	1	65788	0	4.877	0.776	5	345336	0	no-beam-flash	11	0	0	0	0																		
mcp1k	18259	1	65942	0	4.872	0.746	5	331896	0	cosmic-tagged	9	1	1	0	0																		
mcp1k	18255	1	65999	0	9.899	5.511	10	1251176	0	cosmic-tagged	15	1	1	1	0	0.584	28.8	6	-200.19919	-96.58208	266.44366	-1.775212	-15.0	1.0	1.0	0.7	0.0	265.19302	2.371329	0.0	2.371329	1	2.057466
mcp1k	18255	1	66043	0	4.963	0.920	5	378548	0	no-beam-flash	14	0	0	0	0																		
mcp1k	18255	1	66087	0	5.877	0.837	7	360948	0	no-beam-flash	7	0	0	0	0																		
mcp1k	18259	1	66118	0	8.603	5.870	10	1205636	0	nu-candidate	11	1	1	1	0	1.950	83.0	2	138.5772	34.13501	204.79713	1.385732	-15.0	1.0	0.0	0.7	0.0	443.32968	0.0	0.0	0.0	0	1.9738119
mcp1k	18259	1	66272	0	8.652	5.425	10	1161064	0	nu-candidate	13	1	1	1	0	0.815	16.0	5	188.11717	104.54315	348.80948	-2.6872463	-15.0	1.0	1.0	0.7	0.0	214.3729	0.7189374	0.0	0.7189374	1	5.5445743
mcp1k	18255	1	66329	0	6.015	0.890	7	370360	0	cosmic-tagged	9	1	1	0	0																		
mcp1k	18259	1	66338	0	6.057	1.046	8	412864	0	no-beam-flash	12	0	0	0	0																		
mcp1k	18255	1	66461	0	5.735	0.829	6	356964	0	cosmic-tagged	10	1	1	0	0																		
mcp1k	18255	1	66571	0	5.820	0.690	7	333464	0	no-bundle	15	0	1	0	0																		
mcp1k	18255	1	66615	0	6.004	1.403	7	470936	0	cosmic-tagged	14	1	2	0	0																		
mcp1k	18259	1	66624	0	5.891	1.161	7	401596	0	cosmic-tagged	9	1	1	0	0																		
mcp1k	18259	1	66646	0	8.725	5.096	10	1158848	0	nu-candidate	12	1	1	1	0	1.923	22.1	2	-50.867012	-71.24478	485.88803	2.528595	-15.0	1.0	0.0	0.7	0.0	239.63477	2.082162	0.0	2.082162	2	0.0
mcp1k	18259	1	66712	0	11.107	7.163	13	1226816	0	nu-candidate	14	1	1	1	0	1.999	66.8	4	67.12254	132.81807	458.22653	3.5454035	-15.0	1.0	0.0	0.7	0.0	766.07544	0.0	0.0	0.0	0	6.8724136
mcp1k	18259	1	66822	0	6.276	1.415	8	388980	0	cosmic-tagged	12	1	1	0	0																		
mcp1k	18259	1	66954	0	6.484	1.849	8	460928	0	cosmic-tagged	14	1	1	0	0																		
mcp1k	18259	1	67108	0	6.220	0.996	8	390756	0	no-bundle	6	0	1	0	0																		
mcp1k	18259	1	67152	0	5.156	1.365	7	456136	0	nu-candidate	14	1	1	0	0																		
mcp1k	18259	1	67394	0	11.211	7.541	13	1212292	0	nu-candidate	13	1	1	1	0	0.635	46.5	21	55.45589	174.53613	387.4315	1.3415799	0.17862076	1.0	0.0	0.7	0.0	1148.0094	2.171961	0.0	2.171961	1	21.793154
mcp1k	18259	1	67746	0	9.979	6.828	12	1199832	0	nu-candidate	9	1	1	1	0	1.618	172.4	1	71.10309	37.32898	330.72928	3.9817302	-15.0	1.0	0.0	0.7	0.0	532.01575	0.6820814	0.0	0.6820814	1	0.0
mcp1k	18259	1	67922	0	6.037	0.854	8	359968	0	no-beam-flash	9	0	0	0	0																		
mcp1k	18259	1	67988	0	6.109	0.945	8	376532	0	no-beam-flash	11	0	0	0	0																		
mcp1k	18259	1	68054	0	5.719	1.044	6	395040	0	cosmic-tagged	10	1	1	0	0																		
mcp1k	18259	1	68362	0	6.075	1.227	7	441240	0	no-bundle	12	0	1	0	0																		
mcp1k	18259	1	68428	0	5.961	0.866	7	352588	0	cosmic-tagged	10	1	1	0	0																		
mcp1k	18259	1	68516	0	4.804	0.859	6	350836	0	no-bundle	10	0	1	0	0																		
mcp1k	18259	1	68648	0	9.710	6.393	11	1242460	0	nu-candidate	11	1	1	1	0	1.371	116.8	1	-61.165524	-152.88312	388.60257	-1.2609358	-15.0	1.0	0.0	0.7	0.0	215.39719	231.8693	229.81386	2.0554287	2	0.0
mcp1k	18259	1	68714	0	9.830	6.130	11	1230436	0	nu-candidate	13	1	1	1	0	1.085	94.0	1	-174.9573	-49.326515	288.36145	2.3186533	-15.0	1.0	0.0	0.7	0.0	450.16696	0.0	0.0	0.0	0	2.7309425
mcp1k	18259	1	68956	0	10.149	6.671	12	1209024	0	cosmic-tagged	10	1	1	1	0	2.010	115.0	4	76.23012	-180.84755	89.51845	3.2583482	-15.0	1.0	1.0	0.7	0.0	610.6251	4.0293274	0.0	4.0293274	3	0.0
mcp1k	18259	1	68978	0	11.536	7.011	13	1248124	0	nu-candidate	11	1	1	1	0	1.910	156.3	2	9.145556	91.39136	87.2426	1.2545619	-15.0	1.0	0.0	0.7	0.0	600.8004	4.543587	0.0	4.543587	2	0.0
mcp1k	18259	1	69000	0	5.917	0.706	7	328612	0	cosmic-tagged	8	1	1	0	0																		
mcp1k	18259	1	69066	0	4.874	1.266	6	411172	0	cosmic-tagged	8	1	1	0	0																		
mcp1k	18259	1	69286	0	4.851	1.311	6	442860	0	no-bundle	10	0	1	0	0																		
mcp1k	18259	1	69308	0	4.643	0.657	6	313164	0	nu-candidate	8	1	1	0	0																		
mcp1k	18259	1	70562	0	4.350	0.693	5	312868	0	nu-candidate	7	2	2	0	0																		
mcp1k	18259	1	70980	0	4.475	1.406	5	391992	0	cosmic-tagged	12	1	1	0	0																		
mcp1k	18259	1	71046	0	8.696	6.432	9	1182732	0	nu-candidate	14	1	1	1	0	0.784	192.2	8	-82.42185	120.64329	346.3606	3.69852	-15.0	1.0	0.0	0.7	0.0	640.3542	6.261465	0.0	6.261465	3	12.193137
mcp1k	18259	1	71178	0	7.706	5.987	9	1219408	0	nu-candidate	12	1	1	1	0	1.562	23.9	13	106.385284	-136.43982	464.80698	-0.8322652	-15.0	1.0	0.0	0.7	0.0	513.65454	0.0	0.0	0.0	0	136.0312
mcp1k	18259	1	71222	0	10.224	7.928	12	1270236	0	nu-candidate	12	1	1	1	0	1.702	122.8	11	-118.18678	99.89989	98.7725	2.8786643	-15.0	1.0	0.0	0.7	0.0	934.27435	0.0	0.0	0.0	0	17.189117
mcp1k	18259	1	71266	0	7.837	5.802	9	1279248	0	nu-candidate	13	1	1	1	0	0.687	95.2	1	94.50227	152.28624	439.96414	2.3331778	-15.0	1.0	0.0	0.7	0.0	348.32202	0.0	0.0	0.0	0	2.2251177
mcp1k	18259	1	71288	0	5.096	1.017	7	395488	0	no-bundle	14	0	1	0	0																		
mcp1k	18259	1	71376	0	4.911	0.717	7	332932	0	no-beam-flash	12	0	0	0	0																		
mcp1k	18259	1	71486	0	4.917	1.255	7	395848	0	cosmic-tagged	13	1	1	0	0																		
mcp1k	18259	1	71530	0	10.316	5.932	11	1300184	0	cosmic-tagged	10	1	1	1	0	0.818	20.9	2	-67.03817	25.83927	385.6123	-1.811304	-15.0	1.0	0.0	0.7	0.0	67.78147	0.0	0.0	0.0	0	1.7318594
mcp1k	18259	1	71640	0	11.708	8.007	12	1295496	0	nu-candidate	11	1	1	1	0	1.066	230.1	6	-115.28234	-12.756884	331.0869	2.7537959	-15.0	1.0	1.0	0.7	0.0	771.64594	0.0	0.0	0.0	0	100.32083
mcp1k	18259	1	71882	0	6.182	1.609	8	469552	0	cosmic-tagged	10	1	1	0	0																		
mcp1k	18259	1	71948	0	6.118	1.169	7	430184	0	no-beam-flash	11	0	0	0	0																		
mcp1k	18259	1	72256	0	10.190	6.006	12	1223224	0	nu-candidate	12	1	1	1	0	1.031	75.9	2	-12.815837	53.514732	443.77258	3.411619	-15.0	1.0	0.0	0.7	0.0	419.15555	0.0	0.0	0.0	0	1.6498206
mcp1k	18259	1	72564	0	3.761	0.851	5	355452	0	no-bundle	10	0	1	0	0																		
mcp1k	18259	1	72586	0	11.454	7.929	12	1282104	0	nu-candidate	15	1	1	1	0	1.175	301.4	20	-61.27484	-196.12286	55.314716	0.9988881	-15.0	1.0	1.0	0.7	0.0	981.6043	27.158995	0.0	27.158995	19	0.0
mcp1k	18259	1	72828	0	5.299	1.061	7	401424	0	cosmic-tagged	12	1	1	0	0																		
mcp1k	18259	1	73004	0	11.356	8.386	12	1267776	0	nu-candidate	12	1	1	1	0	0.625	106.4	9	-11.755642	151.4674	158.73442	3.0696726	-15.0	1.0	0.0	0.7	0.0	934.9478	261.84692	225.47238	36.374535	4	24.234247
mcp1k	18259	1	73070	0	3.864	0.813	4	352860	0	nu-candidate	9	1	1	0	0																		
mcp1k	18259	1	73422	0	4.004	1.161	6	434044	0	no-beam-flash	10	0	0	0	0																		
mcp1k	18259	1	166650	0	4.980	1.229	7	420984	0	cosmic-tagged	13	1	1	0	0																		
mcp1k	18259	1	166738	0	13.908	9.229	16	1230324	0	nu-candidate	11	1	1	1	0	0.646	218.0	36	25.600359	45.196896	177.50093	3.9011607	-15.0	1.0	0.0	0.7	0.0	1511.3516	9.312425	0.0	9.312425	7	368.2191
mcp1k	18259	1	166804	0	8.809	5.114	10	1168336	0	nu-candidate	10	1	1	1	0	1.658	28.3	1	56.454346	90.11893	499.1119	-1.2655905	-15.0	1.0	1.0	0.7	0.0	205.74046	0.705983	0.0	0.705983	1	0.0
mcp1k	18259	1	166870	0	12.860	9.289	14	1259868	0	nu-candidate	17	1	1	1	0	0.621	31.9	17	-141.42921	143.77858	137.13165	-0.5403952	-15.0	1.0	0.0	0.7	0.0	680.3897	36.15557	36.15557	0.0	2	26.994135
mcp1k	18259	1	167112	0	8.880	6.235	10	1230908	0	nu-candidate	15	1	1	1	0	1.250	57.0	10	-110.78104	172.42877	224.46046	3.560645	-15.0	1.0	0.0	0.7	0.0	642.2927	0.0	0.0	0.0	0	10.023298
mcp1k	18259	1	167200	0	5.967	0.820	7	347260	0	cosmic-tagged	10	1	1	0	0																		
mcp1k	18259	1	167222	0	4.778	0.785	6	355832	0	no-bundle	7	0	1	0	0																		
mcp1k	18259	1	167354	0	4.883	1.241	6	430508	0	cosmic-tagged	14	1	1	0	0																		
mcp1k	18259	1	167376	0	4.909	0.886	6	348388	0	cosmic-tagged	9	1	1	0	0																		
mcp1k	18259	1	167398	0	4.737	1.663	5	506888	0	cosmic-tagged	10	1	1	0	0																		
mcp1k	18259	1	167640	0	6.547	2.195	8	537316	0	cosmic-tagged	12	1	1	0	0																		
mcp1k	18259	1	167684	0	9.675	5.141	10	1179632	0	nu-candidate	14	1	1	1	0	1.139	14.6	0	4.286679	-181.3422	253.69286	-1.5693709	-15.0	1.0	0.0	0.7	0.0	157.91641	0.0	0.0	0.0	0	0.0
mcp1k	18259	1	167904	0	6.019	1.416	7	486752	0	no-beam-flash	16	0	0	0	0																		
mcp1k	18259	1	168388	0	4.852	0.793	5	354308	0	cosmic-tagged	7	1	1	0	0																		
mcp1k	18259	1	168410	0	4.802	0.884	6	369428	0	cosmic-tagged	11	1	1	0	0																		
mcp1k	18259	1	168432	0	10.180	7.063	12	1239692	0	nu-candidate	13	1	1	1	0	1.143	84.7	8	-96.77847	-189.7287	449.81305	1.8629826	-7.7535224	1.0	0.0	0.7	0.0	824.1953	0.0	0.0	0.0	0	6.2612724
mcp1k	18259	1	168526	0	28.416	24.326	29	1340132	0	nu-candidate	13	1	1	1	0	1.265	373.1	43	-155.86232	-98.8486	38.55051	3.7231152	-15.0	1.0	0.0	0.7	0.0	2414.9468	265.1286	254.75049	10.378092	8	45.934326
mcp1k	18259	1	168614	0	10.093	6.828	11	1158944	0	nu-candidate	9	1	1	1	0	1.099	174.2	1	108.273094	70.72851	232.55212	2.364878	-15.0	1.0	0.0	0.7	0.0	548.6665	0.0	0.0	0.0	0	1.1843299
mcp1k	18259	1	168658	0	8.979	5.992	10	1265384	0	nu-candidate	17	1	1	1	0	1.634	90.3	5	168.21196	-177.3406	256.9726	1.9718239	-15.0	1.0	1.0	0.7	0.0	350.21838	0.0	0.0	0.0	0	6.402835
mcp1k	18259	1	169054	0	4.654	0.970	5	351952	0	cosmic-tagged	6	1	1	0	0																		
mcp1k	18259	1	169202	0	5.204	1.067	7	409856	0	no-bundle	9	0	1	0	0																		
mcp1k	18259	1	169208	0	6.355	1.971	8	512316	0	cosmic-tagged	11	1	1	0	0																		
mcp1k	18259	1	169340	0	4.691	0.949	5	376556	0	no-bundle	10	0	1	0	0																		
mcp1k	18259	1	169356	0	11.952	8.572	13	1250156	0	nu-candidate	11	1	1	1	0	1.689	123.3	18	140.71129	152.30481	178.0431	0.9956202	-15.0	1.0	0.0	0.7	0.0	1098.7643	13.388194	13.388194	0.0	2	140.60745
mcp1k	18259	1	169488	0	6.776	4.914	8	1155160	0	nu-candidate	6	1	1	1	0	1.123	3.7	11	95.29633	160.29924	416.40442	-1.7560524	-15.0	1.0	0.0	0.7	0.0	98.46694	9.36979	0.0	9.36979	5	9.35515
mcp1k	18259	1	169532	0	4.725	1.552	5	398484	0	cosmic-tagged	8	1	1	0	0																		
mcp1k	18259	1	169598	0	8.802	5.879	9	1216140	0	nu-candidate	10	2	2	1	0	1.514	88.0	3	158.15569	198.81238	185.51633	-1.4645265	-15.0	1.0	1.0	0.7	0.0	447.10077	3.565117	0.0	3.565117	1	1.9579606
mcp1k	18259	1	169620	0	9.501	7.770	11	1177228	0	nu-candidate	10	1	1	1	0	1.854	201.4	8	50.50413	157.24033	32.089	3.6606324	-15.0	1.0	0.0	0.7	0.0	1092.4443	0.6353648	0.0	0.6353648	1	6.049663
mcp1k	18259	1	169626	0	10.678	7.863	12	1174756	0	nu-candidate	9	1	1	1	0	1.243	41.6	23	-14.247183	152.28535	407.06238	0.18793707	-15.0	1.0	0.0	0.7	0.0	782.60986	142.16904	0.0	142.16904	3	549.0212
mcp1k	18259	1	169708	0	3.980	0.932	5	360432	0	cosmic-tagged	9	1	1	0	0																		
mcp1k	18259	1	169736	0	3.923	1.019	5	394984	0	cosmic-tagged	11	1	1	0	0																		
mcp1k	18259	1	169758	0	4.842	2.888	5	682956	0	cosmic-tagged	3	1	1	1	0	1.379	2.3	0	0.0	0.0	0.0	-1.9416895	-15.0	1.0	0.0	0.7	0.0	0.0	0.0	0.0	0.0	0	0.0
mcp1k	18259	1	169774	0	6.567	4.901	8	1162972	0	nu-candidate	9	1	1	1	0	0.969	14.1	10	-78.25553	-198.65558	191.61137	-2.0771756	-15.0	1.0	1.0	0.7	0.0	64.64038	0.0	0.0	0.0	0	5.015045
mcp1k	18259	1	169824	0	12.151	9.466	13	1280816	0	nu-candidate	11	1	1	1	0	1.328	325.2	4	57.349625	-142.64091	113.835976	6.187283	-15.0	1.0	0.0	0.7	0.0	1062.9089	242.60432	242.60432	0.0	3	5.142191
mcp1k	18259	1	169846	0	6.838	5.119	8	1219768	0	nu-candidate	12	1	1	1	0	1.877	2.4	8	-77.77229	-44.43074	226.77411	-2.7578018	-15.0	1.0	0.0	0.7	0.0	32.724224	0.0	0.0	0.0	0	19.72834
mcp1k	18259	1	169890	0	8.958	6.257	10	1221928	0	nu-candidate	14	1	1	1	0	1.635	149.1	1	-60.247963	-89.495735	352.19962	4.489762	-15.0	1.0	0.0	0.7	0.0	477.72644	0.0	0.0	0.0	0	1.5746939
mcp1k	18259	1	170792	0	8.914	6.038	10	1182600	0	nu-candidate	9	1	1	1	0	1.662	56.2	4	-141.93228	177.6531	113.67499	1.5955215	-15.0	1.0	0.0	0.7	0.0	574.7589	0.8314833	0.0	0.8314833	1	2.7450094
mcp1k	18259	1	170808	0	9.071	6.460	10	1305340	0	nu-candidate	13	1	1	1	0	1.008	57.8	12	177.36972	45.243305	386.71686	2.1975102	-15.0	1.0	1.0	0.7	0.0	734.8632	2.2323387	0.0	2.2323387	1	21.697887
mcp1k	18259	1	170814	0	8.251	5.571	10	1182604	0	nu-candidate	15	1	1	1	0	0.758	52.6	3	15.461126	-59.735847	202.74603	0.18841152	-15.0	1.0	1.0	0.7	0.0	308.9441	0.0	0.0	0.0	0	8.568101
mcp1k	18259	1	170880	0	8.085	5.403	10	1217708	0	nu-candidate	12	1	1	1	0	1.506	18.2	10	-128.27492	-66.453766	475.72388	-2.4729733	-15.0	1.0	0.0	0.7	0.0	187.44626	8.556811	0.0	8.556811	6	8.078397
mcp1k	18259	1	170924	0	9.443	5.844	11	1262100	0	nu-candidate	10	1	1	1	0	0.850	35.8	1	70.18399	-182.7173	73.49581	2.2257552	-15.0	1.0	0.0	0.7	0.0	358.7562	1.6259261	0.0	1.6259261	1	0.0
mcp1k	18259	1	170940	0	5.504	1.516	7	469704	0	cosmic-tagged	19	1	1	0	0																		
mcp1k	18259	1	170984	0	3.927	0.968	4	395468	0	nu-candidate	13	1	2	0	0																		
mcp1k	18259	1	171050	0	5.074	1.192	6	436716	0	nu-candidate	17	2	2	0	0																		
mcp1k	18259	1	171116	0	3.632	1.009	4	412508	0	cosmic-tagged	12	1	1	0	0																		
mcp1k	18259	1	171144	0	4.017	1.046	4	398896	0	no-beam-flash	11	0	0	0	0																		
mcp1k	18259	1	171358	0	8.736	5.559	9	1155972	0	nu-candidate	9	1	1	1	0	0.743	31.2	8	166.61714	-11.199499	269.67953	0.16624634	-15.0	1.0	0.0	0.7	0.0	414.6126	8.460481	3.0966334	5.3638473	4	15.60766
mcp1k	18259	1	171446	0	3.834	1.168	5	392488	0	cosmic-tagged	6	1	1	0	0																		
mcp1k	18259	1	171600	0	8.607	6.763	10	1274764	0	nu-candidate	12	1	1	1	0	0.563	341.8	12	171.67323	-105.33453	16.592781	4.6363935	-15.0	1.0	0.0	0.7	0.0	934.751	6.7338815	0.0	6.7338815	3	9.274315
mcp1k	18259	1	171892	0	8.307	5.185	9	1262960	0	nu-candidate	15	1	1	1	0	0.614	1.9	2	-7.552545	62.677097	396.22	-1.2725792	-15.0	1.0	0.0	0.7	0.0	106.87286	0.42587456	0.0	0.42587456	1	0.0
mcp1k	18259	1	172090	0	11.475	8.051	12	1230516	0	nu-candidate	8	1	1	1	0	1.048	286.1	3	36.004982	198.49672	276.41394	-2.098174	-15.0	1.0	1.0	0.7	0.0	823.24426	1.7006046	0.0	1.7006046	1	2.5856626
mcp1k	18259	1	172200	0	5.662	1.139	6	432676	0	nu-candidate	17	1	1	0	0																		
mcp1k	18259	1	172266	0	8.882	6.951	10	1166948	0	nu-candidate	12	1	1	1	0	0.808	117.1	20	-27.983868	131.86115	68.461586	1.8537782	-15.0	1.0	0.0	0.7	0.0	732.9358	24.2165	0.0	24.2165	8	9.417997
mcp1k	18259	1	172414	0	5.869	0.732	7	346980	0	cosmic-tagged	12	1	1	0	0																		
mcp1k	18259	1	172552	0	5.931	0.935	7	376692	0	cosmic-tagged	11	1	1	0	0																		
mcp1k	18259	1	172596	0	5.896	0.915	7	385892	0	cosmic-tagged	11	1	1	0	0																		
mcp1k	18259	1	172656	0	10.620	7.733	12	1211228	0	nu-candidate	10	1	1	1	0	0.697	257.9	13	78.01052	194.4958	79.84945	1.8752669	-15.0	1.0	0.0	0.7	0.0	900.90155	6.3979897	2.0699613	4.3280287	5	129.88902
mcp1k	18259	1	172722	0	5.612	0.781	6	357304	0	cosmic-tagged	9	1	1	0	0																		
mcp1k	18259	1	172788	0	14.182	9.720	15	1291160	0	nu-candidate	18	2	2	1	0	1.375	285.3	2	175.5376	13.793585	418.58624	1.5871594	-15.0	1.0	0.0	0.7	0.0	811.04236	214.77582	213.62897	1.14685	4	0.9867654
mcp1k	18259	1	172794	0	10.298	6.636	11	1228500	0	nu-candidate	16	1	1	1	0	1.502	220.6	2	21.461622	147.95819	178.70808	2.5618074	-15.0	1.0	0.0	0.7	0.0	1030.8306	0.0	0.0	0.0	0	1.5712571
mcp1k	18259	1	172832	0	9.400	6.335	11	1190140	0	nu-candidate	15	1	1	1	0	1.174	137.1	15	-61.719044	-67.00416	130.82191	4.5056257	-15.0	1.0	0.0	0.7	0.0	657.34045	2.4168842	0.0	2.4168842	2	28.659262
mcp1k	18259	1	172860	0	4.221	0.914	6	374004	0	no-beam-flash	11	0	0	0	0																		
mcp1k	18259	1	172926	0	4.311	0.952	6	394984	0	no-beam-flash	10	0	0	0	0																		
mcp1k	18259	1	172942	0	7.861	6.088	9	1210932	0	nu-candidate	9	1	2	1	0	1.003	57.6	15	-143.33275	137.95369	272.84317	1.2269895	-5.2009215	1.0	0.0	0.7	0.0	649.1392	0.0	0.0	0.0	0	9.811068
mcp1k	18259	1	173058	0	7.462	5.390	8	1232492	0	nu-candidate	13	1	1	1	0	0.609	7.0	23	-38.591465	-4.468061	66.39446	-1.9667331	-15.0	1.0	0.0	0.7	0.0	114.43811	20.14725	0.0	20.14725	8	23.853104
mcp1k	18259	1	173146	0	9.078	6.320	11	1169256	0	nu-candidate	10	1	1	1	0	0.775	154.2	12	-128.0178	-75.04068	242.58228	3.7052538	-15.0	1.0	0.0	0.7	0.0	831.0613	3.3852916	0.0	3.3852916	3	15.490884
mcp1k	18259	1	173234	0	11.441	7.327	13	1198528	0	nu-candidate	8	1	1	1	0	1.769	233.1	7	-76.1081	59.112446	337.40842	2.8321729	-15.0	1.0	0.0	0.7	0.0	699.4163	3.1087024	0.0	3.1087024	3	4.4447885
mcp1k	18259	1	173256	0	6.493	1.363	8	460524	0	nu-candidate	11	1	1	0	0																		
mcp1k	18259	1	173294	0	6.119	0.716	7	319416	0	no-beam-flash	7	0	0	0	0																		
mcp1k	18259	1	173476	0	6.275	0.872	7	363896	0	no-beam-flash	10	0	0	0	0																		
mcp1k	18259	1	173498	0	11.603	7.477	13	1245032	0	nu-candidate	12	1	1	1	0	0.671	171.7	3	-175.30519	142.02832	340.15384	2.9012775	-15.0	1.0	0.0	0.7	0.0	779.35095	50.52868	50.52868	0.0	1	0.0
mcp1k	18259	1	173586	0	5.966	0.699	6	336724	0	nu-candidate	8	1	1	0	0																		
mcp1k	18259	1	173718	0	3.533	0.775	5	351032	0	nu-candidate	11	1	1	0	0																		
mcp1k	18259	1	173822	0	5.967	0.725	6	330732	0	no-bundle	7	0	1	0	0																		
mcp1k	18259	1	173888	0	4.775	0.663	5	320284	0	nu-candidate	9	1	1	0	0																		
mcp1k	18259	1	173982	0	6.018	0.798	7	350212	0	cosmic-tagged	7	1	1	0	0																		
mcp1k	18259	1	174114	0	8.885	5.476	11	1181680	0	nu-candidate	15	1	1	1	0	1.447	54.2	10	175.54881	-144.49417	325.96133	0.3664248	-15.0	1.0	0.0	0.7	0.0	411.93314	3.153733	0.0	3.153733	1	8.148386
mcp1k	18259	1	174136	0	3.744	0.649	5	322700	0	no-bundle	7	0	1	0	0																		
mcp1k	18259	1	174224	0	16.506	12.333	17	1285380	0	nu-candidate	14	1	1	1	0	1.047	325.1	9	-101.495995	-2.7328358	189.0985	4.6401515	-15.0	1.0	0.0	0.7	0.0	1042.8938	58.523613	0.0	58.523613	6	6.4365377
mcp1k	18259	1	174240	0	7.361	1.123	8	436676	0	no-beam-flash	12	0	0	0	0																		
mcp1k	18259	1	174306	0	7.368	1.178	8	424288	0	no-beam-flash	13	0	0	0	0																		
mcp1k	18259	1	174422	0	11.301	6.455	12	1222956	0	cosmic-tagged	9	1	1	1	0	0.683	10.3	0	0.6853818	166.78217	189.6109	0.9551032	-15.0	1.0	0.0	0.7	0.0	431.9389	9.014278	0.0	9.014278	2	2.1062312
mcp1k	18259	1	174488	0	6.100	0.841	7	379096	0	cosmic-tagged	12	1	1	0	0																		
mcp1k	18259	1	174576	0	11.255	6.420	12	1144520	0	nu-candidate	12	1	1	1	0	1.755	110.1	4	-181.80118	-185.16153	11.842625	2.6222816	-15.0	1.0	0.0	0.7	0.0	606.42834	53.753242	53.753242	0.0	1	7.750635
mcp1k	18259	1	174642	0	7.313	1.469	8	396492	0	cosmic-tagged	8	1	1	0	0																		
mcp1k	18259	1	174752	0	8.966	5.215	10	1183120	0	nu-candidate	10	1	1	1	0	1.415	10.1	6	-59.423622	-193.6959	406.74554	-2.4726484	-15.0	1.0	0.0	0.7	0.0	60.35688	4.450983	0.0	4.450983	2	7.3544054
mcp1k	18259	1	174878	0	3.829	1.152	5	425236	0	no-bundle	9	0	1	0	0																		
mcp1k	18259	1	174928	0	9.031	7.319	11	1217200	0	nu-candidate	12	2	2	1	0	1.100	92.2	8	159.33525	112.438705	177.50217	2.0771372	-15.0	1.0	0.0	0.7	0.0	642.4414	0.0	0.0	0.0	0	31.614796
mcp1k	18259	1	175016	0	10.273	5.342	12	1187328	0	nu-candidate	14	1	1	1	0	1.274	7.0	6	-51.261826	-0.8561982	203.40315	-0.5245659	-15.0	1.0	0.0	0.7	0.0	84.408264	36.26542	0.0	36.26542	5	1.4372721
mcp1k	18259	1	175104	0	4.138	0.788	6	335316	0	nu-candidate	6	1	1	0	0																		
mcp1k	18259	1	175428	0	3.863	1.061	5	386028	0	cosmic-tagged	12	1	1	0	0																		
mcp1k	18259	1	175500	0	5.041	0.918	6	357664	0	no-beam-flash	13	0	0	0	0																		
mcp1k	18259	1	175808	0	10.187	6.494	11	1215548	0	nu-candidate	14	1	1	1	0	1.574	136.3	9	-163.64519	-80.56054	289.54642	-0.7753109	-15.0	1.0	0.0	0.7	0.0	123.12952	334.29532	327.3612	6.9341097	3	7.0717506
mcp1k	18259	1	175896	0	9.154	6.325	11	1222988	0	nu-candidate	13	1	1	1	0	0.521	23.6	12	-45.924305	-182.37262	461.75125	-1.0980809	-11.711862	1.0	0.0	0.7	0.0	492.02646	4.7076597	0.0	4.7076597	4	20.328154
mcp1k	18259	1	175956	0	6.066	0.808	7	337328	0	no-bundle	10	0	1	0	0																		
mcp1k	18259	1	176022	0	6.151	1.266	7	372112	0	cosmic-tagged	7	1	1	0	0																		
mcp1k	18259	1	176066	0	6.103	1.044	7	399536	0	no-beam-flash	13	0	0	0	0																		
mcp1k	18259	1	176088	0	6.209	1.270	7	438944	0	no-beam-flash	8	0	0	0	0																		
mcp1k	18259	1	176132	0	6.392	1.832	7	582960	0	no-beam-flash	19	0	0	0	0																		
mcp1k	18259	1	176160	0	4.777	1.355	6	477724	0	cosmic-tagged	15	1	1	0	0																		
mcp1k	18255	1	276198	0	4.637	0.855	6	362344	0	cosmic-tagged	15	1	1	0	0																		
mcp1k	18255	1	276330	0	4.748	0.990	6	390896	0	no-beam-flash	14	0	0	0	0																		
mcp1k	18255	1	276418	0	6.367	1.073	8	409292	0	no-beam-flash	14	0	0	0	0																		
mcp1k	18255	1	276550	0	6.029	1.063	7	408300	0	no-bundle	12	0	1	0	0																		
mcp1k	18255	1	276638	0	6.018	0.780	6	352984	0	cosmic-tagged	10	1	1	0	0																		
mcp1k	18255	1	276836	0	8.795	7.011	10	1183668	0	nu-candidate	12	1	1	1	0	1.139	236.0	10	-91.21525	-29.928642	312.2178	0.32693937	-15.0	1.0	0.0	0.7	0.0	638.8237	332.27957	330.65762	1.6219525	3	8.669767
mcp1k	18255	1	277276	0	12.705	7.811	13	1189916	0	nu-candidate	8	1	1	1	0	1.953	139.7	2	-103.01564	-138.71896	329.94315	3.28266	-15.0	1.0	0.0	0.7	0.0	747.5073	0.6523712	0.0	0.6523712	1	11.7827015
mcp1k	18255	1	277298	0	11.700	6.614	12	1210712	0	nu-candidate	12	1	1	1	0	1.854	57.3	7	-169.2536	-93.26117	81.825554	-0.22549239	-12.4973135	1.0	0.0	0.7	0.0	533.1659	2.3024654	0.0	2.3024654	2	8.570312
mcp1k	18255	1	277320	0	7.026	0.951	8	392132	0	no-beam-flash	9	0	0	0	0																		
mcp1k	18255	1	277782	0	6.966	0.697	8	330740	0	no-bundle	10	0	1	0	0																		
mcp1k	18255	1	277958	0	6.967	0.770	8	349000	0	cosmic-tagged	12	1	1	0	0																		
mcp1k	18255	1	278046	0	11.664	6.724	12	1215080	0	nu-candidate	11	1	1	1	0	0.741	22.7	5	-105.04819	-171.5652	246.70128	-0.30466187	-15.0	1.0	0.0	0.7	0.0	659.3096	38.043705	38.043705	0.0	1	17.43772
mcp1k	18255	1	278266	0	10.469	5.669	11	1247036	0	nu-candidate	15	1	1	1	0	0.822	17.2	5	-34.413773	160.86966	376.37125	-3.2517176	-15.0	1.0	0.0	0.7	0.0	166.28296	2.174818	0.0	2.174818	2	9.275173
mcp1k	18255	1	278398	0	7.087	1.271	8	411976	0	cosmic-tagged	13	1	1	0	0																		
mcp1k	18255	1	278420	0	11.425	7.044	12	1194864	0	nu-candidate	13	1	1	1	0	1.171	86.1	33	19.95873	-20.099396	76.14568	1.940745	-15.0	1.0	0.0	0.7	0.0	793.8619	0.0	0.0	0.0	0	9.734135
mcp1k	18255	1	278640	0	10.340	6.614	11	1246024	0	nu-candidate	10	1	1	1	0	0.639	129.7	2	8.568181	-73.84711	2.6891415	-0.91074264	-15.0	1.0	0.0	-0.24632436	0.0	430.67914	40.669872	32.845005	7.8248677	3	0.0
mcp1k	18255	1	278662	0	5.772	1.259	6	426164	0	cosmic-tagged	13	1	1	0	0																		
mcp1k	18255	1	278684	0	10.939	8.284	12	1207764	0	nu-candidate	13	1	1	1	0	1.307	166.3	11	23.266542	2.1360788	0.12156324	-2.2554128	-15.0	1.0	1.0	0.6040798	0.0	618.50916	4.3078747	0.0	4.3078747	3	60.918686
mcp1k	18255	1	278785	0	10.861	7.088	12	1191268	0	nu-candidate	11	1	1	1	0	1.634	194.9	10	-87.3561	-81.42414	331.28143	2.7528834	-15.0	1.0	0.0	0.7	0.0	758.7034	0.0	0.0	0.0	0	15.429869
mcp1k	18255	1	278794	0	9.377	6.681	11	1185308	0	nu-candidate	8	1	1	1	0	0.695	125.8	26	147.60986	-52.36222	72.11127	2.078388	-15.0	1.0	0.0	0.7	0.0	670.3496	1.6625624	0.0	1.6625624	1	17.473007
mcp1k	18255	1	278860	0	3.630	0.706	5	324724	0	no-beam-flash	10	0	0	0	0																		
mcp1k	18255	1	278917	0	3.965	0.706	4	334120	0	no-bundle	11	0	1	0	0																		
mcp1k	18255	1	278939	0	6.890	2.473	7	678392	0	no-beam-flash	10	0	0	0	0																		
mcp1k	18255	1	279080	0	3.962	0.914	5	379420	0	nu-candidate	13	1	2	0	0																		
mcp1k	18255	1	279115	0	4.005	0.903	5	377816	0	no-bundle	11	0	1	0	0																		
mcp1k	18255	1	279124	0	3.987	0.804	5	365444	0	no-beam-flash	8	0	0	0	0																		
mcp1k	18255	1	279190	0	9.390	5.037	10	1137160	0	nu-candidate	14	1	1	1	0	1.202	4.9	4	96.86725	-128.06087	408.6402	-1.1641806	-15.0	1.0	0.0	0.7	0.0	66.73312	5.305825	0.0	5.305825	3	2.2384043
mcp1k	18255	1	279256	0	14.746	10.510	15	1253856	0	nu-candidate	15	1	1	1	0	0.935	291.7	6	75.69198	-52.142548	223.81154	3.6081927	-15.0	1.0	0.0	0.7	0.0	845.2579	5.0635653	0.0	5.0635653	2	59.880726
mcp1k	18255	1	279432	0	6.931	1.075	9	384768	0	no-bundle	11	0	1	0	0																		
mcp1k	18255	1	279445	0	10.812	6.347	12	1258696	0	nu-candidate	14	1	1	1	0	0.608	132.5	7	-107.993004	-94.36004	288.46326	-0.30400866	-15.0	1.0	0.0	0.7	0.0	21.864649	364.08334	0.0	364.08334	6	2.0491714
mcp1k	18255	1	279564	0	6.558	0.833	7	353152	0	no-beam-flash	11	0	0	0	0																		
mcp1k	18255	1	279643	0	7.957	5.457	9	1211204	0	nu-candidate	13	1	1	1	0	0.951	7.6	5	-136.37468	-30.65597	263.85553	-1.7682163	-15.0	1.0	0.0	0.7	0.0	198.57605	7.130932	0.0	7.130932	3	2.0822706
mcp1k	18255	1	279797	0	6.454	1.215	7	430052	0	no-beam-flash	17	0	0	0	0																		
mcp1k	18255	1	279951	0	6.360	1.012	7	392420	0	nu-candidate	12	1	1	0	0																		
mcp1k	18255	1	280017	0	8.214	5.057	9	1126160	0	nu-candidate	10	1	1	1	0	1.975	15.4	13	65.50826	-29.56809	262.72076	-1.3929245	-15.0	1.0	0.0	0.7	0.0	282.505	1.3277308	0.0	1.3277308	2	24.2248
mcp1k	18255	1	280092	0	5.382	0.923	7	366088	0	cosmic-tagged	11	1	1	0	0																		
mcp1k	18255	1	280281	0	6.419	1.281	7	431728	0	cosmic-tagged	12	2	2	0	0																		
mcp1k	18255	1	280466	0	11.760	6.932	12	1161444	0	cosmic-tagged	9	1	1	1	0	0.676	1.3	0	136.30742	-87.40421	8.184792	-0.3817048	-15.0	1.0	0.0	0.37374887	0.0	602.0419	179.83542	0.0	179.83542	6	19.900793
mcp1k	18255	1	280598	0	11.181	7.126	13	1234884	0	nu-candidate	12	1	1	1	0	0.882	46.3	12	-131.32126	164.27153	473.8364	2.8084483	-15.0	1.0	0.0	0.7	0.0	760.7984	43.808548	38.346043	5.4625077	5	4.630081
mcp1k	18255	1	280752	0	9.777	5.367	11	1202400	0	nu-candidate	11	1	1	1	0	1.019	16.2	7	-108.980125	-89.438	97.85813	-3.3972497	-15.0	1.0	0.0	0.7	0.0	172.02077	2.6404512	0.0	2.6404512	2	10.022979
mcp1k	18255	1	280774	0	8.821	6.756	11	1281032	0	nu-candidate	13	1	1	1	0	0.834	89.6	8	-109.99803	6.020465	1.3340782	-2.5194802	-15.0	1.0	1.0	0.07384995	0.0	714.92224	2.0757756	0.0	2.0757756	1	97.805824
mcp1k	18255	1	280853	0	7.470	5.544	10	1136280	0	nu-candidate	9	1	1	1	0	1.091	59.1	5	-41.816868	-69.20665	471.03812	0.27566206	-15.0	1.0	0.0	0.7	0.0	565.0929	5.0321717	0.0	5.0321717	4	1.1797775
mcp1k	18255	1	280884	0	5.412	1.782	7	525044	0	no-beam-flash	8	0	0	0	0																		
mcp1k	18255	1	280972	0	45.477	42.340	46	1383876	0	nu-candidate	9	1	1	1	0	1.349	489.9	52	46.948967	-171.79643	83.78607	4.9017596	-2.2982814	1.0	0.0	0.7	0.0	3583.1326	0.0	0.0	0.0	0	17.14121
mcp1k	18255	1	280994	0	7.664	6.058	8	1170240	0	nu-candidate	11	1	1	1	0	1.779	116.9	4	-28.649036	-149.99185	32.81452	1.6423489	-15.0	1.0	0.0	0.7	0.0	412.31873	1.7063876	0.0	1.7063876	1	11.2712
mcp1k	18255	1	281095	0	6.361	2.218	8	486960	0	cosmic-tagged	14	1	1	0	0																		
mcp1k	18255	1	281148	0	5.084	1.074	6	407596	0	cosmic-tagged	10	1	1	0	0																		
mcp1k	18255	1	281155	0	3.664	0.769	5	334308	0	no-beam-flash	11	0	0	0	0																		
mcp1k	18255	1	281214	0	10.772	7.762	11	1172320	0	nu-candidate	12	1	1	1	0	0.687	77.1	15	31.631138	33.446415	297.05826	1.8905834	-15.0	1.0	0.0	0.7	0.0	499.43365	393.52664	182.40312	211.12352	7	14.01842
mcp1k	18255	1	281241	0	3.766	1.346	5	413500	0	cosmic-tagged	10	1	1	0	0																		
mcp1k	18255	1	281337	0	8.229	5.015	9	1133620	0	nu-candidate	12	1	1	1	0	0.844	1.7	2	-157.01115	-141.23184	40.877514	-1.4602672	-15.0	1.0	0.0	0.7	0.0	107.249535	0.0	0.0	0.0	0	1.0371922
mcp1k	18255	1	281485	0	9.266	7.510	11	1267880	0	nu-candidate	12	1	1	1	0	1.668	22.7	32	-172.21738	164.59486	266.86078	-0.48239383	-15.0	1.0	0.0	0.7	0.0	579.13715	3.1006255	0.0	3.1006255	3	87.17101
mcp1k	18255	1	281505	0	8.517	5.852	10	1200864	0	nu-candidate	11	1	1	1	0	1.164	95.9	7	-137.67816	42.586826	475.15073	3.3911104	-15.0	1.0	0.0	0.7	0.0	555.5503	1.8184686	0.0	1.8184686	2	8.219622
mcp1k	18255	1	281507	0	7.675	6.372	8	1205436	0	nu-candidate	15	1	1	1	0	1.865	122.3	5	-81.78505	130.0644	417.90863	1.7326627	-15.0	1.0	0.0	0.7	0.0	527.86096	0.48617852	0.0	0.48617852	1	6.8405967
mcp1k	18255	1	281527	0	10.257	6.451	12	1235168	0	nu-candidate	10	1	1	1	0	0.555	166.7	2	97.07101	193.06627	338.73755	2.2411768	-15.0	1.0	0.0	0.7	0.0	649.8149	4.341	0.0	4.341	1	0.2709276
mcp1k	18255	1	281551	0	5.750	1.182	6	426936	0	cosmic-tagged	15	1	1	0	0																		
mcp1k	18255	1	281557	0	5.688	1.078	6	418196	0	nu-candidate	16	1	1	0	0																		
mcp1k	18255	1	281595	0	12.815	9.163	15	1340240	0	nu-candidate	14	1	1	1	0	0.783	326.4	2	-32.4665	-67.80402	197.59627	2.977978	-15.0	1.0	0.0	0.7	0.0	1145.1163	6.1074324	0.0	6.1074324	1	4.989874
mcp1k	18255	1	281632	0	4.655	1.047	5	394784	0	cosmic-tagged	12	1	1	0	0																		
mcp1k	18255	1	281639	0	9.976	6.190	11	1223960	0	nu-candidate	15	1	1	1	0	0.777	32.7	16	-195.00124	-66.92037	284.16583	-0.75441676	-15.0	1.0	0.0	0.7	0.0	392.3929	1.2245402	0.0	1.2245402	1	10.975073
mcp1k	18255	1	281676	0	4.660	1.048	5	397768	0	no-bundle	9	0	1	0	0																		
mcp1k	18255	1	281720	0	4.657	1.242	5	398780	0	cosmic-tagged	12	1	1	0	0																		
mcp1k	18255	1	281727	0	7.740	4.894	9	1111904	0	nu-candidate	8	1	1	1	0	1.775	2.3	13	152.98512	-69.28453	28.942158	-2.9211376	-15.0	1.0	0.0	0.7	0.0	42.244797	3.2033734	0.0	3.2033734	3	8.53401
mcp1k	18255	1	281808	0	3.670	1.050	5	381112	0	nu-candidate	11	1	1	0	0																		
mcp1k	18255	1	281837	0	11.957	9.668	13	1206584	0	nu-candidate	9	1	1	1	0	0.969	121.9	18	146.90271	-132.52467	183.85777	1.2575986	-15.0	1.0	0.0	0.7	0.0	1153.5818	296.9386	0.0	296.9386	2	22.910097
mcp1k	18255	1	281857	0	6.124	1.028	7	369328	0	cosmic-tagged	14	1	1	0	0																		
mcp1k	18255	1	281901	0	6.181	1.978	7	423628	0	cosmic-tagged	9	1	1	0	0																		
mcp1k	18255	1	281918	0	6.119	1.031	7	391668	0	nu-candidate	13	1	1	0	0																		
mcp1k	18255	1	281925	0	6.144	0.931	7	357996	0	nu-candidate	10	1	1	0	0																		
mcp1k	18255	1	281953	0	9.374	5.653	10	1120640	0	nu-candidate	7	1	1	1	0	1.880	80.6	2	194.62947	199.6691	180.2696	-1.3760822	-15.0	0.0	1.0	0.7	0.0	331.3266	1.1274755	0.0	1.1274755	1	0.4909154
mcp1k	18255	1	281997	0	6.129	1.432	7	412600	0	cosmic-tagged	13	1	1	0	0																		
mcp1k	18255	1	282011	0	4.991	1.689	7	462488	0	cosmic-tagged	16	1	1	0	0																		
mcp1k	18255	1	282033	0	4.867	1.327	6	411108	0	cosmic-tagged	9	1	1	0	0																		
mcp1k	18255	1	282057	0	9.130	5.660	10	1228644	0	nu-candidate	14	1	1	1	0	1.506	18.1	1	-186.14449	-81.07177	491.7176	0.55741894	-15.0	1.0	0.0	0.7	0.0	252.42377	1.2808619	0.0	1.2808619	1	0.0
mcp1k	18255	1	282072	0	12.057	8.811	14	1195692	0	nu-candidate	8	1	1	1	0	1.182	303.6	9	90.78026	30.86722	250.7029	5.0200634	-15.0	1.0	0.0	0.7	0.0	1304.8921	5.250269	0.0	5.250269	4	8.38435
mcp1k	18255	1	282094	0	4.141	0.757	6	344036	0	no-bundle	9	0	1	0	0																		
mcp1k	18255	1	282160	0	4.332	1.227	6	445348	0	nu-candidate	11	1	1	0	0																		
mcp1k	18255	1	282204	0	9.511	7.179	11	1254976	0	nu-candidate	11	1	1	1	0	0.793	117.4	3	-198.53911	-7.121666	211.05188	2.17563	-15.0	1.0	0.0	0.7	0.0	790.19037	0.0	0.0	0.0	0	4.597077
mcp1k	18255	1	282217	0	14.978	11.046	17	1223268	0	nu-candidate	8	1	1	1	0	2.024	417.2	4	30.689611	55.051006	24.699532	4.886215	-15.0	1.0	0.0	0.7	0.0	1292.9211	9.167814	0.0	9.167814	4	0.0
mcp1k	18255	1	282231	0	8.070	5.165	10	1182952	0	nu-candidate	14	1	1	1	0	1.071	55.3	2	-0.54261446	51.090984	465.75577	-0.033790566	-15.0	1.0	1.0	0.7	0.0	428.84875	0.0	0.0	0.0	0	101.5512
mcp1k	18255	1	282292	0	5.075	0.724	6	335800	0	no-beam-flash	10	0	0	0	0																		
mcp1k	18255	1	282299	0	6.599	1.468	8	476712	0	cosmic-tagged	15	1	1	0	0																		
mcp1k	18255	1	282385	0	12.027	7.381	13	1203764	0	nu-candidate	12	1	1	1	0	1.843	156.8	4	145.77481	-118.33683	335.8878	4.4733315	-15.0	1.0	0.0	0.7	0.0	594.929	0.0	0.0	0.0	0	4.1024284
mcp1k	18255	1	282459	0	9.463	5.937	10	1230876	0	nu-candidate	13	1	1	1	0	1.111	99.1	6	152.93793	185.00244	88.997665	4.144449	-15.0	1.0	0.0	0.7	0.0	538.8982	0.0	0.0	0.0	0	7.4757423
mcp1k	18255	1	282541	0	6.302	1.057	7	409912	0	no-beam-flash	12	0	0	0	0																		
mcp1k	18255	1	282666	0	11.861	7.689	12	1251116	0	nu-candidate	14	1	1	1	0	1.249	148.3	3	-105.92281	-64.214264	132.59248	3.674003	-15.0	1.0	0.0	0.7	0.0	968.2186	0.0	0.0	0.0	0	1.9977831
mcp1k	18255	1	282715	0	4.016	1.806	5	475348	0	cosmic-tagged	10	1	1	0	0																		
mcp1k	18255	1	282737	0	12.167	7.483	13	1229348	0	nu-candidate	15	1	1	1	0	0.889	189.9	4	-34.877155	47.6408	141.86006	3.7254405	-15.0	1.0	0.0	0.7	0.0	790.7923	3.102488	0.0	3.102488	2	4.048048
mcp1k	18255	1	282871	0	3.872	1.217	4	452020	0	nu-candidate	12	1	2	0	0																		
mcp1k	18255	1	282899	0	9.272	7.426	10	1192756	0	nu-candidate	7	1	1	1	0	1.518	153.9	33	-50.85758	-43.68494	373.52203	3.3667924	-15.0	1.0	1.0	0.7	0.0	489.5984	109.28178	102.84385	6.4379263	5	57.883125
mcp1k	18255	1	282930	0	3.796	0.914	4	383824	0	no-bundle	11	0	1	0	0																		
mcp1k	18255	1	282952	0	4.224	1.415	6	491272	0	nu-candidate	15	2	2	0	0																		
mcp1k	18255	1	282979	0	8.248	6.553	9	1231276	0	nu-candidate	12	1	1	1	0	1.165	32.8	29	-25.488783	172.46198	393.42822	-0.93942404	-10.379787	1.0	0.0	0.7	0.0	449.00674	77.335175	0.0	77.335175	4	107.573906
mcp1k	18255	1	283009	0	14.766	11.147	15	1280136	0	nu-candidate	15	1	1	1	0	1.500	253.4	10	-179.72437	30.048489	281.26474	1.6288607	-15.0	1.0	0.0	0.7	0.0	592.2041	546.63513	543.3099	3.3252492	5	15.077225
mcp1k	18255	1	283040	0	9.630	7.358	10	1217532	0	nu-candidate	12	1	1	1	0	1.665	120.5	20	-5.8914824	104.10892	166.65927	3.6491568	-15.0	1.0	0.0	0.7	0.0	651.2766	1.6280527	0.0	1.6280527	1	147.9254
mcp1k	18255	1	283047	0	5.409	1.188	7	459268	0	cosmic-tagged	17	1	1	0	0																		
mcp1k	18255	1	283091	0	10.272	6.292	12	1204952	0	nu-candidate	14	1	1	1	0	0.998	126.1	2	93.83498	-93.699425	44.54501	3.6794946	-15.0	1.0	0.0	0.7	0.0	561.3675	0.38357434	0.0	0.38357434	1	0.0
mcp1k	18255	1	283119	0	3.451	0.882	4	377432	0	cosmic-tagged	11	1	1	0	0																		
mcp1k	18255	1	283229	0	10.084	6.503	11	1154476	0	nu-candidate	6	1	1	1	0	1.854	172.5	5	87.021805	-20.17532	118.50753	4.2298927	-15.0	1.0	0.0	0.7	0.0	799.2926	1.739825	0.0	1.739825	2	4.733494
mcp1k	18255	1	283265	0	5.224	1.289	6	452832	0	cosmic-tagged	12	1	1	0	0																		
mcp1k	18255	1	283331	0	3.978	1.049	5	397104	0	no-beam-flash	10	0	0	0	0																		
mcp1k	18255	1	283463	0	9.079	5.550	10	1197904	0	nu-candidate	14	1	1	1	0	0.812	14.4	20	-63.958878	42.866062	4.3822618	-0.46106106	-15.0	1.0	0.0	0.14809729	0.0	306.94812	2.655312	0.0	2.655312	2	54.45026
mcp1k	18255	1	283485	0	4.101	1.442	5	459904	0	cosmic-tagged	10	1	1	0	0																		
mcp1k	18255	1	283515	0	12.078	8.376	13	1341908	0	cosmic-tagged	12	1	1	1	0	0.415	46.6	24	-97.07115	176.94301	87.32808	0.4370518	-15.0	1.0	0.0	0.7	0.0	796.71204	4.838925	0.0	4.838925	4	19.990534
mcp1k	18255	1	283529	0	4.821	0.861	6	344572	0	cosmic-tagged	9	1	1	0	0																		
mcp1k	18255	1	283537	0	4.895	1.042	6	397264	0	cosmic-tagged	10	1	1	0	0																		
mcp1k	18255	1	283581	0	4.762	0.697	5	321240	0	nu-candidate	10	1	1	0	0																		
mcp1k	18255	1	283595	0	8.880	5.417	10	1131280	0	nu-candidate	9	1	1	1	0	1.849	30.3	19	-93.15519	62.508186	8.526001	-2.4563687	-15.0	1.0	0.0	0.7	0.0	248.7358	14.7865925	0.0	14.7865925	5	23.912344
mcp1k	18255	1	283683	0	6.052	1.074	7	389012	0	cosmic-tagged	11	1	1	0	0																		
mcp1k	18255	1	283691	0	9.419	5.800	11	1257988	0	nu-candidate	16	1	1	1	0	1.465	21.9	2	100.7247	-150.86874	256.68707	-1.7936069	-15.0	1.0	0.0	0.7	0.0	315.98175	1.9649106	0.0	1.9649106	1	4.752419
mcp1k	18255	1	283713	0	21.357	18.774	22	1328300	0	nu-candidate	13	1	1	1	0	1.607	487.5	35	-84.028244	67.79377	35.721237	4.0831575	-15.0	1.0	0.0	0.7	0.0	2039.7305	13.435986	0.0	13.435986	7	21.787369
mcp1k	18255	1	283771	0	10.386	7.153	11	1290016	0	nu-candidate	13	1	1	1	0	1.390	135.9	8	99.2186	168.84377	377.38745	3.4121277	-15.0	1.0	0.0	0.7	0.0	596.42957	4.2482634	0.0	4.2482634	3	3.6613178
mcp1k	18255	1	283793	0	5.286	0.898	7	365120	0	nu-candidate	12	1	1	0	0																		
mcp1k	18255	1	283801	0	5.346	1.201	7	409332	0	cosmic-tagged	11	1	1	0	0																		
mcp1k	18255	1	283817	0	3.831	1.095	5	395124	0	cosmic-tagged	11	1	1	0	0																		
mcp1k	18255	1	283839	0	3.554	0.859	4	370592	0	cosmic-tagged	10	1	1	0	0																		
mcp1k	18255	1	283905	0	8.079	6.022	10	1252528	0	nu-candidate	15	1	1	1	0	0.567	110.7	0	-201.41025	108.860435	160.25476	-2.1306384	-15.0	1.0	1.0	0.7	0.0	388.9325	0.0	0.0	0.0	0	0.0
mcp1k	18255	1	283969	0	9.412	6.757	11	1375044	0	cosmic-tagged	17	1	1	1	0	1.178	15.3	4	-62.970898	72.46466	250.09956	-1.2873478	-15.0	1.0	1.0	0.7	0.0	169.40634	4.848881	0.0	4.848881	3	0.0
mcp1k	18255	1	283991	0	7.701	5.831	8	1195412	0	nu-candidate	10	1	1	1	0	1.397	139.8	2	107.28818	-100.9407	31.889954	2.8497722	-15.0	1.0	0.0	0.7	0.0	591.5875	2.6160715	0.0	2.6160715	2	0.0
mcp1k	18255	1	284013	0	9.527	7.533	11	1188072	0	nu-candidate	5	1	1	1	0	1.388	146.9	12	-50.29104	-174.87231	254.22588	2.2708964	-15.0	1.0	1.0	0.7	0.0	509.86053	1.1012698	0.0	1.1012698	1	14.736121
mcp1k	18255	1	284081	0	4.925	0.674	6	325000	0	no-beam-flash	7	0	0	0	0																		
mcp1k	18255	1	284103	0	9.640	7.580	11	1222900	0	nu-candidate	7	1	1	1	0	0.747	165.6	2	161.93544	33.302063	268.43488	2.6821454	-15.0	1.0	0.0	0.7	0.0	687.73096	1.2626827	0.0	1.2626827	1	2.137865
mcp1k	18255	1	284125	0	4.884	0.649	6	313828	0	nu-candidate	9	1	1	0	0																		
mcp1k	18255	1	284145	0	15.521	12.591	17	1214468	0	nu-candidate	10	1	1	1	0	1.626	229.4	12	197.57707	25.84164	276.16263	2.6708908	-15.0	1.0	0.0	0.7	0.0	1613.8223	0.77716136	0.0	0.77716136	1	19.33088
mcp1k	18255	1	284153	0	10.557	6.684	12	1193692	0	nu-candidate	14	1	1	1	0	1.798	146.8	5	100.62096	-28.47667	135.12946	4.0937386	-15.0	1.0	0.0	0.7	0.0	609.5071	2.0572739	0.0	2.0572739	1	6.1498017
mcp1k	18255	1	284200	0	8.071	6.242	9	1159804	0	nu-candidate	7	1	1	1	0	1.165	27.7	16	197.38089	-126.27392	472.04865	0.21660143	-15.0	1.0	0.0	0.7	0.0	578.7768	22.075098	18.203234	3.8718643	5	9.545213
mcp1k	18255	1	284211	0	10.331	6.403	11	1168056	0	nu-candidate	7	1	1	1	0	0.841	151.7	6	-175.57343	42.885567	451.86334	2.7532113	-15.0	1.0	0.0	0.7	0.0	654.6976	3.620175	0.0	3.620175	1	8.213861
mcp1k	18255	1	284235	0	9.425	6.430	11	1240176	0	nu-candidate	10	1	1	1	0	1.591	19.0	15	-23.340956	-90.9018	139.24022	-0.20812365	-15.0	1.0	1.0	0.7	0.0	392.21362	0.0	0.0	0.0	0	14.905013
mcp1k	18255	1	284255	0	3.755	0.637	5	308472	0	nu-candidate	7	1	1	0	0																		
mcp1k	18255	1	284323	0	2.896	0.681	4	319156	0	nu-candidate	7	1	1	0	0																		
mcp1k	18255	1	284349	0	3.011	1.102	5	373948	0	cosmic-tagged	7	1	1	0	0																		
mcp1k	18255	1	284365	0	5.341	1.353	7	421840	0	cosmic-tagged	8	1	1	0	0																		
mcp1k	18255	1	284367	0	5.291	1.095	7	416120	0	cosmic-tagged	15	1	1	0	0																		
mcp1k	18255	1	284563	0	4.836	0.594	5	307920	0	no-beam-flash	8	0	0	0	0																		
mcp1k	18255	1	284587	0	4.869	0.632	5	322368	0	cosmic-tagged	10	1	1	0	0																		
mcp1k	18255	1	284596	0	5.011	1.356	6	481088	0	nu-candidate	19	1	1	0	0																		
mcp1k	18255	1	284637	0	9.841	5.295	11	1193204	0	nu-candidate	13	1	1	1	0	1.636	36.6	4	-197.35596	-92.805565	433.62173	1.7045398	-15.0	1.0	0.0	0.7	0.0	314.16052	1.6525705	0.0	1.6525705	2	1.0374839
mcp1k	18255	1	284657	0	10.033	7.391	11	1281588	0	nu-candidate	18	1	1	1	0	1.995	102.9	5	-41.785774	84.90433	427.3494	3.5219896	-15.0	1.0	0.0	0.7	0.0	776.47253	0.0	0.0	0.0	0	8.54612
mcp1k	18255	1	284769	0	15.478	11.144	16	1300064	0	nu-candidate	12	1	1	1	0	0.609	352.4	11	123.04329	-6.8203	153.50931	6.225754	-15.0	1.0	0.0	0.7	0.0	1424.8433	5.027112	0.0	5.027112	3	155.88426
mcp1k	18255	1	284791	0	7.367	5.287	9	1147888	0	nu-candidate	11	1	1	1	0	1.155	34.9	17	-122.405975	178.18115	206.98601	-0.044778753	-15.0	1.0	0.0	0.7	0.0	370.36957	0.0	0.0	0.0	0	13.213914
mcp1k	18255	1	284794	0	13.053	9.323	15	1219784	0	nu-candidate	8	1	1	1	0	1.102	264.3	7	-47.421383	-21.06993	280.2455	3.3015637	-15.0	1.0	0.0	0.7	0.0	884.06964	6.972063	0.0	6.972063	4	125.56493
mcp1k	18255	1	284835	0	4.894	1.105	6	419716	0	cosmic-tagged	11	1	1	0	0																		
mcp1k	18255	1	284937	0	5.659	0.950	6	385348	0	cosmic-tagged	11	1	1	0	0																		
mcp1k	18255	1	284989	0	6.005	1.892	7	486024	0	cosmic-tagged	14	1	1	0	0																		
mcp1k	18255	1	285025	0	5.597	0.626	6	325956	0	no-beam-flash	10	0	0	0	0																		
mcp1k	18255	1	285049	0	5.670	0.770	6	331916	0	no-beam-flash	7	0	0	0	0																		
mcp1k	18255	1	285069	0	10.092	5.586	11	1151756	0	nu-candidate	8	1	1	1	0	1.221	32.0	9	67.732216	151.10031	455.79413	0.39831686	-15.0	1.0	0.0	0.7	0.0	467.9699	7.1487756	0.0	7.1487756	6	8.750045
mcp1k	18255	1	285080	0	5.716	1.631	6	453276	0	cosmic-tagged	14	1	1	0	0																		
mcp1k	18255	1	285185	0	5.834	1.660	6	503504	0	cosmic-tagged	12	1	1	0	0																		
mcp1k	18255	1	285201	0	4.821	0.893	5	382492	0	cosmic-tagged	9	1	1	0	0																		
mcp1k	18255	1	285253	0	9.263	5.246	11	1191084	0	cosmic-tagged	10	1	1	1	0	1.087	57.8	11	-77.98928	-151.90031	413.2267	-1.4260235	-15.0	1.0	1.0	0.7	0.0	301.01685	16.717718	0.0	16.717718	10	2.637089
mcp1k	18255	1	285311	0	8.414	6.692	10	1167316	0	nu-candidate	8	1	1	1	0	1.783	79.3	8	86.41278	-21.703611	267.2588	2.3393784	-15.0	1.0	0.0	0.7	0.0	888.8986	6.555003	5.312952	1.242051	2	15.307026
mcp1k	18255	1	285333	0	4.124	0.754	6	349140	0	nu-candidate	10	1	1	0	0																		
mcp1k	18255	1	285366	0	8.029	5.343	9	1253212	0	nu-candidate	15	2	2	1	0	1.102	68.2	4	201.39507	-47.56377	460.88403	-2.4295745	-15.0	1.0	1.0	0.7	0.0	293.10437	0.0	0.0	0.0	0	4.8556204
mcp1k	18255	1	285421	0	4.947	0.761	6	353356	0	cosmic-tagged	8	1	1	0	0																		
mcp1k	18255	1	285443	0	10.139	5.918	11	1151808	0	nu-candidate	8	1	1	1	0	1.105	72.6	20	-71.6607	47.548508	430.09753	2.2680752	-15.0	1.0	0.0	0.7	0.0	628.5605	7.7390976	0.0	7.7390976	6	6.572938
mcp1k	18255	1	285467	0	10.295	5.460	11	1210312	0	nu-candidate	13	1	1	1	0	1.550	101.5	6	2.9986393	-52.168526	0.056273114	-0.57744	-15.0	1.0	1.0	0.61349213	0.0	389.81293	0.0	0.0	0.0	0	8.002966
mcp1k	18255	1	285531	0	11.689	7.121	12	1285892	0	nu-candidate	15	1	1	1	0	1.767	221.8	2	18.76721	0.60031474	388.4817	3.67154	-15.0	1.0	0.0	0.7	0.0	957.5084	0.0	0.0	0.0	0	0.0
mcp1k	18255	1	285564	0	9.987	5.038	11	1153340	0	nu-candidate	13	2	2	1	0	0.671	43.5	1	75.189255	-4.234362	415.0183	0.99985236	-15.0	1.0	0.0	0.7	0.0	346.56497	0.0	0.0	0.0	0	2.8271074
mcp1k	18255	1	285577	0	6.494	1.028	7	386240	0	no-beam-flash	8	0	0	0	0																		
mcp1k	18255	1	285586	0	5.199	0.775	6	345012	0	no-beam-flash	13	0	0	0	0																		
mcp1k	18255	1	285652	0	10.105	4.631	11	819048	0	cosmic-tagged	16	1	1	1	0	0.633	1.6	0	0.0	0.0	0.0	-1.9416895	-15.0	1.0	0.0	0.7	0.0	0.0	0.0	0.0	0.0	0	0.0
mcp1k	18255	1	285663	0	6.291	0.844	7	360172	0	cosmic-tagged	6	1	1	0	0																		
mcp1k	18255	1	285665	0	9.262	6.109	11	1180164	0	nu-candidate	8	1	1	1	0	0.701	94.7	20	-42.63772	-104.495346	18.710138	1.3295139	-15.0	1.0	0.0	0.7	0.0	415.99646	104.15071	91.94869	12.202015	10	10.569806
mcp1k	18255	1	285674	0	5.087	1.229	7	419048	0	cosmic-tagged	12	1	1	0	0																		
mcp1k	18255	1	285753	0	8.952	5.342	10	1171320	0	nu-candidate	10	1	1	1	0	1.513	22.3	10	-27.671677	-160.20659	10.204954	-1.3010759	-15.0	1.0	0.0	0.7	0.0	288.36963	0.76213294	0.0	0.76213294	1	15.325918
mcp1k	18255	1	285795	0	6.121	1.210	7	462168	0	cosmic-tagged	18	1	1	0	0																		
mcp1k	18255	1	285929	0	11.358	8.451	12	1208172	0	nu-candidate	11	1	1	1	0	0.855	288.7	2	-12.149675	66.214066	208.1051	5.1812463	-15.0	1.0	0.0	0.7	0.0	1165.9205	0.0	0.0	0.0	0	2.2352965
mcp1k	18255	1	285971	0	10.087	8.315	12	1144856	0	nu-candidate	7	1	1	1	0	0.659	268.0	6	-123.07057	-17.947083	96.14466	3.1972263	-15.0	1.0	0.0	0.7	0.0	820.5442	0.0	0.0	0.0	0	24.018456
mcp1k	18255	1	285979	0	3.485	1.015	4	378220	0	cosmic-tagged	10	1	1	0	0																		
mcp1k	18255	1	285993	0	5.221	0.968	7	410084	0	no-beam-flash	14	0	0	0	0																		
mcp1k	18255	1	285999	0	6.251	1.184	7	431568	0	cosmic-tagged	15	1	1	0	0																		
mcp1k	18255	1	286021	0	2.772	0.713	4	351364	0	cosmic-tagged	10	1	1	0	0																		
mcp1k	18255	1	286065	0	3.946	1.262	5	402584	0	cosmic-tagged	9	1	1	0	0																		
mcp1k	18255	1	286089	0	7.577	1.078	8	400640	0	no-beam-flash	12	0	0	0	0																		
mcp1k	18255	1	286114	0	7.667	1.495	8	496768	0	nu-candidate	18	1	1	0	0																		
mcp1k	18255	1	286133	0	7.496	1.116	8	411868	0	no-beam-flash	13	0	0	0	0																		
mcp1k	18255	1	286177	0	8.687	4.746	9	1169444	0	nu-candidate	10	1	1	1	0	1.419	14.5	2	171.23602	199.85497	227.81413	-0.4046443	-15.0	1.0	1.0	0.7	0.0	193.15237	0.0	0.0	0.0	0	30.269028
mcp1k	18255	1	286180	0	8.740	4.883	9	1166888	0	nu-candidate	8	1	1	1	0	1.745	43.1	2	171.59285	-104.227516	274.93988	2.79916	-15.0	1.0	0.0	0.7	0.0	440.09283	0.0	0.0	0.0	0	2.674878
mcp1k	18255	1	286191	0	11.792	6.040	12	1255256	0	nu-candidate	14	1	1	1	0	1.155	108.4	10	129.79045	176.7029	80.42516	2.739502	-15.0	1.0	0.0	0.7	0.0	502.77405	0.0	0.0	0.0	0	8.784785
mcp1k	18255	1	286197	0	6.067	0.758	7	349024	0	no-bundle	8	0	1	0	0																		
mcp1k	18255	1	286213	0	5.062	1.109	7	419856	0	nu-candidate	10	1	1	0	0																		
mcp1k	18255	1	286221	0	5.044	1.166	6	429140	0	no-bundle	15	0	1	0	0																		
mcp1k	18255	1	286241	0	11.173	6.258	13	1222892	0	nu-candidate	11	1	1	1	0	1.272	288.0	7	16.69386	132.15047	93.48947	4.5072064	-15.0	1.0	0.0	0.7	0.0	829.4337	0.0	0.0	0.0	0	11.819797
mcp1k	18255	1	286268	0	11.248	7.103	13	1227980	0	nu-candidate	10	1	1	1	0	0.636	197.4	10	-173.31554	-110.157074	8.378336	3.024428	-15.0	1.0	0.0	0.7	0.0	592.17926	3.3626378	0.0	3.3626378	3	8.246584
mcp1k	18255	1	286325	0	6.977	0.937	8	378752	0	cosmic-tagged	9	1	1	0	0																		
mcp1k	18255	1	286329	0	6.933	0.792	8	352916	0	cosmic-tagged	13	1	1	0	0																		
mcp1k	18255	1	286353	0	13.817	9.573	15	1368820	0	nu-candidate	9	1	1	1	0	1.991	264.1	3	-61.7882	46.68973	372.31854	2.3300328	-15.0	1.0	0.0	0.7	0.0	900.61597	3.8473775	0.0	3.8473775	1	2.7325263
mcp1k	18255	1	286391	0	4.837	1.148	6	440108	0	cosmic-tagged	12	1	1	0	0																		
mcp1k	18255	1	286400	0	11.030	7.507	13	1270532	0	nu-candidate	12	1	1	1	0	0.628	338.3	8	-15.825796	-169.97491	29.822023	4.2700915	-15.0	1.0	0.0	0.7	0.0	924.2956	6.8416533	0.0	6.8416533	3	11.067071
mcp1k	18255	1	286527	0	9.534	5.146	10	1193904	0	nu-candidate	14	1	1	1	0	0.583	26.4	13	193.69173	140.84167	300.4016	2.5956519	-15.0	1.0	0.0	0.7	0.0	270.0105	0.0	0.0	0.0	0	20.842176
mcp1k	18255	1	286532	0	3.431	1.016	4	409836	0	no-bundle	9	0	1	0	0																		
mcp1k	18255	1	286551	0	4.714	1.311	5	461784	0	cosmic-tagged	16	1	1	0	0																		
mcp1k	18255	1	286587	0	3.466	0.988	4	382612	0	no-beam-flash	10	0	0	0	0																		
mcp1k	18255	1	286617	0	7.272	2.550	8	578824	0	cosmic-tagged	10	1	1	0	0																		
mcp1k	18255	1	286631	0	4.649	1.063	5	364896	0	cosmic-tagged	10	1	1	0	0																		
mcp1k	18255	1	286655	0	9.609	7.279	12	1339952	0	nu-candidate	17	1	1	1	0	1.396	27.7	17	-43.030354	65.36404	8.663832	-2.0792146	-7.362911	1.0	0.0	0.5079996	0.0	501.5212	2.4918373	0.0	2.4918373	1	7.5800285
mcp1k	18255	1	286681	0	17.279	15.045	20	1264692	0	nu-candidate	12	2	2	1	0	1.066	35.3	0	-136.64981	31.928871	460.70602	0.5309852	-15.0	1.0	0.0	0.7	0.0	2054.1357	212.61037	211.2844	1.3259827	2	32.28122
mcp1k	18255	1	286683	0	4.450	0.602	5	327288	0	no-beam-flash	7	0	0	0	0																		
mcp1k	18255	1	286787	0	5.129	1.152	7	435356	0	no-bundle	15	0	1	0	0																		
mcp1k	18255	1	286818	0	10.407	5.452	12	1200016	0	nu-candidate	11	1	1	1	0	0.628	47.0	3	-153.97305	-69.89777	197.32292	0.7986546	-15.0	1.0	0.0	0.7	0.0	268.5844	17.736889	17.736889	0.0	1	12.049771
mcp1k	18255	1	286884	0	4.776	1.084	5	391536	0	cosmic-tagged	15	1	1	0	0																		
mcp1k	18255	1	286906	0	10.171	5.560	11	1169388	0	nu-candidate	6	1	1	1	0	1.539	134.8	4	-103.41754	191.91129	294.56213	0.9833577	-15.0	1.0	0.0	0.7	0.0	640.0165	1.2227417	0.0	1.2227417	1	5.2697587
mcp1k	18255	1	287007	0	10.189	6.048	11	1187736	0	cosmic-tagged	11	1	1	1	0	1.599	49.5	22	72.38572	169.14464	397.06213	1.0807545	-15.0	1.0	0.0	0.7	0.0	530.32983	181.92934	0.0	181.92934	8	29.484211
mcp1k	18255	1	287013	0	4.277	1.465	6	398660	0	cosmic-tagged	7	1	1	0	0																		
mcp1k	18255	1	287016	0	4.348	1.098	6	403792	0	no-beam-flash	15	0	0	0	0																		
mcp1k	18255	1	287029	0	5.354	0.996	7	397136	0	cosmic-tagged	13	1	1	0	0																		
mcp1k	18255	1	287099	0	5.372	0.858	7	358104	0	cosmic-tagged	13	1	1	0	0																		
mcp1k	18255	1	287181	0	5.376	1.069	7	420392	0	cosmic-tagged	13	1	1	0	0																		
mcp1k	18255	1	287211	0	10.285	7.616	11	1157564	0	nu-candidate	9	1	1	1	0	1.118	109.2	16	101.27225	-43.641827	274.90414	2.7677836	-15.0	1.0	0.0	0.7	0.0	863.974	45.070877	38.84922	6.2216554	5	13.005337
mcp1k	18255	1	287249	0	8.921	6.268	10	1185772	0	nu-candidate	14	1	1	1	0	1.404	140.1	9	87.57256	43.80507	254.3046	3.1638107	-15.0	1.0	0.0	0.7	0.0	536.30975	1.4783938	0.0	1.4783938	1	13.89175
mcp1k	18255	1	287277	0	4.778	0.686	6	312956	0	cosmic-tagged	10	1	1	0	0																		
mcp1k	18255	1	287315	0	5.123	0.805	7	335104	0	cosmic-tagged	9	1	1	0	0																		
mcp1k	18255	1	287431	0	8.959	5.134	11	1197068	0	cosmic-tagged	12	1	1	1	0	2.103	52.0	2	0.0	0.0	0.0	-1.9416895	-15.0	1.0	0.0	0.7	0.0	0.0	0.0	0.0	0.0	0	0.0
mcp1k	18255	1	287434	0	6.373	1.451	8	405484	0	cosmic-tagged	15	1	1	0	0																		
mcp1k	18255	1	287517	0	10.104	6.580	11	1234020	0	nu-candidate	12	1	1	1	0	2.011	142.7	4	71.07164	140.23044	355.95102	3.0595348	-15.0	1.0	0.0	0.7	0.0	702.71765	0.0	0.0	0.0	0	3.7702026
mcp1k	18255	1	287522	0	6.203	1.475	7	420008	0	cosmic-tagged	11	1	1	0	0																		
mcp1k	18255	1	287555	0	10.490	8.617	12	1300576	0	nu-candidate	13	1	1	1	0	0.844	127.8	12	-71.32424	-53.1993	25.584661	2.5553665	-15.0	1.0	0.0	0.7	0.0	1183.7474	0.0	0.0	0.0	0	7.388796
mcp1k	18255	1	287599	0	10.112	5.676	11	1259352	0	nu-candidate	14	1	1	1	0	1.335	35.5	0	-178.97693	144.00497	473.46808	1.6968961	-15.0	1.0	0.0	0.7	0.0	399.36316	0.0	0.0	0.0	0	0.0
mcp1k	18255	1	287621	0	11.357	7.584	12	1131604	0	nu-candidate	6	1	1	1	0	1.840	93.6	6	111.29678	124.08788	346.88403	2.6779206	-15.0	1.0	0.0	0.7	0.0	679.74243	74.109535	72.222664	1.8868713	2	4.4658604
mcp1k	18255	1	287654	0	10.372	6.826	11	1246976	0	nu-candidate	12	1	1	1	0	1.374	61.7	11	-4.674879	97.47785	497.53906	0.9001698	-15.0	1.0	0.0	0.7	0.0	550.01843	82.6122	82.6122	0.0	1	1.9079045
mcp1k	18255	1	287717	0	5.912	1.035	6	373020	0	cosmic-tagged	14	1	1	0	0																		
mcp1k	18255	1	287759	0	4.882	0.706	5	326808	0	no-beam-flash	7	0	0	0	0																		
mcp1k	18255	1	287783	0	4.856	0.651	5	315912	0	nu-candidate	8	1	1	0	0																		
mcp1k	18255	1	287825	0	8.979	6.426	11	1170488	0	nu-candidate	7	1	1	1	0	1.410	119.8	12	-34.64307	2.9797907	415.44595	3.0621867	-15.0	1.0	0.0	0.7	0.0	520.6727	11.527007	0.0	11.527007	5	13.357032
mcp1k	18255	1	287830	0	13.114	10.349	15	1207168	0	nu-candidate	11	1	1	1	0	1.490	98.7	22	-47.021317	101.412025	16.155619	0.7549649	-15.0	1.0	0.0	0.7	0.0	1080.9556	201.90039	201.90039	0.0	2	21.600033
mcp1k	18255	1	287896	0	4.721	0.868	5	363044	0	nu-candidate	10	1	1	0	0																		
mcp1k	18255	1	288067	0	7.511	5.462	8	1191832	0	nu-candidate	12	1	1	1	0	0.735	42.8	1	-77.98628	180.8318	128.83005	3.6871636	-15.0	1.0	0.0	0.7	0.0	315.3904	0.0	0.0	0.0	0	1.9260882
mcp1k	18255	1	288287	0	18.315	13.677	20	1268028	0	nu-candidate	8	1	1	1	0	0.641	255.8	16	-158.07149	7.8574944	83.45796	4.785039	-15.0	1.0	0.0	0.7	0.0	1538.6306	1.7379606	0.0	1.7379606	2	31.136131
mcp1k	18255	1	288327	0	11.855	8.488	13	1283980	0	cosmic-tagged	12	1	1	1	0	0.813	110.3	15	27.126541	-198.06668	58.31144	-1.9320762	-15.0	1.0	1.0	0.7	0.0	469.2777	14.372709	0.0	14.372709	5	19.031456
mcp1k	18255	1	288358	0	10.588	6.952	12	1260056	0	nu-candidate	12	2	2	1	0	1.469	125.7	1	-37.26099	190.09943	410.5599	3.4502063	-15.0	1.0	0.0	0.7	0.0	604.72925	0.0	0.0	0.0	0	2.1139257
mcp1k	18255	1	288397	0	5.058	1.002	6	372588	0	cosmic-tagged	12	1	1	0	0																		
mcp1k	18255	1	288468	0	5.118	1.540	6	412536	0	cosmic-tagged	9	1	1	0	0																		
mcp1k	18255	1	288613	0	5.172	1.289	6	405632	0	no-beam-flash	10	0	0	0	0																		
mcp1k	18255	1	288639	0	8.915	6.266	10	1146752	0	nu-candidate	6	1	1	1	0	1.174	83.0	10	-162.59564	122.61428	135.32217	2.9715486	-15.0	1.0	0.0	0.7	0.0	647.66693	5.9184337	0.0	5.9184337	5	165.47762
mcp1k	18255	1	288727	0	3.750	0.725	5	317784	0	no-beam-flash	7	0	0	0	0																		
mcp1k	18255	1	288745	0	7.599	6.045	8	1228476	0	nu-candidate	14	1	1	1	0	0.760	34.5	16	-146.1819	141.42732	334.31537	0.6411022	-15.0	1.0	0.0	0.7	0.0	702.46716	10.061905	0.0	10.061905	5	40.824753
mcp1k	18255	1	288776	0	5.048	1.214	6	424872	0	nu-candidate	10	1	1	0	0																		
mcp1k	18255	1	288859	0	12.737	10.912	13	1264500	0	nu-candidate	10	1	1	1	0	1.823	318.7	10	168.58833	37.044582	200.71704	3.3591697	-15.0	1.0	0.0	0.7	0.0	900.82965	0.8646304	0.0	0.8646304	1	10.722544
mcp1k	18255	1	288864	0	4.866	0.690	6	333620	0	cosmic-tagged	7	1	1	0	0																		
mcp1k	18255	1	288921	0	5.122	1.320	7	463976	0	cosmic-tagged	17	1	2	0	0																		
mcp1k	18255	1	288947	0	11.377	7.484	12	1174096	0	nu-candidate	11	1	1	1	0	1.064	89.6	9	-116.19512	-96.547104	318.28912	2.787652	-15.0	1.0	0.0	0.7	0.0	949.6677	6.3606973	0.0	6.3606973	3	4.94187
mcp1k	18255	1	288952	0	5.039	1.650	6	455652	0	cosmic-tagged	11	1	1	0	0																		
mcp1k	18255	1	288974	0	4.878	0.646	5	318056	0	nu-candidate	7	2	2	0	0																		
mcp1k	18255	1	289062	0	4.947	0.854	5	359136	0	no-bundle	10	0	1	0	0																		
mcp1k	18255	1	289141	0	6.521	3.258	7	714176	0	cosmic-tagged	11	1	1	1	0	0.739	1.1	0	0.0	0.0	0.0	-1.9416895	-15.0	1.0	0.0	0.7	0.0	0.0	0.0	0.0	0.0	0	0.0
mcp1k	18255	1	289145	0	5.190	0.960	6	342632	0	cosmic-tagged	13	1	1	0	0																		
mcp1k	18255	1	289251	0	11.854	9.087	13	1200792	0	nu-candidate	10	1	1	1	0	2.136	281.3	3	-7.0907636	-196.06679	311.31992	-0.041957486	-15.0	1.0	0.0	0.7	0.0	767.51294	0.69139546	0.0	0.69139546	1	3.4117618
mcp1k	18255	1	289295	0	4.943	0.970	6	384968	0	cosmic-tagged	12	1	1	0	0																		
mcp1k	18255	1	289343	0	4.771	0.762	5	328592	0	cosmic-tagged	9	1	1	0	0																		
mcp1k	18255	1	289475	0	4.882	0.701	5	333412	0	no-beam-flash	10	0	0	0	0																		
mcp1k	18255	1	289493	0	5.979	1.088	7	412696	0	no-beam-flash	11	0	0	0	0																		
mcp1k	18255	1	289559	0	11.534	7.583	13	1157784	0	nu-candidate	11	1	1	1	0	1.825	165.7	3	-2.3404872	12.610561	354.6562	4.2873125	-15.0	1.0	0.0	0.7	0.0	898.6867	0.821241	0.0	0.821241	1	171.13934
mcp1k	18255	1	289647	0	7.570	1.176	9	373060	0	cosmic-tagged	10	1	1	0	0																		
mcp1k	18255	1	289656	0	5.720	1.155	6	354784	0	cosmic-tagged	8	1	1	0	0																		
mcp1k	18255	1	289805	0	6.308	0.811	8	335144	0	nu-candidate	12	1	1	0	0																		
mcp1k	18255	1	289832	0	11.540	6.685	13	1207256	0	nu-candidate	11	1	1	1	0	0.629	208.7	2	-12.036225	94.426575	315.52203	3.2419508	-15.0	1.0	0.0	0.7	0.0	620.057	0.0	0.0	0.0	0	4.376754
mcp1k	18255	1	289849	0	5.811	1.116	6	396112	0	nu-candidate	13	1	1	0	0																		
mcp1k	18255	1	290052	0	11.568	7.480	12	1208672	0	nu-candidate	8	1	1	1	0	1.108	88.1	12	107.32725	-39.12391	460.69	1.3259698	-15.0	1.0	0.0	0.7	0.0	502.76453	15.196473	0.0	15.196473	11	0.8697009
mcp1k	18255	1	290069	0	7.352	1.073	8	380024	0	cosmic-tagged	15	1	1	0	0																		
mcp1k	18255	1	290135	0	5.111	0.870	7	364636	0	no-beam-flash	14	0	0	0	0																		
mcp1k	18255	1	290201	0	5.099	0.989	7	358088	0	cosmic-tagged	8	1	1	0	0																		
mcp1k	18255	1	290223	0	5.226	1.014	7	378000	0	no-beam-flash	11	0	0	0	0																		
mcp1k	18255	1	290294	0	10.115	5.609	11	1235344	0	nu-candidate	12	1	1	1	0	1.752	25.2	1	23.601957	27.398495	476.34192	2.695602	-15.0	1.0	0.0	0.7	0.0	277.85196	0.0	0.0	0.0	0	10.695379
mcp1k	18255	1	290316	0	6.165	1.526	7	437728	0	cosmic-tagged	12	1	1	0	0																		
mcp1k	18255	1	290329	0	6.166	1.403	7	412840	0	cosmic-tagged	12	1	1	0	0																		
mcp1k	18255	1	290602	0	4.887	1.029	6	397960	0	no-beam-flash	12	0	0	0	0																		
mcp1k	18255	1	290712	0	6.156	1.492	8	465288	0	no-bundle	14	0	1	0	0																		
mcp1k	18255	1	290729	0	12.614	8.394	14	1278372	0	nu-candidate	12	1	1	1	0	1.552	118.3	3	-128.87587	-106.02871	104.31855	2.1432753	-15.0	1.0	0.0	0.7	0.0	513.9813	3.596495	0.0	3.596495	2	0.0
mcp1k	18255	1	290800	0	5.870	0.927	6	377568	0	no-beam-flash	12	0	0	0	0																		
mcp1k	18255	1	290844	0	4.819	1.099	6	370472	0	cosmic-tagged	6	1	1	0	0																		
mcp1k	18255	1	291037	0	7.473	5.877	9	1138408	0	nu-candidate	10	1	1	1	0	1.210	105.3	4	71.48417	96.28117	98.27047	1.7607757	-15.0	1.0	1.0	0.7	0.0	380.34473	1.3424103	0.0	1.3424103	1	4.179682
mcp1k	18255	1	291064	0	8.696	6.010	10	1215648	0	nu-candidate	11	1	1	1	0	1.090	164.7	3	-0.7496667	64.28892	4.7210207	3.1967201	-15.0	1.0	0.0	0.7	0.0	498.21027	57.226402	0.0	57.226402	3	0.0
mcp1k	18255	1	291262	0	9.870	6.623	11	1218624	0	nu-candidate	13	1	1	1	0	1.686	141.1	6	-86.31756	5.007821	123.79854	2.7989538	-15.0	1.0	0.0	0.7	0.0	678.1344	1.9494821	0.0	1.9494821	1	60.663242
mcp1k	18255	1	291301	0	4.589	1.097	5	413656	0	cosmic-tagged	13	1	1	0	0																		
mcp1k	18255	1	291345	0	4.576	1.222	5	424140	0	nu-candidate	9	2	2	0	0																		
mcp1k	18255	1	291372	0	9.038	5.388	11	1176456	0	nu-candidate	10	1	1	1	0	1.492	8.2	7	-7.4076552	167.53503	470.85767	-1.6531086	-15.0	1.0	0.0	0.7	0.0	108.086754	2.4287367	0.0	2.4287367	1	9.458189
mcp1k	18255	1	291499	0	7.599	5.419	9	1174768	0	nu-candidate	11	1	1	1	0	1.624	40.9	6	13.923468	179.5227	70.887535	-1.1778244	-15.0	1.0	1.0	0.7	0.0	232.38795	4.735767	0.0	4.735767	3	3.7563736
mcp1k	18255	1	291526	0	7.387	2.503	9	499296	0	cosmic-tagged	14	1	1	0	0																		
mcp1k	18255	1	291548	0	9.326	6.694	11	1262316	0	nu-candidate	18	1	1	1	0	0.595	82.2	11	-125.225075	27.575598	422.8091	1.5038197	-15.0	1.0	0.0	0.7	0.0	585.94275	1.7076349	0.0	1.7076349	1	27.361061
mcp1k	18255	1	291570	0	11.726	7.222	13	1319220	0	nu-candidate	14	1	1	1	0	1.943	197.2	2	-77.5592	6.60204	141.18634	-0.95993024	-15.0	1.0	1.0	0.7	0.0	622.7218	250.9754	0.0	250.9754	1	0.0
mcp1k	18255	1	291724	0	4.859	0.739	6	327948	0	nu-candidate	11	1	1	0	0																		
mcp1k	18255	1	291768	0	4.908	1.451	6	484784	0	cosmic-tagged	22	1	1	0	0																		
mcp1k	18255	1	291785	0	4.921	1.440	6	437200	0	cosmic-tagged	11	1	1	0	0																		
mcp1k	18255	1	291961	0	10.841	7.630	13	1175776	0	nu-candidate	14	1	1	1	0	1.286	126.3	10	-143.6384	116.10504	127.61265	2.3917067	-15.0	1.0	0.0	0.7	0.0	1005.98	0.0	0.0	0.0	0	11.340297
mcp1k	18255	1	292005	0	10.875	7.921	13	1177964	0	nu-candidate	9	1	1	1	0	1.103	169.2	16	129.35918	110.215294	345.9031	4.170196	-15.0	1.0	0.0	0.7	0.0	925.69006	4.6821074	0.0	4.6821074	3	122.47314
mcp1k	18255	1	292027	0	14.886	11.434	16	1297964	0	nu-candidate	13	1	1	1	0	0.737	282.5	17	111.86155	173.71191	109.9151	4.3070517	-15.0	1.0	0.0	0.7	0.0	1323.0354	14.828432	0.0	14.828432	6	5.3196907
mcp1k	18255	1	292115	0	3.436	0.688	4	318744	0	no-bundle	9	0	1	0	0																		
mcp1k	18255	1	292384	0	19.091	17.531	21	1304444	0	nu-candidate	12	1	1	1	0	1.157	460.5	8	19.1791	13.626714	52.05814	5.4235516	-15.0	1.0	0.0	0.7	0.0	1679.1055	2.4093013	0.0	2.4093013	1	364.18677
mcp1k	18255	1	292406	0	6.816	5.135	9	1174024	0	nu-candidate	12	1	1	1	0	1.417	46.4	6	-164.01823	0.62183326	138.754	0.849066	-15.0	1.0	0.0	0.7	0.0	337.90247	0.0	0.0	0.0	0	93.9693
mcp1k	18255	1	292423	0	4.688	0.896	5	375444	0	no-beam-flash	11	0	0	0	0																		
mcp1k	18255	1	292450	0	4.879	1.388	5	432448	0	cosmic-tagged	14	1	1	0	0																		
mcp1k	18255	1	292533	0	14.939	10.139	16	1276280	0	nu-candidate	15	1	1	1	0	0.888	308.6	3	-118.44551	124.826866	126.96381	5.043678	-15.0	1.0	0.0	0.7	0.0	1120.4381	46.494595	46.494595	0.0	1	0.4827709
mcp1k	18255	1	292577	0	8.089	5.577	9	1192496	0	nu-candidate	9	1	1	1	0	1.038	64.9	7	-110.72585	75.147484	440.0784	2.2529933	-15.0	1.0	0.0	0.7	0.0	290.99533	1.2426034	0.0	1.2426034	1	5.550533
mcp1k	18255	1	292643	0	14.727	10.915	15	1274912	0	nu-candidate	12	1	1	1	0	1.796	184.3	20	-41.729805	-29.499107	58.490536	3.193466	-15.0	1.0	0.0	0.7	0.0	1092.4497	0.0	0.0	0.0	0	15.245353
mcp1k	18255	1	292687	0	10.551	6.753	11	1185156	0	nu-candidate	9	1	1	1	0	1.910	117.5	6	-161.9092	80.26328	188.8114	3.8121216	-15.0	1.0	0.0	0.7	0.0	763.84045	5.295959	0.0	5.295959	2	5.0267863
mcp1k	18255	1	292797	0	6.912	3.902	7	799500	0	cosmic-tagged	17	1	1	1	0	0.702	0.8	0	0.0	0.0	0.0	-1.9416895	-15.0	1.0	0.0	0.7	0.0	0.0	0.0	0.0	0.0	0	0.0
mcp1k	18255	1	293127	0	4.865	0.856	5	357696	0	no-bundle	9	0	1	0	0																		
mcp1k	18255	1	293149	0	7.022	5.984	9	1133960	0	nu-candidate	10	1	2	1	0	1.463	28.1	18	-129.19774	51.520233	404.01584	-1.0742053	-4.7144084	1.0	0.0	0.7	0.0	322.6392	0.0	0.0	0.0	0	19.592836
mcp1k	18255	1	293391	0	4.502	1.577	6	482736	0	cosmic-tagged	20	1	1	0	0																		
mcp1k	18255	1	313781	0	6.798	5.249	7	1160452	0	nu-candidate	11	1	1	1	0	1.598	13.7	5	-121.72032	156.53151	402.70526	-3.1673007	-7.4649487	0.0	1.0	0.7	0.0	118.42669	1.8170925	0.0	1.8170925	1	5.886348
mcp1k	18255	1	313847	0	18.903	17.356	20	1328892	0	cosmic-tagged	13	1	1	1	0	2.010	283.6	9	-42.76979	2.4200773	249.1223	3.377704	-15.0	1.0	0.0	0.7	0.0	1111.663	2.0705512	0.0	2.0705512	2	10.870073
mcp1k	18255	1	313979	0	9.263	7.486	10	1197980	0	nu-candidate	14	1	1	1	0	1.540	272.9	0	-18.200178	-37.298943	269.3521	4.365408	-15.0	1.0	0.0	0.7	0.0	919.0032	0.0	0.0	0.0	0	0.0
mcp1k	18255	1	314199	0	3.917	1.040	5	403496	0	no-bundle	10	0	1	0	0																		
mcp1k	18255	1	314309	0	3.661	1.008	4	385884	0	nu-candidate	12	1	1	0	0																		
mcp1k	18255	1	314507	0	9.023	5.835	10	1196744	0	nu-candidate	12	1	1	1	0	1.929	39.4	5	82.7911	-88.20831	136.16037	-0.12140931	-15.0	1.0	1.0	0.7	0.0	436.57983	0.0	0.0	0.0	0	3.0255537
mcp1k	18255	1	314705	0	9.121	5.659	10	1200504	0	nu-candidate	20	1	1	1	0	1.283	5.2	10	-94.031334	105.82726	29.148306	-0.7124728	-15.0	1.0	0.0	0.7	0.0	117.13675	13.2484045	12.632975	0.61543053	2	17.106628
mcp1k	18255	1	314881	0	3.856	0.985	4	360228	0	nu-candidate	9	1	1	0	0																		
mcp1k	18255	1	314925	0	3.905	1.093	4	392012	0	no-bundle	12	0	2	0	0																		
mcp1k	18255	1	315013	0	11.070	10.376	13	1209704	0	nu-candidate	11	1	1	1	0	1.609	214.4	14	-119.91179	-56.738068	277.4032	3.166629	-15.0	1.0	0.0	0.7	0.0	725.8024	3.0834665	0.0	3.0834665	2	27.696938
mcp1k	18255	1	315079	0	4.840	0.924	5	358412	0	cosmic-tagged	11	1	1	0	0																		
mcp1k	18255	1	315167	0	12.029	10.315	13	1265488	0	nu-candidate	11	1	1	1	0	1.194	162.4	17	139.14095	164.83919	221.31506	2.8047507	-15.0	1.0	0.0	0.7	0.0	1425.9111	0.0	0.0	0.0	0	26.02884
mcp1k	18255	1	315343	0	8.595	5.277	9	1152300	0	nu-candidate	7	1	1	1	0	1.162	35.1	16	-88.92017	-20.765688	379.23053	-1.0001212	-15.0	1.0	0.0	0.7	0.0	393.64395	10.345774	0.0	10.345774	6	63.49531
mcp1k	18255	1	315409	0	4.905	1.703	5	463848	0	cosmic-tagged	13	1	1	0	0																		
mcp1k	18255	1	315497	0	11.545	8.013	12	1308588	0	nu-candidate	14	1	1	1	0	0.746	296.2	10	-9.993944	191.88264	201.66716	3.8072202	-15.0	1.0	0.0	0.7	0.0	912.5567	0.0	0.0	0.0	0	3.9856691
mcp1k	18255	1	315629	0	4.915	1.129	5	404784	0	no-bundle	11	0	1	0	0																		
mcp1k	18255	1	315849	0	8.116	5.534	10	1238676	0	nu-candidate	11	1	1	1	0	0.920	69.8	3	-78.389404	197.97923	0.81933314	-0.82584494	-15.0	1.0	1.0	0.59686285	0.0	314.75778	1.8787451	0.0	1.8787451	1	3.1554391
mcp1k	18255	1	315871	0	8.201	6.128	10	1193724	0	nu-candidate	12	1	1	1	0	1.392	104.0	6	82.5445	-109.8195	440.30505	2.542169	-15.0	1.0	1.0	0.7	0.0	581.112	3.4443822	0.0	3.4443822	2	41.85211
mcp1k	18255	1	315959	0	3.585	0.799	4	355880	0	no-bundle	8	0	1	0	0																		
mcp1k	18255	1	316003	0	7.653	5.161	8	1198104	0	nu-candidate	14	1	1	1	0	1.008	32.9	7	150.48749	35.68794	389.0572	-3.225632	-15.0	1.0	0.0	0.7	0.0	232.94708	6.052934	0.0	6.052934	4	5.2840157
mcp1k	18255	1	316025	0	8.006	6.621	9	1211188	0	nu-candidate	13	1	1	1	0	1.623	80.8	21	45.26158	40.20011	75.73198	2.9184341	-15.0	1.0	0.0	0.7	0.0	839.1819	8.773029	0.0	8.773029	2	218.14658
mcp1k	18255	1	316311	0	9.164	5.798	10	1133192	0	nu-candidate	9	1	1	1	0	1.188	90.5	3	151.61855	188.375	138.49263	4.229985	-15.0	1.0	0.0	0.7	0.0	490.5352	0.0	0.0	0.0	0	9.502073
mcp1k	18255	1	316487	0	3.471	0.559	4	307988	0	no-beam-flash	11	0	0	0	0																		
mcp1k	18255	1	316553	0	10.516	7.582	11	1252916	0	nu-candidate	12	1	1	1	0	1.668	255.2	4	178.08379	-89.56524	116.78344	3.7483284	-15.0	1.0	0.0	0.7	0.0	721.3008	2.7487636	0.0	2.7487636	2	3.0418587
mcp1k	18255	1	316729	0	9.286	6.875	10	1174380	0	nu-candidate	6	1	1	1	0	1.344	140.7	10	-68.843	12.661603	192.42096	4.136392	-15.0	1.0	0.0	0.7	0.0	651.7333	2.1108158	0.0	2.1108158	1	11.749318
mcp1k	18255	1	316971	0	3.931	1.036	4	394560	0	no-beam-flash	12	0	0	0	0																		
mcp1k	18255	1	317191	0	10.414	7.941	11	1210676	0	nu-candidate	16	1	1	1	0	0.576	129.6	12	-126.95521	-138.33705	289.27686	1.4460247	-15.0	1.0	0.0	0.7	0.0	1050.7018	21.883907	17.439548	4.4443583	3	26.945997
mcp1k	18255	1	317323	0	5.410	1.140	6	409896	0	nu-candidate	13	1	1	0	0																		
mcp1k	18255	1	317543	0	3.784	0.993	5	365176	0	cosmic-tagged	10	1	1	0	0																		
mcp1k	18255	1	317741	0	7.517	5.636	9	1269592	0	nu-candidate	11	1	1	1	0	1.001	9.8	19	35.35207	49.416744	17.040943	-1.3212597	-15.0	1.0	1.0	0.7	0.0	250.49919	8.622065	0.0	8.622065	3	73.47462
mcp1k	18255	1	317939	0	13.253	9.286	15	1308864	0	nu-candidate	17	1	1	1	0	1.214	16.8	0	-130.86893	83.922745	140.12059	2.4537168	-15.0	1.0	0.0	0.7	0.0	1340.9587	3.215596	0.0	3.215596	1	18.54425
mcp1k	18255	1	318049	0	8.610	3.703	9	785208	0	cosmic-tagged	10	1	1	1	0	0.976	1.8	0	0.0	0.0	0.0	-1.9416895	-15.0	1.0	0.0	0.7	0.0	0.0	0.0	0.0	0.0	0	0.0
mcp1k	18255	1	318335	0	5.992	1.003	7	399056	0	cosmic-tagged	9	1	1	0	0																		
mcp1k	18255	1	318379	0	4.892	0.708	5	333600	0	no-bundle	11	0	1	0	0																		
mcp1k	18255	1	318731	0	9.899	5.707	11	1203564	0	nu-candidate	11	1	1	1	0	0.598	86.0	8	-94.648796	-124.34859	482.13782	3.3120654	-15.0	1.0	0.0	0.7	0.0	479.20316	0.0	0.0	0.0	0	16.437767
mcp1k	18255	1	319039	0	8.985	6.300	10	1303940	0	nu-candidate	16	1	1	1	0	2.028	85.7	9	60.633816	177.55917	220.97331	0.06933734	-15.0	1.0	0.0	0.7	0.0	686.1899	2.0863514	0.0	2.0863514	1	8.034837
mcp1k	18255	1	319611	0	10.423	6.410	12	1298080	0	nu-candidate	14	1	1	1	0	1.939	109.1	0	-197.00665	-152.02666	404.57217	2.9982193	-15.0	1.0	0.0	0.7	0.0	462.30084	0.0	0.0	0.0	0	0.0
mcp1k	18255	1	319809	0	5.872	0.992	7	374848	0	cosmic-tagged	13	1	1	0	0																		
mcp1k	18255	1	320029	0	10.364	6.941	12	1245668	0	nu-candidate	16	1	1	1	0	1.095	219.5	4	72.52601	60.74874	15.678047	3.1388714	-15.0	1.0	0.0	0.7	0.0	646.72015	1.5083156	0.0	1.5083156	1	15.449882
mcp1k	18255	1	320095	0	4.756	0.644	6	307564	0	nu-candidate	7	1	1	0	0																		
mcp1k	18255	1	320491	0	4.941	1.423	6	467768	0	cosmic-tagged	16	1	1	0	0																		
mcp1k	18255	1	320623	0	4.786	0.730	6	332392	0	nu-candidate	12	1	1	0	0																		
mcp1k	18255	1	320667	0	12.099	8.806	14	1295120	0	nu-candidate	14	1	1	1	0	2.034	157.4	12	-117.03414	-7.7078786	419.67245	1.151725	-15.0	1.0	0.0	0.7	0.0	645.64685	243.58272	149.59962	93.983086	8	3.6798368
mcp1k	18255	1	320865	0	10.779	6.343	12	1171152	0	nu-candidate	11	1	1	1	0	0.868	189.2	10	43.296	18.11414	75.168724	4.209985	-15.0	1.0	0.0	0.7	0.0	772.142	1.6665046	0.0	1.6665046	1	8.593544
mcp1k	18255	1	321107	0	9.266	6.871	10	1228536	0	nu-candidate	9	1	1	1	0	0.755	225.5	5	-132.11235	155.48282	36.19691	3.464872	-15.0	1.0	0.0	0.7	0.0	808.5633	7.6587067	0.0	7.6587067	5	0.0
mcp1k	18255	1	321173	0	7.854	5.514	8	1158460	0	nu-candidate	14	1	2	1	0	0.614	149.0	8	171.98009	95.2733	410.02866	3.0098152	-15.0	1.0	0.0	0.7	0.0	631.5926	0.0	0.0	0.0	0	6.5382166
mcp1k	18255	1	321371	0	12.438	10.528	14	1292684	0	nu-candidate	13	1	1	1	0	0.950	302.1	7	39.22958	-106.82739	143.73463	1.3966581	-15.0	1.0	0.0	0.7	0.0	643.1636	799.70435	0.0	799.70435	8	3.6418839
mcp1k	18255	1	321525	0	4.139	1.283	6	439472	0	cosmic-tagged	14	1	1	0	0																		
mcp1k	18255	1	321767	0	12.054	9.867	13	1240140	0	nu-candidate	11	1	1	1	0	1.995	233.8	19	4.9989233	104.74144	224.54985	3.814725	-15.0	1.0	0.0	0.7	0.0	1085.9749	310.24014	0.0	310.24014	2	339.03613
mcp1k	18255	1	321789	0	7.990	5.542	9	1260360	0	nu-candidate	12	1	1	1	0	1.791	31.5	2	98.03993	-151.51274	486.52026	-0.027171759	-15.0	1.0	1.0	0.7	0.0	210.64438	0.0	0.0	0.0	0	3.3511918
mcp1k	18255	1	345523	0	6.327	1.475	7	481716	0	no-bundle	13	0	1	0	0																		
mcp1k	18255	1	345633	0	19.861	15.710	20	1277788	0	nu-candidate	10	1	1	1	0	1.403	225.5	6	81.41715	-115.699165	187.65244	2.7586398	-15.0	1.0	0.0	0.7	0.0	607.1139	588.3028	586.7327	1.570077	6	9.797558
mcp1k	18255	1	345655	0	5.133	0.934	6	377656	0	nu-candidate	11	1	1	0	0																		
mcp1k	18255	1	346293	0	5.002	0.873	6	315604	0	cosmic-tagged	5	1	1	0	0																		
mcp1k	18255	1	346315	0	3.808	1.037	5	411128	0	cosmic-tagged	16	2	2	0	0																		
mcp1k	18255	1	346491	0	3.888	0.704	4	322648	0	no-beam-flash	6	0	0	0	0																		
mcp1k	18255	1	346623	0	7.801	5.041	8	1159652	0	nu-candidate	12	1	1	1	0	1.672	16.9	10	-182.72021	156.17213	347.30225	-1.9867618	-15.0	1.0	0.0	0.7	0.0	243.14917	2.4581652	0.0	2.4581652	4	11.396065
mcp1k	18255	1	347085	0	11.764	7.190	12	1218476	0	nu-candidate	14	1	1	1	0	0.912	59.6	27	-73.398	172.84868	286.1914	2.6586852	-15.0	1.0	0.0	0.7	0.0	956.6652	1.677527	0.0	1.677527	1	27.944536
mcp1k	18255	1	347129	0	9.015	5.301	10	1163516	0	nu-candidate	9	1	1	1	0	1.766	13.3	14	-193.09947	-41.811466	189.11526	-1.825427	-3.283495	1.0	1.0	0.7	0.0	372.2038	1.808616	0.0	1.808616	1	78.04659
mcp1k	18255	1	347371	0	3.865	1.317	5	396192	0	cosmic-tagged	12	1	1	0	0																		
mcp1k	18255	1	347833	0	4.056	1.040	6	402836	0	no-beam-flash	15	0	0	0	0																		
mcp1k	18255	1	348075	0	5.029	1.148	6	421856	0	cosmic-tagged	12	1	1	0	0																		
mcp1k	18255	1	348471	0	11.884	8.109	13	1232984	0	nu-candidate	11	1	1	1	0	0.833	100.9	18	-159.72227	39.931602	157.11215	2.7823675	-15.0	1.0	1.0	0.7	0.0	1088.9541	1.2635845	0.0	1.2635845	1	14.417398
mcp1k	18255	1	348515	0	8.327	5.462	9	1173268	0	nu-candidate	11	1	1	1	0	1.443	39.9	8	-57.133846	-84.43976	252.37265	-0.45242813	-15.0	1.0	0.0	0.7	0.0	414.82886	2.9360409	0.0	2.9360409	2	163.11365
mcp1k	18255	1	348691	0	23.283	18.960	24	1271392	0	nu-candidate	9	1	1	1	0	1.631	357.5	31	60.933655	-148.35988	176.58572	4.2671666	-15.0	1.0	0.0	0.7	0.0	1916.1237	261.44696	254.26692	7.180041	6	43.520325
mcp1k	18255	1	348713	0	9.524	6.135	10	1193328	0	nu-candidate	10	1	1	1	0	1.230	116.6	8	201.15747	88.20077	65.99598	-1.8688066	-15.0	1.0	1.0	0.7	0.0	397.49152	314.26437	314.26437	0.0	2	15.324777
mcp1k	18255	1	348845	0	9.542	5.907	10	1154296	0	nu-candidate	10	1	1	1	0	0.692	73.8	1	165.56381	70.52241	436.54016	2.622377	-15.0	1.0	0.0	0.7	0.0	555.0065	0.0	0.0	0.0	0	0.0
mcp1k	18255	1	348889	0	5.236	1.474	7	506096	0	no-bundle	14	0	1	0	0																		
mcp1k	18255	1	349087	0	7.006	5.453	9	1214812	0	nu-candidate	17	1	1	1	0	0.854	34.8	2	-68.08425	-35.10495	265.79648	-1.5770311	-15.0	1.0	0.0	0.7	0.0	257.28302	0.0	0.0	0.0	0	2.7111733
mcp1k	18255	1	349241	0	7.030	5.829	9	1208440	0	nu-candidate	11	1	1	1	0	2.003	51.4	19	-118.37166	-146.55687	4.1158648	2.168548	-15.0	1.0	0.0	0.7	0.0	476.59528	4.1864057	0.0	4.1864057	2	24.581936
mcp1k	18255	1	349373	0	2.810	0.780	4	357884	0	nu-candidate	12	1	1	0	0																		
mcp1k	18255	1	349461	0	9.382	6.923	10	1221148	0	nu-candidate	13	1	1	1	0	0.762	182.9	10	-141.57626	17.52981	207.69519	2.8765843	-15.0	1.0	0.0	0.7	0.0	837.6852	126.90366	0.0	126.90366	4	4.61489
mcp1k	18255	1	349527	0	4.277	1.306	5	462444	0	no-beam-flash	13	0	0	0	0																		
mcp1k	18255	1	349549	0	12.142	9.240	13	1169644	0	nu-candidate	10	1	1	1	0	0.891	100.2	36	1.1541086	-79.1625	110.48005	2.8932831	-1.5973587	1.0	0.0	0.7	0.0	1218.0603	1.711571	0.0	1.711571	1	17.47268
mcp1k	18255	1	349835	0	9.499	5.837	11	1196408	0	nu-candidate	12	1	2	1	0	1.082	63.9	3	-86.62251	118.5013	222.68025	2.5093834	-15.0	1.0	0.0	0.7	0.0	605.58435	0.0	0.0	0.0	0	8.744988
mcp1k	18255	1	349879	0	9.566	7.442	11	1242972	0	nu-candidate	14	1	1	1	0	0.945	282.8	1	36.405376	-149.36743	255.61095	4.281824	-15.0	1.0	0.0	0.7	0.0	1003.94476	1.4254456	0.0	1.4254456	1	0.0
mcp1k	18255	1	349945	0	12.534	9.890	14	1234808	0	nu-candidate	14	1	1	1	0	1.456	184.1	23	-153.9651	-100.02849	102.799385	4.0449777	-15.0	1.0	0.0	0.7	0.0	994.762	132.9417	0.0	132.9417	4	34.90146
mcp1k	18255	1	350099	0	3.977	0.990	5	361260	0	cosmic-tagged	15	1	1	0	0																		
mcp1k	18255	1	350121	0	13.430	11.023	14	1209072	0	nu-candidate	7	1	1	1	0	0.746	186.0	21	-43.66598	-23.549978	334.70135	4.7009974	-15.0	1.0	0.0	0.7	0.0	1238.5057	27.916529	0.0	27.916529	2	347.96283
mcp1k	18255	1	350297	0	9.632	7.740	10	1253840	0	nu-candidate	15	1	1	1	0	1.436	252.8	4	-119.94607	76.69303	218.79286	3.9614549	-15.0	1.0	0.0	0.7	0.0	773.8475	0.0	0.0	0.0	0	6.347655
mcp1k	18255	1	350781	0	5.226	1.061	7	365108	0	cosmic-tagged	9	1	1	0	0																		
mcp1k	18255	1	350935	0	15.118	11.901	17	1220764	0	nu-candidate	10	1	1	1	0	1.907	191.3	7	-92.186775	-45.396442	28.649141	2.1187716	-15.0	1.0	0.0	0.7	0.0	752.64667	767.5796	0.0	767.5796	4	8.152165
mcp1k	18255	1	351507	0	4.236	0.957	6	389232	0	cosmic-tagged	9	1	1	0	0																		
mcp1k	18255	1	351551	0	5.418	1.074	7	415148	0	cosmic-tagged	10	1	1	0	0																		
mcp1k	18255	1	351617	0	3.692	1.208	4	459464	0	cosmic-tagged	12	1	1	0	0																		
mcp1k	18255	1	351639	0	8.458	5.544	10	1243412	0	cosmic-tagged	9	1	1	1	0	1.331	19.1	5	0.0	0.0	0.0	-1.9416895	-15.0	1.0	0.0	0.7	0.0	0.0	0.0	0.0	0.0	0	0.0
mcp1k	18255	1	351705	0	8.334	5.339	10	1166308	0	nu-candidate	6	1	1	1	0	0.629	114.8	0	-132.50047	-24.722334	168.6922	1.6884625	-15.0	1.0	0.0	0.7	0.0	401.92578	0.0	0.0	0.0	0	0.0
mcp1k	18255	1	351749	0	8.265	5.528	9	1237388	0	nu-candidate	10	1	1	1	0	1.246	8.6	22	-132.18478	-8.05402	461.77676	-2.503047	-15.0	1.0	0.0	0.7	0.0	152.15498	5.2920046	0.0	5.2920046	3	38.82879
mcp1k	18255	1	351815	0	4.374	1.330	6	462268	0	cosmic-tagged	15	1	1	0	0																		
mcp1k	18255	1	352123	0	8.130	6.071	9	1342992	0	nu-candidate	12	1	1	1	0	1.507	65.1	0	187.33325	-58.82568	412.17612	2.7171452	-15.0	1.0	0.0	0.7	0.0	498.7006	0.0	0.0	0.0	0	0.0
mcp1k	18255	1	352211	0	3.488	0.814	4	371776	0	no-beam-flash	7	0	0	0	0																		
mcp1k	18255	1	352233	0	10.217	5.820	12	1214952	0	nu-candidate	7	1	1	1	0	1.726	89.7	12	67.64514	90.951614	406.84424	1.6954972	-15.0	1.0	0.0	0.7	0.0	526.29047	0.0	0.0	0.0	0	66.28774
mcp1k	18255	1	352365	0	6.494	1.576	8	421700	0	no-bundle	8	0	1	0	0																		
mcp1k	18255	1	352915	0	3.900	0.999	5	405976	0	cosmic-tagged	14	1	1	0	0																		
mcp1k	18255	1	352937	0	6.486	1.160	8	438652	0	nu-candidate	17	1	1	0	0																		
mcp1k	18255	1	353179	0	5.296	0.914	7	377528	0	no-bundle	8	0	1	0	0																		
mcp1k	18255	1	353223	0	7.481	5.806	9	1238984	0	nu-candidate	11	1	1	1	0	1.072	62.4	2	-12.074148	-152.81247	480.7198	-0.17068867	-5.7740445	1.0	0.0	0.7	0.0	332.36993	0.0	0.0	0.0	0	1.7491035
mcp1k	18255	1	353487	0	5.905	1.597	6	431136	0	cosmic-tagged	10	1	1	0	0																		
mcp1k	18255	1	353729	0	11.287	6.786	12	1419804	0	cosmic-tagged	15	1	1	1	0	1.339	40.2	8	53.487747	70.60885	169.28497	-0.51556695	-15.0	1.0	0.0	0.7	0.0	247.60527	7.20851	0.0	7.20851	4	6.8258038
mcp1k	18255	1	353751	0	9.819	6.368	10	1167580	0	nu-candidate	11	1	1	1	0	1.004	159.8	2	49.93833	-62.38541	144.24573	4.749773	-15.0	1.0	0.0	0.7	0.0	700.1598	0.0	0.0	0.0	0	1.8222413
mcp1k	18255	1	386332	0	9.665	5.320	10	1210984	0	nu-candidate	10	1	1	1	0	1.845	33.6	8	-156.83511	-60.41666	419.7209	0.62245196	-15.0	1.0	0.0	0.7	0.0	313.69952	1.4458994	0.0	1.4458994	1	14.231115
mcp1k	18255	1	386354	0	5.627	0.718	6	326356	0	cosmic-tagged	4	1	1	0	0																		
mcp1k	18255	1	386442	0	9.715	5.638	11	1187972	0	nu-candidate	10	1	1	1	0	1.324	34.1	19	18.537071	-39.19525	92.63855	-1.3712523	4.0551057	1.0	0.0	0.7	0.0	267.24713	2.8007529	0.0	2.8007529	2	30.966255
mcp1k	18255	1	386794	0	5.680	0.921	6	401096	0	cosmic-tagged	11	1	1	0	0																		
mcp1k	18255	1	386816	0	5.673	1.028	6	402552	0	cosmic-tagged	11	1	1	0	0																		
mcp1k	18255	1	386838	0	4.870	0.833	6	337276	0	cosmic-tagged	12	1	1	0	0																		
mcp1k	18255	1	386948	0	13.895	9.321	15	1265712	0	nu-candidate	10	1	1	1	0	0.858	42.8	29	-53.230915	150.76561	332.93164	-0.12934606	-0.32850793	1.0	0.0	0.7	0.0	1246.3079	0.6019554	0.0	0.6019554	1	47.79978
mcp1k	18255	1	387102	0	7.315	3.626	9	750612	0	cosmic-tagged	12	1	1	1	0	1.672	2.7	0	0.0	0.0	0.0	-1.9416895	-15.0	1.0	0.0	0.7	0.0	0.0	0.0	0.0	0.0	0	0.0
mcp1k	18255	1	387168	0	3.746	0.914	5	368912	0	cosmic-tagged	11	1	1	0	0																		
mcp1k	18255	1	387674	0	4.930	1.384	6	469048	0	no-bundle	14	0	1	0	0																		
mcp1k	18255	1	387696	0	4.820	0.832	6	347248	0	cosmic-tagged	8	1	1	0	0																		
mcp1k	18255	1	387850	0	9.973	6.518	11	1339484	0	nu-candidate	13	1	1	1	0	1.265	121.2	2	196.03627	199.91553	82.44815	-1.1755825	-15.0	1.0	1.0	0.7	0.0	591.32416	1.8635678	0.0	1.8635678	1	183.46225
mcp1k	18255	1	388026	0	10.996	8.087	12	1172120	0	nu-candidate	9	1	1	1	0	0.545	282.2	6	-130.00377	99.77597	119.04482	5.36399	-15.0	1.0	0.0	0.7	0.0	978.04596	73.61017	64.71087	8.8993	5	2.0126877
mcp1k	18255	1	388224	0	17.887	14.413	19	1421036	0	nu-candidate	14	1	2	1	0	1.429	198.5	6	-66.84641	-0.4519305	344.369	3.5292664	-15.0	1.0	0.0	0.7	0.0	1235.1526	2.1402755	0.0	2.1402755	1	139.45169
mcp1k	18255	1	388510	0	6.291	1.190	7	432020	0	cosmic-tagged	17	1	1	0	0																		
mcp1k	18255	1	388642	0	5.946	0.913	6	377836	0	no-beam-flash	10	0	0	0	0																		
mcp1k	18255	1	388752	0	3.675	0.698	5	335032	0	cosmic-tagged	11	1	1	0	0																		
mcp1k	18255	1	388884	0	6.029	1.096	6	397392	0	cosmic-tagged	11	1	1	0	0																		
mcp1k	18255	1	388972	0	3.756	0.847	5	365348	0	nu-candidate	11	1	1	0	0																		
mcp1k	18255	1	389214	0	6.221	1.066	8	425220	0	no-bundle	13	0	1	0	0																		
mcp1k	18255	1	389302	0	4.917	0.788	6	340276	0	nu-candidate	9	1	1	0	0																		
mcp1k	18255	1	389544	0	5.938	0.878	6	384160	0	cosmic-tagged	10	1	1	0	0																		
mcp1k	18255	1	389588	0	9.768	5.024	10	1215232	0	nu-candidate	13	1	1	1	0	0.526	6.1	12	-125.29386	143.19624	94.269035	-0.09390467	-15.0	1.0	0.0	0.7	0.0	82.02208	3.3700337	0.0	3.3700337	4	17.344067
mcp1k	18255	1	389830	0	5.994	0.662	6	325572	0	no-bundle	7	0	1	0	0																		
mcp1k	18255	1	389874	0	8.856	5.187	10	1220448	0	nu-candidate	14	1	1	1	0	1.212	16.8	1	31.750347	-26.297468	50.232464	-1.5737909	-15.0	1.0	0.0	0.7	0.0	69.62769	0.0	0.0	0.0	0	0.0
mcp1k	18255	1	389962	0	6.026	1.050	8	405932	0	cosmic-tagged	10	1	1	0	0																		
mcp1k	18255	1	390006	0	5.988	1.335	7	433924	0	cosmic-tagged	7	1	1	0	0																		
mcp1k	18255	1	390028	0	4.710	1.122	5	424080	0	cosmic-tagged	13	1	1	0	0																		
mcp1k	18255	1	390182	0	11.161	8.755	12	1267552	0	nu-candidate	13	1	1	1	0	0.560	144.7	7	-186.66386	-49.90673	487.72	0.8386352	-15.0	1.0	1.0	0.7	0.0	1312.2502	0.0	0.0	0.0	0	9.371979
mcp1k	18255	1	390270	0	4.799	0.913	6	393348	0	no-bundle	17	0	1	0	0																		
mcp1k	18255	1	390534	0	4.766	0.906	6	391552	0	no-bundle	8	0	1	0	0																		
mcp1k	18255	1	390600	0	4.685	0.710	5	323536	0	no-bundle	11	0	1	0	0																		
mcp1k	18255	1	390644	0	5.665	0.775	6	342308	0	no-beam-flash	8	0	0	0	0																		
mcp1k	18255	1	390842	0	13.673	9.548	14	1294368	0	nu-candidate	12	1	1	1	0	0.566	417.7	1	-75.06658	-113.54144	10.247108	4.453428	-15.0	1.0	0.0	0.7	0.0	1013.4999	148.59679	148.59679	0.0	2	1.571555
mcp1k	18255	1	390864	0	9.978	6.384	12	1199972	0	nu-candidate	11	1	1	1	0	0.778	174.5	8	-146.93724	-130.83728	270.64346	1.3600377	-15.0	1.0	0.0	0.7	0.0	710.9441	232.43373	231.11877	1.3149563	2	6.0971675
mcp1k	18255	1	390996	0	7.327	4.724	9	1144724	0	nu-candidate	9	1	1	1	0	0.741	2.9	13	172.59125	57.839725	95.2478	-2.528709	-15.0	1.0	0.0	0.7	0.0	12.095864	10.575469	0.0	10.575469	7	8.4004345
mcp1k	18255	1	391172	0	3.497	0.503	5	308048	0	nu-candidate	5	1	1	0	0																		
mcp1k	18255	1	391238	0	7.364	4.585	9	1137288	0	nu-candidate	7	1	1	1	0	1.405	2.1	7	-195.64618	-107.49511	25.123074	-2.2123764	-15.0	1.0	0.0	0.7	0.0	109.71083	2.1063924	0.0	2.1063924	3	3.4324105
mcp1k	18255	1	391260	0	8.588	5.921	9	1180532	0	nu-candidate	10	1	1	1	0	0.662	114.4	5	-49.143913	189.10966	126.55056	3.42523	-15.0	1.0	0.0	0.7	0.0	563.9596	6.860902	0.0	6.860902	3	3.1345606
mcp1k	18255	1	391722	0	4.608	0.841	5	371928	0	nu-candidate	13	1	1	0	0																		
mcp1k	18255	1	391766	0	8.964	7.449	11	1273620	0	nu-candidate	12	1	1	1	0	0.977	275.6	3	122.90998	-25.606392	0.07219147	-4.2123666	-15.0	1.0	1.0	-0.19967815	0.0	824.2219	105.022835	0.0	105.022835	2	0.0
mcp1k	18255	1	391826	0	4.921	0.650	6	320924	0	no-beam-flash	5	0	0	0	0																		
mcp1k	18255	1	391854	0	7.857	4.102	9	803888	0	nu-candidate	14	2	2	1	0	1.081	28.4	0	0.0	0.0	0.0	-1.9416895	-15.0	1.0	0.0	0.7	0.0	0.0	0.0	0.0	0.0	0	0.0
mcp1k	18255	1	392112	0	6.361	1.230	8	441760	0	cosmic-tagged	16	1	1	0	0																		
mcp1k	18255	1	392178	0	6.403	1.135	8	427952	0	no-beam-flash	7	0	0	0	0																		
mcp1k	18255	1	392184	0	5.971	0.934	6	389372	0	cosmic-tagged	14	1	1	0	0																		
mcp1k	18255	1	392200	0	5.019	1.259	6	475980	0	cosmic-tagged	16	1	1	0	0																		
mcp1k	18255	1	392272	0	5.051	1.473	7	492800	0	no-bundle	12	0	1	0	0																		
mcp1k	18255	1	392316	0	4.799	0.681	6	327896	0	nu-candidate	10	1	1	0	0																		
mcp1k	18255	1	392338	0	5.984	1.174	6	410236	0	cosmic-tagged	9	1	1	0	0																		
mcp1k	18255	1	392354	0	6.004	0.981	6	379988	0	nu-candidate	12	1	1	0	0																		
mcp1k	18255	1	392376	0	4.858	0.918	6	376528	0	cosmic-tagged	11	1	1	0	0																		
mcp1k	18255	1	392552	0	9.670	6.227	11	1171484	0	nu-candidate	13	1	1	1	0	1.572	237.3	8	20.872044	-39.191647	184.83124	2.541942	-15.0	1.0	0.0	0.7	0.0	683.48096	0.0	0.0	0.0	0	12.571283
mcp1k	18255	1	392558	0	7.217	0.904	9	368924	0	cosmic-tagged	9	1	1	0	0																		
mcp1k	18255	1	392684	0	6.922	0.826	7	356620	0	no-beam-flash	7	0	0	0	0																		
mcp1k	18255	1	392800	0	6.947	1.024	7	393800	0	no-beam-flash	13	0	0	0	0																		
mcp1k	18255	1	393042	0	13.623	8.597	14	1241840	0	nu-candidate	14	1	1	1	0	1.699	396.9	6	-4.132622	-151.27905	19.150581	3.6808636	-15.0	1.0	0.0	0.7	0.0	1117.6061	5.6631904	0.0	5.6631904	3	3.7991881
mcp1k	18255	1	393086	0	6.872	0.891	7	360128	0	no-bundle	13	0	1	0	0																		
mcp1k	18255	1	393124	0	6.913	0.996	7	399708	0	no-beam-flash	15	0	0	0	0																		
mcp1k	18255	1	393212	0	12.469	6.689	13	1235280	0	nu-candidate	12	1	1	1	0	2.026	31.8	28	34.305557	181.35333	203.18204	-0.3198242	-15.0	1.0	0.0	0.7	0.0	670.84326	0.0	0.0	0.0	0	79.22941
mcp1k	18255	1	393256	0	5.978	0.977	7	391848	0	no-bundle	8	0	1	0	0																		
mcp1k	18255	1	393322	0	5.798	0.802	7	349080	0	cosmic-tagged	10	1	1	0	0																		
mcp1k	18255	1	393410	0	5.831	0.855	7	365316	0	cosmic-tagged	7	1	1	0	0																		
mcp1k	18255	1	393542	0	5.857	0.969	7	388308	0	cosmic-tagged	15	1	1	0	0																		
mcp1k	18255	1	393608	0	8.881	4.977	10	1134864	0	nu-candidate	10	1	1	1	0	1.449	48.1	1	101.758736	88.73155	455.81897	1.3127859	-15.0	1.0	0.0	0.7	0.0	250.58554	0.0	0.0	0.0	0	0.88754207
mcp1k	18255	1	394268	0	5.391	1.177	7	415056	0	no-beam-flash	11	0	0	0	0																		
mcp1k	18255	1	394488	0	3.951	0.735	5	339532	0	cosmic-tagged	9	1	1	0	0																		
mcp1k	18255	1	394532	0	8.964	5.775	11	1209544	0	nu-candidate	11	1	1	1	0	1.452	10.9	13	200.29071	-187.09834	22.832874	-1.3866132	-15.0	1.0	1.0	0.7	0.0	194.9884	0.0	0.0	0.0	0	0.0
mcp1k	18255	1	394642	0	14.499	10.724	15	1258916	0	nu-candidate	10	1	1	1	0	1.476	305.6	3	19.144249	121.44956	1.6979755	-2.709045	-15.0	1.0	1.0	0.22386147	0.0	875.60004	9.859915	0.0	9.859915	1	12.73
mcp1k	18255	1	394796	0	12.746	7.837	14	1271612	0	nu-candidate	11	1	1	1	0	1.139	159.5	9	36.912556	137.93382	252.4715	2.2092407	-15.0	1.0	0.0	0.7	0.0	854.05115	1.3936996	0.0	1.3936996	1	8.337882
mcp1k	18255	1	394906	0	6.063	1.035	7	394388	0	cosmic-tagged	14	1	1	0	0																		
mcp1k	18255	1	395060	0	6.210	1.749	7	510340	0	cosmic-tagged	16	1	1	0	0																		
mcp1k	18255	1	395148	0	14.342	10.284	15	1199288	0	cosmic-tagged	7	1	1	1	0	1.533	196.8	13	-154.30028	-62.495304	182.882	3.0609457	-15.0	1.0	0.0	0.7	0.0	979.3668	212.45734	200.59688	11.86046	4	8.664985
mcp1k	18255	1	395258	0	6.153	0.893	7	350984	0	no-beam-flash	8	0	0	0	0																		
mcp1k	18255	1	395390	0	9.991	5.196	12	1145988	0	nu-candidate	8	1	1	1	0	1.376	3.1	4	99.2592	98.743866	375.88654	-1.6400717	-15.0	1.0	0.0	0.7	0.0	83.117935	1.2199961	0.0	1.2199961	1	4.8921556
mcp1k	18255	1	395610	0	13.033	8.208	15	1290932	0	nu-candidate	15	1	1	1	0	1.276	199.3	6	8.338095	101.072586	184.10736	2.1410332	-15.0	1.0	0.0	0.7	0.0	596.4791	533.0691	0.0	533.0691	8	4.638776
mcp1k	18255	1	395654	0	11.428	6.866	13	1206636	0	nu-candidate	14	1	1	1	0	1.818	197.4	1	20.869799	152.70615	136.23436	3.5816646	-15.0	1.0	0.0	0.7	0.0	638.2195	0.0	0.0	0.0	0	0.0
mcp1k	18255	1	395720	0	6.421	1.392	8	409344	0	cosmic-tagged	13	1	1	0	0																		
mcp1k	18255	1	395764	0	5.124	1.195	7	376500	0	cosmic-tagged	8	1	1	0	0																		
mcp1k	18255	1	395852	0	3.986	1.095	5	384668	0	no-beam-flash	9	0	0	0	0																		
mcp1k	18255	1	395962	0	7.646	6.139	9	1176768	0	nu-candidate	10	1	1	1	0	0.571	40.8	16	-36.24614	29.510355	225.23215	2.0796783	-15.0	1.0	0.0	0.7	0.0	659.4583	2.3286216	0.0	2.3286216	2	25.979544
mcp1k	18255	1	396776	0	2.753	0.745	4	321592	0	cosmic-tagged	8	1	1	0	0																		
mcp1k	18255	1	397194	0	4.813	1.411	5	396520	0	cosmic-tagged	8	1	1	0	0																		
mcp1k	18255	1	397238	0	4.551	1.117	5	427948	0	nu-candidate	13	1	1	0	0																		
mcp1k	18255	1	397392	0	4.474	1.528	5	402964	0	cosmic-tagged	11	1	1	0	0																		
mcp1k	18255	1	397480	0	7.590	5.162	8	1188624	0	nu-candidate	15	1	1	1	0	1.981	2.7	5	-168.17911	25.158531	256.35822	-1.927524	-15.0	1.0	1.0	0.7	0.0	123.560585	0.0	0.0	0.0	0	15.575783
mcp1k	18255	1	397568	0	4.611	1.412	5	481976	0	cosmic-tagged	12	1	1	0	0																		
mcp1k	18255	1	397722	0	8.911	6.059	10	1297216	0	nu-candidate	14	1	1	1	0	1.644	69.0	2	143.83441	-97.391914	86.22864	2.9918163	-15.0	1.0	0.0	0.7	0.0	372.71216	0.4005753	0.0	0.4005753	1	2.050819
mcp1k	18255	1	397920	0	11.146	7.656	12	1231084	0	nu-candidate	7	1	1	1	0	1.975	274.4	4	40.53609	9.654283	270.7995	3.6370904	-15.0	1.0	0.0	0.7	0.0	840.3705	0.7659893	0.0	0.7659893	1	20.116665
mcp1k	18255	1	398084	0	8.606	5.087	9	1169024	0	nu-candidate	12	1	1	1	0	0.998	5.0	9	48.657345	193.50853	427.29782	-2.609383	-15.0	1.0	0.0	0.7	0.0	63.851814	8.278468	0.0	8.278468	2	51.913353
mcp1k	18255	1	398238	0	6.473	3.781	8	798372	0	cosmic-tagged	13	1	1	1	0	1.120	7.9	0	0.0	0.0	0.0	-1.9416895	-15.0	1.0	0.0	0.7	0.0	0.0	0.0	0.0	0.0	0	0.0
mcp1k	18255	1	398260	0	9.140	6.946	10	1233944	0	nu-candidate	9	1	1	1	0	1.295	170.0	6	-105.71401	-10.649543	423.50458	3.6407053	-15.0	1.0	0.0	0.7	0.0	765.0328	0.0	0.0	0.0	0	4.943413
mcp1k	18255	1	398414	0	7.759	5.707	9	1296444	0	nu-candidate	14	1	1	1	0	1.531	17.3	1	33.289574	-183.30031	342.09784	-0.6257929	-15.0	1.0	0.0	0.7	0.0	60.763214	2.0671947	0.0	2.0671947	1	0.0
mcp1k	18255	1	398436	0	7.835	5.159	9	1181888	0	nu-candidate	11	2	2	1	0	1.134	1.6	4	175.2265	138.62093	146.75388	-2.896902	-15.0	1.0	0.0	0.7	0.0	109.39995	0.0	0.0	0.0	0	3.168497
mcp1k	18255	1	398480	0	5.868	0.966	6	392136	0	no-beam-flash	14	0	0	0	0																		
mcp1k	18255	1	398514	0	8.825	5.275	9	1200552	0	nu-candidate	15	2	2	1	0	0.895	2.0	5	165.90173	-83.85442	472.45358	-2.642193	-15.0	1.0	0.0	0.7	0.0	12.251861	5.5128374	0.0	5.5128374	2	1.5582578
mcp1k	18255	1	398656	0	5.826	0.866	6	368732	0	no-beam-flash	12	0	0	0	0																		
mcp1k	18255	1	398690	0	12.502	9.110	13	1271524	0	cosmic-tagged	9	1	1	1	0	2.057	254.8	18	58.64423	-197.61447	121.56132	-1.5014981	-15.0	1.0	1.0	0.7	0.0	825.17804	13.437293	0.0	13.437293	1	26.796482
mcp1k	18255	1	398722	0	5.879	1.099	6	414852	0	cosmic-tagged	9	1	1	0	0																		
mcp1k	18255	1	398810	0	3.725	0.722	5	345800	0	nu-candidate	10	1	1	0	0																		
mcp1k	18255	1	398932	0	3.806	0.851	5	373528	0	no-bundle	10	0	1	0	0																		
mcp1k	18255	1	399042	0	3.784	1.000	5	405752	0	cosmic-tagged	11	1	1	0	0																		
mcp1k	18255	1	399052	0	11.601	8.937	13	1207056	0	nu-candidate	11	1	1	1	0	1.469	48.5	12	-114.16514	-99.896034	446.27512	0.48639825	-15.0	1.0	0.0	0.7	0.0	884.3874	1.6368252	0.0	1.6368252	1	15.531207
mcp1k	18255	1	399118	0	9.178	7.170	11	1213768	0	nu-candidate	8	1	1	1	0	1.028	149.4	16	-0.7008568	64.188324	286.95624	1.9129231	-15.0	1.0	0.0	0.7	0.0	802.97076	481.0185	0.0	481.0185	1	145.27214
mcp1k	18255	1	399240	0	5.013	0.817	6	344424	0	no-bundle	11	0	1	0	0																		
mcp1k	18255	1	399284	0	5.154	1.510	7	446008	0	cosmic-tagged	8	1	1	0	0																		
mcp1k	18255	1	399328	0	9.689	5.957	11	1208844	0	nu-candidate	14	1	1	1	0	1.858	14.2	1	9.904048	-121.6995	63.93845	-1.5695848	-15.0	1.0	0.0	0.7	0.0	85.93289	0.0	0.0	0.0	0	0.90096253
mcp1k	18255	1	399382	0	7.143	1.264	8	420744	0	nu-candidate	9	2	2	0	0																		
mcp1k	18255	1	399426	0	7.137	1.243	8	420068	0	nu-candidate	15	1	1	0	0																		
mcp1k	18255	1	399702	0	14.913	9.921	16	1556264	0	nu-candidate	16	1	1	1	0	1.421	210.7	0	10.680801	152.95789	269.0597	2.9939997	-15.0	1.0	1.0	0.7	0.0	728.5922	0.0	0.0	0.0	0	0.0
mcp1k	18255	1	399856	0	9.040	5.461	10	1159692	0	nu-candidate	10	1	1	1	0	1.559	62.9	1	-134.557	118.297646	164.62178	1.1952411	-15.0	1.0	0.0	0.7	0.0	282.84222	0.0	0.0	0.0	0	1.1207796
mcp1k	18255	1	399910	0	6.970	0.927	7	381192	0	no-beam-flash	13	0	0	0	0																		
mcp1k	18255	1	399998	0	9.240	5.814	10	1210576	0	nu-candidate	16	1	1	1	0	1.206	40.9	3	-117.77954	129.54814	435.44254	1.3461542	-15.0	1.0	0.0	0.7	0.0	516.13684	1.936936	0.0	1.936936	1	2.8737304
mcp1k	18255	1	400054	0	9.002	5.193	10	1203928	0	nu-candidate	13	1	1	1	0	1.389	6.8	6	-163.66107	-98.04891	245.93169	-1.1078095	-15.0	1.0	0.0	0.7	0.0	101.13104	0.43732473	0.0	0.43732473	1	12.385496
mcp1k	18255	1	400174	0	4.739	0.849	6	352840	0	nu-candidate	10	2	2	0	0																		
mcp1k	18255	1	400262	0	4.749	0.712	6	341892	0	nu-candidate	10	1	1	0	0																		
mcp1k	18255	1	400274	0	8.236	4.328	10	781904	0	cosmic-tagged	9	1	1	1	0	1.908	2.3	0	0.0	0.0	0.0	-1.9416895	-15.0	1.0	0.0	0.7	0.0	0.0	0.0	0.0	0.0	0	0.0
mcp1k	18255	1	400460	0	10.680	7.249	11	1225076	0	nu-candidate	12	1	1	1	0	1.893	164.2	4	123.327805	-63.111904	163.69435	2.0945916	-15.0	1.0	0.0	0.7	0.0	552.82776	1.3746202	0.0	1.3746202	1	4.7582264
mcp1k	18255	1	400504	0	10.786	7.423	11	1277360	0	nu-candidate	8	1	1	1	0	0.994	54.6	6	49.73442	61.247524	457.28787	1.0374204	-15.0	1.0	0.0	0.7	0.0	485.9851	0.7900171	0.0	0.7900171	1	0.0
mcp1k	18255	1	400592	0	10.145	8.484	12	1346412	0	nu-candidate	12	1	1	1	0	1.365	236.6	1	117.326706	-47.204212	256.5228	5.2236605	-15.0	1.0	0.0	0.7	0.0	801.83405	0.0	0.0	0.0	0	1.1036719
mcp1k	18255	1	400636	0	13.302	9.541	15	1270464	0	nu-candidate	15	2	2	1	0	2.046	112.9	1	58.000126	32.861988	133.43248	4.1301603	-15.0	1.0	0.0	0.7	0.0	740.71625	51.002056	43.9519	7.0501556	3	4.003301
mcp1k	18255	1	400724	0	6.506	3.192	8	516640	0	cosmic-tagged	9	1	1	0	0																		
mcp1k	18255	1	400768	0	5.275	1.328	7	442204	0	cosmic-tagged	8	1	1	0	0																		
mcp1k	18255	1	400856	0	8.337	5.696	10	1126428	0	nu-candidate	12	1	1	1	0	1.276	93.5	2	-101.32082	-93.028946	409.43176	4.2444735	-15.0	1.0	1.0	0.7	0.0	348.57404	1.6625559	0.0	1.6625559	1	1.5784974
mcp1k	18255	1	400900	0	5.082	0.968	6	377896	0	no-bundle	7	0	1	0	0																		
mcp1k	18255	1	400922	0	4.745	0.785	5	345796	0	cosmic-tagged	11	1	1	0	0																		
mcp1k	18255	1	401054	0	6.749	5.146	7	1140844	0	nu-candidate	10	1	1	1	0	0.949	8.2	6	-96.770195	88.89434	143.75829	-1.4568977	-15.0	1.0	1.0	0.7	0.0	313.76886	1.596836	0.0	1.596836	1	8.528641
mcp1k	18255	1	401208	0	5.742	1.490	7	467376	0	no-bundle	10	0	1	0	0																		
mcp1k	18255	1	401252	0	11.665	6.972	13	1219204	0	cosmic-tagged	10	1	1	1	0	1.997	75.6	16	75.34274	139.74252	477.31967	3.2863011	-15.0	1.0	0.0	0.7	0.0	604.5109	0.0	0.0	0.0	0	32.668427
mcp1k	18255	1	401450	0	26.955	23.815	29	1393548	0	cosmic-tagged	15	1	1	1	0	1.901	80.4	42	-142.00246	95.25857	6.3572397	-3.5749357	0.98159325	1.0	0.0	0.21008323	0.0	1609.3029	172.45004	0.0	172.45004	5	73.39278
mcp1k	18255	1	401516	0	11.696	7.219	13	1214368	0	nu-candidate	12	1	1	1	0	0.712	180.5	3	57.271217	149.81601	418.38327	2.6276343	-15.0	1.0	0.0	0.7	0.0	739.658	0.0	0.0	0.0	0	4.3636966
mcp1k	18255	1	401626	0	7.696	5.740	9	1119536	0	nu-candidate	9	1	1	1	0	1.179	103.4	9	-142.19177	-165.03787	375.12326	2.349411	-15.0	1.0	0.0	0.7	0.0	521.4092	2.750861	0.0	2.750861	2	3.429905
mcp1k	18255	1	401758	0	3.958	0.842	5	352068	0	cosmic-tagged	10	1	1	0	0																		
mcp1k	18255	1	401780	0	7.681	5.781	8	1198872	0	nu-candidate	10	1	1	1	0	1.498	150.9	2	-187.96655	-89.85389	131.4774	0.920341	-15.0	1.0	1.0	0.7	0.0	531.6228	0.18873225	0.0	0.18873225	1	0.4102781
mcp1k	18255	1	401824	0	5.038	1.410	6	503928	0	cosmic-tagged	12	1	1	0	0																		
mcp1k	18255	1	401846	0	4.783	1.044	6	366680	0	cosmic-tagged	8	1	1	0	0																		
mcp1k	18255	1	401912	0	4.843	1.157	6	417144	0	nu-candidate	14	1	1	0	0																		
mcp1k	18255	1	401934	0	4.757	0.829	6	367332	0	nu-candidate	13	1	1	0	0																		
mcp1k	18255	1	402330	0	8.585	5.448	9	1145864	0	nu-candidate	9	1	1	1	0	1.472	34.4	2	-67.89959	-173.55989	78.18094	2.6421323	-15.0	1.0	0.0	0.7	0.0	312.03268	0.0	0.0	0.0	0	3.8574324
mcp1k	18255	1	402484	0	4.543	1.200	5	430988	0	cosmic-tagged	10	1	1	0	0																		
mcp1k	18255	1	402506	0	8.856	5.243	10	1178132	0	nu-candidate	9	1	1	1	0	0.831	2.3	6	-10.379487	-160.81262	412.40323	-2.9216347	-15.0	1.0	0.0	0.7	0.0	15.68895	2.3218572	0.0	2.3218572	2	3.8362722
mcp1k	18255	1	402528	0	3.718	0.636	5	316004	0	nu-candidate	12	1	1	0	0																		
mcp1k	18255	1	402880	0	10.058	5.505	12	1139720	0	nu-candidate	9	1	1	1	0	1.192	70.0	17	167.6439	36.701927	68.73383	-0.91729546	-15.0	1.0	0.0	0.7	0.0	314.59354	6.0734973	0.0	6.0734973	5	14.536328
mcp1k	18255	1	402902	0	3.929	1.304	6	429640	0	no-beam-flash	13	0	0	0	0																		
mcp1k	18255	1	402968	0	5.238	1.310	7	463140	0	nu-candidate	16	2	2	0	0																		
mcp1k	18255	1	403518	0	6.129	1.296	7	447804	0	no-beam-flash	11	0	0	0	0																		
mcp1k	18255	1	403716	0	6.020	0.927	7	375892	0	no-beam-flash	8	0	0	0	0																		
mcp1k	18255	1	403958	0	6.030	1.071	7	402296	0	cosmic-tagged	10	1	1	0	0																		
mcp1k	18255	1	404244	0	11.955	7.285	13	1219260	0	nu-candidate	14	1	1	1	0	1.484	107.1	18	29.453583	75.18491	300.8394	1.583178	-15.0	1.0	0.0	0.7	0.0	776.6625	0.0	0.0	0.0	0	23.305237
mcp1k	18255	1	404464	0	6.096	1.038	7	396720	0	no-bundle	10	0	1	0	0																		
mcp1k	18255	1	404684	0	11.834	5.615	12	1145772	0	nu-candidate	8	1	1	1	0	1.595	77.9	0	-4.932129	155.14032	332.63522	0.51052094	-15.0	1.0	0.0	0.7	0.0	665.6172	0.0	0.0	0.0	0	0.0
mcp1k	18255	1	404772	0	5.841	0.978	7	401112	0	no-beam-flash	12	0	0	0	0																		
mcp1k	18255	1	404816	0	5.901	1.307	7	445028	0	cosmic-tagged	12	1	1	0	0																		
mcp1k	18255	1	404860	0	4.788	1.335	6	425944	0	cosmic-tagged	14	1	1	0	0																		
mcp1k	18255	1	405190	0	4.708	0.804	6	361184	0	nu-candidate	12	1	1	0	0																		
mcp1k	18255	1	405212	0	4.348	0.804	6	343860	0	no-beam-flash	12	0	0	0	0																		
mcp1k	18255	1	405234	0	9.195	5.694	11	1213052	0	nu-candidate	13	1	1	1	0	1.563	34.6	5	-13.371215	164.99333	475.6731	0.27928478	-15.0	1.0	0.0	0.7	0.0	305.9941	0.0	0.0	0.0	0	11.402118
mcp1k	18255	1	405432	0	8.861	7.070	10	1385420	0	nu-candidate	15	1	1	1	0	1.570	93.6	6	162.12302	112.6022	46.13049	3.5522707	-15.0	1.0	0.0	0.7	0.0	573.5843	0.0	0.0	0.0	0	8.331288
mcp1k	18255	1	405454	0	6.861	5.039	9	1168552	0	nu-candidate	9	1	1	1	0	1.281	1.6	2	189.23582	-127.870056	429.37894	-2.656296	-15.0	1.0	0.0	0.7	0.0	107.10452	0.0	0.0	0.0	0	0.767708
mcp1k	18255	1	405586	0	5.321	1.059	6	412536	0	no-beam-flash	11	0	0	0	0																		
mcp1k	18255	1	405674	0	15.410	7.764	16	1313776	0	nu-candidate	14	1	1	1	0	1.101	173.2	1	27.761675	-181.32462	296.7136	4.9240913	-15.0	1.0	0.0	0.7	0.0	643.85333	0.0	0.0	0.0	0	1.3276289
mcp1k	18255	1	405740	0	10.965	5.229	12	1159204	0	nu-candidate	11	1	1	1	0	0.639	23.0	4	-21.97708	59.445305	476.32608	0.07541458	-15.0	1.0	0.0	0.7	0.0	200.0647	1.3712416	0.0	1.3712416	1	2.5552363
mcp1k	18255	1	405938	0	6.509	1.301	7	442516	0	cosmic-tagged	14	1	1	0	0																		
mcp1k	18255	1	406444	0	11.008	5.204	12	1194700	0	nu-candidate	10	1	1	1	0	1.970	1.9	0	156.72993	107.23398	135.72174	-3.4698083	-15.0	1.0	0.0	0.7	0.0	11.303652	0.0	0.0	0.0	0	0.0
mcp1k	18255	1	406642	0	8.646	5.015	11	1125608	0	nu-candidate	10	1	1	1	0	1.359	1.6	0	108.63878	50.426277	174.08	-1.9297769	-15.0	1.0	1.0	0.7	0.0	107.300446	0.0	0.0	0.0	0	0.0
mcp1k	18255	1	406752	0	9.211	5.925	11	1298884	0	nu-candidate	15	1	1	1	0	0.987	32.8	2	-173.63358	195.38835	326.00488	0.23256148	-15.0	1.0	1.0	0.7	0.0	376.40805	0.0	0.0	0.0	0	1.4894643
mcp1k	18255	1	406796	0	9.583	5.864	10	1171264	0	nu-candidate	9	1	1	1	0	0.699	92.3	12	-51.804707	-155.34052	87.5042	2.523145	-15.0	1.0	0.0	0.7	0.0	738.421	1.4280038	0.0	1.4280038	1	22.389906
mcp1k	18255	1	407148	0	10.514	7.348	12	1186468	0	nu-candidate	9	1	1	1	0	1.967	178.3	4	140.898	101.46201	103.10645	4.121788	-15.0	1.0	0.0	0.7	0.0	927.8714	0.68047696	0.0	0.68047696	1	6.9954195
mcp1k	18255	1	407170	0	40.899	38.588	42	814924	0	cosmic-tagged	12	1	1	1	0	1.572	1.6	0	0.0	0.0	0.0	-1.9416895	-15.0	1.0	0.0	0.7	0.0	0.0	0.0	0.0	0.0	0	0.0
mcp1k	18255	1	407258	0	3.061	0.836	5	369420	0	no-bundle	8	0	1	0	0																		
mcp1k	18255	1	407280	0	12.832	10.092	14	1243040	0	nu-candidate	14	1	1	1	0	1.135	345.3	4	-94.67228	-157.39693	52.383804	0.08354604	-15.0	1.0	0.0	0.7	0.0	1139.9861	0.0	0.0	0.0	0	2.7904544
mcp1k	18255	1	407918	0	8.507	6.609	9	1212372	0	nu-candidate	9	1	1	1	0	0.761	90.4	15	-102.579185	-172.73367	198.87694	1.815009	-15.0	1.0	1.0	0.7	0.0	775.7837	3.068413	0.0	3.068413	2	18.868904
mcp1k	18255	1	408028	0	8.060	5.272	9	1132056	0	cosmic-tagged	7	1	1	1	0	0.807	47.8	3	-5.7169	124.87657	466.3657	1.1392905	-15.0	1.0	0.0	0.7	0.0	446.42014	1.0476226	0.0	1.0476226	1	2.8828936
mcp1k	18255	1	408094	0	6.819	3.206	7	739972	0	cosmic-tagged	11	1	1	1	0	1.912	1.4	0	0.0	0.0	0.0	-1.9416895	-15.0	1.0	0.0	0.7	0.0	0.0	0.0	0.0	0.0	0	0.0
mcp1k	18255	1	408534	0	8.220	6.365	9	1196920	0	nu-candidate	9	1	1	1	0	1.194	86.7	4	201.40298	31.87069	254.76064	-2.0511289	-15.0	1.0	1.0	0.7	0.0	390.20953	523.73987	0.0	523.73987	5	0.0
mcp1k	18255	1	408556	0	4.167	0.872	5	354344	0	no-beam-flash	11	0	0	0	0																		
mcp1k	18255	1	408776	0	4.129	1.188	6	417884	0	cosmic-tagged	13	1	1	0	0																		
mcp1k	18255	1	409084	0	3.791	0.820	4	352284	0	cosmic-tagged	11	1	1	0	0																		
mcp1k	18255	1	409282	0	7.701	3.629	9	715700	0	cosmic-tagged	6	1	1	1	0	0.646	0.8	0	0.0	0.0	0.0	-1.9416895	-15.0	1.0	0.0	0.7	0.0	0.0	0.0	0.0	0.0	0	0.0
mcp1k	18255	1	409458	0	3.880	1.018	5	399868	0	cosmic-tagged	9	1	1	0	0																		
mcp1k	18255	1	409480	0	6.318	1.021	7	393248	0	no-beam-flash	13	0	0	0	0																		
mcp1k	18255	1	409546	0	8.631	4.990	9	1162536	0	nu-candidate	5	1	1	1	0	0.936	16.5	8	-189.01302	35.307697	485.7378	-1.0783886	-15.0	1.0	0.0	0.7	0.0	301.23502	15.232381	0.0	15.232381	7	0.0
mcp1k	18255	1	409590	0	6.301	1.144	7	432456	0	no-beam-flash	12	0	0	0	0																		
mcp1k	18255	1	409634	0	9.334	6.743	11	1295788	0	nu-candidate	14	1	1	1	0	1.081	15.6	0	-1.1164902	184.62213	198.52269	-0.48114565	-15.0	1.0	0.0	0.7	0.0	434.56677	0.0	0.0	0.0	0	41.521915
mcp1k	18255	1	409920	0	9.027	5.047	11	1179792	0	nu-candidate	15	2	2	1	0	0.930	8.8	10	-43.819145	-21.973759	227.72891	-2.0398958	-15.0	1.0	0.0	0.7	0.0	125.21553	0.0	0.0	0.0	0	14.685019
mcp1k	18255	1	409942	0	10.420	6.534	11	1235728	0	nu-candidate	12	1	1	1	0	1.961	47.0	7	105.04163	3.174253	0.51796746	-1.5625211	-15.0	1.0	1.0	0.42817536	0.0	747.10657	1.7871425	0.0	1.7871425	2	22.62456
mcp1k	18255	1	409964	0	11.558	7.106	12	1180720	0	nu-candidate	11	1	1	1	0	0.648	194.8	12	98.548454	-136.15169	180.2942	4.529642	-15.0	1.0	0.0	0.7	0.0	796.0216	43.303516	9.759798	33.54372	4	10.943213
mcp1k	18255	1	410008	0	10.467	6.700	11	1212912	0	nu-candidate	13	1	1	1	0	0.748	25.6	20	-167.3593	-48.766808	455.433	1.4459962	-15.0	1.0	0.0	0.7	0.0	365.08752	253.90126	0.0	253.90126	18	23.97266
mcp1k	18255	1	410426	0	4.808	0.949	5	374268	0	cosmic-tagged	12	1	1	0	0																		
mcp1k	18255	1	410558	0	4.866	1.231	5	425976	0	cosmic-tagged	11	1	1	0	0																		
mcp1k	18255	1	411152	0	5.129	0.826	6	357048	0	nu-candidate	9	1	1	0	0																		
mcp1k	18255	1	411262	0	6.291	1.085	7	407508	0	no-beam-flash	14	0	0	0	0																		
mcp1k	18255	1	411306	0	4.984	0.635	5	324212	0	cosmic-tagged	8	1	1	0	0																		
mcp1k	18255	1	411460	0	9.302	5.453	11	1179712	0	nu-candidate	11	1	1	1	0	1.608	15.6	6	-37.365208	197.70557	367.3248	0.13983525	-15.0	1.0	0.0	0.7	0.0	472.72964	0.64626545	0.0	0.64626545	1	4.393553
mcp1k	18255	1	411790	0	4.323	0.937	6	376320	0	cosmic-tagged	11	1	1	0	0																		
mcp1k	18255	1	411834	0	5.501	1.244	7	416060	0	no-beam-flash	11	0	0	0	0																		
mcp1k	18255	1	412208	0	8.925	5.888	10	1196012	0	nu-candidate	11	1	1	1	0	0.662	81.9	4	-172.82527	-7.5050645	151.43895	-0.39756957	-15.0	1.0	0.0	0.7	0.0	552.78357	0.0	0.0	0.0	0	6.784448
mcp1k	18255	1	412626	0	5.113	1.423	7	468724	0	no-beam-flash	12	0	0	0	0																		
mcp1k	18255	1	412692	0	4.857	0.980	6	328472	0	cosmic-tagged	8	1	1	0	0																		
mcp1k	18255	1	412846	0	4.831	0.715	6	325860	0	cosmic-tagged	8	1	1	0	0																		
mcp1k	18255	1	486049	0	6.160	1.248	7	383188	0	cosmic-tagged	10	1	1	0	0																		
mcp1k	18255	1	486093	0	6.159	1.289	7	429260	0	cosmic-tagged	12	1	1	0	0																		
mcp1k	18255	1	486225	0	4.661	0.617	6	321676	0	no-bundle	7	0	1	0	0																		
mcp1k	18255	1	486247	0	9.555	5.546	11	1114136	0	nu-candidate	7	1	1	1	0	1.296	50.2	7	-3.0789914	-20.157797	385.177	0.7056696	-15.0	1.0	1.0	0.7	0.0	378.46704	2.734323	0.0	2.734323	2	122.01872
mcp1k	18255	1	486511	0	6.114	1.059	8	390148	0	no-beam-flash	12	0	0	0	0																		
mcp1k	18255	1	486577	0	4.953	1.172	6	389128	0	no-bundle	12	0	1	0	0																		
mcp1k	18255	1	486621	0	4.964	1.215	6	444456	0	cosmic-tagged	12	1	1	0	0																		
mcp1k	18255	1	486687	0	13.409	10.769	15	1333956	0	nu-candidate	14	1	1	1	0	1.913	274.1	31	-135.6304	149.93985	148.85191	4.1617374	-15.0	1.0	0.0	0.7	0.0	1295.1423	5.1805735	3.781101	1.3994724	2	50.280285
mcp1k	18255	1	486753	0	5.045	1.814	7	433160	0	cosmic-tagged	10	1	1	0	0																		
mcp1k	18255	1	486907	0	10.579	7.577	12	1275568	0	cosmic-tagged	12	1	1	1	0	0.992	28.9	31	13.550965	161.00844	314.00262	1.346577	-15.0	1.0	0.0	0.7	0.0	1081.4559	6.735977	0.0	6.735977	3	255.41394
mcp1k	18255	1	487237	0	5.596	0.995	6	361360	0	cosmic-tagged	10	1	1	0	0																		
mcp1k	18255	1	487259	0	5.706	1.077	6	422848	0	no-beam-flash	12	0	0	0	0																		
mcp1k	18255	1	487303	0	10.060	6.471	11	1229748	0	nu-candidate	12	2	2	1	0	1.200	21.7	11	132.03851	72.28931	375.8574	4.288616	-15.0	1.0	0.0	0.7	0.0	503.15915	0.0	0.0	0.0	0	5.936691
mcp1k	18255	1	487545	0	4.755	0.919	6	351720	0	cosmic-tagged	10	1	1	0	0																		
mcp1k	18255	1	487633	0	5.024	1.144	7	370748	0	cosmic-tagged	12	1	1	0	0																		
mcp1k	18255	1	487853	0	7.988	5.474	10	1195888	0	nu-candidate	11	1	1	1	0	0.582	23.5	12	10.091021	117.21241	157.81934	-1.5877354	-15.0	1.0	0.0	0.7	0.0	342.58005	2.976946	0.0	2.976946	2	164.60571
mcp1k	18255	1	488139	0	10.534	6.891	12	1229448	0	nu-candidate	14	1	1	1	0	0.806	139.8	1	-45.60301	-41.907948	427.61115	3.7087374	-15.0	1.0	0.0	0.7	0.0	539.2922	32.666294	0.0	32.666294	1	0.0
mcp1k	18255	1	488689	0	5.020	0.982	7	378348	0	no-beam-flash	13	0	0	0	0																		
mcp1k	18255	1	488755	0	8.653	6.119	10	1281588	0	nu-candidate	11	1	1	1	0	1.357	39.4	7	153.88289	-36.733147	34.457497	1.3353163	-15.0	1.0	0.0	0.7	0.0	318.51535	4.298297	0.0	4.298297	2	13.947601
mcp1k	18255	1	488799	0	5.476	1.967	7	450612	0	cosmic-tagged	13	1	1	0	0																		
mcp1k	18255	1	488953	0	3.011	0.787	4	361364	0	no-bundle	14	0	1	0	0																		
mcp1k	18255	1	489327	0	15.072	13.277	17	1363576	0	nu-candidate	15	1	1	1	0	1.397	382.3	19	-86.53402	83.107765	138.71568	4.857692	-6.73631	1.0	0.0	0.7	0.0	1513.3552	28.738503	0.0	28.738503	1	0.0
mcp1k	18255	1	489459	0	4.212	0.938	6	384252	0	nu-candidate	11	1	1	0	0																		
mcp1k	18255	1	489503	0	10.275	7.481	11	1171452	0	nu-candidate	12	1	1	1	0	1.372	131.1	17	54.17946	48.327015	399.3507	0.046540633	-15.0	1.0	0.0	0.7	0.0	686.8114	75.97512	75.97512	0.0	1	23.310713
mcp1k	18255	1	489679	0	5.095	1.122	6	412456	0	nu-candidate	9	1	1	0	0																		
mcp1k	18255	1	489789	0	5.074	0.969	6	385948	0	no-beam-flash	13	0	0	0	0																		
mcp1k	18255	1	489811	0	5.249	1.499	7	474076	0	cosmic-tagged	9	1	1	0	0																		
mcp1k	18255	1	490339	0	5.183	0.883	7	363288	0	no-beam-flash	10	0	0	0	0																		
mcp1k	18255	1	490361	0	9.812	6.491	10	1207636	0	nu-candidate	12	1	1	1	0	1.335	49.3	12	-176.7651	-123.01964	445.48788	3.1885846	-15.0	1.0	0.0	0.7	0.0	636.87085	6.370199	0.0	6.370199	3	15.594842
mcp1k	18255	1	490559	0	6.166	1.175	8	425636	0	no-beam-flash	12	0	0	0	0																		
mcp1k	18255	1	490581	0	11.623	7.100	13	1235312	0	nu-candidate	14	1	1	1	0	0.993	220.0	0	145.15564	-1.7228777	296.58432	3.531897	-15.0	1.0	0.0	0.7	0.0	635.01544	0.0	0.0	0.0	0	0.0
mcp1k	18255	1	490779	0	7.861	4.938	9	1147016	0	nu-candidate	10	1	1	1	0	0.713	5.7	13	-54.38318	124.46641	149.22517	-1.5541755	-15.0	1.0	0.0	0.7	0.0	121.4902	15.469184	0.0	15.469184	9	4.100394
mcp1k	18255	1	490889	0	6.178	1.599	8	484360	0	cosmic-tagged	13	1	1	0	0																		
mcp1k	18255	1	490977	0	9.032	6.044	10	1208160	0	nu-candidate	11	1	1	1	0	1.401	75.9	14	140.41849	-17.58178	183.31105	2.4485898	-15.0	1.0	0.0	0.7	0.0	499.87848	0.0	0.0	0.0	0	14.075173
mcp1k	18255	1	491021	0	5.761	0.546	6	308544	0	cosmic-tagged	8	1	1	0	0																		
mcp1k	18255	1	491197	0	5.896	0.829	7	358908	0	cosmic-tagged	9	1	1	0	0																		
mcp1k	18255	1	491241	0	5.618	0.729	6	333164	0	no-beam-flash	8	0	0	0	0																		
mcp1k	18255	1	491285	0	5.817	1.228	6	440784	0	cosmic-tagged	15	1	1	0	0																		
mcp1k	18255	1	491417	0	5.711	0.948	6	398324	0	cosmic-tagged	12	1	1	0	0																		
mcp1k	18255	1	491483	0	9.959	5.603	10	1222424	0	nu-candidate	10	1	1	1	0	2.032	61.9	5	81.029205	21.411247	297.30347	-1.8058507	-15.0	1.0	0.0	0.7	0.0	342.5686	5.24767	0.0	5.24767	4	0.24966773
mcp1k	18255	1	491857	0	4.192	0.954	6	379124	0	cosmic-tagged	12	1	1	0	0																		
mcp1k	18255	1	492649	0	7.796	5.551	9	1229052	0	nu-candidate	13	1	1	1	0	1.399	78.9	27	130.4939	146.27878	137.95526	-0.014585073	-15.0	1.0	1.0	0.7	0.0	437.66907	5.182418	0.0	5.182418	4	119.706024
mcp1k	18255	1	492803	0	8.552	8.027	10	1301592	0	nu-candidate	13	1	1	1	0	1.688	234.4	4	40.555794	-125.02467	249.17676	4.2713227	-15.0	1.0	0.0	0.7	0.0	934.1128	1.7412753	0.0	1.7412753	1	5.959424
mcp1k	18255	1	492891	0	4.929	1.493	5	438044	0	cosmic-tagged	16	1	1	0	0																		
mcp1k	18255	1	492913	0	7.475	4.900	8	1183592	0	nu-candidate	11	1	1	1	0	1.054	43.5	2	-4.2185345	-137.33987	455.04724	-0.8843085	-15.0	1.0	1.0	0.7	0.0	267.5987	1.4285184	0.0	1.4285184	1	0.0
mcp1k	18255	1	493199	0	3.589	0.812	4	361576	0	cosmic-tagged	7	1	1	0	0																		
mcp1k	18255	1	493243	0	8.427	5.925	10	1196132	0	nu-candidate	13	1	1	1	0	1.849	181.5	8	154.76958	-134.7203	27.276077	2.5450783	-15.0	1.0	0.0	0.7	0.0	563.6695	0.0	0.0	0.0	0	11.015581
mcp1k	18255	1	493397	0	3.567	0.617	5	328848	0	no-bundle	7	0	1	0	0																		
mcp1k	18255	1	493419	0	4.233	1.101	6	372828	0	cosmic-tagged	6	1	1	0	0																		
mcp1k	18255	1	493485	0	4.416	1.277	6	410952	0	cosmic-tagged	13	1	1	0	0																		
