run	subrun	event	row	nu_index	gid	cluster_id	sel_cluster_id	cid_relation	n_act	sel_demoted	sel_fc	sel_length_cm	bundle_has_vetoed	n_vetoed	nu_x	nu_y	nu_z	vertex_default	reco_Enu	numu_score	nue_score	neutrino_type	nt_cosmic	nt_numucc	nt_nc	nt_nue	cosmict_flag	n_truth	t_idx	t_flav	t_mode	t_ccnc	t_Etot	t_Edep	t_T	t_dist_cm	mc_reco_Enu	flash_time_us	flash_pe	flash_tpc	flash_group	has_vertex	vertex_moved_cluster	br_filled	mip_filled	n_act_all_roles	n_companion
18255	1	49415	0	0	1000009	21	21	same	3	0	1	11.3	0	0	152.10	101.24	367.98	0	126.9	-2.7245	-15.0000	8	0	0	1	0	0	0	-1				-1	-1	-1	-1		0.6784	4525.9	1	1000009	1	0	0	0	4	1
18255	1	49745	0	0	5	4	4	same	1	0	1	46.2	0	0	-61.13	-88.23	311.21	0	340.7	0.1525	-15.0000	10	1	0	1	0	1	0	-1				-1	-1	-1	-1		1.8496	18856.9	0	5	1	0	0	0	3	2
18255	1	49767	0	0	8	13	13	same	1	0	0	1.1	0	0	0.00	0.00	0.00	1	0.0	-1.9417	-15.0000	0	0	0	0	0	0	0	-1				-1	-1	-1	-1		1.9311	11978.6	0	8	0	0	0	0	1	0
18255	1	49877	0	0	9	1	1	same	1	0	0	1.4	0	0	0.00	0.00	0.00	1	0.0	-1.9417	-15.0000	0	0	0	0	0	0	0	-1				-1	-1	-1	-1		1.3176	200.2	0	9	0	0	0	0	1	0
18255	1	49987	0	0	7	6	6	same	3	0	0	217.9	0	0	-107.87	180.54	338.35	0	622.2	2.9237	-15.0000	6	1	1	0	0	1	0	-1				-1	-1	-1	-1		0.6431	6813.1	0	7	1	0	0	0	7	4
18255	1	50801	0	0	12	23	23	same	18	1	1	49.7	1	1	-148.97	-31.25	302.54	0	442.7	-0.5677	-15.0000	4	0	1	0	0	0	0	-1				-1	-1	-1	-1		2.0174	18256.7	0	12	1	0	0	0	26	8
18255	1	51219	0	0	6	15	15	same	5	0	1	186.0	0	0	-84.43	-109.68	15.01	0	875.6	3.5612	-15.0000	4	0	1	0	0	0	0	-1				-1	-1	-1	-1		1.8646	14188.7	0	6	1	0	0	0	14	9
18255	1	51868	0	0	1000004	8	8	same	12	0	1	158.5	0	0	12.09	-23.01	211.18	0	621.4	1.3611	-15.0000	6	1	1	0	0	1	0	-1				-1	-1	-1	-1		1.4503	10934.1	1	4	1	0	0	0	15	3
18255	1	51890	0	0	1000008	20	20	same	3	0	1	289.9	0	0	56.99	128.86	33.92	0	1395.7	4.5326	-15.0000	4	0	1	0	0	0	0	-1				-1	-1	-1	-1		0.6305	9807.9	1	8	1	0	0	0	7	4
18255	1	52044	0	0	9	18	18	same	8	0	1	107.9	0	0	-84.81	-118.05	241.03	0	820.0	2.5649	-15.0000	4	0	1	0	0	0	0	-1				-1	-1	-1	-1		1.9836	18699.4	0	9	1	0	0	0	19	11
18255	1	52121	0	0	5	12	12	same	2	0	0	83.6	0	0	-28.82	-151.64	60.10	0	427.6	5.5616	-15.0000	4	0	1	0	0	0	0	-1				-1	-1	-1	-1		1.9956	5980.6	0	5	1	0	0	0	4	2
18255	1	52220	0	0	9	15	15	same	3	0	0	164.0	0	0	-126.53	-80.27	123.82	0	521.1	3.7628	-15.0000	4	0	1	0	0	0	0	-1				-1	-1	-1	-1		1.8035	17217.6	0	9	1	0	0	0	9	6
18255	1	52286	0	0	1000010	24	24	same	3	0	1	26.1	0	0	29.22	-52.10	76.19	0	366.5	-1.3480	-15.0000	8	0	0	1	0	0	0	-1				-1	-1	-1	-1		1.2149	11232.7	1	11	1	0	0	0	8	5
18255	1	52352	0	0	10	16	16	same	5	0	1	5.4	0	0	-103.08	44.68	340.53	0	107.7	-1.3440	-15.0000	8	0	0	1	0	0	0	-1				-1	-1	-1	-1		0.6064	2974.5	0	10	1	0	0	0	8	3
18255	1	52605	0	0	7	2	2	same	1	0	1	17.7	0	0	-152.53	51.21	313.47	0	346.3	-0.2649	-15.0000	8	0	0	1	0	0	0	-1				-1	-1	-1	-1		1.0841	12666.9	0	7	1	0	0	0	8	7
18255	1	52638	0	0	1000007	14	14	same	1	0	0	1.5	0	0	0.00	0.00	0.00	1	0.0	-1.9417	-15.0000	0	0	0	0	0	0	0	-1				-1	-1	-1	-1		1.8529	2220.7	1	7	0	0	0	0	1	0
18255	1	52759	0	0	1000010	14	14	same	3	0	1	19.5	0	0	55.87	-121.26	369.70	0	305.9	-2.1230	-15.0000	8	0	0	1	0	0	0	-1				-1	-1	-1	-1		1.7609	5147.9	1	1000010	1	0	0	0	4	1
18255	1	53749	0	0	1000005	11	11	same	1	0	1	125.7	0	0	68.42	-75.01	189.56	0	871.3	1.5994	-15.0000	4	0	1	0	0	0	0	-1				-1	-1	-1	-1		1.7924	19055.1	1	5	1	0	0	0	9	8
18255	1	53793	0	0	12	37	13	not_in_act	1	0	1	247.6	0	0	84.61	-22.83	117.58	0	1464.6	5.1882	-15.0000	4	0	1	0	0	0	0	-1				-1	-1	-1	-1		1.1109	14000.9	0	12	1	1	0	0	6	5
18255	1	53881	0	0	1000006	13	13	same	1	0	1	79.5	0	0	90.40	62.29	414.60	0	498.2	-0.3424	-15.0000	8	0	0	1	0	0	0	-1				-1	-1	-1	-1		0.9648	7488.8	1	1000006	1	0	0	0	5	4
18255	1	54332	0	0	1000008	17	17	same	7	0	1	88.7	0	0	58.96	-34.04	89.30	0	1346.5	0.3607	-15.0000	8	0	0	1	0	0	0	-1				-1	-1	-1	-1		1.9783	45703.1	1	9	1	0	0	0	46	39
18255	1	54453	0	0	8	56	16	not_in_act	21	0	1	33.6	0	0	-109.99	-82.58	161.62	0	535.4	-0.5160	-15.0000	8	0	0	1	0	0	0	-1				-1	-1	-1	-1		1.8417	18925.2	0	8	1	1	0	0	34	13
18255	1	54475	0	0	1000005	18	6	in_act_not_selected	7	0	0	152.1	0	0	-88.22	-102.22	439.56	0	472.4	2.8056	-15.0000	4	0	1	0	0	0	0	-1				-1	-1	-1	-1		1.3524	230.8	1	5	1	1	0	0	7	0
18255	1	54508	0	0	1000006	13	13	same	1	0	1	21.0	0	0	19.14	-106.83	200.06	0	221.4	-2.2031	-15.0000	8	0	0	1	0	0	0	-1				-1	-1	-1	-1		1.0182	6484.1	1	6	1	0	0	0	6	5
18255	1	54629	0	0	5	20	20	same	3	1	0	115.2	1	1	37.80	0.16	0.99	0	383.3	-1.1272	-15.0000	6	1	1	0	0	1	0	-1				-1	-1	-1	-1		1.2597	2797.8	0	5	1	0	0	0	6	3
18255	1	55278	0	0	3	21	15	in_act_not_selected	6	0	0	128.7	0	0	-67.98	84.70	461.72	0	676.8	0.2873	-15.0000	8	0	0	1	0	0	0	-1				-1	-1	-1	-1		1.4368	10100.6	0	3	1	1	0	0	7	1
18255	1	55322	0	0	6	6	6	same	1	0	0	210.9	0	0	-78.47	89.36	188.99	0	824.1	3.7189	-15.0000	4	0	1	0	0	0	0	-1				-1	-1	-1	-1		1.1456	29994.7	0	6	1	0	0	0	6	5
18255	1	55443	0	0	1000005	6	6	same	8	0	1	5.8	0	0	10.65	-31.32	129.35	0	73.9	-0.8391	-15.0000	8	0	0	1	0	0	0	-1				-1	-1	-1	-1		1.4680	2905.3	1	5	1	0	0	0	16	8
18255	1	55542	0	0	7	5	5	same	1	0	1	250.2	0	0	-56.87	-61.10	123.96	0	781.9	4.9088	-15.0000	4	0	1	0	0	0	0	-1				-1	-1	-1	-1		0.8798	16987.1	0	7	1	0	0	0	3	2
18255	1	55740	0	0	1000009	18	18	same	14	0	0	162.5	0	0	37.12	120.06	36.51	0	625.0	3.7394	-15.0000	4	0	1	0	0	0	0	-1				-1	-1	-1	-1		1.3910	11461.8	1	9	1	0	0	0	18	4
18255	1	56180	0	0	4	8	8	same	2	0	0	119.3	0	0	-172.68	38.75	229.29	0	877.8	1.3653	-15.0000	4	0	1	0	0	0	0	-1				-1	-1	-1	-1		1.6117	45337.1	0	4	1	0	0	0	15	13
18255	1	56521	0	0	9	9	9	same	2	0	1	2.2	0	0	-59.06	-183.89	401.41	0	23.5	-3.2809	-15.0000	8	0	0	1	0	0	0	-1				-1	-1	-1	-1		1.8945	2675.1	0	9	1	0	0	0	4	2
18255	1	56763	0	0	1000004	7	7	same	3	0	1	20.7	1	1	196.53	130.94	103.13	0	506.1	0.4813	-11.3279	4	0	1	0	0	0	0	-1				-1	-1	-1	-1		1.1001	6168.3	1	4	1	0	1	1	8	5
18255	1	56939	0	0	1000005	9	9	same	4	0	0	201.0	0	0	21.37	-84.03	100.08	0	951.0	3.3234	-15.0000	4	0	1	0	0	0	0	-1				-1	-1	-1	-1		0.8421	11724.9	1	6	1	0	0	0	5	1
18255	1	56972	0	0	1000010	19	19	same	4	0	0	44.0	0	0	183.50	58.02	85.09	0	539.0	0.2479	-3.8679	8	0	0	1	0	0	0	-1				-1	-1	-1	-1		0.9488	9189.9	1	10	1	0	1	1	10	6
18255	1	57280	0	0	1000011	20	20	same	5	0	1	27.1	0	0	171.55	-6.70	284.57	0	218.0	-2.4088	-15.0000	8	0	0	1	0	0	0	-1				-1	-1	-1	-1		1.9025	10135.4	1	11	1	0	0	0	9	4
18255	1	57346	0	0	8	4	4	same	2	0	1	371.2	0	0	-186.81	-181.84	119.47	0	999.4	4.0304	-15.0000	4	0	1	0	0	0	0	-1				-1	-1	-1	-1		1.4428	22661.8	0	8	1	0	0	0	5	3
18255	1	57577	0	0	7	8	8	same	1	0	1	221.0	0	0	29.61	-96.18	264.84	0	842.0	5.1355	-15.0000	4	0	1	0	0	0	0	-1				-1	-1	-1	-1		1.6617	9002.3	0	7	1	0	0	0	4	3
18255	1	57709	0	0	1000008	15	15	same	14	0	1	86.5	0	0	81.59	-7.79	63.25	0	727.6	-0.1695	-15.0000	8	0	0	1	0	0	0	-1				-1	-1	-1	-1		1.9963	17520.3	1	7	1	0	0	0	18	4
18255	1	57742	0	0	4	10	10	same	2	0	1	139.9	0	0	-37.60	-95.12	328.32	0	622.5	2.8318	-15.0000	4	0	1	0	0	0	0	-1				-1	-1	-1	-1		0.5675	8758.1	0	4	1	0	0	0	6	4
18255	1	58006	0	0	1000005	11	11	same	3	0	1	43.8	0	0	161.29	-20.43	143.34	0	468.4	0.7372	-15.0000	8	0	0	1	0	0	0	-1				-1	-1	-1	-1		0.6472	20051.3	1	5	1	0	0	0	24	21
18255	1	58072	0	0	10	14	14	same	3	0	0	106.5	0	0	-86.34	-108.83	159.00	0	567.9	3.9429	-15.0000	4	0	1	0	0	0	0	-1				-1	-1	-1	-1		1.6173	14547.0	0	10	1	0	0	0	8	5
18255	1	58325	0	0	1000012	13	13	same	1	0	1	83.3	0	0	84.98	-53.26	93.14	0	412.1	3.5200	-15.0000	4	0	1	0	0	0	0	-1				-1	-1	-1	-1		1.2753	8792.2	1	10	1	0	0	0	11	10
18255	1	58919	0	0	5	6	6	same	1	0	1	114.9	0	0	-54.98	10.83	325.74	0	577.0	4.1374	-15.0000	4	0	1	0	0	0	0	-1				-1	-1	-1	-1		1.4393	11799.0	0	5	1	0	0	0	13	12
18255	1	65266	0	0	7	7	7	same	1	0	1	48.0	0	0	-85.38	156.68	242.52	0	341.2	1.6867	-15.0000	4	0	1	0	0	0	0	-1				-1	-1	-1	-1		0.9796	8816.1	0	7	1	0	0	0	10	9
18255	1	65948	0	0	7	12	12	same	5	0	1	39.4	0	0	-168.38	44.66	98.97	0	710.9	-0.3274	-15.0000	8	0	0	1	0	0	0	-1				-1	-1	-1	-1		1.9299	29663.2	0	7	1	0	0	0	13	8
18255	1	66278	0	0	1000013	17	17	same	5	0	1	16.5	1	1	40.35	56.04	430.10	0	256.9	-2.0931	-15.0000	8	0	0	1	0	0	0	-1				-1	-1	-1	-1		1.0406	6618.4	1	14	1	0	0	0	8	3
18255	1	66366	0	0	6	25	25	same	2	0	0	289.6	0	0	56.36	-106.87	253.55	0	913.2	5.4438	-15.0000	4	0	1	0	0	0	0	-1				-1	-1	-1	-1		1.8543	4943.4	0	6	1	0	0	0	12	10
18255	1	66652	0	0	10	23	23	same	3	0	1	241.3	0	0	-50.11	167.28	126.01	0	840.5	3.4990	-15.0000	4	0	1	0	0	0	0	-1				-1	-1	-1	-1		1.5299	13011.8	0	10	1	0	0	0	8	5
18255	1	66718	0	0	10	11	11	same	4	0	0	332.0	0	0	-180.04	-27.34	196.36	0	909.7	3.8371	-15.0000	4	0	1	0	0	0	0	-1				-1	-1	-1	-1		1.0224	33131.5	0	10	1	0	0	0	13	9
18255	1	66872	0	0	1000006	32	9	not_in_act	1	0	1	63.5	0	0	115.95	177.15	295.92	0	262.0	-1.5970	-15.0000	8	0	0	1	0	0	0	-1				-1	-1	-1	-1		0.9549	4987.8	1	1000006	1	1	0	0	10	9
18255	1	66900	0	0	6	18	18	same	4	0	1	66.2	1	1	-160.62	-2.24	305.34	0	767.7	1.8636	-1.3647	4	0	1	0	0	0	0	-1				-1	-1	-1	-1		1.7467	32544.5	0	6	1	0	1	1	27	23
18255	1	66944	0	0	9	16	16	same	5	0	0	100.1	0	0	-98.04	-62.68	441.65	0	414.2	1.7740	-15.0000	4	0	1	0	0	0	0	-1				-1	-1	-1	-1		1.5655	13307.5	0	9	1	0	0	0	7	2
18255	1	67026	0	0	9	19	19	same	3	0	0	277.3	1	1	-121.62	83.31	86.32	0	1161.3	2.6652	-15.0000	4	0	1	0	0	0	0	-1				-1	-1	-1	-1		0.5756	20012.7	0	9	1	0	0	0	5	2
18255	1	67802	0	0	1000007	11	11	same	4	0	1	61.8	1	1	1.85	-146.25	17.94	0	275.7	0.7124	-15.0000	4	0	1	0	0	0	0	-1				-1	-1	-1	-1		1.7683	2732.2	1	6	1	0	0	0	5	1
18255	1	67868	0	0	1000008	16	16	same	20	0	1	105.5	1	1	152.53	45.01	345.51	0	1016.9	3.2525	-15.0000	4	0	1	0	0	0	0	-1				-1	-1	-1	-1		2.0010	24982.1	1	8	1	0	0	0	27	7
18255	1	67898	0	0	7	11	11	same	2	0	0	215.8	0	0	-60.84	-92.33	364.55	0	726.5	4.5024	-15.0000	4	0	1	0	0	0	0	-1				-1	-1	-1	-1		1.7252	12311.8	0	7	1	0	0	0	2	0
18255	1	67928	0	0	1000003	7	7	same	9	0	0	104.0	0	0	62.68	132.46	168.39	0	633.4	3.1584	-15.0000	4	0	1	0	0	0	0	-1				-1	-1	-1	-1		1.7129	7612.5	1	2	1	0	0	0	14	5
18255	1	67942	0	0	1000004	13	13	same	1	0	0	90.3	0	0	60.81	199.92	177.99	0	338.3	-2.3174	-15.0000	6	1	1	0	0	1	0	-1				-1	-1	-1	-1		1.9400	2364.7	1	1000004	1	0	0	0	2	1
18255	1	68280	0	0	12	23	23	same	9	0	1	151.6	0	0	-113.98	128.76	327.34	0	666.3	2.5777	-15.0000	4	0	1	0	0	0	0	-1				-1	-1	-1	-1		1.9845	13740.1	0	12	1	0	0	0	17	8
18255	1	68308	0	0	11	8	8	same	2	0	0	134.1	0	0	-138.30	101.42	84.94	0	868.2	4.8242	-15.0000	4	0	1	0	0	0	0	-1				-1	-1	-1	-1		1.0415	18620.0	0	11	1	0	0	0	7	5
18255	1	68346	0	0	1000006	11	11	same	9	0	1	3.7	0	0	36.03	95.65	376.14	0	79.6	-2.0040	-15.0000	8	0	0	1	0	0	0	-1				-1	-1	-1	-1		1.6090	3741.8	1	7	1	0	0	0	19	10
18255	1	68654	0	0	8	3	3	same	1	0	1	4.2	0	0	-73.65	-49.41	405.57	0	83.8	-1.1961	-15.0000	8	0	0	1	0	0	0	-1				-1	-1	-1	-1		1.4963	3243.6	0	8	1	0	0	0	8	7
18255	1	68726	0	0	1000006	16	16	same	9	0	1	4.0	0	0	14.50	189.10	144.37	0	94.1	-1.0982	-15.0000	8	0	0	1	0	0	0	-1				-1	-1	-1	-1		1.4514	1036.6	1	6	1	0	0	0	16	7
18255	1	68748	0	0	9	14	14	same	2	0	0	368.2	0	0	-28.77	-16.89	137.32	0	1192.1	2.4779	-15.0000	6	1	1	0	0	1	0	-1				-1	-1	-1	-1		1.8123	21946.5	0	9	1	0	0	0	7	5
18255	1	68748	1	1	1000009	12	12	same	1	0	0	171.5	0	0	147.51	-55.29	429.27	0	889.3	1.0714	-15.0000	6	1	1	0	0	1	0	-1				-1	-1	-1	-1		0.9627	10242.2	1	1000009	1	0	0	0	4	3
18255	1	68830	0	0	5	11	11	same	2	0	0	111.4	1	1	-96.78	-146.96	285.19	0	568.3	2.1181	-15.0000	6	1	1	0	0	1	0	-1				-1	-1	-1	-1		1.1857	6392.8	0	5	1	0	0	0	4	2
18255	1	69006	0	0	3	3	3	same	1	0	1	163.8	0	0	-91.69	-41.46	337.26	0	995.3	3.6382	-11.9825	4	0	1	0	0	0	0	-1				-1	-1	-1	-1		1.0711	25457.1	0	3	1	0	1	1	24	23
18255	1	69144	0	0	7	12	12	same	2	0	0	142.0	0	0	16.68	77.29	398.92	0	673.8	4.4055	-15.0000	4	0	1	0	0	0	0	-1				-1	-1	-1	-1		0.6438	3512.4	0	7	1	0	0	0	8	6
18255	1	69152	0	0	10	6	6	same	1	0	0	146.1	0	0	-16.41	151.37	464.73	0	662.9	5.2806	-15.0000	4	0	1	0	0	0	0	-1				-1	-1	-1	-1		1.2678	6970.0	0	10	1	0	0	0	2	1
18255	1	69254	0	0	9	5	5	same	2	0	1	37.3	0	0	-173.47	49.19	354.09	0	488.5	0.6217	-15.0000	4	0	1	0	0	0	0	-1				-1	-1	-1	-1		1.2982	13903.4	0	9	1	0	0	0	10	8
18255	1	69306	0	0	1000005	9	9	same	2	0	1	80.7	0	0	124.95	-16.42	25.88	0	351.3	1.3581	-15.0000	4	0	1	0	0	0	0	-1				-1	-1	-1	-1		1.8554	9850.9	1	1000005	1	0	0	0	16	14
18255	1	69314	0	0	11	4	4	same	1	0	1	171.1	0	0	-111.81	-18.53	164.63	0	1380.3	2.9639	-15.0000	4	0	1	0	0	0	0	-1				-1	-1	-1	-1		1.2898	53125.6	0	11	1	0	0	0	28	27
18255	1	69386	0	0	12	6	6	same	1	0	1	12.5	0	0	-112.40	-106.93	315.47	0	150.7	-3.3240	-15.0000	8	0	0	1	0	0	0	-1				-1	-1	-1	-1		1.6202	3825.3	0	12	1	0	0	0	4	3
18255	1	69518	0	0	1000008	16	16	same	2	0	1	38.0	0	0	83.65	15.69	308.54	0	289.8	0.7693	-15.0000	4	0	1	0	0	0	0	-1				-1	-1	-1	-1		1.3845	9632.9	1	8	1	0	0	0	3	1
18255	1	69556	0	0	14	19	19	same	3	0	0	16.2	0	0	-197.35	119.62	161.24	0	208.0	-0.9652	-15.0000	8	0	0	1	0	0	0	-1				-1	-1	-1	-1		1.6307	9356.8	0	14	1	0	0	0	13	10
18255	1	69666	0	0	1000004	11	11	same	6	0	0	191.7	0	0	168.16	-193.32	161.71	0	1042.2	3.3578	-15.0000	4	0	1	0	0	0	0	-1				-1	-1	-1	-1		1.4430	18156.5	1	5	1	0	0	0	21	15
18255	1	69936	0	0	1000005	15	15	same	4	0	1	62.4	0	0	154.67	-63.27	228.66	0	323.7	0.1926	-15.0000	6	1	1	0	0	1	0	-1				-1	-1	-1	-1		1.0484	11020.2	1	5	1	0	0	0	6	2
18255	1	70010	0	0	1000006	9	9	same	1	0	0	79.2	0	0	25.67	-167.41	368.60	0	312.4	2.7556	-15.0000	4	0	1	0	0	0	0	-1				-1	-1	-1	-1		1.1162	2753.1	1	5	1	0	0	0	1	0
18255	1	70084	0	0	5	20	20	same	5	0	0	106.3	0	0	-195.84	13.97	115.84	0	592.4	2.6717	-15.0000	4	0	1	0	0	0	0	-1				-1	-1	-1	-1		0.9105	16347.7	0	5	1	0	0	0	13	8
18255	1	70124	0	0	1000017	16	16	same	3	0	0	26.7	0	0	30.69	195.15	386.18	0	468.0	0.9117	-10.1575	8	0	0	1	0	0	0	-1				-1	-1	-1	-1		0.7535	4542.6	1	16	1	0	1	1	12	9
18255	1	70178	0	0	4	15	15	same	11	0	1	55.3	0	0	-36.45	-14.59	319.54	0	441.1	2.4970	-15.0000	4	0	1	0	0	0	0	-1				-1	-1	-1	-1		1.7387	12720.3	0	4	1	0	0	0	11	0
18255	1	70186	0	0	1000007	10	10	same	1	0	1	198.2	0	0	39.82	-192.44	6.63	0	863.9	4.6253	-15.0000	4	0	1	0	0	0	0	-1				-1	-1	-1	-1		1.0452	4101.6	1	7	1	0	0	0	9	8
18255	1	70222	0	0	3	17	17	same	6	0	0	69.7	0	0	-181.65	-138.40	456.22	0	1007.0	0.5217	-15.0000	8	0	0	1	0	0	0	-1				-1	-1	-1	-1		1.2418	23471.2	0	3	1	0	0	0	9	3
18255	1	70288	0	0	5	7	7	same	5	0	1	1.6	0	0	-148.15	150.44	214.01	0	111.7	-2.4980	-15.0000	8	0	0	1	0	0	0	-1				-1	-1	-1	-1		1.3799	1223.2	0	5	1	0	0	0	10	5
18255	1	70472	0	0	3	17	17	same	3	0	0	401.8	0	0	-89.91	-195.59	402.34	0	1205.0	-0.0127	-15.0000	6	1	1	0	0	1	0	-1				-1	-1	-1	-1		0.7751	10861.3	0	3	1	0	0	0	15	12
18255	1	70538	0	0	9	17	17	same	2	0	1	72.7	0	0	-1.77	192.16	5.49	0	462.6	-0.4026	-15.0000	6	1	1	0	0	1	0	-1				-1	-1	-1	-1		1.6129	872.9	0	9	1	0	0	0	3	1
18255	1	70612	0	0	1000003	6	6	same	1	0	1	89.6	0	0	24.34	-131.04	41.55	0	568.4	-0.2426	-15.0000	4	0	1	0	0	0	0	-1				-1	-1	-1	-1		1.4088	5323.4	1	4	1	0	0	0	7	6
18255	1	70640	0	0	4	4	4	same	1	0	1	178.3	0	0	-141.99	132.29	154.63	0	879.2	3.4811	-10.5395	4	0	1	0	0	0	0	-1				-1	-1	-1	-1		1.2712	28092.0	0	4	1	0	1	1	14	13
18255	1	70692	0	0	11	17	17	same	2	0	1	158.1	0	0	-134.18	73.90	238.04	0	841.2	3.7324	-15.0000	4	0	1	0	0	0	0	-1				-1	-1	-1	-1		0.7648	20685.4	0	11	1	0	0	0	11	9
18255	1	70713	0	0	8	23	23	same	7	0	0	79.9	0	0	-197.72	142.29	432.85	0	491.7	-0.0023	-15.0000	8	0	0	1	0	0	0	-1				-1	-1	-1	-1		0.6182	10117.0	0	8	1	0	0	0	11	4
18255	1	70757	0	0	1000008	6	6	same	1	0	1	23.0	0	0	52.63	-189.83	307.74	0	204.5	-2.2089	-15.0000	8	0	0	1	0	0	0	-1				-1	-1	-1	-1		1.3602	2641.8	1	1000008	1	0	0	0	9	8
18255	1	70766	0	0	1000011	23	23	same	5	0	0	227.1	0	0	90.61	119.10	0.05	0	732.7	-3.7983	-15.0000	6	1	1	0	0	1	0	-1				-1	-1	-1	-1		0.4806	8360.2	1	12	1	0	0	0	8	3
18255	1	70816	0	0	11	4	4	same	1	0	1	19.2	0	0	-69.84	67.72	152.71	0	214.8	-2.0476	-15.0000	8	0	0	1	0	0	0	-1				-1	-1	-1	-1		1.4457	6596.0	0	11	1	0	0	0	2	1
18255	1	70912	0	0	1000006	6	6	same	2	0	1	366.7	0	0	131.44	17.17	175.11	0	1160.9	4.8895	-15.0000	4	0	1	0	0	0	0	-1				-1	-1	-1	-1		1.3302	24505.0	1	5	1	0	0	0	4	2
18255	1	71022	0	0	1000007	19	19	same	5	0	0	56.0	0	0	138.17	164.26	238.62	0	487.8	1.4724	-15.0000	6	1	1	0	0	1	0	-1				-1	-1	-1	-1		1.9047	3304.7	1	1000007	1	0	0	0	11	6
18255	1	71092	0	0	5	5	5	same	1	0	0	64.8	0	0	-137.48	-123.28	48.18	0	384.2	-0.9102	-15.0000	6	1	1	0	0	1	0	-1				-1	-1	-1	-1		0.8310	13297.0	0	5	1	0	0	0	8	7
18255	1	71290	0	0	1000012	18	18	same	2	0	1	148.3	0	0	2.55	-63.23	394.66	0	679.5	1.5959	-15.0000	4	0	1	0	0	0	0	-1				-1	-1	-1	-1		2.0055	14011.8	1	11	1	0	0	0	4	2
18255	1	71642	0	0	1000007	10	10	same	4	0	1	138.4	0	0	23.19	53.20	138.84	0	1796.5	0.6360	-0.3075	8	0	0	1	0	0	0	-1				-1	-1	-1	-1		0.6406	28479.9	1	7	1	0	1	1	63	59
18255	1	71748	0	0	1000008	20	20	same	7	0	0	71.0	1	1	82.79	-191.57	345.79	0	580.8	3.5786	-15.0000	4	0	1	0	0	0	0	-1				-1	-1	-1	-1		1.7764	6147.3	1	7	1	0	0	0	19	12
18255	1	71778	0	0	10	17	17	same	2	0	0	262.9	1	1	-121.51	-11.83	247.40	0	735.2	3.4863	-15.0000	4	0	1	0	0	0	0	-1				-1	-1	-1	-1		2.0000	14806.9	0	10	1	0	0	0	10	8
18255	1	71872	0	0	1000008	13	13	same	7	0	1	73.3	0	0	145.51	116.20	52.22	0	1017.5	1.0162	-15.0000	4	0	1	0	0	0	0	-1				-1	-1	-1	-1		1.4574	20826.4	1	8	1	0	0	0	43	36
18255	1	72055	0	0	8	5	5	same	2	0	0	233.7	0	0	-171.72	-149.18	7.19	0	1011.2	4.1741	-15.0000	8	0	0	1	0	0	0	-1				-1	-1	-1	-1		1.3645	91989.2	0	8	1	0	0	0	6	4
18255	1	72099	0	0	9	2	2	same	1	0	0	0.5	0	0	0.00	0.00	0.00	1	0.0	-1.9417	-15.0000	0	0	0	0	0	0	0	-1				-1	-1	-1	-1		1.1684	175.2	0	9	0	0	0	0	1	0
18255	1	72170	0	0	8	6	6	same	1	0	1	220.7	0	0	-56.28	-13.72	316.96	0	873.1	3.4939	-15.0000	4	0	1	0	0	0	0	-1				-1	-1	-1	-1		1.7239	23423.5	0	8	1	0	0	0	3	2
18255	1	72174	0	0	1000007	6	6	same	1	0	1	165.5	0	0	45.33	33.38	274.34	0	596.8	3.7750	-15.0000	4	0	1	0	0	0	0	-1				-1	-1	-1	-1		0.9811	8469.9	1	7	1	0	0	0	6	5
18255	1	72196	0	0	6	13	13	same	5	1	1	19.9	1	1	-175.57	29.06	379.95	0	199.3	-2.7854	-15.0000	10	1	0	1	0	1	0	-1				-1	-1	-1	-1		1.7505	20026.2	0	6	1	0	0	0	10	5
18255	1	72254	0	0	10	12	12	same	2	0	0	61.8	0	0	-70.20	-198.63	440.56	0	278.3	-0.6808	-15.0000	6	1	1	0	0	1	0	-1				-1	-1	-1	-1		1.4579	1443.9	0	10	1	0	0	0	2	0
18255	1	72275	0	0	1000008	17	17	same	6	0	0	311.7	1	3	73.49	91.54	199.06	0	229.2	-1.0090	-15.0000	4	0	1	0	0	0	0	-1				-1	-1	-1	-1		1.8484	24425.9	1	6	1	0	0	0	9	3
18255	1	72280	0	0	1000005	9	9	same	4	0	1	16.2	0	0	111.12	-78.49	131.23	0	157.1	-3.1335	-15.0000	8	0	0	1	0	0	0	-1				-1	-1	-1	-1		1.4649	3243.8	1	5	1	0	0	0	8	4
18255	1	72649	0	0	1000006	14	14	same	4	0	1	18.7	0	0	193.19	16.35	75.16	0	172.3	-3.2077	-15.0000	8	0	0	1	0	0	0	-1				-1	-1	-1	-1		0.8948	7448.0	1	4	1	0	0	0	10	6
18255	1	72742	0	0	11	7	7	same	2	0	0	32.6	0	0	-179.78	-99.62	482.65	0	248.4	2.7747	-15.0000	4	0	1	0	0	0	0	-1				-1	-1	-1	-1		1.6780	11533.6	0	11	1	0	0	0	3	1
18255	1	72759	0	0	4	36	14	not_in_act	4	0	1	122.8	0	0	-7.81	-187.19	250.68	0	41.2	-1.8102	-15.0000	8	0	0	1	0	0	0	-1				-1	-1	-1	-1		1.7730	6857.8	0	4	1	1	0	0	6	2
18255	1	72768	0	0	1000008	14	14	same	1	0	1	58.8	0	0	120.05	19.74	357.30	0	619.7	1.3010	-15.0000	4	0	1	0	0	0	0	-1				-1	-1	-1	-1		1.1514	19398.6	1	8	1	0	0	0	16	15
18255	1	72786	0	0	8	21	14	in_act_not_selected	16	0	0	151.2	0	0	-152.58	152.04	111.77	0	890.5	3.9358	-15.0000	4	0	1	0	0	0	0	-1				-1	-1	-1	-1		0.6261	17431.3	0	8	1	1	0	0	25	9
18255	1	72840	0	0	3	22	22	same	3	0	0	97.7	0	0	-19.27	-136.82	466.57	0	580.3	3.6005	-15.0000	4	0	1	0	0	0	0	-1				-1	-1	-1	-1		0.5912	4925.0	0	3	1	0	0	0	3	0
18255	1	72940	0	0	1000009	13	13	same	3	0	1	269.4	0	0	81.20	8.88	355.29	0	1034.5	3.9893	-15.0000	4	0	1	0	0	0	0	-1				-1	-1	-1	-1		1.4927	14717.9	1	9	1	0	0	0	11	8
18255	1	73038	0	0	8	1	1	same	4	0	0	15.4	1	1	0.00	0.00	0.00	1	0.0	-1.9417	-15.0000	0	0	0	0	0	0	0	-1				-1	-1	-1	-1		0.9790	699.7	0	8	0	0	0	0	7	3
18255	1	73054	0	0	5	15	15	same	2	0	0	70.8	0	0	-28.08	98.07	474.69	0	483.6	3.6714	-15.0000	4	0	1	0	0	0	0	-1				-1	-1	-1	-1		1.8777	3498.2	0	5	1	0	0	0	5	3
18255	1	73336	0	0	4	13	13	same	3	0	1	40.5	0	0	-43.05	40.97	460.77	0	701.5	0.0389	-15.0000	8	0	0	1	0	0	0	-1				-1	-1	-1	-1		1.8974	12614.7	0	4	1	0	0	0	22	19
18255	1	73412	0	0	1000007	13	13	same	1	0	1	203.8	0	0	76.21	141.80	127.22	0	688.0	3.7448	-15.0000	4	0	1	0	0	0	0	-1				-1	-1	-1	-1		1.2172	21505.2	1	7	1	0	0	0	3	2
18255	1	73450	0	0	4	2	2	same	1	0	0	1.1	0	0	0.00	0.00	0.00	1	0.0	-1.9417	-15.0000	0	0	0	0	0	0	0	-1				-1	-1	-1	-1		0.8738	10643.7	0	4	0	0	0	0	1	0
18255	1	73500	0	0	4	1	1	same	1	0	0	2.3	0	0	0.00	0.00	0.00	1	0.0	-1.9417	-15.0000	0	0	0	0	0	0	0	-1				-1	-1	-1	-1		0.9592	12113.3	0	4	0	0	0	0	1	0
18255	1	73538	0	0	8	18	18	same	2	0	1	143.7	1	1	-76.55	193.32	244.95	0	527.1	1.4181	-15.0000	6	1	1	0	0	1	0	-1				-1	-1	-1	-1		2.0625	6660.5	0	8	1	0	0	0	2	0
18255	1	73688	0	0	5	19	19	same	9	0	0	350.4	0	0	-55.33	73.48	171.74	0	737.6	1.8999	-15.0000	4	0	1	0	0	0	0	-1				-1	-1	-1	-1		1.4711	49575.5	0	5	1	0	0	0	24	15
18255	1	73698	0	0	1000009	13	13	same	1	0	0	41.3	0	0	186.50	157.39	213.75	0	402.4	2.4267	-15.0000	4	0	1	0	0	0	0	-1				-1	-1	-1	-1		1.1597	15536.4	1	9	1	0	0	0	2	1
18255	1	73705	0	0	12	14	14	same	4	0	1	10.0	0	0	-36.95	-35.71	36.28	0	128.3	-3.2745	-15.0000	8	0	0	1	0	0	0	-1				-1	-1	-1	-1		0.8565	3163.8	0	12	1	0	0	0	10	6
18255	1	73727	0	0	11	17	17	same	8	0	1	227.8	1	1	93.70	-139.96	265.92	0	870.5	2.4530	-15.0000	6	1	1	0	0	1	0	-1				-1	-1	-1	-1		0.8748	1044.6	0	11	1	0	0	0	9	1
18255	1	73838	0	0	1000005	17	17	same	4	0	0	249.0	0	0	146.75	81.08	267.50	0	723.2	3.4394	-15.0000	4	0	1	0	0	0	0	-1				-1	-1	-1	-1		1.9381	15429.0	1	4	1	0	0	0	8	4
18255	1	73991	0	0	1000008	12	12	same	1	0	1	173.6	0	0	2.05	-23.67	414.64	0	522.4	3.0254	-15.0000	4	0	1	0	0	0	0	-1				-1	-1	-1	-1		0.9637	16896.4	1	8	1	0	0	0	4	3
18255	1	74123	0	0	1000006	20	20	same	2	0	1	54.4	0	0	165.91	86.99	230.49	0	624.0	1.1847	-15.0000	4	0	1	0	0	0	0	-1				-1	-1	-1	-1		1.5740	23495.5	1	6	1	0	0	0	19	17
18255	1	74128	0	0	1000009	5	5	same	1	0	0	5.8	0	0	0.00	0.00	0.00	1	0.0	-1.9417	-15.0000	0	0	0	0	0	0	0	-1				-1	-1	-1	-1		1.3414	19609.5	1	7	0	0	0	0	1	0
18255	1	74146	0	0	6	15	15	same	2	0	1	108.8	0	0	-161.26	120.52	322.00	0	421.8	1.6669	-15.0000	6	1	1	0	0	1	0	-1				-1	-1	-1	-1		1.5449	10880.2	0	6	1	0	0	0	9	7
18255	1	74190	0	0	8	14	14	same	5	1	1	76.4	1	1	-179.86	-42.29	41.67	0	394.6	-1.4637	-15.0000	8	0	0	1	0	0	0	-1				-1	-1	-1	-1		1.3606	25500.3	0	8	1	0	0	0	5	0
18255	1	74270	0	0	1000011	21	21	same	4	0	0	19.6	0	0	69.23	15.75	487.86	0	64.4	-0.5284	-15.0000	8	0	0	1	0	0	0	-1				-1	-1	-1	-1		1.0449	525.8	1	1000011	1	0	0	0	4	0
18255	1	74326	0	0	1000006	17	17	same	3	0	0	122.6	0	0	65.06	107.12	392.00	0	1538.0	3.4272	-7.0302	4	0	1	0	0	0	0	-1				-1	-1	-1	-1		1.8580	32533.0	1	6	1	0	1	1	22	19
18255	1	74336	0	0	14	68	18	not_in_act	2	0	0	114.7	0	0	-28.54	-69.05	99.74	0	688.1	-0.2100	-15.0000	8	0	0	1	0	0	0	-1				-1	-1	-1	-1		1.1797	26898.7	0	14	1	1	0	0	16	14
18255	1	74380	0	0	7	14	14	same	2	0	1	142.4	0	0	-154.95	51.07	232.28	0	803.9	-0.2891	-15.0000	8	0	0	1	0	0	0	-1				-1	-1	-1	-1		1.4459	23783.8	0	7	1	0	0	0	3	1
18255	1	74414	0	0	11	4	4	same	1	0	1	29.5	0	0	-153.28	1.74	299.56	0	223.2	-3.0096	-15.0000	8	0	0	1	0	0	0	-1				-1	-1	-1	-1		1.8095	19491.8	0	11	1	0	0	0	6	5
18255	1	74784	0	0	1000010	14	14	same	2	0	1	280.9	0	0	102.22	96.72	129.88	0	898.9	5.0206	-15.0000	4	0	1	0	0	0	0	-1				-1	-1	-1	-1		0.7267	16530.3	1	9	1	0	0	0	5	3
18255	1	74854	0	0	7	14	14	same	3	0	0	134.1	0	0	-57.04	-173.11	370.88	0	434.1	3.1741	-15.0000	4	0	1	0	0	0	0	-1				-1	-1	-1	-1		1.1008	4089.5	0	7	1	0	0	0	3	0
18255	1	75004	0	0	1000007	13	13	same	4	0	1	2.2	0	0	46.15	-91.11	21.99	0	19.7	-1.5930	-15.0000	8	0	0	1	0	0	0	-1				-1	-1	-1	-1		1.5474	1643.3	1	8	1	0	0	0	9	5
18255	1	75040	0	0	12	5	5	same	1	0	1	160.2	0	0	-75.50	-34.24	155.25	0	585.4	3.4445	-15.0000	4	0	1	0	0	0	0	-1				-1	-1	-1	-1		1.5264	11926.9	0	12	1	0	0	0	4	3
18255	1	75052	0	0	6	12	12	same	3	0	1	93.5	0	0	-161.00	94.86	189.58	0	610.1	0.4482	-15.0000	8	0	0	1	0	0	0	-1				-1	-1	-1	-1		1.5969	15311.5	0	6	1	0	0	0	9	6
18255	1	75113	0	0	7	10	10	same	1	0	1	24.7	0	0	-32.42	-77.84	439.26	0	200.0	-2.7847	-15.0000	8	0	0	1	0	0	0	-1				-1	-1	-1	-1		1.9396	5128.1	0	7	1	0	0	0	5	4
18255	1	75135	0	0	1000003	16	16	same	4	0	1	126.8	0	0	141.26	26.05	75.17	0	654.6	3.6408	-15.0000	4	0	1	0	0	0	0	-1				-1	-1	-1	-1		0.8352	15226.2	1	3	1	0	0	0	7	3
18255	1	75206	0	0	7	9	9	same	6	0	0	290.2	0	0	-123.80	47.68	187.59	0	1436.7	3.8015	-15.0000	4	0	1	0	0	0	0	-1				-1	-1	-1	-1		1.9190	25277.6	0	7	1	0	0	0	25	19
18255	1	75316	0	0	1000009	18	18	same	3	0	0	153.4	0	0	115.53	-103.31	413.00	0	681.5	2.9672	-15.0000	4	0	1	0	0	0	0	-1				-1	-1	-1	-1		0.9607	18485.6	1	9	1	0	0	0	10	7
18255	1	75377	0	0	1000011	23	23	same	2	0	0	162.2	0	0	128.31	-83.69	351.38	0	594.9	5.1147	-15.0000	4	0	1	0	0	0	0	-1				-1	-1	-1	-1		1.0153	10256.7	1	9	1	0	0	0	3	1
18255	1	75554	0	0	1000001	10	10	same	11	0	0	126.7	1	1	150.69	-198.70	41.19	0	1053.3	-0.4983	-15.0000	6	1	1	0	0	1	0	-1				-1	-1	-1	-1		1.8982	9431.2	1	2	1	0	0	0	36	25
18255	1	75678	0	0	6	15	15	same	5	0	0	43.4	0	0	-165.28	-153.46	376.73	0	262.5	0.9035	-15.0000	4	0	1	0	0	0	0	-1				-1	-1	-1	-1		1.9406	6291.2	0	6	1	0	0	0	12	7
18255	1	75700	0	0	7	21	21	same	2	0	1	116.6	1	1	-96.93	-40.63	31.34	0	701.6	3.0295	-15.0000	4	0	1	0	0	0	0	-1				-1	-1	-1	-1		1.7447	15097.6	0	7	1	0	0	0	11	9
18255	1	75729	0	0	7	19	19	same	2	0	1	52.1	0	0	-73.65	-169.63	367.27	0	426.9	0.9360	-15.0000	4	0	1	0	0	0	0	-1				-1	-1	-1	-1		1.6414	6065.6	0	7	1	0	0	0	12	10
18255	1	75730	0	0	1000005	16	16	same	3	0	1	58.9	0	0	44.04	-188.63	138.90	0	373.8	-0.0505	-15.0000	10	1	0	1	0	1	0	-1				-1	-1	-1	-1		0.8837	5472.1	1	6	1	0	0	0	14	11
18255	1	75795	0	0	9	18	18	same	2	0	0	121.5	0	0	-197.00	117.57	176.70	0	753.9	2.2484	-15.0000	4	0	1	0	0	0	0	-1				-1	-1	-1	-1		1.0615	25517.9	0	9	1	0	0	0	7	5
18255	1	75862	0	0	1000003	11	11	same	1	0	1	115.3	0	0	80.25	16.57	255.95	0	677.3	2.9819	-15.0000	4	0	1	0	0	0	0	-1				-1	-1	-1	-1		1.8500	12264.3	1	3	1	0	0	0	15	14
18255	1	75954	0	0	1000007	22	22	same	3	0	0	56.9	0	0	183.96	-187.80	119.48	0	796.0	-0.6719	11.3652	8	0	0	1	0	0	0	-1				-1	-1	-1	-1		1.2879	18180.4	1	7	1	0	1	1	12	9
18255	1	75976	0	0	1000008	12	12	same	4	0	1	2.8	0	0	149.72	-183.59	390.67	0	32.5	-3.7563	-15.0000	8	0	0	1	0	0	0	-1				-1	-1	-1	-1		0.2093	2443.9	1	1000008	1	0	0	0	11	7
18255	1	76038	0	0	1000008	14	14	same	2	0	0	225.0	0	0	195.00	-77.97	318.07	0	735.4	5.2958	-15.0000	4	0	1	0	0	0	0	-1				-1	-1	-1	-1		1.9188	24242.1	1	7	1	0	0	0	3	1
18255	1	76059	0	0	4	14	14	same	2	0	0	30.0	0	0	-174.52	-184.99	377.60	0	504.3	2.6751	-15.0000	4	0	1	0	0	0	0	-1				-1	-1	-1	-1		1.6551	18999.6	0	4	1	0	0	0	8	6
18255	1	76170	0	0	7	23	23	same	12	1	0	373.6	1	1	-4.49	-47.37	129.88	0	1020.9	4.9061	-15.0000	4	0	1	0	0	0	0	-1				-1	-1	-1	-1		1.2616	20025.4	0	7	1	0	0	0	15	3
18255	1	76250	0	0	10	7	7	same	2	0	0	142.2	0	0	-176.89	-104.60	185.98	0	598.1	1.0346	-15.0000	4	0	1	0	0	0	0	-1				-1	-1	-1	-1		1.8419	12067.3	0	10	1	0	0	0	2	0
18255	1	76280	0	0	1000010	16	16	same	2	0	1	84.3	0	0	174.56	64.99	267.60	0	501.9	2.3940	-15.0000	4	0	1	0	0	0	0	-1				-1	-1	-1	-1		1.4059	24126.2	1	11	1	0	0	0	9	7
18255	1	76346	0	0	10	48	14	not_in_act	5	0	1	22.0	0	0	-108.31	-30.74	349.72	0	594.0	0.0937	-15.0000	8	0	0	1	0	0	0	-1				-1	-1	-1	-1		1.6771	7367.7	0	10	1	1	0	0	18	13
18255	1	76350	0	0	1000009	14	14	same	1	0	1	86.2	0	0	107.33	-167.86	329.59	0	1098.6	-1.0936	-1.1883	8	0	0	1	0	0	0	-1				-1	-1	-1	-1		0.7343	14222.0	1	9	1	0	1	1	44	43
18255	1	76866	0	0	1000007	11	11	same	8	0	0	22.7	1	2	53.11	-189.01	167.40	0	190.4	-0.3047	-15.0000	6	1	1	0	0	1	0	-1				-1	-1	-1	-1		1.2444	1500.7	1	8	1	0	0	0	11	3
18255	1	76888	0	0	1000008	18	18	same	6	0	0	28.4	1	1	59.58	147.08	481.71	0	317.5	3.3080	-15.0000	4	0	1	0	0	0	0	-1				-1	-1	-1	-1		1.3436	2156.0	1	8	1	0	0	0	6	0
18255	1	76998	0	0	5	19	19	same	1	0	1	197.8	0	0	-103.10	89.41	262.58	0	577.7	3.4415	-15.0000	4	0	1	0	0	0	0	-1				-1	-1	-1	-1		1.9650	8009.2	0	5	1	0	0	0	5	4
18255	1	77328	0	0	8	7	7	same	1	0	0	305.1	0	0	-48.30	-154.23	226.92	0	1022.9	4.4271	-15.0000	6	1	1	0	0	1	0	-1				-1	-1	-1	-1		1.7971	19122.9	0	8	1	0	0	0	4	3
18255	1	77406	0	0	8	6	6	same	1	0	1	3.3	0	0	-60.22	17.35	464.69	0	83.4	-1.5758	-15.0000	8	0	0	1	0	0	0	-1				-1	-1	-1	-1		1.6687	2363.8	0	8	1	0	0	0	2	1
18255	1	77702	0	0	8	15	15	same	2	0	0	338.7	0	0	-38.47	45.65	130.31	0	978.8	4.6398	-15.0000	4	0	1	0	0	0	0	-1				-1	-1	-1	-1		1.2248	10782.0	0	8	1	0	0	0	5	3
18255	1	77846	0	0	8	7	7	same	1	0	0	164.0	0	0	-23.43	98.12	251.89	0	639.8	3.1754	-15.0000	4	0	1	0	0	0	0	-1				-1	-1	-1	-1		1.9797	9244.3	0	8	1	0	0	0	7	6
18255	1	77878	0	0	1000007	10	10	same	1	0	0	217.7	0	0	58.59	-61.30	289.77	0	985.3	4.3738	-15.0000	4	0	1	0	0	0	0	-1				-1	-1	-1	-1		1.4008	24529.2	1	7	1	0	0	0	10	9
18255	1	77978	0	0	1000008	55	18	not_in_act	2	0	0	138.2	0	0	-7.85	-118.64	358.18	0	616.0	0.8477	-15.0000	4	0	1	0	0	0	0	-1				-1	-1	-1	-1		0.8358	4167.4	1	8	1	1	0	0	5	3
18255	1	78032	0	0	3	18	18	same	7	1	1	408.4	1	1	-91.35	116.83	75.13	0	1110.8	3.7499	-15.0000	4	0	1	0	0	0	0	-1				-1	-1	-1	-1		0.7318	19115.2	0	3	1	0	0	0	8	1
18255	1	78032	1	1	1000003	9	9	same	1	0	0	3.5	0	0	0.00	0.00	0.00	1	0.0	-1.9417	-15.0000	0	0	0	0	0	0	0	-1				-1	-1	-1	-1		0.7397	2499.5	1	3	0	0	0	0	1	0
18255	1	78120	0	0	1000005	7	7	same	2	0	0	93.8	0	0	196.86	-112.70	54.54	0	354.1	1.5139	-15.0000	6	1	1	0	0	1	0	-1				-1	-1	-1	-1		0.6053	33703.2	1	5	1	0	0	0	4	2
18255	1	78242	0	0	3	15	15	same	1	0	1	315.0	0	0	-90.82	8.89	66.67	0	1455.8	4.2328	-15.0000	4	0	1	0	0	0	0	-1				-1	-1	-1	-1		1.9165	30451.6	0	3	1	0	0	0	9	8
18255	1	78259	0	0	1000013	9	9	same	1	0	1	20.8	0	0	149.24	-170.72	445.38	0	334.2	-0.5355	-15.0000	4	0	1	0	0	0	0	-1				-1	-1	-1	-1		0.9436	3214.5	1	10	1	0	0	0	2	1
18255	1	78682	0	0	1000006	14	14	same	1	0	1	1.6	0	0	176.52	-192.89	22.23	0	111.1	-1.4177	-15.0000	8	0	0	1	0	0	0	-1				-1	-1	-1	-1		1.4397	3088.2	1	1000006	1	0	0	0	6	5
18255	1	78743	0	0	1000008	12	12	same	1	0	1	109.8	0	0	173.68	-125.47	280.61	0	525.4	3.4869	-15.0000	4	0	1	0	0	0	0	-1				-1	-1	-1	-1		1.1221	22182.7	1	7	1	0	0	0	15	14
18255	1	79220	0	0	8	11	11	same	3	0	0	125.7	1	2	-164.67	-23.37	1.07	0	418.7	-4.4668	-15.0000	6	1	1	0	0	1	0	-1				-1	-1	-1	-1		0.6999	18698.2	0	8	1	0	0	0	3	0
18255	1	79491	0	0	13	18	18	same	2	0	0	84.6	0	0	-56.44	78.38	226.15	0	583.9	3.3101	-15.0000	4	0	1	0	0	0	0	-1				-1	-1	-1	-1		0.5620	10634.0	0	13	1	0	0	0	4	2
18255	1	79616	0	0	1000009	17	17	same	2	0	0	329.2	1	1	132.78	130.07	174.14	0	887.5	3.8191	-15.0000	4	0	1	0	0	0	0	-1				-1	-1	-1	-1		2.0362	24484.5	1	9	1	0	0	0	4	2
18255	1	79689	0	0	8	11	11	same	6	0	1	90.5	0	0	-70.78	-87.76	359.61	0	341.9	-0.0319	-15.0000	4	0	1	0	0	0	0	-1				-1	-1	-1	-1		0.6817	4427.2	0	8	1	0	0	0	8	2
18255	1	80716	0	0	6	16	16	same	2	0	1	11.0	0	0	-126.50	-21.53	20.06	0	115.9	-2.9688	-15.0000	8	0	0	1	0	0	0	-1				-1	-1	-1	-1		1.8543	4457.1	0	6	1	0	0	0	2	0
18255	1	81420	0	0	1000009	16	16	same	1	0	0	94.4	0	0	8.56	142.26	400.76	0	520.8	2.7940	-15.0000	4	0	1	0	0	0	0	-1				-1	-1	-1	-1		1.4379	7841.1	1	10	1	0	0	0	6	5
18255	1	82300	0	0	10	19	19	same	3	0	1	1.5	0	0	-187.61	-71.29	304.87	0	107.8	-3.1801	-15.0000	10	1	0	1	0	1	0	-1				-1	-1	-1	-1		1.7141	1223.6	0	10	1	0	0	0	6	3
18255	1	82322	0	0	11	4	4	same	1	0	1	322.8	0	0	-116.98	-186.61	23.49	0	872.7	5.0154	-15.0000	6	1	1	0	0	1	0	-1				-1	-1	-1	-1		1.3515	16947.2	0	11	1	0	0	0	4	3
18255	1	83048	0	0	1000004	9	9	same	5	0	0	16.5	0	0	109.53	-196.66	0.13	0	39.8	-2.3120	-15.0000	10	1	0	1	0	1	0	-1				-1	-1	-1	-1		0.8948	1264.4	1	4	1	0	0	0	6	1
18255	1	90003	0	0	12	6	6	same	1	0	0	45.9	0	0	-36.28	94.86	474.21	0	481.4	0.0713	-15.0000	4	0	1	0	0	0	0	-1				-1	-1	-1	-1		1.5578	4241.0	0	12	1	0	0	0	8	7
18255	1	90135	0	0	11	12	12	same	6	0	1	4.2	0	0	-60.44	146.52	433.89	0	73.3	-1.0802	-15.0000	8	0	0	1	0	0	0	-1				-1	-1	-1	-1		0.6349	1489.5	0	11	1	0	0	0	9	3
18255	1	90179	0	0	1000007	20	20	same	13	0	1	29.5	0	0	87.59	46.06	62.24	0	312.4	-1.9058	-15.0000	8	0	0	1	0	0	0	-1				-1	-1	-1	-1		0.5563	14858.0	1	6	1	0	0	0	14	1
18255	1	90487	0	0	7	7	7	same	1	0	1	9.5	0	0	-172.80	-34.18	45.16	0	116.7	-2.7603	-15.0000	8	0	0	1	0	0	0	-1				-1	-1	-1	-1		1.8886	11074.4	0	7	1	0	0	0	3	2
18255	1	91235	0	0	10	6	6	same	1	0	1	246.1	0	0	-43.12	36.92	96.73	0	1032.3	4.0157	-15.0000	4	0	1	0	0	0	0	-1				-1	-1	-1	-1		1.4101	21453.2	0	10	1	0	0	0	6	5
18255	1	91367	0	0	16	8	8	same	2	0	0	334.8	0	0	-8.32	-142.01	180.72	0	984.1	4.5967	-15.0000	4	0	1	0	0	0	0	-1				-1	-1	-1	-1		1.8694	23990.7	0	16	1	0	0	0	5	3
18255	1	91609	0	0	9	47	4	not_in_act	3	0	0	18.0	1	1	-200.96	141.75	159.35	0	42.7	-2.2267	-15.0000	10	1	0	1	0	1	0	-1				-1	-1	-1	-1		1.2125	28894.2	0	9	1	1	0	0	11	8
18255	1	91697	0	0	4	4	4	same	2	0	0	65.2	0	0	-169.97	49.23	480.84	0	663.5	2.9759	-15.0000	4	0	1	0	0	0	0	-1				-1	-1	-1	-1		1.2819	16180.3	0	4	1	0	0	0	6	4
18255	1	91782	0	0	7	7	7	same	1	0	0	0.5	0	0	0.00	0.00	0.00	1	0.0	-1.9417	-15.0000	0	0	0	0	0	0	0	-1				-1	-1	-1	-1		1.2490	10839.3	0	7	0	0	0	0	1	0
18255	1	91917	0	0	1000006	18	18	same	1	0	1	283.5	0	0	157.09	-41.40	61.41	0	1250.5	5.3658	-15.0000	4	0	1	0	0	0	0	-1				-1	-1	-1	-1		1.3846	34667.5	1	6	1	0	0	0	18	17
18255	1	92134	0	0	11	18	18	same	2	0	1	179.1	1	1	-77.17	86.85	401.06	0	802.0	4.8712	-15.0000	4	0	1	0	0	0	0	-1				-1	-1	-1	-1		0.9802	15406.6	0	11	1	0	0	0	4	2
18255	1	92159	0	0	2	4	4	same	1	0	0	178.7	0	0	-135.51	-83.86	2.99	0	804.2	-1.2891	-15.0000	4	0	1	0	0	0	0	-1				-1	-1	-1	-1		1.1583	13649.5	0	2	1	0	0	0	13	12
18255	1	92225	0	0	6	16	16	same	5	0	1	136.0	0	0	-192.70	122.30	188.33	0	648.4	2.2026	-15.0000	4	0	1	0	0	0	0	-1				-1	-1	-1	-1		1.0808	19268.2	0	6	1	0	0	0	9	4
18255	1	92684	0	0	10	21	21	same	2	0	1	3.0	0	0	-70.37	-172.16	203.23	0	47.7	-2.1320	-15.0000	8	0	0	1	0	0	0	-1				-1	-1	-1	-1		0.7483	4268.9	0	10	1	0	0	0	3	1
18255	1	92904	0	0	1000007	17	17	same	3	0	1	27.7	0	0	13.57	-19.91	480.31	0	284.2	-0.5990	-15.0000	8	0	0	1	0	0	0	-1				-1	-1	-1	-1		0.9707	7731.0	1	8	1	0	0	0	5	2
18255	1	92907	0	0	1000006	14	14	same	4	0	1	4.1	1	1	11.90	184.05	39.67	0	76.8	-0.9704	-15.0000	8	0	0	1	0	0	0	-1				-1	-1	-1	-1		1.6787	1049.6	1	6	1	0	0	0	6	2
18255	1	92992	0	0	5	3	3	same	1	0	1	64.5	0	0	-134.26	145.48	396.44	0	440.6	-1.4277	-15.0000	8	0	0	1	0	0	0	-1				-1	-1	-1	-1		1.3769	8648.2	0	5	1	0	0	0	8	7
18255	1	93105	0	0	1000005	9	9	same	3	0	0	170.9	1	1	115.88	106.15	295.35	0	1040.1	2.0241	-15.0000	4	0	1	0	0	0	0	-1				-1	-1	-1	-1		0.8469	20503.0	1	5	1	0	0	0	11	8
18255	1	93545	0	0	1000006	15	15	same	1	0	1	38.2	0	0	28.94	84.16	470.10	0	254.0	-2.4803	-15.0000	8	0	0	1	0	0	0	-1				-1	-1	-1	-1		2.0332	3398.1	1	1000006	1	0	0	0	1	0
18255	1	93655	0	0	9	6	6	same	8	0	0	42.8	1	1	-10.59	-183.42	461.76	0	245.7	2.2559	-15.0000	4	0	1	0	0	0	0	-1				-1	-1	-1	-1		0.8150	1580.7	0	9	1	0	0	0	9	1
18255	1	93677	0	0	1000007	13	13	same	4	0	1	60.8	0	0	74.44	32.22	411.10	0	692.3	2.5813	-15.0000	4	0	1	0	0	0	0	-1				-1	-1	-1	-1		2.0098	15279.8	1	7	1	0	0	0	17	13
18255	1	93696	0	0	9	12	12	same	1	0	1	104.0	0	0	15.87	114.63	328.87	0	714.1	2.9257	-15.0000	4	0	1	0	0	0	0	-1				-1	-1	-1	-1		2.0216	3014.9	0	9	1	0	0	0	5	4
18255	1	93919	0	0	4	6	6	same	5	0	0	66.9	1	1	-83.68	142.31	162.94	0	486.9	1.7012	-11.7457	4	0	1	0	0	0	0	-1				-1	-1	-1	-1		1.9019	6360.1	0	4	1	0	1	1	8	3
18255	1	94029	0	0	4	10	10	same	9	0	0	127.5	1	1	-90.88	51.92	384.61	0	425.1	4.0102	-15.0000	4	0	1	0	0	0	0	-1				-1	-1	-1	-1		1.6446	5473.5	0	4	1	0	0	0	12	3
18255	1	94092	0	0	1000006	9	9	same	1	0	0	283.8	0	0	185.71	-7.51	244.70	0	808.4	3.4266	-15.0000	4	0	1	0	0	0	0	-1				-1	-1	-1	-1		1.9186	19038.5	1	1000006	1	0	0	0	2	1
18255	1	94224	0	0	6	17	17	same	3	0	1	57.8	0	0	-10.24	136.10	418.77	0	713.2	1.1588	-15.0000	4	0	1	0	0	0	0	-1				-1	-1	-1	-1		1.8575	18589.3	0	6	1	0	0	0	7	4
18255	1	94293	0	0	9	19	19	same	2	0	1	460.2	0	0	-39.64	23.28	38.73	0	1493.2	6.2246	-15.0000	4	0	1	0	0	0	0	-1				-1	-1	-1	-1		0.6890	37628.3	0	9	1	0	0	0	14	12
18255	1	95151	0	0	7	62	6	not_in_act	2	0	0	19.2	0	0	-185.68	-193.30	227.10	0	373.0	2.2780	-15.0000	4	0	1	0	0	0	0	-1				-1	-1	-1	-1		0.8741	13720.8	0	7	1	1	0	0	11	9
18255	1	95170	0	0	5	52	15	not_in_act	5	0	0	67.8	0	0	-172.62	11.65	183.07	0	313.0	-0.8595	-15.0000	8	0	0	1	0	0	0	-1				-1	-1	-1	-1		0.7043	21557.2	0	5	1	1	0	0	12	7
18255	1	95305	0	0	4	3	3	same	1	0	1	12.0	0	0	-33.39	27.58	67.77	0	35.6	-2.8509	-15.0000	8	0	0	1	0	0	0	-1				-1	-1	-1	-1		0.5732	67.9	0	4	1	0	0	0	1	0
18255	1	95405	0	0	8	18	18	same	4	0	0	95.0	0	0	-35.41	-129.74	444.72	0	691.6	3.1036	-15.0000	4	0	1	0	0	0	0	-1				-1	-1	-1	-1		1.9925	6558.6	0	8	1	0	0	0	5	1
18255	1	95412	0	0	7	12	12	same	9	0	0	131.1	1	1	-43.55	-118.63	191.81	0	927.1	2.5473	-15.0000	4	0	1	0	0	0	0	-1				-1	-1	-1	-1		0.6929	16855.1	0	7	1	0	0	0	13	4
18255	1	95899	0	0	7	69	16	not_in_act	5	0	0	103.2	0	0	-84.16	8.98	158.17	0	850.3	1.7837	-15.0000	4	0	1	0	0	0	0	-1				-1	-1	-1	-1		0.8724	40284.2	0	7	1	1	0	0	20	15
18255	1	95911	0	0	1000008	5	5	same	1	0	1	15.9	0	0	47.38	144.78	322.43	0	166.4	-0.8612	-15.0000	4	0	1	0	0	0	0	-1				-1	-1	-1	-1		0.7359	789.5	1	8	1	0	0	0	1	0
18255	1	96251	0	0	6	14	14	same	3	0	1	3.6	0	0	-132.00	-35.37	304.84	0	124.6	-1.0880	-15.0000	10	1	0	1	0	1	0	-1				-1	-1	-1	-1		0.8281	4877.6	0	6	1	0	0	0	3	0
18255	1	96383	0	0	7	9	9	same	1	0	1	49.1	0	0	-95.88	49.92	68.44	0	528.4	0.1075	1.8691	8	0	0	1	0	0	0	-1				-1	-1	-1	-1		1.6521	13855.0	0	7	1	0	1	1	14	13
18255	1	96864	0	0	1000010	20	20	same	2	0	0	21.5	1	1	77.60	-42.95	490.44	0	397.2	1.4906	-15.0000	4	0	1	0	0	0	0	-1				-1	-1	-1	-1		1.0396	1757.9	1	1000010	1	0	0	0	4	2
18255	1	97033	0	0	7	27	27	same	8	1	0	26.5	1	1	-3.58	198.36	93.02	0	226.7	-1.7922	-15.0000	6	1	1	0	0	1	0	-1				-1	-1	-1	-1		1.0036	5101.2	0	7	1	0	0	0	12	4
18255	1	97062	0	0	1000006	14	14	same	4	0	1	104.9	0	0	35.90	41.50	420.09	0	592.9	0.9902	-15.0000	4	0	1	0	0	0	0	-1				-1	-1	-1	-1		1.9902	11835.1	1	6	1	0	0	0	5	1
18255	1	97084	0	0	1000009	15	15	same	7	0	1	139.6	1	1	114.64	23.10	280.38	0	629.6	2.8037	-15.0000	4	0	1	0	0	0	0	-1				-1	-1	-1	-1		1.1295	21625.7	1	9	1	0	0	0	18	11
18255	1	97231	0	0	8	22	22	same	1	0	1	316.4	0	0	-34.44	48.93	170.54	0	1392.7	3.2521	-15.0000	4	0	1	0	0	0	0	-1				-1	-1	-1	-1		1.3939	34206.4	0	8	1	0	0	0	7	6
18255	1	97260	0	0	1000006	6	6	same	1	0	1	357.0	0	0	12.38	23.74	105.66	0	1215.3	4.1321	-12.7702	4	0	1	0	0	0	0	-1				-1	-1	-1	-1		1.5414	20571.9	1	7	1	0	1	1	4	3
18255	1	97304	0	0	9	25	25	same	2	0	0	24.7	0	0	-51.60	185.64	441.96	0	205.8	-0.6708	-15.0000	6	1	1	0	0	1	0	-1				-1	-1	-1	-1		1.0082	498.0	0	9	1	0	0	0	10	8
18255	1	97473	0	0	3	6	6	same	5	0	1	5.2	0	0	-16.58	189.63	76.16	0	13.4	-1.0332	-15.0000	8	0	0	1	0	0	0	-1				-1	-1	-1	-1		0.9485	1594.8	0	3	1	0	0	0	5	0
18255	1	98294	0	0	3	18	18	same	7	0	0	25.2	0	0	-192.68	52.64	383.66	0	472.2	0.8084	-15.0000	8	0	0	1	0	0	0	-1				-1	-1	-1	-1		1.5171	32207.3	0	3	1	0	0	0	33	26
18255	1	98338	0	0	1000006	17	17	same	1	0	1	65.5	0	0	107.06	-8.96	448.51	0	468.3	2.5965	-15.0000	4	0	1	0	0	0	0	-1				-1	-1	-1	-1		1.1342	5048.4	1	1000006	1	0	0	0	5	4
18255	1	98353	0	0	6	14	14	same	5	0	0	14.2	0	0	-52.81	-128.95	1.92	0	188.9	-0.7170	-15.0000	10	1	0	1	0	1	0	-1				-1	-1	-1	-1		1.3858	5059.3	0	6	1	0	0	0	8	3
18255	1	98382	0	0	10	12	12	same	3	0	1	38.1	0	0	-99.14	-58.88	79.01	0	320.5	1.1152	-15.0000	6	1	1	0	0	1	0	-1				-1	-1	-1	-1		1.6314	7177.3	0	10	1	0	0	0	13	10
18255	1	98452	0	0	1000015	9	9	same	1	0	0	177.2	0	0	66.87	49.50	322.74	0	544.0	4.2088	-15.0000	4	0	1	0	0	0	0	-1				-1	-1	-1	-1		1.8727	13396.6	1	13	1	0	0	0	2	1
18255	1	98470	0	0	1000002	14	14	same	4	0	0	115.6	0	0	25.22	-152.27	412.55	0	757.8	4.0885	-15.0000	4	0	1	0	0	0	0	-1				-1	-1	-1	-1		1.8180	9776.5	1	2	1	0	0	0	7	3
18255	1	98474	0	0	1000006	12	12	same	1	0	1	1.8	0	0	190.64	-125.98	483.67	0	14.5	-3.5610	-15.0000	8	0	0	1	0	0	0	-1				-1	-1	-1	-1		1.2654	1176.0	1	1000006	1	0	0	0	4	3
18255	1	98529	0	0	11	13	13	same	3	0	0	109.2	0	0	-124.27	134.55	143.93	0	745.3	3.9679	-15.0000	4	0	1	0	0	0	0	-1				-1	-1	-1	-1		1.2717	16095.6	0	11	1	0	0	0	11	8
18255	1	98760	0	0	1000006	8	8	same	1	0	1	10.1	0	0	106.92	-24.14	47.88	0	164.6	-1.9068	-15.0000	10	1	0	1	0	1	0	-1				-1	-1	-1	-1		0.5723	9035.8	1	1000006	1	0	0	0	3	2
18255	1	98778	0	0	1000008	10	10	same	1	0	0	414.3	0	0	51.30	114.60	94.45	0	1257.2	4.9070	-15.0000	4	0	1	0	0	0	0	-1				-1	-1	-1	-1		1.8276	15619.5	1	8	1	0	0	0	8	7
18255	1	98844	0	0	4	6	6	same	8	0	0	104.9	0	0	-118.55	165.31	236.65	0	839.9	1.2088	-9.6232	4	0	1	0	0	0	0	-1				-1	-1	-1	-1		1.7156	15091.8	0	4	1	0	1	1	32	24
18255	1	98947	0	0	1000013	22	22	same	2	0	0	60.0	0	0	187.90	145.47	335.10	0	500.2	2.7878	-15.0000	4	0	1	0	0	0	0	-1				-1	-1	-1	-1		1.6720	27278.0	1	1000013	1	0	0	0	5	3
18255	1	99035	0	0	9	20	20	same	1	0	1	188.2	0	0	-2.80	14.34	146.18	0	813.7	3.6701	-15.0000	4	0	1	0	0	0	0	-1				-1	-1	-1	-1		0.7094	7387.8	0	9	1	0	0	0	2	1
18255	1	99563	0	0	13	16	16	same	2	0	0	485.4	0	0	-91.45	-14.51	1.96	0	1337.7	-5.0681	-15.0000	6	1	1	0	0	1	0	-1				-1	-1	-1	-1		1.8248	26029.9	0	13	1	0	0	0	12	10
18255	1	99702	0	0	9	14	14	same	4	0	1	1.8	1	3	-136.98	-97.59	273.00	0	21.2	-2.9569	-15.0000	8	0	0	1	0	0	0	-1				-1	-1	-1	-1		1.9232	1476.5	0	9	1	0	0	0	12	8
18255	1	99838	0	0	1000007	17	17	same	6	0	1	435.3	1	1	90.67	-4.21	94.69	0	1550.5	4.2417	-15.0000	4	0	1	0	0	0	0	-1				-1	-1	-1	-1		1.7470	28807.9	1	7	1	0	0	0	19	13
18255	1	99959	0	0	1000008	13	13	same	1	0	1	7.0	0	0	114.49	-67.51	38.77	0	87.0	-0.6880	-15.0000	8	0	0	1	0	0	0	-1				-1	-1	-1	-1		0.7798	2604.1	1	1000008	1	0	0	0	1	0
18255	1	99966	0	0	8	3	3	same	1	0	1	13.8	0	0	-39.73	67.38	269.52	0	253.9	-2.3458	-15.0000	8	0	0	1	0	0	0	-1				-1	-1	-1	-1		1.2090	3305.1	0	8	1	0	0	0	4	3
18255	1	100080	0	0	7	19	19	same	2	0	0	37.8	0	0	-4.25	120.69	0.94	0	223.8	-0.4190	-15.0000	6	1	1	0	0	1	0	-1				-1	-1	-1	-1		1.5165	1350.0	0	7	1	0	0	0	3	1
18255	1	100135	0	0	6	19	19	same	3	0	0	399.1	0	0	-160.94	148.21	112.70	0	1341.3	4.3435	-15.0000	4	0	1	0	0	0	0	-1				-1	-1	-1	-1		1.4981	30737.9	0	6	1	0	0	0	15	12
18255	1	100190	0	0	10	7	7	same	1	0	0	2.1	0	0	0.00	0.00	0.00	1	0.0	-1.9417	-15.0000	0	0	0	0	0	0	0	-1				-1	-1	-1	-1		1.0368	169.7	0	10	0	0	0	0	1	0
18255	1	100245	0	0	1000009	19	19	same	2	0	1	72.1	0	0	103.43	87.77	260.31	0	666.8	0.4422	-15.0000	4	0	1	0	0	0	0	-1				-1	-1	-1	-1		1.0888	9586.2	1	1000009	1	0	0	0	2	0
18255	1	100322	0	0	1000008	17	17	same	1	0	1	143.6	0	0	95.70	-64.07	379.58	0	482.1	2.4007	-15.0000	4	0	1	0	0	0	0	-1				-1	-1	-1	-1		0.5857	11788.2	1	1000008	1	0	0	0	3	2
18255	1	100421	0	0	13	6	6	same	2	0	0	240.2	0	0	-181.38	-110.24	216.78	0	680.2	3.1137	-15.0000	4	0	1	0	0	0	0	-1				-1	-1	-1	-1		1.5203	46829.5	0	13	1	0	0	0	11	9
18255	1	100564	0	0	2	8	8	same	1	0	1	146.1	0	0	-51.42	181.94	244.00	0	608.6	3.5756	-15.0000	4	0	1	0	0	0	0	-1				-1	-1	-1	-1		1.6041	5357.1	0	2	1	0	0	0	3	2
18255	1	101224	0	0	1000004	11	11	same	2	0	0	51.9	0	0	95.72	-198.68	406.99	0	369.0	-0.6577	-15.0000	6	1	1	0	0	1	0	-1				-1	-1	-1	-1		1.4418	2679.9	1	4	1	0	0	0	17	15
18255	1	101466	0	0	11	20	20	same	2	0	1	8.0	0	0	-187.72	88.16	329.07	0	101.9	-1.0318	-15.0000	8	0	0	1	0	0	0	-1				-1	-1	-1	-1		2.0168	7618.8	0	11	1	0	0	0	4	2
18255	1	101554	0	0	5	13	13	same	2	0	1	254.4	0	0	-19.59	35.65	130.55	0	978.6	3.8156	-15.0000	4	0	1	0	0	0	0	-1				-1	-1	-1	-1		1.8470	25035.3	0	5	1	0	0	0	21	19
18255	1	101675	0	0	3	10	10	same	4	0	1	136.9	0	0	-148.39	40.75	66.85	0	986.8	2.1108	-15.0000	4	0	1	0	0	0	0	-1				-1	-1	-1	-1		1.0236	33426.9	0	3	1	0	0	0	19	15
18255	1	102005	0	0	1000009	8	8	same	1	0	1	5.5	0	0	77.78	-79.09	7.10	0	89.1	-1.5966	-15.0000	8	0	0	1	0	0	0	-1				-1	-1	-1	-1		1.3505	3003.2	1	1000009	1	0	0	0	10	9
18255	1	102247	0	0	5	15	15	same	4	0	1	3.4	0	0	-133.85	-94.75	215.59	0	12.0	-1.7732	-15.0000	8	0	0	1	0	0	0	-1				-1	-1	-1	-1		0.8046	1209.7	0	5	1	0	0	0	9	5
18255	1	102841	0	0	3	13	13	same	2	0	1	68.5	0	0	-152.03	79.32	299.57	0	458.9	2.8044	-15.0000	4	0	1	0	0	0	0	-1				-1	-1	-1	-1		1.5376	11689.2	0	3	1	0	0	0	13	11
18255	1	103061	0	0	10	4	4	same	1	0	1	3.6	0	0	-56.59	-137.88	300.86	0	66.5	-1.6160	-15.0000	8	0	0	1	0	0	0	-1				-1	-1	-1	-1		1.5880	3823.1	0	10	1	0	0	0	8	7
18255	1	103193	0	0	11	14	14	same	2	0	1	10.2	0	0	-153.69	-194.88	89.86	0	27.6	-2.2708	-15.0000	8	0	0	1	0	0	0	-1				-1	-1	-1	-1		1.2948	1841.6	0	11	1	0	0	0	2	0
18255	1	103204	0	0	1000014	19	19	same	4	0	0	142.7	1	1	92.46	-39.80	154.43	0	725.1	4.2420	-15.0000	4	0	1	0	0	0	0	-1				-1	-1	-1	-1		0.9103	23076.9	1	12	1	0	0	0	5	1
18255	1	103391	0	0	1000009	10	10	same	3	0	1	109.8	0	0	104.34	-36.35	320.49	0	701.4	3.7557	-15.0000	4	0	1	0	0	0	0	-1				-1	-1	-1	-1		1.0008	18718.0	1	8	1	0	0	0	12	9
18255	1	103545	0	0	1000007	15	15	same	8	1	0	19.4	1	1	192.66	138.16	332.35	0	124.0	-0.9376	-12.3280	8	0	0	1	0	0	0	-1				-1	-1	-1	-1		1.2163	27721.6	1	8	1	0	1	1	8	0
18255	1	103798	0	0	10	4	4	same	1	0	1	27.7	0	0	-70.14	103.02	166.39	0	502.6	0.2390	-15.0000	4	0	1	0	0	0	0	-1				-1	-1	-1	-1		1.9196	11333.1	0	10	1	0	0	0	38	37
18255	1	103952	0	0	9	22	16	in_act_not_selected	13	0	0	307.5	0	0	-60.58	128.48	268.50	0	708.3	1.6496	-15.0000	4	0	1	0	0	0	0	-1				-1	-1	-1	-1		0.8886	11309.1	0	9	1	1	0	0	14	1
18255	1	104172	0	0	5	24	24	same	16	1	0	44.6	1	1	-132.32	132.37	461.93	0	690.3	-0.1195	-15.0000	8	0	0	1	0	0	0	-1				-1	-1	-1	-1		1.0367	40216.3	0	5	1	0	0	0	32	16
18255	1	104216	0	0	8	10	10	same	1	0	0	148.2	0	0	-136.92	79.47	253.19	0	953.5	1.8639	-15.0000	4	0	1	0	0	0	0	-1				-1	-1	-1	-1		0.8229	28394.8	0	8	1	0	0	0	20	19
18255	1	104260	0	0	8	3	3	same	2	0	0	197.0	0	0	-75.26	-121.60	167.51	0	630.3	3.6671	-15.0000	4	0	1	0	0	0	0	-1				-1	-1	-1	-1		1.5021	25542.0	0	8	1	0	0	0	14	12
18255	1	104260	1	1	1000007	5	5	same	1	0	0	92.7	0	0	57.72	141.62	44.14	0	556.4	2.4362	-15.0000	4	0	1	0	0	0	0	-1				-1	-1	-1	-1		0.7818	5357.1	1	1000007	1	0	0	0	14	13
18255	1	104304	0	0	1000004	6	6	same	1	0	1	173.2	0	0	57.85	-76.82	221.43	0	700.6	3.4145	-15.0000	4	0	1	0	0	0	0	-1				-1	-1	-1	-1		0.6003	10344.3	1	4	1	0	0	0	2	1
18255	1	104920	0	0	8	15	15	same	2	0	0	195.5	0	0	-125.78	63.20	337.44	0	736.8	3.3560	-15.0000	4	0	1	0	0	0	0	-1				-1	-1	-1	-1		1.1634	14211.0	0	8	1	0	0	0	4	2
18255	1	105140	0	0	1000005	7	7	same	1	0	0	57.8	0	0	161.18	-86.64	466.06	0	264.0	1.6794	-15.0000	4	0	1	0	0	0	0	-1				-1	-1	-1	-1		2.0001	7347.8	1	1000005	1	0	0	0	3	2
18255	1	105316	0	0	1000012	14	14	same	1	0	1	41.7	0	0	108.23	-38.44	177.03	0	479.2	0.7802	-15.0000	4	0	1	0	0	0	0	-1				-1	-1	-1	-1		1.9585	25366.9	1	14	1	0	0	0	16	15
18255	1	105338	0	0	9	6	6	same	1	0	1	123.3	0	0	-104.95	-91.93	189.64	0	676.8	1.4212	-15.0000	4	0	1	0	0	0	0	-1				-1	-1	-1	-1		1.2539	17457.8	0	9	1	0	0	0	2	1
18255	1	105404	0	0	7	3	3	same	1	0	0	64.8	0	0	-120.19	199.92	178.27	0	323.7	-0.6873	-15.0000	10	1	0	1	0	1	0	-1				-1	-1	-1	-1		1.9786	4161.5	0	7	1	0	0	0	8	7
18255	1	105426	0	0	1000009	12	12	same	3	0	1	47.5	0	0	105.61	114.78	390.29	0	377.9	0.9320	-15.0000	4	0	1	0	0	0	0	-1				-1	-1	-1	-1		0.6975	6035.1	1	10	1	0	0	0	4	1
18255	1	105492	0	0	1000003	6	6	same	7	0	1	15.4	0	0	55.76	-55.81	179.06	0	122.8	-0.7801	-12.5005	8	0	0	1	0	0	0	-1				-1	-1	-1	-1		1.3196	2561.4	1	3	1	0	1	1	10	3
18255	1	275011	0	0	9	13	13	same	3	0	0	25.5	1	1	-200.60	110.51	87.00	0	250.5	-1.4778	-8.8777	10	1	0	1	0	1	0	-1				-1	-1	-1	-1		0.5462	14446.4	0	9	1	0	1	1	18	15
18255	1	275231	0	0	1000002	8	8	same	5	0	0	523.8	0	0	171.70	104.95	27.20	0	1789.5	5.3170	-15.0000	4	0	1	0	0	0	0	-1				-1	-1	-1	-1		1.7408	60307.0	1	2	1	0	0	0	10	5
18255	1	275385	0	0	8	21	21	same	3	0	0	151.6	1	1	-156.02	-100.79	317.53	0	481.5	4.2156	-15.0000	4	0	1	0	0	0	0	-1				-1	-1	-1	-1		0.6921	34999.8	0	8	1	0	0	0	8	5
18255	1	275539	0	0	9	13	13	same	5	0	1	84.7	0	0	-16.34	-7.01	453.16	0	481.1	3.6541	-15.0000	4	0	1	0	0	0	0	-1				-1	-1	-1	-1		1.6287	10319.1	0	9	1	0	0	0	11	6
18255	1	276925	0	0	6	9	9	same	4	0	0	75.7	0	0	-41.27	177.86	207.63	0	477.5	2.7864	-15.0000	4	0	1	0	0	0	0	-1				-1	-1	-1	-1		1.7965	6593.3	0	6	1	0	0	0	18	14
18255	1	277123	0	0	1000006	10	10	same	7	0	1	164.8	0	0	63.18	24.71	147.68	0	504.5	2.7066	-15.0000	4	0	1	0	0	0	0	-1				-1	-1	-1	-1		1.7458	12571.5	1	5	1	0	0	0	10	3
18255	1	278509	0	0	1000006	13	13	same	1	0	0	86.3	0	0	65.52	-14.63	2.26	0	335.5	-1.9692	-15.0000	6	1	1	0	0	1	0	-1				-1	-1	-1	-1		1.8642	6763.4	1	1000006	1	0	0	0	10	9
18255	1	279213	0	0	4	13	13	same	8	0	0	43.7	0	0	-126.86	112.32	471.78	0	237.4	1.2941	-15.0000	4	0	1	0	0	0	0	-1				-1	-1	-1	-1		1.3058	1860.2	0	4	1	0	0	0	10	2
18255	1	279537	0	0	1000010	17	17	same	2	0	1	67.2	0	0	19.50	149.21	355.86	0	461.9	0.9142	-15.0000	4	0	1	0	0	0	0	-1				-1	-1	-1	-1		1.7969	7750.6	1	11	1	0	0	0	5	3
18255	1	279955	0	0	6	17	17	same	3	0	1	215.3	1	1	-99.41	129.57	265.49	0	614.4	3.9088	-15.0000	4	0	1	0	0	0	0	-1				-1	-1	-1	-1		1.1688	14214.2	0	6	1	0	0	0	4	1
18255	1	279977	0	0	1000008	16	16	same	4	0	0	47.9	0	0	77.03	-108.72	455.82	0	250.9	2.6278	-15.0000	4	0	1	0	0	0	0	-1				-1	-1	-1	-1		0.9077	1953.4	1	1000008	1	0	0	0	5	1
18255	1	280153	0	0	5	4	4	same	2	0	0	38.9	0	0	-176.23	63.31	353.73	0	372.9	1.0084	-15.0000	4	0	1	0	0	0	0	-1				-1	-1	-1	-1		1.7669	4697.8	0	5	1	0	0	0	2	0
18255	1	280159	0	0	5	15	15	same	4	0	0	169.3	0	0	-177.17	159.85	355.70	0	2622.0	2.3965	-15.0000	4	0	1	0	0	0	0	-1				-1	-1	-1	-1		1.3170	78133.6	0	5	1	0	0	0	47	43
18255	1	280329	0	0	1000006	40	13	not_in_act	3	0	1	94.9	1	1	165.62	-187.02	29.28	0	604.1	-0.2539	-15.0000	8	0	0	1	0	0	0	-1				-1	-1	-1	-1		1.6445	14174.8	1	1000006	1	1	0	0	12	9
18255	1	280351	0	0	1000008	16	16	same	6	0	0	31.5	0	0	126.72	-27.83	481.44	0	323.1	3.1897	-15.0000	4	0	1	0	0	0	0	-1				-1	-1	-1	-1		0.7570	4021.2	1	9	1	0	0	0	7	1
18255	1	280709	0	0	3	47	5	not_in_act	2	0	0	25.0	0	0	-173.41	78.33	174.03	0	239.1	-1.0257	-7.0368	8	0	0	1	0	0	0	-1				-1	-1	-1	-1		1.6256	29838.5	0	3	1	1	1	1	17	15
18255	1	280945	0	0	3	5	5	same	1	0	1	105.1	0	0	16.58	108.80	338.67	0	383.0	2.8102	-15.0000	6	1	1	0	0	1	0	-1				-1	-1	-1	-1		2.0057	4081.9	0	3	1	0	0	0	7	6
18255	1	281165	0	0	4	15	15	same	12	0	0	138.4	0	0	-25.61	-137.62	386.22	0	958.0	3.2763	-15.0000	4	0	1	0	0	0	0	-1				-1	-1	-1	-1		0.8705	20603.5	0	4	1	0	0	0	22	10
18255	1	281215	0	0	9	1	1	same	1	0	1	1.6	0	0	-15.34	119.11	381.94	0	9.6	-4.0372	-15.0000	8	0	0	1	0	0	0	-1				-1	-1	-1	-1		1.2901	1372.2	0	9	1	0	0	0	1	0
18255	1	281325	0	0	1000009	42	5	not_in_act	1	0	1	17.3	0	0	130.13	145.61	223.39	0	256.4	-1.5712	-11.6699	8	0	0	1	0	0	0	-1				-1	-1	-1	-1		0.7081	10080.3	1	1000009	1	1	1	1	20	19
18255	1	281567	0	0	10	9	9	same	7	0	1	43.8	0	0	-63.48	-104.27	98.70	0	1550.8	-0.2681	-3.9103	8	0	0	1	0	0	0	-1				-1	-1	-1	-1		1.5603	38338.6	0	10	1	0	1	1	79	72
18255	1	281781	0	0	10	89	17	not_in_act	2	0	1	35.1	0	0	-103.97	120.69	199.83	0	799.7	-0.8133	-15.0000	8	0	0	1	0	0	0	-1				-1	-1	-1	-1		2.0149	26441.4	0	10	1	1	0	0	54	52
18255	1	281985	0	0	1000013	19	19	same	2	0	0	67.7	1	1	41.79	26.39	470.52	0	292.1	0.3951	-15.0000	8	0	0	1	0	0	0	-1				-1	-1	-1	-1		1.4816	3925.2	1	13	1	0	0	0	5	3
18255	1	282067	0	0	1000005	14	14	same	4	0	1	48.6	0	0	114.85	-49.81	155.90	0	351.4	0.7867	-15.0000	4	0	1	0	0	0	0	-1				-1	-1	-1	-1		1.7451	6769.6	1	4	1	0	0	0	7	3
18255	1	282271	0	0	1000008	6	6	same	28	0	1	79.0	0	0	42.39	44.17	57.08	0	664.7	0.4320	-0.1343	8	0	0	1	0	0	0	-1				-1	-1	-1	-1		1.5634	41400.9	1	8	1	0	1	1	45	17
18255	1	282491	0	0	4	5	5	same	1	0	1	119.7	0	0	-144.28	32.37	161.92	0	412.0	1.5315	-15.0000	4	0	1	0	0	0	0	-1				-1	-1	-1	-1		1.3689	11359.3	0	4	1	0	0	0	3	2
18255	1	282749	0	0	1000008	12	12	same	1	0	1	104.4	0	0	108.29	-69.87	26.23	0	910.6	2.8518	-15.0000	4	0	1	0	0	0	0	-1				-1	-1	-1	-1		2.0274	18081.3	1	1000008	1	0	0	0	6	5
18255	1	282837	0	0	9	3	3	same	1	0	1	139.0	0	0	-92.14	-53.44	156.76	0	538.9	4.3343	-7.3963	6	1	1	0	0	1	0	-1				-1	-1	-1	-1		1.3531	16975.6	0	9	1	0	1	1	11	10
18255	1	282909	0	0	6	4	4	same	2	0	0	46.8	0	0	-177.34	-186.43	101.05	0	1066.2	0.1685	0.2493	8	0	0	1	0	0	0	-1				-1	-1	-1	-1		0.7769	53152.4	0	6	1	0	1	1	36	34
18255	1	283013	0	0	10	6	6	same	1	0	0	113.8	0	0	-126.99	-199.08	81.79	0	386.3	-1.2580	-15.0000	6	1	1	0	0	1	0	-1				-1	-1	-1	-1		1.3875	4709.4	0	10	1	0	0	0	1	0
18255	1	283035	0	0	1000007	11	11	same	1	0	1	1.5	0	0	111.93	-144.76	444.84	0	2.7	-1.7729	-15.0000	8	0	0	1	0	0	0	-1				-1	-1	-1	-1		1.2096	1153.1	1	1000007	1	0	0	0	5	4
18255	1	283299	0	0	1000007	11	11	same	2	0	0	275.2	0	0	-20.76	18.47	224.01	0	983.8	3.9393	-15.0000	4	0	1	0	0	0	0	-1				-1	-1	-1	-1		1.5507	7674.7	1	6	1	0	0	0	27	25
18255	1	283525	0	0	1000005	13	13	same	7	0	1	33.3	0	0	51.58	-14.91	184.10	0	198.7	-1.5789	-15.0000	6	1	1	0	0	1	0	-1				-1	-1	-1	-1		0.8542	141.5	1	4	1	0	0	0	9	2
18255	1	283568	0	0	6	3	3	same	2	0	0	122.0	0	0	-141.63	119.74	225.04	0	1173.6	2.0252	-15.0000	6	1	1	0	0	1	0	-1				-1	-1	-1	-1		1.5587	40520.0	0	6	1	0	0	0	23	21
18255	1	283590	0	0	6	10	10	same	2	0	1	10.4	0	0	-132.74	-181.10	250.07	0	195.3	-0.8284	-15.0000	8	0	0	1	0	0	0	-1				-1	-1	-1	-1		1.5246	1239.3	0	6	1	0	0	0	9	7
18255	1	283591	0	0	8	15	15	same	3	0	0	268.4	1	1	-79.70	126.41	26.35	0	834.6	4.1187	-15.0000	4	0	1	0	0	0	0	-1				-1	-1	-1	-1		0.9893	6411.0	0	8	1	0	0	0	3	0
18255	1	283833	0	0	9	12	12	same	7	0	0	433.2	0	0	-57.86	-157.72	1.46	0	1158.4	-2.9209	-15.0000	6	1	1	0	0	1	0	-1				-1	-1	-1	-1		0.4719	20051.4	0	9	1	0	0	0	15	8
18255	1	283849	0	0	1000006	9	9	same	1	0	0	128.2	0	0	47.56	-16.33	401.37	0	753.4	3.5624	-15.0000	4	0	1	0	0	0	0	-1				-1	-1	-1	-1		1.3627	18281.3	1	6	1	0	0	0	1	0
18255	1	284047	0	0	1000007	6	6	same	1	0	1	19.6	0	0	141.28	-65.37	425.87	0	280.0	-2.0369	-15.0000	8	0	0	1	0	0	0	-1				-1	-1	-1	-1		1.3385	5732.3	1	1000007	1	0	0	0	1	0
18255	1	284206	0	0	3	1	1	same	1	0	1	33.4	0	0	-166.12	-102.89	392.82	0	467.8	0.2280	-0.1716	8	0	0	1	0	0	0	-1				-1	-1	-1	-1		1.8244	28640.1	0	3	1	0	1	1	5	4
18255	1	285350	0	0	1000006	13	13	same	1	0	1	80.1	0	0	120.90	84.85	318.71	0	469.7	3.2354	-15.0000	4	0	1	0	0	0	0	-1				-1	-1	-1	-1		1.7342	9310.6	1	1000006	1	0	0	0	5	4
18255	1	285680	0	0	1000005	39	14	not_in_act	3	0	0	83.2	0	0	-21.61	132.83	87.39	0	784.4	-0.1192	-15.0000	8	0	0	1	0	0	0	-1				-1	-1	-1	-1		0.5564	2170.4	1	5	1	1	0	0	7	4
18255	1	286076	0	0	6	12	12	same	3	0	1	2.7	0	0	-58.85	-62.39	39.67	0	27.7	-3.1948	-15.0000	8	0	0	1	0	0	0	-1				-1	-1	-1	-1		0.6551	1476.8	0	6	1	0	0	0	16	13
18255	1	286296	0	0	7	23	13	in_act_not_selected	16	0	0	15.8	1	1	-192.41	-93.61	56.34	0	443.0	0.8450	-15.0000	8	0	0	1	0	0	0	-1				-1	-1	-1	-1		1.4137	101321.1	0	7	1	1	0	0	23	7
18255	1	286489	0	0	6	13	13	same	3	0	0	47.9	1	1	-173.38	-186.30	135.92	0	513.1	2.0131	-15.0000	6	1	1	0	0	1	0	-1				-1	-1	-1	-1		0.9323	19372.1	0	6	1	0	0	0	6	3
18255	1	287132	0	0	11	11	11	same	1	0	0	0.9	0	0	0.00	0.00	0.00	1	0.0	-1.9417	-15.0000	0	0	0	0	0	0	0	-1				-1	-1	-1	-1		0.5598	206.2	0	11	0	0	0	0	1	0
18255	1	287244	0	0	6	3	3	same	1	0	0	1.9	0	0	0.00	0.00	0.00	1	0.0	-1.9417	-15.0000	0	0	0	0	0	0	0	-1				-1	-1	-1	-1		1.6016	4797.9	0	6	0	0	0	0	1	0
18255	1	287374	0	0	9	14	14	same	3	0	0	121.1	0	0	-191.54	-126.23	421.83	0	410.9	2.3724	-15.0000	6	1	1	0	0	1	0	-1				-1	-1	-1	-1		1.4515	18595.6	0	9	1	0	0	0	5	2
18255	1	287464	0	0	1000003	9	9	same	10	0	0	48.3	0	0	120.93	183.16	237.57	0	365.6	2.2535	-15.0000	6	1	1	0	0	1	0	-1				-1	-1	-1	-1		1.3147	12255.3	1	3	1	0	0	0	13	3
18255	1	287638	0	0	9	5	5	same	1	0	0	111.1	0	0	-106.16	-117.21	416.06	0	388.1	2.3766	-15.0000	4	0	1	0	0	0	0	-1				-1	-1	-1	-1		1.4739	5625.7	0	9	1	0	0	0	5	4
18255	1	287638	1	1	1000009	16	16	same	2	0	1	16.8	1	1	95.19	172.13	227.02	0	228.9	-1.8874	-14.3806	8	0	0	1	0	0	0	-1				-1	-1	-1	-1		1.0998	2535.0	1	1000009	1	0	1	1	11	9
18255	1	287662	0	0	9	20	20	same	10	0	1	52.1	0	0	-74.48	126.88	194.96	0	463.0	0.2573	-15.0000	4	0	1	0	0	0	0	-1				-1	-1	-1	-1		1.1707	4432.2	0	9	1	0	0	0	13	3
18255	1	287770	0	0	1000011	20	20	same	2	0	1	158.7	0	0	26.54	87.71	175.37	0	718.7	4.7356	-15.0000	4	0	1	0	0	0	0	-1				-1	-1	-1	-1		0.9398	14254.2	1	11	1	0	0	0	4	2
18255	1	287794	0	0	10	5	5	same	2	0	0	139.3	0	0	-161.61	-179.92	392.63	0	981.5	2.8771	-15.0000	4	0	1	0	0	0	0	-1				-1	-1	-1	-1		0.6345	18875.6	0	10	1	0	0	0	6	4
18255	1	287926	0	0	9	25	25	same	4	0	1	375.9	0	0	-150.52	-140.96	187.04	0	1003.9	4.4469	-15.0000	6	1	1	0	0	1	0	-1				-1	-1	-1	-1		0.5545	29567.6	0	9	1	0	0	0	12	8
18255	1	288012	0	0	6	5	5	same	2	0	0	154.9	0	0	-158.84	35.10	108.63	0	737.6	5.1566	-15.0000	4	0	1	0	0	0	0	-1				-1	-1	-1	-1		0.6282	34713.6	0	6	1	0	0	0	10	8
18255	1	288124	0	0	1000006	7	7	same	1	0	1	1.5	0	0	197.86	64.25	6.08	0	105.9	-2.4862	-15.0000	8	0	0	1	0	0	0	-1				-1	-1	-1	-1		1.3187	1282.4	1	1000006	1	0	0	0	1	0
18255	1	289202	0	0	1000010	14	14	same	1	0	1	35.8	0	0	69.20	24.28	283.79	0	531.1	-0.3321	2.7102	8	0	0	1	0	0	0	-1				-1	-1	-1	-1		1.0735	12869.5	1	9	1	0	1	1	11	10
18255	1	289246	0	0	6	13	13	same	23	0	0	110.0	0	0	-133.94	22.39	443.06	0	820.3	4.0180	-15.0000	4	0	1	0	0	0	0	-1				-1	-1	-1	-1		0.8487	9023.5	0	6	1	0	0	0	27	4
18255	1	289464	0	0	1000006	14	14	same	1	0	1	293.7	0	0	72.10	-145.31	139.35	0	1207.3	4.2898	-15.0000	4	0	1	0	0	0	0	-1				-1	-1	-1	-1		1.3583	17536.0	1	7	1	0	0	0	7	6
18255	1	289862	0	0	9	4	4	same	1	0	1	16.4	0	0	-195.39	-63.11	11.87	0	181.0	-2.1527	-15.0000	8	0	0	1	0	0	0	-1				-1	-1	-1	-1		1.9451	3176.5	0	9	1	0	0	0	2	1
18255	1	290192	0	0	11	7	7	same	1	0	0	129.4	0	0	-62.87	199.81	405.58	0	436.8	-2.8364	-15.0000	6	1	1	0	0	1	0	-1				-1	-1	-1	-1		0.7765	8811.5	0	11	1	0	0	0	4	3
18255	1	290542	0	0	4	6	6	same	1	0	1	166.3	0	0	-55.99	67.16	438.96	0	609.3	2.4249	-15.0000	8	0	0	1	0	0	0	-1				-1	-1	-1	-1		1.4389	13506.3	0	4	1	0	0	0	3	2
18255	1	290588	0	0	4	15	15	same	4	0	1	70.0	0	0	-47.18	136.68	198.56	0	576.4	2.5057	-15.0000	4	0	1	0	0	0	0	-1				-1	-1	-1	-1		0.8428	18041.7	0	4	1	0	0	0	22	18
18255	1	290654	0	0	13	11	11	same	1	0	0	110.0	0	0	-73.87	123.81	367.37	0	742.7	2.2864	-15.0000	4	0	1	0	0	0	0	-1				-1	-1	-1	-1		0.7938	12757.9	0	13	1	0	0	0	7	6
18255	1	290718	0	0	5	7	7	same	2	0	0	476.9	0	0	-23.70	141.78	32.74	0	1230.4	4.6919	-15.0000	4	0	1	0	0	0	0	-1				-1	-1	-1	-1		0.6359	16460.2	0	5	1	0	0	0	4	2
18255	1	290762	0	0	1000006	10	10	same	1	0	1	2.2	0	0	47.60	137.98	221.49	0	20.1	-2.8615	-15.0000	8	0	0	1	0	0	0	-1				-1	-1	-1	-1		1.9423	1044.7	1	1000006	1	0	0	0	3	2
18255	1	291072	0	0	1000008	18	18	same	1	0	1	47.3	0	0	152.88	117.80	404.88	0	675.8	0.3144	15.3525	40	0	0	1	1	0	0	-1				-1	-1	-1	-1		1.5467	17996.5	1	9	1	0	1	1	27	26
18255	1	292370	0	0	1000009	16	16	same	2	0	1	149.4	1	1	168.69	-55.78	123.37	0	595.2	4.3909	-15.0000	4	0	1	0	0	0	0	-1				-1	-1	-1	-1		1.7620	17107.4	1	9	1	0	0	0	4	2
18255	1	292436	0	0	1000009	13	13	same	11	0	0	231.3	0	0	90.75	103.92	298.82	0	984.8	4.4442	-15.0000	4	0	1	0	0	0	0	-1				-1	-1	-1	-1		1.5079	19386.8	1	8	1	0	0	0	12	1
18255	1	292524	0	0	1000011	10	10	same	2	0	0	176.5	0	0	174.93	84.61	155.06	0	826.8	1.3491	-15.0000	8	0	0	1	0	0	0	-1				-1	-1	-1	-1		1.9514	64206.6	1	10	1	0	0	0	22	20
18255	1	292568	0	0	1000004	9	9	same	10	0	1	263.3	0	0	35.10	-96.16	285.64	0	1028.9	4.5756	-15.0000	4	0	1	0	0	0	0	-1				-1	-1	-1	-1		1.6215	26813.4	1	4	1	0	0	0	18	8
18255	1	292722	0	0	1000010	12	12	same	2	0	1	102.2	0	0	8.74	58.88	52.19	0	586.8	2.8429	-15.0000	4	0	1	0	0	0	0	-1				-1	-1	-1	-1		0.9538	11975.9	1	10	1	0	0	0	6	4
18255	1	292788	0	0	1000006	11	11	same	2	0	1	141.9	0	0	152.94	93.13	127.42	0	736.3	4.1028	-15.0000	4	0	1	0	0	0	0	-1				-1	-1	-1	-1		0.5710	25160.0	1	6	1	0	0	0	5	3
18255	1	292810	0	0	8	19	19	same	3	0	1	44.4	0	0	-11.77	-122.55	177.39	0	321.6	0.0687	-9.8086	8	0	0	1	0	0	0	-1				-1	-1	-1	-1		0.7931	22250.5	0	8	1	0	1	1	13	10
18255	1	293470	0	0	8	4	4	same	1	0	1	158.6	0	0	-66.96	-170.67	115.86	0	526.6	3.0774	-15.0000	6	1	1	0	0	1	0	-1				-1	-1	-1	-1		1.8253	10963.9	0	8	1	0	0	0	11	10
18255	1	293536	0	0	8	19	19	same	2	0	0	32.7	0	0	-8.28	162.79	93.51	0	342.1	0.9827	-2.7679	8	0	0	1	0	0	0	-1				-1	-1	-1	-1		1.5610	5686.7	0	8	1	0	1	1	10	8
18255	1	293734	0	0	6	3	3	same	2	0	0	60.2	0	0	-150.27	-194.57	474.50	0	600.7	3.1875	-15.0000	4	0	1	0	0	0	0	-1				-1	-1	-1	-1		1.4123	8290.8	0	6	1	0	0	0	2	0
18255	1	294174	0	0	1000007	18	18	same	8	0	1	250.3	0	0	122.83	-15.28	159.54	0	1315.5	4.5063	-7.7730	4	0	1	0	0	0	0	-1				-1	-1	-1	-1		0.8780	37944.1	1	7	1	0	1	1	35	27
18255	1	294922	0	0	5	10	10	same	2	0	1	5.1	1	1	-135.46	-40.89	430.40	0	47.6	-0.2580	-15.0000	8	0	0	1	0	0	0	-1				-1	-1	-1	-1		0.7956	6844.3	0	5	1	0	0	0	27	25
18255	1	315955	0	0	12	5	5	same	1	0	1	76.8	0	0	-146.18	149.73	321.85	0	541.1	1.2799	-15.0000	4	0	1	0	0	0	0	-1				-1	-1	-1	-1		0.6892	9375.1	0	12	1	0	0	0	4	3
18255	1	316021	0	0	5	5	5	same	1	0	0	124.4	0	0	-62.20	-41.63	2.61	0	829.4	-2.1609	-15.0000	6	1	1	0	0	1	0	-1				-1	-1	-1	-1		0.6665	12480.4	0	5	1	0	0	0	3	2
18255	1	316197	0	0	9	18	18	same	3	0	1	35.0	1	1	-31.18	195.31	470.65	0	216.0	0.6726	-15.0000	6	1	1	0	0	1	0	-1				-1	-1	-1	-1		1.0071	1156.5	0	9	1	0	0	0	3	0
18255	1	316811	0	0	6	11	11	same	3	0	1	80.8	0	0	-91.89	-26.51	199.14	0	513.7	2.2181	-15.0000	4	0	1	0	0	0	0	-1				-1	-1	-1	-1		2.0159	15438.8	0	6	1	0	0	0	16	13
18255	1	316987	0	0	3	9	9	same	3	0	1	153.2	0	0	-90.60	166.19	179.45	0	858.3	3.7113	-15.0000	4	0	1	0	0	0	0	-1				-1	-1	-1	-1		1.3919	23202.7	0	3	1	0	0	0	8	5
18255	1	317077	0	0	6	13	13	same	3	0	1	16.0	0	0	-87.94	-45.21	454.69	0	163.9	-1.6331	-10.7162	8	0	0	1	0	0	0	-1				-1	-1	-1	-1		0.9290	2239.8	0	6	1	0	1	1	14	11
18255	1	317341	0	0	11	6	6	same	1	0	0	1.2	0	0	0.00	0.00	0.00	1	0.0	-1.9417	-15.0000	0	0	0	0	0	0	0	-1				-1	-1	-1	-1		0.6036	2896.9	0	11	0	0	0	0	1	0
18255	1	317407	0	0	1000009	8	8	same	4	0	0	365.1	0	0	184.13	-186.74	67.75	0	1095.7	1.8681	-10.3055	4	0	1	0	0	0	0	-1				-1	-1	-1	-1		1.9510	27853.2	1	8	1	0	1	1	11	7
18255	1	317539	0	0	4	18	18	same	3	0	1	172.0	0	0	-10.09	-176.43	292.82	0	667.4	2.7361	-13.0636	4	0	1	0	0	0	0	-1				-1	-1	-1	-1		1.1696	13165.5	0	4	1	0	1	1	13	10
18255	1	317911	0	0	1000010	26	26	same	4	0	0	66.8	1	1	171.88	132.70	-0.52	0	287.6	-0.8320	-15.0000	6	1	1	0	0	1	0	-1				-1	-1	-1	-1		1.9777	3396.9	1	1000010	1	0	0	0	4	0
18255	1	317957	0	0	1000003	12	12	same	2	0	0	61.9	0	0	130.51	175.07	414.20	0	333.9	3.2401	-15.0000	4	0	1	0	0	0	0	-1				-1	-1	-1	-1		1.2637	3493.1	1	3	1	0	0	0	3	1
18255	1	318021	0	0	7	18	18	same	2	0	0	24.0	0	0	-63.49	-191.34	90.85	0	217.5	-2.1656	-15.0000	8	0	0	1	0	0	0	-1				-1	-1	-1	-1		0.9365	2952.5	0	7	1	0	0	0	5	3
18255	1	318197	0	0	6	18	18	same	2	0	1	2.8	0	0	-59.41	180.20	63.37	0	125.3	-2.3738	-15.0000	8	0	0	1	0	0	0	-1				-1	-1	-1	-1		1.7929	2633.4	0	6	1	0	0	0	14	12
18255	1	318549	0	0	4	5	5	same	1	0	1	9.3	0	0	-61.22	172.18	359.56	0	107.9	-1.8962	-15.0000	8	0	0	1	0	0	0	-1				-1	-1	-1	-1		1.3460	1915.1	0	4	1	0	0	0	2	1
18255	1	318703	0	0	6	13	13	same	13	0	0	302.3	0	0	-50.19	-33.15	252.27	0	1341.1	6.2947	-15.0000	4	0	1	0	0	0	0	-1				-1	-1	-1	-1		1.7728	24869.6	0	6	1	0	0	0	31	18
18255	1	318749	0	0	1000002	9	9	same	1	0	0	1.0	0	0	0.00	0.00	0.00	1	0.0	-1.9417	-15.0000	0	0	0	0	0	0	0	-1				-1	-1	-1	-1		1.1316	16170.6	1	2	0	0	0	0	1	0
18255	1	318769	0	0	1000008	14	14	same	36	0	1	54.2	0	0	90.76	7.26	205.49	0	925.6	0.3951	-15.0000	4	0	1	0	0	0	0	-1				-1	-1	-1	-1		1.6537	16536.9	1	8	1	0	0	0	61	25
18255	1	318857	0	0	1000010	10	10	same	1	0	1	12.9	0	0	92.38	-114.52	370.85	0	141.2	-3.7440	-15.0000	8	0	0	1	0	0	0	-1				-1	-1	-1	-1		1.6075	3601.7	1	1000010	1	0	0	0	5	4
18255	1	319057	0	0	8	5	5	same	1	0	0	1.5	0	0	0.00	0.00	0.00	1	0.0	-1.9417	-15.0000	0	0	0	0	0	0	0	-1				-1	-1	-1	-1		1.5453	20209.8	0	8	0	0	0	0	1	0
18255	1	319321	0	0	7	5	5	same	1	0	0	2.9	0	0	0.00	0.00	0.00	1	0.0	-1.9417	-15.0000	0	0	0	0	0	0	0	-1				-1	-1	-1	-1		0.6556	122.9	0	7	0	0	0	0	1	0
18255	1	319475	0	0	1000008	20	17	in_act_not_selected	16	0	0	68.6	0	0	131.93	163.51	282.60	0	878.6	-0.0143	-15.0000	4	0	1	0	0	0	0	-1				-1	-1	-1	-1		0.8771	29529.0	1	1000008	1	1	0	0	24	8
18255	1	319871	0	0	14	27	27	same	2	0	0	83.4	0	0	-142.06	174.63	122.64	0	557.5	2.5904	-15.0000	4	0	1	0	0	0	0	-1				-1	-1	-1	-1		1.7229	10477.9	0	14	1	0	0	0	9	7
18255	1	319913	0	0	4	7	7	same	11	0	1	64.4	0	0	-35.78	-87.42	331.09	0	449.1	1.7095	-15.0000	4	0	1	0	0	0	0	-1				-1	-1	-1	-1		0.7573	3098.0	0	4	1	0	0	0	12	1
18255	1	320289	0	0	15	21	21	same	6	0	1	53.1	0	0	-85.26	-193.24	258.88	0	566.0	1.4000	-15.0000	4	0	1	0	0	0	0	-1				-1	-1	-1	-1		1.9580	5581.0	0	15	1	0	0	0	17	11
18255	1	320485	0	0	1000010	21	21	same	5	0	1	128.2	1	1	102.45	-106.14	42.14	0	741.8	2.8786	-15.0000	4	0	1	0	0	0	0	-1				-1	-1	-1	-1		1.9728	15102.2	1	10	1	0	0	0	11	6
18255	1	320575	0	0	1000005	4	4	same	8	0	1	9.0	1	1	151.83	121.49	45.56	0	177.3	-2.0481	-15.0000	8	0	0	1	0	0	0	-1				-1	-1	-1	-1		1.4376	7871.2	1	5	1	0	0	0	12	4
18255	1	320925	0	0	1000005	14	14	same	1	0	1	2.0	0	0	19.82	46.20	360.18	0	17.0	-3.2302	-15.0000	8	0	0	1	0	0	0	-1				-1	-1	-1	-1		1.8603	1208.1	1	1000005	1	0	0	0	5	4
18255	1	321015	0	0	1000006	16	16	same	3	0	0	146.5	1	2	139.55	56.54	379.44	0	876.8	5.0528	-15.0000	4	0	1	0	0	0	0	-1				-1	-1	-1	-1		1.8508	18998.1	1	7	1	0	0	0	21	18
18255	1	321169	0	0	7	17	17	same	10	0	1	32.1	1	1	-84.79	129.70	227.65	0	532.7	-0.9949	-15.0000	4	0	1	0	0	0	0	-1				-1	-1	-1	-1		0.8249	7528.9	0	7	1	0	0	0	21	11
18255	1	321235	0	0	1000006	16	16	same	4	0	0	232.4	1	1	100.65	0.25	188.72	0	1335.8	-1.1415	-15.0000	10	1	0	1	0	1	0	-1				-1	-1	-1	-1		1.5237	42651.6	1	6	1	0	0	0	5	1
18255	1	321367	0	0	1000002	5	5	same	18	0	0	54.3	0	0	15.41	68.31	457.73	0	871.5	3.5295	-15.0000	4	0	1	0	0	0	0	-1				-1	-1	-1	-1		1.9115	6681.7	1	2	1	0	0	0	25	7
18255	1	321629	0	0	6	10	10	same	5	0	1	180.4	0	0	-130.00	52.27	210.23	0	815.8	4.1963	-15.0000	4	0	1	0	0	0	0	-1				-1	-1	-1	-1		0.9328	26542.2	0	6	1	0	0	0	22	17
18255	1	321741	0	0	1000007	16	16	same	1	0	0	132.4	0	0	44.20	-155.58	6.82	0	535.3	2.5806	-15.0000	4	0	1	0	0	0	0	-1				-1	-1	-1	-1		1.9581	5319.7	1	7	1	0	0	0	4	3
18255	1	321849	0	0	1000010	31	24	in_act_not_selected	4	0	0	176.4	0	0	188.20	62.89	16.62	0	506.0	2.6079	-15.0000	4	0	1	0	0	0	0	-1				-1	-1	-1	-1		0.7361	50390.5	1	1000010	1	1	0	0	23	19
18255	1	321895	0	0	1000011	14	14	same	1	0	1	95.1	0	0	68.57	41.48	237.01	0	896.4	0.9550	-15.0000	4	0	1	0	0	0	0	-1				-1	-1	-1	-1		1.4508	15832.4	1	11	1	0	0	0	2	1
18255	1	321937	0	0	1000009	18	18	same	3	0	1	232.7	0	0	115.11	25.24	275.13	0	838.6	3.7804	-15.0000	4	0	1	0	0	0	0	-1				-1	-1	-1	-1		1.4126	19097.7	1	10	1	0	0	0	4	1
18255	1	321983	0	0	5	12	12	same	9	0	1	7.1	1	1	-43.38	-2.54	11.48	0	193.0	-1.2522	-15.0000	8	0	0	1	0	0	0	-1				-1	-1	-1	-1		1.1824	4398.9	0	5	1	0	0	0	19	10
18255	1	322135	0	0	11	17	17	same	2	0	0	245.8	0	0	-153.63	135.22	9.13	0	833.6	3.0117	-15.0000	4	0	1	0	0	0	0	-1				-1	-1	-1	-1		1.7431	20260.5	0	11	1	0	0	0	14	12
18255	1	322269	0	0	1000006	7	7	same	1	0	1	142.0	0	0	86.49	-126.29	250.89	0	558.4	3.5672	-15.0000	4	0	1	0	0	0	0	-1				-1	-1	-1	-1		1.7348	12894.8	1	1000006	1	0	0	0	4	3
18255	1	322663	0	0	11	2	2	same	1	0	0	149.1	0	0	-179.60	164.72	335.39	0	715.5	2.6715	-15.0000	4	0	1	0	0	0	0	-1				-1	-1	-1	-1		1.7135	28467.6	0	11	1	0	0	0	20	19
18255	1	322707	0	0	1000002	16	16	same	3	0	1	116.5	0	0	42.30	-86.91	302.80	0	1064.0	1.0300	-15.0000	4	0	1	0	0	0	0	-1				-1	-1	-1	-1		1.0393	15999.2	1	2	1	0	0	0	14	11
18255	1	322861	0	0	1000009	11	11	same	1	0	0	85.9	0	0	81.66	133.36	335.77	0	397.0	2.6481	-15.0000	4	0	1	0	0	0	0	-1				-1	-1	-1	-1		2.0349	5222.2	1	8	1	0	0	0	1	0
18255	1	322885	0	0	10	4	4	same	2	0	1	227.0	0	0	-152.74	179.34	45.76	0	879.1	2.7605	-15.0000	4	0	1	0	0	0	0	-1				-1	-1	-1	-1		1.4433	19238.5	0	10	1	0	0	0	14	12
18255	1	322907	0	0	5	21	21	same	4	0	1	161.5	0	0	-110.75	194.25	29.16	0	813.9	3.8883	-15.0000	4	0	1	0	0	0	0	-1				-1	-1	-1	-1		1.4959	8525.1	0	5	1	0	0	0	8	4
18255	1	323125	0	0	1000012	15	15	same	2	0	1	30.0	0	0	146.89	-103.34	468.73	0	328.3	-0.1112	-15.0000	4	0	1	0	0	0	0	-1				-1	-1	-1	-1		1.9625	7949.2	1	11	1	0	0	0	4	2
18255	1	323171	0	0	9	12	12	same	2	0	0	164.3	0	0	-156.32	-52.38	54.33	0	803.0	4.3028	-15.0000	4	0	1	0	0	0	0	-1				-1	-1	-1	-1		0.6459	47680.4	0	9	1	0	0	0	7	5
18255	1	323301	0	0	7	20	20	same	5	1	1	220.5	1	1	-115.84	24.78	54.02	0	1146.5	2.5403	-15.0000	4	0	1	0	0	0	0	-1				-1	-1	-1	-1		1.9566	18342.2	0	7	1	0	0	0	8	3
18255	1	323369	0	0	12	10	10	same	2	0	0	237.0	0	0	30.01	-17.54	134.57	0	875.2	-0.9021	-15.0000	4	0	1	0	0	0	0	-1				-1	-1	-1	-1		1.8771	5642.7	0	12	1	0	0	0	5	3
18255	1	346746	0	0	7	15	15	same	3	0	0	105.6	0	0	-167.09	99.72	477.69	0	619.0	1.1848	-15.0000	8	0	0	1	0	0	0	-1				-1	-1	-1	-1		1.4532	12544.8	0	7	1	0	0	0	9	6
18255	1	346878	0	0	5	23	23	same	9	0	0	108.9	0	0	-174.92	134.13	316.98	0	586.4	1.1028	-15.0000	4	0	1	0	0	0	0	-1				-1	-1	-1	-1		1.4473	14297.9	0	5	1	0	0	0	11	2
18255	1	347384	0	0	4	16	16	same	4	0	0	262.1	0	0	-24.35	-186.03	96.27	0	982.9	4.4380	-15.0000	4	0	1	0	0	0	0	-1				-1	-1	-1	-1		1.6105	11100.8	0	4	1	0	0	0	6	2
18255	1	347824	0	0	1000011	25	25	same	8	0	0	157.1	0	0	97.26	116.69	276.66	0	1694.2	2.9918	-9.3370	4	0	1	0	0	0	0	-1				-1	-1	-1	-1		1.6577	40467.9	1	10	1	0	1	1	37	29
18255	1	347890	0	0	1000005	9	6	in_act_not_selected	6	0	1	179.7	0	0	-11.74	-51.24	234.75	0	722.9	1.7333	-15.0000	4	0	1	0	0	0	0	-1				-1	-1	-1	-1		0.8290	7607.5	1	4	1	1	0	0	7	1
18255	1	348088	0	0	7	10	10	same	2	0	0	295.4	0	0	-41.45	-142.01	209.54	0	811.2	4.0524	-15.0000	4	0	1	0	0	0	0	-1				-1	-1	-1	-1		1.6820	10731.7	0	7	1	0	0	0	5	3
18255	1	348198	0	0	8	3	3	same	1	0	1	44.6	0	0	-71.63	-43.63	286.18	0	262.7	-1.2391	-15.0000	8	0	0	1	0	0	0	-1				-1	-1	-1	-1		1.6640	9328.1	0	8	1	0	0	0	6	5
18255	1	348594	0	0	11	19	19	same	2	0	0	72.2	1	1	-179.18	109.60	438.00	0	318.8	1.9381	-15.0000	4	0	1	0	0	0	0	-1				-1	-1	-1	-1		1.3178	5630.1	0	11	1	0	0	0	4	2
18255	1	348682	0	0	10	13	13	same	2	0	1	270.8	0	0	-88.45	-72.90	94.48	0	754.0	3.5303	-15.0000	4	0	1	0	0	0	0	-1				-1	-1	-1	-1		0.6173	8732.7	0	10	1	0	0	0	16	14
18255	1	349056	0	0	1000006	12	12	same	3	0	0	173.9	0	0	24.74	-18.40	419.21	0	651.8	3.9242	-15.0000	4	0	1	0	0	0	0	-1				-1	-1	-1	-1		1.2730	8962.7	1	6	1	0	0	0	4	1
18255	1	349320	0	0	1000008	19	19	same	2	0	1	2.7	0	0	120.76	-8.03	146.38	0	49.8	-1.6640	-15.0000	8	0	0	1	0	0	0	-1				-1	-1	-1	-1		1.8003	1644.7	1	9	1	0	0	0	6	4
18255	1	350266	0	0	7	4	4	same	1	0	0	4.0	0	0	0.00	0.00	0.00	1	0.0	-1.9417	-15.0000	0	0	0	0	0	0	0	-1				-1	-1	-1	-1		0.6147	8866.8	0	7	0	0	0	0	1	0
18255	1	350354	0	0	1000008	17	17	same	5	0	1	76.3	0	0	120.00	140.24	349.08	0	1050.6	2.5422	-15.0000	4	0	1	0	0	0	0	-1				-1	-1	-1	-1		0.9226	16982.4	1	8	1	0	0	0	47	42
18255	1	350596	0	0	1000008	21	21	same	13	1	1	27.1	1	2	194.05	-39.37	349.35	0	309.1	-1.4224	-15.0000	8	0	0	1	0	0	0	-1				-1	-1	-1	-1		1.7892	14395.9	1	8	1	0	0	0	14	1
18255	1	350882	0	0	5	5	5	same	1	0	0	22.6	0	0	-50.93	180.69	462.86	0	47.2	-1.5566	-15.0000	8	0	0	1	0	0	0	-1				-1	-1	-1	-1		0.8541	1194.2	0	5	1	0	0	0	3	2
18255	1	351564	0	0	9	13	13	same	3	0	0	299.2	1	1	-62.38	70.16	209.54	0	897.3	5.3470	-15.0000	4	0	1	0	0	0	0	-1				-1	-1	-1	-1		2.0560	24996.7	0	9	1	0	0	0	3	0
18255	1	351564	1	1	1000010	16	16	same	3	0	1	277.6	1	1	93.59	20.81	253.97	0	1222.0	4.5500	-15.0000	4	0	1	0	0	0	0	-1				-1	-1	-1	-1		1.4128	29938.2	1	1000010	1	0	0	0	5	2
18255	1	351740	0	0	1000016	10	10	same	1	0	0	2.3	0	0	0.00	0.00	0.00	1	0.0	-1.9417	-15.0000	0	0	0	0	0	0	0	-1				-1	-1	-1	-1		0.8427	298.8	1	15	0	0	0	0	1	0
18255	1	352136	0	0	6	5	5	same	1	0	0	1.2	0	0	0.00	0.00	0.00	1	0.0	-1.9417	-15.0000	0	0	0	0	0	0	0	-1				-1	-1	-1	-1		0.9811	884.1	0	6	0	0	0	0	1	0
18255	1	352202	0	0	1000006	12	12	same	4	0	1	21.9	1	1	14.84	-14.33	138.68	0	184.9	-2.9968	-15.0000	8	0	0	1	0	0	0	-1				-1	-1	-1	-1		0.7279	5475.8	1	6	1	0	0	0	4	0
18255	1	352510	0	0	1000009	5	5	same	1	0	1	5.1	0	0	144.41	-157.46	343.33	0	126.2	-1.2555	-15.0000	8	0	0	1	0	0	0	-1				-1	-1	-1	-1		0.5857	1412.9	1	1000009	1	0	0	0	1	0
18255	1	352664	0	0	6	4	4	same	2	0	0	244.8	0	0	-149.39	-104.80	317.17	0	979.3	3.4940	-15.0000	4	0	1	0	0	0	0	-1				-1	-1	-1	-1		1.5976	20053.3	0	6	1	0	0	0	5	3
18255	1	352730	0	0	1000006	13	13	same	2	0	1	3.9	0	0	36.10	145.77	22.18	0	114.2	-1.7666	-15.0000	8	0	0	1	0	0	0	-1				-1	-1	-1	-1		1.8826	1292.5	1	1000006	1	0	0	0	3	1
18255	1	352796	0	0	1000006	13	13	same	1	0	0	171.2	0	0	88.22	83.22	114.49	0	657.7	4.2049	-15.0000	4	0	1	0	0	0	0	-1				-1	-1	-1	-1		0.7093	11878.6	1	6	1	0	0	0	5	4
18255	1	354248	0	0	1000015	28	19	in_act_not_selected	9	0	0	375.9	0	0	95.94	84.82	266.63	0	599.8	3.5446	-15.0000	4	0	1	0	0	0	0	-1				-1	-1	-1	-1		1.2959	21994.7	1	13	1	1	0	0	13	4
18255	1	354578	0	0	1000010	6	6	same	1	0	1	40.7	0	0	45.77	183.39	365.64	0	542.3	-0.0055	-15.0000	4	0	1	0	0	0	0	-1				-1	-1	-1	-1		1.6282	5075.8	1	1000010	1	0	0	0	3	2
18255	1	355106	0	0	1000012	8	8	same	1	0	0	352.6	0	0	21.41	199.44	148.79	0	1015.9	-3.0225	-15.0000	6	1	1	0	0	1	0	-1				-1	-1	-1	-1		0.4922	19407.1	1	1000012	1	0	0	0	3	2
18255	1	355238	0	0	3	5	5	same	1	0	1	121.6	0	0	-67.04	-97.06	298.27	0	639.5	3.2727	-15.0000	4	0	1	0	0	0	0	-1				-1	-1	-1	-1		0.8254	11417.9	0	3	1	0	0	0	2	1
18255	1	388323	0	0	1000012	23	23	same	13	0	0	219.6	0	0	-44.00	-197.75	309.76	0	791.4	2.1645	-15.0000	4	0	1	0	0	0	0	-1				-1	-1	-1	-1		0.9100	2788.1	1	11	1	0	0	0	19	6
18255	1	389225	0	0	1000005	9	9	same	17	0	1	196.8	1	1	-58.20	-106.94	384.25	0	762.9	4.5945	-15.0000	4	0	1	0	0	0	0	-1				-1	-1	-1	-1		2.0260	3493.4	1	5	1	0	0	0	24	7
18255	1	389379	0	0	1000008	12	12	same	3	0	1	156.1	0	0	80.06	9.27	217.21	0	486.5	2.8425	-15.0000	4	0	1	0	0	0	0	-1				-1	-1	-1	-1		1.9582	15126.5	1	7	1	0	0	0	10	7
18255	1	390215	0	0	1000006	4	4	same	1	0	1	4.6	0	0	112.54	111.17	226.68	0	93.7	-0.7032	-15.0000	8	0	0	1	0	0	0	-1				-1	-1	-1	-1		0.3161	1447.6	1	1000006	1	0	0	0	5	4
18255	1	390216	0	0	1000006	13	13	same	11	0	1	207.2	0	0	70.58	67.37	281.69	0	1070.5	4.7200	-15.0000	4	0	1	0	0	0	0	-1				-1	-1	-1	-1		1.8878	14571.0	1	6	1	0	0	0	19	8
18255	1	390282	0	0	4	11	11	same	4	0	0	90.4	0	0	-119.20	111.41	0.82	0	438.8	-1.7585	-15.0000	6	1	1	0	0	1	0	-1				-1	-1	-1	-1		0.9163	3660.3	0	4	1	0	0	0	6	2
18255	1	390370	0	0	1000006	9	9	same	4	0	1	210.1	1	1	129.31	22.15	22.31	0	860.1	4.5008	-15.0000	4	0	1	0	0	0	0	-1				-1	-1	-1	-1		1.5900	22360.1	1	5	1	0	0	0	12	8
18255	1	390391	0	0	5	3	3	same	2	0	0	76.9	0	0	-139.12	93.17	440.41	0	811.8	3.2084	-15.0000	4	0	1	0	0	0	0	-1				-1	-1	-1	-1		1.9815	7235.3	0	5	1	0	0	0	4	2
18255	1	390634	0	0	8	2	2	same	1	0	1	156.9	0	0	-162.20	-170.78	220.38	0	773.0	1.5401	-15.0000	4	0	1	0	0	0	0	-1				-1	-1	-1	-1		1.9027	23671.9	0	8	1	0	0	0	22	21
18255	1	390743	0	0	1000006	13	13	same	1	0	0	18.2	0	0	55.40	145.87	0.60	0	63.1	-2.1702	-15.0000	10	1	0	1	0	1	0	-1				-1	-1	-1	-1		1.8996	1583.4	1	5	1	0	0	0	1	0
18255	1	390744	0	0	1000004	13	13	same	1	0	1	227.4	0	0	149.15	-158.31	174.24	0	776.3	2.2953	-15.0000	4	0	1	0	0	0	0	-1				-1	-1	-1	-1		1.3318	11266.3	1	4	1	0	0	0	15	14
18255	1	390810	0	0	9	12	12	same	4	0	0	30.4	0	0	-195.03	-140.28	229.13	0	206.7	1.6241	-15.0000	4	0	1	0	0	0	0	-1				-1	-1	-1	-1		0.5363	5762.4	0	9	1	0	0	0	6	2
18255	1	390942	0	0	7	2	2	same	1	0	1	37.3	0	0	-122.56	-2.49	284.54	0	363.9	-1.4271	-15.0000	8	0	0	1	0	0	0	-1				-1	-1	-1	-1		1.8274	18877.1	0	7	1	0	0	0	20	19
18255	1	391063	0	0	1000009	28	28	same	5	0	1	7.4	1	1	102.34	119.21	196.42	0	108.2	-1.5842	-15.0000	8	0	0	1	0	0	0	-1				-1	-1	-1	-1		0.8847	5196.6	1	8	1	0	0	0	10	5
18255	1	391415	0	0	1000008	10	10	same	1	0	1	86.3	0	0	183.91	60.53	441.41	0	475.1	3.8145	-15.0000	4	0	1	0	0	0	0	-1				-1	-1	-1	-1		1.1479	16493.7	1	1000008	1	0	0	0	4	3
18255	1	391513	0	0	1000014	10	10	same	1	0	1	408.3	0	0	122.32	-172.59	69.43	0	1245.6	4.5184	-15.0000	4	0	1	0	0	0	0	-1				-1	-1	-1	-1		1.4074	17195.0	1	14	1	0	0	0	4	3
18255	1	391525	0	0	1000010	7	7	same	1	0	0	0.8	0	0	0.00	0.00	0.00	1	0.0	-1.9417	-15.0000	0	0	0	0	0	0	0	-1				-1	-1	-1	-1		1.5011	4137.5	1	9	0	0	0	0	1	0
18255	1	391756	0	0	1000011	16	16	same	1	0	1	21.1	0	0	151.68	148.04	467.12	0	302.4	-0.5339	-15.0000	4	0	1	0	0	0	0	-1				-1	-1	-1	-1		1.3781	4751.2	1	1000011	1	0	0	0	3	2
18255	1	391777	0	0	6	15	15	same	2	0	1	52.3	0	0	-73.09	-9.96	88.62	0	730.4	0.8931	-15.0000	4	0	1	0	0	0	0	-1				-1	-1	-1	-1		0.7072	12551.8	0	6	1	0	0	0	8	6
18255	1	391843	0	0	1000005	4	4	same	3	0	0	32.9	0	0	191.77	-40.52	67.75	0	397.5	1.2059	-15.0000	6	1	1	0	0	1	0	-1				-1	-1	-1	-1		0.7726	24561.1	1	5	1	0	0	0	16	13
18255	1	391899	0	0	6	12	12	same	9	1	0	197.8	1	1	-182.79	141.30	345.21	0	757.3	2.7326	-8.4246	4	0	1	0	0	0	0	-1				-1	-1	-1	-1		1.1250	15798.8	0	6	1	0	1	1	11	2
18255	1	392009	0	0	1000006	9	9	same	12	0	1	250.9	1	1	150.14	178.15	166.81	0	1384.6	4.1701	-15.0000	4	0	1	0	0	0	0	-1				-1	-1	-1	-1		1.4025	29520.4	1	6	1	0	0	0	18	6
18255	1	392174	0	0	10	14	14	same	6	0	0	39.7	1	2	-187.81	76.21	12.00	0	313.2	2.0224	-15.0000	4	0	1	0	0	0	0	-1				-1	-1	-1	-1		1.6780	14070.0	0	10	1	0	0	0	11	5
18255	1	392262	0	0	12	22	22	same	3	0	0	43.6	0	0	-56.85	-41.80	463.49	0	387.6	1.9506	-15.0000	4	0	1	0	0	0	0	-1				-1	-1	-1	-1		2.0095	1963.7	0	12	1	0	0	0	7	4
18255	1	392327	0	0	1000008	13	13	same	6	0	1	139.3	0	0	175.07	55.61	95.84	0	746.2	2.6189	-15.0000	4	0	1	0	0	0	0	-1				-1	-1	-1	-1		0.7221	26606.0	1	7	1	0	0	0	19	13
18255	1	392417	0	0	10	20	20	same	4	0	0	117.9	0	0	-52.84	-127.57	450.31	0	1173.9	3.6617	-15.0000	4	0	1	0	0	0	0	-1				-1	-1	-1	-1		1.5688	10743.6	0	10	1	0	0	0	7	3
18255	1	392527	0	0	1000008	16	16	same	6	0	0	101.2	1	1	93.87	-55.91	454.27	0	476.5	2.0670	-15.0000	4	0	1	0	0	0	0	-1				-1	-1	-1	-1		0.8304	5093.6	1	8	1	0	0	0	9	3
18255	1	392649	0	0	1000004	5	5	same	1	0	1	109.0	0	0	46.98	0.77	132.51	0	386.2	2.1962	-15.0000	4	0	1	0	0	0	0	-1				-1	-1	-1	-1		1.0863	8382.7	1	4	1	0	0	0	7	6
18255	1	392669	0	0	3	7	7	same	5	0	0	105.4	0	0	-155.38	-18.49	438.35	0	623.4	3.6728	-15.0000	4	0	1	0	0	0	0	-1				-1	-1	-1	-1		0.6952	15179.1	0	3	1	0	0	0	13	8
18255	1	392693	0	0	1000010	13	13	same	5	0	0	274.4	0	0	184.66	-128.09	115.24	0	788.0	1.1995	-15.0000	4	0	1	0	0	0	0	-1				-1	-1	-1	-1		0.9529	20361.5	1	9	1	0	0	0	9	4
18255	1	392759	0	0	7	9	9	same	3	0	1	123.0	0	0	-54.07	-155.88	82.60	0	616.8	3.9051	-15.0000	4	0	1	0	0	0	0	-1				-1	-1	-1	-1		1.2032	7863.8	0	7	1	0	0	0	20	17
18255	1	392900	0	0	1000005	8	8	same	1	0	0	42.3	0	0	101.13	-159.49	146.82	0	234.8	0.0956	-15.0000	6	1	1	0	0	1	0	-1				-1	-1	-1	-1		1.2387	2677.1	1	1000005	1	0	0	0	4	3
18255	1	392901	0	0	7	24	24	same	5	1	0	42.3	1	1	-13.53	175.34	54.56	0	267.8	-1.2515	-15.0000	6	1	1	0	0	1	0	-1				-1	-1	-1	-1		1.8922	10777.0	0	7	1	0	0	0	12	7
18255	1	392988	0	0	1000006	15	15	same	3	0	0	42.5	0	0	145.04	-184.32	453.78	0	321.0	2.8528	-15.0000	4	0	1	0	0	0	0	-1				-1	-1	-1	-1		1.9621	5577.1	1	6	1	0	0	0	3	0
18255	1	393089	0	0	13	20	20	same	4	0	0	18.3	0	0	-127.86	113.63	488.01	0	285.0	2.3979	-15.0000	4	0	1	0	0	0	0	-1				-1	-1	-1	-1		1.3058	2401.4	0	13	1	0	0	0	6	2
18255	1	393119	0	0	5	9	9	same	5	0	0	174.5	1	1	-90.92	127.92	337.82	0	912.5	4.6580	-15.0000	4	0	1	0	0	0	0	-1				-1	-1	-1	-1		0.6626	17530.7	0	5	1	0	0	0	23	18
18255	1	393133	0	0	1000009	17	17	same	7	0	1	6.8	1	2	17.05	170.46	341.36	0	127.8	-3.4232	-15.0000	10	1	0	1	0	1	0	-1				-1	-1	-1	-1		0.8560	2008.6	1	8	1	0	0	0	21	14
18255	1	393485	0	0	8	3	3	same	2	0	0	148.4	0	0	-104.90	-91.51	407.98	0	713.8	4.4510	-15.0000	4	0	1	0	0	0	0	-1				-1	-1	-1	-1		1.8289	17374.1	0	8	1	0	0	0	2	0
18255	1	393505	0	0	1000009	23	19	in_act_not_selected	6	0	1	276.7	0	0	160.21	-18.36	326.00	0	546.3	3.0858	-15.0000	6	1	1	0	0	1	0	-1				-1	-1	-1	-1		1.0895	20452.3	1	9	1	1	0	0	13	7
18255	1	393538	0	0	6	8	8	same	6	0	0	285.5	0	0	-167.89	-73.78	227.73	0	725.3	1.0817	-6.8307	8	0	0	1	0	0	0	-1				-1	-1	-1	-1		1.4635	49387.8	0	6	1	0	1	1	10	4
18255	1	393581	0	0	4	8	8	same	4	0	0	74.0	0	0	-12.66	29.99	431.94	0	315.0	2.3198	-15.0000	4	0	1	0	0	0	0	-1				-1	-1	-1	-1		1.9496	3760.7	0	4	1	0	0	0	11	7
18255	1	393727	0	0	1000009	20	20	same	3	0	0	140.5	0	0	177.01	-38.78	8.58	0	442.4	2.6467	-15.0000	4	0	1	0	0	0	0	-1				-1	-1	-1	-1		1.3805	46354.7	1	9	1	0	0	0	3	0
18255	1	393758	0	0	9	5	5	same	2	0	0	54.9	0	0	-180.32	-93.25	133.82	0	368.2	3.1259	-15.0000	4	0	1	0	0	0	0	-1				-1	-1	-1	-1		1.4720	11140.9	0	9	1	0	0	0	3	1
18255	1	393791	0	0	3	7	7	same	5	0	0	124.9	0	0	-32.47	139.78	239.47	0	716.1	3.4370	-15.0000	4	0	1	0	0	0	0	-1				-1	-1	-1	-1		0.8692	9425.8	0	3	1	0	0	0	11	6
18255	1	393823	0	0	1000009	12	12	same	1	0	0	1.4	0	0	0.00	0.00	0.00	1	0.0	-1.9417	-15.0000	0	0	0	0	0	0	0	-1				-1	-1	-1	-1		0.7042	10213.5	1	10	0	0	0	0	1	0
18255	1	393835	0	0	9	15	15	same	2	0	0	210.0	1	1	-18.59	-50.62	296.00	0	703.9	1.6909	-15.0000	8	0	0	1	0	0	0	-1				-1	-1	-1	-1		1.7986	13176.0	0	9	1	0	0	0	3	1
18255	1	393935	0	0	1000008	14	14	same	1	0	1	289.2	0	0	35.78	-28.20	209.86	0	783.1	3.8157	-15.0000	4	0	1	0	0	0	0	-1				-1	-1	-1	-1		1.2996	17120.2	1	10	1	0	0	0	2	1
18255	1	394131	0	0	1000009	20	20	same	1	0	0	0.8	0	0	0.00	0.00	0.00	1	0.0	-1.9417	-15.0000	0	0	0	0	0	0	0	-1				-1	-1	-1	-1		1.0871	4912.6	1	7	0	0	0	0	1	0
18255	1	394167	0	0	1000006	11	11	same	9	0	1	54.1	1	1	169.18	-59.48	33.00	0	448.2	-1.1158	7.0797	8	0	0	1	0	0	0	-1				-1	-1	-1	-1		0.7036	15612.4	1	6	1	0	1	1	23	14
18255	1	394255	0	0	1000008	14	14	same	3	0	1	6.5	1	2	161.00	99.92	17.97	0	61.4	-2.4780	-15.0000	8	0	0	1	0	0	0	-1				-1	-1	-1	-1		1.0947	3167.2	1	8	1	0	0	0	13	10
18255	1	394363	0	0	4	14	14	same	5	0	0	88.7	1	1	-95.01	-115.52	415.31	0	341.5	2.3004	-15.0000	4	0	1	0	0	0	0	-1				-1	-1	-1	-1		1.1717	3328.6	0	4	1	0	0	0	8	3
18255	1	394396	0	0	5	8	8	same	2	0	0	170.5	0	0	-91.62	26.37	386.10	0	532.7	3.6935	-15.0000	4	0	1	0	0	0	0	-1				-1	-1	-1	-1		1.5317	8072.4	0	5	1	0	0	0	9	7
18255	1	394407	0	0	1000009	14	14	same	8	0	0	335.7	0	0	0.92	199.89	52.31	0	893.5	-3.1120	-15.0000	6	1	1	0	0	1	0	-1				-1	-1	-1	-1		1.6012	13942.8	1	9	1	0	0	0	13	5
18255	1	394605	0	0	1000010	21	21	same	2	1	1	100.8	1	1	28.09	-70.50	366.96	0	596.7	1.9388	-15.0000	4	0	1	0	0	0	0	-1				-1	-1	-1	-1		1.3658	12233.1	1	9	1	0	0	0	3	1
18255	1	394717	0	0	4	17	17	same	18	1	1	118.8	1	1	-113.32	-55.24	320.93	0	736.4	0.6593	-15.0000	8	0	0	1	0	0	0	-1				-1	-1	-1	-1		0.5589	43466.6	0	4	1	0	0	0	22	4
18255	1	394836	0	0	1000006	4	4	same	1	0	1	6.6	0	0	139.37	193.21	431.93	0	88.0	-0.5149	-15.0000	8	0	0	1	0	0	0	-1				-1	-1	-1	-1		1.3397	2523.6	1	1000006	1	0	0	0	1	0
18255	1	395012	0	0	3	16	16	same	14	0	1	55.3	0	0	-31.66	102.51	89.57	0	511.7	2.0501	-15.0000	4	0	1	0	0	0	0	-1				-1	-1	-1	-1		2.0360	12434.8	0	3	1	0	0	0	21	7
18255	1	395033	0	0	1000007	11	11	same	2	0	0	47.2	0	0	186.74	33.26	155.55	0	420.4	2.8968	-15.0000	4	0	1	0	0	0	0	-1				-1	-1	-1	-1		1.2073	28929.0	1	7	1	0	0	0	5	3
18255	1	395079	0	0	1000013	17	17	same	6	0	0	208.4	1	1	38.93	-22.30	372.22	0	984.3	0.6403	-15.0000	6	1	1	0	0	1	0	-1				-1	-1	-1	-1		1.9871	6666.1	1	13	1	0	0	0	13	7
18255	1	395123	0	0	9	19	19	same	7	1	1	22.6	1	1	-11.86	-142.88	108.49	0	105.4	-1.7222	-10.8075	8	0	0	1	0	0	0	-1				-1	-1	-1	-1		1.7282	5915.0	0	9	1	0	1	1	8	1
18255	1	395209	0	0	9	4	4	same	2	0	0	421.8	0	0	-174.07	185.60	92.64	0	1481.0	7.0094	-15.0000	4	0	1	0	0	0	0	-1				-1	-1	-1	-1		1.0017	35126.9	0	9	1	0	0	0	3	1
18255	1	395277	0	0	11	4	4	same	1	0	1	79.5	0	0	-196.23	177.35	73.24	0	298.4	1.3904	-15.0000	4	0	1	0	0	0	0	-1				-1	-1	-1	-1		1.0030	14024.3	0	11	1	0	0	0	12	11
18255	1	395298	0	0	1000005	56	15	not_in_act	3	0	0	180.8	0	0	108.14	-47.80	173.57	0	698.8	0.4556	-15.0000	8	0	0	1	0	0	0	-1				-1	-1	-1	-1		1.7666	28455.5	1	5	1	1	0	0	10	7
18255	1	395443	0	0	1000012	7	7	same	1	0	0	101.3	0	0	124.73	100.89	444.39	0	784.3	2.5128	-15.0000	4	0	1	0	0	0	0	-1				-1	-1	-1	-1		1.6255	19154.2	1	1000012	1	0	0	0	11	10
18255	1	395485	0	0	2	6	6	same	8	0	0	126.1	1	1	-160.90	135.69	324.11	0	429.7	2.7476	-15.0000	4	0	1	0	0	0	0	-1				-1	-1	-1	-1		0.7266	11990.6	0	2	1	0	0	0	15	7
18255	1	395573	0	0	1000006	12	12	same	5	0	1	15.1	0	0	136.78	-137.43	12.44	0	274.3	-0.6331	-15.0000	4	0	1	0	0	0	0	-1				-1	-1	-1	-1		1.7835	6653.9	1	1000006	1	0	0	0	19	14
18255	1	395597	0	0	17	1	1	same	1	0	0	1.1	0	0	0.00	0.00	0.00	1	0.0	-1.9417	-15.0000	0	0	0	0	0	0	0	-1				-1	-1	-1	-1		1.7229	994.9	0	17	0	0	0	0	1	0
18255	1	395695	0	0	1000005	10	10	same	4	0	0	102.9	1	1	181.71	-68.55	45.42	0	655.3	3.8444	-2.1252	4	0	1	0	0	0	0	-1				-1	-1	-1	-1		1.0761	71360.5	1	5	1	0	1	1	17	13
18255	1	395837	0	0	8	20	20	same	4	0	0	132.7	0	0	-201.12	135.67	420.43	0	452.0	-2.4906	-15.0000	6	1	1	0	0	1	0	-1				-1	-1	-1	-1		1.5858	21987.1	0	8	1	0	0	0	9	5
18255	1	395870	0	0	1000006	15	15	same	8	0	0	297.3	1	1	67.20	-89.80	233.78	0	1181.7	5.2118	-15.0000	4	0	1	0	0	0	0	-1				-1	-1	-1	-1		0.9207	26242.2	1	6	1	0	0	0	28	20
18255	1	396037	0	0	7	18	18	same	7	0	0	23.7	0	0	-173.05	141.69	483.12	0	482.0	0.3219	-15.0000	8	0	0	1	0	0	0	-1				-1	-1	-1	-1		0.9814	14401.8	0	7	1	0	0	0	23	16
18255	1	396091	0	0	1000010	6	6	same	1	0	1	130.5	0	0	141.96	51.86	230.34	0	675.3	2.8002	-15.0000	4	0	1	0	0	0	0	-1				-1	-1	-1	-1		1.9985	21124.8	1	11	1	0	0	0	11	10
18255	1	396157	0	0	6	3	3	same	1	0	1	9.5	0	0	-68.97	-184.68	74.59	0	137.0	-2.8348	-15.0000	8	0	0	1	0	0	0	-1				-1	-1	-1	-1		1.5910	1662.7	0	6	1	0	0	0	4	3
18255	1	396222	0	0	1000007	11	11	same	12	0	0	150.1	0	0	121.59	-161.42	317.38	0	3573.7	0.9311	-5.0369	4	0	1	0	0	0	0	-1				-1	-1	-1	-1		1.9277	85154.5	1	6	1	0	1	1	117	105
18255	1	396323	0	0	3	12	12	same	5	0	0	76.9	0	0	-55.37	199.83	433.14	0	501.8	2.1050	-15.0000	10	1	0	1	0	1	0	-1				-1	-1	-1	-1		1.3086	6256.7	0	3	1	0	0	0	5	0
18255	1	396355	0	0	13	7	7	same	2	0	0	109.1	0	0	-144.25	-142.96	462.85	0	583.4	3.2776	-15.0000	4	0	1	0	0	0	0	-1				-1	-1	-1	-1		0.7729	9593.3	0	13	1	0	0	0	5	3
18255	1	396420	0	0	6	11	11	same	9	0	0	73.4	0	0	-113.20	159.53	458.83	0	439.2	1.7221	-15.0000	4	0	1	0	0	0	0	-1				-1	-1	-1	-1		1.8293	8317.4	0	6	1	0	0	0	13	4
18255	1	396521	0	0	8	4	4	same	1	0	1	4.3	0	0	-159.53	97.26	327.78	0	142.9	-1.5314	-15.0000	8	0	0	1	0	0	0	-1				-1	-1	-1	-1		1.3740	13162.7	0	8	1	0	0	0	12	11
18255	1	396551	0	0	15	13	13	same	2	0	0	168.7	0	0	-179.73	114.11	157.08	0	804.4	3.6064	-15.0000	4	0	1	0	0	0	0	-1				-1	-1	-1	-1		0.5497	22682.3	0	15	1	0	0	0	9	7
18255	1	396596	0	0	1000007	8	8	same	1	0	0	2.2	0	0	0.00	0.00	0.00	1	0.0	-1.9417	-15.0000	0	0	0	0	0	0	0	-1				-1	-1	-1	-1		1.5396	245.5	1	7	0	0	0	0	1	0
18255	1	396761	0	0	10	15	15	same	2	0	0	153.3	0	0	-57.29	54.12	378.71	0	476.1	2.6599	-15.0000	4	0	1	0	0	0	0	-1				-1	-1	-1	-1		1.4770	5279.1	0	10	1	0	0	0	4	2
18255	1	396805	0	0	1000007	7	7	same	2	0	0	49.9	0	0	188.66	172.59	255.80	0	588.6	2.3905	-15.0000	4	0	1	0	0	0	0	-1				-1	-1	-1	-1		0.7333	31567.7	1	1000007	1	0	0	0	2	0
18255	1	396816	0	0	6	21	21	same	5	0	1	18.4	0	0	-83.84	-75.19	14.96	0	315.3	-0.7669	-15.0000	8	0	0	1	0	0	0	-1				-1	-1	-1	-1		0.7233	2959.4	0	6	1	0	0	0	19	14
18255	1	396829	0	0	1000011	18	18	same	2	0	0	26.8	0	0	177.31	169.70	189.98	0	206.8	0.1367	-15.0000	4	0	1	0	0	0	0	-1				-1	-1	-1	-1		1.5875	12314.8	1	1000011	1	0	0	0	10	8
18255	1	396882	0	0	1000001	15	15	same	4	0	0	57.7	0	0	22.71	2.74	442.51	0	274.2	1.5652	-15.0000	6	1	1	0	0	1	0	-1				-1	-1	-1	-1		1.6476	4728.7	1	1	1	0	0	0	5	1
18255	1	396927	0	0	6	20	20	same	3	0	0	49.2	0	0	-13.05	109.30	478.21	0	758.0	1.8188	-15.0000	4	0	1	0	0	0	0	-1				-1	-1	-1	-1		1.0259	9581.0	0	6	1	0	0	0	13	10
18255	1	396949	0	0	12	25	25	same	2	0	1	118.7	0	0	-56.08	-99.00	427.13	0	498.7	1.4699	-15.0000	8	0	0	1	0	0	0	-1				-1	-1	-1	-1		1.6491	11842.3	0	12	1	0	0	0	2	0
18255	1	396971	0	0	3	10	10	same	2	0	1	37.3	0	0	-122.35	102.21	220.91	0	396.5	-0.9608	-15.0000	8	0	0	1	0	0	0	-1				-1	-1	-1	-1		1.6919	17489.1	0	3	1	0	0	0	16	14
18255	1	397005	0	0	9	21	21	same	3	0	1	100.2	0	0	-66.06	-89.50	306.32	0	608.7	3.1906	-15.0000	4	0	1	0	0	0	0	-1				-1	-1	-1	-1		0.7573	10123.1	0	9	1	0	0	0	6	3
18255	1	397103	0	0	1000009	12	12	same	1	0	0	40.1	0	0	99.07	-176.31	65.91	0	430.7	2.7812	-15.0000	4	0	1	0	0	0	0	-1				-1	-1	-1	-1		0.8735	4287.9	1	9	1	0	0	0	9	8
18255	1	397190	0	0	3	15	15	same	3	0	1	165.5	0	0	-48.65	-25.85	346.87	0	492.3	2.2303	-15.0000	4	0	1	0	0	0	0	-1				-1	-1	-1	-1		1.3769	14931.2	0	3	1	0	0	0	6	3
18255	1	397379	0	0	14	14	14	same	1	0	1	150.9	0	0	55.13	-95.39	139.50	0	603.7	4.6718	-15.0000	4	0	1	0	0	0	0	-1				-1	-1	-1	-1		1.6410	4738.8	0	14	1	0	0	0	4	3
18255	1	397401	0	0	1000009	15	15	same	2	0	1	158.9	0	0	8.10	-48.47	224.92	0	763.4	2.0414	-15.0000	8	0	0	1	0	0	0	-1				-1	-1	-1	-1		1.2222	14220.7	1	9	1	0	0	0	6	4
18255	1	397476	0	0	13	18	18	same	9	0	0	233.7	1	1	-35.90	-43.05	23.83	0	709.3	-0.1498	-15.0000	6	1	1	0	0	1	0	-1				-1	-1	-1	-1		1.1070	8492.8	0	13	1	0	0	0	11	2
18255	1	397487	0	0	11	12	12	same	18	0	0	25.1	0	0	-19.54	-185.59	101.18	0	170.4	-0.2307	-6.1907	8	0	0	1	0	0	0	-1				-1	-1	-1	-1		0.7508	1285.6	0	11	1	0	1	1	19	1
18255	1	397498	0	0	9	21	21	same	2	0	1	35.5	0	0	-120.07	66.52	134.28	0	507.6	1.4394	-15.0000	4	0	1	0	0	0	0	-1				-1	-1	-1	-1		0.9527	7304.1	0	9	1	0	0	0	6	4
18255	1	397542	0	0	6	5	5	same	1	0	1	24.3	0	0	-99.60	-178.37	343.32	0	199.2	-2.3567	-15.0000	8	0	0	1	0	0	0	-1				-1	-1	-1	-1		1.8865	3871.2	0	6	1	0	0	0	4	3
18255	1	397599	0	0	12	23	23	same	3	0	0	22.4	0	0	-172.21	178.30	483.83	0	260.1	2.7032	-15.0000	4	0	1	0	0	0	0	-1				-1	-1	-1	-1		1.8504	8764.4	0	12	1	0	0	0	7	4
18255	1	397630	0	0	10	14	14	same	2	0	1	86.1	1	1	-178.81	-65.65	336.46	0	851.0	2.6045	-15.0000	4	0	1	0	0	0	0	-1				-1	-1	-1	-1		1.3525	33275.3	0	10	1	0	0	0	14	12
18255	1	397653	0	0	9	2	2	same	1	0	1	7.7	0	0	-98.72	169.66	264.56	0	109.0	-1.4841	-15.0000	8	0	0	1	0	0	0	-1				-1	-1	-1	-1		2.0379	2388.3	0	9	1	0	0	0	8	7
18255	1	397927	0	0	5	4	4	same	1	0	1	135.7	0	0	-77.99	-82.04	7.31	0	609.6	3.5253	-15.0000	4	0	1	0	0	0	0	-1				-1	-1	-1	-1		0.6432	10002.4	0	5	1	0	0	0	2	1
18255	1	398125	0	0	8	15	15	same	9	0	1	172.8	0	0	-96.09	81.23	126.74	0	569.5	3.5161	-15.0000	4	0	1	0	0	0	0	-1				-1	-1	-1	-1		0.7641	9680.4	0	8	1	0	0	0	11	2
18255	1	398181	0	0	4	36	6	not_in_act	1	0	0	136.1	0	0	55.84	170.79	344.65	0	1084.5	3.3369	-14.7932	4	0	1	0	0	0	0	-1				-1	-1	-1	-1		1.5166	5456.0	0	4	1	1	1	1	11	10
18255	1	398191	0	0	8	20	20	same	3	0	0	398.9	0	0	-119.83	150.64	249.78	0	1336.6	3.4020	-15.0000	6	1	1	0	0	1	0	-1				-1	-1	-1	-1		1.3363	25901.8	0	8	1	0	0	0	7	4
18255	1	398225	0	0	9	22	22	same	13	1	1	189.2	1	1	-100.93	45.56	5.35	0	1081.6	2.2526	-15.0000	4	0	1	0	0	0	0	-1				-1	-1	-1	-1		0.9813	22129.4	0	9	1	0	0	0	20	7
18255	1	398268	0	0	1000007	15	15	same	4	0	1	177.3	0	0	187.94	-75.67	389.58	0	558.9	1.4961	-15.0000	6	1	1	0	0	1	0	-1				-1	-1	-1	-1		1.9029	25960.4	1	5	1	0	0	0	11	7
18255	1	398313	0	0	1000006	13	13	same	8	0	0	101.4	0	0	46.47	-147.53	403.05	0	557.1	2.2571	-15.0000	6	1	1	0	0	1	0	-1				-1	-1	-1	-1		1.6324	3521.7	1	6	1	0	0	0	9	1
18255	1	398567	0	0	12	21	21	same	3	0	0	345.0	0	0	-7.75	-74.61	174.34	0	1072.4	4.5483	-15.0000	4	0	1	0	0	0	0	-1				-1	-1	-1	-1		1.0597	21141.4	0	12	1	0	0	0	5	2
18255	1	398819	0	0	1000009	17	17	same	1	0	1	5.2	0	0	75.52	-54.09	123.68	0	144.4	-1.4930	-15.0000	8	0	0	1	0	0	0	-1				-1	-1	-1	-1		1.8459	9676.3	1	8	1	0	0	0	5	4
18255	1	399061	0	0	1000006	15	15	same	2	0	1	79.2	1	1	77.21	-141.31	66.71	0	316.8	0.9526	-15.0000	4	0	1	0	0	0	0	-1				-1	-1	-1	-1		1.8973	3705.2	1	5	1	0	0	0	7	5
18255	1	399073	0	0	7	3	3	same	1	0	0	2.5	0	0	0.00	0.00	0.00	1	0.0	-1.9417	-15.0000	0	0	0	0	0	0	0	-1				-1	-1	-1	-1		0.7624	4048.4	0	7	0	0	0	0	1	0
18255	1	399303	0	0	1000012	11	11	same	1	0	1	190.8	0	0	33.28	147.35	101.20	0	940.2	4.4192	-15.0000	4	0	1	0	0	0	0	-1				-1	-1	-1	-1		0.5908	19396.2	1	14	1	0	0	0	5	4
18255	1	399853	0	0	9	15	15	same	3	0	0	134.0	0	0	-50.98	-75.95	434.36	0	436.0	-0.3808	-15.0000	6	1	1	0	0	1	0	-1				-1	-1	-1	-1		1.6263	7009.3	0	9	1	0	0	0	8	5
18255	1	399963	0	0	13	16	16	same	2	0	1	195.3	0	0	-129.10	-124.82	308.98	0	698.5	2.5906	-15.0000	4	0	1	0	0	0	0	-1				-1	-1	-1	-1		1.0534	10091.3	0	13	1	0	0	0	3	1
18255	1	400029	0	0	1000008	15	15	same	6	0	1	206.6	1	1	32.09	-89.20	198.22	0	879.7	2.1195	-15.0000	4	0	1	0	0	0	0	-1				-1	-1	-1	-1		1.6453	15473.6	1	8	1	0	0	0	15	9
18255	1	400073	0	0	1000003	11	11	same	1	0	0	26.7	0	0	76.30	197.89	214.84	0	204.8	-1.7436	-15.0000	6	1	1	0	0	1	0	-1				-1	-1	-1	-1		1.2021	1690.2	1	1000003	1	0	0	0	4	3
18255	1	400117	0	0	11	16	16	same	1	0	1	316.4	0	0	-82.94	-8.54	165.36	0	1098.6	5.2821	-15.0000	4	0	1	0	0	0	0	-1				-1	-1	-1	-1		1.6574	17346.8	0	11	1	0	0	0	3	2
18255	1	400185	0	0	1000010	14	14	same	15	0	1	71.2	0	0	62.32	158.27	26.29	0	675.8	0.4759	-15.0000	4	0	1	0	0	0	0	-1				-1	-1	-1	-1		1.4126	1677.0	1	10	1	0	0	0	26	11
18255	1	400239	0	0	9	5	5	same	1	0	0	183.2	0	0	-133.44	-44.36	330.94	0	547.8	2.4770	-15.0000	4	0	1	0	0	0	0	-1				-1	-1	-1	-1		1.7730	12375.4	0	9	1	0	0	0	3	2
18255	1	400251	0	0	7	18	18	same	2	0	1	23.0	0	0	-63.19	133.42	77.51	0	369.1	-0.3321	-6.5766	8	0	0	1	0	0	0	-1				-1	-1	-1	-1		0.5926	8176.8	0	7	1	0	1	1	13	11
18255	1	400273	0	0	1000007	11	11	same	1	0	1	2.5	0	0	116.60	-127.70	316.24	0	13.9	-2.2055	-15.0000	8	0	0	1	0	0	0	-1				-1	-1	-1	-1		1.0701	4160.6	1	1000007	1	0	0	0	2	1
18255	1	400349	0	0	10	11	11	same	4	0	0	17.5	1	2	0.00	0.00	0.00	1	0.0	-1.9417	-15.0000	0	0	0	0	0	0	0	-1				-1	-1	-1	-1		0.9765	44463.6	0	10	0	0	0	0	6	2
18255	1	400427	0	0	6	9	9	same	2	0	1	7.4	0	0	-57.44	69.09	67.32	0	199.3	-1.1646	-15.0000	8	0	0	1	0	0	0	-1				-1	-1	-1	-1		1.8432	6203.9	0	6	1	0	0	0	18	16
18255	1	400779	0	0	1000011	18	18	same	1	0	1	88.0	0	0	100.21	31.70	267.48	0	361.3	1.4033	-15.0000	4	0	1	0	0	0	0	-1				-1	-1	-1	-1		0.8985	11310.0	1	1000011	1	0	0	0	5	4
18255	1	401197	0	0	1000005	9	9	same	1	0	1	11.1	0	0	74.38	-186.53	384.49	0	124.6	-2.7721	-15.0000	8	0	0	1	0	0	0	-1				-1	-1	-1	-1		1.3804	3349.3	1	1000005	1	0	0	0	2	1
18255	1	401241	0	0	1000005	13	13	same	5	0	0	18.4	0	0	56.97	199.95	371.80	0	78.9	-0.8701	-15.0000	10	1	0	1	0	1	0	-1				-1	-1	-1	-1		2.0028	3018.2	1	1000005	1	0	0	0	5	0
18255	1	402077	0	0	2	16	16	same	6	0	1	57.7	0	0	-73.42	147.58	277.46	0	609.4	1.5603	-15.0000	4	0	1	0	0	0	0	-1				-1	-1	-1	-1		0.7312	7020.0	0	2	1	0	0	0	8	2
18255	1	402209	0	0	1000007	8	8	same	2	0	0	95.4	0	0	181.75	-72.44	153.02	0	953.3	3.8018	-15.0000	4	0	1	0	0	0	0	-1				-1	-1	-1	-1		2.0075	19472.8	1	7	1	0	0	0	11	9
18255	1	403023	0	0	5	13	13	same	5	0	0	82.9	0	0	-78.99	73.23	423.48	0	666.8	3.4562	-15.0000	4	0	1	0	0	0	0	-1				-1	-1	-1	-1		1.8149	13456.9	0	5	1	0	0	0	20	15
18255	1	403309	0	0	1000006	12	12	same	1	0	0	34.4	0	0	14.28	-181.51	467.49	0	217.9	1.9714	-15.0000	4	0	1	0	0	0	0	-1				-1	-1	-1	-1		0.9872	1513.5	1	5	1	0	0	0	2	1
18255	1	403397	0	0	7	9	9	same	3	0	1	67.4	0	0	-47.20	45.24	220.82	0	528.5	4.0895	-15.0000	4	0	1	0	0	0	0	-1				-1	-1	-1	-1		1.9782	12086.0	0	7	1	0	0	0	10	7
18255	1	403441	0	0	1000007	17	17	same	2	0	1	1.8	0	0	175.24	30.75	456.38	0	114.8	-2.6425	-15.0000	8	0	0	1	0	0	0	-1				-1	-1	-1	-1		1.1610	1976.0	1	8	1	0	0	0	6	4
18255	1	404189	0	0	12	8	8	same	1	0	0	207.7	0	0	-71.63	63.15	192.87	0	857.1	4.3029	-15.0000	4	0	1	0	0	0	0	-1				-1	-1	-1	-1		1.8064	18884.9	0	12	1	0	0	0	2	1
18255	1	404629	0	0	5	2	2	same	2	0	0	55.8	0	0	-175.53	-7.17	500.65	0	265.7	-0.8457	-15.0000	6	1	1	0	0	1	0	-1				-1	-1	-1	-1		0.6968	8209.3	0	5	1	0	0	0	2	0
18255	1	405201	0	0	1000009	22	22	same	2	0	1	313.2	1	1	33.20	13.90	72.78	0	1189.6	2.7908	-15.0000	4	0	1	0	0	0	0	-1				-1	-1	-1	-1		1.9217	29885.0	1	8	1	0	0	0	14	12
18255	1	405487	0	0	6	14	14	same	8	0	0	57.8	1	1	-68.69	131.75	443.34	0	322.3	0.4840	-15.0000	8	0	0	1	0	0	0	-1				-1	-1	-1	-1		1.7469	1706.6	0	6	1	0	0	0	10	2
18255	1	405707	0	0	7	14	14	same	2	0	0	316.1	0	0	-19.83	168.22	212.80	0	1300.2	6.1331	-15.0000	4	0	1	0	0	0	0	-1				-1	-1	-1	-1		0.8481	19578.4	0	7	1	0	0	0	5	3
18255	1	405927	0	0	1000008	25	25	same	4	0	1	65.8	0	0	105.24	-70.02	101.44	0	428.6	-0.1572	-15.0000	4	0	1	0	0	0	0	-1				-1	-1	-1	-1		1.6336	5915.0	1	8	1	0	0	0	7	3
18255	1	405971	0	0	13	7	7	same	1	0	1	5.1	0	0	-170.50	72.60	210.38	0	155.7	-1.8944	-15.0000	8	0	0	1	0	0	0	-1				-1	-1	-1	-1		1.1396	7904.5	0	13	1	0	0	0	2	1
18255	1	406125	0	0	1000005	5	5	same	14	0	1	89.5	1	1	-7.72	16.08	28.05	0	777.4	1.6985	-10.3539	4	0	1	0	0	0	0	-1				-1	-1	-1	-1		1.5798	8919.1	1	5	1	0	1	1	43	29
18255	1	406147	0	0	1000010	22	22	same	11	0	1	343.7	0	0	87.22	-117.88	62.23	0	1236.2	4.5275	-15.0000	4	0	1	0	0	0	0	-1				-1	-1	-1	-1		1.9416	25479.4	1	9	1	0	0	0	17	6
18255	1	406367	0	0	11	15	15	same	3	0	0	66.3	0	0	-1.49	181.85	219.70	0	349.6	-0.5212	-15.0000	4	0	1	0	0	0	0	-1				-1	-1	-1	-1		1.8463	2929.7	0	11	1	0	0	0	6	3
18255	1	406631	0	0	8	21	21	same	4	0	0	288.8	0	0	-71.75	-192.44	252.20	0	853.9	-0.2865	-15.0000	6	1	1	0	0	1	0	-1				-1	-1	-1	-1		0.9960	26513.2	0	8	1	0	0	0	9	5
18255	1	407534	0	0	1000009	11	11	same	2	0	1	69.6	0	0	187.01	-81.13	90.11	0	464.6	1.8445	-15.0000	4	0	1	0	0	0	0	-1				-1	-1	-1	-1		1.3607	33657.2	1	8	1	0	0	0	7	5
18255	1	407798	0	0	9	4	4	same	1	0	0	1.4	0	0	0.00	0.00	0.00	1	0.0	-1.9417	-15.0000	0	0	0	0	0	0	0	-1				-1	-1	-1	-1		1.5164	17580.1	0	9	0	0	0	0	1	0
18255	1	407886	0	0	1000007	13	13	same	4	0	0	119.9	0	0	41.70	-25.89	0.15	0	455.1	-2.3042	-15.0000	6	1	1	0	0	1	0	-1				-1	-1	-1	-1		1.3900	15905.9	1	7	1	0	0	0	7	3
18255	1	408304	0	0	1000000	14	14	same	11	0	1	29.4	1	1	107.84	-98.31	182.76	0	289.6	-1.4066	-12.4209	8	0	0	1	0	0	0	-1				-1	-1	-1	-1		2.0327	5149.9	1	0	1	0	1	1	23	12
18255	1	408326	0	0	1000006	17	17	same	1	0	0	211.8	0	0	66.69	-99.03	231.34	0	1018.2	5.0433	-15.0000	4	0	1	0	0	0	0	-1				-1	-1	-1	-1		1.7547	13429.9	1	6	1	0	0	0	2	1
18255	1	408678	0	0	11	21	21	same	6	0	1	59.1	0	0	-170.03	-14.65	435.52	0	526.3	0.4753	-5.4437	4	0	1	0	0	0	0	-1				-1	-1	-1	-1		0.8225	32871.1	0	11	1	0	1	1	29	23
18255	1	409140	0	0	6	13	13	same	5	0	1	73.9	0	0	-75.66	2.60	414.58	0	538.3	0.0614	-15.0000	8	0	0	1	0	0	0	-1				-1	-1	-1	-1		1.0610	11258.0	0	6	1	0	0	0	10	5
18255	1	409514	0	0	2	13	13	same	3	0	1	32.3	0	0	-36.89	113.95	223.50	0	227.8	-3.1082	-15.0000	8	0	0	1	0	0	0	-1				-1	-1	-1	-1		1.8874	4637.7	0	2	1	0	0	0	4	1
18255	1	409624	0	0	5	4	4	same	1	0	1	62.7	0	0	-149.63	-56.63	329.72	0	590.8	1.9889	-15.0000	4	0	1	0	0	0	0	-1				-1	-1	-1	-1		1.0107	28257.2	0	5	1	0	0	0	9	8
18255	1	409624	1	1	1000004	21	21	same	18	0	0	48.2	0	0	107.08	46.00	0.05	0	498.2	-0.9496	-4.9256	6	1	1	0	0	1	0	-1				-1	-1	-1	-1		0.7232	13581.3	1	1000004	1	0	1	1	27	9
18255	1	409888	0	0	1000008	14	14	same	2	0	1	348.0	0	0	-44.64	-40.50	129.34	0	1432.2	4.1326	-15.0000	4	0	1	0	0	0	0	-1				-1	-1	-1	-1		0.7340	10181.3	1	7	1	0	0	0	15	13
18255	1	409906	0	0	6	10	10	same	4	0	1	95.8	1	1	-18.42	-69.10	382.21	0	787.6	3.0823	-15.0000	4	0	1	0	0	0	0	-1				-1	-1	-1	-1		1.8572	13291.3	0	6	1	0	0	0	20	16
18255	1	410064	0	0	8	6	6	same	1	0	1	2.1	0	0	-177.89	170.79	490.40	0	15.8	-3.6367	-15.0000	8	0	0	1	0	0	0	-1				-1	-1	-1	-1		2.0153	2536.4	0	8	1	0	0	0	7	6
18255	1	410082	0	0	3	17	17	same	10	1	0	202.3	1	1	-152.92	3.91	1.45	0	693.0	-4.2729	-15.0000	6	1	1	0	0	1	0	-1				-1	-1	-1	-1		1.6477	15166.7	0	3	1	0	0	0	21	11
18255	1	410126	0	0	8	14	14	same	8	0	0	46.8	0	0	-177.32	146.06	153.16	0	239.3	0.3962	-15.0000	6	1	1	0	0	1	0	-1				-1	-1	-1	-1		1.4240	8786.4	0	8	1	0	0	0	8	0
18255	1	410566	0	0	1000002	11	11	same	2	0	1	41.3	0	0	-7.05	-94.62	86.66	0	103.1	0.7815	-15.0000	4	0	1	0	0	0	0	-1				-1	-1	-1	-1		1.3579	2255.7	1	2	1	0	0	0	8	6
18255	1	410680	0	0	4	9	9	same	2	0	1	147.1	0	0	-80.49	10.45	11.69	0	982.8	3.1882	-15.0000	4	0	1	0	0	0	0	-1				-1	-1	-1	-1		1.4997	14871.3	0	4	1	0	0	0	9	7
18255	1	410698	0	0	1000012	13	13	same	1	0	1	116.8	0	0	179.95	42.79	184.00	0	497.6	3.4013	-15.0000	4	0	1	0	0	0	0	-1				-1	-1	-1	-1		1.0439	19338.8	1	1000012	1	0	0	0	3	2
18255	1	410698	1	1	11	95	5	not_in_act	1	0	1	35.8	0	0	-81.52	110.81	138.84	0	585.7	-0.4346	-15.0000	8	0	0	1	0	0	0	-1				-1	-1	-1	-1		1.8260	12802.0	0	11	1	1	0	0	26	25
18255	1	410768	0	0	5	16	16	same	3	0	1	13.9	1	1	-23.62	23.90	265.71	0	283.4	0.0265	-15.0000	8	0	0	1	0	0	0	-1				-1	-1	-1	-1		0.7896	4123.9	0	5	1	0	0	0	5	2
18255	1	411010	0	0	4	4	4	same	1	0	1	5.4	0	0	-196.86	43.73	124.33	0	31.5	-2.4752	-15.0000	8	0	0	1	0	0	0	-1				-1	-1	-1	-1		1.6936	1834.9	0	4	1	0	0	0	3	2
18255	1	411802	0	0	9	15	15	same	7	0	1	4.0	1	1	-40.33	195.06	387.07	0	8.5	-2.2199	-15.0000	8	0	0	1	0	0	0	-1				-1	-1	-1	-1		0.5031	1051.1	0	9	1	0	0	0	8	1
18255	1	412062	0	0	1000006	1	1	same	1	0	1	1.8	0	0	6.65	-36.03	289.50	0	106.2	-2.5192	-15.0000	8	0	0	1	0	0	0	-1				-1	-1	-1	-1		0.9345	1083.3	1	1000006	1	0	0	0	1	0
18255	1	412242	0	0	1000005	15	15	same	27	0	1	93.2	1	2	184.89	84.91	168.51	0	1086.6	2.0118	4.3760	4	0	1	0	0	0	0	-1				-1	-1	-1	-1		1.4564	55846.4	1	6	1	0	1	1	40	13
18255	1	412326	0	0	3	10	10	same	3	0	0	36.9	0	0	-168.60	70.06	479.01	0	322.2	0.0280	-15.0000	4	0	1	0	0	0	0	-1				-1	-1	-1	-1		1.1119	6304.2	0	3	1	0	0	0	14	11
18255	1	412396	0	0	11	32	32	same	6	1	0	134.6	1	1	-81.88	-131.24	73.44	0	703.7	3.9841	-15.0000	4	0	1	0	0	0	0	-1				-1	-1	-1	-1		0.5189	10388.7	0	11	1	0	0	0	10	4
18255	1	412638	0	0	1000012	22	22	same	1	0	1	259.2	0	0	20.69	-62.63	42.31	0	759.1	5.2631	-15.0000	4	0	1	0	0	0	0	-1				-1	-1	-1	-1		1.9574	15788.0	1	12	1	0	0	0	8	7
18255	1	413580	0	0	1000007	14	14	same	20	0	0	47.2	0	0	74.30	-164.89	276.12	0	269.5	0.4138	-15.0000	6	1	1	0	0	1	0	-1				-1	-1	-1	-1		1.6852	8352.4	1	7	1	0	0	0	32	12
18255	1	414024	0	0	1000004	16	16	same	6	0	1	156.7	0	0	2.40	-188.29	87.17	0	876.0	3.4226	-15.0000	4	0	1	0	0	0	0	-1				-1	-1	-1	-1		1.2554	6908.6	1	1000004	1	0	0	0	10	4
18255	1	414200	0	0	6	9	9	same	1	0	0	185.5	0	0	-75.31	-94.76	378.00	0	898.8	4.0857	-15.0000	4	0	1	0	0	0	0	-1				-1	-1	-1	-1		0.8892	16564.2	0	6	1	0	0	0	1	0
18255	1	414240	0	0	1000007	9	9	same	1	0	0	306.8	0	0	16.25	99.63	239.19	0	1112.8	4.0097	-15.0000	4	0	1	0	0	0	0	-1				-1	-1	-1	-1		1.9611	17571.1	1	1000007	1	0	0	0	3	2
18255	1	414288	0	0	6	1	1	same	1	0	1	15.3	0	0	-192.48	164.66	93.65	0	293.3	-0.0167	-15.0000	8	0	0	1	0	0	0	-1				-1	-1	-1	-1		1.6652	14204.7	0	6	1	0	0	0	1	0
18255	1	414306	0	0	4	11	11	same	2	0	1	217.4	1	1	-126.97	-19.59	49.60	0	626.7	3.4071	-15.0000	6	1	1	0	0	1	0	-1				-1	-1	-1	-1		0.7808	16619.7	0	4	1	0	0	0	2	0
18255	1	414442	0	0	1000006	21	21	same	6	1	0	112.0	1	1	174.95	-158.18	0.05	0	381.2	-3.5526	-15.0000	6	1	1	0	0	1	0	-1				-1	-1	-1	-1		1.8983	9903.4	1	6	1	0	0	0	6	0
18255	1	414552	0	0	1000011	18	18	same	3	0	1	1.7	0	0	115.61	-139.83	390.96	0	108.6	-2.3927	-15.0000	8	0	0	1	0	0	0	-1				-1	-1	-1	-1		0.8127	1458.3	1	9	1	0	0	0	4	1
18255	1	415186	0	0	8	22	22	same	3	0	0	85.3	0	0	-133.90	73.42	201.96	0	446.0	3.7591	-15.0000	4	0	1	0	0	0	0	-1				-1	-1	-1	-1		1.2144	25676.0	0	8	1	0	0	0	10	7
18255	1	415278	0	0	1000008	20	20	same	13	0	1	77.3	0	0	65.56	10.48	154.13	0	2337.6	-0.9935	-3.5196	8	0	0	1	0	0	0	-1				-1	-1	-1	-1		1.7504	70226.9	1	9	1	0	1	1	62	49
18255	1	415564	0	0	1000006	38	18	not_in_act	2	0	1	126.3	0	0	23.17	159.63	262.58	0	19.6	-2.2941	-15.0000	8	0	0	1	0	0	0	-1				-1	-1	-1	-1		0.6371	12520.0	1	6	1	1	0	0	4	2
18255	1	417100	0	0	9	7	7	same	2	0	0	156.7	0	0	-120.20	-27.51	348.45	0	490.2	3.4251	-15.0000	4	0	1	0	0	0	0	-1				-1	-1	-1	-1		1.2045	11651.6	0	9	1	0	0	0	2	0
18255	1	417496	0	0	4	18	18	same	3	0	1	29.4	1	1	-166.20	-87.09	458.67	0	230.1	-2.8579	-15.0000	8	0	0	1	0	0	0	-1				-1	-1	-1	-1		1.6051	15993.1	0	4	1	0	0	0	7	4
18255	1	417782	0	0	1000008	16	16	same	9	0	1	12.7	1	1	33.50	118.01	36.10	0	146.6	-3.7242	-15.0000	8	0	0	1	0	0	0	-1				-1	-1	-1	-1		1.3914	2223.4	1	8	1	0	0	0	9	0
18255	1	473358	0	0	1000005	17	17	same	1	0	1	27.2	0	0	35.75	-98.25	34.02	0	387.4	-1.5808	-15.0000	4	0	1	0	0	0	0	-1				-1	-1	-1	-1		1.6352	5815.6	1	1000005	1	0	0	0	2	1
18255	1	473886	0	0	6	4	4	same	1	0	1	6.7	0	0	-172.41	2.56	408.51	0	79.7	-0.9732	-15.0000	8	0	0	1	0	0	0	-1				-1	-1	-1	-1		1.2626	4076.6	0	6	1	0	0	0	1	0
18255	1	473952	0	0	13	19	19	same	7	0	0	149.0	0	0	-96.60	103.98	357.83	0	587.8	1.9643	-15.0000	4	0	1	0	0	0	0	-1				-1	-1	-1	-1		1.6649	9720.5	0	13	1	0	0	0	15	8
18255	1	474370	0	0	8	10	10	same	8	0	1	118.2	0	0	-1.62	98.38	131.23	0	407.9	2.2884	-15.0000	4	0	1	0	0	0	0	-1				-1	-1	-1	-1		1.4074	6091.3	0	8	1	0	0	0	15	7
18255	1	474612	0	0	1000004	7	7	same	2	0	0	22.9	0	0	68.05	186.54	252.37	0	371.5	0.5527	-15.0000	6	1	1	0	0	1	0	-1				-1	-1	-1	-1		0.6734	1941.4	1	4	1	0	0	0	4	2
18255	1	474678	0	0	1000006	60	18	not_in_act	8	0	0	93.0	0	0	-11.60	190.72	40.76	0	716.7	-0.1621	-15.0000	8	0	0	1	0	0	0	-1				-1	-1	-1	-1		1.9950	15210.9	1	1000006	1	1	0	0	9	1
18255	1	475140	0	0	9	10	10	same	2	0	0	138.5	0	0	-176.57	-71.45	368.97	0	445.5	2.4361	-15.0000	4	0	1	0	0	0	0	-1				-1	-1	-1	-1		0.8995	21724.7	0	9	1	0	0	0	3	1
18255	1	475712	0	0	8	17	17	same	2	0	0	49.5	1	1	-150.86	-172.13	5.56	0	547.0	1.3158	-15.0000	4	0	1	0	0	0	0	-1				-1	-1	-1	-1		1.3095	16323.1	0	8	1	0	0	0	7	5
18255	1	475778	0	0	12	12	12	same	3	0	1	24.0	1	1	3.56	-62.68	12.06	0	269.2	-0.0861	-15.0000	6	1	1	0	0	1	0	-1				-1	-1	-1	-1		1.0649	2274.2	0	12	1	0	0	0	13	10
18255	1	476966	0	0	1000010	10	10	same	1	0	1	7.4	0	0	16.72	127.64	73.32	0	119.4	-1.2038	-15.0000	8	0	0	1	0	0	0	-1				-1	-1	-1	-1		1.7464	4571.1	1	10	1	0	0	0	6	5
18255	1	477142	0	0	1000012	15	15	same	3	0	1	68.3	0	0	129.22	37.56	349.50	0	442.5	1.2963	-15.0000	4	0	1	0	0	0	0	-1				-1	-1	-1	-1		1.0804	9603.6	1	12	1	0	0	0	7	4
18255	1	478088	0	0	12	10	10	same	2	0	0	140.9	0	0	-152.32	17.83	400.29	0	884.5	4.5650	-15.0000	4	0	1	0	0	0	0	-1				-1	-1	-1	-1		1.5087	28872.2	0	12	1	0	0	0	5	3
18255	1	478220	0	0	1000008	19	19	same	10	0	1	263.8	1	1	60.61	-85.25	160.43	0	998.7	4.0705	-15.0000	4	0	1	0	0	0	0	-1				-1	-1	-1	-1		1.9255	22078.6	1	9	1	0	0	0	17	7
18255	1	478374	0	0	1000011	14	14	same	2	0	0	124.4	0	0	152.36	-118.55	398.08	0	411.9	2.9025	-15.0000	4	0	1	0	0	0	0	-1				-1	-1	-1	-1		1.0722	6950.1	1	10	1	0	0	0	5	3
18255	1	478374	1	1	1000012	7	7	same	1	0	0	72.3	0	0	134.89	142.42	388.33	0	383.3	2.1548	-15.0000	4	0	1	0	0	0	0	-1				-1	-1	-1	-1		1.8296	7334.3	1	1000012	1	0	0	0	2	1
18255	1	478594	0	0	1000007	13	13	same	2	0	1	20.4	1	1	170.12	-157.41	108.51	0	253.4	0.4869	-4.0479	8	0	0	1	0	0	0	-1				-1	-1	-1	-1		0.6817	11681.4	1	6	1	0	1	1	4	2
18255	1	478638	0	0	1000005	8	8	same	1	0	0	161.7	0	0	34.82	-166.86	109.76	0	540.1	3.1079	-15.0000	4	0	1	0	0	0	0	-1				-1	-1	-1	-1		1.3135	5856.8	1	7	1	0	0	0	5	4
18255	1	478880	0	0	1000010	16	16	same	11	0	1	143.1	0	0	8.77	-103.46	131.00	0	668.3	2.4283	-15.0000	4	0	1	0	0	0	0	-1				-1	-1	-1	-1		1.9228	7148.4	1	10	1	0	0	0	14	3
18255	1	479650	0	0	1000006	71	7	not_in_act	2	0	1	27.7	0	0	73.74	140.75	432.40	0	562.5	-0.5801	-15.0000	8	0	0	1	0	0	0	-1				-1	-1	-1	-1		0.7008	3877.5	1	6	1	1	0	0	32	30
18255	1	480002	0	0	9	3	3	same	5	0	0	22.0	1	1	0.00	0.00	0.00	1	0.0	-1.9417	-15.0000	0	0	0	0	0	0	0	-1				-1	-1	-1	-1		1.3458	23585.9	0	9	0	0	0	0	9	4
18255	1	480728	0	0	5	12	12	same	4	0	0	36.5	0	0	-129.71	-172.07	20.30	0	392.1	2.1717	-15.0000	4	0	1	0	0	0	0	-1				-1	-1	-1	-1		0.8355	7077.8	0	5	1	0	0	0	15	11
18255	1	480772	0	0	4	23	23	same	7	1	0	120.3	1	1	-8.55	-168.73	329.92	0	596.2	2.1854	-15.0000	4	0	1	0	0	0	0	-1				-1	-1	-1	-1		0.9986	19087.9	0	4	1	0	0	0	8	1
18255	1	480970	0	0	5	12	12	same	3	0	0	82.9	0	0	-170.59	133.70	450.41	0	628.4	0.4429	-15.0000	6	1	1	0	0	1	0	-1				-1	-1	-1	-1		1.3907	31724.2	0	5	1	0	0	0	4	1
18255	1	481014	0	0	8	51	8	not_in_act	4	0	0	16.0	1	2	-78.48	-9.08	57.10	0	11.7	-2.8180	-15.0000	8	0	0	1	0	0	0	-1				-1	-1	-1	-1		1.0765	20871.0	0	8	1	1	0	0	8	4
18255	1	493439	0	0	7	15	15	same	2	0	1	28.0	0	0	-1.05	-130.48	193.13	0	230.1	-0.4187	-15.0000	4	0	1	0	0	0	0	-1				-1	-1	-1	-1		0.9988	3023.2	0	7	1	0	0	0	3	1
18255	1	493615	0	0	4	13	13	same	2	0	1	23.5	0	0	-159.08	-171.80	459.41	0	341.8	-1.2135	-15.0000	8	0	0	1	0	0	0	-1				-1	-1	-1	-1		1.8662	7358.8	0	4	1	0	0	0	4	2
18255	1	493659	0	0	10	20	20	same	3	0	1	71.4	0	0	-68.15	-144.62	456.95	0	507.4	0.5932	-15.0000	8	0	0	1	0	0	0	-1				-1	-1	-1	-1		0.7980	6779.6	0	10	1	0	0	0	10	7
18255	1	493835	0	0	7	22	22	same	3	0	1	45.2	0	0	-153.38	-29.83	412.55	0	459.6	1.0695	-15.0000	6	1	1	0	0	1	0	-1				-1	-1	-1	-1		1.8167	14810.9	0	7	1	0	0	0	7	4
18255	1	494297	0	0	1000006	11	11	same	2	0	0	154.9	1	1	19.71	62.09	373.87	0	709.3	4.5414	-15.0000	4	0	1	0	0	0	0	-1				-1	-1	-1	-1		0.7910	12966.4	1	6	1	0	0	0	5	3
18255	1	494847	0	0	1000002	4	4	same	7	0	1	143.2	1	1	127.95	159.23	411.02	0	502.5	1.1247	-15.0000	6	1	1	0	0	1	0	-1				-1	-1	-1	-1		1.1897	18089.8	1	2	1	0	0	0	14	7
18255	1	495199	0	0	1000010	37	14	not_in_act	2	0	0	125.1	0	0	34.18	-1.95	33.27	0	794.1	3.6651	-15.0000	4	0	1	0	0	0	0	-1				-1	-1	-1	-1		1.7061	29146.0	1	8	1	1	0	0	5	3
18255	1	495881	0	0	9	17	17	same	3	0	0	59.4	0	0	-167.12	196.61	364.56	0	605.8	2.5808	-15.0000	6	1	1	0	0	1	0	-1				-1	-1	-1	-1		0.7845	17380.2	0	9	1	0	0	0	11	8
18255	1	497311	0	0	6	15	15	same	5	0	0	315.1	0	0	-5.03	0.88	184.23	0	1881.6	3.0335	-15.0000	4	0	1	0	0	0	0	-1				-1	-1	-1	-1		1.6045	13097.3	0	6	1	0	0	0	7	2
18255	1	497355	0	0	1000006	9	9	same	7	0	0	126.1	0	0	128.61	177.46	173.36	0	494.0	4.1843	-15.0000	4	0	1	0	0	0	0	-1				-1	-1	-1	-1		0.7053	10021.2	1	6	1	0	0	0	10	3
18255	1	497399	0	0	17	23	23	same	7	0	0	122.4	0	0	-201.37	162.05	95.41	0	510.9	-2.5801	-15.0000	6	1	1	0	0	1	0	-1				-1	-1	-1	-1		1.1330	31482.4	0	17	1	0	0	0	13	6
18255	1	497553	0	0	3	13	13	same	4	0	1	39.2	0	0	-100.86	53.46	133.80	0	366.1	-1.6124	-15.0000	8	0	0	1	0	0	0	-1				-1	-1	-1	-1		1.1967	10842.8	0	3	1	0	0	0	4	0
18255	1	497883	0	0	1000006	8	8	same	3	0	0	138.9	1	1	13.51	-124.97	434.02	0	944.9	3.6967	-15.0000	4	0	1	0	0	0	0	-1				-1	-1	-1	-1		1.2086	10255.3	1	6	1	0	0	0	8	5
18255	1	498851	0	0	5	5	5	same	2	0	0	61.6	0	0	-187.94	-82.60	181.17	0	574.3	0.7878	-15.0000	8	0	0	1	0	0	0	-1				-1	-1	-1	-1		0.9819	39312.1	0	5	1	0	0	0	7	5
18255	1	499115	0	0	12	7	7	same	2	0	0	33.0	0	0	-185.67	-98.09	380.77	0	309.4	3.4476	-15.0000	4	0	1	0	0	0	0	-1				-1	-1	-1	-1		1.5210	38348.0	0	12	1	0	0	0	7	5
18255	1	499423	0	0	7	13	13	same	5	0	1	24.4	0	0	-115.89	-37.95	426.79	0	337.1	-1.0851	-14.3014	8	0	0	1	0	0	0	-1				-1	-1	-1	-1		1.7365	12108.2	0	7	1	0	1	1	28	23
18255	1	499577	0	0	1000003	14	14	same	8	0	0	311.5	0	0	-15.63	134.92	312.54	0	1493.0	3.2974	-12.4868	4	0	1	0	0	0	0	-1				-1	-1	-1	-1		1.3782	15022.7	1	3	1	0	1	1	26	18
18255	1	500083	0	0	9	3	3	same	1	0	1	28.3	0	0	-81.10	25.49	80.81	0	405.3	0.1399	-15.0000	4	0	1	0	0	0	0	-1				-1	-1	-1	-1		1.0292	4799.2	0	9	1	0	0	0	6	5
18255	1	500149	0	0	1000010	15	15	same	1	0	0	151.0	0	0	18.39	-36.40	403.79	0	608.0	4.1217	-15.0000	4	0	1	0	0	0	0	-1				-1	-1	-1	-1		0.8562	10456.4	1	8	1	0	0	0	2	1
18255	1	500567	0	0	1000013	15	15	same	4	0	1	31.3	0	0	63.76	100.76	124.77	0	360.3	-1.0591	-15.0000	8	0	0	1	0	0	0	-1				-1	-1	-1	-1		2.0154	7589.6	1	12	1	0	0	0	8	4
18255	1	501711	0	0	1000007	13	13	same	4	0	1	121.8	0	0	41.87	187.32	40.78	0	709.9	3.1281	-15.0000	4	0	1	0	0	0	0	-1				-1	-1	-1	-1		1.0900	5912.0	1	8	1	0	0	0	26	22
18255	1	502019	0	0	4	8	8	same	3	0	1	131.3	1	1	-158.88	-38.16	66.38	0	727.0	1.3068	-15.0000	4	0	1	0	0	0	0	-1				-1	-1	-1	-1		0.7197	21232.7	0	4	1	0	0	0	6	3
18255	1	502525	0	0	1000009	18	18	same	2	0	1	45.4	0	0	27.78	25.80	295.27	0	366.6	2.0736	-15.0000	4	0	1	0	0	0	0	-1				-1	-1	-1	-1		0.7929	7532.1	1	9	1	0	0	0	6	4
18255	1	502921	0	0	1000009	9	9	same	1	0	1	60.7	0	0	145.72	-166.43	55.95	0	644.1	3.1650	-15.0000	4	0	1	0	0	0	0	-1				-1	-1	-1	-1		1.2316	18346.9	1	10	1	0	0	0	24	23
18259	1	47058	0	0	9	15	15	same	2	0	1	174.0	0	0	39.42	119.22	100.08	0	530.3	2.0533	-15.0000	4	0	1	0	0	0	0	-1				-1	-1	-1	-1		1.3531	8226.4	0	9	1	0	0	0	9	7
18259	1	47212	0	0	7	1	1	same	1	0	0	77.0	0	0	-153.32	-119.43	202.74	0	1368.1	-0.0399	-15.0000	8	0	0	1	0	0	0	-1				-1	-1	-1	-1		1.1938	111314.9	0	7	1	0	0	0	47	46
18259	1	47278	0	0	9	7	7	same	1	0	1	64.4	0	0	-81.75	164.77	203.96	0	656.1	2.1627	-15.0000	4	0	1	0	0	0	0	-1				-1	-1	-1	-1		1.2980	11608.8	0	9	1	0	0	0	12	11
18259	1	47696	0	0	1000007	18	18	same	5	1	1	21.1	1	1	143.67	7.96	401.98	0	225.8	-1.3067	-15.0000	8	0	0	1	0	0	0	-1				-1	-1	-1	-1		0.9317	39149.2	1	7	1	0	0	0	12	7
18259	1	47784	0	0	1000009	18	18	same	7	0	0	227.7	0	0	56.14	-76.43	113.60	0	950.2	4.9501	-15.0000	4	0	1	0	0	0	0	-1				-1	-1	-1	-1		1.9803	16291.7	1	8	1	0	0	0	7	0
18259	1	47894	0	0	1000009	17	17	same	5	0	1	1.9	1	1	179.12	-93.55	29.90	0	24.9	-4.1968	-15.0000	8	0	0	1	0	0	0	-1				-1	-1	-1	-1		1.2689	8201.7	1	7	1	0	0	0	17	12
18259	1	47916	0	0	1000006	14	14	same	3	0	0	26.9	0	0	39.79	193.95	262.39	0	326.3	2.8345	-15.0000	4	0	1	0	0	0	0	-1				-1	-1	-1	-1		1.9652	2843.9	1	6	1	0	0	0	3	0
18259	1	48488	0	0	11	21	21	same	2	0	1	220.2	0	0	-184.24	182.49	202.12	0	715.6	4.9218	-15.0000	4	0	1	0	0	0	0	-1				-1	-1	-1	-1		0.7213	21552.6	0	11	1	0	0	0	4	2
18259	1	48774	0	0	1000004	12	12	same	5	0	0	375.5	0	0	62.37	24.21	384.11	0	2009.2	2.5231	-15.0000	4	0	1	0	0	0	0	-1				-1	-1	-1	-1		1.6026	11488.2	1	5	1	0	0	0	12	7
18259	1	49742	0	0	1000009	16	16	same	1	0	1	86.1	0	0	180.73	54.30	55.46	0	444.4	1.8118	-15.0000	6	1	1	0	0	1	0	-1				-1	-1	-1	-1		1.6845	12005.4	1	9	1	0	0	0	5	4
18259	1	49984	0	0	7	6	6	same	1	0	0	27.0	0	0	-160.15	-192.84	476.89	0	198.3	2.5163	-15.0000	4	0	1	0	0	0	0	-1				-1	-1	-1	-1		0.7333	4632.3	0	7	1	0	0	0	3	2
18259	1	50182	0	0	1000004	10	10	same	1	0	1	121.3	0	0	-19.24	-113.14	306.21	0	513.3	3.9416	-15.0000	4	0	1	0	0	0	0	-1				-1	-1	-1	-1		1.9660	4086.3	1	4	1	0	0	0	4	3
18259	1	50446	0	0	1000013	15	15	same	1	0	1	64.1	0	0	120.19	-85.01	223.92	0	293.1	0.6461	-15.0000	4	0	1	0	0	0	0	-1				-1	-1	-1	-1		1.7479	4844.2	1	1000013	1	0	0	0	9	8
18259	1	50688	0	0	1000005	27	13	not_in_act	3	0	1	3.0	0	0	101.84	-2.95	8.19	0	47.8	-3.7734	-15.0000	8	0	0	1	0	0	0	-1				-1	-1	-1	-1		0.9470	1232.8	1	1000005	1	1	0	0	6	3
18259	1	51128	0	0	1000013	24	24	same	3	0	1	57.7	1	1	163.88	113.93	296.06	0	450.7	0.6990	-15.0000	4	0	1	0	0	0	0	-1				-1	-1	-1	-1		1.6784	12694.0	1	1000013	1	0	0	0	9	6
18259	1	51260	0	0	11	7	7	same	2	0	0	24.8	0	0	-201.24	97.16	29.96	0	210.3	-0.9914	-15.0000	6	1	1	0	0	1	0	-1				-1	-1	-1	-1		1.7961	44727.3	0	11	1	0	0	0	12	10
18259	1	51546	0	0	11	17	17	same	3	0	0	69.9	0	0	-158.92	171.61	423.58	0	612.2	2.3002	-15.0000	4	0	1	0	0	0	0	-1				-1	-1	-1	-1		1.3911	22034.8	0	11	1	0	0	0	11	8
18259	1	51722	0	0	11	24	18	in_act_not_selected	3	0	1	25.5	1	1	-198.86	26.42	107.92	0	410.7	-0.7302	-15.0000	6	1	1	0	0	1	0	-1				-1	-1	-1	-1		0.9999	2442.3	0	11	1	1	0	0	7	4
18259	1	51964	0	0	5	6	6	same	4	0	0	202.0	0	0	-122.12	34.55	289.81	0	713.6	4.2353	-15.0000	4	0	1	0	0	0	0	-1				-1	-1	-1	-1		0.9393	22287.3	0	5	1	0	0	0	4	0
18259	1	52338	0	0	12	2	2	same	1	0	0	302.5	0	0	-145.59	-120.30	219.91	0	826.3	3.5925	-15.0000	4	0	1	0	0	0	0	-1				-1	-1	-1	-1		1.2595	17922.9	0	12	1	0	0	0	5	4
18259	1	53130	0	0	7	15	15	same	4	0	0	35.8	0	0	-110.07	-36.18	481.91	0	369.8	2.7123	-15.0000	4	0	1	0	0	0	0	-1				-1	-1	-1	-1		1.6276	4292.8	0	7	1	0	0	0	6	2
18259	1	53658	0	0	1000012	12	12	same	1	0	1	2.4	0	0	111.52	-131.32	9.40	0	26.4	-3.3093	-15.0000	8	0	0	1	0	0	0	-1				-1	-1	-1	-1		0.6710	2890.4	1	12	1	0	0	0	2	1
18259	1	55220	0	0	1000011	15	15	same	1	0	0	39.4	0	0	42.43	-4.64	486.59	0	497.4	1.3590	-15.0000	4	0	1	0	0	0	0	-1				-1	-1	-1	-1		1.9748	3386.6	1	10	1	0	0	0	1	0
18259	1	55286	0	0	10	2	2	same	1	0	0	1.1	0	0	0.00	0.00	0.00	1	0.0	-1.9417	-15.0000	0	0	0	0	0	0	0	-1				-1	-1	-1	-1		1.2789	238.3	0	10	0	0	0	0	1	0
18259	1	94392	0	0	6	9	9	same	2	0	1	114.0	0	0	-97.29	4.84	243.30	0	747.5	0.9655	-15.0000	4	0	1	0	0	0	0	-1				-1	-1	-1	-1		0.7487	25761.9	0	6	1	0	0	0	9	7
18259	1	94546	0	0	9	13	13	same	2	0	1	329.9	0	0	-57.40	126.79	10.78	0	911.5	3.5239	-15.0000	4	0	1	0	0	0	0	-1				-1	-1	-1	-1		0.9515	12585.9	0	9	1	0	0	0	4	2
18259	1	94678	0	0	1000004	7	7	same	1	0	0	101.3	0	0	55.13	89.06	399.43	0	478.3	1.8029	-15.0000	4	0	1	0	0	0	0	-1				-1	-1	-1	-1		0.8357	3198.0	1	1000004	1	0	0	0	4	3
18259	1	94942	0	0	1000012	9	9	same	1	0	0	134.5	0	0	112.08	130.12	395.16	0	659.8	4.5664	-15.0000	4	0	1	0	0	0	0	-1				-1	-1	-1	-1		1.7382	11088.8	1	11	1	0	0	0	4	3
18259	1	95074	0	0	1000004	12	12	same	4	0	1	94.4	1	1	48.40	8.66	217.46	0	551.5	2.7934	-15.0000	4	0	1	0	0	0	0	-1				-1	-1	-1	-1		0.9017	14266.3	1	4	1	0	0	0	13	9
18259	1	95184	0	0	5	3	3	same	1	0	1	30.5	0	0	-116.80	-37.75	241.62	0	307.6	-0.3863	-15.0000	4	0	1	0	0	0	0	-1				-1	-1	-1	-1		0.7262	14865.5	0	5	1	0	0	0	10	9
18259	1	95690	0	0	1000010	6	6	same	1	0	1	147.4	0	0	94.29	26.37	389.54	0	662.4	4.3877	-15.0000	4	0	1	0	0	0	0	-1				-1	-1	-1	-1		1.3579	13082.2	1	1000010	1	0	0	0	6	5
18259	1	95800	0	0	12	2	2	same	1	0	0	1.3	0	0	0.00	0.00	0.00	1	0.0	-1.9417	-15.0000	0	0	0	0	0	0	0	-1				-1	-1	-1	-1		0.9656	128.9	0	12	0	0	0	0	1	0
18259	1	96306	0	0	11	15	15	same	5	0	0	262.0	0	0	-67.32	115.45	69.87	0	776.4	5.4292	-15.0000	4	0	1	0	0	0	0	-1				-1	-1	-1	-1		0.7662	16523.1	0	11	1	0	0	0	7	2
18259	1	96680	0	0	10	3	3	same	1	0	1	65.2	0	0	-96.57	-66.50	42.47	0	309.8	-0.3145	-13.4250	8	0	0	1	0	0	0	-1				-1	-1	-1	-1		0.8614	9953.1	0	10	1	0	1	1	5	4
18259	1	98660	0	0	10	20	20	same	1	0	1	373.1	0	0	-48.21	-6.43	27.92	0	1003.7	3.8879	-15.0000	4	0	1	0	0	0	0	-1				-1	-1	-1	-1		0.7267	17518.7	0	10	1	0	0	0	3	2
18259	1	98704	0	0	6	3	3	same	1	0	1	20.7	0	0	-179.16	-151.38	156.49	0	176.4	-3.1462	-15.0000	8	0	0	1	0	0	0	-1				-1	-1	-1	-1		1.9875	5113.7	0	6	1	0	0	0	1	0
18259	1	99232	0	0	1000007	20	20	same	2	0	1	258.8	0	0	122.47	-118.47	86.52	0	911.5	4.1881	-15.0000	8	0	0	1	0	0	0	-1				-1	-1	-1	-1		1.6336	20521.9	1	8	1	0	0	0	5	3
18259	1	99716	0	0	6	13	13	same	8	0	1	339.1	1	1	-29.60	-10.70	64.95	0	1419.6	4.2798	-15.0000	4	0	1	0	0	0	0	-1				-1	-1	-1	-1		0.6328	20145.5	0	6	1	0	0	0	20	12
18259	1	99782	0	0	1000007	18	18	same	6	0	0	96.7	1	1	183.74	-68.69	98.36	0	790.2	3.3407	-15.0000	4	0	1	0	0	0	0	-1				-1	-1	-1	-1		1.1323	32569.6	1	7	1	0	0	0	18	12
18259	1	99826	0	0	2	15	15	same	3	0	1	224.0	0	0	-105.83	-9.49	267.54	0	783.4	2.2566	-13.6945	4	0	1	0	0	0	0	-1				-1	-1	-1	-1		0.9754	26193.1	0	2	1	0	1	1	8	5
18259	1	100222	0	0	1000008	113	14	not_in_act	2	0	1	113.6	0	0	74.54	23.93	189.78	0	2700.4	1.4449	3.9109	36	0	1	0	1	0	0	-1				-1	-1	-1	-1		1.1861	86726.4	1	8	1	1	1	1	48	46
18259	1	100420	0	0	4	16	16	same	3	0	0	120.6	0	0	-165.59	196.06	106.85	0	529.2	1.8176	-15.0000	4	0	1	0	0	0	0	-1				-1	-1	-1	-1		1.8919	18070.8	0	4	1	0	0	0	9	6
18259	1	100640	0	0	1000007	5	5	same	1	0	0	39.8	0	0	175.36	-196.61	344.78	0	409.4	0.4802	-15.0000	4	0	1	0	0	0	0	-1				-1	-1	-1	-1		1.2812	3141.9	1	1000007	1	0	0	0	3	2
18259	1	100728	0	0	1000011	11	11	same	2	0	0	18.4	1	1	0.00	0.00	0.00	1	0.0	-1.9417	-15.0000	0	0	0	0	0	0	0	-1				-1	-1	-1	-1		1.5786	15954.7	1	1000011	0	0	0	0	8	6
18259	1	101454	0	0	14	17	17	same	4	0	1	214.6	1	1	-111.02	35.42	177.55	0	796.1	1.0103	-15.0000	8	0	0	1	0	0	0	-1				-1	-1	-1	-1		0.5562	27935.2	0	14	1	0	0	0	7	3
18259	1	101498	0	0	4	6	6	same	1	0	1	132.8	0	0	-186.57	-186.28	424.77	0	442.1	2.6139	-15.0000	6	1	1	0	0	1	0	-1				-1	-1	-1	-1		1.6808	22871.1	0	4	1	0	0	0	5	4
18259	1	101828	0	0	1000003	34	12	not_in_act	2	0	0	46.6	0	0	93.08	114.84	391.73	0	545.1	0.7943	-15.0000	4	0	1	0	0	0	0	-1				-1	-1	-1	-1		0.9209	10505.9	1	4	1	1	0	0	4	2
18259	1	156093	0	0	3	18	18	same	3	0	0	159.0	0	0	-145.70	-107.04	346.11	0	993.0	3.2266	-15.0000	4	0	1	0	0	0	0	-1				-1	-1	-1	-1		0.7508	27376.9	0	3	1	0	0	0	8	5
18259	1	156313	0	0	1000004	14	14	same	1	0	1	4.6	0	0	186.03	-112.74	22.86	0	140.9	-3.0624	-15.0000	10	1	0	1	0	1	0	-1				-1	-1	-1	-1		1.2287	1648.9	1	1000004	1	0	0	0	3	2
18259	1	157281	0	0	6	17	17	same	3	0	1	209.6	0	0	-171.46	-1.01	236.13	0	786.8	4.0507	-15.0000	4	0	1	0	0	0	0	-1				-1	-1	-1	-1		1.8240	24875.8	0	6	1	0	0	0	7	4
18259	1	158689	0	0	4	9	9	same	2	0	0	304.9	0	0	-60.66	159.74	194.20	0	864.8	3.9726	-15.0000	4	0	1	0	0	0	0	-1				-1	-1	-1	-1		1.4559	10388.5	0	4	1	0	0	0	10	8
18259	1	159569	0	0	6	50	15	not_in_act	5	0	0	66.9	0	0	-123.63	49.49	332.53	0	674.3	0.2894	-15.0000	4	0	1	0	0	0	0	-1				-1	-1	-1	-1		1.5280	22374.8	0	6	1	1	0	0	19	14
18259	1	160537	0	0	1000006	9	9	same	1	0	0	48.7	0	0	87.92	-40.70	478.80	0	451.0	0.9451	-15.0000	8	0	0	1	0	0	0	-1				-1	-1	-1	-1		1.8382	5352.6	1	1000006	1	0	0	0	5	4
18259	1	161043	0	0	1000006	6	6	same	1	0	1	21.1	0	0	97.61	163.67	167.75	0	345.2	-0.7750	-15.0000	4	0	1	0	0	0	0	-1				-1	-1	-1	-1		0.8025	5210.8	1	1000006	1	0	0	0	8	7
18259	1	161725	0	0	1000007	9	9	same	1	0	1	181.9	0	0	165.74	80.02	66.55	0	588.7	0.8536	-15.0000	6	1	1	0	0	1	0	-1				-1	-1	-1	-1		1.0054	22281.4	1	1000007	1	0	0	0	6	5
18259	1	162143	0	0	1000010	11	11	same	4	0	0	361.4	1	1	34.52	-50.23	137.13	0	1645.2	5.0461	-15.0000	4	0	1	0	0	0	0	-1				-1	-1	-1	-1		0.8641	32868.4	1	10	1	0	0	0	14	10
18259	1	162473	0	0	6	3	3	same	2	0	0	14.7	0	0	0.00	0.00	0.00	1	0.0	-1.9417	-15.0000	0	0	0	0	0	0	0	-1				-1	-1	-1	-1		1.1190	1094.8	0	6	0	0	0	0	6	4
18259	1	163309	0	0	1000004	17	17	same	3	0	1	216.0	1	1	1.50	57.88	8.14	0	623.5	3.6075	-15.0000	4	0	1	0	0	0	0	-1				-1	-1	-1	-1		1.8643	11015.8	1	4	1	0	0	0	6	3
18259	1	163595	0	0	1000006	19	19	same	7	0	1	179.4	0	0	93.89	-110.75	337.59	0	718.8	4.0031	-15.0000	4	0	1	0	0	0	0	-1				-1	-1	-1	-1		1.0751	14695.1	1	1000006	1	0	0	0	10	3
18259	1	163771	0	0	1000007	9	9	same	1	0	1	106.8	0	0	30.24	18.09	445.76	0	541.0	1.5049	-15.0000	6	1	1	0	0	1	0	-1				-1	-1	-1	-1		0.8567	6695.6	1	7	1	0	0	0	5	4
18259	1	164466	0	0	1000004	11	11	same	3	0	0	93.9	0	0	71.08	195.95	370.74	0	528.4	1.2813	-15.0000	8	0	0	1	0	0	0	-1				-1	-1	-1	-1		0.5268	5216.0	1	4	1	0	0	0	4	1
18259	1	164475	0	0	7	21	21	same	1	0	1	282.0	0	0	-61.07	125.59	170.39	0	1167.8	3.6326	-15.0000	4	0	1	0	0	0	0	-1				-1	-1	-1	-1		1.8421	22286.0	0	7	1	0	0	0	4	3
18259	1	164576	0	0	1000013	24	24	same	13	1	0	105.4	1	1	102.20	81.59	388.86	0	380.8	-0.4941	-15.0000	4	0	1	0	0	0	0	-1				-1	-1	-1	-1		1.6206	10363.1	1	9	1	0	0	0	13	0
18259	1	164774	0	0	1000007	17	17	same	1	0	0	73.8	0	0	113.35	-153.20	182.45	0	302.3	-0.7719	-15.0000	6	1	1	0	0	1	0	-1				-1	-1	-1	-1		1.9792	2219.7	1	1000007	1	0	0	0	2	1
18259	1	165060	0	0	1000007	20	20	same	8	1	0	400.8	1	1	53.77	-183.65	330.35	0	1107.4	1.2945	-15.0000	6	1	1	0	0	1	0	-1				-1	-1	-1	-1		2.0504	22900.6	1	6	1	0	0	0	17	9
18259	1	165104	0	0	1000012	12	12	same	1	0	1	96.8	0	0	74.54	55.63	361.09	0	449.2	2.6345	-15.0000	4	0	1	0	0	0	0	-1				-1	-1	-1	-1		1.3206	9182.7	1	14	1	0	0	0	7	6
18259	1	165157	0	0	3	62	9	not_in_act	3	0	1	24.5	0	0	-100.97	116.70	195.36	0	563.2	-0.5343	-10.7939	8	0	0	1	0	0	0	-1				-1	-1	-1	-1		1.9179	18365.0	0	3	1	1	1	1	24	21
18259	1	165393	0	0	8	10	10	same	1	0	1	4.2	0	0	-161.59	-67.47	8.36	0	35.8	-0.8508	-15.0000	8	0	0	1	0	0	0	-1				-1	-1	-1	-1		1.0979	2684.3	0	8	1	0	0	0	8	7
18259	1	165544	0	0	13	4	4	same	1	0	1	28.5	0	0	-166.61	171.05	151.97	0	246.9	-1.7498	-5.0687	8	0	0	1	0	0	0	-1				-1	-1	-1	-1		0.6250	11993.7	0	13	1	0	1	1	7	6
18259	1	165767	0	0	1000001	8	8	same	6	0	1	66.0	1	1	180.24	-60.56	136.21	0	636.0	0.6202	-15.0000	8	0	0	1	0	0	0	-1				-1	-1	-1	-1		1.9735	16587.0	1	1	1	0	0	0	10	4
18259	1	165855	0	0	1000009	12	12	same	4	0	1	236.3	0	0	98.87	-112.91	66.72	0	667.1	4.0112	-15.0000	4	0	1	0	0	0	0	-1				-1	-1	-1	-1		0.8556	16131.5	1	9	1	0	0	0	9	5
18259	1	166006	0	0	3	2	2	same	1	0	1	262.5	0	0	-48.21	-168.17	207.37	0	822.1	4.4677	-15.0000	4	0	1	0	0	0	0	-1				-1	-1	-1	-1		0.8096	19378.3	0	3	1	0	0	0	4	3
18259	1	166251	0	0	9	8	8	same	2	0	0	59.9	0	0	-191.94	105.41	492.57	0	399.3	-1.4770	-15.0000	6	1	1	0	0	1	0	-1				-1	-1	-1	-1		0.5413	4330.2	0	9	1	0	0	0	3	1
18259	1	166295	0	0	8	5	5	same	1	0	1	40.2	0	0	-174.88	29.28	110.92	0	345.7	-1.7528	-15.0000	8	0	0	1	0	0	0	-1				-1	-1	-1	-1		0.8156	26692.0	0	8	1	0	0	0	8	7
18259	1	166996	0	0	8	16	16	same	5	0	1	93.1	0	0	-90.65	74.07	285.63	0	545.7	3.5883	-15.0000	4	0	1	0	0	0	0	-1				-1	-1	-1	-1		1.7377	11921.5	0	8	1	0	0	0	15	10
18259	1	167351	0	0	10	13	13	same	4	0	0	185.2	0	0	-117.36	85.29	332.34	0	998.3	1.4080	-15.0000	8	0	0	1	0	0	0	-1				-1	-1	-1	-1		2.0196	19460.0	0	10	1	0	0	0	12	8
18259	1	167612	0	0	1000010	27	27	same	27	1	1	63.6	1	1	-126.80	-56.16	61.83	0	663.6	-0.3776	-15.0000	8	0	0	1	0	0	0	-1				-1	-1	-1	-1		0.6455	10061.8	1	11	1	0	0	0	33	6
18259	1	167703	0	0	6	11	11	same	6	0	1	33.9	0	0	-81.77	-52.75	247.15	0	403.0	-0.1098	-15.0000	8	0	0	1	0	0	0	-1				-1	-1	-1	-1		1.3188	10059.3	0	6	1	0	0	0	26	20
18259	1	167744	0	0	7	15	15	same	12	0	0	305.9	0	0	-85.63	-198.60	479.93	0	932.4	-1.9156	-15.0000	6	1	1	0	0	1	0	-1				-1	-1	-1	-1		1.0037	6775.3	0	7	1	0	0	0	16	4
18259	1	168209	0	0	1000010	12	12	same	4	0	0	96.9	0	0	94.53	109.61	433.35	0	925.5	3.4988	-15.0000	4	0	1	0	0	0	0	-1				-1	-1	-1	-1		1.0031	16071.8	1	10	1	0	0	0	6	2
18259	1	168448	0	0	1000007	63	24	not_in_act	4	0	1	78.1	0	0	-15.19	-11.58	360.16	0	485.7	0.5073	-15.0000	4	0	1	0	0	0	0	-1				-1	-1	-1	-1		0.6054	4007.8	1	7	1	1	0	0	5	1
18259	1	168778	0	0	6	1	1	same	1	0	0	2.1	0	0	0.00	0.00	0.00	1	0.0	-1.9417	-15.0000	0	0	0	0	0	0	0	-1				-1	-1	-1	-1		0.4918	240.8	0	6	0	0	0	0	1	0
18259	1	168869	0	0	1000005	4	4	same	2	0	1	7.6	0	0	92.06	195.43	325.78	0	102.7	-1.1222	-15.0000	8	0	0	1	0	0	0	-1				-1	-1	-1	-1		0.9621	2128.8	1	1000005	1	0	0	0	7	5
18259	1	169067	0	0	8	5	5	same	1	0	1	222.8	0	0	-165.20	132.89	106.65	0	646.6	4.2157	-15.0000	4	0	1	0	0	0	0	-1				-1	-1	-1	-1		1.3671	17021.9	0	8	1	0	0	0	8	7
18259	1	169152	0	0	7	23	23	same	3	0	0	77.8	0	0	-126.63	-103.52	428.36	0	503.7	2.0143	-15.0000	4	0	1	0	0	0	0	-1				-1	-1	-1	-1		1.6598	7876.9	0	7	1	0	0	0	9	6
18259	1	169221	0	0	1000005	69	15	not_in_act	3	0	0	81.8	0	0	9.77	-1.75	466.16	0	455.7	0.0268	-15.0000	8	0	0	1	0	0	0	-1				-1	-1	-1	-1		0.7982	5012.6	1	5	1	1	0	0	4	1
18259	1	169240	0	0	9	7	7	same	1	0	0	337.3	0	0	-12.01	-1.58	168.45	0	929.3	4.2596	-15.0000	4	0	1	0	0	0	0	-1				-1	-1	-1	-1		1.0900	16975.7	0	9	1	0	0	0	4	3
18259	1	169306	0	0	1000010	13	13	same	6	0	1	62.4	0	0	160.18	-152.11	33.19	0	513.5	0.1604	-15.0000	8	0	0	1	0	0	0	-1				-1	-1	-1	-1		0.9102	20107.9	1	10	1	0	0	0	13	7
18259	1	169658	0	0	1000010	9	9	same	5	0	1	269.1	0	0	46.73	-2.62	54.18	0	970.8	3.9964	-15.0000	4	0	1	0	0	0	0	-1				-1	-1	-1	-1		1.3166	19280.7	1	10	1	0	0	0	8	3
18259	1	169724	0	0	11	10	10	same	5	0	1	28.4	0	0	-9.71	-63.53	443.05	0	731.2	1.1663	-15.0000	8	0	0	1	0	0	0	-1				-1	-1	-1	-1		1.4655	7123.9	0	11	1	0	0	0	6	1
18259	1	169793	0	0	7	13	13	same	2	0	0	199.1	0	0	-177.52	138.40	319.01	0	904.1	1.2714	-15.0000	8	0	0	1	0	0	0	-1				-1	-1	-1	-1		1.2931	12092.7	0	7	1	0	0	0	40	38
18259	1	169966	0	0	7	17	17	same	2	0	1	3.0	0	0	-16.74	46.47	121.67	0	56.9	-3.0557	-15.0000	8	0	0	1	0	0	0	-1				-1	-1	-1	-1		2.0589	5088.4	0	7	1	0	0	0	14	12
18259	1	170076	0	0	4	12	12	same	9	0	0	323.5	1	2	-15.64	2.19	31.81	0	1207.8	5.1792	-15.0000	4	0	1	0	0	0	0	-1				-1	-1	-1	-1		1.9202	20416.3	0	4	1	0	0	0	16	7
18259	1	170098	0	0	6	15	15	same	2	0	1	78.6	0	0	-51.53	88.60	345.55	0	808.4	2.9185	-15.0000	4	0	1	0	0	0	0	-1				-1	-1	-1	-1		1.2801	18436.5	0	6	1	0	0	0	35	33
18259	1	170194	0	0	1000011	13	13	same	3	0	0	307.8	1	1	2.83	-105.09	194.11	0	842.3	0.4976	-15.0000	6	1	1	0	0	1	0	-1				-1	-1	-1	-1		0.5402	21178.0	1	10	1	0	0	0	3	0
18259	1	170274	0	0	11	3	3	same	1	0	1	46.5	0	0	-76.12	-158.22	29.73	0	257.8	1.5045	-15.0000	6	1	1	0	0	1	0	-1				-1	-1	-1	-1		2.0326	3094.1	0	11	1	0	0	0	12	11
18259	1	170365	0	0	7	11	11	same	2	0	0	105.9	0	0	-43.35	-106.52	408.25	0	453.5	3.5686	-15.0000	4	0	1	0	0	0	0	-1				-1	-1	-1	-1		0.8894	5822.6	0	7	1	0	0	0	3	1
18259	1	170428	0	0	1000005	14	14	same	2	0	1	285.7	0	0	5.72	52.90	263.43	0	874.1	4.1704	-15.0000	4	0	1	0	0	0	0	-1				-1	-1	-1	-1		0.9022	18949.1	1	6	1	0	0	0	5	3
18259	1	170585	0	0	1000002	12	12	same	4	0	0	27.2	0	0	191.69	143.76	407.40	0	299.3	1.7836	-15.0000	4	0	1	0	0	0	0	-1				-1	-1	-1	-1		1.9387	14204.0	1	2	1	0	0	0	7	3
18259	1	170651	0	0	1000005	10	10	same	1	0	1	232.6	0	0	1.66	-70.18	68.93	0	650.9	3.0677	-15.0000	4	0	1	0	0	0	0	-1				-1	-1	-1	-1		1.5022	16437.7	1	5	1	0	0	0	3	2
18259	1	170761	0	0	1000009	6	6	same	5	0	0	317.2	0	0	96.97	59.03	127.22	0	1603.7	4.3065	-15.0000	4	0	1	0	0	0	0	-1				-1	-1	-1	-1		0.6292	52993.1	1	8	1	0	0	0	21	16
18259	1	171096	0	0	10	2	2	same	1	0	0	97.5	0	0	-96.43	186.63	146.53	0	821.9	0.0162	-15.0000	6	1	1	0	0	1	0	-1				-1	-1	-1	-1		1.4093	9807.9	0	10	1	0	0	0	4	3
18259	1	171143	0	0	9	7	7	same	1	0	0	102.3	0	0	-112.76	-155.04	75.24	0	710.2	3.3418	-15.0000	4	0	1	0	0	0	0	-1				-1	-1	-1	-1		1.7806	13090.6	0	9	1	0	0	0	11	10
18259	1	171352	0	0	5	13	13	same	3	0	0	87.2	0	0	-37.60	-176.26	457.22	0	1098.1	3.1249	-15.0000	4	0	1	0	0	0	0	-1				-1	-1	-1	-1		1.7076	8922.5	0	5	1	0	0	0	18	15
18259	1	171440	0	0	9	1	1	same	1	0	0	1.8	0	0	0.00	0.00	0.00	1	0.0	-1.9417	-15.0000	0	0	0	0	0	0	0	-1				-1	-1	-1	-1		1.7408	380.6	0	9	0	0	0	0	1	0
18259	1	171473	0	0	8	4	4	same	1	0	1	3.6	0	0	-101.59	-114.46	340.45	0	130.2	-0.6594	-15.0000	10	1	0	1	0	1	0	-1				-1	-1	-1	-1		0.7530	1654.9	0	8	1	0	0	0	2	1
18259	1	171528	0	0	1000007	16	16	same	3	0	0	35.2	0	0	32.88	-196.03	412.37	0	352.9	-1.5018	-15.0000	10	1	0	1	0	1	0	-1				-1	-1	-1	-1		1.3476	6953.2	1	6	1	0	0	0	15	12
18259	1	171572	0	0	1000008	82	10	not_in_act	4	0	1	127.2	0	0	12.61	-71.53	213.93	0	697.1	-0.3907	-15.0000	8	0	0	1	0	0	0	-1				-1	-1	-1	-1		1.4448	28522.9	1	7	1	1	0	0	15	11
18259	1	171616	0	0	11	5	5	same	1	0	1	149.5	0	0	-93.42	-154.54	196.12	0	560.2	3.1400	-15.0000	4	0	1	0	0	0	0	-1				-1	-1	-1	-1		0.5339	22592.0	0	11	1	0	0	0	24	23
18259	1	171729	0	0	1000005	8	8	same	2	0	0	161.9	0	0	-8.99	128.03	290.99	0	972.7	2.6361	-11.8248	4	0	1	0	0	0	0	-1				-1	-1	-1	-1		0.5460	5433.0	1	5	1	0	1	1	11	9
18259	1	171770	0	0	1000007	9	9	same	1	0	0	3.3	0	0	0.00	0.00	0.00	1	0.0	-1.9417	-15.0000	0	0	0	0	0	0	0	-1				-1	-1	-1	-1		0.8459	12269.4	1	5	0	0	0	0	1	0
18259	1	171778	0	0	1000007	4	4	same	1	0	0	1.2	0	0	0.00	0.00	0.00	1	0.0	-1.9417	-15.0000	0	0	0	0	0	0	0	-1				-1	-1	-1	-1		1.9450	153.7	1	6	0	0	0	0	1	0
18259	1	171866	0	0	8	16	16	same	3	0	0	114.7	0	0	-55.32	-170.50	335.19	0	554.3	4.8296	-15.0000	4	0	1	0	0	0	0	-1				-1	-1	-1	-1		1.5883	7774.0	0	8	1	0	0	0	5	2
18259	1	172012	0	0	1000012	29	29	same	4	1	0	73.6	1	1	63.37	15.61	0.24	0	462.1	-3.5043	-15.0000	10	1	0	1	0	1	0	-1				-1	-1	-1	-1		1.3834	18428.3	1	15	1	0	0	0	5	1
18259	1	172015	0	0	1000007	8	8	same	1	0	0	0.7	0	0	0.00	0.00	0.00	1	0.0	-1.9417	-15.0000	0	0	0	0	0	0	0	-1				-1	-1	-1	-1		0.6373	8155.5	1	7	0	0	0	0	1	0
18259	1	172020	0	0	7	3	3	same	1	0	1	122.5	0	0	-164.85	-80.99	356.09	0	786.3	1.3862	-15.0000	4	0	1	0	0	0	0	-1				-1	-1	-1	-1		0.9592	21973.0	0	7	1	0	0	0	6	5
18259	1	172177	0	0	2	7	7	same	2	0	0	61.6	0	0	-178.06	159.10	375.84	0	428.9	3.3161	-15.0000	4	0	1	0	0	0	0	-1				-1	-1	-1	-1		1.4853	12217.1	0	2	1	0	0	0	27	25
18259	1	172262	0	0	1000007	32	32	same	8	1	0	83.8	1	1	40.75	43.09	0.01	0	331.1	-4.1250	-15.0000	6	1	1	0	0	1	0	-1				-1	-1	-1	-1		0.5350	6951.8	1	7	1	0	0	0	9	1
18259	1	172262	1	1	8	29	29	same	14	1	1	45.8	1	1	-32.77	180.33	248.97	0	345.6	-0.3283	-15.0000	8	0	0	1	0	0	0	-1				-1	-1	-1	-1		1.5238	55583.2	0	8	1	0	0	0	22	8
18259	1	172344	0	0	7	12	12	same	3	0	0	37.4	0	0	-79.24	-185.04	477.62	0	585.0	2.5117	-15.0000	4	0	1	0	0	0	0	-1				-1	-1	-1	-1		1.8372	2999.4	0	7	1	0	0	0	4	1
18259	1	172463	0	0	7	15	15	same	4	0	0	186.8	0	0	-201.14	-108.76	268.98	0	752.8	-2.4197	-15.0000	6	1	1	0	0	1	0	-1				-1	-1	-1	-1		1.4766	45183.4	0	7	1	0	0	0	6	2
18259	1	172498	0	0	1000013	11	11	same	2	0	0	37.7	0	0	13.31	-175.46	240.70	0	470.4	1.0415	-15.0000	8	0	0	1	0	0	0	-1				-1	-1	-1	-1		1.2999	2375.3	1	13	1	0	0	0	4	2
18259	1	172548	0	0	6	10	10	same	3	0	1	6.0	0	0	-17.34	76.96	469.32	0	86.1	-0.8803	-15.0000	8	0	0	1	0	0	0	-1				-1	-1	-1	-1		1.1658	1876.4	0	6	1	0	0	0	7	4
18259	1	172617	0	0	1000007	17	17	same	3	0	0	185.7	0	0	54.26	119.72	339.57	0	819.8	4.0760	-15.0000	4	0	1	0	0	0	0	-1				-1	-1	-1	-1		1.9267	12809.3	1	7	1	0	0	0	3	0
18259	1	172762	0	0	5	15	15	same	3	0	1	308.5	0	0	-12.06	-157.16	127.57	0	839.5	4.0554	-15.0000	4	0	1	0	0	0	0	-1				-1	-1	-1	-1		1.4548	14037.0	0	5	1	0	0	0	3	0
18259	1	172850	0	0	1000007	10	10	same	2	0	0	53.5	0	0	193.21	68.44	391.30	0	343.8	2.4754	-15.0000	4	0	1	0	0	0	0	-1				-1	-1	-1	-1		0.6167	44241.5	1	1000007	1	0	0	0	3	1
18259	1	173048	0	0	1000011	16	16	same	3	0	0	264.9	0	0	114.63	-31.48	254.73	0	922.8	4.1894	-15.0000	4	0	1	0	0	0	0	-1				-1	-1	-1	-1		0.5617	14476.4	1	9	1	0	0	0	5	2
18259	1	173049	0	0	4	11	11	same	3	0	0	50.0	1	1	-182.94	127.13	470.86	0	351.4	3.3947	-15.0000	4	0	1	0	0	0	0	-1				-1	-1	-1	-1		1.8484	4355.9	0	4	1	0	0	0	5	2
18259	1	173093	0	0	1000004	12	12	same	10	0	1	21.5	0	0	23.82	-18.85	332.69	0	631.2	-0.0768	-6.5162	8	0	0	1	0	0	0	-1				-1	-1	-1	-1		1.8893	6474.1	1	4	1	0	1	1	24	14
18259	1	173108	0	0	13	13	13	same	1	0	0	39.3	0	0	-100.35	178.25	12.20	0	310.3	2.5321	-15.0000	4	0	1	0	0	0	0	-1				-1	-1	-1	-1		1.9346	3575.8	0	13	1	0	0	0	5	4
18259	1	173340	0	0	11	7	7	same	1	0	0	88.4	0	0	-66.15	187.89	43.61	0	358.9	0.1583	-15.0000	4	0	1	0	0	0	0	-1				-1	-1	-1	-1		1.5246	2470.2	0	11	1	0	0	0	4	3
18259	1	173488	0	0	1000009	8	8	same	8	0	1	3.9	0	0	17.98	173.82	14.39	0	97.7	-1.2261	-15.0000	8	0	0	1	0	0	0	-1				-1	-1	-1	-1		1.1852	1675.7	1	8	1	0	0	0	12	4
18259	1	173495	0	0	13	15	15	same	6	0	0	35.3	0	0	-0.56	199.34	459.66	0	360.3	-1.0672	-15.0000	6	1	1	0	0	1	0	-1				-1	-1	-1	-1		1.6323	1990.2	0	13	1	0	0	0	8	2
18259	1	173585	0	0	11	5	5	same	1	0	1	198.5	0	0	-54.48	-131.26	231.76	0	665.2	4.6625	-15.0000	4	0	1	0	0	0	0	-1				-1	-1	-1	-1		0.6909	17339.6	0	11	1	0	0	0	5	4
18259	1	173620	0	0	1000010	15	15	same	2	0	1	113.3	0	0	29.19	131.99	150.81	0	378.8	0.4158	-15.0000	8	0	0	1	0	0	0	-1				-1	-1	-1	-1		1.2793	12929.7	1	10	1	0	0	0	12	10
18259	1	173643	0	0	5	3	3	same	2	0	0	141.3	0	0	-106.13	-115.06	392.42	0	617.1	4.0861	-15.0000	4	0	1	0	0	0	0	-1				-1	-1	-1	-1		1.3011	14703.9	0	5	1	0	0	0	12	10
18259	1	173671	0	0	1000007	23	18	in_act_not_selected	4	0	0	369.5	0	0	-13.67	-99.56	82.52	0	1194.0	2.8220	-15.0000	4	0	1	0	0	0	0	-1				-1	-1	-1	-1		1.5064	47475.2	1	7	1	1	0	0	4	0
18259	1	173819	0	0	1000003	18	18	same	2	0	0	79.9	1	1	92.21	172.67	379.98	0	1125.4	1.4067	-15.0000	4	0	1	0	0	0	0	-1				-1	-1	-1	-1		0.6978	15207.6	1	3	1	0	0	0	11	9
18259	1	173827	0	0	1000011	24	24	same	2	0	1	4.1	0	0	60.60	144.34	35.48	0	108.7	-1.4857	-15.0000	8	0	0	1	0	0	0	-1				-1	-1	-1	-1		0.8468	1452.2	1	13	1	0	0	0	3	1
18259	1	173912	0	0	6	2	2	same	2	0	0	57.4	0	0	-181.96	154.07	451.81	0	620.0	1.6150	-15.0000	4	0	1	0	0	0	0	-1				-1	-1	-1	-1		1.6761	16611.3	0	6	1	0	0	0	10	8
18259	1	173915	0	0	7	18	18	same	3	0	0	245.5	0	0	-201.22	15.03	125.86	0	704.0	-4.0676	-15.0000	6	1	1	0	0	1	0	-1				-1	-1	-1	-1		0.9126	20353.6	0	7	1	0	0	0	8	5
18259	1	174164	0	0	1000009	16	16	same	2	0	1	260.1	0	0	12.79	-96.14	242.31	0	1222.2	3.7030	-15.0000	4	0	1	0	0	0	0	-1				-1	-1	-1	-1		1.4180	13327.0	1	10	1	0	0	0	14	12
18259	1	174302	0	0	7	6	6	same	1	0	1	93.9	0	0	-22.38	-8.78	151.74	0	457.9	0.7704	-15.0000	4	0	1	0	0	0	0	-1				-1	-1	-1	-1		1.4834	8318.7	0	7	1	0	0	0	4	3
18259	1	174311	0	0	9	3	3	same	1	0	0	86.5	0	0	-81.36	6.09	449.82	0	549.2	3.3579	-15.0000	4	0	1	0	0	0	0	-1				-1	-1	-1	-1		1.5690	8969.7	0	9	1	0	0	0	4	3
18259	1	174352	0	0	9	14	14	same	3	0	1	66.8	0	0	-83.55	-77.21	239.30	0	688.2	1.3720	-15.0000	8	0	0	1	0	0	0	-1				-1	-1	-1	-1		0.8440	15450.1	0	9	1	0	0	0	17	14
18259	1	174661	0	0	1000006	9	9	same	1	0	1	135.2	0	0	100.41	40.32	115.71	0	613.7	4.2722	-15.0000	4	0	1	0	0	0	0	-1				-1	-1	-1	-1		1.5354	23865.1	1	1000006	1	0	0	0	1	0
18259	1	174661	1	1	5	4	4	same	1	0	0	130.1	0	0	-27.47	-153.58	137.37	0	449.0	3.0053	-15.0000	4	0	1	0	0	0	0	-1				-1	-1	-1	-1		0.9561	7245.1	0	5	1	0	0	0	9	8
18259	1	174770	0	0	8	4	4	same	1	0	1	3.0	0	0	-185.96	7.66	56.21	0	92.9	-1.6361	-15.0000	8	0	0	1	0	0	0	-1				-1	-1	-1	-1		1.3633	4374.6	0	8	1	0	0	0	4	3
18259	1	174771	0	0	1000005	22	22	same	29	0	0	290.2	0	0	142.55	47.70	221.69	0	1937.8	3.1986	-15.0000	4	0	1	0	0	0	0	-1				-1	-1	-1	-1		1.4860	110090.2	1	5	1	0	0	0	41	12
18259	1	174896	0	0	5	19	19	same	4	0	1	212.2	1	1	-105.90	-43.35	289.50	0	1065.4	4.0654	-15.0000	4	0	1	0	0	0	0	-1				-1	-1	-1	-1		0.8463	22912.0	0	5	1	0	0	0	28	24
18259	1	174993	0	0	1000007	8	8	same	1	0	1	134.2	0	0	104.27	-157.59	235.88	0	489.5	2.4834	-15.0000	4	0	1	0	0	0	0	-1				-1	-1	-1	-1		1.7517	8098.5	1	1000007	1	0	0	0	5	4
18259	1	175057	0	0	1000009	20	20	same	3	0	0	237.7	0	0	128.28	-24.33	282.28	0	959.2	4.3771	-15.0000	4	0	1	0	0	0	0	-1				-1	-1	-1	-1		1.4520	26105.5	1	8	1	0	0	0	5	2
18259	1	175094	0	0	6	5	5	same	2	0	0	116.6	0	0	-116.75	-4.89	73.78	0	504.0	3.7110	-15.0000	4	0	1	0	0	0	0	-1				-1	-1	-1	-1		1.6813	14932.9	0	6	1	0	0	0	9	7
18259	1	175094	1	1	1000005	6	6	same	1	0	0	18.1	0	0	180.89	24.97	12.23	0	218.6	-2.1278	-15.0000	6	1	1	0	0	1	0	-1				-1	-1	-1	-1		0.6465	4690.7	1	1000005	1	0	0	0	5	4
18259	1	175117	0	0	1000005	17	17	same	4	0	1	33.1	1	1	38.84	31.05	319.60	0	491.2	0.1844	-15.0000	4	0	1	0	0	0	0	-1				-1	-1	-1	-1		1.1890	8600.0	1	5	1	0	0	0	8	4
18259	1	175814	0	0	1000010	8	8	same	1	0	1	391.4	0	0	71.75	167.65	131.25	0	1125.8	5.3499	-15.0000	4	0	1	0	0	0	0	-1				-1	-1	-1	-1		1.6924	9513.7	1	9	1	0	0	0	3	2
18259	1	175893	0	0	1000011	21	21	same	2	0	1	22.3	0	0	163.02	64.15	384.98	0	314.9	-0.3623	-15.0000	8	0	0	1	0	0	0	-1				-1	-1	-1	-1		0.8454	11894.5	1	10	1	0	0	0	15	13
18259	1	175952	0	0	2	10	10	same	3	0	1	299.8	0	0	-156.14	-32.55	230.69	0	1403.2	3.3612	-12.1500	4	0	1	0	0	0	0	-1				-1	-1	-1	-1		1.2732	50986.1	0	2	1	0	1	1	8	5
18259	1	175959	0	0	1000007	15	15	same	1	0	0	187.7	0	0	5.54	-135.15	176.25	0	662.1	4.3119	-15.0000	4	0	1	0	0	0	0	-1				-1	-1	-1	-1		1.0319	9030.8	1	7	1	0	0	0	2	1
18259	1	176150	0	0	6	52	8	not_in_act	1	0	0	132.3	0	0	-44.52	-0.16	0.99	0	484.7	-2.3342	-15.0000	10	1	0	1	0	1	0	-1				-1	-1	-1	-1		1.1425	7020.9	0	6	1	1	0	0	3	2
18259	1	176260	0	0	7	15	15	same	1	0	1	303.1	0	0	-165.62	82.20	74.28	0	871.0	2.2828	-11.7277	4	0	1	0	0	0	0	-1				-1	-1	-1	-1		1.8941	27487.4	0	7	1	0	1	1	11	10
18259	1	176502	0	0	1000008	109	21	not_in_act	50	0	1	165.3	0	0	126.12	-34.87	117.52	0	3826.0	1.0055	-1.4608	4	0	1	0	0	0	0	-1				-1	-1	-1	-1		0.7587	128809.3	1	1000008	1	1	1	1	104	54
18259	1	176533	0	0	4	11	11	same	4	0	1	65.0	0	0	-156.06	-127.21	378.52	0	758.7	-0.1263	12.2823	40	0	0	1	1	0	0	-1				-1	-1	-1	-1		1.9619	26289.6	0	4	1	0	1	1	38	34
18259	1	176707	0	0	6	10	10	same	1	0	1	2.0	0	0	-114.43	-112.75	287.33	0	19.3	-1.5581	-15.0000	8	0	0	1	0	0	0	-1				-1	-1	-1	-1		1.6238	2182.5	0	6	1	0	0	0	5	4
18259	1	176810	0	0	1000009	15	15	same	1	0	1	12.8	0	0	93.42	-2.43	115.56	0	129.7	-3.3708	-15.0000	8	0	0	1	0	0	0	-1				-1	-1	-1	-1		0.5978	3600.3	1	1000009	1	0	0	0	1	0
18259	1	176948	0	0	12	9	9	same	1	0	1	40.7	0	0	-73.23	36.80	118.52	0	349.0	-1.7732	-15.0000	8	0	0	1	0	0	0	-1				-1	-1	-1	-1		1.3755	10136.7	0	12	1	0	0	0	5	4
18259	1	176986	0	0	1000006	68	7	not_in_act	1	0	1	20.7	0	0	37.28	66.24	312.13	0	329.8	-1.3949	-15.0000	8	0	0	1	0	0	0	-1				-1	-1	-1	-1		0.6003	8486.2	1	6	1	1	0	0	29	28
18259	1	177068	0	0	8	6	6	same	1	0	1	32.9	0	0	-120.31	103.90	17.37	0	270.5	-0.2194	-15.0000	8	0	0	1	0	0	0	-1				-1	-1	-1	-1		0.9283	3183.7	0	8	1	0	0	0	11	10
18259	1	177149	0	0	6	13	13	same	2	0	1	21.2	0	0	-64.02	-110.94	205.00	0	284.3	-1.6695	-15.0000	8	0	0	1	0	0	0	-1				-1	-1	-1	-1		1.6611	10434.9	0	6	1	0	0	0	8	6
18259	1	177178	0	0	5	5	5	same	2	0	0	101.6	0	0	-183.62	-39.38	155.25	0	493.4	4.4126	-15.0000	4	0	1	0	0	0	0	-1				-1	-1	-1	-1		1.4588	48038.9	0	5	1	0	0	0	2	0
18259	1	177266	0	0	9	19	19	same	3	0	1	34.8	0	0	-122.71	-19.11	185.89	0	417.2	1.2104	-15.0000	4	0	1	0	0	0	0	-1				-1	-1	-1	-1		1.6348	7461.9	0	9	1	0	0	0	4	1
18259	1	177360	0	0	6	1	1	same	1	0	1	5.3	0	0	-174.38	-155.40	364.80	0	133.7	-1.0587	-15.0000	8	0	0	1	0	0	0	-1				-1	-1	-1	-1		1.9601	2271.2	0	6	1	0	0	0	4	3
18259	1	177366	0	0	1000010	11	11	same	1	0	0	34.1	0	0	99.03	-127.54	483.42	0	510.5	2.6351	-15.0000	4	0	1	0	0	0	0	-1				-1	-1	-1	-1		1.5921	5370.5	1	1000010	1	0	0	0	7	6
18259	1	177455	0	0	4	4	4	same	1	0	1	4.4	0	0	-171.58	44.32	279.20	0	79.1	-0.8079	-15.0000	8	0	0	1	0	0	0	-1				-1	-1	-1	-1		2.0327	9020.6	0	4	1	0	0	0	6	5
18259	1	177536	0	0	6	81	17	not_in_act	2	0	1	296.2	0	0	56.98	48.03	172.24	0	1225.8	3.3669	-15.0000	4	0	1	0	0	0	0	-1				-1	-1	-1	-1		0.6968	15292.5	0	6	1	1	0	0	8	6
18259	1	177961	0	0	1000012	15	15	same	1	0	1	25.3	0	0	17.25	143.48	485.35	0	322.3	0.1859	-6.5851	8	0	0	1	0	0	0	-1				-1	-1	-1	-1		0.7810	7838.5	1	11	1	0	1	1	2	1
18259	1	178115	0	0	1000008	8	8	same	2	0	0	69.9	0	0	190.18	167.05	376.54	0	764.2	1.1970	-2.4115	8	0	0	1	0	0	0	-1				-1	-1	-1	-1		0.7620	22530.4	1	1000008	1	0	1	1	4	2
18259	1	178225	0	0	10	11	11	same	2	0	0	92.6	0	0	-25.27	144.01	431.99	0	483.1	2.8820	-15.0000	4	0	1	0	0	0	0	-1				-1	-1	-1	-1		1.0062	5552.0	0	10	1	0	0	0	7	5
18259	1	178350	0	0	6	18	18	same	4	0	0	144.2	1	1	-46.22	-178.52	359.27	0	457.7	3.0275	-15.0000	4	0	1	0	0	0	0	-1				-1	-1	-1	-1		1.5700	3575.4	0	6	1	0	0	0	4	0
18259	1	178388	0	0	1000007	9	9	same	1	0	1	39.8	0	0	32.96	15.66	206.59	0	310.0	2.1057	-15.0000	4	0	1	0	0	0	0	-1				-1	-1	-1	-1		1.3011	5131.3	1	8	1	0	0	0	6	5
18259	1	178445	0	0	1000010	11	11	same	5	0	0	42.4	1	1	22.37	188.51	385.78	0	430.9	1.4380	-15.0000	4	0	1	0	0	0	0	-1				-1	-1	-1	-1		0.6442	1599.2	1	10	1	0	0	0	9	4
18259	1	178548	0	0	1000007	12	12	same	3	0	0	99.9	1	1	111.35	-101.02	293.32	0	384.9	1.1238	-15.0000	4	0	1	0	0	0	0	-1				-1	-1	-1	-1		0.7998	11304.6	1	6	1	0	0	0	10	7
18259	1	178570	0	0	4	23	23	same	4	0	0	74.5	1	1	-64.46	-137.78	458.19	0	737.7	2.1618	-15.0000	4	0	1	0	0	0	0	-1				-1	-1	-1	-1		1.9331	8844.5	0	4	1	0	0	0	11	7
18259	1	178841	0	0	6	12	12	same	7	0	1	366.2	0	0	-183.54	154.93	95.36	0	1005.4	3.7599	-15.0000	4	0	1	0	0	0	0	-1				-1	-1	-1	-1		0.9625	44384.9	0	6	1	0	0	0	10	3
18259	1	178865	0	0	8	2	2	same	1	0	1	220.3	0	0	-163.63	73.46	243.54	0	625.3	3.8581	-15.0000	4	0	1	0	0	0	0	-1				-1	-1	-1	-1		1.1978	11589.6	0	8	1	0	0	0	3	2
18259	1	178885	0	0	1000009	11	11	same	1	0	1	188.2	0	0	60.07	-85.47	135.33	0	700.1	2.8099	-15.0000	6	1	1	0	0	1	0	-1				-1	-1	-1	-1		1.0712	15318.3	1	9	1	0	0	0	10	9
18259	1	178907	0	0	1000010	9	9	same	1	0	0	47.5	0	0	172.17	-191.93	121.50	0	412.5	3.3375	-15.0000	4	0	1	0	0	0	0	-1				-1	-1	-1	-1		0.9687	4307.5	1	1000010	1	0	0	0	4	3
18259	1	178931	0	0	1000006	9	9	same	1	0	1	29.1	0	0	83.58	-94.12	259.32	0	252.7	-0.7920	-15.0000	6	1	1	0	0	1	0	-1				-1	-1	-1	-1		1.1494	4492.2	1	1000006	1	0	0	0	11	10
18259	1	178966	0	0	1000008	10	10	same	1	0	0	1.4	0	0	0.00	0.00	0.00	1	0.0	-1.9417	-15.0000	0	0	0	0	0	0	0	-1				-1	-1	-1	-1		1.7783	182.7	1	9	0	0	0	0	1	0
18259	1	179048	0	0	1000010	10	10	same	1	0	1	311.2	0	0	164.75	105.29	152.03	0	876.8	4.0078	-15.0000	4	0	1	0	0	0	0	-1				-1	-1	-1	-1		0.6883	25782.1	1	9	1	0	0	0	5	4
18259	1	179054	0	0	15	19	19	same	3	0	1	130.9	0	0	-123.96	6.33	217.76	0	1116.3	-0.0578	-15.0000	8	0	0	1	0	0	0	-1				-1	-1	-1	-1		0.6267	45225.2	0	15	1	0	0	0	9	6
18259	1	179054	1	1	1000017	15	15	same	1	0	0	110.5	0	0	53.88	152.77	330.20	0	565.6	4.1637	-15.0000	4	0	1	0	0	0	0	-1				-1	-1	-1	-1		0.9832	7969.4	1	1000017	1	0	0	0	4	3
18259	1	179246	0	0	4	7	7	same	1	0	1	156.5	0	0	40.41	-95.39	275.92	0	558.5	2.0832	-15.0000	4	0	1	0	0	0	0	-1				-1	-1	-1	-1		0.5432	5500.0	0	4	1	0	0	0	10	9
18259	1	179369	0	0	1000006	16	16	same	6	0	0	515.8	0	0	-28.95	57.97	40.98	0	1676.0	5.0819	-12.6493	4	0	1	0	0	0	0	-1				-1	-1	-1	-1		1.9602	30536.1	1	6	1	0	1	1	39	33
18259	1	179369	1	1	5	102	12	not_in_act	3	0	0	138.1	0	0	-1.64	27.89	31.70	0	1166.7	0.3656	-15.0000	8	0	0	1	0	0	0	-1				-1	-1	-1	-1		0.2893	31286.0	0	5	1	1	0	0	43	40
18259	1	179604	0	0	4	12	12	same	4	0	1	409.1	0	0	-180.57	163.24	35.17	0	1497.1	5.1297	-15.0000	4	0	1	0	0	0	0	-1				-1	-1	-1	-1		1.9914	49364.2	0	4	1	0	0	0	6	2
18259	1	179611	0	0	1000006	10	10	same	7	0	0	58.2	0	0	44.36	21.30	422.73	0	492.9	1.6103	-15.6536	8	0	0	1	0	0	0	-1				-1	-1	-1	-1		1.8547	10449.2	1	6	1	0	1	1	17	10
18259	1	179752	0	0	6	37	16	not_in_act	4	0	0	69.1	0	0	-183.41	-16.48	40.88	0	367.6	-1.1249	-15.0000	8	0	0	1	0	0	0	-1				-1	-1	-1	-1		1.9479	47351.5	0	6	1	1	0	0	10	6
18259	1	179765	0	0	1000007	6	6	same	3	0	0	90.7	0	0	148.39	29.94	419.82	0	514.7	3.5000	-15.0000	4	0	1	0	0	0	0	-1				-1	-1	-1	-1		1.6964	12256.5	1	6	1	0	0	0	4	1
18259	1	179897	0	0	1000011	22	22	same	6	0	1	119.8	0	0	14.09	116.56	217.15	0	928.8	0.8340	-15.0000	4	0	1	0	0	0	0	-1				-1	-1	-1	-1		1.9627	15020.8	1	9	1	0	0	0	9	3
18259	1	179912	0	0	9	1	1	same	1	0	0	90.2	0	0	-182.47	114.02	352.93	0	450.0	2.4045	-15.0000	4	0	1	0	0	0	0	-1				-1	-1	-1	-1		1.0090	17070.3	0	9	1	0	0	0	9	8
18259	1	180088	0	0	9	7	7	same	1	0	1	6.0	0	0	-2.00	-154.11	38.61	0	84.6	-0.9288	-15.0000	8	0	0	1	0	0	0	-1				-1	-1	-1	-1		1.0637	4432.4	0	9	1	0	0	0	4	3
18259	1	180117	0	0	10	12	12	same	4	0	0	400.7	0	0	-181.39	-25.79	231.95	0	1316.9	4.4465	-15.0000	4	0	1	0	0	0	0	-1				-1	-1	-1	-1		1.2685	39523.2	0	10	1	0	0	0	7	3
18259	1	180403	0	0	4	7	7	same	2	0	0	125.2	0	0	-184.42	41.51	6.30	0	665.6	3.4661	-15.0000	4	0	1	0	0	0	0	-1				-1	-1	-1	-1		1.2106	17476.0	0	4	1	0	0	0	3	1
18259	1	180544	0	0	6	10	10	same	3	0	1	37.1	1	1	-178.70	-26.87	277.61	0	608.2	0.8576	-15.0000	4	0	1	0	0	0	0	-1				-1	-1	-1	-1		0.5516	31325.1	0	6	1	0	0	0	9	6
18259	1	180645	0	0	5	10	10	same	4	0	0	141.7	1	1	-116.61	171.56	468.83	0	591.9	2.6086	-15.0000	4	0	1	0	0	0	0	-1				-1	-1	-1	-1		1.5861	6441.3	0	5	1	0	0	0	9	5
18259	1	180698	0	0	6	9	9	same	11	0	0	251.9	0	0	-158.64	183.37	1.13	0	751.9	-4.7676	-15.0000	6	1	1	0	0	1	0	-1				-1	-1	-1	-1		1.2875	21150.5	0	6	1	0	0	0	13	2
18259	1	181050	0	0	4	6	6	same	1	0	1	46.9	0	0	-41.22	182.15	487.24	0	348.1	0.5318	-3.7440	8	0	0	1	0	0	0	-1				-1	-1	-1	-1		2.0066	10229.1	0	4	1	0	1	1	23	22
18259	1	181094	0	0	6	4	4	same	1	0	0	1.2	0	0	0.00	0.00	0.00	1	0.0	-1.9417	-15.0000	0	0	0	0	0	0	0	-1				-1	-1	-1	-1		0.7120	5557.5	0	6	0	0	0	0	1	0
18259	1	236192	0	0	1000004	12	12	same	2	0	1	106.5	0	0	55.88	-89.83	177.16	0	526.9	2.1052	-15.0000	6	1	1	0	0	1	0	-1				-1	-1	-1	-1		0.6917	5837.0	1	4	1	0	0	0	6	4
18259	1	236500	0	0	6	8	8	same	1	0	1	2.3	0	0	-166.52	-72.55	254.22	0	113.7	-2.1951	-15.0000	8	0	0	1	0	0	0	-1				-1	-1	-1	-1		1.7099	1495.8	0	6	1	0	0	0	5	4
18259	1	236610	0	0	1000005	12	12	same	1	0	0	37.9	0	0	157.09	25.79	482.04	0	507.1	2.8914	-15.0000	4	0	1	0	0	0	0	-1				-1	-1	-1	-1		0.7526	7133.4	1	1000005	1	0	0	0	2	1
18259	1	237292	0	0	6	13	13	same	2	0	1	55.9	0	0	-68.11	-69.42	375.59	0	331.2	1.6222	-15.0000	4	0	1	0	0	0	0	-1				-1	-1	-1	-1		1.3633	11727.4	0	6	1	0	0	0	22	20
18259	1	237446	0	0	1000009	12	12	same	2	0	0	48.2	0	0	193.47	-183.62	188.19	0	590.0	2.7349	-15.0000	4	0	1	0	0	0	0	-1				-1	-1	-1	-1		1.5931	10165.9	1	1000009	1	0	0	0	3	1
18259	1	237710	0	0	7	15	15	same	1	0	0	104.7	0	0	-9.79	-112.86	396.06	0	400.9	2.4907	-15.0000	4	0	1	0	0	0	0	-1				-1	-1	-1	-1		1.7235	5756.8	0	7	1	0	0	0	5	4
18259	1	237798	0	0	14	3	3	same	1	0	1	245.6	0	0	-121.83	37.36	68.87	0	689.1	2.9671	-15.0000	4	0	1	0	0	0	0	-1				-1	-1	-1	-1		1.5726	23054.2	0	14	1	0	0	0	6	5
18259	1	239118	0	0	4	5	5	same	1	0	1	10.6	0	0	-137.36	61.11	20.20	0	119.6	-2.8834	-15.0000	8	0	0	1	0	0	0	-1				-1	-1	-1	-1		0.7538	6761.0	0	4	1	0	0	0	2	1
18259	1	239404	0	0	1000004	10	10	same	1	0	1	109.6	0	0	165.60	66.52	80.56	0	913.4	-0.0122	-15.0000	4	0	1	0	0	0	0	-1				-1	-1	-1	-1		0.5317	13881.3	1	4	1	0	0	0	2	1
18259	1	240196	0	0	8	4	4	same	2	0	0	32.5	0	0	-179.21	46.83	375.97	0	422.8	-1.8834	-15.0000	6	1	1	0	0	1	0	-1				-1	-1	-1	-1		1.3342	6278.9	0	8	1	0	0	0	2	0
18259	1	240372	0	0	1000010	15	15	same	3	0	1	146.8	0	0	10.34	111.82	62.03	0	917.0	0.6974	-15.0000	4	0	1	0	0	0	0	-1				-1	-1	-1	-1		0.8061	12500.3	1	10	1	0	0	0	8	5
18259	1	240636	0	0	4	13	13	same	3	0	0	263.4	0	0	-21.99	0.41	262.06	0	870.9	4.9353	-15.0000	4	0	1	0	0	0	0	-1				-1	-1	-1	-1		1.8118	18689.6	0	4	1	0	0	0	8	5
18259	1	241626	0	0	14	15	15	same	4	0	1	131.1	0	0	-175.97	95.57	33.78	0	485.8	1.1696	-15.0000	4	0	1	0	0	0	0	-1				-1	-1	-1	-1		1.2669	11614.3	0	14	1	0	0	0	5	1
18259	1	242000	0	0	1000006	15	15	same	1	0	0	167.9	0	0	56.70	129.69	86.86	0	642.0	3.8930	-15.0000	4	0	1	0	0	0	0	-1				-1	-1	-1	-1		1.4657	8587.6	1	6	1	0	0	0	3	2
18259	1	242022	0	0	5	4	4	same	1	0	0	321.8	0	0	-116.95	-15.89	192.53	0	871.1	3.2262	-15.0000	4	0	1	0	0	0	0	-1				-1	-1	-1	-1		1.6614	19790.4	0	5	1	0	0	0	7	6
18259	1	242484	0	0	9	10	10	same	3	0	1	264.6	0	0	-169.69	185.11	208.16	0	737.1	3.4830	-15.0000	4	0	1	0	0	0	0	-1				-1	-1	-1	-1		1.9595	15958.7	0	9	1	0	0	0	8	5
18259	1	242550	0	0	3	14	14	same	4	0	0	346.9	1	1	-77.78	115.37	165.41	0	1656.6	3.7247	-15.0000	4	0	1	0	0	0	0	-1				-1	-1	-1	-1		0.7494	30154.2	0	3	1	0	0	0	6	2
18259	1	242726	0	0	4	19	19	same	6	0	1	208.2	0	0	-50.26	114.58	169.30	0	1033.5	3.4040	-15.0000	4	0	1	0	0	0	0	-1				-1	-1	-1	-1		1.8475	15054.5	0	4	1	0	0	0	9	3
18259	1	242748	0	0	1000004	14	14	same	3	0	1	56.0	0	0	78.76	-112.60	37.84	0	275.7	1.6936	-15.0000	6	1	1	0	0	1	0	-1				-1	-1	-1	-1		1.5010	3664.5	1	4	1	0	0	0	5	2
18259	1	242770	0	0	1000012	3	3	same	1	0	0	28.3	0	0	75.88	-165.32	375.34	0	432.2	0.2311	-6.0137	8	0	0	1	0	0	0	-1				-1	-1	-1	-1		1.2112	10928.8	1	12	1	0	1	1	14	13
18259	1	242814	0	0	1000011	11	11	same	2	0	0	35.9	0	0	195.90	-14.19	438.57	0	803.3	1.2929	-15.0000	8	0	0	1	0	0	0	-1				-1	-1	-1	-1		1.5409	44842.8	1	13	1	0	0	0	9	7
18259	1	243628	0	0	6	16	16	same	6	0	1	156.7	0	0	-101.45	-66.20	273.05	0	1461.2	3.8776	-15.0000	4	0	1	0	0	0	0	-1				-1	-1	-1	-1		1.1295	45119.3	0	6	1	0	0	0	18	12
