sample	run	subrun	event	rc	wall_s	core_s	timecmd_wall_s	maxrss_kb	dl_warn	event_label	n_bundle	n_inbeam_bundle	n_inbeam_flash	nu_evaluated	n_cosmic_skipped	nu_sel_t0_us	nu_sel_len_cm	nu_sel_n_assoc	nu_x_cm	nu_y_cm	nu_z_cm	numu_score	nue_score	cosmic_flag	cosmict_flag	cosmict_10_score	cosmict_score	kine_reco_Enu_MeV	kine_energy_excluded_MeV	kine_energy_excluded_main_MeV	kine_energy_excluded_other_MeV	kine_n_excluded	kine_energy_flagged_MeV
mcp2k	18259	1	47036	0	13.277	1.024	14	381800	0	cosmic-tagged	9	1	1	0	0																		
mcp2k	18259	1	47058	0	18.110	6.338	19	1216980	0	nu-candidate	10	1	1	1	0	1.341	174.0	11	39.577236	119.27403	99.98794	2.2368555	-15.0	1.0	0.0	0.7	0.0	532.20294	144.96474	0.0	144.96474	5	6.485476
mcp2k	18259	1	47212	0	21.695	9.281	22	1264724	0	nu-candidate	16	1	1	1	0	1.192	77.0	46	-153.67476	-118.179855	204.30876	-0.5235454	-15.0	1.0	0.0	0.7	0.0	1412.8428	218.42676	218.42676	0.0	1	141.39046
mcp2k	18259	1	47278	0	18.077	6.180	19	1205360	0	nu-candidate	14	1	1	1	0	1.289	64.4	11	-84.475395	161.87952	202.8092	1.6434077	-15.0	1.0	0.0	0.7	0.0	775.22424	0.0	0.0	0.0	0	18.821634
mcp2k	18259	1	47608	0	13.287	0.933	14	374752	0	no-bundle	11	0	1	0	0																		
mcp2k	18259	1	47696	0	16.884	5.684	17	1180888	0	cosmic-tagged	8	1	1	1	0	0.929	21.1	9	143.75038	7.361813	402.05136	-1.118294	-1.1504549	1.0	0.0	0.7	0.0	113.84942	3.2647264	0.0	3.2647264	3	0.0
mcp2k	18259	1	47784	0	18.080	6.964	19	1196276	0	nu-candidate	12	1	1	1	0	1.970	227.7	6	56.31806	-76.38703	113.701004	4.0501394	-15.0	1.0	0.0	0.7	0.0	951.6444	38.461353	0.0	38.461353	6	0.0
mcp2k	18259	1	47894	0	16.936	5.068	18	1170304	0	nu-candidate	12	1	1	1	0	1.267	1.9	12	179.3178	-93.51188	29.797544	-1.7224336	-15.0	1.0	1.0	0.7	0.0	125.802734	0.0	0.0	0.0	0	17.707882
mcp2k	18259	1	47916	0	16.809	4.918	17	1153040	0	nu-candidate	9	1	1	1	0	1.954	26.9	1	39.64101	193.86523	262.53302	2.932961	-15.0	1.0	0.0	0.7	0.0	325.7196	1.2775278	0.0	1.2775278	1	0.0
mcp2k	18259	1	47982	0	13.244	0.912	14	350660	0	cosmic-tagged	10	1	1	0	0																		
mcp2k	18259	1	48246	0	14.365	1.447	15	410080	0	cosmic-tagged	10	1	1	0	0																		
mcp2k	18259	1	48444	0	14.352	1.282	15	407408	0	cosmic-tagged	8	1	1	0	0																		
mcp2k	18259	1	48488	0	20.487	7.660	21	1259892	0	nu-candidate	15	1	1	1	0	0.717	220.2	4	-184.67296	182.49231	202.38448	4.68775	-15.0	1.0	0.0	0.7	0.0	712.23065	2.3639276	0.0	2.3639276	2	3.942713
mcp2k	18259	1	48774	0	19.324	7.402	20	1220868	0	nu-candidate	8	1	1	1	0	1.592	290.2	3	-7.4745927	17.60811	189.45299	4.879018	-15.0	1.0	0.0	0.7	0.0	892.20844	0.0	0.0	0.0	0	4.319338
mcp2k	18259	1	48840	0	13.269	1.042	14	369132	0	cosmic-tagged	12	1	1	0	0																		
mcp2k	18259	1	49016	0	13.371	1.175	14	412876	0	no-bundle	14	0	1	0	0																		
mcp2k	18259	1	49346	0	14.314	0.893	16	362092	0	no-beam-flash	13	0	0	0	0																		
mcp2k	18255	1	49415	0	16.786	5.089	18	1179604	0	nu-candidate	13	1	1	1	0	0.672	11.3	3	152.29535	101.42643	367.91016	-3.109426	-15.0	1.0	0.0	0.7	0.0	134.0816	101.56271	0.0	101.56271	2	5.403563
mcp2k	18255	1	49657	0	14.420	0.873	16	364304	0	cosmic-tagged	13	1	1	0	0																		
mcp2k	18259	1	49698	0	14.393	0.903	16	370984	0	nu-candidate	16	1	1	0	0																		
mcp2k	18259	1	49742	0	19.247	5.450	21	1177344	0	nu-candidate	12	1	1	1	0	1.680	86.1	5	180.73679	54.2994	55.46307	1.4630873	-15.0	1.0	1.0	0.7	0.0	446.75006	1.7670894	0.0	1.7670894	1	1.1074929
mcp2k	18255	1	49745	0	16.862	6.148	18	1189428	0	nu-candidate	8	1	1	1	0	1.840	46.2	2	-50.043804	-60.31238	301.7564	-1.0163398	-0.5922987	1.0	0.0	0.7	0.0	369.06363	0.0	0.0	0.0	0	0.0
mcp2k	18255	1	49767	0	19.500	4.792	21	857276	0	cosmic-tagged	14	1	1	1	0	1.922	1.1	0	0.0	0.0	0.0	-1.9416895	-15.0	1.0	0.0	0.7	0.0	0.0	0.0	0.0	0.0	0	0.0
mcp2k	18255	1	49789	0	10.698	1.259	12	375956	0	cosmic-tagged	13	1	1	0	0																		
mcp2k	18255	1	49877	0	13.161	3.377	15	765124	0	cosmic-tagged	15	1	1	1	0	1.305	1.4	0	0.0	0.0	0.0	-1.9416895	-15.0	1.0	0.0	0.7	0.0	0.0	0.0	0.0	0.0	0	0.0
mcp2k	18259	1	49984	0	18.096	5.337	20	1226868	0	nu-candidate	16	1	1	1	0	0.732	27.0	2	-160.16823	-193.10625	476.7954	1.582063	-15.0	1.0	0.0	0.7	0.0	200.83952	0.0	0.0	0.0	0	0.66438913
mcp2k	18255	1	49987	0	14.421	6.255	16	1201156	0	nu-candidate	9	1	1	1	0	0.633	217.9	6	-108.21266	180.64221	338.32043	1.2691785	-15.0	1.0	1.0	0.7	0.0	638.6887	3.2810762	0.0	3.2810762	2	5.4045477
mcp2k	18259	1	50182	0	18.066	5.697	20	1170000	0	nu-candidate	10	1	1	1	0	1.956	121.3	3	-19.285082	-113.038506	306.02655	3.7190685	-15.0	1.0	0.0	0.7	0.0	511.10284	0.0	0.0	0.0	0	5.594949
mcp2k	18259	1	50226	0	8.350	0.745	10	340052	0	nu-candidate	10	1	1	0	0																		
mcp2k	18259	1	50270	0	14.361	0.902	16	367772	0	cosmic-tagged	12	1	1	0	0																		
mcp2k	18255	1	50273	0	14.341	0.935	16	335368	0	cosmic-tagged	8	1	1	0	0																		
mcp2k	18259	1	50336	0	14.322	0.924	16	335136	0	cosmic-tagged	9	1	1	0	0																		
mcp2k	18259	1	50446	0	16.954	5.236	18	1171584	0	nu-candidate	14	1	1	1	0	1.740	64.1	8	119.95188	-85.15117	223.80629	0.82612187	-15.0	1.0	0.0	0.7	0.0	294.8933	0.0	0.0	0.0	0	9.445462
mcp2k	18255	1	50680	0	13.104	0.859	15	354596	0	no-beam-flash	14	0	0	0	0																		
mcp2k	18259	1	50688	0	15.558	4.715	17	1106916	0	nu-candidate	7	1	1	1	0	0.938	3.0	6	126.89441	3.2406802	42.34815	-1.8397324	-15.0	1.0	0.0	0.7	0.0	114.0548	4.393734	0.0	4.393734	3	3.5281308
mcp2k	18259	1	50732	0	13.140	0.929	15	368520	0	no-beam-flash	10	0	0	0	0																		
mcp2k	18255	1	50801	0	18.112	6.513	20	1252200	0	no-bundle	10	0	1	1	0	2.013	49.7	24	-148.8213	-30.769255	302.44263	-0.35352737	-15.0	1.0	0.0	0.7	0.0	509.1226	18.040468	0.0	18.040468	2	40.039757
mcp2k	18255	1	50812	0	13.294	0.941	15	381988	0	cosmic-tagged	11	1	1	0	0																		
mcp2k	18259	1	50842	0	13.304	1.107	15	402816	0	no-beam-flash	15	0	0	0	0																		
mcp2k	18255	1	51065	0	13.429	1.444	15	495432	0	no-beam-flash	15	0	0	0	0																		
mcp2k	18255	1	51109	0	13.059	0.759	15	329540	0	cosmic-tagged	10	1	1	0	0																		
mcp2k	18259	1	51128	0	16.861	6.086	18	1236544	0	nu-candidate	13	1	1	1	0	1.670	57.7	22	164.00143	113.88248	296.02316	0.66654694	-15.0	1.0	0.0	0.7	0.0	503.43057	5.6101713	0.0	5.6101713	1	3.501691
mcp2k	18255	1	51153	0	13.074	1.154	15	393940	0	cosmic-tagged	15	1	1	0	0																		
mcp2k	18255	1	51208	0	13.158	1.363	15	412188	0	cosmic-tagged	8	1	1	0	0																		
mcp2k	18255	1	51219	0	20.541	9.652	22	1155748	0	nu-candidate	11	1	1	1	0	1.856	186.0	13	-84.21172	-110.030594	15.567093	3.2436996	-15.0	1.0	0.0	0.7	0.0	1056.5739	3.1992245	0.0	3.1992245	4	7.540642
mcp2k	18259	1	51260	0	15.792	5.529	17	1238768	0	nu-candidate	17	1	1	1	0	1.795	24.8	10	-201.44307	97.289345	30.190283	-1.4369873	-13.591919	1.0	1.0	0.7	0.0	94.946625	2.9622607	0.0	2.9622607	2	12.579306
mcp2k	18259	1	51348	0	12.023	0.868	14	349604	0	cosmic-tagged	11	1	1	0	0																		
mcp2k	18255	1	51417	0	13.096	1.120	15	383936	0	cosmic-tagged	13	1	1	0	0																		
mcp2k	18255	1	51428	0	12.087	1.012	13	393492	0	no-beam-flash	10	0	0	0	0																		
mcp2k	18259	1	51546	0	15.885	6.830	17	1280780	0	nu-candidate	16	1	1	1	0	1.390	69.9	9	-158.41599	173.33006	420.86288	0.8249835	-15.0	1.0	0.0	0.7	0.0	511.06458	79.16196	0.0	79.16196	2	18.098927
mcp2k	18259	1	51590	0	11.945	0.780	13	345076	0	no-beam-flash	12	0	0	0	0																		
mcp2k	18255	1	51692	0	12.077	1.428	14	460272	0	cosmic-tagged	14	1	1	0	0																		
mcp2k	18259	1	51722	0	14.504	5.661	16	1212680	0	nu-candidate	13	1	1	1	0	0.990	25.5	5	-104.13069	93.00463	89.2667	-0.68120605	-5.4352536	1.0	0.0	0.7	0.0	129.85202	45.548367	0.0	45.548367	2	0.0
mcp2k	18255	1	51736	0	11.952	0.909	13	335908	0	cosmic-tagged	10	1	1	0	0																		
mcp2k	18255	1	51846	0	11.886	0.812	13	326912	0	cosmic-tagged	10	1	1	0	0																		
mcp2k	18255	1	51868	0	17.961	6.233	19	1165424	0	nu-candidate	7	1	1	1	0	1.440	158.5	11	12.020434	-22.955782	211.09755	1.7423689	-15.0	1.0	1.0	0.7	0.0	590.80206	40.72482	0.0	40.72482	6	7.594166
mcp2k	18255	1	51890	0	21.631	8.726	23	1204808	0	nu-candidate	12	1	1	1	0	0.618	289.9	5	56.92712	128.92665	33.57178	5.4300523	-15.0	1.0	0.0	0.7	0.0	1042.7467	0.0	0.0	0.0	0	20.53941
mcp2k	18255	1	51934	0	12.075	1.324	14	437156	0	no-beam-flash	18	0	0	0	0																		
mcp2k	18259	1	51964	0	19.203	7.378	21	1188120	0	nu-candidate	8	1	1	1	0	0.934	202.0	1	-122.17088	34.355618	289.59006	4.459598	-15.0	1.0	0.0	0.7	0.0	723.3073	0.2566932	0.0	0.2566932	1	0.0
mcp2k	18255	1	52044	0	19.260	7.015	21	1240884	0	nu-candidate	12	1	1	1	0	1.974	107.9	21	-85.14358	-118.69496	240.22188	2.0826313	-10.329338	1.0	0.0	0.7	0.0	571.90826	83.61432	0.0	83.61432	6	12.623472
mcp2k	18255	1	52121	0	18.010	6.139	20	1212236	0	nu-candidate	8	1	1	1	0	1.985	83.6	3	-28.697184	-166.47816	74.47731	2.8863204	-15.0	1.0	0.0	0.7	0.0	535.7319	1.5417101	0.0	1.5417101	1	0.0
mcp2k	18255	1	52220	0	17.931	5.648	19	1159964	0	nu-candidate	11	1	1	1	0	1.801	164.0	7	-126.49317	-80.33426	123.75114	3.1552641	-15.0	1.0	0.0	0.7	0.0	529.78906	1.1162602	0.0	1.1162602	1	5.3988905
mcp2k	18255	1	52286	0	16.765	5.575	18	1221984	0	nu-candidate	16	1	1	1	0	1.206	26.1	7	30.99087	-53.487247	71.80709	-1.2785121	-15.0	1.0	0.0	0.7	0.0	129.53336	175.78163	173.83833	1.9432993	3	95.69868
mcp2k	18255	1	52297	0	13.179	1.358	15	427324	0	cosmic-tagged	10	1	1	0	0																		
mcp2k	18259	1	52338	0	15.711	7.461	17	1226996	0	nu-candidate	9	1	1	1	0	1.253	302.5	4	-135.01047	-128.12793	256.40033	2.180486	-15.0	1.0	0.0	0.7	0.0	974.10315	0.0	0.0	0.0	0	7.356576
mcp2k	18255	1	52352	0	16.776	5.220	18	1218776	0	nu-candidate	12	1	1	1	0	0.598	5.4	10	-102.56631	43.335247	338.11807	-1.2318443	-15.0	1.0	0.0	0.7	0.0	104.618484	3.8493872	0.0	3.8493872	4	8.56643
mcp2k	18259	1	52404	0	13.170	1.251	15	417732	0	nu-candidate	11	1	1	0	0																		
mcp2k	18259	1	52558	0	11.979	0.737	13	316840	0	cosmic-tagged	8	1	1	0	0																		
mcp2k	18255	1	52572	0	12.896	1.303	13	439292	0	nu-candidate	15	1	1	0	0																		
mcp2k	18255	1	52605	0	18.938	5.975	20	1183332	0	nu-candidate	9	1	1	1	0	1.080	17.7	8	-164.18982	64.58394	292.3697	-1.1008172	-13.925206	1.0	0.0	0.7	0.0	444.69882	2.7487729	0.0	2.7487729	1	7.2198453
mcp2k	18255	1	52638	0	16.828	3.911	18	780888	0	cosmic-tagged	15	1	1	1	0	1.843	1.5	0	0.0	0.0	0.0	-1.9416895	-15.0	1.0	0.0	0.7	0.0	0.0	0.0	0.0	0.0	0	0.0
mcp2k	18255	1	52693	0	20.590	8.574	22	1223644	0	nu-candidate	12	1	1	1	0	1.459	198.1	15	89.64089	-50.80361	34.74323	-1.5973825	-7.815227	1.0	1.0	0.7	0.0	901.30457	5.512176	0.0	5.512176	2	0.0
mcp2k	18255	1	52715	0	11.816	1.057	13	401952	0	no-bundle	10	0	1	0	0																		
mcp2k	18255	1	52759	0	15.653	5.019	17	1167480	0	nu-candidate	10	1	1	1	0	1.750	19.5	6	55.470757	-121.886154	369.61542	-1.537562	-15.0	1.0	0.0	0.7	0.0	261.44632	6.6323447	0.0	6.6323447	5	3.7919495
mcp2k	18255	1	52880	0	13.211	0.885	15	363728	0	no-bundle	7	0	1	0	0																		
mcp2k	18255	1	53001	0	13.296	0.876	15	354964	0	cosmic-tagged	7	1	1	0	0																		
mcp2k	18255	1	53111	0	13.348	1.138	15	413260	0	cosmic-tagged	17	1	1	0	0																		
mcp2k	18259	1	53130	0	15.736	5.500	17	1202728	0	nu-candidate	10	1	1	1	0	1.622	35.8	2	-110.52685	-35.62897	482.79398	0.43227547	-15.0	1.0	0.0	0.7	0.0	368.08505	0.0	0.0	0.0	0	0.0
mcp2k	18259	1	53196	0	14.515	2.141	16	494136	0	cosmic-tagged	12	1	1	0	0																		
mcp2k	18255	1	53342	0	13.413	1.159	15	416688	0	no-beam-flash	13	0	0	0	0																		
mcp2k	18255	1	53474	0	13.173	1.351	14	382440	0	cosmic-tagged	10	1	1	0	0																		
mcp2k	18255	1	53584	0	12.217	0.843	14	353780	0	cosmic-tagged	15	1	1	0	0																		
mcp2k	18259	1	53658	0	19.355	5.839	21	1230624	0	nu-candidate	12	1	1	1	0	0.663	95.1	7	-85.18427	-95.1076	1.0535494	-1.5959324	-15.0	1.0	1.0	0.37087446	0.0	500.83685	160.03745	160.03745	0.0	1	139.03542
mcp2k	18255	1	53749	0	12.256	1.002	14	378488	0	cosmic-tagged	11	1	1	0	0																		
mcp2k	18259	1	53790	0	13.401	1.063	15	400484	0	no-bundle	14	0	1	0	0																		
mcp2k	18255	1	53793	0	20.572	10.310	22	1226424	0	nu-candidate	12	1	1	1	0	1.102	247.6	5	84.415535	-22.262888	117.675575	4.7431765	-15.0	1.0	0.0	0.7	0.0	1444.0592	66.32798	0.0	66.32798	1	2.5796368
mcp2k	18255	1	53848	0	12.290	1.232	14	441848	0	no-beam-flash	16	0	0	0	0																		
mcp2k	18255	1	53881	0	14.569	5.404	16	1204272	0	nu-candidate	13	2	2	1	0	0.957	79.5	4	90.75763	62.59103	409.35574	-1.3005842	-15.0	1.0	0.0	0.7	0.0	412.60028	0.0	0.0	0.0	0	5.7964287
mcp2k	18259	1	53944	0	11.873	0.622	13	311996	0	cosmic-tagged	6	1	1	0	0																		
mcp2k	18255	1	53980	0	13.025	0.798	15	352284	0	no-beam-flash	9	0	0	0	0																		
mcp2k	18255	1	54068	0	14.339	1.230	16	421700	0	no-beam-flash	15	0	0	0	0																		
mcp2k	18255	1	54156	0	14.312	1.128	16	403824	0	no-beam-flash	12	0	0	0	0																		
mcp2k	18255	1	54255	0	14.339	1.033	16	390320	0	no-beam-flash	13	0	0	0	0																		
mcp2k	18255	1	54332	0	25.293	12.378	27	1254984	0	nu-candidate	14	1	1	1	0	1.968	88.7	46	63.910873	-50.83725	112.79314	0.82082593	-15.0	1.0	0.0	0.7	0.0	1195.2552	346.84872	207.8279	139.02083	15	192.11055
mcp2k	18259	1	54450	0	14.316	1.234	16	393404	0	cosmic-tagged	10	1	1	0	0																		
mcp2k	18255	1	54453	0	18.043	7.142	20	1220856	0	cosmic-tagged	10	1	1	1	0	1.834	40.6	38	-94.64598	-76.25555	204.52461	-0.30844763	-15.0	1.0	0.0	0.7	0.0	631.5114	233.22858	130.32521	102.903366	14	40.792137
mcp2k	18255	1	54464	0	13.217	0.766	15	335720	0	nu-candidate	9	1	1	0	0																		
mcp2k	18255	1	54475	0	19.286	6.600	21	1280108	0	nu-candidate	13	1	1	1	0	1.340	152.1	4	-87.61645	-102.12492	439.34888	2.8386426	-15.0	1.0	0.0	0.7	0.0	371.49567	2.94807	0.0	2.94807	2	24.24856
mcp2k	18255	1	54508	0	16.842	5.541	18	1201676	0	nu-candidate	11	1	1	1	0	1.008	21.0	5	19.003738	-106.574646	200.51903	-1.7667552	-15.0	1.0	0.0	0.7	0.0	254.99593	0.0	0.0	0.0	0	4.5762057
mcp2k	18255	1	54629	0	19.265	7.465	21	1212376	0	nu-candidate	10	1	1	1	0	1.249	134.0	4	-56.474716	66.456024	1.4965242	-2.3625746	-15.0	1.0	1.0	0.62279737	0.0	786.1086	0.0	0.0	0.0	0	3.9927044
mcp2k	18255	1	54640	0	13.095	0.857	14	349156	0	nu-candidate	9	1	1	0	0																		
mcp2k	18259	1	54692	0	10.793	1.157	12	360816	0	cosmic-tagged	8	1	1	0	0																		
mcp2k	18255	1	54706	0	11.828	0.904	13	349304	0	cosmic-tagged	7	1	1	0	0																		
mcp2k	18255	1	54717	0	12.012	1.416	14	417796	0	cosmic-tagged	14	1	1	0	0																		
mcp2k	18255	1	54882	0	12.113	1.416	14	491648	0	cosmic-tagged	15	1	1	0	0																		
mcp2k	18259	1	55154	0	13.041	0.731	14	333176	0	nu-candidate	10	1	1	0	0																		
mcp2k	18259	1	55220	0	16.916	5.792	19	1241480	0	nu-candidate	14	1	1	1	0	1.964	39.4	2	43.227825	-4.4306507	486.42416	-0.18538824	-15.0	1.0	1.0	0.7	0.0	388.15836	2.943764	0.0	2.943764	2	0.0
mcp2k	18255	1	55278	0	16.730	5.561	18	1189048	0	nu-candidate	9	1	1	1	0	1.428	128.7	5	-67.8627	84.98316	461.72617	0.25241902	-15.0	1.0	0.0	0.7	0.0	684.89105	1.6185015	0.0	1.6185015	1	2.8855865
mcp2k	18259	1	55286	0	15.661	3.785	17	769084	0	cosmic-tagged	12	1	1	1	0	1.265	1.1	0	0.0	0.0	0.0	-1.9416895	-15.0	1.0	0.0	0.7	0.0	0.0	0.0	0.0	0.0	0	0.0
mcp2k	18255	1	55322	0	19.376	8.586	21	1244360	0	nu-candidate	13	1	1	1	0	1.138	210.9	8	-78.370995	89.54598	188.70654	0.9413386	-15.0	1.0	0.0	0.7	0.0	912.1537	88.31066	0.0	88.31066	3	24.625275
mcp2k	18255	1	55377	0	13.223	1.244	15	420156	0	no-beam-flash	13	0	0	0	0																		
mcp2k	18255	1	55443	0	15.562	4.767	17	1146168	0	nu-candidate	9	1	1	1	0	1.457	5.8	22	10.680427	-31.334263	129.35666	-1.0803319	-15.0	1.0	0.0	0.7	0.0	103.43925	18.10373	0.0	18.10373	11	15.375928
mcp2k	18255	1	55542	0	20.432	8.833	22	1196284	0	nu-candidate	9	1	1	1	0	0.871	250.2	2	-56.97436	-61.143757	123.90298	2.3439634	-15.0	1.0	0.0	0.7	0.0	799.3931	0.0	0.0	0.0	0	3.312637
mcp2k	18255	1	55740	0	19.263	7.635	21	1217340	0	nu-candidate	12	1	1	1	0	1.380	162.5	17	-56.552025	133.30095	253.24371	1.078437	-15.0	1.0	1.0	0.7	0.0	886.2893	588.8735	0.0	588.8735	7	10.585862
mcp2k	18259	1	55770	0	13.191	1.225	15	420424	0	cosmic-tagged	10	1	1	0	0																		
mcp2k	18255	1	55773	0	13.038	0.778	14	337604	0	no-beam-flash	12	0	0	0	0																		
mcp2k	18255	1	55806	0	12.068	0.846	13	349112	0	nu-candidate	9	1	1	0	0																		
mcp2k	18255	1	56136	0	11.975	0.860	13	353588	0	nu-candidate	12	1	1	0	0																		
mcp2k	18259	1	56144	0	13.154	0.828	15	342896	0	nu-candidate	14	1	1	0	0																		
mcp2k	18255	1	56180	0	18.057	7.267	20	1206460	0	nu-candidate	10	1	1	1	0	1.610	119.3	20	-173.71585	40.028816	229.09029	2.8362684	-15.0	1.0	0.0	0.7	0.0	889.5242	161.75917	0.0	161.75917	6	75.09965
mcp2k	18255	1	56257	0	13.158	0.967	15	372976	0	cosmic-tagged	11	1	1	0	0																		
mcp2k	18255	1	56290	0	13.226	0.918	15	367664	0	cosmic-tagged	11	1	1	0	0																		
mcp2k	18255	1	56334	0	13.282	1.194	15	425016	0	nu-candidate	15	1	1	0	0																		
mcp2k	18255	1	56466	0	13.148	0.894	15	351524	0	cosmic-tagged	9	1	1	0	0																		
mcp2k	18255	1	56521	0	16.911	5.038	18	1184908	0	nu-candidate	11	2	2	1	0	1.887	2.2	2	-59.201035	-183.83098	401.4311	-2.1257582	-15.0	1.0	0.0	0.7	0.0	23.465488	0.0	0.0	0.0	0	3.0614233
mcp2k	18255	1	56763	0	16.866	5.438	18	1165772	0	nu-candidate	9	1	1	1	0	1.094	20.7	6	190.1766	124.61115	107.00086	-1.4613806	-15.0	1.0	0.0	0.7	0.0	212.40784	1.5004323	0.0	1.5004323	1	46.18455
mcp2k	18255	1	56829	0	13.155	0.962	15	355348	0	cosmic-tagged	9	1	1	0	0																		
mcp2k	18255	1	56862	0	13.101	0.775	15	339276	0	cosmic-tagged	5	1	1	0	0																		
mcp2k	18255	1	56906	0	13.129	0.940	15	373132	0	cosmic-tagged	8	1	1	0	0																		
mcp2k	18255	1	56939	0	17.972	6.661	20	1210472	0	nu-candidate	9	1	1	1	0	0.831	201.0	5	21.092283	-83.73121	100.45556	4.817776	-15.0	1.0	0.0	0.7	0.0	825.89124	2.2192142	0.0	2.2192142	2	6.0374627
mcp2k	18255	1	56961	0	13.344	1.277	15	447300	0	nu-candidate	15	1	1	0	0																		
mcp2k	18255	1	56972	0	16.787	6.049	18	1241372	0	nu-candidate	11	1	1	1	0	0.946	44.0	8	178.88824	60.260185	78.66574	-0.67280877	-4.619305	1.0	0.0	0.7	0.0	296.93106	2.4890697	0.0	2.4890697	2	0.0
mcp2k	18255	1	57148	0	13.188	1.555	15	425224	0	cosmic-tagged	11	1	1	0	0																		
mcp2k	18255	1	57280	0	17.228	5.411	19	1207348	0	nu-candidate	18	1	1	1	0	1.900	27.1	6	171.6313	-6.794552	284.6426	-2.482226	-15.0	1.0	0.0	0.7	0.0	212.44154	2.779691	0.0	2.779691	2	5.927001
mcp2k	18255	1	57291	0	13.093	0.839	15	352488	0	no-beam-flash	5	0	0	0	0																		
mcp2k	18255	1	57346	0	18.577	7.633	20	1361800	0	nu-candidate	12	1	1	1	0	1.437	371.2	7	-187.33171	-181.80498	119.28174	3.8095937	-15.0	1.0	0.0	0.7	0.0	1015.138	4.722031	0.0	4.722031	4	3.0554802
mcp2k	18255	1	57577	0	17.160	6.339	19	1165892	0	nu-candidate	10	1	1	1	0	1.651	221.0	5	29.65032	-96.16308	264.993	4.5619917	-15.0	1.0	0.0	0.7	0.0	841.4365	1.6871454	0.0	1.6871454	2	4.482715
mcp2k	18255	1	57665	0	13.636	1.084	15	392688	0	nu-candidate	10	1	1	0	0																		
mcp2k	18255	1	57709	0	17.129	6.334	19	1177560	0	nu-candidate	11	1	1	1	0	1.987	86.5	18	81.4142	-7.565081	62.06296	-0.28960234	-15.0	1.0	0.0	0.7	0.0	748.84515	15.669736	0.0	15.669736	4	8.637619
mcp2k	18255	1	57731	0	13.575	1.025	15	398416	0	nu-candidate	14	1	1	0	0																		
mcp2k	18255	1	57742	0	17.128	6.034	19	1163908	0	nu-candidate	10	1	1	1	0	0.556	139.9	6	-38.620834	-95.04677	330.92822	2.416261	-15.0	1.0	0.0	0.7	0.0	634.69763	1.1712327	0.0	1.1712327	1	7.2654543
mcp2k	18255	1	57753	0	12.345	1.695	14	430684	0	cosmic-tagged	16	1	1	0	0																		
mcp2k	18255	1	57764	0	13.345	0.617	15	310984	0	cosmic-tagged	4	1	1	0	0																		
mcp2k	18255	1	58006	0	16.038	5.928	18	1161140	0	nu-candidate	8	1	1	1	0	0.643	43.8	25	160.7589	-19.757425	143.00313	0.14901605	-15.0	1.0	0.0	0.7	0.0	549.23785	27.44475	0.0	27.44475	6	8.815775
mcp2k	18255	1	58072	0	17.216	6.260	19	1171744	0	nu-candidate	10	1	1	1	0	1.609	106.5	8	-86.6277	-98.78275	165.21352	1.2206682	-15.0	1.0	1.0	0.7	0.0	476.64304	4.03486	0.0	4.03486	3	5.584655
mcp2k	18255	1	58237	0	13.611	1.433	15	480084	0	nu-candidate	18	1	1	0	0																		
mcp2k	18255	1	58325	0	16.985	5.883	19	1198764	0	nu-candidate	11	1	1	1	0	1.265	83.3	10	85.18158	-52.95665	92.8786	3.1832201	-15.0	1.0	0.0	0.7	0.0	408.06067	0.0	0.0	0.0	0	12.141266
mcp2k	18255	1	58523	0	11.149	0.703	13	324180	0	no-beam-flash	8	0	0	0	0																		
mcp2k	18255	1	58787	0	12.128	0.919	14	380632	0	cosmic-tagged	11	1	1	0	0																		
mcp2k	18255	1	58919	0	18.014	6.470	20	1172804	0	nu-candidate	11	1	1	1	0	1.430	114.9	12	-55.033306	11.125609	325.86823	4.039669	-15.0	1.0	0.0	0.7	0.0	546.39355	0.0	0.0	0.0	0	8.488769
mcp2k	18255	1	65266	0	15.638	5.228	17	1177824	0	nu-candidate	8	1	1	1	0	0.969	48.0	9	-72.13246	168.63077	203.57884	-0.35109228	-15.0	1.0	0.0	0.7	0.0	316.78394	49.789455	49.789455	0.0	1	29.39789
mcp2k	18255	1	65376	0	11.903	0.667	13	317284	0	nu-candidate	6	1	1	0	0																		
mcp2k	18255	1	65508	0	11.987	0.695	13	329272	0	no-beam-flash	10	0	0	0	0																		
mcp2k	18255	1	65948	0	15.445	5.688	17	1164524	0	nu-candidate	9	1	1	1	0	1.926	39.4	13	-168.44882	44.273174	98.86448	0.67171144	-15.0	1.0	0.0	0.7	0.0	727.54065	6.202016	0.0	6.202016	3	157.64294
mcp2k	18255	1	66124	0	12.031	1.357	14	466696	0	cosmic-tagged	16	1	1	0	0																		
mcp2k	18255	1	66278	0	16.851	5.516	18	1210636	0	nu-candidate	12	1	1	1	0	1.031	16.5	7	40.061108	54.351223	423.65826	-0.8395556	-15.0	1.0	0.0	0.7	0.0	277.43768	2.6686814	0.0	2.6686814	2	9.921555
mcp2k	18255	1	66366	0	21.771	10.230	23	1394652	0	nu-candidate	20	1	1	1	0	1.844	289.6	10	56.419567	-106.30457	252.789	5.7339287	-15.0	1.0	0.0	0.7	0.0	938.74567	0.0	0.0	0.0	0	26.343697
mcp2k	18255	1	66526	0	13.038	0.958	15	376268	0	no-bundle	12	0	1	0	0																		
mcp2k	18255	1	66636	0	13.193	0.748	15	334420	0	no-bundle	10	0	1	0	0																		
mcp2k	18255	1	66652	0	19.331	7.823	21	1227724	0	nu-candidate	15	1	1	1	0	1.519	241.3	7	-50.6175	167.01349	115.97442	3.2199163	-15.0	1.0	0.0	0.7	0.0	816.63165	3.9241436	0.0	3.9241436	2	117.46845
mcp2k	18255	1	66718	0	13.282	1.686	15	465120	0	cosmic-tagged	9	1	1	0	0																		
mcp2k	18255	1	66856	0	12.095	0.856	14	348808	0	no-bundle	11	0	1	0	0																		
mcp2k	18255	1	66872	0	15.768	5.926	17	1160976	0	nu-candidate	11	1	1	1	0	0.946	63.5	9	112.014755	174.3647	297.75146	1.0094956	-15.0	1.0	0.0	0.7	0.0	518.7205	0.0	0.0	0.0	0	20.62581
mcp2k	18255	1	66900	0	19.326	7.510	21	1224372	0	nu-candidate	10	1	1	1	0	1.742	66.2	26	-160.67297	-2.3176517	305.14746	2.3455386	-15.0	1.0	0.0	0.7	0.0	904.6449	7.719674	0.0	7.719674	3	19.353874
mcp2k	18255	1	66944	0	17.196	7.003	19	1284068	0	nu-candidate	15	1	2	1	0	1.558	56.2	3	-100.19254	-61.642124	370.54123	0.23034722	-15.0	1.0	0.0	0.7	0.0	243.81386	175.31068	175.31068	0.0	2	2.959682
mcp2k	18255	1	66966	0	13.286	1.345	15	403096	0	cosmic-tagged	14	1	1	0	0																		
mcp2k	18255	1	67026	0	16.984	7.901	18	1229484	0	nu-candidate	11	1	1	1	0	0.567	277.3	3	-121.65733	83.477234	86.480316	3.040679	-15.0	1.0	0.0	0.7	0.0	1210.5048	0.0	0.0	0.0	0	1.060498
mcp2k	18255	1	67164	0	11.943	0.787	13	347260	0	nu-candidate	16	1	1	0	0																		
mcp2k	18255	1	67296	0	12.005	0.869	13	360688	0	nu-candidate	9	2	2	0	0																		
mcp2k	18255	1	67356	0	12.051	1.063	13	394260	0	nu-candidate	13	1	1	0	0																		
mcp2k	18255	1	67620	0	10.841	1.265	12	435824	0	no-bundle	11	0	1	0	0																		
mcp2k	18255	1	67802	0	15.564	5.619	17	1177760	0	nu-candidate	15	1	1	1	0	1.758	61.8	4	1.7702523	-146.22656	17.83536	0.72619325	-15.0	1.0	0.0	0.7	0.0	278.37604	5.857446	0.0	5.857446	3	4.3223352
mcp2k	18255	1	67824	0	10.880	0.991	12	369712	0	no-beam-flash	12	0	0	0	0																		
mcp2k	18255	1	67840	0	10.871	0.896	12	355692	0	nu-candidate	7	1	1	0	0																		
mcp2k	18255	1	67868	0	16.919	7.408	18	1196884	0	nu-candidate	13	1	1	1	0	1.993	105.5	28	152.44426	44.85961	345.23953	2.2994354	-15.0	1.0	0.0	0.7	0.0	919.76917	169.10545	0.0	169.10545	21	15.142696
mcp2k	18255	1	67898	0	18.120	8.384	20	1258152	0	nu-candidate	10	1	1	1	0	1.714	215.8	0	-60.96265	-92.75019	364.4599	3.2909126	-15.0	1.0	0.0	0.7	0.0	735.58246	0.0	0.0	0.0	0	0.0
mcp2k	18255	1	67928	0	15.439	6.406	17	1136424	0	nu-candidate	7	1	1	1	0	1.704	104.0	12	62.604973	132.47832	168.08842	2.8738859	-15.0	1.0	0.0	0.7	0.0	678.78174	11.92273	0.0	11.92273	7	4.6415133
mcp2k	18255	1	67942	0	15.491	5.650	17	1251368	0	nu-candidate	16	1	1	1	0	1.931	90.3	3	60.870567	199.93094	177.97533	-2.2226186	-15.0	1.0	1.0	0.7	0.0	349.06345	1.0312415	0.0	1.0312415	1	2.0651205
mcp2k	18255	1	68038	0	11.750	0.990	13	391692	0	no-bundle	13	0	1	0	0																		
mcp2k	18255	1	68280	0	15.511	6.865	17	1237536	0	nu-candidate	15	1	1	1	0	1.977	151.6	15	-114.32367	129.96104	327.2441	2.522854	-15.0	1.0	0.0	0.7	0.0	549.2865	9.6176605	0.0	9.6176605	7	12.237533
mcp2k	18255	1	68308	0	16.797	7.983	18	1212236	0	nu-candidate	10	1	1	1	0	1.036	134.1	5	-138.2987	101.44882	85.11248	3.6786609	-15.0	1.0	0.0	0.7	0.0	873.93774	6.385182	6.385182	0.0	1	8.677541
mcp2k	18255	1	68316	0	12.025	0.816	13	361052	0	no-beam-flash	14	0	0	0	0																		
mcp2k	18255	1	68346	0	14.250	4.713	16	1130968	0	nu-candidate	8	1	1	1	0	1.600	3.7	20	35.935432	94.55043	376.11108	-1.5497025	-15.0	1.0	0.0	0.7	0.0	85.11847	19.741974	0.0	19.741974	9	15.985826
mcp2k	18255	1	68456	0	12.046	1.695	14	444044	0	nu-candidate	14	2	2	0	0																		
mcp2k	18255	1	68654	0	16.868	5.420	18	1180820	0	nu-candidate	12	1	1	1	0	1.487	4.2	7	-73.435165	-49.36228	405.60193	-1.1833779	-15.0	1.0	0.0	0.7	0.0	89.25789	0.0	0.0	0.0	0	15.855971
mcp2k	18255	1	68726	0	16.756	5.023	18	1139080	0	nu-candidate	13	1	1	1	0	1.442	4.0	13	14.589456	188.99423	144.3692	-2.4407988	-15.0	0.0	1.0	0.7	0.0	53.594673	45.614925	0.0	45.614925	9	8.540235
mcp2k	18255	1	68748	0	23.150	12.103	25	1409632	0	nu-candidate	14	2	2	1	0	0.960	171.5	3	-28.860035	-20.7462	132.7202	1.8167746	-15.0	1.0	1.0	0.7	0.0	1005.9899	1.2236091	0.0	1.2236091	1	4.386037
mcp2k	18255	1	68830	0	15.665	5.864	17	1202984	0	nu-candidate	8	1	1	1	0	1.178	111.4	3	-96.74692	-147.5362	285.38596	2.5263977	-15.0	1.0	0.0	0.7	0.0	573.39795	1.5772786	0.0	1.5772786	1	0.98573995
mcp2k	18255	1	69006	0	18.066	8.491	20	1209004	0	nu-candidate	8	1	1	1	0	1.064	163.8	25	-91.237724	-40.847046	336.5805	3.6009014	-15.0	1.0	0.0	0.7	0.0	1140.6729	1.9385476	0.0	1.9385476	2	23.948156
mcp2k	18255	1	69072	0	10.799	0.986	12	385132	0	cosmic-tagged	11	1	1	0	0																		
mcp2k	18255	1	69144	0	16.793	6.741	18	1236628	0	nu-candidate	11	1	1	1	0	0.634	142.0	6	16.664005	77.12272	398.50406	4.979033	-15.0	1.0	0.0	0.7	0.0	657.2581	81.33153	81.33153	0.0	1	10.706714
mcp2k	18255	1	69152	0	15.732	6.077	17	1223664	0	nu-candidate	14	1	1	1	0	1.257	146.1	1	-16.948034	151.48302	464.3659	5.046215	-15.0	1.0	0.0	0.7	0.0	661.84283	0.0	0.0	0.0	0	0.6792188
mcp2k	18255	1	69232	0	19.394	9.250	21	1334228	0	nu-candidate	13	1	1	1	0	0.744	262.5	6	12.425058	87.951836	296.30807	4.205423	-9.566041	1.0	0.0	0.7	0.0	1027.6635	1.7369035	0.0	1.7369035	1	12.578983
mcp2k	18255	1	69254	0	16.794	5.901	18	1215224	0	nu-candidate	14	1	1	1	0	1.295	37.3	8	-172.85246	48.40731	354.47086	0.47780225	-15.0	1.0	0.0	0.7	0.0	558.0259	0.0	0.0	0.0	0	7.818334
mcp2k	18255	1	69306	0	16.740	5.623	18	1176672	0	nu-candidate	11	2	2	1	0	1.848	80.7	14	124.657745	-17.079586	24.75432	1.5946301	-15.0	1.0	0.0	0.7	0.0	513.29193	0.0	0.0	0.0	0	17.355577
mcp2k	18255	1	69314	0	22.550	12.718	23	1211264	0	nu-candidate	14	1	1	1	0	1.285	171.1	27	-111.42242	-18.186527	164.41786	3.9602425	-15.0	1.0	0.0	0.7	0.0	1494.0027	51.247173	49.334877	1.9122959	2	19.702606
mcp2k	18255	1	69380	0	14.472	1.441	16	453176	0	cosmic-tagged	14	1	1	0	0																		
mcp2k	18255	1	69386	0	16.880	5.665	18	1265228	0	nu-candidate	14	1	1	1	0	1.613	12.5	3	-112.84106	-105.333916	313.86057	-3.3443506	-15.0	1.0	0.0	0.7	0.0	140.50746	0.0	0.0	0.0	0	5.249406
mcp2k	18255	1	69394	0	13.338	1.281	15	437084	0	no-beam-flash	13	0	0	0	0																		
mcp2k	18255	1	69408	0	13.008	0.656	14	321188	0	cosmic-tagged	6	1	1	0	0																		
mcp2k	18255	1	69518	0	14.398	1.184	16	414996	0	nu-candidate	12	1	1	0	0																		
mcp2k	18255	1	69556	0	16.878	5.295	18	1239320	0	nu-candidate	15	1	1	1	0	1.626	16.2	11	-196.8294	120.11148	159.35986	0.9410405	-15.0	1.0	0.0	0.7	0.0	332.826	0.49587178	0.0	0.49587178	1	7.0130415
mcp2k	18255	1	69570	0	13.118	1.038	15	354276	0	cosmic-tagged	9	1	1	0	0																		
mcp2k	18255	1	69600	0	13.160	1.046	15	395692	0	cosmic-tagged	17	1	1	0	0																		
mcp2k	18255	1	69618	0	13.182	0.995	15	372508	0	cosmic-tagged	11	1	1	0	0																		
mcp2k	18255	1	69636	0	11.916	0.811	13	342176	0	no-beam-flash	10	0	0	0	0																		
mcp2k	18255	1	69666	0	19.280	8.814	21	1156848	0	nu-candidate	11	1	1	1	0	1.437	191.7	21	167.41965	-193.61975	161.18	2.8386185	-15.0	1.0	0.0	0.7	0.0	886.1443	27.87524	18.831827	9.043415	7	17.732212
mcp2k	18255	1	69772	0	13.358	1.239	15	450456	0	no-beam-flash	17	0	0	0	0																		
mcp2k	18255	1	69848	0	13.024	0.648	15	324024	0	no-beam-flash	8	0	0	0	0																		
mcp2k	18255	1	69922	0	13.190	0.928	15	369556	0	cosmic-tagged	8	1	1	0	0																		
mcp2k	18255	1	69926	0	13.187	1.314	15	452836	0	cosmic-tagged	14	1	1	0	0																		
mcp2k	18255	1	69936	0	15.692	5.539	17	1200168	0	nu-candidate	10	1	1	1	0	1.045	62.4	3	152.97879	-62.08007	228.3754	1.0499154	-15.0	1.0	1.0	0.7	0.0	457.71967	0.7845626	0.0	0.7845626	1	1.1180857
mcp2k	18255	1	69952	0	13.210	1.374	15	414484	0	cosmic-tagged	17	1	1	0	0																		
mcp2k	18255	1	70010	0	15.687	5.651	17	1230600	0	nu-candidate	11	1	1	1	0	1.107	79.2	0	25.559727	-167.50958	368.70435	2.115311	-15.0	1.0	0.0	0.7	0.0	316.44153	0.0	0.0	0.0	0	0.0
mcp2k	18255	1	70084	0	19.181	7.560	21	1236904	0	nu-candidate	13	1	1	1	0	0.906	106.3	9	-195.66699	13.839359	115.82276	2.219449	-15.0	1.0	0.0	0.7	0.0	609.3003	1.5252789	0.0	1.5252789	1	9.485573
mcp2k	18255	1	70112	0	12.139	1.330	14	448600	0	no-beam-flash	12	0	0	0	0																		
mcp2k	18255	1	70124	0	13.280	1.701	15	511656	0	cosmic-tagged	14	1	1	0	0																		
mcp2k	18255	1	70128	0	12.097	1.380	14	447500	0	nu-candidate	16	1	2	0	0																		
mcp2k	18255	1	70178	0	16.898	6.096	18	1238392	0	nu-candidate	12	1	1	1	0	1.727	55.3	5	-35.69035	-14.888903	319.74173	2.5695033	-15.0	1.0	0.0	0.7	0.0	446.62158	36.517807	0.0	36.517807	4	0.0
mcp2k	18255	1	70186	0	16.932	7.044	18	1177792	0	nu-candidate	11	1	1	1	0	1.035	198.2	8	39.587467	-192.4283	6.6411157	4.773373	-15.0	1.0	0.0	0.7	0.0	870.2431	0.0	0.0	0.0	0	2.4002328
mcp2k	18255	1	70222	0	16.854	6.778	18	1157008	0	nu-candidate	8	1	1	1	0	1.239	69.7	8	-181.69327	-138.53708	456.10815	1.7827185	-15.0	1.0	0.0	0.7	0.0	767.0752	55.46437	49.423397	6.0409727	6	0.0
mcp2k	18255	1	70288	0	14.427	4.727	16	1130728	0	nu-candidate	7	1	1	1	0	1.375	1.6	7	-189.59918	138.04576	195.17505	-3.0193865	-15.0	1.0	0.0	0.7	0.0	112.616356	1.9265007	0.0	1.9265007	1	3.6478753
mcp2k	18255	1	70442	0	11.994	1.100	13	393496	0	cosmic-tagged	12	1	1	0	0																		
mcp2k	18255	1	70472	0	21.767	10.697	23	1305552	0	nu-candidate	11	1	1	1	0	0.764	401.8	15	-89.16458	-192.9343	406.2262	1.0827783	-15.0	1.0	0.0	0.7	0.0	1194.7863	12.5756235	0.0	12.5756235	7	6.671837
mcp2k	18255	1	70486	0	13.099	0.796	15	338688	0	no-bundle	10	0	1	0	0																		
mcp2k	18255	1	70538	0	16.948	5.656	18	1188920	0	nu-candidate	12	1	1	1	0	1.604	72.7	1	-1.5717932	192.29724	5.7033834	-0.073596895	-15.0	1.0	1.0	0.7	0.0	465.53906	0.0	0.0	0.0	0	16.450449
mcp2k	18255	1	70574	0	13.203	1.025	15	388060	0	cosmic-tagged	13	1	1	0	0																		
mcp2k	18255	1	70612	0	16.765	5.281	18	1160052	0	nu-candidate	8	1	1	1	0	1.399	89.6	6	29.687853	-132.31308	34.731853	0.42203823	-15.0	1.0	0.0	0.7	0.0	254.84218	129.43932	129.43932	0.0	1	5.605312
mcp2k	18255	1	70640	0	19.220	8.427	21	1189232	0	nu-candidate	10	1	1	1	0	1.268	178.3	16	-142.15352	132.54944	154.7723	3.0518196	-15.0	1.0	0.0	0.7	0.0	1039.2764	6.5573134	0.0	6.5573134	4	13.388358
mcp2k	18255	1	70652	0	14.602	1.578	16	516296	0	no-beam-flash	20	0	0	0	0																		
mcp2k	18255	1	70670	0	13.158	0.968	15	384020	0	nu-candidate	13	1	1	0	0																		
mcp2k	18255	1	70692	0	18.052	6.664	20	1171948	0	nu-candidate	14	1	1	1	0	0.759	158.1	10	-134.30711	73.71969	238.06094	3.6109958	-15.0	1.0	0.0	0.7	0.0	845.33704	0.7696554	0.0	0.7696554	1	27.70417
mcp2k	18255	1	70696	0	13.228	1.110	15	417704	0	no-bundle	15	0	1	0	0																		
mcp2k	18255	1	70713	0	18.579	5.733	20	1218180	0	nu-candidate	16	1	1	1	0	0.616	79.9	10	-197.69084	142.38829	432.6727	2.7059648	-15.0	1.0	0.0	0.7	0.0	404.38477	8.868359	0.0	8.868359	5	4.9670277
mcp2k	18255	1	70735	0	13.195	1.004	15	379804	0	nu-candidate	12	1	1	0	0																		
mcp2k	18255	1	70744	0	13.205	0.976	15	388688	0	cosmic-tagged	16	1	1	0	0																		
mcp2k	18255	1	70750	0	13.121	0.853	15	364016	0	cosmic-tagged	14	1	1	0	0																		
mcp2k	18255	1	70757	0	16.345	5.200	18	1181376	0	nu-candidate	15	1	1	1	0	1.349	23.0	8	52.633045	-189.64526	307.8209	-2.3591552	-15.0	1.0	0.0	0.7	0.0	204.28769	0.0	0.0	0.0	0	13.881856
mcp2k	18255	1	70766	0	18.642	7.575	20	1232532	0	nu-candidate	12	1	1	1	0	0.470	227.1	6	90.56711	119.02401	0.035452954	-3.8054698	-15.0	1.0	1.0	0.2280603	0.0	671.59644	535.89264	0.0	535.89264	5	0.0
mcp2k	18255	1	70779	0	12.559	0.872	14	357788	0	cosmic-tagged	9	1	1	0	0																		
mcp2k	18255	1	70788	0	13.875	1.079	15	413300	0	nu-candidate	14	1	1	0	0																		
mcp2k	18255	1	70810	0	13.733	0.590	15	311552	0	nu-candidate	7	1	1	0	0																		
mcp2k	18255	1	70816	0	11.386	1.286	13	375704	0	cosmic-tagged	8	1	1	0	0																		
mcp2k	18255	1	70882	0	10.190	0.910	12	370192	0	no-beam-flash	11	0	0	0	0																		
mcp2k	18255	1	70912	0	21.259	8.684	23	1192572	0	nu-candidate	8	1	1	1	0	1.322	366.7	3	131.5296	17.1757	175.10152	5.0350003	-15.0	1.0	0.0	0.7	0.0	1165.1196	0.5685273	0.0	0.5685273	1	1.4663417
mcp2k	18255	1	71022	0	16.254	5.291	18	1200752	0	nu-candidate	12	1	1	1	0	1.898	56.0	13	138.60252	160.17426	235.98346	0.8232435	-15.0	1.0	1.0	0.7	0.0	329.18347	8.210498	0.0	8.210498	6	33.017006
mcp2k	18255	1	71088	0	9.033	1.112	10	400056	0	cosmic-tagged	14	1	1	0	0																		
mcp2k	18255	1	71092	0	18.592	5.340	20	1162292	0	nu-candidate	8	1	1	1	0	0.828	64.8	7	-106.78613	-123.86245	3.4382005	-1.4815319	-15.0	1.0	0.0	0.12367175	0.0	313.66397	135.20811	135.20811	0.0	2	8.446919
mcp2k	18255	1	71102	0	15.035	0.960	17	382044	0	no-bundle	8	0	1	0	0																		
mcp2k	18255	1	71140	0	14.997	0.872	16	357960	0	no-beam-flash	11	0	0	0	0																		
mcp2k	18255	1	71286	0	13.031	1.093	15	412088	0	no-beam-flash	14	0	0	0	0																		
mcp2k	18255	1	71290	0	18.251	7.787	21	1254000	0	nu-candidate	14	1	1	1	0	1.996	148.3	3	14.996483	-38.33664	349.7023	4.0680666	-15.0	1.0	0.0	0.7	0.0	1085.066	1.0062789	0.0	1.0062789	1	1.8759776
mcp2k	18255	1	71466	0	13.122	0.979	15	357312	0	cosmic-tagged	10	1	1	0	0																		
mcp2k	18255	1	71558	0	13.240	1.406	15	452076	0	cosmic-tagged	15	1	1	0	0																		
mcp2k	18255	1	71638	0	13.070	0.742	14	330028	0	no-beam-flash	11	0	0	0	0																		
mcp2k	18255	1	71642	0	23.027	11.488	25	1194856	0	nu-candidate	7	1	1	1	0	0.630	138.4	60	23.714787	53.50323	139.1995	1.5705307	-2.1790943	1.0	0.0	0.7	0.0	1696.8606	8.512959	0.0	8.512959	2	167.51874
mcp2k	18255	1	71646	0	12.415	1.600	14	493040	0	cosmic-tagged	17	1	1	0	0																		
mcp2k	18255	1	71681	0	14.805	3.331	16	490224	0	cosmic-tagged	8	2	2	0	0																		
mcp2k	18255	1	71704	0	12.176	1.082	14	343116	0	cosmic-tagged	7	1	1	0	0																		
mcp2k	18255	1	71748	0	18.309	6.406	20	1210552	0	nu-candidate	15	1	1	1	0	1.766	71.0	12	82.74028	-191.32559	345.8845	1.4531387	-15.0	1.0	0.0	0.7	0.0	779.49414	0.6743092	0.0	0.6743092	1	62.049007
mcp2k	18255	1	71778	0	18.498	7.286	20	1315956	0	nu-candidate	13	1	1	1	0	1.991	262.9	10	-121.24156	-11.775357	247.2784	3.8187904	-15.0	1.0	0.0	0.7	0.0	752.4392	3.8081713	0.0	3.8081713	3	9.024903
mcp2k	18255	1	71806	0	12.236	0.931	14	347408	0	cosmic-tagged	9	1	1	0	0																		
mcp2k	18255	1	71872	0	17.203	7.619	19	1186992	0	nu-candidate	11	1	1	1	0	1.454	73.3	43	144.74117	118.79331	52.00745	1.160406	-15.0	1.0	0.0	0.7	0.0	962.39264	1.0363643	0.0	1.0363643	1	109.105446
mcp2k	18255	1	71902	0	12.197	0.784	14	339064	0	nu-candidate	10	1	1	0	0																		
mcp2k	18255	1	71945	0	14.589	2.746	16	506816	0	cosmic-tagged	12	1	1	0	0																		
mcp2k	18255	1	71976	0	13.488	1.278	15	421144	0	cosmic-tagged	14	1	1	0	0																		
mcp2k	18255	1	72055	0	19.219	8.110	21	1221072	0	nu-candidate	9	1	1	1	0	1.363	233.7	6	-171.80322	-148.9697	7.398786	4.6734056	-15.0	1.0	0.0	0.7	0.0	889.4906	4.093664	0.0	4.093664	3	4.8214912
mcp2k	18255	1	72082	0	13.191	1.187	15	410784	0	cosmic-tagged	15	1	1	0	0																		
mcp2k	18255	1	72092	0	13.048	1.093	15	391268	0	cosmic-tagged	17	1	1	0	0																		
mcp2k	18255	1	72099	0	18.009	7.395	20	1224872	0	nu-candidate	10	1	1	1	0	1.133	196.5	11	181.14363	199.48186	440.24417	-2.6313262	-15.0	1.0	1.0	0.7	0.0	609.6855	20.033424	0.0	20.033424	10	1.0221261
mcp2k	18255	1	72170	0	19.323	7.797	21	1185600	0	nu-candidate	14	1	1	1	0	1.712	220.7	2	-56.397472	-14.151564	317.52545	3.3930492	-15.0	1.0	0.0	0.7	0.0	1042.2559	0.0	0.0	0.0	0	2.8373122
mcp2k	18255	1	72174	0	18.226	7.399	20	1203040	0	nu-candidate	6	1	1	1	0	0.971	165.5	5	45.304504	33.172302	274.4061	4.4334335	-15.0	1.0	0.0	0.7	0.0	593.7934	0.0	0.0	0.0	0	5.6886854
mcp2k	18255	1	72196	0	18.103	6.624	20	1200508	0	nu-candidate	7	1	1	1	0	1.749	163.8	8	-173.39662	74.68144	352.11365	2.7487752	-15.0	1.0	0.0	0.7	0.0	515.5868	84.16361	0.0	84.16361	7	4.4925623
mcp2k	18255	1	72202	0	10.888	0.717	12	332516	0	nu-candidate	8	1	1	0	0																		
mcp2k	18255	1	72236	0	10.844	1.127	12	411400	0	cosmic-tagged	9	1	1	0	0																		
mcp2k	18255	1	72254	0	10.879	1.071	12	401452	0	no-beam-flash	15	0	0	0	0																		
mcp2k	18255	1	72275	0	26.553	17.232	28	1274456	0	nu-candidate	9	1	1	1	0	1.856	15.0	0	74.19517	90.71756	199.09297	3.5398588	-15.0	1.0	0.0	0.7	0.0	1209.6139	2.3075058	0.0	2.3075058	1	26.535496
mcp2k	18255	1	72280	0	13.311	4.890	15	1173420	0	nu-candidate	8	1	1	1	0	1.457	16.2	7	115.70187	-87.32062	120.96217	-2.8553452	-15.0	1.0	0.0	0.7	0.0	156.48528	12.558522	0.0	12.558522	2	5.0239487
mcp2k	18255	1	72298	0	11.843	1.150	13	418008	0	cosmic-tagged	14	1	1	0	0																		
mcp2k	18255	1	72320	0	13.188	1.233	15	425488	0	nu-candidate	18	1	1	0	0																		
mcp2k	18255	1	72378	0	13.058	1.054	15	377044	0	nu-candidate	13	1	1	0	0																		
mcp2k	18255	1	72386	0	13.129	1.062	15	391248	0	cosmic-tagged	10	1	1	0	0																		
mcp2k	18255	1	72488	0	15.739	3.615	17	526852	0	cosmic-tagged	16	1	1	0	0																		
mcp2k	18255	1	72504	0	13.112	0.916	15	366844	0	no-bundle	12	0	1	0	0																		
mcp2k	18255	1	72570	0	13.224	1.163	15	413848	0	cosmic-tagged	13	1	1	0	0																		
mcp2k	18255	1	72649	0	13.214	4.711	15	1125420	0	nu-candidate	9	1	1	1	0	0.887	18.7	9	193.15408	16.3165	75.15939	-3.1033595	-15.0	1.0	0.0	0.7	0.0	172.83195	4.2048936	0.0	4.2048936	3	7.750746
mcp2k	18255	1	72742	0	17.035	5.768	19	1300752	0	nu-candidate	15	1	1	1	0	1.677	32.6	3	-179.41937	-99.97283	482.48065	3.1416879	-15.0	1.0	0.0	0.7	0.0	266.4202	2.451445	0.0	2.451445	2	0.26572257
mcp2k	18255	1	72759	0	17.990	6.866	20	1150132	0	nu-candidate	11	1	1	1	0	1.763	122.8	2	-7.7780867	-190.47868	248.60254	-0.20851871	-15.0	1.0	0.0	0.7	0.0	210.09515	332.17532	0.0	332.17532	4	25.273855
mcp2k	18255	1	72760	0	16.879	5.058	18	1169728	0	nu-candidate	14	1	1	1	0	1.685	1.9	1	-54.77001	9.2965145	124.42343	-2.26874	-15.0	1.0	0.0	0.7	0.0	107.61059	0.0	0.0	0.0	0	0.0
mcp2k	18255	1	72764	0	12.032	0.993	13	381540	0	cosmic-tagged	13	1	1	0	0																		
mcp2k	18255	1	72768	0	16.835	6.040	18	1189940	0	nu-candidate	12	1	1	1	0	1.144	58.8	15	119.766365	19.487055	357.4001	1.4906639	-15.0	1.0	0.0	0.7	0.0	567.6161	0.0	0.0	0.0	0	87.47952
mcp2k	18255	1	72786	0	20.444	11.188	21	1229172	0	nu-candidate	6	1	1	1	0	0.622	151.2	24	-152.53374	151.87347	111.46706	3.829684	-15.0	1.0	0.0	0.7	0.0	685.5743	1156.6625	0.0	1156.6625	9	2.9735847
mcp2k	18255	1	72818	0	12.070	1.103	13	413924	0	nu-candidate	14	1	1	0	0																		
mcp2k	18255	1	72840	0	14.377	5.763	16	1192044	0	nu-candidate	13	1	1	1	0	0.580	97.7	1	-18.662155	-136.17125	466.1069	3.7466507	-15.0	1.0	0.0	0.7	0.0	583.74146	0.0	0.0	0.0	0	0.0
mcp2k	18255	1	72848	0	11.996	1.703	13	444856	0	cosmic-tagged	17	1	1	0	0																		
mcp2k	18255	1	72940	0	17.849	8.317	19	1184468	0	nu-candidate	12	1	1	1	0	1.483	269.4	8	81.31715	8.820274	355.32776	4.727996	-15.0	1.0	0.0	0.7	0.0	1043.584	0.0	0.0	0.0	0	6.7226663
mcp2k	18255	1	73038	0	16.769	6.096	18	1302388	0	cosmic-tagged	15	1	1	1	0	0.968	15.4	0	-1.6892387	-29.882187	113.221	-2.5030892	-15.0	1.0	0.0	0.7	0.0	46.64471	0.8885835	0.0	0.8885835	2	3.384941
mcp2k	18255	1	73054	0	16.703	6.018	18	1220784	0	nu-candidate	11	1	1	1	0	1.866	71.5	3	-28.070757	98.046646	474.6761	3.6630344	-15.0	1.0	0.0	0.7	0.0	486.28256	0.0	0.0	0.0	0	23.19147
mcp2k	18255	1	73068	0	14.473	1.354	16	425540	0	cosmic-tagged	15	1	1	0	0																		
mcp2k	18255	1	73199	0	12.099	0.882	14	350500	0	nu-candidate	11	1	1	0	0																		
mcp2k	18255	1	73270	0	11.526	0.972	13	383584	0	no-bundle	11	0	1	0	0																		
mcp2k	18255	1	73324	0	12.985	4.705	14	1155664	0	nu-candidate	10	1	1	1	0	1.103	2.2	0	101.425606	44.17507	252.10867	-2.4810498	-15.0	1.0	0.0	0.7	0.0	3.053969	0.0	0.0	0.0	0	0.0
mcp2k	18255	1	73336	0	19.146	6.510	21	1161408	0	nu-candidate	11	1	1	1	0	1.886	40.5	22	-43.6895	41.0104	461.35785	-0.09960865	-7.2592077	1.0	0.0	0.7	0.0	595.31055	1.8193159	0.0	1.8193159	1	22.046124
mcp2k	18255	1	73380	0	6.988	0.764	9	340208	0	nu-candidate	10	1	1	0	0																		
mcp2k	18255	1	73412	0	16.842	7.542	18	1253640	0	nu-candidate	14	1	1	1	0	1.209	203.8	2	76.78514	141.90125	127.24698	3.8033137	-15.0	1.0	0.0	0.7	0.0	714.62115	0.0	0.0	0.0	0	1.7588267
mcp2k	18255	1	73450	0	15.401	3.584	17	710052	0	cosmic-tagged	9	1	1	1	0	0.863	1.1	0	0.0	0.0	0.0	-1.9416895	-15.0	1.0	0.0	0.7	0.0	0.0	0.0	0.0	0.0	0	0.0
mcp2k	18255	1	73472	0	14.271	1.130	16	391980	0	cosmic-tagged	9	1	1	0	0																		
mcp2k	18255	1	73500	0	16.685	3.642	18	719608	0	cosmic-tagged	9	1	1	1	0	0.950	2.3	0	0.0	0.0	0.0	-1.9416895	-15.0	1.0	0.0	0.7	0.0	0.0	0.0	0.0	0.0	0	0.0
mcp2k	18255	1	73507	0	15.386	0.830	17	346272	0	cosmic-tagged	10	1	1	0	0																		
mcp2k	18255	1	73534	0	9.376	0.948	11	387056	0	no-beam-flash	14	0	0	0	0																		
mcp2k	18255	1	73538	0	20.411	6.834	22	1180628	0	nu-candidate	10	1	1	1	0	2.053	143.7	3	-76.52895	195.37161	248.21133	0.44416517	-15.0	1.0	1.0	0.7	0.0	508.9732	4.0605464	0.0	4.0605464	3	0.0
mcp2k	18255	1	73640	0	12.396	0.798	14	343800	0	no-bundle	7	0	1	0	0																		
mcp2k	18255	1	73662	0	12.030	1.172	14	434280	0	nu-candidate	17	1	2	0	0																		
mcp2k	18255	1	73688	0	25.417	13.733	27	1236816	0	nu-candidate	9	1	1	1	0	1.462	350.4	23	-55.693897	73.41078	171.9467	2.8046255	-15.0	1.0	0.0	0.7	0.0	838.13477	779.9971	772.86597	7.1311345	7	18.452545
mcp2k	18255	1	73698	0	16.839	5.644	18	1203104	0	nu-candidate	13	1	1	1	0	1.159	41.3	2	185.70012	157.26132	214.9413	2.7265482	-15.0	1.0	0.0	0.7	0.0	396.2367	22.729136	0.0	22.729136	1	1.8813976
mcp2k	18255	1	73705	0	16.764	4.837	18	1125608	0	nu-candidate	10	1	1	1	0	0.845	10.0	9	-36.6268	-36.043697	37.107433	-2.270478	-15.0	1.0	0.0	0.7	0.0	121.52215	2.3128703	0.0	2.3128703	2	11.266047
mcp2k	18255	1	73727	0	18.154	6.757	20	1244872	0	nu-candidate	13	1	1	1	0	0.866	227.8	5	-4.77844	-157.66618	58.764954	3.1646693	-15.0	1.0	0.0	0.7	0.0	659.37494	20.31686	0.0	20.31686	4	2.1403944
mcp2k	18255	1	73732	0	12.042	1.231	13	412840	0	cosmic-tagged	12	1	1	0	0																		
mcp2k	18255	1	73754	0	13.126	0.760	15	329660	0	cosmic-tagged	10	1	1	0	0																		
mcp2k	18255	1	73793	0	12.072	1.129	14	404988	0	nu-candidate	10	1	1	0	0																		
mcp2k	18255	1	73838	0	16.906	7.206	18	1211204	0	nu-candidate	11	1	1	1	0	1.929	249.0	5	146.66632	81.21237	267.38235	3.607332	-15.0	1.0	0.0	0.7	0.0	710.8959	1.2929622	0.0	1.2929622	1	9.0639925
mcp2k	18255	1	73852	0	13.024	1.048	15	362872	0	cosmic-tagged	9	1	1	0	0																		
mcp2k	18255	1	73926	0	13.137	1.202	15	395516	0	cosmic-tagged	8	1	1	0	0																		
mcp2k	18255	1	73991	0	16.784	6.042	18	1166344	0	nu-candidate	9	1	1	1	0	0.953	173.6	3	2.8267689	-24.028194	414.78433	2.470999	-15.0	1.0	0.0	0.7	0.0	518.9687	1.7075726	0.0	1.7075726	1	3.8622952
mcp2k	18255	1	73992	0	12.024	1.067	13	393612	0	cosmic-tagged	13	1	1	0	0																		
mcp2k	18255	1	73996	0	13.274	1.255	15	391788	0	cosmic-tagged	14	1	1	0	0																		
mcp2k	18255	1	74094	0	12.035	0.963	13	377480	0	no-beam-flash	11	0	0	0	0																		
mcp2k	18255	1	74123	0	15.812	6.289	17	1237696	0	nu-candidate	17	1	1	1	0	1.573	54.4	17	162.72194	80.886055	226.86331	1.0322131	-15.0	1.0	1.0	0.7	0.0	513.25165	0.0	0.0	0.0	0	4.6948686
mcp2k	18255	1	74128	0	11.969	0.860	13	354268	0	cosmic-tagged	10	2	2	0	0																		
mcp2k	18255	1	74146	0	16.926	6.032	18	1175908	0	nu-candidate	10	1	1	1	0	1.538	108.8	8	-161.33998	120.62001	322.041	1.074266	-15.0	1.0	0.0	0.7	0.0	548.60693	31.224667	30.614233	0.61043286	2	16.689255
mcp2k	18255	1	74160	0	12.065	1.022	14	374040	0	cosmic-tagged	12	1	1	0	0																		
mcp2k	18255	1	74190	0	16.937	5.475	19	1150452	0	cosmic-tagged	6	1	1	1	0	1.359	76.4	4	-179.68358	-42.305317	41.635414	-1.392839	-15.0	1.0	0.0	0.7	0.0	392.73505	4.4341903	0.0	4.4341903	3	1.4007642
mcp2k	18255	1	74270	0	16.929	5.138	18	1196912	0	nu-candidate	15	1	1	1	0	1.039	19.6	3	75.16415	28.258541	498.07632	-1.4279042	-15.0	1.0	0.0	0.7	0.0	68.13302	3.1310039	0.0	3.1310039	3	0.0
mcp2k	18255	1	74326	0	21.947	13.111	23	1247820	0	nu-candidate	12	1	1	1	0	1.848	122.6	19	65.24943	106.78769	391.94968	2.345549	-15.0	1.0	0.0	0.7	0.0	1668.9136	249.74197	176.67581	73.066154	9	20.579617
mcp2k	18255	1	74336	0	18.152	6.461	20	1251976	0	nu-candidate	17	1	1	1	0	1.170	114.7	16	-28.537285	-68.96187	99.70102	-0.08528195	-15.0	1.0	0.0	0.7	0.0	693.9807	55.964314	0.0	55.964314	3	8.279702
mcp2k	18255	1	74380	0	15.513	6.214	17	1136812	0	nu-candidate	8	1	1	1	0	1.442	142.4	2	-134.33923	4.329879	300.10196	2.3059397	-15.0	1.0	0.0	0.7	0.0	763.881	1.0015749	0.0	1.0015749	1	0.9628907
mcp2k	18255	1	74414	0	14.556	5.402	16	1196836	0	nu-candidate	16	1	1	1	0	1.809	29.5	5	-153.84944	1.542992	300.1671	-0.882554	-15.0	1.0	0.0	0.7	0.0	271.1272	0.0	0.0	0.0	0	3.6865258
mcp2k	18255	1	74732	0	12.062	0.822	14	353144	0	cosmic-tagged	9	1	1	0	0																		
mcp2k	18255	1	74783	0	11.941	0.800	13	341220	0	nu-candidate	11	1	1	0	0																		
mcp2k	18255	1	74784	0	21.768	9.114	23	1194876	0	nu-candidate	8	1	1	1	0	0.718	280.9	4	101.98705	96.95265	129.8569	4.3324933	-15.0	1.0	1.0	0.7	0.0	1128.0881	1.635536	0.0	1.635536	1	2.1795282
mcp2k	18255	1	74810	0	12.188	1.246	14	428224	0	no-bundle	12	0	1	0	0																		
mcp2k	18255	1	74849	0	12.031	1.018	13	378568	0	cosmic-tagged	10	1	1	0	0																		
mcp2k	18255	1	74854	0	15.683	5.902	17	1199784	0	nu-candidate	13	1	1	1	0	1.090	134.1	1	-56.67325	-173.10239	372.62045	1.7904143	-15.0	1.0	0.0	0.7	0.0	444.2638	1.8885813	0.0	1.8885813	1	0.0
mcp2k	18255	1	74938	0	11.870	0.991	12	381456	0	cosmic-tagged	11	1	1	0	0																		
mcp2k	18255	1	75004	0	18.059	5.148	20	1181624	0	nu-candidate	11	1	1	1	0	1.536	2.2	8	16.881266	-57.48903	24.666214	-1.4016306	-15.0	1.0	0.0	0.7	0.0	116.159515	5.7393155	0.0	5.7393155	3	8.670848
mcp2k	18255	1	75040	0	19.777	8.881	21	1322372	0	nu-candidate	14	1	1	1	0	1.516	160.2	5	-75.319145	-33.750168	155.56412	4.224862	-15.0	1.0	0.0	0.7	0.0	754.2179	0.8341594	0.0	0.8341594	1	8.093924
mcp2k	18255	1	75052	0	14.694	5.604	16	1182456	0	nu-candidate	8	1	1	1	0	1.595	93.5	8	-173.39082	110.79852	250.63681	-0.31269902	-15.0	1.0	0.0	0.7	0.0	529.23956	5.542957	0.0	5.542957	2	7.5339684
mcp2k	18255	1	75113	0	14.591	5.110	16	1141792	0	cosmic-tagged	11	1	1	1	0	1.929	24.7	4	-32.511154	-77.87778	439.23273	-2.850458	-15.0	1.0	0.0	0.7	0.0	199.6949	0.0	0.0	0.0	0	5.4633465
mcp2k	18255	1	75128	0	10.831	0.833	12	354324	0	nu-candidate	10	1	1	0	0																		
mcp2k	18255	1	75135	0	18.416	7.619	20	1244452	0	nu-candidate	12	1	1	1	0	0.827	126.8	7	141.85527	26.629824	74.86341	4.0381417	-15.0	1.0	0.0	0.7	0.0	680.08734	2.892664	0.0	2.892664	3	4.409374
mcp2k	18255	1	75158	0	12.167	0.923	14	363780	0	no-bundle	12	0	1	0	0																		
mcp2k	18255	1	75206	0	31.661	20.143	33	1217056	0	nu-candidate	8	1	1	1	0	1.913	290.2	23	-123.6244	46.832897	187.75874	3.7566228	-15.0	1.0	0.0	0.7	0.0	1213.2621	15.895132	0.0	15.895132	4	4.739348
mcp2k	18255	1	75289	0	13.396	0.927	15	365252	0	no-beam-flash	10	0	0	0	0																		
mcp2k	18255	1	75316	0	19.493	7.317	21	1239560	0	nu-candidate	13	1	1	1	0	0.954	153.4	9	123.66625	-105.55413	417.26996	0.53975284	-15.0	1.0	0.0	0.7	0.0	461.64948	332.52338	330.0028	2.5205789	3	11.845294
mcp2k	18255	1	75334	0	12.256	1.352	14	407080	0	cosmic-tagged	16	1	1	0	0																		
mcp2k	18255	1	75338	0	12.176	0.930	14	361024	0	nu-candidate	15	1	1	0	0																		
mcp2k	18255	1	75355	0	12.172	0.630	14	311300	0	no-bundle	8	0	1	0	0																		
mcp2k	18255	1	75377	0	18.420	6.810	20	1229032	0	nu-candidate	15	1	1	1	0	1.011	162.2	2	128.28477	-83.76382	351.38144	5.0719047	-15.0	1.0	0.0	0.7	0.0	598.6544	1.7160975	0.0	1.7160975	2	0.0
mcp2k	18255	1	75399	0	12.198	1.435	13	458848	0	no-bundle	12	0	1	0	0																		
mcp2k	18255	1	75488	0	11.098	1.232	13	426344	0	cosmic-tagged	17	1	1	0	0																		
mcp2k	18255	1	75554	0	14.555	7.211	16	1162036	0	nu-candidate	4	1	1	1	0	1.889	126.7	30	150.55101	-198.7197	41.182255	-0.34075895	-15.0	1.0	1.0	0.7	0.0	1044.2067	55.327057	0.0	55.327057	7	1.0653806
mcp2k	18255	1	75590	0	10.697	0.877	11	357108	0	cosmic-tagged	6	1	1	0	0																		
mcp2k	18255	1	75668	0	14.396	5.566	16	1213184	0	cosmic-tagged	7	1	1	1	0	0.285	15.6	0	-24.472841	199.34427	383.03183	-1.262638	-15.0	1.0	1.0	0.7	0.0	52.72837	0.0	0.0	0.0	0	0.0
mcp2k	18255	1	75678	0	14.331	5.160	16	1157600	0	nu-candidate	11	1	1	1	0	1.938	43.4	13	-165.31688	-153.44054	376.75845	0.47742555	-15.0	1.0	0.0	0.7	0.0	262.6944	2.8285208	0.0	2.8285208	3	16.70571
mcp2k	18255	1	75700	0	18.002	7.396	20	1240584	0	nu-candidate	13	1	1	1	0	1.736	116.6	11	-96.28223	-40.66079	31.528341	2.8966553	-15.0	1.0	0.0	0.7	0.0	744.9293	2.0393114	0.0	2.0393114	2	12.72059
mcp2k	18255	1	75729	0	15.675	6.344	17	1204192	0	nu-candidate	13	1	1	1	0	1.632	52.1	11	-76.23439	-170.81296	369.00262	-0.6080816	-15.0	1.0	0.0	0.7	0.0	62.883728	577.33575	150.76001	426.57574	2	14.899682
mcp2k	18255	1	75730	0	16.689	5.696	18	1166796	0	nu-candidate	9	1	1	1	0	0.874	58.9	13	43.96761	-188.74492	138.95685	1.6641525	-15.0	1.0	1.0	0.7	0.0	373.5464	2.8865614	0.0	2.8865614	1	84.36106
mcp2k	18255	1	75795	0	18.988	7.950	20	1224792	0	nu-candidate	13	1	1	1	0	1.060	121.5	8	-197.25995	119.59147	178.14351	2.6977787	-15.0	1.0	0.0	0.7	0.0	594.8871	5.480838	0.0	5.480838	3	123.77137
mcp2k	18255	1	75862	0	17.702	6.525	18	1134876	0	nu-candidate	9	1	1	1	0	1.840	115.3	16	78.217865	11.391952	257.05173	3.9009852	-15.0	1.0	0.0	0.7	0.0	618.9038	2.5739005	0.0	2.5739005	2	20.0474
mcp2k	18255	1	75954	0	20.427	9.394	21	1309240	0	nu-candidate	17	1	1	1	0	1.283	56.9	10	183.59663	-188.04868	119.752335	-0.516274	9.071568	1.0	0.0	0.7	0.0	781.8971	3.2299109	0.0	3.2299109	1	121.636024
mcp2k	18255	1	75976	0	15.566	4.951	17	1158620	0	nu-candidate	8	1	1	1	0	0.205	2.8	10	150.43587	-182.85988	390.71323	-2.5108376	-15.0	1.0	0.0	0.7	0.0	61.226807	3.0559373	0.0	3.0559373	3	8.206053
mcp2k	18255	1	76038	0	15.841	7.994	17	1310604	0	nu-candidate	15	1	1	1	0	1.917	225.0	2	194.51712	-78.109245	317.9593	5.5551214	-15.0	1.0	0.0	0.7	0.0	740.0769	1.2561249	0.0	1.2561249	1	0.72423875
mcp2k	18255	1	76059	0	13.369	5.545	15	1179776	0	nu-candidate	9	1	1	1	0	1.654	30.0	8	-174.70789	-185.3463	377.51562	2.539502	-15.0	1.0	0.0	0.7	0.0	504.86063	2.7014976	0.0	2.7014976	2	12.72186
mcp2k	18255	1	76147	0	11.921	1.804	13	451236	0	cosmic-tagged	11	1	1	0	0																		
mcp2k	18255	1	76170	0	19.414	9.803	21	1268048	0	cosmic-tagged	11	1	1	1	0	1.251	373.6	13	-4.476355	-47.429035	129.80553	5.344948	-15.0	1.0	0.0	0.7	0.0	1034.384	16.94599	0.0	16.94599	8	11.626335
mcp2k	18255	1	76206	0	11.131	1.671	13	515276	0	no-beam-flash	13	0	0	0	0																		
mcp2k	18255	1	76228	0	10.892	1.039	12	391292	0	nu-candidate	14	1	1	0	0																		
mcp2k	18255	1	76250	0	17.024	6.558	19	1201720	0	nu-candidate	11	1	1	1	0	1.837	142.2	3	-165.69318	-115.73372	175.30019	3.8684437	-15.0	1.0	0.0	0.7	0.0	598.5677	3.1687489	0.0	3.1687489	3	0.0
mcp2k	18255	1	76257	0	12.173	0.952	14	351900	0	no-beam-flash	13	0	0	0	0																		
mcp2k	18255	1	76280	0	15.838	5.982	17	1219992	0	nu-candidate	11	1	1	1	0	1.403	84.3	13	174.20256	64.964	267.38434	2.4245634	-15.0	1.0	0.0	0.7	0.0	561.24414	4.3464403	0.0	4.3464403	3	64.21318
mcp2k	18255	1	76346	0	16.911	6.175	19	1192608	0	nu-candidate	11	1	1	1	0	1.669	22.0	16	-114.24652	-60.7794	330.60977	-1.4859236	-11.746161	1.0	0.0	0.7	0.0	319.4629	28.058302	0.0	28.058302	3	0.0
mcp2k	18255	1	76350	0	27.843	14.688	30	1258248	0	nu-candidate	14	1	1	1	0	0.726	86.2	43	101.65852	-180.77536	407.15738	0.7135672	-6.9128833	1.0	0.0	0.7	0.0	1193.5773	0.0	0.0	0.0	0	98.1084
mcp2k	18255	1	76631	0	13.316	1.261	15	399292	0	cosmic-tagged	10	1	1	0	0																		
mcp2k	18255	1	76712	0	14.369	0.929	16	370248	0	no-beam-flash	9	0	0	0	0																		
mcp2k	18255	1	76822	0	14.357	0.952	16	381008	0	no-beam-flash	10	0	0	0	0																		
mcp2k	18255	1	76829	0	14.252	0.710	16	329516	0	cosmic-tagged	10	1	1	0	0																		
mcp2k	18255	1	76866	0	16.914	5.290	19	1205096	0	nu-candidate	8	1	1	1	0	1.234	22.7	10	52.901146	-188.91064	167.42166	-0.4470813	-15.0	1.0	1.0	0.7	0.0	187.63257	15.65156	0.0	15.65156	7	4.4018517
mcp2k	18255	1	76873	0	14.216	1.147	15	416360	0	nu-candidate	11	1	1	0	0																		
mcp2k	18255	1	76888	0	16.920	5.602	18	1222216	0	nu-candidate	11	1	1	1	0	1.334	28.4	5	59.553017	147.13226	481.65222	3.297241	-15.0	1.0	0.0	0.7	0.0	316.73856	4.612246	0.0	4.612246	5	0.0
mcp2k	18255	1	76910	0	14.338	0.878	16	343044	0	cosmic-tagged	10	1	1	0	0																		
mcp2k	18255	1	76922	0	14.325	0.839	16	340924	0	no-bundle	9	0	1	0	0																		
mcp2k	18255	1	76944	0	13.204	0.930	15	359656	0	no-bundle	10	0	1	0	0																		
mcp2k	18255	1	76998	0	18.033	5.986	20	1209520	0	nu-candidate	12	1	1	1	0	1.955	197.8	4	-103.38988	90.11383	262.69556	2.678762	-15.0	1.0	0.0	0.7	0.0	581.893	0.0	0.0	0.0	0	4.9332623
mcp2k	18255	1	77020	0	13.101	1.091	15	401792	0	cosmic-tagged	11	1	2	0	0																		
mcp2k	18255	1	77054	0	13.107	1.046	15	392652	0	no-beam-flash	10	0	0	0	0																		
mcp2k	18255	1	77098	0	11.945	0.926	13	375080	0	no-beam-flash	15	0	0	0	0																		
mcp2k	18255	1	77130	0	12.050	1.022	14	397472	0	no-bundle	13	0	1	0	0																		
mcp2k	18255	1	77328	0	23.606	12.013	25	1237492	0	nu-candidate	11	1	1	1	0	1.786	305.1	4	-45.982025	-143.51242	222.64064	3.5706587	-15.0	1.0	0.0	0.7	0.0	1078.3799	0.75505847	0.0	0.75505847	1	156.7072
mcp2k	18255	1	77335	0	11.852	0.947	13	370172	0	nu-candidate	10	1	1	0	0																		
mcp2k	18255	1	77379	0	13.090	1.417	15	461008	0	nu-candidate	17	1	1	0	0																		
mcp2k	18255	1	77394	0	11.792	0.754	13	336952	0	no-beam-flash	9	0	0	0	0																		
mcp2k	18255	1	77406	0	11.990	1.009	13	371920	0	no-beam-flash	9	0	0	0	0																		
mcp2k	18255	1	77489	0	12.013	0.893	13	368652	0	nu-candidate	14	1	1	0	0																		
mcp2k	18255	1	77604	0	13.625	1.697	15	466076	0	cosmic-tagged	10	1	1	0	0																		
mcp2k	18255	1	77702	0	21.184	8.838	23	1302744	0	nu-candidate	17	1	1	1	0	1.215	338.7	6	-38.4294	45.77859	130.18712	4.7822485	-15.0	1.0	0.0	0.7	0.0	994.06604	77.329216	0.0	77.329216	1	7.283277
mcp2k	18255	1	77731	0	12.675	0.867	14	360404	0	cosmic-tagged	11	1	1	0	0																		
mcp2k	18255	1	77846	0	17.544	6.242	19	1175848	0	nu-candidate	12	1	1	1	0	1.969	164.0	8	-23.487623	98.482056	251.84973	4.2972503	-15.0	1.0	0.0	0.7	0.0	645.08044	3.805169	0.0	3.805169	2	11.50836
mcp2k	18255	1	77878	0	21.038	11.006	23	1162484	0	nu-candidate	10	1	1	1	0	1.391	217.7	10	58.866142	-61.284893	290.0115	2.801102	-15.0	1.0	0.0	0.7	0.0	1329.3152	5.3594155	4.3594975	0.9999182	2	9.185984
mcp2k	18255	1	77885	0	9.115	1.579	11	489608	0	cosmic-tagged	8	1	1	0	0																		
mcp2k	18255	1	77922	0	9.068	1.355	10	436936	0	cosmic-tagged	14	1	1	0	0																		
mcp2k	18255	1	77978	0	18.630	5.970	20	1188924	0	nu-candidate	13	1	1	1	0	0.825	138.2	3	-7.536819	-118.657875	358.3612	0.74461436	-15.0	1.0	0.0	0.7	0.0	617.5981	0.0	0.0	0.0	0	1.2580715
mcp2k	18255	1	78010	0	15.098	0.912	17	365052	0	no-bundle	13	0	1	0	0																		
mcp2k	18255	1	78032	0	22.244	13.139	24	1234832	0	cosmic-tagged	9	1	1	1	0	0.731	3.5	0	-91.232834	116.1886	75.1385	5.463772	-15.0	1.0	0.0	0.7	0.0	1185.6207	99.57813	0.0	99.57813	2	6.5931854
mcp2k	18255	1	78120	0	15.162	5.564	18	1167116	0	nu-candidate	7	1	1	1	0	0.604	93.8	2	196.89432	-112.71485	54.401157	1.2607234	-15.0	1.0	1.0	0.7	0.0	362.687	226.59207	0.0	226.59207	1	9.313958
mcp2k	18255	1	78242	0	24.990	14.357	28	1273376	0	nu-candidate	13	1	1	1	0	1.907	314.4	8	-90.41405	8.586395	66.50679	3.8659394	-15.0	1.0	0.0	0.7	0.0	1480.6149	1.3559957	0.0	1.3559957	1	394.08743
mcp2k	18255	1	78259	0	17.697	5.896	20	1270976	0	nu-candidate	18	1	1	1	0	0.940	20.8	1	148.73283	-169.85994	444.97562	-0.5904816	-15.0	1.0	1.0	0.7	0.0	203.9666	0.0	0.0	0.0	0	0.0
mcp2k	18255	1	78369	0	12.469	1.494	14	404368	0	cosmic-tagged	9	1	1	0	0																		
mcp2k	18255	1	78523	0	12.578	0.973	14	384968	0	cosmic-tagged	11	1	1	0	0																		
mcp2k	18255	1	78582	0	21.717	5.523	23	1222236	0	nu-candidate	15	1	1	1	0	1.974	1.9	2	100.45548	-139.67477	320.77594	-2.2987657	-15.0	1.0	0.0	0.7	0.0	110.181076	0.0	0.0	0.0	0	2.591802
mcp2k	18255	1	78677	0	11.957	0.690	13	326684	0	no-beam-flash	11	0	0	0	0																		
mcp2k	18255	1	78682	0	16.679	4.817	18	1128944	0	nu-candidate	11	1	1	1	0	1.438	1.6	5	153.96495	-185.21797	22.124596	-1.448121	-15.0	1.0	0.0	0.7	0.0	110.949005	0.0	0.0	0.0	0	4.22828
mcp2k	18255	1	78704	0	15.512	0.663	17	310884	0	no-beam-flash	6	0	0	0	0																		
mcp2k	18255	1	78714	0	15.489	0.938	17	368880	0	cosmic-tagged	9	1	1	0	0																		
mcp2k	18255	1	78743	0	16.855	6.265	18	1190800	0	nu-candidate	12	1	1	1	0	1.122	109.8	15	173.82693	-125.77531	280.73474	2.1064067	-15.0	1.0	0.0	0.7	0.0	441.69238	3.698439	0.0	3.698439	1	12.897532
mcp2k	18255	1	78890	0	13.196	0.631	15	311928	0	nu-candidate	6	1	1	0	0																		
mcp2k	18255	1	79220	0	12.154	1.165	14	399984	0	cosmic-tagged	10	1	1	0	0																		
mcp2k	18255	1	79330	0	15.680	1.739	17	479900	0	cosmic-tagged	11	1	1	0	0																		
mcp2k	18255	1	79337	0	13.103	1.093	15	351776	0	cosmic-tagged	9	1	1	0	0																		
mcp2k	18255	1	79418	0	15.788	1.028	17	387820	0	no-beam-flash	12	0	0	0	0																		
mcp2k	18255	1	79491	0	18.522	6.345	22	1290144	0	nu-candidate	11	1	1	1	0	0.551	86.1	2	-56.27431	78.47979	226.11458	3.3515904	-15.0	1.0	0.0	0.7	0.0	590.7538	0.0	0.0	0.0	0	2.4011245
mcp2k	18255	1	79616	0	19.680	8.342	23	1266300	0	nu-candidate	12	1	1	1	0	2.031	329.2	3	132.77855	130.16759	174.13208	4.476364	-15.0	1.0	0.0	0.7	0.0	899.27423	52.18129	0.0	52.18129	4	0.0
mcp2k	18255	1	79638	0	13.099	1.238	15	429280	0	no-beam-flash	14	0	0	0	0																		
mcp2k	18255	1	79689	0	16.208	5.143	18	1167940	0	nu-candidate	12	1	1	1	0	0.671	90.5	8	-70.75888	-87.7669	359.61606	-0.08604794	-15.0	1.0	0.0	0.7	0.0	341.53662	9.051359	0.0	9.051359	6	3.3094935
mcp2k	18255	1	79711	0	13.644	1.303	15	444148	0	cosmic-tagged	14	1	1	0	0																		
mcp2k	18255	1	79755	0	13.625	1.824	15	452176	0	cosmic-tagged	13	1	1	0	0																		
mcp2k	18255	1	79865	0	14.824	1.039	16	391448	0	no-bundle	10	0	1	0	0																		
mcp2k	18255	1	80078	0	14.746	1.507	16	414688	0	cosmic-tagged	9	1	1	0	0																		
mcp2k	18255	1	80672	0	18.628	5.315	20	1243576	0	nu-candidate	10	1	1	1	0	1.795	21.3	2	-117.12813	101.88925	1.1267054	-1.8664513	-15.0	1.0	1.0	-0.3517156	0.0	196.86086	0.0	0.0	0.0	0	1.2719225
mcp2k	18255	1	80716	0	18.615	5.401	20	1218000	0	nu-candidate	13	1	1	1	0	1.850	11.0	1	-126.46394	-21.47271	19.978086	-3.119024	-15.0	1.0	0.0	0.7	0.0	117.76	0.8126172	0.0	0.8126172	1	0.0
mcp2k	18255	1	81310	0	14.996	1.379	16	381820	0	cosmic-tagged	12	1	1	0	0																		
mcp2k	18255	1	81420	0	18.504	6.235	20	1236556	0	nu-candidate	19	1	1	1	0	1.429	94.4	5	8.453584	142.04991	402.02847	2.152479	-15.0	1.0	0.0	0.7	0.0	516.1243	0.0	0.0	0.0	0	5.446111
mcp2k	18255	1	81662	0	13.609	0.714	15	329692	0	cosmic-tagged	10	1	1	0	0																		
mcp2k	18255	1	82102	0	13.755	1.507	15	406340	0	cosmic-tagged	7	1	1	0	0																		
mcp2k	18255	1	82300	0	12.097	1.045	14	388920	0	cosmic-tagged	16	1	1	0	0																		
mcp2k	18255	1	82322	0	19.560	7.339	22	1234444	0	nu-candidate	10	1	1	1	0	1.342	322.8	4	-116.94938	-186.60974	23.50126	5.21714	-15.0	1.0	1.0	0.7	0.0	885.81696	1.8575518	0.0	1.8575518	2	8.406647
mcp2k	18255	1	82608	0	11.997	1.753	14	437756	0	cosmic-tagged	12	1	1	0	0																		
mcp2k	18255	1	82652	0	12.117	1.284	14	393756	0	cosmic-tagged	9	1	1	0	0																		
mcp2k	18255	1	82828	0	14.693	0.807	16	336276	0	nu-candidate	12	1	1	0	0																		
mcp2k	18255	1	83048	0	12.314	4.976	14	1163140	0	nu-candidate	7	1	1	1	0	0.886	16.5	4	109.53116	-196.4831	0.07903422	-1.9474866	-15.0	1.0	1.0	0.40873295	0.0	39.791447	7.0876074	0.0	7.0876074	3	0.0
mcp2k	18255	1	83070	0	13.383	0.679	15	312204	0	no-beam-flash	6	0	0	0	0																		
mcp2k	18255	1	90003	0	16.022	6.432	18	1236224	0	nu-candidate	14	1	1	1	0	1.547	45.9	8	-35.752483	93.78118	475.05438	-0.6612726	-15.0	1.0	1.0	0.7	0.0	262.7663	96.5881	93.33208	3.2560241	2	27.405983
mcp2k	18255	1	90135	0	14.784	5.141	16	1203492	0	nu-candidate	13	1	1	1	0	0.624	4.2	9	-60.454124	146.71948	434.26065	-1.5994655	-15.0	1.0	0.0	0.7	0.0	126.04401	37.977627	0.0	37.977627	5	3.4226747
mcp2k	18255	1	90179	0	14.805	5.524	16	1188600	0	nu-candidate	13	1	1	1	0	0.548	29.5	13	87.46299	45.96874	62.197784	-1.7192863	-15.0	1.0	0.0	0.7	0.0	314.02325	96.09024	0.0	96.09024	12	2.2952406
mcp2k	18255	1	90311	0	13.551	1.081	15	400592	0	no-bundle	15	0	1	0	0																		
mcp2k	18255	1	90487	0	12.316	4.772	14	1141264	0	nu-candidate	8	1	1	1	0	1.887	9.5	5	-172.8043	-34.140755	44.92508	-2.7602687	-15.0	1.0	0.0	0.7	0.0	115.62439	2.5302105	0.0	2.5302105	3	3.2080042
mcp2k	18255	1	90597	0	14.877	2.853	16	529864	0	cosmic-tagged	13	1	1	0	0																		
mcp2k	18255	1	90663	0	12.312	0.997	14	391332	0	no-beam-flash	10	0	0	0	0																		
mcp2k	18255	1	90751	0	24.266	9.592	26	1428232	0	cosmic-tagged	13	1	1	1	0	0.240	2.4	0	-3.5504384	100.250885	356.426	-1.3696887	-15.0	1.0	1.0	0.7	0.0	861.9507	20.929634	0.0	20.929634	11	35.1662
mcp2k	18255	1	91235	0	22.843	8.415	24	1234792	0	nu-candidate	11	1	1	1	0	1.400	246.1	6	-43.194736	36.759388	96.745514	3.8264675	-15.0	1.0	0.0	0.7	0.0	1004.08875	58.71444	0.0	58.71444	2	76.91282
mcp2k	18255	1	91367	0	24.045	9.781	26	1297804	0	nu-candidate	13	1	1	1	0	1.860	334.8	3	-8.3213625	-142.06705	180.80914	3.8568943	-15.0	1.0	0.0	0.7	0.0	1020.62946	0.0	0.0	0.0	0	1.2880038
mcp2k	18255	1	91433	0	13.450	0.804	15	336976	0	cosmic-tagged	12	1	1	0	0																		
mcp2k	18255	1	91609	0	18.132	5.642	19	1178668	0	cosmic-tagged	12	1	1	1	0	1.214	18.0	9	-181.9991	105.1708	309.11172	-2.6531394	-15.0	1.0	0.0	0.7	0.0	46.74994	0.5526149	0.0	0.5526149	1	18.31542
mcp2k	18255	1	91653	0	17.493	5.355	19	1169184	0	nu-candidate	9	1	1	1	0	0.909	21.7	7	-73.36965	186.96715	250.16168	0.49399406	-15.0	1.0	0.0	0.7	0.0	340.14987	4.268002	0.0	4.268002	5	1.11108
mcp2k	18255	1	91697	0	16.334	6.002	18	1190776	0	nu-candidate	9	1	1	1	0	1.280	65.2	4	-169.89098	49.11335	480.8883	2.7506168	-15.0	1.0	0.0	0.7	0.0	666.022	0.0	0.0	0.0	0	3.0950694
mcp2k	18255	1	91782	0	16.382	4.449	18	761536	0	cosmic-tagged	10	1	1	1	0	1.238	0.5	0	0.0	0.0	0.0	-1.9416895	-15.0	1.0	0.0	0.7	0.0	0.0	0.0	0.0	0.0	0	0.0
mcp2k	18255	1	91807	0	11.176	1.053	13	373348	0	cosmic-tagged	13	1	1	0	0																		
mcp2k	18255	1	91917	0	28.163	13.363	30	1291176	0	nu-candidate	14	1	1	1	0	1.377	283.5	18	157.39789	-41.400906	61.81821	4.355093	-15.0	1.0	0.0	0.7	0.0	1249.271	83.122734	0.0	83.122734	5	12.247637
mcp2k	18255	1	92049	0	13.930	1.127	15	404268	0	no-bundle	10	0	1	0	0																		
mcp2k	18255	1	92071	0	13.931	1.073	15	374540	0	cosmic-tagged	9	1	1	0	0																		
mcp2k	18255	1	92134	0	16.358	7.491	18	1263740	0	nu-candidate	11	1	1	1	0	0.971	179.1	4	-77.044975	86.859314	401.52307	4.914737	-15.0	1.0	0.0	0.7	0.0	803.29254	1.7668663	0.0	1.7668663	2	2.8280768
mcp2k	18255	1	92159	0	21.181	7.127	23	1146540	0	nu-candidate	5	1	1	1	0	1.150	178.7	12	-134.66515	-83.6656	3.1642528	-0.47962102	-15.0	1.0	0.0	0.35090426	0.0	778.29724	1.3120598	0.0	1.3120598	1	73.57626
mcp2k	18255	1	92225	0	21.293	7.136	23	1295692	0	nu-candidate	13	1	1	1	0	1.079	136.0	9	-192.6181	122.67476	188.09438	1.631816	-15.0	1.0	0.0	0.7	0.0	788.84	5.644978	0.0	5.644978	5	4.441327
mcp2k	18255	1	92310	0	14.011	1.457	15	458704	0	cosmic-tagged	14	1	1	0	0																		
mcp2k	18255	1	92379	0	13.878	0.883	15	355560	0	no-bundle	10	0	1	0	0																		
mcp2k	18255	1	92420	0	12.216	1.255	14	442732	0	cosmic-tagged	15	1	1	0	0																		
mcp2k	18255	1	92511	0	10.854	0.847	12	355968	0	no-beam-flash	9	0	0	0	0																		
mcp2k	18255	1	92552	0	11.215	0.903	13	362544	0	cosmic-tagged	6	1	1	0	0																		
mcp2k	18255	1	92684	0	16.302	5.208	18	1215260	0	nu-candidate	13	1	1	1	0	0.741	3.0	2	-71.14274	-171.56477	202.98325	-1.7561618	-15.0	1.0	0.0	0.7	0.0	80.54542	5.4209595	0.0	5.4209595	1	2.8868413
mcp2k	18255	1	92838	0	15.099	1.206	17	423652	0	no-beam-flash	16	0	0	0	0																		
mcp2k	18255	1	92904	0	16.410	5.281	18	1184968	0	nu-candidate	9	1	1	1	0	0.961	27.7	5	13.530255	-19.617603	480.31387	-0.91807944	-15.0	1.0	0.0	0.7	0.0	250.5019	0.70231676	0.0	0.70231676	1	4.0436015
mcp2k	18255	1	92907	0	16.349	4.924	18	1139580	0	nu-candidate	10	1	1	1	0	1.669	4.1	7	11.743157	184.09837	39.761616	-1.0682197	-15.0	1.0	0.0	0.7	0.0	78.20004	11.646608	0.0	11.646608	5	1.0407648
mcp2k	18255	1	92992	0	17.467	5.571	19	1205840	0	nu-candidate	9	1	1	1	0	1.372	64.5	7	-134.20023	145.42517	396.39462	-0.6338725	-15.0	1.0	0.0	0.7	0.0	483.2273	0.0	0.0	0.0	0	9.051674
mcp2k	18255	1	93105	0	19.882	7.008	22	1160868	0	nu-candidate	9	1	1	1	0	0.839	170.9	10	115.733864	105.86918	295.2102	2.3259108	-15.0	1.0	0.0	0.7	0.0	1073.1208	60.52729	59.213623	1.3136679	2	10.594859
mcp2k	18255	1	93146	0	10.406	1.098	12	406200	0	cosmic-tagged	16	1	1	0	0																		
mcp2k	18255	1	93171	0	15.049	0.752	16	338044	0	cosmic-tagged	9	1	1	0	0																		
mcp2k	18255	1	93234	0	18.755	5.317	20	1218464	0	nu-candidate	12	1	1	1	0	0.540	2.3	4	157.61613	-113.11332	303.09592	-3.674995	-15.0	1.0	0.0	0.7	0.0	28.01224	0.0	0.0	0.0	0	13.731857
mcp2k	18255	1	93237	0	15.274	1.556	17	457232	0	cosmic-tagged	14	1	1	0	0																		
mcp2k	18255	1	93325	0	12.264	0.806	15	338828	0	cosmic-tagged	9	1	1	0	0																		
mcp2k	18255	1	93545	0	14.877	4.847	18	1103644	0	nu-candidate	12	1	1	1	0	2.023	38.2	0	29.074102	84.11531	470.0411	-2.3805814	-15.0	1.0	0.0	0.7	0.0	256.71606	0.0	0.0	0.0	0	0.0
mcp2k	18255	1	93652	0	11.282	1.380	14	389180	0	cosmic-tagged	10	1	1	0	0																		
mcp2k	18255	1	93655	0	12.202	0.830	14	337644	0	cosmic-tagged	6	1	1	0	0																		
mcp2k	18255	1	93677	0	18.199	6.645	20	1259572	0	nu-candidate	12	1	1	1	0	2.001	60.8	16	74.61014	32.142895	410.81927	2.5624647	-15.0	1.0	0.0	0.7	0.0	698.04114	6.2112093	0.0	6.2112093	3	28.917805
mcp2k	18255	1	93696	0	18.111	6.956	20	1171672	0	nu-candidate	9	1	1	1	0	2.011	104.0	4	16.29193	114.80784	329.24142	2.167212	-15.0	1.0	0.0	0.7	0.0	722.0205	0.0	0.0	0.0	0	2.4930615
mcp2k	18259	1	93776	0	16.850	5.914	18	1149820	0	nu-candidate	7	1	1	1	0	1.596	151.9	5	60.930393	35.790817	353.02844	4.3107977	-15.0	1.0	0.0	0.7	0.0	501.635	3.0695555	0.0	3.0695555	2	2.2375755
mcp2k	18255	1	93875	0	11.823	1.029	13	386964	0	cosmic-tagged	10	1	1	0	0																		
mcp2k	18255	1	93919	0	18.029	6.464	20	1178844	0	nu-candidate	8	1	1	1	0	1.893	66.9	5	-89.21125	169.97157	134.09863	2.9995239	-15.0	1.0	0.0	0.7	0.0	510.26666	112.42065	109.4863	2.9343517	3	2.871543
mcp2k	18255	1	93960	0	11.990	0.700	13	327220	0	nu-candidate	8	1	1	0	0																		
mcp2k	18255	1	94007	0	12.053	0.955	13	359996	0	nu-candidate	12	1	1	0	0																		
mcp2k	18255	1	94029	0	15.514	5.457	17	1149892	0	nu-candidate	6	1	1	1	0	1.637	127.5	11	28.656534	198.13834	283.68146	0.10579689	-15.0	1.0	1.0	0.7	0.0	175.60855	326.0401	0.0	326.0401	10	10.279241
mcp2k	18255	1	94092	0	20.980	8.499	23	1218660	0	nu-candidate	8	1	1	1	0	1.913	283.8	4	185.18585	-7.6439505	244.88382	2.7463872	-15.0	1.0	0.0	0.7	0.0	813.7059	8.235875	0.0	8.235875	4	0.0
mcp2k	18255	1	94095	0	13.346	1.460	15	460708	0	no-beam-flash	21	0	0	0	0																		
mcp2k	18255	1	94180	0	12.995	0.775	15	340164	0	no-beam-flash	11	0	0	0	0																		
mcp2k	18255	1	94224	0	20.381	7.410	22	1188824	0	nu-candidate	12	1	1	1	0	1.848	57.8	6	-10.255269	137.04337	418.5218	1.3526213	-9.377787	1.0	0.0	0.7	0.0	764.92206	3.453287	0.0	3.453287	2	0.0
mcp2k	18255	1	94293	0	22.861	11.445	24	1257736	0	nu-candidate	14	1	1	1	0	0.681	460.2	13	-39.62617	23.266861	38.780403	4.1902246	-15.0	1.0	0.0	0.7	0.0	1514.3916	0.0	0.0	0.0	0	13.294468
mcp2k	18259	1	94392	0	22.721	8.553	24	1180432	0	nu-candidate	7	1	1	1	0	0.741	114.0	10	-97.18078	5.0608315	243.79143	1.5203308	-15.0	1.0	0.0	0.7	0.0	1138.9619	7.1297445	0.0	7.1297445	3	6.8694777
mcp2k	18259	1	94546	0	21.560	8.232	23	1200448	0	nu-candidate	10	1	1	1	0	0.943	329.9	3	-57.612106	126.53593	10.934236	3.2233484	-15.0	1.0	0.0	0.7	0.0	922.2602	0.59323686	0.0	0.59323686	1	3.5162594
mcp2k	18255	1	94557	0	13.192	1.259	15	409964	0	cosmic-tagged	13	1	1	0	0																		
mcp2k	18259	1	94656	0	12.319	0.980	14	379200	0	no-beam-flash	12	0	0	0	0																		
mcp2k	18259	1	94678	0	16.799	5.965	18	1248008	0	nu-candidate	9	1	1	1	0	0.825	101.3	4	55.100582	89.25056	399.36258	1.8009747	-15.0	1.0	0.0	0.7	0.0	372.09607	0.71561736	0.0	0.71561736	1	1.5649285
mcp2k	18255	1	94796	0	15.488	1.045	17	394536	0	no-beam-flash	14	0	0	0	0																		
mcp2k	18259	1	94876	0	15.516	1.245	17	425596	0	cosmic-tagged	11	1	1	0	0																		
mcp2k	18259	1	94942	0	21.567	7.745	23	1272388	0	nu-candidate	13	1	1	1	0	1.730	134.5	3	112.329895	130.22507	395.0121	4.8731666	-15.0	1.0	0.0	0.7	0.0	771.9603	0.0	0.0	0.0	0	4.3591743
mcp2k	18259	1	95074	0	16.587	5.542	18	1140284	0	nu-candidate	6	1	1	1	0	0.891	94.4	11	48.496593	8.676149	217.39526	3.709781	-15.0	1.0	0.0	0.7	0.0	460.2039	6.2824225	0.0	6.2824225	2	10.215304
mcp2k	18255	1	95151	0	14.226	5.341	16	1189848	0	nu-candidate	15	1	1	1	0	0.873	19.2	9	-185.46149	-193.54388	226.8633	2.500758	-15.0	1.0	0.0	0.7	0.0	386.16504	0.0	0.0	0.0	0	3.4013326
mcp2k	18259	1	95162	0	15.469	1.443	17	434200	0	cosmic-tagged	12	1	1	0	0																		
mcp2k	18255	1	95170	0	12.948	5.038	14	1139148	0	nu-candidate	9	1	1	1	0	0.700	67.8	10	-172.99693	11.770682	184.28682	0.08212138	-15.0	1.0	0.0	0.7	0.0	339.34082	10.65754	0.0	10.65754	3	6.771076
mcp2k	18255	1	95173	0	14.329	0.985	16	334628	0	cosmic-tagged	9	1	1	0	0																		
mcp2k	18259	1	95184	0	18.947	5.316	21	1157412	0	nu-candidate	9	1	1	1	0	0.721	30.5	9	-116.781364	-36.677116	242.89122	-0.20922051	-15.0	1.0	0.0	0.7	0.0	300.7025	3.146013	0.0	3.146013	3	7.6201887
mcp2k	18255	1	95305	0	13.308	1.279	15	435248	0	cosmic-tagged	13	1	1	0	0																		
mcp2k	18259	1	95316	0	13.198	0.894	14	361576	0	no-beam-flash	6	0	0	0	0																		
mcp2k	18255	1	95327	0	15.783	1.134	17	392364	0	cosmic-tagged	9	1	1	0	0																		
mcp2k	18255	1	95361	0	15.694	1.092	17	411944	0	cosmic-tagged	12	1	1	0	0																		
mcp2k	18255	1	95371	0	15.691	1.010	17	359580	0	cosmic-tagged	8	1	1	0	0																		
mcp2k	18255	1	95405	0	19.318	6.372	21	1220864	0	nu-candidate	11	1	1	1	0	1.982	95.0	3	-35.58288	-129.91847	444.10898	2.9823298	-15.0	1.0	0.0	0.7	0.0	560.67883	2.0103817	0.0	2.0103817	2	2.361435
mcp2k	18255	1	95412	0	19.240	6.694	21	1184268	0	nu-candidate	9	1	1	1	0	0.683	131.1	11	-43.626892	-119.13425	192.03175	1.8718337	-15.0	1.0	0.0	0.7	0.0	1348.8438	8.727619	0.0	8.727619	7	1.2794399
mcp2k	18259	1	95492	0	15.710	0.988	17	385156	0	cosmic-tagged	10	1	1	0	0																		
mcp2k	18255	1	95500	0	15.612	1.116	17	368116	0	cosmic-tagged	11	1	1	0	0																		
mcp2k	18255	1	95503	0	17.020	1.693	18	519852	0	cosmic-tagged	16	1	1	0	0																		
mcp2k	18255	1	95544	0	16.887	1.028	18	373644	0	nu-candidate	12	1	1	0	0																		
mcp2k	18255	1	95625	0	16.862	1.106	18	406776	0	no-bundle	14	0	1	0	0																		
mcp2k	18259	1	95646	0	16.782	0.844	18	335420	0	cosmic-tagged	9	1	1	0	0																		
mcp2k	18259	1	95690	0	23.257	5.792	25	1155564	0	nu-candidate	12	1	1	1	0	1.350	147.4	6	94.24192	26.264692	389.38718	4.068631	-15.0	1.0	0.0	0.7	0.0	669.7557	1.5806543	0.0	1.5806543	1	7.278776
mcp2k	18255	1	95713	0	15.642	0.994	17	386204	0	no-beam-flash	13	0	0	0	0																		
mcp2k	18259	1	95756	0	12.617	0.900	15	359328	0	no-beam-flash	10	0	0	0	0																		
mcp2k	18259	1	95800	0	16.301	3.501	18	773356	0	cosmic-tagged	15	1	1	1	0	0.957	1.3	0	0.0	0.0	0.0	-1.9416895	-15.0	1.0	0.0	0.7	0.0	0.0	0.0	0.0	0.0	0	0.0
mcp2k	18255	1	95877	0	14.685	0.936	16	348304	0	cosmic-tagged	8	1	1	0	0																		
mcp2k	18255	1	95899	0	18.562	7.593	20	1244028	0	nu-candidate	12	1	1	1	0	0.865	103.2	18	-84.05929	7.2855444	154.79747	1.7621986	-15.0	1.0	0.0	0.7	0.0	966.1189	6.6831236	0.0	6.6831236	3	25.93305
mcp2k	18255	1	95911	0	20.842	5.329	22	1220480	0	nu-candidate	11	1	1	1	0	0.724	15.9	0	47.361137	143.09477	323.45367	-2.0413918	-15.0	1.0	0.0	0.7	0.0	162.02792	0.0	0.0	0.0	0	0.0
mcp2k	18255	1	95933	0	16.151	1.429	18	455956	0	cosmic-tagged	15	1	1	0	0																		
mcp2k	18259	1	96042	0	11.248	0.982	13	383904	0	cosmic-tagged	10	1	1	0	0																		
mcp2k	18259	1	96130	0	16.025	1.007	17	363588	0	cosmic-tagged	10	1	1	0	0																		
mcp2k	18259	1	96218	0	17.235	1.125	19	405348	0	cosmic-tagged	10	1	1	0	0																		
mcp2k	18255	1	96251	0	17.261	4.936	19	1162396	0	nu-candidate	13	1	1	1	0	0.820	3.6	2	-131.1916	-33.95208	304.5238	-1.5959777	-15.0	1.0	0.0	0.7	0.0	38.282265	3.0222566	0.0	3.0222566	2	0.0
mcp2k	18259	1	96306	0	22.126	7.424	24	1237308	0	nu-candidate	11	1	1	1	0	0.759	262.0	5	-67.79562	114.88518	69.82465	4.5124536	-15.0	1.0	0.0	0.7	0.0	786.5675	2.1331267	0.0	2.1331267	2	2.460116
mcp2k	18259	1	96328	0	14.759	1.028	16	386480	0	nu-candidate	8	1	1	0	0																		
mcp2k	18255	1	96383	0	14.618	6.737	16	1159924	0	nu-candidate	11	1	1	1	0	1.644	49.1	16	-96.46289	53.699814	68.785484	-0.21326067	-15.0	1.0	0.0	0.7	0.0	622.70667	6.110301	0.0	6.110301	4	77.61486
mcp2k	18255	1	96461	0	16.005	0.599	17	311292	0	no-beam-flash	5	0	0	0	0																		
mcp2k	18259	1	96526	0	12.326	0.763	16	340292	0	no-bundle	9	0	1	0	0																		
mcp2k	18259	1	96636	0	16.035	4.883	20	1171408	0	nu-candidate	11	1	1	1	0	1.033	2.2	11	80.76631	-61.863056	42.137463	-2.2414124	-15.0	1.0	0.0	0.7	0.0	106.36588	13.502608	0.0	13.502608	10	0.0
mcp2k	18255	1	96644	0	14.381	1.054	16	393992	0	no-beam-flash	15	0	0	0	0																		
mcp2k	18259	1	96658	0	14.460	0.917	16	363296	0	no-beam-flash	8	0	0	0	0																		
mcp2k	18259	1	96680	0	22.904	9.952	25	1255556	0	cosmic-tagged	14	1	1	1	0	0.854	65.2	11	-96.60574	-66.49722	42.59146	0.62759674	-15.0	1.0	0.0	0.7	0.0	241.78134	113.62443	104.37567	9.248756	8	6.009293
mcp2k	18255	1	96757	0	14.428	0.884	16	359980	0	no-beam-flash	7	0	0	0	0																		
mcp2k	18255	1	96864	0	18.089	5.361	20	1223124	0	nu-candidate	16	1	1	1	0	1.031	21.5	3	77.235466	-43.12039	490.9247	1.0448062	-15.0	1.0	0.0	0.7	0.0	256.27722	1.4147668	0.0	1.4147668	1	0.0
mcp2k	18255	1	96911	0	13.258	0.783	15	334392	0	nu-candidate	10	1	1	0	0																		
mcp2k	18259	1	96944	0	14.466	1.438	16	470492	0	cosmic-tagged	16	2	2	0	0																		
mcp2k	18255	1	96977	0	13.231	1.110	15	401328	0	cosmic-tagged	12	1	1	0	0																		
mcp2k	18259	1	97010	0	16.931	5.948	19	1229896	0	nu-candidate	15	1	1	1	0	0.651	66.8	21	-70.73012	140.74704	285.6605	1.745274	-15.0	1.0	1.0	0.7	0.0	428.90436	1.5442597	0.0	1.5442597	1	45.014305
mcp2k	18255	1	97033	0	16.821	5.384	18	1163432	0	cosmic-tagged	13	1	1	1	0	0.996	26.5	9	-3.6156747	198.00095	93.10297	-0.89265496	-15.0	0.0	1.0	0.7	0.0	226.93666	3.1464744	0.0	3.1464744	3	8.559398
mcp2k	18255	1	97062	0	18.169	6.584	20	1186232	0	nu-candidate	11	1	1	1	0	1.979	104.9	4	52.27771	-11.6189165	335.9652	0.37644765	-15.0	1.0	0.0	0.7	0.0	795.82056	3.987193	0.0	3.987193	3	0.0
mcp2k	18255	1	97084	0	18.176	6.453	20	1178572	0	nu-candidate	11	1	1	1	0	1.123	139.6	17	115.04235	22.495514	281.26184	3.2444894	-15.0	1.0	0.0	0.7	0.0	595.5358	28.932219	0.0	28.932219	8	21.645319
mcp2k	18255	1	97172	0	13.448	1.674	15	523840	0	no-bundle	14	0	1	0	0																		
mcp2k	18255	1	97231	0	28.127	16.242	30	1256212	0	nu-candidate	16	1	1	1	0	1.383	316.4	6	-36.03835	51.584187	167.45059	2.2851245	-15.0	1.0	0.0	0.7	0.0	1236.052	279.94952	279.94952	0.0	1	19.323278
mcp2k	18255	1	97260	0	22.805	10.359	24	1166268	0	nu-candidate	6	1	1	1	0	1.530	357.0	3	12.652356	24.957695	106.257484	4.952215	-15.0	1.0	0.0	0.7	0.0	1166.9697	0.0	0.0	0.0	0	7.000617
mcp2k	18255	1	97304	0	13.389	1.533	15	507276	0	cosmic-tagged	17	1	1	0	0																		
mcp2k	18255	1	97407	0	11.900	0.895	13	354796	0	cosmic-tagged	10	1	1	0	0																		
mcp2k	18255	1	97473	0	15.555	4.855	17	1141028	0	nu-candidate	8	1	1	1	0	0.939	5.2	4	-16.0648	189.49419	76.392395	-1.0405111	-15.0	1.0	0.0	0.7	0.0	15.538191	4.565604	0.0	4.565604	4	0.0
mcp2k	18255	1	97539	0	13.185	1.114	15	389888	0	cosmic-tagged	10	1	1	0	0																		
mcp2k	18255	1	97722	0	13.172	0.654	15	317740	0	no-bundle	5	0	1	0	0																		
mcp2k	18259	1	98000	0	14.452	1.319	16	443452	0	no-bundle	10	0	1	0	0																		
mcp2k	18255	1	98045	0	14.338	1.082	16	408312	0	no-bundle	14	0	1	0	0																		
mcp2k	18255	1	98067	0	14.457	1.419	16	488880	0	no-beam-flash	19	0	0	0	0																		
mcp2k	18255	1	98111	0	13.297	1.024	15	398696	0	cosmic-tagged	9	1	1	0	0																		
mcp2k	18255	1	98294	0	14.460	5.723	16	1166352	0	nu-candidate	9	1	1	1	0	1.516	25.2	32	-192.97449	52.85229	383.72974	0.53092337	-15.0	1.0	0.0	0.7	0.0	444.87845	10.173993	0.0	10.173993	6	8.258369
mcp2k	18255	1	98298	0	17.919	5.199	20	1153456	0	nu-candidate	8	1	1	1	0	1.988	2.0	10	-117.49557	198.66281	478.12073	-2.6517308	-15.0	1.0	1.0	0.7	0.0	119.87079	0.44509557	0.0	0.44509557	1	13.125594
mcp2k	18255	1	98338	0	18.196	5.590	20	1198880	0	nu-candidate	12	1	1	1	0	1.127	65.5	4	106.94494	-8.358012	448.10837	2.638949	-15.0	1.0	0.0	0.7	0.0	468.8701	0.0	0.0	0.0	0	5.7068567
mcp2k	18259	1	98352	0	13.120	0.758	15	328076	0	nu-candidate	8	1	1	0	0																		
mcp2k	18255	1	98353	0	18.174	5.140	20	1165972	0	nu-candidate	8	1	1	1	0	1.376	14.2	7	-46.984085	-131.37355	2.0521631	-1.7754864	-15.0	1.0	1.0	0.6189766	0.0	329.24255	3.647963	0.0	3.647963	4	0.0
mcp2k	18255	1	98382	0	18.229	5.480	20	1188948	0	nu-candidate	10	1	1	1	0	1.624	38.1	12	-99.07767	-58.897125	78.88437	0.64708346	-15.0	1.0	1.0	0.7	0.0	324.71655	1.675014	0.0	1.675014	2	102.75118
mcp2k	18255	1	98441	0	10.823	1.350	12	372448	0	cosmic-tagged	10	1	1	0	0																		
mcp2k	18255	1	98452	0	18.267	6.884	20	1273516	0	nu-candidate	7	1	1	1	0	1.862	177.2	2	67.024376	48.65194	324.58398	2.7505493	-15.0	1.0	0.0	0.7	0.0	610.79456	1.7748865	0.0	1.7748865	1	3.1412287
mcp2k	18255	1	98470	0	17.021	7.468	19	1190060	0	nu-candidate	9	1	1	1	0	1.808	115.6	4	25.443636	-151.88893	412.7258	4.4877257	-15.0	1.0	0.0	0.7	0.0	765.76605	1.4366168	0.0	1.4366168	1	1.311201
mcp2k	18255	1	98474	0	13.325	4.836	15	1139612	0	nu-candidate	12	1	1	1	0	1.261	1.8	4	200.2152	73.59479	81.06343	-2.3314078	-15.0	1.0	1.0	0.7	0.0	108.42348	2.9464774	0.0	2.9464774	3	0.0
mcp2k	18255	1	98529	0	19.352	7.557	21	1312108	0	nu-candidate	13	1	1	1	0	1.266	109.2	9	-124.3545	134.58118	143.92175	3.6648793	-15.0	1.0	0.0	0.7	0.0	847.4308	2.0290828	0.0	2.0290828	1	11.737982
mcp2k	18259	1	98660	0	19.279	7.459	21	1223260	0	nu-candidate	16	2	2	1	0	0.716	373.1	2	-48.536922	-6.610186	27.821522	3.8371568	-15.0	1.0	0.0	0.7	0.0	1015.62823	0.0	0.0	0.0	0	2.2535725
mcp2k	18259	1	98704	0	16.786	5.177	18	1178984	0	nu-candidate	12	1	1	1	0	1.984	20.7	0	-178.29283	-152.25362	159.07758	-2.3323894	-15.0	1.0	0.0	0.7	0.0	286.62323	0.0	0.0	0.0	0	0.0
mcp2k	18255	1	98756	0	12.078	1.017	14	353388	0	cosmic-tagged	9	1	1	0	0																		
mcp2k	18255	1	98760	0	16.867	5.134	18	1173724	0	nu-candidate	9	1	1	1	0	0.565	10.1	2	107.889435	-26.156204	39.98041	-2.2728958	-15.0	1.0	0.0	0.7	0.0	130.86693	0.0	0.0	0.0	0	12.916218
mcp2k	18255	1	98778	0	24.112	11.346	26	1215616	0	nu-candidate	10	1	1	1	0	1.817	414.3	7	51.264748	114.70054	94.420746	5.048703	-15.0	1.0	0.0	0.7	0.0	1266.3562	0.0	0.0	0.0	0	13.344177
mcp2k	18255	1	98793	0	13.186	0.862	15	354348	0	no-beam-flash	6	0	0	0	0																		
mcp2k	18255	1	98800	0	13.191	0.974	15	373316	0	no-beam-flash	11	0	0	0	0																		
mcp2k	18255	1	98804	0	13.270	0.949	15	369612	0	no-beam-flash	9	0	0	0	0																		
mcp2k	18255	1	98844	0	25.506	14.277	27	1221832	0	nu-candidate	5	1	1	1	0	1.711	104.9	31	-150.04718	121.528275	235.80394	1.2735525	-4.3297863	1.0	0.0	0.7	0.0	1219.4033	115.18759	110.296074	4.891519	6	33.80689
mcp2k	18255	1	98870	0	14.263	1.055	16	343060	0	cosmic-tagged	10	1	1	0	0																		
mcp2k	18255	1	98881	0	14.256	0.755	16	335312	0	nu-candidate	10	1	1	0	0																		
mcp2k	18255	1	98947	0	16.953	6.165	18	1230024	0	nu-candidate	18	1	1	1	0	1.666	60.0	3	187.8648	145.31082	335.71622	2.3866336	-15.0	1.0	0.0	0.7	0.0	499.26666	0.0	0.0	0.0	0	8.407543
mcp2k	18259	1	99012	0	14.400	0.974	16	392116	0	no-beam-flash	11	0	0	0	0																		
mcp2k	18255	1	99035	0	21.732	7.916	23	1279280	0	nu-candidate	16	1	1	1	0	0.699	188.2	1	26.659386	0.091708876	213.88947	2.8782783	-15.0	1.0	1.0	0.7	0.0	458.0138	0.0	0.0	0.0	0	0.0
mcp2k	18255	1	99057	0	13.268	0.777	15	338764	0	nu-candidate	10	1	1	0	0																		
mcp2k	18259	1	99078	0	14.497	1.177	16	401860	0	cosmic-tagged	12	1	1	0	0																		
mcp2k	18255	1	99156	0	14.378	0.889	16	372128	0	no-beam-flash	11	0	0	0	0																		
mcp2k	18255	1	99178	0	14.416	0.856	16	355452	0	cosmic-tagged	11	1	1	0	0																		
mcp2k	18255	1	99218	0	14.578	1.223	16	426452	0	cosmic-tagged	10	1	1	0	0																		
mcp2k	18259	1	99232	0	24.525	9.671	26	1274560	0	nu-candidate	11	1	1	1	0	1.626	258.8	4	122.929115	-123.45929	84.1036	2.5766592	-15.0	1.0	0.0	0.7	0.0	918.87775	1.320579	0.0	1.320579	1	3.5901287
mcp2k	18255	1	99284	0	19.371	5.811	21	1294480	0	nu-candidate	10	1	1	1	0	1.344	1.9	4	-6.211543	-156.57616	34.7664	-4.123255	-15.0	1.0	0.0	0.7	0.0	12.956863	2.0134885	0.0	2.0134885	1	3.4573545
mcp2k	18255	1	99365	0	14.507	0.855	16	350276	0	cosmic-tagged	11	1	1	0	0																		
mcp2k	18255	1	99372	0	14.634	1.439	16	475440	0	no-beam-flash	14	0	0	0	0																		
mcp2k	18255	1	99376	0	15.897	1.159	17	427088	0	cosmic-tagged	12	1	1	0	0																		
mcp2k	18255	1	99416	0	15.844	0.836	17	354480	0	no-bundle	11	0	1	0	0																		
mcp2k	18255	1	99438	0	15.893	1.162	17	395536	0	cosmic-tagged	14	1	1	0	0																		
mcp2k	18259	1	99518	0	15.912	1.048	17	395328	0	no-beam-flash	13	0	0	0	0																		
mcp2k	18255	1	99526	0	15.946	1.243	17	397984	0	cosmic-tagged	16	1	1	0	0																		
mcp2k	18255	1	99548	0	14.760	0.890	16	366564	0	no-beam-flash	12	0	0	0	0																		
mcp2k	18255	1	99563	0	25.746	13.177	27	1335000	0	nu-candidate	15	1	1	1	0	1.815	485.4	10	-91.204414	-14.666132	1.8009182	-5.0983915	-15.0	1.0	1.0	-0.20259301	0.0	1344.5118	0.0	0.0	0.0	0	44.319626
mcp2k	18255	1	99636	0	14.740	1.023	16	393824	0	cosmic-tagged	14	1	1	0	0																		
mcp2k	18255	1	99651	0	14.890	1.320	16	439396	0	cosmic-tagged	11	1	1	0	0																		
mcp2k	18255	1	99695	0	14.718	1.137	16	409632	0	nu-candidate	14	1	1	0	0																		
mcp2k	18255	1	99702	0	17.025	4.643	19	1134632	0	nu-candidate	12	1	1	1	0	1.918	1.8	8	-108.56651	-73.73533	263.3139	-1.9123763	-15.0	1.0	1.0	0.7	0.0	118.666145	0.0	0.0	0.0	0	12.273623
mcp2k	18259	1	99716	0	23.167	10.479	25	1187760	0	nu-candidate	7	1	1	1	0	0.620	339.1	18	-29.65513	-10.779952	64.84259	4.988582	-15.0	1.0	0.0	0.7	0.0	1561.6469	7.1117835	0.0	7.1117835	6	15.879704
mcp2k	18255	1	99728	0	13.631	1.169	15	416460	0	nu-candidate	16	1	1	0	0																		
mcp2k	18255	1	99768	0	13.490	0.645	15	313312	0	no-beam-flash	14	0	0	0	0																		
mcp2k	18259	1	99782	0	18.106	7.178	20	1203720	0	nu-candidate	13	1	1	1	0	1.131	96.7	15	183.79587	-69.84824	99.899284	4.166304	-15.0	1.0	0.0	0.7	0.0	791.08887	4.267647	0.0	4.267647	3	0.0
mcp2k	18255	1	99816	0	11.994	0.918	14	359276	0	cosmic-tagged	13	1	1	0	0																		
mcp2k	18259	1	99826	0	19.321	7.804	21	1208040	0	nu-candidate	13	1	1	1	0	0.971	224.0	9	-105.93189	-9.773772	268.5345	4.298244	-15.0	1.0	0.0	0.7	0.0	660.79614	135.52014	127.72629	7.7938514	7	1.6959828
mcp2k	18255	1	99838	0	23.022	13.116	25	1191788	0	nu-candidate	11	1	1	1	0	1.739	435.3	19	90.78918	-4.304125	94.67991	4.2299957	-15.0	1.0	0.0	0.7	0.0	1501.3242	4.600672	0.0	4.600672	2	0.0
mcp2k	18255	1	99860	0	13.179	1.186	15	402360	0	no-beam-flash	11	0	0	0	0																		
mcp2k	18255	1	99959	0	15.619	5.019	17	1149524	0	nu-candidate	14	1	1	1	0	0.772	7.0	0	114.48197	-67.55629	38.775097	-1.1295807	-15.0	1.0	0.0	0.7	0.0	88.912155	0.0	0.0	0.0	0	0.0
mcp2k	18255	1	99966	0	16.772	5.128	18	1162756	0	nu-candidate	11	1	1	1	0	1.197	13.8	5	-39.682735	67.66109	268.29224	-2.0310266	-15.0	1.0	0.0	0.7	0.0	250.08871	2.5915267	0.0	2.5915267	2	7.7603254
mcp2k	18259	1	100002	0	10.904	0.942	12	366436	0	cosmic-tagged	9	1	1	0	0																		
mcp2k	18255	1	100032	0	11.964	1.328	13	381444	0	cosmic-tagged	7	1	1	0	0																		
mcp2k	18255	1	100080	0	15.694	5.378	17	1224220	0	nu-candidate	13	1	1	1	0	1.507	37.8	2	-4.2774334	120.58583	0.92414635	-0.8121172	-15.0	1.0	1.0	-0.08957975	0.0	225.21375	1.0306746	0.0	1.0306746	1	1.8093866
mcp2k	18255	1	100102	0	11.931	0.941	13	360568	0	no-bundle	8	0	1	0	0																		
mcp2k	18255	1	100135	0	23.012	13.244	25	1233568	0	nu-candidate	9	1	1	1	0	1.495	399.1	13	-161.1523	145.49089	112.37535	-0.9049279	-13.551469	1.0	0.0	0.7	0.0	144.31503	960.38586	956.3487	4.0371656	3	3.8262265
mcp2k	18255	1	100157	0	16.903	6.528	19	1161844	0	nu-candidate	8	1	2	1	0	1.968	137.1	6	-200.5214	-13.215292	79.552895	-0.935666	-15.0	1.0	1.0	0.7	0.0	464.10556	0.0	0.0	0.0	0	11.717609
mcp2k	18255	1	100179	0	11.894	0.697	13	319196	0	no-beam-flash	12	0	0	0	0																		
mcp2k	18255	1	100190	0	14.626	3.452	16	785612	0	cosmic-tagged	15	1	1	1	0	1.030	2.1	0	0.0	0.0	0.0	-1.9416895	-15.0	1.0	0.0	0.7	0.0	0.0	0.0	0.0	0.0	0	0.0
mcp2k	18259	1	100200	0	13.132	0.809	15	338712	0	cosmic-tagged	10	1	1	0	0																		
mcp2k	18259	1	100222	0	48.684	36.744	50	1354996	0	nu-candidate	13	1	1	1	0	1.174	113.6	46	74.46616	24.112637	189.83687	0.6842236	0.86749226	1.0	0.0	0.7	0.0	2656.2678	358.9744	0.0	358.9744	5	119.950584
mcp2k	18255	1	100245	0	18.124	6.586	20	1242636	0	nu-candidate	15	1	1	1	0	1.082	72.1	4	103.5298	87.696396	260.67056	1.2699016	-15.0	1.0	0.0	0.7	0.0	563.49713	6.002878	0.0	6.002878	3	0.0
mcp2k	18255	1	100289	0	13.233	0.942	15	358380	0	nu-candidate	7	1	1	0	0																		
mcp2k	18255	1	100322	0	18.160	6.343	20	1260716	0	nu-candidate	13	2	2	1	0	0.581	143.6	2	95.84287	-63.897945	379.60345	2.0481796	-15.0	1.0	0.0	0.7	0.0	481.68695	0.0	0.0	0.0	0	0.0
mcp2k	18259	1	100420	0	18.022	6.496	20	1188024	0	nu-candidate	12	1	1	1	0	1.890	120.6	7	-167.2441	190.2408	99.01785	1.6047913	-15.0	1.0	0.0	0.7	0.0	534.1642	0.6492686	0.0	0.6492686	1	9.619888
mcp2k	18255	1	100421	0	18.156	6.580	20	1266224	0	nu-candidate	16	1	1	1	0	1.519	240.2	9	-181.89874	-107.23563	220.1647	2.9549415	-15.0	1.0	0.0	0.7	0.0	716.00397	8.614299	0.0	8.614299	4	2.7057526
mcp2k	18259	1	100464	0	13.182	1.036	15	368116	0	no-bundle	9	0	1	0	0																		
mcp2k	18259	1	100486	0	14.183	1.196	15	418056	0	nu-candidate	15	1	1	0	0																		
mcp2k	18255	1	100564	0	16.793	6.321	18	1173268	0	nu-candidate	9	1	1	1	0	1.593	146.1	2	-51.277554	181.95013	244.09122	3.546242	-15.0	1.0	0.0	0.7	0.0	608.68207	0.0	0.0	0.0	0	1.7926233
mcp2k	18259	1	100640	0	16.819	5.372	18	1169300	0	nu-candidate	8	1	1	1	0	1.275	39.8	2	184.79025	-196.4408	346.06055	1.402116	-15.0	1.0	0.0	0.7	0.0	397.14957	0.0	0.0	0.0	0	3.1601737
mcp2k	18259	1	100728	0	16.834	5.571	18	1168736	0	nu-candidate	12	2	2	1	0	1.571	18.4	6	0.0	0.0	0.0	-1.9416895	-15.0	1.0	0.0	0.7	0.0	0.0	0.0	0.0	0.0	0	0.0
mcp2k	18255	1	100850	0	11.981	1.068	13	395024	0	nu-candidate	13	1	1	0	0																		
mcp2k	18255	1	100861	0	10.747	1.060	12	375620	0	cosmic-tagged	10	1	1	0	0																		
mcp2k	18255	1	100927	0	9.524	0.696	11	312936	0	nu-candidate	4	1	1	0	0																		
mcp2k	18255	1	101004	0	15.589	5.215	17	1181172	0	nu-candidate	10	1	1	1	0	1.313	8.4	1	-130.77849	199.89406	459.575	-2.9558191	-15.0	0.0	1.0	0.7	0.0	162.86234	0.0	0.0	0.0	0	0.0
mcp2k	18255	1	101092	0	10.928	1.332	12	432420	0	no-beam-flash	12	0	0	0	0																		
mcp2k	18255	1	101169	0	9.516	0.858	11	352020	0	cosmic-tagged	12	1	1	0	0																		
mcp2k	18255	1	101224	0	17.986	5.305	20	1185980	0	nu-candidate	12	1	1	1	0	1.431	51.9	16	95.66342	-198.73058	406.96085	-0.9163213	-15.0	1.0	1.0	0.7	0.0	364.44232	1.2764255	0.0	1.2764255	1	101.966896
mcp2k	18259	1	101454	0	20.336	8.658	22	1181920	0	nu-candidate	11	1	1	1	0	0.550	214.6	8	-109.83916	36.57458	176.16985	3.0960102	-15.0	1.0	0.0	0.7	0.0	993.77466	4.1838565	0.0	4.1838565	3	7.8651214
mcp2k	18255	1	101466	0	16.743	5.164	18	1175548	0	nu-candidate	16	1	1	1	0	2.016	8.0	2	-187.85022	88.00832	329.29895	-0.66721475	-15.0	1.0	0.0	0.7	0.0	101.71363	0.0	0.0	0.0	0	0.9926966
mcp2k	18255	1	101488	0	14.462	1.943	16	459492	0	cosmic-tagged	11	1	1	0	0																		
mcp2k	18259	1	101498	0	16.789	5.868	18	1171528	0	nu-candidate	10	1	1	1	0	1.680	132.8	5	-186.35028	-186.06844	424.8267	1.8926908	-15.0	1.0	1.0	0.7	0.0	451.79718	0.586005	0.0	0.586005	1	8.66931
mcp2k	18259	1	101520	0	14.373	1.010	16	387628	0	cosmic-tagged	11	1	1	0	0																		
mcp2k	18255	1	101532	0	14.396	0.897	16	365748	0	cosmic-tagged	12	1	1	0	0																		
mcp2k	18255	1	101554	0	19.334	7.920	21	1193436	0	nu-candidate	11	1	1	1	0	1.836	254.4	20	-19.67723	35.511944	130.22758	3.920988	-15.0	1.0	0.0	0.7	0.0	992.57544	2.394129	0.0	2.394129	1	23.997864
mcp2k	18255	1	101565	0	14.512	1.370	16	449548	0	no-beam-flash	12	0	0	0	0																		
mcp2k	18255	1	101675	0	21.758	9.018	23	1174564	0	nu-candidate	9	1	1	1	0	1.020	136.9	18	-148.31377	40.462044	66.744865	1.4972695	-15.0	1.0	0.0	0.7	0.0	899.61127	4.1979427	0.0	4.1979427	3	11.731855
mcp2k	18259	1	101828	0	20.592	9.379	22	1253668	0	nu-candidate	10	1	1	1	0	0.913	363.3	12	93.07333	114.83524	391.71835	1.2284799	-15.0	1.0	0.0	0.7	0.0	1575.8357	0.0	0.0	0.0	0	640.27625
mcp2k	18255	1	101873	0	12.108	1.710	14	451440	0	cosmic-tagged	13	1	1	0	0																		
mcp2k	18255	1	102005	0	11.994	1.085	13	373312	0	no-beam-flash	11	0	0	0	0																		
mcp2k	18255	1	102082	0	11.962	1.047	13	376560	0	cosmic-tagged	9	1	1	0	0																		
mcp2k	18255	1	102247	0	16.738	4.885	18	1131404	0	nu-candidate	12	1	1	1	0	0.800	3.4	9	-133.87193	-94.786804	215.21729	-1.4703043	-15.0	1.0	0.0	0.7	0.0	14.908648	4.470526	0.0	4.470526	2	8.733297
mcp2k	18255	1	102643	0	15.712	5.555	17	1245812	0	nu-candidate	16	1	1	1	0	1.925	2.0	3	-8.413713	70.09948	289.26788	-3.495355	-15.0	1.0	0.0	0.7	0.0	11.676369	3.161313	0.0	3.161313	3	0.0
mcp2k	18255	1	102841	0	16.716	5.400	18	1164940	0	nu-candidate	8	1	1	1	0	1.534	68.5	13	-151.53624	79.40749	300.20673	2.9023366	-15.0	1.0	0.0	0.7	0.0	457.77533	3.2531455	0.0	3.2531455	2	17.230947
mcp2k	18255	1	102940	0	13.203	1.862	15	466528	0	cosmic-tagged	12	1	1	0	0																		
mcp2k	18255	1	103039	0	13.133	1.391	15	414192	0	cosmic-tagged	10	1	1	0	0																		
mcp2k	18255	1	103061	0	16.761	5.155	18	1187572	0	nu-candidate	14	1	1	1	0	1.579	3.6	7	-57.82036	-138.99739	300.66086	-1.4129049	-15.0	1.0	0.0	0.7	0.0	49.340973	0.0	0.0	0.0	0	14.076337
mcp2k	18255	1	103193	0	16.707	5.009	18	1173632	0	nu-candidate	11	1	1	1	0	1.290	10.2	0	-153.73685	-194.9013	89.876945	-2.9852376	-15.0	1.0	0.0	0.7	0.0	30.660387	0.0	0.0	0.0	0	0.0
mcp2k	18255	1	103204	0	17.002	6.832	19	1228112	0	nu-candidate	17	1	1	1	0	0.904	142.7	2	92.250465	-39.85158	154.36171	0.8879394	-15.0	1.0	0.0	0.7	0.0	763.6215	1.4869941	0.0	1.4869941	1	2.7525518
mcp2k	18255	1	103226	0	13.119	0.870	15	356132	0	no-beam-flash	10	0	0	0	0																		
mcp2k	18255	1	103270	0	13.222	1.551	15	435728	0	cosmic-tagged	10	1	1	0	0																		
mcp2k	18255	1	103391	0	16.785	6.758	18	1147268	0	nu-candidate	9	1	1	1	0	0.993	109.8	13	103.18922	-32.519062	316.70273	3.1546907	-15.0	1.0	0.0	0.7	0.0	900.823	5.1502705	0.0	5.1502705	4	12.698584
mcp2k	18255	1	103545	0	15.683	5.539	17	1156076	0	cosmic-tagged	9	1	1	1	0	1.216	19.4	4	192.87003	131.09013	331.957	0.2897824	-15.0	1.0	0.0	0.7	0.0	369.09842	0.25078133	0.0	0.25078133	1	0.0
mcp2k	18255	1	103567	0	12.085	0.880	13	339288	0	cosmic-tagged	7	1	1	0	0																		
mcp2k	18255	1	103798	0	17.964	5.742	20	1195816	0	nu-candidate	14	1	1	1	0	1.911	27.7	38	-82.27175	102.146866	180.5672	-0.43504083	-15.0	1.0	0.0	0.7	0.0	638.62256	7.0316653	0.0	7.0316653	2	45.302284
mcp2k	18255	1	103820	0	13.155	1.050	15	383020	0	nu-candidate	11	1	1	0	0																		
mcp2k	18255	1	103952	0	19.397	8.488	21	1280360	0	nu-candidate	11	1	1	1	0	0.878	307.5	15	-56.53632	106.5539	292.5022	1.9044981	-15.0	1.0	0.0	0.7	0.0	711.64496	844.9946	106.7155	738.2791	6	18.386679
mcp2k	18255	1	104018	0	14.448	1.225	16	412556	0	cosmic-tagged	9	1	1	0	0																		
mcp2k	18255	1	104172	0	19.342	8.498	21	1270632	0	cosmic-tagged	10	1	1	1	0	1.033	44.6	30	-127.42494	193.77292	434.75082	0.6447968	-15.0	1.0	0.0	0.7	0.0	678.0866	0.0	0.0	0.0	0	14.705053
mcp2k	18255	1	104216	0	19.510	7.926	21	1252152	0	nu-candidate	17	1	1	1	0	0.818	148.2	19	-137.29793	80.13211	253.59106	1.3196905	-15.0	1.0	0.0	0.7	0.0	880.96606	0.0	0.0	0.0	0	49.139156
mcp2k	18255	1	104260	0	17.990	6.542	20	1161704	0	nu-candidate	10	2	2	1	0	1.496	197.0	13	-75.31972	-121.47942	167.58527	0.22306506	-15.0	1.0	0.0	0.7	0.0	692.13245	1.3038387	0.0	1.3038387	1	10.57645
mcp2k	18255	1	104304	0	18.037	6.643	20	1173688	0	nu-candidate	8	1	1	1	0	0.590	173.2	2	57.922653	-76.65408	221.72176	1.9261426	-15.0	1.0	0.0	0.7	0.0	613.86456	3.3960671	0.0	3.3960671	2	0.0
mcp2k	18255	1	104920	0	18.099	6.881	20	1200508	0	nu-candidate	11	1	1	1	0	1.158	195.5	5	-125.6227	62.706837	337.7554	3.2347922	-15.0	1.0	0.0	0.7	0.0	745.9439	5.5700336	0.0	5.5700336	4	1.3010044
mcp2k	18255	1	105074	0	15.818	2.301	17	522256	0	cosmic-tagged	16	1	1	0	0																		
mcp2k	18255	1	105140	0	16.853	5.266	18	1146908	0	nu-candidate	10	1	1	1	0	1.999	57.8	2	160.38068	-87.767914	465.37875	1.2929124	-15.0	1.0	0.0	0.7	0.0	268.0885	0.0	0.0	0.0	0	2.8894804
mcp2k	18255	1	105206	0	14.375	0.990	16	367700	0	nu-candidate	12	1	1	0	0																		
mcp2k	18255	1	105250	0	14.430	1.532	16	409812	0	cosmic-tagged	16	1	1	0	0																		
mcp2k	18255	1	105316	0	19.430	6.830	21	1192056	0	nu-candidate	15	1	1	1	0	1.950	41.7	29	108.3832	-38.331505	176.72682	1.0813975	-15.0	1.0	0.0	0.7	0.0	487.2392	425.0417	104.84238	320.1993	16	25.923708
mcp2k	18255	1	105338	0	14.496	1.254	16	444340	0	no-bundle	13	0	1	0	0																		
mcp2k	18255	1	105404	0	13.190	0.998	15	374352	0	cosmic-tagged	13	1	1	0	0																		
mcp2k	18255	1	105426	0	18.075	5.394	20	1180504	0	nu-candidate	12	1	1	1	0	0.689	47.5	1	103.6996	116.168076	385.25415	1.1450393	-15.0	1.0	0.0	0.7	0.0	273.74805	1.2807796	0.0	1.2807796	1	0.0
mcp2k	18255	1	105492	0	18.103	5.361	20	1156264	0	nu-candidate	7	1	1	1	0	1.308	15.4	9	51.653458	-52.647705	179.48242	-0.53398955	-15.0	1.0	0.0	0.7	0.0	179.87134	67.397255	54.190395	13.206855	7	1.396172
mcp2k	18255	1	105690	0	13.148	0.981	14	373032	0	no-beam-flash	10	0	0	0	0																		
mcp2k	18259	1	155829	0	13.320	1.036	15	401904	0	cosmic-tagged	11	1	1	0	0																		
mcp2k	18259	1	156093	0	19.301	6.703	21	1244612	0	nu-candidate	13	1	1	1	0	0.745	159.0	5	-146.3673	-107.17017	347.15906	2.8787315	-15.0	1.0	0.0	0.7	0.0	994.4549	0.0	0.0	0.0	0	13.901724
mcp2k	18259	1	156313	0	16.457	4.832	17	1154444	0	nu-candidate	9	1	1	1	0	1.226	4.6	2	186.43413	-112.913475	22.820696	-3.1061723	-15.0	1.0	1.0	0.7	0.0	122.856445	0.0	0.0	0.0	0	6.680123
mcp2k	18259	1	156599	0	15.305	1.486	16	465096	0	cosmic-tagged	14	1	1	0	0																		
mcp2k	18259	1	157215	0	18.822	5.883	20	1230588	0	cosmic-tagged	10	1	1	1	0	1.612	27.8	1	0.0	0.0	0.0	-1.9416895	-15.0	1.0	0.0	0.7	0.0	0.0	0.0	0.0	0.0	0	0.0
mcp2k	18259	1	157281	0	18.956	6.379	20	1186240	0	nu-candidate	10	1	1	1	0	1.821	209.6	4	-171.47452	0.43166018	238.26091	4.0470066	-15.0	1.0	0.0	0.7	0.0	757.5643	0.0	0.0	0.0	0	9.213409
mcp2k	18259	1	157413	0	16.804	1.320	18	406564	0	cosmic-tagged	10	1	1	0	0																		
mcp2k	18259	1	157677	0	15.690	0.939	17	363264	0	no-bundle	9	0	1	0	0																		
mcp2k	18259	1	158227	0	19.174	5.657	21	1194060	0	nu-candidate	10	1	1	1	0	1.252	216.0	2	2.619657	-156.52588	125.030624	2.5418992	-15.0	1.0	0.0	0.7	0.0	634.9646	0.0	0.0	0.0	0	2.7481995
mcp2k	18259	1	158293	0	15.718	1.046	17	384268	0	no-bundle	11	0	1	0	0																		
mcp2k	18259	1	158315	0	15.572	1.154	17	397376	0	cosmic-tagged	9	1	1	0	0																		
mcp2k	18259	1	158557	0	14.482	0.920	16	382004	0	no-beam-flash	13	0	0	0	0																		
mcp2k	18259	1	158579	0	14.333	1.174	16	426200	0	cosmic-tagged	14	1	1	0	0																		
mcp2k	18259	1	158601	0	14.435	1.779	16	439344	0	cosmic-tagged	7	1	1	0	0																		
mcp2k	18259	1	158689	0	18.161	4.233	20	784600	0	cosmic-tagged	7	1	1	1	0	1.452	4.3	0	0.0	0.0	0.0	-1.9416895	-15.0	1.0	0.0	0.7	0.0	0.0	0.0	0.0	0.0	0	0.0
mcp2k	18259	1	159305	0	13.271	1.181	15	416424	0	no-bundle	10	0	1	0	0																		
mcp2k	18259	1	159371	0	13.287	1.189	15	445932	0	cosmic-tagged	11	1	1	0	0																		
mcp2k	18259	1	159569	0	16.886	6.222	18	1142908	0	nu-candidate	8	1	1	1	0	1.522	66.9	17	-121.68225	51.634956	335.81708	0.26751772	-15.0	1.0	0.0	0.7	0.0	734.77625	4.5422397	0.0	4.5422397	3	19.290464
mcp2k	18259	1	159635	0	14.148	0.968	16	355272	0	cosmic-tagged	6	1	1	0	0																		
mcp2k	18259	1	159723	0	14.411	0.977	16	384616	0	cosmic-tagged	13	1	1	0	0																		
mcp2k	18259	1	160031	0	19.263	6.752	21	1226568	0	nu-candidate	13	1	1	1	0	1.944	349.4	6	-125.83321	-3.4733684	0.851055	-4.5289993	-15.0	1.0	1.0	0.2080235	0.0	946.1038	0.0	0.0	0.0	0	7.962138
mcp2k	18259	1	160119	0	16.039	2.767	18	732476	0	cosmic-tagged	17	1	1	0	0																		
mcp2k	18259	1	160163	0	15.634	1.500	17	384960	0	cosmic-tagged	6	1	1	0	0																		
mcp2k	18259	1	160295	0	15.599	0.977	17	389648	0	no-bundle	13	0	1	0	0																		
mcp2k	18259	1	160537	0	18.116	5.969	20	1180772	0	nu-candidate	11	1	1	1	0	1.829	48.7	5	87.59585	-40.719723	478.77148	0.86315787	-15.0	1.0	0.0	0.7	0.0	322.49847	64.9283	62.322186	2.606117	2	6.212645
mcp2k	18259	1	161043	0	16.946	5.554	18	1191796	0	nu-candidate	11	1	1	1	0	0.795	21.1	7	97.19289	163.68637	167.4578	-0.896061	-15.0	1.0	0.0	0.7	0.0	340.46295	2.0283196	0.0	2.0283196	2	6.3971415
mcp2k	18259	1	161153	0	14.500	1.082	16	397012	0	no-bundle	12	0	1	0	0																		
mcp2k	18259	1	161175	0	14.188	0.881	15	358684	0	no-bundle	11	0	1	0	0																		
mcp2k	18259	1	161725	0	21.707	7.623	23	1192820	0	cosmic-tagged	8	1	1	1	0	1.002	181.9	6	166.83154	79.12818	67.807846	2.0852907	-15.0	1.0	0.0	0.7	0.0	631.09503	2.1475546	0.0	2.1475546	1	4.4618444
mcp2k	18259	1	161945	0	14.292	1.128	15	405872	0	no-bundle	9	0	1	0	0																		
mcp2k	18259	1	162143	0	29.235	17.144	31	1326660	0	nu-candidate	9	1	1	1	0	0.854	361.4	14	34.53848	-49.568287	136.43909	5.7210555	-15.0	1.0	0.0	0.7	0.0	1546.7655	5.4765186	0.0	5.4765186	4	32.636086
mcp2k	18259	1	162253	0	14.523	1.413	16	447864	0	cosmic-tagged	15	1	1	0	0																		
mcp2k	18259	1	162363	0	14.386	1.415	16	391540	0	cosmic-tagged	10	1	1	0	0																		
mcp2k	18259	1	162473	0	18.066	5.706	20	1265624	0	nu-candidate	13	1	1	1	0	1.116	14.7	4	-21.519453	27.003744	80.49115	-2.18371	-15.0	1.0	1.0	0.7	0.0	120.42653	0.0	0.0	0.0	0	4.4544916
mcp2k	18259	1	162517	0	14.194	1.151	16	403648	0	nu-candidate	9	1	1	0	0																		
mcp2k	18259	1	162605	0	14.146	1.082	16	392268	0	no-bundle	15	0	1	0	0																		
mcp2k	18259	1	162891	0	14.268	1.133	16	394088	0	cosmic-tagged	11	1	1	0	0																		
mcp2k	18259	1	162913	0	13.127	0.637	15	308156	0	no-bundle	8	0	1	0	0																		
mcp2k	18259	1	163023	0	13.130	0.789	15	347364	0	cosmic-tagged	11	1	1	0	0																		
mcp2k	18259	1	163309	0	19.311	6.393	21	1189484	0	nu-candidate	14	1	1	1	0	1.853	216.0	6	1.3836521	57.90856	7.997359	3.6576905	-15.0	1.0	0.0	0.7	0.0	627.9866	3.1111665	0.0	3.1111665	3	6.746283
mcp2k	18259	1	163463	0	13.201	0.854	15	353528	0	no-bundle	10	0	1	0	0																		
mcp2k	18259	1	163507	0	13.134	0.857	15	356188	0	cosmic-tagged	15	1	1	0	0																		
mcp2k	18259	1	163595	0	13.307	1.204	15	421340	0	no-bundle	11	0	1	0	0																		
mcp2k	18259	1	163705	0	13.240	0.833	15	350972	0	no-beam-flash	10	0	0	0	0																		
mcp2k	18259	1	163771	0	18.150	5.829	20	1187516	0	nu-candidate	12	1	1	1	0	0.848	106.8	4	30.709217	20.959284	445.89337	1.656484	-15.0	1.0	1.0	0.7	0.0	422.6123	0.0	0.0	0.0	0	6.6675034
mcp2k	18259	1	163859	0	12.042	0.880	13	351100	0	no-beam-flash	9	0	0	0	0																		
mcp2k	18259	1	164189	0	12.060	1.356	14	411008	0	cosmic-tagged	10	1	1	0	0																		
mcp2k	18259	1	164466	0	16.759	5.393	18	1166220	0	nu-candidate	8	1	1	1	0	0.516	93.9	1	70.85406	196.03673	370.40323	2.0599294	-15.0	1.0	0.0	0.7	0.0	485.45135	0.0	0.0	0.0	0	0.592491
mcp2k	18259	1	164475	0	22.119	7.940	24	1253392	0	nu-candidate	13	1	1	1	0	1.833	282.0	3	-60.931072	125.66339	170.19482	3.765524	-15.0	1.0	0.0	0.7	0.0	1171.9121	1.2908933	0.0	1.2908933	1	0.23449737
mcp2k	18259	1	164576	0	19.649	6.273	21	1263136	0	no-bundle	11	0	1	1	0	1.613	105.4	8	101.97627	81.619965	388.9381	-0.23590243	-15.0	1.0	0.0	0.7	0.0	385.94	0.0	0.0	0.0	0	14.883531
mcp2k	18259	1	164774	0	19.527	5.301	21	1201232	0	nu-candidate	16	1	2	1	0	1.969	73.8	2	114.16736	-153.30293	182.62991	-0.08069181	-15.0	1.0	0.0	0.7	0.0	304.74966	1.5257745	0.0	1.5257745	1	2.7944245
mcp2k	18259	1	164849	0	14.150	0.638	15	313032	0	cosmic-tagged	9	1	1	0	0																		
mcp2k	18259	1	164862	0	14.423	1.064	16	403028	0	nu-candidate	14	1	1	0	0																		
mcp2k	18259	1	165060	0	14.255	1.572	15	430140	0	cosmic-tagged	8	1	1	0	0																		
mcp2k	18259	1	165104	0	18.224	6.061	19	1248524	0	nu-candidate	13	1	1	1	0	1.313	96.8	6	74.895905	55.562504	360.9872	1.4212363	-15.0	1.0	0.0	0.7	0.0	364.67676	2.0513291	0.0	2.0513291	1	6.0640087
mcp2k	18259	1	165157	0	19.518	5.752	21	1144944	0	nu-candidate	6	1	1	1	0	1.912	24.5	27	-101.357925	121.56022	195.6096	-1.076687	-11.640923	1.0	0.0	0.7	0.0	609.6928	11.377681	0.0	11.377681	7	288.14606
mcp2k	18259	1	165393	0	19.588	5.191	21	1168484	0	nu-candidate	10	1	1	1	0	1.095	4.2	7	-161.7128	-67.51588	8.442376	-0.9438036	-15.0	1.0	0.0	0.7	0.0	34.641197	0.0	0.0	0.0	0	8.900326
mcp2k	18259	1	165478	0	14.894	1.240	16	432724	0	no-bundle	12	0	1	0	0																		
mcp2k	18259	1	165544	0	18.408	6.259	20	1240460	0	nu-candidate	16	1	1	1	0	0.624	28.5	6	-166.74274	171.21333	151.7708	-1.0543826	-5.167463	1.0	0.0	0.7	0.0	340.77908	21.388462	21.388462	0.0	2	0.0
mcp2k	18259	1	165547	0	14.608	1.192	16	376284	0	cosmic-tagged	8	1	1	0	0																		
mcp2k	18259	1	165767	0	18.369	6.121	20	1140044	0	nu-candidate	8	1	1	1	0	1.970	66.0	4	180.19443	-60.70423	136.25597	-0.51390237	-15.0	1.0	0.0	0.7	0.0	602.0333	0.0	0.0	0.0	0	2.6487546
mcp2k	18259	1	165855	0	20.725	6.549	22	1186696	0	nu-candidate	12	1	1	1	0	0.852	236.3	5	98.86653	-112.80222	66.77736	4.0865493	-15.0	1.0	0.0	0.7	0.0	671.51117	0.0	0.0	0.0	0	6.36968
mcp2k	18259	1	165877	0	14.709	0.896	16	356184	0	no-beam-flash	8	0	0	0	0																		
mcp2k	18259	1	165896	0	8.652	0.872	10	363384	0	nu-candidate	13	1	1	0	0																		
mcp2k	18259	1	166006	0	18.267	7.097	21	1154332	0	nu-candidate	8	1	1	1	0	0.800	262.5	6	-48.521786	-169.44228	207.72481	4.254999	-15.0	1.0	0.0	0.7	0.0	826.21857	3.245572	0.0	3.245572	3	4.2408996
mcp2k	18259	1	166050	0	15.929	5.144	19	1118996	0	nu-candidate	8	1	1	1	0	1.768	29.3	10	41.429413	33.171654	355.62854	-0.27458343	-15.0	1.0	0.0	0.7	0.0	422.1319	1.1282365	0.0	1.1282365	1	16.622105
mcp2k	18259	1	166185	0	13.343	0.815	15	330416	0	nu-candidate	11	2	2	0	0																		
mcp2k	18259	1	166251	0	14.488	1.558	16	516644	0	cosmic-tagged	15	1	1	0	0																		
mcp2k	18259	1	166295	0	18.064	5.927	20	1235232	0	nu-candidate	14	2	2	1	0	0.811	40.2	16	-175.64693	29.410805	112.44464	-1.1789081	-15.0	1.0	0.0	0.7	0.0	415.89938	52.282253	0.0	52.282253	6	84.05401
mcp2k	18259	1	166405	0	14.153	0.649	16	312944	0	no-beam-flash	6	0	0	0	0																		
mcp2k	18259	1	166603	0	14.318	0.942	16	374968	0	no-bundle	13	0	1	0	0																		
mcp2k	18259	1	166908	0	15.539	1.208	17	347212	0	cosmic-tagged	8	1	1	0	0																		
mcp2k	18259	1	166996	0	18.045	6.127	20	1216604	0	nu-candidate	13	1	1	1	0	1.729	93.1	14	-86.6626	58.443863	294.40985	1.4826692	-15.0	1.0	0.0	0.7	0.0	603.66864	6.269666	0.0	6.269666	5	14.989301
mcp2k	18259	1	167109	0	15.616	1.187	17	440164	0	nu-candidate	11	2	2	0	0																		
mcp2k	18259	1	167329	0	14.411	1.158	16	407604	0	cosmic-tagged	14	1	1	0	0																		
mcp2k	18259	1	167351	0	18.065	6.386	20	1179440	0	nu-candidate	10	1	1	1	0	2.014	185.2	12	-117.49386	85.52018	332.36832	1.3948551	-15.0	1.0	0.0	0.7	0.0	995.109	11.185402	0.0	11.185402	9	1.7007694
mcp2k	18259	1	167461	0	14.420	1.020	16	350760	0	cosmic-tagged	8	1	1	0	0																		
mcp2k	18259	1	167546	0	14.473	1.045	16	389604	0	nu-candidate	11	1	1	0	0																		
mcp2k	18259	1	167612	0	21.690	8.062	23	1304048	0	cosmic-tagged	13	1	1	1	0	0.644	1.7	0	-130.58789	-56.25723	67.33988	0.8286587	-15.0	1.0	0.0	0.7	0.0	774.07947	140.65076	0.0	140.65076	19	92.45729
mcp2k	18259	1	167703	0	19.221	5.708	21	1226924	0	nu-candidate	9	1	1	1	0	1.310	33.9	25	-81.01478	-54.045784	246.82364	-0.5582587	-15.0	1.0	0.0	0.7	0.0	255.11276	10.23281	0.0	10.23281	6	30.250103
mcp2k	18259	1	167744	0	18.076	7.287	20	1193296	0	nu-candidate	11	1	1	1	0	0.992	305.9	15	-6.11537	94.96597	475.0423	-0.08682425	-15.0	1.0	1.0	0.7	0.0	941.52106	150.82982	0.0	150.82982	1	3.7401922
mcp2k	18259	1	167876	0	14.307	1.208	16	417732	0	cosmic-tagged	14	1	1	0	0																		
mcp2k	18259	1	167964	0	14.362	1.439	16	459180	0	cosmic-tagged	12	1	1	0	0																		
mcp2k	18259	1	168052	0	13.204	1.187	15	411360	0	nu-candidate	12	1	1	0	0																		
mcp2k	18259	1	168077	0	14.178	1.003	16	365232	0	cosmic-tagged	10	1	1	0	0																		
mcp2k	18259	1	168096	0	13.256	0.949	15	376964	0	no-beam-flash	12	0	0	0	0																		
mcp2k	18259	1	168209	0	20.450	7.238	22	1256376	0	nu-candidate	10	1	1	1	0	0.997	96.9	4	94.30878	106.31391	431.15433	3.6018047	-15.0	1.0	0.0	0.7	0.0	914.4725	2.010247	0.0	2.010247	1	139.35245
mcp2k	18259	1	168338	0	13.089	0.815	15	341824	0	cosmic-tagged	5	1	1	0	0																		
mcp2k	18259	1	168448	0	18.163	6.932	20	1242580	0	nu-candidate	15	1	1	1	0	0.595	78.1	3	-14.977888	-11.318678	360.3373	1.7386458	-15.0	1.0	0.0	0.7	0.0	652.16907	237.97763	0.0	237.97763	2	0.0
mcp2k	18259	1	168561	0	13.254	0.854	15	346776	0	nu-candidate	13	1	1	0	0																		
mcp2k	18259	1	168778	0	16.887	3.378	18	702500	0	cosmic-tagged	12	1	1	1	0	0.480	2.1	0	0.0	0.0	0.0	-1.9416895	-15.0	1.0	0.0	0.7	0.0	0.0	0.0	0.0	0.0	0	0.0
mcp2k	18259	1	168822	0	13.253	1.237	15	393368	0	cosmic-tagged	11	1	2	0	0																		
mcp2k	18259	1	168869	0	17.952	4.881	20	1130416	0	nu-candidate	5	1	1	1	0	0.951	7.6	5	86.84671	192.42764	325.27783	-0.83470714	-15.0	1.0	0.0	0.7	0.0	100.87146	0.0	0.0	0.0	0	5.568053
mcp2k	18259	1	168979	0	11.941	0.752	13	334424	0	no-beam-flash	12	0	0	0	0																		
mcp2k	18259	1	169067	0	17.976	6.996	20	1205452	0	nu-candidate	11	1	1	1	0	1.362	222.8	10	-165.21973	133.10498	106.42148	3.619073	-15.0	1.0	0.0	0.7	0.0	658.37213	9.639176	0.0	9.639176	4	7.2973666
mcp2k	18259	1	169152	0	16.958	6.400	19	1296092	0	nu-candidate	19	1	1	1	0	1.658	77.8	9	-126.69375	-103.74979	428.4157	1.4759606	-15.0	1.0	0.0	0.7	0.0	495.3999	6.2270303	0.0	6.2270303	3	158.97108
mcp2k	18259	1	169160	0	13.092	0.936	15	369724	0	cosmic-tagged	9	1	1	0	0																		
mcp2k	18259	1	169182	0	14.424	1.162	16	410388	0	cosmic-tagged	11	1	1	0	0																		
mcp2k	18259	1	169204	0	14.243	0.815	16	343740	0	no-bundle	9	0	1	0	0																		
mcp2k	18259	1	169221	0	16.865	5.695	19	1233000	0	nu-candidate	12	1	1	1	0	0.789	81.8	3	9.693681	-1.992222	466.11533	0.05750611	-15.0	1.0	0.0	0.7	0.0	451.127	1.022895	0.0	1.022895	2	0.0
mcp2k	18259	1	169240	0	21.745	9.523	23	1369484	0	nu-candidate	17	1	1	1	0	1.079	337.3	4	-12.008031	-1.1860175	168.43463	3.8330686	-15.0	1.0	0.0	0.7	0.0	1078.9652	41.647175	40.370564	1.2766113	2	8.938222
mcp2k	18259	1	169306	0	16.839	5.653	18	1168408	0	nu-candidate	11	1	1	1	0	0.909	62.4	7	160.96886	-151.98245	34.27153	0.6651676	-15.0	1.0	0.0	0.7	0.0	470.69324	0.0	0.0	0.0	0	19.218155
mcp2k	18259	1	169331	0	14.528	1.117	16	387804	0	no-beam-flash	9	0	0	0	0																		
mcp2k	18259	1	169622	0	13.142	0.852	15	360000	0	no-bundle	9	0	1	0	0																		
mcp2k	18259	1	169658	0	21.711	9.328	23	1132516	0	nu-candidate	9	1	1	1	0	1.308	269.1	6	46.77512	-2.626457	54.207897	4.2078476	-15.0	1.0	0.0	0.7	0.0	976.38257	5.925514	0.0	5.925514	4	1.8056455
mcp2k	18259	1	169724	0	18.071	5.970	20	1215084	0	nu-candidate	11	1	1	1	0	1.457	28.4	4	16.540504	-59.02754	452.9527	-0.91952574	-15.0	1.0	0.0	0.7	0.0	423.67343	191.55609	0.0	191.55609	4	111.06142
mcp2k	18259	1	169746	0	12.008	0.735	13	328240	0	no-bundle	11	0	1	0	0																		
mcp2k	18259	1	169749	0	12.133	1.092	14	404968	0	no-beam-flash	11	0	0	0	0																		
mcp2k	18259	1	169776	0	13.282	1.449	15	444316	0	cosmic-tagged	9	1	1	0	0																		
mcp2k	18259	1	169793	0	18.104	7.975	20	1172032	0	nu-candidate	9	1	1	1	0	1.289	199.1	40	-177.62111	138.24236	319.2659	2.570353	-15.0	1.0	0.0	0.7	0.0	879.99097	57.69996	0.0	57.69996	9	49.33469
mcp2k	18259	1	169886	0	11.964	0.896	14	365916	0	no-beam-flash	10	0	0	0	0																		
mcp2k	18259	1	169900	0	13.225	1.053	15	388024	0	cosmic-tagged	11	1	1	0	0																		
mcp2k	18259	1	169966	0	16.932	5.577	19	1261116	0	nu-candidate	11	1	1	1	0	2.049	3.0	13	-15.425334	47.081657	121.84781	-1.2856437	-15.0	1.0	0.0	0.7	0.0	152.53949	1.9579248	0.0	1.9579248	2	25.588266
mcp2k	18259	1	170076	0	21.796	10.770	23	1291064	0	nu-candidate	9	1	1	1	0	1.909	323.5	15	-15.253418	2.540032	30.106777	4.449585	-15.0	1.0	0.0	0.7	0.0	1220.8978	10.293901	0.0	10.293901	9	113.27821
mcp2k	18259	1	170098	0	18.020	7.136	20	1172628	0	nu-candidate	12	1	1	1	0	1.270	78.6	34	-51.403965	89.27715	346.2566	2.4920776	-15.0	1.0	0.0	0.7	0.0	812.6093	123.96272	0.0	123.96272	11	10.439461
mcp2k	18259	1	170189	0	13.109	0.606	15	306296	0	no-bundle	7	0	1	0	0																		
mcp2k	18259	1	170194	0	15.598	1.273	17	422336	0	cosmic-tagged	11	1	1	0	0																		
mcp2k	18259	1	170260	0	14.242	0.880	16	342580	0	cosmic-tagged	7	1	1	0	0																		
mcp2k	18259	1	170274	0	18.060	5.344	20	1207200	0	nu-candidate	12	2	2	1	0	2.022	46.5	11	-75.96714	-158.09392	29.842577	-1.1031848	-15.0	1.0	1.0	0.7	0.0	285.37814	0.0	0.0	0.0	0	17.651165
mcp2k	18259	1	170326	0	18.169	5.853	20	1243716	0	nu-candidate	11	1	1	1	0	0.752	113.9	4	-152.93298	166.4855	414.5225	-1.0661217	-15.0	1.0	0.0	0.7	0.0	91.34612	293.48383	0.0	293.48383	1	1.3399143
mcp2k	18259	1	170365	0	17.967	5.750	20	1163836	0	nu-candidate	11	1	1	1	0	0.879	105.9	2	-43.369465	-106.49817	408.21576	3.8080487	-15.0	1.0	0.0	0.7	0.0	455.78772	1.1930528	0.0	1.1930528	1	2.0722187
mcp2k	18259	1	170414	0	14.419	0.900	16	366984	0	no-beam-flash	12	0	0	0	0																		
mcp2k	18259	1	170428	0	20.493	8.029	22	1198508	0	nu-candidate	11	1	1	1	0	0.892	285.7	4	5.8618674	52.733105	263.2902	3.874875	-15.0	1.0	0.0	0.7	0.0	863.5589	1.9563509	0.0	1.9563509	1	1.9628117
mcp2k	18259	1	170585	0	18.068	5.106	20	1167724	0	nu-candidate	10	1	1	1	0	1.936	27.2	3	191.79053	143.78322	407.3231	1.951366	-15.0	1.0	0.0	0.7	0.0	298.6447	0.0	0.0	0.0	0	5.247285
mcp2k	18259	1	170651	0	19.340	6.177	21	1191796	0	nu-candidate	10	1	1	1	0	1.495	232.6	2	1.6897894	-70.215385	68.97088	3.1211555	-15.0	1.0	0.0	0.7	0.0	651.9834	0.0	0.0	0.0	0	1.7849181
mcp2k	18259	1	170739	0	14.282	1.322	15	460512	0	cosmic-tagged	16	1	1	0	0																		
mcp2k	18259	1	170761	0	26.709	14.845	28	1299468	0	nu-candidate	11	1	1	1	0	0.621	317.2	20	97.09901	58.569565	125.8477	4.5255485	-14.251298	1.0	0.0	0.7	0.0	1287.3527	17.37031	0.0	17.37031	6	13.296763
mcp2k	18259	1	170898	0	13.226	0.884	15	359844	0	no-beam-flash	8	0	0	0	0																		
mcp2k	18259	1	170915	0	13.169	0.911	15	358232	0	no-bundle	13	0	1	0	0																		
mcp2k	18259	1	170942	0	13.179	1.064	15	397056	0	no-bundle	7	0	1	0	0																		
mcp2k	18259	1	170978	0	13.232	1.121	15	411036	0	no-bundle	10	0	1	0	0																		
mcp2k	18259	1	171096	0	13.219	1.322	15	373584	0	cosmic-tagged	10	1	1	0	0																		
mcp2k	18259	1	171099	0	13.141	1.111	15	411724	0	no-bundle	10	0	1	0	0																		
mcp2k	18259	1	171143	0	19.402	7.497	21	1229512	0	nu-candidate	14	1	1	1	0	1.776	102.3	10	-112.56625	-154.93639	75.36644	2.9919035	-9.797045	1.0	0.0	0.7	0.0	758.61884	0.0	0.0	0.0	0	0.0
mcp2k	18259	1	171184	0	14.414	0.852	16	358668	0	no-beam-flash	10	0	0	0	0																		
mcp2k	18259	1	171294	0	15.568	1.171	17	397644	0	cosmic-tagged	10	1	1	0	0																		
mcp2k	18259	1	171352	0	20.504	8.636	22	1170864	0	nu-candidate	9	1	1	1	0	1.696	87.2	17	-37.738956	-177.25578	456.97543	3.1348166	-15.0	1.0	0.0	0.7	0.0	1074.8298	30.660063	25.542381	5.1176825	3	31.81562
mcp2k	18259	1	171404	0	13.291	0.865	15	365856	0	nu-candidate	11	1	1	0	0																		
mcp2k	18259	1	171421	0	13.174	1.030	15	385496	0	nu-candidate	16	1	1	0	0																		
mcp2k	18259	1	171426	0	14.416	1.191	16	414316	0	cosmic-tagged	14	1	1	0	0																		
mcp2k	18259	1	171440	0	16.839	3.976	18	762184	0	cosmic-tagged	9	1	1	1	0	1.732	1.8	0	0.0	0.0	0.0	-1.9416895	-15.0	1.0	0.0	0.7	0.0	0.0	0.0	0.0	0.0	0	0.0
mcp2k	18259	1	171473	0	18.199	5.014	20	1168424	0	nu-candidate	11	1	1	1	0	0.744	3.6	1	-103.876305	-114.05215	339.82162	-1.3234767	-15.0	1.0	0.0	0.7	0.0	136.39577	0.0	0.0	0.0	0	6.7889004
mcp2k	18259	1	171484	0	15.586	2.043	17	435036	0	cosmic-tagged	7	1	1	0	0																		
mcp2k	18259	1	171517	0	14.304	0.736	16	324544	0	cosmic-tagged	9	1	1	0	0																		
mcp2k	18259	1	171528	0	16.844	5.688	18	1175288	0	nu-candidate	12	1	1	1	0	1.338	35.2	13	32.673637	-196.27364	412.2013	-1.0804327	-15.0	1.0	1.0	0.7	0.0	360.56516	101.63125	0.0	101.63125	5	22.13667
mcp2k	18259	1	171536	0	14.300	0.818	16	354728	0	nu-candidate	10	1	1	0	0																		
mcp2k	18259	1	171572	0	18.147	6.878	20	1217028	0	nu-candidate	9	1	1	1	0	1.435	127.2	13	12.547409	-71.12009	214.24886	-0.35190102	-15.0	1.0	0.0	0.7	0.0	782.85596	27.350101	0.0	27.350101	5	2.4101691
mcp2k	18259	1	171616	0	17.041	6.198	19	1212112	0	nu-candidate	16	1	1	1	0	0.529	149.5	23	-93.515785	-154.53783	196.11528	2.9823434	-15.0	1.0	0.0	0.7	0.0	565.25543	0.0	0.0	0.0	0	62.68431
mcp2k	18259	1	171729	0	20.480	8.187	22	1166924	0	nu-candidate	8	1	1	1	0	0.536	161.9	11	-9.104867	127.80808	291.1309	2.6539454	-12.671628	1.0	0.0	0.7	0.0	741.8433	2.5399647	0.0	2.5399647	2	4.801169
mcp2k	18259	1	171748	0	14.378	0.789	16	340308	0	nu-candidate	10	2	2	0	0																		
mcp2k	18259	1	171770	0	16.892	3.897	18	798868	0	cosmic-tagged	11	1	1	1	0	0.835	3.3	0	0.0	0.0	0.0	-1.9416895	-15.0	1.0	0.0	0.7	0.0	0.0	0.0	0.0	0.0	0	0.0
mcp2k	18259	1	171778	0	14.187	0.852	15	347476	0	cosmic-tagged	9	1	1	0	0																		
mcp2k	18259	1	171792	0	13.157	0.808	15	345136	0	cosmic-tagged	8	1	1	0	0																		
mcp2k	18259	1	171866	0	18.072	6.698	20	1173928	0	nu-candidate	11	1	1	1	0	1.579	114.7	3	-55.276123	-170.1183	336.36252	1.0115929	-15.0	1.0	0.0	0.7	0.0	570.9138	1.6965646	0.0	1.6965646	1	1.819499
mcp2k	18259	1	171935	0	13.264	1.244	15	409084	0	cosmic-tagged	14	1	1	0	0																		
mcp2k	18259	1	171990	0	13.120	0.849	15	346692	0	cosmic-tagged	12	1	1	0	0																		
mcp2k	18259	1	172012	0	16.924	5.814	18	1253420	0	cosmic-tagged	14	1	1	1	0	1.374	73.6	3	63.498425	15.652995	0.064148225	-3.358506	-15.0	1.0	1.0	0.35903415	0.0	461.67392	3.7171755	0.0	3.7171755	2	156.04524
mcp2k	18259	1	172015	0	15.617	3.684	17	734028	0	cosmic-tagged	11	1	1	1	0	0.630	0.7	0	0.0	0.0	0.0	-1.9416895	-15.0	1.0	0.0	0.7	0.0	0.0	0.0	0.0	0.0	0	0.0
mcp2k	18259	1	172020	0	18.011	6.564	20	1167940	0	nu-candidate	8	1	2	1	0	0.956	122.5	7	-160.87108	-79.42953	354.53796	4.138514	-15.0	1.0	0.0	0.7	0.0	808.62866	2.4432623	0.0	2.4432623	2	4.394716
mcp2k	18259	1	172045	0	13.181	1.059	15	389124	0	no-beam-flash	11	0	0	0	0																		
mcp2k	18259	1	172064	0	13.054	0.732	15	327032	0	no-bundle	8	0	1	0	0																		
mcp2k	18259	1	172147	0	13.198	0.947	15	380548	0	cosmic-tagged	11	1	1	0	0																		
mcp2k	18259	1	172177	0	19.801	5.449	21	1153888	0	nu-candidate	6	1	1	1	0	1.484	61.6	28	-178.9153	158.07541	375.75192	0.9251829	-15.0	1.0	0.0	0.7	0.0	389.45288	2.791247	0.0	2.791247	3	28.589796
mcp2k	18259	1	172232	0	13.049	0.802	15	345068	0	no-beam-flash	11	0	0	0	0																		
mcp2k	18259	1	172235	0	14.274	0.824	16	337204	0	cosmic-tagged	10	1	1	0	0																		
mcp2k	18259	1	172262	0	20.004	7.584	22	1328572	0	cosmic-tagged	12	2	2	1	0	0.526	83.8	5	40.361736	43.67094	-0.52	-3.631674	-15.0	1.0	1.0	-0.30455625	0.0	346.32208	0.0	0.0	0.0	0	6.698209
mcp2k	18259	1	172298	0	18.518	1.173	20	396588	0	cosmic-tagged	11	1	1	0	0																		
mcp2k	18259	1	172344	0	19.800	5.498	21	1154096	0	nu-candidate	8	1	1	1	0	1.828	37.4	1	-79.304085	-185.1495	477.92563	3.1373956	-5.7734666	1.0	0.0	0.7	0.0	419.00015	0.0	0.0	0.0	0	0.5195291
mcp2k	18259	1	172397	0	15.109	1.491	17	430276	0	cosmic-tagged	10	1	1	0	0																		
mcp2k	18259	1	172463	0	19.972	7.918	22	1272656	0	nu-candidate	10	1	1	1	0	1.475	186.8	4	-201.2556	-108.71639	269.31363	-1.8737068	-15.0	1.0	1.0	0.7	0.0	715.8136	2.031017	0.0	2.031017	2	1.2550042
mcp2k	18259	1	172485	0	16.351	1.223	18	386444	0	cosmic-tagged	9	1	1	0	0																		
mcp2k	18259	1	172498	0	21.104	5.846	23	1233684	0	nu-candidate	11	1	1	1	0	1.290	37.7	2	13.82867	-174.67963	240.72044	1.7162541	-15.0	1.0	0.0	0.7	0.0	484.0306	0.0	0.0	0.0	0	0.9388778
mcp2k	18259	1	172543	0	16.473	1.037	18	392636	0	cosmic-tagged	13	1	1	0	0																		
mcp2k	18259	1	172548	0	15.145	5.544	17	1222020	0	nu-candidate	10	1	1	1	0	1.156	6.0	6	-14.265775	74.140724	468.6652	-0.7324273	-15.0	1.0	0.0	0.7	0.0	86.08637	2.6741521	0.0	2.6741521	2	7.8901033
mcp2k	18259	1	172564	0	12.557	0.584	14	313364	0	no-beam-flash	7	0	0	0	0																		
mcp2k	18259	1	172617	0	23.143	8.119	25	1215400	0	nu-candidate	12	1	1	1	0	1.916	185.7	2	54.232822	119.30641	339.77542	3.5788693	-15.0	1.0	0.0	0.7	0.0	831.64526	5.5230036	0.0	5.5230036	2	0.0
mcp2k	18259	1	172683	0	11.415	0.821	13	361104	0	nu-candidate	12	1	1	0	0																		
mcp2k	18259	1	172727	0	10.220	1.000	12	397568	0	no-bundle	13	0	1	0	0																		
mcp2k	18259	1	172734	0	15.035	0.928	16	375496	0	no-bundle	12	0	1	0	0																		
mcp2k	18259	1	172746	0	13.316	1.023	15	372172	0	cosmic-tagged	13	1	1	0	0																		
mcp2k	18259	1	172762	0	12.561	6.435	14	1223632	0	nu-candidate	11	1	1	1	0	1.444	308.5	2	-12.105506	-157.1251	127.59634	3.5841615	-15.0	1.0	0.0	0.7	0.0	843.8227	3.3343637	0.0	3.3343637	2	0.0
mcp2k	18259	1	172850	0	17.521	5.370	19	1196264	0	nu-candidate	11	1	1	1	0	0.616	53.5	1	193.24336	68.43656	391.1771	2.482241	-15.0	1.0	0.0	0.7	0.0	350.84076	0.0	0.0	0.0	0	0.8647149
mcp2k	18259	1	172878	0	14.085	2.060	16	481596	0	cosmic-tagged	15	1	1	0	0																		
mcp2k	18259	1	173004	0	14.969	0.836	17	354836	0	no-beam-flash	9	0	0	0	0																		
mcp2k	18259	1	173048	0	15.088	1.945	17	506320	0	cosmic-tagged	15	1	1	0	0																		
mcp2k	18259	1	173049	0	16.191	5.263	18	1125948	0	nu-candidate	6	1	1	1	0	1.844	50.0	3	-182.11842	127.85579	470.52982	3.2207437	-15.0	1.0	0.0	0.7	0.0	359.2635	1.3761516	0.0	1.3761516	1	3.2587442
mcp2k	18259	1	173054	0	15.100	1.461	17	483904	0	cosmic-tagged	14	1	1	0	0																		
mcp2k	18259	1	173086	0	12.629	0.988	14	378064	0	cosmic-tagged	11	1	1	0	0																		
mcp2k	18259	1	173093	0	17.537	6.210	19	1204332	0	nu-candidate	9	1	1	1	0	1.878	21.5	24	-5.0287747	-12.690782	299.04053	-0.86149275	-15.0	1.0	0.0	0.7	0.0	425.853	1.1356096	0.0	1.1356096	1	123.70413
mcp2k	18259	1	173108	0	17.861	6.512	19	1392404	0	nu-candidate	20	1	1	1	0	1.924	39.3	5	-100.33029	178.16077	12.243139	2.1512952	-15.0	1.0	0.0	0.7	0.0	403.22552	1.7776417	0.0	1.7776417	1	4.5297084
mcp2k	18259	1	173180	0	13.923	1.905	15	453220	0	cosmic-tagged	12	1	1	0	0																		
mcp2k	18259	1	173218	0	16.598	2.028	18	588844	0	cosmic-tagged	18	1	1	0	0																		
mcp2k	18259	1	173240	0	13.989	1.080	15	398068	0	nu-candidate	16	1	1	0	0																		
mcp2k	18259	1	173277	0	13.921	0.944	15	367400	0	cosmic-tagged	11	1	1	0	0																		
mcp2k	18259	1	173340	0	17.702	5.950	20	1196184	0	nu-candidate	16	1	1	1	0	1.513	88.4	3	-66.1291	187.91956	43.71813	-0.28824848	-15.0	1.0	0.0	0.7	0.0	342.0709	0.0	0.0	0.0	0	3.4653492
mcp2k	18259	1	173438	0	15.652	5.028	17	1169424	0	nu-candidate	10	1	1	1	0	1.950	1.7	2	-192.61043	-78.14117	177.90517	-2.5555077	-15.0	1.0	0.0	0.7	0.0	108.36084	0.0	0.0	0.0	0	1.9231441
mcp2k	18259	1	173450	0	16.882	6.702	18	1201476	0	nu-candidate	10	1	1	1	0	0.792	279.9	1	83.797325	199.93573	96.78955	-3.7998245	-15.0	1.0	1.0	0.7	0.0	788.1439	1.7406572	0.0	1.7406572	1	0.0
mcp2k	18259	1	173466	0	12.006	0.947	13	379108	0	no-bundle	9	0	1	0	0																		
mcp2k	18259	1	173488	0	15.633	4.984	17	1171448	0	nu-candidate	8	1	1	1	0	1.171	3.9	10	16.871073	172.39734	14.474641	-1.0263753	-15.0	1.0	0.0	0.7	0.0	54.13643	6.994406	0.0	6.994406	5	7.261632
mcp2k	18259	1	173495	0	18.149	6.642	20	1334092	0	nu-candidate	15	1	1	1	0	1.622	35.3	6	-1.1170549	199.0533	459.4702	-1.2686424	-15.0	1.0	1.0	0.7	0.0	385.4168	0.0	0.0	0.0	0	5.737361
mcp2k	18259	1	173577	0	13.214	0.948	15	367364	0	no-beam-flash	8	0	0	0	0																		
mcp2k	18259	1	173582	0	13.124	0.946	15	374632	0	no-beam-flash	14	0	0	0	0																		
mcp2k	18259	1	173585	0	17.982	6.755	20	1194972	0	nu-candidate	12	1	1	1	0	0.683	198.5	5	-54.631443	-131.14548	231.67128	4.8547854	-15.0	1.0	0.0	0.7	0.0	825.30066	1.3271763	0.0	1.3271763	1	5.7303314
mcp2k	18259	1	173620	0	17.965	6.088	20	1187812	0	nu-candidate	9	1	1	1	0	1.268	113.3	12	49.489643	162.20192	255.3277	0.79836535	-15.0	1.0	0.0	0.7	0.0	607.201	143.38094	141.36038	2.0205555	3	10.366989
mcp2k	18259	1	173636	0	13.178	0.815	15	349100	0	cosmic-tagged	15	1	1	0	0																		
mcp2k	18259	1	173643	0	16.856	5.549	18	1190464	0	nu-candidate	10	1	1	1	0	1.297	141.3	10	-105.5621	-114.9949	391.80386	3.3327107	-15.0	1.0	0.0	0.7	0.0	604.6158	0.0	0.0	0.0	0	143.54909
mcp2k	18259	1	173665	0	13.466	1.377	15	448520	0	no-beam-flash	11	0	0	0	0																		
mcp2k	18259	1	173671	0	20.560	7.578	22	1235348	0	nu-candidate	12	1	1	1	0	1.500	369.5	0	1.8594747	-105.845085	105.89287	3.166098	-15.0	1.0	0.0	0.7	0.0	976.3428	0.0	0.0	0.0	0	0.0
mcp2k	18259	1	173692	0	13.297	1.562	15	467588	0	cosmic-tagged	11	1	1	0	0																		
mcp2k	18259	1	173717	0	13.132	0.987	15	373024	0	no-bundle	12	0	1	0	0																		
mcp2k	18259	1	173781	0	12.011	1.120	13	403448	0	no-beam-flash	10	0	0	0	0																		
mcp2k	18259	1	173790	0	12.063	1.695	14	425804	0	cosmic-tagged	10	1	1	0	0																		
mcp2k	18259	1	173819	0	18.115	7.781	20	1172944	0	nu-candidate	11	1	1	1	0	0.688	79.9	11	92.20617	173.76248	380.87396	1.2219398	-15.0	1.0	0.0	0.7	0.0	1176.7051	63.204655	62.171795	1.0328624	3	11.231091
mcp2k	18259	1	173827	0	16.908	5.334	18	1204528	0	nu-candidate	18	1	1	1	0	0.836	4.1	1	60.72919	144.46301	35.435417	-0.7793263	-15.0	1.0	0.0	0.7	0.0	100.979034	0.0	0.0	0.0	0	0.8784075
mcp2k	18259	1	173862	0	13.160	0.684	15	317464	0	nu-candidate	7	1	1	0	0																		
mcp2k	18259	1	173869	0	13.213	1.080	15	383076	0	cosmic-tagged	10	1	1	0	0																		
mcp2k	18259	1	173906	0	13.262	1.113	15	368232	0	cosmic-tagged	8	1	1	0	0																		
mcp2k	18259	1	173912	0	16.614	5.397	18	1159252	0	nu-candidate	6	1	1	1	0	1.675	57.4	8	-181.93362	154.04985	451.43948	2.0866375	-15.0	1.0	0.0	0.7	0.0	360.39578	0.0	0.0	0.0	0	7.6712065
mcp2k	18259	1	173915	0	14.557	1.821	16	545648	0	cosmic-tagged	14	1	1	0	0																		
mcp2k	18259	1	173978	0	16.710	5.392	18	1150100	0	nu-candidate	10	1	1	1	0	0.587	25.4	9	108.00829	-71.39522	103.77717	-1.1459793	-15.0	1.0	0.0	0.7	0.0	249.10645	1.974978	0.0	1.974978	1	1.0595288
mcp2k	18259	1	174000	0	14.439	1.195	16	421328	0	cosmic-tagged	13	1	1	0	0																		
mcp2k	18259	1	174132	0	13.298	1.177	15	420412	0	no-beam-flash	9	0	0	0	0																		
mcp2k	18259	1	174149	0	13.191	0.783	15	338628	0	nu-candidate	11	1	2	0	0																		
mcp2k	18259	1	174164	0	24.135	11.334	26	1190496	0	nu-candidate	10	1	1	1	0	1.407	260.1	13	12.176329	-97.21877	237.46149	4.8457303	-15.0	1.0	0.0	0.7	0.0	920.5287	2.0323775	0.0	2.0323775	1	23.25824
mcp2k	18259	1	174170	0	14.378	1.529	16	422936	0	cosmic-tagged	10	1	1	0	0																		
mcp2k	18259	1	174221	0	14.316	0.792	16	350888	0	cosmic-tagged	14	1	1	0	0																		
mcp2k	18259	1	174230	0	14.390	1.341	16	412036	0	cosmic-tagged	10	1	1	0	0																		
mcp2k	18259	1	174258	0	13.142	0.855	15	353104	0	no-bundle	11	0	1	0	0																		
mcp2k	18259	1	174265	0	13.306	1.056	15	404256	0	cosmic-tagged	9	1	1	0	0																		
mcp2k	18259	1	174280	0	13.204	0.811	15	351640	0	no-bundle	10	0	1	0	0																		
mcp2k	18259	1	174302	0	16.903	5.671	18	1210724	0	nu-candidate	13	1	1	1	0	1.475	93.9	3	-22.468422	-8.805332	151.72958	0.8869276	-15.0	1.0	0.0	0.7	0.0	456.71698	0.0	0.0	0.0	0	113.40404
mcp2k	18259	1	174311	0	16.865	6.043	18	1210088	0	nu-candidate	13	2	2	1	0	1.560	86.5	3	-81.36591	6.0514145	449.20102	2.879598	-15.0	1.0	0.0	0.7	0.0	555.51953	0.0	0.0	0.0	0	4.727822
mcp2k	18259	1	174330	0	13.350	1.302	15	446364	0	no-beam-flash	14	0	0	0	0																		
mcp2k	18259	1	174352	0	17.054	6.627	19	1166972	0	nu-candidate	11	1	1	1	0	0.836	66.8	16	-83.43324	-76.75651	238.88103	2.0806067	-15.0	1.0	0.0	0.7	0.0	644.06885	2.982824	0.0	2.982824	2	92.524025
mcp2k	18259	1	174443	0	13.142	0.722	15	333164	0	nu-candidate	11	1	1	0	0																		
mcp2k	18259	1	174465	0	13.146	0.864	15	367856	0	cosmic-tagged	13	1	1	0	0																		
mcp2k	18259	1	174506	0	13.113	1.010	15	390464	0	nu-candidate	13	1	1	0	0																		
mcp2k	18259	1	174551	0	13.196	0.906	15	364792	0	cosmic-tagged	12	1	1	0	0																		
mcp2k	18259	1	174573	0	13.246	1.187	15	421388	0	cosmic-tagged	13	1	1	0	0																		
mcp2k	18259	1	174589	0	13.340	1.628	15	458076	0	cosmic-tagged	12	1	1	0	0																		
mcp2k	18259	1	174617	0	11.966	0.842	14	346976	0	cosmic-tagged	8	1	1	0	0																		
mcp2k	18259	1	174661	0	18.276	6.981	20	1224972	0	nu-candidate	11	2	2	1	0	0.945	130.1	8	100.84062	40.307915	114.948364	3.5315852	-15.0	1.0	0.0	0.7	0.0	619.3126	0.0	0.0	0.0	0	0.0
mcp2k	18259	1	174704	0	12.083	1.166	14	358520	0	cosmic-tagged	8	1	1	0	0																		
mcp2k	18259	1	174720	0	11.889	0.767	13	326820	0	nu-candidate	9	1	1	0	0																		
mcp2k	18259	1	174736	0	12.063	1.091	14	365328	0	cosmic-tagged	10	1	1	0	0																		
mcp2k	18259	1	174770	0	14.451	4.823	16	1138720	0	nu-candidate	7	1	1	1	0	1.361	3.0	3	-185.61378	6.9422836	56.821976	-1.6072286	-15.0	1.0	0.0	0.7	0.0	73.27272	0.0	0.0	0.0	0	3.218881
mcp2k	18259	1	174771	0	23.162	14.615	25	1300964	0	nu-candidate	13	1	1	1	0	1.482	290.2	42	142.54303	47.55808	221.21608	2.3676643	-15.0	1.0	0.0	0.7	0.0	1819.5718	344.8638	222.27785	122.58595	8	19.068686
mcp2k	18259	1	174795	0	17.034	6.404	19	1235580	0	nu-candidate	14	1	1	1	0	1.672	201.6	2	-51.26862	-195.844	381.61002	2.183978	-15.0	1.0	0.0	0.7	0.0	609.9256	1.4145585	0.0	1.4145585	1	1.5850371
mcp2k	18259	1	174839	0	13.200	0.711	15	326760	0	cosmic-tagged	13	1	1	0	0																		
mcp2k	18259	1	174896	0	19.284	9.717	21	1229044	0	nu-candidate	10	1	1	1	0	0.840	212.2	29	-107.13385	-45.853374	290.1279	3.7692826	-15.0	1.0	0.0	0.7	0.0	1028.1322	7.4991007	0.0	7.4991007	5	34.06313
mcp2k	18259	1	174902	0	13.193	1.021	15	386396	0	nu-candidate	10	1	1	0	0																		
mcp2k	18259	1	174993	0	15.709	5.781	17	1156232	0	nu-candidate	13	1	1	1	0	1.744	134.2	4	104.248184	-157.72667	235.85703	1.7091298	-15.0	1.0	0.0	0.7	0.0	496.46606	0.0	0.0	0.0	0	10.2854805
mcp2k	18259	1	175006	0	14.315	0.776	16	332424	0	cosmic-tagged	8	1	1	0	0																		
mcp2k	18259	1	175057	0	23.025	10.886	25	1303528	0	nu-candidate	13	1	1	1	0	1.448	237.7	2	128.72604	-24.23579	282.05865	5.170691	-15.0	1.0	0.0	0.7	0.0	970.9546	0.0	0.0	0.0	0	20.85882
mcp2k	18259	1	175094	0	15.625	5.736	17	1143044	0	nu-candidate	5	2	2	1	0	0.639	18.1	4	-116.68472	-4.7769065	73.88254	4.3248963	-15.0	1.0	0.0	0.7	0.0	506.72745	4.6356187	0.0	4.6356187	4	8.34509
mcp2k	18259	1	175100	0	14.389	1.168	16	416960	0	no-bundle	10	0	1	0	0																		
mcp2k	18259	1	175101	0	14.275	1.307	15	440144	0	no-bundle	14	0	1	0	0																		
mcp2k	18259	1	175117	0	16.821	5.678	18	1212832	0	nu-candidate	14	1	1	1	0	1.179	33.1	8	40.64907	29.787052	323.30954	0.9051793	-15.0	1.0	0.0	0.7	0.0	405.4023	5.636217	0.0	5.636217	4	8.85874
mcp2k	18259	1	175147	0	12.024	1.073	14	392292	0	no-bundle	10	0	1	0	0																		
mcp2k	18259	1	175189	0	13.239	1.438	15	471048	0	no-beam-flash	15	0	0	0	0																		
mcp2k	18259	1	175242	0	11.885	0.966	13	359476	0	cosmic-tagged	12	1	1	0	0																		
mcp2k	18259	1	175380	0	11.916	1.052	13	396804	0	no-beam-flash	12	0	0	0	0																		
mcp2k	18259	1	175689	0	12.057	0.928	13	371272	0	no-beam-flash	13	0	0	0	0																		
mcp2k	18259	1	175777	0	11.912	0.819	13	341900	0	no-beam-flash	12	0	0	0	0																		
mcp2k	18259	1	175814	0	19.265	7.693	21	1227512	0	nu-candidate	10	1	1	1	0	1.681	391.4	3	71.855034	167.73566	131.2895	5.820581	-15.0	1.0	0.0	0.7	0.0	1133.0541	2.2468495	0.0	2.2468495	1	2.9841104
mcp2k	18259	1	175829	0	13.088	0.843	15	356056	0	no-bundle	8	0	1	0	0																		
mcp2k	18259	1	175848	0	13.066	0.794	15	340300	0	no-beam-flash	6	0	0	0	0																		
mcp2k	18259	1	175864	0	13.152	0.892	15	349760	0	cosmic-tagged	6	1	1	0	0																		
mcp2k	18259	1	175871	0	13.217	1.077	15	413476	0	nu-candidate	11	1	1	0	0																		
mcp2k	18259	1	175893	0	16.755	5.896	18	1197712	0	nu-candidate	13	1	1	1	0	0.842	22.3	13	164.83904	66.269485	386.1111	-0.39457318	-15.0	1.0	0.0	0.7	0.0	435.91174	0.0	0.0	0.0	0	54.74174
mcp2k	18259	1	175931	0	13.289	1.118	15	413320	0	cosmic-tagged	10	1	1	0	0																		
mcp2k	18259	1	175936	0	13.295	1.205	15	387000	0	cosmic-tagged	13	1	1	0	0																		
mcp2k	18259	1	175952	0	26.583	13.757	28	1172984	0	nu-candidate	6	1	1	1	0	1.271	299.8	7	-157.46748	-33.50412	229.51273	4.1521387	-15.0	1.0	0.0	0.7	0.0	1412.4692	109.9432	107.301025	2.642171	5	2.035067
mcp2k	18259	1	175959	0	18.030	6.907	20	1187836	0	cosmic-tagged	11	1	1	1	0	1.021	187.7	1	5.822402	-135.32689	176.05424	3.8123634	-15.0	1.0	0.0	0.7	0.0	666.7581	0.0	0.0	0.0	0	1.6402184
mcp2k	18259	1	176137	0	13.123	0.898	15	360232	0	no-bundle	8	0	1	0	0																		
mcp2k	18259	1	176150	0	16.878	5.643	18	1196652	0	nu-candidate	12	1	1	1	0	1.132	132.3	2	-44.52017	-0.0623903	0.945321	-2.6972876	-15.0	1.0	1.0	-0.22451743	0.0	488.60022	0.0	0.0	0.0	0	329.23248
mcp2k	18259	1	176159	0	11.927	1.149	13	390556	0	cosmic-tagged	11	1	1	0	0																		
mcp2k	18259	1	176181	0	12.128	0.893	14	352344	0	nu-candidate	11	1	1	0	0																		
mcp2k	18259	1	176260	0	18.291	8.324	20	1253932	0	nu-candidate	13	1	1	1	0	1.888	303.1	10	-165.3519	82.680984	74.36605	3.708617	-13.849079	1.0	0.0	0.7	0.0	940.3452	0.0	0.0	0.0	0	4.4612656
mcp2k	18259	1	176333	0	14.604	2.142	16	474596	0	cosmic-tagged	12	1	1	0	0																		
mcp2k	18259	1	176399	0	11.949	0.712	13	331880	0	cosmic-tagged	8	1	1	0	0																		
mcp2k	18259	1	176423	0	12.043	0.988	14	382140	0	no-beam-flash	9	0	0	0	0																		
mcp2k	18259	1	176502	0	81.513	70.046	83	1406724	0	nu-candidate	14	1	1	1	0	0.753	165.3	103	127.7328	-31.438055	118.81224	-1.5685626	4.1392336	1.0	0.0	0.7	0.0	4649.718	274.49817	0.0	274.49817	6	1218.4324
mcp2k	18259	1	176533	0	18.117	7.938	20	1190904	0	nu-candidate	9	1	1	1	0	1.957	65.0	43	-156.05998	-127.39744	378.79868	-0.49625352	14.291832	1.0	0.0	0.7	0.0	640.99646	143.03232	0.0	143.03232	9	7.0447917
mcp2k	18259	1	176575	0	12.010	0.764	14	326360	0	no-bundle	10	0	1	0	0																		
mcp2k	18259	1	176628	0	13.262	1.605	15	503312	0	cosmic-tagged	16	1	1	0	0																		
mcp2k	18259	1	176707	0	15.616	4.759	17	1144796	0	nu-candidate	12	1	1	1	0	1.616	2.0	6	-114.763565	-112.762825	287.3246	-2.5030656	-15.0	1.0	0.0	0.7	0.0	19.423187	3.1404946	0.0	3.1404946	2	6.3239937
mcp2k	18259	1	176731	0	13.198	1.035	15	379436	0	cosmic-tagged	10	1	1	0	0																		
mcp2k	18259	1	176775	0	13.151	0.795	15	341688	0	cosmic-tagged	8	1	1	0	0																		
mcp2k	18259	1	176810	0	15.632	4.937	17	1171988	0	nu-candidate	14	1	1	1	0	0.589	12.8	0	93.15696	-2.4475129	115.43407	-3.2841809	-15.0	1.0	0.0	0.7	0.0	131.89946	0.0	0.0	0.0	0	0.0
mcp2k	18259	1	176914	0	13.158	0.889	15	360744	0	cosmic-tagged	7	1	1	0	0																		
mcp2k	18259	1	176926	0	10.802	0.594	12	311868	0	nu-candidate	6	1	1	0	0																		
mcp2k	18259	1	176948	0	16.840	5.525	18	1206284	0	nu-candidate	15	1	1	1	0	1.365	40.7	7	-73.2078	37.89402	118.12695	-1.8720914	-15.0	1.0	0.0	0.7	0.0	348.85742	7.230925	0.0	7.230925	3	4.701234
mcp2k	18259	1	176951	0	13.182	1.206	15	398844	0	cosmic-tagged	11	1	1	0	0																		
mcp2k	18259	1	176970	0	11.920	0.890	13	349812	0	cosmic-tagged	11	1	1	0	0																		
mcp2k	18259	1	176973	0	13.177	0.895	15	362800	0	cosmic-tagged	13	1	1	0	0																		
mcp2k	18259	1	176980	0	11.959	0.933	13	374944	0	nu-candidate	9	1	1	0	0																		
mcp2k	18259	1	176986	0	15.495	5.815	17	1156072	0	nu-candidate	9	1	1	1	0	0.589	20.7	28	29.466904	15.501562	316.72537	-0.72413355	-15.0	1.0	0.0	0.7	0.0	344.4411	0.0	0.0	0.0	0	2.8046322
mcp2k	18259	1	177037	0	12.006	1.071	13	407456	0	no-beam-flash	10	0	0	0	0																		
mcp2k	18259	1	177068	0	15.592	5.879	17	1203624	0	nu-candidate	12	1	1	1	0	0.922	32.9	10	-118.356636	105.382416	16.702047	-0.42805505	-12.875228	1.0	0.0	0.7	0.0	159.34705	0.0	0.0	0.0	0	15.82385
mcp2k	18259	1	177102	0	13.023	1.141	15	367772	0	cosmic-tagged	7	1	1	0	0																		
mcp2k	18259	1	177149	0	16.655	5.246	18	1176108	0	nu-candidate	9	1	1	1	0	1.652	21.2	10	-64.278885	-111.33276	204.76991	-1.573533	-15.0	1.0	0.0	0.7	0.0	302.20956	3.5076404	0.0	3.5076404	1	11.126546
mcp2k	18259	1	177156	0	13.099	1.035	15	394488	0	cosmic-tagged	14	1	1	0	0																		
mcp2k	18259	1	177171	0	13.121	0.843	15	341612	0	no-bundle	9	0	1	0	0																		
mcp2k	18259	1	177178	0	15.674	5.751	17	1225304	0	nu-candidate	11	1	1	1	0	1.457	101.6	2	-183.9658	-40.86791	158.16493	4.153918	-15.0	1.0	0.0	0.7	0.0	476.54425	2.4989464	0.0	2.4989464	2	0.0
mcp2k	18259	1	177193	0	13.175	1.127	15	413520	0	nu-candidate	12	1	1	0	0																		
mcp2k	18259	1	177266	0	16.719	5.437	18	1196048	0	nu-candidate	12	1	1	1	0	1.630	34.8	1	-122.749245	-19.209345	185.80692	-0.6591509	-15.0	1.0	0.0	0.7	0.0	401.87274	0.0	0.0	0.0	0	2.2157862
mcp2k	18259	1	177278	0	11.992	0.954	13	364528	0	nu-candidate	14	1	1	0	0																		
mcp2k	18259	1	177294	0	12.086	1.026	14	387724	0	no-beam-flash	13	0	0	0	0																		
mcp2k	18259	1	177301	0	13.134	1.025	15	383136	0	no-beam-flash	9	0	0	0	0																		
mcp2k	18259	1	177360	0	15.528	4.692	17	1108860	0	nu-candidate	8	1	1	1	0	1.956	5.3	3	-174.62228	-156.42278	364.72226	-1.2314161	-15.0	1.0	0.0	0.7	0.0	12.855516	0.0	0.0	0.0	0	6.6061554
mcp2k	18259	1	177366	0	16.911	6.118	18	1257556	0	nu-candidate	12	1	1	1	0	1.585	34.1	6	99.13429	-127.331245	483.87057	2.2008533	-15.0	1.0	0.0	0.7	0.0	558.7231	0.48723844	0.0	0.48723844	1	2.6625032
mcp2k	18259	1	177404	0	11.964	1.179	13	418380	0	no-bundle	12	0	1	0	0																		
mcp2k	18259	1	177413	0	11.872	0.879	13	373924	0	no-beam-flash	11	0	0	0	0																		
mcp2k	18259	1	177455	0	16.624	4.872	18	1159216	0	nu-candidate	10	1	1	1	0	2.030	4.4	7	-170.04034	42.581593	280.35913	-1.1926521	-15.0	1.0	0.0	0.7	0.0	82.98947	1.9585298	0.0	1.9585298	2	7.236765
mcp2k	18259	1	177477	0	13.191	1.097	15	406496	0	no-beam-flash	12	0	0	0	0																		
mcp2k	18259	1	177521	0	16.894	6.014	19	1247564	0	nu-candidate	7	1	1	1	0	1.742	72.0	18	-142.38928	-136.61307	153.56757	1.894628	-15.0	1.0	0.0	0.7	0.0	545.15	9.025671	0.0	9.025671	4	64.52585
mcp2k	18259	1	177530	0	13.181	0.785	15	344080	0	cosmic-tagged	8	1	1	0	0																		
mcp2k	18259	1	177536	0	19.455	9.275	21	1261664	0	nu-candidate	12	1	1	1	0	0.688	296.2	6	56.851547	48.18943	172.16328	3.1647482	-15.0	1.0	0.0	0.7	0.0	1222.4087	54.02383	0.0	54.02383	2	1.0889676
mcp2k	18259	1	177574	0	13.248	1.100	15	398316	0	nu-candidate	12	1	1	0	0																		
mcp2k	18259	1	177589	0	13.196	0.950	15	381664	0	nu-candidate	9	1	1	0	0																		
mcp2k	18259	1	177787	0	13.193	0.799	15	330016	0	cosmic-tagged	7	1	1	0	0																		
mcp2k	18259	1	177873	0	13.048	0.859	15	360740	0	cosmic-tagged	9	1	1	0	0																		
mcp2k	18259	1	177875	0	13.154	0.861	15	355264	0	cosmic-tagged	15	1	1	0	0																		
mcp2k	18259	1	177910	0	11.949	0.800	13	343820	0	nu-candidate	13	1	1	0	0																		
mcp2k	18259	1	177917	0	12.203	1.351	14	465108	0	no-beam-flash	19	0	0	0	0																		
mcp2k	18259	1	177939	0	16.908	5.211	18	1165564	0	nu-candidate	10	1	1	1	0	0.582	28.8	2	-118.68032	118.018265	7.5741687	-0.6262725	-15.0	1.0	0.0	0.5426748	0.0	205.3712	3.2950323	0.0	3.2950323	1	1.788675
mcp2k	18259	1	177961	0	16.904	5.518	18	1188456	0	nu-candidate	12	1	1	1	0	0.771	25.3	1	17.334568	143.75194	485.78	0.7191877	-15.0	1.0	0.0	0.7	0.0	412.54456	0.0	0.0	0.0	0	1.1013709
mcp2k	18259	1	178042	0	13.159	0.957	15	374020	0	no-beam-flash	10	0	0	0	0																		
mcp2k	18259	1	178115	0	16.937	6.969	19	1200400	0	nu-candidate	10	1	1	1	0	0.761	69.9	2	189.56693	166.76805	376.3317	1.9824431	-15.0	1.0	0.0	0.7	0.0	725.42505	91.54132	91.54132	0.0	1	4.7756906
mcp2k	18259	1	178146	0	12.000	0.980	13	370712	0	cosmic-tagged	10	1	1	0	0																		
mcp2k	18259	1	178152	0	13.279	1.257	15	427980	0	cosmic-tagged	15	1	1	0	0																		
mcp2k	18259	1	178225	0	14.339	5.626	16	1154648	0	nu-candidate	8	1	1	1	0	0.994	92.6	10	-25.33738	140.15512	428.668	1.1347958	-15.0	1.0	0.0	0.7	0.0	473.22302	10.599385	0.0	10.599385	7	5.8649545
mcp2k	18259	1	178240	0	13.268	1.517	15	441328	0	cosmic-tagged	12	1	1	0	0																		
mcp2k	18259	1	178328	0	13.243	1.563	15	492228	0	cosmic-tagged	10	1	1	0	0																		
mcp2k	18259	1	178337	0	12.089	1.028	14	406564	0	no-bundle	15	0	1	0	0																		
mcp2k	18259	1	178350	0	14.478	5.921	16	1210312	0	nu-candidate	12	1	1	1	0	1.558	144.2	1	-46.142033	-178.33723	359.20886	2.5775244	-15.0	1.0	0.0	0.7	0.0	472.48358	1.4559457	0.0	1.4559457	1	0.0
mcp2k	18259	1	178381	0	11.960	0.823	13	356884	0	no-bundle	13	0	1	0	0																		
mcp2k	18259	1	178388	0	16.844	5.640	18	1180212	0	nu-candidate	8	1	1	1	0	1.290	39.8	5	33.144257	15.629937	206.65967	2.5101957	-15.0	1.0	0.0	0.7	0.0	308.96057	0.0	0.0	0.0	0	9.102235
mcp2k	18259	1	178410	0	12.039	1.591	14	504912	0	cosmic-tagged	16	1	1	0	0																		
mcp2k	18259	1	178445	0	16.861	5.843	18	1157788	0	nu-candidate	10	1	1	1	0	0.634	42.4	9	7.961127	198.97154	379.78442	-1.158081	-15.0	1.0	1.0	0.7	0.0	280.66974	131.18217	123.97207	7.2101145	6	6.0383596
mcp2k	18259	1	178476	0	10.879	1.045	12	378684	0	cosmic-tagged	11	1	1	0	0																		
mcp2k	18259	1	178513	0	10.729	0.645	12	316400	0	no-beam-flash	8	0	0	0	0																		
mcp2k	18259	1	178535	0	13.145	4.739	15	1126356	0	nu-candidate	7	1	1	1	0	1.842	17.0	2	-186.54837	-186.1672	330.76205	-1.107135	-8.579065	1.0	0.0	0.7	0.0	80.50918	0.0	0.0	0.0	0	0.0
mcp2k	18259	1	178548	0	14.393	5.494	16	1193372	0	nu-candidate	11	1	1	1	0	0.793	99.9	8	111.36381	-100.99683	293.3464	1.1855605	-15.0	1.0	0.0	0.7	0.0	389.32666	2.2813773	0.0	2.2813773	2	8.5832205
mcp2k	18259	1	178570	0	15.677	6.204	17	1194244	0	nu-candidate	11	1	1	1	0	1.923	74.5	10	-64.637695	-137.26357	457.71683	2.5858338	-15.0	1.0	0.0	0.7	0.0	674.10095	1.5165772	0.0	1.5165772	2	10.996664
mcp2k	18259	1	178577	0	13.089	0.875	15	345844	0	cosmic-tagged	10	1	1	0	0																		
mcp2k	18259	1	178601	0	13.178	1.466	15	420480	0	cosmic-tagged	12	1	1	0	0																		
mcp2k	18259	1	178645	0	16.852	6.112	18	1244224	0	nu-candidate	15	1	1	1	0	1.009	93.3	3	198.98033	-59.439682	248.70615	2.2457888	-15.0	1.0	1.0	0.7	0.0	351.45605	0.0	0.0	0.0	0	2.4557173
mcp2k	18259	1	178841	0	19.427	7.766	21	1242100	0	nu-candidate	12	1	1	1	0	0.960	366.2	10	-183.11754	151.92563	102.62814	4.8998604	-15.0	1.0	0.0	0.7	0.0	1023.01886	11.1691	0.0	11.1691	8	0.0
mcp2k	18259	1	178865	0	16.807	6.594	18	1212068	0	nu-candidate	10	1	1	1	0	1.193	220.3	2	-163.68958	73.408875	243.5228	3.6295595	-15.0	1.0	0.0	0.7	0.0	632.62054	0.0	0.0	0.0	0	1.5762255
mcp2k	18259	1	178872	0	12.140	1.139	14	414704	0	nu-candidate	16	1	1	0	0																		
mcp2k	18259	1	178885	0	18.220	7.617	20	1197740	0	nu-candidate	12	1	1	1	0	1.060	188.2	9	60.309803	-88.25417	135.2829	-0.36311823	-15.0	1.0	0.0	0.7	0.0	630.56146	0.0	0.0	0.0	0	10.219754
mcp2k	18259	1	178907	0	15.662	5.806	17	1225320	0	nu-candidate	11	1	1	1	0	0.965	47.5	3	172.14197	-192.10379	121.54396	3.446452	-15.0	1.0	0.0	0.7	0.0	412.3405	0.0	0.0	0.0	0	3.4373188
mcp2k	18259	1	178931	0	15.759	5.675	17	1163004	0	nu-candidate	10	2	2	1	0	1.140	29.1	10	89.91665	-68.890686	256.95084	0.18545678	-15.0	1.0	1.0	0.7	0.0	279.30145	0.0	0.0	0.0	0	6.9417396
mcp2k	18259	1	178938	0	10.659	0.684	12	311468	0	cosmic-tagged	10	1	1	0	0																		
mcp2k	18259	1	178966	0	13.388	3.904	15	790696	0	cosmic-tagged	11	1	1	1	0	1.765	1.4	0	0.0	0.0	0.0	-1.9416895	-15.0	1.0	0.0	0.7	0.0	0.0	0.0	0.0	0.0	0	0.0
mcp2k	18259	1	178982	0	9.729	0.943	11	367060	0	nu-candidate	10	1	1	0	0																		
mcp2k	18259	1	178995	0	9.716	1.401	11	449212	0	no-beam-flash	14	0	0	0	0																		
mcp2k	18259	1	179048	0	21.023	11.616	23	1279136	0	nu-candidate	12	1	1	1	0	0.686	311.2	5	159.20566	73.14111	204.95778	2.8049555	-12.779078	1.0	1.0	0.7	0.0	1253.2383	57.066784	53.45681	3.6099749	2	7.6022854
mcp2k	18259	1	179054	0	18.610	10.004	20	1309716	0	nu-candidate	18	2	2	1	0	0.972	110.5	3	-124.41467	5.25696	217.33339	0.8077832	-15.0	1.0	0.0	0.7	0.0	1070.0803	131.42033	131.42033	0.0	1	10.679258
mcp2k	18259	1	179246	0	14.900	5.616	16	1178156	0	nu-candidate	11	1	1	1	0	0.533	156.5	10	60.12592	-98.77113	300.7701	-1.5655987	-15.0	1.0	0.0	0.7	0.0	100.11576	378.19708	0.0	378.19708	2	11.782049
mcp2k	18259	1	179303	0	13.762	5.272	15	1186632	0	nu-candidate	12	1	1	1	0	1.353	2.5	13	54.448532	8.9594	381.84683	-3.101253	-15.0	1.0	0.0	0.7	0.0	31.753881	8.4850445	0.0	8.4850445	8	4.626402
mcp2k	18259	1	179325	0	11.241	0.769	13	335792	0	cosmic-tagged	8	1	1	0	0																		
mcp2k	18259	1	179356	0	11.252	1.189	13	385320	0	cosmic-tagged	10	1	1	0	0																		
mcp2k	18259	1	179369	0	33.151	19.932	35	1371280	0	nu-candidate	9	2	2	1	0	0.280	114.9	42	6.1185246	58.624126	106.32395	3.2270234	-15.0	1.0	0.0	0.7	0.0	1326.67	131.22177	0.0	131.22177	8	46.65764
mcp2k	18259	1	179435	0	12.549	1.002	14	396116	0	nu-candidate	14	1	1	0	0																		
mcp2k	18259	1	179604	0	23.537	13.267	25	1194460	0	nu-candidate	7	1	1	1	0	1.986	409.1	5	-180.00957	163.65561	35.32	5.104601	-15.0	1.0	0.0	0.7	0.0	1527.5977	3.9951308	0.0	3.9951308	3	6.2311363
mcp2k	18259	1	179611	0	18.667	6.733	20	1258440	0	nu-candidate	11	1	1	1	0	1.844	58.2	16	44.330917	21.150274	422.78564	1.6581784	-13.915175	1.0	0.0	0.7	0.0	503.34027	11.84832	0.0	11.84832	6	3.0559678
mcp2k	18259	1	179752	0	18.400	6.666	20	1165432	0	nu-candidate	10	1	1	1	0	1.946	69.1	8	-184.28008	-14.712313	44.12204	0.73617375	-15.0	1.0	0.0	0.7	0.0	708.0342	71.529106	68.882835	2.6462684	3	56.031006
mcp2k	18259	1	179765	0	17.741	6.209	20	1134100	0	nu-candidate	8	1	1	1	0	1.693	90.7	1	148.54114	29.928377	419.77744	2.324668	-15.0	1.0	0.0	0.7	0.0	504.7755	0.0	0.0	0.0	0	0.30009106
mcp2k	18259	1	179840	0	16.554	5.017	18	1146004	0	nu-candidate	12	2	2	1	0	0.825	1.3	2	-122.63784	32.777195	334.1191	-1.623586	-15.0	1.0	0.0	0.7	0.0	107.85566	0.0	0.0	0.0	0	0.28784144
mcp2k	18259	1	179897	0	19.103	7.606	20	1224928	0	nu-candidate	18	1	1	1	0	1.953	119.8	7	13.94038	116.32464	217.43187	1.418823	-15.0	1.0	0.0	0.7	0.0	876.86285	0.0	0.0	0.0	0	21.19043
mcp2k	18259	1	179912	0	17.752	6.131	19	1220596	0	nu-candidate	9	1	1	1	0	1.008	90.2	8	-182.55109	114.010605	352.7904	2.0079398	-15.0	1.0	0.0	0.7	0.0	443.35046	0.0	0.0	0.0	0	7.7883034
mcp2k	18259	1	179928	0	11.691	1.009	13	370708	0	cosmic-tagged	10	1	1	0	0																		
mcp2k	18259	1	179963	0	10.901	1.637	12	497300	0	cosmic-tagged	19	1	1	0	0																		
mcp2k	18259	1	180000	0	10.856	1.237	12	442312	0	no-beam-flash	12	0	0	0	0																		
mcp2k	18259	1	180044	0	10.868	1.274	12	432112	0	cosmic-tagged	8	1	1	0	0																		
mcp2k	18259	1	180088	0	13.279	5.312	15	1174588	0	nu-candidate	12	1	1	1	0	1.055	6.0	3	-2.2029285	-153.9553	39.2619	-1.0724442	-15.0	1.0	0.0	0.7	0.0	144.03973	0.0	0.0	0.0	0	1.4090238
mcp2k	18259	1	180117	0	20.491	9.732	22	1227688	0	nu-candidate	10	1	1	1	0	1.266	400.7	3	-181.36345	-25.81436	232.09384	4.8532805	-15.0	1.0	0.0	0.7	0.0	1377.5565	0.0	0.0	0.0	0	3.4354668
mcp2k	18259	1	180308	0	10.778	1.031	12	389364	0	no-beam-flash	11	0	0	0	0																		
mcp2k	18259	1	180403	0	18.113	7.594	20	1191120	0	nu-candidate	12	1	1	1	0	1.208	125.2	1	-184.61736	41.73422	6.00346	2.370601	-13.976866	1.0	0.0	0.7	0.0	596.41296	0.0	0.0	0.0	0	0.0
mcp2k	18259	1	180462	0	12.084	0.987	14	362272	0	cosmic-tagged	7	1	1	0	0																		
mcp2k	18259	1	180544	0	15.561	5.676	17	1161076	0	nu-candidate	7	1	1	1	0	0.550	37.1	11	-177.71228	-33.5902	274.80838	0.7858111	-15.0	1.0	0.0	0.7	0.0	741.7948	7.0443172	0.0	7.0443172	5	4.817231
mcp2k	18259	1	180566	0	12.046	0.885	13	359976	0	cosmic-tagged	10	1	1	0	0																		
mcp2k	18259	1	180645	0	15.529	5.503	17	1154064	0	nu-candidate	10	2	2	1	0	1.582	141.7	5	-115.44976	172.9702	470.31168	-0.9986103	-15.0	1.0	0.0	0.7	0.0	327.82394	152.04976	0.0	152.04976	1	323.2682
mcp2k	18259	1	180698	0	18.083	7.765	20	1172188	0	nu-candidate	9	1	1	1	0	1.283	251.9	9	-158.46085	183.15459	1.0602391	-5.199599	-15.0	1.0	1.0	-0.5010917	0.0	731.83234	6.950486	0.0	6.950486	6	8.148346
mcp2k	18259	1	180720	0	13.160	0.884	15	370200	0	cosmic-tagged	8	1	1	0	0																		
mcp2k	18259	1	180764	0	13.104	0.850	15	359344	0	no-bundle	9	0	1	0	0																		
mcp2k	18259	1	180777	0	14.225	0.744	16	325060	0	cosmic-tagged	8	1	1	0	0																		
mcp2k	18259	1	180918	0	14.240	1.092	16	402824	0	cosmic-tagged	13	1	1	0	0																		
mcp2k	18259	1	181050	0	19.215	6.738	21	1205628	0	nu-candidate	11	1	1	1	0	1.995	46.9	29	-41.36321	182.25198	487.2468	-0.039506182	-15.0	1.0	0.0	0.7	0.0	615.9242	0.0	0.0	0.0	0	38.644398
mcp2k	18259	1	181072	0	13.354	1.109	15	406052	0	cosmic-tagged	15	1	1	0	0																		
mcp2k	18259	1	181094	0	16.926	3.653	18	728456	0	cosmic-tagged	8	1	1	1	0	0.702	1.2	0	0.0	0.0	0.0	-1.9416895	-15.0	1.0	0.0	0.7	0.0	0.0	0.0	0.0	0.0	0	0.0
mcp2k	18259	1	181160	0	13.261	1.131	15	373920	0	cosmic-tagged	11	1	1	0	0																		
mcp2k	18259	1	181226	0	13.288	1.004	15	385160	0	no-beam-flash	13	0	0	0	0																		
mcp2k	18259	1	181248	0	13.276	1.666	15	493704	0	cosmic-tagged	12	1	1	0	0																		
mcp2k	18259	1	181402	0	12.044	0.836	14	360700	0	cosmic-tagged	8	1	1	0	0																		
mcp2k	18259	1	181776	0	11.963	0.802	13	342192	0	no-beam-flash	12	0	0	0	0																		
mcp2k	18259	1	181930	0	13.252	0.819	15	346236	0	nu-candidate	8	1	1	0	0																		
mcp2k	18259	1	236192	0	16.843	5.333	18	1202140	0	nu-candidate	8	1	1	1	0	0.682	106.5	5	126.35106	-164.28104	180.3744	2.5708587	-15.0	1.0	1.0	0.7	0.0	379.03833	1.6897215	0.0	1.6897215	1	9.078632
mcp2k	18259	1	236500	0	13.272	1.050	15	399396	0	no-bundle	15	0	1	0	0																		
mcp2k	18259	1	236610	0	17.949	5.662	20	1242460	0	nu-candidate	11	1	1	1	0	0.750	37.9	1	156.55537	22.1834	478.97653	1.5038279	-15.0	1.0	0.0	0.7	0.0	523.08167	0.0	0.0	0.0	0	4.1287065
mcp2k	18259	1	236742	0	14.317	0.800	16	343256	0	no-bundle	10	0	1	0	0																		
mcp2k	18259	1	236852	0	14.539	1.457	16	478456	0	no-beam-flash	14	0	0	0	0																		
mcp2k	18259	1	237028	0	14.441	1.294	16	450596	0	no-beam-flash	10	0	0	0	0																		
mcp2k	18259	1	237292	0	18.141	6.294	20	1193896	0	nu-candidate	9	1	1	1	0	1.354	55.9	21	-68.08494	-69.37962	375.66483	1.5885208	-15.0	1.0	0.0	0.7	0.0	422.22662	130.00699	126.18392	3.8230696	3	153.82182
mcp2k	18259	1	237380	0	16.954	5.359	18	1229836	0	nu-candidate	11	1	2	1	0	1.743	19.3	2	-191.88594	-61.874447	258.7296	-1.2370307	-15.0	1.0	0.0	0.7	0.0	64.323975	0.0	0.0	0.0	0	0.0
mcp2k	18259	1	237446	0	16.957	5.725	18	1241072	0	nu-candidate	12	1	1	1	0	1.585	48.2	1	193.33685	-184.87622	190.94177	3.6732886	-15.0	1.0	0.0	0.7	0.0	353.5638	0.0	0.0	0.0	0	2.8515816
mcp2k	18259	1	237688	0	13.066	0.956	15	374960	0	no-beam-flash	13	0	0	0	0																		
mcp2k	18259	1	237710	0	18.187	6.103	20	1248764	0	nu-candidate	13	1	1	1	0	1.713	104.7	8	-9.702329	-112.143585	396.56137	2.2430055	-15.0	1.0	0.0	0.7	0.0	404.1225	4.422519	0.0	4.422519	3	9.821173
mcp2k	18259	1	237798	0	20.559	8.601	22	1183136	0	cosmic-tagged	7	1	2	1	0	1.567	245.6	8	-121.86107	38.4981	68.5092	4.4634156	-15.0	1.0	0.0	0.7	0.0	947.77734	8.564955	0.0	8.564955	2	5.423413
mcp2k	18259	1	237930	0	12.044	0.852	13	355156	0	no-beam-flash	8	0	0	0	0																		
mcp2k	18259	1	238018	0	13.038	0.915	15	345564	0	cosmic-tagged	6	1	1	0	0																		
mcp2k	18259	1	238062	0	14.463	2.007	16	465496	0	cosmic-tagged	11	1	1	0	0																		
mcp2k	18259	1	238106	0	11.995	0.838	13	353776	0	no-beam-flash	13	0	0	0	0																		
mcp2k	18259	1	238502	0	12.127	1.148	14	407980	0	no-bundle	12	0	1	0	0																		
mcp2k	18259	1	239118	0	16.885	5.010	18	1158816	0	nu-candidate	14	1	1	1	0	0.752	10.6	1	-137.42284	61.10405	20.101078	-2.7967474	-15.0	1.0	0.0	0.7	0.0	120.09424	0.0	0.0	0.0	0	0.2810747
mcp2k	18259	1	239162	0	13.243	0.907	15	351360	0	no-bundle	12	0	1	0	0																		
mcp2k	18259	1	239206	0	13.226	0.921	15	363436	0	no-beam-flash	11	0	0	0	0																		
mcp2k	18259	1	239404	0	18.193	7.133	20	1268112	0	nu-candidate	15	1	1	1	0	0.530	109.6	2	164.25336	67.29821	79.41819	1.2783272	-15.0	1.0	1.0	0.7	0.0	401.24933	0.6633879	0.0	0.6633879	1	1.0786903
mcp2k	18259	1	239712	0	14.591	1.313	16	453360	0	no-bundle	10	0	1	0	0																		
mcp2k	18259	1	239932	0	14.550	1.527	16	456176	0	cosmic-tagged	10	1	1	0	0																		
mcp2k	18259	1	240196	0	16.867	5.434	18	1219064	0	nu-candidate	11	1	1	1	0	1.331	32.5	0	-179.26408	46.83309	375.96048	2.1831367	-15.0	1.0	0.0	0.7	0.0	274.27997	0.0	0.0	0.0	0	0.0
mcp2k	18259	1	240306	0	14.461	1.382	16	474140	0	cosmic-tagged	14	1	1	0	0																		
mcp2k	18259	1	240372	0	20.391	7.557	22	1178116	0	nu-candidate	12	1	1	1	0	0.797	146.8	8	10.191014	111.52051	62.289135	1.1461046	-15.0	1.0	0.0	0.7	0.0	977.97015	0.21549663	0.0	0.21549663	1	3.6348488
mcp2k	18259	1	240504	0	13.312	1.069	15	407488	0	cosmic-tagged	14	1	1	0	0																		
mcp2k	18259	1	240636	0	21.609	10.048	23	1194944	0	nu-candidate	9	1	1	1	0	1.801	263.4	6	-21.95433	0.6990569	262.09995	3.8792338	-15.0	1.0	0.0	0.7	0.0	916.15784	0.5609416	0.0	0.5609416	1	9.824277
mcp2k	18259	1	240922	0	11.696	0.838	12	355272	0	nu-candidate	13	1	1	0	0																		
mcp2k	18259	1	240966	0	11.655	0.713	12	329392	0	cosmic-tagged	12	1	1	0	0																		
mcp2k	18259	1	240988	0	11.871	1.514	12	449572	0	cosmic-tagged	12	1	1	0	0																		
mcp2k	18259	1	241186	0	12.158	1.264	14	443112	0	cosmic-tagged	17	1	1	0	0																		
mcp2k	18259	1	241274	0	13.079	0.791	14	346180	0	nu-candidate	10	1	1	0	0																		
mcp2k	18259	1	241340	0	11.902	0.937	13	366952	0	no-beam-flash	12	0	0	0	0																		
mcp2k	18259	1	241626	0	15.688	6.256	17	1279916	0	nu-candidate	11	1	1	1	0	1.263	131.1	3	-175.93906	95.57214	33.807194	2.3762932	-15.0	1.0	0.0	0.7	0.0	461.36652	2.031753	0.0	2.031753	2	0.0
mcp2k	18259	1	242000	0	16.808	6.803	18	1283096	0	nu-candidate	11	1	1	1	0	1.456	167.9	2	56.75903	130.23509	86.56656	3.92238	-15.0	1.0	0.0	0.7	0.0	650.8934	0.0	0.0	0.0	0	1.1024154
mcp2k	18259	1	242022	0	16.825	7.814	18	1220924	0	nu-candidate	11	1	1	1	0	1.653	321.8	9	-116.99171	-15.914607	192.45908	3.7415936	-15.0	1.0	0.0	0.7	0.0	884.46313	3.854788	0.0	3.854788	3	7.2606425
mcp2k	18259	1	242264	0	11.846	0.853	13	351320	0	no-beam-flash	9	0	0	0	0																		
mcp2k	18259	1	242286	0	13.179	0.972	15	378028	0	no-bundle	11	0	1	0	0																		
mcp2k	18259	1	242484	0	15.866	5.761	17	1149276	0	nu-candidate	8	1	1	1	0	1.954	264.6	9	-169.2926	184.97603	208.17531	2.9206889	-15.0	1.0	0.0	0.7	0.0	744.3455	34.143272	28.61895	5.524324	5	6.591382
mcp2k	18259	1	242550	0	22.448	11.648	24	1219296	0	nu-candidate	10	1	1	1	0	0.740	346.9	5	-77.79663	115.21876	165.50517	3.985318	-15.0	1.0	0.0	0.7	0.0	1646.9662	129.50671	125.35553	4.1511784	4	0.0
mcp2k	18259	1	242726	0	19.844	7.735	22	1183568	0	nu-candidate	13	1	1	1	0	1.836	208.2	8	-50.29917	114.59928	169.37204	3.6178174	-15.0	1.0	0.0	0.7	0.0	1041.5078	0.0	0.0	0.0	0	6.807189
mcp2k	18259	1	242748	0	17.387	5.344	19	1145384	0	nu-candidate	10	1	1	1	0	1.493	56.0	2	78.373184	-113.305435	37.610195	1.3705493	-15.0	1.0	1.0	0.7	0.0	285.98325	0.0	0.0	0.0	0	0.0
mcp2k	18259	1	242770	0	17.637	6.164	19	1286840	0	nu-candidate	13	1	1	1	0	1.200	28.3	13	76.02336	-165.07048	375.68332	0.1660769	-15.0	1.0	0.0	0.7	0.0	461.93756	0.0	0.0	0.0	0	68.98203
mcp2k	18259	1	242814	0	17.512	7.003	19	1276444	0	nu-candidate	12	1	1	1	0	1.539	35.9	7	196.66757	-13.962995	436.9533	0.9834954	-7.2326646	1.0	0.0	0.7	0.0	509.9761	0.0	0.0	0.0	0	5.024494
mcp2k	18259	1	242858	0	12.183	1.151	14	340972	0	cosmic-tagged	8	1	1	0	0																		
mcp2k	18259	1	242968	0	13.887	0.907	15	350172	0	no-beam-flash	8	0	0	0	0																		
mcp2k	18259	1	243210	0	14.973	1.053	16	383420	0	no-beam-flash	10	0	0	0	0																		
mcp2k	18259	1	243408	0	11.469	0.991	13	376180	0	cosmic-tagged	15	1	1	0	0																		
mcp2k	18259	1	243628	0	18.773	7.693	20	1210996	0	nu-candidate	14	1	1	1	0	1.119	156.7	22	-101.27224	-66.0441	273.22992	0.7116605	-15.0	1.0	0.0	0.7	0.0	1263.2412	86.313576	80.54233	5.771246	7	14.6860485
mcp2k	18255	1	273559	0	13.719	0.915	15	352408	0	no-bundle	8	0	1	0	0																		
mcp2k	18255	1	273845	0	13.690	0.711	15	310324	0	cosmic-tagged	6	1	1	0	0																		
mcp2k	18255	1	274505	0	12.744	1.154	14	406428	0	no-beam-flash	10	0	0	0	0																		
mcp2k	18255	1	274681	0	13.389	0.852	15	359768	0	cosmic-tagged	12	1	1	0	0																		
mcp2k	18255	1	275011	0	16.026	5.794	18	1179448	0	nu-candidate	10	1	1	1	0	0.543	25.5	16	-191.06413	94.56231	101.39671	0.4746987	-4.1571097	1.0	0.0	0.7	0.0	381.4876	1.5547816	0.0	1.5547816	1	65.43649
mcp2k	18255	1	275187	0	14.415	2.961	16	506736	0	cosmic-tagged	14	1	1	0	0																		
mcp2k	18255	1	275231	0	24.323	14.750	26	1207848	0	nu-candidate	6	1	1	1	0	1.736	523.8	9	171.52734	105.39536	28.041662	6.46356	-15.0	1.0	0.0	0.7	0.0	1624.2675	35.504932	0.0	35.504932	4	6.6908135
mcp2k	18255	1	275385	0	19.464	5.866	21	1242544	0	nu-candidate	12	1	1	1	0	0.690	151.6	6	-156.0159	-100.8436	317.42422	3.273691	-15.0	1.0	0.0	0.7	0.0	490.47662	1.5957427	0.0	1.5957427	1	8.786974
mcp2k	18255	1	275429	0	12.066	0.978	14	377312	0	no-beam-flash	14	0	0	0	0																		
mcp2k	18255	1	275451	0	12.001	0.876	14	373720	0	cosmic-tagged	10	1	1	0	0																		
mcp2k	18255	1	275539	0	18.411	5.748	20	1197808	0	nu-candidate	9	1	1	1	0	1.619	84.7	10	-16.301714	-16.412714	455.32977	1.2621255	-15.0	1.0	0.0	0.7	0.0	417.41382	7.4588704	7.4588704	0.0	2	12.896766
mcp2k	18255	1	275671	0	15.902	1.175	17	406016	0	cosmic-tagged	14	1	1	0	0																		
mcp2k	18255	1	275825	0	17.051	1.067	18	400632	0	cosmic-tagged	15	1	1	0	0																		
mcp2k	18255	1	276309	0	16.998	1.108	18	407240	0	cosmic-tagged	15	1	1	0	0																		
mcp2k	18255	1	276331	0	14.862	1.035	16	374412	0	no-beam-flash	7	0	0	0	0																		
mcp2k	18255	1	276925	0	19.509	6.266	21	1137784	0	nu-candidate	7	1	1	1	0	1.785	75.7	19	-41.048615	177.80551	207.46837	3.5043306	-15.0	1.0	0.0	0.7	0.0	487.3303	14.484147	0.0	14.484147	5	17.323732
mcp2k	18255	1	277013	0	9.761	0.878	11	373980	0	no-beam-flash	12	0	0	0	0																		
mcp2k	18255	1	277123	0	19.452	5.906	21	1166576	0	nu-candidate	8	1	1	1	0	1.739	164.8	9	63.136993	24.715208	147.67535	2.7389963	-15.0	1.0	0.0	0.7	0.0	504.55743	14.18804	0.0	14.18804	7	3.2542517
mcp2k	18255	1	277189	0	13.375	1.290	15	377128	0	cosmic-tagged	8	1	1	0	0																		
mcp2k	18255	1	277277	0	8.576	0.705	10	328092	0	cosmic-tagged	7	1	2	0	0																		
mcp2k	18255	1	278487	0	10.835	1.406	11	407940	0	cosmic-tagged	11	1	1	0	0																		
mcp2k	18255	1	278509	0	18.191	6.018	19	1248264	0	nu-candidate	11	2	2	1	0	1.853	86.3	9	65.47749	-14.782638	2.1826313	-0.9284234	-15.0	1.0	1.0	0.6105276	0.0	385.52933	31.417944	31.417944	0.0	1	13.810281
mcp2k	18255	1	279213	0	16.725	4.972	17	1142940	0	nu-candidate	6	1	1	1	0	1.298	43.7	9	-126.83247	112.332306	471.87625	1.3403438	-15.0	1.0	0.0	0.7	0.0	236.8083	10.605096	0.0	10.605096	7	3.8414536
mcp2k	18255	1	279273	0	10.775	0.778	11	345812	0	cosmic-tagged	10	1	1	0	0																		
mcp2k	18255	1	279537	0	14.213	5.395	16	1143332	0	nu-candidate	10	1	1	1	0	1.787	67.2	3	19.662136	149.46999	355.4182	0.65912	-15.0	1.0	0.0	0.7	0.0	556.08234	0.0	0.0	0.0	0	3.6367357
mcp2k	18255	1	279713	0	11.910	1.027	13	374376	0	cosmic-tagged	11	1	1	0	0																		
mcp2k	18255	1	279823	0	11.783	0.640	13	318864	0	no-beam-flash	12	0	0	0	0																		
mcp2k	18255	1	279829	0	13.344	1.375	15	461260	0	cosmic-tagged	12	1	1	0	0																		
mcp2k	18255	1	279955	0	20.554	7.885	22	1250092	0	nu-candidate	11	1	1	1	0	1.158	215.3	3	-99.147285	130.3428	265.6102	3.026046	-15.0	1.0	0.0	0.7	0.0	616.722	5.057889	0.0	5.057889	2	1.4778227
mcp2k	18255	1	279977	0	16.920	5.527	19	1208592	0	nu-candidate	10	2	2	1	0	0.897	47.9	4	75.720894	-108.850266	456.70276	4.123805	-15.0	1.0	0.0	0.7	0.0	274.47083	3.432994	0.0	3.432994	3	1.2537384
mcp2k	18255	1	280043	0	13.305	1.086	15	401932	0	no-bundle	12	0	1	0	0																		
mcp2k	18255	1	280153	0	16.703	4.802	18	1124456	0	nu-candidate	7	1	1	1	0	1.763	38.9	0	-176.39944	63.32732	353.71753	0.22449446	-15.0	1.0	0.0	0.7	0.0	396.79324	0.0	0.0	0.0	0	0.0
mcp2k	18255	1	280159	0	28.480	15.738	30	1256372	0	nu-candidate	8	1	1	1	0	1.315	169.3	45	-176.95569	159.70636	355.82538	0.6839409	-15.0	1.0	0.0	0.7	0.0	2238.959	144.41382	140.569	3.8448167	3	285.8087
mcp2k	18255	1	280225	0	12.096	1.194	13	395600	0	cosmic-tagged	14	1	1	0	0																		
mcp2k	18255	1	280329	0	16.899	6.117	18	1167300	0	nu-candidate	9	1	2	1	0	1.643	94.9	10	166.38393	-186.69725	29.23184	1.5324377	-15.0	1.0	0.0	0.7	0.0	626.658	19.048529	0.0	19.048529	4	12.804121
mcp2k	18255	1	280351	0	16.811	5.158	18	1156652	0	nu-candidate	10	1	1	1	0	0.752	31.5	8	126.677475	-27.759375	481.40213	3.1306043	-15.0	1.0	0.0	0.7	0.0	326.28696	9.059099	0.0	9.059099	7	0.17608395
mcp2k	18255	1	280461	0	11.918	0.727	13	328740	0	cosmic-tagged	7	1	1	0	0																		
mcp2k	18255	1	280637	0	12.071	1.183	14	430332	0	no-bundle	15	0	1	0	0																		
mcp2k	18255	1	280709	0	16.161	5.320	18	1171808	0	nu-candidate	8	1	1	1	0	1.624	25.0	17	-191.53212	94.30883	187.3871	-0.76047784	-15.0	1.0	1.0	0.7	0.0	318.49567	6.3507857	0.0	6.3507857	4	38.630394
mcp2k	18255	1	280769	0	11.906	1.222	13	378508	0	cosmic-tagged	9	1	1	0	0																		
mcp2k	18255	1	280819	0	17.408	4.936	19	1180132	0	nu-candidate	11	1	1	1	0	1.868	2.4	5	-31.506035	-86.16586	30.220848	-2.2472527	-15.0	1.0	1.0	0.7	0.0	119.918434	6.92129	0.0	6.92129	3	6.0870433
mcp2k	18255	1	280857	0	12.560	1.140	14	377584	0	cosmic-tagged	8	1	1	0	0																		
mcp2k	18255	1	280885	0	12.484	0.592	14	311976	0	cosmic-tagged	4	1	1	0	0																		
mcp2k	18255	1	280923	0	15.154	1.980	17	463784	0	cosmic-tagged	17	1	1	0	0																		
mcp2k	18255	1	280929	0	15.069	0.853	16	362712	0	nu-candidate	11	1	1	0	0																		
mcp2k	18255	1	280945	0	13.880	5.593	15	1149320	0	nu-candidate	8	1	1	1	0	1.994	105.1	6	-38.15503	174.23474	276.27008	2.1293197	-15.0	1.0	1.0	0.7	0.0	381.63074	0.0	0.0	0.0	0	7.9209404
mcp2k	18255	1	280967	0	13.839	1.355	15	402812	0	cosmic-tagged	12	1	1	0	0																		
mcp2k	18255	1	280995	0	13.873	0.796	15	355032	0	no-bundle	11	0	1	0	0																		
mcp2k	18255	1	281165	0	15.036	7.676	17	1242308	0	no-bundle	9	0	1	1	0	0.861	138.4	20	-25.807812	-137.46039	385.89624	3.2324092	-15.0	1.0	0.0	0.7	0.0	962.3851	0.0	0.0	0.0	0	55.114407
mcp2k	18255	1	281215	0	14.991	0.711	16	326160	0	cosmic-tagged	13	1	1	0	0																		
mcp2k	18255	1	281253	0	15.161	1.648	17	436332	0	cosmic-tagged	13	1	1	0	0																		
mcp2k	18255	1	281325	0	17.494	5.623	19	1173536	0	nu-candidate	9	1	1	1	0	0.703	17.3	21	130.7263	149.59087	237.25432	-1.2706047	-9.566788	1.0	0.0	0.7	0.0	354.3687	68.23168	0.0	68.23168	5	27.604958
mcp2k	18255	1	281341	0	15.049	0.683	16	320700	0	cosmic-tagged	8	1	1	0	0																		
mcp2k	18255	1	281347	0	13.118	1.597	14	510792	0	cosmic-tagged	18	1	1	0	0																		
mcp2k	18255	1	281479	0	13.178	0.839	15	359352	0	nu-candidate	9	1	1	0	0																		
mcp2k	18255	1	281561	0	13.136	1.383	15	390420	0	cosmic-tagged	11	1	1	0	0																		
mcp2k	18255	1	281567	0	25.400	15.083	27	1254620	0	nu-candidate	8	1	1	1	0	1.550	43.8	77	-72.67861	-104.86258	85.59194	-0.34420323	-6.368517	1.0	0.0	0.7	0.0	1817.9952	32.05867	0.0	32.05867	4	435.11118
mcp2k	18255	1	281743	0	13.196	0.927	15	364988	0	no-beam-flash	10	0	0	0	0																		
mcp2k	18255	1	281781	0	19.374	8.472	21	1292120	0	nu-candidate	13	1	1	1	0	2.008	35.1	54	-102.23443	143.00163	223.91635	1.7799968	-15.0	1.0	0.0	0.7	0.0	989.8955	4.908086	0.0	4.908086	2	315.5779
mcp2k	18255	1	281853	0	12.032	1.098	13	389292	0	cosmic-tagged	13	1	1	0	0																		
mcp2k	18255	1	281875	0	11.989	1.264	13	389032	0	cosmic-tagged	8	1	1	0	0																		
mcp2k	18255	1	281985	0	18.075	6.362	20	1274636	0	nu-candidate	12	1	1	1	0	1.469	67.7	4	47.039692	76.87722	471.36047	2.3036935	-15.0	1.0	0.0	0.7	0.0	528.98663	0.20065898	0.0	0.20065898	1	3.3741035
mcp2k	18255	1	282067	0	16.761	5.205	18	1156604	0	nu-candidate	10	1	1	1	0	1.738	48.6	6	116.074585	-43.406765	141.8143	-0.14042838	-5.9337177	1.0	0.0	0.7	0.0	333.71436	4.690841	0.0	4.690841	3	0.0
mcp2k	18255	1	282155	0	13.248	1.429	15	466028	0	no-beam-flash	11	0	0	0	0																		
mcp2k	18255	1	282271	0	15.471	6.672	17	1147692	0	nu-candidate	8	1	1	1	0	1.552	79.0	44	42.072834	44.924637	57.27754	0.9689012	0.25617057	1.0	0.0	0.7	0.0	843.98566	123.13441	118.115685	5.01872	5	103.8547
mcp2k	18255	1	282469	0	13.139	0.960	15	386304	0	cosmic-tagged	13	1	1	0	0																		
mcp2k	18255	1	282491	0	14.364	5.668	16	1134136	0	nu-candidate	10	1	1	1	0	1.363	119.7	3	-143.96318	32.46574	161.84348	1.70154	-15.0	1.0	0.0	0.7	0.0	420.02795	0.7361716	0.0	0.7361716	1	5.8820343
mcp2k	18255	1	282529	0	11.896	1.094	13	411664	0	cosmic-tagged	9	2	2	0	0																		
mcp2k	18255	1	282689	0	11.949	1.108	13	398724	0	no-bundle	8	0	1	0	0																		
mcp2k	18255	1	282749	0	19.307	7.540	21	1175140	0	nu-candidate	11	1	1	1	0	2.021	104.4	7	107.46594	-69.027405	26.52114	1.8411086	-15.0	1.0	0.0	0.7	0.0	1034.2368	1.9450018	0.0	1.9450018	2	7.7542224
mcp2k	18255	1	282837	0	19.358	7.424	21	1215776	0	nu-candidate	15	1	1	1	0	1.348	139.0	10	-92.29398	-53.542824	156.80515	3.1428804	-15.0	1.0	0.0	0.7	0.0	701.1603	0.0	0.0	0.0	0	26.898506
mcp2k	18255	1	282909	0	20.528	9.728	22	1264308	0	nu-candidate	13	1	1	1	0	0.773	46.8	34	-177.4725	-186.78049	100.29515	-0.12983653	-3.3830626	1.0	0.0	0.7	0.0	1332.3347	0.0	0.0	0.0	0	38.336834
mcp2k	18255	1	283013	0	15.669	5.653	17	1193440	0	nu-candidate	12	1	1	1	0	1.382	113.8	2	-126.875786	-199.13023	81.3938	-1.2705939	-15.0	1.0	1.0	0.7	0.0	391.8888	2.9159222	0.0	2.9159222	2	0.0
mcp2k	18255	1	283035	0	15.838	5.586	17	1245000	0	nu-candidate	12	1	1	1	0	1.204	1.5	4	120.49331	-150.28607	443.4782	-1.210368	-15.0	1.0	0.0	0.7	0.0	107.933784	0.0	0.0	0.0	0	1.0705667
mcp2k	18255	1	283129	0	9.523	0.839	11	343036	0	no-beam-flash	9	0	0	0	0																		
mcp2k	18255	1	283150	0	12.106	1.525	14	489564	0	no-bundle	13	0	1	0	0																		
mcp2k	18255	1	283211	0	11.926	0.762	13	341260	0	nu-candidate	11	1	1	0	0																		
mcp2k	18255	1	283216	0	12.062	1.189	14	402048	0	nu-candidate	14	1	1	0	0																		
mcp2k	18255	1	283299	0	21.713	9.895	23	1259032	0	nu-candidate	11	1	1	1	0	1.541	275.2	25	-19.826529	20.829075	222.91946	3.7942803	-15.0	1.0	0.0	0.7	0.0	956.8781	28.891562	0.0	28.891562	1	37.832966
mcp2k	18255	1	283370	0	11.976	0.887	13	361372	0	no-bundle	7	0	1	0	0																		
mcp2k	18255	1	283525	0	16.788	5.020	18	1172200	0	nu-candidate	9	1	1	1	0	1.311	1.9	6	-158.33453	-63.29231	487.12	-0.88382673	-15.0	1.0	0.0	0.7	0.0	110.50194	1.0305268	0.0	1.0305268	1	3.3937795
mcp2k	18255	1	283568	0	19.313	8.042	21	1245364	0	nu-candidate	12	1	1	1	0	1.554	122.0	23	-141.41406	119.75656	224.85718	1.6081313	-15.0	1.0	0.0	0.7	0.0	1180.6201	6.029299	0.0	6.029299	2	54.095318
mcp2k	18255	1	283585	0	13.037	1.271	15	416396	0	cosmic-tagged	17	1	1	0	0																		
mcp2k	18255	1	283590	0	16.769	4.987	18	1137344	0	nu-candidate	9	1	1	1	0	1.518	10.4	9	-132.42111	-180.90291	250.16113	-0.94723314	-15.0	1.0	0.0	0.7	0.0	195.59427	1.7896914	0.0	1.7896914	1	3.5436368
mcp2k	18255	1	283591	0	19.254	7.146	21	1247420	0	nu-candidate	8	1	1	1	0	0.977	268.4	0	-79.58831	126.35656	26.284569	4.1091294	-15.0	1.0	0.0	0.7	0.0	836.13446	0.0	0.0	0.0	0	0.0
mcp2k	18255	1	283700	0	11.902	0.817	13	327116	0	cosmic-tagged	12	1	1	0	0																		
mcp2k	18255	1	283723	0	13.105	0.714	15	329508	0	no-beam-flash	8	0	0	0	0																		
mcp2k	18255	1	283761	0	13.096	0.716	15	327020	0	no-beam-flash	7	0	0	0	0																		
mcp2k	18255	1	283833	0	24.373	12.496	26	1392216	0	nu-candidate	10	1	1	1	0	0.459	433.2	17	-57.558502	-157.50159	1.4113601	-1.6423941	-15.0	1.0	1.0	0.18677904	0.0	1323.4283	83.673874	0.0	83.673874	6	15.313861
mcp2k	18255	1	283849	0	19.312	7.954	21	1190864	0	nu-candidate	7	1	1	1	0	1.351	128.2	2	46.627865	-17.86537	394.86444	4.021201	-15.0	1.0	0.0	0.7	0.0	675.33856	1.8533256	0.0	1.8533256	2	0.0
mcp2k	18255	1	283876	0	13.144	0.919	15	367088	0	nu-candidate	11	1	1	0	0																		
mcp2k	18255	1	284025	0	13.021	0.673	14	323708	0	nu-candidate	7	1	1	0	0																		
mcp2k	18255	1	284030	0	12.079	0.845	13	345740	0	nu-candidate	7	1	1	0	0																		
mcp2k	18255	1	284047	0	16.922	5.243	18	1169424	0	nu-candidate	8	1	1	1	0	1.335	19.6	0	140.9489	-67.85649	424.573	-3.2151456	-15.0	1.0	0.0	0.7	0.0	178.02754	0.0	0.0	0.0	0	0.0
mcp2k	18255	1	284096	0	13.270	1.217	15	402592	0	cosmic-tagged	12	1	1	0	0																		
mcp2k	18255	1	284206	0	18.119	7.204	20	1155976	0	nu-candidate	8	1	1	1	0	1.823	33.4	7	-166.09001	-102.73476	393.00964	1.0445935	-3.4378364	1.0	0.0	0.7	0.0	865.5707	4.390661	0.0	4.390661	3	0.0
mcp2k	18255	1	284294	0	13.191	0.859	15	365224	0	no-bundle	13	0	1	0	0																		
mcp2k	18255	1	284382	0	13.276	1.084	15	406712	0	no-beam-flash	12	0	0	0	0																		
mcp2k	18255	1	284866	0	19.426	8.681	21	1339444	0	nu-candidate	17	2	2	1	0	0.704	339.0	1	108.35005	4.1745796	181.12004	4.9867496	-15.0	1.0	0.0	0.7	0.0	1049.186	0.0	0.0	0.0	0	1.6305554
mcp2k	18255	1	284905	0	13.304	1.038	15	388636	0	nu-candidate	11	1	1	0	0																		
mcp2k	18255	1	284971	0	13.325	1.246	15	446612	0	cosmic-tagged	11	1	1	0	0																		
mcp2k	18255	1	285059	0	14.422	1.536	16	481044	0	cosmic-tagged	12	1	1	0	0																		
mcp2k	18255	1	285323	0	14.363	1.026	16	379640	0	cosmic-tagged	15	1	1	0	0																		
mcp2k	18255	1	285350	0	18.115	5.755	20	1187168	0	nu-candidate	16	1	2	1	0	1.728	80.1	4	120.93959	84.88369	318.59955	3.5476992	-15.0	1.0	0.0	0.7	0.0	464.3902	1.944523	0.0	1.944523	1	4.357772
mcp2k	18255	1	285372	0	14.303	1.026	16	343940	0	cosmic-tagged	7	1	1	0	0																		
mcp2k	18255	1	285416	0	14.454	1.023	16	387096	0	nu-candidate	10	1	1	0	0																		
mcp2k	18255	1	285438	0	14.599	1.271	16	432528	0	nu-candidate	13	1	1	0	0																		
mcp2k	18255	1	285460	0	13.268	1.049	15	399732	0	cosmic-tagged	15	1	1	0	0																		
mcp2k	18255	1	285521	0	14.574	1.964	16	612548	0	cosmic-tagged	19	1	1	0	0																		
mcp2k	18255	1	285680	0	16.945	5.942	18	1192788	0	nu-candidate	10	1	1	1	0	0.546	83.2	5	-21.280434	138.54167	78.49644	0.9562459	-15.0	1.0	0.0	0.7	0.0	991.65283	0.0	0.0	0.0	0	3.8465629
mcp2k	18255	1	285724	0	13.164	1.130	15	408624	0	cosmic-tagged	11	1	1	0	0																		
mcp2k	18255	1	285851	0	13.293	1.305	15	445600	0	no-beam-flash	14	0	0	0	0																		
mcp2k	18255	1	285878	0	13.275	1.110	15	429952	0	no-bundle	16	0	1	0	0																		
mcp2k	18255	1	285895	0	15.553	0.900	17	366080	0	cosmic-tagged	12	1	1	0	0																		
mcp2k	18255	1	285961	0	15.600	1.148	17	394044	0	cosmic-tagged	11	1	1	0	0																		
mcp2k	18255	1	286049	0	15.380	1.078	16	408576	0	nu-candidate	17	1	1	0	0																		
mcp2k	18255	1	286076	0	18.143	5.492	20	1243404	0	nu-candidate	9	1	1	1	0	0.644	2.7	15	-33.897415	-55.258736	14.461846	-2.3435447	-15.0	1.0	1.0	0.7	0.0	119.13849	7.8115134	0.0	7.8115134	7	10.691708
mcp2k	18255	1	286120	0	18.100	5.073	20	1180168	0	nu-candidate	14	1	1	1	0	0.568	1.6	1	106.5753	-48.211994	300.4663	-2.017287	-15.0	1.0	0.0	0.7	0.0	107.583885	0.0	0.0	0.0	0	0.0
mcp2k	18255	1	286225	0	14.413	1.276	16	453996	0	cosmic-tagged	15	1	1	0	0																		
mcp2k	18255	1	286269	0	13.297	0.833	15	353672	0	nu-candidate	11	1	1	0	0																		
mcp2k	18255	1	286296	0	16.929	5.317	18	1160904	0	cosmic-tagged	13	1	1	1	0	1.413	15.8	21	-201.17668	-90.9686	41.332794	-1.1645619	-15.0	1.0	1.0	0.7	0.0	379.30444	6.535699	0.0	6.535699	7	30.88707
mcp2k	18255	1	286450	0	14.266	0.670	16	317828	0	nu-candidate	9	1	1	0	0																		
mcp2k	18255	1	286489	0	16.796	5.488	18	1180732	0	nu-candidate	11	1	1	1	0	0.931	47.9	4	-173.81004	-186.08908	135.39055	3.0902421	-15.0	1.0	0.0	0.7	0.0	553.8281	0.5455715	0.0	0.5455715	1	4.0897107
mcp2k	18255	1	286555	0	13.074	0.771	14	342768	0	no-beam-flash	9	0	0	0	0																		
mcp2k	18255	1	286582	0	14.471	2.490	16	435144	0	cosmic-tagged	8	1	1	0	0																		
mcp2k	18255	1	286621	0	13.115	0.855	15	346608	0	cosmic-tagged	7	1	1	0	0																		
mcp2k	18255	1	286670	0	12.956	0.996	13	398504	0	cosmic-tagged	13	1	1	0	0																		
mcp2k	18255	1	286802	0	13.353	1.583	15	501144	0	no-beam-flash	15	0	0	0	0																		
mcp2k	18255	1	287090	0	12.048	1.251	13	433508	0	no-beam-flash	11	0	0	0	0																		
mcp2k	18255	1	287110	0	13.302	1.249	15	418976	0	nu-candidate	12	1	1	0	0																		
mcp2k	18255	1	287132	0	15.629	3.236	17	728628	0	cosmic-tagged	11	1	1	1	0	0.549	0.9	0	0.0	0.0	0.0	-1.9416895	-15.0	1.0	0.0	0.7	0.0	0.0	0.0	0.0	0.0	0	0.0
mcp2k	18255	1	287244	0	13.276	1.499	15	405476	0	no-bundle	9	0	1	0	0																		
mcp2k	18255	1	287332	0	15.602	5.087	17	1153804	0	cosmic-tagged	10	1	1	1	0	1.916	67.5	5	59.541504	166.05278	0.029604862	-2.210783	-15.0	1.0	1.0	0.64800686	0.0	284.33954	15.821392	0.0	15.821392	5	0.0
mcp2k	18255	1	287374	0	15.616	5.689	17	1185880	0	nu-candidate	13	2	2	1	0	1.448	121.1	6	-191.54695	-126.212524	421.9732	2.5074873	-15.0	1.0	1.0	0.7	0.0	421.3764	6.9679365	0.0	6.9679365	2	1.7860272
mcp2k	18255	1	287464	0	15.624	5.080	17	1138988	0	nu-candidate	6	1	1	1	0	1.308	48.3	19	120.90788	183.17772	237.58423	2.1446078	-15.0	1.0	1.0	0.7	0.0	444.90234	72.38671	0.0	72.38671	15	191.23636
mcp2k	18255	1	287550	0	13.239	1.019	15	396808	0	cosmic-tagged	13	1	1	0	0																		
mcp2k	18255	1	287596	0	13.142	0.836	15	351232	0	no-bundle	12	0	1	0	0																		
mcp2k	18255	1	287638	0	17.986	6.691	20	1230652	0	nu-candidate	11	2	2	1	0	1.092	16.8	10	-105.99613	-116.976944	416.02206	2.1409829	-15.0	1.0	0.0	0.7	0.0	405.89026	0.0	0.0	0.0	0	0.0
mcp2k	18255	1	287662	0	15.596	5.577	17	1203144	0	nu-candidate	14	1	1	1	0	1.159	52.1	12	-75.30049	126.7542	195.20863	0.025031328	-15.0	1.0	0.0	0.7	0.0	463.47098	21.799501	0.0	21.799501	9	9.156605
mcp2k	18255	1	287682	0	14.155	0.760	16	335900	0	no-beam-flash	15	0	0	0	0																		
mcp2k	18255	1	287770	0	19.237	6.576	21	1238028	0	nu-candidate	14	1	1	1	0	0.929	158.7	3	23.930069	89.44685	177.47552	4.528217	-15.0	1.0	0.0	0.7	0.0	716.28094	0.0	0.0	0.0	0	3.9602466
mcp2k	18255	1	287794	0	20.497	8.584	22	1265200	0	nu-candidate	13	1	1	1	0	0.632	139.3	4	-161.1423	-179.38824	393.89746	3.9051516	-14.118899	1.0	0.0	0.7	0.0	969.46735	0.0	0.0	0.0	0	4.679286
mcp2k	18255	1	287926	0	20.398	8.043	22	1202372	0	nu-candidate	13	1	1	1	0	0.550	375.9	11	-149.3202	-139.19878	187.14487	4.856323	-15.0	1.0	0.0	0.7	0.0	1110.8658	7.2535133	0.0	7.2535133	4	13.978199
mcp2k	18255	1	287970	0	14.553	1.504	16	489948	0	no-beam-flash	15	0	0	0	0																		
mcp2k	18255	1	288012	0	15.669	5.837	17	1153276	0	nu-candidate	6	1	1	1	0	0.626	154.9	10	-159.8978	36.89786	111.517784	4.7211766	-15.0	1.0	0.0	0.7	0.0	766.59247	1.924683	0.0	1.924683	2	106.72015
mcp2k	18255	1	288056	0	13.120	1.270	15	423408	0	cosmic-tagged	11	1	1	0	0																		
mcp2k	18255	1	288080	0	13.110	0.796	15	342272	0	no-bundle	7	0	1	0	0																		
mcp2k	18255	1	288124	0	11.939	0.812	13	347076	0	cosmic-tagged	11	1	1	0	0																		
mcp2k	18255	1	288278	0	13.097	1.030	15	367372	0	cosmic-tagged	11	1	1	0	0																		
mcp2k	18255	1	288716	0	11.970	1.254	13	422700	0	cosmic-tagged	11	1	1	0	0																		
mcp2k	18255	1	288914	0	11.956	1.177	13	401368	0	cosmic-tagged	16	1	1	0	0																		
mcp2k	18255	1	289158	0	13.151	0.713	15	328372	0	nu-candidate	9	2	2	0	0																		
mcp2k	18255	1	289202	0	14.643	2.270	16	540448	0	cosmic-tagged	16	1	1	0	0																		
mcp2k	18255	1	289246	0	18.030	7.229	20	1248684	0	nu-candidate	11	1	1	1	0	0.843	110.0	27	-134.09213	22.424423	443.168	4.1406283	-15.0	1.0	0.0	0.7	0.0	820.78015	0.7864917	0.0	0.7864917	1	9.123835
mcp2k	18255	1	289290	0	13.184	1.095	15	381840	0	cosmic-tagged	14	1	1	0	0																		
mcp2k	18255	1	289312	0	13.246	0.948	15	377260	0	no-beam-flash	12	0	0	0	0																		
mcp2k	18255	1	289376	0	13.237	0.920	15	365928	0	no-bundle	10	0	1	0	0																		
mcp2k	18255	1	289464	0	19.299	9.095	21	1198304	0	nu-candidate	11	1	1	1	0	1.349	293.7	6	72.16083	-145.24918	139.66246	4.3388195	-15.0	1.0	0.0	0.7	0.0	1219.4364	0.0	0.0	0.0	0	7.452617
mcp2k	18255	1	289508	0	19.331	7.854	21	1216780	0	nu-candidate	13	1	1	1	0	1.433	97.0	13	-141.91821	13.176988	482.9088	1.9580917	-7.671469	1.0	0.0	0.7	0.0	872.9002	4.6967177	0.0	4.6967177	3	8.633946
mcp2k	18255	1	289596	0	14.470	0.995	16	381688	0	no-bundle	12	0	1	0	0																		
mcp2k	18255	1	289818	0	14.488	1.164	16	417916	0	cosmic-tagged	19	1	1	0	0																		
mcp2k	18255	1	289840	0	13.312	1.274	15	448968	0	cosmic-tagged	13	1	1	0	0																		
mcp2k	18255	1	289862	0	16.732	5.085	18	1154816	0	nu-candidate	11	1	1	1	0	1.942	16.4	1	-195.66428	-63.281624	11.895005	-1.9289896	-15.0	1.0	0.0	0.7	0.0	188.20517	0.0	0.0	0.0	0	0.0
mcp2k	18255	1	290168	0	13.269	1.103	15	425336	0	no-beam-flash	12	0	0	0	0																		
mcp2k	18255	1	290192	0	12.051	0.831	13	363196	0	no-bundle	10	0	1	0	0																		
mcp2k	18255	1	290476	0	13.213	1.653	15	479316	0	cosmic-tagged	14	1	1	0	0																		
mcp2k	18255	1	290542	0	18.033	6.137	20	1230900	0	nu-candidate	12	1	1	1	0	1.428	166.3	2	-50.089493	58.879078	366.2279	2.980269	-15.0	1.0	0.0	0.7	0.0	895.032	0.0	0.0	0.0	0	131.41023
mcp2k	18255	1	290566	0	12.087	1.015	14	371812	0	cosmic-tagged	9	1	1	0	0																		
mcp2k	18255	1	290588	0	17.984	7.018	20	1196740	0	nu-candidate	9	1	1	1	0	0.831	70.0	21	-47.18708	138.80058	199.14555	3.0036736	-15.0	1.0	0.0	0.7	0.0	613.69977	10.618134	0.0	10.618134	6	45.418087
mcp2k	18255	1	290654	0	18.182	7.374	20	1319572	0	nu-candidate	20	1	1	1	0	0.785	165.8	9	-73.548096	123.35114	367.4732	2.0720513	-15.0	1.0	0.0	0.7	0.0	777.5062	396.7774	0.0	396.7774	1	142.49463
mcp2k	18255	1	290676	0	14.406	1.485	16	475768	0	cosmic-tagged	12	1	1	0	0																		
mcp2k	18255	1	290718	0	18.248	8.555	20	1292148	0	nu-candidate	11	1	1	1	0	0.625	476.9	2	-23.659105	141.73857	32.740475	4.7814665	-15.0	1.0	0.0	0.7	0.0	1249.9557	0.0	0.0	0.0	0	5.554656
mcp2k	18255	1	290740	0	13.245	1.720	15	511740	0	cosmic-tagged	12	1	1	0	0																		
mcp2k	18255	1	290742	0	13.063	0.892	15	360204	0	cosmic-tagged	13	1	1	0	0																		
mcp2k	18255	1	290762	0	13.039	1.027	15	397464	0	nu-candidate	11	1	1	0	0																		
mcp2k	18255	1	290786	0	12.998	0.797	14	339716	0	no-beam-flash	10	0	0	0	0																		
mcp2k	18255	1	290874	0	12.002	1.462	14	416472	0	cosmic-tagged	13	1	1	0	0																		
mcp2k	18255	1	290938	0	13.328	1.818	15	503892	0	cosmic-tagged	15	1	1	0	0																		
mcp2k	18255	1	291006	0	11.828	0.752	13	335396	0	no-bundle	11	0	1	0	0																		
mcp2k	18255	1	291072	0	21.988	9.354	24	1356056	0	nu-candidate	19	1	1	1	0	1.543	47.3	26	153.0384	118.00436	405.05865	-0.18479866	12.760909	1.0	0.0	0.7	0.0	783.395	0.0	0.0	0.0	0	6.9608564
mcp2k	18255	1	291248	0	11.900	1.022	13	387496	0	nu-candidate	13	1	1	0	0																		
mcp2k	18255	1	291754	0	11.890	0.907	13	358272	0	nu-candidate	11	1	1	0	0																		
mcp2k	18255	1	291820	0	12.031	1.160	13	411804	0	no-beam-flash	11	0	0	0	0																		
mcp2k	18255	1	292370	0	16.965	6.541	18	1192296	0	nu-candidate	14	1	1	1	0	1.756	149.4	2	169.14673	-55.906116	123.06117	3.8292434	-15.0	1.0	0.0	0.7	0.0	587.778	0.0	0.0	0.0	0	0.45397285
mcp2k	18255	1	292436	0	15.785	7.696	17	1215200	0	nu-candidate	11	1	1	1	0	1.499	231.3	11	75.341255	-8.251411	497.8515	1.2748271	-15.0	1.0	0.0	0.7	0.0	833.3709	204.11444	108.057106	96.05734	4	0.35523015
mcp2k	18255	1	292524	0	21.654	12.670	23	1282888	0	nu-candidate	11	1	1	1	0	1.950	176.5	20	174.67958	84.64505	155.12444	3.3331041	-15.0	1.0	0.0	0.7	0.0	1123.8328	0.0	0.0	0.0	0	5.7200136
mcp2k	18255	1	292568	0	20.418	10.318	22	1166036	0	nu-candidate	9	1	1	1	0	1.611	263.3	18	35.105145	-96.48057	285.8507	2.7274735	-15.0	1.0	0.0	0.7	0.0	968.6177	165.93681	152.50653	13.430286	15	15.416354
mcp2k	18255	1	292612	0	12.026	1.123	13	412352	0	no-bundle	9	0	1	0	0																		
mcp2k	18255	1	292722	0	17.917	7.008	20	1205424	0	nu-candidate	10	1	1	1	0	0.944	102.2	6	8.236845	62.781113	51.781933	3.4259064	-15.0	1.0	0.0	0.7	0.0	566.7776	2.0688384	0.0	2.0688384	1	13.305008
mcp2k	18255	1	292788	0	17.854	6.963	19	1139720	0	nu-candidate	9	1	1	1	0	0.569	141.9	5	152.91866	92.999084	127.39407	3.7827017	-15.0	1.0	0.0	0.7	0.0	745.4775	2.3069086	0.0	2.3069086	2	3.4510899
mcp2k	18255	1	292810	0	17.964	6.356	20	1183820	0	nu-candidate	13	1	1	1	0	0.781	44.4	10	-13.742514	-125.240906	176.97568	0.562769	-15.0	1.0	1.0	0.7	0.0	447.1364	158.10701	158.10701	0.0	3	12.357699
mcp2k	18255	1	293470	0	16.737	6.196	18	1201064	0	nu-candidate	12	1	1	1	0	1.817	158.6	10	-67.18599	-170.81277	115.64732	2.9306767	-15.0	1.0	1.0	0.7	0.0	527.6753	0.691226	0.0	0.691226	1	32.33124
mcp2k	18255	1	293492	0	11.928	1.083	13	391360	0	cosmic-tagged	12	1	1	0	0																		
mcp2k	18255	1	293536	0	18.031	6.518	20	1237972	0	nu-candidate	15	1	1	1	0	1.553	32.7	8	-8.1095915	162.92294	93.89802	0.16800658	-9.0112295	1.0	0.0	0.7	0.0	293.80573	0.0	0.0	0.0	0	6.775945
mcp2k	18255	1	293734	0	16.739	5.900	18	1152820	0	nu-candidate	8	1	1	1	0	1.410	60.2	1	-150.34888	-194.50557	474.5306	3.47158	-15.0	1.0	0.0	0.7	0.0	601.76294	0.5967899	0.0	0.5967899	1	0.0
mcp2k	18255	1	294064	0	10.825	1.118	12	358792	0	cosmic-tagged	11	1	1	0	0																		
mcp2k	18255	1	294174	0	29.179	16.212	31	1279800	0	nu-candidate	11	1	1	1	0	0.876	25.5	0	122.86693	-15.349411	159.40004	3.9288313	-9.19296	1.0	0.0	0.7	0.0	1316.4213	244.61806	0.0	244.61806	6	19.285496
mcp2k	18255	1	294284	0	9.544	0.769	11	324624	0	no-beam-flash	7	0	0	0	0																		
mcp2k	18255	1	294438	0	11.765	0.777	13	338532	0	cosmic-tagged	10	1	1	0	0																		
mcp2k	18255	1	294922	0	18.000	4.846	20	1143468	0	nu-candidate	6	1	1	1	0	0.791	5.1	29	-135.36813	-40.90692	430.37357	0.093335815	-15.0	1.0	0.0	0.7	0.0	46.70539	17.629803	0.0	17.629803	15	15.966591
mcp2k	18255	1	315955	0	18.153	5.514	20	1194256	0	nu-candidate	12	1	1	1	0	0.686	76.8	4	-146.08824	149.6494	321.8186	0.8693085	-15.0	1.0	0.0	0.7	0.0	544.8991	1.3396078	0.0	1.3396078	1	1.6226846
mcp2k	18255	1	316021	0	18.000	7.382	20	1196320	0	nu-candidate	11	1	1	1	0	0.658	124.4	2	-61.937122	-41.55727	4.407627	2.1794977	-15.0	1.0	0.0	0.7	0.0	822.93677	0.0	0.0	0.0	0	1.3946519
mcp2k	18255	1	316043	0	12.110	1.627	14	432220	0	cosmic-tagged	11	1	1	0	0																		
mcp2k	18255	1	316065	0	15.618	5.547	17	1128016	0	nu-candidate	8	1	1	1	0	0.814	76.0	4	18.999584	-69.31547	2.3381922	-2.5035224	-15.0	1.0	1.0	0.32179937	0.0	482.34354	1.1962024	0.0	1.1962024	1	0.0
mcp2k	18255	1	316197	0	15.707	5.130	17	1175044	0	nu-candidate	14	1	1	1	0	0.997	35.0	2	-30.943142	195.4213	470.58047	0.5582077	-15.0	1.0	1.0	0.7	0.0	216.29831	1.5148835	0.0	1.5148835	1	0.07038261
mcp2k	18255	1	316261	0	13.299	1.238	15	419624	0	cosmic-tagged	12	1	1	0	0																		
mcp2k	18255	1	316329	0	13.358	2.117	15	443176	0	cosmic-tagged	11	1	1	0	0																		
mcp2k	18255	1	316571	0	14.402	1.044	16	379540	0	cosmic-tagged	10	1	1	0	0																		
mcp2k	18255	1	316615	0	15.647	1.594	17	385012	0	cosmic-tagged	11	1	1	0	0																		
mcp2k	18255	1	316769	0	4.514	0.738	6	361236	0	nu-candidate	15	1	1	0	0																		
mcp2k	18255	1	316811	0	18.063	5.908	20	1144216	0	nu-candidate	8	1	1	1	0	2.010	80.8	16	-90.99073	-25.854452	199.83937	2.3958638	-15.0	1.0	0.0	0.7	0.0	507.22537	2.8643003	0.0	2.8643003	3	10.862503
mcp2k	18255	1	316879	0	10.734	1.102	12	408800	0	cosmic-tagged	11	1	1	0	0																		
mcp2k	18255	1	316987	0	20.619	8.196	22	1200040	0	nu-candidate	7	1	1	1	0	1.385	153.2	7	-91.36721	165.75012	180.89218	3.5993164	-15.0	1.0	0.0	0.7	0.0	1033.9639	3.8105676	0.0	3.8105676	2	3.3610673
mcp2k	18255	1	317009	0	12.704	0.953	15	364028	0	no-beam-flash	12	0	0	0	0																		
mcp2k	18255	1	317077	0	15.604	5.214	17	1170380	0	nu-candidate	10	1	1	1	0	0.919	16.0	12	-91.326004	-69.63599	444.93893	-1.5990849	-3.9258814	1.0	0.0	0.7	0.0	111.68065	70.30698	0.0	70.30698	2	0.0
mcp2k	18255	1	317297	0	13.162	1.175	15	415204	0	cosmic-tagged	14	1	1	0	0																		
mcp2k	18255	1	317341	0	14.610	4.403	16	858340	0	cosmic-tagged	15	1	1	1	0	0.593	1.2	0	0.0	0.0	0.0	-1.9416895	-15.0	1.0	0.0	0.7	0.0	0.0	0.0	0.0	0.0	0	0.0
mcp2k	18255	1	317407	0	20.456	9.125	22	1216648	0	nu-candidate	13	1	1	1	0	1.951	365.1	10	184.0773	-187.63725	68.3646	4.100402	-15.0	1.0	0.0	0.7	0.0	1321.7649	4.784271	0.0	4.784271	3	7.674169
mcp2k	18255	1	317427	0	13.290	1.903	15	499956	0	cosmic-tagged	16	1	1	0	0																		
mcp2k	18255	1	317515	0	13.158	1.389	15	451640	0	cosmic-tagged	12	1	1	0	0																		
mcp2k	18255	1	317539	0	18.100	6.468	20	1234480	0	nu-candidate	11	1	1	1	0	1.159	172.0	11	-10.051322	-173.21553	289.61288	2.2093525	-15.0	1.0	0.0	0.7	0.0	642.6791	1.1375726	0.0	1.1375726	1	117.93474
mcp2k	18255	1	317559	0	12.119	1.231	14	435092	0	no-beam-flash	12	0	0	0	0																		
mcp2k	18255	1	317693	0	13.012	0.849	14	346096	0	cosmic-tagged	8	1	1	0	0																		
mcp2k	18255	1	317911	0	15.817	5.987	17	1232688	0	nu-candidate	17	1	1	1	0	1.317	66.8	0	171.8491	134.87604	0.28117618	-1.0198442	-15.0	1.0	1.0	0.69530076	0.0	428.91406	0.0	0.0	0.0	0	0.0
mcp2k	18255	1	317957	0	16.703	5.408	18	1164672	0	nu-candidate	7	1	1	1	0	1.258	61.9	1	130.63037	173.53719	414.38367	-0.38882828	-15.0	1.0	1.0	0.7	0.0	276.7708	0.0	0.0	0.0	0	1.1120514
mcp2k	18255	1	317977	0	12.023	0.748	13	331932	0	nu-candidate	11	1	1	0	0																		
mcp2k	18255	1	318021	0	16.832	5.394	18	1189432	0	nu-candidate	13	1	1	1	0	0.926	24.0	3	-63.97951	-187.70503	96.90903	-1.0840781	-15.0	1.0	0.0	0.7	0.0	325.42252	0.0	0.0	0.0	0	4.0051446
mcp2k	18255	1	318197	0	15.667	5.125	17	1183060	0	nu-candidate	11	1	1	1	0	1.783	2.8	13	-48.865246	174.98114	36.920918	-2.3987112	-15.0	1.0	0.0	0.7	0.0	121.46153	6.12095	0.0	6.12095	3	15.108435
mcp2k	18255	1	318549	0	15.658	4.948	17	1145604	0	nu-candidate	13	1	1	1	0	1.336	9.3	1	-61.62278	172.26314	359.61487	-1.8840135	-15.0	1.0	0.0	0.7	0.0	106.660835	0.0	0.0	0.0	0	1.0816183
mcp2k	18255	1	318593	0	11.921	0.580	13	311236	0	cosmic-tagged	5	1	1	0	0																		
mcp2k	18255	1	318703	0	23.010	12.380	25	1258616	0	nu-candidate	9	1	1	1	0	1.762	302.3	28	-50.089176	-33.10127	252.36504	5.087309	-7.0577893	1.0	0.0	0.7	0.0	1018.42084	17.162191	0.0	17.162191	11	15.5540905
mcp2k	18255	1	318749	0	14.385	3.424	16	718160	0	cosmic-tagged	7	1	1	1	0	1.123	1.0	0	0.0	0.0	0.0	-1.9416895	-15.0	1.0	0.0	0.7	0.0	0.0	0.0	0.0	0.0	0	0.0
mcp2k	18255	1	318769	0	19.439	8.541	21	1297520	0	nu-candidate	17	1	1	1	0	1.651	54.2	60	194.96191	-13.604829	248.80609	0.2331879	-15.0	1.0	0.0	0.7	0.0	684.5893	412.57816	0.0	412.57816	9	236.72556
mcp2k	18255	1	318857	0	14.526	4.685	16	1118564	0	nu-candidate	12	1	1	1	0	1.599	12.9	5	92.671906	-113.78926	371.51062	-1.8011754	-15.0	1.0	0.0	0.7	0.0	151.25508	1.423539	0.0	1.423539	1	0.8429664
mcp2k	18255	1	319013	0	13.172	0.830	15	345428	0	cosmic-tagged	8	1	1	0	0																		
mcp2k	18255	1	319057	0	15.649	4.043	17	758668	0	cosmic-tagged	13	1	1	1	0	1.541	1.5	0	0.0	0.0	0.0	-1.9416895	-15.0	1.0	0.0	0.7	0.0	0.0	0.0	0.0	0.0	0	0.0
mcp2k	18255	1	319099	0	12.127	1.246	14	387164	0	cosmic-tagged	11	1	1	0	0																		
mcp2k	18255	1	319275	0	16.953	7.001	19	1211420	0	cosmic-tagged	10	1	1	1	0	1.607	155.9	3	121.85647	199.4091	93.09651	-3.1547704	-15.0	1.0	1.0	0.7	0.0	540.424	3.850473	0.0	3.850473	1	2.3597414
mcp2k	18255	1	319321	0	15.552	3.185	17	735856	0	cosmic-tagged	12	1	1	1	0	0.699	2.9	0	0.0	0.0	0.0	-1.9416895	-15.0	1.0	0.0	0.7	0.0	0.0	0.0	0.0	0.0	0	0.0
mcp2k	18255	1	319363	0	13.232	0.958	15	369156	0	cosmic-tagged	10	1	1	0	0																		
mcp2k	18255	1	319453	0	13.203	1.169	15	423392	0	no-bundle	14	0	1	0	0																		
mcp2k	18255	1	319473	0	11.993	1.035	13	401836	0	no-bundle	11	0	1	0	0																		
mcp2k	18255	1	319475	0	16.894	5.896	18	1191320	0	nu-candidate	13	1	2	1	0	0.870	68.6	23	132.113	164.259	282.61783	-0.21893616	-15.0	1.0	0.0	0.7	0.0	836.0544	82.0203	0.0	82.0203	1	35.819633
mcp2k	18255	1	319871	0	18.113	6.736	20	1278920	0	nu-candidate	20	1	1	1	0	1.718	83.4	8	-141.66821	174.37411	122.77064	2.214045	-15.0	1.0	0.0	0.7	0.0	536.2942	3.0418859	0.0	3.0418859	1	18.342552
mcp2k	18255	1	319913	0	16.794	5.131	18	1139800	0	nu-candidate	6	1	1	1	0	0.745	64.4	9	-35.62982	-87.690834	331.04062	0.5278622	-15.0	1.0	0.0	0.7	0.0	364.48837	8.204365	0.0	8.204365	8	2.9543319
mcp2k	18255	1	320023	0	13.213	1.459	15	475848	0	cosmic-tagged	15	1	1	0	0																		
mcp2k	18255	1	320091	0	15.690	4.999	17	1203836	0	nu-candidate	13	1	1	1	0	1.163	6.2	2	196.01852	101.45723	495.10678	-0.20799382	-15.0	1.0	0.0	0.7	0.0	139.98949	0.0	0.0	0.0	0	1.0846844
mcp2k	18255	1	320289	0	15.673	5.746	17	1222440	0	nu-candidate	14	1	1	1	0	1.951	53.1	16	-85.352036	-193.29417	258.7703	1.2617797	-15.0	1.0	0.0	0.7	0.0	514.7649	8.1551075	0.0	8.1551075	5	9.708001
mcp2k	18255	1	320485	0	15.622	6.153	17	1176900	0	nu-candidate	16	1	1	1	0	1.965	128.2	9	102.43287	-106.16344	42.17823	3.2150335	-15.0	1.0	0.0	0.7	0.0	740.91724	5.3483396	0.0	5.3483396	4	5.0565414
mcp2k	18255	1	320575	0	14.261	4.773	16	1108904	0	nu-candidate	5	1	1	1	0	1.436	9.0	10	151.93448	121.450516	45.506706	-1.7987913	-15.0	1.0	0.0	0.7	0.0	177.48457	7.2093577	0.0	7.2093577	5	10.605245
mcp2k	18255	1	320619	0	11.954	0.736	13	320180	0	nu-candidate	6	1	1	0	0																		
mcp2k	18255	1	320639	0	13.309	1.347	15	452228	0	no-beam-flash	15	0	0	0	0																		
mcp2k	18255	1	320663	0	13.270	1.223	15	420508	0	no-beam-flash	14	0	0	0	0																		
mcp2k	18255	1	320729	0	13.050	0.822	14	343224	0	nu-candidate	7	1	1	0	0																		
mcp2k	18255	1	320773	0	13.177	1.013	15	347568	0	cosmic-tagged	8	1	1	0	0																		
mcp2k	18255	1	320925	0	18.104	5.214	20	1162480	0	nu-candidate	13	2	2	1	0	1.848	2.0	4	20.027836	46.118885	360.22897	-2.3590086	-15.0	1.0	1.0	0.7	0.0	115.635155	0.0	0.0	0.0	0	7.293909
mcp2k	18255	1	320927	0	13.191	0.926	15	376560	0	cosmic-tagged	11	1	1	0	0																		
mcp2k	18255	1	321015	0	21.780	9.328	23	1206100	0	nu-candidate	9	1	1	1	0	1.846	146.5	19	143.3048	53.23367	384.13327	2.3960896	-15.0	1.0	0.0	0.7	0.0	886.4752	47.089104	46.859756	0.22934632	2	11.921805
mcp2k	18255	1	321035	0	10.962	1.230	12	437616	0	no-beam-flash	15	0	0	0	0																		
mcp2k	18255	1	321057	0	11.976	0.789	13	328384	0	no-beam-flash	8	0	0	0	0																		
mcp2k	18255	1	321101	0	10.997	1.122	12	420200	0	no-beam-flash	17	0	0	0	0																		
mcp2k	18255	1	321169	0	16.906	6.342	18	1202760	0	nu-candidate	11	1	1	1	0	0.817	32.1	20	-85.45615	128.64142	227.60895	-0.220286	-5.7059884	1.0	0.0	0.7	0.0	429.80148	1.1193279	0.0	1.1193279	1	25.242882
mcp2k	18255	1	321235	0	19.337	10.628	21	1253088	0	nu-candidate	10	1	1	1	0	1.515	232.4	2	61.13452	33.697155	0.027977174	-3.661974	-15.0	1.0	1.0	-0.46526816	0.0	464.09344	764.97327	762.9238	2.0493958	6	0.0
mcp2k	18255	1	321299	0	12.004	1.140	14	401512	0	no-beam-flash	9	0	0	0	0																		
mcp2k	18255	1	321343	0	14.446	1.030	16	396792	0	nu-candidate	11	1	1	0	0																		
mcp2k	18255	1	321367	0	16.699	6.443	18	1169708	0	nu-candidate	6	1	1	1	0	1.902	54.3	22	15.147577	69.03754	457.45953	3.174868	-15.0	1.0	0.0	0.7	0.0	875.0077	10.412746	0.0	10.412746	4	5.55611
mcp2k	18255	1	321519	0	14.372	0.783	16	334060	0	no-bundle	6	0	1	0	0																		
mcp2k	18255	1	321629	0	19.075	7.491	21	1140216	0	nu-candidate	6	1	1	1	0	0.925	180.4	20	-130.05627	52.42744	210.28842	4.2960315	-15.0	1.0	0.0	0.7	0.0	819.1699	15.059299	0.0	15.059299	9	9.999513
mcp2k	18255	1	321673	0	13.033	0.858	14	352340	0	cosmic-tagged	9	1	1	0	0																		
mcp2k	18255	1	321741	0	17.954	6.204	20	1203516	0	nu-candidate	13	1	1	1	0	1.947	132.4	3	44.28656	-155.70233	7.132783	-1.0684582	-15.0	1.0	0.0	0.7	0.0	324.74176	418.27847	0.0	418.27847	2	204.39635
mcp2k	18255	1	321849	0	22.984	8.667	24	1268172	0	nu-candidate	12	1	1	1	0	0.728	176.4	22	188.0567	63.8139	17.217993	2.5440638	-15.0	1.0	0.0	0.7	0.0	495.07263	714.34705	0.0	714.34705	24	4.6743016
mcp2k	18255	1	321895	0	18.033	6.474	20	1161988	0	nu-candidate	10	1	1	1	0	1.441	95.1	1	68.62442	41.870495	237.06487	2.3577492	-15.0	1.0	0.0	0.7	0.0	815.8498	0.0	0.0	0.0	0	0.70725113
mcp2k	18255	1	321937	0	20.645	7.165	22	1261668	0	nu-candidate	15	1	1	1	0	1.406	232.7	4	115.0642	33.32045	270.87415	4.3019056	-15.0	1.0	1.0	0.7	0.0	675.08057	2.5891824	0.0	2.5891824	3	1.6617594
mcp2k	18255	1	321983	0	12.864	5.616	13	1211020	0	nu-candidate	10	1	1	1	0	1.171	7.1	19	-43.46604	-2.6047113	11.582036	-1.5533298	-15.0	1.0	0.0	0.7	0.0	219.4626	14.614973	0.0	14.614973	9	128.99104
mcp2k	18255	1	322003	0	12.893	1.143	13	400928	0	no-beam-flash	11	0	0	0	0																		
mcp2k	18255	1	322027	0	11.813	0.706	13	315616	0	no-beam-flash	11	0	0	0	0																		
mcp2k	18255	1	322113	0	9.502	1.096	12	417724	0	cosmic-tagged	13	1	1	0	0																		
mcp2k	18255	1	322135	0	19.254	9.835	21	1278232	0	nu-candidate	10	1	1	1	0	1.740	245.8	13	-152.4716	137.15094	8.251935	3.448523	-15.0	1.0	0.0	0.7	0.0	1012.28125	3.394381	0.0	3.394381	2	13.914369
mcp2k	18255	1	322181	0	14.306	5.547	16	1186104	0	nu-candidate	12	1	1	1	0	1.345	75.0	0	105.92852	-145.01704	207.65025	3.1388135	-15.0	1.0	0.0	0.7	0.0	396.7251	0.0	0.0	0.0	0	0.0
mcp2k	18255	1	322269	0	15.456	6.455	17	1176380	0	nu-candidate	11	2	2	1	0	1.724	142.0	3	86.437584	-126.10293	250.95125	4.184263	-15.0	1.0	0.0	0.7	0.0	555.9829	0.0	0.0	0.0	0	3.7921574
mcp2k	18255	1	322399	0	10.637	0.698	12	321404	0	nu-candidate	7	1	1	0	0																		
mcp2k	18255	1	322487	0	11.840	0.809	13	343584	0	cosmic-tagged	10	1	1	0	0																		
mcp2k	18255	1	322509	0	13.273	2.094	15	491928	0	cosmic-tagged	12	1	1	0	0																		
mcp2k	18255	1	322663	0	17.991	8.109	20	1280600	0	nu-candidate	12	1	1	1	0	1.710	149.1	19	-179.40802	165.20805	335.0547	2.5042558	-15.0	1.0	0.0	0.7	0.0	713.755	0.0	0.0	0.0	0	24.69054
mcp2k	18255	1	322707	0	18.105	7.415	20	1175448	0	nu-candidate	9	1	1	1	0	1.029	116.5	11	67.03874	-87.61053	329.70273	2.6765232	-15.0	1.0	0.0	0.7	0.0	1061.9498	0.0	0.0	0.0	0	4.712445
mcp2k	18255	1	322731	0	11.884	0.720	13	325468	0	no-beam-flash	8	0	0	0	0																		
mcp2k	18255	1	322861	0	18.142	6.544	20	1272628	0	nu-candidate	16	1	1	1	0	2.026	85.9	0	81.83038	133.32906	336.02194	2.9155595	-15.0	1.0	0.0	0.7	0.0	399.05124	0.0	0.0	0.0	0	0.0
mcp2k	18255	1	322885	0	18.055	6.977	20	1212376	0	nu-candidate	11	1	1	1	0	1.440	227.0	18	-152.5645	178.72476	45.247524	2.3792548	-15.0	1.0	0.0	0.7	0.0	882.1111	7.857143	0.0	7.857143	7	14.364664
mcp2k	18255	1	322907	0	18.136	6.892	20	1195828	0	nu-candidate	12	1	1	1	0	1.488	161.5	6	-110.82046	194.24944	29.145136	3.8883002	-15.0	1.0	0.0	0.7	0.0	814.8638	1.5613376	0.0	1.5613376	1	7.1776433
mcp2k	18255	1	323061	0	12.024	0.935	13	370616	0	no-bundle	13	0	1	0	0																		
mcp2k	18255	1	323125	0	16.873	5.859	18	1187580	0	nu-candidate	11	1	1	1	0	1.960	30.0	3	146.79321	-103.45107	468.25873	0.26957914	-5.1395397	1.0	0.0	0.7	0.0	275.09253	1.356452	0.0	1.356452	1	0.0
mcp2k	18255	1	323171	0	15.900	7.143	17	1348532	0	nu-candidate	16	1	1	1	0	0.643	164.3	7	-156.84216	-56.69955	54.63194	1.6151109	-15.0	1.0	0.0	0.7	0.0	786.2407	4.7342343	0.0	4.7342343	2	4.6794715
mcp2k	18255	1	323215	0	11.977	0.973	13	378908	0	no-beam-flash	11	0	0	0	0																		
mcp2k	18255	1	323237	0	11.964	0.900	13	359140	0	nu-candidate	13	1	1	0	0																		
mcp2k	18255	1	323301	0	22.011	11.423	24	1333352	0	cosmic-tagged	12	1	1	1	0	1.949	220.5	10	-115.56348	22.285706	58.83239	3.2473874	-15.0	1.0	1.0	0.7	0.0	1066.5212	53.21747	0.0	53.21747	9	271.43658
mcp2k	18255	1	323345	0	10.777	0.846	12	349072	0	no-beam-flash	8	0	0	0	0																		
mcp2k	18255	1	323369	0	18.224	7.536	20	1254052	0	nu-candidate	11	1	1	1	0	1.867	237.0	4	29.898829	-17.64863	134.30525	-0.3907615	-15.0	1.0	0.0	0.7	0.0	880.71625	2.1047118	0.0	2.1047118	1	2.7658632
mcp2k	18255	1	323543	0	10.841	0.936	12	363316	0	no-bundle	8	0	2	0	0																		
mcp2k	18255	1	323917	0	16.788	5.436	17	1227908	0	cosmic-tagged	17	1	1	1	0	0.976	20.3	5	-140.58711	-65.96431	399.9849	-0.3456291	-9.985474	1.0	0.0	0.7	0.0	234.14029	2.6644168	0.0	2.6644168	2	0.0
mcp2k	18255	1	324225	0	10.801	0.840	12	348236	0	no-bundle	10	0	1	0	0																		
mcp2k	18255	1	346746	0	15.648	5.842	17	1193128	0	nu-candidate	9	1	1	1	0	1.452	105.6	9	-167.51282	99.691185	477.67413	0.44175836	-15.0	1.0	0.0	0.7	0.0	493.50934	3.3457775	0.0	3.3457775	4	6.3511024
mcp2k	18255	1	346878	0	15.459	5.761	16	1197884	0	nu-candidate	12	1	1	1	0	1.446	108.9	7	-174.80171	134.15887	316.9194	1.6564783	-15.0	1.0	0.0	0.7	0.0	589.23737	3.8615837	0.0	3.8615837	2	206.07893
mcp2k	18255	1	347142	0	13.195	1.205	15	406836	0	cosmic-tagged	11	1	1	0	0																		
mcp2k	18255	1	347164	0	12.097	0.829	14	346336	0	no-beam-flash	8	0	0	0	0																		
mcp2k	18255	1	347384	0	18.075	7.178	20	1255688	0	nu-candidate	9	1	1	1	0	1.603	262.1	3	-24.740025	-185.80086	95.797035	5.068445	-15.0	1.0	0.0	0.7	0.0	984.82635	0.80791914	0.0	0.80791914	1	2.4676409
mcp2k	18255	1	347802	0	12.026	1.040	13	392720	0	nu-candidate	16	1	2	0	0																		
mcp2k	18255	1	347824	0	22.979	11.520	25	1290864	0	nu-candidate	15	1	1	1	0	1.648	157.1	36	97.576324	118.67525	278.92725	3.3203726	-15.0	1.0	0.0	0.7	0.0	1601.3132	3.6085346	0.0	3.6085346	2	7.605629
mcp2k	18255	1	347890	0	15.663	5.745	17	1137680	0	nu-candidate	4	1	1	1	0	0.817	179.7	7	-11.61146	-51.245728	234.54312	0.24375924	-15.0	1.0	0.0	0.7	0.0	632.26434	3.852139	0.0	3.852139	3	489.9896
mcp2k	18255	1	348088	0	19.231	7.898	21	1170208	0	nu-candidate	10	1	1	1	0	1.671	295.4	3	-41.442684	-141.9324	209.58517	4.189552	-15.0	1.0	0.0	0.7	0.0	836.7783	1.1272657	0.0	1.1272657	1	3.1348732
mcp2k	18255	1	348198	0	16.992	5.821	19	1238324	0	nu-candidate	11	1	1	1	0	1.655	44.6	5	-71.45823	-43.74234	286.29855	-0.1585849	-15.0	1.0	0.0	0.7	0.0	258.77747	0.0	0.0	0.0	0	5.4814787
mcp2k	18255	1	348374	0	10.904	0.986	12	378200	0	no-beam-flash	15	0	0	0	0																		
mcp2k	18255	1	348594	0	18.199	6.616	20	1224888	0	nu-candidate	14	1	1	1	0	1.314	72.2	3	-179.60521	109.248	438.1642	1.1404992	-8.004117	1.0	0.0	0.7	0.0	189.19046	152.31233	150.99358	1.3187653	2	0.0
mcp2k	18255	1	348638	0	15.808	6.050	17	1274276	0	nu-candidate	20	1	1	1	0	1.020	127.7	0	3.859216	-69.96798	204.12732	-0.27637887	-15.0	1.0	1.0	0.7	0.0	438.7757	0.0	0.0	0.0	0	0.0
mcp2k	18255	1	348682	0	14.521	6.750	16	1209460	0	nu-candidate	12	1	1	1	0	0.605	270.8	14	-88.4072	-72.93648	94.53034	3.6451027	-15.0	1.0	0.0	0.7	0.0	755.8031	0.0	0.0	0.0	0	14.8520355
mcp2k	18255	1	349034	0	11.956	1.437	14	455132	0	nu-candidate	13	2	2	0	0																		
mcp2k	18255	1	349056	0	17.882	6.627	20	1181180	0	nu-candidate	9	1	1	1	0	1.263	173.9	3	23.882835	-15.493728	422.4467	3.4271662	-15.0	1.0	0.0	0.7	0.0	726.8645	2.4977136	0.0	2.4977136	2	2.313589
mcp2k	18255	1	349122	0	11.936	1.089	14	382384	0	cosmic-tagged	10	1	1	0	0																		
mcp2k	18255	1	349276	0	20.698	9.723	22	1354400	0	nu-candidate	13	1	1	1	0	1.274	415.9	4	-92.37025	192.59584	13.461993	5.8858223	-15.0	1.0	0.0	0.7	0.0	1119.2196	37.20286	0.0	37.20286	3	4.540807
mcp2k	18255	1	349320	0	16.715	5.206	18	1164384	0	nu-candidate	13	1	1	1	0	1.793	2.7	4	120.38943	-7.7465143	145.65216	-2.779199	-15.0	1.0	0.0	0.7	0.0	48.450584	0.0	0.0	0.0	0	3.637956
mcp2k	18255	1	349386	0	12.016	0.867	13	351328	0	cosmic-tagged	11	1	1	0	0																		
mcp2k	18255	1	350112	0	11.986	0.739	13	326768	0	no-beam-flash	7	0	0	0	0																		
mcp2k	18255	1	350266	0	15.670	4.132	17	768376	0	cosmic-tagged	11	1	1	1	0	0.606	4.0	0	0.0	0.0	0.0	-1.9416895	-15.0	1.0	0.0	0.7	0.0	0.0	0.0	0.0	0.0	0	0.0
mcp2k	18255	1	350354	0	20.464	10.694	22	1269440	0	nu-candidate	12	1	1	1	0	0.915	76.3	46	119.44504	135.19629	361.07547	1.3499178	0.76295173	1.0	0.0	0.7	0.0	907.3707	7.0580797	0.0	7.0580797	4	223.87315
mcp2k	18255	1	350420	0	13.116	1.869	15	428336	0	cosmic-tagged	10	1	1	0	0																		
mcp2k	18255	1	350596	0	15.503	5.034	17	1139212	0	nu-candidate	11	1	1	1	0	1.786	27.1	13	193.90234	-39.246025	349.36304	-1.642769	-15.0	1.0	0.0	0.7	0.0	307.8145	7.2195683	0.0	7.2195683	6	91.90399
mcp2k	18255	1	350772	0	11.942	0.951	13	377428	0	no-beam-flash	11	0	0	0	0																		
mcp2k	18255	1	350816	0	13.140	1.201	15	419096	0	cosmic-tagged	12	1	1	0	0																		
mcp2k	18255	1	350882	0	13.159	1.108	15	413372	0	cosmic-tagged	13	1	1	0	0																		
mcp2k	18255	1	350948	0	13.041	0.676	14	318552	0	cosmic-tagged	7	1	1	0	0																		
mcp2k	18255	1	351564	0	23.014	11.968	25	1219864	0	nu-candidate	11	2	2	1	0	1.404	277.6	7	-62.571392	70.21128	209.4491	5.3216424	-15.0	1.0	0.0	0.7	0.0	903.74133	0.34851024	0.0	0.34851024	1	0.0
mcp2k	18255	1	351740	0	14.441	3.104	16	740552	0	cosmic-tagged	14	1	1	1	0	0.833	2.3	0	0.0	0.0	0.0	-1.9416895	-15.0	1.0	0.0	0.7	0.0	0.0	0.0	0.0	0.0	0	0.0
mcp2k	18255	1	352136	0	15.630	4.054	17	768220	0	cosmic-tagged	11	1	1	1	0	0.972	1.2	0	0.0	0.0	0.0	-1.9416895	-15.0	1.0	0.0	0.7	0.0	0.0	0.0	0.0	0.0	0	0.0
mcp2k	18255	1	352202	0	15.561	4.851	17	1146084	0	nu-candidate	9	1	1	1	0	0.718	21.9	1	14.534932	-14.271255	138.8943	-3.2137482	-15.0	1.0	0.0	0.7	0.0	180.90701	1.5145236	0.0	1.5145236	1	0.0
mcp2k	18255	1	352246	0	13.295	1.295	15	393384	0	cosmic-tagged	14	1	1	0	0																		
mcp2k	18255	1	352510	0	14.498	4.718	16	1147644	0	nu-candidate	8	1	1	1	0	0.581	5.1	0	144.46608	-157.4879	343.30252	-1.3296293	-15.0	1.0	0.0	0.7	0.0	125.303696	0.0	0.0	0.0	0	0.0
mcp2k	18255	1	352664	0	18.013	7.156	20	1208568	0	nu-candidate	12	1	1	1	0	1.592	244.8	3	-149.40025	-104.65248	317.32968	3.4529023	-15.0	1.0	0.0	0.7	0.0	979.72626	0.0	0.0	0.0	0	5.672147
mcp2k	18255	1	352730	0	15.497	4.743	17	1142776	0	nu-candidate	7	1	1	1	0	1.872	3.9	2	37.585854	144.95393	23.753317	-1.7723677	-15.0	1.0	0.0	0.7	0.0	43.20716	0.0	0.0	0.0	0	1.1077595
mcp2k	18255	1	352796	0	16.678	6.387	17	1213136	0	nu-candidate	14	1	1	1	0	0.700	171.2	4	88.06243	83.2989	114.41962	4.3928933	-15.0	1.0	0.0	0.7	0.0	661.59204	0.0	0.0	0.0	0	8.346498
mcp2k	18255	1	352862	0	13.318	1.270	15	428924	0	cosmic-tagged	12	1	1	0	0																		
mcp2k	18255	1	352906	0	12.963	0.896	13	367368	0	no-beam-flash	13	0	0	0	0																		
mcp2k	18255	1	353214	0	11.971	0.953	13	368304	0	cosmic-tagged	11	1	1	0	0																		
mcp2k	18255	1	354248	0	21.787	10.602	23	1294668	0	nu-candidate	17	1	1	1	0	1.288	375.9	11	95.94576	86.24425	266.788	2.904214	-15.0	1.0	0.0	0.7	0.0	725.108	924.66736	0.0	924.66736	4	318.30127
mcp2k	18255	1	354270	0	12.015	1.118	13	399872	0	no-beam-flash	11	0	0	0	0																		
mcp2k	18255	1	354578	0	16.874	5.685	18	1188428	0	nu-candidate	11	2	2	1	0	1.617	40.7	2	46.159092	183.33841	366.55328	0.6900569	-3.3491066	1.0	0.0	0.7	0.0	430.99603	0.0	0.0	0.0	0	3.5760813
mcp2k	18255	1	354622	0	11.981	0.983	14	384008	0	no-beam-flash	14	0	0	0	0																		
mcp2k	18255	1	355040	0	11.874	0.756	13	335216	0	cosmic-tagged	12	1	2	0	0																		
mcp2k	18255	1	355106	0	19.228	8.249	21	1258744	0	nu-candidate	11	1	1	1	0	0.485	352.6	2	151.5358	-109.829926	256.8237	-0.6676154	-15.0	1.0	1.0	0.7	0.0	1136.1768	0.0	0.0	0.0	0	0.6098113
mcp2k	18255	1	355238	0	18.087	6.426	20	1208084	0	nu-candidate	9	1	1	1	0	0.816	121.6	1	-66.967705	-97.08434	298.29718	2.8200994	-15.0	1.0	0.0	0.7	0.0	633.6837	0.0	0.0	0.0	0	2.3364937
mcp2k	18255	1	355326	0	12.090	1.060	13	399360	0	no-beam-flash	13	0	0	0	0																		
mcp2k	18255	1	355612	0	13.128	0.810	15	342080	0	nu-candidate	10	1	1	0	0																		
mcp2k	18255	1	388323	0	18.080	7.731	20	1228756	0	nu-candidate	14	1	1	1	0	0.899	219.6	16	-43.73735	-197.72397	309.72476	1.3685989	-15.0	1.0	0.0	0.7	0.0	798.1632	144.81514	0.0	144.81514	3	16.175034
mcp2k	18255	1	388433	0	14.363	1.373	16	425144	0	cosmic-tagged	13	1	1	0	0																		
mcp2k	18255	1	388499	0	13.126	1.195	15	436140	0	nu-candidate	15	1	1	0	0																		
mcp2k	18255	1	388543	0	13.160	0.884	15	362212	0	no-beam-flash	8	0	0	0	0																		
mcp2k	18255	1	388587	0	12.019	0.886	13	349996	0	cosmic-tagged	9	1	1	0	0																		
mcp2k	18255	1	388675	0	13.437	1.572	15	485192	0	no-bundle	11	0	1	0	0																		
mcp2k	18255	1	388807	0	12.009	0.880	13	359896	0	no-bundle	13	0	1	0	0																		
mcp2k	18255	1	389225	0	19.310	7.070	21	1186784	0	nu-candidate	10	1	1	1	0	2.016	196.8	21	-58.087925	-106.84025	384.01627	4.5530396	-15.0	1.0	0.0	0.7	0.0	784.58136	24.315763	0.0	24.315763	14	0.0
mcp2k	18255	1	389379	0	16.839	5.783	18	1162956	0	nu-candidate	9	1	1	1	0	1.954	156.1	12	190.98558	-63.949066	298.04407	2.170145	-15.0	1.0	1.0	0.7	0.0	490.1789	5.826191	0.0	5.826191	5	7.233156
mcp2k	18255	1	389423	0	13.102	1.191	15	422772	0	no-beam-flash	17	0	0	0	0																		
mcp2k	18255	1	389533	0	12.006	0.881	13	341524	0	cosmic-tagged	10	1	1	0	0																		
mcp2k	18255	1	389687	0	11.821	0.559	13	311928	0	cosmic-tagged	3	1	1	0	0																		
mcp2k	18255	1	390215	0	15.413	4.812	17	1136392	0	nu-candidate	5	1	1	1	0	0.312	4.6	5	112.539246	111.20818	226.68724	-1.0959631	-15.0	1.0	1.0	0.7	0.0	157.11058	0.92964774	0.0	0.92964774	1	6.6362247
mcp2k	18255	1	390216	0	19.128	7.955	21	1232980	0	nu-candidate	11	1	1	1	0	1.878	207.2	18	70.41815	66.413246	281.73636	3.218247	-15.0	1.0	0.0	0.7	0.0	1099.7828	33.149357	27.760798	5.3885593	3	198.23874
mcp2k	18255	1	390282	0	13.122	1.115	15	387668	0	cosmic-tagged	7	1	1	0	0																		
mcp2k	18255	1	390370	0	19.055	8.004	21	1180208	0	nu-candidate	7	1	1	1	0	1.582	210.1	11	129.2953	22.124216	22.21186	4.198255	-15.0	1.0	0.0	0.7	0.0	852.9362	4.0237727	0.0	4.0237727	2	8.748493
mcp2k	18255	1	390391	0	17.987	6.115	19	1222660	0	nu-candidate	11	1	1	1	0	1.977	76.9	2	-139.90967	95.46569	440.94595	3.5702145	-15.0	1.0	0.0	0.7	0.0	617.28174	0.0	0.0	0.0	0	3.6539364
mcp2k	18255	1	390392	0	14.291	0.637	16	306848	0	nu-candidate	8	1	1	0	0																		
mcp2k	18255	1	390611	0	14.436	0.978	16	366552	0	no-bundle	10	0	1	0	0																		
mcp2k	18255	1	390634	0	19.353	8.532	21	1212128	0	nu-candidate	9	1	1	1	0	1.897	156.9	21	-162.43233	-170.57697	220.3564	1.5812609	-15.0	1.0	0.0	0.7	0.0	834.30023	60.802834	60.72555	0.07728226	2	28.19803
mcp2k	18255	1	390655	0	13.170	0.863	15	356832	0	no-beam-flash	11	0	0	0	0																		
mcp2k	18255	1	390700	0	13.231	1.038	15	390992	0	no-beam-flash	9	0	0	0	0																		
mcp2k	18255	1	390743	0	16.851	6.118	18	1207076	0	nu-candidate	12	1	1	1	0	1.888	64.7	8	-60.346268	-94.11989	21.653227	0.8815088	-15.0	1.0	0.0	0.7	0.0	570.22046	62.959324	0.0	62.959324	1	10.849952
mcp2k	18255	1	390744	0	18.025	6.579	20	1178392	0	nu-candidate	10	1	1	1	0	1.324	227.4	14	149.06972	-158.19165	174.18501	2.526006	-15.0	1.0	0.0	0.7	0.0	789.5133	0.0	0.0	0.0	0	145.94067
mcp2k	18255	1	390810	0	16.817	5.180	18	1167160	0	nu-candidate	8	1	1	1	0	0.532	30.4	4	-195.09967	-140.27472	229.11844	1.8191583	-15.0	1.0	0.0	0.7	0.0	206.39493	1.9473871	0.0	1.9473871	2	2.9149427
mcp2k	18255	1	390821	0	12.048	1.108	14	395716	0	no-beam-flash	13	0	0	0	0																		
mcp2k	18255	1	390853	0	12.035	0.920	13	373796	0	no-beam-flash	12	0	0	0	0																		
mcp2k	18255	1	390875	0	13.130	0.989	15	382156	0	cosmic-tagged	7	1	1	0	0																		
mcp2k	18255	1	390919	0	12.142	1.410	14	428816	0	cosmic-tagged	14	1	1	0	0																		
mcp2k	18255	1	390931	0	12.014	1.040	14	398768	0	nu-candidate	17	1	1	0	0																		
mcp2k	18255	1	390942	0	16.680	5.372	18	1170952	0	nu-candidate	8	1	1	1	0	1.822	37.3	20	-122.91772	-2.9491105	284.71863	-0.98904216	-3.9108863	1.0	0.0	0.7	0.0	130.17848	220.33136	211.03201	9.299351	2	19.324974
mcp2k	18255	1	391063	0	16.860	5.452	18	1278580	0	nu-candidate	14	1	1	1	0	0.876	7.4	9	102.45892	119.34585	196.46234	-1.5807682	-15.0	1.0	0.0	0.7	0.0	107.79757	9.347714	0.0	9.347714	3	14.543883
mcp2k	18255	1	391294	0	13.161	0.795	15	345360	0	no-beam-flash	11	0	0	0	0																		
mcp2k	18255	1	391415	0	16.698	5.517	18	1168336	0	nu-candidate	11	1	1	1	0	1.147	86.3	3	183.8828	60.480373	441.37408	2.8857734	-15.0	1.0	0.0	0.7	0.0	481.1808	0.0	0.0	0.0	0	5.6627083
mcp2k	18255	1	391448	0	13.198	1.336	15	423304	0	cosmic-tagged	17	1	1	0	0																		
mcp2k	18255	1	391459	0	14.301	0.938	16	357672	0	cosmic-tagged	11	1	1	0	0																		
mcp2k	18255	1	391513	0	20.609	8.521	22	1220108	0	nu-candidate	11	1	1	1	0	1.400	408.3	3	122.59687	-172.78221	69.618004	4.193762	-15.0	1.0	0.0	0.7	0.0	1253.8328	0.5510127	0.0	0.5510127	1	1.7686534
mcp2k	18255	1	391525	0	16.727	3.717	18	713020	0	cosmic-tagged	7	1	1	1	0	1.491	0.8	0	0.0	0.0	0.0	-1.9416895	-15.0	1.0	0.0	0.7	0.0	0.0	0.0	0.0	0.0	0	0.0
mcp2k	18255	1	391580	0	14.348	1.459	16	421140	0	cosmic-tagged	11	1	1	0	0																		
mcp2k	18255	1	391635	0	14.410	1.262	16	437840	0	no-beam-flash	15	0	0	0	0																		
mcp2k	18255	1	391646	0	14.314	0.893	16	365872	0	no-bundle	8	0	1	0	0																		
mcp2k	18255	1	391701	0	13.059	0.800	14	350764	0	cosmic-tagged	9	1	1	0	0																		
mcp2k	18255	1	391723	0	13.126	0.909	15	365396	0	cosmic-tagged	9	1	1	0	0																		
mcp2k	18255	1	391756	0	15.557	4.875	17	1148480	0	nu-candidate	13	1	1	1	0	1.375	21.1	2	151.76956	148.53929	467.07596	0.07787123	-15.0	1.0	0.0	0.7	0.0	361.4661	0.0	0.0	0.0	0	1.3880781
mcp2k	18255	1	391777	0	16.931	6.013	18	1193064	0	nu-candidate	11	1	1	1	0	0.698	52.3	7	-74.26749	-10.13016	88.737	0.94946736	-15.0	1.0	0.0	0.7	0.0	805.10693	2.316286	0.0	2.316286	1	1.4803061
mcp2k	18255	1	391778	0	11.901	0.876	13	363932	0	no-beam-flash	9	0	0	0	0																		
mcp2k	18255	1	391843	0	15.673	4.846	17	1137144	0	nu-candidate	7	1	1	1	0	0.767	32.9	14	191.66344	-40.64499	67.93824	2.8339467	-15.0	1.0	0.0	0.7	0.0	309.34964	0.81925404	0.0	0.81925404	1	22.577213
mcp2k	18255	1	391877	0	12.019	0.978	14	405596	0	cosmic-tagged	14	1	1	0	0																		
mcp2k	18255	1	391899	0	16.920	8.054	19	1188112	0	nu-candidate	6	1	1	1	0	1.122	197.8	9	-183.1465	141.30615	345.05673	3.9648345	-15.0	1.0	0.0	0.7	0.0	819.3117	5.2920246	0.0	5.2920246	4	5.5189238
mcp2k	18255	1	392009	0	20.458	9.176	22	1239176	0	nu-candidate	7	1	1	1	0	1.395	250.9	7	150.06897	178.17763	166.76823	3.8777661	-15.0	1.0	0.0	0.7	0.0	1389.7977	133.18533	0.0	133.18533	7	1.8869101
mcp2k	18255	1	392107	0	13.221	1.155	15	422980	0	no-beam-flash	10	0	0	0	0																		
mcp2k	18255	1	392163	0	13.193	0.995	15	386832	0	no-bundle	9	0	1	0	0																		
mcp2k	18255	1	392174	0	16.733	5.242	18	1192420	0	nu-candidate	12	1	1	1	0	1.677	39.7	5	-187.68971	76.27119	12.109912	2.6979036	-15.0	1.0	0.0	0.7	0.0	313.4052	0.0	0.0	0.0	0	6.64244
mcp2k	18255	1	392218	0	13.033	0.864	15	354512	0	cosmic-tagged	13	1	1	0	0																		
mcp2k	18255	1	392262	0	18.150	5.760	20	1266660	0	nu-candidate	14	1	1	1	0	1.998	43.6	4	-56.558353	-41.466404	461.56622	2.3794396	-15.0	1.0	0.0	0.7	0.0	241.26881	0.0	0.0	0.0	0	4.791765
mcp2k	18255	1	392327	0	19.220	6.766	21	1197684	0	nu-candidate	13	1	1	1	0	0.719	139.3	23	174.98734	55.629036	95.72524	2.9085338	-15.0	1.0	0.0	0.7	0.0	759.6067	12.337403	0.0	12.337403	10	16.270922
mcp2k	18255	1	392371	0	14.607	2.035	16	581608	0	cosmic-tagged	15	1	1	0	0																		
mcp2k	18255	1	392373	0	14.406	1.096	16	400356	0	no-bundle	12	0	1	0	0																		
mcp2k	18255	1	392393	0	13.225	1.293	15	440520	0	cosmic-tagged	17	1	1	0	0																		
mcp2k	18255	1	392407	0	13.135	0.972	15	393748	0	cosmic-tagged	10	1	1	0	0																		
mcp2k	18255	1	392417	0	19.286	7.591	21	1236132	0	nu-candidate	14	1	1	1	0	1.559	117.9	5	-52.432644	-130.26283	447.00513	4.5392294	-15.0	1.0	0.0	0.7	0.0	1186.0542	3.4075987	0.0	3.4075987	2	14.868656
mcp2k	18255	1	392483	0	10.894	0.965	12	386140	0	nu-candidate	9	1	1	0	0																		
mcp2k	18255	1	392527	0	16.940	6.289	18	1222760	0	nu-candidate	12	1	1	1	0	0.822	101.2	3	94.409	-56.94807	453.14877	1.9541495	-15.0	1.0	0.0	0.7	0.0	479.1321	32.41228	32.41228	0.0	1	5.9103394
mcp2k	18255	1	392539	0	11.919	0.758	13	335304	0	cosmic-tagged	12	1	1	0	0																		
mcp2k	18255	1	392603	0	11.958	0.923	13	348400	0	cosmic-tagged	7	1	1	0	0																		
mcp2k	18255	1	392637	0	11.912	0.797	13	350940	0	nu-candidate	11	1	1	0	0																		
mcp2k	18255	1	392649	0	17.066	5.403	18	1174016	0	nu-candidate	6	1	1	1	0	1.079	109.0	9	47.02046	0.7609097	132.52016	2.2716782	-15.0	1.0	0.0	0.7	0.0	386.8703	3.432562	0.0	3.432562	3	5.568555
mcp2k	18255	1	392669	0	17.045	7.246	18	1137916	0	nu-candidate	8	1	1	1	0	0.692	105.4	8	-155.96388	-18.571949	439.24173	4.5070553	-15.0	1.0	0.0	0.7	0.0	657.4535	4.839332	0.0	4.839332	1	13.419449
mcp2k	18255	1	392679	0	12.201	0.951	14	376708	0	no-bundle	10	0	1	0	0																		
mcp2k	18255	1	392680	0	13.534	1.031	15	350628	0	cosmic-tagged	5	1	1	0	0																		
mcp2k	18255	1	392693	0	18.484	7.400	20	1224552	0	nu-candidate	10	1	1	1	0	0.951	274.4	6	184.43909	-128.2314	115.14604	1.8585675	-15.0	1.0	0.0	0.7	0.0	778.27783	3.263496	0.0	3.263496	2	3.242991
mcp2k	18255	1	392723	0	10.969	1.116	12	378956	0	cosmic-tagged	11	1	1	0	0																		
mcp2k	18255	1	392746	0	11.195	1.371	13	483460	0	cosmic-tagged	13	1	1	0	0																		
mcp2k	18255	1	392759	0	18.381	6.723	20	1150172	0	nu-candidate	9	1	1	1	0	1.192	123.0	20	-53.89688	-155.61769	82.8245	1.8705782	-15.0	1.0	0.0	0.7	0.0	631.6797	2.9033542	0.0	2.9033542	2	105.725716
mcp2k	18255	1	392891	0	18.415	6.969	20	1196844	0	nu-candidate	13	1	1	1	0	1.576	222.8	4	42.209236	-158.0869	248.73549	3.5502603	-15.0	1.0	0.0	0.7	0.0	659.51154	0.8248896	0.0	0.8248896	1	2.8457794
mcp2k	18255	1	392900	0	14.874	5.227	16	1182688	0	nu-candidate	11	1	1	1	0	1.230	42.3	3	101.65579	-160.51204	149.01305	2.3011453	-15.0	1.0	0.0	0.7	0.0	280.5917	0.0	0.0	0.0	0	3.732454
mcp2k	18255	1	392901	0	22.235	9.244	24	1379408	0	cosmic-tagged	13	1	1	1	0	1.882	42.3	9	-7.572867	161.33537	54.3635	-0.9292612	-15.0	1.0	1.0	0.7	0.0	398.47583	15.508741	0.0	15.508741	6	4.2954874
mcp2k	18255	1	392921	0	26.952	14.825	28	487360	0	cosmic-tagged	7	1	1	0	0																		
mcp2k	18255	1	392988	0	12.350	5.493	14	1176304	0	nu-candidate	12	1	1	1	0	1.960	42.5	6	145.08955	-184.31335	453.71542	2.4396198	-15.0	1.0	0.0	0.7	0.0	359.396	8.408514	0.0	8.408514	6	0.0
mcp2k	18255	1	393089	0	14.851	5.363	16	1184676	0	nu-candidate	12	1	1	1	0	1.300	18.3	3	-127.87323	113.259834	488.1083	2.4439366	-15.0	1.0	0.0	0.7	0.0	282.07367	55.90276	0.0	55.90276	1	1.5190357
mcp2k	18255	1	393098	0	11.240	0.963	13	376820	0	cosmic-tagged	11	1	1	0	0																		
mcp2k	18255	1	393119	0	17.326	6.729	19	1159404	0	nu-candidate	7	1	1	1	0	0.653	174.5	21	-91.99285	128.43152	336.78864	2.895578	-15.0	1.0	0.0	0.7	0.0	905.5367	3.1778922	0.0	3.1778922	3	31.18866
mcp2k	18255	1	393133	0	14.566	5.250	16	1180092	0	nu-candidate	13	1	1	1	0	0.846	6.8	19	3.5307257	197.55948	349.05957	-1.5979502	-15.0	1.0	0.0	0.7	0.0	88.10009	31.529293	0.0	31.529293	5	15.492395
mcp2k	18255	1	393175	0	11.805	0.687	13	331900	0	nu-candidate	10	1	1	0	0																		
mcp2k	18255	1	393265	0	12.012	1.318	13	424928	0	cosmic-tagged	10	1	1	0	0																		
mcp2k	18255	1	393329	0	11.868	0.661	13	317976	0	no-beam-flash	9	0	0	0	0																		
mcp2k	18255	1	393375	0	11.988	1.109	13	411108	0	no-bundle	11	0	1	0	0																		
mcp2k	18255	1	393485	0	15.804	6.383	17	1221656	0	nu-candidate	13	1	1	1	0	1.823	148.4	0	-104.96187	-91.55373	407.92413	4.734653	-15.0	1.0	0.0	0.7	0.0	712.94653	0.0	0.0	0.0	0	0.0
mcp2k	18255	1	393505	0	20.615	10.397	22	1257724	0	nu-candidate	13	1	1	1	0	1.085	276.7	12	160.14682	-18.279856	326.14062	2.9144797	-15.0	1.0	1.0	0.7	0.0	559.89166	772.7044	0.0	772.7044	5	6.760455
mcp2k	18255	1	393515	0	12.129	1.359	14	475448	0	cosmic-tagged	11	1	1	0	0																		
mcp2k	18255	1	393538	0	19.254	8.864	21	1190400	0	nu-candidate	6	1	1	1	0	1.462	285.5	8	-167.8475	-73.90464	228.29381	5.1398425	-15.0	1.0	0.0	0.7	0.0	1047.353	56.21028	0.0	56.21028	5	2.9498596
mcp2k	18255	1	393581	0	15.508	4.951	17	1103136	0	nu-candidate	6	1	1	1	0	1.940	74.0	10	-12.74881	29.790588	431.9199	2.2348635	-15.0	1.0	0.0	0.7	0.0	315.03397	0.72917503	0.0	0.72917503	1	12.334253
mcp2k	18255	1	393703	0	12.091	1.188	14	407236	0	cosmic-tagged	11	1	1	0	0																		
mcp2k	18255	1	393727	0	17.079	6.956	19	1389116	0	nu-candidate	14	1	1	1	0	1.379	140.5	1	177.00435	-38.811016	8.610358	1.6840942	-15.0	1.0	0.0	0.7	0.0	450.16907	1.6826587	0.0	1.6826587	1	0.0
mcp2k	18255	1	393758	0	16.755	5.502	18	1201332	0	nu-candidate	12	1	1	1	0	0.869	56.0	1	-180.34402	-93.32428	133.65942	3.3299303	-15.0	1.0	0.0	0.7	0.0	373.2118	0.2911172	0.0	0.2911172	1	0.0
mcp2k	18255	1	393791	0	16.946	6.991	19	1254580	0	nu-candidate	9	1	1	1	0	0.859	124.9	10	-32.147198	139.77708	239.30243	3.3773537	-15.0	1.0	0.0	0.7	0.0	657.4081	0.883404	0.0	0.883404	1	10.111145
mcp2k	18255	1	393823	0	14.505	3.809	16	765812	0	cosmic-tagged	11	1	1	1	0	0.691	1.4	0	0.0	0.0	0.0	-1.9416895	-15.0	1.0	0.0	0.7	0.0	0.0	0.0	0.0	0.0	0	0.0
mcp2k	18255	1	393835	0	18.041	6.740	20	1255324	0	nu-candidate	11	1	1	1	0	1.788	210.0	3	-17.998728	-50.969017	295.13794	3.9543388	-15.0	1.0	0.0	0.7	0.0	619.15955	3.2500324	0.0	3.2500324	2	3.1833825
mcp2k	18255	1	393845	0	13.019	0.793	14	334552	0	cosmic-tagged	8	1	1	0	0																		
mcp2k	18255	1	393935	0	18.038	7.078	20	1234364	0	nu-candidate	16	1	1	1	0	1.292	289.2	1	35.78197	-28.195457	209.88385	3.9566293	-15.0	1.0	0.0	0.7	0.0	789.4398	0.0	0.0	0.0	0	4.5246935
mcp2k	18255	1	393967	0	13.024	0.802	14	347712	0	cosmic-tagged	10	1	1	0	0																		
mcp2k	18255	1	394131	0	14.590	3.918	16	780036	0	cosmic-tagged	17	1	1	1	0	1.077	0.8	0	0.0	0.0	0.0	-1.9416895	-15.0	1.0	0.0	0.7	0.0	0.0	0.0	0.0	0.0	0	0.0
mcp2k	18255	1	394154	0	13.230	1.084	15	409224	0	cosmic-tagged	13	1	1	0	0																		
mcp2k	18255	1	394167	0	19.019	6.536	20	1148724	0	nu-candidate	9	1	1	1	0	0.699	54.1	22	169.2597	-59.476593	33.009468	-0.7584121	6.216715	1.0	0.0	0.7	0.0	448.492	8.520875	0.0	8.520875	7	0.0
mcp2k	18255	1	394175	0	13.267	1.498	15	433992	0	cosmic-tagged	12	1	1	0	0																		
mcp2k	18255	1	394255	0	16.999	5.714	19	1247380	0	nu-candidate	10	1	1	1	0	1.090	6.5	12	161.04967	99.87939	18.089184	-2.8208005	-15.0	1.0	0.0	0.7	0.0	64.530304	3.4241815	0.0	3.4241815	2	29.545368
mcp2k	18255	1	394329	0	13.182	1.528	15	439220	0	cosmic-tagged	12	1	1	0	0																		
mcp2k	18255	1	394363	0	15.859	5.557	17	1207264	0	nu-candidate	13	1	1	1	0	1.164	88.7	6	-95.031296	-115.90519	415.3849	1.8950267	-15.0	1.0	0.0	0.7	0.0	347.16055	2.5817606	0.0	2.5817606	3	1.9036834
mcp2k	18255	1	394375	0	13.132	1.338	15	390324	0	cosmic-tagged	10	1	1	0	0																		
mcp2k	18255	1	394396	0	16.968	6.403	19	1176456	0	nu-candidate	8	1	1	1	0	1.522	170.5	7	-91.59893	26.388784	386.106	3.5539384	-15.0	1.0	0.0	0.7	0.0	531.07745	0.0	0.0	0.0	0	18.793957
mcp2k	18255	1	394407	0	20.603	8.387	22	1284204	0	nu-candidate	12	1	1	1	0	1.592	335.7	11	0.9261801	199.92746	52.364483	-2.7549732	-15.0	1.0	1.0	0.7	0.0	907.86957	604.82495	0.0	604.82495	5	2.3661442
mcp2k	18255	1	394417	0	13.361	0.999	15	373796	0	nu-candidate	11	1	2	0	0																		
mcp2k	18255	1	394463	0	12.081	0.581	13	300740	0	no-beam-flash	12	0	0	0	0																		
mcp2k	18255	1	394475	0	13.284	0.777	15	331756	0	nu-candidate	11	1	1	0	0																		
mcp2k	18255	1	394483	0	13.438	1.082	15	387612	0	cosmic-tagged	6	1	1	0	0																		
mcp2k	18255	1	394605	0	18.002	6.762	20	1175576	0	cosmic-tagged	12	1	1	1	0	1.356	100.8	1	27.828745	-70.23601	366.62686	2.8329415	-15.0	1.0	0.0	0.7	0.0	584.1059	1.1744274	0.0	1.1744274	1	0.0
mcp2k	18255	1	394629	0	13.312	1.202	15	439736	0	nu-candidate	15	1	2	0	0																		
mcp2k	18255	1	394651	0	13.325	1.286	15	436892	0	nu-candidate	13	1	1	0	0																		
mcp2k	18255	1	394660	0	13.295	0.900	15	369384	0	cosmic-tagged	9	1	1	0	0																		
mcp2k	18255	1	394717	0	18.215	7.962	20	1208936	0	cosmic-tagged	8	1	1	1	0	0.552	118.8	23	-112.14452	-55.169044	320.29623	3.181675	-15.0	1.0	0.0	0.7	0.0	961.6738	19.607515	0.0	19.607515	8	24.243387
mcp2k	18255	1	394814	0	13.157	0.914	15	366440	0	cosmic-tagged	13	1	1	0	0																		
mcp2k	18255	1	394836	0	16.717	4.933	18	1169220	0	nu-candidate	11	1	2	1	0	1.336	6.6	0	140.63936	189.5808	429.59232	-0.84791625	-15.0	1.0	0.0	0.7	0.0	82.71409	0.0	0.0	0.0	0	0.0
mcp2k	18255	1	394880	0	13.288	1.239	15	417656	0	cosmic-tagged	12	1	1	0	0																		
mcp2k	18255	1	394925	0	12.977	0.971	13	385252	0	cosmic-tagged	16	1	1	0	0																		
mcp2k	18255	1	394957	0	13.147	1.397	15	432648	0	cosmic-tagged	10	1	1	0	0																		
mcp2k	18255	1	394979	0	13.014	0.964	15	376632	0	nu-candidate	10	1	1	0	0																		
mcp2k	18255	1	395003	0	12.945	1.566	13	450188	0	cosmic-tagged	13	1	1	0	0																		
mcp2k	18255	1	395012	0	15.932	5.683	17	1130792	0	nu-candidate	9	1	1	1	0	2.025	55.3	13	-31.58308	102.542534	89.56844	2.420143	-15.0	1.0	0.0	0.7	0.0	458.955	9.921329	0.0	9.921329	5	10.565022
mcp2k	18255	1	395033	0	17.251	5.262	19	1188592	0	nu-candidate	11	1	1	1	0	1.206	47.2	3	186.57568	33.24657	155.76924	2.51965	-15.0	1.0	0.0	0.7	0.0	422.74567	12.600931	12.600931	0.0	1	5.802907
mcp2k	18255	1	395079	0	18.758	7.035	20	1309024	0	nu-candidate	13	1	1	1	0	1.975	208.4	10	38.81447	-21.867912	371.8987	0.45766506	-15.0	1.0	1.0	0.7	0.0	792.10504	3.843562	0.0	3.843562	3	178.16774
mcp2k	18255	1	395089	0	17.375	6.018	19	1242472	0	nu-candidate	15	1	1	1	0	1.332	31.8	12	-193.17278	193.70209	369.8785	0.8203275	-15.0	1.0	0.0	0.7	0.0	680.7419	2.4190762	0.0	2.4190762	2	2.5594223
mcp2k	18255	1	395123	0	17.467	5.837	19	1232868	0	cosmic-tagged	13	1	1	1	0	1.721	22.6	6	-11.857072	-142.88918	108.44032	-1.728873	-8.832502	1.0	0.0	0.7	0.0	106.269806	3.8089004	0.0	3.8089004	1	5.124889
mcp2k	18255	1	395187	0	13.592	0.816	15	351616	0	cosmic-tagged	8	1	1	0	0																		
mcp2k	18255	1	395209	0	22.375	11.654	24	1254908	0	nu-candidate	8	1	1	1	0	0.998	421.8	1	-173.5385	184.45073	91.34091	6.7470746	-15.0	1.0	0.0	0.7	0.0	1342.6156	0.0	0.0	0.0	0	0.21587843
mcp2k	18255	1	395223	0	12.599	1.134	14	421728	0	cosmic-tagged	10	1	1	0	0																		
mcp2k	18255	1	395265	0	11.457	1.199	13	428436	0	cosmic-tagged	11	1	1	0	0																		
mcp2k	18255	1	395277	0	16.139	5.774	18	1215248	0	nu-candidate	15	1	1	1	0	1.002	79.5	11	-147.9901	186.98993	134.22995	-0.07216398	-15.0	1.0	1.0	0.7	0.0	459.47833	0.0	0.0	0.0	0	10.54997
mcp2k	18255	1	395289	0	12.565	0.830	14	356200	0	no-beam-flash	16	0	0	0	0																		
mcp2k	18255	1	395298	0	17.431	6.402	19	1233944	0	nu-candidate	11	1	1	1	0	1.762	180.8	8	107.553825	-48.292824	173.53874	0.8212094	-15.0	1.0	0.0	0.7	0.0	824.9538	3.4176016	0.0	3.4176016	2	7.314415
mcp2k	18255	1	395341	0	10.377	0.739	13	336384	0	no-beam-flash	9	0	0	0	0																		
mcp2k	18255	1	395443	0	16.424	6.921	19	1198324	0	nu-candidate	10	1	1	1	0	1.621	101.3	10	124.38236	100.98497	443.98798	1.7494565	-15.0	1.0	0.0	0.7	0.0	629.7142	0.0	0.0	0.0	0	12.349405
mcp2k	18255	1	395465	0	11.538	1.123	14	400644	0	cosmic-tagged	11	1	1	0	0																		
mcp2k	18255	1	395485	0	15.205	5.585	18	1134228	0	nu-candidate	6	1	1	1	0	0.725	126.1	13	-160.77141	135.64786	324.32056	3.487941	-15.0	1.0	0.0	0.7	0.0	413.83856	7.7350917	0.0	7.7350917	6	12.214701
mcp2k	18255	1	395562	0	12.112	1.263	14	447376	0	no-bundle	12	0	1	0	0																		
mcp2k	18255	1	395573	0	15.533	5.277	17	1195652	0	nu-candidate	8	1	1	1	0	1.780	15.1	19	136.67172	-137.09695	12.732791	-0.08752588	-15.0	1.0	0.0	0.7	0.0	286.95312	7.976872	0.0	7.976872	6	19.506203
mcp2k	18255	1	395597	0	21.690	10.084	23	1306784	0	nu-candidate	17	1	1	1	0	1.702	276.1	4	48.43377	9.026643	74.19273	-0.564209	-10.652318	1.0	0.0	0.49249068	0.0	1450.3156	75.95841	74.77463	1.1837845	3	41.329296
mcp2k	18255	1	395671	0	10.774	0.745	12	335552	0	cosmic-tagged	9	1	1	0	0																		
mcp2k	18255	1	395695	0	18.126	7.949	20	1205408	0	nu-candidate	11	1	1	1	0	1.074	102.9	14	181.58667	-68.403046	45.501328	3.129977	-15.0	1.0	0.0	0.7	0.0	918.2109	0.0	0.0	0.0	0	67.88728
mcp2k	18255	1	395707	0	11.993	0.843	13	359324	0	cosmic-tagged	7	1	1	0	0																		
mcp2k	18255	1	395717	0	16.979	6.457	19	1266472	0	nu-candidate	13	1	1	1	0	1.762	112.0	2	-87.90336	199.20045	86.496376	-3.1648483	-15.0	0.0	1.0	0.7	0.0	397.7215	1.5285728	0.0	1.5285728	1	0.0
mcp2k	18255	1	395837	0	15.696	5.729	17	1230104	0	nu-candidate	15	1	2	1	0	1.584	132.7	6	-201.37198	135.6052	420.44336	-2.6961253	-15.0	1.0	1.0	0.7	0.0	454.11932	75.895706	0.0	75.895706	1	22.304508
mcp2k	18255	1	395870	0	17.890	8.030	19	1229392	0	nu-candidate	13	1	1	1	0	0.909	297.3	23	67.28683	-90.026634	233.88316	5.405638	-15.0	1.0	0.0	0.7	0.0	1184.8138	150.9487	0.0	150.9487	13	4.1716995
mcp2k	18255	1	395959	0	10.736	0.753	12	334420	0	no-bundle	13	0	1	0	0																		
mcp2k	18255	1	396037	0	15.540	5.490	17	1224984	0	nu-candidate	10	1	1	1	0	0.980	23.7	17	-173.0317	141.70233	483.16864	-0.04786224	-15.0	1.0	0.0	0.7	0.0	351.67444	1.209092	0.0	1.209092	1	24.076529
mcp2k	18255	1	396057	0	15.565	6.044	17	1213424	0	nu-candidate	10	1	1	1	0	0.931	58.0	3	118.08056	195.97006	400.6935	2.175789	-15.0	1.0	0.0	0.7	0.0	339.0543	0.0	0.0	0.0	0	0.6414121
mcp2k	18255	1	396090	0	11.867	1.607	13	403972	0	cosmic-tagged	13	1	1	0	0																		
mcp2k	18255	1	396091	0	15.462	7.017	16	1183368	0	nu-candidate	10	1	1	1	0	1.996	130.5	10	142.50844	52.57019	230.89925	3.241221	-15.0	1.0	0.0	0.7	0.0	684.75867	0.0	0.0	0.0	0	18.717316
mcp2k	18255	1	396157	0	14.398	5.101	16	1176348	0	nu-candidate	11	1	1	1	0	1.582	9.5	3	-69.28591	-184.6205	75.135605	-2.7976358	-15.0	1.0	0.0	0.7	0.0	131.47568	0.0	0.0	0.0	0	4.310809
mcp2k	18255	1	396222	0	68.313	58.388	70	1347020	0	nu-candidate	9	1	1	1	0	1.920	150.1	113	121.69514	-164.43861	312.5908	-0.4102585	0.7703177	1.0	0.0	0.7	0.0	4324.413	132.52974	0.0	132.52974	8	2204.22
mcp2k	18255	1	396255	0	10.712	0.684	12	325868	0	cosmic-tagged	10	1	1	0	0																		
mcp2k	18255	1	396301	0	12.016	1.830	13	397348	0	cosmic-tagged	9	1	1	0	0																		
mcp2k	18255	1	396323	0	16.762	6.451	18	1171980	0	nu-candidate	8	1	1	1	0	1.298	76.9	5	-60.225132	154.94218	418.0097	2.1270168	-15.0	1.0	0.0	0.7	0.0	519.2836	103.672195	0.0	103.672195	7	0.0
mcp2k	18255	1	396333	0	11.799	0.804	13	338520	0	no-beam-flash	8	0	0	0	0																		
mcp2k	18255	1	396355	0	14.612	6.473	16	1281264	0	nu-candidate	15	1	1	1	0	0.768	109.1	7	-144.0864	-142.81602	462.69272	3.0631247	-15.0	1.0	0.0	0.7	0.0	598.05334	6.6928644	0.0	6.6928644	4	5.3022957
mcp2k	18255	1	396397	0	10.695	0.824	12	356084	0	no-bundle	13	0	1	0	0																		
mcp2k	18255	1	396411	0	10.700	0.845	12	362836	0	no-bundle	13	0	1	0	0																		
mcp2k	18255	1	396420	0	13.228	5.639	15	1176284	0	nu-candidate	8	1	1	1	0	1.826	73.4	11	-114.48534	160.74593	458.99835	3.5547647	-15.0	1.0	0.0	0.7	0.0	451.58395	7.3268633	0.0	7.3268633	6	24.04233
mcp2k	18255	1	396521	0	13.066	4.706	15	1141300	0	nu-candidate	10	1	1	1	0	1.373	4.3	11	-159.22139	95.857635	329.4052	-0.75989306	-15.0	1.0	1.0	0.7	0.0	154.20956	0.0	0.0	0.0	0	18.173033
mcp2k	18255	1	396551	0	15.683	6.483	17	1231132	0	nu-candidate	15	1	1	1	0	0.548	168.7	7	-179.12804	106.905365	150.92729	1.9595022	-15.0	1.0	0.0	0.7	0.0	643.7528	0.0	0.0	0.0	0	6.03681
mcp2k	18255	1	396596	0	14.410	3.660	16	728960	0	cosmic-tagged	8	1	1	1	0	1.531	2.2	0	0.0	0.0	0.0	-1.9416895	-15.0	1.0	0.0	0.7	0.0	0.0	0.0	0.0	0.0	0	0.0
mcp2k	18255	1	396607	0	11.924	1.002	13	391092	0	nu-candidate	13	1	1	0	0																		
mcp2k	18255	1	396661	0	12.029	0.983	13	383772	0	no-bundle	16	0	1	0	0																		
mcp2k	18255	1	396663	0	13.236	1.922	15	463584	0	cosmic-tagged	16	1	1	0	0																		
mcp2k	18255	1	396705	0	10.829	0.883	12	359988	0	cosmic-tagged	14	1	1	0	0																		
mcp2k	18255	1	396761	0	16.864	7.041	18	1281228	0	nu-candidate	13	1	1	1	0	1.466	154.8	2	-58.120327	54.60032	378.66617	2.5114062	-15.0	1.0	0.0	0.7	0.0	484.60126	0.0	0.0	0.0	0	1.6888844
mcp2k	18255	1	396805	0	15.509	5.567	17	1181068	0	nu-candidate	10	1	1	1	0	0.729	49.9	0	188.55063	172.56921	255.7033	2.9024677	-15.0	1.0	0.0	0.7	0.0	641.9225	0.0	0.0	0.0	0	0.0
mcp2k	18255	1	396816	0	14.403	5.763	16	1203908	0	nu-candidate	11	1	1	1	0	0.714	18.4	17	-83.895134	-60.622414	4.9285145	-0.9209629	-15.0	1.0	0.0	0.7	0.0	202.38779	126.39129	0.0	126.39129	3	18.808134
mcp2k	18255	1	396829	0	15.516	6.894	17	1208864	0	nu-candidate	13	1	1	1	0	1.585	120.9	18	136.38065	199.35666	233.15323	-2.171131	-15.0	1.0	1.0	0.7	0.0	550.19885	6.8276644	0.0	6.8276644	4	145.02028
mcp2k	18255	1	396861	0	11.826	0.956	13	363072	0	cosmic-tagged	15	1	1	0	0																		
mcp2k	18255	1	396882	0	14.445	5.435	16	1162224	0	nu-candidate	8	1	1	1	0	1.638	57.7	3	22.70333	2.9298935	442.64713	1.2067317	-15.0	1.0	1.0	0.7	0.0	277.28314	1.9917642	0.0	1.9917642	1	9.28303
mcp2k	18255	1	396904	0	10.774	0.733	12	321592	0	no-beam-flash	6	0	0	0	0																		
mcp2k	18255	1	396927	0	14.378	5.914	16	1170428	0	nu-candidate	12	1	1	1	0	1.015	49.2	11	-13.269673	109.24051	478.18848	0.71920663	-15.0	1.0	0.0	0.7	0.0	806.2112	1.4445981	0.0	1.4445981	1	108.07359
mcp2k	18255	1	396949	0	14.439	6.174	16	1250524	0	nu-candidate	18	1	1	1	0	1.639	118.7	2	-48.173965	-89.710594	378.18802	2.1525524	-15.0	1.0	0.0	0.7	0.0	772.46704	1.8940556	0.0	1.8940556	2	0.0
mcp2k	18255	1	396971	0	16.916	5.952	18	1234536	0	nu-candidate	9	1	1	1	0	1.686	37.3	15	-122.19546	100.12193	222.84688	-0.45570087	-15.0	1.0	0.0	0.7	0.0	744.9797	1.2047925	0.0	1.2047925	2	144.654
mcp2k	18255	1	396981	0	12.006	1.031	13	389920	0	no-beam-flash	11	0	0	0	0																		
mcp2k	18255	1	397005	0	16.933	6.793	18	1224836	0	nu-candidate	14	1	1	1	0	0.747	100.2	5	-66.12275	-89.43893	306.33838	2.979766	-15.0	1.0	0.0	0.7	0.0	633.6616	3.0887425	0.0	3.0887425	2	6.273383
mcp2k	18255	1	397025	0	10.790	1.141	12	421624	0	cosmic-tagged	14	1	1	0	0																		
mcp2k	18255	1	397081	0	10.779	1.048	12	381044	0	cosmic-tagged	9	1	1	0	0																		
mcp2k	18255	1	397103	0	15.646	5.699	17	1242164	0	nu-candidate	12	1	1	1	0	0.866	40.1	8	97.651344	-173.4434	68.48426	-0.039461564	-15.0	1.0	1.0	0.7	0.0	434.1761	0.0	0.0	0.0	0	29.557518
mcp2k	18255	1	397167	0	10.785	1.228	12	431632	0	cosmic-tagged	14	1	1	0	0																		
mcp2k	18255	1	397179	0	10.766	1.049	12	391360	0	cosmic-tagged	19	1	1	0	0																		
mcp2k	18255	1	397190	0	17.178	6.654	19	1215724	0	nu-candidate	10	1	1	1	0	1.370	165.5	6	-48.410187	-25.877438	346.7722	2.779753	-15.0	1.0	0.0	0.7	0.0	487.82178	82.213875	59.050564	23.16331	6	1.3933251
mcp2k	18255	1	397311	0	11.033	0.985	12	372188	0	no-bundle	10	0	1	0	0																		
mcp2k	18255	1	397379	0	17.247	6.567	19	1252488	0	nu-candidate	17	1	1	1	0	1.630	150.9	3	54.989597	-95.232925	139.39903	5.022257	-15.0	1.0	0.0	0.7	0.0	601.8964	0.0	0.0	0.0	0	6.155472
mcp2k	18255	1	397401	0	17.085	7.923	19	1207688	0	nu-candidate	14	1	1	1	0	1.210	158.9	5	8.248343	-47.709812	224.81119	2.7172294	-12.571942	1.0	0.0	0.7	0.0	794.0595	0.0	0.0	0.0	0	15.739889
mcp2k	18255	1	397423	0	13.542	1.358	15	402984	0	cosmic-tagged	11	1	1	0	0																		
mcp2k	18255	1	397476	0	17.166	8.219	19	1247480	0	nu-candidate	14	1	1	1	0	1.097	233.7	9	-35.954308	-42.901722	23.910042	-1.04264	-15.0	1.0	1.0	0.7	0.0	721.39417	493.46133	0.0	493.46133	2	1.5853319
mcp2k	18255	1	397487	0	17.086	4.921	19	1181076	0	nu-candidate	10	2	2	1	0	0.741	7.6	3	-24.43016	192.35486	172.73698	-1.92621	-15.0	1.0	0.0	0.7	0.0	23.756853	4.9366684	0.0	4.9366684	2	2.4835637
mcp2k	18255	1	397498	0	18.499	6.728	20	1273132	0	no-bundle	13	0	1	1	0	0.945	35.5	7	-120.27596	66.788826	131.65927	1.0016284	-15.0	1.0	0.0	0.7	0.0	427.84464	1.6040462	0.0	1.6040462	1	9.457449
mcp2k	18255	1	397542	0	17.173	5.226	19	1211188	0	nu-candidate	14	1	1	1	0	1.878	24.3	3	-99.47943	-178.16435	343.58234	-3.0497007	-15.0	1.0	0.0	0.7	0.0	199.02567	0.73081154	0.0	0.73081154	1	3.236504
mcp2k	18255	1	397599	0	14.822	5.298	16	1244460	0	nu-candidate	14	1	1	1	0	1.849	22.4	5	-171.94473	178.4232	483.5603	1.8136392	-15.0	1.0	0.0	0.7	0.0	353.682	7.6729245	0.0	7.6729245	1	3.1255217
mcp2k	18255	1	397621	0	13.052	1.341	14	419280	0	cosmic-tagged	15	1	1	0	0																		
mcp2k	18255	1	397630	0	15.623	6.911	17	1165300	0	nu-candidate	10	1	1	1	0	1.350	86.1	14	-178.93623	-66.48741	336.22217	2.2403889	-7.6079416	1.0	0.0	0.7	0.0	626.0588	1.2996011	0.0	1.2996011	1	3.0938752
mcp2k	18255	1	397653	0	14.491	4.960	16	1158480	0	nu-candidate	12	1	1	1	0	2.030	7.7	7	-98.77317	169.60594	264.52402	-1.4807031	-15.0	1.0	0.0	0.7	0.0	107.87581	0.0	0.0	0.0	0	6.3611727
mcp2k	18255	1	397685	0	13.003	0.882	14	343676	0	cosmic-tagged	11	1	1	0	0																		
mcp2k	18255	1	397707	0	12.971	0.694	14	321828	0	cosmic-tagged	6	1	1	0	0																		
mcp2k	18255	1	397806	0	11.842	0.984	13	375020	0	cosmic-tagged	10	1	1	0	0																		
mcp2k	18255	1	397861	0	10.679	0.870	12	357036	0	no-bundle	9	0	1	0	0																		
mcp2k	18255	1	397873	0	10.827	1.349	12	431016	0	cosmic-tagged	15	1	1	0	0																		
mcp2k	18255	1	397885	0	9.518	1.051	11	364616	0	cosmic-tagged	11	1	1	0	0																		
mcp2k	18255	1	397905	0	11.845	0.700	13	329272	0	nu-candidate	10	1	1	0	0																		
mcp2k	18255	1	397927	0	15.475	5.983	17	1178364	0	nu-candidate	9	1	1	1	0	0.637	135.7	2	-77.8671	-82.174225	7.6276145	3.3467555	-15.0	1.0	0.0	0.7	0.0	613.5638	1.3074467	0.0	1.3074467	1	2.274917
mcp2k	18255	1	397951	0	11.831	0.862	14	357312	0	no-beam-flash	11	0	0	0	0																		
mcp2k	18255	1	398092	0	13.039	0.750	15	330812	0	cosmic-tagged	7	1	1	0	0																		
mcp2k	18255	1	398115	0	13.117	1.315	15	409204	0	cosmic-tagged	9	1	2	0	0																		
mcp2k	18255	1	398125	0	16.895	5.965	18	1196520	0	nu-candidate	9	1	1	1	0	0.757	172.8	6	-96.17072	81.17595	126.76853	2.6197336	-15.0	1.0	0.0	0.7	0.0	533.6068	10.263691	0.0	10.263691	4	2.8785315
mcp2k	18255	1	398181	0	19.263	7.901	21	1183512	0	nu-candidate	10	1	1	1	0	1.505	136.1	10	55.413544	170.22731	345.06512	4.015106	-15.0	1.0	0.0	0.7	0.0	1251.2087	116.26919	114.29386	1.9753256	3	13.314061
mcp2k	18255	1	398191	0	25.387	11.930	27	1319672	0	nu-candidate	16	1	1	1	0	1.329	398.9	5	-119.70571	140.88226	251.2569	3.8417807	-15.0	1.0	0.0	0.7	0.0	1594.0437	2.148942	0.0	2.148942	2	103.74552
mcp2k	18255	1	398225	0	22.944	10.150	25	1209916	0	cosmic-tagged	9	1	1	1	0	0.976	189.2	20	-100.977974	45.516975	5.27932	1.450496	-15.0	1.0	0.0	0.7	0.0	945.64185	123.28215	108.82932	14.45283	9	18.249018
mcp2k	18255	1	398247	0	13.234	0.830	15	356460	0	cosmic-tagged	11	1	1	0	0																		
mcp2k	18255	1	398268	0	18.129	7.200	20	1184224	0	nu-candidate	10	1	1	1	0	1.901	177.3	10	187.78773	-61.061775	381.03632	2.8143446	-15.0	1.0	0.0	0.7	0.0	979.2785	3.418392	0.0	3.418392	3	16.333149
mcp2k	18255	1	398301	0	13.132	1.246	15	405108	0	cosmic-tagged	14	1	1	0	0																		
mcp2k	18255	1	398313	0	16.882	5.793	18	1194748	0	nu-candidate	10	1	1	1	0	1.621	101.4	9	46.245373	-147.75958	403.19147	1.4610422	-15.0	1.0	1.0	0.7	0.0	531.9852	14.277789	0.0	14.277789	8	1.2121829
mcp2k	18255	1	398369	0	11.995	0.804	13	339060	0	no-bundle	9	0	1	0	0																		
mcp2k	18255	1	398567	0	20.497	9.312	22	1231636	0	nu-candidate	11	1	1	1	0	1.048	345.0	3	-7.807461	-74.7776	174.37457	5.026759	-15.0	1.0	0.0	0.7	0.0	1084.3271	1.0656072	0.0	1.0656072	2	1.313904
mcp2k	18255	1	398743	0	12.087	1.139	14	413184	0	no-bundle	13	0	1	0	0																		
mcp2k	18255	1	398775	0	12.093	1.245	14	429600	0	cosmic-tagged	16	1	1	0	0																		
mcp2k	18255	1	398787	0	12.022	1.173	14	425164	0	cosmic-tagged	13	1	1	0	0																		
mcp2k	18255	1	398819	0	16.861	6.060	18	1337360	0	nu-candidate	17	1	1	1	0	1.834	5.2	4	75.60803	-54.03114	123.500565	-1.3902982	-15.0	1.0	0.0	0.7	0.0	158.29771	0.0	0.0	0.0	0	7.7014146
mcp2k	18255	1	398995	0	12.003	0.966	13	393284	0	cosmic-tagged	13	1	1	0	0																		
mcp2k	18255	1	399061	0	15.423	4.778	17	1141604	0	nu-candidate	6	1	1	1	0	1.890	79.2	7	77.14913	-141.29828	66.63433	0.95736593	-15.0	1.0	0.0	0.7	0.0	318.62817	1.5452588	0.0	1.5452588	2	7.5571737
mcp2k	18255	1	399073	0	17.905	4.071	19	809448	0	cosmic-tagged	12	1	1	1	0	0.754	2.5	0	0.0	0.0	0.0	-1.9416895	-15.0	1.0	0.0	0.7	0.0	0.0	0.0	0.0	0.0	0	0.0
mcp2k	18255	1	399139	0	13.059	1.619	15	463068	0	cosmic-tagged	16	1	1	0	0																		
mcp2k	18255	1	399161	0	15.461	1.011	17	400076	0	no-beam-flash	11	0	0	0	0																		
mcp2k	18255	1	399215	0	14.391	1.299	16	442104	0	no-beam-flash	10	0	0	0	0																		
mcp2k	18255	1	399249	0	15.660	1.577	17	447908	0	cosmic-tagged	9	1	1	0	0																		
mcp2k	18255	1	399303	0	18.070	6.965	20	1268564	0	nu-candidate	13	1	1	1	0	0.580	190.8	5	33.15486	147.45465	101.185875	4.678638	-15.0	1.0	0.0	0.7	0.0	940.9103	0.0	0.0	0.0	0	4.021598
mcp2k	18255	1	399315	0	11.979	0.640	13	319740	0	cosmic-tagged	7	1	1	0	0																		
mcp2k	18255	1	399325	0	11.919	0.988	13	397276	0	cosmic-tagged	13	1	1	0	0																		
mcp2k	18255	1	399457	0	15.498	1.053	17	384472	0	cosmic-tagged	13	1	1	0	0																		
mcp2k	18255	1	399525	0	15.553	1.117	17	409504	0	no-bundle	12	0	1	0	0																		
mcp2k	18255	1	399743	0	15.516	1.059	17	403612	0	no-beam-flash	14	0	0	0	0																		
mcp2k	18255	1	399787	0	14.164	0.689	16	327936	0	no-beam-flash	8	0	0	0	0																		
mcp2k	18255	1	399853	0	15.634	5.952	19	1225256	0	nu-candidate	10	1	1	1	0	1.617	134.0	7	-51.554245	-75.967354	434.6236	0.38740528	-15.0	1.0	1.0	0.7	0.0	438.31824	3.1348157	0.0	3.1348157	2	4.564604
mcp2k	18255	1	399899	0	12.765	1.452	16	403608	0	cosmic-tagged	10	1	1	0	0																		
mcp2k	18255	1	399941	0	16.009	1.378	17	459388	0	cosmic-tagged	14	1	1	0	0																		
mcp2k	18255	1	399963	0	12.469	1.071	14	392328	0	nu-candidate	15	1	2	0	0																		
mcp2k	18255	1	400029	0	19.695	9.147	21	1188360	0	nu-candidate	11	1	1	1	0	1.635	206.6	13	35.366554	-136.50645	166.39955	3.7112477	-15.0	1.0	0.0	0.7	0.0	796.9606	18.59992	0.0	18.59992	8	1.121262
mcp2k	18255	1	400073	0	15.931	0.928	17	375052	0	cosmic-tagged	11	1	1	0	0																		
mcp2k	18255	1	400117	0	20.937	8.751	23	1278744	0	nu-candidate	12	1	1	1	0	1.648	316.4	2	-82.88116	-8.650591	165.3622	5.4589505	-15.0	1.0	0.0	0.7	0.0	1102.8123	0.0	0.0	0.0	0	0.0
mcp2k	18255	1	400185	0	19.466	5.716	21	1152964	0	nu-candidate	10	1	1	1	0	1.402	71.2	23	118.89733	129.62573	25.58001	0.04865993	-15.0	1.0	0.0	0.7	0.0	374.90863	144.73743	0.0	144.73743	2	26.251476
mcp2k	18255	1	400239	0	20.760	6.401	22	1205124	0	nu-candidate	11	1	1	1	0	1.768	183.2	2	-133.41469	-44.28183	330.87628	4.26856	-15.0	1.0	0.0	0.7	0.0	554.5941	0.0	0.0	0.0	0	1.735402
mcp2k	18255	1	400251	0	19.591	5.719	21	1179664	0	nu-candidate	13	1	1	1	0	0.582	23.0	12	-64.840515	123.3064	70.23296	-0.4574168	-15.0	1.0	0.0	0.7	0.0	458.81903	1.2588582	0.0	1.2588582	1	11.66617
mcp2k	18255	1	400273	0	13.655	4.921	15	1153876	0	nu-candidate	9	2	2	1	0	1.064	2.5	1	116.57998	-127.73563	316.19476	-2.2469792	-15.0	1.0	0.0	0.7	0.0	14.014359	0.0	0.0	0.0	0	1.5837696
mcp2k	18255	1	400349	0	19.796	5.996	21	1376516	0	cosmic-tagged	14	1	1	1	0	0.975	17.5	5	0.0	0.0	0.0	-1.9416895	-15.0	1.0	0.0	0.7	0.0	0.0	0.0	0.0	0.0	0	0.0
mcp2k	18255	1	400427	0	14.727	5.329	16	1176312	0	nu-candidate	8	1	1	1	0	1.834	7.4	17	-57.376877	68.6765	66.92805	-1.560769	-15.0	1.0	0.0	0.7	0.0	164.52544	1.9124345	0.0	1.9124345	2	76.15659
mcp2k	18255	1	400779	0	19.506	5.800	21	1221132	0	nu-candidate	18	1	1	1	0	0.891	88.0	4	99.62635	32.268845	266.68228	0.82359844	-15.0	1.0	0.0	0.7	0.0	507.1482	5.727929	5.727929	0.0	1	4.7529674
mcp2k	18255	1	401109	0	16.033	1.346	17	439868	0	no-bundle	14	0	2	0	0																		
mcp2k	18255	1	401197	0	19.681	5.409	21	1212080	0	nu-candidate	9	1	2	1	0	1.370	11.1	1	74.32097	-186.58685	384.49792	-2.9584296	-15.0	1.0	0.0	0.7	0.0	126.61217	0.0	0.0	0.0	0	0.0
mcp2k	18255	1	401241	0	16.334	4.933	20	1157624	0	nu-candidate	7	1	1	1	0	1.993	18.4	4	56.646687	199.948	371.7143	-1.2805983	-15.0	1.0	1.0	0.7	0.0	80.269646	89.05043	0.0	89.05043	3	15.815994
mcp2k	18255	1	401351	0	13.318	1.199	14	428568	0	no-bundle	14	0	1	0	0																		
mcp2k	18255	1	401395	0	13.412	1.373	14	453716	0	cosmic-tagged	17	1	1	0	0																		
mcp2k	18255	1	401527	0	11.879	0.855	13	371436	0	nu-candidate	13	1	1	0	0																		
mcp2k	18255	1	401571	0	11.851	0.703	13	330752	0	cosmic-tagged	8	1	1	0	0																		
mcp2k	18255	1	401637	0	13.149	1.506	15	393804	0	cosmic-tagged	7	1	1	0	0																		
mcp2k	18255	1	401703	0	13.214	1.125	15	383916	0	cosmic-tagged	11	1	1	0	0																		
mcp2k	18255	1	401769	0	11.974	0.643	13	313492	0	cosmic-tagged	13	1	1	0	0																		
mcp2k	18255	1	402077	0	18.037	6.422	20	1198568	0	nu-candidate	9	1	1	1	0	0.721	57.7	5	-73.30465	147.68726	277.55658	2.1130123	-15.0	1.0	0.0	0.7	0.0	783.40186	40.495422	36.689747	3.8056762	4	3.1633184
mcp2k	18255	1	402209	0	18.049	6.241	20	1214592	0	nu-candidate	10	1	1	1	0	2.003	95.4	9	181.73474	-72.61698	152.38719	3.7520802	-15.0	1.0	0.0	0.7	0.0	780.9518	1.1076604	0.0	1.1076604	1	4.8378687
mcp2k	18255	1	402297	0	19.297	8.480	21	1220060	0	cosmic-tagged	9	1	1	1	0	1.433	229.7	8	-107.08729	8.286606	97.36935	1.7924477	-15.0	1.0	1.0	0.7	0.0	935.0939	2.0090039	0.0	2.0090039	3	5.253618
mcp2k	18255	1	402319	0	13.172	0.786	15	332456	0	cosmic-tagged	8	1	1	0	0																		
mcp2k	18255	1	402627	0	13.344	1.125	15	416744	0	no-bundle	13	0	1	0	0																		
mcp2k	18255	1	402649	0	13.276	1.108	15	414524	0	cosmic-tagged	11	1	1	0	0																		
mcp2k	18255	1	402913	0	14.458	1.801	16	450192	0	cosmic-tagged	9	1	1	0	0																		
mcp2k	18255	1	403023	0	16.616	6.195	17	1197512	0	nu-candidate	10	1	1	1	0	1.805	82.9	17	-79.29042	73.1503	423.06662	2.532086	-15.0	1.0	0.0	0.7	0.0	551.83093	1.7946329	0.0	1.7946329	2	11.080996
mcp2k	18255	1	403309	0	16.855	5.223	19	1209368	0	nu-candidate	10	1	1	1	0	0.978	34.4	2	14.205666	-181.54576	467.44913	-0.4296828	-9.623378	1.0	0.0	0.7	0.0	103.19484	1.2845496	0.0	1.2845496	1	0.33460218
mcp2k	18255	1	403375	0	13.209	0.961	15	368612	0	no-beam-flash	14	0	0	0	0																		
mcp2k	18255	1	403397	0	16.853	6.057	18	1174504	0	nu-candidate	8	1	1	1	0	1.970	67.4	9	-47.10516	45.180405	220.77065	4.357729	-15.0	1.0	0.0	0.7	0.0	529.9446	2.3854022	0.0	2.3854022	2	11.249717
mcp2k	18255	1	403419	0	13.236	1.017	15	370768	0	cosmic-tagged	10	1	1	0	0																		
mcp2k	18255	1	403441	0	15.755	5.323	17	1208288	0	nu-candidate	11	1	1	1	0	1.154	1.8	5	142.05493	70.68798	430.27994	-1.5634937	-15.0	1.0	0.0	0.7	0.0	114.95057	0.0	0.0	0.0	0	7.353097
mcp2k	18255	1	403859	0	11.925	0.773	13	339880	0	no-bundle	12	0	1	0	0																		
mcp2k	18255	1	404189	0	17.960	7.279	19	1188364	0	nu-candidate	11	1	1	1	0	1.798	207.7	1	-71.46144	62.939445	192.77837	4.3808184	-15.0	1.0	0.0	0.7	0.0	850.92926	0.0	0.0	0.0	0	0.0
mcp2k	18255	1	404299	0	10.914	1.386	12	440104	0	cosmic-tagged	12	1	1	0	0																		
mcp2k	18255	1	404629	0	10.610	1.113	12	411200	0	cosmic-tagged	12	1	1	0	0																		
mcp2k	18255	1	404893	0	11.948	1.049	13	398112	0	no-beam-flash	14	0	0	0	0																		
mcp2k	18255	1	405025	0	11.954	1.090	13	391208	0	cosmic-tagged	9	1	1	0	0																		
mcp2k	18255	1	405201	0	17.986	9.038	20	1252384	0	nu-candidate	17	1	1	1	0	1.911	313.2	13	33.333485	14.162178	72.59874	4.0540347	-15.0	1.0	0.0	0.7	0.0	1243.508	1.3680435	0.0	1.3680435	1	0.21434346
mcp2k	18255	1	405223	0	11.742	0.649	13	319504	0	nu-candidate	5	1	1	0	0																		
mcp2k	18255	1	405443	0	13.118	1.101	15	400100	0	no-bundle	13	0	1	0	0																		
mcp2k	18255	1	405487	0	12.048	1.001	13	372780	0	cosmic-tagged	12	1	1	0	0																		
mcp2k	18255	1	405707	0	29.192	17.755	31	1359172	0	nu-candidate	14	1	1	1	0	0.837	316.1	6	-19.969519	168.46394	212.42957	4.010946	-15.0	1.0	0.0	0.7	0.0	934.9278	661.433	659.54474	1.888244	5	8.562024
mcp2k	18255	1	405839	0	13.042	0.891	14	357132	0	no-bundle	11	0	1	0	0																		
mcp2k	18255	1	405927	0	15.584	5.482	17	1216188	0	nu-candidate	14	1	1	1	0	1.628	65.8	6	109.74171	-73.32811	103.72319	1.9020205	-15.0	1.0	0.0	0.7	0.0	296.91663	64.055786	0.0	64.055786	3	0.7623293
mcp2k	18255	1	405971	0	15.642	5.165	17	1156016	0	nu-candidate	15	1	1	1	0	1.138	5.1	1	-170.45172	72.597824	210.53569	-1.5059515	-15.0	1.0	0.0	0.7	0.0	156.5731	0.0	0.0	0.0	0	2.932275
mcp2k	18255	1	406125	0	18.015	7.457	20	1175944	0	nu-candidate	10	1	1	1	0	1.570	89.5	42	-7.987071	15.622402	28.149786	1.1927531	-9.588842	1.0	0.0	0.7	0.0	837.0916	3.6419263	0.0	3.6419263	3	26.4441
mcp2k	18255	1	406147	0	24.108	12.704	26	1227076	0	nu-candidate	14	1	1	1	0	1.932	343.7	16	87.35156	-117.91778	62.732666	5.152449	-15.0	1.0	0.0	0.7	0.0	1292.7472	10.051658	0.0	10.051658	5	13.637265
mcp2k	18255	1	406257	0	10.703	1.025	12	381876	0	cosmic-tagged	9	1	1	0	0																		
mcp2k	18255	1	406323	0	10.741	1.089	12	400036	0	no-beam-flash	16	0	0	0	0																		
mcp2k	18255	1	406367	0	15.681	6.023	17	1242128	0	nu-candidate	10	1	1	1	0	1.835	66.3	6	-54.370293	164.77298	251.8066	1.402556	-15.0	1.0	0.0	0.7	0.0	407.09586	3.1870947	0.0	3.1870947	2	5.120998
mcp2k	18255	1	406631	0	19.381	10.982	21	1246740	0	nu-candidate	12	1	1	1	0	0.992	288.8	10	-166.6518	-14.5816555	295.30075	0.8466321	-15.0	1.0	0.0	0.7	0.0	979.1765	6.970036	0.0	6.970036	5	28.400255
mcp2k	18255	1	407314	0	10.791	1.103	12	403148	0	no-beam-flash	7	0	0	0	0																		
mcp2k	18255	1	407534	0	13.177	5.916	15	1180252	0	nu-candidate	11	1	1	1	0	1.359	69.6	9	186.69366	-80.41059	90.015366	2.1486194	-15.0	1.0	0.0	0.7	0.0	632.4184	6.395622	0.0	6.395622	4	4.3422003
mcp2k	18255	1	407798	0	15.612	7.064	17	1231892	0	cosmic-tagged	16	1	1	1	0	1.506	1.4	0	-3.9427361	110.15921	323.29562	0.79712325	-15.0	1.0	0.0	0.7	0.0	683.7147	9.970056	0.0	9.970056	5	26.230932
mcp2k	18255	1	407886	0	15.458	6.832	17	1168972	0	nu-candidate	8	1	1	1	0	1.379	119.9	6	36.921547	-19.32697	96.175415	-0.91247004	-15.0	1.0	1.0	-0.5645629	0.0	467.66632	619.06036	432.7248	186.33556	2	15.742008
mcp2k	18255	1	408304	0	14.308	5.625	16	1140276	0	nu-candidate	6	1	1	1	0	2.024	29.4	21	99.266945	-121.92869	185.52682	-0.047849286	-3.3782449	1.0	0.0	0.7	0.0	382.74176	22.695616	0.0	22.695616	10	3.0910509
mcp2k	18255	1	408326	0	16.676	7.879	18	1206948	0	nu-candidate	17	1	1	1	0	1.745	211.8	2	66.89825	-98.93109	231.95389	4.9818306	-15.0	1.0	0.0	0.7	0.0	913.32916	1.8410068	0.0	1.8410068	1	1.0184767
mcp2k	18255	1	408348	0	11.997	0.858	13	356576	0	no-beam-flash	12	0	0	0	0																		
mcp2k	18255	1	408414	0	12.427	2.228	14	605984	0	no-beam-flash	16	0	0	0	0																		
mcp2k	18255	1	408678	0	18.033	6.589	20	1162752	0	nu-candidate	11	1	1	1	0	0.820	59.1	27	-170.76186	-14.295777	435.22507	0.4956806	-7.2973304	1.0	0.0	0.7	0.0	529.1135	14.880582	0.0	14.880582	5	46.98591
mcp2k	18255	1	409052	0	15.710	5.773	17	1209412	0	nu-candidate	12	1	1	1	0	1.882	164.9	1	190.44492	-112.207825	321.81876	-1.2915916	-15.0	1.0	1.0	0.7	0.0	521.7295	1.910573	0.0	1.910573	1	0.0
mcp2k	18255	1	409118	0	11.969	0.926	13	375448	0	no-beam-flash	13	0	0	0	0																		
mcp2k	18255	1	409140	0	15.707	5.978	17	1211056	0	nu-candidate	11	1	1	1	0	1.052	73.9	9	-75.79961	3.756099	418.1617	0.8028268	-2.5617678	1.0	0.0	0.7	0.0	458.60483	11.977282	0.0	11.977282	4	0.0
mcp2k	18255	1	409184	0	11.982	1.146	13	416108	0	cosmic-tagged	13	1	1	0	0																		
mcp2k	18255	1	409250	0	10.678	0.665	12	323820	0	nu-candidate	8	1	1	0	0																		
mcp2k	18255	1	409272	0	12.074	1.162	14	413776	0	no-bundle	8	0	1	0	0																		
mcp2k	18255	1	409514	0	15.442	4.771	17	1123052	0	nu-candidate	6	1	1	1	0	1.877	32.3	6	-37.759457	114.36615	222.61555	-2.6905842	-15.0	1.0	0.0	0.7	0.0	232.6169	8.962092	0.0	8.962092	5	1.0695618
mcp2k	18255	1	409624	0	19.170	7.371	21	1292424	0	nu-candidate	14	2	2	1	0	0.715	48.2	25	-146.068	-56.999325	329.82825	1.2925167	-15.0	1.0	0.0	0.7	0.0	597.4968	0.0	0.0	0.0	0	13.90671
mcp2k	18255	1	409686	0	14.410	1.183	16	426700	0	cosmic-tagged	15	1	1	0	0																		
mcp2k	18255	1	409708	0	13.105	0.903	15	360184	0	cosmic-tagged	9	1	1	0	0																		
mcp2k	18255	1	409862	0	14.354	1.124	16	412888	0	cosmic-tagged	12	1	1	0	0																		
mcp2k	18255	1	409888	0	24.012	11.167	26	1204744	0	nu-candidate	12	1	1	1	0	0.723	348.0	13	-43.90315	-38.14721	125.92218	5.4886146	-15.0	1.0	0.0	0.7	0.0	1310.1112	0.0	0.0	0.0	0	4.762193
mcp2k	18255	1	409906	0	18.989	6.625	21	1161652	0	nu-candidate	9	1	1	1	0	1.847	95.8	17	-18.946177	-69.05911	382.00003	3.197403	-15.0	1.0	0.0	0.7	0.0	878.9785	1.2274855	0.0	1.2274855	1	21.835121
mcp2k	18255	1	410020	0	14.323	1.220	16	434860	0	no-beam-flash	16	0	0	0	0																		
mcp2k	18255	1	410042	0	14.404	1.229	16	430044	0	no-beam-flash	10	0	0	0	0																		
mcp2k	18255	1	410064	0	16.770	4.946	18	1163188	0	nu-candidate	13	1	2	1	0	2.038	2.1	6	-177.85172	170.96088	490.40866	-2.370732	-15.0	1.0	0.0	0.7	0.0	113.6948	0.0	0.0	0.0	0	6.337503
mcp2k	18255	1	410082	0	13.014	0.791	14	336372	0	no-beam-flash	7	0	0	0	0																		
mcp2k	18255	1	410126	0	16.765	5.459	18	1228168	0	nu-candidate	13	1	1	1	0	1.421	46.8	5	-177.71268	146.4963	153.19917	0.60552114	-15.0	1.0	1.0	0.7	0.0	240.7185	4.376537	0.0	4.376537	5	0.0
mcp2k	18255	1	410148	0	13.097	1.126	15	390144	0	cosmic-tagged	7	1	1	0	0																		
mcp2k	18255	1	410328	0	13.079	0.942	14	358340	0	cosmic-tagged	11	1	1	0	0																		
mcp2k	18255	1	410456	0	11.993	0.874	13	358232	0	nu-candidate	11	1	1	0	0																		
mcp2k	18255	1	410566	0	17.914	5.106	19	1164532	0	nu-candidate	8	1	1	1	0	1.348	41.3	7	-4.1109996	-94.41488	90.596405	1.3828576	-15.0	1.0	0.0	0.7	0.0	457.21072	1.1044401	0.0	1.1044401	1	8.180464
mcp2k	18255	1	410658	0	12.976	0.902	14	362152	0	cosmic-tagged	11	1	1	0	0																		
mcp2k	18255	1	410680	0	18.075	7.821	20	1172172	0	nu-candidate	9	1	1	1	0	1.489	147.1	8	-80.821495	10.855036	11.842837	2.2953064	-15.0	1.0	0.0	0.7	0.0	874.15094	0.0	0.0	0.0	0	36.952076
mcp2k	18255	1	410698	0	18.220	8.151	20	1294784	0	nu-candidate	16	2	2	1	0	1.815	35.8	25	179.5394	42.65021	184.80998	3.7108798	-15.0	1.0	0.0	0.7	0.0	491.3086	0.0	0.0	0.0	0	4.75922
mcp2k	18255	1	410764	0	13.261	1.507	15	443916	0	cosmic-tagged	21	1	1	0	0																		
mcp2k	18255	1	410768	0	14.333	4.884	16	1176056	0	nu-candidate	10	1	1	1	0	0.778	13.9	5	-23.381878	23.993372	265.83542	-3.26979	-15.0	1.0	0.0	0.7	0.0	138.58592	3.7854671	0.0	3.7854671	2	2.513239
mcp2k	18255	1	411006	0	14.236	0.996	16	388036	0	no-bundle	10	0	1	0	0																		
mcp2k	18255	1	411010	0	16.718	4.799	18	1129984	0	nu-candidate	8	1	1	1	0	1.691	5.4	2	-196.90128	43.622517	124.377594	-2.19948	-15.0	1.0	0.0	0.7	0.0	23.886934	0.0	0.0	0.0	0	14.240339
mcp2k	18255	1	411032	0	13.323	1.480	15	474460	0	no-beam-flash	14	0	0	0	0																		
mcp2k	18255	1	411142	0	14.512	1.584	16	443500	0	cosmic-tagged	12	1	1	0	0																		
mcp2k	18255	1	411402	0	14.352	0.750	16	328384	0	nu-candidate	6	1	1	0	0																		
mcp2k	18255	1	411450	0	14.434	0.930	16	365972	0	cosmic-tagged	11	1	1	0	0																		
mcp2k	18255	1	411556	0	14.621	1.335	16	437492	0	no-beam-flash	13	0	0	0	0																		
mcp2k	18255	1	411802	0	13.102	0.613	15	311932	0	cosmic-tagged	10	1	1	0	0																		
mcp2k	18255	1	411864	0	12.155	1.036	14	396600	0	cosmic-tagged	11	1	1	0	0																		
mcp2k	18255	1	411886	0	12.222	0.965	14	384940	0	nu-candidate	12	1	1	0	0																		
mcp2k	18255	1	411996	0	13.197	1.389	14	483448	0	cosmic-tagged	11	1	1	0	0																		
mcp2k	18255	1	412062	0	16.529	4.931	17	1140916	0	nu-candidate	7	1	1	1	0	0.928	3.3	1	193.00798	-19.828045	340.87976	-1.539388	-15.0	1.0	0.0	0.7	0.0	44.2144	1.6335176	0.0	1.6335176	1	0.0
mcp2k	18255	1	412088	0	13.196	1.323	15	411936	0	cosmic-tagged	12	1	1	0	0																		
mcp2k	18255	1	412194	0	12.949	0.978	15	377240	0	cosmic-tagged	13	1	1	0	0																		
mcp2k	18255	1	412238	0	14.335	1.061	16	387660	0	cosmic-tagged	15	1	1	0	0																		
mcp2k	18255	1	412242	0	20.348	8.620	22	1214096	0	nu-candidate	12	1	1	1	0	1.455	93.2	39	185.55334	84.29428	167.78513	2.1369846	-15.0	1.0	0.0	0.7	0.0	1141.9336	11.822258	0.0	11.822258	6	579.17194
mcp2k	18255	1	412308	0	14.262	1.003	16	378756	0	no-bundle	10	0	1	0	0																		
mcp2k	18255	1	412326	0	15.530	4.753	17	1138248	0	nu-candidate	7	1	1	1	0	1.109	36.9	12	-168.54372	70.00464	479.0091	-0.061666325	-15.0	1.0	0.0	0.7	0.0	325.7924	1.1983126	0.0	1.1983126	1	99.59846
mcp2k	18255	1	412396	0	21.721	7.720	23	1310876	0	nu-candidate	16	1	1	1	0	0.510	134.6	4	-81.751976	-131.57788	73.12278	4.331256	-15.0	1.0	0.0	0.7	0.0	685.2421	0.8456927	0.0	0.8456927	1	2.5401664
mcp2k	18255	1	412436	0	13.147	0.643	15	315640	0	cosmic-tagged	8	1	1	0	0																		
mcp2k	18255	1	412480	0	13.257	0.931	15	363868	0	no-bundle	9	0	1	0	0																		
mcp2k	18255	1	412612	0	15.589	5.919	17	1176852	0	nu-candidate	7	1	1	1	0	1.764	147.7	1	-0.6142748	-198.71489	304.69263	-3.4165056	-15.0	1.0	1.0	0.7	0.0	473.84503	0.0	0.0	0.0	0	0.0
mcp2k	18255	1	412638	0	19.306	7.223	21	1268544	0	nu-candidate	17	1	1	1	0	1.946	259.2	7	20.777908	-62.676365	42.37208	5.4863997	-15.0	1.0	1.0	0.7	0.0	798.8054	0.0	0.0	0.0	0	25.1378
mcp2k	18255	1	412858	0	13.189	0.874	15	379904	0	cosmic-tagged	12	1	1	0	0																		
mcp2k	18255	1	413030	0	13.331	1.384	15	472808	0	no-beam-flash	12	0	0	0	0																		
mcp2k	18255	1	413228	0	14.536	2.365	16	511788	0	cosmic-tagged	12	1	1	0	0																		
mcp2k	18255	1	413496	0	9.591	1.091	11	409964	0	no-beam-flash	11	0	0	0	0																		
mcp2k	18255	1	413540	0	10.732	1.449	12	421452	0	cosmic-tagged	15	1	1	0	0																		
mcp2k	18255	1	413580	0	12.002	1.482	14	449296	0	cosmic-tagged	9	1	1	0	0																		
mcp2k	18255	1	413602	0	10.948	1.137	12	415576	0	no-beam-flash	12	0	0	0	0																		
mcp2k	18255	1	413628	0	13.247	0.953	15	377252	0	nu-candidate	12	1	1	0	0																		
mcp2k	18255	1	413690	0	13.169	1.062	15	404128	0	no-bundle	14	0	1	0	0																		
mcp2k	18255	1	413910	0	14.441	1.365	16	431164	0	cosmic-tagged	9	1	1	0	0																		
mcp2k	18255	1	413976	0	14.411	1.024	16	385704	0	nu-candidate	12	1	1	0	0																		
mcp2k	18255	1	414002	0	14.435	1.136	16	403680	0	no-bundle	13	0	1	0	0																		
mcp2k	18255	1	414024	0	18.021	6.210	20	1182112	0	nu-candidate	11	1	1	1	0	1.245	156.7	9	2.2321172	-188.3365	87.05678	3.3353188	-15.0	1.0	0.0	0.7	0.0	892.2557	8.753012	0.0	8.753012	5	407.4426
mcp2k	18255	1	414200	0	19.196	6.354	21	1194404	0	nu-candidate	8	1	1	1	0	0.880	185.5	1	-75.25774	-94.81393	377.875	3.8827002	-15.0	1.0	0.0	0.7	0.0	909.43054	1.5115122	0.0	1.5115122	1	0.0
mcp2k	18255	1	414240	0	19.458	8.098	21	1264240	0	nu-candidate	13	1	1	1	0	1.949	306.8	3	7.6977124	99.70383	219.027	3.279898	-15.0	1.0	0.0	0.7	0.0	1126.4501	1.6378	0.0	1.6378	1	2.8994048
mcp2k	18255	1	414288	0	18.041	5.252	20	1228332	0	nu-candidate	12	1	1	1	0	1.664	15.3	0	-191.423	165.55653	98.06714	-1.8758962	-15.0	1.0	0.0	0.7	0.0	256.39554	0.0	0.0	0.0	0	0.0
mcp2k	18255	1	414306	0	16.912	5.847	18	1166380	0	nu-candidate	10	1	1	1	0	0.776	217.4	1	-127.12557	-19.960617	49.428482	0.7918953	-15.0	1.0	1.0	0.7	0.0	676.30414	0.6381174	0.0	0.6381174	1	0.0
mcp2k	18255	1	414372	0	16.753	5.289	18	1163636	0	nu-candidate	9	1	1	1	0	1.085	43.2	3	-116.616806	191.43944	290.21442	2.3046339	-15.0	1.0	0.0	0.7	0.0	375.67178	89.8543	0.0	89.8543	2	1.6952518
mcp2k	18255	1	414416	0	12.975	0.807	14	345716	0	cosmic-tagged	10	1	1	0	0																		
mcp2k	18255	1	414442	0	17.065	6.406	19	1257460	0	cosmic-tagged	13	1	1	1	0	1.896	112.0	4	174.9462	-158.18748	0.033753857	-2.4414046	-15.0	1.0	1.0	-0.043015283	0.0	425.6684	46.842186	46.842186	0.0	1	2.2042668
mcp2k	18255	1	414460	0	12.085	0.887	13	356008	0	nu-candidate	14	1	1	0	0																		
mcp2k	18255	1	414552	0	15.800	5.104	17	1193936	0	nu-candidate	16	1	1	1	0	0.803	1.7	3	107.30397	-144.69525	389.33502	-1.1940416	-15.0	1.0	0.0	0.7	0.0	106.938896	4.236819	0.0	4.236819	2	0.0
mcp2k	18255	1	414592	0	13.135	1.085	15	387836	0	cosmic-tagged	10	1	1	0	0																		
mcp2k	18255	1	414636	0	12.019	1.042	13	380404	0	no-beam-flash	10	0	0	0	0																		
mcp2k	18255	1	414684	0	19.440	8.053	21	617008	0	cosmic-tagged	7	1	1	0	0																		
mcp2k	18255	1	414834	0	12.233	1.780	14	458436	0	cosmic-tagged	16	2	2	0	0																		
mcp2k	18255	1	415054	0	12.071	0.850	13	358084	0	no-beam-flash	10	0	0	0	0																		
mcp2k	18255	1	415186	0	15.836	6.184	17	1286500	0	nu-candidate	14	1	1	1	0	1.211	85.3	9	-134.01433	74.130646	201.86725	2.874844	-15.0	1.0	0.0	0.7	0.0	527.19415	1.4271307	0.0	1.4271307	1	12.808855
mcp2k	18255	1	415212	0	13.139	1.051	15	395300	0	nu-candidate	10	1	1	0	0																		
mcp2k	18255	1	415256	0	12.988	0.933	15	347992	0	cosmic-tagged	9	1	1	0	0																		
mcp2k	18255	1	415278	0	49.212	37.081	51	1384120	0	cosmic-tagged	12	1	1	1	0	1.741	80.7	62	65.40259	13.004496	158.14622	0.116997086	-1.6816462	1.0	0.0	0.7	0.0	2432.109	255.31944	0.0	255.31944	17	1263.8635
mcp2k	18255	1	415564	0	17.912	6.457	20	1193192	0	nu-candidate	13	1	1	1	0	0.627	126.3	3	3.2248335	124.96117	324.07156	2.8600106	-15.0	1.0	1.0	0.7	0.0	500.58575	1.4010098	0.0	1.4010098	1	36.540485
mcp2k	18255	1	415890	0	12.772	0.864	13	342396	0	cosmic-tagged	11	1	1	0	0																		
mcp2k	18255	1	415912	0	12.062	1.133	14	412528	0	cosmic-tagged	11	1	1	0	0																		
mcp2k	18255	1	415956	0	13.265	1.417	15	457740	0	cosmic-tagged	14	1	1	0	0																		
mcp2k	18255	1	416418	0	13.178	1.028	15	383876	0	nu-candidate	12	1	1	0	0																		
mcp2k	18255	1	417100	0	19.221	6.558	21	1285876	0	nu-candidate	16	1	1	1	0	1.200	156.7	1	-119.64432	-27.62805	348.03503	3.0238316	-15.0	1.0	0.0	0.7	0.0	501.19	1.3535326	0.0	1.3535326	1	0.0
mcp2k	18255	1	417298	0	12.074	1.429	13	466860	0	cosmic-tagged	12	1	1	0	0																		
mcp2k	18255	1	417496	0	16.708	5.139	18	1180196	0	nu-candidate	13	1	1	1	0	1.604	29.4	6	-166.22786	-87.2635	458.81384	-2.7740037	-15.0	1.0	0.0	0.7	0.0	231.7785	1.8770983	0.0	1.8770983	2	9.56761
mcp2k	18255	1	417584	0	10.951	1.219	12	436064	0	cosmic-tagged	10	1	1	0	0																		
mcp2k	18255	1	417782	0	14.336	4.958	16	1149996	0	nu-candidate	11	1	1	1	0	1.382	12.7	8	34.867077	111.2251	39.160133	-2.9991806	-15.0	1.0	0.0	0.7	0.0	137.26143	9.410342	0.0	9.410342	7	4.8979397
mcp2k	18255	1	473358	0	15.817	5.888	17	1303464	0	nu-candidate	16	2	2	1	0	1.624	27.2	1	35.73322	-95.847496	32.972782	-2.8629308	-15.0	1.0	0.0	0.7	0.0	201.95634	0.0	0.0	0.0	0	1.9281123
mcp2k	18255	1	473446	0	11.906	0.982	13	375080	0	cosmic-tagged	12	1	1	0	0																		
mcp2k	18255	1	473644	0	11.927	0.881	13	363836	0	no-bundle	14	0	1	0	0																		
mcp2k	18255	1	473776	0	13.229	1.336	15	442932	0	cosmic-tagged	13	1	1	0	0																		
mcp2k	18255	1	473886	0	18.641	5.262	20	1226808	0	nu-candidate	11	1	1	1	0	1.260	6.7	0	-169.32457	2.8781292	405.59558	-1.0308582	-15.0	1.0	0.0	0.7	0.0	77.99471	0.0	0.0	0.0	0	0.0
mcp2k	18255	1	473952	0	19.936	6.661	22	1288200	0	nu-candidate	16	1	1	1	0	1.657	149.0	13	-96.64231	104.28803	358.96036	3.0341115	-15.0	1.0	0.0	0.7	0.0	702.63684	4.2900786	0.0	4.2900786	3	6.0356503
mcp2k	18255	1	474260	0	11.962	0.858	13	363148	0	no-beam-flash	12	0	0	0	0																		
mcp2k	18255	1	474370	0	17.311	5.332	19	1118448	0	nu-candidate	8	1	1	1	0	1.398	118.2	14	-1.8383104	98.32876	131.27625	2.3752499	-15.0	1.0	0.0	0.7	0.0	406.95178	3.3552203	0.0	3.3552203	3	6.8831325
mcp2k	18255	1	474568	0	12.005	0.822	13	350980	0	no-beam-flash	11	0	0	0	0																		
mcp2k	18255	1	474612	0	18.672	5.390	20	1200244	0	nu-candidate	8	1	1	1	0	0.663	22.9	2	76.07171	199.80328	264.39322	-2.0202174	-2.5356216	1.0	1.0	0.7	0.0	90.63759	0.0	0.0	0.0	0	0.0
mcp2k	18255	1	474678	0	17.470	7.118	19	1251824	0	nu-candidate	12	1	2	1	0	1.987	93.0	8	-11.52604	190.63066	40.62158	0.0020086989	-15.0	1.0	0.0	0.7	0.0	863.3721	273.48727	0.0	273.48727	5	110.430664
mcp2k	18255	1	474700	0	13.774	0.876	15	362368	0	nu-candidate	12	1	1	0	0																		
mcp2k	18255	1	474722	0	13.806	1.215	15	398428	0	cosmic-tagged	10	1	1	0	0																		
mcp2k	18255	1	474832	0	12.577	0.833	14	355008	0	cosmic-tagged	6	1	1	0	0																		
mcp2k	18255	1	475096	0	18.632	5.773	20	1221220	0	nu-candidate	13	1	1	1	0	0.961	24.8	10	-190.55417	98.50319	33.772083	-0.28034687	-15.0	1.0	0.0	0.7	0.0	228.99124	9.708959	0.0	9.708959	4	0.0
mcp2k	18255	1	475140	0	18.673	6.074	20	1212120	0	nu-candidate	11	1	1	1	0	0.898	138.5	1	-177.37463	-71.84372	369.06497	2.2607124	-15.0	1.0	0.0	0.7	0.0	456.1084	0.0	0.0	0.0	0	0.85953933
mcp2k	18255	1	475250	0	13.817	0.733	15	328416	0	no-bundle	8	0	1	0	0																		
mcp2k	18255	1	475712	0	19.898	6.196	21	1258588	0	nu-candidate	13	1	1	1	0	1.307	49.5	6	-151.16698	-172.06644	4.728849	1.4627867	-15.0	1.0	0.0	0.7	0.0	469.58728	0.56190234	0.0	0.56190234	1	6.545969
mcp2k	18255	1	475756	0	13.626	0.702	15	328580	0	nu-candidate	6	1	1	0	0																		
mcp2k	18255	1	475778	0	9.047	5.136	11	1189464	0	nu-candidate	11	1	1	1	0	1.055	20.5	5	-1.3518088	-86.10083	32.743557	-0.9383376	-10.144001	1.0	0.0	0.7	0.0	142.04059	0.6421696	0.0	0.6421696	1	7.1791162
mcp2k	18255	1	475932	0	12.124	1.197	14	443272	0	nu-candidate	15	1	1	0	0																		
mcp2k	18255	1	476262	0	11.985	0.877	13	367268	0	cosmic-tagged	9	1	1	0	0																		
mcp2k	18255	1	476284	0	13.088	0.941	15	369124	0	no-beam-flash	11	0	0	0	0																		
mcp2k	18255	1	476416	0	13.028	0.855	15	360720	0	nu-candidate	10	1	1	0	0																		
mcp2k	18255	1	476460	0	13.094	0.911	15	374748	0	no-beam-flash	11	0	0	0	0																		
mcp2k	18255	1	476724	0	13.050	0.949	15	370952	0	cosmic-tagged	11	1	1	0	0																		
mcp2k	18255	1	476900	0	12.018	0.761	13	333452	0	no-beam-flash	8	0	0	0	0																		
mcp2k	18255	1	476966	0	16.977	5.466	18	1213628	0	nu-candidate	11	1	1	1	0	1.737	7.4	5	16.020294	128.06068	73.2758	-0.5918433	-15.0	1.0	0.0	0.7	0.0	83.19646	0.0	0.0	0.0	0	4.4328184
mcp2k	18255	1	477098	0	12.062	0.807	13	352308	0	cosmic-tagged	11	1	1	0	0																		
mcp2k	18255	1	477142	0	16.898	5.607	18	1177760	0	nu-candidate	14	1	1	1	0	1.071	68.3	6	129.34195	37.329292	349.3899	2.1938963	-15.0	1.0	0.0	0.7	0.0	660.19135	3.0333865	0.0	3.0333865	2	172.61601
mcp2k	18255	1	477868	0	13.049	0.864	15	324672	0	cosmic-tagged	9	1	1	0	0																		
mcp2k	18255	1	478088	0	18.356	6.903	20	1336320	0	nu-candidate	15	1	1	1	0	1.506	140.9	4	-153.0793	20.171606	404.36914	4.102785	-15.0	1.0	0.0	0.7	0.0	715.71826	0.7578148	0.0	0.7578148	1	1.6290188
mcp2k	18255	1	478220	0	16.862	7.133	18	1215884	0	nu-candidate	13	1	1	1	0	1.913	263.8	15	60.897568	-85.23063	160.4433	3.3213873	-15.0	1.0	0.0	0.7	0.0	795.76526	257.0827	0.0	257.0827	5	20.32463
mcp2k	18255	1	478374	0	15.682	5.492	17	1181412	0	nu-candidate	10	1	1	1	0	1.068	72.3	3	133.85884	139.57556	389.30038	0.27213046	-15.0	1.0	0.0	0.7	0.0	368.99026	3.5683525	0.0	3.5683525	2	4.9148064
mcp2k	18255	1	478594	0	16.841	5.139	18	1176788	0	nu-candidate	11	1	1	1	0	0.680	20.4	2	171.60094	-155.54451	106.92789	-1.4948087	-15.0	1.0	0.0	0.7	0.0	283.65982	0.0	0.0	0.0	0	0.5285318
mcp2k	18255	1	478638	0	15.707	6.191	17	1161244	0	nu-candidate	7	1	1	1	0	1.302	161.7	5	35.786785	-166.34912	110.72335	1.9677224	-15.0	1.0	0.0	0.7	0.0	553.54156	1.3945526	0.0	1.3945526	1	4.6091337
mcp2k	18255	1	478880	0	18.080	7.711	20	1192796	0	nu-candidate	11	1	1	1	0	1.913	143.1	13	-13.743595	-104.15708	133.18022	1.66737	-15.0	1.0	0.0	0.7	0.0	956.4594	50.15707	44.504505	5.652565	5	35.259293
mcp2k	18255	1	478902	0	13.123	0.845	15	359636	0	nu-candidate	12	1	1	0	0																		
mcp2k	18255	1	479166	0	12.159	1.124	14	421072	0	no-bundle	13	0	1	0	0																		
mcp2k	18255	1	479188	0	11.956	0.723	13	330908	0	cosmic-tagged	8	1	2	0	0																		
mcp2k	18255	1	479650	0	17.011	6.777	19	1218688	0	nu-candidate	10	1	1	1	0	0.692	27.7	31	68.28852	167.78311	450.14368	-0.029284	-15.0	1.0	1.0	0.7	0.0	571.77527	3.5089512	0.0	3.5089512	3	157.73499
mcp2k	18255	1	480002	0	17.008	6.209	19	1270340	0	cosmic-tagged	15	1	1	1	0	1.344	22.0	6	0.0	0.0	0.0	-1.9416895	-15.0	1.0	0.0	0.7	0.0	0.0	0.0	0.0	0.0	0	0.0
mcp2k	18255	1	480068	0	12.244	1.584	14	513976	0	cosmic-tagged	13	1	1	0	0																		
mcp2k	18255	1	480112	0	12.019	0.779	13	343976	0	no-bundle	6	0	1	0	0																		
mcp2k	18255	1	480222	0	10.859	1.042	12	388920	0	no-bundle	18	0	1	0	0																		
mcp2k	18255	1	480728	0	15.709	5.183	17	1145728	0	nu-candidate	9	1	1	1	0	0.832	36.5	12	-129.72775	-172.23401	19.931969	3.028866	-15.0	1.0	0.0	0.7	0.0	349.5316	0.54040796	0.0	0.54040796	1	16.383934
mcp2k	18255	1	480772	0	16.877	6.996	18	1174264	0	nu-candidate	11	1	1	1	0	0.990	120.3	9	-8.554019	-168.17314	330.23477	4.500355	-15.0	1.0	0.0	0.7	0.0	542.94196	4.2104464	0.0	4.2104464	3	6.973832
mcp2k	18255	1	480970	0	14.325	5.385	16	1157352	0	nu-candidate	7	1	1	1	0	1.390	82.9	3	-170.7861	131.88106	450.14664	1.2877647	-15.0	1.0	1.0	0.7	0.0	470.63403	3.8049562	0.0	3.8049562	2	0.68387866
mcp2k	18255	1	481014	0	15.564	5.130	17	1183460	0	cosmic-tagged	12	1	1	1	0	1.074	16.0	6	0.0	0.0	0.0	-1.9416895	-15.0	1.0	0.0	0.7	0.0	0.0	0.0	0.0	0.0	0	0.0
mcp2k	18255	1	481036	0	11.978	1.039	14	398236	0	nu-candidate	13	1	1	0	0																		
mcp2k	18255	1	493417	0	12.008	1.094	13	417184	0	no-beam-flash	11	0	0	0	0																		
mcp2k	18255	1	493439	0	15.774	5.580	17	1237340	0	nu-candidate	16	1	1	1	0	0.989	28.0	1	-0.6251127	-130.47209	193.16399	-0.541549	-15.0	1.0	0.0	0.7	0.0	231.78291	0.0	0.0	0.0	0	0.0
mcp2k	18255	1	493615	0	11.994	0.929	13	381248	0	no-beam-flash	9	0	0	0	0																		
mcp2k	18255	1	493659	0	15.669	5.774	17	1244336	0	nu-candidate	13	1	1	1	0	0.788	71.4	9	-68.12206	-144.65837	456.99115	0.60249054	-15.0	1.0	0.0	0.7	0.0	506.8956	0.0	0.0	0.0	0	0.6050035
mcp2k	18255	1	493681	0	13.196	1.032	15	389508	0	no-bundle	15	0	1	0	0																		
mcp2k	18255	1	493835	0	16.894	5.742	18	1222140	0	nu-candidate	15	1	1	1	0	1.814	45.2	6	-139.77238	-64.38818	430.6098	-2.2912724	-15.0	1.0	0.0	0.7	0.0	209.00832	8.56241	0.0	8.56241	3	6.033516
mcp2k	18255	1	494297	0	16.848	6.911	18	1171200	0	nu-candidate	8	1	1	1	0	0.780	154.9	4	19.87787	62.358463	373.65588	4.53288	-15.0	1.0	0.0	0.7	0.0	755.0338	1.3662393	0.0	1.3662393	1	5.160935
mcp2k	18255	1	494605	0	11.962	0.782	13	343464	0	no-bundle	11	0	1	0	0																		
mcp2k	18255	1	494649	0	12.016	0.792	13	343092	0	no-bundle	12	0	1	0	0																		
mcp2k	18255	1	494803	0	12.134	1.320	14	418240	0	cosmic-tagged	14	1	1	0	0																		
mcp2k	18255	1	494847	0	16.851	5.844	18	1136984	0	nu-candidate	5	1	1	1	0	1.189	143.2	11	128.00537	159.47661	410.8316	3.1789386	-15.0	1.0	1.0	0.7	0.0	499.84912	5.6661267	0.0	5.6661267	4	3.3723488
mcp2k	18255	1	495199	0	15.938	6.780	17	1163312	0	nu-candidate	13	1	1	1	0	1.702	125.1	4	34.724934	-1.9672744	32.973644	4.021816	-15.0	1.0	0.0	0.7	0.0	793.14795	1.1435922	0.0	1.1435922	1	1.4001573
mcp2k	18255	1	495551	0	12.262	0.932	14	371728	0	no-beam-flash	12	0	0	0	0																		
mcp2k	18255	1	495859	0	12.249	1.222	14	405188	0	cosmic-tagged	13	1	1	0	0																		
mcp2k	18255	1	495881	0	18.300	6.216	20	1217952	0	nu-candidate	10	1	1	1	0	0.783	59.4	8	-189.42851	179.75609	386.5994	-1.3272907	-15.0	1.0	0.0	0.7	0.0	106.18309	290.9344	290.9344	0.0	4	29.826546
mcp2k	18255	1	497311	0	19.678	8.985	21	1275500	0	nu-candidate	10	1	1	1	0	1.594	315.1	6	79.916176	-160.37637	0.67826176	-3.615124	-15.0	1.0	1.0	0.35252458	0.0	597.8851	1175.6156	0.0	1175.6156	6	0.0
mcp2k	18255	1	497355	0	16.928	5.773	19	1164572	0	nu-candidate	7	1	1	1	0	0.702	126.1	5	127.36084	177.25967	173.66165	3.6530926	-15.0	1.0	0.0	0.7	0.0	460.18604	5.6105614	0.0	5.6105614	4	0.18241614
mcp2k	18255	1	497399	0	17.255	6.239	19	1262520	0	nu-candidate	21	1	1	1	0	1.130	122.4	10	-201.44006	162.2681	95.41956	-2.3945384	-15.0	1.0	1.0	0.7	0.0	501.48248	5.0528784	0.0	5.0528784	3	81.21138
mcp2k	18255	1	497553	0	17.037	5.388	19	1178496	0	nu-candidate	11	1	1	1	0	1.191	39.2	3	-101.692024	53.674423	134.29175	0.14705421	-15.0	1.0	0.0	0.7	0.0	472.39658	2.583387	0.0	2.583387	3	0.0
mcp2k	18255	1	497575	0	13.460	1.027	15	389952	0	nu-candidate	9	1	2	0	0																		
mcp2k	18255	1	497883	0	18.327	7.565	20	1197992	0	nu-candidate	9	1	1	1	0	1.199	138.9	8	13.783915	-125.625946	435.00958	3.1647363	-15.0	1.0	0.0	0.7	0.0	783.66345	1.8237544	0.0	1.8237544	4	11.016467
mcp2k	18255	1	498543	0	13.348	0.781	15	335276	0	cosmic-tagged	11	1	1	0	0																		
mcp2k	18255	1	498609	0	12.325	0.591	14	310368	0	no-bundle	4	0	1	0	0																		
mcp2k	18255	1	498675	0	15.927	5.288	17	1188276	0	nu-candidate	13	1	1	1	0	0.852	55.2	4	201.22638	157.37064	236.29594	-1.4742633	-15.0	1.0	1.0	0.7	0.0	292.91327	0.0	0.0	0.0	0	1.3986359
mcp2k	18255	1	498851	0	15.941	5.955	17	1181020	0	nu-candidate	7	1	1	1	0	0.981	61.6	8	-187.88033	-82.27576	181.26596	2.416231	-15.0	1.0	0.0	0.7	0.0	529.7706	5.6563315	0.0	5.6563315	3	4.2248254
mcp2k	18255	1	499115	0	15.979	5.658	18	1244060	0	nu-candidate	16	1	1	1	0	1.520	33.0	5	-185.63725	-98.09031	380.75323	2.6004028	-15.0	1.0	0.0	0.7	0.0	312.6245	0.0	0.0	0.0	0	6.5079894
mcp2k	18255	1	499423	0	14.394	5.706	16	1121604	0	nu-candidate	9	1	1	1	0	1.732	24.4	27	-116.51339	-42.15387	426.3747	-0.90600824	-13.822651	1.0	0.0	0.7	0.0	338.96344	58.257294	0.0	58.257294	5	187.33298
mcp2k	18255	1	499511	0	10.823	0.941	12	367904	0	nu-candidate	15	1	1	0	0																		
mcp2k	18255	1	499577	0	21.454	13.630	23	1356472	0	nu-candidate	9	1	1	1	0	1.368	311.5	19	-17.183598	136.84038	313.57376	2.0826595	-11.450506	1.0	0.0	0.7	0.0	1522.3711	74.497	73.8072	0.6898036	2	102.21441
mcp2k	18255	1	500039	0	10.919	1.320	12	449908	0	no-beam-flash	14	0	0	0	0																		
mcp2k	18255	1	500083	0	12.399	5.376	14	1211256	0	nu-candidate	17	1	2	1	0	1.019	28.3	5	-82.16174	22.216541	79.471375	-1.2605555	-7.7296987	1.0	0.0	0.7	0.0	173.09348	0.0	0.0	0.0	0	1.105678
mcp2k	18255	1	500149	0	15.214	7.242	17	1284608	0	nu-candidate	13	1	1	1	0	0.847	151.0	2	18.998072	-35.737392	404.6579	3.32397	-15.0	1.0	0.0	0.7	0.0	590.47205	0.5121387	0.0	0.5121387	1	3.7372723
mcp2k	18255	1	500391	0	10.791	1.457	12	484272	0	no-beam-flash	17	0	0	0	0																		
mcp2k	18255	1	500567	0	12.590	5.731	14	1268056	0	nu-candidate	10	1	1	1	0	2.005	31.3	8	63.644928	100.936455	124.763405	1.4883727	-15.0	1.0	1.0	0.7	0.0	233.09433	11.877641	0.0	11.877641	4	9.532838
mcp2k	18255	1	500589	0	9.382	0.750	11	330336	0	cosmic-tagged	9	1	1	0	0																		
mcp2k	18255	1	500655	0	8.408	1.048	10	393408	0	no-beam-flash	9	0	0	0	0																		
mcp2k	18255	1	500677	0	8.290	0.741	10	342880	0	cosmic-tagged	10	1	1	0	0																		
mcp2k	18255	1	501007	0	8.410	0.966	10	378992	0	no-bundle	15	0	1	0	0																		
mcp2k	18255	1	501315	0	7.270	0.781	9	345980	0	no-beam-flash	9	0	0	0	0																		
mcp2k	18255	1	501711	0	11.995	6.487	14	1179308	0	nu-candidate	10	1	1	1	0	1.079	121.8	26	41.874092	187.23482	40.98147	2.6956394	-15.0	1.0	0.0	0.7	0.0	811.8551	14.647904	0.0	14.647904	7	47.735577
mcp2k	18255	1	502019	0	13.594	8.826	15	1205204	0	nu-candidate	9	1	1	1	0	0.715	131.3	4	-158.7006	-38.344746	66.3911	0.5379394	-15.0	1.0	0.0	0.7	0.0	802.3693	1.1352443	0.0	1.1352443	1	3.983842
mcp2k	18255	1	502085	0	7.625	0.952	9	374236	0	no-bundle	10	0	1	0	0																		
mcp2k	18255	1	502261	0	6.497	1.284	8	428564	0	cosmic-tagged	13	1	1	0	0																		
mcp2k	18255	1	502283	0	5.213	1.169	7	403780	0	cosmic-tagged	9	1	1	0	0																		
mcp2k	18255	1	502525	0	9.503	5.707	11	1199556	0	nu-candidate	16	1	1	1	0	0.782	45.4	5	27.460472	26.4118	294.8823	1.6284502	-15.0	1.0	0.0	0.7	0.0	378.43353	0.0	0.0	0.0	0	5.018691
mcp2k	18255	1	502701	0	2.766	0.542	3	316128	0	cosmic-tagged	6	1	1	0	0																		
mcp2k	18255	1	502833	0	3.955	0.759	4	360948	0	no-bundle	8	0	1	0	0																		
mcp2k	18255	1	502877	0	3.937	0.769	4	351788	0	no-beam-flash	11	0	0	0	0																		
mcp2k	18255	1	502921	0	7.221	5.736	8	1200548	0	nu-candidate	12	1	1	1	0	1.229	60.7	23	145.61757	-166.20694	55.490417	1.9875965	-15.0	1.0	0.0	0.7	0.0	654.2001	1.3682663	0.0	1.3682663	2	33.47522
mcp2k	18255	1	502965	0	3.998	0.911	5	379604	0	cosmic-tagged	10	1	1	0	0																		
